סמל ישוב,שם ישוב,אחוז הצבעה_19,אחוז הצבעה_20,אחוז הצבעה_21,אחוז הצבעה_22,אחוז הצבעה_23,אחוז הצבעה_24,אחוז הצבעה_25,אחוז פסולים_19,אחוז פסולים_20,אחוז פסולים_21,אחוז פסולים_22,אחוז פסולים_23,אחוז פסולים_24,אחוז פסולים_25
0,,,,,,,,,,0.8175652922646728,,,,,
7,שחר,71.68949771689498,73.7527114967462,71.89922480620154,72.92069632495163,74.28023032629558,65.37037037037037,70.94339622641509,3.821656050955414,0.5882352941176471,0.0,0.0,0.0,0.0,0.26595744680851063
10,תירוש,66.11295681063123,71.24183006535948,71.17117117117117,73.79518072289156,76.13293051359517,68.37349397590361,79.76190476190477,1.0050251256281406,1.3761467889908259,0.8438818565400843,0.0,0.0,0.0,0.0
11,"ניר ח""ן",68.8953488372093,72.98050139275766,71.712158808933,70.6896551724138,67.07920792079209,67.6674364896074,67.19101123595506,0.0,0.38167938931297707,0.34602076124567477,0.0,0.0,0.0,0.0
13,חצבה,75.70498915401302,76.37130801687763,80.2788844621514,74.30278884462152,76.30057803468208,71.79962894248608,72.08480565371025,1.146131805157593,0.0,0.0,0.0,1.2626262626262625,0.7751937984496124,0.24509803921568626
15,נועם,68.370607028754,76.66666666666667,71.8543046357616,74.02597402597402,75.07987220447284,67.3913043478261,78.16455696202532,0.9345794392523363,0.8695652173913043,0.9216589861751152,0.43859649122807015,0.425531914893617,0.0,1.214574898785425
16,בית ניר,82.23495702005731,80.90185676392572,77.15617715617715,79.40503432494279,77.95454545454545,75.71743929359823,75.0,0.34843205574912894,0.0,0.0,0.0,0.0,0.2915451895043732,0.273224043715847
18,שדה משה,76.57894736842105,78.6842105263158,76.88442211055276,76.82619647355163,72.9113924050633,75.87064676616916,79.75308641975309,0.0,1.3377926421404682,1.3071895424836601,0.6557377049180327,0.0,0.0,0.30959752321981426
21,באר אורה,81.17647058823529,84.13284132841329,75.63636363636364,72.82229965156795,75.21079258010118,72.26502311248075,67.62295081967213,0.0,0.8771929824561403,0.4807692307692308,0.23923444976076555,0.2242152466367713,0.21321961620469082,0.20202020202020202
22,מקווה ישראל,67.66467065868264,69.23076923076923,67.10526315789474,63.33333333333333,68.87417218543047,71.875,70.70063694267516,0.0,0.0,0.0,0.0,0.0,0.0,0.0
23,אמציה,80.64516129032258,79.62382445141067,73.63636363636363,73.33333333333333,71.89189189189189,65.18987341772153,69.79865771812081,0.0,0.0,0.6172839506172839,0.0,0.0,0.0,0.0
24,לכיש,82.53275109170306,83.09572301425662,81.99643493761141,82.74021352313167,79.79274611398964,77.87021630615641,77.33755942947703,0.26455026455026454,0.7352941176470588,0.0,0.43010752688172044,0.0,0.0,0.0
26,ראש פינה,73.76093294460642,74.65437788018433,73.41930116472545,71.96339434276207,69.43866943866944,66.2631154156578,66.13986566574476,0.592885375494071,0.24691358024691357,0.05665722379603399,0.17341040462427745,0.3592814371257485,0.3045066991473812,0.4181600955794504
27,שדות מיכה,64.8854961832061,73.40823970037454,73.40823970037454,69.77611940298507,75.65543071161048,68.14814814814815,74.90909090909092,0.5882352941176471,0.5102040816326531,0.5102040816326531,0.53475935828877,0.0,0.5434782608695652,0.0
28,מזכרת בתיה,75.1733881325456,79.7481515711645,78.13737803110811,76.42829754601227,77.00189753320683,74.8411455935169,75.2231945549368,0.5467281735861951,0.651890482398957,0.28437190900098913,0.35118525021949076,0.45588960078856583,0.2830072597514458,0.31727379553466506
29,יסוד המעלה,73.59705611775529,76.44959857270295,73.66255144032921,71.0569105691057,71.3258785942492,70.48424289008454,66.32047477744807,0.375,0.2333722287047841,0.22346368715083798,0.8009153318077803,0.4479283314669653,0.0,0.44742729306487694
31,אופקים,59.24090612067088,66.80941052075072,65.4997850900234,66.48297763041143,67.19394773039889,60.95887398284583,68.59842783074093,1.3236510708704845,1.456041782068529,1.1520233321181188,0.9412756392245012,0.7437734561583077,0.7359838372176924,0.7436303791295867
32,עוצם,75.96899224806202,81.56565656565657,76.52582159624414,79.26267281105991,85.04672897196261,78.0,83.15334773218143,0.3401360544217687,0.30959752321981426,0.6134969325153374,0.5813953488372093,0.5494505494505495,0.2849002849002849,0.5194805194805194
33,בת שלמה,78.55227882037534,81.36020151133502,82.87037037037037,77.70114942528735,80.27210884353741,80.76923076923077,73.80410022779044,1.3651877133105803,0.9287925696594427,0.8379888268156425,0.0,0.0,0.5602240896358543,0.30864197530864196
35,גדות,64.77272727272727,68.45070422535211,66.31016042780749,65.22911051212938,65.76086956521739,65.59139784946237,66.04774535809018,0.0,0.0,0.8064516129032258,0.4132231404958678,0.0,0.4098360655737705,0.0
36,שדה דוד,63.75404530744336,68.8135593220339,75.69620253164557,75.66265060240964,78.72340425531915,72.14285714285714,81.29175946547885,1.015228426395939,1.9704433497536946,0.0,0.3184713375796179,0.3003003003003003,0.33003300330033003,1.095890410958904
37,איתן,73.35526315789474,82.25806451612904,77.23342939481267,79.37853107344633,78.28571428571428,73.77049180327869,82.36842105263158,0.4484304932735426,0.39215686274509803,0.3731343283582089,0.0,0.36496350364963503,0.0,0.3194888178913738
39,גפן,73.09236947791165,78.17460317460318,73.62204724409449,80.07518796992481,84.21052631578947,76.66666666666667,82.5925925925926,0.5494505494505495,1.5228426395939088,1.06951871657754,0.9389671361502347,0.0,0.4830917874396135,0.0
41,אליכין,73.55119825708061,79.50386335908905,76.26339969372128,76.41618497109826,75.9208995734781,73.82218844984803,75.77919639504319,0.7109004739336493,0.8695652173913043,0.8032128514056224,0.5547150781643975,0.10214504596527069,0.3088008234688626,0.7928642220019821
43,מטולה,65.41635408852213,66.0,65.27875793930839,59.11016949152542,60.47486033519554,58.719346049046315,54.2686962276638,0.45871559633027525,0.3246753246753247,0.21621621621621623,0.4778972520908005,0.4618937644341801,0.34802784222737815,0.4878048780487805
44,זוהר,69.77611940298507,73.52941176470588,76.40449438202246,75.09433962264151,76.89393939393939,71.74721189591078,73.51778656126481,1.06951871657754,0.5,0.49019607843137253,0.0,0.0,1.5544041450777202,0.0
46,יבנאל,72.95850066934403,75.74468085106383,67.29383506805445,71.59455128205127,69.44333199839807,65.83754372328022,70.02583979328165,0.6116207951070336,0.5056179775280899,0.3569303985722784,0.27979854504756574,0.40369088811995385,0.6493506493506493,1.3178703215603584
47,כפר תבור,73.56093687971416,75.29622980251347,75.01510574018127,72.8387675740353,72.54610350981558,70.62064965197216,69.8781524511193,0.37776578521316784,0.14306151645207438,0.3624647603705195,0.12320328542094457,0.08200082000820008,0.20533880903490762,0.527169505271695
48,מנחמיה,63.41463414634146,67.98679867986799,65.91397849462366,63.62660944206009,65.0485436893204,60.42553191489362,65.18987341772153,0.5244755244755245,0.9708737864077669,0.6525285481239804,0.33726812816188867,0.4975124378109453,0.17605633802816903,0.48543689320388345
49,אילניה,68.55036855036855,70.82352941176471,69.63123644251627,67.3913043478261,66.01731601731602,67.82608695652173,64.4880174291939,1.0752688172043012,0.9966777408637874,0.3115264797507788,0.0,0.0,0.3205128205128205,1.3513513513513513
52,לוזית,71.52542372881356,77.74647887323944,73.80410022779044,75.3880266075388,77.9475982532751,69.6842105263158,78.10650887573965,0.47393364928909953,0.0,0.6172839506172839,0.29411764705882354,0.2801120448179272,0.0,0.5050505050505051
53,עתלית,66.73474018606763,70.93543575538035,71.80879956545357,71.59471365638767,71.89663908123627,70.27577561892824,72.46397694524495,0.7480448826929615,0.5106638630219285,0.6303580433686334,0.5906965296578882,0.2583979328165375,0.2229654403567447,0.3976933784052496
55,נוגה,61.38888888888889,73.15789473684211,71.67919799498746,68.55036855036855,72.6161369193154,66.34382566585957,74.48275862068967,1.3574660633484164,0.3597122302158274,0.0,0.35842293906810035,0.0,0.0,0.30864197530864196
57,כנרת (קבוצה),67.04918032786885,69.3522906793049,66.61392405063292,69.4620253164557,68.92744479495269,67.39469578783151,64.84018264840182,0.24449877750611246,0.22779043280182232,0.23752969121140144,0.0,0.0,0.23148148148148145,0.4694835680751174
58,מצפה,77.20588235294117,79.52755905511812,78.03030303030303,69.11764705882352,70.76923076923077,72.03389830508475,75.22123893805309,1.9047619047619049,0.0,0.0,0.0,0.0,0.0,0.0
59,נחושה,86.74418604651163,83.11444652908068,82.48974008207935,77.50325097529259,78.25537294563844,76.80288461538461,73.82022471910112,0.2680965147453083,0.2257336343115124,0.16583747927031509,0.5033557046979865,0.16155088852988692,0.1564945226917058,0.30441400304414
62,דגניה א',67.66355140186916,70.22900763358778,71.26213592233009,65.1750972762646,66.6015625,68.3495145631068,64.76190476190476,1.1049723756906076,0.5434782608695652,0.0,0.0,0.2932551319648094,0.0,0.5882352941176471
63,כנרת (מושבה),70.37861915367483,75.42372881355932,73.12859884836853,69.54022988505747,72.10626185958255,68.97196261682244,67.92114695340501,1.2658227848101267,0.5617977528089888,0.5249343832020997,0.5509641873278237,0.7894736842105263,0.0,0.5277044854881267
64,"יד רמב""ם",73.03070761014686,78.36107554417413,75.65947242206235,75.23584905660378,77.37397420867526,72.66355140186917,76.5375854214123,0.9140767824497258,0.6535947712418301,0.31695721077654515,0.0,0.15151515151515152,0.482315112540193,0.1488095238095238
65,מגדל,62.51053074978938,67.61229314420804,67.29106628242076,65.75539568345323,66.66666666666666,62.64808362369338,66.57590197413207,0.40431266846361186,0.2331002331002331,0.10706638115631692,0.437636761487965,0.2136752136752137,0.778642936596218,0.2044989775051125
66,מרחביה (קיבוץ),75.47408343868521,75.41766109785203,73.1981981981982,71.71717171717171,72.1132897603486,70.74468085106383,69.05263157894737,0.5025125628140703,0.7911392405063291,0.15384615384615385,0.3129890453834116,0.6042296072507553,0.30075187969924816,1.2195121951219512
67,אור הנר,76.953125,77.89473684210526,81.75787728026535,77.0358306188925,76.13636363636364,77.28,76.34920634920634,0.25380710659898476,0.22522522522522523,0.0,0.21141649048625794,0.0,0.4140786749482402,0.0
69,ניר עוז,75.51622418879056,78.19767441860465,75.07598784194529,69.23076923076923,74.16413373860182,72.89156626506023,73.25227963525836,0.390625,0.37174721189591076,0.0,0.4444444444444444,0.819672131147541,0.8264462809917356,0.8298755186721992
70,אשדוד,62.98028372204857,67.655544000047,66.14198052130834,65.50683671523595,66.07966667783698,61.62107857285585,64.38795493552789,1.4316528909844046,1.68656910851535,0.9422238866948114,0.6917808219178082,0.5865796658017293,0.5917905944027598,0.6433313113535588
71,אשבול,71.05263157894737,73.46278317152104,78.62407862407862,76.7156862745098,76.66666666666667,73.5576923076923,77.88018433179722,0.5291005291005291,0.881057268722467,0.3125,0.0,1.2422360248447204,0.0,0.0
72,גן שמואל,76.22461170848268,79.03981264637002,77.15269804822043,78.17142857142856,77.38231917336394,77.86697247706422,76.37614678899082,0.1567398119122257,0.5925925925925926,0.1488095238095238,0.0,0.1483679525222552,0.14727540500736377,0.15015015015015015
74,עין הוד,70.93596059113301,74.5575221238938,74.39516129032258,72.17741935483872,70.76612903225806,69.86301369863014,64.47876447876449,0.6944444444444444,0.2967359050445104,0.0,0.27932960893854747,0.2849002849002849,0.0,0.29940119760479045
76,כפר גלעדי,65.85820895522389,67.1559633027523,63.70106761565836,62.61022927689594,63.716814159292035,61.2736660929432,59.89847715736041,0.84985835694051,1.092896174863388,0.0,0.0,0.2777777777777778,0.0,0.0
77,איילת השחר,72.11538461538461,72.87287287287288,73.27586206896551,69.65601965601965,71.760391198044,70.84870848708486,71.42857142857143,0.6666666666666667,1.3736263736263736,0.16806722689075632,0.1763668430335097,0.34071550255536626,0.3472222222222222,0.3389830508474576
78,קרית ענבים,76.36363636363637,78.15699658703072,72.36842105263158,68.30065359477125,67.21311475409836,64.32926829268293,61.86186186186187,1.4285714285714286,0.0,0.0,0.0,0.0,0.0,0.0
79,דגניה ב',75.0996015936255,77.3764258555133,78.1651376146789,72.66187050359713,71.25220458553791,71.15384615384616,68.18950930626058,0.5305039787798408,0.7371007371007371,0.4694835680751174,0.49504950495049505,0.24752475247524752,0.0,0.0
80,נהלל,75.98736176935229,77.92792792792793,76.14424410540916,75.47169811320755,75.77388963660835,76.30890052356021,74.16267942583733,0.8316008316008316,0.1926782273603083,0.7285974499089253,0.35714285714285715,0.3552397868561279,0.0,0.3225806451612903
82,עין חרוד (מאוחד),70.60561299852289,71.42857142857143,72.20588235294117,73.73887240356083,72.51461988304094,71.67630057803468,68.15561959654178,0.8368200836820083,0.4123711340206186,0.6109979633401221,0.0,0.0,0.4032258064516129,0.21141649048625794
84,תל יוסף,73.52941176470588,77.7479892761394,77.35849056603774,73.9247311827957,74.86486486486487,74.79674796747967,71.53846153846153,0.36363636363636365,0.3448275862068966,0.0,1.090909090909091,0.0,0.0,0.0
85,כפר יחזקאל,79.62962962962963,82.71236959761549,81.74157303370787,80.24691358024691,81.84319119669877,80.6275579809004,79.42332896461338,0.1937984496124031,0.9009009009009009,0.1718213058419244,0.0,0.33613445378151263,0.338409475465313,0.49504950495049505
86,גבע,75.4980079681275,75.82846003898635,71.94656488549617,72.79693486590038,73.15175097276264,73.09160305343512,68.28793774319067,0.5277044854881267,0.5141388174807198,0.0,0.0,0.0,0.0,0.0
89,עין חרוד (איחוד),76.27118644067797,77.54716981132076,75.76335877862596,72.44701348747591,73.11411992263056,74.26900584795322,72.13438735177866,0.24691358024691357,0.24330900243309003,0.5037783375314862,0.26595744680851063,0.5291005291005291,0.0,0.547945205479452
90,חפצי-בה,72.54901960784314,73.5576923076923,74.20494699646643,76.32508833922262,73.28646748681898,73.04964539007092,70.01703577512777,0.33783783783783783,0.9803921568627451,0.2380952380952381,0.23148148148148145,0.9592326139088728,0.24271844660194172,0.48661800486618007
92,גיניגר,73.33333333333333,71.26865671641791,70.990990990991,71.64179104477611,70.18518518518519,70.23593466424683,65.76576576576578,0.5509641873278237,0.2617801047120419,0.0,0.5208333333333333,0.5277044854881267,0.2583979328165375,1.095890410958904
94,בלפוריה,75.91463414634147,80.0,82.23350253807106,81.93384223918575,82.75,78.80952380952381,77.72397094430993,0.0,0.3676470588235294,0.0,0.0,0.6042296072507553,0.0,0.3115264797507788
95,בית אלפא,71.15072933549432,73.66071428571429,72.26890756302521,71.79054054054053,69.56521739130434,71.4041095890411,71.54696132596685,0.9111617312072893,1.2121212121212122,0.46511627906976744,0.7058823529411765,0.2403846153846154,0.7194244604316548,0.9652509652509652
96,יגור,69.74921630094045,70.61611374407583,69.50672645739911,69.69471332836932,68.14486326681448,66.44736842105263,63.74018558172734,0.44943820224719105,0.44742729306487694,0.10752688172043011,0.2136752136752137,0.10845986984815618,0.22002200220022,0.33594624860022393
97,מרחביה (מושב),76.75350701402806,78.72763419483101,75.9927797833935,76.19893428063943,75.87412587412588,72.83531409168081,71.97346600331676,0.0,0.5050505050505051,0.23752969121140144,1.1655011655011656,0.0,0.0,0.0
98,"כפר מל""ל",80.64516129032258,82.98611111111111,81.44329896907216,81.40350877192982,79.35943060498221,79.64285714285714,76.92307692307693,0.4444444444444444,1.2552301255230125,0.0,0.0,0.0,0.0,0.0
99,מצפה רמון,58.70818915801615,60.9392575928009,57.77173913043478,56.95616662129049,57.7819956616052,50.40431266846361,53.089061246322544,2.5540275049115913,1.2921089063221043,0.9877704609595485,0.8126195028680689,0.9854528390427029,0.53475935828877,1.057934508816121
102,מאיר שפיה,52.52525252525253,53.2608695652174,50.943396226415096,53.38983050847458,48.214285714285715,50.43478260869565,42.96875,0.0,0.0,0.0,1.5873015873015872,3.7037037037037033,3.4482758620689653,3.6363636363636362
103,תל עדשים,76.66195190947667,81.73333333333333,80.42959427207637,77.77777777777779,76.47058823529412,79.25840092699885,74.38752783964365,0.5535055350553505,0.1631321370309951,0.2967359050445104,0.1519756838905775,0.0,0.7309941520467835,0.29940119760479045
104,מזרע,73.21156773211568,72.82442748091603,73.52941176470588,71.44948755490483,72.48908296943232,71.91489361702128,69.75748930099857,1.2474012474012475,0.41928721174004197,0.0,0.20491803278688525,0.2008032128514056,0.0,0.0
106,כפר גדעון,73.07692307692307,77.84431137724552,80.21978021978022,76.92307692307693,72.82608695652173,71.95767195767195,71.09004739336493,0.0,0.0,0.684931506849315,0.0,0.0,0.7352941176470588,0.0
107,כפר סילבר,56.00000000000001,56.043956043956044,40.963855421686745,36.08247422680412,39.08045977011494,41.86046511627907,32.94117647058823,0.0,0.0,0.0,0.0,0.0,0.0,0.0
112,כפר חסידים א',79.04191616766467,78.44311377245509,76.26459143968872,76.16279069767442,74.95183044315993,74.38330170777988,70.4460966542751,0.5050505050505051,0.2544529262086514,0.0,0.2544529262086514,0.0,0.25510204081632654,0.0
113,אדירים,82.4468085106383,77.99043062200957,76.08695652173914,83.04347826086956,78.54077253218884,76.92307692307693,75.31914893617021,0.0,1.8404907975460123,0.0,0.0,0.0,0.0,0.5649717514124294
115,חופית,76.69064748201438,78.52062588904694,71.80192572214581,70.69199457259158,71.0204081632653,75.32808398950131,72.84263959390863,0.37523452157598497,0.18115942028985507,0.0,0.0,0.38314176245210724,0.34843205574912894,1.0452961672473868
122,רמת ישי,76.04387146430633,77.54463464016197,75.69714084009883,74.12180052956752,74.57032620133288,73.64181662382177,72.68949468085107,0.4554655870445344,0.4035129361500119,0.3497318722312894,0.21433674684448678,0.4233301975540922,0.3025366534791715,0.41161673908072266
126,שריד,71.74515235457064,73.03988995873453,72.70306258322236,73.00531914893617,71.48541114058355,69.89528795811518,69.04145077720207,0.7722007722007722,0.7532956685499058,0.18315018315018314,0.546448087431694,0.0,0.0,0.18761726078799248
127,רמת רחל,76.875,80.43478260869566,79.55182072829132,79.3296089385475,81.92090395480226,80.89887640449437,78.8300835654596,0.40650406504065045,0.0,0.0,0.0,0.0,0.0,0.0
128,גת רימון,73.4375,77.94871794871796,74.11167512690355,74.24242424242425,73.26732673267327,76.58536585365854,73.95833333333334,0.7092198581560284,0.0,0.0,0.0,0.0,0.0,0.0
130,משמר העמק,76.28865979381443,74.44933920704845,76.33262260127933,75.60462670872765,75.18401682439537,77.1097046413502,76.25133120340789,0.3003003003003003,0.2958579881656805,0.13966480446927373,0.0,0.0,0.13679890560875513,0.41899441340782123
132,כפר ברוך,78.839590443686,78.35365853658537,79.28176795580112,80.38674033149171,77.56756756756756,75.2659574468085,77.06422018348624,0.0,0.38910505836575876,0.0,0.0,0.0,0.35335689045936397,0.2976190476190476
133,גבת,81.05939004815409,83.85093167701864,81.20411160058737,82.23201174743025,81.20411160058737,80.43478260869566,81.05413105413105,0.39603960396039606,0.9259259259259258,0.18083182640144665,0.17857142857142858,0.3616636528028933,0.36036036036036034,0.17574692442882248
134,יפעת,75.29411764705883,77.52808988764045,74.1656365883807,76.99757869249395,76.11580217129071,75.02958579881657,75.64102564102564,0.1953125,0.0,0.5,1.729559748427673,0.31695721077654515,0.15772870662460567,0.15408320493066258
135,רמת דוד,89.52380952380953,77.52161383285303,80.45977011494253,81.12676056338029,79.44444444444444,77.86666666666666,75.4950495049505,1.0638297872340425,0.7434944237918215,0.7142857142857143,0.6944444444444444,0.34965034965034963,0.0,0.0
139,עין שמר,73.1833910034602,74.48979591836735,75.17361111111111,72.91311754684838,72.61904761904762,71.74280879864637,71.36222910216719,0.0,0.0,0.9237875288683602,0.23364485981308408,0.0,0.4716981132075472,0.0
140,כפר יהושע,82.17967599410898,83.02687411598303,80.33775633293125,78.98550724637681,81.0843373493976,77.34741784037558,77.22222222222223,0.8960573476702508,0.34071550255536626,0.0,0.0,0.5943536404160475,0.30349013657056145,0.0
141,ברק,69.96587030716724,72.34726688102894,71.76079734219269,74.18300653594771,72.03947368421053,66.22950819672131,74.07407407407408,1.4634146341463417,0.4444444444444444,0.0,0.4405286343612335,0.45662100456621,0.49504950495049505,0.45454545454545453
142,שדה יעקב,85.46845124282983,84.16370106761566,82.08469055374593,78.91373801916933,79.93630573248409,77.88018433179722,78.09239940387481,0.22371364653243847,0.0,0.0,0.0,0.199203187250996,0.19723865877712032,0.38167938931297707
143,בית זרע,72.76051188299817,69.79166666666666,62.398703403565634,61.57635467980296,61.69154228855721,61.04928457869634,63.11605723370429,1.0050251256281406,0.0,0.2597402597402597,0.0,0.0,0.78125,0.2518891687657431
144,גן שלמה,76.48648648648648,80.21108179419525,83.12342569269522,80.15075376884423,80.75,80.38740920096852,77.72397094430993,0.0,0.9868421052631579,0.30303030303030304,0.3134796238244514,0.0,0.30120481927710846,0.3115264797507788
145,גדיש,67.85714285714286,76.06177606177607,70.54545454545455,68.36363636363636,74.46808510638297,70.52631578947368,74.20494699646643,0.5847953216374269,2.5380710659898478,0.0,0.0,0.0,0.0,0.4761904761904762
146,דבורה,71.9298245614035,74.42922374429224,70.0,71.73913043478261,68.85964912280701,64.70588235294117,61.504424778761056,0.0,1.2269938650306749,0.0,0.0,1.910828025477707,0.0,0.0
147,גבעת ברנר,75.82480091012515,75.69367369589345,75.02651113467657,75.30666666666667,73.67859049652962,75.73333333333333,74.36297451898076,0.6001500375093773,0.43988269794721413,0.0706713780918728,0.28328611898017,0.14492753623188406,0.21126760563380279,0.2097902097902098
154,תל מונד,74.29454447729104,77.75707898658717,76.61804430037817,75.71673085151905,74.8262792166772,73.69224506411561,74.72748135398739,0.7234581298607343,0.46318479476122026,0.35255958256945424,0.3955919751342187,0.23920078795553681,0.29001519127192377,0.2943058221369162
155,באר טוביה,83.93442622950819,81.84568835098335,80.99489795918367,82.48447204968944,79.57920792079209,80.53204353083434,79.26972909305064,0.9765625,0.0,0.15748031496062992,0.0,0.3110419906687403,0.0,0.1485884101040119
156,עיינות,70.12987012987013,59.09090909090909,48.62385321100918,38.970588235294116,43.47826086956522,32.55813953488372,31.506849315068493,0.0,1.9230769230769231,0.0,0.0,0.0,2.380952380952381,0.0
157,עין ורד,83.45473465140478,83.82936507936508,81.26721763085399,80.56828597616865,77.94117647058823,80.37135278514589,75.88591184096802,0.24937655860349126,0.1183431952662722,0.11299435028248588,0.22753128555176336,0.3537735849056604,0.44004400440044,0.11389521640091116
158,נען,76.0777683854607,75.35387177352206,76.89335394126738,75.75289575289575,76.3177998472116,74.8314606741573,73.42709104367135,0.0,0.5524861878453038,0.4020100502512563,0.10193679918450561,0.20020020020020018,0.10010010010010009,0.10080645161290322
159,בית חנן,78.2,81.22866894197952,78.84615384615384,77.39463601532567,77.15930902111324,77.66990291262135,74.21259842519686,0.7672634271099744,0.0,0.24390243902439024,0.0,0.0,0.0,0.0
160,חולדה,73.73134328358208,83.88349514563107,84.48,81.33748055987559,81.58295281582953,82.11009174311926,77.52808988764045,0.8097165991902834,0.23148148148148145,0.0,0.19120458891013384,0.18656716417910446,0.37243947858473,0.0
162,חירות,83.90941597139452,84.51536643026006,82.34660925726588,81.43776824034335,81.10151187904968,80.70739549839229,77.57009345794393,0.0,0.13986013986013987,0.130718954248366,0.0,0.0,0.0,0.0
163,תימורים,77.77777777777779,77.62938230383973,78.63924050632912,74.84276729559748,74.08,71.45135566188198,71.69811320754717,0.6593406593406593,0.0,0.0,0.0,0.21598272138228944,0.2232142857142857,0.8771929824561403
164,מלאה,83.40248962655602,78.19548872180451,81.15942028985508,77.6978417266187,84.78260869565217,79.42238267148014,77.6173285198556,0.0,0.4807692307692308,0.0,0.4629629629629629,0.8547008547008548,0.45454545454545453,0.0
165,ניר יפה,73.00275482093664,81.00263852242745,74.6268656716418,73.0392156862745,77.06855791962175,71.33182844243792,72.45119305856834,0.37735849056603776,0.0,0.33333333333333337,0.0,0.3067484662576687,0.0,0.29940119760479045
166,גן יבנה,73.57233739989522,77.178221264168,75.63082238262695,74.52322738386307,74.84120742846773,71.90396957451865,73.97394512335715,0.7426246185147508,0.6396972700243265,0.45680724365772085,0.4921259842519685,0.3394762366634336,0.33884297520661155,0.3896205096236266
167,עין החורש,78.61538461538461,80.96676737160121,81.89781021897811,79.97118155619597,76.76056338028168,76.22478386167147,75.69444444444444,0.3913894324853229,0.3731343283582089,0.17825311942959002,0.0,0.3669724770642202,0.3780718336483932,0.1834862385321101
168,כפר יונה,71.91574724172519,76.57631540803015,73.99701860133516,73.05709255533199,73.64336385133086,71.46929699526768,73.76659606343958,0.6866216071236991,0.7855385197804278,0.6569151265656478,0.4389362251484637,0.5104561172402436,0.430793777423215,0.4972336998389243
170,כפר יעבץ,78.5876993166287,81.20950323974083,78.95878524945769,79.35483870967742,79.957805907173,77.23577235772358,73.79454926624737,2.0289855072463765,0.5319148936170213,0.0,0.0,0.79155672823219,0.5263157894736842,0.2840909090909091
171,פרדסיה,75.60247387502666,78.30788804071247,77.29468599033817,75.63614506111,75.58441558441558,75.7796451914099,76.47673810768426,0.4231311706629055,0.4332520985648524,0.3125,0.18543046357615894,0.26434047052603754,0.1232134056185313,0.2734107997265892
173,גבעת חיים (מאוחד),77.52293577981652,79.14746543778803,76.74943566591422,75.25195968645016,75.0281214848144,75.33632286995515,73.2824427480916,0.14792899408284024,0.727802037845706,0.4411764705882353,0.1488095238095238,0.0,0.0,0.2976190476190476
174,נטעים,80.68669527896995,80.33826638477801,77.05223880597015,76.28676470588235,76.29233511586453,76.44991212653778,75.16891891891892,0.7978723404255319,0.0,0.24213075060532688,0.48192771084337355,0.23364485981308408,0.0,0.22471910112359553
175,אביחיל,76.15546218487394,77.44994731296102,76.64609053497942,74.49186991869918,74.66937945066124,75.73904179408767,70.7193515704154,0.9655172413793104,0.40816326530612246,0.1342281879194631,0.1364256480218281,0.13623978201634876,0.0,0.5730659025787965
176,אפיקים,68.25705939629991,69.56106870229007,68.79039704524469,66.08133086876155,67.49539594843462,66.63619744058501,66.19850187265918,0.28530670470756064,0.9602194787379973,0.1342281879194631,0.4195804195804196,0.2728512960436562,0.411522633744856,0.2828854314002829
177,"כפר ביל""ו",77.85977859778598,81.52562574493444,80.87557603686636,78.45622119815668,79.12844036697247,77.7019340159272,77.85467128027682,0.47393364928909953,0.5847953216374269,0.5698005698005698,0.14684287812041116,0.0,0.14641288433382138,0.14814814814814814
178,רמת יוחנן,70.2523240371846,71.08585858585859,70.49576783555018,67.8743961352657,68.65315852205006,67.85290628707,67.74941995359629,0.3780718336483932,0.3552397868561279,0.17152658662092624,0.1779359430604982,0.1736111111111111,0.17482517482517482,0.3424657534246575
182,אבן יהודה,76.83092224231464,79.13317401694547,77.10769856605309,75.8328285887341,76.1852038248616,74.4626558052802,73.78492154611558,0.5589879376287143,0.49416609471516815,0.2637826431020839,0.1597444089456869,0.356718192627824,0.276789244760775,0.2463692946058091
183,ירקונה,76.42857142857142,81.59722222222221,75.2411575562701,72.9903536977492,73.05194805194806,74.27652733118971,72.49190938511327,0.0,0.425531914893617,0.4273504273504274,0.0,0.0,0.0,0.0
184,רמת הכובש,75.41528239202658,77.93880837359099,77.67584097859327,79.81790591805766,79.52167414050822,76.79882525697504,76.29310344827587,0.4405286343612335,0.2066115702479339,0.0,0.0,0.0,0.0,0.3766478342749529
186,נעורים,47.16981132075472,50.318471337579616,43.35260115606936,37.43589743589744,41.95402298850575,40.828402366863905,39.24050632911392,1.3333333333333335,0.0,0.0,1.36986301369863,0.0,2.898550724637681,1.6129032258064515
187,כפר הס,78.65786578657867,79.2016806722689,77.01149425287356,77.06945765937203,76.14068441064639,75.98130841121495,76.56982193064667,0.27972027972027974,0.2652519893899204,0.0,0.0,0.0,0.12300123001230012,0.0
188,אשדות יעקב  (מאוח,69.00726392251816,69.81132075471697,69.56521739130434,66.86046511627907,69.61538461538461,65.46112115732369,66.77685950413223,1.0526315789473684,0.0,0.8522727272727272,0.2898550724637681,0.0,0.0,0.24752475247524752
189,כפר פינס,86.4306784660767,85.63218390804597,84.67741935483872,80.31914893617021,82.67716535433071,79.48717948717949,78.94736842105263,0.6825938566552902,0.33557046979865773,0.31746031746031744,0.0,0.6349206349206349,1.6129032258064515,0.9523809523809524
190,כפר ויתקין,80.07518796992481,80.16224188790561,77.16927453769559,75.53495007132668,76.05432451751251,75.42735042735043,73.19944598337949,0.3755868544600939,0.45998160073597055,0.2764976958525346,0.18885741265344666,0.37593984962406013,0.0,0.3784295175023652
191,הדר עם,83.56807511737088,84.11633109619687,83.52941176470588,80.82191780821918,80.03875968992247,78.05343511450383,77.06422018348624,0.2808988764044944,0.0,0.2347417840375587,0.0,0.24213075060532688,0.0,0.0
192,כפר החורש,76.0,78.58823529411765,78.10526315789474,74.94780793319416,74.15966386554622,76.56903765690377,78.07933194154488,0.0,0.8982035928143712,0.5390835579514826,0.5571030640668524,0.56657223796034,0.0,0.0
193,כפר חיים,80.81534772182253,81.75,78.36538461538461,78.43601895734598,80.69767441860465,78.65429234338747,77.75229357798165,1.1869436201780417,0.3058103975535168,0.3067484662576687,0.0,0.2881844380403458,0.2949852507374631,0.2949852507374631
194,משמר השרון,67.70186335403726,67.58349705304518,67.12328767123287,67.57281553398057,67.76699029126215,68.46153846153847,64.79690522243715,0.0,0.0,0.0,0.0,0.0,0.0,0.2985074626865672
195,קדימה-צורן,74.43406547168223,77.81963384314021,76.13747954173486,75.74893009985735,75.47984026793765,74.34285714285714,74.21589854624187,0.6105144149236857,0.5421628424823313,0.3009458297506449,0.2054442732408834,0.2389282361976278,0.31599624220684946,0.2917396015670584
196,גיבתון,82.45614035087719,84.64912280701753,77.82101167315176,79.61538461538461,81.88679245283019,81.07142857142857,78.26086956521739,0.5319148936170213,0.0,0.0,0.0,0.4608294930875576,0.0,0.0
197,מעברות,77.14285714285715,79.04761904761905,79.75543478260869,76.96476964769647,75.80645161290323,77.58620689655173,73.95973154362416,0.1763668430335097,0.0,0.5110732538330494,0.17605633802816903,0.0,0.0,0.3629764065335753
198,צופית,78.63818424566088,78.63695937090432,74.96855345911949,73.75621890547264,74.71839799749687,73.45238095238096,73.1934731934732,0.0,0.0,0.0,0.0,0.0,0.1620745542949757,0.0
199,אשדות יעקב  (איחו,69.10420475319927,73.97034596375617,74.84662576687117,73.57032457496136,71.580547112462,71.87039764359352,69.8389458272328,0.26455026455026454,0.22271714922048996,0.20491803278688525,0.0,0.0,0.20491803278688525,0.20964360587002098
200,בית ינאי,73.13915857605178,69.1588785046729,63.84364820846905,63.6963696369637,64.64646464646465,65.42372881355932,65.25974025974025,0.0,0.0,0.0,0.0,0.0,0.5181347150259068,0.0
202,בית עובד,81.27490039840637,84.26966292134831,75.31380753138075,76.30522088353415,74.8,75.19685039370079,72.94117647058823,0.9803921568627451,0.0,0.0,0.0,0.0,0.0,0.5376344086021506
204,אלישיב,77.728285077951,83.08351177730194,77.58985200845666,75.58886509635975,74.6268656716418,76.55601659751036,77.25409836065575,1.146131805157593,0.25773195876288657,0.0,0.28328611898017,0.0,0.27100271002710025,0.0
205,חגלה,82.48847926267281,83.70044052863436,81.96392785571143,79.2490118577075,79.12524850894633,79.53667953667953,74.36823104693141,0.27932960893854747,0.5263157894736842,0.24449877750611246,0.0,0.0,1.4563106796116505,0.24271844660194172
206,רמות השבים,76.86567164179104,76.95238095238095,77.35191637630662,74.93584260051325,76.13344739093242,77.36486486486487,75.8361204013378,0.3640776699029126,0.49504950495049505,0.22522522522522523,0.1141552511415525,0.11235955056179776,0.0,0.2205071664829107
207,"גבעת ח""ן",84.51612903225806,84.2809364548495,86.53198653198653,82.83828382838284,82.72425249169434,82.0945945945946,82.45614035087719,0.38167938931297707,1.1904761904761905,0.0,0.796812749003984,0.4016064257028112,0.0,0.0
208,מוצא עילית,68.92086330935253,71.00840336134453,73.11111111111111,70.86092715231787,72.98787210584344,69.14103923647932,69.43765281173594,0.20876826722338201,0.7889546351084813,0.1519756838905775,0.0,0.1510574018126888,0.0,0.5868544600938966
212,בית צבי,,,57.35294117647059,48.64864864864865,48.529411764705884,48.4375,58.46153846153847,,,0.0,0.0,0.0,0.0,2.631578947368421
213,משמרות,77.15231788079471,79.95642701525054,79.5774647887324,79.82905982905983,81.65289256198346,81.15501519756839,79.15531335149863,0.0,0.544959128065395,0.22123893805309736,0.0,0.0,0.0,0.0
217,"כפר הרא""ה",85.32934131736528,84.6262341325811,82.00836820083683,79.69821673525377,78.27260458839406,75.81699346405229,77.29658792650919,0.17543859649122806,0.16666666666666669,0.0,0.0,0.3448275862068966,0.1724137931034483,0.5093378607809848
218,גני עם,88.23529411764706,80.0,80.18867924528303,78.77358490566037,78.77358490566037,81.77570093457945,81.42857142857143,0.0,0.0,0.0,0.0,0.0,1.1428571428571428,0.5847953216374269
219,חיבת ציון,81.6867469879518,85.71428571428571,81.75675675675676,82.14285714285714,79.9554565701559,82.73092369477911,79.2910447761194,0.2949852507374631,1.1494252873563218,0.0,0.2717391304347826,0.0,0.0,0.0
220,כפר ביאליק,70.93596059113301,76.2589928057554,77.35042735042735,76.43312101910828,73.76344086021506,71.21212121212122,74.47257383966245,1.0416666666666665,0.3144654088050315,0.2762430939226519,0.0,2.0408163265306123,0.303951367781155,0.28328611898017
223,עין עירון,81.99445983379502,83.54755784061697,83.94160583941606,81.48148148148148,80.40201005025126,80.2439024390244,75.65011820330969,0.0,0.0,0.5797101449275363,0.0,0.3125,0.303951367781155,0.0
224,שושנת העמקים,64.30062630480167,72.37687366167023,71.10609480812641,70.62780269058297,71.0467706013363,69.79865771812081,71.78329571106094,0.3246753246753247,0.591715976331361,0.0,1.2698412698412698,0.6269592476489028,0.0,0.3144654088050315
225,גן השומרון,77.8169014084507,78.47222222222221,76.89822294022616,79.93630573248409,77.58346581875993,76.15262321144675,74.61059190031153,0.0,0.0,0.0,0.0,0.4098360655737705,0.0,0.0
229,גני תקווה,76.47934499441756,79.1016466936805,78.65840632343516,77.91117279666898,78.01452127298636,75.42117737492794,75.79598881152175,0.6082725060827251,0.6430517711171663,0.32590983161325365,0.2761200676939521,0.3218230842828564,0.37370477322914897,0.25125628140703515
230,מעש,78.22085889570552,80.02915451895043,78.77906976744185,78.4570596797671,77.55102040816327,78.1763826606876,74.65857359635811,0.19607843137254902,0.7285974499089253,0.18450184501845018,0.7421150278293136,0.18796992481203006,0.19120458891013384,0.0
232,שפיים,77.72727272727272,78.80794701986756,79.30327868852459,76.93089430894308,76.46464646464646,77.69002961500495,78.02303262955854,0.29239766081871343,0.2801120448179272,0.12919896640826875,0.26420079260237783,0.13210039630118892,0.25412960609911056,0.12300123001230012
233,כפר ידידיה,84.10041841004184,81.59509202453987,82.36514522821577,81.61157024793388,81.72484599589322,78.74493927125506,75.34246575342466,0.0,0.2506265664160401,0.2518891687657431,0.25316455696202533,0.0,0.0,0.5194805194805194
234,ביצרון,82.76315789473684,82.61405672009865,80.13698630136986,78.70894677236693,80.42744656917885,78.98876404494382,76.10722610722611,0.47694753577106513,0.5970149253731344,0.2849002849002849,0.0,0.5594405594405595,0.1422475106685633,0.0
235,חבצלת השרון,67.05539358600583,65.40697674418605,66.3716814159292,62.7906976744186,65.11627906976744,62.4633431085044,61.47058823529412,0.43478260869565216,2.666666666666667,0.8888888888888888,0.9259259259259258,0.0,0.0,0.0
237,שער העמקים,77.96296296296296,78.88086642599278,78.76588021778585,78.98550724637681,79.2418772563177,79.14438502673798,77.40213523131672,0.0,0.2288329519450801,0.2304147465437788,0.0,0.45558086560364464,0.0,0.9195402298850575
239,גן חיים,81.59392789373814,84.83685220729367,81.75046554934823,79.88929889298892,79.17448405253283,80.26070763500931,79.59558823529412,0.46511627906976744,0.6787330316742082,0.0,0.0,0.0,0.9280742459396751,0.6928406466512702
240,יקנעם עילית,68.40194533872183,72.33780543133062,69.92114370000567,69.44895104895105,69.40909593891779,67.17242874173621,67.5540062325041,1.3719206889645503,1.1378908699937282,0.7383367139959433,0.6041565973900435,0.5579912315663611,0.5082284607938045,0.617670054730258
241,יקנעם (מושבה),78.04621848739495,77.65306122448979,77.70069375619426,75.83497053045186,72.91666666666666,76.52259332023576,74.28851815505398,0.5383580080753702,0.5256241787122208,0.12755102040816327,0.1295336787564767,0.27210884353741494,0.0,0.0
242,בית השיטה,72.2672064777328,74.55268389662028,74.52107279693486,73.79576107899807,72.82296650717703,73.52657004830918,70.02854424357756,0.2801120448179272,0.8,0.6426735218508998,0.13054830287206268,0.657030223390276,0.7884362680683311,0.5434782608695652
246,נתיבות,73.28977709454266,76.46053449347421,75.02544360369929,75.59038027435318,76.34978748474519,70.33366633366633,75.54853369310516,1.101206082852648,1.083790557474768,0.6959598938366264,0.6661689542295987,0.48503555090117395,0.5795125276972899,0.44175008224070683
247,רשפון,77.81649245063879,76.28635346756153,78.43137254901961,78.14645308924484,77.79043280182233,76.51006711409396,73.36956521739131,0.2985074626865672,0.2932551319648094,0.0,0.5856515373352855,0.7320644216691069,0.0,0.14814814814814814
248,בית שערים,85.17699115044249,86.80851063829788,81.104033970276,80.63157894736842,81.51950718685832,76.2,74.7148288973384,0.2597402597402597,0.0,0.7853403141361256,0.26109660574412535,0.2518891687657431,0.0,0.2544529262086514
249,כפר סירקין,79.85781990521326,79.5749704840614,80.20725388601036,83.1101956745623,79.93827160493827,79.57532861476238,79.37937937937937,1.0385756676557862,0.44510385756676557,0.0,0.37174721189591076,0.0,0.25412960609911056,0.12610340479192939
250,הזורע,67.52941176470588,70.16706443914082,70.63492063492063,70.18909899888766,67.439293598234,69.70362239297475,67.93893129770993,0.6968641114982579,0.3401360544217687,0.32102728731942215,0.15847860538827258,0.16366612111292964,0.0,0.16051364365971107
252,ביתן אהרן,72.05882352941177,67.88321167883211,76.11111111111111,38.860103626943,36.15023474178404,40.80717488789238,36.25,1.0204081632653061,1.0752688172043012,0.7299270072992701,0.0,0.0,0.0,0.0
253,חולתה,73.58490566037736,76.34961439588689,75.11627906976744,74.43946188340807,73.14410480349345,72.66811279826464,72.40663900414937,0.3663003663003663,0.33670033670033667,0.30959752321981426,0.0,0.2985074626865672,0.0,0.0
254,כפר המכבי,69.23076923076923,69.20415224913495,70.81967213114754,69.05537459283387,70.03257328990227,69.30379746835443,72.75541795665634,0.5050505050505051,0.0,0.0,0.0,0.0,0.45662100456621,0.0
255,כפר חיטים,71.33333333333334,73.1006160164271,68.52589641434263,67.72908366533864,67.71653543307087,66.28131021194605,64.25925925925927,0.0,0.2808988764044944,0.29069767441860467,0.0,0.0,0.0,0.2881844380403458
256,ניר דוד (תל עמל),77.32142857142857,76.94974003466204,78.85245901639344,74.59016393442623,76.09046849757674,76.32,71.9188767550702,0.4618937644341801,0.0,0.4158004158004158,0.0,0.21231422505307856,0.0,0.8676789587852495
257,נופך,70.12578616352201,77.81065088757396,80.96446700507614,82.56410256410255,83.54755784061697,77.77777777777779,81.77339901477832,0.0,0.0,1.2539184952978055,0.0,0.0,0.0,0.9036144578313252
259,שדה נחום,70.34482758620689,74.30939226519338,77.57575757575758,72.63969171483622,72.85974499089252,72.30514096185739,69.68011126564673,0.49019607843137253,0.7434944237918215,0.26041666666666663,0.5305039787798408,0.25,0.22935779816513763,0.7984031936127743
262,גינוסר,67.97520661157024,71.67630057803468,70.8029197080292,69.1743119266055,68.83116883116884,61.95652173913043,70.55655296229803,0.60790273556231,1.6129032258064515,0.0,0.5305039787798408,0.2695417789757413,0.29239766081871343,0.7633587786259541
263,מסדה,61.811023622047244,69.43396226415094,69.02985074626866,64.70588235294117,63.46863468634686,63.003663003663,61.37931034482759,0.0,0.0,0.0,0.5681818181818182,0.0,0.0,0.0
264,שער הגולן,74.85148514851485,75.39682539682539,79.91886409736308,73.63083164300203,74.48979591836735,74.84662576687117,70.61224489795919,1.0582010582010581,1.0526315789473684,0.0,0.0,0.0,0.546448087431694,0.0
265,בית יוסף,56.074766355140184,60.371517027863774,71.98879551820728,66.93989071038251,68.39237057220708,58.19672131147541,72.89972899728997,1.6666666666666667,2.051282051282051,0.7782101167315175,0.0,0.398406374501992,0.0,0.37174721189591076
267,כפר שמריהו,67.37338044758539,68.5017026106697,65.3969957081545,63.49036402569593,65.02100840336135,64.69355683603982,64.11704312114989,1.2237762237762237,0.7456503728251864,0.6562756357670222,0.6745362563237773,0.24232633279483037,0.24291497975708504,0.4803843074459567
268,טירת צבי,78.94736842105263,79.73231357552581,80.76923076923077,75.72254335260115,78.10077519379846,77.99227799227799,75.62277580071174,0.4761904761904762,0.4796163069544364,0.2380952380952381,2.035623409669211,0.7444168734491315,0.0,0.2352941176470588
269,מולדת,77.67857142857143,80.2037845705968,78.27715355805243,72.72727272727273,73.56181150550796,71.91943127962085,68.51642129105323,0.5747126436781609,0.5444646098003629,0.0,0.5208333333333333,0.0,0.0,0.1652892561983471
270,עין השופט,64.13043478260869,64.3281807372176,60.710194730813285,59.88636363636364,59.548022598870055,61.839080459770116,58.855885588558856,0.9416195856873822,0.18484288354898337,0.0,0.3795066413662239,0.0,0.18587360594795538,0.1869158878504673
272,מעוז חיים,64.64891041162227,64.63963963963964,66.37931034482759,61.935483870967744,61.601642710472284,60.66252587991718,60.72144288577155,0.7490636704119851,0.34843205574912894,0.3246753246753247,0.0,0.0,0.0,0.0
273,עין גב,62.5560538116592,69.21397379912663,67.98336798336798,66.11226611226611,66.80497925311202,66.80584551148226,63.8477801268499,0.7168458781362007,0.0,0.0,0.3144654088050315,0.0,0.3125,0.6622516556291391
274,כפר מנחם,76.02409638554218,78.45373891001267,76.73888255416192,76.21744054360136,75.11261261261262,74.86095661846495,73.29787234042553,0.0,0.32310177705977383,0.1485884101040119,0.1485884101040119,0.29985007496251875,0.2971768202080238,0.29027576197387517
276,צור משה,80.8433734939759,79.54815695600476,77.94843664289633,78.30601092896174,77.26293103448276,76.69291338582677,75.1906456532791,0.37257824143070045,0.14947683109118087,0.422237860661506,0.13956734124214934,0.1394700139470014,0.0,0.1352265043948614
278,אושה,68.84272997032642,72.30320699708454,74.10468319559229,69.97319034852548,70.65217391304348,72.25130890052355,71.712158808933,1.7241379310344827,0.0,0.0,0.0,0.0,0.0,0.6920415224913495
280,חניתה,63.580246913580254,65.66091954022988,53.708791208791204,63.873626373626365,62.7260083449235,62.290502793296085,61.57024793388429,0.7281553398058253,0.2188183807439825,0.0,0.0,0.0,0.0,0.0
281,פקיעין חדשה,66.015625,73.66548042704626,78.86435331230284,79.6923076923077,83.59133126934985,76.19047619047619,79.43661971830987,0.591715976331361,0.0,0.4,0.0,0.3703703703703704,0.0,0.3546099290780142
282,שבי ציון,73.45013477088949,73.18059299191376,72.80092592592592,70.04555808656036,69.54545454545455,69.29046563192904,66.20762711864407,0.3669724770642202,0.0,0.47694753577106513,0.16260162601626016,0.0,0.0,0.0
284,שדה ורבורג,80.29504741833509,81.16402116402116,78.98477157360406,74.2,73.44689378757515,75.65130260521042,72.32580961727183,0.5249343832020997,0.2607561929595828,0.12853470437017994,0.13477088948787064,0.1364256480218281,0.13245033112582782,0.5427408412483039
285,אלונים,76.2278978388998,78.91682785299807,77.38791423001949,78.1496062992126,73.5812133072407,78.34645669291339,75.81573896353166,0.25773195876288657,1.2254901960784315,0.2518891687657431,0.2518891687657431,0.26595744680851063,0.5025125628140703,0.5063291139240507
286,מעלה החמישה,65.48463356973994,70.56451612903226,70.47101449275362,72.5314183123878,69.76351351351352,71.95121951219512,71.81663837011885,0.0,0.2857142857142857,0.0,0.24752475247524752,0.0,0.0,0.2364066193853428
287,תל יצחק,83.28313253012048,84.5925925925926,81.44796380090497,81.90184049079755,80.73394495412845,32.668711656441715,33.52855051244509,1.0849909584086799,0.7005253940455342,0.5555555555555556,0.7490636704119851,2.462121212121212,0.9389671361502347,0.8733624454148471
288,בית יהושע,79.53846153846153,80.18154311649016,76.67597765363129,75.21126760563381,75.17531556802244,75.62913907284768,73.3921815889029,0.5802707930367506,0.18867924528301888,0.18214936247723132,0.37453183520599254,0.3731343283582089,0.0,0.5154639175257731
289,עין המפרץ,78.29457364341084,77.82874617737004,79.7979797979798,74.25320056899004,77.24039829302988,76.0778859527121,73.53342428376534,0.19801980198019803,0.0,0.0,0.0,0.0,0.5484460694698354,0.3710575139146568
290,מעין צבי,71.35678391959799,71.9155844155844,71.64404223227753,73.10549777117384,72.0059880239521,70.41420118343196,70.46783625730994,0.4694835680751174,0.2257336343115124,0.21052631578947367,0.20325203252032523,0.6237006237006237,0.0,0.2074688796680498
292,שרונה,79.62529274004683,80.13856812933025,79.23250564334086,77.57847533632287,78.99543378995433,77.64976958525345,75.51020408163265,0.29411764705882354,0.2881844380403458,0.2849002849002849,0.0,0.2890173410404624,0.0,0.3003003003003003
293,שדה יואב,79.92277992277992,81.38686131386861,79.67479674796748,80.9651474530831,79.58656330749353,79.48717948717949,76.13065326633166,0.0,0.0,0.0,0.33112582781456956,0.0,0.6451612903225806,0.33003300330033003
294,אילון,75.16512549537649,78.1456953642384,77.96817625458996,74.60317460317461,75.82417582417582,73.23775388291517,72.66514806378133,0.35149384885764495,0.1694915254237288,0.0,0.0,0.322061191626409,0.1631321370309951,0.0
295,כפר רופין,67.5,67.67676767676768,69.68911917098445,65.79634464751958,66.75126903553299,71.0,68.07980049875312,0.3703703703703704,0.0,0.0,0.0,0.0,0.0,1.098901098901099
296,נווה איתן,62.735849056603776,61.572052401746724,64.8936170212766,62.903225806451616,65.44502617801047,58.69565217391305,62.63157894736842,0.7518796992481203,0.7092198581560284,0.819672131147541,0.0,0.0,0.0,0.8403361344537815
297,כפר מסריק,73.57001972386587,74.75915221579962,70.05163511187608,65.48821548821549,68.28046744574291,71.47651006711409,69.51612903225806,0.2680965147453083,0.5154639175257731,0.4914004914004914,0.0,0.0,0.0,0.0
298,מסילות,64.40677966101694,67.10816777041943,66.66666666666666,65.82568807339449,64.65116279069767,64.59770114942529,64.30205949656751,0.3289473684210526,0.0,0.3472222222222222,0.34843205574912894,0.0,0.0,0.7117437722419928
300,דליה,73.43283582089552,77.91044776119404,75.6838905775076,72.96466973886328,75.45454545454545,75.66765578635015,72.46376811594203,0.8130081300813009,0.0,0.4016064257028112,0.0,0.0,0.0,0.0
301,בית עוזיאל,69.97578692493947,76.95852534562212,72.13822894168467,72.3175965665236,76.57266811279827,69.97885835095138,76.82672233820459,0.6920415224913495,0.29940119760479045,0.0,0.2967359050445104,0.0,0.0,0.2717391304347826
302,דפנה,79.27272727272727,80.14440433212997,80.66783831282952,78.88307155322862,77.10843373493977,74.03685092127303,72.61538461538461,0.0,0.45045045045045046,0.0,0.22123893805309736,0.2232142857142857,0.0,0.0
303,דן,73.26086956521739,76.44539614561027,76.85009487666035,77.46212121212122,72.24334600760456,75.18796992481202,72.55985267034991,1.1869436201780417,0.2801120448179272,0.0,0.4889975550122249,0.2631578947368421,0.25,0.0
304,שדה אליהו,65.54621848739495,66.16161616161617,65.37216828478964,57.886178861788615,61.48867313915858,61.58631415241057,61.23076923076923,1.282051282051282,0.0,0.49504950495049505,0.2808988764044944,0.7894736842105263,0.0,0.5025125628140703
305,גשר,67.04545454545455,66.9047619047619,63.8755980861244,60.09615384615385,63.19612590799032,62.779156327543426,61.97530864197531,0.6779661016949152,0.0,1.8726591760299627,0.8,0.7662835249042145,0.7905138339920948,0.398406374501992
306,שדמות דבורה,78.84615384615384,82.36607142857143,81.32780082987551,81.26272912423626,80.3347280334728,79.87551867219918,78.18181818181819,0.0,0.27100271002710025,0.0,0.0,0.26041666666666663,0.2597402597402597,0.2583979328165375
307,הזורעים,78.53982300884957,84.05172413793103,82.13592233009709,81.51750972762646,82.52427184466019,83.30206378986867,77.73913043478261,0.5633802816901409,0.0,0.2364066193853428,0.0,0.2352941176470588,0.6756756756756757,0.0
308,מחניים,68.50961538461539,73.44753747323341,73.44632768361582,69.49458483754512,68.760907504363,69.44908180300501,68.93039049235993,0.7017543859649122,0.2915451895043732,0.2564102564102564,0.7792207792207793,0.25380710659898476,0.0,0.24630541871921183
309,נהורה,69.64285714285714,76.04049493813272,74.60484720758693,75.57894736842105,76.57563025210085,71.3097713097713,73.86831275720165,0.3418803418803419,0.4437869822485207,0.14124293785310735,0.4178272980501393,0.2743484224965706,0.1457725947521866,0.2785515320334262
310,כפר גליקסון,72.24334600760456,74.61538461538461,76.70250896057348,75.88652482269504,75.35211267605634,76.65505226480836,71.1340206185567,0.5263157894736842,1.0309278350515463,0.46728971962616817,0.0,0.0,0.0,0.0
311,גן שורק,76.19047619047619,80.5668016194332,75.57251908396947,76.22641509433963,78.03030303030303,74.16974169741697,74.06015037593986,0.5208333333333333,0.5025125628140703,0.0,0.0,0.0,0.0,0.5076142131979695
312,נווה ים,73.97260273972603,79.51219512195122,72.98578199052133,77.51196172248804,75.23809523809524,72.85714285714285,73.45971563981043,0.0,0.0,0.6493506493506493,0.0,0.0,0.0,0.0
313,אפק,71.60804020100502,73.8498789346247,76.76767676767676,73.44064386317908,76.52859960552269,75.91522157996147,76.83823529411765,0.3508771929824561,0.0,0.7894736842105263,0.0,0.7731958762886598,0.0,0.4784688995215311
315,נגבה,67.96747967479675,68.362480127186,70.48458149779736,68.75891583452211,68.67816091954023,67.55994358251057,65.42699724517907,0.23923444976076555,0.0,0.0,0.2074688796680498,0.20920502092050208,0.20876826722338201,0.21052631578947367
316,כפר נטר,79.88165680473372,80.95238095238095,82.14285714285714,78.18428184281842,79.05027932960894,78.90961262553802,77.05382436260622,0.5555555555555556,0.0,0.16722408026755853,0.0,0.35335689045936397,0.18181818181818182,0.0
317,בית אורן,63.80597014925373,68.92857142857143,65.56291390728477,66.77524429967427,64.797507788162,66.27218934911244,63.96648044692738,0.5847953216374269,0.0,0.0,0.0,0.4807692307692308,0.0,0.0
318,עמיעוז,60.19900497512438,70.79207920792079,64.25120772946859,66.02870813397129,67.3076923076923,62.149532710280376,73.09417040358744,1.6528925619834711,0.0,0.0,0.0,0.7142857142857143,0.0,0.0
319,עמיר,73.46072186836517,73.57293868921776,74.10358565737052,71.9758064516129,71.19675456389453,72.96222664015905,70.48872180451127,0.5780346820809248,0.0,0.0,0.0,0.8547008547008548,0.0,0.0
320,כפר ורבורג,80.28985507246377,80.8108108108108,79.80416156670746,79.60927960927961,77.05521472392638,77.64705882352942,76.43610785463072,0.18050541516245489,0.16722408026755853,0.15337423312883436,0.0,0.0,0.0,0.15337423312883436
322,בית הלל,73.89558232931726,74.33460076045627,74.26086956521739,70.82601054481546,69.76744186046511,70.75306479859896,67.5,0.0,0.0,0.936768149882904,0.0,0.7692307692307693,0.24752475247524752,0.24691358024691357
324,שאר ישוב,76.8361581920904,80.25,75.76470588235294,70.44917257683215,71.73396674584322,72.88135593220339,71.76470588235294,0.3676470588235294,0.0,0.0,0.0,0.0,0.33222591362126247,0.0
325,מצובה,66.85159500693482,72.07207207207207,74.75728155339806,69.54436450839329,68.16568047337277,66.51053864168618,67.57369614512471,0.4149377593360996,0.35714285714285715,0.16233766233766234,0.0,0.1736111111111111,0.0,0.0
326,בית יצחק-שער חפר,79.36102236421725,80.58132343846628,78.59801488833746,76.78018575851394,76.76272225628449,77.87878787878788,76.29674306393245,0.5636070853462157,0.3069838833461243,0.15785319652722968,0.3225806451612903,0.07987220447284345,0.1556420233463035,0.6324110671936759
327,שדות ים,78.23240589198036,81.31868131868131,83.1896551724138,82.6647564469914,80.53221288515407,82.13296398891967,80.50734312416556,0.6276150627615062,0.0,0.0,0.5199306759098787,0.0,0.0,0.16583747927031509
329,שדה נחמיה,76.90875232774674,78.31513260530421,78.2312925170068,77.31543624161074,75.92592592592592,72.47474747474747,69.79293544457978,0.0,0.0,0.0,0.1736111111111111,0.0,0.0,0.17452006980802792
330,אלומות,68.20083682008368,68.6046511627907,72.75641025641025,68.64686468646865,70.0,64.87341772151899,68.46846846846847,1.2269938650306749,0.0,0.0,0.0,0.0,0.0,0.43859649122807015
331,ניר צבי,79.1907514450867,78.177727784027,80.32608695652173,77.92349726775957,74.77777777777777,78.45303867403315,75.69988801791713,0.583941605839416,0.28776978417266186,0.13531799729364005,0.0,0.1485884101040119,0.0,0.14792899408284024
334,קבוצת יבנה,75.0,74.72527472527473,74.91694352159467,72.95492487479132,73.68421052631578,73.75415282392026,69.39799331103679,0.2178649237472767,0.0,0.4434589800443459,0.2288329519450801,0.2304147465437788,0.22522522522522523,0.24096385542168677
335,רמת השופט,71.63934426229508,71.69811320754717,71.72701949860725,70.87378640776699,70.94133697135061,70.65948855989232,67.61786600496278,0.4576659038901602,0.0,0.3883495145631068,0.3913894324853229,0.576923076923077,0.38095238095238093,0.5504587155963303
336,דורות,73.0,74.85380116959064,75.86206896551724,73.32123411978222,73.6462093862816,74.50628366247756,71.1304347826087,1.095890410958904,0.5208333333333333,0.23923444976076555,0.0,0.0,0.24096385542168677,0.0
338,איבים,11.864406779661017,39.285714285714285,5.0,22.429906542056074,27.77777777777778,28.985507246376812,34.57446808510639,0.0,2.5974025974025974,0.0,0.0,0.0,0.0,0.0
339,רמת צבי,79.84496124031007,83.29113924050633,83.82022471910112,83.6322869955157,79.5964125560538,83.76068376068376,79.09836065573771,0.3236245954692557,0.0,0.0,0.0,0.28169014084507044,0.25510204081632654,0.2590673575129534
340,גת (קיבוץ),70.917225950783,70.48832271762208,72.72727272727273,71.8132854578097,72.3404255319149,70.73578595317726,70.1923076923077,0.9463722397476341,0.30120481927710846,0.0,0.25,0.24509803921568626,0.0,0.228310502283105
342,גברעם,74.06143344709898,71.28378378378379,76.875,73.58490566037736,75.63291139240506,80.6930693069307,80.42959427207637,0.0,0.0,0.0,0.0,0.41841004184100417,0.3067484662576687,0.2967359050445104
343,חמדיה,71.80327868852459,72.06349206349206,70.84745762711864,73.33333333333333,69.05537459283387,69.71608832807571,68.95522388059702,0.91324200913242,0.4405286343612335,0.4784688995215311,0.0,0.0,0.4524886877828055,0.8658008658008658
344,מענית,81.72484599589322,84.5360824742268,82.56029684601113,81.02189781021897,80.97826086956522,81.70515097690941,80.27210884353741,0.7537688442211055,0.4878048780487805,0.0,0.22522522522522523,0.0,0.6521739130434783,0.211864406779661
345,כפר סאלד,73.08584686774941,75.16930022573364,74.63002114164905,72.3360655737705,75.2988047808765,74.01574803149606,70.91932457786116,0.6349206349206349,0.0,0.84985835694051,0.84985835694051,0.26455026455026454,1.8617021276595744,0.7936507936507936
346,גליל ים,79.6116504854369,85.22012578616352,78.90173410404624,75.86206896551724,78.125,78.18696883852692,77.07182320441989,0.0,0.7380073800738007,1.098901098901099,0.7575757575757576,0.0,0.0,0.35842293906810035
347,מנרה,70.37037037037037,64.18604651162791,68.54460093896714,71.22641509433963,66.98113207547169,70.0,65.25821596244131,0.6578947368421052,0.7246376811594203,0.684931506849315,0.0,0.7042253521126761,0.0,0.0
348,ניר עם,58.18181818181818,63.716814159292035,65.1948051948052,67.35751295336787,64.6766169154229,64.74820143884892,68.69565217391305,1.5625,0.4629629629629629,0.0,0.0,0.0,0.7407407407407408,0.0
351,ניצן,77.88595271210013,79.82832618025752,80.71748878923766,78.10480976310123,80.08504606661941,76.16822429906543,75.6926952141058,0.5357142857142857,0.0,0.4629629629629629,0.1838235294117647,0.08849557522123894,0.26292725679228746,0.33277870216306155
352,גבולות,60.526315789473685,60.43956043956044,66.66666666666666,62.66666666666667,64.05228758169935,62.06896551724138,58.25825825825825,0.0,2.4242424242424243,0.0,0.5319148936170213,0.0,0.0,0.0
353,בית זיד,48.148148148148145,62.96296296296296,61.94690265486725,64.91228070175438,65.48672566371681,57.14285714285714,63.888888888888886,1.9230769230769231,0.0,0.0,6.756756756756757,1.3513513513513513,0.0,1.4492753623188406
354,רביבים,64.83180428134557,66.51917404129793,63.50574712643679,62.42857142857143,60.40172166427546,61.65730337078652,57.202216066481995,0.9433962264150944,0.0,0.4524886877828055,0.6864988558352403,0.4750593824228029,0.45558086560364464,0.0
355,חורשים,64.77272727272727,67.3992673992674,67.82006920415225,67.3469387755102,66.21621621621621,66.77852348993288,67.75244299674267,0.0,0.0,0.0,0.0,0.0,0.0,0.0
356,הגושרים,72.05882352941177,73.66548042704626,75.23809523809524,70.9119496855346,70.50691244239631,71.24463519313305,70.47496790757381,0.7653061224489796,0.0,0.42194092827004215,0.4434589800443459,0.8714596949891068,0.0,0.18214936247723132
357,כפר בלום,66.11295681063123,70.07751937984497,70.31463748290014,67.95580110497238,67.72413793103448,68.2626538987688,68.65671641791045,0.7537688442211055,0.22123893805309736,0.7782101167315175,0.40650406504065045,0.0,0.4008016032064128,0.592885375494071
358,יד מרדכי,69.87577639751554,73.61111111111111,75.68345323741006,77.08933717579251,70.20648967551622,68.74074074074073,69.6551724137931,0.2222222222222222,0.0,0.19011406844106463,0.7476635514018692,0.21008403361344538,0.0,0.19801980198019803
359,ניצנים,74.93036211699165,76.16279069767442,75.98784194528876,73.19884726224784,74.05247813411079,77.19298245614034,79.7752808988764,0.37174721189591076,0.7633587786259541,0.4,0.0,0.7874015748031495,0.0,0.0
360,"גבעת ניל""י",79.15567282321899,80.8252427184466,83.56481481481481,76.33410672853829,77.67653758542141,76.8018018018018,76.45739910313901,0.6666666666666667,0.0,0.0,0.0,0.0,0.0,0.2932551319648094
362,רוחמה,67.09956709956711,66.73960612691467,70.28112449799197,69.12350597609563,70.5179282868526,70.63339731285988,66.72727272727272,0.3225806451612903,1.3114754098360655,0.2857142857142857,0.0,0.5649717514124294,0.0,0.2724795640326975
363,חפץ חיים,84.40860215053763,87.85046728971963,88.01169590643275,84.77611940298507,85.37313432835822,84.05797101449275,83.24324324324324,0.0,0.3546099290780142,0.0,0.0,0.0,0.3448275862068966,0.3246753246753247
364,כפר אוריה,77.8688524590164,80.56112224448898,79.33579335793358,78.37338262476895,78.68852459016394,75.97765363128491,78.22141560798548,0.2631578947368421,0.0,0.23255813953488372,0.0,0.4629629629629629,0.24509803921568626,0.0
365,בית קשת,68.40579710144927,72.88557213930348,74.05857740585773,73.54166666666667,72.26890756302521,70.76271186440678,68.95161290322581,0.0,1.023890784982935,0.5649717514124294,0.0,0.0,0.0,0.5847953216374269
366,שמיר,68.20987654320987,71.55824508320727,77.00296735905044,73.45132743362832,68.62170087976538,72.5179856115108,69.3069306930693,0.22624434389140274,0.21141649048625794,0.0,0.0,0.0,0.0,0.40816326530612246
367,עין העמק,66.73076923076923,75.76853526220614,80.1056338028169,79.82905982905983,80.16949152542374,76.45107794361525,79.26634768740031,2.0172910662824206,0.7159904534606205,0.0,0.0,0.42283298097251587,0.0,0.0
368,ביריה,71.92028985507247,74.44253859348198,74.14965986394559,73.3108108108108,71.97986577181209,69.74789915966386,71.36150234741784,0.7556675062972292,0.9216589861751152,0.22935779816513763,0.0,0.0,0.24096385542168677,0.21929824561403508
369,גלעד (אבן יצחק),69.82758620689656,75.97765363128491,75.2659574468085,74.05405405405405,76.96476964769647,79.56403269754769,77.71739130434783,0.0,0.3676470588235294,0.0,0.0,0.0,0.684931506849315,0.0
370,גזר,50.429799426934096,53.65168539325843,52.72727272727272,53.246753246753244,53.76623376623376,53.865979381443296,52.88220551378446,0.0,0.0,0.49261083743842365,0.4878048780487805,0.4830917874396135,0.0,0.0
372,רמות נפתלי,72.7047146401985,72.44655581947742,75.11627906976744,72.20956719817767,69.42528735632185,65.52511415525115,64.42516268980476,0.6825938566552902,0.6557377049180327,0.9287925696594427,0.9463722397476341,0.33112582781456956,0.6968641114982579,0.6734006734006733
373,בית הלוי,82.0675105485232,81.87134502923976,81.31021194605009,80.30018761726079,79.182156133829,77.6536312849162,76.47058823529412,0.2570694087403599,0.2380952380952381,0.23696682464454977,0.23364485981308408,0.4694835680751174,0.0,0.0
374,חוקוק,65.35433070866141,69.45812807881774,68.98876404494382,67.17724288840262,65.08620689655173,64.87068965517241,66.86868686868686,0.0,0.7092198581560284,0.0,0.0,0.0,0.0,0.6042296072507553
375,מגל,83.89458272327965,83.68200836820083,81.6708229426434,80.25,77.69516728624535,82.02653799758745,77.48868778280543,0.34904013961605584,0.5,0.0,0.0,0.1594896331738437,0.0,0.0
376,עברון,73.94822006472492,79.64169381107492,79.36746987951807,78.59281437125748,76.37444279346211,75.65597667638484,74.28571428571429,0.6564551422319475,0.81799591002045,0.0,0.19047619047619047,0.0,0.1926782273603083,0.38461538461538464
377,המעפיל,78.4452296819788,77.05779334500875,77.31629392971246,75.07936507936508,77.67295597484278,74.41497659906396,74.19354838709677,0.22522522522522523,0.45454545454545453,0.0,0.21141649048625794,0.0,0.20964360587002098,0.0
378,משגב עם,62.857142857142854,70.33898305084746,66.02316602316603,68.25396825396825,65.25096525096525,67.31517509727627,65.07352941176471,0.7575757575757576,1.2048192771084338,0.0,1.1627906976744187,0.591715976331361,0.0,1.1299435028248588
379,גאולים,69.76744186046511,81.60741885625966,78.17109144542773,76.34252539912917,73.9507959479016,72.57142857142857,73.37031900138696,1.1111111111111112,1.1363636363636365,0.5660377358490566,0.38022813688212925,0.3913894324853229,0.19685039370078738,0.1890359168241966
380,להבות הבשן,68.25396825396825,73.60890302066773,72.8486646884273,69.32153392330383,71.46974063400576,69.90014265335235,64.94413407821229,0.0,0.4319654427645789,0.40733197556008144,0.425531914893617,0.4032258064516129,0.20408163265306123,1.2903225806451613
382,מכמורת,69.81891348088531,70.86538461538461,70.04784688995215,67.39336492890995,66.41148325358853,69.01408450704226,67.73017319963537,0.5763688760806917,0.40705563093622793,0.1366120218579235,0.2812939521800281,0.5763688760806917,0.0,0.13458950201884254
383,"עין הנצי""ב",80.42959427207637,77.62237762237763,79.72972972972973,73.58490566037736,76.26728110599078,71.82448036951502,71.46118721461188,0.8902077151335311,0.0,0.0,0.3205128205128205,0.0,0.6430868167202572,0.0
385,עמיעד,66.10576923076923,64.35406698564593,63.3177570093458,63.888888888888886,61.94895591647332,60.544217687074834,59.830866807610995,0.36363636363636365,0.0,0.7380073800738007,0.36231884057971014,0.37453183520599254,0.0,0.35335689045936397
386,בני דרור,70.44573643410853,72.14700193423597,80.17928286852589,80.02028397565924,80.0203873598369,58.673469387755105,53.230769230769226,0.41265474552957354,0.6702412868632708,1.3664596273291925,0.12674271229404308,0.3821656050955414,0.17391304347826086,0.1926782273603083
387,כפר מונש,80.32786885245902,79.44983818770227,76.4423076923077,78.82165605095541,73.40764331210191,74.43729903536978,75.16025641025641,0.20408163265306123,0.6109979633401221,0.20964360587002098,0.0,0.0,0.4319654427645789,0.0
388,כפר קיש,68.76876876876878,74.33155080213903,75.23148148148148,71.98177676537586,72.62443438914026,71.58119658119658,68.83910386965377,0.43668122270742354,0.7194244604316548,1.2307692307692308,0.31645569620253167,0.9345794392523363,0.8955223880597015,0.2958579881656805
389,בצרה,79.50937950937951,80.4630969609262,75.0,77.22007722007721,74.51235370611184,73.88535031847134,74.29274292742927,0.18148820326678766,0.539568345323741,0.1718213058419244,0.0,0.34904013961605584,0.3448275862068966,0.16556291390728478
390,רגבה,77.4234693877551,76.83956574185767,76.2081784386617,71.69344870210136,74.19354838709677,72.53269916765755,73.01401869158879,0.3294892915980231,0.47095761381475665,0.6504065040650406,0.0,0.322061191626409,0.16393442622950818,0.32
393,גלאון,68.04123711340206,68.04123711340206,69.04231625835189,69.73684210526315,69.57446808510637,69.13319238900634,70.41666666666667,0.7575757575757576,0.7575757575757576,0.0,0.0,0.3058103975535168,0.3058103975535168,0.2958579881656805
394,שובל,69.31407942238266,73.86363636363636,78.31715210355988,78.96440129449837,71.97452229299363,71.99367088607595,72.24806201550388,0.5208333333333333,0.5128205128205128,0.4132231404958678,0.4098360655737705,0.22123893805309736,0.0,0.2145922746781116
395,משמר הנגב,65.58533145275035,66.9836956521739,67.44791666666666,67.6962676962677,67.00251889168766,67.2749391727494,65.12166859791425,0.43010752688172044,0.6085192697768762,0.19305019305019305,0.5703422053231939,0.18796992481203006,0.18083182640144665,0.5338078291814947
396,נבטים,77.22007722007721,81.66383701188455,78.16411682892907,76.31935047361299,76.43835616438356,76.45536869340232,79.24050632911393,0.75,0.6237006237006237,0.5338078291814947,0.0,0.0,0.5076142131979695,0.1597444089456869
397,חצרים,72.69180754226268,76.30208333333334,75.39975399753997,72.30392156862744,73.41463414634146,75.67567567567568,72.95673076923077,0.0,0.0,0.1631321370309951,0.1694915254237288,0.4983388704318937,0.0,0.0
398,שרשרת,77.19298245614034,78.16593886462883,75.8893280632411,77.55102040816327,80.47808764940238,71.21212121212122,75.35714285714286,1.1363636363636365,1.1173184357541899,0.0,0.0,0.49504950495049505,0.0,0.0
399,בארי,79.74683544303798,83.2089552238806,79.62085308056872,76.17370892018779,78.52112676056338,79.85781990521326,77.18277066356228,0.6349206349206349,0.29895366218236175,0.1488095238095238,0.15408320493066258,0.0,0.0,0.301659125188537
400,אבן שמואל,87.63102725366876,89.07849829351537,86.79678530424799,86.33333333333333,86.29385964912281,83.74233128834356,84.65855940130963,0.9569377990430622,0.5747126436781609,0.26455026455026454,0.5148005148005148,0.25412960609911056,0.1221001221001221,0.11049723756906078
402,ניר יצחק,68.97163120567376,67.31448763250883,66.49572649572649,66.89895470383276,64.12078152753108,66.26297577854672,65.41889483065954,0.7712082262210797,0.0,0.2570694087403599,0.5208333333333333,0.2770083102493075,0.5221932114882507,1.08991825613079
403,אורים,58.12356979405035,61.32075471698113,57.23830734966593,54.97737556561086,53.125,52.77161862527716,53.77969762419006,0.7874015748031495,1.5384615384615385,0.38910505836575876,0.823045267489712,0.42016806722689076,0.8403361344537815,0.8032128514056224
405,נווה אילן,69.00489396411092,69.9290780141844,71.865889212828,69.56521739130434,69.82758620689656,69.39351198871651,68.75,0.0,0.2028397565922921,0.0,0.20833333333333334,0.411522633744856,0.20325203252032523,0.1976284584980237
406,חצור-אשדוד,70.68676716917923,71.17834394904459,70.9090909090909,67.81954887218045,71.81008902077151,71.30044843049326,69.84126984126983,0.9478672985781991,0.22371364653243847,0.0,0.0,0.2066115702479339,0.628930817610063,0.2066115702479339
407,דברת,73.38709677419355,69.36170212765957,68.21192052980133,69.32907348242811,70.33639143730886,72.91066282420749,69.35483870967742,1.6483516483516485,1.2269938650306749,0.48543689320388345,0.4608294930875576,0.8695652173913043,0.0,0.0
408,נאות מרדכי,70.34764826175869,70.9812108559499,73.87033398821218,68.56581532416503,71.15009746588694,72.22222222222221,71.05751391465677,0.5813953488372093,0.0,0.0,0.28653295128939826,0.273972602739726,0.0,1.0443864229765014
409,יחיעם,72.279792746114,69.74248927038627,87.52260397830018,66.90777576853526,69.44937833037301,69.35201401050787,65.20325203252033,0.0,0.0,0.2066115702479339,1.3513513513513513,0.7672634271099744,0.7575757575757576,0.7481296758104738
413,צאלים,69.6969696969697,75.93582887700535,74.18546365914787,69.42355889724311,68.78172588832487,68.89460154241645,65.38461538461539,0.3952569169960474,0.0,0.0,0.0,0.0,0.0,0.39215686274509803
414,קלחים,73.70242214532871,77.39938080495357,83.14285714285714,80.11204481792717,82.46575342465754,74.79892761394102,78.06788511749347,0.4694835680751174,0.4,0.3436426116838488,0.0,0.0,0.35842293906810035,0.33444816053511706
415,שוקדה,73.19587628865979,81.5,80.45977011494253,80.89887640449437,84.35114503816794,75.78947368421053,84.43708609271523,0.0,0.6134969325153374,0.0,0.4629629629629629,0.4524886877828055,0.4629629629629629,0.0
416,מעין ברוך,71.91780821917808,73.67303609341825,71.03594080338267,70.1863354037267,70.14613778705638,69.49152542372882,65.84867075664621,0.9523809523809524,0.0,0.2976190476190476,0.0,0.5952380952380952,0.0,0.0
417,יקום,81.1881188118812,80.31496062992126,80.48327137546468,77.63401109057301,78.34862385321101,78.23741007194245,76.42980935875217,0.4878048780487805,0.24509803921568626,0.4618937644341801,0.4761904761904762,0.702576112412178,0.22988505747126436,0.45351473922902497
418,בני ציון,79.6565389696169,82.15613382899627,75.12135922330097,75.75030012004802,75.29550827423168,73.83177570093457,72.19626168224299,0.33167495854063017,0.1508295625942685,0.16155088852988692,0.31695721077654515,0.15698587127158556,0.0,0.16181229773462785
419,סעד,80.10204081632652,80.3030303030303,79.32148626817448,73.64217252396166,73.19422150882825,77.27272727272727,74.05660377358491,0.21231422505307856,0.20964360587002098,0.40733197556008144,0.8676789587852495,1.3157894736842104,0.0,0.6369426751592357
421,משאבי שדה,63.61655773420479,69.43231441048034,67.75599128540306,66.66666666666666,63.519313304721024,62.419006479481645,60.65934065934066,0.0,0.3144654088050315,0.3215434083601286,0.641025641025641,0.0,0.34602076124567477,0.0
422,חרב לאת,79.957805907173,82.35294117647058,78.69481765834932,76.11940298507463,75.68555758683729,75.08771929824562,72.57240204429301,0.5277044854881267,1.1904761904761905,0.0,0.0,0.24154589371980675,0.23364485981308408,0.0
423,העוגן,72.82051282051282,76.61691542288557,76.22950819672131,75.2442996742671,74.47495961227787,74.24,70.63369397217929,0.4694835680751174,1.2987012987012987,0.6451612903225806,0.21645021645021645,0.43383947939262474,0.21551724137931033,0.0
424,גבים,74.6875,76.20396600566572,76.83741648106904,77.14285714285715,74.235807860262,73.11827956989248,69.83122362869199,0.41841004184100417,0.0,0.2898550724637681,0.0,0.0,0.29411764705882354,0.906344410876133
425,משמרת,80.72916666666666,81.02893890675242,80.30534351145037,75.920245398773,79.5144157814871,79.69465648854963,78.58197932053176,0.21505376344086022,0.0,0.19011406844106463,0.0,0.19083969465648853,0.0,0.0
426,עין כרמל,82.23684210526315,80.0,80.03838771593091,77.43785850860421,77.14285714285715,78.54477611940298,74.58563535911603,1.3333333333333335,0.26595744680851063,0.7194244604316548,0.49382716049382713,0.0,0.23752969121140144,0.0
427,כפר גלים,67.46987951807229,71.42857142857143,68.53932584269663,60.204081632653065,52.12765957446809,54.71698113207547,58.620689655172406,0.0,1.6666666666666667,3.278688524590164,0.0,2.0408163265306123,0.0,1.4705882352941175
428,ברור חיל,68.64951768488746,69.28783382789318,72.48322147651007,71.23655913978494,69.82167352537722,68.93333333333334,65.94110115236876,0.234192037470726,0.0,0.0,0.37735849056603776,0.5893909626719057,0.3868471953578337,0.1941747572815534
429,אלוני אבא,84.0,82.16039279869068,79.57957957957959,77.5811209439528,77.71260997067448,75.46099290780141,73.25268817204301,0.0,0.0,0.18867924528301888,0.19011406844106463,0.0,0.18796992481203006,0.0
430,בית לחם הגלילית,77.45454545454545,79.10714285714285,78.09983896940419,73.65079365079366,72.38095238095238,73.67576243980739,74.33774834437085,0.2347417840375587,0.9029345372460496,0.2061855670103093,0.43103448275862066,0.0,0.2178649237472767,0.0
431,דלתון,61.93895870736086,73.29931972789116,74.4336569579288,73.04625199362042,77.68987341772153,67.70186335403726,81.06870229007633,1.7391304347826086,0.9280742459396751,0.6521739130434783,0.6550218340611353,0.20366598778004072,0.0,0.5649717514124294
432,שמרת,69.83240223463687,72.88135593220339,73.15914489311164,72.79069767441861,74.42922374429224,71.55555555555554,72.64957264957265,0.0,0.0,0.6493506493506493,0.0,0.0,0.3105590062111801,0.0
433,נחשולים,76.47058823529412,80.0,79.66101694915254,77.94392523364486,75.42533081285444,79.51582867783985,76.007326007326,0.2652519893899204,0.24509803921568626,0.0,0.2398081534772182,1.0025062656641603,0.0,0.24096385542168677
434,החותרים,77.54677754677755,79.32405566600397,78.64583333333334,75.51020408163265,77.45762711864407,77.25752508361204,75.28641571194763,0.5361930294906166,0.2506265664160401,0.0,0.0,0.0,0.21645021645021645,0.43478260869565216
435,נצר סרני,77.9385171790235,79.74452554744525,82.38341968911918,82.03389830508473,82.89473684210526,80.96774193548387,81.99697428139183,0.23201856148491878,0.0,0.20964360587002098,0.2066115702479339,0.1984126984126984,0.0,0.18450184501845018
436,עין דור,64.42432082794308,66.89576174112256,65.81858407079646,63.82743362831859,62.51378169790518,62.68980477223427,61.70442286947141,0.2008032128514056,0.17123287671232876,0.0,0.34662045060658575,0.1763668430335097,0.0,0.34965034965034963
437,רשפים,76.775956284153,79.53964194373401,83.36134453781513,81.9376026272578,81.16883116883116,81.25,78.90173410404624,0.3558718861209964,0.3215434083601286,0.0,0.0,0.2,0.19230769230769232,0.18315018315018314
439,שלוחות,73.3502538071066,73.76623376623377,76.51933701657458,72.19101123595506,72.88135593220339,72.56637168141593,70.46783625730994,0.0,0.7042253521126761,0.36101083032490977,0.38910505836575876,0.3875968992248062,0.0,0.8298755186721992
440,יסודות,93.19727891156462,91.0,95.03105590062113,92.47648902821317,91.48264984227129,92.03539823008849,90.9090909090909,0.0,0.7326007326007326,0.9803921568627451,0.0,0.0,0.0,0.0
442,גדעונה,67.47572815533981,74.80314960629921,73.79310344827587,69.0721649484536,77.47440273037543,73.80191693290735,72.1875,0.0,1.5789473684210527,0.0,0.9950248756218906,0.4405286343612335,0.0,0.4329004329004329
443,כפר הנשיא,55.824508320726174,59.04486251808972,58.110014104372354,56.84062059238364,52.3876404494382,56.582633053221286,54.17789757412399,0.5420054200542005,0.9803921568627451,0.48543689320388345,0.49627791563275436,0.5361930294906166,0.24752475247524752,0.0
444,רגבים,62.089552238805965,68.86543535620054,69.7560975609756,69.39759036144578,70.04830917874396,66.82352941176471,71.58836689038031,0.0,0.7662835249042145,0.34965034965034963,0.0,0.0,0.0,0.625
445,רמות מנשה,79.38829787234043,79.48717948717949,79.17174177831913,75.8745476477684,77.75147928994083,78.47533632286996,76.1596548004315,1.0050251256281406,0.16129032258064516,0.15384615384615385,0.3179650238473768,0.15220700152207,0.14285714285714285,0.0
446,אודים,81.02189781021897,82.6330532212885,78.55361596009975,77.31829573934837,76.2081784386617,77.67106842737095,74.06962785114045,0.18018018018018017,0.3389830508474576,0.15873015873015872,0.0,0.16260162601626016,0.1545595054095827,0.48622366288492713
447,נורדיה,75.82089552238806,79.13965822038892,76.68393782383419,75.51679586563309,76.32258064516128,60.32894736842105,60.613977792292616,1.574803149606299,0.6701414743112435,0.6756756756756757,0.42771599657827203,0.6762468300929839,0.10905125408942204,0.21551724137931033
448,בני עטרות,83.75,83.52941176470588,85.0574712643678,82.36272878535775,83.3605220228385,83.14238952536824,80.43117744610282,0.21321961620469082,0.0,0.0,0.0,0.19569471624266144,0.19685039370078738,0.0
449,נחלים,86.0,85.87830080367394,84.92239467849224,82.1309655937847,84.51327433628319,82.85398230088495,80.73089700996677,0.6839945280437756,0.267379679144385,0.13054830287206268,0.0,0.13089005235602094,0.13351134846461948,0.2743484224965706
450,בארות יצחק,66.4179104477612,68.62745098039215,70.37037037037037,67.99007444168734,70.70707070707071,70.45454545454545,68.22916666666666,1.1235955056179776,0.7142857142857143,0.7017543859649122,0.0,1.7857142857142856,0.7168458781362007,0.7633587786259541
452,יזרעאל,57.913043478260875,62.477876106194685,62.544169611307424,60.600706713780916,60.4982206405694,61.702127659574465,62.477876106194685,0.6006006006006006,0.56657223796034,0.847457627118644,0.2915451895043732,0.29411764705882354,0.5747126436781609,0.28328611898017
453,יפתח,61.39359698681732,69.41176470588235,72.42026266416511,69.27374301675978,70.71823204419888,71.16788321167883,69.09413854351686,1.5337423312883436,0.847457627118644,0.5181347150259068,0.5376344086021506,0.5208333333333333,0.0,0.7712082262210797
454,סער,67.05882352941175,74.25925925925925,74.0924092409241,69.26829268292683,70.14446227929373,66.66666666666666,67.8726483357453,0.5847953216374269,0.0,0.6681514476614699,0.7042253521126761,0.0,0.23148148148148145,0.0
456,שורש,78.46153846153847,78.8391777509069,79.85280588776449,78.59103385178408,77.64598540145985,44.61105904404874,44.69483568075117,1.3725490196078431,0.7668711656441718,1.0368663594470047,0.3492433061699651,0.35252643948296125,0.21008403361344538,0.0
457,גזית,75.47495682210709,74.65753424657534,72.90015847860539,72.2662440570523,71.09004739336493,71.29770992366412,68.56725146198829,0.6864988558352403,0.0,0.0,0.21929824561403508,0.0,0.0,0.0
460,רמת רזיאל,76.63551401869158,75.27839643652561,75.05330490405117,73.8197424892704,73.66167023554604,73.06889352818372,73.72881355932203,0.9146341463414633,1.183431952662722,0.0,0.29069767441860467,0.5813953488372093,0.0,0.28735632183908044
462,טל שחר,77.35849056603774,83.04093567251462,80.99606815203146,80.70404172099087,78.67177522349937,77.30061349693251,75.83230579531443,0.20325203252032523,0.0,0.0,0.6462035541195477,0.3246753246753247,0.31746031746031744,0.0
463,געתון,68.64035087719299,67.53246753246754,70.64220183486239,71.55797101449275,68.55575868372942,71.14337568058076,69.06854130052724,0.0,0.641025641025641,0.2597402597402597,0.5063291139240507,0.0,0.5102040816326531,0.0
464,הראל,49.18918918918919,52.26130653266332,54.75113122171946,54.54545454545454,54.54545454545454,54.090909090909086,53.813559322033896,0.0,0.0,0.0,0.0,0.0,0.0,0.0
465,צובה,68.18950930626058,68.72037914691943,64.84751203852326,64.68699839486356,63.10679611650486,65.56836902800659,63.0718954248366,1.488833746898263,0.45977011494252873,0.0,0.24813895781637718,0.0,0.0,0.0
466,בית דגן,73.03370786516854,78.08814400993171,76.12890391883828,75.81789515175404,75.00489332550401,72.49128244866331,75.80470162748644,0.8998548621190131,0.45045045045045046,0.3658217925267834,0.1819599688068625,0.4958246346555324,0.2939604489577766,0.42938931297709926
469,קרית עקרון,65.3700429401364,72.4632261281476,70.7018831010027,70.65217391304348,72.06151592823142,67.31517509727627,72.66943968681184,1.3523956723338484,1.1353862033373474,1.0895883777239708,0.8815903197925671,0.6775067750677507,0.7225433526011561,0.8585858585858586
472,אבו גוש,47.41578812033942,60.77070368597415,40.68408752921181,51.65966386554622,56.37834474175483,40.19350937311026,55.14330585001963,4.2841648590021695,1.2997243009058685,3.759791122715405,2.155347702318015,1.3245033112582782,2.3570712136409226,1.423994304022784
473,אבו סנאן,60.00507227998986,69.32918809039819,52.46913580246913,60.75908652299775,64.63595839524517,53.0757341576507,54.509138120443424,1.3736263736263736,0.8968609865470852,1.692466460268318,0.8823010411152286,0.8702791461412152,1.57251019219569,1.392451447416636
475,דחי,38.91752577319588,60.37296037296037,27.698574338085542,53.800000000000004,57.14285714285714,20.03780718336484,39.92673992673993,0.0,1.1583011583011582,0.0,1.1152416356877324,1.36986301369863,0.9433962264150944,0.45871559633027525
478,אכסאל,46.7401166558652,66.32443531827515,51.5850144092219,60.86590119035078,67.99833973228183,42.79107178765333,50.83156062657126,1.2756516916250693,0.6920415224913495,0.5379681357334989,0.7095880927656628,0.6256676331451244,0.869360902255639,0.8560015217804832
480,בית ג'ן,57.93047256925584,53.485100396470145,57.47810858143608,52.506352506352506,49.47779180534833,38.43044796227686,53.034760815081185,1.0548523206751055,1.0521281683405068,0.5281332520820639,1.0338759348878135,0.7886801206216656,0.7011393514461,0.7191288267926854
481,מגאר,38.36694908900052,47.181260142524515,47.565638541932195,52.75764260951781,54.263275991024685,43.38727339092347,44.03222013170273,3.0486613249951144,1.7347091371317482,1.6613076098606645,1.1827956989247312,0.9533654950608774,1.0936623667975323,1.4955267725998131
482,בועיינה-נוג'ידאת,68.09255298463933,65.76576576576578,52.41530740276035,61.302325581395344,65.87930508991161,52.074413110881444,56.52911249293386,1.05653912050257,1.178082191780822,1.7953321364452424,0.7081436519979768,0.6014341892204488,1.927984122483697,1.9
483,בענה,66.1761475949923,79.13907284768213,72.01743235881605,74.88363766559254,78.8961613302671,56.92838654012079,63.17455029980014,0.9293063391968137,0.28765690376569036,0.5547150781643975,0.5976571838393497,0.2242152466367713,1.3640497120339496,1.1863959926179806
485,ג'ולס,63.17365269461078,59.815733522324585,55.88363004776379,61.80257510729614,60.424628450106155,58.12214374740341,53.75954965822276,1.5007898894154819,1.382306477093207,0.9712509712509712,1.0416666666666665,1.089248067463106,1.5010721944245888,1.7202692595362752
487,ג'ש (גוש חלב),44.42934782608695,59.50627977479428,47.29286300246103,60.1552921945239,62.09841398942659,45.22191123550579,49.59032383925088,2.344546381243629,1.0189228529839884,1.5611448395490026,1.2228260869565217,0.9168303863785201,1.6799292661361624,0.6294256490952006
489,דבוריה,58.13347236704901,74.28383272966744,54.88601713373021,64.4508255563532,69.92470521380878,47.8404401650619,56.366791243993596,0.5381165919282511,0.1773049645390071,0.7936507936507936,0.5123635553575406,0.3250711093051605,0.7475560667050029,0.4025574236324887
490,דייר אל-אסד,73.01468384776746,80.15427769985975,73.47318768619662,76.57016683022572,83.78411306042885,61.375162165349685,69.80728051391864,1.5390929612148574,0.8223972003499563,0.5913161006926846,0.46459468119192565,0.2908244874218409,0.7109915449654112,0.6457862447529867
492,דייר חנא,82.68849206349206,82.94236445549168,74.46483180428135,76.28610729023384,80.03277792952746,67.58629881380782,67.76669224865695,0.2999400119976005,0.43079228319910096,0.14933731566175099,0.288496213487198,0.15358361774744025,0.5718793137448235,0.39637599093997733
494,דאלית אל-כרמל,57.87999277064883,58.6406425425339,59.76937860345932,59.32904046426584,56.33026077365477,40.05719143674163,55.075854781492936,1.1709601873536302,1.826215022091311,0.8038585209003215,0.6297735495109205,0.6713286713286714,0.9068107273779664,0.9867068658352747
496,חורפיש,54.382314694408315,52.863436123348016,52.87536361602149,55.739149592421235,51.9361190111573,45.41577825159915,53.47394540942928,1.1477761836441895,0.6944444444444444,0.29623360135421073,0.47430830039525695,0.42122999157540014,0.6103286384976526,0.34802784222737815
497,טייבה (בעמק),64.96881496881497,59.29791271347249,39.56412405699916,52.4979524979525,57.15447154471545,36.51419558359621,46.13026819923371,3.2,0.96,1.2711864406779663,0.46801872074883,0.1422475106685633,1.9438444924406046,0.16611295681063123
498,טורעאן,59.40321947389086,65.20833333333333,47.86130913804277,63.25114740100331,63.926121372031666,38.64595122955036,49.4807635248739,1.277814496585151,0.9020860740462319,0.8575942225231324,0.590617617279784,0.4622750536569259,0.6922257720979765,0.8394963022186688
499,יפיע,55.593158327997806,64.71756780100189,44.69443363176333,61.688062110846346,66.03702017903201,42.20566318926975,49.458874458874455,1.3491280026324448,1.0810089416789004,1.7766939557568369,1.1214953271028036,0.6318207926479035,1.3771186440677965,1.5317286652078774
502,ירכא,69.78097193702943,65.8974358974359,68.2533625870457,51.34755097258027,60.11754827875735,50.97149082985292,51.13726178976026,3.8417524930521494,2.318417639429313,1.1320754716981132,2.487448653582839,1.846679081315953,1.6387602422515142,1.7345011162630948
504,כאבול,76.86238810499165,82.41098241098241,64.36298841797124,74.96233048719236,82.49721293199555,63.00432276657061,70.53056516724337,0.7895775759968418,0.4685059864653826,0.7514336563179751,0.6867671691792295,0.2552552552552552,0.8004574042309892,0.8830744071954212
505,כאוכב אבו אל-היג',66.58801321378009,78.47314691522415,63.54044548651817,78.78787878787878,81.0030395136778,56.120943952802364,61.37660485021398,0.6378454996456413,0.5656108597285068,0.5535055350553505,0.5355404089581305,0.23452157598499063,0.985545335085414,1.2783265543288787
507,כפר יאסיף,66.59763313609467,71.5864577504197,60.873474630700066,67.1119592875318,70.16525797905892,56.28794449262793,63.88518832505753,0.5997334517992003,0.6253664256400234,0.9073644228740241,0.7014218009478673,0.5753326141675656,0.9685230024213075,0.7203791469194313
508,כפר כמא,35.25528169014084,47.0563320626853,42.07436399217221,44.06055900621118,42.318059299191376,32.96744890234671,35.23277467411546,2.6217228464419478,2.5202520252025202,1.2093023255813953,1.145374449339207,0.3639672429481347,1.4925373134328357,1.6913319238900635
509,כפר כנא,59.82723229558673,69.97297726911461,48.371085011185684,62.878631063271925,71.03166496424923,48.13351767726644,52.52881526736789,1.3295210864903504,0.5338482507950931,1.3007660066483595,1.0973334796444638,0.7957051097689578,1.3814799617015456,1.4268585131894485
510,כפר מנדא,73.04464933181394,76.89813048454788,61.98873377418565,69.67068273092369,70.60539177045561,55.66719951282637,65.16429194533295,2.042263508722167,1.5504837509302902,1.0140919267746609,0.8070094535393129,0.8261694763871832,0.9845480650895666,0.858991521642124
511,עילוט,46.449136276391556,43.374301675977655,28.087688393031907,49.343122102009275,62.8163653663178,32.179038496960764,46.397896581945666,2.9442148760330578,2.009273570324575,1.7421602787456445,1.0180109631949883,0.6058770069675856,1.8889524899828276,1.3222516055912352
512,כפר מצר,51.007644197359284,61.302931596091206,45.11707595659623,65.11235955056179,65.06622516556291,46.702412868632706,54.08320493066255,1.3623978201634876,2.6567481402763016,2.911392405063291,1.380500431406385,0.16963528413910092,1.0332950631458095,0.8547008547008548
514,עין ראפה,50.57692307692307,65.30249110320284,39.11671924290221,54.10852713178295,56.77321156773212,37.518248175182485,52.83540802213002,3.041825095057034,1.6348773841961852,5.241935483870968,2.292263610315186,3.485254691689008,3.11284046692607,1.3089005235602094
516,מג'ד אל-כרום,73.0581076243885,74.84340044742729,61.06492478226445,70.79628724963361,76.74710424710425,54.00056279898696,66.68784605609513,0.5062877674342643,0.49319982065461065,0.3889789303079416,0.3588186585702457,0.30184882404728963,0.2779225290950148,0.9119368449707365
517,מזרעה,63.30677290836654,79.02439024390245,59.08134642356241,69.84347826086956,76.88079697698386,51.97588747488279,64.41515650741351,1.0069225928256766,0.5698005698005698,0.4154302670623145,0.5976095617529881,0.44682752457551383,0.9664948453608248,0.8184143222506393
518,מעיליא,66.24007060900264,74.66159052453469,61.56299840510366,68.026941362916,71.74764890282131,65.02923976608187,66.5519877675841,0.9993337774816788,1.13314447592068,1.0362694300518136,0.4076878276062901,0.21845985800109227,0.5995203836930456,0.9764503159103963
520,משהד,56.32661996497374,68.67739963317709,49.27695405454878,58.956301914048396,67.77539341917024,49.608899704501994,48.42598794373744,0.6607073455110766,0.35608308605341243,0.5572065378900446,0.5819295558958653,0.4485488126649077,1.4015416958654519,1.0373443983402488
521,עין נקובא,49.63444354183591,57.22627737226277,44.89795918367347,56.07819181429444,56.845238095238095,50.62713797035347,59.11039657020365,6.546644844517186,3.188775510204082,7.024793388429752,2.7233115468409586,1.8848167539267016,2.815315315315315,0.6346328195829556
522,נחף,57.05375705375706,70.77904075408927,52.050970873786405,64.29256594724221,71.16042970133395,47.29315628192033,58.37054787060233,1.5356585111920875,0.4308656482569526,0.25647003963627885,0.29839612085042894,0.3483742534837425,0.8399328053755699,0.6344467251352864
523,ניין,74.48210922787194,78.06788511749347,52.0976353928299,60.0,65.50185873605948,53.97520058351568,51.65975103734441,1.1378002528445006,1.1148272017837235,1.903367496339678,0.7518796992481203,0.4540295119182747,3.6486486486486487,1.2048192771084338
524,נאעורה,54.91666666666667,61.556603773584904,43.138634764250526,60.85458304617505,71.13682777399592,39.54248366013072,54.088050314465406,1.669195751138088,1.6602809706257982,2.2838499184339316,1.698754246885617,0.5741626794258373,0.8264462809917356,1.1627906976744187
525,סאג'ור,53.19825188716726,54.12118931125329,43.97283531409168,41.82853315472204,47.22222222222222,46.82080924855491,53.27334781259696,1.7176997759522032,0.6954102920723227,0.5405405405405406,0.7205764611689351,0.49019607843137253,0.8916323731138546,0.7571345369831101
526,סולם,64.39081812831077,74.29205996668517,44.34826883910387,61.464646464646464,66.50099403578528,39.67260471834376,53.230337078651694,2.1937842778793417,1.046337817638266,0.6888633754305395,0.16433853738701726,0.2242152466367713,0.6067961165048543,0.7036059806508356
527,שזור,66.15969581749049,76.24521072796935,69.11764705882352,69.17562724014337,77.77777777777779,69.7841726618705,78.1021897810219,0.5747126436781609,1.0050251256281406,0.0,0.0,0.0,1.0309278350515463,0.0
528,עוזייר,37.6953125,56.51651651651651,40.06147540983606,56.71039354187689,63.70407149950348,42.68060836501901,49.03283850652272,1.2089810017271159,0.9564293304994688,0.1278772378516624,0.5338078291814947,0.3117692907248636,0.779510022271715,0.9174311926605505
529,אעבלין,59.2108735814199,61.06965174129353,50.57780769662291,62.85460992907801,68.45342706502636,49.7486362177773,59.30691014733347,1.025183864497437,0.7942973523421588,1.419698314108252,0.7581100141043724,0.7862644415917843,0.7095248333691679,0.7697690692792162
530,עיילבון,74.1490857946554,70.91633466135458,64.41298511105687,69.68303895475442,70.27417027417027,59.114583333333336,64.46204005589195,0.9863429438543246,0.7490636704119851,0.9094353921940129,0.625,0.34223134839151265,0.8009611533840608,0.32514450867052025
531,עראבה,59.889861194930596,72.75350080923229,59.44499138567561,65.90026692550352,72.14349775784753,55.14952084054959,56.86974674504203,0.6675903766217408,0.3965567269561853,0.46579029086015944,4.630396759642824,0.29007127465605836,0.5757353710876164,0.6085780525502319
532,עין מאהל,61.364894795127356,73.9665673189063,44.35318275154005,59.83376389980906,72.95208655332303,40.229269337904434,52.06440957886045,1.466275659824047,0.5080588647512264,0.9002057613168725,0.6194856391965459,0.4993946731234867,1.3049267643142477,0.852498017446471
534,עספיא,49.852884738390685,53.12993800899477,50.43971947011021,57.10668281404823,56.00872410032716,41.6988416988417,51.74686192468619,1.4626635873749037,1.2582932967284375,1.3021408077687044,0.7326007326007326,0.778816199376947,0.668724279835391,1.0915706488781078
535,פסוטה,49.04132935662548,56.00000000000001,44.013948082138704,58.26287471176018,61.058241339931485,43.33082140165788,46.501295816364305,1.0425716768027802,1.1045655375552283,0.35211267605633806,0.46174142480211083,0.4987531172069825,0.34782608695652173,0.8757961783439491
536,פקיעין (בוקייעה),63.257277734067664,65.22064323111444,58.906322104291654,65.00343327992675,67.10436948154856,58.518683274021356,62.19012718258246,1.2023217247097846,0.573394495412844,1.3317665491578536,0.9154929577464789,0.6747638326585695,0.9502090459901178,1.1091854419410745
537,פוריידיס,42.57508342602892,67.13029786117308,64.04004711425206,55.79069767441861,60.05059797608096,29.02755993726193,38.72719374456994,1.4696276943174396,0.547302580140735,0.7908773220526025,1.3338891204668613,0.6510915358100344,1.736781165573138,0.9814918676388109
538,שעב,68.91620672353235,75.68839726994587,60.332491582491585,70.86630570595585,78.0608052588332,58.852719333068684,63.59824661711454,0.5460502366217692,0.3420398009950249,0.4534356470177886,0.5289450484866294,0.34210526315789475,0.6408094435075885,0.719208870242733
539,רומאנה,74.54873646209387,80.06430868167203,67.41889985895627,79.33884297520662,78.70619946091644,71.66666666666667,75.48543689320388,0.48426150121065376,1.0040160642570282,0.20920502092050208,0.8680555555555556,0.5136986301369862,1.7889087656529516,1.2861736334405145
540,ריחאניה,50.296559905100835,56.29965947786606,56.62650602409639,58.48849945235487,60.21739130434782,45.5026455026455,51.04602510460251,2.1226415094339623,0.6048387096774194,1.7408123791102514,1.8726591760299627,1.263537906137184,2.3255813953488373,1.2295081967213115
541,ג'סר א-זרקא,40.95511767925561,58.08521560574948,21.772151898734176,42.012707056954845,55.54181654676259,24.455574912891986,43.378661087866114,0.5679919812896759,0.5081749889527176,1.0570824524312896,1.2422360248447204,1.1333738109694393,1.5138023152270703,0.9404388714733543
542,ריינה,53.698286669452564,63.981599295292156,46.09992013488331,57.76506819181698,67.89087093389297,45.267489711934154,52.788694706915294,1.8093385214007784,1.0402325225638671,1.8286814244465832,0.8987052551408987,0.7470376094796497,1.3636363636363635,1.3147473467448123
543,ראמה,55.225445648374695,60.320134793597305,53.94381844151722,61.2588512981904,63.77470975839348,54.47645600991326,55.27836933373897,2.5949367088607596,1.8435754189944136,2.0594292438952633,1.2329822758797844,1.1808118081180812,1.5353994882001705,0.9906439185470555
546,עין אל-אסד,41.14490161001789,49.21190893169877,52.019386106623585,55.23809523809524,54.77308294209703,45.13137557959814,47.88321167883212,0.8695652173913043,1.0676156583629894,0.0,0.28735632183908044,2.0,2.054794520547945,0.6097560975609756
547,טמרה (יזרעאל),50.418160095579445,82.17142857142858,54.54545454545454,54.81049562682215,69.38579654510558,42.53731343283582,45.73991031390135,2.843601895734597,0.27816411682892905,0.18115942028985507,0.5319148936170213,0.5532503457814661,2.4122807017543857,2.3529411764705883
549,גנות הדר,79.13043478260869,82.33333333333334,76.95590327169275,76.76056338028168,76.43758765778401,75.58945908460471,72.76368491321762,0.0,0.20242914979757085,0.18484288354898337,0.1834862385321101,0.1834862385321101,0.3669724770642202,0.0
553,ניר בנים,76.32093933463796,80.66914498141264,80.49586776859505,77.04918032786885,73.22314049586777,73.17073170731707,76.15894039735099,1.0256410256410255,0.6912442396313364,0.20533880903490762,0.6382978723404255,0.0,0.0,0.21739130434782608
555,שדמה,74.07407407407408,78.75354107648725,75.64102564102564,76.70157068062828,72.70341207349081,74.86910994764398,72.39583333333334,0.0,0.0,0.3389830508474576,0.6825938566552902,0.0,0.0,0.3597122302158274
559,בוסתן הגליל,80.09478672985783,77.7992277992278,79.24263674614306,78.92503536067893,77.27910238429172,75.30695770804911,75.26737967914438,0.591715976331361,0.24813895781637718,0.0,0.35842293906810035,0.18148820326678766,0.0,0.17761989342806395
562,בית אלעזרי,75.49738219895288,81.9672131147541,78.28185328185329,77.90585975024015,78.79656160458453,75.47169811320755,75.18382352941177,2.219140083217753,0.25,0.4932182490752158,0.2466091245376079,0.24242424242424243,0.25,0.0
563,משמר דוד,75.0,83.73333333333333,86.5424430641822,83.92156862745098,85.27131782945736,85.57046979865773,83.80952380952381,0.0,0.9554140127388535,0.0,0.23364485981308408,0.22727272727272727,0.19607843137254902,0.3246753246753247
564,רבדים,73.47417840375586,76.44710578842316,73.40425531914893,72.75922671353251,74.87266553480475,74.84076433121018,72.78382581648522,0.0,0.26109660574412535,0.0,0.0,0.0,0.2127659574468085,0.0
565,אזור,67.55962103887619,70.61052175795626,69.06111511903535,68.02391506030307,68.82798118224585,66.14300100704934,68.27133479212254,1.096067053513862,0.8738310593285299,0.7909267273541262,0.4697681466888923,0.6092124814264488,0.5328867235079171,0.5973193473193473
567,צרעה,68.61042183622828,66.21621621621621,66.6266506602641,65.42168674698794,66.46706586826348,64.23444976076556,65.19138755980862,0.18083182640144665,0.0,0.36036036036036034,0.3683241252302026,0.5405405405405406,0.37243947858473,0.1834862385321101
570,מעונה,71.45328719723183,75.58528428093646,74.50076804915514,73.9329268292683,71.31901840490798,71.55688622754491,71.61961367013373,0.0,0.6637168141592921,0.4123711340206186,1.443298969072165,0.6451612903225806,0.20920502092050208,0.4149377593360996
571,בית גמליאל,80.38922155688623,82.79411764705881,78.41352405721716,77.40259740259741,78.55297157622739,78.748370273794,75.49668874172185,0.5586592178770949,0.3552397868561279,0.0,0.33557046979865773,0.0,0.16556291390728478,0.17543859649122806
572,בית העמק,66.24737945492663,71.51898734177216,71.83673469387755,71.25506072874494,67.26546906187625,70.58823529411765,68.83116883116884,0.6329113924050633,0.5899705014749262,0.2840909090909091,0.2840909090909091,0.0,0.2777777777777778,0.0
573,מבקיעים,65.84507042253522,78.45117845117845,75.0,73.65591397849462,76.96476964769647,71.89189189189189,75.8974358974359,1.06951871657754,0.8583690987124464,0.0,0.0,0.7042253521126761,0.37593984962406013,0.0
574,גשר הזיו,73.19189971070395,73.9247311827957,72.02380952380952,69.53586497890295,69.34801016088062,66.66666666666666,64.42155309033281,0.3952569169960474,0.7272727272727273,0.11806375442739078,0.24271844660194172,0.3663003663003663,0.49382716049382713,0.24600246002460024
575,יסעור,71.97943444730078,72.22222222222221,74.671669793621,73.9292364990689,73.35834896810508,71.08655616942909,70.39586919104991,0.0,0.3205128205128205,1.256281407035176,0.5037783375314862,0.0,0.5181347150259068,0.7334963325183375
576,כברי,75.12953367875647,76.34543178973718,73.93364928909952,72.2877358490566,71.12426035502959,72.32558139534883,70.4494382022472,0.6896551724137931,0.16393442622950818,0.8012820512820512,0.48939641109298526,0.16638935108153077,0.3215434083601286,0.1594896331738437
577,יד בנימין,87.80637254901961,87.36037624926513,82.48560460652591,81.47100424328147,80.85991678224687,78.05755395683454,77.76856076316882,0.34891835310537334,0.5383580080753702,0.058173356602675974,0.28935185185185186,0.2858776443682104,0.0576036866359447,0.21333333333333335
578,סאסא,70.93275488069413,72.53218884120172,71.66666666666667,71.73396674584322,69.35866983372921,72.90167865707434,69.80676328502415,0.0,0.0,0.0,0.6622516556291391,0.3424657534246575,0.0,0.0
579,כפר ראש הנקרה,73.36448598130842,74.63687150837988,73.99193548387096,73.40637450199203,72.02797202797203,71.19460500963392,69.13809082483782,0.0,0.29940119760479045,0.2724795640326975,0.27137042062415195,0.4160887656033287,0.40595399188092013,0.5361930294906166
580,"כרם מהר""ל",76.24113475177306,79.93311036789298,77.77777777777779,77.53846153846153,76.75840978593273,74.59138187221397,71.47102526002972,0.46511627906976744,0.0,0.0,0.0,0.199203187250996,0.199203187250996,0.0
582,כפר הנגיד,78.561736770692,79.56989247311827,77.91005291005291,75.84415584415585,76.89345314505776,77.93548387096774,74.63863337713535,0.3454231433506045,0.33783783783783783,0.1697792869269949,0.17123287671232876,0.1669449081803005,0.16556291390728478,0.35211267605633806
584,זיקים,64.72727272727272,65.8703071672355,70.81545064377683,66.57381615598887,68.6192468619247,70.5163043478261,67.89960369881109,0.8426966292134831,0.0,0.0,0.0,0.6097560975609756,0.0,0.9727626459143969
585,לביא,75.62862669245648,74.08829174664108,76.69322709163346,76.98412698412699,71.40186915887851,73.20754716981132,67.87762906309752,0.2557544757033248,0.0,1.0389610389610389,0.25773195876288657,0.5235602094240838,0.0,0.28169014084507044
586,מגידו,79.67032967032966,76.5811965811966,75.52334943639292,74.0858505564388,74.44794952681389,74.3076923076923,73.90029325513197,0.6896551724137931,0.0,0.21321961620469082,0.2145922746781116,0.0,0.0,0.0
587,סביון,67.95461514872738,69.54887218045113,68.14932486100079,66.4832285115304,67.29478575116158,68.70229007633588,67.37766624843162,0.5415162454873645,0.37422037422037424,0.2331002331002331,0.35474970437524633,0.1534330648254699,0.14814814814814814,0.14897579143389197
588,בני ראם,80.85106382978722,81.64794007490637,80.59023836549376,79.82162764771459,80.78212290502793,78.72807017543859,77.99352750809061,0.6578947368421052,0.45871559633027525,0.14084507042253522,0.0,0.2766251728907331,0.5571030640668524,0.13831258644536654
589,בצת,72.82608695652173,74.12587412587412,74.39446366782006,77.13310580204778,75.16778523489933,72.58064516129032,78.57142857142857,0.0,0.9433962264150944,0.0,0.0,0.0,0.0,0.33670033670033667
590,נווה אור,70.7641196013289,67.49226006191951,68.34319526627219,68.82352941176471,70.46783625730994,67.53623188405797,66.3768115942029,0.4694835680751174,0.45871559633027525,0.4329004329004329,0.4273504273504274,0.0,0.8583690987124464,0.43668122270742354
591,עשרת,76.95121951219512,77.41545893719807,79.54545454545455,76.99214365881033,78.14938684503902,75.08379888268156,72.98524404086265,0.31695721077654515,0.0,0.14285714285714285,0.0,0.28530670470756064,0.5952380952380952,0.15552099533437014
592,בני דרום,84.08408408408408,86.79775280898876,86.7965367965368,84.1880341880342,83.26359832635984,85.42914171656687,80.9090909090909,0.7142857142857143,0.3236245954692557,0.4987531172069825,0.25380710659898476,1.256281407035176,0.46728971962616817,0.8988764044943821
593,ערוגות,78.25370675453048,83.3063209076175,80.8541973490427,78.43426883308715,80.83209509658246,80.5925925925926,79.71223021582733,0.42105263157894735,0.38910505836575876,0.9107468123861567,0.9416195856873822,0.1838235294117647,0.1838235294117647,0.18050541516245489
594,צפריה,84.49074074074075,88.96396396396396,85.3515625,80.73929961089495,80.7843137254902,80.44280442804428,79.38517179023508,0.0,0.7594936708860759,0.2288329519450801,0.0,0.7281553398058253,0.22935779816513763,0.0
595,לוחמי הגיטאות,75.86206896551724,75.764192139738,81.05065666041276,77.46741154562383,77.28119180633148,77.95138888888889,76.71691792294807,0.30303030303030304,0.5763688760806917,0.23148148148148145,0.2403846153846154,0.0,0.0,0.43668122270742354
596,מלכיה,58.62884160756501,62.755102040816325,63.39066339066339,63.882063882063875,60.187353629976585,58.86524822695035,60.33653846153846,1.2096774193548387,0.40650406504065045,0.7751937984496124,1.153846153846154,0.0,0.4016064257028112,1.1952191235059761
597,פלמחים,69.11764705882352,70.5,73.44827586206897,71.93877551020408,74.78849407783417,74.79935794542536,71.31661442006269,0.5319148936170213,0.7092198581560284,0.2347417840375587,0.2364066193853428,0.0,0.0,0.21978021978021978
598,בית קמה,81.26159554730982,83.36283185840708,81.92771084337349,82.68656716417911,80.74074074074075,79.33425797503467,75.23302263648469,1.141552511415525,0.21231422505307856,0.0,0.18050541516245489,0.1834862385321101,0.17482517482517482,0.0
599,פרוד,65.55555555555556,73.31288343558282,76.33410672853829,69.86301369863014,71.68949771689498,73.27188940092167,69.19540229885057,0.5649717514124294,0.41841004184100417,0.60790273556231,1.3071895424836601,0.6369426751592357,0.9433962264150944,1.3289036544850499
602,נירים,70.97625329815304,74.27055702917772,73.95833333333334,73.28042328042328,69.12928759894459,70.0,70.1923076923077,0.0,0.0,0.7042253521126761,1.083032490974729,0.0,0.7518796992481203,0.0
603,אלקוש,56.809338521400775,65.66037735849056,62.5,65.89147286821705,61.15702479338842,57.55102040816327,66.40625,0.0,1.7241379310344827,0.0,0.0,0.6756756756756757,0.0,0.0
604,בית עריף,75.4746835443038,81.99404761904762,80.19390581717451,79.58904109589041,79.26829268292683,75.79787234042553,78.65459249676586,0.628930817610063,0.5444646098003629,0.17271157167530224,0.8605851979345954,0.8547008547008548,0.17543859649122806,0.3289473684210526
605,כפר שמאי,63.92857142857142,74.91638795986621,73.35329341317365,73.05389221556887,78.50746268656717,71.2166172106825,72.20630372492836,0.0,0.0,0.8163265306122449,0.819672131147541,0.0,0.0,0.0
606,מזור,77.1545827633379,79.5601552393273,78.3479349186483,76.82619647355163,76.29629629629629,76.86746987951807,72.03791469194313,0.1773049645390071,0.16260162601626016,0.3194888178913738,0.32786885245901637,0.3236245954692557,0.1567398119122257,0.4934210526315789
607,מירון,67.51269035532995,65.18518518518519,67.2686230248307,58.91647855530474,65.56291390728477,56.96969696969697,62.16730038022814,0.0,0.0,0.0,0.0,0.33670033670033667,0.3546099290780142,0.0
609,כפר חושן,61.82170542635659,73.74301675977654,72.53886010362694,70.46632124352331,74.00346620450607,68.89632107023411,70.17828200972447,0.6269592476489028,0.7575757575757576,0.2380952380952381,0.49019607843137253,0.234192037470726,0.48543689320388345,0.23094688221709006
610,סתריה,79.56104252400549,78.72892347600519,79.92471769134254,76.98019801980197,77.99752781211372,77.11442786069652,75.75,0.3448275862068966,0.3294892915980231,0.3139717425431711,0.0,0.31695721077654515,0.0,0.33003300330033003
612,צרופה,76.5089722675367,79.00302114803625,75.78347578347578,76.06837606837607,72.72727272727273,74.48840381991815,74.16331994645248,0.8528784648187633,0.3824091778202677,0.0,0.18726591760299627,0.0,0.0,0.0
613,ציפורי,76.47058823529412,77.89115646258503,76.5432098765432,72.06106870229007,73.58778625954199,72.14076246334311,69.28571428571428,0.0,0.6550218340611353,0.20161290322580644,0.211864406779661,0.0,0.20325203252032523,0.0
614,שומרה,59.71223021582733,71.27659574468085,66.22073578595318,66.77740863787376,66.996699669967,62.866449511400646,65.48387096774194,0.0,1.4925373134328357,0.0,0.0,0.49261083743842365,0.5181347150259068,0.0
615,קדרון,80.19138755980862,80.50139275766016,78.91513560804898,77.83549783549783,76.30208333333334,75.65733672603902,74.79674796747967,0.47732696897374705,0.11534025374855825,0.3325942350332594,0.22246941045606228,0.3412969283276451,0.11210762331838565,0.21739130434782608
616,רינתיה,75.84615384615384,79.20937042459737,80.4564907275321,77.24039829302988,77.85817655571635,75.33039647577093,76.01156069364163,0.2028397565922921,0.36968576709796674,0.0,0.1841620626151013,0.18587360594795538,0.3898635477582846,0.5703422053231939
617,ברקאי,66.10169491525424,68.18181818181817,67.90606653620353,65.49707602339181,64.47876447876449,64.95238095238095,62.80373831775701,1.282051282051282,0.9090909090909091,0.5763688760806917,0.5952380952380952,0.29940119760479045,0.0,0.8928571428571428
618,חדיד,74.66918714555766,82.89241622574956,78.57142857142857,79.96688741721854,81.0,78.41269841269842,78.0,0.0,0.6382978723404255,0.8456659619450317,0.0,0.0,0.4048582995951417,0.19723865877712032
619,בית גוברין,77.35042735042735,79.71014492753623,79.64912280701755,78.125,79.3103448275862,77.05479452054794,75.16556291390728,0.5524861878453038,0.0,0.0,0.4444444444444444,0.43478260869565216,0.4444444444444444,0.0
620,משואות יצחק,83.22580645161291,84.1880341880342,82.94243070362474,80.64516129032258,83.15334773218143,83.44226579520696,83.33333333333334,0.2583979328165375,0.25380710659898476,0.2570694087403599,0.5333333333333333,0.5194805194805194,0.0,0.26666666666666666
622,עין צורים,83.71161548731642,81.64435946462714,80.38793103448276,80.66666666666666,80.49327354260089,79.81651376146789,81.27659574468085,0.3189792663476874,0.234192037470726,0.5361930294906166,0.0,0.5571030640668524,0.8620689655172413,0.2617801047120419
623,יראון,58.82352941176471,63.172804532577906,59.78260869565217,59.166666666666664,59.62059620596206,58.03814713896458,59.67302452316077,2.272727272727273,0.8968609865470852,0.45454545454545453,0.4694835680751174,0.45454545454545453,0.9389671361502347,0.91324200913242
627,ג'לג'וליה,70.88405507882658,82.0702402957486,68.41681430181994,74.88482922954725,79.55506814977284,59.0625475574494,69.50261780104712,0.9572072072072071,0.36036036036036034,0.7768361581920904,0.8273228680526092,0.25600630169358013,1.0564287554753928,0.6905210295040803
628,ג'ת,38.892279523954834,52.685421994884905,37.34320120421476,50.85629188384214,56.156853163938436,26.60485021398003,39.832068092937654,2.5892506865437426,0.8360302049622438,1.5115888478333892,0.9028794533918985,0.4350663476180117,1.7873100983020553,1.4149581287900665
633,כפר ברא,60.093896713615024,76.5633210719916,64.76524791575252,69.30051813471503,76.36054421768708,55.483081940481036,64.79037267080744,1.171875,0.6177076183939602,0.33875338753387535,0.809968847352025,0.5011135857461024,0.7347538574577517,0.7789095266626722
634,כפר קאסם,80.1803334467506,63.03106173225882,64.61559451531483,70.31124228602093,73.88202655393354,56.25359126604099,66.87944555900054,0.6789730532569488,0.5461767626613704,1.2668918918918919,1.135279526807861,0.6437192668752794,1.6456701849960276,0.9635487682937914
635,מוקייבלה,54.33436532507739,63.61045130641331,33.86390768006367,50.019646365422396,60.598988720342284,35.98024316109423,40.73672806067172,3.608736942070275,0.8215085884988798,2.4676850763807283,0.9426551453260016,0.38510911424903727,1.7951425554382259,1.4184397163120568
636,צנדלה,43.49514563106796,67.85063752276868,32.02995008319468,52.01978565539983,59.935379644588046,26.619273301737756,36.6464339908953,1.1160714285714286,0.1342281879194631,2.3376623376623376,0.6339144215530903,0.40431266846361186,1.1869436201780417,1.4492753623188406
637,ערערה,53.1319290465632,69.69063180827887,39.170009256402345,56.12446743761412,68.63615836218577,39.07995618838992,52.450945917434424,0.7303077725612936,0.5502063273727648,1.1027963765261914,0.7726718178121188,0.4167123588112731,1.2331838565022422,0.871547331724323
638,קלנסווה,52.60213143872113,70.78845679519856,47.6656895688854,65.54787759131293,72.58501982057167,35.03171818059117,54.273670557717246,1.4182002363667061,0.627177700348432,1.1099445027748611,0.5271084337349398,0.440739676152151,1.3099595453669814,0.9439598518341499
648,מצר,74.05660377358491,75.05773672055427,75.0,73.25581395348837,69.53488372093022,69.88505747126436,69.53488372093022,0.0,0.0,0.0,0.31746031746031744,0.0,0.0,0.33444816053511706
649,מייסר,41.79389312977099,61.21372031662269,36.512900703674745,56.71527244819647,63.49924585218702,33.03964757709251,42.06460674157304,1.82648401826484,0.0,0.0,0.9472259810554804,0.5938242280285035,0.4444444444444444,1.001669449081803
652,אבטין,41.226353555120674,49.44852941176471,36.358511837655016,50.64066852367688,63.86138613861386,35.07462686567165,45.21963824289406,2.2151898734177213,1.858736059479554,2.7906976744186047,1.1001100110011002,0.8613264427217916,0.7598784194528876,0.9142857142857144
654,כפר קרע,67.16887575092973,74.63258216798788,47.212750773134566,64.49843260188088,71.94222256736818,45.547996976568406,62.20604295595194,0.9937535491198184,0.704141305645065,0.9573396036278133,0.6075334143377886,0.3454231433506045,0.8795220710255559,0.6437265917602997
658,שייח' דנון,54.29277331686227,73.68724754760531,54.252049180327866,69.8170731707317,75.52763819095478,48.365056124938995,55.81068416119962,1.4789533560864618,1.096319498825372,1.8885741265344664,0.8733624454148471,0.5988023952095809,0.9081735620585267,1.1754827875734677
661,שער אפרים,77.482088024565,80.98933074684773,76.40816326530611,76.2642740619902,75.50525464834277,72.3921568627451,73.44674556213018,1.1889035667107,0.23952095808383234,0.5341880341880342,0.8556149732620321,0.0,0.10834236186348861,0.2014098690835851
662,חוסן,70.11884550084889,78.04107424960506,74.16201117318437,74.75728155339806,72.98772169167803,67.40837696335078,70.72243346007605,0.0,0.4048582995951417,0.18832391713747645,0.7421150278293136,0.7476635514018692,0.3883495145631068,0.7168458781362007
663,טירת יהודה,80.87349397590361,85.89562764456981,83.09677419354838,78.88040712468194,81.21827411167513,78.18627450980392,78.9793438639125,0.5586592178770949,0.16420361247947454,0.6211180124223602,0.16129032258064516,0.3125,0.4702194357366771,0.15384615384615385
664,כרם בן זמרה,70.82152974504248,79.12087912087912,79.09319899244332,76.5432098765432,72.9064039408867,72.77227722772277,74.00990099009901,0.0,0.0,0.0,0.0,0.33783783783783783,0.0,0.33444816053511706
665,תקומה,85.88807785888078,82.51231527093597,85.59498956158664,85.56701030927834,85.24590163934425,80.3960396039604,80.73929961089495,0.28328611898017,1.1940298507462688,0.0,0.7228915662650602,0.4807692307692308,0.0,0.24096385542168677
666,עומר,74.28993597110491,76.19663648124192,75.23320895522389,72.51991876269332,72.92024348368972,68.94171779141104,69.07557964468533,0.48618784530386744,0.29711375212224106,0.26865054763380863,0.3877638948728996,0.12842465753424656,0.11123470522803114,0.2179598953792502
667,ברעם,68.2,70.39337474120083,69.02834008097166,72.38658777120315,69.5049504950495,70.98646034816247,67.45886654478977,0.2932551319648094,0.0,0.0,0.2724795640326975,0.2849002849002849,0.2724795640326975,0.5420054200542005
668,מפלסים,73.07692307692307,70.46979865771812,71.94570135746606,71.8562874251497,71.04874446085671,67.95422031473534,68.97506925207756,0.7177033492822966,0.4761904761904762,0.20964360587002098,0.625,0.2079002079002079,0.42105263157894735,0.8032128514056224
670,משמר איילון,77.1978021978022,79.79274611398964,82.58706467661692,88.05970149253731,77.77777777777779,74.87562189054727,83.41584158415841,0.3558718861209964,0.0,0.30120481927710846,0.0,0.0,0.33222591362126247,0.0
672,בית נקופה,74.37185929648241,77.58620689655173,78.23275862068965,77.63713080168776,76.0593220338983,75.31645569620254,74.49799196787149,0.33783783783783783,0.31746031746031744,0.8264462809917356,0.0,0.0,0.0,0.8086253369272237
673,כפר טרומן,82.12180746561886,83.48968105065666,80.41958041958041,80.62283737024222,76.57342657342657,78.29861111111111,77.64505119453925,0.7177033492822966,0.44943820224719105,0.0,0.2145922746781116,0.228310502283105,0.22172949002217296,0.21978021978021978
674,לימן,75.78288100208769,78.3567134268537,73.64485981308411,72.39488117001828,71.63904235727439,69.24528301886792,68.0701754385965,0.5509641873278237,0.2557544757033248,0.0,0.0,0.7712082262210797,0.544959128065395,0.5154639175257731
675,הבונים,72.40143369175627,72.22222222222221,69.86301369863014,67.22408026755853,68.33333333333333,69.18032786885246,64.44444444444444,0.49504950495049505,0.0,0.0,0.0,0.0,0.0,0.0
676,עין השלושה,59.87841945288754,66.66666666666666,60.983606557377044,61.64383561643836,60.12861736334405,60.70287539936102,58.52842809364549,4.568527918781726,0.4464285714285714,1.0752688172043012,0.5555555555555556,0.53475935828877,0.0,0.5714285714285714
677,הסוללים,73.43485617597293,79.12087912087912,77.24719101123596,74.68175388967468,74.5125348189415,73.11827956989248,73.28947368421052,0.2304147465437788,0.1984126984126984,0.9090909090909091,0.5681818181818182,0.0,0.5514705882352942,0.0
678,מעגן,61.81229773462783,66.2379421221865,73.00613496932516,69.1588785046729,66.76829268292683,65.73208722741433,65.2439024390244,0.5235602094240838,0.0,0.42016806722689076,0.45045045045045046,0.45662100456621,1.4218009478672986,1.4018691588785046
679,אביאל,81.13590263691684,81.98019801980197,79.07869481765835,76.73076923076924,79.57610789980733,78.3109404990403,74.04021937842778,0.0,0.24154589371980675,0.48543689320388345,0.0,0.0,0.9803921568627451,0.7407407407407408
680,אומץ,75.88495575221239,76.80525164113786,74.50980392156863,77.9296875,75.78125,77.21021611001964,74.11545623836126,1.1661807580174928,0.0,0.0,0.0,0.0,0.0,0.25125628140703515
681,גבעת שמואל,77.79458097038437,79.97111218103034,78.17775293460033,75.89335103440646,76.15679824561403,74.56834723476598,74.92307692307692,0.39688968086829746,0.39885611077664057,0.27885027885027885,0.3717201166180758,0.30955294795191135,0.29923055001424903,0.25170563688149966
682,אליקים,71.40115163147792,76.73179396092362,73.38983050847457,72.15619694397284,72.18430034129693,66.1512027491409,73.19422150882825,0.5376344086021506,0.23148148148148145,0.0,1.1764705882352942,0.7092198581560284,0.5194805194805194,0.43859649122807015
683,גבע כרמל,75.77639751552795,80.24691358024691,77.80859916782246,78.84615384615384,72.75242047026279,72.91381668946649,75.44581618655693,0.4098360655737705,0.7692307692307693,0.53475935828877,0.5226480836236934,0.38022813688212925,0.37523452157598497,0.0
684,היוגב,79.1586998087954,80.8193668528864,80.38528896672504,76.69039145907473,77.16814159292036,78.6086956521739,81.06796116504854,0.0,0.4608294930875576,0.4357298474945534,0.6960556844547563,0.22935779816513763,0.22123893805309736,0.19960079840319359
685,בניה,84.31372549019608,86.72131147540983,85.34621578099839,82.77511961722487,80.60897435897436,79.96768982229402,78.8961038961039,2.131782945736434,0.5671077504725899,0.0,0.1926782273603083,0.5964214711729622,0.20202020202020202,0.411522633744856
686,נווה ימין,71.75324675324676,77.62605042016807,76.2278978388998,74.87733071638861,73.7,71.41361256544502,73.81703470031546,0.603318250377074,0.5412719891745602,0.3865979381443299,0.5242463958060288,0.27137042062415195,0.1466275659824047,0.14245014245014245
687,עין איילה,79.21259842519684,77.97888386123681,79.07608695652173,75.76974564926373,73.38709677419355,72.35984354628422,71.31979695431471,0.19880715705765406,0.19342359767891684,0.0,0.17667844522968199,0.0,0.5405405405405406,0.0
688,עלמה,62.737642585551335,75.63636363636364,77.50865051903114,76.29757785467129,77.3972602739726,71.69179229480737,77.47899159663866,0.9090909090909091,0.9615384615384616,0.0,0.45351473922902497,0.0,0.46728971962616817,0.6507592190889371
689,מגדים,75.4316069057105,79.48387096774194,78.9002557544757,77.20403022670025,72.58883248730965,75.2157829839704,75.29691211401425,0.528169014084507,1.1363636363636365,0.48622366288492713,0.0,0.17482517482517482,0.32786885245901637,0.15772870662460567
690,כפר אחים,79.41834451901566,79.75206611570248,83.58490566037736,78.83895131086143,79.2910447761194,78.74306839186691,77.29831144465291,0.5633802816901409,0.5181347150259068,0.6772009029345373,0.23752969121140144,0.0,0.4694835680751174,0.24271844660194172
692,שפיר,82.2072072072072,85.28784648187633,84.55598455598455,81.75046554934823,83.89513108614233,80.9009009009009,80.70796460176992,0.821917808219178,0.75,0.0,0.683371298405467,0.4464285714285714,0.22271714922048996,0.21929824561403508
693,"נתיב הל""ה",78.26086956521739,78.4841075794621,77.23214285714286,76.2008733624454,75.97402597402598,73.54166666666667,73.85229540918164,0.32679738562091504,0.0,0.2890173410404624,0.0,0.5698005698005698,0.84985835694051,0.0
694,מעגן מיכאל,69.3213296398892,71.74770039421814,69.18951132300357,67.45562130177515,65.56991774383079,65.54913294797687,63.57882623705409,0.2997002997002997,0.18315018315018314,0.2583979328165375,0.7894736842105263,0.08960573476702509,0.1763668430335097,0.4524886877828055
695,מגן,69.1304347826087,69.95884773662551,74.08207343412528,71.24463519313305,71.92224622030238,70.02188183807439,67.3076923076923,0.628930817610063,0.8823529411764706,0.5830903790087464,0.6024096385542169,0.0,0.0,0.0
696,"כפר חב""ד",69.14186651256861,70.86379637151367,68.28969904575484,67.67408123791103,68.26807590679799,65.65562295846944,67.30725234500115,0.5432511491851233,0.22927015666794037,0.03582945180938731,0.1429081814933905,0.14074595355383532,0.14214641080312723,0.10197144799456152
697,בארותיים,81.74204355108877,82.26299694189603,79.4034090909091,75.80872011251758,77.57142857142857,78.72044506258693,77.58620689655173,0.0,0.37174721189591076,0.0,0.0,0.1841620626151013,0.35335689045936397,0.3418803418803419
698,בורגתה,79.16666666666666,80.82368082368082,78.11704834605598,76.86472819216182,76.8368617683686,75.8830694275274,73.89221556886227,0.7017543859649122,0.6369426751592357,0.16286644951140067,0.1644736842105263,0.0,0.32102728731942215,0.0
699,ניר ישראל,77.23880597014924,78.81508078994614,76.75213675213676,79.0893760539629,77.53378378378379,74.83443708609272,75.48701298701299,0.24154589371980675,0.0,0.0,0.42643923240938164,0.0,0.4424778761061947,0.21505376344086022
700,חצב,71.09067017082786,78.70722433460075,76.32794457274827,76.71711292200233,77.12952158693116,75.0853242320819,77.8516057585825,1.1090573012939002,0.644122383252818,0.6051437216338881,0.6069802731411229,0.45385779122541603,0.15151515151515152,0.2844950213371266
701,ארבל,68.68686868686868,76.01918465227818,76.00896860986546,76.74943566591422,74.11504424778761,69.81132075471697,74.44668008048289,1.1029411764705883,0.9463722397476341,0.2949852507374631,0.0,0.0,0.0,0.2702702702702703
702,האון,63.47305389221557,62.19512195121951,61.43790849673203,60.526315789473685,56.493506493506494,57.432432432432435,53.503184713375795,0.9433962264150944,0.9803921568627451,1.0638297872340425,1.0869565217391304,1.1494252873563218,0.0,0.0
703,גבעת עוז,66.33906633906635,67.58793969849246,68.04878048780488,66.99507389162561,64.08977556109726,62.06030150753769,62.34718826405869,0.0,0.7434944237918215,0.0,0.3676470588235294,0.38910505836575876,0.0,0.39215686274509803
705,נחשונים,70.46979865771812,70.09966777408638,71.80232558139535,71.55172413793103,69.88636363636364,68.25842696629213,70.52341597796143,0.4761904761904762,0.47393364928909953,0.0,0.4016064257028112,0.40650406504065045,0.0,0.0
706,גיאה,75.80340264650283,80.68833652007649,79.6028880866426,79.96422182468694,76.07913669064749,76.71957671957672,75.08710801393728,0.4987531172069825,0.7109004739336493,0.0,0.0,0.0,0.0,0.23201856148491878
707,כפר דניאל,81.81818181818183,79.30283224400871,77.39307535641548,75.61475409836066,74.38524590163934,75.75757575757575,71.68316831683168,0.0,0.0,0.7894736842105263,0.0,0.27548209366391185,0.8,0.0
708,עמקה,71.30620985010707,73.02231237322515,76.46017699115045,74.91166077738515,77.95138888888889,71.40439932318104,74.75409836065575,1.8018018018018018,2.2222222222222223,0.4629629629629629,0.4716981132075472,0.6681514476614699,0.7109004739336493,0.8771929824561403
709,תפרח,89.00462962962963,89.73544973544973,87.98798798798799,87.35059760956176,86.15232443125618,84.55672068636797,88.07763401109058,0.6501950585175552,2.5943396226415096,0.6825938566552902,0.5701254275940707,0.5740528128587831,0.6764374295377678,0.944386149003148
710,בית זית,76.66989351403679,76.37571157495256,74.71958584987057,73.87616624257845,73.83966244725738,73.06052855924978,72.11367673179396,0.7575757575757576,0.37267080745341613,0.3464203233256351,0.1148105625717566,0.0,0.2333722287047841,0.3694581280788177
711,עזריה,72.91361639824304,81.96022727272727,81.72458172458172,79.58921694480102,82.88288288288288,79.64824120603015,84.79604449938195,0.4016064257028112,0.5199306759098787,0.0,0.16129032258064516,0.6211180124223602,0.31545741324921134,0.1457725947521866
712,בן עמי,76.0910815939279,80.71161048689139,78.94736842105263,75.09025270758123,74.81884057971014,74.82014388489209,71.50537634408603,0.24937655860349126,0.23201856148491878,0.0,0.4807692307692308,0.0,0.2403846153846154,0.5012531328320802
713,רעים,76.36363636363637,80.17241379310344,74.59016393442623,70.44198895027624,70.11173184357543,73.67021276595744,72.86821705426357,0.0,0.0,0.3663003663003663,0.39215686274509803,0.0,0.36101083032490977,0.3546099290780142
714,ארז,73.96907216494846,76.44110275689223,76.03911980440098,74.34052757793765,71.65532879818595,71.84035476718404,68.07610993657505,0.0,0.9836065573770493,0.3215434083601286,0.3225806451612903,0.949367088607595,0.30864197530864196,0.3105590062111801
715,להבות חביבה,74.23469387755102,79.29606625258799,78.99305555555556,77.66666666666666,77.17569786535303,75.87859424920129,75.65084226646248,0.0,0.26109660574412535,0.21978021978021978,0.6437768240343348,0.2127659574468085,0.0,0.4048582995951417
716,אייל,80.33240997229917,81.86813186813187,82.77634961439588,78.71794871794872,78.77237851662404,81.97969543147208,81.21951219512195,0.3448275862068966,0.6711409395973155,0.6211180124223602,0.6514657980456027,0.3246753246753247,0.30959752321981426,0.0
717,חגור,78.51739788199697,85.2359208523592,81.30311614730878,81.09243697478992,79.55801104972376,79.75206611570248,79.56104252400549,0.7707129094412332,0.0,0.34843205574912894,0.3454231433506045,0.3472222222222222,0.17271157167530224,0.1724137931034483
718,ירחיב,71.12903225806451,75.33234859675036,74.46808510638297,74.40100882723833,71.13924050632912,69.35096153846155,73.84428223844283,1.3605442176870748,1.3725490196078431,0.5042016806722689,0.5084745762711864,0.7117437722419928,0.5199306759098787,0.3294892915980231
719,תל קציר,69.74169741697416,73.62637362637363,71.89542483660131,73.46278317152104,71.06109324758843,69.93865030674846,69.83240223463687,0.5291005291005291,0.0,0.0,0.881057268722467,0.4524886877828055,0.8771929824561403,1.2
720,ניר גלים,87.97595190380761,87.4766355140187,86.85064935064936,83.5725677830941,85.06998444790047,83.79204892966361,78.91566265060241,0.45558086560364464,0.2136752136752137,0.0,0.0,0.0,0.18248175182481752,0.38167938931297707
721,שדה אילן,81.97674418604652,82.83378746594006,82.63157894736842,78.10026385224275,80.6282722513089,80.55555555555556,81.14558472553699,0.3546099290780142,0.0,0.0,0.33783783783783783,0.3246753246753247,0.0,0.0
722,מגשימים,77.08978328173374,75.54858934169279,78.62481315396114,78.10650887573965,78.69822485207101,79.05308464849354,75.65597667638484,0.0,0.0,0.0,0.1893939393939394,0.37593984962406013,0.3629764065335753,0.1926782273603083
723,בית הגדי,75.39503386004515,84.82905982905983,83.24607329842932,79.75567190226876,81.91304347826087,79.35153583617748,82.52100840336134,0.8982035928143712,1.2594458438287155,0.41928721174004197,0.0,0.42462845010615713,0.21505376344086022,0.0
726,הודיה,57.319587628865975,68.56540084388185,67.94354838709677,66.73387096774194,64.65863453815261,65.51724137931035,68.22429906542055,1.7985611510791366,0.6153846153846154,0.0,0.906344410876133,0.9316770186335404,0.5847953216374269,0.547945205479452
727,תלמי יחיאל,70.07874015748031,73.87387387387388,77.9578606158833,73.94822006472492,74.92012779552716,71.94928684627575,73.18611987381703,0.5617977528089888,0.24390243902439024,0.0,0.87527352297593,0.0,0.4405286343612335,0.43103448275862066
729,משמר השבעה,74.72178060413354,78.28843106180665,76.40949554896143,76.44508670520231,74.43502824858757,72.8169014084507,77.51396648044692,1.702127659574468,0.8097165991902834,0.3883495145631068,0.1890359168241966,0.3795066413662239,0.5802707930367506,0.7207207207207207
730,אליפלט,64.14634146341463,72.88557213930348,70.04405286343612,72.60869565217392,74.57264957264957,70.41036717062636,77.57936507936508,0.7604562737642585,0.0,0.3144654088050315,0.0,0.28653295128939826,0.3067484662576687,0.0
731,מישר,80.4054054054054,83.03964757709251,79.9163179916318,82.59958071278825,80.59071729957806,80.50314465408806,79.42386831275721,0.2801120448179272,0.5305039787798408,0.0,0.25380710659898476,0.0,0.0,0.5181347150259068
732,משמר הירדן,69.75,76.65198237885463,73.80952380952381,71.81818181818181,76.06679035250464,69.8943661971831,74.74226804123711,1.0752688172043012,0.0,0.49627791563275436,0.7594936708860759,0.0,0.5037783375314862,0.22988505747126436
734,גן יאשיה,81.62544169611307,82.93103448275862,79.00641025641025,75.43581616481775,77.77777777777779,77.99696509863429,76.10619469026548,0.6493506493506493,0.2079002079002079,0.4056795131845842,0.0,0.0,0.0,0.1937984496124031
735,רמות מאיר,70.3065134099617,73.75478927203065,74.01433691756273,71.07142857142857,69.63636363636364,72.74368231046931,70.70524412296564,0.2724795640326975,0.2597402597402597,0.24213075060532688,0.5025125628140703,0.5221932114882507,0.49627791563275436,1.0230179028132993
736,גילת,68.02030456852792,76.42369020501138,76.22868605817452,75.44554455445545,75.90597453476984,71.1320754716981,77.65862377122431,0.3731343283582089,0.14903129657228018,0.2631578947368421,0.13123359580052493,0.5161290322580645,1.3262599469496021,0.46029919447640966
737,עולש,78.79234167893962,79.33042212518195,79.41952506596306,77.30870712401055,75.03285151116953,78.23834196891191,73.69758576874206,0.5607476635514018,0.3669724770642202,0.6644518272425249,0.17064846416382254,0.0,0.49668874172185434,0.1724137931034483
738,דור,73.40823970037454,82.70676691729322,80.07246376811594,81.52173913043478,77.89473684210526,77.70034843205575,74.82517482517483,0.5102040816326531,0.45454545454545453,0.4524886877828055,0.8888888888888888,0.0,0.0,0.0
739,שדה עוזיהו,71.58145065398335,79.63800904977376,78.24742268041237,83.45250255362615,80.60606060606061,75.22299306243806,82.94346978557505,0.8305647840531563,0.5681818181818182,0.3952569169960474,0.24479804161566704,0.5012531328320802,0.0,0.23501762632197415
740,אשתאול,78.003120124805,80.88235294117648,81.93891102257636,79.46308724832215,80.77436582109479,77.08609271523179,79.12813738441216,0.4,0.36363636363636365,0.3241491085899514,0.6756756756756757,0.3305785123966942,0.3436426116838488,0.1669449081803005
741,שואבה,75.11627906976744,79.29411764705883,76.77419354838709,73.68421052631578,74.68619246861925,70.62634989200865,73.80952380952381,0.0,0.0,0.2801120448179272,0.0,0.2801120448179272,0.3058103975535168,0.5865102639296188
742,מסילת ציון,80.31496062992126,81.60741885625966,81.96248196248196,82.82387190684133,80.45977011494253,77.55960729312763,81.43459915611815,0.0,0.1893939393939394,0.0,0.7029876977152899,0.17857142857142858,0.0,0.0
743,כפר שמואל,82.37547892720306,82.6086956521739,84.6938775510204,84.32708688245314,84.23728813559322,81.80300500834724,81.98051948051948,0.46511627906976744,1.1441647597254003,0.2008032128514056,0.8080808080808081,0.4024144869215292,0.20408163265306123,0.19801980198019803
744,תלמי יפה,74.32432432432432,78.30188679245283,74.48979591836735,73.11608961303462,74.79838709677419,69.921875,73.38403041825094,0.0,0.30120481927710846,0.273972602739726,0.0,0.0,0.0,0.0
745,גמזו,82.01320132013201,84.15213946117274,84.02366863905326,81.50887573964496,81.80473372781066,78.4457478005865,78.61271676300578,0.4024144869215292,0.18832391713747645,0.17605633802816903,0.0,0.18083182640144665,0.3738317757009346,0.0
746,ברכיה,80.20679468242245,85.63218390804597,84.7568988173456,82.84960422163589,84.72584856396867,81.35376756066411,87.51576292559899,1.1049723756906076,0.8389261744966443,0.15503875968992248,0.0,0.0,0.15698587127158556,0.1440922190201729
747,בית שקמה,53.54969574036511,66.53992395437263,69.87740805604203,75.6993006993007,77.19298245614034,67.99307958477509,73.91304347826086,0.0,1.4285714285714286,0.2506265664160401,0.9237875288683602,0.0,1.0178117048346056,0.9411764705882352
748,מסלול,69.6,78.71794871794872,74.94866529774127,74.74332648870636,74.69879518072288,71.84466019417476,74.9084249084249,0.0,0.0,0.821917808219178,0.27472527472527475,0.2688172043010753,0.0,0.0
749,פטיש,69.6969696969697,82.54237288135593,82.97546012269939,84.7560975609756,80.90225563909775,79.13561847988078,84.9194729136164,0.2557544757033248,0.6160164271047228,0.36968576709796674,0.3597122302158274,0.37174721189591076,0.3766478342749529,0.6896551724137931
750,פדויים,63.957597173144876,72.14765100671141,67.88990825688074,72.28915662650603,73.37278106508876,70.91988130563797,74.06340057636888,0.0,0.46511627906976744,0.0,0.0,0.4032258064516129,0.41841004184100417,0.38910505836575876
751,בית מאיר,74.93036211699165,80.28169014084507,73.52941176470588,68.43501326259947,73.35164835164835,70.83333333333334,71.8475073313783,1.1152416356877324,0.7017543859649122,0.36363636363636365,0.3875968992248062,0.37453183520599254,0.0,0.0
752,תעוז,75.25252525252525,80.98765432098766,80.70588235294117,82.13457076566125,81.62790697674419,77.47126436781609,79.44572748267899,0.33557046979865773,0.0,0.5830903790087464,0.5649717514124294,0.5698005698005698,0.2967359050445104,0.29069767441860467
753,ינוב,73.81370826010544,77.7027027027027,77.68729641693811,76.77419354838709,74.55716586151368,72.90322580645162,74.07407407407408,0.7142857142857143,0.0,0.41928721174004197,0.42016806722689076,0.0,0.22123893805309736,0.8695652173913043
755,גורן,71.02272727272727,75.21367521367522,73.5632183908046,73.25581395348837,78.0701754385965,73.1117824773414,77.32558139534885,0.4,1.5151515151515151,0.390625,0.3968253968253968,0.0,0.4132231404958678,0.37593984962406013
756,בית עזרא,74.74093264248705,80.05050505050505,79.11694510739858,79.11164465786314,75.72463768115942,76.04790419161677,77.43097238895558,1.2131715771230502,0.9463722397476341,0.904977375565611,0.0,0.1594896331738437,0.15748031496062992,0.46511627906976744
757,מצליח,70.58823529411765,77.4364406779661,75.51440329218107,74.5398773006135,76.07361963190185,71.91709844559585,75.88726513569938,1.3888888888888888,0.27359781121751026,0.8174386920980926,0.9602194787379973,0.2688172043010753,0.2881844380403458,1.2379642365887207
758,יד חנה,81.17359413202934,81.83716075156576,79.89228007181327,80.98591549295774,79.20277296360484,79.28082191780823,80.29801324503312,0.0,0.25510204081632654,0.22471910112359553,0.21739130434782608,0.0,0.21598272138228944,0.4123711340206186
759,יציץ,64.65863453815261,75.71701720841301,73.71134020618557,72.89879931389366,76.8166089965398,74.0484429065744,75.99309153713298,0.9316770186335404,1.0101010101010102,0.6993006993006993,0.4705882352941176,0.0,0.0,0.45454545454545453
760,בן זכאי,74.06679764243614,80.85106382978722,81.89509306260575,82.77591973244147,83.14238952536824,78.75816993464052,84.07534246575342,1.3262599469496021,0.21929824561403508,1.0330578512396695,0.20202020202020202,0.5905511811023622,0.0,0.20366598778004072
761,שובה,75.0,80.3763440860215,78.87323943661971,77.33644859813083,81.14558472553699,71.59624413145539,77.45535714285714,0.35842293906810035,1.0033444816053512,0.2976190476190476,0.0,0.0,0.9836065573770493,0.2881844380403458
762,בטחה,75.92954990215264,81.71641791044776,77.72357723577235,81.55339805825243,78.16091954022988,77.50809061488673,81.87599364069952,0.5154639175257731,0.228310502283105,0.41841004184100417,0.3968253968253968,0.6302521008403361,0.6263048016701461,0.0
763,שתולים,71.53780798640612,76.36655948553054,76.2043795620438,75.9800427655025,75.58386411889597,73.18435754189943,77.6027397260274,0.831353919239905,0.8421052631578947,0.38314176245210724,0.37523452157598497,0.18726591760299627,0.5725190839694656,0.529567519858782
764,כפר מרדכי,79.95226730310262,80.37383177570094,79.82832618025752,80.56155507559394,78.74186550976138,76.64543524416136,76.15062761506276,0.0,0.5813953488372093,0.5376344086021506,0.0,0.27548209366391185,0.0,0.0
765,משגב דב,79.49260042283298,79.26565874730022,81.05906313645622,78.26961770623743,78.4,78.21782178217822,75.23992322456814,0.26595744680851063,0.2724795640326975,0.0,0.5141388174807198,0.0,0.0,0.5102040816326531
766,קוממיות,60.32388663967612,57.93991416309014,57.49999999999999,58.26446280991735,72.33201581027669,61.50793650793651,79.45736434108527,2.013422818791946,0.7407407407407408,0.0,0.7092198581560284,0.0,0.0,0.0
767,פורת,59.97409326424871,70.5955334987593,68.64501679731244,71.41280353200882,74.44690265486726,67.03417861080484,74.13419913419914,0.8639308855291578,1.054481546572935,0.48939641109298526,1.0819165378670788,0.44576523031203563,0.3289473684210526,0.583941605839416
768,כרמיה,70.27027027027027,76.72413793103449,74.05764966740577,71.26948775055679,74.94553376906318,72.92576419213974,73.7527114967462,0.0,0.0,0.0,0.0,0.0,0.29940119760479045,0.5882352941176471
769,ניר עציון,69.85645933014354,75.37688442211056,74.5049504950495,70.73170731707317,77.85888077858881,71.83098591549296,71.46171693735499,1.0273972602739725,0.33333333333333337,0.0,1.0344827586206897,0.0,0.0,0.0
771,מבוא ביתר,71.97802197802197,77.21774193548387,76.37271214642263,73.11475409836066,75.36704730831974,75.11811023622047,72.74074074074073,0.0,1.0443864229765014,0.2178649237472767,0.0,0.0,0.0,0.40733197556008144
772,אמונים,71.86009538950715,73.11827956989248,72.62247838616715,75.7703081232493,71.80925666199158,72.08976157082749,71.83673469387755,0.22123893805309736,0.8403361344537815,0.3968253968253968,0.0,0.1953125,0.38910505836575876,0.3787878787878788
773,עמיקם,75.5813953488372,78.44827586206897,77.04280155642024,77.6923076923077,75.52581261950286,73.40619307832422,71.8978102189781,0.3076923076923077,0.27472527472527475,0.25252525252525254,0.0,0.25316455696202533,0.0,0.0
774,צוריאל,70.08196721311475,77.734375,75.08771929824562,73.95833333333334,73.46938775510205,70.81967213114754,67.87878787878789,0.0,0.0,0.0,0.4694835680751174,0.9259259259259258,0.0,0.0
775,יד נתן,71.62921348314607,79.3010752688172,78.07881773399015,76.66666666666667,76.35933806146572,72.79069767441861,73.50835322195705,0.39215686274509803,0.3389830508474576,0.6309148264984227,0.0,0.0,0.0,0.6493506493506493
776,מחסיה,65.37102473498233,77.10437710437711,78.54889589905363,81.50470219435736,82.0754716981132,78.02547770700637,81.9935691318328,0.5405405405405406,0.0,0.8032128514056224,0.0,0.0,0.0,0.39215686274509803
777,נחשון,76.04166666666666,76.61691542288557,75.54585152838428,75.97402597402598,74.30406852248393,74.47257383966245,73.64016736401673,0.0,1.2987012987012987,1.1560693641618496,0.2849002849002849,0.8645533141210375,0.28328611898017,0.2840909090909091
778,תרום,76.30922693266832,85.26970954356847,79.31654676258992,80.0,81.94444444444444,79.05405405405406,80.1948051948052,0.6535947712418301,0.48661800486618007,0.22675736961451248,0.0,0.211864406779661,0.0,0.0
779,עמינדב,75.04244482173175,77.68729641693811,76.48902821316614,73.32293291731669,70.82018927444796,71.7219589257504,71.62576687116564,0.22624434389140274,0.20964360587002098,0.20491803278688525,0.0,0.22271714922048996,0.4405286343612335,0.8565310492505354
780,אורה,72.20779220779221,76.84605757196495,72.92161520190024,74.2621015348288,71.66666666666667,68.6819830713422,71.72081829121541,0.3597122302158274,1.3029315960912053,0.32573289902280134,0.0,0.16611295681063123,0.8802816901408451,0.5033557046979865
783,אבן ספיר,70.94017094017094,75.1984126984127,72.23340040241449,73.33333333333333,70.62374245472837,69.98011928429423,72.92490118577075,0.9036144578313252,0.0,1.1142061281337048,0.5509641873278237,0.5698005698005698,0.0,0.27100271002710025
784,בית נחמיה,73.44537815126051,78.06873977086744,79.93527508090615,79.93579454253612,75.72347266881029,73.51097178683386,75.57959814528593,0.6864988558352403,0.41928721174004197,0.4048582995951417,0.0,0.8492569002123143,0.0,0.408997955010225
785,אחיהוד,76.60377358490567,81.19349005424955,79.53488372093022,78.26747720364742,77.69347496206373,74.74452554744525,76.19047619047619,0.49261083743842365,0.6681514476614699,0.0,0.1941747572815534,1.171875,0.0,0.7352941176470588
786,כפר זיתים,57.756563245823386,70.73170731707317,72.09775967413442,74.01247401247402,75.10548523206751,71.875,74.4186046511628,0.4132231404958678,0.0,0.2824858757062147,0.8426966292134831,0.0,0.5797101449275363,0.2840909090909091
787,גבעת יערים,74.51923076923077,78.14645308924484,76.63451232583066,76.20064034151548,75.45551982851019,71.93932827735645,71.2882096069869,1.129032258064516,0.29282576866764276,0.0,0.1400560224089636,0.4261363636363636,0.15060240963855423,0.45941807044410415
788,זיתן,76.89243027888446,83.67088607594937,80.36363636363636,78.30303030303031,84.94492044063648,76.9704433497537,82.3960880195599,0.690846286701209,1.059001512859304,0.4524886877828055,0.30959752321981426,0.1440922190201729,0.16,0.1483679525222552
789,רנן,64.73829201101928,73.57512953367875,76.11241217798595,69.5150115473441,71.78329571106094,67.97385620915033,74.14529914529915,0.851063829787234,0.7042253521126761,0.3076923076923077,0.33222591362126247,0.628930817610063,0.641025641025641,0.8645533141210375
791,משען,69.25566343042071,74.08536585365853,78.71428571428571,78.3166904422254,80.25387870239774,76.29733520336606,78.48275862068965,2.336448598130841,1.02880658436214,0.5444646098003629,0.0,0.35149384885764495,0.1838235294117647,0.0
792,נתיב השיירה,73.07692307692307,79.02439024390245,75.72115384615384,75.30864197530865,76.3681592039801,69.62962962962963,73.74701670644392,0.0,0.30864197530864196,0.6349206349206349,0.0,0.0,0.0,0.0
793,גבעתי,67.63698630136986,75.33783783783784,71.26984126984127,75.62111801242236,75.38226299694189,68.7218045112782,77.25258493353027,0.5063291139240507,0.8968609865470852,1.3363028953229399,0.20533880903490762,0.4056795131845842,0.437636761487965,0.0
794,עגור,71.48148148148148,72.72727272727273,73.92739273927393,78.52348993288591,80.13245033112582,73.73417721518987,75.53516819571865,0.0,0.4807692307692308,0.0,0.4273504273504274,0.0,0.4291845493562232,0.8097165991902834
795,יערה,73.8359201773836,79.41176470588235,73.224043715847,70.86330935251799,72.35188509874327,67.66256590509666,65.76271186440678,1.5015015015015014,0.0,0.4975124378109453,0.0,0.49627791563275436,2.3376623376623376,0.25773195876288657
796,צלפון,70.43795620437956,76.34782608695653,77.56024096385542,74.21758569299553,76.51403249630724,71.69540229885058,77.29885057471265,0.0,2.050113895216401,0.5825242718446602,0.6024096385542169,0.5791505791505791,0.6012024048096193,0.37174721189591076
797,אחיעזר,78.70370370370371,83.93731635651322,83.37684943429069,86.48180242634315,87.09677419354838,82.8266228430567,85.7843137254902,0.130718954248366,1.0501750291715286,0.31315240083507306,0.1002004008016032,0.3898635477582846,0.2976190476190476,0.4761904761904762
798,יגל,71.6117216117216,79.10189982728842,80.48387096774194,80.51948051948052,80.1948051948052,76.16000000000001,81.61648177496038,1.0230179028132993,0.21834061135371177,0.2004008016032064,0.20161290322580644,0.20242914979757085,0.21008403361344538,0.3883495145631068
799,זכריה,74.56279809220986,80.75801749271136,76.32275132275133,75.42262678803641,76.96335078534031,75.98425196850394,81.61668839634942,0.42643923240938164,0.0,0.17331022530329288,0.1724137931034483,0.17006802721088435,0.17271157167530224,0.6389776357827476
800,בית חנניה,78.40466926070039,82.67148014440433,78.86178861788618,77.27272727272727,75.32679738562092,76.2360446570973,76.27388535031847,0.49627791563275436,0.21834061135371177,0.0,0.0,0.0,0.20920502092050208,0.0
801,חמד,85.77235772357723,87.28323699421965,87.5222816399287,83.06595365418895,83.85964912280703,84.87972508591065,82.57328990228014,0.7109004739336493,0.0,0.0,0.2145922746781116,0.41841004184100417,0.0,0.9861932938856016
802,"גבעת כ""ח",71.70172084130019,75.57377049180329,72.72727272727273,76.2481089258699,74.03993855606758,72.24806201550388,79.375,1.0666666666666667,0.0,0.4166666666666667,0.1984126984126984,0.2074688796680498,0.0,0.19685039370078738
803,יושיביה,82.12765957446808,86.95652173913044,78.72340425531915,79.34131736526946,80.71216617210682,76.27118644067797,82.22811671087533,0.0,0.4166666666666667,0.3861003861003861,0.37735849056603776,0.3676470588235294,0.3703703703703704,0.3225806451612903
804,אחיסמך,72.25647348951911,79.83392645314353,79.03225806451613,78.73563218390804,84.73804100227791,76.96629213483146,83.14606741573034,0.5119453924914675,0.7429420505200593,0.7288629737609329,0.291970802919708,0.2688172043010753,0.145985401459854,0.2702702702702703
805,ישעי,78.82599580712788,78.74015748031496,76.21621621621621,78.28467153284672,78.32422586520947,73.19223985890653,77.77777777777779,0.5319148936170213,0.25,0.7092198581560284,0.2331002331002331,0.6976744186046512,0.48192771084337355,0.0
806,עין יהב,80.12820512820514,79.5031055900621,75.66539923954373,75.75757575757575,71.88081936685289,72.31040564373897,68.77022653721683,0.8,0.78125,0.0,0.0,0.0,0.0,0.4705882352941176
807,חניאל,72.84345047923323,74.88372093023256,73.97881996974282,74.27701674277016,71.23287671232876,71.04072398190046,72.64296754250387,0.6578947368421052,0.2070393374741201,0.408997955010225,0.4098360655737705,0.4273504273504274,0.42462845010615713,0.2127659574468085
808,ניר אליהו,70.50147492625368,74.74489795918367,71.29186602870813,73.74701670644392,72.42206235011992,76.30331753554502,74.3529411764706,0.8368200836820083,0.3412969283276451,0.33557046979865773,0.3236245954692557,0.33112582781456956,0.3105590062111801,0.6329113924050633
809,נחם,87.5,91.7312661498708,84.55882352941177,79.41888619854721,79.66507177033493,73.47931873479318,78.94736842105263,1.1904761904761905,0.8450704225352111,0.2898550724637681,0.9146341463414633,0.3003003003003003,0.0,0.6060606060606061
810,עופר,76.86170212765957,80.98958333333334,79.4486215538847,78.0,75.69620253164557,74.23469387755102,76.3681592039801,0.6920415224913495,0.0,0.0,0.3205128205128205,0.33444816053511706,0.3436426116838488,0.0
811,יכיני,78.04878048780488,80.41002277904327,78.57142857142857,78.93617021276596,80.97251585623678,73.70600414078675,80.08298755186722,0.625,0.84985835694051,0.0,0.0,0.0,0.0,0.2590673575129534
812,שלומי,64.91525423728814,69.15907207953605,66.87189672293943,66.73866090712744,67.01169254360744,63.711911357340725,66.46848989298454,1.7297650130548303,1.3477088948787064,0.6534006534006533,0.7355104442483084,0.3146453089244851,0.6956521739130435,0.638895987733197
813,עין יעקב,74.39862542955326,76.6721044045677,79.04624277456648,78.79656160458453,79.07303370786516,73.52941176470588,78.73711340206185,0.6928406466512702,0.2127659574468085,0.18281535648994515,0.18181818181818182,0.17761989342806395,0.36363636363636365,0.32733224222585927
814,תלמים,72.14137214137214,80.7766990291262,75.58348294434471,78.67132867132867,79.01234567901234,74.02826855123675,82.14904679376083,2.0172910662824206,0.4807692307692308,0.23752969121140144,0.2222222222222222,0.4464285714285714,0.0,0.21097046413502107
815,זבדיאל,79.26509186351706,82.88770053475936,84.36724565756823,84.9514563106796,85.06024096385542,84.92822966507177,87.47203579418344,1.6556291390728477,0.6451612903225806,0.5882352941176471,0.2857142857142857,0.0,0.28169014084507044,0.0
816,זנוח,67.24137931034483,75.68306010928961,71.46464646464646,74.68671679197995,72.61306532663316,67.72616136919315,74.93857493857494,0.8547008547008548,1.444043321299639,0.0,0.33557046979865773,0.34602076124567477,0.0,0.0
817,עזריקם,72.14554579673776,77.67106842737095,78.21350762527233,80.76923076923077,78.609062170706,72.98136645962732,78.32661290322581,0.5217391304347827,0.46367851622874806,0.2785515320334262,0.3968253968253968,0.2680965147453083,0.7092198581560284,0.0
818,זרחיה,76.79425837320574,82.17592592592592,83.29853862212944,84.26501035196688,85.86065573770492,84.98023715415019,86.51252408477842,0.0,0.0,0.2506265664160401,0.0,0.23866348448687352,0.46511627906976744,0.0
819,אביגדור,80.45774647887323,83.47978910369068,80.71312803889789,77.86624203821655,79.09238249594813,77.75974025974025,80.0658978583196,0.2188183807439825,0.0,0.0,0.2044989775051125,0.819672131147541,0.20876826722338201,0.6172839506172839
820,חלץ,63.63636363636363,72.49283667621776,69.36416184971098,69.40509915014165,73.1638418079096,71.38888888888889,73.56948228882834,0.8928571428571428,1.9762845849802373,0.0,0.40816326530612246,0.3861003861003861,0.38910505836575876,0.7407407407407408
821,אחוזם,64.85714285714286,73.36956521739131,70.84398976982096,74.3073047858942,69.94949494949495,72.06982543640898,72.02970297029702,0.881057268722467,0.3703703703703704,0.0,0.0,0.0,0.34602076124567477,0.3436426116838488
822,מטע,70.92511013215858,77.21021611001964,74.01129943502825,73.04832713754647,73.21100917431193,72.37076648841355,71.28205128205128,0.0,0.5089058524173028,0.0,0.0,0.2506265664160401,0.0,0.0
823,בר גיורא,74.2782152230971,75.9493670886076,77.34939759036145,72.92682926829268,75.48543689320388,72.61904761904762,77.03016241299304,2.1201413427561837,1.6666666666666667,0.0,0.33444816053511706,0.3215434083601286,0.32786885245901637,0.0
824,כוכב מיכאל,73.64217252396166,74.81031866464339,75.78796561604585,72.93447293447294,74.03708987161198,71.1297071129707,72.59358288770053,0.0,0.0,0.3780718336483932,0.1953125,0.9633911368015413,0.39215686274509803,0.3683241252302026
825,נס הרים,70.63197026022306,80.6501547987616,76.53333333333333,75.83979328165374,75.95419847328245,72.34567901234567,72.62443438914026,0.7894736842105263,0.19193857965451055,0.0,0.0,0.16750418760469013,0.0,0.3115264797507788
826,עוזה,71.65775401069519,78.6096256684492,75.41436464088397,77.3841961852861,78.96174863387978,71.8232044198895,78.0701754385965,1.8656716417910446,0.6802721088435374,0.0,0.0,0.34602076124567477,0.0,0.37453183520599254
827,נווה מבטח,76.11940298507463,81.41809290953546,82.560706401766,81.4410480349345,78.8546255506608,77.77777777777779,76.8172888015717,0.0,0.0,0.8021390374331552,0.2680965147453083,0.0,0.5494505494505495,0.2557544757033248
828,ישרש,71.4968152866242,77.17717717717719,77.79329608938548,75.20547945205479,71.52682255845943,76.42956764295677,77.10344827586208,1.1135857461024499,1.1673151750972763,0.5385996409335727,0.36429872495446264,0.0,0.5474452554744526,0.0
829,מבטחים,61.111111111111114,62.67029972752044,60.77922077922078,64.15584415584415,61.696658097686374,60.20151133501259,66.9172932330827,0.45454545454545453,0.8695652173913043,0.0,0.0,0.0,0.0,0.37453183520599254
831,ירוחם,60.26792750197005,64.30863254392666,66.48686030428769,66.23908296943232,67.15534633490249,62.575163398692816,66.09846075562905,1.856694560669456,2.090757899738655,1.1233617640940294,1.1536876802637,1.041458041257761,1.2533946104031752,0.9815242494226328
833,נורית,,,83.6734693877551,82.0754716981132,83.78378378378379,79.52755905511812,77.7027027027027,,,0.0,0.0,0.0,0.0,0.0
836,גנות,81.04395604395604,82.42074927953891,76.72413793103449,78.0701754385965,76.63817663817663,75.70621468926554,78.55072463768116,2.0338983050847457,0.6993006993006993,0.0,0.0,0.37174721189591076,0.3731343283582089,0.0
837,עזריאל,79.7244094488189,84.38661710037175,83.25041459369817,81.4070351758794,82.07236842105263,77.70382695507487,79.6116504854369,0.7407407407407408,0.6607929515418502,0.199203187250996,0.411522633744856,0.0,1.070663811563169,0.20325203252032523
838,פדיה,72.6,79.63302752293579,78.7052810902896,79.62648556876061,77.75919732441471,77.44107744107744,80.55555555555556,1.1019283746556474,1.8433179723502304,0.6493506493506493,0.42643923240938164,0.21505376344086022,1.0869565217391304,0.8113590263691683
839,פתחיה,71.63934426229508,78.19905213270142,79.05844155844156,78.43137254901961,78.75816993464052,75.72815533980582,78.87323943661971,1.8306636155606408,0.20202020202020202,0.41067761806981523,0.4166666666666667,0.8298755186721992,0.4273504273504274,0.0
840,כיסופים,57.028112449799195,55.39568345323741,54.70383275261324,50.86505190311419,50.159744408945684,49.2063492063492,54.333333333333336,0.7042253521126761,0.0,0.0,0.6802721088435374,0.6369426751592357,0.0,0.6134969325153374
841,אלישמע,77.4108322324967,79.34093789607097,81.32678132678133,77.61377613776138,77.83251231527095,79.8780487804878,79.43349753694581,0.5119453924914675,1.2779552715654952,0.7552870090634441,0.15847860538827258,0.7911392405063291,0.3053435114503817,0.7751937984496124
842,געש,74.77797513321492,78.62068965517241,79.19876733436055,78.419452887538,77.97619047619048,79.23186344238977,76.96551724137932,1.66270783847981,0.8771929824561403,0.0,0.0,0.19083969465648853,0.17953321364452424,0.5376344086021506
843,מרגליות,47.66666666666667,55.91054313099042,56.92771084337349,58.805970149253724,57.30994152046783,55.917159763313606,62.14689265536724,0.0,0.0,0.0,0.0,0.0,0.5291005291005291,0.45454545454545453
844,נחל עוז,68.8622754491018,70.47619047619048,71.8475073313783,68.40579710144927,71.30681818181817,67.42857142857143,70.70422535211267,0.0,0.0,0.0,1.2711864406779663,0.398406374501992,0.0,0.398406374501992
845,כפר עזה,76.875,75.5192878338279,74.2296918767507,70.06993006993008,73.17744154057772,73.18059299191376,73.30729166666666,0.0,0.0,0.37735849056603776,0.0,0.0,0.1841620626151013,0.17761989342806395
846,שפר,67.49116607773851,71.52777777777779,73.73417721518987,71.47335423197492,70.7165109034268,63.91437308868502,69.90595611285266,0.5235602094240838,0.0,0.0,0.0,0.0,0.9569377990430622,0.0
848,בית רבן,75.40983606557377,83.11258278145695,82.7485380116959,74.48680351906158,74.92447129909365,71.73913043478261,70.90301003344482,0.0,0.0,0.0,0.39370078740157477,0.0,0.0,0.4716981132075472
849,דבירה,80.81264108352144,78.81188118811882,76.19047619047619,78.44036697247707,75.26881720430107,78.53949329359166,76.0932944606414,0.0,0.0,0.20161290322580644,0.1949317738791423,0.0,0.18975332068311196,0.0
850,אחיטוב,70.23255813953489,80.86053412462908,79.18424753867792,77.25988700564972,76.47058823529412,73.006993006993,74.29340511440108,0.44150110375275936,0.0,2.4866785079928952,0.0,0.7326007326007326,0.19157088122605362,0.18115942028985507
851,ניצני עוז,74.47129909365559,80.60781476121564,74.8663101604278,77.58152173913044,76.98519515477793,73.09782608695652,73.8562091503268,1.0141987829614605,0.17953321364452424,0.35714285714285715,0.0,0.17482517482517482,0.18587360594795538,0.5309734513274336
852,גונן,67.44868035190615,71.34502923976608,69.85507246376812,67.75147928994083,68.22157434402332,65.19174041297934,62.5,0.43478260869565216,0.0,0.8298755186721992,0.8733624454148471,0.0,0.904977375565611,0.8888888888888888
853,גאליה,78.84130982367759,78.62407862407862,77.13950762016412,75.59523809523809,77.0059880239521,76.98695136417555,73.65853658536585,0.3194888178913738,0.0,0.4559270516717325,0.15748031496062992,0.3110419906687403,0.15408320493066258,0.8278145695364238
854,רחוב,67.28624535315984,78.09187279151944,72.98136645962732,71.91358024691358,75.0,71.21212121212122,73.80952380952381,1.1049723756906076,1.809954751131222,0.0,0.0,0.0,0.425531914893617,0.4032258064516129
856,שעלבים,88.75878220140515,90.54982817869416,88.52691218130312,86.468200270636,85.63758389261746,82.0051413881748,80.46116504854369,0.0,0.18975332068311196,0.32,0.0,0.0,0.1567398119122257,0.1508295625942685
857,כפר אביב,79.0,81.08108108108108,77.21280602636534,76.50375939849624,76.67910447761194,76.23400365630712,72.77580071174377,1.0126582278481013,0.9523809523809524,0.0,0.0,0.0,0.4796163069544364,0.0
858,נווה ירק,82.98906439854193,84.53237410071942,80.86124401913875,79.21615201900238,79.12735849056604,79.30622009569377,75.5813953488372,0.29282576866764276,0.7092198581560284,0.0,0.29985007496251875,0.14903129657228018,0.0,0.0
859,כסלון,70.93023255813954,77.6173285198556,77.37226277372264,71.22302158273382,76.89530685920577,71.62629757785467,74.25742574257426,0.0,0.0,0.0,0.5050505050505051,0.0,0.0,0.4444444444444444
861,שדה אליעזר,69.53271028037383,76.04690117252932,75.35321821036108,73.45971563981043,73.1629392971246,68.27371695178849,69.8813056379822,0.2688172043010753,0.6607929515418502,0.0,0.0,0.21834061135371177,0.22779043280182232,0.0
862,גני יוחנן,76.48221343873519,77.26396917148362,74.95327102803738,75.93984962406014,75.32956685499059,73.67424242424242,75.1923076923077,0.2583979328165375,1.4962593516209477,0.4987531172069825,0.24752475247524752,0.25,0.7712082262210797,0.0
863,גינתון,79.15966386554622,81.40293637846656,78.74617737003058,79.45205479452055,79.11585365853658,76.87687687687688,78.0185758513932,1.48619957537155,0.2004008016032064,0.3883495145631068,0.38314176245210724,0.3853564547206166,0.78125,0.3968253968253968
864,בקוע,75.24038461538461,80.68181818181817,81.1284046692607,80.93457943925235,79.62962962962963,73.98523985239852,83.36252189141857,0.9584664536741214,0.28169014084507044,0.0,0.23094688221709006,0.23255813953488372,0.0,0.8403361344537815
865,שיבולים,75.57251908396947,83.52941176470588,80.75471698113208,75.2895752895753,77.56653992395437,73.07692307692307,76.59574468085107,0.5050505050505051,3.286384976525822,0.46728971962616817,1.0256410256410255,0.9803921568627451,0.0,0.0
866,יטבתה,64.51612903225806,64.22893481717011,63.213213213213216,61.847988077496275,63.83601756954612,62.4103299856528,59.07172995780591,0.75,0.0,0.23752969121140144,0.24096385542168677,0.0,0.0,0.4761904761904762
868,אלוני יצחק,24.347826086956523,22.689075630252102,21.052631578947366,22.04724409448819,19.166666666666668,18.4,19.2,0.0,0.0,0.0,0.0,0.0,0.0,0.0
870,גבעת השלושה,77.11670480549199,77.50556792873051,78.87323943661971,78.18181818181819,77.2,80.6949806949807,77.5894538606403,0.2967359050445104,0.28735632183908044,0.5102040816326531,0.0,0.0,0.23923444976076555,0.24271844660194172
871,עינת,84.64730290456431,84.92366412213741,84.14414414414414,81.28342245989305,82.43478260869566,83.04794520547945,79.83333333333333,0.49019607843137253,0.22471910112359553,0.0,0.21929824561403508,0.0,0.4123711340206186,0.20876826722338201
872,גאולי תימן,68.21428571428572,75.45787545787546,77.23880597014924,78.62595419847328,79.3103448275862,70.8171206225681,76.5873015873016,1.0471204188481675,0.0,0.966183574879227,0.0,0.0,0.0,0.5181347150259068
873,שלווה,65.78171091445427,80.35714285714286,80.42328042328042,79.08847184986595,84.02061855670104,77.1712158808933,83.3729216152019,0.4484304932735426,0.0,0.0,0.3389830508474576,0.6134969325153374,0.6430868167202572,0.0
874,מגדל העמק,61.3515791561307,65.41612137075276,63.25264394829612,63.65607617611012,63.673162006966024,60.54861208631747,63.9734918977804,1.8344916760950378,1.474510966212211,0.8025562904064799,0.866409952606635,0.63571850975754,0.7962891379976806,0.8585213566056478
877,בית חירות,80.50541516245488,80.74866310160428,79.09698996655518,78.08896210873147,77.04918032786885,78.70216306156405,74.75728155339806,0.2242152466367713,0.22075055187637968,0.0,0.8438818565400843,0.2127659574468085,0.21141649048625794,0.0
880,עין שריד,72.9253112033195,76.43622200584225,76.41597028783659,75.61419472247498,74.22867513611615,74.3427017225748,75.71942446043165,0.2844950213371266,0.89171974522293,0.24301336573511542,0.12033694344163659,0.4889975550122249,0.24390243902439024,0.9501187648456058
885,שדה בוקר,69.42528735632185,66.32911392405063,70.09803921568627,66.17647058823529,67.2289156626506,66.58767772511848,62.149532710280376,0.6622516556291391,0.38167938931297707,0.6993006993006993,0.0,0.0,0.0,0.37593984962406013
888,"כפר הרי""ף",74.90636704119851,81.50807899461401,77.29636048526864,80.55077452667814,81.17443868739205,77.66323024054984,76.03305785123968,0.0,0.881057268722467,0.2242152466367713,0.0,0.2127659574468085,0.4424778761061947,0.21739130434782608
889,כפר חסידים ב',74.19354838709677,72.56317689530685,73.97260273972603,74.88372093023256,75.98039215686273,72.6027397260274,69.91150442477876,2.1739130434782608,0.4975124378109453,0.0,0.0,0.6451612903225806,0.0,0.6329113924050633
890,כפר הנוער הדתי,50.877192982456144,,,,,,,0.0,,,,,,
892,עבדון,69.3002257336343,72.3044397463002,70.76023391812866,72.11538461538461,72.7447216890595,69.61538461538461,76.13636363636364,0.9771986970684038,0.8771929824561403,0.0,0.5333333333333333,1.0554089709762533,0.2762430939226519,0.0
913,שבלי - אום אל-גנם,43.933550875111244,59.28611266034579,39.63008631319359,56.72003881610868,60.87685673215142,37.288919731667825,50.04397537379067,1.8906144496961512,0.8936970837253058,0.8711885500933417,0.5132591958939264,0.5509641873278237,1.1786600496277915,0.7908611599297013
916,ישע,70.83333333333334,72.6923076923077,73.45454545454545,75.0,70.96774193548387,64.86486486486487,71.76079734219269,0.5882352941176471,0.5291005291005291,0.49504950495049505,2.380952380952381,0.0,0.5208333333333333,0.4629629629629629
917,עצמון שגב,75.74193548387098,74.7878787878788,73.39955849889624,75.56306306306307,73.94209354120267,75.18557794273595,68.09571286141576,0.0,0.1620745542949757,0.15037593984962408,0.14903129657228018,0.15060240963855423,0.14104372355430184,0.14641288433382138
919,גבעת ישעיהו,75.1231527093596,84.30493273542601,77.64705882352942,76.33136094674556,76.21832358674465,74.85265225933202,72.5296442687747,0.0,0.5319148936170213,0.25252525252525254,0.0,0.0,0.26246719160104987,0.2724795640326975
921,שער מנשה,9.01639344262295,10.833333333333334,9.923664122137405,9.16030534351145,8.088235294117647,10.655737704918032,15.909090909090908,9.090909090909092,7.6923076923076925,15.384615384615385,8.333333333333332,0.0,0.0,4.761904761904762
922,רכסים,85.1234809878479,85.90001831166452,86.30786847701619,85.50467591099645,84.57530786233029,81.67499621384219,84.21279036420992,0.39143449228643795,1.17245789810275,0.9476876421531463,0.6034320196115406,0.5040134403584096,0.5933617652512516,0.6129746296611612
939,מסעודין אל-עזאזמה,37.26027397260274,45.27758970886933,42.02836879432624,61.369329251322014,59.83229645658642,47.54035845938731,46.87351965892942,2.6785714285714284,0.9719626168224299,0.911238609517381,0.8163265306122449,0.7685352622061482,1.0160427807486632,0.7326932794340576
942,סואעד (חמרייה),76.84210526315789,42.47787610619469,34.02777777777778,45.20547945205479,56.00000000000001,31.92771084337349,32.369942196531795,0.0,0.0,4.081632653061225,0.0,2.380952380952381,3.7735849056603774,3.571428571428571
944,בסמת טבעון,39.63819555759102,51.39604810996563,31.859084817154894,47.14555765595463,54.663935952336615,32.61740080087368,43.02160821820758,2.657423454650491,1.6297534475553699,2.1033653846153846,1.6038492381716118,0.3405994550408719,2.064732142857143,1.1115685467270482
956,הוזייל (שבט),22.070534698521048,31.86022610483042,32.602739726027394,35.240690281562216,41.509433962264154,27.699115044247787,34.86159169550173,1.5463917525773196,0.6451612903225806,1.400560224089636,1.2886597938144329,0.8658008658008658,1.5974440894568689,1.240694789081886
957,עוקבי (בנו עוקבה),64.11483253588517,70.08547008547008,43.84057971014493,50.53003533568905,59.589041095890416,39.14373088685015,49.57507082152974,0.0,0.6097560975609756,1.6528925619834711,1.3986013986013985,0.0,0.78125,0.5714285714285714
958,אבו עבדון (שבט),65.09433962264151,31.092436974789916,8.695652173913043,33.81294964028777,28.87323943661972,18.0,26.623376623376622,0.0,2.7027027027027026,0.0,2.127659574468085,2.4390243902439024,0.0,0.0
960,אסד (שבט),22.30971128608924,15.95238095238095,10.245901639344263,22.131147540983605,26.57200811359026,16.2426614481409,24.675324675324674,2.3529411764705883,1.4925373134328357,4.0,2.7777777777777777,0.7633587786259541,1.2048192771084338,3.7593984962406015
961,אבו רוקייק (שבט),27.24846543901788,30.225921521997623,24.067363035600085,40.37775445960126,44.57905544147844,34.45295619721077,39.44902548725637,2.1547502448579823,0.7867820613690008,1.1514614703277237,0.8316008316008316,0.23030861354214646,0.5701254275940707,0.5700712589073634
962,טובא-זנגריה,33.06936100491535,46.566855962829116,30.29197080291971,44.193912063134164,51.82204337133914,32.965128871561625,43.93907782182349,3.3030553261767133,1.3303769401330376,2.635542168674699,1.8367346938775513,0.6039689387402933,1.1169513797634691,1.0921177587844255
963,אעצם (שבט),35.14261977291609,32.23540808912569,21.441320838911203,41.39890710382514,43.411513859275054,30.122662376834906,39.774436090225564,2.048857368006304,1.8782870022539442,1.8730489073881373,0.8975712777191129,0.2455795677799607,0.6008010680907877,1.275992438563327
964,קודייראת א-צאנע(ש,30.17751479289941,34.83754512635379,12.863705972434916,30.457614403600903,28.51851851851852,20.60478199718706,22.817460317460316,2.6143790849673203,1.0362694300518136,1.1904761904761905,2.4630541871921183,1.0389610389610389,1.023890784982935,1.4492753623188406
965,אטרש (שבט),28.8135593220339,27.6969696969697,15.127175368139223,31.000654022236755,32.429022082018925,29.660512209648598,33.49972268441486,1.583710407239819,1.5317286652078774,0.4424778761061947,0.8438818565400843,0.5836575875486382,0.8032128514056224,0.9933774834437087
966,אבו רובייעה (שבט),15.767366720516963,20.445459737292975,19.418218933401377,36.92269076305221,37.53694581280788,23.169864960909734,33.36306868867083,2.459016393442623,1.536312849162011,1.0512483574244416,1.6315431679129844,1.3779527559055118,1.2269938650306749,1.537433155080214
967,אבו ג'ווייעד (שבט,15.038115038115038,19.440993788819878,14.360313315926893,27.63895971443141,29.484638255698712,16.007445323406237,24.089512944273807,5.0691244239631335,2.2364217252396164,1.8181818181818181,1.6605166051660518,1.0084033613445378,0.0,1.639344262295082
968,אבו קורינאת (שבט),27.661357921207042,28.268156424581004,21.86539118551418,41.0204766700235,43.990780375370434,31.69433134982775,35.88304784406379,1.5151515151515151,0.922266139657444,1.7187500000000002,1.0638297872340425,0.5988023952095809,0.4940711462450593,0.49382716049382713
969,עטאוונה (שבט),23.387096774193548,47.89915966386555,4.504504504504505,39.285714285714285,28.18181818181818,12.389380530973451,29.310344827586203,0.0,0.0,0.0,0.0,0.0,0.0,0.0
970,תראבין א-צאנע (שב,16.78082191780822,16.588419405320813,5.241935483870968,6.457925636007827,9.230769230769232,10.43956043956044,12.714776632302405,5.1020408163265305,0.0,0.0,0.0,0.0,1.7543859649122806,2.7027027027027026
972,קוואעין (שבט),25.40983606557377,74.818401937046,13.771186440677965,19.789473684210527,24.130879345603272,22.823984526112184,25.09025270758123,1.0752688172043012,0.0,1.5384615384615385,0.0,0.847457627118644,2.5423728813559325,0.0
975,זרזיר,48.74651810584958,48.66148531951641,36.15678776290631,48.76391772032459,53.36439888164026,34.378943573102575,44.392361111111114,2.761904761904762,0.8873114463176575,1.6922263352723426,1.0061919504643964,0.7334963325183375,0.8390141583639223,0.7430582714118107
976,ג'נאביב (שבט),38.907849829351534,38.226299694189606,34.598214285714285,44.90238611713666,44.14225941422594,31.3953488372093,40.78014184397163,3.508771929824561,2.4,1.935483870967742,0.4830917874396135,0.47393364928909953,0.0,0.8695652173913043
978,כעביה-טבאש-חג'אג',56.65041782729805,46.474773609314354,43.42729556237789,56.89512799339389,60.01626457034427,40.451799317047545,56.3549761845074,1.4751075599262446,0.5567153792623522,1.992287917737789,0.7740686985970004,0.31616982836495033,0.5194805194805194,0.6672597864768683
986,ח'ואלד (שבט),35.099337748344375,47.019867549668874,,,,,,0.0,2.8169014084507045,,,,,
990,ראס עלי,59.27152317880795,62.5,40.51282051282051,59.60099750623441,70.44334975369459,43.39622641509434,53.6036036036036,1.1173184357541899,1.4634146341463417,1.89873417721519,0.8368200836820083,0.6993006993006993,0.0,0.0
993,חמאם,39.319872476089266,50.0,37.115215479331574,48.702422145328725,56.22317596566524,34.08521303258145,48.45528455284553,1.6216216216216217,1.7647058823529411,2.3696682464454977,0.3552397868561279,1.0687022900763359,1.715686274509804,0.6711409395973155
994,מנשית זבדה,59.90853658536586,65.15775034293553,50.5441354292624,61.04513064133017,69.60093896713614,44.69525959367946,53.182308522114354,1.0178117048346056,0.8421052631578947,1.9138755980861244,0.19455252918287938,0.16863406408094433,1.2626262626262625,0.8113590263691683
997,רומת הייב,34.75887170154686,39.126784214945424,39.45986496624156,43.42688330871492,47.58771929824561,35.99153140437544,43.61917623227549,6.544502617801047,3.004291845493562,1.1406844106463878,1.0204081632653061,0.4608294930875576,1.9607843137254901,1.7027863777089782
998,ביר אל-מכסור,44.07171775592828,48.84933477166487,31.701520912547526,48.335427135678394,55.21812856482195,39.19282511210762,61.493348591045624,1.7060367454068242,1.6562384983437615,1.299350324837581,1.0071474983755686,0.5862646566164154,0.8009153318077803,0.8839264945336125
1015,מבשרת ציון,71.6800695500978,74.91049003366643,73.56790843092575,71.80924183144761,71.73247466216216,69.71500156592546,71.3287775246773,0.5761067313523348,0.5136253388500499,0.26651300151264135,0.3165954940362244,0.22076679667378027,0.18718179095537588,0.2838691363281527
1020,אור עקיבא,52.45611551528879,64.06816781876668,62.970360824742265,62.729124236252545,64.58085146404163,59.3811394891945,63.940932702970876,1.7406557819457564,0.9187052665313534,0.7367236263174051,0.6392045454545455,0.6116504854368933,0.5272952853598015,0.6937471474212688
1024,חרוצים,72.46376811594203,77.46967071057192,75.68493150684932,76.60311958405546,77.34513274336283,74.65034965034964,76.91056910569107,1.0,0.0,0.6787330316742082,0.0,0.6864988558352403,0.0,0.42283298097251587
1031,שדרות,55.58055539108295,62.56586483390607,64.7713598074609,64.19356433196579,65.39708657987707,59.797139384874264,65.55569798743751,1.9068925109193564,1.4372024899304285,1.223099551014089,0.9471009471009472,0.7326278398579146,0.7191432814820605,0.6518055012384305
1034,קרית מלאכי,61.246373155039734,68.00848779878925,66.77119697059346,67.75613190940031,69.36523607642721,62.46496997426365,70.50604019373155,1.6168898043254376,1.4224098375699734,0.877270713336287,0.7101411622066338,0.6865371734762223,0.6958432521516206,0.5842874062376628
1041,נצאצרה (שבט),78.91373801916933,43.553008595988544,29.153605015673982,46.875,55.3125,35.01483679525222,40.57971014492754,1.6194331983805668,3.289473684210526,0.0,0.0,0.0,0.0,0.0
1043,גיזו,81.74603174603175,80.31496062992126,79.72027972027972,79.3103448275862,77.3972602739726,81.33333333333333,79.33333333333333,0.0,0.0,0.0,0.0,0.0,0.0,0.0
1044,יעף,89.60000000000001,86.7132867132867,86.47058823529412,84.24242424242424,81.87134502923976,77.14285714285715,72.43243243243244,0.0,0.0,0.0,0.0,0.7142857142857143,0.7407407407407408,0.0
1045,שתולה,65.29680365296804,71.55555555555554,73.568281938326,66.3716814159292,70.43478260869566,64.62882096069869,69.16666666666667,0.6993006993006993,0.0,0.0,0.0,0.0,0.0,0.6024096385542169
1046,אוהד,70.56277056277057,76.95473251028807,73.91304347826086,67.31517509727627,69.28838951310861,68.04511278195488,71.42857142857143,0.6134969325153374,0.53475935828877,0.53475935828877,0.0,0.0,0.0,0.0
1047,חזון,73.17073170731707,79.04411764705883,80.6083650190114,82.74509803921568,88.32684824902724,78.68217054263566,86.66666666666667,0.0,0.46511627906976744,0.0,0.0,0.0,0.0,0.904977375565611
1050,בית חשמונאי,78.19940476190477,79.63369963369964,77.4061433447099,76.27688172043011,75.50471063257066,75.7152361942781,77.90163934426229,0.8563273073263558,0.36798528058877644,0.1763668430335097,0.1762114537444934,0.0,0.35149384885764495,0.08417508417508417
1051,תלמי אליהו,52.459016393442624,65.56016597510373,64.06926406926407,58.82352941176471,59.44700460829493,60.26200873362445,64.22413793103449,0.78125,0.6329113924050633,0.6756756756756757,0.0,0.0,0.0,0.6711409395973155
1052,קטורה,46.51162790697674,50.33557046979866,55.00000000000001,53.546910755148744,51.369863013698634,50.66666666666667,49.22737306843267,0.5,0.0,1.2396694214876034,0.4273504273504274,0.0,1.7543859649122806,0.4484304932735426
1054,תל שבע,43.675691161724686,47.44620171117449,30.90674133103597,54.8638953365689,57.57513167406796,42.743577314590404,53.306466385784944,2.2630370613315844,1.5846994535519126,1.0104529616724738,0.7692307692307693,0.7892376681614349,1.066001360852801,0.9278350515463918
1057,נווה זוהר,38.88888888888889,56.33802816901409,37.93103448275862,62.5,38.18181818181819,45.45454545454545,33.33333333333333,0.0,0.0,0.0,0.0,0.0,0.0,0.0
1058,שדה ניצן,53.799392097264445,55.72755417956656,59.22865013774105,59.01639344262295,57.96703296703297,56.98924731182796,58.31202046035806,0.0,0.0,0.0,0.4629629629629629,0.0,0.0,0.43859649122807015
1059,כסיפה,50.65408180162279,48.78378378378378,41.34532462732536,58.628585201253316,60.93072324463721,46.81257014590348,55.61139028475712,2.222948676037921,1.7236072637734685,0.9535160905840285,1.027749229188078,0.5194305502116198,1.006952769120115,0.9412650602409639
1060,לקיה,63.881603596852756,44.843646041250835,22.94318959616701,46.25586068318821,49.54978467962939,40.059977508434336,47.45704071041402,1.4956011730205279,1.7062314540059347,1.133651551312649,0.7819287576020852,0.6320779562812747,0.9981285090455396,0.7776427703523694
1061,נצרת עילית,53.079096764339,57.78391792667639,55.18303548699149,56.28249017370356,56.679046969352434,50.464177598385476,52.79857661798503,2.565947242206235,2.0897901354821573,1.7345573649490242,1.3156116242396936,1.2481611911023938,1.4497100579884024,1.4181409716371807
1063,מעלות-תרשיחא,61.29922391491808,66.76310415248469,59.620520810149124,62.53584822413413,63.64974646965814,58.25201072386059,60.70730031188878,2.2976648222826594,1.7503611181918601,0.9706019598693421,0.8554546256283623,0.6852835360630462,0.7916053019145802,1.044932079414838
1064,אמירים,75.05154639175258,75.44204322200393,71.55025553662692,67.49174917491749,67.15927750410509,63.888888888888886,60.668789808917204,0.5494505494505495,0.5208333333333333,0.4761904761904762,0.24449877750611246,0.4889975550122249,0.5115089514066496,0.26246719160104987
1065,זמרת,79.16666666666666,82.67148014440433,88.95027624309392,91.00817438692098,92.43243243243244,86.23376623376623,88.75,1.5789473684210527,0.43668122270742354,0.0,0.29940119760479045,0.0,0.0,0.0
1066,"בני עי""ש",64.77512297962052,70.41934922568296,66.33834456540522,66.21457137889062,65.30859916782246,61.11304347826086,62.63388937664618,2.3325196636832115,1.8532246108228319,0.989841104454285,1.3392857142857142,0.9291213166976373,0.8821855435401251,1.457807681525091
1067,"דוב""ב",59.0778097982709,63.08139534883721,70.19498607242339,69.35933147632312,69.25207756232687,66.4804469273743,69.187675070028,0.0,0.0,0.0,0.0,0.0,0.0,0.0
1068,אדמית,42.80442804428044,54.794520547945204,55.08474576271186,55.46218487394958,55.08474576271186,54.34173669467787,55.55555555555556,0.8620689655172413,0.0,0.5128205128205128,0.0,0.0,0.0,0.0
1069,רם-און,82.78985507246377,80.24475524475524,77.32919254658384,77.43431221020093,74.84662576687117,76.00596125186289,72.7802037845706,0.0,0.6535947712418301,0.2008032128514056,0.39920159680638717,0.20491803278688525,0.19607843137254902,0.0
1070,אביעזר,79.25764192139738,82.02020202020202,78.68561278863233,78.46975088967972,77.12305025996534,78.02385008517888,80.42071197411003,1.1019283746556474,0.0,0.2257336343115124,0.0,0.0,0.43668122270742354,0.2012072434607646
1071,נווה מיכאל,72.78287461773701,76.85950413223141,77.17391304347827,77.7537796976242,81.5845824411135,71.24735729386892,76.84426229508196,0.8403361344537815,0.35842293906810035,0.28169014084507044,0.2777777777777778,0.5249343832020997,0.0,0.5333333333333333
1072,גן הדרום,80.0,86.8421052631579,80.4093567251462,80.05780346820809,81.74157303370787,76.0,77.90697674418605,0.4166666666666667,0.0,0.0,0.0,0.0,0.37593984962406013,0.7462686567164178
1077,גבעת שפירא,79.8913043478261,82.85714285714286,79.24528301886792,78.30188679245283,80.0,77.6255707762557,78.31858407079646,0.0,0.5747126436781609,0.0,0.0,0.5813953488372093,0.0,0.0
1079,צפרירים,63.53383458646616,72.69503546099291,66.66666666666666,71.14754098360656,67.42671009771986,69.90595611285266,68.07228915662651,0.591715976331361,0.4878048780487805,0.5,0.0,0.966183574879227,0.0,0.0
1080,מבועים,67.96973518284993,73.17365269461078,74.61538461538461,69.74972796517955,72.32432432432432,65.77253218884121,72.92993630573248,0.7421150278293136,0.16366612111292964,0.0,0.62402496099844,0.29895366218236175,0.48939641109298526,0.0
1081,אבן מנחם,61.50943396226415,74.81203007518798,71.02473498233216,69.44444444444444,68.68327402135232,69.0909090909091,69.7841726618705,0.6134969325153374,0.5025125628140703,0.0,2.5,0.0,0.0,0.0
1082,מעגלים,76.61870503597122,82.7968923418424,84.55672068636797,80.09433962264151,81.47448015122873,79.51582867783985,81.28440366972477,0.1564945226917058,0.0,0.0,0.0,0.46403712296983757,0.117096018735363,0.1128668171557562
1083,תושיה,87.98076923076923,87.3076923076923,81.36645962732919,77.91798107255521,80.37974683544303,76.55786350148368,75.41436464088397,1.639344262295082,0.0,0.0,0.0,0.0,0.0,0.0
1084,בן שמן (כפר נוער),64.9789029535865,70.46413502109705,69.91525423728814,70.3862660944206,70.76271186440678,65.8119658119658,67.75510204081633,0.6493506493506493,0.0,0.0,0.0,0.0,0.0,0.0
1085,כרם שלום,43.67816091954023,50.526315789473685,53.96825396825397,50.73529411764706,56.55172413793104,49.668874172185426,58.16993464052288,5.263157894736842,0.0,1.4705882352941175,2.898550724637681,1.2195121951219512,0.0,0.0
1094,כרם יבנה (ישיבה),90.72847682119205,90.74074074074075,88.60759493670885,88.53503184713377,91.71974522292994,80.51948051948052,84.78260869565217,0.0,0.0,0.0,0.0,0.0,0.0,0.0
1095,כפר מימון,88.8283378746594,85.35211267605634,83.78378378378379,81.56028368794325,80.87557603686636,80.26905829596413,76.85950413223141,0.3067484662576687,0.0,0.0,0.0,0.2849002849002849,0.0,0.0
1098,מרכז שפירא,81.87772925764192,84.6433770014556,85.33619456366237,80.96935138987882,80.61581525542337,79.79933110367892,81.2962962962963,0.4444444444444444,0.08598452278589853,0.2514668901927913,0.17605633802816903,0.08680555555555555,0.08382229673093043,0.0
1102,צוקי ים,73.42657342657343,76.07361963190185,75.31645569620254,70.37037037037037,72.12121212121212,71.95767195767195,68.39378238341969,0.9523809523809524,0.0,0.0,0.0,0.0,0.0,0.0
1103,גני הדר,74.64788732394366,81.6593886462882,79.43548387096774,79.296875,78.29457364341084,77.00729927007299,79.02097902097903,0.628930817610063,0.53475935828877,0.0,0.49261083743842365,0.0,0.0,0.0
1104,פוריה - כפר עבודה,59.375,69.28838951310861,69.81132075471697,65.41353383458647,69.43396226415094,62.92134831460674,67.24738675958189,0.6578947368421052,0.0,0.0,0.0,0.5434782608695652,0.5952380952380952,0.5181347150259068
1105,פוריה - נווה עובד,63.2183908045977,67.3913043478261,70.3030303030303,68.84422110552764,69.47988223748773,64.47241045498548,68.81516587677726,0.9090909090909091,0.967741935483871,0.28735632183908044,0.145985401459854,0.423728813559322,0.15015015015015015,0.0
1108,אומן,54.347826086956516,59.19732441471572,60.23054755043228,62.25352112676056,62.94277929155313,64.40677966101694,67.93587174348697,2.666666666666667,0.0,0.4784688995215311,0.0,0.0,0.0,0.0
1110,חבר,65.9090909090909,71.91489361702128,66.66666666666666,72.46376811594203,71.54696132596685,70.17114914425427,72.2554890219561,0.6896551724137931,1.183431952662722,0.43103448275862066,0.0,0.0,1.3937282229965158,0.2762430939226519
1112,יודפת,79.15690866510539,80.25751072961373,81.49405772495756,77.0764119601329,79.86906710310966,78.330658105939,75.2994011976048,1.183431952662722,0.267379679144385,0.20833333333333334,0.43103448275862066,0.20491803278688525,0.6147540983606558,0.3976143141153081
1113,צור הדסה,76.7083454492585,78.59222016406456,78.59629833241708,76.04384133611691,74.84713270533796,74.05831363278172,73.98730350665055,0.3411675511751327,0.23569023569023567,0.3031009559337841,0.2516586593456875,0.3091190108191654,0.23409236007661205,0.28600612870275793
1114,שריגים (לי-און),72.03007518796993,74.85875706214689,75.52275522755227,71.32442284325637,69.8159509202454,68.64197530864197,67.26572528883183,0.20876826722338201,0.18867924528301888,0.32573289902280134,0.17035775127768313,0.5272407732864675,0.0,0.0
1115,אביבים,63.49206349206349,68.45238095238095,74.09638554216868,71.55963302752293,74.09638554216868,71.05263157894737,78.09798270893373,1.0,0.8695652173913043,0.40650406504065045,0.0,0.0,0.411522633744856,0.36900369003690037
1123,אדרת,74.02298850574712,76.90763052208835,74.86338797814209,71.35135135135135,71.75438596491229,68.94197952218431,72.74220032840722,0.3105590062111801,0.5221932114882507,0.7299270072992701,0.0,0.24449877750611246,0.24752475247524752,0.0
1124,נאות הכיכר,70.37037037037037,68.68686868686868,69.66824644549763,69.62616822429906,61.53846153846154,65.0,64.88888888888889,0.7518796992481203,0.0,0.0,0.0,0.7352941176470588,0.0,0.0
1125,אלמגור,80.63241106719367,82.08333333333333,81.33802816901408,80.96885813148789,74.48979591836735,78.64406779661017,73.33333333333333,0.0,0.0,0.0,0.0,0.0,0.43103448275862066,0.0
1126,אילות,68.5823754789272,62.40601503759399,65.86345381526104,65.33864541832669,64.82213438735178,63.77358490566037,61.23188405797102,0.0,0.6024096385542169,0.0,0.0,0.0,0.0,0.0
1127,מעלה גלבוע,80.98859315589354,82.50825082508251,84.61538461538461,81.69014084507043,80.55555555555556,80.65395095367847,80.31088082901555,0.4694835680751174,0.4,0.0,0.0,0.0,0.33783783783783783,0.3225806451612903
1128,מי עמי,82.88288288288288,84.0,81.49606299212599,80.078125,77.64705882352942,73.046875,76.06177606177607,0.5434782608695652,0.5291005291005291,0.966183574879227,0.0,1.0101010101010102,0.53475935828877,0.0
1129,גרופית,62.82894736842105,63.82252559726962,63.02816901408451,61.245674740484425,58.47750865051903,58.45070422535211,56.849315068493155,0.5235602094240838,1.06951871657754,0.0,0.0,0.0,0.0,0.0
1130,כפר רוזנואלד (זרע,65.625,74.74747474747475,69.36936936936937,62.44343891402715,67.72727272727272,65.625,70.72072072072072,1.5873015873015872,0.0,0.0,0.0,0.0,0.0,0.0
1132,שניר,75.37688442211056,74.93734335839599,75.94339622641509,71.83098591549296,71.26436781609196,74.78070175438597,72.61663286004057,0.0,0.0,0.0,0.0,0.967741935483871,0.2932551319648094,0.0
1133,ורדון,71.20418848167539,81.08108108108108,78.08219178082192,70.64220183486239,77.47747747747748,65.89861751152074,72.89719626168224,2.2058823529411766,1.3333333333333335,0.5847953216374269,0.6493506493506493,0.0,0.0,0.0
1134,יד השמונה,,,71.77914110429448,75.30864197530865,70.80745341614907,76.58227848101265,71.17647058823529,,,0.0,0.0,0.0,0.0,0.8264462809917356
1136,צוחר,57.27002967359051,68.26196473551637,72.40618101545255,67.5,67.55555555555556,61.8421052631579,63.0901287553648,0.0,0.7380073800738007,0.0,0.33670033670033667,0.0,0.7092198581560284,0.3401360544217687
1137,קרית יערים,74.17007730786722,76.34003350083752,75.23481527864746,77.79469996954006,77.34093637454981,73.72456502506635,77.80320366132723,0.6131207847946045,1.2616566099835436,0.7906783187682065,0.6656225528582616,0.6984866123399301,0.48,0.625
1138,יעד,79.6008869179601,78.74762808349146,77.91970802919708,72.84172661870504,72.72727272727273,75.0,70.85987261146497,0.0,0.24096385542168677,0.234192037470726,0.0,0.0,0.0,0.0
1139,כרמיאל,59.03212770256617,63.0816285599679,60.55682204006403,59.30426379997584,59.371370499419285,56.582477341389726,57.12587661951741,1.848365565634092,1.7287973928940463,1.037244693632359,0.949122163835594,0.680604800912907,0.7645978386228696,1.0278818143986683
1140,מדרשת בן גוריון,74.05714285714285,75.564681724846,75.37117903930131,71.54115586690017,70.52631578947368,70.88716623600344,67.21883173496077,0.0,0.4076086956521739,0.11587485515643105,0.4895960832313341,0.24875621890547264,0.12150668286755771,0.25940337224383914
1141,מבוא מודיעים,63.78378378378379,65.59139784946237,65.21739130434783,56.613756613756614,55.932203389830505,53.672316384180796,58.52272727272727,0.0,0.0,0.0,0.9345794392523363,1.0101010101010102,0.0,0.0
1143,נס עמים,,,80.36529680365297,82.37885462555066,81.6593886462882,78.42323651452283,81.640625,,,0.0,0.0,0.0,0.0,0.0
1145,אלומה,89.12280701754386,88.52459016393442,86.10271903323263,86.33540372670807,84.84848484848484,84.04907975460122,86.76470588235294,0.0,0.0,0.0,0.3597122302158274,0.0,0.24330900243309003,0.0
1146,עלומים,84.27672955974843,75.94202898550725,80.34682080924856,75.64469914040114,76.58959537572254,74.65181058495823,71.75792507204612,0.0,0.0,0.0,0.3787878787878788,0.0,0.0,1.2048192771084338
1147,נטועה,67.54385964912281,81.61434977578476,76.66666666666667,75.6198347107438,76.13168724279835,73.44398340248964,75.09727626459144,1.2987012987012987,0.5494505494505495,0.5434782608695652,0.546448087431694,0.0,0.0,0.0
1148,צור נתן,74.8792270531401,79.53488372093022,74.78260869565217,74.12280701754386,72.80701754385966,75.55555555555556,68.85964912280701,0.0,1.1695906432748537,0.5813953488372093,0.591715976331361,1.2048192771084338,0.5882352941176471,0.0
1149,עזר,73.05863708399366,77.69110764430577,79.42122186495176,77.20125786163521,77.15654952076677,76.61290322580645,76.68308702791461,0.43383947939262474,0.2008032128514056,0.4048582995951417,0.40733197556008144,0.0,0.42105263157894735,0.21413276231263384
1150,צופר,77.22419928825623,79.48717948717949,76.34730538922156,72.14076246334311,75.85227272727273,63.988919667590025,65.53524804177546,0.9216589861751152,0.4032258064516129,0.0,0.0,0.0,0.4329004329004329,0.0
1151,פארן,73.63896848137536,74.65564738292011,75.82417582417582,71.03825136612022,70.27027027027027,72.20779220779221,67.08542713567839,0.0,0.36900369003690037,0.36231884057971014,0.0,0.38461538461538464,0.3597122302158274,0.0
1152,אשלים,66.77966101694915,74.91749174917491,75.45219638242894,72.82051282051282,73.34963325183375,67.1264367816092,69.79405034324942,0.0,0.0,0.3424657534246575,1.4084507042253522,0.33333333333333337,1.36986301369863,0.6557377049180327
1153,כישור,76.76767676767676,78.50467289719626,76.66666666666667,78.68852459016394,74.19354838709677,72.0,74.04580152671755,1.3157894736842104,0.0,0.0,0.0,2.1739130434782608,1.1111111111111112,2.0618556701030926
1155,מגן שאול,68.47133757961782,76.0233918128655,80.58510638297872,80.20833333333334,81.60621761658031,72.279792746114,79.66101694915254,2.3255813953488373,0.7692307692307693,0.33003300330033003,0.0,0.0,0.0,0.0
1156,סמר,62.78195488721805,65.64625850340136,64.62882096069869,65.63876651982379,63.91304347826087,60.16949152542372,52.719665271966534,0.5988023952095809,0.5181347150259068,0.0,0.6711409395973155,0.0,0.0,0.0
1157,אחווה,79.55801104972376,81.00558659217877,77.00534759358288,77.6595744680851,77.29729729729729,79.23497267759562,75.69060773480662,0.0,0.0,1.3888888888888888,0.0,0.0,0.0,0.0
1158,יהל,49.76958525345622,50.0,55.140186915887845,58.71559633027523,55.76036866359447,60.550458715596335,58.92857142857143,0.0,0.0,0.847457627118644,0.0,0.8264462809917356,0.7575757575757576,1.5151515151515151
1160,שכניה,80.08048289738431,74.37858508604207,78.98193760262726,78.14029363784665,75.81168831168831,72.12317666126418,72.87319422150883,0.7537688442211055,0.0,0.0,0.0,0.0,0.0,0.0
1161,רהט,56.5712604547556,58.17207951416393,49.61705268985882,59.541019154318754,66.33418660075911,47.77709428475562,60.60866843999374,1.6196136701337298,1.1477110621190507,1.1096646209162482,0.9964592817400102,0.6963850077622533,1.1704804822379586,0.9336947635643905
1162,בית רימון,83.53909465020575,85.15901060070671,87.5,84.02061855670104,82.56410256410255,81.81818181818183,83.48214285714286,0.0,0.0,0.0,0.3067484662576687,0.0,0.0,0.0
1163,מורן,74.65753424657534,79.0,76.57657657657657,76.26112759643917,75.44910179640718,76.28571428571429,75.0,0.9174311926605505,0.8438818565400843,0.0,0.7782101167315175,0.0,0.0,0.3546099290780142
1165,שילת,85.29411764705883,84.57831325301206,80.99173553719008,80.04115226337449,80.36072144288578,79.88165680473372,78.26086956521739,0.0,0.0,0.0,0.0,0.24937655860349126,0.24691358024691357,0.24154589371980675
1166,כפר רות,82.16216216216216,86.66666666666667,82.16216216216216,84.12698412698413,80.54054054054053,82.19895287958116,79.47368421052632,0.0,0.0,0.0,0.0,0.6711409395973155,0.6369426751592357,0.0
1167,קיסריה,66.05876393110435,67.62062440870388,66.01005867560771,64.43214432144322,64.71896482005661,64.1418055017435,63.45447870778267,0.5751533742331288,0.38474991255683805,0.15873015873015872,0.3181673560292714,0.1562011871290222,0.5134400483237693,0.2892681515765114
1169,הוואשלה (שבט),39.721254355400696,41.21835443037975,35.78947368421053,50.61494796594135,54.096834264432026,45.1067615658363,52.57903494176372,1.9736842105263157,1.1516314779270633,2.13903743315508,1.3084112149532712,0.5163511187607573,0.39447731755424065,1.2658227848101267
1170,סייד (שבט),37.44588744588744,41.52488972904852,17.087155963302752,22.742857142857144,30.846325167037865,25.59652928416486,33.4020618556701,0.5780346820809248,0.6069802731411229,2.684563758389262,2.512562814070352,0.36101083032490977,2.11864406779661,0.9259259259259258
1171,לוטם,70.94017094017094,76.99757869249395,73.17073170731707,70.21696252465483,71.25748502994011,68.37944664031622,68.10506566604127,0.0,0.628930817610063,0.5555555555555556,0.0,0.2801120448179272,1.7341040462427744,0.27548209366391185
1172,תובל,69.03914590747331,69.04024767801857,65.77540106951871,67.9245283018868,66.49076517150397,64.88294314381271,60.49382716049383,0.5154639175257731,0.0,0.0,0.0,0.0,0.5154639175257731,0.0
1173,לפידות,67.6923076923077,73.80952380952381,73.17073170731707,74.4186046511628,73.07692307692307,72.8,77.96610169491525,1.1363636363636365,0.0,0.0,0.0,0.0,0.0,0.0
1174,מנוף,73.22515212981745,74.95495495495496,74.09733124018838,72.85276073619632,70.33639143730886,71.27496159754224,68.30357142857143,0.0,0.0,0.0,0.0,0.0,0.0,0.2178649237472767
1175,עידן,62.083333333333336,66.79536679536679,63.85135135135135,60.810810810810814,58.053691275167786,56.12903225806451,58.529411764705884,0.0,0.0,0.0,0.5555555555555556,0.5780346820809248,0.0,1.0050251256281406
1176,ספיר,60.99290780141844,69.8581560283688,63.31168831168831,63.862928348909655,59.337349397590366,56.73352435530086,57.77777777777777,1.744186046511628,0.5076142131979695,1.5384615384615385,0.975609756097561,0.5076142131979695,0.5050505050505051,1.9230769230769231
1177,טללים,75.22935779816514,79.00552486187846,72.34726688102894,68.01242236024845,70.9090909090909,66.19718309859155,68.57142857142857,1.2195121951219512,1.3986013986013985,0.0,0.0,0.4273504273504274,0.0,0.641025641025641
1178,מורשת,83.9943342776204,85.94132029339853,79.54309449636553,76.63645518630413,76.3,75.7318224740321,71.875,0.16863406408094433,0.2844950213371266,0.0,0.1314060446780552,0.2621231979030144,0.12468827930174563,0.12422360248447205
1179,קורנית,80.0369685767098,77.89473684210526,81.42857142857143,75.5980861244019,73.80952380952381,76.71875,71.4939024390244,1.1547344110854503,0.0,0.0,0.0,0.0,0.0,0.21321961620469082
1180,צביה,76.76348547717843,76.82403433476395,76.60377358490567,68.91385767790263,73.88059701492537,73.06273062730627,70.37037037037037,1.6216216216216217,0.0,0.49261083743842365,0.5434782608695652,0.0,0.0,1.0526315789473684
1181,טל-אל,80.49490538573508,79.58387516254876,74.94577006507592,73.54211663066955,74.51820128479658,74.29760665972945,72.93532338308458,0.7233273056057866,0.6535947712418301,0.723589001447178,0.4405286343612335,0.14367816091954022,0.700280112044818,0.0
1182,אלון הגליל,76.95783132530121,78.77492877492878,80.55555555555556,77.41545893719807,74.15458937198068,76.94117647058823,70.7514450867052,0.19569471624266144,0.0,0.0,0.0,0.16286644951140067,0.1529051987767584,0.16339869281045752
1183,כליל,74.4186046511628,78.27298050139275,76.13636363636364,74.16481069042317,73.03609341825901,76.41129032258065,66.72443674176776,0.0,0.3558718861209964,0.0,0.3003003003003003,0.0,0.2638522427440633,1.0389610389610389
1184,מתת,69.40298507462687,74.82993197278913,68.125,65.16129032258064,65.40880503144653,65.51724137931035,57.865168539325836,0.0,3.6363636363636362,0.0,0.0,0.0,0.0,0.0
1185,פלך,,,,,,84.61538461538461,85.21739130434783,,,,,,0.0,1.0204081632653061
1186,הושעיה,82.06039076376554,77.83333333333333,81.11940298507463,78.60843819393043,75.83697234352256,75.56179775280899,72.2567287784679,0.0,0.0,0.18399264029438822,0.0,0.09596928982725528,0.2788104089219331,0.0
1188,אשחר,83.06636155606407,78.27868852459017,80.96828046744574,78.125,75.32258064516128,77.06708268330733,71.95301027900148,0.0,0.5235602094240838,0.0,0.0,0.21413276231263384,0.0,0.20408163265306123
1190,מצפה נטופה,79.78947368421052,79.85480943738656,78.45911949685535,75.19623233908949,73.9403453689168,74.28571428571429,71.76470588235294,0.0,0.22727272727272727,0.4008016032064128,0.20876826722338201,0.42462845010615713,0.8097165991902834,0.819672131147541
1191,בר יוחאי,74.29378531073446,79.66903073286052,69.01172529313233,69.47194719471948,73.48242811501598,61.63328197226502,66.57303370786516,0.0,0.2967359050445104,0.0,0.0,0.21739130434782608,0.0,0.21097046413502107
1192,ערערה-בנגב,65.527950310559,57.53278438548338,56.54507746736611,52.3695833830727,59.55043093407873,48.10989010989011,57.18517005413134,0.3686150605581885,1.9082957858468061,0.9061488673139159,0.7066332345566446,0.5085077254058282,0.5710370031978073,0.5715306304697267
1195,ניצנה (קהילת חינו,,42.61363636363637,43.169398907103826,34.583333333333336,32.35294117647059,27.510917030567683,23.14814814814815,,1.3333333333333335,1.2658227848101267,0.0,1.5151515151515151,1.5873015873015872,1.3333333333333335
1197,נאות סמדר,61.81229773462783,60.36036036036037,58.984375,60.91954022988506,57.692307692307686,61.06870229007634,57.83582089552238,0.0,0.0,0.6622516556291391,0.0,0.6666666666666667,0.0,0.0
1198,כרמים,78.37837837837837,76.61290322580645,79.12621359223301,109.478672985782,78.13953488372093,80.82191780821918,76.92307692307693,0.0,0.0,0.6134969325153374,0.0,0.5952380952380952,0.0,0.0
1199,עדי,74.54401268834259,80.26706231454006,77.079107505071,75.70469798657719,74.44668008048289,76.41891891891892,73.50597609561753,0.7446808510638299,0.0,0.17543859649122806,0.26595744680851063,0.09009009009009009,0.0,0.36133694670280037
1200,מודיעין-מכבים-רעו,78.73175325694554,80.44579348680722,78.07160292921074,76.25910853024916,76.05479364978467,74.9164289876407,74.69080506270589,0.43361244019138756,0.37504261847937265,0.2876498176133403,0.28898076274046575,0.3113312020727554,0.26813492713279846,0.29016345874842825
1201,כמון,77.04545454545455,82.41525423728814,75.93984962406014,74.29111531190927,74.25373134328358,77.16814159292036,70.8838821490468,0.2949852507374631,0.7712082262210797,0.0,0.5089058524173028,0.5025125628140703,0.0,0.0
1202,מכמנים,81.54506437768241,79.47761194029852,77.42857142857143,73.46368715083798,72.97297297297297,72.5130890052356,70.73791348600508,0.0,0.0,0.0,0.0,0.0,0.0,0.3597122302158274
1203,הררית,69.49152542372882,79.91967871485943,76.87687687687688,73.76093294460642,75.63739376770539,76.31578947368422,73.75886524822694,0.6097560975609756,1.0050251256281406,0.0,0.0,1.1235955056179776,0.3448275862068966,0.3205128205128205
1204,גילון,79.11949685534591,78.13953488372093,77.36063708759954,74.69066366704162,75.0,73.9784946236559,71.82497331910352,0.0,0.1488095238095238,0.0,0.0,0.0,0.0,0.44576523031203563
1205,מנות,67.56756756756756,76.02523659305994,74.21203438395415,76.23188405797102,75.71428571428571,74.30167597765363,74.05405405405405,1.0,0.8298755186721992,0.0,1.520912547528517,0.0,0.0,1.4598540145985401
1206,גיתה,74.45652173913044,72.82608695652173,69.54314720812182,68.1592039800995,68.4729064039409,67.96116504854369,65.31531531531532,0.7299270072992701,0.7462686567164178,0.7299270072992701,3.64963503649635,0.7194244604316548,0.7142857142857143,0.6896551724137931
1207,לבון,77.07006369426752,81.55619596541787,78.37209302325581,75.63805104408353,74.49664429530202,71.97452229299363,72.0,0.0,0.7067137809187279,0.0,0.3067484662576687,0.0,0.5899705014749262,0.25252525252525254
1208,הילה,74.40758293838863,77.60180995475113,73.79454926624737,70.60041407867494,68.37782340862422,66.73306772908366,64.83300589390963,0.6369426751592357,0.2915451895043732,0.0,0.0,0.3003003003003003,0.0,0.0
1209,חרשים,72.88135593220339,74.47916666666666,81.25,77.13004484304933,75.79908675799086,79.14893617021276,75.1004016064257,0.7751937984496124,0.0,0.0,0.0,0.0,0.0,0.0
1210,כחל,71.8978102189781,75.17006802721087,75.21613832853026,72.57142857142857,72.72727272727273,73.59550561797754,74.17582417582418,0.0,0.0,0.0,0.0,0.0,0.0,0.0
1211,קדרים,70.47619047619048,68.50393700787401,72.72727272727273,68.33333333333333,73.40425531914893,72.3076923076923,65.38461538461539,0.0,0.0,0.0,0.0,0.0,0.0,0.0
1212,עמוקה,69.46107784431138,68.62745098039215,74.65753424657534,74.10071942446042,67.83216783216784,70.06802721088435,66.66666666666666,1.7241379310344827,0.9523809523809524,1.834862385321101,0.9708737864077669,2.0618556701030926,0.9708737864077669,0.0
1213,צבעון,,,82.31292517006803,80.0,84.66257668711657,84.7457627118644,72.85714285714285,,,0.0,1.6666666666666667,1.4492753623188406,0.0,0.6535947712418301
1214,טפחות,81.69642857142857,78.00829875518673,78.96825396825396,81.22448979591836,82.52032520325203,80.3921568627451,77.60617760617761,0.0,0.0,0.0,0.0,0.0,0.4878048780487805,0.0
1219,גורנות הגליל,52.28758169934641,67.29559748427673,68.04733727810651,64.63414634146342,65.45454545454545,61.93181818181818,63.31658291457286,2.5,0.0,0.0,0.0,0.9259259259259258,1.834862385321101,0.7936507936507936
1220,אבירים,78.39506172839506,76.875,79.27461139896373,69.23076923076923,76.19047619047619,68.32579185520362,64.68085106382979,0.7874015748031495,0.8130081300813009,0.6535947712418301,0.0,0.625,0.6622516556291391,1.3157894736842104
1221,צורית,80.1418439716312,81.83421516754849,74.2296918767507,76.09001406469761,77.25381414701803,75.81967213114754,74.3046357615894,0.22123893805309736,0.21551724137931033,0.18867924528301888,0.18484288354898337,0.0,0.0,0.0
1222,"מצפה אבי""ב",77.04918032786885,80.65573770491802,80.76923076923077,76.39664804469274,74.79452054794521,78.54251012145748,76.47849462365592,0.2364066193853428,0.0,0.1763668430335097,0.0,0.0,0.3436426116838488,0.0
1223,שדי אברהם,72.22222222222221,73.45132743362832,73.6,71.6,74.10358565737052,72.2007722007722,64.01515151515152,0.6993006993006993,0.6024096385542169,1.6304347826086956,0.0,0.0,0.53475935828877,0.0
1224,כוכב יאיר,78.18205529473136,78.34362139917695,77.61579151077281,75.28757916505106,74.97079060106452,75.30338239091144,72.98505556265168,0.316930775646372,0.27905449770190416,0.13297872340425532,0.20600858369098715,0.17316017316017315,0.15429453111606378,0.22751137556877846
1226,יובלים,78.24675324675324,82.50265111346765,81.34556574923548,77.96954314720811,76.08476286579213,77.5691699604743,73.45971563981043,0.0,0.12853470437017994,0.2506265664160401,0.0,0.1326259946949602,0.0,0.12903225806451613
1227,יתד,68.75,75.74468085106383,74.84662576687117,74.09638554216868,75.58823529411765,75.0,74.53083109919572,0.0,0.0,0.4098360655737705,1.2195121951219512,1.9455252918287937,0.0,0.3597122302158274
1228,רקפת,79.421768707483,85.37360890302067,75.30364372469636,81.32147395171538,74.27490542244641,72.03495630461923,73.18932655654383,0.0,0.0,0.0,0.46875,0.0,0.0,0.1736111111111111
1229,כלנית,74.39024390243902,76.74418604651163,76.63043478260869,82.79569892473118,82.88770053475936,73.15789473684211,81.28342245989305,0.0,0.7575757575757576,0.0,0.0,0.0,0.0,0.0
1230,לבנים,69.70684039087948,70.47619047619048,74.30340557275542,69.75308641975309,74.53416149068323,72.64437689969606,69.97167138810198,0.46728971962616817,0.0,0.4166666666666667,0.0,0.0,0.0,0.8097165991902834
1231,פרי גן,70.76923076923077,75.0,68.51851851851852,70.1219512195122,65.47619047619048,57.14285714285714,64.40677966101694,0.0,0.0,0.0,0.0,0.0,0.0,0.8771929824561403
1232,יבול,77.13178294573643,80.99547511312217,82.52427184466019,76.84729064039408,76.9607843137255,77.10280373831776,72.24669603524228,0.5025125628140703,0.0,0.0,0.0,0.0,0.6060606060606061,0.0
1233,שקף,83.08823529411765,86.43533123028391,79.43262411347519,80.14440433212997,81.56996587030717,83.72093023255815,78.94736842105263,0.5899705014749262,0.36496350364963503,0.0,0.0,0.0,0.0,0.0
1234,קבועה (שבט),31.59851301115242,33.44155844155844,26.795580110497237,55.20974289580515,57.02917771883289,32.82442748091603,41.48418491484185,2.941176470588235,1.4563106796116505,2.5773195876288657,0.9803921568627451,0.6976744186046512,1.550387596899225,0.2932551319648094
1235,שורשים,71.47435897435898,76.25698324022346,73.79134860050891,70.57356608478803,70.57356608478803,68.5579196217494,69.95614035087719,0.0,0.7326007326007326,0.0,0.0,0.35335689045936397,0.0,0.3134796238244514
1236,נירית,82.99681190223167,81.64556962025317,79.87654320987654,74.43249701314217,77.15311004784688,77.08578143360752,72.78911564625851,0.2560819462227913,0.0,0.1545595054095827,0.32102728731942215,0.15503875968992248,0.1524390243902439,0.46728971962616817
1237,תלמי יוסף,68.0672268907563,70.042194092827,67.70428015564202,61.74242424242424,57.99256505576208,60.88560885608856,60.72727272727273,0.0,0.0,0.0,0.6134969325153374,1.282051282051282,0.0,0.0
1238,סופה,67.41573033707866,75.0,64.32432432432432,60.65573770491803,59.13978494623656,61.49732620320856,56.613756613756614,0.0,0.0,0.0,0.0,0.9090909090909091,0.0,0.9345794392523363
1239,חולית,62.264150943396224,65.32258064516128,69.17293233082707,68.93939393939394,72.18045112781954,67.15328467153284,65.95744680851064,1.5151515151515151,0.0,0.0,0.0,0.0,1.0869565217391304,1.0752688172043012
1240,עין הבשור,78.5031847133758,80.27950310559007,76.40603566529492,76.27586206896552,74.20689655172413,73.86519944979368,69.56521739130434,0.4056795131845842,0.19342359767891684,0.17953321364452424,0.0,0.18587360594795538,0.186219739292365,0.1893939393939394
1241,דקל,64.61538461538461,68.04979253112033,72.86821705426357,64.15094339622641,67.77777777777779,67.50902527075813,63.21428571428571,0.0,0.0,0.0,0.0,0.546448087431694,0.0,0.5649717514124294
1242,נתיב העשרה,79.23875432525952,84.51178451178451,80.06088280060882,78.33827893175074,76.38483965014578,77.33711048158641,77.088948787062,0.0,0.398406374501992,0.5703422053231939,0.3787878787878788,0.0,0.0,0.17482517482517482
1243,קציר,69.56762749445676,70.57026476578412,70.78959379278868,69.87410071942446,67.66169154228857,67.26872246696036,64.67532467532467,0.796812749003984,0.7936507936507936,0.1289490651192779,0.1287001287001287,0.1336898395721925,0.3274394237066143,0.33467202141900937
1244,תמרת,77.72277227722772,80.03314001657,80.01679261125105,76.01351351351352,76.80412371134021,78.0550774526678,73.4536082474227,0.10615711252653928,0.3105590062111801,0.0,0.0,0.7829977628635347,0.11025358324145534,0.0
1245,סלמה,45.21889400921659,54.177754124534324,44.78640330730363,55.74141048824593,63.143872113676736,45.86723768736617,54.151329243353786,2.038216560509554,1.080550098231827,1.435897435897436,0.7299270072992701,0.7032348804500703,0.5602240896358543,0.6797583081570997
1246,עראמשה,27.24177071509648,47.09051724137931,34.22354104846686,30.294117647058822,53.352769679300295,34.11875589066918,46.500920810313076,2.5,0.6864988558352403,1.4450867052023122,0.9708737864077669,0.7285974499089253,1.1049723756906076,0.39603960396039606
1247,חריש,69.72318339100346,68.70860927152319,74.68075737560545,74.65646199339015,72.58404838936559,67.89579893597505,71.39961781226475,0.9925558312655087,0.48192771084337355,0.7075471698113208,0.27958993476234856,0.4844961240310077,0.5944339367738449,0.4785077047850771
1248,אליפז,,,62.93103448275862,61.261261261261254,65.48672566371681,58.97435897435898,66.94214876033058,,,0.0,0.0,1.3513513513513513,0.0,1.2345679012345678
1249,הרדוף,81.07255520504731,81.11111111111111,83.04668304668304,78.15533980582524,77.53086419753087,76.8321513002364,68.66666666666667,0.38910505836575876,0.684931506849315,0.591715976331361,2.7950310559006213,0.0,0.9230769230769231,0.3236245954692557
1251,עין תמר,77.41935483870968,75.0,65.73426573426573,54.861111111111114,64.62585034013605,64.86486486486487,62.0253164556962,0.0,0.0,0.0,0.0,0.0,1.0416666666666665,0.0
1252,כורזים,71.25382262996942,69.96996996996997,73.51190476190477,66.3716814159292,64.28571428571429,64.49704142011834,65.5072463768116,0.4291845493562232,0.0,0.0,0.0,0.0,0.0,1.7699115044247788
1253,אמנון,63.983050847457626,69.42148760330579,79.00763358778626,73.50746268656717,73.44262295081967,65.28189910979229,69.68838526912181,1.3245033112582782,0.5952380952380952,0.0,0.0,0.0,0.45454545454545453,0.0
1254,נטף,74.0506329113924,76.48809523809523,82.40223463687151,78.93258426966293,71.30434782608695,76.6016713091922,75.3315649867374,0.4273504273504274,0.0,0.0,0.3558718861209964,0.0,0.0,0.7042253521126761
1255,לוטן,61.34453781512605,61.59420289855072,54.385964912280706,56.60377358490566,55.06329113924051,58.43373493975904,53.63128491620112,1.36986301369863,2.3529411764705883,1.0752688172043012,0.0,0.0,0.0,0.0
1256,אשרת,67.14697406340058,79.50138504155125,75.18427518427518,70.64439140811456,72.26107226107226,74.94356659142211,72.76595744680851,0.4291845493562232,0.0,0.6535947712418301,0.6756756756756757,0.3225806451612903,0.30120481927710846,0.29239766081871343
1257,חנתון,77.59103641456583,78.77358490566037,75.57692307692308,75.80340264650283,75.56390977443608,74.76808905380335,74.01433691756273,0.0,0.5988023952095809,0.0,0.24937655860349126,0.0,0.24813895781637718,0.48426150121065376
1258,מסד,68.6842105263158,76.37362637362637,76.62337662337663,69.79166666666666,71.89189189189189,74.47916666666666,74.3455497382199,0.7662835249042145,0.7194244604316548,0.0,0.0,0.0,0.0,0.0
1259,נווה שלום,78.39506172839506,79.53216374269006,70.73170731707317,78.87323943661971,76.0,77.39130434782608,73.51778656126481,0.0,0.0,0.6896551724137931,0.0,0.0,0.0,0.5376344086021506
1260,רתמים,84.5679012345679,87.62376237623762,82.48847926267281,83.33333333333334,82.62711864406779,84.84848484848484,79.71014492753623,0.7299270072992701,0.0,0.0,0.0,1.0256410256410255,0.0,0.0
1261,הר עמשא,74.31192660550458,77.9874213836478,71.69811320754717,65.42056074766354,71.30434782608695,74.16666666666667,69.23076923076923,0.0,0.8064516129032258,0.0,0.0,0.0,0.0,0.0
1262,צוקים,86.91588785046729,79.25925925925927,76.53631284916202,73.03370786516854,72.63157894736842,66.50246305418719,59.009009009009006,1.0752688172043012,2.803738317757009,0.0,0.0,0.0,0.0,0.7633587786259541
1263,כפר ורדים,74.8816234498309,74.70454545454545,74.01372212692966,70.87524074470362,69.99136442141624,69.22259983007648,66.15062761506276,0.4817825956037338,0.36507453605111045,0.2607184241019699,0.36231884057971014,0.3392967304133251,0.33752684872660327,0.31625553447185323
1264,כרמי יוסף,77.81665500349895,79.61918194640339,77.67605633802816,75.70422535211267,76.36234961075725,77.87985865724382,73.87323943661971,0.2697841726618705,0.6200177147918512,0.09066183136899365,0.09302325581395349,0.0,0.0,0.09532888465204957
1265,שומריה,87.5,87.83269961977186,82.51533742331289,83.03571428571429,83.53293413173652,75.72254335260115,78.24858757062147,0.0,0.0,0.37174721189591076,0.35842293906810035,0.0,0.38167938931297707,0.0
1266,שחרות,,,66.96428571428571,58.47457627118644,52.307692307692314,58.992805755395686,52.317880794701985,,,0.0,0.0,0.0,0.0,0.0
1268,מיתר,76.36430005475452,76.9445413324032,76.73414706757964,74.39724454649827,74.29130009775172,73.14263011521652,72.3849894028176,0.5019120458891013,0.5666364460562103,0.21338506304558683,0.21219135802469136,0.28195488721804507,0.1991671193192106,0.22390630382363072
1271,להבים,76.92984385308995,78.24894514767932,78.13848366550236,75.86978636826043,75.71111559410933,73.35271317829456,70.78651685393258,0.2572898799313894,0.13480722566729578,0.18406521167499343,0.2413515687851971,0.15987210231814547,0.10568031704095111,0.10240655401945725
1272,חלוץ,68.6411149825784,69.25373134328359,70.67669172932331,66.01941747572816,65.3012048192771,69.01408450704226,65.19823788546255,0.5076142131979695,0.43103448275862066,0.3546099290780142,0.0,0.36900369003690037,1.0204081632653061,0.0
1274,גן נר,69.55517042172154,74.27517132314179,72.81368821292776,71.32003798670465,71.01380295097573,68.72676579925651,69.88062442607898,0.41528239202657813,0.49680624556423,0.26109660574412535,0.9986684420772304,0.20107238605898123,0.4056795131845842,0.45992115637319314
1275,אבטליון,77.36842105263158,82.09606986899564,75.40983606557377,76.39344262295083,75.64935064935064,73.10126582278481,75.54179566563467,0.6802721088435374,0.5319148936170213,0.43478260869565216,0.0,0.0,0.0,0.0
1278,באר מילכה,,,,,,89.10891089108911,82.30088495575221,,,,,,1.1111111111111112,0.0
1280,ניצני סיני,76.73469387755102,66.0919540229885,71.14427860696517,59.900990099009896,62.926829268292686,69.1588785046729,64.93506493506493,0.0,0.8695652173913043,0.0,0.0,0.0,0.0,0.0
1282,מירב,81.42292490118577,82.62295081967214,83.15217391304348,75.19788918205805,77.14285714285715,76.04651162790698,74.0343347639485,0.0,0.3968253968253968,0.0,0.0,0.0,0.0,0.0
1283,תל תאומים,66.17100371747212,71.86440677966101,75.15337423312883,71.03658536585365,75.07418397626114,69.97084548104957,77.97101449275362,0.5617977528089888,0.0,0.8163265306122449,0.0,1.185770750988142,0.0,0.0
1284,נופית,82.01400107700593,80.71725571725572,76.74535409342039,75.34860557768924,75.93688362919131,75.1984126984127,73.12623274161736,0.2626395272488509,0.128783000643915,0.2617801047120419,0.06609385327164573,0.06493506493506493,0.1978891820580475,0.4045853000674309
1285,כרכום,69.85981308411215,76.07223476297969,70.08733624454149,68.83116883116884,63.20346320346321,66.73913043478261,64.60176991150442,0.0,0.5934718100890208,0.3115264797507788,0.3144654088050315,0.0,1.3029315960912053,0.684931506849315
1286,שגב-שלום,39.362022269034,51.84791278915182,42.02568351284175,61.28708901363272,65.58492032646716,49.33720719084801,53.26500247974872,2.064220183486239,1.4871794871794872,1.4785608674223756,1.0794896957801767,0.8296296296296296,0.8833271991166729,1.0862818125387959
1287,שני,61.63934426229508,67.79141104294479,74.0174672489083,70.44967880085653,68.45493562231759,65.57377049180327,66.04774535809018,0.5319148936170213,0.4524886877828055,0.8849557522123894,0.60790273556231,0.0,1.25,0.8032128514056224
1288,גבעת אלה,76.01654031702274,77.81289506953225,79.71727105101414,73.95577395577395,75.27950310559007,75.5,72.55902999361837,0.271985494106981,0.16246953696181965,0.0,0.0,0.0,0.33112582781456956,0.1759014951627089
1290,זמר,55.558468799160984,63.18493150684932,45.01084598698482,61.14676936243046,68.55932203389831,39.37088815789473,56.47082175466455,1.6045304388862671,0.5807200929152149,1.1566265060240963,0.5948215535339398,0.8343634116192831,1.5665796344647518,0.9490333919156414
1291,כמהין,51.741293532338304,79.76190476190477,77.09251101321586,76.82403433476395,73.07692307692307,66.43356643356644,69.28104575163398,0.0,0.0,0.0,1.1173184357541899,1.1695906432748537,1.0526315789473684,0.0
1292,ג'דיידה-מכר,54.17975048799117,69.16939280300008,44.63753723932473,63.2010081915564,69.54507743362832,41.578947368421055,53.634873811864956,0.9398496240601504,0.703656707809436,1.2553631018592086,0.6646726487205051,0.43741922656327664,0.6653683868873742,0.8188706917624053
1293,גבעת אבני,71.50159744408946,74.62779156327544,70.00610873549175,69.42446043165468,68.85441527446301,68.51088875809299,69.12362159024956,0.17873100983020554,0.4987531172069825,0.34904013961605584,0.4317789291882556,0.17331022530329288,0.0859106529209622,0.33585222502099077
1294,אור הגנוז,64.59627329192547,76.21951219512195,61.08949416342413,67.27941176470588,65.48042704626334,54.729729729729726,66.56346749226006,1.9230769230769231,0.0,1.2738853503184715,0.546448087431694,0.0,0.6172839506172839,0.46511627906976744
1295,יאנוח-ג'ת,57.977588046958374,53.93426294820717,57.81389136242209,57.36331569664903,57.189757058437294,45.60135996600085,39.541606442287836,0.41417395306028537,1.10803324099723,0.5390835579514826,0.8455034588777863,0.8036739380022963,0.6989748369058714,0.5221932114882507
1296,כסרא-סמיע,74.78279756733276,65.23052144151399,70.34557626198661,32.22182596291013,60.929250263991555,62.455181833703264,32.29475766567755,1.0455997676444961,1.1728395061728396,0.360082304526749,0.774764803541782,1.0109763142692085,1.722252597047567,0.7146503318019397
1297,כפר חנניה,77.06666666666668,78.3529411764706,72.95719844357976,74.13793103448276,73.14285714285714,71.61904761904762,74.67411545623837,0.34602076124567477,0.3003003003003003,0.5333333333333333,0.2583979328165375,0.26041666666666663,0.26595744680851063,0.4987531172069825
1303,חורה,37.881911902530454,51.15123405665065,29.244421244943236,45.08780860269789,51.456790123456784,40.83982784692334,49.037021185533916,1.880257298367145,0.7772020725388601,1.6956715751896476,1.100762066045724,1.6074856046065258,1.8513244090002847,1.374645428758455
1304,שוהם,79.5211332666102,80.63817499278083,78.49587203302374,76.79707072653692,75.86250795671546,75.36467789394604,76.0378689874162,0.32917029722141544,0.35810205908683973,0.2218570254724733,0.150564617314931,0.3440174525927169,0.15783352716398075,0.1624004330678215
1309,אלעד,89.37480559875584,88.60796621106353,84.6476971545732,85.77084759018477,85.63776364245061,81.03863089563757,84.36418038042316,0.45938609313008977,1.509433962264151,0.7975423879009865,0.6496837066165156,0.5026248184965932,0.5321532601389201,0.5066626133657598
1310,לפיד,75.8555133079848,78.75894988066825,77.36579966795794,75.89630446773305,73.69878183831672,73.78964941569282,74.67569091934574,0.2506265664160401,0.6818181818181818,0.07153075822603719,0.14534883720930233,0.07513148009015778,0.07541478129713425,0.22658610271903326
1311,אבשלום,65.88235294117646,69.26829268292683,61.25000000000001,63.56275303643725,63.2,59.352517985611506,64.6103896103896,1.7857142857142856,2.8169014084507045,4.081632653061225,1.2738853503184715,0.6329113924050633,1.8181818181818181,1.507537688442211
1313,פוריה עילית,60.29173419773096,71.67449139280126,67.72673733804476,65.26315789473685,66.0919540229885,63.72881355932203,64.74973375931843,2.6881720430107525,1.0917030567685588,0.34782608695652173,0.8960573476702508,0.6956521739130435,0.3546099290780142,0.6578947368421052
1314,נווה זיו,77.44565217391305,77.88944723618091,73.71428571428571,76.31578947368422,75.37593984962406,73.85159010600707,69.95073891625616,0.7017543859649122,0.3225806451612903,0.0,0.49261083743842365,0.7481296758104738,0.0,0.2347417840375587
1315,מתן,79.82126058325494,79.3747286148502,76.8341307814992,75.29691211401425,75.56596409055425,76.05313092979127,71.75716440422323,0.5892751915144373,0.2188183807439825,0.3113648157758173,0.36803364879074657,0.2582644628099174,0.09980039920159679,0.2627430373095113
1316,אל-עריאן,72.89719626168224,70.0,50.0,71.65354330708661,81.88976377952756,64.61538461538461,76.33587786259542,0.0,1.2987012987012987,6.25,1.098901098901099,0.9615384615384616,0.0,0.0
1317,דמיידה,51.96850393700787,70.1492537313433,48.57142857142857,63.49206349206349,75.15723270440252,48.94894894894895,53.125,4.545454545454546,1.5957446808510638,1.3071895424836601,0.5,0.41841004184100417,0.6134969325153374,6.417112299465241
1319,בת חפר,76.6044340723454,79.23313741953541,76.14609571788414,73.06061361935645,72.5024727992087,72.15867607690436,72.26329596947294,0.5712109672505713,0.4592016955139526,0.49619583195501155,0.20484807101399793,0.23874488403819918,0.2360876897133221,0.132013201320132
1320,עין חוד,77.6978417266187,68.55345911949685,36.898395721925134,60.10362694300518,70.61855670103093,49.494949494949495,52.9126213592233,4.62962962962963,0.9174311926605505,0.0,3.4482758620689653,0.0,2.0408163265306123,0.0
1321,ח'ואלד,43.96551724137931,58.8,45.49180327868852,52.138492871690424,54.6,43.27485380116959,47.10144927536232,2.941176470588235,2.0408163265306123,2.2522522522522523,1.5625,1.098901098901099,0.9009009009009009,0.7692307692307693
1323,בת הדר,68.50393700787401,75.5868544600939,77.0,79.8804780876494,79.71887550200803,77.29941291585128,79.6477495107632,0.0,0.0,0.2597402597402597,0.4987531172069825,0.0,0.25316455696202533,0.4914004914004914
1324,ארסוף,,,66.66666666666666,60.16260162601627,58.536585365853654,62.878787878787875,54.421768707483,,,0.0,0.0,1.3888888888888888,0.0,0.0
1326,"בסמ""ה",55.57553956834532,66.50752846125597,39.71388586533976,56.03369065849924,67.28422955264347,37.79390420899855,45.660273216503384,0.9708737864077669,1.5461071231363888,1.6053249804228662,0.9838753757857338,0.7611372285650324,2.227342549923195,1.6016923541855546
1327,מעלה עירון,51.56933367635709,66.27380952380952,37.13690786048932,48.50041084634347,61.31770412287793,31.425496526758636,43.069863270275334,1.2222499376403093,0.23351895096102032,1.1494252873563218,0.7835662854722576,0.42847725774555045,1.6811955168119552,1.2393998695368558
1330,אחוזת ברק,75.41111981205951,78.74493927125506,77.48502994011976,74.03903015966884,76.12375948628137,70.75732448866778,73.0561555075594,0.8307372793354102,0.2570694087403599,0.7727975270479135,0.5591054313099041,0.15337423312883436,0.625,0.29563932002956395
1331,כמאנה,52.781065088757394,62.13483146067416,40.75173095944609,54.19103313840156,62.903225806451616,38.134810710988,46.8667255075022,3.1390134529147984,1.2658227848101267,1.2135922330097086,0.1798561151079137,0.603318250377074,0.7263922518159807,0.7532956685499058
1332,חוסנייה,55.75,62.013729977116704,45.00941619585687,51.02040816326531,61.23188405797102,40.72790294627383,54.36573311367381,0.8968609865470852,2.952029520295203,3.765690376569038,1.4545454545454546,0.2958579881656805,1.276595744680851,2.727272727272727
1333,נוף איילון,86.16438356164383,84.82932996207333,85.15258215962442,80.10532475131656,81.99643493761141,80.36773428232503,76.99167657550535,0.0,0.22354694485842028,0.06891798759476223,0.2191380569758948,0.07246376811594203,0.14760147601476015,0.0
1334,ראס אל-עין,51.1520737327189,60.3448275862069,59.6958174904943,71.5909090909091,67.52767527675276,59.27272727272728,69.44444444444444,0.0,1.4285714285714286,1.2738853503184715,0.5291005291005291,1.639344262295082,1.8404907975460123,1.5
1335,ערב אל נעים,68.62170087976538,61.18251928020566,54.563894523326574,50.887573964497044,55.12572533849129,66.23376623376623,59.240069084628665,4.273504273504273,2.941176470588235,4.089219330855019,5.426356589147287,2.1052631578947367,0.8403361344537815,2.9154518950437316
1336,אירוס,,,84.84848484848484,85.03937007874016,75.36585365853658,82.48847926267281,80.41431261770245,,,0.0,0.0,0.0,0.0,0.0
1337,שמשית,82.38231098430813,82.1685173089484,74.7068676716918,73.36655592469546,73.78481703986893,71.3016204913748,69.18367346938776,0.2597402597402597,0.1589825119236884,0.07473841554559044,0.22641509433962265,0.0,0.0,0.14749262536873156
1338,כדיתה,53.76344086021505,60.747663551401864,53.84615384615385,50.0,49.2063492063492,35.507246376811594,48.55072463768116,0.0,0.0,0.0,1.5625,3.225806451612903,2.0408163265306123,0.0
1340,מרחב עם,,91.59663865546219,90.21739130434783,84.86486486486487,87.62376237623762,72.81105990783409,81.77777777777779,,0.0,0.0,0.0,0.5649717514124294,0.0,0.0
1342,אבו קרינאת (יישוב,43.7037037037037,42.2077922077922,39.226519337016576,52.52707581227437,57.785467128027676,40.57971014492754,49.92887624466572,8.47457627118644,1.5384615384615385,1.8779342723004695,0.6872852233676976,0.8982035928143712,0.3968253968253968,1.4245014245014245
1343,מכחול,25.0,28.823529411764703,26.903553299492383,63.922518159806295,57.674418604651166,42.61036468330134,48.10996563573883,0.0,2.0408163265306123,0.9433962264150944,2.6515151515151514,1.6129032258064515,1.8018018018018018,1.0714285714285714
1344,גבעות בר,84.89583333333334,82.25806451612904,79.45454545454545,83.15972222222221,81.12582781456953,79.87711213517666,78.52062588904694,0.0,0.39215686274509803,0.0,0.41753653444676403,0.0,0.38461538461538464,0.18115942028985507
1345,צור יצחק,84.99573742540495,89.04440154440154,84.6268656716418,83.26518691588785,82.11543929485356,80.62227074235808,80.86136595310907,0.0,0.27100271002710025,0.21164021164021166,0.2104524728165556,0.2770083102493075,0.13540961408259986,0.15757957768673178
1346,תראבין א-צאנע(ישו,35.064935064935064,34.090909090909086,25.220458553791886,36.58536585365854,35.09369676320272,39.87034035656402,38.15384615384615,1.8518518518518516,0.0,1.3986013986013985,2.380952380952381,0.0,0.40650406504065045,2.0161290322580645
1347,קצר א-סר,59.81132075471698,59.26544240400668,55.778894472361806,75.92137592137593,70.98070739549838,64.05775075987842,75.2306600425834,1.2618296529968454,0.5633802816901409,1.3513513513513513,0.4314994606256742,0.4530011325028313,1.3048635824436536,0.6603773584905661
1348,ביר הדאג',69.01140684410646,69.63979416809606,59.51346655082537,80.4421768707483,76.1747732893652,64.09055425448868,58.327219369038886,2.7548209366391188,1.7241379310344827,0.145985401459854,0.8456659619450317,0.3246753246753247,0.6090133982947624,0.7547169811320755
1349,דריג'את,61.51603498542274,72.84263959390863,63.63636363636363,66.54343807763401,76.3963963963964,56.66104553119731,68.25396825396825,1.4218009478672986,0.6968641114982579,0.8928571428571428,0.2777777777777778,0.2358490566037736,0.8928571428571428,0.46511627906976744
1358,אום בטין,49.9054820415879,48.33468724614135,33.697916666666664,55.56122448979591,57.583291894579816,48.58599907278628,54.18924551896623,1.3257575757575757,1.0084033613445378,2.009273570324575,1.0101010101010102,0.690846286701209,0.7633587786259541,0.8461538461538461
1359,אל סייד,46.41638225255973,45.25745257452575,32.96969696969697,41.38533178114086,50.45402951191827,43.61587982832618,53.99408284023669,0.7352941176470588,0.0,1.1029411764705883,2.250351617440225,1.124859392575928,1.107011070110701,0.6392694063926941
1360,מולדה,,54.629629629629626,26.521239954075774,41.601779755283644,42.58271077908218,37.185929648241206,50.0,,0.0,0.4329004329004329,1.6042780748663104,0.2506265664160401,0.2702702702702703,1.824817518248175
1361,בת חן,77.45664739884393,80.60000000000001,72.81105990783409,76.59574468085107,76.49880095923261,53.789731051344745,59.24050632911393,0.9950248756218906,1.240694789081886,0.6329113924050633,1.2345679012345678,1.2539184952978055,0.45454545454545453,0.0
1363,בני נצרים,88.7218045112782,90.9090909090909,89.08450704225352,83.61204013377926,85.80645161290322,84.2948717948718,83.69565217391305,0.0,0.0,0.7905138339920948,1.2,0.0,0.0,0.0
1364,שלומית,,,86.23853211009175,84.070796460177,86.92307692307692,84.78260869565217,82.16560509554141,,,0.0,0.0,0.0,0.0,0.0
1365,אליאב,,,92.69662921348315,83.83838383838383,87.94642857142857,91.6030534351145,83.38368580060424,,,0.6060606060606061,0.0,0.5076142131979695,0.4166666666666667,0.36231884057971014
1366,נווה,92.81767955801105,91.3738019169329,89.96763754045307,86.03174603174604,85.98130841121495,83.77581120943954,79.08847184986595,0.0,0.0,1.7985611510791366,1.8450184501845017,1.4492753623188406,0.0,0.0
1367,כחלה,,,54.43037974683544,72.42798353909465,66.66666666666666,40.87301587301587,63.0188679245283,,,3.875968992248062,3.4090909090909087,1.2048192771084338,1.9417475728155338,1.7964071856287425
1368,בני דקלים,,90.22222222222223,85.83162217659137,86.95652173913044,85.451197053407,85.64593301435407,85.26603001364256,,0.9852216748768473,0.0,0.22727272727272727,0.21551724137931033,0.186219739292365,0.0
1369,נטע,,93.28859060402685,86.11111111111111,86.87782805429865,88.9795918367347,88.17204301075269,81.3953488372093,,0.7194244604316548,0.0,0.5208333333333333,0.9174311926605505,0.0,0.7142857142857143
1370,מצפה אילן,95.83333333333334,98.96907216494846,90.30303030303031,87.61904761904762,89.08296943231441,84.98168498168498,82.15384615384616,0.0,0.0,0.0,0.0,0.0,0.43103448275862066,0.37453183520599254
1371,גני טל,,91.90031152647975,91.91176470588235,89.39759036144578,87.17339667458432,90.43280182232346,83.2967032967033,,0.0,0.8,0.0,0.0,0.2518891687657431,0.0
1372,נצר חזני,,88.08290155440415,89.38775510204081,89.72332015810277,86.97318007662835,83.82352941176471,86.10169491525423,,0.0,0.91324200913242,0.881057268722467,0.0,0.0,0.0
1374,כרמי קטיף,,,89.20454545454545,86.53846153846155,86.58536585365853,83.82838283828383,83.63095238095238,,,0.0,0.0,0.0,0.0,0.3558718861209964
1375,אבו תלול,,,44.982698961937714,69.17127071823205,61.08165429480382,47.808764940239044,57.23049956178791,,,1.0256410256410255,0.7987220447284344,0.3472222222222222,0.20833333333333334,0.9188361408882083
1376,באר גנים,,84.87394957983193,84.73091364205257,84.87690504103166,83.96017699115043,79.50495049504951,83.19112627986348,,0.0,0.14771048744460857,0.2762430939226519,0.2635046113306983,0.12453300124533001,0.10256410256410256
1377,שבי דרום,,,,,,,89.41176470588236,,,,,,,1.3157894736842104
1411,מחנה הילה,,,85.21739130434783,73.77049180327869,77.95275590551181,80.95238095238095,79.69924812030075,,,0.0,0.0,0.0,0.0,0.0
1412,מחנה תל נוף,74.24242424242425,82.0,72.77486910994764,62.5,75.40106951871658,73.18435754189943,70.25316455696202,0.0,0.0,0.0,0.0,0.7092198581560284,0.0,0.0
1413,מחנה יהודית,,80.0,82.22222222222221,69.46564885496184,71.96969696969697,79.54545454545455,71.32352941176471,,1.3157894736842104,0.0,1.098901098901099,1.0526315789473684,0.9523809523809524,0.0
1414,מחנה מרים,55.00000000000001,59.25925925925925,77.66990291262135,67.0,79.04761904761905,63.55140186915887,57.831325301204814,0.0,0.0,0.0,0.0,1.2048192771084338,0.0,0.0
1415,מחנה יפה,67.56756756756756,72.1311475409836,74.53703703703704,67.74193548387096,80.78817733990148,64.34782608695652,55.29953917050692,0.0,0.0,0.0,0.6802721088435374,0.6097560975609756,0.0,0.0
1416,מחנה יוכבד,73.38709677419355,85.9504132231405,70.83333333333334,58.67768595041323,64.91228070175438,45.6,52.77777777777778,0.0,0.0,2.3529411764705883,0.0,0.0,0.0,0.0
1417,מחנה עדי,71.27071823204419,68.36158192090396,,,,,,2.3255813953488373,0.0,,,,,
1418,מחנה טלי,60.49382716049383,65.86826347305389,68.55345911949685,51.515151515151516,61.935483870967744,42.48366013071895,52.5974025974026,1.0204081632653061,0.0,0.0,0.0,0.0,1.5384615384615385,1.2345679012345678
1419,ניצן ב',73.01470588235294,78.58880778588808,76.80722891566265,70.77922077922078,72.04116638078902,62.73062730627307,71.45922746781116,0.8056394763343404,0.5159958720330238,0.39215686274509803,0.0,0.7142857142857143,0.0,0.0
2002,תנובות,74.63503649635037,79.33450087565674,77.3095623987034,77.26523887973642,71.8801996672213,70.91503267973856,72.66982622432859,0.9779951100244498,0.22075055187637968,1.257861635220126,0.42643923240938164,0.0,0.2304147465437788,0.43478260869565216
2003,תלמי אלעזר,77.65151515151516,78.6618444846293,79.33753943217665,77.18223583460949,78.16265060240963,76.30813953488372,76.2043795620438,0.7317073170731708,0.45977011494252873,0.0,0.1984126984126984,0.1926782273603083,0.0,0.38314176245210724
2008,שדה יצחק,70.87912087912088,74.04371584699454,71.64556962025317,73.48484848484848,69.4789081885856,68.54460093896714,74.88789237668162,0.3875968992248062,0.36900369003690037,0.0,0.3436426116838488,0.7142857142857143,0.0,0.5988023952095809
2009,יובל,74.08376963350786,79.19463087248322,75.40983606557377,73.06791569086651,72.24770642201835,72.62443438914026,73.0603448275862,0.0,0.0,0.3105590062111801,0.0,0.0,0.0,0.2949852507374631
2010,כפר בן נון,81.14942528735632,81.5845824411135,80.49713193116634,78.59848484848484,76.99443413729128,76.28676470588235,78.64963503649635,0.56657223796034,0.0,0.7125890736342043,0.48192771084337355,0.24096385542168677,0.24096385542168677,0.0
2011,ינון,69.20943134535368,76.91373025516404,76.40449438202246,76.62192393736018,79.20353982300885,72.27615965480044,79.42735949098622,1.002004008016032,0.0,0.8823529411764706,0.8759124087591241,0.5586592178770949,0.5970149253731344,0.13351134846461948
2012,אורות,71.07231920199501,76.24703087885986,72.81105990783409,74.31192660550458,72.99771167048054,72.74826789838336,73.58916478555305,0.0,0.3115264797507788,0.31645569620253167,0.0,0.6269592476489028,0.0,0.6134969325153374
2013,בן שמן (מושב),78.61060329067642,80.84358523725835,78.25342465753424,76.28865979381443,78.84940778341793,78.51099830795262,76.55737704918033,0.0,0.21739130434782608,0.437636761487965,0.22522522522522523,0.2145922746781116,0.21551724137931033,0.0
2014,גבעולים,73.93162393162393,83.72093023255815,81.56996587030717,79.33333333333333,84.12162162162163,76.94805194805194,82.59493670886076,1.1560693641618496,1.8518518518518516,0.0,0.0,0.4016064257028112,0.0,0.38314176245210724
2015,שדי חמד,78.60262008733623,81.70028818443804,81.03207810320781,79.94428969359332,77.20994475138122,76.23066104078762,75.13736263736264,0.1851851851851852,0.3527336860670194,0.17211703958691912,0.34843205574912894,0.7155635062611807,0.0,0.7312614259597806
2016,רוויה,67.61904761904762,68.77828054298642,68.37944664031622,70.98039215686275,70.98039215686275,64.86486486486487,69.00369003690037,0.0,1.3157894736842104,0.0,0.0,0.0,0.0,0.0
2018,גבעת חיים (איחוד),75.51724137931033,77.03455964325529,77.26798748696558,76.97095435684648,75.30864197530865,74.34343434343434,73.70517928286853,0.15220700152207,0.0,0.1349527665317139,0.13477088948787064,0.1366120218579235,0.2717391304347826,0.5405405405405406
2021,אשל הנשיא,64.36781609195403,63.44086021505376,69.2982456140351,64.65517241379311,64.03508771929825,54.629629629629626,57.65765765765766,0.0,0.0,0.0,0.0,0.0,0.0,0.0
2023,להב,77.33333333333333,71.007371007371,70.58823529411765,67.71300448430493,68.42105263157895,72.95238095238096,69.72477064220183,0.3448275862068966,0.0,0.0,0.0,0.8875739644970414,0.26109660574412535,0.5263157894736842
2024,אום אל-קוטוף,54.736842105263165,83.06709265175719,52.38095238095239,72.03389830508475,80.8926080892608,51.20967741935484,57.90816326530612,0.641025641025641,0.19230769230769232,0.27548209366391185,0.7843137254901961,0.1724137931034483,1.3123359580052494,1.762114537444934
2026,ירדנה,60.07326007326007,69.23076923076923,71.98581560283688,72.28070175438597,74.73684210526315,72.56317689530685,77.73851590106007,0.6097560975609756,1.5151515151515151,0.9852216748768473,0.0,0.0,0.0,0.9090909090909091
2029,מדרך עוז,68.18181818181817,76.59574468085107,70.990990990991,72.43243243243244,73.44028520499108,71.27659574468085,71.25435540069687,0.6060606060606061,1.2626262626262625,0.7614213197969544,0.0,0.24271844660194172,0.24875621890547264,0.24449877750611246
2030,מנוחה,67.26190476190477,78.1163434903047,78.125,77.12264150943396,80.09367681498829,76.00896860986546,79.78260869565217,0.4424778761061947,0.0,0.0,0.0,0.0,0.0,0.2724795640326975
2033,בית חלקיה,85.30259365994236,84.39897698209718,90.11494252873563,84.95575221238938,83.07692307692308,83.82978723404256,82.64462809917356,0.6756756756756757,0.6060606060606061,0.5102040816326531,0.78125,0.5291005291005291,1.015228426395939,1.0
2034,חצור הגלילית,65.75967053978526,71.37254901960785,69.84624145785877,69.19357132698052,70.84564513859574,66.62091682679112,70.63226841331372,1.1854171326325207,0.8343508343508342,0.48919690175295555,0.7810894141829393,0.3972194637537239,0.4944375772558714,0.32172596517789553
2035,עדנים,79.50530035335689,78.42465753424658,77.92642140468227,77.33333333333333,79.66101694915254,78.49829351535837,75.0853242320819,0.0,0.0,0.0,0.0,0.0,0.8695652173913043,0.0
2038,ברקת,82.55416191562144,87.8475798146241,84.88372093023256,83.76681614349776,82.11743772241992,77.85467128027682,83.98340248962656,0.13812154696132595,0.0,0.10537407797681769,0.21413276231263384,0.0,0.5555555555555556,0.09881422924901186
2042,עין גדי,69.75169300225733,67.3469387755102,68.34381551362684,66.80584551148226,65.56016597510373,62.729124236252545,59.20502092050209,0.6472491909385114,1.0101010101010102,0.3067484662576687,0.625,0.949367088607595,0.0,0.0
2043,בחן,79.10112359550561,80.38461538461539,79.86111111111111,77.37478411053542,78.00338409475465,77.74244833068363,74.55357142857143,0.2840909090909091,0.0,0.21739130434782608,0.0,0.0,0.2044989775051125,0.0
2044,מלילות,80.9090909090909,78.63636363636364,78.94736842105263,77.99227799227799,79.63636363636364,73.66548042704626,82.43243243243244,2.247191011235955,1.1560693641618496,0.0,0.0,0.0,0.966183574879227,0.4098360655737705
2045,נחלה,75.21367521367522,85.96938775510205,81.9327731092437,81.26315789473684,82.0675105485232,79.12317327766179,82.6086956521739,0.3787878787878788,0.5934718100890208,0.0,0.5181347150259068,1.0282776349614395,0.5277044854881267,0.2506265664160401
2046,סגולה,76.37795275590551,81.4070351758794,81.16279069767441,76.23529411764706,76.94117647058823,75.45454545454545,78.9237668161435,0.3436426116838488,0.0,0.28653295128939826,0.30864197530864196,0.0,0.6024096385542169,0.5681818181818182
2047,ניר משה,70.44198895027624,75.53763440860214,71.49758454106279,69.1747572815534,70.02398081534771,72.20902612826603,69.26605504587155,0.0,0.3558718861209964,0.33783783783783783,0.0,0.684931506849315,0.0,0.33112582781456956
2048,ניר עקיבא,71.68141592920354,80.1526717557252,79.03563941299791,78.48360655737704,77.53036437246963,76.48183556405354,70.02141327623126,1.646090534979424,0.31746031746031744,0.2652519893899204,0.5221932114882507,0.0,0.5,0.3058103975535168
2049,שדה צבי,67.21854304635761,78.43137254901961,74.16267942583733,76.22377622377621,79.05882352941175,74.23887587822014,76.2443438914027,0.9852216748768473,1.4285714285714286,0.0,0.0,0.2976190476190476,0.31545741324921134,0.0
2050,"תלמי ביל""ו",64.70588235294117,76.22377622377621,75.07418397626114,73.83720930232558,77.87114845938376,75.84269662921348,79.56403269754769,2.272727272727273,1.3761467889908259,0.3952569169960474,0.39370078740157477,0.0,1.1111111111111112,0.0
2051,רווחה,76.01010101010101,80.38740920096852,82.31132075471697,81.45539906103286,83.53221957040573,81.41176470588235,86.98795180722891,0.9966777408637874,0.0,0.0,0.0,0.5714285714285714,0.2890173410404624,0.2770083102493075
2052,אביטל,69.68085106382979,76.51715039577837,76.30208333333334,79.38144329896907,79.13669064748201,75.31486146095719,79.22705314009661,0.38167938931297707,0.6896551724137931,0.0,0.6493506493506493,0.0,0.0,0.3048780487804878
2053,פרזון,66.44295302013423,75.49668874172185,71.15987460815047,75.0,74.48275862068967,69.2982456140351,72.97297297297297,0.5050505050505051,0.43859649122807015,0.0,1.25,0.4629629629629629,1.2658227848101267,0.823045267489712
2054,מיטב,67.82608695652173,77.62039660056658,78.51458885941645,75.73333333333333,77.4798927613941,73.81615598885793,79.67032967032966,0.8547008547008548,0.7299270072992701,0.0,0.35211267605633806,0.34602076124567477,0.0,0.0
2055,מאור,77.73109243697479,80.52631578947368,78.77412031782066,77.18715393133998,77.45098039215686,76.91489361702128,75.61728395061729,0.36036036036036034,0.16339869281045752,0.2881844380403458,0.2869440459110474,0.2812939521800281,0.13831258644536654,0.40816326530612246
2057,שדי תרומות,55.24691358024691,67.74193548387096,70.79889807162535,65.93406593406593,72.35772357723577,67.66304347826086,75.71059431524549,1.675977653631285,0.0,0.38910505836575876,0.0,0.0,0.4016064257028112,0.0
2059,"פעמי תש""ז",68.31683168316832,80.9090909090909,78.82037533512064,81.57894736842105,79.16666666666666,75.71059431524549,78.97435897435898,1.4492753623188406,1.1235955056179776,0.6802721088435374,0.3225806451612903,0.0,0.3412969283276451,0.0
2060,ברוש,77.88461538461539,75.40322580645162,77.84810126582279,76.73716012084593,79.53216374269006,70.50561797752809,76.26666666666667,0.0,1.06951871657754,0.40650406504065045,0.0,0.0,0.796812749003984,0.0
2061,תדהר,71.72995780590718,77.55102040816327,76.0705289672544,74.07407407407408,73.83863080684596,72.44655581947742,74.77272727272727,0.0,0.0,0.0,0.33333333333333337,0.0,0.0,0.911854103343465
2062,תאשור,67.63485477178423,72.1311475409836,72.26027397260275,69.79166666666666,65.75342465753424,66.31944444444444,72.168284789644,0.0,0.5681818181818182,0.9478672985781991,0.0,0.5208333333333333,0.0,0.0
2063,דישון,64.28571428571429,68.22742474916387,70.40816326530613,60.67796610169491,66.8918918918919,65.359477124183,69.23076923076923,1.0101010101010102,0.49019607843137253,0.966183574879227,0.0,0.5050505050505051,1.0,0.0
2064,זרועה,62.10045662100456,77.57847533632287,74.73684210526315,72.85223367697594,75.08196721311475,70.98765432098766,74.70238095238095,1.4705882352941175,1.1560693641618496,0.4694835680751174,0.0,0.0,0.43478260869565216,0.0
2100,טירת כרמל,61.45589999368647,66.45001547508511,64.71327143637356,65.18438761776582,66.37976835617894,62.82978506672099,68.51692419230595,1.5718101499897268,1.471821145784816,0.7089205840155288,0.6276841757515692,0.544261245397791,0.5836575875486382,0.7340784339660076
2200,דימונה,53.0209617755857,60.749221876389505,60.14246339979239,60.200263692406374,62.22442758914014,56.34773482595767,63.57306208826843,2.177589852008457,1.7322354376334246,1.2736578978693012,0.9707588492956079,0.8658008658008658,0.7946855404482523,0.8268456375838926
2300,קרית טבעון,71.8130753627711,72.29052823315118,71.24963375329621,69.41676436107855,69.1571720712825,67.14326771087799,67.45119756333933,0.5105920695274307,0.6089238845144357,0.2981392001644906,0.26388009288579267,0.1478508818249023,0.32102728731942215,0.28735632183908044
2400,אור יהודה,62.96855053963096,71.24706060835925,69.5582835737863,69.94405957099988,70.07979216923363,66.77359194330474,72.43849493487699,1.5911045582995453,1.4107000266169818,1.0023993601706211,0.8050847457627118,0.7890695334427792,0.5530108367780135,0.6492857856358006
2500,נשר,62.94506879529461,67.28957449011284,64.3564862104188,63.66228740197576,63.963827422451246,60.12443725024027,62.16656485440847,1.3599199065576506,1.3077929071467036,0.6269343702880723,0.5679091345384739,0.6476581628623331,0.5300353356890459,0.8188666885031117
2530,באר יעקב,71.98744769874477,78.63011169574449,76.21251505737654,76.24254473161034,76.80062946374531,72.91933418693982,77.75267276534773,0.7846556233653008,0.9157079126555531,0.7237334664337409,0.5378096479791394,0.4255654503901017,0.2953148695027536,0.37564675030122613
2550,גדרה,73.57832067337301,76.79229426595126,73.99942246606989,74.14997137950773,74.43839346494214,69.92833517089305,72.4318285685269,0.8370535714285714,0.8839127872716559,0.47607898228361817,0.4863362667901806,0.48010973936899864,0.3941663381947182,0.43466068424004484
2560,ערד,55.98476080246913,60.33165104542177,60.70863944945597,59.71724875598754,59.37253079247037,56.898068818598624,57.049572335142095,2.075975536221897,2.0315487571701722,1.0033700980392157,0.8021182150922824,0.7202129325191796,0.8139345596614032,0.7012735773013058
2600,אילת,43.06954647428848,49.02852769865227,45.42581106870229,45.19282138546469,44.86729502701424,41.32342879483921,43.02343479432024,1.3022163211112245,1.0189039195282692,0.7351975843507943,0.5472854640980735,0.5185901379977147,0.5487487582194049,0.7691963686776083
2610,בית שמש,64.5002483104096,67.51364725287672,65.30441498262324,65.96753113829972,66.48096137022883,61.6097019977243,66.12779258044681,0.9339850026780931,1.465883311034844,0.9140632699319995,0.7184799732658614,0.6602488630329894,0.7130333138515488,0.6721940258029522
2620,קרית אונו,74.28087319725746,77.0392523364486,75.43426045183973,74.55434556426441,74.10495847834326,73.0611969046734,73.26840870375727,0.732056654819373,0.7472826086956522,0.4153207198892478,0.37679676233893106,0.27434204408072166,0.3145090421349614,0.3640989647306545
2630,קרית גת,60.94440810987574,67.63698630136986,66.58274588788184,67.04264817629179,68.10666291423345,62.58180477463361,68.51370406274786,1.605425824175824,1.4035740878629932,1.191976664626022,0.835901250309921,0.9400826446280992,0.7364312541424258,0.8071518152876483
2640,ראש העין,73.27164985965277,78.24631641124931,77.61842894263442,77.56862175061173,77.3715506828951,74.85605018906841,77.5779278912672,0.6668558456299659,0.6710283509478275,0.3605227579990987,0.34043350615278906,0.2821975382767938,0.2984988949800523,0.37767519932857746
2650,רמת השרון,73.44000000000001,75.31396069155825,73.17885276522021,72.63962945009965,72.61470840480274,71.78178337852927,71.42260070006792,0.7508558979147214,0.41873855011777017,0.258942773647024,0.2743382516497368,0.1697792869269949,0.16666666666666669,0.24504425426084414
2660,יבנה,67.88700133613284,74.45818868178907,74.57442626916216,74.12064825930372,74.94561168231262,70.97896068061623,75.61240433251238,1.0346960580329527,0.8872391471640034,0.7338631203373337,0.6316556666801636,0.5129632575155082,0.4980765337112776,0.4413000840571588
2710,אום אל-פחם,56.74240815459758,67.42087409017554,45.13536866359447,51.33452715954635,63.103805550110614,33.14747320894305,38.28553518257326,1.1726546906187625,0.7327438815885887,0.8806074915448918,1.140642303433001,0.5591302418460173,1.76417494051038,1.412198117069177
2720,טירה,58.83438818565401,72.5995898328258,59.64863201477088,67.2409017891763,72.47505208904485,47.09846499438412,62.27030384595476,1.8489466606902734,0.6077726416709468,0.9473782947190695,0.6590328692643546,0.4917536692389166,1.3172836702248467,0.9808811305070657
2730,טייבה,60.483870967741936,73.95016339869281,61.82920630310071,66.6177418200043,70.94191910286702,43.40158882344885,57.713141393913524,1.1971326164874552,0.7623045903993814,1.29191379411592,0.7845666075554839,0.626335934781528,1.2465483234714005,1.018202502844141
2800,קרית שמונה,54.849279161205764,61.76390477746908,60.41518321739606,60.183053820015346,61.36313828621521,57.16000873171797,61.10752340975137,1.652727996814018,0.8996295642970541,0.8431550317316411,0.6647846279938076,0.6160714285714286,0.773343517280886,0.8630559225011007
3000,ירושלים,65.11609214495844,67.08656397711253,63.887358686485086,63.372464539865426,63.27396506174412,59.10429418854726,61.60161990164883,0.781359293608407,1.3879070917301133,0.7836613850280233,0.7027809500528995,0.6173683770620103,0.5753974600940469,0.5619919157312657
3400,חברון,87.90035587188612,85.23985239852398,79.2982456140351,77.7027027027027,72.72727272727273,65.0485436893204,63.609467455621306,0.0,0.0,0.0,0.0,0.4629629629629629,0.0,0.0
3488,כפר עציון,81.70426065162907,80.04750593824228,77.15517241379311,78.76857749469215,78.01268498942918,77.45901639344262,78.01418439716312,0.9202453987730062,0.0,0.27932960893854747,1.3477088948787064,0.5420054200542005,0.26455026455026454,0.45454545454545453
3555,נתיב הגדוד,57.04225352112676,70.46979865771812,69.48051948051948,68.42105263157895,71.67381974248927,66.10169491525424,60.88888888888889,0.0,0.0,0.0,0.0,0.5988023952095809,0.0,0.7299270072992701
3556,אלמוג,74.28571428571429,72.41379310344827,70.10309278350515,64.64646464646465,69.94818652849742,66.13756613756614,56.92307692307692,0.0,0.9523809523809524,0.0,0.78125,0.7407407407407408,0.0,0.9009009009009009
3557,קדומים,85.66463944396178,86.18807724601176,83.67190494442315,80.0531914893617,79.91567650440781,77.44360902255639,76.02209944751381,0.5070993914807302,0.3896736483195324,0.2748511223087494,0.23730422401518747,0.09592326139088729,0.1941747572815534,0.1937984496124031
3558,תומר,75.20661157024794,72.8395061728395,82.93650793650794,82.73092369477911,76.82926829268293,79.51807228915662,77.55905511811024,0.0,0.5649717514124294,0.4784688995215311,0.48543689320388345,0.0,1.0101010101010102,2.030456852791878
3560,אלקנה,84.31372549019608,85.5397148676171,84.88604558176729,80.91054313099042,82.80757097791798,81.16385911179172,80.62209510189489,0.14534883720930233,0.2857142857142857,0.1413094677343382,0.09871668311944717,0.14285714285714285,0.14150943396226415,0.17738359201773835
3561,מגדל עוז,70.63492063492063,72.08333333333333,69.19999999999999,64.84375,63.32046332046332,62.546816479400746,62.78195488721805,0.5617977528089888,0.0,0.0,0.6024096385542169,0.6097560975609756,1.1976047904191618,0.0
3563,תקוע,77.10597826086956,81.19087367835282,78.3744557329463,73.05674773485931,75.02316960148285,71.97309417040358,72.23650385604114,0.7048458149779736,0.1370801919122687,0.1851851851851852,0.5221932114882507,0.24706609017912293,0.7476635514018692,0.6524317912218268
3564,כוכב השחר,86.9098712446352,85.99605522682445,84.70688190314358,81.33333333333333,81.19935170178282,78.58255451713396,78.93961708394698,0.12345679012345678,0.11467889908256881,0.10030090270812438,0.10245901639344263,0.0,0.09910802775024777,0.09328358208955223
3565,רימונים,65.27777777777779,69.8237885462555,69.5906432748538,69.2156862745098,71.90569744597249,66.98473282442748,70.3125,0.0,0.6309148264984227,0.2801120448179272,0.56657223796034,0.546448087431694,0.5698005698005698,0.0
3566,יפית,50.78125,60.74074074074074,67.72151898734177,66.0377358490566,64.375,59.63855421686747,57.38636363636363,0.0,0.0,0.0,0.9523809523809524,1.9417475728155338,0.0,0.0
3567,סלעית,79.83870967741935,77.94117647058823,81.54929577464789,83.06233062330624,81.79453836150844,80.92269326683291,79.97572815533981,0.0,0.3144654088050315,0.0,0.0,0.1589825119236884,0.30816640986132515,0.6069802731411229
3568,ריחן,74.16666666666667,76.33587786259542,80.72916666666666,76.26262626262627,75.36231884057972,79.0909090909091,76.85950413223141,0.0,1.0,0.0,0.6622516556291391,0.0,0.5747126436781609,1.0752688172043012
3569,מבוא דותן,57.676348547717836,63.77358490566037,69.81818181818183,68.57142857142857,72.41379310344827,66.77740863787376,73.1117824773414,2.158273381294964,0.0,0.0,0.0,0.9523809523809524,0.0,0.0
3570,אריאל,65.92126884332356,69.59830866807611,66.76365560111095,64.20600858369099,64.00369734583388,61.61616161616161,61.80826188620421,1.7340414002384306,1.6099635479951395,0.9211568938193344,0.904977375565611,0.9077780070146483,0.8143147969570342,1.008827238335435
3571,שבי שומרון,79.26078028747433,78.65384615384615,81.95211786372008,79.52898550724638,79.78533094812164,79.36507936507937,79.421768707483,1.2953367875647668,0.24449877750611246,0.22471910112359553,0.22779043280182232,0.4484304932735426,0.2222222222222222,0.21413276231263384
3572,כפר תפוח,81.29032258064515,75.91836734693878,81.06312292358804,81.84818481848185,78.13504823151125,75.22388059701493,72.58953168044077,0.5952380952380952,0.2688172043010753,0.20491803278688525,0.0,0.205761316872428,0.3968253968253968,0.3795066413662239
3573,חלמיש,79.50138504155125,82.91721419185282,80.9840425531915,78.94039735099338,76.5873015873016,76.81159420289855,76.88564476885644,0.34843205574912894,0.31695721077654515,0.3284072249589491,0.0,0.17271157167530224,0.17152658662092624,0.31645569620253167
3574,בית אל,85.68665377176016,85.04672897196261,85.1416515973478,81.5805109922757,80.11904761904762,76.60199882422106,77.19097916071938,0.18811136192626035,0.14652014652014653,0.21238938053097348,0.25491624180626365,0.3343239227340267,0.23023791250959325,0.22189349112426035
3575,בית חורון,87.16417910447761,85.8356940509915,83.56164383561644,82.47549019607843,83.41404358353512,80.53302433371958,81.03837471783297,0.0,0.0,0.5961251862891207,0.0,0.29027576197387517,0.14388489208633093,0.1392757660167131
3576,מצפה יריחו,84.98134328358209,84.81989708404802,81.5251572327044,79.34272300469483,79.34700075930145,76.76317743132887,76.98355968548964,0.43907793633369924,0.20222446916076847,0.28929604628736744,0.2958579881656805,0.19138755980861244,0.5802707930367506,0.18570102135561745
3578,שדמות מחולה,64.40217391304348,81.93146417445483,85.78947368421052,83.92857142857143,79.53964194373401,75.41766109785203,77.80320366132723,0.42194092827004215,0.0,0.0,0.0,0.0,0.31645569620253167,0.0
3579,אלון מורה,81.58192090395481,83.07522123893806,80.02183406113537,78.76489707475623,77.48917748917748,75.52742616033755,74.15036045314109,0.9695290858725761,0.0,0.1364256480218281,0.1375515818431912,0.27932960893854747,0.27932960893854747,0.4166666666666667
3598,ארגמן,63.43283582089553,67.6923076923077,64.84375,66.40625,69.35483870967742,66.39344262295081,62.8099173553719,5.88235294117647,1.1363636363636365,0.0,0.0,0.0,2.4691358024691357,2.631578947368421
3599,מחולה,84.070796460177,82.23350253807106,85.74380165289256,78.44311377245509,75.51622418879056,76.33802816901408,73.2824427480916,0.7017543859649122,0.6172839506172839,0.0,0.0,0.0,0.0,0.3472222222222222
3601,קליה,74.23728813559322,77.27272727272727,75.0,70.6070287539936,69.81132075471697,67.6923076923077,69.91150442477876,1.82648401826484,0.39215686274509803,0.0,0.904977375565611,0.0,0.45454545454545453,0.0
3602,ראש צורים,89.6788990825688,89.3709327548807,88.22314049586777,84.5679012345679,84.14634146341463,82.5147347740668,80.63314711359403,0.5115089514066496,0.24271844660194172,0.234192037470726,0.24330900243309003,0.24154589371980675,0.2380952380952381,0.0
3603,הר גילה,86.82842287694974,80.32407407407408,78.72559095580678,78.0439121756487,77.34530938123753,72.81648675171736,73.55996222851748,0.39920159680638717,0.43227665706051877,0.13054830287206268,0.1278772378516624,0.12903225806451613,0.40431266846361186,0.12836970474967907
3604,אלון שבות,82.70557029177719,82.7775012444002,80.22130013831259,75.37826685006877,75.65457050987597,74.67503361721202,73.75328083989501,0.7697241821680565,0.24052916416115455,0.28735632183908044,0.18248175182481752,0.36429872495446264,0.24009603841536614,0.2372479240806643
3605,משואה,72.38805970149254,73.48484848484848,67.33333333333333,63.33333333333333,67.74193548387096,70.06369426751591,74.52830188679245,0.0,1.0309278350515463,0.0,0.0,0.0,0.0,1.2658227848101267
3606,גלגל,57.377049180327866,62.121212121212125,58.50340136054422,58.55263157894737,58.70967741935483,54.32098765432099,59.49367088607595,0.0,0.0,0.0,1.1235955056179776,1.098901098901099,0.0,0.0
3607,"ייט""ב",78.94736842105263,82.14285714285714,80.3921568627451,77.51196172248804,78.04878048780488,68.64406779661016,68.88888888888889,0.0,0.7246376811594203,0.0,1.2345679012345678,0.625,0.6172839506172839,2.1505376344086025
3608,מעלה אפרים,50.76400679117148,55.793991416309005,55.633802816901415,51.644444444444446,53.24909747292419,50.990990990990994,54.21686746987952,1.839464882943144,1.5384615384615385,0.6329113924050633,1.0327022375215147,0.1694915254237288,0.7067137809187279,0.4761904761904762
3609,חמרה,64.0,70.45454545454545,71.85185185185186,64.70588235294117,66.41221374045801,63.970588235294116,70.27027027027027,0.0,0.0,0.0,1.1363636363636365,0.0,0.0,0.9615384615384616
3610,מצפה שלם,72.41379310344827,72.84768211920529,72.25433526011561,75.74468085106383,74.5019920318725,72.34848484848484,72.0754716981132,0.9523809523809524,0.0,0.0,0.5617977528089888,0.53475935828877,0.0,0.5235602094240838
3611,קרית ארבע,72.61574074074075,74.35440783615316,73.44812925170068,71.29864636209814,69.4879390605163,63.716628126970775,66.28001628001628,1.3069811922218681,0.6287425149700598,0.37626628075253254,0.4449718184514981,0.48721071863580995,0.4289013526888816,0.24562480810561868
3612,בקעות,75.51020408163265,80.98591549295774,83.08823529411765,77.6978417266187,74.28571428571429,70.13888888888889,71.72413793103448,0.0,0.0,0.0,0.0,0.0,0.0,0.0
3613,גיתית,73.05389221556887,80.21390374331551,79.66804979253112,80.16528925619835,80.91286307053942,77.23577235772358,75.49407114624506,0.0,0.0,0.0,0.0,0.0,0.0,0.0
3614,מכורה,72.64150943396226,70.43478260869566,69.92481203007519,71.11111111111111,71.11111111111111,66.18705035971223,66.43356643356644,2.5974025974025974,0.0,1.0752688172043012,0.0,1.0416666666666665,2.1739130434782608,0.0
3615,פצאל,70.08928571428571,78.22222222222223,84.78260869565217,81.9327731092437,78.24267782426779,76.63934426229508,77.69516728624535,0.0,0.0,0.0,0.0,0.53475935828877,0.53475935828877,0.0
3616,מעלה אדומים,71.07473532054539,74.91482271893369,73.12044254463163,70.2088782200566,71.24201662682414,67.36699665266008,70.03766612181082,0.7915132193700873,0.7446649007946424,0.4863430929455689,0.44907123902837315,0.46576851805479036,0.3488740881699968,0.547945205479452
3617,עופרה,84.75791990436342,83.33333333333334,80.20331728196896,76.90260777009047,75.47568710359408,75.19142419601837,73.11297483966453,0.07052186177715092,0.40404040404040403,0.13342228152101399,0.13840830449826988,0.1400560224089636,0.1357773251866938,0.2699055330634278
3618,אלעזר,85.38062283737024,84.64476699770817,80.77188146106134,77.92207792207793,78.81471389645776,75.69023569023568,73.57798165137615,0.303951367781155,0.09025270758122744,0.08532423208191127,0.0,0.25929127052722556,0.0,0.1662510390689942
3619,רועי,79.42857142857143,81.05263157894737,76.74418604651163,69.17293233082707,65.64885496183206,58.333333333333336,66.66666666666666,0.0,0.0,0.0,1.0869565217391304,0.0,0.0,0.0
3620,נירן,73.52941176470588,76.38888888888889,79.16666666666666,,,,,0.0,0.0,0.0,,,,
3637,מעלה שומרון,76.21832358674465,81.30511463844798,79.25801011804384,76.5811965811966,75.52447552447552,,,0.2557544757033248,0.0,0.2127659574468085,0.4464285714285714,0.23148148148148145,,
3638,כפר אדומים,82.32044198895028,81.5227934044617,79.24679487179486,75.73238321456849,75.65114443567482,75.1905487804878,71.61822748475063,0.1342281879194631,0.0,0.2527805864509606,0.20909566126502874,0.3129890453834116,0.25342118601115055,0.35070140280561124
3639,ורד יריחו,83.04093567251462,78.61271676300578,78.31858407079646,78.01724137931035,79.41176470588235,75.29411764705883,74.53183520599251,2.112676056338028,0.7352941176470588,0.5649717514124294,0.5524861878453038,1.0582010582010581,1.0416666666666665,0.0
3640,קרני שומרון,74.43290226839092,77.56989699390373,77.14983101764928,75.13001485884101,75.52765647743813,72.55991112521822,73.54579207920791,0.9683850754770721,0.7588075880758808,0.4623996106108542,0.29666254635352285,0.33726812816188867,0.45931758530183725,0.4627681952040387
3641,שילה,82.31488138030194,84.2985842985843,82.57694314032342,80.25839793281654,79.61460446247465,75.96109309865679,78.44178840194776,0.34934497816593885,0.07633587786259542,0.12634238787113075,0.0643915003219575,0.06369426751592357,0.24390243902439024,0.16930022573363432
3643,חיננית,82.07885304659499,80.96,78.23834196891191,75.29107373868047,77.77777777777779,76.09467455621302,75.94235033259423,0.21834061135371177,0.7905138339920948,1.490066225165563,0.6872852233676976,0.31746031746031744,0.3110419906687403,0.43795620437956206
3644,גבעון החדשה,73.49896480331263,73.87914230019493,70.93596059113301,69.25343811394892,70.64676616915423,69.36127744510978,67.84968684759917,1.5492957746478873,1.1873350923482848,0.5555555555555556,0.9929078014184398,0.5633802816901409,0.4316546762589928,0.6153846153846154
3645,בית הערבה,90.19607843137256,85.48387096774194,86.89655172413792,82.35294117647058,81.14285714285714,81.37254901960785,85.77405857740585,2.1739130434782608,3.7735849056603774,0.0,1.5873015873015872,0.0,0.6024096385542169,1.4634146341463417
3646,חמדת,,,87.71929824561403,75.43859649122807,78.99159663865547,75.3731343283582,73.78048780487805,,,0.0,0.0,0.0,0.0,0.0
3647,יקיר,88.20160366552119,86.40167364016736,88.18565400843882,83.29177057356608,84.97109826589595,82.64268960125098,79.6376811594203,0.2597402597402597,0.24213075060532688,0.4784688995215311,0.29940119760479045,0.09718172983479105,0.1892147587511826,0.09099181073703368
3648,מתתיהו,69.25795053003534,65.98240469208211,75.10917030567686,73.93162393162393,73.78048780487805,70.82494969818913,72.552783109405,0.0,3.111111111111111,1.744186046511628,1.4450867052023122,0.8264462809917356,1.7045454545454544,1.0582010582010581
3649,שקד,75.47169811320755,77.32558139534885,74.07407407407408,71.7948717948718,71.280276816609,74.14075286415712,72.99703264094956,0.8333333333333334,1.0025062656641603,0.22727272727272727,0.4761904761904762,0.48543689320388345,0.8830022075055187,0.40650406504065045
3650,אפרתה,78.28175026680897,78.10156782549421,78.95266868076536,75.12381491439083,75.38165314262137,74.36604913940349,72.9767149150409,0.5226084980686208,0.30547676194632334,0.27332361516034986,0.3390469014880392,0.20069330414158,0.2826855123674912,0.25870989996550536
3651,מעלה מכמש,87.7840909090909,87.32394366197182,80.64864864864865,78.6096256684492,78.32460732984293,77.56729810568295,77.69516728624535,0.3236245954692557,0.1466275659824047,0.0,0.13605442176870747,0.1336898395721925,0.12853470437017994,0.3588516746411483
3652,בית אריה,74.95553183920313,78.81245944192084,74.75565484501536,73.01939058171745,72.88742086429949,70.50359712230215,70.88900308324769,0.5220692928334125,1.029230135858378,0.48561822936122523,0.4931714719271623,0.26435045317220546,0.3779289493575208,0.1812250815512867
3653,מעלה עמוס,72.42990654205607,70.86956521739131,75.9375,73.60703812316716,76.64835164835165,75.06561679790026,75.63805104408353,0.6451612903225806,3.067484662576687,0.411522633744856,0.796812749003984,0.0,0.0,0.6134969325153374
3654,ברקן,72.74401473296501,76.10169491525424,74.53183520599251,71.26185266229031,72.4837074583635,69.47368421052632,70.01985440105891,0.37974683544303794,0.22271714922048996,0.4020100502512563,0.511770726714432,0.4995004995004995,0.30303030303030304,0.4725897920604915
3655,"ניל""י",76.25,80.64903846153845,77.50229568411386,76.15176151761518,74.070796460177,74.7068676716918,73.56760886172651,1.2295081967213115,0.29806259314456035,0.23696682464454977,0.11862396204033215,0.35842293906810035,0.11210762331838565,0.3115264797507788
3656,כרמל,85.59670781893004,81.36882129277566,85.98484848484848,77.56653992395437,81.50943396226415,81.94945848375451,74.65277777777779,0.0,0.0,0.0,0.0,0.0,0.0,0.0
3657,מעון,72.03389830508475,78.76447876447877,80.06756756756756,73.57859531772574,71.42857142857143,68.66666666666667,74.75409836065575,0.0,0.0,0.0,0.0,0.0,0.0,0.0
3658,עטרת,84.86055776892431,87.45519713261649,86.77966101694915,85.57046979865773,79.26421404682274,82.31511254019293,80.73394495412845,0.0,0.0,0.0,0.0,0.0,0.0,0.0
3659,פסגות,88.56825749167592,86.52037617554859,85.8,82.97872340425532,84.72361809045226,81.05263157894737,79.64757709251101,0.5012531328320802,0.36231884057971014,0.11655011655011654,0.4884004884004884,0.11862396204033215,0.3541912632821724,0.33185840707964603
3660,עמנואל,73.81221719457014,72.8414442700157,72.68496975337366,73.2362312243969,73.37461300309597,67.2979797979798,75.80833657966498,0.38314176245210724,0.8620689655172413,0.8962868117797695,0.3107520198881293,0.12055455093429776,0.5003126954346466,0.7194244604316548
3709,מבוא חורון,89.90384615384616,91.40127388535032,90.21937842778793,88.82882882882883,88.6443661971831,85.77371048252913,85.41009463722398,0.0,0.34843205574912894,0.2026342451874367,0.3042596348884381,0.19860973187686196,0.0,0.3693444136657433
3710,ברכה,80.63420158550396,85.83420776495278,88.64668483197093,86.61347517730496,86.41444539982803,84.69635627530364,85.22984174830445,0.8426966292134831,0.24449877750611246,0.10245901639344263,0.2047082906857728,0.2985074626865672,0.09560229445506692,0.17683465959328026
3712,ענב,82.48847926267281,83.91608391608392,84.48979591836735,84.2,84.95049504950495,83.752417794971,81.96428571428571,0.0,0.8333333333333334,0.0,0.0,0.2331002331002331,0.4618937644341801,0.0
3713,"נעמ""ה",64.40677966101694,61.111111111111114,71.01449275362319,57.34265734265735,60.689655172413794,62.16216216216216,64.32748538011695,0.0,0.0,0.0,1.2195121951219512,0.0,0.0,0.0
3715,עלמון,76.83089214380826,77.57575757575758,77.07676130389063,75.33265097236438,74.97467071935156,72.40704500978474,75.12054001928641,0.5199306759098787,0.0,0.0,0.4076086956521739,0.0,0.0,1.0269576379974326
3717,חרמש,60.588235294117645,67.40331491712708,69.11764705882352,68.96551724137932,63.76811594202898,61.79245283018868,64.7887323943662,1.9417475728155338,0.819672131147541,0.7092198581560284,8.571428571428571,0.0,0.7633587786259541,1.4492753623188406
3719,תלם,75.39682539682539,74.6268656716418,92.85714285714286,104.24528301886792,80.0,72.55813953488372,78.69565217391305,0.0,0.0,0.5128205128205128,0.4524886877828055,0.0,0.0,0.5524861878453038
3720,שערי תקווה,77.80864197530865,80.78120577412963,78.15408479834541,74.74332648870636,75.32600357964715,75.24026302478502,,0.2776675922253074,0.42046250875963564,0.19847833278200464,0.3434065934065934,0.20366598778004072,0.2352941176470588,
3722,אשכולות,80.12422360248446,78.30188679245283,78.09798270893373,71.98795180722891,73.96449704142012,73.48066298342542,75.93582887700535,0.7751937984496124,0.6024096385542169,0.36900369003690037,0.41841004184100417,0.0,0.37593984962406013,0.0
3723,פני חבר,83.43558282208589,86.45833333333334,84.97652582159625,78.37837837837837,76.41921397379913,79.51807228915662,79.02621722846442,0.0,0.0,1.1049723756906076,1.1494252873563218,1.1428571428571428,1.0101010101010102,0.0
3724,נגוהות,,94.25287356321839,91.24087591240875,88.48920863309353,86.61971830985915,87.9746835443038,84.78260869565217,,0.0,0.0,0.0,0.8130081300813009,0.0,0.0
3725,נווה דניאל,83.57723577235772,81.50633855331841,77.57377049180327,75.03234152652006,75.43859649122807,74.04580152671755,70.57387057387058,0.2918287937743191,0.36596523330283626,0.08453085376162299,0.08620689655172414,0.516795865633075,0.1718213058419244,0.17301038062283738
3726,נוקדים,78.00511508951406,82.4295010845987,76.95690413368513,74.07407407407408,74.39126784214946,73.23506594259116,71.86843946815955,0.6557377049180327,0.5263157894736842,0.0,0.46511627906976744,0.1128668171557562,0.5296610169491525,0.4868549172346641
3727,עלי זהב,70.7808564231738,80.97412480974124,84.53531598513011,83.42318059299191,84.22360248447205,85.0,83.56031128404669,1.0676156583629894,0.37593984962406013,0.08795074758135445,0.16155088852988692,0.0,0.13218770654329146,0.05820721769499418
3730,גבעת זאב,74.6714070243482,77.6931447225245,76.40626366897034,76.3709046667246,76.53255050941115,73.43474241532903,76.92856576548006,0.5482614341364883,0.6620830150241914,0.44653079917563543,0.34137460172963136,0.3046028880866426,0.40054932478828104,0.41224363598886943
3743,טנא,73.50230414746544,76.58227848101265,76.95390781563127,75.09803921568627,75.390625,74.85822306238185,77.07948243992607,0.9404388714733543,0.27548209366391185,0.5208333333333333,0.26109660574412535,0.5181347150259068,0.0,0.2398081534772182
3744,ברוכין,92.20779220779221,86.08695652173914,90.1639344262295,88.558352402746,87.77777777777777,84.49197860962568,83.36933045356372,0.0,0.0,0.2597402597402597,0.0,0.0,0.0,0.0
3745,מצדות יהודה,86.59003831417624,87.36842105263159,82.14285714285714,76.75159235668791,76.89969604863222,77.87610619469027,75.68134171907757,0.4424778761061947,0.0,0.0,0.8298755186721992,0.3952569169960474,0.8522727272727272,0.0
3746,קרית נטפים,84.93589743589743,86.93181818181817,84.14634146341463,86.74698795180723,86.19047619047619,83.68298368298368,82.0675105485232,0.0,0.0,0.2898550724637681,0.0,0.2762430939226519,0.0,0.2570694087403599
3747,דולב,84.19540229885058,84.27586206896551,84.37884378843789,81.25,79.74537037037037,78.2559456398641,76.88053097345133,0.17064846416382254,0.4909983633387889,0.1457725947521866,0.301659125188537,0.14513788098693758,0.5788712011577424,0.4316546762589928
3748,עתניאל,85.47008547008546,85.6777493606138,82.22222222222221,77.09251101321586,75.21739130434783,75.10729613733905,69.061876247505,0.0,0.0,0.0,0.0,0.0,0.0,0.0
3749,יצהר,78.2,83.11688311688312,81.63884673748103,80.72289156626506,77.3391812865497,76.79782903663501,77.71084337349397,0.2557544757033248,0.0,0.37174721189591076,0.0,0.1890359168241966,0.35335689045936397,0.0
3750,אלפי מנשה,76.79245283018868,79.18374953410363,75.871125897391,74.1388263804743,73.76288659793815,73.39942866745085,73.50839288682067,0.4914004914004914,0.2824193927983055,0.20770828525271176,0.2334812047630166,0.3726997437689262,0.27472527472527475,0.4747908659281031
3751,מגדלים,62.16216216216216,69.40298507462687,76.54867256637168,73.36244541484717,73.68421052631578,74.72527472527473,76.0942760942761,2.898550724637681,0.0,0.0,0.5952380952380952,0.5494505494505495,0.9803921568627451,0.0
3752,מעלה לבונה,75.43352601156069,81.05849582172702,82.71604938271605,79.42583732057416,78.65429234338747,77.49419953596288,76.13882863340564,0.0,0.6872852233676976,0.0,0.0,0.2949852507374631,0.0,0.0
3754,אספר,76.88888888888889,75.40322580645162,76.16279069767442,74.93261455525607,75.0,71.35678391959799,75.6989247311828,0.5780346820809248,1.06951871657754,2.6717557251908395,1.4388489208633095,0.3546099290780142,1.4084507042253522,0.5681818181818182
3756,סוסיה,79.9163179916318,81.71428571428572,83.03030303030303,76.2406015037594,78.18991097922849,72.1590909090909,76.41025641025641,0.2617801047120419,0.6993006993006993,0.36496350364963503,0.19723865877712032,0.18975332068311196,0.0,0.0
3759,אדורה,80.44692737430168,80.0,79.59183673469387,77.23577235772358,77.64227642276423,75.0,78.78787878787878,0.0,0.0,0.0,0.0,0.0,0.0,0.4807692307692308
3760,אורנית,79.2038027332145,81.89806678383128,79.88268864933417,76.79105652653125,76.88833515028811,76.02087810868898,75.32621589561091,0.5001250312578145,0.19313304721030042,0.1984520738241715,0.3280705351650605,0.20255215718047395,0.26252019386106623,0.31496062992125984
3762,איתמר,77.04194260485652,82.06185567010309,78.35951134380453,76.3986013986014,74.66216216216216,70.5691056910569,72.7810650887574,0.0,0.0,0.0,0.4576659038901602,0.0,0.0,0.0
3763,גבע בנימין,72.40272763738467,79.54794021144733,74.13350449293966,74.63768115942028,74.45820433436533,66.91639196883428,72.93916998294485,0.886426592797784,0.9624197983501375,0.6060606060606061,0.2532714225411566,0.4158004158004158,0.49261083743842365,0.3897116134060795
3764,חגי,84.25196850393701,87.890625,83.33333333333334,79.81651376146789,78.2089552238806,81.05849582172702,72.91666666666666,0.0,0.0,0.7407407407407408,0.0,0.0,0.0,0.0
3765,עלי,80.36236119228522,80.47368421052632,79.42992874109264,76.35009310986965,76.97307335190344,75.17889087656529,72.9076790336497,0.4363636363636364,0.2616088947024199,0.05980861244019139,0.426829268292683,0.24125452352231602,0.4759071980963712,0.2366863905325444
3766,כרמי צור,86.68171557562077,89.79206049149339,83.64312267657994,82.20183486238533,79.96389891696751,77.71836007130125,74.22680412371135,0.26041666666666663,0.0,0.2222222222222222,0.0,0.2257336343115124,0.0,0.9259259259259258
3767,נחליאל,77.68924302788844,85.06944444444444,78.18181818181819,78.48484848484848,75.90361445783132,72.01166180758017,76.878612716763,0.0,0.40816326530612246,0.0,0.3861003861003861,0.0,0.0,0.7518796992481203
3768,פדואל,89.51367781155015,86.94550063371355,87.6470588235294,85.2132701421801,85.43956043956044,82.85714285714286,82.8936170212766,0.0,0.2915451895043732,0.11185682326621924,0.11123470522803114,0.0,0.10775862068965517,0.0
3769,הר אדר,79.26829268292683,80.02248875562219,79.02097902097903,76.81592039800995,76.09483042476127,76.7052767052767,74.31539187913125,0.4466501240694789,0.468384074941452,0.21070375052675938,0.2158894645941278,0.1298139333621809,0.25167785234899326,0.25412960609911056
3770,חשמונאים,82.43583291394062,79.57038391224863,78.1344902386117,76.09734897870491,74.88048674489353,73.4065934065934,73.3511586452763,0.4884004884004884,0.2871912693854107,0.27762354247640203,0.1142204454597373,0.2321532211259431,0.5389221556886228,0.3645200486026731
3777,סנסנה,,88.95705521472392,91.17647058823529,87.55186721991701,91.11969111969111,84.64285714285714,75.84415584415585,,0.0,0.0,0.0,0.0,0.0,0.0
3778,עץ אפרים,79.53410981697171,84.50261780104712,81.66409861325116,80.54298642533936,79.05604719764013,77.7537796976242,,0.0,0.49566294919454773,0.09433962264150944,0.46816479400749067,0.2798507462686567,0.3703703703703704,
3779,כוכב יעקב,81.36543535620054,83.25624421831638,81.2484700122399,81.95399573156273,81.66473988439307,77.30527229333913,80.71928071928072,0.4458856911228212,0.5925925925925926,0.7231093702922567,0.4340277777777778,0.4530011325028313,0.673589671625035,0.594059405940594
3780,ביתר עילית,84.81943690842226,84.41082552478669,80.7962813257882,82.6993574835429,82.02890751134004,77.31761131406662,81.33910907974624,0.5117634515601677,0.9240310077519379,0.8654760118064936,0.6625357483317446,0.5998406673227424,0.9449850299401198,0.6667505346584476
3781,קדר,73.78223495702005,80.2919708029197,74.1090146750524,73.3195449844881,72.35528942115769,67.2447013487476,69.64944649446494,0.5825242718446602,0.6060606060606061,0.2828854314002829,0.2820874471086037,0.13793103448275862,0.14326647564469913,0.26490066225165565
3782,רותם,,,,,,65.0,70.08547008547008,,,,,,1.5384615384615385,2.4390243902439024
3784,שמעה,58.921161825726145,70.39473684210526,75.29411764705883,74.52830188679245,73.98190045248869,73.4065934065934,76.28865979381443,2.8169014084507045,1.4018691588785046,0.3125,0.0,0.0,0.29940119760479045,0.2702702702702703
3785,משכיות,,,,78.04878048780488,72.67441860465115,82.79569892473118,84.61538461538461,,,,0.0,0.0,0.0,0.0
3787,נעלה,79.5031055900621,80.76433121019109,77.07404103479037,74.4328097731239,76.60626029654037,73.30909090909091,74.70983506414173,0.390625,0.7886435331230284,0.6944444444444444,0.11723329425556857,0.3225806451612903,0.3968253968253968,0.49059689288634506
3788,טלמון,89.13713405238829,88.42652795838751,86.91358024691358,83.25266214908035,82.96780214652357,80.27741655830081,80.5640243902439,0.34572169403630076,0.22058823529411764,0.3409090909090909,0.23255813953488372,0.1687289088863892,0.16198704103671707,0.04730368968779565
3790,נופים,69.56521739130434,73.1764705882353,76.05633802816901,74.31372549019608,75.23629489603024,71.60493827160494,73.74213836477988,0.78125,0.6430868167202572,0.5291005291005291,0.2638522427440633,0.7537688442211055,0.24630541871921183,0.21321961620469082
3791,צופים,79.53539823008849,84.05797101449275,80.87508821453775,78.69535045107564,79.70914127423822,75.96479350033853,76.62007623888184,0.13908205841446453,0.5387931034482759,0.08726003490401396,0.26455026455026454,0.1737619461337967,0.0,0.24875621890547264
3793,אבני חפץ,83.96349413298566,86.0655737704918,80.92540132200189,80.0925925925926,79.67479674796748,73.91304347826086,77.2459499263623,0.6211180124223602,0.27210884353741494,0.2333722287047841,0.23121387283236997,0.11337868480725624,0.22197558268590456,0.47664442326024786
3794,בת עין,73.07086614173228,74.67994310099573,76.38072855464159,69.76744186046511,72.51461988304094,58.659217877094974,62.5,0.8620689655172413,0.19047619047619047,0.0,0.6666666666666667,0.16129032258064516,0.38095238095238093,1.0
3795,רבבה,92.97124600638978,90.97839898348158,87.87878787878788,85.3913043478261,85.90604026845638,85.2359208523592,82.15511324639671,0.1718213058419244,0.13966480446927373,0.4056795131845842,0.0,0.09765625,0.08928571428571429,0.1670843776106934
3796,כפר האורנים,83.22884012539184,81.2960235640648,76.49653434152489,73.86434349719974,72.58163894023414,74.5249406175772,73.1030577576444,0.2824858757062147,0.4528985507246377,0.2471169686985173,0.42122999157540014,0.08488964346349745,0.1593625498007968,0.0774593338497289
3797,מודיעין עילית,90.69145123524633,89.2600620510859,84.47414806110459,84.50648839952811,83.43867203778302,81.02070230607966,82.03321895970606,0.6059328731756152,5.409008665841348,2.6908363762823857,1.9967003680358728,1.5565821783826528,1.4757014635724104,1.336245188036719
3822,רחלים,,93.42723004694837,91.41914191419141,90.41533546325878,88.78205128205127,89.01734104046243,86.01895734597157,,0.0,0.0,0.0,0.0,0.0,0.0
3823,גני מודיעין,,,78.41095890410958,79.32330827067669,78.95855472901168,73.8508682328907,75.17106549364614,,,0.7686932215234101,0.5416384563303994,0.3364737550471063,0.3457814661134163,0.3901170351105332
3824,עמיחי,,,98.46153846153847,95.77464788732394,90.41095890410958,,86.0,,,0.0,0.0,0.0,,0.0
3826,שער שומרון,,,,,,,74.97305066475028,,,,,,,0.26359932901988975
4000,חיפה,58.602527944041306,62.20064618496017,58.74383739601237,58.28861085408536,58.282156978211496,55.111057750030014,55.52879680368902,1.2205408087323244,1.1617917233904758,0.7060148620249166,0.5838992877256916,0.593176069504014,0.5373767301352156,0.6299324564521863
4001,בוקעאתא,2.719033232628399,4.683195592286501,14.258188824662813,14.801444043321299,13.403880070546737,15.46218487394958,25.367156208277702,0.0,0.0,1.3513513513513513,0.0,0.0,0.0,0.0
4002,אלי-עד,71.96652719665272,69.61538461538461,76.35135135135135,71.81208053691275,72.31270358306189,71.38263665594855,73.93939393939394,0.0,0.0,0.8849557522123894,0.0,1.3513513513513513,1.3513513513513513,0.4098360655737705
4003,אל-רום,65.26315789473685,69.93243243243244,76.06060606060606,73.19277108433735,73.46938775510205,72.70194986072424,71.0594315245478,0.5376344086021506,0.966183574879227,0.0,0.823045267489712,0.7936507936507936,0.38314176245210724,0.36363636363636365
4004,כפר חרוב,56.04026845637584,65.06024096385542,64.1160949868074,62.33766233766234,59.0,61.23456790123457,62.76346604215457,0.5988023952095809,0.4629629629629629,0.0,0.0,0.0,0.4032258064516129,0.0
4005,חספין,81.95956454121306,81.93456614509246,78.90137328339576,76.37698898408813,75.91687041564792,73.55473554735548,72.39057239057239,0.0,0.0,0.15822784810126583,0.0,0.1610305958132045,0.5016722408026756,0.15503875968992248
4006,קשת,78.6096256684492,78.89182058047494,78.77358490566037,75.24038461538461,72.59953161592506,73.1764705882353,74.43438914027149,0.3401360544217687,0.6688963210702341,0.0,0.0,0.6451612903225806,0.3215434083601286,0.0
4007,יונתן,79.32330827067669,79.05405405405406,81.5126050420168,79.83651226158038,79.38144329896907,74.63768115942028,72.12389380530973,0.0,0.4273504273504274,0.0,1.023890784982935,1.6233766233766231,0.0,0.0
4008,מעלה גמלא,74.31192660550458,75.22388059701493,80.0,76.48578811369508,74.12060301507537,77.09923664122137,76.20192307692307,0.411522633744856,0.0,0.0,0.0,0.6779661016949152,0.9900990099009901,0.31545741324921134
4009,שעל,70.3883495145631,78.53881278538812,79.81220657276995,76.66666666666667,76.14678899082568,74.55357142857143,75.9493670886076,0.0,1.1627906976744187,0.5882352941176471,0.0,0.0,1.1976047904191618,0.5555555555555556
4010,אודם,67.02127659574468,78.43137254901961,77.87610619469027,80.99173553719008,73.55371900826447,77.8688524590164,74.43609022556392,0.0,0.0,0.0,0.0,0.0,1.0526315789473684,1.0101010101010102
4011,אבני איתן,76.8361581920904,77.8688524590164,81.51898734177216,76.69172932330827,77.363184079602,72.57281553398059,71.42857142857143,0.0,0.0,0.0,0.0,0.0,0.0,0.3076923076923077
4012,אניעם,68.78306878306879,71.7557251908397,70.34482758620689,61.41552511415526,61.12359550561798,63.80090497737556,59.10112359550562,0.0,1.0638297872340425,0.0,0.37174721189591076,0.0,0.0,0.38022813688212925
4013,אורטל,71.71717171717171,72.76785714285714,77.82258064516128,72.8744939271255,71.37096774193549,74.609375,65.4275092936803,0.0,0.6134969325153374,0.5181347150259068,0.0,0.0,0.0,0.5681818181818182
4014,נטור,79.60526315789474,79.36507936507937,80.34188034188034,75.20661157024794,75.2,76.29629629629629,73.07692307692307,0.8264462809917356,0.0,0.0,1.098901098901099,1.0638297872340425,0.0,0.0
4015,בני יהודה,66.54929577464789,71.62629757785467,67.22783389450056,66.59142212189616,66.62933930571108,62.159214830970555,62.88770053475936,1.2345679012345678,0.322061191626409,0.8347245409015025,0.3389830508474576,0.5042016806722689,0.7017543859649122,0.5102040816326531
4017,אלוני הבשן,83.33333333333334,84.78260869565217,73.27188940092167,74.43946188340807,68.77828054298642,70.89201877934272,68.35443037974683,0.0,0.0,1.257861635220126,0.0,0.0,1.9867549668874174,0.0
4019,מיצר,,,77.8688524590164,76.42276422764228,72.0,76.27118644067797,75.36231884057972,,,0.0,0.0,0.0,0.0,0.9615384615384616
4021,גבעת יואב,74.2014742014742,79.49308755760369,75.69296375266525,72.25806451612902,70.27600849256899,69.87704918032787,71.95121951219512,0.9933774834437087,0.5797101449275363,0.0,0.0,0.906344410876133,0.0,0.5649717514124294
4022,גשור,70.0,70.76923076923077,70.85201793721974,68.91891891891892,69.54545454545455,67.71300448430493,64.01673640167364,0.0,0.7246376811594203,0.0,0.0,1.3071895424836601,0.0,0.0
4024,קלע,48.507462686567166,60.89743589743589,59.905660377358494,65.42056074766354,64.54545454545455,61.440677966101696,63.78737541528239,3.076923076923077,2.1052631578947367,0.7874015748031495,0.7142857142857143,0.7042253521126761,0.0,1.0416666666666665
4025,קדמת צבי,65.67656765676567,72.54901960784314,77.95698924731182,70.26315789473684,72.1938775510204,73.39901477832512,68.21345707656613,1.0050251256281406,0.45045045045045046,0.0,1.8726591760299627,0.35335689045936397,0.0,1.0204081632653061
4026,חד-נס,68.26923076923077,72.91666666666666,63.17460317460317,56.76100628930818,59.345794392523366,59.97045790251108,57.4585635359116,0.0,0.2380952380952381,0.0,0.0,0.26246719160104987,0.24630541871921183,0.0
4028,כנף,75.33039647577093,74.90196078431373,78.61635220125787,72.89719626168224,69.96904024767801,70.83333333333334,62.57142857142857,0.0,0.0,0.0,0.4273504273504274,0.0,0.0,0.91324200913242
4100,קצרין,57.21111307733145,61.63979892529034,59.02317880794702,57.30337078651685,57.05263157894736,54.46046585327207,54.54545454545454,2.257964738632849,1.3498312710911136,1.0659186535764376,0.8073817762399077,0.7096224808401931,0.8437590922315974,0.8918617614269788
4101,מרום גולן,73.29192546583852,70.85828343313374,70.33747779751333,72.6148409893993,70.48611111111111,73.05699481865285,68.64686468646865,0.0,0.0,0.0,0.48661800486618007,0.24630541871921183,0.2364066193853428,0.2403846153846154
4201,מג'דל שמס,20.396039603960396,19.655172413793103,17.353308364544322,20.18454440599769,18.22222222222222,17.56756756756757,23.393124065769804,0.0,6.140350877192982,1.4388489208633095,0.0,0.6097560975609756,0.591715976331361,0.3194888178913738
4203,מסעדה,19.07514450867052,11.981566820276496,21.779141104294478,24.85549132947977,22.316384180790962,19.414893617021274,22.559652928416483,3.0303030303030303,3.8461538461538463,0.0,1.1627906976744187,1.2658227848101267,1.36986301369863,2.8846153846153846
4204,מבוא חמה,63.40057636887608,70.14492753623188,70.57356608478803,68.5,66.16915422885572,68.7041564792176,65.52567237163814,0.0,0.4132231404958678,0.35335689045936397,0.0,0.0,0.3558718861209964,0.3731343283582089
4301,אפיק,67.04545454545455,69.55128205128204,70.91633466135458,67.8714859437751,67.95366795366795,69.140625,71.11111111111111,0.0,0.4608294930875576,0.0,0.0,0.0,1.694915254237288,1.0416666666666665
4303,"נווה אטי""ב",73.46938775510205,71.42857142857143,67.27272727272727,60.36585365853659,60.122699386503065,60.0,53.333333333333336,0.9259259259259258,1.8181818181818181,0.9009009009009009,0.0,0.0,1.9047619047619049,0.0
4304,נוב,79.77272727272727,85.23489932885906,83.7448559670782,80.12048192771084,77.73359840954275,76.72253258845437,72.64808362369338,0.0,0.26246719160104987,0.0,0.7518796992481203,0.0,0.7281553398058253,0.4796163069544364
4501,ע'ג'ר,55.91240875912409,46.93877551020408,36.79471788715486,36.81090693538827,39.660222612770944,48.379761227970434,30.09761388286334,1.3054830287206265,0.8695652173913043,2.2838499184339316,2.0933977455716586,1.1816838995568686,0.8225616921269095,1.4414414414414414
4502,עין קנייא,,,22.388059701492537,24.46043165467626,10.95890410958904,10.303030303030303,14.975845410628018,,,0.0,0.0,0.0,0.0,0.0
4503,עין זיוון,69.48356807511738,65.12605042016807,68.75,67.27941176470588,66.54804270462633,69.15254237288136,68.75,0.0,0.6451612903225806,0.53475935828877,0.0,0.0,0.0,0.4329004329004329
4551,נאות גולן,65.3731343283582,71.50837988826815,71.28953771289538,72.11538461538461,68.32151300236407,69.1588785046729,68.35443037974683,0.45662100456621,1.171875,0.6825938566552902,0.33333333333333337,0.34602076124567477,0.0,1.8518518518518516
4701,רמת מגשימים,82.20551378446115,84.28571428571429,81.13636363636364,78.18181818181819,77.67653758542141,75.86206896551724,73.7603305785124,0.0,0.5649717514124294,0.0,0.0,0.0,0.2840909090909091,0.0
4702,רמות,78.26086956521739,77.32696897374701,79.77011494252874,77.3972602739726,76.9406392694064,75.75057736720554,75.65217391304347,0.9259259259259258,0.0,0.0,0.5899705014749262,0.0,0.0,0.0
5000,תל אביב - יפו,62.64113220376826,65.2566829805275,63.03852269475936,62.1385717905268,61.7482865354853,59.99139330544886,59.61825477684237,0.8056219368949735,0.7066735054425258,0.444204691307502,0.3662250020574438,0.3733458652225156,0.29679897372835684,0.3901258071406889
6000,באקה אל-גרביה,43.26171875,61.51127361365021,42.88167426884894,57.86603124172623,61.8923565883395,31.334515067105595,47.546383762050084,2.167042889390519,0.7132950267485635,1.6268301839569517,0.9791361639824305,0.5640205404495328,1.810247292710522,1.467142129393785
6100,בני ברק,77.92816510256966,80.03178959631163,77.24954128440366,77.26739906768802,77.03603247593045,73.90676110525057,76.52656896163896,0.44381441933176125,3.014864614815272,1.6602931046768485,1.2983347445667512,1.0830661614689594,0.9235714628412417,0.8614647161236348
6200,בת ים,52.27320225712586,55.79554158100536,52.33437011490548,52.010995370370374,52.26287567428718,48.58134280180762,50.758365265908836,1.6469068598053236,1.4478513423691588,0.8776251770647288,0.8561273373512596,0.755679112845009,0.7956546294143052,0.8781211996778118
6300,גבעתיים,71.6235885673959,73.53858229945708,71.61169881767269,70.71607286863382,70.02452445232159,69.29080490459857,68.97306499665594,0.7174307971795424,0.7145610341862603,0.33310161047387327,0.31579870756454864,0.34434045558891047,0.26084121291164003,0.29384109073812886
6400,הרצליה,67.19537251514794,69.87402286969443,67.81027394723522,66.46246964501447,66.35225436035994,65.32210296870188,65.63891512616381,0.7556576948545164,0.7359603542964921,0.39506981994283324,0.3892479435957697,0.32175968005817124,0.3083005386191763,0.35632302052283554
6500,חדרה,57.74556405184376,64.87892248173091,62.832127600481414,62.29311775006913,63.025418636850496,59.077227824655274,62.74815637439014,1.3804386727337798,1.2213167251926942,0.8503830933737476,0.6298746591701718,0.6155312843257135,0.5748002351455508,0.6224272674846382
6600,חולון,61.411199187124254,66.73697832416694,64.37197226355951,63.942796195669324,63.93313655273112,61.04016775279065,64.08268733850129,1.0988078571125537,1.045161040119447,0.7210805386953656,0.5645591109180994,0.5099228224917309,0.5379219550326044,0.5984925408107475
6700,טבריה,54.14170750892479,61.02490507369869,59.31817526872425,59.88283605662924,60.61150566156128,55.680825276924374,61.73777995749551,1.0672776039338399,0.9406692469746705,0.6412747765254567,0.6617752841317796,0.48468307373770647,0.5112629713996456,0.49869808905953483
6800,קרית אתא,60.973932182405946,66.96526304032167,65.73752688401014,65.28964157782065,66.13165508648181,61.779532851621575,64.97076264206885,1.3649182177100958,1.194248924175201,0.7968643710926112,0.5324156737980067,0.6131442805135083,0.642594859241126,0.6528283948661068
6900,כפר סבא,71.67712806959587,74.91249309155987,73.20853612879071,72.07090735054635,72.20846744243624,69.90810318066471,69.88511934619572,0.7931325856506376,0.7939714381071159,0.40741877194776854,0.3691182558299986,0.3771644093948226,0.2801762114537445,0.3833899373271244
7000,לוד,55.66333699020344,61.58297129631386,56.1390074025453,58.647992462675745,62.09210125038121,53.16603595905342,60.68299144138025,1.7703398914283737,1.67893780228582,1.0198116271516726,1.1430689857579783,0.8436380446088063,0.9905861514743989,0.971036798656779
7100,אשקלון,56.88465499485067,63.75635013677218,62.27927374947737,62.55888216509942,63.383518432756915,58.56954940548348,61.90194082405755,1.4555988051054585,1.435773279600374,0.8798743036709041,0.686708593022928,0.6424219030025642,0.5783571134989137,0.7885478587892757
7200,נס ציונה,74.83855287827235,78.61450692746537,76.515693996897,75.65859736561053,75.62618147448015,74.15976193254755,74.7029888099416,0.9417768499188123,0.6925150321376736,0.47182686683564046,0.3960318393914442,0.4061865333541634,0.32652740076320863,0.4543879240633063
7300,נצרת,55.05395718678392,61.40855124737,39.830998755281286,55.75278276168412,60.33727513548142,39.03300076745971,48.28542146205413,1.44076840981857,0.8871485820918352,1.386443661971831,0.6842467037430482,0.5882521736635197,1.2321405164503867,0.9638470371272486
7400,נתניה,58.47723900602222,63.19073611423565,60.32581384432725,59.22545027193965,59.80023075298055,56.495909309662586,58.286036266775945,1.1801579940512361,1.1898293016545187,0.7488031050612866,0.6008306414397785,0.5760921747479597,0.6511883240419107,0.6529801557309335
7500,סח'נין,76.29909106499743,81.6806993081997,81.38351015747656,72.10093839646035,79.24528301886792,70.25427149199515,68.41470246046451,0.7417397167902899,0.32171229728842493,0.4910557699052964,1.247555465641648,0.2976190476190476,0.8681220477467126,0.7747055489072243
7600,עכו,55.95008394517252,64.52680998270324,58.32531742978069,61.58020559407124,63.14361208312504,52.69273637031942,58.88742517737873,2.096022930849158,1.4743049705139006,1.3606003133503752,0.8695989751154937,0.6484204177033853,1.0216021602160217,0.9536891679748822
7700,עפולה,57.217036172695444,65.06855076120785,64.72045995241872,63.95113506132502,63.2336390412107,59.304039427018566,63.27011118378025,1.7130620985010707,1.2926577042399172,0.9649257160361465,0.7244442749837954,0.6172605748475783,0.6912352918333269,0.7580456205637103
7800,פרדס חנה-כרכור,65.33259511191964,71.61832576638776,72.1679720046659,70.96806222075128,71.45287401446005,69.16974466035009,69.44800224922683,0.9806295399515738,0.9692460837219049,0.4756626951140667,0.4756797089959427,0.38001922988874137,0.3436106983655275,0.40034186496333946
7900,פתח תקווה,66.54263639380007,70.83222921964062,69.4864159988174,68.84834316983427,68.85330470850616,66.0894400988061,67.80476708035286,0.9919150906435872,0.9734703461670102,0.6686066389600127,0.4895206047825325,0.4888939342339274,0.44228148724936733,0.5151795300011929
8000,צפת,60.921347244056975,64.96496496496496,61.12120425642357,61.22220788715435,62.59252956691908,56.011089641266906,60.253437137651154,1.2433531435720988,1.3097072419106317,0.6794055201698515,0.674346726608598,0.6185006456874873,0.7724613769311535,0.5567010309278351
8200,קרית מוצקין,63.654072015812545,69.02527686194945,66.88902038840175,65.62084551980855,65.37215976409257,61.91092172677928,63.34716796874999,1.2555690562980963,1.0696060420493978,0.6273122084606724,0.7576985413290114,0.6202424584155625,0.5612683846122333,0.6628897367711104
8300,ראשון לציון,66.22810228520629,70.93254677022627,67.73246027060391,66.80694703324014,66.89110211651968,64.4204658112904,66.19792773018008,1.0288358284378751,0.8546885566698801,0.513625852741379,0.4759033080729186,0.4303559823813994,0.42525351651946347,0.4927372947225055
8400,רחובות,66.98715894280282,71.19532044760936,69.41808533741231,68.97296485148979,69.24847840878375,66.77758222417776,68.86884731009108,0.8883005868844094,0.8616132028291777,0.5372687704026116,0.4765146358066712,0.41724991924195115,0.4200469464234238,0.44303137704576256
8500,רמלה,56.212440800732274,64.68210286581893,58.877676504629626,61.506427013286704,64.03937347320017,56.25288089919513,63.82900859139467,2.449644235194166,1.792787770311904,1.3944773781368063,1.17243602895917,1.0041512397621453,1.1408761424519382,1.070248723619188
8600,רמת גן,66.25806081562754,69.34831497031176,67.12223232307669,66.3088457603567,66.01021536517297,64.75817609137205,65.23246197547734,0.8409388835299646,0.701062675703104,0.42467231366067537,0.3765112262521589,0.3771993800711095,0.3670621391881449,0.4045905036986407
8700,רעננה,68.90746507251927,70.74832165192127,68.48059595381976,67.08441856902098,67.37229496479462,66.68408012179468,66.60540975133522,0.5509775017520118,0.6032202682010115,0.3204766525987948,0.3151692321746677,0.3318134621461785,0.3088837656959957,0.36428694602517675
8800,שפרעם,54.090626939788955,59.18049388486406,47.41503532140723,59.21871198693219,65.93406593406593,44.82527332483735,51.46558704453441,1.4382985234488563,1.1122811636172174,1.56400563338522,4.178648981747755,0.8750000000000001,1.1297321562172677,1.1768407803650094
8900,טמרה,70.33815903197926,80.67057160169662,58.525511350865365,72.42204110559886,80.23255813953489,52.37266553480475,63.51467167285638,0.7142308578450196,0.4068602904356535,0.5223135417466779,0.3363914373088685,0.20159093385638008,0.599724450927952,0.4626357386108077
9000,באר שבע,56.74349947421017,62.86376167866442,61.337373211641285,60.29110532145974,61.77207843524647,56.56020980906394,61.314409207906365,1.4560983470693862,1.3725191614638852,0.9798672633418524,0.8375673595073133,0.784599854074422,0.7009447044548448,0.7900833646858477
9100,נהריה,60.83804266876945,65.88431092239743,62.93253721773628,61.52135054617677,62.71672328143101,59.23607243677146,60.801292524416375,1.522952295229523,1.0946304812487855,0.7131713839982171,0.7199121900826446,0.6011082934159857,0.5705764118524281,0.7434389275370973
9200,בית שאן,63.34817722092233,70.25089605734766,69.8589562764457,69.4586455634148,70.70622649394066,65.15999723546894,70.6602624813963,0.965089955915644,1.0310374149659862,0.6359781950333132,0.5847953216374269,0.3940110323089046,0.5303351718285956,0.3063666826232647
9300,זכרון יעקב,74.65888310592207,76.97515446299461,74.63685815051707,72.47074199489099,72.04498372299497,71.857291546201,71.21694896304992,0.6217616580310881,0.3757151396123303,0.3283677719045331,0.2459217968685958,0.31219191587249423,0.24945682787478876,0.25117739403453687
9400,יהוד-מונוסון,73.15332960268607,76.07459631566978,74.56672443674177,74.02614209913291,72.9194529531041,71.73253578295235,74.27182466114613,0.835086377255052,0.6636771300448431,0.4241719930273097,0.34382284382284384,0.4555673884747367,0.3514205729942224,0.34390947415132017
9500,קרית ביאליק,62.64230792155928,67.69856713249602,64.78082992402105,63.51094613158741,63.9697981704661,60.9626724600062,62.64657072122317,1.4510680812598125,1.0321400574862816,0.7082280765066763,0.6120852317179806,0.6627928091519883,0.5368630536400241,0.5428410127241933
9600,קרית ים,54.68174275026018,59.312733822918105,57.83706787925272,56.65909277560295,57.52292322430546,53.42609174817468,55.63066731823858,1.903194280129623,1.5885623510722795,1.0751160367528654,0.9808184761076484,0.8945565283593453,0.861224279304832,1.049241130252306
9700,הוד השרון,75.01349892008639,77.69551484523058,76.69186148708033,75.49470928329879,75.5874334674802,74.43092250457154,74.35707981856619,0.5902465359006659,0.4683231429686484,0.2979601191840477,0.2832124382278993,0.28910834406755404,0.20049700666440753,0.284302630489387
9800,בנימינה-גבעת עדה,75.12363427257044,76.57392253136935,75.96545219894767,74.304870834155,74.44671931363946,73.04761904761905,72.18293690880705,0.5205143906919779,0.6697064690795098,0.352848928384736,0.2786624203821656,0.20953378732320588,0.2607561929595828,0.2544529262086514
9999,מעטפות חיצוניות,,,,,,,,,,,0.7881264117942799,0.7592161328128548,0.9148978172178458,0.8843859319327496
99999,מעטפות חיצוניות,,,,,,,,,,0.8144262676351736,,,,
