סמל ישוב,שם ישוב,בזב_25,אחוז הצבעה_19,אחוז הצבעה_20,אחוז הצבעה_21,אחוז הצבעה_22,אחוז הצבעה_23,אחוז הצבעה_24,שינוי_19_24,שינוי_23_24,target_high_turnout_25,target_turnout_25
7,שחר,530,71.68949771689498,73.7527114967462,71.89922480620154,72.92069632495163,74.28023032629558,65.37037037037037,-6.31912734652461,-8.909859955925214,0,70.94339622641509
10,תירוש,336,66.11295681063123,71.24183006535948,71.17117117117117,73.79518072289156,76.13293051359517,68.37349397590361,2.260537165272382,-7.759436537691556,1,79.76190476190477
11,"ניר ח""ן",445,68.8953488372093,72.98050139275766,71.712158808933,70.6896551724138,67.07920792079209,67.6674364896074,-1.227912347601901,0.5882285688153104,0,67.19101123595506
13,חצבה,566,75.70498915401302,76.37130801687763,80.2788844621514,74.30278884462152,76.30057803468208,71.79962894248608,-3.90536021152694,-4.500949092195995,0,72.08480565371025
15,נועם,316,68.370607028754,76.66666666666667,71.8543046357616,74.02597402597402,75.07987220447284,67.3913043478261,-0.9793026809279013,-7.688567856646742,1,78.16455696202532
16,בית ניר,488,82.23495702005731,80.90185676392572,77.15617715617715,79.40503432494279,77.95454545454545,75.71743929359823,-6.517517726459076,-2.2371061609472207,1,75.0
18,שדה משה,405,76.57894736842105,78.6842105263158,76.88442211055276,76.82619647355163,72.9113924050633,75.87064676616916,-0.7083006022518958,2.959254361105863,1,79.75308641975309
21,באר אורה,732,81.17647058823529,84.13284132841329,75.63636363636364,72.82229965156795,75.21079258010118,72.26502311248075,-8.911447475754542,-2.945769467620437,0,67.62295081967213
22,מקווה ישראל,157,67.66467065868264,69.23076923076923,67.10526315789474,63.33333333333333,68.87417218543047,71.875,4.210329341317362,3.000827814569533,0,70.70063694267516
23,אמציה,149,80.64516129032258,79.62382445141067,73.63636363636363,73.33333333333333,71.89189189189189,65.18987341772153,-15.455287872601048,-6.702018474170359,0,69.79865771812081
24,לכיש,631,82.53275109170306,83.09572301425662,81.99643493761141,82.74021352313167,79.79274611398964,77.87021630615641,-4.662534785546654,-1.9225298078332287,1,77.33755942947703
26,ראש פינה,2531,73.76093294460642,74.65437788018433,73.41930116472545,71.96339434276207,69.43866943866944,66.2631154156578,-7.49781752894863,-3.1755540230116424,0,66.13986566574476
27,שדות מיכה,275,64.8854961832061,73.40823970037454,73.40823970037454,69.77611940298507,75.65543071161048,68.14814814814815,3.2626519649420516,-7.507282563462326,1,74.90909090909092
28,מזכרת בתיה,11313,75.1733881325456,79.7481515711645,78.13737803110811,76.42829754601227,77.00189753320683,74.8411455935169,-0.33224253902869805,-2.1607519396899306,1,75.2231945549368
29,יסוד המעלה,1348,73.59705611775529,76.44959857270295,73.66255144032921,71.0569105691057,71.3258785942492,70.48424289008454,-3.112813227670742,-0.8416357041646592,0,66.32047477744807
31,אופקים,23916,59.24090612067088,66.80941052075072,65.4997850900234,66.48297763041143,67.19394773039889,60.95887398284583,1.7179678621749517,-6.235073747553059,0,68.59842783074093
32,עוצם,463,75.96899224806202,81.56565656565657,76.52582159624414,79.26267281105991,85.04672897196261,78.0,2.0310077519379774,-7.046728971962608,1,83.15334773218143
33,בת שלמה,439,78.55227882037534,81.36020151133502,82.87037037037037,77.70114942528735,80.27210884353741,80.76923076923077,2.2169519488554386,0.49712192569336366,1,73.80410022779044
35,גדות,377,64.77272727272727,68.45070422535211,66.31016042780749,65.22911051212938,65.76086956521739,65.59139784946237,0.8186705767351015,-0.16947171575502296,0,66.04774535809018
36,שדה דוד,449,63.75404530744336,68.8135593220339,75.69620253164557,75.66265060240964,78.72340425531915,72.14285714285714,8.388811835413776,-6.580547112462014,1,81.29175946547885
37,איתן,380,73.35526315789474,82.25806451612904,77.23342939481267,79.37853107344633,78.28571428571428,73.77049180327869,0.415228645383948,-4.51522248243559,1,82.36842105263158
39,גפן,270,73.09236947791165,78.17460317460318,73.62204724409449,80.07518796992481,84.21052631578947,76.66666666666667,3.5742971887550254,-7.543859649122794,1,82.5925925925926
41,אליכין,2663,73.55119825708061,79.50386335908905,76.26339969372128,76.41618497109826,75.9208995734781,73.82218844984803,0.2709901927674139,-2.0987111236300677,1,75.77919639504319
43,מטולה,1511,65.41635408852213,66.0,65.27875793930839,59.11016949152542,60.47486033519554,58.719346049046315,-6.697008039475811,-1.7555142861492214,0,54.2686962276638
44,זוהר,253,69.77611940298507,73.52941176470588,76.40449438202246,75.09433962264151,76.89393939393939,71.74721189591078,1.971092492925706,-5.146727498028611,1,73.51778656126481
46,יבנאל,2709,72.95850066934403,75.74468085106383,67.29383506805445,71.59455128205127,69.44333199839807,65.83754372328022,-7.120956946063814,-3.6057882751178454,0,70.02583979328165
47,כפר תבור,3529,73.56093687971416,75.29622980251347,75.01510574018127,72.8387675740353,72.54610350981558,70.62064965197216,-2.9402872277420045,-1.9254538578434222,0,69.8781524511193
48,מנחמיה,948,63.41463414634146,67.98679867986799,65.91397849462366,63.62660944206009,65.0485436893204,60.42553191489362,-2.989102231447845,-4.623011774426779,0,65.18987341772153
49,אילניה,459,68.55036855036855,70.82352941176471,69.63123644251627,67.3913043478261,66.01731601731602,67.82608695652173,-0.7242815938468112,1.808770939205715,0,64.4880174291939
52,לוזית,507,71.52542372881356,77.74647887323944,73.80410022779044,75.3880266075388,77.9475982532751,69.6842105263158,-1.8412132024977694,-8.263387726959309,1,78.10650887573965
53,עתלית,6940,66.73474018606763,70.93543575538035,71.80879956545357,71.59471365638767,71.89663908123627,70.27577561892824,3.5410354328606104,-1.6208634623080371,1,72.46397694524495
55,נוגה,435,61.38888888888889,73.15789473684211,71.67919799498746,68.55036855036855,72.6161369193154,66.34382566585957,4.954936776970676,-6.272311253455825,1,74.48275862068967
57,כנרת (קבוצה),657,67.04918032786885,69.3522906793049,66.61392405063292,69.4620253164557,68.92744479495269,67.39469578783151,0.3455154599626553,-1.5327490071211827,0,64.84018264840182
58,מצפה,113,77.20588235294117,79.52755905511812,78.03030303030303,69.11764705882352,70.76923076923077,72.03389830508475,-5.1719840478564265,1.2646675358539738,1,75.22123893805309
59,נחושה,890,86.74418604651163,83.11444652908068,82.48974008207935,77.50325097529259,78.25537294563844,76.80288461538461,-9.941301431127016,-1.4524883302538285,1,73.82022471910112
62,דגניה א',525,67.66355140186916,70.22900763358778,71.26213592233009,65.1750972762646,66.6015625,68.3495145631068,0.6859631612376376,1.7479520631067942,0,64.76190476190476
63,כנרת (מושבה),558,70.37861915367483,75.42372881355932,73.12859884836853,69.54022988505747,72.10626185958255,68.97196261682244,-1.4066565368523953,-3.1342992427601075,0,67.92114695340501
64,"יד רמב""ם",878,73.03070761014686,78.36107554417413,75.65947242206235,75.23584905660378,77.37397420867526,72.66355140186917,-0.3671562082776916,-4.710422806806093,1,76.5375854214123
65,מגדל,1469,62.51053074978938,67.61229314420804,67.29106628242076,65.75539568345323,66.66666666666666,62.64808362369338,0.13755287390399928,-4.018583042973276,0,66.57590197413207
66,מרחביה (קיבוץ),950,75.47408343868521,75.41766109785203,73.1981981981982,71.71717171717171,72.1132897603486,70.74468085106383,-4.729402587621379,-1.3686089092847595,0,69.05263157894737
67,אור הנר,630,76.953125,77.89473684210526,81.75787728026535,77.0358306188925,76.13636363636364,77.28,0.32687500000000114,1.143636363636361,1,76.34920634920634
69,ניר עוז,329,75.51622418879056,78.19767441860465,75.07598784194529,69.23076923076923,74.16413373860182,72.89156626506023,-2.624657923730325,-1.272567473541585,1,73.25227963525836
70,אשדוד,181784,62.98028372204857,67.655544000047,66.14198052130834,65.50683671523595,66.07966667783698,61.62107857285585,-1.359205149192718,-4.458588104981132,0,64.38795493552789
71,אשבול,434,71.05263157894737,73.46278317152104,78.62407862407862,76.7156862745098,76.66666666666667,73.5576923076923,2.5050607287449367,-3.108974358974365,1,77.88018433179722
72,גן שמואל,872,76.22461170848268,79.03981264637002,77.15269804822043,78.17142857142856,77.38231917336394,77.86697247706422,1.6423607685815398,0.48465330370028425,1,76.37614678899082
74,עין הוד,518,70.93596059113301,74.5575221238938,74.39516129032258,72.17741935483872,70.76612903225806,69.86301369863014,-1.0729468925028698,-0.9031153336279232,0,64.47876447876449
76,כפר גלעדי,591,65.85820895522389,67.1559633027523,63.70106761565836,62.61022927689594,63.716814159292035,61.2736660929432,-4.584542862280685,-2.443148066348833,0,59.89847715736041
77,איילת השחר,826,72.11538461538461,72.87287287287288,73.27586206896551,69.65601965601965,71.760391198044,70.84870848708486,-1.2666761282997498,-0.9116827109591412,0,71.42857142857143
78,קרית ענבים,333,76.36363636363637,78.15699658703072,72.36842105263158,68.30065359477125,67.21311475409836,64.32926829268293,-12.034368070953448,-2.8838464614154304,0,61.86186186186187
79,דגניה ב',591,75.0996015936255,77.3764258555133,78.1651376146789,72.66187050359713,71.25220458553791,71.15384615384616,-3.945755439779333,-0.09835843169175007,0,68.18950930626058
80,נהלל,836,75.98736176935229,77.92792792792793,76.14424410540916,75.47169811320755,75.77388963660835,76.30890052356021,0.32153875420792133,0.5350108869518664,1,74.16267942583733
82,עין חרוד (מאוחד),694,70.60561299852289,71.42857142857143,72.20588235294117,73.73887240356083,72.51461988304094,71.67630057803468,1.070687579511798,-0.8383193050062516,0,68.15561959654178
84,תל יוסף,390,73.52941176470588,77.7479892761394,77.35849056603774,73.9247311827957,74.86486486486487,74.79674796747967,1.2673362027737909,-0.06811689738519533,0,71.53846153846153
85,כפר יחזקאל,763,79.62962962962963,82.71236959761549,81.74157303370787,80.24691358024691,81.84319119669877,80.6275579809004,0.9979283512707724,-1.2156332157983627,1,79.42332896461338
86,גבע,514,75.4980079681275,75.82846003898635,71.94656488549617,72.79693486590038,73.15175097276264,73.09160305343512,-2.4064049146923736,-0.06014791932751962,0,68.28793774319067
89,עין חרוד (איחוד),506,76.27118644067797,77.54716981132076,75.76335877862596,72.44701348747591,73.11411992263056,74.26900584795322,-2.0021805927247414,1.1548859253226595,0,72.13438735177866
90,חפצי-בה,587,72.54901960784314,73.5576923076923,74.20494699646643,76.32508833922262,73.28646748681898,73.04964539007092,0.500625782227786,-0.23682209674805677,0,70.01703577512777
92,גיניגר,555,73.33333333333333,71.26865671641791,70.990990990991,71.64179104477611,70.18518518518519,70.23593466424683,-3.097398669086502,0.05074947906163629,0,65.76576576576578
94,בלפוריה,413,75.91463414634147,80.0,82.23350253807106,81.93384223918575,82.75,78.80952380952381,2.89488966318234,-3.94047619047619,1,77.72397094430993
95,בית אלפא,724,71.15072933549432,73.66071428571429,72.26890756302521,71.79054054054053,69.56521739130434,71.4041095890411,0.25338025354677995,1.8388921977367545,0,71.54696132596685
96,יגור,1401,69.74921630094045,70.61611374407583,69.50672645739911,69.69471332836932,68.14486326681448,66.44736842105263,-3.3018478798878164,-1.6974948457618524,0,63.74018558172734
97,מרחביה (מושב),603,76.75350701402806,78.72763419483101,75.9927797833935,76.19893428063943,75.87412587412588,72.83531409168081,-3.918192922347245,-3.038811782445066,0,71.97346600331676
98,"כפר מל""ל",273,80.64516129032258,82.98611111111111,81.44329896907216,81.40350877192982,79.35943060498221,79.64285714285714,-1.0023041474654377,0.2834265378749308,1,76.92307692307693
99,מצפה רמון,3739,58.70818915801615,60.9392575928009,57.77173913043478,56.95616662129049,57.7819956616052,50.40431266846361,-8.303876489552536,-7.37768299314159,0,53.089061246322544
102,מאיר שפיה,128,52.52525252525253,53.2608695652174,50.943396226415096,53.38983050847458,48.214285714285715,50.43478260869565,-2.0904699165568843,2.2204968944099335,0,42.96875
103,תל עדשים,898,76.66195190947667,81.73333333333333,80.42959427207637,77.77777777777779,76.47058823529412,79.25840092699885,2.5964490175221755,2.7878126917047297,1,74.38752783964365
104,מזרע,701,73.21156773211568,72.82442748091603,73.52941176470588,71.44948755490483,72.48908296943232,71.91489361702128,-1.2966741150944046,-0.5741893524110395,0,69.75748930099857
106,כפר גדעון,211,73.07692307692307,77.84431137724552,80.21978021978022,76.92307692307693,72.82608695652173,71.95767195767195,-1.1192511192511176,-0.8684149988497865,0,71.09004739336493
107,כפר סילבר,85,56.00000000000001,56.043956043956044,40.963855421686745,36.08247422680412,39.08045977011494,41.86046511627907,-14.139534883720934,2.780005346164131,0,32.94117647058823
112,כפר חסידים א',538,79.04191616766467,78.44311377245509,76.26459143968872,76.16279069767442,74.95183044315993,74.38330170777988,-4.658614459884788,-0.5685287353800561,0,70.4460966542751
113,אדירים,235,82.4468085106383,77.99043062200957,76.08695652173914,83.04347826086956,78.54077253218884,76.92307692307693,-5.523731587561372,-1.6176956091119052,1,75.31914893617021
115,חופית,788,76.69064748201438,78.52062588904694,71.80192572214581,70.69199457259158,71.0204081632653,75.32808398950131,-1.3625634925130754,4.307675826236007,1,72.84263959390863
122,רמת ישי,6016,76.04387146430633,77.54463464016197,75.69714084009883,74.12180052956752,74.57032620133288,73.64181662382177,-2.402054840484567,-0.9285095775111074,1,72.68949468085107
126,שריד,772,71.74515235457064,73.03988995873453,72.70306258322236,73.00531914893617,71.48541114058355,69.89528795811518,-1.8498643964554589,-1.5901231824683748,0,69.04145077720207
127,רמת רחל,359,76.875,80.43478260869566,79.55182072829132,79.3296089385475,81.92090395480226,80.89887640449437,4.023876404494374,-1.0220275503078824,1,78.8300835654596
128,גת רימון,192,73.4375,77.94871794871796,74.11167512690355,74.24242424242425,73.26732673267327,76.58536585365854,3.147865853658544,3.3180391209852758,1,73.95833333333334
130,משמר העמק,939,76.28865979381443,74.44933920704845,76.33262260127933,75.60462670872765,75.18401682439537,77.1097046413502,0.8210448475357737,1.9256878169548344,1,76.25133120340789
132,כפר ברוך,436,78.839590443686,78.35365853658537,79.28176795580112,80.38674033149171,77.56756756756756,75.2659574468085,-3.5736329968775067,-2.301610120759065,1,77.06422018348624
133,גבת,702,81.05939004815409,83.85093167701864,81.20411160058737,82.23201174743025,81.20411160058737,80.43478260869566,-0.6246074394584298,-0.7693289918917117,1,81.05413105413105
134,יפעת,858,75.29411764705883,77.52808988764045,74.1656365883807,76.99757869249395,76.11580217129071,75.02958579881657,-0.26453184824225673,-1.0862163724741407,1,75.64102564102564
135,רמת דוד,404,89.52380952380953,77.52161383285303,80.45977011494253,81.12676056338029,79.44444444444444,77.86666666666666,-11.657142857142873,-1.5777777777777828,1,75.4950495049505
139,עין שמר,646,73.1833910034602,74.48979591836735,75.17361111111111,72.91311754684838,72.61904761904762,71.74280879864637,-1.4405822048138361,-0.8762388204012552,0,71.36222910216719
140,כפר יהושע,900,82.17967599410898,83.02687411598303,80.33775633293125,78.98550724637681,81.0843373493976,77.34741784037558,-4.832258153733392,-3.736919509022016,1,77.22222222222223
141,ברק,297,69.96587030716724,72.34726688102894,71.76079734219269,74.18300653594771,72.03947368421053,66.22950819672131,-3.736362110445924,-5.809965487489222,1,74.07407407407408
142,שדה יעקב,671,85.46845124282983,84.16370106761566,82.08469055374593,78.91373801916933,79.93630573248409,77.88018433179722,-7.588266911032605,-2.0561214006868624,1,78.09239940387481
143,בית זרע,629,72.76051188299817,69.79166666666666,62.398703403565634,61.57635467980296,61.69154228855721,61.04928457869634,-11.711227304301836,-0.6422577098608713,0,63.11605723370429
144,גן שלמה,413,76.48648648648648,80.21108179419525,83.12342569269522,80.15075376884423,80.75,80.38740920096852,3.9009227144820358,-0.36259079903148006,1,77.72397094430993
145,גדיש,283,67.85714285714286,76.06177606177607,70.54545454545455,68.36363636363636,74.46808510638297,70.52631578947368,2.6691729323308238,-3.941769316909287,1,74.20494699646643
146,דבורה,226,71.9298245614035,74.42922374429224,70.0,71.73913043478261,68.85964912280701,64.70588235294117,-7.223942208462333,-4.15376676986584,0,61.504424778761056
147,גבעת ברנר,1923,75.82480091012515,75.69367369589345,75.02651113467657,75.30666666666667,73.67859049652962,75.73333333333333,-0.09146757679181405,2.0547428368037117,1,74.36297451898076
154,תל מונד,10458,74.29454447729104,77.75707898658717,76.61804430037817,75.71673085151905,74.8262792166772,73.69224506411561,-0.6022994131754302,-1.1340341525615827,1,74.72748135398739
155,באר טוביה,849,83.93442622950819,81.84568835098335,80.99489795918367,82.48447204968944,79.57920792079209,80.53204353083434,-3.402382698673847,0.952835610042257,1,79.26972909305064
156,עיינות,146,70.12987012987013,59.09090909090909,48.62385321100918,38.970588235294116,43.47826086956522,32.55813953488372,-37.571730594986406,-10.920121334681497,0,31.506849315068493
157,עין ורד,1157,83.45473465140478,83.82936507936508,81.26721763085399,80.56828597616865,77.94117647058823,80.37135278514589,-3.0833818662588897,2.430176314557656,1,75.88591184096802
158,נען,1351,76.0777683854607,75.35387177352206,76.89335394126738,75.75289575289575,76.3177998472116,74.8314606741573,-1.2463077113034018,-1.4863391730543043,1,73.42709104367135
159,בית חנן,508,78.2,81.22866894197952,78.84615384615384,77.39463601532567,77.15930902111324,77.66990291262135,-0.5300970873786497,0.5105938915081083,1,74.21259842519686
160,חולדה,712,73.73134328358208,83.88349514563107,84.48,81.33748055987559,81.58295281582953,82.11009174311926,8.378748459537178,0.5271389272897267,1,77.52808988764045
162,חירות,963,83.90941597139452,84.51536643026006,82.34660925726588,81.43776824034335,81.10151187904968,80.70739549839229,-3.2020204730022357,-0.39411638065739396,1,77.57009345794393
163,תימורים,636,77.77777777777779,77.62938230383973,78.63924050632912,74.84276729559748,74.08,71.45135566188198,-6.326422115895809,-2.628644338118022,0,71.69811320754717
164,מלאה,277,83.40248962655602,78.19548872180451,81.15942028985508,77.6978417266187,84.78260869565217,79.42238267148014,-3.9801069550758825,-5.360226024172036,1,77.6173285198556
165,ניר יפה,461,73.00275482093664,81.00263852242745,74.6268656716418,73.0392156862745,77.06855791962175,71.33182844243792,-1.67092637849872,-5.736729477183829,1,72.45119305856834
166,גן יבנה,17348,73.57233739989522,77.178221264168,75.63082238262695,74.52322738386307,74.84120742846773,71.90396957451865,-1.6683678253765635,-2.937237853949071,1,73.97394512335715
167,עין החורש,720,78.61538461538461,80.96676737160121,81.89781021897811,79.97118155619597,76.76056338028168,76.22478386167147,-2.3906007537131444,-0.5357795186102123,1,75.69444444444444
168,כפר יונה,19357,71.91574724172519,76.57631540803015,73.99701860133516,73.05709255533199,73.64336385133086,71.46929699526768,-0.446450246457502,-2.1740668560631775,1,73.76659606343958
170,כפר יעבץ,477,78.5876993166287,81.20950323974083,78.95878524945769,79.35483870967742,79.957805907173,77.23577235772358,-1.3519269589051248,-2.7220335494494208,1,73.79454926624737
171,פרדסיה,5739,75.60247387502666,78.30788804071247,77.29468599033817,75.63614506111,75.58441558441558,75.7796451914099,0.17717131638323735,0.19522960699431735,1,76.47673810768426
173,גבעת חיים (מאוחד),917,77.52293577981652,79.14746543778803,76.74943566591422,75.25195968645016,75.0281214848144,75.33632286995515,-2.186612909861367,0.30820138514074813,1,73.2824427480916
174,נטעים,592,80.68669527896995,80.33826638477801,77.05223880597015,76.28676470588235,76.29233511586453,76.44991212653778,-4.236783152432167,0.15757701067325058,1,75.16891891891892
175,אביחיל,987,76.15546218487394,77.44994731296102,76.64609053497942,74.49186991869918,74.66937945066124,75.73904179408767,-0.41642039078627135,1.0696623434264296,0,70.7193515704154
176,אפיקים,1068,68.25705939629991,69.56106870229007,68.79039704524469,66.08133086876155,67.49539594843462,66.63619744058501,-1.6208619557149007,-0.8591985078496123,0,66.19850187265918
177,"כפר ביל""ו",867,77.85977859778598,81.52562574493444,80.87557603686636,78.45622119815668,79.12844036697247,77.7019340159272,-0.15784458185878236,-1.4265063510452762,1,77.85467128027682
178,רמת יוחנן,862,70.2523240371846,71.08585858585859,70.49576783555018,67.8743961352657,68.65315852205006,67.85290628707,-2.399417750114594,-0.8002522349800643,0,67.74941995359629
182,אבן יהודה,10452,76.83092224231464,79.13317401694547,77.10769856605309,75.8328285887341,76.1852038248616,74.4626558052802,-2.3682664370344355,-1.7225480195813958,1,73.78492154611558
183,ירקונה,309,76.42857142857142,81.59722222222221,75.2411575562701,72.9903536977492,73.05194805194806,74.27652733118971,-2.1520440973817045,1.2245792792416523,1,72.49190938511327
184,רמת הכובש,696,75.41528239202658,77.93880837359099,77.67584097859327,79.81790591805766,79.52167414050822,76.79882525697504,1.3835428649484527,-2.7228488835331888,1,76.29310344827587
186,נעורים,158,47.16981132075472,50.318471337579616,43.35260115606936,37.43589743589744,41.95402298850575,40.828402366863905,-6.341408953890813,-1.1256206216418434,0,39.24050632911392
187,כפר הס,1067,78.65786578657867,79.2016806722689,77.01149425287356,77.06945765937203,76.14068441064639,75.98130841121495,-2.676557375363714,-0.15937599943143255,1,76.56982193064667
188,אשדות יעקב  (מאוח,605,69.00726392251816,69.81132075471697,69.56521739130434,66.86046511627907,69.61538461538461,65.46112115732369,-3.5461427651944746,-4.154263458060925,0,66.77685950413223
189,כפר פינס,399,86.4306784660767,85.63218390804597,84.67741935483872,80.31914893617021,82.67716535433071,79.48717948717949,-6.94349897889721,-3.189985867151222,1,78.94736842105263
190,כפר ויתקין,1444,80.07518796992481,80.16224188790561,77.16927453769559,75.53495007132668,76.05432451751251,75.42735042735043,-4.647837542574379,-0.6269740901620793,1,73.19944598337949
191,הדר עם,545,83.56807511737088,84.11633109619687,83.52941176470588,80.82191780821918,80.03875968992247,78.05343511450383,-5.514640002867054,-1.9853245754186446,1,77.06422018348624
192,כפר החורש,479,76.0,78.58823529411765,78.10526315789474,74.94780793319416,74.15966386554622,76.56903765690377,0.5690376569037738,2.4093737913575524,1,78.07933194154488
193,כפר חיים,436,80.81534772182253,81.75,78.36538461538461,78.43601895734598,80.69767441860465,78.65429234338747,-2.1610553784350657,-2.043382075217181,1,77.75229357798165
194,משמר השרון,517,67.70186335403726,67.58349705304518,67.12328767123287,67.57281553398057,67.76699029126215,68.46153846153847,0.7596751075012094,0.6945481702763203,0,64.79690522243715
195,קדימה-צורן,16165,74.43406547168223,77.81963384314021,76.13747954173486,75.74893009985735,75.47984026793765,74.34285714285714,-0.09120832882508978,-1.136983125080505,1,74.21589854624187
196,גיבתון,276,82.45614035087719,84.64912280701753,77.82101167315176,79.61538461538461,81.88679245283019,81.07142857142857,-1.3847117794486223,-0.8153638814016233,1,78.26086956521739
197,מעברות,745,77.14285714285715,79.04761904761905,79.75543478260869,76.96476964769647,75.80645161290323,77.58620689655173,0.4433497536945765,1.7797552836484982,1,73.95973154362416
198,צופית,858,78.63818424566088,78.63695937090432,74.96855345911949,73.75621890547264,74.71839799749687,73.45238095238096,-5.185803293279918,-1.2660170451159019,1,73.1934731934732
199,אשדות יעקב  (איחו,683,69.10420475319927,73.97034596375617,74.84662576687117,73.57032457496136,71.580547112462,71.87039764359352,2.766192890394251,0.2898505311315205,0,69.8389458272328
200,בית ינאי,308,73.13915857605178,69.1588785046729,63.84364820846905,63.6963696369637,64.64646464646465,65.42372881355932,-7.715429762492462,0.7772641670946712,0,65.25974025974025
202,בית עובד,255,81.27490039840637,84.26966292134831,75.31380753138075,76.30522088353415,74.8,75.19685039370079,-6.078050004705588,0.3968503937007881,1,72.94117647058823
204,אלישיב,488,77.728285077951,83.08351177730194,77.58985200845666,75.58886509635975,74.6268656716418,76.55601659751036,-1.1722684804406356,1.9291509258685693,1,77.25409836065575
205,חגלה,554,82.48847926267281,83.70044052863436,81.96392785571143,79.2490118577075,79.12524850894633,79.53667953667953,-2.9517997259932827,0.41143102773320095,1,74.36823104693141
206,רמות השבים,1196,76.86567164179104,76.95238095238095,77.35191637630662,74.93584260051325,76.13344739093242,77.36486486486487,0.4991932230738314,1.2314174739324528,1,75.8361204013378
207,"גבעת ח""ן",285,84.51612903225806,84.2809364548495,86.53198653198653,82.83828382838284,82.72425249169434,82.0945945945946,-2.4215344376634675,-0.6296578970997473,1,82.45614035087719
208,מוצא עילית,1227,68.92086330935253,71.00840336134453,73.11111111111111,70.86092715231787,72.98787210584344,69.14103923647932,0.2201759271267889,-3.846832869364121,0,69.43765281173594
213,משמרות,734,77.15231788079471,79.95642701525054,79.5774647887324,79.82905982905983,81.65289256198346,81.15501519756839,4.002697316773677,-0.4978773644150749,1,79.15531335149863
217,"כפר הרא""ה",762,85.32934131736528,84.6262341325811,82.00836820083683,79.69821673525377,78.27260458839406,75.81699346405229,-9.512347853312988,-2.4556111243417718,1,77.29658792650919
218,גני עם,210,88.23529411764706,80.0,80.18867924528303,78.77358490566037,78.77358490566037,81.77570093457945,-6.459593183067611,3.002116028919076,1,81.42857142857143
219,חיבת ציון,536,81.6867469879518,85.71428571428571,81.75675675675676,82.14285714285714,79.9554565701559,82.73092369477911,1.044176706827301,2.775467124623205,1,79.2910447761194
220,כפר ביאליק,474,70.93596059113301,76.2589928057554,77.35042735042735,76.43312101910828,73.76344086021506,71.21212121212122,0.2761606209882075,-2.5513196480938376,1,74.47257383966245
223,עין עירון,423,81.99445983379502,83.54755784061697,83.94160583941606,81.48148148148148,80.40201005025126,80.2439024390244,-1.7505573947706239,-0.15810761122686756,1,75.65011820330969
224,שושנת העמקים,443,64.30062630480167,72.37687366167023,71.10609480812641,70.62780269058297,71.0467706013363,69.79865771812081,5.49803141331914,-1.248112883215498,0,71.78329571106094
225,גן השומרון,642,77.8169014084507,78.47222222222221,76.89822294022616,79.93630573248409,77.58346581875993,76.15262321144675,-1.6642781970039522,-1.4308426073131812,1,74.61059190031153
229,גני תקווה,16803,76.47934499441756,79.1016466936805,78.65840632343516,77.91117279666898,78.01452127298636,75.42117737492794,-1.0581676194896232,-2.5933438980584214,1,75.79598881152175
230,מעש,659,78.22085889570552,80.02915451895043,78.77906976744185,78.4570596797671,77.55102040816327,78.1763826606876,-0.04447623501792464,0.6253622525243259,1,74.65857359635811
232,שפיים,1042,77.72727272727272,78.80794701986756,79.30327868852459,76.93089430894308,76.46464646464646,77.69002961500495,-0.03724311226777388,1.225383150358482,1,78.02303262955854
233,כפר ידידיה,511,84.10041841004184,81.59509202453987,82.36514522821577,81.61157024793388,81.72484599589322,78.74493927125506,-5.355479138786777,-2.9799067246381554,1,75.34246575342466
234,ביצרון,858,82.76315789473684,82.61405672009865,80.13698630136986,78.70894677236693,80.42744656917885,78.98876404494382,-3.7743938497930145,-1.438682524235034,1,76.10722610722611
235,חבצלת השרון,340,67.05539358600583,65.40697674418605,66.3716814159292,62.7906976744186,65.11627906976744,62.4633431085044,-4.592050477501438,-2.652935961263047,0,61.47058823529412
237,שער העמקים,562,77.96296296296296,78.88086642599278,78.76588021778585,78.98550724637681,79.2418772563177,79.14438502673798,1.1814220637750168,-0.09749222957971426,1,77.40213523131672
239,גן חיים,544,81.59392789373814,84.83685220729367,81.75046554934823,79.88929889298892,79.17448405253283,80.26070763500931,-1.3332202587288293,1.086223582476478,1,79.59558823529412
240,יקנעם עילית,18933,68.40194533872183,72.33780543133062,69.92114370000567,69.44895104895105,69.40909593891779,67.17242874173621,-1.2295165969856185,-2.236667197181575,0,67.5540062325041
241,יקנעם (מושבה),1019,78.04621848739495,77.65306122448979,77.70069375619426,75.83497053045186,72.91666666666666,76.52259332023576,-1.5236251671591958,3.6059266535690995,1,74.28851815505398
242,בית השיטה,1051,72.2672064777328,74.55268389662028,74.52107279693486,73.79576107899807,72.82296650717703,73.52657004830918,1.259363570576383,0.7036035411321535,0,70.02854424357756
246,נתיבות,28166,73.28977709454266,76.46053449347421,75.02544360369929,75.59038027435318,76.34978748474519,70.33366633366633,-2.956110760876328,-6.016121151078863,1,75.54853369310516
247,רשפון,920,77.81649245063879,76.28635346756153,78.43137254901961,78.14645308924484,77.79043280182233,76.51006711409396,-1.3064253365448337,-1.280365687728377,1,73.36956521739131
248,בית שערים,526,85.17699115044249,86.80851063829788,81.104033970276,80.63157894736842,81.51950718685832,76.2,-8.976991150442487,-5.319507186858317,1,74.7148288973384
249,כפר סירקין,999,79.85781990521326,79.5749704840614,80.20725388601036,83.1101956745623,79.93827160493827,79.57532861476238,-0.28249129045087784,-0.36294299017588116,1,79.37937937937937
250,הזורע,917,67.52941176470588,70.16706443914082,70.63492063492063,70.18909899888766,67.439293598234,69.70362239297475,2.1742106282688667,2.2643287947407487,0,67.93893129770993
252,ביתן אהרן,240,72.05882352941177,67.88321167883211,76.11111111111111,38.860103626943,36.15023474178404,40.80717488789238,-31.251648641519388,4.65694014610834,0,36.25
253,חולתה,482,73.58490566037736,76.34961439588689,75.11627906976744,74.43946188340807,73.14410480349345,72.66811279826464,-0.9167928621127146,-0.4759920052288038,1,72.40663900414937
254,כפר המכבי,323,69.23076923076923,69.20415224913495,70.81967213114754,69.05537459283387,70.03257328990227,69.30379746835443,0.0730282375852056,-0.7287758215478419,1,72.75541795665634
255,כפר חיטים,540,71.33333333333334,73.1006160164271,68.52589641434263,67.72908366533864,67.71653543307087,66.28131021194605,-5.052023121387293,-1.4352252211248242,0,64.25925925925927
256,ניר דוד (תל עמל),641,77.32142857142857,76.94974003466204,78.85245901639344,74.59016393442623,76.09046849757674,76.32,-1.0014285714285762,0.22953150242325648,0,71.9188767550702
257,נופך,406,70.12578616352201,77.81065088757396,80.96446700507614,82.56410256410255,83.54755784061697,77.77777777777779,7.651991614255778,-5.769780062839189,1,81.77339901477832
259,שדה נחום,719,70.34482758620689,74.30939226519338,77.57575757575758,72.63969171483622,72.85974499089252,72.30514096185739,1.9603133756505002,-0.5546040290351328,0,69.68011126564673
262,גינוסר,557,67.97520661157024,71.67630057803468,70.8029197080292,69.1743119266055,68.83116883116884,61.95652173913043,-6.018684872439813,-6.874647092038408,0,70.55655296229803
263,מסדה,290,61.811023622047244,69.43396226415094,69.02985074626866,64.70588235294117,63.46863468634686,63.003663003663,1.1926393816157557,-0.4649716826838599,0,61.37931034482759
264,שער הגולן,490,74.85148514851485,75.39682539682539,79.91886409736308,73.63083164300203,74.48979591836735,74.84662576687117,-0.004859381643683491,0.35682984850382127,0,70.61224489795919
265,בית יוסף,369,56.074766355140184,60.371517027863774,71.98879551820728,66.93989071038251,68.39237057220708,58.19672131147541,2.121954956335223,-10.195649260731678,1,72.89972899728997
267,כפר שמריהו,1948,67.37338044758539,68.5017026106697,65.3969957081545,63.49036402569593,65.02100840336135,64.69355683603982,-2.6798236115455722,-0.3274515673215319,0,64.11704312114989
268,טירת צבי,562,78.94736842105263,79.73231357552581,80.76923076923077,75.72254335260115,78.10077519379846,77.99227799227799,-0.9550904287746391,-0.10849720152046416,1,75.62277580071174
269,מולדת,883,77.67857142857143,80.2037845705968,78.27715355805243,72.72727272727273,73.56181150550796,71.91943127962085,-5.7591401489505785,-1.6423802258871092,0,68.51642129105323
270,עין השופט,909,64.13043478260869,64.3281807372176,60.710194730813285,59.88636363636364,59.548022598870055,61.839080459770116,-2.291354322838572,2.291057860900061,0,58.855885588558856
272,מעוז חיים,499,64.64891041162227,64.63963963963964,66.37931034482759,61.935483870967744,61.601642710472284,60.66252587991718,-3.9863845317050846,-0.9391168305551005,0,60.72144288577155
273,עין גב,473,62.5560538116592,69.21397379912663,67.98336798336798,66.11226611226611,66.80497925311202,66.80584551148226,4.249791699823064,0.0008662583702374604,0,63.8477801268499
274,כפר מנחם,940,76.02409638554218,78.45373891001267,76.73888255416192,76.21744054360136,75.11261261261262,74.86095661846495,-1.1631397670772259,-0.2516559941476686,1,73.29787234042553
276,צור משה,1967,80.8433734939759,79.54815695600476,77.94843664289633,78.30601092896174,77.26293103448276,76.69291338582677,-4.150460108149133,-0.5700176486559911,1,75.1906456532791
278,אושה,403,68.84272997032642,72.30320699708454,74.10468319559229,69.97319034852548,70.65217391304348,72.25130890052355,3.4085789301971374,1.5991349874800704,0,71.712158808933
280,חניתה,726,63.580246913580254,65.66091954022988,53.708791208791204,63.873626373626365,62.7260083449235,62.290502793296085,-1.289744120284169,-0.4355055516274149,0,61.57024793388429
281,פקיעין חדשה,355,66.015625,73.66548042704626,78.86435331230284,79.6923076923077,83.59133126934985,76.19047619047619,10.17485119047619,-7.400855078873661,1,79.43661971830987
282,שבי ציון,944,73.45013477088949,73.18059299191376,72.80092592592592,70.04555808656036,69.54545454545455,69.29046563192904,-4.159669138960453,-0.25498891352550856,0,66.20762711864407
284,שדה ורבורג,1019,80.29504741833509,81.16402116402116,78.98477157360406,74.2,73.44689378757515,75.65130260521042,-4.64374481312467,2.2044088176352687,0,72.32580961727183
285,אלונים,521,76.2278978388998,78.91682785299807,77.38791423001949,78.1496062992126,73.5812133072407,78.34645669291339,2.1185588540135853,4.76524338567269,1,75.81573896353166
286,מעלה החמישה,589,65.48463356973994,70.56451612903226,70.47101449275362,72.5314183123878,69.76351351351352,71.95121951219512,6.466585942455183,2.187705998681608,0,71.81663837011885
287,תל יצחק,683,83.28313253012048,84.5925925925926,81.44796380090497,81.90184049079755,80.73394495412845,32.668711656441715,-50.61442087367877,-48.06523329768673,0,33.52855051244509
288,בית יהושע,793,79.53846153846153,80.18154311649016,76.67597765363129,75.21126760563381,75.17531556802244,75.62913907284768,-3.9093224656138545,0.4538235048252375,1,73.3921815889029
289,עין המפרץ,733,78.29457364341084,77.82874617737004,79.7979797979798,74.25320056899004,77.24039829302988,76.0778859527121,-2.2166876906987483,-1.1625123403177895,1,73.53342428376534
290,מעין צבי,684,71.35678391959799,71.9155844155844,71.64404223227753,73.10549777117384,72.0059880239521,70.41420118343196,-0.942582736166031,-1.5917868405201432,0,70.46783625730994
292,שרונה,441,79.62529274004683,80.13856812933025,79.23250564334086,77.57847533632287,78.99543378995433,77.64976958525345,-1.975523154793379,-1.3456642047008813,1,75.51020408163265
293,שדה יואב,398,79.92277992277992,81.38686131386861,79.67479674796748,80.9651474530831,79.58656330749353,79.48717948717949,-0.4356004356004348,-0.09938382031404558,1,76.13065326633166
294,אילון,878,75.16512549537649,78.1456953642384,77.96817625458996,74.60317460317461,75.82417582417582,73.23775388291517,-1.9273716124613145,-2.586421941260653,1,72.66514806378133
295,כפר רופין,401,67.5,67.67676767676768,69.68911917098445,65.79634464751958,66.75126903553299,71.0,3.5,4.248730964467015,0,68.07980049875312
296,נווה איתן,190,62.735849056603776,61.572052401746724,64.8936170212766,62.903225806451616,65.44502617801047,58.69565217391305,-4.040196882690729,-6.749374004097419,0,62.63157894736842
297,כפר מסריק,620,73.57001972386587,74.75915221579962,70.05163511187608,65.48821548821549,68.28046744574291,71.47651006711409,-2.0935096567517775,3.196042621371177,0,69.51612903225806
298,מסילות,437,64.40677966101694,67.10816777041943,66.66666666666666,65.82568807339449,64.65116279069767,64.59770114942529,0.19092148840834966,-0.05346164127237785,0,64.30205949656751
300,דליה,690,73.43283582089552,77.91044776119404,75.6838905775076,72.96466973886328,75.45454545454545,75.66765578635015,2.2348199654546335,0.21311033180469963,1,72.46376811594203
301,בית עוזיאל,479,69.97578692493947,76.95852534562212,72.13822894168467,72.3175965665236,76.57266811279827,69.97885835095138,0.0030714260119140135,-6.5938097618468845,1,76.82672233820459
302,דפנה,650,79.27272727272727,80.14440433212997,80.66783831282952,78.88307155322862,77.10843373493977,74.03685092127303,-5.2358763514542375,-3.071582813666737,1,72.61538461538461
303,דן,543,73.26086956521739,76.44539614561027,76.85009487666035,77.46212121212122,72.24334600760456,75.18796992481202,1.9271003595946326,2.9446239172074655,1,72.55985267034991
304,שדה אליהו,650,65.54621848739495,66.16161616161617,65.37216828478964,57.886178861788615,61.48867313915858,61.58631415241057,-3.9599043349843797,0.09764101325199448,0,61.23076923076923
305,גשר,405,67.04545454545455,66.9047619047619,63.8755980861244,60.09615384615385,63.19612590799032,62.779156327543426,-4.266298217911121,-0.4169695804468958,0,61.97530864197531
306,שדמות דבורה,495,78.84615384615384,82.36607142857143,81.32780082987551,81.26272912423626,80.3347280334728,79.87551867219918,1.029364826045338,-0.4592093612736221,1,78.18181818181819
307,הזורעים,575,78.53982300884957,84.05172413793103,82.13592233009709,81.51750972762646,82.52427184466019,83.30206378986867,4.762240781019102,0.7777919452084774,1,77.73913043478261
308,מחניים,589,68.50961538461539,73.44753747323341,73.44632768361582,69.49458483754512,68.760907504363,69.44908180300501,0.9394664183896282,0.6881742986420107,0,68.93039049235993
309,נהורה,972,69.64285714285714,76.04049493813272,74.60484720758693,75.57894736842105,76.57563025210085,71.3097713097713,1.666914166914168,-5.265858942329544,1,73.86831275720165
310,כפר גליקסון,291,72.24334600760456,74.61538461538461,76.70250896057348,75.88652482269504,75.35211267605634,76.65505226480836,4.411706257203804,1.3029395887520252,0,71.1340206185567
311,גן שורק,266,76.19047619047619,80.5668016194332,75.57251908396947,76.22641509433963,78.03030303030303,74.16974169741697,-2.020734493059223,-3.860561332886064,1,74.06015037593986
312,נווה ים,211,73.97260273972603,79.51219512195122,72.98578199052133,77.51196172248804,75.23809523809524,72.85714285714285,-1.1154598825831812,-2.380952380952394,1,73.45971563981043
313,אפק,544,71.60804020100502,73.8498789346247,76.76767676767676,73.44064386317908,76.52859960552269,75.91522157996147,4.307181378956443,-0.613378025561218,1,76.83823529411765
315,נגבה,726,67.96747967479675,68.362480127186,70.48458149779736,68.75891583452211,68.67816091954023,67.55994358251057,-0.40753609228617904,-1.1182173370296624,0,65.42699724517907
316,כפר נטר,706,79.88165680473372,80.95238095238095,82.14285714285714,78.18428184281842,79.05027932960894,78.90961262553802,-0.9720441791957057,-0.14066670407092374,1,77.05382436260622
317,בית אורן,358,63.80597014925373,68.92857142857143,65.56291390728477,66.77524429967427,64.797507788162,66.27218934911244,2.466219199858706,1.4746815609504438,0,63.96648044692738
318,עמיעוז,223,60.19900497512438,70.79207920792079,64.25120772946859,66.02870813397129,67.3076923076923,62.149532710280376,1.950527735155994,-5.158159597411931,1,73.09417040358744
319,עמיר,532,73.46072186836517,73.57293868921776,74.10358565737052,71.9758064516129,71.19675456389453,72.96222664015905,-0.49849522820612435,1.7654720762645155,0,70.48872180451127
320,כפר ורבורג,853,80.28985507246377,80.8108108108108,79.80416156670746,79.60927960927961,77.05521472392638,77.64705882352942,-2.6427962489343457,0.591844099603037,1,76.43610785463072
322,בית הלל,600,73.89558232931726,74.33460076045627,74.26086956521739,70.82601054481546,69.76744186046511,70.75306479859896,-3.142517530718308,0.9856229381338437,0,67.5
324,שאר ישוב,425,76.8361581920904,80.25,75.76470588235294,70.44917257683215,71.73396674584322,72.88135593220339,-3.9548022598870034,1.1473891863601722,0,71.76470588235294
325,מצובה,882,66.85159500693482,72.07207207207207,74.75728155339806,69.54436450839329,68.16568047337277,66.51053864168618,-0.34105636524863314,-1.655141831686592,0,67.57369614512471
326,בית יצחק-שער חפר,1658,79.36102236421725,80.58132343846628,78.59801488833746,76.78018575851394,76.76272225628449,77.87878787878788,-1.4822344854293732,1.1160656225033847,1,76.29674306393245
327,שדות ים,749,78.23240589198036,81.31868131868131,83.1896551724138,82.6647564469914,80.53221288515407,82.13296398891967,3.9005580969393066,1.600751103765603,1,80.50734312416556
329,שדה נחמיה,821,76.90875232774674,78.31513260530421,78.2312925170068,77.31543624161074,75.92592592592592,72.47474747474747,-4.434004852999266,-3.45117845117845,0,69.79293544457978
330,אלומות,333,68.20083682008368,68.6046511627907,72.75641025641025,68.64686468646865,70.0,64.87341772151899,-3.3274190985646896,-5.12658227848101,0,68.46846846846847
331,ניר צבי,893,79.1907514450867,78.177727784027,80.32608695652173,77.92349726775957,74.77777777777777,78.45303867403315,-0.7377127710535518,3.6752608962553808,1,75.69988801791713
334,קבוצת יבנה,598,75.0,74.72527472527473,74.91694352159467,72.95492487479132,73.68421052631578,73.75415282392026,-1.2458471760797352,0.06994229760448434,0,69.39799331103679
335,רמת השופט,806,71.63934426229508,71.69811320754717,71.72701949860725,70.87378640776699,70.94133697135061,70.65948855989232,-0.9798557024027588,-0.28184841145828443,0,67.61786600496278
336,דורות,575,73.0,74.85380116959064,75.86206896551724,73.32123411978222,73.6462093862816,74.50628366247756,1.506283662477557,0.8600742761959594,0,71.1304347826087
338,איבים,188,11.864406779661017,39.285714285714285,5.0,22.429906542056074,27.77777777777778,28.985507246376812,17.121100466715795,1.2077294685990339,0,34.57446808510639
339,רמת צבי,488,79.84496124031007,83.29113924050633,83.82022471910112,83.6322869955157,79.5964125560538,83.76068376068376,3.9157225203736914,4.164271204629955,1,79.09836065573771
340,גת (קיבוץ),624,70.917225950783,70.48832271762208,72.72727272727273,71.8132854578097,72.3404255319149,70.73578595317726,-0.18143999760575014,-1.6046395787376468,0,70.1923076923077
342,גברעם,419,74.06143344709898,71.28378378378379,76.875,73.58490566037736,75.63291139240506,80.6930693069307,6.631635859831718,5.060157914525632,1,80.42959427207637
343,חמדיה,335,71.80327868852459,72.06349206349206,70.84745762711864,73.33333333333333,69.05537459283387,69.71608832807571,-2.087190360448872,0.660713735241842,0,68.95522388059702
344,מענית,588,81.72484599589322,84.5360824742268,82.56029684601113,81.02189781021897,80.97826086956522,81.70515097690941,-0.01969501898381054,0.7268901073441896,1,80.27210884353741
345,כפר סאלד,533,73.08584686774941,75.16930022573364,74.63002114164905,72.3360655737705,75.2988047808765,74.01574803149606,0.9299011637466492,-1.2830567493804352,0,70.91932457786116
346,גליל ים,362,79.6116504854369,85.22012578616352,78.90173410404624,75.86206896551724,78.125,78.18696883852692,-1.4246816469099741,0.06196883852692281,1,77.07182320441989
347,מנרה,213,70.37037037037037,64.18604651162791,68.54460093896714,71.22641509433963,66.98113207547169,70.0,-0.3703703703703667,3.0188679245283083,0,65.25821596244131
348,ניר עם,460,58.18181818181818,63.716814159292035,65.1948051948052,67.35751295336787,64.6766169154229,64.74820143884892,6.566383257030743,0.07158452342602573,0,68.69565217391305
351,ניצן,1588,77.88595271210013,79.82832618025752,80.71748878923766,78.10480976310123,80.08504606661941,76.16822429906543,-1.7177284130347061,-3.9168217675539836,1,75.6926952141058
352,גבולות,333,60.526315789473685,60.43956043956044,66.66666666666666,62.66666666666667,64.05228758169935,62.06896551724138,1.5426497277676958,-1.9833220644579654,0,58.25825825825825
353,בית זיד,108,48.148148148148145,62.96296296296296,61.94690265486725,64.91228070175438,65.48672566371681,57.14285714285714,8.994708994708994,-8.343868520859672,0,63.888888888888886
354,רביבים,722,64.83180428134557,66.51917404129793,63.50574712643679,62.42857142857143,60.40172166427546,61.65730337078652,-3.174500910559047,1.2555817065110588,0,57.202216066481995
355,חורשים,307,64.77272727272727,67.3992673992674,67.82006920415225,67.3469387755102,66.21621621621621,66.77852348993288,2.0057962172056136,0.5623072737166694,0,67.75244299674267
356,הגושרים,779,72.05882352941177,73.66548042704626,75.23809523809524,70.9119496855346,70.50691244239631,71.24463519313305,-0.8141883362787183,0.7377227507367365,0,70.47496790757381
357,כפר בלום,737,66.11295681063123,70.07751937984497,70.31463748290014,67.95580110497238,67.72413793103448,68.2626538987688,2.1496970881375717,0.5385159677343268,0,68.65671641791045
358,יד מרדכי,725,69.87577639751554,73.61111111111111,75.68345323741006,77.08933717579251,70.20648967551622,68.74074074074073,-1.1350356567748037,-1.4657489347754904,0,69.6551724137931
359,ניצנים,445,74.93036211699165,76.16279069767442,75.98784194528876,73.19884726224784,74.05247813411079,77.19298245614034,2.2626203391486968,3.1405043220295568,1,79.7752808988764
360,"גבעת ניל""י",446,79.15567282321899,80.8252427184466,83.56481481481481,76.33410672853829,77.67653758542141,76.8018018018018,-2.3538710214171914,-0.874735783619613,1,76.45739910313901
362,רוחמה,550,67.09956709956711,66.73960612691467,70.28112449799197,69.12350597609563,70.5179282868526,70.63339731285988,3.5338302132927737,0.1154690260072897,0,66.72727272727272
363,חפץ חיים,370,84.40860215053763,87.85046728971963,88.01169590643275,84.77611940298507,85.37313432835822,84.05797101449275,-0.35063113604488194,-1.3151633138654688,1,83.24324324324324
364,כפר אוריה,551,77.8688524590164,80.56112224448898,79.33579335793358,78.37338262476895,78.68852459016394,75.97765363128491,-1.8911988277314862,-2.7108709588790276,1,78.22141560798548
365,בית קשת,496,68.40579710144927,72.88557213930348,74.05857740585773,73.54166666666667,72.26890756302521,70.76271186440678,2.3569147629575156,-1.506195698618427,0,68.95161290322581
366,שמיר,707,68.20987654320987,71.55824508320727,77.00296735905044,73.45132743362832,68.62170087976538,72.5179856115108,4.308109068300922,3.8962847317454106,0,69.3069306930693
367,עין העמק,627,66.73076923076923,75.76853526220614,80.1056338028169,79.82905982905983,80.16949152542374,76.45107794361525,9.72030871284602,-3.718413581808491,1,79.26634768740031
368,ביריה,639,71.92028985507247,74.44253859348198,74.14965986394559,73.3108108108108,71.97986577181209,69.74789915966386,-2.172390695408609,-2.231966612148227,0,71.36150234741784
369,גלעד (אבן יצחק),368,69.82758620689656,75.97765363128491,75.2659574468085,74.05405405405405,76.96476964769647,79.56403269754769,9.736446490651133,2.599263049851217,1,77.71739130434783
370,גזר,399,50.429799426934096,53.65168539325843,52.72727272727272,53.246753246753244,53.76623376623376,53.865979381443296,3.4361799545091998,0.09974561520953529,0,52.88220551378446
372,רמות נפתלי,461,72.7047146401985,72.44655581947742,75.11627906976744,72.20956719817767,69.42528735632185,65.52511415525115,-7.179600484947358,-3.9001732010707,0,64.42516268980476
373,בית הלוי,544,82.0675105485232,81.87134502923976,81.31021194605009,80.30018761726079,79.182156133829,77.6536312849162,-4.413879263607001,-1.5285248489127952,1,76.47058823529412
374,חוקוק,495,65.35433070866141,69.45812807881774,68.98876404494382,67.17724288840262,65.08620689655173,64.87068965517241,-0.483641053488995,-0.21551724137931672,0,66.86868686868686
375,מגל,884,83.89458272327965,83.68200836820083,81.6708229426434,80.25,77.69516728624535,82.02653799758745,-1.8680447256922008,4.331370711342103,1,77.48868778280543
376,עברון,700,73.94822006472492,79.64169381107492,79.36746987951807,78.59281437125748,76.37444279346211,75.65597667638484,1.7077566116599172,-0.7184661170772699,1,74.28571428571429
377,המעפיל,651,78.4452296819788,77.05779334500875,77.31629392971246,75.07936507936508,77.67295597484278,74.41497659906396,-4.0302530829148395,-3.2579793757788167,1,74.19354838709677
378,משגב עם,272,62.857142857142854,70.33898305084746,66.02316602316603,68.25396825396825,65.25096525096525,67.31517509727627,4.458032240133413,2.064209846311016,0,65.07352941176471
379,גאולים,721,69.76744186046511,81.60741885625966,78.17109144542773,76.34252539912917,73.9507959479016,72.57142857142857,2.803986710963457,-1.3793673764730272,1,73.37031900138696
380,להבות הבשן,716,68.25396825396825,73.60890302066773,72.8486646884273,69.32153392330383,71.46974063400576,69.90014265335235,1.646174399384094,-1.5695979806534126,0,64.94413407821229
382,מכמורת,1097,69.81891348088531,70.86538461538461,70.04784688995215,67.39336492890995,66.41148325358853,69.01408450704226,-0.8048289738430583,2.6026012534537273,0,67.73017319963537
383,"עין הנצי""ב",438,80.42959427207637,77.62237762237763,79.72972972972973,73.58490566037736,76.26728110599078,71.82448036951502,-8.605113902561357,-4.4428007364757605,0,71.46118721461188
385,עמיעד,473,66.10576923076923,64.35406698564593,63.3177570093458,63.888888888888886,61.94895591647332,60.544217687074834,-5.561551543694392,-1.4047382293984825,0,59.830866807610995
386,בני דרור,975,70.44573643410853,72.14700193423597,80.17928286852589,80.02028397565924,80.0203873598369,58.673469387755105,-11.77226704635342,-21.346917972081798,0,53.230769230769226
387,כפר מונש,624,80.32786885245902,79.44983818770227,76.4423076923077,78.82165605095541,73.40764331210191,74.43729903536978,-5.8905698170892435,1.0296557232678651,1,75.16025641025641
388,כפר קיש,491,68.76876876876878,74.33155080213903,75.23148148148148,71.98177676537586,72.62443438914026,71.58119658119658,2.8124278124277993,-1.043237807943683,0,68.83910386965377
389,בצרה,813,79.50937950937951,80.4630969609262,75.0,77.22007722007721,74.51235370611184,73.88535031847134,-5.624029190908175,-0.6270033876404995,1,74.29274292742927
390,רגבה,856,77.4234693877551,76.83956574185767,76.2081784386617,71.69344870210136,74.19354838709677,72.53269916765755,-4.890770220097551,-1.6608492194392142,1,73.01401869158879
393,גלאון,480,68.04123711340206,68.04123711340206,69.04231625835189,69.73684210526315,69.57446808510637,69.13319238900634,1.0919552756042776,-0.4412756961000355,0,70.41666666666667
394,שובל,645,69.31407942238266,73.86363636363636,78.31715210355988,78.96440129449837,71.97452229299363,71.99367088607595,2.679591463693285,0.01914859308232053,0,72.24806201550388
395,משמר הנגב,863,65.58533145275035,66.9836956521739,67.44791666666666,67.6962676962677,67.00251889168766,67.2749391727494,1.6896077199990458,0.2724202810617413,0,65.12166859791425
396,נבטים,790,77.22007722007721,81.66383701188455,78.16411682892907,76.31935047361299,76.43835616438356,76.45536869340232,-0.7647085266748945,0.01701252901875705,1,79.24050632911393
397,חצרים,832,72.69180754226268,76.30208333333334,75.39975399753997,72.30392156862744,73.41463414634146,75.67567567567568,2.9838681334129973,2.2610415293342214,1,72.95673076923077
398,שרשרת,280,77.19298245614034,78.16593886462883,75.8893280632411,77.55102040816327,80.47808764940238,71.21212121212122,-5.980861244019124,-9.265966437281165,1,75.35714285714286
399,בארי,859,79.74683544303798,83.2089552238806,79.62085308056872,76.17370892018779,78.52112676056338,79.85781990521326,0.11098446217528135,1.3366931446498853,1,77.18277066356228
400,אבן שמואל,1069,87.63102725366876,89.07849829351537,86.79678530424799,86.33333333333333,86.29385964912281,83.74233128834356,-3.888695965325198,-2.551528360779244,1,84.65855940130963
402,ניר יצחק,561,68.97163120567376,67.31448763250883,66.49572649572649,66.89895470383276,64.12078152753108,66.26297577854672,-2.7086554271270415,2.1421942510156384,0,65.41889483065954
403,אורים,463,58.12356979405035,61.32075471698113,57.23830734966593,54.97737556561086,53.125,52.77161862527716,-5.3519511687731836,-0.3533813747228365,0,53.77969762419006
405,נווה אילן,736,69.00489396411092,69.9290780141844,71.865889212828,69.56521739130434,69.82758620689656,69.39351198871651,0.38861802460559147,-0.43407421818004366,0,68.75
406,חצור-אשדוד,693,70.68676716917923,71.17834394904459,70.9090909090909,67.81954887218045,71.81008902077151,71.30044843049326,0.6136812613140279,-0.5096405902782521,0,69.84126984126983
407,דברת,372,73.38709677419355,69.36170212765957,68.21192052980133,69.32907348242811,70.33639143730886,72.91066282420749,-0.4764339499860597,2.57427138689863,0,69.35483870967742
408,נאות מרדכי,539,70.34764826175869,70.9812108559499,73.87033398821218,68.56581532416503,71.15009746588694,72.22222222222221,1.8745739604635219,1.0721247563352705,0,71.05751391465677
409,יחיעם,615,72.279792746114,69.74248927038627,87.52260397830018,66.90777576853526,69.44937833037301,69.35201401050787,-2.9277787356061253,-0.09736431986513594,0,65.20325203252033
413,צאלים,390,69.6969696969697,75.93582887700535,74.18546365914787,69.42355889724311,68.78172588832487,68.89460154241645,-0.8023681545532497,0.11287565409158162,0,65.38461538461539
414,קלחים,383,73.70242214532871,77.39938080495357,83.14285714285714,80.11204481792717,82.46575342465754,74.79892761394102,1.0965054686123068,-7.666825810716517,1,78.06788511749347
415,שוקדה,302,73.19587628865979,81.5,80.45977011494253,80.89887640449437,84.35114503816794,75.78947368421053,2.593597395550745,-8.561671353957408,1,84.43708609271523
416,מעין ברוך,489,71.91780821917808,73.67303609341825,71.03594080338267,70.1863354037267,70.14613778705638,69.49152542372882,-2.426282795449268,-0.6546123633275585,0,65.84867075664621
417,יקום,577,81.1881188118812,80.31496062992126,80.48327137546468,77.63401109057301,78.34862385321101,78.23741007194245,-2.9507087399387473,-0.1112137812685603,1,76.42980935875217
418,בני ציון,856,79.6565389696169,82.15613382899627,75.12135922330097,75.75030012004802,75.29550827423168,73.83177570093457,-5.824763268682332,-1.4637325732971078,0,72.19626168224299
419,סעד,636,80.10204081632652,80.3030303030303,79.32148626817448,73.64217252396166,73.19422150882825,77.27272727272727,-2.8293135435992554,4.078505763899017,1,74.05660377358491
421,משאבי שדה,455,63.61655773420479,69.43231441048034,67.75599128540306,66.66666666666666,63.519313304721024,62.419006479481645,-1.1975512547231446,-1.1003068252393788,0,60.65934065934066
422,חרב לאת,587,79.957805907173,82.35294117647058,78.69481765834932,76.11940298507463,75.68555758683729,75.08771929824562,-4.87008660892738,-0.5978382885916744,1,72.57240204429301
423,העוגן,647,72.82051282051282,76.61691542288557,76.22950819672131,75.2442996742671,74.47495961227787,74.24,1.4194871794871773,-0.23495961227787632,0,70.63369397217929
424,גבים,474,74.6875,76.20396600566572,76.83741648106904,77.14285714285715,74.235807860262,73.11827956989248,-1.5692204301075208,-1.1175282903695205,0,69.83122362869199
425,משמרת,677,80.72916666666666,81.02893890675242,80.30534351145037,75.920245398773,79.5144157814871,79.69465648854963,-1.0345101781170314,0.1802407070625236,1,78.58197932053176
426,עין כרמל,543,82.23684210526315,80.0,80.03838771593091,77.43785850860421,77.14285714285715,78.54477611940298,-3.692065985860168,1.4019189765458293,1,74.58563535911603
427,כפר גלים,116,67.46987951807229,71.42857142857143,68.53932584269663,60.204081632653065,52.12765957446809,54.71698113207547,-12.752898385996822,2.589321557607377,0,58.620689655172406
428,ברור חיל,781,68.64951768488746,69.28783382789318,72.48322147651007,71.23655913978494,69.82167352537722,68.93333333333334,0.2838156484458807,-0.8883401920438843,0,65.94110115236876
429,אלוני אבא,744,84.0,82.16039279869068,79.57957957957959,77.5811209439528,77.71260997067448,75.46099290780141,-8.539007092198588,-2.2516170628730663,1,73.25268817204301
430,בית לחם הגלילית,604,77.45454545454545,79.10714285714285,78.09983896940419,73.65079365079366,72.38095238095238,73.67576243980739,-3.7787830147380674,1.2948100588550062,1,74.33774834437085
431,דלתון,655,61.93895870736086,73.29931972789116,74.4336569579288,73.04625199362042,77.68987341772153,67.70186335403726,5.762904646676397,-9.988010063684271,1,81.06870229007633
432,שמרת,468,69.83240223463687,72.88135593220339,73.15914489311164,72.79069767441861,74.42922374429224,71.55555555555554,1.7231533209186694,-2.8736681887367013,1,72.64957264957265
433,נחשולים,546,76.47058823529412,80.0,79.66101694915254,77.94392523364486,75.42533081285444,79.51582867783985,3.045240442545733,4.090497864985409,1,76.007326007326
434,החותרים,611,77.54677754677755,79.32405566600397,78.64583333333334,75.51020408163265,77.45762711864407,77.25752508361204,-0.2892524631655107,-0.20010203503203172,1,75.28641571194763
435,נצר סרני,661,77.9385171790235,79.74452554744525,82.38341968911918,82.03389830508473,82.89473684210526,80.96774193548387,3.0292247564603656,-1.9269949066213883,1,81.99697428139183
436,עין דור,927,64.42432082794308,66.89576174112256,65.81858407079646,63.82743362831859,62.51378169790518,62.68980477223427,-1.7345160557088093,0.1760230743290876,0,61.70442286947141
437,רשפים,692,76.775956284153,79.53964194373401,83.36134453781513,81.9376026272578,81.16883116883116,81.25,4.474043715847003,0.08116883116883855,1,78.90173410404624
439,שלוחות,342,73.3502538071066,73.76623376623377,76.51933701657458,72.19101123595506,72.88135593220339,72.56637168141593,-0.783882125690667,-0.31498425078746095,0,70.46783625730994
440,יסודות,352,93.19727891156462,91.0,95.03105590062113,92.47648902821317,91.48264984227129,92.03539823008849,-1.1618806814761342,0.5527483878172035,1,90.9090909090909
442,גדעונה,320,67.47572815533981,74.80314960629921,73.79310344827587,69.0721649484536,77.47440273037543,73.80191693290735,6.326188777567538,-3.6724857974680845,0,72.1875
443,כפר הנשיא,742,55.824508320726174,59.04486251808972,58.110014104372354,56.84062059238364,52.3876404494382,56.582633053221286,0.7581247324951121,4.194992603783085,0,54.17789757412399
444,רגבים,447,62.089552238805965,68.86543535620054,69.7560975609756,69.39759036144578,70.04830917874396,66.82352941176471,4.733977172958745,-3.2247797669792533,0,71.58836689038031
445,רמות מנשה,927,79.38829787234043,79.48717948717949,79.17174177831913,75.8745476477684,77.75147928994083,78.47533632286996,-0.9129615494704666,0.7238570329291321,1,76.1596548004315
446,אודים,833,81.02189781021897,82.6330532212885,78.55361596009975,77.31829573934837,76.2081784386617,77.67106842737095,-3.350829382848019,1.4628899887092501,1,74.06962785114045
447,נורדיה,1531,75.82089552238806,79.13965822038892,76.68393782383419,75.51679586563309,76.32258064516128,60.32894736842105,-15.491948153967009,-15.993633276740233,0,60.613977792292616
448,בני עטרות,603,83.75,83.52941176470588,85.0574712643678,82.36272878535775,83.3605220228385,83.14238952536824,-0.6076104746317554,-0.21813249747025054,1,80.43117744610282
449,נחלים,903,86.0,85.87830080367394,84.92239467849224,82.1309655937847,84.51327433628319,82.85398230088495,-3.146017699115049,-1.6592920353982379,1,80.73089700996677
450,בארות יצחק,384,66.4179104477612,68.62745098039215,70.37037037037037,67.99007444168734,70.70707070707071,70.45454545454545,4.036635006784252,-0.2525252525252597,0,68.22916666666666
452,יזרעאל,565,57.913043478260875,62.477876106194685,62.544169611307424,60.600706713780916,60.4982206405694,61.702127659574465,3.7890841813135907,1.2039070190050651,0,62.477876106194685
453,יפתח,563,61.39359698681732,69.41176470588235,72.42026266416511,69.27374301675978,70.71823204419888,71.16788321167883,9.774286224861505,0.44965116747994216,0,69.09413854351686
454,סער,691,67.05882352941175,74.25925925925925,74.0924092409241,69.26829268292683,70.14446227929373,66.66666666666666,-0.39215686274509665,-3.4777956126270766,0,67.8726483357453
456,שורש,1065,78.46153846153847,78.8391777509069,79.85280588776449,78.59103385178408,77.64598540145985,44.61105904404874,-33.85047941748973,-33.034926357411116,0,44.69483568075117
457,גזית,684,75.47495682210709,74.65753424657534,72.90015847860539,72.2662440570523,71.09004739336493,71.29770992366412,-4.177246898442974,0.20766253029918857,0,68.56725146198829
460,רמת רזיאל,472,76.63551401869158,75.27839643652561,75.05330490405117,73.8197424892704,73.66167023554604,73.06889352818372,-3.5666204905078587,-0.5927767073623187,1,73.72881355932203
462,טל שחר,811,77.35849056603774,83.04093567251462,80.99606815203146,80.70404172099087,78.67177522349937,77.30061349693251,-0.05787706910523127,-1.3711617265668536,1,75.83230579531443
463,געתון,569,68.64035087719299,67.53246753246754,70.64220183486239,71.55797101449275,68.55575868372942,71.14337568058076,2.503024803387774,2.587616996851338,0,69.06854130052724
464,הראל,236,49.18918918918919,52.26130653266332,54.75113122171946,54.54545454545454,54.54545454545454,54.090909090909086,4.901719901719893,-0.45454545454545325,0,53.813559322033896
465,צובה,612,68.18950930626058,68.72037914691943,64.84751203852326,64.68699839486356,63.10679611650486,65.56836902800659,-2.621140278253989,2.461572911501726,0,63.0718954248366
466,בית דגן,5530,73.03370786516854,78.08814400993171,76.12890391883828,75.81789515175404,75.00489332550401,72.49128244866331,-0.5424254165052247,-2.5136108768407013,1,75.80470162748644
469,קרית עקרון,8174,65.3700429401364,72.4632261281476,70.7018831010027,70.65217391304348,72.06151592823142,67.31517509727627,1.9451321571398665,-4.746340830955148,1,72.66943968681184
472,אבו גוש,5094,47.41578812033942,60.77070368597415,40.68408752921181,51.65966386554622,56.37834474175483,40.19350937311026,-7.222278747229161,-16.18483536864457,0,55.14330585001963
473,אבו סנאן,10013,60.00507227998986,69.32918809039819,52.46913580246913,60.75908652299775,64.63595839524517,53.0757341576507,-6.929338122339161,-11.560224237594468,0,54.509138120443424
475,דחי,546,38.91752577319588,60.37296037296037,27.698574338085542,53.800000000000004,57.14285714285714,20.03780718336484,-18.879718589831036,-37.1050499594923,0,39.92673992673993
478,אכסאל,10342,46.7401166558652,66.32443531827515,51.5850144092219,60.86590119035078,67.99833973228183,42.79107178765333,-3.949044868211871,-25.207267944628505,0,50.83156062657126
480,בית ג'ן,9177,57.93047256925584,53.485100396470145,57.47810858143608,52.506352506352506,49.47779180534833,38.43044796227686,-19.500024606978982,-11.047343843071474,0,53.034760815081185
481,מגאר,17008,38.36694908900052,47.181260142524515,47.565638541932195,52.75764260951781,54.263275991024685,43.38727339092347,5.0203243019229475,-10.876002600101216,0,44.03222013170273
482,בועיינה-נוג'ידאת,7076,68.09255298463933,65.76576576576578,52.41530740276035,61.302325581395344,65.87930508991161,52.074413110881444,-16.01813987375788,-13.804891979030167,0,56.52911249293386
483,בענה,6004,66.1761475949923,79.13907284768213,72.01743235881605,74.88363766559254,78.8961613302671,56.92838654012079,-9.24776105487151,-21.967774790146315,0,63.17455029980014
485,ג'ולס,4974,63.17365269461078,59.815733522324585,55.88363004776379,61.80257510729614,60.424628450106155,58.12214374740341,-5.051508947207367,-2.302484702702742,0,53.75954965822276
487,ג'ש (גוש חלב),2563,44.42934782608695,59.50627977479428,47.29286300246103,60.1552921945239,62.09841398942659,45.22191123550579,0.7925634094188396,-16.876502753920796,0,49.59032383925088
489,דבוריה,7492,58.13347236704901,74.28383272966744,54.88601713373021,64.4508255563532,69.92470521380878,47.8404401650619,-10.29303220198711,-22.08426504874688,0,56.366791243993596
490,דייר אל-אסד,8873,73.01468384776746,80.15427769985975,73.47318768619662,76.57016683022572,83.78411306042885,61.375162165349685,-11.639521682417772,-22.408950895079165,0,69.80728051391864
492,דייר חנא,7818,82.68849206349206,82.94236445549168,74.46483180428135,76.28610729023384,80.03277792952746,67.58629881380782,-15.102193249684248,-12.44647911571964,0,67.76669224865695
494,דאלית אל-כרמל,13249,57.87999277064883,58.6406425425339,59.76937860345932,59.32904046426584,56.33026077365477,40.05719143674163,-17.8228013339072,-16.27306933691314,0,55.075854781492936
496,חורפיש,4836,54.382314694408315,52.863436123348016,52.87536361602149,55.739149592421235,51.9361190111573,45.41577825159915,-8.966536442809165,-6.520340759558152,0,53.47394540942928
497,טייבה (בעמק),1305,64.96881496881497,59.29791271347249,39.56412405699916,52.4979524979525,57.15447154471545,36.51419558359621,-28.454619385218756,-20.640275961119237,0,46.13026819923371
498,טורעאן,10111,59.40321947389086,65.20833333333333,47.86130913804277,63.25114740100331,63.926121372031666,38.64595122955036,-20.757268244340494,-25.280170142481303,0,49.4807635248739
499,יפיע,13860,55.593158327997806,64.71756780100189,44.69443363176333,61.688062110846346,66.03702017903201,42.20566318926975,-13.387495138728056,-23.831356989762263,0,49.458874458874455
502,ירכא,11387,69.78097193702943,65.8974358974359,68.2533625870457,51.34755097258027,60.11754827875735,50.97149082985292,-18.809481107176516,-9.146057448904429,0,51.13726178976026
504,כאבול,8670,76.86238810499165,82.41098241098241,64.36298841797124,74.96233048719236,82.49721293199555,63.00432276657061,-13.858065338421042,-19.49289016542494,0,70.53056516724337
505,כאוכב אבו אל-היג',2804,66.58801321378009,78.47314691522415,63.54044548651817,78.78787878787878,81.0030395136778,56.120943952802364,-10.467069260977723,-24.88209556087544,0,61.37660485021398
507,כפר יאסיף,8257,66.59763313609467,71.5864577504197,60.873474630700066,67.1119592875318,70.16525797905892,56.28794449262793,-10.309688643466743,-13.877313486430992,0,63.88518832505753
508,כפר כמא,2685,35.25528169014084,47.0563320626853,42.07436399217221,44.06055900621118,42.318059299191376,32.96744890234671,-2.2878327877941302,-9.350610396844665,0,35.23277467411546
509,כפר כנא,15877,59.82723229558673,69.97297726911461,48.371085011185684,62.878631063271925,71.03166496424923,48.13351767726644,-11.693714618320293,-22.89814728698279,0,52.52881526736789
510,כפר מנדא,13756,73.04464933181394,76.89813048454788,61.98873377418565,69.67068273092369,70.60539177045561,55.66719951282637,-17.37744981898757,-14.93819225762924,0,65.16429194533295
511,עילוט,5705,46.449136276391556,43.374301675977655,28.087688393031907,49.343122102009275,62.8163653663178,32.179038496960764,-14.270097779430792,-30.637326869357032,0,46.397896581945666
512,כפר מצר,1947,51.007644197359284,61.302931596091206,45.11707595659623,65.11235955056179,65.06622516556291,46.702412868632706,-4.3052313287265775,-18.363812296930206,0,54.08320493066255
514,עין ראפה,723,50.57692307692307,65.30249110320284,39.11671924290221,54.10852713178295,56.77321156773212,37.518248175182485,-13.058674901740588,-19.254963392549634,0,52.83540802213002
516,מג'ד אל-כרום,11017,73.0581076243885,74.84340044742729,61.06492478226445,70.79628724963361,76.74710424710425,54.00056279898696,-19.057544825401536,-22.746541448117284,0,66.68784605609513
517,מזרעה,3035,63.30677290836654,79.02439024390245,59.08134642356241,69.84347826086956,76.88079697698386,51.97588747488279,-11.33088543348375,-24.90490950210107,0,64.41515650741351
518,מעיליא,2616,66.24007060900264,74.66159052453469,61.56299840510366,68.026941362916,71.74764890282131,65.02923976608187,-1.210830842920771,-6.718409136739439,0,66.5519877675841
520,משהד,5972,56.32661996497374,68.67739963317709,49.27695405454878,58.956301914048396,67.77539341917024,49.608899704501994,-6.717720260471744,-18.16649371466825,0,48.42598794373744
521,עין נקובא,1866,49.63444354183591,57.22627737226277,44.89795918367347,56.07819181429444,56.845238095238095,50.62713797035347,0.9926944285175665,-6.2181001248846215,0,59.11039657020365
522,נחף,9181,57.05375705375706,70.77904075408927,52.050970873786405,64.29256594724221,71.16042970133395,47.29315628192033,-9.760600771836728,-23.86727341941362,0,58.37054787060233
523,ניין,1446,74.48210922787194,78.06788511749347,52.0976353928299,60.0,65.50185873605948,53.97520058351568,-20.506908644356265,-11.526658152543796,0,51.65975103734441
524,נאעורה,1590,54.91666666666667,61.556603773584904,43.138634764250526,60.85458304617505,71.13682777399592,39.54248366013072,-15.37418300653595,-31.594344113865198,0,54.088050314465406
525,סאג'ור,3223,53.19825188716726,54.12118931125329,43.97283531409168,41.82853315472204,47.22222222222222,46.82080924855491,-6.377442638612351,-0.40141297366731266,0,53.27334781259696
526,סולם,2136,64.39081812831077,74.29205996668517,44.34826883910387,61.464646464646464,66.50099403578528,39.67260471834376,-24.718213409967007,-26.82838931744152,0,53.230337078651694
527,שזור,274,66.15969581749049,76.24521072796935,69.11764705882352,69.17562724014337,77.77777777777779,69.7841726618705,3.6244768443800126,-7.993605115907286,1,78.1021897810219
528,עוזייר,2223,37.6953125,56.51651651651651,40.06147540983606,56.71039354187689,63.70407149950348,42.68060836501901,4.985295865019012,-21.023463134484466,0,49.03283850652272
529,אעבלין,9638,59.2108735814199,61.06965174129353,50.57780769662291,62.85460992907801,68.45342706502636,49.7486362177773,-9.462237363642593,-18.704790847249058,0,59.30691014733347
530,עיילבון,4294,74.1490857946554,70.91633466135458,64.41298511105687,69.68303895475442,70.27417027417027,59.114583333333336,-15.03450246132207,-11.159586940836938,0,64.46204005589195
531,עראבה,18203,59.889861194930596,72.75350080923229,59.44499138567561,65.90026692550352,72.14349775784753,55.14952084054959,-4.740340354381004,-16.993976917297935,0,56.86974674504203
532,עין מאהל,9688,61.364894795127356,73.9665673189063,44.35318275154005,59.83376389980906,72.95208655332303,40.229269337904434,-21.135625457222922,-32.722817215418594,0,52.06440957886045
534,עספיא,9560,49.852884738390685,53.12993800899477,50.43971947011021,57.10668281404823,56.00872410032716,41.6988416988417,-8.154043039548988,-14.30988240148546,0,51.74686192468619
535,פסוטה,2701,49.04132935662548,56.00000000000001,44.013948082138704,58.26287471176018,61.058241339931485,43.33082140165788,-5.710507954967603,-17.727419938273606,0,46.501295816364305
536,פקיעין (בוקייעה),4639,63.257277734067664,65.22064323111444,58.906322104291654,65.00343327992675,67.10436948154856,58.518683274021356,-4.738594460046308,-8.585686207527203,0,62.19012718258246
537,פוריידיס,9208,42.57508342602892,67.13029786117308,64.04004711425206,55.79069767441861,60.05059797608096,29.02755993726193,-13.547523488766988,-31.023038038819028,0,38.72719374456994
538,שעב,5247,68.91620672353235,75.68839726994587,60.332491582491585,70.86630570595585,78.0608052588332,58.852719333068684,-10.06348739046367,-19.208085925764514,0,63.59824661711454
539,רומאנה,824,74.54873646209387,80.06430868167203,67.41889985895627,79.33884297520662,78.70619946091644,71.66666666666667,-2.882069795427199,-7.039532794249766,1,75.48543689320388
540,ריחאניה,956,50.296559905100835,56.29965947786606,56.62650602409639,58.48849945235487,60.21739130434782,45.5026455026455,-4.793914402455336,-14.714745801702321,0,51.04602510460251
541,ג'סר א-זרקא,9560,40.95511767925561,58.08521560574948,21.772151898734176,42.012707056954845,55.54181654676259,24.455574912891986,-16.49954276636362,-31.086241633870603,0,43.378661087866114
542,ריינה,11959,53.698286669452564,63.981599295292156,46.09992013488331,57.76506819181698,67.89087093389297,45.267489711934154,-8.43079695751841,-22.623381221958816,0,52.788694706915294
543,ראמה,6574,55.225445648374695,60.320134793597305,53.94381844151722,61.2588512981904,63.77470975839348,54.47645600991326,-0.7489896384614383,-9.29825374848022,0,55.27836933373897
546,עין אל-אסד,685,41.14490161001789,49.21190893169877,52.019386106623585,55.23809523809524,54.77308294209703,45.13137557959814,3.9864739695802527,-9.641707362498884,0,47.88321167883212
547,טמרה (יזרעאל),1115,50.418160095579445,82.17142857142858,54.54545454545454,54.81049562682215,69.38579654510558,42.53731343283582,-7.880846662743622,-26.848483112269754,0,45.73991031390135
549,גנות הדר,749,79.13043478260869,82.33333333333334,76.95590327169275,76.76056338028168,76.43758765778401,75.58945908460471,-3.540975698003976,-0.8481285731792951,1,72.76368491321762
553,ניר בנים,604,76.32093933463796,80.66914498141264,80.49586776859505,77.04918032786885,73.22314049586777,73.17073170731707,-3.1502076273208814,-0.052408788550692975,1,76.15894039735099
555,שדמה,384,74.07407407407408,78.75354107648725,75.64102564102564,76.70157068062828,72.70341207349081,74.86910994764398,0.7950358735699012,2.1656978741531674,1,72.39583333333334
559,בוסתן הגליל,748,80.09478672985783,77.7992277992278,79.24263674614306,78.92503536067893,77.27910238429172,75.30695770804911,-4.787829021808719,-1.972144676242607,1,75.26737967914438
562,בית אלעזרי,1088,75.49738219895288,81.9672131147541,78.28185328185329,77.90585975024015,78.79656160458453,75.47169811320755,-0.025684085745325547,-3.3248634913769735,1,75.18382352941177
563,משמר דוד,735,75.0,83.73333333333333,86.5424430641822,83.92156862745098,85.27131782945736,85.57046979865773,10.570469798657726,0.29915196920036635,1,83.80952380952381
564,רבדים,643,73.47417840375586,76.44710578842316,73.40425531914893,72.75922671353251,74.87266553480475,74.84076433121018,1.3665859274543237,-0.031901203594571825,1,72.78382581648522
565,אזור,10054,67.55962103887619,70.61052175795626,69.06111511903535,68.02391506030307,68.82798118224585,66.14300100704934,-1.4166200318268523,-2.6849801751965146,0,68.27133479212254
567,צרעה,836,68.61042183622828,66.21621621621621,66.6266506602641,65.42168674698794,66.46706586826348,64.23444976076556,-4.375972075462727,-2.2326161074979183,0,65.19138755980862
570,מעונה,673,71.45328719723183,75.58528428093646,74.50076804915514,73.9329268292683,71.31901840490798,71.55688622754491,0.10359903031307738,0.23786782263692885,0,71.61961367013373
571,בית גמליאל,755,80.38922155688623,82.79411764705881,78.41352405721716,77.40259740259741,78.55297157622739,78.748370273794,-1.640851283092232,0.19539869756660266,1,75.49668874172185
572,בית העמק,539,66.24737945492663,71.51898734177216,71.83673469387755,71.25506072874494,67.26546906187625,70.58823529411765,4.340855839191022,3.322766232241406,0,68.83116883116884
573,מבקיעים,390,65.84507042253522,78.45117845117845,75.0,73.65591397849462,76.96476964769647,71.89189189189189,6.046821469356672,-5.072877755804583,1,75.8974358974359
574,גשר הזיו,1262,73.19189971070395,73.9247311827957,72.02380952380952,69.53586497890295,69.34801016088062,66.66666666666666,-6.525233044037293,-2.6813434942139622,0,64.42155309033281
575,יסעור,581,71.97943444730078,72.22222222222221,74.671669793621,73.9292364990689,73.35834896810508,71.08655616942909,-0.8928782778716879,-2.271792798675989,0,70.39586919104991
576,כברי,890,75.12953367875647,76.34543178973718,73.93364928909952,72.2877358490566,71.12426035502959,72.32558139534883,-2.8039522834076394,1.2013210403192431,0,70.4494382022472
577,יד בנימין,2411,87.80637254901961,87.36037624926513,82.48560460652591,81.47100424328147,80.85991678224687,78.05755395683454,-9.748818592185074,-2.802362825412331,1,77.76856076316882
578,סאסא,414,70.93275488069413,72.53218884120172,71.66666666666667,71.73396674584322,69.35866983372921,72.90167865707434,1.9689237763802083,3.543008823345133,0,69.80676328502415
579,כפר ראש הנקרה,1079,73.36448598130842,74.63687150837988,73.99193548387096,73.40637450199203,72.02797202797203,71.19460500963392,-2.169880971674502,-0.8333670183381088,0,69.13809082483782
580,"כרם מהר""ל",673,76.24113475177306,79.93311036789298,77.77777777777779,77.53846153846153,76.75840978593273,74.59138187221397,-1.6497528795590881,-2.167027913718755,0,71.47102526002972
582,כפר הנגיד,761,78.561736770692,79.56989247311827,77.91005291005291,75.84415584415585,76.89345314505776,77.93548387096774,-0.6262528997242498,1.0420307259099815,1,74.63863337713535
584,זיקים,757,64.72727272727272,65.8703071672355,70.81545064377683,66.57381615598887,68.6192468619247,70.5163043478261,5.789031620553374,1.8970574859013993,0,67.89960369881109
585,לביא,523,75.62862669245648,74.08829174664108,76.69322709163346,76.98412698412699,71.40186915887851,73.20754716981132,-2.421079522645158,1.8056780109328088,0,67.87762906309752
586,מגידו,682,79.67032967032966,76.5811965811966,75.52334943639292,74.0858505564388,74.44794952681389,74.3076923076923,-5.362637362637358,-0.14025721912157962,1,73.90029325513197
587,סביון,3985,67.95461514872738,69.54887218045113,68.14932486100079,66.4832285115304,67.29478575116158,68.70229007633588,0.7476749276085002,1.4075043251743011,0,67.37766624843162
588,בני ראם,927,80.85106382978722,81.64794007490637,80.59023836549376,79.82162764771459,80.78212290502793,78.72807017543859,-2.122993654348633,-2.054052729589344,1,77.99352750809061
589,בצת,378,72.82608695652173,74.12587412587412,74.39446366782006,77.13310580204778,75.16778523489933,72.58064516129032,-0.24544179523141452,-2.5871400736090067,1,78.57142857142857
590,נווה אור,345,70.7641196013289,67.49226006191951,68.34319526627219,68.82352941176471,70.46783625730994,67.53623188405797,-3.2278877172709315,-2.9316043732519717,0,66.3768115942029
591,עשרת,881,76.95121951219512,77.41545893719807,79.54545454545455,76.99214365881033,78.14938684503902,75.08379888268156,-1.8674206295135605,-3.065587962357455,1,72.98524404086265
592,בני דרום,550,84.08408408408408,86.79775280898876,86.7965367965368,84.1880341880342,83.26359832635984,85.42914171656687,1.345057632482792,2.1655433902070342,1,80.9090909090909
593,ערוגות,695,78.25370675453048,83.3063209076175,80.8541973490427,78.43426883308715,80.83209509658246,80.5925925925926,2.3388858380621116,-0.2395025039898684,1,79.71223021582733
594,צפריה,553,84.49074074074075,88.96396396396396,85.3515625,80.73929961089495,80.7843137254902,80.44280442804428,-4.047936312696464,-0.34150929744590997,1,79.38517179023508
595,לוחמי הגיטאות,597,75.86206896551724,75.764192139738,81.05065666041276,77.46741154562383,77.28119180633148,77.95138888888889,2.0893199233716473,0.670197082557408,1,76.71691792294807
596,מלכיה,416,58.62884160756501,62.755102040816325,63.39066339066339,63.882063882063875,60.187353629976585,58.86524822695035,0.2364066193853418,-1.3221054030262351,0,60.33653846153846
597,פלמחים,638,69.11764705882352,70.5,73.44827586206897,71.93877551020408,74.78849407783417,74.79935794542536,5.681710886601834,0.010863867591183407,0,71.31661442006269
598,בית קמה,751,81.26159554730982,83.36283185840708,81.92771084337349,82.68656716417911,80.74074074074075,79.33425797503467,-1.9273375722751496,-1.4064827657060732,1,75.23302263648469
599,פרוד,435,65.55555555555556,73.31288343558282,76.33410672853829,69.86301369863014,71.68949771689498,73.27188940092167,7.716333845366108,1.582391684026689,0,69.19540229885057
602,נירים,416,70.97625329815304,74.27055702917772,73.95833333333334,73.28042328042328,69.12928759894459,70.0,-0.9762532981530399,0.8707124010554139,0,70.1923076923077
603,אלקוש,256,56.809338521400775,65.66037735849056,62.5,65.89147286821705,61.15702479338842,57.55102040816327,0.7416818867624926,-3.6060043852251553,0,66.40625
604,בית עריף,773,75.4746835443038,81.99404761904762,80.19390581717451,79.58904109589041,79.26829268292683,75.79787234042553,0.3231887961217268,-3.470420342501299,1,78.65459249676586
605,כפר שמאי,349,63.92857142857142,74.91638795986621,73.35329341317365,73.05389221556887,78.50746268656717,71.2166172106825,7.288045782111077,-7.290845475884666,0,72.20630372492836
606,מזור,844,77.1545827633379,79.5601552393273,78.3479349186483,76.82619647355163,76.29629629629629,76.86746987951807,-0.28711288381983024,0.5711735832217784,0,72.03791469194313
607,מירון,526,67.51269035532995,65.18518518518519,67.2686230248307,58.91647855530474,65.56291390728477,56.96969696969697,-10.542993385632982,-8.593216937587798,0,62.16730038022814
609,כפר חושן,617,61.82170542635659,73.74301675977654,72.53886010362694,70.46632124352331,74.00346620450607,68.89632107023411,7.074615643877522,-5.10714513427196,0,70.17828200972447
610,סתריה,800,79.56104252400549,78.72892347600519,79.92471769134254,76.98019801980197,77.99752781211372,77.11442786069652,-2.4466146633089636,-0.8830999514171936,1,75.75
612,צרופה,747,76.5089722675367,79.00302114803625,75.78347578347578,76.06837606837607,72.72727272727273,74.48840381991815,-2.020568447618558,1.7611310926454138,1,74.16331994645248
613,ציפורי,700,76.47058823529412,77.89115646258503,76.5432098765432,72.06106870229007,73.58778625954199,72.14076246334311,-4.329825771951008,-1.4470237961988772,0,69.28571428571428
614,שומרה,310,59.71223021582733,71.27659574468085,66.22073578595318,66.77740863787376,66.996699669967,62.866449511400646,3.154219295573313,-4.130250158566355,0,65.48387096774194
615,קדרון,1230,80.19138755980862,80.50139275766016,78.91513560804898,77.83549783549783,76.30208333333334,75.65733672603902,-4.534050833769598,-0.6447466072943229,1,74.79674796747967
616,רינתיה,692,75.84615384615384,79.20937042459737,80.4564907275321,77.24039829302988,77.85817655571635,75.33039647577093,-0.5157573703829144,-2.5277800799454297,1,76.01156069364163
617,ברקאי,535,66.10169491525424,68.18181818181817,67.90606653620353,65.49707602339181,64.47876447876449,64.95238095238095,-1.1493139628732933,0.47361647361645964,0,62.80373831775701
618,חדיד,650,74.66918714555766,82.89241622574956,78.57142857142857,79.96688741721854,81.0,78.41269841269842,3.743511267140761,-2.5873015873015817,1,78.0
619,בית גוברין,302,77.35042735042735,79.71014492753623,79.64912280701755,78.125,79.3103448275862,77.05479452054794,-0.2956328298794091,-2.2555503070382628,1,75.16556291390728
620,משואות יצחק,450,83.22580645161291,84.1880341880342,82.94243070362474,80.64516129032258,83.15334773218143,83.44226579520696,0.21645934359405317,0.2889180630255339,1,83.33333333333334
622,עין צורים,470,83.71161548731642,81.64435946462714,80.38793103448276,80.66666666666666,80.49327354260089,79.81651376146789,-3.8951017258485336,-0.6767597811330006,1,81.27659574468085
623,יראון,367,58.82352941176471,63.172804532577906,59.78260869565217,59.166666666666664,59.62059620596206,58.03814713896458,-0.7853822728001276,-1.5824490669974765,0,59.67302452316077
627,ג'לג'וליה,6876,70.88405507882658,82.0702402957486,68.41681430181994,74.88482922954725,79.55506814977284,59.0625475574494,-11.821507521377178,-20.492520592323437,0,69.50261780104712
628,ג'ת,8694,38.892279523954834,52.685421994884905,37.34320120421476,50.85629188384214,56.156853163938436,26.60485021398003,-12.287429309974804,-29.552002949958407,0,39.832068092937654
633,כפר ברא,2576,60.093896713615024,76.5633210719916,64.76524791575252,69.30051813471503,76.36054421768708,55.483081940481036,-4.610814773133988,-20.877462277206043,0,64.79037267080744
634,כפר קאסם,16449,80.1803334467506,63.03106173225882,64.61559451531483,70.31124228602093,73.88202655393354,56.25359126604099,-23.926742180709603,-17.62843528789255,0,66.87944555900054
635,מוקייבלה,2769,54.33436532507739,63.61045130641331,33.86390768006367,50.019646365422396,60.598988720342284,35.98024316109423,-18.354122163983163,-24.618745559248055,0,40.73672806067172
636,צנדלה,1318,43.49514563106796,67.85063752276868,32.02995008319468,52.01978565539983,59.935379644588046,26.619273301737756,-16.875872329330207,-33.31610634285029,0,36.6464339908953
637,ערערה,14219,53.1319290465632,69.69063180827887,39.170009256402345,56.12446743761412,68.63615836218577,39.07995618838992,-14.05197285817328,-29.556202173795846,0,52.450945917434424
638,קלנסווה,15420,52.60213143872113,70.78845679519856,47.6656895688854,65.54787759131293,72.58501982057167,35.03171818059117,-17.57041325812996,-37.5533016399805,0,54.273670557717246
648,מצר,430,74.05660377358491,75.05773672055427,75.0,73.25581395348837,69.53488372093022,69.88505747126436,-4.17154630232055,0.350173750334136,0,69.53488372093022
649,מייסר,1424,41.79389312977099,61.21372031662269,36.512900703674745,56.71527244819647,63.49924585218702,33.03964757709251,-8.754245552678483,-30.459598275094514,0,42.06460674157304
652,אבטין,1935,41.226353555120674,49.44852941176471,36.358511837655016,50.64066852367688,63.86138613861386,35.07462686567165,-6.151726689449028,-28.786759272942213,0,45.21963824289406
654,כפר קרע,13735,67.16887575092973,74.63258216798788,47.212750773134566,64.49843260188088,71.94222256736818,45.547996976568406,-21.620878774361323,-26.39422559079977,0,62.20604295595194
658,שייח' דנון,2134,54.29277331686227,73.68724754760531,54.252049180327866,69.8170731707317,75.52763819095478,48.365056124938995,-5.927717191923271,-27.16258206601578,0,55.81068416119962
661,שער אפרים,1352,77.482088024565,80.98933074684773,76.40816326530611,76.2642740619902,75.50525464834277,72.3921568627451,-5.089931161819905,-3.113097785597674,1,73.44674556213018
662,חוסן,789,70.11884550084889,78.04107424960506,74.16201117318437,74.75728155339806,72.98772169167803,67.40837696335078,-2.710468537498116,-5.579344728327257,0,70.72243346007605
663,טירת יהודה,823,80.87349397590361,85.89562764456981,83.09677419354838,78.88040712468194,81.21827411167513,78.18627450980392,-2.687219466099691,-3.031999601871206,1,78.9793438639125
664,כרם בן זמרה,404,70.82152974504248,79.12087912087912,79.09319899244332,76.5432098765432,72.9064039408867,72.77227722772277,1.9507474826802849,-0.13412671316393698,1,74.00990099009901
665,תקומה,514,85.88807785888078,82.51231527093597,85.59498956158664,85.56701030927834,85.24590163934425,80.3960396039604,-5.492038254920374,-4.84986203538385,1,80.73929961089495
666,עומר,6642,74.28993597110491,76.19663648124192,75.23320895522389,72.51991876269332,72.92024348368972,68.94171779141104,-5.348218179693873,-3.97852569227868,0,69.07557964468533
667,ברעם,547,68.2,70.39337474120083,69.02834008097166,72.38658777120315,69.5049504950495,70.98646034816247,2.786460348162464,1.4815098531129678,0,67.45886654478977
668,מפלסים,722,73.07692307692307,70.46979865771812,71.94570135746606,71.8562874251497,71.04874446085671,67.95422031473534,-5.122702762187728,-3.0945241461213726,0,68.97506925207756
670,משמר איילון,404,77.1978021978022,79.79274611398964,82.58706467661692,88.05970149253731,77.77777777777779,74.87562189054727,-2.322180307254939,-2.9021558872305206,1,83.41584158415841
672,בית נקופה,498,74.37185929648241,77.58620689655173,78.23275862068965,77.63713080168776,76.0593220338983,75.31645569620254,0.9445963997201261,-0.7428663376957587,1,74.49799196787149
673,כפר טרומן,586,82.12180746561886,83.48968105065666,80.41958041958041,80.62283737024222,76.57342657342657,78.29861111111111,-3.8231963545077434,1.725184537684541,1,77.64505119453925
674,לימן,570,75.78288100208769,78.3567134268537,73.64485981308411,72.39488117001828,71.63904235727439,69.24528301886792,-6.537597983219769,-2.3937593384064684,0,68.0701754385965
675,הבונים,315,72.40143369175627,72.22222222222221,69.86301369863014,67.22408026755853,68.33333333333333,69.18032786885246,-3.2211058229038088,0.84699453551913,0,64.44444444444444
676,עין השלושה,299,59.87841945288754,66.66666666666666,60.983606557377044,61.64383561643836,60.12861736334405,60.70287539936102,0.8244559464734778,0.5742580360169711,0,58.52842809364549
677,הסוללים,760,73.43485617597293,79.12087912087912,77.24719101123596,74.68175388967468,74.5125348189415,73.11827956989248,-0.3165766060804458,-1.3942552490490243,1,73.28947368421052
678,מעגן,328,61.81229773462783,66.2379421221865,73.00613496932516,69.1588785046729,66.76829268292683,65.73208722741433,3.9197894927864922,-1.0362054555125013,0,65.2439024390244
679,אביאל,547,81.13590263691684,81.98019801980197,79.07869481765835,76.73076923076924,79.57610789980733,78.3109404990403,-2.8249621378765397,-1.2651674007670266,1,74.04021937842778
680,אומץ,537,75.88495575221239,76.80525164113786,74.50980392156863,77.9296875,75.78125,77.21021611001964,1.3252603578072524,1.428966110019644,1,74.11545623836126
681,גבעת שמואל,20150,77.79458097038437,79.97111218103034,78.17775293460033,75.89335103440646,76.15679824561403,74.56834723476598,-3.2262337356183934,-1.588451010848047,1,74.92307692307692
682,אליקים,623,71.40115163147792,76.73179396092362,73.38983050847457,72.15619694397284,72.18430034129693,66.1512027491409,-5.249948882337023,-6.0330975921560395,1,73.19422150882825
683,גבע כרמל,729,75.77639751552795,80.24691358024691,77.80859916782246,78.84615384615384,72.75242047026279,72.91381668946649,-2.8625808260614605,0.16139621920369507,1,75.44581618655693
684,היוגב,618,79.1586998087954,80.8193668528864,80.38528896672504,76.69039145907473,77.16814159292036,78.6086956521739,-0.5500041566214975,1.440554059253543,1,81.06796116504854
685,בניה,616,84.31372549019608,86.72131147540983,85.34621578099839,82.77511961722487,80.60897435897436,79.96768982229402,-4.346035667902058,-0.6412845366803452,1,78.8961038961039
686,נווה ימין,951,71.75324675324676,77.62605042016807,76.2278978388998,74.87733071638861,73.7,71.41361256544502,-0.33963418780173527,-2.2863874345549817,1,73.81703470031546
687,עין איילה,788,79.21259842519684,77.97888386123681,79.07608695652173,75.76974564926373,73.38709677419355,72.35984354628422,-6.85275487891262,-1.027253227909327,0,71.31979695431471
688,עלמה,595,62.737642585551335,75.63636363636364,77.50865051903114,76.29757785467129,77.3972602739726,71.69179229480737,8.954149709256036,-5.705467979165235,1,77.47899159663866
689,מגדים,842,75.4316069057105,79.48387096774194,78.9002557544757,77.20403022670025,72.58883248730965,75.2157829839704,-0.21582392174009613,2.626950496660754,1,75.29691211401425
690,כפר אחים,533,79.41834451901566,79.75206611570248,83.58490566037736,78.83895131086143,79.2910447761194,78.74306839186691,-0.6752761271487486,-0.5479763842524932,1,77.29831144465291
692,שפיר,565,82.2072072072072,85.28784648187633,84.55598455598455,81.75046554934823,83.89513108614233,80.9009009009009,-1.3063063063063112,-2.9942301852414346,1,80.70796460176992
693,"נתיב הל""ה",501,78.26086956521739,78.4841075794621,77.23214285714286,76.2008733624454,75.97402597402598,73.54166666666667,-4.719202898550719,-2.432359307359306,1,73.85229540918164
694,מעגן מיכאל,1738,69.3213296398892,71.74770039421814,69.18951132300357,67.45562130177515,65.56991774383079,65.54913294797687,-3.7721966919123275,-0.02078479585391335,0,63.57882623705409
695,מגן,468,69.1304347826087,69.95884773662551,74.08207343412528,71.24463519313305,71.92224622030238,70.02188183807439,0.8914470554656901,-1.9003643822279912,0,67.3076923076923
696,"כפר חב""ד",4371,69.14186651256861,70.86379637151367,68.28969904575484,67.67408123791103,68.26807590679799,65.65562295846944,-3.4862435540991754,-2.612452948328553,0,67.30725234500115
697,בארותיים,754,81.74204355108877,82.26299694189603,79.4034090909091,75.80872011251758,77.57142857142857,78.72044506258693,-3.021598488501837,1.1490164911583634,1,77.58620689655173
698,בורגתה,835,79.16666666666666,80.82368082368082,78.11704834605598,76.86472819216182,76.8368617683686,75.8830694275274,-3.2835972391392545,-0.9537923408412041,1,73.89221556886227
699,ניר ישראל,616,77.23880597014924,78.81508078994614,76.75213675213676,79.0893760539629,77.53378378378379,74.83443708609272,-2.404368884056524,-2.6993466976910696,1,75.48701298701299
700,חצב,903,71.09067017082786,78.70722433460075,76.32794457274827,76.71711292200233,77.12952158693116,75.0853242320819,3.994654061254039,-2.04419735484926,1,77.8516057585825
701,ארבל,497,68.68686868686868,76.01918465227818,76.00896860986546,76.74943566591422,74.11504424778761,69.81132075471697,1.1244520678482957,-4.303723493070635,1,74.44668008048289
702,האון,157,63.47305389221557,62.19512195121951,61.43790849673203,60.526315789473685,56.493506493506494,57.432432432432435,-6.040621459783132,0.9389259389259408,0,53.503184713375795
703,גבעת עוז,409,66.33906633906635,67.58793969849246,68.04878048780488,66.99507389162561,64.08977556109726,62.06030150753769,-4.278764831528662,-2.029474053559568,0,62.34718826405869
705,נחשונים,363,70.46979865771812,70.09966777408638,71.80232558139535,71.55172413793103,69.88636363636364,68.25842696629213,-2.211371691425981,-1.6279366700715059,0,70.52341597796143
706,גיאה,574,75.80340264650283,80.68833652007649,79.6028880866426,79.96422182468694,76.07913669064749,76.71957671957672,0.9161740730738899,0.640440028929234,1,75.08710801393728
707,כפר דניאל,505,81.81818181818183,79.30283224400871,77.39307535641548,75.61475409836066,74.38524590163934,75.75757575757575,-6.0606060606060765,1.3723298559364139,0,71.68316831683168
708,עמקה,610,71.30620985010707,73.02231237322515,76.46017699115045,74.91166077738515,77.95138888888889,71.40439932318104,0.09818947307397252,-6.546989565707847,1,74.75409836065575
709,תפרח,1082,89.00462962962963,89.73544973544973,87.98798798798799,87.35059760956176,86.15232443125618,84.55672068636797,-4.447908943261666,-1.5956037448882086,1,88.07763401109058
710,בית זית,1126,76.66989351403679,76.37571157495256,74.71958584987057,73.87616624257845,73.83966244725738,73.06052855924978,-3.6093649547870115,-0.7791338880076069,0,72.11367673179396
711,עזריה,809,72.91361639824304,81.96022727272727,81.72458172458172,79.58921694480102,82.88288288288288,79.64824120603015,6.734624807787114,-3.234641676852732,1,84.79604449938195
712,בן עמי,558,76.0910815939279,80.71161048689139,78.94736842105263,75.09025270758123,74.81884057971014,74.82014388489209,-1.270937709035806,0.0013033051819490993,0,71.50537634408603
713,רעים,387,76.36363636363637,80.17241379310344,74.59016393442623,70.44198895027624,70.11173184357543,73.67021276595744,-2.6934235976789296,3.5584809223820173,1,72.86821705426357
714,ארז,473,73.96907216494846,76.44110275689223,76.03911980440098,74.34052757793765,71.65532879818595,71.84035476718404,-2.1287173977644187,0.1850259689980902,0,68.07610993657505
715,להבות חביבה,653,74.23469387755102,79.29606625258799,78.99305555555556,77.66666666666666,77.17569786535303,75.87859424920129,1.6439003716502611,-1.2971036161517446,1,75.65084226646248
716,אייל,410,80.33240997229917,81.86813186813187,82.77634961439588,78.71794871794872,78.77237851662404,81.97969543147208,1.647285459172906,3.207316914848036,1,81.21951219512195
717,חגור,729,78.51739788199697,85.2359208523592,81.30311614730878,81.09243697478992,79.55801104972376,79.75206611570248,1.2346682337055057,0.19405506597871636,1,79.56104252400549
718,ירחיב,822,71.12903225806451,75.33234859675036,74.46808510638297,74.40100882723833,71.13924050632912,69.35096153846155,-1.7780707196029653,-1.7882789678675692,1,73.84428223844283
719,תל קציר,358,69.74169741697416,73.62637362637363,71.89542483660131,73.46278317152104,71.06109324758843,69.93865030674846,0.1969528897742947,-1.1224429408399743,0,69.83240223463687
720,ניר גלים,664,87.97595190380761,87.4766355140187,86.85064935064936,83.5725677830941,85.06998444790047,83.79204892966361,-4.183902974144004,-1.277935518236859,1,78.91566265060241
721,שדה אילן,419,81.97674418604652,82.83378746594006,82.63157894736842,78.10026385224275,80.6282722513089,80.55555555555556,-1.4211886304909598,-0.07271669575334272,1,81.14558472553699
722,מגשימים,686,77.08978328173374,75.54858934169279,78.62481315396114,78.10650887573965,78.69822485207101,79.05308464849354,1.9633013667597936,0.35485979642253085,1,75.65597667638484
723,בית הגדי,595,75.39503386004515,84.82905982905983,83.24607329842932,79.75567190226876,81.91304347826087,79.35153583617748,3.95650197613233,-2.5615076420833987,1,82.52100840336134
726,הודיה,535,57.319587628865975,68.56540084388185,67.94354838709677,66.73387096774194,64.65863453815261,65.51724137931035,8.197653750444374,0.8586068411577372,0,68.22429906542055
727,תלמי יחיאל,634,70.07874015748031,73.87387387387388,77.9578606158833,73.94822006472492,74.92012779552716,71.94928684627575,1.870546688795443,-2.9708409492514107,1,73.18611987381703
729,משמר השבעה,716,74.72178060413354,78.28843106180665,76.40949554896143,76.44508670520231,74.43502824858757,72.8169014084507,-1.9048791956828381,-1.618126840136867,1,77.51396648044692
730,אליפלט,504,64.14634146341463,72.88557213930348,70.04405286343612,72.60869565217392,74.57264957264957,70.41036717062636,6.264025707211729,-4.162282402023209,1,77.57936507936508
731,מישר,486,80.4054054054054,83.03964757709251,79.9163179916318,82.59958071278825,80.59071729957806,80.50314465408806,0.09773924868265738,-0.08757264548999899,1,79.42386831275721
732,משמר הירדן,582,69.75,76.65198237885463,73.80952380952381,71.81818181818181,76.06679035250464,69.8943661971831,0.1443661971831034,-6.172424155321536,1,74.74226804123711
734,גן יאשיה,678,81.62544169611307,82.93103448275862,79.00641025641025,75.43581616481775,77.77777777777779,77.99696509863429,-3.6284765974787803,0.2191873208565056,1,76.10619469026548
735,רמות מאיר,553,70.3065134099617,73.75478927203065,74.01433691756273,71.07142857142857,69.63636363636364,72.74368231046931,2.437168900507615,3.10731867410567,0,70.70524412296564
736,גילת,1119,68.02030456852792,76.42369020501138,76.22868605817452,75.44554455445545,75.90597453476984,71.1320754716981,3.111770903170182,-4.773899063071738,1,77.65862377122431
737,עולש,787,78.79234167893962,79.33042212518195,79.41952506596306,77.30870712401055,75.03285151116953,78.23834196891191,-0.5539997100277105,3.2054904577423855,1,73.69758576874206
738,דור,286,73.40823970037454,82.70676691729322,80.07246376811594,81.52173913043478,77.89473684210526,77.70034843205575,4.2921087316812105,-0.19438841004951257,1,74.82517482517483
739,שדה עוזיהו,1026,71.58145065398335,79.63800904977376,78.24742268041237,83.45250255362615,80.60606060606061,75.22299306243806,3.641542408454711,-5.383067543622545,1,82.94346978557505
740,אשתאול,757,78.003120124805,80.88235294117648,81.93891102257636,79.46308724832215,80.77436582109479,77.08609271523179,-0.9170274095732083,-3.6882731058630043,1,79.12813738441216
741,שואבה,462,75.11627906976744,79.29411764705883,76.77419354838709,73.68421052631578,74.68619246861925,70.62634989200865,-4.489929177758796,-4.059842576610606,1,73.80952380952381
742,מסילת ציון,711,80.31496062992126,81.60741885625966,81.96248196248196,82.82387190684133,80.45977011494253,77.55960729312763,-2.7553533367936325,-2.9001628218149023,1,81.43459915611815
743,כפר שמואל,616,82.37547892720306,82.6086956521739,84.6938775510204,84.32708688245314,84.23728813559322,81.80300500834724,-0.5724739188558203,-2.434283127245976,1,81.98051948051948
744,תלמי יפה,526,74.32432432432432,78.30188679245283,74.48979591836735,73.11608961303462,74.79838709677419,69.921875,-4.402449324324323,-4.876512096774192,1,73.38403041825094
745,גמזו,692,82.01320132013201,84.15213946117274,84.02366863905326,81.50887573964496,81.80473372781066,78.4457478005865,-3.5674535195455093,-3.358985927224154,1,78.61271676300578
746,ברכיה,793,80.20679468242245,85.63218390804597,84.7568988173456,82.84960422163589,84.72584856396867,81.35376756066411,1.1469728782416553,-3.372081003304558,1,87.51576292559899
747,בית שקמה,575,53.54969574036511,66.53992395437263,69.87740805604203,75.6993006993007,77.19298245614034,67.99307958477509,14.44338384440998,-9.199902871365254,1,73.91304347826086
748,מסלול,546,69.6,78.71794871794872,74.94866529774127,74.74332648870636,74.69879518072288,71.84466019417476,2.24466019417477,-2.854134986548118,1,74.9084249084249
749,פטיש,683,69.6969696969697,82.54237288135593,82.97546012269939,84.7560975609756,80.90225563909775,79.13561847988078,9.438648782911073,-1.7666371592169696,1,84.9194729136164
750,פדויים,347,63.957597173144876,72.14765100671141,67.88990825688074,72.28915662650603,73.37278106508876,70.91988130563797,6.962284132493096,-2.452899759450787,1,74.06340057636888
751,בית מאיר,341,74.93036211699165,80.28169014084507,73.52941176470588,68.43501326259947,73.35164835164835,70.83333333333334,-4.097028783658303,-2.5183150183150076,0,71.8475073313783
752,תעוז,433,75.25252525252525,80.98765432098766,80.70588235294117,82.13457076566125,81.62790697674419,77.47126436781609,2.2187391152908447,-4.156642608928095,1,79.44572748267899
753,ינוב,621,73.81370826010544,77.7027027027027,77.68729641693811,76.77419354838709,74.55716586151368,72.90322580645162,-0.9104824536538274,-1.6539400550620655,1,74.07407407407408
755,גורן,344,71.02272727272727,75.21367521367522,73.5632183908046,73.25581395348837,78.0701754385965,73.1117824773414,2.0890552046141266,-4.9583929612551,1,77.32558139534885
756,בית עזרא,833,74.74093264248705,80.05050505050505,79.11694510739858,79.11164465786314,75.72463768115942,76.04790419161677,1.3069715491297131,0.3232665104573442,1,77.43097238895558
757,מצליח,958,70.58823529411765,77.4364406779661,75.51440329218107,74.5398773006135,76.07361963190185,71.91709844559585,1.3288631514782026,-4.156521186305994,1,75.88726513569938
758,יד חנה,604,81.17359413202934,81.83716075156576,79.89228007181327,80.98591549295774,79.20277296360484,79.28082191780823,-1.892772214221111,0.07804895420338198,1,80.29801324503312
759,יציץ,579,64.65863453815261,75.71701720841301,73.71134020618557,72.89879931389366,76.8166089965398,74.0484429065744,9.389808368421782,-2.768166089965405,1,75.99309153713298
760,בן זכאי,584,74.06679764243614,80.85106382978722,81.89509306260575,82.77591973244147,83.14238952536824,78.75816993464052,4.6913722922043775,-4.384219590727724,1,84.07534246575342
761,שובה,448,75.0,80.3763440860215,78.87323943661971,77.33644859813083,81.14558472553699,71.59624413145539,-3.403755868544607,-9.549340594081599,1,77.45535714285714
762,בטחה,629,75.92954990215264,81.71641791044776,77.72357723577235,81.55339805825243,78.16091954022988,77.50809061488673,1.5785407127340818,-0.6528289253431581,1,81.87599364069952
763,שתולים,1460,71.53780798640612,76.36655948553054,76.2043795620438,75.9800427655025,75.58386411889597,73.18435754189943,1.6465495554933085,-2.3995065769965436,1,77.6027397260274
764,כפר מרדכי,478,79.95226730310262,80.37383177570094,79.82832618025752,80.56155507559394,78.74186550976138,76.64543524416136,-3.3068320589412536,-2.09643026560002,1,76.15062761506276
765,משגב דב,521,79.49260042283298,79.26565874730022,81.05906313645622,78.26961770623743,78.4,78.21782178217822,-1.274778640654759,-0.1821782178217859,1,75.23992322456814
766,קוממיות,258,60.32388663967612,57.93991416309014,57.49999999999999,58.26446280991735,72.33201581027669,61.50793650793651,1.184049868260395,-10.824079302340174,1,79.45736434108527
767,פורת,924,59.97409326424871,70.5955334987593,68.64501679731244,71.41280353200882,74.44690265486726,67.03417861080484,7.060085346556136,-7.412724044062415,1,74.13419913419914
768,כרמיה,461,70.27027027027027,76.72413793103449,74.05764966740577,71.26948775055679,74.94553376906318,72.92576419213974,2.655493921869464,-2.019769576923437,1,73.7527114967462
769,ניר עציון,431,69.85645933014354,75.37688442211056,74.5049504950495,70.73170731707317,77.85888077858881,71.83098591549296,1.9745265853494232,-6.027894863095852,0,71.46171693735499
771,מבוא ביתר,675,71.97802197802197,77.21774193548387,76.37271214642263,73.11475409836066,75.36704730831974,75.11811023622047,3.140088258198503,-0.24893707209926674,1,72.74074074074073
772,אמונים,735,71.86009538950715,73.11827956989248,72.62247838616715,75.7703081232493,71.80925666199158,72.08976157082749,0.22966618132034,0.2805049088359084,0,71.83673469387755
773,עמיקם,548,75.5813953488372,78.44827586206897,77.04280155642024,77.6923076923077,75.52581261950286,73.40619307832422,-2.175202270512983,-2.1196195411786363,0,71.8978102189781
774,צוריאל,330,70.08196721311475,77.734375,75.08771929824562,73.95833333333334,73.46938775510205,70.81967213114754,0.7377049180327901,-2.6497156239545063,0,67.87878787878789
775,יד נתן,419,71.62921348314607,79.3010752688172,78.07881773399015,76.66666666666667,76.35933806146572,72.79069767441861,1.1614841912725353,-3.568640387047111,1,73.50835322195705
776,מחסיה,311,65.37102473498233,77.10437710437711,78.54889589905363,81.50470219435736,82.0754716981132,78.02547770700637,12.654452972024046,-4.049993991106831,1,81.9935691318328
777,נחשון,478,76.04166666666666,76.61691542288557,75.54585152838428,75.97402597402598,74.30406852248393,74.47257383966245,-1.5690928270042122,0.16850531717851425,1,73.64016736401673
778,תרום,616,76.30922693266832,85.26970954356847,79.31654676258992,80.0,81.94444444444444,79.05405405405406,2.7448271213857396,-2.8903903903903796,1,80.1948051948052
779,עמינדב,652,75.04244482173175,77.68729641693811,76.48902821316614,73.32293291731669,70.82018927444796,71.7219589257504,-3.3204858959813492,0.9017696513024447,0,71.62576687116564
780,אורה,831,72.20779220779221,76.84605757196495,72.92161520190024,74.2621015348288,71.66666666666667,68.6819830713422,-3.5258091364500075,-2.9846835953244693,0,71.72081829121541
783,אבן ספיר,506,70.94017094017094,75.1984126984127,72.23340040241449,73.33333333333333,70.62374245472837,69.98011928429423,-0.9600516558767112,-0.6436231704341395,1,72.92490118577075
784,בית נחמיה,647,73.44537815126051,78.06873977086744,79.93527508090615,79.93579454253612,75.72347266881029,73.51097178683386,0.06559363557335018,-2.2125008819764247,1,75.57959814528593
785,אחיהוד,714,76.60377358490567,81.19349005424955,79.53488372093022,78.26747720364742,77.69347496206373,74.74452554744525,-1.859248037460418,-2.9489494146184825,1,76.19047619047619
786,כפר זיתים,473,57.756563245823386,70.73170731707317,72.09775967413442,74.01247401247402,75.10548523206751,71.875,14.118436754176614,-3.230485232067508,1,74.4186046511628
787,גבעת יערים,916,74.51923076923077,78.14645308924484,76.63451232583066,76.20064034151548,75.45551982851019,71.93932827735645,-2.5799024918743214,-3.5161915511537387,0,71.2882096069869
788,זיתן,818,76.89243027888446,83.67088607594937,80.36363636363636,78.30303030303031,84.94492044063648,76.9704433497537,0.07801307086923259,-7.974477090882786,1,82.3960880195599
789,רנן,468,64.73829201101928,73.57512953367875,76.11241217798595,69.5150115473441,71.78329571106094,67.97385620915033,3.235564198131044,-3.8094395019106173,1,74.14529914529915
791,משען,725,69.25566343042071,74.08536585365853,78.71428571428571,78.3166904422254,80.25387870239774,76.29733520336606,7.0416717729453495,-3.9565434990316817,1,78.48275862068965
792,נתיב השיירה,419,73.07692307692307,79.02439024390245,75.72115384615384,75.30864197530865,76.3681592039801,69.62962962962963,-3.4472934472934327,-6.738529574350466,1,73.74701670644392
793,גבעתי,677,67.63698630136986,75.33783783783784,71.26984126984127,75.62111801242236,75.38226299694189,68.7218045112782,1.0848182099083346,-6.660458485663696,1,77.25258493353027
794,עגור,327,71.48148148148148,72.72727272727273,73.92739273927393,78.52348993288591,80.13245033112582,73.73417721518987,2.252695733708393,-6.39827311593595,1,75.53516819571865
795,יערה,590,73.8359201773836,79.41176470588235,73.224043715847,70.86330935251799,72.35188509874327,67.66256590509666,-6.173354272286943,-4.689319193646611,0,65.76271186440678
796,צלפון,696,70.43795620437956,76.34782608695653,77.56024096385542,74.21758569299553,76.51403249630724,71.69540229885058,1.257446094471021,-4.818630197456656,1,77.29885057471265
797,אחיעזר,1224,78.70370370370371,83.93731635651322,83.37684943429069,86.48180242634315,87.09677419354838,82.8266228430567,4.122919139352987,-4.2701513504916875,1,85.7843137254902
798,יגל,631,71.6117216117216,79.10189982728842,80.48387096774194,80.51948051948052,80.1948051948052,76.16000000000001,4.548278388278405,-4.0348051948051875,1,81.61648177496038
799,זכריה,767,74.56279809220986,80.75801749271136,76.32275132275133,75.42262678803641,76.96335078534031,75.98425196850394,1.4214538762940805,-0.9790988168363697,1,81.61668839634942
800,בית חנניה,628,78.40466926070039,82.67148014440433,78.86178861788618,77.27272727272727,75.32679738562092,76.2360446570973,-2.1686246036030923,0.9092472714763744,1,76.27388535031847
801,חמד,614,85.77235772357723,87.28323699421965,87.5222816399287,83.06595365418895,83.85964912280703,84.87972508591065,-0.8926326376665799,1.020075963103622,1,82.57328990228014
802,"גבעת כ""ח",640,71.70172084130019,75.57377049180329,72.72727272727273,76.2481089258699,74.03993855606758,72.24806201550388,0.5463411742036897,-1.791876540563706,1,79.375
803,יושיביה,377,82.12765957446808,86.95652173913044,78.72340425531915,79.34131736526946,80.71216617210682,76.27118644067797,-5.856473133790118,-4.440979731428854,1,82.22811671087533
804,אחיסמך,890,72.25647348951911,79.83392645314353,79.03225806451613,78.73563218390804,84.73804100227791,76.96629213483146,4.709818645312353,-7.771748867446448,1,83.14606741573034
805,ישעי,576,78.82599580712788,78.74015748031496,76.21621621621621,78.28467153284672,78.32422586520947,73.19223985890653,-5.633755948221349,-5.131986006302938,1,77.77777777777779
806,עין יהב,618,80.12820512820514,79.5031055900621,75.66539923954373,75.75757575757575,71.88081936685289,72.31040564373897,-7.817799484466164,0.4295862768860843,0,68.77022653721683
807,חניאל,647,72.84345047923323,74.88372093023256,73.97881996974282,74.27701674277016,71.23287671232876,71.04072398190046,-1.8027264973327704,-0.1921527304283046,1,72.64296754250387
808,ניר אליהו,425,70.50147492625368,74.74489795918367,71.29186602870813,73.74701670644392,72.42206235011992,76.30331753554502,5.8018426092913415,3.881255185425104,1,74.3529411764706
809,נחם,418,87.5,91.7312661498708,84.55882352941177,79.41888619854721,79.66507177033493,73.47931873479318,-14.020681265206818,-6.185753035541751,1,78.94736842105263
810,עופר,402,76.86170212765957,80.98958333333334,79.4486215538847,78.0,75.69620253164557,74.23469387755102,-2.6270082501085454,-1.4615086540945441,1,76.3681592039801
811,יכיני,482,78.04878048780488,80.41002277904327,78.57142857142857,78.93617021276596,80.97251585623678,73.70600414078675,-4.34277634701813,-7.2665117154500365,1,80.08298755186722
812,שלומי,5887,64.91525423728814,69.15907207953605,66.87189672293943,66.73866090712744,67.01169254360744,63.711911357340725,-1.2033428799474137,-3.2997811862667135,0,66.46848989298454
813,עין יעקב,776,74.39862542955326,76.6721044045677,79.04624277456648,78.79656160458453,79.07303370786516,73.52941176470588,-0.8692136648473792,-5.54362194315928,1,78.73711340206185
814,תלמים,577,72.14137214137214,80.7766990291262,75.58348294434471,78.67132867132867,79.01234567901234,74.02826855123675,1.8868964098646046,-4.984077127775592,1,82.14904679376083
815,זבדיאל,447,79.26509186351706,82.88770053475936,84.36724565756823,84.9514563106796,85.06024096385542,84.92822966507177,5.663137801554711,-0.13201129878365236,1,87.47203579418344
816,זנוח,407,67.24137931034483,75.68306010928961,71.46464646464646,74.68671679197995,72.61306532663316,67.72616136919315,0.4847820588483245,-4.886903957440012,1,74.93857493857494
817,עזריקם,992,72.14554579673776,77.67106842737095,78.21350762527233,80.76923076923077,78.609062170706,72.98136645962732,0.8358206628895601,-5.6276957110786725,1,78.32661290322581
818,זרחיה,519,76.79425837320574,82.17592592592592,83.29853862212944,84.26501035196688,85.86065573770492,84.98023715415019,8.185978780944453,-0.8804185835547287,1,86.51252408477842
819,אביגדור,607,80.45774647887323,83.47978910369068,80.71312803889789,77.86624203821655,79.09238249594813,77.75974025974025,-2.698006219132978,-1.3326422362078745,1,80.0658978583196
820,חלץ,367,63.63636363636363,72.49283667621776,69.36416184971098,69.40509915014165,73.1638418079096,71.38888888888889,7.752525252525253,-1.7749529190207198,1,73.56948228882834
821,אחוזם,404,64.85714285714286,73.36956521739131,70.84398976982096,74.3073047858942,69.94949494949495,72.06982543640898,7.212682579266115,2.1203304869140283,0,72.02970297029702
822,מטע,585,70.92511013215858,77.21021611001964,74.01129943502825,73.04832713754647,73.21100917431193,72.37076648841355,1.4456563562549718,-0.8402426858983745,0,71.28205128205128
823,בר גיורא,431,74.2782152230971,75.9493670886076,77.34939759036145,72.92682926829268,75.48543689320388,72.61904761904762,-1.659167604049486,-2.866389274156262,1,77.03016241299304
824,כוכב מיכאל,748,73.64217252396166,74.81031866464339,75.78796561604585,72.93447293447294,74.03708987161198,71.1297071129707,-2.5124654109909557,-2.907382758641276,1,72.59358288770053
825,נס הרים,884,70.63197026022306,80.6501547987616,76.53333333333333,75.83979328165374,75.95419847328245,72.34567901234567,1.7137087521226135,-3.608519460936776,1,72.62443438914026
826,עוזה,342,71.65775401069519,78.6096256684492,75.41436464088397,77.3841961852861,78.96174863387978,71.8232044198895,0.16545040919432097,-7.138544213990272,1,78.0701754385965
827,נווה מבטח,509,76.11940298507463,81.41809290953546,82.560706401766,81.4410480349345,78.8546255506608,77.77777777777779,1.6583747927031567,-1.0768477728830135,1,76.8172888015717
828,ישרש,725,71.4968152866242,77.17717717717719,77.79329608938548,75.20547945205479,71.52682255845943,76.42956764295677,4.932752356332571,4.90274508449734,1,77.10344827586208
829,מבטחים,399,61.111111111111114,62.67029972752044,60.77922077922078,64.15584415584415,61.696658097686374,60.20151133501259,-0.9095997760985242,-1.4951467626737838,0,66.9172932330827
831,ירוחם,7861,60.26792750197005,64.30863254392666,66.48686030428769,66.23908296943232,67.15534633490249,62.575163398692816,2.3072358967227657,-4.580182936209674,0,66.09846075562905
836,גנות,345,81.04395604395604,82.42074927953891,76.72413793103449,78.0701754385965,76.63817663817663,75.70621468926554,-5.3377413546905075,-0.9319619489110949,1,78.55072463768116
837,עזריאל,618,79.7244094488189,84.38661710037175,83.25041459369817,81.4070351758794,82.07236842105263,77.70382695507487,-2.0205824937440298,-4.368541465977756,1,79.6116504854369
838,פדיה,612,72.6,79.63302752293579,78.7052810902896,79.62648556876061,77.75919732441471,77.44107744107744,4.841077441077445,-0.3181198833372747,1,80.55555555555556
839,פתחיה,639,71.63934426229508,78.19905213270142,79.05844155844156,78.43137254901961,78.75816993464052,75.72815533980582,4.088811077510741,-3.0300145948346966,1,78.87323943661971
840,כיסופים,300,57.028112449799195,55.39568345323741,54.70383275261324,50.86505190311419,50.159744408945684,49.2063492063492,-7.821763243449993,-0.9533952025964822,0,54.333333333333336
841,אלישמע,812,77.4108322324967,79.34093789607097,81.32678132678133,77.61377613776138,77.83251231527095,79.8780487804878,2.4672165479911,2.0455364652168555,1,79.43349753694581
842,געש,725,74.77797513321492,78.62068965517241,79.19876733436055,78.419452887538,77.97619047619048,79.23186344238977,4.453888309174843,1.2556729661992847,1,76.96551724137932
843,מרגליות,354,47.66666666666667,55.91054313099042,56.92771084337349,58.805970149253724,57.30994152046783,55.917159763313606,8.250493096646935,-1.392781757154225,0,62.14689265536724
844,נחל עוז,355,68.8622754491018,70.47619047619048,71.8475073313783,68.40579710144927,71.30681818181817,67.42857142857143,-1.4337040205303708,-3.878246753246742,0,70.70422535211267
845,כפר עזה,768,76.875,75.5192878338279,74.2296918767507,70.06993006993008,73.17744154057772,73.18059299191376,-3.6944070080862446,0.0031514513360377805,1,73.30729166666666
846,שפר,319,67.49116607773851,71.52777777777779,73.73417721518987,71.47335423197492,70.7165109034268,63.91437308868502,-3.5767929890534944,-6.802137814741776,0,69.90595611285266
848,בית רבן,299,75.40983606557377,83.11258278145695,82.7485380116959,74.48680351906158,74.92447129909365,71.73913043478261,-3.6707056307911614,-3.185340864311044,0,70.90301003344482
849,דבירה,686,80.81264108352144,78.81188118811882,76.19047619047619,78.44036697247707,75.26881720430107,78.53949329359166,-2.27314778992978,3.270676089290589,1,76.0932944606414
850,אחיטוב,743,70.23255813953489,80.86053412462908,79.18424753867792,77.25988700564972,76.47058823529412,73.006993006993,2.774434867458112,-3.4635952283011164,1,74.29340511440108
851,ניצני עוז,765,74.47129909365559,80.60781476121564,74.8663101604278,77.58152173913044,76.98519515477793,73.09782608695652,-1.3734730066990721,-3.8873690678214103,1,73.8562091503268
852,גונן,360,67.44868035190615,71.34502923976608,69.85507246376812,67.75147928994083,68.22157434402332,65.19174041297934,-2.2569399389268057,-3.0298339310439815,0,62.5
853,גאליה,820,78.84130982367759,78.62407862407862,77.13950762016412,75.59523809523809,77.0059880239521,76.98695136417555,-1.8543584595020377,-0.019036659776546117,1,73.65853658536585
854,רחוב,336,67.28624535315984,78.09187279151944,72.98136645962732,71.91358024691358,75.0,71.21212121212122,3.9258758589613763,-3.787878787878782,1,73.80952380952381
856,שעלבים,824,88.75878220140515,90.54982817869416,88.52691218130312,86.468200270636,85.63758389261746,82.0051413881748,-6.753640813230348,-3.6324425044426505,1,80.46116504854369
857,כפר אביב,562,79.0,81.08108108108108,77.21280602636534,76.50375939849624,76.67910447761194,76.23400365630712,-2.7659963436928763,-0.44510082130481976,1,72.77580071174377
858,נווה ירק,860,82.98906439854193,84.53237410071942,80.86124401913875,79.21615201900238,79.12735849056604,79.30622009569377,-3.682844302848153,0.17886160512773586,1,75.5813953488372
859,כסלון,303,70.93023255813954,77.6173285198556,77.37226277372264,71.22302158273382,76.89530685920577,71.62629757785467,0.6960650197151352,-5.269009281351103,1,74.25742574257426
861,שדה אליעזר,674,69.53271028037383,76.04690117252932,75.35321821036108,73.45971563981043,73.1629392971246,68.27371695178849,-1.2589933285853476,-4.889222345336108,0,69.8813056379822
862,גני יוחנן,520,76.48221343873519,77.26396917148362,74.95327102803738,75.93984962406014,75.32956685499059,73.67424242424242,-2.8079710144927645,-1.6553244307481663,1,75.1923076923077
863,גינתון,646,79.15966386554622,81.40293637846656,78.74617737003058,79.45205479452055,79.11585365853658,76.87687687687688,-2.2827869886693435,-2.2389767816597015,1,78.0185758513932
864,בקוע,571,75.24038461538461,80.68181818181817,81.1284046692607,80.93457943925235,79.62962962962963,73.98523985239852,-1.2551447629860917,-5.644389777231112,1,83.36252189141857
865,שיבולים,282,75.57251908396947,83.52941176470588,80.75471698113208,75.2895752895753,77.56653992395437,73.07692307692307,-2.4955960070464016,-4.4896168470313,1,76.59574468085107
866,יטבתה,711,64.51612903225806,64.22893481717011,63.213213213213216,61.847988077496275,63.83601756954612,62.4103299856528,-2.105799046605263,-1.4256875838933212,0,59.07172995780591
868,אלוני יצחק,125,24.347826086956523,22.689075630252102,21.052631578947366,22.04724409448819,19.166666666666668,18.4,-5.947826086956525,-0.7666666666666693,0,19.2
870,גבעת השלושה,531,77.11670480549199,77.50556792873051,78.87323943661971,78.18181818181819,77.2,80.6949806949807,3.578275889488708,3.494980694980697,1,77.5894538606403
871,עינת,600,84.64730290456431,84.92366412213741,84.14414414414414,81.28342245989305,82.43478260869566,83.04794520547945,-1.5993576990848624,0.6131625967837948,1,79.83333333333333
872,גאולי תימן,252,68.21428571428572,75.45787545787546,77.23880597014924,78.62595419847328,79.3103448275862,70.8171206225681,2.602834908282375,-8.493224205018109,1,76.5873015873016
873,שלווה,421,65.78171091445427,80.35714285714286,80.42328042328042,79.08847184986595,84.02061855670104,77.1712158808933,11.389504966439034,-6.849402675807738,1,83.3729216152019
874,מגדל העמק,22031,61.3515791561307,65.41612137075276,63.25264394829612,63.65607617611012,63.673162006966024,60.54861208631747,-0.8029670698132279,-3.1245499206485547,0,63.9734918977804
877,בית חירות,618,80.50541516245488,80.74866310160428,79.09698996655518,78.08896210873147,77.04918032786885,78.70216306156405,-1.8032521008908304,1.6529827336951968,1,74.75728155339806
880,עין שריד,1112,72.9253112033195,76.43622200584225,76.41597028783659,75.61419472247498,74.22867513611615,74.3427017225748,1.4173905192553065,0.1140265864586496,1,75.71942446043165
885,שדה בוקר,428,69.42528735632185,66.32911392405063,70.09803921568627,66.17647058823529,67.2289156626506,66.58767772511848,-2.837609631203364,-0.6412379375321251,0,62.149532710280376
888,"כפר הרי""ף",605,74.90636704119851,81.50807899461401,77.29636048526864,80.55077452667814,81.17443868739205,77.66323024054984,2.7568631993513293,-3.5112084468422182,1,76.03305785123968
889,כפר חסידים ב',226,74.19354838709677,72.56317689530685,73.97260273972603,74.88372093023256,75.98039215686273,72.6027397260274,-1.5908086610693744,-3.37765243083534,0,69.91150442477876
892,עבדון,528,69.3002257336343,72.3044397463002,70.76023391812866,72.11538461538461,72.7447216890595,69.61538461538461,0.3151588817503068,-3.12933707367489,1,76.13636363636364
913,שבלי - אום אל-גנם,4548,43.933550875111244,59.28611266034579,39.63008631319359,56.72003881610868,60.87685673215142,37.288919731667825,-6.644631143443419,-23.587937000483592,0,50.04397537379067
916,ישע,301,70.83333333333334,72.6923076923077,73.45454545454545,75.0,70.96774193548387,64.86486486486487,-5.968468468468473,-6.102877070619002,0,71.76079734219269
917,עצמון שגב,1003,75.74193548387098,74.7878787878788,73.39955849889624,75.56306306306307,73.94209354120267,75.18557794273595,-0.5563575411350286,1.24348440153328,0,68.09571286141576
919,גבעת ישעיהו,506,75.1231527093596,84.30493273542601,77.64705882352942,76.33136094674556,76.21832358674465,74.85265225933202,-0.2705004500275834,-1.3656713274126275,1,72.5296442687747
921,שער מנשה,132,9.01639344262295,10.833333333333334,9.923664122137405,9.16030534351145,8.088235294117647,10.655737704918032,1.6393442622950811,2.567502410800385,0,15.909090909090908
922,רכסים,6974,85.1234809878479,85.90001831166452,86.30786847701619,85.50467591099645,84.57530786233029,81.67499621384219,-3.4484847740057063,-2.900311648488099,1,84.21279036420992
939,מסעודין אל-עזאזמה,8444,37.26027397260274,45.27758970886933,42.02836879432624,61.369329251322014,59.83229645658642,47.54035845938731,10.280084486784574,-12.291937997199106,0,46.87351965892942
942,סואעד (חמרייה),173,76.84210526315789,42.47787610619469,34.02777777777778,45.20547945205479,56.00000000000001,31.92771084337349,-44.9143944197844,-24.072289156626518,0,32.369942196531795
944,בסמת טבעון,5646,39.63819555759102,51.39604810996563,31.859084817154894,47.14555765595463,54.663935952336615,32.61740080087368,-7.020794756717336,-22.046535151462933,0,43.02160821820758
956,הוזייל (שבט),1156,22.070534698521048,31.86022610483042,32.602739726027394,35.240690281562216,41.509433962264154,27.699115044247787,5.628580345726739,-13.810318918016367,0,34.86159169550173
957,עוקבי (בנו עוקבה),353,64.11483253588517,70.08547008547008,43.84057971014493,50.53003533568905,59.589041095890416,39.14373088685015,-24.97110164903502,-20.445310209040265,0,49.57507082152974
958,אבו עבדון (שבט),154,65.09433962264151,31.092436974789916,8.695652173913043,33.81294964028777,28.87323943661972,18.0,-47.09433962264151,-10.87323943661972,0,26.623376623376622
960,אסד (שבט),539,22.30971128608924,15.95238095238095,10.245901639344263,22.131147540983605,26.57200811359026,16.2426614481409,-6.067049837948339,-10.32934666544936,0,24.675324675324674
961,אבו רוקייק (שבט),5336,27.24846543901788,30.225921521997623,24.067363035600085,40.37775445960126,44.57905544147844,34.45295619721077,7.204490758192886,-10.126099244267671,0,39.44902548725637
962,טובא-זנגריה,4793,33.06936100491535,46.566855962829116,30.29197080291971,44.193912063134164,51.82204337133914,32.965128871561625,-0.10423213335372594,-18.856914499777517,0,43.93907782182349
963,אעצם (שבט),5320,35.14261977291609,32.23540808912569,21.441320838911203,41.39890710382514,43.411513859275054,30.122662376834906,-5.019957396081185,-13.288851482440148,0,39.774436090225564
964,קודייראת א-צאנע(ש,1512,30.17751479289941,34.83754512635379,12.863705972434916,30.457614403600903,28.51851851851852,20.60478199718706,-9.572732795712348,-7.913736521331458,0,22.817460317460316
965,אטרש (שבט),1803,28.8135593220339,27.6969696969697,15.127175368139223,31.000654022236755,32.429022082018925,29.660512209648598,0.8469528876146981,-2.768509872370327,0,33.49972268441486
966,אבו רובייעה (שבט),4484,15.767366720516963,20.445459737292975,19.418218933401377,36.92269076305221,37.53694581280788,23.169864960909734,7.402498240392772,-14.367080851898145,0,33.36306868867083
967,אבו ג'ווייעד (שבט,2279,15.038115038115038,19.440993788819878,14.360313315926893,27.63895971443141,29.484638255698712,16.007445323406237,0.9693302852911998,-13.477192932292475,0,24.089512944273807
968,אבו קורינאת (שבט),3386,27.661357921207042,28.268156424581004,21.86539118551418,41.0204766700235,43.990780375370434,31.69433134982775,4.032973428620707,-12.296449025542685,0,35.88304784406379
969,עטאוונה (שבט),116,23.387096774193548,47.89915966386555,4.504504504504505,39.285714285714285,28.18181818181818,12.389380530973451,-10.997716243220097,-15.792437650844729,0,29.310344827586203
970,תראבין א-צאנע (שב,582,16.78082191780822,16.588419405320813,5.241935483870968,6.457925636007827,9.230769230769232,10.43956043956044,-6.3412614782477785,1.208791208791208,0,12.714776632302405
972,קוואעין (שבט),554,25.40983606557377,74.818401937046,13.771186440677965,19.789473684210527,24.130879345603272,22.823984526112184,-2.5858515394615864,-1.306894819491088,0,25.09025270758123
975,זרזיר,5760,48.74651810584958,48.66148531951641,36.15678776290631,48.76391772032459,53.36439888164026,34.378943573102575,-14.367574532747007,-18.985455308537688,0,44.392361111111114
976,ג'נאביב (שבט),564,38.907849829351534,38.226299694189606,34.598214285714285,44.90238611713666,44.14225941422594,31.3953488372093,-7.5125009921422325,-12.746910577016639,0,40.78014184397163
978,כעביה-טבאש-חג'אג',3989,56.65041782729805,46.474773609314354,43.42729556237789,56.89512799339389,60.01626457034427,40.451799317047545,-16.198618510250505,-19.564465253296724,0,56.3549761845074
990,ראס עלי,444,59.27152317880795,62.5,40.51282051282051,59.60099750623441,70.44334975369459,43.39622641509434,-15.875296763713614,-27.04712333860025,0,53.6036036036036
993,חמאם,1230,39.319872476089266,50.0,37.115215479331574,48.702422145328725,56.22317596566524,34.08521303258145,-5.234659443507816,-22.13796293308379,0,48.45528455284553
994,מנשית זבדה,927,59.90853658536586,65.15775034293553,50.5441354292624,61.04513064133017,69.60093896713614,44.69525959367946,-15.2132769916864,-24.905679373456685,0,53.182308522114354
997,רומת הייב,1481,34.75887170154686,39.126784214945424,39.45986496624156,43.42688330871492,47.58771929824561,35.99153140437544,1.2326597028285846,-11.596187893870166,0,43.61917623227549
998,ביר אל-מכסור,6991,44.07171775592828,48.84933477166487,31.701520912547526,48.335427135678394,55.21812856482195,39.19282511210762,-4.878892643820663,-16.025303452714333,0,61.493348591045624
1015,מבשרת ציון,19755,71.6800695500978,74.91049003366643,73.56790843092575,71.80924183144761,71.73247466216216,69.71500156592546,-1.965067984172336,-2.0174730962366993,0,71.3287775246773
1020,אור עקיבא,17133,52.45611551528879,64.06816781876668,62.970360824742265,62.729124236252545,64.58085146404163,59.3811394891945,6.925023973905709,-5.199711974847126,0,63.940932702970876
1024,חרוצים,615,72.46376811594203,77.46967071057192,75.68493150684932,76.60311958405546,77.34513274336283,74.65034965034964,2.1865815344076083,-2.6947830930131857,1,76.91056910569107
1031,שדרות,23403,55.58055539108295,62.56586483390607,64.7713598074609,64.19356433196579,65.39708657987707,59.797139384874264,4.2165839937913105,-5.599947195002805,0,65.55569798743751
1034,קרית מלאכי,17963,61.246373155039734,68.00848779878925,66.77119697059346,67.75613190940031,69.36523607642721,62.46496997426365,1.2185968192239187,-6.900266102163556,0,70.50604019373155
1041,נצאצרה (שבט),345,78.91373801916933,43.553008595988544,29.153605015673982,46.875,55.3125,35.01483679525222,-43.89890122391711,-20.297663204747778,0,40.57971014492754
1043,גיזו,150,81.74603174603175,80.31496062992126,79.72027972027972,79.3103448275862,77.3972602739726,81.33333333333333,-0.41269841269841834,3.936073059360723,1,79.33333333333333
1044,יעף,185,89.60000000000001,86.7132867132867,86.47058823529412,84.24242424242424,81.87134502923976,77.14285714285715,-12.457142857142856,-4.728487886382609,1,72.43243243243244
1045,שתולה,240,65.29680365296804,71.55555555555554,73.568281938326,66.3716814159292,70.43478260869566,64.62882096069869,-0.6679826922693479,-5.805961647996966,0,69.16666666666667
1046,אוהד,280,70.56277056277057,76.95473251028807,73.91304347826086,67.31517509727627,69.28838951310861,68.04511278195488,-2.517657780815682,-1.2432767311537276,0,71.42857142857143
1047,חזון,255,73.17073170731707,79.04411764705883,80.6083650190114,82.74509803921568,88.32684824902724,78.68217054263566,5.511438835318586,-9.644677706391576,1,86.66666666666667
1050,בית חשמונאי,1525,78.19940476190477,79.63369963369964,77.4061433447099,76.27688172043011,75.50471063257066,75.7152361942781,-2.484168567626668,0.21052556170744197,1,77.90163934426229
1051,תלמי אליהו,232,52.459016393442624,65.56016597510373,64.06926406926407,58.82352941176471,59.44700460829493,60.26200873362445,7.802992340181824,0.8150041253295157,0,64.22413793103449
1052,קטורה,453,46.51162790697674,50.33557046979866,55.00000000000001,53.546910755148744,51.369863013698634,50.66666666666667,4.15503875968993,-0.7031963470319624,0,49.22737306843267
1054,תל שבע,10918,43.675691161724686,47.44620171117449,30.90674133103597,54.8638953365689,57.57513167406796,42.743577314590404,-0.932113847134282,-14.831554359477558,0,53.306466385784944
1057,נווה זוהר,57,38.88888888888889,56.33802816901409,37.93103448275862,62.5,38.18181818181819,45.45454545454545,6.56565656565656,7.272727272727266,0,33.33333333333333
1058,שדה ניצן,391,53.799392097264445,55.72755417956656,59.22865013774105,59.01639344262295,57.96703296703297,56.98924731182796,3.189855214563515,-0.977785655205011,0,58.31202046035806
1059,כסיפה,9552,50.65408180162279,48.78378378378378,41.34532462732536,58.628585201253316,60.93072324463721,46.81257014590348,-3.8415116557193087,-14.118153098733728,0,55.61139028475712
1060,לקיה,8671,63.881603596852756,44.843646041250835,22.94318959616701,46.25586068318821,49.54978467962939,40.059977508434336,-23.82162608841842,-9.489807171195054,0,47.45704071041402
1061,נצרת עילית,40467,53.079096764339,57.78391792667639,55.18303548699149,56.28249017370356,56.679046969352434,50.464177598385476,-2.6149191659535234,-6.214869370966959,0,52.79857661798503
1063,מעלות-תרשיחא,18917,61.29922391491808,66.76310415248469,59.620520810149124,62.53584822413413,63.64974646965814,58.25201072386059,-3.0472131910574873,-5.397735745797547,0,60.70730031188878
1064,אמירים,628,75.05154639175258,75.44204322200393,71.55025553662692,67.49174917491749,67.15927750410509,63.888888888888886,-11.162657502863695,-3.2703886152162056,0,60.668789808917204
1065,זמרת,400,79.16666666666666,82.67148014440433,88.95027624309392,91.00817438692098,92.43243243243244,86.23376623376623,7.067099567099575,-6.198666198666203,1,88.75
1066,"בני עי""ש",5695,64.77512297962052,70.41934922568296,66.33834456540522,66.21457137889062,65.30859916782246,61.11304347826086,-3.6620795013596563,-4.195555689561601,0,62.63388937664618
1067,"דוב""ב",357,59.0778097982709,63.08139534883721,70.19498607242339,69.35933147632312,69.25207756232687,66.4804469273743,7.402637129103404,-2.7716306349525723,0,69.187675070028
1068,אדמית,369,42.80442804428044,54.794520547945204,55.08474576271186,55.46218487394958,55.08474576271186,54.34173669467787,11.537308650397428,-0.7430090680339916,0,55.55555555555556
1069,רם-און,687,82.78985507246377,80.24475524475524,77.32919254658384,77.43431221020093,74.84662576687117,76.00596125186289,-6.7838938206008805,1.1593354849917148,1,72.7802037845706
1070,אביעזר,618,79.25764192139738,82.02020202020202,78.68561278863233,78.46975088967972,77.12305025996534,78.02385008517888,-1.2337918362185007,0.9007998252135394,1,80.42071197411003
1071,נווה מיכאל,488,72.78287461773701,76.85950413223141,77.17391304347827,77.7537796976242,81.5845824411135,71.24735729386892,-1.535517323868092,-10.337225147244581,1,76.84426229508196
1072,גן הדרום,344,80.0,86.8421052631579,80.4093567251462,80.05780346820809,81.74157303370787,76.0,-4.0,-5.741573033707866,1,77.90697674418605
1077,גבעת שפירא,226,79.8913043478261,82.85714285714286,79.24528301886792,78.30188679245283,80.0,77.6255707762557,-2.2657335715703937,-2.3744292237443005,1,78.31858407079646
1079,צפרירים,332,63.53383458646616,72.69503546099291,66.66666666666666,71.14754098360656,67.42671009771986,69.90595611285266,6.3721215263865005,2.4792460151328015,0,68.07228915662651
1080,מבועים,942,67.96973518284993,73.17365269461078,74.61538461538461,69.74972796517955,72.32432432432432,65.77253218884121,-2.1972029940087197,-6.551792135483112,1,72.92993630573248
1081,אבן מנחם,278,61.50943396226415,74.81203007518798,71.02473498233216,69.44444444444444,68.68327402135232,69.0909090909091,7.581475128644946,0.4076350695567754,0,69.7841726618705
1082,מעגלים,1090,76.61870503597122,82.7968923418424,84.55672068636797,80.09433962264151,81.47448015122873,79.51582867783985,2.8971236418686317,-1.9586514733888833,1,81.28440366972477
1083,תושיה,362,87.98076923076923,87.3076923076923,81.36645962732919,77.91798107255521,80.37974683544303,76.55786350148368,-11.422905729285546,-3.8218833339593488,1,75.41436464088397
1084,בן שמן (כפר נוער),245,64.9789029535865,70.46413502109705,69.91525423728814,70.3862660944206,70.76271186440678,65.8119658119658,0.8330628583793072,-4.9507460524409765,0,67.75510204081633
1085,כרם שלום,153,43.67816091954023,50.526315789473685,53.96825396825397,50.73529411764706,56.55172413793104,49.668874172185426,5.990713252645193,-6.8828499657456135,0,58.16993464052288
1094,כרם יבנה (ישיבה),138,90.72847682119205,90.74074074074075,88.60759493670885,88.53503184713377,91.71974522292994,80.51948051948052,-10.208996301711522,-11.20026470344942,1,84.78260869565217
1095,כפר מימון,484,88.8283378746594,85.35211267605634,83.78378378378379,81.56028368794325,80.87557603686636,80.26905829596413,-8.559279578695268,-0.606517740902234,1,76.85950413223141
1098,מרכז שפירא,1620,81.87772925764192,84.6433770014556,85.33619456366237,80.96935138987882,80.61581525542337,79.79933110367892,-2.0783981539629934,-0.8164841517444472,1,81.2962962962963
1102,צוקי ים,193,73.42657342657343,76.07361963190185,75.31645569620254,70.37037037037037,72.12121212121212,71.95767195767195,-1.4689014689014783,-0.1635401635401763,0,68.39378238341969
1103,גני הדר,286,74.64788732394366,81.6593886462882,79.43548387096774,79.296875,78.29457364341084,77.00729927007299,2.3594119461293275,-1.2872743733378513,1,79.02097902097903
1104,פוריה - כפר עבודה,287,59.375,69.28838951310861,69.81132075471697,65.41353383458647,69.43396226415094,62.92134831460674,3.546348314606739,-6.512613949544196,0,67.24738675958189
1105,פוריה - נווה עובד,1055,63.2183908045977,67.3913043478261,70.3030303030303,68.84422110552764,69.47988223748773,64.47241045498548,1.2540196503877752,-5.00747178250225,0,68.81516587677726
1108,אומן,499,54.347826086956516,59.19732441471572,60.23054755043228,62.25352112676056,62.94277929155313,64.40677966101694,10.058953574060425,1.464000369463811,0,67.93587174348697
1110,חבר,501,65.9090909090909,71.91489361702128,66.66666666666666,72.46376811594203,71.54696132596685,70.17114914425427,4.262058235163366,-1.3758121817125755,0,72.2554890219561
1112,יודפת,668,79.15690866510539,80.25751072961373,81.49405772495756,77.0764119601329,79.86906710310966,78.330658105939,-0.8262505591663967,-1.538408997170663,1,75.2994011976048
1113,צור הדסה,6616,76.7083454492585,78.59222016406456,78.59629833241708,76.04384133611691,74.84713270533796,74.05831363278172,-2.6500318164767833,-0.7888190725562367,1,73.98730350665055
1114,שריגים (לי-און),779,72.03007518796993,74.85875706214689,75.52275522755227,71.32442284325637,69.8159509202454,68.64197530864197,-3.388099879327953,-1.1739756116034243,0,67.26572528883183
1115,אביבים,347,63.49206349206349,68.45238095238095,74.09638554216868,71.55963302752293,74.09638554216868,71.05263157894737,7.560568086883883,-3.043753963221306,1,78.09798270893373
1123,אדרת,609,74.02298850574712,76.90763052208835,74.86338797814209,71.35135135135135,71.75438596491229,68.94197952218431,-5.0810089835628105,-2.8124064427279762,1,72.74220032840722
1124,נאות הכיכר,225,70.37037037037037,68.68686868686868,69.66824644549763,69.62616822429906,61.53846153846154,65.0,-5.370370370370367,3.46153846153846,0,64.88888888888889
1125,אלמגור,300,80.63241106719367,82.08333333333333,81.33802816901408,80.96885813148789,74.48979591836735,78.64406779661017,-1.9883432705834991,4.154271878242824,1,73.33333333333333
1126,אילות,276,68.5823754789272,62.40601503759399,65.86345381526104,65.33864541832669,64.82213438735178,63.77358490566037,-4.808790573266833,-1.0485494816914098,0,61.23188405797102
1127,מעלה גלבוע,386,80.98859315589354,82.50825082508251,84.61538461538461,81.69014084507043,80.55555555555556,80.65395095367847,-0.3346422022150648,0.09839539812291775,1,80.31088082901555
1128,מי עמי,259,82.88288288288288,84.0,81.49606299212599,80.078125,77.64705882352942,73.046875,-9.836007882882882,-4.60018382352942,1,76.06177606177607
1129,גרופית,292,62.82894736842105,63.82252559726962,63.02816901408451,61.245674740484425,58.47750865051903,58.45070422535211,-4.378243143068936,-0.02680442516691528,0,56.849315068493155
1130,כפר רוזנואלד (זרע,222,65.625,74.74747474747475,69.36936936936937,62.44343891402715,67.72727272727272,65.625,0.0,-2.1022727272727195,0,70.72072072072072
1132,שניר,493,75.37688442211056,74.93734335839599,75.94339622641509,71.83098591549296,71.26436781609196,74.78070175438597,-0.5961826677245909,3.516333938294011,1,72.61663286004057
1133,ורדון,214,71.20418848167539,81.08108108108108,78.08219178082192,70.64220183486239,77.47747747747748,65.89861751152074,-5.305570970154648,-11.578859965956738,1,72.89719626168224
1136,צוחר,466,57.27002967359051,68.26196473551637,72.40618101545255,67.5,67.55555555555556,61.8421052631579,4.57207558956739,-5.71345029239766,0,63.0901287553648
1137,קרית יערים,3496,74.17007730786722,76.34003350083752,75.23481527864746,77.79469996954006,77.34093637454981,73.72456502506635,-0.44551228280086264,-3.616371349483458,1,77.80320366132723
1138,יעד,628,79.6008869179601,78.74762808349146,77.91970802919708,72.84172661870504,72.72727272727273,75.0,-4.600886917960096,2.2727272727272663,0,70.85987261146497
1139,כרמיאל,42065,59.03212770256617,63.0816285599679,60.55682204006403,59.30426379997584,59.371370499419285,56.582477341389726,-2.4496503611764453,-2.788893158029559,0,57.12587661951741
1140,מדרשת בן גוריון,1147,74.05714285714285,75.564681724846,75.37117903930131,71.54115586690017,70.52631578947368,70.88716623600344,-3.169976621139412,0.36085044652975284,0,67.21883173496077
1141,מבוא מודיעים,176,63.78378378378379,65.59139784946237,65.21739130434783,56.613756613756614,55.932203389830505,53.672316384180796,-10.111467399602994,-2.259887005649709,0,58.52272727272727
1145,אלומה,612,89.12280701754386,88.52459016393442,86.10271903323263,86.33540372670807,84.84848484848484,84.04907975460122,-5.07372726294264,-0.799405093883621,1,86.76470588235294
1146,עלומים,347,84.27672955974843,75.94202898550725,80.34682080924856,75.64469914040114,76.58959537572254,74.65181058495823,-9.624918974790205,-1.9377847907643115,0,71.75792507204612
1147,נטועה,257,67.54385964912281,81.61434977578476,76.66666666666667,75.6198347107438,76.13168724279835,73.44398340248964,5.900123753366827,-2.687703840308714,1,75.09727626459144
1148,צור נתן,228,74.8792270531401,79.53488372093022,74.78260869565217,74.12280701754386,72.80701754385966,75.55555555555556,0.6763285024154584,2.7485380116958993,0,68.85964912280701
1149,עזר,609,73.05863708399366,77.69110764430577,79.42122186495176,77.20125786163521,77.15654952076677,76.61290322580645,3.554266141812789,-0.5436462949603253,1,76.68308702791461
1150,צופר,383,77.22419928825623,79.48717948717949,76.34730538922156,72.14076246334311,75.85227272727273,63.988919667590025,-13.235279620666205,-11.863353059682709,0,65.53524804177546
1151,פארן,398,73.63896848137536,74.65564738292011,75.82417582417582,71.03825136612022,70.27027027027027,72.20779220779221,-1.431176273583148,1.937521937521936,0,67.08542713567839
1152,אשלים,437,66.77966101694915,74.91749174917491,75.45219638242894,72.82051282051282,73.34963325183375,67.1264367816092,0.3467757646600518,-6.223196470224551,0,69.79405034324942
1153,כישור,131,76.76767676767676,78.50467289719626,76.66666666666667,78.68852459016394,74.19354838709677,72.0,-4.767676767676761,-2.1935483870967687,1,74.04580152671755
1155,מגן שאול,413,68.47133757961782,76.0233918128655,80.58510638297872,80.20833333333334,81.60621761658031,72.279792746114,3.8084551664961737,-9.326424870466312,1,79.66101694915254
1156,סמר,239,62.78195488721805,65.64625850340136,64.62882096069869,65.63876651982379,63.91304347826087,60.16949152542372,-2.612463361794326,-3.7435519528371444,0,52.719665271966534
1157,אחווה,181,79.55801104972376,81.00558659217877,77.00534759358288,77.6595744680851,77.29729729729729,79.23497267759562,-0.32303837212813846,1.9376753802983302,1,75.69060773480662
1158,יהל,224,49.76958525345622,50.0,55.140186915887845,58.71559633027523,55.76036866359447,60.550458715596335,10.780873462140114,4.790090052001865,0,58.92857142857143
1160,שכניה,623,80.08048289738431,74.37858508604207,78.98193760262726,78.14029363784665,75.81168831168831,72.12317666126418,-7.957306236120132,-3.6885116504241324,1,72.87319422150883
1161,רהט,38346,56.5712604547556,58.17207951416393,49.61705268985882,59.541019154318754,66.33418660075911,47.77709428475562,-8.794166169999983,-18.55709231600349,0,60.60866843999374
1162,בית רימון,448,83.53909465020575,85.15901060070671,87.5,84.02061855670104,82.56410256410255,81.81818181818183,-1.7209128320239273,-0.7459207459207278,1,83.48214285714286
1163,מורן,376,74.65753424657534,79.0,76.57657657657657,76.26112759643917,75.44910179640718,76.28571428571429,1.6281800391389538,0.8366124893071145,1,75.0
1165,שילת,529,85.29411764705883,84.57831325301206,80.99173553719008,80.04115226337449,80.36072144288578,79.88165680473372,-5.412460842325103,-0.47906463815205313,1,78.26086956521739
1166,כפר רות,190,82.16216216216216,86.66666666666667,82.16216216216216,84.12698412698413,80.54054054054053,82.19895287958116,0.0367907174189952,1.6584123390406234,1,79.47368421052632
1167,קיסריה,5448,66.05876393110435,67.62062440870388,66.01005867560771,64.43214432144322,64.71896482005661,64.1418055017435,-1.9169584293608466,-0.5771593183131074,0,63.45447870778267
1169,הוואשלה (שבט),1202,39.721254355400696,41.21835443037975,35.78947368421053,50.61494796594135,54.096834264432026,45.1067615658363,5.385507210435605,-8.990072698595725,0,52.57903494176372
1170,סייד (שבט),970,37.44588744588744,41.52488972904852,17.087155963302752,22.742857142857144,30.846325167037865,25.59652928416486,-11.849358161722584,-5.249795882873006,0,33.4020618556701
1171,לוטם,533,70.94017094017094,76.99757869249395,73.17073170731707,70.21696252465483,71.25748502994011,68.37944664031622,-2.5607242998547264,-2.878038389623896,0,68.10506566604127
1172,תובל,324,69.03914590747331,69.04024767801857,65.77540106951871,67.9245283018868,66.49076517150397,64.88294314381271,-4.156202763660602,-1.607822027691256,0,60.49382716049383
1173,לפידות,118,67.6923076923077,73.80952380952381,73.17073170731707,74.4186046511628,73.07692307692307,72.8,5.107692307692304,-0.27692307692306883,1,77.96610169491525
1174,מנוף,672,73.22515212981745,74.95495495495496,74.09733124018838,72.85276073619632,70.33639143730886,71.27496159754224,-1.950190532275201,0.9385701602333825,0,68.30357142857143
1175,עידן,340,62.083333333333336,66.79536679536679,63.85135135135135,60.810810810810814,58.053691275167786,56.12903225806451,-5.954301075268823,-1.9246590171032736,0,58.529411764705884
1176,ספיר,360,60.99290780141844,69.8581560283688,63.31168831168831,63.862928348909655,59.337349397590366,56.73352435530086,-4.259383446117582,-2.6038250422895075,0,57.77777777777777
1177,טללים,455,75.22935779816514,79.00552486187846,72.34726688102894,68.01242236024845,70.9090909090909,66.19718309859155,-9.032174699573588,-4.711907810499355,0,68.57142857142857
1178,מורשת,1120,83.9943342776204,85.94132029339853,79.54309449636553,76.63645518630413,76.3,75.7318224740321,-8.262511803588296,-0.5681775259678972,0,71.875
1179,קורנית,656,80.0369685767098,77.89473684210526,81.42857142857143,75.5980861244019,73.80952380952381,76.71875,-3.3182185767097963,2.90922619047619,0,71.4939024390244
1180,צביה,270,76.76348547717843,76.82403433476395,76.60377358490567,68.91385767790263,73.88059701492537,73.06273062730627,-3.700754849872169,-0.8178663876191052,0,70.37037037037037
1181,טל-אל,1005,80.49490538573508,79.58387516254876,74.94577006507592,73.54211663066955,74.51820128479658,74.29760665972945,-6.197298726005627,-0.2205946250671218,1,72.93532338308458
1182,אלון הגליל,865,76.95783132530121,78.77492877492878,80.55555555555556,77.41545893719807,74.15458937198068,76.94117647058823,-0.016654854712982115,2.786587098607555,0,70.7514450867052
1183,כליל,577,74.4186046511628,78.27298050139275,76.13636363636364,74.16481069042317,73.03609341825901,76.41129032258065,1.9926856714178598,3.3751969043216405,0,66.72443674176776
1184,מתת,178,69.40298507462687,74.82993197278913,68.125,65.16129032258064,65.40880503144653,65.51724137931035,-3.8857436953165205,0.10843634786381529,0,57.865168539325836
1186,הושעיה,1449,82.06039076376554,77.83333333333333,81.11940298507463,78.60843819393043,75.83697234352256,75.56179775280899,-6.498593010956554,-0.27517459071357564,0,72.2567287784679
1188,אשחר,681,83.06636155606407,78.27868852459017,80.96828046744574,78.125,75.32258064516128,77.06708268330733,-5.999278872756733,1.7445020381460523,0,71.95301027900148
1190,מצפה נטופה,680,79.78947368421052,79.85480943738656,78.45911949685535,75.19623233908949,73.9403453689168,74.28571428571429,-5.5037593984962285,0.34536891679749715,0,71.76470588235294
1191,בר יוחאי,712,74.29378531073446,79.66903073286052,69.01172529313233,69.47194719471948,73.48242811501598,61.63328197226502,-12.660503338469447,-11.84914614275096,0,66.57303370786516
1192,ערערה-בנגב,9791,65.527950310559,57.53278438548338,56.54507746736611,52.3695833830727,59.55043093407873,48.10989010989011,-17.418060200668897,-11.440540824188624,0,57.18517005413134
1197,נאות סמדר,268,61.81229773462783,60.36036036036037,58.984375,60.91954022988506,57.692307692307686,61.06870229007634,-0.7435954445514952,3.376394597768652,0,57.83582089552238
1198,כרמים,234,78.37837837837837,76.61290322580645,79.12621359223301,109.478672985782,78.13953488372093,80.82191780821918,2.4435394298408113,2.682382924498256,1,76.92307692307693
1199,עדי,1506,74.54401268834259,80.26706231454006,77.079107505071,75.70469798657719,74.44668008048289,76.41891891891892,1.8749062305763289,1.9722388384360272,1,73.50597609561753
1200,מודיעין-מכבים-רעו,69212,78.73175325694554,80.44579348680722,78.07160292921074,76.25910853024916,76.05479364978467,74.9164289876407,-3.8153242693048384,-1.138364662143971,1,74.69080506270589
1201,כמון,577,77.04545454545455,82.41525423728814,75.93984962406014,74.29111531190927,74.25373134328358,77.16814159292036,0.12268704746581705,2.914410249636788,0,70.8838821490468
1202,מכמנים,393,81.54506437768241,79.47761194029852,77.42857142857143,73.46368715083798,72.97297297297297,72.5130890052356,-9.031975372446809,-0.45988396773736895,0,70.73791348600508
1203,הררית,423,69.49152542372882,79.91967871485943,76.87687687687688,73.76093294460642,75.63739376770539,76.31578947368422,6.824264049955403,0.6783957059788293,1,73.75886524822694
1204,גילון,937,79.11949685534591,78.13953488372093,77.36063708759954,74.69066366704162,75.0,73.9784946236559,-5.14100223169001,-1.0215053763440949,0,71.82497331910352
1205,מנות,370,67.56756756756756,76.02523659305994,74.21203438395415,76.23188405797102,75.71428571428571,74.30167597765363,6.7341084100860655,-1.4126097366320778,1,74.05405405405405
1206,גיתה,222,74.45652173913044,72.82608695652173,69.54314720812182,68.1592039800995,68.4729064039409,67.96116504854369,-6.495356690586746,-0.5117413553972057,0,65.31531531531532
1207,לבון,550,77.07006369426752,81.55619596541787,78.37209302325581,75.63805104408353,74.49664429530202,71.97452229299363,-5.095541401273891,-2.522122002308393,0,72.0
1208,הילה,509,74.40758293838863,77.60180995475113,73.79454926624737,70.60041407867494,68.37782340862422,66.73306772908366,-7.674515209304971,-1.644755679540566,0,64.83300589390963
1209,חרשים,249,72.88135593220339,74.47916666666666,81.25,77.13004484304933,75.79908675799086,79.14893617021276,6.267580238009373,3.3498494122219,1,75.1004016064257
1210,כחל,364,71.8978102189781,75.17006802721087,75.21613832853026,72.57142857142857,72.72727272727273,73.59550561797754,1.6976953989994428,0.8682328907048031,1,74.17582417582418
1211,קדרים,208,70.47619047619048,68.50393700787401,72.72727272727273,68.33333333333333,73.40425531914893,72.3076923076923,1.831501831501825,-1.0965630114566238,0,65.38461538461539
1212,עמוקה,156,69.46107784431138,68.62745098039215,74.65753424657534,74.10071942446042,67.83216783216784,70.06802721088435,0.6069493665729766,2.235859378716512,0,66.66666666666666
1214,טפחות,259,81.69642857142857,78.00829875518673,78.96825396825396,81.22448979591836,82.52032520325203,80.3921568627451,-1.3042717086834728,-2.1281683405069316,1,77.60617760617761
1219,גורנות הגליל,199,52.28758169934641,67.29559748427673,68.04733727810651,64.63414634146342,65.45454545454545,61.93181818181818,9.644236482471769,-3.5227272727272734,0,63.31658291457286
1220,אבירים,235,78.39506172839506,76.875,79.27461139896373,69.23076923076923,76.19047619047619,68.32579185520362,-10.069269873191445,-7.864684335272571,0,64.68085106382979
1221,צורית,755,80.1418439716312,81.83421516754849,74.2296918767507,76.09001406469761,77.25381414701803,75.81967213114754,-4.322171840483662,-1.434142015870492,1,74.3046357615894
1222,"מצפה אבי""ב",744,77.04918032786885,80.65573770491802,80.76923076923077,76.39664804469274,74.79452054794521,78.54251012145748,1.4933297935886287,3.747989573512271,1,76.47849462365592
1223,שדי אברהם,264,72.22222222222221,73.45132743362832,73.6,71.6,74.10358565737052,72.2007722007722,-0.02145002145000774,-1.9028134565983095,0,64.01515151515152
1224,כוכב יאיר,7829,78.18205529473136,78.34362139917695,77.61579151077281,75.28757916505106,74.97079060106452,75.30338239091144,-2.8786729038199184,0.33259178984691573,1,72.98505556265168
1226,יובלים,1055,78.24675324675324,82.50265111346765,81.34556574923548,77.96954314720811,76.08476286579213,77.5691699604743,-0.6775832862789457,1.4844070946821688,1,73.45971563981043
1227,יתד,373,68.75,75.74468085106383,74.84662576687117,74.09638554216868,75.58823529411765,75.0,6.25,-0.5882352941176521,1,74.53083109919572
1228,רקפת,787,79.421768707483,85.37360890302067,75.30364372469636,81.32147395171538,74.27490542244641,72.03495630461923,-7.386812402863768,-2.23994911782718,1,73.18932655654383
1229,כלנית,187,74.39024390243902,76.74418604651163,76.63043478260869,82.79569892473118,82.88770053475936,73.15789473684211,-1.232349165596915,-9.729805797917251,1,81.28342245989305
1230,לבנים,353,69.70684039087948,70.47619047619048,74.30340557275542,69.75308641975309,74.53416149068323,72.64437689969606,2.937536508816578,-1.8897845909871762,0,69.97167138810198
1231,פרי גן,177,70.76923076923077,75.0,68.51851851851852,70.1219512195122,65.47619047619048,57.14285714285714,-13.626373626373635,-8.333333333333343,0,64.40677966101694
1232,יבול,227,77.13178294573643,80.99547511312217,82.52427184466019,76.84729064039408,76.9607843137255,77.10280373831776,-0.028979207418672104,0.14201942459226302,0,72.24669603524228
1233,שקף,323,83.08823529411765,86.43533123028391,79.43262411347519,80.14440433212997,81.56996587030717,83.72093023255815,0.6326949384404941,2.150964362250974,1,78.94736842105263
1234,קבועה (שבט),822,31.59851301115242,33.44155844155844,26.795580110497237,55.20974289580515,57.02917771883289,32.82442748091603,1.2259144697636088,-24.204750237916862,0,41.48418491484185
1235,שורשים,456,71.47435897435898,76.25698324022346,73.79134860050891,70.57356608478803,70.57356608478803,68.5579196217494,-2.916439352609572,-2.015646463038621,0,69.95614035087719
1236,נירית,882,82.99681190223167,81.64556962025317,79.87654320987654,74.43249701314217,77.15311004784688,77.08578143360752,-5.911030468624148,-0.06732861423935788,1,72.78911564625851
1237,תלמי יוסף,275,68.0672268907563,70.042194092827,67.70428015564202,61.74242424242424,57.99256505576208,60.88560885608856,-7.181618034667743,2.893043800326481,0,60.72727272727273
1238,סופה,189,67.41573033707866,75.0,64.32432432432432,60.65573770491803,59.13978494623656,61.49732620320856,-5.918404133870098,2.3575412569719987,0,56.613756613756614
1239,חולית,141,62.264150943396224,65.32258064516128,69.17293233082707,68.93939393939394,72.18045112781954,67.15328467153284,4.8891337281366205,-5.027166456286693,0,65.95744680851064
1240,עין הבשור,759,78.5031847133758,80.27950310559007,76.40603566529492,76.27586206896552,74.20689655172413,73.86519944979368,-4.637985263582124,-0.3416971019304498,0,69.56521739130434
1241,דקל,280,64.61538461538461,68.04979253112033,72.86821705426357,64.15094339622641,67.77777777777779,67.50902527075813,2.893640655373517,-0.2687525070196557,0,63.21428571428571
1242,נתיב העשרה,742,79.23875432525952,84.51178451178451,80.06088280060882,78.33827893175074,76.38483965014578,77.33711048158641,-1.9016438436731136,0.9522708314406287,1,77.088948787062
1243,קציר,2310,69.56762749445676,70.57026476578412,70.78959379278868,69.87410071942446,67.66169154228857,67.26872246696036,-2.298905027496403,-0.39296907532821024,0,64.67532467532467
1244,תמרת,1164,77.72277227722772,80.03314001657,80.01679261125105,76.01351351351352,76.80412371134021,78.0550774526678,0.33230517544008364,1.2509537413275922,1,73.4536082474227
1245,סלמה,2445,45.21889400921659,54.177754124534324,44.78640330730363,55.74141048824593,63.143872113676736,45.86723768736617,0.6483436781495797,-17.276634426310565,0,54.151329243353786
1246,עראמשה,1086,27.24177071509648,47.09051724137931,34.22354104846686,30.294117647058822,53.352769679300295,34.11875589066918,6.876985175572699,-19.234013788631117,0,46.500920810313076
1247,חריש,17269,69.72318339100346,68.70860927152319,74.68075737560545,74.65646199339015,72.58404838936559,67.89579893597505,-1.8273844550284082,-4.68824945339054,0,71.39961781226475
1249,הרדוף,450,81.07255520504731,81.11111111111111,83.04668304668304,78.15533980582524,77.53086419753087,76.8321513002364,-4.240403904810904,-0.6987128972944703,0,68.66666666666667
1251,עין תמר,158,77.41935483870968,75.0,65.73426573426573,54.861111111111114,64.62585034013605,64.86486486486487,-12.55448997384481,0.239014524728816,0,62.0253164556962
1252,כורזים,345,71.25382262996942,69.96996996996997,73.51190476190477,66.3716814159292,64.28571428571429,64.49704142011834,-6.756781209851084,0.21132713440404416,0,65.5072463768116
1253,אמנון,353,63.983050847457626,69.42148760330579,79.00763358778626,73.50746268656717,73.44262295081967,65.28189910979229,1.2988482623346655,-8.160723841027377,0,69.68838526912181
1254,נטף,377,74.0506329113924,76.48809523809523,82.40223463687151,78.93258426966293,71.30434782608695,76.6016713091922,2.5510383977998004,5.297323483105245,1,75.3315649867374
1255,לוטן,179,61.34453781512605,61.59420289855072,54.385964912280706,56.60377358490566,55.06329113924051,58.43373493975904,-2.910802875367011,3.3704438005185295,0,53.63128491620112
1256,אשרת,470,67.14697406340058,79.50138504155125,75.18427518427518,70.64439140811456,72.26107226107226,74.94356659142211,7.7965925280215345,2.6824943303498543,1,72.76595744680851
1257,חנתון,558,77.59103641456583,78.77358490566037,75.57692307692308,75.80340264650283,75.56390977443608,74.76808905380335,-2.822947360762484,-0.795820720632733,1,74.01433691756273
1258,מסד,382,68.6842105263158,76.37362637362637,76.62337662337663,69.79166666666666,71.89189189189189,74.47916666666666,5.7949561403508625,2.5872747747747695,1,74.3455497382199
1259,נווה שלום,253,78.39506172839506,79.53216374269006,70.73170731707317,78.87323943661971,76.0,77.39130434782608,-1.0037573805689846,1.391304347826079,1,73.51778656126481
1260,רתמים,276,84.5679012345679,87.62376237623762,82.48847926267281,83.33333333333334,82.62711864406779,84.84848484848484,0.28058361391694575,2.221366204417052,1,79.71014492753623
1261,הר עמשא,130,74.31192660550458,77.9874213836478,71.69811320754717,65.42056074766354,71.30434782608695,74.16666666666667,-0.14525993883790989,2.862318840579718,0,69.23076923076923
1262,צוקים,222,86.91588785046729,79.25925925925927,76.53631284916202,73.03370786516854,72.63157894736842,66.50246305418719,-20.413424796280097,-6.129115893181236,0,59.009009009009006
1263,כפר ורדים,4780,74.8816234498309,74.70454545454545,74.01372212692966,70.87524074470362,69.99136442141624,69.22259983007648,-5.6590236197544215,-0.7687645913397603,0,66.15062761506276
1264,כרמי יוסף,1420,77.81665500349895,79.61918194640339,77.67605633802816,75.70422535211267,76.36234961075725,77.87985865724382,0.06320365374486414,1.5175090464865661,1,73.87323943661971
1265,שומריה,354,87.5,87.83269961977186,82.51533742331289,83.03571428571429,83.53293413173652,75.72254335260115,-11.77745664739885,-7.810390779135375,1,78.24858757062147
1268,מיתר,8021,76.36430005475452,76.9445413324032,76.73414706757964,74.39724454649827,74.29130009775172,73.14263011521652,-3.2216699395380033,-1.1486699825351963,1,72.3849894028176
1271,להבים,5518,76.92984385308995,78.24894514767932,78.13848366550236,75.86978636826043,75.71111559410933,73.35271317829456,-3.5771306747953844,-2.3584024158147656,0,70.78651685393258
1272,חלוץ,454,68.6411149825784,69.25373134328359,70.67669172932331,66.01941747572816,65.3012048192771,69.01408450704226,0.3729695244638549,3.7128796877651524,0,65.19823788546255
1274,גן נר,2178,69.55517042172154,74.27517132314179,72.81368821292776,71.32003798670465,71.01380295097573,68.72676579925651,-0.8284046224650297,-2.2870371517192183,0,69.88062442607898
1275,אבטליון,323,77.36842105263158,82.09606986899564,75.40983606557377,76.39344262295083,75.64935064935064,73.10126582278481,-4.2671552298467645,-2.5480848265658267,1,75.54179566563467
1280,ניצני סיני,231,76.73469387755102,66.0919540229885,71.14427860696517,59.900990099009896,62.926829268292686,69.1588785046729,-7.575815372878125,6.232049236380213,0,64.93506493506493
1282,מירב,466,81.42292490118577,82.62295081967214,83.15217391304348,75.19788918205805,77.14285714285715,76.04651162790698,-5.376413273278786,-1.0963455149501726,1,74.0343347639485
1283,תל תאומים,345,66.17100371747212,71.86440677966101,75.15337423312883,71.03658536585365,75.07418397626114,69.97084548104957,3.7998417635774473,-5.103338495211574,1,77.97101449275362
1284,נופית,2028,82.01400107700593,80.71725571725572,76.74535409342039,75.34860557768924,75.93688362919131,75.1984126984127,-6.815588378593233,-0.7384709307786181,1,73.12623274161736
1285,כרכום,452,69.85981308411215,76.07223476297969,70.08733624454149,68.83116883116884,63.20346320346321,66.73913043478261,-3.120682649329538,3.535667231319401,0,64.60176991150442
1286,שגב-שלום,6049,39.362022269034,51.84791278915182,42.02568351284175,61.28708901363272,65.58492032646716,49.33720719084801,9.975184921814012,-16.247713135619144,0,53.26500247974872
1287,שני,377,61.63934426229508,67.79141104294479,74.0174672489083,70.44967880085653,68.45493562231759,65.57377049180327,3.9344262295081904,-2.8811651305143187,0,66.04774535809018
1288,גבעת אלה,1567,76.01654031702274,77.81289506953225,79.71727105101414,73.95577395577395,75.27950310559007,75.5,-0.5165403170227449,0.22049689440993347,1,72.55902999361837
1290,זמר,5038,55.558468799160984,63.18493150684932,45.01084598698482,61.14676936243046,68.55932203389831,39.37088815789473,-16.18758064126625,-29.18843387600358,0,56.47082175466455
1291,כמהין,153,51.741293532338304,79.76190476190477,77.09251101321586,76.82403433476395,73.07692307692307,66.43356643356644,14.692272901228137,-6.643356643356626,0,69.28104575163398
1292,ג'דיידה-מכר,15255,54.17975048799117,69.16939280300008,44.63753723932473,63.2010081915564,69.54507743362832,41.578947368421055,-12.600803119570116,-27.966130065207267,0,53.634873811864956
1293,גבעת אבני,1723,71.50159744408946,74.62779156327544,70.00610873549175,69.42446043165468,68.85441527446301,68.51088875809299,-2.9907086859964664,-0.3435265163700194,0,69.12362159024956
1294,אור הגנוז,323,64.59627329192547,76.21951219512195,61.08949416342413,67.27941176470588,65.48042704626334,54.729729729729726,-9.866543562195744,-10.750697316533618,0,66.56346749226006
1295,יאנוח-ג'ת,4843,57.977588046958374,53.93426294820717,57.81389136242209,57.36331569664903,57.189757058437294,45.60135996600085,-12.376228080957524,-11.588397092436445,0,39.541606442287836
1296,כסרא-סמיע,6066,74.78279756733276,65.23052144151399,70.34557626198661,32.22182596291013,60.929250263991555,62.455181833703264,-12.3276157336295,1.5259315697117088,0,32.29475766567755
1297,כפר חנניה,537,77.06666666666668,78.3529411764706,72.95719844357976,74.13793103448276,73.14285714285714,71.61904761904762,-5.447619047619057,-1.5238095238095184,1,74.67411545623837
1303,חורה,9346,37.881911902530454,51.15123405665065,29.244421244943236,45.08780860269789,51.456790123456784,40.83982784692334,2.9579159443928873,-10.616962276533442,0,49.037021185533916
1304,שוהם,17006,79.5211332666102,80.63817499278083,78.49587203302374,76.79707072653692,75.86250795671546,75.36467789394604,-4.156455372664169,-0.4978300627694239,1,76.0378689874162
1309,אלעד,23395,89.37480559875584,88.60796621106353,84.6476971545732,85.77084759018477,85.63776364245061,81.03863089563757,-8.336174703118274,-4.599132746813041,1,84.36418038042316
1310,לפיד,1773,75.8555133079848,78.75894988066825,77.36579966795794,75.89630446773305,73.69878183831672,73.78964941569282,-2.065863892291972,0.09086757737610185,1,74.67569091934574
1311,אבשלום,308,65.88235294117646,69.26829268292683,61.25000000000001,63.56275303643725,63.2,59.352517985611506,-6.529834955564958,-3.847482014388497,0,64.6103896103896
1313,פוריה עילית,939,60.29173419773096,71.67449139280126,67.72673733804476,65.26315789473685,66.0919540229885,63.72881355932203,3.437079361591067,-2.3631404636664755,0,64.74973375931843
1314,נווה זיו,609,77.44565217391305,77.88944723618091,73.71428571428571,76.31578947368422,75.37593984962406,73.85159010600707,-3.5940620679059805,-1.5243497436169946,0,69.95073891625616
1315,מתן,2652,79.82126058325494,79.3747286148502,76.8341307814992,75.29691211401425,75.56596409055425,76.05313092979127,-3.7681296534636743,0.48716683923701964,0,71.75716440422323
1316,אל-עריאן,131,72.89719626168224,70.0,50.0,71.65354330708661,81.88976377952756,64.61538461538461,-8.281811646297626,-17.274379164142942,1,76.33587786259542
1317,דמיידה,352,51.96850393700787,70.1492537313433,48.57142857142857,63.49206349206349,75.15723270440252,48.94894894894895,-3.019554988058914,-26.208283755453564,0,53.125
1319,בת חפר,4193,76.6044340723454,79.23313741953541,76.14609571788414,73.06061361935645,72.5024727992087,72.15867607690436,-4.445757995441042,-0.3437967223043472,0,72.26329596947294
1320,עין חוד,206,77.6978417266187,68.55345911949685,36.898395721925134,60.10362694300518,70.61855670103093,49.494949494949495,-28.20289223166921,-21.12360720608143,0,52.9126213592233
1321,ח'ואלד,552,43.96551724137931,58.8,45.49180327868852,52.138492871690424,54.6,43.27485380116959,-0.6906634402097183,-11.32514619883041,0,47.10144927536232
1323,בת הדר,511,68.50393700787401,75.5868544600939,77.0,79.8804780876494,79.71887550200803,77.29941291585128,8.795475907977263,-2.4194625861567545,1,79.6477495107632
1326,"בסמ""ה",7247,55.57553956834532,66.50752846125597,39.71388586533976,56.03369065849924,67.28422955264347,37.79390420899855,-17.781635359346772,-29.49032534364492,0,45.660273216503384
1327,מעלה עירון,10678,51.56933367635709,66.27380952380952,37.13690786048932,48.50041084634347,61.31770412287793,31.425496526758636,-20.143837149598454,-29.89220759611929,0,43.069863270275334
1330,אחוזת ברק,1852,75.41111981205951,78.74493927125506,77.48502994011976,74.03903015966884,76.12375948628137,70.75732448866778,-4.6537953233917335,-5.366434997613595,1,73.0561555075594
1331,כמאנה,1133,52.781065088757394,62.13483146067416,40.75173095944609,54.19103313840156,62.903225806451616,38.134810710988,-14.646254377769395,-24.768415095463617,0,46.8667255075022
1332,חוסנייה,607,55.75,62.013729977116704,45.00941619585687,51.02040816326531,61.23188405797102,40.72790294627383,-15.02209705372617,-20.503981111697193,0,54.36573311367381
1333,נוף איילון,1682,86.16438356164383,84.82932996207333,85.15258215962442,80.10532475131656,81.99643493761141,80.36773428232503,-5.7966492793188,-1.62870065528638,1,76.99167657550535
1334,ראס אל-עין,288,51.1520737327189,60.3448275862069,59.6958174904943,71.5909090909091,67.52767527675276,59.27272727272728,8.120653540008384,-8.25494800402548,0,69.44444444444444
1335,ערב אל נעים,579,68.62170087976538,61.18251928020566,54.563894523326574,50.887573964497044,55.12572533849129,66.23376623376623,-2.3879346459991524,11.10804089527494,0,59.240069084628665
1337,שמשית,1960,82.38231098430813,82.1685173089484,74.7068676716918,73.36655592469546,73.78481703986893,71.3016204913748,-11.080690492933329,-2.4831965484941207,0,69.18367346938776
1338,כדיתה,138,53.76344086021505,60.747663551401864,53.84615384615385,50.0,49.2063492063492,35.507246376811594,-18.256194483403455,-13.699102829537608,0,48.55072463768116
1342,אבו קרינאת (יישוב,703,43.7037037037037,42.2077922077922,39.226519337016576,52.52707581227437,57.785467128027676,40.57971014492754,-3.1239935587761636,-17.205756983100137,0,49.92887624466572
1343,מכחול,582,25.0,28.823529411764703,26.903553299492383,63.922518159806295,57.674418604651166,42.61036468330134,17.61036468330134,-15.064053921349824,0,48.10996563573883
1344,גבעות בר,703,84.89583333333334,82.25806451612904,79.45454545454545,83.15972222222221,81.12582781456953,79.87711213517666,-5.018721198156683,-1.2487156793928733,1,78.52062588904694
1345,צור יצחק,3924,84.99573742540495,89.04440154440154,84.6268656716418,83.26518691588785,82.11543929485356,80.62227074235808,-4.373466683046871,-1.4931685524954759,1,80.86136595310907
1346,תראבין א-צאנע(ישו,650,35.064935064935064,34.090909090909086,25.220458553791886,36.58536585365854,35.09369676320272,39.87034035656402,4.805405291628958,4.7766435933613,0,38.15384615384615
1347,קצר א-סר,1409,59.81132075471698,59.26544240400668,55.778894472361806,75.92137592137593,70.98070739549838,64.05775075987842,4.246430005161436,-6.922956635619968,1,75.2306600425834
1348,ביר הדאג',1363,69.01140684410646,69.63979416809606,59.51346655082537,80.4421768707483,76.1747732893652,64.09055425448868,-4.92085258961778,-12.084219034876526,0,58.327219369038886
1349,דריג'את,630,61.51603498542274,72.84263959390863,63.63636363636363,66.54343807763401,76.3963963963964,56.66104553119731,-4.854989454225432,-19.735350865199088,0,68.25396825396825
1358,אום בטין,2399,49.9054820415879,48.33468724614135,33.697916666666664,55.56122448979591,57.583291894579816,48.58599907278628,-1.3194829688016227,-8.997292821793536,0,54.18924551896623
1359,אל סייד,2028,46.41638225255973,45.25745257452575,32.96969696969697,41.38533178114086,50.45402951191827,43.61587982832618,-2.8005024242335494,-6.838149683592093,0,53.99408284023669
1361,בת חן,395,77.45664739884393,80.60000000000001,72.81105990783409,76.59574468085107,76.49880095923261,53.789731051344745,-23.666916347499182,-22.709069907887866,0,59.24050632911393
1363,בני נצרים,368,88.7218045112782,90.9090909090909,89.08450704225352,83.61204013377926,85.80645161290322,84.2948717948718,-4.426932716406398,-1.5115798180314215,1,83.69565217391305
1366,נווה,373,92.81767955801105,91.3738019169329,89.96763754045307,86.03174603174604,85.98130841121495,83.77581120943954,-9.041868348571512,-2.2054972017754153,1,79.08847184986595
1370,מצפה אילן,325,95.83333333333334,98.96907216494846,90.30303030303031,87.61904761904762,89.08296943231441,84.98168498168498,-10.851648351648365,-4.101284450629436,1,82.15384615384616
1412,מחנה תל נוף,158,74.24242424242425,82.0,72.77486910994764,62.5,75.40106951871658,73.18435754189943,-1.0580667005248188,-2.2167119768171517,0,70.25316455696202
1414,מחנה מרים,83,55.00000000000001,59.25925925925925,77.66990291262135,67.0,79.04761904761905,63.55140186915887,8.551401869158866,-15.496217178460178,0,57.831325301204814
1415,מחנה יפה,217,67.56756756756756,72.1311475409836,74.53703703703704,67.74193548387096,80.78817733990148,64.34782608695652,-3.2197414806110487,-16.440351252944964,0,55.29953917050692
1416,מחנה יוכבד,108,73.38709677419355,85.9504132231405,70.83333333333334,58.67768595041323,64.91228070175438,45.6,-27.78709677419355,-19.312280701754382,0,52.77777777777778
1418,מחנה טלי,154,60.49382716049383,65.86826347305389,68.55345911949685,51.515151515151516,61.935483870967744,42.48366013071895,-18.010167029774877,-19.45182374024879,0,52.5974025974026
1419,ניצן ב',466,73.01470588235294,78.58880778588808,76.80722891566265,70.77922077922078,72.04116638078902,62.73062730627307,-10.284078576079871,-9.310539074515951,0,71.45922746781116
2002,תנובות,633,74.63503649635037,79.33450087565674,77.3095623987034,77.26523887973642,71.8801996672213,70.91503267973856,-3.7200038166118077,-0.9651669874827462,1,72.66982622432859
2003,תלמי אלעזר,685,77.65151515151516,78.6618444846293,79.33753943217665,77.18223583460949,78.16265060240963,76.30813953488372,-1.343375616631434,-1.8545110675259053,1,76.2043795620438
2008,שדה יצחק,446,70.87912087912088,74.04371584699454,71.64556962025317,73.48484848484848,69.4789081885856,68.54460093896714,-2.33451994015374,-0.9343072496184703,1,74.88789237668162
2009,יובל,464,74.08376963350786,79.19463087248322,75.40983606557377,73.06791569086651,72.24770642201835,72.62443438914026,-1.459335244367594,0.3767279671219086,1,73.0603448275862
2010,כפר בן נון,548,81.14942528735632,81.5845824411135,80.49713193116634,78.59848484848484,76.99443413729128,76.28676470588235,-4.862660581473975,-0.7076694314089309,1,78.64963503649635
2011,ינון,943,69.20943134535368,76.91373025516404,76.40449438202246,76.62192393736018,79.20353982300885,72.27615965480044,3.0667283094467592,-6.9273801682084155,1,79.42735949098622
2012,אורות,443,71.07231920199501,76.24703087885986,72.81105990783409,74.31192660550458,72.99771167048054,72.74826789838336,1.675948696388346,-0.24944377209718027,1,73.58916478555305
2013,בן שמן (מושב),610,78.61060329067642,80.84358523725835,78.25342465753424,76.28865979381443,78.84940778341793,78.51099830795262,-0.09960498272380391,-0.33840947546531197,1,76.55737704918033
2014,גבעולים,316,73.93162393162393,83.72093023255815,81.56996587030717,79.33333333333333,84.12162162162163,76.94805194805194,3.0164280164280086,-7.173569673569688,1,82.59493670886076
2015,שדי חמד,728,78.60262008733623,81.70028818443804,81.03207810320781,79.94428969359332,77.20994475138122,76.23066104078762,-2.3719590465486107,-0.9792837105935916,1,75.13736263736264
2016,רוויה,271,67.61904761904762,68.77828054298642,68.37944664031622,70.98039215686275,70.98039215686275,64.86486486486487,-2.75418275418275,-6.1155272919978785,0,69.00369003690037
2018,גבעת חיים (איחוד),1004,75.51724137931033,77.03455964325529,77.26798748696558,76.97095435684648,75.30864197530865,74.34343434343434,-1.1738070358759956,-0.965207631874307,1,73.70517928286853
2021,אשל הנשיא,111,64.36781609195403,63.44086021505376,69.2982456140351,64.65517241379311,64.03508771929825,54.629629629629626,-9.7381864623244,-9.40545808966862,0,57.65765765765766
2023,להב,545,77.33333333333333,71.007371007371,70.58823529411765,67.71300448430493,68.42105263157895,72.95238095238096,-4.380952380952365,4.531328320802018,0,69.72477064220183
2024,אום אל-קוטוף,784,54.736842105263165,83.06709265175719,52.38095238095239,72.03389830508475,80.8926080892608,51.20967741935484,-3.5271646859083248,-29.682930669905964,0,57.90816326530612
2026,ירדנה,283,60.07326007326007,69.23076923076923,71.98581560283688,72.28070175438597,74.73684210526315,72.56317689530685,12.48991682204678,-2.1736652099562974,1,77.73851590106007
2029,מדרך עוז,574,68.18181818181817,76.59574468085107,70.990990990991,72.43243243243244,73.44028520499108,71.27659574468085,3.0947775628626744,-2.1636894603102377,0,71.25435540069687
2030,מנוחה,460,67.26190476190477,78.1163434903047,78.125,77.12264150943396,80.09367681498829,76.00896860986546,8.747063847960689,-4.084708205122823,1,79.78260869565217
2033,בית חלקיה,484,85.30259365994236,84.39897698209718,90.11494252873563,84.95575221238938,83.07692307692308,83.82978723404256,-1.4728064258998046,0.7528641571194754,1,82.64462809917356
2034,חצור הגלילית,7481,65.75967053978526,71.37254901960785,69.84624145785877,69.19357132698052,70.84564513859574,66.62091682679112,0.861246287005855,-4.2247283118046255,0,70.63226841331372
2035,עדנים,293,79.50530035335689,78.42465753424658,77.92642140468227,77.33333333333333,79.66101694915254,78.49829351535837,-1.0070068379985173,-1.16272343379417,1,75.0853242320819
2038,ברקת,1205,82.55416191562144,87.8475798146241,84.88372093023256,83.76681614349776,82.11743772241992,77.85467128027682,-4.699490635344617,-4.2627664421431035,1,83.98340248962656
2042,עין גדי,478,69.75169300225733,67.3469387755102,68.34381551362684,66.80584551148226,65.56016597510373,62.729124236252545,-7.022568766004781,-2.8310417388511837,0,59.20502092050209
2043,בחן,672,79.10112359550561,80.38461538461539,79.86111111111111,77.37478411053542,78.00338409475465,77.74244833068363,-1.3586752648219829,-0.2609357640710215,1,74.55357142857143
2044,מלילות,296,80.9090909090909,78.63636363636364,78.94736842105263,77.99227799227799,79.63636363636364,73.66548042704626,-7.2436104820446445,-5.970883209317378,1,82.43243243243244
2045,נחלה,483,75.21367521367522,85.96938775510205,81.9327731092437,81.26315789473684,82.0675105485232,79.12317327766179,3.9094980639865753,-2.9443372708614106,1,82.6086956521739
2046,סגולה,446,76.37795275590551,81.4070351758794,81.16279069767441,76.23529411764706,76.94117647058823,75.45454545454545,-0.9234073013600579,-1.4866310160427787,1,78.9237668161435
2047,ניר משה,436,70.44198895027624,75.53763440860214,71.49758454106279,69.1747572815534,70.02398081534771,72.20902612826603,1.767037177989792,2.1850453129183194,0,69.26605504587155
2048,ניר עקיבא,467,71.68141592920354,80.1526717557252,79.03563941299791,78.48360655737704,77.53036437246963,76.48183556405354,4.800419634850002,-1.0485288084160942,0,70.02141327623126
2049,שדה צבי,442,67.21854304635761,78.43137254901961,74.16267942583733,76.22377622377621,79.05882352941175,74.23887587822014,7.020332831862532,-4.819947651191612,1,76.2443438914027
2050,"תלמי ביל""ו",367,64.70588235294117,76.22377622377621,75.07418397626114,73.83720930232558,77.87114845938376,75.84269662921348,11.136814276272304,-2.028451830170283,1,79.56403269754769
2051,רווחה,415,76.01010101010101,80.38740920096852,82.31132075471697,81.45539906103286,83.53221957040573,81.41176470588235,5.4016636957813375,-2.1204548645233814,1,86.98795180722891
2052,אביטל,414,69.68085106382979,76.51715039577837,76.30208333333334,79.38144329896907,79.13669064748201,75.31486146095719,5.634010397127398,-3.8218291865248233,1,79.22705314009661
2053,פרזון,333,66.44295302013423,75.49668874172185,71.15987460815047,75.0,74.48275862068967,69.2982456140351,2.85529259390087,-5.184513006654569,1,72.97297297297297
2054,מיטב,364,67.82608695652173,77.62039660056658,78.51458885941645,75.73333333333333,77.4798927613941,73.81615598885793,5.990069032336194,-3.6637367725361685,1,79.67032967032966
2055,מאור,972,77.73109243697479,80.52631578947368,78.77412031782066,77.18715393133998,77.45098039215686,76.91489361702128,-0.8161988199535131,-0.5360867751355869,1,75.61728395061729
2057,שדי תרומות,387,55.24691358024691,67.74193548387096,70.79889807162535,65.93406593406593,72.35772357723577,67.66304347826086,12.41612989801395,-4.694680098974914,1,75.71059431524549
2059,"פעמי תש""ז",390,68.31683168316832,80.9090909090909,78.82037533512064,81.57894736842105,79.16666666666666,75.71059431524549,7.39376263207717,-3.45607235142117,1,78.97435897435898
2060,ברוש,375,77.88461538461539,75.40322580645162,77.84810126582279,76.73716012084593,79.53216374269006,70.50561797752809,-7.378997407087297,-9.02654576516197,1,76.26666666666667
2061,תדהר,440,71.72995780590718,77.55102040816327,76.0705289672544,74.07407407407408,73.83863080684596,72.44655581947742,0.7165980135702483,-1.392074987368531,1,74.77272727272727
2062,תאשור,309,67.63485477178423,72.1311475409836,72.26027397260275,69.79166666666666,65.75342465753424,66.31944444444444,-1.3154103273397908,0.5660197869102035,0,72.168284789644
2063,דישון,299,64.28571428571429,68.22742474916387,70.40816326530613,60.67796610169491,66.8918918918919,65.359477124183,1.07376283846871,-1.5324147677089002,0,69.23076923076923
2064,זרועה,336,62.10045662100456,77.57847533632287,74.73684210526315,72.85223367697594,75.08196721311475,70.98765432098766,8.887197699983098,-4.094312892127093,1,74.70238095238095
2100,טירת כרמל,22069,61.45589999368647,66.45001547508511,64.71327143637356,65.18438761776582,66.37976835617894,62.82978506672099,1.373885073034515,-3.5499832894579555,0,68.51692419230595
2200,דימונה,29297,53.0209617755857,60.749221876389505,60.14246339979239,60.200263692406374,62.22442758914014,56.34773482595767,3.326773050371976,-5.876692763182469,0,63.57306208826843
2300,קרית טבעון,14446,71.8130753627711,72.29052823315118,71.24963375329621,69.41676436107855,69.1571720712825,67.14326771087799,-4.669807651893109,-2.01390436040451,0,67.45119756333933
2400,אור יהודה,27640,62.96855053963096,71.24706060835925,69.5582835737863,69.94405957099988,70.07979216923363,66.77359194330474,3.8050414036737763,-3.3062002259288903,1,72.43849493487699
2500,נשר,19644,62.94506879529461,67.28957449011284,64.3564862104188,63.66228740197576,63.963827422451246,60.12443725024027,-2.82063154505434,-3.839390172210976,0,62.16656485440847
2530,באר יעקב,18146,71.98744769874477,78.63011169574449,76.21251505737654,76.24254473161034,76.80062946374531,72.91933418693982,0.9318864881950475,-3.8812952768054885,1,77.75267276534773
2550,גדרה,19693,73.57832067337301,76.79229426595126,73.99942246606989,74.14997137950773,74.43839346494214,69.92833517089305,-3.6499855024799643,-4.510058294049088,1,72.4318285685269
2560,ערד,21746,55.98476080246913,60.33165104542177,60.70863944945597,59.71724875598754,59.37253079247037,56.898068818598624,0.9133080161294913,-2.4744619738717475,0,57.049572335142095
2600,אילת,51974,43.06954647428848,49.02852769865227,45.42581106870229,45.19282138546469,44.86729502701424,41.32342879483921,-1.74611767944927,-3.543866232175027,0,43.02343479432024
2610,בית שמש,78064,64.5002483104096,67.51364725287672,65.30441498262324,65.96753113829972,66.48096137022883,61.6097019977243,-2.890546312685302,-4.871259372504525,0,66.12779258044681
2620,קרית אונו,31113,74.28087319725746,77.0392523364486,75.43426045183973,74.55434556426441,74.10495847834326,73.0611969046734,-1.2196762925840687,-1.0437615736698689,1,73.26840870375727
2630,קרית גת,45388,60.94440810987574,67.63698630136986,66.58274588788184,67.04264817629179,68.10666291423345,62.58180477463361,1.6373966647578726,-5.524858139599843,0,68.51370406274786
2640,ראש העין,49148,73.27164985965277,78.24631641124931,77.61842894263442,77.56862175061173,77.3715506828951,74.85605018906841,1.5844003294156437,-2.5155004938266927,1,77.5779278912672
2650,רמת השרון,38282,73.44000000000001,75.31396069155825,73.17885276522021,72.63962945009965,72.61470840480274,71.78178337852927,-1.6582166214707428,-0.8329250262734718,0,71.42260070006792
2660,יבנה,37761,67.88700133613284,74.45818868178907,74.57442626916216,74.12064825930372,74.94561168231262,70.97896068061623,3.091959344483385,-3.966651001696391,1,75.61240433251238
2710,אום אל-פחם,38286,56.74240815459758,67.42087409017554,45.13536866359447,51.33452715954635,63.103805550110614,33.14747320894305,-23.59493494565453,-29.956332341167567,0,38.28553518257326
2720,טירה,19319,58.83438818565401,72.5995898328258,59.64863201477088,67.2409017891763,72.47505208904485,47.09846499438412,-11.735923191269883,-25.376587094660728,0,62.27030384595476
2730,טייבה,30461,60.483870967741936,73.95016339869281,61.82920630310071,66.6177418200043,70.94191910286702,43.40158882344885,-17.08228214429309,-27.54033027941817,0,57.713141393913524
2800,קרית שמונה,18582,54.849279161205764,61.76390477746908,60.41518321739606,60.183053820015346,61.36313828621521,57.16000873171797,2.3107295705122084,-4.203129554497238,0,61.10752340975137
3000,ירושלים,432125,65.11609214495844,67.08656397711253,63.887358686485086,63.372464539865426,63.27396506174412,59.10429418854726,-6.011797956411186,-4.169670873196864,0,61.60161990164883
3400,חברון,338,87.90035587188612,85.23985239852398,79.2982456140351,77.7027027027027,72.72727272727273,65.0485436893204,-22.851812182565723,-7.678729037952337,0,63.609467455621306
3488,כפר עציון,564,81.70426065162907,80.04750593824228,77.15517241379311,78.76857749469215,78.01268498942918,77.45901639344262,-4.245244258186446,-0.5536685959865508,1,78.01418439716312
3555,נתיב הגדוד,225,57.04225352112676,70.46979865771812,69.48051948051948,68.42105263157895,71.67381974248927,66.10169491525424,9.059441394127482,-5.572124827235029,0,60.88888888888889
3556,אלמוג,195,74.28571428571429,72.41379310344827,70.10309278350515,64.64646464646465,69.94818652849742,66.13756613756614,-8.148148148148152,-3.810620390931277,0,56.92307692307692
3557,קדומים,2715,85.66463944396178,86.18807724601176,83.67190494442315,80.0531914893617,79.91567650440781,77.44360902255639,-8.221030421405388,-2.4720674818514254,1,76.02209944751381
3558,תומר,254,75.20661157024794,72.8395061728395,82.93650793650794,82.73092369477911,76.82926829268293,79.51807228915662,4.311460718908677,2.6888039964736947,1,77.55905511811024
3560,אלקנה,2797,84.31372549019608,85.5397148676171,84.88604558176729,80.91054313099042,82.80757097791798,81.16385911179172,-3.1498663784043544,-1.643711866126253,1,80.62209510189489
3561,מגדל עוז,266,70.63492063492063,72.08333333333333,69.19999999999999,64.84375,63.32046332046332,62.546816479400746,-8.088104155519886,-0.7736468410625719,0,62.78195488721805
3563,תקוע,2334,77.10597826086956,81.19087367835282,78.3744557329463,73.05674773485931,75.02316960148285,71.97309417040358,-5.1328840904659785,-3.0500754310792644,0,72.23650385604114
3564,כוכב השחר,1358,86.9098712446352,85.99605522682445,84.70688190314358,81.33333333333333,81.19935170178282,78.58255451713396,-8.327316727501241,-2.61679718464886,1,78.93961708394698
3565,רימונים,512,65.27777777777779,69.8237885462555,69.5906432748538,69.2156862745098,71.90569744597249,66.98473282442748,1.7069550466496963,-4.920964621545011,0,70.3125
3566,יפית,176,50.78125,60.74074074074074,67.72151898734177,66.0377358490566,64.375,59.63855421686747,8.857304216867469,-4.736445783132531,0,57.38636363636363
3567,סלעית,824,79.83870967741935,77.94117647058823,81.54929577464789,83.06233062330624,81.79453836150844,80.92269326683291,1.0839835894135632,-0.8718450946755354,1,79.97572815533981
3568,ריחן,242,74.16666666666667,76.33587786259542,80.72916666666666,76.26262626262627,75.36231884057972,79.0909090909091,4.924242424242422,3.7285902503293755,1,76.85950413223141
3569,מבוא דותן,331,57.676348547717836,63.77358490566037,69.81818181818183,68.57142857142857,72.41379310344827,66.77740863787376,9.101060090155926,-5.636384465574508,1,73.1117824773414
3570,אריאל,15396,65.92126884332356,69.59830866807611,66.76365560111095,64.20600858369099,64.00369734583388,61.61616161616161,-4.3051072271619475,-2.3875357296722726,0,61.80826188620421
3571,שבי שומרון,588,79.26078028747433,78.65384615384615,81.95211786372008,79.52898550724638,79.78533094812164,79.36507936507937,0.10429907760503454,-0.4202515830422726,1,79.421768707483
3572,כפר תפוח,726,81.29032258064515,75.91836734693878,81.06312292358804,81.84818481848185,78.13504823151125,75.22388059701493,-6.066441983630227,-2.911167634496323,1,72.58953168044077
3573,חלמיש,822,79.50138504155125,82.91721419185282,80.9840425531915,78.94039735099338,76.5873015873016,76.81159420289855,-2.689790838652698,0.22429261559695135,1,76.88564476885644
3574,בית אל,3503,85.68665377176016,85.04672897196261,85.1416515973478,81.5805109922757,80.11904761904762,76.60199882422106,-9.084654947539107,-3.5170487948265645,1,77.19097916071938
3575,בית חורון,886,87.16417910447761,85.8356940509915,83.56164383561644,82.47549019607843,83.41404358353512,80.53302433371958,-6.63115477075803,-2.8810192498155374,1,81.03837471783297
3576,מצפה יריחו,1399,84.98134328358209,84.81989708404802,81.5251572327044,79.34272300469483,79.34700075930145,76.76317743132887,-8.218165852253222,-2.5838233279725813,1,76.98355968548964
3578,שדמות מחולה,437,64.40217391304348,81.93146417445483,85.78947368421052,83.92857142857143,79.53964194373401,75.41766109785203,11.01548718480855,-4.121980845881978,1,77.80320366132723
3579,אלון מורה,971,81.58192090395481,83.07522123893806,80.02183406113537,78.76489707475623,77.48917748917748,75.52742616033755,-6.054494743617255,-1.9617513288399238,1,74.15036045314109
3598,ארגמן,121,63.43283582089553,67.6923076923077,64.84375,66.40625,69.35483870967742,66.39344262295081,2.9606068020552883,-2.9613960867266087,0,62.8099173553719
3599,מחולה,393,84.070796460177,82.23350253807106,85.74380165289256,78.44311377245509,75.51622418879056,76.33802816901408,-7.7327682911629125,0.8218039802235211,1,73.2824427480916
3601,קליה,339,74.23728813559322,77.27272727272727,75.0,70.6070287539936,69.81132075471697,67.6923076923077,-6.5449804432855245,-2.1190130624092802,0,69.91150442477876
3602,ראש צורים,537,89.6788990825688,89.3709327548807,88.22314049586777,84.5679012345679,84.14634146341463,82.5147347740668,-7.164164308502009,-1.6316066893478336,1,80.63314711359403
3603,הר גילה,1059,86.82842287694974,80.32407407407408,78.72559095580678,78.0439121756487,77.34530938123753,72.81648675171736,-14.011936125232381,-4.528822629520164,1,73.55996222851748
3604,אלון שבות,2286,82.70557029177719,82.7775012444002,80.22130013831259,75.37826685006877,75.65457050987597,74.67503361721202,-8.03053667456517,-0.9795368926639441,1,73.75328083989501
3605,משואה,212,72.38805970149254,73.48484848484848,67.33333333333333,63.33333333333333,67.74193548387096,70.06369426751591,-2.3243654339766238,2.3217587836449525,1,74.52830188679245
3606,גלגל,158,57.377049180327866,62.121212121212125,58.50340136054422,58.55263157894737,58.70967741935483,54.32098765432099,-3.0560615260068786,-4.3886897650338454,0,59.49367088607595
3607,"ייט""ב",270,78.94736842105263,82.14285714285714,80.3921568627451,77.51196172248804,78.04878048780488,68.64406779661016,-10.303300624442471,-9.404712691194717,0,68.88888888888889
3608,מעלה אפרים,1162,50.76400679117148,55.793991416309005,55.633802816901415,51.644444444444446,53.24909747292419,50.990990990990994,0.2269841998195119,-2.258106481933197,0,54.21686746987952
3609,חמרה,148,64.0,70.45454545454545,71.85185185185186,64.70588235294117,66.41221374045801,63.970588235294116,-0.029411764705884025,-2.4416255051638984,0,70.27027027027027
3610,מצפה שלם,265,72.41379310344827,72.84768211920529,72.25433526011561,75.74468085106383,74.5019920318725,72.34848484848484,-0.0653082549634263,-2.15350718338766,0,72.0754716981132
3611,קרית ארבע,4914,72.61574074074075,74.35440783615316,73.44812925170068,71.29864636209814,69.4879390605163,63.716628126970775,-8.899112613769972,-5.7713109335455215,0,66.28001628001628
3612,בקעות,145,75.51020408163265,80.98591549295774,83.08823529411765,77.6978417266187,74.28571428571429,70.13888888888889,-5.371315192743765,-4.146825396825406,0,71.72413793103448
3613,גיתית,253,73.05389221556887,80.21390374331551,79.66804979253112,80.16528925619835,80.91286307053942,77.23577235772358,4.181880142154711,-3.67709071281584,1,75.49407114624506
3614,מכורה,143,72.64150943396226,70.43478260869566,69.92481203007519,71.11111111111111,71.11111111111111,66.18705035971223,-6.454459074250025,-4.924060751398883,0,66.43356643356644
3615,פצאל,269,70.08928571428571,78.22222222222223,84.78260869565217,81.9327731092437,78.24267782426779,76.63934426229508,6.550058548009375,-1.603333561972704,1,77.69516728624535
3616,מעלה אדומים,28142,71.07473532054539,74.91482271893369,73.12044254463163,70.2088782200566,71.24201662682414,67.36699665266008,-3.707738667885309,-3.8750199741640614,0,70.03766612181082
3617,עופרה,2027,84.75791990436342,83.33333333333334,80.20331728196896,76.90260777009047,75.47568710359408,75.19142419601837,-9.566495708345045,-0.2842629075757088,1,73.11297483966453
3618,אלעזר,1635,85.38062283737024,84.64476699770817,80.77188146106134,77.92207792207793,78.81471389645776,75.69023569023568,-9.690387147134558,-3.1244782062220793,1,73.57798165137615
3619,רועי,129,79.42857142857143,81.05263157894737,76.74418604651163,69.17293233082707,65.64885496183206,58.333333333333336,-21.095238095238095,-7.315521628498722,0,66.66666666666666
3638,כפר אדומים,2787,82.32044198895028,81.5227934044617,79.24679487179486,75.73238321456849,75.65114443567482,75.1905487804878,-7.129893208462477,-0.4605956551870207,0,71.61822748475063
3639,ורד יריחו,267,83.04093567251462,78.61271676300578,78.31858407079646,78.01724137931035,79.41176470588235,75.29411764705883,-7.746818025455795,-4.117647058823522,1,74.53183520599251
3640,קרני שומרון,6464,74.43290226839092,77.56989699390373,77.14983101764928,75.13001485884101,75.52765647743813,72.55991112521822,-1.8729911431726975,-2.9677453522199073,1,73.54579207920791
3641,שילה,2259,82.31488138030194,84.2985842985843,82.57694314032342,80.25839793281654,79.61460446247465,75.96109309865679,-6.353788281645151,-3.653511363817856,1,78.44178840194776
3643,חיננית,902,82.07885304659499,80.96,78.23834196891191,75.29107373868047,77.77777777777779,76.09467455621302,-5.984178490381964,-1.6831032215647639,1,75.94235033259423
3644,גבעון החדשה,958,73.49896480331263,73.87914230019493,70.93596059113301,69.25343811394892,70.64676616915423,69.36127744510978,-4.137687358202854,-1.2854887240444555,0,67.84968684759917
3645,בית הערבה,239,90.19607843137256,85.48387096774194,86.89655172413792,82.35294117647058,81.14285714285714,81.37254901960785,-8.82352941176471,0.22969187675070657,1,85.77405857740585
3647,יקיר,1380,88.20160366552119,86.40167364016736,88.18565400843882,83.29177057356608,84.97109826589595,82.64268960125098,-5.558914064270212,-2.328408664644968,1,79.6376811594203
3648,מתתיהו,521,69.25795053003534,65.98240469208211,75.10917030567686,73.93162393162393,73.78048780487805,70.82494969818913,1.5669991681537851,-2.9555381066889197,1,72.552783109405
3649,שקד,674,75.47169811320755,77.32558139534885,74.07407407407408,71.7948717948718,71.280276816609,74.14075286415712,-1.3309452490504299,2.8604760475481186,1,72.99703264094956
3650,אפרתה,7945,78.28175026680897,78.10156782549421,78.95266868076536,75.12381491439083,75.38165314262137,74.36604913940349,-3.915701127405484,-1.015604003217888,1,72.9767149150409
3651,מעלה מכמש,1076,87.7840909090909,87.32394366197182,80.64864864864865,78.6096256684492,78.32460732984293,77.56729810568295,-10.216792803407955,-0.7573092241599824,1,77.69516728624535
3652,בית אריה,3892,74.95553183920313,78.81245944192084,74.75565484501536,73.01939058171745,72.88742086429949,70.50359712230215,-4.451934716900979,-2.3838237419973325,0,70.88900308324769
3653,מעלה עמוס,431,72.42990654205607,70.86956521739131,75.9375,73.60703812316716,76.64835164835165,75.06561679790026,2.635710255844188,-1.5827348504513878,1,75.63805104408353
3654,ברקן,1511,72.74401473296501,76.10169491525424,74.53183520599251,71.26185266229031,72.4837074583635,69.47368421052632,-3.270330522438698,-3.0100232478371822,0,70.01985440105891
3655,"ניל""י",1309,76.25,80.64903846153845,77.50229568411386,76.15176151761518,74.070796460177,74.7068676716918,-1.5431323283082037,0.6360712115148033,1,73.56760886172651
3656,כרמל,288,85.59670781893004,81.36882129277566,85.98484848484848,77.56653992395437,81.50943396226415,81.94945848375451,-3.6472493351755304,0.44002452149035776,1,74.65277777777779
3657,מעון,305,72.03389830508475,78.76447876447877,80.06756756756756,73.57859531772574,71.42857142857143,68.66666666666667,-3.367231638418076,-2.761904761904759,1,74.75409836065575
3658,עטרת,327,84.86055776892431,87.45519713261649,86.77966101694915,85.57046979865773,79.26421404682274,82.31511254019293,-2.5454452287313813,3.050898493370184,1,80.73394495412845
3659,פסגות,1135,88.56825749167592,86.52037617554859,85.8,82.97872340425532,84.72361809045226,81.05263157894737,-7.515625912728552,-3.6709865115048927,1,79.64757709251101
3660,עמנואל,2567,73.81221719457014,72.8414442700157,72.68496975337366,73.2362312243969,73.37461300309597,67.2979797979798,-6.514237396590332,-6.076633205116167,1,75.80833657966498
3709,מבוא חורון,1268,89.90384615384616,91.40127388535032,90.21937842778793,88.82882882882883,88.6443661971831,85.77371048252913,-4.130135671317035,-2.870655714653978,1,85.41009463722398
3710,ברכה,1327,80.63420158550396,85.83420776495278,88.64668483197093,86.61347517730496,86.41444539982803,84.69635627530364,4.062154689799684,-1.7180891245243828,1,85.22984174830445
3712,ענב,560,82.48847926267281,83.91608391608392,84.48979591836735,84.2,84.95049504950495,83.752417794971,1.2639385322981838,-1.1980772545339562,1,81.96428571428571
3713,"נעמ""ה",171,64.40677966101694,61.111111111111114,71.01449275362319,57.34265734265735,60.689655172413794,62.16216216216216,-2.2446174988547796,1.4725069897483678,0,64.32748538011695
3715,עלמון,1037,76.83089214380826,77.57575757575758,77.07676130389063,75.33265097236438,74.97467071935156,72.40704500978474,-4.423847134023518,-2.5676257095668262,1,75.12054001928641
3717,חרמש,213,60.588235294117645,67.40331491712708,69.11764705882352,68.96551724137932,63.76811594202898,61.79245283018868,1.2042175360710345,-1.9756631118402979,0,64.7887323943662
3719,תלם,230,75.39682539682539,74.6268656716418,92.85714285714286,104.24528301886792,80.0,72.55813953488372,-2.83868586194167,-7.441860465116278,1,78.69565217391305
3722,אשכולות,374,80.12422360248446,78.30188679245283,78.09798270893373,71.98795180722891,73.96449704142012,73.48066298342542,-6.643560619059045,-0.4838340579946987,1,75.93582887700535
3723,פני חבר,267,83.43558282208589,86.45833333333334,84.97652582159625,78.37837837837837,76.41921397379913,79.51807228915662,-3.9175105329292705,3.0988583153574893,1,79.02621722846442
3725,נווה דניאל,1638,83.57723577235772,81.50633855331841,77.57377049180327,75.03234152652006,75.43859649122807,74.04580152671755,-9.53143424564017,-1.3927949645105144,0,70.57387057387058
3726,נוקדים,1429,78.00511508951406,82.4295010845987,76.95690413368513,74.07407407407408,74.39126784214946,73.23506594259116,-4.770049146922901,-1.1562018995582974,0,71.86843946815955
3727,עלי זהב,2056,70.7808564231738,80.97412480974124,84.53531598513011,83.42318059299191,84.22360248447205,85.0,14.219143576826198,0.7763975155279468,1,83.56031128404669
3730,גבעת זאב,12613,74.6714070243482,77.6931447225245,76.40626366897034,76.3709046667246,76.53255050941115,73.43474241532903,-1.2366646090191722,-3.0978080940821258,1,76.92856576548006
3743,טנא,541,73.50230414746544,76.58227848101265,76.95390781563127,75.09803921568627,75.390625,74.85822306238185,1.3559189149164155,-0.5324019376181468,1,77.07948243992607
3744,ברוכין,926,92.20779220779221,86.08695652173914,90.1639344262295,88.558352402746,87.77777777777777,84.49197860962568,-7.715813598166534,-3.2857991681520957,1,83.36933045356372
3745,מצדות יהודה,477,86.59003831417624,87.36842105263159,82.14285714285714,76.75159235668791,76.89969604863222,77.87610619469027,-8.713932119485975,0.9764101460580434,1,75.68134171907757
3746,קרית נטפים,474,84.93589743589743,86.93181818181817,84.14634146341463,86.74698795180723,86.19047619047619,83.68298368298368,-1.2529137529137557,-2.5074925074925147,1,82.0675105485232
3747,דולב,904,84.19540229885058,84.27586206896551,84.37884378843789,81.25,79.74537037037037,78.2559456398641,-5.939456658986487,-1.489424730506272,1,76.88053097345133
3748,עתניאל,501,85.47008547008546,85.6777493606138,82.22222222222221,77.09251101321586,75.21739130434783,75.10729613733905,-10.362789332746416,-0.11009516700877953,0,69.061876247505
3749,יצהר,830,78.2,83.11688311688312,81.63884673748103,80.72289156626506,77.3391812865497,76.79782903663501,-1.4021709633649948,-0.541352249914695,1,77.71084337349397
3750,אלפי מנשה,6017,76.79245283018868,79.18374953410363,75.871125897391,74.1388263804743,73.76288659793815,73.39942866745085,-3.393024162737831,-0.3634579304873,1,73.50839288682067
3751,מגדלים,297,62.16216216216216,69.40298507462687,76.54867256637168,73.36244541484717,73.68421052631578,74.72527472527473,12.563112563112568,1.0410641989589493,1,76.0942760942761
3752,מעלה לבונה,461,75.43352601156069,81.05849582172702,82.71604938271605,79.42583732057416,78.65429234338747,77.49419953596288,2.0606735244021905,-1.16009280742459,1,76.13882863340564
3754,אספר,465,76.88888888888889,75.40322580645162,76.16279069767442,74.93261455525607,75.0,71.35678391959799,-5.532104969290899,-3.643216080402013,1,75.6989247311828
3756,סוסיה,780,79.9163179916318,81.71428571428572,83.03030303030303,76.2406015037594,78.18991097922849,72.1590909090909,-7.7572270825408935,-6.03082007013758,1,76.41025641025641
3759,אדורה,264,80.44692737430168,80.0,79.59183673469387,77.23577235772358,77.64227642276423,75.0,-5.44692737430168,-2.642276422764226,1,78.78787878787878
3760,אורנית,6744,79.2038027332145,81.89806678383128,79.88268864933417,76.79105652653125,76.88833515028811,76.02087810868898,-3.1829246245255263,-0.8674570415991383,1,75.32621589561091
3762,איתמר,676,77.04194260485652,82.06185567010309,78.35951134380453,76.3986013986014,74.66216216216216,70.5691056910569,-6.472836913799611,-4.093056471105257,1,72.7810650887574
3763,גבע בנימין,3518,72.40272763738467,79.54794021144733,74.13350449293966,74.63768115942028,74.45820433436533,66.91639196883428,-5.486335668550396,-7.541812365531058,1,72.93916998294485
3764,חגי,384,84.25196850393701,87.890625,83.33333333333334,79.81651376146789,78.2089552238806,81.05849582172702,-3.193472682209986,2.8495405978464277,1,72.91666666666666
3765,עלי,2318,80.36236119228522,80.47368421052632,79.42992874109264,76.35009310986965,76.97307335190344,75.17889087656529,-5.18347031571993,-1.7941824753381468,1,72.9076790336497
3766,כרמי צור,582,86.68171557562077,89.79206049149339,83.64312267657994,82.20183486238533,79.96389891696751,77.71836007130125,-8.963355504319523,-2.2455388456662604,1,74.22680412371135
3767,נחליאל,346,77.68924302788844,85.06944444444444,78.18181818181819,78.48484848484848,75.90361445783132,72.01166180758017,-5.677581220308269,-3.891952650251156,1,76.878612716763
3768,פדואל,1175,89.51367781155015,86.94550063371355,87.6470588235294,85.2132701421801,85.43956043956044,82.85714285714286,-6.656534954407292,-2.582417582417577,1,82.8936170212766
3769,הר אדר,3177,79.26829268292683,80.02248875562219,79.02097902097903,76.81592039800995,76.09483042476127,76.7052767052767,-2.5630159776501245,0.6104462805154327,1,74.31539187913125
3770,חשמונאים,2244,82.43583291394062,79.57038391224863,78.1344902386117,76.09734897870491,74.88048674489353,73.4065934065934,-9.029239507347214,-1.4738933383001296,1,73.3511586452763
3779,כוכב יעקב,5005,81.36543535620054,83.25624421831638,81.2484700122399,81.95399573156273,81.66473988439307,77.30527229333913,-4.060163062861406,-4.359467591053942,1,80.71928071928072
3780,ביתר עילית,29318,84.81943690842226,84.41082552478669,80.7962813257882,82.6993574835429,82.02890751134004,77.31761131406662,-7.501825594355637,-4.711296197273413,1,81.33910907974624
3781,קדר,1084,73.78223495702005,80.2919708029197,74.1090146750524,73.3195449844881,72.35528942115769,67.2447013487476,-6.537533608272454,-5.110588072410096,0,69.64944649446494
3784,שמעה,485,58.921161825726145,70.39473684210526,75.29411764705883,74.52830188679245,73.98190045248869,73.4065934065934,14.485431580867257,-0.5753070458952863,1,76.28865979381443
3787,נעלה,1637,79.5031055900621,80.76433121019109,77.07404103479037,74.4328097731239,76.60626029654037,73.30909090909091,-6.194014680971193,-3.2971693874494576,1,74.70983506414173
3788,טלמון,2624,89.13713405238829,88.42652795838751,86.91358024691358,83.25266214908035,82.96780214652357,80.27741655830081,-8.859717494087477,-2.690385588222753,1,80.5640243902439
3790,נופים,636,69.56521739130434,73.1764705882353,76.05633802816901,74.31372549019608,75.23629489603024,71.60493827160494,2.0397208803005924,-3.631356624425308,1,73.74213836477988
3791,צופים,1574,79.53539823008849,84.05797101449275,80.87508821453775,78.69535045107564,79.70914127423822,75.96479350033853,-3.5706047297499595,-3.7443477738996904,1,76.62007623888184
3793,אבני חפץ,1358,83.96349413298566,86.0655737704918,80.92540132200189,80.0925925925926,79.67479674796748,73.91304347826086,-10.050450654724798,-5.761753269706617,1,77.2459499263623
3794,בת עין,960,73.07086614173228,74.67994310099573,76.38072855464159,69.76744186046511,72.51461988304094,58.659217877094974,-14.411648264637307,-13.855402005945962,0,62.5
3795,רבבה,1457,92.97124600638978,90.97839898348158,87.87878787878788,85.3913043478261,85.90604026845638,85.2359208523592,-7.735325154030576,-0.6701194160971795,1,82.15511324639671
3796,כפר האורנים,1766,83.22884012539184,81.2960235640648,76.49653434152489,73.86434349719974,72.58163894023414,74.5249406175772,-8.70389950781464,1.943301677343058,1,73.1030577576444
3797,מודיעין עילית,32933,90.69145123524633,89.2600620510859,84.47414806110459,84.50648839952811,83.43867203778302,81.02070230607966,-9.670748929166677,-2.4179697317033657,1,82.03321895970606
4000,חיפה,253292,58.602527944041306,62.20064618496017,58.74383739601237,58.28861085408536,58.282156978211496,55.111057750030014,-3.491470194011292,-3.1710992281814825,0,55.52879680368902
4001,בוקעאתא,749,2.719033232628399,4.683195592286501,14.258188824662813,14.801444043321299,13.403880070546737,15.46218487394958,12.74315164132118,2.0583048034028426,0,25.367156208277702
4002,אלי-עד,330,71.96652719665272,69.61538461538461,76.35135135135135,71.81208053691275,72.31270358306189,71.38263665594855,-0.583890540704175,-0.9300669271133444,1,73.93939393939394
4003,אל-רום,387,65.26315789473685,69.93243243243244,76.06060606060606,73.19277108433735,73.46938775510205,72.70194986072424,7.438791965987392,-0.7674378943778066,0,71.0594315245478
4004,כפר חרוב,427,56.04026845637584,65.06024096385542,64.1160949868074,62.33766233766234,59.0,61.23456790123457,5.1942994448587285,2.23456790123457,0,62.76346604215457
4005,חספין,891,81.95956454121306,81.93456614509246,78.90137328339576,76.37698898408813,75.91687041564792,73.55473554735548,-8.404828993857578,-2.3621348682924435,1,72.39057239057239
4006,קשת,442,78.6096256684492,78.89182058047494,78.77358490566037,75.24038461538461,72.59953161592506,73.1764705882353,-5.4331550802138935,0.5769389723102449,1,74.43438914027149
4007,יונתן,452,79.32330827067669,79.05405405405406,81.5126050420168,79.83651226158038,79.38144329896907,74.63768115942028,-4.685627111256409,-4.743762139548792,0,72.12389380530973
4008,מעלה גמלא,416,74.31192660550458,75.22388059701493,80.0,76.48578811369508,74.12060301507537,77.09923664122137,2.7873100357167857,2.9786336261459923,1,76.20192307692307
4009,שעל,237,70.3883495145631,78.53881278538812,79.81220657276995,76.66666666666667,76.14678899082568,74.55357142857143,4.1652219140083275,-1.593217562254253,1,75.9493670886076
4010,אודם,133,67.02127659574468,78.43137254901961,77.87610619469027,80.99173553719008,73.55371900826447,77.8688524590164,10.847575863271715,4.3151334507519294,1,74.43609022556392
4011,אבני איתן,455,76.8361581920904,77.8688524590164,81.51898734177216,76.69172932330827,77.363184079602,72.57281553398059,-4.263342658109806,-4.790368545621405,0,71.42857142857143
4012,אניעם,445,68.78306878306879,71.7557251908397,70.34482758620689,61.41552511415526,61.12359550561798,63.80090497737556,-4.982163805693226,2.6773094717575816,0,59.10112359550562
4013,אורטל,269,71.71717171717171,72.76785714285714,77.82258064516128,72.8744939271255,71.37096774193549,74.609375,2.892203282828291,3.2384072580645125,0,65.4275092936803
4014,נטור,312,79.60526315789474,79.36507936507937,80.34188034188034,75.20661157024794,75.2,76.29629629629629,-3.3089668615984493,1.0962962962962877,1,73.07692307692307
4015,בני יהודה,935,66.54929577464789,71.62629757785467,67.22783389450056,66.59142212189616,66.62933930571108,62.159214830970555,-4.390080943677333,-4.47012447474053,0,62.88770053475936
4017,אלוני הבשן,237,83.33333333333334,84.78260869565217,73.27188940092167,74.43946188340807,68.77828054298642,70.89201877934272,-12.441314553990622,2.1137382363562978,0,68.35443037974683
4021,גבעת יואב,492,74.2014742014742,79.49308755760369,75.69296375266525,72.25806451612902,70.27600849256899,69.87704918032787,-4.324425021146325,-0.3989593122411179,0,71.95121951219512
4022,גשור,239,70.0,70.76923076923077,70.85201793721974,68.91891891891892,69.54545454545455,67.71300448430493,-2.286995515695068,-1.8324500611496148,0,64.01673640167364
4024,קלע,301,48.507462686567166,60.89743589743589,59.905660377358494,65.42056074766354,64.54545454545455,61.440677966101696,12.93321527953453,-3.1047765793528512,0,63.78737541528239
4025,קדמת צבי,431,65.67656765676567,72.54901960784314,77.95698924731182,70.26315789473684,72.1938775510204,73.39901477832512,7.722447121559455,1.2051372273047178,0,68.21345707656613
4026,חד-נס,724,68.26923076923077,72.91666666666666,63.17460317460317,56.76100628930818,59.345794392523366,59.97045790251108,-8.298772866719695,0.6246635099877125,0,57.4585635359116
4028,כנף,350,75.33039647577093,74.90196078431373,78.61635220125787,72.89719626168224,69.96904024767801,70.83333333333334,-4.497063142437582,0.8642930856553335,0,62.57142857142857
4100,קצרין,6578,57.21111307733145,61.63979892529034,59.02317880794702,57.30337078651685,57.05263157894736,54.46046585327207,-2.750647224059378,-2.5921657256752937,0,54.54545454545454
4101,מרום גולן,606,73.29192546583852,70.85828343313374,70.33747779751333,72.6148409893993,70.48611111111111,73.05699481865285,-0.2349306471856636,2.5708837075417392,0,68.64686468646865
4201,מג'דל שמס,1338,20.396039603960396,19.655172413793103,17.353308364544322,20.18454440599769,18.22222222222222,17.56756756756757,-2.828472036392828,-0.654654654654653,0,23.393124065769804
4203,מסעדה,461,19.07514450867052,11.981566820276496,21.779141104294478,24.85549132947977,22.316384180790962,19.414893617021274,0.33974910835075534,-2.9014905637696877,0,22.559652928416483
4204,מבוא חמה,409,63.40057636887608,70.14492753623188,70.57356608478803,68.5,66.16915422885572,68.7041564792176,5.303580110341521,2.5350022503618845,0,65.52567237163814
4301,אפיק,270,67.04545454545455,69.55128205128204,70.91633466135458,67.8714859437751,67.95366795366795,69.140625,2.0951704545454533,1.1869570463320542,0,71.11111111111111
4303,"נווה אטי""ב",180,73.46938775510205,71.42857142857143,67.27272727272727,60.36585365853659,60.122699386503065,60.0,-13.469387755102048,-0.122699386503065,0,53.333333333333336
4304,נוב,574,79.77272727272727,85.23489932885906,83.7448559670782,80.12048192771084,77.73359840954275,76.72253258845437,-3.0501946842728955,-1.0110658210883798,1,72.64808362369338
4501,ע'ג'ר,1844,55.91240875912409,46.93877551020408,36.79471788715486,36.81090693538827,39.660222612770944,48.379761227970434,-7.532647531153657,8.71953861519949,0,30.09761388286334
4503,עין זיוון,336,69.48356807511738,65.12605042016807,68.75,67.27941176470588,66.54804270462633,69.15254237288136,-0.331025702236019,2.6044996682550305,0,68.75
4551,נאות גולן,474,65.3731343283582,71.50837988826815,71.28953771289538,72.11538461538461,68.32151300236407,69.1588785046729,3.7857441763146937,0.8373655023088276,0,68.35443037974683
4701,רמת מגשימים,484,82.20551378446115,84.28571428571429,81.13636363636364,78.18181818181819,77.67653758542141,75.86206896551724,-6.343444818943908,-1.8144686199041757,1,73.7603305785124
4702,רמות,460,78.26086956521739,77.32696897374701,79.77011494252874,77.3972602739726,76.9406392694064,75.75057736720554,-2.5102921980118538,-1.190061902200867,1,75.65217391304347
5000,תל אביב - יפו,447576,62.64113220376826,65.2566829805275,63.03852269475936,62.1385717905268,61.7482865354853,59.99139330544886,-2.6497388983193986,-1.7568932300364395,0,59.61825477684237
6000,באקה אל-גרביה,20643,43.26171875,61.51127361365021,42.88167426884894,57.86603124172623,61.8923565883395,31.334515067105595,-11.927203682894405,-30.557841521233907,0,47.546383762050084
6100,בני ברק,115586,77.92816510256966,80.03178959631163,77.24954128440366,77.26739906768802,77.03603247593045,73.90676110525057,-4.021403997319098,-3.129271370679888,1,76.52656896163896
6200,בת ים,124742,52.27320225712586,55.79554158100536,52.33437011490548,52.010995370370374,52.26287567428718,48.58134280180762,-3.6918594553182373,-3.6815328724795577,0,50.758365265908836
6300,גבעתיים,49341,71.6235885673959,73.53858229945708,71.61169881767269,70.71607286863382,70.02452445232159,69.29080490459857,-2.3327836627973255,-0.7337195477230125,0,68.97306499665594
6400,הרצליה,88932,67.19537251514794,69.87402286969443,67.81027394723522,66.46246964501447,66.35225436035994,65.32210296870188,-1.8732695464460534,-1.0301513916580518,0,65.63891512616381
6500,חדרה,80141,57.74556405184376,64.87892248173091,62.832127600481414,62.29311775006913,63.025418636850496,59.077227824655274,1.3316637728115168,-3.9481908121952216,0,62.74815637439014
6600,חולון,159831,61.411199187124254,66.73697832416694,64.37197226355951,63.942796195669324,63.93313655273112,61.04016775279065,-0.3710314343336023,-2.892968799940469,0,64.08268733850129
6700,טבריה,36702,54.14170750892479,61.02490507369869,59.31817526872425,59.88283605662924,60.61150566156128,55.680825276924374,1.5391177679995849,-4.930680384636908,0,61.73777995749551
6800,קרית אתא,48568,60.973932182405946,66.96526304032167,65.73752688401014,65.28964157782065,66.13165508648181,61.779532851621575,0.8056006692156288,-4.352122234860239,0,64.97076264206885
6900,כפר סבא,81737,71.67712806959587,74.91249309155987,73.20853612879071,72.07090735054635,72.20846744243624,69.90810318066471,-1.7690248889311562,-2.3003642617715343,0,69.88511934619572
7000,לוד,58888,55.66333699020344,61.58297129631386,56.1390074025453,58.647992462675745,62.09210125038121,53.16603595905342,-2.497301031150023,-8.926065291327795,0,60.68299144138025
7100,אשקלון,119846,56.88465499485067,63.75635013677218,62.27927374947737,62.55888216509942,63.383518432756915,58.56954940548348,1.6848944106328076,-4.813969027273437,0,61.90194082405755
7200,נס ציונה,34763,74.83855287827235,78.61450692746537,76.515693996897,75.65859736561053,75.62618147448015,74.15976193254755,-0.6787909457247991,-1.466419541932595,1,74.7029888099416
7300,נצרת,59519,55.05395718678392,61.40855124737,39.830998755281286,55.75278276168412,60.33727513548142,39.03300076745971,-16.020956419324207,-21.30427436802171,0,48.28542146205413
7400,נתניה,195220,58.47723900602222,63.19073611423565,60.32581384432725,59.22545027193965,59.80023075298055,56.495909309662586,-1.98132969635963,-3.304321443317967,0,58.286036266775945
7500,סח'נין,23207,76.29909106499743,81.6806993081997,81.38351015747656,72.10093839646035,79.24528301886792,70.25427149199515,-6.044819573002272,-8.991011526872768,0,68.41470246046451
7600,עכו,43269,55.95008394517252,64.52680998270324,58.32531742978069,61.58020559407124,63.14361208312504,52.69273637031942,-3.2573475748530996,-10.450875712805619,0,58.88742517737873
7700,עפולה,45870,57.217036172695444,65.06855076120785,64.72045995241872,63.95113506132502,63.2336390412107,59.304039427018566,2.087003254323122,-3.929599614192135,0,63.27011118378025
7800,פרדס חנה-כרכור,32011,65.33259511191964,71.61832576638776,72.1679720046659,70.96806222075128,71.45287401446005,69.16974466035009,3.837149548430446,-2.2831293541099598,0,69.44800224922683
7900,פתח תקווה,197815,66.54263639380007,70.83222921964062,69.4864159988174,68.84834316983427,68.85330470850616,66.0894400988061,-0.4531962949939725,-2.7638646097000645,0,67.80476708035286
8000,צפת,24148,60.921347244056975,64.96496496496496,61.12120425642357,61.22220788715435,62.59252956691908,56.011089641266906,-4.910257602790068,-6.581439925652177,0,60.253437137651154
8200,קרית מוצקין,40960,63.654072015812545,69.02527686194945,66.88902038840175,65.62084551980855,65.37215976409257,61.91092172677928,-1.7431502890332666,-3.4612380373132936,0,63.34716796874999
8300,ראשון לציון,211845,66.22810228520629,70.93254677022627,67.73246027060391,66.80694703324014,66.89110211651968,64.4204658112904,-1.8076364739158919,-2.4706363052292772,0,66.19792773018008
8400,רחובות,111435,66.98715894280282,71.19532044760936,69.41808533741231,68.97296485148979,69.24847840878375,66.77758222417776,-0.20957671862505833,-2.4708961846059907,0,68.86884731009108
8500,רמלה,57383,56.212440800732274,64.68210286581893,58.877676504629626,61.506427013286704,64.03937347320017,56.25288089919513,0.04044009846285235,-7.786492574005045,0,63.82900859139467
8600,רמת גן,139055,66.25806081562754,69.34831497031176,67.12223232307669,66.3088457603567,66.01021536517297,64.75817609137205,-1.4998847242554945,-1.2520392738009178,0,65.23246197547734
8700,רעננה,69652,68.90746507251927,70.74832165192127,68.48059595381976,67.08441856902098,67.37229496479462,66.68408012179468,-2.2233849507245935,-0.6882148429999404,0,66.60540975133522
8800,שפרעם,30875,54.090626939788955,59.18049388486406,47.41503532140723,59.21871198693219,65.93406593406593,44.82527332483735,-9.265353614951607,-21.10879260922858,0,51.46558704453441
8900,טמרה,24503,70.33815903197926,80.67057160169662,58.525511350865365,72.42204110559886,80.23255813953489,52.37266553480475,-17.965493497174506,-27.859892604730135,0,63.51467167285638
9000,באר שבע,164728,56.74349947421017,62.86376167866442,61.337373211641285,60.29110532145974,61.77207843524647,56.56020980906394,-0.18328966514622635,-5.211868626182529,0,61.314409207906365
9100,נהריה,55086,60.83804266876945,65.88431092239743,62.93253721773628,61.52135054617677,62.71672328143101,59.23607243677146,-1.6019702319979885,-3.48065084465955,0,60.801292524416375
9200,בית שאן,14782,63.34817722092233,70.25089605734766,69.8589562764457,69.4586455634148,70.70622649394066,65.15999723546894,1.8118200145466048,-5.546229258471726,0,70.6602624813963
9300,זכרון יעקב,17889,74.65888310592207,76.97515446299461,74.63685815051707,72.47074199489099,72.04498372299497,71.857291546201,-2.801591559721075,-0.18769217679397343,0,71.21694896304992
9400,יהוד-מונוסון,24273,73.15332960268607,76.07459631566978,74.56672443674177,74.02614209913291,72.9194529531041,71.73253578295235,-1.420793819733717,-1.1869171701517445,1,74.27182466114613
9500,קרית ביאליק,36757,62.64230792155928,67.69856713249602,64.78082992402105,63.51094613158741,63.9697981704661,60.9626724600062,-1.679635461553076,-3.0071257104598956,0,62.64657072122317
9600,קרית ים,36834,54.68174275026018,59.312733822918105,57.83706787925272,56.65909277560295,57.52292322430546,53.42609174817468,-1.2556510020855,-4.096831476130781,0,55.63066731823858
9700,הוד השרון,48723,75.01349892008639,77.69551484523058,76.69186148708033,75.49470928329879,75.5874334674802,74.43092250457154,-0.5825764155148505,-1.156510962908655,1,74.35707981856619
9800,בנימינה-גבעת עדה,10889,75.12363427257044,76.57392253136935,75.96545219894767,74.304870834155,74.44671931363946,73.04761904761905,-2.076015224951391,-1.3991002660204117,0,72.18293690880705
