סמל ישוב,שם ישוב,אחוז הצבעה_19,אחוז הצבעה_20,אחוז הצבעה_21,שינוי_24_25,target_עלה_25
7,שחר,71.68949771689498,73.7527114967462,71.89922480620154,5.573025856044723,1
10,תירוש,66.11295681063123,71.24183006535948,71.17117117117117,11.38841078600116,1
11,"ניר ח""ן",68.8953488372093,72.98050139275766,71.712158808933,-0.47642525365233723,0
13,חצבה,75.70498915401302,76.37130801687763,80.2788844621514,0.28517671122416743,1
15,נועם,68.370607028754,76.66666666666667,71.8543046357616,10.773252614199222,1
16,בית ניר,82.23495702005731,80.90185676392572,77.15617715617715,-0.7174392935982326,0
18,שדה משה,76.57894736842105,78.6842105263158,76.88442211055276,3.88243965358393,1
21,באר אורה,81.17647058823529,84.13284132841329,75.63636363636364,-4.642072292808621,0
22,מקווה ישראל,67.66467065868264,69.23076923076923,67.10526315789474,-1.1743630573248396,0
23,אמציה,80.64516129032258,79.62382445141067,73.63636363636363,4.608784300399279,1
24,לכיש,82.53275109170306,83.09572301425662,81.99643493761141,-0.5326568766793827,0
26,ראש פינה,73.76093294460642,74.65437788018433,73.41930116472545,-0.12324974991302895,0
27,שדות מיכה,64.8854961832061,73.40823970037454,73.40823970037454,6.760942760942768,1
28,מזכרת בתיה,75.1733881325456,79.7481515711645,78.13737803110811,0.38204896141989764,1
29,יסוד המעלה,73.59705611775529,76.44959857270295,73.66255144032921,-4.163768112636475,0
31,אופקים,59.24090612067088,66.80941052075072,65.4997850900234,7.639553847895101,1
32,עוצם,75.96899224806202,81.56565656565657,76.52582159624414,5.15334773218143,1
33,בת שלמה,78.55227882037534,81.36020151133502,82.87037037037037,-6.965130541440331,0
35,גדות,64.77272727272727,68.45070422535211,66.31016042780749,0.4563475086278146,1
36,שדה דוד,63.75404530744336,68.8135593220339,75.69620253164557,9.148902322621709,1
37,איתן,73.35526315789474,82.25806451612904,77.23342939481267,8.597929249352887,1
39,גפן,73.09236947791165,78.17460317460318,73.62204724409449,5.925925925925924,1
41,אליכין,73.55119825708061,79.50386335908905,76.26339969372128,1.9570079451951585,1
43,מטולה,65.41635408852213,66.0,65.27875793930839,-4.45064982138252,0
44,זוהר,69.77611940298507,73.52941176470588,76.40449438202246,1.770574665354033,1
46,יבנאל,72.95850066934403,75.74468085106383,67.29383506805445,4.188296070001428,1
47,כפר תבור,73.56093687971416,75.29622980251347,75.01510574018127,-0.7424972008528528,0
48,מנחמיה,63.41463414634146,67.98679867986799,65.91397849462366,4.764341502827911,1
49,אילניה,68.55036855036855,70.82352941176471,69.63123644251627,-3.338069527327832,0
52,לוזית,71.52542372881356,77.74647887323944,73.80410022779044,8.422298349423855,1
53,עתלית,66.73474018606763,70.93543575538035,71.80879956545357,2.1882013263167153,1
55,נוגה,61.38888888888889,73.15789473684211,71.67919799498746,8.138932954830096,1
57,כנרת (קבוצה),67.04918032786885,69.3522906793049,66.61392405063292,-2.5545131394296874,0
58,מצפה,77.20588235294117,79.52755905511812,78.03030303030303,3.1873406329683434,1
59,נחושה,86.74418604651163,83.11444652908068,82.48974008207935,-2.9826598962834936,0
62,דגניה א',67.66355140186916,70.22900763358778,71.26213592233009,-3.587609801202035,0
63,כנרת (מושבה),70.37861915367483,75.42372881355932,73.12859884836853,-1.0508156634174242,0
64,"יד רמב""ם",73.03070761014686,78.36107554417413,75.65947242206235,3.8740340195431315,1
65,מגדל,62.51053074978938,67.61229314420804,67.29106628242076,3.9278183504386845,1
66,מרחביה (קיבוץ),75.47408343868521,75.41766109785203,73.1981981981982,-1.6920492721164635,0
67,אור הנר,76.953125,77.89473684210526,81.75787728026535,-0.9307936507936603,0
69,ניר עוז,75.51622418879056,78.19767441860465,75.07598784194529,0.3607133701981269,1
70,אשדוד,62.98028372204857,67.655544000047,66.14198052130834,2.7668763626720363,1
71,אשבול,71.05263157894737,73.46278317152104,78.62407862407862,4.322492024104918,1
72,גן שמואל,76.22461170848268,79.03981264637002,77.15269804822043,-1.4908256880734,0
74,עין הוד,70.93596059113301,74.5575221238938,74.39516129032258,-5.3842492198656515,0
76,כפר גלעדי,65.85820895522389,67.1559633027523,63.70106761565836,-1.3751889355827913,0
77,איילת השחר,72.11538461538461,72.87287287287288,73.27586206896551,0.5798629414865673,1
78,קרית ענבים,76.36363636363637,78.15699658703072,72.36842105263158,-2.4674064308210575,0
79,דגניה ב',75.0996015936255,77.3764258555133,78.1651376146789,-2.964336847585585,0
80,נהלל,75.98736176935229,77.92792792792793,76.14424410540916,-2.1462210977228864,0
82,עין חרוד (מאוחד),70.60561299852289,71.42857142857143,72.20588235294117,-3.5206809814929017,0
84,תל יוסף,73.52941176470588,77.7479892761394,77.35849056603774,-3.258286429018142,0
85,כפר יחזקאל,79.62962962962963,82.71236959761549,81.74157303370787,-1.2042290162870302,0
86,גבע,75.4980079681275,75.82846003898635,71.94656488549617,-4.803665310244455,0
89,עין חרוד (איחוד),76.27118644067797,77.54716981132076,75.76335877862596,-2.134618496174568,0
90,חפצי-בה,72.54901960784314,73.5576923076923,74.20494699646643,-3.032609614943155,0
92,גיניגר,73.33333333333333,71.26865671641791,70.990990990991,-4.470168898481049,0
94,בלפוריה,75.91463414634147,80.0,82.23350253807106,-1.0855528652138844,0
95,בית אלפא,71.15072933549432,73.66071428571429,72.26890756302521,0.14285173692574915,1
96,יגור,69.74921630094045,70.61611374407583,69.50672645739911,-2.7071828393252915,0
97,מרחביה (מושב),76.75350701402806,78.72763419483101,75.9927797833935,-0.8618480883640558,0
98,"כפר מל""ל",80.64516129032258,82.98611111111111,81.44329896907216,-2.719780219780205,0
99,מצפה רמון,58.70818915801615,60.9392575928009,57.77173913043478,2.684748577858933,1
102,מאיר שפיה,52.52525252525253,53.2608695652174,50.943396226415096,-7.466032608695649,0
103,תל עדשים,76.66195190947667,81.73333333333333,80.42959427207637,-4.870873087355193,0
104,מזרע,73.21156773211568,72.82442748091603,73.52941176470588,-2.1574043160227063,0
106,כפר גדעון,73.07692307692307,77.84431137724552,80.21978021978022,-0.8676245643070217,0
107,כפר סילבר,56.00000000000001,56.04395604395605,40.963855421686745,-8.919288645690841,0
112,כפר חסידים א',79.04191616766467,78.44311377245509,76.26459143968872,-3.9372050535047833,0
113,אדירים,82.4468085106383,77.99043062200957,76.08695652173914,-1.6039279869067258,0
115,חופית,76.69064748201438,78.52062588904694,71.80192572214581,-2.4854443955926797,0
122,רמת ישי,76.04387146430633,77.54463464016197,75.69714084009883,-0.9523219429706984,0
126,שריד,71.74515235457064,73.03988995873453,72.70306258322236,-0.8538371809131036,0
127,רמת רחל,76.875,80.43478260869566,79.55182072829132,-2.0687928390347707,0
128,גת רימון,73.4375,77.94871794871796,74.11167512690355,-2.6270325203252014,0
130,משמר העמק,76.28865979381443,74.44933920704845,76.33262260127933,-0.8583734379423191,0
132,כפר ברוך,78.839590443686,78.35365853658537,79.28176795580112,1.7982627366777422,1
133,גבת,81.05939004815409,83.85093167701864,81.20411160058737,0.6193484454353921,1
134,יפעת,75.29411764705883,77.52808988764045,74.1656365883807,0.6114398422090659,1
135,רמת דוד,89.52380952380953,77.52161383285303,80.45977011494253,-2.371617161716159,0
139,עין שמר,73.1833910034602,74.48979591836735,75.17361111111111,-0.3805796964791739,0
140,כפר יהושע,82.17967599410898,83.02687411598303,80.33775633293125,-0.12519561815335578,0
141,ברק,69.96587030716724,72.34726688102894,71.76079734219269,7.844565877352764,1
142,שדה יעקב,85.46845124282983,84.16370106761566,82.08469055374593,0.2122150720775835,1
143,בית זרע,72.76051188299817,69.79166666666666,62.398703403565634,2.066772655007952,1
144,גן שלמה,76.48648648648648,80.21108179419525,83.12342569269522,-2.663438256658594,0
145,גדיש,67.85714285714286,76.06177606177607,70.54545454545455,3.6786312069927476,1
146,דבורה,71.9298245614035,74.42922374429224,70.0,-3.201457574180118,0
147,גבעת ברנר,75.82480091012515,75.69367369589345,75.02651113467657,-1.3703588143525707,0
154,תל מונד,74.29454447729104,77.75707898658717,76.61804430037817,1.0352362898717757,1
155,באר טוביה,83.93442622950819,81.84568835098335,80.99489795918367,-1.2623144377837008,0
156,עיינות,70.12987012987013,59.09090909090909,48.62385321100918,-1.051290219815229,0
157,עין ורד,83.45473465140478,83.82936507936508,81.26721763085399,-4.485440944177867,0
158,נען,76.0777683854607,75.35387177352206,76.89335394126738,-1.4043696304859452,0
159,בית חנן,78.2,81.22866894197952,78.84615384615384,-3.4573044874244943,0
160,חולדה,73.73134328358208,83.88349514563107,84.48,-4.582001855478808,0
162,חירות,83.90941597139452,84.51536643026006,82.34660925726588,-3.137302040448361,0
163,תימורים,77.77777777777779,77.62938230383973,78.63924050632912,0.24675754566519004,1
164,מלאה,83.40248962655602,78.19548872180451,81.15942028985508,-1.8050541516245318,0
165,ניר יפה,73.00275482093664,81.00263852242745,74.6268656716418,1.1193646161304116,1
166,גן יבנה,73.57233739989522,77.178221264168,75.63082238262695,2.0699755488384994,1
167,עין החורש,78.61538461538461,80.96676737160121,81.89781021897811,-0.5303394172270259,0
168,כפר יונה,71.91574724172519,76.57631540803015,73.99701860133516,2.2972990681718954,1
170,כפר יעבץ,78.5876993166287,81.20950323974083,78.95878524945769,-3.4412230914762034,0
171,פרדסיה,75.60247387502666,78.30788804071247,77.29468599033817,0.6970929162743573,1
173,גבעת חיים (מאוחד),77.52293577981652,79.14746543778803,76.74943566591422,-2.053880121863557,0
174,נטעים,80.68669527896995,80.33826638477801,77.05223880597015,-1.280993207618863,0
175,אביחיל,76.15546218487394,77.44994731296102,76.64609053497942,-5.019690223672271,0
176,אפיקים,68.25705939629991,69.56106870229007,68.79039704524469,-0.43769556792582875,0
177,"כפר ביל""ו",77.85977859778598,81.52562574493444,80.87557603686636,0.15273726434962498,1
178,רמת יוחנן,70.2523240371846,71.08585858585859,70.49576783555018,-0.10348633347371106,0
182,אבן יהודה,76.83092224231464,79.13317401694547,77.10769856605309,-0.6777342591646232,0
183,ירקונה,76.42857142857142,81.59722222222221,75.2411575562701,-1.7846179460764375,0
184,רמת הכובש,75.41528239202658,77.93880837359099,77.67584097859327,-0.5057218086991639,0
186,נעורים,47.16981132075472,50.318471337579616,43.35260115606936,-1.5878960377499922,0
187,כפר הס,78.65786578657867,79.2016806722689,77.01149425287356,0.5885135194317144,1
188,אשדות יעקב  (מאוח,69.00726392251816,69.81132075471697,69.56521739130434,1.3157383468085442,1
189,כפר פינס,86.4306784660767,85.63218390804597,84.67741935483872,-0.5398110661268589,0
190,כפר ויתקין,80.07518796992481,80.16224188790561,77.16927453769559,-2.2279044439709423,0
191,הדר עם,83.56807511737088,84.11633109619687,83.52941176470588,-0.9892149310175853,0
192,כפר החורש,76.0,78.58823529411765,78.10526315789474,1.5102942846411054,1
193,כפר חיים,80.81534772182253,81.75,78.36538461538461,-0.9019987654058212,0
194,משמר השרון,67.70186335403726,67.58349705304518,67.12328767123287,-3.6646332391013203,0
195,קדימה-צורן,74.43406547168223,77.81963384314021,76.13747954173486,-0.12695859661526754,0
196,גיבתון,82.45614035087719,84.64912280701753,77.82101167315176,-2.8105590062111787,0
197,מעברות,77.14285714285715,79.04761904761905,79.75543478260869,-3.626475352927571,0
198,צופית,78.63818424566088,78.63695937090432,74.96855345911949,-0.2589077589077675,0
199,אשדות יעקב  (איחו,69.10420475319927,73.97034596375617,74.84662576687117,-2.0314518163607147,0
200,בית ינאי,73.13915857605178,69.1588785046729,63.84364820846905,-0.16398855381906685,0
202,בית עובד,81.27490039840637,84.26966292134831,75.31380753138075,-2.2556739231125533,0
204,אלישיב,77.728285077951,83.08351177730194,77.58985200845666,0.6980817631453817,1
205,חגלה,82.48847926267281,83.70044052863436,81.96392785571143,-5.1684484897481155,0
206,רמות השבים,76.86567164179104,76.95238095238095,77.35191637630662,-1.528744463527076,0
207,"גבעת ח""ן",84.51612903225806,84.2809364548495,86.53198653198653,0.3615457562825952,1
208,מוצא עילית,68.92086330935253,71.00840336134453,73.11111111111111,0.2966135752566288,1
213,משמרות,77.15231788079471,79.95642701525054,79.5774647887324,-1.9997018460697547,0
217,"כפר הרא""ה",85.32934131736528,84.6262341325811,82.00836820083683,1.4795944624569017,1
218,גני עם,88.23529411764706,80.0,80.18867924528303,-0.3471295060080166,0
219,חיבת ציון,81.6867469879518,85.71428571428571,81.75675675675676,-3.4398789186597014,0
220,כפר ביאליק,70.93596059113301,76.2589928057554,77.35042735042735,3.260452627541227,1
223,עין עירון,81.99445983379502,83.54755784061697,83.94160583941606,-4.593784235714708,0
224,שושנת העמקים,64.30062630480167,72.37687366167023,71.10609480812641,1.9846379929401365,1
225,גן השומרון,77.8169014084507,78.47222222222221,76.89822294022616,-1.5420313111352186,0
229,גני תקווה,76.47934499441756,79.1016466936805,78.65840632343516,0.37481143659381644,1
230,מעש,78.22085889570552,80.02915451895043,78.77906976744185,-3.5178090643294837,0
232,שפיים,77.72727272727272,78.80794701986756,79.30327868852459,0.33300301455359715,1
233,כפר ידידיה,84.10041841004184,81.59509202453987,82.36514522821577,-3.4024735178304013,0
234,ביצרון,82.76315789473684,82.61405672009865,80.13698630136986,-2.8815379377177095,0
235,חבצלת השרון,67.05539358600583,65.40697674418605,66.3716814159292,-0.9927548732102736,0
237,שער העמקים,77.96296296296296,78.88086642599278,78.76588021778585,-1.7422497954212588,0
239,גן חיים,81.59392789373814,84.83685220729367,81.75046554934823,-0.665119399715195,0
240,יקנעם עילית,68.40194533872183,72.33780543133062,69.92114370000567,0.3815774907678815,1
241,יקנעם (מושבה),78.04621848739495,77.65306122448979,77.70069375619426,-2.2340751651817783,0
242,בית השיטה,72.2672064777328,74.55268389662028,74.52107279693486,-3.4980258047316255,0
246,נתיבות,73.28977709454266,76.46053449347421,75.02544360369929,5.214867359438827,1
247,רשפון,77.81649245063879,76.28635346756153,78.43137254901961,-3.140501896702645,0
248,בית שערים,85.17699115044249,86.80851063829788,81.104033970276,-1.485171102661596,0
249,כפר סירקין,79.85781990521326,79.5749704840614,80.20725388601036,-0.19594923538301146,0
250,הזורע,67.52941176470588,70.16706443914082,70.63492063492063,-1.7646910952648227,0
252,ביתן אהרן,72.05882352941177,67.88321167883211,76.11111111111111,-4.55717488789238,0
253,חולתה,73.58490566037736,76.34961439588689,75.11627906976744,-0.2614737941152754,0
254,כפר המכבי,69.23076923076923,69.20415224913495,70.81967213114754,3.451620488301913,1
255,כפר חיטים,71.33333333333334,73.1006160164271,68.52589641434263,-2.022050952686783,0
256,ניר דוד (תל עמל),77.32142857142857,76.94974003466204,78.85245901639344,-4.401123244929792,0
257,נופך,70.12578616352201,77.81065088757396,80.96446700507614,3.9956212370005346,1
259,שדה נחום,70.34482758620689,74.30939226519338,77.57575757575758,-2.6250296962106603,0
262,גינוסר,67.97520661157024,71.67630057803468,70.8029197080292,8.600031223167598,1
263,מסדה,61.81102362204725,69.43396226415094,69.02985074626866,-1.624352658835413,0
264,שער הגולן,74.85148514851485,75.39682539682539,79.91886409736308,-4.234380868911984,0
265,בית יוסף,56.07476635514018,60.371517027863774,71.98879551820728,14.703007685814562,1
267,כפר שמריהו,67.37338044758539,68.5017026106697,65.3969957081545,-0.5765137148899271,0
268,טירת צבי,78.94736842105263,79.73231357552581,80.76923076923077,-2.369502191566255,0
269,מולדת,77.67857142857143,80.2037845705968,78.27715355805243,-3.403009988567618,0
270,עין השופט,64.13043478260869,64.3281807372176,60.710194730813285,-2.9831948712112677,0
272,מעוז חיים,64.64891041162227,64.63963963963964,66.37931034482759,0.058917005854368654,1
273,עין גב,62.5560538116592,69.21397379912663,67.98336798336798,-2.958065384632363,0
274,כפר מנחם,76.02409638554218,78.45373891001267,76.73888255416192,-1.563084278039426,0
276,צור משה,80.8433734939759,79.54815695600476,77.94843664289633,-1.502267732547665,0
278,אושה,68.84272997032642,72.30320699708454,74.10468319559229,-0.5391500915905567,0
280,חניתה,63.580246913580254,65.66091954022988,53.7087912087912,-0.7202548594117957,0
281,פקיעין חדשה,66.015625,73.66548042704626,78.86435331230284,3.2461435278336808,1
282,שבי ציון,73.45013477088949,73.18059299191376,72.80092592592592,-3.082838513284969,0
284,שדה ורבורג,80.29504741833509,81.16402116402116,78.98477157360406,-3.3254929879385884,0
285,אלונים,76.2278978388998,78.91682785299807,77.38791423001949,-2.5307177293817347,0
286,מעלה החמישה,65.48463356973994,70.56451612903226,70.47101449275362,-0.13458114207627148,0
287,תל יצחק,83.28313253012048,84.5925925925926,81.44796380090497,0.8598388560033783,1
288,בית יהושע,79.53846153846153,80.18154311649016,76.67597765363129,-2.236957483944778,0
289,עין המפרץ,78.29457364341084,77.82874617737004,79.7979797979798,-2.5444616689467523,0
290,מעין צבי,71.35678391959799,71.9155844155844,71.64404223227753,0.053635073877984496,1
292,שרונה,79.62529274004683,80.13856812933025,79.23250564334086,-2.1395655036208012,0
293,שדה יואב,79.92277992277992,81.38686131386861,79.67479674796748,-3.356526220847826,0
294,אילון,75.16512549537649,78.1456953642384,77.96817625458996,-0.572605819133841,0
295,כפר רופין,67.5,67.67676767676768,69.68911917098445,-2.920199501246884,0
296,נווה איתן,62.735849056603776,61.57205240174672,64.8936170212766,3.935926773455371,1
297,כפר מסריק,73.57001972386587,74.75915221579962,70.05163511187608,-1.9603810348560273,0
298,מסילות,64.40677966101694,67.10816777041943,66.66666666666666,-0.2956416528577819,0
300,דליה,73.43283582089552,77.91044776119404,75.6838905775076,-3.203887670408122,0
301,בית עוזיאל,69.97578692493947,76.95852534562212,72.13822894168467,6.847863987253206,1
302,דפנה,79.27272727272727,80.14440433212997,80.66783831282952,-1.4214663058884156,0
303,דן,73.26086956521739,76.44539614561027,76.85009487666035,-2.6281172544621114,0
304,שדה אליהו,65.54621848739495,66.16161616161617,65.37216828478964,-0.35554492164133933,0
305,גשר,67.04545454545455,66.9047619047619,63.8755980861244,-0.8038476855681225,0
306,שדמות דבורה,78.84615384615384,82.36607142857143,81.32780082987551,-1.6937004903809907,0
307,הזורעים,78.53982300884957,84.05172413793103,82.13592233009709,-5.562933355086059,0
308,מחניים,68.50961538461539,73.44753747323341,73.44632768361582,-0.5186913106450817,0
309,נהורה,69.64285714285714,76.04049493813272,74.60484720758693,2.5585414474303434,1
310,כפר גליקסון,72.24334600760456,74.61538461538461,76.70250896057348,-5.521031646251657,0
311,גן שורק,76.19047619047619,80.5668016194332,75.57251908396947,-0.10959132147711159,0
312,נווה ים,73.97260273972603,79.51219512195122,72.98578199052133,0.6025727826675791,1
313,אפק,71.60804020100502,73.8498789346247,76.76767676767676,0.923013714156184,1
315,נגבה,67.96747967479675,68.362480127186,70.48458149779736,-2.1329463373315036,0
316,כפר נטר,79.88165680473372,80.95238095238095,82.14285714285714,-1.8557882629317959,0
317,בית אורן,63.80597014925373,68.92857142857143,65.56291390728477,-2.30570890218506,0
318,עמיעוז,60.19900497512438,70.79207920792079,64.25120772946859,10.944637693307065,1
319,עמיר,73.46072186836517,73.57293868921776,74.10358565737052,-2.4735048356477733,0
320,כפר ורבורג,80.28985507246377,80.8108108108108,79.80416156670746,-1.2109509688987004,0
322,בית הלל,73.89558232931726,74.33460076045627,74.26086956521739,-3.253064798598956,0
324,שאר ישוב,76.8361581920904,80.25,75.76470588235294,-1.116650049850449,0
325,מצובה,66.85159500693482,72.07207207207207,74.75728155339806,1.063157503438532,1
326,בית יצחק-שער חפר,79.36102236421725,80.58132343846628,78.59801488833746,-1.582044814855422,0
327,שדות ים,78.23240589198036,81.31868131868131,83.1896551724138,-1.6256208647541115,0
329,שדה נחמיה,76.90875232774674,78.31513260530421,78.2312925170068,-2.6818120301676913,0
330,אלומות,68.20083682008368,68.6046511627907,72.75641025641025,3.5950507469494823,1
331,ניר צבי,79.1907514450867,78.177727784027,80.32608695652173,-2.75315065611602,0
334,קבוצת יבנה,75.0,74.72527472527473,74.91694352159467,-4.35615951288348,0
335,רמת השופט,71.63934426229508,71.69811320754717,71.72701949860725,-3.041622554929546,0
336,דורות,73.0,74.85380116959064,75.86206896551724,-3.3758488798688546,0
338,איבים,11.864406779661016,39.285714285714285,5.0,5.58896083872958,1
339,רמת צבי,79.84496124031007,83.29113924050633,83.82022471910112,-4.662323104946054,0
340,גת (קיבוץ),70.917225950783,70.48832271762208,72.72727272727273,-0.5434782608695627,0
342,גברעם,74.06143344709898,71.28378378378379,76.875,-0.26347503485432355,0
343,חמדיה,71.80327868852459,72.06349206349206,70.84745762711864,-0.7608644474786956,0
344,מענית,81.72484599589322,84.5360824742268,82.56029684601113,-1.4330421333719983,0
345,כפר סאלד,73.08584686774941,75.16930022573364,74.63002114164905,-3.0964234536348982,0
346,גליל ים,79.6116504854369,85.22012578616352,78.90173410404624,-1.1151456341070372,0
347,מנרה,70.37037037037037,64.18604651162791,68.54460093896714,-4.741784037558688,0
348,ניר עם,58.18181818181818,63.71681415929204,65.1948051948052,3.9474507350641233,1
351,ניצן,77.88595271210013,79.82832618025752,80.71748878923766,-0.4755290849596321,0
352,גבולות,60.526315789473685,60.43956043956044,66.66666666666666,-3.810707258983129,0
353,בית זיד,48.14814814814815,62.96296296296296,61.94690265486725,6.746031746031747,1
354,רביבים,64.83180428134557,66.51917404129793,63.50574712643679,-4.45508730430452,0
355,חורשים,64.77272727272727,67.3992673992674,67.82006920415225,0.9739195068097928,1
356,הגושרים,72.05882352941177,73.66548042704626,75.23809523809524,-0.7696672855592368,0
357,כפר בלום,66.11295681063123,70.07751937984497,70.31463748290014,0.3940625191416416,1
358,יד מרדכי,69.87577639751554,73.61111111111111,75.68345323741006,0.9144316730523627,1
359,ניצנים,74.93036211699165,76.16279069767442,75.98784194528876,2.582298442736061,1
360,"גבעת ניל""י",79.15567282321899,80.8252427184466,83.56481481481481,-0.3444026986627904,0
362,רוחמה,67.09956709956711,66.73960612691467,70.28112449799197,-3.9061245855871647,0
363,חפץ חיים,84.40860215053763,87.85046728971963,88.01169590643275,-0.8147277712495082,0
364,כפר אוריה,77.8688524590164,80.56112224448898,79.33579335793358,2.2437619767005685,1
365,בית קשת,68.40579710144927,72.88557213930348,74.05857740585773,-1.8110989611809742,0
366,שמיר,68.20987654320987,71.55824508320727,77.00296735905044,-3.2110549184414907,0
367,עין העמק,66.73076923076923,75.76853526220614,80.1056338028169,2.8152697437850662,1
368,ביריה,71.92028985507247,74.44253859348198,74.14965986394559,1.6136031877539807,1
369,גלעד (אבן יצחק),69.82758620689656,75.97765363128491,75.2659574468085,-1.8466413931998602,0
370,גזר,50.429799426934096,53.65168539325843,52.72727272727272,-0.983773867658833,0
372,רמות נפתלי,72.7047146401985,72.44655581947742,75.11627906976744,-1.099951465446381,0
373,בית הלוי,82.0675105485232,81.87134502923976,81.31021194605009,-1.1830430496220856,0
374,חוקוק,65.35433070866141,69.45812807881774,68.98876404494382,1.9979972135144521,1
375,מגל,83.89458272327965,83.68200836820083,81.6708229426434,-4.537850214782026,0
376,עברון,73.94822006472492,79.64169381107492,79.36746987951807,-1.370262390670547,0
377,המעפיל,78.4452296819788,77.05779334500875,77.31629392971246,-0.22142821196719353,0
378,משגב עם,62.85714285714285,70.33898305084746,66.02316602316603,-2.241645685511557,0
379,גאולים,69.76744186046511,81.60741885625966,78.17109144542773,0.7988904299583908,1
380,להבות הבשן,68.25396825396825,73.60890302066773,72.8486646884273,-4.956008575140061,0
382,מכמורת,69.81891348088531,70.86538461538461,70.04784688995215,-1.283911307406882,0
383,"עין הנצי""ב",80.42959427207637,77.62237762237763,79.72972972972973,-0.36329315490313263,0
385,עמיעד,66.10576923076923,64.35406698564593,63.3177570093458,-0.7133508794638317,0
386,בני דרור,70.44573643410853,72.14700193423597,80.17928286852589,-5.442700156985886,0
387,כפר מונש,80.32786885245902,79.44983818770227,76.4423076923077,0.7229573748866329,1
388,כפר קיש,68.76876876876878,74.33155080213903,75.23148148148148,-2.74209271154281,0
389,בצרה,79.50937950937951,80.4630969609262,75.0,0.4073926089579345,1
390,רגבה,77.4234693877551,76.83956574185767,76.2081784386617,0.48131952393123356,1
393,גלאון,68.04123711340206,68.04123711340206,69.04231625835189,1.283474277660332,1
394,שובל,69.31407942238266,73.86363636363636,78.31715210355988,0.25439112942792974,1
395,משמר הנגב,65.58533145275035,66.9836956521739,67.44791666666666,-2.1532705748351475,0
396,נבטים,77.22007722007721,81.66383701188455,78.16411682892907,2.7851376357116067,1
397,חצרים,72.69180754226268,76.30208333333334,75.39975399753997,-2.7189449064449036,0
398,שרשרת,77.19298245614034,78.16593886462883,75.8893280632411,4.145021645021643,1
399,בארי,79.74683544303798,83.2089552238806,79.62085308056872,-2.6750492416509815,0
400,אבן שמואל,87.63102725366876,89.07849829351537,86.79678530424799,0.916228112966067,1
402,ניר יצחק,68.97163120567376,67.31448763250883,66.49572649572649,-0.8440809478871785,0
403,אורים,58.12356979405035,61.32075471698113,57.23830734966593,1.008078998912893,1
405,נווה אילן,69.00489396411092,69.9290780141844,71.865889212828,-0.6435119887165115,0
406,חצור-אשדוד,70.68676716917923,71.17834394904459,70.9090909090909,-1.459178589223427,0
407,דברת,73.38709677419355,69.36170212765957,68.21192052980133,-3.5558241145300684,0
408,נאות מרדכי,70.34764826175869,70.9812108559499,73.87033398821218,-1.1647083075654479,0
409,יחיעם,72.279792746114,69.74248927038627,87.52260397830018,-4.148761977987547,0
413,צאלים,69.6969696969697,75.93582887700535,74.18546365914787,-3.509986157801066,0
414,קלחים,73.70242214532871,77.39938080495357,83.14285714285714,3.268957503552457,1
415,שוקדה,73.19587628865979,81.5,80.45977011494253,8.647612408504699,1
416,מעין ברוך,71.91780821917808,73.67303609341825,71.03594080338267,-3.6428546670826023,0
417,יקום,81.1881188118812,80.31496062992126,80.48327137546468,-1.8076007131902827,0
418,בני ציון,79.6565389696169,82.15613382899627,75.12135922330097,-1.6355140186915804,0
419,סעד,80.10204081632652,80.3030303030303,79.32148626817448,-3.2161234991423555,0
421,משאבי שדה,63.61655773420479,69.43231441048034,67.75599128540306,-1.759665820140988,0
422,חרב לאת,79.957805907173,82.35294117647058,78.69481765834932,-2.5153172539526025,0
423,העוגן,72.82051282051282,76.61691542288557,76.22950819672131,-3.6063060278207075,0
424,גבים,74.6875,76.20396600566572,76.83741648106904,-3.2870559412004923,0
425,משמרת,80.72916666666666,81.02893890675242,80.30534351145037,-1.1126771680178678,0
426,עין כרמל,82.23684210526315,80.0,80.03838771593091,-3.9591407602869566,0
427,כפר גלים,67.46987951807229,71.42857142857143,68.53932584269663,3.903708523096938,1
428,ברור חיל,68.64951768488746,69.28783382789318,72.48322147651007,-2.992232180964578,0
429,אלוני אבא,84.0,82.16039279869068,79.57957957957959,-2.2083047357584036,0
430,בית לחם הגלילית,77.45454545454545,79.10714285714285,78.09983896940419,0.6619859045634655,1
431,דלתון,61.93895870736086,73.29931972789116,74.4336569579288,13.366838936039073,1
432,שמרת,69.83240223463687,72.88135593220339,73.15914489311164,1.0940170940171043,1
433,נחשולים,76.47058823529412,80.0,79.66101694915254,-3.508502670513849,0
434,החותרים,77.54677754677755,79.32405566600397,78.64583333333334,-1.9711093716644115,0
435,נצר סרני,77.9385171790235,79.74452554744525,82.38341968911918,1.0292323459079569,1
436,עין דור,64.42432082794308,66.89576174112256,65.81858407079646,-0.9853819027628603,0
437,רשפים,76.775956284153,79.53964194373401,83.36134453781513,-2.348265895953759,0
439,שלוחות,73.3502538071066,73.76623376623377,76.51933701657458,-2.0985354241059895,0
440,יסודות,93.19727891156462,91.0,95.03105590062113,-1.1263073209975687,0
442,גדעונה,67.47572815533981,74.80314960629921,73.79310344827587,-1.6144169329073463,0
443,כפר הנשיא,55.824508320726174,59.04486251808972,58.110014104372354,-2.4047354790972975,0
444,רגבים,62.089552238805965,68.86543535620054,69.7560975609756,4.764837478615604,1
445,רמות מנשה,79.38829787234043,79.48717948717949,79.17174177831913,-2.3156815224384673,0
446,אודים,81.02189781021897,82.6330532212885,78.55361596009975,-3.6014405762305017,0
447,נורדיה,75.82089552238806,79.13965822038892,76.68393782383419,0.28503042387156796,1
448,בני עטרות,83.75,83.52941176470588,85.0574712643678,-2.7112120792654224,0
449,נחלים,86.0,85.87830080367394,84.92239467849224,-2.1230852909181834,0
450,בארות יצחק,66.4179104477612,68.62745098039215,70.37037037037037,-2.225378787878796,0
452,יזרעאל,57.91304347826088,62.477876106194685,62.544169611307424,0.7757484466202129,1
453,יפתח,61.39359698681732,69.41176470588235,72.42026266416511,-2.0737446681619645,0
454,סער,67.05882352941175,74.25925925925925,74.0924092409241,1.2059816690786391,1
456,שורש,78.46153846153847,78.8391777509069,79.85280588776449,0.08377663670243152,1
457,גזית,75.47495682210709,74.65753424657534,72.90015847860539,-2.7304584616758234,0
460,רמת רזיאל,76.63551401869158,75.27839643652561,75.05330490405117,0.6599200311383129,1
462,טל שחר,77.35849056603774,83.04093567251462,80.99606815203146,-1.4683077016180874,0
463,געתון,68.64035087719299,67.53246753246754,70.64220183486239,-2.0748343800535167,0
464,הראל,49.18918918918919,52.26130653266332,54.75113122171946,-0.27734976887519025,0
465,צובה,68.18950930626058,68.72037914691943,64.84751203852326,-2.4964736031699886,0
466,בית דגן,73.03370786516854,78.08814400993171,76.12890391883828,3.313419178823125,1
469,קרית עקרון,65.3700429401364,72.4632261281476,70.7018831010027,5.354264589535575,1
472,אבו גוש,47.41578812033942,60.77070368597415,40.68408752921181,14.94979647690937,1
473,אבו סנאן,60.00507227998986,69.32918809039819,52.46913580246913,1.433403962792724,1
475,דחי,38.91752577319588,60.37296037296037,27.698574338085542,19.888932743375086,1
478,אכסאל,46.7401166558652,66.32443531827515,51.5850144092219,8.04048883891793,1
480,בית ג'ן,57.93047256925584,53.48510039647015,57.47810858143608,14.604312852804334,1
481,מגאר,38.36694908900052,47.18126014252452,47.5656385419322,0.6449467407792611,1
482,בועיינה-נוג'ידאת,68.09255298463933,65.76576576576578,52.41530740276035,4.454699382052425,1
483,בענה,66.1761475949923,79.13907284768213,72.01743235881605,6.246163759679348,1
485,ג'ולס,63.17365269461078,59.815733522324585,55.88363004776379,-4.362594089180654,0
487,ג'ש (גוש חלב),44.42934782608695,59.50627977479428,47.29286300246103,4.368412603745085,1
489,דבוריה,58.13347236704901,74.28383272966744,54.88601713373021,8.526351078931704,1
490,דייר אל-אסד,73.01468384776746,80.15427769985975,73.47318768619662,8.432118348568956,1
492,דייר חנא,82.68849206349206,82.94236445549168,74.46483180428135,0.18039343484913672,1
494,דאלית אל-כרמל,57.87999277064883,58.6406425425339,59.76937860345932,15.018663344751303,1
496,חורפיש,54.38231469440832,52.863436123348016,52.87536361602149,8.058167157830127,1
497,טייבה (בעמק),64.96881496881497,59.29791271347249,39.56412405699916,9.6160726156375,1
498,טורעאן,59.40321947389086,65.20833333333333,47.86130913804277,10.834812295323538,1
499,יפיע,55.593158327997806,64.71756780100189,44.69443363176333,7.253211269604705,1
502,ירכא,69.78097193702943,65.8974358974359,68.2533625870457,0.16577095990734136,1
504,כאבול,76.86238810499165,82.41098241098241,64.36298841797124,7.526242400672757,1
505,כאוכב אבו אל-היג',66.58801321378009,78.47314691522415,63.54044548651817,5.255660897411609,1
507,כפר יאסיף,66.59763313609467,71.5864577504197,60.87347463070007,7.597243832429598,1
508,כפר כמא,35.25528169014084,47.0563320626853,42.07436399217221,2.265325771768751,1
509,כפר כנא,59.82723229558673,69.97297726911461,48.37108501118568,4.39529759010145,1
510,כפר מנדא,73.04464933181394,76.89813048454788,61.98873377418565,9.497092432506577,1
511,עילוט,46.44913627639156,43.374301675977655,28.087688393031907,14.218858084984909,1
512,כפר מצר,51.00764419735928,61.302931596091206,45.11707595659623,7.38079206202984,1
514,עין ראפה,50.57692307692307,65.30249110320284,39.11671924290221,15.317159846947533,1
516,מג'ד אל-כרום,73.0581076243885,74.84340044742729,61.06492478226445,12.687283257108163,1
517,מזרעה,63.30677290836654,79.02439024390245,59.08134642356241,12.439269032530724,1
518,מעיליא,66.24007060900264,74.66159052453469,61.56299840510366,1.5227480015022223,1
520,משהד,56.32661996497374,68.67739963317709,49.27695405454878,-1.1829117607645614,0
521,עין נקובא,49.63444354183591,57.22627737226277,44.89795918367347,8.483258599850174,1
522,נחף,57.05375705375706,70.77904075408927,52.050970873786405,11.077391588681998,1
523,ניין,74.48210922787194,78.06788511749347,52.0976353928299,-2.3154495461712727,0
524,נאעורה,54.91666666666667,61.5566037735849,43.138634764250526,14.545566654334685,1
525,סאג'ור,53.19825188716726,54.12118931125329,43.97283531409168,6.452538564042051,1
526,סולם,64.39081812831077,74.29205996668517,44.34826883910387,13.55773236030793,1
527,שזור,66.15969581749049,76.24521072796935,69.11764705882352,8.318017119151406,1
528,עוזייר,37.6953125,56.51651651651651,40.06147540983606,6.352230141503711,1
529,אעבלין,59.2108735814199,61.06965174129353,50.57780769662291,9.558273929556165,1
530,עיילבון,74.1490857946554,70.91633466135458,64.41298511105687,5.347456722558611,1
531,עראבה,59.8898611949306,72.75350080923229,59.44499138567561,1.7202259044924375,1
532,עין מאהל,61.36489479512736,73.9665673189063,44.35318275154005,11.835140240956015,1
534,עספיא,49.852884738390685,53.12993800899477,50.43971947011021,10.048020225844496,1
535,פסוטה,49.04132935662548,56.00000000000001,44.013948082138704,3.170474414706433,1
536,פקיעין (בוקייעה),63.257277734067664,65.22064323111444,58.90632210429165,3.671443908561095,1
537,פוריידיס,42.57508342602892,67.13029786117308,64.04004711425206,9.699633807308008,1
538,שעב,68.91620672353235,75.68839726994587,60.33249158249159,4.745527284045849,1
539,רומאנה,74.54873646209387,80.06430868167203,67.41889985895627,3.818770226537211,1
540,ריחאניה,50.29655990510084,56.29965947786606,56.62650602409639,5.543379601957014,1
541,ג'סר א-זרקא,40.95511767925561,58.08521560574948,21.772151898734176,18.92308617497413,1
542,ריינה,53.69828666945256,63.98159929529216,46.09992013488331,7.521204994981133,1
543,ראמה,55.225445648374695,60.320134793597305,53.94381844151722,0.8019133238257155,1
546,עין אל-אסד,41.14490161001789,49.21190893169877,52.01938610662359,2.7518360992339765,1
547,טמרה (יזרעאל),50.418160095579445,82.17142857142858,54.54545454545454,3.2025968810655243,1
549,גנות הדר,79.13043478260869,82.33333333333334,76.95590327169275,-2.8257741713870956,0
553,ניר בנים,76.32093933463796,80.66914498141264,80.49586776859505,2.9882086900339146,1
555,שדמה,74.07407407407408,78.75354107648725,75.64102564102564,-2.4732766143106346,0
559,בוסתן הגליל,80.09478672985783,77.7992277992278,79.24263674614306,-0.03957802890472806,0
562,בית אלעזרי,75.49738219895288,81.9672131147541,78.28185328185329,-0.2878745837957837,0
563,משמר דוד,75.0,83.73333333333333,86.5424430641822,-1.7609459891339156,0
564,רבדים,73.47417840375586,76.44710578842316,73.40425531914893,-2.056938514724962,0
565,אזור,67.55962103887619,70.61052175795626,69.06111511903535,2.1283337850732096,1
567,צרעה,68.61042183622828,66.21621621621621,66.6266506602641,0.956937799043061,1
570,מעונה,71.45328719723183,75.58528428093646,74.50076804915514,0.06272744258882312,1
571,בית גמליאל,80.38922155688623,82.79411764705881,78.41352405721716,-3.2516815320721406,0
572,בית העמק,66.24737945492663,71.51898734177216,71.83673469387755,-1.7570664629488135,0
573,מבקיעים,65.84507042253522,78.45117845117845,75.0,4.00554400554401,1
574,גשר הזיו,73.19189971070395,73.9247311827957,72.02380952380952,-2.24511357633385,0
575,יסעור,71.97943444730078,72.22222222222221,74.671669793621,-0.6906869783791763,0
576,כברי,75.12953367875647,76.34543178973718,73.93364928909952,-1.8761431931016403,0
577,יד בנימין,87.80637254901961,87.36037624926513,82.48560460652591,-0.28899319366571774,0
578,סאסא,70.93275488069413,72.53218884120172,71.66666666666667,-3.0949153720501954,0
579,כפר ראש הנקרה,73.36448598130842,74.63687150837988,73.99193548387096,-2.0565141847961,0
580,"כרם מהר""ל",76.24113475177306,79.93311036789298,77.77777777777779,-3.1203566121842528,0
582,כפר הנגיד,78.561736770692,79.56989247311827,77.91005291005291,-3.2968504938323946,0
584,זיקים,64.72727272727272,65.8703071672355,70.81545064377683,-2.6167006490150015,0
585,לביא,75.62862669245648,74.08829174664108,76.69322709163346,-5.329918106713805,0
586,מגידו,79.67032967032966,76.5811965811966,75.52334943639292,-0.40739905256033637,0
587,סביון,67.95461514872738,69.54887218045113,68.14932486100079,-1.3246238279042615,0
588,בני ראם,80.85106382978722,81.64794007490637,80.59023836549376,-0.7345426673479807,0
589,בצת,72.82608695652173,74.12587412587412,74.39446366782006,5.990783410138249,1
590,נווה אור,70.7641196013289,67.49226006191951,68.34319526627219,-1.1594202898550634,0
591,עשרת,76.95121951219512,77.41545893719807,79.54545454545455,-2.0985548418189097,0
592,בני דרום,84.08408408408408,86.79775280898876,86.7965367965368,-4.520050807475968,0
593,ערוגות,78.25370675453048,83.3063209076175,80.8541973490427,-0.8803623767652624,0
594,צפריה,84.49074074074075,88.96396396396396,85.3515625,-1.0576326378092062,0
595,לוחמי הגיטאות,75.86206896551724,75.764192139738,81.05065666041276,-1.2344709659408153,0
596,מלכיה,58.62884160756501,62.755102040816325,63.39066339066339,1.4712902345881105,1
597,פלמחים,69.11764705882352,70.5,73.44827586206897,-3.4827435253626646,0
598,בית קמה,81.26159554730982,83.36283185840708,81.92771084337349,-4.101235338549984,0
599,פרוד,65.55555555555556,73.31288343558282,76.33410672853829,-4.076487102071098,0
602,נירים,70.97625329815304,74.27055702917772,73.95833333333334,0.1923076923076934,1
603,אלקוש,56.809338521400775,65.66037735849056,62.5,8.855229591836732,1
604,בית עריף,75.4746835443038,81.99404761904762,80.19390581717451,2.85672015634033,1
605,כפר שמאי,63.92857142857142,74.91638795986621,73.35329341317365,0.9896865142458608,1
606,מזור,77.1545827633379,79.5601552393273,78.3479349186483,-4.82955518757494,0
607,מירון,67.51269035532995,65.18518518518519,67.2686230248307,5.197603410531173,1
609,כפר חושן,61.82170542635659,73.74301675977654,72.53886010362694,1.2819609394903608,1
610,סתריה,79.56104252400549,78.72892347600519,79.92471769134254,-1.364427860696523,0
612,צרופה,76.5089722675367,79.00302114803625,75.78347578347578,-0.32508387346567247,0
613,ציפורי,76.47058823529412,77.89115646258503,76.5432098765432,-2.855048177628831,0
614,שומרה,59.71223021582733,71.27659574468085,66.22073578595318,2.6174214563412903,1
615,קדרון,80.19138755980862,80.50139275766016,78.91513560804898,-0.860588758559345,0
616,רינתיה,75.84615384615384,79.20937042459737,80.4564907275321,0.6811642178707018,1
617,ברקאי,66.10169491525424,68.18181818181817,67.90606653620353,-2.14864263462394,0
618,חדיד,74.66918714555766,82.89241622574956,78.57142857142857,-0.41269841269841834,0
619,בית גוברין,77.35042735042735,79.71014492753623,79.64912280701755,-1.8892316066406636,0
620,משואות יצחק,83.22580645161291,84.1880341880342,82.94243070362474,-0.10893246187362138,0
622,עין צורים,83.71161548731642,81.64435946462714,80.38793103448276,1.4600819832129588,1
623,יראון,58.82352941176471,63.17280453257791,59.78260869565217,1.6348773841961872,1
627,ג'לג'וליה,70.88405507882658,82.0702402957486,68.41681430181994,10.440070243597724,1
628,ג'ת,38.892279523954834,52.685421994884905,37.34320120421476,13.227217878957617,1
633,כפר ברא,60.093896713615024,76.5633210719916,64.76524791575252,9.3072907303264,1
634,כפר קאסם,80.1803334467506,63.03106173225882,64.61559451531483,10.625854292959552,1
635,מוקייבלה,54.33436532507739,63.61045130641331,33.86390768006367,4.756484899577494,1
636,צנדלה,43.49514563106796,67.85063752276868,32.02995008319468,10.027160689157537,1
637,ערערה,53.1319290465632,69.69063180827887,39.170009256402345,13.370989729044496,1
638,קלנסווה,52.60213143872113,70.78845679519856,47.6656895688854,19.241952377126076,1
648,מצר,74.05660377358491,75.05773672055427,75.0,-0.350173750334136,0
649,מייסר,41.79389312977099,61.21372031662269,36.512900703674745,9.024959164480528,1
652,אבטין,41.226353555120674,49.44852941176471,36.358511837655016,10.14501137722241,1
654,כפר קרע,67.16887575092973,74.63258216798788,47.212750773134566,16.658045979383537,1
658,שייח' דנון,54.29277331686227,73.68724754760531,54.252049180327866,7.445628036260615,1
661,שער אפרים,77.482088024565,80.98933074684773,76.40816326530611,1.0545886993850786,1
662,חוסן,70.11884550084889,78.04107424960506,74.16201117318437,3.3140564967252715,1
663,טירת יהודה,80.87349397590361,85.89562764456981,83.09677419354838,0.7930693541085816,1
664,כרם בן זמרה,70.82152974504248,79.12087912087912,79.09319899244332,1.237623762376245,1
665,תקומה,85.88807785888078,82.51231527093597,85.59498956158664,0.3432600069345426,1
666,עומר,74.28993597110491,76.19663648124192,75.23320895522389,0.133861853274297,1
667,ברעם,68.2,70.39337474120083,69.02834008097166,-3.527593803372696,0
668,מפלסים,73.07692307692307,70.46979865771812,71.94570135746606,1.0208489373422225,1
670,משמר איילון,77.1978021978022,79.79274611398964,82.58706467661692,8.54021969361115,1
672,בית נקופה,74.37185929648241,77.58620689655173,78.23275862068965,-0.8184637283310536,0
673,כפר טרומן,82.12180746561886,83.48968105065666,80.41958041958041,-0.6535599165718651,0
674,לימן,75.78288100208769,78.3567134268537,73.64485981308411,-1.1751075802714297,0
675,הבונים,72.40143369175627,72.22222222222221,69.86301369863014,-4.735883424408016,0
676,עין השלושה,59.87841945288754,66.66666666666666,60.98360655737704,-2.174447305715532,0
677,הסוללים,73.43485617597293,79.12087912087912,77.24719101123596,0.1711941143180411,1
678,מעגן,61.81229773462783,66.2379421221865,73.00613496932516,-0.48818478838992974,0
679,אביאל,81.13590263691684,81.98019801980197,79.07869481765835,-4.270721120612521,0
680,אומץ,75.88495575221239,76.80525164113786,74.50980392156863,-3.0947598716583826,0
681,גבעת שמואל,77.79458097038437,79.97111218103034,78.17775293460033,0.35472968831093965,1
682,אליקים,71.40115163147792,76.73179396092362,73.38983050847457,7.043018759687357,1
683,גבע כרמל,75.77639751552795,80.24691358024691,77.80859916782246,2.531999497090439,1
684,היוגב,79.1586998087954,80.8193668528864,80.38528896672504,2.4592655128746372,1
685,בניה,84.31372549019608,86.72131147540983,85.34621578099839,-1.0715859261901244,0
686,נווה ימין,71.75324675324676,77.62605042016807,76.2278978388998,2.403422134870439,1
687,עין איילה,79.21259842519684,77.97888386123681,79.07608695652173,-1.0400465919695137,0
688,עלמה,62.737642585551335,75.63636363636364,77.50865051903114,5.7871993018312935,1
689,מגדים,75.4316069057105,79.48387096774194,78.9002557544757,0.08112913004384836,1
690,כפר אחים,79.41834451901566,79.75206611570248,83.58490566037736,-1.4447569472140032,0
692,שפיר,82.2072072072072,85.28784648187633,84.55598455598455,-0.19293629913097732,0
693,"נתיב הל""ה",78.26086956521739,78.4841075794621,77.23214285714286,0.31062874251496453,1
694,מעגן מיכאל,69.3213296398892,71.74770039421814,69.18951132300357,-1.9703067109227845,0
695,מגן,69.1304347826087,69.95884773662551,74.08207343412528,-2.714189530382086,0
696,"כפר חב""ד",69.14186651256861,70.86379637151367,68.28969904575484,1.6516293865317095,1
697,בארותיים,81.74204355108877,82.26299694189603,79.4034090909091,-1.1342381660352032,0
698,בורגתה,79.16666666666666,80.82368082368082,78.11704834605598,-1.9908538586651332,0
699,ניר ישראל,77.23880597014924,78.81508078994614,76.75213675213676,0.6525759009202687,1
700,חצב,71.09067017082786,78.70722433460075,76.32794457274827,2.766281526500592,1
701,ארבל,68.68686868686868,76.01918465227818,76.00896860986546,4.6353593257659185,1
702,האון,63.47305389221557,62.19512195121951,61.43790849673203,-3.92924771905664,0
703,גבעת עוז,66.33906633906635,67.58793969849246,68.04878048780488,0.2868867565209996,1
705,נחשונים,70.46979865771812,70.09966777408638,71.80232558139535,2.2649890116693,1
706,גיאה,75.80340264650283,80.68833652007649,79.6028880866426,-1.6324687056394396,0
707,כפר דניאל,81.81818181818183,79.30283224400871,77.39307535641548,-4.074407440744068,0
708,עמקה,71.30620985010707,73.02231237322515,76.46017699115045,3.349699037474707,1
709,תפרח,89.00462962962963,89.73544973544973,87.98798798798799,3.5209133247226134,1
710,בית זית,76.66989351403679,76.37571157495256,74.71958584987057,-0.9468518274558164,0
711,עזריה,72.91361639824304,81.96022727272727,81.72458172458172,5.147803293351799,1
712,בן עמי,76.0910815939279,80.71161048689139,78.94736842105263,-3.3147675408060593,0
713,רעים,76.36363636363637,80.17241379310344,74.59016393442623,-0.801995711693877,0
714,ארז,73.96907216494846,76.44110275689223,76.03911980440098,-3.7642448306089875,0
715,להבות חביבה,74.23469387755102,79.29606625258799,78.99305555555556,-0.22775198273880903,0
716,אייל,80.33240997229917,81.86813186813187,82.77634961439588,-0.7601832363501302,0
717,חגור,78.51739788199697,85.2359208523592,81.30311614730878,-0.19102359169698957,0
718,ירחיב,71.12903225806451,75.33234859675036,74.46808510638297,4.4933206999812825,1
719,תל קציר,69.74169741697416,73.62637362637363,71.89542483660131,-0.10624807211158327,0
720,ניר גלים,87.97595190380761,87.4766355140187,86.85064935064936,-4.876386279061194,0
721,שדה אילן,81.97674418604652,82.83378746594006,82.63157894736842,0.5900291699814346,1
722,מגשימים,77.08978328173374,75.54858934169279,78.62481315396114,-3.3971079721086994,0
723,בית הגדי,75.39503386004515,84.82905982905983,83.24607329842932,3.1694725671838597,1
726,הודיה,57.319587628865975,68.56540084388185,67.94354838709677,2.707057686110204,1
727,תלמי יחיאל,70.07874015748031,73.87387387387388,77.9578606158833,1.2368330275412802,1
729,משמר השבעה,74.72178060413354,78.28843106180665,76.40949554896143,4.697065071996221,1
730,אליפלט,64.14634146341463,72.88557213930348,70.04405286343612,7.168997908738717,1
731,מישר,80.4054054054054,83.03964757709251,79.9163179916318,-1.0792763413308535,0
732,משמר הירדן,69.75,76.65198237885463,73.80952380952381,4.847901844054007,1
734,גן יאשיה,81.62544169611307,82.93103448275862,79.00641025641025,-1.8907704083688088,0
735,רמות מאיר,70.3065134099617,73.75478927203065,74.01433691756273,-2.0384381875036723,0
736,גילת,68.02030456852792,76.42369020501138,76.22868605817452,6.526548299526212,1
737,עולש,78.79234167893962,79.33042212518195,79.41952506596306,-4.540756200169852,0
738,דור,73.40823970037454,82.70676691729322,80.07246376811594,-2.875173606880921,0
739,שדה עוזיהו,71.58145065398335,79.63800904977376,78.24742268041237,7.720476723136983,1
740,אשתאול,78.003120124805,80.88235294117648,81.93891102257636,2.0420446691803704,1
741,שואבה,75.11627906976744,79.29411764705883,76.77419354838709,3.1831739175151625,1
742,מסילת ציון,80.31496062992126,81.60741885625966,81.96248196248196,3.8749918629905267,1
743,כפר שמואל,82.37547892720306,82.6086956521739,84.6938775510204,0.17751447217223415,1
744,תלמי יפה,74.32432432432432,78.30188679245283,74.48979591836735,3.462155418250944,1
745,גמזו,82.01320132013201,84.15213946117274,84.02366863905326,0.1669689624192756,1
746,ברכיה,80.20679468242245,85.63218390804597,84.7568988173456,6.1619953649348815,1
747,בית שקמה,53.54969574036511,66.53992395437263,69.87740805604203,5.919963893485772,1
748,מסלול,69.6,78.71794871794872,74.94866529774127,3.0637647142501407,1
749,פטיש,69.6969696969697,82.54237288135593,82.97546012269939,5.783854433735627,1
750,פדויים,63.95759717314488,72.14765100671141,67.88990825688074,3.1435192707309056,1
751,בית מאיר,74.93036211699165,80.28169014084507,73.52941176470588,1.014173998044953,1
752,תעוז,75.25252525252525,80.98765432098766,80.70588235294117,1.9744631148628997,1
753,ינוב,73.81370826010544,77.7027027027027,77.68729641693811,1.1708482676224605,1
755,גורן,71.02272727272727,75.21367521367522,73.5632183908046,4.2137989180074555,1
756,בית עזרא,74.74093264248705,80.05050505050505,79.11694510739858,1.3830681973388153,1
757,מצליח,70.58823529411765,77.4364406779661,75.51440329218107,3.9701666901035253,1
758,יד חנה,81.17359413202934,81.83716075156576,79.89228007181327,1.017191327224893,1
759,יציץ,64.65863453815261,75.71701720841301,73.71134020618557,1.9446486305585893,1
760,בן זכאי,74.06679764243614,80.85106382978722,81.89509306260575,5.317172531112902,1
761,שובה,75.0,80.3763440860215,78.87323943661971,5.859113011401746,1
762,בטחה,75.92954990215264,81.71641791044776,77.72357723577235,4.367903025812794,1
763,שתולים,71.53780798640612,76.36655948553054,76.2043795620438,4.418382184127964,1
764,כפר מרדכי,79.95226730310262,80.37383177570094,79.82832618025752,-0.4948076290986023,0
765,משגב דב,79.49260042283298,79.26565874730022,81.05906313645622,-2.977898557610075,0
766,קוממיות,60.32388663967612,57.93991416309014,57.49999999999999,17.949427833148754,1
767,פורת,59.97409326424871,70.5955334987593,68.64501679731244,7.100020523394292,1
768,כרמיה,70.27027027027027,76.72413793103449,74.05764966740577,0.8269473046064633,1
769,ניר עציון,69.85645933014354,75.37688442211056,74.5049504950495,-0.369268978137967,0
771,מבוא ביתר,71.97802197802197,77.21774193548387,76.37271214642263,-2.3773694954797406,0
772,אמונים,71.86009538950715,73.11827956989248,72.62247838616715,-0.25302687694994574,0
773,עמיקם,75.5813953488372,78.44827586206897,77.04280155642024,-1.5083828593461277,0
774,צוריאל,70.08196721311475,77.734375,75.08771929824562,-2.940884252359652,0
775,יד נתן,71.62921348314607,79.3010752688172,78.07881773399015,0.7176555475384419,1
776,מחסיה,65.37102473498233,77.10437710437711,78.54889589905363,3.968091424826426,1
777,נחשון,76.04166666666666,76.61691542288557,75.54585152838428,-0.8324064756457119,0
778,תרום,76.30922693266832,85.26970954356847,79.31654676258992,1.140751140751135,1
779,עמינדב,75.04244482173175,77.68729641693811,76.48902821316614,-0.09619205458476188,0
780,אורה,72.20779220779221,76.84605757196495,72.92161520190024,3.0388352198732065,1
783,אבן ספיר,70.94017094017094,75.1984126984127,72.23340040241449,2.9447819014765173,1
784,בית נחמיה,73.44537815126051,78.06873977086744,79.93527508090615,2.0686263584520646,1
785,אחיהוד,76.60377358490567,81.19349005424955,79.53488372093022,1.4459506430309403,1
786,כפר זיתים,57.756563245823386,70.73170731707317,72.09775967413442,2.543604651162795,1
787,גבעת יערים,74.51923076923077,78.14645308924484,76.63451232583066,-0.6511186703695557,0
788,זיתן,76.89243027888446,83.67088607594937,80.36363636363636,5.4256446698062035,1
789,רנן,64.73829201101928,73.57512953367875,76.11241217798595,6.1714429361488214,1
791,משען,69.25566343042071,74.08536585365853,78.71428571428571,2.185423417323591,1
792,נתיב השיירה,73.07692307692307,79.02439024390245,75.72115384615384,4.117387076814282,1
793,גבעתי,67.63698630136986,75.33783783783784,71.26984126984127,8.530780422252079,1
794,עגור,71.48148148148148,72.72727272727273,73.92739273927393,1.8009909805287805,1
795,יערה,73.8359201773836,79.41176470588235,73.224043715847,-1.899854040689874,0
796,צלפון,70.43795620437956,76.34782608695653,77.56024096385542,5.603448275862064,1
797,אחיעזר,78.70370370370371,83.93731635651322,83.37684943429069,2.9576908824334964,1
798,יגל,71.6117216117216,79.10189982728842,80.48387096774194,5.456481774960366,1
799,זכריה,74.56279809220986,80.75801749271136,76.32275132275133,5.632436427845477,1
800,בית חנניה,78.40466926070039,82.67148014440433,78.86178861788618,0.03784069322117034,1
801,חמד,85.77235772357723,87.28323699421965,87.5222816399287,-2.306435183630512,0
802,"גבעת כ""ח",71.70172084130019,75.57377049180329,72.72727272727273,7.126937984496124,1
803,יושיביה,82.12765957446808,86.95652173913044,78.72340425531915,5.956930270197361,1
804,אחיסמך,72.25647348951911,79.83392645314353,79.03225806451613,6.17977528089888,1
805,ישעי,78.82599580712788,78.74015748031496,76.21621621621621,4.585537918871253,1
806,עין יהב,80.12820512820514,79.5031055900621,75.66539923954373,-3.540179106522146,0
807,חניאל,72.84345047923323,74.88372093023256,73.97881996974282,1.6022435606034122,1
808,ניר אליהו,70.50147492625368,74.74489795918367,71.29186602870813,-1.9503763590744256,0
809,נחם,87.5,91.7312661498708,84.55882352941177,5.468049686259448,1
810,עופר,76.86170212765957,80.98958333333334,79.4486215538847,2.133465326429075,1
811,יכיני,78.04878048780488,80.41002277904327,78.57142857142857,6.376983411080474,1
812,שלומי,64.91525423728814,69.15907207953605,66.87189672293943,2.7565785356438113,1
813,עין יעקב,74.39862542955326,76.6721044045677,79.04624277456648,5.207701637355967,1
814,תלמים,72.14137214137214,80.7766990291262,75.58348294434471,8.120778242524082,1
815,זבדיאל,79.26509186351706,82.88770053475936,84.36724565756823,2.5438061291116725,1
816,זנוח,67.24137931034483,75.68306010928961,71.46464646464646,7.212413569381795,1
817,עזריקם,72.14554579673776,77.67106842737095,78.21350762527233,5.345246443598484,1
818,זרחיה,76.79425837320574,82.17592592592592,83.29853862212944,1.5322869306282314,1
819,אביגדור,80.45774647887323,83.47978910369068,80.71312803889789,2.3061575985793468,1
820,חלץ,63.63636363636363,72.49283667621776,69.36416184971098,2.180593399939454,1
821,אחוזם,64.85714285714286,73.36956521739131,70.84398976982096,-0.040122466111952804,0
822,מטע,70.92511013215858,77.21021611001964,74.01129943502825,-1.0887152063622665,0
823,בר גיורא,74.2782152230971,75.9493670886076,77.34939759036145,4.411114793945416,1
824,כוכב מיכאל,73.64217252396166,74.81031866464339,75.78796561604585,1.4638757747298285,1
825,נס הרים,70.63197026022306,80.6501547987616,76.53333333333333,0.2787553767945923,1
826,עוזה,71.65775401069519,78.6096256684492,75.41436464088397,6.2469710187069865,1
827,נווה מבטח,76.11940298507463,81.41809290953546,82.560706401766,-0.9604889762060793,0
828,ישרש,71.4968152866242,77.17717717717719,77.79329608938548,0.6738806329053091,1
829,מבטחים,61.11111111111112,62.67029972752044,60.77922077922078,6.715781898070112,1
831,ירוחם,60.26792750197005,64.30863254392666,66.48686030428769,3.523297356936233,1
836,גנות,81.04395604395604,82.42074927953891,76.72413793103449,2.84450994841562,1
837,עזריאל,79.7244094488189,84.38661710037175,83.25041459369817,1.9078235303620232,1
838,פדיה,72.6,79.63302752293579,78.7052810902896,3.1144781144781177,1
839,פתחיה,71.63934426229508,78.19905213270142,79.05844155844156,3.145084096813889,1
840,כיסופים,57.0281124497992,55.39568345323741,54.70383275261324,5.126984126984134,1
841,אלישמע,77.4108322324967,79.34093789607097,81.32678132678133,-0.44455124354199427,0
842,געש,74.77797513321492,78.62068965517241,79.19876733436055,-2.2663462010104496,0
843,מרגליות,47.66666666666667,55.91054313099042,56.92771084337349,6.229732892053633,1
844,נחל עוז,68.8622754491018,70.47619047619048,71.8475073313783,3.275653923541242,1
845,כפר עזה,76.875,75.5192878338279,74.2296918767507,0.12669867475290175,1
846,שפר,67.49116607773851,71.52777777777779,73.73417721518987,5.991583024167646,1
848,בית רבן,75.40983606557377,83.11258278145695,82.7485380116959,-0.8361204013377943,0
849,דבירה,80.81264108352144,78.81188118811882,76.19047619047619,-2.446198832950259,0
850,אחיטוב,70.23255813953489,80.86053412462908,79.18424753867792,1.2864121074080828,1
851,ניצני עוז,74.47129909365559,80.60781476121564,74.8663101604278,0.7583830633702888,1
852,גונן,67.44868035190615,71.34502923976608,69.85507246376812,-2.6917404129793425,0
853,גאליה,78.84130982367759,78.62407862407862,77.13950762016412,-3.3284147788097016,0
854,רחוב,67.28624535315984,78.09187279151944,72.98136645962732,2.597402597402592,1
856,שעלבים,88.75878220140515,90.54982817869416,88.52691218130312,-1.543976339631115,0
857,כפר אביב,79.0,81.08108108108108,77.21280602636534,-3.4582029445633538,0
858,נווה ירק,82.98906439854193,84.53237410071942,80.86124401913875,-3.7248247468565694,0
859,כסלון,70.93023255813954,77.6173285198556,77.37226277372264,2.631128164719584,1
861,שדה אליעזר,69.53271028037383,76.04690117252932,75.35321821036108,1.6075886861937079,1
862,גני יוחנן,76.48221343873519,77.26396917148362,74.95327102803738,1.5180652680652713,1
863,גינתון,79.15966386554622,81.40293637846656,78.74617737003058,1.1416989745163164,1
864,בקוע,75.24038461538461,80.68181818181817,81.1284046692607,9.377282039020045,1
865,שיבולים,75.57251908396947,83.52941176470588,80.75471698113208,3.5188216039280036,1
866,יטבתה,64.51612903225806,64.22893481717011,63.213213213213216,-3.338600027846894,0
868,אלוני יצחק,24.347826086956523,22.689075630252105,21.052631578947366,0.8000000000000007,1
870,גבעת השלושה,77.11670480549199,77.50556792873051,78.87323943661971,-3.1055268343403952,0
871,עינת,84.64730290456431,84.92366412213741,84.14414414414414,-3.214611872146122,0
872,גאולי תימן,68.21428571428572,75.45787545787546,77.23880597014924,5.770180964733498,1
873,שלווה,65.78171091445427,80.35714285714286,80.42328042328042,6.201705734308604,1
874,מגדל העמק,61.3515791561307,65.41612137075276,63.25264394829612,3.4248798114629295,1
877,בית חירות,80.50541516245488,80.74866310160428,79.09698996655518,-3.9448815081659916,0
880,עין שריד,72.9253112033195,76.43622200584225,76.41597028783659,1.376722737856852,1
885,שדה בוקר,69.42528735632185,66.32911392405063,70.09803921568627,-4.438145014838106,0
888,"כפר הרי""ף",74.90636704119851,81.50807899461401,77.29636048526864,-1.630172389310161,0
889,כפר חסידים ב',74.19354838709677,72.56317689530685,73.97260273972603,-2.691235301248639,0
892,עבדון,69.3002257336343,72.3044397463002,70.76023391812866,6.520979020979027,1
913,שבלי - אום אל-גנם,43.93355087511125,59.28611266034579,39.63008631319359,12.75505564212284,1
916,ישע,70.83333333333334,72.6923076923077,73.45454545454545,6.895932477327818,1
917,עצמון שגב,75.74193548387098,74.7878787878788,73.39955849889624,-7.089865081320184,0
919,גבעת ישעיהו,75.1231527093596,84.30493273542601,77.64705882352942,-2.323007990557315,0
921,שער מנשה,9.01639344262295,10.833333333333334,9.923664122137405,5.2533532041728765,1
922,רכסים,85.1234809878479,85.90001831166452,86.30786847701619,2.5377941503677306,1
939,מסעודין אל-עזאזמה,37.26027397260274,45.27758970886933,42.02836879432624,-0.6668388004578958,0
942,סואעד (חמרייה),76.84210526315789,42.47787610619469,34.02777777777778,0.44223135315830575,1
944,בסמת טבעון,39.63819555759102,51.39604810996563,31.85908481715489,10.4042074173339,1
956,הוזייל (שבט),22.070534698521048,31.86022610483042,32.602739726027394,7.162476651253943,1
957,עוקבי (בנו עוקבה),64.11483253588517,70.08547008547008,43.84057971014493,10.431339934679592,1
958,אבו עבדון (שבט),65.09433962264151,31.09243697478992,8.695652173913043,8.623376623376625,1
960,אסד (שבט),22.30971128608924,15.95238095238095,10.245901639344265,8.432663227183777,1
961,אבו רוקייק (שבט),27.24846543901788,30.225921521997623,24.067363035600085,4.996069290045604,1
962,טובא-זנגריה,33.06936100491535,46.56685596282912,30.29197080291971,10.973948950261864,1
963,אעצם (שבט),35.14261977291609,32.23540808912569,21.441320838911203,9.651773713390668,1
964,קודייראת א-צאנע(ש,30.17751479289941,34.83754512635379,12.863705972434916,2.212678320273259,1
965,אטרש (שבט),28.8135593220339,27.6969696969697,15.127175368139223,3.8392104747662614,1
966,אבו רובייעה (שבט),15.767366720516964,20.44545973729297,19.418218933401377,10.193203727761098,1
967,אבו ג'ווייעד (שבט,15.038115038115038,19.44099378881988,14.360313315926891,8.08206762086757,1
968,אבו קורינאת (שבט),27.66135792120704,28.268156424581004,21.86539118551418,4.18871649423604,1
969,עטאוונה (שבט),23.387096774193548,47.89915966386555,4.504504504504505,16.920964296612752,1
970,תראבין א-צאנע (שב,16.78082191780822,16.588419405320813,5.241935483870968,2.275216192741965,1
972,קוואעין (שבט),25.40983606557377,74.818401937046,13.771186440677964,2.2662681814690444,1
975,זרזיר,48.74651810584958,48.66148531951641,36.15678776290631,10.013417538008547,1
976,ג'נאביב (שבט),38.907849829351534,38.226299694189606,34.598214285714285,9.384793006762326,1
978,כעביה-טבאש-חג'אג',56.65041782729805,46.474773609314354,43.42729556237789,15.903176867459855,1
990,ראס עלי,59.27152317880795,62.5,40.51282051282051,10.207377188509263,1
993,חמאם,39.31987247608927,50.0,37.11521547933157,14.370071520264077,1
994,מנשית זבדה,59.90853658536586,65.15775034293553,50.5441354292624,8.487048928434895,1
997,רומת הייב,34.75887170154686,39.126784214945424,39.45986496624156,7.627644827900049,1
998,ביר אל-מכסור,44.07171775592828,48.84933477166487,31.70152091254753,22.300523478937997,1
1015,מבשרת ציון,71.6800695500978,74.91049003366643,73.56790843092575,1.6137759587518445,1
1020,אור עקיבא,52.45611551528879,64.06816781876668,62.970360824742265,4.559793213776381,1
1024,חרוצים,72.46376811594203,77.46967071057192,75.68493150684932,2.260219455341428,1
1031,שדרות,55.58055539108295,62.56586483390607,64.7713598074609,5.758558602563255,1
1034,קרית מלאכי,61.24637315503973,68.00848779878925,66.77119697059346,8.041070219467898,1
1041,נצאצרה (שבט),78.91373801916933,43.553008595988544,29.153605015673985,5.564873349675317,1
1043,גיזו,81.74603174603175,80.31496062992126,79.72027972027972,-2.0,0
1044,יעף,89.60000000000001,86.7132867132867,86.47058823529412,-4.710424710424718,0
1045,שתולה,65.29680365296804,71.55555555555554,73.568281938326,4.537845705967982,1
1046,אוהד,70.56277056277057,76.95473251028807,73.91304347826086,3.383458646616546,1
1047,חזון,73.17073170731707,79.04411764705883,80.6083650190114,7.984496124031011,1
1050,בית חשמונאי,78.19940476190477,79.63369963369964,77.4061433447099,2.186403149984187,1
1051,תלמי אליהו,52.459016393442624,65.56016597510373,64.06926406926407,3.962129197410043,1
1052,קטורה,46.51162790697674,50.33557046979866,55.00000000000001,-1.439293598234002,0
1054,תל שבע,43.675691161724686,47.44620171117449,30.90674133103597,10.562889071194547,1
1057,נווה זוהר,38.88888888888889,56.33802816901409,37.93103448275862,-12.121212121212125,0
1058,שדה ניצן,53.799392097264445,55.72755417956656,59.22865013774105,1.3227731485301035,1
1059,כסיפה,50.65408180162279,48.78378378378378,41.34532462732536,8.798820138853642,1
1060,לקיה,63.88160359685276,44.84364604125084,22.94318959616701,7.397063201979684,1
1061,נצרת עילית,53.079096764339,57.78391792667639,55.18303548699149,2.3343990195995445,1
1063,מעלות-תרשיחא,61.29922391491808,66.76310415248469,59.62052081014912,2.4552895880281866,1
1064,אמירים,75.05154639175258,75.44204322200393,71.55025553662692,-3.220099079971689,0
1065,זמרת,79.16666666666666,82.67148014440433,88.95027624309392,2.5162337662337677,1
1066,"בני עי""ש",64.77512297962052,70.41934922568296,66.33834456540522,1.5208458983853177,1
1067,"דוב""ב",59.0778097982709,63.08139534883721,70.19498607242339,2.7072281426537046,1
1068,אדמית,42.80442804428044,54.7945205479452,55.08474576271186,1.2138188608776872,1
1069,רם-און,82.78985507246377,80.24475524475524,77.32919254658384,-3.225757467292283,0
1070,אביעזר,79.25764192139738,82.02020202020202,78.68561278863233,2.3968618889311557,1
1071,נווה מיכאל,72.78287461773701,76.85950413223141,77.17391304347827,5.596905001213045,1
1072,גן הדרום,80.0,86.8421052631579,80.4093567251462,1.9069767441860535,1
1077,גבעת שפירא,79.8913043478261,82.85714285714286,79.24528301886792,0.6930132945407621,1
1079,צפרירים,63.53383458646616,72.69503546099291,66.66666666666666,-1.8336669562261534,0
1080,מבועים,67.96973518284993,73.17365269461078,74.61538461538461,7.157404116891271,1
1081,אבן מנחם,61.50943396226415,74.81203007518798,71.02473498233216,0.6932635709614061,1
1082,מעגלים,76.61870503597122,82.7968923418424,84.55672068636797,1.7685749918849183,1
1083,תושיה,87.98076923076923,87.3076923076923,81.36645962732919,-1.1434988605997063,0
1084,בן שמן (כפר נוער),64.9789029535865,70.46413502109705,69.91525423728814,1.9431362288505198,1
1085,כרם שלום,43.67816091954023,50.526315789473685,53.96825396825397,8.50106046833745,1
1094,כרם יבנה (ישיבה),90.72847682119205,90.74074074074076,88.60759493670885,4.263128176171648,1
1095,כפר מימון,88.8283378746594,85.35211267605634,83.78378378378379,-3.4095541637327216,0
1098,מרכז שפירא,81.87772925764192,84.6433770014556,85.33619456366237,1.496965192617381,1
1102,צוקי ים,73.42657342657343,76.07361963190185,75.31645569620254,-3.563889574252258,0
1103,גני הדר,74.64788732394366,81.6593886462882,79.43548387096774,2.013679750906036,1
1104,פוריה - כפר עבודה,59.375,69.28838951310861,69.81132075471697,4.326038444975147,1
1105,פוריה - נווה עובד,63.2183908045977,67.3913043478261,70.3030303030303,4.342755421791779,1
1108,אומן,54.34782608695652,59.19732441471572,60.23054755043228,3.5290920824700294,1
1110,חבר,65.9090909090909,71.91489361702128,66.66666666666666,2.0843398777018223,1
1112,יודפת,79.15690866510539,80.25751072961373,81.49405772495756,-3.0312569083342,0
1113,צור הדסה,76.7083454492585,78.59222016406456,78.59629833241708,-0.07101012613117064,0
1114,שריגים (לי-און),72.03007518796993,74.85875706214689,75.52275522755227,-1.3762500198101435,0
1115,אביבים,63.49206349206349,68.45238095238095,74.09638554216868,7.045351129986358,1
1123,אדרת,74.02298850574712,76.90763052208835,74.86338797814209,3.80022080622291,1
1124,נאות הכיכר,70.37037037037037,68.68686868686868,69.66824644549763,-0.11111111111111427,0
1125,אלמגור,80.63241106719367,82.08333333333333,81.33802816901408,-5.3107344632768445,0
1126,אילות,68.5823754789272,62.40601503759399,65.86345381526104,-2.5417008476893486,0
1127,מעלה גלבוע,80.98859315589354,82.50825082508251,84.61538461538461,-0.34307012466292974,0
1128,מי עמי,82.88288288288288,84.0,81.49606299212599,3.0149010617760723,1
1129,גרופית,62.82894736842105,63.82252559726962,63.02816901408451,-1.60138915685895,0
1130,כפר רוזנואלד (זרע,65.625,74.74747474747475,69.36936936936937,5.0957207207207205,1
1132,שניר,75.37688442211056,74.93734335839599,75.94339622641509,-2.164068894345405,0
1133,ורדון,71.20418848167539,81.08108108108108,78.08219178082192,6.998578750161499,1
1136,צוחר,57.27002967359051,68.26196473551637,72.40618101545255,1.2480234922069045,1
1137,קרית יערים,74.17007730786722,76.34003350083752,75.23481527864746,4.078638636260877,1
1138,יעד,79.6008869179601,78.74762808349146,77.91970802919708,-4.140127388535035,0
1139,כרמיאל,59.03212770256617,63.0816285599679,60.55682204006403,0.5433992781276871,1
1140,מדרשת בן גוריון,74.05714285714285,75.564681724846,75.37117903930131,-3.668334501042665,0
1141,מבוא מודיעים,63.78378378378379,65.59139784946237,65.21739130434783,4.85041088854647,1
1145,אלומה,89.12280701754386,88.52459016393442,86.10271903323263,2.715626127751719,1
1146,עלומים,84.27672955974843,75.94202898550725,80.34682080924856,-2.8938855129121066,0
1147,נטועה,67.54385964912281,81.61434977578476,76.66666666666667,1.6532928621018073,1
1148,צור נתן,74.8792270531401,79.53488372093022,74.78260869565217,-6.695906432748544,0
1149,עזר,73.05863708399366,77.69110764430577,79.42122186495176,0.07018380210816133,1
1150,צופר,77.22419928825623,79.48717948717949,76.34730538922156,1.5463283741854355,1
1151,פארן,73.63896848137536,74.65564738292011,75.82417582417582,-5.122365072113823,0
1152,אשלים,66.77966101694915,74.91749174917491,75.45219638242894,2.6676135616402235,1
1153,כישור,76.76767676767676,78.50467289719626,76.66666666666667,2.045801526717554,1
1155,מגן שאול,68.47133757961782,76.0233918128655,80.58510638297872,7.381224203038542,1
1156,סמר,62.78195488721805,65.64625850340136,64.62882096069869,-7.449826253457196,0
1157,אחווה,79.55801104972376,81.00558659217877,77.00534759358288,-3.5443649427890023,0
1158,יהל,49.76958525345622,50.0,55.140186915887845,-1.6218872870249044,0
1160,שכניה,80.08048289738431,74.37858508604207,78.98193760262726,0.7500175602446433,1
1161,רהט,56.5712604547556,58.17207951416393,49.61705268985882,12.831574155238123,1
1162,בית רימון,83.53909465020575,85.15901060070671,87.5,1.663961038961034,1
1163,מורן,74.65753424657534,79.0,76.57657657657657,-1.2857142857142918,0
1165,שילת,85.29411764705883,84.57831325301206,80.99173553719008,-1.620787239516332,0
1166,כפר רות,82.16216216216216,86.66666666666667,82.16216216216216,-2.7252686690548416,0
1167,קיסריה,66.05876393110435,67.62062440870388,66.01005867560771,-0.6873267939608354,0
1169,הוואשלה (שבט),39.721254355400696,41.21835443037975,35.78947368421053,7.472273375927422,1
1170,סייד (שבט),37.44588744588744,41.52488972904852,17.087155963302752,7.805532571505239,1
1171,לוטם,70.94017094017094,76.99757869249395,73.17073170731707,-0.2743809742749477,0
1172,תובל,69.03914590747331,69.04024767801857,65.77540106951871,-4.389115983318881,0
1173,לפידות,67.6923076923077,73.80952380952381,73.17073170731707,5.166101694915255,1
1174,מנוף,73.22515212981745,74.95495495495496,74.09733124018838,-2.9713901689708138,0
1175,עידן,62.083333333333336,66.79536679536679,63.85135135135135,2.4003795066413787,1
1176,ספיר,60.99290780141844,69.8581560283688,63.31168831168831,1.0442534224769133,1
1177,טללים,75.22935779816514,79.00552486187846,72.34726688102894,2.3742454728370177,1
1178,מורשת,83.9943342776204,85.94132029339853,79.54309449636553,-3.8568224740321,0
1179,קורנית,80.0369685767098,77.89473684210526,81.42857142857143,-5.224847560975604,0
1180,צביה,76.76348547717843,76.82403433476395,76.60377358490567,-2.692360256935899,0
1181,טל-אל,80.49490538573508,79.58387516254876,74.94577006507592,-1.3622832766448738,0
1182,אלון הגליל,76.95783132530121,78.77492877492878,80.55555555555556,-6.189731383883029,0
1183,כליל,74.4186046511628,78.27298050139275,76.13636363636364,-9.686853580812894,0
1184,מתת,69.40298507462687,74.82993197278913,68.125,-7.6520728399845055,0
1186,הושעיה,82.06039076376554,77.83333333333333,81.11940298507463,-3.305068974341083,0
1188,אשחר,83.06636155606407,78.27868852459017,80.96828046744574,-5.114072404305858,0
1190,מצפה נטופה,79.78947368421052,79.85480943738656,78.45911949685535,-2.52100840336135,0
1191,בר יוחאי,74.29378531073446,79.66903073286052,69.01172529313233,4.939751735600147,1
1192,ערערה-בנגב,65.527950310559,57.53278438548338,56.54507746736611,9.075279944241231,1
1197,נאות סמדר,61.81229773462783,60.36036036036037,58.984375,-3.2328813945539565,0
1198,כרמים,78.37837837837837,76.61290322580645,79.12621359223301,-3.898840885142249,0
1199,עדי,74.54401268834259,80.26706231454006,77.079107505071,-2.9129428233013925,0
1200,מודיעין-מכבים-רעו,78.73175325694554,80.44579348680722,78.07160292921074,-0.22562392493480843,0
1201,כמון,77.04545454545455,82.41525423728814,75.93984962406014,-6.284259443873566,0
1202,מכמנים,81.54506437768241,79.47761194029852,77.42857142857143,-1.7751755192305154,0
1203,הררית,69.49152542372882,79.91967871485943,76.87687687687688,-2.55692422545728,0
1204,גילון,79.11949685534591,78.13953488372093,77.36063708759954,-2.1535213045523847,0
1205,מנות,67.56756756756756,76.02523659305994,74.21203438395415,-0.24762192359958135,0
1206,גיתה,74.45652173913044,72.82608695652173,69.54314720812182,-2.645849733228374,0
1207,לבון,77.07006369426752,81.55619596541787,78.37209302325581,0.025477707006373862,1
1208,הילה,74.40758293838863,77.60180995475113,73.79454926624737,-1.9000618351740286,0
1209,חרשים,72.88135593220339,74.47916666666666,81.25,-4.048534563787058,0
1210,כחל,71.8978102189781,75.17006802721087,75.21613832853026,0.5803185578466383,1
1211,קדרים,70.47619047619048,68.50393700787401,72.72727272727273,-6.92307692307692,0
1212,עמוקה,69.46107784431138,68.62745098039215,74.65753424657534,-3.4013605442176953,0
1214,טפחות,81.69642857142857,78.00829875518673,78.96825396825396,-2.7859792565674866,0
1219,גורנות הגליל,52.28758169934641,67.29559748427673,68.04733727810651,1.3847647327546824,1
1220,אבירים,78.39506172839506,76.875,79.27461139896373,-3.644940791373827,0
1221,צורית,80.1418439716312,81.83421516754849,74.2296918767507,-1.5150363695581461,0
1222,"מצפה אבי""ב",77.04918032786885,80.65573770491802,80.76923076923077,-2.064015497801563,0
1223,שדי אברהם,72.22222222222221,73.45132743362832,73.6,-8.185620685620691,0
1224,כוכב יאיר,78.18205529473136,78.34362139917695,77.61579151077281,-2.3183268282597567,0
1226,יובלים,78.24675324675324,82.50265111346765,81.34556574923548,-4.109454320663872,0
1227,יתד,68.75,75.74468085106383,74.84662576687117,-0.4691689008042772,0
1228,רקפת,79.421768707483,85.37360890302067,75.30364372469636,1.154370251924604,1
1229,כלנית,74.39024390243902,76.74418604651163,76.63043478260869,8.125527723050936,1
1230,לבנים,69.70684039087948,70.47619047619048,74.30340557275542,-2.6727055115940743,0
1231,פרי גן,70.76923076923077,75.0,68.51851851851852,7.263922518159802,1
1232,יבול,77.13178294573643,80.99547511312217,82.52427184466019,-4.85610770307548,0
1233,שקף,83.08823529411765,86.43533123028391,79.43262411347519,-4.773561811505516,0
1234,קבועה (שבט),31.59851301115242,33.44155844155844,26.79558011049724,8.659757433925819,1
1235,שורשים,71.47435897435898,76.25698324022346,73.79134860050891,1.398220729127786,1
1236,נירית,82.99681190223167,81.64556962025317,79.87654320987654,-4.2966657873490135,0
1237,תלמי יוסף,68.0672268907563,70.042194092827,67.70428015564202,-0.15833612881583292,0
1238,סופה,67.41573033707866,75.0,64.32432432432432,-4.883569589451952,0
1239,חולית,62.264150943396224,65.32258064516128,69.17293233082707,-1.1958378630222057,0
1240,עין הבשור,78.5031847133758,80.27950310559007,76.40603566529492,-4.299982058489334,0
1241,דקל,64.61538461538461,68.04979253112033,72.86821705426357,-4.294739556472422,0
1242,נתיב העשרה,79.23875432525952,84.51178451178451,80.06088280060882,-0.24816169452441272,0
1243,קציר,69.56762749445676,70.57026476578412,70.78959379278868,-2.593397791635681,0
1244,תמרת,77.72277227722772,80.03314001657,80.01679261125105,-4.60146920524511,0
1245,סלמה,45.21889400921659,54.17775412453432,44.78640330730363,8.284091555987615,1
1246,עראמשה,27.24177071509648,47.09051724137931,34.22354104846686,12.382164919643905,1
1247,חריש,69.72318339100346,68.70860927152319,74.68075737560545,3.5038188762896993,1
1249,הרדוף,81.07255520504731,81.11111111111111,83.04668304668304,-8.165484633569733,0
1251,עין תמר,77.41935483870968,75.0,65.73426573426573,-2.839548409168671,0
1252,כורזים,71.25382262996942,69.96996996996997,73.51190476190477,1.0102049566932578,1
1253,אמנון,63.983050847457626,69.42148760330579,79.00763358778626,4.406486159329518,1
1254,נטף,74.0506329113924,76.48809523809523,82.40223463687151,-1.2701063224547937,0
1255,לוטן,61.34453781512605,61.59420289855072,54.38596491228071,-4.802450023557924,0
1256,אשרת,67.14697406340058,79.50138504155125,75.18427518427518,-2.177609144613598,0
1257,חנתון,77.59103641456583,78.77358490566037,75.57692307692308,-0.753752136240621,0
1258,מסד,68.6842105263158,76.37362637362637,76.62337662337663,-0.13361692844675588,0
1259,נווה שלום,78.39506172839506,79.53216374269006,70.73170731707317,-3.8735177865612656,0
1260,רתמים,84.5679012345679,87.62376237623762,82.48847926267281,-5.13833992094861,0
1261,הר עמשא,74.31192660550458,77.9874213836478,71.69811320754717,-4.935897435897445,0
1262,צוקים,86.91588785046729,79.25925925925927,76.53631284916202,-7.493454045178183,0
1263,כפר ורדים,74.8816234498309,74.70454545454545,74.01372212692966,-3.071972215013716,0
1264,כרמי יוסף,77.81665500349895,79.61918194640339,77.67605633802816,-4.006619220624103,0
1265,שומריה,87.5,87.83269961977186,82.51533742331289,2.526044218020317,1
1268,מיתר,76.36430005475452,76.9445413324032,76.73414706757964,-0.7576407123989242,0
1271,להבים,76.92984385308995,78.24894514767932,78.13848366550236,-2.5661963243619823,0
1272,חלוץ,68.6411149825784,69.25373134328359,70.67669172932331,-3.815846621579709,0
1274,גן נר,69.55517042172154,74.27517132314179,72.81368821292776,1.153858626822469,1
1275,אבטליון,77.36842105263158,82.09606986899564,75.40983606557377,2.4405298428498554,1
1280,ניצני סיני,76.73469387755102,66.0919540229885,71.14427860696517,-4.2238135696079695,0
1282,מירב,81.42292490118577,82.62295081967214,83.15217391304348,-2.012176863958487,0
1283,תל תאומים,66.17100371747212,71.86440677966101,75.15337423312883,8.00016901170406,1
1284,נופית,82.01400107700593,80.71725571725572,76.74535409342039,-2.0721799567953383,0
1285,כרכום,69.85981308411215,76.07223476297969,70.08733624454149,-2.13736052327819,0
1286,שגב-שלום,39.362022269034,51.84791278915182,42.02568351284175,3.927795288900711,1
1287,שני,61.63934426229508,67.79141104294479,74.0174672489083,0.473974866286909,1
1288,גבעת אלה,76.01654031702274,77.81289506953225,79.71727105101414,-2.940970006381633,0
1290,זמר,55.55846879916098,63.18493150684932,45.01084598698482,17.099933596769816,1
1291,כמהין,51.741293532338304,79.76190476190477,77.09251101321586,2.847479318067542,1
1292,ג'דיידה-מכר,54.17975048799117,69.16939280300008,44.63753723932473,12.055926443443909,1
1293,גבעת אבני,71.50159744408946,74.62779156327544,70.00610873549175,0.612732832156567,1
1294,אור הגנוז,64.59627329192547,76.21951219512195,61.08949416342413,11.833737762530333,1
1295,יאנוח-ג'ת,57.97758804695837,53.93426294820717,57.81389136242209,-6.059753523713006,0
1296,כסרא-סמיע,74.78279756733276,65.23052144151399,70.34557626198661,-30.160424168025713,0
1297,כפר חנניה,77.06666666666668,78.3529411764706,72.95719844357976,3.055067837190748,1
1303,חורה,37.88191190253045,51.15123405665065,29.24442124494324,8.197193338610582,1
1304,שוהם,79.5211332666102,80.63817499278083,78.49587203302374,0.6731910934701659,1
1309,אלעד,89.37480559875584,88.60796621106353,84.6476971545732,3.325549484785597,1
1310,לפיד,75.8555133079848,78.75894988066825,77.36579966795794,0.886041503652919,1
1311,אבשלום,65.88235294117646,69.26829268292683,61.25000000000001,5.25787162477809,1
1313,פוריה עילית,60.29173419773096,71.67449139280126,67.72673733804476,1.0209201999964037,1
1314,נווה זיו,77.44565217391305,77.88944723618091,73.71428571428571,-3.9008511897509095,0
1315,מתן,79.82126058325494,79.3747286148502,76.8341307814992,-4.2959665255680335,0
1316,אל-עריאן,72.89719626168224,70.0,50.0,11.720493247210811,1
1317,דמיידה,51.96850393700787,70.1492537313433,48.57142857142857,4.176051051051047,1
1319,בת חפר,76.6044340723454,79.23313741953541,76.14609571788414,0.10461989256857862,1
1320,עין חוד,77.6978417266187,68.55345911949685,36.898395721925134,3.4176718642738066,1
1321,ח'ואלד,43.96551724137931,58.8,45.49180327868852,3.826595474192729,1
1323,בת הדר,68.50393700787401,75.5868544600939,77.0,2.3483365949119275,1
1326,"בסמ""ה",55.57553956834532,66.50752846125597,39.71388586533976,7.866369007504829,1
1327,מעלה עירון,51.56933367635709,66.27380952380952,37.13690786048932,11.644366743516688,1
1330,אחוזת ברק,75.41111981205951,78.74493927125506,77.48502994011976,2.298831018891619,1
1331,כמאנה,52.781065088757394,62.13483146067416,40.75173095944609,8.731914796514204,1
1332,חוסנייה,55.75,62.013729977116704,45.00941619585687,13.637830167399983,1
1333,נוף איילון,86.16438356164383,84.82932996207333,85.15258215962442,-3.3760577068196795,0
1334,ראס אל-עין,51.1520737327189,60.3448275862069,59.6958174904943,10.171717171717162,1
1335,ערב אל נעים,68.62170087976538,61.18251928020566,54.563894523326574,-6.993697149137567,0
1337,שמשית,82.38231098430813,82.1685173089484,74.7068676716918,-2.1179470219870495,0
1338,כדיתה,53.76344086021505,60.74766355140186,53.84615384615385,13.043478260869563,1
1342,אבו קרינאת (יישוב,43.7037037037037,42.2077922077922,39.226519337016576,9.349166099738184,1
1343,מכחול,25.0,28.823529411764703,26.903553299492383,5.49960095243749,1
1344,גבעות בר,84.89583333333334,82.25806451612904,79.45454545454545,-1.3564862461297196,0
1345,צור יצחק,84.99573742540495,89.04440154440154,84.6268656716418,0.23909521075098894,1
1346,תראבין א-צאנע(ישו,35.064935064935064,34.090909090909086,25.22045855379189,-1.7164942027178682,0
1347,קצר א-סר,59.81132075471698,59.26544240400668,55.778894472361806,11.172909282704978,1
1348,ביר הדאג',69.01140684410646,69.63979416809606,59.51346655082537,-5.763334885449794,0
1349,דריג'את,61.51603498542274,72.84263959390863,63.63636363636363,11.592922722770943,1
1358,אום בטין,49.9054820415879,48.33468724614135,33.697916666666664,5.603246446179952,1
1359,אל סייד,46.41638225255973,45.25745257452575,32.96969696969697,10.378203011910514,1
1361,בת חן,77.45664739884393,80.60000000000001,72.81105990783409,5.450775277769182,1
1363,בני נצרים,88.7218045112782,90.9090909090909,89.08450704225352,-0.599219620958749,0
1366,נווה,92.81767955801104,91.3738019169329,89.96763754045307,-4.687339359573585,0
1370,מצפה אילן,95.83333333333334,98.96907216494846,90.30303030303033,-2.827838827838818,0
1412,מחנה תל נוף,74.24242424242425,82.0,72.77486910994764,-2.931192984937411,0
1414,מחנה מרים,55.00000000000001,59.25925925925925,77.66990291262135,-5.7200765679540595,0
1415,מחנה יפה,67.56756756756756,72.1311475409836,74.53703703703704,-9.048286916449598,0
1416,מחנה יוכבד,73.38709677419355,85.9504132231405,70.83333333333334,7.177777777777777,1
1418,מחנה טלי,60.49382716049383,65.86826347305389,68.55345911949685,10.113742466683647,1
1419,ניצן ב',73.01470588235294,78.58880778588808,76.80722891566265,8.72860016153809,1
2002,תנובות,74.63503649635037,79.33450087565674,77.3095623987034,1.7547935445900293,1
2003,תלמי אלעזר,77.65151515151516,78.6618444846293,79.33753943217665,-0.10375997283992433,0
2008,שדה יצחק,70.87912087912088,74.04371584699454,71.64556962025317,6.343291437714484,1
2009,יובל,74.08376963350786,79.19463087248322,75.40983606557377,0.43591043844594424,1
2010,כפר בן נון,81.14942528735632,81.5845824411135,80.49713193116634,2.362870330614001,1
2011,ינון,69.20943134535368,76.91373025516404,76.40449438202246,7.151199836185782,1
2012,אורות,71.07231920199501,76.24703087885986,72.81105990783409,0.8408968871696914,1
2013,בן שמן (מושב),78.61060329067642,80.84358523725835,78.25342465753424,-1.9536212587722872,0
2014,גבעולים,73.93162393162393,83.72093023255815,81.56996587030717,5.646884760808817,1
2015,שדי חמד,78.60262008733623,81.70028818443804,81.03207810320781,-1.0932984034249813,0
2016,רוויה,67.61904761904762,68.77828054298642,68.37944664031622,4.138825172035496,1
2018,גבעת חיים (איחוד),75.51724137931033,77.03455964325529,77.26798748696558,-0.638255060565811,0
2021,אשל הנשיא,64.36781609195403,63.44086021505376,69.2982456140351,3.0280280280280323,1
2023,להב,77.33333333333333,71.007371007371,70.58823529411765,-3.2276103101791307,0
2024,אום אל-קוטוף,54.736842105263165,83.06709265175719,52.38095238095239,6.698485845951282,1
2026,ירדנה,60.07326007326007,69.23076923076923,71.98581560283688,5.175339005753216,1
2029,מדרך עוז,68.18181818181817,76.59574468085107,70.990990990991,-0.022240343983980893,0
2030,מנוחה,67.26190476190477,78.1163434903047,78.125,3.7736400857867096,1
2033,בית חלקיה,85.30259365994236,84.39897698209718,90.11494252873564,-1.1851591348689965,0
2034,חצור הגלילית,65.75967053978526,71.37254901960785,69.84624145785877,4.011351586522608,1
2035,עדנים,79.50530035335689,78.42465753424658,77.92642140468227,-3.4129692832764675,0
2038,ברקת,82.55416191562144,87.8475798146241,84.88372093023256,6.128731209349738,1
2042,עין גדי,69.75169300225733,67.3469387755102,68.34381551362684,-3.524103315750459,0
2043,בחן,79.10112359550561,80.38461538461539,79.86111111111111,-3.1888769021121988,0
2044,מלילות,80.9090909090909,78.63636363636364,78.94736842105263,8.766952005386173,1
2045,נחלה,75.21367521367522,85.96938775510205,81.9327731092437,3.485522374512115,1
2046,סגולה,76.37795275590551,81.4070351758794,81.16279069767441,3.469221361598045,1
2047,ניר משה,70.44198895027624,75.53763440860214,71.49758454106279,-2.942971082394479,0
2048,ניר עקיבא,71.68141592920354,80.1526717557252,79.03563941299791,-6.460422287822283,0
2049,שדה צבי,67.21854304635761,78.43137254901961,74.16267942583733,2.005468013182565,1
2050,"תלמי ביל""ו",64.70588235294117,76.22377622377621,75.07418397626114,3.7213360683342103,1
2051,רווחה,76.01010101010101,80.38740920096852,82.31132075471697,5.576187101346562,1
2052,אביטל,69.68085106382979,76.51715039577837,76.30208333333334,3.9121916791394256,1
2053,פרזון,66.44295302013423,75.49668874172185,71.15987460815047,3.674727358937872,1
2054,מיטב,67.82608695652173,77.62039660056658,78.51458885941645,5.854173681471735,1
2055,מאור,77.73109243697479,80.52631578947368,78.77412031782066,-1.2976096664039858,0
2057,שדי תרומות,55.24691358024691,67.74193548387096,70.79889807162535,8.047550836984627,1
2059,"פעמי תש""ז",68.31683168316832,80.9090909090909,78.82037533512064,3.263764659113491,1
2060,ברוש,77.88461538461539,75.40322580645162,77.84810126582279,5.761048689138576,1
2061,תדהר,71.72995780590718,77.55102040816327,76.0705289672544,2.3261714532498416,1
2062,תאשור,67.63485477178423,72.1311475409836,72.26027397260275,5.848840345199562,1
2063,דישון,64.28571428571429,68.22742474916387,70.40816326530613,3.8712921065862247,1
2064,זרועה,62.10045662100456,77.57847533632287,74.73684210526315,3.7147266313932903,1
2100,טירת כרמל,61.45589999368647,66.45001547508511,64.71327143637356,5.687139125584963,1
2200,דימונה,53.0209617755857,60.74922187638951,60.14246339979239,7.225327262310756,1
2300,קרית טבעון,71.8130753627711,72.29052823315118,71.24963375329621,0.3079298524613421,1
2400,אור יהודה,62.96855053963096,71.24706060835925,69.5582835737863,5.664902991572248,1
2500,נשר,62.94506879529461,67.28957449011284,64.3564862104188,2.0421276041682006,1
2530,באר יעקב,71.98744769874477,78.63011169574449,76.21251505737654,4.833338578407904,1
2550,גדרה,73.57832067337301,76.79229426595126,73.99942246606989,2.5034933976338465,1
2560,ערד,55.98476080246913,60.33165104542177,60.70863944945597,0.15150351654347105,1
2600,אילת,43.06954647428848,49.02852769865227,45.42581106870229,1.7000059994810286,1
2610,בית שמש,64.5002483104096,67.51364725287672,65.30441498262324,4.5180905827225075,1
2620,קרית אונו,74.28087319725746,77.0392523364486,75.43426045183973,0.2072117990838791,1
2630,קרית גת,60.94440810987574,67.63698630136986,66.58274588788184,5.931899288114252,1
2640,ראש העין,73.27164985965277,78.24631641124931,77.61842894263442,2.721877702198782,1
2650,רמת השרון,73.44000000000001,75.31396069155825,73.17885276522021,-0.35918267846135166,0
2660,יבנה,67.88700133613284,74.45818868178907,74.57442626916216,4.633443651896158,1
2710,אום אל-פחם,56.74240815459758,67.42087409017554,45.13536866359447,5.138061973630215,1
2720,טירה,58.83438818565401,72.5995898328258,59.64863201477088,15.171838851570634,1
2730,טייבה,60.483870967741936,73.95016339869281,61.82920630310071,14.31155257046467,1
2800,קרית שמונה,54.84927916120576,61.76390477746908,60.41518321739606,3.9475146780334,1
3000,ירושלים,65.11609214495844,67.08656397711253,63.887358686485086,2.4973257131015743,1
3400,חברון,87.90035587188612,85.23985239852398,79.2982456140351,-1.4390762336990903,0
3488,כפר עציון,81.70426065162907,80.04750593824228,77.15517241379311,0.555168003720496,1
3555,נתיב הגדוד,57.04225352112676,70.46979865771812,69.48051948051948,-5.2128060263653495,0
3556,אלמוג,74.28571428571429,72.41379310344827,70.10309278350515,-9.21448921448922,0
3557,קדומים,85.66463944396178,86.18807724601176,83.67190494442315,-1.4215095750425775,0
3558,תומר,75.20661157024794,72.8395061728395,82.93650793650794,-1.9590171710463835,0
3560,אלקנה,84.31372549019608,85.5397148676171,84.88604558176729,-0.5417640098968377,0
3561,מגדל עוז,70.63492063492063,72.08333333333333,69.19999999999999,0.23513840781730266,1
3563,תקוע,77.10597826086956,81.19087367835282,78.3744557329463,0.26340968563755496,1
3564,כוכב השחר,86.9098712446352,85.99605522682445,84.70688190314358,0.3570625668130276,1
3565,רימונים,65.27777777777779,69.8237885462555,69.5906432748538,3.327767175572518,1
3566,יפית,50.78125,60.74074074074074,67.72151898734177,-2.252190580503836,0
3567,סלעית,79.83870967741935,77.94117647058823,81.54929577464789,-0.9469651114930997,0
3568,ריחן,74.16666666666667,76.33587786259542,80.72916666666666,-2.231404958677686,0
3569,מבוא דותן,57.67634854771784,63.77358490566037,69.81818181818183,6.334373839467631,1
3570,אריאל,65.92126884332356,69.59830866807611,66.76365560111095,0.19210027004259445,1
3571,שבי שומרון,79.26078028747433,78.65384615384615,81.95211786372008,0.05668934240362944,1
3572,כפר תפוח,81.29032258064515,75.91836734693878,81.06312292358804,-2.6343489165741545,0
3573,חלמיש,79.50138504155125,82.91721419185282,80.9840425531915,0.07405056595789006,1
3574,בית אל,85.68665377176016,85.04672897196261,85.1416515973478,0.5889803364983237,1
3575,בית חורון,87.16417910447761,85.8356940509915,83.56164383561644,0.5053503841133846,1
3576,מצפה יריחו,84.98134328358209,84.81989708404802,81.5251572327044,0.22038225416076784,1
3578,שדמות מחולה,64.40217391304348,81.93146417445483,85.78947368421052,2.385542563475198,1
3579,אלון מורה,81.58192090395481,83.07522123893806,80.02183406113537,-1.377065707196465,0
3598,ארגמן,63.43283582089553,67.6923076923077,64.84375,-3.5835252675789135,0
3599,מחולה,84.070796460177,82.23350253807106,85.74380165289256,-3.0555854209224833,0
3601,קליה,74.23728813559322,77.27272727272727,75.0,2.2191967324710618,1
3602,ראש צורים,89.6788990825688,89.3709327548807,88.22314049586777,-1.8815876604727606,0
3603,הר גילה,86.82842287694974,80.32407407407408,78.72559095580678,0.7434754768001142,1
3604,אלון שבות,82.70557029177719,82.7775012444002,80.22130013831259,-0.9217527773170104,0
3605,משואה,72.38805970149254,73.48484848484848,67.33333333333333,4.464607619276535,1
3606,גלגל,57.377049180327866,62.121212121212125,58.50340136054422,5.172683231754959,1
3607,"ייט""ב",78.94736842105263,82.14285714285714,80.3921568627451,0.24482109227872684,1
3608,מעלה אפרים,50.76400679117148,55.793991416309005,55.633802816901415,3.225876478888523,1
3609,חמרה,64.0,70.45454545454545,71.85185185185186,6.299682034976151,1
3610,מצפה שלם,72.41379310344827,72.84768211920529,72.25433526011561,-0.2730131503716393,0
3611,קרית ארבע,72.61574074074075,74.35440783615316,73.44812925170068,2.5633881530455085,1
3612,בקעות,75.51020408163265,80.98591549295774,83.08823529411765,1.5852490421455911,1
3613,גיתית,73.05389221556887,80.21390374331551,79.66804979253112,-1.7417012114785138,0
3614,מכורה,72.64150943396226,70.43478260869566,69.92481203007519,0.2465160738542096,1
3615,פצאל,70.08928571428571,78.22222222222223,84.78260869565217,1.0558230239502677,1
3616,מעלה אדומים,71.07473532054539,74.91482271893369,73.12044254463163,2.670669469150738,1
3617,עופרה,84.75791990436342,83.33333333333334,80.20331728196896,-2.0784493563538433,0
3618,אלעזר,85.38062283737024,84.64476699770817,80.77188146106134,-2.1122540388595326,0
3619,רועי,79.42857142857143,81.05263157894737,76.74418604651163,8.333333333333321,1
3638,כפר אדומים,82.32044198895028,81.5227934044617,79.24679487179486,-3.5723212957371686,0
3639,ורד יריחו,83.04093567251462,78.61271676300578,78.31858407079646,-0.7622824410663185,0
3640,קרני שומרון,74.43290226839092,77.56989699390373,77.14983101764928,0.9858809539896924,1
3641,שילה,82.31488138030194,84.2985842985843,82.57694314032342,2.4806953032909718,1
3643,חיננית,82.07885304659499,80.96,78.23834196891191,-0.15232422361879117,0
3644,גבעון החדשה,73.49896480331263,73.87914230019493,70.93596059113301,-1.5115905975106045,0
3645,בית הערבה,90.19607843137256,85.48387096774194,86.89655172413792,4.401509557798008,1
3647,יקיר,88.20160366552119,86.40167364016736,88.18565400843882,-3.0050084418306824,0
3648,מתתיהו,69.25795053003534,65.98240469208211,75.10917030567686,1.7278334112158689,1
3649,שקד,75.47169811320755,77.32558139534885,74.07407407407408,-1.1437202232075663,0
3650,אפרתה,78.28175026680897,78.10156782549421,78.95266868076536,-1.3893342243625852,0
3651,מעלה מכמש,87.7840909090909,87.32394366197182,80.64864864864865,0.12786918056239926,1
3652,בית אריה,74.95553183920313,78.81245944192084,74.75565484501536,0.38540596094553337,1
3653,מעלה עמוס,72.42990654205607,70.86956521739131,75.9375,0.5724342461832634,1
3654,ברקן,72.74401473296501,76.10169491525424,74.53183520599251,0.5461701905325924,1
3655,"ניל""י",76.25,80.64903846153845,77.50229568411386,-1.139258809965284,0
3656,כרמל,85.59670781893004,81.36882129277566,85.98484848484848,-7.296680705976726,0
3657,מעון,72.03389830508475,78.76447876447877,80.06756756756756,6.087431693989075,1
3658,עטרת,84.86055776892431,87.45519713261649,86.77966101694915,-1.5811675860644812,0
3659,פסגות,88.56825749167592,86.52037617554859,85.8,-1.4050544864363559,0
3660,עמנואל,73.81221719457014,72.8414442700157,72.68496975337366,8.510356781685175,1
3709,מבוא חורון,89.90384615384616,91.40127388535032,90.21937842778792,-0.3636158453051479,0
3710,ברכה,80.63420158550396,85.83420776495278,88.64668483197093,0.533485473000809,1
3712,ענב,82.48847926267281,83.91608391608392,84.48979591836735,-1.788132080685287,0
3713,"נעמ""ה",64.40677966101694,61.11111111111112,71.01449275362319,2.1653232179547928,1
3715,עלמון,76.83089214380826,77.57575757575758,77.07676130389063,2.7134950095016706,1
3717,חרמש,60.588235294117645,67.40331491712708,69.11764705882352,2.9962795641775273,1
3719,תלם,75.39682539682539,74.6268656716418,92.85714285714286,6.137512639029325,1
3722,אשכולות,80.12422360248446,78.30188679245283,78.09798270893373,2.455165893579931,1
3723,פני חבר,83.43558282208589,86.45833333333334,84.97652582159625,-0.49185506069220253,0
3725,נווה דניאל,83.57723577235772,81.50633855331841,77.57377049180327,-3.471930952846975,0
3726,נוקדים,78.00511508951406,82.4295010845987,76.95690413368513,-1.3666264744316123,0
3727,עלי זהב,70.7808564231738,80.97412480974124,84.53531598513011,-1.4396887159533094,0
3730,גבעת זאב,74.6714070243482,77.6931447225245,76.40626366897034,3.4938233501510325,1
3743,טנא,73.50230414746544,76.58227848101265,76.95390781563127,2.2212593775442144,1
3744,ברוכין,92.2077922077922,86.08695652173914,90.1639344262295,-1.1226481560619561,0
3745,מצדות יהודה,86.59003831417624,87.36842105263159,82.14285714285714,-2.1947644756127005,0
3746,קרית נטפים,84.93589743589743,86.93181818181817,84.14634146341463,-1.6154731344604727,0
3747,דולב,84.19540229885058,84.27586206896551,84.37884378843789,-1.375414666412766,0
3748,עתניאל,85.47008547008546,85.6777493606138,82.22222222222221,-6.045419889834051,0
3749,יצהר,78.2,83.11688311688312,81.63884673748103,0.9130143368589643,1
3750,אלפי מנשה,76.79245283018868,79.18374953410363,75.871125897391,0.10896421936982392,1
3751,מגדלים,62.16216216216216,69.40298507462687,76.54867256637168,1.3690013690013672,1
3752,מעלה לבונה,75.43352601156069,81.05849582172702,82.71604938271605,-1.3553709025572402,0
3754,אספר,76.88888888888889,75.40322580645162,76.16279069767442,4.342140811584812,1
3756,סוסיה,79.9163179916318,81.71428571428572,83.03030303030303,4.251165501165502,1
3759,אדורה,80.44692737430168,80.0,79.59183673469387,3.787878787878782,1
3760,אורנית,79.2038027332145,81.89806678383128,79.88268864933417,-0.6946622130780611,0
3762,איתמר,77.04194260485652,82.06185567010309,78.35951134380453,2.2119593977004968,1
3763,גבע בנימין,72.40272763738467,79.54794021144733,74.13350449293966,6.022778014110571,1
3764,חגי,84.25196850393701,87.890625,83.33333333333334,-8.141829155060364,0
3765,עלי,80.36236119228522,80.47368421052632,79.42992874109264,-2.2712118429155908,0
3766,כרמי צור,86.68171557562077,89.79206049149339,83.64312267657994,-3.4915559475899016,0
3767,נחליאל,77.68924302788844,85.06944444444444,78.18181818181819,4.866950909182833,1
3768,פדואל,89.51367781155015,86.94550063371355,87.6470588235294,0.03647416413373605,1
3769,הר אדר,79.26829268292683,80.02248875562219,79.02097902097903,-2.3898848261454475,0
3770,חשמונאים,82.43583291394062,79.57038391224863,78.1344902386117,-0.05543476131710179,0
3779,כוכב יעקב,81.36543535620054,83.25624421831638,81.2484700122399,3.4140084259415886,1
3780,ביתר עילית,84.81943690842226,84.41082552478669,80.7962813257882,4.021497765679612,1
3781,קדר,73.78223495702005,80.2919708029197,74.1090146750524,2.4047451457173423,1
3784,שמעה,58.92116182572615,70.39473684210526,75.29411764705883,2.8820663872210304,1
3787,נעלה,79.5031055900621,80.76433121019109,77.07404103479037,1.4007441550508162,1
3788,טלמון,89.13713405238829,88.42652795838751,86.91358024691358,0.2866078319430869,1
3790,נופים,69.56521739130434,73.1764705882353,76.05633802816901,2.1372000931749398,1
3791,צופים,79.53539823008849,84.05797101449275,80.87508821453775,0.6552827385433062,1
3793,אבני חפץ,83.96349413298566,86.0655737704918,80.92540132200189,3.33290644810144,1
3794,בת עין,73.07086614173228,74.67994310099573,76.38072855464159,3.8407821229050256,1
3795,רבבה,92.97124600638978,90.97839898348158,87.87878787878788,-3.080807605962491,0
3796,כפר האורנים,83.22884012539184,81.2960235640648,76.49653434152489,-1.4218828599328077,0
3797,מודיעין עילית,90.69145123524632,89.2600620510859,84.47414806110459,1.012516653626406,1
4000,חיפה,58.602527944041306,62.20064618496017,58.74383739601237,0.4177390536590053,1
4001,בוקעאתא,2.719033232628399,4.683195592286501,14.258188824662811,9.904971334328122,1
4002,אלי-עד,71.96652719665272,69.61538461538461,76.35135135135135,2.5567572834453927,1
4003,אל-רום,65.26315789473685,69.93243243243244,76.06060606060606,-1.6425183361764368,0
4004,כפר חרוב,56.04026845637584,65.06024096385542,64.1160949868074,1.528898140919999,1
4005,חספין,81.95956454121306,81.93456614509246,78.90137328339576,-1.16416315678309,0
4006,קשת,78.6096256684492,78.89182058047494,78.77358490566037,1.2579185520361875,1
4007,יונתן,79.32330827067669,79.05405405405406,81.5126050420168,-2.5137873541105478,0
4008,מעלה גמלא,74.31192660550458,75.22388059701493,80.0,-0.897313564298301,0
4009,שעל,70.3883495145631,78.53881278538812,79.81220657276995,1.3957956600361712,1
4010,אודם,67.02127659574468,78.43137254901961,77.87610619469027,-3.432762233452479,0
4011,אבני איתן,76.8361581920904,77.8688524590164,81.51898734177216,-1.1442441054091574,0
4012,אניעם,68.78306878306879,71.7557251908397,70.34482758620689,-4.69978138186994,0
4013,אורטל,71.71717171717171,72.76785714285714,77.82258064516128,-9.181865706319698,0
4014,נטור,79.60526315789474,79.36507936507937,80.34188034188034,-3.2193732193732245,0
4015,בני יהודה,66.54929577464789,71.62629757785467,67.22783389450056,0.7284857037887988,1
4017,אלוני הבשן,83.33333333333334,84.78260869565217,73.27188940092167,-2.53758839959589,0
4021,גבעת יואב,74.2014742014742,79.49308755760369,75.69296375266525,2.0741703318672506,1
4022,גשור,70.0,70.76923076923077,70.85201793721974,-3.696268082631292,0
4024,קלע,48.507462686567166,60.89743589743589,59.905660377358494,2.346697449180695,1
4025,קדמת צבי,65.67656765676567,72.54901960784314,77.95698924731182,-5.185557701758995,0
4026,חד-נס,68.26923076923077,72.91666666666666,63.17460317460317,-2.5118943665994777,0
4028,כנף,75.33039647577093,74.90196078431373,78.61635220125787,-8.261904761904773,0
4100,קצרין,57.21111307733145,61.63979892529034,59.02317880794702,0.08498869218247052,1
4101,מרום גולן,73.29192546583852,70.85828343313374,70.33747779751333,-4.410130132184207,0
4201,מג'דל שמס,20.3960396039604,19.655172413793103,17.353308364544322,5.825556498202236,1
4203,מסעדה,19.07514450867052,11.981566820276496,21.77914110429448,3.144759311395209,1
4204,מבוא חמה,63.40057636887608,70.14492753623188,70.57356608478803,-3.1784841075794645,0
4301,אפיק,67.04545454545455,69.55128205128204,70.91633466135458,1.9704861111111143,1
4303,"נווה אטי""ב",73.46938775510205,71.42857142857143,67.27272727272727,-6.666666666666664,0
4304,נוב,79.77272727272727,85.23489932885906,83.7448559670782,-4.07444896476099,0
4501,ע'ג'ר,55.91240875912409,46.93877551020408,36.79471788715486,-18.282147345107095,0
4503,עין זיוון,69.48356807511738,65.12605042016807,68.75,-0.4025423728813564,0
4551,נאות גולן,65.3731343283582,71.50837988826815,71.28953771289538,-0.8044481249260684,0
4701,רמת מגשימים,82.20551378446115,84.28571428571429,81.13636363636364,-2.1017383870048434,0
4702,רמות,78.26086956521739,77.32696897374701,79.77011494252874,-0.0984034541620673,0
5000,תל אביב - יפו,62.64113220376826,65.2566829805275,63.03852269475936,-0.3731385286064892,0
6000,באקה אל-גרביה,43.26171875,61.51127361365021,42.88167426884894,16.21186869494448,1
6100,בני ברק,77.92816510256966,80.03178959631163,77.24954128440366,2.619807856388391,1
6200,בת ים,52.27320225712586,55.79554158100536,52.33437011490548,2.1770224641012206,1
6300,גבעתיים,71.6235885673959,73.53858229945708,71.61169881767269,-0.31773990794263796,0
6400,הרצליה,67.19537251514794,69.87402286969443,67.81027394723522,0.3168121574619249,1
6500,חדרה,57.74556405184376,64.87892248173091,62.83212760048141,3.6709285497348603,1
6600,חולון,61.411199187124254,66.73697832416694,64.37197226355951,3.042519585710636,1
6700,טבריה,54.14170750892479,61.02490507369869,59.31817526872425,6.056954680571145,1
6800,קרית אתא,60.973932182405946,66.96526304032167,65.73752688401014,3.1912297904472737,1
6900,כפר סבא,71.67712806959587,74.91249309155987,73.20853612879071,-0.022983834468988107,0
7000,לוד,55.66333699020344,61.58297129631386,56.1390074025453,7.516955482326836,1
7100,אשקלון,56.88465499485067,63.75635013677218,62.27927374947737,3.332391418574069,1
7200,נס ציונה,74.83855287827235,78.61450692746537,76.515693996897,0.5432268773940478,1
7300,נצרת,55.05395718678392,61.40855124737,39.830998755281286,9.25242069459442,1
7400,נתניה,58.47723900602222,63.19073611423565,60.32581384432725,1.7901269571133582,1
7500,סח'נין,76.29909106499743,81.6806993081997,81.38351015747656,-1.8395690315306439,0
7600,עכו,55.95008394517252,64.52680998270324,58.32531742978069,6.194688807059308,1
7700,עפולה,57.21703617269544,65.06855076120785,64.72045995241872,3.9660717567616857,1
7800,פרדס חנה-כרכור,65.33259511191964,71.61832576638776,72.1679720046659,0.2782575888767411,1
7900,פתח תקווה,66.54263639380007,70.83222921964062,69.4864159988174,1.7153269815467667,1
8000,צפת,60.921347244056975,64.96496496496496,61.12120425642357,4.242347496384248,1
8200,קרית מוצקין,63.65407201581255,69.02527686194945,66.88902038840175,1.4362462419707143,1
8300,ראשון לציון,66.22810228520629,70.93254677022627,67.73246027060391,1.777461918889685,1
8400,רחובות,66.98715894280282,71.19532044760936,69.41808533741231,2.091265085913321,1
8500,רמלה,56.212440800732274,64.68210286581893,58.877676504629626,7.576127692199542,1
8600,רמת גן,66.25806081562754,69.34831497031176,67.12223232307669,0.47428588410528505,1
8700,רעננה,68.90746507251927,70.74832165192127,68.48059595381976,-0.0786703704594629,0
8800,שפרעם,54.09062693978896,59.18049388486406,47.41503532140723,6.640313719697062,1
8900,טמרה,70.33815903197926,80.67057160169662,58.525511350865365,11.142006138051627,1
9000,באר שבע,56.74349947421017,62.86376167866442,61.337373211641285,4.754199398842424,1
9100,נהריה,60.83804266876945,65.88431092239743,62.93253721773628,1.5652200876449172,1
9200,בית שאן,63.34817722092233,70.25089605734766,69.8589562764457,5.500265245927366,1
9300,זכרון יעקב,74.65888310592207,76.97515446299461,74.63685815051707,-0.6403425831510816,0
9400,יהוד-מונוסון,73.15332960268607,76.07459631566978,74.56672443674177,2.539288878193773,1
9500,קרית ביאליק,62.64230792155928,67.69856713249602,64.78082992402105,1.6838982612169673,1
9600,קרית ים,54.68174275026018,59.312733822918105,57.83706787925272,2.204575570063902,1
9700,הוד השרון,75.01349892008639,77.69551484523058,76.69186148708033,-0.07384268600534938,0
9800,בנימינה-גבעת עדה,75.12363427257044,76.57392253136935,75.96545219894767,-0.8646821388120003,0
