שם ישוב,סמל ישוב,קלפי,בזב,מצביעים,אחוז הצבעה,סוג חישוב
אבו גווייעד שבט,967,3.1,570,173,30.350877192982455,אחוז הצבעה בקלפי
אבו גווייעד שבט,967,3.2,570,96,16.842105263157894,אחוז הצבעה בקלפי
אבו גווייעד שבט,967,3.3,570,169,29.64912280701754,אחוז הצבעה בקלפי
אבו גווייעד שבט,967,3.4,569,111,19.507908611599298,אחוז הצבעה בקלפי
אבו גוש,472,1.1,598,360,60.200668896321076,אחוז הצבעה בקלפי
אבו גוש,472,1.2,598,333,55.68561872909699,אחוז הצבעה בקלפי
אבו גוש,472,1.3,598,324,54.18060200668896,אחוז הצבעה בקלפי
אבו גוש,472,3.0,626,350,55.91054313099042,אחוז הצבעה בקלפי
אבו גוש,472,5.0,555,260,46.846846846846844,אחוז הצבעה בקלפי
אבו גוש,472,6.1,542,284,52.398523985239855,אחוז הצבעה בקלפי
אבו גוש,472,6.2,542,306,56.457564575645755,אחוז הצבעה בקלפי
אבו גוש,472,6.3,540,317,58.7037037037037,אחוז הצבעה בקלפי
אבו גוש,472,8.0,495,275,55.55555555555556,אחוז הצבעה בקלפי
אבו סנאן,473,1.1,397,263,66.24685138539043,אחוז הצבעה בקלפי
אבו סנאן,473,1.2,396,203,51.26262626262626,אחוז הצבעה בקלפי
אבו סנאן,473,5.1,511,285,55.77299412915851,אחוז הצבעה בקלפי
אבו סנאן,473,5.2,511,265,51.85909980430529,אחוז הצבעה בקלפי
אבו סנאן,473,5.3,510,280,54.90196078431373,אחוז הצבעה בקלפי
אבו סנאן,473,8.1,524,327,62.40458015267175,אחוז הצבעה בקלפי
אבו סנאן,473,8.2,524,283,54.007633587786266,אחוז הצבעה בקלפי
אבו סנאן,473,8.3,524,310,59.16030534351145,אחוז הצבעה בקלפי
אבו סנאן,473,9.1,511,275,53.8160469667319,אחוז הצבעה בקלפי
אבו סנאן,473,9.2,511,277,54.20743639921722,אחוז הצבעה בקלפי
אבו סנאן,473,9.3,510,261,51.17647058823529,אחוז הצבעה בקלפי
אבו סנאן,473,11.1,505,276,54.65346534653466,אחוז הצבעה בקלפי
אבו סנאן,473,11.2,505,271,53.663366336633665,אחוז הצבעה בקלפי
אבו סנאן,473,11.3,505,228,45.14851485148515,אחוז הצבעה בקלפי
אבו סנאן,473,13.1,614,359,58.46905537459284,אחוז הצבעה בקלפי
אבו סנאן,473,13.2,614,318,51.79153094462541,אחוז הצבעה בקלפי
אבו סנאן,473,13.3,614,311,50.65146579804561,אחוז הצבעה בקלפי
אבו סנאן,473,13.4,614,344,56.02605863192183,אחוז הצבעה בקלפי
אבו סנאן,473,13.5,613,322,52.52854812398042,אחוז הצבעה בקלפי
אבו עבדון שבט,958,1.0,154,41,26.623376623376622,אחוז הצבעה בקלפי
אבו קורינאת שבט,968,5.1,678,204,30.08849557522124,אחוז הצבעה בקלפי
אבו קורינאת שבט,968,5.2,678,203,29.941002949852507,אחוז הצבעה בקלפי
אבו קורינאת שבט,968,5.3,678,275,40.56047197640118,אחוז הצבעה בקלפי
אבו קורינאת שבט,968,5.4,678,320,47.1976401179941,אחוז הצבעה בקלפי
אבו קורינאת שבט,968,5.5,674,213,31.602373887240354,אחוז הצבעה בקלפי
אבו קרינאת יישוב,1342,1.1,352,187,53.125,אחוז הצבעה בקלפי
אבו קרינאת יישוב,1342,1.2,351,164,46.72364672364672,אחוז הצבעה בקלפי
אבו רובייעה שבט,966,5.1,603,205,33.99668325041459,אחוז הצבעה בקלפי
אבו רובייעה שבט,966,5.2,603,207,34.32835820895522,אחוז הצבעה בקלפי
אבו רובייעה שבט,966,5.3,603,204,33.83084577114428,אחוז הצבעה בקלפי
אבו רובייעה שבט,966,5.4,603,186,30.845771144278604,אחוז הצבעה בקלפי
אבו רובייעה שבט,966,5.5,600,183,30.5,אחוז הצבעה בקלפי
אבו רובייעה שבט,966,6.1,491,187,38.085539714867615,אחוז הצבעה בקלפי
אבו רובייעה שבט,966,6.2,491,173,35.234215885947044,אחוז הצבעה בקלפי
אבו רובייעה שבט,966,6.3,490,151,30.816326530612244,אחוז הצבעה בקלפי
אבו רוקייק שבט,961,1.1,667,222,33.28335832083958,אחוז הצבעה בקלפי
אבו רוקייק שבט,961,1.2,667,199,29.83508245877061,אחוז הצבעה בקלפי
אבו רוקייק שבט,961,1.3,667,273,40.929535232383806,אחוז הצבעה בקלפי
אבו רוקייק שבט,961,1.4,667,403,60.41979010494752,אחוז הצבעה בקלפי
אבו רוקייק שבט,961,1.5,667,302,45.27736131934033,אחוז הצבעה בקלפי
אבו רוקייק שבט,961,1.6,667,237,35.532233883058474,אחוז הצבעה בקלפי
אבו רוקייק שבט,961,1.7,667,239,35.83208395802099,אחוז הצבעה בקלפי
אבו רוקייק שבט,961,1.8,667,230,34.48275862068966,אחוז הצבעה בקלפי
אבו תלול,1375,1.0,568,319,56.16197183098591,אחוז הצבעה בקלפי
אבו תלול,1375,2.0,573,334,58.289703315881326,אחוז הצבעה בקלפי
אבטין,652,1.0,602,255,42.35880398671096,אחוז הצבעה בקלפי
אבטין,652,2.0,629,237,37.67885532591415,אחוז הצבעה בקלפי
אבטין,652,3.1,352,190,53.97727272727273,אחוז הצבעה בקלפי
אבטין,652,3.2,352,193,54.82954545454546,אחוז הצבעה בקלפי
אבטליון,1275,1.0,323,244,75.54179566563467,אחוז הצבעה בקלפי
אביאל,679,1.0,547,405,74.04021937842778,אחוז הצבעה בקלפי
אביבים,1115,1.0,347,271,78.09798270893373,אחוז הצבעה בקלפי
אביגדור,819,1.0,607,486,80.0658978583196,אחוז הצבעה בקלפי
אביחיל,175,1.0,403,276,68.4863523573201,אחוז הצבעה בקלפי
אביחיל,175,2.0,584,422,72.26027397260275,אחוז הצבעה בקלפי
אביטל,2052,1.0,414,328,79.22705314009661,אחוז הצבעה בקלפי
אביעזר,1070,1.0,618,497,80.42071197411003,אחוז הצבעה בקלפי
אבירים,1220,1.0,235,152,64.68085106382979,אחוז הצבעה בקלפי
אבן יהודה,182,1.1,577,422,73.13691507798961,אחוז הצבעה בקלפי
אבן יהודה,182,1.2,577,438,75.90987868284229,אחוז הצבעה בקלפי
אבן יהודה,182,1.3,575,423,73.56521739130434,אחוז הצבעה בקלפי
אבן יהודה,182,2.0,564,416,73.75886524822694,אחוז הצבעה בקלפי
אבן יהודה,182,3.0,714,553,77.45098039215686,אחוז הצבעה בקלפי
אבן יהודה,182,5.0,674,440,65.28189910979229,אחוז הצבעה בקלפי
אבן יהודה,182,6.0,702,531,75.64102564102564,אחוז הצבעה בקלפי
אבן יהודה,182,9.1,623,468,75.12038523274478,אחוז הצבעה בקלפי
אבן יהודה,182,9.2,623,450,72.23113964686998,אחוז הצבעה בקלפי
אבן יהודה,182,9.3,623,449,72.07062600321026,אחוז הצבעה בקלפי
אבן יהודה,182,9.4,623,449,72.07062600321026,אחוז הצבעה בקלפי
אבן יהודה,182,9.5,623,463,74.31781701444623,אחוז הצבעה בקלפי
אבן יהודה,182,9.6,621,466,75.0402576489533,אחוז הצבעה בקלפי
אבן יהודה,182,10.0,652,462,70.85889570552148,אחוז הצבעה בקלפי
אבן יהודה,182,11.0,495,379,76.56565656565657,אחוז הצבעה בקלפי
אבן יהודה,182,12.0,671,503,74.96274217585693,אחוז הצבעה בקלפי
אבן יהודה,182,17.0,515,400,77.66990291262135,אחוז הצבעה בקלפי
אבן מנחם,1081,1.0,278,194,69.7841726618705,אחוז הצבעה בקלפי
אבן ספיר,783,1.0,506,369,72.92490118577075,אחוז הצבעה בקלפי
אבן שמואל,400,1.0,519,428,82.46628131021194,אחוז הצבעה בקלפי
אבן שמואל,400,2.0,550,477,86.72727272727273,אחוז הצבעה בקלפי
אבני איתן,4011,1.0,455,325,71.42857142857143,אחוז הצבעה בקלפי
אבני חפץ,3793,4.1,679,528,77.76141384388808,אחוז הצבעה בקלפי
אבני חפץ,3793,4.2,679,521,76.73048600883654,אחוז הצבעה בקלפי
אבשלום,1311,1.0,308,199,64.6103896103896,אחוז הצבעה בקלפי
אדורה,3759,1.0,264,208,78.78787878787878,אחוז הצבעה בקלפי
אדירים,113,1.0,235,177,75.31914893617021,אחוז הצבעה בקלפי
אדמית,1068,1.0,369,205,55.55555555555556,אחוז הצבעה בקלפי
אדרת,1123,1.0,609,443,72.74220032840722,אחוז הצבעה בקלפי
אודים,446,1.0,407,294,72.23587223587224,אחוז הצבעה בקלפי
אודים,446,2.0,426,323,75.82159624413146,אחוז הצבעה בקלפי
אודם,4010,1.0,133,99,74.43609022556392,אחוז הצבעה בקלפי
אוהד,1046,1.0,280,200,71.42857142857143,אחוז הצבעה בקלפי
אום אלפחם,2710,7.1,376,134,35.638297872340424,אחוז הצבעה בקלפי
אום אלפחם,2710,7.2,376,119,31.648936170212767,אחוז הצבעה בקלפי
אום אלפחם,2710,10.0,625,397,63.519999999999996,אחוז הצבעה בקלפי
אום אלפחם,2710,11.0,687,274,39.88355167394469,אחוז הצבעה בקלפי
אום אלפחם,2710,12.0,556,176,31.654676258992804,אחוז הצבעה בקלפי
אום אלפחם,2710,14.0,598,222,37.12374581939799,אחוז הצבעה בקלפי
אום אלפחם,2710,16.1,692,261,37.716763005780344,אחוז הצבעה בקלפי
אום אלפחם,2710,16.2,692,274,39.59537572254335,אחוז הצבעה בקלפי
אום אלפחם,2710,16.3,692,253,36.5606936416185,אחוז הצבעה בקלפי
אום אלפחם,2710,16.4,692,268,38.72832369942196,אחוז הצבעה בקלפי
אום אלפחם,2710,16.5,691,232,33.57452966714906,אחוז הצבעה בקלפי
אום אלפחם,2710,18.1,523,184,35.18164435946463,אחוז הצבעה בקלפי
אום אלפחם,2710,18.2,523,150,28.680688336520078,אחוז הצבעה בקלפי
אום אלפחם,2710,18.3,522,173,33.14176245210728,אחוז הצבעה בקלפי
אום אלפחם,2710,20.0,664,249,37.5,אחוז הצבעה בקלפי
אום אלפחם,2710,22.1,679,272,40.058910162002945,אחוז הצבעה בקלפי
אום אלפחם,2710,22.2,678,281,41.44542772861357,אחוז הצבעה בקלפי
אום אלפחם,2710,23.1,700,282,40.285714285714285,אחוז הצבעה בקלפי
אום אלפחם,2710,23.2,700,285,40.714285714285715,אחוז הצבעה בקלפי
אום אלפחם,2710,23.3,700,258,36.857142857142854,אחוז הצבעה בקלפי
אום אלפחם,2710,26.1,513,186,36.25730994152047,אחוז הצבעה בקלפי
אום אלפחם,2710,26.2,513,191,37.23196881091618,אחוז הצבעה בקלפי
אום אלפחם,2710,26.3,511,160,31.31115459882583,אחוז הצבעה בקלפי
אום אלפחם,2710,27.0,495,186,37.57575757575757,אחוז הצבעה בקלפי
אום אלפחם,2710,31.0,632,276,43.67088607594937,אחוז הצבעה בקלפי
אום אלפחם,2710,32.1,638,237,37.14733542319749,אחוז הצבעה בקלפי
אום אלפחם,2710,32.2,638,231,36.206896551724135,אחוז הצבעה בקלפי
אום אלפחם,2710,32.3,637,286,44.89795918367347,אחוז הצבעה בקלפי
אום אלפחם,2710,33.0,628,295,46.97452229299363,אחוז הצבעה בקלפי
אום אלפחם,2710,34.1,625,227,36.32,אחוז הצבעה בקלפי
אום אלפחם,2710,34.2,624,267,42.78846153846153,אחוז הצבעה בקלפי
אום אלפחם,2710,37.0,618,188,30.42071197411003,אחוז הצבעה בקלפי
אום אלפחם,2710,39.0,563,200,35.52397868561279,אחוז הצבעה בקלפי
אום אלפחם,2710,42.0,646,279,43.188854489164086,אחוז הצבעה בקלפי
אום אלפחם,2710,43.1,559,203,36.314847942754916,אחוז הצבעה בקלפי
אום אלפחם,2710,43.2,559,213,38.10375670840787,אחוז הצבעה בקלפי
אום אלפחם,2710,43.3,559,207,37.0304114490161,אחוז הצבעה בקלפי
אום אלפחם,2710,43.4,558,261,46.774193548387096,אחוז הצבעה בקלפי
אום אלפחם,2710,44.1,686,272,39.650145772594755,אחוז הצבעה בקלפי
אום אלפחם,2710,44.2,686,295,43.00291545189505,אחוז הצבעה בקלפי
אום אלפחם,2710,44.3,686,317,46.20991253644315,אחוז הצבעה בקלפי
אום אלפחם,2710,44.4,685,294,42.91970802919708,אחוז הצבעה בקלפי
אום אלפחם,2710,45.1,559,221,39.53488372093023,אחוז הצבעה בקלפי
אום אלפחם,2710,45.2,559,201,35.95706618962433,אחוז הצבעה בקלפי
אום אלפחם,2710,45.3,559,246,44.00715563506261,אחוז הצבעה בקלפי
אום אלפחם,2710,45.4,556,216,38.84892086330935,אחוז הצבעה בקלפי
אום אלפחם,2710,47.0,672,191,28.422619047619047,אחוז הצבעה בקלפי
אום אלפחם,2710,49.0,644,268,41.61490683229814,אחוז הצבעה בקלפי
אום אלפחם,2710,50.0,575,228,39.65217391304348,אחוז הצבעה בקלפי
אום אלפחם,2710,51.1,597,222,37.185929648241206,אחוז הצבעה בקלפי
אום אלפחם,2710,51.2,597,244,40.871021775544385,אחוז הצבעה בקלפי
אום אלפחם,2710,51.3,597,212,35.5108877721943,אחוז הצבעה בקלפי
אום אלפחם,2710,51.4,597,226,37.85594639865997,אחוז הצבעה בקלפי
אום אלפחם,2710,51.5,597,229,38.358458961474035,אחוז הצבעה בקלפי
אום אלפחם,2710,51.6,595,201,33.78151260504202,אחוז הצבעה בקלפי
אום אלפחם,2710,52.0,621,220,35.42673107890499,אחוז הצבעה בקלפי
אום אלפחם,2710,55.0,634,243,38.32807570977918,אחוז הצבעה בקלפי
אום אלפחם,2710,56.1,632,208,32.91139240506329,אחוז הצבעה בקלפי
אום אלפחם,2710,56.2,632,198,31.329113924050635,אחוז הצבעה בקלפי
אום אלפחם,2710,56.3,632,221,34.96835443037975,אחוז הצבעה בקלפי
אום אלפחם,2710,56.4,632,257,40.664556962025316,אחוז הצבעה בקלפי
אום אלפחם,2710,57.0,609,190,31.198686371100166,אחוז הצבעה בקלפי
אום אלפחם,2710,59.0,565,201,35.575221238938056,אחוז הצבעה בקלפי
אום אלקוטוף,2024,1.1,392,235,59.94897959183674,אחוז הצבעה בקלפי
אום אלקוטוף,2024,1.2,392,219,55.86734693877551,אחוז הצבעה בקלפי
אום בטין,1358,1.1,600,333,55.50000000000001,אחוז הצבעה בקלפי
אום בטין,1358,1.2,600,338,56.333333333333336,אחוז הצבעה בקלפי
אום בטין,1358,1.3,600,330,55.00000000000001,אחוז הצבעה בקלפי
אום בטין,1358,1.4,599,299,49.91652754590985,אחוז הצבעה בקלפי
אומן,1108,1.0,499,339,67.93587174348697,אחוז הצבעה בקלפי
אומץ,680,1.0,537,398,74.11545623836126,אחוז הצבעה בקלפי
אופקים,31,1.1,374,231,61.76470588235294,אחוז הצבעה בקלפי
אופקים,31,2.0,598,351,58.69565217391305,אחוז הצבעה בקלפי
אופקים,31,3.0,451,285,63.19290465631929,אחוז הצבעה בקלפי
אופקים,31,4.0,510,330,64.70588235294117,אחוז הצבעה בקלפי
אופקים,31,5.0,454,229,50.440528634361236,אחוז הצבעה בקלפי
אופקים,31,6.1,543,323,59.48434622467772,אחוז הצבעה בקלפי
אופקים,31,6.2,543,299,55.06445672191529,אחוז הצבעה בקלפי
אופקים,31,6.3,543,302,55.61694290976059,אחוז הצבעה בקלפי
אופקים,31,7.0,562,291,51.779359430604984,אחוז הצבעה בקלפי
אופקים,31,8.0,433,338,78.06004618937644,אחוז הצבעה בקלפי
אופקים,31,9.0,599,325,54.257095158597664,אחוז הצבעה בקלפי
אופקים,31,10.1,570,418,73.33333333333333,אחוז הצבעה בקלפי
אופקים,31,10.2,570,446,78.24561403508771,אחוז הצבעה בקלפי
אופקים,31,10.3,568,419,73.76760563380282,אחוז הצבעה בקלפי
אופקים,31,11.0,657,533,81.12633181126331,אחוז הצבעה בקלפי
אופקים,31,12.0,698,559,80.08595988538681,אחוז הצבעה בקלפי
אופקים,31,13.0,469,352,75.05330490405117,אחוז הצבעה בקלפי
אופקים,31,15.1,641,505,78.78315132605304,אחוז הצבעה בקלפי
אופקים,31,15.2,641,500,78.003120124805,אחוז הצבעה בקלפי
אופקים,31,17.1,682,516,75.65982404692082,אחוז הצבעה בקלפי
אופקים,31,17.2,682,486,71.26099706744868,אחוז הצבעה בקלפי
אופקים,31,17.3,682,515,75.51319648093842,אחוז הצבעה בקלפי
אופקים,31,17.4,682,507,74.34017595307918,אחוז הצבעה בקלפי
אופקים,31,17.5,679,518,76.28865979381443,אחוז הצבעה בקלפי
אופקים,31,19.0,629,336,53.4181240063593,אחוז הצבעה בקלפי
אופקים,31,20.0,663,577,87.02865761689291,אחוז הצבעה בקלפי
אופקים,31,22.1,666,485,72.82282282282281,אחוז הצבעה בקלפי
אופקים,31,22.2,666,474,71.17117117117117,אחוז הצבעה בקלפי
אופקים,31,22.3,666,477,71.62162162162163,אחוז הצבעה בקלפי
אופקים,31,22.4,666,477,71.62162162162163,אחוז הצבעה בקלפי
אופקים,31,22.5,662,457,69.03323262839879,אחוז הצבעה בקלפי
אופקים,31,23.1,620,438,70.64516129032258,אחוז הצבעה בקלפי
אופקים,31,23.2,620,414,66.77419354838709,אחוז הצבעה בקלפי
אופקים,31,25.0,438,231,52.73972602739726,אחוז הצבעה בקלפי
אופקים,31,26.0,550,316,57.45454545454546,אחוז הצבעה בקלפי
אופקים,31,30.0,581,464,79.86230636833047,אחוז הצבעה בקלפי
אופקים,31,33.0,515,422,81.94174757281554,אחוז הצבעה בקלפי
אופקים,31,34.1,687,387,56.33187772925764,אחוז הצבעה בקלפי
אופקים,31,34.2,687,374,54.43959243085881,אחוז הצבעה בקלפי
אופקים,31,35.1,385,259,67.27272727272727,אחוז הצבעה בקלפי
אופקים,31,35.2,384,240,62.5,אחוז הצבעה בקלפי
אור הגנוז,1294,1.0,323,215,66.56346749226006,אחוז הצבעה בקלפי
אור הנר,67,1.0,630,481,76.34920634920634,אחוז הצבעה בקלפי
אור יהודה,2400,1.1,558,374,67.02508960573476,אחוז הצבעה בקלפי
אור יהודה,2400,1.2,558,375,67.20430107526882,אחוז הצבעה בקלפי
אור יהודה,2400,1.3,556,406,73.02158273381295,אחוז הצבעה בקלפי
אור יהודה,2400,3.0,553,361,65.28028933092224,אחוז הצבעה בקלפי
אור יהודה,2400,6.0,424,280,66.0377358490566,אחוז הצבעה בקלפי
אור יהודה,2400,12.1,461,317,68.76355748373102,אחוז הצבעה בקלפי
אור יהודה,2400,12.2,461,306,66.37744034707158,אחוז הצבעה בקלפי
אור יהודה,2400,13.0,466,322,69.09871244635193,אחוז הצבעה בקלפי
אור יהודה,2400,16.0,511,349,68.29745596868885,אחוז הצבעה בקלפי
אור יהודה,2400,17.0,611,380,62.19312602291326,אחוז הצבעה בקלפי
אור יהודה,2400,22.0,527,259,49.146110056926,אחוז הצבעה בקלפי
אור יהודה,2400,24.1,568,405,71.30281690140845,אחוז הצבעה בקלפי
אור יהודה,2400,24.2,568,387,68.13380281690141,אחוז הצבעה בקלפי
אור יהודה,2400,24.3,568,412,72.53521126760563,אחוז הצבעה בקלפי
אור יהודה,2400,37.0,579,463,79.96545768566494,אחוז הצבעה בקלפי
אור יהודה,2400,40.0,691,498,72.06946454413892,אחוז הצבעה בקלפי
אור יהודה,2400,42.1,654,430,65.74923547400611,אחוז הצבעה בקלפי
אור יהודה,2400,42.2,654,451,68.96024464831805,אחוז הצבעה בקלפי
אור יהודה,2400,42.3,653,458,70.13782542113323,אחוז הצבעה בקלפי
אור יהודה,2400,44.0,606,471,77.72277227722772,אחוז הצבעה בקלפי
אור יהודה,2400,46.0,666,503,75.52552552552552,אחוז הצבעה בקלפי
אור יהודה,2400,47.0,658,517,78.57142857142857,אחוז הצבעה בקלפי
אור יהודה,2400,5.1,693,486,70.12987012987013,אחוז הצבעה בקלפי
אור יהודה,2400,5.2,693,543,78.35497835497836,אחוז הצבעה בקלפי
אור יהודה,2400,5.3,693,539,77.77777777777779,אחוז הצבעה בקלפי
אור יהודה,2400,5.4,693,518,74.74747474747475,אחוז הצבעה בקלפי
אור יהודה,2400,5.5,693,498,71.86147186147186,אחוז הצבעה בקלפי
אור יהודה,2400,7.0,541,395,73.01293900184844,אחוז הצבעה בקלפי
אור יהודה,2400,9.0,585,423,72.3076923076923,אחוז הצבעה בקלפי
אור יהודה,2400,15.0,498,315,63.25301204819277,אחוז הצבעה בקלפי
אור יהודה,2400,21.0,594,432,72.72727272727273,אחוז הצבעה בקלפי
אור יהודה,2400,27.0,586,449,76.62116040955631,אחוז הצבעה בקלפי
אור יהודה,2400,29.0,664,500,75.30120481927712,אחוז הצבעה בקלפי
אור יהודה,2400,30.0,520,363,69.8076923076923,אחוז הצבעה בקלפי
אור יהודה,2400,32.0,521,390,74.85604606525912,אחוז הצבעה בקלפי
אור יהודה,2400,33.0,513,388,75.6335282651072,אחוז הצבעה בקלפי
אור יהודה,2400,38.1,621,464,74.7181964573269,אחוז הצבעה בקלפי
אור יהודה,2400,38.2,621,447,71.98067632850241,אחוז הצבעה בקלפי
אור יהודה,2400,38.3,621,469,75.52334943639292,אחוז הצבעה בקלפי
אור יהודה,2400,41.0,512,397,77.5390625,אחוז הצבעה בקלפי
אור יהודה,2400,43.1,668,504,75.44910179640718,אחוז הצבעה בקלפי
אור יהודה,2400,43.2,668,501,75.0,אחוז הצבעה בקלפי
אור יהודה,2400,45.0,543,391,72.00736648250461,אחוז הצבעה בקלפי
אור יהודה,2400,48.0,557,431,77.37881508078995,אחוז הצבעה בקלפי
אור יהודה,2400,49.1,696,570,81.89655172413794,אחוז הצבעה בקלפי
אור יהודה,2400,49.2,695,570,82.01438848920863,אחוז הצבעה בקלפי
אור יהודה,2400,101.0,400,315,78.75,אחוז הצבעה בקלפי
אור עקיבא,1020,1.0,649,431,66.40986132511556,אחוז הצבעה בקלפי
אור עקיבא,1020,3.1,486,319,65.63786008230453,אחוז הצבעה בקלפי
אור עקיבא,1020,3.2,486,277,56.99588477366255,אחוז הצבעה בקלפי
אור עקיבא,1020,3.3,484,292,60.33057851239669,אחוז הצבעה בקלפי
אור עקיבא,1020,4.1,381,270,70.86614173228347,אחוז הצבעה בקלפי
אור עקיבא,1020,4.2,380,264,69.47368421052632,אחוז הצבעה בקלפי
אור עקיבא,1020,5.0,555,303,54.59459459459459,אחוז הצבעה בקלפי
אור עקיבא,1020,6.0,547,378,69.10420475319927,אחוז הצבעה בקלפי
אור עקיבא,1020,7.0,460,235,51.08695652173913,אחוז הצבעה בקלפי
אור עקיבא,1020,8.0,593,304,51.264755480607086,אחוז הצבעה בקלפי
אור עקיבא,1020,9.0,539,346,64.19294990723562,אחוז הצבעה בקלפי
אור עקיבא,1020,10.0,630,345,54.761904761904766,אחוז הצבעה בקלפי
אור עקיבא,1020,11.0,522,304,58.23754789272031,אחוז הצבעה בקלפי
אור עקיבא,1020,16.0,573,357,62.30366492146597,אחוז הצבעה בקלפי
אור עקיבא,1020,17.1,620,403,65.0,אחוז הצבעה בקלפי
אור עקיבא,1020,17.2,620,421,67.90322580645162,אחוז הצבעה בקלפי
אור עקיבא,1020,17.3,620,387,62.41935483870967,אחוז הצבעה בקלפי
אור עקיבא,1020,17.4,620,409,65.96774193548387,אחוז הצבעה בקלפי
אור עקיבא,1020,17.5,620,392,63.2258064516129,אחוז הצבעה בקלפי
אור עקיבא,1020,17.6,620,376,60.64516129032258,אחוז הצבעה בקלפי
אור עקיבא,1020,17.7,620,414,66.77419354838709,אחוז הצבעה בקלפי
אור עקיבא,1020,19.0,556,316,56.83453237410072,אחוז הצבעה בקלפי
אור עקיבא,1020,20.0,671,379,56.482861400894194,אחוז הצבעה בקלפי
אור עקיבא,1020,21.0,507,289,57.001972386587774,אחוז הצבעה בקלפי
אור עקיבא,1020,23.0,621,402,64.73429951690821,אחוז הצבעה בקלפי
אור עקיבא,1020,24.1,631,482,76.38668779714739,אחוז הצבעה בקלפי
אור עקיבא,1020,24.2,631,434,68.77971473851031,אחוז הצבעה בקלפי
אור עקיבא,1020,24.3,631,491,77.81299524564183,אחוז הצבעה בקלפי
אור עקיבא,1020,24.4,631,474,75.1188589540412,אחוז הצבעה בקלפי
אור עקיבא,1020,24.5,629,461,73.29093799682035,אחוז הצבעה בקלפי
אורה,780,1.1,416,295,70.91346153846155,אחוז הצבעה בקלפי
אורה,780,1.2,415,301,72.53012048192771,אחוז הצבעה בקלפי
אורות,2012,1.0,443,326,73.58916478555305,אחוז הצבעה בקלפי
אורטל,4013,1.0,269,176,65.4275092936803,אחוז הצבעה בקלפי
אורים,403,1.0,463,249,53.77969762419006,אחוז הצבעה בקלפי
אורנית,3760,8.1,655,483,73.74045801526718,אחוז הצבעה בקלפי
אורנית,3760,8.2,655,490,74.80916030534351,אחוז הצבעה בקלפי
אורנית,3760,8.3,655,467,71.29770992366412,אחוז הצבעה בקלפי
אורנית,3760,8.4,655,499,76.18320610687023,אחוז הצבעה בקלפי
אורנית,3760,8.5,655,505,77.09923664122137,אחוז הצבעה בקלפי
אורנית,3760,8.6,655,467,71.29770992366412,אחוז הצבעה בקלפי
אורנית,3760,8.7,651,510,78.3410138248848,אחוז הצבעה בקלפי
אורנית,3760,9.1,541,403,74.4916820702403,אחוז הצבעה בקלפי
אורנית,3760,9.2,541,409,75.6007393715342,אחוז הצבעה בקלפי
אורנית,3760,9.3,541,423,78.18853974121997,אחוז הצבעה בקלפי
אורנית,3760,9.4,540,424,78.51851851851852,אחוז הצבעה בקלפי
אושה,278,1.0,403,289,71.712158808933,אחוז הצבעה בקלפי
אזור,565,1.1,628,405,64.49044585987261,אחוז הצבעה בקלפי
אזור,565,1.2,628,431,68.63057324840764,אחוז הצבעה בקלפי
אזור,565,1.3,627,415,66.18819776714514,אחוז הצבעה בקלפי
אזור,565,2.0,559,381,68.15742397137747,אחוז הצבעה בקלפי
אזור,565,3.0,518,320,61.77606177606177,אחוז הצבעה בקלפי
אזור,565,4.0,680,443,65.14705882352942,אחוז הצבעה בקלפי
אזור,565,5.0,689,499,72.42380261248186,אחוז הצבעה בקלפי
אזור,565,10.1,668,440,65.86826347305389,אחוז הצבעה בקלפי
אזור,565,10.2,667,407,61.019490254872565,אחוז הצבעה בקלפי
אזור,565,11.0,661,458,69.28895612708018,אחוז הצבעה בקלפי
אזור,565,12.0,613,393,64.11092985318108,אחוז הצבעה בקלפי
אזור,565,13.0,603,469,77.77777777777779,אחוז הצבעה בקלפי
אזור,565,14.0,608,470,77.30263157894737,אחוז הצבעה בקלפי
אזור,565,15.1,469,362,77.18550106609808,אחוז הצבעה בקלפי
אזור,565,15.2,469,350,74.6268656716418,אחוז הצבעה בקלפי
אזור,565,15.3,469,324,69.08315565031982,אחוז הצבעה בקלפי
אזור,565,16.0,498,297,59.63855421686747,אחוז הצבעה בקלפי
אחווה,1157,1.0,181,137,75.69060773480662,אחוז הצבעה בקלפי
אחוזם,821,1.0,404,291,72.02970297029702,אחוז הצבעה בקלפי
אחוזת ברק,1330,1.0,491,341,69.4501018329939,אחוז הצבעה בקלפי
אחוזת ברק,1330,4.1,681,513,75.33039647577093,אחוז הצבעה בקלפי
אחוזת ברק,1330,4.2,680,499,73.38235294117646,אחוז הצבעה בקלפי
אחיהוד,785,1.1,357,270,75.63025210084034,אחוז הצבעה בקלפי
אחיהוד,785,1.2,357,274,76.75070028011206,אחוז הצבעה בקלפי
אחיטוב,850,1.0,421,316,75.05938242280284,אחוז הצבעה בקלפי
אחיטוב,850,2.0,322,236,73.29192546583852,אחוז הצבעה בקלפי
אחיסמך,804,1.0,521,428,82.14971209213053,אחוז הצבעה בקלפי
אחיסמך,804,2.0,369,312,84.5528455284553,אחוז הצבעה בקלפי
אחיעזר,797,1.0,632,537,84.96835443037975,אחוז הצבעה בקלפי
אחיעזר,797,2.0,592,513,86.6554054054054,אחוז הצבעה בקלפי
אטרש שבט,965,1.0,549,184,33.51548269581057,אחוז הצבעה בקלפי
אטרש שבט,965,2.0,628,210,33.43949044585987,אחוז הצבעה בקלפי
אטרש שבט,965,3.0,626,210,33.54632587859425,אחוז הצבעה בקלפי
איבים,338,1.0,188,65,34.57446808510639,אחוז הצבעה בקלפי
אייל,716,1.0,410,333,81.21951219512195,אחוז הצבעה בקלפי
איילת השחר,77,1.0,343,245,71.42857142857143,אחוז הצבעה בקלפי
איילת השחר,77,2.0,483,345,71.42857142857143,אחוז הצבעה בקלפי
אילון,294,1.0,392,287,73.21428571428571,אחוז הצבעה בקלפי
אילון,294,2.0,486,351,72.22222222222221,אחוז הצבעה בקלפי
אילות,1126,1.0,276,169,61.23188405797102,אחוז הצבעה בקלפי
אילניה,49,1.0,459,296,64.4880174291939,אחוז הצבעה בקלפי
אילת,2600,1.0,446,143,32.062780269058294,אחוז הצבעה בקלפי
אילת,2600,2.0,627,209,33.33333333333333,אחוז הצבעה בקלפי
אילת,2600,6.1,611,216,35.3518821603928,אחוז הצבעה בקלפי
אילת,2600,6.2,611,214,35.02454991816694,אחוז הצבעה בקלפי
אילת,2600,6.3,611,195,31.914893617021278,אחוז הצבעה בקלפי
אילת,2600,6.4,610,170,27.86885245901639,אחוז הצבעה בקלפי
אילת,2600,8.1,584,167,28.5958904109589,אחוז הצבעה בקלפי
אילת,2600,8.2,584,151,25.85616438356164,אחוז הצבעה בקלפי
אילת,2600,8.3,584,157,26.88356164383562,אחוז הצבעה בקלפי
אילת,2600,8.4,582,126,21.649484536082475,אחוז הצבעה בקלפי
אילת,2600,9.1,585,231,39.48717948717949,אחוז הצבעה בקלפי
אילת,2600,9.2,585,211,36.06837606837607,אחוז הצבעה בקלפי
אילת,2600,9.3,585,196,33.5042735042735,אחוז הצבעה בקלפי
אילת,2600,9.4,585,192,32.82051282051282,אחוז הצבעה בקלפי
אילת,2600,9.5,585,168,28.717948717948715,אחוז הצבעה בקלפי
אילת,2600,9.6,585,162,27.692307692307693,אחוז הצבעה בקלפי
אילת,2600,12.0,531,183,34.463276836158194,אחוז הצבעה בקלפי
אילת,2600,13.1,698,237,33.95415472779369,אחוז הצבעה בקלפי
אילת,2600,13.2,698,269,38.53868194842407,אחוז הצבעה בקלפי
אילת,2600,13.3,696,207,29.74137931034483,אחוז הצבעה בקלפי
אילת,2600,14.0,582,185,31.78694158075601,אחוז הצבעה בקלפי
אילת,2600,23.0,624,223,35.73717948717949,אחוז הצבעה בקלפי
אילת,2600,26.1,699,326,46.638054363376256,אחוז הצבעה בקלפי
אילת,2600,26.2,699,267,38.197424892703864,אחוז הצבעה בקלפי
אילת,2600,26.3,699,353,50.500715307582254,אחוז הצבעה בקלפי
אילת,2600,26.4,699,288,41.201716738197426,אחוז הצבעה בקלפי
אילת,2600,26.5,696,275,39.51149425287356,אחוז הצבעה בקלפי
אילת,2600,27.1,642,341,53.11526479750779,אחוז הצבעה בקלפי
אילת,2600,27.2,642,366,57.009345794392516,אחוז הצבעה בקלפי
אילת,2600,27.3,642,339,52.80373831775701,אחוז הצבעה בקלפי
אילת,2600,27.4,639,328,51.330203442879494,אחוז הצבעה בקלפי
אילת,2600,28.0,515,245,47.57281553398058,אחוז הצבעה בקלפי
אילת,2600,29.0,594,350,58.92255892255892,אחוז הצבעה בקלפי
אילת,2600,30.0,646,205,31.73374613003096,אחוז הצבעה בקלפי
אילת,2600,32.0,642,229,35.66978193146417,אחוז הצבעה בקלפי
אילת,2600,34.0,649,302,46.5331278890601,אחוז הצבעה בקלפי
אילת,2600,38.0,638,288,45.141065830721004,אחוז הצבעה בקלפי
אילת,2600,40.0,552,306,55.434782608695656,אחוז הצבעה בקלפי
אילת,2600,41.0,661,163,24.659606656580937,אחוז הצבעה בקלפי
אילת,2600,48.0,675,362,53.629629629629626,אחוז הצבעה בקלפי
אילת,2600,49.1,684,246,35.96491228070175,אחוז הצבעה בקלפי
אילת,2600,49.2,684,227,33.187134502923975,אחוז הצבעה בקלפי
אילת,2600,49.3,684,217,31.725146198830412,אחוז הצבעה בקלפי
אילת,2600,49.4,684,189,27.631578947368425,אחוז הצבעה בקלפי
אילת,2600,52.1,610,242,39.67213114754099,אחוז הצבעה בקלפי
אילת,2600,52.2,610,208,34.0983606557377,אחוז הצבעה בקלפי
אילת,2600,52.3,610,203,33.278688524590166,אחוז הצבעה בקלפי
אילת,2600,52.4,609,172,28.24302134646962,אחוז הצבעה בקלפי
אילת,2600,53.0,537,219,40.78212290502793,אחוז הצבעה בקלפי
אילת,2600,54.0,529,228,43.10018903591683,אחוז הצבעה בקלפי
אילת,2600,55.0,541,313,57.85582255083179,אחוז הצבעה בקלפי
אילת,2600,59.0,573,367,64.04886561954625,אחוז הצבעה בקלפי
אילת,2600,62.0,572,170,29.72027972027972,אחוז הצבעה בקלפי
אילת,2600,63.0,434,125,28.80184331797235,אחוז הצבעה בקלפי
אילת,2600,64.0,508,142,27.95275590551181,אחוז הצבעה בקלפי
אילת,2600,71.1,589,301,51.103565365025474,אחוז הצבעה בקלפי
אילת,2600,71.2,589,298,50.59422750424448,אחוז הצבעה בקלפי
אילת,2600,71.3,589,300,50.93378607809848,אחוז הצבעה בקלפי
אילת,2600,71.4,589,264,44.821731748726656,אחוז הצבעה בקלפי
אילת,2600,71.5,589,254,43.12393887945671,אחוז הצבעה בקלפי
אילת,2600,71.6,589,267,45.331069609507644,אחוז הצבעה בקלפי
אילת,2600,73.1,591,318,53.80710659898477,אחוז הצבעה בקלפי
אילת,2600,73.2,591,290,49.06937394247039,אחוז הצבעה בקלפי
אילת,2600,73.3,591,323,54.653130287648054,אחוז הצבעה בקלפי
אילת,2600,73.4,591,301,50.930626057529615,אחוז הצבעה בקלפי
אילת,2600,73.5,591,283,47.88494077834179,אחוז הצבעה בקלפי
אילת,2600,73.6,591,322,54.483925549915405,אחוז הצבעה בקלפי
אילת,2600,74.1,668,394,58.982035928143716,אחוז הצבעה בקלפי
אילת,2600,74.2,668,380,56.886227544910184,אחוז הצבעה בקלפי
אילת,2600,74.3,668,403,60.32934131736527,אחוז הצבעה בקלפי
אילת,2600,74.4,668,399,59.73053892215569,אחוז הצבעה בקלפי
אילת,2600,74.5,668,371,55.53892215568862,אחוז הצבעה בקלפי
אילת,2600,80.1,624,255,40.86538461538461,אחוז הצבעה בקלפי
אילת,2600,80.2,624,258,41.34615384615385,אחוז הצבעה בקלפי
אילת,2600,80.3,624,271,43.42948717948718,אחוז הצבעה בקלפי
אילת,2600,80.4,622,247,39.71061093247588,אחוז הצבעה בקלפי
אילת,2600,84.1,609,386,63.38259441707718,אחוז הצבעה בקלפי
אילת,2600,84.2,609,354,58.128078817733986,אחוז הצבעה בקלפי
אילת,2600,84.3,609,380,62.39737274220033,אחוז הצבעה בקלפי
אילת,2600,84.4,609,368,60.42692939244664,אחוז הצבעה בקלפי
אילת,2600,84.5,609,355,58.29228243021346,אחוז הצבעה בקלפי
אילת,2600,84.6,609,375,61.57635467980296,אחוז הצבעה בקלפי
אילת,2600,84.7,609,361,59.277504105090316,אחוז הצבעה בקלפי
אילת,2600,86.0,597,162,27.1356783919598,אחוז הצבעה בקלפי
אילת,2600,88.0,513,308,60.03898635477582,אחוז הצבעה בקלפי
אירוס,1336,1.0,531,427,80.41431261770245,אחוז הצבעה בקלפי
איתמר,3762,1.0,676,492,72.7810650887574,אחוז הצבעה בקלפי
איתן,37,1.0,380,313,82.36842105263158,אחוז הצבעה בקלפי
אכסאל,478,7.1,559,305,54.56171735241503,אחוז הצבעה בקלפי
אכסאל,478,7.2,559,309,55.27728085867621,אחוז הצבעה בקלפי
אכסאל,478,7.3,559,284,50.80500894454383,אחוז הצבעה בקלפי
אכסאל,478,7.4,556,282,50.719424460431654,אחוז הצבעה בקלפי
אכסאל,478,9.1,595,323,54.285714285714285,אחוז הצבעה בקלפי
אכסאל,478,9.2,595,293,49.2436974789916,אחוז הצבעה בקלפי
אכסאל,478,9.3,595,287,48.23529411764706,אחוז הצבעה בקלפי
אכסאל,478,9.4,595,302,50.7563025210084,אחוז הצבעה בקלפי
אכסאל,478,9.5,595,300,50.42016806722689,אחוז הצבעה בקלפי
אכסאל,478,12.1,593,278,46.880269814502526,אחוז הצבעה בקלפי
אכסאל,478,12.2,593,315,53.119730185497474,אחוז הצבעה בקלפי
אכסאל,478,12.3,593,263,44.35075885328836,אחוז הצבעה בקלפי
אכסאל,478,12.4,593,288,48.566610455311974,אחוז הצבעה בקלפי
אכסאל,478,12.5,593,287,48.397976391231026,אחוז הצבעה בקלפי
אכסאל,478,14.1,543,262,48.25046040515654,אחוז הצבעה בקלפי
אכסאל,478,14.2,543,275,50.64456721915286,אחוז הצבעה בקלפי
אכסאל,478,14.3,543,308,56.721915285451196,אחוז הצבעה בקלפי
אכסאל,478,14.4,540,296,54.81481481481482,אחוז הצבעה בקלפי
אל סייד,1359,1.0,689,358,51.959361393323654,אחוז הצבעה בקלפי
אל סייד,1359,2.0,666,348,52.25225225225225,אחוז הצבעה בקלפי
אל סייד,1359,3.0,673,389,57.80089153046062,אחוז הצבעה בקלפי
אלעריאן,1316,1.0,131,100,76.33587786259542,אחוז הצבעה בקלפי
אלרום,4003,1.0,387,275,71.0594315245478,אחוז הצבעה בקלפי
אלומה,1145,1.0,612,531,86.76470588235294,אחוז הצבעה בקלפי
אלומות,330,1.0,333,228,68.46846846846847,אחוז הצבעה בקלפי
אלון הגליל,1182,1.0,460,324,70.43478260869566,אחוז הצבעה בקלפי
אלון הגליל,1182,2.0,405,288,71.11111111111111,אחוז הצבעה בקלפי
אלון מורה,3579,1.0,544,404,74.26470588235294,אחוז הצבעה בקלפי
אלון מורה,3579,2.0,427,316,74.00468384074942,אחוז הצבעה בקלפי
אלון שבות,3604,1.1,527,381,72.29601518026566,אחוז הצבעה בקלפי
אלון שבות,3604,1.2,527,372,70.58823529411765,אחוז הצבעה בקלפי
אלון שבות,3604,1.3,527,410,77.7988614800759,אחוז הצבעה בקלפי
אלון שבות,3604,3.1,353,256,72.52124645892351,אחוז הצבעה בקלפי
אלון שבות,3604,3.2,352,267,75.85227272727273,אחוז הצבעה בקלפי
אלוני אבא,429,1.1,372,272,73.11827956989248,אחוז הצבעה בקלפי
אלוני אבא,429,1.2,372,273,73.38709677419355,אחוז הצבעה בקלפי
אלוני הבשן,4017,1.0,237,162,68.35443037974683,אחוז הצבעה בקלפי
אלוני יצחק,868,1.0,125,24,19.2,אחוז הצבעה בקלפי
אלונים,285,1.0,521,395,75.81573896353166,אחוז הצבעה בקלפי
אליעד,4002,1.0,330,244,73.93939393939394,אחוז הצבעה בקלפי
אליאב,1365,1.0,331,276,83.38368580060424,אחוז הצבעה בקלפי
אליכין,41,1.1,666,516,77.47747747747748,אחוז הצבעה בקלפי
אליכין,41,1.2,666,511,76.72672672672672,אחוז הצבעה בקלפי
אליכין,41,1.3,666,512,76.87687687687688,אחוז הצבעה בקלפי
אליכין,41,1.4,665,479,72.03007518796993,אחוז הצבעה בקלפי
אליפז,1248,1.0,121,81,66.94214876033058,אחוז הצבעה בקלפי
אליפלט,730,1.0,504,391,77.57936507936508,אחוז הצבעה בקלפי
אליקים,682,1.0,623,456,73.19422150882825,אחוז הצבעה בקלפי
אלישיב,204,1.0,488,377,77.25409836065575,אחוז הצבעה בקלפי
אלישמע,841,1.0,391,302,77.23785166240408,אחוז הצבעה בקלפי
אלישמע,841,2.0,421,343,81.47268408551069,אחוז הצבעה בקלפי
אלמגור,1125,1.0,300,220,73.33333333333333,אחוז הצבעה בקלפי
אלמוג,3556,1.0,195,111,56.92307692307692,אחוז הצבעה בקלפי
אלעד,1309,1.0,570,460,80.7017543859649,אחוז הצבעה בקלפי
אלעד,1309,3.0,593,502,84.65430016863407,אחוז הצבעה בקלפי
אלעד,1309,5.1,422,370,87.67772511848341,אחוז הצבעה בקלפי
אלעד,1309,5.2,422,350,82.93838862559242,אחוז הצבעה בקלפי
אלעד,1309,6.0,578,502,86.85121107266436,אחוז הצבעה בקלפי
אלעד,1309,8.0,569,458,80.4920913884007,אחוז הצבעה בקלפי
אלעד,1309,9.1,625,535,85.6,אחוז הצבעה בקלפי
אלעד,1309,9.2,625,549,87.83999999999999,אחוז הצבעה בקלפי
אלעד,1309,9.3,625,520,83.2,אחוז הצבעה בקלפי
אלעד,1309,9.4,625,504,80.64,אחוז הצבעה בקלפי
אלעד,1309,9.5,625,541,86.56,אחוז הצבעה בקלפי
אלעד,1309,9.6,624,519,83.17307692307693,אחוז הצבעה בקלפי
אלעד,1309,11.1,589,495,84.04074702886248,אחוז הצבעה בקלפי
אלעד,1309,11.2,589,462,78.43803056027164,אחוז הצבעה בקלפי
אלעד,1309,11.3,589,477,80.98471986417657,אחוז הצבעה בקלפי
אלעד,1309,11.4,588,486,82.6530612244898,אחוז הצבעה בקלפי
אלעד,1309,15.0,699,615,87.98283261802575,אחוז הצבעה בקלפי
אלעד,1309,16.0,653,550,84.22664624808576,אחוז הצבעה בקלפי
אלעד,1309,19.0,666,564,84.68468468468468,אחוז הצבעה בקלפי
אלעד,1309,21.1,513,449,87.5243664717349,אחוז הצבעה בקלפי
אלעד,1309,21.2,513,436,84.99025341130604,אחוז הצבעה בקלפי
אלעד,1309,21.3,513,455,88.69395711500975,אחוז הצבעה בקלפי
אלעד,1309,24.0,583,488,83.704974271012,אחוז הצבעה בקלפי
אלעד,1309,25.1,668,569,85.17964071856288,אחוז הצבעה בקלפי
אלעד,1309,25.2,668,557,83.38323353293413,אחוז הצבעה בקלפי
אלעד,1309,25.3,667,561,84.1079460269865,אחוז הצבעה בקלפי
אלעד,1309,27.0,691,603,87.26483357452966,אחוז הצבעה בקלפי
אלעד,1309,30.1,529,435,82.23062381852552,אחוז הצבעה בקלפי
אלעד,1309,30.2,529,430,81.28544423440454,אחוז הצבעה בקלפי
אלעד,1309,30.3,529,438,82.79773156899812,אחוז הצבעה בקלפי
אלעד,1309,30.4,529,450,85.06616257088847,אחוז הצבעה בקלפי
אלעד,1309,31.1,674,576,85.45994065281899,אחוז הצבעה בקלפי
אלעד,1309,31.2,674,577,85.60830860534125,אחוז הצבעה בקלפי
אלעד,1309,31.3,674,588,87.24035608308606,אחוז הצבעה בקלפי
אלעד,1309,31.4,674,578,85.7566765578635,אחוז הצבעה בקלפי
אלעד,1309,31.5,674,576,85.45994065281899,אחוז הצבעה בקלפי
אלעד,1309,32.0,681,579,85.02202643171806,אחוז הצבעה בקלפי
אלעד,1309,33.0,579,459,79.27461139896373,אחוז הצבעה בקלפי
אלעד,1309,34.0,557,474,85.09874326750449,אחוז הצבעה בקלפי
אלעזר,3618,1.0,573,411,71.72774869109948,אחוז הצבעה בקלפי
אלעזר,3618,2.0,487,349,71.66324435318275,אחוז הצבעה בקלפי
אלעזר,3618,3.0,575,443,77.04347826086956,אחוז הצבעה בקלפי
אלפי מנשה,3750,1.0,497,346,69.61770623742454,אחוז הצבעה בקלפי
אלפי מנשה,3750,2.0,564,401,71.09929078014184,אחוז הצבעה בקלפי
אלפי מנשה,3750,3.0,537,385,71.69459962756052,אחוז הצבעה בקלפי
אלפי מנשה,3750,4.0,497,372,74.84909456740442,אחוז הצבעה בקלפי
אלפי מנשה,3750,5.0,563,408,72.46891651865009,אחוז הצבעה בקלפי
אלפי מנשה,3750,6.0,514,362,70.42801556420234,אחוז הצבעה בקלפי
אלפי מנשה,3750,7.0,516,394,76.35658914728683,אחוז הצבעה בקלפי
אלפי מנשה,3750,8.0,419,305,72.79236276849642,אחוז הצבעה בקלפי
אלפי מנשה,3750,9.0,448,344,76.78571428571429,אחוז הצבעה בקלפי
אלפי מנשה,3750,10.0,440,330,75.0,אחוז הצבעה בקלפי
אלפי מנשה,3750,11.0,526,418,79.46768060836501,אחוז הצבעה בקלפי
אלפי מנשה,3750,12.0,496,358,72.17741935483872,אחוז הצבעה בקלפי
אלקוש,603,1.0,256,170,66.40625,אחוז הצבעה בקלפי
אלקנה,3560,5.1,560,455,81.25,אחוז הצבעה בקלפי
אלקנה,3560,5.2,560,447,79.82142857142858,אחוז הצבעה בקלפי
אלקנה,3560,5.3,560,461,82.32142857142857,אחוז הצבעה בקלפי
אלקנה,3560,5.4,560,451,80.53571428571429,אחוז הצבעה בקלפי
אלקנה,3560,5.5,557,441,79.17414721723519,אחוז הצבעה בקלפי
אמונים,772,1.1,368,268,72.82608695652173,אחוז הצבעה בקלפי
אמונים,772,1.2,367,260,70.84468664850137,אחוז הצבעה בקלפי
אמירים,1064,1.0,628,381,60.668789808917204,אחוז הצבעה בקלפי
אמנון,1253,1.0,353,246,69.68838526912181,אחוז הצבעה בקלפי
אמציה,23,1.0,149,104,69.79865771812081,אחוז הצבעה בקלפי
אניעם,4012,1.0,445,263,59.10112359550562,אחוז הצבעה בקלפי
אסד שבט,960,1.0,539,133,24.675324675324674,אחוז הצבעה בקלפי
אספר,3754,1.0,465,352,75.6989247311828,אחוז הצבעה בקלפי
אעבלין,529,1.1,510,331,64.90196078431373,אחוז הצבעה בקלפי
אעבלין,529,1.2,510,272,53.333333333333336,אחוז הצבעה בקלפי
אעבלין,529,1.3,509,316,62.082514734774065,אחוז הצבעה בקלפי
אעבלין,529,2.1,375,210,56.00000000000001,אחוז הצבעה בקלפי
אעבלין,529,2.2,348,197,56.60919540229885,אחוז הצבעה בקלפי
אעבלין,529,3.0,691,397,57.452966714905926,אחוז הצבעה בקלפי
אעבלין,529,5.1,492,287,58.333333333333336,אחוז הצבעה בקלפי
אעבלין,529,5.2,492,281,57.113821138211385,אחוז הצבעה בקלפי
אעבלין,529,5.3,490,258,52.6530612244898,אחוז הצבעה בקלפי
אעבלין,529,7.1,382,211,55.235602094240846,אחוז הצבעה בקלפי
אעבלין,529,7.2,382,254,66.49214659685863,אחוז הצבעה בקלפי
אעבלין,529,8.1,504,296,58.730158730158735,אחוז הצבעה בקלפי
אעבלין,529,8.2,504,320,63.49206349206349,אחוז הצבעה בקלפי
אעבלין,529,8.3,503,257,51.0934393638171,אחוז הצבעה בקלפי
אעבלין,529,11.1,504,308,61.111111111111114,אחוז הצבעה בקלפי
אעבלין,529,11.2,504,305,60.51587301587301,אחוז הצבעה בקלפי
אעבלין,529,11.3,502,302,60.1593625498008,אחוז הצבעה בקלפי
אעבלין,529,12.1,373,251,67.29222520107238,אחוז הצבעה בקלפי
אעבלין,529,12.2,373,263,70.50938337801608,אחוז הצבעה בקלפי
אעבלין,529,13.0,690,400,57.971014492753625,אחוז הצבעה בקלפי
אעצם שבט,963,8.1,665,292,43.909774436090224,אחוז הצבעה בקלפי
אעצם שבט,963,8.2,665,288,43.30827067669173,אחוז הצבעה בקלפי
אעצם שבט,963,8.3,665,281,42.255639097744364,אחוז הצבעה בקלפי
אעצם שבט,963,8.4,665,228,34.285714285714285,אחוז הצבעה בקלפי
אעצם שבט,963,8.5,665,230,34.58646616541353,אחוז הצבעה בקלפי
אעצם שבט,963,8.6,665,265,39.849624060150376,אחוז הצבעה בקלפי
אעצם שבט,963,8.7,665,273,41.05263157894737,אחוז הצבעה בקלפי
אעצם שבט,963,8.8,665,259,38.94736842105263,אחוז הצבעה בקלפי
אפיק,4301,1.0,270,192,71.11111111111111,אחוז הצבעה בקלפי
אפיקים,176,1.0,499,325,65.13026052104209,אחוז הצבעה בקלפי
אפיקים,176,2.0,569,382,67.13532513181019,אחוז הצבעה בקלפי
אפק,313,1.0,544,418,76.83823529411765,אחוז הצבעה בקלפי
אפרת,3650,1.0,653,445,68.1470137825421,אחוז הצבעה בקלפי
אפרת,3650,2.0,655,413,63.05343511450382,אחוז הצבעה בקלפי
אפרת,3650,3.1,673,468,69.53937592867756,אחוז הצבעה בקלפי
אפרת,3650,3.2,673,453,67.31054977711739,אחוז הצבעה בקלפי
אפרת,3650,4.0,595,392,65.88235294117646,אחוז הצבעה בקלפי
אפרת,3650,5.0,659,446,67.6783004552352,אחוז הצבעה בקלפי
אפרת,3650,6.1,529,452,85.44423440453687,אחוז הצבעה בקלפי
אפרת,3650,6.2,529,455,86.01134215500946,אחוז הצבעה בקלפי
אפרת,3650,6.3,528,452,85.60606060606061,אחוז הצבעה בקלפי
אפרת,3650,9.1,366,278,75.95628415300546,אחוז הצבעה בקלפי
אפרת,3650,9.2,366,272,74.31693989071039,אחוז הצבעה בקלפי
אפרת,3650,11.1,573,434,75.74171029668412,אחוז הצבעה בקלפי
אפרת,3650,11.2,573,427,74.52006980802793,אחוז הצבעה בקלפי
אפרת,3650,11.3,573,411,71.72774869109948,אחוז הצבעה בקלפי
ארבל,701,1.0,497,370,74.44668008048289,אחוז הצבעה בקלפי
ארגמן,3598,1.0,121,76,62.8099173553719,אחוז הצבעה בקלפי
ארז,714,1.0,473,322,68.07610993657505,אחוז הצבעה בקלפי
אריאל,3570,1.0,605,406,67.10743801652893,אחוז הצבעה בקלפי
אריאל,3570,2.0,661,389,58.85022692889561,אחוז הצבעה בקלפי
אריאל,3570,3.0,560,222,39.64285714285714,אחוז הצבעה בקלפי
אריאל,3570,4.0,638,328,51.410658307210035,אחוז הצבעה בקלפי
אריאל,3570,5.0,618,392,63.43042071197411,אחוז הצבעה בקלפי
אריאל,3570,6.0,660,432,65.45454545454545,אחוז הצבעה בקלפי
אריאל,3570,7.0,575,356,61.91304347826087,אחוז הצבעה בקלפי
אריאל,3570,8.0,675,402,59.55555555555555,אחוז הצבעה בקלפי
אריאל,3570,9.1,374,272,72.72727272727273,אחוז הצבעה בקלפי
אריאל,3570,9.2,373,264,70.77747989276139,אחוז הצבעה בקלפי
אריאל,3570,10.0,497,299,60.160965794768615,אחוז הצבעה בקלפי
אריאל,3570,11.0,688,442,64.24418604651163,אחוז הצבעה בקלפי
אריאל,3570,12.0,530,323,60.94339622641509,אחוז הצבעה בקלפי
אריאל,3570,13.0,496,351,70.76612903225806,אחוז הצבעה בקלפי
אריאל,3570,14.0,530,336,63.39622641509434,אחוז הצבעה בקלפי
אריאל,3570,15.1,358,261,72.90502793296089,אחוז הצבעה בקלפי
אריאל,3570,15.2,357,277,77.59103641456583,אחוז הצבעה בקלפי
אריאל,3570,16.0,628,345,54.93630573248408,אחוז הצבעה בקלפי
אריאל,3570,17.0,627,392,62.51993620414673,אחוז הצבעה בקלפי
אריאל,3570,18.0,672,440,65.47619047619048,אחוז הצבעה בקלפי
אריאל,3570,20.0,488,277,56.76229508196722,אחוז הצבעה בקלפי
אריאל,3570,22.1,608,360,59.210526315789465,אחוז הצבעה בקלפי
אריאל,3570,22.2,608,339,55.75657894736842,אחוז הצבעה בקלפי
אריאל,3570,22.3,608,339,55.75657894736842,אחוז הצבעה בקלפי
אריאל,3570,23.0,757,470,62.08718626155878,אחוז הצבעה בקלפי
אריאל,3570,25.0,558,342,61.29032258064516,אחוז הצבעה בקלפי
אריאל,3570,26.0,647,460,71.09737248840804,אחוז הצבעה בקלפי
ארסוף,1324,1.0,147,80,54.421768707483,אחוז הצבעה בקלפי
אשבול,71,1.0,434,338,77.88018433179722,אחוז הצבעה בקלפי
אשדוד,70,1.1,625,277,44.32,אחוז הצבעה בקלפי
אשדוד,70,1.2,625,191,30.56,אחוז הצבעה בקלפי
אשדוד,70,1.3,625,247,39.519999999999996,אחוז הצבעה בקלפי
אשדוד,70,1.4,622,196,31.511254019292608,אחוז הצבעה בקלפי
אשדוד,70,4.0,434,264,60.82949308755761,אחוז הצבעה בקלפי
אשדוד,70,5.0,667,349,52.32383808095952,אחוז הצבעה בקלפי
אשדוד,70,7.0,571,296,51.83887915936952,אחוז הצבעה בקלפי
אשדוד,70,8.1,503,214,42.54473161033797,אחוז הצבעה בקלפי
אשדוד,70,8.2,502,209,41.63346613545817,אחוז הצבעה בקלפי
אשדוד,70,9.1,570,366,64.21052631578948,אחוז הצבעה בקלפי
אשדוד,70,9.2,570,384,67.36842105263158,אחוז הצבעה בקלפי
אשדוד,70,9.3,569,370,65.02636203866432,אחוז הצבעה בקלפי
אשדוד,70,10.0,533,238,44.652908067542214,אחוז הצבעה בקלפי
אשדוד,70,11.0,522,246,47.12643678160919,אחוז הצבעה בקלפי
אשדוד,70,12.0,566,210,37.102473498233216,אחוז הצבעה בקלפי
אשדוד,70,13.0,609,263,43.18555008210181,אחוז הצבעה בקלפי
אשדוד,70,14.0,481,237,49.272349272349274,אחוז הצבעה בקלפי
אשדוד,70,15.0,493,293,59.43204868154158,אחוז הצבעה בקלפי
אשדוד,70,19.0,632,214,33.860759493670884,אחוז הצבעה בקלפי
אשדוד,70,20.0,673,373,55.423476968796436,אחוז הצבעה בקלפי
אשדוד,70,21.0,514,354,68.8715953307393,אחוז הצבעה בקלפי
אשדוד,70,22.0,497,231,46.478873239436616,אחוז הצבעה בקלפי
אשדוד,70,24.1,695,454,65.32374100719424,אחוז הצבעה בקלפי
אשדוד,70,24.2,695,479,68.92086330935253,אחוז הצבעה בקלפי
אשדוד,70,24.3,695,473,68.05755395683454,אחוז הצבעה בקלפי
אשדוד,70,24.4,695,443,63.7410071942446,אחוז הצבעה בקלפי
אשדוד,70,26.0,551,327,59.346642468239565,אחוז הצבעה בקלפי
אשדוד,70,28.0,497,285,57.3440643863179,אחוז הצבעה בקלפי
אשדוד,70,29.0,638,301,47.17868338557994,אחוז הצבעה בקלפי
אשדוד,70,30.0,598,508,84.94983277591973,אחוז הצבעה בקלפי
אשדוד,70,31.0,583,394,67.58147512864494,אחוז הצבעה בקלפי
אשדוד,70,33.0,640,374,58.4375,אחוז הצבעה בקלפי
אשדוד,70,34.1,627,417,66.50717703349282,אחוז הצבעה בקלפי
אשדוד,70,34.2,627,441,70.33492822966507,אחוז הצבעה בקלפי
אשדוד,70,34.3,627,443,70.65390749601276,אחוז הצבעה בקלפי
אשדוד,70,34.4,627,437,69.6969696969697,אחוז הצבעה בקלפי
אשדוד,70,34.5,627,415,66.18819776714514,אחוז הצבעה בקלפי
אשדוד,70,34.6,627,433,69.05901116427432,אחוז הצבעה בקלפי
אשדוד,70,34.7,624,432,69.23076923076923,אחוז הצבעה בקלפי
אשדוד,70,38.1,691,318,46.02026049204052,אחוז הצבעה בקלפי
אשדוד,70,38.2,691,263,38.06078147612156,אחוז הצבעה בקלפי
אשדוד,70,39.0,526,263,50.0,אחוז הצבעה בקלפי
אשדוד,70,40.0,468,188,40.17094017094017,אחוז הצבעה בקלפי
אשדוד,70,41.0,463,236,50.9719222462203,אחוז הצבעה בקלפי
אשדוד,70,42.0,478,236,49.37238493723849,אחוז הצבעה בקלפי
אשדוד,70,43.0,477,224,46.9601677148847,אחוז הצבעה בקלפי
אשדוד,70,45.1,591,376,63.62098138747885,אחוז הצבעה בקלפי
אשדוד,70,45.2,591,345,58.37563451776649,אחוז הצבעה בקלפי
אשדוד,70,45.3,591,362,61.25211505922166,אחוז הצבעה בקלפי
אשדוד,70,45.4,588,317,53.91156462585034,אחוז הצבעה בקלפי
אשדוד,70,46.0,551,287,52.08711433756806,אחוז הצבעה בקלפי
אשדוד,70,48.0,483,271,56.10766045548654,אחוז הצבעה בקלפי
אשדוד,70,49.0,641,385,60.06240249609984,אחוז הצבעה בקלפי
אשדוד,70,53.1,596,406,68.12080536912751,אחוז הצבעה בקלפי
אשדוד,70,53.2,596,360,60.40268456375839,אחוז הצבעה בקלפי
אשדוד,70,53.3,596,402,67.4496644295302,אחוז הצבעה בקלפי
אשדוד,70,53.4,596,393,65.93959731543623,אחוז הצבעה בקלפי
אשדוד,70,53.5,596,377,63.25503355704698,אחוז הצבעה בקלפי
אשדוד,70,53.6,591,364,61.59052453468698,אחוז הצבעה בקלפי
אשדוד,70,58.0,615,321,52.19512195121951,אחוז הצבעה בקלפי
אשדוד,70,59.0,477,336,70.44025157232704,אחוז הצבעה בקלפי
אשדוד,70,61.0,503,227,45.12922465208747,אחוז הצבעה בקלפי
אשדוד,70,62.0,531,375,70.62146892655367,אחוז הצבעה בקלפי
אשדוד,70,63.0,599,432,72.12020033388981,אחוז הצבעה בקלפי
אשדוד,70,65.1,682,422,61.87683284457478,אחוז הצבעה בקלפי
אשדוד,70,65.2,682,386,56.598240469208214,אחוז הצבעה בקלפי
אשדוד,70,65.3,682,386,56.598240469208214,אחוז הצבעה בקלפי
אשדוד,70,65.4,679,365,53.75552282768778,אחוז הצבעה בקלפי
אשדוד,70,66.0,571,387,67.77583187390543,אחוז הצבעה בקלפי
אשדוד,70,68.0,606,341,56.27062706270627,אחוז הצבעה בקלפי
אשדוד,70,71.0,452,277,61.283185840707965,אחוז הצבעה בקלפי
אשדוד,70,72.0,491,263,53.56415478615071,אחוז הצבעה בקלפי
אשדוד,70,73.0,470,319,67.87234042553192,אחוז הצבעה בקלפי
אשדוד,70,74.0,612,439,71.73202614379085,אחוז הצבעה בקלפי
אשדוד,70,75.1,598,316,52.84280936454849,אחוז הצבעה בקלפי
אשדוד,70,75.2,598,330,55.18394648829431,אחוז הצבעה בקלפי
אשדוד,70,75.3,598,333,55.68561872909699,אחוז הצבעה בקלפי
אשדוד,70,75.4,598,323,54.0133779264214,אחוז הצבעה בקלפי
אשדוד,70,75.5,594,341,57.407407407407405,אחוז הצבעה בקלפי
אשדוד,70,79.1,681,442,64.90455212922174,אחוז הצבעה בקלפי
אשדוד,70,79.2,681,442,64.90455212922174,אחוז הצבעה בקלפי
אשדוד,70,79.3,681,472,69.30983847283406,אחוז הצבעה בקלפי
אשדוד,70,79.4,681,440,64.61086637298091,אחוז הצבעה בקלפי
אשדוד,70,79.5,681,439,64.4640234948605,אחוז הצבעה בקלפי
אשדוד,70,80.0,503,254,50.49701789264414,אחוז הצבעה בקלפי
אשדוד,70,81.0,621,402,64.73429951690821,אחוז הצבעה בקלפי
אשדוד,70,82.0,573,339,59.16230366492147,אחוז הצבעה בקלפי
אשדוד,70,86.0,624,343,54.96794871794872,אחוז הצבעה בקלפי
אשדוד,70,88.0,531,243,45.76271186440678,אחוז הצבעה בקלפי
אשדוד,70,89.0,492,306,62.19512195121951,אחוז הצבעה בקלפי
אשדוד,70,93.0,576,357,61.979166666666664,אחוז הצבעה בקלפי
אשדוד,70,94.0,465,250,53.76344086021505,אחוז הצבעה בקלפי
אשדוד,70,95.0,542,334,61.62361623616236,אחוז הצבעה בקלפי
אשדוד,70,97.0,494,246,49.797570850202426,אחוז הצבעה בקלפי
אשדוד,70,99.0,606,381,62.87128712871287,אחוז הצבעה בקלפי
אשדוד,70,106.0,655,466,71.14503816793894,אחוז הצבעה בקלפי
אשדוד,70,107.0,592,376,63.51351351351351,אחוז הצבעה בקלפי
אשדוד,70,109.1,620,438,70.64516129032258,אחוז הצבעה בקלפי
אשדוד,70,109.2,620,448,72.25806451612902,אחוז הצבעה בקלפי
אשדוד,70,109.3,620,465,75.0,אחוז הצבעה בקלפי
אשדוד,70,109.4,620,430,69.35483870967742,אחוז הצבעה בקלפי
אשדוד,70,109.5,618,442,71.52103559870551,אחוז הצבעה בקלפי
אשדוד,70,110.0,634,372,58.67507886435332,אחוז הצבעה בקלפי
אשדוד,70,111.1,648,407,62.808641975308646,אחוז הצבעה בקלפי
אשדוד,70,111.2,648,403,62.191358024691354,אחוז הצבעה בקלפי
אשדוד,70,111.3,648,392,60.49382716049383,אחוז הצבעה בקלפי
אשדוד,70,111.4,648,373,57.56172839506173,אחוז הצבעה בקלפי
אשדוד,70,111.5,648,395,60.95679012345679,אחוז הצבעה בקלפי
אשדוד,70,111.6,644,389,60.40372670807454,אחוז הצבעה בקלפי
אשדוד,70,114.1,565,354,62.65486725663717,אחוז הצבעה בקלפי
אשדוד,70,114.2,565,336,59.469026548672566,אחוז הצבעה בקלפי
אשדוד,70,114.3,565,333,58.93805309734513,אחוז הצבעה בקלפי
אשדוד,70,114.4,562,315,56.04982206405694,אחוז הצבעה בקלפי
אשדוד,70,118.0,632,394,62.34177215189873,אחוז הצבעה בקלפי
אשדוד,70,119.0,527,345,65.46489563567363,אחוז הצבעה בקלפי
אשדוד,70,120.1,581,383,65.92082616179002,אחוז הצבעה בקלפי
אשדוד,70,120.2,581,386,66.43717728055077,אחוז הצבעה בקלפי
אשדוד,70,120.3,581,391,67.29776247848537,אחוז הצבעה בקלפי
אשדוד,70,120.4,581,366,62.99483648881239,אחוז הצבעה בקלפי
אשדוד,70,120.5,579,359,62.00345423143351,אחוז הצבעה בקלפי
אשדוד,70,124.0,507,326,64.29980276134121,אחוז הצבעה בקלפי
אשדוד,70,125.0,549,323,58.834244080145716,אחוז הצבעה בקלפי
אשדוד,70,126.0,490,359,73.26530612244898,אחוז הצבעה בקלפי
אשדוד,70,127.0,605,439,72.56198347107437,אחוז הצבעה בקלפי
אשדוד,70,128.0,588,318,54.08163265306123,אחוז הצבעה בקלפי
אשדוד,70,129.0,509,402,78.97838899803537,אחוז הצבעה בקלפי
אשדוד,70,130.0,463,309,66.73866090712744,אחוז הצבעה בקלפי
אשדוד,70,131.0,619,374,60.42003231017771,אחוז הצבעה בקלפי
אשדוד,70,132.0,585,348,59.48717948717949,אחוז הצבעה בקלפי
אשדוד,70,133.0,578,341,58.99653979238755,אחוז הצבעה בקלפי
אשדוד,70,134.0,663,394,59.42684766214178,אחוז הצבעה בקלפי
אשדוד,70,135.0,516,335,64.92248062015504,אחוז הצבעה בקלפי
אשדוד,70,138.0,564,357,63.297872340425535,אחוז הצבעה בקלפי
אשדוד,70,140.0,598,354,59.19732441471572,אחוז הצבעה בקלפי
אשדוד,70,142.0,577,386,66.89774696707106,אחוז הצבעה בקלפי
אשדוד,70,143.1,613,370,60.35889070146819,אחוז הצבעה בקלפי
אשדוד,70,143.2,613,366,59.70636215334421,אחוז הצבעה בקלפי
אשדוד,70,143.3,613,374,61.011419249592166,אחוז הצבעה בקלפי
אשדוד,70,143.4,612,370,60.45751633986928,אחוז הצבעה בקלפי
אשדוד,70,147.1,655,385,58.778625954198475,אחוז הצבעה בקלפי
אשדוד,70,147.2,655,415,63.358778625954194,אחוז הצבעה בקלפי
אשדוד,70,147.3,655,383,58.473282442748086,אחוז הצבעה בקלפי
אשדוד,70,148.0,694,341,49.13544668587896,אחוז הצבעה בקלפי
אשדוד,70,150.1,657,441,67.12328767123287,אחוז הצבעה בקלפי
אשדוד,70,150.2,657,451,68.64535768645358,אחוז הצבעה בקלפי
אשדוד,70,150.3,657,432,65.75342465753424,אחוז הצבעה בקלפי
אשדוד,70,150.4,657,433,65.90563165905633,אחוז הצבעה בקלפי
אשדוד,70,151.0,547,320,58.50091407678245,אחוז הצבעה בקלפי
אשדוד,70,152.0,625,392,62.72,אחוז הצבעה בקלפי
אשדוד,70,153.0,529,302,57.088846880907376,אחוז הצבעה בקלפי
אשדוד,70,154.0,558,383,68.63799283154121,אחוז הצבעה בקלפי
אשדוד,70,155.0,671,449,66.9150521609538,אחוז הצבעה בקלפי
אשדוד,70,156.0,592,320,54.054054054054056,אחוז הצבעה בקלפי
אשדוד,70,158.0,599,354,59.09849749582637,אחוז הצבעה בקלפי
אשדוד,70,159.0,644,398,61.80124223602485,אחוז הצבעה בקלפי
אשדוד,70,160.1,675,378,56.00000000000001,אחוז הצבעה בקלפי
אשדוד,70,160.2,675,366,54.22222222222223,אחוז הצבעה בקלפי
אשדוד,70,160.3,675,326,48.2962962962963,אחוז הצבעה בקלפי
אשדוד,70,161.0,671,443,66.02086438152011,אחוז הצבעה בקלפי
אשדוד,70,163.1,673,454,67.4591381872214,אחוז הצבעה בקלפי
אשדוד,70,163.2,673,467,69.39078751857355,אחוז הצבעה בקלפי
אשדוד,70,163.3,673,462,68.64784546805349,אחוז הצבעה בקלפי
אשדוד,70,163.4,673,430,63.893016344725105,אחוז הצבעה בקלפי
אשדוד,70,163.5,673,452,67.16196136701336,אחוז הצבעה בקלפי
אשדוד,70,163.6,673,453,67.31054977711739,אחוז הצבעה בקלפי
אשדוד,70,163.7,673,460,68.35066864784547,אחוז הצבעה בקלפי
אשדוד,70,163.8,671,471,70.19374068554396,אחוז הצבעה בקלפי
אשדוד,70,164.0,622,405,65.11254019292605,אחוז הצבעה בקלפי
אשדוד,70,165.0,612,405,66.17647058823529,אחוז הצבעה בקלפי
אשדוד,70,166.0,638,391,61.28526645768025,אחוז הצבעה בקלפי
אשדוד,70,167.0,694,464,66.85878962536023,אחוז הצבעה בקלפי
אשדוד,70,168.0,572,371,64.86013986013987,אחוז הצבעה בקלפי
אשדוד,70,169.0,616,435,70.61688311688312,אחוז הצבעה בקלפי
אשדוד,70,170.0,495,341,68.88888888888889,אחוז הצבעה בקלפי
אשדוד,70,171.0,539,355,65.86270871985158,אחוז הצבעה בקלפי
אשדוד,70,173.0,644,423,65.6832298136646,אחוז הצבעה בקלפי
אשדוד,70,178.0,516,342,66.27906976744185,אחוז הצבעה בקלפי
אשדוד,70,184.1,605,518,85.6198347107438,אחוז הצבעה בקלפי
אשדוד,70,184.2,605,532,87.93388429752066,אחוז הצבעה בקלפי
אשדוד,70,184.3,605,526,86.94214876033057,אחוז הצבעה בקלפי
אשדוד,70,184.4,605,547,90.41322314049587,אחוז הצבעה בקלפי
אשדוד,70,184.5,605,534,88.26446280991735,אחוז הצבעה בקלפי
אשדוד,70,184.6,602,542,90.03322259136213,אחוז הצבעה בקלפי
אשדוד,70,189.0,536,296,55.223880597014926,אחוז הצבעה בקלפי
אשדוד,70,190.0,580,345,59.48275862068966,אחוז הצבעה בקלפי
אשדוד,70,191.0,551,402,72.95825771324864,אחוז הצבעה בקלפי
אשדוד,70,192.0,589,384,65.19524617996605,אחוז הצבעה בקלפי
אשדוד,70,193.0,514,271,52.723735408560316,אחוז הצבעה בקלפי
אשדוד,70,194.0,530,386,72.83018867924528,אחוז הצבעה בקלפי
אשדוד,70,196.0,697,463,66.42754662840747,אחוז הצבעה בקלפי
אשדוד,70,197.0,589,427,72.49575551782682,אחוז הצבעה בקלפי
אשדוד,70,199.1,598,427,71.40468227424749,אחוז הצבעה בקלפי
אשדוד,70,199.2,598,422,70.5685618729097,אחוז הצבעה בקלפי
אשדוד,70,199.3,598,432,72.24080267558529,אחוז הצבעה בקלפי
אשדוד,70,199.4,598,376,62.87625418060201,אחוז הצבעה בקלפי
אשדוד,70,199.5,597,401,67.16917922948073,אחוז הצבעה בקלפי
אשדוד,70,205.0,532,347,65.22556390977444,אחוז הצבעה בקלפי
אשדוד,70,207.1,587,395,67.29131175468484,אחוז הצבעה בקלפי
אשדוד,70,207.2,587,370,63.03236797274276,אחוז הצבעה בקלפי
אשדוד,70,207.3,586,348,59.38566552901023,אחוז הצבעה בקלפי
אשדוד,70,210.1,577,445,77.12305025996534,אחוז הצבעה בקלפי
אשדוד,70,210.2,577,475,82.32235701906413,אחוז הצבעה בקלפי
אשדוד,70,210.3,575,479,83.30434782608695,אחוז הצבעה בקלפי
אשדוד,70,212.0,531,468,88.13559322033898,אחוז הצבעה בקלפי
אשדוד,70,213.0,504,180,35.714285714285715,אחוז הצבעה בקלפי
אשדוד,70,214.0,566,262,46.28975265017668,אחוז הצבעה בקלפי
אשדוד,70,215.1,636,330,51.886792452830186,אחוז הצבעה בקלפי
אשדוד,70,215.2,636,306,48.113207547169814,אחוז הצבעה בקלפי
אשדוד,70,215.3,636,327,51.41509433962265,אחוז הצבעה בקלפי
אשדוד,70,215.4,636,299,47.0125786163522,אחוז הצבעה בקלפי
אשדוד,70,215.5,636,289,45.44025157232704,אחוז הצבעה בקלפי
אשדוד,70,218.0,551,382,69.32849364791288,אחוז הצבעה בקלפי
אשדוד,70,219.0,652,454,69.6319018404908,אחוז הצבעה בקלפי
אשדוד,70,220.0,660,487,73.7878787878788,אחוז הצבעה בקלפי
אשדוד,70,221.0,616,416,67.53246753246754,אחוז הצבעה בקלפי
אשדוד,70,222.0,457,311,68.05251641137856,אחוז הצבעה בקלפי
אשדוד,70,225.0,659,478,72.53414264036418,אחוז הצבעה בקלפי
אשדוד,70,228.0,558,297,53.2258064516129,אחוז הצבעה בקלפי
אשדוד,70,229.0,557,348,62.47755834829444,אחוז הצבעה בקלפי
אשדוד,70,231.0,641,401,62.558502340093604,אחוז הצבעה בקלפי
אשדוד,70,232.0,517,322,62.28239845261122,אחוז הצבעה בקלפי
אשדוד,70,234.0,640,399,62.34375,אחוז הצבעה בקלפי
אשדוד,70,236.0,530,362,68.30188679245282,אחוז הצבעה בקלפי
אשדוד,70,237.1,643,441,68.58475894245724,אחוז הצבעה בקלפי
אשדוד,70,237.2,643,425,66.09642301710731,אחוז הצבעה בקלפי
אשדוד,70,237.3,643,446,69.36236391912908,אחוז הצבעה בקלפי
אשדוד,70,237.4,643,416,64.69673405909798,אחוז הצבעה בקלפי
אשדוד,70,238.0,684,522,76.31578947368422,אחוז הצבעה בקלפי
אשדוד,70,240.1,663,470,70.88989441930619,אחוז הצבעה בקלפי
אשדוד,70,240.2,663,477,71.94570135746606,אחוז הצבעה בקלפי
אשדוד,70,240.3,663,468,70.58823529411765,אחוז הצבעה בקלפי
אשדוד,70,240.4,660,462,70.0,אחוז הצבעה בקלפי
אשדוד,70,241.1,644,440,68.32298136645963,אחוז הצבעה בקלפי
אשדוד,70,241.2,644,412,63.975155279503106,אחוז הצבעה בקלפי
אשדוד,70,241.3,644,439,68.16770186335404,אחוז הצבעה בקלפי
אשדוד,70,241.4,644,437,67.85714285714286,אחוז הצבעה בקלפי
אשדוד,70,241.5,644,425,65.99378881987577,אחוז הצבעה בקלפי
אשדוד,70,241.6,640,403,62.96874999999999,אחוז הצבעה בקלפי
אשדוד,70,244.0,619,403,65.10500807754443,אחוז הצבעה בקלפי
אשדוד,70,245.0,628,469,74.68152866242038,אחוז הצבעה בקלפי
אשדוד,70,246.1,564,443,78.54609929078015,אחוז הצבעה בקלפי
אשדוד,70,246.2,564,491,87.05673758865248,אחוז הצבעה בקלפי
אשדוד,70,246.3,564,454,80.49645390070921,אחוז הצבעה בקלפי
אשדוד,70,246.4,564,453,80.31914893617021,אחוז הצבעה בקלפי
אשדוד,70,246.5,561,487,86.80926916221033,אחוז הצבעה בקלפי
אשדוד,70,248.0,371,176,47.43935309973046,אחוז הצבעה בקלפי
אשדוד,70,249.0,510,406,79.6078431372549,אחוז הצבעה בקלפי
אשדוד,70,250.0,537,238,44.320297951582866,אחוז הצבעה בקלפי
אשדוד,70,251.0,584,411,70.37671232876713,אחוז הצבעה בקלפי
אשדוד,70,253.0,555,482,86.84684684684684,אחוז הצבעה בקלפי
אשדוד,70,254.0,598,361,60.367892976588635,אחוז הצבעה בקלפי
אשדוד,70,255.0,520,332,63.84615384615384,אחוז הצבעה בקלפי
אשדוד,70,260.1,616,435,70.61688311688312,אחוז הצבעה בקלפי
אשדוד,70,260.2,616,446,72.40259740259741,אחוז הצבעה בקלפי
אשדוד,70,260.3,616,455,73.86363636363636,אחוז הצבעה בקלפי
אשדוד,70,260.4,616,437,70.94155844155844,אחוז הצבעה בקלפי
אשדוד,70,260.5,615,422,68.61788617886178,אחוז הצבעה בקלפי
אשדוד,70,261.0,585,402,68.71794871794872,אחוז הצבעה בקלפי
אשדוד,70,264.0,561,393,70.05347593582889,אחוז הצבעה בקלפי
אשדוד,70,274.0,669,317,47.384155455904335,אחוז הצבעה בקלפי
אשדוד,70,276.1,631,461,73.05863708399366,אחוז הצבעה בקלפי
אשדוד,70,276.2,631,415,65.76862123613311,אחוז הצבעה בקלפי
אשדוד,70,276.3,631,419,66.40253565768622,אחוז הצבעה בקלפי
אשדוד,70,276.4,631,435,68.93819334389858,אחוז הצבעה בקלפי
אשדוד,70,276.5,631,408,64.65927099841522,אחוז הצבעה בקלפי
אשדוד,70,276.6,627,419,66.8261562998405,אחוז הצבעה בקלפי
אשדוד,70,281.1,632,472,74.68354430379746,אחוז הצבעה בקלפי
אשדוד,70,281.2,632,471,74.5253164556962,אחוז הצבעה בקלפי
אשדוד,70,281.3,632,478,75.63291139240506,אחוז הצבעה בקלפי
אשדוד,70,281.4,632,483,76.42405063291139,אחוז הצבעה בקלפי
אשדוד,70,281.5,632,456,72.15189873417721,אחוז הצבעה בקלפי
אשדוד,70,281.6,632,471,74.5253164556962,אחוז הצבעה בקלפי
אשדוד,70,281.7,626,468,74.76038338658148,אחוז הצבעה בקלפי
אשדוד,70,283.1,695,467,67.19424460431654,אחוז הצבעה בקלפי
אשדוד,70,283.2,695,439,63.16546762589928,אחוז הצבעה בקלפי
אשדוד,70,283.3,695,408,58.70503597122302,אחוז הצבעה בקלפי
אשדוד,70,283.4,695,428,61.58273381294964,אחוז הצבעה בקלפי
אשדוד,70,283.5,695,410,58.992805755395686,אחוז הצבעה בקלפי
אשדוד,70,284.1,686,571,83.23615160349854,אחוז הצבעה בקלפי
אשדוד,70,284.2,686,662,96.50145772594753,אחוז הצבעה בקלפי
אשדוד,70,284.3,686,576,83.96501457725948,אחוז הצבעה בקלפי
אשדוד,70,284.4,686,621,90.52478134110787,אחוז הצבעה בקלפי
אשדוד,70,284.5,686,604,88.0466472303207,אחוז הצבעה בקלפי
אשדוד,70,284.6,682,607,89.00293255131965,אחוז הצבעה בקלפי
אשדוד,70,285.0,507,223,43.98422090729783,אחוז הצבעה בקלפי
אשדוד,70,290.0,490,354,72.24489795918367,אחוז הצבעה בקלפי
אשדוד,70,291.0,543,356,65.56169429097606,אחוז הצבעה בקלפי
אשדוד,70,292.0,554,348,62.8158844765343,אחוז הצבעה בקלפי
אשדוד,70,296.1,599,521,86.97829716193655,אחוז הצבעה בקלפי
אשדוד,70,296.2,599,515,85.97662771285476,אחוז הצבעה בקלפי
אשדוד,70,296.3,599,518,86.47746243739566,אחוז הצבעה בקלפי
אשדוד,70,296.4,599,534,89.14858096828047,אחוז הצבעה בקלפי
אשדוד,70,296.5,597,531,88.94472361809045,אחוז הצבעה בקלפי
אשדוד,70,301.0,640,454,70.9375,אחוז הצבעה בקלפי
אשדוד,70,306.0,502,381,75.89641434262948,אחוז הצבעה בקלפי
אשדוד,70,952.1,673,406,60.326894502228825,אחוז הצבעה בקלפי
אשדוד,70,952.2,673,414,61.51560178306092,אחוז הצבעה בקלפי
אשדוד,70,952.3,673,380,56.463595839524515,אחוז הצבעה בקלפי
אשדוד,70,952.4,673,433,64.33878157503715,אחוז הצבעה בקלפי
אשדוד,70,952.5,673,398,59.138187221396734,אחוז הצבעה בקלפי
אשדוד,70,952.6,672,417,62.05357142857143,אחוז הצבעה בקלפי
אשדוד,70,954.0,622,455,73.15112540192926,אחוז הצבעה בקלפי
אשדות יעקב איחוד,199,1.0,683,477,69.8389458272328,אחוז הצבעה בקלפי
אשדות יעקב מאוחד,188,1.0,605,404,66.77685950413223,אחוז הצבעה בקלפי
אשחר,1188,1.0,681,490,71.95301027900148,אחוז הצבעה בקלפי
אשכולות,3722,1.0,374,284,75.93582887700535,אחוז הצבעה בקלפי
אשל הנשיא,2021,1.0,111,64,57.65765765765766,אחוז הצבעה בקלפי
אשלים,1152,1.0,437,305,69.79405034324942,אחוז הצבעה בקלפי
אשקלון,7100,1.0,539,179,33.209647495361786,אחוז הצבעה בקלפי
אשקלון,7100,2.0,467,297,63.597430406852254,אחוז הצבעה בקלפי
אשקלון,7100,3.0,638,404,63.322884012539184,אחוז הצבעה בקלפי
אשקלון,7100,4.1,604,339,56.12582781456954,אחוז הצבעה בקלפי
אשקלון,7100,4.2,604,326,53.973509933774835,אחוז הצבעה בקלפי
אשקלון,7100,4.3,604,373,61.75496688741722,אחוז הצבעה בקלפי
אשקלון,7100,4.4,604,320,52.980132450331126,אחוז הצבעה בקלפי
אשקלון,7100,4.5,604,302,50.0,אחוז הצבעה בקלפי
אשקלון,7100,5.1,691,473,68.45151953690304,אחוז הצבעה בקלפי
אשקלון,7100,5.2,691,437,63.24167872648335,אחוז הצבעה בקלפי
אשקלון,7100,5.3,691,482,69.75397973950795,אחוז הצבעה בקלפי
אשקלון,7100,5.4,691,466,67.43849493487699,אחוז הצבעה בקלפי
אשקלון,7100,5.5,691,462,66.85962373371925,אחוז הצבעה בקלפי
אשקלון,7100,5.6,688,442,64.24418604651163,אחוז הצבעה בקלפי
אשקלון,7100,6.0,617,370,59.967585089141004,אחוז הצבעה בקלפי
אשקלון,7100,7.1,548,336,61.31386861313869,אחוז הצבעה בקלפי
אשקלון,7100,7.2,548,335,61.131386861313864,אחוז הצבעה בקלפי
אשקלון,7100,9.0,520,331,63.653846153846146,אחוז הצבעה בקלפי
אשקלון,7100,13.0,571,385,67.42556917688266,אחוז הצבעה בקלפי
אשקלון,7100,14.0,680,391,57.49999999999999,אחוז הצבעה בקלפי
אשקלון,7100,15.0,512,388,75.78125,אחוז הצבעה בקלפי
אשקלון,7100,17.0,473,230,48.625792811839325,אחוז הצבעה בקלפי
אשקלון,7100,18.1,626,395,63.09904153354633,אחוז הצבעה בקלפי
אשקלון,7100,18.2,626,335,53.51437699680511,אחוז הצבעה בקלפי
אשקלון,7100,18.3,626,385,61.50159744408946,אחוז הצבעה בקלפי
אשקלון,7100,18.4,626,402,64.21725239616613,אחוז הצבעה בקלפי
אשקלון,7100,18.5,624,305,48.878205128205124,אחוז הצבעה בקלפי
אשקלון,7100,21.0,652,463,71.0122699386503,אחוז הצבעה בקלפי
אשקלון,7100,22.0,577,391,67.76429809358753,אחוז הצבעה בקלפי
אשקלון,7100,23.0,660,180,27.27272727272727,אחוז הצבעה בקלפי
אשקלון,7100,24.0,638,310,48.589341692789965,אחוז הצבעה בקלפי
אשקלון,7100,25.0,626,390,62.30031948881789,אחוז הצבעה בקלפי
אשקלון,7100,26.1,608,328,53.94736842105263,אחוז הצבעה בקלפי
אשקלון,7100,26.2,608,321,52.79605263157895,אחוז הצבעה בקלפי
אשקלון,7100,27.0,498,220,44.17670682730924,אחוז הצבעה בקלפי
אשקלון,7100,28.1,489,261,53.37423312883436,אחוז הצבעה בקלפי
אשקלון,7100,28.2,489,253,51.738241308793455,אחוז הצבעה בקלפי
אשקלון,7100,28.3,489,202,41.308793456032724,אחוז הצבעה בקלפי
אשקלון,7100,29.0,504,251,49.801587301587304,אחוז הצבעה בקלפי
אשקלון,7100,30.0,456,236,51.75438596491229,אחוז הצבעה בקלפי
אשקלון,7100,32.0,445,218,48.98876404494382,אחוז הצבעה בקלפי
אשקלון,7100,33.1,639,352,55.08607198748044,אחוז הצבעה בקלפי
אשקלון,7100,33.2,639,324,50.70422535211267,אחוז הצבעה בקלפי
אשקלון,7100,33.3,639,283,44.28794992175274,אחוז הצבעה בקלפי
אשקלון,7100,34.0,556,243,43.70503597122302,אחוז הצבעה בקלפי
אשקלון,7100,35.0,462,288,62.33766233766234,אחוז הצבעה בקלפי
אשקלון,7100,37.0,569,271,47.6274165202109,אחוז הצבעה בקלפי
אשקלון,7100,38.0,586,243,41.467576791808874,אחוז הצבעה בקלפי
אשקלון,7100,39.0,593,300,50.5902192242833,אחוז הצבעה בקלפי
אשקלון,7100,40.0,560,402,71.78571428571429,אחוז הצבעה בקלפי
אשקלון,7100,41.0,580,410,70.6896551724138,אחוז הצבעה בקלפי
אשקלון,7100,43.0,643,371,57.698289269051315,אחוז הצבעה בקלפי
אשקלון,7100,44.1,686,311,45.33527696793003,אחוז הצבעה בקלפי
אשקלון,7100,44.2,686,293,42.711370262390666,אחוז הצבעה בקלפי
אשקלון,7100,44.3,686,331,48.250728862973766,אחוז הצבעה בקלפי
אשקלון,7100,44.4,686,325,47.376093294460645,אחוז הצבעה בקלפי
אשקלון,7100,44.5,685,294,42.91970802919708,אחוז הצבעה בקלפי
אשקלון,7100,47.0,574,357,62.19512195121951,אחוז הצבעה בקלפי
אשקלון,7100,50.0,678,429,63.27433628318584,אחוז הצבעה בקלפי
אשקלון,7100,52.1,692,460,66.47398843930635,אחוז הצבעה בקלפי
אשקלון,7100,52.2,692,461,66.61849710982659,אחוז הצבעה בקלפי
אשקלון,7100,52.3,691,434,62.80752532561505,אחוז הצבעה בקלפי
אשקלון,7100,53.0,583,213,36.53516295025729,אחוז הצבעה בקלפי
אשקלון,7100,54.0,403,223,55.33498759305211,אחוז הצבעה בקלפי
אשקלון,7100,55.1,605,312,51.570247933884296,אחוז הצבעה בקלפי
אשקלון,7100,55.2,605,359,59.33884297520661,אחוז הצבעה בקלפי
אשקלון,7100,55.3,605,300,49.586776859504134,אחוז הצבעה בקלפי
אשקלון,7100,58.0,590,352,59.66101694915255,אחוז הצבעה בקלפי
אשקלון,7100,61.1,526,307,58.36501901140685,אחוז הצבעה בקלפי
אשקלון,7100,61.2,526,299,56.84410646387833,אחוז הצבעה בקלפי
אשקלון,7100,61.3,524,245,46.75572519083969,אחוז הצבעה בקלפי
אשקלון,7100,63.0,610,375,61.47540983606557,אחוז הצבעה בקלפי
אשקלון,7100,68.0,586,337,57.508532423208194,אחוז הצבעה בקלפי
אשקלון,7100,70.0,691,468,67.72793053545585,אחוז הצבעה בקלפי
אשקלון,7100,72.1,668,411,61.52694610778443,אחוז הצבעה בקלפי
אשקלון,7100,72.2,668,428,64.07185628742515,אחוז הצבעה בקלפי
אשקלון,7100,72.3,668,401,60.02994011976048,אחוז הצבעה בקלפי
אשקלון,7100,73.0,583,160,27.4442538593482,אחוז הצבעה בקלפי
אשקלון,7100,76.0,634,394,62.14511041009464,אחוז הצבעה בקלפי
אשקלון,7100,77.0,613,392,63.94779771615008,אחוז הצבעה בקלפי
אשקלון,7100,78.0,430,270,62.7906976744186,אחוז הצבעה בקלפי
אשקלון,7100,80.0,605,322,53.223140495867774,אחוז הצבעה בקלפי
אשקלון,7100,81.0,614,356,57.98045602605863,אחוז הצבעה בקלפי
אשקלון,7100,82.0,527,317,60.151802656546494,אחוז הצבעה בקלפי
אשקלון,7100,83.0,522,304,58.23754789272031,אחוז הצבעה בקלפי
אשקלון,7100,84.0,477,288,60.37735849056604,אחוז הצבעה בקלפי
אשקלון,7100,85.0,542,256,47.23247232472325,אחוז הצבעה בקלפי
אשקלון,7100,86.0,436,233,53.44036697247706,אחוז הצבעה בקלפי
אשקלון,7100,87.1,567,360,63.49206349206349,אחוז הצבעה בקלפי
אשקלון,7100,87.2,567,350,61.72839506172839,אחוז הצבעה בקלפי
אשקלון,7100,87.3,566,311,54.946996466431095,אחוז הצבעה בקלפי
אשקלון,7100,90.0,554,330,59.56678700361011,אחוז הצבעה בקלפי
אשקלון,7100,91.0,569,294,51.66959578207382,אחוז הצבעה בקלפי
אשקלון,7100,92.0,541,299,55.26802218114602,אחוז הצבעה בקלפי
אשקלון,7100,93.0,450,232,51.55555555555556,אחוז הצבעה בקלפי
אשקלון,7100,94.0,598,309,51.67224080267558,אחוז הצבעה בקלפי
אשקלון,7100,100.0,642,494,76.94704049844236,אחוז הצבעה בקלפי
אשקלון,7100,103.0,525,380,72.38095238095238,אחוז הצבעה בקלפי
אשקלון,7100,104.0,685,421,61.459854014598534,אחוז הצבעה בקלפי
אשקלון,7100,107.0,581,336,57.831325301204814,אחוז הצבעה בקלפי
אשקלון,7100,110.1,584,338,57.87671232876712,אחוז הצבעה בקלפי
אשקלון,7100,110.2,584,361,61.81506849315068,אחוז הצבעה בקלפי
אשקלון,7100,110.3,584,351,60.1027397260274,אחוז הצבעה בקלפי
אשקלון,7100,110.4,584,342,58.56164383561644,אחוז הצבעה בקלפי
אשקלון,7100,110.5,584,333,57.02054794520548,אחוז הצבעה בקלפי
אשקלון,7100,110.6,583,313,53.687821612349914,אחוז הצבעה בקלפי
אשקלון,7100,114.0,605,428,70.74380165289256,אחוז הצבעה בקלפי
אשקלון,7100,115.0,664,446,67.16867469879519,אחוז הצבעה בקלפי
אשקלון,7100,116.0,697,472,67.71879483500717,אחוז הצבעה בקלפי
אשקלון,7100,117.1,562,381,67.79359430604983,אחוז הצבעה בקלפי
אשקלון,7100,117.2,562,332,59.07473309608541,אחוז הצבעה בקלפי
אשקלון,7100,117.3,562,369,65.65836298932385,אחוז הצבעה בקלפי
אשקלון,7100,117.4,562,360,64.05693950177937,אחוז הצבעה בקלפי
אשקלון,7100,117.5,562,347,61.74377224199288,אחוז הצבעה בקלפי
אשקלון,7100,120.0,591,443,74.95769881556683,אחוז הצבעה בקלפי
אשקלון,7100,123.0,616,408,66.23376623376623,אחוז הצבעה בקלפי
אשקלון,7100,126.1,588,422,71.7687074829932,אחוז הצבעה בקלפי
אשקלון,7100,126.2,588,376,63.94557823129252,אחוז הצבעה בקלפי
אשקלון,7100,126.3,588,388,65.98639455782312,אחוז הצבעה בקלפי
אשקלון,7100,126.4,587,367,62.521294718909715,אחוז הצבעה בקלפי
אשקלון,7100,127.0,439,157,35.7630979498861,אחוז הצבעה בקלפי
אשקלון,7100,128.0,550,310,56.36363636363636,אחוז הצבעה בקלפי
אשקלון,7100,129.0,672,491,73.06547619047619,אחוז הצבעה בקלפי
אשקלון,7100,130.1,509,260,51.080550098231825,אחוז הצבעה בקלפי
אשקלון,7100,130.2,508,220,43.30708661417323,אחוז הצבעה בקלפי
אשקלון,7100,131.1,360,206,57.22222222222222,אחוז הצבעה בקלפי
אשקלון,7100,131.2,359,195,54.317548746518106,אחוז הצבעה בקלפי
אשקלון,7100,132.0,794,433,54.53400503778337,אחוז הצבעה בקלפי
אשקלון,7100,133.0,695,435,62.589928057553955,אחוז הצבעה בקלפי
אשקלון,7100,138.1,619,389,62.84329563812601,אחוז הצבעה בקלפי
אשקלון,7100,138.2,619,389,62.84329563812601,אחוז הצבעה בקלפי
אשקלון,7100,138.3,619,358,57.83521809369952,אחוז הצבעה בקלפי
אשקלון,7100,138.4,618,350,56.63430420711975,אחוז הצבעה בקלפי
אשקלון,7100,139.1,649,389,59.93836671802774,אחוז הצבעה בקלפי
אשקלון,7100,139.2,649,411,63.32819722650231,אחוז הצבעה בקלפי
אשקלון,7100,139.3,649,414,63.790446841294305,אחוז הצבעה בקלפי
אשקלון,7100,139.4,649,451,69.49152542372882,אחוז הצבעה בקלפי
אשקלון,7100,139.5,649,405,62.40369799691834,אחוז הצבעה בקלפי
אשקלון,7100,139.6,649,408,62.865947611710325,אחוז הצבעה בקלפי
אשקלון,7100,142.0,633,414,65.40284360189574,אחוז הצבעה בקלפי
אשקלון,7100,146.0,694,489,70.46109510086455,אחוז הצבעה בקלפי
אשקלון,7100,148.0,630,379,60.15873015873016,אחוז הצבעה בקלפי
אשקלון,7100,149.1,650,448,68.92307692307692,אחוז הצבעה בקלפי
אשקלון,7100,149.2,650,422,64.92307692307693,אחוז הצבעה בקלפי
אשקלון,7100,149.3,650,454,69.84615384615384,אחוז הצבעה בקלפי
אשקלון,7100,149.4,650,449,69.07692307692308,אחוז הצבעה בקלפי
אשקלון,7100,149.5,646,393,60.8359133126935,אחוז הצבעה בקלפי
אשקלון,7100,152.0,651,436,66.97388632872504,אחוז הצבעה בקלפי
אשקלון,7100,153.0,590,460,77.96610169491525,אחוז הצבעה בקלפי
אשקלון,7100,154.0,681,385,56.53450807635829,אחוז הצבעה בקלפי
אשקלון,7100,156.0,625,477,76.32,אחוז הצבעה בקלפי
אשקלון,7100,157.0,638,427,66.92789968652038,אחוז הצבעה בקלפי
אשקלון,7100,159.0,654,497,75.99388379204893,אחוז הצבעה בקלפי
אשקלון,7100,160.1,459,332,72.33115468409585,אחוז הצבעה בקלפי
אשקלון,7100,160.2,459,331,72.1132897603486,אחוז הצבעה בקלפי
אשקלון,7100,168.0,590,349,59.152542372881356,אחוז הצבעה בקלפי
אשקלון,7100,170.1,671,473,70.49180327868852,אחוז הצבעה בקלפי
אשקלון,7100,170.2,671,520,77.4962742175857,אחוז הצבעה בקלפי
אשקלון,7100,170.3,671,521,77.64530551415797,אחוז הצבעה בקלפי
אשקלון,7100,170.4,671,509,75.85692995529061,אחוז הצבעה בקלפי
אשקלון,7100,170.5,671,514,76.60208643815201,אחוז הצבעה בקלפי
אשקלון,7100,170.6,671,486,72.42921013412817,אחוז הצבעה בקלפי
אשקלון,7100,170.7,671,491,73.17436661698957,אחוז הצבעה בקלפי
אשקלון,7100,170.8,671,464,69.150521609538,אחוז הצבעה בקלפי
אשקלון,7100,170.9,664,484,72.89156626506023,אחוז הצבעה בקלפי
אשקלון,7100,175.1,690,469,67.97101449275362,אחוז הצבעה בקלפי
אשקלון,7100,175.2,690,500,72.46376811594203,אחוז הצבעה בקלפי
אשקלון,7100,175.3,689,467,67.77939042089986,אחוז הצבעה בקלפי
אשקלון,7100,182.1,625,464,74.24,אחוז הצבעה בקלפי
אשקלון,7100,182.2,625,430,68.8,אחוז הצבעה בקלפי
אשקלון,7100,186.0,536,388,72.38805970149254,אחוז הצבעה בקלפי
אשקלון,7100,187.1,685,521,76.05839416058394,אחוז הצבעה בקלפי
אשקלון,7100,187.2,685,536,78.24817518248175,אחוז הצבעה בקלפי
אשקלון,7100,187.3,685,480,70.07299270072993,אחוז הצבעה בקלפי
אשקלון,7100,187.4,685,499,72.84671532846716,אחוז הצבעה בקלפי
אשקלון,7100,187.5,685,503,73.43065693430657,אחוז הצבעה בקלפי
אשקלון,7100,187.6,685,491,71.67883211678831,אחוז הצבעה בקלפי
אשקלון,7100,190.1,660,486,73.63636363636363,אחוז הצבעה בקלפי
אשקלון,7100,190.2,660,497,75.30303030303031,אחוז הצבעה בקלפי
אשקלון,7100,190.3,660,496,75.15151515151514,אחוז הצבעה בקלפי
אשקלון,7100,190.4,659,481,72.98937784522003,אחוז הצבעה בקלפי
אשקלון,7100,193.1,615,454,73.8211382113821,אחוז הצבעה בקלפי
אשקלון,7100,193.2,615,488,79.34959349593495,אחוז הצבעה בקלפי
אשקלון,7100,193.3,615,474,77.07317073170732,אחוז הצבעה בקלפי
אשקלון,7100,193.4,615,456,74.14634146341463,אחוז הצבעה בקלפי
אשקלון,7100,193.5,613,431,70.30995106035888,אחוז הצבעה בקלפי
אשקלון,7100,195.1,621,469,75.52334943639292,אחוז הצבעה בקלפי
אשקלון,7100,195.2,621,447,71.98067632850241,אחוז הצבעה בקלפי
אשקלון,7100,195.3,621,450,72.46376811594203,אחוז הצבעה בקלפי
אשקלון,7100,195.4,621,450,72.46376811594203,אחוז הצבעה בקלפי
אשקלון,7100,195.5,617,425,68.88168557536467,אחוז הצבעה בקלפי
אשקלון,7100,206.1,606,357,58.91089108910891,אחוז הצבעה בקלפי
אשקלון,7100,206.2,606,362,59.73597359735974,אחוז הצבעה בקלפי
אשקלון,7100,206.3,606,393,64.85148514851485,אחוז הצבעה בקלפי
אשקלון,7100,206.4,606,326,53.79537953795379,אחוז הצבעה בקלפי
אשקלון,7100,206.5,606,348,57.42574257425742,אחוז הצבעה בקלפי
אשקלון,7100,206.6,603,336,55.72139303482587,אחוז הצבעה בקלפי
אשקלון,7100,952.0,710,427,60.140845070422536,אחוז הצבעה בקלפי
אשרת,1256,1.0,470,342,72.76595744680851,אחוז הצבעה בקלפי
אשתאול,740,1.1,379,287,75.72559366754618,אחוז הצבעה בקלפי
אשתאול,740,1.2,378,312,82.53968253968253,אחוז הצבעה בקלפי
באקה אלגרביה,6000,2.1,694,333,47.982708933717575,אחוז הצבעה בקלפי
באקה אלגרביה,6000,2.2,693,315,45.45454545454545,אחוז הצבעה בקלפי
באקה אלגרביה,6000,3.0,677,357,52.73264401772526,אחוז הצבעה בקלפי
באקה אלגרביה,6000,5.1,691,314,45.441389290882775,אחוז הצבעה בקלפי
באקה אלגרביה,6000,5.2,691,302,43.70477568740955,אחוז הצבעה בקלפי
באקה אלגרביה,6000,5.3,689,378,54.862119013062404,אחוז הצבעה בקלפי
באקה אלגרביה,6000,6.1,681,301,44.199706314243755,אחוז הצבעה בקלפי
באקה אלגרביה,6000,6.2,681,296,43.4654919236417,אחוז הצבעה בקלפי
באקה אלגרביה,6000,6.3,681,313,45.96182085168869,אחוז הצבעה בקלפי
באקה אלגרביה,6000,6.4,680,347,51.02941176470588,אחוז הצבעה בקלפי
באקה אלגרביה,6000,8.0,617,326,52.836304700162074,אחוז הצבעה בקלפי
באקה אלגרביה,6000,9.0,681,305,44.7870778267254,אחוז הצבעה בקלפי
באקה אלגרביה,6000,11.0,691,334,48.33574529667149,אחוז הצבעה בקלפי
באקה אלגרביה,6000,14.0,666,331,49.6996996996997,אחוז הצבעה בקלפי
באקה אלגרביה,6000,15.0,695,291,41.8705035971223,אחוז הצבעה בקלפי
באקה אלגרביה,6000,16.0,678,339,50.0,אחוז הצבעה בקלפי
באקה אלגרביה,6000,18.1,699,368,52.64663805436338,אחוז הצבעה בקלפי
באקה אלגרביה,6000,18.2,699,322,46.065808297567955,אחוז הצבעה בקלפי
באקה אלגרביה,6000,18.3,698,313,44.84240687679083,אחוז הצבעה בקלפי
באקה אלגרביה,6000,21.0,656,305,46.493902439024396,אחוז הצבעה בקלפי
באקה אלגרביה,6000,22.0,632,313,49.5253164556962,אחוז הצבעה בקלפי
באקה אלגרביה,6000,24.0,670,313,46.71641791044776,אחוז הצבעה בקלפי
באקה אלגרביה,6000,25.1,480,259,53.95833333333333,אחוז הצבעה בקלפי
באקה אלגרביה,6000,25.2,480,250,52.083333333333336,אחוז הצבעה בקלפי
באקה אלגרביה,6000,25.3,478,253,52.928870292887034,אחוז הצבעה בקלפי
באקה אלגרביה,6000,27.1,485,226,46.597938144329895,אחוז הצבעה בקלפי
באקה אלגרביה,6000,27.2,485,223,45.97938144329897,אחוז הצבעה בקלפי
באקה אלגרביה,6000,27.3,483,245,50.72463768115942,אחוז הצבעה בקלפי
באקה אלגרביה,6000,30.1,563,252,44.760213143872114,אחוז הצבעה בקלפי
באקה אלגרביה,6000,30.2,563,238,42.273534635879216,אחוז הצבעה בקלפי
באקה אלגרביה,6000,30.3,563,237,42.09591474245116,אחוז הצבעה בקלפי
באקה אלגרביה,6000,30.4,563,258,45.825932504440495,אחוז הצבעה בקלפי
באקה אלגרביה,6000,30.5,560,258,46.07142857142857,אחוז הצבעה בקלפי
באר אורה,21,1.1,366,248,67.75956284153006,אחוז הצבעה בקלפי
באר אורה,21,1.2,366,247,67.4863387978142,אחוז הצבעה בקלפי
באר גנים,1376,1.0,523,428,81.83556405353728,אחוז הצבעה בקלפי
באר גנים,1376,2.0,649,547,84.28351309707242,אחוז הצבעה בקלפי
באר טוביה,155,1.0,425,346,81.41176470588235,אחוז הצבעה בקלפי
באר טוביה,155,2.0,424,327,77.12264150943396,אחוז הצבעה בקלפי
באר יעקב,2530,3.0,442,300,67.87330316742081,אחוז הצבעה בקלפי
באר יעקב,2530,4.0,485,352,72.57731958762886,אחוז הצבעה בקלפי
באר יעקב,2530,7.1,653,501,76.72281776416538,אחוז הצבעה בקלפי
באר יעקב,2530,7.2,653,489,74.88514548238896,אחוז הצבעה בקלפי
באר יעקב,2530,7.3,653,497,76.11026033690659,אחוז הצבעה בקלפי
באר יעקב,2530,7.4,653,499,76.41653905053599,אחוז הצבעה בקלפי
באר יעקב,2530,7.5,652,492,75.4601226993865,אחוז הצבעה בקלפי
באר יעקב,2530,9.1,502,311,61.952191235059765,אחוז הצבעה בקלפי
באר יעקב,2530,9.2,502,319,63.54581673306773,אחוז הצבעה בקלפי
באר יעקב,2530,9.3,501,308,61.477045908183634,אחוז הצבעה בקלפי
באר יעקב,2530,11.0,450,331,73.55555555555556,אחוז הצבעה בקלפי
באר יעקב,2530,14.1,644,505,78.41614906832298,אחוז הצבעה בקלפי
באר יעקב,2530,14.2,644,526,81.67701863354037,אחוז הצבעה בקלפי
באר יעקב,2530,14.3,644,502,77.95031055900621,אחוז הצבעה בקלפי
באר יעקב,2530,14.4,644,512,79.5031055900621,אחוז הצבעה בקלפי
באר יעקב,2530,14.5,644,512,79.5031055900621,אחוז הצבעה בקלפי
באר יעקב,2530,14.6,640,508,79.375,אחוז הצבעה בקלפי
באר יעקב,2530,18.1,543,436,80.29465930018415,אחוז הצבעה בקלפי
באר יעקב,2530,18.2,543,442,81.39963167587477,אחוז הצבעה בקלפי
באר יעקב,2530,18.3,543,438,80.66298342541437,אחוז הצבעה בקלפי
באר יעקב,2530,18.4,542,457,84.31734317343174,אחוז הצבעה בקלפי
באר יעקב,2530,20.1,690,548,79.42028985507247,אחוז הצבעה בקלפי
באר יעקב,2530,20.2,690,542,78.55072463768116,אחוז הצבעה בקלפי
באר יעקב,2530,20.3,690,549,79.56521739130434,אחוז הצבעה בקלפי
באר יעקב,2530,26.1,650,543,83.53846153846153,אחוז הצבעה בקלפי
באר יעקב,2530,26.2,650,538,82.76923076923077,אחוז הצבעה בקלפי
באר יעקב,2530,26.3,650,539,82.92307692307692,אחוז הצבעה בקלפי
באר יעקב,2530,26.4,650,523,80.46153846153847,אחוז הצבעה בקלפי
באר יעקב,2530,26.5,650,543,83.53846153846153,אחוז הצבעה בקלפי
באר יעקב,2530,26.6,649,547,84.28351309707242,אחוז הצבעה בקלפי
באר מילכה,1278,1.0,113,93,82.30088495575221,אחוז הצבעה בקלפי
באר שבע,9000,1.0,437,221,50.57208237986271,אחוז הצבעה בקלפי
באר שבע,9000,2.0,532,210,39.473684210526315,אחוז הצבעה בקלפי
באר שבע,9000,3.0,438,165,37.67123287671233,אחוז הצבעה בקלפי
באר שבע,9000,4.0,497,233,46.88128772635815,אחוז הצבעה בקלפי
באר שבע,9000,5.0,439,215,48.9749430523918,אחוז הצבעה בקלפי
באר שבע,9000,6.0,592,135,22.804054054054053,אחוז הצבעה בקלפי
באר שבע,9000,15.0,428,199,46.49532710280374,אחוז הצבעה בקלפי
באר שבע,9000,16.0,413,203,49.152542372881356,אחוז הצבעה בקלפי
באר שבע,9000,19.0,521,259,49.71209213051823,אחוז הצבעה בקלפי
באר שבע,9000,20.0,374,168,44.919786096256686,אחוז הצבעה בקלפי
באר שבע,9000,25.0,465,231,49.67741935483871,אחוז הצבעה בקלפי
באר שבע,9000,26.0,405,206,50.864197530864196,אחוז הצבעה בקלפי
באר שבע,9000,27.0,466,224,48.06866952789699,אחוז הצבעה בקלפי
באר שבע,9000,28.0,429,207,48.25174825174825,אחוז הצבעה בקלפי
באר שבע,9000,29.0,442,217,49.095022624434385,אחוז הצבעה בקלפי
באר שבע,9000,30.0,430,190,44.18604651162791,אחוז הצבעה בקלפי
באר שבע,9000,31.0,513,237,46.198830409356724,אחוז הצבעה בקלפי
באר שבע,9000,142.0,653,439,67.22817764165391,אחוז הצבעה בקלפי
באר שבע,9000,147.1,567,331,58.377425044091716,אחוז הצבעה בקלפי
באר שבע,9000,147.2,567,332,58.553791887125215,אחוז הצבעה בקלפי
באר שבע,9000,147.3,567,327,57.67195767195767,אחוז הצבעה בקלפי
באר שבע,9000,147.4,567,337,59.43562610229277,אחוז הצבעה בקלפי
באר שבע,9000,147.5,565,312,55.2212389380531,אחוז הצבעה בקלפי
באר שבע,9000,160.0,621,411,66.18357487922705,אחוז הצבעה בקלפי
באר שבע,9000,175.0,525,314,59.80952380952381,אחוז הצבעה בקלפי
באר שבע,9000,176.0,612,319,52.12418300653595,אחוז הצבעה בקלפי
באר שבע,9000,177.0,602,417,69.26910299003323,אחוז הצבעה בקלפי
באר שבע,9000,180.0,590,412,69.83050847457626,אחוז הצבעה בקלפי
באר שבע,9000,185.0,635,422,66.45669291338582,אחוז הצבעה בקלפי
באר שבע,9000,186.0,691,434,62.80752532561505,אחוז הצבעה בקלפי
באר שבע,9000,188.0,669,374,55.90433482810164,אחוז הצבעה בקלפי
באר שבע,9000,189.0,634,400,63.09148264984227,אחוז הצבעה בקלפי
באר שבע,9000,200.0,554,344,62.093862815884485,אחוז הצבעה בקלפי
באר שבע,9000,202.0,494,383,77.53036437246963,אחוז הצבעה בקלפי
באר שבע,9000,203.0,564,378,67.02127659574468,אחוז הצבעה בקלפי
באר שבע,9000,204.0,511,390,76.32093933463796,אחוז הצבעה בקלפי
באר שבע,9000,205.0,546,368,67.3992673992674,אחוז הצבעה בקלפי
באר שבע,9000,206.0,670,479,71.49253731343283,אחוז הצבעה בקלפי
באר שבע,9000,207.0,585,405,69.23076923076923,אחוז הצבעה בקלפי
באר שבע,9000,208.0,564,403,71.45390070921985,אחוז הצבעה בקלפי
באר שבע,9000,210.0,424,284,66.98113207547169,אחוז הצבעה בקלפי
באר שבע,9000,213.0,557,326,58.52782764811491,אחוז הצבעה בקלפי
באר שבע,9000,214.0,471,320,67.94055201698514,אחוז הצבעה בקלפי
באר שבע,9000,218.1,684,462,67.54385964912281,אחוז הצבעה בקלפי
באר שבע,9000,218.2,684,464,67.83625730994152,אחוז הצבעה בקלפי
באר שבע,9000,218.3,682,456,66.86217008797654,אחוז הצבעה בקלפי
באר שבע,9000,221.1,685,438,63.94160583941606,אחוז הצבעה בקלפי
באר שבע,9000,221.2,685,427,62.33576642335766,אחוז הצבעה בקלפי
באר שבע,9000,223.0,579,378,65.28497409326425,אחוז הצבעה בקלפי
באר שבע,9000,225.0,629,385,61.208267090620026,אחוז הצבעה בקלפי
באר שבע,9000,226.0,551,402,72.95825771324864,אחוז הצבעה בקלפי
באר שבע,9000,243.0,581,310,53.35628227194492,אחוז הצבעה בקלפי
באר שבע,9000,251.0,578,407,70.41522491349481,אחוז הצבעה בקלפי
באר שבע,9000,252.1,656,453,69.0548780487805,אחוז הצבעה בקלפי
באר שבע,9000,252.2,656,421,64.17682926829268,אחוז הצבעה בקלפי
באר שבע,9000,252.3,656,389,59.29878048780488,אחוז הצבעה בקלפי
באר שבע,9000,257.0,521,361,69.28982725527831,אחוז הצבעה בקלפי
באר שבע,9000,260.1,595,435,73.10924369747899,אחוז הצבעה בקלפי
באר שבע,9000,260.2,594,452,76.0942760942761,אחוז הצבעה בקלפי
באר שבע,9000,266.1,643,492,76.51632970451011,אחוז הצבעה בקלפי
באר שבע,9000,266.2,643,486,75.58320373250389,אחוז הצבעה בקלפי
באר שבע,9000,266.3,643,514,79.93779160186625,אחוז הצבעה בקלפי
באר שבע,9000,266.4,643,504,78.38258164852256,אחוז הצבעה בקלפי
באר שבע,9000,266.5,639,515,80.59467918622848,אחוז הצבעה בקלפי
באר שבע,9000,274.0,501,357,71.25748502994011,אחוז הצבעה בקלפי
באר שבע,9000,276.1,612,453,74.01960784313727,אחוז הצבעה בקלפי
באר שבע,9000,276.2,612,452,73.8562091503268,אחוז הצבעה בקלפי
באר שבע,9000,276.3,612,451,73.69281045751634,אחוז הצבעה בקלפי
באר שבע,9000,276.4,612,476,77.77777777777779,אחוז הצבעה בקלפי
באר שבע,9000,276.5,612,433,70.75163398692811,אחוז הצבעה בקלפי
באר שבע,9000,276.6,612,437,71.40522875816994,אחוז הצבעה בקלפי
באר שבע,9000,277.0,593,376,63.40640809443507,אחוז הצבעה בקלפי
באר שבע,9000,280.0,536,383,71.45522388059702,אחוז הצבעה בקלפי
באר שבע,9000,282.0,559,404,72.27191413237925,אחוז הצבעה בקלפי
באר שבע,9000,284.1,646,466,72.13622291021672,אחוז הצבעה בקלפי
באר שבע,9000,284.2,646,475,73.52941176470588,אחוז הצבעה בקלפי
באר שבע,9000,284.3,646,506,78.328173374613,אחוז הצבעה בקלפי
באר שבע,9000,284.4,646,463,71.671826625387,אחוז הצבעה בקלפי
באר שבע,9000,284.5,646,478,73.9938080495356,אחוז הצבעה בקלפי
באר שבע,9000,302.1,689,503,73.00435413642961,אחוז הצבעה בקלפי
באר שבע,9000,302.2,689,528,76.63280116110305,אחוז הצבעה בקלפי
באר שבע,9000,302.3,689,537,77.93904208998549,אחוז הצבעה בקלפי
באר שבע,9000,302.4,689,536,77.79390420899854,אחוז הצבעה בקלפי
באר שבע,9000,302.5,688,507,73.69186046511628,אחוז הצבעה בקלפי
באר שבע,9000,304.1,477,384,80.50314465408806,אחוז הצבעה בקלפי
באר שבע,9000,304.2,477,378,79.24528301886792,אחוז הצבעה בקלפי
באר שבע,9000,304.3,475,372,78.3157894736842,אחוז הצבעה בקלפי
באר שבע,9000,305.1,618,457,73.94822006472492,אחוז הצבעה בקלפי
באר שבע,9000,305.2,618,437,70.71197411003236,אחוז הצבעה בקלפי
באר שבע,9000,305.3,618,438,70.87378640776699,אחוז הצבעה בקלפי
באר שבע,9000,305.4,618,470,76.05177993527508,אחוז הצבעה בקלפי
באר שבע,9000,305.5,618,436,70.55016181229773,אחוז הצבעה בקלפי
באר שבע,9000,305.6,618,437,70.71197411003236,אחוז הצבעה בקלפי
באר שבע,9000,305.7,614,431,70.19543973941367,אחוז הצבעה בקלפי
באר שבע,9000,7.1,645,281,43.565891472868216,אחוז הצבעה בקלפי
באר שבע,9000,7.2,645,281,43.565891472868216,אחוז הצבעה בקלפי
באר שבע,9000,7.3,645,264,40.93023255813954,אחוז הצבעה בקלפי
באר שבע,9000,7.4,643,239,37.16951788491446,אחוז הצבעה בקלפי
באר שבע,9000,10.1,560,278,49.642857142857146,אחוז הצבעה בקלפי
באר שבע,9000,10.2,560,283,50.535714285714285,אחוז הצבעה בקלפי
באר שבע,9000,10.3,558,262,46.95340501792115,אחוז הצבעה בקלפי
באר שבע,9000,18.1,556,216,38.84892086330935,אחוז הצבעה בקלפי
באר שבע,9000,18.2,556,245,44.064748201438846,אחוז הצבעה בקלפי
באר שבע,9000,18.3,556,235,42.26618705035971,אחוז הצבעה בקלפי
באר שבע,9000,33.0,649,505,77.8120184899846,אחוז הצבעה בקלפי
באר שבע,9000,34.0,434,206,47.465437788018434,אחוז הצבעה בקלפי
באר שבע,9000,35.0,556,299,53.776978417266186,אחוז הצבעה בקלפי
באר שבע,9000,36.0,593,387,65.26138279932546,אחוז הצבעה בקלפי
באר שבע,9000,37.0,607,292,48.105436573311366,אחוז הצבעה בקלפי
באר שבע,9000,38.0,613,377,61.50081566068516,אחוז הצבעה בקלפי
באר שבע,9000,39.0,531,76,14.312617702448211,אחוז הצבעה בקלפי
באר שבע,9000,40.0,643,170,26.43856920684292,אחוז הצבעה בקלפי
באר שבע,9000,42.0,602,380,63.12292358803987,אחוז הצבעה בקלפי
באר שבע,9000,44.0,544,308,56.61764705882353,אחוז הצבעה בקלפי
באר שבע,9000,45.1,513,329,64.13255360623782,אחוז הצבעה בקלפי
באר שבע,9000,45.2,513,303,59.06432748538012,אחוז הצבעה בקלפי
באר שבע,9000,45.3,512,288,56.25,אחוז הצבעה בקלפי
באר שבע,9000,46.0,464,305,65.73275862068965,אחוז הצבעה בקלפי
באר שבע,9000,47.0,385,161,41.81818181818181,אחוז הצבעה בקלפי
באר שבע,9000,53.1,634,410,64.66876971608832,אחוז הצבעה בקלפי
באר שבע,9000,53.2,634,388,61.198738170347,אחוז הצבעה בקלפי
באר שבע,9000,53.3,634,395,62.30283911671924,אחוז הצבעה בקלפי
באר שבע,9000,53.4,634,399,62.93375394321766,אחוז הצבעה בקלפי
באר שבע,9000,53.5,634,389,61.3564668769716,אחוז הצבעה בקלפי
באר שבע,9000,53.6,629,400,63.59300476947536,אחוז הצבעה בקלפי
באר שבע,9000,55.0,502,243,48.40637450199203,אחוז הצבעה בקלפי
באר שבע,9000,58.1,642,372,57.943925233644855,אחוז הצבעה בקלפי
באר שבע,9000,58.2,642,384,59.813084112149525,אחוז הצבעה בקלפי
באר שבע,9000,58.3,642,398,61.99376947040498,אחוז הצבעה בקלפי
באר שבע,9000,58.4,642,355,55.295950155763244,אחוז הצבעה בקלפי
באר שבע,9000,58.5,638,363,56.896551724137936,אחוז הצבעה בקלפי
באר שבע,9000,62.1,528,264,50.0,אחוז הצבעה בקלפי
באר שבע,9000,62.2,527,237,44.97153700189753,אחוז הצבעה בקלפי
באר שבע,9000,69.0,491,290,59.063136456211815,אחוז הצבעה בקלפי
באר שבע,9000,87.0,635,297,46.77165354330708,אחוז הצבעה בקלפי
באר שבע,9000,95.0,492,249,50.609756097560975,אחוז הצבעה בקלפי
באר שבע,9000,96.0,445,256,57.528089887640455,אחוז הצבעה בקלפי
באר שבע,9000,97.0,541,295,54.5286506469501,אחוז הצבעה בקלפי
באר שבע,9000,103.0,520,227,43.65384615384615,אחוז הצבעה בקלפי
באר שבע,9000,109.0,616,278,45.12987012987013,אחוז הצבעה בקלפי
באר שבע,9000,111.0,498,311,62.44979919678715,אחוז הצבעה בקלפי
באר שבע,9000,112.0,518,336,64.86486486486487,אחוז הצבעה בקלפי
באר שבע,9000,113.0,554,217,39.16967509025271,אחוז הצבעה בקלפי
באר שבע,9000,114.0,522,245,46.934865900383144,אחוז הצבעה בקלפי
באר שבע,9000,116.1,605,364,60.16528925619835,אחוז הצבעה בקלפי
באר שבע,9000,116.2,605,373,61.65289256198348,אחוז הצבעה בקלפי
באר שבע,9000,116.3,605,351,58.01652892561984,אחוז הצבעה בקלפי
באר שבע,9000,116.4,602,343,56.97674418604651,אחוז הצבעה בקלפי
באר שבע,9000,117.0,375,165,44.0,אחוז הצבעה בקלפי
באר שבע,9000,118.0,507,317,62.52465483234714,אחוז הצבעה בקלפי
באר שבע,9000,130.1,622,295,47.42765273311897,אחוז הצבעה בקלפי
באר שבע,9000,130.2,622,242,38.90675241157556,אחוז הצבעה בקלפי
באר שבע,9000,130.3,622,288,46.30225080385852,אחוז הצבעה בקלפי
באר שבע,9000,130.4,622,245,39.38906752411576,אחוז הצבעה בקלפי
באר שבע,9000,130.5,622,225,36.17363344051447,אחוז הצבעה בקלפי
באר שבע,9000,143.1,566,364,64.31095406360424,אחוז הצבעה בקלפי
באר שבע,9000,143.2,566,350,61.83745583038869,אחוז הצבעה בקלפי
באר שבע,9000,143.3,566,360,63.60424028268551,אחוז הצבעה בקלפי
באר שבע,9000,143.4,566,329,58.12720848056537,אחוז הצבעה בקלפי
באר שבע,9000,143.5,566,306,54.06360424028268,אחוז הצבעה בקלפי
באר שבע,9000,144.0,373,137,36.72922252010724,אחוז הצבעה בקלפי
באר שבע,9000,145.0,527,342,64.89563567362428,אחוז הצבעה בקלפי
באר שבע,9000,151.0,421,211,50.1187648456057,אחוז הצבעה בקלפי
באר שבע,9000,153.0,545,237,43.48623853211009,אחוז הצבעה בקלפי
באר שבע,9000,155.0,551,285,51.724137931034484,אחוז הצבעה בקלפי
באר שבע,9000,156.0,554,223,40.25270758122744,אחוז הצבעה בקלפי
באר שבע,9000,158.1,574,283,49.30313588850174,אחוז הצבעה בקלפי
באר שבע,9000,158.2,574,236,41.11498257839721,אחוז הצבעה בקלפי
באר שבע,9000,158.3,574,298,51.91637630662021,אחוז הצבעה בקלפי
באר שבע,9000,158.4,574,270,47.038327526132406,אחוז הצבעה בקלפי
באר שבע,9000,158.5,572,245,42.83216783216783,אחוז הצבעה בקלפי
באר שבע,9000,159.0,539,248,46.01113172541744,אחוז הצבעה בקלפי
באר שבע,9000,170.0,628,390,62.101910828025474,אחוז הצבעה בקלפי
באר שבע,9000,171.0,658,378,57.446808510638306,אחוז הצבעה בקלפי
באר שבע,9000,172.1,531,345,64.97175141242938,אחוז הצבעה בקלפי
באר שבע,9000,172.2,531,317,59.69868173258004,אחוז הצבעה בקלפי
באר שבע,9000,172.3,531,318,59.887005649717516,אחוז הצבעה בקלפי
באר שבע,9000,172.4,528,293,55.49242424242424,אחוז הצבעה בקלפי
באר שבע,9000,174.0,643,338,52.56609642301711,אחוז הצבעה בקלפי
באר שבע,9000,178.0,541,335,61.92236598890942,אחוז הצבעה בקלפי
באר שבע,9000,241.0,495,313,63.23232323232323,אחוז הצבעה בקלפי
באר שבע,9000,278.0,676,560,82.84023668639054,אחוז הצבעה בקלפי
באר שבע,9000,279.0,494,299,60.526315789473685,אחוז הצבעה בקלפי
באר שבע,9000,12.1,673,514,76.37444279346211,אחוז הצבעה בקלפי
באר שבע,9000,12.2,673,517,76.82020802377416,אחוז הצבעה בקלפי
באר שבע,9000,12.3,673,483,71.76820208023774,אחוז הצבעה בקלפי
באר שבע,9000,12.4,673,509,75.63150074294205,אחוז הצבעה בקלפי
באר שבע,9000,12.5,673,520,77.26597325408619,אחוז הצבעה בקלפי
באר שבע,9000,12.6,673,491,72.95690936106983,אחוז הצבעה בקלפי
באר שבע,9000,12.7,668,494,73.95209580838323,אחוז הצבעה בקלפי
באר שבע,9000,32.0,530,362,68.30188679245282,אחוז הצבעה בקלפי
באר שבע,9000,43.1,608,391,64.30921052631578,אחוז הצבעה בקלפי
באר שבע,9000,43.2,608,344,56.57894736842105,אחוז הצבעה בקלפי
באר שבע,9000,43.3,608,342,56.25,אחוז הצבעה בקלפי
באר שבע,9000,43.4,606,335,55.28052805280528,אחוז הצבעה בקלפי
באר שבע,9000,51.0,530,410,77.35849056603774,אחוז הצבעה בקלפי
באר שבע,9000,71.1,545,261,47.88990825688074,אחוז הצבעה בקלפי
באר שבע,9000,71.2,545,285,52.293577981651374,אחוז הצבעה בקלפי
באר שבע,9000,71.3,545,256,46.972477064220186,אחוז הצבעה בקלפי
באר שבע,9000,71.4,542,228,42.066420664206646,אחוז הצבעה בקלפי
באר שבע,9000,81.1,638,293,45.924764890282134,אחוז הצבעה בקלפי
באר שבע,9000,81.2,638,315,49.3730407523511,אחוז הצבעה בקלפי
באר שבע,9000,81.3,638,329,51.56739811912225,אחוז הצבעה בקלפי
באר שבע,9000,81.4,636,296,46.540880503144656,אחוז הצבעה בקלפי
באר שבע,9000,90.1,619,331,53.47334410339257,אחוז הצבעה בקלפי
באר שבע,9000,90.2,619,274,44.26494345718901,אחוז הצבעה בקלפי
באר שבע,9000,90.3,619,293,47.33441033925686,אחוז הצבעה בקלפי
באר שבע,9000,90.4,619,279,45.072697899838445,אחוז הצבעה בקלפי
באר שבע,9000,90.5,617,253,41.004862236628846,אחוז הצבעה בקלפי
באר שבע,9000,99.1,584,359,61.47260273972602,אחוז הצבעה בקלפי
באר שבע,9000,99.2,584,387,66.26712328767124,אחוז הצבעה בקלפי
באר שבע,9000,99.3,584,398,68.15068493150685,אחוז הצבעה בקלפי
באר שבע,9000,99.4,584,345,59.07534246575342,אחוז הצבעה בקלפי
באר שבע,9000,120.1,619,295,47.65751211631664,אחוז הצבעה בקלפי
באר שבע,9000,120.2,619,330,53.31179321486268,אחוז הצבעה בקלפי
באר שבע,9000,122.0,530,362,68.30188679245282,אחוז הצבעה בקלפי
באר שבע,9000,123.0,613,416,67.86296900489397,אחוז הצבעה בקלפי
באר שבע,9000,124.0,570,335,58.77192982456141,אחוז הצבעה בקלפי
באר שבע,9000,126.0,562,197,35.05338078291815,אחוז הצבעה בקלפי
באר שבע,9000,127.0,583,318,54.54545454545454,אחוז הצבעה בקלפי
באר שבע,9000,129.1,637,438,68.75981161695447,אחוז הצבעה בקלפי
באר שבע,9000,129.2,637,409,64.2072213500785,אחוז הצבעה בקלפי
באר שבע,9000,129.3,637,434,68.13186813186813,אחוז הצבעה בקלפי
באר שבע,9000,129.4,637,437,68.60282574568289,אחוז הצבעה בקלפי
באר שבע,9000,129.5,634,448,70.66246056782335,אחוז הצבעה בקלפי
באר שבע,9000,132.0,511,273,53.42465753424658,אחוז הצבעה בקלפי
באר שבע,9000,136.0,489,269,55.010224948875255,אחוז הצבעה בקלפי
באר שבע,9000,137.1,501,280,55.88822355289421,אחוז הצבעה בקלפי
באר שבע,9000,137.2,501,261,52.09580838323353,אחוז הצבעה בקלפי
באר שבע,9000,138.0,569,373,65.5536028119508,אחוז הצבעה בקלפי
באר שבע,9000,139.0,627,477,76.07655502392345,אחוז הצבעה בקלפי
באר שבע,9000,140.0,577,402,69.67071057192375,אחוז הצבעה בקלפי
באר שבע,9000,149.0,549,380,69.2167577413479,אחוז הצבעה בקלפי
באר שבע,9000,150.0,662,487,73.56495468277946,אחוז הצבעה בקלפי
באר שבע,9000,161.1,476,277,58.19327731092437,אחוז הצבעה בקלפי
באר שבע,9000,161.2,476,288,60.50420168067227,אחוז הצבעה בקלפי
באר שבע,9000,161.3,476,263,55.25210084033614,אחוז הצבעה בקלפי
באר שבע,9000,164.0,477,340,71.27882599580713,אחוז הצבעה בקלפי
באר שבע,9000,166.1,645,446,69.14728682170542,אחוז הצבעה בקלפי
באר שבע,9000,166.2,645,420,65.11627906976744,אחוז הצבעה בקלפי
באר שבע,9000,166.3,645,437,67.75193798449612,אחוז הצבעה בקלפי
באר שבע,9000,166.4,645,451,69.92248062015504,אחוז הצבעה בקלפי
באר שבע,9000,166.5,642,420,65.42056074766354,אחוז הצבעה בקלפי
באר שבע,9000,181.0,541,393,72.64325323475046,אחוז הצבעה בקלפי
באר שבע,9000,182.0,586,374,63.82252559726962,אחוז הצבעה בקלפי
באר שבע,9000,183.0,629,424,67.40858505564388,אחוז הצבעה בקלפי
באר שבע,9000,184.0,618,457,73.94822006472492,אחוז הצבעה בקלפי
באר שבע,9000,187.0,627,423,67.46411483253588,אחוז הצבעה בקלפי
באר שבע,9000,190.0,632,465,73.57594936708861,אחוז הצבעה בקלפי
באר שבע,9000,196.0,480,345,71.875,אחוז הצבעה בקלפי
באר שבע,9000,197.1,686,395,57.5801749271137,אחוז הצבעה בקלפי
באר שבע,9000,197.2,686,390,56.85131195335277,אחוז הצבעה בקלפי
באר שבע,9000,197.3,686,374,54.518950437317784,אחוז הצבעה בקלפי
באר שבע,9000,197.4,686,403,58.74635568513119,אחוז הצבעה בקלפי
באר שבע,9000,197.5,682,368,53.95894428152492,אחוז הצבעה בקלפי
באר שבע,9000,198.0,485,365,75.25773195876289,אחוז הצבעה בקלפי
באר שבע,9000,232.0,692,550,79.47976878612717,אחוז הצבעה בקלפי
באר שבע,9000,235.1,589,375,63.66723259762309,אחוז הצבעה בקלפי
באר שבע,9000,235.2,589,387,65.70458404074702,אחוז הצבעה בקלפי
באר שבע,9000,235.3,589,395,67.06281833616299,אחוז הצבעה בקלפי
באר שבע,9000,235.4,589,399,67.74193548387096,אחוז הצבעה בקלפי
באר שבע,9000,235.5,586,362,61.774744027303754,אחוז הצבעה בקלפי
באר שבע,9000,238.1,689,455,66.0377358490566,אחוז הצבעה בקלפי
באר שבע,9000,238.2,689,473,68.65021770682148,אחוז הצבעה בקלפי
באר שבע,9000,238.3,689,488,70.82728592162555,אחוז הצבעה בקלפי
באר שבע,9000,238.4,688,443,64.38953488372093,אחוז הצבעה בקלפי
באר שבע,9000,244.0,611,427,69.88543371522094,אחוז הצבעה בקלפי
באר שבע,9000,246.0,585,432,73.84615384615385,אחוז הצבעה בקלפי
באר שבע,9000,247.0,566,345,60.95406360424028,אחוז הצבעה בקלפי
באר שבע,9000,248.0,681,433,63.582966226138026,אחוז הצבעה בקלפי
באר שבע,9000,254.0,648,362,55.8641975308642,אחוז הצבעה בקלפי
באר שבע,9000,256.0,504,397,78.76984126984127,אחוז הצבעה בקלפי
באר שבע,9000,270.0,559,389,69.58855098389982,אחוז הצבעה בקלפי
באר שבע,9000,271.0,649,505,77.8120184899846,אחוז הצבעה בקלפי
באר שבע,9000,272.0,687,467,67.97671033478893,אחוז הצבעה בקלפי
באר שבע,9000,273.0,610,456,74.75409836065575,אחוז הצבעה בקלפי
באר שבע,9000,275.0,505,402,79.60396039603961,אחוז הצבעה בקלפי
באר שבע,9000,291.0,661,500,75.642965204236,אחוז הצבעה בקלפי
באר שבע,9000,292.0,518,336,64.86486486486487,אחוז הצבעה בקלפי
באר שבע,9000,293.0,606,458,75.57755775577559,אחוז הצבעה בקלפי
באר שבע,9000,306.0,577,456,79.02946273830156,אחוז הצבעה בקלפי
באר שבע,9000,951.1,458,354,77.29257641921397,אחוז הצבעה בקלפי
באר שבע,9000,951.2,458,344,75.10917030567686,אחוז הצבעה בקלפי
בארות יצחק,450,1.0,384,262,68.22916666666666,אחוז הצבעה בקלפי
בארותיים,697,1.1,377,287,76.12732095490716,אחוז הצבעה בקלפי
בארותיים,697,1.2,377,298,79.04509283819628,אחוז הצבעה בקלפי
בארי,399,1.0,421,329,78.14726840855107,אחוז הצבעה בקלפי
בארי,399,2.0,438,334,76.25570776255708,אחוז הצבעה בקלפי
בוסתן הגליל,559,1.1,374,276,73.79679144385027,אחוז הצבעה בקלפי
בוסתן הגליל,559,1.2,374,287,76.7379679144385,אחוז הצבעה בקלפי
בועיינהנוגידאת,482,1.1,700,347,49.57142857142857,אחוז הצבעה בקלפי
בועיינהנוגידאת,482,1.2,699,407,58.22603719599427,אחוז הצבעה בקלפי
בועיינהנוגידאת,482,3.1,375,208,55.46666666666666,אחוז הצבעה בקלפי
בועיינהנוגידאת,482,3.2,374,212,56.68449197860963,אחוז הצבעה בקלפי
בועיינהנוגידאת,482,5.1,382,213,55.75916230366492,אחוז הצבעה בקלפי
בועיינהנוגידאת,482,5.2,382,209,54.712041884816756,אחוז הצבעה בקלפי
בועיינהנוגידאת,482,6.0,645,425,65.89147286821705,אחוז הצבעה בקלפי
בועיינהנוגידאת,482,7.1,694,416,59.94236311239193,אחוז הצבעה בקלפי
בועיינהנוגידאת,482,7.2,694,405,58.35734870317003,אחוז הצבעה בקלפי
בועיינהנוגידאת,482,7.3,693,354,51.082251082251084,אחוז הצבעה בקלפי
בועיינהנוגידאת,482,9.1,480,306,63.74999999999999,אחוז הצבעה בקלפי
בועיינהנוגידאת,482,9.2,480,242,50.416666666666664,אחוז הצבעה בקלפי
בועיינהנוגידאת,482,9.3,478,256,53.55648535564853,אחוז הצבעה בקלפי
בוקעאתא,4001,1.1,375,88,23.466666666666665,אחוז הצבעה בקלפי
בוקעאתא,4001,1.2,374,102,27.27272727272727,אחוז הצבעה בקלפי
בורגתה,698,1.0,507,380,74.95069033530572,אחוז הצבעה בקלפי
בורגתה,698,2.0,328,237,72.2560975609756,אחוז הצבעה בקלפי
בחן,2043,1.0,672,501,74.55357142857143,אחוז הצבעה בקלפי
בטחה,762,1.0,629,515,81.87599364069952,אחוז הצבעה בקלפי
ביצרון,234,1.0,424,319,75.23584905660378,אחוז הצבעה בקלפי
ביצרון,234,2.0,434,334,76.95852534562212,אחוז הצבעה בקלפי
ביר אלמכסור,998,2.1,491,275,56.0081466395112,אחוז הצבעה בקלפי
ביר אלמכסור,998,2.2,491,294,59.877800407331975,אחוז הצבעה בקלפי
ביר אלמכסור,998,2.3,490,280,57.14285714285714,אחוז הצבעה בקלפי
ביר אלמכסור,998,8.1,697,427,61.26255380200861,אחוז הצבעה בקלפי
ביר אלמכסור,998,8.2,697,436,62.553802008608315,אחוז הצבעה בקלפי
ביר אלמכסור,998,8.3,697,464,66.57101865136298,אחוז הצבעה בקלפי
ביר אלמכסור,998,8.4,696,453,65.08620689655173,אחוז הצבעה בקלפי
ביר אלמכסור,998,9.1,683,399,58.41874084919473,אחוז הצבעה בקלפי
ביר אלמכסור,998,9.2,683,400,58.565153733528554,אחוז הצבעה בקלפי
ביר אלמכסור,998,9.3,683,411,60.17569546120058,אחוז הצבעה בקלפי
ביר אלמכסור,998,9.4,683,460,67.34992679355784,אחוז הצבעה בקלפי
ביר הדאג,1348,2.1,682,370,54.252199413489734,אחוז הצבעה בקלפי
ביר הדאג,1348,2.2,681,425,62.40822320117474,אחוז הצבעה בקלפי
ביריה,368,1.0,639,456,71.36150234741784,אחוז הצבעה בקלפי
בית אורן,317,1.0,358,229,63.96648044692738,אחוז הצבעה בקלפי
בית אל,3574,1.0,687,521,75.83697234352256,אחוז הצבעה בקלפי
בית אל,3574,2.1,510,398,78.03921568627452,אחוז הצבעה בקלפי
בית אל,3574,2.2,510,373,73.13725490196077,אחוז הצבעה בקלפי
בית אל,3574,2.3,510,410,80.3921568627451,אחוז הצבעה בקלפי
בית אל,3574,3.0,686,530,77.25947521865889,אחוז הצבעה בקלפי
בית אל,3574,5.0,600,472,78.66666666666666,אחוז הצבעה בקלפי
בית אלעזרי,562,1.0,530,402,75.84905660377359,אחוז הצבעה בקלפי
בית אלעזרי,562,2.0,558,416,74.55197132616487,אחוז הצבעה בקלפי
בית אלפא,95,1.1,362,255,70.44198895027624,אחוז הצבעה בקלפי
בית אלפא,95,1.2,362,263,72.65193370165746,אחוז הצבעה בקלפי
בית אריה,3652,1.0,469,307,65.45842217484008,אחוז הצבעה בקלפי
בית אריה,3652,5.1,668,492,73.65269461077844,אחוז הצבעה בקלפי
בית אריה,3652,5.2,668,477,71.40718562874252,אחוז הצבעה בקלפי
בית אריה,3652,5.3,668,469,70.20958083832335,אחוז הצבעה בקלפי
בית אריה,3652,5.4,667,462,69.26536731634184,אחוז הצבעה בקלפי
בית אריה,3652,101.1,376,278,73.93617021276596,אחוז הצבעה בקלפי
בית אריה,3652,101.2,376,274,72.87234042553192,אחוז הצבעה בקלפי
בית גן,480,3.0,629,320,50.87440381558028,אחוז הצבעה בקלפי
בית גן,480,5.0,579,285,49.22279792746114,אחוז הצבעה בקלפי
בית גן,480,6.1,686,336,48.97959183673469,אחוז הצבעה בקלפי
בית גן,480,6.2,686,388,56.559766763848394,אחוז הצבעה בקלפי
בית גן,480,8.1,506,265,52.37154150197628,אחוז הצבעה בקלפי
בית גן,480,8.2,506,253,50.0,אחוז הצבעה בקלפי
בית גן,480,8.3,505,299,59.20792079207921,אחוז הצבעה בקלפי
בית גן,480,9.1,504,260,51.587301587301596,אחוז הצבעה בקלפי
בית גן,480,9.2,504,269,53.37301587301587,אחוז הצבעה בקלפי
בית גן,480,9.3,503,268,53.28031809145129,אחוז הצבעה בקלפי
בית גן,480,10.1,510,287,56.27450980392157,אחוז הצבעה בקלפי
בית גן,480,10.2,510,289,56.666666666666664,אחוז הצבעה בקלפי
בית גן,480,10.3,508,254,50.0,אחוז הצבעה בקלפי
בית גן,480,11.1,681,355,52.12922173274597,אחוז הצבעה בקלפי
בית גן,480,11.2,681,360,52.863436123348016,אחוז הצבעה בקלפי
בית גן,480,11.3,679,379,55.81737849779087,אחוז הצבעה בקלפי
בית גוברין,619,1.0,302,227,75.16556291390728,אחוז הצבעה בקלפי
בית גמליאל,571,1.0,367,281,76.566757493188,אחוז הצבעה בקלפי
בית גמליאל,571,2.0,388,289,74.48453608247422,אחוז הצבעה בקלפי
בית דגן,466,2.1,565,415,73.45132743362832,אחוז הצבעה בקלפי
בית דגן,466,2.2,565,445,78.76106194690266,אחוז הצבעה בקלפי
בית דגן,466,2.3,565,443,78.40707964601769,אחוז הצבעה בקלפי
בית דגן,466,2.4,565,439,77.69911504424779,אחוז הצבעה בקלפי
בית דגן,466,3.0,619,463,74.79806138933765,אחוז הצבעה בקלפי
בית דגן,466,4.0,669,496,74.14050822122572,אחוז הצבעה בקלפי
בית דגן,466,6.0,683,511,74.81698389458272,אחוז הצבעה בקלפי
בית דגן,466,7.0,636,482,75.78616352201259,אחוז הצבעה בקלפי
בית דגן,466,8.0,663,498,75.1131221719457,אחוז הצבעה בקלפי
בית הגדי,723,1.0,595,491,82.52100840336134,אחוז הצבעה בקלפי
בית הלוי,373,1.0,544,416,76.47058823529412,אחוז הצבעה בקלפי
בית הלל,322,1.0,600,405,67.5,אחוז הצבעה בקלפי
בית העמק,572,1.0,539,371,68.83116883116884,אחוז הצבעה בקלפי
בית הערבה,3645,1.0,239,205,85.77405857740585,אחוז הצבעה בקלפי
בית השיטה,242,1.0,554,375,67.68953068592057,אחוז הצבעה בקלפי
בית השיטה,242,2.0,497,361,72.63581488933602,אחוז הצבעה בקלפי
בית זיד,353,1.0,108,69,63.888888888888886,אחוז הצבעה בקלפי
בית זית,710,1.0,555,400,72.07207207207207,אחוז הצבעה בקלפי
בית זית,710,2.0,571,412,72.15411558669001,אחוז הצבעה בקלפי
בית זרע,143,1.0,629,397,63.11605723370429,אחוז הצבעה בקלפי
בית חורון,3575,1.0,423,338,79.90543735224587,אחוז הצבעה בקלפי
בית חורון,3575,2.0,463,380,82.07343412526998,אחוז הצבעה בקלפי
בית חירות,877,1.0,618,462,74.75728155339806,אחוז הצבעה בקלפי
בית חלקיה,2033,1.0,484,400,82.64462809917356,אחוז הצבעה בקלפי
בית חנן,159,1.0,508,377,74.21259842519686,אחוז הצבעה בקלפי
בית חנניה,800,1.0,628,479,76.27388535031847,אחוז הצבעה בקלפי
בית חשמונאי,1050,2.1,509,387,76.03143418467585,אחוז הצבעה בקלפי
בית חשמונאי,1050,2.2,509,402,78.97838899803537,אחוז הצבעה בקלפי
בית חשמונאי,1050,2.3,507,399,78.69822485207101,אחוז הצבעה בקלפי
בית יהושע,288,1.0,494,357,72.2672064777328,אחוז הצבעה בקלפי
בית יהושע,288,2.0,299,225,75.25083612040135,אחוז הצבעה בקלפי
בית יוסף,265,1.0,369,269,72.89972899728997,אחוז הצבעה בקלפי
בית ינאי,200,1.0,308,201,65.25974025974025,אחוז הצבעה בקלפי
בית יצחקשער חפר,326,1.0,568,423,74.47183098591549,אחוז הצבעה בקלפי
בית יצחקשער חפר,326,2.0,500,370,74.0,אחוז הצבעה בקלפי
בית יצחקשער חפר,326,3.0,590,472,80.0,אחוז הצבעה בקלפי
בית לחם הגלילית,430,1.0,604,449,74.33774834437085,אחוז הצבעה בקלפי
בית מאיר,751,1.0,341,245,71.8475073313783,אחוז הצבעה בקלפי
בית נחמיה,784,1.0,647,489,75.57959814528593,אחוז הצבעה בקלפי
בית ניר,16,1.0,488,366,75.0,אחוז הצבעה בקלפי
בית נקופה,672,1.0,498,371,74.49799196787149,אחוז הצבעה בקלפי
בית עובד,202,1.0,255,186,72.94117647058823,אחוז הצבעה בקלפי
בית עוזיאל,301,1.0,479,368,76.82672233820459,אחוז הצבעה בקלפי
בית עזרא,756,1.0,362,279,77.07182320441989,אחוז הצבעה בקלפי
בית עזרא,756,2.0,471,366,77.70700636942675,אחוז הצבעה בקלפי
בית עריף,604,1.1,387,302,78.0361757105943,אחוז הצבעה בקלפי
בית עריף,604,1.2,386,306,79.27461139896373,אחוז הצבעה בקלפי
בית צבי,212,1.0,65,38,58.46153846153847,אחוז הצבעה בקלפי
בית קמה,598,1.1,376,279,74.20212765957447,אחוז הצבעה בקלפי
בית קמה,598,1.2,375,286,76.26666666666667,אחוז הצבעה בקלפי
בית קשת,365,1.0,496,342,68.95161290322581,אחוז הצבעה בקלפי
בית רבן,848,1.0,299,212,70.90301003344482,אחוז הצבעה בקלפי
בית רימון,1162,1.0,448,374,83.48214285714286,אחוז הצבעה בקלפי
בית שאן,9200,1.1,467,305,65.31049250535332,אחוז הצבעה בקלפי
בית שאן,9200,1.2,467,321,68.73661670235546,אחוז הצבעה בקלפי
בית שאן,9200,1.3,467,292,62.526766595289075,אחוז הצבעה בקלפי
בית שאן,9200,3.0,678,467,68.87905604719764,אחוז הצבעה בקלפי
בית שאן,9200,4.0,546,394,72.16117216117216,אחוז הצבעה בקלפי
בית שאן,9200,5.0,614,414,67.42671009771986,אחוז הצבעה בקלפי
בית שאן,9200,6.1,641,443,69.11076443057722,אחוז הצבעה בקלפי
בית שאן,9200,6.2,641,455,70.98283931357254,אחוז הצבעה בקלפי
בית שאן,9200,7.0,461,327,70.93275488069413,אחוז הצבעה בקלפי
בית שאן,9200,8.0,459,350,76.25272331154684,אחוז הצבעה בקלפי
בית שאן,9200,9.0,549,364,66.3023679417122,אחוז הצבעה בקלפי
בית שאן,9200,13.0,442,294,66.51583710407239,אחוז הצבעה בקלפי
בית שאן,9200,17.0,584,402,68.83561643835617,אחוז הצבעה בקלפי
בית שאן,9200,18.0,585,371,63.418803418803414,אחוז הצבעה בקלפי
בית שאן,9200,20.1,663,451,68.02413273001508,אחוז הצבעה בקלפי
בית שאן,9200,20.2,663,458,69.07993966817496,אחוז הצבעה בקלפי
בית שאן,9200,21.0,416,269,64.66346153846155,אחוז הצבעה בקלפי
בית שאן,9200,22.1,630,460,73.01587301587301,אחוז הצבעה בקלפי
בית שאן,9200,22.2,630,450,71.42857142857143,אחוז הצבעה בקלפי
בית שאן,9200,22.3,630,423,67.14285714285714,אחוז הצבעה בקלפי
בית שאן,9200,22.4,630,452,71.74603174603175,אחוז הצבעה בקלפי
בית שאן,9200,23.0,505,384,76.03960396039604,אחוז הצבעה בקלפי
בית שאן,9200,25.1,604,474,78.47682119205298,אחוז הצבעה בקלפי
בית שאן,9200,25.2,604,480,79.47019867549669,אחוז הצבעה בקלפי
בית שאן,9200,25.3,604,474,78.47682119205298,אחוז הצבעה בקלפי
בית שאן,9200,25.4,602,471,78.23920265780731,אחוז הצבעה בקלפי
בית שמש,2610,47.1,553,386,69.8010849909584,אחוז הצבעה בקלפי
בית שמש,2610,47.2,553,415,75.04520795660035,אחוז הצבעה בקלפי
בית שמש,2610,47.3,553,424,76.67269439421338,אחוז הצבעה בקלפי
בית שמש,2610,47.4,552,397,71.92028985507247,אחוז הצבעה בקלפי
בית שמש,2610,50.0,683,507,74.23133235724744,אחוז הצבעה בקלפי
בית שמש,2610,64.0,587,459,78.19420783645657,אחוז הצבעה בקלפי
בית שמש,2610,66.1,493,363,73.63083164300203,אחוז הצבעה בקלפי
בית שמש,2610,66.2,493,376,76.26774847870182,אחוז הצבעה בקלפי
בית שמש,2610,66.3,491,380,77.39307535641548,אחוז הצבעה בקלפי
בית שמש,2610,69.1,697,494,70.8751793400287,אחוז הצבעה בקלפי
בית שמש,2610,69.2,697,490,70.3012912482066,אחוז הצבעה בקלפי
בית שמש,2610,69.3,695,488,70.2158273381295,אחוז הצבעה בקלפי
בית שמש,2610,81.0,602,425,70.59800664451828,אחוז הצבעה בקלפי
בית שמש,2610,87.0,552,435,78.80434782608695,אחוז הצבעה בקלפי
בית שמש,2610,88.1,647,557,86.08964451313756,אחוז הצבעה בקלפי
בית שמש,2610,88.2,647,539,83.30757341576506,אחוז הצבעה בקלפי
בית שמש,2610,88.3,645,537,83.25581395348837,אחוז הצבעה בקלפי
בית שמש,2610,93.1,492,381,77.4390243902439,אחוז הצבעה בקלפי
בית שמש,2610,93.2,492,357,72.5609756097561,אחוז הצבעה בקלפי
בית שמש,2610,93.3,492,327,66.46341463414635,אחוז הצבעה בקלפי
בית שמש,2610,106.0,625,537,85.92,אחוז הצבעה בקלפי
בית שמש,2610,108.1,479,363,75.78288100208769,אחוז הצבעה בקלפי
בית שמש,2610,108.2,479,369,77.03549060542797,אחוז הצבעה בקלפי
בית שמש,2610,108.3,478,361,75.52301255230127,אחוז הצבעה בקלפי
בית שמש,2610,110.1,636,527,82.86163522012579,אחוז הצבעה בקלפי
בית שמש,2610,110.2,636,509,80.0314465408805,אחוז הצבעה בקלפי
בית שמש,2610,110.3,636,544,85.53459119496856,אחוז הצבעה בקלפי
בית שמש,2610,110.4,633,494,78.04107424960506,אחוז הצבעה בקלפי
בית שמש,2610,111.1,533,448,84.05253283302065,אחוז הצבעה בקלפי
בית שמש,2610,111.2,532,434,81.57894736842105,אחוז הצבעה בקלפי
בית שמש,2610,116.0,522,433,82.95019157088123,אחוז הצבעה בקלפי
בית שמש,2610,118.1,640,510,79.6875,אחוז הצבעה בקלפי
בית שמש,2610,118.2,640,508,79.375,אחוז הצבעה בקלפי
בית שמש,2610,118.3,640,469,73.28125,אחוז הצבעה בקלפי
בית שמש,2610,11.0,566,426,75.26501766784452,אחוז הצבעה בקלפי
בית שמש,2610,19.1,577,378,65.51126516464471,אחוז הצבעה בקלפי
בית שמש,2610,19.2,577,368,63.77816291161178,אחוז הצבעה בקלפי
בית שמש,2610,19.3,577,385,66.72443674176776,אחוז הצבעה בקלפי
בית שמש,2610,19.4,577,337,58.4055459272097,אחוז הצבעה בקלפי
בית שמש,2610,19.5,573,308,53.752181500872595,אחוז הצבעה בקלפי
בית שמש,2610,24.1,646,447,69.19504643962848,אחוז הצבעה בקלפי
בית שמש,2610,24.2,646,444,68.73065015479877,אחוז הצבעה בקלפי
בית שמש,2610,24.3,646,473,73.21981424148606,אחוז הצבעה בקלפי
בית שמש,2610,24.4,646,462,71.51702786377709,אחוז הצבעה בקלפי
בית שמש,2610,24.5,642,416,64.797507788162,אחוז הצבעה בקלפי
בית שמש,2610,30.0,626,480,76.6773162939297,אחוז הצבעה בקלפי
בית שמש,2610,34.0,540,322,59.62962962962963,אחוז הצבעה בקלפי
בית שמש,2610,38.1,478,372,77.82426778242679,אחוז הצבעה בקלפי
בית שמש,2610,38.2,478,352,73.64016736401673,אחוז הצבעה בקלפי
בית שמש,2610,38.3,476,357,75.0,אחוז הצבעה בקלפי
בית שמש,2610,51.0,553,433,78.30018083182641,אחוז הצבעה בקלפי
בית שמש,2610,57.0,650,477,73.38461538461539,אחוז הצבעה בקלפי
בית שמש,2610,58.1,402,226,56.21890547263681,אחוז הצבעה בקלפי
בית שמש,2610,58.2,401,270,67.33167082294264,אחוז הצבעה בקלפי
בית שמש,2610,63.0,680,483,71.02941176470588,אחוז הצבעה בקלפי
בית שמש,2610,65.0,609,446,73.23481116584564,אחוז הצבעה בקלפי
בית שמש,2610,70.0,643,349,54.27682737169518,אחוז הצבעה בקלפי
בית שמש,2610,71.0,673,180,26.74591381872214,אחוז הצבעה בקלפי
בית שמש,2610,77.0,653,115,17.611026033690656,אחוז הצבעה בקלפי
בית שמש,2610,79.0,646,471,72.91021671826626,אחוז הצבעה בקלפי
בית שמש,2610,80.1,548,413,75.36496350364963,אחוז הצבעה בקלפי
בית שמש,2610,80.2,548,427,77.91970802919708,אחוז הצבעה בקלפי
בית שמש,2610,80.3,548,412,75.18248175182481,אחוז הצבעה בקלפי
בית שמש,2610,82.0,638,166,26.01880877742947,אחוז הצבעה בקלפי
בית שמש,2610,83.0,609,393,64.5320197044335,אחוז הצבעה בקלפי
בית שמש,2610,85.0,531,300,56.49717514124294,אחוז הצבעה בקלפי
בית שמש,2610,86.1,559,131,23.43470483005367,אחוז הצבעה בקלפי
בית שמש,2610,86.2,559,136,24.329159212880143,אחוז הצבעה בקלפי
בית שמש,2610,86.3,559,116,20.75134168157424,אחוז הצבעה בקלפי
בית שמש,2610,86.4,556,87,15.647482014388489,אחוז הצבעה בקלפי
בית שמש,2610,92.0,618,426,68.93203883495146,אחוז הצבעה בקלפי
בית שמש,2610,94.1,688,502,72.96511627906976,אחוז הצבעה בקלפי
בית שמש,2610,94.2,688,481,69.91279069767442,אחוז הצבעה בקלפי
בית שמש,2610,96.0,582,411,70.61855670103093,אחוז הצבעה בקלפי
בית שמש,2610,101.0,434,353,81.33640552995391,אחוז הצבעה בקלפי
בית שמש,2610,102.1,697,317,45.48063127690101,אחוז הצבעה בקלפי
בית שמש,2610,102.2,697,386,55.38020086083214,אחוז הצבעה בקלפי
בית שמש,2610,102.3,695,291,41.8705035971223,אחוז הצבעה בקלפי
בית שמש,2610,103.1,670,266,39.701492537313435,אחוז הצבעה בקלפי
בית שמש,2610,103.2,670,329,49.1044776119403,אחוז הצבעה בקלפי
בית שמש,2610,103.3,670,330,49.25373134328358,אחוז הצבעה בקלפי
בית שמש,2610,103.4,670,321,47.91044776119403,אחוז הצבעה בקלפי
בית שמש,2610,103.5,667,274,41.07946026986507,אחוז הצבעה בקלפי
בית שמש,2610,104.0,668,545,81.58682634730539,אחוז הצבעה בקלפי
בית שמש,2610,114.1,553,411,74.32188065099457,אחוז הצבעה בקלפי
בית שמש,2610,114.2,553,443,80.10849909584087,אחוז הצבעה בקלפי
בית שמש,2610,114.3,553,413,74.68354430379746,אחוז הצבעה בקלפי
בית שמש,2610,114.4,551,399,72.41379310344827,אחוז הצבעה בקלפי
בית שמש,2610,117.0,437,358,81.92219679633868,אחוז הצבעה בקלפי
בית שמש,2610,119.0,324,279,86.11111111111111,אחוז הצבעה בקלפי
בית שמש,2610,120.0,656,409,62.34756097560976,אחוז הצבעה בקלפי
בית שמש,2610,2.0,617,367,59.48136142625607,אחוז הצבעה בקלפי
בית שמש,2610,4.0,699,424,60.65808297567954,אחוז הצבעה בקלפי
בית שמש,2610,6.1,647,416,64.2967542503864,אחוז הצבעה בקלפי
בית שמש,2610,6.2,647,410,63.3693972179289,אחוז הצבעה בקלפי
בית שמש,2610,6.3,647,407,62.90571870170015,אחוז הצבעה בקלפי
בית שמש,2610,6.4,645,382,59.224806201550386,אחוז הצבעה בקלפי
בית שמש,2610,8.1,665,424,63.75939849624061,אחוז הצבעה בקלפי
בית שמש,2610,8.2,665,416,62.55639097744361,אחוז הצבעה בקלפי
בית שמש,2610,12.1,641,379,59.12636505460218,אחוז הצבעה בקלפי
בית שמש,2610,12.2,641,405,63.18252730109204,אחוז הצבעה בקלפי
בית שמש,2610,12.3,639,367,57.43348982785602,אחוז הצבעה בקלפי
בית שמש,2610,15.0,576,398,69.09722222222221,אחוז הצבעה בקלפי
בית שמש,2610,16.1,690,506,73.33333333333333,אחוז הצבעה בקלפי
בית שמש,2610,16.2,690,498,72.17391304347827,אחוז הצבעה בקלפי
בית שמש,2610,16.3,690,501,72.60869565217392,אחוז הצבעה בקלפי
בית שמש,2610,16.4,690,434,62.89855072463768,אחוז הצבעה בקלפי
בית שמש,2610,18.0,491,275,56.0081466395112,אחוז הצבעה בקלפי
בית שמש,2610,20.0,629,437,69.47535771065183,אחוז הצבעה בקלפי
בית שמש,2610,21.0,659,406,61.60849772382397,אחוז הצבעה בקלפי
בית שמש,2610,22.0,682,445,65.24926686217009,אחוז הצבעה בקלפי
בית שמש,2610,23.0,535,356,66.54205607476635,אחוז הצבעה בקלפי
בית שמש,2610,27.0,620,443,71.45161290322581,אחוז הצבעה בקלפי
בית שמש,2610,28.0,575,395,68.69565217391305,אחוז הצבעה בקלפי
בית שמש,2610,29.0,545,314,57.61467889908257,אחוז הצבעה בקלפי
בית שמש,2610,32.0,577,394,68.2842287694974,אחוז הצבעה בקלפי
בית שמש,2610,33.0,696,497,71.4080459770115,אחוז הצבעה בקלפי
בית שמש,2610,37.1,365,259,70.95890410958904,אחוז הצבעה בקלפי
בית שמש,2610,37.2,365,248,67.94520547945206,אחוז הצבעה בקלפי
בית שמש,2610,40.0,554,358,64.62093862815884,אחוז הצבעה בקלפי
בית שמש,2610,41.0,617,425,68.88168557536467,אחוז הצבעה בקלפי
בית שמש,2610,42.0,681,403,59.1776798825257,אחוז הצבעה בקלפי
בית שמש,2610,45.0,448,278,62.05357142857143,אחוז הצבעה בקלפי
בית שמש,2610,46.0,480,333,69.375,אחוז הצבעה בקלפי
בית שמש,2610,75.1,640,438,68.4375,אחוז הצבעה בקלפי
בית שמש,2610,75.2,640,418,65.3125,אחוז הצבעה בקלפי
בית שמש,2610,91.1,472,293,62.07627118644068,אחוז הצבעה בקלפי
בית שמש,2610,91.2,472,287,60.80508474576271,אחוז הצבעה בקלפי
בית שמש,2610,91.3,470,272,57.87234042553191,אחוז הצבעה בקלפי
בית שמש,2610,107.0,598,401,67.05685618729098,אחוז הצבעה בקלפי
בית שמש,2610,950.1,488,335,68.64754098360656,אחוז הצבעה בקלפי
בית שמש,2610,950.2,488,313,64.13934426229508,אחוז הצבעה בקלפי
בית שמש,2610,950.3,486,320,65.84362139917695,אחוז הצבעה בקלפי
בית שערים,248,1.0,526,393,74.7148288973384,אחוז הצבעה בקלפי
בית שקמה,747,1.0,575,425,73.91304347826086,אחוז הצבעה בקלפי
ביתן אהרן,252,1.0,240,87,36.25,אחוז הצבעה בקלפי
ביתר עילית,3780,3.0,623,485,77.84911717495987,אחוז הצבעה בקלפי
ביתר עילית,3780,4.0,582,465,79.89690721649485,אחוז הצבעה בקלפי
ביתר עילית,3780,6.1,498,396,79.51807228915662,אחוז הצבעה בקלפי
ביתר עילית,3780,6.2,498,376,75.50200803212851,אחוז הצבעה בקלפי
ביתר עילית,3780,6.3,498,414,83.13253012048193,אחוז הצבעה בקלפי
ביתר עילית,3780,7.0,577,452,78.33622183708839,אחוז הצבעה בקלפי
ביתר עילית,3780,11.1,670,530,79.1044776119403,אחוז הצבעה בקלפי
ביתר עילית,3780,11.2,670,554,82.68656716417911,אחוז הצבעה בקלפי
ביתר עילית,3780,11.3,670,543,81.04477611940298,אחוז הצבעה בקלפי
ביתר עילית,3780,11.4,670,517,77.16417910447761,אחוז הצבעה בקלפי
ביתר עילית,3780,11.5,670,545,81.34328358208955,אחוז הצבעה בקלפי
ביתר עילית,3780,11.6,669,531,79.37219730941703,אחוז הצבעה בקלפי
ביתר עילית,3780,28.0,552,411,74.45652173913044,אחוז הצבעה בקלפי
ביתר עילית,3780,37.0,502,382,76.09561752988047,אחוז הצבעה בקלפי
ביתר עילית,3780,38.1,663,546,82.35294117647058,אחוז הצבעה בקלפי
ביתר עילית,3780,38.2,663,531,80.09049773755656,אחוז הצבעה בקלפי
ביתר עילית,3780,38.3,663,542,81.74962292609351,אחוז הצבעה בקלפי
ביתר עילית,3780,38.4,663,511,77.0739064856712,אחוז הצבעה בקלפי
ביתר עילית,3780,44.1,597,468,78.39195979899498,אחוז הצבעה בקלפי
ביתר עילית,3780,44.2,597,466,78.05695142378559,אחוז הצבעה בקלפי
ביתר עילית,3780,44.3,597,494,82.74706867671692,אחוז הצבעה בקלפי
ביתר עילית,3780,44.4,597,481,80.56951423785594,אחוז הצבעה בקלפי
ביתר עילית,3780,44.5,595,465,78.15126050420169,אחוז הצבעה בקלפי
ביתר עילית,3780,16.0,608,487,80.09868421052632,אחוז הצבעה בקלפי
ביתר עילית,3780,17.0,669,567,84.75336322869956,אחוז הצבעה בקלפי
ביתר עילית,3780,19.1,539,463,85.89981447124305,אחוז הצבעה בקלפי
ביתר עילית,3780,19.2,539,465,86.2708719851577,אחוז הצבעה בקלפי
ביתר עילית,3780,19.3,539,452,83.85899814471243,אחוז הצבעה בקלפי
ביתר עילית,3780,19.4,536,474,88.43283582089553,אחוז הצבעה בקלפי
ביתר עילית,3780,29.1,403,340,84.36724565756823,אחוז הצבעה בקלפי
ביתר עילית,3780,29.2,402,336,83.5820895522388,אחוז הצבעה בקלפי
ביתר עילית,3780,32.1,602,520,86.37873754152824,אחוז הצבעה בקלפי
ביתר עילית,3780,32.2,602,496,82.39202657807309,אחוז הצבעה בקלפי
ביתר עילית,3780,32.3,602,495,82.22591362126246,אחוז הצבעה בקלפי
ביתר עילית,3780,32.4,602,499,82.890365448505,אחוז הצבעה בקלפי
ביתר עילית,3780,32.5,602,471,78.23920265780731,אחוז הצבעה בקלפי
ביתר עילית,3780,39.1,610,491,80.49180327868852,אחוז הצבעה בקלפי
ביתר עילית,3780,39.2,610,513,84.09836065573771,אחוז הצבעה בקלפי
ביתר עילית,3780,39.3,610,500,81.9672131147541,אחוז הצבעה בקלפי
ביתר עילית,3780,39.4,607,509,83.85502471169687,אחוז הצבעה בקלפי
ביתר עילית,3780,41.0,607,489,80.56013179571664,אחוז הצבעה בקלפי
ביתר עילית,3780,43.1,695,590,84.89208633093526,אחוז הצבעה בקלפי
ביתר עילית,3780,43.2,695,583,83.88489208633094,אחוז הצבעה בקלפי
ביתר עילית,3780,43.3,695,582,83.7410071942446,אחוז הצבעה בקלפי
ביתר עילית,3780,43.4,695,584,84.02877697841727,אחוז הצבעה בקלפי
ביתר עילית,3780,43.5,693,550,79.36507936507937,אחוז הצבעה בקלפי
ביתר עילית,3780,46.1,524,433,82.63358778625954,אחוז הצבעה בקלפי
ביתר עילית,3780,46.2,524,422,80.53435114503816,אחוז הצבעה בקלפי
ביתר עילית,3780,46.3,524,431,82.25190839694656,אחוז הצבעה בקלפי
בלפוריה,94,1.0,413,321,77.72397094430993,אחוז הצבעה בקלפי
בן זכאי,760,1.0,584,491,84.07534246575342,אחוז הצבעה בקלפי
בן עמי,712,1.0,558,399,71.50537634408603,אחוז הצבעה בקלפי
בן שמן כפר נוער,1084,1.0,245,166,67.75510204081633,אחוז הצבעה בקלפי
בן שמן מושב,2013,1.0,610,467,76.55737704918033,אחוז הצבעה בקלפי
בני ברק,6100,1.1,505,311,61.584158415841586,אחוז הצבעה בקלפי
בני ברק,6100,1.2,505,336,66.53465346534654,אחוז הצבעה בקלפי
בני ברק,6100,1.3,504,314,62.301587301587304,אחוז הצבעה בקלפי
בני ברק,6100,2.1,640,454,70.9375,אחוז הצבעה בקלפי
בני ברק,6100,2.2,640,442,69.0625,אחוז הצבעה בקלפי
בני ברק,6100,2.3,640,484,75.625,אחוז הצבעה בקלפי
בני ברק,6100,2.4,640,505,78.90625,אחוז הצבעה בקלפי
בני ברק,6100,2.5,640,469,73.28125,אחוז הצבעה בקלפי
בני ברק,6100,2.6,636,479,75.31446540880503,אחוז הצבעה בקלפי
בני ברק,6100,5.1,548,442,80.65693430656934,אחוז הצבעה בקלפי
בני ברק,6100,5.2,548,451,82.2992700729927,אחוז הצבעה בקלפי
בני ברק,6100,5.3,548,435,79.37956204379562,אחוז הצבעה בקלפי
בני ברק,6100,5.4,545,451,82.75229357798165,אחוז הצבעה בקלפי
בני ברק,6100,6.0,671,521,77.64530551415797,אחוז הצבעה בקלפי
בני ברק,6100,7.0,518,367,70.84942084942085,אחוז הצבעה בקלפי
בני ברק,6100,10.0,523,448,85.65965583173997,אחוז הצבעה בקלפי
בני ברק,6100,12.0,695,588,84.60431654676259,אחוז הצבעה בקלפי
בני ברק,6100,13.0,542,460,84.87084870848709,אחוז הצבעה בקלפי
בני ברק,6100,14.0,685,573,83.64963503649635,אחוז הצבעה בקלפי
בני ברק,6100,16.0,620,457,73.70967741935483,אחוז הצבעה בקלפי
בני ברק,6100,17.1,627,467,74.48165869218501,אחוז הצבעה בקלפי
בני ברק,6100,17.2,627,449,71.61084529505582,אחוז הצבעה בקלפי
בני ברק,6100,17.3,627,439,70.01594896331738,אחוז הצבעה בקלפי
בני ברק,6100,17.4,627,437,69.6969696969697,אחוז הצבעה בקלפי
בני ברק,6100,17.5,625,419,67.04,אחוז הצבעה בקלפי
בני ברק,6100,18.0,660,417,63.18181818181819,אחוז הצבעה בקלפי
בני ברק,6100,20.0,425,278,65.41176470588236,אחוז הצבעה בקלפי
בני ברק,6100,21.0,486,286,58.8477366255144,אחוז הצבעה בקלפי
בני ברק,6100,25.0,625,453,72.48,אחוז הצבעה בקלפי
בני ברק,6100,27.0,691,441,63.8205499276411,אחוז הצבעה בקלפי
בני ברק,6100,52.0,525,410,78.0952380952381,אחוז הצבעה בקלפי
בני ברק,6100,140.0,616,529,85.87662337662337,אחוז הצבעה בקלפי
בני ברק,6100,141.0,542,373,68.81918819188192,אחוז הצבעה בקלפי
בני ברק,6100,163.1,663,576,86.87782805429865,אחוז הצבעה בקלפי
בני ברק,6100,163.2,663,568,85.67119155354449,אחוז הצבעה בקלפי
בני ברק,6100,163.3,661,565,85.47655068078669,אחוז הצבעה בקלפי
בני ברק,6100,175.0,665,502,75.48872180451129,אחוז הצבעה בקלפי
בני ברק,6100,59.1,681,541,79.44199706314244,אחוז הצבעה בקלפי
בני ברק,6100,59.2,681,570,83.70044052863436,אחוז הצבעה בקלפי
בני ברק,6100,59.3,681,569,83.55359765051395,אחוז הצבעה בקלפי
בני ברק,6100,59.4,681,521,76.5051395007342,אחוז הצבעה בקלפי
בני ברק,6100,59.5,681,544,79.88252569750367,אחוז הצבעה בקלפי
בני ברק,6100,59.6,676,517,76.4792899408284,אחוז הצבעה בקלפי
בני ברק,6100,61.1,651,500,76.80491551459293,אחוז הצבעה בקלפי
בני ברק,6100,61.2,651,508,78.03379416282642,אחוז הצבעה בקלפי
בני ברק,6100,61.3,651,493,75.72964669738863,אחוז הצבעה בקלפי
בני ברק,6100,61.4,651,495,76.036866359447,אחוז הצבעה בקלפי
בני ברק,6100,61.5,649,502,77.34976887519261,אחוז הצבעה בקלפי
בני ברק,6100,64.1,659,537,81.48710166919575,אחוז הצבעה בקלפי
בני ברק,6100,64.2,659,497,75.41729893778452,אחוז הצבעה בקלפי
בני ברק,6100,64.3,659,530,80.42488619119878,אחוז הצבעה בקלפי
בני ברק,6100,64.4,659,506,76.78300455235205,אחוז הצבעה בקלפי
בני ברק,6100,64.5,659,520,78.90743550834598,אחוז הצבעה בקלפי
בני ברק,6100,64.6,654,539,82.41590214067278,אחוז הצבעה בקלפי
בני ברק,6100,69.0,529,436,82.41965973534971,אחוז הצבעה בקלפי
בני ברק,6100,70.1,634,530,83.59621451104101,אחוז הצבעה בקלפי
בני ברק,6100,70.2,634,518,81.70347003154575,אחוז הצבעה בקלפי
בני ברק,6100,70.3,634,564,88.95899053627761,אחוז הצבעה בקלפי
בני ברק,6100,70.4,634,512,80.7570977917981,אחוז הצבעה בקלפי
בני ברק,6100,70.5,634,506,79.81072555205047,אחוז הצבעה בקלפי
בני ברק,6100,70.6,630,480,76.19047619047619,אחוז הצבעה בקלפי
בני ברק,6100,73.1,657,541,82.34398782343987,אחוז הצבעה בקלפי
בני ברק,6100,73.2,657,535,81.43074581430746,אחוז הצבעה בקלפי
בני ברק,6100,73.3,656,541,82.46951219512195,אחוז הצבעה בקלפי
בני ברק,6100,74.0,527,452,85.7685009487666,אחוז הצבעה בקלפי
בני ברק,6100,77.0,543,464,85.451197053407,אחוז הצבעה בקלפי
בני ברק,6100,124.1,695,591,85.03597122302158,אחוז הצבעה בקלפי
בני ברק,6100,124.2,694,561,80.835734870317,אחוז הצבעה בקלפי
בני ברק,6100,142.0,637,534,83.83045525902669,אחוז הצבעה בקלפי
בני ברק,6100,157.1,591,456,77.15736040609137,אחוז הצבעה בקלפי
בני ברק,6100,157.2,591,500,84.60236886632826,אחוז הצבעה בקלפי
בני ברק,6100,157.3,591,471,79.69543147208121,אחוז הצבעה בקלפי
בני ברק,6100,157.4,591,444,75.1269035532995,אחוז הצבעה בקלפי
בני ברק,6100,157.5,591,461,78.00338409475465,אחוז הצבעה בקלפי
בני ברק,6100,157.6,587,465,79.21635434412265,אחוז הצבעה בקלפי
בני ברק,6100,159.0,676,528,78.10650887573965,אחוז הצבעה בקלפי
בני ברק,6100,169.0,517,444,85.88007736943906,אחוז הצבעה בקלפי
בני ברק,6100,178.0,578,466,80.62283737024222,אחוז הצבעה בקלפי
בני ברק,6100,86.1,561,477,85.02673796791443,אחוז הצבעה בקלפי
בני ברק,6100,86.2,561,465,82.88770053475936,אחוז הצבעה בקלפי
בני ברק,6100,86.3,561,451,80.3921568627451,אחוז הצבעה בקלפי
בני ברק,6100,86.4,561,476,84.84848484848484,אחוז הצבעה בקלפי
בני ברק,6100,86.5,560,472,84.28571428571429,אחוז הצבעה בקלפי
בני ברק,6100,88.1,687,562,81.80494905385734,אחוז הצבעה בקלפי
בני ברק,6100,88.2,686,540,78.71720116618076,אחוז הצבעה בקלפי
בני ברק,6100,113.1,653,538,82.38897396630934,אחוז הצבעה בקלפי
בני ברק,6100,113.2,653,571,87.4425727411945,אחוז הצבעה בקלפי
בני ברק,6100,113.3,653,541,82.84839203675345,אחוז הצבעה בקלפי
בני ברק,6100,113.4,653,543,83.15467075038285,אחוז הצבעה בקלפי
בני ברק,6100,113.5,653,546,83.61408882082695,אחוז הצבעה בקלפי
בני ברק,6100,113.6,651,558,85.71428571428571,אחוז הצבעה בקלפי
בני ברק,6100,118.0,660,521,78.93939393939394,אחוז הצבעה בקלפי
בני ברק,6100,122.1,553,386,69.8010849909584,אחוז הצבעה בקלפי
בני ברק,6100,122.2,553,347,62.74864376130199,אחוז הצבעה בקלפי
בני ברק,6100,122.3,552,397,71.92028985507247,אחוז הצבעה בקלפי
בני ברק,6100,135.1,593,362,61.04553119730185,אחוז הצבעה בקלפי
בני ברק,6100,135.2,593,274,46.20573355817875,אחוז הצבעה בקלפי
בני ברק,6100,135.3,593,346,58.34738617200674,אחוז הצבעה בקלפי
בני ברק,6100,135.4,593,326,54.97470489038786,אחוז הצבעה בקלפי
בני ברק,6100,135.5,593,354,59.696458684654296,אחוז הצבעה בקלפי
בני ברק,6100,135.6,592,274,46.28378378378378,אחוז הצבעה בקלפי
בני ברק,6100,153.1,632,459,72.62658227848101,אחוז הצבעה בקלפי
בני ברק,6100,153.2,632,474,75.0,אחוז הצבעה בקלפי
בני ברק,6100,153.3,632,518,81.9620253164557,אחוז הצבעה בקלפי
בני ברק,6100,153.4,632,481,76.10759493670885,אחוז הצבעה בקלפי
בני ברק,6100,153.5,632,443,70.09493670886076,אחוז הצבעה בקלפי
בני ברק,6100,153.6,631,471,74.64342313787638,אחוז הצבעה בקלפי
בני ברק,6100,155.1,693,559,80.66378066378066,אחוז הצבעה בקלפי
בני ברק,6100,155.2,693,586,84.55988455988455,אחוז הצבעה בקלפי
בני ברק,6100,155.3,693,557,80.37518037518038,אחוז הצבעה בקלפי
בני ברק,6100,174.0,471,386,81.95329087048833,אחוז הצבעה בקלפי
בני ברק,6100,45.1,651,498,76.49769585253456,אחוז הצבעה בקלפי
בני ברק,6100,45.2,651,465,71.42857142857143,אחוז הצבעה בקלפי
בני ברק,6100,45.3,651,513,78.80184331797236,אחוז הצבעה בקלפי
בני ברק,6100,45.4,649,466,71.80277349768875,אחוז הצבעה בקלפי
בני ברק,6100,82.1,649,494,76.11710323574731,אחוז הצבעה בקלפי
בני ברק,6100,82.2,649,466,71.80277349768875,אחוז הצבעה בקלפי
בני ברק,6100,82.3,649,525,80.89368258859785,אחוז הצבעה בקלפי
בני ברק,6100,82.4,649,504,77.65793528505392,אחוז הצבעה בקלפי
בני ברק,6100,82.5,649,483,74.42218798151,אחוז הצבעה בקלפי
בני ברק,6100,91.1,665,395,59.3984962406015,אחוז הצבעה בקלפי
בני ברק,6100,91.2,665,410,61.65413533834586,אחוז הצבעה בקלפי
בני ברק,6100,91.3,664,421,63.403614457831324,אחוז הצבעה בקלפי
בני ברק,6100,103.1,573,446,77.83595113438045,אחוז הצבעה בקלפי
בני ברק,6100,103.2,573,454,79.23211169284468,אחוז הצבעה בקלפי
בני ברק,6100,103.3,573,446,77.83595113438045,אחוז הצבעה בקלפי
בני ברק,6100,103.4,573,438,76.43979057591623,אחוז הצבעה בקלפי
בני ברק,6100,103.5,573,449,78.35951134380453,אחוז הצבעה בקלפי
בני ברק,6100,109.1,653,528,80.85758039816233,אחוז הצבעה בקלפי
בני ברק,6100,109.2,653,514,78.71362940275651,אחוז הצבעה בקלפי
בני ברק,6100,109.3,653,504,77.18223583460949,אחוז הצבעה בקלפי
בני ברק,6100,109.4,653,524,80.24502297090352,אחוז הצבעה בקלפי
בני ברק,6100,109.5,653,510,78.1010719754977,אחוז הצבעה בקלפי
בני ברק,6100,109.6,650,520,80.0,אחוז הצבעה בקלפי
בני ברק,6100,112.1,587,448,76.32027257240205,אחוז הצבעה בקלפי
בני ברק,6100,112.2,587,421,71.7206132879046,אחוז הצבעה בקלפי
בני ברק,6100,112.3,587,461,78.53492333901193,אחוז הצבעה בקלפי
בני ברק,6100,112.4,587,445,75.809199318569,אחוז הצבעה בקלפי
בני ברק,6100,112.5,587,463,78.87563884156728,אחוז הצבעה בקלפי
בני ברק,6100,112.6,583,417,71.52658662092625,אחוז הצבעה בקלפי
בני ברק,6100,132.1,554,455,82.12996389891697,אחוז הצבעה בקלפי
בני ברק,6100,132.2,554,445,80.32490974729242,אחוז הצבעה בקלפי
בני ברק,6100,132.3,554,446,80.50541516245488,אחוז הצבעה בקלפי
בני ברק,6100,132.4,554,428,77.25631768953069,אחוז הצבעה בקלפי
בני ברק,6100,151.1,596,442,74.16107382550335,אחוז הצבעה בקלפי
בני ברק,6100,151.2,596,400,67.11409395973155,אחוז הצבעה בקלפי
בני ברק,6100,151.3,596,432,72.48322147651007,אחוז הצבעה בקלפי
בני ברק,6100,151.4,596,424,71.14093959731544,אחוז הצבעה בקלפי
בני ברק,6100,151.5,594,474,79.7979797979798,אחוז הצבעה בקלפי
בני ברק,6100,33.1,687,517,75.254730713246,אחוז הצבעה בקלפי
בני ברק,6100,33.2,687,525,76.41921397379913,אחוז הצבעה בקלפי
בני ברק,6100,33.3,687,505,73.5080058224163,אחוז הצבעה בקלפי
בני ברק,6100,33.4,687,494,71.90684133915575,אחוז הצבעה בקלפי
בני ברק,6100,33.5,684,512,74.85380116959064,אחוז הצבעה בקלפי
בני ברק,6100,36.1,697,533,76.47058823529412,אחוז הצבעה בקלפי
בני ברק,6100,36.2,697,502,72.02295552367288,אחוז הצבעה בקלפי
בני ברק,6100,36.3,697,519,74.46197991391679,אחוז הצבעה בקלפי
בני ברק,6100,36.4,695,494,71.07913669064749,אחוז הצבעה בקלפי
בני ברק,6100,37.1,620,450,72.58064516129032,אחוז הצבעה בקלפי
בני ברק,6100,37.2,620,464,74.83870967741936,אחוז הצבעה בקלפי
בני ברק,6100,37.3,620,465,75.0,אחוז הצבעה בקלפי
בני ברק,6100,37.4,620,452,72.90322580645162,אחוז הצבעה בקלפי
בני ברק,6100,37.5,618,446,72.168284789644,אחוז הצבעה בקלפי
בני ברק,6100,38.0,573,431,75.21815008726004,אחוז הצבעה בקלפי
בני ברק,6100,39.0,536,418,77.98507462686567,אחוז הצבעה בקלפי
בני ברק,6100,42.0,651,463,71.12135176651306,אחוז הצבעה בקלפי
בני ברק,6100,47.0,571,421,73.73029772329247,אחוז הצבעה בקלפי
בני ברק,6100,49.1,671,523,77.94336810730253,אחוז הצבעה בקלפי
בני ברק,6100,49.2,671,534,79.58271236959762,אחוז הצבעה בקלפי
בני ברק,6100,49.3,671,550,81.9672131147541,אחוז הצבעה בקלפי
בני ברק,6100,49.4,671,548,81.66915052160954,אחוז הצבעה בקלפי
בני ברק,6100,49.5,671,539,80.32786885245902,אחוז הצבעה בקלפי
בני ברק,6100,49.6,666,512,76.87687687687688,אחוז הצבעה בקלפי
בני ברק,6100,53.0,688,578,84.01162790697676,אחוז הצבעה בקלפי
בני ברק,6100,54.0,549,387,70.49180327868852,אחוז הצבעה בקלפי
בני ברק,6100,55.0,515,348,67.57281553398057,אחוז הצבעה בקלפי
בני ברק,6100,57.0,698,547,78.36676217765043,אחוז הצבעה בקלפי
בני ברק,6100,58.0,597,474,79.39698492462311,אחוז הצבעה בקלפי
בני ברק,6100,98.0,692,518,74.85549132947978,אחוז הצבעה בקלפי
בני ברק,6100,134.0,511,345,67.5146771037182,אחוז הצבעה בקלפי
בני ברק,6100,137.0,571,473,82.83712784588442,אחוז הצבעה בקלפי
בני ברק,6100,146.1,437,342,78.26086956521739,אחוז הצבעה בקלפי
בני ברק,6100,146.2,436,352,80.73394495412845,אחוז הצבעה בקלפי
בני ברק,6100,160.0,598,479,80.10033444816054,אחוז הצבעה בקלפי
בני ברק,6100,166.0,646,515,79.72136222910217,אחוז הצבעה בקלפי
בני ברק,6100,171.0,605,485,80.16528925619835,אחוז הצבעה בקלפי
בני ברק,6100,176.0,594,474,79.7979797979798,אחוז הצבעה בקלפי
בני דקלים,1368,1.1,367,311,84.74114441416893,אחוז הצבעה בקלפי
בני דקלים,1368,1.2,366,314,85.79234972677595,אחוז הצבעה בקלפי
בני דרום,592,1.0,550,445,80.9090909090909,אחוז הצבעה בקלפי
בני דרור,386,1.0,496,365,73.58870967741935,אחוז הצבעה בקלפי
בני דרור,386,2.0,479,154,32.150313152400834,אחוז הצבעה בקלפי
בני יהודה,4015,1.0,467,289,61.88436830835118,אחוז הצבעה בקלפי
בני יהודה,4015,2.0,468,299,63.888888888888886,אחוז הצבעה בקלפי
בני נצרים,1363,1.0,368,308,83.69565217391305,אחוז הצבעה בקלפי
בני עטרות,448,1.0,603,485,80.43117744610282,אחוז הצבעה בקלפי
בני עיש,1066,1.1,376,282,75.0,אחוז הצבעה בקלפי
בני עיש,1066,1.2,376,285,75.79787234042553,אחוז הצבעה בקלפי
בני עיש,1066,2.0,614,468,76.2214983713355,אחוז הצבעה בקלפי
בני עיש,1066,3.0,537,306,56.98324022346368,אחוז הצבעה בקלפי
בני עיש,1066,4.0,611,363,59.41080196399346,אחוז הצבעה בקלפי
בני עיש,1066,5.0,519,322,62.042389210019266,אחוז הצבעה בקלפי
בני עיש,1066,6.0,533,301,56.47279549718574,אחוז הצבעה בקלפי
בני עיש,1066,7.0,407,232,57.00245700245701,אחוז הצבעה בקלפי
בני עיש,1066,8.0,557,355,63.73429084380611,אחוז הצבעה בקלפי
בני עיש,1066,9.0,535,212,39.626168224299064,אחוז הצבעה בקלפי
בני עיש,1066,10.0,630,441,70.0,אחוז הצבעה בקלפי
בני ציון,418,1.0,443,319,72.00902934537245,אחוז הצבעה בקלפי
בני ציון,418,2.0,413,299,72.39709443099274,אחוז הצבעה בקלפי
בני ראם,588,1.0,500,383,76.6,אחוז הצבעה בקלפי
בני ראם,588,2.0,427,340,79.62529274004683,אחוז הצבעה בקלפי
בניה,685,1.0,616,486,78.8961038961039,אחוז הצבעה בקלפי
בנימינהגבעת עדה,9800,1.1,531,370,69.6798493408663,אחוז הצבעה בקלפי
בנימינהגבעת עדה,9800,1.2,531,373,70.24482109227873,אחוז הצבעה בקלפי
בנימינהגבעת עדה,9800,1.3,531,389,73.25800376647834,אחוז הצבעה בקלפי
בנימינהגבעת עדה,9800,1.4,528,392,74.24242424242425,אחוז הצבעה בקלפי
בנימינהגבעת עדה,9800,2.1,602,444,73.75415282392026,אחוז הצבעה בקלפי
בנימינהגבעת עדה,9800,2.2,602,440,73.08970099667775,אחוז הצבעה בקלפי
בנימינהגבעת עדה,9800,2.3,602,433,71.92691029900332,אחוז הצבעה בקלפי
בנימינהגבעת עדה,9800,2.4,602,452,75.08305647840533,אחוז הצבעה בקלפי
בנימינהגבעת עדה,9800,2.5,602,437,72.59136212624585,אחוז הצבעה בקלפי
בנימינהגבעת עדה,9800,2.6,602,434,72.09302325581395,אחוז הצבעה בקלפי
בנימינהגבעת עדה,9800,2.7,599,429,71.61936560934892,אחוז הצבעה בקלפי
בנימינהגבעת עדה,9800,3.1,485,341,70.30927835051546,אחוז הצבעה בקלפי
בנימינהגבעת עדה,9800,3.2,485,338,69.69072164948453,אחוז הצבעה בקלפי
בנימינהגבעת עדה,9800,3.3,485,338,69.69072164948453,אחוז הצבעה בקלפי
בנימינהגבעת עדה,9800,101.0,676,482,71.30177514792899,אחוז הצבעה בקלפי
בנימינהגבעת עדה,9800,102.0,540,408,75.55555555555556,אחוז הצבעה בקלפי
בנימינהגבעת עדה,9800,103.0,676,470,69.5266272189349,אחוז הצבעה בקלפי
בנימינהגבעת עדה,9800,104.0,595,451,75.7983193277311,אחוז הצבעה בקלפי
בנימינהגבעת עדה,9800,105.0,615,439,71.38211382113822,אחוז הצבעה בקלפי
בסמה,1326,1.0,637,320,50.23547880690737,אחוז הצבעה בקלפי
בסמה,1326,8.1,653,336,51.454823889739664,אחוז הצבעה בקלפי
בסמה,1326,8.2,653,239,36.60030627871363,אחוז הצבעה בקלפי
בסמה,1326,11.1,664,296,44.57831325301205,אחוז הצבעה בקלפי
בסמה,1326,11.2,664,320,48.19277108433735,אחוז הצבעה בקלפי
בסמה,1326,11.3,664,304,45.78313253012048,אחוז הצבעה בקלפי
בסמה,1326,11.4,663,288,43.43891402714932,אחוז הצבעה בקלפי
בסמה,1326,4.0,698,332,47.56446991404012,אחוז הצבעה בקלפי
בסמה,1326,7.0,637,326,51.177394034536896,אחוז הצבעה בקלפי
בסמה,1326,10.1,657,286,43.531202435312025,אחוז הצבעה בקלפי
בסמה,1326,10.2,657,262,39.87823439878234,אחוז הצבעה בקלפי
בסמת טבעון,944,1.1,468,205,43.8034188034188,אחוז הצבעה בקלפי
בסמת טבעון,944,1.2,468,221,47.22222222222222,אחוז הצבעה בקלפי
בסמת טבעון,944,1.3,466,190,40.772532188841204,אחוז הצבעה בקלפי
בסמת טבעון,944,3.1,473,203,42.917547568710354,אחוז הצבעה בקלפי
בסמת טבעון,944,3.2,473,210,44.397463002114165,אחוז הצבעה בקלפי
בסמת טבעון,944,3.3,473,212,44.82029598308668,אחוז הצבעה בקלפי
בסמת טבעון,944,6.1,697,282,40.45911047345768,אחוז הצבעה בקלפי
בסמת טבעון,944,6.2,697,329,47.20229555236729,אחוז הצבעה בקלפי
בסמת טבעון,944,8.1,477,200,41.92872117400419,אחוז הצבעה בקלפי
בסמת טבעון,944,8.2,477,187,39.20335429769392,אחוז הצבעה בקלפי
בסמת טבעון,944,8.3,477,190,39.83228511530398,אחוז הצבעה בקלפי
בענה,483,1.1,385,209,54.285714285714285,אחוז הצבעה בקלפי
בענה,483,1.2,384,241,62.760416666666664,אחוז הצבעה בקלפי
בענה,483,2.1,376,240,63.829787234042556,אחוז הצבעה בקלפי
בענה,483,2.2,376,280,74.46808510638297,אחוז הצבעה בקלפי
בענה,483,3.1,374,275,73.52941176470588,אחוז הצבעה בקלפי
בענה,483,3.2,373,235,63.00268096514745,אחוז הצבעה בקלפי
בענה,483,4.1,374,266,71.12299465240642,אחוז הצבעה בקלפי
בענה,483,4.2,374,198,52.94117647058824,אחוז הצבעה בקלפי
בענה,483,6.1,383,249,65.0130548302872,אחוז הצבעה בקלפי
בענה,483,6.2,383,263,68.66840731070496,אחוז הצבעה בקלפי
בענה,483,7.1,391,218,55.754475703324815,אחוז הצבעה בקלפי
בענה,483,7.2,390,210,53.84615384615385,אחוז הצבעה בקלפי
בענה,483,8.1,481,249,51.767151767151766,אחוז הצבעה בקלפי
בענה,483,8.2,481,307,63.82536382536382,אחוז הצבעה בקלפי
בענה,483,8.3,479,353,73.69519832985387,אחוז הצבעה בקלפי
בצרה,389,1.0,343,244,71.13702623906705,אחוז הצבעה בקלפי
בצרה,389,2.0,470,360,76.59574468085107,אחוז הצבעה בקלפי
בצת,589,1.0,378,297,78.57142857142857,אחוז הצבעה בקלפי
בקוע,864,1.0,571,476,83.36252189141857,אחוז הצבעה בקלפי
בקעות,3612,1.0,145,104,71.72413793103448,אחוז הצבעה בקלפי
בר גיורא,823,1.0,431,332,77.03016241299304,אחוז הצבעה בקלפי
בר יוחאי,1191,1.1,356,229,64.32584269662921,אחוז הצבעה בקלפי
בר יוחאי,1191,1.2,356,245,68.82022471910112,אחוז הצבעה בקלפי
ברוכין,3744,1.0,473,379,80.12684989429175,אחוז הצבעה בקלפי
ברוכין,3744,2.0,453,393,86.75496688741721,אחוז הצבעה בקלפי
ברור חיל,428,1.1,391,257,65.72890025575447,אחוז הצבעה בקלפי
ברור חיל,428,1.2,390,258,66.15384615384615,אחוז הצבעה בקלפי
ברוש,2060,1.0,375,286,76.26666666666667,אחוז הצבעה בקלפי
ברכה,3710,1.1,664,557,83.8855421686747,אחוז הצבעה בקלפי
ברכה,3710,1.2,663,574,86.57616892911011,אחוז הצבעה בקלפי
ברכיה,746,1.0,338,295,87.27810650887574,אחוז הצבעה בקלפי
ברכיה,746,2.0,455,399,87.6923076923077,אחוז הצבעה בקלפי
ברעם,667,1.0,547,369,67.45886654478977,אחוז הצבעה בקלפי
ברק,141,1.0,297,220,74.07407407407408,אחוז הצבעה בקלפי
ברקאי,617,1.0,535,336,62.80373831775701,אחוז הצבעה בקלפי
ברקן,3654,1.1,504,352,69.84126984126983,אחוז הצבעה בקלפי
ברקן,3654,1.2,504,366,72.61904761904762,אחוז הצבעה בקלפי
ברקן,3654,1.3,503,340,67.59443339960238,אחוז הצבעה בקלפי
ברקת,2038,2.1,603,511,84.74295190713102,אחוז הצבעה בקלפי
ברקת,2038,2.2,602,501,83.22259136212624,אחוז הצבעה בקלפי
בת הדר,1323,1.0,511,407,79.6477495107632,אחוז הצבעה בקלפי
בת חן,1361,1.0,395,234,59.24050632911393,אחוז הצבעה בקלפי
בת חפר,1319,5.1,599,424,70.78464106844741,אחוז הצבעה בקלפי
בת חפר,1319,5.2,599,425,70.95158597662771,אחוז הצבעה בקלפי
בת חפר,1319,5.3,599,422,70.4507512520868,אחוז הצבעה בקלפי
בת חפר,1319,5.4,599,437,72.95492487479132,אחוז הצבעה בקלפי
בת חפר,1319,5.5,599,436,72.78797996661102,אחוז הצבעה בקלפי
בת חפר,1319,5.6,599,431,71.95325542570951,אחוז הצבעה בקלפי
בת חפר,1319,5.7,599,455,75.95993322203672,אחוז הצבעה בקלפי
בת ים,6200,5.0,680,308,45.294117647058826,אחוז הצבעה בקלפי
בת ים,6200,6.0,557,329,59.06642728904848,אחוז הצבעה בקלפי
בת ים,6200,7.0,677,407,60.118168389955684,אחוז הצבעה בקלפי
בת ים,6200,8.0,634,260,41.00946372239748,אחוז הצבעה בקלפי
בת ים,6200,9.0,648,385,59.413580246913575,אחוז הצבעה בקלפי
בת ים,6200,11.0,495,193,38.98989898989899,אחוז הצבעה בקלפי
בת ים,6200,12.0,476,193,40.54621848739496,אחוז הצבעה בקלפי
בת ים,6200,13.0,542,370,68.26568265682657,אחוז הצבעה בקלפי
בת ים,6200,14.0,571,284,49.73730297723292,אחוז הצבעה בקלפי
בת ים,6200,16.0,493,195,39.553752535496955,אחוז הצבעה בקלפי
בת ים,6200,17.0,567,256,45.14991181657848,אחוז הצבעה בקלפי
בת ים,6200,18.0,644,273,42.391304347826086,אחוז הצבעה בקלפי
בת ים,6200,19.0,512,239,46.6796875,אחוז הצבעה בקלפי
בת ים,6200,20.0,508,183,36.023622047244096,אחוז הצבעה בקלפי
בת ים,6200,21.0,648,265,40.89506172839506,אחוז הצבעה בקלפי
בת ים,6200,22.0,659,240,36.41881638846737,אחוז הצבעה בקלפי
בת ים,6200,23.0,654,323,49.38837920489297,אחוז הצבעה בקלפי
בת ים,6200,26.0,453,191,42.16335540838852,אחוז הצבעה בקלפי
בת ים,6200,27.0,557,194,34.8294434470377,אחוז הצבעה בקלפי
בת ים,6200,37.0,657,301,45.81430745814307,אחוז הצבעה בקלפי
בת ים,6200,38.0,605,293,48.4297520661157,אחוז הצבעה בקלפי
בת ים,6200,41.0,631,303,48.01901743264659,אחוז הצבעה בקלפי
בת ים,6200,81.0,624,279,44.71153846153847,אחוז הצבעה בקלפי
בת ים,6200,90.0,599,242,40.40066777963272,אחוז הצבעה בקלפי
בת ים,6200,106.0,675,338,50.07407407407407,אחוז הצבעה בקלפי
בת ים,6200,108.0,615,436,70.89430894308944,אחוז הצבעה בקלפי
בת ים,6200,112.0,685,174,25.401459854014597,אחוז הצבעה בקלפי
בת ים,6200,114.0,416,144,34.61538461538461,אחוז הצבעה בקלפי
בת ים,6200,115.0,549,212,38.61566484517304,אחוז הצבעה בקלפי
בת ים,6200,143.0,549,274,49.90892531876138,אחוז הצבעה בקלפי
בת ים,6200,145.0,504,282,55.952380952380956,אחוז הצבעה בקלפי
בת ים,6200,187.0,560,203,36.25,אחוז הצבעה בקלפי
בת ים,6200,192.0,462,222,48.05194805194805,אחוז הצבעה בקלפי
בת ים,6200,1.0,609,369,60.591133004926114,אחוז הצבעה בקלפי
בת ים,6200,2.0,537,279,51.955307262569825,אחוז הצבעה בקלפי
בת ים,6200,3.0,554,274,49.458483754512635,אחוז הצבעה בקלפי
בת ים,6200,4.0,568,277,48.767605633802816,אחוז הצבעה בקלפי
בת ים,6200,10.0,623,253,40.6099518459069,אחוז הצבעה בקלפי
בת ים,6200,15.0,592,268,45.27027027027027,אחוז הצבעה בקלפי
בת ים,6200,53.1,628,374,59.554140127388536,אחוז הצבעה בקלפי
בת ים,6200,53.2,628,356,56.68789808917197,אחוז הצבעה בקלפי
בת ים,6200,53.3,628,365,58.12101910828026,אחוז הצבעה בקלפי
בת ים,6200,53.4,628,354,56.36942675159236,אחוז הצבעה בקלפי
בת ים,6200,53.5,628,326,51.910828025477706,אחוז הצבעה בקלפי
בת ים,6200,53.6,623,314,50.40128410914928,אחוז הצבעה בקלפי
בת ים,6200,55.1,634,366,57.72870662460568,אחוז הצבעה בקלפי
בת ים,6200,55.2,634,349,55.047318611987386,אחוז הצבעה בקלפי
בת ים,6200,55.3,634,311,49.05362776025237,אחוז הצבעה בקלפי
בת ים,6200,55.4,634,385,60.72555205047318,אחוז הצבעה בקלפי
בת ים,6200,55.5,634,366,57.72870662460568,אחוז הצבעה בקלפי
בת ים,6200,55.6,634,357,56.30914826498423,אחוז הצבעה בקלפי
בת ים,6200,55.7,634,305,48.10725552050473,אחוז הצבעה בקלפי
בת ים,6200,55.8,629,367,58.34658187599364,אחוז הצבעה בקלפי
בת ים,6200,72.0,627,339,54.066985645933016,אחוז הצבעה בקלפי
בת ים,6200,73.0,568,240,42.25352112676056,אחוז הצבעה בקלפי
בת ים,6200,74.0,542,258,47.601476014760145,אחוז הצבעה בקלפי
בת ים,6200,75.0,486,202,41.56378600823045,אחוז הצבעה בקלפי
בת ים,6200,76.0,573,223,38.917975567190226,אחוז הצבעה בקלפי
בת ים,6200,77.0,445,218,48.98876404494382,אחוז הצבעה בקלפי
בת ים,6200,79.0,630,350,55.55555555555556,אחוז הצבעה בקלפי
בת ים,6200,80.0,537,272,50.65176908752328,אחוז הצבעה בקלפי
בת ים,6200,83.0,603,276,45.77114427860697,אחוז הצבעה בקלפי
בת ים,6200,86.0,476,231,48.529411764705884,אחוז הצבעה בקלפי
בת ים,6200,87.0,587,258,43.95229982964225,אחוז הצבעה בקלפי
בת ים,6200,88.0,594,273,45.95959595959596,אחוז הצבעה בקלפי
בת ים,6200,91.0,484,193,39.87603305785124,אחוז הצבעה בקלפי
בת ים,6200,92.0,472,195,41.313559322033896,אחוז הצבעה בקלפי
בת ים,6200,94.0,522,140,26.81992337164751,אחוז הצבעה בקלפי
בת ים,6200,103.0,542,274,50.55350553505535,אחוז הצבעה בקלפי
בת ים,6200,105.1,637,354,55.57299843014128,אחוז הצבעה בקלפי
בת ים,6200,105.2,637,322,50.54945054945055,אחוז הצבעה בקלפי
בת ים,6200,105.3,637,300,47.09576138147567,אחוז הצבעה בקלפי
בת ים,6200,105.4,637,354,55.57299843014128,אחוז הצבעה בקלפי
בת ים,6200,105.5,637,329,51.64835164835166,אחוז הצבעה בקלפי
בת ים,6200,105.6,637,304,47.72370486656201,אחוז הצבעה בקלפי
בת ים,6200,105.7,633,320,50.55292259083728,אחוז הצבעה בקלפי
בת ים,6200,188.0,521,265,50.8637236084453,אחוז הצבעה בקלפי
בת ים,6200,189.0,392,147,37.5,אחוז הצבעה בקלפי
בת ים,6200,210.0,429,200,46.620046620046615,אחוז הצבעה בקלפי
בת ים,6200,28.1,672,340,50.595238095238095,אחוז הצבעה בקלפי
בת ים,6200,28.2,672,276,41.07142857142857,אחוז הצבעה בקלפי
בת ים,6200,28.3,672,307,45.68452380952381,אחוז הצבעה בקלפי
בת ים,6200,28.4,672,269,40.029761904761905,אחוז הצבעה בקלפי
בת ים,6200,28.5,671,272,40.536512667660205,אחוז הצבעה בקלפי
בת ים,6200,34.1,693,314,45.310245310245314,אחוז הצבעה בקלפי
בת ים,6200,34.2,693,290,41.84704184704185,אחוז הצבעה בקלפי
בת ים,6200,34.3,693,329,47.474747474747474,אחוז הצבעה בקלפי
בת ים,6200,34.4,693,259,37.37373737373738,אחוז הצבעה בקלפי
בת ים,6200,34.5,693,272,39.24963924963925,אחוז הצבעה בקלפי
בת ים,6200,34.6,691,237,34.29811866859624,אחוז הצבעה בקלפי
בת ים,6200,51.1,577,313,54.24610051993067,אחוז הצבעה בקלפי
בת ים,6200,51.2,577,284,49.220103986135186,אחוז הצבעה בקלפי
בת ים,6200,51.3,577,312,54.07279029462738,אחוז הצבעה בקלפי
בת ים,6200,51.4,577,319,55.28596187175043,אחוז הצבעה בקלפי
בת ים,6200,51.5,573,279,48.69109947643979,אחוז הצבעה בקלפי
בת ים,6200,52.0,660,311,47.12121212121212,אחוז הצבעה בקלפי
בת ים,6200,57.0,494,261,52.834008097166,אחוז הצבעה בקלפי
בת ים,6200,62.0,526,260,49.42965779467681,אחוז הצבעה בקלפי
בת ים,6200,63.0,472,263,55.720338983050844,אחוז הצבעה בקלפי
בת ים,6200,102.1,650,282,43.38461538461538,אחוז הצבעה בקלפי
בת ים,6200,102.2,650,282,43.38461538461538,אחוז הצבעה בקלפי
בת ים,6200,102.3,650,257,39.53846153846154,אחוז הצבעה בקלפי
בת ים,6200,102.4,650,321,49.38461538461538,אחוז הצבעה בקלפי
בת ים,6200,102.5,650,281,43.230769230769226,אחוז הצבעה בקלפי
בת ים,6200,102.6,650,267,41.07692307692308,אחוז הצבעה בקלפי
בת ים,6200,102.7,650,258,39.69230769230769,אחוז הצבעה בקלפי
בת ים,6200,102.8,643,264,41.05754276827372,אחוז הצבעה בקלפי
בת ים,6200,128.1,608,341,56.085526315789465,אחוז הצבעה בקלפי
בת ים,6200,128.2,608,327,53.7828947368421,אחוז הצבעה בקלפי
בת ים,6200,128.3,608,318,52.30263157894737,אחוז הצבעה בקלפי
בת ים,6200,128.4,608,294,48.35526315789473,אחוז הצבעה בקלפי
בת ים,6200,128.5,605,284,46.942148760330575,אחוז הצבעה בקלפי
בת ים,6200,193.1,613,360,58.727569331158236,אחוז הצבעה בקלפי
בת ים,6200,193.2,613,331,53.996737357259384,אחוז הצבעה בקלפי
בת ים,6200,193.3,613,356,58.07504078303426,אחוז הצבעה בקלפי
בת ים,6200,193.4,613,352,57.42251223491027,אחוז הצבעה בקלפי
בת ים,6200,193.5,613,328,53.507340946166394,אחוז הצבעה בקלפי
בת ים,6200,193.6,612,307,50.16339869281046,אחוז הצבעה בקלפי
בת ים,6200,109.1,649,396,61.016949152542374,אחוז הצבעה בקלפי
בת ים,6200,109.2,649,348,53.62095531587057,אחוז הצבעה בקלפי
בת ים,6200,109.3,649,333,51.30970724191063,אחוז הצבעה בקלפי
בת ים,6200,109.4,649,351,54.08320493066255,אחוז הצבעה בקלפי
בת ים,6200,109.5,649,373,57.473035439137135,אחוז הצבעה בקלפי
בת ים,6200,109.6,649,318,48.99845916795069,אחוז הצבעה בקלפי
בת ים,6200,109.7,649,305,46.99537750385208,אחוז הצבעה בקלפי
בת ים,6200,109.8,649,337,51.92604006163328,אחוז הצבעה בקלפי
בת ים,6200,137.1,655,353,53.89312977099237,אחוז הצבעה בקלפי
בת ים,6200,137.2,655,387,59.083969465648856,אחוז הצבעה בקלפי
בת ים,6200,137.3,655,329,50.229007633587784,אחוז הצבעה בקלפי
בת ים,6200,137.4,655,332,50.68702290076336,אחוז הצבעה בקלפי
בת ים,6200,137.5,653,337,51.60796324655437,אחוז הצבעה בקלפי
בת ים,6200,164.1,555,387,69.72972972972973,אחוז הצבעה בקלפי
בת ים,6200,164.2,555,382,68.82882882882882,אחוז הצבעה בקלפי
בת ים,6200,164.3,555,395,71.17117117117117,אחוז הצבעה בקלפי
בת ים,6200,164.4,554,365,65.88447653429603,אחוז הצבעה בקלפי
בת ים,6200,165.0,402,273,67.91044776119402,אחוז הצבעה בקלפי
בת ים,6200,166.0,678,465,68.58407079646017,אחוז הצבעה בקלפי
בת ים,6200,168.0,580,324,55.86206896551724,אחוז הצבעה בקלפי
בת ים,6200,170.0,571,302,52.88966725043783,אחוז הצבעה בקלפי
בת ים,6200,173.0,689,436,63.28011611030478,אחוז הצבעה בקלפי
בת ים,6200,195.1,629,400,63.59300476947536,אחוז הצבעה בקלפי
בת ים,6200,195.2,629,374,59.45945945945946,אחוז הצבעה בקלפי
בת ים,6200,195.3,629,406,64.54689984101749,אחוז הצבעה בקלפי
בת ים,6200,195.4,629,388,61.685214626391094,אחוז הצבעה בקלפי
בת ים,6200,195.5,628,336,53.503184713375795,אחוז הצבעה בקלפי
בת ים,6200,209.0,382,266,69.63350785340315,אחוז הצבעה בקלפי
בת ים,6200,46.0,587,359,61.158432708688245,אחוז הצבעה בקלפי
בת ים,6200,47.0,635,342,53.85826771653544,אחוז הצבעה בקלפי
בת ים,6200,48.0,562,289,51.42348754448398,אחוז הצבעה בקלפי
בת ים,6200,56.0,510,270,52.94117647058824,אחוז הצבעה בקלפי
בת ים,6200,123.0,544,290,53.30882352941176,אחוז הצבעה בקלפי
בת ים,6200,132.0,511,277,54.20743639921722,אחוז הצבעה בקלפי
בת ים,6200,133.0,541,295,54.5286506469501,אחוז הצבעה בקלפי
בת ים,6200,134.0,452,235,51.991150442477874,אחוז הצבעה בקלפי
בת ים,6200,135.0,546,268,49.08424908424908,אחוז הצבעה בקלפי
בת ים,6200,136.0,545,317,58.1651376146789,אחוז הצבעה בקלפי
בת ים,6200,138.0,631,338,53.56576862123613,אחוז הצבעה בקלפי
בת ים,6200,139.0,644,378,58.69565217391305,אחוז הצבעה בקלפי
בת ים,6200,146.0,487,251,51.54004106776181,אחוז הצבעה בקלפי
בת ים,6200,147.0,595,275,46.21848739495798,אחוז הצבעה בקלפי
בת ים,6200,148.0,502,228,45.41832669322709,אחוז הצבעה בקלפי
בת ים,6200,150.1,616,333,54.05844155844156,אחוז הצבעה בקלפי
בת ים,6200,150.2,616,311,50.48701298701299,אחוז הצבעה בקלפי
בת ים,6200,150.3,616,302,49.02597402597403,אחוז הצבעה בקלפי
בת ים,6200,150.4,616,298,48.37662337662338,אחוז הצבעה בקלפי
בת ים,6200,150.5,615,293,47.642276422764226,אחוז הצבעה בקלפי
בת ים,6200,154.1,596,389,65.26845637583892,אחוז הצבעה בקלפי
בת ים,6200,154.2,596,341,57.21476510067114,אחוז הצבעה בקלפי
בת ים,6200,154.3,596,423,70.9731543624161,אחוז הצבעה בקלפי
בת ים,6200,154.4,596,402,67.4496644295302,אחוז הצבעה בקלפי
בת ים,6200,154.5,596,384,64.42953020134227,אחוז הצבעה בקלפי
בת ים,6200,161.0,604,398,65.89403973509934,אחוז הצבעה בקלפי
בת ים,6200,163.0,646,304,47.05882352941176,אחוז הצבעה בקלפי
בת ים,6200,174.0,632,331,52.37341772151899,אחוז הצבעה בקלפי
בת ים,6200,190.0,620,288,46.45161290322581,אחוז הצבעה בקלפי
בת ים,6200,196.0,393,182,46.31043256997455,אחוז הצבעה בקלפי
בת ים,6200,197.0,443,259,58.465011286681715,אחוז הצבעה בקלפי
בת ים,6200,198.0,428,234,54.67289719626168,אחוז הצבעה בקלפי
בת ים,6200,203.0,503,261,51.88866799204771,אחוז הצבעה בקלפי
בת ים,6200,206.0,604,319,52.81456953642384,אחוז הצבעה בקלפי
בת ים,6200,207.0,466,16,3.4334763948497855,אחוז הצבעה בקלפי
בת ים,6200,212.0,667,426,63.8680659670165,אחוז הצבעה בקלפי
בת ים,6200,213.0,521,290,55.66218809980806,אחוז הצבעה בקלפי
בת ים,6200,215.0,647,386,59.65996908809892,אחוז הצבעה בקלפי
בת ים,6200,950.0,563,316,56.12788632326821,אחוז הצבעה בקלפי
בת ים,6200,82.1,571,266,46.58493870402802,אחוז הצבעה בקלפי
בת ים,6200,82.2,571,290,50.78809106830122,אחוז הצבעה בקלפי
בת ים,6200,82.3,571,252,44.13309982486865,אחוז הצבעה בקלפי
בת ים,6200,82.4,568,249,43.83802816901409,אחוז הצבעה בקלפי
בת ים,6200,93.1,573,277,48.34205933682373,אחוז הצבעה בקלפי
בת ים,6200,93.2,573,284,49.56369982547993,אחוז הצבעה בקלפי
בת ים,6200,93.3,573,259,45.20069808027923,אחוז הצבעה בקלפי
בת ים,6200,95.0,471,227,48.19532908704883,אחוז הצבעה בקלפי
בת ים,6200,97.1,643,378,58.78693623639192,אחוז הצבעה בקלפי
בת ים,6200,97.2,643,312,48.52255054432349,אחוז הצבעה בקלפי
בת ים,6200,97.3,643,363,56.45412130637636,אחוז הצבעה בקלפי
בת ים,6200,97.4,643,364,56.60964230171073,אחוז הצבעה בקלפי
בת ים,6200,97.5,639,340,53.20813771517997,אחוז הצבעה בקלפי
בת ים,6200,98.0,499,298,59.719438877755515,אחוז הצבעה בקלפי
בת ים,6200,155.0,668,341,51.047904191616766,אחוז הצבעה בקלפי
בת ים,6200,156.0,551,268,48.63883847549909,אחוז הצבעה בקלפי
בת ים,6200,157.0,568,293,51.58450704225353,אחוז הצבעה בקלפי
בת ים,6200,158.0,602,206,34.21926910299003,אחוז הצבעה בקלפי
בת ים,6200,171.0,554,266,48.014440433213,אחוז הצבעה בקלפי
בת ים,6200,172.0,580,346,59.6551724137931,אחוז הצבעה בקלפי
בת ים,6200,178.1,596,316,53.02013422818792,אחוז הצבעה בקלפי
בת ים,6200,178.2,596,308,51.67785234899329,אחוז הצבעה בקלפי
בת ים,6200,178.3,596,288,48.322147651006716,אחוז הצבעה בקלפי
בת ים,6200,178.4,596,294,49.328859060402685,אחוז הצבעה בקלפי
בת ים,6200,178.5,593,274,46.20573355817875,אחוז הצבעה בקלפי
בת ים,6200,191.0,484,242,50.0,אחוז הצבעה בקלפי
בת עין,3794,1.0,495,291,58.78787878787879,אחוז הצבעה בקלפי
בת עין,3794,2.0,465,309,66.45161290322581,אחוז הצבעה בקלפי
בת שלמה,33,1.0,439,324,73.80410022779044,אחוז הצבעה בקלפי
גדיידהמכר,1292,4.1,611,311,50.90016366612111,אחוז הצבעה בקלפי
גדיידהמכר,1292,4.2,611,344,56.301145662847794,אחוז הצבעה בקלפי
גדיידהמכר,1292,4.3,611,328,53.682487725040914,אחוז הצבעה בקלפי
גדיידהמכר,1292,4.4,611,336,54.99181669394435,אחוז הצבעה בקלפי
גדיידהמכר,1292,4.5,611,332,54.337152209492636,אחוז הצבעה בקלפי
גדיידהמכר,1292,6.1,699,395,56.50929899856938,אחוז הצבעה בקלפי
גדיידהמכר,1292,6.2,699,397,56.79542203147353,אחוז הצבעה בקלפי
גדיידהמכר,1292,6.3,699,397,56.79542203147353,אחוז הצבעה בקלפי
גדיידהמכר,1292,6.4,696,315,45.258620689655174,אחוז הצבעה בקלפי
גדיידהמכר,1292,8.0,620,313,50.483870967741936,אחוז הצבעה בקלפי
גדיידהמכר,1292,9.0,615,319,51.86991869918699,אחוז הצבעה בקלפי
גדיידהמכר,1292,15.1,524,247,47.13740458015267,אחוז הצבעה בקלפי
גדיידהמכר,1292,15.2,524,260,49.61832061068702,אחוז הצבעה בקלפי
גדיידהמכר,1292,15.3,523,294,56.21414913957935,אחוז הצבעה בקלפי
גדיידהמכר,1292,16.1,551,304,55.172413793103445,אחוז הצבעה בקלפי
גדיידהמכר,1292,16.2,551,318,57.71324863883848,אחוז הצבעה בקלפי
גדיידהמכר,1292,16.3,551,341,61.88747731397459,אחוז הצבעה בקלפי
גדיידהמכר,1292,16.4,549,276,50.27322404371585,אחוז הצבעה בקלפי
גדיידהמכר,1292,17.1,619,303,48.949919224555735,אחוז הצבעה בקלפי
גדיידהמכר,1292,17.2,619,311,50.24232633279483,אחוז הצבעה בקלפי
גדיידהמכר,1292,17.3,619,361,58.319870759289174,אחוז הצבעה בקלפי
גדיידהמכר,1292,17.4,619,359,57.996768982229405,אחוז הצבעה בקלפי
גדיידהמכר,1292,17.5,618,352,56.957928802588995,אחוז הצבעה בקלפי
גדיידהמכר,1292,19.0,698,359,51.43266475644699,אחוז הצבעה בקלפי
גדיידהמכר,1292,21.0,607,310,51.07084019769358,אחוז הצבעה בקלפי
גולס,485,2.1,485,227,46.8041237113402,אחוז הצבעה בקלפי
גולס,485,2.2,485,251,51.75257731958764,אחוז הצבעה בקלפי
גולס,485,2.3,485,254,52.37113402061856,אחוז הצבעה בקלפי
גולס,485,3.0,631,373,59.11251980982567,אחוז הצבעה בקלפי
גולס,485,4.0,668,383,57.33532934131736,אחוז הצבעה בקלפי
גולס,485,6.1,510,285,55.88235294117647,אחוז הצבעה בקלפי
גולס,485,6.2,510,268,52.54901960784314,אחוז הצבעה בקלפי
גולס,485,6.3,509,308,60.51080550098232,אחוז הצבעה בקלפי
גולס,485,7.0,691,325,47.03328509406657,אחוז הצבעה בקלפי
גלגוליה,627,1.1,375,267,71.2,אחוז הצבעה בקלפי
גלגוליה,627,1.2,374,252,67.37967914438502,אחוז הצבעה בקלפי
גלגוליה,627,2.1,388,273,70.36082474226805,אחוז הצבעה בקלפי
גלגוליה,627,2.2,387,270,69.76744186046511,אחוז הצבעה בקלפי
גלגוליה,627,5.1,502,340,67.72908366533864,אחוז הצבעה בקלפי
גלגוליה,627,5.2,502,336,66.93227091633466,אחוז הצבעה בקלפי
גלגוליה,627,5.3,500,368,73.6,אחוז הצבעה בקלפי
גלגוליה,627,6.1,384,280,72.91666666666666,אחוז הצבעה בקלפי
גלגוליה,627,6.2,383,275,71.80156657963447,אחוז הצבעה בקלפי
גלגוליה,627,8.1,501,351,70.05988023952095,אחוז הצבעה בקלפי
גלגוליה,627,8.2,501,348,69.46107784431138,אחוז הצבעה בקלפי
גלגוליה,627,8.3,499,349,69.93987975951904,אחוז הצבעה בקלפי
גלגוליה,627,9.1,527,334,63.37760910815939,אחוז הצבעה בקלפי
גלגוליה,627,9.2,527,401,76.0910815939279,אחוז הצבעה בקלפי
גלגוליה,627,9.3,526,335,63.68821292775665,אחוז הצבעה בקלפי
גנאביב שבט,976,1.0,564,230,40.78014184397163,אחוז הצבעה בקלפי
גסר אזרקא,541,2.1,503,230,45.72564612326044,אחוז הצבעה בקלפי
גסר אזרקא,541,2.2,503,229,45.52683896620278,אחוז הצבעה בקלפי
גסר אזרקא,541,2.3,502,230,45.81673306772908,אחוז הצבעה בקלפי
גסר אזרקא,541,4.1,533,195,36.58536585365854,אחוז הצבעה בקלפי
גסר אזרקא,541,4.2,533,210,39.39962476547842,אחוז הצבעה בקלפי
גסר אזרקא,541,4.3,533,243,45.590994371482175,אחוז הצבעה בקלפי
גסר אזרקא,541,4.4,532,263,49.43609022556391,אחוז הצבעה בקלפי
גסר אזרקא,541,6.1,388,170,43.81443298969072,אחוז הצבעה בקלפי
גסר אזרקא,541,6.2,388,169,43.55670103092783,אחוז הצבעה בקלפי
גסר אזרקא,541,7.1,497,182,36.61971830985916,אחוז הצבעה בקלפי
גסר אזרקא,541,7.2,497,204,41.04627766599598,אחוז הצבעה בקלפי
גסר אזרקא,541,7.3,496,179,36.08870967741936,אחוז הצבעה בקלפי
גסר אזרקא,541,10.1,492,196,39.83739837398374,אחוז הצבעה בקלפי
גסר אזרקא,541,10.2,492,199,40.447154471544714,אחוז הצבעה בקלפי
גסר אזרקא,541,10.3,492,287,58.333333333333336,אחוז הצבעה בקלפי
גסר אזרקא,541,13.1,545,231,42.38532110091743,אחוז הצבעה בקלפי
גסר אזרקא,541,13.2,545,221,40.550458715596335,אחוז הצבעה בקלפי
גסר אזרקא,541,13.3,545,255,46.788990825688074,אחוז הצבעה בקלפי
גסר אזרקא,541,13.4,544,254,46.69117647058824,אחוז הצבעה בקלפי
גש גוש חלב,487,4.1,641,304,47.425897035881434,אחוז הצבעה בקלפי
גש גוש חלב,487,4.2,641,298,46.48985959438377,אחוז הצבעה בקלפי
גש גוש חלב,487,4.3,641,330,51.482059282371296,אחוז הצבעה בקלפי
גש גוש חלב,487,4.4,640,339,52.96875,אחוז הצבעה בקלפי
גת,628,1.0,644,252,39.130434782608695,אחוז הצבעה בקלפי
גת,628,3.0,629,204,32.432432432432435,אחוז הצבעה בקלפי
גת,628,5.0,611,238,38.95253682487725,אחוז הצבעה בקלפי
גת,628,6.1,663,301,45.399698340874814,אחוז הצבעה בקלפי
גת,628,6.2,663,260,39.21568627450981,אחוז הצבעה בקלפי
גת,628,6.3,663,231,34.841628959276015,אחוז הצבעה בקלפי
גת,628,6.4,662,281,42.44712990936556,אחוז הצבעה בקלפי
גת,628,7.0,691,264,38.205499276411,אחוז הצבעה בקלפי
גת,628,10.0,662,277,41.842900302114806,אחוז הצבעה בקלפי
גת,628,11.1,493,204,41.37931034482759,אחוז הצבעה בקלפי
גת,628,11.2,493,202,40.97363083164301,אחוז הצבעה בקלפי
גת,628,11.3,491,196,39.91853360488798,אחוז הצבעה בקלפי
גת,628,13.1,665,267,40.150375939849624,אחוז הצבעה בקלפי
גת,628,13.2,664,286,43.07228915662651,אחוז הצבעה בקלפי
גאולי תימן,872,1.0,252,193,76.5873015873016,אחוז הצבעה בקלפי
גאולים,379,1.1,361,268,74.23822714681441,אחוז הצבעה בקלפי
גאולים,379,1.2,360,261,72.5,אחוז הצבעה בקלפי
גאליה,853,1.1,410,284,69.26829268292683,אחוז הצבעה בקלפי
גאליה,853,1.2,410,320,78.04878048780488,אחוז הצבעה בקלפי
גבולות,352,1.0,333,194,58.25825825825825,אחוז הצבעה בקלפי
גבים,424,1.0,474,331,69.83122362869199,אחוז הצבעה בקלפי
גבע,86,1.0,514,351,68.28793774319067,אחוז הצבעה בקלפי
גבע בנימין,3763,1.0,445,343,77.07865168539327,אחוז הצבעה בקלפי
גבע בנימין,3763,4.1,615,421,68.45528455284553,אחוז הצבעה בקלפי
גבע בנימין,3763,4.2,615,447,72.6829268292683,אחוז הצבעה בקלפי
גבע בנימין,3763,4.3,615,432,70.24390243902438,אחוז הצבעה בקלפי
גבע בנימין,3763,4.4,615,451,73.33333333333333,אחוז הצבעה בקלפי
גבע בנימין,3763,4.5,613,472,76.99836867862969,אחוז הצבעה בקלפי
גבע כרמל,683,1.1,365,272,74.52054794520548,אחוז הצבעה בקלפי
גבע כרמל,683,1.2,364,278,76.37362637362637,אחוז הצבעה בקלפי
גבעולים,2014,1.0,316,261,82.59493670886076,אחוז הצבעה בקלפי
גבעון החדשה,3644,1.0,478,343,71.75732217573221,אחוז הצבעה בקלפי
גבעון החדשה,3644,2.0,480,307,63.95833333333333,אחוז הצבעה בקלפי
גבעות בר,1344,1.1,352,273,77.55681818181817,אחוז הצבעה בקלפי
גבעות בר,1344,1.2,351,279,79.48717948717949,אחוז הצבעה בקלפי
גבעת אבני,1293,1.0,515,354,68.73786407766991,אחוז הצבעה בקלפי
גבעת אבני,1293,2.0,534,377,70.59925093632958,אחוז הצבעה בקלפי
גבעת אבני,1293,3.0,674,460,68.24925816023739,אחוז הצבעה בקלפי
גבעת אלה,1288,1.1,523,361,69.02485659655831,אחוז הצבעה בקלפי
גבעת אלה,1288,1.2,523,390,74.5697896749522,אחוז הצבעה בקלפי
גבעת אלה,1288,1.3,521,386,74.08829174664108,אחוז הצבעה בקלפי
גבעת ברנר,147,3.1,641,497,77.53510140405616,אחוז הצבעה בקלפי
גבעת ברנר,147,3.2,641,471,73.4789391575663,אחוז הצבעה בקלפי
גבעת ברנר,147,3.3,641,462,72.07488299531981,אחוז הצבעה בקלפי
גבעת השלושה,870,1.0,531,412,77.5894538606403,אחוז הצבעה בקלפי
גבעת זאב,3730,1.1,602,428,71.09634551495017,אחוז הצבעה בקלפי
גבעת זאב,3730,1.2,602,469,77.90697674418605,אחוז הצבעה בקלפי
גבעת זאב,3730,1.3,602,449,74.58471760797342,אחוז הצבעה בקלפי
גבעת זאב,3730,1.4,602,437,72.59136212624585,אחוז הצבעה בקלפי
גבעת זאב,3730,1.5,599,443,73.95659432387312,אחוז הצבעה בקלפי
גבעת זאב,3730,5.0,671,494,73.6214605067064,אחוז הצבעה בקלפי
גבעת זאב,3730,6.0,584,431,73.8013698630137,אחוז הצבעה בקלפי
גבעת זאב,3730,9.0,643,468,72.78382581648522,אחוז הצבעה בקלפי
גבעת זאב,3730,11.0,639,485,75.8998435054773,אחוז הצבעה בקלפי
גבעת זאב,3730,16.1,515,438,85.04854368932038,אחוז הצבעה בקלפי
גבעת זאב,3730,16.2,515,442,85.8252427184466,אחוז הצבעה בקלפי
גבעת זאב,3730,16.3,514,442,85.99221789883269,אחוז הצבעה בקלפי
גבעת זאב,3730,17.1,610,443,72.62295081967213,אחוז הצבעה בקלפי
גבעת זאב,3730,17.2,610,474,77.70491803278688,אחוז הצבעה בקלפי
גבעת זאב,3730,18.1,651,496,76.19047619047619,אחוז הצבעה בקלפי
גבעת זאב,3730,18.2,651,490,75.26881720430107,אחוז הצבעה בקלפי
גבעת זאב,3730,18.3,651,485,74.50076804915514,אחוז הצבעה בקלפי
גבעת זאב,3730,18.4,651,498,76.49769585253456,אחוז הצבעה בקלפי
גבעת זאב,3730,18.5,647,483,74.65224111282845,אחוז הצבעה בקלפי
גבעת זאב,3730,20.1,527,445,84.44022770398482,אחוז הצבעה בקלפי
גבעת זאב,3730,20.2,527,463,87.85578747628084,אחוז הצבעה בקלפי
גבעת חן,207,1.0,285,235,82.45614035087719,אחוז הצבעה בקלפי
גבעת חיים איחוד,2018,1.0,502,359,71.51394422310757,אחוז הצבעה בקלפי
גבעת חיים איחוד,2018,2.0,502,381,75.89641434262948,אחוז הצבעה בקלפי
גבעת חיים מאוחד,173,1.0,450,323,71.77777777777777,אחוז הצבעה בקלפי
גבעת חיים מאוחד,173,2.0,467,349,74.7323340471092,אחוז הצבעה בקלפי
גבעת יואב,4021,1.0,492,354,71.95121951219512,אחוז הצבעה בקלפי
גבעת יערים,787,1.0,534,384,71.91011235955057,אחוז הצבעה בקלפי
גבעת יערים,787,2.0,382,269,70.41884816753927,אחוז הצבעה בקלפי
גבעת ישעיהו,919,1.0,506,367,72.5296442687747,אחוז הצבעה בקלפי
גבעת כח,802,1.0,640,508,79.375,אחוז הצבעה בקלפי
גבעת נילי,360,1.0,446,341,76.45739910313901,אחוז הצבעה בקלפי
גבעת עוז,703,1.0,409,255,62.34718826405869,אחוז הצבעה בקלפי
גבעת שמואל,681,1.1,567,396,69.84126984126983,אחוז הצבעה בקלפי
גבעת שמואל,681,1.2,567,405,71.42857142857143,אחוז הצבעה בקלפי
גבעת שמואל,681,1.3,567,402,70.8994708994709,אחוז הצבעה בקלפי
גבעת שמואל,681,1.4,567,401,70.72310405643739,אחוז הצבעה בקלפי
גבעת שמואל,681,1.5,564,398,70.56737588652481,אחוז הצבעה בקלפי
גבעת שמואל,681,2.1,689,460,66.76342525399129,אחוז הצבעה בקלפי
גבעת שמואל,681,2.2,689,424,61.53846153846154,אחוז הצבעה בקלפי
גבעת שמואל,681,2.3,688,394,57.26744186046512,אחוז הצבעה בקלפי
גבעת שמואל,681,3.1,600,466,77.66666666666666,אחוז הצבעה בקלפי
גבעת שמואל,681,3.2,600,455,75.83333333333333,אחוז הצבעה בקלפי
גבעת שמואל,681,4.0,672,479,71.27976190476191,אחוז הצבעה בקלפי
גבעת שמואל,681,5.0,626,400,63.897763578274756,אחוז הצבעה בקלפי
גבעת שמואל,681,6.0,589,366,62.13921901528013,אחוז הצבעה בקלפי
גבעת שמואל,681,11.1,633,505,79.77883096366509,אחוז הצבעה בקלפי
גבעת שמואל,681,11.2,633,512,80.88467614533965,אחוז הצבעה בקלפי
גבעת שמואל,681,11.3,633,523,82.62243285939968,אחוז הצבעה בקלפי
גבעת שמואל,681,11.4,633,511,80.72669826224329,אחוז הצבעה בקלפי
גבעת שמואל,681,11.5,633,509,80.41074249605056,אחוז הצבעה בקלפי
גבעת שמואל,681,11.6,633,517,81.67456556082149,אחוז הצבעה בקלפי
גבעת שמואל,681,11.7,627,508,81.0207336523126,אחוז הצבעה בקלפי
גבעת שמואל,681,26.1,586,477,81.39931740614334,אחוז הצבעה בקלפי
גבעת שמואל,681,26.2,586,458,78.15699658703072,אחוז הצבעה בקלפי
גבעת שמואל,681,26.3,586,451,76.96245733788396,אחוז הצבעה בקלפי
גבעת שמואל,681,26.4,586,477,81.39931740614334,אחוז הצבעה בקלפי
גבעת שמואל,681,26.5,586,469,80.03412969283276,אחוז הצבעה בקלפי
גבעת שמואל,681,26.6,583,466,79.93138936535163,אחוז הצבעה בקלפי
גבעת שמואל,681,28.1,604,440,72.84768211920529,אחוז הצבעה בקלפי
גבעת שמואל,681,28.2,604,477,78.97350993377484,אחוז הצבעה בקלפי
גבעת שמואל,681,28.3,604,461,76.32450331125827,אחוז הצבעה בקלפי
גבעת שמואל,681,28.4,604,474,78.47682119205298,אחוז הצבעה בקלפי
גבעת שמואל,681,28.5,604,466,77.15231788079471,אחוז הצבעה בקלפי
גבעת שמואל,681,28.6,604,465,76.98675496688742,אחוז הצבעה בקלפי
גבעת שמואל,681,28.7,603,485,80.43117744610282,אחוז הצבעה בקלפי
גבעת שפירא,1077,1.0,226,177,78.31858407079646,אחוז הצבעה בקלפי
גבעתי,793,1.0,677,523,77.25258493353027,אחוז הצבעה בקלפי
גבעתיים,6300,21.0,531,371,69.86817325800376,אחוז הצבעה בקלפי
גבעתיים,6300,24.0,673,480,71.32243684992571,אחוז הצבעה בקלפי
גבעתיים,6300,34.0,658,489,74.3161094224924,אחוז הצבעה בקלפי
גבעתיים,6300,35.0,634,474,74.76340694006309,אחוז הצבעה בקלפי
גבעתיים,6300,39.0,596,462,77.51677852348993,אחוז הצבעה בקלפי
גבעתיים,6300,41.0,657,505,76.86453576864535,אחוז הצבעה בקלפי
גבעתיים,6300,60.0,631,492,77.97147385103011,אחוז הצבעה בקלפי
גבעתיים,6300,66.1,382,237,62.04188481675392,אחוז הצבעה בקלפי
גבעתיים,6300,66.2,381,263,69.02887139107612,אחוז הצבעה בקלפי
גבעתיים,6300,68.1,368,225,61.141304347826086,אחוז הצבעה בקלפי
גבעתיים,6300,68.2,367,220,59.945504087193456,אחוז הצבעה בקלפי
גבעתיים,6300,70.1,491,332,67.61710794297352,אחוז הצבעה בקלפי
גבעתיים,6300,70.2,491,322,65.58044806517312,אחוז הצבעה בקלפי
גבעתיים,6300,70.3,489,352,71.98364008179959,אחוז הצבעה בקלפי
גבעתיים,6300,71.1,371,261,70.35040431266847,אחוז הצבעה בקלפי
גבעתיים,6300,71.2,371,258,69.54177897574124,אחוז הצבעה בקלפי
גבעתיים,6300,72.0,681,483,70.92511013215858,אחוז הצבעה בקלפי
גבעתיים,6300,73.0,576,382,66.31944444444444,אחוז הצבעה בקלפי
גבעתיים,6300,75.0,605,475,78.51239669421489,אחוז הצבעה בקלפי
גבעתיים,6300,76.0,550,367,66.72727272727272,אחוז הצבעה בקלפי
גבעתיים,6300,77.1,618,419,67.79935275080906,אחוז הצבעה בקלפי
גבעתיים,6300,77.2,618,412,66.66666666666666,אחוז הצבעה בקלפי
גבעתיים,6300,77.3,618,431,69.7411003236246,אחוז הצבעה בקלפי
גבעתיים,6300,77.4,618,430,69.57928802588997,אחוז הצבעה בקלפי
גבעתיים,6300,77.5,618,428,69.25566343042071,אחוז הצבעה בקלפי
גבעתיים,6300,77.6,614,380,61.88925081433225,אחוז הצבעה בקלפי
גבעתיים,6300,82.0,465,283,60.86021505376345,אחוז הצבעה בקלפי
גבעתיים,6300,86.0,607,410,67.54530477759472,אחוז הצבעה בקלפי
גבעתיים,6300,87.0,617,373,60.45380875202593,אחוז הצבעה בקלפי
גבעתיים,6300,88.0,574,403,70.20905923344948,אחוז הצבעה בקלפי
גבעתיים,6300,89.0,589,438,74.36332767402376,אחוז הצבעה בקלפי
גבעתיים,6300,90.0,571,418,73.20490367775831,אחוז הצבעה בקלפי
גבעתיים,6300,91.0,560,351,62.67857142857143,אחוז הצבעה בקלפי
גבעתיים,6300,92.0,555,391,70.45045045045045,אחוז הצבעה בקלפי
גבעתיים,6300,93.0,535,372,69.53271028037383,אחוז הצבעה בקלפי
גבעתיים,6300,94.0,674,525,77.89317507418397,אחוז הצבעה בקלפי
גבעתיים,6300,95.0,608,471,77.4671052631579,אחוז הצבעה בקלפי
גבעתיים,6300,97.0,535,390,72.89719626168224,אחוז הצבעה בקלפי
גבעתיים,6300,1.0,535,370,69.1588785046729,אחוז הצבעה בקלפי
גבעתיים,6300,2.1,653,457,69.98468606431854,אחוז הצבעה בקלפי
גבעתיים,6300,2.2,653,406,62.17457886676876,אחוז הצבעה בקלפי
גבעתיים,6300,4.0,661,363,54.91679273827535,אחוז הצבעה בקלפי
גבעתיים,6300,7.1,677,414,61.15214180206795,אחוז הצבעה בקלפי
גבעתיים,6300,7.2,677,427,63.07237813884786,אחוז הצבעה בקלפי
גבעתיים,6300,7.3,677,439,64.84490398818316,אחוז הצבעה בקלפי
גבעתיים,6300,7.4,677,450,66.46971935007386,אחוז הצבעה בקלפי
גבעתיים,6300,7.5,677,428,63.22008862629247,אחוז הצבעה בקלפי
גבעתיים,6300,7.6,676,425,62.8698224852071,אחוז הצבעה בקלפי
גבעתיים,6300,11.1,678,502,74.04129793510324,אחוז הצבעה בקלפי
גבעתיים,6300,11.2,678,500,73.74631268436578,אחוז הצבעה בקלפי
גבעתיים,6300,11.3,678,505,74.48377581120944,אחוז הצבעה בקלפי
גבעתיים,6300,11.4,675,499,73.92592592592592,אחוז הצבעה בקלפי
גבעתיים,6300,12.0,665,492,73.98496240601504,אחוז הצבעה בקלפי
גבעתיים,6300,23.1,665,428,64.36090225563909,אחוז הצבעה בקלפי
גבעתיים,6300,23.2,665,435,65.41353383458647,אחוז הצבעה בקלפי
גבעתיים,6300,23.3,665,404,60.75187969924812,אחוז הצבעה בקלפי
גבעתיים,6300,23.4,665,450,67.66917293233082,אחוז הצבעה בקלפי
גבעתיים,6300,23.5,665,415,62.40601503759399,אחוז הצבעה בקלפי
גבעתיים,6300,23.6,665,430,64.66165413533834,אחוז הצבעה בקלפי
גבעתיים,6300,23.7,660,437,66.21212121212122,אחוז הצבעה בקלפי
גבעתיים,6300,25.1,658,476,72.3404255319149,אחוז הצבעה בקלפי
גבעתיים,6300,25.2,658,487,74.01215805471124,אחוז הצבעה בקלפי
גבעתיים,6300,25.3,658,476,72.3404255319149,אחוז הצבעה בקלפי
גבעתיים,6300,25.4,657,498,75.79908675799086,אחוז הצבעה בקלפי
גבעתיים,6300,26.0,530,388,73.20754716981132,אחוז הצבעה בקלפי
גבעתיים,6300,27.1,381,269,70.60367454068242,אחוז הצבעה בקלפי
גבעתיים,6300,27.2,380,278,73.15789473684211,אחוז הצבעה בקלפי
גבעתיים,6300,28.0,612,407,66.50326797385621,אחוז הצבעה בקלפי
גבעתיים,6300,30.0,684,513,75.0,אחוז הצבעה בקלפי
גבעתיים,6300,33.0,576,431,74.82638888888889,אחוז הצבעה בקלפי
גבעתיים,6300,43.1,648,360,55.55555555555556,אחוז הצבעה בקלפי
גבעתיים,6300,43.2,648,400,61.72839506172839,אחוז הצבעה בקלפי
גבעתיים,6300,43.3,648,407,62.808641975308646,אחוז הצבעה בקלפי
גבעתיים,6300,43.4,646,402,62.22910216718266,אחוז הצבעה בקלפי
גבעתיים,6300,54.0,607,415,68.36902800658979,אחוז הצבעה בקלפי
גבעתיים,6300,55.0,634,411,64.82649842271293,אחוז הצבעה בקלפי
גבעתיים,6300,56.0,689,476,69.08563134978229,אחוז הצבעה בקלפי
גבעתיים,6300,57.0,682,490,71.8475073313783,אחוז הצבעה בקלפי
גבעתיים,6300,58.0,677,466,68.83308714918759,אחוז הצבעה בקלפי
גבעתיים,6300,99.1,662,519,78.3987915407855,אחוז הצבעה בקלפי
גבעתיים,6300,99.2,662,500,75.52870090634441,אחוז הצבעה בקלפי
גבעתיים,6300,99.3,660,512,77.57575757575758,אחוז הצבעה בקלפי
גברעם,342,1.0,419,337,80.42959427207637,אחוז הצבעה בקלפי
גבת,133,1.1,351,294,83.76068376068376,אחוז הצבעה בקלפי
גבת,133,1.2,351,275,78.34757834757835,אחוז הצבעה בקלפי
גדות,35,1.0,377,249,66.04774535809018,אחוז הצבעה בקלפי
גדיש,145,1.0,283,210,74.20494699646643,אחוז הצבעה בקלפי
גדעונה,442,1.0,320,231,72.1875,אחוז הצבעה בקלפי
גדרה,2550,1.0,712,492,69.10112359550563,אחוז הצבעה בקלפי
גדרה,2550,2.1,633,473,74.72353870458136,אחוז הצבעה בקלפי
גדרה,2550,2.2,633,458,72.35387045813586,אחוז הצבעה בקלפי
גדרה,2550,2.3,633,486,76.77725118483413,אחוז הצבעה בקלפי
גדרה,2550,3.0,590,459,77.79661016949152,אחוז הצבעה בקלפי
גדרה,2550,4.1,484,335,69.21487603305785,אחוז הצבעה בקלפי
גדרה,2550,4.2,484,333,68.80165289256198,אחוז הצבעה בקלפי
גדרה,2550,4.3,482,329,68.25726141078839,אחוז הצבעה בקלפי
גדרה,2550,6.1,607,432,71.16968698517299,אחוז הצבעה בקלפי
גדרה,2550,6.2,607,439,72.32289950576606,אחוז הצבעה בקלפי
גדרה,2550,6.3,607,460,75.7825370675453,אחוז הצבעה בקלפי
גדרה,2550,6.4,607,438,72.15815485996706,אחוז הצבעה בקלפי
גדרה,2550,6.5,606,443,73.10231023102311,אחוז הצבעה בקלפי
גדרה,2550,7.0,628,400,63.69426751592356,אחוז הצבעה בקלפי
גדרה,2550,13.0,624,448,71.7948717948718,אחוז הצבעה בקלפי
גדרה,2550,14.1,678,518,76.40117994100295,אחוז הצבעה בקלפי
גדרה,2550,14.2,678,488,71.976401179941,אחוז הצבעה בקלפי
גדרה,2550,14.3,678,509,75.07374631268436,אחוז הצבעה בקלפי
גדרה,2550,16.1,636,384,60.37735849056604,אחוז הצבעה בקלפי
גדרה,2550,16.2,636,406,63.83647798742138,אחוז הצבעה בקלפי
גדרה,2550,16.3,635,372,58.58267716535433,אחוז הצבעה בקלפי
גדרה,2550,18.0,541,317,58.59519408502772,אחוז הצבעה בקלפי
גדרה,2550,19.0,619,454,73.34410339256866,אחוז הצבעה בקלפי
גדרה,2550,20.0,481,386,80.24948024948026,אחוז הצבעה בקלפי
גדרה,2550,27.1,531,391,73.6346516007533,אחוז הצבעה בקלפי
גדרה,2550,27.2,531,392,73.82297551789078,אחוז הצבעה בקלפי
גדרה,2550,27.3,531,383,72.12806026365348,אחוז הצבעה בקלפי
גדרה,2550,27.4,528,409,77.46212121212122,אחוז הצבעה בקלפי
גדרה,2550,29.1,408,341,83.57843137254902,אחוז הצבעה בקלפי
גדרה,2550,29.2,408,344,84.31372549019608,אחוז הצבעה בקלפי
גדרה,2550,30.0,482,410,85.06224066390041,אחוז הצבעה בקלפי
גדרה,2550,31.1,585,449,76.75213675213676,אחוז הצבעה בקלפי
גדרה,2550,31.2,585,434,74.1880341880342,אחוז הצבעה בקלפי
גדרה,2550,31.3,585,452,77.26495726495727,אחוז הצבעה בקלפי
גונן,852,1.0,360,225,62.5,אחוז הצבעה בקלפי
גורן,755,1.0,344,266,77.32558139534885,אחוז הצבעה בקלפי
גורנות הגליל,1219,1.0,199,126,63.31658291457286,אחוז הצבעה בקלפי
גזית,457,1.0,684,469,68.56725146198829,אחוז הצבעה בקלפי
גזר,370,1.0,399,211,52.88220551378446,אחוז הצבעה בקלפי
גיאה,706,1.0,574,431,75.08710801393728,אחוז הצבעה בקלפי
גיבתון,196,1.0,276,216,78.26086956521739,אחוז הצבעה בקלפי
גיזו,1043,1.0,150,119,79.33333333333333,אחוז הצבעה בקלפי
גילון,1204,1.0,476,326,68.4873949579832,אחוז הצבעה בקלפי
גילון,1204,2.0,461,347,75.27114967462039,אחוז הצבעה בקלפי
גילת,736,1.1,560,434,77.5,אחוז הצבעה בקלפי
גילת,736,1.2,559,435,77.8175313059034,אחוז הצבעה בקלפי
גינוסר,262,1.0,557,393,70.55655296229803,אחוז הצבעה בקלפי
גיניגר,92,1.0,555,365,65.76576576576578,אחוז הצבעה בקלפי
גינתון,863,1.0,646,504,78.0185758513932,אחוז הצבעה בקלפי
גיתה,1206,1.0,222,145,65.31531531531532,אחוז הצבעה בקלפי
גיתית,3613,1.0,253,191,75.49407114624506,אחוז הצבעה בקלפי
גלאון,393,1.0,480,338,70.41666666666667,אחוז הצבעה בקלפי
גלגל,3606,1.0,158,94,59.49367088607595,אחוז הצבעה בקלפי
גליל ים,346,1.0,362,279,77.07182320441989,אחוז הצבעה בקלפי
גלעד אבן יצחק,369,1.0,368,286,77.71739130434783,אחוז הצבעה בקלפי
גמזו,745,1.0,692,544,78.61271676300578,אחוז הצבעה בקלפי
גן הדרום,1072,1.0,344,268,77.90697674418605,אחוז הצבעה בקלפי
גן השומרון,225,1.0,642,479,74.61059190031153,אחוז הצבעה בקלפי
גן חיים,239,1.0,544,433,79.59558823529412,אחוז הצבעה בקלפי
גן יאשיה,734,1.0,678,516,76.10619469026548,אחוז הצבעה בקלפי
גן יבנה,166,2.1,653,486,74.42572741194488,אחוז הצבעה בקלפי
גן יבנה,166,2.2,653,462,70.75038284839204,אחוז הצבעה בקלפי
גן יבנה,166,2.3,653,511,78.25421133231241,אחוז הצבעה בקלפי
גן יבנה,166,2.4,653,477,73.04747320061256,אחוז הצבעה בקלפי
גן יבנה,166,2.5,653,480,73.50689127105666,אחוז הצבעה בקלפי
גן יבנה,166,2.6,650,491,75.53846153846155,אחוז הצבעה בקלפי
גן יבנה,166,3.1,662,488,73.71601208459214,אחוז הצבעה בקלפי
גן יבנה,166,3.2,662,496,74.92447129909365,אחוז הצבעה בקלפי
גן יבנה,166,3.3,662,521,78.70090634441088,אחוז הצבעה בקלפי
גן יבנה,166,3.4,662,521,78.70090634441088,אחוז הצבעה בקלפי
גן יבנה,166,3.5,661,498,75.34039334341907,אחוז הצבעה בקלפי
גן יבנה,166,6.0,545,441,80.91743119266054,אחוז הצבעה בקלפי
גן יבנה,166,7.0,600,430,71.66666666666667,אחוז הצבעה בקלפי
גן יבנה,166,8.0,578,388,67.1280276816609,אחוז הצבעה בקלפי
גן יבנה,166,15.1,663,494,74.50980392156863,אחוז הצבעה בקלפי
גן יבנה,166,15.2,662,475,71.75226586102718,אחוז הצבעה בקלפי
גן יבנה,166,17.0,554,405,73.10469314079423,אחוז הצבעה בקלפי
גן יבנה,166,22.1,538,398,73.97769516728626,אחוז הצבעה בקלפי
גן יבנה,166,22.2,538,402,74.72118959107806,אחוז הצבעה בקלפי
גן יבנה,166,22.3,538,421,78.25278810408922,אחוז הצבעה בקלפי
גן יבנה,166,22.4,536,406,75.74626865671642,אחוז הצבעה בקלפי
גן יבנה,166,24.1,625,437,69.92,אחוז הצבעה בקלפי
גן יבנה,166,24.2,625,474,75.84,אחוז הצבעה בקלפי
גן יבנה,166,24.3,625,430,68.8,אחוז הצבעה בקלפי
גן יבנה,166,24.4,625,478,76.48,אחוז הצבעה בקלפי
גן יבנה,166,24.5,625,443,70.88,אחוז הצבעה בקלפי
גן יבנה,166,24.6,625,436,69.76,אחוז הצבעה בקלפי
גן יבנה,166,26.1,622,444,71.38263665594855,אחוז הצבעה בקלפי
גן נר,1274,3.1,545,373,68.44036697247707,אחוז הצבעה בקלפי
גן נר,1274,3.2,545,389,71.37614678899082,אחוז הצבעה בקלפי
גן נר,1274,3.3,545,387,71.0091743119266,אחוז הצבעה בקלפי
גן נר,1274,3.4,543,373,68.69244935543279,אחוז הצבעה בקלפי
גן שורק,311,1.0,266,197,74.06015037593986,אחוז הצבעה בקלפי
גן שלמה,144,1.0,413,321,77.72397094430993,אחוז הצבעה בקלפי
גן שמואל,72,1.0,422,314,74.40758293838863,אחוז הצבעה בקלפי
גן שמואל,72,2.0,450,352,78.22222222222223,אחוז הצבעה בקלפי
גנות,836,1.0,345,271,78.55072463768116,אחוז הצבעה בקלפי
גנות הדר,549,1.1,375,272,72.53333333333333,אחוז הצבעה בקלפי
גנות הדר,549,1.2,374,273,72.99465240641712,אחוז הצבעה בקלפי
גני הדר,1103,1.0,286,226,79.02097902097903,אחוז הצבעה בקלפי
גני טל,1371,1.0,455,379,83.2967032967033,אחוז הצבעה בקלפי
גני יוחנן,862,1.0,520,391,75.1923076923077,אחוז הצבעה בקלפי
גני מודיעין,3823,2.1,482,355,73.65145228215768,אחוז הצבעה בקלפי
גני מודיעין,3823,2.2,482,356,73.85892116182573,אחוז הצבעה בקלפי
גני מודיעין,3823,2.3,482,356,73.85892116182573,אחוז הצבעה בקלפי
גני מודיעין,3823,3.0,600,471,78.5,אחוז הצבעה בקלפי
גני עם,218,1.0,210,171,81.42857142857143,אחוז הצבעה בקלפי
גני תקווה,229,1.1,468,325,69.44444444444444,אחוז הצבעה בקלפי
גני תקווה,229,1.2,468,330,70.51282051282051,אחוז הצבעה בקלפי
גני תקווה,229,1.3,467,332,71.09207708779444,אחוז הצבעה בקלפי
גני תקווה,229,2.1,359,277,77.15877437325905,אחוז הצבעה בקלפי
גני תקווה,229,2.2,359,253,70.47353760445682,אחוז הצבעה בקלפי
גני תקווה,229,6.1,624,475,76.12179487179486,אחוז הצבעה בקלפי
גני תקווה,229,6.2,624,464,74.35897435897436,אחוז הצבעה בקלפי
גני תקווה,229,6.3,624,457,73.23717948717949,אחוז הצבעה בקלפי
גני תקווה,229,6.4,624,464,74.35897435897436,אחוז הצבעה בקלפי
גני תקווה,229,6.5,624,459,73.5576923076923,אחוז הצבעה בקלפי
גני תקווה,229,6.6,620,474,76.45161290322581,אחוז הצבעה בקלפי
גני תקווה,229,7.0,605,446,73.71900826446281,אחוז הצבעה בקלפי
גני תקווה,229,8.0,609,468,76.84729064039408,אחוז הצבעה בקלפי
גני תקווה,229,9.0,689,490,71.11756168359942,אחוז הצבעה בקלפי
גני תקווה,229,10.1,660,475,71.96969696969697,אחוז הצבעה בקלפי
גני תקווה,229,10.2,660,502,76.06060606060606,אחוז הצבעה בקלפי
גני תקווה,229,10.3,658,510,77.50759878419453,אחוז הצבעה בקלפי
גני תקווה,229,13.0,411,299,72.74939172749392,אחוז הצבעה בקלפי
גני תקווה,229,16.0,522,378,72.41379310344827,אחוז הצבעה בקלפי
גני תקווה,229,23.0,641,514,80.18720748829952,אחוז הצבעה בקלפי
גני תקווה,229,26.0,661,555,83.96369137670196,אחוז הצבעה בקלפי
גני תקווה,229,29.1,604,448,74.17218543046357,אחוז הצבעה בקלפי
גני תקווה,229,29.2,604,477,78.97350993377484,אחוז הצבעה בקלפי
גני תקווה,229,29.3,604,482,79.80132450331125,אחוז הצבעה בקלפי
גני תקווה,229,29.4,604,489,80.96026490066225,אחוז הצבעה בקלפי
גני תקווה,229,29.5,604,469,77.64900662251655,אחוז הצבעה בקלפי
גני תקווה,229,29.6,604,470,77.81456953642383,אחוז הצבעה בקלפי
גני תקווה,229,29.7,604,486,80.4635761589404,אחוז הצבעה בקלפי
גני תקווה,229,29.8,598,468,78.26086956521739,אחוז הצבעה בקלפי
געש,842,1.1,363,275,75.75757575757575,אחוז הצבעה בקלפי
געש,842,1.2,362,283,78.1767955801105,אחוז הצבעה בקלפי
געתון,463,1.0,569,393,69.06854130052724,אחוז הצבעה בקלפי
גפן,39,1.0,270,223,82.5925925925926,אחוז הצבעה בקלפי
גרופית,1129,1.0,292,166,56.849315068493155,אחוז הצבעה בקלפי
גשור,4022,1.0,239,153,64.01673640167364,אחוז הצבעה בקלפי
גשר,305,1.0,405,251,61.97530864197531,אחוז הצבעה בקלפי
גשר הזיו,574,1.1,631,402,63.70839936608558,אחוז הצבעה בקלפי
גשר הזיו,574,1.2,631,411,65.13470681458003,אחוז הצבעה בקלפי
גת קיבוץ,340,1.0,624,438,70.1923076923077,אחוז הצבעה בקלפי
גת רימון,128,1.0,192,142,73.95833333333334,אחוז הצבעה בקלפי
דאלית אלכרמל,494,2.1,529,287,54.25330812854442,אחוז הצבעה בקלפי
דאלית אלכרמל,494,2.2,529,270,51.03969754253308,אחוז הצבעה בקלפי
דאלית אלכרמל,494,2.3,529,283,53.497164461247635,אחוז הצבעה בקלפי
דאלית אלכרמל,494,2.4,527,258,48.95635673624288,אחוז הצבעה בקלפי
דאלית אלכרמל,494,3.0,661,366,55.37065052950075,אחוז הצבעה בקלפי
דאלית אלכרמל,494,4.0,644,372,57.7639751552795,אחוז הצבעה בקלפי
דאלית אלכרמל,494,5.1,472,247,52.33050847457628,אחוז הצבעה בקלפי
דאלית אלכרמל,494,5.2,472,275,58.26271186440678,אחוז הצבעה בקלפי
דאלית אלכרמל,494,5.3,472,259,54.8728813559322,אחוז הצבעה בקלפי
דאלית אלכרמל,494,7.0,604,318,52.64900662251656,אחוז הצבעה בקלפי
דאלית אלכרמל,494,8.0,663,394,59.42684766214178,אחוז הצבעה בקלפי
דאלית אלכרמל,494,10.0,681,374,54.91923641703378,אחוז הצבעה בקלפי
דאלית אלכרמל,494,13.0,637,360,56.514913657770805,אחוז הצבעה בקלפי
דאלית אלכרמל,494,16.0,602,339,56.31229235880399,אחוז הצבעה בקלפי
דאלית אלכרמל,494,21.1,654,357,54.58715596330275,אחוז הצבעה בקלפי
דאלית אלכרמל,494,21.2,654,351,53.669724770642205,אחוז הצבעה בקלפי
דאלית אלכרמל,494,21.3,654,368,56.269113149847094,אחוז הצבעה בקלפי
דאלית אלכרמל,494,21.4,654,415,63.455657492354746,אחוז הצבעה בקלפי
דאלית אלכרמל,494,21.5,654,380,58.103975535168196,אחוז הצבעה בקלפי
דאלית אלכרמל,494,21.6,652,308,47.239263803680984,אחוז הצבעה בקלפי
דאלית אלכרמל,494,22.0,677,344,50.81240768094535,אחוז הצבעה בקלפי
דאלית אלכרמל,494,23.0,628,372,59.23566878980891,אחוז הצבעה בקלפי
דבורה,146,1.0,226,139,61.504424778761056,אחוז הצבעה בקלפי
דבוריה,489,2.1,488,238,48.77049180327869,אחוז הצבעה בקלפי
דבוריה,489,2.2,488,264,54.09836065573771,אחוז הצבעה בקלפי
דבוריה,489,2.3,486,268,55.144032921810705,אחוז הצבעה בקלפי
דבוריה,489,3.0,531,283,53.29566854990584,אחוז הצבעה בקלפי
דבוריה,489,4.0,651,394,60.52227342549923,אחוז הצבעה בקלפי
דבוריה,489,5.1,357,194,54.34173669467787,אחוז הצבעה בקלפי
דבוריה,489,5.2,356,191,53.65168539325843,אחוז הצבעה בקלפי
דבוריה,489,6.0,630,311,49.36507936507937,אחוז הצבעה בקלפי
דבוריה,489,7.1,368,213,57.88043478260869,אחוז הצבעה בקלפי
דבוריה,489,7.2,368,224,60.86956521739131,אחוז הצבעה בקלפי
דבוריה,489,8.1,357,212,59.38375350140056,אחוז הצבעה בקלפי
דבוריה,489,8.2,356,217,60.95505617977528,אחוז הצבעה בקלפי
דבוריה,489,9.1,373,235,63.00268096514745,אחוז הצבעה בקלפי
דבוריה,489,9.2,373,247,66.21983914209115,אחוז הצבעה בקלפי
דבוריה,489,10.0,680,402,59.11764705882353,אחוז הצבעה בקלפי
דבוריה,489,11.0,630,330,52.38095238095239,אחוז הצבעה בקלפי
דבירה,849,1.0,686,522,76.0932944606414,אחוז הצבעה בקלפי
דברת,407,1.0,372,258,69.35483870967742,אחוז הצבעה בקלפי
דגניה א,62,1.0,525,340,64.76190476190476,אחוז הצבעה בקלפי
דגניה ב,79,1.0,591,403,68.18950930626058,אחוז הצבעה בקלפי
דובב,1067,1.0,357,247,69.187675070028,אחוז הצבעה בקלפי
דולב,3747,1.0,541,428,79.11275415896488,אחוז הצבעה בקלפי
דולב,3747,2.0,363,267,73.55371900826447,אחוז הצבעה בקלפי
דור,738,1.0,286,214,74.82517482517483,אחוז הצבעה בקלפי
דורות,336,1.0,575,409,71.1304347826087,אחוז הצבעה בקלפי
דחי,475,1.0,546,218,39.92673992673993,אחוז הצבעה בקלפי
דייר אלאסד,490,2.1,529,363,68.62003780718337,אחוז הצבעה בקלפי
דייר אלאסד,490,2.2,529,385,72.77882797731569,אחוז הצבעה בקלפי
דייר אלאסד,490,2.3,528,355,67.23484848484848,אחוז הצבעה בקלפי
דייר אלאסד,490,7.1,536,323,60.26119402985075,אחוז הצבעה בקלפי
דייר אלאסד,490,7.2,536,371,69.21641791044776,אחוז הצבעה בקלפי
דייר אלאסד,490,7.3,536,411,76.67910447761194,אחוז הצבעה בקלפי
דייר אלאסד,490,7.4,534,331,61.985018726591754,אחוז הצבעה בקלפי
דייר אלאסד,490,10.1,497,347,69.81891348088531,אחוז הצבעה בקלפי
דייר אלאסד,490,10.2,497,408,82.09255533199196,אחוז הצבעה בקלפי
דייר אלאסד,490,10.3,496,364,73.38709677419355,אחוז הצבעה בקלפי
דייר אלאסד,490,11.1,541,368,68.02218114602587,אחוז הצבעה בקלפי
דייר אלאסד,490,11.2,541,364,67.28280961182995,אחוז הצבעה בקלפי
דייר אלאסד,490,11.3,541,351,64.87985212569316,אחוז הצבעה בקלפי
דייר אלאסד,490,11.4,539,363,67.3469387755102,אחוז הצבעה בקלפי
דייר אלאסד,490,12.1,498,371,74.49799196787149,אחוז הצבעה בקלפי
דייר אלאסד,490,12.2,498,363,72.89156626506023,אחוז הצבעה בקלפי
דייר אלאסד,490,12.3,497,356,71.6297786720322,אחוז הצבעה בקלפי
דייר חנא,492,4.0,685,481,70.21897810218978,אחוז הצבעה בקלפי
דייר חנא,492,6.1,681,407,59.76505139500734,אחוז הצבעה בקלפי
דייר חנא,492,6.2,680,484,71.17647058823529,אחוז הצבעה בקלפי
דייר חנא,492,8.1,479,347,72.44258872651356,אחוז הצבעה בקלפי
דייר חנא,492,8.2,479,340,70.9812108559499,אחוז הצבעה בקלפי
דייר חנא,492,8.3,479,285,59.49895615866389,אחוז הצבעה בקלפי
דייר חנא,492,10.1,529,376,71.07750472589792,אחוז הצבעה בקלפי
דייר חנא,492,10.2,529,379,71.64461247637051,אחוז הצבעה בקלפי
דייר חנא,492,10.3,529,357,67.48582230623819,אחוז הצבעה בקלפי
דייר חנא,492,10.4,527,356,67.55218216318785,אחוז הצבעה בקלפי
דייר חנא,492,11.1,556,397,71.40287769784173,אחוז הצבעה בקלפי
דייר חנא,492,11.2,556,380,68.34532374100719,אחוז הצבעה בקלפי
דייר חנא,492,11.3,556,377,67.80575539568345,אחוז הצבעה בקלפי
דייר חנא,492,11.4,553,332,60.03616636528029,אחוז הצבעה בקלפי
דימונה,2200,1.1,609,386,63.38259441707718,אחוז הצבעה בקלפי
דימונה,2200,1.2,609,374,61.412151067323485,אחוז הצבעה בקלפי
דימונה,2200,1.3,609,364,59.77011494252874,אחוז הצבעה בקלפי
דימונה,2200,3.0,508,252,49.60629921259843,אחוז הצבעה בקלפי
דימונה,2200,5.0,519,331,63.77649325626204,אחוז הצבעה בקלפי
דימונה,2200,6.1,655,477,72.82442748091603,אחוז הצבעה בקלפי
דימונה,2200,6.2,655,462,70.53435114503816,אחוז הצבעה בקלפי
דימונה,2200,6.3,655,464,70.83969465648855,אחוז הצבעה בקלפי
דימונה,2200,6.4,655,473,72.21374045801527,אחוז הצבעה בקלפי
דימונה,2200,6.5,655,451,68.85496183206106,אחוז הצבעה בקלפי
דימונה,2200,6.6,651,467,71.7357910906298,אחוז הצבעה בקלפי
דימונה,2200,8.1,490,281,57.3469387755102,אחוז הצבעה בקלפי
דימונה,2200,8.2,490,256,52.244897959183675,אחוז הצבעה בקלפי
דימונה,2200,8.3,490,241,49.183673469387756,אחוז הצבעה בקלפי
דימונה,2200,10.0,606,332,54.78547854785478,אחוז הצבעה בקלפי
דימונה,2200,11.0,516,250,48.44961240310077,אחוז הצבעה בקלפי
דימונה,2200,13.1,509,268,52.652259332023576,אחוז הצבעה בקלפי
דימונה,2200,13.2,509,262,51.47347740667977,אחוז הצבעה בקלפי
דימונה,2200,13.3,508,288,56.69291338582677,אחוז הצבעה בקלפי
דימונה,2200,15.0,481,225,46.77754677754678,אחוז הצבעה בקלפי
דימונה,2200,16.0,455,356,78.24175824175825,אחוז הצבעה בקלפי
דימונה,2200,17.0,451,260,57.64966740576497,אחוז הצבעה בקלפי
דימונה,2200,19.0,537,317,59.0316573556797,אחוז הצבעה בקלפי
דימונה,2200,20.0,371,235,63.342318059299195,אחוז הצבעה בקלפי
דימונה,2200,21.0,436,232,53.21100917431193,אחוז הצבעה בקלפי
דימונה,2200,22.0,537,268,49.906890130353815,אחוז הצבעה בקלפי
דימונה,2200,23.0,487,218,44.76386036960985,אחוז הצבעה בקלפי
דימונה,2200,24.0,369,221,59.891598915989164,אחוז הצבעה בקלפי
דימונה,2200,27.0,561,396,70.58823529411765,אחוז הצבעה בקלפי
דימונה,2200,28.0,495,290,58.58585858585859,אחוז הצבעה בקלפי
דימונה,2200,30.0,663,397,59.879336349924586,אחוז הצבעה בקלפי
דימונה,2200,31.0,609,372,61.083743842364534,אחוז הצבעה בקלפי
דימונה,2200,32.0,542,292,53.874538745387454,אחוז הצבעה בקלפי
דימונה,2200,33.0,526,343,65.20912547528516,אחוז הצבעה בקלפי
דימונה,2200,34.0,374,207,55.3475935828877,אחוז הצבעה בקלפי
דימונה,2200,36.0,618,433,70.06472491909385,אחוז הצבעה בקלפי
דימונה,2200,37.0,683,468,68.5212298682284,אחוז הצבעה בקלפי
דימונה,2200,40.1,380,274,72.10526315789474,אחוז הצבעה בקלפי
דימונה,2200,40.2,380,282,74.21052631578947,אחוז הצבעה בקלפי
דימונה,2200,41.0,682,485,71.11436950146629,אחוז הצבעה בקלפי
דימונה,2200,42.0,605,484,80.0,אחוז הצבעה בקלפי
דימונה,2200,43.1,351,256,72.93447293447294,אחוז הצבעה בקלפי
דימונה,2200,43.2,350,243,69.42857142857143,אחוז הצבעה בקלפי
דימונה,2200,44.1,486,367,75.51440329218107,אחוז הצבעה בקלפי
דימונה,2200,44.2,486,357,73.4567901234568,אחוז הצבעה בקלפי
דימונה,2200,44.3,484,363,75.0,אחוז הצבעה בקלפי
דימונה,2200,45.0,620,371,59.83870967741935,אחוז הצבעה בקלפי
דימונה,2200,47.0,582,440,75.60137457044674,אחוז הצבעה בקלפי
דימונה,2200,48.0,608,471,77.4671052631579,אחוז הצבעה בקלפי
דימונה,2200,49.0,445,336,75.50561797752809,אחוז הצבעה בקלפי
דימונה,2200,66.1,544,350,64.33823529411765,אחוז הצבעה בקלפי
דימונה,2200,66.2,544,353,64.88970588235294,אחוז הצבעה בקלפי
דימונה,2200,66.3,544,354,65.07352941176471,אחוז הצבעה בקלפי
דימונה,2200,66.4,543,303,55.80110497237569,אחוז הצבעה בקלפי
דימונה,2200,90.0,374,187,50.0,אחוז הצבעה בקלפי
דימונה,2200,91.0,196,140,71.42857142857143,אחוז הצבעה בקלפי
דישון,2063,1.0,299,207,69.23076923076923,אחוז הצבעה בקלפי
דליה,300,1.0,690,500,72.46376811594203,אחוז הצבעה בקלפי
דלתון,431,1.0,655,531,81.06870229007633,אחוז הצבעה בקלפי
דמיידה,1317,1.0,352,187,53.125,אחוז הצבעה בקלפי
דן,303,1.0,543,394,72.55985267034991,אחוז הצבעה בקלפי
דפנה,302,1.0,650,472,72.61538461538461,אחוז הצבעה בקלפי
דקל,1241,1.0,280,177,63.21428571428571,אחוז הצבעה בקלפי
דריגאת,1349,1.0,630,430,68.25396825396825,אחוז הצבעה בקלפי
האון,702,1.0,157,84,53.503184713375795,אחוז הצבעה בקלפי
הבונים,675,1.0,315,203,64.44444444444444,אחוז הצבעה בקלפי
הגושרים,356,1.1,390,275,70.51282051282051,אחוז הצבעה בקלפי
הגושרים,356,1.2,389,274,70.4370179948586,אחוז הצבעה בקלפי
הדר עם,191,1.0,545,420,77.06422018348624,אחוז הצבעה בקלפי
הוד השרון,9700,2.1,677,474,70.01477104874446,אחוז הצבעה בקלפי
הוד השרון,9700,2.2,677,478,70.60561299852289,אחוז הצבעה בקלפי
הוד השרון,9700,2.3,677,495,73.11669128508123,אחוז הצבעה בקלפי
הוד השרון,9700,2.4,677,513,75.7754800590842,אחוז הצבעה בקלפי
הוד השרון,9700,2.5,676,473,69.97041420118343,אחוז הצבעה בקלפי
הוד השרון,9700,7.1,579,417,72.02072538860104,אחוז הצבעה בקלפי
הוד השרון,9700,7.2,579,436,75.30224525043178,אחוז הצבעה בקלפי
הוד השרון,9700,7.3,579,401,69.2573402417962,אחוז הצבעה בקלפי
הוד השרון,9700,11.0,536,401,74.81343283582089,אחוז הצבעה בקלפי
הוד השרון,9700,13.0,681,507,74.44933920704845,אחוז הצבעה בקלפי
הוד השרון,9700,14.1,632,458,72.46835443037975,אחוז הצבעה בקלפי
הוד השרון,9700,14.2,632,456,72.15189873417721,אחוז הצבעה בקלפי
הוד השרון,9700,14.3,632,463,73.25949367088607,אחוז הצבעה בקלפי
הוד השרון,9700,14.4,630,483,76.66666666666667,אחוז הצבעה בקלפי
הוד השרון,9700,15.0,588,449,76.36054421768708,אחוז הצבעה בקלפי
הוד השרון,9700,19.1,626,434,69.32907348242811,אחוז הצבעה בקלפי
הוד השרון,9700,19.2,626,438,69.96805111821087,אחוז הצבעה בקלפי
הוד השרון,9700,19.3,624,416,66.66666666666666,אחוז הצבעה בקלפי
הוד השרון,9700,23.0,554,401,72.3826714801444,אחוז הצבעה בקלפי
הוד השרון,9700,25.1,388,286,73.71134020618557,אחוז הצבעה בקלפי
הוד השרון,9700,25.2,387,281,72.60981912144703,אחוז הצבעה בקלפי
הוד השרון,9700,32.1,598,449,75.08361204013379,אחוז הצבעה בקלפי
הוד השרון,9700,32.2,598,458,76.58862876254182,אחוז הצבעה בקלפי
הוד השרון,9700,32.3,598,459,76.75585284280938,אחוז הצבעה בקלפי
הוד השרון,9700,32.4,598,430,71.90635451505017,אחוז הצבעה בקלפי
הוד השרון,9700,32.5,597,438,73.36683417085426,אחוז הצבעה בקלפי
הוד השרון,9700,35.1,495,374,75.55555555555556,אחוז הצבעה בקלפי
הוד השרון,9700,35.2,495,367,74.14141414141415,אחוז הצבעה בקלפי
הוד השרון,9700,35.3,495,351,70.9090909090909,אחוז הצבעה בקלפי
הוד השרון,9700,36.0,684,513,75.0,אחוז הצבעה בקלפי
הוד השרון,9700,37.0,490,370,75.51020408163265,אחוז הצבעה בקלפי
הוד השרון,9700,39.1,598,410,68.56187290969899,אחוז הצבעה בקלפי
הוד השרון,9700,39.2,598,384,64.21404682274247,אחוז הצבעה בקלפי
הוד השרון,9700,39.3,598,374,62.54180602006689,אחוז הצבעה בקלפי
הוד השרון,9700,39.4,598,391,65.38461538461539,אחוז הצבעה בקלפי
הוד השרון,9700,39.5,594,370,62.2895622895623,אחוז הצבעה בקלפי
הוד השרון,9700,42.0,623,485,77.84911717495987,אחוז הצבעה בקלפי
הוד השרון,9700,43.0,552,425,76.9927536231884,אחוז הצבעה בקלפי
הוד השרון,9700,46.0,665,519,78.04511278195488,אחוז הצבעה בקלפי
הוד השרון,9700,47.0,634,519,81.86119873817034,אחוז הצבעה בקלפי
הוד השרון,9700,51.0,643,482,74.96111975116641,אחוז הצבעה בקלפי
הוד השרון,9700,52.1,699,425,60.80114449213162,אחוז הצבעה בקלפי
הוד השרון,9700,52.2,699,450,64.37768240343348,אחוז הצבעה בקלפי
הוד השרון,9700,53.1,666,504,75.67567567567568,אחוז הצבעה בקלפי
הוד השרון,9700,53.2,666,469,70.42042042042041,אחוז הצבעה בקלפי
הוד השרון,9700,53.3,666,470,70.57057057057057,אחוז הצבעה בקלפי
הוד השרון,9700,53.4,666,492,73.87387387387388,אחוז הצבעה בקלפי
הוד השרון,9700,58.0,605,486,80.33057851239668,אחוז הצבעה בקלפי
הוד השרון,9700,59.0,578,406,70.24221453287197,אחוז הצבעה בקלפי
הוד השרון,9700,61.1,660,510,77.27272727272727,אחוז הצבעה בקלפי
הוד השרון,9700,61.2,660,474,71.81818181818181,אחוז הצבעה בקלפי
הוד השרון,9700,61.3,660,506,76.66666666666667,אחוז הצבעה בקלפי
הוד השרון,9700,61.4,660,492,74.54545454545455,אחוז הצבעה בקלפי
הוד השרון,9700,62.1,610,473,77.54098360655738,אחוז הצבעה בקלפי
הוד השרון,9700,62.2,610,483,79.18032786885246,אחוז הצבעה בקלפי
הוד השרון,9700,62.3,610,502,82.29508196721311,אחוז הצבעה בקלפי
הוד השרון,9700,62.4,610,490,80.32786885245902,אחוז הצבעה בקלפי
הוד השרון,9700,62.5,608,478,78.61842105263158,אחוז הצבעה בקלפי
הוד השרון,9700,63.1,368,284,77.17391304347827,אחוז הצבעה בקלפי
הוד השרון,9700,63.2,367,276,75.20435967302453,אחוז הצבעה בקלפי
הוד השרון,9700,64.1,685,575,83.94160583941606,אחוז הצבעה בקלפי
הוד השרון,9700,64.2,685,575,83.94160583941606,אחוז הצבעה בקלפי
הוד השרון,9700,64.3,685,585,85.40145985401459,אחוז הצבעה בקלפי
הוד השרון,9700,64.4,685,573,83.64963503649635,אחוז הצבעה בקלפי
הוד השרון,9700,64.5,685,571,83.35766423357664,אחוז הצבעה בקלפי
הוד השרון,9700,66.1,636,470,73.89937106918238,אחוז הצבעה בקלפי
הוד השרון,9700,66.2,636,458,72.0125786163522,אחוז הצבעה בקלפי
הוד השרון,9700,66.3,636,456,71.69811320754717,אחוז הצבעה בקלפי
הוד השרון,9700,66.4,636,456,71.69811320754717,אחוז הצבעה בקלפי
הוד השרון,9700,66.5,636,430,67.61006289308176,אחוז הצבעה בקלפי
הוד השרון,9700,66.6,636,430,67.61006289308176,אחוז הצבעה בקלפי
הוד השרון,9700,66.7,635,479,75.43307086614173,אחוז הצבעה בקלפי
הוד השרון,9700,68.1,698,518,74.21203438395415,אחוז הצבעה בקלפי
הוד השרון,9700,68.2,697,531,76.18364418938307,אחוז הצבעה בקלפי
הוד השרון,9700,71.0,553,414,74.86437613019892,אחוז הצבעה בקלפי
הוד השרון,9700,74.1,565,472,83.53982300884955,אחוז הצבעה בקלפי
הוד השרון,9700,74.2,565,460,81.41592920353983,אחוז הצבעה בקלפי
הוד השרון,9700,74.3,565,450,79.64601769911505,אחוז הצבעה בקלפי
הוד השרון,9700,74.4,565,452,80.0,אחוז הצבעה בקלפי
הוד השרון,9700,74.5,563,476,84.54706927175843,אחוז הצבעה בקלפי
הודיה,726,1.0,535,365,68.22429906542055,אחוז הצבעה בקלפי
הוואשלה שבט,1169,1.0,631,333,52.77337559429477,אחוז הצבעה בקלפי
הוואשלה שבט,1169,2.0,571,299,52.364273204903675,אחוז הצבעה בקלפי
הוזייל שבט,956,2.1,578,221,38.23529411764706,אחוז הצבעה בקלפי
הוזייל שבט,956,2.2,578,182,31.4878892733564,אחוז הצבעה בקלפי
הושעיה,1186,2.1,483,360,74.53416149068323,אחוז הצבעה בקלפי
הושעיה,1186,2.2,483,343,71.01449275362319,אחוז הצבעה בקלפי
הושעיה,1186,2.3,483,344,71.2215320910973,אחוז הצבעה בקלפי
הזורע,250,1.0,513,347,67.64132553606238,אחוז הצבעה בקלפי
הזורע,250,2.0,404,276,68.31683168316832,אחוז הצבעה בקלפי
הזורעים,307,1.0,575,447,77.73913043478261,אחוז הצבעה בקלפי
החותרים,434,1.0,611,460,75.28641571194763,אחוז הצבעה בקלפי
היוגב,684,1.0,618,501,81.06796116504854,אחוז הצבעה בקלפי
הילה,1208,1.0,509,330,64.83300589390963,אחוז הצבעה בקלפי
המעפיל,377,1.0,651,483,74.19354838709677,אחוז הצבעה בקלפי
הסוללים,677,1.1,380,278,73.15789473684211,אחוז הצבעה בקלפי
הסוללים,677,1.2,380,279,73.42105263157895,אחוז הצבעה בקלפי
העוגן,423,1.0,647,457,70.63369397217929,אחוז הצבעה בקלפי
הר אדר,3769,1.0,407,317,77.88697788697789,אחוז הצבעה בקלפי
הר אדר,3769,2.0,475,337,70.94736842105263,אחוז הצבעה בקלפי
הר אדר,3769,3.0,606,445,73.43234323432343,אחוז הצבעה בקלפי
הר אדר,3769,4.0,502,369,73.50597609561753,אחוז הצבעה בקלפי
הר אדר,3769,5.0,585,448,76.5811965811966,אחוז הצבעה בקלפי
הר אדר,3769,6.0,602,445,73.9202657807309,אחוז הצבעה בקלפי
הר גילה,3603,1.1,530,385,72.64150943396226,אחוז הצבעה בקלפי
הר גילה,3603,1.2,529,394,74.48015122873346,אחוז הצבעה בקלפי
הר עמשא,1261,1.0,130,90,69.23076923076923,אחוז הצבעה בקלפי
הראל,464,1.0,236,127,53.813559322033896,אחוז הצבעה בקלפי
הרדוף,1249,1.0,450,309,68.66666666666667,אחוז הצבעה בקלפי
הרצליה,6400,83.1,693,474,68.3982683982684,אחוז הצבעה בקלפי
הרצליה,6400,83.2,693,470,67.82106782106783,אחוז הצבעה בקלפי
הרצליה,6400,83.3,693,489,70.56277056277057,אחוז הצבעה בקלפי
הרצליה,6400,83.4,693,445,64.21356421356421,אחוז הצבעה בקלפי
הרצליה,6400,83.5,693,463,66.8109668109668,אחוז הצבעה בקלפי
הרצליה,6400,83.6,693,477,68.83116883116884,אחוז הצבעה בקלפי
הרצליה,6400,89.1,626,260,41.533546325878596,אחוז הצבעה בקלפי
הרצליה,6400,89.2,626,304,48.56230031948881,אחוז הצבעה בקלפי
הרצליה,6400,89.3,626,278,44.40894568690096,אחוז הצבעה בקלפי
הרצליה,6400,89.4,626,305,48.722044728434504,אחוז הצבעה בקלפי
הרצליה,6400,89.5,626,281,44.88817891373802,אחוז הצבעה בקלפי
הרצליה,6400,89.6,625,293,46.88,אחוז הצבעה בקלפי
הרצליה,6400,94.1,696,427,61.35057471264368,אחוז הצבעה בקלפי
הרצליה,6400,94.2,696,453,65.08620689655173,אחוז הצבעה בקלפי
הרצליה,6400,94.3,694,398,57.34870317002881,אחוז הצבעה בקלפי
הרצליה,6400,107.1,544,326,59.92647058823529,אחוז הצבעה בקלפי
הרצליה,6400,107.2,544,327,60.11029411764706,אחוז הצבעה בקלפי
הרצליה,6400,107.3,544,287,52.75735294117647,אחוז הצבעה בקלפי
הרצליה,6400,136.1,575,320,55.65217391304348,אחוז הצבעה בקלפי
הרצליה,6400,136.2,575,341,59.30434782608695,אחוז הצבעה בקלפי
הרצליה,6400,136.3,575,337,58.608695652173914,אחוז הצבעה בקלפי
הרצליה,6400,136.4,575,332,57.7391304347826,אחוז הצבעה בקלפי
הרצליה,6400,136.5,571,320,56.042031523642734,אחוז הצבעה בקלפי
הרצליה,6400,137.1,618,210,33.980582524271846,אחוז הצבעה בקלפי
הרצליה,6400,137.2,618,211,34.14239482200647,אחוז הצבעה בקלפי
הרצליה,6400,137.3,617,203,32.90113452188007,אחוז הצבעה בקלפי
הרצליה,6400,14.1,677,568,83.89955686853766,אחוז הצבעה בקלפי
הרצליה,6400,14.2,677,558,82.42245199409159,אחוז הצבעה בקלפי
הרצליה,6400,14.3,677,547,80.79763663220089,אחוז הצבעה בקלפי
הרצליה,6400,14.4,677,570,84.19497784342688,אחוז הצבעה בקלפי
הרצליה,6400,14.5,677,580,85.67208271787297,אחוז הצבעה בקלפי
הרצליה,6400,14.6,672,567,84.375,אחוז הצבעה בקלפי
הרצליה,6400,25.1,696,415,59.62643678160919,אחוז הצבעה בקלפי
הרצליה,6400,25.2,696,433,62.212643678160916,אחוז הצבעה בקלפי
הרצליה,6400,25.3,696,416,59.77011494252874,אחוז הצבעה בקלפי
הרצליה,6400,25.4,694,410,59.0778097982709,אחוז הצבעה בקלפי
הרצליה,6400,61.0,561,347,61.853832442067734,אחוז הצבעה בקלפי
הרצליה,6400,68.0,405,286,70.61728395061728,אחוז הצבעה בקלפי
הרצליה,6400,70.1,672,516,76.78571428571429,אחוז הצבעה בקלפי
הרצליה,6400,70.2,672,529,78.72023809523809,אחוז הצבעה בקלפי
הרצליה,6400,70.3,672,515,76.63690476190477,אחוז הצבעה בקלפי
הרצליה,6400,70.4,672,533,79.31547619047619,אחוז הצבעה בקלפי
הרצליה,6400,71.0,669,428,63.97608370702541,אחוז הצבעה בקלפי
הרצליה,6400,72.0,499,324,64.92985971943888,אחוז הצבעה בקלפי
הרצליה,6400,73.0,681,409,60.05873715124817,אחוז הצבעה בקלפי
הרצליה,6400,78.0,639,434,67.91862284820031,אחוז הצבעה בקלפי
הרצליה,6400,80.0,638,355,55.64263322884012,אחוז הצבעה בקלפי
הרצליה,6400,99.0,520,302,58.07692307692308,אחוז הצבעה בקלפי
הרצליה,6400,111.1,683,438,64.12884333821376,אחוז הצבעה בקלפי
הרצליה,6400,111.2,683,406,59.443631039531475,אחוז הצבעה בקלפי
הרצליה,6400,111.3,683,414,60.61493411420204,אחוז הצבעה בקלפי
הרצליה,6400,111.4,683,414,60.61493411420204,אחוז הצבעה בקלפי
הרצליה,6400,111.5,679,430,63.32842415316642,אחוז הצבעה בקלפי
הרצליה,6400,113.0,608,398,65.46052631578947,אחוז הצבעה בקלפי
הרצליה,6400,117.0,450,337,74.8888888888889,אחוז הצבעה בקלפי
הרצליה,6400,123.0,593,358,60.37099494097807,אחוז הצבעה בקלפי
הרצליה,6400,125.0,634,417,65.77287066246058,אחוז הצבעה בקלפי
הרצליה,6400,141.0,640,493,77.03125,אחוז הצבעה בקלפי
הרצליה,6400,142.0,494,347,70.24291497975709,אחוז הצבעה בקלפי
הרצליה,6400,6.1,629,424,67.40858505564388,אחוז הצבעה בקלפי
הרצליה,6400,6.2,629,463,73.60890302066773,אחוז הצבעה בקלפי
הרצליה,6400,6.3,629,468,74.40381558028616,אחוז הצבעה בקלפי
הרצליה,6400,6.4,629,422,67.0906200317965,אחוז הצבעה בקלפי
הרצליה,6400,6.5,629,453,72.01907790143083,אחוז הצבעה בקלפי
הרצליה,6400,6.6,624,438,70.1923076923077,אחוז הצבעה בקלפי
הרצליה,6400,24.0,600,421,70.16666666666667,אחוז הצבעה בקלפי
הרצליה,6400,26.0,556,343,61.69064748201439,אחוז הצבעה בקלפי
הרצליה,6400,30.1,667,453,67.9160419790105,אחוז הצבעה בקלפי
הרצליה,6400,30.2,667,454,68.06596701649175,אחוז הצבעה בקלפי
הרצליה,6400,30.3,667,495,74.2128935532234,אחוז הצבעה בקלפי
הרצליה,6400,30.4,667,455,68.21589205397302,אחוז הצבעה בקלפי
הרצליה,6400,30.5,665,491,73.8345864661654,אחוז הצבעה בקלפי
הרצליה,6400,33.0,650,471,72.46153846153847,אחוז הצבעה בקלפי
הרצליה,6400,35.0,505,333,65.94059405940594,אחוז הצבעה בקלפי
הרצליה,6400,36.0,602,439,72.9235880398671,אחוז הצבעה בקלפי
הרצליה,6400,37.0,652,391,59.96932515337423,אחוז הצבעה בקלפי
הרצליה,6400,38.0,569,370,65.02636203866432,אחוז הצבעה בקלפי
הרצליה,6400,39.0,693,471,67.96536796536796,אחוז הצבעה בקלפי
הרצליה,6400,42.0,653,436,66.7687595712098,אחוז הצבעה בקלפי
הרצליה,6400,43.0,598,424,70.90301003344482,אחוז הצבעה בקלפי
הרצליה,6400,44.0,466,322,69.09871244635193,אחוז הצבעה בקלפי
הרצליה,6400,46.0,581,379,65.23235800344234,אחוז הצבעה בקלפי
הרצליה,6400,47.0,596,343,57.5503355704698,אחוז הצבעה בקלפי
הרצליה,6400,49.1,596,366,61.40939597315436,אחוז הצבעה בקלפי
הרצליה,6400,49.2,596,366,61.40939597315436,אחוז הצבעה בקלפי
הרצליה,6400,49.3,596,367,61.57718120805369,אחוז הצבעה בקלפי
הרצליה,6400,49.4,594,368,61.95286195286195,אחוז הצבעה בקלפי
הרצליה,6400,59.1,583,382,65.52315608919382,אחוז הצבעה בקלפי
הרצליה,6400,59.2,583,401,68.78216123499142,אחוז הצבעה בקלפי
הרצליה,6400,59.3,583,433,74.27101200686106,אחוז הצבעה בקלפי
הרצליה,6400,59.4,583,382,65.52315608919382,אחוז הצבעה בקלפי
הרצליה,6400,59.5,581,391,67.29776247848537,אחוז הצבעה בקלפי
הרצליה,6400,110.0,444,329,74.09909909909909,אחוז הצבעה בקלפי
הרצליה,6400,126.0,471,254,53.92781316348195,אחוז הצבעה בקלפי
הרצליה,6400,127.0,421,311,73.87173396674585,אחוז הצבעה בקלפי
הרצליה,6400,128.1,616,392,63.63636363636363,אחוז הצבעה בקלפי
הרצליה,6400,128.2,616,425,68.9935064935065,אחוז הצבעה בקלפי
הרצליה,6400,128.3,616,416,67.53246753246754,אחוז הצבעה בקלפי
הרצליה,6400,128.4,615,404,65.6910569105691,אחוז הצבעה בקלפי
הרצליה,6400,130.0,657,423,64.38356164383562,אחוז הצבעה בקלפי
הרצליה,6400,131.0,697,536,76.9010043041607,אחוז הצבעה בקלפי
הרצליה,6400,1.0,443,258,58.239277652370205,אחוז הצבעה בקלפי
הרצליה,6400,2.0,472,291,61.652542372881356,אחוז הצבעה בקלפי
הרצליה,6400,3.0,618,422,68.28478964401295,אחוז הצבעה בקלפי
הרצליה,6400,4.0,612,405,66.17647058823529,אחוז הצבעה בקלפי
הרצליה,6400,5.0,536,400,74.6268656716418,אחוז הצבעה בקלפי
הרצליה,6400,7.0,483,300,62.11180124223602,אחוז הצבעה בקלפי
הרצליה,6400,8.0,506,291,57.509881422924906,אחוז הצבעה בקלפי
הרצליה,6400,9.0,615,328,53.333333333333336,אחוז הצבעה בקלפי
הרצליה,6400,10.0,588,347,59.013605442176875,אחוז הצבעה בקלפי
הרצליה,6400,11.0,578,412,71.280276816609,אחוז הצבעה בקלפי
הרצליה,6400,12.0,546,397,72.7106227106227,אחוז הצבעה בקלפי
הרצליה,6400,13.0,632,496,78.48101265822784,אחוז הצבעה בקלפי
הרצליה,6400,21.1,697,482,69.15351506456241,אחוז הצבעה בקלפי
הרצליה,6400,21.2,696,514,73.85057471264368,אחוז הצבעה בקלפי
הרצליה,6400,51.1,644,424,65.83850931677019,אחוז הצבעה בקלפי
הרצליה,6400,51.2,644,401,62.267080745341616,אחוז הצבעה בקלפי
הרצליה,6400,51.3,644,442,68.63354037267081,אחוז הצבעה בקלפי
הרצליה,6400,51.4,644,398,61.80124223602485,אחוז הצבעה בקלפי
הרצליה,6400,51.5,644,405,62.88819875776398,אחוז הצבעה בקלפי
הרצליה,6400,51.6,640,439,68.59375,אחוז הצבעה בקלפי
הרצליה,6400,55.1,645,439,68.06201550387597,אחוז הצבעה בקלפי
הרצליה,6400,55.2,645,447,69.30232558139535,אחוז הצבעה בקלפי
הרצליה,6400,55.3,645,443,68.68217054263566,אחוז הצבעה בקלפי
הרצליה,6400,55.4,645,431,66.82170542635659,אחוז הצבעה בקלפי
הרצליה,6400,55.5,643,413,64.23017107309487,אחוז הצבעה בקלפי
הרצליה,6400,63.0,617,421,68.23338735818476,אחוז הצבעה בקלפי
הרצליה,6400,66.1,671,431,64.23248882265275,אחוז הצבעה בקלפי
הרצליה,6400,66.2,671,422,62.891207153502236,אחוז הצבעה בקלפי
הרצליה,6400,66.3,671,453,67.51117734724292,אחוז הצבעה בקלפי
הרצליה,6400,66.4,671,420,62.59314456035767,אחוז הצבעה בקלפי
הרצליה,6400,66.5,671,452,67.36214605067065,אחוז הצבעה בקלפי
הרצליה,6400,67.0,534,357,66.85393258426966,אחוז הצבעה בקלפי
הרצליה,6400,76.0,555,408,73.51351351351352,אחוז הצבעה בקלפי
הרצליה,6400,77.0,599,460,76.79465776293823,אחוז הצבעה בקלפי
הרצליה,6400,79.0,688,496,72.09302325581395,אחוז הצבעה בקלפי
הרצליה,6400,91.0,485,356,73.4020618556701,אחוז הצבעה בקלפי
הרצליה,6400,93.0,673,460,68.35066864784547,אחוז הצבעה בקלפי
הרצליה,6400,98.0,608,362,59.539473684210535,אחוז הצבעה בקלפי
הרצליה,6400,119.0,560,379,67.67857142857143,אחוז הצבעה בקלפי
הרצליה,6400,120.0,690,501,72.60869565217392,אחוז הצבעה בקלפי
הרצליה,6400,121.0,617,410,66.45056726094003,אחוז הצבעה בקלפי
הרצליה,6400,122.0,622,476,76.52733118971061,אחוז הצבעה בקלפי
הרצליה,6400,135.0,629,455,72.33704292527821,אחוז הצבעה בקלפי
הררית,1203,1.0,423,312,73.75886524822694,אחוז הצבעה בקלפי
ורד יריחו,3639,1.0,267,199,74.53183520599251,אחוז הצבעה בקלפי
ורדון,1133,1.0,214,156,72.89719626168224,אחוז הצבעה בקלפי
זבדיאל,815,1.0,447,391,87.47203579418344,אחוז הצבעה בקלפי
זוהר,44,1.0,253,186,73.51778656126481,אחוז הצבעה בקלפי
זיקים,584,1.1,379,267,70.44854881266491,אחוז הצבעה בקלפי
זיקים,584,1.2,378,247,65.34391534391534,אחוז הצבעה בקלפי
זיתן,788,1.1,409,342,83.61858190709046,אחוז הצבעה בקלפי
זיתן,788,1.2,409,332,81.17359413202934,אחוז הצבעה בקלפי
זכרון יעקב,9300,8.1,678,483,71.23893805309734,אחוז הצבעה בקלפי
זכרון יעקב,9300,8.2,678,491,72.4188790560472,אחוז הצבעה בקלפי
זכרון יעקב,9300,8.3,678,456,67.2566371681416,אחוז הצבעה בקלפי
זכרון יעקב,9300,8.4,678,481,70.94395280235987,אחוז הצבעה בקלפי
זכרון יעקב,9300,8.5,678,503,74.18879056047197,אחוז הצבעה בקלפי
זכרון יעקב,9300,8.6,677,468,69.1285081240768,אחוז הצבעה בקלפי
זכרון יעקב,9300,9.1,661,461,69.7428139183056,אחוז הצבעה בקלפי
זכרון יעקב,9300,9.2,661,469,70.95310136157337,אחוז הצבעה בקלפי
זכרון יעקב,9300,9.3,661,461,69.7428139183056,אחוז הצבעה בקלפי
זכרון יעקב,9300,9.4,661,468,70.80181543116491,אחוז הצבעה בקלפי
זכרון יעקב,9300,9.5,661,450,68.07866868381241,אחוז הצבעה בקלפי
זכרון יעקב,9300,9.6,656,481,73.32317073170732,אחוז הצבעה בקלפי
זכרון יעקב,9300,13.1,693,494,71.28427128427128,אחוז הצבעה בקלפי
זכרון יעקב,9300,13.2,693,486,70.12987012987013,אחוז הצבעה בקלפי
זכרון יעקב,9300,13.3,691,476,68.88567293777135,אחוז הצבעה בקלפי
זכרון יעקב,9300,16.1,775,569,73.41935483870968,אחוז הצבעה בקלפי
זכרון יעקב,9300,16.2,775,546,70.45161290322581,אחוז הצבעה בקלפי
זכרון יעקב,9300,16.3,773,567,73.35058214747735,אחוז הצבעה בקלפי
זכרון יעקב,9300,22.1,698,504,72.20630372492836,אחוז הצבעה בקלפי
זכרון יעקב,9300,22.2,697,498,71.44906743185079,אחוז הצבעה בקלפי
זכרון יעקב,9300,24.1,559,429,76.74418604651163,אחוז הצבעה בקלפי
זכרון יעקב,9300,24.2,559,414,74.0608228980322,אחוז הצבעה בקלפי
זכרון יעקב,9300,24.3,559,447,79.96422182468694,אחוז הצבעה בקלפי
זכרון יעקב,9300,24.4,559,424,75.84973166368515,אחוז הצבעה בקלפי
זכרון יעקב,9300,25.1,610,411,67.37704918032786,אחוז הצבעה בקלפי
זכרון יעקב,9300,25.2,610,401,65.73770491803279,אחוז הצבעה בקלפי
זכרון יעקב,9300,25.3,610,402,65.90163934426229,אחוז הצבעה בקלפי
זכריה,799,1.1,384,323,84.11458333333334,אחוז הצבעה בקלפי
זכריה,799,1.2,383,303,79.11227154046998,אחוז הצבעה בקלפי
זמר,1290,2.0,662,352,53.17220543806647,אחוז הצבעה בקלפי
זמר,1290,4.0,694,432,62.2478386167147,אחוז הצבעה בקלפי
זמר,1290,6.1,495,252,50.90909090909091,אחוז הצבעה בקלפי
זמר,1290,6.2,495,292,58.98989898989899,אחוז הצבעה בקלפי
זמר,1290,6.3,495,292,58.98989898989899,אחוז הצבעה בקלפי
זמר,1290,7.1,550,277,50.36363636363637,אחוז הצבעה בקלפי
זמר,1290,7.2,550,350,63.63636363636363,אחוז הצבעה בקלפי
זמר,1290,7.3,550,323,58.72727272727273,אחוז הצבעה בקלפי
זמר,1290,7.4,547,275,50.27422303473492,אחוז הצבעה בקלפי
זמרת,1065,1.0,400,355,88.75,אחוז הצבעה בקלפי
זנוח,816,1.0,407,305,74.93857493857494,אחוז הצבעה בקלפי
זרועה,2064,1.0,336,251,74.70238095238095,אחוז הצבעה בקלפי
זרזיר,975,1.0,690,273,39.565217391304344,אחוז הצבעה בקלפי
זרזיר,975,2.1,696,304,43.67816091954023,אחוז הצבעה בקלפי
זרזיר,975,2.2,695,320,46.043165467625904,אחוז הצבעה בקלפי
זרזיר,975,3.1,497,279,56.13682092555332,אחוז הצבעה בקלפי
זרזיר,975,3.2,497,246,49.49698189134809,אחוז הצבעה בקלפי
זרזיר,975,3.3,496,195,39.314516129032256,אחוז הצבעה בקלפי
זרזיר,975,5.1,377,181,48.01061007957559,אחוז הצבעה בקלפי
זרזיר,975,5.2,377,188,49.86737400530504,אחוז הצבעה בקלפי
זרזיר,975,6.1,395,195,49.36708860759494,אחוז הצבעה בקלפי
זרזיר,975,6.2,394,183,46.44670050761421,אחוז הצבעה בקלפי
זרזיר,975,9.0,646,193,29.876160990712076,אחוז הצבעה בקלפי
זרחיה,818,1.0,519,449,86.51252408477842,אחוז הצבעה בקלפי
חואלד,1321,1.0,552,260,47.10144927536232,אחוז הצבעה בקלפי
חבצלת השרון,235,1.0,340,209,61.47058823529412,אחוז הצבעה בקלפי
חבר,1110,1.0,501,362,72.2554890219561,אחוז הצבעה בקלפי
חברון,3400,1.0,338,215,63.609467455621306,אחוז הצבעה בקלפי
חגור,717,1.1,365,287,78.63013698630137,אחוז הצבעה בקלפי
חגור,717,1.2,364,293,80.4945054945055,אחוז הצבעה בקלפי
חגי,3764,1.0,384,280,72.91666666666666,אחוז הצבעה בקלפי
חגלה,205,1.0,554,412,74.36823104693141,אחוז הצבעה בקלפי
חדנס,4026,1.1,362,202,55.80110497237569,אחוז הצבעה בקלפי
חדנס,4026,1.2,362,214,59.11602209944752,אחוז הצבעה בקלפי
חדיד,618,1.0,650,507,78.0,אחוז הצבעה בקלפי
חדרה,6500,3.0,669,427,63.82660687593423,אחוז הצבעה בקלפי
חדרה,6500,7.1,667,392,58.77061469265368,אחוז הצבעה בקלפי
חדרה,6500,7.2,667,395,59.220389805097454,אחוז הצבעה בקלפי
חדרה,6500,7.3,667,396,59.37031484257871,אחוז הצבעה בקלפי
חדרה,6500,7.4,667,407,61.019490254872565,אחוז הצבעה בקלפי
חדרה,6500,7.5,667,348,52.17391304347826,אחוז הצבעה בקלפי
חדרה,6500,7.6,662,407,61.48036253776436,אחוז הצבעה בקלפי
חדרה,6500,11.1,665,420,63.1578947368421,אחוז הצבעה בקלפי
חדרה,6500,11.2,665,402,60.45112781954888,אחוז הצבעה בקלפי
חדרה,6500,11.3,665,404,60.75187969924812,אחוז הצבעה בקלפי
חדרה,6500,11.4,662,410,61.933534743202415,אחוז הצבעה בקלפי
חדרה,6500,13.1,656,474,72.2560975609756,אחוז הצבעה בקלפי
חדרה,6500,13.2,656,475,72.40853658536585,אחוז הצבעה בקלפי
חדרה,6500,13.3,656,474,72.2560975609756,אחוז הצבעה בקלפי
חדרה,6500,13.4,654,473,72.32415902140673,אחוז הצבעה בקלפי
חדרה,6500,14.0,467,310,66.38115631691649,אחוז הצבעה בקלפי
חדרה,6500,15.0,518,272,52.509652509652504,אחוז הצבעה בקלפי
חדרה,6500,19.0,532,219,41.16541353383459,אחוז הצבעה בקלפי
חדרה,6500,20.0,491,241,49.08350305498982,אחוז הצבעה בקלפי
חדרה,6500,21.0,549,309,56.284153005464475,אחוז הצבעה בקלפי
חדרה,6500,22.0,423,188,44.44444444444444,אחוז הצבעה בקלפי
חדרה,6500,23.0,613,339,55.301794453507334,אחוז הצבעה בקלפי
חדרה,6500,24.1,385,283,73.50649350649351,אחוז הצבעה בקלפי
חדרה,6500,24.2,385,266,69.0909090909091,אחוז הצבעה בקלפי
חדרה,6500,26.0,635,419,65.98425196850394,אחוז הצבעה בקלפי
חדרה,6500,28.0,590,352,59.66101694915255,אחוז הצבעה בקלפי
חדרה,6500,29.0,607,363,59.80230642504119,אחוז הצבעה בקלפי
חדרה,6500,31.0,541,337,62.292051756007396,אחוז הצבעה בקלפי
חדרה,6500,33.0,641,432,67.39469578783151,אחוז הצבעה בקלפי
חדרה,6500,34.0,577,413,71.57712305025996,אחוז הצבעה בקלפי
חדרה,6500,35.0,637,421,66.09105180533751,אחוז הצבעה בקלפי
חדרה,6500,36.0,627,364,58.0542264752791,אחוז הצבעה בקלפי
חדרה,6500,37.0,571,348,60.94570928196147,אחוז הצבעה בקלפי
חדרה,6500,42.1,678,380,56.04719764011799,אחוז הצבעה בקלפי
חדרה,6500,42.2,678,354,52.21238938053098,אחוז הצבעה בקלפי
חדרה,6500,42.3,678,407,60.02949852507374,אחוז הצבעה בקלפי
חדרה,6500,42.4,678,397,58.55457227138643,אחוז הצבעה בקלפי
חדרה,6500,42.5,676,393,58.13609467455622,אחוז הצבעה בקלפי
חדרה,6500,48.1,642,351,54.67289719626168,אחוז הצבעה בקלפי
חדרה,6500,48.2,642,376,58.56697819314641,אחוז הצבעה בקלפי
חדרה,6500,48.3,642,351,54.67289719626168,אחוז הצבעה בקלפי
חדרה,6500,48.4,641,368,57.41029641185648,אחוז הצבעה בקלפי
חדרה,6500,50.1,655,378,57.709923664122144,אחוז הצבעה בקלפי
חדרה,6500,50.2,655,387,59.083969465648856,אחוז הצבעה בקלפי
חדרה,6500,50.3,655,402,61.37404580152672,אחוז הצבעה בקלפי
חדרה,6500,50.4,655,370,56.48854961832062,אחוז הצבעה בקלפי
חדרה,6500,50.5,652,383,58.742331288343564,אחוז הצבעה בקלפי
חדרה,6500,51.1,576,348,60.416666666666664,אחוז הצבעה בקלפי
חדרה,6500,51.2,575,324,56.34782608695652,אחוז הצבעה בקלפי
חדרה,6500,53.1,654,381,58.256880733944946,אחוז הצבעה בקלפי
חדרה,6500,53.2,654,435,66.5137614678899,אחוז הצבעה בקלפי
חדרה,6500,53.3,654,408,62.38532110091744,אחוז הצבעה בקלפי
חדרה,6500,53.4,654,453,69.26605504587155,אחוז הצבעה בקלפי
חדרה,6500,53.5,654,385,58.86850152905198,אחוז הצבעה בקלפי
חדרה,6500,53.6,654,421,64.37308868501529,אחוז הצבעה בקלפי
חדרה,6500,60.0,554,359,64.8014440433213,אחוז הצבעה בקלפי
חדרה,6500,61.1,654,423,64.6788990825688,אחוז הצבעה בקלפי
חדרה,6500,61.2,654,432,66.05504587155964,אחוז הצבעה בקלפי
חדרה,6500,61.3,654,431,65.90214067278288,אחוז הצבעה בקלפי
חדרה,6500,61.4,654,430,65.74923547400611,אחוז הצבעה בקלפי
חדרה,6500,61.5,654,410,62.69113149847095,אחוז הצבעה בקלפי
חדרה,6500,61.6,649,432,66.56394453004623,אחוז הצבעה בקלפי
חדרה,6500,62.0,574,333,58.01393728222997,אחוז הצבעה בקלפי
חדרה,6500,63.0,658,434,65.95744680851064,אחוז הצבעה בקלפי
חדרה,6500,67.1,628,412,65.60509554140127,אחוז הצבעה בקלפי
חדרה,6500,67.2,628,387,61.62420382165605,אחוז הצבעה בקלפי
חדרה,6500,67.3,628,383,60.98726114649682,אחוז הצבעה בקלפי
חדרה,6500,67.4,627,378,60.28708133971292,אחוז הצבעה בקלפי
חדרה,6500,68.0,619,385,62.197092084006464,אחוז הצבעה בקלפי
חדרה,6500,70.0,650,367,56.46153846153846,אחוז הצבעה בקלפי
חדרה,6500,71.1,635,407,64.09448818897637,אחוז הצבעה בקלפי
חדרה,6500,71.2,635,416,65.51181102362204,אחוז הצבעה בקלפי
חדרה,6500,71.3,635,388,61.102362204724415,אחוז הצבעה בקלפי
חדרה,6500,71.4,633,341,53.87045813586098,אחוז הצבעה בקלפי
חדרה,6500,75.0,663,431,65.00754147812971,אחוז הצבעה בקלפי
חדרה,6500,77.1,606,385,63.53135313531353,אחוז הצבעה בקלפי
חדרה,6500,77.2,606,338,55.775577557755774,אחוז הצבעה בקלפי
חדרה,6500,77.3,605,367,60.66115702479339,אחוז הצבעה בקלפי
חדרה,6500,80.0,575,405,70.43478260869566,אחוז הצבעה בקלפי
חדרה,6500,81.1,627,429,68.42105263157895,אחוז הצבעה בקלפי
חדרה,6500,81.2,627,429,68.42105263157895,אחוז הצבעה בקלפי
חדרה,6500,81.3,627,460,73.3652312599681,אחוז הצבעה בקלפי
חדרה,6500,81.4,627,450,71.77033492822966,אחוז הצבעה בקלפי
חדרה,6500,82.0,622,420,67.52411575562701,אחוז הצבעה בקלפי
חדרה,6500,85.0,553,337,60.94032549728752,אחוז הצבעה בקלפי
חדרה,6500,87.1,640,419,65.46875,אחוז הצבעה בקלפי
חדרה,6500,87.2,640,403,62.96874999999999,אחוז הצבעה בקלפי
חדרה,6500,87.3,640,426,66.5625,אחוז הצבעה בקלפי
חדרה,6500,87.4,639,356,55.712050078247266,אחוז הצבעה בקלפי
חדרה,6500,88.0,503,303,60.238568588469185,אחוז הצבעה בקלפי
חדרה,6500,89.0,629,268,42.60731319554849,אחוז הצבעה בקלפי
חדרה,6500,95.1,655,398,60.76335877862596,אחוז הצבעה בקלפי
חדרה,6500,95.2,655,418,63.81679389312978,אחוז הצבעה בקלפי
חדרה,6500,95.3,655,426,65.0381679389313,אחוז הצבעה בקלפי
חדרה,6500,95.4,655,405,61.832061068702295,אחוז הצבעה בקלפי
חדרה,6500,95.5,653,392,60.03062787136294,אחוז הצבעה בקלפי
חדרה,6500,96.0,650,402,61.846153846153854,אחוז הצבעה בקלפי
חדרה,6500,97.1,674,394,58.45697329376854,אחוז הצבעה בקלפי
חדרה,6500,97.2,674,396,58.753709198813056,אחוז הצבעה בקלפי
חדרה,6500,97.3,674,379,56.23145400593472,אחוז הצבעה בקלפי
חדרה,6500,97.4,674,393,58.30860534124629,אחוז הצבעה בקלפי
חדרה,6500,97.5,674,387,57.418397626112764,אחוז הצבעה בקלפי
חדרה,6500,101.0,600,430,71.66666666666667,אחוז הצבעה בקלפי
חדרה,6500,107.1,636,411,64.62264150943396,אחוז הצבעה בקלפי
חדרה,6500,107.2,636,396,62.264150943396224,אחוז הצבעה בקלפי
חדרה,6500,107.3,636,416,65.40880503144653,אחוז הצבעה בקלפי
חדרה,6500,107.4,636,409,64.30817610062893,אחוז הצבעה בקלפי
חדרה,6500,107.5,635,383,60.31496062992125,אחוז הצבעה בקלפי
חדרה,6500,110.1,672,405,60.26785714285714,אחוז הצבעה בקלפי
חדרה,6500,110.2,672,403,59.970238095238095,אחוז הצבעה בקלפי
חדרה,6500,110.3,672,404,60.11904761904761,אחוז הצבעה בקלפי
חדרה,6500,110.4,671,411,61.25186289120715,אחוז הצבעה בקלפי
חדרה,6500,113.1,675,470,69.62962962962963,אחוז הצבעה בקלפי
חדרה,6500,113.2,675,491,72.74074074074073,אחוז הצבעה בקלפי
חדרה,6500,113.3,675,469,69.48148148148148,אחוז הצבעה בקלפי
חדרה,6500,113.4,675,503,74.51851851851852,אחוז הצבעה בקלפי
חדרה,6500,115.0,454,323,71.1453744493392,אחוז הצבעה בקלפי
חדרה,6500,119.0,611,434,71.03109656301146,אחוז הצבעה בקלפי
חדרה,6500,121.1,579,442,76.3385146804836,אחוז הצבעה בקלפי
חדרה,6500,121.2,579,448,77.37478411053542,אחוז הצבעה בקלפי
חדרה,6500,121.3,579,424,73.22970639032815,אחוז הצבעה בקלפי
חדרה,6500,121.4,579,423,73.05699481865285,אחוז הצבעה בקלפי
חדרה,6500,121.5,577,430,74.52339688041594,אחוז הצבעה בקלפי
חדרה,6500,125.0,625,450,72.0,אחוז הצבעה בקלפי
חדרה,6500,951.1,653,451,69.06584992343032,אחוז הצבעה בקלפי
חדרה,6500,951.2,653,412,63.09341500765697,אחוז הצבעה בקלפי
חדרה,6500,951.3,653,411,62.94027565084227,אחוז הצבעה בקלפי
חדרה,6500,951.4,652,442,67.79141104294479,אחוז הצבעה בקלפי
חולדה,160,1.1,356,273,76.68539325842697,אחוז הצבעה בקלפי
חולדה,160,1.2,356,279,78.37078651685393,אחוז הצבעה בקלפי
חולון,6600,34.0,626,416,66.45367412140575,אחוז הצבעה בקלפי
חולון,6600,36.0,524,286,54.58015267175572,אחוז הצבעה בקלפי
חולון,6600,41.0,504,264,52.38095238095239,אחוז הצבעה בקלפי
חולון,6600,44.0,467,334,71.5203426124197,אחוז הצבעה בקלפי
חולון,6600,47.0,548,352,64.23357664233576,אחוז הצבעה בקלפי
חולון,6600,51.0,434,254,58.525345622119815,אחוז הצבעה בקלפי
חולון,6600,52.0,558,367,65.77060931899642,אחוז הצבעה בקלפי
חולון,6600,62.0,469,318,67.80383795309169,אחוז הצבעה בקלפי
חולון,6600,65.1,663,446,67.26998491704374,אחוז הצבעה בקלפי
חולון,6600,65.2,663,422,63.65007541478129,אחוז הצבעה בקלפי
חולון,6600,65.3,663,460,69.3815987933635,אחוז הצבעה בקלפי
חולון,6600,65.4,663,452,68.17496229260935,אחוז הצבעה בקלפי
חולון,6600,65.5,663,459,69.23076923076923,אחוז הצבעה בקלפי
חולון,6600,65.6,663,420,63.348416289592755,אחוז הצבעה בקלפי
חולון,6600,65.7,658,433,65.80547112462007,אחוז הצבעה בקלפי
חולון,6600,68.0,485,270,55.670103092783506,אחוז הצבעה בקלפי
חולון,6600,72.0,570,350,61.40350877192983,אחוז הצבעה בקלפי
חולון,6600,78.1,633,386,60.97946287519748,אחוז הצבעה בקלפי
חולון,6600,78.2,633,374,59.08372827804107,אחוז הצבעה בקלפי
חולון,6600,78.3,633,389,61.45339652448657,אחוז הצבעה בקלפי
חולון,6600,78.4,633,432,68.24644549763033,אחוז הצבעה בקלפי
חולון,6600,78.5,633,400,63.191153238546605,אחוז הצבעה בקלפי
חולון,6600,78.6,633,374,59.08372827804107,אחוז הצבעה בקלפי
חולון,6600,78.7,633,407,64.29699842022117,אחוז הצבעה בקלפי
חולון,6600,183.0,642,418,65.10903426791276,אחוז הצבעה בקלפי
חולון,6600,225.1,565,370,65.48672566371681,אחוז הצבעה בקלפי
חולון,6600,225.2,565,385,68.14159292035397,אחוז הצבעה בקלפי
חולון,6600,225.3,565,375,66.3716814159292,אחוז הצבעה בקלפי
חולון,6600,225.4,565,368,65.13274336283186,אחוז הצבעה בקלפי
חולון,6600,225.5,564,378,67.02127659574468,אחוז הצבעה בקלפי
חולון,6600,239.0,572,329,57.51748251748252,אחוז הצבעה בקלפי
חולון,6600,246.1,684,432,63.1578947368421,אחוז הצבעה בקלפי
חולון,6600,246.2,684,412,60.23391812865497,אחוז הצבעה בקלפי
חולון,6600,246.3,684,456,66.66666666666666,אחוז הצבעה בקלפי
חולון,6600,246.4,684,402,58.77192982456141,אחוז הצבעה בקלפי
חולון,6600,246.5,682,417,61.14369501466276,אחוז הצבעה בקלפי
חולון,6600,260.0,548,340,62.04379562043796,אחוז הצבעה בקלפי
חולון,6600,55.0,485,230,47.42268041237113,אחוז הצבעה בקלפי
חולון,6600,56.0,638,311,48.7460815047022,אחוז הצבעה בקלפי
חולון,6600,57.0,648,324,50.0,אחוז הצבעה בקלפי
חולון,6600,58.0,399,261,65.41353383458647,אחוז הצבעה בקלפי
חולון,6600,60.0,671,340,50.670640834575266,אחוז הצבעה בקלפי
חולון,6600,61.0,698,452,64.75644699140402,אחוז הצבעה בקלפי
חולון,6600,70.0,567,270,47.61904761904761,אחוז הצבעה בקלפי
חולון,6600,71.0,557,255,45.78096947935368,אחוז הצבעה בקלפי
חולון,6600,85.0,613,351,57.25938009787929,אחוז הצבעה בקלפי
חולון,6600,86.0,650,394,60.61538461538461,אחוז הצבעה בקלפי
חולון,6600,88.0,626,357,57.02875399361022,אחוז הצבעה בקלפי
חולון,6600,89.0,540,307,56.851851851851855,אחוז הצבעה בקלפי
חולון,6600,90.0,507,343,67.65285996055226,אחוז הצבעה בקלפי
חולון,6600,93.0,645,355,55.03875968992248,אחוז הצבעה בקלפי
חולון,6600,94.0,653,378,57.88667687595712,אחוז הצבעה בקלפי
חולון,6600,97.0,533,345,64.72795497185741,אחוז הצבעה בקלפי
חולון,6600,101.0,674,436,64.68842729970326,אחוז הצבעה בקלפי
חולון,6600,102.0,560,346,61.78571428571429,אחוז הצבעה בקלפי
חולון,6600,104.0,534,349,65.3558052434457,אחוז הצבעה בקלפי
חולון,6600,105.0,514,307,59.72762645914397,אחוז הצבעה בקלפי
חולון,6600,107.0,660,428,64.84848484848484,אחוז הצבעה בקלפי
חולון,6600,110.0,580,371,63.96551724137931,אחוז הצבעה בקלפי
חולון,6600,111.0,525,344,65.52380952380953,אחוז הצבעה בקלפי
חולון,6600,113.1,647,427,65.9969088098918,אחוז הצבעה בקלפי
חולון,6600,113.2,647,431,66.61514683153014,אחוז הצבעה בקלפי
חולון,6600,113.3,647,430,66.46058732612056,אחוז הצבעה בקלפי
חולון,6600,113.4,645,432,66.97674418604652,אחוז הצבעה בקלפי
חולון,6600,119.0,664,315,47.43975903614458,אחוז הצבעה בקלפי
חולון,6600,125.0,588,311,52.89115646258503,אחוז הצבעה בקלפי
חולון,6600,126.0,524,279,53.24427480916031,אחוז הצבעה בקלפי
חולון,6600,127.0,496,292,58.87096774193549,אחוז הצבעה בקלפי
חולון,6600,131.0,585,301,51.45299145299145,אחוז הצבעה בקלפי
חולון,6600,133.1,599,341,56.92821368948246,אחוז הצבעה בקלפי
חולון,6600,133.2,599,346,57.76293823038397,אחוז הצבעה בקלפי
חולון,6600,133.3,599,356,59.432387312186975,אחוז הצבעה בקלפי
חולון,6600,133.4,599,367,61.26878130217028,אחוז הצבעה בקלפי
חולון,6600,133.5,599,319,53.255425709515855,אחוז הצבעה בקלפי
חולון,6600,133.6,598,321,53.67892976588629,אחוז הצבעה בקלפי
חולון,6600,135.0,608,339,55.75657894736842,אחוז הצבעה בקלפי
חולון,6600,137.0,509,290,56.97445972495089,אחוז הצבעה בקלפי
חולון,6600,158.0,551,367,66.60617059891108,אחוז הצבעה בקלפי
חולון,6600,159.0,517,305,58.99419729206963,אחוז הצבעה בקלפי
חולון,6600,181.0,655,335,51.14503816793893,אחוז הצבעה בקלפי
חולון,6600,186.1,623,358,57.46388443017657,אחוז הצבעה בקלפי
חולון,6600,186.2,623,331,53.13001605136437,אחוז הצבעה בקלפי
חולון,6600,186.3,623,356,57.14285714285714,אחוז הצבעה בקלפי
חולון,6600,186.4,623,354,56.82182985553772,אחוז הצבעה בקלפי
חולון,6600,186.5,621,356,57.326892109500804,אחוז הצבעה בקלפי
חולון,6600,191.0,566,351,62.014134275618375,אחוז הצבעה בקלפי
חולון,6600,193.0,579,315,54.40414507772021,אחוז הצבעה בקלפי
חולון,6600,194.0,559,376,67.26296958855099,אחוז הצבעה בקלפי
חולון,6600,197.0,594,381,64.14141414141415,אחוז הצבעה בקלפי
חולון,6600,198.0,586,350,59.72696245733788,אחוז הצבעה בקלפי
חולון,6600,204.0,415,239,57.59036144578313,אחוז הצבעה בקלפי
חולון,6600,228.1,700,363,51.857142857142854,אחוז הצבעה בקלפי
חולון,6600,228.2,700,365,52.142857142857146,אחוז הצבעה בקלפי
חולון,6600,228.3,700,341,48.714285714285715,אחוז הצבעה בקלפי
חולון,6600,234.0,644,357,55.434782608695656,אחוז הצבעה בקלפי
חולון,6600,33.1,654,356,54.43425076452599,אחוז הצבעה בקלפי
חולון,6600,33.2,654,324,49.54128440366973,אחוז הצבעה בקלפי
חולון,6600,33.3,654,357,54.58715596330275,אחוז הצבעה בקלפי
חולון,6600,33.4,654,331,50.61162079510704,אחוז הצבעה בקלפי
חולון,6600,33.5,650,319,49.07692307692308,אחוז הצבעה בקלפי
חולון,6600,39.1,633,372,58.767772511848335,אחוז הצבעה בקלפי
חולון,6600,39.2,633,355,56.08214849921011,אחוז הצבעה בקלפי
חולון,6600,39.3,633,378,59.71563981042654,אחוז הצבעה בקלפי
חולון,6600,39.4,633,348,54.976303317535546,אחוז הצבעה בקלפי
חולון,6600,39.5,632,370,58.54430379746836,אחוז הצבעה בקלפי
חולון,6600,112.0,566,369,65.19434628975264,אחוז הצבעה בקלפי
חולון,6600,120.0,478,296,61.92468619246861,אחוז הצבעה בקלפי
חולון,6600,122.1,697,510,73.17073170731707,אחוז הצבעה בקלפי
חולון,6600,122.2,697,500,71.73601147776183,אחוז הצבעה בקלפי
חולון,6600,122.3,697,514,73.74461979913917,אחוז הצבעה בקלפי
חולון,6600,122.4,697,525,75.32281205164992,אחוז הצבעה בקלפי
חולון,6600,122.5,697,527,75.60975609756098,אחוז הצבעה בקלפי
חולון,6600,122.6,697,483,69.29698708751793,אחוז הצבעה בקלפי
חולון,6600,122.7,694,479,69.02017291066282,אחוז הצבעה בקלפי
חולון,6600,130.0,624,453,72.59615384615384,אחוז הצבעה בקלפי
חולון,6600,132.0,534,378,70.78651685393258,אחוז הצבעה בקלפי
חולון,6600,155.0,675,469,69.48148148148148,אחוז הצבעה בקלפי
חולון,6600,156.0,661,474,71.70953101361573,אחוז הצבעה בקלפי
חולון,6600,157.0,652,461,70.70552147239265,אחוז הצבעה בקלפי
חולון,6600,178.1,651,462,70.96774193548387,אחוז הצבעה בקלפי
חולון,6600,178.2,651,478,73.42549923195084,אחוז הצבעה בקלפי
חולון,6600,178.3,651,479,73.57910906298002,אחוז הצבעה בקלפי
חולון,6600,178.4,651,483,74.19354838709677,אחוז הצבעה בקלפי
חולון,6600,178.5,651,435,66.82027649769586,אחוז הצבעה בקלפי
חולון,6600,178.6,649,456,70.26194144838213,אחוז הצבעה בקלפי
חולון,6600,192.0,614,377,61.40065146579805,אחוז הצבעה בקלפי
חולון,6600,195.0,543,315,58.011049723756905,אחוז הצבעה בקלפי
חולון,6600,223.1,688,485,70.49418604651163,אחוז הצבעה בקלפי
חולון,6600,223.2,688,460,66.86046511627907,אחוז הצבעה בקלפי
חולון,6600,223.3,688,475,69.04069767441861,אחוז הצבעה בקלפי
חולון,6600,223.4,688,479,69.62209302325581,אחוז הצבעה בקלפי
חולון,6600,223.5,685,505,73.72262773722628,אחוז הצבעה בקלפי
חולון,6600,253.1,617,457,74.06807131280388,אחוז הצבעה בקלפי
חולון,6600,253.2,617,488,79.09238249594813,אחוז הצבעה בקלפי
חולון,6600,253.3,617,490,79.4165316045381,אחוז הצבעה בקלפי
חולון,6600,253.4,617,483,78.28200972447326,אחוז הצבעה בקלפי
חולון,6600,253.5,617,496,80.38897893030794,אחוז הצבעה בקלפי
חולון,6600,253.6,617,484,78.44408427876823,אחוז הצבעה בקלפי
חולון,6600,253.7,614,467,76.0586319218241,אחוז הצבעה בקלפי
חולון,6600,254.0,681,528,77.5330396475771,אחוז הצבעה בקלפי
חולון,6600,956.1,537,414,77.09497206703911,אחוז הצבעה בקלפי
חולון,6600,956.2,537,418,77.83985102420856,אחוז הצבעה בקלפי
חולון,6600,956.3,537,408,75.97765363128491,אחוז הצבעה בקלפי
חולון,6600,956.4,536,429,80.03731343283582,אחוז הצבעה בקלפי
חולון,6600,1.0,659,447,67.83004552352048,אחוז הצבעה בקלפי
חולון,6600,2.0,646,465,71.9814241486068,אחוז הצבעה בקלפי
חולון,6600,4.1,551,387,70.23593466424683,אחוז הצבעה בקלפי
חולון,6600,4.2,551,354,64.24682395644284,אחוז הצבעה בקלפי
חולון,6600,4.3,549,344,62.659380692167574,אחוז הצבעה בקלפי
חולון,6600,7.0,545,437,80.18348623853211,אחוז הצבעה בקלפי
חולון,6600,8.1,660,464,70.3030303030303,אחוז הצבעה בקלפי
חולון,6600,8.2,660,487,73.7878787878788,אחוז הצבעה בקלפי
חולון,6600,8.3,660,435,65.9090909090909,אחוז הצבעה בקלפי
חולון,6600,9.0,582,389,66.83848797250859,אחוז הצבעה בקלפי
חולון,6600,10.0,610,409,67.04918032786885,אחוז הצבעה בקלפי
חולון,6600,13.0,590,399,67.62711864406779,אחוז הצבעה בקלפי
חולון,6600,21.1,605,393,64.95867768595042,אחוז הצבעה בקלפי
חולון,6600,21.2,605,359,59.33884297520661,אחוז הצבעה בקלפי
חולון,6600,21.3,605,411,67.93388429752066,אחוז הצבעה בקלפי
חולון,6600,21.4,605,417,68.92561983471074,אחוז הצבעה בקלפי
חולון,6600,21.5,603,380,63.018242122719734,אחוז הצבעה בקלפי
חולון,6600,140.1,676,436,64.49704142011834,אחוז הצבעה בקלפי
חולון,6600,140.2,676,431,63.75739644970414,אחוז הצבעה בקלפי
חולון,6600,140.3,676,393,58.13609467455622,אחוז הצבעה בקלפי
חולון,6600,140.4,676,463,68.49112426035504,אחוז הצבעה בקלפי
חולון,6600,140.5,676,392,57.98816568047337,אחוז הצבעה בקלפי
חולון,6600,140.6,676,399,59.02366863905325,אחוז הצבעה בקלפי
חולון,6600,140.7,673,416,61.812778603268946,אחוז הצבעה בקלפי
חולון,6600,166.1,686,419,61.07871720116618,אחוז הצבעה בקלפי
חולון,6600,166.2,686,442,64.43148688046647,אחוז הצבעה בקלפי
חולון,6600,166.3,686,434,63.26530612244898,אחוז הצבעה בקלפי
חולון,6600,166.4,684,417,60.96491228070175,אחוז הצבעה בקלפי
חולון,6600,185.1,574,388,67.59581881533101,אחוז הצבעה בקלפי
חולון,6600,185.2,574,366,63.76306620209059,אחוז הצבעה בקלפי
חולון,6600,185.3,574,361,62.89198606271778,אחוז הצבעה בקלפי
חולון,6600,185.4,574,376,65.50522648083623,אחוז הצבעה בקלפי
חולון,6600,244.1,577,378,65.51126516464471,אחוז הצבעה בקלפי
חולון,6600,244.2,577,399,69.15077989601387,אחוז הצבעה בקלפי
חולון,6600,244.3,577,370,64.12478336221838,אחוז הצבעה בקלפי
חולון,6600,244.4,577,385,66.72443674176776,אחוז הצבעה בקלפי
חולון,6600,244.5,575,376,65.39130434782608,אחוז הצבעה בקלפי
חולון,6600,15.0,614,461,75.0814332247557,אחוז הצבעה בקלפי
חולון,6600,16.0,598,443,74.08026755852842,אחוז הצבעה בקלפי
חולון,6600,19.0,510,318,62.35294117647059,אחוז הצבעה בקלפי
חולון,6600,23.0,619,332,53.63489499192246,אחוז הצבעה בקלפי
חולון,6600,28.1,637,346,54.3171114599686,אחוז הצבעה בקלפי
חולון,6600,28.2,637,326,51.177394034536896,אחוז הצבעה בקלפי
חולון,6600,28.3,637,351,55.10204081632652,אחוז הצבעה בקלפי
חולון,6600,28.4,637,379,59.49764521193093,אחוז הצבעה בקלפי
חולון,6600,28.5,637,369,57.927786499215074,אחוז הצבעה בקלפי
חולון,6600,28.6,637,297,46.62480376766091,אחוז הצבעה בקלפי
חולון,6600,28.7,633,341,53.87045813586098,אחוז הצבעה בקלפי
חולון,6600,29.0,619,363,58.64297253634895,אחוז הצבעה בקלפי
חולון,6600,67.1,663,420,63.348416289592755,אחוז הצבעה בקלפי
חולון,6600,67.2,663,418,63.04675716440422,אחוז הצבעה בקלפי
חולון,6600,67.3,663,416,62.745098039215684,אחוז הצבעה בקלפי
חולון,6600,67.4,660,391,59.24242424242424,אחוז הצבעה בקלפי
חולון,6600,99.0,646,499,77.24458204334366,אחוז הצבעה בקלפי
חולון,6600,123.0,647,385,59.50540958268934,אחוז הצבעה בקלפי
חולון,6600,124.0,610,383,62.78688524590164,אחוז הצבעה בקלפי
חולון,6600,136.0,607,321,52.883031301482696,אחוז הצבעה בקלפי
חולון,6600,138.0,642,330,51.4018691588785,אחוז הצבעה בקלפי
חולון,6600,139.0,680,328,48.23529411764706,אחוז הצבעה בקלפי
חולון,6600,141.0,671,438,65.27570789865872,אחוז הצבעה בקלפי
חולון,6600,143.0,644,319,49.53416149068323,אחוז הצבעה בקלפי
חולון,6600,144.0,576,429,74.47916666666666,אחוז הצבעה בקלפי
חולון,6600,146.0,641,357,55.69422776911076,אחוז הצבעה בקלפי
חולון,6600,147.0,660,339,51.36363636363637,אחוז הצבעה בקלפי
חולון,6600,148.0,608,315,51.80921052631579,אחוז הצבעה בקלפי
חולון,6600,152.0,606,427,70.46204620462046,אחוז הצבעה בקלפי
חולון,6600,153.0,675,475,70.37037037037037,אחוז הצבעה בקלפי
חולון,6600,154.0,509,363,71.31630648330058,אחוז הצבעה בקלפי
חולון,6600,161.0,645,342,53.02325581395348,אחוז הצבעה בקלפי
חולון,6600,162.0,647,426,65.84234930448223,אחוז הצבעה בקלפי
חולון,6600,205.0,626,370,59.105431309904155,אחוז הצבעה בקלפי
חולון,6600,208.1,633,419,66.19273301737756,אחוז הצבעה בקלפי
חולון,6600,208.2,633,405,63.98104265402843,אחוז הצבעה בקלפי
חולון,6600,208.3,633,408,64.45497630331754,אחוז הצבעה בקלפי
חולון,6600,208.4,632,369,58.38607594936709,אחוז הצבעה בקלפי
חולון,6600,210.0,524,372,70.99236641221374,אחוז הצבעה בקלפי
חולון,6600,215.0,639,428,66.97965571205008,אחוז הצבעה בקלפי
חולון,6600,263.0,586,430,73.37883959044369,אחוז הצבעה בקלפי
חולון,6600,31.1,652,459,70.39877300613497,אחוז הצבעה בקלפי
חולון,6600,31.2,652,424,65.03067484662577,אחוז הצבעה בקלפי
חולון,6600,42.1,692,458,66.1849710982659,אחוז הצבעה בקלפי
חולון,6600,42.2,692,434,62.71676300578035,אחוז הצבעה בקלפי
חולון,6600,42.3,690,434,62.89855072463768,אחוז הצבעה בקלפי
חולון,6600,87.0,666,330,49.549549549549546,אחוז הצבעה בקלפי
חולון,6600,91.0,620,294,47.41935483870968,אחוז הצבעה בקלפי
חולון,6600,114.0,617,323,52.35008103727715,אחוז הצבעה בקלפי
חולון,6600,180.1,677,509,75.18463810930575,אחוז הצבעה בקלפי
חולון,6600,180.2,677,464,68.53766617429838,אחוז הצבעה בקלפי
חולון,6600,180.3,677,498,73.55982274741507,אחוז הצבעה בקלפי
חולון,6600,180.4,677,473,69.86706056129985,אחוז הצבעה בקלפי
חולון,6600,180.5,674,462,68.5459940652819,אחוז הצבעה בקלפי
חולון,6600,187.1,566,404,71.37809187279152,אחוז הצבעה בקלפי
חולון,6600,187.2,566,426,75.26501766784452,אחוז הצבעה בקלפי
חולון,6600,187.3,566,404,71.37809187279152,אחוז הצבעה בקלפי
חולון,6600,187.4,566,396,69.96466431095406,אחוז הצבעה בקלפי
חולון,6600,187.5,563,395,70.15985790408526,אחוז הצבעה בקלפי
חולון,6600,232.1,550,381,69.27272727272728,אחוז הצבעה בקלפי
חולון,6600,232.2,550,395,71.81818181818181,אחוז הצבעה בקלפי
חולון,6600,232.3,550,371,67.45454545454545,אחוז הצבעה בקלפי
חולון,6600,232.4,547,384,70.20109689213893,אחוז הצבעה בקלפי
חולון,6600,257.1,558,361,64.69534050179212,אחוז הצבעה בקלפי
חולון,6600,257.2,558,401,71.86379928315412,אחוז הצבעה בקלפי
חולון,6600,257.3,558,365,65.41218637992831,אחוז הצבעה בקלפי
חולון,6600,257.4,558,409,73.29749103942652,אחוז הצבעה בקלפי
חולון,6600,266.1,681,506,74.30249632892804,אחוז הצבעה בקלפי
חולון,6600,266.2,681,533,78.26725403817915,אחוז הצבעה בקלפי
חולון,6600,266.3,681,530,77.82672540381792,אחוז הצבעה בקלפי
חולון,6600,266.4,681,497,72.98091042584434,אחוז הצבעה בקלפי
חולון,6600,266.5,681,521,76.5051395007342,אחוז הצבעה בקלפי
חולון,6600,266.6,681,519,76.2114537444934,אחוז הצבעה בקלפי
חולון,6600,953.1,661,509,77.00453857791226,אחוז הצבעה בקלפי
חולון,6600,953.2,661,500,75.642965204236,אחוז הצבעה בקלפי
חולון,6600,953.3,661,527,79.72768532526476,אחוז הצבעה בקלפי
חולון,6600,953.4,661,472,71.40695915279879,אחוז הצבעה בקלפי
חולון,6600,953.5,659,493,74.81031866464339,אחוז הצבעה בקלפי
חולית,1239,1.0,141,93,65.95744680851064,אחוז הצבעה בקלפי
חולתה,253,1.0,482,349,72.40663900414937,אחוז הצבעה בקלפי
חוסן,662,1.1,395,281,71.13924050632912,אחוז הצבעה בקלפי
חוסן,662,1.2,394,277,70.30456852791879,אחוז הצבעה בקלפי
חוסנייה,1332,1.0,607,330,54.36573311367381,אחוז הצבעה בקלפי
חופית,115,1.1,394,286,72.58883248730965,אחוז הצבעה בקלפי
חופית,115,1.2,394,288,73.09644670050761,אחוז הצבעה בקלפי
חוקוק,374,1.0,495,331,66.86868686868686,אחוז הצבעה בקלפי
חורה,1303,1.0,634,199,31.38801261829653,אחוז הצבעה בקלפי
חורה,1303,5.1,380,177,46.578947368421055,אחוז הצבעה בקלפי
חורה,1303,5.2,379,175,46.17414248021108,אחוז הצבעה בקלפי
חורה,1303,7.1,683,262,38.3601756954612,אחוז הצבעה בקלפי
חורה,1303,7.2,683,417,61.05417276720352,אחוז הצבעה בקלפי
חורה,1303,9.1,648,356,54.93827160493827,אחוז הצבעה בקלפי
חורה,1303,9.2,648,354,54.629629629629626,אחוז הצבעה בקלפי
חורה,1303,9.3,647,329,50.8500772797527,אחוז הצבעה בקלפי
חורה,1303,10.0,687,275,40.02911208151383,אחוז הצבעה בקלפי
חורה,1303,11.0,573,206,35.95113438045375,אחוז הצבעה בקלפי
חורה,1303,12.0,636,341,53.61635220125787,אחוז הצבעה בקלפי
חורה,1303,13.1,697,420,60.258249641319935,אחוז הצבעה בקלפי
חורה,1303,13.2,697,491,70.44476327116213,אחוז הצבעה בקלפי
חורה,1303,13.3,697,388,55.66714490674318,אחוז הצבעה בקלפי
חורה,1303,14.0,657,193,29.37595129375951,אחוז הצבעה בקלפי
חורפיש,496,1.0,685,346,50.51094890510949,אחוז הצבעה בקלפי
חורפיש,496,2.0,645,322,49.92248062015504,אחוז הצבעה בקלפי
חורפיש,496,3.1,370,206,55.67567567567567,אחוז הצבעה בקלפי
חורפיש,496,3.2,370,192,51.891891891891895,אחוז הצבעה בקלפי
חורפיש,496,4.0,660,418,63.33333333333333,אחוז הצבעה בקלפי
חורפיש,496,5.0,689,379,55.00725689404935,אחוז הצבעה בקלפי
חורפיש,496,6.0,666,304,45.645645645645644,אחוז הצבעה בקלפי
חורפיש,496,7.1,376,215,57.180851063829785,אחוז הצבעה בקלפי
חורפיש,496,7.2,375,204,54.400000000000006,אחוז הצבעה בקלפי
חורשים,355,1.0,307,208,67.75244299674267,אחוז הצבעה בקלפי
חזון,1047,1.0,255,221,86.66666666666667,אחוז הצבעה בקלפי
חיבת ציון,219,1.0,536,425,79.2910447761194,אחוז הצבעה בקלפי
חיננית,3643,1.0,489,355,72.59713701431492,אחוז הצבעה בקלפי
חיננית,3643,2.0,413,330,79.90314769975787,אחוז הצבעה בקלפי
חיפה,4000,2.0,549,152,27.686703096539162,אחוז הצבעה בקלפי
חיפה,4000,50.0,514,212,41.245136186770424,אחוז הצבעה בקלפי
חיפה,4000,74.0,574,109,18.989547038327526,אחוז הצבעה בקלפי
חיפה,4000,75.0,696,349,50.143678160919535,אחוז הצבעה בקלפי
חיפה,4000,77.0,631,300,47.543581616481774,אחוז הצבעה בקלפי
חיפה,4000,79.0,445,218,48.98876404494382,אחוז הצבעה בקלפי
חיפה,4000,80.0,508,267,52.55905511811023,אחוז הצבעה בקלפי
חיפה,4000,81.0,683,316,46.266471449487554,אחוז הצבעה בקלפי
חיפה,4000,83.0,466,198,42.48927038626609,אחוז הצבעה בקלפי
חיפה,4000,88.0,608,279,45.88815789473684,אחוז הצבעה בקלפי
חיפה,4000,275.1,580,341,58.793103448275865,אחוז הצבעה בקלפי
חיפה,4000,275.2,580,319,55.00000000000001,אחוז הצבעה בקלפי
חיפה,4000,275.3,580,297,51.206896551724135,אחוז הצבעה בקלפי
חיפה,4000,275.4,580,315,54.310344827586206,אחוז הצבעה בקלפי
חיפה,4000,275.5,578,316,54.67128027681662,אחוז הצבעה בקלפי
חיפה,4000,277.0,458,232,50.65502183406113,אחוז הצבעה בקלפי
חיפה,4000,279.0,487,247,50.71868583162218,אחוז הצבעה בקלפי
חיפה,4000,280.0,595,193,32.436974789915965,אחוז הצבעה בקלפי
חיפה,4000,281.0,561,303,54.01069518716578,אחוז הצבעה בקלפי
חיפה,4000,290.0,657,313,47.64079147640791,אחוז הצבעה בקלפי
חיפה,4000,291.0,556,226,40.647482014388494,אחוז הצבעה בקלפי
חיפה,4000,297.0,594,226,38.04713804713805,אחוז הצבעה בקלפי
חיפה,4000,298.1,371,164,44.20485175202156,אחוז הצבעה בקלפי
חיפה,4000,298.2,370,143,38.648648648648646,אחוז הצבעה בקלפי
חיפה,4000,299.0,633,205,32.38546603475513,אחוז הצבעה בקלפי
חיפה,4000,301.0,582,152,26.11683848797251,אחוז הצבעה בקלפי
חיפה,4000,52.1,640,261,40.78125,אחוז הצבעה בקלפי
חיפה,4000,52.2,640,202,31.5625,אחוז הצבעה בקלפי
חיפה,4000,52.3,640,186,29.062500000000004,אחוז הצבעה בקלפי
חיפה,4000,52.4,640,214,33.4375,אחוז הצבעה בקלפי
חיפה,4000,306.0,532,140,26.31578947368421,אחוז הצבעה בקלפי
חיפה,4000,335.1,534,209,39.13857677902622,אחוז הצבעה בקלפי
חיפה,4000,335.2,534,214,40.074906367041194,אחוז הצבעה בקלפי
חיפה,4000,339.0,597,232,38.860971524288104,אחוז הצבעה בקלפי
חיפה,4000,375.0,636,228,35.84905660377358,אחוז הצבעה בקלפי
חיפה,4000,377.0,636,226,35.53459119496855,אחוז הצבעה בקלפי
חיפה,4000,379.0,617,143,23.176661264181522,אחוז הצבעה בקלפי
חיפה,4000,381.0,533,224,42.026266416510325,אחוז הצבעה בקלפי
חיפה,4000,382.0,629,218,34.65818759936407,אחוז הצבעה בקלפי
חיפה,4000,384.0,528,196,37.121212121212125,אחוז הצבעה בקלפי
חיפה,4000,387.1,666,237,35.585585585585584,אחוז הצבעה בקלפי
חיפה,4000,387.2,666,189,28.37837837837838,אחוז הצבעה בקלפי
חיפה,4000,388.0,603,202,33.499170812603644,אחוז הצבעה בקלפי
חיפה,4000,430.0,509,205,40.27504911591356,אחוז הצבעה בקלפי
חיפה,4000,58.1,530,181,34.15094339622641,אחוז הצבעה בקלפי
חיפה,4000,58.2,530,169,31.886792452830186,אחוז הצבעה בקלפי
חיפה,4000,304.1,681,214,31.42437591776799,אחוז הצבעה בקלפי
חיפה,4000,304.2,680,225,33.088235294117645,אחוז הצבעה בקלפי
חיפה,4000,318.1,469,200,42.643923240938165,אחוז הצבעה בקלפי
חיפה,4000,318.2,469,169,36.034115138592746,אחוז הצבעה בקלפי
חיפה,4000,318.3,468,209,44.65811965811966,אחוז הצבעה בקלפי
חיפה,4000,320.1,621,351,56.52173913043478,אחוז הצבעה בקלפי
חיפה,4000,320.2,621,377,60.7085346215781,אחוז הצבעה בקלפי
חיפה,4000,320.3,621,359,57.80998389694042,אחוז הצבעה בקלפי
חיפה,4000,320.4,621,354,57.00483091787439,אחוז הצבעה בקלפי
חיפה,4000,320.5,621,399,64.25120772946859,אחוז הצבעה בקלפי
חיפה,4000,320.6,617,375,60.777957860615885,אחוז הצבעה בקלפי
חיפה,4000,327.0,561,237,42.24598930481284,אחוז הצבעה בקלפי
חיפה,4000,328.0,573,367,64.04886561954625,אחוז הצבעה בקלפי
חיפה,4000,343.1,581,322,55.42168674698795,אחוז הצבעה בקלפי
חיפה,4000,343.2,581,409,70.39586919104991,אחוז הצבעה בקלפי
חיפה,4000,343.3,581,378,65.06024096385542,אחוז הצבעה בקלפי
חיפה,4000,343.4,581,354,60.92943201376936,אחוז הצבעה בקלפי
חיפה,4000,343.5,577,426,73.83015597920277,אחוז הצבעה בקלפי
חיפה,4000,344.1,607,224,36.902800658978585,אחוז הצבעה בקלפי
חיפה,4000,344.2,607,227,37.39703459637562,אחוז הצבעה בקלפי
חיפה,4000,344.3,607,239,39.373970345963755,אחוז הצבעה בקלפי
חיפה,4000,344.4,607,222,36.57331136738056,אחוז הצבעה בקלפי
חיפה,4000,344.5,607,201,33.113673805601316,אחוז הצבעה בקלפי
חיפה,4000,344.6,604,216,35.76158940397351,אחוז הצבעה בקלפי
חיפה,4000,990.1,564,153,27.127659574468083,אחוז הצבעה בקלפי
חיפה,4000,990.2,564,141,25.0,אחוז הצבעה בקלפי
חיפה,4000,267.0,422,191,45.26066350710901,אחוז הצבעה בקלפי
חיפה,4000,268.0,483,197,40.78674948240166,אחוז הצבעה בקלפי
חיפה,4000,283.1,676,321,47.485207100591715,אחוז הצבעה בקלפי
חיפה,4000,283.2,676,309,45.710059171597635,אחוז הצבעה בקלפי
חיפה,4000,283.3,676,296,43.786982248520715,אחוז הצבעה בקלפי
חיפה,4000,284.0,571,214,37.478108581436075,אחוז הצבעה בקלפי
חיפה,4000,287.1,613,249,40.61990212071778,אחוז הצבעה בקלפי
חיפה,4000,287.2,613,247,40.29363784665579,אחוז הצבעה בקלפי
חיפה,4000,287.3,613,239,38.988580750407834,אחוז הצבעה בקלפי
חיפה,4000,287.4,613,238,38.825448613376835,אחוז הצבעה בקלפי
חיפה,4000,287.5,610,233,38.196721311475414,אחוז הצבעה בקלפי
חיפה,4000,319.0,502,315,62.74900398406375,אחוז הצבעה בקלפי
חיפה,4000,325.0,438,269,61.41552511415526,אחוז הצבעה בקלפי
חיפה,4000,337.1,584,235,40.23972602739726,אחוז הצבעה בקלפי
חיפה,4000,337.2,584,234,40.06849315068493,אחוז הצבעה בקלפי
חיפה,4000,337.3,582,228,39.175257731958766,אחוז הצבעה בקלפי
חיפה,4000,345.1,658,351,53.34346504559271,אחוז הצבעה בקלפי
חיפה,4000,345.2,658,351,53.34346504559271,אחוז הצבעה בקלפי
חיפה,4000,345.3,656,332,50.609756097560975,אחוז הצבעה בקלפי
חיפה,4000,347.0,482,250,51.867219917012456,אחוז הצבעה בקלפי
חיפה,4000,348.0,681,346,50.80763582966226,אחוז הצבעה בקלפי
חיפה,4000,354.1,609,363,59.60591133004927,אחוז הצבעה בקלפי
חיפה,4000,354.2,609,385,63.2183908045977,אחוז הצבעה בקלפי
חיפה,4000,354.3,609,377,61.904761904761905,אחוז הצבעה בקלפי
חיפה,4000,1.1,530,258,48.679245283018865,אחוז הצבעה בקלפי
חיפה,4000,1.2,530,270,50.943396226415096,אחוז הצבעה בקלפי
חיפה,4000,1.3,530,270,50.943396226415096,אחוז הצבעה בקלפי
חיפה,4000,1.4,530,248,46.79245283018868,אחוז הצבעה בקלפי
חיפה,4000,71.0,688,291,42.29651162790697,אחוז הצבעה בקלפי
חיפה,4000,72.0,624,238,38.141025641025635,אחוז הצבעה בקלפי
חיפה,4000,85.0,607,272,44.81054365733114,אחוז הצבעה בקלפי
חיפה,4000,86.0,693,297,42.857142857142854,אחוז הצבעה בקלפי
חיפה,4000,87.0,614,192,31.27035830618892,אחוז הצבעה בקלפי
חיפה,4000,89.1,659,313,47.496206373292864,אחוז הצבעה בקלפי
חיפה,4000,89.2,659,283,42.943854324734446,אחוז הצבעה בקלפי
חיפה,4000,89.3,659,279,42.33687405159332,אחוז הצבעה בקלפי
חיפה,4000,89.4,659,319,48.406676783004556,אחוז הצבעה בקלפי
חיפה,4000,89.5,658,282,42.857142857142854,אחוז הצבעה בקלפי
חיפה,4000,90.1,551,241,43.738656987295826,אחוז הצבעה בקלפי
חיפה,4000,90.2,551,285,51.724137931034484,אחוז הצבעה בקלפי
חיפה,4000,90.3,551,260,47.186932849364794,אחוז הצבעה בקלפי
חיפה,4000,90.4,549,239,43.533697632058285,אחוז הצבעה בקלפי
חיפה,4000,93.0,654,331,50.61162079510704,אחוז הצבעה בקלפי
חיפה,4000,101.1,614,252,41.042345276872965,אחוז הצבעה בקלפי
חיפה,4000,101.2,614,250,40.71661237785016,אחוז הצבעה בקלפי
חיפה,4000,101.3,614,249,40.55374592833876,אחוז הצבעה בקלפי
חיפה,4000,101.4,612,210,34.31372549019608,אחוז הצבעה בקלפי
חיפה,4000,121.0,698,351,50.286532951289395,אחוז הצבעה בקלפי
חיפה,4000,126.0,689,295,42.815674891146585,אחוז הצבעה בקלפי
חיפה,4000,127.0,645,322,49.92248062015504,אחוז הצבעה בקלפי
חיפה,4000,128.0,672,253,37.648809523809526,אחוז הצבעה בקלפי
חיפה,4000,130.0,547,237,43.327239488117,אחוז הצבעה בקלפי
חיפה,4000,131.0,555,261,47.02702702702703,אחוז הצבעה בקלפי
חיפה,4000,132.0,692,386,55.78034682080924,אחוז הצבעה בקלפי
חיפה,4000,133.0,630,297,47.14285714285714,אחוז הצבעה בקלפי
חיפה,4000,134.0,523,296,56.59655831739961,אחוז הצבעה בקלפי
חיפה,4000,135.0,485,203,41.855670103092784,אחוז הצבעה בקלפי
חיפה,4000,136.0,560,234,41.785714285714285,אחוז הצבעה בקלפי
חיפה,4000,138.0,436,186,42.6605504587156,אחוז הצבעה בקלפי
חיפה,4000,141.0,691,285,41.24457308248915,אחוז הצבעה בקלפי
חיפה,4000,143.0,595,305,51.26050420168067,אחוז הצבעה בקלפי
חיפה,4000,146.0,645,226,35.038759689922486,אחוז הצבעה בקלפי
חיפה,4000,159.0,513,239,46.588693957115005,אחוז הצבעה בקלפי
חיפה,4000,149.1,637,367,57.6138147566719,אחוז הצבעה בקלפי
חיפה,4000,149.2,637,353,55.416012558869696,אחוז הצבעה בקלפי
חיפה,4000,149.3,637,363,56.98587127158555,אחוז הצבעה בקלפי
חיפה,4000,149.4,634,301,47.47634069400631,אחוז הצבעה בקלפי
חיפה,4000,219.0,444,285,64.1891891891892,אחוז הצבעה בקלפי
חיפה,4000,220.0,505,290,57.42574257425742,אחוז הצבעה בקלפי
חיפה,4000,228.0,567,229,40.38800705467372,אחוז הצבעה בקלפי
חיפה,4000,229.0,627,326,51.993620414673046,אחוז הצבעה בקלפי
חיפה,4000,231.1,583,362,62.0926243567753,אחוז הצבעה בקלפי
חיפה,4000,231.2,583,360,61.74957118353345,אחוז הצבעה בקלפי
חיפה,4000,231.3,583,363,62.264150943396224,אחוז הצבעה בקלפי
חיפה,4000,232.0,630,409,64.92063492063492,אחוז הצבעה בקלפי
חיפה,4000,235.0,537,346,64.43202979515829,אחוז הצבעה בקלפי
חיפה,4000,236.1,685,434,63.357664233576635,אחוז הצבעה בקלפי
חיפה,4000,236.2,685,371,54.16058394160584,אחוז הצבעה בקלפי
חיפה,4000,236.3,685,435,63.503649635036496,אחוז הצבעה בקלפי
חיפה,4000,236.4,685,410,59.854014598540154,אחוז הצבעה בקלפי
חיפה,4000,236.5,684,396,57.89473684210527,אחוז הצבעה בקלפי
חיפה,4000,244.0,520,298,57.30769230769231,אחוז הצבעה בקלפי
חיפה,4000,257.0,638,391,61.28526645768025,אחוז הצבעה בקלפי
חיפה,4000,261.0,560,299,53.39285714285714,אחוז הצבעה בקלפי
חיפה,4000,265.1,692,415,59.97109826589595,אחוז הצבעה בקלפי
חיפה,4000,265.2,692,404,58.38150289017341,אחוז הצבעה בקלפי
חיפה,4000,265.3,692,413,59.6820809248555,אחוז הצבעה בקלפי
חיפה,4000,265.4,691,368,53.2561505065123,אחוז הצבעה בקלפי
חיפה,4000,282.0,519,300,57.80346820809249,אחוז הצבעה בקלפי
חיפה,4000,334.0,506,349,68.97233201581028,אחוז הצבעה בקלפי
חיפה,4000,426.0,605,405,66.94214876033058,אחוז הצבעה בקלפי
חיפה,4000,463.1,595,405,68.0672268907563,אחוז הצבעה בקלפי
חיפה,4000,463.2,595,366,61.51260504201681,אחוז הצבעה בקלפי
חיפה,4000,463.3,595,374,62.857142857142854,אחוז הצבעה בקלפי
חיפה,4000,463.4,595,398,66.890756302521,אחוז הצבעה בקלפי
חיפה,4000,463.5,591,398,67.34348561759728,אחוז הצבעה בקלפי
חיפה,4000,140.0,531,312,58.75706214689266,אחוז הצבעה בקלפי
חיפה,4000,147.0,554,281,50.722021660649816,אחוז הצבעה בקלפי
חיפה,4000,148.0,689,381,55.29753265602322,אחוז הצבעה בקלפי
חיפה,4000,151.0,565,308,54.51327433628319,אחוז הצבעה בקלפי
חיפה,4000,152.0,611,332,54.337152209492636,אחוז הצבעה בקלפי
חיפה,4000,154.0,643,314,48.83359253499223,אחוז הצבעה בקלפי
חיפה,4000,155.1,651,330,50.69124423963134,אחוז הצבעה בקלפי
חיפה,4000,155.2,651,329,50.53763440860215,אחוז הצבעה בקלפי
חיפה,4000,155.3,651,320,49.155145929339476,אחוז הצבעה בקלפי
חיפה,4000,155.4,651,328,50.38402457757296,אחוז הצבעה בקלפי
חיפה,4000,155.5,651,301,46.236559139784944,אחוז הצבעה בקלפי
חיפה,4000,161.0,589,285,48.38709677419355,אחוז הצבעה בקלפי
חיפה,4000,162.0,576,299,51.90972222222222,אחוז הצבעה בקלפי
חיפה,4000,163.0,592,318,53.71621621621622,אחוז הצבעה בקלפי
חיפה,4000,164.0,679,336,49.48453608247423,אחוז הצבעה בקלפי
חיפה,4000,165.0,520,264,50.76923076923077,אחוז הצבעה בקלפי
חיפה,4000,166.0,523,314,60.038240917782026,אחוז הצבעה בקלפי
חיפה,4000,167.0,693,326,47.04184704184704,אחוז הצבעה בקלפי
חיפה,4000,168.0,552,309,55.97826086956522,אחוז הצבעה בקלפי
חיפה,4000,227.0,648,260,40.123456790123456,אחוז הצבעה בקלפי
חיפה,4000,245.0,483,233,48.24016563146998,אחוז הצבעה בקלפי
חיפה,4000,272.0,584,424,72.6027397260274,אחוז הצבעה בקלפי
חיפה,4000,300.0,581,463,79.69018932874354,אחוז הצבעה בקלפי
חיפה,4000,439.0,654,509,77.82874617737004,אחוז הצבעה בקלפי
חיפה,4000,440.0,544,416,76.47058823529412,אחוז הצבעה בקלפי
חיפה,4000,441.0,582,474,81.44329896907216,אחוז הצבעה בקלפי
חיפה,4000,466.0,677,474,70.01477104874446,אחוז הצבעה בקלפי
חיפה,4000,960.1,621,259,41.70692431561997,אחוז הצבעה בקלפי
חיפה,4000,960.2,621,238,38.32528180354267,אחוז הצבעה בקלפי
חיפה,4000,960.3,621,210,33.81642512077295,אחוז הצבעה בקלפי
חיפה,4000,966.0,672,512,76.19047619047619,אחוז הצבעה בקלפי
חיפה,4000,968.0,616,461,74.83766233766234,אחוז הצבעה בקלפי
חיפה,4000,202.0,567,350,61.72839506172839,אחוז הצבעה בקלפי
חיפה,4000,203.1,695,410,58.992805755395686,אחוז הצבעה בקלפי
חיפה,4000,203.2,695,402,57.84172661870504,אחוז הצבעה בקלפי
חיפה,4000,203.3,693,402,58.00865800865801,אחוז הצבעה בקלפי
חיפה,4000,212.1,628,412,65.60509554140127,אחוז הצבעה בקלפי
חיפה,4000,212.2,628,410,65.28662420382165,אחוז הצבעה בקלפי
חיפה,4000,212.3,626,402,64.21725239616613,אחוז הצבעה בקלפי
חיפה,4000,213.0,683,453,66.3250366032211,אחוז הצבעה בקלפי
חיפה,4000,214.0,513,310,60.42884990253411,אחוז הצבעה בקלפי
חיפה,4000,216.0,524,323,61.641221374045806,אחוז הצבעה בקלפי
חיפה,4000,241.0,669,471,70.4035874439462,אחוז הצבעה בקלפי
חיפה,4000,250.1,578,364,62.9757785467128,אחוז הצבעה בקלפי
חיפה,4000,250.2,578,356,61.5916955017301,אחוז הצבעה בקלפי
חיפה,4000,250.3,578,332,57.43944636678201,אחוז הצבעה בקלפי
חיפה,4000,250.4,578,332,57.43944636678201,אחוז הצבעה בקלפי
חיפה,4000,250.5,578,351,60.726643598615915,אחוז הצבעה בקלפי
חיפה,4000,254.1,682,482,70.67448680351906,אחוז הצבעה בקלפי
חיפה,4000,254.2,682,481,70.52785923753666,אחוז הצבעה בקלפי
חיפה,4000,254.3,681,467,68.57562408223201,אחוז הצבעה בקלפי
חיפה,4000,255.1,589,354,60.101867572156195,אחוז הצבעה בקלפי
חיפה,4000,255.2,589,356,60.441426146010194,אחוז הצבעה בקלפי
חיפה,4000,255.3,589,370,62.81833616298812,אחוז הצבעה בקלפי
חיפה,4000,255.4,589,412,69.94906621392191,אחוז הצבעה בקלפי
חיפה,4000,255.5,588,368,62.585034013605444,אחוז הצבעה בקלפי
חיפה,4000,256.0,670,432,64.4776119402985,אחוז הצבעה בקלפי
חיפה,4000,259.1,699,399,57.08154506437768,אחוז הצבעה בקלפי
חיפה,4000,259.2,699,409,58.51216022889842,אחוז הצבעה בקלפי
חיפה,4000,259.3,699,404,57.79685264663805,אחוז הצבעה בקלפי
חיפה,4000,259.4,699,415,59.370529327610875,אחוז הצבעה בקלפי
חיפה,4000,260.0,588,267,45.40816326530612,אחוז הצבעה בקלפי
חיפה,4000,302.0,498,288,57.831325301204814,אחוז הצבעה בקלפי
חיפה,4000,322.0,547,311,56.855575868372945,אחוז הצבעה בקלפי
חיפה,4000,180.0,601,271,45.09151414309484,אחוז הצבעה בקלפי
חיפה,4000,184.0,571,361,63.22241681260946,אחוז הצבעה בקלפי
חיפה,4000,186.0,503,287,57.057654075546715,אחוז הצבעה בקלפי
חיפה,4000,195.0,522,290,55.55555555555556,אחוז הצבעה בקלפי
חיפה,4000,199.1,548,346,63.138686131386855,אחוז הצבעה בקלפי
חיפה,4000,199.2,548,351,64.05109489051095,אחוז הצבעה בקלפי
חיפה,4000,199.3,548,338,61.67883211678832,אחוז הצבעה בקלפי
חיפה,4000,199.4,548,335,61.131386861313864,אחוז הצבעה בקלפי
חיפה,4000,200.0,611,345,56.46481178396072,אחוז הצבעה בקלפי
חיפה,4000,262.0,450,256,56.888888888888886,אחוז הצבעה בקלפי
חיפה,4000,273.1,631,398,63.074484944532486,אחוז הצבעה בקלפי
חיפה,4000,273.2,631,381,60.38034865293186,אחוז הצבעה בקלפי
חיפה,4000,273.3,631,369,58.478605388272584,אחוז הצבעה בקלפי
חיפה,4000,273.4,631,400,63.39144215530903,אחוז הצבעה בקלפי
חיפה,4000,273.5,631,400,63.39144215530903,אחוז הצבעה בקלפי
חיפה,4000,364.0,574,413,71.95121951219512,אחוז הצבעה בקלפי
חיפה,4000,365.0,600,175,29.166666666666668,אחוז הצבעה בקלפי
חיפה,4000,425.0,606,438,72.27722772277228,אחוז הצבעה בקלפי
חיפה,4000,428.0,675,515,76.29629629629629,אחוז הצבעה בקלפי
חיפה,4000,429.0,545,407,74.6788990825688,אחוז הצבעה בקלפי
חיפה,4000,434.0,681,482,70.77826725403817,אחוז הצבעה בקלפי
חיפה,4000,461.1,682,459,67.30205278592375,אחוז הצבעה בקלפי
חיפה,4000,461.2,682,453,66.42228739002933,אחוז הצבעה בקלפי
חיפה,4000,461.3,682,433,63.489736070381234,אחוז הצבעה בקלפי
חיפה,4000,461.4,679,435,64.06480117820324,אחוז הצבעה בקלפי
חיפה,4000,169.0,606,466,76.89768976897689,אחוז הצבעה בקלפי
חיפה,4000,171.1,352,265,75.2840909090909,אחוז הצבעה בקלפי
חיפה,4000,171.2,351,256,72.93447293447294,אחוז הצבעה בקלפי
חיפה,4000,172.1,569,363,63.79613356766256,אחוז הצבעה בקלפי
חיפה,4000,172.2,568,367,64.61267605633803,אחוז הצבעה בקלפי
חיפה,4000,179.0,484,345,71.28099173553719,אחוז הצבעה בקלפי
חיפה,4000,181.1,559,381,68.15742397137747,אחוז הצבעה בקלפי
חיפה,4000,181.2,559,351,62.7906976744186,אחוז הצבעה בקלפי
חיפה,4000,181.3,559,362,64.75849731663685,אחוז הצבעה בקלפי
חיפה,4000,181.4,557,369,66.24775583482945,אחוז הצבעה בקלפי
חיפה,4000,187.0,560,369,65.89285714285714,אחוז הצבעה בקלפי
חיפה,4000,190.0,507,380,74.95069033530572,אחוז הצבעה בקלפי
חיפה,4000,192.1,617,340,55.10534846029174,אחוז הצבעה בקלפי
חיפה,4000,192.2,617,322,52.188006482982175,אחוז הצבעה בקלפי
חיפה,4000,192.3,617,329,53.322528363047006,אחוז הצבעה בקלפי
חיפה,4000,192.4,617,346,56.07779578606159,אחוז הצבעה בקלפי
חיפה,4000,194.1,664,380,57.22891566265061,אחוז הצבעה בקלפי
חיפה,4000,194.2,664,395,59.48795180722891,אחוז הצבעה בקלפי
חיפה,4000,194.3,664,409,61.596385542168676,אחוז הצבעה בקלפי
חיפה,4000,194.4,664,376,56.62650602409639,אחוז הצבעה בקלפי
חיפה,4000,194.5,664,431,64.90963855421687,אחוז הצבעה בקלפי
חיפה,4000,194.6,661,406,61.42208774583964,אחוז הצבעה בקלפי
חיפה,4000,197.1,661,458,69.28895612708018,אחוז הצבעה בקלפי
חיפה,4000,197.2,661,444,67.17095310136158,אחוז הצבעה בקלפי
חיפה,4000,269.0,677,493,72.82127031019202,אחוז הצבעה בקלפי
חיפה,4000,359.0,507,376,74.16173570019724,אחוז הצבעה בקלפי
חיפה,4000,363.0,547,380,69.46983546617916,אחוז הצבעה בקלפי
חיפה,4000,449.1,695,479,68.92086330935253,אחוז הצבעה בקלפי
חיפה,4000,449.2,695,487,70.07194244604317,אחוז הצבעה בקלפי
חיפה,4000,449.3,695,463,66.61870503597123,אחוז הצבעה בקלפי
חיפה,4000,449.4,694,500,72.04610951008645,אחוז הצבעה בקלפי
חיפה,4000,102.1,688,488,70.93023255813954,אחוז הצבעה בקלפי
חיפה,4000,102.2,688,483,70.20348837209302,אחוז הצבעה בקלפי
חיפה,4000,102.3,688,495,71.94767441860465,אחוז הצבעה בקלפי
חיפה,4000,102.4,688,502,72.96511627906976,אחוז הצבעה בקלפי
חיפה,4000,102.5,686,472,68.80466472303208,אחוז הצבעה בקלפי
חיפה,4000,173.0,645,442,68.52713178294574,אחוז הצבעה בקלפי
חיפה,4000,177.1,534,372,69.66292134831461,אחוז הצבעה בקלפי
חיפה,4000,177.2,534,374,70.0374531835206,אחוז הצבעה בקלפי
חיפה,4000,177.3,534,368,68.91385767790263,אחוז הצבעה בקלפי
חיפה,4000,177.4,534,365,68.35205992509363,אחוז הצבעה בקלפי
חיפה,4000,198.1,650,338,52.0,אחוז הצבעה בקלפי
חיפה,4000,198.2,650,341,52.46153846153846,אחוז הצבעה בקלפי
חיפה,4000,198.3,650,348,53.53846153846153,אחוז הצבעה בקלפי
חיפה,4000,198.4,650,346,53.230769230769226,אחוז הצבעה בקלפי
חיפה,4000,198.5,647,323,49.92272024729521,אחוז הצבעה בקלפי
חיפה,4000,368.0,530,322,60.75471698113207,אחוז הצבעה בקלפי
חיפה,4000,369.0,673,467,69.39078751857355,אחוז הצבעה בקלפי
חיפה,4000,370.0,631,459,72.74167987321711,אחוז הצבעה בקלפי
חיפה,4000,371.0,678,419,61.799410029498524,אחוז הצבעה בקלפי
חיפה,4000,372.0,674,487,72.25519287833828,אחוז הצבעה בקלפי
חיפה,4000,409.0,608,388,63.81578947368421,אחוז הצבעה בקלפי
חיפה,4000,410.0,449,287,63.91982182628062,אחוז הצבעה בקלפי
חיפה,4000,420.0,507,190,37.47534516765286,אחוז הצבעה בקלפי
חיפה,4000,438.0,684,503,73.53801169590643,אחוז הצבעה בקלפי
חיפה,4000,446.0,414,266,64.25120772946859,אחוז הצבעה בקלפי
חיפה,4000,450.0,679,468,68.92488954344624,אחוז הצבעה בקלפי
חיפה,4000,453.1,572,390,68.18181818181817,אחוז הצבעה בקלפי
חיפה,4000,453.2,571,424,74.25569176882661,אחוז הצבעה בקלפי
חיפה,4000,462.0,522,381,72.98850574712644,אחוז הצבעה בקלפי
חיפה,4000,465.0,603,441,73.13432835820896,אחוז הצבעה בקלפי
חיפה,4000,961.0,582,372,63.91752577319587,אחוז הצבעה בקלפי
חיפה,4000,350.1,579,361,62.34887737478411,אחוז הצבעה בקלפי
חיפה,4000,350.2,579,381,65.80310880829016,אחוז הצבעה בקלפי
חיפה,4000,350.3,579,350,60.44905008635578,אחוז הצבעה בקלפי
חיפה,4000,350.4,579,337,58.20379965457686,אחוז הצבעה בקלפי
חיפה,4000,355.1,613,391,63.78466557911908,אחוז הצבעה בקלפי
חיפה,4000,355.2,613,379,61.82707993474714,אחוז הצבעה בקלפי
חיפה,4000,355.3,613,388,63.2952691680261,אחוז הצבעה בקלפי
חיפה,4000,355.4,613,382,62.31647634584013,אחוז הצבעה בקלפי
חיפה,4000,355.5,613,355,57.91190864600326,אחוז הצבעה בקלפי
חיפה,4000,355.6,613,377,61.50081566068516,אחוז הצבעה בקלפי
חיפה,4000,355.7,613,407,66.394779771615,אחוז הצבעה בקלפי
חיפה,4000,360.1,594,409,68.85521885521885,אחוז הצבעה בקלפי
חיפה,4000,361.0,365,256,70.13698630136986,אחוז הצבעה בקלפי
חיפה,4000,362.0,558,410,73.47670250896059,אחוז הצבעה בקלפי
חיפה,4000,392.1,633,420,66.35071090047393,אחוז הצבעה בקלפי
חיפה,4000,392.2,633,430,67.93048973143759,אחוז הצבעה בקלפי
חיפה,4000,392.3,633,410,64.77093206951027,אחוז הצבעה בקלפי
חיפה,4000,392.4,633,399,63.03317535545023,אחוז הצבעה בקלפי
חיפה,4000,392.5,633,375,59.241706161137444,אחוז הצבעה בקלפי
חיפה,4000,403.0,454,237,52.20264317180616,אחוז הצבעה בקלפי
חיפה,4000,411.0,449,126,28.06236080178174,אחוז הצבעה בקלפי
חיפה,4000,435.0,547,232,42.413162705667276,אחוז הצבעה בקלפי
חיפה,4000,460.0,494,343,69.4331983805668,אחוז הצבעה בקלפי
חיפה,4000,958.0,589,221,37.521222410865875,אחוז הצבעה בקלפי
חיפה,4000,963.0,578,359,62.11072664359861,אחוז הצבעה בקלפי
חיפה,4000,346.1,645,358,55.50387596899225,אחוז הצבעה בקלפי
חיפה,4000,346.2,645,324,50.23255813953489,אחוז הצבעה בקלפי
חיפה,4000,346.3,645,338,52.4031007751938,אחוז הצבעה בקלפי
חיפה,4000,346.4,645,340,52.71317829457365,אחוז הצבעה בקלפי
חיפה,4000,346.5,642,357,55.60747663551402,אחוז הצבעה בקלפי
חיפה,4000,351.1,601,260,43.261231281198,אחוז הצבעה בקלפי
חיפה,4000,351.2,601,259,43.09484193011647,אחוז הצבעה בקלפי
חיפה,4000,351.3,601,285,47.42096505823628,אחוז הצבעה בקלפי
חיפה,4000,351.4,601,255,42.42928452579035,אחוז הצבעה בקלפי
חיפה,4000,351.5,598,226,37.79264214046823,אחוז הצבעה בקלפי
חיפה,4000,380.1,606,282,46.53465346534654,אחוז הצבעה בקלפי
חיפה,4000,380.2,606,262,43.23432343234324,אחוז הצבעה בקלפי
חיפה,4000,380.3,606,258,42.57425742574257,אחוז הצבעה בקלפי
חיפה,4000,380.4,603,238,39.46932006633499,אחוז הצבעה בקלפי
חיפה,4000,385.1,590,326,55.254237288135585,אחוז הצבעה בקלפי
חיפה,4000,385.2,590,299,50.67796610169491,אחוז הצבעה בקלפי
חיפה,4000,389.0,521,243,46.64107485604607,אחוז הצבעה בקלפי
חיפה,4000,405.1,467,309,66.16702355460386,אחוז הצבעה בקלפי
חיפה,4000,405.2,467,318,68.09421841541756,אחוז הצבעה בקלפי
חיפה,4000,405.3,467,303,64.88222698072805,אחוז הצבעה בקלפי
חיפה,4000,412.0,606,299,49.339933993399335,אחוז הצבעה בקלפי
חיפה,4000,418.0,596,316,53.02013422818792,אחוז הצבעה בקלפי
חיפה,4000,419.0,510,241,47.25490196078431,אחוז הצבעה בקלפי
חיפה,4000,423.0,466,178,38.197424892703864,אחוז הצבעה בקלפי
חיפה,4000,432.1,571,323,56.56742556917689,אחוז הצבעה בקלפי
חיפה,4000,432.2,571,354,61.99649737302977,אחוז הצבעה בקלפי
חיפה,4000,432.3,571,309,54.115586690017516,אחוז הצבעה בקלפי
חיפה,4000,432.4,571,339,59.36952714535902,אחוז הצבעה בקלפי
חיפה,4000,432.5,570,319,55.96491228070175,אחוז הצבעה בקלפי
חיפה,4000,433.0,478,218,45.60669456066946,אחוז הצבעה בקלפי
חיפה,4000,3.0,535,415,77.57009345794393,אחוז הצבעה בקלפי
חיפה,4000,13.0,519,371,71.48362235067437,אחוז הצבעה בקלפי
חיפה,4000,14.1,687,420,61.135371179039296,אחוז הצבעה בקלפי
חיפה,4000,14.2,687,430,62.59097525473072,אחוז הצבעה בקלפי
חיפה,4000,31.0,680,529,77.79411764705883,אחוז הצבעה בקלפי
חיפה,4000,33.0,561,419,74.68805704099822,אחוז הצבעה בקלפי
חיפה,4000,34.0,576,396,68.75,אחוז הצבעה בקלפי
חיפה,4000,37.1,613,490,79.9347471451876,אחוז הצבעה בקלפי
חיפה,4000,37.2,612,453,74.01960784313727,אחוז הצבעה בקלפי
חיפה,4000,701.0,605,328,54.21487603305785,אחוז הצבעה בקלפי
חיפה,4000,702.0,626,282,45.04792332268371,אחוז הצבעה בקלפי
חיפה,4000,703.0,625,370,59.199999999999996,אחוז הצבעה בקלפי
חיפה,4000,704.0,533,240,45.0281425891182,אחוז הצבעה בקלפי
חיפה,4000,705.0,583,270,46.312178387650086,אחוז הצבעה בקלפי
חיפה,4000,707.0,533,248,46.52908067542214,אחוז הצבעה בקלפי
חיפה,4000,708.0,477,298,62.473794549266245,אחוז הצבעה בקלפי
חיפה,4000,715.1,615,316,51.38211382113821,אחוז הצבעה בקלפי
חיפה,4000,715.2,615,297,48.292682926829265,אחוז הצבעה בקלפי
חיפה,4000,715.3,615,291,47.3170731707317,אחוז הצבעה בקלפי
חיפה,4000,716.0,643,390,60.65318818040435,אחוז הצבעה בקלפי
חיפה,4000,717.0,525,304,57.904761904761905,אחוז הצבעה בקלפי
חיפה,4000,706.0,645,434,67.28682170542636,אחוז הצבעה בקלפי
חיפה,4000,711.0,492,248,50.40650406504065,אחוז הצבעה בקלפי
חיפה,4000,712.0,519,335,64.54720616570327,אחוז הצבעה בקלפי
חיפה,4000,721.1,656,457,69.66463414634147,אחוז הצבעה בקלפי
חיפה,4000,721.2,656,463,70.57926829268293,אחוז הצבעה בקלפי
חיפה,4000,721.3,656,455,69.35975609756098,אחוז הצבעה בקלפי
חיפה,4000,721.4,653,441,67.53445635528331,אחוז הצבעה בקלפי
חיפה,4000,722.1,589,415,70.45840407470288,אחוז הצבעה בקלפי
חיפה,4000,722.2,589,389,66.04414261460101,אחוז הצבעה בקלפי
חיפה,4000,722.3,589,399,67.74193548387096,אחוז הצבעה בקלפי
חיפה,4000,722.4,589,405,68.76061120543294,אחוז הצבעה בקלפי
חיפה,4000,722.5,589,387,65.70458404074702,אחוז הצבעה בקלפי
חיפה,4000,722.6,589,373,63.3276740237691,אחוז הצבעה בקלפי
חיפה,4000,723.1,646,437,67.64705882352942,אחוז הצבעה בקלפי
חיפה,4000,723.2,646,454,70.27863777089783,אחוז הצבעה בקלפי
חיפה,4000,723.3,646,446,69.04024767801857,אחוז הצבעה בקלפי
חיפה,4000,723.4,644,427,66.30434782608695,אחוז הצבעה בקלפי
חיפה,4000,726.0,607,255,42.00988467874794,אחוז הצבעה בקלפי
חיפה,4000,727.0,572,207,36.18881118881119,אחוז הצבעה בקלפי
חיפה,4000,730.1,668,455,68.11377245508982,אחוז הצבעה בקלפי
חיפה,4000,730.2,668,442,66.1676646706587,אחוז הצבעה בקלפי
חיפה,4000,730.3,668,440,65.86826347305389,אחוז הצבעה בקלפי
חיפה,4000,730.4,668,406,60.778443113772454,אחוז הצבעה בקלפי
חיפה,4000,730.5,668,440,65.86826347305389,אחוז הצבעה בקלפי
חיפה,4000,730.6,668,438,65.5688622754491,אחוז הצבעה בקלפי
חיפה,4000,730.7,666,438,65.76576576576578,אחוז הצבעה בקלפי
חיפה,4000,733.0,586,391,66.72354948805462,אחוז הצבעה בקלפי
חיפה,4000,739.0,505,232,45.940594059405946,אחוז הצבעה בקלפי
חיפה,4000,742.0,667,477,71.51424287856072,אחוז הצבעה בקלפי
חירות,162,1.0,446,355,79.5964125560538,אחוז הצבעה בקלפי
חירות,162,2.0,517,392,75.8220502901354,אחוז הצבעה בקלפי
חלוץ,1272,1.0,454,296,65.19823788546255,אחוז הצבעה בקלפי
חלץ,820,1.0,367,270,73.56948228882834,אחוז הצבעה בקלפי
חמאם,993,1.0,630,281,44.60317460317461,אחוז הצבעה בקלפי
חמאם,993,2.0,600,315,52.5,אחוז הצבעה בקלפי
חמד,801,1.0,614,507,82.57328990228014,אחוז הצבעה בקלפי
חמדיה,343,1.0,335,231,68.95522388059702,אחוז הצבעה בקלפי
חמדת,3646,1.0,164,121,73.78048780487805,אחוז הצבעה בקלפי
חמרה,3609,1.0,148,104,70.27027027027027,אחוז הצבעה בקלפי
חניאל,807,1.0,647,470,72.64296754250387,אחוז הצבעה בקלפי
חניתה,280,1.1,363,218,60.05509641873278,אחוז הצבעה בקלפי
חניתה,280,1.2,363,229,63.08539944903582,אחוז הצבעה בקלפי
חנתון,1257,1.0,558,413,74.01433691756273,אחוז הצבעה בקלפי
חספין,4005,1.0,489,354,72.39263803680981,אחוז הצבעה בקלפי
חספין,4005,2.0,402,291,72.38805970149254,אחוז הצבעה בקלפי
חפץ חיים,363,1.0,370,308,83.24324324324324,אחוז הצבעה בקלפי
חפציבה,90,1.0,587,411,70.01703577512777,אחוז הצבעה בקלפי
חצב,700,1.0,369,267,72.35772357723577,אחוז הצבעה בקלפי
חצב,700,2.0,534,436,81.64794007490637,אחוז הצבעה בקלפי
חצבה,13,1.0,566,408,72.08480565371025,אחוז הצבעה בקלפי
חצור הגלילית,2034,1.0,653,429,65.69678407350689,אחוז הצבעה בקלפי
חצור הגלילית,2034,2.0,677,460,67.94682422451994,אחוז הצבעה בקלפי
חצור הגלילית,2034,4.1,618,423,68.44660194174757,אחוז הצבעה בקלפי
חצור הגלילית,2034,4.2,618,408,66.01941747572816,אחוז הצבעה בקלפי
חצור הגלילית,2034,4.3,616,394,63.961038961038966,אחוז הצבעה בקלפי
חצור הגלילית,2034,6.0,552,377,68.29710144927536,אחוז הצבעה בקלפי
חצור הגלילית,2034,8.1,691,447,64.6888567293777,אחוז הצבעה בקלפי
חצור הגלילית,2034,9.0,505,361,71.48514851485149,אחוז הצבעה בקלפי
חצור הגלילית,2034,11.0,498,342,68.67469879518072,אחוז הצבעה בקלפי
חצור הגלילית,2034,13.1,685,519,75.76642335766424,אחוז הצבעה בקלפי
חצור הגלילית,2034,13.2,685,563,82.18978102189782,אחוז הצבעה בקלפי
חצור הגלילית,2034,13.3,683,561,82.1376281112738,אחוז הצבעה בקלפי
חצוראשדוד,406,1.0,693,484,69.84126984126983,אחוז הצבעה בקלפי
חצרים,397,1.0,393,278,70.73791348600508,אחוז הצבעה בקלפי
חצרים,397,2.0,439,329,74.94305239179954,אחוז הצבעה בקלפי
חרב לאת,422,1.0,587,426,72.57240204429301,אחוז הצבעה בקלפי
חרוצים,1024,1.0,615,473,76.91056910569107,אחוז הצבעה בקלפי
חריש,1247,2.1,655,436,66.5648854961832,אחוז הצבעה בקלפי
חריש,1247,2.2,655,462,70.53435114503816,אחוז הצבעה בקלפי
חריש,1247,2.3,655,430,65.64885496183206,אחוז הצבעה בקלפי
חריש,1247,2.4,655,468,71.45038167938931,אחוז הצבעה בקלפי
חריש,1247,2.5,655,463,70.68702290076337,אחוז הצבעה בקלפי
חריש,1247,2.6,655,455,69.46564885496184,אחוז הצבעה בקלפי
חריש,1247,2.7,655,433,66.10687022900763,אחוז הצבעה בקלפי
חריש,1247,3.1,657,460,70.0152207001522,אחוז הצבעה בקלפי
חריש,1247,3.2,657,477,72.6027397260274,אחוז הצבעה בקלפי
חריש,1247,3.3,657,453,68.94977168949772,אחוז הצבעה בקלפי
חריש,1247,3.4,657,444,67.57990867579909,אחוז הצבעה בקלפי
חריש,1247,3.5,657,497,75.64687975646879,אחוז הצבעה בקלפי
חריש,1247,3.6,657,458,69.71080669710807,אחוז הצבעה בקלפי
חריש,1247,3.7,657,478,72.75494672754947,אחוז הצבעה בקלפי
חריש,1247,3.8,657,429,65.29680365296804,אחוז הצבעה בקלפי
חריש,1247,3.9,652,491,75.30674846625767,אחוז הצבעה בקלפי
חריש,1247,27.1,663,470,70.88989441930619,אחוז הצבעה בקלפי
חריש,1247,27.2,663,477,71.94570135746606,אחוז הצבעה בקלפי
חריש,1247,27.3,663,517,77.97888386123681,אחוז הצבעה בקלפי
חריש,1247,27.4,663,507,76.47058823529412,אחוז הצבעה בקלפי
חריש,1247,27.5,660,507,76.81818181818181,אחוז הצבעה בקלפי
חריש,1247,990.1,693,515,74.31457431457432,אחוז הצבעה בקלפי
חריש,1247,990.2,693,489,70.56277056277057,אחוז הצבעה בקלפי
חריש,1247,990.3,693,529,76.33477633477634,אחוז הצבעה בקלפי
חריש,1247,990.4,693,485,69.98556998556998,אחוז הצבעה בקלפי
חריש,1247,990.5,692,500,72.25433526011561,אחוז הצבעה בקלפי
חרמש,3717,1.0,213,138,64.7887323943662,אחוז הצבעה בקלפי
חרשים,1209,1.0,249,187,75.1004016064257,אחוז הצבעה בקלפי
חשמונאים,3770,2.1,561,402,71.65775401069519,אחוז הצבעה בקלפי
חשמונאים,3770,2.2,561,420,74.8663101604278,אחוז הצבעה בקלפי
חשמונאים,3770,2.3,561,408,72.72727272727273,אחוז הצבעה בקלפי
חשמונאים,3770,2.4,561,416,74.15329768270945,אחוז הצבעה בקלפי
טבריה,6700,2.0,558,317,56.81003584229391,אחוז הצבעה בקלפי
טבריה,6700,3.1,673,460,68.35066864784547,אחוז הצבעה בקלפי
טבריה,6700,3.2,673,406,60.326894502228825,אחוז הצבעה בקלפי
טבריה,6700,3.3,673,452,67.16196136701336,אחוז הצבעה בקלפי
טבריה,6700,3.4,673,419,62.25854383358098,אחוז הצבעה בקלפי
טבריה,6700,3.5,673,415,61.664190193164934,אחוז הצבעה בקלפי
טבריה,6700,10.1,542,381,70.29520295202953,אחוז הצבעה בקלפי
טבריה,6700,10.2,542,365,67.34317343173431,אחוז הצבעה בקלפי
טבריה,6700,10.3,540,352,65.18518518518519,אחוז הצבעה בקלפי
טבריה,6700,11.1,268,166,61.940298507462686,אחוז הצבעה בקלפי
טבריה,6700,11.2,267,170,63.670411985018724,אחוז הצבעה בקלפי
טבריה,6700,12.0,524,190,36.25954198473282,אחוז הצבעה בקלפי
טבריה,6700,15.0,624,375,60.09615384615385,אחוז הצבעה בקלפי
טבריה,6700,16.1,637,325,51.02040816326531,אחוז הצבעה בקלפי
טבריה,6700,16.2,637,324,50.86342229199372,אחוז הצבעה בקלפי
טבריה,6700,16.3,636,305,47.9559748427673,אחוז הצבעה בקלפי
טבריה,6700,19.0,514,340,66.14785992217898,אחוז הצבעה בקלפי
טבריה,6700,20.0,426,206,48.35680751173709,אחוז הצבעה בקלפי
טבריה,6700,23.0,406,211,51.970443349753694,אחוז הצבעה בקלפי
טבריה,6700,24.0,634,308,48.580441640378545,אחוז הצבעה בקלפי
טבריה,6700,25.0,524,337,64.31297709923665,אחוז הצבעה בקלפי
טבריה,6700,29.0,499,275,55.11022044088176,אחוז הצבעה בקלפי
טבריה,6700,31.1,542,325,59.96309963099631,אחוז הצבעה בקלפי
טבריה,6700,31.2,542,315,58.11808118081181,אחוז הצבעה בקלפי
טבריה,6700,31.3,542,316,58.30258302583026,אחוז הצבעה בקלפי
טבריה,6700,31.4,540,309,57.22222222222222,אחוז הצבעה בקלפי
טבריה,6700,32.0,570,368,64.56140350877193,אחוז הצבעה בקלפי
טבריה,6700,33.0,488,333,68.23770491803278,אחוז הצבעה בקלפי
טבריה,6700,34.0,541,358,66.17375231053605,אחוז הצבעה בקלפי
טבריה,6700,35.0,643,416,64.69673405909798,אחוז הצבעה בקלפי
טבריה,6700,36.0,561,408,72.72727272727273,אחוז הצבעה בקלפי
טבריה,6700,37.0,548,318,58.02919708029197,אחוז הצבעה בקלפי
טבריה,6700,41.1,471,290,61.57112526539278,אחוז הצבעה בקלפי
טבריה,6700,41.2,471,292,61.995753715498935,אחוז הצבעה בקלפי
טבריה,6700,41.3,470,267,56.80851063829787,אחוז הצבעה בקלפי
טבריה,6700,42.0,506,330,65.21739130434783,אחוז הצבעה בקלפי
טבריה,6700,44.0,535,362,67.66355140186916,אחוז הצבעה בקלפי
טבריה,6700,45.0,498,305,61.24497991967871,אחוז הצבעה בקלפי
טבריה,6700,46.0,641,394,61.46645865834633,אחוז הצבעה בקלפי
טבריה,6700,48.0,608,425,69.90131578947368,אחוז הצבעה בקלפי
טבריה,6700,49.1,585,349,59.65811965811966,אחוז הצבעה בקלפי
טבריה,6700,49.2,585,320,54.700854700854705,אחוז הצבעה בקלפי
טבריה,6700,49.3,585,341,58.2905982905983,אחוז הצבעה בקלפי
טבריה,6700,49.4,585,347,59.31623931623932,אחוז הצבעה בקלפי
טבריה,6700,49.5,585,351,60.0,אחוז הצבעה בקלפי
טבריה,6700,49.6,585,313,53.504273504273506,אחוז הצבעה בקלפי
טבריה,6700,51.1,664,467,70.33132530120481,אחוז הצבעה בקלפי
טבריה,6700,51.2,664,479,72.13855421686746,אחוז הצבעה בקלפי
טבריה,6700,51.3,662,434,65.55891238670695,אחוז הצבעה בקלפי
טבריה,6700,52.1,578,357,61.76470588235294,אחוז הצבעה בקלפי
טבריה,6700,52.2,578,348,60.207612456747405,אחוז הצבעה בקלפי
טבריה,6700,52.3,578,350,60.553633217993074,אחוז הצבעה בקלפי
טבריה,6700,52.4,578,344,59.515570934256054,אחוז הצבעה בקלפי
טבריה,6700,52.5,578,335,57.95847750865052,אחוז הצבעה בקלפי
טבריה,6700,54.1,588,383,65.1360544217687,אחוז הצבעה בקלפי
טבריה,6700,54.2,588,398,67.68707482993197,אחוז הצבעה בקלפי
טבריה,6700,54.3,586,388,66.21160409556313,אחוז הצבעה בקלפי
טבריה,6700,55.0,374,186,49.73262032085562,אחוז הצבעה בקלפי
טבריה,6700,57.0,738,592,80.21680216802169,אחוז הצבעה בקלפי
טבריה,6700,58.1,625,394,63.04,אחוז הצבעה בקלפי
טבריה,6700,58.2,625,395,63.2,אחוז הצבעה בקלפי
טבריה,6700,58.3,625,389,62.239999999999995,אחוז הצבעה בקלפי
טבריה,6700,58.4,625,365,58.4,אחוז הצבעה בקלפי
טבריה,6700,59.0,586,488,83.27645051194538,אחוז הצבעה בקלפי
טבריה,6700,60.0,492,316,64.22764227642277,אחוז הצבעה בקלפי
טובאזנגריה,962,1.0,652,262,40.1840490797546,אחוז הצבעה בקלפי
טובאזנגריה,962,2.0,643,338,52.56609642301711,אחוז הצבעה בקלפי
טובאזנגריה,962,3.0,566,235,41.51943462897527,אחוז הצבעה בקלפי
טובאזנגריה,962,4.0,560,209,37.32142857142857,אחוז הצבעה בקלפי
טובאזנגריה,962,5.0,617,262,42.463533225283626,אחוז הצבעה בקלפי
טובאזנגריה,962,6.0,564,247,43.794326241134755,אחוז הצבעה בקלפי
טובאזנגריה,962,7.0,545,287,52.66055045871559,אחוז הצבעה בקלפי
טובאזנגריה,962,8.0,646,266,41.17647058823529,אחוז הצבעה בקלפי
טורעאן,498,4.1,677,343,50.66469719350074,אחוז הצבעה בקלפי
טורעאן,498,4.2,677,295,43.574593796159526,אחוז הצבעה בקלפי
טורעאן,498,4.3,675,346,51.25925925925926,אחוז הצבעה בקלפי
טורעאן,498,6.1,357,190,53.221288515406165,אחוז הצבעה בקלפי
טורעאן,498,6.2,357,158,44.25770308123249,אחוז הצבעה בקלפי
טורעאן,498,8.1,545,302,55.41284403669725,אחוז הצבעה בקלפי
טורעאן,498,8.2,545,309,56.69724770642202,אחוז הצבעה בקלפי
טורעאן,498,8.3,545,273,50.091743119266056,אחוז הצבעה בקלפי
טורעאן,498,8.4,542,270,49.815498154981555,אחוז הצבעה בקלפי
טורעאן,498,9.1,515,241,46.79611650485437,אחוז הצבעה בקלפי
טורעאן,498,9.2,515,276,53.592233009708735,אחוז הצבעה בקלפי
טורעאן,498,9.3,513,255,49.707602339181285,אחוז הצבעה בקלפי
טורעאן,498,10.1,692,346,50.0,אחוז הצבעה בקלפי
טורעאן,498,10.2,692,312,45.08670520231214,אחוז הצבעה בקלפי
טורעאן,498,10.3,691,303,43.849493487698986,אחוז הצבעה בקלפי
טורעאן,498,12.1,525,237,45.14285714285714,אחוז הצבעה בקלפי
טורעאן,498,12.2,525,261,49.714285714285715,אחוז הצבעה בקלפי
טורעאן,498,12.3,523,286,54.684512428298284,אחוז הצבעה בקלפי
טייבה,2730,1.1,468,239,51.06837606837607,אחוז הצבעה בקלפי
טייבה,2730,1.2,468,270,57.692307692307686,אחוז הצבעה בקלפי
טייבה,2730,1.3,466,277,59.442060085836914,אחוז הצבעה בקלפי
טייבה,2730,2.0,696,361,51.86781609195402,אחוז הצבעה בקלפי
טייבה,2730,3.0,697,366,52.51076040172167,אחוז הצבעה בקלפי
טייבה,2730,7.1,673,401,59.58395245170877,אחוז הצבעה בקלפי
טייבה,2730,7.2,673,400,59.43536404160476,אחוז הצבעה בקלפי
טייבה,2730,7.3,673,407,60.475482912332836,אחוז הצבעה בקלפי
טייבה,2730,7.4,672,409,60.863095238095234,אחוז הצבעה בקלפי
טייבה,2730,8.0,689,380,55.152394775036285,אחוז הצבעה בקלפי
טייבה,2730,9.0,683,385,56.36896046852124,אחוז הצבעה בקלפי
טייבה,2730,10.0,657,388,59.05631659056316,אחוז הצבעה בקלפי
טייבה,2730,13.1,693,400,57.72005772005772,אחוז הצבעה בקלפי
טייבה,2730,13.2,693,367,52.95815295815296,אחוז הצבעה בקלפי
טייבה,2730,13.3,692,423,61.1271676300578,אחוז הצבעה בקלפי
טייבה,2730,14.0,607,388,63.92092257001647,אחוז הצבעה בקלפי
טייבה,2730,17.0,694,443,63.8328530259366,אחוז הצבעה בקלפי
טייבה,2730,19.0,667,427,64.01799100449776,אחוז הצבעה בקלפי
טייבה,2730,21.1,684,419,61.25730994152047,אחוז הצבעה בקלפי
טייבה,2730,21.2,683,416,60.9077598828697,אחוז הצבעה בקלפי
טייבה,2730,22.0,616,370,60.064935064935064,אחוז הצבעה בקלפי
טייבה,2730,25.0,639,401,62.75430359937402,אחוז הצבעה בקלפי
טייבה,2730,26.0,657,366,55.70776255707762,אחוז הצבעה בקלפי
טייבה,2730,27.0,680,375,55.14705882352941,אחוז הצבעה בקלפי
טייבה,2730,29.1,561,308,54.90196078431373,אחוז הצבעה בקלפי
טייבה,2730,29.2,561,366,65.24064171122996,אחוז הצבעה בקלפי
טייבה,2730,29.3,561,320,57.04099821746881,אחוז הצבעה בקלפי
טייבה,2730,29.4,561,326,58.110516934046345,אחוז הצבעה בקלפי
טייבה,2730,29.5,557,327,58.707360861759426,אחוז הצבעה בקלפי
טייבה,2730,30.0,654,358,54.74006116207951,אחוז הצבעה בקלפי
טייבה,2730,33.0,686,427,62.244897959183675,אחוז הצבעה בקלפי
טייבה,2730,34.0,658,362,55.01519756838906,אחוז הצבעה בקלפי
טייבה,2730,36.1,688,337,48.98255813953488,אחוז הצבעה בקלפי
טייבה,2730,36.2,688,392,56.97674418604651,אחוז הצבעה בקלפי
טייבה,2730,36.3,688,439,63.80813953488372,אחוז הצבעה בקלפי
טייבה,2730,40.0,622,377,60.61093247588425,אחוז הצבעה בקלפי
טייבה,2730,41.1,685,357,52.11678832116788,אחוז הצבעה בקלפי
טייבה,2730,41.2,685,307,44.81751824817518,אחוז הצבעה בקלפי
טייבה,2730,41.3,684,400,58.47953216374269,אחוז הצבעה בקלפי
טייבה,2730,42.0,664,390,58.734939759036145,אחוז הצבעה בקלפי
טייבה,2730,43.0,619,384,62.035541195476576,אחוז הצבעה בקלפי
טייבה,2730,44.1,689,412,59.79680696661829,אחוז הצבעה בקלפי
טייבה,2730,44.2,689,415,60.2322206095791,אחוז הצבעה בקלפי
טייבה,2730,45.1,686,381,55.539358600583085,אחוז הצבעה בקלפי
טייבה,2730,45.2,686,385,56.12244897959183,אחוז הצבעה בקלפי
טייבה,2730,45.3,686,333,48.542274052478135,אחוז הצבעה בקלפי
טייבה,2730,45.4,683,399,58.41874084919473,אחוז הצבעה בקלפי
טייבה בעמק,497,1.0,687,301,43.8136826783115,אחוז הצבעה בקלפי
טייבה בעמק,497,2.0,618,301,48.70550161812297,אחוז הצבעה בקלפי
טירה,2720,5.1,380,250,65.78947368421053,אחוז הצבעה בקלפי
טירה,2720,5.2,379,245,64.64379947229551,אחוז הצבעה בקלפי
טירה,2720,7.1,572,345,60.31468531468531,אחוז הצבעה בקלפי
טירה,2720,7.2,571,377,66.02451838879159,אחוז הצבעה בקלפי
טירה,2720,11.1,686,403,58.74635568513119,אחוז הצבעה בקלפי
טירה,2720,11.2,686,446,65.01457725947522,אחוז הצבעה בקלפי
טירה,2720,11.3,686,439,63.99416909620991,אחוז הצבעה בקלפי
טירה,2720,16.1,565,325,57.52212389380531,אחוז הצבעה בקלפי
טירה,2720,16.2,565,348,61.59292035398231,אחוז הצבעה בקלפי
טירה,2720,16.3,565,387,68.49557522123894,אחוז הצבעה בקלפי
טירה,2720,16.4,565,340,60.17699115044248,אחוז הצבעה בקלפי
טירה,2720,18.1,586,368,62.79863481228669,אחוז הצבעה בקלפי
טירה,2720,18.2,586,360,61.43344709897611,אחוז הצבעה בקלפי
טירה,2720,18.3,586,356,60.75085324232082,אחוז הצבעה בקלפי
טירה,2720,18.4,586,393,67.06484641638225,אחוז הצבעה בקלפי
טירה,2720,20.1,569,369,64.8506151142355,אחוז הצבעה בקלפי
טירה,2720,20.2,569,349,61.335676625659055,אחוז הצבעה בקלפי
טירה,2720,20.3,569,352,61.86291739894551,אחוז הצבעה בקלפי
טירה,2720,20.4,566,343,60.600706713780916,אחוז הצבעה בקלפי
טירה,2720,22.1,581,322,55.42168674698795,אחוז הצבעה בקלפי
טירה,2720,22.2,581,360,61.96213425129088,אחוז הצבעה בקלפי
טירה,2720,22.3,581,355,61.10154905335629,אחוז הצבעה בקלפי
טירה,2720,22.4,581,361,62.1342512908778,אחוז הצבעה בקלפי
טירה,2720,23.1,583,358,61.4065180102916,אחוז הצבעה בקלפי
טירה,2720,23.2,583,331,56.77530017152659,אחוז הצבעה בקלפי
טירה,2720,23.3,583,358,61.4065180102916,אחוז הצבעה בקלפי
טירה,2720,23.4,583,352,60.37735849056604,אחוז הצבעה בקלפי
טירה,2720,24.1,581,369,63.51118760757315,אחוז הצבעה בקלפי
טירה,2720,24.2,581,390,67.12564543889845,אחוז הצבעה בקלפי
טירה,2720,24.3,581,377,64.8881239242685,אחוז הצבעה בקלפי
טירה,2720,24.4,580,370,63.793103448275865,אחוז הצבעה בקלפי
טירה,2720,25.1,501,306,61.07784431137725,אחוז הצבעה בקלפי
טירה,2720,25.2,501,324,64.67065868263472,אחוז הצבעה בקלפי
טירה,2720,25.3,501,302,60.27944111776448,אחוז הצבעה בקלפי
טירת יהודה,663,1.0,405,317,78.2716049382716,אחוז הצבעה בקלפי
טירת יהודה,663,2.0,418,333,79.66507177033493,אחוז הצבעה בקלפי
טירת כרמל,2100,1.0,539,371,68.83116883116884,אחוז הצבעה בקלפי
טירת כרמל,2100,3.1,689,521,75.61683599419449,אחוז הצבעה בקלפי
טירת כרמל,2100,3.2,689,562,81.56748911465893,אחוז הצבעה בקלפי
טירת כרמל,2100,3.3,689,544,78.95500725689405,אחוז הצבעה בקלפי
טירת כרמל,2100,3.4,689,530,76.92307692307693,אחוז הצבעה בקלפי
טירת כרמל,2100,3.5,689,513,74.45573294629898,אחוז הצבעה בקלפי
טירת כרמל,2100,3.6,687,543,79.03930131004367,אחוז הצבעה בקלפי
טירת כרמל,2100,4.0,615,354,57.56097560975609,אחוז הצבעה בקלפי
טירת כרמל,2100,5.1,628,479,76.27388535031847,אחוז הצבעה בקלפי
טירת כרמל,2100,5.2,628,503,80.09554140127389,אחוז הצבעה בקלפי
טירת כרמל,2100,5.3,628,496,78.98089171974523,אחוז הצבעה בקלפי
טירת כרמל,2100,5.4,625,497,79.52,אחוז הצבעה בקלפי
טירת כרמל,2100,6.0,665,463,69.62406015037594,אחוז הצבעה בקלפי
טירת כרמל,2100,7.0,630,441,70.0,אחוז הצבעה בקלפי
טירת כרמל,2100,8.0,613,420,68.51549755301795,אחוז הצבעה בקלפי
טירת כרמל,2100,9.0,592,368,62.16216216216216,אחוז הצבעה בקלפי
טירת כרמל,2100,10.0,641,412,64.27457098283932,אחוז הצבעה בקלפי
טירת כרמל,2100,11.0,479,363,75.78288100208769,אחוז הצבעה בקלפי
טירת כרמל,2100,12.0,639,358,56.02503912363067,אחוז הצבעה בקלפי
טירת כרמל,2100,13.0,522,302,57.8544061302682,אחוז הצבעה בקלפי
טירת כרמל,2100,14.0,672,366,54.46428571428571,אחוז הצבעה בקלפי
טירת כרמל,2100,15.0,430,287,66.74418604651163,אחוז הצבעה בקלפי
טירת כרמל,2100,16.1,505,342,67.72277227722773,אחוז הצבעה בקלפי
טירת כרמל,2100,16.2,505,332,65.74257425742574,אחוז הצבעה בקלפי
טירת כרמל,2100,17.0,642,360,56.074766355140184,אחוז הצבעה בקלפי
טירת כרמל,2100,18.0,631,357,56.57686212361332,אחוז הצבעה בקלפי
טירת כרמל,2100,19.0,529,387,73.15689981096408,אחוז הצבעה בקלפי
טירת כרמל,2100,20.0,562,299,53.20284697508897,אחוז הצבעה בקלפי
טירת כרמל,2100,21.0,534,346,64.7940074906367,אחוז הצבעה בקלפי
טירת כרמל,2100,22.0,655,437,66.7175572519084,אחוז הצבעה בקלפי
טירת כרמל,2100,23.0,526,252,47.90874524714829,אחוז הצבעה בקלפי
טירת כרמל,2100,24.0,584,363,62.15753424657534,אחוז הצבעה בקלפי
טירת כרמל,2100,25.0,585,443,75.72649572649573,אחוז הצבעה בקלפי
טירת כרמל,2100,26.0,555,415,74.77477477477478,אחוז הצבעה בקלפי
טירת כרמל,2100,30.0,482,274,56.84647302904564,אחוז הצבעה בקלפי
טירת כרמל,2100,31.0,467,328,70.2355460385439,אחוז הצבעה בקלפי
טירת כרמל,2100,950.0,629,493,78.37837837837837,אחוז הצבעה בקלפי
טירת צבי,268,1.0,562,425,75.62277580071174,אחוז הצבעה בקלפי
טל שחר,462,1.0,396,296,74.74747474747475,אחוז הצבעה בקלפי
טל שחר,462,2.0,415,319,76.86746987951807,אחוז הצבעה בקלפי
טלאל,1181,1.0,610,442,72.45901639344262,אחוז הצבעה בקלפי
טלאל,1181,2.0,395,291,73.67088607594937,אחוז הצבעה בקלפי
טללים,1177,1.0,455,312,68.57142857142857,אחוז הצבעה בקלפי
טלמון,3788,2.1,699,540,77.25321888412017,אחוז הצבעה בקלפי
טלמון,3788,2.2,699,573,81.97424892703863,אחוז הצבעה בקלפי
טלמון,3788,3.0,638,519,81.34796238244513,אחוז הצבעה בקלפי
טלמון,3788,4.0,588,482,81.97278911564626,אחוז הצבעה בקלפי
טמרה,8900,8.1,582,389,66.83848797250859,אחוז הצבעה בקלפי
טמרה,8900,8.2,582,377,64.7766323024055,אחוז הצבעה בקלפי
טמרה,8900,8.3,582,359,61.68384879725086,אחוז הצבעה בקלפי
טמרה,8900,8.4,579,345,59.58549222797927,אחוז הצבעה בקלפי
טמרה,8900,9.1,376,240,63.829787234042556,אחוז הצבעה בקלפי
טמרה,8900,9.2,376,262,69.68085106382979,אחוז הצבעה בקלפי
טמרה,8900,13.1,596,390,65.43624161073825,אחוז הצבעה בקלפי
טמרה,8900,13.2,596,398,66.77852348993288,אחוז הצבעה בקלפי
טמרה,8900,13.3,596,373,62.58389261744966,אחוז הצבעה בקלפי
טמרה,8900,13.4,593,381,64.2495784148398,אחוז הצבעה בקלפי
טמרה,8900,19.1,509,268,52.652259332023576,אחוז הצבעה בקלפי
טמרה,8900,19.2,509,278,54.616895874263264,אחוז הצבעה בקלפי
טמרה,8900,19.3,508,333,65.5511811023622,אחוז הצבעה בקלפי
טמרה,8900,21.1,639,435,68.07511737089203,אחוז הצבעה בקלפי
טמרה,8900,21.2,639,380,59.4679186228482,אחוז הצבעה בקלפי
טמרה,8900,21.3,639,394,61.658841940532085,אחוז הצבעה בקלפי
טמרה,8900,21.4,639,437,68.38810641627543,אחוז הצבעה בקלפי
טמרה,8900,21.5,639,393,61.502347417840376,אחוז הצבעה בקלפי
טמרה,8900,25.1,526,355,67.49049429657795,אחוז הצבעה בקלפי
טמרה,8900,25.2,526,323,61.40684410646388,אחוז הצבעה בקלפי
טמרה,8900,25.3,526,351,66.73003802281369,אחוז הצבעה בקלפי
טמרה,8900,28.1,623,441,70.78651685393258,אחוז הצבעה בקלפי
טמרה,8900,28.2,623,348,55.85874799357945,אחוז הצבעה בקלפי
טמרה,8900,28.3,623,398,63.88443017656501,אחוז הצבעה בקלפי
טמרה,8900,28.4,623,433,69.5024077046549,אחוז הצבעה בקלפי
טמרה,8900,28.5,622,330,53.054662379421224,אחוז הצבעה בקלפי
טמרה,8900,29.1,514,340,66.14785992217898,אחוז הצבעה בקלפי
טמרה,8900,29.2,514,344,66.9260700389105,אחוז הצבעה בקלפי
טמרה,8900,29.3,512,326,63.671875,אחוז הצבעה בקלפי
טמרה,8900,30.1,591,382,64.63620981387479,אחוז הצבעה בקלפי
טמרה,8900,30.2,591,372,62.944162436548226,אחוז הצבעה בקלפי
טמרה,8900,30.3,591,368,62.2673434856176,אחוז הצבעה בקלפי
טמרה,8900,30.4,591,394,66.66666666666666,אחוז הצבעה בקלפי
טמרה,8900,31.1,591,423,71.57360406091371,אחוז הצבעה בקלפי
טמרה,8900,31.2,591,368,62.2673434856176,אחוז הצבעה בקלפי
טמרה,8900,31.3,591,363,61.42131979695431,אחוז הצבעה בקלפי
טמרה,8900,31.4,588,375,63.775510204081634,אחוז הצבעה בקלפי
טמרה,8900,32.1,674,419,62.166172106824924,אחוז הצבעה בקלפי
טמרה,8900,32.2,674,406,60.23738872403561,אחוז הצבעה בקלפי
טמרה,8900,32.3,674,396,58.753709198813056,אחוז הצבעה בקלפי
טמרה,8900,32.4,674,415,61.5727002967359,אחוז הצבעה בקלפי
טמרה,8900,32.5,671,461,68.70342771982116,אחוז הצבעה בקלפי
טמרה יזרעאל,547,1.0,584,261,44.69178082191781,אחוז הצבעה בקלפי
טמרה יזרעאל,547,2.0,531,249,46.89265536723164,אחוז הצבעה בקלפי
טנא,3743,1.0,541,417,77.07948243992607,אחוז הצבעה בקלפי
טפחות,1214,1.0,259,201,77.60617760617761,אחוז הצבעה בקלפי
יאנוחגת,1295,1.0,509,163,32.02357563850688,אחוז הצבעה בקלפי
יאנוחגת,1295,2.0,678,241,35.54572271386431,אחוז הצבעה בקלפי
יאנוחגת,1295,3.0,456,230,50.43859649122807,אחוז הצבעה בקלפי
יאנוחגת,1295,4.1,381,185,48.55643044619423,אחוז הצבעה בקלפי
יאנוחגת,1295,4.2,381,163,42.78215223097113,אחוז הצבעה בקלפי
יאנוחגת,1295,5.1,397,161,40.55415617128463,אחוז הצבעה בקלפי
יאנוחגת,1295,5.2,397,196,49.37027707808564,אחוז הצבעה בקלפי
יאנוחגת,1295,6.0,698,256,36.67621776504298,אחוז הצבעה בקלפי
יאנוחגת,1295,7.0,636,213,33.490566037735846,אחוז הצבעה בקלפי
יאנוחגת,1295,8.0,310,107,34.516129032258064,אחוז הצבעה בקלפי
יבול,1232,1.0,227,164,72.24669603524228,אחוז הצבעה בקלפי
יבנאל,46,1.0,671,460,68.55439642324889,אחוז הצבעה בקלפי
יבנאל,46,3.1,680,468,68.82352941176471,אחוז הצבעה בקלפי
יבנאל,46,3.2,680,482,70.88235294117648,אחוז הצבעה בקלפי
יבנאל,46,3.3,678,487,71.82890855457227,אחוז הצבעה בקלפי
יבנה,2660,1.0,441,284,64.39909297052154,אחוז הצבעה בקלפי
יבנה,2660,2.0,621,370,59.58132045088567,אחוז הצבעה בקלפי
יבנה,2660,3.0,619,444,71.72859450726979,אחוז הצבעה בקלפי
יבנה,2660,4.1,377,262,69.49602122015915,אחוז הצבעה בקלפי
יבנה,2660,4.2,376,228,60.63829787234043,אחוז הצבעה בקלפי
יבנה,2660,5.1,717,502,70.01394700139471,אחוז הצבעה בקלפי
יבנה,2660,5.2,717,518,72.24546722454673,אחוז הצבעה בקלפי
יבנה,2660,6.1,663,511,77.0739064856712,אחוז הצבעה בקלפי
יבנה,2660,6.2,663,520,78.43137254901961,אחוז הצבעה בקלפי
יבנה,2660,6.3,663,514,77.526395173454,אחוז הצבעה בקלפי
יבנה,2660,7.1,354,258,72.88135593220339,אחוז הצבעה בקלפי
יבנה,2660,7.2,354,251,70.90395480225989,אחוז הצבעה בקלפי
יבנה,2660,9.0,664,398,59.93975903614458,אחוז הצבעה בקלפי
יבנה,2660,11.0,562,423,75.26690391459074,אחוז הצבעה בקלפי
יבנה,2660,17.1,619,464,74.95961227786752,אחוז הצבעה בקלפי
יבנה,2660,17.2,619,424,68.49757673667204,אחוז הצבעה בקלפי
יבנה,2660,17.3,619,414,66.88206785137318,אחוז הצבעה בקלפי
יבנה,2660,17.4,619,441,71.24394184168013,אחוז הצבעה בקלפי
יבנה,2660,18.1,621,450,72.46376811594203,אחוז הצבעה בקלפי
יבנה,2660,18.2,621,460,74.07407407407408,אחוז הצבעה בקלפי
יבנה,2660,18.3,621,423,68.11594202898551,אחוז הצבעה בקלפי
יבנה,2660,21.1,613,440,71.77814029363785,אחוז הצבעה בקלפי
יבנה,2660,21.2,613,449,73.2463295269168,אחוז הצבעה בקלפי
יבנה,2660,23.1,375,290,77.33333333333333,אחוז הצבעה בקלפי
יבנה,2660,23.2,375,309,82.39999999999999,אחוז הצבעה בקלפי
יבנה,2660,26.1,516,373,72.28682170542635,אחוז הצבעה בקלפי
יבנה,2660,26.2,516,410,79.45736434108527,אחוז הצבעה בקלפי
יבנה,2660,26.3,514,385,74.90272373540856,אחוז הצבעה בקלפי
יבנה,2660,27.1,574,430,74.91289198606272,אחוז הצבעה בקלפי
יבנה,2660,27.2,574,439,76.4808362369338,אחוז הצבעה בקלפי
יבנה,2660,27.3,574,401,69.86062717770035,אחוז הצבעה בקלפי
יבנה,2660,27.4,571,427,74.78108581436076,אחוז הצבעה בקלפי
יבנה,2660,28.1,580,470,81.03448275862068,אחוז הצבעה בקלפי
יבנה,2660,28.2,580,439,75.6896551724138,אחוז הצבעה בקלפי
יבנה,2660,28.3,580,442,76.20689655172413,אחוז הצבעה בקלפי
יבנה,2660,28.4,578,438,75.77854671280276,אחוז הצבעה בקלפי
יבנה,2660,31.0,453,320,70.6401766004415,אחוז הצבעה בקלפי
יבנה,2660,34.1,651,515,79.10906298003071,אחוז הצבעה בקלפי
יבנה,2660,34.2,651,519,79.72350230414746,אחוז הצבעה בקלפי
יבנה,2660,34.3,651,503,77.2657450076805,אחוז הצבעה בקלפי
יבנה,2660,34.4,648,513,79.16666666666666,אחוז הצבעה בקלפי
יבנה,2660,36.0,558,342,61.29032258064516,אחוז הצבעה בקלפי
יבנה,2660,37.1,683,494,72.32796486090776,אחוז הצבעה בקלפי
יבנה,2660,37.2,683,471,68.96046852122987,אחוז הצבעה בקלפי
יבנה,2660,38.0,442,336,76.01809954751131,אחוז הצבעה בקלפי
יבנה,2660,39.0,407,280,68.7960687960688,אחוז הצבעה בקלפי
יבנה,2660,46.0,594,492,82.82828282828282,אחוז הצבעה בקלפי
יבנה,2660,53.1,638,514,80.56426332288402,אחוז הצבעה בקלפי
יבנה,2660,53.2,638,536,84.01253918495298,אחוז הצבעה בקלפי
יבנה,2660,53.3,638,520,81.50470219435736,אחוז הצבעה בקלפי
יבנה,2660,53.4,635,520,81.88976377952756,אחוז הצבעה בקלפי
יבנה,2660,54.0,585,475,81.19658119658119,אחוז הצבעה בקלפי
יבנה,2660,57.1,646,512,79.25696594427245,אחוז הצבעה בקלפי
יבנה,2660,57.2,646,523,80.95975232198143,אחוז הצבעה בקלפי
יבנה,2660,57.3,646,526,81.42414860681114,אחוז הצבעה בקלפי
יבנה,2660,59.1,544,450,82.72058823529412,אחוז הצבעה בקלפי
יבנה,2660,59.2,544,442,81.25,אחוז הצבעה בקלפי
יבנה,2660,59.3,543,453,83.42541436464089,אחוז הצבעה בקלפי
יבנה,2660,62.1,558,454,81.36200716845879,אחוז הצבעה בקלפי
יבנה,2660,62.2,558,466,83.51254480286738,אחוז הצבעה בקלפי
יבנה,2660,62.3,558,461,82.61648745519713,אחוז הצבעה בקלפי
יבנה,2660,62.4,558,452,81.00358422939068,אחוז הצבעה בקלפי
יבנה,2660,951.1,536,429,80.03731343283582,אחוז הצבעה בקלפי
יבנה,2660,951.2,536,438,81.71641791044776,אחוז הצבעה בקלפי
יבנה,2660,951.3,536,436,81.34328358208955,אחוז הצבעה בקלפי
יבנה,2660,951.4,534,459,85.95505617977528,אחוז הצבעה בקלפי
יגור,96,1.1,467,295,63.16916488222698,אחוז הצבעה בקלפי
יגור,96,1.2,467,304,65.0963597430407,אחוז הצבעה בקלפי
יגור,96,1.3,467,294,62.95503211991434,אחוז הצבעה בקלפי
יגל,798,1.0,631,515,81.61648177496038,אחוז הצבעה בקלפי
יד בנימין,577,1.0,601,465,77.3710482529118,אחוז הצבעה בקלפי
יד בנימין,577,2.0,599,469,78.29716193656094,אחוז הצבעה בקלפי
יד בנימין,577,3.0,575,457,79.47826086956522,אחוז הצבעה בקלפי
יד בנימין,577,4.0,636,484,76.10062893081762,אחוז הצבעה בקלפי
יד השמונה,1134,1.0,170,121,71.17647058823529,אחוז הצבעה בקלפי
יד חנה,758,1.0,604,485,80.29801324503312,אחוז הצבעה בקלפי
יד מרדכי,358,1.1,363,263,72.45179063360881,אחוז הצבעה בקלפי
יד מרדכי,358,1.2,362,242,66.85082872928176,אחוז הצבעה בקלפי
יד נתן,775,1.0,419,308,73.50835322195705,אחוז הצבעה בקלפי
יד רמבם,64,1.0,451,351,77.8270509977827,אחוז הצבעה בקלפי
יד רמבם,64,2.0,427,321,75.17564402810304,אחוז הצבעה בקלפי
יהודמונוסון,9400,1.1,547,406,74.22303473491773,אחוז הצבעה בקלפי
יהודמונוסון,9400,1.2,547,389,71.11517367458866,אחוז הצבעה בקלפי
יהודמונוסון,9400,1.3,547,392,71.66361974405851,אחוז הצבעה בקלפי
יהודמונוסון,9400,1.4,547,393,71.84643510054845,אחוז הצבעה בקלפי
יהודמונוסון,9400,3.0,612,447,73.0392156862745,אחוז הצבעה בקלפי
יהודמונוסון,9400,5.0,642,509,79.2834890965732,אחוז הצבעה בקלפי
יהודמונוסון,9400,6.1,600,449,74.83333333333333,אחוז הצבעה בקלפי
יהודמונוסון,9400,6.2,599,447,74.62437395659433,אחוז הצבעה בקלפי
יהודמונוסון,9400,10.0,434,294,67.74193548387096,אחוז הצבעה בקלפי
יהודמונוסון,9400,11.0,353,248,70.25495750708215,אחוז הצבעה בקלפי
יהודמונוסון,9400,12.0,470,315,67.02127659574468,אחוז הצבעה בקלפי
יהודמונוסון,9400,14.0,656,539,82.16463414634147,אחוז הצבעה בקלפי
יהודמונוסון,9400,16.1,569,406,71.35325131810193,אחוז הצבעה בקלפי
יהודמונוסון,9400,16.2,569,415,72.93497363796133,אחוז הצבעה בקלפי
יהודמונוסון,9400,16.3,567,395,69.66490299823633,אחוז הצבעה בקלפי
יהודמונוסון,9400,18.0,689,471,68.3599419448476,אחוז הצבעה בקלפי
יהודמונוסון,9400,19.1,662,497,75.07552870090635,אחוז הצבעה בקלפי
יהודמונוסון,9400,19.2,662,513,77.49244712990937,אחוז הצבעה בקלפי
יהודמונוסון,9400,19.3,661,500,75.642965204236,אחוז הצבעה בקלפי
יהודמונוסון,9400,20.0,578,436,75.4325259515571,אחוז הצבעה בקלפי
יהודמונוסון,9400,21.0,685,480,70.07299270072993,אחוז הצבעה בקלפי
יהודמונוסון,9400,24.1,610,480,78.68852459016394,אחוז הצבעה בקלפי
יהודמונוסון,9400,24.2,610,457,74.91803278688525,אחוז הצבעה בקלפי
יהודמונוסון,9400,24.3,610,465,76.22950819672131,אחוז הצבעה בקלפי
יהודמונוסון,9400,24.4,609,426,69.95073891625616,אחוז הצבעה בקלפי
יהודמונוסון,9400,25.0,548,421,76.82481751824818,אחוז הצבעה בקלפי
יהודמונוסון,9400,26.0,510,410,80.3921568627451,אחוז הצבעה בקלפי
יהודמונוסון,9400,27.0,596,457,76.6778523489933,אחוז הצבעה בקלפי
יהודמונוסון,9400,28.0,547,410,74.9542961608775,אחוז הצבעה בקלפי
יהודמונוסון,9400,29.0,595,449,75.46218487394958,אחוז הצבעה בקלפי
יהודמונוסון,9400,30.0,618,426,68.93203883495146,אחוז הצבעה בקלפי
יהודמונוסון,9400,31.0,585,448,76.5811965811966,אחוז הצבעה בקלפי
יהודמונוסון,9400,33.0,513,367,71.53996101364523,אחוז הצבעה בקלפי
יהודמונוסון,9400,34.0,729,525,72.0164609053498,אחוז הצבעה בקלפי
יהודמונוסון,9400,35.0,514,361,70.23346303501945,אחוז הצבעה בקלפי
יהודמונוסון,9400,37.0,606,473,78.05280528052805,אחוז הצבעה בקלפי
יהודמונוסון,9400,38.0,442,343,77.60180995475113,אחוז הצבעה בקלפי
יהודמונוסון,9400,101.0,605,465,76.85950413223141,אחוז הצבעה בקלפי
יהודמונוסון,9400,102.0,518,370,71.42857142857143,אחוז הצבעה בקלפי
יהודמונוסון,9400,103.0,602,449,74.58471760797342,אחוז הצבעה בקלפי
יהודמונוסון,9400,104.0,572,424,74.12587412587412,אחוז הצבעה בקלפי
יהודמונוסון,9400,105.0,538,461,85.68773234200744,אחוז הצבעה בקלפי
יהל,1158,1.0,224,132,58.92857142857143,אחוז הצבעה בקלפי
יובל,2009,1.0,464,339,73.0603448275862,אחוז הצבעה בקלפי
יובלים,1226,1.0,569,419,73.63796133567662,אחוז הצבעה בקלפי
יובלים,1226,2.0,486,356,73.25102880658436,אחוז הצבעה בקלפי
יודפת,1112,1.0,668,503,75.2994011976048,אחוז הצבעה בקלפי
יונתן,4007,1.0,452,326,72.12389380530973,אחוז הצבעה בקלפי
יושיביה,803,1.0,377,310,82.22811671087533,אחוז הצבעה בקלפי
יזרעאל,452,1.0,565,353,62.477876106194685,אחוז הצבעה בקלפי
יחיעם,409,1.0,615,401,65.20325203252033,אחוז הצבעה בקלפי
יטבתה,866,1.1,356,216,60.67415730337079,אחוז הצבעה בקלפי
יטבתה,866,1.2,355,204,57.46478873239437,אחוז הצבעה בקלפי
ייטב,3607,1.0,270,186,68.88888888888889,אחוז הצבעה בקלפי
יכיני,811,1.0,482,386,80.08298755186722,אחוז הצבעה בקלפי
ינוב,753,1.0,621,460,74.07407407407408,אחוז הצבעה בקלפי
ינון,2011,1.0,445,344,77.30337078651685,אחוז הצבעה בקלפי
ינון,2011,2.0,498,405,81.32530120481928,אחוז הצבעה בקלפי
יסוד המעלה,29,1.0,686,438,63.84839650145773,אחוז הצבעה בקלפי
יסוד המעלה,29,2.0,662,456,68.8821752265861,אחוז הצבעה בקלפי
יסודות,440,1.0,352,320,90.9090909090909,אחוז הצבעה בקלפי
יסעור,575,1.0,581,409,70.39586919104991,אחוז הצבעה בקלפי
יעד,1138,1.0,628,445,70.85987261146497,אחוז הצבעה בקלפי
יעף,1044,1.0,185,134,72.43243243243244,אחוז הצבעה בקלפי
יערה,795,1.0,590,388,65.76271186440678,אחוז הצבעה בקלפי
יפיע,499,6.1,564,319,56.560283687943254,אחוז הצבעה בקלפי
יפיע,499,6.2,564,299,53.01418439716312,אחוז הצבעה בקלפי
יפיע,499,6.3,564,284,50.35460992907801,אחוז הצבעה בקלפי
יפיע,499,6.4,564,246,43.61702127659575,אחוז הצבעה בקלפי
יפיע,499,13.1,513,250,48.732943469785575,אחוז הצבעה בקלפי
יפיע,499,13.2,513,209,40.74074074074074,אחוז הצבעה בקלפי
יפיע,499,13.3,511,234,45.79256360078278,אחוז הצבעה בקלפי
יפיע,499,15.1,581,265,45.61101549053356,אחוז הצבעה בקלפי
יפיע,499,15.2,581,291,50.08605851979346,אחוז הצבעה בקלפי
יפיע,499,15.3,581,307,52.83993115318416,אחוז הצבעה בקלפי
יפיע,499,15.4,581,315,54.21686746987952,אחוז הצבעה בקלפי
יפיע,499,15.5,579,303,52.331606217616574,אחוז הצבעה בקלפי
יפיע,499,16.1,532,282,53.00751879699248,אחוז הצבעה בקלפי
יפיע,499,16.2,532,244,45.86466165413533,אחוז הצבעה בקלפי
יפיע,499,16.3,532,300,56.390977443609025,אחוז הצבעה בקלפי
יפיע,499,16.4,532,294,55.26315789473685,אחוז הצבעה בקלפי
יפיע,499,18.1,546,304,55.67765567765568,אחוז הצבעה בקלפי
יפיע,499,18.2,546,234,42.857142857142854,אחוז הצבעה בקלפי
יפיע,499,18.3,546,253,46.336996336996336,אחוז הצבעה בקלפי
יפיע,499,18.4,545,251,46.055045871559635,אחוז הצבעה בקלפי
יפיע,499,19.1,571,303,53.06479859894922,אחוז הצבעה בקלפי
יפיע,499,19.2,571,263,46.05954465849387,אחוז הצבעה בקלפי
יפיע,499,19.3,571,233,40.80560420315236,אחוז הצבעה בקלפי
יפיע,499,19.4,571,294,51.48861646234676,אחוז הצבעה בקלפי
יפיע,499,19.5,569,278,48.85764499121266,אחוז הצבעה בקלפי
יפית,3566,1.0,176,101,57.38636363636363,אחוז הצבעה בקלפי
יפעת,134,1.0,432,328,75.92592592592592,אחוז הצבעה בקלפי
יפעת,134,2.0,426,321,75.35211267605634,אחוז הצבעה בקלפי
יפתח,453,1.0,563,389,69.09413854351686,אחוז הצבעה בקלפי
יצהר,3749,1.0,405,322,79.50617283950618,אחוז הצבעה בקלפי
יצהר,3749,2.0,425,323,76.0,אחוז הצבעה בקלפי
יציץ,759,1.0,579,440,75.99309153713298,אחוז הצבעה בקלפי
יקום,417,1.0,577,441,76.42980935875217,אחוז הצבעה בקלפי
יקיר,3647,1.1,690,565,81.88405797101449,אחוז הצבעה בקלפי
יקיר,3647,1.2,690,534,77.39130434782608,אחוז הצבעה בקלפי
יקנעם מושבה,241,1.0,490,367,74.89795918367346,אחוז הצבעה בקלפי
יקנעם מושבה,241,2.0,529,390,73.72400756143668,אחוז הצבעה בקלפי
יקנעם עילית,240,3.1,695,439,63.16546762589928,אחוז הצבעה בקלפי
יקנעם עילית,240,3.2,695,469,67.4820143884892,אחוז הצבעה בקלפי
יקנעם עילית,240,5.1,669,376,56.20328849028401,אחוז הצבעה בקלפי
יקנעם עילית,240,7.0,588,388,65.98639455782312,אחוז הצבעה בקלפי
יקנעם עילית,240,8.1,580,291,50.172413793103445,אחוז הצבעה בקלפי
יקנעם עילית,240,8.2,580,282,48.62068965517241,אחוז הצבעה בקלפי
יקנעם עילית,240,8.3,578,276,47.75086505190311,אחוז הצבעה בקלפי
יקנעם עילית,240,9.0,567,380,67.01940035273368,אחוז הצבעה בקלפי
יקנעם עילית,240,10.0,554,357,64.4404332129964,אחוז הצבעה בקלפי
יקנעם עילית,240,12.0,577,329,57.019064124783355,אחוז הצבעה בקלפי
יקנעם עילית,240,13.0,679,402,59.20471281296024,אחוז הצבעה בקלפי
יקנעם עילית,240,14.0,611,425,69.55810147299509,אחוז הצבעה בקלפי
יקנעם עילית,240,15.1,614,464,75.57003257328991,אחוז הצבעה בקלפי
יקנעם עילית,240,15.2,614,467,76.0586319218241,אחוז הצבעה בקלפי
יקנעם עילית,240,15.3,614,480,78.17589576547232,אחוז הצבעה בקלפי
יקנעם עילית,240,15.4,614,450,73.28990228013029,אחוז הצבעה בקלפי
יקנעם עילית,240,15.5,614,476,77.52442996742671,אחוז הצבעה בקלפי
יקנעם עילית,240,15.6,610,473,77.54098360655738,אחוז הצבעה בקלפי
יקנעם עילית,240,16.0,638,437,68.49529780564264,אחוז הצבעה בקלפי
יקנעם עילית,240,17.0,560,398,71.07142857142857,אחוז הצבעה בקלפי
יקנעם עילית,240,18.0,608,390,64.14473684210526,אחוז הצבעה בקלפי
יקנעם עילית,240,21.1,486,353,72.63374485596708,אחוז הצבעה בקלפי
יקנעם עילית,240,21.2,486,341,70.16460905349794,אחוז הצבעה בקלפי
יקנעם עילית,240,21.3,486,354,72.8395061728395,אחוז הצבעה בקלפי
יקנעם עילית,240,22.0,666,455,68.31831831831832,אחוז הצבעה בקלפי
יקנעם עילית,240,23.0,567,376,66.31393298059965,אחוז הצבעה בקלפי
יקנעם עילית,240,24.0,606,377,62.211221122112214,אחוז הצבעה בקלפי
יקנעם עילית,240,26.0,658,455,69.14893617021278,אחוז הצבעה בקלפי
יקנעם עילית,240,30.1,530,400,75.47169811320755,אחוז הצבעה בקלפי
יקנעם עילית,240,30.2,530,423,79.81132075471699,אחוז הצבעה בקלפי
יקנעם עילית,240,30.3,530,397,74.90566037735849,אחוז הצבעה בקלפי
יקנעם עילית,240,30.4,529,410,77.50472589792061,אחוז הצבעה בקלפי
יראון,623,1.0,367,219,59.67302452316077,אחוז הצבעה בקלפי
ירדנה,2026,1.0,283,220,77.73851590106007,אחוז הצבעה בקלפי
ירוחם,831,1.0,676,496,73.37278106508876,אחוז הצבעה בקלפי
ירוחם,831,2.0,693,444,64.06926406926407,אחוז הצבעה בקלפי
ירוחם,831,3.1,480,331,68.95833333333333,אחוז הצבעה בקלפי
ירוחם,831,3.2,480,305,63.541666666666664,אחוז הצבעה בקלפי
ירוחם,831,4.0,475,271,57.05263157894736,אחוז הצבעה בקלפי
ירוחם,831,5.0,526,319,60.646387832699624,אחוז הצבעה בקלפי
ירוחם,831,6.0,639,469,73.39593114241002,אחוז הצבעה בקלפי
ירוחם,831,7.0,519,299,57.61078998073218,אחוז הצבעה בקלפי
ירוחם,831,8.0,532,363,68.23308270676691,אחוז הצבעה בקלפי
ירוחם,831,9.1,673,467,69.39078751857355,אחוז הצבעה בקלפי
ירוחם,831,10.0,576,303,52.604166666666664,אחוז הצבעה בקלפי
ירוחם,831,11.1,388,262,67.5257731958763,אחוז הצבעה בקלפי
ירוחם,831,11.2,387,260,67.18346253229974,אחוז הצבעה בקלפי
ירוחם,831,12.1,409,321,78.4841075794621,אחוז הצבעה בקלפי
ירוחם,831,12.2,408,286,70.09803921568627,אחוז הצבעה בקלפי
ירושלים,3000,572.1,664,446,67.16867469879519,אחוז הצבעה בקלפי
ירושלים,3000,572.2,664,458,68.97590361445783,אחוז הצבעה בקלפי
ירושלים,3000,572.3,664,462,69.57831325301204,אחוז הצבעה בקלפי
ירושלים,3000,572.4,664,424,63.85542168674698,אחוז הצבעה בקלפי
ירושלים,3000,572.5,663,441,66.51583710407239,אחוז הצבעה בקלפי
ירושלים,3000,574.0,572,294,51.39860139860139,אחוז הצבעה בקלפי
ירושלים,3000,575.0,663,554,83.55957767722474,אחוז הצבעה בקלפי
ירושלים,3000,576.0,545,373,68.44036697247707,אחוז הצבעה בקלפי
ירושלים,3000,650.0,568,358,63.02816901408451,אחוז הצבעה בקלפי
ירושלים,3000,698.0,675,396,58.666666666666664,אחוז הצבעה בקלפי
ירושלים,3000,700.0,658,461,70.06079027355622,אחוז הצבעה בקלפי
ירושלים,3000,701.0,687,421,61.280931586608446,אחוז הצבעה בקלפי
ירושלים,3000,712.0,536,366,68.28358208955224,אחוז הצבעה בקלפי
ירושלים,3000,713.0,488,329,67.41803278688525,אחוז הצבעה בקלפי
ירושלים,3000,714.0,690,436,63.18840579710145,אחוז הצבעה בקלפי
ירושלים,3000,720.0,601,387,64.39267886855241,אחוז הצבעה בקלפי
ירושלים,3000,725.1,616,411,66.72077922077922,אחוז הצבעה בקלפי
ירושלים,3000,725.2,616,400,64.93506493506493,אחוז הצבעה בקלפי
ירושלים,3000,725.3,616,388,62.98701298701299,אחוז הצבעה בקלפי
ירושלים,3000,725.4,616,431,69.96753246753246,אחוז הצבעה בקלפי
ירושלים,3000,725.5,616,376,61.038961038961034,אחוז הצבעה בקלפי
ירושלים,3000,725.6,611,404,66.12111292962356,אחוז הצבעה בקלפי
ירושלים,3000,733.0,674,479,71.06824925816024,אחוז הצבעה בקלפי
ירושלים,3000,737.0,542,405,74.72324723247232,אחוז הצבעה בקלפי
ירושלים,3000,742.1,599,46,7.6794657762938225,אחוז הצבעה בקלפי
ירושלים,3000,742.2,598,52,8.695652173913043,אחוז הצבעה בקלפי
ירושלים,3000,745.0,546,383,70.14652014652015,אחוז הצבעה בקלפי
ירושלים,3000,746.0,563,356,63.232682060390765,אחוז הצבעה בקלפי
ירושלים,3000,755.0,569,364,63.971880492091394,אחוז הצבעה בקלפי
ירושלים,3000,757.1,626,426,68.05111821086261,אחוז הצבעה בקלפי
ירושלים,3000,757.2,626,424,67.73162939297124,אחוז הצבעה בקלפי
ירושלים,3000,757.3,626,375,59.904153354632584,אחוז הצבעה בקלפי
ירושלים,3000,760.0,664,446,67.16867469879519,אחוז הצבעה בקלפי
ירושלים,3000,761.0,497,331,66.59959758551308,אחוז הצבעה בקלפי
ירושלים,3000,762.1,677,516,76.21861152141803,אחוז הצבעה בקלפי
ירושלים,3000,762.2,677,481,71.04874446085671,אחוז הצבעה בקלפי
ירושלים,3000,762.3,677,497,73.41211225997046,אחוז הצבעה בקלפי
ירושלים,3000,762.4,677,500,73.85524372230428,אחוז הצבעה בקלפי
ירושלים,3000,762.5,674,469,69.58456973293768,אחוז הצבעה בקלפי
ירושלים,3000,763.1,612,412,67.3202614379085,אחוז הצבעה בקלפי
ירושלים,3000,763.2,612,429,70.09803921568627,אחוז הצבעה בקלפי
ירושלים,3000,763.3,612,433,70.75163398692811,אחוז הצבעה בקלפי
ירושלים,3000,763.4,612,397,64.86928104575163,אחוז הצבעה בקלפי
ירושלים,3000,764.0,594,420,70.70707070707071,אחוז הצבעה בקלפי
ירושלים,3000,765.0,549,389,70.85610200364299,אחוז הצבעה בקלפי
ירושלים,3000,766.0,589,412,69.94906621392191,אחוז הצבעה בקלפי
ירושלים,3000,770.1,635,422,66.45669291338582,אחוז הצבעה בקלפי
ירושלים,3000,770.2,635,416,65.51181102362204,אחוז הצבעה בקלפי
ירושלים,3000,770.3,635,442,69.60629921259842,אחוז הצבעה בקלפי
ירושלים,3000,770.4,634,382,60.252365930599375,אחוז הצבעה בקלפי
ירושלים,3000,792.0,548,388,70.8029197080292,אחוז הצבעה בקלפי
ירושלים,3000,969.0,412,286,69.41747572815534,אחוז הצבעה בקלפי
ירושלים,3000,20.1,578,199,34.42906574394463,אחוז הצבעה בקלפי
ירושלים,3000,20.2,578,198,34.2560553633218,אחוז הצבעה בקלפי
ירושלים,3000,20.3,578,190,32.8719723183391,אחוז הצבעה בקלפי
ירושלים,3000,20.4,578,153,26.47058823529412,אחוז הצבעה בקלפי
ירושלים,3000,20.5,574,173,30.139372822299652,אחוז הצבעה בקלפי
ירושלים,3000,26.1,593,311,52.4451939291737,אחוז הצבעה בקלפי
ירושלים,3000,26.2,593,310,52.27655986509275,אחוז הצבעה בקלפי
ירושלים,3000,26.3,593,314,52.951096121416526,אחוז הצבעה בקלפי
ירושלים,3000,26.4,593,298,50.252951096121414,אחוז הצבעה בקלפי
ירושלים,3000,26.5,589,267,45.331069609507644,אחוז הצבעה בקלפי
ירושלים,3000,120.1,628,277,44.10828025477707,אחוז הצבעה בקלפי
ירושלים,3000,120.2,628,159,25.318471337579616,אחוז הצבעה בקלפי
ירושלים,3000,120.3,628,271,43.152866242038215,אחוז הצבעה בקלפי
ירושלים,3000,120.4,628,272,43.31210191082803,אחוז הצבעה בקלפי
ירושלים,3000,120.5,628,212,33.75796178343949,אחוז הצבעה בקלפי
ירושלים,3000,120.6,626,230,36.74121405750799,אחוז הצבעה בקלפי
ירושלים,3000,423.1,690,468,67.82608695652173,אחוז הצבעה בקלפי
ירושלים,3000,423.2,690,470,68.11594202898551,אחוז הצבעה בקלפי
ירושלים,3000,423.3,690,474,68.69565217391305,אחוז הצבעה בקלפי
ירושלים,3000,521.1,545,198,36.3302752293578,אחוז הצבעה בקלפי
ירושלים,3000,521.2,545,214,39.26605504587156,אחוז הצבעה בקלפי
ירושלים,3000,521.3,545,199,36.51376146788991,אחוז הצבעה בקלפי
ירושלים,3000,521.4,544,221,40.625,אחוז הצבעה בקלפי
ירושלים,3000,550.1,584,373,63.869863013698634,אחוז הצבעה בקלפי
ירושלים,3000,550.2,584,347,59.417808219178085,אחוז הצבעה בקלפי
ירושלים,3000,550.3,584,344,58.9041095890411,אחוז הצבעה בקלפי
ירושלים,3000,550.4,583,356,61.06346483704974,אחוז הצבעה בקלפי
ירושלים,3000,554.1,586,404,68.94197952218431,אחוז הצבעה בקלפי
ירושלים,3000,554.2,586,415,70.81911262798634,אחוז הצבעה בקלפי
ירושלים,3000,554.3,586,399,68.08873720136519,אחוז הצבעה בקלפי
ירושלים,3000,554.4,586,420,71.67235494880546,אחוז הצבעה בקלפי
ירושלים,3000,554.5,586,399,68.08873720136519,אחוז הצבעה בקלפי
ירושלים,3000,554.6,582,378,64.94845360824742,אחוז הצבעה בקלפי
ירושלים,3000,556.1,600,332,55.333333333333336,אחוז הצבעה בקלפי
ירושלים,3000,556.2,600,355,59.166666666666664,אחוז הצבעה בקלפי
ירושלים,3000,556.3,600,344,57.333333333333336,אחוז הצבעה בקלפי
ירושלים,3000,556.4,600,322,53.666666666666664,אחוז הצבעה בקלפי
ירושלים,3000,562.1,693,388,55.98845598845599,אחוז הצבעה בקלפי
ירושלים,3000,562.2,693,381,54.97835497835498,אחוז הצבעה בקלפי
ירושלים,3000,569.1,617,406,65.80226904376013,אחוז הצבעה בקלפי
ירושלים,3000,569.2,617,396,64.18152350081037,אחוז הצבעה בקלפי
ירושלים,3000,569.3,617,434,70.34035656401944,אחוז הצבעה בקלפי
ירושלים,3000,569.4,617,442,71.63695299837926,אחוז הצבעה בקלפי
ירושלים,3000,569.5,617,411,66.61264181523501,אחוז הצבעה בקלפי
ירושלים,3000,569.6,617,388,62.88492706645057,אחוז הצבעה בקלפי
ירושלים,3000,569.7,634,400,63.09148264984227,אחוז הצבעה בקלפי
ירושלים,3000,715.1,659,374,56.752655538694995,אחוז הצבעה בקלפי
ירושלים,3000,715.2,659,413,62.67071320182094,אחוז הצבעה בקלפי
ירושלים,3000,715.3,658,388,58.96656534954408,אחוז הצבעה בקלפי
ירושלים,3000,735.0,667,459,68.81559220389805,אחוז הצבעה בקלפי
ירושלים,3000,739.0,695,438,63.021582733812956,אחוז הצבעה בקלפי
ירושלים,3000,740.1,689,443,64.29608127721336,אחוז הצבעה בקלפי
ירושלים,3000,740.2,689,481,69.81132075471697,אחוז הצבעה בקלפי
ירושלים,3000,740.3,687,422,61.42649199417758,אחוז הצבעה בקלפי
ירושלים,3000,744.0,556,391,70.32374100719424,אחוז הצבעה בקלפי
ירושלים,3000,750.1,676,482,71.30177514792899,אחוז הצבעה בקלפי
ירושלים,3000,750.2,676,489,72.33727810650888,אחוז הצבעה בקלפי
ירושלים,3000,750.3,676,455,67.3076923076923,אחוז הצבעה בקלפי
ירושלים,3000,750.4,676,464,68.63905325443787,אחוז הצבעה בקלפי
ירושלים,3000,751.1,649,480,73.95993836671802,אחוז הצבעה בקלפי
ירושלים,3000,751.2,649,471,72.57318952234206,אחוז הצבעה בקלפי
ירושלים,3000,751.3,649,483,74.42218798151,אחוז הצבעה בקלפי
ירושלים,3000,751.4,649,507,78.12018489984591,אחוז הצבעה בקלפי
ירושלים,3000,751.5,649,444,68.41294298921417,אחוז הצבעה בקלפי
ירושלים,3000,751.6,647,456,70.47913446676971,אחוז הצבעה בקלפי
ירושלים,3000,752.1,621,446,71.81964573268921,אחוז הצבעה בקלפי
ירושלים,3000,752.2,621,427,68.76006441223832,אחוז הצבעה בקלפי
ירושלים,3000,752.3,621,426,68.59903381642512,אחוז הצבעה בקלפי
ירושלים,3000,752.4,619,418,67.52827140549273,אחוז הצבעה בקלפי
ירושלים,3000,797.0,507,347,68.44181459566076,אחוז הצבעה בקלפי
ירושלים,3000,5.0,535,150,28.037383177570092,אחוז הצבעה בקלפי
ירושלים,3000,16.0,606,63,10.396039603960396,אחוז הצבעה בקלפי
ירושלים,3000,17.0,616,65,10.55194805194805,אחוז הצבעה בקלפי
ירושלים,3000,18.0,631,169,26.782884310618066,אחוז הצבעה בקלפי
ירושלים,3000,36.1,648,367,56.6358024691358,אחוז הצבעה בקלפי
ירושלים,3000,36.2,648,365,56.32716049382716,אחוז הצבעה בקלפי
ירושלים,3000,36.3,648,394,60.802469135802475,אחוז הצבעה בקלפי
ירושלים,3000,36.4,647,340,52.55023183925811,אחוז הצבעה בקלפי
ירושלים,3000,76.0,566,59,10.424028268551238,אחוז הצבעה בקלפי
ירושלים,3000,83.1,680,226,33.23529411764706,אחוז הצבעה בקלפי
ירושלים,3000,83.2,680,199,29.264705882352942,אחוז הצבעה בקלפי
ירושלים,3000,83.3,680,227,33.38235294117647,אחוז הצבעה בקלפי
ירושלים,3000,83.4,677,203,29.98522895125554,אחוז הצבעה בקלפי
ירושלים,3000,85.0,480,268,55.833333333333336,אחוז הצבעה בקלפי
ירושלים,3000,86.1,696,267,38.362068965517246,אחוז הצבעה בקלפי
ירושלים,3000,86.2,696,295,42.38505747126437,אחוז הצבעה בקלפי
ירושלים,3000,86.3,696,243,34.91379310344828,אחוז הצבעה בקלפי
ירושלים,3000,87.1,611,310,50.736497545008184,אחוז הצבעה בקלפי
ירושלים,3000,87.2,611,342,55.97381342062193,אחוז הצבעה בקלפי
ירושלים,3000,87.3,611,335,54.828150572831426,אחוז הצבעה בקלפי
ירושלים,3000,92.1,574,325,56.62020905923345,אחוז הצבעה בקלפי
ירושלים,3000,92.2,574,317,55.22648083623694,אחוז הצבעה בקלפי
ירושלים,3000,94.1,538,221,41.07806691449814,אחוז הצבעה בקלפי
ירושלים,3000,94.2,538,219,40.70631970260223,אחוז הצבעה בקלפי
ירושלים,3000,94.3,538,186,34.572490706319705,אחוז הצבעה בקלפי
ירושלים,3000,94.4,535,201,37.570093457943926,אחוז הצבעה בקלפי
ירושלים,3000,119.1,647,300,46.36785162287481,אחוז הצבעה בקלפי
ירושלים,3000,119.2,647,276,42.65842349304482,אחוז הצבעה בקלפי
ירושלים,3000,119.3,647,295,45.595054095826896,אחוז הצבעה בקלפי
ירושלים,3000,119.4,647,330,51.00463678516228,אחוז הצבעה בקלפי
ירושלים,3000,119.5,647,244,37.712519319938174,אחוז הצבעה בקלפי
ירושלים,3000,119.6,645,243,37.67441860465116,אחוז הצבעה בקלפי
ירושלים,3000,165.1,592,304,51.35135135135135,אחוז הצבעה בקלפי
ירושלים,3000,165.2,592,286,48.310810810810814,אחוז הצבעה בקלפי
ירושלים,3000,165.3,592,281,47.46621621621622,אחוז הצבעה בקלפי
ירושלים,3000,165.4,591,308,52.115059221658214,אחוז הצבעה בקלפי
ירושלים,3000,191.1,639,354,55.39906103286385,אחוז הצבעה בקלפי
ירושלים,3000,191.2,639,295,46.165884194053206,אחוז הצבעה בקלפי
ירושלים,3000,191.3,639,353,55.24256651017214,אחוז הצבעה בקלפי
ירושלים,3000,191.4,639,365,57.12050078247262,אחוז הצבעה בקלפי
ירושלים,3000,191.5,639,293,45.852895148669795,אחוז הצבעה בקלפי
ירושלים,3000,191.6,635,290,45.66929133858268,אחוז הצבעה בקלפי
ירושלים,3000,193.0,650,401,61.69230769230769,אחוז הצבעה בקלפי
ירושלים,3000,197.0,530,256,48.301886792452834,אחוז הצבעה בקלפי
ירושלים,3000,198.0,556,259,46.58273381294964,אחוז הצבעה בקלפי
ירושלים,3000,203.0,637,280,43.956043956043956,אחוז הצבעה בקלפי
ירושלים,3000,204.0,560,273,48.75,אחוז הצבעה בקלפי
ירושלים,3000,206.0,656,357,54.420731707317074,אחוז הצבעה בקלפי
ירושלים,3000,405.1,629,344,54.68998410174881,אחוז הצבעה בקלפי
ירושלים,3000,405.2,629,313,49.76152623211447,אחוז הצבעה בקלפי
ירושלים,3000,405.3,629,332,52.78219395866455,אחוז הצבעה בקלפי
ירושלים,3000,405.4,629,359,57.07472178060413,אחוז הצבעה בקלפי
ירושלים,3000,405.5,629,331,52.62321144674086,אחוז הצבעה בקלפי
ירושלים,3000,405.6,627,329,52.472089314194584,אחוז הצבעה בקלפי
ירושלים,3000,832.0,607,59,9.71993410214168,אחוז הצבעה בקלפי
ירושלים,3000,500.1,623,376,60.35313001605136,אחוז הצבעה בקלפי
ירושלים,3000,500.2,623,389,62.43980738362761,אחוז הצבעה בקלפי
ירושלים,3000,500.3,623,337,54.09309791332263,אחוז הצבעה בקלפי
ירושלים,3000,500.4,621,361,58.132045088566834,אחוז הצבעה בקלפי
ירושלים,3000,501.1,679,168,24.742268041237114,אחוז הצבעה בקלפי
ירושלים,3000,501.2,679,172,25.331369661266567,אחוז הצבעה בקלפי
ירושלים,3000,501.3,679,172,25.331369661266567,אחוז הצבעה בקלפי
ירושלים,3000,501.4,676,200,29.585798816568047,אחוז הצבעה בקלפי
ירושלים,3000,74.1,648,407,62.808641975308646,אחוז הצבעה בקלפי
ירושלים,3000,74.2,648,425,65.58641975308642,אחוז הצבעה בקלפי
ירושלים,3000,74.3,647,403,62.287480680061826,אחוז הצבעה בקלפי
ירושלים,3000,209.0,672,524,77.97619047619048,אחוז הצבעה בקלפי
ירושלים,3000,213.1,590,410,69.49152542372882,אחוז הצבעה בקלפי
ירושלים,3000,213.2,590,381,64.57627118644068,אחוז הצבעה בקלפי
ירושלים,3000,213.3,590,400,67.79661016949152,אחוז הצבעה בקלפי
ירושלים,3000,213.4,590,410,69.49152542372882,אחוז הצבעה בקלפי
ירושלים,3000,213.5,590,382,64.7457627118644,אחוז הצבעה בקלפי
ירושלים,3000,213.6,586,400,68.25938566552901,אחוז הצבעה בקלפי
ירושלים,3000,214.0,488,307,62.909836065573764,אחוז הצבעה בקלפי
ירושלים,3000,222.1,630,462,73.33333333333333,אחוז הצבעה בקלפי
ירושלים,3000,222.2,630,476,75.55555555555556,אחוז הצבעה בקלפי
ירושלים,3000,222.3,629,459,72.97297297297297,אחוז הצבעה בקלפי
ירושלים,3000,224.1,673,518,76.96879643387817,אחוז הצבעה בקלפי
ירושלים,3000,224.2,673,526,78.15750371471026,אחוז הצבעה בקלפי
ירושלים,3000,224.3,673,536,79.64338781575037,אחוז הצבעה בקלפי
ירושלים,3000,224.4,673,519,77.11738484398218,אחוז הצבעה בקלפי
ירושלים,3000,224.5,673,519,77.11738484398218,אחוז הצבעה בקלפי
ירושלים,3000,224.6,668,539,80.688622754491,אחוז הצבעה בקלפי
ירושלים,3000,225.1,594,420,70.70707070707071,אחוז הצבעה בקלפי
ירושלים,3000,225.2,594,370,62.2895622895623,אחוז הצבעה בקלפי
ירושלים,3000,225.3,593,403,67.95952782462057,אחוז הצבעה בקלפי
ירושלים,3000,238.0,667,436,65.36731634182908,אחוז הצבעה בקלפי
ירושלים,3000,249.1,526,381,72.43346007604563,אחוז הצבעה בקלפי
ירושלים,3000,249.2,526,378,71.86311787072243,אחוז הצבעה בקלפי
ירושלים,3000,249.3,526,347,65.96958174904944,אחוז הצבעה בקלפי
ירושלים,3000,249.4,526,336,63.87832699619772,אחוז הצבעה בקלפי
ירושלים,3000,260.1,696,448,64.36781609195403,אחוז הצבעה בקלפי
ירושלים,3000,260.2,696,417,59.91379310344828,אחוז הצבעה בקלפי
ירושלים,3000,260.3,696,448,64.36781609195403,אחוז הצבעה בקלפי
ירושלים,3000,260.4,694,450,64.84149855907782,אחוז הצבעה בקלפי
ירושלים,3000,261.0,651,386,59.29339477726574,אחוז הצבעה בקלפי
ירושלים,3000,267.0,551,396,71.86932849364791,אחוז הצבעה בקלפי
ירושלים,3000,268.0,605,430,71.07438016528926,אחוז הצבעה בקלפי
ירושלים,3000,269.0,671,485,72.28017883755588,אחוז הצבעה בקלפי
ירושלים,3000,270.0,686,516,75.21865889212827,אחוז הצבעה בקלפי
ירושלים,3000,272.1,652,418,64.11042944785275,אחוז הצבעה בקלפי
ירושלים,3000,272.2,652,426,65.33742331288343,אחוז הצבעה בקלפי
ירושלים,3000,272.3,652,463,71.0122699386503,אחוז הצבעה בקלפי
ירושלים,3000,272.4,652,442,67.79141104294479,אחוז הצבעה בקלפי
ירושלים,3000,272.5,651,413,63.44086021505376,אחוז הצבעה בקלפי
ירושלים,3000,274.1,645,387,60.0,אחוז הצבעה בקלפי
ירושלים,3000,274.2,645,380,58.91472868217055,אחוז הצבעה בקלפי
ירושלים,3000,274.3,644,392,60.86956521739131,אחוז הצבעה בקלפי
ירושלים,3000,275.0,587,319,54.34412265758092,אחוז הצבעה בקלפי
ירושלים,3000,278.0,660,496,75.15151515151514,אחוז הצבעה בקלפי
ירושלים,3000,280.0,583,203,34.81989708404803,אחוז הצבעה בקלפי
ירושלים,3000,282.0,581,420,72.28915662650603,אחוז הצבעה בקלפי
ירושלים,3000,286.0,695,464,66.76258992805757,אחוז הצבעה בקלפי
ירושלים,3000,298.0,678,470,69.32153392330383,אחוז הצבעה בקלפי
ירושלים,3000,444.1,617,438,70.98865478119936,אחוז הצבעה בקלפי
ירושלים,3000,444.2,617,439,71.15072933549432,אחוז הצבעה בקלפי
ירושלים,3000,444.3,617,421,68.23338735818476,אחוז הצבעה בקלפי
ירושלים,3000,444.4,617,438,70.98865478119936,אחוז הצבעה בקלפי
ירושלים,3000,447.0,536,335,62.5,אחוז הצבעה בקלפי
ירושלים,3000,659.1,603,444,73.6318407960199,אחוז הצבעה בקלפי
ירושלים,3000,659.2,603,452,74.95854063018243,אחוז הצבעה בקלפי
ירושלים,3000,659.3,603,477,79.1044776119403,אחוז הצבעה בקלפי
ירושלים,3000,659.4,603,421,69.81757877280266,אחוז הצבעה בקלפי
ירושלים,3000,659.5,600,445,74.16666666666667,אחוז הצבעה בקלפי
ירושלים,3000,706.1,560,392,70.0,אחוז הצבעה בקלפי
ירושלים,3000,706.2,560,388,69.28571428571428,אחוז הצבעה בקלפי
ירושלים,3000,706.3,560,370,66.07142857142857,אחוז הצבעה בקלפי
ירושלים,3000,706.4,560,383,68.39285714285714,אחוז הצבעה בקלפי
ירושלים,3000,708.1,634,474,74.76340694006309,אחוז הצבעה בקלפי
ירושלים,3000,708.2,633,471,74.40758293838863,אחוז הצבעה בקלפי
ירושלים,3000,718.0,530,400,75.47169811320755,אחוז הצבעה בקלפי
ירושלים,3000,769.1,662,509,76.8882175226586,אחוז הצבעה בקלפי
ירושלים,3000,769.2,662,510,77.0392749244713,אחוז הצבעה בקלפי
ירושלים,3000,769.3,662,526,79.45619335347432,אחוז הצבעה בקלפי
ירושלים,3000,769.4,662,497,75.07552870090635,אחוז הצבעה בקלפי
ירושלים,3000,769.5,660,506,76.66666666666667,אחוז הצבעה בקלפי
ירושלים,3000,771.1,515,416,80.7766990291262,אחוז הצבעה בקלפי
ירושלים,3000,771.2,515,390,75.72815533980582,אחוז הצבעה בקלפי
ירושלים,3000,771.3,515,390,75.72815533980582,אחוז הצבעה בקלפי
ירושלים,3000,774.1,681,516,75.77092511013215,אחוז הצבעה בקלפי
ירושלים,3000,774.2,681,512,75.18355359765052,אחוז הצבעה בקלפי
ירושלים,3000,774.3,681,498,73.12775330396477,אחוז הצבעה בקלפי
ירושלים,3000,774.4,681,527,77.38619676945669,אחוז הצבעה בקלפי
ירושלים,3000,774.5,677,511,75.48005908419498,אחוז הצבעה בקלפי
ירושלים,3000,776.1,585,450,76.92307692307693,אחוז הצבעה בקלפי
ירושלים,3000,776.2,585,454,77.60683760683762,אחוז הצבעה בקלפי
ירושלים,3000,776.3,585,442,75.55555555555556,אחוז הצבעה בקלפי
ירושלים,3000,776.4,585,455,77.77777777777779,אחוז הצבעה בקלפי
ירושלים,3000,776.5,585,451,77.0940170940171,אחוז הצבעה בקלפי
ירושלים,3000,776.6,580,425,73.27586206896551,אחוז הצבעה בקלפי
ירושלים,3000,777.0,558,428,76.70250896057348,אחוז הצבעה בקלפי
ירושלים,3000,785.1,628,495,78.82165605095541,אחוז הצבעה בקלפי
ירושלים,3000,785.2,628,476,75.79617834394905,אחוז הצבעה בקלפי
ירושלים,3000,785.3,628,512,81.52866242038218,אחוז הצבעה בקלפי
ירושלים,3000,785.4,628,478,76.11464968152866,אחוז הצבעה בקלפי
ירושלים,3000,785.5,626,434,69.32907348242811,אחוז הצבעה בקלפי
ירושלים,3000,787.1,691,488,70.62228654124458,אחוז הצבעה בקלפי
ירושלים,3000,787.2,691,530,76.70043415340086,אחוז הצבעה בקלפי
ירושלים,3000,787.3,689,514,74.60087082728593,אחוז הצבעה בקלפי
ירושלים,3000,789.1,515,372,72.23300970873787,אחוז הצבעה בקלפי
ירושלים,3000,789.2,515,417,80.97087378640776,אחוז הצבעה בקלפי
ירושלים,3000,789.3,514,362,70.42801556420234,אחוז הצבעה בקלפי
ירושלים,3000,795.0,569,431,75.7469244288225,אחוז הצבעה בקלפי
ירושלים,3000,804.1,563,453,80.46181172291297,אחוז הצבעה בקלפי
ירושלים,3000,804.2,563,462,82.06039076376554,אחוז הצבעה בקלפי
ירושלים,3000,804.3,563,468,83.12611012433393,אחוז הצבעה בקלפי
ירושלים,3000,804.4,561,467,83.24420677361853,אחוז הצבעה בקלפי
ירושלים,3000,805.1,651,547,84.02457757296466,אחוז הצבעה בקלפי
ירושלים,3000,805.2,651,527,80.95238095238095,אחוז הצבעה בקלפי
ירושלים,3000,805.3,650,535,82.3076923076923,אחוז הצבעה בקלפי
ירושלים,3000,806.1,626,503,80.3514376996805,אחוז הצבעה בקלפי
ירושלים,3000,806.2,626,504,80.5111821086262,אחוז הצבעה בקלפי
ירושלים,3000,807.1,579,417,72.02072538860104,אחוז הצבעה בקלפי
ירושלים,3000,807.2,579,437,75.47495682210709,אחוז הצבעה בקלפי
ירושלים,3000,807.3,579,454,78.41105354058722,אחוז הצבעה בקלפי
ירושלים,3000,807.4,579,437,75.47495682210709,אחוז הצבעה בקלפי
ירושלים,3000,811.1,634,501,79.02208201892745,אחוז הצבעה בקלפי
ירושלים,3000,811.2,634,529,83.4384858044164,אחוז הצבעה בקלפי
ירושלים,3000,811.3,634,513,80.91482649842271,אחוז הצבעה בקלפי
ירושלים,3000,811.4,632,508,80.37974683544303,אחוז הצבעה בקלפי
ירושלים,3000,827.1,590,426,72.20338983050848,אחוז הצבעה בקלפי
ירושלים,3000,827.2,590,441,74.7457627118644,אחוז הצבעה בקלפי
ירושלים,3000,827.3,590,448,75.9322033898305,אחוז הצבעה בקלפי
ירושלים,3000,827.4,590,452,76.61016949152543,אחוז הצבעה בקלפי
ירושלים,3000,827.5,590,448,75.9322033898305,אחוז הצבעה בקלפי
ירושלים,3000,827.6,586,413,70.4778156996587,אחוז הצבעה בקלפי
ירושלים,3000,3.0,608,360,59.210526315789465,אחוז הצבעה בקלפי
ירושלים,3000,6.0,690,315,45.65217391304348,אחוז הצבעה בקלפי
ירושלים,3000,8.1,621,406,65.37842190016103,אחוז הצבעה בקלפי
ירושלים,3000,8.2,621,388,62.47987117552335,אחוז הצבעה בקלפי
ירושלים,3000,8.3,621,437,70.37037037037037,אחוז הצבעה בקלפי
ירושלים,3000,8.4,621,455,73.26892109500805,אחוז הצבעה בקלפי
ירושלים,3000,8.5,621,448,72.14170692431561,אחוז הצבעה בקלפי
ירושלים,3000,8.6,621,358,57.648953301127214,אחוז הצבעה בקלפי
ירושלים,3000,8.7,618,403,65.21035598705501,אחוז הצבעה בקלפי
ירושלים,3000,9.0,679,346,50.95729013254786,אחוז הצבעה בקלפי
ירושלים,3000,25.0,590,332,56.271186440677965,אחוז הצבעה בקלפי
ירושלים,3000,27.1,567,371,65.4320987654321,אחוז הצבעה בקלפי
ירושלים,3000,27.2,567,377,66.49029982363317,אחוז הצבעה בקלפי
ירושלים,3000,27.3,567,381,67.1957671957672,אחוז הצבעה בקלפי
ירושלים,3000,27.4,567,370,65.25573192239858,אחוז הצבעה בקלפי
ירושלים,3000,27.5,566,387,68.37455830388693,אחוז הצבעה בקלפי
ירושלים,3000,30.1,658,478,72.64437689969606,אחוז הצבעה בקלפי
ירושלים,3000,30.2,658,465,70.66869300911854,אחוז הצבעה בקלפי
ירושלים,3000,30.3,658,455,69.14893617021278,אחוז הצבעה בקלפי
ירושלים,3000,30.4,658,470,71.42857142857143,אחוז הצבעה בקלפי
ירושלים,3000,30.5,654,461,70.48929663608563,אחוז הצבעה בקלפי
ירושלים,3000,34.0,584,422,72.26027397260275,אחוז הצבעה בקלפי
ירושלים,3000,38.0,573,331,57.76614310645725,אחוז הצבעה בקלפי
ירושלים,3000,43.1,634,340,53.62776025236593,אחוז הצבעה בקלפי
ירושלים,3000,43.2,634,356,56.15141955835961,אחוז הצבעה בקלפי
ירושלים,3000,43.3,634,317,50.0,אחוז הצבעה בקלפי
ירושלים,3000,43.4,634,280,44.164037854889585,אחוז הצבעה בקלפי
ירושלים,3000,47.1,685,377,55.03649635036496,אחוז הצבעה בקלפי
ירושלים,3000,47.2,685,339,49.48905109489051,אחוז הצבעה בקלפי
ירושלים,3000,47.3,685,346,50.51094890510949,אחוז הצבעה בקלפי
ירושלים,3000,55.1,633,353,55.76619273301737,אחוז הצבעה בקלפי
ירושלים,3000,55.2,633,361,57.030015797788316,אחוז הצבעה בקלפי
ירושלים,3000,55.3,633,424,66.9826224328594,אחוז הצבעה בקלפי
ירושלים,3000,55.4,633,301,47.55134281200632,אחוז הצבעה בקלפי
ירושלים,3000,55.5,633,359,56.71406003159558,אחוז הצבעה בקלפי
ירושלים,3000,55.6,633,320,50.55292259083728,אחוז הצבעה בקלפי
ירושלים,3000,59.0,657,442,67.27549467275495,אחוז הצבעה בקלפי
ירושלים,3000,62.0,556,169,30.39568345323741,אחוז הצבעה בקלפי
ירושלים,3000,63.0,674,428,63.50148367952523,אחוז הצבעה בקלפי
ירושלים,3000,64.0,627,425,67.78309409888357,אחוז הצבעה בקלפי
ירושלים,3000,65.0,650,311,47.84615384615385,אחוז הצבעה בקלפי
ירושלים,3000,67.0,630,194,30.793650793650794,אחוז הצבעה בקלפי
ירושלים,3000,75.0,520,320,61.53846153846154,אחוז הצבעה בקלפי
ירושלים,3000,208.1,664,327,49.24698795180723,אחוז הצבעה בקלפי
ירושלים,3000,208.2,664,306,46.08433734939759,אחוז הצבעה בקלפי
ירושלים,3000,208.3,664,352,53.01204819277109,אחוז הצבעה בקלפי
ירושלים,3000,208.4,664,310,46.68674698795181,אחוז הצבעה בקלפי
ירושלים,3000,208.5,664,281,42.31927710843373,אחוז הצבעה בקלפי
ירושלים,3000,223.1,692,485,70.08670520231213,אחוז הצבעה בקלפי
ירושלים,3000,223.2,692,508,73.41040462427746,אחוז הצבעה בקלפי
ירושלים,3000,223.3,692,485,70.08670520231213,אחוז הצבעה בקלפי
ירושלים,3000,223.4,692,544,78.61271676300578,אחוז הצבעה בקלפי
ירושלים,3000,223.5,692,487,70.37572254335261,אחוז הצבעה בקלפי
ירושלים,3000,223.6,692,509,73.55491329479769,אחוז הצבעה בקלפי
ירושלים,3000,223.7,692,490,70.8092485549133,אחוז הצבעה בקלפי
ירושלים,3000,223.8,685,519,75.76642335766424,אחוז הצבעה בקלפי
ירושלים,3000,244.1,594,446,75.08417508417509,אחוז הצבעה בקלפי
ירושלים,3000,244.2,594,453,76.26262626262627,אחוז הצבעה בקלפי
ירושלים,3000,244.3,594,420,70.70707070707071,אחוז הצבעה בקלפי
ירושלים,3000,244.4,594,441,74.24242424242425,אחוז הצבעה בקלפי
ירושלים,3000,244.5,592,476,80.4054054054054,אחוז הצבעה בקלפי
ירושלים,3000,413.0,619,411,66.39741518578353,אחוז הצבעה בקלפי
ירושלים,3000,207.0,672,501,74.55357142857143,אחוז הצבעה בקלפי
ירושלים,3000,212.0,525,366,69.71428571428572,אחוז הצבעה בקלפי
ירושלים,3000,215.1,693,455,65.65656565656566,אחוז הצבעה בקלפי
ירושלים,3000,215.2,693,483,69.6969696969697,אחוז הצבעה בקלפי
ירושלים,3000,215.3,693,491,70.85137085137086,אחוז הצבעה בקלפי
ירושלים,3000,215.4,693,494,71.28427128427128,אחוז הצבעה בקלפי
ירושלים,3000,215.5,692,477,68.9306358381503,אחוז הצבעה בקלפי
ירושלים,3000,217.0,470,310,65.95744680851064,אחוז הצבעה בקלפי
ירושלים,3000,218.0,559,363,64.93738819320215,אחוז הצבעה בקלפי
ירושלים,3000,237.1,593,443,74.70489038785834,אחוז הצבעה בקלפי
ירושלים,3000,237.2,593,403,67.95952782462057,אחוז הצבעה בקלפי
ירושלים,3000,237.3,591,424,71.74280879864637,אחוז הצבעה בקלפי
ירושלים,3000,253.0,563,403,71.58081705150977,אחוז הצבעה בקלפי
ירושלים,3000,254.0,489,358,73.21063394683026,אחוז הצבעה בקלפי
ירושלים,3000,256.0,611,420,68.73977086743044,אחוז הצבעה בקלפי
ירושלים,3000,258.1,667,445,66.71664167916042,אחוז הצבעה בקלפי
ירושלים,3000,258.2,667,462,69.26536731634184,אחוז הצבעה בקלפי
ירושלים,3000,258.3,666,457,68.61861861861863,אחוז הצבעה בקלפי
ירושלים,3000,264.1,592,403,68.07432432432432,אחוז הצבעה בקלפי
ירושלים,3000,264.2,592,381,64.3581081081081,אחוז הצבעה בקלפי
ירושלים,3000,264.3,592,382,64.52702702702703,אחוז הצבעה בקלפי
ירושלים,3000,264.4,592,375,63.3445945945946,אחוז הצבעה בקלפי
ירושלים,3000,264.5,592,376,63.51351351351351,אחוז הצבעה בקלפי
ירושלים,3000,264.6,591,365,61.75972927241963,אחוז הצבעה בקלפי
ירושלים,3000,265.0,579,422,72.88428324697755,אחוז הצבעה בקלפי
ירושלים,3000,285.1,545,376,68.9908256880734,אחוז הצבעה בקלפי
ירושלים,3000,285.2,545,355,65.13761467889908,אחוז הצבעה בקלפי
ירושלים,3000,285.3,545,364,66.78899082568807,אחוז הצבעה בקלפי
ירושלים,3000,285.4,542,330,60.88560885608856,אחוז הצבעה בקלפי
ירושלים,3000,289.1,549,398,72.49544626593807,אחוז הצבעה בקלפי
ירושלים,3000,289.2,549,381,69.39890710382514,אחוז הצבעה בקלפי
ירושלים,3000,289.3,549,382,69.58105646630237,אחוז הצבעה בקלפי
ירושלים,3000,289.4,546,358,65.56776556776556,אחוז הצבעה בקלפי
ירושלים,3000,312.1,563,366,65.0088809946714,אחוז הצבעה בקלפי
ירושלים,3000,312.2,563,368,65.36412078152753,אחוז הצבעה בקלפי
ירושלים,3000,312.3,563,342,60.746003552397866,אחוז הצבעה בקלפי
ירושלים,3000,312.4,563,334,59.32504440497336,אחוז הצבעה בקלפי
ירושלים,3000,312.5,562,320,56.93950177935944,אחוז הצבעה בקלפי
ירושלים,3000,314.0,588,412,70.06802721088435,אחוז הצבעה בקלפי
ירושלים,3000,316.0,667,514,77.06146926536732,אחוז הצבעה בקלפי
ירושלים,3000,318.0,663,447,67.42081447963801,אחוז הצבעה בקלפי
ירושלים,3000,319.0,687,474,68.99563318777294,אחוז הצבעה בקלפי
ירושלים,3000,321.0,629,444,70.58823529411765,אחוז הצבעה בקלפי
ירושלים,3000,415.1,674,488,72.40356083086054,אחוז הצבעה בקלפי
ירושלים,3000,415.2,674,515,76.40949554896143,אחוז הצבעה בקלפי
ירושלים,3000,415.3,674,476,70.62314540059347,אחוז הצבעה בקלפי
ירושלים,3000,415.4,674,480,71.2166172106825,אחוז הצבעה בקלפי
ירושלים,3000,415.5,670,511,76.26865671641792,אחוז הצבעה בקלפי
ירושלים,3000,417.1,487,347,71.25256673511294,אחוז הצבעה בקלפי
ירושלים,3000,417.2,487,369,75.7700205338809,אחוז הצבעה בקלפי
ירושלים,3000,417.3,487,378,77.61806981519507,אחוז הצבעה בקלפי
ירושלים,3000,816.1,578,385,66.60899653979239,אחוז הצבעה בקלפי
ירושלים,3000,816.2,578,346,59.86159169550172,אחוז הצבעה בקלפי
ירושלים,3000,816.3,578,380,65.7439446366782,אחוז הצבעה בקלפי
ירושלים,3000,816.4,578,367,63.49480968858131,אחוז הצבעה בקלפי
ירושלים,3000,816.5,577,351,60.831889081455806,אחוז הצבעה בקלפי
ירושלים,3000,967.1,504,366,72.61904761904762,אחוז הצבעה בקלפי
ירושלים,3000,33.1,640,471,73.59375,אחוז הצבעה בקלפי
ירושלים,3000,33.2,640,455,71.09375,אחוז הצבעה בקלפי
ירושלים,3000,33.3,640,450,70.3125,אחוז הצבעה בקלפי
ירושלים,3000,33.4,640,442,69.0625,אחוז הצבעה בקלפי
ירושלים,3000,33.5,640,442,69.0625,אחוז הצבעה בקלפי
ירושלים,3000,33.6,640,453,70.78125,אחוז הצבעה בקלפי
ירושלים,3000,362.0,650,428,65.84615384615384,אחוז הצבעה בקלפי
ירושלים,3000,364.1,565,321,56.81415929203539,אחוז הצבעה בקלפי
ירושלים,3000,364.2,565,342,60.53097345132743,אחוז הצבעה בקלפי
ירושלים,3000,364.3,564,346,61.347517730496456,אחוז הצבעה בקלפי
ירושלים,3000,366.0,513,291,56.72514619883041,אחוז הצבעה בקלפי
ירושלים,3000,367.1,667,369,55.322338830584705,אחוז הצבעה בקלפי
ירושלים,3000,367.2,667,409,61.31934032983508,אחוז הצבעה בקלפי
ירושלים,3000,369.0,490,272,55.51020408163265,אחוז הצבעה בקלפי
ירושלים,3000,370.0,579,366,63.212435233160626,אחוז הצבעה בקלפי
ירושלים,3000,372.0,603,403,66.83250414593698,אחוז הצבעה בקלפי
ירושלים,3000,376.1,588,384,65.3061224489796,אחוז הצבעה בקלפי
ירושלים,3000,376.2,588,359,61.05442176870748,אחוז הצבעה בקלפי
ירושלים,3000,376.3,588,379,64.45578231292517,אחוז הצבעה בקלפי
ירושלים,3000,376.4,588,367,62.414965986394556,אחוז הצבעה בקלפי
ירושלים,3000,376.5,586,368,62.79863481228669,אחוז הצבעה בקלפי
ירושלים,3000,385.1,667,450,67.46626686656671,אחוז הצבעה בקלפי
ירושלים,3000,385.2,667,426,63.8680659670165,אחוז הצבעה בקלפי
ירושלים,3000,385.3,667,450,67.46626686656671,אחוז הצבעה בקלפי
ירושלים,3000,386.0,543,417,76.79558011049724,אחוז הצבעה בקלפי
ירושלים,3000,387.1,483,313,64.80331262939958,אחוז הצבעה בקלפי
ירושלים,3000,387.2,483,331,68.53002070393374,אחוז הצבעה בקלפי
ירושלים,3000,387.3,481,324,67.35966735966737,אחוז הצבעה בקלפי
ירושלים,3000,388.1,681,405,59.471365638766514,אחוז הצבעה בקלפי
ירושלים,3000,388.2,681,414,60.792951541850215,אחוז הצבעה בקלפי
ירושלים,3000,388.3,679,397,58.46833578792342,אחוז הצבעה בקלפי
ירושלים,3000,390.0,665,427,64.21052631578948,אחוז הצבעה בקלפי
ירושלים,3000,392.1,683,466,68.22840409956076,אחוז הצבעה בקלפי
ירושלים,3000,392.2,683,473,69.25329428989751,אחוז הצבעה בקלפי
ירושלים,3000,392.3,683,456,66.76427525622255,אחוז הצבעה בקלפי
ירושלים,3000,393.0,521,330,63.339731285988485,אחוז הצבעה בקלפי
ירושלים,3000,395.0,524,345,65.83969465648855,אחוז הצבעה בקלפי
ירושלים,3000,401.0,579,297,51.29533678756477,אחוז הצבעה בקלפי
ירושלים,3000,404.0,680,393,57.79411764705882,אחוז הצבעה בקלפי
ירושלים,3000,406.0,564,321,56.91489361702128,אחוז הצבעה בקלפי
ירושלים,3000,408.0,686,430,62.68221574344023,אחוז הצבעה בקלפי
ירושלים,3000,410.0,565,352,62.30088495575221,אחוז הצבעה בקלפי
ירושלים,3000,412.0,653,386,59.11179173047473,אחוז הצבעה בקלפי
ירושלים,3000,426.0,539,289,53.61781076066791,אחוז הצבעה בקלפי
ירושלים,3000,429.0,496,288,58.06451612903226,אחוז הצבעה בקלפי
ירושלים,3000,434.1,688,427,62.06395348837209,אחוז הצבעה בקלפי
ירושלים,3000,434.2,688,434,63.08139534883721,אחוז הצבעה בקלפי
ירושלים,3000,434.3,688,425,61.77325581395349,אחוז הצבעה בקלפי
ירושלים,3000,434.4,686,413,60.204081632653065,אחוז הצבעה בקלפי
ירושלים,3000,439.0,657,342,52.054794520547944,אחוז הצבעה בקלפי
ירושלים,3000,441.0,471,263,55.838641188959656,אחוז הצבעה בקלפי
ירושלים,3000,452.0,469,257,54.79744136460555,אחוז הצבעה בקלפי
ירושלים,3000,862.1,664,486,73.19277108433735,אחוז הצבעה בקלפי
ירושלים,3000,862.2,664,474,71.3855421686747,אחוז הצבעה בקלפי
ירושלים,3000,862.3,662,459,69.33534743202418,אחוז הצבעה בקלפי
ירושלים,3000,73.1,529,293,55.3875236294896,אחוז הצבעה בקלפי
ירושלים,3000,73.2,529,312,58.97920604914933,אחוז הצבעה בקלפי
ירושלים,3000,73.3,529,298,56.33270321361059,אחוז הצבעה בקלפי
ירושלים,3000,78.0,415,333,80.24096385542168,אחוז הצבעה בקלפי
ירושלים,3000,300.0,691,520,75.2532561505065,אחוז הצבעה בקלפי
ירושלים,3000,301.0,660,474,71.81818181818181,אחוז הצבעה בקלפי
ירושלים,3000,302.0,645,462,71.62790697674419,אחוז הצבעה בקלפי
ירושלים,3000,305.1,606,402,66.33663366336634,אחוז הצבעה בקלפי
ירושלים,3000,305.2,606,353,58.25082508250825,אחוז הצבעה בקלפי
ירושלים,3000,305.3,606,364,60.066006600660074,אחוז הצבעה בקלפי
ירושלים,3000,305.4,604,382,63.24503311258278,אחוז הצבעה בקלפי
ירושלים,3000,306.0,620,467,75.32258064516128,אחוז הצבעה בקלפי
ירושלים,3000,307.0,499,374,74.9498997995992,אחוז הצבעה בקלפי
ירושלים,3000,308.0,500,313,62.6,אחוז הצבעה בקלפי
ירושלים,3000,309.1,352,252,71.5909090909091,אחוז הצבעה בקלפי
ירושלים,3000,309.2,352,250,71.02272727272727,אחוז הצבעה בקלפי
ירושלים,3000,313.0,602,346,57.475083056478404,אחוז הצבעה בקלפי
ירושלים,3000,323.1,517,325,62.86266924564797,אחוז הצבעה בקלפי
ירושלים,3000,323.2,517,311,60.154738878143135,אחוז הצבעה בקלפי
ירושלים,3000,323.3,516,321,62.2093023255814,אחוז הצבעה בקלפי
ירושלים,3000,325.0,699,442,63.23319027181689,אחוז הצבעה בקלפי
ירושלים,3000,326.0,580,365,62.93103448275862,אחוז הצבעה בקלפי
ירושלים,3000,327.1,657,410,62.404870624048705,אחוז הצבעה בקלפי
ירושלים,3000,327.2,657,409,62.25266362252664,אחוז הצבעה בקלפי
ירושלים,3000,327.3,656,435,66.3109756097561,אחוז הצבעה בקלפי
ירושלים,3000,328.0,587,382,65.07666098807495,אחוז הצבעה בקלפי
ירושלים,3000,329.0,691,506,73.22720694645442,אחוז הצבעה בקלפי
ירושלים,3000,330.0,409,269,65.77017114914425,אחוז הצבעה בקלפי
ירושלים,3000,331.0,480,333,69.375,אחוז הצבעה בקלפי
ירושלים,3000,333.1,624,393,62.980769230769226,אחוז הצבעה בקלפי
ירושלים,3000,333.2,624,362,58.01282051282052,אחוז הצבעה בקלפי
ירושלים,3000,333.3,624,340,54.48717948717948,אחוז הצבעה בקלפי
ירושלים,3000,333.4,624,369,59.13461538461539,אחוז הצבעה בקלפי
ירושלים,3000,333.5,624,306,49.03846153846153,אחוז הצבעה בקלפי
ירושלים,3000,333.6,621,312,50.24154589371981,אחוז הצבעה בקלפי
ירושלים,3000,334.0,440,197,44.77272727272727,אחוז הצבעה בקלפי
ירושלים,3000,335.1,569,388,68.18980667838312,אחוז הצבעה בקלפי
ירושלים,3000,335.2,569,385,67.66256590509666,אחוז הצבעה בקלפי
ירושלים,3000,336.0,520,337,64.8076923076923,אחוז הצבעה בקלפי
ירושלים,3000,337.0,576,334,57.986111111111114,אחוז הצבעה בקלפי
ירושלים,3000,338.0,574,421,73.34494773519164,אחוז הצבעה בקלפי
ירושלים,3000,341.0,613,363,59.216965742251226,אחוז הצבעה בקלפי
ירושלים,3000,346.0,475,319,67.15789473684211,אחוז הצבעה בקלפי
ירושלים,3000,347.0,527,377,71.5370018975332,אחוז הצבעה בקלפי
ירושלים,3000,348.0,568,386,67.95774647887323,אחוז הצבעה בקלפי
ירושלים,3000,349.0,682,467,68.47507331378299,אחוז הצבעה בקלפי
ירושלים,3000,350.0,549,319,58.1056466302368,אחוז הצבעה בקלפי
ירושלים,3000,351.0,519,351,67.63005780346822,אחוז הצבעה בקלפי
ירושלים,3000,354.0,679,424,62.44477172312224,אחוז הצבעה בקלפי
ירושלים,3000,358.0,488,248,50.81967213114754,אחוז הצבעה בקלפי
ירושלים,3000,360.0,570,375,65.78947368421053,אחוז הצבעה בקלפי
ירושלים,3000,361.0,672,478,71.13095238095238,אחוז הצבעה בקלפי
ירושלים,3000,378.0,524,363,69.27480916030534,אחוז הצבעה בקלפי
ירושלים,3000,396.0,500,381,76.2,אחוז הצבעה בקלפי
ירושלים,3000,425.0,396,223,56.313131313131315,אחוז הצבעה בקלפי
ירושלים,3000,815.0,439,286,65.14806378132118,אחוז הצבעה בקלפי
ירושלים,3000,817.0,632,405,64.08227848101265,אחוז הצבעה בקלפי
ירושלים,3000,80.1,666,260,39.03903903903904,אחוז הצבעה בקלפי
ירושלים,3000,80.2,666,244,36.63663663663664,אחוז הצבעה בקלפי
ירושלים,3000,80.3,666,218,32.732732732732735,אחוז הצבעה בקלפי
ירושלים,3000,80.4,664,263,39.60843373493976,אחוז הצבעה בקלפי
ירושלים,3000,483.0,466,234,50.21459227467812,אחוז הצבעה בקלפי
ירושלים,3000,485.1,682,420,61.58357771260997,אחוז הצבעה בקלפי
ירושלים,3000,485.2,682,435,63.78299120234604,אחוז הצבעה בקלפי
ירושלים,3000,485.3,682,442,64.80938416422288,אחוז הצבעה בקלפי
ירושלים,3000,485.4,682,399,58.504398826979475,אחוז הצבעה בקלפי
ירושלים,3000,485.5,682,396,58.06451612903226,אחוז הצבעה בקלפי
ירושלים,3000,485.6,682,415,60.85043988269795,אחוז הצבעה בקלפי
ירושלים,3000,485.7,682,390,57.18475073313783,אחוז הצבעה בקלפי
ירושלים,3000,485.8,676,415,61.390532544378694,אחוז הצבעה בקלפי
ירושלים,3000,489.1,518,177,34.16988416988417,אחוז הצבעה בקלפי
ירושלים,3000,489.2,518,214,41.312741312741316,אחוז הצבעה בקלפי
ירושלים,3000,548.1,529,179,33.83742911153119,אחוז הצבעה בקלפי
ירושלים,3000,567.1,684,457,66.81286549707602,אחוז הצבעה בקלפי
ירושלים,3000,567.2,684,429,62.71929824561403,אחוז הצבעה בקלפי
ירושלים,3000,567.3,684,466,68.12865497076024,אחוז הצבעה בקלפי
ירושלים,3000,567.4,684,464,67.83625730994152,אחוז הצבעה בקלפי
ירושלים,3000,567.5,684,451,65.93567251461988,אחוז הצבעה בקלפי
ירושלים,3000,567.6,683,464,67.93557833089312,אחוז הצבעה בקלפי
ירושלים,3000,597.0,500,225,45.0,אחוז הצבעה בקלפי
ירושלים,3000,598.0,586,369,62.96928327645052,אחוז הצבעה בקלפי
ירושלים,3000,677.1,640,447,69.84375,אחוז הצבעה בקלפי
ירושלים,3000,677.2,640,410,64.0625,אחוז הצבעה בקלפי
ירושלים,3000,677.3,640,456,71.25,אחוז הצבעה בקלפי
ירושלים,3000,677.4,640,440,68.75,אחוז הצבעה בקלפי
ירושלים,3000,677.5,640,432,67.5,אחוז הצבעה בקלפי
ירושלים,3000,677.6,636,376,59.11949685534591,אחוז הצבעה בקלפי
ירושלים,3000,680.0,658,434,65.95744680851064,אחוז הצבעה בקלפי
ירושלים,3000,684.0,601,397,66.05657237936772,אחוז הצבעה בקלפי
ירושלים,3000,685.0,648,429,66.20370370370371,אחוז הצבעה בקלפי
ירושלים,3000,693.1,647,405,62.59659969088099,אחוז הצבעה בקלפי
ירושלים,3000,693.2,647,377,58.26893353941267,אחוז הצבעה בקלפי
ירושלים,3000,693.3,647,429,66.30602782071098,אחוז הצבעה בקלפי
ירושלים,3000,693.4,647,382,59.04173106646059,אחוז הצבעה בקלפי
ירושלים,3000,824.1,636,424,66.66666666666666,אחוז הצבעה בקלפי
ירושלים,3000,824.2,636,442,69.49685534591194,אחוז הצבעה בקלפי
ירושלים,3000,824.3,636,402,63.20754716981132,אחוז הצבעה בקלפי
ירושלים,3000,824.4,634,383,60.41009463722398,אחוז הצבעה בקלפי
ירושלים,3000,825.1,591,391,66.15905245346869,אחוז הצבעה בקלפי
ירושלים,3000,825.2,591,366,61.92893401015228,אחוז הצבעה בקלפי
ירושלים,3000,825.3,591,368,62.2673434856176,אחוז הצבעה בקלפי
ירושלים,3000,825.4,590,366,62.03389830508475,אחוז הצבעה בקלפי
ירושלים,3000,870.0,555,402,72.43243243243244,אחוז הצבעה בקלפי
ירושלים,3000,964.1,698,487,69.77077363896849,אחוז הצבעה בקלפי
ירושלים,3000,964.2,698,480,68.76790830945558,אחוז הצבעה בקלפי
ירושלים,3000,964.3,698,491,70.34383954154728,אחוז הצבעה בקלפי
ירושלים,3000,964.4,698,519,74.35530085959886,אחוז הצבעה בקלפי
ירושלים,3000,964.5,698,493,70.63037249283668,אחוז הצבעה בקלפי
ירושלים,3000,964.6,698,456,65.32951289398281,אחוז הצבעה בקלפי
ירושלים,3000,964.7,694,458,65.99423631123919,אחוז הצבעה בקלפי
ירושלים,3000,422.1,545,261,47.88990825688074,אחוז הצבעה בקלפי
ירושלים,3000,422.2,545,271,49.72477064220184,אחוז הצבעה בקלפי
ירושלים,3000,422.3,545,265,48.62385321100918,אחוז הצבעה בקלפי
ירושלים,3000,422.4,543,230,42.35727440147329,אחוז הצבעה בקלפי
ירושלים,3000,451.0,520,120,23.076923076923077,אחוז הצבעה בקלפי
ירושלים,3000,491.1,666,378,56.75675675675676,אחוז הצבעה בקלפי
ירושלים,3000,491.2,666,387,58.108108108108105,אחוז הצבעה בקלפי
ירושלים,3000,491.3,666,351,52.702702702702695,אחוז הצבעה בקלפי
ירושלים,3000,491.4,666,365,54.80480480480481,אחוז הצבעה בקלפי
ירושלים,3000,491.5,666,361,54.20420420420421,אחוז הצבעה בקלפי
ירושלים,3000,491.6,665,357,53.68421052631579,אחוז הצבעה בקלפי
ירושלים,3000,545.1,475,66,13.894736842105262,אחוז הצבעה בקלפי
ירושלים,3000,545.2,475,81,17.05263157894737,אחוז הצבעה בקלפי
ירושלים,3000,545.3,474,79,16.666666666666664,אחוז הצבעה בקלפי
ירושלים,3000,587.0,572,297,51.92307692307693,אחוז הצבעה בקלפי
ירושלים,3000,591.1,477,270,56.60377358490566,אחוז הצבעה בקלפי
ירושלים,3000,591.2,477,255,53.459119496855344,אחוז הצבעה בקלפי
ירושלים,3000,591.3,476,257,53.99159663865546,אחוז הצבעה בקלפי
ירושלים,3000,592.0,551,356,64.60980036297642,אחוז הצבעה בקלפי
ירושלים,3000,613.1,647,463,71.5610510046368,אחוז הצבעה בקלפי
ירושלים,3000,613.2,647,449,69.39721792890263,אחוז הצבעה בקלפי
ירושלים,3000,613.3,647,464,71.71561051004637,אחוז הצבעה בקלפי
ירושלים,3000,613.4,647,444,68.6244204018547,אחוז הצבעה בקלפי
ירושלים,3000,613.5,647,427,65.9969088098918,אחוז הצבעה בקלפי
ירושלים,3000,634.0,501,310,61.876247504990026,אחוז הצבעה בקלפי
ירושלים,3000,635.0,589,314,53.3106960950764,אחוז הצבעה בקלפי
ירושלים,3000,637.0,561,267,47.593582887700535,אחוז הצבעה בקלפי
ירושלים,3000,638.0,552,282,51.08695652173913,אחוז הצבעה בקלפי
ירושלים,3000,641.0,618,380,61.48867313915858,אחוז הצבעה בקלפי
ירושלים,3000,643.0,564,332,58.86524822695035,אחוז הצבעה בקלפי
ירושלים,3000,690.1,565,302,53.451327433628315,אחוז הצבעה בקלפי
ירושלים,3000,690.2,565,323,57.16814159292035,אחוז הצבעה בקלפי
ירושלים,3000,690.3,565,296,52.38938053097345,אחוז הצבעה בקלפי
ירושלים,3000,690.4,565,313,55.39823008849557,אחוז הצבעה בקלפי
ירושלים,3000,690.5,563,320,56.838365896980456,אחוז הצבעה בקלפי
ירושלים,3000,793.0,631,480,76.06973058637084,אחוז הצבעה בקלפי
ירושלים,3000,851.1,634,485,76.49842271293376,אחוז הצבעה בקלפי
ירושלים,3000,851.2,634,469,73.97476340694006,אחוז הצבעה בקלפי
ירושלים,3000,851.3,634,477,75.23659305993691,אחוז הצבעה בקלפי
ירושלים,3000,851.4,634,481,75.86750788643532,אחוז הצבעה בקלפי
ירושלים,3000,851.5,633,470,74.24960505529225,אחוז הצבעה בקלפי
ירושלים,3000,852.1,389,305,78.40616966580977,אחוז הצבעה בקלפי
ירושלים,3000,852.2,388,307,79.12371134020619,אחוז הצבעה בקלפי
ירושלים,3000,854.0,692,534,77.16763005780348,אחוז הצבעה בקלפי
ירושלים,3000,855.1,672,519,77.23214285714286,אחוז הצבעה בקלפי
ירושלים,3000,855.2,672,512,76.19047619047619,אחוז הצבעה בקלפי
ירושלים,3000,855.3,672,519,77.23214285714286,אחוז הצבעה בקלפי
ירושלים,3000,855.4,672,530,78.86904761904762,אחוז הצבעה בקלפי
ירושלים,3000,859.1,699,548,78.39771101573677,אחוז הצבעה בקלפי
ירושלים,3000,859.2,699,546,78.11158798283262,אחוז הצבעה בקלפי
ירושלים,3000,859.3,699,533,76.25178826895565,אחוז הצבעה בקלפי
ירושלים,3000,859.4,697,542,77.76183644189383,אחוז הצבעה בקלפי
ירושלים,3000,866.0,571,421,73.73029772329247,אחוז הצבעה בקלפי
ירושלים,3000,868.1,566,450,79.50530035335689,אחוז הצבעה בקלפי
ירושלים,3000,868.2,566,434,76.67844522968198,אחוז הצבעה בקלפי
ירושלים,3000,868.3,566,459,81.09540636042402,אחוז הצבעה בקלפי
ירושלים,3000,868.4,566,435,76.85512367491167,אחוז הצבעה בקלפי
ירושלים,3000,868.5,562,444,79.00355871886121,אחוז הצבעה בקלפי
ירושלים,3000,871.0,680,503,73.97058823529412,אחוז הצבעה בקלפי
ירושלים,3000,71.0,541,333,61.552680221811464,אחוז הצבעה בקלפי
ירושלים,3000,137.1,665,314,47.21804511278195,אחוז הצבעה בקלפי
ירושלים,3000,137.2,665,328,49.32330827067669,אחוז הצבעה בקלפי
ירושלים,3000,137.3,665,337,50.67669172932331,אחוז הצבעה בקלפי
ירושלים,3000,137.4,665,338,50.82706766917293,אחוז הצבעה בקלפי
ירושלים,3000,137.5,665,332,49.92481203007519,אחוז הצבעה בקלפי
ירושלים,3000,149.0,699,359,51.359084406294706,אחוז הצבעה בקלפי
ירושלים,3000,407.0,572,331,57.86713286713287,אחוז הצבעה בקלפי
ירושלים,3000,430.0,600,367,61.16666666666667,אחוז הצבעה בקלפי
ירושלים,3000,433.1,614,346,56.35179153094463,אחוז הצבעה בקלפי
ירושלים,3000,433.2,614,365,59.446254071661244,אחוז הצבעה בקלפי
ירושלים,3000,433.3,614,340,55.37459283387622,אחוז הצבעה בקלפי
ירושלים,3000,433.4,613,345,56.280587275693314,אחוז הצבעה בקלפי
ירושלים,3000,435.0,629,389,61.84419713831478,אחוז הצבעה בקלפי
ירושלים,3000,436.1,557,288,51.70556552962297,אחוז הצבעה בקלפי
ירושלים,3000,436.2,557,304,54.57809694793537,אחוז הצבעה בקלפי
ירושלים,3000,437.0,628,341,54.29936305732485,אחוז הצבעה בקלפי
ירושלים,3000,440.0,680,362,53.23529411764706,אחוז הצבעה בקלפי
ירושלים,3000,456.1,596,359,60.23489932885906,אחוז הצבעה בקלפי
ירושלים,3000,456.2,596,350,58.7248322147651,אחוז הצבעה בקלפי
ירושלים,3000,456.3,596,364,61.07382550335571,אחוז הצבעה בקלפי
ירושלים,3000,456.4,596,324,54.36241610738255,אחוז הצבעה בקלפי
ירושלים,3000,456.5,596,329,55.20134228187919,אחוז הצבעה בקלפי
ירושלים,3000,456.6,592,344,58.108108108108105,אחוז הצבעה בקלפי
ירושלים,3000,463.0,620,347,55.96774193548387,אחוז הצבעה בקלפי
ירושלים,3000,465.1,613,418,68.18923327895595,אחוז הצבעה בקלפי
ירושלים,3000,465.2,613,436,71.12561174551387,אחוז הצבעה בקלפי
ירושלים,3000,465.3,613,410,66.88417618270799,אחוז הצבעה בקלפי
ירושלים,3000,468.1,664,454,68.37349397590361,אחוז הצבעה בקלפי
ירושלים,3000,468.2,664,440,66.26506024096386,אחוז הצבעה בקלפי
ירושלים,3000,468.3,664,438,65.96385542168674,אחוז הצבעה בקלפי
ירושלים,3000,468.4,664,442,66.56626506024097,אחוז הצבעה בקלפי
ירושלים,3000,468.5,661,449,67.92738275340393,אחוז הצבעה בקלפי
ירושלים,3000,471.1,685,350,51.09489051094891,אחוז הצבעה בקלפי
ירושלים,3000,471.2,685,374,54.598540145985396,אחוז הצבעה בקלפי
ירושלים,3000,471.3,683,392,57.39385065885798,אחוז הצבעה בקלפי
ירושלים,3000,474.1,512,250,48.828125,אחוז הצבעה בקלפי
ירושלים,3000,474.2,512,253,49.4140625,אחוז הצבעה בקלפי
ירושלים,3000,474.3,511,253,49.510763209393346,אחוז הצבעה בקלפי
ירושלים,3000,518.1,620,86,13.870967741935484,אחוז הצבעה בקלפי
ירושלים,3000,518.2,620,118,19.032258064516128,אחוז הצבעה בקלפי
ירושלים,3000,518.3,620,119,19.193548387096772,אחוז הצבעה בקלפי
ירושלים,3000,518.4,620,130,20.967741935483872,אחוז הצבעה בקלפי
ירושלים,3000,518.5,620,111,17.903225806451616,אחוז הצבעה בקלפי
ירושלים,3000,518.6,620,98,15.806451612903224,אחוז הצבעה בקלפי
ירושלים,3000,518.7,619,141,22.778675282714055,אחוז הצבעה בקלפי
ירושלים,3000,623.0,474,265,55.907172995780584,אחוז הצבעה בקלפי
ירושלים,3000,998.1,658,91,13.829787234042554,אחוז הצבעה בקלפי
ירושלים,3000,998.2,658,101,15.34954407294833,אחוז הצבעה בקלפי
ירושלים,3000,998.3,658,83,12.613981762917934,אחוז הצבעה בקלפי
ירושלים,3000,998.4,658,94,14.285714285714285,אחוז הצבעה בקלפי
ירושלים,3000,998.5,658,110,16.717325227963524,אחוז הצבעה בקלפי
ירושלים,3000,998.6,658,74,11.246200607902736,אחוז הצבעה בקלפי
ירושלים,3000,998.7,658,110,16.717325227963524,אחוז הצבעה בקלפי
ירושלים,3000,998.8,657,112,17.04718417047184,אחוז הצבעה בקלפי
ירחיב,718,1.0,458,344,75.10917030567686,אחוז הצבעה בקלפי
ירחיב,718,2.0,364,263,72.25274725274726,אחוז הצבעה בקלפי
ירכא,502,5.1,502,273,54.38247011952191,אחוז הצבעה בקלפי
ירכא,502,5.2,502,223,44.42231075697211,אחוז הצבעה בקלפי
ירכא,502,5.3,502,257,51.19521912350598,אחוז הצבעה בקלפי
ירכא,502,9.1,510,261,51.17647058823529,אחוז הצבעה בקלפי
ירכא,502,9.2,510,263,51.5686274509804,אחוז הצבעה בקלפי
ירכא,502,9.3,508,281,55.31496062992126,אחוז הצבעה בקלפי
ירכא,502,10.1,600,302,50.33333333333333,אחוז הצבעה בקלפי
ירכא,502,10.2,600,296,49.333333333333336,אחוז הצבעה בקלפי
ירכא,502,10.3,600,267,44.5,אחוז הצבעה בקלפי
ירכא,502,10.4,597,304,50.9212730318258,אחוז הצבעה בקלפי
ירכא,502,12.1,561,243,43.31550802139038,אחוז הצבעה בקלפי
ירכא,502,12.2,561,278,49.554367201426025,אחוז הצבעה בקלפי
ירכא,502,12.3,561,318,56.68449197860963,אחוז הצבעה בקלפי
ירכא,502,12.4,560,303,54.107142857142854,אחוז הצבעה בקלפי
ירכא,502,13.1,548,287,52.37226277372263,אחוז הצבעה בקלפי
ירכא,502,13.2,548,304,55.47445255474452,אחוז הצבעה בקלפי
ירכא,502,13.3,548,297,54.1970802919708,אחוז הצבעה בקלפי
ירכא,502,13.4,545,316,57.98165137614679,אחוז הצבעה בקלפי
ירכא,502,14.1,508,237,46.653543307086615,אחוז הצבעה בקלפי
ירכא,502,14.2,508,253,49.803149606299215,אחוז הצבעה בקלפי
ירכא,502,14.3,508,260,51.181102362204726,אחוז הצבעה בקלפי
ירקונה,183,1.0,309,224,72.49190938511327,אחוז הצבעה בקלפי
ישע,916,1.0,301,216,71.76079734219269,אחוז הצבעה בקלפי
ישעי,805,1.0,576,448,77.77777777777779,אחוז הצבעה בקלפי
ישרש,828,1.1,363,280,77.13498622589532,אחוז הצבעה בקלפי
ישרש,828,1.2,362,279,77.07182320441989,אחוז הצבעה בקלפי
יתד,1227,1.0,373,278,74.53083109919572,אחוז הצבעה בקלפי
כאבול,504,3.1,512,372,72.65625,אחוז הצבעה בקלפי
כאבול,504,3.2,512,360,70.3125,אחוז הצבעה בקלפי
כאבול,504,3.3,512,345,67.3828125,אחוז הצבעה בקלפי
כאבול,504,6.1,690,422,61.15942028985507,אחוז הצבעה בקלפי
כאבול,504,6.2,690,543,78.69565217391305,אחוז הצבעה בקלפי
כאבול,504,6.3,690,513,74.34782608695653,אחוז הצבעה בקלפי
כאבול,504,6.4,690,499,72.31884057971014,אחוז הצבעה בקלפי
כאבול,504,7.1,540,343,63.51851851851852,אחוז הצבעה בקלפי
כאבול,504,7.2,540,292,54.074074074074076,אחוז הצבעה בקלפי
כאבול,504,7.3,540,333,61.66666666666667,אחוז הצבעה בקלפי
כאבול,504,7.4,539,393,72.91280148423006,אחוז הצבעה בקלפי
כאבול,504,10.1,554,361,65.16245487364621,אחוז הצבעה בקלפי
כאבול,504,10.2,554,497,89.71119133574007,אחוז הצבעה בקלפי
כאבול,504,10.3,554,424,76.53429602888086,אחוז הצבעה בקלפי
כאבול,504,10.4,553,418,75.5877034358047,אחוז הצבעה בקלפי
כאוכב אבו אלהיגא,505,1.0,659,410,62.2154779969651,אחוז הצבעה בקלפי
כאוכב אבו אלהיגא,505,3.1,495,301,60.80808080808081,אחוז הצבעה בקלפי
כאוכב אבו אלהיגא,505,3.2,495,294,59.3939393939394,אחוז הצבעה בקלפי
כאוכב אבו אלהיגא,505,3.3,495,296,59.79797979797979,אחוז הצבעה בקלפי
כאוכב אבו אלהיגא,505,4.0,660,420,63.63636363636363,אחוז הצבעה בקלפי
כברי,576,1.0,455,327,71.86813186813187,אחוז הצבעה בקלפי
כברי,576,2.0,435,300,68.96551724137932,אחוז הצבעה בקלפי
כדיתה,1338,1.0,138,67,48.55072463768116,אחוז הצבעה בקלפי
כוכב השחר,3564,2.1,679,525,77.31958762886599,אחוז הצבעה בקלפי
כוכב השחר,3564,2.2,679,547,80.55964653902798,אחוז הצבעה בקלפי
כוכב יאיר,1224,1.1,533,382,71.66979362101313,אחוז הצבעה בקלפי
כוכב יאיר,1224,1.2,533,408,76.54784240150094,אחוז הצבעה בקלפי
כוכב יאיר,1224,1.3,533,382,71.66979362101313,אחוז הצבעה בקלפי
כוכב יאיר,1224,1.4,530,394,74.33962264150942,אחוז הצבעה בקלפי
כוכב יאיר,1224,5.0,471,345,73.24840764331209,אחוז הצבעה בקלפי
כוכב יאיר,1224,6.0,421,313,74.34679334916865,אחוז הצבעה בקלפי
כוכב יאיר,1224,7.0,518,385,74.32432432432432,אחוז הצבעה בקלפי
כוכב יאיר,1224,102.0,675,500,74.07407407407408,אחוז הצבעה בקלפי
כוכב יאיר,1224,105.0,685,490,71.53284671532847,אחוז הצבעה בקלפי
כוכב יאיר,1224,106.1,608,444,73.02631578947368,אחוז הצבעה בקלפי
כוכב יאיר,1224,106.2,608,442,72.69736842105263,אחוז הצבעה בקלפי
כוכב יאיר,1224,106.3,608,421,69.24342105263158,אחוז הצבעה בקלפי
כוכב יאיר,1224,106.4,605,448,74.0495867768595,אחוז הצבעה בקלפי
כוכב יאיר,1224,107.0,501,360,71.8562874251497,אחוז הצבעה בקלפי
כוכב יעקב,3779,1.0,669,540,80.71748878923766,אחוז הצבעה בקלפי
כוכב יעקב,3779,4.1,524,446,85.1145038167939,אחוז הצבעה בקלפי
כוכב יעקב,3779,4.2,524,435,83.01526717557252,אחוז הצבעה בקלפי
כוכב יעקב,3779,4.3,524,437,83.3969465648855,אחוז הצבעה בקלפי
כוכב יעקב,3779,5.0,622,551,88.58520900321544,אחוז הצבעה בקלפי
כוכב יעקב,3779,6.1,536,405,75.55970149253731,אחוז הצבעה בקלפי
כוכב יעקב,3779,6.2,536,405,75.55970149253731,אחוז הצבעה בקלפי
כוכב יעקב,3779,6.3,536,412,76.86567164179104,אחוז הצבעה בקלפי
כוכב יעקב,3779,6.4,534,409,76.59176029962546,אחוז הצבעה בקלפי
כוכב מיכאל,824,1.1,374,273,72.99465240641712,אחוז הצבעה בקלפי
כוכב מיכאל,824,1.2,374,270,72.19251336898395,אחוז הצבעה בקלפי
כורזים,1252,1.0,345,226,65.5072463768116,אחוז הצבעה בקלפי
כחל,1210,1.0,364,270,74.17582417582418,אחוז הצבעה בקלפי
כחלה,1367,1.0,265,167,63.0188679245283,אחוז הצבעה בקלפי
כיסופים,840,1.0,300,163,54.333333333333336,אחוז הצבעה בקלפי
כישור,1153,1.0,131,97,74.04580152671755,אחוז הצבעה בקלפי
כליל,1183,1.0,577,385,66.72443674176776,אחוז הצבעה בקלפי
כלנית,1229,1.0,187,152,81.28342245989305,אחוז הצבעה בקלפי
כמאנה,1331,1.0,590,256,43.389830508474574,אחוז הצבעה בקלפי
כמאנה,1331,2.0,543,275,50.64456721915286,אחוז הצבעה בקלפי
כמהין,1291,1.0,153,106,69.28104575163398,אחוז הצבעה בקלפי
כמון,1201,1.0,577,409,70.8838821490468,אחוז הצבעה בקלפי
כנף,4028,1.0,350,219,62.57142857142857,אחוז הצבעה בקלפי
כנרת מושבה,63,1.0,558,379,67.92114695340501,אחוז הצבעה בקלפי
כנרת קבוצה,57,1.0,657,426,64.84018264840182,אחוז הצבעה בקלפי
כסיפה,1059,1.1,382,206,53.92670157068062,אחוז הצבעה בקלפי
כסיפה,1059,1.2,381,282,74.01574803149606,אחוז הצבעה בקלפי
כסיפה,1059,3.1,648,440,67.90123456790124,אחוז הצבעה בקלפי
כסיפה,1059,3.2,648,382,58.95061728395061,אחוז הצבעה בקלפי
כסיפה,1059,3.3,648,359,55.401234567901234,אחוז הצבעה בקלפי
כסיפה,1059,4.0,670,292,43.582089552238806,אחוז הצבעה בקלפי
כסיפה,1059,6.1,630,435,69.04761904761905,אחוז הצבעה בקלפי
כסיפה,1059,6.2,630,391,62.06349206349206,אחוז הצבעה בקלפי
כסיפה,1059,6.3,630,321,50.95238095238095,אחוז הצבעה בקלפי
כסיפה,1059,6.4,628,265,42.197452229299365,אחוז הצבעה בקלפי
כסיפה,1059,7.1,381,284,74.54068241469817,אחוז הצבעה בקלפי
כסיפה,1059,7.2,380,277,72.89473684210527,אחוז הצבעה בקלפי
כסיפה,1059,8.1,685,269,39.270072992700726,אחוז הצבעה בקלפי
כסיפה,1059,8.2,684,336,49.122807017543856,אחוז הצבעה בקלפי
כסיפה,1059,11.1,509,275,54.02750491159135,אחוז הצבעה בקלפי
כסיפה,1059,11.2,509,238,46.75834970530452,אחוז הצבעה בקלפי
כסיפה,1059,11.3,509,260,51.080550098231825,אחוז הצבעה בקלפי
כסלון,859,1.0,303,225,74.25742574257426,אחוז הצבעה בקלפי
כסראסמיע,1296,1.0,609,243,39.90147783251231,אחוז הצבעה בקלפי
כסראסמיע,1296,2.0,692,37,5.346820809248555,אחוז הצבעה בקלפי
כסראסמיע,1296,3.0,667,365,54.72263868065967,אחוז הצבעה בקלפי
כסראסמיע,1296,5.0,687,67,9.75254730713246,אחוז הצבעה בקלפי
כסראסמיע,1296,6.1,378,101,26.71957671957672,אחוז הצבעה בקלפי
כסראסמיע,1296,6.2,378,107,28.306878306878307,אחוז הצבעה בקלפי
כסראסמיע,1296,7.1,680,377,55.44117647058824,אחוז הצבעה בקלפי
כסראסמיע,1296,7.2,680,423,62.205882352941174,אחוז הצבעה בקלפי
כסראסמיע,1296,8.1,648,107,16.51234567901235,אחוז הצבעה בקלפי
כסראסמיע,1296,8.2,647,132,20.401854714064914,אחוז הצבעה בקלפי
כעביהטבאשחגאגרה,978,1.1,397,234,58.94206549118388,אחוז הצבעה בקלפי
כעביהטבאשחגאגרה,978,1.2,396,247,62.37373737373737,אחוז הצבעה בקלפי
כעביהטבאשחגאגרה,978,2.0,519,269,51.83044315992292,אחוז הצבעה בקלפי
כעביהטבאשחגאגרה,978,3.0,569,253,44.463971880492096,אחוז הצבעה בקלפי
כעביהטבאשחגאגרה,978,4.1,367,236,64.30517711171662,אחוז הצבעה בקלפי
כעביהטבאשחגאגרה,978,4.2,366,227,62.02185792349727,אחוז הצבעה בקלפי
כעביהטבאשחגאגרה,978,5.0,578,282,48.78892733564014,אחוז הצבעה בקלפי
כעביהטבאשחגאגרה,978,6.1,399,236,59.14786967418546,אחוז הצבעה בקלפי
כעביהטבאשחגאגרה,978,6.2,398,264,66.33165829145729,אחוז הצבעה בקלפי
כפר אביב,857,1.0,562,409,72.77580071174377,אחוז הצבעה בקלפי
כפר אדומים,3638,1.0,294,214,72.78911564625851,אחוז הצבעה בקלפי
כפר אדומים,3638,4.0,547,408,74.58866544789763,אחוז הצבעה בקלפי
כפר אדומים,3638,5.1,649,448,69.02927580893683,אחוז הצבעה בקלפי
כפר אדומים,3638,5.2,649,462,71.1864406779661,אחוז הצבעה בקלפי
כפר אדומים,3638,5.3,648,464,71.60493827160494,אחוז הצבעה בקלפי
כפר אוריה,364,1.0,551,431,78.22141560798548,אחוז הצבעה בקלפי
כפר אחים,690,1.0,533,412,77.29831144465291,אחוז הצבעה בקלפי
כפר ביאליק,220,1.0,474,353,74.47257383966245,אחוז הצבעה בקלפי
כפר בילו,177,1.1,434,333,76.72811059907833,אחוז הצבעה בקלפי
כפר בילו,177,1.2,433,342,78.9838337182448,אחוז הצבעה בקלפי
כפר בלום,357,1.1,369,248,67.20867208672087,אחוז הצבעה בקלפי
כפר בלום,357,1.2,368,258,70.1086956521739,אחוז הצבעה בקלפי
כפר בן נון,2010,1.0,548,431,78.64963503649635,אחוז הצבעה בקלפי
כפר ברא,633,1.0,615,398,64.71544715447153,אחוז הצבעה בקלפי
כפר ברא,633,2.0,612,417,68.13725490196079,אחוז הצבעה בקלפי
כפר ברא,633,3.0,684,461,67.39766081871345,אחוז הצבעה בקלפי
כפר ברא,633,4.0,665,393,59.09774436090226,אחוז הצבעה בקלפי
כפר ברוך,132,1.0,436,336,77.06422018348624,אחוז הצבעה בקלפי
כפר גדעון,106,1.0,211,150,71.09004739336493,אחוז הצבעה בקלפי
כפר גלים,427,1.0,116,68,58.620689655172406,אחוז הצבעה בקלפי
כפר גליקסון,310,1.0,291,207,71.1340206185567,אחוז הצבעה בקלפי
כפר גלעדי,76,1.0,591,354,59.89847715736041,אחוז הצבעה בקלפי
כפר דניאל,707,1.0,505,362,71.68316831683168,אחוז הצבעה בקלפי
כפר האורנים,3796,1.0,593,426,71.8381112984823,אחוז הצבעה בקלפי
כפר האורנים,3796,2.0,595,430,72.26890756302521,אחוז הצבעה בקלפי
כפר האורנים,3796,3.0,578,435,75.25951557093425,אחוז הצבעה בקלפי
כפר החורש,192,1.0,479,374,78.07933194154488,אחוז הצבעה בקלפי
כפר המכבי,254,1.0,323,235,72.75541795665634,אחוז הצבעה בקלפי
כפר הנגיד,582,1.0,346,268,77.45664739884393,אחוז הצבעה בקלפי
כפר הנגיד,582,2.0,415,300,72.28915662650603,אחוז הצבעה בקלפי
כפר הנשיא,443,1.1,371,197,53.09973045822103,אחוז הצבעה בקלפי
כפר הנשיא,443,1.2,371,205,55.25606469002695,אחוז הצבעה בקלפי
כפר הס,187,1.0,569,418,73.4622144112478,אחוז הצבעה בקלפי
כפר הס,187,2.0,498,399,80.12048192771084,אחוז הצבעה בקלפי
כפר הראה,217,1.0,380,280,73.68421052631578,אחוז הצבעה בקלפי
כפר הראה,217,2.0,382,309,80.89005235602095,אחוז הצבעה בקלפי
כפר הריף,888,1.0,605,460,76.03305785123968,אחוז הצבעה בקלפי
כפר ויתקין,190,2.1,482,369,76.55601659751036,אחוז הצבעה בקלפי
כפר ויתקין,190,2.2,482,346,71.78423236514523,אחוז הצבעה בקלפי
כפר ויתקין,190,2.3,480,342,71.25,אחוז הצבעה בקלפי
כפר ורבורג,320,1.0,510,394,77.25490196078432,אחוז הצבעה בקלפי
כפר ורבורג,320,2.0,343,258,75.21865889212827,אחוז הצבעה בקלפי
כפר ורדים,1263,1.0,630,418,66.34920634920634,אחוז הצבעה בקלפי
כפר ורדים,1263,2.1,600,390,65.0,אחוז הצבעה בקלפי
כפר ורדים,1263,2.2,599,399,66.6110183639399,אחוז הצבעה בקלפי
כפר ורדים,1263,3.0,521,327,62.76391554702495,אחוז הצבעה בקלפי
כפר ורדים,1263,4.0,533,354,66.41651031894934,אחוז הצבעה בקלפי
כפר ורדים,1263,8.1,633,421,66.5086887835703,אחוז הצבעה בקלפי
כפר ורדים,1263,8.2,633,419,66.19273301737756,אחוז הצבעה בקלפי
כפר ורדים,1263,8.3,631,434,68.77971473851031,אחוז הצבעה בקלפי
כפר זיתים,786,1.0,473,352,74.4186046511628,אחוז הצבעה בקלפי
כפר חבד,696,2.0,596,429,71.97986577181209,אחוז הצבעה בקלפי
כפר חבד,696,3.1,653,439,67.22817764165391,אחוז הצבעה בקלפי
כפר חבד,696,3.2,653,416,63.70597243491577,אחוז הצבעה בקלפי
כפר חבד,696,3.3,653,469,71.82235834609494,אחוז הצבעה בקלפי
כפר חבד,696,3.4,652,457,70.0920245398773,אחוז הצבעה בקלפי
כפר חבד,696,6.0,561,379,67.5579322638146,אחוז הצבעה בקלפי
כפר חבד,696,7.0,603,353,58.540630182421225,אחוז הצבעה בקלפי
כפר חושן,609,1.0,617,433,70.17828200972447,אחוז הצבעה בקלפי
כפר חיטים,255,1.0,540,347,64.25925925925927,אחוז הצבעה בקלפי
כפר חיים,193,1.0,436,339,77.75229357798165,אחוז הצבעה בקלפי
כפר חנניה,1297,1.0,537,401,74.67411545623837,אחוז הצבעה בקלפי
כפר חסידים א,112,1.0,538,379,70.4460966542751,אחוז הצבעה בקלפי
כפר חסידים ב,889,1.0,226,158,69.91150442477876,אחוז הצבעה בקלפי
כפר חרוב,4004,1.0,427,268,62.76346604215457,אחוז הצבעה בקלפי
כפר טרומן,673,1.0,586,455,77.64505119453925,אחוז הצבעה בקלפי
כפר יאסיף,507,5.1,552,392,71.01449275362319,אחוז הצבעה בקלפי
כפר יאסיף,507,5.2,552,352,63.76811594202898,אחוז הצבעה בקלפי
כפר יאסיף,507,5.3,552,302,54.710144927536234,אחוז הצבעה בקלפי
כפר יאסיף,507,5.4,549,330,60.10928961748634,אחוז הצבעה בקלפי
כפר יאסיף,507,6.1,510,348,68.23529411764706,אחוז הצבעה בקלפי
כפר יאסיף,507,6.2,510,325,63.725490196078425,אחוז הצבעה בקלפי
כפר יאסיף,507,6.3,509,371,72.88801571709233,אחוז הצבעה בקלפי
כפר יאסיף,507,8.1,562,348,61.92170818505338,אחוז הצבעה בקלפי
כפר יאסיף,507,8.2,562,320,56.93950177935944,אחוז הצבעה בקלפי
כפר יאסיף,507,8.3,562,389,69.21708185053382,אחוז הצבעה בקלפי
כפר יאסיף,507,8.4,561,350,62.38859180035651,אחוז הצבעה בקלפי
כפר יאסיף,507,10.1,569,356,62.56590509666081,אחוז הצבעה בקלפי
כפר יאסיף,507,10.2,569,360,63.2688927943761,אחוז הצבעה בקלפי
כפר יאסיף,507,10.3,569,343,60.28119507908612,אחוז הצבעה בקלפי
כפר יאסיף,507,10.4,569,389,68.36555360281194,אחוז הצבעה בקלפי
כפר ידידיה,233,1.0,511,385,75.34246575342466,אחוז הצבעה בקלפי
כפר יהושע,140,1.0,434,341,78.57142857142857,אחוז הצבעה בקלפי
כפר יהושע,140,2.0,466,354,75.9656652360515,אחוז הצבעה בקלפי
כפר יונה,168,1.0,483,304,62.939958592132506,אחוז הצבעה בקלפי
כפר יונה,168,4.0,524,372,70.99236641221374,אחוז הצבעה בקלפי
כפר יונה,168,5.0,457,342,74.83588621444201,אחוז הצבעה בקלפי
כפר יונה,168,7.1,378,300,79.36507936507937,אחוז הצבעה בקלפי
כפר יונה,168,7.2,319,226,70.84639498432603,אחוז הצבעה בקלפי
כפר יונה,168,8.0,560,354,63.21428571428571,אחוז הצבעה בקלפי
כפר יונה,168,9.1,384,282,73.4375,אחוז הצבעה בקלפי
כפר יונה,168,9.2,384,276,71.875,אחוז הצבעה בקלפי
כפר יונה,168,10.0,529,396,74.85822306238185,אחוז הצבעה בקלפי
כפר יונה,168,12.1,614,440,71.66123778501628,אחוז הצבעה בקלפי
כפר יונה,168,12.2,614,455,74.1042345276873,אחוז הצבעה בקלפי
כפר יונה,168,12.3,614,461,75.0814332247557,אחוז הצבעה בקלפי
כפר יונה,168,12.4,613,462,75.36704730831974,אחוז הצבעה בקלפי
כפר יונה,168,13.0,611,446,72.99509001636662,אחוז הצבעה בקלפי
כפר יונה,168,14.1,553,381,68.89692585895118,אחוז הצבעה בקלפי
כפר יונה,168,14.2,553,361,65.28028933092224,אחוז הצבעה בקלפי
כפר יונה,168,16.0,578,335,57.95847750865052,אחוז הצבעה בקלפי
כפר יונה,168,19.1,359,239,66.57381615598887,אחוז הצבעה בקלפי
כפר יונה,168,19.2,358,266,74.30167597765363,אחוז הצבעה בקלפי
כפר יונה,168,20.1,630,470,74.60317460317461,אחוז הצבעה בקלפי
כפר יונה,168,20.2,630,448,71.11111111111111,אחוז הצבעה בקלפי
כפר יונה,168,20.3,629,449,71.38314785373609,אחוז הצבעה בקלפי
כפר יונה,168,23.1,612,487,79.57516339869281,אחוז הצבעה בקלפי
כפר יונה,168,23.2,612,475,77.61437908496733,אחוז הצבעה בקלפי
כפר יונה,168,23.3,610,457,74.91803278688525,אחוז הצבעה בקלפי
כפר יונה,168,25.0,596,473,79.36241610738254,אחוז הצבעה בקלפי
כפר יונה,168,26.1,674,513,76.11275964391692,אחוז הצבעה בקלפי
כפר יונה,168,26.2,674,493,73.1454005934718,אחוז הצבעה בקלפי
כפר יונה,168,26.3,674,509,75.5192878338279,אחוז הצבעה בקלפי
כפר יונה,168,26.4,674,510,75.66765578635015,אחוז הצבעה בקלפי
כפר יונה,168,27.0,586,472,80.54607508532423,אחוז הצבעה בקלפי
כפר יונה,168,29.0,467,365,78.15845824411134,אחוז הצבעה בקלפי
כפר יונה,168,30.0,573,466,81.32635253054102,אחוז הצבעה בקלפי
כפר יונה,168,31.0,631,506,80.19017432646592,אחוז הצבעה בקלפי
כפר יונה,168,32.0,600,488,81.33333333333333,אחוז הצבעה בקלפי
כפר יחזקאל,85,1.1,382,304,79.58115183246073,אחוז הצבעה בקלפי
כפר יחזקאל,85,1.2,381,302,79.26509186351706,אחוז הצבעה בקלפי
כפר יעבץ,170,1.0,477,352,73.79454926624737,אחוז הצבעה בקלפי
כפר כמא,508,2.0,651,220,33.794162826420894,אחוז הצבעה בקלפי
כפר כמא,508,3.0,621,221,35.5877616747182,אחוז הצבעה בקלפי
כפר כמא,508,4.1,471,148,31.422505307855626,אחוז הצבעה בקלפי
כפר כמא,508,4.2,471,206,43.73673036093418,אחוז הצבעה בקלפי
כפר כמא,508,4.3,471,151,32.05944798301486,אחוז הצבעה בקלפי
כפר כנא,509,2.1,574,321,55.92334494773519,אחוז הצבעה בקלפי
כפר כנא,509,2.2,574,324,56.44599303135889,אחוז הצבעה בקלפי
כפר כנא,509,2.3,574,294,51.21951219512195,אחוז הצבעה בקלפי
כפר כנא,509,2.4,573,288,50.26178010471204,אחוז הצבעה בקלפי
כפר כנא,509,9.1,575,282,49.04347826086956,אחוז הצבעה בקלפי
כפר כנא,509,9.2,575,279,48.52173913043478,אחוז הצבעה בקלפי
כפר כנא,509,9.3,575,259,45.04347826086956,אחוז הצבעה בקלפי
כפר כנא,509,9.4,575,262,45.565217391304344,אחוז הצבעה בקלפי
כפר כנא,509,15.1,594,307,51.68350168350169,אחוז הצבעה בקלפי
כפר כנא,509,15.2,594,243,40.909090909090914,אחוז הצבעה בקלפי
כפר כנא,509,15.3,594,289,48.65319865319865,אחוז הצבעה בקלפי
כפר כנא,509,15.4,594,284,47.81144781144781,אחוז הצבעה בקלפי
כפר כנא,509,15.5,594,331,55.72390572390572,אחוז הצבעה בקלפי
כפר כנא,509,17.1,559,322,57.60286225402504,אחוז הצבעה בקלפי
כפר כנא,509,17.2,559,334,59.74955277280859,אחוז הצבעה בקלפי
כפר כנא,509,17.3,559,329,58.85509838998211,אחוז הצבעה בקלפי
כפר כנא,509,17.4,559,281,50.268336314847936,אחוז הצבעה בקלפי
כפר כנא,509,19.1,616,372,60.3896103896104,אחוז הצבעה בקלפי
כפר כנא,509,19.2,616,323,52.435064935064936,אחוז הצבעה בקלפי
כפר כנא,509,19.3,616,408,66.23376623376623,אחוז הצבעה בקלפי
כפר כנא,509,19.4,616,350,56.81818181818182,אחוז הצבעה בקלפי
כפר כנא,509,19.5,612,387,63.23529411764706,אחוז הצבעה בקלפי
כפר כנא,509,21.1,600,287,47.833333333333336,אחוז הצבעה בקלפי
כפר כנא,509,21.2,600,276,46.0,אחוז הצבעה בקלפי
כפר כנא,509,21.3,600,326,54.333333333333336,אחוז הצבעה בקלפי
כפר כנא,509,21.4,600,302,50.33333333333333,אחוז הצבעה בקלפי
כפר כנא,509,21.5,600,280,46.666666666666664,אחוז הצבעה בקלפי
כפר מונש,387,1.0,624,469,75.16025641025641,אחוז הצבעה בקלפי
כפר מימון,1095,1.0,484,372,76.85950413223141,אחוז הצבעה בקלפי
כפר מלל,98,1.0,273,210,76.92307692307693,אחוז הצבעה בקלפי
כפר מנדא,510,1.0,607,394,64.90939044481054,אחוז הצבעה בקלפי
כפר מנדא,510,2.0,624,425,68.10897435897436,אחוז הצבעה בקלפי
כפר מנדא,510,3.0,595,385,64.70588235294117,אחוז הצבעה בקלפי
כפר מנדא,510,4.0,611,421,68.90343698854338,אחוז הצבעה בקלפי
כפר מנדא,510,5.0,604,390,64.56953642384106,אחוז הצבעה בקלפי
כפר מנדא,510,6.0,604,419,69.37086092715232,אחוז הצבעה בקלפי
כפר מנדא,510,7.0,591,434,73.43485617597293,אחוז הצבעה בקלפי
כפר מנדא,510,8.0,604,431,71.35761589403974,אחוז הצבעה בקלפי
כפר מנדא,510,9.0,619,438,70.75928917609046,אחוז הצבעה בקלפי
כפר מנדא,510,10.0,593,381,64.2495784148398,אחוז הצבעה בקלפי
כפר מנדא,510,11.0,600,485,80.83333333333333,אחוז הצבעה בקלפי
כפר מנדא,510,12.0,606,361,59.57095709570957,אחוז הצבעה בקלפי
כפר מנדא,510,13.0,602,332,55.14950166112956,אחוז הצבעה בקלפי
כפר מנדא,510,14.0,589,327,55.51782682512734,אחוז הצבעה בקלפי
כפר מנדא,510,15.0,588,384,65.3061224489796,אחוז הצבעה בקלפי
כפר מנדא,510,16.0,582,418,71.8213058419244,אחוז הצבעה בקלפי
כפר מנדא,510,17.0,623,398,63.88443017656501,אחוז הצבעה בקלפי
כפר מנדא,510,18.0,629,427,67.88553259141494,אחוז הצבעה בקלפי
כפר מנדא,510,19.0,604,414,68.54304635761589,אחוז הצבעה בקלפי
כפר מנדא,510,20.0,597,279,46.733668341708544,אחוז הצבעה בקלפי
כפר מנדא,510,21.0,577,356,61.69844020797227,אחוז הצבעה בקלפי
כפר מנדא,510,22.0,557,342,61.40035906642729,אחוז הצבעה בקלפי
כפר מנדא,510,23.0,550,323,58.72727272727273,אחוז הצבעה בקלפי
כפר מנחם,274,1.0,461,328,71.14967462039046,אחוז הצבעה בקלפי
כפר מנחם,274,2.0,479,361,75.36534446764091,אחוז הצבעה בקלפי
כפר מסריק,297,1.0,620,431,69.51612903225806,אחוז הצבעה בקלפי
כפר מצר,512,1.0,664,385,57.98192771084337,אחוז הצבעה בקלפי
כפר מצר,512,2.0,613,347,56.6068515497553,אחוז הצבעה בקלפי
כפר מצר,512,3.0,670,321,47.91044776119403,אחוז הצבעה בקלפי
כפר מרדכי,764,1.0,478,364,76.15062761506276,אחוז הצבעה בקלפי
כפר נטר,316,1.1,353,268,75.92067988668555,אחוז הצבעה בקלפי
כפר נטר,316,1.2,353,276,78.18696883852692,אחוז הצבעה בקלפי
כפר סאלד,345,1.0,533,378,70.91932457786116,אחוז הצבעה בקלפי
כפר סבא,6900,1.0,643,485,75.42768273716952,אחוז הצבעה בקלפי
כפר סבא,6900,3.1,562,389,69.21708185053382,אחוז הצבעה בקלפי
כפר סבא,6900,3.2,562,396,70.46263345195729,אחוז הצבעה בקלפי
כפר סבא,6900,3.3,562,390,69.3950177935943,אחוז הצבעה בקלפי
כפר סבא,6900,3.4,559,426,76.20751341681574,אחוז הצבעה בקלפי
כפר סבא,6900,4.1,614,388,63.19218241042345,אחוז הצבעה בקלפי
כפר סבא,6900,4.2,614,360,58.63192182410424,אחוז הצבעה בקלפי
כפר סבא,6900,4.3,614,396,64.49511400651465,אחוז הצבעה בקלפי
כפר סבא,6900,4.4,612,324,52.94117647058824,אחוז הצבעה בקלפי
כפר סבא,6900,5.0,507,257,50.69033530571993,אחוז הצבעה בקלפי
כפר סבא,6900,6.0,587,387,65.92844974446336,אחוז הצבעה בקלפי
כפר סבא,6900,7.0,588,453,77.04081632653062,אחוז הצבעה בקלפי
כפר סבא,6900,8.0,521,334,64.10748560460652,אחוז הצבעה בקלפי
כפר סבא,6900,10.0,518,373,72.00772200772201,אחוז הצבעה בקלפי
כפר סבא,6900,11.1,575,423,73.56521739130434,אחוז הצבעה בקלפי
כפר סבא,6900,11.2,575,416,72.34782608695653,אחוז הצבעה בקלפי
כפר סבא,6900,11.3,573,396,69.10994764397905,אחוז הצבעה בקלפי
כפר סבא,6900,12.0,737,494,67.02849389416554,אחוז הצבעה בקלפי
כפר סבא,6900,13.0,572,404,70.62937062937063,אחוז הצבעה בקלפי
כפר סבא,6900,14.0,538,354,65.79925650557621,אחוז הצבעה בקלפי
כפר סבא,6900,15.0,591,394,66.66666666666666,אחוז הצבעה בקלפי
כפר סבא,6900,17.0,698,475,68.0515759312321,אחוז הצבעה בקלפי
כפר סבא,6900,18.0,657,462,70.31963470319634,אחוז הצבעה בקלפי
כפר סבא,6900,19.0,560,395,70.53571428571429,אחוז הצבעה בקלפי
כפר סבא,6900,21.0,698,492,70.48710601719198,אחוז הצבעה בקלפי
כפר סבא,6900,23.0,433,305,70.43879907621246,אחוז הצבעה בקלפי
כפר סבא,6900,24.1,546,395,72.34432234432234,אחוז הצבעה בקלפי
כפר סבא,6900,24.2,546,393,71.97802197802197,אחוז הצבעה בקלפי
כפר סבא,6900,24.3,546,367,67.21611721611723,אחוז הצבעה בקלפי
כפר סבא,6900,27.0,663,500,75.41478129713424,אחוז הצבעה בקלפי
כפר סבא,6900,29.0,483,353,73.08488612836439,אחוז הצבעה בקלפי
כפר סבא,6900,31.0,611,434,71.03109656301146,אחוז הצבעה בקלפי
כפר סבא,6900,33.0,518,353,68.14671814671814,אחוז הצבעה בקלפי
כפר סבא,6900,35.0,510,261,51.17647058823529,אחוז הצבעה בקלפי
כפר סבא,6900,36.0,510,359,70.3921568627451,אחוז הצבעה בקלפי
כפר סבא,6900,40.1,671,453,67.51117734724292,אחוז הצבעה בקלפי
כפר סבא,6900,40.2,671,449,66.9150521609538,אחוז הצבעה בקלפי
כפר סבא,6900,42.1,636,426,66.98113207547169,אחוז הצבעה בקלפי
כפר סבא,6900,42.2,635,421,66.2992125984252,אחוז הצבעה בקלפי
כפר סבא,6900,43.1,688,395,57.412790697674424,אחוז הצבעה בקלפי
כפר סבא,6900,43.2,688,407,59.15697674418605,אחוז הצבעה בקלפי
כפר סבא,6900,43.3,688,397,57.70348837209303,אחוז הצבעה בקלפי
כפר סבא,6900,43.4,688,418,60.75581395348837,אחוז הצבעה בקלפי
כפר סבא,6900,44.0,689,458,66.47314949201741,אחוז הצבעה בקלפי
כפר סבא,6900,45.0,672,489,72.76785714285714,אחוז הצבעה בקלפי
כפר סבא,6900,46.0,538,381,70.817843866171,אחוז הצבעה בקלפי
כפר סבא,6900,47.0,538,384,71.37546468401487,אחוז הצבעה בקלפי
כפר סבא,6900,48.0,659,436,66.1608497723824,אחוז הצבעה בקלפי
כפר סבא,6900,49.0,509,331,65.0294695481336,אחוז הצבעה בקלפי
כפר סבא,6900,50.0,603,412,68.32504145936981,אחוז הצבעה בקלפי
כפר סבא,6900,51.0,655,444,67.78625954198473,אחוז הצבעה בקלפי
כפר סבא,6900,53.0,550,381,69.27272727272728,אחוז הצבעה בקלפי
כפר סבא,6900,54.0,626,438,69.96805111821087,אחוז הצבעה בקלפי
כפר סבא,6900,57.1,696,485,69.68390804597702,אחוז הצבעה בקלפי
כפר סבא,6900,57.2,696,463,66.52298850574712,אחוז הצבעה בקלפי
כפר סבא,6900,57.3,695,472,67.9136690647482,אחוז הצבעה בקלפי
כפר סבא,6900,58.0,675,445,65.92592592592592,אחוז הצבעה בקלפי
כפר סבא,6900,59.0,609,453,74.38423645320196,אחוז הצבעה בקלפי
כפר סבא,6900,60.0,642,456,71.02803738317756,אחוז הצבעה בקלפי
כפר סבא,6900,61.0,541,362,66.91312384473198,אחוז הצבעה בקלפי
כפר סבא,6900,64.0,617,435,70.50243111831442,אחוז הצבעה בקלפי
כפר סבא,6900,65.0,635,449,70.70866141732284,אחוז הצבעה בקלפי
כפר סבא,6900,66.0,694,451,64.98559077809799,אחוז הצבעה בקלפי
כפר סבא,6900,67.0,664,441,66.41566265060241,אחוז הצבעה בקלפי
כפר סבא,6900,68.0,637,478,75.0392464678179,אחוז הצבעה בקלפי
כפר סבא,6900,69.0,619,437,70.59773828756059,אחוז הצבעה בקלפי
כפר סבא,6900,70.0,651,463,71.12135176651306,אחוז הצבעה בקלפי
כפר סבא,6900,73.1,625,438,70.08,אחוז הצבעה בקלפי
כפר סבא,6900,73.2,625,453,72.48,אחוז הצבעה בקלפי
כפר סבא,6900,73.3,623,424,68.0577849117175,אחוז הצבעה בקלפי
כפר סבא,6900,75.0,653,504,77.18223583460949,אחוז הצבעה בקלפי
כפר סבא,6900,78.0,463,309,66.73866090712744,אחוז הצבעה בקלפי
כפר סבא,6900,82.0,426,285,66.90140845070422,אחוז הצבעה בקלפי
כפר סבא,6900,84.0,565,360,63.716814159292035,אחוז הצבעה בקלפי
כפר סבא,6900,87.0,564,388,68.79432624113475,אחוז הצבעה בקלפי
כפר סבא,6900,89.0,574,414,72.12543554006969,אחוז הצבעה בקלפי
כפר סבא,6900,90.0,573,359,62.652705061082024,אחוז הצבעה בקלפי
כפר סבא,6900,91.0,583,354,60.720411663807894,אחוז הצבעה בקלפי
כפר סבא,6900,93.0,423,301,71.15839243498819,אחוז הצבעה בקלפי
כפר סבא,6900,95.0,548,407,74.27007299270073,אחוז הצבעה בקלפי
כפר סבא,6900,97.0,529,376,71.07750472589792,אחוז הצבעה בקלפי
כפר סבא,6900,98.0,494,364,73.68421052631578,אחוז הצבעה בקלפי
כפר סבא,6900,100.0,609,37,6.075533661740558,אחוז הצבעה בקלפי
כפר סבא,6900,101.0,613,420,68.51549755301795,אחוז הצבעה בקלפי
כפר סבא,6900,103.1,647,442,68.31530139103555,אחוז הצבעה בקלפי
כפר סבא,6900,103.2,647,459,70.94281298299846,אחוז הצבעה בקלפי
כפר סבא,6900,103.3,647,477,73.72488408037094,אחוז הצבעה בקלפי
כפר סבא,6900,103.4,647,443,68.46986089644514,אחוז הצבעה בקלפי
כפר סבא,6900,103.5,647,460,71.09737248840804,אחוז הצבעה בקלפי
כפר סבא,6900,103.6,647,456,70.47913446676971,אחוז הצבעה בקלפי
כפר סבא,6900,105.1,567,399,70.37037037037037,אחוז הצבעה בקלפי
כפר סבא,6900,105.2,567,392,69.1358024691358,אחוז הצבעה בקלפי
כפר סבא,6900,105.3,567,381,67.1957671957672,אחוז הצבעה בקלפי
כפר סבא,6900,105.4,566,397,70.14134275618375,אחוז הצבעה בקלפי
כפר סבא,6900,107.0,458,315,68.77729257641921,אחוז הצבעה בקלפי
כפר סבא,6900,108.0,443,206,46.50112866817156,אחוז הצבעה בקלפי
כפר סבא,6900,109.1,641,456,71.13884555382215,אחוז הצבעה בקלפי
כפר סבא,6900,109.2,641,471,73.4789391575663,אחוז הצבעה בקלפי
כפר סבא,6900,109.3,641,450,70.20280811232449,אחוז הצבעה בקלפי
כפר סבא,6900,109.4,638,440,68.96551724137932,אחוז הצבעה בקלפי
כפר סבא,6900,111.1,614,453,73.7785016286645,אחוז הצבעה בקלפי
כפר סבא,6900,111.2,614,454,73.9413680781759,אחוז הצבעה בקלפי
כפר סבא,6900,111.3,614,467,76.0586319218241,אחוז הצבעה בקלפי
כפר סבא,6900,111.4,613,426,69.49429037520392,אחוז הצבעה בקלפי
כפר סבא,6900,114.0,643,522,81.18195956454122,אחוז הצבעה בקלפי
כפר סבא,6900,115.1,668,405,60.62874251497006,אחוז הצבעה בקלפי
כפר סבא,6900,115.2,668,411,61.52694610778443,אחוז הצבעה בקלפי
כפר סבא,6900,115.3,668,437,65.41916167664671,אחוז הצבעה בקלפי
כפר סבא,6900,115.4,665,421,63.30827067669173,אחוז הצבעה בקלפי
כפר סבא,6900,116.1,623,467,74.95987158908507,אחוז הצבעה בקלפי
כפר סבא,6900,116.2,623,459,73.67576243980739,אחוז הצבעה בקלפי
כפר סבא,6900,116.3,623,470,75.4414125200642,אחוז הצבעה בקלפי
כפר סבא,6900,116.4,623,448,71.91011235955057,אחוז הצבעה בקלפי
כפר סבא,6900,116.5,623,477,76.56500802568218,אחוז הצבעה בקלפי
כפר סבא,6900,117.0,527,396,75.14231499051233,אחוז הצבעה בקלפי
כפר סבא,6900,118.0,513,412,80.31189083820662,אחוז הצבעה בקלפי
כפר סבא,6900,121.0,689,520,75.47169811320755,אחוז הצבעה בקלפי
כפר סבא,6900,122.1,575,492,85.56521739130434,אחוז הצבעה בקלפי
כפר סבא,6900,122.2,575,474,82.43478260869566,אחוז הצבעה בקלפי
כפר סבא,6900,122.3,574,470,81.8815331010453,אחוז הצבעה בקלפי
כפר סבא,6900,123.0,665,304,45.714285714285715,אחוז הצבעה בקלפי
כפר סבא,6900,126.1,688,601,87.3546511627907,אחוז הצבעה בקלפי
כפר סבא,6900,126.2,688,593,86.19186046511628,אחוז הצבעה בקלפי
כפר סבא,6900,126.3,688,578,84.01162790697676,אחוז הצבעה בקלפי
כפר סבא,6900,126.4,688,569,82.70348837209302,אחוז הצבעה בקלפי
כפר סבא,6900,126.5,686,585,85.27696793002916,אחוז הצבעה בקלפי
כפר סבא,6900,129.1,625,502,80.32000000000001,אחוז הצבעה בקלפי
כפר סבא,6900,129.2,625,515,82.39999999999999,אחוז הצבעה בקלפי
כפר סבא,6900,129.3,625,514,82.24000000000001,אחוז הצבעה בקלפי
כפר סבא,6900,129.4,625,515,82.39999999999999,אחוז הצבעה בקלפי
כפר סבא,6900,129.5,623,498,79.93579454253612,אחוז הצבעה בקלפי
כפר סבא,6900,130.0,681,504,74.00881057268722,אחוז הצבעה בקלפי
כפר סבא,6900,133.0,567,426,75.13227513227513,אחוז הצבעה בקלפי
כפר סבא,6900,134.0,547,452,82.6325411334552,אחוז הצבעה בקלפי
כפר סבא,6900,951.0,602,455,75.5813953488372,אחוז הצבעה בקלפי
כפר סילבר,107,1.0,85,28,32.94117647058823,אחוז הצבעה בקלפי
כפר סירקין,249,1.0,538,417,77.5092936802974,אחוז הצבעה בקלפי
כפר סירקין,249,2.0,461,376,81.56182212581345,אחוז הצבעה בקלפי
כפר עזה,845,1.1,384,283,73.69791666666666,אחוז הצבעה בקלפי
כפר עזה,845,1.2,384,280,72.91666666666666,אחוז הצבעה בקלפי
כפר עציון,3488,1.0,564,440,78.01418439716312,אחוז הצבעה בקלפי
כפר פינס,189,1.0,399,315,78.94736842105263,אחוז הצבעה בקלפי
כפר קאסם,634,6.1,484,340,70.24793388429752,אחוז הצבעה בקלפי
כפר קאסם,634,6.2,484,350,72.31404958677686,אחוז הצבעה בקלפי
כפר קאסם,634,6.3,484,341,70.45454545454545,אחוז הצבעה בקלפי
כפר קאסם,634,11.1,367,243,66.21253405994551,אחוז הצבעה בקלפי
כפר קאסם,634,11.2,367,251,68.39237057220708,אחוז הצבעה בקלפי
כפר קאסם,634,12.0,690,479,69.42028985507245,אחוז הצבעה בקלפי
כפר קאסם,634,13.1,558,377,67.56272401433692,אחוז הצבעה בקלפי
כפר קאסם,634,13.2,558,408,73.11827956989248,אחוז הצבעה בקלפי
כפר קאסם,634,13.3,558,405,72.58064516129032,אחוז הצבעה בקלפי
כפר קאסם,634,13.4,556,388,69.7841726618705,אחוז הצבעה בקלפי
כפר קאסם,634,16.1,469,306,65.2452025586354,אחוז הצבעה בקלפי
כפר קאסם,634,16.2,469,338,72.06823027718549,אחוז הצבעה בקלפי
כפר קאסם,634,16.3,467,306,65.52462526766595,אחוז הצבעה בקלפי
כפר קאסם,634,18.1,588,273,46.42857142857143,אחוז הצבעה בקלפי
כפר קאסם,634,18.2,588,303,51.53061224489795,אחוז הצבעה בקלפי
כפר קאסם,634,18.3,588,263,44.72789115646258,אחוז הצבעה בקלפי
כפר קאסם,634,18.4,585,413,70.5982905982906,אחוז הצבעה בקלפי
כפר קאסם,634,19.1,477,227,47.58909853249476,אחוז הצבעה בקלפי
כפר קאסם,634,19.2,477,282,59.11949685534591,אחוז הצבעה בקלפי
כפר קאסם,634,19.3,475,331,69.6842105263158,אחוז הצבעה בקלפי
כפר קאסם,634,20.1,686,502,73.17784256559767,אחוז הצבעה בקלפי
כפר קאסם,634,20.2,686,564,82.21574344023324,אחוז הצבעה בקלפי
כפר קאסם,634,20.3,686,534,77.84256559766763,אחוז הצבעה בקלפי
כפר קאסם,634,20.4,684,436,63.74269005847953,אחוז הצבעה בקלפי
כפר קאסם,634,21.1,690,442,64.05797101449275,אחוז הצבעה בקלפי
כפר קאסם,634,21.2,690,509,73.76811594202898,אחוז הצבעה בקלפי
כפר קאסם,634,21.3,688,470,68.31395348837209,אחוז הצבעה בקלפי
כפר קאסם,634,22.0,665,464,69.77443609022556,אחוז הצבעה בקלפי
כפר קאסם,634,23.0,685,456,66.56934306569343,אחוז הצבעה בקלפי
כפר קיש,388,1.0,491,338,68.83910386965377,אחוז הצבעה בקלפי
כפר קרע,654,4.0,693,431,62.19336219336219,אחוז הצבעה בקלפי
כפר קרע,654,10.1,496,294,59.2741935483871,אחוז הצבעה בקלפי
כפר קרע,654,10.2,496,311,62.701612903225815,אחוז הצבעה בקלפי
כפר קרע,654,10.3,495,303,61.212121212121204,אחוז הצבעה בקלפי
כפר קרע,654,11.0,620,393,63.38709677419355,אחוז הצבעה בקלפי
כפר קרע,654,12.0,589,387,65.70458404074702,אחוז הצבעה בקלפי
כפר קרע,654,13.0,593,353,59.527824620573355,אחוז הצבעה בקלפי
כפר קרע,654,15.1,610,365,59.83606557377049,אחוז הצבעה בקלפי
כפר קרע,654,15.2,610,402,65.90163934426229,אחוז הצבעה בקלפי
כפר קרע,654,15.3,610,390,63.934426229508205,אחוז הצבעה בקלפי
כפר קרע,654,15.4,610,378,61.967213114754095,אחוז הצבעה בקלפי
כפר קרע,654,15.5,610,333,54.59016393442623,אחוז הצבעה בקלפי
כפר קרע,654,15.6,607,364,59.96705107084019,אחוז הצבעה בקלפי
כפר קרע,654,18.1,686,430,62.68221574344023,אחוז הצבעה בקלפי
כפר קרע,654,18.2,686,419,61.07871720116618,אחוז הצבעה בקלפי
כפר קרע,654,18.3,686,451,65.74344023323616,אחוז הצבעה בקלפי
כפר קרע,654,18.4,686,458,66.76384839650146,אחוז הצבעה בקלפי
כפר קרע,654,18.5,686,417,60.7871720116618,אחוז הצבעה בקלפי
כפר קרע,654,20.1,667,425,63.718140929535224,אחוז הצבעה בקלפי
כפר קרע,654,20.2,667,432,64.76761619190404,אחוז הצבעה בקלפי
כפר קרע,654,20.3,667,394,59.070464767616194,אחוז הצבעה בקלפי
כפר קרע,654,20.4,665,414,62.255639097744364,אחוז הצבעה בקלפי
כפר ראש הנקרה,579,1.0,581,405,69.70740103270224,אחוז הצבעה בקלפי
כפר ראש הנקרה,579,2.0,498,341,68.47389558232932,אחוז הצבעה בקלפי
כפר רוזנואלד זרעית,1130,1.0,222,157,70.72072072072072,אחוז הצבעה בקלפי
כפר רופין,295,1.0,401,273,68.07980049875312,אחוז הצבעה בקלפי
כפר רות,1166,1.0,190,151,79.47368421052632,אחוז הצבעה בקלפי
כפר שמאי,605,1.0,349,252,72.20630372492836,אחוז הצבעה בקלפי
כפר שמואל,743,1.0,616,505,81.98051948051948,אחוז הצבעה בקלפי
כפר שמריהו,267,1.0,569,358,62.91739894551846,אחוז הצבעה בקלפי
כפר שמריהו,267,2.0,722,455,63.01939058171745,אחוז הצבעה בקלפי
כפר שמריהו,267,3.0,657,436,66.36225266362253,אחוז הצבעה בקלפי
כפר תבור,47,5.1,615,440,71.54471544715447,אחוז הצבעה בקלפי
כפר תבור,47,5.2,615,430,69.91869918699187,אחוז הצבעה בקלפי
כפר תבור,47,5.3,613,427,69.65742251223492,אחוז הצבעה בקלפי
כפר תבור,47,6.1,562,380,67.61565836298932,אחוז הצבעה בקלפי
כפר תבור,47,6.2,562,386,68.68327402135232,אחוז הצבעה בקלפי
כפר תבור,47,6.3,562,403,71.70818505338077,אחוז הצבעה בקלפי
כפר תפוח,3572,1.1,363,256,70.52341597796143,אחוז הצבעה בקלפי
כפר תפוח,3572,1.2,363,271,74.65564738292011,אחוז הצבעה בקלפי
כרכום,1285,1.0,452,292,64.60176991150442,אחוז הצבעה בקלפי
כרם בן זמרה,664,1.0,404,299,74.00990099009901,אחוז הצבעה בקלפי
כרם יבנה ישיבה,1094,1.0,138,117,84.78260869565217,אחוז הצבעה בקלפי
כרם מהרל,580,1.0,673,481,71.47102526002972,אחוז הצבעה בקלפי
כרם שלום,1085,1.0,153,89,58.16993464052288,אחוז הצבעה בקלפי
כרמי יוסף,1264,1.0,488,364,74.59016393442623,אחוז הצבעה בקלפי
כרמי יוסף,1264,2.0,477,357,74.84276729559748,אחוז הצבעה בקלפי
כרמי יוסף,1264,3.0,455,328,72.08791208791209,אחוז הצבעה בקלפי
כרמי צור,3766,1.0,582,432,74.22680412371135,אחוז הצבעה בקלפי
כרמי קטיף,1374,1.0,336,281,83.63095238095238,אחוז הצבעה בקלפי
כרמיאל,1139,1.0,518,213,41.11969111969112,אחוז הצבעה בקלפי
כרמיאל,1139,2.1,657,251,38.20395738203957,אחוז הצבעה בקלפי
כרמיאל,1139,2.2,657,247,37.595129375951295,אחוז הצבעה בקלפי
כרמיאל,1139,3.0,660,271,41.060606060606055,אחוז הצבעה בקלפי
כרמיאל,1139,4.1,653,316,48.39203675344563,אחוז הצבעה בקלפי
כרמיאל,1139,4.2,653,280,42.87901990811638,אחוז הצבעה בקלפי
כרמיאל,1139,5.0,537,247,45.99627560521415,אחוז הצבעה בקלפי
כרמיאל,1139,8.0,581,253,43.54561101549053,אחוז הצבעה בקלפי
כרמיאל,1139,10.0,536,313,58.3955223880597,אחוז הצבעה בקלפי
כרמיאל,1139,11.1,620,268,43.225806451612904,אחוז הצבעה בקלפי
כרמיאל,1139,11.2,619,272,43.94184168012924,אחוז הצבעה בקלפי
כרמיאל,1139,12.1,596,293,49.16107382550335,אחוז הצבעה בקלפי
כרמיאל,1139,12.2,596,299,50.167785234899334,אחוז הצבעה בקלפי
כרמיאל,1139,12.3,594,287,48.31649831649832,אחוז הצבעה בקלפי
כרמיאל,1139,13.0,662,412,62.2356495468278,אחוז הצבעה בקלפי
כרמיאל,1139,15.0,597,306,51.256281407035175,אחוז הצבעה בקלפי
כרמיאל,1139,16.0,518,261,50.38610038610039,אחוז הצבעה בקלפי
כרמיאל,1139,18.0,600,299,49.833333333333336,אחוז הצבעה בקלפי
כרמיאל,1139,19.0,618,285,46.116504854368934,אחוז הצבעה בקלפי
כרמיאל,1139,20.0,608,321,52.79605263157895,אחוז הצבעה בקלפי
כרמיאל,1139,21.0,635,333,52.44094488188976,אחוז הצבעה בקלפי
כרמיאל,1139,22.0,578,231,39.965397923875436,אחוז הצבעה בקלפי
כרמיאל,1139,24.1,361,86,23.822714681440445,אחוז הצבעה בקלפי
כרמיאל,1139,24.2,361,78,21.60664819944598,אחוז הצבעה בקלפי
כרמיאל,1139,26.0,572,301,52.62237762237763,אחוז הצבעה בקלפי
כרמיאל,1139,27.0,538,304,56.50557620817844,אחוז הצבעה בקלפי
כרמיאל,1139,28.0,585,345,58.97435897435898,אחוז הצבעה בקלפי
כרמיאל,1139,29.0,550,369,67.0909090909091,אחוז הצבעה בקלפי
כרמיאל,1139,30.0,559,336,60.10733452593918,אחוז הצבעה בקלפי
כרמיאל,1139,32.0,550,305,55.45454545454545,אחוז הצבעה בקלפי
כרמיאל,1139,34.1,625,403,64.48,אחוז הצבעה בקלפי
כרמיאל,1139,34.2,624,397,63.62179487179487,אחוז הצבעה בקלפי
כרמיאל,1139,35.0,621,430,69.24315619967794,אחוז הצבעה בקלפי
כרמיאל,1139,36.0,635,395,62.20472440944882,אחוז הצבעה בקלפי
כרמיאל,1139,37.0,479,277,57.82881002087683,אחוז הצבעה בקלפי
כרמיאל,1139,38.0,521,284,54.510556621881,אחוז הצבעה בקלפי
כרמיאל,1139,39.0,639,398,62.284820031298906,אחוז הצבעה בקלפי
כרמיאל,1139,40.1,673,399,59.286775631500745,אחוז הצבעה בקלפי
כרמיאל,1139,40.2,672,395,58.779761904761905,אחוז הצבעה בקלפי
כרמיאל,1139,41.0,546,312,57.14285714285714,אחוז הצבעה בקלפי
כרמיאל,1139,42.0,603,459,76.11940298507463,אחוז הצבעה בקלפי
כרמיאל,1139,44.0,652,370,56.74846625766872,אחוז הצבעה בקלפי
כרמיאל,1139,45.0,587,368,62.6916524701874,אחוז הצבעה בקלפי
כרמיאל,1139,46.0,533,329,61.72607879924953,אחוז הצבעה בקלפי
כרמיאל,1139,47.0,543,316,58.195211786372006,אחוז הצבעה בקלפי
כרמיאל,1139,48.0,537,345,64.24581005586593,אחוז הצבעה בקלפי
כרמיאל,1139,51.1,550,374,68.0,אחוז הצבעה בקלפי
כרמיאל,1139,51.2,550,400,72.72727272727273,אחוז הצבעה בקלפי
כרמיאל,1139,51.3,550,391,71.0909090909091,אחוז הצבעה בקלפי
כרמיאל,1139,51.4,547,397,72.57769652650823,אחוז הצבעה בקלפי
כרמיאל,1139,52.0,562,381,67.79359430604983,אחוז הצבעה בקלפי
כרמיאל,1139,54.1,493,326,66.12576064908721,אחוז הצבעה בקלפי
כרמיאל,1139,54.2,493,339,68.76267748478702,אחוז הצבעה בקלפי
כרמיאל,1139,54.3,492,348,70.73170731707317,אחוז הצבעה בקלפי
כרמיאל,1139,55.0,674,154,22.8486646884273,אחוז הצבעה בקלפי
כרמיאל,1139,57.0,653,450,68.91271056661562,אחוז הצבעה בקלפי
כרמיאל,1139,59.0,669,407,60.837070254110614,אחוז הצבעה בקלפי
כרמיאל,1139,61.1,540,297,55.00000000000001,אחוז הצבעה בקלפי
כרמיאל,1139,61.2,540,331,61.29629629629629,אחוז הצבעה בקלפי
כרמיאל,1139,61.3,540,299,55.37037037037037,אחוז הצבעה בקלפי
כרמיאל,1139,61.4,537,303,56.424581005586596,אחוז הצבעה בקלפי
כרמיאל,1139,63.0,668,428,64.07185628742515,אחוז הצבעה בקלפי
כרמיאל,1139,64.0,529,342,64.65028355387523,אחוז הצבעה בקלפי
כרמיאל,1139,65.0,670,491,73.28358208955224,אחוז הצבעה בקלפי
כרמיאל,1139,68.1,601,424,70.54908485856906,אחוז הצבעה בקלפי
כרמיאל,1139,68.2,601,436,72.54575707154743,אחוז הצבעה בקלפי
כרמיאל,1139,68.3,601,392,65.22462562396007,אחוז הצבעה בקלפי
כרמיאל,1139,68.4,601,394,65.55740432612312,אחוז הצבעה בקלפי
כרמיאל,1139,68.5,601,390,64.891846921797,אחוז הצבעה בקלפי
כרמיאל,1139,68.6,601,388,64.55906821963394,אחוז הצבעה בקלפי
כרמיאל,1139,68.7,600,401,66.83333333333333,אחוז הצבעה בקלפי
כרמיאל,1139,69.1,388,259,66.75257731958763,אחוז הצבעה בקלפי
כרמיאל,1139,69.2,355,229,64.50704225352113,אחוז הצבעה בקלפי
כרמיה,768,1.0,461,340,73.7527114967462,אחוז הצבעה בקלפי
כרמים,1198,1.0,234,180,76.92307692307693,אחוז הצבעה בקלפי
כרמל,3656,1.0,288,215,74.65277777777779,אחוז הצבעה בקלפי
לבון,1207,1.0,550,396,72.0,אחוז הצבעה בקלפי
לביא,585,1.0,523,355,67.87762906309752,אחוז הצבעה בקלפי
לבנים,1230,1.0,353,247,69.97167138810198,אחוז הצבעה בקלפי
להב,2023,1.0,545,380,69.72477064220183,אחוז הצבעה בקלפי
להבות הבשן,380,1.1,358,230,64.24581005586593,אחוז הצבעה בקלפי
להבות הבשן,380,1.2,358,235,65.64245810055866,אחוז הצבעה בקלפי
להבות חביבה,715,1.0,653,494,75.65084226646248,אחוז הצבעה בקלפי
להבים,1271,1.0,691,500,72.3589001447178,אחוז הצבעה בקלפי
להבים,1271,3.0,504,353,70.03968253968253,אחוז הצבעה בקלפי
להבים,1271,5.0,675,472,69.92592592592592,אחוז הצבעה בקלפי
להבים,1271,6.0,671,496,73.91952309985098,אחוז הצבעה בקלפי
להבים,1271,8.1,599,398,66.4440734557596,אחוז הצבעה בקלפי
להבים,1271,8.2,599,414,69.1151919866444,אחוז הצבעה בקלפי
להבים,1271,8.3,599,421,70.2838063439065,אחוז הצבעה בקלפי
להבים,1271,8.4,598,422,70.5685618729097,אחוז הצבעה בקלפי
להבים,1271,9.0,582,430,73.8831615120275,אחוז הצבעה בקלפי
לוד,7000,2.1,498,268,53.81526104417671,אחוז הצבעה בקלפי
לוד,7000,2.2,498,221,44.377510040160644,אחוז הצבעה בקלפי
לוד,7000,2.3,498,257,51.606425702811244,אחוז הצבעה בקלפי
לוד,7000,5.0,666,394,59.15915915915916,אחוז הצבעה בקלפי
לוד,7000,8.0,502,316,62.94820717131474,אחוז הצבעה בקלפי
לוד,7000,9.1,535,314,58.69158878504673,אחוז הצבעה בקלפי
לוד,7000,9.2,535,370,69.1588785046729,אחוז הצבעה בקלפי
לוד,7000,9.3,535,354,66.16822429906543,אחוז הצבעה בקלפי
לוד,7000,9.4,535,343,64.11214953271028,אחוז הצבעה בקלפי
לוד,7000,11.0,381,238,62.46719160104986,אחוז הצבעה בקלפי
לוד,7000,12.0,566,254,44.87632508833922,אחוז הצבעה בקלפי
לוד,7000,14.0,543,273,50.27624309392266,אחוז הצבעה בקלפי
לוד,7000,17.0,532,365,68.60902255639097,אחוז הצבעה בקלפי
לוד,7000,18.1,598,301,50.33444816053512,אחוז הצבעה בקלפי
לוד,7000,18.2,598,307,51.33779264214047,אחוז הצבעה בקלפי
לוד,7000,18.3,598,309,51.67224080267558,אחוז הצבעה בקלפי
לוד,7000,18.4,598,321,53.67892976588629,אחוז הצבעה בקלפי
לוד,7000,18.5,598,287,47.9933110367893,אחוז הצבעה בקלפי
לוד,7000,18.6,597,287,48.073701842546065,אחוז הצבעה בקלפי
לוד,7000,19.1,532,288,54.13533834586466,אחוז הצבעה בקלפי
לוד,7000,19.2,532,280,52.63157894736842,אחוז הצבעה בקלפי
לוד,7000,19.3,532,293,55.07518796992481,אחוז הצבעה בקלפי
לוד,7000,19.4,530,261,49.24528301886792,אחוז הצבעה בקלפי
לוד,7000,24.0,491,290,59.063136456211815,אחוז הצבעה בקלפי
לוד,7000,28.0,455,264,58.02197802197803,אחוז הצבעה בקלפי
לוד,7000,30.1,651,443,68.04915514592935,אחוז הצבעה בקלפי
לוד,7000,30.2,651,420,64.51612903225806,אחוז הצבעה בקלפי
לוד,7000,30.3,651,423,64.97695852534562,אחוז הצבעה בקלפי
לוד,7000,30.4,651,421,64.66973886328725,אחוז הצבעה בקלפי
לוד,7000,34.0,539,299,55.473098330241186,אחוז הצבעה בקלפי
לוד,7000,35.0,377,264,70.026525198939,אחוז הצבעה בקלפי
לוד,7000,36.0,631,309,48.96988906497623,אחוז הצבעה בקלפי
לוד,7000,37.1,638,399,62.539184952978054,אחוז הצבעה בקלפי
לוד,7000,37.2,638,411,64.42006269592476,אחוז הצבעה בקלפי
לוד,7000,37.3,636,347,54.55974842767296,אחוז הצבעה בקלפי
לוד,7000,38.1,522,337,64.55938697318008,אחוז הצבעה בקלפי
לוד,7000,38.2,522,318,60.91954022988506,אחוז הצבעה בקלפי
לוד,7000,38.3,520,304,58.46153846153847,אחוז הצבעה בקלפי
לוד,7000,39.0,488,239,48.97540983606557,אחוז הצבעה בקלפי
לוד,7000,40.0,570,312,54.736842105263165,אחוז הצבעה בקלפי
לוד,7000,43.0,569,365,64.14762741652021,אחוז הצבעה בקלפי
לוד,7000,45.0,457,307,67.17724288840262,אחוז הצבעה בקלפי
לוד,7000,46.0,402,232,57.711442786069654,אחוז הצבעה בקלפי
לוד,7000,47.0,448,336,75.0,אחוז הצבעה בקלפי
לוד,7000,49.0,594,447,75.25252525252525,אחוז הצבעה בקלפי
לוד,7000,50.0,539,363,67.3469387755102,אחוז הצבעה בקלפי
לוד,7000,52.0,556,388,69.7841726618705,אחוז הצבעה בקלפי
לוד,7000,53.0,618,362,58.57605177993528,אחוז הצבעה בקלפי
לוד,7000,54.0,563,358,63.58792184724689,אחוז הצבעה בקלפי
לוד,7000,55.0,484,356,73.55371900826447,אחוז הצבעה בקלפי
לוד,7000,56.0,466,267,57.2961373390558,אחוז הצבעה בקלפי
לוד,7000,57.1,599,391,65.27545909849749,אחוז הצבעה בקלפי
לוד,7000,57.2,599,367,61.26878130217028,אחוז הצבעה בקלפי
לוד,7000,57.3,598,361,60.367892976588635,אחוז הצבעה בקלפי
לוד,7000,58.1,647,375,57.95981452859351,אחוז הצבעה בקלפי
לוד,7000,58.2,647,401,61.97836166924265,אחוז הצבעה בקלפי
לוד,7000,58.3,647,358,55.332302936630605,אחוז הצבעה בקלפי
לוד,7000,59.0,458,262,57.20524017467249,אחוז הצבעה בקלפי
לוד,7000,62.0,565,319,56.46017699115045,אחוז הצבעה בקלפי
לוד,7000,63.0,527,266,50.47438330170778,אחוז הצבעה בקלפי
לוד,7000,65.0,542,248,45.75645756457565,אחוז הצבעה בקלפי
לוד,7000,66.0,603,318,52.736318407960205,אחוז הצבעה בקלפי
לוד,7000,67.0,667,364,54.5727136431784,אחוז הצבעה בקלפי
לוד,7000,68.1,510,377,73.92156862745098,אחוז הצבעה בקלפי
לוד,7000,68.2,510,376,73.72549019607844,אחוז הצבעה בקלפי
לוד,7000,68.3,510,413,80.98039215686275,אחוז הצבעה בקלפי
לוד,7000,68.4,507,373,73.57001972386587,אחוז הצבעה בקלפי
לוד,7000,69.0,479,283,59.081419624217126,אחוז הצבעה בקלפי
לוד,7000,71.1,639,340,53.20813771517997,אחוז הצבעה בקלפי
לוד,7000,71.2,639,341,53.36463223787168,אחוז הצבעה בקלפי
לוד,7000,71.3,639,351,54.929577464788736,אחוז הצבעה בקלפי
לוד,7000,71.4,639,299,46.79186228482003,אחוז הצבעה בקלפי
לוד,7000,71.5,635,308,48.503937007874015,אחוז הצבעה בקלפי
לוד,7000,82.1,617,355,57.53646677471637,אחוז הצבעה בקלפי
לוד,7000,82.2,617,348,56.401944894651535,אחוז הצבעה בקלפי
לוד,7000,82.3,617,354,57.37439222042139,אחוז הצבעה בקלפי
לוד,7000,82.4,617,329,53.322528363047006,אחוז הצבעה בקלפי
לוד,7000,82.5,615,348,56.58536585365853,אחוז הצבעה בקלפי
לוד,7000,84.1,621,368,59.25925925925925,אחוז הצבעה בקלפי
לוד,7000,84.2,621,367,59.09822866344605,אחוז הצבעה בקלפי
לוד,7000,84.3,621,338,54.428341384863124,אחוז הצבעה בקלפי
לוד,7000,84.4,621,358,57.648953301127214,אחוז הצבעה בקלפי
לוד,7000,84.5,621,342,55.072463768115945,אחוז הצבעה בקלפי
לוד,7000,85.0,488,265,54.30327868852459,אחוז הצבעה בקלפי
לוד,7000,86.1,674,455,67.50741839762611,אחוז הצבעה בקלפי
לוד,7000,86.2,674,500,74.1839762611276,אחוז הצבעה בקלפי
לוד,7000,86.3,674,502,74.4807121661721,אחוז הצבעה בקלפי
לוד,7000,86.4,674,462,68.5459940652819,אחוז הצבעה בקלפי
לוד,7000,86.5,672,437,65.02976190476191,אחוז הצבעה בקלפי
לוד,7000,88.0,487,261,53.59342915811089,אחוז הצבעה בקלפי
לוד,7000,91.0,393,182,46.31043256997455,אחוז הצבעה בקלפי
לוד,7000,96.0,641,323,50.390015600624025,אחוז הצבעה בקלפי
לוד,7000,98.1,558,501,89.78494623655914,אחוז הצבעה בקלפי
לוד,7000,98.2,558,478,85.66308243727599,אחוז הצבעה בקלפי
לוד,7000,98.3,557,474,85.09874326750449,אחוז הצבעה בקלפי
לוד,7000,952.1,614,533,86.80781758957656,אחוז הצבעה בקלפי
לוד,7000,952.2,614,535,87.13355048859935,אחוז הצבעה בקלפי
לוד,7000,952.3,612,537,87.74509803921569,אחוז הצבעה בקלפי
לוד,7000,990.1,628,344,54.77707006369427,אחוז הצבעה בקלפי
לוד,7000,990.2,628,376,59.87261146496815,אחוז הצבעה בקלפי
לוד,7000,990.3,628,372,59.23566878980891,אחוז הצבעה בקלפי
לוד,7000,990.4,628,381,60.668789808917204,אחוז הצבעה בקלפי
לוד,7000,990.5,628,337,53.66242038216561,אחוז הצבעה בקלפי
לוזית,52,1.0,507,396,78.10650887573965,אחוז הצבעה בקלפי
לוחמי הגיטאות,595,1.0,597,458,76.71691792294807,אחוז הצבעה בקלפי
לוטם,1171,1.0,533,363,68.10506566604127,אחוז הצבעה בקלפי
לוטן,1255,1.0,179,96,53.63128491620112,אחוז הצבעה בקלפי
לימן,674,1.0,570,388,68.0701754385965,אחוז הצבעה בקלפי
לכיש,24,1.0,631,488,77.33755942947703,אחוז הצבעה בקלפי
לפיד,1310,1.0,548,405,73.90510948905109,אחוז הצבעה בקלפי
לפיד,1310,2.0,556,422,75.89928057553958,אחוז הצבעה בקלפי
לפיד,1310,3.0,669,497,74.2899850523169,אחוז הצבעה בקלפי
לפידות,1173,1.0,118,92,77.96610169491525,אחוז הצבעה בקלפי
לקיה,1060,2.0,678,343,50.58997050147492,אחוז הצבעה בקלפי
לקיה,1060,4.0,665,326,49.02255639097744,אחוז הצבעה בקלפי
לקיה,1060,6.1,687,334,48.617176128093156,אחוז הצבעה בקלפי
לקיה,1060,6.2,687,454,66.0844250363901,אחוז הצבעה בקלפי
לקיה,1060,6.3,687,409,59.53420669577875,אחוז הצבעה בקלפי
לקיה,1060,6.4,687,304,44.25036390101892,אחוז הצבעה בקלפי
לקיה,1060,6.5,685,333,48.613138686131386,אחוז הצבעה בקלפי
לקיה,1060,7.1,607,254,41.84514003294893,אחוז הצבעה בקלפי
לקיה,1060,7.2,607,253,41.680395387149915,אחוז הצבעה בקלפי
לקיה,1060,7.3,607,273,44.97528830313015,אחוז הצבעה בקלפי
לקיה,1060,10.1,470,213,45.31914893617021,אחוז הצבעה בקלפי
לקיה,1060,10.2,470,171,36.38297872340426,אחוז הצבעה בקלפי
לקיה,1060,10.3,468,185,39.52991452991453,אחוז הצבעה בקלפי
לקיה,1060,12.0,666,263,39.489489489489486,אחוז הצבעה בקלפי
מאור,2055,1.0,492,374,76.01626016260163,אחוז הצבעה בקלפי
מאור,2055,2.0,480,361,75.20833333333333,אחוז הצבעה בקלפי
מאיר שפיה,102,1.0,128,55,42.96875,אחוז הצבעה בקלפי
מבוא ביתר,771,1.0,675,491,72.74074074074073,אחוז הצבעה בקלפי
מבוא דותן,3569,1.0,331,242,73.1117824773414,אחוז הצבעה בקלפי
מבוא חורון,3709,1.0,676,585,86.53846153846155,אחוז הצבעה בקלפי
מבוא חורון,3709,2.0,592,498,84.12162162162163,אחוז הצבעה בקלפי
מבוא חמה,4204,1.0,409,268,65.52567237163814,אחוז הצבעה בקלפי
מבוא מודיעים,1141,1.0,176,103,58.52272727272727,אחוז הצבעה בקלפי
מבועים,1080,2.1,471,333,70.70063694267516,אחוז הצבעה בקלפי
מבועים,1080,2.2,471,354,75.15923566878982,אחוז הצבעה בקלפי
מבטחים,829,1.0,399,267,66.9172932330827,אחוז הצבעה בקלפי
מבקיעים,573,1.0,390,296,75.8974358974359,אחוז הצבעה בקלפי
מבשרת ציון,1015,5.0,657,484,73.66818873668188,אחוז הצבעה בקלפי
מבשרת ציון,1015,6.0,685,473,69.05109489051094,אחוז הצבעה בקלפי
מבשרת ציון,1015,9.1,568,402,70.77464788732394,אחוז הצבעה בקלפי
מבשרת ציון,1015,9.2,568,404,71.12676056338029,אחוז הצבעה בקלפי
מבשרת ציון,1015,9.3,568,420,73.94366197183099,אחוז הצבעה בקלפי
מבשרת ציון,1015,9.4,568,430,75.70422535211267,אחוז הצבעה בקלפי
מבשרת ציון,1015,9.5,564,412,73.04964539007092,אחוז הצבעה בקלפי
מבשרת ציון,1015,13.1,615,443,72.03252032520325,אחוז הצבעה בקלפי
מבשרת ציון,1015,13.2,615,452,73.4959349593496,אחוז הצבעה בקלפי
מבשרת ציון,1015,13.3,615,450,73.17073170731707,אחוז הצבעה בקלפי
מבשרת ציון,1015,13.4,612,413,67.48366013071896,אחוז הצבעה בקלפי
מבשרת ציון,1015,14.0,678,481,70.94395280235987,אחוז הצבעה בקלפי
מבשרת ציון,1015,15.1,546,344,63.003663003663,אחוז הצבעה בקלפי
מבשרת ציון,1015,15.2,546,322,58.97435897435898,אחוז הצבעה בקלפי
מבשרת ציון,1015,15.3,546,347,63.55311355311355,אחוז הצבעה בקלפי
מבשרת ציון,1015,15.4,543,335,61.69429097605893,אחוז הצבעה בקלפי
מבשרת ציון,1015,16.0,537,385,71.69459962756052,אחוז הצבעה בקלפי
מבשרת ציון,1015,18.1,654,471,72.01834862385321,אחוז הצבעה בקלפי
מבשרת ציון,1015,18.2,654,489,74.77064220183486,אחוז הצבעה בקלפי
מבשרת ציון,1015,18.3,654,473,72.32415902140673,אחוז הצבעה בקלפי
מבשרת ציון,1015,18.4,654,454,69.41896024464832,אחוז הצבעה בקלפי
מבשרת ציון,1015,18.5,652,466,71.47239263803681,אחוז הצבעה בקלפי
מבשרת ציון,1015,21.0,567,427,75.30864197530865,אחוז הצבעה בקלפי
מבשרת ציון,1015,22.0,686,537,78.2798833819242,אחוז הצבעה בקלפי
מבשרת ציון,1015,24.0,625,423,67.67999999999999,אחוז הצבעה בקלפי
מבשרת ציון,1015,27.1,696,518,74.42528735632183,אחוז הצבעה בקלפי
מבשרת ציון,1015,27.2,696,524,75.28735632183908,אחוז הצבעה בקלפי
מבשרת ציון,1015,28.0,490,362,73.87755102040816,אחוז הצבעה בקלפי
מבשרת ציון,1015,29.0,571,452,79.15936952714536,אחוז הצבעה בקלפי
מבשרת ציון,1015,30.1,532,346,65.0375939849624,אחוז הצבעה בקלפי
מבשרת ציון,1015,30.2,532,360,67.66917293233082,אחוז הצבעה בקלפי
מבשרת ציון,1015,30.3,532,406,76.31578947368422,אחוז הצבעה בקלפי
מבשרת ציון,1015,30.4,529,386,72.96786389413988,אחוז הצבעה בקלפי
מגד אלכרום,516,3.0,671,474,70.6408345752608,אחוז הצבעה בקלפי
מגד אלכרום,516,5.0,662,480,72.50755287009063,אחוז הצבעה בקלפי
מגד אלכרום,516,6.0,695,453,65.17985611510791,אחוז הצבעה בקלפי
מגד אלכרום,516,7.1,692,508,73.41040462427746,אחוז הצבעה בקלפי
מגד אלכרום,516,7.2,692,430,62.138728323699425,אחוז הצבעה בקלפי
מגד אלכרום,516,7.3,692,481,69.50867052023122,אחוז הצבעה בקלפי
מגד אלכרום,516,7.4,689,422,61.24818577648766,אחוז הצבעה בקלפי
מגד אלכרום,516,13.1,528,350,66.28787878787878,אחוז הצבעה בקלפי
מגד אלכרום,516,13.2,528,304,57.57575757575758,אחוז הצבעה בקלפי
מגד אלכרום,516,13.3,528,324,61.36363636363637,אחוז הצבעה בקלפי
מגד אלכרום,516,13.4,528,377,71.40151515151516,אחוז הצבעה בקלפי
מגד אלכרום,516,15.1,688,439,63.80813953488372,אחוז הצבעה בקלפי
מגד אלכרום,516,15.2,688,459,66.71511627906976,אחוז הצבעה בקלפי
מגד אלכרום,516,15.3,688,470,68.31395348837209,אחוז הצבעה בקלפי
מגד אלכרום,516,15.4,688,467,67.87790697674419,אחוז הצבעה בקלפי
מגד אלכרום,516,15.5,686,440,64.1399416909621,אחוז הצבעה בקלפי
מגד אלכרום,516,16.0,674,469,69.58456973293768,אחוז הצבעה בקלפי
מגדל שמס,4201,1.0,649,151,23.26656394453005,אחוז הצבעה בקלפי
מגדל שמס,4201,2.0,689,162,23.51233671988389,אחוז הצבעה בקלפי
מגאר,481,4.1,469,181,38.59275053304904,אחוז הצבעה בקלפי
מגאר,481,4.2,469,174,37.10021321961621,אחוז הצבעה בקלפי
מגאר,481,4.3,467,155,33.190578158458244,אחוז הצבעה בקלפי
מגאר,481,8.1,505,250,49.504950495049506,אחוז הצבעה בקלפי
מגאר,481,8.2,505,286,56.63366336633663,אחוז הצבעה בקלפי
מגאר,481,8.3,503,233,46.3220675944334,אחוז הצבעה בקלפי
מגאר,481,9.1,494,203,41.093117408906885,אחוז הצבעה בקלפי
מגאר,481,9.2,494,213,43.117408906882595,אחוז הצבעה בקלפי
מגאר,481,9.3,493,203,41.17647058823529,אחוז הצבעה בקלפי
מגאר,481,10.0,670,305,45.52238805970149,אחוז הצבעה בקלפי
מגאר,481,11.0,591,240,40.609137055837564,אחוז הצבעה בקלפי
מגאר,481,12.1,645,320,49.6124031007752,אחוז הצבעה בקלפי
מגאר,481,12.2,645,300,46.51162790697674,אחוז הצבעה בקלפי
מגאר,481,15.1,523,241,46.08030592734226,אחוז הצבעה בקלפי
מגאר,481,15.2,523,233,44.55066921606118,אחוז הצבעה בקלפי
מגאר,481,15.3,522,246,47.12643678160919,אחוז הצבעה בקלפי
מגאר,481,19.1,502,241,48.007968127490045,אחוז הצבעה בקלפי
מגאר,481,19.2,502,226,45.0199203187251,אחוז הצבעה בקלפי
מגאר,481,19.3,501,320,63.87225548902195,אחוז הצבעה בקלפי
מגאר,481,20.1,507,215,42.40631163708087,אחוז הצבעה בקלפי
מגאר,481,20.2,507,198,39.053254437869825,אחוז הצבעה בקלפי
מגאר,481,20.3,505,262,51.881188118811885,אחוז הצבעה בקלפי
מגאר,481,22.1,561,242,43.13725490196079,אחוז הצבעה בקלפי
מגאר,481,22.2,561,248,44.20677361853833,אחוז הצבעה בקלפי
מגאר,481,22.3,561,131,23.351158645276293,אחוז הצבעה בקלפי
מגאר,481,22.4,559,237,42.39713774597496,אחוז הצבעה בקלפי
מגאר,481,23.0,543,212,39.042357274401475,אחוז הצבעה בקלפי
מגאר,481,24.1,671,303,45.156482861400896,אחוז הצבעה בקלפי
מגאר,481,24.2,671,291,43.36810730253353,אחוז הצבעה בקלפי
מגאר,481,24.3,671,296,44.113263785394935,אחוז הצבעה בקלפי
מגאר,481,24.4,668,284,42.51497005988024,אחוז הצבעה בקלפי
מגדים,689,1.0,420,317,75.47619047619048,אחוז הצבעה בקלפי
מגדים,689,2.0,422,317,75.11848341232228,אחוז הצבעה בקלפי
מגדל,65,2.1,490,349,71.22448979591837,אחוז הצבעה בקלפי
מגדל,65,2.2,490,315,64.28571428571429,אחוז הצבעה בקלפי
מגדל,65,2.3,489,314,64.21267893660531,אחוז הצבעה בקלפי
מגדל העמק,874,3.1,699,457,65.379113018598,אחוז הצבעה בקלפי
מגדל העמק,874,3.2,699,419,59.94277539341917,אחוז הצבעה בקלפי
מגדל העמק,874,5.0,515,287,55.72815533980583,אחוז הצבעה בקלפי
מגדל העמק,874,6.0,479,252,52.609603340292274,אחוז הצבעה בקלפי
מגדל העמק,874,8.1,373,227,60.85790884718498,אחוז הצבעה בקלפי
מגדל העמק,874,8.2,372,240,64.51612903225806,אחוז הצבעה בקלפי
מגדל העמק,874,9.0,411,260,63.26034063260341,אחוז הצבעה בקלפי
מגדל העמק,874,10.0,508,286,56.2992125984252,אחוז הצבעה בקלפי
מגדל העמק,874,11.0,531,298,56.12052730696798,אחוז הצבעה בקלפי
מגדל העמק,874,12.0,519,290,55.8766859344894,אחוז הצבעה בקלפי
מגדל העמק,874,13.1,675,345,51.11111111111111,אחוז הצבעה בקלפי
מגדל העמק,874,13.2,675,331,49.03703703703704,אחוז הצבעה בקלפי
מגדל העמק,874,14.1,613,377,61.50081566068516,אחוז הצבעה בקלפי
מגדל העמק,874,14.2,613,378,61.66394779771615,אחוז הצבעה בקלפי
מגדל העמק,874,14.3,613,373,60.848287112561174,אחוז הצבעה בקלפי
מגדל העמק,874,16.1,619,457,73.82875605815832,אחוז הצבעה בקלפי
מגדל העמק,874,16.2,619,463,74.79806138933765,אחוז הצבעה בקלפי
מגדל העמק,874,17.0,485,307,63.298969072164944,אחוז הצבעה בקלפי
מגדל העמק,874,18.0,548,360,65.69343065693431,אחוז הצבעה בקלפי
מגדל העמק,874,21.1,637,353,55.416012558869696,אחוז הצבעה בקלפי
מגדל העמק,874,21.2,637,359,56.35792778649922,אחוז הצבעה בקלפי
מגדל העמק,874,23.0,554,241,43.501805054151625,אחוז הצבעה בקלפי
מגדל העמק,874,29.0,512,402,78.515625,אחוז הצבעה בקלפי
מגדל העמק,874,30.0,686,460,67.05539358600583,אחוז הצבעה בקלפי
מגדל העמק,874,31.0,510,355,69.6078431372549,אחוז הצבעה בקלפי
מגדל העמק,874,32.0,556,386,69.42446043165468,אחוז הצבעה בקלפי
מגדל העמק,874,33.0,637,431,67.66091051805337,אחוז הצבעה בקלפי
מגדל העמק,874,34.1,590,404,68.47457627118644,אחוז הצבעה בקלפי
מגדל העמק,874,34.2,590,395,66.94915254237289,אחוז הצבעה בקלפי
מגדל העמק,874,34.3,588,397,67.51700680272108,אחוז הצבעה בקלפי
מגדל העמק,874,35.0,568,394,69.36619718309859,אחוז הצבעה בקלפי
מגדל העמק,874,36.0,612,456,74.50980392156863,אחוז הצבעה בקלפי
מגדל העמק,874,38.0,601,419,69.7171381031614,אחוז הצבעה בקלפי
מגדל העמק,874,40.0,679,539,79.38144329896907,אחוז הצבעה בקלפי
מגדל העמק,874,41.0,422,242,57.345971563981045,אחוז הצבעה בקלפי
מגדל העמק,874,42.0,673,482,71.61961367013373,אחוז הצבעה בקלפי
מגדל העמק,874,43.0,616,396,64.28571428571429,אחוז הצבעה בקלפי
מגדל העמק,874,44.1,399,289,72.4310776942356,אחוז הצבעה בקלפי
מגדל העמק,874,44.2,398,287,72.11055276381909,אחוז הצבעה בקלפי
מגדל עוז,3561,1.0,266,167,62.78195488721805,אחוז הצבעה בקלפי
מגדלים,3751,1.0,297,226,76.0942760942761,אחוז הצבעה בקלפי
מגידו,586,1.0,682,504,73.90029325513197,אחוז הצבעה בקלפי
מגל,375,1.0,458,353,77.07423580786026,אחוז הצבעה בקלפי
מגל,375,2.0,426,332,77.93427230046949,אחוז הצבעה בקלפי
מגן,695,1.0,468,315,67.3076923076923,אחוז הצבעה בקלפי
מגן שאול,1155,1.0,413,329,79.66101694915254,אחוז הצבעה בקלפי
מגשימים,722,1.0,686,519,75.65597667638484,אחוז הצבעה בקלפי
מדרך עוז,2029,1.0,574,409,71.25435540069687,אחוז הצבעה בקלפי
מדרשת בן גוריון,1140,1.0,524,346,66.03053435114504,אחוז הצבעה בקלפי
מדרשת בן גוריון,1140,2.0,623,425,68.21829855537722,אחוז הצבעה בקלפי
מודיעין עילית,3797,2.1,647,518,80.06182380216383,אחוז הצבעה בקלפי
מודיעין עילית,3797,2.2,647,504,77.89799072642968,אחוז הצבעה בקלפי
מודיעין עילית,3797,2.3,647,491,75.8887171561051,אחוז הצבעה בקלפי
מודיעין עילית,3797,2.4,645,516,80.0,אחוז הצבעה בקלפי
מודיעין עילית,3797,3.0,666,528,79.27927927927928,אחוז הצבעה בקלפי
מודיעין עילית,3797,8.0,688,571,82.99418604651163,אחוז הצבעה בקלפי
מודיעין עילית,3797,11.0,602,497,82.55813953488372,אחוז הצבעה בקלפי
מודיעין עילית,3797,12.0,692,575,83.09248554913295,אחוז הצבעה בקלפי
מודיעין עילית,3797,15.1,360,298,82.77777777777777,אחוז הצבעה בקלפי
מודיעין עילית,3797,15.2,360,306,85.0,אחוז הצבעה בקלפי
מודיעין עילית,3797,16.0,630,538,85.39682539682539,אחוז הצבעה בקלפי
מודיעין עילית,3797,17.0,574,439,76.4808362369338,אחוז הצבעה בקלפי
מודיעין עילית,3797,18.0,688,564,81.97674418604652,אחוז הצבעה בקלפי
מודיעין עילית,3797,19.0,587,515,87.73424190800682,אחוז הצבעה בקלפי
מודיעין עילית,3797,20.0,670,540,80.59701492537313,אחוז הצבעה בקלפי
מודיעין עילית,3797,24.0,541,454,83.91866913123845,אחוז הצבעה בקלפי
מודיעין עילית,3797,26.0,559,441,78.89087656529516,אחוז הצבעה בקלפי
מודיעין עילית,3797,28.0,650,540,83.07692307692308,אחוז הצבעה בקלפי
מודיעין עילית,3797,29.0,659,574,87.10166919575114,אחוז הצבעה בקלפי
מודיעין עילית,3797,30.0,678,592,87.31563421828909,אחוז הצבעה בקלפי
מודיעין עילית,3797,31.0,574,438,76.30662020905923,אחוז הצבעה בקלפי
מודיעין עילית,3797,32.0,636,553,86.9496855345912,אחוז הצבעה בקלפי
מודיעין עילית,3797,33.1,679,537,79.08689248895435,אחוז הצבעה בקלפי
מודיעין עילית,3797,33.2,679,546,80.41237113402062,אחוז הצבעה בקלפי
מודיעין עילית,3797,33.3,679,552,81.2960235640648,אחוז הצבעה בקלפי
מודיעין עילית,3797,33.4,679,563,82.9160530191458,אחוז הצבעה בקלפי
מודיעין עילית,3797,33.5,679,540,79.52871870397644,אחוז הצבעה בקלפי
מודיעין עילית,3797,33.6,679,499,73.49042709867453,אחוז הצבעה בקלפי
מודיעין עילית,3797,34.0,689,546,79.24528301886792,אחוז הצבעה בקלפי
מודיעין עילית,3797,36.0,692,576,83.23699421965318,אחוז הצבעה בקלפי
מודיעין עילית,3797,37.0,684,547,79.97076023391813,אחוז הצבעה בקלפי
מודיעין עילית,3797,38.0,563,487,86.50088809946715,אחוז הצבעה בקלפי
מודיעין עילית,3797,39.0,600,502,83.66666666666667,אחוז הצבעה בקלפי
מודיעין עילית,3797,40.0,600,503,83.83333333333334,אחוז הצבעה בקלפי
מודיעין עילית,3797,41.1,689,539,78.22931785195935,אחוז הצבעה בקלפי
מודיעין עילית,3797,41.2,689,561,81.42235123367199,אחוז הצבעה בקלפי
מודיעין עילית,3797,42.0,564,442,78.36879432624113,אחוז הצבעה בקלפי
מודיעין עילית,3797,43.0,632,516,81.64556962025317,אחוז הצבעה בקלפי
מודיעין עילית,3797,46.0,666,568,85.28528528528528,אחוז הצבעה בקלפי
מודיעין עילית,3797,47.0,565,490,86.72566371681415,אחוז הצבעה בקלפי
מודיעין עילית,3797,48.0,604,483,79.96688741721854,אחוז הצבעה בקלפי
מודיעין עילית,3797,50.0,609,525,86.20689655172413,אחוז הצבעה בקלפי
מודיעין עילית,3797,51.0,555,446,80.36036036036036,אחוז הצבעה בקלפי
מודיעין עילית,3797,52.0,577,451,78.16291161178509,אחוז הצבעה בקלפי
מודיעין עילית,3797,53.1,600,513,85.5,אחוז הצבעה בקלפי
מודיעין עילית,3797,53.2,600,511,85.16666666666667,אחוז הצבעה בקלפי
מודיעין עילית,3797,53.3,600,483,80.5,אחוז הצבעה בקלפי
מודיעין עילית,3797,53.4,600,532,88.66666666666667,אחוז הצבעה בקלפי
מודיעין עילית,3797,53.5,600,524,87.33333333333333,אחוז הצבעה בקלפי
מודיעין עילית,3797,53.6,596,515,86.40939597315436,אחוז הצבעה בקלפי
מודיעין עילית,3797,54.0,520,405,77.88461538461539,אחוז הצבעה בקלפי
מודיעין עילית,3797,55.1,683,568,83.16251830161055,אחוז הצבעה בקלפי
מודיעין עילית,3797,55.2,682,554,81.23167155425219,אחוז הצבעה בקלפי
מודיעיןמכביםרעות,1200,11.1,583,418,71.69811320754717,אחוז הצבעה בקלפי
מודיעיןמכביםרעות,1200,11.2,583,417,71.52658662092625,אחוז הצבעה בקלפי
מודיעיןמכביםרעות,1200,11.3,583,408,69.9828473413379,אחוז הצבעה בקלפי
מודיעיןמכביםרעות,1200,12.1,566,363,64.13427561837456,אחוז הצבעה בקלפי
מודיעיןמכביםרעות,1200,12.2,566,376,66.43109540636041,אחוז הצבעה בקלפי
מודיעיןמכביםרעות,1200,12.3,566,378,66.78445229681978,אחוז הצבעה בקלפי
מודיעיןמכביםרעות,1200,12.4,566,385,68.02120141342756,אחוז הצבעה בקלפי
מודיעיןמכביםרעות,1200,12.5,562,363,64.59074733096085,אחוז הצבעה בקלפי
מודיעיןמכביםרעות,1200,16.0,690,495,71.73913043478261,אחוז הצבעה בקלפי
מודיעיןמכביםרעות,1200,18.0,697,483,69.29698708751793,אחוז הצבעה בקלפי
מודיעיןמכביםרעות,1200,21.1,638,474,74.29467084639498,אחוז הצבעה בקלפי
מודיעיןמכביםרעות,1200,21.2,638,479,75.07836990595611,אחוז הצבעה בקלפי
מודיעיןמכביםרעות,1200,21.3,638,491,76.95924764890282,אחוז הצבעה בקלפי
מודיעיןמכביםרעות,1200,21.4,638,510,79.9373040752351,אחוז הצבעה בקלפי
מודיעיןמכביםרעות,1200,21.5,636,466,73.27044025157232,אחוז הצבעה בקלפי
מודיעיןמכביםרעות,1200,25.1,493,363,73.63083164300203,אחוז הצבעה בקלפי
מודיעיןמכביםרעות,1200,25.2,493,362,73.42799188640974,אחוז הצבעה בקלפי
מודיעיןמכביםרעות,1200,25.3,491,360,73.31975560081466,אחוז הצבעה בקלפי
מודיעיןמכביםרעות,1200,30.1,593,404,68.12816188870153,אחוז הצבעה בקלפי
מודיעיןמכביםרעות,1200,30.2,593,414,69.81450252951096,אחוז הצבעה בקלפי
מודיעיןמכביםרעות,1200,30.3,593,417,70.32040472175379,אחוז הצבעה בקלפי
מודיעיןמכביםרעות,1200,30.4,593,409,68.97133220910624,אחוז הצבעה בקלפי
מודיעיןמכביםרעות,1200,30.5,589,412,69.94906621392191,אחוז הצבעה בקלפי
מודיעיןמכביםרעות,1200,32.1,693,514,74.17027417027417,אחוז הצבעה בקלפי
מודיעיןמכביםרעות,1200,32.2,693,482,69.55266955266956,אחוז הצבעה בקלפי
מודיעיןמכביםרעות,1200,32.3,691,470,68.01736613603472,אחוז הצבעה בקלפי
מודיעיןמכביםרעות,1200,34.1,593,406,68.46543001686341,אחוז הצבעה בקלפי
מודיעיןמכביםרעות,1200,34.2,593,412,69.47723440134908,אחוז הצבעה בקלפי
מודיעיןמכביםרעות,1200,34.3,593,398,67.11635750421586,אחוז הצבעה בקלפי
מודיעיןמכביםרעות,1200,34.4,593,422,71.16357504215851,אחוז הצבעה בקלפי
מודיעיןמכביםרעות,1200,34.5,593,415,69.98313659359191,אחוז הצבעה בקלפי
מודיעיןמכביםרעות,1200,34.6,590,421,71.35593220338983,אחוז הצבעה בקלפי
מודיעיןמכביםרעות,1200,37.1,628,469,74.68152866242038,אחוז הצבעה בקלפי
מודיעיןמכביםרעות,1200,37.2,628,506,80.57324840764332,אחוז הצבעה בקלפי
מודיעיןמכביםרעות,1200,37.3,628,492,78.343949044586,אחוז הצבעה בקלפי
מודיעיןמכביםרעות,1200,37.4,628,475,75.63694267515923,אחוז הצבעה בקלפי
מודיעיןמכביםרעות,1200,38.0,588,458,77.89115646258503,אחוז הצבעה בקלפי
מודיעיןמכביםרעות,1200,39.0,639,497,77.77777777777779,אחוז הצבעה בקלפי
מודיעיןמכביםרעות,1200,41.0,687,498,72.48908296943232,אחוז הצבעה בקלפי
מודיעיןמכביםרעות,1200,43.1,390,286,73.33333333333333,אחוז הצבעה בקלפי
מודיעיןמכביםרעות,1200,43.2,389,271,69.66580976863753,אחוז הצבעה בקלפי
מודיעיןמכביםרעות,1200,46.0,689,515,74.74600870827285,אחוז הצבעה בקלפי
מודיעיןמכביםרעות,1200,48.1,560,421,75.17857142857143,אחוז הצבעה בקלפי
מודיעיןמכביםרעות,1200,48.2,560,427,76.25,אחוז הצבעה בקלפי
מודיעיןמכביםרעות,1200,48.3,560,420,75.0,אחוז הצבעה בקלפי
מודיעיןמכביםרעות,1200,48.4,558,426,76.34408602150538,אחוז הצבעה בקלפי
מודיעיןמכביםרעות,1200,53.1,670,501,74.77611940298507,אחוז הצבעה בקלפי
מודיעיןמכביםרעות,1200,53.2,670,486,72.53731343283583,אחוז הצבעה בקלפי
מודיעיןמכביםרעות,1200,53.3,670,483,72.08955223880596,אחוז הצבעה בקלפי
מודיעיןמכביםרעות,1200,54.0,582,455,78.1786941580756,אחוז הצבעה בקלפי
מודיעיןמכביםרעות,1200,56.1,628,448,71.3375796178344,אחוז הצבעה בקלפי
מודיעיןמכביםרעות,1200,56.2,628,472,75.15923566878982,אחוז הצבעה בקלפי
מודיעיןמכביםרעות,1200,56.3,627,434,69.21850079744817,אחוז הצבעה בקלפי
מודיעיןמכביםרעות,1200,60.0,619,479,77.38287560581584,אחוז הצבעה בקלפי
מודיעיןמכביםרעות,1200,63.1,679,514,75.69955817378498,אחוז הצבעה בקלפי
מודיעיןמכביםרעות,1200,63.2,679,530,78.0559646539028,אחוז הצבעה בקלפי
מודיעיןמכביםרעות,1200,63.3,677,522,77.10487444608567,אחוז הצבעה בקלפי
מודיעיןמכביםרעות,1200,67.1,562,431,76.69039145907473,אחוז הצבעה בקלפי
מודיעיןמכביםרעות,1200,67.2,562,442,78.64768683274022,אחוז הצבעה בקלפי
מודיעיןמכביםרעות,1200,67.3,562,424,75.44483985765125,אחוז הצבעה בקלפי
מודיעיןמכביםרעות,1200,67.4,562,450,80.0711743772242,אחוז הצבעה בקלפי
מודיעיןמכביםרעות,1200,67.5,562,445,79.1814946619217,אחוז הצבעה בקלפי
מודיעיןמכביםרעות,1200,71.0,685,551,80.43795620437956,אחוז הצבעה בקלפי
מודיעיןמכביםרעות,1200,72.0,685,548,80.0,אחוז הצבעה בקלפי
מודיעיןמכביםרעות,1200,75.1,615,480,78.04878048780488,אחוז הצבעה בקלפי
מודיעיןמכביםרעות,1200,75.2,615,458,74.47154471544715,אחוז הצבעה בקלפי
מודיעיןמכביםרעות,1200,75.3,615,463,75.28455284552845,אחוז הצבעה בקלפי
מודיעיןמכביםרעות,1200,75.4,615,464,75.44715447154472,אחוז הצבעה בקלפי
מודיעיןמכביםרעות,1200,75.5,615,455,73.98373983739837,אחוז הצבעה בקלפי
מודיעיןמכביםרעות,1200,75.6,614,452,73.61563517915309,אחוז הצבעה בקלפי
מודיעיןמכביםרעות,1200,77.1,498,375,75.30120481927712,אחוז הצבעה בקלפי
מודיעיןמכביםרעות,1200,77.2,498,396,79.51807228915662,אחוז הצבעה בקלפי
מודיעיןמכביםרעות,1200,77.3,498,371,74.49799196787149,אחוז הצבעה בקלפי
מודיעיןמכביםרעות,1200,78.1,697,541,77.6183644189383,אחוז הצבעה בקלפי
מודיעיןמכביםרעות,1200,78.2,697,545,78.19225251076041,אחוז הצבעה בקלפי
מודיעיןמכביםרעות,1200,78.3,697,546,78.33572453371592,אחוז הצבעה בקלפי
מודיעיןמכביםרעות,1200,78.4,697,536,76.9010043041607,אחוז הצבעה בקלפי
מודיעיןמכביםרעות,1200,79.1,680,506,74.41176470588235,אחוז הצבעה בקלפי
מודיעיןמכביםרעות,1200,79.2,680,498,73.23529411764706,אחוז הצבעה בקלפי
מודיעיןמכביםרעות,1200,79.3,680,490,72.05882352941177,אחוז הצבעה בקלפי
מודיעיןמכביםרעות,1200,79.4,679,506,74.52135493372607,אחוז הצבעה בקלפי
מודיעיןמכביםרעות,1200,80.0,626,491,78.43450479233228,אחוז הצבעה בקלפי
מודיעיןמכביםרעות,1200,82.1,667,471,70.61469265367316,אחוז הצבעה בקלפי
מודיעיןמכביםרעות,1200,82.2,667,520,77.96101949025487,אחוז הצבעה בקלפי
מודיעיןמכביםרעות,1200,82.3,667,468,70.16491754122939,אחוז הצבעה בקלפי
מודיעיןמכביםרעות,1200,82.4,666,498,74.77477477477478,אחוז הצבעה בקלפי
מודיעיןמכביםרעות,1200,83.0,603,506,83.91376451077943,אחוז הצבעה בקלפי
מודיעיןמכביםרעות,1200,84.0,574,473,82.40418118466899,אחוז הצבעה בקלפי
מודיעיןמכביםרעות,1200,85.0,574,466,81.18466898954703,אחוז הצבעה בקלפי
מודיעיןמכביםרעות,1200,86.0,672,549,81.69642857142857,אחוז הצבעה בקלפי
מודיעיןמכביםרעות,1200,88.1,485,383,78.96907216494846,אחוז הצבעה בקלפי
מודיעיןמכביםרעות,1200,88.2,485,393,81.03092783505154,אחוז הצבעה בקלפי
מודיעיןמכביםרעות,1200,88.3,485,377,77.7319587628866,אחוז הצבעה בקלפי
מודיעיןמכביםרעות,1200,89.0,645,548,84.96124031007753,אחוז הצבעה בקלפי
מודיעיןמכביםרעות,1200,90.1,540,420,77.77777777777779,אחוז הצבעה בקלפי
מודיעיןמכביםרעות,1200,90.2,540,419,77.5925925925926,אחוז הצבעה בקלפי
מודיעיןמכביםרעות,1200,90.3,540,435,80.55555555555556,אחוז הצבעה בקלפי
מודיעיןמכביםרעות,1200,90.4,538,417,77.5092936802974,אחוז הצבעה בקלפי
מודיעיןמכביםרעות,1200,91.1,537,394,73.3705772811918,אחוז הצבעה בקלפי
מודיעיןמכביםרעות,1200,91.2,537,413,76.90875232774674,אחוז הצבעה בקלפי
מודיעיןמכביםרעות,1200,91.3,537,404,75.23277467411546,אחוז הצבעה בקלפי
מודיעיןמכביםרעות,1200,91.4,537,403,75.04655493482309,אחוז הצבעה בקלפי
מודיעיןמכביםרעות,1200,94.0,605,514,84.9586776859504,אחוז הצבעה בקלפי
מודיעיןמכביםרעות,1200,103.0,544,413,75.91911764705883,אחוז הצבעה בקלפי
מודיעיןמכביםרעות,1200,104.0,391,303,77.49360613810742,אחוז הצבעה בקלפי
מודיעיןמכביםרעות,1200,105.0,532,393,73.87218045112782,אחוז הצבעה בקלפי
מודיעיןמכביםרעות,1200,106.0,642,454,70.7165109034268,אחוז הצבעה בקלפי
מודיעיןמכביםרעות,1200,107.0,453,344,75.93818984547461,אחוז הצבעה בקלפי
מודיעיןמכביםרעות,1200,109.0,580,416,71.72413793103448,אחוז הצבעה בקלפי
מודיעיןמכביםרעות,1200,110.0,439,324,73.80410022779044,אחוז הצבעה בקלפי
מודיעיןמכביםרעות,1200,111.0,435,346,79.54022988505747,אחוז הצבעה בקלפי
מודיעיןמכביםרעות,1200,112.0,452,328,72.56637168141593,אחוז הצבעה בקלפי
מודיעיןמכביםרעות,1200,113.1,551,392,71.14337568058076,אחוז הצבעה בקלפי
מודיעיןמכביםרעות,1200,113.2,551,416,75.49909255898368,אחוז הצבעה בקלפי
מודיעיןמכביםרעות,1200,113.3,551,419,76.04355716878402,אחוז הצבעה בקלפי
מודיעיןמכביםרעות,1200,113.4,549,404,73.58834244080145,אחוז הצבעה בקלפי
מודיעיןמכביםרעות,1200,114.0,464,336,72.41379310344827,אחוז הצבעה בקלפי
מולדת,269,1.0,434,306,70.50691244239631,אחוז הצבעה בקלפי
מולדת,269,2.0,449,299,66.59242761692651,אחוז הצבעה בקלפי
מוצא עילית,208,1.1,392,274,69.89795918367348,אחוז הצבעה בקלפי
מוצא עילית,208,1.2,392,278,70.91836734693877,אחוז הצבעה בקלפי
מוצא עילית,208,2.0,443,300,67.72009029345372,אחוז הצבעה בקלפי
מוקייבלה,635,1.1,684,225,32.89473684210527,אחוז הצבעה בקלפי
מוקייבלה,635,1.2,684,260,38.01169590643275,אחוז הצבעה בקלפי
מוקייבלה,635,4.1,467,218,46.680942184154176,אחוז הצבעה בקלפי
מוקייבלה,635,4.2,467,220,47.109207708779444,אחוז הצבעה בקלפי
מוקייבלה,635,4.3,467,205,43.897216274089935,אחוז הצבעה בקלפי
מורן,1163,1.0,376,282,75.0,אחוז הצבעה בקלפי
מורשת,1178,1.0,511,380,74.36399217221134,אחוז הצבעה בקלפי
מורשת,1178,2.0,609,425,69.78653530377669,אחוז הצבעה בקלפי
מזור,606,2.1,422,307,72.74881516587678,אחוז הצבעה בקלפי
מזור,606,2.2,422,301,71.32701421800948,אחוז הצבעה בקלפי
מזכרת בתיה,28,1.0,598,456,76.2541806020067,אחוז הצבעה בקלפי
מזכרת בתיה,28,2.0,585,324,55.38461538461539,אחוז הצבעה בקלפי
מזכרת בתיה,28,3.0,636,478,75.15723270440252,אחוז הצבעה בקלפי
מזכרת בתיה,28,4.0,667,493,73.91304347826086,אחוז הצבעה בקלפי
מזכרת בתיה,28,6.0,669,519,77.57847533632287,אחוז הצבעה בקלפי
מזכרת בתיה,28,7.1,603,415,68.82255389718075,אחוז הצבעה בקלפי
מזכרת בתיה,28,7.2,603,437,72.4709784411277,אחוז הצבעה בקלפי
מזכרת בתיה,28,7.3,602,450,74.75083056478405,אחוז הצבעה בקלפי
מזכרת בתיה,28,9.0,689,523,75.90711175616835,אחוז הצבעה בקלפי
מזכרת בתיה,28,10.0,654,426,65.13761467889908,אחוז הצבעה בקלפי
מזכרת בתיה,28,11.0,533,399,74.85928705440901,אחוז הצבעה בקלפי
מזכרת בתיה,28,12.0,578,440,76.12456747404845,אחוז הצבעה בקלפי
מזכרת בתיה,28,13.0,696,550,79.02298850574712,אחוז הצבעה בקלפי
מזכרת בתיה,28,16.0,639,530,82.94209702660407,אחוז הצבעה בקלפי
מזכרת בתיה,28,17.0,663,496,74.81146304675717,אחוז הצבעה בקלפי
מזכרת בתיה,28,18.1,633,527,83.25434439178515,אחוז הצבעה בקלפי
מזכרת בתיה,28,18.2,633,519,81.99052132701422,אחוז הצבעה בקלפי
מזכרת בתיה,28,18.3,632,528,83.54430379746836,אחוז הצבעה בקלפי
מזרע,104,1.1,351,244,69.51566951566952,אחוז הצבעה בקלפי
מזרע,104,1.2,350,245,70.0,אחוז הצבעה בקלפי
מזרעה,517,1.0,660,421,63.787878787878796,אחוז הצבעה בקלפי
מזרעה,517,2.0,581,387,66.60929432013769,אחוז הצבעה בקלפי
מזרעה,517,3.0,579,357,61.6580310880829,אחוז הצבעה בקלפי
מזרעה,517,4.0,586,397,67.74744027303754,אחוז הצבעה בקלפי
מזרעה,517,5.0,629,393,62.48012718600954,אחוז הצבעה בקלפי
מחולה,3599,1.0,393,288,73.2824427480916,אחוז הצבעה בקלפי
מחנה הילה,1411,1.0,133,106,79.69924812030075,אחוז הצבעה בקלפי
מחנה טלי,1418,1.0,154,81,52.5974025974026,אחוז הצבעה בקלפי
מחנה יהודית,1413,1.0,136,97,71.32352941176471,אחוז הצבעה בקלפי
מחנה יוכבד,1416,1.0,108,57,52.77777777777778,אחוז הצבעה בקלפי
מחנה יפה,1415,1.0,217,120,55.29953917050692,אחוז הצבעה בקלפי
מחנה מרים,1414,1.0,83,48,57.831325301204814,אחוז הצבעה בקלפי
מחנה תל נוף,1412,1.0,158,111,70.25316455696202,אחוז הצבעה בקלפי
מחניים,308,1.0,589,406,68.93039049235993,אחוז הצבעה בקלפי
מחסיה,776,1.0,311,255,81.9935691318328,אחוז הצבעה בקלפי
מטולה,43,2.1,504,278,55.158730158730165,אחוז הצבעה בקלפי
מטולה,43,2.2,504,288,57.14285714285714,אחוז הצבעה בקלפי
מטולה,43,2.3,503,254,50.49701789264414,אחוז הצבעה בקלפי
מטע,822,1.0,585,417,71.28205128205128,אחוז הצבעה בקלפי
מי עמי,1128,1.0,259,197,76.06177606177607,אחוז הצבעה בקלפי
מיטב,2054,1.0,364,290,79.67032967032966,אחוז הצבעה בקלפי
מייסר,649,2.1,475,204,42.94736842105264,אחוז הצבעה בקלפי
מייסר,649,2.2,475,223,46.94736842105263,אחוז הצבעה בקלפי
מייסר,649,2.3,474,172,36.28691983122363,אחוז הצבעה בקלפי
מיצר,4019,1.0,138,104,75.36231884057972,אחוז הצבעה בקלפי
מירב,1282,1.0,466,345,74.0343347639485,אחוז הצבעה בקלפי
מירון,607,1.0,526,327,62.16730038022814,אחוז הצבעה בקלפי
מישר,731,1.0,486,386,79.42386831275721,אחוז הצבעה בקלפי
מיתר,1268,2.1,694,513,73.9193083573487,אחוז הצבעה בקלפי
מיתר,1268,2.2,694,479,69.02017291066282,אחוז הצבעה בקלפי
מיתר,1268,2.3,694,467,67.29106628242076,אחוז הצבעה בקלפי
מיתר,1268,2.4,694,482,69.45244956772333,אחוז הצבעה בקלפי
מיתר,1268,2.5,694,508,73.19884726224784,אחוז הצבעה בקלפי
מיתר,1268,2.6,694,468,67.43515850144092,אחוז הצבעה בקלפי
מיתר,1268,3.0,520,377,72.5,אחוז הצבעה בקלפי
מיתר,1268,7.0,617,435,70.50243111831442,אחוז הצבעה בקלפי
מיתר,1268,8.0,477,345,72.32704402515722,אחוז הצבעה בקלפי
מיתר,1268,9.0,465,355,76.34408602150538,אחוז הצבעה בקלפי
מיתר,1268,10.0,623,533,85.553772070626,אחוז הצבעה בקלפי
מיתר,1268,11.0,655,444,67.78625954198473,אחוז הצבעה בקלפי
מיתר,1268,12.0,500,400,80.0,אחוז הצבעה בקלפי
מכורה,3614,1.0,143,95,66.43356643356644,אחוז הצבעה בקלפי
מכחול,1343,1.0,582,280,48.10996563573883,אחוז הצבעה בקלפי
מכמורת,382,1.0,522,313,59.961685823754785,אחוז הצבעה בקלפי
מכמורת,382,2.0,575,430,74.78260869565217,אחוז הצבעה בקלפי
מכמנים,1202,1.0,393,278,70.73791348600508,אחוז הצבעה בקלפי
מלאה,164,1.0,277,215,77.6173285198556,אחוז הצבעה בקלפי
מלילות,2044,1.0,296,244,82.43243243243244,אחוז הצבעה בקלפי
מלכיה,596,1.0,416,251,60.33653846153846,אחוז הצבעה בקלפי
מנוחה,2030,1.0,460,367,79.78260869565217,אחוז הצבעה בקלפי
מנוף,1174,1.0,672,459,68.30357142857143,אחוז הצבעה בקלפי
מנות,1205,1.0,370,274,74.05405405405405,אחוז הצבעה בקלפי
מנחמיה,48,1.0,522,354,67.81609195402298,אחוז הצבעה בקלפי
מנחמיה,48,2.0,426,264,61.97183098591549,אחוז הצבעה בקלפי
מנרה,347,1.0,213,139,65.25821596244131,אחוז הצבעה בקלפי
מנשית זבדה,994,1.0,480,255,53.125,אחוז הצבעה בקלפי
מנשית זבדה,994,2.0,447,238,53.24384787472036,אחוז הצבעה בקלפי
מסד,1258,1.0,382,284,74.3455497382199,אחוז הצבעה בקלפי
מסדה,263,1.0,290,178,61.37931034482759,אחוז הצבעה בקלפי
מסילות,298,1.0,437,281,64.30205949656751,אחוז הצבעה בקלפי
מסילת ציון,742,1.1,356,284,79.7752808988764,אחוז הצבעה בקלפי
מסילת ציון,742,1.2,355,295,83.09859154929578,אחוז הצבעה בקלפי
מסלול,748,1.0,546,409,74.9084249084249,אחוז הצבעה בקלפי
מסעדה,4203,1.0,461,104,22.559652928416483,אחוז הצבעה בקלפי
מסעודין אלעזאזמה,939,1.0,457,201,43.98249452954048,אחוז הצבעה בקלפי
מסעודין אלעזאזמה,939,6.0,614,324,52.76872964169381,אחוז הצבעה בקלפי
מסעודין אלעזאזמה,939,11.1,655,321,49.00763358778626,אחוז הצבעה בקלפי
מסעודין אלעזאזמה,939,11.2,655,287,43.81679389312977,אחוז הצבעה בקלפי
מסעודין אלעזאזמה,939,12.1,575,291,50.60869565217392,אחוז הצבעה בקלפי
מסעודין אלעזאזמה,939,12.2,575,229,39.82608695652174,אחוז הצבעה בקלפי
מסעודין אלעזאזמה,939,12.3,574,271,47.21254355400697,אחוז הצבעה בקלפי
מסעודין אלעזאזמה,939,13.1,620,237,38.225806451612904,אחוז הצבעה בקלפי
מסעודין אלעזאזמה,939,13.2,620,283,45.645161290322584,אחוז הצבעה בקלפי
מסעודין אלעזאזמה,939,13.3,620,308,49.67741935483871,אחוז הצבעה בקלפי
מסעודין אלעזאזמה,939,13.4,620,302,48.70967741935484,אחוז הצבעה בקלפי
מסעודין אלעזאזמה,939,13.5,620,311,50.16129032258064,אחוז הצבעה בקלפי
מסעודין אלעזאזמה,939,13.6,620,273,44.03225806451613,אחוז הצבעה בקלפי
מסעודין אלעזאזמה,939,13.7,619,320,51.69628432956381,אחוז הצבעה בקלפי
מעברות,197,1.0,387,293,75.71059431524549,אחוז הצבעה בקלפי
מעברות,197,2.0,358,258,72.06703910614524,אחוז הצבעה בקלפי
מעגלים,1082,1.1,545,445,81.65137614678899,אחוז הצבעה בקלפי
מעגלים,1082,1.2,545,441,80.91743119266054,אחוז הצבעה בקלפי
מעגן,678,1.0,328,214,65.2439024390244,אחוז הצבעה בקלפי
מעגן מיכאל,694,1.0,641,376,58.65834633385335,אחוז הצבעה בקלפי
מעגן מיכאל,694,2.0,555,363,65.4054054054054,אחוז הצבעה בקלפי
מעגן מיכאל,694,3.0,542,366,67.52767527675276,אחוז הצבעה בקלפי
מעוז חיים,272,1.0,499,303,60.72144288577155,אחוז הצבעה בקלפי
מעון,3657,1.0,305,228,74.75409836065575,אחוז הצבעה בקלפי
מעונה,570,1.0,673,482,71.61961367013373,אחוז הצבעה בקלפי
מעטפות חיצוניות,9999,1.0,0,600,,אחוז הצבעה בקלפי
מעטפות חיצוניות,9999,2.0,0,600,,אחוז הצבעה בקלפי
מעטפות חיצוניות,9999,3.0,0,606,,אחוז הצבעה בקלפי
מעטפות חיצוניות,9999,4.0,0,600,,אחוז הצבעה בקלפי
מעטפות חיצוניות,9999,5.0,0,599,,אחוז הצבעה בקלפי
מעטפות חיצוניות,9999,6.0,0,604,,אחוז הצבעה בקלפי
מעטפות חיצוניות,9999,7.0,0,600,,אחוז הצבעה בקלפי
מעטפות חיצוניות,9999,8.0,0,598,,אחוז הצבעה בקלפי
מעטפות חיצוניות,9999,9.0,0,599,,אחוז הצבעה בקלפי
מעטפות חיצוניות,9999,10.0,0,632,,אחוז הצבעה בקלפי
מעטפות חיצוניות,9999,11.0,0,600,,אחוז הצבעה בקלפי
מעטפות חיצוניות,9999,12.0,0,600,,אחוז הצבעה בקלפי
מעטפות חיצוניות,9999,13.0,0,604,,אחוז הצבעה בקלפי
מעטפות חיצוניות,9999,14.0,0,604,,אחוז הצבעה בקלפי
מעטפות חיצוניות,9999,15.0,0,603,,אחוז הצבעה בקלפי
מעטפות חיצוניות,9999,16.0,0,599,,אחוז הצבעה בקלפי
מעטפות חיצוניות,9999,17.0,0,601,,אחוז הצבעה בקלפי
מעטפות חיצוניות,9999,18.0,0,603,,אחוז הצבעה בקלפי
מעטפות חיצוניות,9999,19.0,0,601,,אחוז הצבעה בקלפי
מעטפות חיצוניות,9999,20.0,0,600,,אחוז הצבעה בקלפי
מעטפות חיצוניות,9999,21.0,0,600,,אחוז הצבעה בקלפי
מעטפות חיצוניות,9999,22.0,0,600,,אחוז הצבעה בקלפי
מעטפות חיצוניות,9999,23.0,0,581,,אחוז הצבעה בקלפי
מעטפות חיצוניות,9999,24.0,0,600,,אחוז הצבעה בקלפי
מעטפות חיצוניות,9999,25.0,0,603,,אחוז הצבעה בקלפי
מעטפות חיצוניות,9999,26.0,0,600,,אחוז הצבעה בקלפי
מעטפות חיצוניות,9999,27.0,0,601,,אחוז הצבעה בקלפי
מעטפות חיצוניות,9999,28.0,0,598,,אחוז הצבעה בקלפי
מעטפות חיצוניות,9999,29.0,0,602,,אחוז הצבעה בקלפי
מעטפות חיצוניות,9999,30.0,0,581,,אחוז הצבעה בקלפי
מעטפות חיצוניות,9999,31.0,0,605,,אחוז הצבעה בקלפי
מעטפות חיצוניות,9999,32.0,0,605,,אחוז הצבעה בקלפי
מעטפות חיצוניות,9999,33.0,0,600,,אחוז הצבעה בקלפי
מעטפות חיצוניות,9999,34.0,0,604,,אחוז הצבעה בקלפי
מעטפות חיצוניות,9999,35.0,0,604,,אחוז הצבעה בקלפי
מעטפות חיצוניות,9999,36.0,0,600,,אחוז הצבעה בקלפי
מעטפות חיצוניות,9999,37.0,0,600,,אחוז הצבעה בקלפי
מעטפות חיצוניות,9999,38.0,0,601,,אחוז הצבעה בקלפי
מעטפות חיצוניות,9999,39.0,0,599,,אחוז הצבעה בקלפי
מעטפות חיצוניות,9999,40.0,0,600,,אחוז הצבעה בקלפי
מעטפות חיצוניות,9999,41.0,0,604,,אחוז הצבעה בקלפי
מעטפות חיצוניות,9999,42.0,0,601,,אחוז הצבעה בקלפי
מעטפות חיצוניות,9999,43.0,0,596,,אחוז הצבעה בקלפי
מעטפות חיצוניות,9999,44.0,0,599,,אחוז הצבעה בקלפי
מעטפות חיצוניות,9999,45.0,0,602,,אחוז הצבעה בקלפי
מעטפות חיצוניות,9999,46.0,0,600,,אחוז הצבעה בקלפי
מעטפות חיצוניות,9999,47.0,0,600,,אחוז הצבעה בקלפי
מעטפות חיצוניות,9999,48.0,0,600,,אחוז הצבעה בקלפי
מעטפות חיצוניות,9999,49.0,0,599,,אחוז הצבעה בקלפי
מעטפות חיצוניות,9999,50.0,0,601,,אחוז הצבעה בקלפי
מעטפות חיצוניות,9999,51.0,0,597,,אחוז הצבעה בקלפי
מעטפות חיצוניות,9999,52.0,0,599,,אחוז הצבעה בקלפי
מעטפות חיצוניות,9999,53.0,0,599,,אחוז הצבעה בקלפי
מעטפות חיצוניות,9999,54.0,0,600,,אחוז הצבעה בקלפי
מעטפות חיצוניות,9999,55.0,0,607,,אחוז הצבעה בקלפי
מעטפות חיצוניות,9999,56.0,0,599,,אחוז הצבעה בקלפי
מעטפות חיצוניות,9999,57.0,0,605,,אחוז הצבעה בקלפי
מעטפות חיצוניות,9999,58.0,0,539,,אחוז הצבעה בקלפי
מעטפות חיצוניות,9999,59.0,0,602,,אחוז הצבעה בקלפי
מעטפות חיצוניות,9999,60.0,0,601,,אחוז הצבעה בקלפי
מעטפות חיצוניות,9999,61.0,0,600,,אחוז הצבעה בקלפי
מעטפות חיצוניות,9999,62.0,0,603,,אחוז הצבעה בקלפי
מעטפות חיצוניות,9999,63.0,0,601,,אחוז הצבעה בקלפי
מעטפות חיצוניות,9999,64.0,0,600,,אחוז הצבעה בקלפי
מעטפות חיצוניות,9999,65.0,0,601,,אחוז הצבעה בקלפי
מעטפות חיצוניות,9999,66.0,0,599,,אחוז הצבעה בקלפי
מעטפות חיצוניות,9999,67.0,0,600,,אחוז הצבעה בקלפי
מעטפות חיצוניות,9999,68.0,0,603,,אחוז הצבעה בקלפי
מעטפות חיצוניות,9999,69.0,0,599,,אחוז הצבעה בקלפי
מעטפות חיצוניות,9999,70.0,0,592,,אחוז הצבעה בקלפי
מעטפות חיצוניות,9999,71.0,0,605,,אחוז הצבעה בקלפי
מעטפות חיצוניות,9999,72.0,0,589,,אחוז הצבעה בקלפי
מעטפות חיצוניות,9999,73.0,0,601,,אחוז הצבעה בקלפי
מעטפות חיצוניות,9999,74.0,0,601,,אחוז הצבעה בקלפי
מעטפות חיצוניות,9999,75.0,0,607,,אחוז הצבעה בקלפי
מעטפות חיצוניות,9999,76.0,0,601,,אחוז הצבעה בקלפי
מעטפות חיצוניות,9999,77.0,0,603,,אחוז הצבעה בקלפי
מעטפות חיצוניות,9999,78.0,0,576,,אחוז הצבעה בקלפי
מעטפות חיצוניות,9999,79.0,0,601,,אחוז הצבעה בקלפי
מעטפות חיצוניות,9999,80.0,0,596,,אחוז הצבעה בקלפי
מעטפות חיצוניות,9999,81.0,0,597,,אחוז הצבעה בקלפי
מעטפות חיצוניות,9999,82.0,0,604,,אחוז הצבעה בקלפי
מעטפות חיצוניות,9999,83.0,0,604,,אחוז הצבעה בקלפי
מעטפות חיצוניות,9999,84.0,0,608,,אחוז הצבעה בקלפי
מעטפות חיצוניות,9999,85.0,0,596,,אחוז הצבעה בקלפי
מעטפות חיצוניות,9999,86.0,0,592,,אחוז הצבעה בקלפי
מעטפות חיצוניות,9999,87.0,0,601,,אחוז הצבעה בקלפי
מעטפות חיצוניות,9999,88.0,0,599,,אחוז הצבעה בקלפי
מעטפות חיצוניות,9999,89.0,0,538,,אחוז הצבעה בקלפי
מעטפות חיצוניות,9999,90.0,0,600,,אחוז הצבעה בקלפי
מעטפות חיצוניות,9999,91.0,0,597,,אחוז הצבעה בקלפי
מעטפות חיצוניות,9999,92.0,0,583,,אחוז הצבעה בקלפי
מעטפות חיצוניות,9999,93.0,0,602,,אחוז הצבעה בקלפי
מעטפות חיצוניות,9999,94.0,0,599,,אחוז הצבעה בקלפי
מעטפות חיצוניות,9999,95.0,0,599,,אחוז הצבעה בקלפי
מעטפות חיצוניות,9999,96.0,0,601,,אחוז הצבעה בקלפי
מעטפות חיצוניות,9999,97.0,0,601,,אחוז הצבעה בקלפי
מעטפות חיצוניות,9999,98.0,0,602,,אחוז הצבעה בקלפי
מעטפות חיצוניות,9999,99.0,0,601,,אחוז הצבעה בקלפי
מעטפות חיצוניות,9999,100.0,0,598,,אחוז הצבעה בקלפי
מעטפות חיצוניות,9999,101.0,0,602,,אחוז הצבעה בקלפי
מעטפות חיצוניות,9999,102.0,0,604,,אחוז הצבעה בקלפי
מעטפות חיצוניות,9999,103.0,0,603,,אחוז הצבעה בקלפי
מעטפות חיצוניות,9999,104.0,0,603,,אחוז הצבעה בקלפי
מעטפות חיצוניות,9999,105.0,0,604,,אחוז הצבעה בקלפי
מעטפות חיצוניות,9999,106.0,0,600,,אחוז הצבעה בקלפי
מעטפות חיצוניות,9999,107.0,0,599,,אחוז הצבעה בקלפי
מעטפות חיצוניות,9999,108.0,0,593,,אחוז הצבעה בקלפי
מעטפות חיצוניות,9999,109.0,0,600,,אחוז הצבעה בקלפי
מעטפות חיצוניות,9999,110.0,0,605,,אחוז הצבעה בקלפי
מעטפות חיצוניות,9999,111.0,0,603,,אחוז הצבעה בקלפי
מעטפות חיצוניות,9999,112.0,0,605,,אחוז הצבעה בקלפי
מעטפות חיצוניות,9999,113.0,0,590,,אחוז הצבעה בקלפי
מעטפות חיצוניות,9999,114.0,0,601,,אחוז הצבעה בקלפי
מעטפות חיצוניות,9999,115.0,0,602,,אחוז הצבעה בקלפי
מעטפות חיצוניות,9999,116.0,0,600,,אחוז הצבעה בקלפי
מעטפות חיצוניות,9999,117.0,0,602,,אחוז הצבעה בקלפי
מעטפות חיצוניות,9999,118.0,0,607,,אחוז הצבעה בקלפי
מעטפות חיצוניות,9999,119.0,0,481,,אחוז הצבעה בקלפי
מעטפות חיצוניות,9999,120.0,0,604,,אחוז הצבעה בקלפי
מעטפות חיצוניות,9999,121.0,0,502,,אחוז הצבעה בקלפי
מעטפות חיצוניות,9999,122.0,0,602,,אחוז הצבעה בקלפי
מעטפות חיצוניות,9999,123.0,0,500,,אחוז הצבעה בקלפי
מעטפות חיצוניות,9999,124.0,0,600,,אחוז הצבעה בקלפי
מעטפות חיצוניות,9999,125.0,0,501,,אחוז הצבעה בקלפי
מעטפות חיצוניות,9999,126.0,0,602,,אחוז הצבעה בקלפי
מעטפות חיצוניות,9999,127.0,0,503,,אחוז הצבעה בקלפי
מעטפות חיצוניות,9999,128.0,0,485,,אחוז הצבעה בקלפי
מעטפות חיצוניות,9999,129.0,0,503,,אחוז הצבעה בקלפי
מעטפות חיצוניות,9999,130.0,0,499,,אחוז הצבעה בקלפי
מעטפות חיצוניות,9999,131.0,0,605,,אחוז הצבעה בקלפי
מעטפות חיצוניות,9999,132.0,0,602,,אחוז הצבעה בקלפי
מעטפות חיצוניות,9999,133.0,0,597,,אחוז הצבעה בקלפי
מעטפות חיצוניות,9999,134.0,0,586,,אחוז הצבעה בקלפי
מעטפות חיצוניות,9999,135.0,0,604,,אחוז הצבעה בקלפי
מעטפות חיצוניות,9999,136.0,0,606,,אחוז הצבעה בקלפי
מעטפות חיצוניות,9999,137.0,0,513,,אחוז הצבעה בקלפי
מעטפות חיצוניות,9999,138.0,0,606,,אחוז הצבעה בקלפי
מעטפות חיצוניות,9999,139.0,0,601,,אחוז הצבעה בקלפי
מעטפות חיצוניות,9999,140.0,0,586,,אחוז הצבעה בקלפי
מעטפות חיצוניות,9999,141.0,0,600,,אחוז הצבעה בקלפי
מעטפות חיצוניות,9999,142.0,0,617,,אחוז הצבעה בקלפי
מעטפות חיצוניות,9999,143.0,0,600,,אחוז הצבעה בקלפי
מעטפות חיצוניות,9999,144.0,0,602,,אחוז הצבעה בקלפי
מעטפות חיצוניות,9999,145.0,0,606,,אחוז הצבעה בקלפי
מעטפות חיצוניות,9999,146.0,0,602,,אחוז הצבעה בקלפי
מעטפות חיצוניות,9999,147.0,0,600,,אחוז הצבעה בקלפי
מעטפות חיצוניות,9999,148.0,0,580,,אחוז הצבעה בקלפי
מעטפות חיצוניות,9999,149.0,0,606,,אחוז הצבעה בקלפי
מעטפות חיצוניות,9999,150.0,0,600,,אחוז הצבעה בקלפי
מעטפות חיצוניות,9999,151.0,0,608,,אחוז הצבעה בקלפי
מעטפות חיצוניות,9999,152.0,0,610,,אחוז הצבעה בקלפי
מעטפות חיצוניות,9999,153.0,0,607,,אחוז הצבעה בקלפי
מעטפות חיצוניות,9999,154.0,0,580,,אחוז הצבעה בקלפי
מעטפות חיצוניות,9999,155.0,0,611,,אחוז הצבעה בקלפי
מעטפות חיצוניות,9999,156.0,0,590,,אחוז הצבעה בקלפי
מעטפות חיצוניות,9999,157.0,0,582,,אחוז הצבעה בקלפי
מעטפות חיצוניות,9999,158.0,0,600,,אחוז הצבעה בקלפי
מעטפות חיצוניות,9999,159.0,0,604,,אחוז הצבעה בקלפי
מעטפות חיצוניות,9999,160.0,0,600,,אחוז הצבעה בקלפי
מעטפות חיצוניות,9999,161.0,0,603,,אחוז הצבעה בקלפי
מעטפות חיצוניות,9999,162.0,0,605,,אחוז הצבעה בקלפי
מעטפות חיצוניות,9999,163.0,0,611,,אחוז הצבעה בקלפי
מעטפות חיצוניות,9999,164.0,0,600,,אחוז הצבעה בקלפי
מעטפות חיצוניות,9999,165.0,0,609,,אחוז הצבעה בקלפי
מעטפות חיצוניות,9999,166.0,0,592,,אחוז הצבעה בקלפי
מעטפות חיצוניות,9999,167.0,0,608,,אחוז הצבעה בקלפי
מעטפות חיצוניות,9999,168.0,0,600,,אחוז הצבעה בקלפי
מעטפות חיצוניות,9999,169.0,0,608,,אחוז הצבעה בקלפי
מעטפות חיצוניות,9999,170.0,0,606,,אחוז הצבעה בקלפי
מעטפות חיצוניות,9999,171.0,0,599,,אחוז הצבעה בקלפי
מעטפות חיצוניות,9999,173.0,0,598,,אחוז הצבעה בקלפי
מעטפות חיצוניות,9999,174.0,0,555,,אחוז הצבעה בקלפי
מעטפות חיצוניות,9999,175.0,0,601,,אחוז הצבעה בקלפי
מעטפות חיצוניות,9999,176.0,0,602,,אחוז הצבעה בקלפי
מעטפות חיצוניות,9999,177.0,0,600,,אחוז הצבעה בקלפי
מעטפות חיצוניות,9999,178.0,0,603,,אחוז הצבעה בקלפי
מעטפות חיצוניות,9999,179.0,0,601,,אחוז הצבעה בקלפי
מעטפות חיצוניות,9999,180.0,0,604,,אחוז הצבעה בקלפי
מעטפות חיצוניות,9999,181.0,0,501,,אחוז הצבעה בקלפי
מעטפות חיצוניות,9999,182.0,0,603,,אחוז הצבעה בקלפי
מעטפות חיצוניות,9999,183.0,0,607,,אחוז הצבעה בקלפי
מעטפות חיצוניות,9999,184.0,0,600,,אחוז הצבעה בקלפי
מעטפות חיצוניות,9999,185.0,0,582,,אחוז הצבעה בקלפי
מעטפות חיצוניות,9999,186.0,0,602,,אחוז הצבעה בקלפי
מעטפות חיצוניות,9999,193.0,0,590,,אחוז הצבעה בקלפי
מעטפות חיצוניות,9999,195.0,0,311,,אחוז הצבעה בקלפי
מעטפות חיצוניות,9999,196.0,0,324,,אחוז הצבעה בקלפי
מעטפות חיצוניות,9999,197.0,0,605,,אחוז הצבעה בקלפי
מעטפות חיצוניות,9999,198.0,0,299,,אחוז הצבעה בקלפי
מעטפות חיצוניות,9999,201.0,0,600,,אחוז הצבעה בקלפי
מעטפות חיצוניות,9999,202.0,0,600,,אחוז הצבעה בקלפי
מעטפות חיצוניות,9999,203.0,0,600,,אחוז הצבעה בקלפי
מעטפות חיצוניות,9999,204.0,0,613,,אחוז הצבעה בקלפי
מעטפות חיצוניות,9999,205.0,0,603,,אחוז הצבעה בקלפי
מעטפות חיצוניות,9999,206.0,0,600,,אחוז הצבעה בקלפי
מעטפות חיצוניות,9999,207.0,0,596,,אחוז הצבעה בקלפי
מעטפות חיצוניות,9999,208.0,0,600,,אחוז הצבעה בקלפי
מעטפות חיצוניות,9999,209.0,0,600,,אחוז הצבעה בקלפי
מעטפות חיצוניות,9999,210.0,0,603,,אחוז הצבעה בקלפי
מעטפות חיצוניות,9999,211.0,0,603,,אחוז הצבעה בקלפי
מעטפות חיצוניות,9999,212.0,0,592,,אחוז הצבעה בקלפי
מעטפות חיצוניות,9999,213.0,0,609,,אחוז הצבעה בקלפי
מעטפות חיצוניות,9999,214.0,0,598,,אחוז הצבעה בקלפי
מעטפות חיצוניות,9999,215.0,0,601,,אחוז הצבעה בקלפי
מעטפות חיצוניות,9999,216.0,0,600,,אחוז הצבעה בקלפי
מעטפות חיצוניות,9999,217.0,0,601,,אחוז הצבעה בקלפי
מעטפות חיצוניות,9999,218.0,0,602,,אחוז הצבעה בקלפי
מעטפות חיצוניות,9999,219.0,0,592,,אחוז הצבעה בקלפי
מעטפות חיצוניות,9999,220.0,0,590,,אחוז הצבעה בקלפי
מעטפות חיצוניות,9999,221.0,0,603,,אחוז הצבעה בקלפי
מעטפות חיצוניות,9999,222.0,0,628,,אחוז הצבעה בקלפי
מעטפות חיצוניות,9999,223.0,0,599,,אחוז הצבעה בקלפי
מעטפות חיצוניות,9999,224.0,0,603,,אחוז הצבעה בקלפי
מעטפות חיצוניות,9999,225.0,0,602,,אחוז הצבעה בקלפי
מעטפות חיצוניות,9999,226.0,0,602,,אחוז הצבעה בקלפי
מעטפות חיצוניות,9999,227.0,0,590,,אחוז הצבעה בקלפי
מעטפות חיצוניות,9999,228.0,0,601,,אחוז הצבעה בקלפי
מעטפות חיצוניות,9999,229.0,0,576,,אחוז הצבעה בקלפי
מעטפות חיצוניות,9999,230.0,0,625,,אחוז הצבעה בקלפי
מעטפות חיצוניות,9999,231.0,0,600,,אחוז הצבעה בקלפי
מעטפות חיצוניות,9999,232.0,0,602,,אחוז הצבעה בקלפי
מעטפות חיצוניות,9999,233.0,0,604,,אחוז הצבעה בקלפי
מעטפות חיצוניות,9999,234.0,0,589,,אחוז הצבעה בקלפי
מעטפות חיצוניות,9999,235.0,0,603,,אחוז הצבעה בקלפי
מעטפות חיצוניות,9999,236.0,0,601,,אחוז הצבעה בקלפי
מעטפות חיצוניות,9999,237.0,0,601,,אחוז הצבעה בקלפי
מעטפות חיצוניות,9999,238.0,0,602,,אחוז הצבעה בקלפי
מעטפות חיצוניות,9999,239.0,0,641,,אחוז הצבעה בקלפי
מעטפות חיצוניות,9999,240.0,0,591,,אחוז הצבעה בקלפי
מעטפות חיצוניות,9999,241.0,0,778,,אחוז הצבעה בקלפי
מעטפות חיצוניות,9999,242.0,0,599,,אחוז הצבעה בקלפי
מעטפות חיצוניות,9999,243.0,0,600,,אחוז הצבעה בקלפי
מעטפות חיצוניות,9999,244.0,0,610,,אחוז הצבעה בקלפי
מעטפות חיצוניות,9999,245.0,0,644,,אחוז הצבעה בקלפי
מעטפות חיצוניות,9999,246.0,0,600,,אחוז הצבעה בקלפי
מעטפות חיצוניות,9999,247.0,0,600,,אחוז הצבעה בקלפי
מעטפות חיצוניות,9999,248.0,0,601,,אחוז הצבעה בקלפי
מעטפות חיצוניות,9999,249.0,0,600,,אחוז הצבעה בקלפי
מעטפות חיצוניות,9999,250.0,0,595,,אחוז הצבעה בקלפי
מעטפות חיצוניות,9999,251.0,0,606,,אחוז הצבעה בקלפי
מעטפות חיצוניות,9999,252.0,0,600,,אחוז הצבעה בקלפי
מעטפות חיצוניות,9999,253.0,0,602,,אחוז הצבעה בקלפי
מעטפות חיצוניות,9999,254.0,0,630,,אחוז הצבעה בקלפי
מעטפות חיצוניות,9999,255.0,0,600,,אחוז הצבעה בקלפי
מעטפות חיצוניות,9999,256.0,0,608,,אחוז הצבעה בקלפי
מעטפות חיצוניות,9999,257.0,0,620,,אחוז הצבעה בקלפי
מעטפות חיצוניות,9999,258.0,0,601,,אחוז הצבעה בקלפי
מעטפות חיצוניות,9999,259.0,0,612,,אחוז הצבעה בקלפי
מעטפות חיצוניות,9999,260.0,0,598,,אחוז הצבעה בקלפי
מעטפות חיצוניות,9999,261.0,0,601,,אחוז הצבעה בקלפי
מעטפות חיצוניות,9999,262.0,0,600,,אחוז הצבעה בקלפי
מעטפות חיצוניות,9999,263.0,0,606,,אחוז הצבעה בקלפי
מעטפות חיצוניות,9999,264.0,0,614,,אחוז הצבעה בקלפי
מעטפות חיצוניות,9999,265.0,0,580,,אחוז הצבעה בקלפי
מעטפות חיצוניות,9999,266.0,0,600,,אחוז הצבעה בקלפי
מעטפות חיצוניות,9999,267.0,0,600,,אחוז הצבעה בקלפי
מעטפות חיצוניות,9999,268.0,0,606,,אחוז הצבעה בקלפי
מעטפות חיצוניות,9999,269.0,0,602,,אחוז הצבעה בקלפי
מעטפות חיצוניות,9999,270.0,0,606,,אחוז הצבעה בקלפי
מעטפות חיצוניות,9999,271.0,0,608,,אחוז הצבעה בקלפי
מעטפות חיצוניות,9999,272.0,0,600,,אחוז הצבעה בקלפי
מעטפות חיצוניות,9999,273.0,0,603,,אחוז הצבעה בקלפי
מעטפות חיצוניות,9999,274.0,0,568,,אחוז הצבעה בקלפי
מעטפות חיצוניות,9999,275.0,0,603,,אחוז הצבעה בקלפי
מעטפות חיצוניות,9999,276.0,0,643,,אחוז הצבעה בקלפי
מעטפות חיצוניות,9999,277.0,0,601,,אחוז הצבעה בקלפי
מעטפות חיצוניות,9999,278.0,0,600,,אחוז הצבעה בקלפי
מעטפות חיצוניות,9999,279.0,0,603,,אחוז הצבעה בקלפי
מעטפות חיצוניות,9999,280.0,0,604,,אחוז הצבעה בקלפי
מעטפות חיצוניות,9999,281.0,0,601,,אחוז הצבעה בקלפי
מעטפות חיצוניות,9999,282.0,0,600,,אחוז הצבעה בקלפי
מעטפות חיצוניות,9999,283.0,0,600,,אחוז הצבעה בקלפי
מעטפות חיצוניות,9999,284.0,0,591,,אחוז הצבעה בקלפי
מעטפות חיצוניות,9999,285.0,0,613,,אחוז הצבעה בקלפי
מעטפות חיצוניות,9999,286.0,0,601,,אחוז הצבעה בקלפי
מעטפות חיצוניות,9999,287.0,0,557,,אחוז הצבעה בקלפי
מעטפות חיצוניות,9999,288.0,0,600,,אחוז הצבעה בקלפי
מעטפות חיצוניות,9999,289.0,0,623,,אחוז הצבעה בקלפי
מעטפות חיצוניות,9999,290.0,0,599,,אחוז הצבעה בקלפי
מעטפות חיצוניות,9999,291.0,0,593,,אחוז הצבעה בקלפי
מעטפות חיצוניות,9999,292.0,0,605,,אחוז הצבעה בקלפי
מעטפות חיצוניות,9999,294.0,0,656,,אחוז הצבעה בקלפי
מעטפות חיצוניות,9999,295.0,0,592,,אחוז הצבעה בקלפי
מעטפות חיצוניות,9999,296.0,0,604,,אחוז הצבעה בקלפי
מעטפות חיצוניות,9999,297.0,0,606,,אחוז הצבעה בקלפי
מעטפות חיצוניות,9999,298.0,0,593,,אחוז הצבעה בקלפי
מעטפות חיצוניות,9999,299.0,0,600,,אחוז הצבעה בקלפי
מעטפות חיצוניות,9999,300.0,0,604,,אחוז הצבעה בקלפי
מעטפות חיצוניות,9999,301.0,0,593,,אחוז הצבעה בקלפי
מעטפות חיצוניות,9999,302.0,0,599,,אחוז הצבעה בקלפי
מעטפות חיצוניות,9999,303.0,0,607,,אחוז הצבעה בקלפי
מעטפות חיצוניות,9999,304.0,0,600,,אחוז הצבעה בקלפי
מעטפות חיצוניות,9999,305.0,0,599,,אחוז הצבעה בקלפי
מעטפות חיצוניות,9999,306.0,0,600,,אחוז הצבעה בקלפי
מעטפות חיצוניות,9999,307.0,0,610,,אחוז הצבעה בקלפי
מעטפות חיצוניות,9999,309.0,0,604,,אחוז הצבעה בקלפי
מעטפות חיצוניות,9999,310.0,0,602,,אחוז הצבעה בקלפי
מעטפות חיצוניות,9999,311.0,0,594,,אחוז הצבעה בקלפי
מעטפות חיצוניות,9999,312.0,0,588,,אחוז הצבעה בקלפי
מעטפות חיצוניות,9999,313.0,0,593,,אחוז הצבעה בקלפי
מעטפות חיצוניות,9999,314.0,0,603,,אחוז הצבעה בקלפי
מעטפות חיצוניות,9999,315.0,0,598,,אחוז הצבעה בקלפי
מעטפות חיצוניות,9999,316.0,0,600,,אחוז הצבעה בקלפי
מעטפות חיצוניות,9999,317.0,0,571,,אחוז הצבעה בקלפי
מעטפות חיצוניות,9999,318.0,0,603,,אחוז הצבעה בקלפי
מעטפות חיצוניות,9999,319.0,0,597,,אחוז הצבעה בקלפי
מעטפות חיצוניות,9999,320.0,0,600,,אחוז הצבעה בקלפי
מעטפות חיצוניות,9999,321.0,0,604,,אחוז הצבעה בקלפי
מעטפות חיצוניות,9999,322.0,0,619,,אחוז הצבעה בקלפי
מעטפות חיצוניות,9999,323.0,0,582,,אחוז הצבעה בקלפי
מעטפות חיצוניות,9999,324.0,0,605,,אחוז הצבעה בקלפי
מעטפות חיצוניות,9999,325.0,0,602,,אחוז הצבעה בקלפי
מעטפות חיצוניות,9999,326.0,0,603,,אחוז הצבעה בקלפי
מעטפות חיצוניות,9999,327.0,0,597,,אחוז הצבעה בקלפי
מעטפות חיצוניות,9999,328.0,0,599,,אחוז הצבעה בקלפי
מעטפות חיצוניות,9999,329.0,0,544,,אחוז הצבעה בקלפי
מעטפות חיצוניות,9999,330.0,0,573,,אחוז הצבעה בקלפי
מעטפות חיצוניות,9999,331.0,0,575,,אחוז הצבעה בקלפי
מעטפות חיצוניות,9999,332.0,0,614,,אחוז הצבעה בקלפי
מעטפות חיצוניות,9999,333.0,0,573,,אחוז הצבעה בקלפי
מעטפות חיצוניות,9999,334.0,0,596,,אחוז הצבעה בקלפי
מעטפות חיצוניות,9999,335.0,0,608,,אחוז הצבעה בקלפי
מעטפות חיצוניות,9999,336.0,0,620,,אחוז הצבעה בקלפי
מעטפות חיצוניות,9999,337.0,0,603,,אחוז הצבעה בקלפי
מעטפות חיצוניות,9999,338.0,0,599,,אחוז הצבעה בקלפי
מעטפות חיצוניות,9999,339.0,0,603,,אחוז הצבעה בקלפי
מעטפות חיצוניות,9999,340.0,0,591,,אחוז הצבעה בקלפי
מעטפות חיצוניות,9999,341.0,0,594,,אחוז הצבעה בקלפי
מעטפות חיצוניות,9999,342.0,0,604,,אחוז הצבעה בקלפי
מעטפות חיצוניות,9999,343.0,0,600,,אחוז הצבעה בקלפי
מעטפות חיצוניות,9999,344.0,0,602,,אחוז הצבעה בקלפי
מעטפות חיצוניות,9999,345.0,0,600,,אחוז הצבעה בקלפי
מעטפות חיצוניות,9999,346.0,0,619,,אחוז הצבעה בקלפי
מעטפות חיצוניות,9999,347.0,0,603,,אחוז הצבעה בקלפי
מעטפות חיצוניות,9999,348.0,0,587,,אחוז הצבעה בקלפי
מעטפות חיצוניות,9999,349.0,0,594,,אחוז הצבעה בקלפי
מעטפות חיצוניות,9999,350.0,0,604,,אחוז הצבעה בקלפי
מעטפות חיצוניות,9999,351.0,0,594,,אחוז הצבעה בקלפי
מעטפות חיצוניות,9999,352.0,0,601,,אחוז הצבעה בקלפי
מעטפות חיצוניות,9999,353.0,0,602,,אחוז הצבעה בקלפי
מעטפות חיצוניות,9999,354.0,0,500,,אחוז הצבעה בקלפי
מעטפות חיצוניות,9999,355.0,0,574,,אחוז הצבעה בקלפי
מעטפות חיצוניות,9999,356.0,0,611,,אחוז הצבעה בקלפי
מעטפות חיצוניות,9999,357.0,0,592,,אחוז הצבעה בקלפי
מעטפות חיצוניות,9999,358.0,0,609,,אחוז הצבעה בקלפי
מעטפות חיצוניות,9999,359.0,0,586,,אחוז הצבעה בקלפי
מעטפות חיצוניות,9999,360.0,0,587,,אחוז הצבעה בקלפי
מעטפות חיצוניות,9999,361.0,0,600,,אחוז הצבעה בקלפי
מעטפות חיצוניות,9999,362.0,0,596,,אחוז הצבעה בקלפי
מעטפות חיצוניות,9999,363.0,0,550,,אחוז הצבעה בקלפי
מעטפות חיצוניות,9999,364.0,0,601,,אחוז הצבעה בקלפי
מעטפות חיצוניות,9999,365.0,0,608,,אחוז הצבעה בקלפי
מעטפות חיצוניות,9999,366.0,0,591,,אחוז הצבעה בקלפי
מעטפות חיצוניות,9999,367.0,0,600,,אחוז הצבעה בקלפי
מעטפות חיצוניות,9999,368.0,0,594,,אחוז הצבעה בקלפי
מעטפות חיצוניות,9999,369.0,0,604,,אחוז הצבעה בקלפי
מעטפות חיצוניות,9999,370.0,0,600,,אחוז הצבעה בקלפי
מעטפות חיצוניות,9999,371.0,0,602,,אחוז הצבעה בקלפי
מעטפות חיצוניות,9999,372.0,0,601,,אחוז הצבעה בקלפי
מעטפות חיצוניות,9999,373.0,0,593,,אחוז הצבעה בקלפי
מעטפות חיצוניות,9999,374.0,0,589,,אחוז הצבעה בקלפי
מעטפות חיצוניות,9999,375.0,0,594,,אחוז הצבעה בקלפי
מעטפות חיצוניות,9999,376.0,0,620,,אחוז הצבעה בקלפי
מעטפות חיצוניות,9999,377.0,0,609,,אחוז הצבעה בקלפי
מעטפות חיצוניות,9999,378.0,0,600,,אחוז הצבעה בקלפי
מעטפות חיצוניות,9999,379.0,0,602,,אחוז הצבעה בקלפי
מעטפות חיצוניות,9999,380.0,0,600,,אחוז הצבעה בקלפי
מעטפות חיצוניות,9999,381.0,0,490,,אחוז הצבעה בקלפי
מעטפות חיצוניות,9999,382.0,0,492,,אחוז הצבעה בקלפי
מעטפות חיצוניות,9999,383.0,0,505,,אחוז הצבעה בקלפי
מעטפות חיצוניות,9999,384.0,0,507,,אחוז הצבעה בקלפי
מעטפות חיצוניות,9999,385.0,0,509,,אחוז הצבעה בקלפי
מעטפות חיצוניות,9999,386.0,0,496,,אחוז הצבעה בקלפי
מעטפות חיצוניות,9999,387.0,0,514,,אחוז הצבעה בקלפי
מעטפות חיצוניות,9999,388.0,0,495,,אחוז הצבעה בקלפי
מעטפות חיצוניות,9999,389.0,0,505,,אחוז הצבעה בקלפי
מעטפות חיצוניות,9999,390.0,0,439,,אחוז הצבעה בקלפי
מעטפות חיצוניות,9999,391.0,0,511,,אחוז הצבעה בקלפי
מעטפות חיצוניות,9999,392.0,0,502,,אחוז הצבעה בקלפי
מעטפות חיצוניות,9999,393.0,0,495,,אחוז הצבעה בקלפי
מעטפות חיצוניות,9999,394.0,0,499,,אחוז הצבעה בקלפי
מעטפות חיצוניות,9999,395.0,0,520,,אחוז הצבעה בקלפי
מעטפות חיצוניות,9999,396.0,0,502,,אחוז הצבעה בקלפי
מעטפות חיצוניות,9999,397.0,0,516,,אחוז הצבעה בקלפי
מעטפות חיצוניות,9999,398.0,0,485,,אחוז הצבעה בקלפי
מעטפות חיצוניות,9999,399.0,0,277,,אחוז הצבעה בקלפי
מעטפות חיצוניות,9999,400.0,0,302,,אחוז הצבעה בקלפי
מעטפות חיצוניות,9999,401.0,0,501,,אחוז הצבעה בקלפי
מעטפות חיצוניות,9999,402.0,0,501,,אחוז הצבעה בקלפי
מעטפות חיצוניות,9999,403.0,0,490,,אחוז הצבעה בקלפי
מעטפות חיצוניות,9999,404.0,0,499,,אחוז הצבעה בקלפי
מעטפות חיצוניות,9999,405.0,0,498,,אחוז הצבעה בקלפי
מעטפות חיצוניות,9999,406.0,0,506,,אחוז הצבעה בקלפי
מעטפות חיצוניות,9999,407.0,0,500,,אחוז הצבעה בקלפי
מעטפות חיצוניות,9999,408.0,0,509,,אחוז הצבעה בקלפי
מעטפות חיצוניות,9999,409.0,0,503,,אחוז הצבעה בקלפי
מעטפות חיצוניות,9999,410.0,0,504,,אחוז הצבעה בקלפי
מעטפות חיצוניות,9999,411.0,0,502,,אחוז הצבעה בקלפי
מעטפות חיצוניות,9999,412.0,0,504,,אחוז הצבעה בקלפי
מעטפות חיצוניות,9999,413.0,0,492,,אחוז הצבעה בקלפי
מעטפות חיצוניות,9999,414.0,0,501,,אחוז הצבעה בקלפי
מעטפות חיצוניות,9999,415.0,0,480,,אחוז הצבעה בקלפי
מעטפות חיצוניות,9999,416.0,0,501,,אחוז הצבעה בקלפי
מעטפות חיצוניות,9999,417.0,0,503,,אחוז הצבעה בקלפי
מעטפות חיצוניות,9999,418.0,0,493,,אחוז הצבעה בקלפי
מעטפות חיצוניות,9999,419.0,0,501,,אחוז הצבעה בקלפי
מעטפות חיצוניות,9999,420.0,0,500,,אחוז הצבעה בקלפי
מעטפות חיצוניות,9999,421.0,0,303,,אחוז הצבעה בקלפי
מעטפות חיצוניות,9999,422.0,0,189,,אחוז הצבעה בקלפי
מעטפות חיצוניות,9999,423.0,0,302,,אחוז הצבעה בקלפי
מעטפות חיצוניות,9999,424.0,0,302,,אחוז הצבעה בקלפי
מעטפות חיצוניות,9999,426.0,0,601,,אחוז הצבעה בקלפי
מעטפות חיצוניות,9999,427.0,0,600,,אחוז הצבעה בקלפי
מעטפות חיצוניות,9999,428.0,0,597,,אחוז הצבעה בקלפי
מעטפות חיצוניות,9999,429.0,0,601,,אחוז הצבעה בקלפי
מעטפות חיצוניות,9999,430.0,0,597,,אחוז הצבעה בקלפי
מעטפות חיצוניות,9999,431.0,0,489,,אחוז הצבעה בקלפי
מעטפות חיצוניות,9999,432.0,0,599,,אחוז הצבעה בקלפי
מעטפות חיצוניות,9999,433.0,0,518,,אחוז הצבעה בקלפי
מעטפות חיצוניות,9999,434.0,0,600,,אחוז הצבעה בקלפי
מעטפות חיצוניות,9999,435.0,0,600,,אחוז הצבעה בקלפי
מעטפות חיצוניות,9999,437.0,0,595,,אחוז הצבעה בקלפי
מעטפות חיצוניות,9999,438.0,0,605,,אחוז הצבעה בקלפי
מעטפות חיצוניות,9999,439.0,0,592,,אחוז הצבעה בקלפי
מעטפות חיצוניות,9999,440.0,0,600,,אחוז הצבעה בקלפי
מעטפות חיצוניות,9999,441.0,0,603,,אחוז הצבעה בקלפי
מעטפות חיצוניות,9999,442.0,0,602,,אחוז הצבעה בקלפי
מעטפות חיצוניות,9999,443.0,0,603,,אחוז הצבעה בקלפי
מעטפות חיצוניות,9999,444.0,0,597,,אחוז הצבעה בקלפי
מעטפות חיצוניות,9999,445.0,0,601,,אחוז הצבעה בקלפי
מעטפות חיצוניות,9999,446.0,0,600,,אחוז הצבעה בקלפי
מעטפות חיצוניות,9999,447.0,0,594,,אחוז הצבעה בקלפי
מעטפות חיצוניות,9999,448.0,0,612,,אחוז הצבעה בקלפי
מעטפות חיצוניות,9999,449.0,0,599,,אחוז הצבעה בקלפי
מעטפות חיצוניות,9999,450.0,0,602,,אחוז הצבעה בקלפי
מעטפות חיצוניות,9999,451.0,0,602,,אחוז הצבעה בקלפי
מעטפות חיצוניות,9999,452.0,0,553,,אחוז הצבעה בקלפי
מעטפות חיצוניות,9999,453.0,0,609,,אחוז הצבעה בקלפי
מעטפות חיצוניות,9999,454.0,0,574,,אחוז הצבעה בקלפי
מעטפות חיצוניות,9999,455.0,0,608,,אחוז הצבעה בקלפי
מעטפות חיצוניות,9999,456.0,0,606,,אחוז הצבעה בקלפי
מעטפות חיצוניות,9999,457.0,0,602,,אחוז הצבעה בקלפי
מעטפות חיצוניות,9999,458.0,0,598,,אחוז הצבעה בקלפי
מעטפות חיצוניות,9999,459.0,0,560,,אחוז הצבעה בקלפי
מעטפות חיצוניות,9999,460.0,0,595,,אחוז הצבעה בקלפי
מעטפות חיצוניות,9999,461.0,0,602,,אחוז הצבעה בקלפי
מעטפות חיצוניות,9999,462.0,0,600,,אחוז הצבעה בקלפי
מעטפות חיצוניות,9999,463.0,0,600,,אחוז הצבעה בקלפי
מעטפות חיצוניות,9999,464.0,0,603,,אחוז הצבעה בקלפי
מעטפות חיצוניות,9999,465.0,0,600,,אחוז הצבעה בקלפי
מעטפות חיצוניות,9999,466.0,0,604,,אחוז הצבעה בקלפי
מעטפות חיצוניות,9999,467.0,0,591,,אחוז הצבעה בקלפי
מעטפות חיצוניות,9999,468.0,0,598,,אחוז הצבעה בקלפי
מעטפות חיצוניות,9999,469.0,0,596,,אחוז הצבעה בקלפי
מעטפות חיצוניות,9999,470.0,0,601,,אחוז הצבעה בקלפי
מעטפות חיצוניות,9999,471.0,0,588,,אחוז הצבעה בקלפי
מעטפות חיצוניות,9999,472.0,0,610,,אחוז הצבעה בקלפי
מעטפות חיצוניות,9999,473.0,0,600,,אחוז הצבעה בקלפי
מעטפות חיצוניות,9999,474.0,0,600,,אחוז הצבעה בקלפי
מעטפות חיצוניות,9999,475.0,0,585,,אחוז הצבעה בקלפי
מעטפות חיצוניות,9999,476.0,0,616,,אחוז הצבעה בקלפי
מעטפות חיצוניות,9999,477.0,0,591,,אחוז הצבעה בקלפי
מעטפות חיצוניות,9999,478.0,0,605,,אחוז הצבעה בקלפי
מעטפות חיצוניות,9999,479.0,0,601,,אחוז הצבעה בקלפי
מעטפות חיצוניות,9999,480.0,0,594,,אחוז הצבעה בקלפי
מעטפות חיצוניות,9999,481.0,0,600,,אחוז הצבעה בקלפי
מעטפות חיצוניות,9999,482.0,0,601,,אחוז הצבעה בקלפי
מעטפות חיצוניות,9999,483.0,0,601,,אחוז הצבעה בקלפי
מעטפות חיצוניות,9999,484.0,0,600,,אחוז הצבעה בקלפי
מעטפות חיצוניות,9999,485.0,0,588,,אחוז הצבעה בקלפי
מעטפות חיצוניות,9999,486.0,0,606,,אחוז הצבעה בקלפי
מעטפות חיצוניות,9999,487.0,0,597,,אחוז הצבעה בקלפי
מעטפות חיצוניות,9999,488.0,0,598,,אחוז הצבעה בקלפי
מעטפות חיצוניות,9999,489.0,0,586,,אחוז הצבעה בקלפי
מעטפות חיצוניות,9999,490.0,0,600,,אחוז הצבעה בקלפי
מעטפות חיצוניות,9999,491.0,0,607,,אחוז הצבעה בקלפי
מעטפות חיצוניות,9999,492.0,0,600,,אחוז הצבעה בקלפי
מעטפות חיצוניות,9999,493.0,0,603,,אחוז הצבעה בקלפי
מעטפות חיצוניות,9999,494.0,0,602,,אחוז הצבעה בקלפי
מעטפות חיצוניות,9999,495.0,0,610,,אחוז הצבעה בקלפי
מעטפות חיצוניות,9999,496.0,0,606,,אחוז הצבעה בקלפי
מעטפות חיצוניות,9999,497.0,0,606,,אחוז הצבעה בקלפי
מעטפות חיצוניות,9999,498.0,0,655,,אחוז הצבעה בקלפי
מעטפות חיצוניות,9999,499.0,0,609,,אחוז הצבעה בקלפי
מעטפות חיצוניות,9999,500.0,0,600,,אחוז הצבעה בקלפי
מעטפות חיצוניות,9999,501.0,0,483,,אחוז הצבעה בקלפי
מעטפות חיצוניות,9999,502.0,0,594,,אחוז הצבעה בקלפי
מעטפות חיצוניות,9999,503.0,0,601,,אחוז הצבעה בקלפי
מעטפות חיצוניות,9999,504.0,0,500,,אחוז הצבעה בקלפי
מעטפות חיצוניות,9999,505.0,0,623,,אחוז הצבעה בקלפי
מעטפות חיצוניות,9999,506.0,0,501,,אחוז הצבעה בקלפי
מעטפות חיצוניות,9999,507.0,0,510,,אחוז הצבעה בקלפי
מעטפות חיצוניות,9999,508.0,0,493,,אחוז הצבעה בקלפי
מעטפות חיצוניות,9999,509.0,0,494,,אחוז הצבעה בקלפי
מעטפות חיצוניות,9999,510.0,0,500,,אחוז הצבעה בקלפי
מעטפות חיצוניות,9999,511.0,0,600,,אחוז הצבעה בקלפי
מעטפות חיצוניות,9999,512.0,0,500,,אחוז הצבעה בקלפי
מעטפות חיצוניות,9999,513.0,0,603,,אחוז הצבעה בקלפי
מעטפות חיצוניות,9999,514.0,0,501,,אחוז הצבעה בקלפי
מעטפות חיצוניות,9999,515.0,0,499,,אחוז הצבעה בקלפי
מעטפות חיצוניות,9999,516.0,0,497,,אחוז הצבעה בקלפי
מעטפות חיצוניות,9999,517.0,0,500,,אחוז הצבעה בקלפי
מעטפות חיצוניות,9999,518.0,0,501,,אחוז הצבעה בקלפי
מעטפות חיצוניות,9999,519.0,0,305,,אחוז הצבעה בקלפי
מעטפות חיצוניות,9999,520.0,0,490,,אחוז הצבעה בקלפי
מעטפות חיצוניות,9999,521.0,0,593,,אחוז הצבעה בקלפי
מעטפות חיצוניות,9999,522.0,0,502,,אחוז הצבעה בקלפי
מעטפות חיצוניות,9999,523.0,0,301,,אחוז הצבעה בקלפי
מעטפות חיצוניות,9999,524.0,0,303,,אחוז הצבעה בקלפי
מעטפות חיצוניות,9999,525.0,0,307,,אחוז הצבעה בקלפי
מעטפות חיצוניות,9999,526.0,0,300,,אחוז הצבעה בקלפי
מעטפות חיצוניות,9999,527.0,0,301,,אחוז הצבעה בקלפי
מעטפות חיצוניות,9999,528.0,0,202,,אחוז הצבעה בקלפי
מעטפות חיצוניות,9999,532.0,0,202,,אחוז הצבעה בקלפי
מעטפות חיצוניות,9999,533.0,0,301,,אחוז הצבעה בקלפי
מעטפות חיצוניות,9999,541.0,0,488,,אחוז הצבעה בקלפי
מעטפות חיצוניות,9999,542.0,0,603,,אחוז הצבעה בקלפי
מעטפות חיצוניות,9999,543.0,0,600,,אחוז הצבעה בקלפי
מעטפות חיצוניות,9999,551.0,0,605,,אחוז הצבעה בקלפי
מעטפות חיצוניות,9999,552.0,0,600,,אחוז הצבעה בקלפי
מעטפות חיצוניות,9999,553.0,0,546,,אחוז הצבעה בקלפי
מעטפות חיצוניות,9999,554.0,0,602,,אחוז הצבעה בקלפי
מעטפות חיצוניות,9999,555.0,0,588,,אחוז הצבעה בקלפי
מעטפות חיצוניות,9999,556.0,0,590,,אחוז הצבעה בקלפי
מעטפות חיצוניות,9999,557.0,0,510,,אחוז הצבעה בקלפי
מעטפות חיצוניות,9999,558.0,0,596,,אחוז הצבעה בקלפי
מעטפות חיצוניות,9999,559.0,0,602,,אחוז הצבעה בקלפי
מעטפות חיצוניות,9999,560.0,0,587,,אחוז הצבעה בקלפי
מעטפות חיצוניות,9999,561.0,0,606,,אחוז הצבעה בקלפי
מעטפות חיצוניות,9999,562.0,0,449,,אחוז הצבעה בקלפי
מעטפות חיצוניות,9999,563.0,0,597,,אחוז הצבעה בקלפי
מעטפות חיצוניות,9999,564.0,0,599,,אחוז הצבעה בקלפי
מעטפות חיצוניות,9999,565.0,0,598,,אחוז הצבעה בקלפי
מעטפות חיצוניות,9999,566.0,0,610,,אחוז הצבעה בקלפי
מעטפות חיצוניות,9999,567.0,0,602,,אחוז הצבעה בקלפי
מעטפות חיצוניות,9999,568.0,0,599,,אחוז הצבעה בקלפי
מעטפות חיצוניות,9999,569.0,0,622,,אחוז הצבעה בקלפי
מעטפות חיצוניות,9999,570.0,0,579,,אחוז הצבעה בקלפי
מעטפות חיצוניות,9999,571.0,0,400,,אחוז הצבעה בקלפי
מעטפות חיצוניות,9999,572.0,0,611,,אחוז הצבעה בקלפי
מעטפות חיצוניות,9999,573.0,0,590,,אחוז הצבעה בקלפי
מעטפות חיצוניות,9999,574.0,0,617,,אחוז הצבעה בקלפי
מעטפות חיצוניות,9999,575.0,0,621,,אחוז הצבעה בקלפי
מעטפות חיצוניות,9999,576.0,0,593,,אחוז הצבעה בקלפי
מעטפות חיצוניות,9999,577.0,0,604,,אחוז הצבעה בקלפי
מעטפות חיצוניות,9999,578.0,0,598,,אחוז הצבעה בקלפי
מעטפות חיצוניות,9999,579.0,0,595,,אחוז הצבעה בקלפי
מעטפות חיצוניות,9999,580.0,0,596,,אחוז הצבעה בקלפי
מעטפות חיצוניות,9999,581.0,0,597,,אחוז הצבעה בקלפי
מעטפות חיצוניות,9999,582.0,0,749,,אחוז הצבעה בקלפי
מעטפות חיצוניות,9999,583.0,0,603,,אחוז הצבעה בקלפי
מעטפות חיצוניות,9999,584.0,0,607,,אחוז הצבעה בקלפי
מעטפות חיצוניות,9999,585.0,0,604,,אחוז הצבעה בקלפי
מעטפות חיצוניות,9999,586.0,0,602,,אחוז הצבעה בקלפי
מעטפות חיצוניות,9999,587.0,0,606,,אחוז הצבעה בקלפי
מעטפות חיצוניות,9999,591.0,0,783,,אחוז הצבעה בקלפי
מעטפות חיצוניות,9999,592.0,0,602,,אחוז הצבעה בקלפי
מעטפות חיצוניות,9999,593.0,0,401,,אחוז הצבעה בקלפי
מעטפות חיצוניות,9999,594.0,0,604,,אחוז הצבעה בקלפי
מעטפות חיצוניות,9999,595.0,0,609,,אחוז הצבעה בקלפי
מעטפות חיצוניות,9999,596.0,0,602,,אחוז הצבעה בקלפי
מעטפות חיצוניות,9999,597.0,0,602,,אחוז הצבעה בקלפי
מעטפות חיצוניות,9999,598.0,0,402,,אחוז הצבעה בקלפי
מעטפות חיצוניות,9999,599.0,0,599,,אחוז הצבעה בקלפי
מעטפות חיצוניות,9999,600.0,0,603,,אחוז הצבעה בקלפי
מעטפות חיצוניות,9999,601.0,0,599,,אחוז הצבעה בקלפי
מעטפות חיצוניות,9999,602.0,0,601,,אחוז הצבעה בקלפי
מעטפות חיצוניות,9999,603.0,0,552,,אחוז הצבעה בקלפי
מעטפות חיצוניות,9999,604.0,0,612,,אחוז הצבעה בקלפי
מעטפות חיצוניות,9999,605.0,0,599,,אחוז הצבעה בקלפי
מעטפות חיצוניות,9999,606.0,0,612,,אחוז הצבעה בקלפי
מעטפות חיצוניות,9999,607.0,0,598,,אחוז הצבעה בקלפי
מעטפות חיצוניות,9999,608.0,0,602,,אחוז הצבעה בקלפי
מעטפות חיצוניות,9999,609.0,0,614,,אחוז הצבעה בקלפי
מעטפות חיצוניות,9999,610.0,0,605,,אחוז הצבעה בקלפי
מעטפות חיצוניות,9999,611.0,0,591,,אחוז הצבעה בקלפי
מעטפות חיצוניות,9999,612.0,0,497,,אחוז הצבעה בקלפי
מעטפות חיצוניות,9999,613.0,0,500,,אחוז הצבעה בקלפי
מעטפות חיצוניות,9999,614.0,0,590,,אחוז הצבעה בקלפי
מעטפות חיצוניות,9999,615.0,0,602,,אחוז הצבעה בקלפי
מעטפות חיצוניות,9999,616.0,0,601,,אחוז הצבעה בקלפי
מעטפות חיצוניות,9999,617.0,0,600,,אחוז הצבעה בקלפי
מעטפות חיצוניות,9999,618.0,0,602,,אחוז הצבעה בקלפי
מעטפות חיצוניות,9999,619.0,0,713,,אחוז הצבעה בקלפי
מעטפות חיצוניות,9999,620.0,0,605,,אחוז הצבעה בקלפי
מעטפות חיצוניות,9999,621.0,0,601,,אחוז הצבעה בקלפי
מעטפות חיצוניות,9999,622.0,0,402,,אחוז הצבעה בקלפי
מעטפות חיצוניות,9999,623.0,0,590,,אחוז הצבעה בקלפי
מעטפות חיצוניות,9999,624.0,0,603,,אחוז הצבעה בקלפי
מעטפות חיצוניות,9999,625.0,0,573,,אחוז הצבעה בקלפי
מעטפות חיצוניות,9999,626.0,0,595,,אחוז הצבעה בקלפי
מעטפות חיצוניות,9999,627.0,0,588,,אחוז הצבעה בקלפי
מעטפות חיצוניות,9999,628.0,0,597,,אחוז הצבעה בקלפי
מעטפות חיצוניות,9999,629.0,0,618,,אחוז הצבעה בקלפי
מעטפות חיצוניות,9999,630.0,0,401,,אחוז הצבעה בקלפי
מעטפות חיצוניות,9999,631.0,0,606,,אחוז הצבעה בקלפי
מעטפות חיצוניות,9999,632.0,0,605,,אחוז הצבעה בקלפי
מעטפות חיצוניות,9999,633.0,0,599,,אחוז הצבעה בקלפי
מעטפות חיצוניות,9999,634.0,0,600,,אחוז הצבעה בקלפי
מעטפות חיצוניות,9999,635.0,0,594,,אחוז הצבעה בקלפי
מעטפות חיצוניות,9999,636.0,0,592,,אחוז הצבעה בקלפי
מעטפות חיצוניות,9999,637.0,0,598,,אחוז הצבעה בקלפי
מעטפות חיצוניות,9999,638.0,0,600,,אחוז הצבעה בקלפי
מעטפות חיצוניות,9999,639.0,0,597,,אחוז הצבעה בקלפי
מעטפות חיצוניות,9999,640.0,0,539,,אחוז הצבעה בקלפי
מעטפות חיצוניות,9999,641.0,0,252,,אחוז הצבעה בקלפי
מעטפות חיצוניות,9999,642.0,0,600,,אחוז הצבעה בקלפי
מעטפות חיצוניות,9999,643.0,0,600,,אחוז הצבעה בקלפי
מעטפות חיצוניות,9999,644.0,0,596,,אחוז הצבעה בקלפי
מעטפות חיצוניות,9999,645.0,0,587,,אחוז הצבעה בקלפי
מעטפות חיצוניות,9999,646.0,0,592,,אחוז הצבעה בקלפי
מעטפות חיצוניות,9999,647.0,0,604,,אחוז הצבעה בקלפי
מעטפות חיצוניות,9999,648.0,0,590,,אחוז הצבעה בקלפי
מעטפות חיצוניות,9999,649.0,0,594,,אחוז הצבעה בקלפי
מעטפות חיצוניות,9999,650.0,0,597,,אחוז הצבעה בקלפי
מעטפות חיצוניות,9999,651.0,0,200,,אחוז הצבעה בקלפי
מעטפות חיצוניות,9999,653.0,0,200,,אחוז הצבעה בקלפי
מעטפות חיצוניות,9999,654.0,0,248,,אחוז הצבעה בקלפי
מעטפות חיצוניות,9999,655.0,0,306,,אחוז הצבעה בקלפי
מעטפות חיצוניות,9999,656.0,0,200,,אחוז הצבעה בקלפי
מעטפות חיצוניות,9999,657.0,0,587,,אחוז הצבעה בקלפי
מעטפות חיצוניות,9999,658.0,0,606,,אחוז הצבעה בקלפי
מעטפות חיצוניות,9999,659.0,0,600,,אחוז הצבעה בקלפי
מעטפות חיצוניות,9999,660.0,0,567,,אחוז הצבעה בקלפי
מעטפות חיצוניות,9999,661.0,0,200,,אחוז הצבעה בקלפי
מעטפות חיצוניות,9999,668.0,0,200,,אחוז הצבעה בקלפי
מעטפות חיצוניות,9999,669.0,0,200,,אחוז הצבעה בקלפי
מעטפות חיצוניות,9999,670.0,0,195,,אחוז הצבעה בקלפי
מעטפות חיצוניות,9999,701.0,0,599,,אחוז הצבעה בקלפי
מעטפות חיצוניות,9999,702.0,0,599,,אחוז הצבעה בקלפי
מעטפות חיצוניות,9999,703.0,0,604,,אחוז הצבעה בקלפי
מעטפות חיצוניות,9999,704.0,0,600,,אחוז הצבעה בקלפי
מעטפות חיצוניות,9999,705.0,0,620,,אחוז הצבעה בקלפי
מעטפות חיצוניות,9999,706.0,0,604,,אחוז הצבעה בקלפי
מעטפות חיצוניות,9999,707.0,0,599,,אחוז הצבעה בקלפי
מעטפות חיצוניות,9999,708.0,0,616,,אחוז הצבעה בקלפי
מעטפות חיצוניות,9999,709.0,0,598,,אחוז הצבעה בקלפי
מעטפות חיצוניות,9999,710.0,0,601,,אחוז הצבעה בקלפי
מעטפות חיצוניות,9999,711.0,0,602,,אחוז הצבעה בקלפי
מעטפות חיצוניות,9999,712.0,0,592,,אחוז הצבעה בקלפי
מעטפות חיצוניות,9999,713.0,0,603,,אחוז הצבעה בקלפי
מעטפות חיצוניות,9999,714.0,0,603,,אחוז הצבעה בקלפי
מעטפות חיצוניות,9999,715.0,0,600,,אחוז הצבעה בקלפי
מעטפות חיצוניות,9999,716.0,0,601,,אחוז הצבעה בקלפי
מעטפות חיצוניות,9999,717.0,0,601,,אחוז הצבעה בקלפי
מעטפות חיצוניות,9999,718.0,0,602,,אחוז הצבעה בקלפי
מעטפות חיצוניות,9999,719.0,0,603,,אחוז הצבעה בקלפי
מעטפות חיצוניות,9999,720.0,0,599,,אחוז הצבעה בקלפי
מעטפות חיצוניות,9999,721.0,0,646,,אחוז הצבעה בקלפי
מעטפות חיצוניות,9999,722.0,0,597,,אחוז הצבעה בקלפי
מעטפות חיצוניות,9999,723.0,0,575,,אחוז הצבעה בקלפי
מעטפות חיצוניות,9999,724.0,0,600,,אחוז הצבעה בקלפי
מעטפות חיצוניות,9999,725.0,0,604,,אחוז הצבעה בקלפי
מעטפות חיצוניות,9999,726.0,0,605,,אחוז הצבעה בקלפי
מעטפות חיצוניות,9999,727.0,0,600,,אחוז הצבעה בקלפי
מעטפות חיצוניות,9999,728.0,0,600,,אחוז הצבעה בקלפי
מעטפות חיצוניות,9999,729.0,0,593,,אחוז הצבעה בקלפי
מעטפות חיצוניות,9999,730.0,0,599,,אחוז הצבעה בקלפי
מעטפות חיצוניות,9999,731.0,0,595,,אחוז הצבעה בקלפי
מעטפות חיצוניות,9999,732.0,0,600,,אחוז הצבעה בקלפי
מעטפות חיצוניות,9999,733.0,0,599,,אחוז הצבעה בקלפי
מעטפות חיצוניות,9999,734.0,0,589,,אחוז הצבעה בקלפי
מעטפות חיצוניות,9999,735.0,0,603,,אחוז הצבעה בקלפי
מעטפות חיצוניות,9999,736.0,0,602,,אחוז הצבעה בקלפי
מעטפות חיצוניות,9999,737.0,0,599,,אחוז הצבעה בקלפי
מעטפות חיצוניות,9999,738.0,0,600,,אחוז הצבעה בקלפי
מעטפות חיצוניות,9999,739.0,0,600,,אחוז הצבעה בקלפי
מעטפות חיצוניות,9999,740.0,0,605,,אחוז הצבעה בקלפי
מעטפות חיצוניות,9999,741.0,0,597,,אחוז הצבעה בקלפי
מעטפות חיצוניות,9999,742.0,0,601,,אחוז הצבעה בקלפי
מעטפות חיצוניות,9999,743.0,0,600,,אחוז הצבעה בקלפי
מעטפות חיצוניות,9999,744.0,0,601,,אחוז הצבעה בקלפי
מעטפות חיצוניות,9999,745.0,0,705,,אחוז הצבעה בקלפי
מעטפות חיצוניות,9999,746.0,0,607,,אחוז הצבעה בקלפי
מעטפות חיצוניות,9999,747.0,0,601,,אחוז הצבעה בקלפי
מעטפות חיצוניות,9999,748.0,0,600,,אחוז הצבעה בקלפי
מעטפות חיצוניות,9999,749.0,0,598,,אחוז הצבעה בקלפי
מעטפות חיצוניות,9999,750.0,0,600,,אחוז הצבעה בקלפי
מעטפות חיצוניות,9999,751.0,0,602,,אחוז הצבעה בקלפי
מעטפות חיצוניות,9999,752.0,0,600,,אחוז הצבעה בקלפי
מעטפות חיצוניות,9999,753.0,0,604,,אחוז הצבעה בקלפי
מעטפות חיצוניות,9999,754.0,0,603,,אחוז הצבעה בקלפי
מעטפות חיצוניות,9999,755.0,0,619,,אחוז הצבעה בקלפי
מעטפות חיצוניות,9999,756.0,0,600,,אחוז הצבעה בקלפי
מעטפות חיצוניות,9999,757.0,0,604,,אחוז הצבעה בקלפי
מעטפות חיצוניות,9999,758.0,0,601,,אחוז הצבעה בקלפי
מעטפות חיצוניות,9999,759.0,0,600,,אחוז הצבעה בקלפי
מעטפות חיצוניות,9999,760.0,0,583,,אחוז הצבעה בקלפי
מעטפות חיצוניות,9999,761.0,0,600,,אחוז הצבעה בקלפי
מעטפות חיצוניות,9999,762.0,0,600,,אחוז הצבעה בקלפי
מעטפות חיצוניות,9999,763.0,0,599,,אחוז הצבעה בקלפי
מעטפות חיצוניות,9999,764.0,0,577,,אחוז הצבעה בקלפי
מעטפות חיצוניות,9999,765.0,0,631,,אחוז הצבעה בקלפי
מעטפות חיצוניות,9999,766.0,0,613,,אחוז הצבעה בקלפי
מעטפות חיצוניות,9999,767.0,0,602,,אחוז הצבעה בקלפי
מעטפות חיצוניות,9999,768.0,0,600,,אחוז הצבעה בקלפי
מעטפות חיצוניות,9999,769.0,0,609,,אחוז הצבעה בקלפי
מעטפות חיצוניות,9999,770.0,0,601,,אחוז הצבעה בקלפי
מעטפות חיצוניות,9999,771.0,0,601,,אחוז הצבעה בקלפי
מעטפות חיצוניות,9999,772.0,0,600,,אחוז הצבעה בקלפי
מעטפות חיצוניות,9999,773.0,0,605,,אחוז הצבעה בקלפי
מעטפות חיצוניות,9999,774.0,0,601,,אחוז הצבעה בקלפי
מעטפות חיצוניות,9999,775.0,0,610,,אחוז הצבעה בקלפי
מעטפות חיצוניות,9999,776.0,0,493,,אחוז הצבעה בקלפי
מעטפות חיצוניות,9999,777.0,0,497,,אחוז הצבעה בקלפי
מעטפות חיצוניות,9999,778.0,0,505,,אחוז הצבעה בקלפי
מעטפות חיצוניות,9999,779.0,0,500,,אחוז הצבעה בקלפי
מעטפות חיצוניות,9999,781.0,0,598,,אחוז הצבעה בקלפי
מעטפות חיצוניות,9999,782.0,0,550,,אחוז הצבעה בקלפי
מעטפות חיצוניות,9999,783.0,0,593,,אחוז הצבעה בקלפי
מעטפות חיצוניות,9999,784.0,0,597,,אחוז הצבעה בקלפי
מעטפות חיצוניות,9999,785.0,0,589,,אחוז הצבעה בקלפי
מעטפות חיצוניות,9999,786.0,0,600,,אחוז הצבעה בקלפי
מעטפות חיצוניות,9999,787.0,0,622,,אחוז הצבעה בקלפי
מעטפות חיצוניות,9999,788.0,0,590,,אחוז הצבעה בקלפי
מעטפות חיצוניות,9999,789.0,0,581,,אחוז הצבעה בקלפי
מעטפות חיצוניות,9999,790.0,0,610,,אחוז הצבעה בקלפי
מעטפות חיצוניות,9999,796.0,0,303,,אחוז הצבעה בקלפי
מעטפות חיצוניות,9999,797.0,0,251,,אחוז הצבעה בקלפי
מעטפות חיצוניות,9999,798.0,0,300,,אחוז הצבעה בקלפי
מעטפות חיצוניות,9999,799.0,0,240,,אחוז הצבעה בקלפי
מעטפות חיצוניות,9999,801.0,0,602,,אחוז הצבעה בקלפי
מעטפות חיצוניות,9999,802.0,0,572,,אחוז הצבעה בקלפי
מעטפות חיצוניות,9999,803.0,0,602,,אחוז הצבעה בקלפי
מעטפות חיצוניות,9999,804.0,0,600,,אחוז הצבעה בקלפי
מעטפות חיצוניות,9999,805.0,0,601,,אחוז הצבעה בקלפי
מעטפות חיצוניות,9999,806.0,0,601,,אחוז הצבעה בקלפי
מעטפות חיצוניות,9999,807.0,0,603,,אחוז הצבעה בקלפי
מעטפות חיצוניות,9999,808.0,0,600,,אחוז הצבעה בקלפי
מעטפות חיצוניות,9999,809.0,0,600,,אחוז הצבעה בקלפי
מעטפות חיצוניות,9999,810.0,0,605,,אחוז הצבעה בקלפי
מעטפות חיצוניות,9999,811.0,0,603,,אחוז הצבעה בקלפי
מעטפות חיצוניות,9999,812.0,0,602,,אחוז הצבעה בקלפי
מעטפות חיצוניות,9999,813.0,0,619,,אחוז הצבעה בקלפי
מעטפות חיצוניות,9999,814.0,0,603,,אחוז הצבעה בקלפי
מעטפות חיצוניות,9999,815.0,0,601,,אחוז הצבעה בקלפי
מעטפות חיצוניות,9999,816.0,0,610,,אחוז הצבעה בקלפי
מעטפות חיצוניות,9999,817.0,0,600,,אחוז הצבעה בקלפי
מעטפות חיצוניות,9999,818.0,0,593,,אחוז הצבעה בקלפי
מעטפות חיצוניות,9999,819.0,0,603,,אחוז הצבעה בקלפי
מעטפות חיצוניות,9999,820.0,0,570,,אחוז הצבעה בקלפי
מעטפות חיצוניות,9999,821.0,0,591,,אחוז הצבעה בקלפי
מעטפות חיצוניות,9999,822.0,0,599,,אחוז הצבעה בקלפי
מעטפות חיצוניות,9999,823.0,0,606,,אחוז הצבעה בקלפי
מעטפות חיצוניות,9999,824.0,0,597,,אחוז הצבעה בקלפי
מעטפות חיצוניות,9999,825.0,0,602,,אחוז הצבעה בקלפי
מעטפות חיצוניות,9999,826.0,0,619,,אחוז הצבעה בקלפי
מעטפות חיצוניות,9999,827.0,0,604,,אחוז הצבעה בקלפי
מעטפות חיצוניות,9999,828.0,0,602,,אחוז הצבעה בקלפי
מעטפות חיצוניות,9999,829.0,0,599,,אחוז הצבעה בקלפי
מעטפות חיצוניות,9999,830.0,0,602,,אחוז הצבעה בקלפי
מעטפות חיצוניות,9999,831.0,0,289,,אחוז הצבעה בקלפי
מעטפות חיצוניות,9999,832.0,0,309,,אחוז הצבעה בקלפי
מעטפות חיצוניות,9999,833.0,0,251,,אחוז הצבעה בקלפי
מעטפות חיצוניות,9999,834.0,0,294,,אחוז הצבעה בקלפי
מעטפות חיצוניות,9999,835.0,0,280,,אחוז הצבעה בקלפי
מעטפות חיצוניות,9999,836.0,0,499,,אחוז הצבעה בקלפי
מעטפות חיצוניות,9999,837.0,0,608,,אחוז הצבעה בקלפי
מעטפות חיצוניות,9999,838.0,0,600,,אחוז הצבעה בקלפי
מעטפות חיצוניות,9999,839.0,0,547,,אחוז הצבעה בקלפי
מעטפות חיצוניות,9999,840.0,0,496,,אחוז הצבעה בקלפי
מעטפות חיצוניות,9999,841.0,0,596,,אחוז הצבעה בקלפי
מעטפות חיצוניות,9999,842.0,0,493,,אחוז הצבעה בקלפי
מעטפות חיצוניות,9999,843.0,0,553,,אחוז הצבעה בקלפי
מעטפות חיצוניות,9999,844.0,0,590,,אחוז הצבעה בקלפי
מעטפות חיצוניות,9999,845.0,0,501,,אחוז הצבעה בקלפי
מעטפות חיצוניות,9999,846.0,0,495,,אחוז הצבעה בקלפי
מעטפות חיצוניות,9999,847.0,0,502,,אחוז הצבעה בקלפי
מעטפות חיצוניות,9999,848.0,0,501,,אחוז הצבעה בקלפי
מעטפות חיצוניות,9999,849.0,0,497,,אחוז הצבעה בקלפי
מעטפות חיצוניות,9999,850.0,0,482,,אחוז הצבעה בקלפי
מעטפות חיצוניות,9999,861.0,0,599,,אחוז הצבעה בקלפי
מעטפות חיצוניות,9999,871.0,0,603,,אחוז הצבעה בקלפי
מעטפות חיצוניות,9999,872.0,0,545,,אחוז הצבעה בקלפי
מעטפות חיצוניות,9999,881.0,0,605,,אחוז הצבעה בקלפי
מעטפות חיצוניות,9999,882.0,0,598,,אחוז הצבעה בקלפי
מעטפות חיצוניות,9999,891.0,0,606,,אחוז הצבעה בקלפי
מעטפות חיצוניות,9999,892.0,0,492,,אחוז הצבעה בקלפי
מעטפות חיצוניות,9999,901.0,0,401,,אחוז הצבעה בקלפי
מעטפות חיצוניות,9999,902.0,0,523,,אחוז הצבעה בקלפי
מעטפות חיצוניות,9999,911.0,0,599,,אחוז הצבעה בקלפי
מעטפות חיצוניות,9999,912.0,0,490,,אחוז הצבעה בקלפי
מעטפות חיצוניות,9999,921.0,0,602,,אחוז הצבעה בקלפי
מעטפות חיצוניות,9999,922.0,0,610,,אחוז הצבעה בקלפי
מעטפות חיצוניות,9999,931.0,0,271,,אחוז הצבעה בקלפי
מעטפות חיצוניות,9999,932.0,0,200,,אחוז הצבעה בקלפי
מעטפות חיצוניות,9999,933.0,0,205,,אחוז הצבעה בקלפי
מעטפות חיצוניות,9999,936.0,0,108,,אחוז הצבעה בקלפי
מעטפות חיצוניות,9999,943.0,0,252,,אחוז הצבעה בקלפי
מעטפות חיצוניות,9999,944.0,0,200,,אחוז הצבעה בקלפי
מעטפות חיצוניות,9999,945.0,0,297,,אחוז הצבעה בקלפי
מעטפות חיצוניות,9999,951.0,0,99,,אחוז הצבעה בקלפי
מעטפות חיצוניות,9999,953.0,0,198,,אחוז הצבעה בקלפי
מעטפות חיצוניות,9999,954.0,0,178,,אחוז הצבעה בקלפי
מעטפות חיצוניות,9999,955.0,0,103,,אחוז הצבעה בקלפי
מעטפות חיצוניות,9999,961.0,0,304,,אחוז הצבעה בקלפי
מעטפות חיצוניות,9999,962.0,0,313,,אחוז הצבעה בקלפי
מעטפות חיצוניות,9999,963.0,0,302,,אחוז הצבעה בקלפי
מעטפות חיצוניות,9999,972.0,0,256,,אחוז הצבעה בקלפי
מעטפות חיצוניות,9999,973.0,0,300,,אחוז הצבעה בקלפי
מעטפות חיצוניות,9999,976.0,0,156,,אחוז הצבעה בקלפי
מעטפות חיצוניות,9999,977.0,0,299,,אחוז הצבעה בקלפי
מעטפות חיצוניות,9999,983.0,0,152,,אחוז הצבעה בקלפי
מעטפות חיצוניות,9999,984.0,0,101,,אחוז הצבעה בקלפי
מעטפות חיצוניות,9999,986.0,0,302,,אחוז הצבעה בקלפי
מעטפות חיצוניות,9999,991.0,0,101,,אחוז הצבעה בקלפי
מעטפות חיצוניות,9999,993.0,0,102,,אחוז הצבעה בקלפי
מעטפות חיצוניות,9999,995.0,0,100,,אחוז הצבעה בקלפי
מעטפות חיצוניות,9999,1201.0,0,616,,אחוז הצבעה בקלפי
מעטפות חיצוניות,9999,1202.0,0,300,,אחוז הצבעה בקלפי
מעטפות חיצוניות,9999,1203.0,0,302,,אחוז הצבעה בקלפי
מעטפות חיצוניות,9999,1204.0,0,303,,אחוז הצבעה בקלפי
מעטפות חיצוניות,9999,1205.0,0,303,,אחוז הצבעה בקלפי
מעטפות חיצוניות,9999,1206.0,0,300,,אחוז הצבעה בקלפי
מעטפות חיצוניות,9999,1207.0,0,300,,אחוז הצבעה בקלפי
מעטפות חיצוניות,9999,1208.0,0,300,,אחוז הצבעה בקלפי
מעטפות חיצוניות,9999,1209.0,0,299,,אחוז הצבעה בקלפי
מעטפות חיצוניות,9999,1210.0,0,301,,אחוז הצבעה בקלפי
מעטפות חיצוניות,9999,1211.0,0,300,,אחוז הצבעה בקלפי
מעטפות חיצוניות,9999,1212.0,0,285,,אחוז הצבעה בקלפי
מעטפות חיצוניות,9999,1213.0,0,299,,אחוז הצבעה בקלפי
מעטפות חיצוניות,9999,1214.0,0,280,,אחוז הצבעה בקלפי
מעטפות חיצוניות,9999,1215.0,0,305,,אחוז הצבעה בקלפי
מעטפות חיצוניות,9999,1216.0,0,302,,אחוז הצבעה בקלפי
מעטפות חיצוניות,9999,1217.0,0,251,,אחוז הצבעה בקלפי
מעטפות חיצוניות,9999,1218.0,0,311,,אחוז הצבעה בקלפי
מעטפות חיצוניות,9999,1219.0,0,299,,אחוז הצבעה בקלפי
מעטפות חיצוניות,9999,1220.0,0,305,,אחוז הצבעה בקלפי
מעטפות חיצוניות,9999,1221.0,0,299,,אחוז הצבעה בקלפי
מעטפות חיצוניות,9999,1222.0,0,297,,אחוז הצבעה בקלפי
מעטפות חיצוניות,9999,1223.0,0,301,,אחוז הצבעה בקלפי
מעטפות חיצוניות,9999,1224.0,0,300,,אחוז הצבעה בקלפי
מעטפות חיצוניות,9999,1225.0,0,251,,אחוז הצבעה בקלפי
מעטפות חיצוניות,9999,1226.0,0,287,,אחוז הצבעה בקלפי
מעטפות חיצוניות,9999,1227.0,0,302,,אחוז הצבעה בקלפי
מעטפות חיצוניות,9999,1228.0,0,298,,אחוז הצבעה בקלפי
מעטפות חיצוניות,9999,1258.0,0,300,,אחוז הצבעה בקלפי
מעיליא,518,1.0,691,475,68.7409551374819,אחוז הצבעה בקלפי
מעיליא,518,2.0,637,411,64.52119309262166,אחוז הצבעה בקלפי
מעיליא,518,3.0,675,449,66.51851851851852,אחוז הצבעה בקלפי
מעיליא,518,4.0,613,406,66.23164763458401,אחוז הצבעה בקלפי
מעין ברוך,416,1.0,489,322,65.84867075664621,אחוז הצבעה בקלפי
מעין צבי,290,1.0,684,482,70.46783625730994,אחוז הצבעה בקלפי
מעלה אדומים,3616,1.1,659,429,65.09863429438543,אחוז הצבעה בקלפי
מעלה אדומים,3616,1.2,659,429,65.09863429438543,אחוז הצבעה בקלפי
מעלה אדומים,3616,2.0,442,291,65.83710407239819,אחוז הצבעה בקלפי
מעלה אדומים,3616,3.0,611,441,72.17675941080196,אחוז הצבעה בקלפי
מעלה אדומים,3616,4.0,689,459,66.61828737300436,אחוז הצבעה בקלפי
מעלה אדומים,3616,6.0,582,340,58.4192439862543,אחוז הצבעה בקלפי
מעלה אדומים,3616,8.0,677,436,64.40177252584934,אחוז הצבעה בקלפי
מעלה אדומים,3616,9.1,662,373,56.34441087613293,אחוז הצבעה בקלפי
מעלה אדומים,3616,9.2,662,377,56.948640483383684,אחוז הצבעה בקלפי
מעלה אדומים,3616,10.0,637,413,64.83516483516483,אחוז הצבעה בקלפי
מעלה אדומים,3616,11.0,639,397,62.1283255086072,אחוז הצבעה בקלפי
מעלה אדומים,3616,13.0,529,326,61.62570888468809,אחוז הצבעה בקלפי
מעלה אדומים,3616,14.1,449,323,71.93763919821826,אחוז הצבעה בקלפי
מעלה אדומים,3616,14.2,448,318,70.98214285714286,אחוז הצבעה בקלפי
מעלה אדומים,3616,15.0,571,365,63.92294220665499,אחוז הצבעה בקלפי
מעלה אדומים,3616,19.0,543,394,72.55985267034991,אחוז הצבעה בקלפי
מעלה אדומים,3616,20.0,580,408,70.34482758620689,אחוז הצבעה בקלפי
מעלה אדומים,3616,22.1,576,407,70.65972222222221,אחוז הצבעה בקלפי
מעלה אדומים,3616,22.2,576,409,71.00694444444444,אחוז הצבעה בקלפי
מעלה אדומים,3616,22.3,576,421,73.09027777777779,אחוז הצבעה בקלפי
מעלה אדומים,3616,22.4,576,410,71.18055555555556,אחוז הצבעה בקלפי
מעלה אדומים,3616,22.5,572,362,63.286713286713294,אחוז הצבעה בקלפי
מעלה אדומים,3616,29.1,494,358,72.46963562753037,אחוז הצבעה בקלפי
מעלה אדומים,3616,29.2,494,387,78.34008097165992,אחוז הצבעה בקלפי
מעלה אדומים,3616,29.3,492,378,76.82926829268293,אחוז הצבעה בקלפי
מעלה אדומים,3616,31.1,658,439,66.71732522796353,אחוז הצבעה בקלפי
מעלה אדומים,3616,31.2,658,429,65.19756838905775,אחוז הצבעה בקלפי
מעלה אדומים,3616,31.3,658,492,74.77203647416414,אחוז הצבעה בקלפי
מעלה אדומים,3616,31.4,658,457,69.45288753799392,אחוז הצבעה בקלפי
מעלה אדומים,3616,31.5,657,440,66.9710806697108,אחוז הצבעה בקלפי
מעלה אדומים,3616,33.0,491,371,75.56008146639512,אחוז הצבעה בקלפי
מעלה אדומים,3616,35.0,468,362,77.35042735042735,אחוז הצבעה בקלפי
מעלה אדומים,3616,42.1,667,497,74.5127436281859,אחוז הצבעה בקלפי
מעלה אדומים,3616,42.2,667,514,77.06146926536732,אחוז הצבעה בקלפי
מעלה אדומים,3616,42.3,667,505,75.71214392803599,אחוז הצבעה בקלפי
מעלה אדומים,3616,42.4,665,497,74.73684210526315,אחוז הצבעה בקלפי
מעלה אדומים,3616,44.0,576,396,68.75,אחוז הצבעה בקלפי
מעלה אדומים,3616,45.1,545,425,77.98165137614679,אחוז הצבעה בקלפי
מעלה אדומים,3616,45.2,545,420,77.06422018348624,אחוז הצבעה בקלפי
מעלה אדומים,3616,45.3,545,426,78.1651376146789,אחוז הצבעה בקלפי
מעלה אדומים,3616,45.4,544,424,77.94117647058823,אחוז הצבעה בקלפי
מעלה אדומים,3616,46.0,595,449,75.46218487394958,אחוז הצבעה בקלפי
מעלה אדומים,3616,950.1,534,377,70.59925093632958,אחוז הצבעה בקלפי
מעלה אדומים,3616,950.2,534,388,72.65917602996255,אחוז הצבעה בקלפי
מעלה אדומים,3616,950.3,534,396,74.15730337078652,אחוז הצבעה בקלפי
מעלה אדומים,3616,950.4,531,395,74.3879472693032,אחוז הצבעה בקלפי
מעלה אדומים,3616,952.1,675,474,70.22222222222221,אחוז הצבעה בקלפי
מעלה אדומים,3616,952.2,675,486,72.0,אחוז הצבעה בקלפי
מעלה אפרים,3608,1.0,504,278,55.158730158730165,אחוז הצבעה בקלפי
מעלה אפרים,3608,2.0,658,352,53.49544072948328,אחוז הצבעה בקלפי
מעלה גלבוע,1127,1.0,386,310,80.31088082901555,אחוז הצבעה בקלפי
מעלה גמלא,4008,1.0,416,317,76.20192307692307,אחוז הצבעה בקלפי
מעלה החמישה,286,1.0,589,423,71.81663837011885,אחוז הצבעה בקלפי
מעלה לבונה,3752,1.0,461,351,76.13882863340564,אחוז הצבעה בקלפי
מעלה מכמש,3651,1.0,558,432,77.41935483870968,אחוז הצבעה בקלפי
מעלה מכמש,3651,2.0,518,404,77.99227799227799,אחוז הצבעה בקלפי
מעלה עירון,1327,3.0,676,370,54.73372781065089,אחוז הצבעה בקלפי
מעלה עירון,1327,5.1,677,193,28.508124076809455,אחוז הצבעה בקלפי
מעלה עירון,1327,5.2,677,261,38.55243722304284,אחוז הצבעה בקלפי
מעלה עירון,1327,6.0,532,313,58.83458646616542,אחוז הצבעה בקלפי
מעלה עירון,1327,8.0,669,338,50.52316890881914,אחוז הצבעה בקלפי
מעלה עירון,1327,9.0,634,357,56.30914826498423,אחוז הצבעה בקלפי
מעלה עירון,1327,11.1,533,146,27.392120075046904,אחוז הצבעה בקלפי
מעלה עירון,1327,11.2,533,195,36.58536585365854,אחוז הצבעה בקלפי
מעלה עירון,1327,11.3,532,194,36.46616541353384,אחוז הצבעה בקלפי
מעלה עירון,1327,13.0,577,303,52.512998266897746,אחוז הצבעה בקלפי
מעלה עירון,1327,14.1,678,282,41.5929203539823,אחוז הצבעה בקלפי
מעלה עירון,1327,14.2,678,255,37.610619469026545,אחוז הצבעה בקלפי
מעלה עירון,1327,14.3,678,236,34.80825958702065,אחוז הצבעה בקלפי
מעלה עירון,1327,14.4,678,249,36.72566371681416,אחוז הצבעה בקלפי
מעלה עירון,1327,14.5,674,304,45.103857566765576,אחוז הצבעה בקלפי
מעלה עירון,1327,15.0,675,319,47.25925925925926,אחוז הצבעה בקלפי
מעלה עירון,1327,16.0,577,284,49.220103986135186,אחוז הצבעה בקלפי
מעלה עמוס,3653,1.0,431,326,75.63805104408353,אחוז הצבעה בקלפי
מעלותתרשיחא,1063,1.0,689,361,52.39477503628447,אחוז הצבעה בקלפי
מעלותתרשיחא,1063,2.0,445,272,61.12359550561798,אחוז הצבעה בקלפי
מעלותתרשיחא,1063,4.0,464,205,44.18103448275862,אחוז הצבעה בקלפי
מעלותתרשיחא,1063,5.0,704,465,66.05113636363636,אחוז הצבעה בקלפי
מעלותתרשיחא,1063,6.0,670,384,57.3134328358209,אחוז הצבעה בקלפי
מעלותתרשיחא,1063,7.1,393,278,70.73791348600508,אחוז הצבעה בקלפי
מעלותתרשיחא,1063,7.2,393,236,60.05089058524173,אחוז הצבעה בקלפי
מעלותתרשיחא,1063,8.0,564,332,58.86524822695035,אחוז הצבעה בקלפי
מעלותתרשיחא,1063,9.0,608,288,47.368421052631575,אחוז הצבעה בקלפי
מעלותתרשיחא,1063,10.0,600,331,55.166666666666664,אחוז הצבעה בקלפי
מעלותתרשיחא,1063,11.0,548,330,60.21897810218978,אחוז הצבעה בקלפי
מעלותתרשיחא,1063,12.0,637,365,57.299843014128726,אחוז הצבעה בקלפי
מעלותתרשיחא,1063,13.0,450,245,54.44444444444444,אחוז הצבעה בקלפי
מעלותתרשיחא,1063,14.0,733,437,59.61800818553888,אחוז הצבעה בקלפי
מעלותתרשיחא,1063,16.0,465,329,70.75268817204301,אחוז הצבעה בקלפי
מעלותתרשיחא,1063,17.0,580,381,65.6896551724138,אחוז הצבעה בקלפי
מעלותתרשיחא,1063,18.1,620,357,57.58064516129032,אחוז הצבעה בקלפי
מעלותתרשיחא,1063,18.2,619,324,52.34248788368336,אחוז הצבעה בקלפי
מעלותתרשיחא,1063,19.1,622,409,65.7556270096463,אחוז הצבעה בקלפי
מעלותתרשיחא,1063,19.2,622,403,64.79099678456592,אחוז הצבעה בקלפי
מעלותתרשיחא,1063,19.3,622,392,63.022508038585215,אחוז הצבעה בקלפי
מעלותתרשיחא,1063,20.0,557,285,51.16696588868941,אחוז הצבעה בקלפי
מעלותתרשיחא,1063,22.0,617,388,62.88492706645057,אחוז הצבעה בקלפי
מעלותתרשיחא,1063,25.1,395,234,59.24050632911393,אחוז הצבעה בקלפי
מעלותתרשיחא,1063,25.2,311,193,62.057877813504824,אחוז הצבעה בקלפי
מעלותתרשיחא,1063,26.1,390,248,63.589743589743584,אחוז הצבעה בקלפי
מעלותתרשיחא,1063,26.2,390,250,64.1025641025641,אחוז הצבעה בקלפי
מעלותתרשיחא,1063,28.0,749,444,59.279038718291055,אחוז הצבעה בקלפי
מעלותתרשיחא,1063,30.0,343,232,67.63848396501457,אחוז הצבעה בקלפי
מעלותתרשיחא,1063,31.0,457,304,66.52078774617067,אחוז הצבעה בקלפי
מעלותתרשיחא,1063,32.1,628,440,70.06369426751591,אחוז הצבעה בקלפי
מעלותתרשיחא,1063,32.2,627,423,67.46411483253588,אחוז הצבעה בקלפי
מעלותתרשיחא,1063,33.0,463,293,63.282937365010795,אחוז הצבעה בקלפי
מעלותתרשיחא,1063,990.1,471,318,67.51592356687898,אחוז הצבעה בקלפי
מעלותתרשיחא,1063,990.2,471,308,65.39278131634819,אחוז הצבעה בקלפי
מענית,344,1.0,588,472,80.27210884353741,אחוז הצבעה בקלפי
מעש,230,1.0,659,492,74.65857359635811,אחוז הצבעה בקלפי
מפלסים,668,1.1,361,245,67.86703601108033,אחוז הצבעה בקלפי
מפלסים,668,1.2,361,253,70.08310249307479,אחוז הצבעה בקלפי
מצדות יהודה,3745,1.0,477,361,75.68134171907757,אחוז הצבעה בקלפי
מצובה,325,1.0,419,283,67.5417661097852,אחוז הצבעה בקלפי
מצובה,325,2.0,463,313,67.60259179265658,אחוז הצבעה בקלפי
מצליח,757,1.0,514,397,77.23735408560312,אחוז הצבעה בקלפי
מצליח,757,2.0,444,330,74.32432432432432,אחוז הצבעה בקלפי
מצפה,58,1.0,113,85,75.22123893805309,אחוז הצבעה בקלפי
מצפה אביב,1222,1.1,372,279,75.0,אחוז הצבעה בקלפי
מצפה אביב,1222,1.2,372,290,77.95698924731182,אחוז הצבעה בקלפי
מצפה אילן,1370,1.0,325,267,82.15384615384616,אחוז הצבעה בקלפי
מצפה יריחו,3576,1.1,700,529,75.57142857142857,אחוז הצבעה בקלפי
מצפה יריחו,3576,1.2,699,548,78.39771101573677,אחוז הצבעה בקלפי
מצפה נטופה,1190,1.0,680,488,71.76470588235294,אחוז הצבעה בקלפי
מצפה רמון,99,1.1,364,217,59.61538461538461,אחוז הצבעה בקלפי
מצפה רמון,99,1.2,363,190,52.34159779614325,אחוז הצבעה בקלפי
מצפה רמון,99,2.0,531,292,54.99058380414312,אחוז הצבעה בקלפי
מצפה רמון,99,3.0,679,329,48.45360824742268,אחוז הצבעה בקלפי
מצפה רמון,99,4.0,665,276,41.50375939849624,אחוז הצבעה בקלפי
מצפה רמון,99,5.0,586,346,59.044368600682596,אחוז הצבעה בקלפי
מצפה רמון,99,6.0,551,335,60.798548094373864,אחוז הצבעה בקלפי
מצפה שלם,3610,1.0,265,191,72.0754716981132,אחוז הצבעה בקלפי
מצר,648,1.0,430,299,69.53488372093022,אחוז הצבעה בקלפי
מקווה ישראל,22,1.0,157,111,70.70063694267516,אחוז הצבעה בקלפי
מרגליות,843,1.0,354,220,62.14689265536724,אחוז הצבעה בקלפי
מרום גולן,4101,1.0,606,416,68.64686468646865,אחוז הצבעה בקלפי
מרחב עם,1340,1.0,225,184,81.77777777777779,אחוז הצבעה בקלפי
מרחביה מושב,97,1.0,603,434,71.97346600331676,אחוז הצבעה בקלפי
מרחביה קיבוץ,66,1.0,481,324,67.35966735966737,אחוז הצבעה בקלפי
מרחביה קיבוץ,66,2.0,469,332,70.78891257995735,אחוז הצבעה בקלפי
מרכז שפירא,1098,1.1,652,528,80.98159509202453,אחוז הצבעה בקלפי
מרכז שפירא,1098,1.2,652,528,80.98159509202453,אחוז הצבעה בקלפי
מרכז שפירא,1098,2.0,316,261,82.59493670886076,אחוז הצבעה בקלפי
משאבי שדה,421,1.0,455,276,60.65934065934066,אחוז הצבעה בקלפי
משגב דב,765,1.0,521,392,75.23992322456814,אחוז הצבעה בקלפי
משגב עם,378,1.0,272,177,65.07352941176471,אחוז הצבעה בקלפי
משהד,520,1.1,358,158,44.134078212290504,אחוז הצבעה בקלפי
משהד,520,1.2,357,158,44.25770308123249,אחוז הצבעה בקלפי
משהד,520,3.1,530,310,58.490566037735846,אחוז הצבעה בקלפי
משהד,520,3.2,530,300,56.60377358490566,אחוז הצבעה בקלפי
משהד,520,3.3,528,203,38.446969696969695,אחוז הצבעה בקלפי
משהד,520,4.1,494,283,57.28744939271255,אחוז הצבעה בקלפי
משהד,520,4.2,494,255,51.61943319838057,אחוז הצבעה בקלפי
משהד,520,4.3,494,296,59.91902834008097,אחוז הצבעה בקלפי
משהד,520,7.1,547,206,37.6599634369287,אחוז הצבעה בקלפי
משהד,520,7.2,547,207,37.842778793418645,אחוז הצבעה בקלפי
משהד,520,7.3,547,207,37.842778793418645,אחוז הצבעה בקלפי
משהד,520,7.4,546,309,56.59340659340659,אחוז הצבעה בקלפי
משואה,3605,1.0,212,158,74.52830188679245,אחוז הצבעה בקלפי
משואות יצחק,620,1.0,450,375,83.33333333333334,אחוז הצבעה בקלפי
משכיות,3785,1.0,104,88,84.61538461538461,אחוז הצבעה בקלפי
משמר איילון,670,1.0,404,337,83.41584158415841,אחוז הצבעה בקלפי
משמר דוד,563,1.1,368,307,83.42391304347827,אחוז הצבעה בקלפי
משמר דוד,563,1.2,367,309,84.19618528610354,אחוז הצבעה בקלפי
משמר הירדן,732,1.0,582,435,74.74226804123711,אחוז הצבעה בקלפי
משמר הנגב,395,1.0,471,298,63.26963906581741,אחוז הצבעה בקלפי
משמר הנגב,395,2.0,392,264,67.3469387755102,אחוז הצבעה בקלפי
משמר העמק,130,1.0,439,332,75.62642369020502,אחוז הצבעה בקלפי
משמר העמק,130,2.0,500,384,76.8,אחוז הצבעה בקלפי
משמר השבעה,729,1.1,358,282,78.77094972067039,אחוז הצבעה בקלפי
משמר השבעה,729,1.2,358,273,76.25698324022346,אחוז הצבעה בקלפי
משמר השרון,194,1.0,517,335,64.79690522243715,אחוז הצבעה בקלפי
משמרות,213,1.1,367,280,76.29427792915531,אחוז הצבעה בקלפי
משמרות,213,1.2,367,301,82.01634877384197,אחוז הצבעה בקלפי
משמרת,425,1.0,677,532,78.58197932053176,אחוז הצבעה בקלפי
משען,791,1.1,363,283,77.96143250688705,אחוז הצבעה בקלפי
משען,791,1.2,362,286,79.00552486187846,אחוז הצבעה בקלפי
מתן,1315,4.1,663,483,72.85067873303167,אחוז הצבעה בקלפי
מתן,1315,4.2,663,478,72.09653092006033,אחוז הצבעה בקלפי
מתן,1315,4.3,663,469,70.73906485671192,אחוז הצבעה בקלפי
מתן,1315,4.4,663,473,71.34238310708899,אחוז הצבעה בקלפי
מתת,1184,1.0,178,103,57.865168539325836,אחוז הצבעה בקלפי
מתתיהו,3648,1.0,521,378,72.552783109405,אחוז הצבעה בקלפי
נאות גולן,4551,1.0,474,324,68.35443037974683,אחוז הצבעה בקלפי
נאות הכיכר,1124,1.0,225,146,64.88888888888889,אחוז הצבעה בקלפי
נאות מרדכי,408,1.0,539,383,71.05751391465677,אחוז הצבעה בקלפי
נאות סמדר,1197,1.0,268,155,57.83582089552238,אחוז הצבעה בקלפי
נאעורה,524,1.1,530,279,52.64150943396226,אחוז הצבעה בקלפי
נאעורה,524,1.2,530,312,58.867924528301884,אחוז הצבעה בקלפי
נאעורה,524,1.3,530,269,50.75471698113208,אחוז הצבעה בקלפי
נבטים,396,1.1,395,311,78.73417721518987,אחוז הצבעה בקלפי
נבטים,396,1.2,395,315,79.74683544303798,אחוז הצבעה בקלפי
נגבה,315,1.1,363,234,64.46280991735537,אחוז הצבעה בקלפי
נגבה,315,1.2,363,241,66.39118457300276,אחוז הצבעה בקלפי
נגוהות,3724,1.0,230,195,84.78260869565217,אחוז הצבעה בקלפי
נהורה,309,1.0,472,357,75.63559322033898,אחוז הצבעה בקלפי
נהורה,309,2.0,500,361,72.2,אחוז הצבעה בקלפי
נהלל,80,1.0,425,313,73.6470588235294,אחוז הצבעה בקלפי
נהלל,80,2.0,411,307,74.69586374695864,אחוז הצבעה בקלפי
נהריה,9100,1.0,502,322,64.14342629482071,אחוז הצבעה בקלפי
נהריה,9100,3.0,692,326,47.10982658959538,אחוז הצבעה בקלפי
נהריה,9100,5.1,675,378,56.00000000000001,אחוז הצבעה בקלפי
נהריה,9100,5.2,675,367,54.37037037037037,אחוז הצבעה בקלפי
נהריה,9100,5.3,675,345,51.11111111111111,אחוז הצבעה בקלפי
נהריה,9100,6.0,583,293,50.25728987993139,אחוז הצבעה בקלפי
נהריה,9100,7.0,608,336,55.26315789473685,אחוז הצבעה בקלפי
נהריה,9100,10.0,674,413,61.275964391691396,אחוז הצבעה בקלפי
נהריה,9100,11.0,569,293,51.493848857644984,אחוז הצבעה בקלפי
נהריה,9100,15.0,482,287,59.54356846473029,אחוז הצבעה בקלפי
נהריה,9100,16.0,495,286,57.77777777777777,אחוז הצבעה בקלפי
נהריה,9100,17.0,516,320,62.01550387596899,אחוז הצבעה בקלפי
נהריה,9100,18.1,657,387,58.9041095890411,אחוז הצבעה בקלפי
נהריה,9100,18.2,657,390,59.3607305936073,אחוז הצבעה בקלפי
נהריה,9100,18.3,657,358,54.49010654490106,אחוז הצבעה בקלפי
נהריה,9100,19.0,656,340,51.829268292682926,אחוז הצבעה בקלפי
נהריה,9100,20.0,671,302,45.007451564828614,אחוז הצבעה בקלפי
נהריה,9100,21.0,647,324,50.0772797527048,אחוז הצבעה בקלפי
נהריה,9100,22.0,560,269,48.035714285714285,אחוז הצבעה בקלפי
נהריה,9100,24.0,526,340,64.63878326996198,אחוז הצבעה בקלפי
נהריה,9100,26.0,491,315,64.15478615071282,אחוז הצבעה בקלפי
נהריה,9100,29.0,635,472,74.33070866141732,אחוז הצבעה בקלפי
נהריה,9100,30.0,738,533,72.22222222222221,אחוז הצבעה בקלפי
נהריה,9100,31.0,633,433,68.4044233807267,אחוז הצבעה בקלפי
נהריה,9100,32.0,556,345,62.05035971223022,אחוז הצבעה בקלפי
נהריה,9100,33.0,681,392,57.562408223201174,אחוז הצבעה בקלפי
נהריה,9100,34.0,636,350,55.0314465408805,אחוז הצבעה בקלפי
נהריה,9100,35.0,692,460,66.47398843930635,אחוז הצבעה בקלפי
נהריה,9100,37.1,508,305,60.03937007874016,אחוז הצבעה בקלפי
נהריה,9100,37.2,508,285,56.10236220472441,אחוז הצבעה בקלפי
נהריה,9100,37.3,508,275,54.13385826771654,אחוז הצבעה בקלפי
נהריה,9100,38.1,682,439,64.36950146627566,אחוז הצבעה בקלפי
נהריה,9100,38.2,682,432,63.34310850439883,אחוז הצבעה בקלפי
נהריה,9100,38.3,682,414,60.70381231671554,אחוז הצבעה בקלפי
נהריה,9100,38.4,682,416,60.997067448680355,אחוז הצבעה בקלפי
נהריה,9100,38.5,682,359,52.639296187683286,אחוז הצבעה בקלפי
נהריה,9100,38.6,678,381,56.19469026548673,אחוז הצבעה בקלפי
נהריה,9100,42.0,590,400,67.79661016949152,אחוז הצבעה בקלפי
נהריה,9100,43.0,754,421,55.83554376657824,אחוז הצבעה בקלפי
נהריה,9100,44.0,745,473,63.48993288590604,אחוז הצבעה בקלפי
נהריה,9100,46.0,567,276,48.67724867724868,אחוז הצבעה בקלפי
נהריה,9100,49.0,767,478,62.32073011734028,אחוז הצבעה בקלפי
נהריה,9100,51.1,618,379,61.326860841423944,אחוז הצבעה בקלפי
נהריה,9100,51.2,618,383,61.97411003236246,אחוז הצבעה בקלפי
נהריה,9100,51.3,618,373,60.35598705501618,אחוז הצבעה בקלפי
נהריה,9100,51.4,618,416,67.31391585760518,אחוז הצבעה בקלפי
נהריה,9100,52.1,652,395,60.582822085889575,אחוז הצבעה בקלפי
נהריה,9100,52.2,652,404,61.963190184049076,אחוז הצבעה בקלפי
נהריה,9100,52.3,650,384,59.07692307692308,אחוז הצבעה בקלפי
נהריה,9100,57.0,577,356,61.69844020797227,אחוז הצבעה בקלפי
נהריה,9100,60.0,654,419,64.06727828746178,אחוז הצבעה בקלפי
נהריה,9100,62.1,664,435,65.51204819277109,אחוז הצבעה בקלפי
נהריה,9100,62.2,664,374,56.325301204819276,אחוז הצבעה בקלפי
נהריה,9100,62.3,664,440,66.26506024096386,אחוז הצבעה בקלפי
נהריה,9100,62.4,664,393,59.18674698795181,אחוז הצבעה בקלפי
נהריה,9100,62.5,664,420,63.25301204819277,אחוז הצבעה בקלפי
נהריה,9100,65.0,532,330,62.03007518796993,אחוז הצבעה בקלפי
נהריה,9100,66.0,646,454,70.27863777089783,אחוז הצבעה בקלפי
נהריה,9100,68.0,681,494,72.54038179148311,אחוז הצבעה בקלפי
נהריה,9100,72.0,449,295,65.70155902004454,אחוז הצבעה בקלפי
נהריה,9100,73.0,546,324,59.34065934065934,אחוז הצבעה בקלפי
נהריה,9100,75.0,531,360,67.79661016949152,אחוז הצבעה בקלפי
נהריה,9100,77.1,700,448,64.0,אחוז הצבעה בקלפי
נהריה,9100,77.2,700,432,61.71428571428571,אחוז הצבעה בקלפי
נהריה,9100,77.3,700,459,65.57142857142857,אחוז הצבעה בקלפי
נהריה,9100,77.4,698,408,58.45272206303726,אחוז הצבעה בקלפי
נהריה,9100,78.1,633,338,53.396524486571884,אחוז הצבעה בקלפי
נהריה,9100,78.2,633,338,53.396524486571884,אחוז הצבעה בקלפי
נהריה,9100,78.3,633,368,58.13586097946287,אחוז הצבעה בקלפי
נהריה,9100,79.0,501,324,64.67065868263472,אחוז הצבעה בקלפי
נהריה,9100,80.0,690,464,67.2463768115942,אחוז הצבעה בקלפי
נהריה,9100,81.0,680,439,64.55882352941177,אחוז הצבעה בקלפי
נהריה,9100,82.1,630,377,59.84126984126984,אחוז הצבעה בקלפי
נהריה,9100,82.2,630,343,54.44444444444444,אחוז הצבעה בקלפי
נהריה,9100,82.3,630,358,56.82539682539682,אחוז הצבעה בקלפי
נהריה,9100,82.4,629,392,62.32114467408585,אחוז הצבעה בקלפי
נהריה,9100,83.1,698,481,68.91117478510029,אחוז הצבעה בקלפי
נהריה,9100,83.2,698,450,64.46991404011462,אחוז הצבעה בקלפי
נהריה,9100,83.3,698,460,65.90257879656161,אחוז הצבעה בקלפי
נהריה,9100,83.4,698,440,63.03724928366762,אחוז הצבעה בקלפי
נהריה,9100,83.5,698,451,64.61318051575931,אחוז הצבעה בקלפי
נהריה,9100,83.6,697,461,66.14060258249641,אחוז הצבעה בקלפי
נהריה,9100,84.0,695,490,70.50359712230215,אחוז הצבעה בקלפי
נהריה,9100,85.0,558,367,65.77060931899642,אחוז הצבעה בקלפי
נהריה,9100,86.0,741,496,66.9365721997301,אחוז הצבעה בקלפי
נהריה,9100,90.0,648,402,62.03703703703704,אחוז הצבעה בקלפי
נהריה,9100,951.0,534,349,65.3558052434457,אחוז הצבעה בקלפי
נוב,4304,1.0,574,417,72.64808362369338,אחוז הצבעה בקלפי
נוגה,55,1.0,435,324,74.48275862068967,אחוז הצבעה בקלפי
נוה צוף,3573,1.1,430,324,75.34883720930232,אחוז הצבעה בקלפי
נוה צוף,3573,1.2,392,308,78.57142857142857,אחוז הצבעה בקלפי
נווה,1366,1.0,373,295,79.08847184986595,אחוז הצבעה בקלפי
נווה אור,590,1.0,345,229,66.3768115942029,אחוז הצבעה בקלפי
נווה אטיב,4303,1.0,180,96,53.333333333333336,אחוז הצבעה בקלפי
נווה אילן,405,1.1,368,265,72.01086956521739,אחוז הצבעה בקלפי
נווה אילן,405,1.2,368,241,65.48913043478261,אחוז הצבעה בקלפי
נווה איתן,296,1.0,190,119,62.63157894736842,אחוז הצבעה בקלפי
נווה דניאל,3725,1.0,436,300,68.80733944954129,אחוז הצבעה בקלפי
נווה דניאל,3725,2.0,631,469,74.32646592709983,אחוז הצבעה בקלפי
נווה דניאל,3725,3.0,571,387,67.77583187390543,אחוז הצבעה בקלפי
נווה זוהר,1057,1.0,57,19,33.33333333333333,אחוז הצבעה בקלפי
נווה זיו,1314,1.0,609,426,69.95073891625616,אחוז הצבעה בקלפי
נווה ים,312,1.0,211,155,73.45971563981043,אחוז הצבעה בקלפי
נווה ימין,686,1.0,482,363,75.31120331950207,אחוז הצבעה בקלפי
נווה ימין,686,2.0,469,339,72.28144989339019,אחוז הצבעה בקלפי
נווה ירק,858,1.0,384,294,76.5625,אחוז הצבעה בקלפי
נווה ירק,858,2.0,476,356,74.78991596638656,אחוז הצבעה בקלפי
נווה מבטח,827,1.0,509,391,76.8172888015717,אחוז הצבעה בקלפי
נווה מיכאל,1071,1.0,488,375,76.84426229508196,אחוז הצבעה בקלפי
נווה שלום,1259,1.0,253,186,73.51778656126481,אחוז הצבעה בקלפי
נועם,15,1.0,316,247,78.16455696202532,אחוז הצבעה בקלפי
נוף איילון,1333,1.0,628,475,75.63694267515923,אחוז הצבעה בקלפי
נוף איילון,1333,2.0,551,429,77.8584392014519,אחוז הצבעה בקלפי
נוף איילון,1333,3.0,503,391,77.73359840954275,אחוז הצבעה בקלפי
נוף הגליל,1061,1.1,560,356,63.57142857142857,אחוז הצבעה בקלפי
נוף הגליל,1061,1.2,559,328,58.67620751341681,אחוז הצבעה בקלפי
נוף הגליל,1061,3.0,446,277,62.10762331838565,אחוז הצבעה בקלפי
נוף הגליל,1061,4.1,666,298,44.74474474474475,אחוז הצבעה בקלפי
נוף הגליל,1061,4.2,666,318,47.74774774774775,אחוז הצבעה בקלפי
נוף הגליל,1061,4.3,666,303,45.4954954954955,אחוז הצבעה בקלפי
נוף הגליל,1061,5.1,366,227,62.02185792349727,אחוז הצבעה בקלפי
נוף הגליל,1061,5.2,365,210,57.534246575342465,אחוז הצבעה בקלפי
נוף הגליל,1061,6.1,375,207,55.2,אחוז הצבעה בקלפי
נוף הגליל,1061,6.2,374,210,56.14973262032086,אחוז הצבעה בקלפי
נוף הגליל,1061,8.1,591,205,34.686971235194584,אחוז הצבעה בקלפי
נוף הגליל,1061,8.2,591,235,39.76311336717428,אחוז הצבעה בקלפי
נוף הגליל,1061,8.3,591,248,41.96277495769882,אחוז הצבעה בקלפי
נוף הגליל,1061,8.4,589,208,35.31409168081494,אחוז הצבעה בקלפי
נוף הגליל,1061,10.0,692,359,51.87861271676301,אחוז הצבעה בקלפי
נוף הגליל,1061,11.0,665,360,54.13533834586466,אחוז הצבעה בקלפי
נוף הגליל,1061,15.0,464,236,50.86206896551724,אחוז הצבעה בקלפי
נוף הגליל,1061,17.1,559,266,47.58497316636851,אחוז הצבעה בקלפי
נוף הגליל,1061,17.2,559,295,52.772808586762075,אחוז הצבעה בקלפי
נוף הגליל,1061,17.3,559,292,52.23613595706619,אחוז הצבעה בקלפי
נוף הגליל,1061,17.4,558,271,48.5663082437276,אחוז הצבעה בקלפי
נוף הגליל,1061,18.0,570,203,35.6140350877193,אחוז הצבעה בקלפי
נוף הגליל,1061,19.0,539,338,62.708719851577,אחוז הצבעה בקלפי
נוף הגליל,1061,20.0,518,271,52.316602316602314,אחוז הצבעה בקלפי
נוף הגליל,1061,21.1,551,287,52.08711433756806,אחוז הצבעה בקלפי
נוף הגליל,1061,21.2,551,270,49.00181488203267,אחוז הצבעה בקלפי
נוף הגליל,1061,21.3,551,259,47.005444646098006,אחוז הצבעה בקלפי
נוף הגליל,1061,21.4,550,240,43.63636363636363,אחוז הצבעה בקלפי
נוף הגליל,1061,22.0,554,205,37.00361010830325,אחוז הצבעה בקלפי
נוף הגליל,1061,23.0,577,253,43.84748700173311,אחוז הצבעה בקלפי
נוף הגליל,1061,25.1,387,179,46.253229974160206,אחוז הצבעה בקלפי
נוף הגליל,1061,25.2,386,209,54.145077720207254,אחוז הצבעה בקלפי
נוף הגליל,1061,26.0,534,270,50.56179775280899,אחוז הצבעה בקלפי
נוף הגליל,1061,27.0,613,282,46.00326264274062,אחוז הצבעה בקלפי
נוף הגליל,1061,28.1,570,289,50.70175438596492,אחוז הצבעה בקלפי
נוף הגליל,1061,28.2,570,312,54.736842105263165,אחוז הצבעה בקלפי
נוף הגליל,1061,28.3,570,310,54.385964912280706,אחוז הצבעה בקלפי
נוף הגליל,1061,28.4,570,287,50.35087719298246,אחוז הצבעה בקלפי
נוף הגליל,1061,31.0,396,200,50.505050505050505,אחוז הצבעה בקלפי
נוף הגליל,1061,33.0,553,269,48.64376130198915,אחוז הצבעה בקלפי
נוף הגליל,1061,34.0,422,212,50.23696682464455,אחוז הצבעה בקלפי
נוף הגליל,1061,35.1,510,352,69.01960784313725,אחוז הצבעה בקלפי
נוף הגליל,1061,35.2,509,336,66.01178781925344,אחוז הצבעה בקלפי
נוף הגליל,1061,36.0,770,421,54.675324675324674,אחוז הצבעה בקלפי
נוף הגליל,1061,37.0,660,390,59.09090909090909,אחוז הצבעה בקלפי
נוף הגליל,1061,38.1,647,345,53.32302936630603,אחוז הצבעה בקלפי
נוף הגליל,1061,38.2,647,380,58.73261205564142,אחוז הצבעה בקלפי
נוף הגליל,1061,42.0,623,409,65.65008025682182,אחוז הצבעה בקלפי
נוף הגליל,1061,43.0,631,326,51.66402535657686,אחוז הצבעה בקלפי
נוף הגליל,1061,47.1,698,413,59.16905444126075,אחוז הצבעה בקלפי
נוף הגליל,1061,47.2,698,403,57.73638968481375,אחוז הצבעה בקלפי
נוף הגליל,1061,47.3,698,410,58.73925501432665,אחוז הצבעה בקלפי
נוף הגליל,1061,47.4,698,375,53.72492836676218,אחוז הצבעה בקלפי
נוף הגליל,1061,48.0,409,166,40.58679706601467,אחוז הצבעה בקלפי
נוף הגליל,1061,50.1,532,300,56.390977443609025,אחוז הצבעה בקלפי
נוף הגליל,1061,50.2,532,298,56.015037593984964,אחוז הצבעה בקלפי
נוף הגליל,1061,52.0,367,129,35.14986376021799,אחוז הצבעה בקלפי
נוף הגליל,1061,55.0,652,407,62.42331288343558,אחוז הצבעה בקלפי
נוף הגליל,1061,56.0,599,350,58.43071786310517,אחוז הצבעה בקלפי
נוף הגליל,1061,57.0,658,330,50.15197568389058,אחוז הצבעה בקלפי
נוף הגליל,1061,58.1,643,327,50.85536547433903,אחוז הצבעה בקלפי
נוף הגליל,1061,60.1,385,243,63.116883116883116,אחוז הצבעה בקלפי
נוף הגליל,1061,60.2,385,272,70.64935064935065,אחוז הצבעה בקלפי
נוף הגליל,1061,70.0,598,343,57.35785953177257,אחוז הצבעה בקלפי
נוף הגליל,1061,71.1,378,181,47.883597883597886,אחוז הצבעה בקלפי
נוף הגליל,1061,71.2,312,166,53.205128205128204,אחוז הצבעה בקלפי
נוף הגליל,1061,72.0,774,451,58.268733850129195,אחוז הצבעה בקלפי
נוף הגליל,1061,73.0,697,355,50.9325681492109,אחוז הצבעה בקלפי
נוף הגליל,1061,74.0,687,372,54.14847161572053,אחוז הצבעה בקלפי
נוף הגליל,1061,75.0,669,353,52.76532137518684,אחוז הצבעה בקלפי
נוף הגליל,1061,76.0,698,465,66.6189111747851,אחוז הצבעה בקלפי
נוף הגליל,1061,951.0,710,444,62.53521126760564,אחוז הצבעה בקלפי
נופים,3790,1.0,636,469,73.74213836477988,אחוז הצבעה בקלפי
נופית,1284,1.1,676,495,73.22485207100591,אחוז הצבעה בקלפי
נופית,1284,1.2,676,482,71.30177514792899,אחוז הצבעה בקלפי
נופית,1284,1.3,676,506,74.85207100591717,אחוז הצבעה בקלפי
נופך,257,1.0,406,332,81.77339901477832,אחוז הצבעה בקלפי
נוקדים,3726,2.1,477,337,70.64989517819707,אחוז הצבעה בקלפי
נוקדים,3726,2.2,477,348,72.95597484276729,אחוז הצבעה בקלפי
נוקדים,3726,2.3,475,342,72.0,אחוז הצבעה בקלפי
נורדיה,447,1.0,468,364,77.77777777777779,אחוז הצבעה בקלפי
נורדיה,447,2.0,539,367,68.08905380333951,אחוז הצבעה בקלפי
נורדיה,447,3.0,524,197,37.595419847328245,אחוז הצבעה בקלפי
נורית,833,1.0,148,115,77.7027027027027,אחוז הצבעה בקלפי
נחושה,59,1.0,427,318,74.47306791569088,אחוז הצבעה בקלפי
נחושה,59,2.0,463,339,73.2181425485961,אחוז הצבעה בקלפי
נחל עוז,844,1.0,355,251,70.70422535211267,אחוז הצבעה בקלפי
נחלה,2045,1.0,483,399,82.6086956521739,אחוז הצבעה בקלפי
נחליאל,3767,1.0,346,266,76.878612716763,אחוז הצבעה בקלפי
נחלים,449,2.1,452,363,80.30973451327434,אחוז הצבעה בקלפי
נחלים,449,2.2,451,366,81.1529933481153,אחוז הצבעה בקלפי
נחם,809,1.0,418,330,78.94736842105263,אחוז הצבעה בקלפי
נחף,522,2.0,671,377,56.18479880774962,אחוז הצבעה בקלפי
נחף,522,6.0,676,363,53.69822485207101,אחוז הצבעה בקלפי
נחף,522,7.1,687,440,64.04657933042213,אחוז הצבעה בקלפי
נחף,522,7.2,686,371,54.08163265306123,אחוז הצבעה בקלפי
נחף,522,8.0,672,398,59.226190476190474,אחוז הצבעה בקלפי
נחף,522,9.1,662,419,63.29305135951662,אחוז הצבעה בקלפי
נחף,522,9.2,662,377,56.948640483383684,אחוז הצבעה בקלפי
נחף,522,13.1,668,379,56.73652694610778,אחוז הצבעה בקלפי
נחף,522,13.2,668,386,57.784431137724546,אחוז הצבעה בקלפי
נחף,522,13.3,668,398,59.58083832335329,אחוז הצבעה בקלפי
נחף,522,14.1,616,358,58.11688311688312,אחוז הצבעה בקלפי
נחף,522,14.2,616,389,63.149350649350644,אחוז הצבעה בקלפי
נחף,522,14.3,616,372,60.3896103896104,אחוז הצבעה בקלפי
נחף,522,14.4,613,332,54.15986949429038,אחוז הצבעה בקלפי
נחשולים,433,1.0,546,415,76.007326007326,אחוז הצבעה בקלפי
נחשון,777,1.0,478,352,73.64016736401673,אחוז הצבעה בקלפי
נחשונים,705,1.0,363,256,70.52341597796143,אחוז הצבעה בקלפי
נטועה,1147,1.0,257,193,75.09727626459144,אחוז הצבעה בקלפי
נטור,4014,1.0,312,228,73.07692307692307,אחוז הצבעה בקלפי
נטע,1369,1.0,344,280,81.3953488372093,אחוז הצבעה בקלפי
נטעים,174,1.0,592,445,75.16891891891892,אחוז הצבעה בקלפי
נטף,1254,1.0,377,284,75.3315649867374,אחוז הצבעה בקלפי
ניין,523,2.1,482,274,56.84647302904564,אחוז הצבעה בקלפי
ניין,523,2.2,482,223,46.2655601659751,אחוז הצבעה בקלפי
ניין,523,2.3,482,250,51.867219917012456,אחוז הצבעה בקלפי
נילי,3655,1.0,672,488,72.61904761904762,אחוז הצבעה בקלפי
נילי,3655,2.0,637,475,74.56828885400314,אחוז הצבעה בקלפי
ניצן,351,1.1,530,395,74.52830188679245,אחוז הצבעה בקלפי
ניצן,351,1.2,530,395,74.52830188679245,אחוז הצבעה בקלפי
ניצן,351,1.3,528,412,78.03030303030303,אחוז הצבעה בקלפי
ניצן ב,1419,1.0,235,160,68.08510638297872,אחוז הצבעה בקלפי
ניצן ב,1419,3.0,231,173,74.89177489177489,אחוז הצבעה בקלפי
ניצנה קהילת חינוך,1195,1.0,324,75,23.14814814814815,אחוז הצבעה בקלפי
ניצני סיני,1280,1.0,231,150,64.93506493506493,אחוז הצבעה בקלפי
ניצני עוז,851,1.1,383,302,78.85117493472585,אחוז הצבעה בקלפי
ניצני עוז,851,1.2,382,263,68.84816753926701,אחוז הצבעה בקלפי
ניצנים,359,1.0,445,355,79.7752808988764,אחוז הצבעה בקלפי
ניר אליהו,808,1.0,425,316,74.3529411764706,אחוז הצבעה בקלפי
ניר בנים,553,1.0,604,460,76.15894039735099,אחוז הצבעה בקלפי
ניר גלים,720,1.0,664,524,78.91566265060241,אחוז הצבעה בקלפי
ניר דוד תל עמל,256,1.0,641,461,71.9188767550702,אחוז הצבעה בקלפי
ניר חן,11,1.0,445,299,67.19101123595506,אחוז הצבעה בקלפי
ניר יפה,165,1.0,461,334,72.45119305856834,אחוז הצבעה בקלפי
ניר יצחק,402,1.0,561,367,65.41889483065954,אחוז הצבעה בקלפי
ניר ישראל,699,1.0,616,465,75.48701298701299,אחוז הצבעה בקלפי
ניר משה,2047,1.0,436,302,69.26605504587155,אחוז הצבעה בקלפי
ניר עוז,69,1.0,329,241,73.25227963525836,אחוז הצבעה בקלפי
ניר עם,348,1.0,460,316,68.69565217391305,אחוז הצבעה בקלפי
ניר עציון,769,1.0,431,308,71.46171693735499,אחוז הצבעה בקלפי
ניר עקיבא,2048,1.0,467,327,70.02141327623126,אחוז הצבעה בקלפי
ניר צבי,331,1.0,415,316,76.144578313253,אחוז הצבעה בקלפי
ניר צבי,331,2.0,478,360,75.31380753138075,אחוז הצבעה בקלפי
נירים,602,1.0,416,292,70.1923076923077,אחוז הצבעה בקלפי
נירית,1236,1.0,455,320,70.32967032967034,אחוז הצבעה בקלפי
נירית,1236,2.0,427,322,75.40983606557377,אחוז הצבעה בקלפי
נס הרים,825,1.0,433,305,70.43879907621246,אחוז הצבעה בקלפי
נס הרים,825,2.0,451,337,74.72283813747228,אחוז הצבעה בקלפי
נס עמים,1143,1.0,256,209,81.640625,אחוז הצבעה בקלפי
נס ציונה,7200,2.1,543,360,66.29834254143645,אחוז הצבעה בקלפי
נס ציונה,7200,2.2,543,382,70.3499079189687,אחוז הצבעה בקלפי
נס ציונה,7200,2.3,542,360,66.42066420664207,אחוז הצבעה בקלפי
נס ציונה,7200,3.0,631,397,62.91600633914422,אחוז הצבעה בקלפי
נס ציונה,7200,4.1,617,433,70.17828200972447,אחוז הצבעה בקלפי
נס ציונה,7200,4.2,617,457,74.06807131280388,אחוז הצבעה בקלפי
נס ציונה,7200,4.3,617,442,71.63695299837926,אחוז הצבעה בקלפי
נס ציונה,7200,4.4,617,462,74.87844408427877,אחוז הצבעה בקלפי
נס ציונה,7200,8.1,607,459,75.61779242174629,אחוז הצבעה בקלפי
נס ציונה,7200,8.2,607,478,78.74794069192751,אחוז הצבעה בקלפי
נס ציונה,7200,8.3,607,482,79.40691927512356,אחוז הצבעה בקלפי
נס ציונה,7200,8.4,607,464,76.44151565074135,אחוז הצבעה בקלפי
נס ציונה,7200,8.5,606,471,77.72277227722772,אחוז הצבעה בקלפי
נס ציונה,7200,13.1,700,511,73.0,אחוז הצבעה בקלפי
נס ציונה,7200,13.2,700,493,70.42857142857143,אחוז הצבעה בקלפי
נס ציונה,7200,13.3,700,506,72.28571428571429,אחוז הצבעה בקלפי
נס ציונה,7200,13.4,698,507,72.63610315186246,אחוז הצבעה בקלפי
נס ציונה,7200,14.1,650,533,82.0,אחוז הצבעה בקלפי
נס ציונה,7200,14.2,650,527,81.07692307692308,אחוז הצבעה בקלפי
נס ציונה,7200,14.3,649,542,83.5130970724191,אחוז הצבעה בקלפי
נס ציונה,7200,15.1,669,457,68.31091180866966,אחוז הצבעה בקלפי
נס ציונה,7200,15.2,669,472,70.55306427503737,אחוז הצבעה בקלפי
נס ציונה,7200,15.3,669,471,70.4035874439462,אחוז הצבעה בקלפי
נס ציונה,7200,16.1,582,426,73.19587628865979,אחוז הצבעה בקלפי
נס ציונה,7200,16.2,582,425,73.02405498281786,אחוז הצבעה בקלפי
נס ציונה,7200,16.3,582,418,71.8213058419244,אחוז הצבעה בקלפי
נס ציונה,7200,16.4,582,433,74.39862542955326,אחוז הצבעה בקלפי
נס ציונה,7200,16.5,582,436,74.91408934707904,אחוז הצבעה בקלפי
נס ציונה,7200,18.0,607,348,57.33113673805601,אחוז הצבעה בקלפי
נס ציונה,7200,19.0,504,381,75.59523809523809,אחוז הצבעה בקלפי
נס ציונה,7200,20.0,494,346,70.04048582995951,אחוז הצבעה בקלפי
נס ציונה,7200,23.0,551,420,76.22504537205081,אחוז הצבעה בקלפי
נס ציונה,7200,25.1,489,360,73.61963190184049,אחוז הצבעה בקלפי
נס ציונה,7200,25.2,489,381,77.91411042944786,אחוז הצבעה בקלפי
נס ציונה,7200,25.3,487,389,79.87679671457906,אחוז הצבעה בקלפי
נס ציונה,7200,31.0,541,427,78.9279112754159,אחוז הצבעה בקלפי
נס ציונה,7200,32.0,478,338,70.7112970711297,אחוז הצבעה בקלפי
נס ציונה,7200,33.0,548,396,72.26277372262774,אחוז הצבעה בקלפי
נס ציונה,7200,35.1,674,542,80.41543026706232,אחוז הצבעה בקלפי
נס ציונה,7200,35.2,674,525,77.89317507418397,אחוז הצבעה בקלפי
נס ציונה,7200,35.3,674,550,81.60237388724035,אחוז הצבעה בקלפי
נס ציונה,7200,35.4,673,527,78.30609212481427,אחוז הצבעה בקלפי
נס ציונה,7200,50.0,605,432,71.40495867768595,אחוז הצבעה בקלפי
נס ציונה,7200,51.0,606,371,61.221122112211226,אחוז הצבעה בקלפי
נס ציונה,7200,52.0,641,467,72.85491419656786,אחוז הצבעה בקלפי
נס ציונה,7200,53.0,538,401,74.53531598513011,אחוז הצבעה בקלפי
נס ציונה,7200,62.1,653,492,75.34456355283308,אחוז הצבעה בקלפי
נס ציונה,7200,62.2,653,503,77.0290964777948,אחוז הצבעה בקלפי
נס ציונה,7200,62.3,652,491,75.30674846625767,אחוז הצבעה בקלפי
נס ציונה,7200,66.1,636,509,80.0314465408805,אחוז הצבעה בקלפי
נס ציונה,7200,66.2,636,514,80.81761006289308,אחוז הצבעה בקלפי
נס ציונה,7200,66.3,636,531,83.49056603773585,אחוז הצבעה בקלפי
נס ציונה,7200,66.4,636,498,78.30188679245283,אחוז הצבעה בקלפי
נס ציונה,7200,66.5,636,501,78.77358490566037,אחוז הצבעה בקלפי
נס ציונה,7200,66.6,635,513,80.78740157480316,אחוז הצבעה בקלפי
נס ציונה,7200,952.1,646,516,79.87616099071208,אחוז הצבעה בקלפי
נס ציונה,7200,952.2,646,496,76.78018575851394,אחוז הצבעה בקלפי
נעורים,186,1.0,158,62,39.24050632911392,אחוז הצבעה בקלפי
נעלה,3787,2.1,546,408,74.72527472527473,אחוז הצבעה בקלפי
נעלה,3787,2.2,546,402,73.62637362637363,אחוז הצבעה בקלפי
נעלה,3787,2.3,545,413,75.77981651376146,אחוז הצבעה בקלפי
נעמה,3713,1.0,171,110,64.32748538011695,אחוז הצבעה בקלפי
נען,158,1.0,693,492,70.995670995671,אחוז הצבעה בקלפי
נען,158,2.0,658,500,75.98784194528876,אחוז הצבעה בקלפי
נצאצרה שבט,1041,1.0,345,140,40.57971014492754,אחוז הצבעה בקלפי
נצר חזני,1372,1.0,295,254,86.10169491525423,אחוז הצבעה בקלפי
נצר סרני,435,1.0,661,542,81.99697428139183,אחוז הצבעה בקלפי
נצרת,7300,7.1,659,328,49.77238239757208,אחוז הצבעה בקלפי
נצרת,7300,7.2,659,342,51.89681335356601,אחוז הצבעה בקלפי
נצרת,7300,7.3,659,289,43.85432473444613,אחוז הצבעה בקלפי
נצרת,7300,7.4,659,321,48.710166919575116,אחוז הצבעה בקלפי
נצרת,7300,7.5,657,390,59.3607305936073,אחוז הצבעה בקלפי
נצרת,7300,9.1,581,281,48.364888123924274,אחוז הצבעה בקלפי
נצרת,7300,9.2,581,243,41.82444061962134,אחוז הצבעה בקלפי
נצרת,7300,9.3,581,292,50.25817555938038,אחוז הצבעה בקלפי
נצרת,7300,9.4,580,310,53.44827586206896,אחוז הצבעה בקלפי
נצרת,7300,11.1,651,334,51.30568356374808,אחוז הצבעה בקלפי
נצרת,7300,11.2,651,323,49.615975422427034,אחוז הצבעה בקלפי
נצרת,7300,11.3,651,344,52.84178187403994,אחוז הצבעה בקלפי
נצרת,7300,11.4,651,297,45.622119815668206,אחוז הצבעה בקלפי
נצרת,7300,15.1,675,288,42.66666666666667,אחוז הצבעה בקלפי
נצרת,7300,15.2,675,339,50.22222222222222,אחוז הצבעה בקלפי
נצרת,7300,15.3,675,232,34.37037037037037,אחוז הצבעה בקלפי
נצרת,7300,15.4,675,279,41.333333333333336,אחוז הצבעה בקלפי
נצרת,7300,15.5,675,264,39.111111111111114,אחוז הצבעה בקלפי
נצרת,7300,15.6,675,314,46.51851851851852,אחוז הצבעה בקלפי
נצרת,7300,15.7,675,262,38.81481481481481,אחוז הצבעה בקלפי
נצרת,7300,15.8,675,273,40.44444444444444,אחוז הצבעה בקלפי
נצרת,7300,15.9,674,286,42.433234421364986,אחוז הצבעה בקלפי
נצרת,7300,16.1,663,346,52.1870286576169,אחוז הצבעה בקלפי
נצרת,7300,16.2,663,370,55.80693815987934,אחוז הצבעה בקלפי
נצרת,7300,16.3,663,318,47.963800904977376,אחוז הצבעה בקלפי
נצרת,7300,16.4,663,385,58.06938159879337,אחוז הצבעה בקלפי
נצרת,7300,16.5,663,314,47.3604826546003,אחוז הצבעה בקלפי
נצרת,7300,16.6,658,362,55.01519756838906,אחוז הצבעה בקלפי
נצרת,7300,18.0,620,235,37.903225806451616,אחוז הצבעה בקלפי
נצרת,7300,21.0,628,331,52.70700636942676,אחוז הצבעה בקלפי
נצרת,7300,24.1,688,338,49.127906976744185,אחוז הצבעה בקלפי
נצרת,7300,24.2,688,344,50.0,אחוז הצבעה בקלפי
נצרת,7300,27.1,553,240,43.399638336347195,אחוז הצבעה בקלפי
נצרת,7300,27.2,553,229,41.41048824593128,אחוז הצבעה בקלפי
נצרת,7300,27.3,551,236,42.83121597096189,אחוז הצבעה בקלפי
נצרת,7300,28.0,643,333,51.788491446345255,אחוז הצבעה בקלפי
נצרת,7300,29.0,589,324,55.00848896434635,אחוז הצבעה בקלפי
נצרת,7300,35.1,650,325,50.0,אחוז הצבעה בקלפי
נצרת,7300,35.2,650,301,46.30769230769231,אחוז הצבעה בקלפי
נצרת,7300,35.3,650,285,43.84615384615385,אחוז הצבעה בקלפי
נצרת,7300,35.4,650,316,48.61538461538461,אחוז הצבעה בקלפי
נצרת,7300,35.5,647,325,50.23183925811438,אחוז הצבעה בקלפי
נצרת,7300,36.1,561,353,62.92335115864528,אחוז הצבעה בקלפי
נצרת,7300,36.2,561,270,48.1283422459893,אחוז הצבעה בקלפי
נצרת,7300,36.3,561,283,50.44563279857398,אחוז הצבעה בקלפי
נצרת,7300,36.4,561,289,51.515151515151516,אחוז הצבעה בקלפי
נצרת,7300,36.5,558,308,55.19713261648745,אחוז הצבעה בקלפי
נצרת,7300,54.0,699,333,47.63948497854077,אחוז הצבעה בקלפי
נצרת,7300,55.0,670,326,48.656716417910445,אחוז הצבעה בקלפי
נצרת,7300,60.1,627,299,47.687400318979265,אחוז הצבעה בקלפי
נצרת,7300,60.2,627,312,49.760765550239235,אחוז הצבעה בקלפי
נצרת,7300,60.3,627,298,47.52791068580542,אחוז הצבעה בקלפי
נצרת,7300,60.4,627,363,57.89473684210527,אחוז הצבעה בקלפי
נצרת,7300,60.5,627,333,53.110047846889955,אחוז הצבעה בקלפי
נצרת,7300,60.6,625,294,47.04,אחוז הצבעה בקלפי
נצרת,7300,61.0,541,333,61.552680221811464,אחוז הצבעה בקלפי
נצרת,7300,69.1,576,324,56.25,אחוז הצבעה בקלפי
נצרת,7300,69.2,576,283,49.13194444444444,אחוז הצבעה בקלפי
נצרת,7300,69.3,576,239,41.49305555555556,אחוז הצבעה בקלפי
נצרת,7300,69.4,573,262,45.724258289703315,אחוז הצבעה בקלפי
נצרת,7300,70.1,484,159,32.85123966942149,אחוז הצבעה בקלפי
נצרת,7300,70.2,484,253,52.27272727272727,אחוז הצבעה בקלפי
נצרת,7300,70.3,483,221,45.75569358178054,אחוז הצבעה בקלפי
נצרת,7300,72.1,567,219,38.62433862433862,אחוז הצבעה בקלפי
נצרת,7300,72.2,567,275,48.500881834215164,אחוז הצבעה בקלפי
נצרת,7300,72.3,567,251,44.26807760141093,אחוז הצבעה בקלפי
נצרת,7300,72.4,566,264,46.64310954063604,אחוז הצבעה בקלפי
נצרת,7300,74.0,576,320,55.55555555555556,אחוז הצבעה בקלפי
נצרת,7300,81.1,601,327,54.409317803660564,אחוז הצבעה בקלפי
נצרת,7300,81.2,601,326,54.24292845257903,אחוז הצבעה בקלפי
נצרת,7300,81.3,601,320,53.244592346089846,אחוז הצבעה בקלפי
נצרת,7300,81.4,601,287,47.75374376039934,אחוז הצבעה בקלפי
נצרת,7300,81.5,601,250,41.597337770382694,אחוז הצבעה בקלפי
נצרת,7300,81.6,598,341,57.02341137123745,אחוז הצבעה בקלפי
נצרת,7300,82.1,540,276,51.11111111111111,אחוז הצבעה בקלפי
נצרת,7300,82.2,540,218,40.370370370370374,אחוז הצבעה בקלפי
נצרת,7300,82.3,540,202,37.407407407407405,אחוז הצבעה בקלפי
נצרת,7300,82.4,537,206,38.361266294227185,אחוז הצבעה בקלפי
נצרת,7300,84.1,624,370,59.294871794871796,אחוז הצבעה בקלפי
נצרת,7300,84.2,624,335,53.68589743589743,אחוז הצבעה בקלפי
נצרת,7300,84.3,624,345,55.28846153846154,אחוז הצבעה בקלפי
נצרת,7300,84.4,624,324,51.92307692307693,אחוז הצבעה בקלפי
נצרת,7300,84.5,624,344,55.12820512820513,אחוז הצבעה בקלפי
נצרת,7300,84.6,624,336,53.84615384615385,אחוז הצבעה בקלפי
נצרת,7300,85.0,357,156,43.69747899159664,אחוז הצבעה בקלפי
נצרת,7300,86.1,660,316,47.878787878787875,אחוז הצבעה בקלפי
נצרת,7300,86.2,660,333,50.45454545454545,אחוז הצבעה בקלפי
נצרת,7300,86.3,660,289,43.78787878787879,אחוז הצבעה בקלפי
נצרת,7300,86.4,660,286,43.333333333333336,אחוז הצבעה בקלפי
נצרת,7300,86.5,660,245,37.121212121212125,אחוז הצבעה בקלפי
נצרת,7300,86.6,660,280,42.42424242424242,אחוז הצבעה בקלפי
נצרת,7300,86.7,660,300,45.45454545454545,אחוז הצבעה בקלפי
נצרת,7300,88.0,644,379,58.850931677018636,אחוז הצבעה בקלפי
נצרת,7300,950.1,575,224,38.95652173913044,אחוז הצבעה בקלפי
נצרת,7300,950.2,575,285,49.56521739130435,אחוז הצבעה בקלפי
נצרת,7300,950.3,575,231,40.17391304347826,אחוז הצבעה בקלפי
נצרת,7300,950.4,575,256,44.52173913043478,אחוז הצבעה בקלפי
נשר,2500,1.0,539,343,63.63636363636363,אחוז הצבעה בקלפי
נשר,2500,2.0,562,349,62.09964412811389,אחוז הצבעה בקלפי
נשר,2500,3.0,572,339,59.265734265734274,אחוז הצבעה בקלפי
נשר,2500,4.0,501,263,52.49500998003992,אחוז הצבעה בקלפי
נשר,2500,5.1,501,328,65.46906187624751,אחוז הצבעה בקלפי
נשר,2500,5.2,500,297,59.4,אחוז הצבעה בקלפי
נשר,2500,7.1,671,405,60.35767511177347,אחוז הצבעה בקלפי
נשר,2500,9.1,627,326,51.993620414673046,אחוז הצבעה בקלפי
נשר,2500,9.2,627,294,46.889952153110045,אחוז הצבעה בקלפי
נשר,2500,10.0,506,218,43.08300395256917,אחוז הצבעה בקלפי
נשר,2500,11.0,376,146,38.82978723404255,אחוז הצבעה בקלפי
נשר,2500,12.0,334,154,46.10778443113773,אחוז הצבעה בקלפי
נשר,2500,13.0,421,196,46.55581947743468,אחוז הצבעה בקלפי
נשר,2500,14.0,575,274,47.65217391304348,אחוז הצבעה בקלפי
נשר,2500,16.0,636,384,60.37735849056604,אחוז הצבעה בקלפי
נשר,2500,17.0,659,473,71.77541729893778,אחוז הצבעה בקלפי
נשר,2500,20.1,590,352,59.66101694915255,אחוז הצבעה בקלפי
נשר,2500,20.2,590,378,64.0677966101695,אחוז הצבעה בקלפי
נשר,2500,20.3,590,377,63.898305084745765,אחוז הצבעה בקלפי
נשר,2500,20.4,590,351,59.49152542372881,אחוז הצבעה בקלפי
נשר,2500,20.5,587,340,57.921635434412266,אחוז הצבעה בקלפי
נשר,2500,22.1,678,476,70.20648967551622,אחוז הצבעה בקלפי
נשר,2500,22.2,677,457,67.50369276218612,אחוז הצבעה בקלפי
נשר,2500,25.0,557,347,62.29802513464991,אחוז הצבעה בקלפי
נשר,2500,26.0,657,435,66.21004566210046,אחוז הצבעה בקלפי
נשר,2500,28.1,689,454,65.89259796806967,אחוז הצבעה בקלפי
נשר,2500,28.2,688,451,65.55232558139535,אחוז הצבעה בקלפי
נשר,2500,29.0,552,407,73.73188405797102,אחוז הצבעה בקלפי
נשר,2500,30.0,522,355,68.00766283524904,אחוז הצבעה בקלפי
נשר,2500,31.0,495,345,69.6969696969697,אחוז הצבעה בקלפי
נשר,2500,32.0,504,300,59.523809523809526,אחוז הצבעה בקלפי
נשר,2500,33.0,617,438,70.98865478119936,אחוז הצבעה בקלפי
נשר,2500,35.0,373,291,78.01608579088472,אחוז הצבעה בקלפי
נשר,2500,36.0,390,306,78.46153846153847,אחוז הצבעה בקלפי
נשר,2500,37.0,691,563,81.47612156295224,אחוז הצבעה בקלפי
נתיב הגדוד,3555,1.0,225,137,60.88888888888889,אחוז הצבעה בקלפי
נתיב הלה,693,1.0,501,370,73.85229540918164,אחוז הצבעה בקלפי
נתיב העשרה,1242,1.1,371,285,76.81940700808624,אחוז הצבעה בקלפי
נתיב העשרה,1242,1.2,371,287,77.35849056603774,אחוז הצבעה בקלפי
נתיב השיירה,792,1.0,419,309,73.74701670644392,אחוז הצבעה בקלפי
נתיבות,246,1.0,699,456,65.23605150214593,אחוז הצבעה בקלפי
נתיבות,246,2.0,607,451,74.2998352553542,אחוז הצבעה בקלפי
נתיבות,246,4.0,516,340,65.89147286821705,אחוז הצבעה בקלפי
נתיבות,246,5.0,556,380,68.34532374100719,אחוז הצבעה בקלפי
נתיבות,246,6.0,591,375,63.45177664974619,אחוז הצבעה בקלפי
נתיבות,246,7.1,517,377,72.92069632495163,אחוז הצבעה בקלפי
נתיבות,246,7.2,516,383,74.2248062015504,אחוז הצבעה בקלפי
נתיבות,246,8.0,537,441,82.12290502793296,אחוז הצבעה בקלפי
נתיבות,246,9.1,664,562,84.63855421686746,אחוז הצבעה בקלפי
נתיבות,246,9.2,664,560,84.33734939759037,אחוז הצבעה בקלפי
נתיבות,246,10.0,348,252,72.41379310344827,אחוז הצבעה בקלפי
נתיבות,246,11.0,374,216,57.75401069518716,אחוז הצבעה בקלפי
נתיבות,246,12.1,395,285,72.15189873417721,אחוז הצבעה בקלפי
נתיבות,246,12.2,395,294,74.43037974683544,אחוז הצבעה בקלפי
נתיבות,246,13.1,488,298,61.065573770491795,אחוז הצבעה בקלפי
נתיבות,246,13.2,488,304,62.295081967213115,אחוז הצבעה בקלפי
נתיבות,246,13.3,488,250,51.229508196721305,אחוז הצבעה בקלפי
נתיבות,246,14.0,570,424,74.3859649122807,אחוז הצבעה בקלפי
נתיבות,246,15.0,494,379,76.72064777327935,אחוז הצבעה בקלפי
נתיבות,246,16.0,617,455,73.74392220421394,אחוז הצבעה בקלפי
נתיבות,246,18.1,488,388,79.50819672131148,אחוז הצבעה בקלפי
נתיבות,246,18.2,488,381,78.07377049180327,אחוז הצבעה בקלפי
נתיבות,246,18.3,488,361,73.97540983606558,אחוז הצבעה בקלפי
נתיבות,246,19.0,561,379,67.5579322638146,אחוז הצבעה בקלפי
נתיבות,246,20.1,372,283,76.0752688172043,אחוז הצבעה בקלפי
נתיבות,246,20.2,372,266,71.50537634408603,אחוז הצבעה בקלפי
נתיבות,246,21.1,668,529,79.19161676646706,אחוז הצבעה בקלפי
נתיבות,246,21.2,668,528,79.04191616766467,אחוז הצבעה בקלפי
נתיבות,246,21.3,668,537,80.38922155688623,אחוז הצבעה בקלפי
נתיבות,246,21.4,668,527,78.89221556886228,אחוז הצבעה בקלפי
נתיבות,246,21.5,668,514,76.94610778443113,אחוז הצבעה בקלפי
נתיבות,246,21.6,668,536,80.23952095808383,אחוז הצבעה בקלפי
נתיבות,246,21.7,666,492,73.87387387387388,אחוז הצבעה בקלפי
נתיבות,246,22.1,674,516,76.55786350148368,אחוז הצבעה בקלפי
נתיבות,246,22.2,674,491,72.8486646884273,אחוז הצבעה בקלפי
נתיבות,246,23.0,667,594,89.05547226386807,אחוז הצבעה בקלפי
נתיבות,246,26.1,537,433,80.63314711359403,אחוז הצבעה בקלפי
נתיבות,246,26.2,536,434,80.97014925373134,אחוז הצבעה בקלפי
נתיבות,246,27.1,355,264,74.36619718309859,אחוז הצבעה בקלפי
נתיבות,246,27.2,354,273,77.11864406779661,אחוז הצבעה בקלפי
נתיבות,246,28.0,686,494,72.01166180758017,אחוז הצבעה בקלפי
נתיבות,246,30.0,668,580,86.82634730538922,אחוז הצבעה בקלפי
נתיבות,246,34.0,614,469,76.38436482084691,אחוז הצבעה בקלפי
נתיבות,246,35.1,533,444,83.30206378986867,אחוז הצבעה בקלפי
נתיבות,246,35.2,533,424,79.54971857410882,אחוז הצבעה בקלפי
נתיבות,246,35.3,532,408,76.69172932330827,אחוז הצבעה בקלפי
נתיבות,246,41.0,603,493,81.75787728026535,אחוז הצבעה בקלפי
נתיבות,246,42.0,421,339,80.52256532066508,אחוז הצבעה בקלפי
נתיבות,246,45.1,604,478,79.13907284768213,אחוז הצבעה בקלפי
נתיבות,246,45.2,604,477,78.97350993377484,אחוז הצבעה בקלפי
נתיבות,246,45.3,604,465,76.98675496688742,אחוז הצבעה בקלפי
נתניה,7400,43.0,538,228,42.37918215613383,אחוז הצבעה בקלפי
נתניה,7400,44.1,537,223,41.527001862197395,אחוז הצבעה בקלפי
נתניה,7400,44.2,537,231,43.01675977653631,אחוז הצבעה בקלפי
נתניה,7400,44.3,537,221,41.154562383612664,אחוז הצבעה בקלפי
נתניה,7400,44.4,537,200,37.243947858473,אחוז הצבעה בקלפי
נתניה,7400,54.1,615,290,47.15447154471545,אחוז הצבעה בקלפי
נתניה,7400,54.2,615,299,48.61788617886179,אחוז הצבעה בקלפי
נתניה,7400,54.3,615,303,49.26829268292683,אחוז הצבעה בקלפי
נתניה,7400,54.4,615,292,47.479674796747965,אחוז הצבעה בקלפי
נתניה,7400,54.5,615,279,45.36585365853659,אחוז הצבעה בקלפי
נתניה,7400,54.6,610,299,49.01639344262295,אחוז הצבעה בקלפי
נתניה,7400,68.1,612,406,66.33986928104575,אחוז הצבעה בקלפי
נתניה,7400,68.2,612,408,66.66666666666666,אחוז הצבעה בקלפי
נתניה,7400,68.3,612,418,68.30065359477125,אחוז הצבעה בקלפי
נתניה,7400,68.4,612,411,67.15686274509804,אחוז הצבעה בקלפי
נתניה,7400,68.5,611,391,63.99345335515548,אחוז הצבעה בקלפי
נתניה,7400,81.0,580,293,50.51724137931034,אחוז הצבעה בקלפי
נתניה,7400,82.0,646,360,55.72755417956656,אחוז הצבעה בקלפי
נתניה,7400,84.1,670,373,55.67164179104478,אחוז הצבעה בקלפי
נתניה,7400,84.2,669,386,57.69805680119582,אחוז הצבעה בקלפי
נתניה,7400,85.0,510,388,76.07843137254902,אחוז הצבעה בקלפי
נתניה,7400,86.0,650,332,51.07692307692307,אחוז הצבעה בקלפי
נתניה,7400,87.0,575,298,51.82608695652174,אחוז הצבעה בקלפי
נתניה,7400,92.0,652,323,49.5398773006135,אחוז הצבעה בקלפי
נתניה,7400,94.0,411,229,55.71776155717762,אחוז הצבעה בקלפי
נתניה,7400,95.0,591,294,49.746192893401016,אחוז הצבעה בקלפי
נתניה,7400,96.0,469,231,49.25373134328358,אחוז הצבעה בקלפי
נתניה,7400,97.0,550,285,51.81818181818182,אחוז הצבעה בקלפי
נתניה,7400,98.0,643,330,51.32192846034215,אחוז הצבעה בקלפי
נתניה,7400,99.0,655,297,45.343511450381676,אחוז הצבעה בקלפי
נתניה,7400,100.0,511,285,55.77299412915851,אחוז הצבעה בקלפי
נתניה,7400,101.0,557,219,39.31777378815081,אחוז הצבעה בקלפי
נתניה,7400,102.0,507,243,47.928994082840234,אחוז הצבעה בקלפי
נתניה,7400,103.0,498,262,52.610441767068274,אחוז הצבעה בקלפי
נתניה,7400,104.0,552,294,53.2608695652174,אחוז הצבעה בקלפי
נתניה,7400,105.0,532,241,45.30075187969925,אחוז הצבעה בקלפי
נתניה,7400,106.0,372,226,60.752688172043015,אחוז הצבעה בקלפי
נתניה,7400,108.1,648,377,58.17901234567901,אחוז הצבעה בקלפי
נתניה,7400,108.2,648,384,59.25925925925925,אחוז הצבעה בקלפי
נתניה,7400,108.3,648,394,60.802469135802475,אחוז הצבעה בקלפי
נתניה,7400,108.4,646,356,55.10835913312694,אחוז הצבעה בקלפי
נתניה,7400,109.1,533,302,56.66041275797373,אחוז הצבעה בקלפי
נתניה,7400,109.2,533,296,55.53470919324578,אחוז הצבעה בקלפי
נתניה,7400,109.3,533,304,57.035647279549714,אחוז הצבעה בקלפי
נתניה,7400,109.4,533,294,55.1594746716698,אחוז הצבעה בקלפי
נתניה,7400,114.0,522,258,49.42528735632184,אחוז הצבעה בקלפי
נתניה,7400,119.1,639,436,68.23161189358372,אחוז הצבעה בקלפי
נתניה,7400,119.2,639,405,63.38028169014085,אחוז הצבעה בקלפי
נתניה,7400,119.3,639,420,65.72769953051643,אחוז הצבעה בקלפי
נתניה,7400,119.4,639,458,71.67449139280126,אחוז הצבעה בקלפי
נתניה,7400,119.5,639,418,65.41471048513301,אחוז הצבעה בקלפי
נתניה,7400,119.6,639,392,61.34585289514867,אחוז הצבעה בקלפי
נתניה,7400,120.1,677,348,51.40324963072378,אחוז הצבעה בקלפי
נתניה,7400,120.2,677,323,47.71048744460857,אחוז הצבעה בקלפי
נתניה,7400,120.3,677,363,53.61890694239291,אחוז הצבעה בקלפי
נתניה,7400,120.4,677,305,45.05169867060561,אחוז הצבעה בקלפי
נתניה,7400,120.5,677,313,46.233382570162476,אחוז הצבעה בקלפי
נתניה,7400,120.6,675,336,49.77777777777778,אחוז הצבעה בקלפי
נתניה,7400,125.1,669,344,51.42002989536621,אחוז הצבעה בקלפי
נתניה,7400,125.2,669,316,47.23467862481316,אחוז הצבעה בקלפי
נתניה,7400,125.3,669,334,49.92526158445441,אחוז הצבעה בקלפי
נתניה,7400,125.4,667,312,46.776611694152926,אחוז הצבעה בקלפי
נתניה,7400,151.1,648,429,66.20370370370371,אחוז הצבעה בקלפי
נתניה,7400,151.2,648,409,63.117283950617285,אחוז הצבעה בקלפי
נתניה,7400,151.3,648,431,66.51234567901234,אחוז הצבעה בקלפי
נתניה,7400,151.4,648,427,65.89506172839506,אחוז הצבעה בקלפי
נתניה,7400,151.5,648,425,65.58641975308642,אחוז הצבעה בקלפי
נתניה,7400,152.0,576,275,47.74305555555556,אחוז הצבעה בקלפי
נתניה,7400,153.0,522,273,52.29885057471264,אחוז הצבעה בקלפי
נתניה,7400,154.0,592,398,67.22972972972973,אחוז הצבעה בקלפי
נתניה,7400,157.1,627,325,51.8341307814992,אחוז הצבעה בקלפי
נתניה,7400,157.2,627,301,48.006379585326954,אחוז הצבעה בקלפי
נתניה,7400,157.3,627,331,52.791068580542266,אחוז הצבעה בקלפי
נתניה,7400,157.4,627,369,58.85167464114832,אחוז הצבעה בקלפי
נתניה,7400,157.5,627,322,51.355661881977674,אחוז הצבעה בקלפי
נתניה,7400,157.6,625,307,49.120000000000005,אחוז הצבעה בקלפי
נתניה,7400,163.0,549,335,61.02003642987249,אחוז הצבעה בקלפי
נתניה,7400,167.1,686,442,64.43148688046647,אחוז הצבעה בקלפי
נתניה,7400,167.2,686,440,64.1399416909621,אחוז הצבעה בקלפי
נתניה,7400,167.3,686,462,67.3469387755102,אחוז הצבעה בקלפי
נתניה,7400,167.4,684,480,70.17543859649122,אחוז הצבעה בקלפי
נתניה,7400,168.1,638,451,70.6896551724138,אחוז הצבעה בקלפי
נתניה,7400,168.2,638,445,69.74921630094045,אחוז הצבעה בקלפי
נתניה,7400,168.3,638,476,74.60815047021944,אחוז הצבעה בקלפי
נתניה,7400,168.4,638,416,65.20376175548589,אחוז הצבעה בקלפי
נתניה,7400,168.5,636,412,64.77987421383648,אחוז הצבעה בקלפי
נתניה,7400,171.0,611,279,45.662847790507364,אחוז הצבעה בקלפי
נתניה,7400,173.0,693,479,69.11976911976912,אחוז הצבעה בקלפי
נתניה,7400,175.0,408,241,59.068627450980394,אחוז הצבעה בקלפי
נתניה,7400,176.1,643,378,58.78693623639192,אחוז הצבעה בקלפי
נתניה,7400,176.2,643,362,56.298600311041994,אחוז הצבעה בקלפי
נתניה,7400,176.3,643,369,57.38724727838258,אחוז הצבעה בקלפי
נתניה,7400,176.4,643,355,55.2099533437014,אחוז הצבעה בקלפי
נתניה,7400,176.5,643,343,53.34370139968896,אחוז הצבעה בקלפי
נתניה,7400,176.6,638,356,55.79937304075236,אחוז הצבעה בקלפי
נתניה,7400,181.0,677,457,67.50369276218612,אחוז הצבעה בקלפי
נתניה,7400,183.0,515,315,61.165048543689316,אחוז הצבעה בקלפי
נתניה,7400,186.1,675,327,48.44444444444444,אחוז הצבעה בקלפי
נתניה,7400,186.2,675,316,46.81481481481482,אחוז הצבעה בקלפי
נתניה,7400,186.3,674,277,41.09792284866469,אחוז הצבעה בקלפי
נתניה,7400,190.1,558,330,59.13978494623656,אחוז הצבעה בקלפי
נתניה,7400,190.2,558,307,55.017921146953405,אחוז הצבעה בקלפי
נתניה,7400,219.1,651,390,59.907834101382484,אחוז הצבעה בקלפי
נתניה,7400,219.2,651,380,58.37173579109063,אחוז הצבעה בקלפי
נתניה,7400,219.3,651,380,58.37173579109063,אחוז הצבעה בקלפי
נתניה,7400,219.4,649,366,56.39445300462249,אחוז הצבעה בקלפי
נתניה,7400,230.1,629,428,68.04451510333863,אחוז הצבעה בקלפי
נתניה,7400,230.2,629,404,64.22893481717011,אחוז הצבעה בקלפי
נתניה,7400,230.3,629,421,66.93163751987281,אחוז הצבעה בקלפי
נתניה,7400,230.4,629,414,65.81875993640699,אחוז הצבעה בקלפי
נתניה,7400,230.5,629,410,65.18282988871225,אחוז הצבעה בקלפי
נתניה,7400,230.6,629,401,63.751987281399046,אחוז הצבעה בקלפי
נתניה,7400,230.7,627,407,64.91228070175438,אחוז הצבעה בקלפי
נתניה,7400,236.0,553,276,49.90958408679928,אחוז הצבעה בקלפי
נתניה,7400,238.1,659,423,64.18816388467374,אחוז הצבעה בקלפי
נתניה,7400,238.2,659,422,64.03641881638846,אחוז הצבעה בקלפי
נתניה,7400,238.3,659,373,56.600910470409715,אחוז הצבעה בקלפי
נתניה,7400,238.4,659,388,58.877086494688925,אחוז הצבעה בקלפי
נתניה,7400,238.5,659,368,55.84218512898331,אחוז הצבעה בקלפי
נתניה,7400,241.0,576,408,70.83333333333334,אחוז הצבעה בקלפי
נתניה,7400,254.0,608,422,69.4078947368421,אחוז הצבעה בקלפי
נתניה,7400,259.0,627,433,69.05901116427432,אחוז הצבעה בקלפי
נתניה,7400,260.1,697,478,68.57962697274031,אחוז הצבעה בקלפי
נתניה,7400,260.2,697,485,69.58393113342898,אחוז הצבעה בקלפי
נתניה,7400,260.3,697,498,71.44906743185079,אחוז הצבעה בקלפי
נתניה,7400,260.4,697,461,66.14060258249641,אחוז הצבעה בקלפי
נתניה,7400,260.5,697,521,74.74892395982783,אחוז הצבעה בקלפי
נתניה,7400,260.6,697,475,68.14921090387375,אחוז הצבעה בקלפי
נתניה,7400,260.7,694,479,69.02017291066282,אחוז הצבעה בקלפי
נתניה,7400,263.1,658,326,49.544072948328264,אחוז הצבעה בקלפי
נתניה,7400,263.2,658,312,47.41641337386018,אחוז הצבעה בקלפי
נתניה,7400,263.3,658,305,46.35258358662614,אחוז הצבעה בקלפי
נתניה,7400,263.4,658,314,47.72036474164133,אחוז הצבעה בקלפי
נתניה,7400,263.5,658,327,49.69604863221885,אחוז הצבעה בקלפי
נתניה,7400,263.6,658,333,50.607902735562305,אחוז הצבעה בקלפי
נתניה,7400,263.7,658,281,42.70516717325228,אחוז הצבעה בקלפי
נתניה,7400,263.8,658,238,36.17021276595745,אחוז הצבעה בקלפי
נתניה,7400,263.9,651,304,46.6973886328725,אחוז הצבעה בקלפי
נתניה,7400,267.1,626,472,75.39936102236422,אחוז הצבעה בקלפי
נתניה,7400,267.2,626,464,74.12140575079871,אחוז הצבעה בקלפי
נתניה,7400,267.3,626,472,75.39936102236422,אחוז הצבעה בקלפי
נתניה,7400,267.4,626,460,73.48242811501598,אחוז הצבעה בקלפי
נתניה,7400,267.5,626,501,80.03194888178913,אחוז הצבעה בקלפי
נתניה,7400,267.6,626,475,75.87859424920129,אחוז הצבעה בקלפי
נתניה,7400,267.7,626,481,76.8370607028754,אחוז הצבעה בקלפי
נתניה,7400,267.8,626,459,73.3226837060703,אחוז הצבעה בקלפי
נתניה,7400,267.9,624,475,76.12179487179486,אחוז הצבעה בקלפי
נתניה,7400,269.0,647,482,74.49768160741885,אחוז הצבעה בקלפי
נתניה,7400,271.0,668,469,70.20958083832335,אחוז הצבעה בקלפי
נתניה,7400,272.0,676,494,73.07692307692307,אחוז הצבעה בקלפי
נתניה,7400,273.0,668,477,71.40718562874252,אחוז הצבעה בקלפי
נתניה,7400,277.1,485,336,69.27835051546391,אחוז הצבעה בקלפי
נתניה,7400,277.2,485,389,80.20618556701031,אחוז הצבעה בקלפי
נתניה,7400,277.3,485,361,74.43298969072166,אחוז הצבעה בקלפי
נתניה,7400,293.1,577,382,66.20450606585788,אחוז הצבעה בקלפי
נתניה,7400,293.2,577,409,70.8838821490468,אחוז הצבעה בקלפי
נתניה,7400,293.3,577,404,70.01733102253033,אחוז הצבעה בקלפי
נתניה,7400,293.4,577,408,70.7105719237435,אחוז הצבעה בקלפי
נתניה,7400,293.5,574,383,66.72473867595818,אחוז הצבעה בקלפי
נתניה,7400,297.0,488,293,60.040983606557376,אחוז הצבעה בקלפי
נתניה,7400,298.1,683,462,67.64275256222547,אחוז הצבעה בקלפי
נתניה,7400,298.2,683,448,65.59297218155197,אחוז הצבעה בקלפי
נתניה,7400,298.3,683,427,62.51830161054173,אחוז הצבעה בקלפי
נתניה,7400,298.4,683,438,64.12884333821376,אחוז הצבעה בקלפי
נתניה,7400,298.5,683,417,61.05417276720352,אחוז הצבעה בקלפי
נתניה,7400,298.6,681,442,64.90455212922174,אחוז הצבעה בקלפי
נתניה,7400,299.1,639,276,43.1924882629108,אחוז הצבעה בקלפי
נתניה,7400,299.2,639,273,42.72300469483568,אחוז הצבעה בקלפי
נתניה,7400,299.3,639,241,37.715179968701094,אחוז הצבעה בקלפי
נתניה,7400,299.4,639,276,43.1924882629108,אחוז הצבעה בקלפי
נתניה,7400,299.5,639,251,39.280125195618155,אחוז הצבעה בקלפי
נתניה,7400,299.6,638,218,34.1692789968652,אחוז הצבעה בקלפי
נתניה,7400,954.0,616,426,69.15584415584416,אחוז הצבעה בקלפי
נתניה,7400,959.0,656,417,63.5670731707317,אחוז הצבעה בקלפי
נתניה,7400,4.1,659,452,68.5887708649469,אחוז הצבעה בקלפי
נתניה,7400,4.2,659,426,64.64339908952958,אחוז הצבעה בקלפי
נתניה,7400,4.3,659,461,69.95447647951441,אחוז הצבעה בקלפי
נתניה,7400,4.4,658,440,66.8693009118541,אחוז הצבעה בקלפי
נתניה,7400,7.1,369,268,72.62872628726286,אחוז הצבעה בקלפי
נתניה,7400,7.2,369,265,71.81571815718158,אחוז הצבעה בקלפי
נתניה,7400,8.0,623,351,56.34028892455859,אחוז הצבעה בקלפי
נתניה,7400,9.0,500,262,52.400000000000006,אחוז הצבעה בקלפי
נתניה,7400,11.0,509,314,61.68958742632613,אחוז הצבעה בקלפי
נתניה,7400,14.1,684,430,62.86549707602339,אחוז הצבעה בקלפי
נתניה,7400,14.2,684,421,61.549707602339176,אחוז הצבעה בקלפי
נתניה,7400,14.3,684,425,62.13450292397661,אחוז הצבעה בקלפי
נתניה,7400,14.4,684,422,61.69590643274854,אחוז הצבעה בקלפי
נתניה,7400,17.0,621,340,54.750402576489535,אחוז הצבעה בקלפי
נתניה,7400,20.0,470,224,47.65957446808511,אחוז הצבעה בקלפי
נתניה,7400,22.1,581,374,64.37177280550775,אחוז הצבעה בקלפי
נתניה,7400,22.2,581,376,64.71600688468159,אחוז הצבעה בקלפי
נתניה,7400,25.0,658,407,61.85410334346505,אחוז הצבעה בקלפי
נתניה,7400,30.1,616,358,58.11688311688312,אחוז הצבעה בקלפי
נתניה,7400,30.2,616,401,65.09740259740259,אחוז הצבעה בקלפי
נתניה,7400,30.3,616,332,53.896103896103895,אחוז הצבעה בקלפי
נתניה,7400,30.4,616,375,60.87662337662337,אחוז הצבעה בקלפי
נתניה,7400,30.5,616,361,58.603896103896105,אחוז הצבעה בקלפי
נתניה,7400,30.6,616,357,57.95454545454546,אחוז הצבעה בקלפי
נתניה,7400,30.7,616,365,59.253246753246756,אחוז הצבעה בקלפי
נתניה,7400,34.1,665,334,50.225563909774436,אחוז הצבעה בקלפי
נתניה,7400,34.2,665,337,50.67669172932331,אחוז הצבעה בקלפי
נתניה,7400,34.3,665,360,54.13533834586466,אחוז הצבעה בקלפי
נתניה,7400,34.4,665,323,48.57142857142857,אחוז הצבעה בקלפי
נתניה,7400,34.5,665,331,49.774436090225564,אחוז הצבעה בקלפי
נתניה,7400,35.1,605,220,36.36363636363637,אחוז הצבעה בקלפי
נתניה,7400,35.2,605,241,39.83471074380166,אחוז הצבעה בקלפי
נתניה,7400,35.3,605,240,39.66942148760331,אחוז הצבעה בקלפי
נתניה,7400,35.4,602,221,36.7109634551495,אחוז הצבעה בקלפי
נתניה,7400,36.0,597,235,39.36348408710218,אחוז הצבעה בקלפי
נתניה,7400,37.0,494,187,37.85425101214575,אחוז הצבעה בקלפי
נתניה,7400,38.0,669,288,43.04932735426009,אחוז הצבעה בקלפי
נתניה,7400,40.1,627,288,45.933014354066984,אחוז הצבעה בקלפי
נתניה,7400,40.2,627,245,39.07496012759171,אחוז הצבעה בקלפי
נתניה,7400,56.1,641,263,41.02964118564743,אחוז הצבעה בקלפי
נתניה,7400,56.2,641,272,42.43369734789392,אחוז הצבעה בקלפי
נתניה,7400,56.3,640,275,42.96875,אחוז הצבעה בקלפי
נתניה,7400,61.0,656,322,49.08536585365854,אחוז הצבעה בקלפי
נתניה,7400,71.1,686,461,67.20116618075802,אחוז הצבעה בקלפי
נתניה,7400,71.2,685,459,67.00729927007299,אחוז הצבעה בקלפי
נתניה,7400,128.0,582,338,58.075601374570454,אחוז הצבעה בקלפי
נתניה,7400,133.0,531,317,59.69868173258004,אחוז הצבעה בקלפי
נתניה,7400,134.0,578,309,53.46020761245674,אחוז הצבעה בקלפי
נתניה,7400,135.1,622,380,61.09324758842444,אחוז הצבעה בקלפי
נתניה,7400,135.2,622,368,59.163987138263664,אחוז הצבעה בקלפי
נתניה,7400,135.3,622,376,60.45016077170418,אחוז הצבעה בקלפי
נתניה,7400,135.4,622,358,57.556270096463024,אחוז הצבעה בקלפי
נתניה,7400,135.5,621,360,57.971014492753625,אחוז הצבעה בקלפי
נתניה,7400,137.1,623,211,33.86837881219903,אחוז הצבעה בקלפי
נתניה,7400,137.2,623,207,33.22632423756019,אחוז הצבעה בקלפי
נתניה,7400,137.3,623,247,39.64686998394863,אחוז הצבעה בקלפי
נתניה,7400,137.4,623,164,26.324237560192614,אחוז הצבעה בקלפי
נתניה,7400,137.5,620,178,28.70967741935484,אחוז הצבעה בקלפי
נתניה,7400,138.0,620,270,43.54838709677419,אחוז הצבעה בקלפי
נתניה,7400,143.1,612,214,34.967320261437905,אחוז הצבעה בקלפי
נתניה,7400,143.2,612,236,38.56209150326798,אחוז הצבעה בקלפי
נתניה,7400,143.3,612,214,34.967320261437905,אחוז הצבעה בקלפי
נתניה,7400,143.4,609,202,33.16912972085386,אחוז הצבעה בקלפי
נתניה,7400,149.0,669,341,50.97159940209267,אחוז הצבעה בקלפי
נתניה,7400,165.0,690,181,26.231884057971016,אחוז הצבעה בקלפי
נתניה,7400,180.0,607,109,17.957166392092258,אחוז הצבעה בקלפי
נתניה,7400,193.1,503,402,79.92047713717693,אחוז הצבעה בקלפי
נתניה,7400,193.2,503,401,79.72166998011929,אחוז הצבעה בקלפי
נתניה,7400,193.3,501,395,78.84231536926147,אחוז הצבעה בקלפי
נתניה,7400,195.0,383,216,56.39686684073107,אחוז הצבעה בקלפי
נתניה,7400,196.1,626,362,57.82747603833865,אחוז הצבעה בקלפי
נתניה,7400,196.2,626,390,62.30031948881789,אחוז הצבעה בקלפי
נתניה,7400,196.3,626,364,58.146964856230035,אחוז הצבעה בקלפי
נתניה,7400,196.4,626,354,56.54952076677316,אחוז הצבעה בקלפי
נתניה,7400,196.5,626,327,52.23642172523961,אחוז הצבעה בקלפי
נתניה,7400,196.6,624,329,52.72435897435898,אחוז הצבעה בקלפי
נתניה,7400,224.0,501,150,29.94011976047904,אחוז הצבעה בקלפי
נתניה,7400,239.1,691,435,62.95224312590448,אחוז הצבעה בקלפי
נתניה,7400,239.2,690,431,62.46376811594203,אחוז הצבעה בקלפי
נתניה,7400,240.1,657,424,64.53576864535768,אחוז הצבעה בקלפי
נתניה,7400,240.2,657,437,66.5144596651446,אחוז הצבעה בקלפי
נתניה,7400,240.3,657,464,70.62404870624049,אחוז הצבעה בקלפי
נתניה,7400,240.4,657,424,64.53576864535768,אחוז הצבעה בקלפי
נתניה,7400,240.5,657,381,57.99086757990868,אחוז הצבעה בקלפי
נתניה,7400,240.6,655,407,62.13740458015267,אחוז הצבעה בקלפי
נתניה,7400,242.1,587,359,61.158432708688245,אחוז הצבעה בקלפי
נתניה,7400,242.2,587,368,62.6916524701874,אחוז הצבעה בקלפי
נתניה,7400,242.3,587,384,65.41737649063032,אחוז הצבעה בקלפי
נתניה,7400,242.4,584,349,59.76027397260274,אחוז הצבעה בקלפי
נתניה,7400,244.0,641,352,54.91419656786272,אחוז הצבעה בקלפי
נתניה,7400,284.1,610,207,33.9344262295082,אחוז הצבעה בקלפי
נתניה,7400,284.2,610,166,27.21311475409836,אחוז הצבעה בקלפי
נתניה,7400,284.3,610,198,32.459016393442624,אחוז הצבעה בקלפי
נתניה,7400,284.4,610,194,31.80327868852459,אחוז הצבעה בקלפי
נתניה,7400,284.5,606,168,27.722772277227726,אחוז הצבעה בקלפי
נתניה,7400,285.0,560,62,11.071428571428571,אחוז הצבעה בקלפי
נתניה,7400,289.0,638,162,25.391849529780565,אחוז הצבעה בקלפי
נתניה,7400,303.0,630,212,33.65079365079365,אחוז הצבעה בקלפי
נתניה,7400,958.0,586,199,33.95904436860068,אחוז הצבעה בקלפי
נתניה,7400,1.0,683,452,66.17862371888727,אחוז הצבעה בקלפי
נתניה,7400,75.0,568,378,66.54929577464789,אחוז הצבעה בקלפי
נתניה,7400,76.1,665,444,66.76691729323309,אחוז הצבעה בקלפי
נתניה,7400,76.2,665,451,67.81954887218045,אחוז הצבעה בקלפי
נתניה,7400,185.0,568,411,72.35915492957746,אחוז הצבעה בקלפי
נתניה,7400,200.1,653,409,62.63399693721286,אחוז הצבעה בקלפי
נתניה,7400,200.2,653,431,66.00306278713629,אחוז הצבעה בקלפי
נתניה,7400,200.3,653,411,62.94027565084227,אחוז הצבעה בקלפי
נתניה,7400,200.4,653,403,61.71516079632465,אחוז הצבעה בקלפי
נתניה,7400,200.5,653,401,61.40888208269525,אחוז הצבעה בקלפי
נתניה,7400,200.6,650,389,59.84615384615385,אחוז הצבעה בקלפי
נתניה,7400,204.1,638,436,68.3385579937304,אחוז הצבעה בקלפי
נתניה,7400,204.2,638,444,69.59247648902821,אחוז הצבעה בקלפי
נתניה,7400,204.3,638,428,67.0846394984326,אחוז הצבעה בקלפי
נתניה,7400,204.4,636,397,62.42138364779875,אחוז הצבעה בקלפי
נתניה,7400,207.1,631,410,64.97622820919176,אחוז הצבעה בקלפי
נתניה,7400,207.2,631,411,65.13470681458003,אחוז הצבעה בקלפי
נתניה,7400,207.3,631,405,64.18383518225039,אחוז הצבעה בקלפי
נתניה,7400,249.1,589,465,78.94736842105263,אחוז הצבעה בקלפי
נתניה,7400,249.2,589,454,77.07979626485569,אחוז הצבעה בקלפי
נתניה,7400,249.3,589,450,76.4006791171477,אחוז הצבעה בקלפי
נתניה,7400,251.1,637,487,76.45211930926217,אחוז הצבעה בקלפי
נתניה,7400,251.2,637,511,80.21978021978022,אחוז הצבעה בקלפי
נתניה,7400,251.3,636,480,75.47169811320755,אחוז הצבעה בקלפי
נתניה,7400,252.1,530,410,77.35849056603774,אחוז הצבעה בקלפי
נתניה,7400,252.2,530,415,78.30188679245283,אחוז הצבעה בקלפי
נתניה,7400,252.3,529,441,83.36483931947069,אחוז הצבעה בקלפי
נתניה,7400,255.1,534,422,79.02621722846442,אחוז הצבעה בקלפי
נתניה,7400,255.2,534,415,77.71535580524345,אחוז הצבעה בקלפי
נתניה,7400,255.3,534,407,76.21722846441948,אחוז הצבעה בקלפי
נתניה,7400,255.4,531,406,76.45951035781545,אחוז הצבעה בקלפי
נתניה,7400,256.1,537,390,72.62569832402235,אחוז הצבעה בקלפי
נתניה,7400,256.2,537,378,70.39106145251397,אחוז הצבעה בקלפי
נתניה,7400,256.3,537,409,76.16387337057728,אחוז הצבעה בקלפי
נתניה,7400,256.4,537,426,79.3296089385475,אחוז הצבעה בקלפי
נתניה,7400,258.1,500,398,79.60000000000001,אחוז הצבעה בקלפי
נתניה,7400,258.2,500,398,79.60000000000001,אחוז הצבעה בקלפי
נתניה,7400,258.3,499,378,75.75150300601202,אחוז הצבעה בקלפי
נתניה,7400,279.1,539,400,74.21150278293135,אחוז הצבעה בקלפי
נתניה,7400,279.2,539,433,80.3339517625232,אחוז הצבעה בקלפי
נתניה,7400,279.3,539,414,76.80890538033395,אחוז הצבעה בקלפי
נתניה,7400,279.4,537,408,75.97765363128491,אחוז הצבעה בקלפי
נתניה,7400,288.1,528,386,73.10606060606061,אחוז הצבעה בקלפי
נתניה,7400,288.2,528,388,73.48484848484848,אחוז הצבעה בקלפי
נתניה,7400,288.3,528,405,76.70454545454545,אחוז הצבעה בקלפי
נתניה,7400,288.4,527,382,72.48576850094877,אחוז הצבעה בקלפי
סאגור,525,1.1,644,389,60.40372670807454,אחוז הצבעה בקלפי
סאגור,525,1.2,643,301,46.81181959564541,אחוז הצבעה בקלפי
סאגור,525,2.0,639,366,57.27699530516433,אחוז הצבעה בקלפי
סאגור,525,4.1,649,339,52.2342064714946,אחוז הצבעה בקלפי
סאגור,525,4.2,648,322,49.691358024691354,אחוז הצבעה בקלפי
סאסא,578,1.0,414,289,69.80676328502415,אחוז הצבעה בקלפי
סביון,587,1.0,694,435,62.680115273775215,אחוז הצבעה בקלפי
סביון,587,2.0,559,423,75.67084078711986,אחוז הצבעה בקלפי
סביון,587,3.0,603,399,66.16915422885572,אחוז הצבעה בקלפי
סביון,587,4.0,574,374,65.1567944250871,אחוז הצבעה בקלפי
סביון,587,5.0,574,406,70.73170731707317,אחוז הצבעה בקלפי
סביון,587,101.0,496,335,67.54032258064517,אחוז הצבעה בקלפי
סביון,587,102.0,485,313,64.5360824742268,אחוז הצבעה בקלפי
סגולה,2046,1.0,446,352,78.9237668161435,אחוז הצבעה בקלפי
סואעד חמרייה,942,1.0,173,56,32.369942196531795,אחוז הצבעה בקלפי
סולם,526,3.1,534,259,48.50187265917603,אחוז הצבעה בקלפי
סולם,526,3.2,534,312,58.42696629213483,אחוז הצבעה בקלפי
סולם,526,3.3,534,292,54.68164794007491,אחוז הצבעה בקלפי
סולם,526,3.4,534,274,51.31086142322098,אחוז הצבעה בקלפי
סוסיה,3756,1.1,390,295,75.64102564102564,אחוז הצבעה בקלפי
סוסיה,3756,1.2,390,301,77.17948717948718,אחוז הצבעה בקלפי
סופה,1238,1.0,189,107,56.613756613756614,אחוז הצבעה בקלפי
סחנין,7500,3.1,633,474,74.88151658767772,אחוז הצבעה בקלפי
סחנין,7500,3.2,633,406,64.13902053712481,אחוז הצבעה בקלפי
סחנין,7500,3.3,632,442,69.9367088607595,אחוז הצבעה בקלפי
סחנין,7500,4.1,571,395,69.1768826619965,אחוז הצבעה בקלפי
סחנין,7500,4.2,571,367,64.27320490367777,אחוז הצבעה בקלפי
סחנין,7500,4.3,571,404,70.75306479859896,אחוז הצבעה בקלפי
סחנין,7500,4.4,571,372,65.14886164623468,אחוז הצבעה בקלפי
סחנין,7500,9.1,687,457,66.52110625909754,אחוז הצבעה בקלפי
סחנין,7500,9.2,687,492,71.61572052401746,אחוז הצבעה בקלפי
סחנין,7500,9.3,687,468,68.12227074235808,אחוז הצבעה בקלפי
סחנין,7500,9.4,687,416,60.55312954876274,אחוז הצבעה בקלפי
סחנין,7500,9.5,687,495,72.0524017467249,אחוז הצבעה בקלפי
סחנין,7500,9.6,686,425,61.953352769679306,אחוז הצבעה בקלפי
סחנין,7500,13.1,601,396,65.89018302828619,אחוז הצבעה בקלפי
סחנין,7500,13.2,601,405,67.38768718801997,אחוז הצבעה בקלפי
סחנין,7500,13.3,601,384,63.89351081530782,אחוז הצבעה בקלפי
סחנין,7500,13.4,601,430,71.54742096505824,אחוז הצבעה בקלפי
סחנין,7500,13.5,597,445,74.5393634840871,אחוז הצבעה בקלפי
סחנין,7500,17.1,600,435,72.5,אחוז הצבעה בקלפי
סחנין,7500,17.2,600,437,72.83333333333334,אחוז הצבעה בקלפי
סחנין,7500,17.3,600,389,64.83333333333333,אחוז הצבעה בקלפי
סחנין,7500,17.4,600,396,66.0,אחוז הצבעה בקלפי
סחנין,7500,17.5,600,343,57.166666666666664,אחוז הצבעה בקלפי
סחנין,7500,17.6,595,423,71.09243697478992,אחוז הצבעה בקלפי
סחנין,7500,22.1,665,452,67.96992481203009,אחוז הצבעה בקלפי
סחנין,7500,22.2,665,469,70.52631578947368,אחוז הצבעה בקלפי
סחנין,7500,22.3,665,419,63.00751879699248,אחוז הצבעה בקלפי
סחנין,7500,22.4,662,441,66.61631419939576,אחוז הצבעה בקלפי
סחנין,7500,26.1,512,353,68.9453125,אחוז הצבעה בקלפי
סחנין,7500,26.2,512,343,66.9921875,אחוז הצבעה בקלפי
סחנין,7500,26.3,512,384,75.0,אחוז הצבעה בקלפי
סחנין,7500,27.1,654,472,72.17125382262996,אחוז הצבעה בקלפי
סחנין,7500,27.2,654,433,66.20795107033639,אחוז הצבעה בקלפי
סחנין,7500,27.3,654,411,62.84403669724771,אחוז הצבעה בקלפי
סחנין,7500,33.1,539,430,79.77736549165121,אחוז הצבעה בקלפי
סחנין,7500,33.2,539,416,77.1799628942486,אחוז הצבעה בקלפי
סחנין,7500,33.3,539,390,72.35621521335807,אחוז הצבעה בקלפי
סחנין,7500,33.4,536,368,68.65671641791045,אחוז הצבעה בקלפי
סייד שבט,1170,1.0,265,86,32.45283018867924,אחוז הצבעה בקלפי
סייד שבט,1170,2.0,356,124,34.831460674157306,אחוז הצבעה בקלפי
סייד שבט,1170,3.0,349,114,32.664756446991404,אחוז הצבעה בקלפי
סלמה,1245,3.1,612,380,62.091503267973856,אחוז הצבעה בקלפי
סלמה,1245,3.2,612,309,50.49019607843137,אחוז הצבעה בקלפי
סלמה,1245,3.3,612,310,50.65359477124183,אחוז הצבעה בקלפי
סלמה,1245,3.4,609,325,53.36617405582923,אחוז הצבעה בקלפי
סלעית,3567,1.1,412,324,78.64077669902912,אחוז הצבעה בקלפי
סלעית,3567,1.2,412,335,81.31067961165049,אחוז הצבעה בקלפי
סמר,1156,1.0,239,126,52.719665271966534,אחוז הצבעה בקלפי
סנסנה,3777,1.0,385,292,75.84415584415585,אחוז הצבעה בקלפי
סעד,419,1.0,636,471,74.05660377358491,אחוז הצבעה בקלפי
סעוה,1360,1.0,547,253,46.25228519195612,אחוז הצבעה בקלפי
סעוה,1360,2.0,549,295,53.73406193078324,אחוז הצבעה בקלפי
סער,454,1.0,691,469,67.8726483357453,אחוז הצבעה בקלפי
ספיר,1176,1.0,360,208,57.77777777777777,אחוז הצבעה בקלפי
סתריה,610,1.0,435,323,74.25287356321839,אחוז הצבעה בקלפי
סתריה,610,2.0,365,283,77.53424657534246,אחוז הצבעה בקלפי
עגר,4501,1.0,588,161,27.380952380952383,אחוז הצבעה בקלפי
עגר,4501,2.0,660,207,31.363636363636367,אחוז הצבעה בקלפי
עגר,4501,3.0,596,187,31.3758389261745,אחוז הצבעה בקלפי
עבדון,892,1.0,528,402,76.13636363636364,אחוז הצבעה בקלפי
עברון,376,1.0,700,520,74.28571428571429,אחוז הצבעה בקלפי
עגור,794,1.0,327,247,75.53516819571865,אחוז הצבעה בקלפי
עדי,1199,2.1,502,369,73.50597609561753,אחוז הצבעה בקלפי
עדי,1199,2.2,502,370,73.70517928286853,אחוז הצבעה בקלפי
עדי,1199,2.3,502,368,73.30677290836654,אחוז הצבעה בקלפי
עדנים,2035,1.0,293,220,75.0853242320819,אחוז הצבעה בקלפי
עוזה,826,1.0,342,267,78.0701754385965,אחוז הצבעה בקלפי
עוזייר,528,3.1,556,242,43.52517985611511,אחוז הצבעה בקלפי
עוזייר,528,3.2,556,258,46.402877697841724,אחוז הצבעה בקלפי
עוזייר,528,3.3,556,252,45.32374100719424,אחוז הצבעה בקלפי
עוזייר,528,3.4,555,338,60.9009009009009,אחוז הצבעה בקלפי
עולש,737,1.0,454,326,71.80616740088107,אחוז הצבעה בקלפי
עולש,737,2.0,333,254,76.27627627627628,אחוז הצבעה בקלפי
עומר,666,1.0,682,470,68.91495601173021,אחוז הצבעה בקלפי
עומר,666,2.0,556,393,70.68345323741008,אחוז הצבעה בקלפי
עומר,666,3.0,535,373,69.71962616822431,אחוז הצבעה בקלפי
עומר,666,4.0,635,447,70.39370078740157,אחוז הצבעה בקלפי
עומר,666,5.0,534,369,69.10112359550563,אחוז הצבעה בקלפי
עומר,666,6.1,472,330,69.91525423728814,אחוז הצבעה בקלפי
עומר,666,7.0,606,299,49.339933993399335,אחוז הצבעה בקלפי
עומר,666,8.0,487,314,64.47638603696099,אחוז הצבעה בקלפי
עומר,666,9.0,478,344,71.96652719665272,אחוז הצבעה בקלפי
עומר,666,10.0,561,407,72.54901960784314,אחוז הצבעה בקלפי
עומר,666,11.0,530,412,77.73584905660378,אחוז הצבעה בקלפי
עומר,666,12.0,566,430,75.97173144876325,אחוז הצבעה בקלפי
עופר,810,1.0,402,307,76.3681592039801,אחוז הצבעה בקלפי
עופרה,3617,1.0,610,447,73.27868852459017,אחוז הצבעה בקלפי
עופרה,3617,2.1,422,294,69.66824644549763,אחוז הצבעה בקלפי
עופרה,3617,2.2,421,322,76.48456057007125,אחוז הצבעה בקלפי
עופרה,3617,3.0,574,419,72.99651567944251,אחוז הצבעה בקלפי
עוצם,32,1.0,463,385,83.15334773218143,אחוז הצבעה בקלפי
עוקבי בנו עוקבה,957,1.0,353,175,49.57507082152974,אחוז הצבעה בקלפי
עזר,1149,1.0,609,467,76.68308702791461,אחוז הצבעה בקלפי
עזריאל,837,1.0,618,492,79.6116504854369,אחוז הצבעה בקלפי
עזריה,711,1.0,417,349,83.69304556354916,אחוז הצבעה בקלפי
עזריה,711,2.0,392,337,85.96938775510205,אחוז הצבעה בקלפי
עזריקם,817,1.0,465,351,75.48387096774194,אחוז הצבעה בקלפי
עזריקם,817,2.0,527,426,80.83491461100569,אחוז הצבעה בקלפי
עטאוונה שבט,969,1.0,116,34,29.310344827586203,אחוז הצבעה בקלפי
עטרת,3658,1.0,327,264,80.73394495412845,אחוז הצבעה בקלפי
עידן,1175,1.0,340,199,58.529411764705884,אחוז הצבעה בקלפי
עיילבון,530,6.1,614,414,67.42671009771986,אחוז הצבעה בקלפי
עיילבון,530,6.2,614,430,70.03257328990227,אחוז הצבעה בקלפי
עיילבון,530,6.3,614,406,66.12377850162866,אחוז הצבעה בקלפי
עיילבון,530,6.4,614,410,66.77524429967427,אחוז הצבעה בקלפי
עיילבון,530,6.5,614,445,72.47557003257329,אחוז הצבעה בקלפי
עיילבון,530,6.6,614,327,53.25732899022802,אחוז הצבעה בקלפי
עיילבון,530,6.7,610,336,55.08196721311476,אחוז הצבעה בקלפי
עיינות,156,1.0,146,46,31.506849315068493,אחוז הצבעה בקלפי
עילוט,511,1.1,691,337,48.7698986975398,אחוז הצבעה בקלפי
עילוט,511,1.2,690,309,44.78260869565218,אחוז הצבעה בקלפי
עילוט,511,5.1,474,229,48.31223628691983,אחוז הצבעה בקלפי
עילוט,511,5.2,474,219,46.20253164556962,אחוז הצבעה בקלפי
עילוט,511,5.3,474,190,40.08438818565401,אחוז הצבעה בקלפי
עילוט,511,8.1,566,285,50.35335689045937,אחוז הצבעה בקלפי
עילוט,511,8.2,566,259,45.75971731448763,אחוז הצבעה בקלפי
עילוט,511,8.3,566,221,39.04593639575972,אחוז הצבעה בקלפי
עילוט,511,8.4,563,317,56.305506216696266,אחוז הצבעה בקלפי
עילוט,511,9.0,641,281,43.8377535101404,אחוז הצבעה בקלפי
עין איילה,687,1.1,394,281,71.31979695431471,אחוז הצבעה בקלפי
עין איילה,687,1.2,394,281,71.31979695431471,אחוז הצבעה בקלפי
עין אלאסד,546,1.0,685,328,47.88321167883212,אחוז הצבעה בקלפי
עין גב,273,1.0,473,302,63.8477801268499,אחוז הצבעה בקלפי
עין גדי,2042,1.0,478,283,59.20502092050209,אחוז הצבעה בקלפי
עין דור,436,1.0,447,263,58.836689038031324,אחוז הצבעה בקלפי
עין דור,436,2.0,480,309,64.375,אחוז הצבעה בקלפי
עין הבשור,1240,1.1,380,259,68.15789473684211,אחוז הצבעה בקלפי
עין הבשור,1240,1.2,379,269,70.97625329815304,אחוז הצבעה בקלפי
עין הוד,74,1.0,518,334,64.47876447876449,אחוז הצבעה בקלפי
עין החורש,167,1.1,360,286,79.44444444444444,אחוז הצבעה בקלפי
עין החורש,167,1.2,360,259,71.94444444444444,אחוז הצבעה בקלפי
עין המפרץ,289,1.1,393,300,76.33587786259542,אחוז הצבעה בקלפי
עין המפרץ,289,1.2,340,239,70.29411764705881,אחוז הצבעה בקלפי
עין הנציב,383,1.0,438,313,71.46118721461188,אחוז הצבעה בקלפי
עין העמק,367,1.0,627,497,79.26634768740031,אחוז הצבעה בקלפי
עין השופט,270,1.0,466,253,54.29184549356223,אחוז הצבעה בקלפי
עין השופט,270,2.0,443,282,63.6568848758465,אחוז הצבעה בקלפי
עין השלושה,676,1.0,299,175,58.52842809364549,אחוז הצבעה בקלפי
עין ורד,157,1.0,635,483,76.06299212598425,אחוז הצבעה בקלפי
עין ורד,157,2.0,522,395,75.67049808429118,אחוז הצבעה בקלפי
עין זיוון,4503,1.0,336,231,68.75,אחוז הצבעה בקלפי
עין חוד,1320,1.0,206,109,52.9126213592233,אחוז הצבעה בקלפי
עין חרוד איחוד,89,1.0,506,365,72.13438735177866,אחוז הצבעה בקלפי
עין חרוד מאוחד,82,1.0,694,473,68.15561959654178,אחוז הצבעה בקלפי
עין יהב,806,1.0,618,425,68.77022653721683,אחוז הצבעה בקלפי
עין יעקב,813,1.1,413,326,78.93462469733656,אחוז הצבעה בקלפי
עין יעקב,813,1.2,363,285,78.51239669421489,אחוז הצבעה בקלפי
עין כרמל,426,1.0,543,405,74.58563535911603,אחוז הצבעה בקלפי
עין מאהל,532,3.1,586,307,52.389078498293514,אחוז הצבעה בקלפי
עין מאהל,532,3.2,586,322,54.94880546075085,אחוז הצבעה בקלפי
עין מאהל,532,3.3,586,320,54.60750853242321,אחוז הצבעה בקלפי
עין מאהל,532,3.4,586,299,51.02389078498294,אחוז הצבעה בקלפי
עין מאהל,532,6.1,576,288,50.0,אחוז הצבעה בקלפי
עין מאהל,532,6.2,576,286,49.65277777777778,אחוז הצבעה בקלפי
עין מאהל,532,6.3,576,329,57.11805555555556,אחוז הצבעה בקלפי
עין מאהל,532,6.4,574,317,55.22648083623694,אחוז הצבעה בקלפי
עין מאהל,532,10.1,543,269,49.53959484346225,אחוז הצבעה בקלפי
עין מאהל,532,10.2,543,318,58.5635359116022,אחוז הצבעה בקלפי
עין מאהל,532,10.3,543,250,46.04051565377532,אחוז הצבעה בקלפי
עין מאהל,532,10.4,540,231,42.77777777777778,אחוז הצבעה בקלפי
עין מאהל,532,12.1,575,295,51.30434782608696,אחוז הצבעה בקלפי
עין מאהל,532,12.2,575,290,50.43478260869565,אחוז הצבעה בקלפי
עין מאהל,532,12.3,575,293,50.95652173913044,אחוז הצבעה בקלפי
עין מאהל,532,12.4,575,336,58.434782608695656,אחוז הצבעה בקלפי
עין מאהל,532,12.5,573,294,51.30890052356021,אחוז הצבעה בקלפי
עין נקובא,521,1.0,630,411,65.23809523809524,אחוז הצבעה בקלפי
עין נקובא,521,2.0,659,363,55.08345978755691,אחוז הצבעה בקלפי
עין נקובא,521,3.0,577,329,57.019064124783355,אחוז הצבעה בקלפי
עין עירון,223,1.0,423,320,75.65011820330969,אחוז הצבעה בקלפי
עין צורים,622,1.0,470,382,81.27659574468085,אחוז הצבעה בקלפי
עין קנייא,4502,1.0,207,31,14.975845410628018,אחוז הצבעה בקלפי
עין ראפה,514,1.1,362,180,49.72375690607735,אחוז הצבעה בקלפי
עין ראפה,514,1.2,361,202,55.95567867036011,אחוז הצבעה בקלפי
עין שמר,139,1.0,646,461,71.36222910216719,אחוז הצבעה בקלפי
עין שריד,880,1.0,581,443,76.24784853700515,אחוז הצבעה בקלפי
עין שריד,880,2.0,531,399,75.14124293785311,אחוז הצבעה בקלפי
עין תמר,1251,1.0,158,98,62.0253164556962,אחוז הצבעה בקלפי
עינת,871,1.0,600,479,79.83333333333333,אחוז הצבעה בקלפי
עכו,7600,2.0,696,410,58.90804597701149,אחוז הצבעה בקלפי
עכו,7600,5.1,506,315,62.25296442687747,אחוז הצבעה בקלפי
עכו,7600,5.2,506,269,53.16205533596838,אחוז הצבעה בקלפי
עכו,7600,5.3,505,262,51.881188118811885,אחוז הצבעה בקלפי
עכו,7600,6.0,549,329,59.92714025500911,אחוז הצבעה בקלפי
עכו,7600,7.0,577,368,63.77816291161178,אחוז הצבעה בקלפי
עכו,7600,8.0,578,431,74.5674740484429,אחוז הצבעה בקלפי
עכו,7600,9.0,583,366,62.778730703259,אחוז הצבעה בקלפי
עכו,7600,10.0,643,353,54.898911353032666,אחוז הצבעה בקלפי
עכו,7600,11.1,672,453,67.41071428571429,אחוז הצבעה בקלפי
עכו,7600,11.2,672,457,68.00595238095238,אחוז הצבעה בקלפי
עכו,7600,11.3,672,475,70.68452380952381,אחוז הצבעה בקלפי
עכו,7600,11.4,672,450,66.96428571428571,אחוז הצבעה בקלפי
עכו,7600,11.5,671,437,65.12667660208645,אחוז הצבעה בקלפי
עכו,7600,15.1,694,507,73.05475504322767,אחוז הצבעה בקלפי
עכו,7600,15.2,694,525,75.64841498559078,אחוז הצבעה בקלפי
עכו,7600,15.3,694,484,69.7406340057637,אחוז הצבעה בקלפי
עכו,7600,18.1,483,338,69.97929606625259,אחוז הצבעה בקלפי
עכו,7600,18.2,483,370,76.60455486542443,אחוז הצבעה בקלפי
עכו,7600,18.3,481,353,73.38877338877339,אחוז הצבעה בקלפי
עכו,7600,20.0,564,386,68.43971631205675,אחוז הצבעה בקלפי
עכו,7600,21.1,357,176,49.299719887955185,אחוז הצבעה בקלפי
עכו,7600,21.2,357,165,46.21848739495798,אחוז הצבעה בקלפי
עכו,7600,22.1,652,283,43.40490797546012,אחוז הצבעה בקלפי
עכו,7600,22.2,652,288,44.171779141104295,אחוז הצבעה בקלפי
עכו,7600,22.3,650,310,47.69230769230769,אחוז הצבעה בקלפי
עכו,7600,24.0,618,333,53.883495145631066,אחוז הצבעה בקלפי
עכו,7600,26.0,522,293,56.13026819923371,אחוז הצבעה בקלפי
עכו,7600,27.0,562,277,49.28825622775801,אחוז הצבעה בקלפי
עכו,7600,28.0,497,212,42.6559356136821,אחוז הצבעה בקלפי
עכו,7600,29.0,538,250,46.468401486988846,אחוז הצבעה בקלפי
עכו,7600,30.0,530,260,49.056603773584904,אחוז הצבעה בקלפי
עכו,7600,34.1,626,308,49.201277955271564,אחוז הצבעה בקלפי
עכו,7600,34.2,625,325,52.0,אחוז הצבעה בקלפי
עכו,7600,36.1,375,188,50.13333333333333,אחוז הצבעה בקלפי
עכו,7600,36.2,374,182,48.663101604278076,אחוז הצבעה בקלפי
עכו,7600,37.0,541,256,47.31977818853974,אחוז הצבעה בקלפי
עכו,7600,38.0,517,308,59.57446808510638,אחוז הצבעה בקלפי
עכו,7600,39.1,648,367,56.6358024691358,אחוז הצבעה בקלפי
עכו,7600,39.2,648,387,59.72222222222222,אחוז הצבעה בקלפי
עכו,7600,39.3,647,357,55.17774343122102,אחוז הצבעה בקלפי
עכו,7600,40.1,619,308,49.75767366720517,אחוז הצבעה בקלפי
עכו,7600,40.2,619,357,57.67366720516963,אחוז הצבעה בקלפי
עכו,7600,40.3,619,336,54.281098546042,אחוז הצבעה בקלפי
עכו,7600,40.4,619,373,60.258481421647815,אחוז הצבעה בקלפי
עכו,7600,41.0,628,298,47.452229299363054,אחוז הצבעה בקלפי
עכו,7600,43.0,576,270,46.875,אחוז הצבעה בקלפי
עכו,7600,44.0,521,272,52.207293666026864,אחוז הצבעה בקלפי
עכו,7600,45.0,518,276,53.28185328185329,אחוז הצבעה בקלפי
עכו,7600,46.0,456,217,47.58771929824561,אחוז הצבעה בקלפי
עכו,7600,50.0,429,214,49.883449883449885,אחוז הצבעה בקלפי
עכו,7600,52.0,632,333,52.68987341772152,אחוז הצבעה בקלפי
עכו,7600,53.0,665,310,46.616541353383454,אחוז הצבעה בקלפי
עכו,7600,55.1,684,521,76.16959064327486,אחוז הצבעה בקלפי
עכו,7600,55.2,683,517,75.69546120058565,אחוז הצבעה בקלפי
עכו,7600,56.1,667,424,63.56821589205397,אחוז הצבעה בקלפי
עכו,7600,56.2,667,385,57.721139430284865,אחוז הצבעה בקלפי
עכו,7600,56.3,667,351,52.623688155922046,אחוז הצבעה בקלפי
עכו,7600,56.4,665,341,51.2781954887218,אחוז הצבעה בקלפי
עכו,7600,57.0,643,342,53.18818040435459,אחוז הצבעה בקלפי
עכו,7600,58.0,661,356,53.857791225416044,אחוז הצבעה בקלפי
עכו,7600,60.0,547,265,48.446069469835464,אחוז הצבעה בקלפי
עכו,7600,63.0,413,280,67.79661016949152,אחוז הצבעה בקלפי
עכו,7600,64.1,660,499,75.60606060606061,אחוז הצבעה בקלפי
עכו,7600,64.2,659,478,72.53414264036418,אחוז הצבעה בקלפי
עכו,7600,72.0,583,397,68.09605488850772,אחוז הצבעה בקלפי
עכו,7600,73.0,623,436,69.98394863563404,אחוז הצבעה בקלפי
עכו,7600,74.0,521,375,71.97696737044146,אחוז הצבעה בקלפי
עכו,7600,75.1,577,383,66.37781629116117,אחוז הצבעה בקלפי
עכו,7600,75.2,577,361,62.56499133448874,אחוז הצבעה בקלפי
עכו,7600,75.3,577,341,59.09878682842288,אחוז הצבעה בקלפי
עכו,7600,75.4,577,370,64.12478336221838,אחוז הצבעה בקלפי
עכו,7600,75.5,573,369,64.3979057591623,אחוז הצבעה בקלפי
עכו,7600,80.0,613,262,42.74061990212072,אחוז הצבעה בקלפי
עלומים,1146,1.0,347,249,71.75792507204612,אחוז הצבעה בקלפי
עלי,3765,1.0,559,413,73.8819320214669,אחוז הצבעה בקלפי
עלי,3765,2.0,625,454,72.64,אחוז הצבעה בקלפי
עלי,3765,3.0,578,418,72.31833910034602,אחוז הצבעה בקלפי
עלי,3765,4.0,556,405,72.84172661870504,אחוז הצבעה בקלפי
עלי זהב,3727,1.1,686,568,82.79883381924198,אחוז הצבעה בקלפי
עלי זהב,3727,1.2,686,575,83.8192419825073,אחוז הצבעה בקלפי
עלי זהב,3727,1.3,684,575,84.06432748538012,אחוז הצבעה בקלפי
עלמה,688,1.0,595,461,77.47899159663866,אחוז הצבעה בקלפי
עלמון,3715,1.0,469,346,73.77398720682304,אחוז הצבעה בקלפי
עלמון,3715,2.0,568,433,76.23239436619718,אחוז הצבעה בקלפי
עמוקה,1212,1.0,156,104,66.66666666666666,אחוז הצבעה בקלפי
עמיחי,3824,1.0,100,86,86.0,אחוז הצבעה בקלפי
עמינדב,779,1.0,652,467,71.62576687116564,אחוז הצבעה בקלפי
עמיעד,385,1.0,473,283,59.830866807610995,אחוז הצבעה בקלפי
עמיעוז,318,1.0,223,163,73.09417040358744,אחוז הצבעה בקלפי
עמיקם,773,1.0,548,394,71.8978102189781,אחוז הצבעה בקלפי
עמיר,319,1.0,532,375,70.48872180451127,אחוז הצבעה בקלפי
עמנואל,3660,1.0,624,401,64.26282051282051,אחוז הצבעה בקלפי
עמנואל,3660,2.0,627,525,83.73205741626795,אחוז הצבעה בקלפי
עמנואל,3660,3.0,689,548,79.5355587808418,אחוז הצבעה בקלפי
עמנואל,3660,4.0,627,472,75.27910685805422,אחוז הצבעה בקלפי
עמקה,708,1.0,610,456,74.75409836065575,אחוז הצבעה בקלפי
ענב,3712,1.0,560,459,81.96428571428571,אחוז הצבעה בקלפי
עספיא,534,3.1,700,347,49.57142857142857,אחוז הצבעה בקלפי
עספיא,534,3.2,699,395,56.50929899856938,אחוז הצבעה בקלפי
עספיא,534,6.1,379,192,50.65963060686016,אחוז הצבעה בקלפי
עספיא,534,6.2,378,180,47.61904761904761,אחוז הצבעה בקלפי
עספיא,534,9.1,486,249,51.23456790123457,אחוז הצבעה בקלפי
עספיא,534,9.2,486,249,51.23456790123457,אחוז הצבעה בקלפי
עספיא,534,9.3,485,236,48.65979381443299,אחוז הצבעה בקלפי
עספיא,534,11.1,696,345,49.56896551724138,אחוז הצבעה בקלפי
עספיא,534,11.2,696,338,48.56321839080459,אחוז הצבעה בקלפי
עספיא,534,12.1,579,284,49.05008635578584,אחוז הצבעה בקלפי
עספיא,534,12.2,579,313,54.0587219343696,אחוז הצבעה בקלפי
עספיא,534,12.3,579,303,52.331606217616574,אחוז הצבעה בקלפי
עספיא,534,12.4,578,333,57.61245674740484,אחוז הצבעה בקלפי
עספיא,534,13.1,560,295,52.67857142857143,אחוז הצבעה בקלפי
עספיא,534,13.2,560,320,57.14285714285714,אחוז הצבעה בקלפי
עספיא,534,13.3,560,281,50.17857142857143,אחוז הצבעה בקלפי
עספיא,534,13.4,560,287,51.24999999999999,אחוז הצבעה בקלפי
עפולה,7700,1.0,640,408,63.74999999999999,אחוז הצבעה בקלפי
עפולה,7700,2.1,351,188,53.561253561253565,אחוז הצבעה בקלפי
עפולה,7700,2.2,350,217,62.0,אחוז הצבעה בקלפי
עפולה,7700,3.0,624,311,49.83974358974359,אחוז הצבעה בקלפי
עפולה,7700,4.0,590,329,55.762711864406775,אחוז הצבעה בקלפי
עפולה,7700,5.0,532,374,70.30075187969925,אחוז הצבעה בקלפי
עפולה,7700,6.0,583,380,65.18010291595198,אחוז הצבעה בקלפי
עפולה,7700,7.0,612,343,56.04575163398693,אחוז הצבעה בקלפי
עפולה,7700,8.1,615,397,64.55284552845528,אחוז הצבעה בקלפי
עפולה,7700,8.2,615,420,68.29268292682927,אחוז הצבעה בקלפי
עפולה,7700,8.3,615,402,65.3658536585366,אחוז הצבעה בקלפי
עפולה,7700,8.4,615,408,66.34146341463415,אחוז הצבעה בקלפי
עפולה,7700,9.1,700,373,53.28571428571428,אחוז הצבעה בקלפי
עפולה,7700,12.0,659,404,61.305007587253414,אחוז הצבעה בקלפי
עפולה,7700,13.0,637,320,50.23547880690737,אחוז הצבעה בקלפי
עפולה,7700,15.0,511,290,56.75146771037182,אחוז הצבעה בקלפי
עפולה,7700,18.1,356,213,59.8314606741573,אחוז הצבעה בקלפי
עפולה,7700,18.2,356,210,58.98876404494382,אחוז הצבעה בקלפי
עפולה,7700,20.1,652,450,69.01840490797547,אחוז הצבעה בקלפי
עפולה,7700,20.2,652,439,67.33128834355828,אחוז הצבעה בקלפי
עפולה,7700,20.3,652,402,61.65644171779141,אחוז הצבעה בקלפי
עפולה,7700,20.4,652,440,67.48466257668711,אחוז הצבעה בקלפי
עפולה,7700,20.5,650,429,66.0,אחוז הצבעה בקלפי
עפולה,7700,21.0,654,391,59.78593272171254,אחוז הצבעה בקלפי
עפולה,7700,26.0,684,455,66.52046783625731,אחוז הצבעה בקלפי
עפולה,7700,27.1,630,446,70.7936507936508,אחוז הצבעה בקלפי
עפולה,7700,27.2,630,453,71.9047619047619,אחוז הצבעה בקלפי
עפולה,7700,27.3,630,424,67.3015873015873,אחוז הצבעה בקלפי
עפולה,7700,27.4,628,430,68.47133757961782,אחוז הצבעה בקלפי
עפולה,7700,30.0,556,339,60.97122302158273,אחוז הצבעה בקלפי
עפולה,7700,32.0,538,335,62.26765799256505,אחוז הצבעה בקלפי
עפולה,7700,36.0,469,279,59.488272921108745,אחוז הצבעה בקלפי
עפולה,7700,37.0,669,370,55.30642750373692,אחוז הצבעה בקלפי
עפולה,7700,38.1,597,370,61.97654941373534,אחוז הצבעה בקלפי
עפולה,7700,38.2,597,337,56.44891122278057,אחוז הצבעה בקלפי
עפולה,7700,38.3,597,355,59.463986599664985,אחוז הצבעה בקלפי
עפולה,7700,38.4,597,342,57.286432160804026,אחוז הצבעה בקלפי
עפולה,7700,45.0,520,302,58.07692307692308,אחוז הצבעה בקלפי
עפולה,7700,46.0,653,406,62.17457886676876,אחוז הצבעה בקלפי
עפולה,7700,47.0,643,372,57.8538102643857,אחוז הצבעה בקלפי
עפולה,7700,49.1,624,415,66.50641025641025,אחוז הצבעה בקלפי
עפולה,7700,49.2,624,426,68.26923076923077,אחוז הצבעה בקלפי
עפולה,7700,49.3,624,423,67.78846153846155,אחוז הצבעה בקלפי
עפולה,7700,49.4,624,423,67.78846153846155,אחוז הצבעה בקלפי
עפולה,7700,49.5,624,434,69.55128205128204,אחוז הצבעה בקלפי
עפולה,7700,49.6,624,424,67.94871794871796,אחוז הצבעה בקלפי
עפולה,7700,49.7,624,429,68.75,אחוז הצבעה בקלפי
עפולה,7700,49.8,624,400,64.1025641025641,אחוז הצבעה בקלפי
עפולה,7700,49.9,624,447,71.63461538461539,אחוז הצבעה בקלפי
עפולה,7700,50.1,592,383,64.69594594594594,אחוז הצבעה בקלפי
עפולה,7700,50.2,592,380,64.1891891891892,אחוז הצבעה בקלפי
עפולה,7700,50.3,592,395,66.72297297297297,אחוז הצבעה בקלפי
עפולה,7700,50.4,592,383,64.69594594594594,אחוז הצבעה בקלפי
עפולה,7700,50.5,592,347,58.61486486486487,אחוז הצבעה בקלפי
עפולה,7700,50.6,588,333,56.63265306122449,אחוז הצבעה בקלפי
עפולה,7700,54.0,552,357,64.67391304347827,אחוז הצבעה בקלפי
עפולה,7700,55.1,569,386,67.83831282952548,אחוז הצבעה בקלפי
עפולה,7700,55.2,568,427,75.17605633802818,אחוז הצבעה בקלפי
עפולה,7700,59.1,595,373,62.6890756302521,אחוז הצבעה בקלפי
עפולה,7700,59.2,595,366,61.51260504201681,אחוז הצבעה בקלפי
עפולה,7700,59.3,594,343,57.744107744107744,אחוז הצבעה בקלפי
עפולה,7700,61.1,661,466,70.49924357034796,אחוז הצבעה בקלפי
עפולה,7700,61.2,661,457,69.1376701966717,אחוז הצבעה בקלפי
עפולה,7700,61.3,661,457,69.1376701966717,אחוז הצבעה בקלפי
עפולה,7700,61.4,661,469,70.95310136157337,אחוז הצבעה בקלפי
עפולה,7700,61.5,659,488,74.05159332321699,אחוז הצבעה בקלפי
עפולה,7700,62.1,685,486,70.94890510948905,אחוז הצבעה בקלפי
עפולה,7700,62.2,685,472,68.9051094890511,אחוז הצבעה בקלפי
עפולה,7700,68.1,599,402,67.1118530884808,אחוז הצבעה בקלפי
עפולה,7700,68.2,599,408,68.11352253756262,אחוז הצבעה בקלפי
עפולה,7700,68.3,599,413,68.9482470784641,אחוז הצבעה בקלפי
עפולה,7700,70.1,651,373,57.296466973886325,אחוז הצבעה בקלפי
עפולה,7700,70.2,651,288,44.23963133640553,אחוז הצבעה בקלפי
עפולה,7700,70.3,651,363,55.76036866359447,אחוז הצבעה בקלפי
עפולה,7700,70.4,651,321,49.30875576036866,אחוז הצבעה בקלפי
עפולה,7700,70.5,648,312,48.148148148148145,אחוז הצבעה בקלפי
עצמון שגב,917,1.0,512,326,63.671875,אחוז הצבעה בקלפי
עצמון שגב,917,2.0,491,357,72.70875763747455,אחוז הצבעה בקלפי
עראבה,531,8.1,683,399,58.41874084919473,אחוז הצבעה בקלפי
עראבה,531,8.2,683,460,67.34992679355784,אחוז הצבעה בקלפי
עראבה,531,8.3,682,359,52.639296187683286,אחוז הצבעה בקלפי
עראבה,531,9.1,542,225,41.51291512915129,אחוז הצבעה בקלפי
עראבה,531,9.2,542,289,53.321033210332104,אחוז הצבעה בקלפי
עראבה,531,9.3,542,316,58.30258302583026,אחוז הצבעה בקלפי
עראבה,531,9.4,540,299,55.37037037037037,אחוז הצבעה בקלפי
עראבה,531,12.1,565,348,61.59292035398231,אחוז הצבעה בקלפי
עראבה,531,12.2,565,334,59.11504424778761,אחוז הצבעה בקלפי
עראבה,531,12.3,565,295,52.21238938053098,אחוז הצבעה בקלפי
עראבה,531,12.4,563,327,58.081705150976916,אחוז הצבעה בקלפי
עראבה,531,14.0,658,426,64.74164133738601,אחוז הצבעה בקלפי
עראבה,531,16.0,596,337,56.54362416107382,אחוז הצבעה בקלפי
עראבה,531,17.0,638,311,48.7460815047022,אחוז הצבעה בקלפי
עראבה,531,19.1,678,402,59.29203539823009,אחוז הצבעה בקלפי
עראבה,531,19.2,678,398,58.70206489675516,אחוז הצבעה בקלפי
עראבה,531,19.3,678,394,58.11209439528023,אחוז הצבעה בקלפי
עראבה,531,19.4,677,395,58.34564254062038,אחוז הצבעה בקלפי
עראבה,531,20.0,614,413,67.26384364820846,אחוז הצבעה בקלפי
עראבה,531,24.1,588,329,55.952380952380956,אחוז הצבעה בקלפי
עראבה,531,24.2,588,326,55.44217687074829,אחוז הצבעה בקלפי
עראבה,531,24.3,588,360,61.224489795918366,אחוז הצבעה בקלפי
עראבה,531,24.4,588,349,59.353741496598644,אחוז הצבעה בקלפי
עראבה,531,24.5,587,306,52.12947189097103,אחוז הצבעה בקלפי
עראבה,531,25.1,596,310,52.013422818791945,אחוז הצבעה בקלפי
עראבה,531,25.2,596,371,62.248322147651,אחוז הצבעה בקלפי
עראבה,531,25.3,596,350,58.7248322147651,אחוז הצבעה בקלפי
עראבה,531,25.4,596,335,56.208053691275175,אחוז הצבעה בקלפי
עראבה,531,25.5,596,297,49.832214765100666,אחוז הצבעה בקלפי
עראבה,531,25.6,595,292,49.07563025210084,אחוז הצבעה בקלפי
עראמשה,1246,1.0,507,242,47.73175542406312,אחוז הצבעה בקלפי
עראמשה,1246,2.0,579,263,45.42314335060449,אחוז הצבעה בקלפי
ערב אל נעים,1335,1.0,579,343,59.240069084628665,אחוז הצבעה בקלפי
ערד,2560,2.0,636,319,50.157232704402524,אחוז הצבעה בקלפי
ערד,2560,3.0,579,356,61.4853195164076,אחוז הצבעה בקלפי
ערד,2560,4.1,471,264,56.05095541401274,אחוז הצבעה בקלפי
ערד,2560,4.2,471,305,64.75583864118896,אחוז הצבעה בקלפי
ערד,2560,4.3,471,281,59.660297239915074,אחוז הצבעה בקלפי
ערד,2560,7.1,482,192,39.83402489626556,אחוז הצבעה בקלפי
ערד,2560,8.0,603,372,61.69154228855721,אחוז הצבעה בקלפי
ערד,2560,10.0,618,333,53.883495145631066,אחוז הצבעה בקלפי
ערד,2560,13.0,680,355,52.20588235294118,אחוז הצבעה בקלפי
ערד,2560,15.1,604,380,62.913907284768214,אחוז הצבעה בקלפי
ערד,2560,15.2,604,392,64.90066225165563,אחוז הצבעה בקלפי
ערד,2560,15.3,604,356,58.94039735099338,אחוז הצבעה בקלפי
ערד,2560,15.4,604,375,62.086092715231786,אחוז הצבעה בקלפי
ערד,2560,15.5,604,377,62.41721854304636,אחוז הצבעה בקלפי
ערד,2560,15.6,600,384,64.0,אחוז הצבעה בקלפי
ערד,2560,16.0,535,307,57.38317757009346,אחוז הצבעה בקלפי
ערד,2560,17.0,689,342,49.63715529753265,אחוז הצבעה בקלפי
ערד,2560,18.0,605,357,59.008264462809926,אחוז הצבעה בקלפי
ערד,2560,23.0,668,388,58.08383233532935,אחוז הצבעה בקלפי
ערד,2560,24.1,351,207,58.97435897435898,אחוז הצבעה בקלפי
ערד,2560,24.2,350,198,56.57142857142857,אחוז הצבעה בקלפי
ערד,2560,25.1,635,399,62.83464566929133,אחוז הצבעה בקלפי
ערד,2560,25.2,635,408,64.25196850393701,אחוז הצבעה בקלפי
ערד,2560,25.3,635,408,64.25196850393701,אחוז הצבעה בקלפי
ערד,2560,25.4,635,394,62.047244094488185,אחוז הצבעה בקלפי
ערד,2560,25.5,633,425,67.14060031595577,אחוז הצבעה בקלפי
ערד,2560,26.0,630,323,51.269841269841265,אחוז הצבעה בקלפי
ערד,2560,27.0,383,247,64.49086161879896,אחוז הצבעה בקלפי
ערד,2560,29.0,618,325,52.58899676375405,אחוז הצבעה בקלפי
ערד,2560,30.1,486,313,64.40329218106996,אחוז הצבעה בקלפי
ערד,2560,30.2,486,277,56.99588477366255,אחוז הצבעה בקלפי
ערד,2560,30.3,486,310,63.78600823045267,אחוז הצבעה בקלפי
ערד,2560,31.1,648,292,45.06172839506173,אחוז הצבעה בקלפי
ערד,2560,31.2,648,293,45.21604938271605,אחוז הצבעה בקלפי
ערד,2560,31.3,648,294,45.370370370370374,אחוז הצבעה בקלפי
ערד,2560,31.4,646,309,47.8328173374613,אחוז הצבעה בקלפי
ערד,2560,33.0,661,438,66.26323751891074,אחוז הצבעה בקלפי
ערד,2560,34.0,404,111,27.475247524752476,אחוז הצבעה בקלפי
ערוגות,593,1.0,695,554,79.71223021582733,אחוז הצבעה בקלפי
ערערה,637,4.1,576,318,55.208333333333336,אחוז הצבעה בקלפי
ערערה,637,4.2,576,317,55.03472222222222,אחוז הצבעה בקלפי
ערערה,637,4.3,576,335,58.15972222222222,אחוז הצבעה בקלפי
ערערה,637,4.4,576,294,51.041666666666664,אחוז הצבעה בקלפי
ערערה,637,4.5,574,274,47.73519163763066,אחוז הצבעה בקלפי
ערערה,637,6.0,654,326,49.84709480122324,אחוז הצבעה בקלפי
ערערה,637,8.1,696,374,53.735632183908045,אחוז הצבעה בקלפי
ערערה,637,8.2,696,372,53.44827586206896,אחוז הצבעה בקלפי
ערערה,637,8.3,696,311,44.68390804597701,אחוז הצבעה בקלפי
ערערה,637,9.0,655,380,58.01526717557252,אחוז הצבעה בקלפי
ערערה,637,11.1,371,207,55.79514824797843,אחוז הצבעה בקלפי
ערערה,637,11.2,370,181,48.91891891891892,אחוז הצבעה בקלפי
ערערה,637,13.1,699,406,58.0829756795422,אחוז הצבעה בקלפי
ערערה,637,13.2,699,377,53.934191702432045,אחוז הצבעה בקלפי
ערערה,637,13.3,698,337,48.28080229226361,אחוז הצבעה בקלפי
ערערה,637,14.0,769,331,43.04291287386216,אחוז הצבעה בקלפי
ערערה,637,20.1,620,329,53.064516129032256,אחוז הצבעה בקלפי
ערערה,637,20.2,620,338,54.516129032258064,אחוז הצבעה בקלפי
ערערה,637,20.3,620,333,53.70967741935484,אחוז הצבעה בקלפי
ערערה,637,20.4,620,358,57.74193548387097,אחוז הצבעה בקלפי
ערערה,637,20.5,620,320,51.61290322580645,אחוז הצבעה בקלפי
ערערה,637,20.6,620,316,50.967741935483865,אחוז הצבעה בקלפי
ערערה,637,20.7,618,324,52.42718446601942,אחוז הצבעה בקלפי
ערערהבנגב,1192,1.0,653,467,71.51607963246555,אחוז הצבעה בקלפי
ערערהבנגב,1192,2.1,362,216,59.66850828729282,אחוז הצבעה בקלפי
ערערהבנגב,1192,2.2,361,211,58.448753462603875,אחוז הצבעה בקלפי
ערערהבנגב,1192,4.0,688,443,64.38953488372093,אחוז הצבעה בקלפי
ערערהבנגב,1192,6.1,371,264,71.15902964959568,אחוז הצבעה בקלפי
ערערהבנגב,1192,6.2,370,286,77.29729729729729,אחוז הצבעה בקלפי
ערערהבנגב,1192,8.0,676,355,52.51479289940828,אחוז הצבעה בקלפי
ערערהבנגב,1192,9.1,476,300,63.02521008403361,אחוז הצבעה בקלפי
ערערהבנגב,1192,9.2,476,273,57.35294117647059,אחוז הצבעה בקלפי
ערערהבנגב,1192,9.3,476,218,45.79831932773109,אחוז הצבעה בקלפי
ערערהבנגב,1192,11.1,639,309,48.35680751173709,אחוז הצבעה בקלפי
ערערהבנגב,1192,11.2,638,332,52.03761755485894,אחוז הצבעה בקלפי
ערערהבנגב,1192,12.0,665,492,73.98496240601504,אחוז הצבעה בקלפי
ערערהבנגב,1192,13.1,380,157,41.31578947368421,אחוז הצבעה בקלפי
ערערהבנגב,1192,13.2,380,257,67.63157894736842,אחוז הצבעה בקלפי
ערערהבנגב,1192,14.1,545,250,45.87155963302752,אחוז הצבעה בקלפי
ערערהבנגב,1192,14.2,545,258,47.33944954128441,אחוז הצבעה בקלפי
ערערהבנגב,1192,14.3,545,264,48.440366972477065,אחוז הצבעה בקלפי
ערערהבנגב,1192,14.4,545,247,45.321100917431195,אחוז הצבעה בקלפי
עשרת,591,1.0,486,344,70.78189300411523,אחוז הצבעה בקלפי
עשרת,591,2.0,395,299,75.69620253164557,אחוז הצבעה בקלפי
עתלית,53,2.1,469,308,65.67164179104478,אחוז הצבעה בקלפי
עתלית,53,2.2,469,287,61.19402985074627,אחוז הצבעה בקלפי
עתלית,53,2.3,468,318,67.94871794871796,אחוז הצבעה בקלפי
עתלית,53,3.1,360,246,68.33333333333333,אחוז הצבעה בקלפי
עתלית,53,3.2,359,262,72.98050139275766,אחוז הצבעה בקלפי
עתלית,53,5.1,681,511,75.03671071953009,אחוז הצבעה בקלפי
עתלית,53,5.2,681,519,76.2114537444934,אחוז הצבעה בקלפי
עתלית,53,5.3,681,490,71.95301027900148,אחוז הצבעה בקלפי
עתלית,53,5.4,679,484,71.28129602356407,אחוז הצבעה בקלפי
עתלית,53,8.1,698,534,76.50429799426934,אחוז הצבעה בקלפי
עתלית,53,8.2,698,533,76.36103151862464,אחוז הצבעה בקלפי
עתלית,53,8.3,697,537,77.0444763271162,אחוז הצבעה בקלפי
עתניאל,3748,1.0,501,346,69.061876247505,אחוז הצבעה בקלפי
פארן,1151,1.0,398,267,67.08542713567839,אחוז הצבעה בקלפי
פדואל,3768,1.0,586,483,82.42320819112628,אחוז הצבעה בקלפי
פדואל,3768,2.0,589,491,83.3616298811545,אחוז הצבעה בקלפי
פדויים,750,1.0,347,257,74.06340057636888,אחוז הצבעה בקלפי
פדיה,838,1.0,612,493,80.55555555555556,אחוז הצבעה בקלפי
פוריה  כפר עבודה,1104,1.0,287,193,67.24738675958189,אחוז הצבעה בקלפי
פוריה  נווה עובד,1105,1.0,503,354,70.37773359840955,אחוז הצבעה בקלפי
פוריה  נווה עובד,1105,2.0,552,372,67.3913043478261,אחוז הצבעה בקלפי
פוריה עילית,1313,1.0,384,250,65.10416666666666,אחוז הצבעה בקלפי
פוריה עילית,1313,2.0,555,358,64.5045045045045,אחוז הצבעה בקלפי
פוריידיס,537,6.1,583,229,39.27958833619211,אחוז הצבעה בקלפי
פוריידיס,537,6.2,583,183,31.3893653516295,אחוז הצבעה בקלפי
פוריידיס,537,6.3,583,211,36.19210977701543,אחוז הצבעה בקלפי
פוריידיס,537,6.4,582,259,44.50171821305842,אחוז הצבעה בקלפי
פוריידיס,537,7.1,585,221,37.77777777777778,אחוז הצבעה בקלפי
פוריידיס,537,7.2,585,195,33.33333333333333,אחוז הצבעה בקלפי
פוריידיס,537,7.3,585,248,42.39316239316239,אחוז הצבעה בקלפי
פוריידיס,537,7.4,585,232,39.65811965811966,אחוז הצבעה בקלפי
פוריידיס,537,9.1,392,129,32.90816326530612,אחוז הצבעה בקלפי
פוריידיס,537,9.2,392,149,38.01020408163265,אחוז הצבעה בקלפי
פוריידיס,537,10.1,555,244,43.96396396396396,אחוז הצבעה בקלפי
פוריידיס,537,10.2,555,201,36.21621621621622,אחוז הצבעה בקלפי
פוריידיס,537,10.3,555,269,48.468468468468465,אחוז הצבעה בקלפי
פוריידיס,537,10.4,553,228,41.22965641952984,אחוז הצבעה בקלפי
פוריידיס,537,12.1,512,206,40.234375,אחוז הצבעה בקלפי
פוריידיס,537,12.2,512,177,34.5703125,אחוז הצבעה בקלפי
פוריידיס,537,12.3,511,185,36.20352250489237,אחוז הצבעה בקלפי
פורת,767,1.0,520,380,73.07692307692307,אחוז הצבעה בקלפי
פורת,767,2.0,404,305,75.4950495049505,אחוז הצבעה בקלפי
פטיש,749,1.0,683,580,84.9194729136164,אחוז הצבעה בקלפי
פלך,1185,1.0,115,98,85.21739130434783,אחוז הצבעה בקלפי
פלמחים,597,1.0,638,455,71.31661442006269,אחוז הצבעה בקלפי
פני חבר,3723,1.0,267,211,79.02621722846442,אחוז הצבעה בקלפי
פסגות,3659,1.0,625,504,80.64,אחוז הצבעה בקלפי
פסגות,3659,2.0,510,400,78.43137254901961,אחוז הצבעה בקלפי
פסוטה,535,1.0,686,294,42.857142857142854,אחוז הצבעה בקלפי
פסוטה,535,4.1,672,301,44.79166666666667,אחוז הצבעה בקלפי
פסוטה,535,4.2,672,332,49.404761904761905,אחוז הצבעה בקלפי
פסוטה,535,4.3,671,329,49.03129657228018,אחוז הצבעה בקלפי
פעמי תשז,2059,1.0,390,308,78.97435897435898,אחוז הצבעה בקלפי
פצאל,3615,1.0,269,209,77.69516728624535,אחוז הצבעה בקלפי
פקיעין בוקייעה,536,1.0,600,391,65.16666666666666,אחוז הצבעה בקלפי
פקיעין בוקייעה,536,2.1,470,274,58.29787234042553,אחוז הצבעה בקלפי
פקיעין בוקייעה,536,2.2,470,290,61.702127659574465,אחוז הצבעה בקלפי
פקיעין בוקייעה,536,2.3,470,302,64.25531914893618,אחוז הצבעה בקלפי
פקיעין בוקייעה,536,3.1,663,386,58.22021116138764,אחוז הצבעה בקלפי
פקיעין בוקייעה,536,3.2,662,429,64.8036253776435,אחוז הצבעה בקלפי
פקיעין בוקייעה,536,4.0,630,379,60.15873015873016,אחוז הצבעה בקלפי
פקיעין בוקייעה,536,5.0,674,434,64.39169139465875,אחוז הצבעה בקלפי
פקיעין חדשה,281,1.0,355,282,79.43661971830987,אחוז הצבעה בקלפי
פרדס חנהכרכור,7800,1.1,638,449,70.37617554858933,אחוז הצבעה בקלפי
פרדס חנהכרכור,7800,1.2,638,466,73.04075235109718,אחוז הצבעה בקלפי
פרדס חנהכרכור,7800,1.3,638,443,69.43573667711598,אחוז הצבעה בקלפי
פרדס חנהכרכור,7800,1.4,638,453,71.00313479623824,אחוז הצבעה בקלפי
פרדס חנהכרכור,7800,5.0,638,466,73.04075235109718,אחוז הצבעה בקלפי
פרדס חנהכרכור,7800,6.0,618,375,60.679611650485434,אחוז הצבעה בקלפי
פרדס חנהכרכור,7800,15.0,601,323,53.74376039933444,אחוז הצבעה בקלפי
פרדס חנהכרכור,7800,17.0,478,312,65.27196652719665,אחוז הצבעה בקלפי
פרדס חנהכרכור,7800,21.1,573,338,58.98778359511344,אחוז הצבעה בקלפי
פרדס חנהכרכור,7800,21.2,573,362,63.17626527050611,אחוז הצבעה בקלפי
פרדס חנהכרכור,7800,21.3,573,360,62.82722513089005,אחוז הצבעה בקלפי
פרדס חנהכרכור,7800,21.4,573,338,58.98778359511344,אחוז הצבעה בקלפי
פרדס חנהכרכור,7800,22.1,645,499,77.36434108527132,אחוז הצבעה בקלפי
פרדס חנהכרכור,7800,22.2,645,512,79.37984496124031,אחוז הצבעה בקלפי
פרדס חנהכרכור,7800,22.3,645,517,80.15503875968992,אחוז הצבעה בקלפי
פרדס חנהכרכור,7800,22.4,645,490,75.96899224806202,אחוז הצבעה בקלפי
פרדס חנהכרכור,7800,22.5,645,501,77.67441860465117,אחוז הצבעה בקלפי
פרדס חנהכרכור,7800,22.6,644,492,76.3975155279503,אחוז הצבעה בקלפי
פרדס חנהכרכור,7800,23.1,553,347,62.74864376130199,אחוז הצבעה בקלפי
פרדס חנהכרכור,7800,23.2,553,387,69.98191681735986,אחוז הצבעה בקלפי
פרדס חנהכרכור,7800,23.3,553,367,66.36528028933093,אחוז הצבעה בקלפי
פרדס חנהכרכור,7800,27.1,558,431,77.24014336917563,אחוז הצבעה בקלפי
פרדס חנהכרכור,7800,27.2,558,428,76.70250896057348,אחוז הצבעה בקלפי
פרדס חנהכרכור,7800,27.3,558,423,75.80645161290323,אחוז הצבעה בקלפי
פרדס חנהכרכור,7800,27.4,555,412,74.23423423423424,אחוז הצבעה בקלפי
פרדס חנהכרכור,7800,32.1,652,464,71.16564417177914,אחוז הצבעה בקלפי
פרדס חנהכרכור,7800,32.2,652,475,72.85276073619632,אחוז הצבעה בקלפי
פרדס חנהכרכור,7800,32.3,652,484,74.23312883435584,אחוז הצבעה בקלפי
פרדס חנהכרכור,7800,32.4,652,449,68.86503067484662,אחוז הצבעה בקלפי
פרדס חנהכרכור,7800,32.5,652,467,71.62576687116564,אחוז הצבעה בקלפי
פרדס חנהכרכור,7800,32.6,651,468,71.88940092165899,אחוז הצבעה בקלפי
פרדס חנהכרכור,7800,33.0,665,387,58.19548872180451,אחוז הצבעה בקלפי
פרדס חנהכרכור,7800,34.0,589,397,67.40237691001698,אחוז הצבעה בקלפי
פרדס חנהכרכור,7800,37.1,595,425,71.42857142857143,אחוז הצבעה בקלפי
פרדס חנהכרכור,7800,37.2,595,417,70.08403361344537,אחוז הצבעה בקלפי
פרדס חנהכרכור,7800,37.3,594,426,71.71717171717171,אחוז הצבעה בקלפי
פרדס חנהכרכור,7800,38.1,677,467,68.98079763663219,אחוז הצבעה בקלפי
פרדס חנהכרכור,7800,38.2,677,451,66.61742983751846,אחוז הצבעה בקלפי
פרדס חנהכרכור,7800,38.3,677,459,67.79911373707533,אחוז הצבעה בקלפי
פרדס חנהכרכור,7800,38.4,674,418,62.01780415430267,אחוז הצבעה בקלפי
פרדס חנהכרכור,7800,41.1,602,429,71.2624584717608,אחוז הצבעה בקלפי
פרדס חנהכרכור,7800,41.2,602,443,73.58803986710963,אחוז הצבעה בקלפי
פרדס חנהכרכור,7800,41.3,602,430,71.42857142857143,אחוז הצבעה בקלפי
פרדס חנהכרכור,7800,41.4,599,411,68.61435726210351,אחוז הצבעה בקלפי
פרדס חנהכרכור,7800,42.0,600,462,77.0,אחוז הצבעה בקלפי
פרדס חנהכרכור,7800,43.1,684,430,62.86549707602339,אחוז הצבעה בקלפי
פרדס חנהכרכור,7800,43.2,684,420,61.40350877192983,אחוז הצבעה בקלפי
פרדס חנהכרכור,7800,43.3,682,420,61.58357771260997,אחוז הצבעה בקלפי
פרדס חנהכרכור,7800,45.1,630,469,74.44444444444444,אחוז הצבעה בקלפי
פרדס חנהכרכור,7800,45.2,630,471,74.76190476190476,אחוז הצבעה בקלפי
פרדס חנהכרכור,7800,45.3,628,464,73.88535031847134,אחוז הצבעה בקלפי
פרדס חנהכרכור,7800,49.0,478,237,49.58158995815899,אחוז הצבעה בקלפי
פרדסיה,171,1.1,372,282,75.80645161290323,אחוז הצבעה בקלפי
פרדסיה,171,1.2,371,263,70.88948787061994,אחוז הצבעה בקלפי
פרדסיה,171,3.0,613,488,79.6084828711256,אחוז הצבעה בקלפי
פרדסיה,171,4.1,692,498,71.96531791907515,אחוז הצבעה בקלפי
פרדסיה,171,4.2,692,520,75.14450867052022,אחוז הצבעה בקלפי
פרדסיה,171,5.0,659,486,73.74810318664643,אחוז הצבעה בקלפי
פרדסיה,171,6.0,656,565,86.1280487804878,אחוז הצבעה בקלפי
פרדסיה,171,7.0,679,509,74.96318114874816,אחוז הצבעה בקלפי
פרדסיה,171,8.1,503,391,77.73359840954275,אחוז הצבעה בקלפי
פרדסיה,171,8.2,502,387,77.09163346613546,אחוז הצבעה בקלפי
פרוד,599,1.0,435,301,69.19540229885057,אחוז הצבעה בקלפי
פרזון,2053,1.0,333,243,72.97297297297297,אחוז הצבעה בקלפי
פרי גן,1231,1.0,177,114,64.40677966101694,אחוז הצבעה בקלפי
פתח תקווה,7900,18.1,653,345,52.833078101071976,אחוז הצבעה בקלפי
פתח תקווה,7900,18.2,653,327,50.076569678407346,אחוז הצבעה בקלפי
פתח תקווה,7900,18.3,653,365,55.895865237366,אחוז הצבעה בקלפי
פתח תקווה,7900,18.4,653,283,43.33843797856049,אחוז הצבעה בקלפי
פתח תקווה,7900,18.5,653,312,47.77947932618683,אחוז הצבעה בקלפי
פתח תקווה,7900,18.6,653,318,48.698315467075034,אחוז הצבעה בקלפי
פתח תקווה,7900,21.0,491,277,56.41547861507128,אחוז הצבעה בקלפי
פתח תקווה,7900,24.0,624,422,67.62820512820514,אחוז הצבעה בקלפי
פתח תקווה,7900,26.1,639,360,56.33802816901409,אחוז הצבעה בקלפי
פתח תקווה,7900,26.2,639,333,52.112676056338024,אחוז הצבעה בקלפי
פתח תקווה,7900,26.3,639,378,59.154929577464785,אחוז הצבעה בקלפי
פתח תקווה,7900,26.4,639,360,56.33802816901409,אחוז הצבעה בקלפי
פתח תקווה,7900,26.5,639,348,54.460093896713616,אחוז הצבעה בקלפי
פתח תקווה,7900,26.6,635,314,49.4488188976378,אחוז הצבעה בקלפי
פתח תקווה,7900,39.0,577,398,68.97746967071056,אחוז הצבעה בקלפי
פתח תקווה,7900,40.0,598,382,63.87959866220736,אחוז הצבעה בקלפי
פתח תקווה,7900,43.1,647,397,61.360123647604325,אחוז הצבעה בקלפי
פתח תקווה,7900,43.2,647,357,55.17774343122102,אחוז הצבעה בקלפי
פתח תקווה,7900,43.3,647,392,60.58732612055642,אחוז הצבעה בקלפי
פתח תקווה,7900,43.4,647,384,59.35085007727975,אחוז הצבעה בקלפי
פתח תקווה,7900,43.5,643,367,57.07620528771385,אחוז הצבעה בקלפי
פתח תקווה,7900,49.1,623,422,67.73675762439807,אחוז הצבעה בקלפי
פתח תקווה,7900,49.2,623,420,67.41573033707866,אחוז הצבעה בקלפי
פתח תקווה,7900,49.3,623,432,69.34189406099517,אחוז הצבעה בקלפי
פתח תקווה,7900,49.4,623,443,71.107544141252,אחוז הצבעה בקלפי
פתח תקווה,7900,49.5,623,459,73.67576243980739,אחוז הצבעה בקלפי
פתח תקווה,7900,49.6,623,413,66.29213483146067,אחוז הצבעה בקלפי
פתח תקווה,7900,49.7,617,427,69.20583468395462,אחוז הצבעה בקלפי
פתח תקווה,7900,57.0,568,383,67.42957746478874,אחוז הצבעה בקלפי
פתח תקווה,7900,58.0,554,396,71.48014440433214,אחוז הצבעה בקלפי
פתח תקווה,7900,59.0,586,380,64.84641638225256,אחוז הצבעה בקלפי
פתח תקווה,7900,60.1,653,415,63.55283307810107,אחוז הצבעה בקלפי
פתח תקווה,7900,60.2,653,415,63.55283307810107,אחוז הצבעה בקלפי
פתח תקווה,7900,60.3,653,437,66.9218989280245,אחוז הצבעה בקלפי
פתח תקווה,7900,60.4,653,384,58.80551301684533,אחוז הצבעה בקלפי
פתח תקווה,7900,63.0,612,377,61.60130718954249,אחוז הצבעה בקלפי
פתח תקווה,7900,64.0,649,476,73.34360554699538,אחוז הצבעה בקלפי
פתח תקווה,7900,149.0,617,362,58.6709886547812,אחוז הצבעה בקלפי
פתח תקווה,7900,154.1,573,401,69.9825479930192,אחוז הצבעה בקלפי
פתח תקווה,7900,154.2,573,412,71.9022687609075,אחוז הצבעה בקלפי
פתח תקווה,7900,154.3,573,406,70.85514834205934,אחוז הצבעה בקלפי
פתח תקווה,7900,154.4,573,384,67.01570680628272,אחוז הצבעה בקלפי
פתח תקווה,7900,154.5,569,395,69.42003514938489,אחוז הצבעה בקלפי
פתח תקווה,7900,161.1,571,372,65.14886164623468,אחוז הצבעה בקלפי
פתח תקווה,7900,161.2,571,379,66.37478108581436,אחוז הצבעה בקלפי
פתח תקווה,7900,161.3,571,366,64.09807355516638,אחוז הצבעה בקלפי
פתח תקווה,7900,161.4,571,386,67.60070052539405,אחוז הצבעה בקלפי
פתח תקווה,7900,164.0,620,393,63.38709677419355,אחוז הצבעה בקלפי
פתח תקווה,7900,166.0,689,417,60.52249637155298,אחוז הצבעה בקלפי
פתח תקווה,7900,171.0,655,422,64.42748091603053,אחוז הצבעה בקלפי
פתח תקווה,7900,172.1,608,406,66.77631578947368,אחוז הצבעה בקלפי
פתח תקווה,7900,172.2,608,406,66.77631578947368,אחוז הצבעה בקלפי
פתח תקווה,7900,172.3,608,405,66.61184210526315,אחוז הצבעה בקלפי
פתח תקווה,7900,177.0,634,441,69.5583596214511,אחוז הצבעה בקלפי
פתח תקווה,7900,185.1,691,482,69.75397973950795,אחוז הצבעה בקלפי
פתח תקווה,7900,185.2,690,479,69.42028985507245,אחוז הצבעה בקלפי
פתח תקווה,7900,188.0,588,375,63.775510204081634,אחוז הצבעה בקלפי
פתח תקווה,7900,189.0,584,392,67.12328767123287,אחוז הצבעה בקלפי
פתח תקווה,7900,231.0,585,439,75.04273504273505,אחוז הצבעה בקלפי
פתח תקווה,7900,232.0,584,398,68.15068493150685,אחוז הצבעה בקלפי
פתח תקווה,7900,233.0,606,316,52.14521452145215,אחוז הצבעה בקלפי
פתח תקווה,7900,239.1,639,465,72.76995305164318,אחוז הצבעה בקלפי
פתח תקווה,7900,239.2,639,460,71.98748043818466,אחוז הצבעה בקלפי
פתח תקווה,7900,239.3,639,436,68.23161189358372,אחוז הצבעה בקלפי
פתח תקווה,7900,239.4,639,447,69.95305164319248,אחוז הצבעה בקלפי
פתח תקווה,7900,239.5,639,448,70.1095461658842,אחוז הצבעה בקלפי
פתח תקווה,7900,239.6,639,433,67.76212832550861,אחוז הצבעה בקלפי
פתח תקווה,7900,239.7,633,451,71.24802527646129,אחוז הצבעה בקלפי
פתח תקווה,7900,253.1,597,382,63.98659966499163,אחוז הצבעה בקלפי
פתח תקווה,7900,253.2,597,405,67.8391959798995,אחוז הצבעה בקלפי
פתח תקווה,7900,253.3,596,411,68.95973154362416,אחוז הצבעה בקלפי
פתח תקווה,7900,254.0,605,402,66.44628099173553,אחוז הצבעה בקלפי
פתח תקווה,7900,260.0,574,376,65.50522648083623,אחוז הצבעה בקלפי
פתח תקווה,7900,261.0,636,453,71.22641509433963,אחוז הצבעה בקלפי
פתח תקווה,7900,280.1,641,412,64.27457098283932,אחוז הצבעה בקלפי
פתח תקווה,7900,280.2,641,431,67.2386895475819,אחוז הצבעה בקלפי
פתח תקווה,7900,280.3,641,458,71.45085803432137,אחוז הצבעה בקלפי
פתח תקווה,7900,293.0,695,484,69.64028776978417,אחוז הצבעה בקלפי
פתח תקווה,7900,301.1,680,566,83.23529411764706,אחוז הצבעה בקלפי
פתח תקווה,7900,301.2,680,532,78.23529411764706,אחוז הצבעה בקלפי
פתח תקווה,7900,301.3,680,554,81.47058823529412,אחוז הצבעה בקלפי
פתח תקווה,7900,301.4,680,545,80.14705882352942,אחוז הצבעה בקלפי
פתח תקווה,7900,301.5,680,556,81.76470588235294,אחוז הצבעה בקלפי
פתח תקווה,7900,301.6,680,566,83.23529411764706,אחוז הצבעה בקלפי
פתח תקווה,7900,301.7,680,557,81.91176470588235,אחוז הצבעה בקלפי
פתח תקווה,7900,309.1,677,579,85.52437223042836,אחוז הצבעה בקלפי
פתח תקווה,7900,309.2,677,581,85.81979320531758,אחוז הצבעה בקלפי
פתח תקווה,7900,309.3,677,585,86.41063515509602,אחוז הצבעה בקלפי
פתח תקווה,7900,309.4,677,573,84.63810930576071,אחוז הצבעה בקלפי
פתח תקווה,7900,309.5,677,568,83.89955686853766,אחוז הצבעה בקלפי
פתח תקווה,7900,309.6,677,569,84.04726735598229,אחוז הצבעה בקלפי
פתח תקווה,7900,309.7,671,589,87.77943368107303,אחוז הצבעה בקלפי
פתח תקווה,7900,957.0,555,422,76.03603603603604,אחוז הצבעה בקלפי
פתח תקווה,7900,14.1,579,254,43.86873920552677,אחוז הצבעה בקלפי
פתח תקווה,7900,14.2,579,289,49.91364421416235,אחוז הצבעה בקלפי
פתח תקווה,7900,14.3,579,256,44.21416234887737,אחוז הצבעה בקלפי
פתח תקווה,7900,15.1,687,303,44.10480349344978,אחוז הצבעה בקלפי
פתח תקווה,7900,15.2,687,319,46.43377001455604,אחוז הצבעה בקלפי
פתח תקווה,7900,15.3,687,285,41.48471615720524,אחוז הצבעה בקלפי
פתח תקווה,7900,15.4,687,292,42.503639010189225,אחוז הצבעה בקלפי
פתח תקווה,7900,15.5,687,271,39.44687045123727,אחוז הצבעה בקלפי
פתח תקווה,7900,15.6,687,307,44.68704512372635,אחוז הצבעה בקלפי
פתח תקווה,7900,15.7,685,283,41.31386861313869,אחוז הצבעה בקלפי
פתח תקווה,7900,56.0,635,464,73.07086614173228,אחוז הצבעה בקלפי
פתח תקווה,7900,61.1,552,341,61.77536231884058,אחוז הצבעה בקלפי
פתח תקווה,7900,61.2,552,404,73.18840579710145,אחוז הצבעה בקלפי
פתח תקווה,7900,61.3,551,387,70.23593466424683,אחוז הצבעה בקלפי
פתח תקווה,7900,66.0,536,301,56.156716417910445,אחוז הצבעה בקלפי
פתח תקווה,7900,67.0,485,356,73.4020618556701,אחוז הצבעה בקלפי
פתח תקווה,7900,68.0,589,347,58.91341256366724,אחוז הצבעה בקלפי
פתח תקווה,7900,70.0,625,322,51.519999999999996,אחוז הצבעה בקלפי
פתח תקווה,7900,72.0,498,337,67.67068273092369,אחוז הצבעה בקלפי
פתח תקווה,7900,74.1,579,350,60.44905008635578,אחוז הצבעה בקלפי
פתח תקווה,7900,74.2,579,343,59.240069084628665,אחוז הצבעה בקלפי
פתח תקווה,7900,74.3,579,369,63.730569948186535,אחוז הצבעה בקלפי
פתח תקווה,7900,74.4,579,335,57.858376511226254,אחוז הצבעה בקלפי
פתח תקווה,7900,74.5,579,343,59.240069084628665,אחוז הצבעה בקלפי
פתח תקווה,7900,75.0,651,294,45.16129032258064,אחוז הצבעה בקלפי
פתח תקווה,7900,76.0,591,284,48.05414551607445,אחוז הצבעה בקלפי
פתח תקווה,7900,78.0,623,366,58.74799357945425,אחוז הצבעה בקלפי
פתח תקווה,7900,79.0,612,390,63.725490196078425,אחוז הצבעה בקלפי
פתח תקווה,7900,81.1,634,376,59.305993690851736,אחוז הצבעה בקלפי
פתח תקווה,7900,81.2,634,401,63.24921135646687,אחוז הצבעה בקלפי
פתח תקווה,7900,81.3,634,379,59.779179810725545,אחוז הצבעה בקלפי
פתח תקווה,7900,81.4,634,368,58.0441640378549,אחוז הצבעה בקלפי
פתח תקווה,7900,81.5,631,357,56.57686212361332,אחוז הצבעה בקלפי
פתח תקווה,7900,85.0,608,393,64.63815789473685,אחוז הצבעה בקלפי
פתח תקווה,7900,94.0,551,332,60.254083484573506,אחוז הצבעה בקלפי
פתח תקווה,7900,96.0,417,261,62.589928057553955,אחוז הצבעה בקלפי
פתח תקווה,7900,97.0,549,380,69.2167577413479,אחוז הצבעה בקלפי
פתח תקווה,7900,101.0,483,382,79.08902691511386,אחוז הצבעה בקלפי
פתח תקווה,7900,102.0,763,610,79.94757536041939,אחוז הצבעה בקלפי
פתח תקווה,7900,108.1,697,535,76.75753228120516,אחוז הצבעה בקלפי
פתח תקווה,7900,108.2,697,548,78.62266857962697,אחוז הצבעה בקלפי
פתח תקווה,7900,108.3,697,513,73.60114777618364,אחוז הצבעה בקלפי
פתח תקווה,7900,108.4,695,558,80.28776978417265,אחוז הצבעה בקלפי
פתח תקווה,7900,114.0,506,269,53.16205533596838,אחוז הצבעה בקלפי
פתח תקווה,7900,116.0,631,445,70.5229793977813,אחוז הצבעה בקלפי
פתח תקווה,7900,119.1,649,400,61.63328197226502,אחוז הצבעה בקלפי
פתח תקווה,7900,119.2,649,420,64.71494607087827,אחוז הצבעה בקלפי
פתח תקווה,7900,119.3,649,418,64.40677966101694,אחוז הצבעה בקלפי
פתח תקווה,7900,119.4,649,397,61.17103235747303,אחוז הצבעה בקלפי
פתח תקווה,7900,119.5,649,380,58.55161787365177,אחוז הצבעה בקלפי
פתח תקווה,7900,119.6,644,375,58.22981366459628,אחוז הצבעה בקלפי
פתח תקווה,7900,123.0,516,330,63.95348837209303,אחוז הצבעה בקלפי
פתח תקווה,7900,139.0,519,391,75.33718689788054,אחוז הצבעה בקלפי
פתח תקווה,7900,140.0,532,395,74.24812030075188,אחוז הצבעה בקלפי
פתח תקווה,7900,143.0,566,411,72.6148409893993,אחוז הצבעה בקלפי
פתח תקווה,7900,145.0,606,375,61.88118811881188,אחוז הצבעה בקלפי
פתח תקווה,7900,191.1,652,485,74.38650306748467,אחוז הצבעה בקלפי
פתח תקווה,7900,191.2,652,425,65.1840490797546,אחוז הצבעה בקלפי
פתח תקווה,7900,191.3,652,441,67.63803680981594,אחוז הצבעה בקלפי
פתח תקווה,7900,191.4,652,455,69.78527607361963,אחוז הצבעה בקלפי
פתח תקווה,7900,191.5,651,452,69.43164362519201,אחוז הצבעה בקלפי
פתח תקווה,7900,192.0,608,326,53.61842105263158,אחוז הצבעה בקלפי
פתח תקווה,7900,193.0,481,332,69.02286902286903,אחוז הצבעה בקלפי
פתח תקווה,7900,212.0,533,339,63.60225140712945,אחוז הצבעה בקלפי
פתח תקווה,7900,225.1,583,379,65.00857632933105,אחוז הצבעה בקלפי
פתח תקווה,7900,225.2,583,400,68.61063464837049,אחוז הצבעה בקלפי
פתח תקווה,7900,225.3,583,404,69.2967409948542,אחוז הצבעה בקלפי
פתח תקווה,7900,225.4,583,407,69.81132075471697,אחוז הצבעה בקלפי
פתח תקווה,7900,225.5,579,396,68.39378238341969,אחוז הצבעה בקלפי
פתח תקווה,7900,227.1,593,439,74.03035413153457,אחוז הצבעה בקלפי
פתח תקווה,7900,227.2,593,418,70.48903878583474,אחוז הצבעה בקלפי
פתח תקווה,7900,227.3,593,429,72.34401349072512,אחוז הצבעה בקלפי
פתח תקווה,7900,227.4,593,431,72.68128161888701,אחוז הצבעה בקלפי
פתח תקווה,7900,227.5,589,394,66.893039049236,אחוז הצבעה בקלפי
פתח תקווה,7900,229.1,600,410,68.33333333333333,אחוז הצבעה בקלפי
פתח תקווה,7900,229.2,600,425,70.83333333333334,אחוז הצבעה בקלפי
פתח תקווה,7900,229.3,600,394,65.66666666666666,אחוז הצבעה בקלפי
פתח תקווה,7900,229.4,600,432,72.0,אחוז הצבעה בקלפי
פתח תקווה,7900,229.5,600,417,69.5,אחוז הצבעה בקלפי
פתח תקווה,7900,229.6,598,430,71.90635451505017,אחוז הצבעה בקלפי
פתח תקווה,7900,242.1,647,507,78.36166924265842,אחוז הצבעה בקלפי
פתח תקווה,7900,242.2,647,538,83.15301391035548,אחוז הצבעה בקלפי
פתח תקווה,7900,242.3,647,510,78.82534775888718,אחוז הצבעה בקלפי
פתח תקווה,7900,242.4,647,502,77.58887171561051,אחוז הצבעה בקלפי
פתח תקווה,7900,242.5,647,500,77.27975270479135,אחוז הצבעה בקלפי
פתח תקווה,7900,242.6,645,486,75.34883720930232,אחוז הצבעה בקלפי
פתח תקווה,7900,251.0,542,397,73.24723247232473,אחוז הצבעה בקלפי
פתח תקווה,7900,265.0,617,434,70.34035656401944,אחוז הצבעה בקלפי
פתח תקווה,7900,276.1,602,496,82.39202657807309,אחוז הצבעה בקלפי
פתח תקווה,7900,276.2,602,476,79.06976744186046,אחוז הצבעה בקלפי
פתח תקווה,7900,276.3,602,498,82.72425249169434,אחוז הצבעה בקלפי
פתח תקווה,7900,276.4,602,495,82.22591362126246,אחוז הצבעה בקלפי
פתח תקווה,7900,276.5,598,515,86.12040133779264,אחוז הצבעה בקלפי
פתח תקווה,7900,283.0,613,488,79.6084828711256,אחוז הצבעה בקלפי
פתח תקווה,7900,286.0,649,541,83.35901386748844,אחוז הצבעה בקלפי
פתח תקווה,7900,300.1,398,308,77.38693467336684,אחוז הצבעה בקלפי
פתח תקווה,7900,300.2,397,334,84.1309823677582,אחוז הצבעה בקלפי
פתח תקווה,7900,310.0,615,486,79.02439024390245,אחוז הצבעה בקלפי
פתח תקווה,7900,316.0,565,304,53.80530973451327,אחוז הצבעה בקלפי
פתח תקווה,7900,322.0,648,529,81.6358024691358,אחוז הצבעה בקלפי
פתח תקווה,7900,956.0,661,553,83.66111951588502,אחוז הצבעה בקלפי
פתח תקווה,7900,959.1,677,527,77.84342688330872,אחוז הצבעה בקלפי
פתח תקווה,7900,959.2,677,529,78.13884785819793,אחוז הצבעה בקלפי
פתח תקווה,7900,959.3,677,531,78.43426883308715,אחוז הצבעה בקלפי
פתח תקווה,7900,959.4,677,517,76.36632200886262,אחוז הצבעה בקלפי
פתח תקווה,7900,959.5,675,504,74.66666666666667,אחוז הצבעה בקלפי
פתח תקווה,7900,960.1,674,542,80.41543026706232,אחוז הצבעה בקלפי
פתח תקווה,7900,960.2,674,530,78.63501483679525,אחוז הצבעה בקלפי
פתח תקווה,7900,2.1,630,334,53.01587301587302,אחוז הצבעה בקלפי
פתח תקווה,7900,2.2,630,326,51.746031746031754,אחוז הצבעה בקלפי
פתח תקווה,7900,2.3,630,303,48.095238095238095,אחוז הצבעה בקלפי
פתח תקווה,7900,2.4,630,354,56.19047619047619,אחוז הצבעה בקלפי
פתח תקווה,7900,2.5,630,298,47.3015873015873,אחוז הצבעה בקלפי
פתח תקווה,7900,2.6,630,278,44.12698412698413,אחוז הצבעה בקלפי
פתח תקווה,7900,2.7,630,300,47.61904761904761,אחוז הצבעה בקלפי
פתח תקווה,7900,2.8,629,301,47.85373608903021,אחוז הצבעה בקלפי
פתח תקווה,7900,9.1,541,261,48.24399260628466,אחוז הצבעה בקלפי
פתח תקווה,7900,9.2,541,254,46.950092421441774,אחוז הצבעה בקלפי
פתח תקווה,7900,9.3,541,261,48.24399260628466,אחוז הצבעה בקלפי
פתח תקווה,7900,9.4,540,251,46.48148148148148,אחוז הצבעה בקלפי
פתח תקווה,7900,11.1,649,410,63.17411402157165,אחוז הצבעה בקלפי
פתח תקווה,7900,11.2,649,408,62.865947611710325,אחוז הצבעה בקלפי
פתח תקווה,7900,11.3,649,358,55.1617873651772,אחוז הצבעה בקלפי
פתח תקווה,7900,11.4,646,398,61.60990712074303,אחוז הצבעה בקלפי
פתח תקווה,7900,12.1,619,413,66.72051696284329,אחוז הצבעה בקלפי
פתח תקווה,7900,12.2,619,401,64.78190630048465,אחוז הצבעה בקלפי
פתח תקווה,7900,12.3,619,391,63.166397415185784,אחוז הצבעה בקלפי
פתח תקווה,7900,12.4,619,401,64.78190630048465,אחוז הצבעה בקלפי
פתח תקווה,7900,32.0,665,436,65.5639097744361,אחוז הצבעה בקלפי
פתח תקווה,7900,93.1,598,341,57.02341137123745,אחוז הצבעה בקלפי
פתח תקווה,7900,93.2,598,355,59.36454849498328,אחוז הצבעה בקלפי
פתח תקווה,7900,93.3,598,367,61.37123745819398,אחוז הצבעה בקלפי
פתח תקווה,7900,93.4,598,351,58.69565217391305,אחוז הצבעה בקלפי
פתח תקווה,7900,93.5,598,363,60.70234113712375,אחוז הצבעה בקלפי
פתח תקווה,7900,95.0,631,412,65.2931854199683,אחוז הצבעה בקלפי
פתח תקווה,7900,98.0,628,327,52.07006369426752,אחוז הצבעה בקלפי
פתח תקווה,7900,99.0,677,482,71.19645494830132,אחוז הצבעה בקלפי
פתח תקווה,7900,103.0,642,450,70.09345794392523,אחוז הצבעה בקלפי
פתח תקווה,7900,104.0,627,392,62.51993620414673,אחוז הצבעה בקלפי
פתח תקווה,7900,111.0,591,293,49.57698815566836,אחוז הצבעה בקלפי
פתח תקווה,7900,113.0,746,526,70.50938337801608,אחוז הצבעה בקלפי
פתח תקווה,7900,115.0,681,471,69.16299559471366,אחוז הצבעה בקלפי
פתח תקווה,7900,122.1,521,339,65.06717850287907,אחוז הצבעה בקלפי
פתח תקווה,7900,122.2,521,304,58.34932821497121,אחוז הצבעה בקלפי
פתח תקווה,7900,122.3,521,292,56.046065259117086,אחוז הצבעה בקלפי
פתח תקווה,7900,122.4,519,332,63.969171483622354,אחוז הצבעה בקלפי
פתח תקווה,7900,133.1,678,417,61.504424778761056,אחוז הצבעה בקלפי
פתח תקווה,7900,133.2,678,409,60.32448377581121,אחוז הצבעה בקלפי
פתח תקווה,7900,133.3,678,413,60.91445427728613,אחוז הצבעה בקלפי
פתח תקווה,7900,133.4,678,412,60.766961651917406,אחוז הצבעה בקלפי
פתח תקווה,7900,133.5,678,356,52.50737463126843,אחוז הצבעה בקלפי
פתח תקווה,7900,133.6,678,406,59.882005899705014,אחוז הצבעה בקלפי
פתח תקווה,7900,133.7,674,421,62.46290801186943,אחוז הצבעה בקלפי
פתח תקווה,7900,162.0,565,355,62.83185840707964,אחוז הצבעה בקלפי
פתח תקווה,7900,170.1,697,495,71.01865136298422,אחוז הצבעה בקלפי
פתח תקווה,7900,170.2,697,513,73.60114777618364,אחוז הצבעה בקלפי
פתח תקווה,7900,170.3,697,526,75.46628407460545,אחוז הצבעה בקלפי
פתח תקווה,7900,170.4,697,531,76.18364418938307,אחוז הצבעה בקלפי
פתח תקווה,7900,170.5,694,483,69.59654178674351,אחוז הצבעה בקלפי
פתח תקווה,7900,173.0,704,438,62.21590909090909,אחוז הצבעה בקלפי
פתח תקווה,7900,202.0,551,412,74.77313974591652,אחוז הצבעה בקלפי
פתח תקווה,7900,209.1,621,468,75.36231884057972,אחוז הצבעה בקלפי
פתח תקווה,7900,215.1,658,501,76.13981762917933,אחוז הצבעה בקלפי
פתח תקווה,7900,215.2,658,502,76.29179331306992,אחוז הצבעה בקלפי
פתח תקווה,7900,215.3,658,482,73.25227963525836,אחוז הצבעה בקלפי
פתח תקווה,7900,215.4,658,507,77.05167173252279,אחוז הצבעה בקלפי
פתח תקווה,7900,215.5,658,498,75.6838905775076,אחוז הצבעה בקלפי
פתח תקווה,7900,215.6,658,485,73.70820668693008,אחוז הצבעה בקלפי
פתח תקווה,7900,215.7,654,498,76.14678899082568,אחוז הצבעה בקלפי
פתח תקווה,7900,218.0,632,387,61.23417721518988,אחוז הצבעה בקלפי
פתח תקווה,7900,219.0,547,319,58.3180987202925,אחוז הצבעה בקלפי
פתח תקווה,7900,222.0,535,309,57.757009345794394,אחוז הצבעה בקלפי
פתח תקווה,7900,228.0,647,418,64.60587326120556,אחוז הצבעה בקלפי
פתח תקווה,7900,240.1,490,335,68.36734693877551,אחוז הצבעה בקלפי
פתח תקווה,7900,240.2,490,297,60.61224489795919,אחוז הצבעה בקלפי
פתח תקווה,7900,240.3,488,285,58.40163934426229,אחוז הצבעה בקלפי
פתח תקווה,7900,244.1,389,294,75.57840616966581,אחוז הצבעה בקלפי
פתח תקווה,7900,244.2,389,313,80.46272493573264,אחוז הצבעה בקלפי
פתח תקווה,7900,245.1,568,459,80.80985915492957,אחוז הצבעה בקלפי
פתח תקווה,7900,245.2,568,451,79.40140845070422,אחוז הצבעה בקלפי
פתח תקווה,7900,245.3,568,449,79.04929577464789,אחוז הצבעה בקלפי
פתח תקווה,7900,245.4,568,444,78.16901408450704,אחוז הצבעה בקלפי
פתח תקווה,7900,245.5,567,431,76.01410934744268,אחוז הצבעה בקלפי
פתח תקווה,7900,248.1,634,511,80.5993690851735,אחוז הצבעה בקלפי
פתח תקווה,7900,248.2,634,520,82.01892744479495,אחוז הצבעה בקלפי
פתח תקווה,7900,248.3,634,519,81.86119873817034,אחוז הצבעה בקלפי
פתח תקווה,7900,248.4,634,511,80.5993690851735,אחוז הצבעה בקלפי
פתח תקווה,7900,248.5,634,508,80.12618296529969,אחוז הצבעה בקלפי
פתח תקווה,7900,248.6,634,531,83.75394321766562,אחוז הצבעה בקלפי
פתח תקווה,7900,258.0,559,421,75.31305903398928,אחוז הצבעה בקלפי
פתח תקווה,7900,259.0,580,443,76.37931034482759,אחוז הצבעה בקלפי
פתח תקווה,7900,269.1,600,488,81.33333333333333,אחוז הצבעה בקלפי
פתח תקווה,7900,269.2,600,482,80.33333333333333,אחוז הצבעה בקלפי
פתח תקווה,7900,269.3,600,495,82.5,אחוז הצבעה בקלפי
פתח תקווה,7900,269.4,600,483,80.5,אחוז הצבעה בקלפי
פתח תקווה,7900,269.5,598,495,82.77591973244147,אחוז הצבעה בקלפי
פתח תקווה,7900,270.1,636,467,73.42767295597484,אחוז הצבעה בקלפי
פתח תקווה,7900,270.2,636,468,73.58490566037736,אחוז הצבעה בקלפי
פתח תקווה,7900,270.3,636,501,78.77358490566037,אחוז הצבעה בקלפי
פתח תקווה,7900,270.4,636,533,83.80503144654088,אחוז הצבעה בקלפי
פתח תקווה,7900,270.5,636,488,76.72955974842768,אחוז הצבעה בקלפי
פתח תקווה,7900,270.6,636,504,79.24528301886792,אחוז הצבעה בקלפי
פתח תקווה,7900,270.7,633,483,76.30331753554502,אחוז הצבעה בקלפי
פתח תקווה,7900,277.1,646,485,75.07739938080495,אחוז הצבעה בקלפי
פתח תקווה,7900,277.2,646,496,76.78018575851394,אחוז הצבעה בקלפי
פתח תקווה,7900,277.3,646,481,74.45820433436533,אחוז הצבעה בקלפי
פתח תקווה,7900,277.4,646,478,73.9938080495356,אחוז הצבעה בקלפי
פתח תקווה,7900,277.5,642,446,69.47040498442367,אחוז הצבעה בקלפי
פתח תקווה,7900,278.1,657,534,81.27853881278538,אחוז הצבעה בקלפי
פתח תקווה,7900,278.2,657,540,82.1917808219178,אחוז הצבעה בקלפי
פתח תקווה,7900,278.3,657,515,78.38660578386606,אחוז הצבעה בקלפי
פתח תקווה,7900,278.4,657,515,78.38660578386606,אחוז הצבעה בקלפי
פתח תקווה,7900,278.5,657,507,77.1689497716895,אחוז הצבעה בקלפי
פתח תקווה,7900,278.6,654,535,81.80428134556576,אחוז הצבעה בקלפי
פתח תקווה,7900,279.0,688,408,59.30232558139535,אחוז הצבעה בקלפי
פתח תקווה,7900,282.1,468,374,79.91452991452992,אחוז הצבעה בקלפי
פתח תקווה,7900,282.2,468,364,77.77777777777779,אחוז הצבעה בקלפי
פתח תקווה,7900,282.3,467,379,81.15631691648822,אחוז הצבעה בקלפי
פתח תקווה,7900,291.1,675,493,73.03703703703704,אחוז הצבעה בקלפי
פתח תקווה,7900,291.2,675,509,75.40740740740742,אחוז הצבעה בקלפי
פתח תקווה,7900,291.3,675,467,69.18518518518518,אחוז הצבעה בקלפי
פתח תקווה,7900,291.4,675,478,70.81481481481482,אחוז הצבעה בקלפי
פתח תקווה,7900,291.5,674,471,69.8813056379822,אחוז הצבעה בקלפי
פתח תקווה,7900,292.1,692,521,75.28901734104046,אחוז הצבעה בקלפי
פתח תקווה,7900,292.2,691,535,77.42402315484804,אחוז הצבעה בקלפי
פתח תקווה,7900,306.0,618,481,77.831715210356,אחוז הצבעה בקלפי
פתח תקווה,7900,313.0,694,556,80.11527377521614,אחוז הצבעה בקלפי
פתחיה,839,1.0,639,504,78.87323943661971,אחוז הצבעה בקלפי
צאלים,413,1.0,390,255,65.38461538461539,אחוז הצבעה בקלפי
צביה,1180,1.0,270,190,70.37037037037037,אחוז הצבעה בקלפי
צבעון,1213,1.0,210,153,72.85714285714285,אחוז הצבעה בקלפי
צובה,465,1.0,612,386,63.0718954248366,אחוז הצבעה בקלפי
צוחר,1136,1.0,466,294,63.0901287553648,אחוז הצבעה בקלפי
צופים,3791,1.1,525,411,78.28571428571428,אחוז הצבעה בקלפי
צופים,3791,1.2,525,408,77.71428571428571,אחוז הצבעה בקלפי
צופים,3791,1.3,524,387,73.85496183206108,אחוז הצבעה בקלפי
צופית,198,1.0,460,334,72.60869565217392,אחוז הצבעה בקלפי
צופית,198,2.0,398,294,73.86934673366834,אחוז הצבעה בקלפי
צופר,1150,1.0,383,251,65.53524804177546,אחוז הצבעה בקלפי
צוקי ים,1102,1.0,193,132,68.39378238341969,אחוז הצבעה בקלפי
צוקים,1262,1.0,222,131,59.009009009009006,אחוז הצבעה בקלפי
צור הדסה,1113,6.1,696,536,77.01149425287356,אחוז הצבעה בקלפי
צור הדסה,1113,6.2,696,531,76.29310344827587,אחוז הצבעה בקלפי
צור הדסה,1113,6.3,696,549,78.87931034482759,אחוז הצבעה בקלפי
צור הדסה,1113,6.4,696,528,75.86206896551724,אחוז הצבעה בקלפי
צור הדסה,1113,6.5,696,540,77.58620689655173,אחוז הצבעה בקלפי
צור הדסה,1113,7.1,628,426,67.83439490445859,אחוז הצבעה בקלפי
צור הדסה,1113,7.2,628,444,70.70063694267516,אחוז הצבעה בקלפי
צור הדסה,1113,7.3,628,462,73.56687898089172,אחוז הצבעה בקלפי
צור הדסה,1113,7.4,628,434,69.10828025477707,אחוז הצבעה בקלפי
צור הדסה,1113,7.5,624,445,71.31410256410257,אחוז הצבעה בקלפי
צור יצחק,1345,5.1,657,529,80.51750380517504,אחוז הצבעה בקלפי
צור יצחק,1345,5.2,657,538,81.88736681887366,אחוז הצבעה בקלפי
צור יצחק,1345,5.3,656,528,80.48780487804879,אחוז הצבעה בקלפי
צור יצחק,1345,6.1,652,529,81.13496932515338,אחוז הצבעה בקלפי
צור יצחק,1345,6.2,652,506,77.60736196319019,אחוז הצבעה בקלפי
צור יצחק,1345,6.3,650,543,83.53846153846153,אחוז הצבעה בקלפי
צור משה,276,2.0,600,431,71.83333333333334,אחוז הצבעה בקלפי
צור משה,276,3.1,684,533,77.92397660818715,אחוז הצבעה בקלפי
צור משה,276,3.2,683,515,75.40263543191801,אחוז הצבעה בקלפי
צור נתן,1148,1.0,228,157,68.85964912280701,אחוז הצבעה בקלפי
צוריאל,774,1.0,330,224,67.87878787878789,אחוז הצבעה בקלפי
צורית,1221,1.1,404,302,74.75247524752476,אחוז הצבעה בקלפי
צורית,1221,1.2,351,259,73.78917378917379,אחוז הצבעה בקלפי
ציפורי,613,1.0,700,485,69.28571428571428,אחוז הצבעה בקלפי
צלפון,796,1.0,696,538,77.29885057471265,אחוז הצבעה בקלפי
צנדלה,636,1.0,669,245,36.62182361733931,אחוז הצבעה בקלפי
צנדלה,636,2.0,649,238,36.67180277349769,אחוז הצבעה בקלפי
צפריה,594,1.0,553,439,79.38517179023508,אחוז הצבעה בקלפי
צפרירים,1079,1.0,332,226,68.07228915662651,אחוז הצבעה בקלפי
צפת,8000,1.0,509,354,69.54813359528488,אחוז הצבעה בקלפי
צפת,8000,2.1,597,389,65.15912897822446,אחוז הצבעה בקלפי
צפת,8000,2.2,597,376,62.981574539363486,אחוז הצבעה בקלפי
צפת,8000,2.3,597,383,64.15410385259631,אחוז הצבעה בקלפי
צפת,8000,2.4,595,390,65.54621848739495,אחוז הצבעה בקלפי
צפת,8000,5.0,611,391,63.99345335515548,אחוז הצבעה בקלפי
צפת,8000,6.0,600,314,52.33333333333333,אחוז הצבעה בקלפי
צפת,8000,7.0,551,321,58.257713248638844,אחוז הצבעה בקלפי
צפת,8000,8.0,473,327,69.13319238900634,אחוז הצבעה בקלפי
צפת,8000,9.1,648,367,56.6358024691358,אחוז הצבעה בקלפי
צפת,8000,9.2,647,364,56.25965996908809,אחוז הצבעה בקלפי
צפת,8000,10.1,595,395,66.38655462184873,אחוז הצבעה בקלפי
צפת,8000,10.2,595,376,63.193277310924366,אחוז הצבעה בקלפי
צפת,8000,10.3,595,394,66.21848739495798,אחוז הצבעה בקלפי
צפת,8000,10.4,594,402,67.67676767676768,אחוז הצבעה בקלפי
צפת,8000,11.0,521,317,60.84452975047985,אחוז הצבעה בקלפי
צפת,8000,12.0,602,343,56.97674418604651,אחוז הצבעה בקלפי
צפת,8000,14.1,674,350,51.92878338278932,אחוז הצבעה בקלפי
צפת,8000,14.2,673,344,51.114413075780085,אחוז הצבעה בקלפי
צפת,8000,15.1,382,197,51.57068062827225,אחוז הצבעה בקלפי
צפת,8000,15.2,382,199,52.09424083769634,אחוז הצבעה בקלפי
צפת,8000,17.1,606,378,62.37623762376238,אחוז הצבעה בקלפי
צפת,8000,17.2,606,386,63.6963696369637,אחוז הצבעה בקלפי
צפת,8000,17.3,606,415,68.48184818481849,אחוז הצבעה בקלפי
צפת,8000,17.4,603,366,60.69651741293532,אחוז הצבעה בקלפי
צפת,8000,18.0,435,242,55.632183908045974,אחוז הצבעה בקלפי
צפת,8000,19.0,567,361,63.66843033509701,אחוז הצבעה בקלפי
צפת,8000,21.0,590,320,54.23728813559322,אחוז הצבעה בקלפי
צפת,8000,22.0,471,285,60.509554140127385,אחוז הצבעה בקלפי
צפת,8000,27.1,636,354,55.660377358490564,אחוז הצבעה בקלפי
צפת,8000,27.2,636,328,51.57232704402516,אחוז הצבעה בקלפי
צפת,8000,31.1,617,363,58.83306320907617,אחוז הצבעה בקלפי
צפת,8000,31.2,617,371,60.129659643435986,אחוז הצבעה בקלפי
צפת,8000,31.3,617,393,63.69529983792545,אחוז הצבעה בקלפי
צפת,8000,31.4,615,353,57.39837398373984,אחוז הצבעה בקלפי
צפת,8000,32.0,521,325,62.38003838771593,אחוז הצבעה בקלפי
צפת,8000,33.0,628,361,57.484076433121025,אחוז הצבעה בקלפי
צפת,8000,34.0,589,303,51.44312393887945,אחוז הצבעה בקלפי
צפת,8000,35.0,526,335,63.68821292775665,אחוז הצבעה בקלפי
צפת,8000,40.0,381,178,46.71916010498688,אחוז הצבעה בקלפי
צפת,8000,42.1,370,255,68.91891891891892,אחוז הצבעה בקלפי
צפת,8000,42.2,370,252,68.10810810810811,אחוז הצבעה בקלפי
צפת,8000,44.0,503,333,66.2027833001988,אחוז הצבעה בקלפי
צרופה,612,1.1,374,278,74.33155080213903,אחוז הצבעה בקלפי
צרופה,612,1.2,373,276,73.9946380697051,אחוז הצבעה בקלפי
צרעה,567,1.0,429,274,63.86946386946387,אחוז הצבעה בקלפי
צרעה,567,2.0,407,271,66.58476658476658,אחוז הצבעה בקלפי
קבועה שבט,1234,1.0,470,180,38.297872340425535,אחוז הצבעה בקלפי
קבועה שבט,1234,2.0,352,161,45.73863636363637,אחוז הצבעה בקלפי
קבוצת יבנה,334,1.0,598,415,69.39799331103679,אחוז הצבעה בקלפי
קדומים,3557,2.0,644,474,73.6024844720497,אחוז הצבעה בקלפי
קדומים,3557,4.1,691,531,76.8451519536903,אחוז הצבעה בקלפי
קדומים,3557,4.2,691,548,79.3053545586107,אחוז הצבעה בקלפי
קדומים,3557,4.3,689,511,74.1654571843251,אחוז הצבעה בקלפי
קדימהצורן,195,1.0,579,412,71.15716753022453,אחוז הצבעה בקלפי
קדימהצורן,195,2.0,503,337,66.99801192842942,אחוז הצבעה בקלפי
קדימהצורן,195,3.1,687,512,74.5269286754003,אחוז הצבעה בקלפי
קדימהצורן,195,3.2,687,512,74.5269286754003,אחוז הצבעה בקלפי
קדימהצורן,195,5.0,648,475,73.30246913580247,אחוז הצבעה בקלפי
קדימהצורן,195,6.1,720,549,76.25,אחוז הצבעה בקלפי
קדימהצורן,195,6.2,720,550,76.38888888888889,אחוז הצבעה בקלפי
קדימהצורן,195,8.0,582,447,76.80412371134021,אחוז הצבעה בקלפי
קדימהצורן,195,9.0,619,446,72.05169628432955,אחוז הצבעה בקלפי
קדימהצורן,195,10.1,363,257,70.79889807162535,אחוז הצבעה בקלפי
קדימהצורן,195,10.2,362,273,75.41436464088397,אחוז הצבעה בקלפי
קדימהצורן,195,11.1,373,271,72.65415549597856,אחוז הצבעה בקלפי
קדימהצורן,195,11.2,372,238,63.97849462365591,אחוז הצבעה בקלפי
קדימהצורן,195,12.0,661,498,75.34039334341907,אחוז הצבעה בקלפי
קדימהצורן,195,13.1,381,312,81.88976377952756,אחוז הצבעה בקלפי
קדימהצורן,195,13.2,381,329,86.3517060367454,אחוז הצבעה בקלפי
קדימהצורן,195,15.1,629,467,74.24483306836248,אחוז הצבעה בקלפי
קדימהצורן,195,15.2,629,450,71.54213036565977,אחוז הצבעה בקלפי
קדימהצורן,195,15.3,628,452,71.97452229299363,אחוז הצבעה בקלפי
קדימהצורן,195,105.0,646,472,73.06501547987617,אחוז הצבעה בקלפי
קדימהצורן,195,107.1,595,443,74.45378151260505,אחוז הצבעה בקלפי
קדימהצורן,195,107.2,595,408,68.57142857142857,אחוז הצבעה בקלפי
קדימהצורן,195,107.3,595,457,76.80672268907564,אחוז הצבעה בקלפי
קדימהצורן,195,107.4,595,432,72.60504201680672,אחוז הצבעה בקלפי
קדימהצורן,195,107.5,595,440,73.94957983193278,אחוז הצבעה בקלפי
קדימהצורן,195,107.6,591,407,68.8663282571912,אחוז הצבעה בקלפי
קדימהצורן,195,108.1,477,385,80.71278825995807,אחוז הצבעה בקלפי
קדימהצורן,195,108.2,477,382,80.083857442348,אחוז הצבעה בקלפי
קדימהצורן,195,108.3,475,384,80.84210526315789,אחוז הצבעה בקלפי
קדמת צבי,4025,1.0,431,294,68.21345707656613,אחוז הצבעה בקלפי
קדר,3781,1.0,511,361,70.64579256360078,אחוז הצבעה בקלפי
קדר,3781,2.0,573,394,68.760907504363,אחוז הצבעה בקלפי
קדרון,615,1.0,643,485,75.42768273716952,אחוז הצבעה בקלפי
קדרון,615,2.0,587,435,74.10562180579217,אחוז הצבעה בקלפי
קדרים,1211,1.0,208,136,65.38461538461539,אחוז הצבעה בקלפי
קודייראת אצאנעשבט,964,2.1,504,81,16.071428571428573,אחוז הצבעה בקלפי
קודייראת אצאנעשבט,964,2.2,504,131,25.992063492063494,אחוז הצבעה בקלפי
קודייראת אצאנעשבט,964,2.3,504,133,26.38888888888889,אחוז הצבעה בקלפי
קוואעין שבט,972,1.0,554,139,25.09025270758123,אחוז הצבעה בקלפי
קוממיות,766,1.0,258,205,79.45736434108527,אחוז הצבעה בקלפי
קורנית,1179,1.0,656,469,71.4939024390244,אחוז הצבעה בקלפי
קטורה,1052,1.0,453,223,49.22737306843267,אחוז הצבעה בקלפי
קיסריה,1167,1.1,668,393,58.83233532934131,אחוז הצבעה בקלפי
קיסריה,1167,1.2,668,404,60.47904191616767,אחוז הצבעה בקלפי
קיסריה,1167,1.3,668,408,61.07784431137725,אחוז הצבעה בקלפי
קיסריה,1167,1.4,668,401,60.02994011976048,אחוז הצבעה בקלפי
קיסריה,1167,8.1,694,442,63.68876080691642,אחוז הצבעה בקלפי
קיסריה,1167,8.2,694,459,66.13832853025937,אחוז הצבעה בקלפי
קיסריה,1167,8.3,694,461,66.4265129682997,אחוז הצבעה בקלפי
קיסריה,1167,8.4,694,489,70.46109510086455,אחוז הצבעה בקלפי
קלחים,414,1.0,383,299,78.06788511749347,אחוז הצבעה בקלפי
קליה,3601,1.0,339,237,69.91150442477876,אחוז הצבעה בקלפי
קלנסווה,638,7.1,518,282,54.440154440154444,אחוז הצבעה בקלפי
קלנסווה,638,7.2,518,265,51.15830115830116,אחוז הצבעה בקלפי
קלנסווה,638,7.3,518,305,58.88030888030889,אחוז הצבעה בקלפי
קלנסווה,638,8.1,676,343,50.7396449704142,אחוז הצבעה בקלפי
קלנסווה,638,8.2,676,381,56.36094674556213,אחוז הצבעה בקלפי
קלנסווה,638,9.1,497,281,56.53923541247485,אחוז הצבעה בקלפי
קלנסווה,638,9.2,497,270,54.32595573440644,אחוז הצבעה בקלפי
קלנסווה,638,9.3,497,253,50.905432595573444,אחוז הצבעה בקלפי
קלנסווה,638,10.1,502,249,49.60159362549801,אחוז הצבעה בקלפי
קלנסווה,638,10.2,502,265,52.788844621513945,אחוז הצבעה בקלפי
קלנסווה,638,10.3,501,310,61.876247504990026,אחוז הצבעה בקלפי
קלנסווה,638,11.1,488,286,58.606557377049185,אחוז הצבעה בקלפי
קלנסווה,638,11.2,488,262,53.68852459016394,אחוז הצבעה בקלפי
קלנסווה,638,11.3,488,249,51.02459016393443,אחוז הצבעה בקלפי
קלנסווה,638,13.1,517,277,53.578336557059956,אחוז הצבעה בקלפי
קלנסווה,638,13.2,517,284,54.932301740812385,אחוז הצבעה בקלפי
קלנסווה,638,13.3,516,273,52.90697674418605,אחוז הצבעה בקלפי
קלנסווה,638,16.1,505,266,52.67326732673268,אחוז הצבעה בקלפי
קלנסווה,638,16.2,505,270,53.46534653465347,אחוז הצבעה בקלפי
קלנסווה,638,16.3,503,294,58.4493041749503,אחוז הצבעה בקלפי
קלנסווה,638,17.1,569,313,55.008787346221446,אחוז הצבעה בקלפי
קלנסווה,638,17.2,569,277,48.68189806678383,אחוז הצבעה בקלפי
קלנסווה,638,17.3,569,285,50.08787346221442,אחוז הצבעה בקלפי
קלנסווה,638,17.4,569,328,57.64499121265377,אחוז הצבעה בקלפי
קלנסווה,638,20.1,476,238,50.0,אחוז הצבעה בקלפי
קלנסווה,638,20.2,476,273,57.35294117647059,אחוז הצבעה בקלפי
קלנסווה,638,20.3,475,280,58.94736842105262,אחוז הצבעה בקלפי
קלנסווה,638,21.1,644,347,53.881987577639755,אחוז הצבעה בקלפי
קלנסווה,638,21.2,644,363,56.36645962732919,אחוז הצבעה בקלפי
קלע,4024,1.0,301,192,63.78737541528239,אחוז הצבעה בקלפי
קציר,1243,1.0,585,415,70.94017094017094,אחוז הצבעה בקלפי
קציר,1243,2.0,448,246,54.91071428571429,אחוז הצבעה בקלפי
קציר,1243,3.0,579,350,60.44905008635578,אחוז הצבעה בקלפי
קציר,1243,4.0,698,483,69.19770773638967,אחוז הצבעה בקלפי
קצר אסר,1347,1.0,691,510,73.80607814761215,אחוז הצבעה בקלפי
קצר אסר,1347,2.1,359,271,75.4874651810585,אחוז הצבעה בקלפי
קצר אסר,1347,2.2,359,279,77.71587743732591,אחוז הצבעה בקלפי
קצרין,4100,1.0,671,339,50.52160953800298,אחוז הצבעה בקלפי
קצרין,4100,2.0,622,320,51.446945337620576,אחוז הצבעה בקלפי
קצרין,4100,3.0,503,275,54.67196819085487,אחוז הצבעה בקלפי
קצרין,4100,4.0,603,335,55.55555555555556,אחוז הצבעה בקלפי
קצרין,4100,5.1,589,322,54.66893039049236,אחוז הצבעה בקלפי
קצרין,4100,5.2,589,348,59.08319185059423,אחוז הצבעה בקלפי
קצרין,4100,5.3,589,352,59.7623089983022,אחוז הצבעה בקלפי
קצרין,4100,5.4,589,334,56.7062818336163,אחוז הצבעה בקלפי
קצרין,4100,5.5,588,323,54.93197278911565,אחוז הצבעה בקלפי
קצרין,4100,6.0,670,367,54.77611940298508,אחוז הצבעה בקלפי
קצרין,4100,7.0,565,273,48.31858407079646,אחוז הצבעה בקלפי
קרית אונו,2620,1.0,543,385,70.90239410681399,אחוז הצבעה בקלפי
קרית אונו,2620,2.0,697,494,70.8751793400287,אחוז הצבעה בקלפי
קרית אונו,2620,3.1,657,488,74.27701674277016,אחוז הצבעה בקלפי
קרית אונו,2620,3.2,656,445,67.83536585365853,אחוז הצבעה בקלפי
קרית אונו,2620,6.0,678,544,80.23598820058997,אחוז הצבעה בקלפי
קרית אונו,2620,7.0,508,314,61.811023622047244,אחוז הצבעה בקלפי
קרית אונו,2620,14.1,581,428,73.66609294320138,אחוז הצבעה בקלפי
קרית אונו,2620,14.2,581,431,74.18244406196214,אחוז הצבעה בקלפי
קרית אונו,2620,14.3,581,426,73.32185886402753,אחוז הצבעה בקלפי
קרית אונו,2620,14.4,581,450,77.4526678141136,אחוז הצבעה בקלפי
קרית אונו,2620,24.0,666,495,74.32432432432432,אחוז הצבעה בקלפי
קרית אונו,2620,25.0,608,391,64.30921052631578,אחוז הצבעה בקלפי
קרית אונו,2620,29.1,535,387,72.33644859813084,אחוז הצבעה בקלפי
קרית אונו,2620,29.2,534,383,71.72284644194757,אחוז הצבעה בקלפי
קרית אונו,2620,33.0,623,443,71.107544141252,אחוז הצבעה בקלפי
קרית אונו,2620,35.1,518,412,79.53667953667953,אחוז הצבעה בקלפי
קרית אונו,2620,35.2,517,411,79.49709864603481,אחוז הצבעה בקלפי
קרית אונו,2620,36.1,352,269,76.42045454545455,אחוז הצבעה בקלפי
קרית אונו,2620,36.2,352,281,79.82954545454545,אחוז הצבעה בקלפי
קרית אונו,2620,42.1,647,530,81.91653786707882,אחוז הצבעה בקלפי
קרית אונו,2620,42.2,647,552,85.31684698608964,אחוז הצבעה בקלפי
קרית אונו,2620,42.3,647,523,80.83462132921174,אחוז הצבעה בקלפי
קרית אונו,2620,42.4,647,523,80.83462132921174,אחוז הצבעה בקלפי
קרית אונו,2620,42.5,647,521,80.52550231839258,אחוז הצבעה בקלפי
קרית אונו,2620,42.6,645,521,80.7751937984496,אחוז הצבעה בקלפי
קרית אונו,2620,9.0,592,407,68.75,אחוז הצבעה בקלפי
קרית אונו,2620,16.1,536,332,61.940298507462686,אחוז הצבעה בקלפי
קרית אונו,2620,16.2,536,358,66.7910447761194,אחוז הצבעה בקלפי
קרית אונו,2620,16.3,536,338,63.059701492537314,אחוז הצבעה בקלפי
קרית אונו,2620,19.1,581,408,70.22375215146299,אחוז הצבעה בקלפי
קרית אונו,2620,19.2,581,402,69.19104991394148,אחוז הצבעה בקלפי
קרית אונו,2620,19.3,581,418,71.9449225473322,אחוז הצבעה בקלפי
קרית אונו,2620,19.4,581,406,69.87951807228916,אחוז הצבעה בקלפי
קרית אונו,2620,19.5,580,392,67.58620689655173,אחוז הצבעה בקלפי
קרית אונו,2620,20.0,537,345,64.24581005586593,אחוז הצבעה בקלפי
קרית אונו,2620,21.1,585,372,63.589743589743584,אחוז הצבעה בקלפי
קרית אונו,2620,21.2,585,336,57.43589743589743,אחוז הצבעה בקלפי
קרית אונו,2620,21.3,585,402,68.71794871794872,אחוז הצבעה בקלפי
קרית אונו,2620,21.4,585,341,58.2905982905983,אחוז הצבעה בקלפי
קרית אונו,2620,21.5,585,356,60.85470085470085,אחוז הצבעה בקלפי
קרית אונו,2620,21.6,584,363,62.15753424657534,אחוז הצבעה בקלפי
קרית אונו,2620,23.1,485,330,68.04123711340206,אחוז הצבעה בקלפי
קרית אונו,2620,23.2,485,351,72.37113402061856,אחוז הצבעה בקלפי
קרית אונו,2620,23.3,485,356,73.4020618556701,אחוז הצבעה בקלפי
קרית אונו,2620,32.1,379,293,77.30870712401055,אחוז הצבעה בקלפי
קרית אונו,2620,32.2,378,298,78.83597883597884,אחוז הצבעה בקלפי
קרית אונו,2620,40.1,694,557,80.2593659942363,אחוז הצבעה בקלפי
קרית אונו,2620,40.2,694,547,78.81844380403457,אחוז הצבעה בקלפי
קרית אונו,2620,43.0,495,407,82.22222222222221,אחוז הצבעה בקלפי
קרית אונו,2620,45.0,563,473,84.01420959147424,אחוז הצבעה בקלפי
קרית אונו,2620,950.0,692,560,80.92485549132948,אחוז הצבעה בקלפי
קרית אונו,2620,951.1,467,370,79.22912205567452,אחוז הצבעה בקלפי
קרית אונו,2620,951.2,467,384,82.22698072805139,אחוז הצבעה בקלפי
קרית אונו,2620,951.3,467,370,79.22912205567452,אחוז הצבעה בקלפי
קרית אונו,2620,952.0,564,477,84.57446808510637,אחוז הצבעה בקלפי
קרית ארבע,3611,1.0,611,481,78.72340425531915,אחוז הצבעה בקלפי
קרית ארבע,3611,2.0,679,400,58.91016200294551,אחוז הצבעה בקלפי
קרית ארבע,3611,3.0,648,426,65.74074074074075,אחוז הצבעה בקלפי
קרית ארבע,3611,4.1,566,426,75.26501766784452,אחוז הצבעה בקלפי
קרית ארבע,3611,4.2,566,402,71.02473498233216,אחוז הצבעה בקלפי
קרית ארבע,3611,4.3,565,384,67.9646017699115,אחוז הצבעה בקלפי
קרית ארבע,3611,5.0,586,354,60.40955631399317,אחוז הצבעה בקלפי
קרית ארבע,3611,6.0,693,384,55.41125541125541,אחוז הצבעה בקלפי
קרית אתא,6800,1.0,505,290,57.42574257425742,אחוז הצבעה בקלפי
קרית אתא,6800,3.0,562,221,39.32384341637011,אחוז הצבעה בקלפי
קרית אתא,6800,4.0,548,305,55.65693430656934,אחוז הצבעה בקלפי
קרית אתא,6800,5.0,594,292,49.158249158249156,אחוז הצבעה בקלפי
קרית אתא,6800,6.0,533,220,41.275797373358344,אחוז הצבעה בקלפי
קרית אתא,6800,7.0,537,208,38.733705772811916,אחוז הצבעה בקלפי
קרית אתא,6800,8.1,681,413,60.64610866372981,אחוז הצבעה בקלפי
קרית אתא,6800,8.2,680,402,59.11764705882353,אחוז הצבעה בקלפי
קרית אתא,6800,9.0,610,341,55.9016393442623,אחוז הצבעה בקלפי
קרית אתא,6800,10.0,434,282,64.97695852534562,אחוז הצבעה בקלפי
קרית אתא,6800,11.1,365,270,73.97260273972603,אחוז הצבעה בקלפי
קרית אתא,6800,11.2,364,275,75.54945054945054,אחוז הצבעה בקלפי
קרית אתא,6800,12.0,603,256,42.45439469320066,אחוז הצבעה בקלפי
קרית אתא,6800,13.0,635,419,65.98425196850394,אחוז הצבעה בקלפי
קרית אתא,6800,14.0,582,281,48.281786941580755,אחוז הצבעה בקלפי
קרית אתא,6800,16.1,652,385,59.04907975460123,אחוז הצבעה בקלפי
קרית אתא,6800,16.2,652,371,56.901840490797554,אחוז הצבעה בקלפי
קרית אתא,6800,16.3,652,371,56.901840490797554,אחוז הצבעה בקלפי
קרית אתא,6800,16.4,649,327,50.38520801232666,אחוז הצבעה בקלפי
קרית אתא,6800,17.0,639,423,66.19718309859155,אחוז הצבעה בקלפי
קרית אתא,6800,18.0,611,256,41.89852700490999,אחוז הצבעה בקלפי
קרית אתא,6800,19.0,437,231,52.8604118993135,אחוז הצבעה בקלפי
קרית אתא,6800,20.0,596,242,40.604026845637584,אחוז הצבעה בקלפי
קרית אתא,6800,23.0,652,457,70.0920245398773,אחוז הצבעה בקלפי
קרית אתא,6800,24.0,691,529,76.55571635311144,אחוז הצבעה בקלפי
קרית אתא,6800,25.0,656,453,69.0548780487805,אחוז הצבעה בקלפי
קרית אתא,6800,28.0,547,400,73.12614259597807,אחוז הצבעה בקלפי
קרית אתא,6800,29.0,657,494,75.19025875190259,אחוז הצבעה בקלפי
קרית אתא,6800,30.1,647,458,70.78825347758887,אחוז הצבעה בקלפי
קרית אתא,6800,30.2,647,443,68.46986089644514,אחוז הצבעה בקלפי
קרית אתא,6800,30.3,647,432,66.76970633693972,אחוז הצבעה בקלפי
קרית אתא,6800,30.4,644,417,64.75155279503106,אחוז הצבעה בקלפי
קרית אתא,6800,32.0,478,309,64.64435146443515,אחוז הצבעה בקלפי
קרית אתא,6800,33.1,504,320,63.49206349206349,אחוז הצבעה בקלפי
קרית אתא,6800,33.2,504,320,63.49206349206349,אחוז הצבעה בקלפי
קרית אתא,6800,33.3,503,330,65.60636182902584,אחוז הצבעה בקלפי
קרית אתא,6800,35.1,698,465,66.6189111747851,אחוז הצבעה בקלפי
קרית אתא,6800,35.2,698,424,60.74498567335244,אחוז הצבעה בקלפי
קרית אתא,6800,35.3,696,430,61.7816091954023,אחוז הצבעה בקלפי
קרית אתא,6800,36.1,564,380,67.37588652482269,אחוז הצבעה בקלפי
קרית אתא,6800,36.2,564,384,68.08510638297872,אחוז הצבעה בקלפי
קרית אתא,6800,36.3,564,366,64.8936170212766,אחוז הצבעה בקלפי
קרית אתא,6800,36.4,561,366,65.24064171122996,אחוז הצבעה בקלפי
קרית אתא,6800,37.1,371,277,74.66307277628033,אחוז הצבעה בקלפי
קרית אתא,6800,37.2,371,278,74.93261455525607,אחוז הצבעה בקלפי
קרית אתא,6800,38.0,541,275,50.83179297597042,אחוז הצבעה בקלפי
קרית אתא,6800,39.0,688,521,75.72674418604652,אחוז הצבעה בקלפי
קרית אתא,6800,41.1,504,232,46.03174603174603,אחוז הצבעה בקלפי
קרית אתא,6800,41.2,503,202,40.15904572564612,אחוז הצבעה בקלפי
קרית אתא,6800,42.0,553,341,61.66365280289331,אחוז הצבעה בקלפי
קרית אתא,6800,44.0,692,465,67.1965317919075,אחוז הצבעה בקלפי
קרית אתא,6800,45.1,644,473,73.4472049689441,אחוז הצבעה בקלפי
קרית אתא,6800,45.2,643,495,76.98289269051321,אחוז הצבעה בקלפי
קרית אתא,6800,46.0,699,519,74.2489270386266,אחוז הצבעה בקלפי
קרית אתא,6800,49.0,560,382,68.21428571428572,אחוז הצבעה בקלפי
קרית אתא,6800,50.0,619,301,48.62681744749596,אחוז הצבעה בקלפי
קרית אתא,6800,51.0,503,250,49.70178926441352,אחוז הצבעה בקלפי
קרית אתא,6800,52.0,511,319,62.426614481409004,אחוז הצבעה בקלפי
קרית אתא,6800,53.0,671,475,70.78986587183309,אחוז הצבעה בקלפי
קרית אתא,6800,54.0,510,371,72.74509803921568,אחוז הצבעה בקלפי
קרית אתא,6800,55.0,691,500,72.3589001447178,אחוז הצבעה בקלפי
קרית אתא,6800,59.0,676,473,69.97041420118343,אחוז הצבעה בקלפי
קרית אתא,6800,61.0,669,490,73.24364723467862,אחוז הצבעה בקלפי
קרית אתא,6800,62.0,578,412,71.280276816609,אחוז הצבעה בקלפי
קרית אתא,6800,63.0,620,401,64.6774193548387,אחוז הצבעה בקלפי
קרית אתא,6800,64.0,603,430,71.31011608623548,אחוז הצבעה בקלפי
קרית אתא,6800,65.0,693,532,76.76767676767676,אחוז הצבעה בקלפי
קרית אתא,6800,66.0,653,487,74.57886676875957,אחוז הצבעה בקלפי
קרית אתא,6800,67.0,494,383,77.53036437246963,אחוז הצבעה בקלפי
קרית אתא,6800,68.0,699,490,70.10014306151645,אחוז הצבעה בקלפי
קרית אתא,6800,69.0,578,426,73.70242214532871,אחוז הצבעה בקלפי
קרית אתא,6800,70.0,544,381,70.03676470588235,אחוז הצבעה בקלפי
קרית אתא,6800,71.0,575,437,76.0,אחוז הצבעה בקלפי
קרית אתא,6800,72.0,597,436,73.03182579564489,אחוז הצבעה בקלפי
קרית אתא,6800,73.0,684,530,77.48538011695906,אחוז הצבעה בקלפי
קרית אתא,6800,74.0,565,431,76.28318584070797,אחוז הצבעה בקלפי
קרית אתא,6800,75.0,647,359,55.486862442040184,אחוז הצבעה בקלפי
קרית אתא,6800,76.0,616,466,75.64935064935064,אחוז הצבעה בקלפי
קרית אתא,6800,77.1,690,577,83.6231884057971,אחוז הצבעה בקלפי
קרית אתא,6800,77.2,690,614,88.98550724637681,אחוז הצבעה בקלפי
קרית אתא,6800,78.0,559,409,73.16636851520573,אחוז הצבעה בקלפי
קרית אתא,6800,79.0,621,457,73.59098228663447,אחוז הצבעה בקלפי
קרית ביאליק,9500,2.0,638,379,59.40438871473355,אחוז הצבעה בקלפי
קרית ביאליק,9500,3.0,687,395,57.49636098981077,אחוז הצבעה בקלפי
קרית ביאליק,9500,4.0,641,384,59.90639625585024,אחוז הצבעה בקלפי
קרית ביאליק,9500,5.1,664,452,68.07228915662651,אחוז הצבעה בקלפי
קרית ביאליק,9500,5.2,664,425,64.00602409638554,אחוז הצבעה בקלפי
קרית ביאליק,9500,5.3,664,422,63.55421686746988,אחוז הצבעה בקלפי
קרית ביאליק,9500,5.4,664,407,61.295180722891565,אחוז הצבעה בקלפי
קרית ביאליק,9500,5.5,661,402,60.816944024205746,אחוז הצבעה בקלפי
קרית ביאליק,9500,6.0,632,394,62.34177215189873,אחוז הצבעה בקלפי
קרית ביאליק,9500,8.1,536,328,61.19402985074627,אחוז הצבעה בקלפי
קרית ביאליק,9500,8.2,536,373,69.58955223880598,אחוז הצבעה בקלפי
קרית ביאליק,9500,8.3,536,368,68.65671641791045,אחוז הצבעה בקלפי
קרית ביאליק,9500,12.0,556,194,34.89208633093525,אחוז הצבעה בקלפי
קרית ביאליק,9500,13.0,684,317,46.345029239766085,אחוז הצבעה בקלפי
קרית ביאליק,9500,14.0,541,180,33.271719038817004,אחוז הצבעה בקלפי
קרית ביאליק,9500,15.1,558,394,70.60931899641577,אחוז הצבעה בקלפי
קרית ביאליק,9500,15.2,558,361,64.69534050179212,אחוז הצבעה בקלפי
קרית ביאליק,9500,15.3,558,367,65.77060931899642,אחוז הצבעה בקלפי
קרית ביאליק,9500,15.4,558,369,66.12903225806451,אחוז הצבעה בקלפי
קרית ביאליק,9500,16.0,551,298,54.08348457350273,אחוז הצבעה בקלפי
קרית ביאליק,9500,17.0,668,384,57.48502994011976,אחוז הצבעה בקלפי
קרית ביאליק,9500,18.0,555,336,60.54054054054055,אחוז הצבעה בקלפי
קרית ביאליק,9500,19.0,613,384,62.64274061990211,אחוז הצבעה בקלפי
קרית ביאליק,9500,20.0,606,327,53.960396039603964,אחוז הצבעה בקלפי
קרית ביאליק,9500,21.0,569,294,51.66959578207382,אחוז הצבעה בקלפי
קרית ביאליק,9500,22.0,524,235,44.847328244274806,אחוז הצבעה בקלפי
קרית ביאליק,9500,23.0,573,275,47.99301919720768,אחוז הצבעה בקלפי
קרית ביאליק,9500,24.0,510,243,47.647058823529406,אחוז הצבעה בקלפי
קרית ביאליק,9500,25.0,644,352,54.6583850931677,אחוז הצבעה בקלפי
קרית ביאליק,9500,26.0,560,279,49.82142857142857,אחוז הצבעה בקלפי
קרית ביאליק,9500,27.0,496,280,56.451612903225815,אחוז הצבעה בקלפי
קרית ביאליק,9500,29.0,552,351,63.58695652173913,אחוז הצבעה בקלפי
קרית ביאליק,9500,34.0,647,369,57.03245749613601,אחוז הצבעה בקלפי
קרית ביאליק,9500,35.0,605,352,58.18181818181818,אחוז הצבעה בקלפי
קרית ביאליק,9500,36.0,418,252,60.28708133971292,אחוז הצבעה בקלפי
קרית ביאליק,9500,37.0,660,410,62.121212121212125,אחוז הצבעה בקלפי
קרית ביאליק,9500,38.0,622,405,65.11254019292605,אחוז הצבעה בקלפי
קרית ביאליק,9500,39.0,481,269,55.92515592515592,אחוז הצבעה בקלפי
קרית ביאליק,9500,40.1,690,459,66.52173913043478,אחוז הצבעה בקלפי
קרית ביאליק,9500,40.2,690,441,63.91304347826087,אחוז הצבעה בקלפי
קרית ביאליק,9500,40.3,690,419,60.72463768115942,אחוז הצבעה בקלפי
קרית ביאליק,9500,40.4,688,432,62.7906976744186,אחוז הצבעה בקלפי
קרית ביאליק,9500,43.1,654,412,62.99694189602446,אחוז הצבעה בקלפי
קרית ביאליק,9500,43.2,654,437,66.81957186544342,אחוז הצבעה בקלפי
קרית ביאליק,9500,43.3,653,408,62.480857580398165,אחוז הצבעה בקלפי
קרית ביאליק,9500,44.0,551,347,62.976406533575314,אחוז הצבעה בקלפי
קרית ביאליק,9500,45.0,605,478,79.00826446280992,אחוז הצבעה בקלפי
קרית ביאליק,9500,46.0,664,469,70.63253012048193,אחוז הצבעה בקלפי
קרית ביאליק,9500,47.0,517,403,77.94970986460348,אחוז הצבעה בקלפי
קרית ביאליק,9500,48.0,364,227,62.362637362637365,אחוז הצבעה בקלפי
קרית ביאליק,9500,49.0,518,301,58.108108108108105,אחוז הצבעה בקלפי
קרית ביאליק,9500,50.0,383,209,54.56919060052219,אחוז הצבעה בקלפי
קרית ביאליק,9500,52.0,556,344,61.87050359712231,אחוז הצבעה בקלפי
קרית ביאליק,9500,55.0,593,424,71.50084317032041,אחוז הצבעה בקלפי
קרית ביאליק,9500,59.1,670,525,78.35820895522389,אחוז הצבעה בקלפי
קרית ביאליק,9500,59.2,670,517,77.16417910447761,אחוז הצבעה בקלפי
קרית ביאליק,9500,59.3,670,526,78.50746268656717,אחוז הצבעה בקלפי
קרית ביאליק,9500,953.1,578,464,80.27681660899654,אחוז הצבעה בקלפי
קרית ביאליק,9500,953.2,578,442,76.47058823529412,אחוז הצבעה בקלפי
קרית ביאליק,9500,953.3,578,460,79.58477508650519,אחוז הצבעה בקלפי
קרית ביאליק,9500,953.4,578,432,74.74048442906575,אחוז הצבעה בקלפי
קרית ביאליק,9500,953.5,575,445,77.39130434782608,אחוז הצבעה בקלפי
קרית גת,2630,1.1,381,185,48.55643044619423,אחוז הצבעה בקלפי
קרית גת,2630,2.1,543,342,62.98342541436463,אחוז הצבעה בקלפי
קרית גת,2630,2.2,543,318,58.5635359116022,אחוז הצבעה בקלפי
קרית גת,2630,2.3,543,316,58.195211786372006,אחוז הצבעה בקלפי
קרית גת,2630,3.0,414,252,60.86956521739131,אחוז הצבעה בקלפי
קרית גת,2630,5.0,559,344,61.53846153846154,אחוז הצבעה בקלפי
קרית גת,2630,6.0,536,368,68.65671641791045,אחוז הצבעה בקלפי
קרית גת,2630,8.0,585,386,65.98290598290598,אחוז הצבעה בקלפי
קרית גת,2630,10.0,528,382,72.34848484848484,אחוז הצבעה בקלפי
קרית גת,2630,11.0,554,388,70.03610108303249,אחוז הצבעה בקלפי
קרית גת,2630,12.1,647,489,75.57959814528593,אחוז הצבעה בקלפי
קרית גת,2630,12.2,647,463,71.5610510046368,אחוז הצבעה בקלפי
קרית גת,2630,12.3,646,435,67.3374613003096,אחוז הצבעה בקלפי
קרית גת,2630,14.1,364,244,67.03296703296702,אחוז הצבעה בקלפי
קרית גת,2630,14.2,363,258,71.07438016528926,אחוז הצבעה בקלפי
קרית גת,2630,15.0,609,370,60.75533661740559,אחוז הצבעה בקלפי
קרית גת,2630,16.0,588,359,61.05442176870748,אחוז הצבעה בקלפי
קרית גת,2630,17.0,497,352,70.82494969818913,אחוז הצבעה בקלפי
קרית גת,2630,18.0,460,297,64.56521739130436,אחוז הצבעה בקלפי
קרית גת,2630,19.0,492,289,58.739837398373986,אחוז הצבעה בקלפי
קרית גת,2630,21.0,422,268,63.507109004739334,אחוז הצבעה בקלפי
קרית גת,2630,22.0,585,410,70.08547008547008,אחוז הצבעה בקלפי
קרית גת,2630,23.0,470,280,59.57446808510638,אחוז הצבעה בקלפי
קרית גת,2630,24.0,537,388,72.25325884543761,אחוז הצבעה בקלפי
קרית גת,2630,25.0,585,435,74.35897435897436,אחוז הצבעה בקלפי
קרית גת,2630,26.0,609,367,60.26272577996716,אחוז הצבעה בקלפי
קרית גת,2630,28.0,637,389,61.06750392464678,אחוז הצבעה בקלפי
קרית גת,2630,29.0,412,291,70.63106796116504,אחוז הצבעה בקלפי
קרית גת,2630,30.0,587,426,72.57240204429301,אחוז הצבעה בקלפי
קרית גת,2630,31.0,590,351,59.49152542372881,אחוז הצבעה בקלפי
קרית גת,2630,32.0,583,373,63.979416809605496,אחוז הצבעה בקלפי
קרית גת,2630,33.0,456,302,66.22807017543859,אחוז הצבעה בקלפי
קרית גת,2630,34.0,527,330,62.61859582542695,אחוז הצבעה בקלפי
קרית גת,2630,35.0,503,339,67.39562624254472,אחוז הצבעה בקלפי
קרית גת,2630,36.0,493,282,57.200811359026375,אחוז הצבעה בקלפי
קרית גת,2630,37.0,538,346,64.31226765799256,אחוז הצבעה בקלפי
קרית גת,2630,38.0,430,263,61.16279069767442,אחוז הצבעה בקלפי
קרית גת,2630,39.0,438,319,72.8310502283105,אחוז הצבעה בקלפי
קרית גת,2630,40.0,466,338,72.53218884120172,אחוז הצבעה בקלפי
קרית גת,2630,41.0,594,314,52.861952861952865,אחוז הצבעה בקלפי
קרית גת,2630,42.0,501,271,54.091816367265466,אחוז הצבעה בקלפי
קרית גת,2630,43.0,553,399,72.15189873417721,אחוז הצבעה בקלפי
קרית גת,2630,44.0,408,290,71.07843137254902,אחוז הצבעה בקלפי
קרית גת,2630,45.0,582,436,74.91408934707904,אחוז הצבעה בקלפי
קרית גת,2630,48.1,527,434,82.35294117647058,אחוז הצבעה בקלפי
קרית גת,2630,48.2,527,432,81.97343453510436,אחוז הצבעה בקלפי
קרית גת,2630,48.3,527,437,82.92220113851992,אחוז הצבעה בקלפי
קרית גת,2630,49.1,621,402,64.73429951690821,אחוז הצבעה בקלפי
קרית גת,2630,49.2,621,366,58.93719806763285,אחוז הצבעה בקלפי
קרית גת,2630,49.3,621,392,63.12399355877617,אחוז הצבעה בקלפי
קרית גת,2630,49.4,621,357,57.48792270531401,אחוז הצבעה בקלפי
קרית גת,2630,49.5,617,345,55.91572123176661,אחוז הצבעה בקלפי
קרית גת,2630,51.0,523,322,61.5678776290631,אחוז הצבעה בקלפי
קרית גת,2630,52.0,602,419,69.60132890365448,אחוז הצבעה בקלפי
קרית גת,2630,57.1,526,399,75.8555133079848,אחוז הצבעה בקלפי
קרית גת,2630,57.2,526,392,74.52471482889734,אחוז הצבעה בקלפי
קרית גת,2630,57.3,526,413,78.51711026615969,אחוז הצבעה בקלפי
קרית גת,2630,57.4,526,400,76.04562737642586,אחוז הצבעה בקלפי
קרית גת,2630,61.0,637,437,68.60282574568289,אחוז הצבעה בקלפי
קרית גת,2630,63.0,558,423,75.80645161290323,אחוז הצבעה בקלפי
קרית גת,2630,64.0,555,366,65.94594594594595,אחוז הצבעה בקלפי
קרית גת,2630,65.0,586,300,51.19453924914675,אחוז הצבעה בקלפי
קרית גת,2630,67.0,548,314,57.299270072992705,אחוז הצבעה בקלפי
קרית גת,2630,68.0,583,434,74.44253859348198,אחוז הצבעה בקלפי
קרית גת,2630,69.0,473,275,58.139534883720934,אחוז הצבעה בקלפי
קרית גת,2630,70.1,685,479,69.92700729927007,אחוז הצבעה בקלפי
קרית גת,2630,70.2,685,457,66.71532846715328,אחוז הצבעה בקלפי
קרית גת,2630,70.3,685,480,70.07299270072993,אחוז הצבעה בקלפי
קרית גת,2630,70.4,685,472,68.9051094890511,אחוז הצבעה בקלפי
קרית גת,2630,71.0,457,262,57.330415754923415,אחוז הצבעה בקלפי
קרית גת,2630,72.0,596,531,89.09395973154362,אחוז הצבעה בקלפי
קרית גת,2630,73.0,683,560,81.99121522693997,אחוז הצבעה בקלפי
קרית גת,2630,76.0,552,425,76.9927536231884,אחוז הצבעה בקלפי
קרית גת,2630,77.1,355,264,74.36619718309859,אחוז הצבעה בקלפי
קרית גת,2630,77.2,354,275,77.68361581920904,אחוז הצבעה בקלפי
קרית גת,2630,78.1,546,419,76.73992673992674,אחוז הצבעה בקלפי
קרית גת,2630,78.2,546,428,78.3882783882784,אחוז הצבעה בקלפי
קרית גת,2630,78.3,545,412,75.59633027522936,אחוז הצבעה בקלפי
קרית גת,2630,80.1,639,515,80.59467918622848,אחוז הצבעה בקלפי
קרית גת,2630,80.2,639,512,80.12519561815337,אחוז הצבעה בקלפי
קרית גת,2630,80.3,639,506,79.18622848200313,אחוז הצבעה בקלפי
קרית גת,2630,80.4,639,530,82.94209702660407,אחוז הצבעה בקלפי
קרית גת,2630,81.0,602,467,77.57475083056478,אחוז הצבעה בקלפי
קרית טבעון,2300,1.0,624,429,68.75,אחוז הצבעה בקלפי
קרית טבעון,2300,2.1,366,242,66.12021857923497,אחוז הצבעה בקלפי
קרית טבעון,2300,2.2,366,205,56.01092896174863,אחוז הצבעה בקלפי
קרית טבעון,2300,3.1,476,297,62.39495798319328,אחוז הצבעה בקלפי
קרית טבעון,2300,3.2,476,313,65.75630252100841,אחוז הצבעה בקלפי
קרית טבעון,2300,3.3,475,313,65.89473684210526,אחוז הצבעה בקלפי
קרית טבעון,2300,4.0,501,326,65.06986027944112,אחוז הצבעה בקלפי
קרית טבעון,2300,5.0,632,443,70.09493670886076,אחוז הצבעה בקלפי
קרית טבעון,2300,6.1,522,326,62.45210727969349,אחוז הצבעה בקלפי
קרית טבעון,2300,6.2,522,336,64.36781609195403,אחוז הצבעה בקלפי
קרית טבעון,2300,6.3,522,364,69.73180076628353,אחוז הצבעה בקלפי
קרית טבעון,2300,10.1,609,428,70.27914614121511,אחוז הצבעה בקלפי
קרית טבעון,2300,10.2,609,407,66.83087027914614,אחוז הצבעה בקלפי
קרית טבעון,2300,10.3,609,387,63.54679802955665,אחוז הצבעה בקלפי
קרית טבעון,2300,10.4,607,395,65.07413509060956,אחוז הצבעה בקלפי
קרית טבעון,2300,15.0,672,455,67.70833333333334,אחוז הצבעה בקלפי
קרית טבעון,2300,17.1,423,324,76.59574468085107,אחוז הצבעה בקלפי
קרית טבעון,2300,17.2,422,329,77.96208530805687,אחוז הצבעה בקלפי
קרית טבעון,2300,19.0,365,219,60.0,אחוז הצבעה בקלפי
קרית טבעון,2300,20.0,448,319,71.20535714285714,אחוז הצבעה בקלפי
קרית טבעון,2300,21.1,482,344,71.36929460580913,אחוז הצבעה בקלפי
קרית טבעון,2300,21.2,482,343,71.16182572614107,אחוז הצבעה בקלפי
קרית טבעון,2300,21.3,482,334,69.29460580912863,אחוז הצבעה בקלפי
קרית טבעון,2300,24.1,688,477,69.3313953488372,אחוז הצבעה בקלפי
קרית טבעון,2300,24.2,688,463,67.29651162790698,אחוז הצבעה בקלפי
קרית טבעון,2300,24.3,688,474,68.8953488372093,אחוז הצבעה בקלפי
קרית טבעון,2300,24.4,690,452,65.5072463768116,אחוז הצבעה בקלפי
קרית ים,9600,2.0,667,387,58.02098950524738,אחוז הצבעה בקלפי
קרית ים,9600,6.1,622,212,34.08360128617363,אחוז הצבעה בקלפי
קרית ים,9600,6.2,622,229,36.81672025723473,אחוז הצבעה בקלפי
קרית ים,9600,7.0,489,256,52.3517382413088,אחוז הצבעה בקלפי
קרית ים,9600,8.0,651,337,51.76651305683564,אחוז הצבעה בקלפי
קרית ים,9600,10.0,562,246,43.77224199288256,אחוז הצבעה בקלפי
קרית ים,9600,11.0,657,333,50.68493150684932,אחוז הצבעה בקלפי
קרית ים,9600,12.0,684,353,51.60818713450293,אחוז הצבעה בקלפי
קרית ים,9600,13.0,586,246,41.979522184300336,אחוז הצבעה בקלפי
קרית ים,9600,14.0,668,317,47.455089820359284,אחוז הצבעה בקלפי
קרית ים,9600,15.0,640,179,27.968749999999996,אחוז הצבעה בקלפי
קרית ים,9600,16.0,634,367,57.88643533123028,אחוז הצבעה בקלפי
קרית ים,9600,17.0,594,316,53.198653198653204,אחוז הצבעה בקלפי
קרית ים,9600,18.0,559,230,41.14490161001789,אחוז הצבעה בקלפי
קרית ים,9600,22.0,671,309,46.050670640834575,אחוז הצבעה בקלפי
קרית ים,9600,24.1,622,328,52.73311897106109,אחוז הצבעה בקלפי
קרית ים,9600,24.2,622,341,54.82315112540193,אחוז הצבעה בקלפי
קרית ים,9600,24.3,622,281,45.17684887459807,אחוז הצבעה בקלפי
קרית ים,9600,24.4,622,303,48.71382636655949,אחוז הצבעה בקלפי
קרית ים,9600,24.5,622,307,49.356913183279744,אחוז הצבעה בקלפי
קרית ים,9600,24.6,619,253,40.87237479806139,אחוז הצבעה בקלפי
קרית ים,9600,26.0,642,332,51.71339563862928,אחוז הצבעה בקלפי
קרית ים,9600,28.0,472,217,45.97457627118644,אחוז הצבעה בקלפי
קרית ים,9600,29.1,569,297,52.196836555360285,אחוז הצבעה בקלפי
קרית ים,9600,29.2,569,296,52.02108963093146,אחוז הצבעה בקלפי
קרית ים,9600,29.3,569,273,47.97891036906854,אחוז הצבעה בקלפי
קרית ים,9600,29.4,569,278,48.85764499121266,אחוז הצבעה בקלפי
קרית ים,9600,29.5,568,252,44.36619718309859,אחוז הצבעה בקלפי
קרית ים,9600,32.0,568,380,66.90140845070422,אחוז הצבעה בקלפי
קרית ים,9600,34.1,564,362,64.18439716312056,אחוז הצבעה בקלפי
קרית ים,9600,34.2,564,334,59.21985815602837,אחוז הצבעה בקלפי
קרית ים,9600,34.3,564,333,59.04255319148937,אחוז הצבעה בקלפי
קרית ים,9600,34.4,563,347,61.63410301953819,אחוז הצבעה בקלפי
קרית ים,9600,35.0,502,280,55.77689243027888,אחוז הצבעה בקלפי
קרית ים,9600,36.0,509,330,64.83300589390963,אחוז הצבעה בקלפי
קרית ים,9600,37.0,534,309,57.865168539325836,אחוז הצבעה בקלפי
קרית ים,9600,38.0,619,315,50.88852988691438,אחוז הצבעה בקלפי
קרית ים,9600,39.0,510,313,61.372549019607845,אחוז הצבעה בקלפי
קרית ים,9600,40.1,686,443,64.57725947521867,אחוז הצבעה בקלפי
קרית ים,9600,40.2,686,426,62.09912536443149,אחוז הצבעה בקלפי
קרית ים,9600,40.3,686,418,60.932944606414,אחוז הצבעה בקלפי
קרית ים,9600,40.4,686,411,59.91253644314869,אחוז הצבעה בקלפי
קרית ים,9600,40.5,685,430,62.77372262773723,אחוז הצבעה בקלפי
קרית ים,9600,41.0,634,359,56.62460567823344,אחוז הצבעה בקלפי
קרית ים,9600,44.0,623,366,58.74799357945425,אחוז הצבעה בקלפי
קרית ים,9600,45.0,627,287,45.77352472089314,אחוז הצבעה בקלפי
קרית ים,9600,47.0,458,287,62.66375545851528,אחוז הצבעה בקלפי
קרית ים,9600,48.1,675,415,61.48148148148148,אחוז הצבעה בקלפי
קרית ים,9600,48.2,675,409,60.592592592592595,אחוז הצבעה בקלפי
קרית ים,9600,48.3,674,430,63.798219584569736,אחוז הצבעה בקלפי
קרית ים,9600,50.0,689,386,56.02322206095791,אחוז הצבעה בקלפי
קרית ים,9600,51.0,548,293,53.46715328467153,אחוז הצבעה בקלפי
קרית ים,9600,52.0,583,372,63.80789022298457,אחוז הצבעה בקלפי
קרית ים,9600,54.0,508,392,77.16535433070865,אחוז הצבעה בקלפי
קרית ים,9600,63.1,632,470,74.36708860759494,אחוז הצבעה בקלפי
קרית ים,9600,63.2,632,445,70.41139240506328,אחוז הצבעה בקלפי
קרית ים,9600,63.3,632,462,73.10126582278481,אחוז הצבעה בקלפי
קרית ים,9600,63.4,632,420,66.45569620253164,אחוז הצבעה בקלפי
קרית ים,9600,63.5,629,433,68.83942766295708,אחוז הצבעה בקלפי
קרית ים,9600,64.0,497,357,71.83098591549296,אחוז הצבעה בקלפי
קרית ים,9600,950.0,567,402,70.8994708994709,אחוז הצבעה בקלפי
קרית יערים,1137,1.0,666,466,69.96996996996997,אחוז הצבעה בקלפי
קרית יערים,1137,2.1,367,255,69.48228882833789,אחוז הצבעה בקלפי
קרית יערים,1137,2.2,366,271,74.04371584699454,אחוז הצבעה בקלפי
קרית יערים,1137,3.0,662,475,71.75226586102718,אחוז הצבעה בקלפי
קרית יערים,1137,4.0,694,608,87.60806916426513,אחוז הצבעה בקלפי
קרית יערים,1137,5.1,371,331,89.21832884097036,אחוז הצבעה בקלפי
קרית יערים,1137,5.2,370,314,84.86486486486487,אחוז הצבעה בקלפי
קרית מוצקין,8200,2.0,418,269,64.35406698564593,אחוז הצבעה בקלפי
קרית מוצקין,8200,6.0,529,332,62.75992438563327,אחוז הצבעה בקלפי
קרית מוצקין,8200,7.1,661,384,58.09379727685325,אחוז הצבעה בקלפי
קרית מוצקין,8200,7.2,661,393,59.4553706505295,אחוז הצבעה בקלפי
קרית מוצקין,8200,7.3,661,392,59.30408472012103,אחוז הצבעה בקלפי
קרית מוצקין,8200,7.4,661,399,60.363086232980336,אחוז הצבעה בקלפי
קרית מוצקין,8200,7.5,661,376,56.88350983358548,אחוז הצבעה בקלפי
קרית מוצקין,8200,7.6,661,362,54.76550680786687,אחוז הצבעה בקלפי
קרית מוצקין,8200,7.7,661,400,60.514372163388806,אחוז הצבעה בקלפי
קרית מוצקין,8200,10.1,658,417,63.37386018237082,אחוז הצבעה בקלפי
קרית מוצקין,8200,10.2,658,430,65.34954407294833,אחוז הצבעה בקלפי
קרית מוצקין,8200,10.3,658,416,63.22188449848024,אחוז הצבעה בקלפי
קרית מוצקין,8200,10.4,658,435,66.10942249240122,אחוז הצבעה בקלפי
קרית מוצקין,8200,10.5,658,407,61.85410334346505,אחוז הצבעה בקלפי
קרית מוצקין,8200,10.6,658,425,64.58966565349544,אחוז הצבעה בקלפי
קרית מוצקין,8200,11.0,515,312,60.58252427184466,אחוז הצבעה בקלפי
קרית מוצקין,8200,12.0,572,388,67.83216783216784,אחוז הצבעה בקלפי
קרית מוצקין,8200,13.0,497,246,49.49698189134809,אחוז הצבעה בקלפי
קרית מוצקין,8200,15.0,470,271,57.659574468085104,אחוז הצבעה בקלפי
קרית מוצקין,8200,18.0,616,429,69.64285714285714,אחוז הצבעה בקלפי
קרית מוצקין,8200,19.0,699,221,31.616595135908444,אחוז הצבעה בקלפי
קרית מוצקין,8200,20.0,606,322,53.135313531353134,אחוז הצבעה בקלפי
קרית מוצקין,8200,22.1,608,323,53.125,אחוז הצבעה בקלפי
קרית מוצקין,8200,22.2,608,309,50.82236842105263,אחוז הצבעה בקלפי
קרית מוצקין,8200,22.3,608,335,55.098684210526315,אחוז הצבעה בקלפי
קרית מוצקין,8200,22.4,608,333,54.76973684210527,אחוז הצבעה בקלפי
קרית מוצקין,8200,22.5,605,344,56.85950413223141,אחוז הצבעה בקלפי
קרית מוצקין,8200,24.0,578,376,65.05190311418684,אחוז הצבעה בקלפי
קרית מוצקין,8200,29.1,644,383,59.472049689441,אחוז הצבעה בקלפי
קרית מוצקין,8200,29.2,644,420,65.21739130434783,אחוז הצבעה בקלפי
קרית מוצקין,8200,29.3,644,402,62.422360248447205,אחוז הצבעה בקלפי
קרית מוצקין,8200,29.4,644,389,60.40372670807454,אחוז הצבעה בקלפי
קרית מוצקין,8200,29.5,641,388,60.53042121684867,אחוז הצבעה בקלפי
קרית מוצקין,8200,33.1,648,381,58.79629629629629,אחוז הצבעה בקלפי
קרית מוצקין,8200,33.2,647,362,55.95054095826894,אחוז הצבעה בקלפי
קרית מוצקין,8200,35.0,505,302,59.8019801980198,אחוז הצבעה בקלפי
קרית מוצקין,8200,37.1,622,391,62.86173633440515,אחוז הצבעה בקלפי
קרית מוצקין,8200,37.2,622,375,60.28938906752411,אחוז הצבעה בקלפי
קרית מוצקין,8200,37.3,622,387,62.21864951768489,אחוז הצבעה בקלפי
קרית מוצקין,8200,37.4,622,380,61.09324758842444,אחוז הצבעה בקלפי
קרית מוצקין,8200,37.5,620,357,57.58064516129032,אחוז הצבעה בקלפי
קרית מוצקין,8200,40.0,594,456,76.76767676767676,אחוז הצבעה בקלפי
קרית מוצקין,8200,41.0,593,459,77.40303541315345,אחוז הצבעה בקלפי
קרית מוצקין,8200,43.0,568,342,60.2112676056338,אחוז הצבעה בקלפי
קרית מוצקין,8200,45.0,662,511,77.19033232628398,אחוז הצבעה בקלפי
קרית מוצקין,8200,49.1,604,476,78.80794701986756,אחוז הצבעה בקלפי
קרית מוצקין,8200,49.2,604,466,77.15231788079471,אחוז הצבעה בקלפי
קרית מוצקין,8200,49.3,604,498,82.45033112582782,אחוז הצבעה בקלפי
קרית מוצקין,8200,49.4,604,450,74.50331125827815,אחוז הצבעה בקלפי
קרית מוצקין,8200,49.5,604,489,80.96026490066225,אחוז הצבעה בקלפי
קרית מוצקין,8200,51.0,652,309,47.392638036809814,אחוז הצבעה בקלפי
קרית מוצקין,8200,52.0,480,304,63.33333333333333,אחוז הצבעה בקלפי
קרית מוצקין,8200,53.0,612,359,58.66013071895425,אחוז הצבעה בקלפי
קרית מוצקין,8200,60.0,679,532,78.35051546391753,אחוז הצבעה בקלפי
קרית מוצקין,8200,61.1,597,450,75.37688442211056,אחוז הצבעה בקלפי
קרית מוצקין,8200,61.2,597,455,76.21440536013401,אחוז הצבעה בקלפי
קרית מוצקין,8200,61.3,596,450,75.50335570469798,אחוז הצבעה בקלפי
קרית מוצקין,8200,62.0,612,405,66.17647058823529,אחוז הצבעה בקלפי
קרית מוצקין,8200,63.0,555,411,74.05405405405405,אחוז הצבעה בקלפי
קרית מוצקין,8200,65.1,474,368,77.63713080168776,אחוז הצבעה בקלפי
קרית מוצקין,8200,65.2,474,381,80.37974683544303,אחוז הצבעה בקלפי
קרית מוצקין,8200,65.3,473,356,75.26427061310783,אחוז הצבעה בקלפי
קרית מוצקין,8200,66.0,596,452,75.83892617449665,אחוז הצבעה בקלפי
קרית מוצקין,8200,67.1,614,290,47.23127035830619,אחוז הצבעה בקלפי
קרית מוצקין,8200,67.2,614,308,50.1628664495114,אחוז הצבעה בקלפי
קרית מוצקין,8200,68.0,506,248,49.01185770750988,אחוז הצבעה בקלפי
קרית מוצקין,8200,70.0,564,298,52.836879432624116,אחוז הצבעה בקלפי
קרית מוצקין,8200,72.0,591,461,78.00338409475465,אחוז הצבעה בקלפי
קרית מלאכי,1034,1.0,645,484,75.03875968992249,אחוז הצבעה בקלפי
קרית מלאכי,1034,3.0,615,473,76.91056910569107,אחוז הצבעה בקלפי
קרית מלאכי,1034,5.0,518,322,62.16216216216216,אחוז הצבעה בקלפי
קרית מלאכי,1034,6.0,382,276,72.25130890052355,אחוז הצבעה בקלפי
קרית מלאכי,1034,7.0,438,255,58.21917808219178,אחוז הצבעה בקלפי
קרית מלאכי,1034,8.1,676,462,68.34319526627219,אחוז הצבעה בקלפי
קרית מלאכי,1034,8.2,676,462,68.34319526627219,אחוז הצבעה בקלפי
קרית מלאכי,1034,8.3,676,471,69.67455621301775,אחוז הצבעה בקלפי
קרית מלאכי,1034,8.4,676,488,72.18934911242604,אחוז הצבעה בקלפי
קרית מלאכי,1034,8.5,672,481,71.57738095238095,אחוז הצבעה בקלפי
קרית מלאכי,1034,9.0,458,255,55.67685589519651,אחוז הצבעה בקלפי
קרית מלאכי,1034,10.0,544,416,76.47058823529412,אחוז הצבעה בקלפי
קרית מלאכי,1034,11.0,554,338,61.01083032490975,אחוז הצבעה בקלפי
קרית מלאכי,1034,12.1,611,446,72.99509001636662,אחוז הצבעה בקלפי
קרית מלאכי,1034,12.2,611,478,78.23240589198036,אחוז הצבעה בקלפי
קרית מלאכי,1034,12.3,611,480,78.55973813420621,אחוז הצבעה בקלפי
קרית מלאכי,1034,12.4,611,470,76.92307692307693,אחוז הצבעה בקלפי
קרית מלאכי,1034,12.5,610,468,76.72131147540983,אחוז הצבעה בקלפי
קרית מלאכי,1034,14.0,568,403,70.95070422535211,אחוז הצבעה בקלפי
קרית מלאכי,1034,15.0,513,337,65.69200779727096,אחוז הצבעה בקלפי
קרית מלאכי,1034,16.0,553,424,76.67269439421338,אחוז הצבעה בקלפי
קרית מלאכי,1034,19.0,666,517,77.62762762762763,אחוז הצבעה בקלפי
קרית מלאכי,1034,21.0,689,518,75.18142235123368,אחוז הצבעה בקלפי
קרית מלאכי,1034,22.0,517,316,61.12185686653772,אחוז הצבעה בקלפי
קרית מלאכי,1034,24.1,653,414,63.39969372128637,אחוז הצבעה בקלפי
קרית מלאכי,1034,24.2,653,432,66.15620214395099,אחוז הצבעה בקלפי
קרית מלאכי,1034,24.3,653,463,70.90352220520674,אחוז הצבעה בקלפי
קרית מלאכי,1034,24.4,653,408,62.480857580398165,אחוז הצבעה בקלפי
קרית מלאכי,1034,24.5,653,436,66.7687595712098,אחוז הצבעה בקלפי
קרית מלאכי,1034,950.0,608,472,77.63157894736842,אחוז הצבעה בקלפי
קרית נטפים,3746,1.0,474,389,82.0675105485232,אחוז הצבעה בקלפי
קרית ענבים,78,1.0,333,206,61.86186186186187,אחוז הצבעה בקלפי
קרית עקרון,469,1.1,671,473,70.49180327868852,אחוז הצבעה בקלפי
קרית עקרון,469,1.2,671,489,72.87630402384501,אחוז הצבעה בקלפי
קרית עקרון,469,1.3,671,494,73.6214605067064,אחוז הצבעה בקלפי
קרית עקרון,469,1.4,670,497,74.17910447761194,אחוז הצבעה בקלפי
קרית עקרון,469,4.0,620,410,66.12903225806451,אחוז הצבעה בקלפי
קרית עקרון,469,5.1,361,291,80.60941828254848,אחוז הצבעה בקלפי
קרית עקרון,469,5.2,360,271,75.27777777777777,אחוז הצבעה בקלפי
קרית עקרון,469,8.0,579,420,72.53886010362694,אחוז הצבעה בקלפי
קרית עקרון,469,9.0,540,411,76.11111111111111,אחוז הצבעה בקלפי
קרית עקרון,469,10.1,724,501,69.1988950276243,אחוז הצבעה בקלפי
קרית עקרון,469,10.2,723,501,69.29460580912863,אחוז הצבעה בקלפי
קרית עקרון,469,11.0,534,399,74.71910112359551,אחוז הצבעה בקלפי
קרית עקרון,469,12.0,503,364,72.36580516898609,אחוז הצבעה בקלפי
קרית עקרון,469,13.0,547,419,76.59963436928702,אחוז הצבעה בקלפי
קרית שמונה,2800,2.0,621,391,62.96296296296296,אחוז הצבעה בקלפי
קרית שמונה,2800,3.0,583,383,65.69468267581475,אחוז הצבעה בקלפי
קרית שמונה,2800,4.0,537,340,63.3147113594041,אחוז הצבעה בקלפי
קרית שמונה,2800,5.0,488,299,61.270491803278695,אחוז הצבעה בקלפי
קרית שמונה,2800,6.0,534,309,57.865168539325836,אחוז הצבעה בקלפי
קרית שמונה,2800,12.0,520,354,68.07692307692308,אחוז הצבעה בקלפי
קרית שמונה,2800,13.0,529,322,60.86956521739131,אחוז הצבעה בקלפי
קרית שמונה,2800,14.0,554,351,63.35740072202166,אחוז הצבעה בקלפי
קרית שמונה,2800,16.0,526,286,54.372623574144484,אחוז הצבעה בקלפי
קרית שמונה,2800,17.0,552,342,61.95652173913043,אחוז הצבעה בקלפי
קרית שמונה,2800,18.1,586,380,64.84641638225256,אחוז הצבעה בקלפי
קרית שמונה,2800,18.2,586,346,59.044368600682596,אחוז הצבעה בקלפי
קרית שמונה,2800,18.3,586,352,60.068259385665534,אחוז הצבעה בקלפי
קרית שמונה,2800,18.4,586,347,59.21501706484642,אחוז הצבעה בקלפי
קרית שמונה,2800,18.5,584,358,61.3013698630137,אחוז הצבעה בקלפי
קרית שמונה,2800,22.1,601,346,57.570715474209656,אחוז הצבעה בקלפי
קרית שמונה,2800,22.2,601,352,58.56905158069884,אחוז הצבעה בקלפי
קרית שמונה,2800,22.3,601,346,57.570715474209656,אחוז הצבעה בקלפי
קרית שמונה,2800,22.4,601,319,53.07820299500832,אחוז הצבעה בקלפי
קרית שמונה,2800,22.5,598,322,53.84615384615385,אחוז הצבעה בקלפי
קרית שמונה,2800,26.1,490,309,63.06122448979592,אחוז הצבעה בקלפי
קרית שמונה,2800,26.2,490,333,67.9591836734694,אחוז הצבעה בקלפי
קרית שמונה,2800,26.3,488,289,59.221311475409834,אחוז הצבעה בקלפי
קרית שמונה,2800,28.0,635,366,57.637795275590555,אחוז הצבעה בקלפי
קרית שמונה,2800,30.1,662,439,66.31419939577039,אחוז הצבעה בקלפי
קרית שמונה,2800,30.2,662,440,66.46525679758308,אחוז הצבעה בקלפי
קרית שמונה,2800,30.3,660,419,63.48484848484849,אחוז הצבעה בקלפי
קרית שמונה,2800,951.1,625,415,66.4,אחוז הצבעה בקלפי
קרית שמונה,2800,951.2,625,400,64.0,אחוז הצבעה בקלפי
קרית שמונה,2800,951.3,625,399,63.839999999999996,אחוז הצבעה בקלפי
קרית שמונה,2800,951.4,625,379,60.64000000000001,אחוז הצבעה בקלפי
קרית שמונה,2800,951.5,621,322,51.85185185185185,אחוז הצבעה בקלפי
קרני שומרון,3640,1.0,507,349,68.83629191321499,אחוז הצבעה בקלפי
קרני שומרון,3640,3.0,626,411,65.65495207667732,אחוז הצבעה בקלפי
קרני שומרון,3640,4.1,533,427,80.1125703564728,אחוז הצבעה בקלפי
קרני שומרון,3640,4.2,533,423,79.36210131332082,אחוז הצבעה בקלפי
קרני שומרון,3640,4.3,532,420,78.94736842105263,אחוז הצבעה בקלפי
קרני שומרון,3640,5.0,691,471,68.16208393632417,אחוז הצבעה בקלפי
קרני שומרון,3640,7.0,620,438,70.64516129032258,אחוז הצבעה בקלפי
קרני שומרון,3640,9.0,588,399,67.85714285714286,אחוז הצבעה בקלפי
קרני שומרון,3640,10.0,510,376,73.72549019607844,אחוז הצבעה בקלפי
קרני שומרון,3640,990.1,662,527,79.60725075528701,אחוז הצבעה בקלפי
קרני שומרון,3640,990.2,662,513,77.49244712990937,אחוז הצבעה בקלפי
קשת,4006,1.0,442,329,74.43438914027149,אחוז הצבעה בקלפי
ראמה,543,1.1,472,235,49.78813559322034,אחוז הצבעה בקלפי
ראמה,543,1.2,472,266,56.355932203389834,אחוז הצבעה בקלפי
ראמה,543,1.3,472,286,60.59322033898306,אחוז הצבעה בקלפי
ראמה,543,2.0,579,358,61.83074265975821,אחוז הצבעה בקלפי
ראמה,543,5.0,594,267,44.94949494949495,אחוז הצבעה בקלפי
ראמה,543,6.1,682,361,52.93255131964809,אחוז הצבעה בקלפי
ראמה,543,6.2,682,412,60.410557184750736,אחוז הצבעה בקלפי
ראמה,543,7.0,674,339,50.29673590504451,אחוז הצבעה בקלפי
ראמה,543,9.1,655,341,52.06106870229008,אחוז הצבעה בקלפי
ראמה,543,9.2,654,371,56.727828746177366,אחוז הצבעה בקלפי
ראמה,543,10.0,638,398,62.38244514106584,אחוז הצבעה בקלפי
ראס אלעין,1334,1.0,288,200,69.44444444444444,אחוז הצבעה בקלפי
ראס עלי,990,1.0,444,238,53.6036036036036,אחוז הצבעה בקלפי
ראש העין,2640,1.0,720,570,79.16666666666666,אחוז הצבעה בקלפי
ראש העין,2640,2.0,546,443,81.13553113553114,אחוז הצבעה בקלפי
ראש העין,2640,4.0,558,412,73.83512544802868,אחוז הצבעה בקלפי
ראש העין,2640,5.1,624,462,74.03846153846155,אחוז הצבעה בקלפי
ראש העין,2640,5.2,624,464,74.35897435897436,אחוז הצבעה בקלפי
ראש העין,2640,6.0,531,404,76.08286252354048,אחוז הצבעה בקלפי
ראש העין,2640,7.0,691,572,82.77858176555716,אחוז הצבעה בקלפי
ראש העין,2640,8.0,698,512,73.35243553008596,אחוז הצבעה בקלפי
ראש העין,2640,9.0,626,488,77.95527156549521,אחוז הצבעה בקלפי
ראש העין,2640,10.0,548,429,78.28467153284672,אחוז הצבעה בקלפי
ראש העין,2640,11.0,513,394,76.80311890838206,אחוז הצבעה בקלפי
ראש העין,2640,13.1,675,512,75.85185185185185,אחוז הצבעה בקלפי
ראש העין,2640,13.2,675,518,76.74074074074075,אחוז הצבעה בקלפי
ראש העין,2640,13.3,675,540,80.0,אחוז הצבעה בקלפי
ראש העין,2640,14.0,688,494,71.80232558139535,אחוז הצבעה בקלפי
ראש העין,2640,15.0,576,407,70.65972222222221,אחוז הצבעה בקלפי
ראש העין,2640,16.0,639,487,76.21283255086072,אחוז הצבעה בקלפי
ראש העין,2640,18.0,671,550,81.9672131147541,אחוז הצבעה בקלפי
ראש העין,2640,19.0,641,489,76.28705148205928,אחוז הצבעה בקלפי
ראש העין,2640,20.0,492,379,77.03252032520325,אחוז הצבעה בקלפי
ראש העין,2640,21.0,682,511,74.9266862170088,אחוז הצבעה בקלפי
ראש העין,2640,22.0,563,439,77.97513321492006,אחוז הצבעה בקלפי
ראש העין,2640,23.0,542,418,77.12177121771218,אחוז הצבעה בקלפי
ראש העין,2640,24.0,496,361,72.78225806451613,אחוז הצבעה בקלפי
ראש העין,2640,26.0,451,336,74.50110864745011,אחוז הצבעה בקלפי
ראש העין,2640,27.0,499,365,73.14629258517033,אחוז הצבעה בקלפי
ראש העין,2640,28.0,576,392,68.05555555555556,אחוז הצבעה בקלפי
ראש העין,2640,29.0,616,488,79.22077922077922,אחוז הצבעה בקלפי
ראש העין,2640,30.0,544,400,73.52941176470588,אחוז הצבעה בקלפי
ראש העין,2640,31.0,640,480,75.0,אחוז הצבעה בקלפי
ראש העין,2640,32.0,424,333,78.5377358490566,אחוז הצבעה בקלפי
ראש העין,2640,33.1,531,408,76.8361581920904,אחוז הצבעה בקלפי
ראש העין,2640,34.0,634,473,74.60567823343848,אחוז הצבעה בקלפי
ראש העין,2640,35.0,729,571,78.32647462277092,אחוז הצבעה בקלפי
ראש העין,2640,36.1,486,354,72.8395061728395,אחוז הצבעה בקלפי
ראש העין,2640,36.2,486,353,72.63374485596708,אחוז הצבעה בקלפי
ראש העין,2640,36.3,484,364,75.20661157024794,אחוז הצבעה בקלפי
ראש העין,2640,37.0,548,404,73.72262773722628,אחוז הצבעה בקלפי
ראש העין,2640,39.0,556,426,76.61870503597122,אחוז הצבעה בקלפי
ראש העין,2640,41.0,617,486,78.7682333873582,אחוז הצבעה בקלפי
ראש העין,2640,42.0,511,392,76.71232876712328,אחוז הצבעה בקלפי
ראש העין,2640,43.0,499,394,78.95791583166333,אחוז הצבעה בקלפי
ראש העין,2640,45.0,542,393,72.50922509225092,אחוז הצבעה בקלפי
ראש העין,2640,46.0,576,433,75.17361111111111,אחוז הצבעה בקלפי
ראש העין,2640,47.0,499,340,68.13627254509018,אחוז הצבעה בקלפי
ראש העין,2640,49.0,593,457,77.06576728499157,אחוז הצבעה בקלפי
ראש העין,2640,50.0,499,389,77.9559118236473,אחוז הצבעה בקלפי
ראש העין,2640,51.1,675,498,73.77777777777777,אחוז הצבעה בקלפי
ראש העין,2640,51.2,675,523,77.48148148148148,אחוז הצבעה בקלפי
ראש העין,2640,51.3,674,518,76.8545994065282,אחוז הצבעה בקלפי
ראש העין,2640,53.0,488,358,73.36065573770492,אחוז הצבעה בקלפי
ראש העין,2640,54.0,566,413,72.96819787985865,אחוז הצבעה בקלפי
ראש העין,2640,55.1,648,527,81.32716049382715,אחוז הצבעה בקלפי
ראש העין,2640,55.2,648,545,84.10493827160494,אחוז הצבעה בקלפי
ראש העין,2640,55.3,648,532,82.09876543209876,אחוז הצבעה בקלפי
ראש העין,2640,55.4,648,507,78.24074074074075,אחוז הצבעה בקלפי
ראש העין,2640,55.5,648,536,82.71604938271605,אחוז הצבעה בקלפי
ראש העין,2640,55.6,648,530,81.79012345679013,אחוז הצבעה בקלפי
ראש העין,2640,55.7,648,547,84.41358024691358,אחוז הצבעה בקלפי
ראש העין,2640,57.0,492,406,82.52032520325203,אחוז הצבעה בקלפי
ראש העין,2640,62.1,652,469,71.93251533742331,אחוז הצבעה בקלפי
ראש העין,2640,62.2,652,442,67.79141104294479,אחוז הצבעה בקלפי
ראש העין,2640,63.0,692,534,77.16763005780348,אחוז הצבעה בקלפי
ראש העין,2640,64.1,673,547,81.2778603268945,אחוז הצבעה בקלפי
ראש העין,2640,64.2,673,558,82.91233283803864,אחוז הצבעה בקלפי
ראש העין,2640,64.3,673,547,81.2778603268945,אחוז הצבעה בקלפי
ראש העין,2640,64.4,673,548,81.42644873699851,אחוז הצבעה בקלפי
ראש העין,2640,64.5,673,541,80.38632986627043,אחוז הצבעה בקלפי
ראש העין,2640,64.6,673,552,82.02080237741455,אחוז הצבעה בקלפי
ראש העין,2640,64.7,673,546,81.12927191679049,אחוז הצבעה בקלפי
ראש העין,2640,64.8,672,548,81.54761904761905,אחוז הצבעה בקלפי
ראש העין,2640,68.0,638,501,78.52664576802508,אחוז הצבעה בקלפי
ראש העין,2640,73.0,657,492,74.88584474885845,אחוז הצבעה בקלפי
ראש העין,2640,78.0,340,262,77.05882352941177,אחוז הצבעה בקלפי
ראש העין,2640,79.1,659,533,80.88012139605463,אחוז הצבעה בקלפי
ראש העין,2640,79.2,659,551,83.61153262518968,אחוז הצבעה בקלפי
ראש העין,2640,79.3,659,534,81.03186646433991,אחוז הצבעה בקלפי
ראש העין,2640,79.4,658,554,84.19452887537993,אחוז הצבעה בקלפי
ראש העין,2640,80.0,548,425,77.55474452554745,אחוז הצבעה בקלפי
ראש העין,2640,81.0,719,581,80.80667593880389,אחוז הצבעה בקלפי
ראש העין,2640,82.0,277,235,84.83754512635379,אחוז הצבעה בקלפי
ראש העין,2640,950.0,615,502,81.6260162601626,אחוז הצבעה בקלפי
ראש פינה,26,1.1,633,407,64.29699842022117,אחוז הצבעה בקלפי
ראש פינה,26,1.2,633,408,64.45497630331754,אחוז הצבעה בקלפי
ראש פינה,26,1.3,633,429,67.77251184834124,אחוז הצבעה בקלפי
ראש פינה,26,1.4,632,430,68.0379746835443,אחוז הצבעה בקלפי
ראש צורים,3602,1.0,537,433,80.63314711359403,אחוז הצבעה בקלפי
ראשון לציון,8300,13.0,696,433,62.212643678160916,אחוז הצבעה בקלפי
ראשון לציון,8300,30.0,547,280,51.18829981718464,אחוז הצבעה בקלפי
ראשון לציון,8300,32.0,545,345,63.30275229357798,אחוז הצבעה בקלפי
ראשון לציון,8300,34.0,630,403,63.96825396825396,אחוז הצבעה בקלפי
ראשון לציון,8300,45.0,498,274,55.020080321285135,אחוז הצבעה בקלפי
ראשון לציון,8300,61.0,468,297,63.46153846153846,אחוז הצבעה בקלפי
ראשון לציון,8300,62.0,602,338,56.14617940199336,אחוז הצבעה בקלפי
ראשון לציון,8300,63.1,596,372,62.41610738255034,אחוז הצבעה בקלפי
ראשון לציון,8300,63.2,596,345,57.88590604026845,אחוז הצבעה בקלפי
ראשון לציון,8300,63.3,596,378,63.42281879194631,אחוז הצבעה בקלפי
ראשון לציון,8300,63.4,596,346,58.053691275167786,אחוז הצבעה בקלפי
ראשון לציון,8300,63.5,592,318,53.71621621621622,אחוז הצבעה בקלפי
ראשון לציון,8300,124.1,673,408,60.62407132243685,אחוז הצבעה בקלפי
ראשון לציון,8300,124.2,673,383,56.90936106983655,אחוז הצבעה בקלפי
ראשון לציון,8300,124.3,672,321,47.767857142857146,אחוז הצבעה בקלפי
ראשון לציון,8300,125.0,634,351,55.36277602523659,אחוז הצבעה בקלפי
ראשון לציון,8300,130.0,520,359,69.03846153846153,אחוז הצבעה בקלפי
ראשון לציון,8300,136.0,575,354,61.56521739130435,אחוז הצבעה בקלפי
ראשון לציון,8300,140.0,498,371,74.49799196787149,אחוז הצבעה בקלפי
ראשון לציון,8300,143.1,663,343,51.734539969834096,אחוז הצבעה בקלפי
ראשון לציון,8300,143.2,663,377,56.86274509803921,אחוז הצבעה בקלפי
ראשון לציון,8300,143.3,663,340,51.28205128205128,אחוז הצבעה בקלפי
ראשון לציון,8300,143.4,663,355,53.54449472096531,אחוז הצבעה בקלפי
ראשון לציון,8300,143.5,663,338,50.98039215686274,אחוז הצבעה בקלפי
ראשון לציון,8300,143.6,660,334,50.60606060606061,אחוז הצבעה בקלפי
ראשון לציון,8300,146.0,638,463,72.5705329153605,אחוז הצבעה בקלפי
ראשון לציון,8300,147.0,530,346,65.28301886792453,אחוז הצבעה בקלפי
ראשון לציון,8300,161.0,475,302,63.578947368421055,אחוז הצבעה בקלפי
ראשון לציון,8300,162.0,634,427,67.35015772870663,אחוז הצבעה בקלפי
ראשון לציון,8300,165.1,677,435,64.25406203840473,אחוז הצבעה בקלפי
ראשון לציון,8300,165.2,677,466,68.83308714918759,אחוז הצבעה בקלפי
ראשון לציון,8300,165.3,677,435,64.25406203840473,אחוז הצבעה בקלפי
ראשון לציון,8300,165.4,674,454,67.35905044510386,אחוז הצבעה בקלפי
ראשון לציון,8300,166.0,517,345,66.7311411992263,אחוז הצבעה בקלפי
ראשון לציון,8300,167.0,676,498,73.66863905325444,אחוז הצבעה בקלפי
ראשון לציון,8300,228.1,601,290,48.25291181364393,אחוז הצבעה בקלפי
ראשון לציון,8300,228.2,601,314,52.24625623960066,אחוז הצבעה בקלפי
ראשון לציון,8300,228.3,601,299,49.750415973377706,אחוז הצבעה בקלפי
ראשון לציון,8300,228.4,601,340,56.57237936772047,אחוז הצבעה בקלפי
ראשון לציון,8300,228.5,601,315,52.412645590682196,אחוז הצבעה בקלפי
ראשון לציון,8300,228.6,601,291,48.41930116472546,אחוז הצבעה בקלפי
ראשון לציון,8300,228.7,598,290,48.49498327759198,אחוז הצבעה בקלפי
ראשון לציון,8300,232.1,650,362,55.69230769230769,אחוז הצבעה בקלפי
ראשון לציון,8300,232.2,650,345,53.07692307692308,אחוז הצבעה בקלפי
ראשון לציון,8300,232.3,650,366,56.30769230769231,אחוז הצבעה בקלפי
ראשון לציון,8300,232.4,650,330,50.76923076923077,אחוז הצבעה בקלפי
ראשון לציון,8300,232.5,650,289,44.46153846153847,אחוז הצבעה בקלפי
ראשון לציון,8300,233.0,544,335,61.58088235294118,אחוז הצבעה בקלפי
ראשון לציון,8300,242.1,634,360,56.782334384858046,אחוז הצבעה בקלפי
ראשון לציון,8300,242.2,634,352,55.520504731861195,אחוז הצבעה בקלפי
ראשון לציון,8300,242.3,634,333,52.52365930599369,אחוז הצבעה בקלפי
ראשון לציון,8300,242.4,634,361,56.94006309148265,אחוז הצבעה בקלפי
ראשון לציון,8300,242.5,634,351,55.36277602523659,אחוז הצבעה בקלפי
ראשון לציון,8300,242.6,634,353,55.678233438485805,אחוז הצבעה בקלפי
ראשון לציון,8300,242.7,631,356,56.418383518225035,אחוז הצבעה בקלפי
ראשון לציון,8300,303.0,579,368,63.55785837651122,אחוז הצבעה בקלפי
ראשון לציון,8300,304.0,580,348,60.0,אחוז הצבעה בקלפי
ראשון לציון,8300,336.0,605,428,70.74380165289256,אחוז הצבעה בקלפי
ראשון לציון,8300,339.1,662,534,80.66465256797582,אחוז הצבעה בקלפי
ראשון לציון,8300,339.2,662,542,81.87311178247734,אחוז הצבעה בקלפי
ראשון לציון,8300,339.3,660,541,81.96969696969697,אחוז הצבעה בקלפי
ראשון לציון,8300,956.1,664,422,63.55421686746988,אחוז הצבעה בקלפי
ראשון לציון,8300,956.2,664,436,65.66265060240963,אחוז הצבעה בקלפי
ראשון לציון,8300,956.3,664,418,62.951807228915655,אחוז הצבעה בקלפי
ראשון לציון,8300,956.4,664,438,65.96385542168674,אחוז הצבעה בקלפי
ראשון לציון,8300,956.5,664,438,65.96385542168674,אחוז הצבעה בקלפי
ראשון לציון,8300,956.6,664,408,61.44578313253012,אחוז הצבעה בקלפי
ראשון לציון,8300,956.7,664,410,61.74698795180723,אחוז הצבעה בקלפי
ראשון לציון,8300,956.8,659,389,59.028831562974204,אחוז הצבעה בקלפי
ראשון לציון,8300,46.1,669,485,72.49626307922273,אחוז הצבעה בקלפי
ראשון לציון,8300,46.2,669,503,75.18684603886398,אחוז הצבעה בקלפי
ראשון לציון,8300,46.3,669,476,71.15097159940208,אחוז הצבעה בקלפי
ראשון לציון,8300,46.4,669,469,70.10463378176382,אחוז הצבעה בקלפי
ראשון לציון,8300,46.5,668,439,65.71856287425149,אחוז הצבעה בקלפי
ראשון לציון,8300,50.1,588,432,73.46938775510205,אחוז הצבעה בקלפי
ראשון לציון,8300,50.2,588,431,73.29931972789116,אחוז הצבעה בקלפי
ראשון לציון,8300,50.3,588,449,76.36054421768708,אחוז הצבעה בקלפי
ראשון לציון,8300,50.4,588,441,75.0,אחוז הצבעה בקלפי
ראשון לציון,8300,50.5,588,439,74.65986394557824,אחוז הצבעה בקלפי
ראשון לציון,8300,50.6,587,435,74.10562180579217,אחוז הצבעה בקלפי
ראשון לציון,8300,55.0,583,416,71.35506003430532,אחוז הצבעה בקלפי
ראשון לציון,8300,56.0,642,456,71.02803738317756,אחוז הצבעה בקלפי
ראשון לציון,8300,59.1,688,483,70.20348837209302,אחוז הצבעה בקלפי
ראשון לציון,8300,59.2,688,437,63.51744186046512,אחוז הצבעה בקלפי
ראשון לציון,8300,65.0,585,337,57.6068376068376,אחוז הצבעה בקלפי
ראשון לציון,8300,66.0,633,389,61.45339652448657,אחוז הצבעה בקלפי
ראשון לציון,8300,70.0,595,404,67.89915966386555,אחוז הצבעה בקלפי
ראשון לציון,8300,71.0,607,376,61.94398682042833,אחוז הצבעה בקלפי
ראשון לציון,8300,73.0,555,291,52.43243243243243,אחוז הצבעה בקלפי
ראשון לציון,8300,131.0,507,331,65.28599605522683,אחוז הצבעה בקלפי
ראשון לציון,8300,134.0,604,380,62.913907284768214,אחוז הצבעה בקלפי
ראשון לציון,8300,139.0,446,271,60.76233183856502,אחוז הצבעה בקלפי
ראשון לציון,8300,141.0,639,422,66.04068857589984,אחוז הצבעה בקלפי
ראשון לציון,8300,168.0,654,474,72.47706422018348,אחוז הצבעה בקלפי
ראשון לציון,8300,199.1,618,431,69.7411003236246,אחוז הצבעה בקלפי
ראשון לציון,8300,199.2,617,430,69.69205834683954,אחוז הצבעה בקלפי
ראשון לציון,8300,204.0,568,374,65.84507042253522,אחוז הצבעה בקלפי
ראשון לציון,8300,215.0,555,342,61.62162162162163,אחוז הצבעה בקלפי
ראשון לציון,8300,216.1,656,426,64.9390243902439,אחוז הצבעה בקלפי
ראשון לציון,8300,216.2,656,458,69.8170731707317,אחוז הצבעה בקלפי
ראשון לציון,8300,216.3,656,404,61.58536585365854,אחוז הצבעה בקלפי
ראשון לציון,8300,216.4,655,387,59.083969465648856,אחוז הצבעה בקלפי
ראשון לציון,8300,217.0,463,329,71.05831533477321,אחוז הצבעה בקלפי
ראשון לציון,8300,218.0,576,286,49.65277777777778,אחוז הצבעה בקלפי
ראשון לציון,8300,224.1,663,510,76.92307692307693,אחוז הצבעה בקלפי
ראשון לציון,8300,224.2,663,489,73.7556561085973,אחוז הצבעה בקלפי
ראשון לציון,8300,224.3,663,495,74.6606334841629,אחוז הצבעה בקלפי
ראשון לציון,8300,224.4,662,502,75.83081570996978,אחוז הצבעה בקלפי
ראשון לציון,8300,234.1,694,472,68.01152737752162,אחוז הצבעה בקלפי
ראשון לציון,8300,234.2,694,466,67.14697406340058,אחוז הצבעה בקלפי
ראשון לציון,8300,234.3,694,462,66.57060518731988,אחוז הצבעה בקלפי
ראשון לציון,8300,234.4,694,490,70.60518731988472,אחוז הצבעה בקלפי
ראשון לציון,8300,234.5,694,451,64.98559077809799,אחוז הצבעה בקלפי
ראשון לציון,8300,234.6,694,463,66.71469740634006,אחוז הצבעה בקלפי
ראשון לציון,8300,234.7,694,419,60.37463976945246,אחוז הצבעה בקלפי
ראשון לציון,8300,234.8,692,464,67.05202312138728,אחוז הצבעה בקלפי
ראשון לציון,8300,252.1,661,479,72.46596066565809,אחוז הצבעה בקלפי
ראשון לציון,8300,252.2,661,494,74.73524962178517,אחוז הצבעה בקלפי
ראשון לציון,8300,252.3,661,477,72.16338880484115,אחוז הצבעה בקלפי
ראשון לציון,8300,252.4,661,506,76.55068078668684,אחוז הצבעה בקלפי
ראשון לציון,8300,252.5,661,483,73.07110438729198,אחוז הצבעה בקלפי
ראשון לציון,8300,252.6,656,483,73.6280487804878,אחוז הצבעה בקלפי
ראשון לציון,8300,299.1,642,469,73.05295950155764,אחוז הצבעה בקלפי
ראשון לציון,8300,299.2,642,494,76.94704049844236,אחוז הצבעה בקלפי
ראשון לציון,8300,299.3,641,462,72.07488299531981,אחוז הצבעה בקלפי
ראשון לציון,8300,309.1,497,351,70.62374245472837,אחוז הצבעה בקלפי
ראשון לציון,8300,309.2,497,353,71.0261569416499,אחוז הצבעה בקלפי
ראשון לציון,8300,309.3,497,338,68.00804828973843,אחוז הצבעה בקלפי
ראשון לציון,8300,311.0,632,386,61.07594936708861,אחוז הצבעה בקלפי
ראשון לציון,8300,312.0,571,400,70.05253940455341,אחוז הצבעה בקלפי
ראשון לציון,8300,314.0,507,382,75.34516765285996,אחוז הצבעה בקלפי
ראשון לציון,8300,317.0,590,381,64.57627118644068,אחוז הצבעה בקלפי
ראשון לציון,8300,322.0,512,411,80.2734375,אחוז הצבעה בקלפי
ראשון לציון,8300,328.0,639,502,78.56025039123631,אחוז הצבעה בקלפי
ראשון לציון,8300,329.0,590,491,83.22033898305085,אחוז הצבעה בקלפי
ראשון לציון,8300,331.0,627,484,77.19298245614034,אחוז הצבעה בקלפי
ראשון לציון,8300,332.0,518,396,76.44787644787645,אחוז הצבעה בקלפי
ראשון לציון,8300,333.0,537,419,78.02607076350093,אחוז הצבעה בקלפי
ראשון לציון,8300,14.0,699,394,56.36623748211731,אחוז הצבעה בקלפי
ראשון לציון,8300,16.1,649,471,72.57318952234206,אחוז הצבעה בקלפי
ראשון לציון,8300,16.2,649,473,72.88135593220339,אחוז הצבעה בקלפי
ראשון לציון,8300,16.3,649,491,75.65485362095532,אחוז הצבעה בקלפי
ראשון לציון,8300,16.4,649,508,78.27426810477658,אחוז הצבעה בקלפי
ראשון לציון,8300,16.5,649,459,70.72419106317412,אחוז הצבעה בקלפי
ראשון לציון,8300,16.6,648,491,75.77160493827161,אחוז הצבעה בקלפי
ראשון לציון,8300,19.1,638,395,61.91222570532915,אחוז הצבעה בקלפי
ראשון לציון,8300,19.2,638,403,63.16614420062696,אחוז הצבעה בקלפי
ראשון לציון,8300,19.3,638,415,65.04702194357367,אחוז הצבעה בקלפי
ראשון לציון,8300,19.4,636,385,60.534591194968556,אחוז הצבעה בקלפי
ראשון לציון,8300,20.0,609,392,64.36781609195403,אחוז הצבעה בקלפי
ראשון לציון,8300,21.0,564,376,66.66666666666666,אחוז הצבעה בקלפי
ראשון לציון,8300,23.1,627,354,56.45933014354066,אחוז הצבעה בקלפי
ראשון לציון,8300,23.2,627,386,61.56299840510366,אחוז הצבעה בקלפי
ראשון לציון,8300,23.3,627,350,55.8213716108453,אחוז הצבעה בקלפי
ראשון לציון,8300,23.4,627,376,59.96810207336522,אחוז הצבעה בקלפי
ראשון לציון,8300,23.5,627,342,54.54545454545454,אחוז הצבעה בקלפי
ראשון לציון,8300,23.6,627,355,56.61881977671451,אחוז הצבעה בקלפי
ראשון לציון,8300,23.7,627,297,47.368421052631575,אחוז הצבעה בקלפי
ראשון לציון,8300,23.8,620,343,55.32258064516129,אחוז הצבעה בקלפי
ראשון לציון,8300,24.0,628,346,55.095541401273884,אחוז הצבעה בקלפי
ראשון לציון,8300,25.0,694,292,42.07492795389049,אחוז הצבעה בקלפי
ראשון לציון,8300,29.0,600,339,56.49999999999999,אחוז הצבעה בקלפי
ראשון לציון,8300,41.0,682,406,59.530791788856305,אחוז הצבעה בקלפי
ראשון לציון,8300,48.1,641,369,57.56630265210608,אחוז הצבעה בקלפי
ראשון לציון,8300,48.2,641,359,56.00624024960999,אחוז הצבעה בקלפי
ראשון לציון,8300,48.3,641,346,53.97815912636506,אחוז הצבעה בקלפי
ראשון לציון,8300,48.4,638,343,53.76175548589342,אחוז הצבעה בקלפי
ראשון לציון,8300,74.0,592,414,69.93243243243244,אחוז הצבעה בקלפי
ראשון לציון,8300,76.0,561,318,56.68449197860963,אחוז הצבעה בקלפי
ראשון לציון,8300,80.0,679,342,50.36818851251841,אחוז הצבעה בקלפי
ראשון לציון,8300,81.1,562,365,64.94661921708185,אחוז הצבעה בקלפי
ראשון לציון,8300,81.2,562,325,57.82918149466192,אחוז הצבעה בקלפי
ראשון לציון,8300,81.3,562,362,64.41281138790036,אחוז הצבעה בקלפי
ראשון לציון,8300,81.4,562,312,55.51601423487544,אחוז הצבעה בקלפי
ראשון לציון,8300,81.5,558,317,56.81003584229391,אחוז הצבעה בקלפי
ראשון לציון,8300,87.0,587,352,59.96592844974447,אחוז הצבעה בקלפי
ראשון לציון,8300,88.1,676,452,66.86390532544378,אחוז הצבעה בקלפי
ראשון לציון,8300,88.2,676,430,63.609467455621306,אחוז הצבעה בקלפי
ראשון לציון,8300,88.3,676,402,59.46745562130178,אחוז הצבעה בקלפי
ראשון לציון,8300,88.4,676,433,64.05325443786982,אחוז הצבעה בקלפי
ראשון לציון,8300,93.0,586,326,55.631399317406135,אחוז הצבעה בקלפי
ראשון לציון,8300,101.0,556,305,54.85611510791367,אחוז הצבעה בקלפי
ראשון לציון,8300,102.0,584,324,55.47945205479452,אחוז הצבעה בקלפי
ראשון לציון,8300,104.0,644,403,62.577639751552795,אחוז הצבעה בקלפי
ראשון לציון,8300,105.0,632,389,61.5506329113924,אחוז הצבעה בקלפי
ראשון לציון,8300,116.1,588,350,59.523809523809526,אחוז הצבעה בקלפי
ראשון לציון,8300,116.2,588,304,51.70068027210885,אחוז הצבעה בקלפי
ראשון לציון,8300,116.3,588,364,61.904761904761905,אחוז הצבעה בקלפי
ראשון לציון,8300,116.4,588,301,51.19047619047619,אחוז הצבעה בקלפי
ראשון לציון,8300,116.5,588,311,52.89115646258503,אחוז הצבעה בקלפי
ראשון לציון,8300,118.0,597,352,58.96147403685092,אחוז הצבעה בקלפי
ראשון לציון,8300,203.0,699,267,38.197424892703864,אחוז הצבעה בקלפי
ראשון לציון,8300,213.1,652,426,65.33742331288343,אחוז הצבעה בקלפי
ראשון לציון,8300,213.2,652,394,60.42944785276073,אחוז הצבעה בקלפי
ראשון לציון,8300,213.3,652,413,63.34355828220859,אחוז הצבעה בקלפי
ראשון לציון,8300,213.4,652,416,63.80368098159509,אחוז הצבעה בקלפי
ראשון לציון,8300,213.5,649,408,62.865947611710325,אחוז הצבעה בקלפי
ראשון לציון,8300,225.1,596,393,65.93959731543623,אחוז הצבעה בקלפי
ראשון לציון,8300,225.2,596,402,67.4496644295302,אחוז הצבעה בקלפי
ראשון לציון,8300,225.3,596,383,64.26174496644296,אחוז הצבעה בקלפי
ראשון לציון,8300,225.4,594,389,65.48821548821549,אחוז הצבעה בקלפי
ראשון לציון,8300,227.0,550,338,61.45454545454545,אחוז הצבעה בקלפי
ראשון לציון,8300,247.1,613,462,75.36704730831974,אחוז הצבעה בקלפי
ראשון לציון,8300,247.2,613,455,74.22512234910276,אחוז הצבעה בקלפי
ראשון לציון,8300,247.3,613,446,72.75693311582381,אחוז הצבעה בקלפי
ראשון לציון,8300,247.4,613,425,69.33115823817292,אחוז הצבעה בקלפי
ראשון לציון,8300,247.5,610,443,72.62295081967213,אחוז הצבעה בקלפי
ראשון לציון,8300,256.0,652,489,75.0,אחוז הצבעה בקלפי
ראשון לציון,8300,504.1,607,451,74.2998352553542,אחוז הצבעה בקלפי
ראשון לציון,8300,504.2,607,476,78.41845140032949,אחוז הצבעה בקלפי
ראשון לציון,8300,504.3,607,483,79.57166392092257,אחוז הצבעה בקלפי
ראשון לציון,8300,504.4,607,490,80.72487644151565,אחוז הצבעה בקלפי
ראשון לציון,8300,504.5,607,481,79.24217462932455,אחוז הצבעה בקלפי
ראשון לציון,8300,504.6,607,463,76.27677100494233,אחוז הצבעה בקלפי
ראשון לציון,8300,504.7,601,462,76.87188019966722,אחוז הצבעה בקלפי
ראשון לציון,8300,505.1,596,461,77.3489932885906,אחוז הצבעה בקלפי
ראשון לציון,8300,505.2,596,434,72.81879194630872,אחוז הצבעה בקלפי
ראשון לציון,8300,505.3,596,456,76.51006711409396,אחוז הצבעה בקלפי
ראשון לציון,8300,505.4,596,430,72.14765100671141,אחוז הצבעה בקלפי
ראשון לציון,8300,505.5,594,429,72.22222222222221,אחוז הצבעה בקלפי
ראשון לציון,8300,2.0,534,372,69.66292134831461,אחוז הצבעה בקלפי
ראשון לציון,8300,3.0,538,271,50.371747211895915,אחוז הצבעה בקלפי
ראשון לציון,8300,4.0,525,300,57.14285714285714,אחוז הצבעה בקלפי
ראשון לציון,8300,5.0,516,312,60.46511627906976,אחוז הצבעה בקלפי
ראשון לציון,8300,6.0,569,302,53.075571177504386,אחוז הצבעה בקלפי
ראשון לציון,8300,7.0,601,347,57.73710482529118,אחוז הצבעה בקלפי
ראשון לציון,8300,8.0,598,313,52.34113712374582,אחוז הצבעה בקלפי
ראשון לציון,8300,9.0,621,362,58.293075684380035,אחוז הצבעה בקלפי
ראשון לציון,8300,10.0,521,276,52.97504798464492,אחוז הצבעה בקלפי
ראשון לציון,8300,12.0,561,301,53.65418894830659,אחוז הצבעה בקלפי
ראשון לציון,8300,95.0,623,340,54.574638844301774,אחוז הצבעה בקלפי
ראשון לציון,8300,96.0,574,358,62.36933797909408,אחוז הצבעה בקלפי
ראשון לציון,8300,98.0,645,316,48.992248062015506,אחוז הצבעה בקלפי
ראשון לציון,8300,150.1,639,461,72.14397496087636,אחוז הצבעה בקלפי
ראשון לציון,8300,150.2,639,446,69.79655712050078,אחוז הצבעה בקלפי
ראשון לציון,8300,150.3,639,473,74.02190923317684,אחוז הצבעה בקלפי
ראשון לציון,8300,150.4,639,459,71.83098591549296,אחוז הצבעה בקלפי
ראשון לציון,8300,150.5,639,458,71.67449139280126,אחוז הצבעה בקלפי
ראשון לציון,8300,150.6,638,446,69.90595611285266,אחוז הצבעה בקלפי
ראשון לציון,8300,153.0,677,468,69.1285081240768,אחוז הצבעה בקלפי
ראשון לציון,8300,154.0,518,335,64.67181467181467,אחוז הצבעה בקלפי
ראשון לציון,8300,155.0,654,476,72.78287461773701,אחוז הצבעה בקלפי
ראשון לציון,8300,158.1,583,441,75.64322469982847,אחוז הצבעה בקלפי
ראשון לציון,8300,158.2,583,431,73.92795883361921,אחוז הצבעה בקלפי
ראשון לציון,8300,158.3,582,432,74.22680412371135,אחוז הצבעה בקלפי
ראשון לציון,8300,160.1,648,413,63.73456790123457,אחוז הצבעה בקלפי
ראשון לציון,8300,160.2,648,441,68.05555555555556,אחוז הצבעה בקלפי
ראשון לציון,8300,160.3,648,383,59.10493827160494,אחוז הצבעה בקלפי
ראשון לציון,8300,160.4,648,420,64.81481481481481,אחוז הצבעה בקלפי
ראשון לציון,8300,160.5,648,380,58.64197530864198,אחוז הצבעה בקלפי
ראשון לציון,8300,160.6,648,380,58.64197530864198,אחוז הצבעה בקלפי
ראשון לציון,8300,160.7,648,398,61.419753086419746,אחוז הצבעה בקלפי
ראשון לציון,8300,171.0,577,427,74.00346620450607,אחוז הצבעה בקלפי
ראשון לציון,8300,172.0,610,440,72.1311475409836,אחוז הצבעה בקלפי
ראשון לציון,8300,175.0,623,450,72.23113964686998,אחוז הצבעה בקלפי
ראשון לציון,8300,182.1,638,460,72.10031347962382,אחוז הצבעה בקלפי
ראשון לציון,8300,182.2,638,461,72.25705329153605,אחוז הצבעה בקלפי
ראשון לציון,8300,182.3,638,497,77.89968652037618,אחוז הצבעה בקלפי
ראשון לציון,8300,182.4,638,438,68.65203761755487,אחוז הצבעה בקלפי
ראשון לציון,8300,182.5,638,470,73.66771159874608,אחוז הצבעה בקלפי
ראשון לציון,8300,182.6,638,473,74.13793103448276,אחוז הצבעה בקלפי
ראשון לציון,8300,184.0,618,323,52.265372168284784,אחוז הצבעה בקלפי
ראשון לציון,8300,185.0,539,361,66.97588126159555,אחוז הצבעה בקלפי
ראשון לציון,8300,187.1,644,488,75.77639751552795,אחוז הצבעה בקלפי
ראשון לציון,8300,187.2,644,482,74.84472049689441,אחוז הצבעה בקלפי
ראשון לציון,8300,187.3,644,508,78.88198757763976,אחוז הצבעה בקלפי
ראשון לציון,8300,187.4,644,480,74.53416149068323,אחוז הצבעה בקלפי
ראשון לציון,8300,187.5,644,496,77.01863354037268,אחוז הצבעה בקלפי
ראשון לציון,8300,187.6,642,486,75.70093457943925,אחוז הצבעה בקלפי
ראשון לציון,8300,188.0,689,506,73.43976777939042,אחוז הצבעה בקלפי
ראשון לציון,8300,189.0,578,390,67.47404844290658,אחוז הצבעה בקלפי
ראשון לציון,8300,191.0,499,364,72.94589178356713,אחוז הצבעה בקלפי
ראשון לציון,8300,192.0,502,357,71.11553784860558,אחוז הצבעה בקלפי
ראשון לציון,8300,230.0,576,366,63.541666666666664,אחוז הצבעה בקלפי
ראשון לציון,8300,241.1,616,410,66.55844155844156,אחוז הצבעה בקלפי
ראשון לציון,8300,241.2,616,377,61.201298701298704,אחוז הצבעה בקלפי
ראשון לציון,8300,241.3,616,357,57.95454545454546,אחוז הצבעה בקלפי
ראשון לציון,8300,241.4,616,382,62.01298701298701,אחוז הצבעה בקלפי
ראשון לציון,8300,241.5,616,405,65.74675324675324,אחוז הצבעה בקלפי
ראשון לציון,8300,241.6,616,361,58.603896103896105,אחוז הצבעה בקלפי
ראשון לציון,8300,241.7,612,362,59.150326797385624,אחוז הצבעה בקלפי
ראשון לציון,8300,243.0,573,360,62.82722513089005,אחוז הצבעה בקלפי
ראשון לציון,8300,244.0,591,306,51.776649746192895,אחוז הצבעה בקלפי
ראשון לציון,8300,248.0,589,432,73.3446519524618,אחוז הצבעה בקלפי
ראשון לציון,8300,249.0,583,396,67.9245283018868,אחוז הצבעה בקלפי
ראשון לציון,8300,254.1,625,466,74.56,אחוז הצבעה בקלפי
ראשון לציון,8300,254.2,625,435,69.6,אחוז הצבעה בקלפי
ראשון לציון,8300,254.3,625,479,76.64,אחוז הצבעה בקלפי
ראשון לציון,8300,254.4,625,461,73.76,אחוז הצבעה בקלפי
ראשון לציון,8300,254.5,625,482,77.12,אחוז הצבעה בקלפי
ראשון לציון,8300,254.6,623,462,74.15730337078652,אחוז הצבעה בקלפי
ראשון לציון,8300,255.0,553,407,73.59855334538878,אחוז הצבעה בקלפי
ראשון לציון,8300,258.0,576,416,72.22222222222221,אחוז הצבעה בקלפי
ראשון לציון,8300,259.0,653,480,73.50689127105666,אחוז הצבעה בקלפי
ראשון לציון,8300,263.0,556,403,72.48201438848922,אחוז הצבעה בקלפי
ראשון לציון,8300,264.0,510,394,77.25490196078432,אחוז הצבעה בקלפי
ראשון לציון,8300,267.0,535,414,77.38317757009345,אחוז הצבעה בקלפי
ראשון לציון,8300,268.0,533,380,71.29455909943715,אחוז הצבעה בקלפי
ראשון לציון,8300,269.0,586,431,73.54948805460751,אחוז הצבעה בקלפי
ראשון לציון,8300,270.0,611,489,80.03273322422258,אחוז הצבעה בקלפי
ראשון לציון,8300,271.0,513,393,76.60818713450293,אחוז הצבעה בקלפי
ראשון לציון,8300,272.0,629,444,70.58823529411765,אחוז הצבעה בקלפי
ראשון לציון,8300,273.0,677,481,71.04874446085671,אחוז הצבעה בקלפי
ראשון לציון,8300,274.0,512,351,68.5546875,אחוז הצבעה בקלפי
ראשון לציון,8300,275.0,515,374,72.62135922330097,אחוז הצבעה בקלפי
ראשון לציון,8300,276.0,686,541,78.86297376093295,אחוז הצבעה בקלפי
ראשון לציון,8300,277.0,578,446,77.16262975778547,אחוז הצבעה בקלפי
ראשון לציון,8300,280.1,651,468,71.88940092165899,אחוז הצבעה בקלפי
ראשון לציון,8300,280.2,651,472,72.50384024577573,אחוז הצבעה בקלפי
ראשון לציון,8300,280.3,651,486,74.65437788018433,אחוז הצבעה בקלפי
ראשון לציון,8300,280.4,651,498,76.49769585253456,אחוז הצבעה בקלפי
ראשון לציון,8300,280.5,651,469,72.04301075268818,אחוז הצבעה בקלפי
ראשון לציון,8300,280.6,651,486,74.65437788018433,אחוז הצבעה בקלפי
ראשון לציון,8300,280.7,650,474,72.92307692307692,אחוז הצבעה בקלפי
ראשון לציון,8300,283.0,619,472,76.25201938610662,אחוז הצבעה בקלפי
ראשון לציון,8300,284.0,603,466,77.28026533996683,אחוז הצבעה בקלפי
ראשון לציון,8300,286.1,631,453,71.79080824088749,אחוז הצבעה בקלפי
ראשון לציון,8300,286.2,631,469,74.32646592709983,אחוז הצבעה בקלפי
ראשון לציון,8300,286.3,631,443,70.20602218700476,אחוז הצבעה בקלפי
ראשון לציון,8300,286.4,631,464,73.53407290015848,אחוז הצבעה בקלפי
ראשון לציון,8300,286.5,631,450,71.31537242472267,אחוז הצבעה בקלפי
ראשון לציון,8300,286.6,631,461,73.05863708399366,אחוז הצבעה בקלפי
ראשון לציון,8300,286.7,631,472,74.80190174326465,אחוז הצבעה בקלפי
ראשון לציון,8300,286.8,631,467,74.0095087163233,אחוז הצבעה בקלפי
ראשון לציון,8300,288.0,590,442,74.91525423728814,אחוז הצבעה בקלפי
ראשון לציון,8300,289.0,578,436,75.4325259515571,אחוז הצבעה בקלפי
ראשון לציון,8300,292.1,625,469,75.03999999999999,אחוז הצבעה בקלפי
ראשון לציון,8300,292.2,625,470,75.2,אחוז הצבעה בקלפי
ראשון לציון,8300,292.3,625,474,75.84,אחוז הצבעה בקלפי
ראשון לציון,8300,292.4,625,465,74.4,אחוז הצבעה בקלפי
ראשון לציון,8300,292.5,625,471,75.36,אחוז הצבעה בקלפי
ראשון לציון,8300,292.6,625,452,72.32,אחוז הצבעה בקלפי
ראשון לציון,8300,292.7,623,464,74.47833065810595,אחוז הצבעה בקלפי
ראשון לציון,8300,293.0,456,254,55.70175438596491,אחוז הצבעה בקלפי
ראשון לציון,8300,301.1,671,493,73.47242921013412,אחוז הצבעה בקלפי
ראשון לציון,8300,301.2,671,440,65.57377049180327,אחוז הצבעה בקלפי
ראשון לציון,8300,301.3,671,500,74.51564828614009,אחוז הצבעה בקלפי
ראשון לציון,8300,301.4,671,482,71.83308494783904,אחוז הצבעה בקלפי
ראשון לציון,8300,301.5,671,463,69.00149031296571,אחוז הצבעה בקלפי
ראשון לציון,8300,301.6,670,478,71.34328358208955,אחוז הצבעה בקלפי
ראשון לציון,8300,305.0,536,337,62.873134328358205,אחוז הצבעה בקלפי
ראשון לציון,8300,308.0,621,469,75.52334943639292,אחוז הצבעה בקלפי
ראשון לציון,8300,327.0,498,322,64.65863453815261,אחוז הצבעה בקלפי
ראשון לציון,8300,954.0,591,458,77.49576988155668,אחוז הצבעה בקלפי
רבבה,3795,2.1,486,397,81.6872427983539,אחוז הצבעה בקלפי
רבבה,3795,2.2,486,389,80.04115226337449,אחוז הצבעה בקלפי
רבבה,3795,2.3,485,411,84.74226804123711,אחוז הצבעה בקלפי
רבדים,564,1.0,643,468,72.78382581648522,אחוז הצבעה בקלפי
רביבים,354,1.1,361,201,55.67867036011081,אחוז הצבעה בקלפי
רביבים,354,1.2,361,212,58.72576177285319,אחוז הצבעה בקלפי
רגבה,390,1.0,470,351,74.68085106382979,אחוז הצבעה בקלפי
רגבה,390,2.0,386,274,70.98445595854922,אחוז הצבעה בקלפי
רגבים,444,1.0,447,320,71.58836689038031,אחוז הצבעה בקלפי
רהט,1161,1.0,668,405,60.62874251497006,אחוז הצבעה בקלפי
רהט,1161,3.0,580,306,52.758620689655174,אחוז הצבעה בקלפי
רהט,1161,12.1,527,310,58.82352941176471,אחוז הצבעה בקלפי
רהט,1161,12.2,527,319,60.53130929791271,אחוז הצבעה בקלפי
רהט,1161,12.3,526,286,54.372623574144484,אחוז הצבעה בקלפי
רהט,1161,14.0,657,365,55.55555555555556,אחוז הצבעה בקלפי
רהט,1161,16.1,671,385,57.377049180327866,אחוז הצבעה בקלפי
רהט,1161,16.2,671,410,61.10283159463488,אחוז הצבעה בקלפי
רהט,1161,16.3,669,394,58.893871449925264,אחוז הצבעה בקלפי
רהט,1161,18.0,587,356,60.6473594548552,אחוז הצבעה בקלפי
רהט,1161,20.0,644,362,56.2111801242236,אחוז הצבעה בקלפי
רהט,1161,21.0,697,340,48.78048780487805,אחוז הצבעה בקלפי
רהט,1161,28.0,648,398,61.419753086419746,אחוז הצבעה בקלפי
רהט,1161,29.0,607,364,59.96705107084019,אחוז הצבעה בקלפי
רהט,1161,30.1,591,405,68.52791878172589,אחוז הצבעה בקלפי
רהט,1161,30.2,591,365,61.75972927241963,אחוז הצבעה בקלפי
רהט,1161,30.3,591,355,60.06768189509306,אחוז הצבעה בקלפי
רהט,1161,30.4,589,323,54.83870967741935,אחוז הצבעה בקלפי
רהט,1161,33.1,511,385,75.34246575342466,אחוז הצבעה בקלפי
רהט,1161,33.2,511,339,66.34050880626224,אחוז הצבעה בקלפי
רהט,1161,33.3,511,292,57.14285714285714,אחוז הצבעה בקלפי
רהט,1161,34.0,653,375,57.42725880551301,אחוז הצבעה בקלפי
רהט,1161,37.1,499,274,54.90981963927856,אחוז הצבעה בקלפי
רהט,1161,37.2,499,298,59.719438877755515,אחוז הצבעה בקלפי
רהט,1161,37.3,499,243,48.69739478957916,אחוז הצבעה בקלפי
רהט,1161,41.1,639,332,51.956181533646316,אחוז הצבעה בקלפי
רהט,1161,41.2,639,315,49.29577464788733,אחוז הצבעה בקלפי
רהט,1161,41.3,639,360,56.33802816901409,אחוז הצבעה בקלפי
רהט,1161,43.1,545,351,64.40366972477064,אחוז הצבעה בקלפי
רהט,1161,43.2,545,335,61.46788990825688,אחוז הצבעה בקלפי
רהט,1161,43.3,545,341,62.56880733944954,אחוז הצבעה בקלפי
רהט,1161,43.4,542,331,61.07011070110702,אחוז הצבעה בקלפי
רהט,1161,44.0,540,358,66.2962962962963,אחוז הצבעה בקלפי
רהט,1161,47.1,557,327,58.707360861759426,אחוז הצבעה בקלפי
רהט,1161,47.2,557,353,63.37522441651705,אחוז הצבעה בקלפי
רהט,1161,47.3,555,328,59.09909909909909,אחוז הצבעה בקלפי
רהט,1161,48.1,632,402,63.60759493670886,אחוז הצבעה בקלפי
רהט,1161,48.2,632,433,68.5126582278481,אחוז הצבעה בקלפי
רהט,1161,48.3,630,461,73.17460317460316,אחוז הצבעה בקלפי
רהט,1161,51.1,628,309,49.203821656050955,אחוז הצבעה בקלפי
רהט,1161,51.2,628,398,63.37579617834395,אחוז הצבעה בקלפי
רהט,1161,51.3,628,352,56.05095541401274,אחוז הצבעה בקלפי
רהט,1161,51.4,628,465,74.04458598726114,אחוז הצבעה בקלפי
רהט,1161,51.5,626,379,60.54313099041534,אחוז הצבעה בקלפי
רהט,1161,52.1,675,319,47.25925925925926,אחוז הצבעה בקלפי
רהט,1161,52.2,675,447,66.22222222222223,אחוז הצבעה בקלפי
רהט,1161,52.3,673,420,62.40713224368499,אחוז הצבעה בקלפי
רהט,1161,53.0,525,353,67.23809523809524,אחוז הצבעה בקלפי
רהט,1161,54.0,496,320,64.51612903225806,אחוז הצבעה בקלפי
רהט,1161,55.1,618,403,65.21035598705501,אחוז הצבעה בקלפי
רהט,1161,55.2,618,393,63.59223300970874,אחוז הצבעה בקלפי
רהט,1161,55.3,618,403,65.21035598705501,אחוז הצבעה בקלפי
רהט,1161,55.4,618,421,68.12297734627832,אחוז הצבעה בקלפי
רהט,1161,55.5,615,389,63.25203252032521,אחוז הצבעה בקלפי
רהט,1161,56.1,604,338,55.960264900662246,אחוז הצבעה בקלפי
רהט,1161,56.2,604,362,59.93377483443708,אחוז הצבעה בקלפי
רהט,1161,56.3,604,288,47.682119205298015,אחוז הצבעה בקלפי
רהט,1161,56.4,602,333,55.3156146179402,אחוז הצבעה בקלפי
רהט,1161,58.1,641,481,75.0390015600624,אחוז הצבעה בקלפי
רהט,1161,58.2,641,390,60.8424336973479,אחוז הצבעה בקלפי
רהט,1161,58.3,641,391,60.9984399375975,אחוז הצבעה בקלפי
רהט,1161,58.4,641,398,62.090483619344774,אחוז הצבעה בקלפי
רהט,1161,58.5,637,443,69.5447409733124,אחוז הצבעה בקלפי
רהט,1161,60.0,541,365,67.46765249537893,אחוז הצבעה בקלפי
רווחה,2051,1.0,415,361,86.98795180722891,אחוז הצבעה בקלפי
רוויה,2016,1.0,271,187,69.00369003690037,אחוז הצבעה בקלפי
רוחמה,362,1.0,550,367,66.72727272727272,אחוז הצבעה בקלפי
רומאנה,539,1.0,410,348,84.8780487804878,אחוז הצבעה בקלפי
רומאנה,539,2.0,414,274,66.18357487922705,אחוז הצבעה בקלפי
רומת הייב,997,2.1,494,222,44.93927125506073,אחוז הצבעה בקלפי
רומת הייב,997,2.2,494,205,41.497975708502025,אחוז הצבעה בקלפי
רומת הייב,997,2.3,493,219,44.42190669371197,אחוז הצבעה בקלפי
רועי,3619,1.0,129,86,66.66666666666666,אחוז הצבעה בקלפי
רותם,3782,1.0,117,82,70.08547008547008,אחוז הצבעה בקלפי
רחוב,854,1.0,336,248,73.80952380952381,אחוז הצבעה בקלפי
רחובות,8400,33.1,661,487,73.67624810892586,אחוז הצבעה בקלפי
רחובות,8400,33.2,661,490,74.13010590015129,אחוז הצבעה בקלפי
רחובות,8400,33.3,661,467,70.65052950075643,אחוז הצבעה בקלפי
רחובות,8400,33.4,661,504,76.2481089258699,אחוז הצבעה בקלפי
רחובות,8400,33.5,661,488,73.82753403933434,אחוז הצבעה בקלפי
רחובות,8400,33.6,661,472,71.40695915279879,אחוז הצבעה בקלפי
רחובות,8400,33.7,657,489,74.42922374429224,אחוז הצבעה בקלפי
רחובות,8400,39.0,584,285,48.8013698630137,אחוז הצבעה בקלפי
רחובות,8400,41.0,614,362,58.95765472312704,אחוז הצבעה בקלפי
רחובות,8400,45.0,642,423,65.88785046728972,אחוז הצבעה בקלפי
רחובות,8400,48.1,658,485,73.70820668693008,אחוז הצבעה בקלפי
רחובות,8400,48.2,658,454,68.9969604863222,אחוז הצבעה בקלפי
רחובות,8400,48.3,658,452,68.69300911854104,אחוז הצבעה בקלפי
רחובות,8400,48.4,658,487,74.01215805471124,אחוז הצבעה בקלפי
רחובות,8400,48.5,658,440,66.8693009118541,אחוז הצבעה בקלפי
רחובות,8400,48.6,658,485,73.70820668693008,אחוז הצבעה בקלפי
רחובות,8400,48.7,658,432,65.65349544072949,אחוז הצבעה בקלפי
רחובות,8400,48.8,653,459,70.29096477794793,אחוז הצבעה בקלפי
רחובות,8400,55.1,526,311,59.125475285171106,אחוז הצבעה בקלפי
רחובות,8400,55.2,526,326,61.97718631178707,אחוז הצבעה בקלפי
רחובות,8400,55.3,525,315,60.0,אחוז הצבעה בקלפי
רחובות,8400,58.1,648,450,69.44444444444444,אחוז הצבעה בקלפי
רחובות,8400,58.2,648,472,72.8395061728395,אחוז הצבעה בקלפי
רחובות,8400,58.3,648,492,75.92592592592592,אחוז הצבעה בקלפי
רחובות,8400,58.4,648,473,72.99382716049382,אחוז הצבעה בקלפי
רחובות,8400,58.5,648,440,67.90123456790124,אחוז הצבעה בקלפי
רחובות,8400,58.6,643,421,65.47433903576983,אחוז הצבעה בקלפי
רחובות,8400,73.0,612,418,68.30065359477125,אחוז הצבעה בקלפי
רחובות,8400,74.0,584,394,67.46575342465754,אחוז הצבעה בקלפי
רחובות,8400,80.0,566,430,75.97173144876325,אחוז הצבעה בקלפי
רחובות,8400,84.0,556,421,75.71942446043165,אחוז הצבעה בקלפי
רחובות,8400,88.0,698,517,74.06876790830945,אחוז הצבעה בקלפי
רחובות,8400,89.0,496,356,71.7741935483871,אחוז הצבעה בקלפי
רחובות,8400,94.1,670,447,66.71641791044776,אחוז הצבעה בקלפי
רחובות,8400,94.2,670,437,65.22388059701493,אחוז הצבעה בקלפי
רחובות,8400,94.3,670,442,65.97014925373135,אחוז הצבעה בקלפי
רחובות,8400,94.4,670,475,70.8955223880597,אחוז הצבעה בקלפי
רחובות,8400,94.5,670,434,64.77611940298507,אחוז הצבעה בקלפי
רחובות,8400,94.6,670,395,58.95522388059702,אחוז הצבעה בקלפי
רחובות,8400,94.7,670,434,64.77611940298507,אחוז הצבעה בקלפי
רחובות,8400,94.8,667,402,60.26986506746626,אחוז הצבעה בקלפי
רחובות,8400,95.1,613,407,66.394779771615,אחוז הצבעה בקלפי
רחובות,8400,95.2,613,391,63.78466557911908,אחוז הצבעה בקלפי
רחובות,8400,95.3,613,401,65.41598694942904,אחוז הצבעה בקלפי
רחובות,8400,95.4,613,356,58.07504078303426,אחוז הצבעה בקלפי
רחובות,8400,95.5,613,366,59.70636215334421,אחוז הצבעה בקלפי
רחובות,8400,95.6,608,400,65.78947368421053,אחוז הצבעה בקלפי
רחובות,8400,103.0,658,488,74.16413373860182,אחוז הצבעה בקלפי
רחובות,8400,105.1,661,469,70.95310136157337,אחוז הצבעה בקלפי
רחובות,8400,105.2,661,503,76.09682299546142,אחוז הצבעה בקלפי
רחובות,8400,105.3,661,483,73.07110438729198,אחוז הצבעה בקלפי
רחובות,8400,105.4,659,424,64.33990895295902,אחוז הצבעה בקלפי
רחובות,8400,106.0,469,361,76.97228144989339,אחוז הצבעה בקלפי
רחובות,8400,107.0,421,319,75.77197149643705,אחוז הצבעה בקלפי
רחובות,8400,109.0,474,286,60.337552742616026,אחוז הצבעה בקלפי
רחובות,8400,113.0,445,229,51.460674157303366,אחוז הצבעה בקלפי
רחובות,8400,122.1,550,424,77.0909090909091,אחוז הצבעה בקלפי
רחובות,8400,122.2,550,428,77.81818181818181,אחוז הצבעה בקלפי
רחובות,8400,122.3,550,420,76.36363636363637,אחוז הצבעה בקלפי
רחובות,8400,122.4,548,425,77.55474452554745,אחוז הצבעה בקלפי
רחובות,8400,123.1,649,507,78.12018489984591,אחוז הצבעה בקלפי
רחובות,8400,123.2,649,510,78.5824345146379,אחוז הצבעה בקלפי
רחובות,8400,123.3,648,514,79.32098765432099,אחוז הצבעה בקלפי
רחובות,8400,127.1,611,466,76.2684124386252,אחוז הצבעה בקלפי
רחובות,8400,127.2,611,468,76.59574468085107,אחוז הצבעה בקלפי
רחובות,8400,127.3,611,454,74.30441898527005,אחוז הצבעה בקלפי
רחובות,8400,127.4,611,452,73.97708674304418,אחוז הצבעה בקלפי
רחובות,8400,129.1,666,400,60.06006006006006,אחוז הצבעה בקלפי
רחובות,8400,129.2,666,396,59.45945945945946,אחוז הצבעה בקלפי
רחובות,8400,129.3,666,393,59.009009009009006,אחוז הצבעה בקלפי
רחובות,8400,142.1,628,433,68.94904458598727,אחוז הצבעה בקלפי
רחובות,8400,142.2,628,398,63.37579617834395,אחוז הצבעה בקלפי
רחובות,8400,142.3,628,428,68.15286624203821,אחוז הצבעה בקלפי
רחובות,8400,142.4,628,427,67.99363057324841,אחוז הצבעה בקלפי
רחובות,8400,142.5,628,415,66.0828025477707,אחוז הצבעה בקלפי
רחובות,8400,142.6,628,397,63.21656050955414,אחוז הצבעה בקלפי
רחובות,8400,142.7,628,399,63.53503184713376,אחוז הצבעה בקלפי
רחובות,8400,142.8,626,413,65.97444089456869,אחוז הצבעה בקלפי
רחובות,8400,153.1,643,443,68.89580093312597,אחוז הצבעה בקלפי
רחובות,8400,153.2,643,460,71.53965785381027,אחוז הצבעה בקלפי
רחובות,8400,153.3,642,459,71.49532710280374,אחוז הצבעה בקלפי
רחובות,8400,158.1,599,471,78.63105175292154,אחוז הצבעה בקלפי
רחובות,8400,158.2,599,479,79.96661101836395,אחוז הצבעה בקלפי
רחובות,8400,158.3,599,492,82.13689482470785,אחוז הצבעה בקלפי
רחובות,8400,158.4,599,478,79.79966611018364,אחוז הצבעה בקלפי
רחובות,8400,158.5,599,475,79.29883138564274,אחוז הצבעה בקלפי
רחובות,8400,158.6,599,489,81.63606010016694,אחוז הצבעה בקלפי
רחובות,8400,163.1,648,545,84.10493827160494,אחוז הצבעה בקלפי
רחובות,8400,163.2,648,544,83.9506172839506,אחוז הצבעה בקלפי
רחובות,8400,163.3,648,539,83.17901234567901,אחוז הצבעה בקלפי
רחובות,8400,163.4,648,520,80.24691358024691,אחוז הצבעה בקלפי
רחובות,8400,173.0,579,411,70.98445595854922,אחוז הצבעה בקלפי
רחובות,8400,2.0,587,331,56.38841567291312,אחוז הצבעה בקלפי
רחובות,8400,4.1,568,314,55.28169014084507,אחוז הצבעה בקלפי
רחובות,8400,4.2,568,285,50.176056338028175,אחוז הצבעה בקלפי
רחובות,8400,4.3,568,321,56.51408450704225,אחוז הצבעה בקלפי
רחובות,8400,4.4,568,315,55.45774647887324,אחוז הצבעה בקלפי
רחובות,8400,4.5,567,293,51.67548500881834,אחוז הצבעה בקלפי
רחובות,8400,11.0,410,226,55.1219512195122,אחוז הצבעה בקלפי
רחובות,8400,13.0,605,414,68.4297520661157,אחוז הצבעה בקלפי
רחובות,8400,15.1,603,347,57.54560530679934,אחוז הצבעה בקלפי
רחובות,8400,15.2,603,308,51.07794361525705,אחוז הצבעה בקלפי
רחובות,8400,15.3,603,371,61.52570480928689,אחוז הצבעה בקלפי
רחובות,8400,15.4,602,338,56.14617940199336,אחוז הצבעה בקלפי
רחובות,8400,16.0,658,424,64.43768996960486,אחוז הצבעה בקלפי
רחובות,8400,18.0,581,369,63.51118760757315,אחוז הצבעה בקלפי
רחובות,8400,19.0,598,421,70.40133779264214,אחוז הצבעה בקלפי
רחובות,8400,20.1,571,410,71.80385288966725,אחוז הצבעה בקלפי
רחובות,8400,20.2,571,405,70.92819614711033,אחוז הצבעה בקלפי
רחובות,8400,20.3,571,406,71.10332749562171,אחוז הצבעה בקלפי
רחובות,8400,20.4,571,411,71.97898423817864,אחוז הצבעה בקלפי
רחובות,8400,20.5,570,394,69.12280701754386,אחוז הצבעה בקלפי
רחובות,8400,21.1,694,448,64.55331412103746,אחוז הצבעה בקלפי
רחובות,8400,21.2,694,442,63.68876080691642,אחוז הצבעה בקלפי
רחובות,8400,21.3,694,462,66.57060518731988,אחוז הצבעה בקלפי
רחובות,8400,21.4,694,487,70.17291066282421,אחוז הצבעה בקלפי
רחובות,8400,21.5,694,412,59.36599423631124,אחוז הצבעה בקלפי
רחובות,8400,21.6,694,434,62.53602305475504,אחוז הצבעה בקלפי
רחובות,8400,21.7,692,470,67.91907514450867,אחוז הצבעה בקלפי
רחובות,8400,23.1,506,354,69.96047430830039,אחוז הצבעה בקלפי
רחובות,8400,23.2,506,348,68.77470355731225,אחוז הצבעה בקלפי
רחובות,8400,23.3,506,319,63.04347826086957,אחוז הצבעה בקלפי
רחובות,8400,24.1,684,407,59.50292397660819,אחוז הצבעה בקלפי
רחובות,8400,24.2,684,427,62.42690058479532,אחוז הצבעה בקלפי
רחובות,8400,24.3,684,415,60.672514619883046,אחוז הצבעה בקלפי
רחובות,8400,24.4,684,462,67.54385964912281,אחוז הצבעה בקלפי
רחובות,8400,24.5,684,446,65.2046783625731,אחוז הצבעה בקלפי
רחובות,8400,24.6,684,432,63.1578947368421,אחוז הצבעה בקלפי
רחובות,8400,24.7,684,373,54.53216374269005,אחוז הצבעה בקלפי
רחובות,8400,24.8,680,437,64.26470588235294,אחוז הצבעה בקלפי
רחובות,8400,60.0,592,435,73.47972972972973,אחוז הצבעה בקלפי
רחובות,8400,61.0,447,286,63.982102908277405,אחוז הצבעה בקלפי
רחובות,8400,70.1,586,403,68.77133105802048,אחוז הצבעה בקלפי
רחובות,8400,70.2,586,428,73.03754266211604,אחוז הצבעה בקלפי
רחובות,8400,70.3,586,426,72.6962457337884,אחוז הצבעה בקלפי
רחובות,8400,70.4,586,407,69.45392491467577,אחוז הצבעה בקלפי
רחובות,8400,70.5,584,453,77.56849315068493,אחוז הצבעה בקלפי
רחובות,8400,71.1,684,440,64.32748538011695,אחוז הצבעה בקלפי
רחובות,8400,71.2,684,476,69.5906432748538,אחוז הצבעה בקלפי
רחובות,8400,104.1,697,445,63.84505021520803,אחוז הצבעה בקלפי
רחובות,8400,104.2,697,469,67.2883787661406,אחוז הצבעה בקלפי
רחובות,8400,104.3,697,459,65.85365853658537,אחוז הצבעה בקלפי
רחובות,8400,108.0,686,457,66.61807580174927,אחוז הצבעה בקלפי
רחובות,8400,132.1,566,441,77.91519434628975,אחוז הצבעה בקלפי
רחובות,8400,132.2,566,443,78.26855123674912,אחוז הצבעה בקלפי
רחובות,8400,132.3,566,430,75.97173144876325,אחוז הצבעה בקלפי
רחובות,8400,132.4,566,428,75.61837455830388,אחוז הצבעה בקלפי
רחובות,8400,132.5,565,443,78.40707964601769,אחוז הצבעה בקלפי
רחובות,8400,134.1,699,460,65.80829756795423,אחוז הצבעה בקלפי
רחובות,8400,134.2,699,451,64.52074391988555,אחוז הצבעה בקלפי
רחובות,8400,134.3,697,460,65.99713055954088,אחוז הצבעה בקלפי
רחובות,8400,145.1,667,409,61.31934032983508,אחוז הצבעה בקלפי
רחובות,8400,145.2,667,381,57.12143928035982,אחוז הצבעה בקלפי
רחובות,8400,145.3,666,345,51.80180180180181,אחוז הצבעה בקלפי
רחובות,8400,147.1,592,370,62.5,אחוז הצבעה בקלפי
רחובות,8400,147.2,592,381,64.3581081081081,אחוז הצבעה בקלפי
רחובות,8400,147.3,592,415,70.10135135135135,אחוז הצבעה בקלפי
רחובות,8400,147.4,592,397,67.0608108108108,אחוז הצבעה בקלפי
רחובות,8400,147.5,592,356,60.13513513513513,אחוז הצבעה בקלפי
רחובות,8400,147.6,592,392,66.21621621621621,אחוז הצבעה בקלפי
רחובות,8400,150.0,619,436,70.43618739903069,אחוז הצבעה בקלפי
רחובות,8400,152.1,474,392,82.70042194092827,אחוז הצבעה בקלפי
רחובות,8400,152.2,474,378,79.74683544303798,אחוז הצבעה בקלפי
רחובות,8400,152.3,473,385,81.3953488372093,אחוז הצבעה בקלפי
רחובות,8400,155.0,593,474,79.93254637436762,אחוז הצבעה בקלפי
רחובות,8400,159.0,446,312,69.95515695067265,אחוז הצבעה בקלפי
רחובות,8400,161.0,631,499,79.08082408874802,אחוז הצבעה בקלפי
רחובות,8400,162.1,409,302,73.83863080684596,אחוז הצבעה בקלפי
רחובות,8400,162.2,408,297,72.79411764705883,אחוז הצבעה בקלפי
רחובות,8400,165.1,561,432,77.00534759358288,אחוז הצבעה בקלפי
רחובות,8400,165.2,561,458,81.63992869875223,אחוז הצבעה בקלפי
רחובות,8400,165.3,561,427,76.11408199643493,אחוז הצבעה בקלפי
רחובות,8400,165.4,560,447,79.82142857142858,אחוז הצבעה בקלפי
רחובות,8400,169.1,671,497,74.06855439642325,אחוז הצבעה בקלפי
רחובות,8400,169.2,671,506,75.40983606557377,אחוז הצבעה בקלפי
רחובות,8400,169.3,671,465,69.29955290611028,אחוז הצבעה בקלפי
רחובות,8400,172.1,601,460,76.53910149750416,אחוז הצבעה בקלפי
רחובות,8400,172.2,601,449,74.70881863560732,אחוז הצבעה בקלפי
רחובות,8400,172.3,601,447,74.37603993344426,אחוז הצבעה בקלפי
רחובות,8400,172.4,601,445,74.04326123128119,אחוז הצבעה בקלפי
רחובות,8400,172.5,597,448,75.04187604690117,אחוז הצבעה בקלפי
רחובות,8400,175.0,544,406,74.63235294117648,אחוז הצבעה בקלפי
רחלים,3822,1.0,422,363,86.01895734597157,אחוז הצבעה בקלפי
ריחאניה,540,1.0,501,266,53.093812375249506,אחוז הצבעה בקלפי
ריחאניה,540,2.0,455,222,48.79120879120879,אחוז הצבעה בקלפי
ריחן,3568,1.0,242,186,76.85950413223141,אחוז הצבעה בקלפי
ריינה,542,10.1,689,410,59.50653120464441,אחוז הצבעה בקלפי
ריינה,542,10.2,689,317,46.00870827285922,אחוז הצבעה בקלפי
ריינה,542,12.1,613,305,49.7553017944535,אחוז הצבעה בקלפי
ריינה,542,12.2,613,379,61.82707993474714,אחוז הצבעה בקלפי
ריינה,542,12.3,613,340,55.46492659053833,אחוז הצבעה בקלפי
ריינה,542,12.4,613,309,50.40783034257748,אחוז הצבעה בקלפי
ריינה,542,12.5,613,362,59.05383360522023,אחוז הצבעה בקלפי
ריינה,542,12.6,612,339,55.392156862745104,אחוז הצבעה בקלפי
ריינה,542,13.1,472,290,61.440677966101696,אחוז הצבעה בקלפי
ריינה,542,13.2,472,230,48.728813559322035,אחוז הצבעה בקלפי
ריינה,542,13.3,470,232,49.361702127659576,אחוז הצבעה בקלפי
ריינה,542,16.1,682,319,46.774193548387096,אחוז הצבעה בקלפי
ריינה,542,16.2,682,327,47.94721407624634,אחוז הצבעה בקלפי
ריינה,542,16.3,682,340,49.853372434017594,אחוז הצבעה בקלפי
ריינה,542,16.4,679,444,65.39027982326951,אחוז הצבעה בקלפי
ריינה,542,17.1,692,373,53.90173410404624,אחוז הצבעה בקלפי
ריינה,542,17.2,692,339,48.98843930635838,אחוז הצבעה בקלפי
ריינה,542,17.3,692,325,46.96531791907515,אחוז הצבעה בקלפי
ריינה,542,17.4,689,333,48.33091436865022,אחוז הצבעה בקלפי
רימונים,3565,1.0,512,360,70.3125,אחוז הצבעה בקלפי
רינתיה,616,1.0,692,526,76.01156069364163,אחוז הצבעה בקלפי
רכסים,922,1.0,643,533,82.89269051321928,אחוז הצבעה בקלפי
רכסים,922,2.0,582,480,82.4742268041237,אחוז הצבעה בקלפי
רכסים,922,3.0,659,553,83.91502276176024,אחוז הצבעה בקלפי
רכסים,922,4.0,658,537,81.61094224924013,אחוז הצבעה בקלפי
רכסים,922,5.1,648,565,87.19135802469135,אחוז הצבעה בקלפי
רכסים,922,5.2,647,560,86.5533230293663,אחוז הצבעה בקלפי
רכסים,922,6.0,757,635,83.88375165125495,אחוז הצבעה בקלפי
רכסים,922,7.1,367,312,85.01362397820164,אחוז הצבעה בקלפי
רכסים,922,7.2,367,296,80.65395095367847,אחוז הצבעה בקלפי
רכסים,922,8.0,544,466,85.66176470588235,אחוז הצבעה בקלפי
רכסים,922,9.0,552,471,85.32608695652173,אחוז הצבעה בקלפי
רכסים,922,10.0,550,465,84.54545454545455,אחוז הצבעה בקלפי
רםאון,1069,1.0,687,500,72.7802037845706,אחוז הצבעה בקלפי
רמות,4702,1.0,460,348,75.65217391304347,אחוז הצבעה בקלפי
רמות השבים,206,1.0,651,496,76.19047619047619,אחוז הצבעה בקלפי
רמות השבים,206,2.0,545,411,75.41284403669725,אחוז הצבעה בקלפי
רמות מאיר,735,1.0,553,391,70.70524412296564,אחוז הצבעה בקלפי
רמות מנשה,445,1.0,442,347,78.50678733031674,אחוז הצבעה בקלפי
רמות מנשה,445,2.0,485,359,74.02061855670104,אחוז הצבעה בקלפי
רמות נפתלי,372,1.0,461,297,64.42516268980476,אחוז הצבעה בקלפי
רמלה,8500,5.1,671,403,60.05961251862891,אחוז הצבעה בקלפי
רמלה,8500,5.2,671,408,60.804769001490314,אחוז הצבעה בקלפי
רמלה,8500,5.3,671,429,63.934426229508205,אחוז הצבעה בקלפי
רמלה,8500,5.4,668,365,54.64071856287425,אחוז הצבעה בקלפי
רמלה,8500,8.0,639,463,72.45696400625978,אחוז הצבעה בקלפי
רמלה,8500,9.0,486,313,64.40329218106996,אחוז הצבעה בקלפי
רמלה,8500,10.1,553,320,57.86618444846293,אחוז הצבעה בקלפי
רמלה,8500,10.2,553,356,64.376130198915,אחוז הצבעה בקלפי
רמלה,8500,10.3,553,369,66.72694394213381,אחוז הצבעה בקלפי
רמלה,8500,13.0,647,490,75.73415765069552,אחוז הצבעה בקלפי
רמלה,8500,14.1,590,392,66.44067796610169,אחוז הצבעה בקלפי
רמלה,8500,14.2,590,378,64.0677966101695,אחוז הצבעה בקלפי
רמלה,8500,14.3,588,374,63.60544217687075,אחוז הצבעה בקלפי
רמלה,8500,16.0,523,342,65.39196940726578,אחוז הצבעה בקלפי
רמלה,8500,19.1,700,432,61.71428571428571,אחוז הצבעה בקלפי
רמלה,8500,19.2,700,420,60.0,אחוז הצבעה בקלפי
רמלה,8500,19.3,700,401,57.285714285714285,אחוז הצבעה בקלפי
רמלה,8500,20.0,422,267,63.270142180094794,אחוז הצבעה בקלפי
רמלה,8500,22.0,576,328,56.94444444444444,אחוז הצבעה בקלפי
רמלה,8500,23.0,555,396,71.35135135135135,אחוז הצבעה בקלפי
רמלה,8500,24.0,535,341,63.73831775700934,אחוז הצבעה בקלפי
רמלה,8500,25.0,531,363,68.36158192090396,אחוז הצבעה בקלפי
רמלה,8500,26.0,468,283,60.470085470085465,אחוז הצבעה בקלפי
רמלה,8500,28.0,417,234,56.11510791366906,אחוז הצבעה בקלפי
רמלה,8500,29.0,464,268,57.758620689655174,אחוז הצבעה בקלפי
רמלה,8500,30.1,562,370,65.83629893238434,אחוז הצבעה בקלפי
רמלה,8500,30.2,562,363,64.59074733096085,אחוז הצבעה בקלפי
רמלה,8500,30.3,562,377,67.08185053380782,אחוז הצבעה בקלפי
רמלה,8500,30.4,562,365,64.94661921708185,אחוז הצבעה בקלפי
רמלה,8500,30.5,562,367,65.30249110320284,אחוז הצבעה בקלפי
רמלה,8500,33.0,640,402,62.81250000000001,אחוז הצבעה בקלפי
רמלה,8500,37.0,535,298,55.700934579439256,אחוז הצבעה בקלפי
רמלה,8500,40.0,422,229,54.2654028436019,אחוז הצבעה בקלפי
רמלה,8500,41.1,564,337,59.75177304964539,אחוז הצבעה בקלפי
רמלה,8500,41.2,564,282,50.0,אחוז הצבעה בקלפי
רמלה,8500,44.0,610,429,70.32786885245902,אחוז הצבעה בקלפי
רמלה,8500,45.0,637,501,78.64992150706436,אחוז הצבעה בקלפי
רמלה,8500,46.0,648,522,80.55555555555556,אחוז הצבעה בקלפי
רמלה,8500,47.0,663,525,79.18552036199095,אחוז הצבעה בקלפי
רמלה,8500,48.1,614,336,54.72312703583062,אחוז הצבעה בקלפי
רמלה,8500,48.2,614,284,46.25407166123778,אחוז הצבעה בקלפי
רמלה,8500,48.3,614,244,39.73941368078176,אחוז הצבעה בקלפי
רמלה,8500,48.4,613,263,42.90375203915171,אחוז הצבעה בקלפי
רמלה,8500,49.0,473,312,65.96194503171247,אחוז הצבעה בקלפי
רמלה,8500,50.0,578,319,55.19031141868512,אחוז הצבעה בקלפי
רמלה,8500,51.1,469,256,54.58422174840085,אחוז הצבעה בקלפי
רמלה,8500,51.2,469,206,43.923240938166316,אחוז הצבעה בקלפי
רמלה,8500,51.3,469,176,37.52665245202559,אחוז הצבעה בקלפי
רמלה,8500,52.1,381,181,47.506561679790025,אחוז הצבעה בקלפי
רמלה,8500,52.2,380,213,56.05263157894736,אחוז הצבעה בקלפי
רמלה,8500,53.1,632,452,71.51898734177216,אחוז הצבעה בקלפי
רמלה,8500,53.2,632,458,72.46835443037975,אחוז הצבעה בקלפי
רמלה,8500,53.3,632,452,71.51898734177216,אחוז הצבעה בקלפי
רמלה,8500,55.0,559,298,53.30948121645797,אחוז הצבעה בקלפי
רמלה,8500,56.0,455,251,55.16483516483517,אחוז הצבעה בקלפי
רמלה,8500,57.0,448,279,62.27678571428571,אחוז הצבעה בקלפי
רמלה,8500,58.1,683,376,55.05124450951684,אחוז הצבעה בקלפי
רמלה,8500,58.2,683,413,60.46852122986823,אחוז הצבעה בקלפי
רמלה,8500,58.3,683,418,61.20058565153733,אחוז הצבעה בקלפי
רמלה,8500,58.4,683,414,60.61493411420204,אחוז הצבעה בקלפי
רמלה,8500,59.0,626,459,73.3226837060703,אחוז הצבעה בקלפי
רמלה,8500,61.0,614,399,64.98371335504885,אחוז הצבעה בקלפי
רמלה,8500,62.0,579,313,54.0587219343696,אחוז הצבעה בקלפי
רמלה,8500,63.0,435,234,53.79310344827586,אחוז הצבעה בקלפי
רמלה,8500,65.1,659,442,67.07132018209408,אחוז הצבעה בקלפי
רמלה,8500,65.2,659,420,63.7329286798179,אחוז הצבעה בקלפי
רמלה,8500,65.3,658,415,63.06990881458967,אחוז הצבעה בקלפי
רמלה,8500,67.0,637,390,61.224489795918366,אחוז הצבעה בקלפי
רמלה,8500,70.0,575,291,50.60869565217392,אחוז הצבעה בקלפי
רמלה,8500,71.0,522,296,56.70498084291188,אחוז הצבעה בקלפי
רמלה,8500,72.0,605,432,71.40495867768595,אחוז הצבעה בקלפי
רמלה,8500,73.0,604,451,74.66887417218543,אחוז הצבעה בקלפי
רמלה,8500,74.0,527,321,60.91081593927894,אחוז הצבעה בקלפי
רמלה,8500,75.0,581,422,72.63339070567987,אחוז הצבעה בקלפי
רמלה,8500,76.1,660,501,75.9090909090909,אחוז הצבעה בקלפי
רמלה,8500,76.2,660,466,70.60606060606061,אחוז הצבעה בקלפי
רמלה,8500,76.3,660,489,74.0909090909091,אחוז הצבעה בקלפי
רמלה,8500,76.4,660,482,73.03030303030303,אחוז הצבעה בקלפי
רמלה,8500,77.0,650,475,73.07692307692307,אחוז הצבעה בקלפי
רמלה,8500,80.1,361,213,59.0027700831025,אחוז הצבעה בקלפי
רמלה,8500,80.2,360,202,56.111111111111114,אחוז הצבעה בקלפי
רמלה,8500,83.0,391,239,61.125319693094625,אחוז הצבעה בקלפי
רמלה,8500,84.1,510,343,67.25490196078432,אחוז הצבעה בקלפי
רמלה,8500,84.2,510,294,57.647058823529406,אחוז הצבעה בקלפי
רמלה,8500,84.3,510,333,65.29411764705883,אחוז הצבעה בקלפי
רמלה,8500,84.4,510,314,61.568627450980394,אחוז הצבעה בקלפי
רמלה,8500,84.5,509,274,53.83104125736738,אחוז הצבעה בקלפי
רמלה,8500,85.0,689,549,79.68069666182875,אחוז הצבעה בקלפי
רמלה,8500,86.1,599,505,84.30717863105176,אחוז הצבעה בקלפי
רמלה,8500,86.2,599,482,80.46744574290484,אחוז הצבעה בקלפי
רמלה,8500,86.3,599,485,80.96828046744574,אחוז הצבעה בקלפי
רמלה,8500,86.4,597,460,77.05192629815745,אחוז הצבעה בקלפי
רמלה,8500,87.0,599,435,72.62103505843072,אחוז הצבעה בקלפי
רמלה,8500,90.0,531,317,59.69868173258004,אחוז הצבעה בקלפי
רמלה,8500,91.0,642,534,83.17757009345794,אחוז הצבעה בקלפי
רמלה,8500,92.0,523,272,52.00764818355641,אחוז הצבעה בקלפי
רמלה,8500,93.0,676,450,66.5680473372781,אחוז הצבעה בקלפי
רמלה,8500,94.0,494,348,70.44534412955466,אחוז הצבעה בקלפי
רמלה,8500,950.0,649,384,59.16795069337443,אחוז הצבעה בקלפי
רמלה,8500,951.0,626,393,62.77955271565495,אחוז הצבעה בקלפי
רמת גן,8600,3.1,651,452,69.43164362519201,אחוז הצבעה בקלפי
רמת גן,8600,3.2,651,446,68.50998463901689,אחוז הצבעה בקלפי
רמת גן,8600,3.3,651,447,68.66359447004609,אחוז הצבעה בקלפי
רמת גן,8600,3.4,651,435,66.82027649769586,אחוז הצבעה בקלפי
רמת גן,8600,3.5,651,482,74.03993855606758,אחוז הצבעה בקלפי
רמת גן,8600,7.1,699,492,70.3862660944206,אחוז הצבעה בקלפי
רמת גן,8600,7.2,698,499,71.48997134670488,אחוז הצבעה בקלפי
רמת גן,8600,16.0,577,359,62.218370883882145,אחוז הצבעה בקלפי
רמת גן,8600,20.0,635,393,61.88976377952756,אחוז הצבעה בקלפי
רמת גן,8600,22.0,648,382,58.95061728395061,אחוז הצבעה בקלפי
רמת גן,8600,24.1,624,416,66.66666666666666,אחוז הצבעה בקלפי
רמת גן,8600,24.2,624,389,62.33974358974359,אחוז הצבעה בקלפי
רמת גן,8600,24.3,624,375,60.09615384615385,אחוז הצבעה בקלפי
רמת גן,8600,24.4,621,390,62.80193236714976,אחוז הצבעה בקלפי
רמת גן,8600,28.1,689,458,66.47314949201741,אחוז הצבעה בקלפי
רמת גן,8600,28.2,689,415,60.2322206095791,אחוז הצבעה בקלפי
רמת גן,8600,28.3,688,439,63.80813953488372,אחוז הצבעה בקלפי
רמת גן,8600,30.1,612,377,61.60130718954249,אחוז הצבעה בקלפי
רמת גן,8600,30.2,612,395,64.54248366013073,אחוז הצבעה בקלפי
רמת גן,8600,30.3,612,396,64.70588235294117,אחוז הצבעה בקלפי
רמת גן,8600,30.4,612,422,68.95424836601308,אחוז הצבעה בקלפי
רמת גן,8600,30.5,612,411,67.15686274509804,אחוז הצבעה בקלפי
רמת גן,8600,30.6,612,401,65.52287581699346,אחוז הצבעה בקלפי
רמת גן,8600,34.0,612,426,69.6078431372549,אחוז הצבעה בקלפי
רמת גן,8600,35.0,554,287,51.80505415162455,אחוז הצבעה בקלפי
רמת גן,8600,36.0,623,419,67.25521669341894,אחוז הצבעה בקלפי
רמת גן,8600,37.0,650,397,61.07692307692307,אחוז הצבעה בקלפי
רמת גן,8600,38.0,657,402,61.18721461187214,אחוז הצבעה בקלפי
רמת גן,8600,40.0,668,439,65.71856287425149,אחוז הצבעה בקלפי
רמת גן,8600,44.0,528,195,36.93181818181818,אחוז הצבעה בקלפי
רמת גן,8600,45.0,536,271,50.559701492537314,אחוז הצבעה בקלפי
רמת גן,8600,70.1,670,333,49.701492537313435,אחוז הצבעה בקלפי
רמת גן,8600,70.2,670,363,54.179104477611936,אחוז הצבעה בקלפי
רמת גן,8600,70.3,670,322,48.059701492537314,אחוז הצבעה בקלפי
רמת גן,8600,70.4,667,341,51.12443778110944,אחוז הצבעה בקלפי
רמת גן,8600,74.1,504,270,53.57142857142857,אחוז הצבעה בקלפי
רמת גן,8600,74.2,503,232,46.12326043737575,אחוז הצבעה בקלפי
רמת גן,8600,84.0,697,369,52.94117647058824,אחוז הצבעה בקלפי
רמת גן,8600,87.1,355,213,60.0,אחוז הצבעה בקלפי
רמת גן,8600,87.2,354,185,52.259887005649716,אחוז הצבעה בקלפי
רמת גן,8600,89.1,613,363,59.216965742251226,אחוז הצבעה בקלפי
רמת גן,8600,89.2,613,323,52.69168026101142,אחוז הצבעה בקלפי
רמת גן,8600,89.3,613,335,54.64926590538336,אחוז הצבעה בקלפי
רמת גן,8600,89.4,613,347,56.6068515497553,אחוז הצבעה בקלפי
רמת גן,8600,89.5,613,336,54.81239804241436,אחוז הצבעה בקלפי
רמת גן,8600,89.6,612,341,55.71895424836602,אחוז הצבעה בקלפי
רמת גן,8600,100.0,556,254,45.68345323741007,אחוז הצבעה בקלפי
רמת גן,8600,106.0,571,325,56.91768826619965,אחוז הצבעה בקלפי
רמת גן,8600,107.0,567,346,61.022927689594354,אחוז הצבעה בקלפי
רמת גן,8600,108.0,648,435,67.12962962962963,אחוז הצבעה בקלפי
רמת גן,8600,114.0,546,347,63.55311355311355,אחוז הצבעה בקלפי
רמת גן,8600,77.1,600,322,53.666666666666664,אחוז הצבעה בקלפי
רמת גן,8600,77.2,600,304,50.66666666666667,אחוז הצבעה בקלפי
רמת גן,8600,77.3,600,335,55.833333333333336,אחוז הצבעה בקלפי
רמת גן,8600,77.4,600,301,50.16666666666667,אחוז הצבעה בקלפי
רמת גן,8600,77.5,600,318,53.0,אחוז הצבעה בקלפי
רמת גן,8600,77.6,599,344,57.42904841402338,אחוז הצבעה בקלפי
רמת גן,8600,99.1,660,409,61.969696969696976,אחוז הצבעה בקלפי
רמת גן,8600,99.2,659,366,55.53869499241275,אחוז הצבעה בקלפי
רמת גן,8600,102.1,688,370,53.779069767441854,אחוז הצבעה בקלפי
רמת גן,8600,102.2,687,328,47.74381368267831,אחוז הצבעה בקלפי
רמת גן,8600,116.1,587,377,64.22487223168655,אחוז הצבעה בקלפי
רמת גן,8600,116.2,587,358,60.98807495741057,אחוז הצבעה בקלפי
רמת גן,8600,116.3,587,399,67.97274275979557,אחוז הצבעה בקלפי
רמת גן,8600,116.4,587,335,57.06984667802385,אחוז הצבעה בקלפי
רמת גן,8600,116.5,587,346,58.94378194207837,אחוז הצבעה בקלפי
רמת גן,8600,116.6,586,373,63.651877133105806,אחוז הצבעה בקלפי
רמת גן,8600,125.0,697,453,64.99282639885222,אחוז הצבעה בקלפי
רמת גן,8600,127.0,606,404,66.66666666666666,אחוז הצבעה בקלפי
רמת גן,8600,143.1,646,419,64.86068111455108,אחוז הצבעה בקלפי
רמת גן,8600,143.2,646,423,65.47987616099071,אחוז הצבעה בקלפי
רמת גן,8600,143.3,646,427,66.09907120743034,אחוז הצבעה בקלפי
רמת גן,8600,143.4,646,434,67.18266253869969,אחוז הצבעה בקלפי
רמת גן,8600,143.5,646,425,65.78947368421053,אחוז הצבעה בקלפי
רמת גן,8600,143.6,641,442,68.95475819032761,אחוז הצבעה בקלפי
רמת גן,8600,153.1,675,439,65.03703703703704,אחוז הצבעה בקלפי
רמת גן,8600,153.2,675,430,63.70370370370371,אחוז הצבעה בקלפי
רמת גן,8600,153.3,675,447,66.22222222222223,אחוז הצבעה בקלפי
רמת גן,8600,153.4,675,445,65.92592592592592,אחוז הצבעה בקלפי
רמת גן,8600,153.5,674,418,62.01780415430267,אחוז הצבעה בקלפי
רמת גן,8600,154.0,648,386,59.5679012345679,אחוז הצבעה בקלפי
רמת גן,8600,156.0,593,313,52.78246205733558,אחוז הצבעה בקלפי
רמת גן,8600,157.0,670,418,62.38805970149254,אחוז הצבעה בקלפי
רמת גן,8600,158.0,619,398,64.29725363489499,אחוז הצבעה בקלפי
רמת גן,8600,160.1,617,391,63.37115072933549,אחוז הצבעה בקלפי
רמת גן,8600,160.2,617,380,61.58833063209076,אחוז הצבעה בקלפי
רמת גן,8600,160.3,616,382,62.01298701298701,אחוז הצבעה בקלפי
רמת גן,8600,169.1,697,453,64.99282639885222,אחוז הצבעה בקלפי
רמת גן,8600,169.2,697,466,66.85796269727403,אחוז הצבעה בקלפי
רמת גן,8600,169.3,697,440,63.127690100430414,אחוז הצבעה בקלפי
רמת גן,8600,169.4,697,454,65.13629842180775,אחוז הצבעה בקלפי
רמת גן,8600,169.5,696,428,61.49425287356321,אחוז הצבעה בקלפי
רמת גן,8600,170.1,684,476,69.5906432748538,אחוז הצבעה בקלפי
רמת גן,8600,170.2,684,459,67.10526315789474,אחוז הצבעה בקלפי
רמת גן,8600,170.3,684,465,67.98245614035088,אחוז הצבעה בקלפי
רמת גן,8600,170.4,684,501,73.24561403508771,אחוז הצבעה בקלפי
רמת גן,8600,170.5,681,478,70.19089574155653,אחוז הצבעה בקלפי
רמת גן,8600,180.0,639,443,69.32707355242567,אחוז הצבעה בקלפי
רמת גן,8600,183.1,678,494,72.86135693215338,אחוז הצבעה בקלפי
רמת גן,8600,183.2,677,470,69.42392909896603,אחוז הצבעה בקלפי
רמת גן,8600,197.1,615,449,73.00813008130082,אחוז הצבעה בקלפי
רמת גן,8600,197.2,615,423,68.78048780487805,אחוז הצבעה בקלפי
רמת גן,8600,197.3,615,443,72.03252032520325,אחוז הצבעה בקלפי
רמת גן,8600,197.4,615,450,73.17073170731707,אחוז הצבעה בקלפי
רמת גן,8600,197.5,615,429,69.7560975609756,אחוז הצבעה בקלפי
רמת גן,8600,197.6,612,457,74.67320261437908,אחוז הצבעה בקלפי
רמת גן,8600,207.1,599,405,67.6126878130217,אחוז הצבעה בקלפי
רמת גן,8600,207.2,599,421,70.2838063439065,אחוז הצבעה בקלפי
רמת גן,8600,207.3,599,410,68.44741235392321,אחוז הצבעה בקלפי
רמת גן,8600,207.4,599,388,64.77462437395658,אחוז הצבעה בקלפי
רמת גן,8600,207.5,599,411,68.61435726210351,אחוז הצבעה בקלפי
רמת גן,8600,207.6,596,393,65.93959731543623,אחוז הצבעה בקלפי
רמת גן,8600,252.0,548,390,71.16788321167883,אחוז הצבעה בקלפי
רמת גן,8600,50.0,676,485,71.7455621301775,אחוז הצבעה בקלפי
רמת גן,8600,191.1,517,353,68.27852998065764,אחוז הצבעה בקלפי
רמת גן,8600,191.2,517,341,65.95744680851064,אחוז הצבעה בקלפי
רמת גן,8600,191.3,515,331,64.27184466019418,אחוז הצבעה בקלפי
רמת גן,8600,202.1,614,431,70.19543973941367,אחוז הצבעה בקלפי
רמת גן,8600,202.2,614,405,65.96091205211727,אחוז הצבעה בקלפי
רמת גן,8600,202.3,614,424,69.05537459283387,אחוז הצבעה בקלפי
רמת גן,8600,202.4,614,405,65.96091205211727,אחוז הצבעה בקלפי
רמת גן,8600,202.5,614,398,64.82084690553745,אחוז הצבעה בקלפי
רמת גן,8600,202.6,612,427,69.77124183006535,אחוז הצבעה בקלפי
רמת גן,8600,206.0,669,454,67.86248131539611,אחוז הצבעה בקלפי
רמת גן,8600,210.0,559,391,69.94633273703042,אחוז הצבעה בקלפי
רמת גן,8600,224.0,459,301,65.57734204793029,אחוז הצבעה בקלפי
רמת גן,8600,226.1,557,361,64.81149012567326,אחוז הצבעה בקלפי
רמת גן,8600,226.2,557,399,71.63375224416517,אחוז הצבעה בקלפי
רמת גן,8600,226.3,557,398,71.45421903052065,אחוז הצבעה בקלפי
רמת גן,8600,226.4,554,381,68.7725631768953,אחוז הצבעה בקלפי
רמת גן,8600,230.1,593,444,74.87352445193929,אחוז הצבעה בקלפי
רמת גן,8600,230.2,593,431,72.68128161888701,אחוז הצבעה בקלפי
רמת גן,8600,230.3,593,453,76.39123102866779,אחוז הצבעה בקלפי
רמת גן,8600,230.4,593,437,73.69308600337267,אחוז הצבעה בקלפי
רמת גן,8600,230.5,593,439,74.03035413153457,אחוז הצבעה בקלפי
רמת גן,8600,230.6,592,455,76.8581081081081,אחוז הצבעה בקלפי
רמת גן,8600,232.0,641,422,65.83463338533542,אחוז הצבעה בקלפי
רמת גן,8600,233.0,626,404,64.5367412140575,אחוז הצבעה בקלפי
רמת גן,8600,234.0,655,433,66.10687022900763,אחוז הצבעה בקלפי
רמת גן,8600,235.1,607,369,60.79077429983526,אחוז הצבעה בקלפי
רמת גן,8600,235.2,606,359,59.240924092409244,אחוז הצבעה בקלפי
רמת גן,8600,236.0,633,449,70.93206951026856,אחוז הצבעה בקלפי
רמת גן,8600,243.0,604,449,74.33774834437085,אחוז הצבעה בקלפי
רמת גן,8600,245.1,684,501,73.24561403508771,אחוז הצבעה בקלפי
רמת גן,8600,245.2,684,475,69.44444444444444,אחוז הצבעה בקלפי
רמת גן,8600,245.3,682,474,69.50146627565982,אחוז הצבעה בקלפי
רמת גן,8600,249.1,694,501,72.19020172910663,אחוז הצבעה בקלפי
רמת גן,8600,249.2,694,470,67.72334293948127,אחוז הצבעה בקלפי
רמת גן,8600,249.3,693,492,70.995670995671,אחוז הצבעה בקלפי
רמת גן,8600,250.1,372,240,64.51612903225806,אחוז הצבעה בקלפי
רמת גן,8600,250.2,372,257,69.08602150537635,אחוז הצבעה בקלפי
רמת גן,8600,251.0,589,421,71.47707979626486,אחוז הצבעה בקלפי
רמת גן,8600,14.0,548,430,78.46715328467153,אחוז הצבעה בקלפי
רמת גן,8600,46.0,532,379,71.2406015037594,אחוז הצבעה בקלפי
רמת גן,8600,75.1,581,407,70.05163511187608,אחוז הצבעה בקלפי
רמת גן,8600,75.2,581,403,69.3631669535284,אחוז הצבעה בקלפי
רמת גן,8600,75.3,581,399,68.67469879518072,אחוז הצבעה בקלפי
רמת גן,8600,75.4,581,412,70.91222030981066,אחוז הצבעה בקלפי
רמת גן,8600,75.5,577,398,68.97746967071056,אחוז הצבעה בקלפי
רמת גן,8600,117.1,579,395,68.22107081174438,אחוז הצבעה בקלפי
רמת גן,8600,117.2,578,413,71.45328719723183,אחוז הצבעה בקלפי
רמת גן,8600,141.0,672,450,66.96428571428571,אחוז הצבעה בקלפי
רמת גן,8600,142.0,511,404,79.06066536203522,אחוז הצבעה בקלפי
רמת גן,8600,146.0,544,385,70.77205882352942,אחוז הצבעה בקלפי
רמת גן,8600,147.0,626,475,75.87859424920129,אחוז הצבעה בקלפי
רמת גן,8600,150.1,677,519,76.66174298375185,אחוז הצבעה בקלפי
רמת גן,8600,150.2,677,495,73.11669128508123,אחוז הצבעה בקלפי
רמת גן,8600,150.3,675,487,72.14814814814815,אחוז הצבעה בקלפי
רמת גן,8600,204.0,542,334,61.62361623616236,אחוז הצבעה בקלפי
רמת גן,8600,205.0,527,314,59.58254269449716,אחוז הצבעה בקלפי
רמת גן,8600,211.0,538,358,66.54275092936803,אחוז הצבעה בקלפי
רמת גן,8600,214.0,626,396,63.25878594249201,אחוז הצבעה בקלפי
רמת גן,8600,216.0,651,465,71.42857142857143,אחוז הצבעה בקלפי
רמת גן,8600,218.0,577,391,67.76429809358753,אחוז הצבעה בקלפי
רמת גן,8600,223.0,519,390,75.14450867052022,אחוז הצבעה בקלפי
רמת גן,8600,229.1,698,479,68.62464183381088,אחוז הצבעה בקלפי
רמת גן,8600,229.2,698,481,68.91117478510029,אחוז הצבעה בקלפי
רמת גן,8600,229.3,698,480,68.76790830945558,אחוז הצבעה בקלפי
רמת גן,8600,229.4,698,468,67.0487106017192,אחוז הצבעה בקלפי
רמת גן,8600,229.5,695,470,67.62589928057554,אחוז הצבעה בקלפי
רמת גן,8600,238.1,625,449,71.84,אחוז הצבעה בקלפי
רמת גן,8600,238.2,625,422,67.52,אחוז הצבעה בקלפי
רמת גן,8600,238.3,625,454,72.64,אחוז הצבעה בקלפי
רמת גן,8600,238.4,625,427,68.32000000000001,אחוז הצבעה בקלפי
רמת גן,8600,238.5,625,433,69.28,אחוז הצבעה בקלפי
רמת גן,8600,238.6,621,434,69.88727858293076,אחוז הצבעה בקלפי
רמת גן,8600,254.1,673,489,72.65973254086181,אחוז הצבעה בקלפי
רמת גן,8600,254.2,672,479,71.27976190476191,אחוז הצבעה בקלפי
רמת גן,8600,503.1,687,456,66.37554585152839,אחוז הצבעה בקלפי
רמת גן,8600,503.2,687,435,63.31877729257642,אחוז הצבעה בקלפי
רמת גן,8600,503.3,687,422,61.42649199417758,אחוז הצבעה בקלפי
רמת גן,8600,503.4,687,451,65.64774381368268,אחוז הצבעה בקלפי
רמת גן,8600,521.0,444,337,75.90090090090091,אחוז הצבעה בקלפי
רמת גן,8600,1.0,602,417,69.26910299003323,אחוז הצבעה בקלפי
רמת גן,8600,2.0,636,449,70.59748427672956,אחוז הצבעה בקלפי
רמת גן,8600,5.0,542,414,76.38376383763837,אחוז הצבעה בקלפי
רמת גן,8600,10.0,587,387,65.92844974446336,אחוז הצבעה בקלפי
רמת גן,8600,11.0,610,398,65.24590163934427,אחוז הצבעה בקלפי
רמת גן,8600,33.0,515,349,67.76699029126215,אחוז הצבעה בקלפי
רמת גן,8600,42.1,591,346,58.544839255499156,אחוז הצבעה בקלפי
רמת גן,8600,42.2,591,347,58.71404399323181,אחוז הצבעה בקלפי
רמת גן,8600,42.3,591,325,54.99153976311336,אחוז הצבעה בקלפי
רמת גן,8600,42.4,591,360,60.913705583756354,אחוז הצבעה בקלפי
רמת גן,8600,42.5,591,344,58.206429780033844,אחוז הצבעה בקלפי
רמת גן,8600,42.6,589,369,62.64855687606112,אחוז הצבעה בקלפי
רמת גן,8600,52.1,667,471,70.61469265367316,אחוז הצבעה בקלפי
רמת גן,8600,52.2,667,453,67.9160419790105,אחוז הצבעה בקלפי
רמת גן,8600,52.3,667,486,72.86356821589204,אחוז הצבעה בקלפי
רמת גן,8600,52.4,667,457,68.51574212893553,אחוז הצבעה בקלפי
רמת גן,8600,54.1,697,447,64.13199426111909,אחוז הצבעה בקלפי
רמת גן,8600,54.2,697,419,60.11477761836442,אחוז הצבעה בקלפי
רמת גן,8600,58.0,611,376,61.53846153846154,אחוז הצבעה בקלפי
רמת גן,8600,63.0,621,376,60.547504025764894,אחוז הצבעה בקלפי
רמת גן,8600,64.0,601,433,72.04658901830283,אחוז הצבעה בקלפי
רמת גן,8600,67.1,572,373,65.20979020979021,אחוז הצבעה בקלפי
רמת גן,8600,67.2,572,377,65.9090909090909,אחוז הצבעה בקלפי
רמת גן,8600,67.3,572,382,66.78321678321679,אחוז הצבעה בקלפי
רמת גן,8600,67.4,572,362,63.286713286713294,אחוז הצבעה בקלפי
רמת גן,8600,67.5,570,366,64.21052631578948,אחוז הצבעה בקלפי
רמת גן,8600,69.1,673,435,64.63595839524517,אחוז הצבעה בקלפי
רמת גן,8600,69.2,673,451,67.01337295690935,אחוז הצבעה בקלפי
רמת גן,8600,69.3,673,456,67.75631500742942,אחוז הצבעה בקלפי
רמת גן,8600,71.0,656,397,60.518292682926834,אחוז הצבעה בקלפי
רמת גן,8600,72.1,366,202,55.19125683060109,אחוז הצבעה בקלפי
רמת גן,8600,72.2,365,203,55.61643835616439,אחוז הצבעה בקלפי
רמת גן,8600,83.0,689,415,60.2322206095791,אחוז הצבעה בקלפי
רמת דוד,135,1.0,404,305,75.4950495049505,אחוז הצבעה בקלפי
רמת הכובש,184,1.0,696,531,76.29310344827587,אחוז הצבעה בקלפי
רמת השופט,335,1.1,403,261,64.76426799007444,אחוז הצבעה בקלפי
רמת השופט,335,1.2,403,284,70.47146401985111,אחוז הצבעה בקלפי
רמת השרון,2650,2.1,610,442,72.45901639344262,אחוז הצבעה בקלפי
רמת השרון,2650,2.2,610,443,72.62295081967213,אחוז הצבעה בקלפי
רמת השרון,2650,2.3,610,435,71.31147540983606,אחוז הצבעה בקלפי
רמת השרון,2650,2.4,607,423,69.68698517298188,אחוז הצבעה בקלפי
רמת השרון,2650,4.0,695,390,56.11510791366906,אחוז הצבעה בקלפי
רמת השרון,2650,6.0,550,387,70.36363636363636,אחוז הצבעה בקלפי
רמת השרון,2650,7.1,604,425,70.36423841059603,אחוז הצבעה בקלפי
רמת השרון,2650,7.2,604,431,71.35761589403974,אחוז הצבעה בקלפי
רמת השרון,2650,7.3,603,420,69.65174129353234,אחוז הצבעה בקלפי
רמת השרון,2650,9.0,698,462,66.189111747851,אחוז הצבעה בקלפי
רמת השרון,2650,11.1,560,383,68.39285714285714,אחוז הצבעה בקלפי
רמת השרון,2650,11.2,560,373,66.60714285714285,אחוז הצבעה בקלפי
רמת השרון,2650,11.3,559,366,65.47406082289802,אחוז הצבעה בקלפי
רמת השרון,2650,18.1,655,428,65.34351145038167,אחוז הצבעה בקלפי
רמת השרון,2650,18.2,655,478,72.97709923664122,אחוז הצבעה בקלפי
רמת השרון,2650,18.3,655,445,67.93893129770993,אחוז הצבעה בקלפי
רמת השרון,2650,18.4,652,446,68.40490797546013,אחוז הצבעה בקלפי
רמת השרון,2650,19.0,612,431,70.42483660130719,אחוז הצבעה בקלפי
רמת השרון,2650,21.1,625,417,66.72,אחוז הצבעה בקלפי
רמת השרון,2650,21.2,625,431,68.96,אחוז הצבעה בקלפי
רמת השרון,2650,21.3,625,455,72.8,אחוז הצבעה בקלפי
רמת השרון,2650,21.4,625,450,72.0,אחוז הצבעה בקלפי
רמת השרון,2650,23.0,612,428,69.93464052287581,אחוז הצבעה בקלפי
רמת השרון,2650,46.0,552,405,73.36956521739131,אחוז הצבעה בקלפי
רמת השרון,2650,66.1,646,526,81.42414860681114,אחוז הצבעה בקלפי
רמת השרון,2650,66.2,646,512,79.25696594427245,אחוז הצבעה בקלפי
רמת השרון,2650,66.3,646,517,80.03095975232199,אחוז הצבעה בקלפי
רמת השרון,2650,66.4,646,514,79.56656346749226,אחוז הצבעה בקלפי
רמת השרון,2650,66.5,646,496,76.78018575851394,אחוז הצבעה בקלפי
רמת השרון,2650,24.0,672,392,58.333333333333336,אחוז הצבעה בקלפי
רמת השרון,2650,28.0,526,328,62.3574144486692,אחוז הצבעה בקלפי
רמת השרון,2650,29.1,601,414,68.88519134775375,אחוז הצבעה בקלפי
רמת השרון,2650,29.2,601,424,70.54908485856906,אחוז הצבעה בקלפי
רמת השרון,2650,29.3,601,418,69.55074875207987,אחוז הצבעה בקלפי
רמת השרון,2650,30.1,651,429,65.89861751152074,אחוז הצבעה בקלפי
רמת השרון,2650,30.2,651,435,66.82027649769586,אחוז הצבעה בקלפי
רמת השרון,2650,30.3,651,431,66.20583717357911,אחוז הצבעה בקלפי
רמת השרון,2650,30.4,649,479,73.80585516178738,אחוז הצבעה בקלפי
רמת השרון,2650,33.1,578,423,73.1833910034602,אחוז הצבעה בקלפי
רמת השרון,2650,33.2,578,429,74.22145328719724,אחוז הצבעה בקלפי
רמת השרון,2650,33.3,576,412,71.52777777777779,אחוז הצבעה בקלפי
רמת השרון,2650,40.0,647,484,74.80680061823803,אחוז הצבעה בקלפי
רמת השרון,2650,47.0,509,396,77.79960707269156,אחוז הצבעה בקלפי
רמת השרון,2650,49.1,667,478,71.66416791604198,אחוז הצבעה בקלפי
רמת השרון,2650,49.2,667,450,67.46626686656671,אחוז הצבעה בקלפי
רמת השרון,2650,49.3,665,472,70.97744360902256,אחוז הצבעה בקלפי
רמת השרון,2650,58.1,651,483,74.19354838709677,אחוז הצבעה בקלפי
רמת השרון,2650,58.2,651,463,71.12135176651306,אחוז הצבעה בקלפי
רמת השרון,2650,58.3,651,472,72.50384024577573,אחוז הצבעה בקלפי
רמת השרון,2650,58.4,651,500,76.80491551459293,אחוז הצבעה בקלפי
רמת השרון,2650,59.1,589,399,67.74193548387096,אחוז הצבעה בקלפי
רמת השרון,2650,59.2,589,384,65.19524617996605,אחוז הצבעה בקלפי
רמת השרון,2650,59.3,589,428,72.66553480475382,אחוז הצבעה בקלפי
רמת השרון,2650,59.4,589,403,68.42105263157895,אחוז הצבעה בקלפי
רמת השרון,2650,60.1,651,486,74.65437788018433,אחוז הצבעה בקלפי
רמת השרון,2650,60.2,651,456,70.04608294930875,אחוז הצבעה בקלפי
רמת השרון,2650,60.3,651,480,73.73271889400922,אחוז הצבעה בקלפי
רמת השרון,2650,60.4,648,482,74.38271604938271,אחוז הצבעה בקלפי
רמת השרון,2650,65.1,560,450,80.35714285714286,אחוז הצבעה בקלפי
רמת השרון,2650,65.2,560,473,84.46428571428571,אחוז הצבעה בקלפי
רמת השרון,2650,65.3,560,454,81.07142857142857,אחוז הצבעה בקלפי
רמת השרון,2650,65.4,558,476,85.30465949820788,אחוז הצבעה בקלפי
רמת יוחנן,178,1.0,461,295,63.99132321041214,אחוז הצבעה בקלפי
רמת יוחנן,178,2.0,401,289,72.06982543640898,אחוז הצבעה בקלפי
רמת ישי,122,1.1,679,478,70.39764359351989,אחוז הצבעה בקלפי
רמת ישי,122,1.2,679,493,72.60677466863034,אחוז הצבעה בקלפי
רמת ישי,122,1.3,679,496,73.04860088365243,אחוז הצבעה בקלפי
רמת ישי,122,3.1,688,512,74.4186046511628,אחוז הצבעה בקלפי
רמת ישי,122,3.2,687,508,73.94468704512373,אחוז הצבעה בקלפי
רמת ישי,122,5.0,684,533,77.92397660818715,אחוז הצבעה בקלפי
רמת ישי,122,7.0,636,436,68.55345911949685,אחוז הצבעה בקלפי
רמת ישי,122,8.1,372,281,75.53763440860214,אחוז הצבעה בקלפי
רמת ישי,122,8.2,371,264,71.15902964959568,אחוז הצבעה בקלפי
רמת ישי,122,9.0,541,372,68.76155268022181,אחוז הצבעה בקלפי
רמת מגשימים,4701,1.0,484,357,73.7603305785124,אחוז הצבעה בקלפי
רמת צבי,339,1.0,488,386,79.09836065573771,אחוז הצבעה בקלפי
רמת רזיאל,460,1.0,472,348,73.72881355932203,אחוז הצבעה בקלפי
רמת רחל,127,1.0,359,283,78.8300835654596,אחוז הצבעה בקלפי
רנן,789,1.0,468,347,74.14529914529915,אחוז הצבעה בקלפי
רעים,713,1.0,387,282,72.86821705426357,אחוז הצבעה בקלפי
רעננה,8700,2.0,550,345,62.727272727272734,אחוז הצבעה בקלפי
רעננה,8700,4.1,557,394,70.73608617594255,אחוז הצבעה בקלפי
רעננה,8700,4.2,556,412,74.10071942446042,אחוז הצבעה בקלפי
רעננה,8700,5.1,567,409,72.13403880070547,אחוז הצבעה בקלפי
רעננה,8700,5.2,567,434,76.5432098765432,אחוז הצבעה בקלפי
רעננה,8700,5.3,566,392,69.25795053003534,אחוז הצבעה בקלפי
רעננה,8700,10.0,692,420,60.69364161849711,אחוז הצבעה בקלפי
רעננה,8700,12.0,661,430,65.05295007564297,אחוז הצבעה בקלפי
רעננה,8700,14.0,540,362,67.03703703703704,אחוז הצבעה בקלפי
רעננה,8700,17.0,605,351,58.01652892561984,אחוז הצבעה בקלפי
רעננה,8700,18.0,579,392,67.70293609671847,אחוז הצבעה בקלפי
רעננה,8700,20.1,621,376,60.547504025764894,אחוז הצבעה בקלפי
רעננה,8700,20.2,621,416,66.98872785829307,אחוז הצבעה בקלפי
רעננה,8700,20.3,621,369,59.42028985507246,אחוז הצבעה בקלפי
רעננה,8700,20.4,619,394,63.65105008077544,אחוז הצבעה בקלפי
רעננה,8700,24.1,617,415,67.26094003241491,אחוז הצבעה בקלפי
רעננה,8700,24.2,617,416,67.42301458670988,אחוז הצבעה בקלפי
רעננה,8700,24.3,617,412,66.77471636952998,אחוז הצבעה בקלפי
רעננה,8700,24.4,617,401,64.99189627228526,אחוז הצבעה בקלפי
רעננה,8700,24.5,616,400,64.93506493506493,אחוז הצבעה בקלפי
רעננה,8700,27.0,599,393,65.6093489148581,אחוז הצבעה בקלפי
רעננה,8700,33.0,502,324,64.5418326693227,אחוז הצבעה בקלפי
רעננה,8700,34.0,638,394,61.75548589341693,אחוז הצבעה בקלפי
רעננה,8700,36.0,663,426,64.25339366515837,אחוז הצבעה בקלפי
רעננה,8700,37.0,521,340,65.25911708253359,אחוז הצבעה בקלפי
רעננה,8700,39.0,588,374,63.60544217687075,אחוז הצבעה בקלפי
רעננה,8700,41.1,613,402,65.57911908646004,אחוז הצבעה בקלפי
רעננה,8700,41.2,613,401,65.41598694942904,אחוז הצבעה בקלפי
רעננה,8700,41.3,613,382,62.31647634584013,אחוז הצבעה בקלפי
רעננה,8700,41.4,613,400,65.25285481239804,אחוז הצבעה בקלפי
רעננה,8700,41.5,613,394,64.27406199021208,אחוז הצבעה בקלפי
רעננה,8700,41.6,613,401,65.41598694942904,אחוז הצבעה בקלפי
רעננה,8700,41.7,613,419,68.35236541598695,אחוז הצבעה בקלפי
רעננה,8700,42.1,582,392,67.35395189003437,אחוז הצבעה בקלפי
רעננה,8700,42.2,582,391,67.18213058419244,אחוז הצבעה בקלפי
רעננה,8700,42.3,581,383,65.92082616179002,אחוז הצבעה בקלפי
רעננה,8700,47.1,661,422,63.842662632375195,אחוז הצבעה בקלפי
רעננה,8700,47.2,661,428,64.75037821482601,אחוז הצבעה בקלפי
רעננה,8700,47.3,661,459,69.44024205748866,אחוז הצבעה בקלפי
רעננה,8700,47.4,661,431,65.20423600605145,אחוז הצבעה בקלפי
רעננה,8700,47.5,658,448,68.08510638297872,אחוז הצבעה בקלפי
רעננה,8700,49.1,650,425,65.38461538461539,אחוז הצבעה בקלפי
רעננה,8700,49.2,650,437,67.23076923076923,אחוז הצבעה בקלפי
רעננה,8700,49.3,648,414,63.888888888888886,אחוז הצבעה בקלפי
רעננה,8700,53.1,610,359,58.852459016393446,אחוז הצבעה בקלפי
רעננה,8700,53.2,610,362,59.34426229508196,אחוז הצבעה בקלפי
רעננה,8700,53.3,610,362,59.34426229508196,אחוז הצבעה בקלפי
רעננה,8700,53.4,610,377,61.803278688524586,אחוז הצבעה בקלפי
רעננה,8700,53.5,608,338,55.5921052631579,אחוז הצבעה בקלפי
רעננה,8700,58.1,698,450,64.46991404011462,אחוז הצבעה בקלפי
רעננה,8700,58.2,698,484,69.34097421203438,אחוז הצבעה בקלפי
רעננה,8700,58.3,697,430,61.69296987087518,אחוז הצבעה בקלפי
רעננה,8700,59.1,689,449,65.16690856313497,אחוז הצבעה בקלפי
רעננה,8700,59.2,689,447,64.87663280116111,אחוז הצבעה בקלפי
רעננה,8700,59.3,689,416,60.37735849056604,אחוז הצבעה בקלפי
רעננה,8700,59.4,689,439,63.7155297532656,אחוז הצבעה בקלפי
רעננה,8700,59.5,689,433,62.84470246734397,אחוז הצבעה בקלפי
רעננה,8700,61.0,540,362,67.03703703703704,אחוז הצבעה בקלפי
רעננה,8700,65.0,570,408,71.57894736842105,אחוז הצבעה בקלפי
רעננה,8700,67.0,592,388,65.54054054054053,אחוז הצבעה בקלפי
רעננה,8700,68.0,532,390,73.30827067669173,אחוז הצבעה בקלפי
רעננה,8700,69.1,674,461,68.39762611275965,אחוז הצבעה בקלפי
רעננה,8700,69.2,674,462,68.5459940652819,אחוז הצבעה בקלפי
רעננה,8700,69.3,674,469,69.58456973293768,אחוז הצבעה בקלפי
רעננה,8700,69.4,674,446,66.17210682492582,אחוז הצבעה בקלפי
רעננה,8700,69.5,670,441,65.82089552238806,אחוז הצבעה בקלפי
רעננה,8700,72.1,562,379,67.43772241992883,אחוז הצבעה בקלפי
רעננה,8700,72.2,562,353,62.811387900355875,אחוז הצבעה בקלפי
רעננה,8700,72.3,562,360,64.05693950177937,אחוז הצבעה בקלפי
רעננה,8700,72.4,562,370,65.83629893238434,אחוז הצבעה בקלפי
רעננה,8700,72.5,558,388,69.53405017921148,אחוז הצבעה בקלפי
רעננה,8700,74.0,574,416,72.47386759581882,אחוז הצבעה בקלפי
רעננה,8700,80.0,695,477,68.63309352517986,אחוז הצבעה בקלפי
רעננה,8700,81.1,632,406,64.24050632911393,אחוז הצבעה בקלפי
רעננה,8700,81.2,632,437,69.14556962025317,אחוז הצבעה בקלפי
רעננה,8700,81.3,632,388,61.39240506329114,אחוז הצבעה בקלפי
רעננה,8700,81.4,630,411,65.23809523809524,אחוז הצבעה בקלפי
רעננה,8700,83.0,486,342,70.37037037037037,אחוז הצבעה בקלפי
רעננה,8700,86.1,654,486,74.31192660550458,אחוז הצבעה בקלפי
רעננה,8700,86.2,654,485,74.15902140672783,אחוז הצבעה בקלפי
רעננה,8700,86.3,654,472,72.17125382262996,אחוז הצבעה בקלפי
רעננה,8700,86.4,653,499,76.41653905053599,אחוז הצבעה בקלפי
רעננה,8700,88.0,609,404,66.33825944170772,אחוז הצבעה בקלפי
רעננה,8700,90.1,669,438,65.47085201793722,אחוז הצבעה בקלפי
רעננה,8700,90.2,669,447,66.81614349775785,אחוז הצבעה בקלפי
רעננה,8700,90.3,669,466,69.65620328849027,אחוז הצבעה בקלפי
רעננה,8700,90.4,669,452,67.56352765321375,אחוז הצבעה בקלפי
רעננה,8700,90.5,669,461,68.90881913303438,אחוז הצבעה בקלפי
רעננה,8700,90.6,666,457,68.61861861861863,אחוז הצבעה בקלפי
רעננה,8700,91.1,595,305,51.26050420168067,אחוז הצבעה בקלפי
רעננה,8700,91.2,595,289,48.57142857142857,אחוז הצבעה בקלפי
רעננה,8700,91.3,595,298,50.08403361344538,אחוז הצבעה בקלפי
רעננה,8700,91.4,595,293,49.2436974789916,אחוז הצבעה בקלפי
רעננה,8700,91.5,595,298,50.08403361344538,אחוז הצבעה בקלפי
רעננה,8700,92.0,636,435,68.39622641509435,אחוז הצבעה בקלפי
רעננה,8700,93.1,681,452,66.37298091042585,אחוז הצבעה בקלפי
רעננה,8700,93.2,681,462,67.84140969162996,אחוז הצבעה בקלפי
רעננה,8700,93.3,681,477,70.04405286343612,אחוז הצבעה בקלפי
רעננה,8700,93.4,678,467,68.87905604719764,אחוז הצבעה בקלפי
רעננה,8700,95.0,680,424,62.35294117647059,אחוז הצבעה בקלפי
רעננה,8700,97.1,690,506,73.33333333333333,אחוז הצבעה בקלפי
רעננה,8700,97.2,690,494,71.59420289855073,אחוז הצבעה בקלפי
רעננה,8700,97.3,690,498,72.17391304347827,אחוז הצבעה בקלפי
רעננה,8700,99.1,357,282,78.99159663865547,אחוז הצבעה בקלפי
רעננה,8700,99.2,356,279,78.37078651685393,אחוז הצבעה בקלפי
רעננה,8700,102.0,690,542,78.55072463768116,אחוז הצבעה בקלפי
רעננה,8700,106.1,678,552,81.41592920353983,אחוז הצבעה בקלפי
רעננה,8700,106.2,678,537,79.20353982300885,אחוז הצבעה בקלפי
רעננה,8700,106.3,678,557,82.15339233038348,אחוז הצבעה בקלפי
רעננה,8700,106.4,677,550,81.24076809453472,אחוז הצבעה בקלפי
רעננה,8700,107.0,583,420,72.04116638078902,אחוז הצבעה בקלפי
רעננה,8700,108.0,562,388,69.03914590747331,אחוז הצבעה בקלפי
רקפת,1228,1.1,394,290,73.60406091370558,אחוז הצבעה בקלפי
רקפת,1228,1.2,393,286,72.7735368956743,אחוז הצבעה בקלפי
רשפון,247,1.0,401,297,74.06483790523691,אחוז הצבעה בקלפי
רשפון,247,2.0,519,378,72.83236994219652,אחוז הצבעה בקלפי
רשפים,437,1.0,692,546,78.90173410404624,אחוז הצבעה בקלפי
רתמים,1260,1.0,276,220,79.71014492753623,אחוז הצבעה בקלפי
שאר ישוב,324,1.0,425,305,71.76470588235294,אחוז הצבעה בקלפי
שבי דרום,1377,1.0,170,152,89.41176470588236,אחוז הצבעה בקלפי
שבי ציון,282,1.0,536,360,67.16417910447761,אחוז הצבעה בקלפי
שבי ציון,282,2.0,408,265,64.95098039215686,אחוז הצבעה בקלפי
שבי שומרון,3571,1.0,588,467,79.421768707483,אחוז הצבעה בקלפי
שבלי  אום אלגנם,913,1.0,623,269,43.17817014446228,אחוז הצבעה בקלפי
שבלי  אום אלגנם,913,2.0,596,301,50.50335570469798,אחוז הצבעה בקלפי
שבלי  אום אלגנם,913,3.0,694,347,50.0,אחוז הצבעה בקלפי
שבלי  אום אלגנם,913,4.0,659,331,50.22761760242792,אחוז הצבעה בקלפי
שבלי  אום אלגנם,913,5.0,673,379,56.315007429420504,אחוז הצבעה בקלפי
שבלי  אום אלגנם,913,6.0,653,351,53.751914241960186,אחוז הצבעה בקלפי
שבלי  אום אלגנם,913,8.0,650,298,45.84615384615385,אחוז הצבעה בקלפי
שגבשלום,1286,1.1,652,362,55.52147239263804,אחוז הצבעה בקלפי
שגבשלום,1286,1.2,652,277,42.484662576687114,אחוז הצבעה בקלפי
שגבשלום,1286,1.3,652,370,56.74846625766872,אחוז הצבעה בקלפי
שגבשלום,1286,1.4,652,349,53.52760736196319,אחוז הצבעה בקלפי
שגבשלום,1286,1.5,649,327,50.38520801232666,אחוז הצבעה בקלפי
שגבשלום,1286,3.1,697,398,57.10186513629842,אחוז הצבעה בקלפי
שגבשלום,1286,3.2,696,397,57.04022988505747,אחוז הצבעה בקלפי
שגבשלום,1286,7.1,700,395,56.42857142857143,אחוז הצבעה בקלפי
שגבשלום,1286,7.2,699,347,49.64234620886982,אחוז הצבעה בקלפי
שדה אילן,721,1.0,419,340,81.14558472553699,אחוז הצבעה בקלפי
שדה אליהו,304,1.0,650,398,61.23076923076923,אחוז הצבעה בקלפי
שדה אליעזר,861,1.0,674,471,69.8813056379822,אחוז הצבעה בקלפי
שדה בוקר,885,1.0,428,266,62.149532710280376,אחוז הצבעה בקלפי
שדה דוד,36,1.0,449,365,81.29175946547885,אחוז הצבעה בקלפי
שדה ורבורג,284,2.1,510,379,74.31372549019608,אחוז הצבעה בקלפי
שדה ורבורג,284,2.2,509,358,70.33398821218074,אחוז הצבעה בקלפי
שדה יואב,293,1.0,398,303,76.13065326633166,אחוז הצבעה בקלפי
שדה יעקב,142,1.0,671,524,78.09239940387481,אחוז הצבעה בקלפי
שדה יצחק,2008,1.0,446,334,74.88789237668162,אחוז הצבעה בקלפי
שדה משה,18,1.0,405,323,79.75308641975309,אחוז הצבעה בקלפי
שדה נחום,259,1.1,360,260,72.22222222222221,אחוז הצבעה בקלפי
שדה נחום,259,1.2,359,241,67.1309192200557,אחוז הצבעה בקלפי
שדה נחמיה,329,2.1,411,286,69.58637469586375,אחוז הצבעה בקלפי
שדה נחמיה,329,2.2,410,287,70.0,אחוז הצבעה בקלפי
שדה ניצן,1058,1.0,391,228,58.31202046035806,אחוז הצבעה בקלפי
שדה עוזיהו,739,1.0,460,373,81.08695652173913,אחוז הצבעה בקלפי
שדה עוזיהו,739,2.0,566,478,84.45229681978799,אחוז הצבעה בקלפי
שדה צבי,2049,1.0,442,337,76.2443438914027,אחוז הצבעה בקלפי
שדות ים,327,1.1,375,308,82.13333333333334,אחוז הצבעה בקלפי
שדות ים,327,1.2,374,295,78.87700534759358,אחוז הצבעה בקלפי
שדות מיכה,27,1.0,275,206,74.90909090909092,אחוז הצבעה בקלפי
שדי אברהם,1223,1.0,264,169,64.01515151515152,אחוז הצבעה בקלפי
שדי חמד,2015,1.1,364,270,74.17582417582418,אחוז הצבעה בקלפי
שדי חמד,2015,1.2,364,277,76.0989010989011,אחוז הצבעה בקלפי
שדי תרומות,2057,1.0,387,293,75.71059431524549,אחוז הצבעה בקלפי
שדמה,555,1.0,384,278,72.39583333333334,אחוז הצבעה בקלפי
שדמות דבורה,306,1.0,495,387,78.18181818181819,אחוז הצבעה בקלפי
שדמות מחולה,3578,1.0,437,340,77.80320366132723,אחוז הצבעה בקלפי
שדרות,1031,1.1,391,291,74.42455242966753,אחוז הצבעה בקלפי
שדרות,1031,1.2,391,269,68.79795396419436,אחוז הצבעה בקלפי
שדרות,1031,2.1,385,262,68.05194805194805,אחוז הצבעה בקלפי
שדרות,1031,2.2,385,261,67.79220779220779,אחוז הצבעה בקלפי
שדרות,1031,4.1,380,252,66.3157894736842,אחוז הצבעה בקלפי
שדרות,1031,4.2,379,267,70.44854881266491,אחוז הצבעה בקלפי
שדרות,1031,5.0,683,350,51.244509516837475,אחוז הצבעה בקלפי
שדרות,1031,6.0,672,383,56.99404761904761,אחוז הצבעה בקלפי
שדרות,1031,7.0,656,364,55.487804878048784,אחוז הצבעה בקלפי
שדרות,1031,8.0,616,324,52.5974025974026,אחוז הצבעה בקלפי
שדרות,1031,9.1,598,368,61.53846153846154,אחוז הצבעה בקלפי
שדרות,1031,9.2,598,374,62.54180602006689,אחוז הצבעה בקלפי
שדרות,1031,9.3,598,366,61.20401337792642,אחוז הצבעה בקלפי
שדרות,1031,9.4,598,373,62.374581939799334,אחוז הצבעה בקלפי
שדרות,1031,10.1,601,367,61.064891846921796,אחוז הצבעה בקלפי
שדרות,1031,10.2,601,394,65.55740432612312,אחוז הצבעה בקלפי
שדרות,1031,10.3,601,354,58.9018302828619,אחוז הצבעה בקלפי
שדרות,1031,10.4,601,365,60.732113144758735,אחוז הצבעה בקלפי
שדרות,1031,10.5,601,345,57.40432612312812,אחוז הצבעה בקלפי
שדרות,1031,10.6,597,364,60.971524288107204,אחוז הצבעה בקלפי
שדרות,1031,12.0,515,280,54.36893203883495,אחוז הצבעה בקלפי
שדרות,1031,15.0,600,422,70.33333333333334,אחוז הצבעה בקלפי
שדרות,1031,20.0,584,299,51.1986301369863,אחוז הצבעה בקלפי
שדרות,1031,24.0,594,446,75.08417508417509,אחוז הצבעה בקלפי
שדרות,1031,25.0,585,410,70.08547008547008,אחוז הצבעה בקלפי
שדרות,1031,26.1,540,419,77.5925925925926,אחוז הצבעה בקלפי
שדרות,1031,26.2,540,408,75.55555555555556,אחוז הצבעה בקלפי
שדרות,1031,26.3,540,420,77.77777777777779,אחוז הצבעה בקלפי
שדרות,1031,26.4,537,385,71.69459962756052,אחוז הצבעה בקלפי
שדרות,1031,27.0,481,327,67.98336798336798,אחוז הצבעה בקלפי
שדרות,1031,28.0,652,466,71.47239263803681,אחוז הצבעה בקלפי
שדרות,1031,29.0,636,394,61.94968553459119,אחוז הצבעה בקלפי
שדרות,1031,30.0,553,365,66.00361663652802,אחוז הצבעה בקלפי
שדרות,1031,32.0,669,494,73.84155455904335,אחוז הצבעה בקלפי
שדרות,1031,33.1,551,412,74.77313974591652,אחוז הצבעה בקלפי
שדרות,1031,33.2,551,367,66.60617059891108,אחוז הצבעה בקלפי
שדרות,1031,33.3,551,362,65.69872958257713,אחוז הצבעה בקלפי
שדרות,1031,33.4,550,323,58.72727272727273,אחוז הצבעה בקלפי
שדרות,1031,34.0,622,392,63.022508038585215,אחוז הצבעה בקלפי
שדרות,1031,35.0,689,520,75.47169811320755,אחוז הצבעה בקלפי
שדרות,1031,37.0,527,404,76.66034155597723,אחוז הצבעה בקלפי
שדרות,1031,38.0,404,334,82.67326732673267,אחוז הצבעה בקלפי
שואבה,741,1.0,462,341,73.80952380952381,אחוז הצבעה בקלפי
שובה,761,1.0,448,347,77.45535714285714,אחוז הצבעה בקלפי
שובל,394,1.0,645,466,72.24806201550388,אחוז הצבעה בקלפי
שוהם,1304,1.0,664,496,74.69879518072288,אחוז הצבעה בקלפי
שוהם,1304,2.0,607,457,75.28830313014826,אחוז הצבעה בקלפי
שוהם,1304,3.1,580,451,77.75862068965517,אחוז הצבעה בקלפי
שוהם,1304,3.2,580,467,80.51724137931035,אחוז הצבעה בקלפי
שוהם,1304,3.3,578,462,79.93079584775087,אחוז הצבעה בקלפי
שוהם,1304,4.0,539,388,71.98515769944342,אחוז הצבעה בקלפי
שוהם,1304,5.0,546,431,78.93772893772893,אחוז הצבעה בקלפי
שוהם,1304,6.1,589,435,73.85398981324278,אחוז הצבעה בקלפי
שוהם,1304,6.2,589,436,74.02376910016977,אחוז הצבעה בקלפי
שוהם,1304,6.3,589,422,71.64685908319186,אחוז הצבעה בקלפי
שוהם,1304,6.4,589,430,73.00509337860781,אחוז הצבעה בקלפי
שוהם,1304,6.5,589,431,73.1748726655348,אחוז הצבעה בקלפי
שוהם,1304,7.0,475,370,77.89473684210526,אחוז הצבעה בקלפי
שוהם,1304,8.0,551,432,78.40290381125227,אחוז הצבעה בקלפי
שוהם,1304,12.0,677,498,73.55982274741507,אחוז הצבעה בקלפי
שוהם,1304,13.1,573,422,73.64746945898779,אחוז הצבעה בקלפי
שוהם,1304,13.2,573,418,72.94938917975567,אחוז הצבעה בקלפי
שוהם,1304,13.3,573,440,76.78883071553228,אחוז הצבעה בקלפי
שוהם,1304,14.0,593,448,75.54806070826307,אחוז הצבעה בקלפי
שוהם,1304,15.0,662,502,75.83081570996978,אחוז הצבעה בקלפי
שוהם,1304,16.0,600,461,76.83333333333333,אחוז הצבעה בקלפי
שוהם,1304,17.0,567,425,74.95590828924162,אחוז הצבעה בקלפי
שוהם,1304,18.0,597,455,76.21440536013401,אחוז הצבעה בקלפי
שוהם,1304,21.0,427,316,74.00468384074942,אחוז הצבעה בקלפי
שוהם,1304,24.0,538,406,75.46468401486989,אחוז הצבעה בקלפי
שוהם,1304,26.0,607,456,75.12355848434926,אחוז הצבעה בקלפי
שוהם,1304,28.1,652,539,82.66871165644172,אחוז הצבעה בקלפי
שוהם,1304,28.2,652,509,78.06748466257669,אחוז הצבעה בקלפי
שוהם,1304,28.3,650,528,81.23076923076923,אחוז הצבעה בקלפי
שומרה,614,1.0,310,203,65.48387096774194,אחוז הצבעה בקלפי
שומריה,1265,1.0,354,277,78.24858757062147,אחוז הצבעה בקלפי
שוקדה,415,1.0,302,255,84.43708609271523,אחוז הצבעה בקלפי
שורש,456,1.0,462,58,12.554112554112553,אחוז הצבעה בקלפי
שורש,456,2.0,603,418,69.32006633499171,אחוז הצבעה בקלפי
שורשים,1235,1.0,456,319,69.95614035087719,אחוז הצבעה בקלפי
שושנת העמקים,224,1.0,443,318,71.78329571106094,אחוז הצבעה בקלפי
שזור,527,1.0,274,214,78.1021897810219,אחוז הצבעה בקלפי
שחר,7,1.0,530,376,70.94339622641509,אחוז הצבעה בקלפי
שחרות,1266,1.0,151,79,52.317880794701985,אחוז הצבעה בקלפי
שיבולים,865,1.0,282,216,76.59574468085107,אחוז הצבעה בקלפי
שייח דנון,658,1.0,661,384,58.09379727685325,אחוז הצבעה בקלפי
שייח דנון,658,3.1,491,256,52.138492871690424,אחוז הצבעה בקלפי
שייח דנון,658,3.2,491,274,55.80448065173116,אחוז הצבעה בקלפי
שייח דנון,658,3.3,491,277,56.41547861507128,אחוז הצבעה בקלפי
שילה,3641,1.1,565,430,76.10619469026548,אחוז הצבעה בקלפי
שילה,3641,1.2,565,454,80.35398230088495,אחוז הצבעה בקלפי
שילה,3641,1.3,565,446,78.93805309734513,אחוז הצבעה בקלפי
שילה,3641,1.4,564,442,78.36879432624113,אחוז הצבעה בקלפי
שילת,1165,1.0,529,414,78.26086956521739,אחוז הצבעה בקלפי
שכניה,1160,1.0,623,454,72.87319422150883,אחוז הצבעה בקלפי
שלווה,873,1.0,421,351,83.3729216152019,אחוז הצבעה בקלפי
שלוחות,439,1.0,342,241,70.46783625730994,אחוז הצבעה בקלפי
שלומי,812,1.1,358,231,64.52513966480447,אחוז הצבעה בקלפי
שלומי,812,1.2,358,210,58.659217877094974,אחוז הצבעה בקלפי
שלומי,812,2.1,360,211,58.611111111111114,אחוז הצבעה בקלפי
שלומי,812,2.2,348,218,62.643678160919535,אחוז הצבעה בקלפי
שלומי,812,3.1,475,307,64.63157894736841,אחוז הצבעה בקלפי
שלומי,812,3.2,475,302,63.578947368421055,אחוז הצבעה בקלפי
שלומי,812,3.3,474,319,67.29957805907173,אחוז הצבעה בקלפי
שלומי,812,5.0,499,334,66.93386773547094,אחוז הצבעה בקלפי
שלומי,812,6.0,572,392,68.53146853146853,אחוז הצבעה בקלפי
שלומי,812,7.0,744,523,70.29569892473118,אחוז הצבעה בקלפי
שלומי,812,8.0,738,523,70.86720867208672,אחוז הצבעה בקלפי
שלומי,812,9.0,486,343,70.57613168724279,אחוז הצבעה בקלפי
שלומית,1364,1.0,157,129,82.16560509554141,אחוז הצבעה בקלפי
שמיר,366,1.1,354,246,69.49152542372882,אחוז הצבעה בקלפי
שמיר,366,1.2,353,244,69.12181303116147,אחוז הצבעה בקלפי
שמעה,3784,1.0,485,370,76.28865979381443,אחוז הצבעה בקלפי
שמרת,432,1.0,468,340,72.64957264957265,אחוז הצבעה בקלפי
שמשית,1337,1.0,622,427,68.64951768488746,אחוז הצבעה בקלפי
שמשית,1337,2.0,646,444,68.73065015479877,אחוז הצבעה בקלפי
שמשית,1337,3.0,692,485,70.08670520231213,אחוז הצבעה בקלפי
שני,1287,1.0,377,249,66.04774535809018,אחוז הצבעה בקלפי
שניר,1132,1.0,493,358,72.61663286004057,אחוז הצבעה בקלפי
שעב,538,1.1,657,435,66.21004566210046,אחוז הצבעה בקלפי
שעב,538,1.2,657,404,61.49162861491628,אחוז הצבעה בקלפי
שעב,538,1.3,655,463,70.68702290076337,אחוז הצבעה בקלפי
שעב,538,2.1,369,209,56.639566395663955,אחוז הצבעה בקלפי
שעב,538,2.2,369,198,53.65853658536586,אחוז הצבעה בקלפי
שעב,538,5.1,669,441,65.91928251121077,אחוז הצבעה בקלפי
שעב,538,5.2,669,359,53.66218236173393,אחוז הצבעה בקלפי
שעב,538,6.0,637,427,67.03296703296702,אחוז הצבעה בקלפי
שעב,538,7.0,565,401,70.97345132743362,אחוז הצבעה בקלפי
שעל,4009,1.0,237,180,75.9493670886076,אחוז הצבעה בקלפי
שעלבים,856,1.0,483,383,79.29606625258799,אחוז הצבעה בקלפי
שעלבים,856,2.0,341,280,82.11143695014663,אחוז הצבעה בקלפי
שער אפרים,661,2.1,676,508,75.14792899408283,אחוז הצבעה בקלפי
שער אפרים,661,2.2,676,485,71.7455621301775,אחוז הצבעה בקלפי
שער הגולן,264,1.0,490,346,70.61224489795919,אחוז הצבעה בקלפי
שער העמקים,237,1.0,562,435,77.40213523131672,אחוז הצבעה בקלפי
שער מנשה,921,1.0,132,21,15.909090909090908,אחוז הצבעה בקלפי
שער שומרון,3826,1.1,682,486,71.26099706744868,אחוז הצבעה בקלפי
שער שומרון,3826,1.2,682,518,75.95307917888563,אחוז הצבעה בקלפי
שער שומרון,3826,1.3,682,493,72.28739002932552,אחוז הצבעה בקלפי
שער שומרון,3826,1.4,682,504,73.90029325513197,אחוז הצבעה בקלפי
שער שומרון,3826,1.5,682,514,75.366568914956,אחוז הצבעה בקלפי
שער שומרון,3826,1.6,678,504,74.33628318584071,אחוז הצבעה בקלפי
שער שומרון,3826,101.1,356,287,80.6179775280899,אחוז הצבעה בקלפי
שער שומרון,3826,101.2,355,285,80.28169014084507,אחוז הצבעה בקלפי
שער שומרון,3826,102.1,384,281,73.17708333333334,אחוז הצבעה בקלפי
שער שומרון,3826,102.2,383,301,78.59007832898173,אחוז הצבעה בקלפי
שפיים,232,1.0,552,434,78.62318840579711,אחוז הצבעה בקלפי
שפיים,232,2.0,490,379,77.3469387755102,אחוז הצבעה בקלפי
שפיר,692,1.0,565,456,80.70796460176992,אחוז הצבעה בקלפי
שפר,846,1.0,319,223,69.90595611285266,אחוז הצבעה בקלפי
שפרעם,8800,1.1,667,341,51.12443778110944,אחוז הצבעה בקלפי
שפרעם,8800,1.2,667,336,50.37481259370315,אחוז הצבעה בקלפי
שפרעם,8800,7.1,571,279,48.86164623467601,אחוז הצבעה בקלפי
שפרעם,8800,7.2,571,317,55.51663747810858,אחוז הצבעה בקלפי
שפרעם,8800,7.3,571,259,45.359019264448335,אחוז הצבעה בקלפי
שפרעם,8800,7.4,570,323,56.666666666666664,אחוז הצבעה בקלפי
שפרעם,8800,9.1,521,282,54.12667946257198,אחוז הצבעה בקלפי
שפרעם,8800,9.2,521,298,57.19769673704415,אחוז הצבעה בקלפי
שפרעם,8800,9.3,521,287,55.08637236084453,אחוז הצבעה בקלפי
שפרעם,8800,10.0,628,306,48.72611464968153,אחוז הצבעה בקלפי
שפרעם,8800,13.1,568,287,50.52816901408451,אחוז הצבעה בקלפי
שפרעם,8800,13.2,568,295,51.93661971830986,אחוז הצבעה בקלפי
שפרעם,8800,13.3,568,333,58.62676056338029,אחוז הצבעה בקלפי
שפרעם,8800,13.4,565,329,58.23008849557522,אחוז הצבעה בקלפי
שפרעם,8800,15.1,593,257,43.3389544688027,אחוז הצבעה בקלפי
שפרעם,8800,15.2,593,339,57.16694772344013,אחוז הצבעה בקלפי
שפרעם,8800,15.3,593,238,40.13490725126476,אחוז הצבעה בקלפי
שפרעם,8800,15.4,592,309,52.195945945945944,אחוז הצבעה בקלפי
שפרעם,8800,18.1,474,238,50.210970464135016,אחוז הצבעה בקלפי
שפרעם,8800,18.2,474,220,46.41350210970464,אחוז הצבעה בקלפי
שפרעם,8800,18.3,473,200,42.28329809725159,אחוז הצבעה בקלפי
שפרעם,8800,20.1,668,361,54.041916167664674,אחוז הצבעה בקלפי
שפרעם,8800,20.2,668,334,50.0,אחוז הצבעה בקלפי
שפרעם,8800,20.3,668,296,44.31137724550898,אחוז הצבעה בקלפי
שפרעם,8800,20.4,665,354,53.23308270676692,אחוז הצבעה בקלפי
שפרעם,8800,21.1,478,290,60.66945606694561,אחוז הצבעה בקלפי
שפרעם,8800,21.2,478,242,50.627615062761514,אחוז הצבעה בקלפי
שפרעם,8800,21.3,477,233,48.84696016771489,אחוז הצבעה בקלפי
שפרעם,8800,23.1,545,240,44.03669724770643,אחוז הצבעה בקלפי
שפרעם,8800,23.2,545,285,52.293577981651374,אחוז הצבעה בקלפי
שפרעם,8800,23.3,545,263,48.25688073394495,אחוז הצבעה בקלפי
שפרעם,8800,23.4,543,343,63.16758747697975,אחוז הצבעה בקלפי
שפרעם,8800,26.1,576,350,60.763888888888886,אחוז הצבעה בקלפי
שפרעם,8800,26.2,576,246,42.70833333333333,אחוז הצבעה בקלפי
שפרעם,8800,26.3,576,229,39.75694444444444,אחוז הצבעה בקלפי
שפרעם,8800,26.4,574,344,59.93031358885017,אחוז הצבעה בקלפי
שפרעם,8800,33.1,558,290,51.971326164874554,אחוז הצבעה בקלפי
שפרעם,8800,33.2,558,264,47.31182795698925,אחוז הצבעה בקלפי
שפרעם,8800,33.3,558,273,48.924731182795696,אחוז הצבעה בקלפי
שפרעם,8800,33.4,556,280,50.35971223021583,אחוז הצבעה בקלפי
שפרעם,8800,36.1,588,305,51.87074829931972,אחוז הצבעה בקלפי
שפרעם,8800,36.2,588,383,65.1360544217687,אחוז הצבעה בקלפי
שפרעם,8800,36.3,588,356,60.544217687074834,אחוז הצבעה בקלפי
שפרעם,8800,36.4,588,270,45.91836734693878,אחוז הצבעה בקלפי
שפרעם,8800,36.5,588,328,55.78231292517006,אחוז הצבעה בקלפי
שפרעם,8800,36.6,585,315,53.84615384615385,אחוז הצבעה בקלפי
שפרעם,8800,37.1,670,350,52.23880597014925,אחוז הצבעה בקלפי
שפרעם,8800,37.2,670,373,55.67164179104478,אחוז הצבעה בקלפי
שפרעם,8800,37.3,670,273,40.74626865671642,אחוז הצבעה בקלפי
שפרעם,8800,38.1,506,240,47.43083003952569,אחוז הצבעה בקלפי
שפרעם,8800,38.2,506,258,50.988142292490124,אחוז הצבעה בקלפי
שפרעם,8800,38.3,505,266,52.67326732673268,אחוז הצבעה בקלפי
שפרעם,8800,42.0,547,285,52.10237659963437,אחוז הצבעה בקלפי
שפרעם,8800,43.0,595,298,50.08403361344538,אחוז הצבעה בקלפי
שקד,3649,1.0,674,492,72.99703264094956,אחוז הצבעה בקלפי
שקף,1233,1.0,323,255,78.94736842105263,אחוז הצבעה בקלפי
שרונה,292,1.0,441,333,75.51020408163265,אחוז הצבעה בקלפי
שריגים ליאון,1114,1.0,449,303,67.48329621380846,אחוז הצבעה בקלפי
שריגים ליאון,1114,2.0,330,221,66.96969696969697,אחוז הצבעה בקלפי
שריד,126,1.0,399,288,72.18045112781954,אחוז הצבעה בקלפי
שריד,126,2.0,373,245,65.68364611260054,אחוז הצבעה בקלפי
שרשרת,398,1.0,280,211,75.35714285714286,אחוז הצבעה בקלפי
שתולה,1045,1.0,240,166,69.16666666666667,אחוז הצבעה בקלפי
שתולים,763,1.0,666,513,77.02702702702703,אחוז הצבעה בקלפי
שתולים,763,2.1,397,310,78.08564231738035,אחוז הצבעה בקלפי
שתולים,763,2.2,397,310,78.08564231738035,אחוז הצבעה בקלפי
תאשור,2062,1.0,309,223,72.168284789644,אחוז הצבעה בקלפי
תדהר,2061,1.0,440,329,74.77272727272727,אחוז הצבעה בקלפי
תובל,1172,1.0,324,196,60.49382716049383,אחוז הצבעה בקלפי
תומר,3558,1.0,254,197,77.55905511811024,אחוז הצבעה בקלפי
תושיה,1083,1.0,362,273,75.41436464088397,אחוז הצבעה בקלפי
תימורים,163,1.0,636,456,71.69811320754717,אחוז הצבעה בקלפי
תירוש,10,1.0,336,268,79.76190476190477,אחוז הצבעה בקלפי
תל אביב  יפו,5000,1.0,552,391,70.83333333333334,אחוז הצבעה בקלפי
תל אביב  יפו,5000,3.0,649,456,70.26194144838213,אחוז הצבעה בקלפי
תל אביב  יפו,5000,4.0,671,438,65.27570789865872,אחוז הצבעה בקלפי
תל אביב  יפו,5000,8.0,643,454,70.60653188180405,אחוז הצבעה בקלפי
תל אביב  יפו,5000,9.0,590,419,71.01694915254238,אחוז הצבעה בקלפי
תל אביב  יפו,5000,10.0,621,470,75.68438003220612,אחוז הצבעה בקלפי
תל אביב  יפו,5000,12.0,610,428,70.16393442622952,אחוז הצבעה בקלפי
תל אביב  יפו,5000,13.0,693,349,50.36075036075036,אחוז הצבעה בקלפי
תל אביב  יפו,5000,14.0,566,334,59.01060070671378,אחוז הצבעה בקלפי
תל אביב  יפו,5000,15.0,643,357,55.52099533437014,אחוז הצבעה בקלפי
תל אביב  יפו,5000,19.1,631,452,71.6323296354992,אחוז הצבעה בקלפי
תל אביב  יפו,5000,19.2,631,484,76.70364500792392,אחוז הצבעה בקלפי
תל אביב  יפו,5000,19.3,631,467,74.0095087163233,אחוז הצבעה בקלפי
תל אביב  יפו,5000,19.4,631,472,74.80190174326465,אחוז הצבעה בקלפי
תל אביב  יפו,5000,19.5,631,458,72.58320126782884,אחוז הצבעה בקלפי
תל אביב  יפו,5000,19.6,627,471,75.11961722488039,אחוז הצבעה בקלפי
תל אביב  יפו,5000,21.0,655,592,90.38167938931298,אחוז הצבעה בקלפי
תל אביב  יפו,5000,26.1,591,444,75.1269035532995,אחוז הצבעה בקלפי
תל אביב  יפו,5000,26.2,591,452,76.48054145516075,אחוז הצבעה בקלפי
תל אביב  יפו,5000,26.3,591,448,75.80372250423012,אחוז הצבעה בקלפי
תל אביב  יפו,5000,26.4,591,430,72.7580372250423,אחוז הצבעה בקלפי
תל אביב  יפו,5000,26.5,590,432,73.22033898305085,אחוז הצבעה בקלפי
תל אביב  יפו,5000,27.1,680,498,73.23529411764706,אחוז הצבעה בקלפי
תל אביב  יפו,5000,27.2,680,503,73.97058823529412,אחוז הצבעה בקלפי
תל אביב  יפו,5000,27.3,680,482,70.88235294117648,אחוז הצבעה בקלפי
תל אביב  יפו,5000,27.4,679,499,73.49042709867453,אחוז הצבעה בקלפי
תל אביב  יפו,5000,30.1,639,438,68.54460093896714,אחוז הצבעה בקלפי
תל אביב  יפו,5000,30.2,639,439,68.70109546165885,אחוז הצבעה בקלפי
תל אביב  יפו,5000,30.3,639,445,69.64006259780908,אחוז הצבעה בקלפי
תל אביב  יפו,5000,30.4,638,456,71.47335423197492,אחוז הצבעה בקלפי
תל אביב  יפו,5000,31.1,636,426,66.98113207547169,אחוז הצבעה בקלפי
תל אביב  יפו,5000,31.2,636,436,68.55345911949685,אחוז הצבעה בקלפי
תל אביב  יפו,5000,31.3,636,447,70.28301886792453,אחוז הצבעה בקלפי
תל אביב  יפו,5000,31.4,636,446,70.12578616352201,אחוז הצבעה בקלפי
תל אביב  יפו,5000,31.5,636,471,74.05660377358491,אחוז הצבעה בקלפי
תל אביב  יפו,5000,31.6,636,459,72.16981132075472,אחוז הצבעה בקלפי
תל אביב  יפו,5000,31.7,636,485,76.25786163522012,אחוז הצבעה בקלפי
תל אביב  יפו,5000,31.8,636,445,69.9685534591195,אחוז הצבעה בקלפי
תל אביב  יפו,5000,31.9,635,469,73.85826771653544,אחוז הצבעה בקלפי
תל אביב  יפו,5000,38.1,554,396,71.48014440433214,אחוז הצבעה בקלפי
תל אביב  יפו,5000,38.2,554,386,69.67509025270758,אחוז הצבעה בקלפי
תל אביב  יפו,5000,38.3,554,407,73.46570397111914,אחוז הצבעה בקלפי
תל אביב  יפו,5000,38.4,554,386,69.67509025270758,אחוז הצבעה בקלפי
תל אביב  יפו,5000,42.1,648,465,71.75925925925925,אחוז הצבעה בקלפי
תל אביב  יפו,5000,42.2,648,479,73.91975308641975,אחוז הצבעה בקלפי
תל אביב  יפו,5000,42.3,648,460,70.98765432098766,אחוז הצבעה בקלפי
תל אביב  יפו,5000,42.4,646,483,74.76780185758514,אחוז הצבעה בקלפי
תל אביב  יפו,5000,56.1,649,428,65.94761171032357,אחוז הצבעה בקלפי
תל אביב  יפו,5000,56.2,649,446,68.7211093990755,אחוז הצבעה בקלפי
תל אביב  יפו,5000,56.3,649,424,65.33127889060091,אחוז הצבעה בקלפי
תל אביב  יפו,5000,56.4,646,429,66.40866873065015,אחוז הצבעה בקלפי
תל אביב  יפו,5000,58.0,501,356,71.05788423153693,אחוז הצבעה בקלפי
תל אביב  יפו,5000,60.0,696,476,68.39080459770115,אחוז הצבעה בקלפי
תל אביב  יפו,5000,62.1,568,404,71.12676056338029,אחוז הצבעה בקלפי
תל אביב  יפו,5000,62.2,568,369,64.96478873239437,אחוז הצבעה בקלפי
תל אביב  יפו,5000,62.3,568,382,67.25352112676056,אחוז הצבעה בקלפי
תל אביב  יפו,5000,62.4,568,376,66.19718309859155,אחוז הצבעה בקלפי
תל אביב  יפו,5000,62.5,568,388,68.30985915492957,אחוז הצבעה בקלפי
תל אביב  יפו,5000,63.1,607,426,70.18121911037892,אחוז הצבעה בקלפי
תל אביב  יפו,5000,63.2,607,421,69.35749588138385,אחוז הצבעה בקלפי
תל אביב  יפו,5000,63.3,607,419,69.02800658978583,אחוז הצבעה בקלפי
תל אביב  יפו,5000,63.4,607,424,69.8517298187809,אחוז הצבעה בקלפי
תל אביב  יפו,5000,63.5,607,414,68.20428336079077,אחוז הצבעה בקלפי
תל אביב  יפו,5000,63.6,605,453,74.87603305785125,אחוז הצבעה בקלפי
תל אביב  יפו,5000,65.0,613,361,58.890701468189235,אחוז הצבעה בקלפי
תל אביב  יפו,5000,67.1,624,335,53.68589743589743,אחוז הצבעה בקלפי
תל אביב  יפו,5000,67.2,624,357,57.21153846153846,אחוז הצבעה בקלפי
תל אביב  יפו,5000,67.3,624,348,55.769230769230774,אחוז הצבעה בקלפי
תל אביב  יפו,5000,68.0,441,295,66.89342403628117,אחוז הצבעה בקלפי
תל אביב  יפו,5000,69.0,692,453,65.46242774566474,אחוז הצבעה בקלפי
תל אביב  יפו,5000,72.0,625,137,21.92,אחוז הצבעה בקלפי
תל אביב  יפו,5000,74.1,669,397,59.342301943198805,אחוז הצבעה בקלפי
תל אביב  יפו,5000,74.2,669,363,54.26008968609865,אחוז הצבעה בקלפי
תל אביב  יפו,5000,74.3,667,359,53.823088455772115,אחוז הצבעה בקלפי
תל אביב  יפו,5000,76.1,587,310,52.81090289608177,אחוז הצבעה בקלפי
תל אביב  יפו,5000,76.2,587,321,54.68483816013629,אחוז הצבעה בקלפי
תל אביב  יפו,5000,76.3,587,310,52.81090289608177,אחוז הצבעה בקלפי
תל אביב  יפו,5000,76.4,587,353,60.13628620102215,אחוז הצבעה בקלפי
תל אביב  יפו,5000,76.5,587,320,54.5144804088586,אחוז הצבעה בקלפי
תל אביב  יפו,5000,76.6,585,332,56.75213675213675,אחוז הצבעה בקלפי
תל אביב  יפו,5000,80.0,681,457,67.1071953010279,אחוז הצבעה בקלפי
תל אביב  יפו,5000,81.0,613,436,71.12561174551387,אחוז הצבעה בקלפי
תל אביב  יפו,5000,83.0,551,380,68.96551724137932,אחוז הצבעה בקלפי
תל אביב  יפו,5000,84.0,630,385,61.111111111111114,אחוז הצבעה בקלפי
תל אביב  יפו,5000,85.0,637,471,73.9403453689168,אחוז הצבעה בקלפי
תל אביב  יפו,5000,91.0,608,390,64.14473684210526,אחוז הצבעה בקלפי
תל אביב  יפו,5000,92.0,563,379,67.31793960923623,אחוז הצבעה בקלפי
תל אביב  יפו,5000,93.0,670,449,67.01492537313433,אחוז הצבעה בקלפי
תל אביב  יפו,5000,94.0,614,437,71.17263843648209,אחוז הצבעה בקלפי
תל אביב  יפו,5000,95.0,496,357,71.9758064516129,אחוז הצבעה בקלפי
תל אביב  יפו,5000,96.0,514,390,75.87548638132296,אחוז הצבעה בקלפי
תל אביב  יפו,5000,98.1,648,431,66.51234567901234,אחוז הצבעה בקלפי
תל אביב  יפו,5000,98.2,648,432,66.66666666666666,אחוז הצבעה בקלפי
תל אביב  יפו,5000,98.3,648,438,67.5925925925926,אחוז הצבעה בקלפי
תל אביב  יפו,5000,98.4,648,457,70.5246913580247,אחוז הצבעה בקלפי
תל אביב  יפו,5000,98.5,645,440,68.21705426356588,אחוז הצבעה בקלפי
תל אביב  יפו,5000,99.0,585,394,67.35042735042735,אחוז הצבעה בקלפי
תל אביב  יפו,5000,100.0,687,542,78.89374090247453,אחוז הצבעה בקלפי
תל אביב  יפו,5000,102.0,532,398,74.81203007518798,אחוז הצבעה בקלפי
תל אביב  יפו,5000,103.0,495,348,70.3030303030303,אחוז הצבעה בקלפי
תל אביב  יפו,5000,109.1,647,485,74.96136012364761,אחוז הצבעה בקלפי
תל אביב  יפו,5000,109.2,647,518,80.06182380216383,אחוז הצבעה בקלפי
תל אביב  יפו,5000,109.3,647,497,76.8160741885626,אחוז הצבעה בקלפי
תל אביב  יפו,5000,109.4,647,502,77.58887171561051,אחוז הצבעה בקלפי
תל אביב  יפו,5000,109.5,647,505,78.05255023183926,אחוז הצבעה בקלפי
תל אביב  יפו,5000,109.6,647,478,73.87944358578052,אחוז הצבעה בקלפי
תל אביב  יפו,5000,119.0,646,241,37.306501547987615,אחוז הצבעה בקלפי
תל אביב  יפו,5000,138.0,683,514,75.25622254758419,אחוז הצבעה בקלפי
תל אביב  יפו,5000,142.0,660,350,53.03030303030303,אחוז הצבעה בקלפי
תל אביב  יפו,5000,147.1,639,412,64.47574334898279,אחוז הצבעה בקלפי
תל אביב  יפו,5000,147.2,639,385,60.25039123630673,אחוז הצבעה בקלפי
תל אביב  יפו,5000,147.3,639,388,60.719874804381845,אחוז הצבעה בקלפי
תל אביב  יפו,5000,147.4,639,406,63.53677621283255,אחוז הצבעה בקלפי
תל אביב  יפו,5000,147.5,639,383,59.937402190923315,אחוז הצבעה בקלפי
תל אביב  יפו,5000,147.6,635,407,64.09448818897637,אחוז הצבעה בקלפי
תל אביב  יפו,5000,155.1,658,476,72.3404255319149,אחוז הצבעה בקלפי
תל אביב  יפו,5000,155.2,658,467,70.9726443768997,אחוז הצבעה בקלפי
תל אביב  יפו,5000,155.3,658,468,71.12462006079028,אחוז הצבעה בקלפי
תל אביב  יפו,5000,155.4,658,463,70.36474164133737,אחוז הצבעה בקלפי
תל אביב  יפו,5000,155.5,658,467,70.9726443768997,אחוז הצבעה בקלפי
תל אביב  יפו,5000,155.6,658,479,72.79635258358662,אחוז הצבעה בקלפי
תל אביב  יפו,5000,155.7,658,454,68.9969604863222,אחוז הצבעה בקלפי
תל אביב  יפו,5000,155.8,657,512,77.92998477929984,אחוז הצבעה בקלפי
תל אביב  יפו,5000,159.0,566,315,55.65371024734982,אחוז הצבעה בקלפי
תל אביב  יפו,5000,160.1,668,399,59.73053892215569,אחוז הצבעה בקלפי
תל אביב  יפו,5000,160.2,668,407,60.928143712574844,אחוז הצבעה בקלפי
תל אביב  יפו,5000,160.3,668,445,66.61676646706587,אחוז הצבעה בקלפי
תל אביב  יפו,5000,160.4,668,395,59.13173652694611,אחוז הצבעה בקלפי
תל אביב  יפו,5000,160.5,668,401,60.02994011976048,אחוז הצבעה בקלפי
תל אביב  יפו,5000,169.1,547,348,63.61974405850091,אחוז הצבעה בקלפי
תל אביב  יפו,5000,169.2,547,355,64.89945155393053,אחוז הצבעה בקלפי
תל אביב  יפו,5000,169.3,547,339,61.97440585009141,אחוז הצבעה בקלפי
תל אביב  יפו,5000,179.0,590,375,63.559322033898304,אחוז הצבעה בקלפי
תל אביב  יפו,5000,180.0,564,361,64.00709219858156,אחוז הצבעה בקלפי
תל אביב  יפו,5000,181.0,641,420,65.52262090483619,אחוז הצבעה בקלפי
תל אביב  יפו,5000,182.0,624,378,60.57692307692307,אחוז הצבעה בקלפי
תל אביב  יפו,5000,189.0,691,486,70.33285094066571,אחוז הצבעה בקלפי
תל אביב  יפו,5000,190.0,679,477,70.25036818851251,אחוז הצבעה בקלפי
תל אביב  יפו,5000,191.0,533,365,68.48030018761726,אחוז הצבעה בקלפי
תל אביב  יפו,5000,193.1,613,416,67.86296900489397,אחוז הצבעה בקלפי
תל אביב  יפו,5000,193.2,613,415,67.69983686786297,אחוז הצבעה בקלפי
תל אביב  יפו,5000,193.3,613,415,67.69983686786297,אחוז הצבעה בקלפי
תל אביב  יפו,5000,193.4,613,427,69.65742251223492,אחוז הצבעה בקלפי
תל אביב  יפו,5000,193.5,610,417,68.36065573770492,אחוז הצבעה בקלפי
תל אביב  יפו,5000,194.0,608,398,65.46052631578947,אחוז הצבעה בקלפי
תל אביב  יפו,5000,197.0,592,404,68.24324324324324,אחוז הצבעה בקלפי
תל אביב  יפו,5000,226.0,693,499,72.005772005772,אחוז הצבעה בקלפי
תל אביב  יפו,5000,227.1,689,475,68.94049346879537,אחוז הצבעה בקלפי
תל אביב  יפו,5000,227.2,689,499,72.42380261248186,אחוז הצבעה בקלפי
תל אביב  יפו,5000,227.3,689,487,70.68214804063861,אחוז הצבעה בקלפי
תל אביב  יפו,5000,227.4,689,480,69.66618287373004,אחוז הצבעה בקלפי
תל אביב  יפו,5000,227.5,686,486,70.8454810495627,אחוז הצבעה בקלפי
תל אביב  יפו,5000,229.1,634,481,75.86750788643532,אחוז הצבעה בקלפי
תל אביב  יפו,5000,229.2,634,490,77.28706624605678,אחוז הצבעה בקלפי
תל אביב  יפו,5000,229.3,634,444,70.03154574132492,אחוז הצבעה בקלפי
תל אביב  יפו,5000,229.4,634,470,74.13249211356468,אחוז הצבעה בקלפי
תל אביב  יפו,5000,229.5,634,476,75.0788643533123,אחוז הצבעה בקלפי
תל אביב  יפו,5000,229.6,634,458,72.2397476340694,אחוז הצבעה בקלפי
תל אביב  יפו,5000,230.1,694,452,65.12968299711815,אחוז הצבעה בקלפי
תל אביב  יפו,5000,230.2,694,459,66.13832853025937,אחוז הצבעה בקלפי
תל אביב  יפו,5000,230.3,694,498,71.75792507204612,אחוז הצבעה בקלפי
תל אביב  יפו,5000,230.4,694,494,71.18155619596543,אחוז הצבעה בקלפי
תל אביב  יפו,5000,230.5,694,467,67.29106628242076,אחוז הצבעה בקלפי
תל אביב  יפו,5000,230.6,689,463,67.19883889695211,אחוז הצבעה בקלפי
תל אביב  יפו,5000,232.0,507,329,64.89151873767258,אחוז הצבעה בקלפי
תל אביב  יפו,5000,233.0,650,481,74.0,אחוז הצבעה בקלפי
תל אביב  יפו,5000,276.0,579,456,78.75647668393782,אחוז הצבעה בקלפי
תל אביב  יפו,5000,306.0,566,423,74.73498233215548,אחוז הצבעה בקלפי
תל אביב  יפו,5000,311.1,635,482,75.90551181102362,אחוז הצבעה בקלפי
תל אביב  יפו,5000,311.2,635,458,72.1259842519685,אחוז הצבעה בקלפי
תל אביב  יפו,5000,311.3,635,472,74.33070866141732,אחוז הצבעה בקלפי
תל אביב  יפו,5000,311.4,635,507,79.84251968503938,אחוז הצבעה בקלפי
תל אביב  יפו,5000,311.5,635,462,72.75590551181102,אחוז הצבעה בקלפי
תל אביב  יפו,5000,311.6,635,477,75.11811023622047,אחוז הצבעה בקלפי
תל אביב  יפו,5000,311.7,635,490,77.16535433070865,אחוז הצבעה בקלפי
תל אביב  יפו,5000,346.0,606,434,71.61716171617162,אחוז הצבעה בקלפי
תל אביב  יפו,5000,399.0,551,433,78.58439201451905,אחוז הצבעה בקלפי
תל אביב  יפו,5000,601.0,632,464,73.41772151898735,אחוז הצבעה בקלפי
תל אביב  יפו,5000,602.1,625,463,74.08,אחוז הצבעה בקלפי
תל אביב  יפו,5000,602.2,625,429,68.64,אחוז הצבעה בקלפי
תל אביב  יפו,5000,602.3,625,448,71.67999999999999,אחוז הצבעה בקלפי
תל אביב  יפו,5000,602.4,625,459,73.44000000000001,אחוז הצבעה בקלפי
תל אביב  יפו,5000,602.5,625,462,73.92,אחוז הצבעה בקלפי
תל אביב  יפו,5000,602.6,625,440,70.39999999999999,אחוז הצבעה בקלפי
תל אביב  יפו,5000,602.7,625,458,73.28,אחוז הצבעה בקלפי
תל אביב  יפו,5000,602.8,625,433,69.28,אחוז הצבעה בקלפי
תל אביב  יפו,5000,602.9,622,429,68.97106109324758,אחוז הצבעה בקלפי
תל אביב  יפו,5000,950.1,539,344,63.821892393320965,אחוז הצבעה בקלפי
תל אביב  יפו,5000,950.2,539,356,66.04823747680891,אחוז הצבעה בקלפי
תל אביב  יפו,5000,950.3,537,346,64.43202979515829,אחוז הצבעה בקלפי
תל אביב  יפו,5000,952.1,638,430,67.39811912225704,אחוז הצבעה בקלפי
תל אביב  יפו,5000,952.2,638,468,73.35423197492163,אחוז הצבעה בקלפי
תל אביב  יפו,5000,952.3,638,433,67.86833855799374,אחוז הצבעה בקלפי
תל אביב  יפו,5000,952.4,638,423,66.30094043887146,אחוז הצבעה בקלפי
תל אביב  יפו,5000,952.5,638,443,69.43573667711598,אחוז הצבעה בקלפי
תל אביב  יפו,5000,952.6,638,458,71.78683385579937,אחוז הצבעה בקלפי
תל אביב  יפו,5000,952.7,638,434,68.02507836990596,אחוז הצבעה בקלפי
תל אביב  יפו,5000,952.8,632,451,71.36075949367088,אחוז הצבעה בקלפי
תל אביב  יפו,5000,954.1,541,325,60.0739371534196,אחוז הצבעה בקלפי
תל אביב  יפו,5000,954.2,541,356,65.80406654343808,אחוז הצבעה בקלפי
תל אביב  יפו,5000,954.3,539,335,62.152133580705005,אחוז הצבעה בקלפי
תל אביב  יפו,5000,956.0,610,434,71.14754098360656,אחוז הצבעה בקלפי
תל אביב  יפו,5000,118.1,670,331,49.40298507462686,אחוז הצבעה בקלפי
תל אביב  יפו,5000,118.2,670,362,54.02985074626866,אחוז הצבעה בקלפי
תל אביב  יפו,5000,118.3,670,335,50.0,אחוז הצבעה בקלפי
תל אביב  יפו,5000,118.4,670,316,47.16417910447761,אחוז הצבעה בקלפי
תל אביב  יפו,5000,118.5,670,327,48.80597014925373,אחוז הצבעה בקלפי
תל אביב  יפו,5000,118.6,666,342,51.35135135135135,אחוז הצבעה בקלפי
תל אביב  יפו,5000,128.1,632,329,52.05696202531646,אחוז הצבעה בקלפי
תל אביב  יפו,5000,128.2,632,313,49.5253164556962,אחוז הצבעה בקלפי
תל אביב  יפו,5000,128.3,632,327,51.74050632911392,אחוז הצבעה בקלפי
תל אביב  יפו,5000,128.4,632,301,47.62658227848101,אחוז הצבעה בקלפי
תל אביב  יפו,5000,128.5,632,325,51.42405063291139,אחוז הצבעה בקלפי
תל אביב  יפו,5000,128.6,627,332,52.95055821371611,אחוז הצבעה בקלפי
תל אביב  יפו,5000,130.0,686,367,53.498542274052475,אחוז הצבעה בקלפי
תל אביב  יפו,5000,131.0,694,419,60.37463976945246,אחוז הצבעה בקלפי
תל אביב  יפו,5000,132.0,522,290,55.55555555555556,אחוז הצבעה בקלפי
תל אביב  יפו,5000,134.0,533,309,57.97373358348968,אחוז הצבעה בקלפי
תל אביב  יפו,5000,137.0,563,316,56.12788632326821,אחוז הצבעה בקלפי
תל אביב  יפו,5000,149.1,585,330,56.41025641025641,אחוז הצבעה בקלפי
תל אביב  יפו,5000,149.2,585,343,58.63247863247864,אחוז הצבעה בקלפי
תל אביב  יפו,5000,149.3,585,331,56.58119658119658,אחוז הצבעה בקלפי
תל אביב  יפו,5000,149.4,582,358,61.512027491408936,אחוז הצבעה בקלפי
תל אביב  יפו,5000,151.0,462,241,52.16450216450217,אחוז הצבעה בקלפי
תל אביב  יפו,5000,152.0,599,339,56.594323873121866,אחוז הצבעה בקלפי
תל אביב  יפו,5000,166.1,636,422,66.35220125786164,אחוז הצבעה בקלפי
תל אביב  יפו,5000,166.2,636,402,63.20754716981132,אחוז הצבעה בקלפי
תל אביב  יפו,5000,166.3,636,413,64.937106918239,אחוז הצבעה בקלפי
תל אביב  יפו,5000,166.4,636,391,61.47798742138365,אחוז הצבעה בקלפי
תל אביב  יפו,5000,166.5,636,390,61.32075471698113,אחוז הצבעה בקלפי
תל אביב  יפו,5000,166.6,636,411,64.62264150943396,אחוז הצבעה בקלפי
תל אביב  יפו,5000,174.0,636,404,63.52201257861635,אחוז הצבעה בקלפי
תל אביב  יפו,5000,175.0,638,393,61.59874608150471,אחוז הצבעה בקלפי
תל אביב  יפו,5000,202.0,692,444,64.16184971098265,אחוז הצבעה בקלפי
תל אביב  יפו,5000,203.0,634,411,64.82649842271293,אחוז הצבעה בקלפי
תל אביב  יפו,5000,204.1,605,411,67.93388429752066,אחוז הצבעה בקלפי
תל אביב  יפו,5000,204.2,605,395,65.28925619834712,אחוז הצבעה בקלפי
תל אביב  יפו,5000,204.3,605,394,65.12396694214875,אחוז הצבעה בקלפי
תל אביב  יפו,5000,204.4,602,401,66.61129568106313,אחוז הצבעה בקלפי
תל אביב  יפו,5000,206.0,486,328,67.48971193415639,אחוז הצבעה בקלפי
תל אביב  יפו,5000,207.0,632,395,62.5,אחוז הצבעה בקלפי
תל אביב  יפו,5000,208.0,468,293,62.60683760683761,אחוז הצבעה בקלפי
תל אביב  יפו,5000,209.0,524,352,67.17557251908397,אחוז הצבעה בקלפי
תל אביב  יפו,5000,211.0,499,251,50.300601202404806,אחוז הצבעה בקלפי
תל אביב  יפו,5000,212.1,609,379,62.23316912972086,אחוז הצבעה בקלפי
תל אביב  יפו,5000,212.2,609,379,62.23316912972086,אחוז הצבעה בקלפי
תל אביב  יפו,5000,212.3,609,406,66.66666666666666,אחוז הצבעה בקלפי
תל אביב  יפו,5000,212.4,609,380,62.39737274220033,אחוז הצבעה בקלפי
תל אביב  יפו,5000,212.5,609,355,58.29228243021346,אחוז הצבעה בקלפי
תל אביב  יפו,5000,212.6,607,396,65.23887973640856,אחוז הצבעה בקלפי
תל אביב  יפו,5000,216.0,599,393,65.6093489148581,אחוז הצבעה בקלפי
תל אביב  יפו,5000,217.0,538,354,65.79925650557621,אחוז הצבעה בקלפי
תל אביב  יפו,5000,220.0,651,454,69.73886328725038,אחוז הצבעה בקלפי
תל אביב  יפו,5000,223.0,498,368,73.89558232931726,אחוז הצבעה בקלפי
תל אביב  יפו,5000,225.0,491,310,63.13645621181263,אחוז הצבעה בקלפי
תל אביב  יפו,5000,231.0,618,367,59.385113268608414,אחוז הצבעה בקלפי
תל אביב  יפו,5000,234.0,643,416,64.69673405909798,אחוז הצבעה בקלפי
תל אביב  יפו,5000,236.1,616,352,57.14285714285714,אחוז הצבעה בקלפי
תל אביב  יפו,5000,236.2,616,381,61.850649350649356,אחוז הצבעה בקלפי
תל אביב  יפו,5000,236.3,616,375,60.87662337662337,אחוז הצבעה בקלפי
תל אביב  יפו,5000,236.4,616,388,62.98701298701299,אחוז הצבעה בקלפי
תל אביב  יפו,5000,236.5,616,366,59.41558441558441,אחוז הצבעה בקלפי
תל אביב  יפו,5000,237.1,578,344,59.515570934256054,אחוז הצבעה בקלפי
תל אביב  יפו,5000,237.2,578,345,59.688581314878896,אחוז הצבעה בקלפי
תל אביב  יפו,5000,237.3,578,327,56.57439446366782,אחוז הצבעה בקלפי
תל אביב  יפו,5000,237.4,578,328,56.747404844290664,אחוז הצבעה בקלפי
תל אביב  יפו,5000,237.5,576,342,59.375,אחוז הצבעה בקלפי
תל אביב  יפו,5000,246.0,581,376,64.71600688468159,אחוז הצבעה בקלפי
תל אביב  יפו,5000,247.0,663,430,64.85671191553544,אחוז הצבעה בקלפי
תל אביב  יפו,5000,248.0,627,438,69.85645933014354,אחוז הצבעה בקלפי
תל אביב  יפו,5000,250.0,673,458,68.05349182763744,אחוז הצבעה בקלפי
תל אביב  יפו,5000,254.0,601,344,57.237936772046595,אחוז הצבעה בקלפי
תל אביב  יפו,5000,256.0,574,403,70.20905923344948,אחוז הצבעה בקלפי
תל אביב  יפו,5000,257.0,544,391,71.875,אחוז הצבעה בקלפי
תל אביב  יפו,5000,261.0,528,356,67.42424242424242,אחוז הצבעה בקלפי
תל אביב  יפו,5000,274.0,466,343,73.60515021459227,אחוז הצבעה בקלפי
תל אביב  יפו,5000,277.1,692,419,60.54913294797688,אחוז הצבעה בקלפי
תל אביב  יפו,5000,277.2,692,413,59.6820809248555,אחוז הצבעה בקלפי
תל אביב  יפו,5000,277.3,692,426,61.5606936416185,אחוז הצבעה בקלפי
תל אביב  יפו,5000,277.4,692,420,60.69364161849711,אחוז הצבעה בקלפי
תל אביב  יפו,5000,277.5,692,381,55.057803468208085,אחוז הצבעה בקלפי
תל אביב  יפו,5000,277.6,692,402,58.092485549132945,אחוז הצבעה בקלפי
תל אביב  יפו,5000,287.1,693,424,61.18326118326118,אחוז הצבעה בקלפי
תל אביב  יפו,5000,287.2,693,410,59.16305916305916,אחוז הצבעה בקלפי
תל אביב  יפו,5000,287.3,693,379,54.689754689754686,אחוז הצבעה בקלפי
תל אביב  יפו,5000,287.4,692,433,62.57225433526011,אחוז הצבעה בקלפי
תל אביב  יפו,5000,288.1,521,288,55.27831094049904,אחוז הצבעה בקלפי
תל אביב  יפו,5000,288.2,521,310,59.50095969289827,אחוז הצבעה בקלפי
תל אביב  יפו,5000,288.3,521,295,56.62188099808061,אחוז הצבעה בקלפי
תל אביב  יפו,5000,288.4,521,304,58.34932821497121,אחוז הצבעה בקלפי
תל אביב  יפו,5000,288.5,521,268,51.439539347408825,אחוז הצבעה בקלפי
תל אביב  יפו,5000,288.6,516,279,54.06976744186046,אחוז הצבעה בקלפי
תל אביב  יפו,5000,290.0,690,333,48.26086956521739,אחוז הצבעה בקלפי
תל אביב  יפו,5000,291.1,665,331,49.774436090225564,אחוז הצבעה בקלפי
תל אביב  יפו,5000,291.2,665,335,50.37593984962406,אחוז הצבעה בקלפי
תל אביב  יפו,5000,291.3,665,363,54.58646616541354,אחוז הצבעה בקלפי
תל אביב  יפו,5000,291.4,665,332,49.92481203007519,אחוז הצבעה בקלפי
תל אביב  יפו,5000,291.5,663,350,52.79034690799397,אחוז הצבעה בקלפי
תל אביב  יפו,5000,323.1,614,311,50.65146579804561,אחוז הצבעה בקלפי
תל אביב  יפו,5000,323.2,614,296,48.20846905537459,אחוז הצבעה בקלפי
תל אביב  יפו,5000,323.3,614,276,44.951140065146575,אחוז הצבעה בקלפי
תל אביב  יפו,5000,323.4,614,324,52.76872964169381,אחוז הצבעה בקלפי
תל אביב  יפו,5000,323.5,614,274,44.62540716612378,אחוז הצבעה בקלפי
תל אביב  יפו,5000,323.6,614,298,48.534201954397396,אחוז הצבעה בקלפי
תל אביב  יפו,5000,323.7,614,283,46.09120521172638,אחוז הצבעה בקלפי
תל אביב  יפו,5000,323.8,610,344,56.393442622950815,אחוז הצבעה בקלפי
תל אביב  יפו,5000,326.1,677,336,49.63072378138848,אחוז הצבעה בקלפי
תל אביב  יפו,5000,326.2,677,330,48.74446085672083,אחוז הצבעה בקלפי
תל אביב  יפו,5000,326.3,677,343,50.66469719350074,אחוז הצבעה בקלפי
תל אביב  יפו,5000,326.4,677,336,49.63072378138848,אחוז הצבעה בקלפי
תל אביב  יפו,5000,326.5,676,323,47.781065088757394,אחוז הצבעה בקלפי
תל אביב  יפו,5000,338.1,532,262,49.24812030075188,אחוז הצבעה בקלפי
תל אביב  יפו,5000,338.2,532,257,48.30827067669173,אחוז הצבעה בקלפי
תל אביב  יפו,5000,338.3,532,245,46.05263157894737,אחוז הצבעה בקלפי
תל אביב  יפו,5000,338.4,532,267,50.18796992481202,אחוז הצבעה בקלפי
תל אביב  יפו,5000,338.5,532,242,45.48872180451128,אחוז הצבעה בקלפי
תל אביב  יפו,5000,338.6,532,243,45.67669172932331,אחוז הצבעה בקלפי
תל אביב  יפו,5000,338.7,532,248,46.616541353383454,אחוז הצבעה בקלפי
תל אביב  יפו,5000,338.8,525,263,50.095238095238095,אחוז הצבעה בקלפי
תל אביב  יפו,5000,339.1,696,358,51.43678160919541,אחוז הצבעה בקלפי
תל אביב  יפו,5000,339.2,696,369,53.01724137931034,אחוז הצבעה בקלפי
תל אביב  יפו,5000,339.3,696,349,50.143678160919535,אחוז הצבעה בקלפי
תל אביב  יפו,5000,339.4,695,365,52.51798561151079,אחוז הצבעה בקלפי
תל אביב  יפו,5000,364.1,687,390,56.76855895196506,אחוז הצבעה בקלפי
תל אביב  יפו,5000,364.2,687,404,58.806404657933044,אחוז הצבעה בקלפי
תל אביב  יפו,5000,364.3,687,364,52.9839883551674,אחוז הצבעה בקלפי
תל אביב  יפו,5000,364.4,687,383,55.74963609898108,אחוז הצבעה בקלפי
תל אביב  יפו,5000,364.5,687,404,58.806404657933044,אחוז הצבעה בקלפי
תל אביב  יפו,5000,364.6,687,371,54.00291120815138,אחוז הצבעה בקלפי
תל אביב  יפו,5000,364.7,687,357,51.96506550218341,אחוז הצבעה בקלפי
תל אביב  יפו,5000,364.8,687,379,55.167394468704515,אחוז הצבעה בקלפי
תל אביב  יפו,5000,364.9,685,408,59.56204379562043,אחוז הצבעה בקלפי
תל אביב  יפו,5000,367.0,606,351,57.920792079207914,אחוז הצבעה בקלפי
תל אביב  יפו,5000,368.0,498,252,50.602409638554214,אחוז הצבעה בקלפי
תל אביב  יפו,5000,369.0,475,277,58.31578947368421,אחוז הצבעה בקלפי
תל אביב  יפו,5000,378.1,547,290,53.016453382084094,אחוז הצבעה בקלפי
תל אביב  יפו,5000,378.2,547,290,53.016453382084094,אחוז הצבעה בקלפי
תל אביב  יפו,5000,378.3,547,305,55.758683729433265,אחוז הצבעה בקלפי
תל אביב  יפו,5000,378.4,547,270,49.36014625228519,אחוז הצבעה בקלפי
תל אביב  יפו,5000,378.5,547,275,50.27422303473492,אחוז הצבעה בקלפי
תל אביב  יפו,5000,378.6,547,317,57.95246800731262,אחוז הצבעה בקלפי
תל אביב  יפו,5000,387.1,597,348,58.291457286432156,אחוז הצבעה בקלפי
תל אביב  יפו,5000,387.2,597,332,55.61139028475712,אחוז הצבעה בקלפי
תל אביב  יפו,5000,387.3,597,367,61.47403685092128,אחוז הצבעה בקלפי
תל אביב  יפו,5000,387.4,597,348,58.291457286432156,אחוז הצבעה בקלפי
תל אביב  יפו,5000,387.5,597,343,57.45393634840871,אחוז הצבעה בקלפי
תל אביב  יפו,5000,387.6,594,380,63.97306397306397,אחוז הצבעה בקלפי
תל אביב  יפו,5000,391.1,562,353,62.811387900355875,אחוז הצבעה בקלפי
תל אביב  יפו,5000,391.2,562,360,64.05693950177937,אחוז הצבעה בקלפי
תל אביב  יפו,5000,391.3,562,358,63.70106761565836,אחוז הצבעה בקלפי
תל אביב  יפו,5000,391.4,562,343,61.032028469750884,אחוז הצבעה בקלפי
תל אביב  יפו,5000,391.5,559,343,61.35957066189624,אחוז הצבעה בקלפי
תל אביב  יפו,5000,398.1,633,350,55.29225908372828,אחוז הצבעה בקלפי
תל אביב  יפו,5000,398.2,633,353,55.76619273301737,אחוז הצבעה בקלפי
תל אביב  יפו,5000,398.3,633,364,57.50394944707741,אחוז הצבעה בקלפי
תל אביב  יפו,5000,398.4,633,383,60.505529225908376,אחוז הצבעה בקלפי
תל אביב  יפו,5000,398.5,633,336,53.08056872037915,אחוז הצבעה בקלפי
תל אביב  יפו,5000,398.6,633,340,53.712480252764614,אחוז הצבעה בקלפי
תל אביב  יפו,5000,398.7,627,380,60.60606060606061,אחוז הצבעה בקלפי
תל אביב  יפו,5000,427.1,668,418,62.5748502994012,אחוז הצבעה בקלפי
תל אביב  יפו,5000,427.2,668,405,60.62874251497006,אחוז הצבעה בקלפי
תל אביב  יפו,5000,427.3,668,406,60.778443113772454,אחוז הצבעה בקלפי
תל אביב  יפו,5000,427.4,668,408,61.07784431137725,אחוז הצבעה בקלפי
תל אביב  יפו,5000,427.5,668,433,64.82035928143712,אחוז הצבעה בקלפי
תל אביב  יפו,5000,427.6,668,384,57.48502994011976,אחוז הצבעה בקלפי
תל אביב  יפו,5000,427.7,666,436,65.46546546546547,אחוז הצבעה בקלפי
תל אביב  יפו,5000,443.1,549,295,53.73406193078324,אחוז הצבעה בקלפי
תל אביב  יפו,5000,443.2,549,306,55.73770491803278,אחוז הצבעה בקלפי
תל אביב  יפו,5000,443.3,549,309,56.284153005464475,אחוז הצבעה בקלפי
תל אביב  יפו,5000,443.4,547,276,50.45703839122486,אחוז הצבעה בקלפי
תל אביב  יפו,5000,446.1,680,413,60.73529411764705,אחוז הצבעה בקלפי
תל אביב  יפו,5000,446.2,680,380,55.88235294117647,אחוז הצבעה בקלפי
תל אביב  יפו,5000,446.3,680,389,57.205882352941174,אחוז הצבעה בקלפי
תל אביב  יפו,5000,446.4,680,436,64.11764705882354,אחוז הצבעה בקלפי
תל אביב  יפו,5000,448.1,607,283,46.62273476112026,אחוז הצבעה בקלפי
תל אביב  יפו,5000,448.2,607,289,47.61120263591433,אחוז הצבעה בקלפי
תל אביב  יפו,5000,448.3,607,252,41.51565074135091,אחוז הצבעה בקלפי
תל אביב  יפו,5000,448.4,605,253,41.81818181818181,אחוז הצבעה בקלפי
תל אביב  יפו,5000,451.1,672,260,38.69047619047619,אחוז הצבעה בקלפי
תל אביב  יפו,5000,451.2,672,259,38.54166666666667,אחוז הצבעה בקלפי
תל אביב  יפו,5000,451.3,672,274,40.773809523809526,אחוז הצבעה בקלפי
תל אביב  יפו,5000,451.4,672,224,33.33333333333333,אחוז הצבעה בקלפי
תל אביב  יפו,5000,451.5,671,230,34.277198211624444,אחוז הצבעה בקלפי
תל אביב  יפו,5000,452.1,651,271,41.62826420890937,אחוז הצבעה בקלפי
תל אביב  יפו,5000,452.2,651,272,41.78187403993856,אחוז הצבעה בקלפי
תל אביב  יפו,5000,452.3,651,273,41.935483870967744,אחוז הצבעה בקלפי
תל אביב  יפו,5000,452.4,651,272,41.78187403993856,אחוז הצבעה בקלפי
תל אביב  יפו,5000,452.5,651,319,49.0015360983103,אחוז הצבעה בקלפי
תל אביב  יפו,5000,452.6,651,259,39.784946236559136,אחוז הצבעה בקלפי
תל אביב  יפו,5000,452.7,651,262,40.2457757296467,אחוז הצבעה בקלפי
תל אביב  יפו,5000,452.8,651,245,37.634408602150536,אחוז הצבעה בקלפי
תל אביב  יפו,5000,452.9,649,300,46.22496147919877,אחוז הצבעה בקלפי
תל אביב  יפו,5000,458.1,526,279,53.041825095057035,אחוז הצבעה בקלפי
תל אביב  יפו,5000,458.2,526,290,55.13307984790875,אחוז הצבעה בקלפי
תל אביב  יפו,5000,458.3,526,286,54.372623574144484,אחוז הצבעה בקלפי
תל אביב  יפו,5000,458.4,523,288,55.06692160611855,אחוז הצבעה בקלפי
תל אביב  יפו,5000,618.1,638,366,57.36677115987461,אחוז הצבעה בקלפי
תל אביב  יפו,5000,618.2,638,372,58.307210031347964,אחוז הצבעה בקלפי
תל אביב  יפו,5000,618.3,638,361,56.58307210031348,אחוז הצבעה בקלפי
תל אביב  יפו,5000,618.4,638,378,59.24764890282132,אחוז הצבעה בקלפי
תל אביב  יפו,5000,618.5,638,402,63.00940438871473,אחוז הצבעה בקלפי
תל אביב  יפו,5000,618.6,638,357,55.956112852664575,אחוז הצבעה בקלפי
תל אביב  יפו,5000,618.7,638,361,56.58307210031348,אחוז הצבעה בקלפי
תל אביב  יפו,5000,618.8,638,356,55.79937304075236,אחוז הצבעה בקלפי
תל אביב  יפו,5000,618.9,632,383,60.60126582278481,אחוז הצבעה בקלפי
תל אביב  יפו,5000,958.0,422,284,67.29857819905213,אחוז הצבעה בקלפי
תל אביב  יפו,5000,273.0,539,353,65.49165120593692,אחוז הצבעה בקלפי
תל אביב  יפו,5000,582.1,627,252,40.19138755980861,אחוז הצבעה בקלפי
תל אביב  יפו,5000,582.2,627,251,40.03189792663477,אחוז הצבעה בקלפי
תל אביב  יפו,5000,582.3,627,228,36.36363636363637,אחוז הצבעה בקלפי
תל אביב  יפו,5000,582.4,627,244,38.91547049441787,אחוז הצבעה בקלפי
תל אביב  יפו,5000,582.5,627,229,36.52312599681021,אחוז הצבעה בקלפי
תל אביב  יפו,5000,582.6,627,253,40.35087719298245,אחוז הצבעה בקלפי
תל אביב  יפו,5000,585.1,599,202,33.7228714524207,אחוז הצבעה בקלפי
תל אביב  יפו,5000,585.2,599,196,32.7212020033389,אחוז הצבעה בקלפי
תל אביב  יפו,5000,585.3,599,165,27.545909849749584,אחוז הצבעה בקלפי
תל אביב  יפו,5000,585.4,599,204,34.05676126878131,אחוז הצבעה בקלפי
תל אביב  יפו,5000,585.5,599,178,29.716193656093488,אחוז הצבעה בקלפי
תל אביב  יפו,5000,585.6,610,178,29.18032786885246,אחוז הצבעה בקלפי
תל אביב  יפו,5000,632.1,684,489,71.49122807017544,אחוז הצבעה בקלפי
תל אביב  יפו,5000,632.2,683,487,71.30307467057101,אחוז הצבעה בקלפי
תל אביב  יפו,5000,635.1,628,450,71.656050955414,אחוז הצבעה בקלפי
תל אביב  יפו,5000,635.2,628,462,73.56687898089172,אחוז הצבעה בקלפי
תל אביב  יפו,5000,635.3,628,449,71.4968152866242,אחוז הצבעה בקלפי
תל אביב  יפו,5000,635.4,628,458,72.92993630573248,אחוז הצבעה בקלפי
תל אביב  יפו,5000,635.5,628,440,70.06369426751591,אחוז הצבעה בקלפי
תל אביב  יפו,5000,635.6,628,449,71.4968152866242,אחוז הצבעה בקלפי
תל אביב  יפו,5000,635.7,623,451,72.3916532905297,אחוז הצבעה בקלפי
תל אביב  יפו,5000,638.0,652,510,78.22085889570552,אחוז הצבעה בקלפי
תל אביב  יפו,5000,641.0,668,493,73.80239520958084,אחוז הצבעה בקלפי
תל אביב  יפו,5000,642.0,574,332,57.8397212543554,אחוז הצבעה בקלפי
תל אביב  יפו,5000,644.0,582,412,70.79037800687286,אחוז הצבעה בקלפי
תל אביב  יפו,5000,645.0,579,394,68.04835924006909,אחוז הצבעה בקלפי
תל אביב  יפו,5000,646.0,624,415,66.50641025641025,אחוז הצבעה בקלפי
תל אביב  יפו,5000,647.1,599,418,69.78297161936561,אחוז הצבעה בקלפי
תל אביב  יפו,5000,647.2,599,415,69.2821368948247,אחוז הצבעה בקלפי
תל אביב  יפו,5000,647.3,599,421,70.2838063439065,אחוז הצבעה בקלפי
תל אביב  יפו,5000,647.4,599,395,65.9432387312187,אחוז הצבעה בקלפי
תל אביב  יפו,5000,647.5,597,429,71.85929648241206,אחוז הצבעה בקלפי
תל אביב  יפו,5000,661.0,417,284,68.10551558752998,אחוז הצבעה בקלפי
תל אביב  יפו,5000,662.0,626,427,68.21086261980831,אחוז הצבעה בקלפי
תל אביב  יפו,5000,663.0,504,249,49.404761904761905,אחוז הצבעה בקלפי
תל אביב  יפו,5000,664.0,636,338,53.144654088050316,אחוז הצבעה בקלפי
תל אביב  יפו,5000,665.0,662,461,69.63746223564955,אחוז הצבעה בקלפי
תל אביב  יפו,5000,666.0,664,463,69.7289156626506,אחוז הצבעה בקלפי
תל אביב  יפו,5000,667.0,564,325,57.62411347517731,אחוז הצבעה בקלפי
תל אביב  יפו,5000,668.0,542,309,57.01107011070111,אחוז הצבעה בקלפי
תל אביב  יפו,5000,669.0,648,218,33.641975308641975,אחוז הצבעה בקלפי
תל אביב  יפו,5000,670.0,615,432,70.24390243902438,אחוז הצבעה בקלפי
תל אביב  יפו,5000,671.0,478,317,66.31799163179917,אחוז הצבעה בקלפי
תל אביב  יפו,5000,672.0,568,411,72.35915492957746,אחוז הצבעה בקלפי
תל אביב  יפו,5000,673.0,590,374,63.389830508474574,אחוז הצבעה בקלפי
תל אביב  יפו,5000,674.0,591,369,62.43654822335025,אחוז הצבעה בקלפי
תל אביב  יפו,5000,675.0,535,351,65.60747663551402,אחוז הצבעה בקלפי
תל אביב  יפו,5000,676.0,513,274,53.41130604288499,אחוז הצבעה בקלפי
תל אביב  יפו,5000,677.0,548,302,55.1094890510949,אחוז הצבעה בקלפי
תל אביב  יפו,5000,678.0,520,330,63.46153846153846,אחוז הצבעה בקלפי
תל אביב  יפו,5000,679.0,606,361,59.57095709570957,אחוז הצבעה בקלפי
תל אביב  יפו,5000,680.0,511,327,63.992172211350294,אחוז הצבעה בקלפי
תל אביב  יפו,5000,682.0,653,405,62.02143950995406,אחוז הצבעה בקלפי
תל אביב  יפו,5000,683.0,674,454,67.35905044510386,אחוז הצבעה בקלפי
תל אביב  יפו,5000,684.1,563,300,53.285968028419184,אחוז הצבעה בקלפי
תל אביב  יפו,5000,684.2,563,316,56.12788632326821,אחוז הצבעה בקלפי
תל אביב  יפו,5000,684.3,563,321,57.01598579040853,אחוז הצבעה בקלפי
תל אביב  יפו,5000,684.4,563,328,58.259325044404974,אחוז הצבעה בקלפי
תל אביב  יפו,5000,684.5,562,325,57.82918149466192,אחוז הצבעה בקלפי
תל אביב  יפו,5000,687.1,689,466,67.63425253991292,אחוז הצבעה בקלפי
תל אביב  יפו,5000,687.2,689,466,67.63425253991292,אחוז הצבעה בקלפי
תל אביב  יפו,5000,687.3,689,472,68.50507982583454,אחוז הצבעה בקלפי
תל אביב  יפו,5000,687.4,686,445,64.86880466472303,אחוז הצבעה בקלפי
תל אביב  יפו,5000,688.0,527,351,66.60341555977229,אחוז הצבעה בקלפי
תל אביב  יפו,5000,690.1,655,361,55.11450381679389,אחוז הצבעה בקלפי
תל אביב  יפו,5000,690.2,655,374,57.099236641221374,אחוז הצבעה בקלפי
תל אביב  יפו,5000,690.3,655,395,60.30534351145038,אחוז הצבעה בקלפי
תל אביב  יפו,5000,690.4,655,364,55.57251908396946,אחוז הצבעה בקלפי
תל אביב  יפו,5000,690.5,651,373,57.296466973886325,אחוז הצבעה בקלפי
תל אביב  יפו,5000,691.0,564,364,64.53900709219859,אחוז הצבעה בקלפי
תל אביב  יפו,5000,692.0,625,391,62.56,אחוז הצבעה בקלפי
תל אביב  יפו,5000,693.0,628,414,65.92356687898089,אחוז הצבעה בקלפי
תל אביב  יפו,5000,695.0,543,365,67.21915285451196,אחוז הצבעה בקלפי
תל אביב  יפו,5000,697.0,584,394,67.46575342465754,אחוז הצבעה בקלפי
תל אביב  יפו,5000,698.0,441,277,62.81179138321995,אחוז הצבעה בקלפי
תל אביב  יפו,5000,703.1,688,435,63.22674418604651,אחוז הצבעה בקלפי
תל אביב  יפו,5000,703.2,688,428,62.2093023255814,אחוז הצבעה בקלפי
תל אביב  יפו,5000,703.3,688,490,71.22093023255815,אחוז הצבעה בקלפי
תל אביב  יפו,5000,703.4,688,448,65.11627906976744,אחוז הצבעה בקלפי
תל אביב  יפו,5000,703.5,686,466,67.93002915451895,אחוז הצבעה בקלפי
תל אביב  יפו,5000,706.1,362,271,74.86187845303867,אחוז הצבעה בקלפי
תל אביב  יפו,5000,706.2,362,274,75.69060773480662,אחוז הצבעה בקלפי
תל אביב  יפו,5000,709.0,532,331,62.21804511278195,אחוז הצבעה בקלפי
תל אביב  יפו,5000,711.0,615,366,59.512195121951216,אחוז הצבעה בקלפי
תל אביב  יפו,5000,712.1,590,380,64.40677966101694,אחוז הצבעה בקלפי
תל אביב  יפו,5000,712.2,590,384,65.08474576271186,אחוז הצבעה בקלפי
תל אביב  יפו,5000,712.3,590,425,72.03389830508475,אחוז הצבעה בקלפי
תל אביב  יפו,5000,712.4,590,381,64.57627118644068,אחוז הצבעה בקלפי
תל אביב  יפו,5000,712.5,590,362,61.35593220338983,אחוז הצבעה בקלפי
תל אביב  יפו,5000,712.6,585,386,65.98290598290598,אחוז הצבעה בקלפי
תל אביב  יפו,5000,714.0,485,308,63.50515463917525,אחוז הצבעה בקלפי
תל אביב  יפו,5000,719.0,542,344,63.46863468634686,אחוז הצבעה בקלפי
תל אביב  יפו,5000,720.0,684,440,64.32748538011695,אחוז הצבעה בקלפי
תל אביב  יפו,5000,721.0,552,310,56.15942028985508,אחוז הצבעה בקלפי
תל אביב  יפו,5000,726.0,655,401,61.221374045801525,אחוז הצבעה בקלפי
תל אביב  יפו,5000,727.1,617,375,60.777957860615885,אחוז הצבעה בקלפי
תל אביב  יפו,5000,727.2,617,385,62.398703403565634,אחוז הצבעה בקלפי
תל אביב  יפו,5000,727.3,617,412,66.77471636952998,אחוז הצבעה בקלפי
תל אביב  יפו,5000,727.4,617,397,64.34359805510535,אחוז הצבעה בקלפי
תל אביב  יפו,5000,727.5,617,395,64.0194489465154,אחוז הצבעה בקלפי
תל אביב  יפו,5000,727.6,617,387,62.72285251215559,אחוז הצבעה בקלפי
תל אביב  יפו,5000,727.7,613,378,61.66394779771615,אחוז הצבעה בקלפי
תל אביב  יפו,5000,728.0,632,336,53.16455696202531,אחוז הצבעה בקלפי
תל אביב  יפו,5000,731.1,354,195,55.08474576271186,אחוז הצבעה בקלפי
תל אביב  יפו,5000,731.2,353,204,57.79036827195468,אחוז הצבעה בקלפי
תל אביב  יפו,5000,733.0,545,307,56.330275229357795,אחוז הצבעה בקלפי
תל אביב  יפו,5000,734.0,560,334,59.64285714285714,אחוז הצבעה בקלפי
תל אביב  יפו,5000,736.0,527,341,64.70588235294117,אחוז הצבעה בקלפי
תל אביב  יפו,5000,737.0,631,400,63.39144215530903,אחוז הצבעה בקלפי
תל אביב  יפו,5000,738.0,636,334,52.51572327044025,אחוז הצבעה בקלפי
תל אביב  יפו,5000,739.0,631,332,52.6148969889065,אחוז הצבעה בקלפי
תל אביב  יפו,5000,740.0,522,288,55.172413793103445,אחוז הצבעה בקלפי
תל אביב  יפו,5000,741.0,641,424,66.14664586583463,אחוז הצבעה בקלפי
תל אביב  יפו,5000,742.1,586,359,61.262798634812285,אחוז הצבעה בקלפי
תל אביב  יפו,5000,742.2,586,366,62.45733788395904,אחוז הצבעה בקלפי
תל אביב  יפו,5000,742.3,586,382,65.18771331058021,אחוז הצבעה בקלפי
תל אביב  יפו,5000,742.4,586,355,60.580204778157,אחוז הצבעה בקלפי
תל אביב  יפו,5000,742.5,586,356,60.75085324232082,אחוז הצבעה בקלפי
תל אביב  יפו,5000,743.0,680,461,67.79411764705883,אחוז הצבעה בקלפי
תל אביב  יפו,5000,744.0,353,192,54.39093484419264,אחוז הצבעה בקלפי
תל אביב  יפו,5000,745.0,412,193,46.84466019417476,אחוז הצבעה בקלפי
תל אביב  יפו,5000,747.0,468,322,68.80341880341881,אחוז הצבעה בקלפי
תל אביב  יפו,5000,749.0,545,204,37.43119266055046,אחוז הצבעה בקלפי
תל אביב  יפו,5000,753.0,494,255,51.61943319838057,אחוז הצבעה בקלפי
תל אביב  יפו,5000,754.0,696,500,71.83908045977012,אחוז הצבעה בקלפי
תל אביב  יפו,5000,755.0,389,213,54.75578406169666,אחוז הצבעה בקלפי
תל אביב  יפו,5000,756.0,602,281,46.67774086378738,אחוז הצבעה בקלפי
תל אביב  יפו,5000,757.0,329,161,48.93617021276596,אחוז הצבעה בקלפי
תל אביב  יפו,5000,758.0,582,406,69.7594501718213,אחוז הצבעה בקלפי
תל אביב  יפו,5000,761.0,470,307,65.31914893617021,אחוז הצבעה בקלפי
תל אביב  יפו,5000,762.0,648,420,64.81481481481481,אחוז הצבעה בקלפי
תל אביב  יפו,5000,764.0,509,244,47.93713163064833,אחוז הצבעה בקלפי
תל אביב  יפו,5000,766.0,343,159,46.35568513119534,אחוז הצבעה בקלפי
תל אביב  יפו,5000,770.1,576,340,59.02777777777778,אחוז הצבעה בקלפי
תל אביב  יפו,5000,770.2,576,350,60.763888888888886,אחוז הצבעה בקלפי
תל אביב  יפו,5000,770.3,576,340,59.02777777777778,אחוז הצבעה בקלפי
תל אביב  יפו,5000,770.4,576,349,60.59027777777778,אחוז הצבעה בקלפי
תל אביב  יפו,5000,770.5,576,358,62.15277777777778,אחוז הצבעה בקלפי
תל אביב  יפו,5000,776.1,623,410,65.81059390048154,אחוז הצבעה בקלפי
תל אביב  יפו,5000,776.2,623,398,63.88443017656501,אחוז הצבעה בקלפי
תל אביב  יפו,5000,776.3,623,431,69.18138041733548,אחוז הצבעה בקלפי
תל אביב  יפו,5000,776.4,623,402,64.52648475120385,אחוז הצבעה בקלפי
תל אביב  יפו,5000,777.0,513,354,69.00584795321637,אחוז הצבעה בקלפי
תל אביב  יפו,5000,778.0,627,406,64.75279106858054,אחוז הצבעה בקלפי
תל אביב  יפו,5000,780.0,643,385,59.87558320373251,אחוז הצבעה בקלפי
תל אביב  יפו,5000,781.0,631,375,59.42947702060222,אחוז הצבעה בקלפי
תל אביב  יפו,5000,783.1,544,360,66.17647058823529,אחוז הצבעה בקלפי
תל אביב  יפו,5000,783.2,544,328,60.29411764705882,אחוז הצבעה בקלפי
תל אביב  יפו,5000,788.1,594,334,56.22895622895623,אחוז הצבעה בקלפי
תל אביב  יפו,5000,788.2,594,327,55.05050505050505,אחוז הצבעה בקלפי
תל אביב  יפו,5000,788.3,594,314,52.861952861952865,אחוז הצבעה בקלפי
תל אביב  יפו,5000,788.4,591,303,51.26903553299492,אחוז הצבעה בקלפי
תל אביב  יפו,5000,789.0,454,303,66.74008810572687,אחוז הצבעה בקלפי
תל אביב  יפו,5000,791.1,588,349,59.353741496598644,אחוז הצבעה בקלפי
תל אביב  יפו,5000,791.2,588,341,57.993197278911566,אחוז הצבעה בקלפי
תל אביב  יפו,5000,791.3,588,333,56.63265306122449,אחוז הצבעה בקלפי
תל אביב  יפו,5000,791.4,588,333,56.63265306122449,אחוז הצבעה בקלפי
תל אביב  יפו,5000,791.5,588,342,58.16326530612245,אחוז הצבעה בקלפי
תל אביב  יפו,5000,791.6,584,322,55.13698630136986,אחוז הצבעה בקלפי
תל אביב  יפו,5000,971.1,526,279,53.041825095057035,אחוז הצבעה בקלפי
תל אביב  יפו,5000,971.2,526,307,58.36501901140685,אחוז הצבעה בקלפי
תל אביב  יפו,5000,971.3,526,288,54.752851711026615,אחוז הצבעה בקלפי
תל אביב  יפו,5000,971.4,524,279,53.24427480916031,אחוז הצבעה בקלפי
תל אביב  יפו,5000,259.1,682,266,39.002932551319645,אחוז הצבעה בקלפי
תל אביב  יפו,5000,259.2,682,305,44.72140762463343,אחוז הצבעה בקלפי
תל אביב  יפו,5000,259.3,682,284,41.64222873900293,אחוז הצבעה בקלפי
תל אביב  יפו,5000,259.4,682,313,45.894428152492665,אחוז הצבעה בקלפי
תל אביב  יפו,5000,259.5,682,254,37.24340175953079,אחוז הצבעה בקלפי
תל אביב  יפו,5000,259.6,682,264,38.70967741935484,אחוז הצבעה בקלפי
תל אביב  יפו,5000,259.7,682,275,40.32258064516129,אחוז הצבעה בקלפי
תל אביב  יפו,5000,259.8,677,324,47.85819793205317,אחוז הצבעה בקלפי
תל אביב  יפו,5000,263.0,626,498,79.55271565495208,אחוז הצבעה בקלפי
תל אביב  יפו,5000,265.0,537,297,55.3072625698324,אחוז הצבעה בקלפי
תל אביב  יפו,5000,267.0,552,280,50.72463768115942,אחוז הצבעה בקלפי
תל אביב  יפו,5000,268.0,495,366,73.93939393939394,אחוז הצבעה בקלפי
תל אביב  יפו,5000,271.0,500,380,76.0,אחוז הצבעה בקלפי
תל אביב  יפו,5000,278.0,533,404,75.79737335834896,אחוז הצבעה בקלפי
תל אביב  יפו,5000,307.0,613,488,79.6084828711256,אחוז הצבעה בקלפי
תל אביב  יפו,5000,434.1,605,360,59.50413223140496,אחוז הצבעה בקלפי
תל אביב  יפו,5000,434.2,605,309,51.074380165289256,אחוז הצבעה בקלפי
תל אביב  יפו,5000,434.3,605,332,54.87603305785124,אחוז הצבעה בקלפי
תל אביב  יפו,5000,435.0,589,356,60.441426146010194,אחוז הצבעה בקלפי
תל אביב  יפו,5000,436.0,640,362,56.56250000000001,אחוז הצבעה בקלפי
תל אביב  יפו,5000,438.0,678,428,63.12684365781711,אחוז הצבעה בקלפי
תל אביב  יפו,5000,488.1,485,232,47.83505154639175,אחוז הצבעה בקלפי
תל אביב  יפו,5000,488.2,485,229,47.21649484536082,אחוז הצבעה בקלפי
תל אביב  יפו,5000,488.3,484,244,50.413223140495866,אחוז הצבעה בקלפי
תל אביב  יפו,5000,495.1,620,320,51.61290322580645,אחוז הצבעה בקלפי
תל אביב  יפו,5000,495.2,620,333,53.70967741935484,אחוז הצבעה בקלפי
תל אביב  יפו,5000,495.3,620,351,56.612903225806456,אחוז הצבעה בקלפי
תל אביב  יפו,5000,495.4,620,379,61.12903225806452,אחוז הצבעה בקלפי
תל אביב  יפו,5000,495.5,620,333,53.70967741935484,אחוז הצבעה בקלפי
תל אביב  יפו,5000,495.6,620,332,53.5483870967742,אחוז הצבעה בקלפי
תל אביב  יפו,5000,495.7,620,319,51.45161290322581,אחוז הצבעה בקלפי
תל אביב  יפו,5000,495.8,616,365,59.253246753246756,אחוז הצבעה בקלפי
תל אביב  יפו,5000,499.1,583,352,60.37735849056604,אחוז הצבעה בקלפי
תל אביב  יפו,5000,499.2,583,320,54.8885077186964,אחוז הצבעה בקלפי
תל אביב  יפו,5000,499.3,583,333,57.11835334476844,אחוז הצבעה בקלפי
תל אביב  יפו,5000,499.4,583,319,54.71698113207547,אחוז הצבעה בקלפי
תל אביב  יפו,5000,499.5,581,341,58.69191049913941,אחוז הצבעה בקלפי
תל אביב  יפו,5000,501.1,639,344,53.834115805946794,אחוז הצבעה בקלפי
תל אביב  יפו,5000,501.2,639,357,55.86854460093896,אחוז הצבעה בקלפי
תל אביב  יפו,5000,501.3,639,360,56.33802816901409,אחוז הצבעה בקלפי
תל אביב  יפו,5000,501.4,638,367,57.52351097178683,אחוז הצבעה בקלפי
תל אביב  יפו,5000,506.0,693,322,46.464646464646464,אחוז הצבעה בקלפי
תל אביב  יפו,5000,507.0,694,288,41.4985590778098,אחוז הצבעה בקלפי
תל אביב  יפו,5000,529.1,634,299,47.1608832807571,אחוז הצבעה בקלפי
תל אביב  יפו,5000,529.2,634,280,44.164037854889585,אחוז הצבעה בקלפי
תל אביב  יפו,5000,529.3,634,303,47.791798107255524,אחוז הצבעה בקלפי
תל אביב  יפו,5000,529.4,634,284,44.79495268138801,אחוז הצבעה בקלפי
תל אביב  יפו,5000,529.5,634,279,44.00630914826498,אחוז הצבעה בקלפי
תל אביב  יפו,5000,529.6,631,266,42.15530903328051,אחוז הצבעה בקלפי
תל אביב  יפו,5000,535.1,670,345,51.49253731343284,אחוז הצבעה בקלפי
תל אביב  יפו,5000,535.2,670,324,48.35820895522388,אחוז הצבעה בקלפי
תל אביב  יפו,5000,535.3,670,322,48.059701492537314,אחוז הצבעה בקלפי
תל אביב  יפו,5000,535.4,669,328,49.02840059790732,אחוז הצבעה בקלפי
תל אביב  יפו,5000,568.1,572,314,54.89510489510489,אחוז הצבעה בקלפי
תל אביב  יפו,5000,568.2,572,283,49.47552447552447,אחוז הצבעה בקלפי
תל אביב  יפו,5000,568.3,572,295,51.57342657342657,אחוז הצבעה בקלפי
תל אביב  יפו,5000,568.4,572,291,50.87412587412587,אחוז הצבעה בקלפי
תל אביב  יפו,5000,568.5,568,309,54.401408450704224,אחוז הצבעה בקלפי
תל אביב  יפו,5000,571.0,649,340,52.38828967642527,אחוז הצבעה בקלפי
תל אביב  יפו,5000,572.1,689,369,53.55587808417997,אחוז הצבעה בקלפי
תל אביב  יפו,5000,572.2,689,386,56.02322206095791,אחוז הצבעה בקלפי
תל אביב  יפו,5000,572.3,689,348,50.50798258345428,אחוז הצבעה בקלפי
תל אביב  יפו,5000,572.4,689,383,55.587808417997095,אחוז הצבעה בקלפי
תל אביב  יפו,5000,572.5,689,370,53.70101596516691,אחוז הצבעה בקלפי
תל אביב  יפו,5000,572.6,685,399,58.24817518248175,אחוז הצבעה בקלפי
תל אביב  יפו,5000,574.1,628,327,52.07006369426752,אחוז הצבעה בקלפי
תל אביב  יפו,5000,574.2,628,327,52.07006369426752,אחוז הצבעה בקלפי
תל אביב  יפו,5000,574.3,628,300,47.77070063694268,אחוז הצבעה בקלפי
תל אביב  יפו,5000,574.4,628,292,46.496815286624205,אחוז הצבעה בקלפי
תל אביב  יפו,5000,574.5,628,317,50.477707006369435,אחוז הצבעה בקלפי
תל אביב  יפו,5000,574.6,628,315,50.15923566878981,אחוז הצבעה בקלפי
תל אביב  יפו,5000,574.7,628,311,49.52229299363057,אחוז הצבעה בקלפי
תל אביב  יפו,5000,574.8,628,309,49.203821656050955,אחוז הצבעה בקלפי
תל אביב  יפו,5000,574.9,625,347,55.52,אחוז הצבעה בקלפי
תל אביב  יפו,5000,575.0,607,359,59.14332784184514,אחוז הצבעה בקלפי
תל אביב  יפו,5000,576.0,690,377,54.637681159420296,אחוז הצבעה בקלפי
תל אביב  יפו,5000,593.0,639,345,53.990610328638496,אחוז הצבעה בקלפי
תל אביב  יפו,5000,614.1,694,415,59.798270893371765,אחוז הצבעה בקלפי
תל אביב  יפו,5000,614.2,694,469,67.57925072046109,אחוז הצבעה בקלפי
תל אביב  יפו,5000,614.3,694,458,65.99423631123919,אחוז הצבעה בקלפי
תל אביב  יפו,5000,614.4,693,446,64.35786435786436,אחוז הצבעה בקלפי
תל אביב  יפו,5000,616.0,563,338,60.03552397868561,אחוז הצבעה בקלפי
תל אביב  יפו,5000,824.1,493,252,51.115618661257614,אחוז הצבעה בקלפי
תל אביב  יפו,5000,824.2,493,242,49.08722109533469,אחוז הצבעה בקלפי
תל אביב  יפו,5000,827.1,574,265,46.16724738675958,אחוז הצבעה בקלפי
תל אביב  יפו,5000,827.2,574,248,43.20557491289199,אחוז הצבעה בקלפי
תל אביב  יפו,5000,827.3,572,247,43.18181818181818,אחוז הצבעה בקלפי
תל אביב  יפו,5000,828.1,596,266,44.63087248322148,אחוז הצבעה בקלפי
תל אביב  יפו,5000,828.2,596,279,46.81208053691275,אחוז הצבעה בקלפי
תל אביב  יפו,5000,828.3,596,270,45.302013422818796,אחוז הצבעה בקלפי
תל אביב  יפו,5000,828.4,595,281,47.22689075630252,אחוז הצבעה בקלפי
תל אביב  יפו,5000,836.1,658,349,53.03951367781154,אחוז הצבעה בקלפי
תל אביב  יפו,5000,836.2,658,321,48.78419452887538,אחוז הצבעה בקלפי
תל אביב  יפו,5000,836.3,658,317,48.17629179331307,אחוז הצבעה בקלפי
תל אביב  יפו,5000,836.4,658,335,50.911854103343465,אחוז הצבעה בקלפי
תל אביב  יפו,5000,836.5,658,334,50.75987841945289,אחוז הצבעה בקלפי
תל אביב  יפו,5000,836.6,658,325,49.39209726443769,אחוז הצבעה בקלפי
תל אביב  יפו,5000,836.7,658,315,47.87234042553192,אחוז הצבעה בקלפי
תל אביב  יפו,5000,836.8,653,323,49.464012251148546,אחוז הצבעה בקלפי
תל אביב  יפו,5000,839.0,617,414,67.09886547811993,אחוז הצבעה בקלפי
תל אביב  יפו,5000,843.0,607,334,55.02471169686986,אחוז הצבעה בקלפי
תל אביב  יפו,5000,844.1,558,356,63.799283154121866,אחוז הצבעה בקלפי
תל אביב  יפו,5000,844.2,558,384,68.81720430107528,אחוז הצבעה בקלפי
תל אביב  יפו,5000,844.3,556,362,65.10791366906474,אחוז הצבעה בקלפי
תל אביב  יפו,5000,848.0,667,297,44.527736131934034,אחוז הצבעה בקלפי
תל אביב  יפו,5000,849.0,671,320,47.69001490312966,אחוז הצבעה בקלפי
תל אביב  יפו,5000,854.0,590,285,48.30508474576271,אחוז הצבעה בקלפי
תל אביב  יפו,5000,856.0,421,231,54.86935866983374,אחוז הצבעה בקלפי
תל אביב  יפו,5000,858.0,438,259,59.1324200913242,אחוז הצבעה בקלפי
תל אביב  יפו,5000,859.0,596,293,49.16107382550335,אחוז הצבעה בקלפי
תל אביב  יפו,5000,860.1,613,353,57.58564437194127,אחוז הצבעה בקלפי
תל אביב  יפו,5000,860.2,613,373,60.848287112561174,אחוז הצבעה בקלפי
תל אביב  יפו,5000,860.3,613,378,61.66394779771615,אחוז הצבעה בקלפי
תל אביב  יפו,5000,860.4,613,350,57.09624796084829,אחוז הצבעה בקלפי
תל אביב  יפו,5000,861.1,577,341,59.09878682842288,אחוז הצבעה בקלפי
תל אביב  יפו,5000,861.2,577,328,56.845753899480066,אחוז הצבעה בקלפי
תל אביב  יפו,5000,861.3,577,282,48.87348353552859,אחוז הצבעה בקלפי
תל אביב  יפו,5000,861.4,574,316,55.052264808362374,אחוז הצבעה בקלפי
תל אביב  יפו,5000,863.0,477,287,60.167714884696025,אחוז הצבעה בקלפי
תל אביב  יפו,5000,865.1,500,258,51.6,אחוז הצבעה בקלפי
תל אביב  יפו,5000,865.2,500,284,56.8,אחוז הצבעה בקלפי
תל אביב  יפו,5000,865.3,500,281,56.2,אחוז הצבעה בקלפי
תל אביב  יפו,5000,866.1,668,314,47.00598802395209,אחוז הצבעה בקלפי
תל אביב  יפו,5000,866.2,668,346,51.796407185628745,אחוז הצבעה בקלפי
תל אביב  יפו,5000,866.3,668,334,50.0,אחוז הצבעה בקלפי
תל אביב  יפו,5000,866.4,668,352,52.69461077844312,אחוז הצבעה בקלפי
תל אביב  יפו,5000,866.5,668,312,46.706586826347305,אחוז הצבעה בקלפי
תל אביב  יפו,5000,869.1,590,282,47.79661016949153,אחוז הצבעה בקלפי
תל אביב  יפו,5000,869.2,590,289,48.983050847457626,אחוז הצבעה בקלפי
תל אביב  יפו,5000,869.3,590,291,49.32203389830509,אחוז הצבעה בקלפי
תל אביב  יפו,5000,869.4,590,275,46.61016949152542,אחוז הצבעה בקלפי
תל אביב  יפו,5000,869.5,586,257,43.85665529010239,אחוז הצבעה בקלפי
תל אביב  יפו,5000,873.1,653,317,48.545176110260336,אחוז הצבעה בקלפי
תל אביב  יפו,5000,873.2,653,335,51.301684532924966,אחוז הצבעה בקלפי
תל אביב  יפו,5000,873.3,651,324,49.76958525345622,אחוז הצבעה בקלפי
תל אביב  יפו,5000,875.1,697,341,48.92395982783357,אחוז הצבעה בקלפי
תל אביב  יפו,5000,875.2,697,312,44.76327116212339,אחוז הצבעה בקלפי
תל אביב  יפו,5000,875.3,697,329,47.20229555236729,אחוז הצבעה בקלפי
תל אביב  יפו,5000,877.0,607,363,59.80230642504119,אחוז הצבעה בקלפי
תל אביב  יפו,5000,878.1,495,241,48.68686868686869,אחוז הצבעה בקלפי
תל אביב  יפו,5000,878.2,495,222,44.84848484848485,אחוז הצבעה בקלפי
תל אביב  יפו,5000,878.3,495,284,57.37373737373738,אחוז הצבעה בקלפי
תל אביב  יפו,5000,881.0,610,346,56.72131147540984,אחוז הצבעה בקלפי
תל אביב  יפו,5000,883.1,583,336,57.63293310463122,אחוז הצבעה בקלפי
תל אביב  יפו,5000,883.2,583,345,59.17667238421955,אחוז הצבעה בקלפי
תל אביב  יפו,5000,883.3,581,335,57.6592082616179,אחוז הצבעה בקלפי
תל אביב  יפו,5000,892.1,568,223,39.26056338028169,אחוז הצבעה בקלפי
תל אביב  יפו,5000,892.2,568,267,47.00704225352113,אחוז הצבעה בקלפי
תל אביב  יפו,5000,892.3,568,255,44.8943661971831,אחוז הצבעה בקלפי
תל אביב  יפו,5000,892.4,568,241,42.42957746478873,אחוז הצבעה בקלפי
תל אביב  יפו,5000,892.5,568,269,47.359154929577464,אחוז הצבעה בקלפי
תל אביב  יפו,5000,893.0,533,289,54.22138836772983,אחוז הצבעה בקלפי
תל אביב  יפו,5000,896.1,526,282,53.61216730038023,אחוז הצבעה בקלפי
תל אביב  יפו,5000,896.2,526,271,51.52091254752852,אחוז הצבעה בקלפי
תל אביב  יפו,5000,896.3,526,249,47.338403041825096,אחוז הצבעה בקלפי
תל אביב  יפו,5000,897.0,522,308,59.00383141762452,אחוז הצבעה בקלפי
תל אביב  יפו,5000,916.0,498,232,46.58634538152611,אחוז הצבעה בקלפי
תל אביב  יפו,5000,918.0,653,324,49.617151607963244,אחוז הצבעה בקלפי
תל אביב  יפו,5000,919.0,592,251,42.39864864864865,אחוז הצבעה בקלפי
תל אביב  יפו,5000,923.1,502,227,45.21912350597609,אחוז הצבעה בקלפי
תל אביב  יפו,5000,923.2,502,246,49.00398406374502,אחוז הצבעה בקלפי
תל אביב  יפו,5000,923.3,500,266,53.2,אחוז הצבעה בקלפי
תל אביב  יפו,5000,936.1,663,361,54.44947209653092,אחוז הצבעה בקלפי
תל אביב  יפו,5000,936.2,663,363,54.75113122171946,אחוז הצבעה בקלפי
תל אביב  יפו,5000,936.3,662,352,53.17220543806647,אחוז הצבעה בקלפי
תל אביב  יפו,5000,962.0,598,309,51.67224080267558,אחוז הצבעה בקלפי
תל יוסף,84,1.0,390,279,71.53846153846153,אחוז הצבעה בקלפי
תל יצחק,287,1.0,683,229,33.52855051244509,אחוז הצבעה בקלפי
תל מונד,154,1.1,670,502,74.92537313432835,אחוז הצבעה בקלפי
תל מונד,154,1.2,670,499,74.4776119402985,אחוז הצבעה בקלפי
תל מונד,154,1.3,670,501,74.77611940298507,אחוז הצבעה בקלפי
תל מונד,154,1.4,670,501,74.77611940298507,אחוז הצבעה בקלפי
תל מונד,154,1.5,668,505,75.59880239520959,אחוז הצבעה בקלפי
תל מונד,154,2.0,671,499,74.36661698956782,אחוז הצבעה בקלפי
תל מונד,154,3.1,576,429,74.47916666666666,אחוז הצבעה בקלפי
תל מונד,154,3.2,576,430,74.65277777777779,אחוז הצבעה בקלפי
תל מונד,154,3.3,576,451,78.29861111111111,אחוז הצבעה בקלפי
תל מונד,154,3.4,576,442,76.73611111111111,אחוז הצבעה בקלפי
תל מונד,154,3.5,576,454,78.81944444444444,אחוז הצבעה בקלפי
תל מונד,154,4.0,515,365,70.87378640776699,אחוז הצבעה בקלפי
תל מונד,154,11.0,568,426,75.0,אחוז הצבעה בקלפי
תל מונד,154,15.1,649,476,73.34360554699538,אחוז הצבעה בקלפי
תל מונד,154,15.2,649,471,72.57318952234206,אחוז הצבעה בקלפי
תל מונד,154,15.3,648,477,73.61111111111111,אחוז הצבעה בקלפי
תל מונד,154,16.0,530,387,73.0188679245283,אחוז הצבעה בקלפי
תל עדשים,103,1.0,506,386,76.28458498023716,אחוז הצבעה בקלפי
תל עדשים,103,2.0,392,282,71.93877551020408,אחוז הצבעה בקלפי
תל קציר,719,1.0,358,250,69.83240223463687,אחוז הצבעה בקלפי
תל שבע,1054,1.1,594,326,54.882154882154886,אחוז הצבעה בקלפי
תל שבע,1054,1.2,594,293,49.32659932659932,אחוז הצבעה בקלפי
תל שבע,1054,1.3,592,249,42.060810810810814,אחוז הצבעה בקלפי
תל שבע,1054,2.0,650,369,56.769230769230774,אחוז הצבעה בקלפי
תל שבע,1054,3.0,561,292,52.04991087344028,אחוז הצבעה בקלפי
תל שבע,1054,4.0,566,338,59.717314487632514,אחוז הצבעה בקלפי
תל שבע,1054,7.0,654,376,57.49235474006116,אחוז הצבעה בקלפי
תל שבע,1054,8.0,624,383,61.37820512820513,אחוז הצבעה בקלפי
תל שבע,1054,9.1,587,261,44.4633730834753,אחוז הצבעה בקלפי
תל שבע,1054,9.2,587,250,42.58943781942078,אחוז הצבעה בקלפי
תל שבע,1054,9.3,587,252,42.93015332197615,אחוז הצבעה בקלפי
תל שבע,1054,9.4,587,239,40.71550255536627,אחוז הצבעה בקלפי
תל שבע,1054,9.5,586,290,49.48805460750853,אחוז הצבעה בקלפי
תל שבע,1054,12.0,583,369,63.293310463121784,אחוז הצבעה בקלפי
תל שבע,1054,14.0,652,387,59.355828220858896,אחוז הצבעה בקלפי
תל שבע,1054,16.1,638,379,59.40438871473355,אחוז הצבעה בקלפי
תל שבע,1054,16.2,638,408,63.94984326018809,אחוז הצבעה בקלפי
תל שבע,1054,16.3,638,359,56.26959247648903,אחוז הצבעה בקלפי
תל תאומים,1283,1.0,345,269,77.97101449275362,אחוז הצבעה בקלפי
תלם,3719,1.0,230,181,78.69565217391305,אחוז הצבעה בקלפי
תלמי אליהו,1051,1.0,232,149,64.22413793103449,אחוז הצבעה בקלפי
תלמי אלעזר,2003,1.0,685,522,76.2043795620438,אחוז הצבעה בקלפי
תלמי בילו,2050,1.0,367,292,79.56403269754769,אחוז הצבעה בקלפי
תלמי יוסף,1237,1.0,275,167,60.72727272727273,אחוז הצבעה בקלפי
תלמי יחיאל,727,1.0,634,464,73.18611987381703,אחוז הצבעה בקלפי
תלמי יפה,744,1.0,526,386,73.38403041825094,אחוז הצבעה בקלפי
תלמים,814,1.0,577,474,82.14904679376083,אחוז הצבעה בקלפי
תמרת,1244,1.0,569,423,74.34094903339191,אחוז הצבעה בקלפי
תמרת,1244,3.0,595,432,72.60504201680672,אחוז הצבעה בקלפי
תנובות,2002,1.0,633,460,72.66982622432859,אחוז הצבעה בקלפי
תעוז,752,1.0,433,344,79.44572748267899,אחוז הצבעה בקלפי
תפרח,709,1.0,549,480,87.43169398907104,אחוז הצבעה בקלפי
תפרח,709,2.0,533,473,88.74296435272045,אחוז הצבעה בקלפי
תקומה,665,1.0,514,415,80.73929961089495,אחוז הצבעה בקלפי
תקוע,3563,1.0,681,497,72.98091042584434,אחוז הצבעה בקלפי
תקוע,3563,2.0,571,396,69.35201401050787,אחוז הצבעה בקלפי
תקוע,3563,3.0,500,367,73.4,אחוז הצבעה בקלפי
תקוע,3563,4.0,582,426,73.19587628865979,אחוז הצבעה בקלפי
תראבין אצאנע שבט,970,1.0,582,74,12.714776632302405,אחוז הצבעה בקלפי
תראבין אצאנעישוב,1346,1.0,650,248,38.15384615384615,אחוז הצבעה בקלפי
תרום,778,1.0,616,494,80.1948051948052,אחוז הצבעה בקלפי
