מזהה תאונה,חומרת התאונה,קטלנית,סוג הדרך,עירוני,מהירות מותרת,רוחב הכביש,תקינות הדרך,מזג אוויר,מצב פני הכביש,יום בשבוע,יום או לילה,סוג יום,חודש,שעה,סמל יישוב,מחוז,X,Y
2025000007,קלה,0,לא עירוני בצומת,0,80,5 עד 7 מטר,לא ידוע,בהיר,יבש,שבת,יום,יום רגיל,9,9,0,2,,
2025000011,קלה,0,לא עירוני בצומת,0,60,10.5 עד 14 מטר,אין ליקוי,בהיר,יבש,חמישי,יום,יום רגיל,4,12,0,4,,
2025000020,קלה,0,עירוני לא בצומת,1,עד 50,5 עד 7 מטר,לא ידוע,בהיר,יבש,שבת,לילה,חג,4,21,4000,3,,
2025000052,קלה,0,לא עירוני בצומת,0,עד 50,5 עד 7 מטר,אין ליקוי,בהיר,יבש,שלישי,יום,יום רגיל,10,8,0,5,,
2025000066,קלה,0,לא עירוני בצומת,0,90,7 עד 10.5 מטר,אין ליקוי,בהיר,יבש,חמישי,לילה,יום רגיל,5,1,0,3,,
2025000074,קלה,0,עירוני בצומת,1,עד 50,7 עד 10.5 מטר,לא ידוע,בהיר,יבש,שני,לילה,יום רגיל,3,21,3000,1,,
2025000108,קשה,0,עירוני לא בצומת,1,עד 50,,אין ליקוי,בהיר,יבש,חמישי,יום,חג,5,14,1161,6,,
2025000129,קשה,0,לא עירוני בצומת,0,עד 50,5 עד 7 מטר,אין ליקוי,בהיר,יבש,שלישי,יום,יום רגיל,6,7,0,4,,
2025000134,קלה,0,עירוני לא בצומת,1,עד 50,7 עד 10.5 מטר,אין ליקוי,בהיר,יבש,שישי,לילה,יום רגיל,5,2,8600,5,,
2025000159,קשה,0,לא עירוני בצומת,0,80,7 עד 10.5 מטר,אין ליקוי,בהיר,יבש,שני,לילה,יום רגיל,7,5,0,6,,
2025000177,קשה,0,עירוני לא בצומת,1,לא ידוע,,לא ידוע,לא ידוע,לא ידוע,שבת,יום,יום רגיל,12,12,4000,3,,
2025000178,קלה,0,עירוני לא בצומת,1,עד 50,5 עד 7 מטר,אין ליקוי,בהיר,יבש,שלישי,לילה,חול המועד,4,21,7900,4,,
2025000222,קלה,0,עירוני לא בצומת,1,עד 50,5 עד 7 מטר,אין ליקוי,בהיר,יבש,שני,יום,יום רגיל,10,12,9100,2,,
2025000261,קשה,0,עירוני לא בצומת,1,לא ידוע,,לא ידוע,לא ידוע,לא ידוע,שישי,יום,יום רגיל,11,14,7100,6,,
2025000268,קלה,0,עירוני בצומת,1,עד 50,7 עד 10.5 מטר,אין ליקוי,בהיר,יבש,שישי,לילה,יום רגיל,3,0,5000,5,,
2025000277,קשה,0,לא עירוני לא בצומת,0,100,10.5 עד 14 מטר,אין ליקוי,בהיר,יבש,ראשון,לילה,יום רגיל,8,0,0,3,,
2025000312,קלה,0,עירוני בצומת,1,עד 50,5 עד 7 מטר,אין ליקוי,בהיר,יבש,ראשון,יום,יום רגיל,9,13,7000,4,,
2025000316,קשה,0,לא עירוני לא בצומת,0,לא ידוע,,לא ידוע,לא ידוע,לא ידוע,חמישי,יום,יום רגיל,9,14,0,4,,
2025000326,קלה,0,לא עירוני בצומת,0,90,10.5 עד 14 מטר,אין ליקוי,בהיר,יבש,שלישי,לילה,יום רגיל,1,0,0,4,,
2025000327,קטלנית,1,לא עירוני לא בצומת,0,60,7 עד 10.5 מטר,אין ליקוי,בהיר,יבש,שבת,לילה,יום רגיל,10,0,0,3,,
2025000330,קלה,0,לא עירוני לא בצומת,0,80,7 עד 10.5 מטר,אין ליקוי,בהיר,יבש,שלישי,יום,יום רגיל,12,15,0,2,,
2025000335,קלה,0,עירוני בצומת,1,עד 50,5 עד 7 מטר,אין ליקוי,בהיר,יבש,חמישי,יום,יום רגיל,11,9,6900,4,,
2025000342,קלה,0,עירוני בצומת,1,עד 50,10.5 עד 14 מטר,אין ליקוי,בהיר,יבש,שישי,יום,יום רגיל,9,7,70,6,,
2025000351,קטלנית,1,עירוני בצומת,1,עד 50,,אין ליקוי,בהיר,יבש,שלישי,לילה,יום רגיל,6,21,5000,5,,
2025000364,קשה,0,עירוני בצומת,1,עד 50,5 עד 7 מטר,אין ליקוי,בהיר,יבש,ראשון,יום,יום רגיל,5,16,8600,5,,
2025000369,קלה,0,לא עירוני בצומת,0,90,7 עד 10.5 מטר,אין ליקוי,בהיר,יבש,שלישי,יום,יום רגיל,3,8,0,6,,
2025000375,קלה,0,עירוני לא בצומת,1,עד 50,7 עד 10.5 מטר,אין ליקוי,בהיר,יבש,שני,יום,ערב חג,9,9,6600,5,,
2025000379,קלה,0,לא עירוני בצומת,0,90,7 עד 10.5 מטר,אין ליקוי,בהיר,יבש,שני,יום,יום רגיל,3,16,0,3,,
2025000386,קטלנית,1,עירוני בצומת,1,70,10.5 עד 14 מטר,אין ליקוי,בהיר,יבש,ראשון,יום,יום רגיל,1,10,7900,4,,
2025000394,קלה,0,עירוני לא בצומת,1,עד 50,5 עד 7 מטר,אין ליקוי,בהיר,יבש,ראשון,יום,יום רגיל,4,18,4000,3,,
2025000418,קלה,0,עירוני בצומת,1,עד 50,עד 5 מטר,אין ליקוי,לא ידוע,לא ידוע,שבת,לילה,יום רגיל,3,19,6100,5,,
2025000422,קלה,0,עירוני בצומת,1,עד 50,7 עד 10.5 מטר,אין ליקוי,בהיר,יבש,שישי,יום,יום רגיל,4,11,70,6,,
2025000458,קלה,0,עירוני בצומת,1,עד 50,5 עד 7 מטר,אין ליקוי,בהיר,יבש,ראשון,לילה,יום רגיל,5,20,4000,3,,
2025000460,קלה,0,עירוני בצומת,1,עד 50,,אין ליקוי,בהיר,יבש,ראשון,יום,יום רגיל,6,11,7900,4,,
2025000465,קשה,0,לא עירוני לא בצומת,0,לא ידוע,,לא ידוע,לא ידוע,לא ידוע,חמישי,לילה,יום רגיל,8,23,0,4,,
2025000476,קשה,0,עירוני לא בצומת,1,לא ידוע,,לא ידוע,לא ידוע,לא ידוע,רביעי,יום,חול המועד,10,13,3000,1,,
2025000479,קלה,0,עירוני בצומת,1,עד 50,7 עד 10.5 מטר,אין ליקוי,בהיר,יבש,חמישי,יום,יום רגיל,12,13,9300,3,,
2025000487,קלה,0,עירוני לא בצומת,1,עד 50,7 עד 10.5 מטר,אין ליקוי,בהיר,יבש,שלישי,יום,יום רגיל,10,13,7100,6,,
2025000488,קלה,0,עירוני בצומת,1,עד 50,7 עד 10.5 מטר,לא ידוע,בהיר,יבש,חמישי,יום,יום רגיל,4,10,3000,1,,
2025000494,קלה,0,עירוני לא בצומת,1,עד 50,5 עד 7 מטר,אין ליקוי,בהיר,יבש,רביעי,יום,יום רגיל,9,11,4000,3,,
2025000497,קלה,0,לא עירוני לא בצומת,0,80,10.5 עד 14 מטר,אין ליקוי,בהיר,יבש,שבת,יום,יום רגיל,8,6,0,2,,
2025000512,קלה,0,לא עירוני בצומת,0,90,7 עד 10.5 מטר,אין ליקוי,בהיר,יבש,שלישי,יום,יום רגיל,4,14,0,6,,
2025000531,קלה,0,עירוני בצומת,1,עד 50,10.5 עד 14 מטר,כביש משובש,בהיר,יבש,רביעי,יום,יום רגיל,11,12,6300,5,,
2025000550,קלה,0,עירוני לא בצומת,1,עד 50,7 עד 10.5 מטר,אין ליקוי,בהיר,יבש,חמישי,לילה,יום רגיל,2,19,4000,3,,
2025000552,קשה,0,עירוני בצומת,1,עד 50,7 עד 10.5 מטר,אין ליקוי,גשום,רטוב ממים,שישי,יום,יום רגיל,3,14,6800,3,,
2025000558,קלה,0,לא עירוני לא בצומת,0,90,7 עד 10.5 מטר,אין ליקוי,בהיר,יבש,שני,לילה,חול המועד,4,22,0,7,,
2025000562,קשה,0,עירוני לא בצומת,1,עד 50,5 עד 7 מטר,אין ליקוי,בהיר,יבש,חמישי,לילה,יום רגיל,8,20,8600,5,,
2025000576,קלה,0,לא עירוני בצומת,0,90,7 עד 10.5 מטר,אין ליקוי,בהיר,יבש,שישי,יום,יום רגיל,5,6,0,4,,
2025000578,קלה,0,עירוני בצומת,1,עד 50,5 עד 7 מטר,אין ליקוי,בהיר,יבש,שלישי,יום,יום רגיל,3,12,7400,4,,
2025000579,קלה,0,עירוני בצומת,1,עד 50,5 עד 7 מטר,אין ליקוי,בהיר,יבש,שישי,יום,יום רגיל,10,15,9100,2,,
2025000582,קלה,0,לא עירוני בצומת,0,עד 50,,אין ליקוי,בהיר,יבש,רביעי,לילה,יום רגיל,3,22,0,4,,
2025000611,קשה,0,לא עירוני בצומת,0,90,יותר מ-14 מטר,אין ליקוי,בהיר,יבש,רביעי,לילה,יום רגיל,12,20,0,4,,
2025000644,קלה,0,עירוני בצומת,1,עד 50,5 עד 7 מטר,אין ליקוי,בהיר,יבש,שלישי,יום,יום רגיל,10,8,8400,4,,
2025000648,קלה,0,עירוני בצומת,1,עד 50,,אין ליקוי,בהיר,יבש,שני,לילה,יום רגיל,12,18,9500,3,,
2025000649,קלה,0,עירוני בצומת,1,לא ידוע,7 עד 10.5 מטר,אין ליקוי,בהיר,יבש,חמישי,יום,יום רגיל,5,12,8600,5,,
2025000658,קשה,0,עירוני לא בצומת,1,80,5 עד 7 מטר,אין ליקוי,לא ידוע,לא ידוע,חמישי,יום,יום רגיל,2,8,531,2,,
2025000688,קלה,0,עירוני בצומת,1,70,5 עד 7 מטר,אין ליקוי,בהיר,יבש,רביעי,יום,יום רגיל,8,16,9000,6,,
2025000703,קלה,0,עירוני לא בצומת,1,70,10.5 עד 14 מטר,אין ליקוי,בהיר,יבש,חמישי,יום,יום רגיל,3,16,4000,3,,
2025000732,קלה,0,עירוני לא בצומת,1,לא ידוע,,לא ידוע,לא ידוע,לא ידוע,שלישי,יום,יום רגיל,12,7,673,4,,
2025000739,קלה,0,לא עירוני בצומת,0,עד 50,יותר מ-14 מטר,אין ליקוי,בהיר,יבש,שני,לילה,יום רגיל,2,20,0,3,,
2025000740,קשה,0,לא עירוני בצומת,0,90,7 עד 10.5 מטר,אין ליקוי,בהיר,יבש,שבת,יום,יום רגיל,11,9,0,4,,
2025000756,קשה,0,עירוני לא בצומת,1,לא ידוע,,לא ידוע,לא ידוע,לא ידוע,חמישי,יום,יום רגיל,7,9,7100,6,,
2025000778,קלה,0,לא עירוני בצומת,0,70,7 עד 10.5 מטר,אין ליקוי,בהיר,יבש,שישי,לילה,יום רגיל,2,17,0,3,,
2025000789,קשה,0,עירוני לא בצומת,1,לא ידוע,,לא ידוע,לא ידוע,לא ידוע,שלישי,יום,יום רגיל,7,16,5000,5,,
2025000793,קשה,0,עירוני בצומת,1,לא ידוע,,לא ידוע,לא ידוע,לא ידוע,שישי,יום,יום רגיל,8,6,5000,5,,
2025000799,קלה,0,לא עירוני בצומת,0,80,7 עד 10.5 מטר,אין ליקוי,בהיר,יבש,חמישי,יום,יום רגיל,4,9,0,7,,
2025000814,קלה,0,עירוני בצומת,1,עד 50,יותר מ-14 מטר,אין ליקוי,בהיר,יבש,שני,יום,יום רגיל,9,18,4000,3,,
2025000827,קלה,0,עירוני לא בצומת,1,עד 50,7 עד 10.5 מטר,אין ליקוי,בהיר,יבש,שני,לילה,יום רגיל,8,22,70,6,,
2025000834,קשה,0,עירוני לא בצומת,1,עד 50,5 עד 7 מטר,אין ליקוי,בהיר,יבש,שבת,יום,יום רגיל,3,15,8300,4,,
2025000839,קלה,0,עירוני לא בצומת,1,70,10.5 עד 14 מטר,אין ליקוי,בהיר,יבש,שישי,לילה,חול המועד,10,4,7900,4,,
2025000853,קלה,0,לא עירוני בצומת,0,80,10.5 עד 14 מטר,אין ליקוי,בהיר,יבש,שני,לילה,ערב חג,10,19,0,4,,
2025000856,קלה,0,לא עירוני בצומת,0,60,5 עד 7 מטר,אין ליקוי,בהיר,יבש,שישי,לילה,יום רגיל,2,21,0,4,,
2025000865,קלה,0,עירוני בצומת,1,עד 50,,אין ליקוי,בהיר,יבש,רביעי,יום,יום רגיל,1,14,7900,4,,
2025000879,קלה,0,עירוני בצומת,1,60,10.5 עד 14 מטר,אין ליקוי,בהיר,יבש,שלישי,לילה,יום רגיל,12,20,4000,3,,
2025000929,קלה,0,לא עירוני לא בצומת,0,80,7 עד 10.5 מטר,אין ליקוי,בהיר,יבש,חמישי,לילה,יום רגיל,12,22,0,2,,
2025000937,קשה,0,עירוני לא בצומת,1,לא ידוע,,לא ידוע,לא ידוע,לא ידוע,רביעי,לילה,יום רגיל,3,19,5000,5,,
2025000971,קלה,0,עירוני בצומת,1,לא ידוע,5 עד 7 מטר,אין ליקוי,בהיר,יבש,שבת,יום,יום רגיל,4,17,6200,5,,
2025000974,קשה,0,לא עירוני לא בצומת,0,לא ידוע,,לא ידוע,לא ידוע,לא ידוע,שני,לילה,יום רגיל,5,22,0,4,,
2025000995,קלה,0,לא עירוני לא בצומת,0,80,5 עד 7 מטר,אין ליקוי,בהיר,יבש,ראשון,יום,יום רגיל,6,17,0,7,,
2025000996,קלה,0,עירוני בצומת,1,עד 50,,אין ליקוי,בהיר,יבש,שבת,לילה,יום רגיל,5,20,6500,3,,
2025000997,קלה,0,לא עירוני בצומת,0,90,7 עד 10.5 מטר,אין ליקוי,בהיר,יבש,שלישי,יום,יום רגיל,3,17,0,6,,
2025001002,קשה,0,עירוני לא בצומת,1,לא ידוע,,לא ידוע,לא ידוע,לא ידוע,שני,יום,יום רגיל,11,13,8300,4,,
2025001004,קלה,0,לא עירוני לא בצומת,0,90,7 עד 10.5 מטר,אין ליקוי,גשום,אחר,שני,יום,יום רגיל,12,15,0,6,,
2025001018,קשה,0,עירוני לא בצומת,1,עד 50,5 עד 7 מטר,אין ליקוי,בהיר,יבש,שני,לילה,יום רגיל,11,19,6200,5,,
2025001031,קלה,0,עירוני לא בצומת,1,עד 50,7 עד 10.5 מטר,אין ליקוי,לא ידוע,יבש,ראשון,יום,יום רגיל,2,13,7900,4,,
2025001048,קלה,0,לא עירוני בצומת,0,80,יותר מ-14 מטר,אין ליקוי,בהיר,יבש,שלישי,לילה,יום רגיל,7,20,0,3,,
2025001056,קלה,0,עירוני לא בצומת,1,עד 50,7 עד 10.5 מטר,אין ליקוי,בהיר,יבש,רביעי,יום,יום רגיל,8,16,6600,5,,
2025001077,קשה,0,עירוני בצומת,1,עד 50,7 עד 10.5 מטר,אין ליקוי,בהיר,יבש,שבת,יום,יום רגיל,6,19,5000,5,,
2025001110,קלה,0,לא עירוני לא בצומת,0,90,5 עד 7 מטר,אין ליקוי,בהיר,יבש,שני,לילה,יום רגיל,4,23,0,2,,
2025001112,קשה,0,עירוני לא בצומת,1,עד 50,עד 5 מטר,אין ליקוי,בהיר,יבש,ראשון,לילה,יום רגיל,11,20,229,4,,
2025001117,קלה,0,עירוני בצומת,1,עד 50,10.5 עד 14 מטר,אין ליקוי,בהיר,יבש,שני,יום,יום רגיל,1,14,154,4,,
2025001133,קלה,0,עירוני בצומת,1,עד 50,7 עד 10.5 מטר,אין ליקוי,בהיר,יבש,שישי,יום,יום רגיל,10,14,6300,5,,
2025001136,קטלנית,1,עירוני לא בצומת,1,עד 50,5 עד 7 מטר,אין ליקוי,בהיר,יבש,חמישי,יום,יום רגיל,11,12,7100,6,,
2025001192,קשה,0,עירוני בצומת,1,60,10.5 עד 14 מטר,אין ליקוי,בהיר,יבש,שישי,יום,יום רגיל,5,18,7400,4,,
2025001201,קטלנית,1,עירוני בצומת,1,עד 50,5 עד 7 מטר,אין ליקוי,בהיר,יבש,רביעי,לילה,יום רגיל,10,21,8300,4,,
2025001207,קטלנית,1,עירוני בצומת,1,עד 50,7 עד 10.5 מטר,אין ליקוי,בהיר,יבש,שלישי,יום,יום רגיל,9,18,8400,4,,
2025001208,קשה,0,עירוני לא בצומת,1,עד 50,5 עד 7 מטר,אין ליקוי,בהיר,יבש,רביעי,יום,חול המועד,4,8,7400,4,,
2025001211,קלה,0,עירוני בצומת,1,עד 50,5 עד 7 מטר,אין ליקוי,בהיר,יבש,ראשון,לילה,יום רגיל,3,18,3000,1,,
2025001238,קלה,0,לא עירוני בצומת,0,60,10.5 עד 14 מטר,אין ליקוי,בהיר,יבש,שבת,לילה,יום רגיל,12,23,0,4,,
2025001273,קלה,0,עירוני בצומת,1,עד 50,7 עד 10.5 מטר,אין ליקוי,בהיר,יבש,ראשון,יום,יום רגיל,11,13,6900,4,,
2025001274,קשה,0,עירוני לא בצומת,1,לא ידוע,,לא ידוע,לא ידוע,לא ידוע,חמישי,יום,יום רגיל,5,12,2400,5,,
2025001296,קלה,0,עירוני לא בצומת,1,עד 50,5 עד 7 מטר,אין ליקוי,בהיר,יבש,שני,יום,יום רגיל,1,9,3000,1,,
2025001311,קלה,0,עירוני בצומת,1,עד 50,5 עד 7 מטר,אין ליקוי,בהיר,יבש,שלישי,יום,יום רגיל,8,15,70,6,,
2025001318,קלה,0,לא עירוני לא בצומת,0,70,7 עד 10.5 מטר,אין ליקוי,בהיר,יבש,שני,יום,יום רגיל,6,14,0,1,,
2025001325,קשה,0,עירוני לא בצומת,1,לא ידוע,,לא ידוע,לא ידוע,לא ידוע,ראשון,יום,יום רגיל,12,13,3000,1,,
2025001326,קשה,0,עירוני לא בצומת,1,לא ידוע,,לא ידוע,לא ידוע,לא ידוע,שלישי,לילה,יום רגיל,1,18,5000,5,,
2025001332,קלה,0,עירוני לא בצומת,1,לא ידוע,עד 5 מטר,אין ליקוי,בהיר,יבש,רביעי,יום,יום רגיל,3,9,6600,5,,
2025001353,קלה,0,עירוני בצומת,1,עד 50,5 עד 7 מטר,לא ידוע,בהיר,יבש,חמישי,יום,יום רגיל,7,11,5000,5,,
2025001356,קלה,0,לא עירוני בצומת,0,80,7 עד 10.5 מטר,אין ליקוי,בהיר,יבש,שני,יום,יום רגיל,3,16,0,2,,
2025001360,קשה,0,לא עירוני לא בצומת,0,לא ידוע,,לא ידוע,לא ידוע,לא ידוע,רביעי,יום,יום רגיל,8,10,0,4,,
2025001367,קלה,0,עירוני בצומת,1,עד 50,7 עד 10.5 מטר,אין ליקוי,בהיר,יבש,שלישי,יום,יום רגיל,7,5,4000,3,,
2025001382,קלה,0,עירוני בצומת,1,עד 50,7 עד 10.5 מטר,אין ליקוי,בהיר,יבש,שלישי,לילה,יום רגיל,1,21,7400,4,,
2025001384,קשה,0,לא עירוני לא בצומת,0,לא ידוע,,לא ידוע,לא ידוע,לא ידוע,חמישי,יום,יום רגיל,6,15,0,2,,
2025001393,קשה,0,לא עירוני לא בצומת,0,80,7 עד 10.5 מטר,אין ליקוי,בהיר,יבש,רביעי,יום,יום רגיל,7,11,0,6,,
2025001404,קשה,0,עירוני בצומת,1,70,7 עד 10.5 מטר,אין ליקוי,בהיר,יבש,שישי,יום,יום רגיל,8,15,4000,3,,
2025001416,קלה,0,לא עירוני בצומת,0,עד 50,10.5 עד 14 מטר,לא ידוע,בהיר,רטוב ממים,שבת,לילה,יום רגיל,3,6,0,5,,
2025001419,קטלנית,1,לא עירוני לא בצומת,0,90,10.5 עד 14 מטר,אין ליקוי,בהיר,יבש,שלישי,לילה,יום רגיל,1,21,0,4,,
2025001429,קלה,0,עירוני לא בצומת,1,עד 50,5 עד 7 מטר,אין ליקוי,בהיר,יבש,ראשון,יום,יום רגיל,10,8,7400,4,,
2025001432,קשה,0,לא עירוני בצומת,0,90,10.5 עד 14 מטר,אין ליקוי,בהיר,יבש,רביעי,יום,יום רגיל,6,10,0,6,,
2025001437,קלה,0,עירוני לא בצומת,1,עד 50,10.5 עד 14 מטר,אין ליקוי,בהיר,יבש,שבת,יום,חג,4,18,4000,3,,
2025001452,קלה,0,עירוני בצומת,1,עד 50,יותר מ-14 מטר,אין ליקוי,בהיר,יבש,שבת,יום,יום רגיל,12,15,8300,4,,
2025001456,קשה,0,לא עירוני לא בצומת,0,עד 50,5 עד 7 מטר,אין ליקוי,בהיר,יבש,חמישי,יום,יום רגיל,7,6,0,6,,
2025001457,קלה,0,עירוני בצומת,1,עד 50,5 עד 7 מטר,אין ליקוי,בהיר,יבש,חמישי,יום,יום רגיל,1,12,3000,1,,
2025001462,קלה,0,לא עירוני לא בצומת,0,לא ידוע,,לא ידוע,לא ידוע,לא ידוע,שישי,לילה,יום רגיל,12,23,0,5,,
2025001463,קלה,0,עירוני בצומת,1,70,יותר מ-14 מטר,אין ליקוי,בהיר,יבש,חמישי,יום,חג,5,7,9600,3,,
2025001474,קלה,0,לא עירוני לא בצומת,0,90,10.5 עד 14 מטר,אין ליקוי,לא ידוע,רטוב ממים,רביעי,יום,יום רגיל,2,14,0,4,,
2025001475,קלה,0,עירוני לא בצומת,1,עד 50,5 עד 7 מטר,אין ליקוי,בהיר,יבש,שבת,יום,יום רגיל,8,12,7400,4,,
2025001495,קלה,0,עירוני בצומת,1,עד 50,5 עד 7 מטר,אין ליקוי,גשום,רטוב ממים,חמישי,יום,יום רגיל,2,7,3000,1,,
2025001508,קשה,0,עירוני לא בצומת,1,לא ידוע,,לא ידוע,לא ידוע,לא ידוע,שני,יום,יום רגיל,1,9,7100,6,,
2025001514,קלה,0,לא עירוני בצומת,0,70,יותר מ-14 מטר,אין ליקוי,בהיר,יבש,שני,יום,יום רגיל,9,18,0,5,,
2025001520,קלה,0,עירוני לא בצומת,1,עד 50,5 עד 7 מטר,אין ליקוי,בהיר,יבש,ראשון,יום,יום רגיל,3,14,7800,3,,
2025001523,קטלנית,1,לא עירוני בצומת,0,70,7 עד 10.5 מטר,אין ליקוי,בהיר,יבש,שבת,לילה,יום רגיל,12,19,0,4,,
2025001531,קלה,0,עירוני בצומת,1,עד 50,,אין ליקוי,בהיר,יבש,רביעי,לילה,יום רגיל,6,20,5000,5,,
2025001551,קשה,0,עירוני לא בצומת,1,עד 50,7 עד 10.5 מטר,אין ליקוי,בהיר,יבש,רביעי,יום,יום רגיל,2,13,3000,1,,
2025001563,קלה,0,עירוני בצומת,1,עד 50,5 עד 7 מטר,אין ליקוי,בהיר,יבש,שני,לילה,יום רגיל,2,19,2600,6,,
2025001588,קשה,0,לא עירוני לא בצומת,0,100,יותר מ-14 מטר,אין ליקוי,בהיר,יבש,ראשון,יום,יום רגיל,9,13,0,3,,
2025001628,קלה,0,עירוני לא בצומת,1,עד 50,עד 5 מטר,אין ליקוי,בהיר,יבש,שלישי,יום,יום רגיל,5,6,7700,2,,
2025001670,קלה,0,לא עירוני בצומת,0,90,יותר מ-14 מטר,אין ליקוי,בהיר,יבש,רביעי,יום,ערב חג,10,10,0,6,,
2025001694,קלה,0,עירוני בצומת,1,עד 50,7 עד 10.5 מטר,אין ליקוי,בהיר,יבש,חמישי,לילה,יום רגיל,7,22,7400,4,,
2025001706,קטלנית,1,לא עירוני בצומת,0,80,יותר מ-14 מטר,אין ליקוי,שרבי,יבש,שני,יום,יום רגיל,8,18,0,7,,
2025001724,קלה,0,לא עירוני לא בצומת,0,90,10.5 עד 14 מטר,אין ליקוי,בהיר,יבש,שני,לילה,יום רגיל,1,20,0,5,,
2025001736,קלה,0,לא עירוני לא בצומת,0,לא ידוע,,לא ידוע,לא ידוע,לא ידוע,חמישי,יום,יום רגיל,10,11,0,6,,
2025001764,קשה,0,עירוני לא בצומת,1,70,10.5 עד 14 מטר,אין ליקוי,בהיר,יבש,שלישי,יום,יום רגיל,7,15,4000,3,,
2025001770,קלה,0,עירוני בצומת,1,עד 50,,אין ליקוי,בהיר,יבש,שני,יום,יום רגיל,7,15,7900,4,,
2025001785,קשה,0,עירוני בצומת,1,עד 50,5 עד 7 מטר,אין ליקוי,בהיר,יבש,שני,יום,יום רגיל,3,10,6100,5,,
2025001790,קלה,0,עירוני לא בצומת,1,עד 50,7 עד 10.5 מטר,אין ליקוי,בהיר,יבש,חמישי,לילה,יום רגיל,3,18,7100,6,,
2025001821,קלה,0,לא עירוני בצומת,0,80,יותר מ-14 מטר,אין ליקוי,בהיר,יבש,ראשון,יום,יום רגיל,11,13,0,4,,
2025001830,קלה,0,עירוני בצומת,1,עד 50,יותר מ-14 מטר,אין ליקוי,בהיר,יבש,חמישי,יום,יום רגיל,10,14,9000,6,,
2025001846,קלה,0,עירוני לא בצומת,1,עד 50,,אין ליקוי,לא ידוע,יבש,שישי,יום,יום רגיל,2,15,6400,5,,
2025001899,קלה,0,עירוני לא בצומת,1,עד 50,5 עד 7 מטר,אין ליקוי,בהיר,יבש,ראשון,יום,יום רגיל,10,7,6200,5,,
2025001901,קשה,0,עירוני לא בצומת,1,עד 50,5 עד 7 מטר,אין ליקוי,בהיר,יבש,שלישי,יום,יום רגיל,7,18,171,4,,
2025001918,קלה,0,עירוני בצומת,1,עד 50,יותר מ-14 מטר,אין ליקוי,בהיר,יבש,רביעי,לילה,יום רגיל,9,22,7900,4,,
2025001929,קטלנית,1,עירוני בצומת,1,עד 50,,אין ליקוי,בהיר,יבש,שישי,לילה,יום רגיל,12,0,5000,5,,
2025001945,קשה,0,עירוני לא בצומת,1,לא ידוע,,לא ידוע,לא ידוע,לא ידוע,שישי,לילה,יום רגיל,7,4,2640,4,,
2025001952,קלה,0,עירוני לא בצומת,1,60,,אין ליקוי,בהיר,יבש,ראשון,לילה,יום רגיל,7,21,1034,6,,
2025001971,קלה,0,עירוני לא בצומת,1,עד 50,7 עד 10.5 מטר,אין ליקוי,בהיר,יבש,שני,לילה,יום רגיל,1,17,3000,1,,
2025001995,קלה,0,עירוני בצומת,1,עד 50,7 עד 10.5 מטר,אין ליקוי,בהיר,יבש,שבת,יום,יום רגיל,8,18,7600,2,,
2025001999,קשה,0,עירוני בצומת,1,עד 50,,אין ליקוי,בהיר,יבש,רביעי,יום,יום רגיל,9,8,5000,5,,
2025002002,קלה,0,לא עירוני בצומת,0,80,5 עד 7 מטר,לא ידוע,בהיר,יבש,ראשון,יום,יום רגיל,5,7,0,6,,
2025002021,קשה,0,לא עירוני בצומת,0,עד 50,10.5 עד 14 מטר,אין ליקוי,בהיר,יבש,שישי,לילה,יום רגיל,8,1,0,3,,
2025002035,קלה,0,עירוני בצומת,1,עד 50,5 עד 7 מטר,אין ליקוי,בהיר,יבש,שישי,יום,יום רגיל,8,7,1200,4,,
2025002036,קשה,0,עירוני לא בצומת,1,לא ידוע,,לא ידוע,לא ידוע,לא ידוע,שני,יום,יום רגיל,1,15,70,6,,
2025002049,קלה,0,עירוני לא בצומת,1,עד 50,5 עד 7 מטר,אין ליקוי,בהיר,יבש,שלישי,לילה,יום רגיל,7,0,8600,5,,
2025002051,קשה,0,עירוני לא בצומת,1,לא ידוע,,לא ידוע,לא ידוע,לא ידוע,שישי,לילה,יום רגיל,5,4,3000,1,,
2025002067,קלה,0,עירוני בצומת,1,עד 50,5 עד 7 מטר,אין ליקוי,בהיר,יבש,שלישי,יום,יום רגיל,7,9,7900,4,,
2025002072,קלה,0,עירוני בצומת,1,עד 50,,אין ליקוי,בהיר,יבש,חמישי,לילה,חול המועד,4,20,4000,3,,
2025002106,קלה,0,עירוני לא בצומת,1,עד 50,5 עד 7 מטר,אין ליקוי,בהיר,יבש,שלישי,יום,יום רגיל,10,14,4000,3,,
2025002112,קשה,0,עירוני בצומת,1,לא ידוע,,לא ידוע,לא ידוע,לא ידוע,ראשון,לילה,יום רגיל,11,19,8400,4,,
2025002160,קלה,0,עירוני בצומת,1,60,10.5 עד 14 מטר,אין ליקוי,בהיר,יבש,ראשון,יום,יום רגיל,7,12,2500,3,,
2025002170,קשה,0,עירוני לא בצומת,1,לא ידוע,,לא ידוע,לא ידוע,לא ידוע,ראשון,לילה,יום רגיל,4,23,473,2,,
2025002194,קשה,0,לא עירוני לא בצומת,0,לא ידוע,,לא ידוע,לא ידוע,לא ידוע,שבת,יום,יום רגיל,4,8,0,4,,
2025002195,קשה,0,לא עירוני לא בצומת,0,לא ידוע,,לא ידוע,לא ידוע,לא ידוע,ראשון,יום,יום רגיל,5,6,0,6,,
2025002218,קשה,0,עירוני בצומת,1,עד 50,7 עד 10.5 מטר,אין ליקוי,בהיר,יבש,רביעי,יום,יום רגיל,10,12,8300,4,,
2025002222,קלה,0,לא עירוני בצומת,0,90,,אין ליקוי,בהיר,יבש,שבת,לילה,יום רגיל,3,23,0,4,,
2025002234,קלה,0,עירוני בצומת,1,עד 50,7 עד 10.5 מטר,אין ליקוי,בהיר,יבש,ראשון,לילה,יום רגיל,4,1,6600,5,,
2025002256,קלה,0,עירוני לא בצומת,1,עד 50,,אין ליקוי,בהיר,יבש,חמישי,יום,יום רגיל,5,8,7900,4,,
2025002268,קלה,0,עירוני בצומת,1,עד 50,יותר מ-14 מטר,לא ידוע,בהיר,יבש,שני,יום,יום רגיל,6,18,240,2,,
2025002270,קלה,0,לא עירוני בצומת,0,70,יותר מ-14 מטר,אין ליקוי,בהיר,יבש,ראשון,יום,יום רגיל,7,9,0,3,,
2025002315,קלה,0,עירוני בצומת,1,עד 50,,לא ידוע,בהיר,יבש,רביעי,יום,יום רגיל,5,15,3000,1,,
2025002321,קטלנית,1,לא עירוני לא בצומת,0,80,7 עד 10.5 מטר,אין ליקוי,בהיר,יבש,רביעי,יום,יום רגיל,8,15,0,3,,
2025002324,קשה,0,לא עירוני בצומת,0,לא ידוע,,לא ידוע,לא ידוע,לא ידוע,שבת,יום,יום רגיל,9,9,0,4,,
2025002347,קשה,0,לא עירוני לא בצומת,0,80,7 עד 10.5 מטר,אין ליקוי,בהיר,יבש,שלישי,לילה,יום רגיל,10,23,0,7,,
2025002364,קשה,0,עירוני לא בצומת,1,עד 50,7 עד 10.5 מטר,אין ליקוי,בהיר,יבש,רביעי,לילה,יום רגיל,12,19,6700,2,,
2025002372,קשה,0,עירוני בצומת,1,80,5 עד 7 מטר,אין ליקוי,בהיר,יבש,שני,יום,ערב חג,10,14,6200,5,,
2025002387,קלה,0,עירוני בצומת,1,עד 50,5 עד 7 מטר,אין ליקוי,בהיר,יבש,ראשון,יום,יום רגיל,10,16,5000,5,,
2025002389,קשה,0,עירוני לא בצומת,1,לא ידוע,,לא ידוע,לא ידוע,לא ידוע,ראשון,יום,יום רגיל,10,11,5000,5,,
2025002394,קשה,0,עירוני לא בצומת,1,עד 50,עד 5 מטר,אין ליקוי,בהיר,יבש,שלישי,יום,יום רגיל,6,8,3616,7,,
2025002400,קלה,0,לא עירוני בצומת,0,80,5 עד 7 מטר,אין ליקוי,בהיר,יבש,שישי,יום,יום רגיל,6,11,0,7,,
2025002405,קשה,0,עירוני לא בצומת,1,עד 50,7 עד 10.5 מטר,אין ליקוי,בהיר,יבש,שני,לילה,ערב חג,10,23,7200,4,,
2025002412,קטלנית,1,לא עירוני בצומת,0,90,7 עד 10.5 מטר,אין ליקוי,בהיר,יבש,שישי,לילה,יום רגיל,12,3,0,3,,
2025002435,קטלנית,1,לא עירוני לא בצומת,0,לא ידוע,,לא ידוע,לא ידוע,לא ידוע,שני,לילה,יום רגיל,12,6,0,3,,
2025002447,קלה,0,עירוני לא בצומת,1,עד 50,5 עד 7 מטר,אין ליקוי,בהיר,יבש,שישי,יום,יום רגיל,1,15,2640,4,,
2025002466,קשה,0,לא עירוני בצומת,0,70,5 עד 7 מטר,אין ליקוי,בהיר,יבש,ראשון,לילה,יום רגיל,3,23,0,2,,
2025002472,קלה,0,לא עירוני לא בצומת,0,80,7 עד 10.5 מטר,אין ליקוי,בהיר,יבש,שלישי,לילה,חג,9,20,0,2,,
2025002507,קלה,0,עירוני לא בצומת,1,עד 50,5 עד 7 מטר,אין ליקוי,בהיר,יבש,ראשון,יום,יום רגיל,11,15,8500,4,,
2025002516,קלה,0,עירוני בצומת,1,עד 50,יותר מ-14 מטר,אין ליקוי,בהיר,יבש,ראשון,יום,יום רגיל,6,17,4000,3,,
2025002520,קלה,0,עירוני לא בצומת,1,עד 50,,אין ליקוי,בהיר,יבש,שני,יום,יום רגיל,9,8,6300,5,,
2025002524,קלה,0,לא עירוני לא בצומת,0,80,,אין ליקוי,בהיר,יבש,שלישי,יום,יום רגיל,5,11,0,3,,
2025002543,קלה,0,עירוני לא בצומת,1,עד 50,7 עד 10.5 מטר,אין ליקוי,בהיר,יבש,שבת,לילה,יום רגיל,3,20,5000,5,,
2025002575,קשה,0,עירוני לא בצומת,1,לא ידוע,,לא ידוע,לא ידוע,לא ידוע,חמישי,יום,יום רגיל,9,12,7800,3,,
2025002580,קשה,0,עירוני לא בצומת,1,עד 50,7 עד 10.5 מטר,אין ליקוי,בהיר,יבש,שני,יום,ערב חג,9,9,9200,2,,
2025002589,קשה,0,עירוני לא בצומת,1,עד 50,עד 5 מטר,אין ליקוי,בהיר,יבש,שני,יום,יום רגיל,9,9,5000,5,,
2025002612,קלה,0,לא עירוני לא בצומת,0,עד 50,5 עד 7 מטר,לא ידוע,בהיר,יבש,ראשון,לילה,יום רגיל,9,23,0,4,,
2025002617,קלה,0,לא עירוני לא בצומת,0,80,7 עד 10.5 מטר,אין ליקוי,בהיר,יבש,שישי,יום,יום רגיל,2,9,0,2,,
2025002618,קשה,0,לא עירוני לא בצומת,0,לא ידוע,,לא ידוע,לא ידוע,לא ידוע,שלישי,יום,יום רגיל,4,13,0,4,,
2025002673,קלה,0,עירוני בצומת,1,60,7 עד 10.5 מטר,אין ליקוי,בהיר,יבש,שבת,יום,יום רגיל,5,18,9000,6,,
2025002674,קשה,0,עירוני לא בצומת,1,עד 50,5 עד 7 מטר,כביש משובש,בהיר,יבש,חמישי,יום,יום רגיל,11,12,8300,4,,
2025002735,קלה,0,עירוני לא בצומת,1,עד 50,7 עד 10.5 מטר,לא ידוע,בהיר,יבש,ראשון,יום,יום רגיל,5,13,2610,1,,
2025002752,קשה,0,לא עירוני לא בצומת,0,90,יותר מ-14 מטר,אין ליקוי,בהיר,יבש,ראשון,יום,יום רגיל,9,16,0,4,,
2025002765,קלה,0,עירוני בצומת,1,עד 50,5 עד 7 מטר,אין ליקוי,בהיר,יבש,רביעי,יום,יום רגיל,2,13,5000,5,,
2025002777,קשה,0,עירוני לא בצומת,1,לא ידוע,,לא ידוע,לא ידוע,לא ידוע,חמישי,יום,יום רגיל,5,13,2610,1,,
2025002778,קלה,0,עירוני לא בצומת,1,עד 50,5 עד 7 מטר,אין ליקוי,בהיר,יבש,חמישי,יום,יום רגיל,6,15,4000,3,,
2025002783,קלה,0,לא עירוני בצומת,0,90,7 עד 10.5 מטר,אין ליקוי,בהיר,יבש,שני,יום,יום רגיל,1,8,0,6,,
2025002800,קשה,0,לא עירוני לא בצומת,0,80,7 עד 10.5 מטר,אין ליקוי,בהיר,יבש,ראשון,יום,יום רגיל,4,13,0,7,,
2025002816,קלה,0,עירוני בצומת,1,עד 50,7 עד 10.5 מטר,אין ליקוי,בהיר,יבש,ראשון,יום,יום רגיל,11,7,70,6,,
2025002819,קלה,0,עירוני בצומת,1,לא ידוע,,לא ידוע,לא ידוע,לא ידוע,שלישי,יום,יום רגיל,10,15,6300,5,,
2025002827,קלה,0,לא עירוני בצומת,0,90,5 עד 7 מטר,אין ליקוי,בהיר,יבש,שישי,יום,יום רגיל,4,11,0,3,,
2025002835,קשה,0,עירוני בצומת,1,עד 50,,אין ליקוי,בהיר,יבש,שלישי,לילה,יום רגיל,6,21,5000,5,,
2025002874,קשה,0,לא עירוני בצומת,0,70,10.5 עד 14 מטר,אין ליקוי,בהיר,יבש,רביעי,לילה,חג,9,20,0,4,,
2025002895,קלה,0,עירוני בצומת,1,עד 50,7 עד 10.5 מטר,אין ליקוי,בהיר,יבש,חמישי,יום,יום רגיל,7,8,6600,5,,
2025002896,קלה,0,עירוני בצומת,1,עד 50,5 עד 7 מטר,אין ליקוי,בהיר,יבש,שני,יום,ערב חג,9,10,70,6,,
2025002901,קלה,0,לא עירוני לא בצומת,0,80,7 עד 10.5 מטר,אין ליקוי,בהיר,יבש,שבת,יום,יום רגיל,4,9,0,2,,
2025002905,קשה,0,עירוני לא בצומת,1,לא ידוע,,לא ידוע,לא ידוע,לא ידוע,שבת,לילה,יום רגיל,12,2,8200,3,,
2025002909,קלה,0,עירוני לא בצומת,1,עד 50,עד 5 מטר,אין ליקוי,בהיר,יבש,שלישי,לילה,יום רגיל,9,19,1020,3,,
2025002930,קלה,0,עירוני בצומת,1,70,10.5 עד 14 מטר,אין ליקוי,לא ידוע,יבש,שלישי,יום,יום רגיל,4,10,70,6,,
2025002949,קשה,0,עירוני לא בצומת,1,עד 50,7 עד 10.5 מטר,אין ליקוי,בהיר,יבש,שבת,יום,יום רגיל,1,14,7800,3,,
2025002960,קלה,0,לא עירוני בצומת,0,60,10.5 עד 14 מטר,אין ליקוי,בהיר,יבש,רביעי,יום,יום רגיל,5,16,0,4,,
2025002963,קלה,0,עירוני בצומת,1,עד 50,עד 5 מטר,אין ליקוי,בהיר,יבש,ראשון,יום,יום רגיל,5,11,5000,5,,
2025002969,קשה,0,עירוני בצומת,1,עד 50,10.5 עד 14 מטר,אין ליקוי,בהיר,יבש,חמישי,לילה,יום רגיל,4,21,6900,4,,
2025002975,קלה,0,עירוני לא בצומת,1,עד 50,5 עד 7 מטר,אין ליקוי,בהיר,יבש,רביעי,לילה,חול המועד,10,19,6600,5,,
2025002999,קלה,0,עירוני בצומת,1,עד 50,עד 5 מטר,אין ליקוי,בהיר,יבש,שלישי,יום,יום רגיל,5,13,1061,2,,
2025003000,קלה,0,לא עירוני בצומת,0,90,7 עד 10.5 מטר,אין ליקוי,בהיר,יבש,חמישי,לילה,יום רגיל,5,20,0,3,,
2025003006,קלה,0,עירוני לא בצומת,1,עד 50,5 עד 7 מטר,אין ליקוי,בהיר,יבש,שלישי,יום,יום רגיל,3,7,70,6,,
2025003014,קלה,0,לא עירוני בצומת,0,80,7 עד 10.5 מטר,אין ליקוי,בהיר,יבש,שני,לילה,יום רגיל,6,23,0,6,,
2025003019,קלה,0,עירוני לא בצומת,1,לא ידוע,עד 5 מטר,אין ליקוי,בהיר,יבש,ראשון,יום,יום רגיל,8,6,6200,5,,
2025003024,קלה,0,עירוני בצומת,1,עד 50,,אין ליקוי,בהיר,יבש,שלישי,לילה,יום רגיל,1,17,7900,4,,
2025003050,קשה,0,לא עירוני לא בצומת,0,80,7 עד 10.5 מטר,אין ליקוי,בהיר,יבש,רביעי,יום,יום רגיל,12,15,0,2,,
2025003063,קשה,0,עירוני לא בצומת,1,עד 50,עד 5 מטר,אין ליקוי,בהיר,יבש,חמישי,יום,ערב חג,3,15,6900,4,,
2025003084,קלה,0,עירוני לא בצומת,1,עד 50,5 עד 7 מטר,אין ליקוי,בהיר,יבש,שני,יום,יום רגיל,9,15,2640,4,,
2025003098,קלה,0,עירוני לא בצומת,1,עד 50,7 עד 10.5 מטר,אין ליקוי,בהיר,יבש,ראשון,יום,יום רגיל,1,11,2720,4,,
2025003103,קלה,0,לא עירוני בצומת,0,90,5 עד 7 מטר,אין ליקוי,בהיר,יבש,ראשון,יום,יום רגיל,3,13,0,6,,
2025003111,קלה,0,לא עירוני בצומת,0,90,,אין ליקוי,בהיר,יבש,רביעי,לילה,יום רגיל,8,23,0,6,,
2025003130,קשה,0,עירוני לא בצומת,1,לא ידוע,,לא ידוע,לא ידוע,לא ידוע,שלישי,יום,יום רגיל,10,8,2530,4,,
2025003135,קלה,0,עירוני לא בצומת,1,עד 50,עד 5 מטר,אין ליקוי,בהיר,יבש,חמישי,יום,יום רגיל,5,11,7000,4,,
2025003166,קלה,0,עירוני לא בצומת,1,עד 50,5 עד 7 מטר,אין ליקוי,בהיר,יבש,חמישי,לילה,יום רגיל,12,16,7400,4,,
2025003174,קלה,0,עירוני בצומת,1,לא ידוע,,לא ידוע,לא ידוע,לא ידוע,ראשון,יום,חול המועד,10,17,7400,4,,
2025003183,קלה,0,עירוני לא בצומת,1,עד 50,7 עד 10.5 מטר,אין ליקוי,בהיר,יבש,שישי,יום,יום רגיל,8,15,6600,5,,
2025003184,קלה,0,עירוני בצומת,1,עד 50,7 עד 10.5 מטר,אין ליקוי,בהיר,יבש,חמישי,יום,יום רגיל,2,8,9000,6,,
2025003186,קשה,0,לא עירוני לא בצומת,0,80,7 עד 10.5 מטר,אין ליקוי,בהיר,יבש,רביעי,יום,יום רגיל,2,17,0,2,,
2025003211,קשה,0,עירוני לא בצומת,1,לא ידוע,,לא ידוע,לא ידוע,לא ידוע,חמישי,לילה,יום רגיל,1,18,5000,5,,
2025003217,קשה,0,עירוני בצומת,1,עד 50,5 עד 7 מטר,אין ליקוי,בהיר,יבש,שלישי,לילה,יום רגיל,7,19,5000,5,,
2025003218,קלה,0,עירוני בצומת,1,60,5 עד 7 מטר,אין ליקוי,בהיר,יבש,שלישי,יום,יום רגיל,5,11,8300,4,,
2025003237,קלה,0,עירוני לא בצומת,1,עד 50,7 עד 10.5 מטר,אין ליקוי,בהיר,יבש,ראשון,יום,יום רגיל,1,10,9700,4,,
2025003242,קלה,0,עירוני בצומת,1,עד 50,יותר מ-14 מטר,אין ליקוי,בהיר,יבש,ראשון,יום,יום רגיל,8,12,7900,4,,
2025003246,קלה,0,עירוני בצומת,1,עד 50,7 עד 10.5 מטר,אין ליקוי,בהיר,יבש,ראשון,יום,ערב חג,6,10,70,6,,
2025003280,קלה,0,עירוני בצומת,1,עד 50,יותר מ-14 מטר,אין ליקוי,בהיר,יבש,שני,יום,יום רגיל,4,10,4000,3,,
2025003292,קשה,0,עירוני לא בצומת,1,לא ידוע,,לא ידוע,לא ידוע,לא ידוע,שלישי,יום,יום רגיל,8,17,2610,1,,
2025003295,קלה,0,לא עירוני בצומת,0,70,יותר מ-14 מטר,אין ליקוי,בהיר,יבש,שני,יום,חול המועד,4,9,0,3,,
2025003302,קלה,0,עירוני לא בצומת,1,עד 50,10.5 עד 14 מטר,אין ליקוי,בהיר,יבש,חמישי,לילה,יום רגיל,2,21,7100,6,,
2025003305,קלה,0,לא עירוני בצומת,0,70,7 עד 10.5 מטר,אין ליקוי,בהיר,יבש,רביעי,יום,יום רגיל,7,11,0,3,,
2025003310,קלה,0,לא עירוני בצומת,0,90,7 עד 10.5 מטר,אין ליקוי,בהיר,יבש,רביעי,יום,יום רגיל,9,10,0,4,,
2025003312,קלה,0,עירוני בצומת,1,עד 50,5 עד 7 מטר,אין ליקוי,בהיר,יבש,שבת,יום,יום רגיל,8,16,4000,3,,
2025003358,קלה,0,עירוני בצומת,1,עד 50,,אין ליקוי,בהיר,יבש,שלישי,יום,יום רגיל,8,7,9000,6,,
2025003381,קשה,0,עירוני לא בצומת,1,עד 50,7 עד 10.5 מטר,אין ליקוי,בהיר,יבש,שני,לילה,יום רגיל,3,21,4000,3,,
2025003382,קלה,0,עירוני בצומת,1,לא ידוע,,לא ידוע,לא ידוע,לא ידוע,שני,יום,יום רגיל,6,14,3000,1,,
2025003389,קלה,0,לא עירוני לא בצומת,0,80,7 עד 10.5 מטר,אין ליקוי,בהיר,יבש,שישי,יום,יום רגיל,9,16,0,2,,
2025003391,קשה,0,לא עירוני בצומת,0,לא ידוע,,לא ידוע,לא ידוע,לא ידוע,שני,יום,יום רגיל,11,13,0,2,,
2025003395,קשה,0,עירוני לא בצומת,1,לא ידוע,,לא ידוע,לא ידוע,לא ידוע,חמישי,יום,יום רגיל,7,7,6200,5,,
2025003405,קלה,0,עירוני לא בצומת,1,עד 50,5 עד 7 מטר,אין ליקוי,בהיר,יבש,רביעי,לילה,יום רגיל,5,3,8600,5,,
2025003429,קשה,0,עירוני בצומת,1,עד 50,7 עד 10.5 מטר,אין ליקוי,בהיר,יבש,רביעי,לילה,יום רגיל,11,16,4000,3,,
2025003468,קלה,0,עירוני לא בצומת,1,עד 50,10.5 עד 14 מטר,אין ליקוי,בהיר,יבש,ראשון,יום,יום רגיל,9,15,2800,2,,
2025003473,קלה,0,לא עירוני לא בצומת,0,80,7 עד 10.5 מטר,אין ליקוי,בהיר,יבש,שבת,יום,יום רגיל,2,13,0,3,,
2025003475,קלה,0,לא עירוני בצומת,0,80,7 עד 10.5 מטר,אין ליקוי,בהיר,יבש,שני,לילה,יום רגיל,7,20,0,6,,
2025003479,קטלנית,1,לא עירוני לא בצומת,0,110,יותר מ-14 מטר,אין ליקוי,בהיר,יבש,שבת,לילה,יום רגיל,12,0,0,3,,
2025003490,קטלנית,1,לא עירוני בצומת,0,80,5 עד 7 מטר,אין ליקוי,בהיר,יבש,שישי,יום,יום רגיל,1,12,0,7,,
2025003520,קלה,0,עירוני לא בצומת,1,עד 50,עד 5 מטר,אין ליקוי,בהיר,יבש,שישי,יום,יום רגיל,1,13,5000,5,,
2025003531,קלה,0,עירוני בצומת,1,עד 50,7 עד 10.5 מטר,אין ליקוי,בהיר,יבש,שלישי,יום,יום רגיל,4,15,1139,2,,
2025003541,קלה,0,לא עירוני בצומת,0,90,יותר מ-14 מטר,אין ליקוי,בהיר,יבש,חמישי,לילה,יום רגיל,3,0,0,3,,
2025003547,קלה,0,לא עירוני לא בצומת,0,90,יותר מ-14 מטר,אין ליקוי,בהיר,יבש,שני,לילה,יום רגיל,8,21,0,4,,
2025003549,קלה,0,עירוני לא בצומת,1,עד 50,5 עד 7 מטר,אין ליקוי,בהיר,יבש,חמישי,יום,יום רגיל,3,10,666,6,,
2025003582,קלה,0,עירוני בצומת,1,לא ידוע,,לא ידוע,לא ידוע,לא ידוע,שישי,יום,יום רגיל,11,14,2600,6,,
2025003590,קלה,0,עירוני בצומת,1,עד 50,5 עד 7 מטר,אין ליקוי,גשום,רטוב ממים,חמישי,יום,יום רגיל,2,9,9000,6,,
2025003598,קלה,0,עירוני בצומת,1,עד 50,7 עד 10.5 מטר,אין ליקוי,בהיר,יבש,רביעי,יום,יום רגיל,5,19,4000,3,,
2025003605,קלה,0,עירוני בצומת,1,לא ידוע,,לא ידוע,לא ידוע,לא ידוע,רביעי,יום,יום רגיל,12,11,5000,5,,
2025003615,קלה,0,עירוני בצומת,1,60,7 עד 10.5 מטר,אין ליקוי,בהיר,יבש,שבת,לילה,יום רגיל,3,18,5000,5,,
2025003617,קלה,0,לא עירוני בצומת,0,80,5 עד 7 מטר,אין ליקוי,בהיר,יבש,שבת,לילה,יום רגיל,5,4,0,2,,
2025003630,קשה,0,עירוני בצומת,1,60,10.5 עד 14 מטר,אין ליקוי,בהיר,יבש,רביעי,יום,יום רגיל,4,11,4000,3,,
2025003639,קלה,0,עירוני לא בצומת,1,עד 50,7 עד 10.5 מטר,אין ליקוי,בהיר,יבש,חמישי,לילה,ערב חג,3,20,6100,5,,
2025003648,קלה,0,עירוני לא בצומת,1,לא ידוע,,לא ידוע,לא ידוע,לא ידוע,שבת,לילה,יום רגיל,11,17,4000,3,,
2025003654,קטלנית,1,עירוני לא בצומת,1,עד 50,,לא ידוע,בהיר,יבש,שישי,לילה,חול המועד,10,20,1161,6,,
2025003677,קלה,0,לא עירוני בצומת,0,עד 50,5 עד 7 מטר,אין ליקוי,בהיר,יבש,ראשון,לילה,יום רגיל,6,23,0,3,,
2025003684,קלה,0,עירוני בצומת,1,עד 50,7 עד 10.5 מטר,אין ליקוי,בהיר,יבש,שני,לילה,יום רגיל,3,19,6500,3,,
2025003704,קלה,0,עירוני בצומת,1,עד 50,5 עד 7 מטר,אין ליקוי,בהיר,יבש,חמישי,לילה,יום רגיל,1,17,3000,1,,
2025003705,קטלנית,1,עירוני לא בצומת,1,עד 50,5 עד 7 מטר,אין ליקוי,בהיר,יבש,ראשון,לילה,יום רגיל,7,23,1296,2,,
2025003713,קלה,0,עירוני לא בצומת,1,עד 50,7 עד 10.5 מטר,אין ליקוי,בהיר,יבש,שלישי,יום,יום רגיל,10,13,7400,4,,
2025003719,קלה,0,עירוני בצומת,1,עד 50,,אין ליקוי,בהיר,יבש,שבת,יום,יום רגיל,11,11,9000,6,,
2025003729,קשה,0,לא עירוני לא בצומת,0,עד 50,5 עד 7 מטר,אין ליקוי,בהיר,אחר,שבת,יום,יום רגיל,1,14,0,9,,
2025003743,קלה,0,עירוני בצומת,1,עד 50,5 עד 7 מטר,אין ליקוי,לא ידוע,רטוב ממים,חמישי,יום,יום רגיל,2,9,5000,5,,
2025003752,קשה,0,לא עירוני לא בצומת,0,80,10.5 עד 14 מטר,אין ליקוי,בהיר,יבש,שבת,יום,יום רגיל,7,14,0,2,,
2025003756,קטלנית,1,עירוני בצומת,1,עד 50,5 עד 7 מטר,אין ליקוי,בהיר,יבש,ראשון,יום,יום רגיל,5,12,4000,3,,
2025003759,קלה,0,לא עירוני לא בצומת,0,60,7 עד 10.5 מטר,אין ליקוי,בהיר,יבש,רביעי,יום,יום רגיל,7,16,0,7,,
2025003772,קשה,0,לא עירוני לא בצומת,0,לא ידוע,,לא ידוע,לא ידוע,לא ידוע,ראשון,לילה,יום רגיל,7,20,0,2,,
2025003779,קלה,0,עירוני לא בצומת,1,עד 50,5 עד 7 מטר,אין ליקוי,בהיר,יבש,חמישי,יום,יום רגיל,6,9,9700,4,,
2025003787,קלה,0,עירוני בצומת,1,עד 50,יותר מ-14 מטר,אין ליקוי,בהיר,יבש,רביעי,יום,יום רגיל,5,11,4000,3,,
2025003798,קלה,0,לא עירוני בצומת,0,90,7 עד 10.5 מטר,אין ליקוי,בהיר,יבש,חמישי,יום,יום רגיל,11,14,0,6,,
2025003812,קלה,0,עירוני בצומת,1,עד 50,,אין ליקוי,בהיר,יבש,חמישי,יום,יום רגיל,9,15,6900,4,,
2025003827,קשה,0,לא עירוני לא בצומת,0,עד 50,7 עד 10.5 מטר,אין ליקוי,בהיר,יבש,שני,יום,יום רגיל,6,19,0,2,,
2025003885,קלה,0,לא עירוני בצומת,0,80,יותר מ-14 מטר,אין ליקוי,בהיר,יבש,שלישי,יום,יום רגיל,12,10,0,4,,
2025003892,קלה,0,עירוני לא בצומת,1,עד 50,10.5 עד 14 מטר,אין ליקוי,בהיר,יבש,ראשון,לילה,יום רגיל,6,20,4000,3,,
2025003900,קשה,0,לא עירוני לא בצומת,0,80,7 עד 10.5 מטר,אין ליקוי,בהיר,יבש,שלישי,לילה,יום רגיל,9,5,0,2,,
2025003919,קלה,0,לא עירוני בצומת,0,70,יותר מ-14 מטר,אין ליקוי,בהיר,יבש,ראשון,לילה,ערב חג,6,19,0,3,,
2025003931,קלה,0,לא עירוני לא בצומת,0,80,7 עד 10.5 מטר,אין ליקוי,בהיר,יבש,ראשון,יום,יום רגיל,7,6,0,7,,
2025003936,קלה,0,לא עירוני לא בצומת,0,90,,אין ליקוי,בהיר,יבש,חמישי,לילה,יום רגיל,1,5,0,5,,
2025003941,קשה,0,לא עירוני לא בצומת,0,עד 50,7 עד 10.5 מטר,אין ליקוי,בהיר,יבש,שישי,יום,יום רגיל,10,15,0,2,,
2025003981,קלה,0,לא עירוני בצומת,0,80,5 עד 7 מטר,אין ליקוי,בהיר,יבש,שישי,יום,יום רגיל,5,11,0,2,,
2025003994,קשה,0,עירוני לא בצומת,1,עד 50,7 עד 10.5 מטר,אין ליקוי,בהיר,יבש,רביעי,יום,יום רגיל,4,14,3815,7,,
2025004024,קלה,0,לא עירוני לא בצומת,0,70,יותר מ-14 מטר,שוליים גרועים,בהיר,יבש,חמישי,לילה,יום רגיל,11,20,0,5,,
2025004031,קלה,0,עירוני לא בצומת,1,עד 50,7 עד 10.5 מטר,אין ליקוי,בהיר,יבש,שלישי,לילה,יום רגיל,1,17,4000,3,,
2025004045,קלה,0,לא עירוני בצומת,0,90,7 עד 10.5 מטר,אין ליקוי,בהיר,יבש,שלישי,לילה,יום רגיל,7,20,0,2,,
2025004051,קלה,0,עירוני לא בצומת,1,לא ידוע,,לא ידוע,לא ידוע,לא ידוע,חמישי,יום,יום רגיל,12,9,6600,5,,
2025004052,קשה,0,עירוני לא בצומת,1,עד 50,5 עד 7 מטר,אין ליקוי,בהיר,יבש,שני,יום,יום רגיל,2,16,2600,6,,
2025004061,קלה,0,לא עירוני בצומת,0,90,יותר מ-14 מטר,אין ליקוי,בהיר,יבש,שני,יום,יום רגיל,9,18,0,2,,
2025004072,קלה,0,עירוני לא בצומת,1,עד 50,5 עד 7 מטר,אין ליקוי,בהיר,יבש,ראשון,לילה,יום רגיל,10,6,8600,5,,
2025004074,קלה,0,לא עירוני בצומת,0,עד 50,7 עד 10.5 מטר,אין ליקוי,לא ידוע,לא ידוע,שלישי,יום,יום רגיל,4,12,0,6,,
2025004084,קשה,0,עירוני לא בצומת,1,עד 50,10.5 עד 14 מטר,אין ליקוי,בהיר,יבש,רביעי,לילה,יום רגיל,7,1,7300,2,,
2025004122,קלה,0,עירוני לא בצומת,1,לא ידוע,,לא ידוע,לא ידוע,לא ידוע,רביעי,יום,יום רגיל,7,15,5000,5,,
2025004140,קלה,0,עירוני לא בצומת,1,עד 50,,אין ליקוי,בהיר,יבש,שני,לילה,יום רגיל,8,20,5000,5,,
2025004152,קשה,0,עירוני בצומת,1,עד 50,7 עד 10.5 מטר,אין ליקוי,בהיר,יבש,חמישי,לילה,יום רגיל,2,23,5000,5,,
2025004153,קלה,0,עירוני לא בצומת,1,עד 50,5 עד 7 מטר,אין ליקוי,בהיר,יבש,שלישי,יום,יום רגיל,4,16,4000,3,,
2025004163,קשה,0,עירוני לא בצומת,1,לא ידוע,,לא ידוע,לא ידוע,לא ידוע,שישי,יום,יום רגיל,11,12,8400,4,,
2025004167,קלה,0,לא עירוני בצומת,0,90,יותר מ-14 מטר,אין ליקוי,בהיר,יבש,שלישי,יום,יום רגיל,10,13,0,4,,
2025004169,קשה,0,עירוני לא בצומת,1,לא ידוע,,לא ידוע,לא ידוע,לא ידוע,שני,יום,יום רגיל,9,7,5000,5,,
2025004173,קלה,0,עירוני בצומת,1,עד 50,7 עד 10.5 מטר,אין ליקוי,בהיר,יבש,שני,יום,יום רגיל,8,19,6900,4,,
2025004194,קלה,0,עירוני בצומת,1,לא ידוע,,לא ידוע,לא ידוע,לא ידוע,רביעי,יום,יום רגיל,7,12,8400,4,,
2025004200,קשה,0,לא עירוני לא בצומת,0,90,5 עד 7 מטר,אין ליקוי,גשום,רטוב ממים,רביעי,יום,יום רגיל,2,8,0,3,,
2025004206,קלה,0,לא עירוני בצומת,0,עד 50,5 עד 7 מטר,אין ליקוי,בהיר,יבש,חמישי,לילה,יום רגיל,4,23,0,5,,
2025004219,קשה,0,עירוני בצומת,1,עד 50,10.5 עד 14 מטר,אין ליקוי,בהיר,יבש,חמישי,יום,יום רגיל,1,15,7700,2,,
2025004220,קלה,0,לא עירוני בצומת,0,80,7 עד 10.5 מטר,אין ליקוי,בהיר,יבש,שלישי,יום,יום רגיל,8,13,0,6,,
2025004226,קשה,0,לא עירוני בצומת,0,לא ידוע,,לא ידוע,לא ידוע,לא ידוע,שלישי,יום,יום רגיל,7,9,0,5,,
2025004241,קלה,0,לא עירוני בצומת,0,60,7 עד 10.5 מטר,אין ליקוי,בהיר,יבש,שני,לילה,יום רגיל,9,19,0,6,,
2025004262,קלה,0,לא עירוני בצומת,0,90,,אין ליקוי,בהיר,יבש,חמישי,יום,יום רגיל,5,13,0,2,,
2025004264,קשה,0,לא עירוני לא בצומת,0,לא ידוע,,לא ידוע,לא ידוע,לא ידוע,ראשון,לילה,יום רגיל,10,18,0,2,,
2025004288,קשה,0,לא עירוני לא בצומת,0,70,7 עד 10.5 מטר,אין ליקוי,בהיר,יבש,שבת,יום,יום רגיל,3,16,0,2,,
2025004303,קלה,0,עירוני בצומת,1,עד 50,5 עד 7 מטר,אין ליקוי,לא ידוע,יבש,שני,לילה,יום רגיל,1,21,3000,1,,
2025004304,קלה,0,עירוני לא בצומת,1,עד 50,7 עד 10.5 מטר,אין ליקוי,בהיר,יבש,שבת,יום,חול המועד,10,12,7900,4,,
2025004321,קלה,0,לא עירוני בצומת,0,90,,אין ליקוי,בהיר,יבש,רביעי,יום,יום רגיל,9,10,0,6,,
2025004328,קשה,0,עירוני לא בצומת,1,לא ידוע,,לא ידוע,לא ידוע,לא ידוע,שישי,יום,יום רגיל,6,17,3000,1,,
2025004331,קלה,0,עירוני בצומת,1,עד 50,יותר מ-14 מטר,אין ליקוי,בהיר,יבש,ראשון,יום,יום רגיל,11,11,8600,5,,
2025004343,קלה,0,עירוני לא בצומת,1,עד 50,יותר מ-14 מטר,אין ליקוי,בהיר,יבש,שבת,יום,יום רגיל,9,11,2640,4,,
2025004352,קלה,0,עירוני לא בצומת,1,עד 50,5 עד 7 מטר,אין ליקוי,גשום,רטוב ממים,חמישי,יום,יום רגיל,12,9,5000,5,,
2025004353,קלה,0,עירוני בצומת,1,עד 50,,אין ליקוי,בהיר,יבש,ראשון,יום,יום רגיל,11,15,5000,5,,
2025004364,קשה,0,לא עירוני לא בצומת,0,לא ידוע,,לא ידוע,לא ידוע,לא ידוע,שישי,יום,יום רגיל,8,13,0,5,,
2025004367,קלה,0,עירוני לא בצומת,1,עד 50,5 עד 7 מטר,אין ליקוי,בהיר,יבש,שני,יום,יום רגיל,3,14,8700,4,,
2025004375,קשה,0,לא עירוני בצומת,0,80,7 עד 10.5 מטר,אין ליקוי,בהיר,יבש,שלישי,יום,יום רגיל,4,17,0,3,,
2025004377,קלה,0,עירוני לא בצומת,1,80,7 עד 10.5 מטר,אין ליקוי,בהיר,יבש,חמישי,יום,יום רגיל,10,9,5000,5,,
2025004385,קלה,0,עירוני בצומת,1,עד 50,,אין ליקוי,בהיר,יבש,רביעי,יום,יום רגיל,7,13,2640,4,,
2025004406,קלה,0,עירוני בצומת,1,עד 50,7 עד 10.5 מטר,אין ליקוי,לא ידוע,יבש,שישי,יום,יום רגיל,4,16,7900,4,,
2025004425,קלה,0,לא עירוני בצומת,0,עד 50,יותר מ-14 מטר,אין ליקוי,בהיר,יבש,שבת,יום,יום רגיל,2,16,0,5,,
2025004429,קשה,0,עירוני בצומת,1,70,,לא ידוע,בהיר,יבש,רביעי,לילה,יום רגיל,3,20,9000,6,,
2025004439,קטלנית,1,לא עירוני בצומת,0,70,יותר מ-14 מטר,אין ליקוי,בהיר,יבש,שלישי,לילה,יום רגיל,10,19,0,3,,
2025004450,קלה,0,עירוני בצומת,1,עד 50,10.5 עד 14 מטר,אין ליקוי,בהיר,יבש,שלישי,יום,יום רגיל,4,18,4000,3,,
2025004463,קלה,0,לא עירוני בצומת,0,90,7 עד 10.5 מטר,אין ליקוי,בהיר,יבש,שבת,יום,יום רגיל,7,14,0,2,,
2025004482,קשה,0,עירוני לא בצומת,1,עד 50,,אין ליקוי,בהיר,יבש,רביעי,יום,יום רגיל,8,13,565,5,,
2025004502,קלה,0,עירוני לא בצומת,1,80,5 עד 7 מטר,אין ליקוי,בהיר,יבש,חמישי,לילה,יום רגיל,10,0,9100,2,,
2025004517,קלה,0,לא עירוני לא בצומת,0,90,7 עד 10.5 מטר,אין ליקוי,בהיר,יבש,שישי,לילה,ערב חג,4,23,0,1,,
2025004522,קלה,0,לא עירוני בצומת,0,עד 50,5 עד 7 מטר,אין ליקוי,בהיר,יבש,שלישי,יום,יום רגיל,5,14,0,1,,
2025004525,קשה,0,עירוני לא בצומת,1,עד 50,5 עד 7 מטר,אין ליקוי,בהיר,יבש,שישי,יום,יום רגיל,4,7,6100,5,,
2025004528,קטלנית,1,לא עירוני לא בצומת,0,80,5 עד 7 מטר,אין ליקוי,בהיר,יבש,רביעי,יום,יום רגיל,3,16,0,2,,
2025004538,קלה,0,עירוני לא בצומת,1,עד 50,10.5 עד 14 מטר,אין ליקוי,בהיר,יבש,שישי,יום,יום רגיל,1,11,4000,3,,
2025004546,קשה,0,לא עירוני לא בצומת,0,90,7 עד 10.5 מטר,אין ליקוי,בהיר,יבש,רביעי,יום,יום רגיל,4,12,0,6,,
2025004553,קטלנית,1,עירוני לא בצומת,1,עד 50,5 עד 7 מטר,אין ליקוי,בהיר,יבש,שלישי,יום,יום רגיל,8,11,5000,5,,
2025004555,קלה,0,לא עירוני בצומת,0,70,,אין ליקוי,בהיר,יבש,שני,יום,יום רגיל,6,19,0,6,,
2025004602,קלה,0,עירוני לא בצומת,1,עד 50,7 עד 10.5 מטר,אין ליקוי,בהיר,יבש,חמישי,יום,יום רגיל,7,13,9200,2,,
2025004654,קטלנית,1,עירוני בצומת,1,עד 50,יותר מ-14 מטר,אין ליקוי,בהיר,יבש,שני,לילה,יום רגיל,12,18,7400,4,,
2025004658,קלה,0,עירוני בצומת,1,70,,אין ליקוי,בהיר,יבש,חמישי,יום,יום רגיל,8,17,9600,3,,
2025004678,קלה,0,עירוני לא בצומת,1,עד 50,5 עד 7 מטר,אין ליקוי,בהיר,יבש,שני,יום,יום רגיל,11,10,7100,6,,
2025004681,קלה,0,עירוני לא בצומת,1,עד 50,5 עד 7 מטר,אין ליקוי,בהיר,יבש,שישי,יום,יום רגיל,9,18,229,4,,
2025004701,קשה,0,לא עירוני לא בצומת,0,לא ידוע,,לא ידוע,לא ידוע,לא ידוע,חמישי,לילה,יום רגיל,1,5,0,7,,
2025004709,קשה,0,עירוני בצומת,1,לא ידוע,,לא ידוע,לא ידוע,לא ידוע,ראשון,יום,יום רגיל,11,8,8600,5,,
2025004718,קשה,0,לא עירוני לא בצומת,0,לא ידוע,,לא ידוע,לא ידוע,לא ידוע,שני,יום,יום רגיל,8,18,0,6,,
2025004721,קלה,0,עירוני לא בצומת,1,עד 50,10.5 עד 14 מטר,אין ליקוי,בהיר,יבש,ראשון,לילה,יום רגיל,4,22,6800,3,,
2025004738,קלה,0,עירוני בצומת,1,עד 50,7 עד 10.5 מטר,אין ליקוי,בהיר,יבש,ראשון,יום,יום רגיל,5,8,8600,5,,
2025004745,קלה,0,לא עירוני לא בצומת,0,60,5 עד 7 מטר,אין ליקוי,גשום,רטוב ממים,חמישי,יום,חול המועד,10,7,0,4,,
2025004770,קשה,0,עירוני לא בצומת,1,לא ידוע,,לא ידוע,לא ידוע,לא ידוע,שני,לילה,יום רגיל,10,18,7400,4,,
2025004773,קשה,0,לא עירוני לא בצומת,0,90,7 עד 10.5 מטר,אין ליקוי,בהיר,יבש,ראשון,לילה,יום רגיל,3,23,0,2,,
2025004796,קשה,0,עירוני לא בצומת,1,עד 50,5 עד 7 מטר,אין ליקוי,בהיר,יבש,שלישי,יום,יום רגיל,4,13,1224,4,,
2025004801,קלה,0,עירוני בצומת,1,עד 50,,אין ליקוי,בהיר,יבש,חמישי,לילה,יום רגיל,3,20,2650,5,,
2025004802,קלה,0,עירוני לא בצומת,1,עד 50,5 עד 7 מטר,אין ליקוי,גשום,רטוב ממים,חמישי,לילה,יום רגיל,2,18,240,2,,
2025004818,קטלנית,1,עירוני לא בצומת,1,עד 50,5 עד 7 מטר,אין ליקוי,בהיר,יבש,ראשון,לילה,יום רגיל,1,17,8500,4,,
2025004820,קלה,0,עירוני בצומת,1,עד 50,5 עד 7 מטר,אין ליקוי,בהיר,רטוב ממים,רביעי,לילה,יום רגיל,12,17,9600,3,,
2025004822,קלה,0,לא עירוני בצומת,0,עד 50,יותר מ-14 מטר,אין ליקוי,בהיר,יבש,חמישי,יום,יום רגיל,7,15,0,3,,
2025004860,קלה,0,עירוני לא בצומת,1,לא ידוע,,לא ידוע,לא ידוע,לא ידוע,שלישי,יום,יום רגיל,6,16,922,3,,
2025004878,קשה,0,עירוני לא בצומת,1,60,7 עד 10.5 מטר,אין ליקוי,בהיר,יבש,חמישי,לילה,יום רגיל,4,20,9000,6,,
2025004880,קלה,0,עירוני בצומת,1,עד 50,7 עד 10.5 מטר,אין ליקוי,גשום,רטוב ממים,ראשון,יום,יום רגיל,12,9,6900,4,,
2025004894,קלה,0,עירוני בצומת,1,לא ידוע,,לא ידוע,לא ידוע,לא ידוע,שלישי,יום,יום רגיל,9,15,5000,5,,
2025004923,קשה,0,עירוני לא בצומת,1,לא ידוע,,לא ידוע,לא ידוע,לא ידוע,חמישי,יום,יום רגיל,5,14,3000,1,,
2025004935,קשה,0,לא עירוני בצומת,0,90,5 עד 7 מטר,אין ליקוי,בהיר,יבש,ראשון,לילה,יום רגיל,10,5,0,2,,
2025004960,קלה,0,לא עירוני בצומת,0,70,7 עד 10.5 מטר,אין ליקוי,בהיר,יבש,רביעי,יום,יום רגיל,9,12,0,3,,
2025004979,קשה,0,עירוני לא בצומת,1,עד 50,,לא ידוע,בהיר,יבש,שישי,יום,יום רגיל,6,19,6100,5,,
2025004995,קשה,0,עירוני לא בצומת,1,עד 50,5 עד 7 מטר,אין ליקוי,בהיר,יבש,שישי,יום,יום רגיל,6,12,4702,2,,
2025005020,קשה,0,עירוני לא בצומת,1,עד 50,5 עד 7 מטר,לא ידוע,בהיר,חול או חצץ על הכביש,שלישי,יום,יום רגיל,5,9,3000,1,,
2025005031,קלה,0,עירוני לא בצומת,1,70,,אין ליקוי,לא ידוע,לא ידוע,ראשון,יום,יום רגיל,5,13,9000,6,,
2025005077,קלה,0,לא עירוני לא בצומת,0,110,10.5 עד 14 מטר,אין ליקוי,בהיר,יבש,שישי,יום,יום רגיל,10,8,0,4,,
2025005127,קלה,0,עירוני בצומת,1,עד 50,5 עד 7 מטר,אין ליקוי,בהיר,יבש,חמישי,יום,יום רגיל,3,15,9100,2,,
2025005157,קלה,0,עירוני לא בצומת,1,לא ידוע,,לא ידוע,לא ידוע,לא ידוע,שבת,יום,יום רגיל,7,18,1200,4,,
2025005167,קלה,0,עירוני בצומת,1,עד 50,,אין ליקוי,בהיר,יבש,רביעי,יום,יום רגיל,8,12,7900,4,,
2025005239,קלה,0,לא עירוני בצומת,0,90,10.5 עד 14 מטר,אין ליקוי,בהיר,יבש,שלישי,יום,יום רגיל,12,12,0,4,,
2025005250,קשה,0,עירוני לא בצומת,1,עד 50,10.5 עד 14 מטר,אין ליקוי,בהיר,יבש,רביעי,יום,יום רגיל,8,14,8600,5,,
2025005255,קשה,0,לא עירוני לא בצומת,0,100,10.5 עד 14 מטר,אין ליקוי,בהיר,יבש,רביעי,לילה,יום רגיל,1,17,0,4,,
2025005263,קלה,0,לא עירוני בצומת,0,80,7 עד 10.5 מטר,אין ליקוי,בהיר,יבש,שלישי,לילה,יום רגיל,8,23,0,4,,
2025005265,קשה,0,עירוני לא בצומת,1,לא ידוע,,לא ידוע,לא ידוע,לא ידוע,שלישי,יום,יום רגיל,2,14,3000,1,,
2025005269,קלה,0,לא עירוני בצומת,0,90,יותר מ-14 מטר,אין ליקוי,בהיר,יבש,שלישי,יום,יום רגיל,7,15,0,2,,
2025005277,קלה,0,עירוני לא בצומת,1,עד 50,5 עד 7 מטר,אין ליקוי,בהיר,יבש,שישי,יום,יום רגיל,4,17,8500,4,,
2025005288,קשה,0,לא עירוני לא בצומת,0,80,10.5 עד 14 מטר,אין ליקוי,בהיר,יבש,שלישי,יום,יום רגיל,9,12,0,6,,
2025005299,קלה,0,לא עירוני בצומת,0,90,5 עד 7 מטר,אין ליקוי,בהיר,יבש,שבת,לילה,יום רגיל,8,21,0,6,,
2025005309,קשה,0,עירוני לא בצומת,1,עד 50,7 עד 10.5 מטר,אין ליקוי,בהיר,יבש,שלישי,לילה,יום רגיל,8,20,8600,5,,
2025005317,קשה,0,עירוני לא בצומת,1,לא ידוע,,לא ידוע,לא ידוע,לא ידוע,שני,יום,יום רגיל,6,11,6200,5,,
2025005323,קלה,0,לא עירוני לא בצומת,0,100,7 עד 10.5 מטר,אין ליקוי,בהיר,יבש,ראשון,יום,יום רגיל,9,7,0,5,,
2025005325,קלה,0,עירוני בצומת,1,עד 50,5 עד 7 מטר,אין ליקוי,בהיר,יבש,חמישי,יום,יום רגיל,5,15,7400,4,,
2025005342,קלה,0,עירוני בצומת,1,עד 50,5 עד 7 מטר,לא ידוע,בהיר,יבש,חמישי,לילה,יום רגיל,1,6,6500,3,,
2025005351,קשה,0,לא עירוני לא בצומת,0,לא ידוע,,לא ידוע,לא ידוע,לא ידוע,שלישי,לילה,יום רגיל,2,20,0,4,,
2025005355,קלה,0,עירוני בצומת,1,עד 50,7 עד 10.5 מטר,אין ליקוי,בהיר,יבש,רביעי,יום,יום רגיל,3,9,1754,6,,
2025005356,קלה,0,לא עירוני לא בצומת,0,100,7 עד 10.5 מטר,אין ליקוי,לא ידוע,יבש,חמישי,יום,יום רגיל,6,9,0,1,,
2025005383,קלה,0,לא עירוני בצומת,0,עד 50,7 עד 10.5 מטר,אין ליקוי,בהיר,יבש,שני,לילה,יום רגיל,9,6,0,4,,
2025005395,קלה,0,עירוני לא בצומת,1,עד 50,5 עד 7 מטר,אין ליקוי,בהיר,יבש,חמישי,לילה,יום רגיל,10,19,2100,3,,
2025005398,קשה,0,עירוני לא בצומת,1,עד 50,5 עד 7 מטר,אין ליקוי,בהיר,חול או חצץ על הכביש,שלישי,יום,יום רגיל,3,16,3000,1,,
2025005419,קשה,0,לא עירוני לא בצומת,0,90,יותר מ-14 מטר,אין ליקוי,בהיר,יבש,שלישי,יום,יום רגיל,9,15,0,4,,
2025005421,קשה,0,עירוני לא בצומת,1,לא ידוע,,לא ידוע,לא ידוע,לא ידוע,חמישי,יום,יום רגיל,8,14,1061,2,,
2025005422,קשה,0,עירוני בצומת,1,עד 50,7 עד 10.5 מטר,אין ליקוי,בהיר,יבש,ראשון,לילה,יום רגיל,1,20,509,2,,
2025005431,קשה,0,עירוני בצומת,1,עד 50,יותר מ-14 מטר,אין ליקוי,בהיר,יבש,שלישי,יום,יום רגיל,7,11,70,6,,
2025005458,קטלנית,1,לא עירוני לא בצומת,0,80,7 עד 10.5 מטר,אין ליקוי,בהיר,יבש,חמישי,יום,יום רגיל,5,13,0,2,,
2025005468,קלה,0,עירוני בצומת,1,עד 50,5 עד 7 מטר,אין ליקוי,בהיר,יבש,חמישי,יום,יום רגיל,7,13,6100,5,,
2025005549,קלה,0,לא עירוני בצומת,0,90,5 עד 7 מטר,אין ליקוי,בהיר,יבש,שני,יום,יום רגיל,11,11,0,4,,
2025005553,קלה,0,עירוני בצומת,1,עד 50,,אין ליקוי,בהיר,יבש,חמישי,לילה,יום רגיל,7,0,7900,4,,
2025005565,קטלנית,1,עירוני לא בצומת,1,עד 50,,אין ליקוי,לא ידוע,יבש,שישי,יום,יום רגיל,3,13,6100,5,,
2025005573,קלה,0,עירוני בצומת,1,60,,אין ליקוי,בהיר,יבש,שישי,לילה,יום רגיל,9,4,9000,6,,
2025005574,קלה,0,עירוני לא בצומת,1,עד 50,,אין ליקוי,בהיר,יבש,שישי,לילה,חג,3,18,3570,7,,
2025005577,קלה,0,עירוני בצומת,1,עד 50,5 עד 7 מטר,אין ליקוי,בהיר,יבש,ראשון,לילה,יום רגיל,11,18,5000,5,,
2025005583,קשה,0,לא עירוני בצומת,0,90,10.5 עד 14 מטר,אין ליקוי,בהיר,יבש,חמישי,יום,יום רגיל,1,10,0,6,,
2025005610,קלה,0,עירוני בצומת,1,עד 50,עד 5 מטר,אין ליקוי,בהיר,יבש,חמישי,יום,יום רגיל,7,16,6400,5,,
2025005612,קשה,0,לא עירוני לא בצומת,0,90,7 עד 10.5 מטר,אין ליקוי,בהיר,יבש,שבת,יום,יום רגיל,7,11,0,2,,
2025005614,קשה,0,עירוני בצומת,1,לא ידוע,,לא ידוע,לא ידוע,לא ידוע,רביעי,יום,יום רגיל,3,12,6200,5,,
2025005629,קלה,0,עירוני לא בצומת,1,עד 50,,אין ליקוי,בהיר,יבש,ראשון,יום,יום רגיל,10,7,5000,5,,
2025005630,קלה,0,לא עירוני בצומת,0,90,7 עד 10.5 מטר,אין ליקוי,בהיר,יבש,שני,יום,יום רגיל,5,13,0,2,,
2025005633,קלה,0,עירוני לא בצומת,1,עד 50,5 עד 7 מטר,אין ליקוי,בהיר,יבש,רביעי,יום,יום רגיל,1,11,6500,3,,
2025005663,קלה,0,לא עירוני בצומת,0,80,7 עד 10.5 מטר,אין ליקוי,בהיר,יבש,רביעי,יום,יום רגיל,5,15,0,7,,
2025005667,קלה,0,עירוני בצומת,1,עד 50,,אין ליקוי,בהיר,יבש,שלישי,יום,יום רגיל,11,15,9500,3,,
2025005679,קשה,0,עירוני לא בצומת,1,לא ידוע,,לא ידוע,לא ידוע,לא ידוע,שישי,יום,יום רגיל,10,12,3000,1,,
2025005686,קלה,0,עירוני בצומת,1,עד 50,5 עד 7 מטר,אין ליקוי,גשום,רטוב ממים,חמישי,לילה,יום רגיל,12,17,3000,1,,
2025005700,קשה,0,עירוני לא בצומת,1,לא ידוע,,לא ידוע,לא ידוע,לא ידוע,ראשון,יום,יום רגיל,4,12,7100,6,,
2025005740,קטלנית,1,לא עירוני לא בצומת,0,100,5 עד 7 מטר,אין ליקוי,בהיר,יבש,ראשון,יום,יום רגיל,1,11,0,3,,
2025005747,קשה,0,עירוני לא בצומת,1,לא ידוע,,לא ידוע,לא ידוע,לא ידוע,חמישי,יום,יום רגיל,6,17,70,6,,
2025005753,קלה,0,עירוני בצומת,1,עד 50,עד 5 מטר,אין ליקוי,בהיר,יבש,ראשון,לילה,יום רגיל,1,18,7900,4,,
2025005788,קלה,0,לא עירוני לא בצומת,0,90,יותר מ-14 מטר,אין ליקוי,בהיר,יבש,שני,יום,יום רגיל,3,14,0,4,,
2025005791,קלה,0,עירוני לא בצומת,1,לא ידוע,,לא ידוע,לא ידוע,לא ידוע,שבת,לילה,יום רגיל,6,4,31,6,,
2025005792,קלה,0,עירוני בצומת,1,לא ידוע,,לא ידוע,לא ידוע,לא ידוע,ראשון,יום,יום רגיל,11,9,8300,4,,
2025005802,קשה,0,עירוני לא בצומת,1,עד 50,5 עד 7 מטר,אין ליקוי,בהיר,יבש,שישי,יום,יום רגיל,2,15,638,4,,
2025005818,קלה,0,עירוני בצומת,1,עד 50,5 עד 7 מטר,אין ליקוי,בהיר,יבש,רביעי,יום,יום רגיל,3,13,241,2,,
2025005837,קשה,0,עירוני לא בצומת,1,לא ידוע,,לא ידוע,לא ידוע,לא ידוע,חמישי,יום,יום רגיל,5,8,502,2,,
2025005850,קשה,0,לא עירוני לא בצומת,0,80,,אין ליקוי,בהיר,יבש,שבת,יום,יום רגיל,5,18,0,6,,
2025005880,קלה,0,עירוני לא בצומת,1,עד 50,7 עד 10.5 מטר,אין ליקוי,בהיר,יבש,חמישי,לילה,יום רגיל,2,17,7700,2,,
2025005909,קלה,0,עירוני לא בצומת,1,עד 50,7 עד 10.5 מטר,אין ליקוי,בהיר,רטוב ממים,שישי,יום,יום רגיל,1,16,7100,6,,
2025005912,קשה,0,עירוני לא בצומת,1,עד 50,יותר מ-14 מטר,אין ליקוי,בהיר,יבש,ראשון,יום,יום רגיל,5,10,1762,6,,
2025005921,קלה,0,עירוני לא בצומת,1,לא ידוע,5 עד 7 מטר,אין ליקוי,בהיר,יבש,שני,יום,יום רגיל,2,10,5000,5,,
2025005931,קלה,0,לא עירוני בצומת,0,80,7 עד 10.5 מטר,אין ליקוי,בהיר,יבש,רביעי,יום,יום רגיל,10,10,0,7,,
2025005937,קלה,0,עירוני בצומת,1,עד 50,יותר מ-14 מטר,אין ליקוי,בהיר,יבש,שלישי,יום,יום רגיל,7,17,7900,4,,
2025005944,קשה,0,עירוני בצומת,1,עד 50,,אין ליקוי,בהיר,יבש,רביעי,יום,יום רגיל,9,16,246,6,,
2025005945,קלה,0,עירוני לא בצומת,1,70,יותר מ-14 מטר,אין ליקוי,בהיר,יבש,שישי,לילה,יום רגיל,1,17,3000,1,,
2025005951,קלה,0,עירוני בצומת,1,עד 50,יותר מ-14 מטר,אין ליקוי,בהיר,יבש,שלישי,לילה,יום רגיל,1,19,7900,4,,
2025005970,קשה,0,לא עירוני לא בצומת,0,90,10.5 עד 14 מטר,אין ליקוי,בהיר,יבש,שני,יום,יום רגיל,3,12,0,4,,
2025005993,קלה,0,עירוני בצומת,1,עד 50,7 עד 10.5 מטר,אין ליקוי,לא ידוע,רטוב ממים,שני,יום,יום רגיל,12,7,9800,3,,
2025006005,קלה,0,עירוני לא בצומת,1,לא ידוע,,לא ידוע,לא ידוע,לא ידוע,חמישי,יום,יום רגיל,6,18,8300,4,,
2025006025,קלה,0,עירוני בצומת,1,עד 50,7 עד 10.5 מטר,אין ליקוי,בהיר,יבש,ראשון,לילה,יום רגיל,6,22,70,6,,
2025006026,קלה,0,עירוני בצומת,1,עד 50,7 עד 10.5 מטר,אין ליקוי,בהיר,יבש,ראשון,יום,יום רגיל,5,16,166,4,,
2025006028,קלה,0,עירוני לא בצומת,1,עד 50,7 עד 10.5 מטר,אין ליקוי,בהיר,יבש,רביעי,יום,יום רגיל,4,18,8600,5,,
2025006029,קלה,0,עירוני בצומת,1,עד 50,5 עד 7 מטר,אין ליקוי,בהיר,יבש,ראשון,יום,יום רגיל,6,10,1139,2,,
2025006042,קלה,0,עירוני בצומת,1,עד 50,10.5 עד 14 מטר,אין ליקוי,בהיר,יבש,רביעי,יום,יום רגיל,6,18,1761,6,,
2025006065,קשה,0,לא עירוני בצומת,0,לא ידוע,,לא ידוע,לא ידוע,לא ידוע,שני,לילה,יום רגיל,10,0,0,4,,
2025006098,קלה,0,עירוני לא בצומת,1,עד 50,7 עד 10.5 מטר,אין ליקוי,בהיר,יבש,ראשון,יום,יום רגיל,3,11,534,3,,
2025006114,קשה,0,לא עירוני לא בצומת,0,לא ידוע,,לא ידוע,לא ידוע,לא ידוע,רביעי,יום,יום רגיל,1,12,0,4,,
2025006123,קטלנית,1,לא עירוני לא בצומת,0,,7 עד 10.5 מטר,אין ליקוי,בהיר,יבש,שבת,יום,יום רגיל,11,14,0,4,,
2025006124,קלה,0,עירוני בצומת,1,לא ידוע,,לא ידוע,לא ידוע,לא ידוע,שישי,יום,יום רגיל,9,11,565,5,,
2025006132,קשה,0,עירוני בצומת,1,עד 50,5 עד 7 מטר,אין ליקוי,בהיר,יבש,שלישי,יום,יום רגיל,4,18,2660,4,,
2025006133,קלה,0,עירוני לא בצומת,1,עד 50,5 עד 7 מטר,אין ליקוי,בהיר,יבש,שבת,לילה,יום רגיל,11,1,4000,3,,
2025006135,קשה,0,עירוני בצומת,1,לא ידוע,,לא ידוע,לא ידוע,לא ידוע,חמישי,יום,יום רגיל,6,11,6800,3,,
2025006144,קשה,0,לא עירוני לא בצומת,0,לא ידוע,,לא ידוע,לא ידוע,לא ידוע,שבת,לילה,יום רגיל,11,19,0,2,,
2025006169,קשה,0,עירוני לא בצומת,1,לא ידוע,,לא ידוע,לא ידוע,לא ידוע,חמישי,יום,יום רגיל,10,13,638,4,,
2025006180,קשה,0,לא עירוני בצומת,0,80,עד 5 מטר,אין ליקוי,בהיר,יבש,רביעי,לילה,יום רגיל,5,0,0,7,,
2025006184,קשה,0,לא עירוני לא בצומת,0,לא ידוע,,לא ידוע,לא ידוע,לא ידוע,שבת,יום,יום רגיל,7,9,0,2,,
2025006190,קלה,0,עירוני בצומת,1,עד 50,7 עד 10.5 מטר,אין ליקוי,בהיר,יבש,שישי,לילה,חג,3,0,9000,6,,
2025006192,קלה,0,עירוני בצומת,1,עד 50,עד 5 מטר,אין ליקוי,בהיר,יבש,שני,יום,יום רגיל,6,7,7100,6,,
2025006203,קלה,0,עירוני לא בצומת,1,עד 50,5 עד 7 מטר,אין ליקוי,בהיר,יבש,שלישי,יום,יום רגיל,8,18,1247,3,,
2025006218,קלה,0,לא עירוני בצומת,0,עד 50,5 עד 7 מטר,אין ליקוי,בהיר,יבש,שני,יום,יום רגיל,3,6,0,2,,
2025006246,קלה,0,לא עירוני לא בצומת,0,90,10.5 עד 14 מטר,אין ליקוי,בהיר,יבש,שבת,לילה,יום רגיל,8,19,0,7,,
2025006250,קלה,0,עירוני בצומת,1,עד 50,5 עד 7 מטר,אין ליקוי,בהיר,יבש,שני,לילה,יום רגיל,10,18,4000,3,,
2025006288,קטלנית,1,עירוני לא בצומת,1,עד 50,7 עד 10.5 מטר,אין ליקוי,בהיר,יבש,ראשון,לילה,יום רגיל,8,20,36,6,,
2025006315,קשה,0,לא עירוני לא בצומת,0,לא ידוע,,לא ידוע,לא ידוע,לא ידוע,שישי,יום,יום רגיל,1,14,0,2,,
2025006329,קלה,0,עירוני לא בצומת,1,עד 50,7 עד 10.5 מטר,אין ליקוי,בהיר,יבש,ראשון,יום,יום רגיל,6,10,3000,1,,
2025006364,קלה,0,עירוני לא בצומת,1,עד 50,יותר מ-14 מטר,אין ליקוי,בהיר,יבש,שלישי,יום,יום רגיל,9,7,7100,6,,
2025006388,קלה,0,לא עירוני בצומת,0,עד 50,יותר מ-14 מטר,אין ליקוי,גשום,רטוב ממים,שני,לילה,יום רגיל,1,0,0,5,,
2025006390,קלה,0,לא עירוני לא בצומת,0,לא ידוע,,לא ידוע,לא ידוע,לא ידוע,שבת,לילה,יום רגיל,11,17,0,4,,
2025006399,קלה,0,לא עירוני לא בצומת,0,80,7 עד 10.5 מטר,אין ליקוי,בהיר,יבש,שלישי,יום,יום רגיל,7,16,0,7,,
2025006409,קשה,0,עירוני לא בצומת,1,לא ידוע,,לא ידוע,לא ידוע,לא ידוע,ראשון,יום,יום רגיל,11,15,1161,6,,
2025006434,קלה,0,עירוני בצומת,1,עד 50,,לא ידוע,בהיר,יבש,ראשון,יום,יום רגיל,5,14,7900,4,,
2025006471,קשה,0,עירוני לא בצומת,1,80,10.5 עד 14 מטר,אין ליקוי,בהיר,יבש,שלישי,לילה,יום רגיל,8,4,3000,1,,
2025006479,קלה,0,עירוני לא בצומת,1,עד 50,7 עד 10.5 מטר,אין ליקוי,בהיר,יבש,שישי,יום,יום רגיל,9,16,7900,4,,
2025006484,קלה,0,עירוני בצומת,1,עד 50,5 עד 7 מטר,אין ליקוי,בהיר,יבש,שישי,יום,יום רגיל,8,13,7700,2,,
2025006491,קשה,0,לא עירוני בצומת,0,80,5 עד 7 מטר,אין ליקוי,בהיר,יבש,שלישי,יום,יום רגיל,7,8,0,2,,
2025006499,קשה,0,לא עירוני לא בצומת,0,80,7 עד 10.5 מטר,אין ליקוי,בהיר,יבש,שבת,יום,יום רגיל,8,17,0,2,,
2025006520,קלה,0,עירוני בצומת,1,עד 50,7 עד 10.5 מטר,אין ליקוי,בהיר,יבש,שלישי,יום,יום רגיל,8,18,9700,4,,
2025006525,קשה,0,עירוני לא בצומת,1,עד 50,5 עד 7 מטר,אין ליקוי,בהיר,יבש,שבת,לילה,חול המועד,10,23,3000,1,,
2025006535,קלה,0,לא עירוני לא בצומת,0,70,7 עד 10.5 מטר,אין ליקוי,בהיר,יבש,חמישי,יום,יום רגיל,4,18,0,7,,
2025006560,קלה,0,לא עירוני בצומת,0,80,יותר מ-14 מטר,אין ליקוי,בהיר,יבש,שישי,לילה,יום רגיל,7,4,0,5,,
2025006574,קשה,0,לא עירוני לא בצומת,0,80,7 עד 10.5 מטר,אין ליקוי,בהיר,יבש,שלישי,לילה,יום רגיל,2,18,0,2,,
2025006584,קלה,0,לא עירוני בצומת,0,80,10.5 עד 14 מטר,אין ליקוי,בהיר,יבש,חמישי,לילה,יום רגיל,8,23,0,2,,
2025006599,קלה,0,עירוני לא בצומת,1,לא ידוע,,לא ידוע,לא ידוע,לא ידוע,שני,לילה,יום רגיל,5,19,6600,5,,
2025006602,קשה,0,עירוני לא בצומת,1,עד 50,10.5 עד 14 מטר,אין ליקוי,בהיר,יבש,רביעי,יום,יום רגיל,9,17,2660,4,,
2025006609,קלה,0,לא עירוני לא בצומת,0,90,יותר מ-14 מטר,אין ליקוי,בהיר,יבש,ראשון,יום,יום רגיל,3,6,0,4,,
2025006612,קשה,0,לא עירוני בצומת,0,לא ידוע,,לא ידוע,לא ידוע,לא ידוע,שישי,יום,יום רגיל,2,11,0,7,,
2025006644,קלה,0,לא עירוני בצומת,0,70,יותר מ-14 מטר,אין ליקוי,בהיר,יבש,רביעי,יום,יום רגיל,5,12,0,3,,
2025006651,קלה,0,עירוני בצומת,1,עד 50,5 עד 7 מטר,אין ליקוי,בהיר,יבש,חמישי,יום,חג,5,15,6400,5,,
2025006652,קלה,0,עירוני לא בצומת,1,עד 50,,אין ליקוי,בהיר,יבש,רביעי,לילה,יום רגיל,12,16,5000,5,,
2025006655,קלה,0,עירוני לא בצומת,1,לא ידוע,5 עד 7 מטר,אין ליקוי,בהיר,יבש,חמישי,יום,יום רגיל,1,14,5000,5,,
2025006662,קשה,0,עירוני לא בצומת,1,לא ידוע,,לא ידוע,לא ידוע,לא ידוע,שבת,יום,יום רגיל,9,17,6900,4,,
2025006677,קלה,0,לא עירוני בצומת,0,90,7 עד 10.5 מטר,אין ליקוי,בהיר,יבש,שני,יום,יום רגיל,8,10,0,6,,
2025006693,קלה,0,עירוני בצומת,1,עד 50,5 עד 7 מטר,אין ליקוי,בהיר,יבש,שני,יום,יום רגיל,7,13,2640,4,,
2025006717,קלה,0,עירוני בצומת,1,עד 50,7 עד 10.5 מטר,אין ליקוי,בהיר,יבש,שישי,יום,יום רגיל,5,8,6500,3,,
2025006724,קשה,0,עירוני בצומת,1,לא ידוע,,לא ידוע,לא ידוע,לא ידוע,חמישי,לילה,יום רגיל,10,17,8300,4,,
2025006767,קלה,0,עירוני בצומת,1,עד 50,5 עד 7 מטר,אין ליקוי,בהיר,יבש,רביעי,יום,יום רגיל,3,15,3000,1,,
2025006774,קלה,0,עירוני בצומת,1,עד 50,עד 5 מטר,אין ליקוי,בהיר,יבש,ראשון,יום,יום רגיל,11,7,7400,4,,
2025006776,קלה,0,עירוני לא בצומת,1,עד 50,עד 5 מטר,אין ליקוי,לא ידוע,יבש,ראשון,יום,יום רגיל,1,8,6200,5,,
2025006799,קלה,0,לא עירוני בצומת,0,70,7 עד 10.5 מטר,אין ליקוי,בהיר,יבש,ראשון,יום,יום רגיל,3,6,0,4,,
2025006801,קשה,0,עירוני בצומת,1,עד 50,5 עד 7 מטר,אין ליקוי,בהיר,יבש,ראשון,יום,יום רגיל,6,16,9000,6,,
2025006809,קטלנית,1,לא עירוני לא בצומת,0,90,7 עד 10.5 מטר,אין ליקוי,בהיר,יבש,חמישי,יום,יום רגיל,9,12,0,6,,
2025006810,קלה,0,עירוני לא בצומת,1,עד 50,יותר מ-14 מטר,אין ליקוי,בהיר,לא ידוע,שלישי,יום,יום רגיל,4,15,534,3,,
2025006825,קלה,0,עירוני לא בצומת,1,עד 50,,לא ידוע,בהיר,יבש,רביעי,יום,יום רגיל,10,11,3797,7,,
2025006829,קשה,0,עירוני לא בצומת,1,לא ידוע,,לא ידוע,לא ידוע,לא ידוע,שלישי,יום,יום רגיל,2,14,3000,1,,
2025006852,קלה,0,עירוני בצומת,1,עד 50,יותר מ-14 מטר,אין ליקוי,בהיר,יבש,ראשון,יום,יום רגיל,2,7,9600,3,,
2025006854,קלה,0,עירוני לא בצומת,1,עד 50,5 עד 7 מטר,אין ליקוי,בהיר,יבש,ראשון,יום,יום רגיל,12,10,2600,6,,
2025006882,קלה,0,עירוני בצומת,1,עד 50,7 עד 10.5 מטר,אין ליקוי,בהיר,יבש,שלישי,יום,יום רגיל,3,9,7400,4,,
2025006889,קלה,0,עירוני בצומת,1,עד 50,5 עד 7 מטר,אין ליקוי,בהיר,יבש,שני,יום,יום רגיל,6,8,3000,1,,
2025006911,קשה,0,עירוני לא בצומת,1,עד 50,7 עד 10.5 מטר,אין ליקוי,בהיר,יבש,שבת,יום,יום רגיל,3,16,489,2,,
2025006931,קלה,0,לא עירוני בצומת,0,70,7 עד 10.5 מטר,אין ליקוי,בהיר,יבש,ראשון,יום,יום רגיל,6,18,0,3,,
2025006961,קלה,0,לא עירוני בצומת,0,90,7 עד 10.5 מטר,אין ליקוי,בהיר,יבש,שבת,יום,יום רגיל,7,14,0,6,,
2025006978,קטלנית,1,עירוני בצומת,1,עד 50,7 עד 10.5 מטר,אין ליקוי,בהיר,יבש,רביעי,יום,יום רגיל,7,15,6900,4,,
2025006982,קשה,0,לא עירוני לא בצומת,0,90,10.5 עד 14 מטר,אין ליקוי,בהיר,יבש,רביעי,לילה,יום רגיל,5,22,0,6,,
2025006984,קלה,0,עירוני בצומת,1,עד 50,עד 5 מטר,אין ליקוי,בהיר,יבש,ראשון,לילה,יום רגיל,5,20,3570,7,,
2025006991,קשה,0,לא עירוני לא בצומת,0,60,7 עד 10.5 מטר,אין ליקוי,בהיר,יבש,רביעי,יום,יום רגיל,7,16,0,1,,
2025007000,קלה,0,עירוני בצומת,1,עד 50,7 עד 10.5 מטר,אין ליקוי,בהיר,יבש,חמישי,לילה,חול המועד,10,18,2630,6,,
2025007016,קשה,0,עירוני בצומת,1,לא ידוע,,לא ידוע,לא ידוע,לא ידוע,שני,לילה,יום רגיל,11,19,6500,3,,
2025007022,קלה,0,עירוני בצומת,1,עד 50,יותר מ-14 מטר,אין ליקוי,בהיר,יבש,שלישי,יום,יום רגיל,9,10,7400,4,,
2025007023,קלה,0,לא עירוני לא בצומת,0,לא ידוע,,לא ידוע,לא ידוע,לא ידוע,שלישי,לילה,יום רגיל,12,18,0,5,,
2025007029,קלה,0,עירוני לא בצומת,1,70,10.5 עד 14 מטר,אין ליקוי,בהיר,יבש,שני,יום,יום רגיל,10,17,4000,3,,
2025007062,קלה,0,לא עירוני לא בצומת,0,80,7 עד 10.5 מטר,אין ליקוי,בהיר,יבש,ראשון,יום,יום רגיל,8,15,0,2,,
2025007063,קשה,0,עירוני לא בצומת,1,לא ידוע,,לא ידוע,לא ידוע,לא ידוע,ראשון,יום,יום רגיל,9,16,158,4,,
2025007065,קטלנית,1,לא עירוני לא בצומת,0,80,5 עד 7 מטר,אין ליקוי,בהיר,יבש,שבת,יום,יום רגיל,5,16,0,7,,
2025007066,קלה,0,עירוני בצומת,1,עד 50,5 עד 7 מטר,אין ליקוי,לא ידוע,רטוב ממים,רביעי,יום,יום רגיל,2,14,7100,6,,
2025007080,קשה,0,עירוני לא בצומת,1,70,10.5 עד 14 מטר,אין ליקוי,בהיר,יבש,שישי,יום,יום רגיל,9,17,3000,1,,
2025007100,קלה,0,לא עירוני בצומת,0,70,7 עד 10.5 מטר,אין ליקוי,בהיר,יבש,ראשון,יום,יום רגיל,11,10,0,3,,
2025007118,קשה,0,לא עירוני בצומת,0,לא ידוע,,לא ידוע,לא ידוע,לא ידוע,חמישי,יום,יום רגיל,4,13,0,4,,
2025007133,קלה,0,עירוני בצומת,1,עד 50,5 עד 7 מטר,אין ליקוי,בהיר,יבש,שלישי,יום,יום רגיל,9,7,7900,4,,
2025007155,קלה,0,עירוני בצומת,1,עד 50,7 עד 10.5 מטר,אין ליקוי,בהיר,יבש,חמישי,יום,יום רגיל,4,18,9000,6,,
2025007156,קלה,0,לא עירוני לא בצומת,0,60,7 עד 10.5 מטר,אין ליקוי,גשום,יבש,שני,יום,יום רגיל,2,6,0,7,,
2025007181,קשה,0,עירוני לא בצומת,1,עד 50,,אין ליקוי,בהיר,יבש,שלישי,יום,יום רגיל,5,8,6400,5,,
2025007203,קלה,0,לא עירוני בצומת,0,80,7 עד 10.5 מטר,אין ליקוי,בהיר,יבש,שלישי,יום,יום רגיל,7,8,0,7,,
2025007214,קשה,0,עירוני לא בצומת,1,עד 50,7 עד 10.5 מטר,אין ליקוי,בהיר,יבש,שישי,יום,חג,3,6,2660,4,,
2025007226,קלה,0,עירוני לא בצומת,1,עד 50,7 עד 10.5 מטר,אין ליקוי,בהיר,יבש,שלישי,יום,יום רגיל,1,10,6900,4,,
2025007230,קשה,0,עירוני לא בצומת,1,לא ידוע,,לא ידוע,לא ידוע,לא ידוע,שני,לילה,יום רגיל,11,22,3000,1,,
2025007231,קלה,0,עירוני בצומת,1,70,10.5 עד 14 מטר,אין ליקוי,בהיר,יבש,חמישי,לילה,יום רגיל,6,20,7400,4,,
2025007262,קלה,0,עירוני לא בצומת,1,70,7 עד 10.5 מטר,אין ליקוי,בהיר,יבש,שבת,לילה,יום רגיל,7,22,9000,6,,
2025007287,קלה,0,לא עירוני בצומת,0,90,7 עד 10.5 מטר,אין ליקוי,בהיר,יבש,שלישי,יום,יום רגיל,3,9,0,4,,
2025007289,קטלנית,1,לא עירוני בצומת,0,70,7 עד 10.5 מטר,אין ליקוי,בהיר,יבש,שבת,יום,יום רגיל,12,8,0,1,,
2025007301,קלה,0,עירוני בצומת,1,עד 50,7 עד 10.5 מטר,אין ליקוי,בהיר,יבש,שני,יום,יום רגיל,6,15,1139,2,,
2025007306,קשה,0,עירוני לא בצומת,1,עד 50,,אין ליקוי,בהיר,יבש,רביעי,יום,יום רגיל,5,14,6600,5,,
2025007310,קשה,0,עירוני לא בצומת,1,לא ידוע,,לא ידוע,לא ידוע,לא ידוע,חמישי,יום,יום רגיל,7,16,8600,5,,
2025007315,קלה,0,לא עירוני בצומת,0,90,7 עד 10.5 מטר,אין ליקוי,בהיר,יבש,חמישי,יום,יום רגיל,8,17,0,7,,
2025007318,קלה,0,עירוני בצומת,1,לא ידוע,,לא ידוע,לא ידוע,לא ידוע,שישי,לילה,יום רגיל,10,21,8700,4,,
2025007319,קלה,0,עירוני בצומת,1,עד 50,5 עד 7 מטר,אין ליקוי,בהיר,יבש,שישי,יום,יום רגיל,5,12,3000,1,,
2025007327,קלה,0,עירוני לא בצומת,1,עד 50,5 עד 7 מטר,אין ליקוי,בהיר,יבש,חמישי,יום,יום רגיל,5,10,6400,5,,
2025007342,קלה,0,לא עירוני בצומת,0,90,יותר מ-14 מטר,אין ליקוי,בהיר,יבש,חמישי,יום,יום רגיל,7,13,0,6,,
2025007344,קטלנית,1,לא עירוני לא בצומת,0,80,7 עד 10.5 מטר,אין ליקוי,בהיר,יבש,שני,יום,ערב חג,9,8,0,2,,
2025007373,קלה,0,עירוני לא בצומת,1,עד 50,5 עד 7 מטר,אין ליקוי,בהיר,אחר,שלישי,יום,יום רגיל,8,10,6100,5,,
2025007385,קלה,0,עירוני לא בצומת,1,עד 50,7 עד 10.5 מטר,אין ליקוי,בהיר,יבש,שישי,יום,יום רגיל,8,12,4000,3,,
2025007452,קלה,0,לא עירוני בצומת,0,עד 50,יותר מ-14 מטר,אין ליקוי,בהיר,יבש,שלישי,לילה,יום רגיל,3,20,0,5,,
2025007475,קטלנית,1,עירוני בצומת,1,עד 50,10.5 עד 14 מטר,אין ליקוי,בהיר,יבש,ראשון,יום,יום רגיל,6,12,8300,4,,
2025007513,קלה,0,לא עירוני לא בצומת,0,עד 50,,לא ידוע,בהיר,לא ידוע,ראשון,יום,יום רגיל,2,11,0,6,,
2025007516,קשה,0,לא עירוני לא בצומת,0,90,7 עד 10.5 מטר,אין ליקוי,בהיר,יבש,רביעי,יום,חול המועד,10,9,0,4,,
2025007536,קלה,0,עירוני בצומת,1,60,10.5 עד 14 מטר,אין ליקוי,בהיר,יבש,שלישי,יום,יום רגיל,7,7,9600,3,,
2025007542,קלה,0,עירוני בצומת,1,עד 50,5 עד 7 מטר,אין ליקוי,לא ידוע,יבש,רביעי,יום,יום רגיל,4,9,70,6,,
2025007545,קלה,0,לא עירוני בצומת,0,עד 50,יותר מ-14 מטר,אין ליקוי,בהיר,יבש,שבת,לילה,יום רגיל,12,0,0,3,,
2025007546,קטלנית,1,לא עירוני לא בצומת,0,110,7 עד 10.5 מטר,אין ליקוי,בהיר,יבש,רביעי,לילה,חול המועד,10,5,0,3,,
2025007551,קלה,0,לא עירוני לא בצומת,0,110,7 עד 10.5 מטר,אין ליקוי,בהיר,יבש,ראשון,יום,יום רגיל,10,7,0,3,,
2025007562,קלה,0,עירוני לא בצומת,1,עד 50,עד 5 מטר,אין ליקוי,בהיר,יבש,ראשון,יום,יום רגיל,11,15,1063,2,,
2025007583,קשה,0,לא עירוני לא בצומת,0,90,10.5 עד 14 מטר,אין ליקוי,בהיר,יבש,שבת,לילה,יום רגיל,1,21,0,4,,
2025007608,קטלנית,1,לא עירוני בצומת,0,70,10.5 עד 14 מטר,אין ליקוי,בהיר,יבש,חמישי,לילה,חג,10,21,0,2,,
2025007635,קלה,0,עירוני לא בצומת,1,עד 50,7 עד 10.5 מטר,אין ליקוי,בהיר,יבש,שני,יום,יום רגיל,1,11,8700,4,,
2025007638,קלה,0,עירוני בצומת,1,עד 50,10.5 עד 14 מטר,אין ליקוי,בהיר,יבש,רביעי,יום,יום רגיל,7,11,2500,3,,
2025007655,קשה,0,לא עירוני לא בצומת,0,90,10.5 עד 14 מטר,אין ליקוי,בהיר,יבש,שלישי,לילה,יום רגיל,8,0,0,2,,
2025007689,קשה,0,לא עירוני לא בצומת,0,80,5 עד 7 מטר,אין ליקוי,בהיר,יבש,שלישי,יום,יום רגיל,2,15,0,5,,
2025007711,קלה,0,עירוני בצומת,1,עד 50,7 עד 10.5 מטר,אין ליקוי,בהיר,יבש,חמישי,יום,יום רגיל,3,7,6900,4,,
2025007719,קלה,0,לא עירוני בצומת,0,עד 50,יותר מ-14 מטר,אין ליקוי,בהיר,יבש,שבת,יום,יום רגיל,3,14,0,3,,
2025007724,קשה,0,עירוני לא בצומת,1,עד 50,7 עד 10.5 מטר,כביש משובש,בהיר,יבש,שני,לילה,יום רגיל,5,3,7900,4,,
2025007728,קלה,0,עירוני לא בצומת,1,עד 50,10.5 עד 14 מטר,אין ליקוי,בהיר,יבש,שלישי,לילה,יום רגיל,2,20,182,4,,
2025007754,קשה,0,לא עירוני לא בצומת,0,לא ידוע,,לא ידוע,לא ידוע,לא ידוע,שני,יום,יום רגיל,6,18,0,5,,
2025007758,קלה,0,עירוני בצומת,1,עד 50,,אין ליקוי,בהיר,יבש,שני,יום,חול המועד,4,11,7900,4,,
2025007764,קלה,0,עירוני בצומת,1,70,יותר מ-14 מטר,אין ליקוי,בהיר,יבש,ראשון,יום,יום רגיל,8,17,70,6,,
2025007769,קלה,0,עירוני בצומת,1,עד 50,יותר מ-14 מטר,אין ליקוי,בהיר,יבש,ראשון,לילה,יום רגיל,11,19,7100,6,,
2025007775,קשה,0,עירוני בצומת,1,עד 50,7 עד 10.5 מטר,אין ליקוי,בהיר,יבש,רביעי,לילה,יום רגיל,4,21,5000,5,,
2025007787,קלה,0,לא עירוני בצומת,0,לא ידוע,,לא ידוע,לא ידוע,לא ידוע,חמישי,לילה,יום רגיל,11,23,0,4,,
2025007790,קשה,0,לא עירוני לא בצומת,0,60,7 עד 10.5 מטר,אין ליקוי,בהיר,יבש,שלישי,יום,יום רגיל,5,11,0,4,,
2025007799,קלה,0,עירוני בצומת,1,עד 50,7 עד 10.5 מטר,אין ליקוי,בהיר,יבש,חמישי,יום,יום רגיל,3,14,6100,5,,
2025007807,קשה,0,עירוני לא בצומת,1,לא ידוע,,לא ידוע,לא ידוע,לא ידוע,ראשון,יום,יום רגיל,7,12,7400,4,,
2025007824,קלה,0,לא עירוני בצומת,0,70,יותר מ-14 מטר,אין ליקוי,בהיר,יבש,שני,לילה,יום רגיל,2,21,0,3,,
2025007827,קלה,0,עירוני לא בצומת,1,עד 50,5 עד 7 מטר,אין ליקוי,בהיר,יבש,שלישי,יום,יום רגיל,6,12,8500,4,,
2025007849,קלה,0,עירוני לא בצומת,1,60,,לא ידוע,בהיר,יבש,שלישי,יום,יום רגיל,9,17,8600,5,,
2025007853,קלה,0,עירוני לא בצומת,1,עד 50,עד 5 מטר,אין ליקוי,בהיר,יבש,חמישי,יום,יום רגיל,2,8,6100,5,,
2025007855,קלה,0,עירוני לא בצומת,1,60,5 עד 7 מטר,אין ליקוי,בהיר,יבש,שלישי,לילה,יום רגיל,4,20,6600,5,,
2025007874,קלה,0,עירוני בצומת,1,עד 50,,אין ליקוי,בהיר,יבש,שלישי,יום,יום רגיל,4,10,5000,5,,
2025007888,קשה,0,עירוני לא בצומת,1,עד 50,7 עד 10.5 מטר,אין ליקוי,אחר,יבש,שישי,יום,יום רגיל,9,12,6900,4,,
2025007889,קלה,0,עירוני לא בצומת,1,עד 50,7 עד 10.5 מטר,אין ליקוי,בהיר,יבש,שלישי,יום,יום רגיל,1,15,6600,5,,
2025007908,קלה,0,עירוני בצומת,1,עד 50,יותר מ-14 מטר,אין ליקוי,בהיר,יבש,ראשון,יום,יום רגיל,10,17,70,6,,
2025007916,קלה,0,עירוני בצומת,1,עד 50,7 עד 10.5 מטר,אין ליקוי,בהיר,יבש,שני,יום,יום רגיל,5,16,4000,3,,
2025007923,קלה,0,לא עירוני בצומת,0,80,5 עד 7 מטר,אין ליקוי,בהיר,יבש,חמישי,לילה,יום רגיל,5,23,0,2,,
2025007961,קלה,0,עירוני בצומת,1,60,יותר מ-14 מטר,אין ליקוי,בהיר,יבש,שני,יום,ערב חג,10,10,9000,6,,
2025007990,קלה,0,לא עירוני לא בצומת,0,80,5 עד 7 מטר,אין ליקוי,בהיר,יבש,שני,יום,יום רגיל,7,9,0,7,,
2025007994,קלה,0,עירוני בצומת,1,100,10.5 עד 14 מטר,אין ליקוי,לא ידוע,יבש,רביעי,יום,יום רגיל,7,18,70,6,,
2025008008,קלה,0,לא עירוני לא בצומת,0,80,7 עד 10.5 מטר,אין ליקוי,גשום,יבש,שני,יום,יום רגיל,5,7,0,7,,
2025008009,קלה,0,לא עירוני בצומת,0,80,10.5 עד 14 מטר,אין ליקוי,בהיר,יבש,שני,יום,יום רגיל,10,7,0,2,,
2025008018,קלה,0,עירוני לא בצומת,1,לא ידוע,,לא ידוע,לא ידוע,לא ידוע,רביעי,יום,יום רגיל,12,15,5000,5,,
2025008020,קשה,0,עירוני לא בצומת,1,לא ידוע,,לא ידוע,לא ידוע,לא ידוע,שישי,לילה,חול המועד,10,0,3000,1,,
2025008021,קלה,0,לא עירוני לא בצומת,0,80,5 עד 7 מטר,אין ליקוי,בהיר,יבש,רביעי,יום,חג,9,14,0,2,,
2025008052,קלה,0,לא עירוני בצומת,0,60,7 עד 10.5 מטר,אין ליקוי,בהיר,יבש,שלישי,יום,יום רגיל,9,18,0,3,,
2025008063,קלה,0,עירוני בצומת,1,70,יותר מ-14 מטר,אין ליקוי,בהיר,יבש,שני,יום,יום רגיל,9,10,4000,3,,
2025008079,קלה,0,עירוני בצומת,1,עד 50,יותר מ-14 מטר,אין ליקוי,בהיר,יבש,ראשון,יום,חול המועד,10,11,5000,5,,
2025008104,קלה,0,לא עירוני בצומת,0,70,,אין ליקוי,בהיר,יבש,רביעי,יום,יום רגיל,1,10,0,6,,
2025008125,קלה,0,עירוני בצומת,1,60,7 עד 10.5 מטר,אין ליקוי,בהיר,יבש,שבת,יום,יום רגיל,7,15,4000,3,,
2025008129,קשה,0,עירוני בצומת,1,לא ידוע,,לא ידוע,לא ידוע,לא ידוע,שבת,יום,יום רגיל,8,9,3000,1,,
2025008130,קשה,0,עירוני בצומת,1,לא ידוע,,לא ידוע,לא ידוע,לא ידוע,שני,יום,יום רגיל,5,12,5000,5,,
2025008150,קלה,0,עירוני לא בצומת,1,עד 50,5 עד 7 מטר,אין ליקוי,בהיר,יבש,רביעי,לילה,יום רגיל,4,0,4000,3,,
2025008165,קלה,0,עירוני בצומת,1,עד 50,7 עד 10.5 מטר,אין ליקוי,בהיר,יבש,שישי,יום,יום רגיל,9,17,3000,1,,
2025008168,קלה,0,לא עירוני בצומת,0,80,10.5 עד 14 מטר,אין ליקוי,בהיר,יבש,ראשון,לילה,יום רגיל,8,0,0,2,,
2025008176,קלה,0,עירוני לא בצומת,1,70,5 עד 7 מטר,אין ליקוי,בהיר,יבש,שישי,לילה,חול המועד,10,3,4000,3,,
2025008190,קשה,0,עירוני לא בצומת,1,לא ידוע,,לא ידוע,לא ידוע,לא ידוע,ראשון,יום,יום רגיל,11,12,3000,1,,
2025008194,קטלנית,1,לא עירוני לא בצומת,0,70,10.5 עד 14 מטר,אין ליקוי,בהיר,יבש,רביעי,לילה,יום רגיל,7,23,0,5,,
2025008199,קלה,0,עירוני לא בצומת,1,עד 50,יותר מ-14 מטר,אין ליקוי,בהיר,יבש,שלישי,יום,יום רגיל,8,14,7400,4,,
2025008203,קלה,0,עירוני בצומת,1,עד 50,7 עד 10.5 מטר,אין ליקוי,בהיר,יבש,ראשון,יום,יום רגיל,3,15,4000,3,,
2025008271,קטלנית,1,עירוני לא בצומת,1,100,10.5 עד 14 מטר,אין ליקוי,בהיר,יבש,שישי,לילה,יום רגיל,10,20,3000,1,,
2025008272,קלה,0,עירוני לא בצומת,1,עד 50,7 עד 10.5 מטר,אין ליקוי,בהיר,יבש,שישי,לילה,יום רגיל,6,21,2600,6,,
2025008277,קלה,0,עירוני בצומת,1,עד 50,10.5 עד 14 מטר,אין ליקוי,בהיר,יבש,חמישי,יום,יום רגיל,6,7,2650,5,,
2025008286,קשה,0,עירוני לא בצומת,1,לא ידוע,,לא ידוע,לא ידוע,לא ידוע,שלישי,יום,יום רגיל,5,16,1059,6,,
2025008294,קלה,0,עירוני בצומת,1,60,10.5 עד 14 מטר,אין ליקוי,בהיר,יבש,חמישי,יום,יום רגיל,11,12,7900,4,,
2025008299,קלה,0,עירוני בצומת,1,עד 50,7 עד 10.5 מטר,אין ליקוי,בהיר,יבש,שני,יום,יום רגיל,9,11,6600,5,,
2025008316,קלה,0,לא עירוני בצומת,0,עד 50,,אין ליקוי,בהיר,יבש,שישי,לילה,יום רגיל,5,3,0,4,,
2025008317,קלה,0,לא עירוני לא בצומת,0,80,5 עד 7 מטר,אין ליקוי,בהיר,יבש,שני,יום,יום רגיל,9,8,0,7,,
2025008332,קשה,0,עירוני לא בצומת,1,עד 50,5 עד 7 מטר,אין ליקוי,בהיר,יבש,שני,לילה,יום רגיל,5,22,7000,4,,
2025008335,קשה,0,לא עירוני בצומת,0,80,,אין ליקוי,בהיר,יבש,שלישי,לילה,יום רגיל,5,0,0,6,,
2025008339,קלה,0,עירוני לא בצומת,1,לא ידוע,,לא ידוע,לא ידוע,לא ידוע,חמישי,לילה,יום רגיל,11,5,507,2,,
2025008343,קלה,0,עירוני בצומת,1,עד 50,7 עד 10.5 מטר,אין ליקוי,בהיר,יבש,רביעי,יום,חול המועד,4,12,166,4,,
2025008387,קלה,0,עירוני בצומת,1,עד 50,10.5 עד 14 מטר,אין ליקוי,בהיר,יבש,חמישי,יום,חג,5,18,2660,4,,
2025008388,קשה,0,לא עירוני בצומת,0,60,7 עד 10.5 מטר,אין ליקוי,בהיר,יבש,שלישי,לילה,יום רגיל,2,0,0,4,,
2025008397,קלה,0,עירוני בצומת,1,60,7 עד 10.5 מטר,אין ליקוי,בהיר,יבש,שישי,לילה,יום רגיל,9,0,9000,6,,
2025008405,קלה,0,לא עירוני בצומת,0,90,7 עד 10.5 מטר,אין ליקוי,בהיר,יבש,שישי,יום,יום רגיל,10,11,0,6,,
2025008414,קלה,0,לא עירוני בצומת,0,90,5 עד 7 מטר,אין ליקוי,בהיר,יבש,חמישי,לילה,יום רגיל,10,22,0,3,,
2025008420,קלה,0,לא עירוני בצומת,0,עד 50,עד 5 מטר,אין ליקוי,בהיר,יבש,רביעי,יום,יום רגיל,6,18,0,5,,
2025008447,קשה,0,עירוני לא בצומת,1,לא ידוע,,לא ידוע,לא ידוע,לא ידוע,שלישי,יום,יום רגיל,7,13,7000,4,,
2025008452,קלה,0,לא עירוני לא בצומת,0,עד 50,5 עד 7 מטר,אין ליקוי,בהיר,יבש,שבת,לילה,יום רגיל,4,23,0,4,,
2025008459,קשה,0,לא עירוני לא בצומת,0,לא ידוע,,לא ידוע,לא ידוע,לא ידוע,רביעי,יום,יום רגיל,8,15,0,7,,
2025008466,קלה,0,לא עירוני לא בצומת,0,עד 50,5 עד 7 מטר,אין ליקוי,בהיר,יבש,שלישי,יום,יום רגיל,1,16,0,4,,
2025008475,קלה,0,עירוני בצומת,1,110,5 עד 7 מטר,אין ליקוי,לא ידוע,יבש,שלישי,לילה,יום רגיל,1,20,3000,1,,
2025008478,קלה,0,עירוני לא בצומת,1,עד 50,5 עד 7 מטר,אין ליקוי,בהיר,יבש,שני,יום,יום רגיל,9,8,2034,2,,
2025008482,קשה,0,לא עירוני בצומת,0,עד 50,7 עד 10.5 מטר,אין ליקוי,בהיר,יבש,שלישי,יום,יום רגיל,5,11,0,3,,
2025008506,קשה,0,עירוני לא בצומת,1,עד 50,5 עד 7 מטר,אין ליקוי,לא ידוע,לא ידוע,חמישי,לילה,חול המועד,10,19,2730,4,,
2025008513,קשה,0,עירוני לא בצומת,1,עד 50,7 עד 10.5 מטר,אין ליקוי,בהיר,יבש,שישי,לילה,יום רגיל,10,18,7900,4,,
2025008517,קשה,0,עירוני לא בצומת,1,לא ידוע,,לא ידוע,לא ידוע,לא ידוע,חמישי,יום,יום רגיל,6,19,3000,1,,
2025008530,קשה,0,לא עירוני בצומת,0,לא ידוע,,לא ידוע,לא ידוע,לא ידוע,רביעי,יום,יום רגיל,5,13,0,7,,
2025008531,קלה,0,עירוני לא בצומת,1,עד 50,5 עד 7 מטר,אין ליקוי,בהיר,יבש,ראשון,יום,יום רגיל,3,16,7100,6,,
2025008542,קלה,0,עירוני בצומת,1,70,7 עד 10.5 מטר,אין ליקוי,בהיר,יבש,שלישי,יום,יום רגיל,6,15,6600,5,,
2025008543,קלה,0,עירוני בצומת,1,עד 50,7 עד 10.5 מטר,אין ליקוי,בהיר,יבש,שישי,יום,יום רגיל,7,17,4000,3,,
2025008591,קשה,0,לא עירוני לא בצומת,0,110,10.5 עד 14 מטר,אין ליקוי,לא ידוע,יבש,שישי,לילה,יום רגיל,2,18,0,3,,
2025008610,קשה,0,עירוני בצומת,1,עד 50,10.5 עד 14 מטר,אין ליקוי,בהיר,יבש,שני,יום,יום רגיל,3,11,7900,4,,
2025008632,קלה,0,לא עירוני בצומת,0,90,7 עד 10.5 מטר,אין ליקוי,בהיר,יבש,שישי,יום,יום רגיל,12,14,0,4,,
2025008641,קשה,0,עירוני לא בצומת,1,עד 50,5 עד 7 מטר,אין ליקוי,בהיר,יבש,שישי,יום,חג,3,16,7900,4,,
2025008647,קשה,0,עירוני לא בצומת,1,לא ידוע,,לא ידוע,לא ידוע,לא ידוע,ראשון,יום,יום רגיל,3,10,1748,4,,
2025008649,קלה,0,עירוני לא בצומת,1,עד 50,יותר מ-14 מטר,אין ליקוי,בהיר,יבש,ראשון,יום,יום רגיל,2,7,7600,2,,
2025008651,קלה,0,לא עירוני בצומת,0,עד 50,7 עד 10.5 מטר,אין ליקוי,בהיר,יבש,רביעי,יום,יום רגיל,6,17,0,6,,
2025008652,קלה,0,עירוני לא בצומת,1,לא ידוע,5 עד 7 מטר,אין ליקוי,גשום,רטוב ממים,שלישי,יום,יום רגיל,12,8,7600,2,,
2025008663,קלה,0,עירוני בצומת,1,עד 50,10.5 עד 14 מטר,אין ליקוי,בהיר,יבש,שישי,יום,יום רגיל,8,8,2500,3,,
2025008664,קלה,0,עירוני לא בצומת,1,עד 50,,אין ליקוי,בהיר,יבש,חמישי,יום,יום רגיל,7,18,681,4,,
2025008738,קטלנית,1,עירוני בצומת,1,עד 50,7 עד 10.5 מטר,כביש משובש,בהיר,יבש,שלישי,לילה,יום רגיל,4,21,70,6,,
2025008747,קטלנית,1,עירוני לא בצומת,1,לא ידוע,5 עד 7 מטר,אין ליקוי,בהיר,יבש,חמישי,יום,חול המועד,10,13,2500,3,,
2025008754,קלה,0,עירוני לא בצומת,1,עד 50,7 עד 10.5 מטר,אין ליקוי,בהיר,יבש,שישי,יום,יום רגיל,10,11,6900,4,,
2025008758,קלה,0,לא עירוני בצומת,0,עד 50,10.5 עד 14 מטר,אין ליקוי,בהיר,יבש,שלישי,יום,יום רגיל,6,15,0,4,,
2025008764,קלה,0,עירוני בצומת,1,עד 50,10.5 עד 14 מטר,אין ליקוי,בהיר,יבש,שני,יום,יום רגיל,9,17,3000,1,,
2025008790,קלה,0,עירוני לא בצומת,1,עד 50,,אין ליקוי,בהיר,יבש,שלישי,יום,יום רגיל,4,17,6400,5,,
2025008793,קשה,0,עירוני בצומת,1,60,5 עד 7 מטר,אין ליקוי,בהיר,יבש,שני,יום,יום רגיל,11,7,6200,5,,
2025008804,קלה,0,עירוני לא בצומת,1,90,7 עד 10.5 מטר,אין ליקוי,בהיר,יבש,שישי,יום,יום רגיל,10,12,1034,6,,
2025008819,קלה,0,עירוני בצומת,1,עד 50,5 עד 7 מטר,אין ליקוי,בהיר,יבש,חמישי,יום,יום רגיל,9,16,6900,4,,
2025008820,קלה,0,עירוני לא בצומת,1,עד 50,5 עד 7 מטר,אין ליקוי,לא ידוע,לא ידוע,שלישי,לילה,יום רגיל,5,21,634,4,,
2025008821,קשה,0,לא עירוני לא בצומת,0,80,7 עד 10.5 מטר,אין ליקוי,בהיר,יבש,שבת,לילה,יום רגיל,10,20,0,6,,
2025008823,קלה,0,לא עירוני בצומת,0,80,7 עד 10.5 מטר,אין ליקוי,בהיר,יבש,ראשון,יום,יום רגיל,7,13,0,2,,
2025008827,קלה,0,עירוני בצומת,1,70,5 עד 7 מטר,אין ליקוי,לא ידוע,יבש,שישי,יום,יום רגיל,5,6,4000,3,,
2025008833,קשה,0,עירוני בצומת,1,עד 50,5 עד 7 מטר,אין ליקוי,בהיר,יבש,רביעי,לילה,יום רגיל,6,21,7900,4,,
2025008865,קלה,0,עירוני לא בצומת,1,עד 50,10.5 עד 14 מטר,אין ליקוי,בהיר,יבש,ראשון,יום,יום רגיל,9,15,3000,1,,
2025008882,קלה,0,עירוני לא בצומת,1,עד 50,עד 5 מטר,אין ליקוי,בהיר,יבש,שני,יום,יום רגיל,10,9,7400,4,,
2025008900,קשה,0,עירוני בצומת,1,לא ידוע,,לא ידוע,לא ידוע,לא ידוע,חמישי,יום,חול המועד,4,14,5000,5,,
2025008923,קלה,0,עירוני בצומת,1,עד 50,5 עד 7 מטר,אין ליקוי,בהיר,יבש,שני,יום,יום רגיל,1,15,4000,3,,
2025008936,קלה,0,עירוני בצומת,1,60,יותר מ-14 מטר,אין ליקוי,בהיר,יבש,שישי,יום,ערב חג,4,8,4000,3,,
2025008946,קשה,0,לא עירוני לא בצומת,0,לא ידוע,,לא ידוע,לא ידוע,לא ידוע,ראשון,יום,יום רגיל,4,9,0,6,,
2025008986,קלה,0,עירוני לא בצומת,1,עד 50,5 עד 7 מטר,אין ליקוי,בהיר,יבש,שני,יום,יום רגיל,1,9,6100,5,,
2025008989,קלה,0,עירוני לא בצומת,1,עד 50,עד 5 מטר,כביש משובש,בהיר,אחר,שלישי,לילה,יום רגיל,10,1,7900,4,,
2025009000,קלה,0,עירוני לא בצומת,1,עד 50,7 עד 10.5 מטר,אין ליקוי,בהיר,יבש,שלישי,יום,יום רגיל,6,8,8400,4,,
2025009027,קשה,0,עירוני בצומת,1,עד 50,10.5 עד 14 מטר,אין ליקוי,בהיר,יבש,שישי,יום,יום רגיל,12,16,3000,1,,
2025009032,קלה,0,עירוני בצומת,1,עד 50,,לא ידוע,בהיר,יבש,רביעי,יום,חג,9,10,7600,2,,
2025009065,קלה,0,לא עירוני בצומת,0,90,יותר מ-14 מטר,אין ליקוי,לא ידוע,יבש,חמישי,יום,חול המועד,10,15,0,2,,
2025009075,קשה,0,לא עירוני לא בצומת,0,לא ידוע,,לא ידוע,לא ידוע,לא ידוע,חמישי,לילה,יום רגיל,5,22,0,7,,
2025009084,קלה,0,לא עירוני בצומת,0,70,7 עד 10.5 מטר,אין ליקוי,בהיר,יבש,רביעי,לילה,יום רגיל,4,20,0,3,,
2025009094,קלה,0,עירוני לא בצומת,1,עד 50,,אין ליקוי,בהיר,יבש,רביעי,יום,יום רגיל,5,11,5000,5,,
2025009097,קשה,0,לא עירוני בצומת,0,לא ידוע,,לא ידוע,לא ידוע,לא ידוע,חמישי,יום,יום רגיל,1,8,0,4,,
2025009133,קשה,0,לא עירוני לא בצומת,0,110,7 עד 10.5 מטר,אין ליקוי,בהיר,יבש,שישי,יום,יום רגיל,2,8,0,6,,
2025009149,קלה,0,לא עירוני בצומת,0,70,יותר מ-14 מטר,אין ליקוי,בהיר,יבש,רביעי,יום,יום רגיל,3,15,0,6,,
2025009150,קלה,0,עירוני בצומת,1,לא ידוע,,לא ידוע,לא ידוע,לא ידוע,שישי,לילה,יום רגיל,8,5,9100,2,,
2025009164,קלה,0,עירוני לא בצומת,1,עד 50,עד 5 מטר,אין ליקוי,בהיר,יבש,שני,יום,יום רגיל,6,16,206,4,,
2025009175,קלה,0,לא עירוני בצומת,0,80,5 עד 7 מטר,אין ליקוי,בהיר,יבש,ראשון,יום,יום רגיל,8,12,0,3,,
2025009200,קשה,0,עירוני לא בצומת,1,עד 50,5 עד 7 מטר,אין ליקוי,בהיר,יבש,שלישי,יום,יום רגיל,2,11,3000,1,,
2025009207,קלה,0,עירוני לא בצומת,1,עד 50,10.5 עד 14 מטר,אין ליקוי,בהיר,יבש,שבת,יום,יום רגיל,7,17,6100,5,,
2025009218,קטלנית,1,לא עירוני לא בצומת,0,110,7 עד 10.5 מטר,אין ליקוי,בהיר,יבש,שלישי,לילה,יום רגיל,4,22,0,3,,
2025009236,קלה,0,עירוני בצומת,1,עד 50,5 עד 7 מטר,אין ליקוי,אחר,יבש,חמישי,יום,יום רגיל,1,8,1061,2,,
2025009251,קלה,0,עירוני בצומת,1,עד 50,10.5 עד 14 מטר,אין ליקוי,בהיר,יבש,חמישי,יום,יום רגיל,9,15,4000,3,,
2025009270,קלה,0,עירוני בצומת,1,לא ידוע,עד 5 מטר,אין ליקוי,בהיר,יבש,רביעי,יום,חול המועד,4,13,5000,5,,
2025009275,קטלנית,1,לא עירוני בצומת,0,90,10.5 עד 14 מטר,אין ליקוי,שרבי,יבש,שלישי,לילה,יום רגיל,8,22,0,4,,
2025009286,קלה,0,לא עירוני לא בצומת,0,100,10.5 עד 14 מטר,אין ליקוי,בהיר,יבש,רביעי,יום,יום רגיל,6,6,0,4,,
2025009293,קשה,0,לא עירוני לא בצומת,0,לא ידוע,,לא ידוע,לא ידוע,לא ידוע,שבת,יום,יום רגיל,5,11,0,1,,
2025009298,קשה,0,עירוני לא בצומת,1,עד 50,10.5 עד 14 מטר,אין ליקוי,לא ידוע,יבש,שישי,יום,יום רגיל,10,13,2610,1,,
2025009307,קלה,0,לא עירוני לא בצומת,0,עד 50,5 עד 7 מטר,אין ליקוי,בהיר,יבש,שישי,לילה,יום רגיל,2,18,0,1,,
2025009308,קלה,0,לא עירוני לא בצומת,0,100,10.5 עד 14 מטר,אין ליקוי,בהיר,יבש,רביעי,יום,יום רגיל,2,7,0,4,,
2025009313,קלה,0,עירוני לא בצומת,1,עד 50,7 עד 10.5 מטר,אין ליקוי,בהיר,יבש,רביעי,יום,יום רגיל,10,14,7900,4,,
2025009318,קלה,0,עירוני לא בצומת,1,לא ידוע,,לא ידוע,לא ידוע,לא ידוע,שלישי,יום,יום רגיל,9,10,5000,5,,
2025009328,קלה,0,עירוני בצומת,1,עד 50,7 עד 10.5 מטר,אין ליקוי,בהיר,יבש,שני,יום,יום רגיל,4,10,2630,6,,
2025009337,קלה,0,לא עירוני לא בצומת,0,80,10.5 עד 14 מטר,אין ליקוי,לא ידוע,יבש,שני,יום,יום רגיל,9,7,0,1,,
2025009350,קשה,0,עירוני לא בצומת,1,לא ידוע,,לא ידוע,לא ידוע,לא ידוע,שלישי,לילה,יום רגיל,6,20,246,6,,
2025009353,קלה,0,עירוני בצומת,1,60,7 עד 10.5 מטר,אין ליקוי,בהיר,יבש,שישי,יום,חול המועד,10,14,4000,3,,
2025009356,קלה,0,עירוני בצומת,1,עד 50,7 עד 10.5 מטר,אין ליקוי,בהיר,יבש,שלישי,יום,יום רגיל,4,13,3765,7,,
2025009360,קלה,0,עירוני לא בצומת,1,60,5 עד 7 מטר,אין ליקוי,בהיר,יבש,ראשון,יום,יום רגיל,5,14,5000,5,,
2025009376,קלה,0,עירוני בצומת,1,עד 50,,אין ליקוי,בהיר,יבש,שישי,יום,יום רגיל,5,12,3000,1,,
2025009400,קלה,0,לא עירוני לא בצומת,0,עד 50,7 עד 10.5 מטר,אין ליקוי,בהיר,יבש,שני,יום,יום רגיל,8,14,0,2,,
2025009405,קלה,0,עירוני בצומת,1,עד 50,10.5 עד 14 מטר,אין ליקוי,בהיר,יבש,שני,לילה,יום רגיל,12,19,9600,3,,
2025009412,קלה,0,עירוני לא בצומת,1,עד 50,7 עד 10.5 מטר,אין ליקוי,בהיר,יבש,שישי,לילה,יום רגיל,3,18,8400,4,,
2025009420,קשה,0,עירוני לא בצומת,1,עד 50,,אין ליקוי,בהיר,יבש,שני,יום,יום רגיל,3,17,5000,5,,
2025009432,קשה,0,עירוני בצומת,1,עד 50,יותר מ-14 מטר,אין ליקוי,בהיר,יבש,חמישי,לילה,יום רגיל,8,20,70,6,,
2025009446,קשה,0,לא עירוני לא בצומת,0,90,יותר מ-14 מטר,אין ליקוי,בהיר,יבש,שבת,לילה,יום רגיל,9,0,0,5,,
2025009454,קשה,0,עירוני לא בצומת,1,עד 50,5 עד 7 מטר,אין ליקוי,בהיר,יבש,שבת,יום,יום רגיל,8,9,2620,5,,
2025009462,קלה,0,עירוני לא בצומת,1,עד 50,5 עד 7 מטר,אין ליקוי,בהיר,יבש,שני,לילה,יום רגיל,6,19,4000,3,,
2025009482,קשה,0,עירוני לא בצומת,1,70,10.5 עד 14 מטר,אין ליקוי,בהיר,יבש,רביעי,יום,יום רגיל,4,15,2640,4,,
2025009499,קשה,0,עירוני בצומת,1,עד 50,7 עד 10.5 מטר,אין ליקוי,בהיר,יבש,ראשון,יום,ערב חג,6,10,7900,4,,
2025009511,קשה,0,לא עירוני לא בצומת,0,80,7 עד 10.5 מטר,אין ליקוי,בהיר,יבש,שני,לילה,יום רגיל,10,22,0,6,,
2025009515,קשה,0,עירוני לא בצומת,1,לא ידוע,,לא ידוע,לא ידוע,לא ידוע,ראשון,לילה,יום רגיל,10,20,634,4,,
2025009558,קלה,0,עירוני בצומת,1,עד 50,7 עד 10.5 מטר,אין ליקוי,בהיר,יבש,שלישי,יום,יום רגיל,3,9,9000,6,,
2025009582,קלה,0,עירוני בצומת,1,עד 50,7 עד 10.5 מטר,אין ליקוי,בהיר,יבש,ראשון,לילה,חג,4,1,812,2,,
2025009585,קשה,0,עירוני לא בצומת,1,לא ידוע,,לא ידוע,לא ידוע,לא ידוע,רביעי,יום,חול המועד,4,16,167,4,,
2025009586,קלה,0,עירוני לא בצומת,1,לא ידוע,,לא ידוע,לא ידוע,לא ידוע,רביעי,יום,יום רגיל,11,7,8300,4,,
2025009621,קלה,0,עירוני בצומת,1,עד 50,7 עד 10.5 מטר,אין ליקוי,בהיר,יבש,ראשון,יום,יום רגיל,5,8,5000,5,,
2025009638,קלה,0,עירוני לא בצומת,1,עד 50,7 עד 10.5 מטר,אין ליקוי,בהיר,יבש,רביעי,יום,יום רגיל,6,7,3715,7,,
2025009676,קלה,0,לא עירוני בצומת,0,לא ידוע,,לא ידוע,לא ידוע,לא ידוע,רביעי,יום,יום רגיל,10,11,0,3,,
2025009682,קלה,0,עירוני לא בצומת,1,עד 50,עד 5 מטר,אין ליקוי,בהיר,יבש,שני,לילה,יום רגיל,1,23,3730,7,,
2025009684,קלה,0,עירוני לא בצומת,1,עד 50,5 עד 7 מטר,אין ליקוי,בהיר,יבש,שני,יום,יום רגיל,5,14,8300,4,,
2025009727,קלה,0,לא עירוני לא בצומת,0,70,10.5 עד 14 מטר,אין ליקוי,בהיר,יבש,שישי,לילה,יום רגיל,5,20,0,5,,
2025009756,קשה,0,עירוני לא בצומת,1,60,עד 5 מטר,אין ליקוי,בהיר,יבש,שני,יום,יום רגיל,6,12,6600,5,,
2025009760,קטלנית,1,לא עירוני בצומת,0,80,7 עד 10.5 מטר,אין ליקוי,בהיר,יבש,שישי,לילה,יום רגיל,10,4,0,6,,
2025009784,קשה,0,לא עירוני לא בצומת,0,לא ידוע,,לא ידוע,לא ידוע,לא ידוע,שני,יום,ערב חג,10,16,0,4,,
2025009805,קלה,0,לא עירוני לא בצומת,0,90,7 עד 10.5 מטר,אין ליקוי,בהיר,יבש,שבת,יום,יום רגיל,5,10,0,4,,
2025009822,קטלנית,1,לא עירוני בצומת,0,עד 50,יותר מ-14 מטר,אין ליקוי,בהיר,יבש,שישי,יום,יום רגיל,8,8,0,2,,
2025009831,קלה,0,לא עירוני בצומת,0,90,10.5 עד 14 מטר,אין ליקוי,בהיר,יבש,רביעי,יום,ערב חג,10,14,0,4,,
2025009832,קשה,0,עירוני לא בצומת,1,עד 50,7 עד 10.5 מטר,אין ליקוי,בהיר,יבש,ראשון,יום,יום רגיל,3,14,6600,5,,
2025009862,קטלנית,1,עירוני לא בצומת,1,עד 50,7 עד 10.5 מטר,אין ליקוי,בהיר,יבש,חמישי,יום,יום רגיל,7,7,9200,2,,
2025009868,קלה,0,עירוני לא בצומת,1,עד 50,5 עד 7 מטר,אין ליקוי,בהיר,יבש,חמישי,יום,יום רגיל,4,14,7400,4,,
2025009869,קלה,0,עירוני בצומת,1,עד 50,10.5 עד 14 מטר,אין ליקוי,לא ידוע,יבש,שלישי,יום,יום רגיל,9,12,9600,3,,
2025009878,קשה,0,לא עירוני לא בצומת,0,90,יותר מ-14 מטר,אין ליקוי,בהיר,יבש,רביעי,יום,יום רגיל,7,7,0,5,,
2025009903,קלה,0,עירוני לא בצומת,1,110,יותר מ-14 מטר,אין ליקוי,גשום,יבש,רביעי,לילה,יום רגיל,6,22,3000,1,,
2025009905,קלה,0,עירוני בצומת,1,עד 50,5 עד 7 מטר,אין ליקוי,בהיר,רטוב ממים,חמישי,יום,יום רגיל,2,16,3000,1,,
2025009911,קשה,0,עירוני לא בצומת,1,עד 50,5 עד 7 מטר,אין ליקוי,בהיר,יבש,שבת,יום,יום רגיל,1,10,939,6,,
2025009921,קלה,0,לא עירוני לא בצומת,0,80,7 עד 10.5 מטר,אין ליקוי,בהיר,יבש,ראשון,יום,יום רגיל,8,13,0,7,,
2025009944,קטלנית,1,לא עירוני לא בצומת,0,90,7 עד 10.5 מטר,אין ליקוי,בהיר,יבש,ראשון,יום,יום רגיל,11,14,0,6,,
2025009959,קלה,0,לא עירוני בצומת,0,80,7 עד 10.5 מטר,אין ליקוי,בהיר,יבש,ראשון,לילה,יום רגיל,4,22,0,7,,
2025009965,קלה,0,לא עירוני בצומת,0,80,עד 5 מטר,אין ליקוי,בהיר,יבש,שלישי,יום,יום רגיל,10,16,0,6,,
2025009969,קלה,0,עירוני בצומת,1,עד 50,,אין ליקוי,בהיר,יבש,שני,יום,יום רגיל,5,14,6600,5,,
2025009982,קלה,0,עירוני בצומת,1,עד 50,5 עד 7 מטר,אין ליקוי,בהיר,יבש,רביעי,יום,יום רגיל,2,12,4000,3,,
2025009989,קשה,0,עירוני לא בצומת,1,עד 50,5 עד 7 מטר,אין ליקוי,בהיר,יבש,רביעי,לילה,יום רגיל,3,22,3000,1,,
2025009993,קשה,0,לא עירוני בצומת,0,90,יותר מ-14 מטר,אין ליקוי,ערפילי,יבש,שבת,לילה,יום רגיל,3,3,0,4,,
2025010013,קלה,0,עירוני בצומת,1,עד 50,5 עד 7 מטר,אין ליקוי,בהיר,יבש,רביעי,יום,יום רגיל,12,13,5000,5,,
2025010018,קלה,0,עירוני בצומת,1,עד 50,7 עד 10.5 מטר,אין ליקוי,בהיר,יבש,רביעי,יום,יום רגיל,1,9,2630,6,,
2025010050,קלה,0,לא עירוני לא בצומת,0,70,7 עד 10.5 מטר,אין ליקוי,בהיר,יבש,שלישי,יום,יום רגיל,1,15,0,4,,
2025010058,קלה,0,עירוני בצומת,1,עד 50,,אין ליקוי,בהיר,יבש,חמישי,יום,יום רגיל,11,9,6200,5,,
2025010067,קלה,0,לא עירוני לא בצומת,0,70,10.5 עד 14 מטר,אין ליקוי,בהיר,יבש,חמישי,לילה,יום רגיל,8,1,0,6,,
2025010073,קלה,0,לא עירוני בצומת,0,60,,אין ליקוי,בהיר,יבש,שני,יום,יום רגיל,7,11,0,4,,
2025010088,קטלנית,1,עירוני בצומת,1,60,5 עד 7 מטר,כביש משובש,בהיר,יבש,שישי,לילה,יום רגיל,9,19,5000,5,,
2025010089,קלה,0,עירוני בצומת,1,לא ידוע,,לא ידוע,לא ידוע,לא ידוע,ראשון,יום,יום רגיל,9,9,9700,4,,
2025010126,קשה,0,עירוני לא בצומת,1,לא ידוע,,לא ידוע,לא ידוע,לא ידוע,שבת,לילה,יום רגיל,9,1,502,2,,
2025010135,קשה,0,עירוני בצומת,1,לא ידוע,,לא ידוע,לא ידוע,לא ידוע,שבת,יום,יום רגיל,7,15,3000,1,,
2025010145,קלה,0,עירוני בצומת,1,עד 50,10.5 עד 14 מטר,אין ליקוי,בהיר,יבש,שני,לילה,יום רגיל,12,17,6200,5,,
2025010154,קלה,0,עירוני לא בצומת,1,עד 50,7 עד 10.5 מטר,אין ליקוי,בהיר,יבש,ראשון,יום,יום רגיל,3,7,7700,2,,
2025010163,קשה,0,לא עירוני לא בצומת,0,לא ידוע,,לא ידוע,לא ידוע,לא ידוע,שני,לילה,ערב חג,9,6,0,3,,
2025010179,קלה,0,עירוני לא בצומת,1,עד 50,10.5 עד 14 מטר,אין ליקוי,בהיר,יבש,רביעי,יום,יום רגיל,7,17,6300,5,,
2025010198,קלה,0,עירוני לא בצומת,1,עד 50,5 עד 7 מטר,אין ליקוי,בהיר,יבש,רביעי,לילה,יום רגיל,5,23,2720,4,,
2025010204,קלה,0,לא עירוני לא בצומת,0,עד 50,5 עד 7 מטר,אין ליקוי,בהיר,יבש,שני,יום,יום רגיל,3,12,0,4,,
2025010207,קשה,0,לא עירוני בצומת,0,לא ידוע,,לא ידוע,לא ידוע,לא ידוע,שני,יום,יום רגיל,2,12,0,2,,
2025010210,קשה,0,לא עירוני לא בצומת,0,עד 50,10.5 עד 14 מטר,אין ליקוי,בהיר,יבש,רביעי,יום,יום רגיל,6,12,0,2,,
2025010226,קלה,0,עירוני לא בצומת,1,עד 50,7 עד 10.5 מטר,לא ידוע,בהיר,יבש,שישי,לילה,יום רגיל,6,2,5000,5,,
2025010229,קלה,0,לא עירוני לא בצומת,0,60,7 עד 10.5 מטר,כביש משובש,בהיר,יבש,רביעי,יום,יום רגיל,10,16,0,7,,
2025010231,קטלנית,1,עירוני בצומת,1,עד 50,7 עד 10.5 מטר,אין ליקוי,בהיר,יבש,שלישי,יום,חג,9,16,8300,4,,
2025010232,קשה,0,לא עירוני לא בצומת,0,לא ידוע,,לא ידוע,לא ידוע,לא ידוע,ראשון,יום,יום רגיל,7,10,0,3,,
2025010254,קשה,0,עירוני לא בצומת,1,לא ידוע,,לא ידוע,לא ידוע,לא ידוע,שלישי,יום,יום רגיל,3,15,6100,5,,
2025010281,קלה,0,לא עירוני לא בצומת,0,70,7 עד 10.5 מטר,אין ליקוי,בהיר,יבש,חמישי,יום,יום רגיל,1,16,0,1,,
2025010299,קלה,0,עירוני בצומת,1,עד 50,7 עד 10.5 מטר,אין ליקוי,בהיר,יבש,שלישי,לילה,יום רגיל,8,19,9000,6,,
2025010312,קלה,0,לא עירוני בצומת,0,70,7 עד 10.5 מטר,אין ליקוי,בהיר,יבש,רביעי,יום,יום רגיל,7,12,0,3,,
2025010338,קלה,0,עירוני לא בצומת,1,עד 50,7 עד 10.5 מטר,אין ליקוי,בהיר,יבש,שלישי,יום,יום רגיל,12,13,7400,4,,
2025010394,קשה,0,עירוני לא בצומת,1,לא ידוע,,לא ידוע,לא ידוע,לא ידוע,חמישי,לילה,יום רגיל,4,23,4000,3,,
2025010398,קלה,0,לא עירוני בצומת,0,90,7 עד 10.5 מטר,אין ליקוי,בהיר,יבש,שני,יום,יום רגיל,5,14,0,4,,
2025010400,קשה,0,עירוני לא בצומת,1,לא ידוע,,לא ידוע,לא ידוע,לא ידוע,רביעי,לילה,יום רגיל,2,6,3000,1,,
2025010407,קלה,0,עירוני לא בצומת,1,עד 50,יותר מ-14 מטר,אין ליקוי,בהיר,יבש,שלישי,יום,יום רגיל,8,10,5000,5,,
2025010409,קלה,0,עירוני לא בצומת,1,עד 50,5 עד 7 מטר,אין ליקוי,בהיר,יבש,ראשון,יום,יום רגיל,8,16,2100,3,,
2025010410,קלה,0,עירוני בצומת,1,60,7 עד 10.5 מטר,אין ליקוי,בהיר,יבש,שני,יום,יום רגיל,4,14,2500,3,,
2025010421,קלה,0,לא עירוני בצומת,0,80,7 עד 10.5 מטר,אין ליקוי,בהיר,יבש,שני,לילה,יום רגיל,8,1,0,2,,
2025010431,קשה,0,לא עירוני לא בצומת,0,90,10.5 עד 14 מטר,אין ליקוי,בהיר,יבש,רביעי,לילה,חול המועד,10,1,0,3,,
2025010445,קטלנית,1,עירוני בצומת,1,עד 50,,אין ליקוי,בהיר,יבש,רביעי,לילה,יום רגיל,1,18,5000,5,,
2025010447,קשה,0,עירוני לא בצומת,1,לא ידוע,,לא ידוע,לא ידוע,לא ידוע,רביעי,יום,יום רגיל,1,14,7800,3,,
2025010448,קשה,0,לא עירוני לא בצומת,0,70,7 עד 10.5 מטר,אין ליקוי,בהיר,יבש,שני,יום,יום רגיל,8,8,0,5,,
2025010482,קלה,0,עירוני בצומת,1,עד 50,7 עד 10.5 מטר,לא ידוע,בהיר,יבש,שני,יום,יום רגיל,11,9,8400,4,,
2025010488,קלה,0,עירוני בצומת,1,עד 50,7 עד 10.5 מטר,אין ליקוי,בהיר,יבש,שלישי,יום,יום רגיל,10,14,6900,4,,
2025010498,קשה,0,עירוני בצומת,1,עד 50,5 עד 7 מטר,אין ליקוי,בהיר,יבש,שבת,לילה,יום רגיל,2,18,8600,5,,
2025010510,קלה,0,לא עירוני לא בצומת,0,70,10.5 עד 14 מטר,לא ידוע,בהיר,יבש,רביעי,לילה,יום רגיל,7,21,0,2,,
2025010526,קטלנית,1,לא עירוני לא בצומת,0,110,7 עד 10.5 מטר,אין ליקוי,שרבי,יבש,חמישי,יום,יום רגיל,8,11,0,3,,
2025010536,קלה,0,עירוני בצומת,1,עד 50,7 עד 10.5 מטר,אין ליקוי,בהיר,יבש,שלישי,יום,יום רגיל,3,13,9000,6,,
2025010546,קלה,0,לא עירוני בצומת,0,עד 50,5 עד 7 מטר,אין ליקוי,בהיר,יבש,חמישי,לילה,יום רגיל,7,5,0,3,,
2025010548,קלה,0,עירוני בצומת,1,עד 50,5 עד 7 מטר,אין ליקוי,בהיר,יבש,רביעי,יום,יום רגיל,1,11,874,2,,
2025010560,קלה,0,עירוני לא בצומת,1,לא ידוע,,לא ידוע,לא ידוע,לא ידוע,שני,יום,יום רגיל,9,12,5000,5,,
2025010564,קלה,0,לא עירוני בצומת,0,עד 50,7 עד 10.5 מטר,אין ליקוי,בהיר,יבש,שישי,יום,יום רגיל,4,12,0,5,,
2025010565,קטלנית,1,לא עירוני לא בצומת,0,70,יותר מ-14 מטר,אין ליקוי,בהיר,יבש,שלישי,יום,יום רגיל,5,14,0,5,,
2025010581,קשה,0,לא עירוני לא בצומת,0,לא ידוע,,לא ידוע,לא ידוע,לא ידוע,ראשון,יום,יום רגיל,9,17,0,6,,
2025010595,קלה,0,עירוני בצומת,1,עד 50,5 עד 7 מטר,אין ליקוי,בהיר,יבש,ראשון,יום,יום רגיל,8,16,5000,5,,
2025010644,קלה,0,עירוני בצומת,1,עד 50,7 עד 10.5 מטר,אין ליקוי,בהיר,יבש,רביעי,לילה,יום רגיל,12,16,7400,4,,
2025010648,קשה,0,לא עירוני בצומת,0,לא ידוע,,לא ידוע,לא ידוע,לא ידוע,רביעי,יום,יום רגיל,12,10,0,4,,
2025010657,קלה,0,עירוני בצומת,1,עד 50,,אין ליקוי,בהיר,יבש,שישי,יום,יום רגיל,6,17,7900,4,,
2025010682,קלה,0,עירוני לא בצומת,1,עד 50,5 עד 7 מטר,אין ליקוי,בהיר,יבש,רביעי,יום,יום רגיל,11,10,4000,3,,
2025010729,קשה,0,עירוני לא בצומת,1,לא ידוע,,לא ידוע,לא ידוע,לא ידוע,ראשון,יום,יום רגיל,9,18,3000,1,,
2025010753,קשה,0,לא עירוני לא בצומת,0,לא ידוע,,לא ידוע,לא ידוע,לא ידוע,ראשון,יום,ערב חג,6,12,0,4,,
2025010761,קלה,0,עירוני בצומת,1,עד 50,5 עד 7 מטר,אין ליקוי,בהיר,יבש,רביעי,יום,יום רגיל,9,7,9100,2,,
2025010764,קלה,0,עירוני לא בצומת,1,עד 50,7 עד 10.5 מטר,אין ליקוי,בהיר,יבש,חמישי,לילה,יום רגיל,10,21,1247,3,,
2025010769,קשה,0,עירוני לא בצומת,1,לא ידוע,,לא ידוע,לא ידוע,לא ידוע,רביעי,לילה,יום רגיל,2,22,2600,6,,
2025010779,קלה,0,עירוני לא בצומת,1,עד 50,,אין ליקוי,בהיר,יבש,חמישי,יום,יום רגיל,7,10,2640,4,,
2025010788,קלה,0,עירוני בצומת,1,עד 50,7 עד 10.5 מטר,לא ידוע,בהיר,יבש,חמישי,יום,יום רגיל,11,15,7700,2,,
2025010794,קלה,0,עירוני בצומת,1,עד 50,יותר מ-14 מטר,אין ליקוי,בהיר,יבש,שלישי,לילה,יום רגיל,10,20,6800,3,,
2025010805,קלה,0,עירוני לא בצומת,1,עד 50,5 עד 7 מטר,אין ליקוי,בהיר,יבש,חמישי,יום,יום רגיל,12,12,5000,5,,
2025010810,קלה,0,עירוני בצומת,1,70,10.5 עד 14 מטר,אין ליקוי,בהיר,יבש,שישי,יום,יום רגיל,6,6,9000,6,,
2025010814,קלה,0,עירוני בצומת,1,עד 50,5 עד 7 מטר,אין ליקוי,בהיר,יבש,שבת,יום,יום רגיל,3,12,8600,5,,
2025010833,קלה,0,לא עירוני בצומת,0,70,10.5 עד 14 מטר,אין ליקוי,בהיר,יבש,חמישי,יום,יום רגיל,7,11,0,5,,
2025010843,קלה,0,לא עירוני בצומת,0,90,5 עד 7 מטר,אין ליקוי,לא ידוע,יבש,שלישי,יום,יום רגיל,2,14,0,7,,
2025010872,קלה,0,לא עירוני בצומת,0,80,7 עד 10.5 מטר,אין ליקוי,בהיר,יבש,רביעי,יום,יום רגיל,2,14,0,7,,
2025010880,קלה,0,עירוני בצומת,1,עד 50,10.5 עד 14 מטר,אין ליקוי,גשום,רטוב ממים,שישי,יום,יום רגיל,3,9,3780,7,,
2025010896,קלה,0,לא עירוני בצומת,0,80,7 עד 10.5 מטר,אין ליקוי,בהיר,יבש,שישי,יום,יום רגיל,8,12,0,4,,
2025010902,קלה,0,עירוני לא בצומת,1,עד 50,7 עד 10.5 מטר,אין ליקוי,בהיר,יבש,רביעי,יום,יום רגיל,6,16,70,6,,
2025010937,קטלנית,1,לא עירוני בצומת,0,90,5 עד 7 מטר,אין ליקוי,בהיר,יבש,שני,יום,יום רגיל,7,7,0,4,,
2025010944,קשה,0,לא עירוני בצומת,0,לא ידוע,,לא ידוע,לא ידוע,לא ידוע,ראשון,יום,יום רגיל,10,14,0,4,,
2025010948,קלה,0,עירוני לא בצומת,1,עד 50,10.5 עד 14 מטר,לא ידוע,בהיר,יבש,שלישי,יום,יום רגיל,1,11,6100,5,,
2025010989,קלה,0,לא עירוני לא בצומת,0,90,5 עד 7 מטר,אין ליקוי,בהיר,יבש,שלישי,יום,יום רגיל,1,10,0,6,,
2025011030,קלה,0,לא עירוני לא בצומת,0,80,5 עד 7 מטר,אין ליקוי,בהיר,יבש,שני,יום,יום רגיל,9,16,0,2,,
2025011035,קלה,0,עירוני בצומת,1,70,יותר מ-14 מטר,אין ליקוי,בהיר,יבש,שלישי,יום,יום רגיל,2,12,3000,1,,
2025011048,קשה,0,עירוני לא בצומת,1,עד 50,7 עד 10.5 מטר,אין ליקוי,גשום,רטוב ממים,שני,לילה,יום רגיל,12,16,6700,2,,
2025011065,קשה,0,לא עירוני לא בצומת,0,לא ידוע,,לא ידוע,לא ידוע,לא ידוע,חמישי,יום,יום רגיל,6,15,0,3,,
2025011066,קלה,0,עירוני בצומת,1,עד 50,5 עד 7 מטר,אין ליקוי,בהיר,יבש,חמישי,לילה,יום רגיל,7,20,1139,2,,
2025011067,קלה,0,לא עירוני בצומת,0,90,10.5 עד 14 מטר,אין ליקוי,בהיר,יבש,שלישי,יום,יום רגיל,5,12,0,6,,
2025011069,קלה,0,עירוני לא בצומת,1,עד 50,5 עד 7 מטר,כביש משובש,בהיר,יבש,ראשון,יום,יום רגיל,2,14,6500,3,,
2025011072,קלה,0,לא עירוני בצומת,0,לא ידוע,,לא ידוע,לא ידוע,לא ידוע,חמישי,לילה,יום רגיל,10,22,0,6,,
2025011136,קלה,0,עירוני בצומת,1,עד 50,10.5 עד 14 מטר,אין ליקוי,בהיר,יבש,שלישי,לילה,יום רגיל,11,0,8500,4,,
2025011156,קלה,0,עירוני לא בצומת,1,עד 50,יותר מ-14 מטר,אין ליקוי,לא ידוע,יבש,שני,יום,יום רגיל,2,12,4000,3,,
2025011161,קלה,0,לא עירוני לא בצומת,0,80,7 עד 10.5 מטר,אין ליקוי,בהיר,יבש,ראשון,יום,יום רגיל,2,16,0,7,,
2025011170,קלה,0,עירוני לא בצומת,1,עד 50,5 עד 7 מטר,אין ליקוי,בהיר,יבש,שישי,יום,יום רגיל,5,8,3780,7,,
2025011183,קלה,0,עירוני לא בצומת,1,עד 50,5 עד 7 מטר,אין ליקוי,בהיר,יבש,שישי,יום,יום רגיל,6,15,6100,5,,
2025011191,קשה,0,עירוני בצומת,1,לא ידוע,,לא ידוע,לא ידוע,לא ידוע,ראשון,לילה,יום רגיל,2,23,7000,4,,
2025011193,קלה,0,לא עירוני לא בצומת,0,90,7 עד 10.5 מטר,אין ליקוי,בהיר,יבש,שישי,לילה,יום רגיל,12,19,0,7,,
2025011195,קטלנית,1,לא עירוני לא בצומת,0,90,5 עד 7 מטר,אין ליקוי,בהיר,יבש,שלישי,יום,יום רגיל,6,19,0,3,,
2025011206,קלה,0,לא עירוני בצומת,0,עד 50,10.5 עד 14 מטר,אין ליקוי,בהיר,יבש,שלישי,יום,יום רגיל,5,14,0,5,,
2025011216,קשה,0,לא עירוני לא בצומת,0,לא ידוע,,לא ידוע,לא ידוע,לא ידוע,רביעי,לילה,יום רגיל,1,3,0,3,,
2025011231,קשה,0,עירוני לא בצומת,1,עד 50,5 עד 7 מטר,אין ליקוי,בהיר,יבש,שלישי,יום,יום רגיל,5,17,6100,5,,
2025011249,קלה,0,עירוני לא בצומת,1,לא ידוע,,לא ידוע,לא ידוע,לא ידוע,חמישי,יום,יום רגיל,12,12,5000,5,,
2025011251,קשה,0,לא עירוני לא בצומת,0,לא ידוע,,לא ידוע,לא ידוע,לא ידוע,שני,יום,יום רגיל,5,6,0,6,,
2025011254,קלה,0,עירוני בצומת,1,עד 50,7 עד 10.5 מטר,אין ליקוי,בהיר,יבש,שבת,לילה,יום רגיל,5,23,5000,5,,
2025011258,קלה,0,עירוני בצומת,1,עד 50,5 עד 7 מטר,אין ליקוי,בהיר,יבש,ראשון,יום,יום רגיל,4,15,6100,5,,
2025011272,קשה,0,לא עירוני לא בצומת,0,עד 50,5 עד 7 מטר,אין ליקוי,בהיר,חול או חצץ על הכביש,ראשון,לילה,יום רגיל,4,19,0,9,,
2025011278,קלה,0,לא עירוני בצומת,0,עד 50,יותר מ-14 מטר,אין ליקוי,בהיר,יבש,רביעי,יום,יום רגיל,4,15,0,5,,
2025011310,קלה,0,עירוני בצומת,1,עד 50,5 עד 7 מטר,אין ליקוי,בהיר,יבש,חמישי,יום,יום רגיל,11,12,8500,4,,
2025011324,קלה,0,עירוני לא בצומת,1,עד 50,7 עד 10.5 מטר,אין ליקוי,בהיר,יבש,שלישי,לילה,יום רגיל,3,21,4000,3,,
2025011344,קלה,0,עירוני לא בצומת,1,עד 50,10.5 עד 14 מטר,אין ליקוי,לא ידוע,יבש,חמישי,יום,יום רגיל,2,17,7600,2,,
2025011356,קלה,0,עירוני לא בצומת,1,עד 50,10.5 עד 14 מטר,אין ליקוי,בהיר,יבש,שני,יום,יום רגיל,11,8,8600,5,,
2025011360,קלה,0,עירוני לא בצומת,1,80,10.5 עד 14 מטר,אין ליקוי,שרבי,יבש,שבת,יום,יום רגיל,4,15,3791,7,,
2025011369,קלה,0,עירוני לא בצומת,1,עד 50,7 עד 10.5 מטר,אין ליקוי,בהיר,יבש,חמישי,לילה,יום רגיל,11,17,1139,2,,
2025011378,קטלנית,1,לא עירוני לא בצומת,0,,10.5 עד 14 מטר,אין ליקוי,בהיר,יבש,שני,לילה,יום רגיל,6,1,0,4,,
2025011383,קשה,0,לא עירוני לא בצומת,0,90,10.5 עד 14 מטר,אין ליקוי,לא ידוע,יבש,חמישי,יום,יום רגיל,12,9,0,7,,
2025011413,קלה,0,עירוני לא בצומת,1,עד 50,5 עד 7 מטר,אין ליקוי,בהיר,יבש,שני,לילה,יום רגיל,12,19,8700,4,,
2025011444,קשה,0,לא עירוני בצומת,0,90,יותר מ-14 מטר,אין ליקוי,לא ידוע,לא ידוע,שני,יום,יום רגיל,9,17,0,6,,
2025011463,קשה,0,עירוני לא בצומת,1,עד 50,10.5 עד 14 מטר,אין ליקוי,גשום,רטוב ממים,רביעי,לילה,יום רגיל,2,21,3000,1,,
2025011467,קלה,0,עירוני בצומת,1,לא ידוע,,לא ידוע,לא ידוע,לא ידוע,שני,לילה,יום רגיל,9,20,8300,4,,
2025011469,קשה,0,לא עירוני לא בצומת,0,לא ידוע,,לא ידוע,לא ידוע,לא ידוע,ראשון,יום,יום רגיל,8,13,0,2,,
2025011475,קלה,0,עירוני בצומת,1,עד 50,5 עד 7 מטר,אין ליקוי,בהיר,יבש,שלישי,יום,יום רגיל,8,9,6900,4,,
2025011487,קלה,0,עירוני בצומת,1,עד 50,7 עד 10.5 מטר,אין ליקוי,בהיר,יבש,ראשון,יום,יום רגיל,11,13,6500,3,,
2025011496,קלה,0,עירוני בצומת,1,לא ידוע,,לא ידוע,לא ידוע,לא ידוע,ראשון,יום,יום רגיל,6,7,8600,5,,
2025011509,קשה,0,עירוני לא בצומת,1,לא ידוע,,לא ידוע,לא ידוע,לא ידוע,ראשון,יום,יום רגיל,8,11,7400,4,,
2025011525,קלה,0,לא עירוני בצומת,0,90,יותר מ-14 מטר,אין ליקוי,שרבי,יבש,שלישי,יום,יום רגיל,4,11,0,4,,
2025011528,קשה,0,עירוני לא בצומת,1,עד 50,5 עד 7 מטר,אין ליקוי,בהיר,יבש,שישי,יום,יום רגיל,5,11,3750,7,,
2025011556,קלה,0,עירוני לא בצומת,1,עד 50,5 עד 7 מטר,אין ליקוי,בהיר,יבש,שני,יום,יום רגיל,7,19,6600,5,,
2025011559,קטלנית,1,לא עירוני לא בצומת,0,80,7 עד 10.5 מטר,אין ליקוי,בהיר,יבש,שני,לילה,יום רגיל,3,20,0,2,,
2025011569,קלה,0,עירוני לא בצומת,1,עד 50,7 עד 10.5 מטר,אין ליקוי,בהיר,יבש,שלישי,יום,יום רגיל,11,13,5000,5,,
2025011583,קשה,0,עירוני לא בצומת,1,לא ידוע,,לא ידוע,לא ידוע,לא ידוע,ראשון,יום,יום רגיל,11,13,5000,5,,
2025011588,קשה,0,עירוני בצומת,1,עד 50,10.5 עד 14 מטר,אין ליקוי,בהיר,יבש,שני,לילה,ערב חג,10,1,7900,4,,
2025011596,קלה,0,עירוני בצומת,1,60,יותר מ-14 מטר,אין ליקוי,בהיר,יבש,חמישי,לילה,יום רגיל,4,19,4000,3,,
2025011602,קשה,0,לא עירוני בצומת,0,עד 50,7 עד 10.5 מטר,אין ליקוי,בהיר,יבש,שישי,יום,יום רגיל,1,10,0,5,,
2025011650,קטלנית,1,לא עירוני לא בצומת,0,80,7 עד 10.5 מטר,אין ליקוי,בהיר,יבש,שלישי,יום,יום רגיל,8,14,0,2,,
2025011656,קלה,0,עירוני בצומת,1,עד 50,10.5 עד 14 מטר,אין ליקוי,בהיר,יבש,שלישי,לילה,יום רגיל,4,6,7900,4,,
2025011658,קשה,0,עירוני לא בצומת,1,עד 50,7 עד 10.5 מטר,אין ליקוי,בהיר,יבש,ראשון,יום,יום רגיל,1,8,4000,3,,
2025011666,קשה,0,עירוני לא בצומת,1,לא ידוע,,לא ידוע,לא ידוע,לא ידוע,ראשון,יום,יום רגיל,2,17,638,4,,
2025011671,קשה,0,עירוני בצומת,1,עד 50,5 עד 7 מטר,אין ליקוי,בהיר,יבש,חמישי,יום,יום רגיל,9,10,7900,4,,
2025011672,קשה,0,עירוני בצומת,1,לא ידוע,,לא ידוע,לא ידוע,לא ידוע,ראשון,יום,יום רגיל,1,14,8400,4,,
2025011675,קלה,0,עירוני לא בצומת,1,עד 50,יותר מ-14 מטר,אין ליקוי,בהיר,יבש,שלישי,יום,חול המועד,4,14,6200,5,,
2025011691,קלה,0,לא עירוני בצומת,0,70,7 עד 10.5 מטר,אין ליקוי,בהיר,יבש,חמישי,יום,יום רגיל,8,12,0,3,,
2025011709,קטלנית,1,לא עירוני לא בצומת,0,80,5 עד 7 מטר,אין ליקוי,בהיר,יבש,שבת,לילה,יום רגיל,6,20,0,2,,
2025011714,קלה,0,עירוני לא בצומת,1,עד 50,,אין ליקוי,בהיר,יבש,רביעי,לילה,יום רגיל,8,4,5000,5,,
2025011761,קלה,0,לא עירוני לא בצומת,0,80,7 עד 10.5 מטר,אין ליקוי,בהיר,יבש,חמישי,יום,יום רגיל,6,18,0,4,,
2025011784,קלה,0,עירוני לא בצומת,1,עד 50,5 עד 7 מטר,אין ליקוי,בהיר,יבש,שני,יום,יום רגיל,4,7,8700,4,,
2025011797,קשה,0,לא עירוני לא בצומת,0,90,10.5 עד 14 מטר,אין ליקוי,בהיר,יבש,רביעי,לילה,יום רגיל,12,0,0,7,,
2025011805,קלה,0,עירוני לא בצומת,1,עד 50,10.5 עד 14 מטר,אין ליקוי,בהיר,יבש,שלישי,לילה,יום רגיל,3,20,6200,5,,
2025011812,קשה,0,עירוני בצומת,1,עד 50,10.5 עד 14 מטר,אין ליקוי,בהיר,יבש,רביעי,לילה,יום רגיל,10,22,6600,5,,
2025011822,קלה,0,עירוני בצומת,1,90,5 עד 7 מטר,אין ליקוי,בהיר,יבש,שבת,לילה,חול המועד,10,23,9000,6,,
2025011826,קלה,0,עירוני בצומת,1,עד 50,,אין ליקוי,בהיר,יבש,רביעי,לילה,יום רגיל,4,21,8300,4,,
2025011828,קלה,0,לא עירוני בצומת,0,עד 50,,אין ליקוי,בהיר,יבש,שישי,לילה,יום רגיל,5,20,0,5,,
2025011844,קלה,0,לא עירוני לא בצומת,0,לא ידוע,,לא ידוע,לא ידוע,לא ידוע,ראשון,יום,חול המועד,10,16,0,2,,
2025011845,קלה,0,עירוני בצומת,1,עד 50,עד 5 מטר,אין ליקוי,בהיר,יבש,רביעי,לילה,יום רגיל,6,1,7100,6,,
2025011848,קלה,0,עירוני בצומת,1,עד 50,,אין ליקוי,בהיר,יבש,רביעי,יום,חול המועד,10,12,5000,5,,
2025011862,קלה,0,לא עירוני לא בצומת,0,90,10.5 עד 14 מטר,אין ליקוי,בהיר,יבש,רביעי,יום,חול המועד,10,11,0,5,,
2025011885,קשה,0,לא עירוני לא בצומת,0,80,10.5 עד 14 מטר,אין ליקוי,בהיר,יבש,רביעי,לילה,יום רגיל,2,0,0,2,,
2025011893,קלה,0,עירוני לא בצומת,1,עד 50,5 עד 7 מטר,אין ליקוי,בהיר,יבש,שני,יום,חול המועד,4,14,1199,2,,
2025011925,קלה,0,עירוני לא בצומת,1,עד 50,5 עד 7 מטר,אין ליקוי,בהיר,יבש,רביעי,לילה,יום רגיל,1,20,3000,1,,
2025011926,קשה,0,עירוני לא בצומת,1,לא ידוע,,לא ידוע,לא ידוע,לא ידוע,שלישי,יום,יום רגיל,11,8,2630,6,,
2025011956,קטלנית,1,לא עירוני בצומת,0,80,7 עד 10.5 מטר,אין ליקוי,בהיר,יבש,חמישי,לילה,יום רגיל,8,21,0,6,,
2025011959,קלה,0,עירוני בצומת,1,עד 50,5 עד 7 מטר,אין ליקוי,בהיר,יבש,שלישי,לילה,יום רגיל,3,18,9000,6,,
2025011964,קטלנית,1,עירוני לא בצומת,1,עד 50,10.5 עד 14 מטר,אין ליקוי,בהיר,יבש,רביעי,יום,יום רגיל,12,11,681,4,,
2025011997,קשה,0,עירוני לא בצומת,1,לא ידוע,,לא ידוע,לא ידוע,לא ידוע,רביעי,יום,יום רגיל,4,12,2610,1,,
2025012006,קשה,0,לא עירוני לא בצומת,0,לא ידוע,,לא ידוע,לא ידוע,לא ידוע,ראשון,יום,יום רגיל,6,18,0,4,,
2025012014,קשה,0,עירוני בצומת,1,לא ידוע,,לא ידוע,לא ידוע,לא ידוע,רביעי,לילה,יום רגיל,7,20,3000,1,,
2025012015,קשה,0,עירוני לא בצומת,1,לא ידוע,,לא ידוע,לא ידוע,לא ידוע,שני,לילה,יום רגיל,12,18,6600,5,,
2025012025,קלה,0,עירוני בצומת,1,עד 50,10.5 עד 14 מטר,אין ליקוי,בהיר,יבש,שלישי,יום,יום רגיל,5,12,5000,5,,
2025012039,קשה,0,עירוני לא בצומת,1,עד 50,5 עד 7 מטר,אין ליקוי,בהיר,יבש,רביעי,יום,יום רגיל,12,15,9500,3,,
2025012042,קטלנית,1,עירוני בצומת,1,עד 50,5 עד 7 מטר,אין ליקוי,בהיר,יבש,שני,יום,יום רגיל,11,15,1020,3,,
2025012069,קלה,0,לא עירוני בצומת,0,80,,אין ליקוי,בהיר,יבש,שישי,יום,חג,3,14,0,4,,
2025012076,קשה,0,עירוני לא בצומת,1,לא ידוע,,לא ידוע,לא ידוע,לא ידוע,שני,לילה,יום רגיל,4,5,3000,1,,
2025012110,קלה,0,עירוני בצומת,1,עד 50,5 עד 7 מטר,אין ליקוי,בהיר,יבש,ראשון,יום,יום רגיל,5,16,5000,5,,
2025012170,קשה,0,עירוני לא בצומת,1,עד 50,5 עד 7 מטר,אין ליקוי,לא ידוע,רטוב ממים,ראשון,יום,יום רגיל,2,9,8300,4,,
2025012184,קשה,0,עירוני לא בצומת,1,לא ידוע,,לא ידוע,לא ידוע,לא ידוע,שישי,יום,יום רגיל,9,7,7000,4,,
2025012195,קלה,0,עירוני בצומת,1,עד 50,5 עד 7 מטר,אין ליקוי,בהיר,יבש,שישי,יום,יום רגיל,8,9,6900,4,,
2025012211,קשה,0,לא עירוני לא בצומת,0,60,5 עד 7 מטר,אין ליקוי,בהיר,רטוב ממים,שישי,לילה,יום רגיל,3,22,0,2,,
2025012216,קלה,0,עירוני בצומת,1,עד 50,10.5 עד 14 מטר,אין ליקוי,בהיר,יבש,חמישי,יום,יום רגיל,1,16,5000,5,,
2025012236,קלה,0,עירוני לא בצומת,1,עד 50,5 עד 7 מטר,אין ליקוי,בהיר,יבש,שישי,יום,יום רגיל,2,15,8300,4,,
2025012239,קשה,0,עירוני בצומת,1,עד 50,,אין ליקוי,לא ידוע,יבש,ראשון,יום,יום רגיל,2,10,5000,5,,
2025012244,קלה,0,עירוני לא בצומת,1,עד 50,7 עד 10.5 מטר,אין ליקוי,בהיר,יבש,רביעי,יום,יום רגיל,3,17,6900,4,,
2025012258,קלה,0,עירוני בצומת,1,עד 50,7 עד 10.5 מטר,אין ליקוי,בהיר,יבש,שלישי,לילה,יום רגיל,1,22,9000,6,,
2025012270,קשה,0,לא עירוני לא בצומת,0,90,יותר מ-14 מטר,אין ליקוי,בהיר,יבש,חמישי,יום,יום רגיל,10,15,0,1,,
2025012276,קלה,0,עירוני לא בצומת,1,עד 50,5 עד 7 מטר,אין ליקוי,בהיר,יבש,רביעי,יום,יום רגיל,9,8,4000,3,,
2025012294,קלה,0,לא עירוני בצומת,0,עד 50,יותר מ-14 מטר,אין ליקוי,בהיר,יבש,שני,יום,יום רגיל,1,9,0,3,,
2025012296,קשה,0,לא עירוני לא בצומת,0,110,,אין ליקוי,בהיר,יבש,שלישי,לילה,חג,10,19,0,3,,
2025012318,קשה,0,עירוני בצומת,1,עד 50,7 עד 10.5 מטר,אין ליקוי,בהיר,יבש,ראשון,לילה,יום רגיל,7,20,31,6,,
2025012325,קלה,0,עירוני לא בצומת,1,לא ידוע,,לא ידוע,לא ידוע,לא ידוע,שני,יום,יום רגיל,6,13,3000,1,,
2025012328,קשה,0,עירוני לא בצומת,1,לא ידוע,,לא ידוע,לא ידוע,לא ידוע,חמישי,לילה,יום רגיל,12,19,6700,2,,
2025012331,קשה,0,עירוני בצומת,1,עד 50,5 עד 7 מטר,אין ליקוי,גשום,רטוב ממים,חמישי,לילה,יום רגיל,2,18,3000,1,,
2025012338,קשה,0,לא עירוני לא בצומת,0,עד 50,5 עד 7 מטר,אין ליקוי,בהיר,רטוב ממים,חמישי,יום,יום רגיל,2,9,0,1,,
2025012352,קשה,0,עירוני בצומת,1,עד 50,7 עד 10.5 מטר,אין ליקוי,בהיר,יבש,שבת,לילה,יום רגיל,11,23,9700,4,,
2025012366,קלה,0,עירוני בצומת,1,עד 50,7 עד 10.5 מטר,אין ליקוי,בהיר,יבש,שלישי,יום,יום רגיל,9,16,6500,3,,
2025012390,קשה,0,עירוני לא בצומת,1,לא ידוע,,לא ידוע,לא ידוע,לא ידוע,שלישי,יום,יום רגיל,7,7,4000,3,,
2025012403,קלה,0,עירוני לא בצומת,1,עד 50,7 עד 10.5 מטר,אין ליקוי,בהיר,יבש,שני,יום,יום רגיל,3,12,2620,5,,
2025012433,קלה,0,עירוני בצומת,1,עד 50,5 עד 7 מטר,אין ליקוי,בהיר,יבש,רביעי,יום,יום רגיל,7,11,3000,1,,
2025012462,קלה,0,עירוני בצומת,1,עד 50,5 עד 7 מטר,אין ליקוי,בהיר,יבש,שישי,יום,חג,3,17,3000,1,,
2025012469,קלה,0,עירוני בצומת,1,עד 50,7 עד 10.5 מטר,אין ליקוי,בהיר,יבש,חמישי,לילה,יום רגיל,12,21,6900,4,,
2025012489,קלה,0,לא עירוני לא בצומת,0,עד 50,5 עד 7 מטר,אין ליקוי,בהיר,יבש,ראשון,יום,יום רגיל,6,16,0,4,,
2025012492,קשה,0,לא עירוני בצומת,0,לא ידוע,,לא ידוע,לא ידוע,לא ידוע,רביעי,לילה,יום רגיל,3,18,0,5,,
2025012498,קלה,0,עירוני בצומת,1,עד 50,,אין ליקוי,בהיר,יבש,שלישי,יום,יום רגיל,11,7,2650,5,,
2025012504,קלה,0,עירוני לא בצומת,1,עד 50,5 עד 7 מטר,אין ליקוי,בהיר,יבש,ראשון,יום,יום רגיל,6,11,8600,5,,
2025012534,קלה,0,עירוני לא בצומת,1,עד 50,7 עד 10.5 מטר,אין ליקוי,גשום,רטוב ממים,שישי,לילה,יום רגיל,2,20,4000,3,,
2025012540,קטלנית,1,לא עירוני לא בצומת,0,70,10.5 עד 14 מטר,אין ליקוי,שרבי,יבש,שבת,יום,יום רגיל,5,12,0,4,,
2025012589,קלה,0,עירוני לא בצומת,1,עד 50,7 עד 10.5 מטר,אין ליקוי,בהיר,יבש,שני,יום,יום רגיל,4,18,1015,1,,
2025012603,קלה,0,לא עירוני בצומת,0,עד 50,10.5 עד 14 מטר,אין ליקוי,בהיר,יבש,שני,יום,יום רגיל,5,16,0,4,,
2025012606,קלה,0,לא עירוני בצומת,0,70,יותר מ-14 מטר,לא ידוע,בהיר,יבש,רביעי,לילה,יום רגיל,6,22,0,1,,
2025012617,קלה,0,לא עירוני בצומת,0,80,7 עד 10.5 מטר,אין ליקוי,בהיר,יבש,רביעי,יום,יום רגיל,10,7,0,4,,
2025012629,קלה,0,עירוני לא בצומת,1,עד 50,,אין ליקוי,בהיר,יבש,שני,יום,יום רגיל,4,9,8300,4,,
2025012635,קשה,0,עירוני לא בצומת,1,לא ידוע,,לא ידוע,לא ידוע,לא ידוע,שבת,יום,יום רגיל,1,14,4000,3,,
2025012650,קלה,0,עירוני בצומת,1,עד 50,5 עד 7 מטר,לא ידוע,בהיר,יבש,שישי,יום,יום רגיל,1,9,2800,2,,
2025012662,קלה,0,לא עירוני בצומת,0,60,10.5 עד 14 מטר,אין ליקוי,בהיר,יבש,רביעי,לילה,יום רגיל,8,0,0,4,,
2025012674,קשה,0,עירוני לא בצומת,1,לא ידוע,5 עד 7 מטר,אין ליקוי,בהיר,יבש,רביעי,לילה,חול המועד,4,23,4000,3,,
2025012680,קטלנית,1,לא עירוני לא בצומת,0,80,7 עד 10.5 מטר,אין ליקוי,בהיר,יבש,שלישי,יום,יום רגיל,7,10,0,7,,
2025012687,קשה,0,עירוני לא בצומת,1,עד 50,5 עד 7 מטר,אין ליקוי,בהיר,יבש,רביעי,לילה,חג,9,0,8300,4,,
2025012702,קלה,0,לא עירוני בצומת,0,עד 50,5 עד 7 מטר,אין ליקוי,בהיר,יבש,שני,יום,יום רגיל,7,17,0,4,,
2025012735,קלה,0,עירוני בצומת,1,עד 50,עד 5 מטר,אין ליקוי,בהיר,יבש,שני,יום,יום רגיל,8,9,874,2,,
2025012737,קלה,0,לא עירוני לא בצומת,0,עד 50,5 עד 7 מטר,אין ליקוי,בהיר,יבש,שישי,לילה,יום רגיל,12,19,0,4,,
2025012740,קלה,0,עירוני לא בצומת,1,עד 50,5 עד 7 מטר,אין ליקוי,בהיר,יבש,חמישי,לילה,יום רגיל,1,23,4000,3,,
2025012743,קלה,0,עירוני לא בצומת,1,עד 50,5 עד 7 מטר,אין ליקוי,בהיר,יבש,שישי,לילה,יום רגיל,3,0,7400,4,,
2025012748,קלה,0,עירוני בצומת,1,עד 50,7 עד 10.5 מטר,אין ליקוי,בהיר,יבש,שלישי,יום,יום רגיל,3,7,70,6,,
2025012772,קשה,0,עירוני לא בצומת,1,לא ידוע,,לא ידוע,לא ידוע,לא ידוע,רביעי,לילה,יום רגיל,7,22,1200,4,,
2025012801,קשה,0,לא עירוני בצומת,0,לא ידוע,,לא ידוע,לא ידוע,לא ידוע,שלישי,יום,חול המועד,4,9,0,5,,
2025012813,קלה,0,עירוני בצומת,1,עד 50,5 עד 7 מטר,אין ליקוי,בהיר,יבש,שני,לילה,יום רגיל,3,20,9600,3,,
2025012821,קלה,0,לא עירוני בצומת,0,90,10.5 עד 14 מטר,לא ידוע,בהיר,יבש,שלישי,יום,יום רגיל,11,12,0,4,,
2025012823,קלה,0,עירוני לא בצומת,1,עד 50,5 עד 7 מטר,אין ליקוי,בהיר,יבש,שישי,יום,יום רגיל,1,12,2500,3,,
2025012840,קשה,0,לא עירוני לא בצומת,0,לא ידוע,,לא ידוע,לא ידוע,לא ידוע,חמישי,יום,יום רגיל,10,9,0,5,,
2025012850,קלה,0,עירוני בצומת,1,לא ידוע,עד 5 מטר,אין ליקוי,בהיר,יבש,שישי,יום,יום רגיל,10,11,6200,5,,
2025012852,קשה,0,לא עירוני לא בצומת,0,80,,לא ידוע,בהיר,יבש,שני,יום,יום רגיל,9,15,0,7,,
2025012853,קשה,0,לא עירוני לא בצומת,0,70,5 עד 7 מטר,אין ליקוי,בהיר,יבש,שבת,לילה,יום רגיל,5,21,0,4,,
2025012860,קשה,0,עירוני לא בצומת,1,לא ידוע,,לא ידוע,לא ידוע,לא ידוע,שלישי,לילה,יום רגיל,11,17,6000,3,,
2025012862,קטלנית,1,לא עירוני לא בצומת,0,70,5 עד 7 מטר,אין ליקוי,בהיר,יבש,שישי,יום,יום רגיל,4,15,0,4,,
2025012869,קלה,0,לא עירוני בצומת,0,90,7 עד 10.5 מטר,אין ליקוי,בהיר,יבש,שישי,לילה,יום רגיל,1,21,0,6,,
2025012875,קלה,0,עירוני בצומת,1,60,10.5 עד 14 מטר,אין ליקוי,בהיר,יבש,רביעי,יום,יום רגיל,1,14,8300,4,,
2025012887,קטלנית,1,לא עירוני בצומת,0,עד 50,10.5 עד 14 מטר,אין ליקוי,בהיר,יבש,שני,יום,יום רגיל,12,7,0,7,,
2025012888,קשה,0,עירוני לא בצומת,1,עד 50,7 עד 10.5 מטר,אין ליקוי,בהיר,יבש,שני,יום,חג,6,18,1271,6,,
2025012919,קשה,0,עירוני לא בצומת,1,לא ידוע,,לא ידוע,לא ידוע,לא ידוע,שני,יום,יום רגיל,1,13,6100,5,,
2025012930,קלה,0,לא עירוני לא בצומת,0,80,7 עד 10.5 מטר,אין ליקוי,בהיר,יבש,חמישי,לילה,יום רגיל,1,16,0,7,,
2025012939,קשה,0,עירוני לא בצומת,1,לא ידוע,,לא ידוע,לא ידוע,לא ידוע,ראשון,לילה,יום רגיל,5,0,3797,7,,
2025012946,קטלנית,1,לא עירוני לא בצומת,0,90,10.5 עד 14 מטר,אין ליקוי,בהיר,יבש,שלישי,לילה,יום רגיל,11,17,0,2,,
2025012982,קשה,0,עירוני לא בצומת,1,לא ידוע,,לא ידוע,לא ידוע,לא ידוע,שני,יום,יום רגיל,4,12,1763,6,,
2025013034,קלה,0,לא עירוני בצומת,0,עד 50,יותר מ-14 מטר,אין ליקוי,בהיר,יבש,רביעי,יום,יום רגיל,8,9,0,3,,
2025013045,קלה,0,לא עירוני בצומת,0,80,יותר מ-14 מטר,אין ליקוי,לא ידוע,יבש,רביעי,יום,יום רגיל,1,10,0,2,,
2025013073,קשה,0,עירוני בצומת,1,לא ידוע,,לא ידוע,לא ידוע,לא ידוע,שלישי,יום,יום רגיל,8,8,1224,4,,
2025013076,קשה,0,עירוני לא בצומת,1,עד 50,5 עד 7 מטר,אין ליקוי,בהיר,יבש,שני,יום,יום רגיל,9,17,9000,6,,
2025013090,קלה,0,עירוני בצומת,1,70,5 עד 7 מטר,אין ליקוי,בהיר,יבש,רביעי,יום,יום רגיל,11,13,70,6,,
2025013120,קשה,0,לא עירוני לא בצומת,0,לא ידוע,10.5 עד 14 מטר,אין ליקוי,בהיר,יבש,ראשון,לילה,יום רגיל,9,2,0,1,,
2025013138,קלה,0,עירוני בצומת,1,עד 50,5 עד 7 מטר,אין ליקוי,בהיר,יבש,חמישי,יום,יום רגיל,8,6,1717,2,,
2025013141,קשה,0,עירוני לא בצומת,1,לא ידוע,,לא ידוע,לא ידוע,לא ידוע,חמישי,לילה,יום רגיל,11,17,2620,5,,
2025013147,קשה,0,לא עירוני לא בצומת,0,90,7 עד 10.5 מטר,אין ליקוי,בהיר,יבש,שישי,יום,יום רגיל,8,11,0,2,,
2025013156,קלה,0,לא עירוני בצומת,0,100,יותר מ-14 מטר,אין ליקוי,בהיר,יבש,שלישי,יום,יום רגיל,5,16,0,3,,
2025013158,קשה,0,לא עירוני בצומת,0,לא ידוע,,לא ידוע,לא ידוע,לא ידוע,רביעי,לילה,יום רגיל,7,4,0,4,,
2025013198,קלה,0,לא עירוני בצומת,0,80,יותר מ-14 מטר,אין ליקוי,לא ידוע,יבש,שישי,יום,יום רגיל,4,10,0,2,,
2025013202,קשה,0,עירוני לא בצומת,1,לא ידוע,,לא ידוע,לא ידוע,לא ידוע,חמישי,לילה,יום רגיל,9,20,9000,6,,
2025013204,קשה,0,לא עירוני לא בצומת,0,80,5 עד 7 מטר,אין ליקוי,בהיר,יבש,שבת,לילה,יום רגיל,9,5,0,2,,
2025013221,קלה,0,עירוני לא בצומת,1,עד 50,7 עד 10.5 מטר,אין ליקוי,בהיר,יבש,חמישי,יום,יום רגיל,7,19,1139,2,,
2025013229,קטלנית,1,לא עירוני לא בצומת,0,100,10.5 עד 14 מטר,אין ליקוי,בהיר,רטוב ממים,חמישי,לילה,יום רגיל,2,20,0,2,,
2025013231,קלה,0,עירוני לא בצומת,1,עד 50,5 עד 7 מטר,כביש משובש,בהיר,יבש,ראשון,יום,יום רגיל,8,12,3000,1,,
2025013266,קשה,0,עירוני לא בצומת,1,80,7 עד 10.5 מטר,אין ליקוי,בהיר,יבש,שני,יום,יום רגיל,11,13,3000,1,,
2025013270,קלה,0,עירוני לא בצומת,1,עד 50,עד 5 מטר,אין ליקוי,גשום,רטוב ממים,חמישי,יום,יום רגיל,1,15,7900,4,,
2025013272,קלה,0,עירוני בצומת,1,לא ידוע,5 עד 7 מטר,כביש משובש,בהיר,יבש,שלישי,יום,יום רגיל,7,6,7000,4,,
2025013314,קלה,0,לא עירוני לא בצומת,0,עד 50,10.5 עד 14 מטר,אין ליקוי,בהיר,יבש,שבת,לילה,יום רגיל,1,17,0,5,,
2025013316,קשה,0,עירוני לא בצומת,1,60,5 עד 7 מטר,אין ליקוי,בהיר,יבש,שלישי,יום,חול המועד,4,10,8300,4,,
2025013333,קשה,0,עירוני לא בצומת,1,לא ידוע,,לא ידוע,לא ידוע,לא ידוע,שבת,יום,יום רגיל,7,12,7400,4,,
2025013345,קלה,0,עירוני לא בצומת,1,עד 50,5 עד 7 מטר,אין ליקוי,בהיר,יבש,ראשון,יום,יום רגיל,2,13,6100,5,,
2025013349,קשה,0,עירוני בצומת,1,עד 50,7 עד 10.5 מטר,אין ליקוי,בהיר,יבש,שישי,לילה,יום רגיל,11,19,5000,5,,
2025013351,קשה,0,עירוני לא בצומת,1,לא ידוע,,לא ידוע,לא ידוע,לא ידוע,רביעי,יום,יום רגיל,8,16,3652,7,,
2025013373,קלה,0,עירוני לא בצומת,1,עד 50,,אין ליקוי,בהיר,יבש,רביעי,יום,יום רגיל,7,14,1309,4,,
2025013384,קשה,0,לא עירוני לא בצומת,0,90,7 עד 10.5 מטר,אין ליקוי,בהיר,יבש,שני,לילה,יום רגיל,3,22,0,7,,
2025013397,קלה,0,לא עירוני בצומת,0,90,7 עד 10.5 מטר,אין ליקוי,בהיר,יבש,שישי,יום,יום רגיל,11,13,0,4,,
2025013415,קלה,0,עירוני בצומת,1,עד 50,7 עד 10.5 מטר,אין ליקוי,בהיר,יבש,שבת,לילה,יום רגיל,3,19,7900,4,,
2025013447,קלה,0,עירוני בצומת,1,70,7 עד 10.5 מטר,אין ליקוי,בהיר,יבש,חמישי,לילה,יום רגיל,11,17,7100,6,,
2025013459,קלה,0,עירוני לא בצומת,1,עד 50,5 עד 7 מטר,לא ידוע,בהיר,יבש,ראשון,לילה,יום רגיל,12,19,7900,4,,
2025013477,קלה,0,לא עירוני בצומת,0,80,5 עד 7 מטר,אין ליקוי,בהיר,יבש,רביעי,יום,יום רגיל,4,18,0,1,,
2025013479,קלה,0,לא עירוני לא בצומת,0,90,10.5 עד 14 מטר,אין ליקוי,בהיר,יבש,חמישי,יום,יום רגיל,5,13,0,5,,
2025013481,קלה,0,עירוני לא בצומת,1,עד 50,,אין ליקוי,בהיר,יבש,חמישי,יום,יום רגיל,9,17,7900,4,,
2025013485,קלה,0,לא עירוני לא בצומת,0,80,5 עד 7 מטר,אין ליקוי,בהיר,יבש,חמישי,לילה,יום רגיל,10,23,0,7,,
2025013487,קלה,0,עירוני לא בצומת,1,עד 50,עד 5 מטר,אין ליקוי,בהיר,יבש,שלישי,יום,יום רגיל,11,8,3780,7,,
2025013501,קלה,0,לא עירוני לא בצומת,0,לא ידוע,,לא ידוע,לא ידוע,לא ידוע,חמישי,יום,יום רגיל,9,18,0,5,,
2025013511,קלה,0,עירוני לא בצומת,1,עד 50,5 עד 7 מטר,אין ליקוי,בהיר,יבש,שלישי,יום,יום רגיל,5,16,7700,2,,
2025013519,קשה,0,לא עירוני לא בצומת,0,לא ידוע,,לא ידוע,לא ידוע,לא ידוע,שבת,לילה,ערב חג,4,19,0,6,,
2025013523,קלה,0,עירוני לא בצומת,1,עד 50,עד 5 מטר,אין ליקוי,בהיר,יבש,ראשון,יום,יום רגיל,8,7,9000,6,,
2025013525,קלה,0,לא עירוני לא בצומת,0,עד 50,7 עד 10.5 מטר,אין ליקוי,בהיר,יבש,שבת,לילה,יום רגיל,11,19,0,2,,
2025013540,קלה,0,לא עירוני לא בצומת,0,עד 50,5 עד 7 מטר,אין ליקוי,בהיר,יבש,רביעי,לילה,יום רגיל,2,22,0,4,,
2025013574,קלה,0,עירוני בצומת,1,עד 50,5 עד 7 מטר,אין ליקוי,בהיר,יבש,שישי,יום,יום רגיל,2,15,9000,6,,
2025013579,קשה,0,לא עירוני לא בצומת,0,לא ידוע,,לא ידוע,לא ידוע,לא ידוע,רביעי,לילה,יום רגיל,12,2,0,2,,
2025013595,קלה,0,עירוני בצומת,1,עד 50,,אין ליקוי,בהיר,יבש,רביעי,יום,יום רגיל,12,15,5000,5,,
2025013653,קלה,0,עירוני בצומת,1,עד 50,10.5 עד 14 מטר,אין ליקוי,בהיר,יבש,שני,יום,יום רגיל,2,14,5000,5,,
2025013663,קלה,0,עירוני לא בצומת,1,עד 50,7 עד 10.5 מטר,לא ידוע,בהיר,יבש,חמישי,לילה,יום רגיל,1,19,3000,1,,
2025013699,קלה,0,עירוני לא בצומת,1,עד 50,5 עד 7 מטר,אין ליקוי,בהיר,יבש,חמישי,יום,יום רגיל,5,8,4000,3,,
2025013714,קלה,0,לא עירוני לא בצומת,0,80,7 עד 10.5 מטר,אין ליקוי,בהיר,יבש,חמישי,לילה,יום רגיל,10,22,0,7,,
2025013746,קלה,0,עירוני לא בצומת,1,לא ידוע,,לא ידוע,לא ידוע,לא ידוע,שלישי,יום,יום רגיל,9,15,8300,4,,
2025013747,קלה,0,לא עירוני בצומת,0,לא ידוע,5 עד 7 מטר,אין ליקוי,שרבי,יבש,שני,יום,יום רגיל,6,16,0,7,,
2025013753,קשה,0,עירוני לא בצומת,1,לא ידוע,,לא ידוע,לא ידוע,לא ידוע,שישי,יום,יום רגיל,10,14,7100,6,,
2025013757,קלה,0,עירוני לא בצומת,1,עד 50,,אין ליקוי,בהיר,יבש,חמישי,יום,יום רגיל,10,8,7900,4,,
2025013785,קלה,0,עירוני בצומת,1,עד 50,5 עד 7 מטר,לא ידוע,בהיר,יבש,שני,יום,חול המועד,4,17,6200,5,,
2025013843,קלה,0,לא עירוני בצומת,0,80,יותר מ-14 מטר,אין ליקוי,בהיר,יבש,רביעי,לילה,יום רגיל,5,19,0,3,,
2025013854,קלה,0,עירוני בצומת,1,עד 50,7 עד 10.5 מטר,אין ליקוי,לא ידוע,לא ידוע,שלישי,לילה,יום רגיל,2,18,7100,6,,
2025013855,קלה,0,עירוני לא בצומת,1,עד 50,,אין ליקוי,בהיר,יבש,חמישי,יום,יום רגיל,7,17,8300,4,,
2025013862,קלה,0,עירוני לא בצומת,1,עד 50,7 עד 10.5 מטר,אין ליקוי,בהיר,יבש,רביעי,יום,יום רגיל,12,10,737,4,,
2025013870,קלה,0,עירוני לא בצומת,1,עד 50,5 עד 7 מטר,אין ליקוי,בהיר,יבש,שבת,לילה,יום רגיל,8,3,9000,6,,
2025013914,קלה,0,לא עירוני בצומת,0,80,5 עד 7 מטר,אין ליקוי,בהיר,יבש,ראשון,יום,יום רגיל,3,12,0,2,,
2025013967,קלה,0,לא עירוני לא בצומת,0,80,7 עד 10.5 מטר,אין ליקוי,בהיר,יבש,ראשון,יום,יום רגיל,5,15,0,2,,
2025013982,קלה,0,עירוני לא בצומת,1,עד 50,5 עד 7 מטר,אין ליקוי,בהיר,יבש,חמישי,יום,יום רגיל,7,15,7900,4,,
2025013985,קלה,0,עירוני לא בצומת,1,עד 50,5 עד 7 מטר,אין ליקוי,בהיר,יבש,רביעי,לילה,יום רגיל,1,20,3000,1,,
2025013995,קשה,0,עירוני לא בצומת,1,60,עד 5 מטר,אין ליקוי,בהיר,יבש,שני,יום,יום רגיל,7,11,8700,4,,
2025014000,קלה,0,לא עירוני לא בצומת,0,80,יותר מ-14 מטר,אין ליקוי,בהיר,יבש,שני,יום,יום רגיל,12,9,0,2,,
2025014017,קשה,0,עירוני בצומת,1,לא ידוע,,לא ידוע,לא ידוע,לא ידוע,שני,לילה,יום רגיל,4,20,2660,4,,
2025014038,קשה,0,עירוני לא בצומת,1,עד 50,5 עד 7 מטר,אין ליקוי,בהיר,יבש,שישי,לילה,יום רגיל,4,22,7300,2,,
2025014040,קלה,0,לא עירוני בצומת,0,80,יותר מ-14 מטר,אין ליקוי,בהיר,יבש,חמישי,לילה,יום רגיל,2,6,0,2,,
2025014041,קלה,0,עירוני בצומת,1,עד 50,5 עד 7 מטר,אין ליקוי,בהיר,יבש,שבת,יום,יום רגיל,8,15,4000,3,,
2025014070,קטלנית,1,עירוני לא בצומת,1,עד 50,עד 5 מטר,אין ליקוי,בהיר,יבש,רביעי,יום,יום רגיל,10,13,654,3,,
2025014076,קלה,0,עירוני בצומת,1,90,,לא ידוע,בהיר,יבש,שישי,יום,יום רגיל,9,18,9100,2,,
2025014109,קשה,0,לא עירוני לא בצומת,0,עד 50,7 עד 10.5 מטר,אין ליקוי,בהיר,יבש,ראשון,יום,יום רגיל,3,9,0,4,,
2025014125,קשה,0,לא עירוני לא בצומת,0,לא ידוע,,לא ידוע,לא ידוע,לא ידוע,ראשון,יום,יום רגיל,2,16,0,2,,
2025014136,קלה,0,עירוני בצומת,1,עד 50,7 עד 10.5 מטר,אין ליקוי,בהיר,יבש,שלישי,לילה,יום רגיל,12,17,7400,4,,
2025014137,קלה,0,עירוני בצומת,1,70,10.5 עד 14 מטר,אין ליקוי,בהיר,יבש,חמישי,לילה,יום רגיל,6,23,4000,3,,
2025014143,קלה,0,לא עירוני בצומת,0,90,7 עד 10.5 מטר,אין ליקוי,בהיר,יבש,שני,יום,חול המועד,4,13,0,6,,
2025014147,קלה,0,עירוני לא בצומת,1,עד 50,5 עד 7 מטר,אין ליקוי,לא ידוע,יבש,שני,יום,יום רגיל,2,14,3000,1,,
2025014148,קשה,0,עירוני לא בצומת,1,לא ידוע,,לא ידוע,לא ידוע,לא ידוע,שבת,לילה,יום רגיל,12,18,8600,5,,
2025014161,קשה,0,לא עירוני לא בצומת,0,90,7 עד 10.5 מטר,לא ידוע,בהיר,יבש,רביעי,לילה,חול המועד,4,5,0,7,,
2025014171,קשה,0,עירוני לא בצומת,1,עד 50,7 עד 10.5 מטר,אין ליקוי,בהיר,יבש,חמישי,לילה,יום רגיל,7,19,756,6,,
2025014174,קלה,0,עירוני בצומת,1,עד 50,יותר מ-14 מטר,אין ליקוי,בהיר,יבש,ראשון,לילה,יום רגיל,6,21,6200,5,,
2025014200,קטלנית,1,עירוני לא בצומת,1,עד 50,5 עד 7 מטר,אין ליקוי,בהיר,יבש,רביעי,יום,יום רגיל,7,17,3000,1,,
2025014212,קלה,0,לא עירוני בצומת,0,70,5 עד 7 מטר,אין ליקוי,בהיר,יבש,שישי,לילה,יום רגיל,7,23,0,2,,
2025014219,קטלנית,1,עירוני לא בצומת,1,עד 50,5 עד 7 מטר,אין ליקוי,בהיר,יבש,שישי,לילה,יום רגיל,10,22,1290,4,,
2025014227,קשה,0,עירוני בצומת,1,60,10.5 עד 14 מטר,אין ליקוי,בהיר,יבש,שישי,לילה,יום רגיל,2,0,8400,4,,
2025014231,קלה,0,לא עירוני לא בצומת,0,80,7 עד 10.5 מטר,אין ליקוי,בהיר,יבש,חמישי,יום,יום רגיל,6,14,0,1,,
2025014247,קלה,0,עירוני בצומת,1,עד 50,5 עד 7 מטר,אין ליקוי,בהיר,יבש,שני,יום,יום רגיל,11,15,9600,3,,
2025014265,קלה,0,עירוני לא בצומת,1,עד 50,7 עד 10.5 מטר,לא ידוע,בהיר,יבש,שני,לילה,יום רגיל,3,22,3000,1,,
2025014285,קלה,0,עירוני לא בצומת,1,עד 50,7 עד 10.5 מטר,אין ליקוי,בהיר,יבש,ראשון,לילה,יום רגיל,8,20,9500,3,,
2025014292,קלה,0,עירוני בצומת,1,עד 50,5 עד 7 מטר,אין ליקוי,בהיר,יבש,שבת,יום,יום רגיל,8,18,7900,4,,
2025014293,קלה,0,עירוני לא בצומת,1,לא ידוע,,לא ידוע,לא ידוע,לא ידוע,חמישי,לילה,יום רגיל,9,19,8600,5,,
2025014303,קלה,0,לא עירוני בצומת,0,80,7 עד 10.5 מטר,אין ליקוי,בהיר,יבש,רביעי,יום,יום רגיל,12,9,0,3,,
2025014312,קשה,0,לא עירוני לא בצומת,0,לא ידוע,,לא ידוע,לא ידוע,לא ידוע,שלישי,יום,יום רגיל,11,8,0,4,,
2025014317,קלה,0,לא עירוני בצומת,0,100,10.5 עד 14 מטר,אין ליקוי,בהיר,יבש,ראשון,יום,יום רגיל,7,9,0,2,,
2025014329,קשה,0,עירוני לא בצומת,1,לא ידוע,,לא ידוע,לא ידוע,לא ידוע,שני,לילה,יום רגיל,9,19,9000,6,,
2025014346,קלה,0,עירוני בצומת,1,עד 50,7 עד 10.5 מטר,אין ליקוי,בהיר,יבש,רביעי,לילה,יום רגיל,5,22,8600,5,,
2025014431,קשה,0,לא עירוני בצומת,0,80,7 עד 10.5 מטר,אין ליקוי,בהיר,יבש,חמישי,לילה,יום רגיל,5,19,0,3,,
2025014443,קשה,0,עירוני לא בצומת,1,עד 50,5 עד 7 מטר,אין ליקוי,בהיר,יבש,שישי,יום,יום רגיל,5,14,5000,5,,
2025014444,קלה,0,עירוני בצומת,1,עד 50,7 עד 10.5 מטר,אין ליקוי,בהיר,יבש,חמישי,לילה,יום רגיל,2,19,9300,3,,
2025014486,קשה,0,לא עירוני בצומת,0,80,5 עד 7 מטר,לא ידוע,בהיר,יבש,שישי,לילה,יום רגיל,7,23,0,7,,
2025014502,קשה,0,לא עירוני לא בצומת,0,80,5 עד 7 מטר,אין ליקוי,בהיר,יבש,רביעי,לילה,יום רגיל,8,20,0,7,,
2025014517,קלה,0,עירוני לא בצומת,1,עד 50,5 עד 7 מטר,אין ליקוי,בהיר,יבש,שישי,יום,יום רגיל,1,13,3000,1,,
2025014526,קשה,0,עירוני לא בצומת,1,לא ידוע,,לא ידוע,לא ידוע,לא ידוע,רביעי,יום,יום רגיל,6,17,2610,1,,
2025014545,קלה,0,עירוני לא בצומת,1,עד 50,5 עד 7 מטר,אין ליקוי,בהיר,יבש,שלישי,יום,יום רגיל,1,8,8700,4,,
2025014551,קלה,0,לא עירוני בצומת,0,80,7 עד 10.5 מטר,אין ליקוי,בהיר,יבש,חמישי,יום,ערב חג,3,14,0,2,,
2025014555,קשה,0,לא עירוני בצומת,0,90,10.5 עד 14 מטר,אין ליקוי,לא ידוע,לא ידוע,שישי,יום,יום רגיל,11,16,0,4,,
2025014562,קשה,0,לא עירוני לא בצומת,0,לא ידוע,,לא ידוע,לא ידוע,לא ידוע,חמישי,יום,יום רגיל,9,16,0,4,,
2025014584,קלה,0,עירוני לא בצומת,1,עד 50,5 עד 7 מטר,אין ליקוי,בהיר,רטוב ממים,שלישי,יום,חג,10,13,9100,2,,
2025014597,קשה,0,עירוני לא בצומת,1,לא ידוע,,לא ידוע,לא ידוע,לא ידוע,שישי,יום,יום רגיל,3,13,3000,1,,
2025014612,קשה,0,עירוני לא בצומת,1,עד 50,5 עד 7 מטר,אין ליקוי,בהיר,יבש,שני,יום,יום רגיל,3,10,7200,4,,
2025014621,קשה,0,עירוני לא בצומת,1,לא ידוע,,לא ידוע,לא ידוע,לא ידוע,שישי,יום,יום רגיל,4,14,8000,2,,
2025014627,קלה,0,עירוני לא בצומת,1,עד 50,7 עד 10.5 מטר,אין ליקוי,בהיר,יבש,ראשון,יום,יום רגיל,11,7,8000,2,,
2025014649,קלה,0,עירוני לא בצומת,1,עד 50,5 עד 7 מטר,אין ליקוי,בהיר,יבש,ראשון,יום,יום רגיל,1,14,1139,2,,
2025014655,קלה,0,עירוני בצומת,1,עד 50,,אין ליקוי,בהיר,יבש,שישי,יום,יום רגיל,10,11,5000,5,,
2025014668,קשה,0,לא עירוני בצומת,0,90,7 עד 10.5 מטר,אין ליקוי,בהיר,יבש,שבת,לילה,יום רגיל,2,0,0,3,,
2025014676,קשה,0,עירוני לא בצומת,1,עד 50,10.5 עד 14 מטר,אין ליקוי,בהיר,יבש,שלישי,לילה,יום רגיל,7,21,7400,4,,
2025014714,קשה,0,לא עירוני לא בצומת,0,עד 50,5 עד 7 מטר,אין ליקוי,בהיר,יבש,שישי,יום,יום רגיל,5,14,0,1,,
2025014743,קלה,0,לא עירוני לא בצומת,0,80,7 עד 10.5 מטר,אין ליקוי,בהיר,יבש,ראשון,יום,יום רגיל,10,15,0,6,,
2025014745,קשה,0,עירוני בצומת,1,עד 50,7 עד 10.5 מטר,אין ליקוי,בהיר,יבש,רביעי,יום,יום רגיל,1,12,8300,4,,
2025014778,קלה,0,עירוני לא בצומת,1,עד 50,,אין ליקוי,בהיר,יבש,שלישי,יום,יום רגיל,3,6,8600,5,,
2025014783,קלה,0,עירוני לא בצומת,1,עד 50,5 עד 7 מטר,אין ליקוי,בהיר,יבש,חמישי,לילה,יום רגיל,1,21,7400,4,,
2025014793,קלה,0,עירוני בצומת,1,עד 50,7 עד 10.5 מטר,אין ליקוי,בהיר,יבש,ראשון,יום,יום רגיל,5,15,9000,6,,
2025014811,קלה,0,לא עירוני בצומת,0,80,7 עד 10.5 מטר,אין ליקוי,בהיר,יבש,חמישי,יום,יום רגיל,6,15,0,7,,
2025014814,קטלנית,1,לא עירוני לא בצומת,0,100,7 עד 10.5 מטר,אין ליקוי,בהיר,יבש,שבת,יום,יום רגיל,6,19,0,7,,
2025014833,קלה,0,לא עירוני בצומת,0,90,5 עד 7 מטר,אין ליקוי,בהיר,יבש,חמישי,לילה,יום רגיל,5,20,0,3,,
2025014860,קלה,0,עירוני בצומת,1,עד 50,5 עד 7 מטר,אין ליקוי,בהיר,יבש,חמישי,יום,יום רגיל,4,18,4000,3,,
2025014870,קשה,0,עירוני לא בצומת,1,60,5 עד 7 מטר,אין ליקוי,בהיר,יבש,שני,יום,חול המועד,4,11,1139,2,,
2025014896,קלה,0,עירוני בצומת,1,עד 50,5 עד 7 מטר,אין ליקוי,בהיר,יבש,רביעי,לילה,יום רגיל,4,19,1061,2,,
2025014905,קשה,0,לא עירוני לא בצומת,0,עד 50,5 עד 7 מטר,אין ליקוי,בהיר,יבש,שישי,יום,יום רגיל,5,18,0,1,,
2025014922,קשה,0,לא עירוני לא בצומת,0,לא ידוע,,לא ידוע,לא ידוע,לא ידוע,שבת,יום,יום רגיל,6,19,0,2,,
2025014928,קלה,0,עירוני לא בצומת,1,עד 50,5 עד 7 מטר,אין ליקוי,בהיר,יבש,חמישי,יום,יום רגיל,10,7,3000,1,,
2025014965,קלה,0,לא עירוני בצומת,0,70,5 עד 7 מטר,אין ליקוי,בהיר,יבש,שישי,יום,יום רגיל,2,9,0,4,,
2025014966,קלה,0,עירוני בצומת,1,70,יותר מ-14 מטר,אין ליקוי,בהיר,יבש,שלישי,לילה,יום רגיל,7,23,70,6,,
2025014980,קשה,0,לא עירוני לא בצומת,0,60,5 עד 7 מטר,אין ליקוי,בהיר,יבש,שני,לילה,יום רגיל,8,22,0,2,,
2025014981,קלה,0,עירוני לא בצומת,1,לא ידוע,5 עד 7 מטר,אין ליקוי,בהיר,יבש,שישי,יום,יום רגיל,2,11,5000,5,,
2025014982,קשה,0,עירוני לא בצומת,1,לא ידוע,,לא ידוע,לא ידוע,לא ידוע,שלישי,יום,יום רגיל,5,17,5000,5,,
2025014989,קלה,0,עירוני בצומת,1,עד 50,,אין ליקוי,בהיר,יבש,רביעי,יום,יום רגיל,2,16,3000,1,,
2025014991,קלה,0,לא עירוני בצומת,0,לא ידוע,,לא ידוע,לא ידוע,לא ידוע,שישי,יום,יום רגיל,8,13,0,6,,
2025015007,קשה,0,עירוני לא בצומת,1,עד 50,יותר מ-14 מטר,אין ליקוי,בהיר,יבש,שני,לילה,יום רגיל,6,22,502,2,,
2025015009,קלה,0,עירוני בצומת,1,עד 50,עד 5 מטר,אין ליקוי,גשום,רטוב ממים,ראשון,לילה,יום רגיל,12,0,6600,5,,
2025015011,קשה,0,עירוני לא בצומת,1,לא ידוע,,לא ידוע,לא ידוע,לא ידוע,שלישי,יום,יום רגיל,2,17,6700,2,,
2025015023,קלה,0,לא עירוני לא בצומת,0,80,7 עד 10.5 מטר,אין ליקוי,בהיר,יבש,חמישי,לילה,יום רגיל,12,21,0,2,,
2025015043,קשה,0,עירוני לא בצומת,1,עד 50,עד 5 מטר,אין ליקוי,בהיר,יבש,שישי,יום,יום רגיל,12,12,360,3,,
2025015107,קשה,0,לא עירוני לא בצומת,0,לא ידוע,,לא ידוע,לא ידוע,לא ידוע,שני,לילה,יום רגיל,3,22,0,2,,
2025015142,קשה,0,לא עירוני לא בצומת,0,80,5 עד 7 מטר,אין ליקוי,בהיר,יבש,רביעי,לילה,יום רגיל,3,5,0,2,,
2025015144,קלה,0,לא עירוני לא בצומת,0,80,7 עד 10.5 מטר,אין ליקוי,בהיר,יבש,שני,יום,יום רגיל,6,15,0,2,,
2025015146,קלה,0,לא עירוני לא בצומת,0,80,7 עד 10.5 מטר,אין ליקוי,בהיר,יבש,שישי,יום,יום רגיל,4,15,0,2,,
2025015150,קלה,0,עירוני בצומת,1,עד 50,10.5 עד 14 מטר,אין ליקוי,בהיר,יבש,רביעי,יום,יום רגיל,8,7,5000,5,,
2025015154,קלה,0,עירוני בצומת,1,60,7 עד 10.5 מטר,אין ליקוי,בהיר,יבש,שבת,יום,יום רגיל,7,14,9000,6,,
2025015158,קלה,0,לא עירוני לא בצומת,0,70,10.5 עד 14 מטר,אין ליקוי,בהיר,יבש,חמישי,יום,יום רגיל,9,8,0,2,,
2025015161,קלה,0,לא עירוני לא בצומת,0,עד 50,10.5 עד 14 מטר,אין ליקוי,בהיר,יבש,ראשון,יום,יום רגיל,1,7,0,4,,
2025015167,קלה,0,לא עירוני לא בצומת,0,80,5 עד 7 מטר,אין ליקוי,בהיר,יבש,שבת,יום,יום רגיל,3,15,0,2,,
2025015202,קלה,0,עירוני בצומת,1,עד 50,7 עד 10.5 מטר,אין ליקוי,בהיר,יבש,רביעי,יום,יום רגיל,11,8,70,6,,
2025015209,קשה,0,עירוני לא בצומת,1,לא ידוע,,לא ידוע,לא ידוע,לא ידוע,שני,יום,ערב חג,9,11,2034,2,,
2025015212,קשה,0,עירוני בצומת,1,עד 50,7 עד 10.5 מטר,אין ליקוי,בהיר,יבש,רביעי,יום,חול המועד,4,14,4000,3,,
2025015248,קלה,0,עירוני לא בצומת,1,לא ידוע,,לא ידוע,לא ידוע,לא ידוע,שבת,לילה,יום רגיל,12,23,2730,4,,
2025015255,קלה,0,לא עירוני בצומת,0,80,,אין ליקוי,בהיר,יבש,ראשון,יום,ערב חג,6,7,0,4,,
2025015262,קלה,0,לא עירוני בצומת,0,90,7 עד 10.5 מטר,אין ליקוי,בהיר,יבש,ראשון,לילה,יום רגיל,3,21,0,6,,
2025015271,קשה,0,עירוני בצומת,1,עד 50,7 עד 10.5 מטר,אין ליקוי,בהיר,יבש,שישי,יום,יום רגיל,8,8,9000,6,,
2025015273,קשה,0,לא עירוני בצומת,0,90,10.5 עד 14 מטר,אין ליקוי,בהיר,יבש,רביעי,יום,יום רגיל,10,10,0,4,,
2025015311,קלה,0,לא עירוני בצומת,0,90,10.5 עד 14 מטר,לא ידוע,בהיר,יבש,רביעי,יום,יום רגיל,9,10,0,6,,
2025015320,קטלנית,1,עירוני לא בצומת,1,עד 50,5 עד 7 מטר,אין ליקוי,בהיר,יבש,רביעי,לילה,חג,9,6,3000,1,,
2025015330,קלה,0,עירוני לא בצומת,1,לא ידוע,,לא ידוע,לא ידוע,לא ידוע,ראשון,יום,יום רגיל,3,6,8300,4,,
2025015331,קלה,0,עירוני בצומת,1,עד 50,5 עד 7 מטר,אין ליקוי,בהיר,יבש,שישי,יום,יום רגיל,10,10,6600,5,,
2025015333,קשה,0,לא עירוני בצומת,0,60,10.5 עד 14 מטר,אין ליקוי,בהיר,יבש,חמישי,לילה,חג,5,19,0,4,,
2025015342,קשה,0,עירוני לא בצומת,1,לא ידוע,,לא ידוע,לא ידוע,לא ידוע,שבת,יום,חול המועד,10,13,7900,4,,
2025015353,קלה,0,עירוני לא בצומת,1,עד 50,7 עד 10.5 מטר,אין ליקוי,לא ידוע,רטוב ממים,שישי,יום,יום רגיל,2,12,7700,2,,
2025015354,קשה,0,לא עירוני לא בצומת,0,לא ידוע,,לא ידוע,לא ידוע,לא ידוע,שישי,יום,יום רגיל,10,10,0,9,,
2025015403,קשה,0,עירוני בצומת,1,לא ידוע,,לא ידוע,לא ידוע,לא ידוע,רביעי,יום,יום רגיל,3,10,6400,5,,
2025015418,קלה,0,עירוני לא בצומת,1,עד 50,7 עד 10.5 מטר,לא ידוע,בהיר,יבש,ראשון,יום,יום רגיל,6,15,3000,1,,
2025015424,קשה,0,לא עירוני לא בצומת,0,לא ידוע,,לא ידוע,לא ידוע,לא ידוע,שישי,לילה,יום רגיל,5,0,0,6,,
2025015430,קלה,0,לא עירוני בצומת,0,עד 50,7 עד 10.5 מטר,אין ליקוי,בהיר,יבש,שני,לילה,חג,6,20,0,4,,
2025015440,קשה,0,עירוני לא בצומת,1,עד 50,10.5 עד 14 מטר,אין ליקוי,בהיר,יבש,שישי,יום,יום רגיל,2,13,3000,1,,
2025015444,קשה,0,עירוני לא בצומת,1,לא ידוע,,לא ידוע,לא ידוע,לא ידוע,שני,יום,יום רגיל,3,17,3000,1,,
2025015446,קלה,0,עירוני לא בצומת,1,עד 50,5 עד 7 מטר,אין ליקוי,בהיר,יבש,שלישי,יום,יום רגיל,3,13,2730,4,,
2025015452,קטלנית,1,לא עירוני לא בצומת,0,80,7 עד 10.5 מטר,אין ליקוי,בהיר,יבש,רביעי,לילה,יום רגיל,11,20,0,7,,
2025015476,קלה,0,עירוני בצומת,1,עד 50,7 עד 10.5 מטר,אין ליקוי,בהיר,יבש,שישי,יום,יום רגיל,6,8,8700,4,,
2025015504,קלה,0,לא עירוני לא בצומת,0,60,7 עד 10.5 מטר,אין ליקוי,בהיר,יבש,רביעי,יום,יום רגיל,8,6,0,7,,
2025015510,קלה,0,עירוני לא בצומת,1,עד 50,5 עד 7 מטר,אין ליקוי,בהיר,יבש,ראשון,יום,יום רגיל,8,12,6100,5,,
2025015511,קלה,0,עירוני בצומת,1,עד 50,5 עד 7 מטר,אין ליקוי,בהיר,יבש,ראשון,יום,יום רגיל,1,7,3000,1,,
2025015516,קלה,0,עירוני בצומת,1,עד 50,7 עד 10.5 מטר,אין ליקוי,בהיר,יבש,חמישי,יום,יום רגיל,12,14,168,4,,
2025015532,קלה,0,עירוני בצומת,1,עד 50,7 עד 10.5 מטר,אין ליקוי,בהיר,יבש,ראשון,יום,יום רגיל,4,8,3616,7,,
2025015533,קלה,0,עירוני בצומת,1,עד 50,7 עד 10.5 מטר,אין ליקוי,בהיר,יבש,ראשון,לילה,יום רגיל,4,19,5000,5,,
2025015544,קלה,0,לא עירוני בצומת,0,90,יותר מ-14 מטר,אין ליקוי,בהיר,יבש,שישי,יום,יום רגיל,8,17,0,3,,
2025015551,קלה,0,לא עירוני בצומת,0,80,10.5 עד 14 מטר,אין ליקוי,בהיר,יבש,רביעי,יום,יום רגיל,3,7,0,2,,
2025015572,קשה,0,לא עירוני לא בצומת,0,לא ידוע,,לא ידוע,לא ידוע,לא ידוע,שישי,יום,יום רגיל,4,17,0,6,,
2025015582,קלה,0,עירוני לא בצומת,1,עד 50,5 עד 7 מטר,אין ליקוי,בהיר,יבש,שלישי,יום,יום רגיל,9,16,874,2,,
2025015595,קשה,0,עירוני לא בצומת,1,לא ידוע,,לא ידוע,לא ידוע,לא ידוע,שלישי,יום,יום רגיל,6,9,9000,6,,
2025015603,קלה,0,עירוני לא בצומת,1,70,7 עד 10.5 מטר,אין ליקוי,בהיר,יבש,שישי,יום,יום רגיל,9,16,7900,4,,
2025015608,קלה,0,עירוני לא בצומת,1,עד 50,5 עד 7 מטר,אין ליקוי,בהיר,יבש,שלישי,יום,יום רגיל,4,7,7400,4,,
2025015610,קלה,0,עירוני בצומת,1,עד 50,5 עד 7 מטר,אין ליקוי,בהיר,יבש,רביעי,יום,יום רגיל,3,16,4000,3,,
2025015625,קלה,0,עירוני לא בצומת,1,עד 50,10.5 עד 14 מטר,אין ליקוי,בהיר,יבש,שלישי,יום,יום רגיל,2,10,2620,5,,
2025015633,קלה,0,עירוני לא בצומת,1,עד 50,5 עד 7 מטר,אין ליקוי,לא ידוע,יבש,ראשון,יום,יום רגיל,11,7,4000,3,,
2025015637,קלה,0,עירוני לא בצומת,1,עד 50,5 עד 7 מטר,אין ליקוי,בהיר,יבש,שבת,לילה,חול המועד,10,23,8600,5,,
2025015639,קטלנית,1,לא עירוני לא בצומת,0,70,10.5 עד 14 מטר,אין ליקוי,בהיר,יבש,שני,לילה,יום רגיל,6,23,0,5,,
2025015647,קשה,0,עירוני לא בצומת,1,לא ידוע,,לא ידוע,לא ידוע,לא ידוע,רביעי,יום,יום רגיל,3,14,628,3,,
2025015691,קלה,0,לא עירוני לא בצומת,0,80,10.5 עד 14 מטר,אין ליקוי,בהיר,יבש,רביעי,יום,יום רגיל,8,9,0,6,,
2025015702,קלה,0,עירוני בצומת,1,70,יותר מ-14 מטר,אין ליקוי,בהיר,יבש,שישי,יום,יום רגיל,7,12,9000,6,,
2025015710,קלה,0,עירוני בצומת,1,עד 50,5 עד 7 מטר,אין ליקוי,בהיר,יבש,שבת,יום,יום רגיל,7,15,7900,4,,
2025015731,קשה,0,עירוני לא בצומת,1,לא ידוע,,לא ידוע,לא ידוע,לא ידוע,חמישי,יום,יום רגיל,7,15,448,4,,
2025015741,קשה,0,לא עירוני לא בצומת,0,לא ידוע,,לא ידוע,לא ידוע,לא ידוע,שני,יום,יום רגיל,1,14,0,3,,
2025015743,קלה,0,עירוני לא בצומת,1,עד 50,5 עד 7 מטר,אין ליקוי,בהיר,יבש,שני,יום,יום רגיל,3,16,3000,1,,
2025015752,קשה,0,לא עירוני לא בצומת,0,80,יותר מ-14 מטר,אין ליקוי,בהיר,יבש,ראשון,יום,יום רגיל,2,13,0,7,,
2025015756,קלה,0,עירוני בצומת,1,עד 50,5 עד 7 מטר,אין ליקוי,בהיר,יבש,רביעי,לילה,חול המועד,4,19,31,6,,
2025015765,קלה,0,עירוני לא בצומת,1,עד 50,7 עד 10.5 מטר,אין ליקוי,בהיר,יבש,ראשון,יום,יום רגיל,9,8,2630,6,,
2025015777,קשה,0,עירוני לא בצומת,1,עד 50,7 עד 10.5 מטר,אין ליקוי,בהיר,יבש,שני,לילה,יום רגיל,4,20,2630,6,,
2025015780,קלה,0,עירוני בצומת,1,לא ידוע,,לא ידוע,לא ידוע,לא ידוע,ראשון,לילה,יום רגיל,12,16,6100,5,,
2025015832,קשה,0,לא עירוני לא בצומת,0,70,7 עד 10.5 מטר,אין ליקוי,בהיר,יבש,שלישי,יום,יום רגיל,6,15,0,4,,
2025015840,קלה,0,עירוני לא בצומת,1,עד 50,5 עד 7 מטר,אין ליקוי,בהיר,יבש,שישי,יום,יום רגיל,4,14,8700,4,,
2025015849,קלה,0,עירוני בצומת,1,עד 50,7 עד 10.5 מטר,אין ליקוי,בהיר,יבש,חמישי,יום,יום רגיל,8,17,7100,6,,
2025015864,קשה,0,לא עירוני לא בצומת,0,80,7 עד 10.5 מטר,אין ליקוי,בהיר,יבש,חמישי,לילה,יום רגיל,12,21,0,7,,
2025015868,קשה,0,עירוני לא בצומת,1,עד 50,5 עד 7 מטר,אין ליקוי,בהיר,יבש,רביעי,יום,יום רגיל,2,9,3000,1,,
2025015877,קלה,0,לא עירוני לא בצומת,0,עד 50,יותר מ-14 מטר,אין ליקוי,בהיר,יבש,שישי,יום,יום רגיל,8,14,0,5,,
2025015903,קלה,0,לא עירוני בצומת,0,70,5 עד 7 מטר,אין ליקוי,בהיר,יבש,ראשון,יום,יום רגיל,4,16,0,4,,
2025015906,קלה,0,לא עירוני לא בצומת,0,90,יותר מ-14 מטר,אין ליקוי,בהיר,יבש,שישי,לילה,יום רגיל,4,19,0,4,,
2025015919,קשה,0,לא עירוני לא בצומת,0,80,10.5 עד 14 מטר,אין ליקוי,בהיר,יבש,שלישי,יום,יום רגיל,5,7,0,7,,
2025015967,קלה,0,עירוני לא בצומת,1,עד 50,5 עד 7 מטר,אין ליקוי,בהיר,יבש,ראשון,יום,יום רגיל,8,14,4000,3,,
2025015970,קלה,0,עירוני בצומת,1,עד 50,10.5 עד 14 מטר,אין ליקוי,בהיר,יבש,שבת,יום,יום רגיל,9,17,5000,5,,
2025016013,קלה,0,עירוני בצומת,1,עד 50,7 עד 10.5 מטר,אין ליקוי,בהיר,יבש,שישי,יום,יום רגיל,8,13,1031,6,,
2025016014,קלה,0,עירוני בצומת,1,עד 50,7 עד 10.5 מטר,אין ליקוי,בהיר,יבש,חמישי,יום,יום רגיל,12,8,7900,4,,
2025016035,קלה,0,לא עירוני בצומת,0,70,5 עד 7 מטר,אין ליקוי,בהיר,יבש,שני,יום,יום רגיל,7,11,0,3,,
2025016037,קלה,0,עירוני בצומת,1,70,7 עד 10.5 מטר,אין ליקוי,בהיר,יבש,שני,לילה,יום רגיל,9,20,2500,3,,
2025016088,קלה,0,לא עירוני לא בצומת,0,80,5 עד 7 מטר,אין ליקוי,בהיר,יבש,שבת,יום,חג,4,17,0,7,,
2025016099,קשה,0,לא עירוני לא בצומת,0,עד 50,10.5 עד 14 מטר,אין ליקוי,לא ידוע,חול או חצץ על הכביש,שלישי,יום,יום רגיל,3,15,0,9,,
2025016102,קלה,0,עירוני לא בצומת,1,עד 50,5 עד 7 מטר,אין ליקוי,לא ידוע,יבש,חמישי,יום,יום רגיל,4,13,7100,6,,
2025016109,קשה,0,עירוני לא בצומת,1,לא ידוע,,לא ידוע,לא ידוע,לא ידוע,שלישי,יום,יום רגיל,8,9,5000,5,,
2025016128,קשה,0,לא עירוני בצומת,0,80,7 עד 10.5 מטר,אין ליקוי,בהיר,יבש,ראשון,יום,יום רגיל,11,13,0,2,,
2025016176,קלה,0,עירוני בצומת,1,עד 50,5 עד 7 מטר,אין ליקוי,בהיר,יבש,שישי,יום,חול המועד,10,8,6500,3,,
2025016184,קלה,0,עירוני לא בצומת,1,עד 50,,אין ליקוי,בהיר,יבש,שבת,יום,יום רגיל,8,6,8500,4,,
2025016203,קטלנית,1,לא עירוני לא בצומת,0,80,7 עד 10.5 מטר,לא ידוע,בהיר,יבש,שישי,לילה,יום רגיל,9,19,0,2,,
2025016246,קטלנית,1,עירוני בצומת,1,לא ידוע,,לא ידוע,לא ידוע,לא ידוע,שבת,יום,יום רגיל,10,17,469,4,,
2025016271,קלה,0,עירוני לא בצומת,1,עד 50,יותר מ-14 מטר,אין ליקוי,בהיר,חול או חצץ על הכביש,שלישי,יום,יום רגיל,6,12,8300,4,,
2025016273,קשה,0,עירוני בצומת,1,עד 50,10.5 עד 14 מטר,אין ליקוי,בהיר,יבש,רביעי,יום,יום רגיל,9,7,8400,4,,
2025016287,קלה,0,לא עירוני לא בצומת,0,לא ידוע,,לא ידוע,לא ידוע,לא ידוע,ראשון,לילה,יום רגיל,12,17,0,5,,
2025016299,קלה,0,עירוני בצומת,1,לא ידוע,,לא ידוע,לא ידוע,לא ידוע,שבת,לילה,יום רגיל,12,18,8700,4,,
2025016315,קלה,0,עירוני בצומת,1,60,10.5 עד 14 מטר,אין ליקוי,בהיר,יבש,רביעי,לילה,יום רגיל,8,0,7400,4,,
2025016350,קשה,0,עירוני לא בצומת,1,80,10.5 עד 14 מטר,אין ליקוי,בהיר,יבש,חמישי,לילה,יום רגיל,12,23,7300,2,,
2025016358,קשה,0,לא עירוני לא בצומת,0,60,יותר מ-14 מטר,אין ליקוי,בהיר,יבש,חמישי,יום,יום רגיל,1,14,0,7,,
2025016368,קטלנית,1,עירוני לא בצומת,1,עד 50,5 עד 7 מטר,אין ליקוי,בהיר,יבש,שלישי,יום,יום רגיל,7,18,628,3,,
2025016405,קלה,0,לא עירוני בצומת,0,לא ידוע,,לא ידוע,לא ידוע,לא ידוע,שני,יום,יום רגיל,3,8,0,4,,
2025016419,קטלנית,1,לא עירוני בצומת,0,90,10.5 עד 14 מטר,אין ליקוי,בהיר,יבש,חמישי,לילה,יום רגיל,5,20,0,4,,
2025016444,קלה,0,עירוני בצומת,1,עד 50,5 עד 7 מטר,אין ליקוי,בהיר,יבש,שלישי,יום,יום רגיל,6,13,8700,4,,
2025016446,קטלנית,1,לא עירוני לא בצומת,0,70,יותר מ-14 מטר,אין ליקוי,בהיר,יבש,חמישי,יום,יום רגיל,5,13,0,5,,
2025016461,קלה,0,עירוני בצומת,1,עד 50,עד 5 מטר,אין ליקוי,בהיר,יבש,ראשון,לילה,יום רגיל,11,18,5000,5,,
2025016466,קלה,0,לא עירוני לא בצומת,0,עד 50,5 עד 7 מטר,אין ליקוי,בהיר,יבש,שני,לילה,יום רגיל,9,23,0,2,,
2025016469,קלה,0,עירוני בצומת,1,עד 50,5 עד 7 מטר,אין ליקוי,בהיר,יבש,שבת,לילה,יום רגיל,12,18,6100,5,,
2025016489,קשה,0,עירוני לא בצומת,1,לא ידוע,,לא ידוע,לא ידוע,לא ידוע,שישי,יום,יום רגיל,7,19,1063,2,,
2025016493,קשה,0,עירוני לא בצומת,1,לא ידוע,,לא ידוע,לא ידוע,לא ידוע,שישי,יום,יום רגיל,7,17,3000,1,,
2025016496,קלה,0,עירוני לא בצומת,1,עד 50,7 עד 10.5 מטר,אין ליקוי,אחר,יבש,שני,יום,ערב חג,10,8,7700,2,,
2025016511,קלה,0,עירוני בצומת,1,לא ידוע,,לא ידוע,לא ידוע,לא ידוע,שישי,לילה,יום רגיל,12,19,8300,4,,
2025016528,קשה,0,לא עירוני בצומת,0,90,10.5 עד 14 מטר,אין ליקוי,בהיר,יבש,שלישי,לילה,יום רגיל,7,1,0,6,,
2025016531,קטלנית,1,עירוני לא בצומת,1,עד 50,עד 5 מטר,כביש משובש,בהיר,יבש,ראשון,יום,יום רגיל,6,13,3613,7,,
2025016535,קלה,0,עירוני בצומת,1,עד 50,7 עד 10.5 מטר,אין ליקוי,בהיר,יבש,שלישי,לילה,יום רגיל,1,1,9000,6,,
2025016576,קלה,0,עירוני לא בצומת,1,עד 50,5 עד 7 מטר,אין ליקוי,בהיר,יבש,רביעי,יום,יום רגיל,11,7,8600,5,,
2025016634,קלה,0,לא עירוני לא בצומת,0,80,7 עד 10.5 מטר,אין ליקוי,בהיר,יבש,ראשון,יום,יום רגיל,3,16,0,7,,
2025016658,קלה,0,לא עירוני בצומת,0,90,,אין ליקוי,בהיר,יבש,חמישי,יום,יום רגיל,11,10,0,5,,
2025016668,קלה,0,לא עירוני לא בצומת,0,,7 עד 10.5 מטר,אין ליקוי,בהיר,יבש,רביעי,לילה,יום רגיל,6,21,0,4,,
2025016681,קלה,0,לא עירוני לא בצומת,0,80,5 עד 7 מטר,אין ליקוי,בהיר,יבש,חמישי,יום,יום רגיל,11,9,0,4,,
2025016708,קלה,0,עירוני בצומת,1,עד 50,10.5 עד 14 מטר,אין ליקוי,גשום,רטוב ממים,חמישי,יום,יום רגיל,3,17,7000,4,,
2025016712,קשה,0,עירוני בצומת,1,לא ידוע,,לא ידוע,לא ידוע,לא ידוע,חמישי,לילה,יום רגיל,6,22,6100,5,,
2025016748,קטלנית,1,לא עירוני לא בצומת,0,עד 50,5 עד 7 מטר,אין ליקוי,בהיר,יבש,שבת,יום,יום רגיל,1,13,0,9,,
2025016752,קלה,0,לא עירוני לא בצומת,0,90,,אין ליקוי,בהיר,יבש,רביעי,לילה,יום רגיל,9,22,0,5,,
2025016761,קלה,0,עירוני בצומת,1,עד 50,7 עד 10.5 מטר,אין ליקוי,בהיר,יבש,שני,יום,יום רגיל,6,13,7400,4,,
2025016778,קשה,0,עירוני לא בצומת,1,עד 50,10.5 עד 14 מטר,אין ליקוי,בהיר,יבש,חמישי,יום,יום רגיל,11,8,9400,4,,
2025016815,קלה,0,עירוני לא בצומת,1,עד 50,5 עד 7 מטר,אין ליקוי,בהיר,יבש,רביעי,יום,יום רגיל,2,8,3616,7,,
2025016827,קשה,0,לא עירוני לא בצומת,0,90,10.5 עד 14 מטר,אין ליקוי,בהיר,יבש,שישי,לילה,יום רגיל,10,18,0,2,,
2025016841,קלה,0,לא עירוני לא בצומת,0,70,יותר מ-14 מטר,אין ליקוי,בהיר,יבש,שלישי,לילה,יום רגיל,9,21,0,2,,
2025016842,קשה,0,עירוני בצומת,1,עד 50,7 עד 10.5 מטר,אין ליקוי,בהיר,יבש,רביעי,יום,יום רגיל,1,13,2660,4,,
2025016845,קלה,0,עירוני לא בצומת,1,עד 50,5 עד 7 מטר,אין ליקוי,בהיר,יבש,ראשון,יום,יום רגיל,10,9,2620,5,,
2025016846,קשה,0,עירוני בצומת,1,לא ידוע,,לא ידוע,לא ידוע,לא ידוע,שני,לילה,יום רגיל,4,21,5000,5,,
2025016849,קלה,0,עירוני בצומת,1,עד 50,7 עד 10.5 מטר,אין ליקוי,בהיר,יבש,חמישי,יום,יום רגיל,8,7,9000,6,,
2025016850,קלה,0,עירוני לא בצומת,1,עד 50,7 עד 10.5 מטר,אין ליקוי,בהיר,יבש,שישי,יום,יום רגיל,5,12,6900,4,,
2025016880,קשה,0,עירוני לא בצומת,1,60,5 עד 7 מטר,אין ליקוי,בהיר,יבש,רביעי,לילה,יום רגיל,11,22,1253,2,,
2025016893,קטלנית,1,עירוני לא בצומת,1,עד 50,10.5 עד 14 מטר,אין ליקוי,בהיר,יבש,שלישי,יום,יום רגיל,9,15,922,3,,
2025016895,קשה,0,עירוני לא בצומת,1,לא ידוע,,לא ידוע,לא ידוע,לא ידוע,שישי,יום,חג,3,11,8800,2,,
2025016901,קלה,0,עירוני בצומת,1,60,7 עד 10.5 מטר,אין ליקוי,בהיר,יבש,שני,לילה,יום רגיל,2,19,390,2,,
2025016938,קשה,0,עירוני לא בצומת,1,לא ידוע,,לא ידוע,לא ידוע,לא ידוע,שני,יום,יום רגיל,3,12,7900,4,,
2025016940,קלה,0,עירוני בצומת,1,לא ידוע,,לא ידוע,לא ידוע,לא ידוע,שלישי,יום,יום רגיל,12,15,7900,4,,
2025016942,קלה,0,לא עירוני לא בצומת,0,70,10.5 עד 14 מטר,אין ליקוי,בהיר,יבש,שלישי,לילה,יום רגיל,3,18,0,2,,
2025016987,קלה,0,לא עירוני בצומת,0,80,7 עד 10.5 מטר,אין ליקוי,לא ידוע,יבש,רביעי,יום,יום רגיל,4,16,0,2,,
2025016989,קשה,0,עירוני לא בצומת,1,לא ידוע,,לא ידוע,לא ידוע,לא ידוע,שבת,לילה,יום רגיל,11,19,648,3,,
2025017001,קלה,0,עירוני בצומת,1,עד 50,עד 5 מטר,אין ליקוי,בהיר,יבש,שני,יום,יום רגיל,10,10,6900,4,,
2025017006,קלה,0,עירוני בצומת,1,עד 50,7 עד 10.5 מטר,אין ליקוי,לא ידוע,יבש,חמישי,יום,יום רגיל,2,11,8700,4,,
2025017010,קטלנית,1,לא עירוני לא בצומת,0,70,7 עד 10.5 מטר,אין ליקוי,בהיר,יבש,שלישי,יום,יום רגיל,5,12,0,4,,
2025017027,קלה,0,עירוני בצומת,1,60,7 עד 10.5 מטר,אין ליקוי,בהיר,יבש,שישי,יום,יום רגיל,5,14,3000,1,,
2025017034,קלה,0,עירוני בצומת,1,עד 50,10.5 עד 14 מטר,אין ליקוי,בהיר,יבש,רביעי,יום,יום רגיל,6,11,70,6,,
2025017035,קלה,0,לא עירוני בצומת,0,90,5 עד 7 מטר,אין ליקוי,בהיר,יבש,שישי,יום,יום רגיל,8,17,0,3,,
2025017044,קלה,0,עירוני בצומת,1,70,5 עד 7 מטר,אין ליקוי,בהיר,יבש,ראשון,לילה,יום רגיל,3,18,4000,3,,
2025017058,קשה,0,עירוני לא בצומת,1,עד 50,7 עד 10.5 מטר,אין ליקוי,בהיר,יבש,ראשון,יום,יום רגיל,1,14,5000,5,,
2025017070,קלה,0,לא עירוני בצומת,0,70,,אין ליקוי,בהיר,יבש,חמישי,יום,יום רגיל,6,14,0,4,,
2025017071,קלה,0,לא עירוני בצומת,0,עד 50,יותר מ-14 מטר,אין ליקוי,בהיר,יבש,שבת,לילה,יום רגיל,5,23,0,2,,
2025017084,קלה,0,לא עירוני בצומת,0,60,יותר מ-14 מטר,אין ליקוי,בהיר,יבש,שישי,יום,יום רגיל,2,9,0,6,,
2025017096,קלה,0,עירוני בצומת,1,עד 50,יותר מ-14 מטר,אין ליקוי,בהיר,יבש,שני,יום,יום רגיל,8,13,70,6,,
2025017111,קלה,0,עירוני לא בצומת,1,לא ידוע,,לא ידוע,לא ידוע,לא ידוע,שני,לילה,יום רגיל,11,20,5000,5,,
2025017118,קלה,0,עירוני בצומת,1,עד 50,10.5 עד 14 מטר,אין ליקוי,בהיר,יבש,ראשון,יום,יום רגיל,9,13,7400,4,,
2025017119,קלה,0,עירוני בצומת,1,עד 50,,אין ליקוי,בהיר,יבש,חמישי,יום,יום רגיל,7,8,4000,3,,
2025017134,קשה,0,עירוני לא בצומת,1,עד 50,10.5 עד 14 מטר,לא ידוע,בהיר,יבש,רביעי,לילה,יום רגיל,12,18,2610,1,,
2025017139,קשה,0,לא עירוני לא בצומת,0,80,7 עד 10.5 מטר,אין ליקוי,בהיר,יבש,רביעי,יום,יום רגיל,5,16,0,2,,
2025017166,קשה,0,עירוני לא בצומת,1,לא ידוע,,לא ידוע,לא ידוע,לא ידוע,שישי,יום,יום רגיל,4,8,509,2,,
2025017172,קלה,0,עירוני בצומת,1,עד 50,5 עד 7 מטר,אין ליקוי,בהיר,יבש,רביעי,יום,יום רגיל,1,11,9000,6,,
2025017202,קלה,0,עירוני לא בצומת,1,עד 50,7 עד 10.5 מטר,אין ליקוי,בהיר,יבש,רביעי,יום,חג,9,15,6700,2,,
2025017222,קלה,0,לא עירוני לא בצומת,0,80,5 עד 7 מטר,אין ליקוי,בהיר,יבש,חמישי,לילה,יום רגיל,1,17,0,7,,
2025017226,קלה,0,עירוני לא בצומת,1,עד 50,7 עד 10.5 מטר,אין ליקוי,בהיר,יבש,חמישי,יום,יום רגיל,7,13,7700,2,,
2025017231,קלה,0,עירוני בצומת,1,70,5 עד 7 מטר,אין ליקוי,בהיר,יבש,חמישי,יום,יום רגיל,11,13,9000,6,,
2025017234,קלה,0,לא עירוני בצומת,0,70,7 עד 10.5 מטר,אין ליקוי,בהיר,יבש,חמישי,יום,יום רגיל,6,12,0,6,,
2025017253,קשה,0,עירוני לא בצומת,1,עד 50,7 עד 10.5 מטר,אין ליקוי,בהיר,יבש,שישי,יום,ערב חג,4,10,246,6,,
2025017260,קשה,0,עירוני לא בצומת,1,לא ידוע,,לא ידוע,לא ידוע,לא ידוע,שני,לילה,יום רגיל,7,5,571,4,,
2025017264,קשה,0,לא עירוני לא בצומת,0,לא ידוע,,לא ידוע,לא ידוע,לא ידוע,ראשון,יום,יום רגיל,7,19,0,2,,
2025017304,קלה,0,עירוני בצומת,1,עד 50,,לא ידוע,בהיר,יבש,ראשון,לילה,יום רגיל,8,19,7900,4,,
2025017313,קלה,0,לא עירוני בצומת,0,90,7 עד 10.5 מטר,אין ליקוי,בהיר,יבש,ראשון,יום,יום רגיל,3,16,0,3,,
2025017335,קלה,0,עירוני בצומת,1,עד 50,5 עד 7 מטר,אין ליקוי,בהיר,יבש,שלישי,לילה,יום רגיל,2,22,4000,3,,
2025017336,קלה,0,לא עירוני לא בצומת,0,80,7 עד 10.5 מטר,אין ליקוי,בהיר,יבש,חמישי,יום,יום רגיל,8,18,0,7,,
2025017342,קלה,0,עירוני בצומת,1,עד 50,5 עד 7 מטר,אין ליקוי,בהיר,יבש,רביעי,יום,יום רגיל,10,15,4000,3,,
2025017344,קלה,0,עירוני בצומת,1,עד 50,עד 5 מטר,אין ליקוי,אחר,יבש,שני,לילה,יום רגיל,7,22,6400,5,,
2025017348,קלה,0,עירוני בצומת,1,עד 50,5 עד 7 מטר,אין ליקוי,בהיר,יבש,חמישי,לילה,יום רגיל,7,21,6600,5,,
2025017355,קלה,0,עירוני לא בצומת,1,לא ידוע,,לא ידוע,לא ידוע,לא ידוע,רביעי,יום,יום רגיל,11,13,8600,5,,
2025017424,קלה,0,עירוני בצומת,1,70,5 עד 7 מטר,אין ליקוי,בהיר,יבש,שלישי,יום,יום רגיל,1,13,2630,6,,
2025017448,קשה,0,לא עירוני לא בצומת,0,60,10.5 עד 14 מטר,אין ליקוי,בהיר,יבש,שישי,יום,יום רגיל,9,16,0,7,,
2025017449,קלה,0,עירוני בצומת,1,עד 50,,אין ליקוי,בהיר,יבש,שני,יום,יום רגיל,2,15,7900,4,,
2025017459,קלה,0,עירוני בצומת,1,עד 50,5 עד 7 מטר,אין ליקוי,בהיר,יבש,שלישי,יום,יום רגיל,5,8,4000,3,,
2025017468,קשה,0,עירוני לא בצומת,1,לא ידוע,,לא ידוע,לא ידוע,לא ידוע,רביעי,לילה,יום רגיל,10,18,1286,6,,
2025017473,קלה,0,עירוני בצומת,1,עד 50,יותר מ-14 מטר,אין ליקוי,בהיר,יבש,ראשון,לילה,יום רגיל,7,5,7100,6,,
2025017475,קשה,0,לא עירוני לא בצומת,0,80,7 עד 10.5 מטר,אין ליקוי,בהיר,יבש,שבת,לילה,יום רגיל,8,0,0,7,,
2025017478,קלה,0,עירוני לא בצומת,1,עד 50,5 עד 7 מטר,אין ליקוי,בהיר,יבש,שני,יום,יום רגיל,8,16,1761,6,,
2025017481,קלה,0,עירוני בצומת,1,עד 50,7 עד 10.5 מטר,אין ליקוי,בהיר,יבש,רביעי,יום,חול המועד,4,11,7900,4,,
2025017501,קשה,0,לא עירוני לא בצומת,0,90,עד 5 מטר,אין ליקוי,בהיר,יבש,ראשון,יום,יום רגיל,7,16,0,5,,
2025017503,קלה,0,לא עירוני לא בצומת,0,80,7 עד 10.5 מטר,אין ליקוי,בהיר,יבש,שני,לילה,יום רגיל,11,18,0,6,,
2025017504,קלה,0,עירוני בצומת,1,עד 50,5 עד 7 מטר,אין ליקוי,בהיר,יבש,שני,יום,יום רגיל,10,17,2600,6,,
2025017545,קלה,0,עירוני בצומת,1,עד 50,7 עד 10.5 מטר,אין ליקוי,בהיר,יבש,חמישי,יום,יום רגיל,12,13,70,6,,
2025017562,קלה,0,לא עירוני בצומת,0,90,7 עד 10.5 מטר,אין ליקוי,בהיר,יבש,חמישי,לילה,יום רגיל,7,1,0,4,,
2025017577,קלה,0,עירוני בצומת,1,עד 50,יותר מ-14 מטר,אין ליקוי,בהיר,יבש,שני,יום,יום רגיל,12,14,7900,4,,
2025017587,קשה,0,עירוני לא בצומת,1,לא ידוע,,לא ידוע,לא ידוע,לא ידוע,שבת,לילה,יום רגיל,6,2,5000,5,,
2025017602,קלה,0,עירוני בצומת,1,עד 50,5 עד 7 מטר,אין ליקוי,בהיר,יבש,שלישי,לילה,חג,10,20,6200,5,,
2025017606,קלה,0,עירוני בצומת,1,עד 50,5 עד 7 מטר,אין ליקוי,לא ידוע,יבש,שלישי,יום,יום רגיל,6,7,70,6,,
2025017608,קלה,0,עירוני בצומת,1,עד 50,7 עד 10.5 מטר,אין ליקוי,בהיר,יבש,ראשון,לילה,יום רגיל,10,18,2630,6,,
2025017623,קשה,0,לא עירוני לא בצומת,0,80,7 עד 10.5 מטר,שוליים גרועים,בהיר,יבש,חמישי,יום,יום רגיל,9,7,0,7,,
2025017638,קשה,0,עירוני בצומת,1,עד 50,5 עד 7 מטר,אין ליקוי,בהיר,יבש,שני,יום,יום רגיל,7,15,5000,5,,
2025017651,קלה,0,עירוני בצומת,1,עד 50,7 עד 10.5 מטר,אין ליקוי,בהיר,יבש,ראשון,יום,יום רגיל,11,8,70,6,,
2025017653,קלה,0,עירוני בצומת,1,עד 50,,אין ליקוי,בהיר,יבש,שישי,לילה,יום רגיל,9,23,7800,3,,
2025017658,קלה,0,עירוני בצומת,1,עד 50,5 עד 7 מטר,אין ליקוי,בהיר,יבש,רביעי,לילה,יום רגיל,3,5,171,4,,
2025017668,קלה,0,עירוני בצומת,1,עד 50,10.5 עד 14 מטר,אין ליקוי,בהיר,יבש,שבת,יום,ערב חג,4,11,504,2,,
2025017680,קלה,0,עירוני בצומת,1,עד 50,5 עד 7 מטר,אין ליקוי,בהיר,יבש,ראשון,יום,יום רגיל,9,8,7400,4,,
2025017693,קלה,0,עירוני בצומת,1,60,7 עד 10.5 מטר,אין ליקוי,בהיר,יבש,שבת,יום,יום רגיל,5,15,9000,6,,
2025017713,קלה,0,לא עירוני בצומת,0,70,7 עד 10.5 מטר,אין ליקוי,בהיר,יבש,רביעי,לילה,יום רגיל,9,2,0,6,,
2025017716,קשה,0,עירוני לא בצומת,1,לא ידוע,,לא ידוע,לא ידוע,לא ידוע,שישי,יום,יום רגיל,1,11,5000,5,,
2025017724,קלה,0,עירוני בצומת,1,עד 50,5 עד 7 מטר,אין ליקוי,בהיר,יבש,שישי,לילה,יום רגיל,5,19,3000,1,,
2025017757,קלה,0,לא עירוני בצומת,0,90,7 עד 10.5 מטר,אין ליקוי,בהיר,לא ידוע,שני,יום,יום רגיל,8,13,0,6,,
2025017784,קלה,0,עירוני בצומת,1,עד 50,,אין ליקוי,בהיר,יבש,שלישי,יום,יום רגיל,8,18,7900,4,,
2025017793,קשה,0,לא עירוני לא בצומת,0,לא ידוע,,לא ידוע,לא ידוע,לא ידוע,שלישי,יום,יום רגיל,11,7,0,6,,
2025017798,קטלנית,1,עירוני לא בצומת,1,70,יותר מ-14 מטר,אין ליקוי,בהיר,יבש,שלישי,לילה,יום רגיל,2,3,4000,3,,
2025017799,קלה,0,עירוני בצומת,1,עד 50,5 עד 7 מטר,אין ליקוי,בהיר,יבש,ראשון,יום,יום רגיל,9,15,7600,2,,
2025017832,קלה,0,עירוני לא בצומת,1,עד 50,5 עד 7 מטר,אין ליקוי,בהיר,יבש,ראשון,יום,יום רגיל,6,16,8400,4,,
2025017838,קשה,0,עירוני לא בצומת,1,לא ידוע,,לא ידוע,לא ידוע,לא ידוע,שישי,יום,יום רגיל,2,13,9300,3,,
2025017847,קלה,0,לא עירוני בצומת,0,80,5 עד 7 מטר,אין ליקוי,לא ידוע,יבש,ראשון,יום,חול המועד,10,10,0,7,,
2025017891,קלה,0,עירוני בצומת,1,עד 50,יותר מ-14 מטר,לא ידוע,בהיר,יבש,רביעי,לילה,יום רגיל,3,19,3000,1,,
2025017898,קלה,0,עירוני בצומת,1,עד 50,יותר מ-14 מטר,אין ליקוי,בהיר,יבש,ראשון,יום,יום רגיל,5,9,7900,4,,
2025017909,קשה,0,עירוני לא בצומת,1,לא ידוע,,לא ידוע,לא ידוע,לא ידוע,רביעי,לילה,יום רגיל,3,19,716,4,,
2025017933,קלה,0,לא עירוני בצומת,0,עד 50,10.5 עד 14 מטר,אין ליקוי,בהיר,יבש,ראשון,יום,יום רגיל,6,10,0,4,,
2025017939,קלה,0,עירוני בצומת,1,עד 50,5 עד 7 מטר,אין ליקוי,בהיר,יבש,חמישי,לילה,יום רגיל,8,21,168,4,,
2025017955,קשה,0,לא עירוני בצומת,0,עד 50,10.5 עד 14 מטר,אין ליקוי,בהיר,יבש,שלישי,יום,חול המועד,4,11,0,7,,
2025017968,קשה,0,עירוני לא בצומת,1,לא ידוע,,לא ידוע,לא ידוע,לא ידוע,רביעי,יום,יום רגיל,3,6,1247,3,,
2025017981,קשה,0,עירוני בצומת,1,70,7 עד 10.5 מטר,אין ליקוי,בהיר,יבש,חמישי,יום,יום רגיל,4,13,6600,5,,
2025017982,קלה,0,עירוני לא בצומת,1,עד 50,יותר מ-14 מטר,אין ליקוי,בהיר,יבש,ראשון,לילה,יום רגיל,5,22,7300,2,,
2025018019,קלה,0,לא עירוני בצומת,0,90,7 עד 10.5 מטר,אין ליקוי,בהיר,יבש,רביעי,יום,יום רגיל,11,10,0,3,,
2025018040,קלה,0,עירוני לא בצומת,1,עד 50,5 עד 7 מטר,אין ליקוי,בהיר,יבש,שלישי,יום,יום רגיל,2,12,7900,4,,
2025018051,קלה,0,לא עירוני בצומת,0,80,7 עד 10.5 מטר,אין ליקוי,בהיר,יבש,שבת,לילה,יום רגיל,3,20,0,6,,
2025018075,קלה,0,לא עירוני בצומת,0,90,,לא ידוע,בהיר,יבש,חמישי,לילה,יום רגיל,12,20,0,2,,
2025018078,קלה,0,עירוני בצומת,1,עד 50,10.5 עד 14 מטר,אין ליקוי,בהיר,יבש,חמישי,יום,יום רגיל,10,15,70,6,,
2025018085,קלה,0,עירוני לא בצומת,1,עד 50,7 עד 10.5 מטר,אין ליקוי,בהיר,יבש,שני,יום,יום רגיל,1,11,7400,4,,
2025018088,קלה,0,עירוני לא בצומת,1,לא ידוע,,לא ידוע,לא ידוע,לא ידוע,רביעי,יום,יום רגיל,12,13,2400,5,,
2025018089,קלה,0,לא עירוני בצומת,0,90,7 עד 10.5 מטר,אין ליקוי,בהיר,יבש,שבת,לילה,יום רגיל,8,23,0,4,,
2025018100,קלה,0,לא עירוני בצומת,0,70,יותר מ-14 מטר,אין ליקוי,בהיר,יבש,שבת,יום,יום רגיל,8,17,0,6,,
2025018101,קלה,0,עירוני בצומת,1,עד 50,,אין ליקוי,בהיר,יבש,חמישי,יום,יום רגיל,7,19,7900,4,,
2025018104,קלה,0,לא עירוני לא בצומת,0,לא ידוע,,לא ידוע,לא ידוע,לא ידוע,חמישי,לילה,יום רגיל,12,17,0,4,,
2025018116,קלה,0,עירוני לא בצומת,1,עד 50,5 עד 7 מטר,אין ליקוי,בהיר,יבש,ראשון,יום,יום רגיל,8,12,6900,4,,
2025018142,קלה,0,עירוני לא בצומת,1,עד 50,7 עד 10.5 מטר,אין ליקוי,בהיר,יבש,רביעי,יום,יום רגיל,6,12,9100,2,,
2025018144,קטלנית,1,לא עירוני לא בצומת,0,90,יותר מ-14 מטר,אין ליקוי,בהיר,יבש,שבת,לילה,יום רגיל,9,5,0,5,,
2025018151,קלה,0,לא עירוני לא בצומת,0,לא ידוע,,לא ידוע,לא ידוע,לא ידוע,רביעי,לילה,חול המועד,10,20,0,4,,
2025018158,קלה,0,לא עירוני לא בצומת,0,90,7 עד 10.5 מטר,אין ליקוי,בהיר,יבש,חמישי,לילה,יום רגיל,1,20,0,6,,
2025018161,קשה,0,עירוני לא בצומת,1,לא ידוע,,לא ידוע,לא ידוע,לא ידוע,רביעי,יום,יום רגיל,5,10,6900,4,,
2025018168,קטלנית,1,לא עירוני לא בצומת,0,80,7 עד 10.5 מטר,אין ליקוי,בהיר,יבש,חמישי,יום,חול המועד,4,18,0,2,,
2025018169,קשה,0,עירוני לא בצומת,1,לא ידוע,,לא ידוע,לא ידוע,לא ידוע,חמישי,לילה,יום רגיל,9,19,532,2,,
2025018170,קלה,0,עירוני לא בצומת,1,עד 50,,אין ליקוי,בהיר,יבש,ראשון,יום,יום רגיל,4,14,5000,5,,
2025018172,קלה,0,לא עירוני לא בצומת,0,90,יותר מ-14 מטר,אין ליקוי,בהיר,יבש,שני,לילה,יום רגיל,9,23,0,5,,
2025018173,קשה,0,עירוני בצומת,1,עד 50,7 עד 10.5 מטר,אין ליקוי,בהיר,יבש,שני,לילה,יום רגיל,2,20,1139,2,,
2025018179,קלה,0,לא עירוני בצומת,0,70,10.5 עד 14 מטר,אין ליקוי,בהיר,יבש,שני,יום,יום רגיל,5,17,0,4,,
2025018190,קשה,0,עירוני בצומת,1,עד 50,10.5 עד 14 מטר,אין ליקוי,בהיר,יבש,ראשון,יום,יום רגיל,6,11,1034,6,,
2025018191,קטלנית,1,לא עירוני לא בצומת,0,60,יותר מ-14 מטר,אין ליקוי,בהיר,יבש,רביעי,יום,יום רגיל,5,18,0,1,,
2025018192,קלה,0,לא עירוני לא בצומת,0,לא ידוע,,לא ידוע,לא ידוע,לא ידוע,חמישי,יום,יום רגיל,12,10,0,4,,
2025018205,קשה,0,עירוני לא בצומת,1,לא ידוע,,לא ידוע,לא ידוע,לא ידוע,חמישי,יום,יום רגיל,11,14,3000,1,,
2025018236,קלה,0,עירוני בצומת,1,60,,אין ליקוי,בהיר,יבש,שני,יום,יום רגיל,10,13,7600,2,,
2025018249,קשה,0,עירוני לא בצומת,1,לא ידוע,,לא ידוע,לא ידוע,לא ידוע,שישי,יום,יום רגיל,8,12,6500,3,,
2025018259,קלה,0,עירוני בצומת,1,70,5 עד 7 מטר,אין ליקוי,בהיר,יבש,רביעי,יום,יום רגיל,5,16,9000,6,,
2025018261,קלה,0,עירוני בצומת,1,עד 50,7 עד 10.5 מטר,אין ליקוי,בהיר,יבש,שלישי,לילה,חג,10,23,5000,5,,
2025018280,קשה,0,לא עירוני לא בצומת,0,לא ידוע,,לא ידוע,לא ידוע,לא ידוע,ראשון,יום,יום רגיל,3,9,0,1,,
2025018300,קשה,0,עירוני לא בצומת,1,עד 50,5 עד 7 מטר,אין ליקוי,בהיר,יבש,רביעי,יום,יום רגיל,1,15,2600,6,,
2025018328,קלה,0,לא עירוני לא בצומת,0,80,10.5 עד 14 מטר,אין ליקוי,בהיר,יבש,ראשון,יום,יום רגיל,4,11,0,7,,
2025018334,קשה,0,לא עירוני לא בצומת,0,לא ידוע,,לא ידוע,לא ידוע,לא ידוע,שלישי,יום,יום רגיל,5,11,0,4,,
2025018340,קשה,0,לא עירוני לא בצומת,0,110,יותר מ-14 מטר,אין ליקוי,בהיר,יבש,רביעי,יום,יום רגיל,7,16,0,4,,
2025018341,קשה,0,עירוני בצומת,1,עד 50,5 עד 7 מטר,אין ליקוי,בהיר,יבש,שני,יום,יום רגיל,3,12,7700,2,,
2025018351,קלה,0,עירוני בצומת,1,עד 50,5 עד 7 מטר,אין ליקוי,בהיר,יבש,חמישי,יום,יום רגיל,8,14,4000,3,,
2025018370,קלה,0,לא עירוני לא בצומת,0,90,7 עד 10.5 מטר,אין ליקוי,בהיר,יבש,שישי,יום,יום רגיל,5,18,0,4,,
2025018384,קלה,0,עירוני לא בצומת,1,עד 50,5 עד 7 מטר,אין ליקוי,בהיר,יבש,שני,יום,יום רגיל,5,8,6900,4,,
2025018403,קשה,0,לא עירוני לא בצומת,0,90,10.5 עד 14 מטר,אין ליקוי,בהיר,יבש,ראשון,יום,יום רגיל,2,12,0,3,,
2025018406,קשה,0,לא עירוני לא בצומת,0,לא ידוע,5 עד 7 מטר,אין ליקוי,בהיר,יבש,שבת,יום,יום רגיל,10,14,0,9,,
2025018420,קטלנית,1,לא עירוני לא בצומת,0,90,10.5 עד 14 מטר,אין ליקוי,בהיר,יבש,שבת,לילה,ערב חג,4,23,0,7,,
2025018424,קלה,0,עירוני בצומת,1,עד 50,7 עד 10.5 מטר,אין ליקוי,בהיר,יבש,שבת,יום,יום רגיל,9,17,282,2,,
2025018447,קשה,0,עירוני לא בצומת,1,לא ידוע,,לא ידוע,לא ידוע,לא ידוע,שישי,לילה,יום רגיל,3,4,5000,5,,
2025018453,קלה,0,עירוני בצומת,1,עד 50,5 עד 7 מטר,אין ליקוי,בהיר,יבש,שלישי,יום,יום רגיל,9,9,4000,3,,
2025018456,קשה,0,עירוני בצומת,1,עד 50,5 עד 7 מטר,אין ליקוי,בהיר,יבש,רביעי,יום,יום רגיל,7,12,1031,6,,
2025018468,קשה,0,עירוני לא בצומת,1,עד 50,5 עד 7 מטר,אין ליקוי,בהיר,יבש,שישי,יום,יום רגיל,1,14,122,2,,
2025018470,קשה,0,לא עירוני בצומת,0,90,,אין ליקוי,בהיר,יבש,שני,יום,יום רגיל,3,17,0,5,,
2025018476,קלה,0,עירוני בצומת,1,עד 50,5 עד 7 מטר,אין ליקוי,בהיר,יבש,חמישי,יום,יום רגיל,6,15,7900,4,,
2025018515,קטלנית,1,לא עירוני לא בצומת,0,90,,אין ליקוי,בהיר,יבש,שישי,יום,יום רגיל,7,14,0,5,,
2025018527,קלה,0,עירוני לא בצומת,1,עד 50,10.5 עד 14 מטר,אין ליקוי,בהיר,יבש,רביעי,יום,יום רגיל,1,14,9400,4,,
2025018531,קשה,0,עירוני לא בצומת,1,עד 50,5 עד 7 מטר,אין ליקוי,בהיר,יבש,שני,לילה,יום רגיל,10,18,494,3,,
2025018539,קשה,0,לא עירוני לא בצומת,0,80,7 עד 10.5 מטר,אין ליקוי,בהיר,יבש,שישי,לילה,יום רגיל,9,0,0,2,,
2025018542,קשה,0,לא עירוני לא בצומת,0,לא ידוע,,לא ידוע,לא ידוע,לא ידוע,שישי,יום,יום רגיל,12,7,0,6,,
2025018549,קלה,0,עירוני בצומת,1,עד 50,7 עד 10.5 מטר,אין ליקוי,בהיר,יבש,שני,יום,יום רגיל,12,14,31,6,,
2025018568,קלה,0,עירוני בצומת,1,עד 50,7 עד 10.5 מטר,לא ידוע,בהיר,יבש,שני,לילה,יום רגיל,3,19,4000,3,,
2025018581,קשה,0,עירוני לא בצומת,1,עד 50,5 עד 7 מטר,אין ליקוי,בהיר,יבש,רביעי,יום,יום רגיל,4,18,8000,2,,
2025018609,קלה,0,עירוני בצומת,1,70,7 עד 10.5 מטר,אין ליקוי,בהיר,יבש,שלישי,לילה,יום רגיל,1,6,4000,3,,
2025018623,קלה,0,עירוני בצומת,1,עד 50,7 עד 10.5 מטר,אין ליקוי,בהיר,יבש,שישי,יום,יום רגיל,1,13,3570,7,,
2025018631,קשה,0,לא עירוני בצומת,0,לא ידוע,,לא ידוע,לא ידוע,לא ידוע,שני,יום,יום רגיל,4,8,0,4,,
2025018646,קשה,0,עירוני לא בצומת,1,לא ידוע,,לא ידוע,לא ידוע,לא ידוע,שלישי,יום,יום רגיל,7,19,803,6,,
2025018653,קלה,0,עירוני לא בצומת,1,עד 50,עד 5 מטר,אין ליקוי,בהיר,יבש,רביעי,לילה,יום רגיל,1,6,7600,2,,
2025018666,קטלנית,1,לא עירוני לא בצומת,0,עד 50,יותר מ-14 מטר,אין ליקוי,לא ידוע,יבש,ראשון,יום,יום רגיל,2,11,0,2,,
2025018680,קטלנית,1,עירוני לא בצומת,1,עד 50,7 עד 10.5 מטר,אין ליקוי,בהיר,יבש,שבת,לילה,יום רגיל,9,19,31,6,,
2025018685,קלה,0,עירוני לא בצומת,1,עד 50,5 עד 7 מטר,אין ליקוי,בהיר,יבש,שישי,יום,יום רגיל,5,17,522,2,,
2025018690,קלה,0,עירוני בצומת,1,עד 50,יותר מ-14 מטר,אין ליקוי,בהיר,יבש,שלישי,יום,יום רגיל,1,13,7900,4,,
2025018700,קלה,0,עירוני בצומת,1,עד 50,5 עד 7 מטר,אין ליקוי,לא ידוע,יבש,שלישי,יום,יום רגיל,7,12,1309,4,,
2025018701,קטלנית,1,עירוני בצומת,1,עד 50,10.5 עד 14 מטר,אין ליקוי,בהיר,יבש,שישי,יום,יום רגיל,11,12,1034,6,,
2025018711,קלה,0,עירוני לא בצומת,1,עד 50,5 עד 7 מטר,אין ליקוי,בהיר,יבש,חמישי,יום,יום רגיל,4,14,6500,3,,
2025018743,קלה,0,עירוני לא בצומת,1,עד 50,5 עד 7 מטר,אין ליקוי,בהיר,יבש,שישי,יום,יום רגיל,1,7,7600,2,,
2025018769,קשה,0,עירוני לא בצומת,1,לא ידוע,,לא ידוע,לא ידוע,לא ידוע,שישי,לילה,יום רגיל,2,23,5000,5,,
2025018784,קלה,0,עירוני בצומת,1,עד 50,7 עד 10.5 מטר,אין ליקוי,בהיר,יבש,שבת,לילה,יום רגיל,6,0,7100,6,,
2025018793,קלה,0,עירוני בצומת,1,עד 50,5 עד 7 מטר,אין ליקוי,בהיר,יבש,שני,יום,יום רגיל,1,10,8400,4,,
2025018829,קטלנית,1,עירוני לא בצומת,1,עד 50,5 עד 7 מטר,אין ליקוי,בהיר,יבש,ראשון,לילה,יום רגיל,3,23,7900,4,,
2025018839,קלה,0,לא עירוני בצומת,0,70,7 עד 10.5 מטר,אין ליקוי,בהיר,יבש,חמישי,לילה,ערב חג,3,20,0,7,,
2025018849,קלה,0,לא עירוני בצומת,0,80,5 עד 7 מטר,לא ידוע,בהיר,יבש,חמישי,יום,יום רגיל,8,9,0,7,,
2025018861,קטלנית,1,לא עירוני לא בצומת,0,80,7 עד 10.5 מטר,אין ליקוי,בהיר,יבש,שישי,יום,יום רגיל,4,15,0,2,,
2025018863,קלה,0,לא עירוני לא בצומת,0,90,יותר מ-14 מטר,אין ליקוי,בהיר,יבש,רביעי,לילה,יום רגיל,12,22,0,4,,
2025018865,קלה,0,עירוני לא בצומת,1,עד 50,7 עד 10.5 מטר,אין ליקוי,בהיר,יבש,שלישי,יום,יום רגיל,5,8,70,6,,
2025018893,קלה,0,לא עירוני בצומת,0,70,,אין ליקוי,בהיר,יבש,רביעי,יום,ערב חג,10,7,0,6,,
2025018908,קשה,0,עירוני בצומת,1,עד 50,5 עד 7 מטר,אין ליקוי,בהיר,יבש,רביעי,לילה,יום רגיל,5,23,3000,1,,
2025018926,קשה,0,לא עירוני לא בצומת,0,90,10.5 עד 14 מטר,אין ליקוי,בהיר,יבש,ראשון,יום,יום רגיל,3,10,0,2,,
2025018942,קלה,0,לא עירוני בצומת,0,80,10.5 עד 14 מטר,אין ליקוי,בהיר,יבש,רביעי,יום,יום רגיל,3,12,0,2,,
2025018956,קשה,0,עירוני בצומת,1,עד 50,7 עד 10.5 מטר,אין ליקוי,בהיר,יבש,שני,לילה,יום רגיל,4,1,2600,6,,
2025018963,קשה,0,עירוני בצומת,1,עד 50,5 עד 7 מטר,אין ליקוי,בהיר,יבש,שני,לילה,יום רגיל,1,0,3000,1,,
2025018977,קלה,0,לא עירוני בצומת,0,לא ידוע,עד 5 מטר,אין ליקוי,בהיר,יבש,שני,יום,יום רגיל,1,15,0,5,,
2025018978,קשה,0,עירוני בצומת,1,70,,אין ליקוי,בהיר,יבש,שבת,יום,יום רגיל,8,10,9600,3,,
2025018984,קשה,0,עירוני לא בצומת,1,עד 50,5 עד 7 מטר,אין ליקוי,בהיר,יבש,רביעי,לילה,יום רגיל,5,20,6600,5,,
2025018990,קטלנית,1,לא עירוני בצומת,0,90,יותר מ-14 מטר,אין ליקוי,בהיר,יבש,חמישי,לילה,יום רגיל,1,5,0,4,,
2025019002,קשה,0,לא עירוני בצומת,0,80,7 עד 10.5 מטר,לא ידוע,בהיר,יבש,חמישי,לילה,יום רגיל,7,23,0,2,,
2025019031,קלה,0,לא עירוני לא בצומת,0,לא ידוע,,לא ידוע,לא ידוע,לא ידוע,שני,לילה,יום רגיל,11,21,0,3,,
2025019033,קלה,0,עירוני בצומת,1,60,,אין ליקוי,בהיר,יבש,רביעי,יום,חול המועד,4,15,9000,6,,
2025019052,קשה,0,לא עירוני לא בצומת,0,לא ידוע,,לא ידוע,לא ידוע,לא ידוע,שישי,לילה,יום רגיל,11,6,0,2,,
2025019054,קלה,0,עירוני לא בצומת,1,עד 50,5 עד 7 מטר,אין ליקוי,בהיר,יבש,שני,יום,יום רגיל,5,17,633,4,,
2025019075,קלה,0,עירוני בצומת,1,עד 50,7 עד 10.5 מטר,אין ליקוי,בהיר,יבש,חמישי,לילה,יום רגיל,11,18,6500,3,,
2025019093,קלה,0,עירוני בצומת,1,עד 50,,אין ליקוי,בהיר,יבש,ראשון,לילה,יום רגיל,9,18,8400,4,,
2025019130,קשה,0,עירוני לא בצומת,1,לא ידוע,,לא ידוע,לא ידוע,לא ידוע,ראשון,לילה,יום רגיל,9,20,5000,5,,
2025019155,קשה,0,עירוני לא בצומת,1,עד 50,5 עד 7 מטר,אין ליקוי,בהיר,יבש,רביעי,יום,חול המועד,4,13,5000,5,,
2025019179,קלה,0,עירוני לא בצומת,1,70,,אין ליקוי,בהיר,יבש,שלישי,יום,יום רגיל,5,15,2640,4,,
2025019194,קשה,0,לא עירוני לא בצומת,0,עד 50,5 עד 7 מטר,אין ליקוי,בהיר,יבש,שלישי,יום,יום רגיל,3,15,0,4,,
2025019198,קלה,0,לא עירוני לא בצומת,0,80,7 עד 10.5 מטר,לא ידוע,בהיר,יבש,שישי,יום,יום רגיל,11,15,0,2,,
2025019214,קשה,0,לא עירוני לא בצומת,0,לא ידוע,,לא ידוע,לא ידוע,לא ידוע,ראשון,לילה,יום רגיל,6,19,0,7,,
2025019216,קלה,0,עירוני לא בצומת,1,עד 50,7 עד 10.5 מטר,אין ליקוי,גשום,רטוב ממים,ראשון,לילה,יום רגיל,2,3,7800,3,,
2025019220,קשה,0,עירוני לא בצומת,1,עד 50,5 עד 7 מטר,אין ליקוי,בהיר,יבש,רביעי,לילה,יום רגיל,8,21,8600,5,,
2025019230,קלה,0,עירוני לא בצומת,1,עד 50,5 עד 7 מטר,אין ליקוי,בהיר,יבש,שישי,יום,יום רגיל,7,16,5000,5,,
2025019236,קלה,0,עירוני בצומת,1,60,10.5 עד 14 מטר,אין ליקוי,בהיר,יבש,רביעי,יום,יום רגיל,7,11,8300,4,,
2025019237,קלה,0,לא עירוני בצומת,0,80,7 עד 10.5 מטר,אין ליקוי,בהיר,יבש,שלישי,לילה,יום רגיל,5,21,0,6,,
2025019241,קלה,0,לא עירוני לא בצומת,0,,10.5 עד 14 מטר,אין ליקוי,בהיר,יבש,שלישי,יום,יום רגיל,1,15,0,4,,
2025019305,קלה,0,עירוני בצומת,1,עד 50,יותר מ-14 מטר,אין ליקוי,בהיר,יבש,רביעי,לילה,יום רגיל,2,17,6500,3,,
2025019325,קשה,0,לא עירוני לא בצומת,0,עד 50,5 עד 7 מטר,כביש משובש,בהיר,יבש,רביעי,יום,יום רגיל,6,18,0,9,,
2025019330,קלה,0,עירוני לא בצומת,1,עד 50,5 עד 7 מטר,אין ליקוי,בהיר,יבש,שלישי,יום,יום רגיל,5,17,6900,4,,
2025019342,קלה,0,עירוני בצומת,1,60,7 עד 10.5 מטר,אין ליקוי,בהיר,יבש,ראשון,לילה,יום רגיל,8,20,4000,3,,
2025019364,קלה,0,עירוני בצומת,1,עד 50,5 עד 7 מטר,אין ליקוי,בהיר,יבש,ראשון,יום,יום רגיל,5,10,6200,5,,
2025019365,קשה,0,לא עירוני בצומת,0,80,,לא ידוע,בהיר,יבש,שבת,לילה,יום רגיל,11,18,0,7,,
2025019374,קלה,0,עירוני בצומת,1,עד 50,5 עד 7 מטר,אין ליקוי,בהיר,יבש,רביעי,יום,יום רגיל,5,10,8700,4,,
2025019376,קטלנית,1,עירוני לא בצומת,1,עד 50,5 עד 7 מטר,אין ליקוי,בהיר,יבש,חמישי,יום,יום רגיל,5,9,6200,5,,
2025019380,קשה,0,לא עירוני בצומת,0,לא ידוע,,לא ידוע,לא ידוע,לא ידוע,רביעי,יום,יום רגיל,12,7,0,4,,
2025019404,קלה,0,עירוני בצומת,1,עד 50,7 עד 10.5 מטר,אין ליקוי,בהיר,יבש,שבת,לילה,יום רגיל,9,22,6900,4,,
2025019430,קלה,0,עירוני בצומת,1,עד 50,,לא ידוע,גשום,יבש,שלישי,יום,יום רגיל,12,8,8200,3,,
2025019443,קשה,0,עירוני לא בצומת,1,לא ידוע,,לא ידוע,לא ידוע,לא ידוע,רביעי,לילה,יום רגיל,7,20,48,2,,
2025019464,קשה,0,עירוני לא בצומת,1,לא ידוע,,לא ידוע,לא ידוע,לא ידוע,שלישי,לילה,יום רגיל,10,20,8300,4,,
2025019465,קלה,0,לא עירוני לא בצומת,0,80,7 עד 10.5 מטר,אין ליקוי,בהיר,יבש,שישי,יום,יום רגיל,1,11,0,1,,
2025019470,קלה,0,עירוני בצומת,1,עד 50,5 עד 7 מטר,אין ליקוי,בהיר,יבש,שלישי,לילה,יום רגיל,12,18,2300,3,,
2025019479,קשה,0,עירוני בצומת,1,עד 50,7 עד 10.5 מטר,אין ליקוי,בהיר,יבש,שישי,לילה,יום רגיל,9,22,4000,3,,
2025019485,קלה,0,עירוני לא בצומת,1,עד 50,5 עד 7 מטר,אין ליקוי,בהיר,יבש,רביעי,יום,יום רגיל,8,10,6600,5,,
2025019486,קלה,0,עירוני בצומת,1,לא ידוע,,לא ידוע,לא ידוע,לא ידוע,ראשון,לילה,יום רגיל,11,2,6600,5,,
2025019497,קשה,0,עירוני לא בצומת,1,לא ידוע,,לא ידוע,לא ידוע,לא ידוע,חמישי,יום,יום רגיל,6,9,8300,4,,
2025019499,קשה,0,עירוני לא בצומת,1,לא ידוע,,לא ידוע,לא ידוע,לא ידוע,שבת,לילה,יום רגיל,11,18,6000,3,,
2025019524,קשה,0,עירוני לא בצומת,1,לא ידוע,,לא ידוע,לא ידוע,לא ידוע,רביעי,לילה,יום רגיל,1,23,70,6,,
2025019526,קשה,0,עירוני בצומת,1,עד 50,יותר מ-14 מטר,אין ליקוי,בהיר,יבש,שני,לילה,יום רגיל,3,18,7400,4,,
2025019536,קשה,0,לא עירוני לא בצומת,0,לא ידוע,,לא ידוע,לא ידוע,לא ידוע,חמישי,לילה,יום רגיל,9,5,0,3,,
2025019542,קלה,0,עירוני לא בצומת,1,לא ידוע,,לא ידוע,לא ידוע,לא ידוע,שני,יום,יום רגיל,12,16,8000,2,,
2025019545,קלה,0,לא עירוני לא בצומת,0,80,7 עד 10.5 מטר,אין ליקוי,בהיר,יבש,שישי,לילה,יום רגיל,8,23,0,2,,
2025019569,קשה,0,עירוני לא בצומת,1,לא ידוע,,לא ידוע,לא ידוע,לא ידוע,ראשון,יום,יום רגיל,7,7,2600,6,,
2025019571,קלה,0,לא עירוני בצומת,0,70,7 עד 10.5 מטר,אין ליקוי,בהיר,יבש,ראשון,יום,יום רגיל,2,14,0,1,,
2025019575,קלה,0,עירוני לא בצומת,1,עד 50,7 עד 10.5 מטר,אין ליקוי,בהיר,יבש,שישי,יום,יום רגיל,10,10,7400,4,,
2025019576,קלה,0,לא עירוני בצומת,0,עד 50,יותר מ-14 מטר,אין ליקוי,בהיר,יבש,שבת,יום,יום רגיל,5,13,0,5,,
2025019578,קטלנית,1,עירוני לא בצומת,1,עד 50,5 עד 7 מטר,אין ליקוי,בהיר,יבש,ראשון,לילה,יום רגיל,3,22,6900,4,,
2025019582,קלה,0,לא עירוני לא בצומת,0,עד 50,7 עד 10.5 מטר,אין ליקוי,בהיר,יבש,שבת,לילה,יום רגיל,2,19,0,2,,
2025019590,קלה,0,עירוני בצומת,1,עד 50,7 עד 10.5 מטר,אין ליקוי,בהיר,יבש,שלישי,לילה,חג,10,0,6800,3,,
2025019608,קשה,0,עירוני לא בצומת,1,עד 50,5 עד 7 מטר,אין ליקוי,בהיר,יבש,רביעי,יום,יום רגיל,11,10,229,4,,
2025019611,קלה,0,עירוני בצומת,1,70,יותר מ-14 מטר,אין ליקוי,בהיר,יבש,חמישי,יום,יום רגיל,7,11,7100,6,,
2025019613,קלה,0,עירוני בצומת,1,עד 50,יותר מ-14 מטר,אין ליקוי,בהיר,יבש,שישי,לילה,יום רגיל,11,18,70,6,,
2025019633,קשה,0,עירוני לא בצומת,1,לא ידוע,,לא ידוע,לא ידוע,לא ידוע,רביעי,יום,יום רגיל,4,11,3000,1,,
2025019641,קשה,0,לא עירוני בצומת,0,90,5 עד 7 מטר,אין ליקוי,בהיר,יבש,שלישי,יום,יום רגיל,3,8,0,2,,
2025019642,קשה,0,לא עירוני לא בצומת,0,לא ידוע,,לא ידוע,לא ידוע,לא ידוע,ראשון,יום,יום רגיל,6,6,0,6,,
2025019648,קלה,0,לא עירוני בצומת,0,90,10.5 עד 14 מטר,אין ליקוי,בהיר,יבש,שלישי,יום,יום רגיל,3,10,0,6,,
2025019668,קלה,0,עירוני לא בצומת,1,עד 50,7 עד 10.5 מטר,אין ליקוי,בהיר,יבש,שלישי,יום,יום רגיל,2,10,4000,3,,
2025019686,קלה,0,עירוני בצומת,1,עד 50,,אין ליקוי,בהיר,יבש,שני,יום,יום רגיל,3,7,6600,5,,
2025019687,קלה,0,עירוני לא בצומת,1,עד 50,5 עד 7 מטר,אין ליקוי,בהיר,יבש,שלישי,יום,יום רגיל,2,7,7000,4,,
2025019725,קלה,0,לא עירוני לא בצומת,0,80,5 עד 7 מטר,אין ליקוי,בהיר,יבש,שישי,יום,יום רגיל,8,9,0,2,,
2025019738,קלה,0,עירוני בצומת,1,עד 50,7 עד 10.5 מטר,אין ליקוי,בהיר,יבש,שבת,לילה,יום רגיל,7,2,2100,3,,
2025019755,קלה,0,עירוני בצומת,1,עד 50,7 עד 10.5 מטר,לא ידוע,בהיר,יבש,שלישי,לילה,יום רגיל,4,2,3000,1,,
2025019758,קלה,0,עירוני בצומת,1,לא ידוע,,לא ידוע,לא ידוע,לא ידוע,ראשון,יום,ערב חג,6,13,6600,5,,
2025019771,קשה,0,לא עירוני לא בצומת,0,80,5 עד 7 מטר,אין ליקוי,גשום,רטוב ממים,רביעי,יום,יום רגיל,1,16,0,1,,
2025019841,קלה,0,עירוני בצומת,1,עד 50,5 עד 7 מטר,אין ליקוי,בהיר,יבש,ראשון,יום,יום רגיל,8,15,2630,6,,
2025019844,קלה,0,עירוני לא בצומת,1,60,5 עד 7 מטר,אין ליקוי,בהיר,יבש,ראשון,יום,יום רגיל,1,10,5000,5,,
2025019847,קשה,0,לא עירוני בצומת,0,לא ידוע,,לא ידוע,לא ידוע,לא ידוע,רביעי,לילה,יום רגיל,10,6,0,6,,
2025019868,קלה,0,עירוני בצומת,1,עד 50,5 עד 7 מטר,אין ליקוי,בהיר,יבש,רביעי,יום,יום רגיל,5,14,3000,1,,
2025019869,קלה,0,עירוני בצומת,1,עד 50,,לא ידוע,לא ידוע,לא ידוע,ראשון,לילה,יום רגיל,5,0,3000,1,,
2025019878,קלה,0,עירוני לא בצומת,1,עד 50,7 עד 10.5 מטר,אין ליקוי,בהיר,יבש,ראשון,יום,יום רגיל,7,14,7900,4,,
2025019908,קלה,0,לא עירוני בצומת,0,80,10.5 עד 14 מטר,אין ליקוי,בהיר,יבש,שני,יום,ערב חג,10,12,0,2,,
2025019935,קלה,0,עירוני בצומת,1,עד 50,10.5 עד 14 מטר,אין ליקוי,בהיר,יבש,שני,יום,יום רגיל,8,16,70,6,,
2025019952,קלה,0,לא עירוני בצומת,0,עד 50,5 עד 7 מטר,אין ליקוי,בהיר,יבש,שלישי,יום,יום רגיל,7,16,0,3,,
2025019956,קלה,0,עירוני בצומת,1,עד 50,10.5 עד 14 מטר,אין ליקוי,בהיר,יבש,שני,לילה,חול המועד,4,22,5000,5,,
2025019962,קלה,0,עירוני לא בצומת,1,עד 50,7 עד 10.5 מטר,אין ליקוי,גשום,רטוב ממים,ראשון,לילה,יום רגיל,2,19,7600,2,,
2025019984,קשה,0,עירוני לא בצומת,1,עד 50,5 עד 7 מטר,אין ליקוי,בהיר,יבש,ראשון,יום,יום רגיל,3,14,7100,6,,
2025019989,קלה,0,לא עירוני בצומת,0,90,5 עד 7 מטר,אין ליקוי,בהיר,יבש,שלישי,לילה,יום רגיל,9,19,0,3,,
2025019995,קשה,0,עירוני בצומת,1,עד 50,10.5 עד 14 מטר,אין ליקוי,בהיר,יבש,שני,יום,יום רגיל,12,14,6600,5,,
2025019998,קשה,0,עירוני לא בצומת,1,לא ידוע,,לא ידוע,לא ידוע,לא ידוע,שלישי,יום,יום רגיל,5,7,2650,5,,
2025020005,קלה,0,לא עירוני בצומת,0,90,7 עד 10.5 מטר,אין ליקוי,בהיר,יבש,חמישי,יום,יום רגיל,7,18,0,6,,
2025020029,קלה,0,עירוני בצומת,1,עד 50,יותר מ-14 מטר,אין ליקוי,בהיר,יבש,שישי,לילה,יום רגיל,1,18,70,6,,
2025020031,קלה,0,עירוני לא בצומת,1,עד 50,5 עד 7 מטר,אין ליקוי,בהיר,יבש,שלישי,לילה,יום רגיל,12,19,6900,4,,
2025020046,קשה,0,עירוני לא בצומת,1,לא ידוע,עד 5 מטר,אין ליקוי,בהיר,יבש,שלישי,יום,יום רגיל,12,16,5000,5,,
2025020063,קלה,0,עירוני לא בצומת,1,עד 50,עד 5 מטר,לא ידוע,בהיר,יבש,שלישי,לילה,יום רגיל,6,1,8800,2,,
2025020071,קשה,0,לא עירוני לא בצומת,0,לא ידוע,,לא ידוע,לא ידוע,לא ידוע,שני,לילה,יום רגיל,3,5,0,6,,
2025020085,קשה,0,עירוני לא בצומת,1,עד 50,עד 5 מטר,אין ליקוי,בהיר,יבש,שישי,יום,יום רגיל,6,14,8000,2,,
2025020122,קשה,0,לא עירוני לא בצומת,0,60,10.5 עד 14 מטר,אין ליקוי,בהיר,יבש,ראשון,יום,יום רגיל,9,14,0,4,,
2025020127,קלה,0,עירוני בצומת,1,עד 50,,אין ליקוי,בהיר,יבש,שלישי,יום,יום רגיל,4,10,8000,2,,
2025020128,קלה,0,עירוני בצומת,1,עד 50,5 עד 7 מטר,אין ליקוי,בהיר,יבש,שישי,יום,יום רגיל,5,15,175,4,,
2025020133,קלה,0,לא עירוני בצומת,0,עד 50,5 עד 7 מטר,אין ליקוי,בהיר,יבש,שלישי,יום,יום רגיל,3,8,0,4,,
2025020155,קטלנית,1,לא עירוני לא בצומת,0,90,10.5 עד 14 מטר,אין ליקוי,בהיר,יבש,שישי,לילה,יום רגיל,2,19,0,4,,
2025020157,קשה,0,עירוני בצומת,1,עד 50,יותר מ-14 מטר,אין ליקוי,בהיר,יבש,שני,לילה,יום רגיל,3,20,70,6,,
2025020169,קשה,0,לא עירוני בצומת,0,90,7 עד 10.5 מטר,אין ליקוי,בהיר,יבש,שישי,לילה,יום רגיל,9,1,0,6,,
2025020179,קשה,0,לא עירוני בצומת,0,80,7 עד 10.5 מטר,אין ליקוי,בהיר,יבש,שני,יום,יום רגיל,1,15,0,6,,
2025020209,קשה,0,עירוני בצומת,1,עד 50,5 עד 7 מטר,אין ליקוי,בהיר,יבש,שני,יום,יום רגיל,3,9,3000,1,,
2025020210,קטלנית,1,לא עירוני לא בצומת,0,80,7 עד 10.5 מטר,אין ליקוי,בהיר,יבש,ראשון,יום,יום רגיל,7,14,0,1,,
2025020215,קשה,0,לא עירוני לא בצומת,0,עד 50,7 עד 10.5 מטר,אין ליקוי,בהיר,יבש,חמישי,לילה,יום רגיל,1,17,0,2,,
2025020221,קשה,0,עירוני לא בצומת,1,לא ידוע,,לא ידוע,לא ידוע,לא ידוע,שלישי,יום,יום רגיל,1,7,502,2,,
2025020228,קלה,0,עירוני בצומת,1,עד 50,10.5 עד 14 מטר,אין ליקוי,בהיר,יבש,שלישי,יום,יום רגיל,5,12,6900,4,,
2025020239,קלה,0,עירוני בצומת,1,עד 50,,אין ליקוי,בהיר,יבש,שני,לילה,יום רגיל,10,23,7600,2,,
2025020260,קשה,0,עירוני לא בצומת,1,עד 50,5 עד 7 מטר,אין ליקוי,בהיר,יבש,רביעי,יום,יום רגיל,3,9,5000,5,,
2025020266,קלה,0,לא עירוני בצומת,0,עד 50,10.5 עד 14 מטר,אין ליקוי,בהיר,יבש,שני,יום,יום רגיל,4,6,0,5,,
2025020267,קלה,0,לא עירוני לא בצומת,0,80,5 עד 7 מטר,אין ליקוי,בהיר,יבש,שבת,לילה,יום רגיל,6,2,0,2,,
2025020270,קשה,0,עירוני לא בצומת,1,70,7 עד 10.5 מטר,אין ליקוי,לא ידוע,יבש,חמישי,יום,יום רגיל,7,11,3000,1,,
2025020279,קשה,0,לא עירוני בצומת,0,60,10.5 עד 14 מטר,אין ליקוי,בהיר,יבש,רביעי,לילה,יום רגיל,9,22,0,4,,
2025020286,קלה,0,לא עירוני בצומת,0,90,,אין ליקוי,בהיר,יבש,שבת,יום,יום רגיל,1,9,0,3,,
2025020293,קלה,0,עירוני לא בצומת,1,עד 50,,אין ליקוי,בהיר,יבש,שני,יום,יום רגיל,8,7,5000,5,,
2025020322,קלה,0,לא עירוני לא בצומת,0,80,7 עד 10.5 מטר,אין ליקוי,בהיר,יבש,שבת,לילה,יום רגיל,6,22,0,6,,
2025020338,קלה,0,עירוני בצומת,1,עד 50,5 עד 7 מטר,אין ליקוי,בהיר,יבש,שני,לילה,יום רגיל,9,2,5000,5,,
2025020352,קלה,0,לא עירוני בצומת,0,80,10.5 עד 14 מטר,אין ליקוי,בהיר,יבש,שבת,לילה,יום רגיל,6,22,0,4,,
2025020362,קלה,0,לא עירוני לא בצומת,0,עד 50,5 עד 7 מטר,אין ליקוי,בהיר,יבש,ראשון,יום,יום רגיל,6,12,0,1,,
2025020367,קלה,0,עירוני בצומת,1,עד 50,10.5 עד 14 מטר,אין ליקוי,בהיר,יבש,חמישי,לילה,יום רגיל,10,22,4000,3,,
2025020388,קלה,0,עירוני בצומת,1,לא ידוע,,לא ידוע,לא ידוע,לא ידוע,חמישי,יום,יום רגיל,11,15,1139,2,,
2025020397,קלה,0,לא עירוני בצומת,0,70,7 עד 10.5 מטר,אין ליקוי,בהיר,יבש,שלישי,יום,יום רגיל,5,16,0,4,,
2025020411,קטלנית,1,לא עירוני לא בצומת,0,,7 עד 10.5 מטר,אין ליקוי,בהיר,יבש,שישי,לילה,יום רגיל,7,19,0,4,,
2025020433,קלה,0,לא עירוני לא בצומת,0,60,7 עד 10.5 מטר,אין ליקוי,בהיר,יבש,שלישי,יום,יום רגיל,3,14,0,4,,
2025020447,קטלנית,1,לא עירוני בצומת,0,עד 50,10.5 עד 14 מטר,אין ליקוי,בהיר,יבש,ראשון,יום,יום רגיל,12,16,0,2,,
2025020452,קלה,0,עירוני בצומת,1,עד 50,7 עד 10.5 מטר,אין ליקוי,בהיר,יבש,חמישי,לילה,חול המועד,4,0,246,6,,
2025020459,קשה,0,עירוני בצומת,1,לא ידוע,,לא ידוע,לא ידוע,לא ידוע,שבת,לילה,יום רגיל,7,3,5000,5,,
2025020460,קלה,0,לא עירוני בצומת,0,עד 50,5 עד 7 מטר,אין ליקוי,בהיר,יבש,שלישי,יום,יום רגיל,7,18,0,4,,
2025020468,קלה,0,לא עירוני בצומת,0,80,יותר מ-14 מטר,אין ליקוי,בהיר,יבש,חמישי,לילה,יום רגיל,11,17,0,4,,
2025020490,קלה,0,עירוני בצומת,1,עד 50,5 עד 7 מטר,אין ליקוי,בהיר,יבש,שישי,יום,ערב חג,4,15,4000,3,,
2025020523,קשה,0,עירוני לא בצומת,1,לא ידוע,,לא ידוע,לא ידוע,לא ידוע,רביעי,יום,יום רגיל,10,16,326,4,,
2025020528,קשה,0,עירוני בצומת,1,עד 50,,אין ליקוי,בהיר,יבש,חמישי,יום,יום רגיל,11,9,6300,5,,
2025020538,קלה,0,לא עירוני לא בצומת,0,90,יותר מ-14 מטר,אין ליקוי,בהיר,יבש,שלישי,לילה,יום רגיל,4,20,0,4,,
2025020543,קלה,0,לא עירוני בצומת,0,80,עד 5 מטר,אין ליקוי,בהיר,יבש,רביעי,יום,יום רגיל,6,13,0,7,,
2025020546,קלה,0,עירוני לא בצומת,1,עד 50,7 עד 10.5 מטר,אין ליקוי,בהיר,יבש,ראשון,יום,יום רגיל,7,16,4000,3,,
2025020555,קלה,0,עירוני בצומת,1,עד 50,5 עד 7 מטר,אין ליקוי,בהיר,יבש,שישי,יום,יום רגיל,2,16,7900,4,,
2025020568,קלה,0,עירוני לא בצומת,1,עד 50,5 עד 7 מטר,אין ליקוי,בהיר,יבש,שני,יום,יום רגיל,9,8,7400,4,,
2025020573,קשה,0,לא עירוני בצומת,0,לא ידוע,,לא ידוע,לא ידוע,לא ידוע,שני,לילה,יום רגיל,2,5,0,5,,
2025020588,קלה,0,לא עירוני בצומת,0,70,,אין ליקוי,בהיר,יבש,שלישי,יום,יום רגיל,6,17,0,4,,
2025020591,קלה,0,עירוני לא בצומת,1,60,5 עד 7 מטר,אין ליקוי,בהיר,יבש,שבת,יום,יום רגיל,9,11,70,6,,
2025020599,קשה,0,עירוני לא בצומת,1,70,יותר מ-14 מטר,אין ליקוי,בהיר,יבש,חמישי,לילה,יום רגיל,2,19,70,6,,
2025020605,קלה,0,לא עירוני בצומת,0,80,יותר מ-14 מטר,אין ליקוי,בהיר,יבש,שני,יום,יום רגיל,7,19,0,2,,
2025020619,קטלנית,1,עירוני לא בצומת,1,עד 50,5 עד 7 מטר,כביש משובש,בהיר,חול או חצץ על הכביש,ראשון,יום,יום רגיל,11,10,525,2,,
2025020654,קשה,0,עירוני לא בצומת,1,60,,אין ליקוי,בהיר,יבש,שישי,יום,יום רגיל,5,18,5000,5,,
2025020686,קלה,0,לא עירוני לא בצומת,0,110,יותר מ-14 מטר,אין ליקוי,בהיר,יבש,חמישי,לילה,יום רגיל,9,23,0,4,,
2025020688,קלה,0,עירוני בצומת,1,עד 50,יותר מ-14 מטר,אין ליקוי,בהיר,יבש,שישי,יום,יום רגיל,6,17,6900,4,,
2025020691,קלה,0,עירוני בצומת,1,עד 50,7 עד 10.5 מטר,אין ליקוי,בהיר,יבש,ראשון,יום,יום רגיל,9,14,494,3,,
2025020711,קלה,0,עירוני בצומת,1,לא ידוע,,לא ידוע,לא ידוע,לא ידוע,שני,יום,יום רגיל,12,9,6400,5,,
2025020719,קשה,0,עירוני לא בצומת,1,לא ידוע,,לא ידוע,לא ידוע,לא ידוע,חמישי,יום,יום רגיל,1,14,3000,1,,
2025020739,קשה,0,לא עירוני לא בצומת,0,90,7 עד 10.5 מטר,אין ליקוי,בהיר,יבש,חמישי,לילה,יום רגיל,11,5,0,4,,
2025020761,קשה,0,עירוני בצומת,1,80,,אין ליקוי,גשום,יבש,שישי,לילה,יום רגיל,11,21,2730,4,,
2025020763,קלה,0,לא עירוני בצומת,0,90,10.5 עד 14 מטר,אין ליקוי,בהיר,יבש,שבת,לילה,יום רגיל,1,23,0,4,,
2025020766,קשה,0,לא עירוני לא בצומת,0,80,7 עד 10.5 מטר,אין ליקוי,גשום,רטוב ממים,רביעי,יום,יום רגיל,2,16,0,3,,
2025020777,קלה,0,עירוני בצומת,1,עד 50,5 עד 7 מטר,אין ליקוי,בהיר,יבש,ראשון,לילה,יום רגיל,3,21,7900,4,,
2025020779,קשה,0,עירוני לא בצומת,1,לא ידוע,,לא ידוע,לא ידוע,לא ידוע,שלישי,יום,יום רגיל,2,8,7000,4,,
2025020821,קלה,0,עירוני לא בצומת,1,עד 50,,אין ליקוי,בהיר,יבש,חמישי,יום,יום רגיל,5,16,6100,5,,
2025020839,קשה,0,עירוני לא בצומת,1,עד 50,5 עד 7 מטר,אין ליקוי,בהיר,יבש,ראשון,יום,יום רגיל,9,13,5000,5,,
2025020847,קלה,0,לא עירוני לא בצומת,0,70,יותר מ-14 מטר,אין ליקוי,בהיר,יבש,ראשון,לילה,יום רגיל,7,0,0,5,,
2025020848,קלה,0,עירוני בצומת,1,עד 50,10.5 עד 14 מטר,אין ליקוי,בהיר,יבש,שישי,יום,יום רגיל,6,12,5000,5,,
2025020859,קטלנית,1,לא עירוני בצומת,0,עד 50,7 עד 10.5 מטר,אין ליקוי,בהיר,יבש,ראשון,לילה,יום רגיל,1,19,0,4,,
2025020862,קלה,0,עירוני לא בצומת,1,עד 50,יותר מ-14 מטר,אין ליקוי,בהיר,יבש,ראשון,יום,יום רגיל,11,11,7900,4,,
2025020876,קשה,0,עירוני בצומת,1,עד 50,,אין ליקוי,בהיר,יבש,רביעי,לילה,יום רגיל,5,0,5000,5,,
2025020879,קלה,0,לא עירוני בצומת,0,עד 50,10.5 עד 14 מטר,אין ליקוי,בהיר,יבש,ראשון,יום,יום רגיל,5,6,0,3,,
2025020897,קלה,0,עירוני לא בצומת,1,לא ידוע,,לא ידוע,לא ידוע,לא ידוע,שלישי,יום,יום רגיל,1,9,9500,3,,
2025020911,קלה,0,לא עירוני בצומת,0,80,5 עד 7 מטר,אין ליקוי,בהיר,יבש,שישי,יום,יום רגיל,10,7,0,7,,
2025020915,קשה,0,עירוני בצומת,1,עד 50,,אין ליקוי,לא ידוע,יבש,חמישי,יום,יום רגיל,3,11,6200,5,,
2025020926,קלה,0,עירוני לא בצומת,1,עד 50,10.5 עד 14 מטר,אין ליקוי,בהיר,יבש,שבת,יום,ערב חג,4,12,5000,5,,
2025020939,קטלנית,1,לא עירוני בצומת,0,90,7 עד 10.5 מטר,אין ליקוי,בהיר,יבש,שני,יום,יום רגיל,9,16,0,3,,
2025020941,קלה,0,עירוני בצומת,1,עד 50,7 עד 10.5 מטר,אין ליקוי,בהיר,יבש,שלישי,יום,יום רגיל,6,15,7900,4,,
2025020970,קשה,0,עירוני בצומת,1,עד 50,5 עד 7 מטר,אין ליקוי,בהיר,יבש,חמישי,יום,יום רגיל,5,11,1020,3,,
2025020981,קשה,0,לא עירוני בצומת,0,לא ידוע,,לא ידוע,לא ידוע,לא ידוע,שני,יום,יום רגיל,11,7,0,4,,
2025020989,קשה,0,עירוני לא בצומת,1,עד 50,5 עד 7 מטר,אין ליקוי,בהיר,יבש,רביעי,יום,חג,9,10,6100,5,,
2025020996,קשה,0,עירוני בצומת,1,לא ידוע,,לא ידוע,לא ידוע,לא ידוע,שלישי,יום,יום רגיל,9,8,5000,5,,
2025021028,קלה,0,לא עירוני בצומת,0,90,10.5 עד 14 מטר,אין ליקוי,בהיר,יבש,חמישי,יום,יום רגיל,12,13,0,4,,
2025021042,קלה,0,עירוני בצומת,1,60,10.5 עד 14 מטר,אין ליקוי,בהיר,יבש,רביעי,יום,יום רגיל,1,12,7400,4,,
2025021043,קלה,0,לא עירוני בצומת,0,90,7 עד 10.5 מטר,אין ליקוי,בהיר,יבש,ראשון,יום,יום רגיל,3,9,0,6,,
2025021066,קלה,0,עירוני בצומת,1,עד 50,5 עד 7 מטר,אין ליקוי,בהיר,יבש,ראשון,יום,יום רגיל,3,10,4000,3,,
2025021079,קלה,0,עירוני בצומת,1,עד 50,,אין ליקוי,בהיר,יבש,רביעי,יום,יום רגיל,10,11,2620,5,,
2025021081,קלה,0,עירוני לא בצומת,1,עד 50,,אין ליקוי,בהיר,יבש,חמישי,יום,יום רגיל,9,8,6300,5,,
2025021099,קלה,0,עירוני בצומת,1,לא ידוע,,לא ידוע,לא ידוע,לא ידוע,שלישי,לילה,יום רגיל,11,23,9700,4,,
2025021112,קשה,0,עירוני לא בצומת,1,עד 50,5 עד 7 מטר,אין ליקוי,בהיר,יבש,שלישי,יום,יום רגיל,3,14,4000,3,,
2025021160,קלה,0,עירוני לא בצומת,1,עד 50,,אין ליקוי,בהיר,יבש,שני,יום,יום רגיל,5,10,6200,5,,
2025021169,קלה,0,לא עירוני לא בצומת,0,80,7 עד 10.5 מטר,אין ליקוי,בהיר,יבש,חמישי,יום,יום רגיל,1,9,0,3,,
2025021184,קשה,0,עירוני לא בצומת,1,עד 50,7 עד 10.5 מטר,אין ליקוי,בהיר,יבש,רביעי,יום,יום רגיל,10,9,523,2,,
2025021187,קלה,0,לא עירוני לא בצומת,0,70,7 עד 10.5 מטר,אין ליקוי,בהיר,יבש,שלישי,לילה,יום רגיל,11,16,0,2,,
2025021197,קשה,0,לא עירוני לא בצומת,0,80,7 עד 10.5 מטר,אין ליקוי,בהיר,יבש,שלישי,יום,חול המועד,4,15,0,2,,
2025021221,קשה,0,עירוני לא בצומת,1,עד 50,7 עד 10.5 מטר,אין ליקוי,בהיר,יבש,שבת,לילה,יום רגיל,1,20,3000,1,,
2025021222,קלה,0,עירוני בצומת,1,עד 50,,אין ליקוי,גשום,יבש,רביעי,לילה,יום רגיל,8,20,5000,5,,
2025021224,קטלנית,1,עירוני בצומת,1,70,10.5 עד 14 מטר,אין ליקוי,בהיר,יבש,שלישי,יום,יום רגיל,2,6,4000,3,,
2025021240,קשה,0,לא עירוני בצומת,0,עד 50,7 עד 10.5 מטר,אין ליקוי,בהיר,יבש,שישי,לילה,חג,3,19,0,1,,
2025021265,קלה,0,לא עירוני בצומת,0,עד 50,,לא ידוע,בהיר,יבש,שלישי,יום,יום רגיל,5,8,0,5,,
2025021266,קלה,0,לא עירוני לא בצומת,0,לא ידוע,,לא ידוע,לא ידוע,לא ידוע,שלישי,לילה,יום רגיל,12,18,0,4,,
2025021275,קלה,0,עירוני בצומת,1,עד 50,5 עד 7 מטר,אין ליקוי,בהיר,יבש,שישי,לילה,יום רגיל,11,18,7100,6,,
2025021283,קטלנית,1,עירוני לא בצומת,1,עד 50,10.5 עד 14 מטר,אין ליקוי,בהיר,יבש,שלישי,לילה,יום רגיל,3,23,7300,2,,
2025021287,קשה,0,עירוני לא בצומת,1,לא ידוע,,לא ידוע,לא ידוע,לא ידוע,שלישי,יום,יום רגיל,9,15,8400,4,,
2025021293,קלה,0,עירוני בצומת,1,עד 50,5 עד 7 מטר,אין ליקוי,בהיר,יבש,שלישי,יום,יום רגיל,5,13,6100,5,,
2025021310,קלה,0,לא עירוני לא בצומת,0,100,יותר מ-14 מטר,אין ליקוי,בהיר,יבש,שישי,לילה,יום רגיל,4,0,0,2,,
2025021313,קשה,0,עירוני לא בצומת,1,עד 50,5 עד 7 מטר,אין ליקוי,בהיר,יבש,שלישי,לילה,יום רגיל,10,18,46,2,,
2025021329,קלה,0,עירוני לא בצומת,1,עד 50,5 עד 7 מטר,אין ליקוי,בהיר,יבש,שלישי,יום,יום רגיל,1,8,7400,4,,
2025021333,קשה,0,לא עירוני לא בצומת,0,עד 50,5 עד 7 מטר,אין ליקוי,בהיר,יבש,חמישי,יום,יום רגיל,9,13,0,2,,
2025021340,קלה,0,לא עירוני בצומת,0,90,,אין ליקוי,לא ידוע,יבש,שישי,יום,יום רגיל,2,8,0,6,,
2025021355,קלה,0,עירוני בצומת,1,60,7 עד 10.5 מטר,אין ליקוי,בהיר,יבש,ראשון,לילה,חג,4,20,3000,1,,
2025021376,קשה,0,עירוני לא בצומת,1,לא ידוע,,לא ידוע,לא ידוע,לא ידוע,חמישי,יום,יום רגיל,5,8,1063,2,,
2025021386,קטלנית,1,לא עירוני בצומת,0,70,7 עד 10.5 מטר,אין ליקוי,בהיר,יבש,רביעי,לילה,יום רגיל,2,5,0,3,,
2025021390,קלה,0,עירוני בצומת,1,עד 50,5 עד 7 מטר,אין ליקוי,בהיר,יבש,שלישי,לילה,יום רגיל,1,18,70,6,,
2025021395,קלה,0,עירוני לא בצומת,1,עד 50,5 עד 7 מטר,אין ליקוי,בהיר,יבש,ראשון,יום,חול המועד,10,7,7000,4,,
2025021402,קלה,0,עירוני לא בצומת,1,עד 50,5 עד 7 מטר,אין ליקוי,בהיר,יבש,שני,יום,יום רגיל,9,10,4000,3,,
2025021409,קלה,0,עירוני בצומת,1,עד 50,5 עד 7 מטר,אין ליקוי,בהיר,יבש,רביעי,יום,יום רגיל,7,10,8200,3,,
2025021411,קשה,0,עירוני לא בצומת,1,לא ידוע,,לא ידוע,לא ידוע,לא ידוע,חמישי,יום,יום רגיל,12,8,6100,5,,
2025021428,קלה,0,לא עירוני בצומת,0,80,,אין ליקוי,בהיר,יבש,רביעי,יום,יום רגיל,2,10,0,5,,
2025021430,קשה,0,לא עירוני לא בצומת,0,לא ידוע,,לא ידוע,לא ידוע,לא ידוע,רביעי,יום,יום רגיל,2,14,0,7,,
2025021434,קלה,0,לא עירוני לא בצומת,0,80,5 עד 7 מטר,אין ליקוי,בהיר,יבש,שישי,לילה,יום רגיל,9,22,0,4,,
2025021449,קשה,0,עירוני לא בצומת,1,עד 50,5 עד 7 מטר,אין ליקוי,בהיר,יבש,ראשון,יום,יום רגיל,5,10,6100,5,,
2025021458,קלה,0,עירוני בצומת,1,לא ידוע,,לא ידוע,לא ידוע,לא ידוע,חמישי,יום,יום רגיל,9,18,8500,4,,
2025021459,קלה,0,עירוני בצומת,1,עד 50,7 עד 10.5 מטר,אין ליקוי,בהיר,יבש,שלישי,יום,יום רגיל,12,8,7100,6,,
2025021463,קלה,0,עירוני לא בצומת,1,עד 50,5 עד 7 מטר,אין ליקוי,בהיר,יבש,ראשון,יום,יום רגיל,1,15,638,4,,
2025021481,קלה,0,עירוני לא בצומת,1,עד 50,7 עד 10.5 מטר,אין ליקוי,בהיר,יבש,שני,יום,יום רגיל,6,13,4000,3,,
2025021483,קלה,0,עירוני בצומת,1,עד 50,7 עד 10.5 מטר,אין ליקוי,בהיר,יבש,שני,לילה,יום רגיל,4,0,1309,4,,
2025021488,קשה,0,לא עירוני לא בצומת,0,לא ידוע,,לא ידוע,לא ידוע,לא ידוע,שבת,יום,יום רגיל,9,11,0,1,,
2025021506,קשה,0,לא עירוני בצומת,0,90,7 עד 10.5 מטר,אין ליקוי,בהיר,יבש,שלישי,יום,יום רגיל,5,17,0,4,,
2025021507,קלה,0,עירוני לא בצומת,1,לא ידוע,עד 5 מטר,אין ליקוי,בהיר,יבש,רביעי,יום,יום רגיל,8,9,72,3,,
2025021513,קלה,0,עירוני בצומת,1,עד 50,5 עד 7 מטר,לא ידוע,בהיר,יבש,רביעי,יום,יום רגיל,6,18,3000,1,,
2025021518,קלה,0,עירוני לא בצומת,1,עד 50,5 עד 7 מטר,אין ליקוי,בהיר,יבש,חמישי,לילה,יום רגיל,1,17,5000,5,,
2025021523,קלה,0,לא עירוני לא בצומת,0,90,יותר מ-14 מטר,אין ליקוי,בהיר,יבש,חמישי,יום,חול המועד,4,8,0,4,,
2025021550,קשה,0,עירוני לא בצומת,1,עד 50,5 עד 7 מטר,אין ליקוי,בהיר,יבש,שישי,יום,יום רגיל,1,12,4000,3,,
2025021553,קשה,0,עירוני בצומת,1,עד 50,7 עד 10.5 מטר,אין ליקוי,בהיר,יבש,שלישי,יום,יום רגיל,12,8,7900,4,,
2025021577,קשה,0,עירוני לא בצומת,1,לא ידוע,,לא ידוע,לא ידוע,לא ידוע,שלישי,יום,יום רגיל,10,8,8300,4,,
2025021593,קלה,0,עירוני בצומת,1,עד 50,7 עד 10.5 מטר,אין ליקוי,בהיר,יבש,שני,יום,יום רגיל,8,9,31,6,,
2025021598,קשה,0,עירוני לא בצומת,1,לא ידוע,,לא ידוע,לא ידוע,לא ידוע,שני,יום,יום רגיל,12,11,3730,7,,
2025021637,קשה,0,לא עירוני לא בצומת,0,לא ידוע,,לא ידוע,לא ידוע,לא ידוע,שלישי,יום,יום רגיל,7,18,0,6,,
2025021640,קלה,0,עירוני בצומת,1,70,7 עד 10.5 מטר,אין ליקוי,בהיר,יבש,חמישי,יום,יום רגיל,3,6,5000,5,,
2025021641,קלה,0,עירוני לא בצומת,1,עד 50,10.5 עד 14 מטר,אין ליקוי,בהיר,יבש,ראשון,יום,יום רגיל,7,15,8300,4,,
2025021673,קלה,0,עירוני בצומת,1,עד 50,5 עד 7 מטר,אין ליקוי,בהיר,יבש,שבת,יום,יום רגיל,3,14,4000,3,,
2025021675,קשה,0,עירוני לא בצומת,1,עד 50,7 עד 10.5 מטר,אין ליקוי,בהיר,יבש,שלישי,יום,יום רגיל,8,10,70,6,,
2025021679,קלה,0,עירוני לא בצומת,1,עד 50,7 עד 10.5 מטר,אין ליקוי,בהיר,יבש,שישי,יום,יום רגיל,8,16,2660,4,,
2025021688,קלה,0,עירוני לא בצומת,1,עד 50,עד 5 מטר,אין ליקוי,בהיר,יבש,ראשון,לילה,יום רגיל,11,21,2800,2,,
2025021704,קלה,0,לא עירוני בצומת,0,80,7 עד 10.5 מטר,אין ליקוי,בהיר,יבש,שני,לילה,יום רגיל,9,5,0,2,,
2025021711,קשה,0,עירוני לא בצומת,1,לא ידוע,,לא ידוע,לא ידוע,לא ידוע,ראשון,לילה,יום רגיל,7,4,1292,2,,
2025021721,קלה,0,לא עירוני לא בצומת,0,90,10.5 עד 14 מטר,אין ליקוי,בהיר,יבש,שישי,לילה,יום רגיל,5,2,0,5,,
2025021735,קלה,0,לא עירוני בצומת,0,עד 50,,אין ליקוי,אחר,לא ידוע,חמישי,לילה,יום רגיל,11,22,0,5,,
2025021753,קלה,0,לא עירוני בצומת,0,70,יותר מ-14 מטר,אין ליקוי,בהיר,יבש,חמישי,לילה,יום רגיל,11,21,0,2,,
2025021765,קלה,0,לא עירוני לא בצומת,0,עד 50,5 עד 7 מטר,אין ליקוי,בהיר,יבש,שני,יום,יום רגיל,11,12,0,4,,
2025021766,קלה,0,עירוני בצומת,1,עד 50,7 עד 10.5 מטר,אין ליקוי,בהיר,יבש,שני,יום,יום רגיל,5,12,2630,6,,
2025021771,קשה,0,עירוני לא בצומת,1,עד 50,יותר מ-14 מטר,אין ליקוי,בהיר,יבש,ראשון,לילה,יום רגיל,12,20,7400,4,,
2025021791,קלה,0,עירוני לא בצומת,1,עד 50,10.5 עד 14 מטר,אין ליקוי,בהיר,יבש,ראשון,יום,יום רגיל,5,15,5000,5,,
2025021813,קלה,0,לא עירוני בצומת,0,80,10.5 עד 14 מטר,אין ליקוי,אחר,יבש,חמישי,יום,יום רגיל,1,7,0,3,,
2025021823,קלה,0,עירוני לא בצומת,1,עד 50,5 עד 7 מטר,לא ידוע,בהיר,יבש,שבת,לילה,יום רגיל,5,23,6600,5,,
2025021837,קשה,0,לא עירוני לא בצומת,0,100,10.5 עד 14 מטר,אין ליקוי,בהיר,יבש,רביעי,לילה,יום רגיל,3,22,0,5,,
2025021844,קשה,0,לא עירוני בצומת,0,80,5 עד 7 מטר,אין ליקוי,בהיר,יבש,שישי,לילה,יום רגיל,10,18,0,4,,
2025021884,קלה,0,עירוני לא בצומת,1,לא ידוע,,לא ידוע,לא ידוע,לא ידוע,שלישי,יום,יום רגיל,10,13,7900,4,,
2025021896,קלה,0,עירוני לא בצומת,1,עד 50,5 עד 7 מטר,אין ליקוי,בהיר,יבש,שני,יום,יום רגיל,4,10,9700,4,,
2025021945,קלה,0,עירוני לא בצומת,1,עד 50,7 עד 10.5 מטר,אין ליקוי,בהיר,יבש,ראשון,לילה,יום רגיל,8,20,5000,5,,
2025021946,קלה,0,לא עירוני בצומת,0,70,10.5 עד 14 מטר,אין ליקוי,בהיר,יבש,שבת,יום,יום רגיל,10,11,0,3,,
2025021981,קשה,0,עירוני לא בצומת,1,עד 50,5 עד 7 מטר,אין ליקוי,בהיר,יבש,שלישי,יום,יום רגיל,12,15,2600,6,,
2025021985,קלה,0,עירוני בצומת,1,עד 50,5 עד 7 מטר,אין ליקוי,בהיר,יבש,שלישי,יום,יום רגיל,10,13,246,6,,
2025022048,קלה,0,עירוני בצומת,1,עד 50,7 עד 10.5 מטר,אין ליקוי,בהיר,יבש,שישי,יום,יום רגיל,2,13,5000,5,,
2025022063,קשה,0,לא עירוני בצומת,0,לא ידוע,,לא ידוע,לא ידוע,לא ידוע,ראשון,יום,יום רגיל,5,8,0,6,,
2025022065,קטלנית,1,עירוני בצומת,1,עד 50,5 עד 7 מטר,אין ליקוי,בהיר,יבש,רביעי,לילה,יום רגיל,3,0,5000,5,,
2025022071,קלה,0,לא עירוני בצומת,0,עד 50,5 עד 7 מטר,אין ליקוי,בהיר,יבש,שלישי,יום,יום רגיל,5,17,0,4,,
2025022087,קלה,0,לא עירוני לא בצומת,0,לא ידוע,,לא ידוע,לא ידוע,לא ידוע,שלישי,יום,יום רגיל,3,15,0,4,,
2025022092,קלה,0,עירוני בצומת,1,עד 50,5 עד 7 מטר,אין ליקוי,בהיר,יבש,חמישי,יום,חול המועד,4,13,8700,4,,
2025022098,קשה,0,לא עירוני בצומת,0,לא ידוע,,לא ידוע,לא ידוע,לא ידוע,שני,יום,יום רגיל,9,7,0,3,,
2025022123,קשה,0,לא עירוני בצומת,0,לא ידוע,,לא ידוע,לא ידוע,לא ידוע,רביעי,יום,יום רגיל,1,16,0,5,,
2025022124,קשה,0,עירוני לא בצומת,1,עד 50,5 עד 7 מטר,אין ליקוי,בהיר,יבש,חמישי,יום,יום רגיל,7,6,4000,3,,
2025022134,קלה,0,עירוני בצומת,1,עד 50,7 עד 10.5 מטר,אין ליקוי,בהיר,יבש,חמישי,יום,יום רגיל,8,14,2600,6,,
2025022136,קשה,0,עירוני בצומת,1,60,10.5 עד 14 מטר,אין ליקוי,בהיר,יבש,שני,יום,יום רגיל,4,13,7900,4,,
2025022152,קלה,0,לא עירוני לא בצומת,0,עד 50,5 עד 7 מטר,אין ליקוי,בהיר,יבש,שבת,יום,יום רגיל,5,12,0,4,,
2025022159,קלה,0,עירוני בצומת,1,עד 50,7 עד 10.5 מטר,אין ליקוי,לא ידוע,לא ידוע,שלישי,יום,יום רגיל,3,8,2630,6,,
2025022161,קלה,0,לא עירוני בצומת,0,עד 50,5 עד 7 מטר,אין ליקוי,בהיר,יבש,ראשון,יום,יום רגיל,4,7,0,3,,
2025022172,קלה,0,עירוני לא בצומת,1,עד 50,5 עד 7 מטר,אין ליקוי,בהיר,יבש,חמישי,יום,יום רגיל,1,10,9700,4,,
2025022199,קלה,0,עירוני לא בצומת,1,עד 50,5 עד 7 מטר,אין ליקוי,בהיר,יבש,שלישי,יום,יום רגיל,12,13,6600,5,,
2025022206,קלה,0,עירוני לא בצומת,1,עד 50,,אין ליקוי,בהיר,יבש,רביעי,יום,יום רגיל,6,16,5000,5,,
2025022217,קלה,0,עירוני לא בצומת,1,עד 50,7 עד 10.5 מטר,אין ליקוי,בהיר,יבש,שני,לילה,יום רגיל,8,23,1309,4,,
2025022234,קטלנית,1,לא עירוני בצומת,0,80,,לא ידוע,בהיר,יבש,רביעי,לילה,יום רגיל,11,5,0,7,,
2025022242,קשה,0,עירוני לא בצומת,1,לא ידוע,,לא ידוע,לא ידוע,לא ידוע,שישי,יום,יום רגיל,5,13,70,6,,
2025022281,קשה,0,לא עירוני בצומת,0,לא ידוע,,לא ידוע,לא ידוע,לא ידוע,שבת,לילה,יום רגיל,10,6,0,2,,
2025022330,קשה,0,לא עירוני לא בצומת,0,לא ידוע,,לא ידוע,לא ידוע,לא ידוע,שלישי,יום,יום רגיל,5,9,0,7,,
2025022334,קשה,0,עירוני בצומת,1,לא ידוע,5 עד 7 מטר,אין ליקוי,בהיר,יבש,שני,יום,יום רגיל,8,13,5000,5,,
2025022344,קשה,0,לא עירוני בצומת,0,90,7 עד 10.5 מטר,אין ליקוי,בהיר,יבש,שישי,לילה,יום רגיל,4,19,0,6,,
2025022349,קלה,0,עירוני לא בצומת,1,70,10.5 עד 14 מטר,אין ליקוי,לא ידוע,יבש,רביעי,יום,יום רגיל,1,7,70,6,,
2025022371,קלה,0,לא עירוני בצומת,0,90,7 עד 10.5 מטר,אין ליקוי,בהיר,יבש,שלישי,לילה,יום רגיל,12,20,0,5,,
2025022417,קשה,0,לא עירוני לא בצומת,0,עד 50,10.5 עד 14 מטר,אין ליקוי,בהיר,יבש,רביעי,לילה,יום רגיל,3,0,0,5,,
2025022420,קשה,0,לא עירוני לא בצומת,0,לא ידוע,,לא ידוע,לא ידוע,לא ידוע,שלישי,יום,יום רגיל,8,11,0,1,,
2025022425,קשה,0,עירוני בצומת,1,עד 50,5 עד 7 מטר,אין ליקוי,בהיר,יבש,חמישי,לילה,ערב חג,3,18,3000,1,,
2025022456,קלה,0,לא עירוני בצומת,0,90,יותר מ-14 מטר,אין ליקוי,בהיר,יבש,שישי,יום,יום רגיל,10,12,0,2,,
2025022470,קלה,0,עירוני לא בצומת,1,עד 50,7 עד 10.5 מטר,אין ליקוי,בהיר,יבש,שישי,יום,יום רגיל,4,18,7600,2,,
2025022479,קלה,0,עירוני לא בצומת,1,לא ידוע,,לא ידוע,לא ידוע,לא ידוע,ראשון,יום,יום רגיל,3,13,6200,5,,
2025022486,קלה,0,עירוני בצומת,1,עד 50,יותר מ-14 מטר,אין ליקוי,בהיר,רטוב ממים,חמישי,יום,חול המועד,10,9,70,6,,
2025022491,קלה,0,עירוני בצומת,1,עד 50,7 עד 10.5 מטר,אין ליקוי,בהיר,יבש,שבת,לילה,יום רגיל,11,1,31,6,,
2025022501,קטלנית,1,עירוני בצומת,1,עד 50,5 עד 7 מטר,אין ליקוי,בהיר,יבש,שלישי,יום,יום רגיל,9,9,1066,4,,
2025022511,קלה,0,עירוני בצומת,1,עד 50,,לא ידוע,בהיר,יבש,שלישי,יום,יום רגיל,7,16,7900,4,,
2025022526,קלה,0,לא עירוני בצומת,0,80,5 עד 7 מטר,אין ליקוי,בהיר,יבש,שני,יום,ערב חג,10,9,0,5,,
2025022541,קטלנית,1,לא עירוני לא בצומת,0,90,7 עד 10.5 מטר,אין ליקוי,לא ידוע,יבש,ראשון,לילה,יום רגיל,11,17,0,2,,
2025022603,קלה,0,עירוני בצומת,1,עד 50,5 עד 7 מטר,אין ליקוי,בהיר,יבש,ראשון,יום,יום רגיל,6,13,3780,7,,
2025022613,קשה,0,לא עירוני בצומת,0,לא ידוע,,לא ידוע,לא ידוע,לא ידוע,שני,יום,יום רגיל,3,15,0,5,,
2025022645,קלה,0,לא עירוני בצומת,0,90,7 עד 10.5 מטר,אין ליקוי,בהיר,יבש,שני,יום,יום רגיל,1,13,0,6,,
2025022647,קשה,0,לא עירוני בצומת,0,90,7 עד 10.5 מטר,אין ליקוי,בהיר,יבש,רביעי,יום,יום רגיל,6,14,0,6,,
2025022655,קלה,0,עירוני לא בצומת,1,60,5 עד 7 מטר,אין ליקוי,בהיר,יבש,ראשון,יום,יום רגיל,6,14,494,3,,
2025022695,קלה,0,עירוני בצומת,1,60,10.5 עד 14 מטר,אין ליקוי,בהיר,יבש,שישי,לילה,יום רגיל,10,19,2800,2,,
2025022698,קלה,0,לא עירוני לא בצומת,0,עד 50,,אין ליקוי,בהיר,יבש,ראשון,לילה,יום רגיל,6,22,0,7,,
2025022715,קלה,0,לא עירוני בצומת,0,80,7 עד 10.5 מטר,אין ליקוי,בהיר,יבש,חמישי,לילה,יום רגיל,4,21,0,7,,
2025022747,קלה,0,עירוני לא בצומת,1,עד 50,5 עד 7 מטר,אין ליקוי,בהיר,יבש,שני,יום,יום רגיל,3,8,1728,2,,
2025022769,קלה,0,עירוני בצומת,1,עד 50,10.5 עד 14 מטר,אין ליקוי,בהיר,יבש,שני,יום,יום רגיל,6,11,8200,3,,
2025022774,קלה,0,עירוני לא בצומת,1,עד 50,7 עד 10.5 מטר,אין ליקוי,בהיר,יבש,חמישי,יום,יום רגיל,10,17,7100,6,,
2025022788,קשה,0,לא עירוני לא בצומת,0,80,7 עד 10.5 מטר,אין ליקוי,בהיר,יבש,חמישי,לילה,יום רגיל,6,23,0,4,,
2025022798,קלה,0,עירוני לא בצומת,1,עד 50,,אין ליקוי,בהיר,יבש,ראשון,יום,יום רגיל,8,12,8400,4,,
2025022811,קשה,0,לא עירוני לא בצומת,0,לא ידוע,,לא ידוע,לא ידוע,לא ידוע,ראשון,יום,יום רגיל,5,15,0,2,,
2025022852,קלה,0,עירוני לא בצומת,1,עד 50,7 עד 10.5 מטר,אין ליקוי,בהיר,יבש,שישי,יום,יום רגיל,10,16,7500,2,,
2025022876,קלה,0,עירוני לא בצומת,1,עד 50,5 עד 7 מטר,אין ליקוי,בהיר,יבש,שלישי,יום,יום רגיל,3,11,3616,7,,
2025022882,קשה,0,עירוני בצומת,1,עד 50,5 עד 7 מטר,אין ליקוי,גשום,רטוב ממים,רביעי,לילה,יום רגיל,12,19,5000,5,,
2025022886,קשה,0,עירוני בצומת,1,90,5 עד 7 מטר,אין ליקוי,בהיר,יבש,רביעי,יום,יום רגיל,5,12,8400,4,,
2025022917,קלה,0,עירוני לא בצומת,1,60,5 עד 7 מטר,אין ליקוי,בהיר,יבש,ראשון,יום,יום רגיל,7,12,8300,4,,
2025022918,קלה,0,לא עירוני לא בצומת,0,70,5 עד 7 מטר,אין ליקוי,בהיר,יבש,רביעי,לילה,יום רגיל,9,2,0,5,,
2025022951,קשה,0,עירוני לא בצומת,1,לא ידוע,,לא ידוע,לא ידוע,לא ידוע,ראשון,יום,יום רגיל,6,14,8500,4,,
2025022986,קלה,0,עירוני בצומת,1,עד 50,יותר מ-14 מטר,אין ליקוי,בהיר,יבש,ראשון,יום,יום רגיל,9,18,7900,4,,
2025022988,קשה,0,לא עירוני בצומת,0,לא ידוע,,לא ידוע,לא ידוע,לא ידוע,שלישי,יום,יום רגיל,3,11,0,4,,
2025023006,קלה,0,לא עירוני בצומת,0,עד 50,7 עד 10.5 מטר,אין ליקוי,בהיר,יבש,שלישי,יום,יום רגיל,1,14,0,5,,
2025023027,קשה,0,עירוני בצומת,1,לא ידוע,,לא ידוע,לא ידוע,לא ידוע,ראשון,לילה,יום רגיל,5,0,5000,5,,
2025023032,קלה,0,עירוני בצומת,1,עד 50,עד 5 מטר,אין ליקוי,לא ידוע,רטוב ממים,שלישי,יום,יום רגיל,11,8,2640,4,,
2025023041,קשה,0,עירוני בצומת,1,עד 50,5 עד 7 מטר,אין ליקוי,בהיר,יבש,חמישי,לילה,חג,5,22,6600,5,,
2025023052,קלה,0,עירוני לא בצומת,1,עד 50,10.5 עד 14 מטר,אין ליקוי,בהיר,יבש,שבת,יום,יום רגיל,6,6,5000,5,,
2025023076,קלה,0,עירוני לא בצומת,1,עד 50,5 עד 7 מטר,אין ליקוי,בהיר,יבש,שלישי,לילה,יום רגיל,11,17,8500,4,,
2025023089,קלה,0,לא עירוני בצומת,0,90,,לא ידוע,בהיר,יבש,ראשון,יום,יום רגיל,7,9,0,3,,
2025023107,קשה,0,לא עירוני לא בצומת,0,100,10.5 עד 14 מטר,אין ליקוי,בהיר,יבש,רביעי,יום,יום רגיל,10,17,0,2,,
2025023109,קשה,0,עירוני לא בצומת,1,עד 50,,אין ליקוי,בהיר,יבש,חמישי,יום,יום רגיל,1,13,9000,6,,
2025023121,קלה,0,עירוני לא בצומת,1,עד 50,5 עד 7 מטר,אין ליקוי,בהיר,יבש,ראשון,יום,יום רגיל,12,14,9500,3,,
2025023122,קלה,0,עירוני בצומת,1,עד 50,7 עד 10.5 מטר,אין ליקוי,בהיר,יבש,רביעי,יום,יום רגיל,3,9,7400,4,,
2025023137,קשה,0,עירוני בצומת,1,עד 50,5 עד 7 מטר,אין ליקוי,בהיר,יבש,שלישי,יום,יום רגיל,9,11,2200,6,,
2025023154,קשה,0,עירוני לא בצומת,1,לא ידוע,,לא ידוע,לא ידוע,לא ידוע,רביעי,יום,יום רגיל,1,15,3780,7,,
2025023156,קשה,0,עירוני לא בצומת,1,לא ידוע,,לא ידוע,לא ידוע,לא ידוע,שני,יום,יום רגיל,11,8,5000,5,,
2025023168,קשה,0,עירוני בצומת,1,עד 50,10.5 עד 14 מטר,אין ליקוי,בהיר,יבש,רביעי,יום,ערב חג,4,11,4000,3,,
2025023173,קשה,0,עירוני לא בצומת,1,עד 50,5 עד 7 מטר,אין ליקוי,בהיר,יבש,רביעי,יום,יום רגיל,5,17,638,4,,
2025023199,קלה,0,עירוני בצומת,1,60,,אין ליקוי,בהיר,יבש,שני,לילה,יום רגיל,10,5,6600,5,,
2025023218,קשה,0,עירוני לא בצומת,1,לא ידוע,,לא ידוע,לא ידוע,לא ידוע,ראשון,יום,יום רגיל,2,16,8600,5,,
2025023219,קשה,0,עירוני בצומת,1,עד 50,יותר מ-14 מטר,אין ליקוי,בהיר,יבש,שני,יום,יום רגיל,5,12,7900,4,,
2025023226,קשה,0,עירוני לא בצומת,1,לא ידוע,,לא ידוע,לא ידוע,לא ידוע,ראשון,יום,יום רגיל,8,7,2660,4,,
2025023228,קשה,0,עירוני לא בצומת,1,לא ידוע,,לא ידוע,לא ידוע,לא ידוע,שלישי,לילה,יום רגיל,12,20,1286,6,,
2025023230,קלה,0,לא עירוני בצומת,0,90,5 עד 7 מטר,אין ליקוי,בהיר,יבש,חמישי,לילה,יום רגיל,9,0,0,3,,
2025023247,קלה,0,עירוני לא בצומת,1,עד 50,5 עד 7 מטר,אין ליקוי,בהיר,יבש,שישי,לילה,יום רגיל,8,20,4000,3,,
2025023249,קלה,0,עירוני לא בצומת,1,עד 50,7 עד 10.5 מטר,אין ליקוי,בהיר,יבש,רביעי,לילה,יום רגיל,11,18,7600,2,,
2025023264,קלה,0,עירוני בצומת,1,לא ידוע,,לא ידוע,לא ידוע,לא ידוע,שישי,יום,חול המועד,10,15,8600,5,,
2025023280,קלה,0,עירוני לא בצומת,1,עד 50,,אין ליקוי,בהיר,יבש,חמישי,לילה,יום רגיל,10,23,5000,5,,
2025023294,קלה,0,עירוני בצומת,1,עד 50,,אין ליקוי,בהיר,יבש,רביעי,לילה,יום רגיל,9,19,246,6,,
2025023316,קלה,0,לא עירוני בצומת,0,90,7 עד 10.5 מטר,אין ליקוי,בהיר,יבש,חמישי,יום,יום רגיל,1,11,0,6,,
2025023336,קלה,0,לא עירוני בצומת,0,עד 50,,לא ידוע,בהיר,חול או חצץ על הכביש,שלישי,יום,יום רגיל,5,10,0,2,,
2025023367,קלה,0,עירוני לא בצומת,1,עד 50,,אין ליקוי,בהיר,יבש,שישי,יום,יום רגיל,5,14,6700,2,,
2025023396,קלה,0,עירוני בצומת,1,עד 50,7 עד 10.5 מטר,אין ליקוי,בהיר,יבש,רביעי,לילה,יום רגיל,10,2,6500,3,,
2025023402,קלה,0,עירוני בצומת,1,עד 50,10.5 עד 14 מטר,אין ליקוי,בהיר,יבש,שישי,יום,יום רגיל,6,10,6200,5,,
2025023406,קשה,0,לא עירוני לא בצומת,0,לא ידוע,,לא ידוע,לא ידוע,לא ידוע,שני,יום,יום רגיל,3,13,0,2,,
2025023415,קלה,0,עירוני לא בצומת,1,עד 50,עד 5 מטר,אין ליקוי,גשום,רטוב ממים,רביעי,יום,יום רגיל,2,11,7600,2,,
2025023417,קלה,0,לא עירוני לא בצומת,0,80,10.5 עד 14 מטר,אין ליקוי,גשום,רטוב ממים,חמישי,לילה,יום רגיל,11,20,0,2,,
2025023422,קלה,0,עירוני בצומת,1,עד 50,7 עד 10.5 מטר,אין ליקוי,לא ידוע,יבש,שלישי,יום,יום רגיל,4,7,6100,5,,
2025023451,קשה,0,עירוני בצומת,1,לא ידוע,5 עד 7 מטר,אין ליקוי,בהיר,יבש,שישי,יום,יום רגיל,2,16,5000,5,,
2025023469,קלה,0,לא עירוני לא בצומת,0,עד 50,7 עד 10.5 מטר,אין ליקוי,בהיר,יבש,חמישי,לילה,חג,5,3,0,6,,
2025023473,קלה,0,עירוני לא בצומת,1,עד 50,עד 5 מטר,אין ליקוי,בהיר,יבש,שישי,יום,יום רגיל,8,10,5000,5,,
2025023494,קלה,0,לא עירוני בצומת,0,90,7 עד 10.5 מטר,אין ליקוי,בהיר,יבש,שישי,יום,יום רגיל,4,15,0,2,,
2025023496,קשה,0,עירוני לא בצומת,1,60,5 עד 7 מטר,אין ליקוי,בהיר,יבש,שני,יום,ערב חג,10,14,4000,3,,
2025023511,קלה,0,עירוני בצומת,1,עד 50,10.5 עד 14 מטר,אין ליקוי,בהיר,יבש,שישי,יום,יום רגיל,4,13,7900,4,,
2025023529,קלה,0,עירוני לא בצומת,1,80,10.5 עד 14 מטר,אין ליקוי,בהיר,יבש,שבת,יום,יום רגיל,3,7,7100,6,,
2025023547,קשה,0,עירוני לא בצומת,1,עד 50,5 עד 7 מטר,אין ליקוי,בהיר,יבש,שני,יום,יום רגיל,9,15,6200,5,,
2025023562,קשה,0,לא עירוני בצומת,0,60,7 עד 10.5 מטר,אין ליקוי,בהיר,יבש,חמישי,לילה,יום רגיל,8,6,0,4,,
2025023570,קלה,0,לא עירוני בצומת,0,לא ידוע,,לא ידוע,לא ידוע,לא ידוע,חמישי,יום,יום רגיל,2,16,0,5,,
2025023578,קלה,0,עירוני לא בצומת,1,עד 50,עד 5 מטר,אין ליקוי,בהיר,יבש,ראשון,יום,יום רגיל,11,16,6600,5,,
2025023580,קשה,0,עירוני בצומת,1,עד 50,,לא ידוע,בהיר,לא ידוע,שני,לילה,יום רגיל,2,18,9000,6,,
2025023594,קלה,0,עירוני לא בצומת,1,עד 50,7 עד 10.5 מטר,אין ליקוי,בהיר,יבש,שישי,יום,יום רגיל,6,15,1061,2,,
2025023596,קשה,0,עירוני לא בצומת,1,לא ידוע,,לא ידוע,לא ידוע,לא ידוע,שבת,לילה,יום רגיל,3,19,2600,6,,
2025023600,קלה,0,עירוני לא בצומת,1,עד 50,5 עד 7 מטר,אין ליקוי,בהיר,יבש,רביעי,לילה,יום רגיל,7,1,5000,5,,
2025023620,קלה,0,עירוני לא בצומת,1,70,7 עד 10.5 מטר,אין ליקוי,בהיר,יבש,ראשון,יום,יום רגיל,7,18,7100,6,,
2025023626,קטלנית,1,לא עירוני לא בצומת,0,90,יותר מ-14 מטר,אין ליקוי,בהיר,יבש,שישי,יום,חול המועד,10,16,0,6,,
2025023627,קלה,0,עירוני בצומת,1,עד 50,10.5 עד 14 מטר,אין ליקוי,בהיר,יבש,ראשון,לילה,יום רגיל,4,21,70,6,,
2025023637,קלה,0,עירוני לא בצומת,1,עד 50,7 עד 10.5 מטר,אין ליקוי,בהיר,יבש,חמישי,לילה,יום רגיל,6,20,5000,5,,
2025023642,קשה,0,לא עירוני לא בצומת,0,90,יותר מ-14 מטר,אין ליקוי,בהיר,יבש,חמישי,יום,יום רגיל,5,16,0,4,,
2025023643,קשה,0,לא עירוני לא בצומת,0,עד 50,10.5 עד 14 מטר,אין ליקוי,בהיר,יבש,שני,לילה,יום רגיל,11,1,0,1,,
2025023666,קלה,0,עירוני לא בצומת,1,עד 50,7 עד 10.5 מטר,אין ליקוי,בהיר,יבש,שני,לילה,יום רגיל,1,20,7100,6,,
2025023695,קלה,0,לא עירוני בצומת,0,90,,אין ליקוי,בהיר,יבש,ראשון,לילה,יום רגיל,4,0,0,5,,
2025023717,קלה,0,עירוני לא בצומת,1,עד 50,5 עד 7 מטר,אין ליקוי,בהיר,יבש,רביעי,לילה,יום רגיל,11,20,529,2,,
2025023721,קלה,0,לא עירוני בצומת,0,60,5 עד 7 מטר,אין ליקוי,בהיר,יבש,שני,לילה,יום רגיל,1,19,0,4,,
2025023756,קלה,0,לא עירוני לא בצומת,0,90,7 עד 10.5 מטר,אין ליקוי,בהיר,יבש,ראשון,יום,יום רגיל,4,13,0,6,,
2025023809,קשה,0,לא עירוני לא בצומת,0,90,10.5 עד 14 מטר,אין ליקוי,בהיר,יבש,שלישי,לילה,יום רגיל,7,20,0,2,,
2025023814,קשה,0,עירוני לא בצומת,1,עד 50,10.5 עד 14 מטר,לא ידוע,בהיר,יבש,ראשון,יום,יום רגיל,7,12,3000,1,,
2025023815,קלה,0,עירוני לא בצומת,1,עד 50,7 עד 10.5 מטר,אין ליקוי,בהיר,יבש,רביעי,לילה,יום רגיל,10,0,489,2,,
2025023821,קלה,0,עירוני בצומת,1,עד 50,5 עד 7 מטר,אין ליקוי,בהיר,יבש,ראשון,יום,יום רגיל,5,11,4000,3,,
2025023824,קלה,0,עירוני בצומת,1,עד 50,5 עד 7 מטר,לא ידוע,בהיר,יבש,ראשון,יום,חול המועד,10,12,4000,3,,
2025023827,קלה,0,עירוני לא בצומת,1,עד 50,7 עד 10.5 מטר,אין ליקוי,בהיר,יבש,שלישי,יום,יום רגיל,4,12,7400,4,,
2025023830,קלה,0,עירוני לא בצומת,1,עד 50,5 עד 7 מטר,אין ליקוי,בהיר,יבש,ראשון,יום,יום רגיל,9,9,6600,5,,
2025023837,קלה,0,עירוני בצומת,1,עד 50,5 עד 7 מטר,אין ליקוי,בהיר,יבש,רביעי,יום,יום רגיל,3,9,7900,4,,
2025023838,קטלנית,1,עירוני בצומת,1,עד 50,5 עד 7 מטר,אין ליקוי,בהיר,יבש,רביעי,יום,יום רגיל,3,9,7900,4,,
2025023886,קשה,0,לא עירוני בצומת,0,לא ידוע,,לא ידוע,לא ידוע,לא ידוע,ראשון,יום,יום רגיל,3,16,0,6,,
2025023894,קלה,0,עירוני לא בצומת,1,60,5 עד 7 מטר,אין ליקוי,בהיר,יבש,ראשון,יום,יום רגיל,3,10,6200,5,,
2025023900,קלה,0,עירוני בצומת,1,עד 50,5 עד 7 מטר,אין ליקוי,בהיר,יבש,רביעי,יום,יום רגיל,6,16,3000,1,,
2025023930,קלה,0,עירוני לא בצומת,1,עד 50,5 עד 7 מטר,אין ליקוי,בהיר,יבש,שני,יום,חול המועד,4,8,502,2,,
2025023933,קשה,0,לא עירוני לא בצומת,0,לא ידוע,,לא ידוע,לא ידוע,לא ידוע,רביעי,יום,יום רגיל,4,12,0,5,,
2025023953,קלה,0,עירוני בצומת,1,עד 50,7 עד 10.5 מטר,אין ליקוי,בהיר,יבש,ראשון,לילה,יום רגיל,9,19,2640,4,,
2025023956,קשה,0,לא עירוני לא בצומת,0,לא ידוע,,לא ידוע,לא ידוע,לא ידוע,שבת,יום,יום רגיל,3,10,0,4,,
2025023960,קשה,0,לא עירוני בצומת,0,90,יותר מ-14 מטר,אין ליקוי,בהיר,יבש,שישי,לילה,יום רגיל,3,1,0,5,,
2025023963,קלה,0,לא עירוני לא בצומת,0,80,7 עד 10.5 מטר,אין ליקוי,בהיר,יבש,שלישי,יום,יום רגיל,7,16,0,2,,
2025023976,קשה,0,עירוני בצומת,1,עד 50,7 עד 10.5 מטר,אין ליקוי,בהיר,יבש,שישי,לילה,יום רגיל,9,2,6700,2,,
2025023983,קלה,0,עירוני לא בצומת,1,עד 50,5 עד 7 מטר,אין ליקוי,בהיר,יבש,שני,לילה,יום רגיל,5,1,2560,6,,
2025023986,קשה,0,לא עירוני לא בצומת,0,לא ידוע,,לא ידוע,לא ידוע,לא ידוע,שבת,לילה,יום רגיל,3,21,0,1,,
2025023990,קלה,0,עירוני בצומת,1,עד 50,,אין ליקוי,בהיר,יבש,חמישי,יום,יום רגיל,6,8,5000,5,,
2025024008,קלה,0,עירוני בצומת,1,עד 50,7 עד 10.5 מטר,אין ליקוי,בהיר,יבש,רביעי,יום,יום רגיל,8,15,7900,4,,
2025024009,קלה,0,עירוני בצומת,1,עד 50,,אין ליקוי,בהיר,יבש,חמישי,יום,יום רגיל,3,17,2640,4,,
2025024010,קלה,0,עירוני בצומת,1,עד 50,5 עד 7 מטר,אין ליקוי,בהיר,יבש,ראשון,יום,יום רגיל,10,17,6900,4,,
2025024015,קלה,0,לא עירוני לא בצומת,0,90,יותר מ-14 מטר,אין ליקוי,בהיר,יבש,חמישי,לילה,יום רגיל,5,23,0,2,,
2025024020,קלה,0,עירוני בצומת,1,עד 50,5 עד 7 מטר,אין ליקוי,בהיר,יבש,שישי,לילה,יום רגיל,6,21,5000,5,,
2025024042,קלה,0,עירוני לא בצומת,1,עד 50,7 עד 10.5 מטר,אין ליקוי,בהיר,יבש,רביעי,יום,יום רגיל,3,9,8600,5,,
2025024043,קשה,0,לא עירוני בצומת,0,לא ידוע,,לא ידוע,לא ידוע,לא ידוע,ראשון,לילה,יום רגיל,12,4,0,2,,
2025024057,קלה,0,עירוני לא בצומת,1,עד 50,5 עד 7 מטר,אין ליקוי,בהיר,יבש,חמישי,יום,יום רגיל,7,12,3780,7,,
2025024073,קשה,0,עירוני לא בצומת,1,עד 50,7 עד 10.5 מטר,אין ליקוי,בהיר,יבש,שלישי,יום,יום רגיל,2,13,5000,5,,
2025024105,קשה,0,עירוני בצומת,1,לא ידוע,,לא ידוע,לא ידוע,לא ידוע,רביעי,יום,יום רגיל,4,16,7900,4,,
2025024110,קלה,0,עירוני בצומת,1,לא ידוע,,לא ידוע,לא ידוע,לא ידוע,שני,יום,יום רגיל,11,15,6200,5,,
2025024111,קשה,0,עירוני לא בצומת,1,עד 50,5 עד 7 מטר,אין ליקוי,בהיר,יבש,חמישי,יום,יום רגיל,7,18,431,2,,
2025024126,קשה,0,עירוני לא בצומת,1,עד 50,5 עד 7 מטר,אין ליקוי,בהיר,יבש,שלישי,לילה,יום רגיל,7,20,9700,4,,
2025024153,קלה,0,לא עירוני בצומת,0,90,יותר מ-14 מטר,אין ליקוי,בהיר,יבש,שני,לילה,יום רגיל,7,21,0,4,,
2025024188,קשה,0,עירוני לא בצומת,1,לא ידוע,,לא ידוע,לא ידוע,לא ידוע,שבת,יום,יום רגיל,12,13,1313,2,,
2025024201,קשה,0,עירוני לא בצומת,1,עד 50,7 עד 10.5 מטר,אין ליקוי,בהיר,יבש,חמישי,לילה,יום רגיל,1,16,7300,2,,
2025024209,קשה,0,עירוני בצומת,1,עד 50,7 עד 10.5 מטר,לא ידוע,בהיר,יבש,שני,יום,יום רגיל,2,13,469,4,,
2025024214,קשה,0,לא עירוני לא בצומת,0,80,7 עד 10.5 מטר,אין ליקוי,בהיר,יבש,שלישי,יום,יום רגיל,5,19,0,6,,
2025024218,קלה,0,לא עירוני לא בצומת,0,80,7 עד 10.5 מטר,אין ליקוי,בהיר,יבש,רביעי,יום,יום רגיל,5,14,0,1,,
2025024249,קטלנית,1,עירוני לא בצומת,1,עד 50,7 עד 10.5 מטר,אין ליקוי,בהיר,יבש,שלישי,לילה,יום רגיל,2,1,8600,5,,
2025024252,קשה,0,לא עירוני לא בצומת,0,70,7 עד 10.5 מטר,אין ליקוי,בהיר,יבש,חמישי,לילה,חג,10,20,0,4,,
2025024264,קלה,0,עירוני בצומת,1,לא ידוע,,לא ידוע,לא ידוע,לא ידוע,שישי,יום,יום רגיל,7,16,5000,5,,
2025024270,קלה,0,עירוני לא בצומת,1,עד 50,5 עד 7 מטר,לא ידוע,בהיר,יבש,חמישי,יום,יום רגיל,4,10,3780,7,,
2025024279,קשה,0,עירוני לא בצומת,1,עד 50,5 עד 7 מטר,אין ליקוי,בהיר,יבש,חמישי,יום,יום רגיל,1,14,9300,3,,
2025024302,קלה,0,עירוני לא בצומת,1,עד 50,7 עד 10.5 מטר,אין ליקוי,בהיר,יבש,ראשון,יום,יום רגיל,4,10,6900,4,,
2025024308,קלה,0,עירוני בצומת,1,עד 50,7 עד 10.5 מטר,אין ליקוי,בהיר,יבש,רביעי,יום,יום רגיל,5,15,9000,6,,
2025024338,קשה,0,עירוני בצומת,1,עד 50,5 עד 7 מטר,אין ליקוי,בהיר,יבש,שלישי,לילה,יום רגיל,6,23,6900,4,,
2025024352,קלה,0,לא עירוני לא בצומת,0,80,7 עד 10.5 מטר,אין ליקוי,בהיר,יבש,רביעי,לילה,יום רגיל,8,20,0,4,,
2025024357,קשה,0,עירוני לא בצומת,1,עד 50,5 עד 7 מטר,אין ליקוי,לא ידוע,יבש,שישי,יום,יום רגיל,9,10,5000,5,,
2025024364,קשה,0,עירוני בצומת,1,עד 50,7 עד 10.5 מטר,אין ליקוי,בהיר,יבש,שישי,לילה,יום רגיל,7,1,70,6,,
2025024408,קלה,0,עירוני בצומת,1,עד 50,5 עד 7 מטר,אין ליקוי,בהיר,יבש,חמישי,לילה,יום רגיל,3,19,2630,6,,
2025024413,קשה,0,לא עירוני לא בצומת,0,100,יותר מ-14 מטר,אין ליקוי,לא ידוע,יבש,שבת,לילה,יום רגיל,2,0,0,4,,
2025024425,קשה,0,לא עירוני לא בצומת,0,80,יותר מ-14 מטר,אין ליקוי,בהיר,יבש,שלישי,יום,יום רגיל,9,17,0,7,,
2025024435,קשה,0,לא עירוני לא בצומת,0,לא ידוע,,לא ידוע,לא ידוע,לא ידוע,שישי,לילה,יום רגיל,11,16,0,9,,
2025024444,קלה,0,עירוני לא בצומת,1,לא ידוע,,לא ידוע,לא ידוע,לא ידוע,שישי,יום,יום רגיל,4,16,6100,5,,
2025024457,קשה,0,עירוני לא בצומת,1,לא ידוע,,לא ידוע,לא ידוע,לא ידוע,שלישי,לילה,יום רגיל,10,5,6700,2,,
2025024465,קלה,0,עירוני בצומת,1,עד 50,5 עד 7 מטר,אין ליקוי,בהיר,יבש,חמישי,יום,יום רגיל,8,9,2400,5,,
2025024481,קשה,0,עירוני לא בצומת,1,לא ידוע,,לא ידוע,לא ידוע,לא ידוע,שני,יום,יום רגיל,4,13,5000,5,,
2025024504,קלה,0,לא עירוני לא בצומת,0,80,יותר מ-14 מטר,אין ליקוי,בהיר,יבש,שני,יום,יום רגיל,4,8,0,7,,
2025024512,קלה,0,עירוני בצומת,1,עד 50,עד 5 מטר,אין ליקוי,בהיר,יבש,חמישי,יום,יום רגיל,11,13,2600,6,,
2025024513,קשה,0,עירוני לא בצומת,1,לא ידוע,,לא ידוע,לא ידוע,לא ידוע,רביעי,יום,יום רגיל,2,15,4000,3,,
2025024523,קטלנית,1,עירוני לא בצומת,1,60,10.5 עד 14 מטר,אין ליקוי,בהיר,יבש,שבת,לילה,יום רגיל,6,22,7900,4,,
2025024529,קלה,0,לא עירוני בצומת,0,90,5 עד 7 מטר,אין ליקוי,בהיר,יבש,ראשון,לילה,יום רגיל,10,19,0,6,,
2025024538,קלה,0,עירוני לא בצומת,1,90,10.5 עד 14 מטר,אין ליקוי,בהיר,יבש,חמישי,יום,יום רגיל,1,13,1344,6,,
2025024541,קלה,0,עירוני בצומת,1,עד 50,7 עד 10.5 מטר,אין ליקוי,בהיר,יבש,חמישי,לילה,יום רגיל,8,20,2600,6,,
2025024552,קשה,0,לא עירוני לא בצומת,0,לא ידוע,,לא ידוע,לא ידוע,לא ידוע,שישי,יום,יום רגיל,8,16,0,1,,
2025024554,קטלנית,1,לא עירוני לא בצומת,0,80,10.5 עד 14 מטר,אין ליקוי,בהיר,יבש,שלישי,לילה,יום רגיל,2,18,0,4,,
2025024587,קלה,0,עירוני בצומת,1,עד 50,,אין ליקוי,בהיר,יבש,שישי,יום,יום רגיל,7,10,5000,5,,
2025024590,קשה,0,לא עירוני לא בצומת,0,עד 50,עד 5 מטר,כביש משובש,בהיר,אחר,שני,יום,יום רגיל,9,13,0,9,,
2025024596,קלה,0,עירוני לא בצומת,1,עד 50,5 עד 7 מטר,אין ליקוי,בהיר,יבש,שישי,יום,יום רגיל,11,9,5000,5,,
2025024601,קלה,0,עירוני לא בצומת,1,עד 50,7 עד 10.5 מטר,אין ליקוי,בהיר,יבש,רביעי,יום,יום רגיל,12,14,8400,4,,
2025024621,קלה,0,עירוני בצומת,1,עד 50,7 עד 10.5 מטר,אין ליקוי,בהיר,יבש,רביעי,לילה,יום רגיל,1,1,6600,5,,
2025024632,קלה,0,עירוני לא בצומת,1,עד 50,7 עד 10.5 מטר,אין ליקוי,בהיר,יבש,שני,יום,יום רגיל,10,7,8400,4,,
2025024662,קלה,0,לא עירוני בצומת,0,70,יותר מ-14 מטר,אין ליקוי,בהיר,יבש,ראשון,לילה,יום רגיל,2,21,0,5,,
2025024684,קלה,0,עירוני בצומת,1,90,7 עד 10.5 מטר,אין ליקוי,בהיר,יבש,רביעי,יום,יום רגיל,12,13,70,6,,
2025024715,קלה,0,עירוני לא בצומת,1,עד 50,7 עד 10.5 מטר,אין ליקוי,גשום,רטוב ממים,שישי,לילה,יום רגיל,2,18,494,3,,
2025024719,קשה,0,לא עירוני לא בצומת,0,לא ידוע,,לא ידוע,לא ידוע,לא ידוע,חמישי,יום,יום רגיל,12,11,0,7,,
2025024768,קשה,0,עירוני לא בצומת,1,לא ידוע,,לא ידוע,לא ידוע,לא ידוע,שישי,יום,יום רגיל,12,11,751,1,,
2025024784,קלה,0,עירוני לא בצומת,1,עד 50,5 עד 7 מטר,אין ליקוי,בהיר,יבש,שני,יום,יום רגיל,9,7,6900,4,,
2025024785,קלה,0,לא עירוני לא בצומת,0,עד 50,5 עד 7 מטר,אין ליקוי,בהיר,יבש,שבת,יום,יום רגיל,7,12,0,2,,
2025024816,קשה,0,לא עירוני לא בצומת,0,לא ידוע,,לא ידוע,לא ידוע,לא ידוע,ראשון,לילה,יום רגיל,12,4,0,2,,
2025024819,קשה,0,עירוני לא בצומת,1,לא ידוע,,לא ידוע,לא ידוע,לא ידוע,חמישי,יום,יום רגיל,11,7,1061,2,,
2025024821,קטלנית,1,לא עירוני לא בצומת,0,80,7 עד 10.5 מטר,אין ליקוי,בהיר,יבש,שבת,יום,יום רגיל,7,18,0,3,,
2025024825,קלה,0,עירוני לא בצומת,1,עד 50,7 עד 10.5 מטר,אין ליקוי,בהיר,יבש,חמישי,יום,יום רגיל,7,14,8300,4,,
2025024843,קלה,0,עירוני בצומת,1,עד 50,יותר מ-14 מטר,אין ליקוי,בהיר,יבש,שישי,יום,יום רגיל,11,14,5000,5,,
2025024844,קלה,0,לא עירוני בצומת,0,60,7 עד 10.5 מטר,אין ליקוי,בהיר,יבש,רביעי,יום,חול המועד,10,11,0,3,,
2025024864,קלה,0,עירוני לא בצומת,1,עד 50,7 עד 10.5 מטר,אין ליקוי,בהיר,יבש,שלישי,יום,יום רגיל,5,16,1061,2,,
2025024868,קלה,0,עירוני בצומת,1,עד 50,,לא ידוע,בהיר,יבש,שלישי,יום,חול המועד,4,13,7900,4,,
2025024874,קשה,0,עירוני לא בצומת,1,עד 50,יותר מ-14 מטר,אין ליקוי,בהיר,חול או חצץ על הכביש,שישי,לילה,יום רגיל,8,23,70,6,,
2025024877,קשה,0,עירוני לא בצומת,1,עד 50,7 עד 10.5 מטר,אין ליקוי,בהיר,יבש,רביעי,יום,יום רגיל,6,19,8300,4,,
2025024897,קלה,0,עירוני בצומת,1,60,יותר מ-14 מטר,אין ליקוי,בהיר,יבש,ראשון,יום,יום רגיל,11,8,8400,4,,
2025024915,קלה,0,עירוני לא בצומת,1,עד 50,10.5 עד 14 מטר,אין ליקוי,בהיר,רטוב ממים,שישי,לילה,יום רגיל,11,16,4000,3,,
2025024925,קלה,0,עירוני לא בצומת,1,עד 50,7 עד 10.5 מטר,אין ליקוי,בהיר,יבש,ראשון,יום,יום רגיל,12,11,7100,6,,
2025024931,קטלנית,1,לא עירוני לא בצומת,0,80,7 עד 10.5 מטר,אין ליקוי,לא ידוע,יבש,שישי,יום,יום רגיל,3,11,0,2,,
2025024932,קלה,0,לא עירוני לא בצומת,0,80,7 עד 10.5 מטר,אין ליקוי,בהיר,יבש,רביעי,יום,יום רגיל,12,11,0,7,,
2025024934,קלה,0,עירוני לא בצומת,1,עד 50,,אין ליקוי,בהיר,יבש,שני,לילה,יום רגיל,1,18,6600,5,,
2025024946,קלה,0,עירוני בצומת,1,עד 50,10.5 עד 14 מטר,אין ליקוי,בהיר,יבש,ראשון,יום,ערב חג,6,15,681,4,,
2025024978,קלה,0,לא עירוני לא בצומת,0,,,אין ליקוי,בהיר,יבש,שני,לילה,יום רגיל,4,21,0,5,,
2025024994,קלה,0,עירוני בצומת,1,עד 50,יותר מ-14 מטר,אין ליקוי,בהיר,יבש,חמישי,יום,יום רגיל,1,9,5000,5,,
2025024998,קלה,0,לא עירוני בצומת,0,עד 50,10.5 עד 14 מטר,אין ליקוי,בהיר,יבש,שלישי,לילה,יום רגיל,7,22,0,5,,
2025025002,קשה,0,עירוני בצומת,1,עד 50,7 עד 10.5 מטר,אין ליקוי,בהיר,יבש,שישי,לילה,יום רגיל,6,0,3000,1,,
2025025010,קלה,0,עירוני לא בצומת,1,עד 50,5 עד 7 מטר,אין ליקוי,בהיר,יבש,חמישי,יום,יום רגיל,8,15,6100,5,,
2025025014,קלה,0,עירוני בצומת,1,עד 50,10.5 עד 14 מטר,אין ליקוי,בהיר,יבש,רביעי,יום,חג,9,13,7100,6,,
2025025039,קלה,0,עירוני בצומת,1,עד 50,7 עד 10.5 מטר,אין ליקוי,בהיר,יבש,ראשון,יום,יום רגיל,7,14,5000,5,,
2025025042,קלה,0,עירוני בצומת,1,לא ידוע,,לא ידוע,לא ידוע,לא ידוע,חמישי,יום,יום רגיל,12,15,6900,4,,
2025025050,קלה,0,עירוני לא בצומת,1,עד 50,7 עד 10.5 מטר,אין ליקוי,בהיר,יבש,שלישי,לילה,יום רגיל,2,5,8600,5,,
2025025055,קשה,0,עירוני לא בצומת,1,עד 50,5 עד 7 מטר,אין ליקוי,בהיר,יבש,שבת,לילה,יום רגיל,9,23,5000,5,,
2025025056,קלה,0,עירוני לא בצומת,1,60,5 עד 7 מטר,אין ליקוי,בהיר,יבש,ראשון,יום,יום רגיל,4,11,6600,5,,
2025025091,קלה,0,עירוני בצומת,1,עד 50,10.5 עד 14 מטר,אין ליקוי,לא ידוע,רטוב ממים,שני,יום,יום רגיל,2,6,9100,2,,
2025025103,קלה,0,לא עירוני בצומת,0,עד 50,10.5 עד 14 מטר,אין ליקוי,גשום,רטוב ממים,שלישי,לילה,יום רגיל,12,22,0,4,,
2025025106,קלה,0,עירוני לא בצומת,1,עד 50,5 עד 7 מטר,אין ליקוי,לא ידוע,לא ידוע,שני,יום,יום רגיל,7,12,8700,4,,
2025025111,קלה,0,עירוני לא בצומת,1,60,7 עד 10.5 מטר,אין ליקוי,בהיר,יבש,ראשון,יום,יום רגיל,9,8,9100,2,,
2025025114,קלה,0,עירוני לא בצומת,1,עד 50,5 עד 7 מטר,אין ליקוי,בהיר,יבש,שלישי,יום,יום רגיל,12,16,6400,5,,
2025025126,קטלנית,1,לא עירוני לא בצומת,0,100,יותר מ-14 מטר,אין ליקוי,בהיר,יבש,רביעי,לילה,יום רגיל,7,5,0,6,,
2025025151,קלה,0,עירוני לא בצומת,1,עד 50,10.5 עד 14 מטר,אין ליקוי,בהיר,יבש,רביעי,יום,יום רגיל,10,15,4000,3,,
2025025174,קלה,0,עירוני לא בצומת,1,70,7 עד 10.5 מטר,אין ליקוי,בהיר,יבש,ראשון,לילה,יום רגיל,9,20,9000,6,,
2025025179,קשה,0,עירוני לא בצומת,1,לא ידוע,,לא ידוע,לא ידוע,לא ידוע,שלישי,יום,יום רגיל,11,16,7400,4,,
2025025187,קשה,0,עירוני לא בצומת,1,עד 50,7 עד 10.5 מטר,אין ליקוי,בהיר,יבש,ראשון,יום,יום רגיל,5,15,3760,7,,
2025025193,קשה,0,עירוני לא בצומת,1,לא ידוע,,לא ידוע,לא ידוע,לא ידוע,שלישי,יום,יום רגיל,6,17,5000,5,,
2025025202,קשה,0,עירוני לא בצומת,1,לא ידוע,,לא ידוע,לא ידוע,לא ידוע,רביעי,יום,יום רגיל,6,14,1292,2,,
2025025204,קלה,0,עירוני בצומת,1,עד 50,5 עד 7 מטר,אין ליקוי,בהיר,יבש,שני,יום,יום רגיל,7,11,5000,5,,
2025025241,קלה,0,לא עירוני בצומת,0,90,10.5 עד 14 מטר,אין ליקוי,בהיר,יבש,שני,יום,חול המועד,4,15,0,4,,
2025025247,קלה,0,עירוני בצומת,1,עד 50,7 עד 10.5 מטר,אין ליקוי,בהיר,יבש,שני,יום,יום רגיל,9,9,4000,3,,
2025025262,קשה,0,עירוני לא בצומת,1,לא ידוע,,לא ידוע,לא ידוע,לא ידוע,שלישי,יום,יום רגיל,11,10,2400,5,,
2025025280,קלה,0,עירוני לא בצומת,1,עד 50,7 עד 10.5 מטר,אין ליקוי,בהיר,יבש,שישי,לילה,יום רגיל,1,6,1728,2,,
2025025289,קלה,0,לא עירוני לא בצומת,0,80,7 עד 10.5 מטר,אין ליקוי,בהיר,יבש,שני,לילה,יום רגיל,2,18,0,6,,
2025025305,קלה,0,לא עירוני לא בצומת,0,90,5 עד 7 מטר,אין ליקוי,בהיר,יבש,חמישי,יום,יום רגיל,1,8,0,6,,
2025025308,קשה,0,לא עירוני לא בצומת,0,עד 50,5 עד 7 מטר,אין ליקוי,בהיר,יבש,שלישי,יום,יום רגיל,2,12,0,3,,
2025025404,קלה,0,עירוני בצומת,1,עד 50,5 עד 7 מטר,אין ליקוי,בהיר,יבש,שישי,יום,יום רגיל,10,14,8200,3,,
2025025417,קשה,0,לא עירוני בצומת,0,לא ידוע,,לא ידוע,לא ידוע,לא ידוע,רביעי,לילה,יום רגיל,2,18,0,2,,
2025025424,קלה,0,עירוני בצומת,1,עד 50,5 עד 7 מטר,אין ליקוי,בהיר,יבש,שלישי,יום,יום רגיל,8,11,7900,4,,
2025025458,קלה,0,לא עירוני בצומת,0,עד 50,,אין ליקוי,בהיר,יבש,ראשון,יום,יום רגיל,7,15,0,4,,
2025025470,קשה,0,עירוני לא בצומת,1,לא ידוע,,לא ידוע,לא ידוע,לא ידוע,שלישי,לילה,יום רגיל,10,6,5000,5,,
2025025494,קשה,0,עירוני לא בצומת,1,לא ידוע,,לא ידוע,לא ידוע,לא ידוע,ראשון,לילה,יום רגיל,10,6,70,6,,
2025025520,קלה,0,לא עירוני בצומת,0,עד 50,יותר מ-14 מטר,אין ליקוי,בהיר,יבש,ראשון,יום,יום רגיל,7,9,0,3,,
2025025537,קלה,0,עירוני בצומת,1,עד 50,5 עד 7 מטר,אין ליקוי,בהיר,יבש,רביעי,יום,יום רגיל,5,9,1745,4,,
2025025571,קשה,0,עירוני לא בצומת,1,לא ידוע,עד 5 מטר,אין ליקוי,בהיר,יבש,רביעי,לילה,יום רגיל,8,20,516,2,,
2025025590,קלה,0,לא עירוני בצומת,0,70,7 עד 10.5 מטר,אין ליקוי,בהיר,יבש,שלישי,יום,יום רגיל,9,17,0,3,,
2025025603,קלה,0,עירוני לא בצומת,1,עד 50,5 עד 7 מטר,אין ליקוי,בהיר,יבש,רביעי,יום,יום רגיל,10,7,3000,1,,
2025025617,קלה,0,לא עירוני בצומת,0,90,7 עד 10.5 מטר,אין ליקוי,בהיר,יבש,שני,לילה,יום רגיל,5,20,0,2,,
2025025629,קלה,0,לא עירוני לא בצומת,0,70,7 עד 10.5 מטר,אין ליקוי,לא ידוע,יבש,רביעי,יום,יום רגיל,3,12,0,7,,
2025025632,קשה,0,לא עירוני לא בצומת,0,70,7 עד 10.5 מטר,אין ליקוי,בהיר,יבש,שבת,יום,יום רגיל,5,9,0,3,,
2025025637,קלה,0,עירוני לא בצומת,1,עד 50,יותר מ-14 מטר,אין ליקוי,בהיר,יבש,שישי,יום,יום רגיל,10,8,6100,5,,
2025025639,קלה,0,עירוני בצומת,1,עד 50,7 עד 10.5 מטר,אין ליקוי,בהיר,יבש,שבת,יום,יום רגיל,3,14,5000,5,,
2025025643,קטלנית,1,לא עירוני לא בצומת,0,70,7 עד 10.5 מטר,אין ליקוי,בהיר,יבש,רביעי,לילה,יום רגיל,10,21,0,4,,
2025025663,קלה,0,לא עירוני לא בצומת,0,90,10.5 עד 14 מטר,אין ליקוי,בהיר,יבש,ראשון,לילה,יום רגיל,5,20,0,4,,
2025025678,קלה,0,לא עירוני לא בצומת,0,עד 50,7 עד 10.5 מטר,אין ליקוי,בהיר,יבש,שני,יום,יום רגיל,8,10,0,6,,
2025025689,קלה,0,עירוני לא בצומת,1,עד 50,5 עד 7 מטר,אין ליקוי,בהיר,יבש,שני,יום,יום רגיל,3,11,1060,6,,
2025025703,קשה,0,לא עירוני לא בצומת,0,לא ידוע,,לא ידוע,לא ידוע,לא ידוע,שלישי,יום,יום רגיל,3,12,0,2,,
2025025712,קלה,0,עירוני בצומת,1,עד 50,יותר מ-14 מטר,אין ליקוי,בהיר,יבש,חמישי,יום,יום רגיל,8,15,70,6,,
2025025718,קלה,0,עירוני בצומת,1,עד 50,יותר מ-14 מטר,אין ליקוי,לא ידוע,יבש,רביעי,יום,יום רגיל,2,13,4000,3,,
2025025747,קשה,0,עירוני לא בצומת,1,לא ידוע,,לא ידוע,לא ידוע,לא ידוע,שלישי,יום,יום רגיל,6,17,2013,4,,
2025025753,קטלנית,1,לא עירוני לא בצומת,0,עד 50,7 עד 10.5 מטר,אין ליקוי,בהיר,יבש,שלישי,לילה,יום רגיל,11,18,0,2,,
2025025769,קטלנית,1,עירוני בצומת,1,עד 50,7 עד 10.5 מטר,אין ליקוי,בהיר,יבש,שבת,לילה,יום רגיל,7,0,5000,5,,
2025025787,קשה,0,לא עירוני בצומת,0,לא ידוע,,לא ידוע,לא ידוע,לא ידוע,רביעי,יום,יום רגיל,3,11,0,4,,
2025025798,קלה,0,עירוני בצומת,1,עד 50,5 עד 7 מטר,אין ליקוי,בהיר,יבש,ראשון,יום,יום רגיל,9,9,6600,5,,
2025025806,קשה,0,עירוני לא בצומת,1,לא ידוע,,לא ידוע,לא ידוע,לא ידוע,שני,יום,ערב חג,9,16,3000,1,,
2025025817,קלה,0,עירוני בצומת,1,עד 50,10.5 עד 14 מטר,אין ליקוי,בהיר,יבש,ראשון,יום,יום רגיל,11,14,8200,3,,
2025025845,קלה,0,עירוני בצומת,1,עד 50,עד 5 מטר,אין ליקוי,בהיר,יבש,ראשון,יום,יום רגיל,6,14,70,6,,
2025025853,קלה,0,עירוני בצומת,1,60,יותר מ-14 מטר,אין ליקוי,בהיר,יבש,חמישי,לילה,יום רגיל,1,18,8200,3,,
2025025859,קטלנית,1,לא עירוני בצומת,0,90,יותר מ-14 מטר,אין ליקוי,בהיר,יבש,שני,לילה,יום רגיל,5,22,0,4,,
2025025866,קלה,0,עירוני לא בצומת,1,עד 50,,אין ליקוי,בהיר,יבש,חמישי,לילה,יום רגיל,1,19,5000,5,,
2025025883,קלה,0,עירוני בצומת,1,עד 50,10.5 עד 14 מטר,אין ליקוי,בהיר,יבש,שני,יום,יום רגיל,8,12,4000,3,,
2025025898,קלה,0,עירוני לא בצומת,1,עד 50,,אין ליקוי,בהיר,יבש,שני,יום,יום רגיל,2,8,5000,5,,
2025025901,קלה,0,עירוני לא בצומת,1,לא ידוע,עד 5 מטר,אין ליקוי,בהיר,יבש,שלישי,יום,יום רגיל,7,18,5000,5,,
2025025923,קשה,0,עירוני לא בצומת,1,עד 50,7 עד 10.5 מטר,אין ליקוי,בהיר,יבש,שלישי,לילה,יום רגיל,3,21,8600,5,,
2025025934,קלה,0,לא עירוני בצומת,0,עד 50,,אין ליקוי,בהיר,יבש,שלישי,יום,יום רגיל,8,13,0,5,,
2025025942,קלה,0,עירוני לא בצומת,1,עד 50,5 עד 7 מטר,אין ליקוי,בהיר,יבש,שישי,לילה,יום רגיל,5,1,5000,5,,
2025025961,קשה,0,עירוני בצומת,1,עד 50,עד 5 מטר,אין ליקוי,בהיר,יבש,שבת,יום,יום רגיל,5,15,2620,5,,
2025025965,קלה,0,עירוני בצומת,1,עד 50,5 עד 7 מטר,אין ליקוי,בהיר,יבש,ראשון,יום,יום רגיל,9,8,182,4,,
2025025988,קלה,0,עירוני בצומת,1,עד 50,7 עד 10.5 מטר,אין ליקוי,בהיר,יבש,שלישי,יום,יום רגיל,1,11,9000,6,,
2025025995,קשה,0,עירוני לא בצומת,1,לא ידוע,,לא ידוע,לא ידוע,לא ידוע,ראשון,לילה,יום רגיל,2,0,8600,5,,
2025026014,קשה,0,לא עירוני בצומת,0,70,7 עד 10.5 מטר,אין ליקוי,בהיר,יבש,שבת,לילה,יום רגיל,5,21,0,3,,
2025026071,קלה,0,עירוני בצומת,1,עד 50,יותר מ-14 מטר,אין ליקוי,בהיר,יבש,שני,יום,יום רגיל,4,7,2500,3,,
2025026087,קלה,0,לא עירוני לא בצומת,0,לא ידוע,,לא ידוע,לא ידוע,לא ידוע,שישי,יום,יום רגיל,9,12,0,2,,
2025026104,קשה,0,עירוני לא בצומת,1,לא ידוע,,לא ידוע,לא ידוע,לא ידוע,שלישי,יום,יום רגיל,2,10,7900,4,,
2025026106,קשה,0,עירוני לא בצומת,1,לא ידוע,,לא ידוע,לא ידוע,לא ידוע,רביעי,יום,יום רגיל,9,10,7900,4,,
2025026119,קשה,0,עירוני לא בצומת,1,לא ידוע,,לא ידוע,לא ידוע,לא ידוע,שלישי,יום,יום רגיל,8,7,7100,6,,
2025026129,קשה,0,עירוני לא בצומת,1,עד 50,7 עד 10.5 מטר,אין ליקוי,בהיר,יבש,ראשון,לילה,יום רגיל,11,21,2660,4,,
2025026157,קלה,0,עירוני בצומת,1,עד 50,7 עד 10.5 מטר,אין ליקוי,בהיר,יבש,רביעי,לילה,ערב חג,4,23,9000,6,,
2025026165,קשה,0,לא עירוני בצומת,0,עד 50,5 עד 7 מטר,אין ליקוי,בהיר,יבש,שני,יום,יום רגיל,8,14,0,4,,
2025026182,קשה,0,עירוני לא בצומת,1,עד 50,עד 5 מטר,אין ליקוי,לא ידוע,יבש,ראשון,יום,יום רגיל,2,9,8600,5,,
2025026189,קלה,0,עירוני לא בצומת,1,עד 50,7 עד 10.5 מטר,אין ליקוי,בהיר,יבש,שלישי,יום,יום רגיל,3,17,7400,4,,
2025026207,קשה,0,עירוני בצומת,1,עד 50,5 עד 7 מטר,אין ליקוי,בהיר,יבש,שלישי,יום,יום רגיל,5,17,6800,3,,
2025026210,קלה,0,עירוני בצומת,1,עד 50,5 עד 7 מטר,אין ליקוי,בהיר,יבש,שישי,לילה,יום רגיל,5,23,7900,4,,
2025026215,קשה,0,לא עירוני לא בצומת,0,לא ידוע,,לא ידוע,לא ידוע,לא ידוע,ראשון,יום,יום רגיל,6,14,0,4,,
2025026225,קלה,0,לא עירוני בצומת,0,עד 50,5 עד 7 מטר,אין ליקוי,בהיר,יבש,חמישי,יום,יום רגיל,6,17,0,4,,
2025026230,קשה,0,לא עירוני לא בצומת,0,110,יותר מ-14 מטר,אין ליקוי,בהיר,יבש,חמישי,יום,יום רגיל,5,16,0,3,,
2025026232,קלה,0,לא עירוני בצומת,0,עד 50,7 עד 10.5 מטר,אין ליקוי,בהיר,יבש,חמישי,לילה,יום רגיל,7,23,0,4,,
2025026235,קשה,0,עירוני בצומת,1,לא ידוע,,לא ידוע,לא ידוע,לא ידוע,ראשון,לילה,יום רגיל,3,18,797,4,,
2025026244,קלה,0,לא עירוני בצומת,0,עד 50,5 עד 7 מטר,אין ליקוי,בהיר,יבש,שישי,יום,יום רגיל,5,11,0,4,,
2025026253,קלה,0,עירוני בצומת,1,עד 50,5 עד 7 מטר,אין ליקוי,בהיר,יבש,חמישי,יום,יום רגיל,1,16,3000,1,,
2025026262,קלה,0,עירוני לא בצומת,1,עד 50,7 עד 10.5 מטר,אין ליקוי,גשום,רטוב ממים,חמישי,לילה,יום רגיל,11,18,4000,3,,
2025026271,קלה,0,לא עירוני בצומת,0,90,7 עד 10.5 מטר,אין ליקוי,בהיר,יבש,חמישי,יום,יום רגיל,8,11,0,6,,
2025026277,קשה,0,לא עירוני לא בצומת,0,לא ידוע,,לא ידוע,לא ידוע,לא ידוע,ראשון,יום,יום רגיל,6,18,0,6,,
2025026296,קשה,0,עירוני לא בצומת,1,עד 50,5 עד 7 מטר,אין ליקוי,בהיר,יבש,שישי,יום,יום רגיל,5,17,3000,1,,
2025026324,קלה,0,עירוני בצומת,1,עד 50,7 עד 10.5 מטר,אין ליקוי,בהיר,יבש,ראשון,יום,יום רגיל,12,15,5000,5,,
2025026336,קלה,0,לא עירוני לא בצומת,0,90,,אין ליקוי,בהיר,יבש,שבת,לילה,יום רגיל,8,5,0,4,,
2025026365,קלה,0,לא עירוני בצומת,0,לא ידוע,,לא ידוע,לא ידוע,לא ידוע,שלישי,לילה,יום רגיל,11,18,0,4,,
2025026399,קלה,0,עירוני בצומת,1,60,,אין ליקוי,בהיר,יבש,שני,יום,יום רגיל,8,12,9000,6,,
2025026406,קשה,0,עירוני לא בצומת,1,לא ידוע,,לא ידוע,לא ידוע,לא ידוע,חמישי,יום,יום רגיל,1,7,1286,6,,
2025026417,קלה,0,עירוני לא בצומת,1,עד 50,5 עד 7 מטר,אין ליקוי,בהיר,יבש,שבת,יום,יום רגיל,3,13,6600,5,,
2025026442,קשה,0,עירוני לא בצומת,1,לא ידוע,,לא ידוע,לא ידוע,לא ידוע,שני,יום,יום רגיל,7,15,7100,6,,
2025026467,קלה,0,עירוני בצומת,1,עד 50,10.5 עד 14 מטר,אין ליקוי,בהיר,יבש,שישי,לילה,יום רגיל,8,2,6900,4,,
2025026477,קשה,0,עירוני לא בצומת,1,לא ידוע,,לא ידוע,לא ידוע,לא ידוע,חמישי,יום,יום רגיל,10,13,6400,5,,
2025026500,קלה,0,עירוני לא בצומת,1,עד 50,,אין ליקוי,בהיר,יבש,שני,יום,יום רגיל,8,8,7900,4,,
2025026515,קלה,0,עירוני בצומת,1,עד 50,10.5 עד 14 מטר,אין ליקוי,בהיר,יבש,שבת,לילה,יום רגיל,9,20,4000,3,,
2025026520,קלה,0,לא עירוני לא בצומת,0,60,7 עד 10.5 מטר,אין ליקוי,בהיר,יבש,שבת,יום,יום רגיל,12,9,0,3,,
2025026534,קלה,0,עירוני בצומת,1,עד 50,5 עד 7 מטר,אין ליקוי,בהיר,יבש,חמישי,לילה,חול המועד,4,19,4000,3,,
2025026548,קשה,0,לא עירוני בצומת,0,לא ידוע,,לא ידוע,לא ידוע,לא ידוע,שני,יום,יום רגיל,5,18,0,4,,
2025026578,קשה,0,עירוני לא בצומת,1,עד 50,5 עד 7 מטר,אין ליקוי,בהיר,יבש,רביעי,יום,יום רגיל,6,18,6500,3,,
2025026591,קלה,0,לא עירוני בצומת,0,90,7 עד 10.5 מטר,אין ליקוי,בהיר,יבש,שני,יום,יום רגיל,3,7,0,6,,
2025026605,קשה,0,לא עירוני בצומת,0,לא ידוע,,לא ידוע,לא ידוע,לא ידוע,רביעי,לילה,יום רגיל,1,23,0,2,,
2025026610,קשה,0,עירוני לא בצומת,1,לא ידוע,,לא ידוע,לא ידוע,לא ידוע,חמישי,לילה,יום רגיל,11,6,5000,5,,
2025026615,קלה,0,עירוני לא בצומת,1,עד 50,5 עד 7 מטר,אין ליקוי,בהיר,יבש,חמישי,יום,יום רגיל,1,16,2610,1,,
2025026620,קלה,0,לא עירוני בצומת,0,80,5 עד 7 מטר,אין ליקוי,בהיר,יבש,שלישי,יום,חג,9,11,0,6,,
2025026621,קלה,0,לא עירוני בצומת,0,עד 50,7 עד 10.5 מטר,אין ליקוי,בהיר,יבש,שלישי,יום,יום רגיל,2,8,0,3,,
2025026632,קלה,0,עירוני בצומת,1,עד 50,5 עד 7 מטר,אין ליקוי,בהיר,יבש,ראשון,יום,יום רגיל,11,11,4000,3,,
2025026634,קלה,0,עירוני לא בצומת,1,עד 50,,אין ליקוי,בהיר,יבש,ראשון,יום,יום רגיל,6,10,509,2,,
2025026640,קלה,0,עירוני בצומת,1,עד 50,7 עד 10.5 מטר,לא ידוע,בהיר,יבש,ראשון,יום,יום רגיל,7,9,3000,1,,
2025026675,קשה,0,לא עירוני לא בצומת,0,80,5 עד 7 מטר,אין ליקוי,בהיר,יבש,שלישי,לילה,יום רגיל,9,22,0,6,,
2025026680,קלה,0,עירוני בצומת,1,עד 50,7 עד 10.5 מטר,אין ליקוי,בהיר,יבש,שני,יום,יום רגיל,9,11,4000,3,,
2025026705,קלה,0,לא עירוני לא בצומת,0,90,7 עד 10.5 מטר,אין ליקוי,בהיר,יבש,חמישי,יום,יום רגיל,8,13,0,2,,
2025026711,קלה,0,לא עירוני לא בצומת,0,80,7 עד 10.5 מטר,אין ליקוי,לא ידוע,יבש,חמישי,יום,יום רגיל,2,11,0,4,,
2025026715,קלה,0,עירוני בצומת,1,עד 50,10.5 עד 14 מטר,אין ליקוי,בהיר,יבש,שלישי,יום,יום רגיל,11,14,7100,6,,
2025026717,קלה,0,לא עירוני בצומת,0,עד 50,5 עד 7 מטר,אין ליקוי,בהיר,יבש,שלישי,יום,יום רגיל,7,15,0,4,,
2025026718,קשה,0,עירוני לא בצומת,1,עד 50,7 עד 10.5 מטר,אין ליקוי,בהיר,יבש,רביעי,יום,יום רגיל,8,18,2630,6,,
2025026777,קשה,0,עירוני בצומת,1,לא ידוע,,לא ידוע,לא ידוע,לא ידוע,רביעי,יום,יום רגיל,7,11,3000,1,,
2025026796,קשה,0,עירוני לא בצומת,1,לא ידוע,,לא ידוע,לא ידוע,לא ידוע,שישי,יום,יום רגיל,7,10,3000,1,,
2025026798,קלה,0,עירוני בצומת,1,עד 50,5 עד 7 מטר,אין ליקוי,בהיר,יבש,שבת,לילה,חול המועד,10,21,7900,4,,
2025026839,קשה,0,לא עירוני בצומת,0,עד 50,5 עד 7 מטר,אין ליקוי,בהיר,יבש,שלישי,יום,יום רגיל,5,15,0,4,,
2025026878,קשה,0,עירוני לא בצומת,1,עד 50,5 עד 7 מטר,אין ליקוי,לא ידוע,לא ידוע,שלישי,יום,יום רגיל,7,14,7400,4,,
2025026888,קלה,0,לא עירוני בצומת,0,עד 50,יותר מ-14 מטר,אין ליקוי,גשום,רטוב ממים,ראשון,יום,יום רגיל,11,9,0,3,,
2025026892,קלה,0,עירוני לא בצומת,1,עד 50,יותר מ-14 מטר,אין ליקוי,בהיר,יבש,ראשון,יום,יום רגיל,11,13,1139,2,,
2025026894,קלה,0,לא עירוני בצומת,0,90,10.5 עד 14 מטר,אין ליקוי,בהיר,יבש,שלישי,לילה,יום רגיל,5,21,0,3,,
2025026898,קשה,0,לא עירוני בצומת,0,עד 50,5 עד 7 מטר,אין ליקוי,בהיר,יבש,שבת,לילה,יום רגיל,5,20,0,5,,
2025026915,קלה,0,לא עירוני בצומת,0,80,יותר מ-14 מטר,אין ליקוי,בהיר,יבש,חמישי,יום,ערב חג,3,13,0,7,,
2025026929,קלה,0,עירוני בצומת,1,עד 50,5 עד 7 מטר,אין ליקוי,בהיר,יבש,רביעי,לילה,יום רגיל,4,19,8600,5,,
2025026932,קשה,0,עירוני לא בצומת,1,לא ידוע,,לא ידוע,לא ידוע,לא ידוע,ראשון,יום,יום רגיל,8,7,8600,5,,
2025026944,קשה,0,עירוני לא בצומת,1,עד 50,5 עד 7 מטר,אין ליקוי,בהיר,יבש,רביעי,יום,יום רגיל,9,13,473,2,,
2025026947,קטלנית,1,עירוני לא בצומת,1,עד 50,7 עד 10.5 מטר,אין ליקוי,לא ידוע,רטוב ממים,ראשון,יום,חג,4,15,861,2,,
2025026977,קלה,0,עירוני לא בצומת,1,עד 50,5 עד 7 מטר,אין ליקוי,בהיר,יבש,שני,יום,יום רגיל,5,19,376,2,,
2025027005,קשה,0,לא עירוני לא בצומת,0,90,10.5 עד 14 מטר,אין ליקוי,בהיר,יבש,ראשון,לילה,יום רגיל,3,20,0,4,,
2025027012,קלה,0,עירוני לא בצומת,1,לא ידוע,,לא ידוע,לא ידוע,לא ידוע,חמישי,יום,יום רגיל,7,18,5000,5,,
2025027023,קלה,0,עירוני לא בצומת,1,עד 50,עד 5 מטר,אין ליקוי,בהיר,יבש,ראשון,יום,יום רגיל,11,13,154,4,,
2025027042,קלה,0,לא עירוני בצומת,0,90,7 עד 10.5 מטר,אין ליקוי,בהיר,יבש,שבת,לילה,יום רגיל,12,20,0,4,,
2025027073,קלה,0,עירוני לא בצומת,1,עד 50,7 עד 10.5 מטר,לא ידוע,בהיר,יבש,ראשון,לילה,יום רגיל,1,6,3000,1,,
2025027082,קלה,0,עירוני לא בצומת,1,עד 50,10.5 עד 14 מטר,אין ליקוי,בהיר,יבש,חמישי,יום,יום רגיל,1,14,2720,4,,
2025027098,קלה,0,עירוני לא בצומת,1,60,10.5 עד 14 מטר,אין ליקוי,בהיר,לא ידוע,ראשון,לילה,יום רגיל,6,3,5000,5,,
2025027127,קשה,0,עירוני לא בצומת,1,לא ידוע,,לא ידוע,לא ידוע,לא ידוע,חמישי,יום,יום רגיל,12,12,5000,5,,
2025027169,קלה,0,לא עירוני לא בצומת,0,60,10.5 עד 14 מטר,אין ליקוי,בהיר,יבש,חמישי,יום,יום רגיל,11,14,0,2,,
2025027183,קלה,0,לא עירוני בצומת,0,90,7 עד 10.5 מטר,אין ליקוי,בהיר,יבש,שלישי,יום,יום רגיל,8,10,0,6,,
2025027221,קלה,0,עירוני בצומת,1,עד 50,5 עד 7 מטר,אין ליקוי,בהיר,יבש,ראשון,לילה,יום רגיל,8,0,9100,2,,
2025027225,קלה,0,עירוני לא בצומת,1,עד 50,,לא ידוע,בהיר,יבש,ראשון,יום,יום רגיל,1,9,9000,6,,
2025027237,קלה,0,לא עירוני לא בצומת,0,80,7 עד 10.5 מטר,אין ליקוי,בהיר,יבש,שלישי,יום,יום רגיל,9,6,0,7,,
2025027241,קלה,0,עירוני לא בצומת,1,עד 50,5 עד 7 מטר,אין ליקוי,בהיר,יבש,שישי,יום,יום רגיל,11,14,2500,3,,
2025027243,קשה,0,עירוני לא בצומת,1,לא ידוע,,לא ידוע,לא ידוע,לא ידוע,שישי,יום,יום רגיל,1,12,9600,3,,
2025027253,קלה,0,לא עירוני לא בצומת,0,80,7 עד 10.5 מטר,אין ליקוי,בהיר,יבש,חמישי,יום,יום רגיל,9,13,0,4,,
2025027290,קלה,0,עירוני לא בצומת,1,עד 50,,אין ליקוי,בהיר,יבש,ראשון,לילה,יום רגיל,1,19,8600,5,,
2025027295,קלה,0,לא עירוני בצומת,0,90,7 עד 10.5 מטר,אין ליקוי,בהיר,יבש,ראשון,לילה,יום רגיל,9,22,0,3,,
2025027305,קלה,0,לא עירוני לא בצומת,0,90,,אין ליקוי,בהיר,יבש,חמישי,יום,יום רגיל,11,6,0,4,,
2025027307,קלה,0,עירוני לא בצומת,1,עד 50,7 עד 10.5 מטר,אין ליקוי,לא ידוע,יבש,רביעי,יום,יום רגיל,1,13,5000,5,,
2025027317,קלה,0,לא עירוני לא בצומת,0,100,10.5 עד 14 מטר,אין ליקוי,גשום,רטוב ממים,שלישי,לילה,יום רגיל,9,20,0,3,,
2025027327,קלה,0,לא עירוני בצומת,0,100,10.5 עד 14 מטר,אין ליקוי,בהיר,יבש,שני,יום,יום רגיל,1,9,0,2,,
2025027331,קטלנית,1,עירוני לא בצומת,1,עד 50,10.5 עד 14 מטר,אין ליקוי,בהיר,יבש,שישי,יום,יום רגיל,6,10,5000,5,,
2025027337,קלה,0,לא עירוני לא בצומת,0,לא ידוע,7 עד 10.5 מטר,לא ידוע,בהיר,יבש,שני,יום,יום רגיל,5,16,0,3,,
2025027351,קטלנית,1,עירוני לא בצומת,1,עד 50,5 עד 7 מטר,אין ליקוי,בהיר,יבש,ראשון,יום,יום רגיל,7,17,4000,3,,
2025027382,קשה,0,לא עירוני לא בצומת,0,80,5 עד 7 מטר,אין ליקוי,בהיר,יבש,שלישי,יום,יום רגיל,7,13,0,3,,
2025027395,קלה,0,עירוני בצומת,1,עד 50,7 עד 10.5 מטר,אין ליקוי,בהיר,יבש,שלישי,יום,יום רגיל,7,15,6100,5,,
2025027399,קשה,0,עירוני בצומת,1,עד 50,5 עד 7 מטר,אין ליקוי,בהיר,יבש,שני,לילה,יום רגיל,5,20,2640,4,,
2025027407,קלה,0,עירוני בצומת,1,עד 50,7 עד 10.5 מטר,אין ליקוי,בהיר,יבש,ראשון,לילה,יום רגיל,3,22,7700,2,,
2025027420,קלה,0,לא עירוני בצומת,0,90,יותר מ-14 מטר,אין ליקוי,בהיר,יבש,רביעי,יום,יום רגיל,6,8,0,6,,
2025027429,קלה,0,עירוני בצומת,1,עד 50,7 עד 10.5 מטר,אין ליקוי,בהיר,יבש,שישי,יום,יום רגיל,12,10,9700,4,,
2025027462,קלה,0,לא עירוני בצומת,0,70,יותר מ-14 מטר,אין ליקוי,לא ידוע,יבש,ראשון,יום,יום רגיל,1,7,0,3,,
2025027493,קלה,0,לא עירוני בצומת,0,90,10.5 עד 14 מטר,אין ליקוי,בהיר,יבש,שני,לילה,ערב חג,10,2,0,3,,
2025027497,קלה,0,עירוני בצומת,1,עד 50,7 עד 10.5 מטר,אין ליקוי,בהיר,יבש,ראשון,יום,יום רגיל,9,7,7400,4,,
2025027514,קשה,0,עירוני לא בצומת,1,לא ידוע,,לא ידוע,לא ידוע,לא ידוע,חמישי,לילה,יום רגיל,1,22,1139,2,,
2025027541,קשה,0,לא עירוני לא בצומת,0,לא ידוע,,לא ידוע,לא ידוע,לא ידוע,שישי,יום,יום רגיל,5,7,0,4,,
2025027549,קלה,0,לא עירוני בצומת,0,90,10.5 עד 14 מטר,אין ליקוי,בהיר,יבש,שני,יום,ערב חג,10,9,0,2,,
2025027560,קלה,0,עירוני בצומת,1,עד 50,5 עד 7 מטר,אין ליקוי,בהיר,יבש,שני,יום,יום רגיל,5,12,3000,1,,
2025027566,קשה,0,לא עירוני לא בצומת,0,לא ידוע,,לא ידוע,לא ידוע,לא ידוע,חמישי,לילה,יום רגיל,6,20,0,4,,
2025027569,קשה,0,לא עירוני בצומת,0,70,7 עד 10.5 מטר,אין ליקוי,בהיר,יבש,חמישי,יום,יום רגיל,7,13,0,4,,
2025027579,קלה,0,עירוני לא בצומת,1,עד 50,7 עד 10.5 מטר,אין ליקוי,בהיר,יבש,שני,יום,יום רגיל,1,9,7100,6,,
2025027587,קלה,0,לא עירוני לא בצומת,0,80,7 עד 10.5 מטר,אין ליקוי,בהיר,יבש,שלישי,יום,יום רגיל,8,16,0,2,,
2025027594,קשה,0,עירוני לא בצומת,1,לא ידוע,,לא ידוע,לא ידוע,לא ידוע,שישי,יום,יום רגיל,5,14,6600,5,,
2025027601,קשה,0,לא עירוני בצומת,0,עד 50,5 עד 7 מטר,אין ליקוי,בהיר,יבש,חמישי,לילה,יום רגיל,9,19,0,4,,
2025027615,קלה,0,עירוני בצומת,1,עד 50,7 עד 10.5 מטר,אין ליקוי,בהיר,יבש,ראשון,יום,יום רגיל,1,15,7600,2,,
2025027665,קלה,0,לא עירוני בצומת,0,90,7 עד 10.5 מטר,אין ליקוי,לא ידוע,לא ידוע,חמישי,לילה,יום רגיל,1,6,0,6,,
2025027673,קשה,0,עירוני לא בצומת,1,לא ידוע,,לא ידוע,לא ידוע,לא ידוע,ראשון,יום,יום רגיל,5,18,6500,3,,
2025027696,קלה,0,עירוני לא בצומת,1,80,7 עד 10.5 מטר,אין ליקוי,בהיר,יבש,שישי,יום,יום רגיל,6,6,3000,1,,
2025027741,קלה,0,עירוני בצומת,1,עד 50,5 עד 7 מטר,אין ליקוי,בהיר,לא ידוע,שבת,לילה,יום רגיל,3,19,175,4,,
2025027750,קשה,0,לא עירוני בצומת,0,90,7 עד 10.5 מטר,אין ליקוי,בהיר,יבש,שלישי,לילה,יום רגיל,3,19,0,7,,
2025027752,קלה,0,עירוני בצומת,1,עד 50,,אין ליקוי,בהיר,יבש,שלישי,יום,יום רגיל,5,18,5000,5,,
2025027765,קלה,0,לא עירוני בצומת,0,90,10.5 עד 14 מטר,אין ליקוי,בהיר,יבש,שבת,לילה,יום רגיל,10,18,0,6,,
2025027779,קשה,0,עירוני לא בצומת,1,לא ידוע,,לא ידוע,לא ידוע,לא ידוע,ראשון,יום,יום רגיל,11,8,3000,1,,
2025027784,קלה,0,עירוני בצומת,1,עד 50,,אין ליקוי,בהיר,יבש,חמישי,יום,יום רגיל,11,13,7900,4,,
2025027818,קשה,0,לא עירוני לא בצומת,0,90,10.5 עד 14 מטר,אין ליקוי,בהיר,יבש,חמישי,יום,יום רגיל,2,12,0,2,,
2025027822,קשה,0,לא עירוני לא בצומת,0,עד 50,10.5 עד 14 מטר,אין ליקוי,בהיר,יבש,שבת,יום,יום רגיל,5,12,0,2,,
2025027870,קשה,0,לא עירוני לא בצומת,0,לא ידוע,,לא ידוע,לא ידוע,לא ידוע,רביעי,יום,יום רגיל,8,16,0,4,,
2025027877,קלה,0,עירוני בצומת,1,עד 50,5 עד 7 מטר,אין ליקוי,בהיר,יבש,שלישי,יום,יום רגיל,11,8,9200,2,,
2025027883,קשה,0,עירוני לא בצומת,1,לא ידוע,,לא ידוע,לא ידוע,לא ידוע,שלישי,יום,יום רגיל,3,14,485,2,,
2025027902,קלה,0,לא עירוני לא בצומת,0,70,5 עד 7 מטר,אין ליקוי,שרבי,יבש,שני,יום,יום רגיל,10,7,0,7,,
2025027909,קשה,0,עירוני לא בצומת,1,לא ידוע,,לא ידוע,לא ידוע,לא ידוע,ראשון,יום,חול המועד,10,13,6300,5,,
2025027917,קלה,0,עירוני לא בצומת,1,עד 50,7 עד 10.5 מטר,אין ליקוי,בהיר,יבש,רביעי,יום,יום רגיל,10,10,7400,4,,
2025027927,קלה,0,עירוני בצומת,1,עד 50,,אין ליקוי,בהיר,יבש,רביעי,לילה,יום רגיל,1,6,7900,4,,
2025027928,קטלנית,1,עירוני לא בצומת,1,עד 50,7 עד 10.5 מטר,אין ליקוי,בהיר,יבש,חמישי,לילה,יום רגיל,5,21,3000,1,,
2025027934,קלה,0,לא עירוני לא בצומת,0,90,יותר מ-14 מטר,אין ליקוי,בהיר,יבש,שישי,יום,יום רגיל,5,6,0,5,,
2025027944,קשה,0,עירוני לא בצומת,1,עד 50,7 עד 10.5 מטר,אין ליקוי,בהיר,יבש,שני,יום,יום רגיל,2,16,6900,4,,
2025028013,קטלנית,1,לא עירוני לא בצומת,0,80,7 עד 10.5 מטר,אין ליקוי,בהיר,יבש,שני,לילה,יום רגיל,11,20,0,6,,
2025028034,קשה,0,עירוני לא בצומת,1,עד 50,5 עד 7 מטר,אין ליקוי,בהיר,יבש,שישי,לילה,יום רגיל,1,17,3780,7,,
2025028093,קלה,0,עירוני לא בצומת,1,עד 50,7 עד 10.5 מטר,אין ליקוי,בהיר,יבש,שלישי,יום,יום רגיל,2,11,1031,6,,
2025028127,קלה,0,עירוני לא בצומת,1,עד 50,5 עד 7 מטר,אין ליקוי,בהיר,יבש,שישי,יום,יום רגיל,1,11,6900,4,,
2025028144,קשה,0,עירוני לא בצומת,1,לא ידוע,,לא ידוע,לא ידוע,לא ידוע,רביעי,יום,יום רגיל,9,14,490,2,,
2025028171,קלה,0,עירוני בצומת,1,עד 50,7 עד 10.5 מטר,אין ליקוי,בהיר,יבש,רביעי,יום,יום רגיל,10,16,6100,5,,
2025028172,קלה,0,לא עירוני לא בצומת,0,עד 50,10.5 עד 14 מטר,אין ליקוי,בהיר,יבש,ראשון,יום,יום רגיל,8,12,0,5,,
2025028174,קלה,0,עירוני לא בצומת,1,עד 50,5 עד 7 מטר,אין ליקוי,בהיר,יבש,רביעי,יום,חול המועד,4,8,2730,4,,
2025028183,קשה,0,עירוני לא בצומת,1,לא ידוע,,לא ידוע,לא ידוע,לא ידוע,חמישי,יום,חול המועד,10,13,8600,5,,
2025028192,קלה,0,עירוני לא בצומת,1,לא ידוע,,לא ידוע,לא ידוע,לא ידוע,ראשון,לילה,יום רגיל,12,21,7900,4,,
2025028210,קשה,0,עירוני לא בצומת,1,לא ידוע,,לא ידוע,לא ידוע,לא ידוע,שני,לילה,יום רגיל,1,18,7000,4,,
2025028223,קלה,0,עירוני בצומת,1,עד 50,,אין ליקוי,בהיר,יבש,שישי,יום,יום רגיל,3,16,6200,5,,
2025028248,קלה,0,לא עירוני בצומת,0,90,7 עד 10.5 מטר,אין ליקוי,בהיר,יבש,ראשון,לילה,יום רגיל,10,19,0,2,,
2025028273,קלה,0,לא עירוני בצומת,0,80,יותר מ-14 מטר,אין ליקוי,בהיר,יבש,שבת,לילה,יום רגיל,2,17,0,7,,
2025028283,קלה,0,עירוני בצומת,1,לא ידוע,,לא ידוע,לא ידוע,לא ידוע,שלישי,לילה,יום רגיל,11,3,4000,3,,
2025028298,קלה,0,עירוני בצומת,1,עד 50,10.5 עד 14 מטר,אין ליקוי,בהיר,יבש,שבת,לילה,יום רגיל,1,17,6900,4,,
2025028302,קלה,0,לא עירוני בצומת,0,90,5 עד 7 מטר,אין ליקוי,בהיר,חול או חצץ על הכביש,רביעי,יום,יום רגיל,3,11,0,5,,
2025028311,קלה,0,עירוני בצומת,1,עד 50,5 עד 7 מטר,אין ליקוי,בהיר,יבש,שני,יום,חג,6,18,7900,4,,
2025028319,קלה,0,עירוני בצומת,1,עד 50,,אין ליקוי,בהיר,יבש,שלישי,יום,יום רגיל,6,9,5000,5,,
2025028328,קשה,0,עירוני בצומת,1,עד 50,5 עד 7 מטר,אין ליקוי,בהיר,יבש,רביעי,לילה,ערב חג,10,2,246,6,,
2025028331,קלה,0,עירוני לא בצומת,1,עד 50,7 עד 10.5 מטר,אין ליקוי,בהיר,יבש,רביעי,יום,יום רגיל,8,14,7100,6,,
2025028345,קלה,0,לא עירוני לא בצומת,0,80,7 עד 10.5 מטר,אין ליקוי,בהיר,יבש,שלישי,לילה,יום רגיל,4,21,0,1,,
2025028358,קלה,0,עירוני לא בצומת,1,עד 50,5 עד 7 מטר,אין ליקוי,בהיר,יבש,ראשון,יום,יום רגיל,2,10,7400,4,,
2025028370,קלה,0,עירוני בצומת,1,עד 50,5 עד 7 מטר,אין ליקוי,בהיר,יבש,רביעי,יום,יום רגיל,7,8,70,6,,
2025028421,קלה,0,עירוני בצומת,1,עד 50,7 עד 10.5 מטר,אין ליקוי,בהיר,יבש,ראשון,יום,יום רגיל,5,18,2620,5,,
2025028427,קלה,0,עירוני לא בצומת,1,עד 50,10.5 עד 14 מטר,אין ליקוי,בהיר,יבש,רביעי,יום,יום רגיל,6,16,8200,3,,
2025028433,קשה,0,עירוני לא בצומת,1,עד 50,5 עד 7 מטר,אין ליקוי,בהיר,יבש,חמישי,יום,יום רגיל,11,10,8000,2,,
2025028441,קשה,0,עירוני לא בצומת,1,עד 50,5 עד 7 מטר,אין ליקוי,בהיר,יבש,רביעי,יום,יום רגיל,1,7,6100,5,,
2025028444,קשה,0,לא עירוני לא בצומת,0,עד 50,,אין ליקוי,בהיר,יבש,רביעי,יום,יום רגיל,5,18,0,5,,
2025028448,קשה,0,עירוני לא בצומת,1,עד 50,7 עד 10.5 מטר,אין ליקוי,בהיר,יבש,רביעי,לילה,יום רגיל,1,23,6700,2,,
2025028453,קלה,0,עירוני לא בצומת,1,עד 50,5 עד 7 מטר,אין ליקוי,בהיר,יבש,שבת,לילה,יום רגיל,5,1,8300,4,,
2025028470,קלה,0,לא עירוני בצומת,0,80,10.5 עד 14 מטר,אין ליקוי,בהיר,יבש,שישי,יום,יום רגיל,6,17,0,5,,
2025028491,קטלנית,1,עירוני בצומת,1,עד 50,יותר מ-14 מטר,אין ליקוי,בהיר,יבש,שלישי,לילה,יום רגיל,4,0,7100,6,,
2025028506,קטלנית,1,עירוני לא בצומת,1,עד 50,5 עד 7 מטר,לא ידוע,גשום,רטוב ממים,שישי,יום,יום רגיל,3,9,7900,4,,
2025028519,קשה,0,לא עירוני לא בצומת,0,לא ידוע,,לא ידוע,לא ידוע,לא ידוע,שלישי,יום,יום רגיל,6,13,0,6,,
2025028541,קלה,0,עירוני בצומת,1,עד 50,5 עד 7 מטר,אין ליקוי,בהיר,יבש,רביעי,יום,יום רגיל,12,7,6200,5,,
2025028547,קשה,0,עירוני לא בצומת,1,לא ידוע,,לא ידוע,לא ידוע,לא ידוע,שני,יום,יום רגיל,11,16,3000,1,,
2025028554,קלה,0,עירוני בצומת,1,עד 50,5 עד 7 מטר,אין ליקוי,בהיר,יבש,ראשון,לילה,יום רגיל,11,17,5000,5,,
2025028555,קשה,0,עירוני בצומת,1,עד 50,5 עד 7 מטר,אין ליקוי,בהיר,יבש,שני,יום,יום רגיל,11,9,70,6,,
2025028564,קשה,0,עירוני לא בצומת,1,לא ידוע,,לא ידוע,לא ידוע,לא ידוע,שלישי,יום,יום רגיל,1,10,1060,6,,
2025028575,קלה,0,לא עירוני לא בצומת,0,90,7 עד 10.5 מטר,אין ליקוי,בהיר,יבש,שישי,לילה,יום רגיל,5,23,0,2,,
2025028577,קלה,0,לא עירוני בצומת,0,80,7 עד 10.5 מטר,אין ליקוי,בהיר,יבש,חמישי,יום,יום רגיל,10,15,0,2,,
2025028621,קשה,0,עירוני לא בצומת,1,לא ידוע,,לא ידוע,לא ידוע,לא ידוע,רביעי,יום,יום רגיל,12,8,8600,5,,
2025028637,קלה,0,לא עירוני לא בצומת,0,לא ידוע,,אין ליקוי,גשום,רטוב ממים,ראשון,יום,יום רגיל,12,12,0,7,,
2025028645,קשה,0,עירוני לא בצומת,1,לא ידוע,,לא ידוע,לא ידוע,לא ידוע,שבת,יום,יום רגיל,5,14,469,4,,
2025028657,קלה,0,עירוני לא בצומת,1,עד 50,5 עד 7 מטר,אין ליקוי,בהיר,יבש,ראשון,לילה,יום רגיל,1,0,6100,5,,
2025028664,קלה,0,לא עירוני בצומת,0,90,10.5 עד 14 מטר,אין ליקוי,בהיר,יבש,רביעי,יום,יום רגיל,11,11,0,2,,
2025028738,קלה,0,עירוני בצומת,1,עד 50,5 עד 7 מטר,אין ליקוי,בהיר,יבש,חמישי,יום,יום רגיל,4,11,7400,4,,
2025028752,קלה,0,עירוני בצומת,1,עד 50,7 עד 10.5 מטר,אין ליקוי,בהיר,יבש,ראשון,לילה,יום רגיל,10,0,9000,6,,
2025028754,קשה,0,עירוני לא בצומת,1,עד 50,5 עד 7 מטר,אין ליקוי,בהיר,יבש,שני,לילה,יום רגיל,1,6,3000,1,,
2025028791,קלה,0,לא עירוני לא בצומת,0,90,7 עד 10.5 מטר,לא ידוע,בהיר,יבש,שלישי,לילה,יום רגיל,1,22,0,6,,
2025028806,קלה,0,לא עירוני בצומת,0,90,יותר מ-14 מטר,אין ליקוי,בהיר,יבש,חמישי,יום,יום רגיל,7,16,0,6,,
2025028820,קשה,0,עירוני בצומת,1,לא ידוע,,לא ידוע,לא ידוע,לא ידוע,חמישי,יום,יום רגיל,3,15,2600,6,,
2025028864,קלה,0,עירוני לא בצומת,1,עד 50,5 עד 7 מטר,אין ליקוי,בהיר,יבש,רביעי,יום,יום רגיל,7,6,6100,5,,
2025028866,קלה,0,עירוני לא בצומת,1,עד 50,,אין ליקוי,בהיר,יבש,רביעי,לילה,יום רגיל,5,23,8600,5,,
2025028883,קשה,0,עירוני לא בצומת,1,לא ידוע,,לא ידוע,לא ידוע,לא ידוע,שלישי,יום,יום רגיל,6,13,7400,4,,
2025028890,קשה,0,לא עירוני לא בצומת,0,70,5 עד 7 מטר,לא ידוע,בהיר,יבש,שני,יום,יום רגיל,8,13,0,4,,
2025028927,קלה,0,לא עירוני לא בצומת,0,80,7 עד 10.5 מטר,אין ליקוי,בהיר,יבש,חמישי,לילה,יום רגיל,9,18,0,7,,
2025028936,קשה,0,לא עירוני לא בצומת,0,90,10.5 עד 14 מטר,אין ליקוי,בהיר,יבש,ראשון,לילה,יום רגיל,2,18,0,5,,
2025028951,קלה,0,לא עירוני בצומת,0,90,5 עד 7 מטר,אין ליקוי,בהיר,יבש,ראשון,יום,יום רגיל,2,7,0,6,,
2025028953,קשה,0,עירוני בצומת,1,עד 50,5 עד 7 מטר,אין ליקוי,גשום,יבש,שני,לילה,יום רגיל,1,19,3000,1,,
2025028964,קשה,0,עירוני בצומת,1,לא ידוע,,לא ידוע,לא ידוע,לא ידוע,חמישי,יום,חג,5,14,3000,1,,
2025028993,קלה,0,עירוני בצומת,1,עד 50,,אין ליקוי,בהיר,יבש,שלישי,יום,יום רגיל,8,8,6500,3,,
2025029000,קלה,0,עירוני בצומת,1,עד 50,7 עד 10.5 מטר,אין ליקוי,גשום,רטוב ממים,שישי,לילה,יום רגיל,2,19,7900,4,,
2025029009,קלה,0,לא עירוני בצומת,0,60,7 עד 10.5 מטר,אין ליקוי,בהיר,יבש,שני,לילה,יום רגיל,2,20,0,6,,
2025029014,קלה,0,עירוני בצומת,1,עד 50,5 עד 7 מטר,אין ליקוי,בהיר,יבש,ראשון,יום,יום רגיל,5,16,2600,6,,
2025029043,קטלנית,1,לא עירוני בצומת,0,70,10.5 עד 14 מטר,אין ליקוי,גשום,רטוב ממים,חמישי,לילה,יום רגיל,12,17,0,4,,
2025029073,קלה,0,לא עירוני לא בצומת,0,80,7 עד 10.5 מטר,אין ליקוי,גשום,רטוב ממים,חמישי,יום,יום רגיל,2,10,0,7,,
2025029075,קלה,0,עירוני לא בצומת,1,עד 50,,אין ליקוי,בהיר,יבש,שבת,יום,יום רגיל,6,11,5000,5,,
2025029080,קלה,0,לא עירוני בצומת,0,80,10.5 עד 14 מטר,אין ליקוי,בהיר,יבש,שני,יום,יום רגיל,1,12,0,4,,
2025029108,קשה,0,עירוני לא בצומת,1,עד 50,5 עד 7 מטר,אין ליקוי,בהיר,יבש,שלישי,יום,יום רגיל,2,9,8400,4,,
2025029109,קלה,0,עירוני לא בצומת,1,עד 50,עד 5 מטר,אין ליקוי,לא ידוע,יבש,שלישי,יום,יום רגיל,4,7,7900,4,,
2025029112,קשה,0,לא עירוני לא בצומת,0,90,יותר מ-14 מטר,לא ידוע,בהיר,יבש,רביעי,לילה,ערב חג,4,0,0,3,,
2025029145,קלה,0,עירוני בצומת,1,עד 50,7 עד 10.5 מטר,אין ליקוי,בהיר,יבש,רביעי,יום,יום רגיל,9,14,6600,5,,
2025029189,קלה,0,עירוני בצומת,1,עד 50,5 עד 7 מטר,אין ליקוי,בהיר,יבש,שבת,יום,יום רגיל,9,18,6600,5,,
2025029201,קלה,0,לא עירוני לא בצומת,0,80,5 עד 7 מטר,אין ליקוי,בהיר,יבש,רביעי,לילה,יום רגיל,1,21,0,6,,
2025029247,קשה,0,עירוני בצומת,1,עד 50,10.5 עד 14 מטר,אין ליקוי,בהיר,יבש,רביעי,יום,יום רגיל,2,10,5000,5,,
2025029255,קלה,0,עירוני בצומת,1,60,,אין ליקוי,לא ידוע,יבש,חמישי,יום,יום רגיל,1,15,2620,5,,
2025029276,קשה,0,עירוני לא בצומת,1,עד 50,5 עד 7 מטר,אין ליקוי,בהיר,יבש,שלישי,יום,יום רגיל,11,8,8400,4,,
2025029280,קשה,0,עירוני לא בצומת,1,לא ידוע,,לא ידוע,לא ידוע,לא ידוע,שני,יום,יום רגיל,3,17,628,3,,
2025029342,קלה,0,עירוני בצומת,1,עד 50,5 עד 7 מטר,אין ליקוי,בהיר,יבש,שלישי,לילה,יום רגיל,2,20,2560,6,,
2025029374,קלה,0,לא עירוני בצומת,0,עד 50,10.5 עד 14 מטר,אין ליקוי,בהיר,יבש,רביעי,לילה,יום רגיל,4,20,0,5,,
2025029386,קלה,0,עירוני לא בצומת,1,עד 50,10.5 עד 14 מטר,אין ליקוי,בהיר,יבש,ראשון,יום,יום רגיל,10,7,3000,1,,
2025029411,קלה,0,עירוני לא בצומת,1,לא ידוע,,לא ידוע,לא ידוע,לא ידוע,שלישי,יום,יום רגיל,12,9,3000,1,,
2025029436,קלה,0,עירוני לא בצומת,1,עד 50,10.5 עד 14 מטר,אין ליקוי,בהיר,יבש,שלישי,יום,יום רגיל,5,10,8300,4,,
2025029448,קשה,0,עירוני לא בצומת,1,לא ידוע,,לא ידוע,לא ידוע,לא ידוע,חמישי,לילה,יום רגיל,2,19,2610,1,,
2025029486,קלה,0,לא עירוני בצומת,0,80,10.5 עד 14 מטר,אין ליקוי,בהיר,יבש,שישי,יום,יום רגיל,11,11,0,7,,
2025029492,קלה,0,לא עירוני לא בצומת,0,90,יותר מ-14 מטר,אין ליקוי,בהיר,יבש,שני,יום,יום רגיל,4,15,0,2,,
2025029503,קלה,0,עירוני בצומת,1,עד 50,7 עד 10.5 מטר,לא ידוע,בהיר,יבש,ראשון,יום,יום רגיל,6,14,9000,6,,
2025029505,קלה,0,לא עירוני בצומת,0,עד 50,5 עד 7 מטר,אין ליקוי,בהיר,יבש,חמישי,לילה,יום רגיל,12,17,0,1,,
2025029514,קלה,0,עירוני בצומת,1,עד 50,7 עד 10.5 מטר,אין ליקוי,בהיר,יבש,שבת,לילה,יום רגיל,5,21,7100,6,,
2025029515,קלה,0,עירוני לא בצומת,1,60,7 עד 10.5 מטר,אין ליקוי,בהיר,יבש,חמישי,יום,יום רגיל,12,15,7900,4,,
2025029520,קלה,0,לא עירוני בצומת,0,90,7 עד 10.5 מטר,אין ליקוי,בהיר,יבש,חמישי,לילה,יום רגיל,8,22,0,4,,
2025029541,קשה,0,לא עירוני לא בצומת,0,90,10.5 עד 14 מטר,אין ליקוי,בהיר,יבש,שני,לילה,חול המועד,4,19,0,5,,
2025029570,קלה,0,עירוני בצומת,1,עד 50,5 עד 7 מטר,אין ליקוי,בהיר,יבש,שני,יום,חג,6,12,4000,3,,
2025029575,קלה,0,עירוני לא בצומת,1,עד 50,7 עד 10.5 מטר,אין ליקוי,בהיר,יבש,ראשון,יום,יום רגיל,11,9,3000,1,,
2025029576,קלה,0,עירוני לא בצומת,1,עד 50,5 עד 7 מטר,אין ליקוי,בהיר,יבש,ראשון,יום,יום רגיל,7,6,4000,3,,
2025029579,קלה,0,עירוני לא בצומת,1,עד 50,5 עד 7 מטר,אין ליקוי,בהיר,יבש,שישי,יום,יום רגיל,7,19,6600,5,,
2025029611,קלה,0,עירוני לא בצומת,1,עד 50,5 עד 7 מטר,אין ליקוי,בהיר,יבש,רביעי,יום,יום רגיל,1,9,7400,4,,
2025029648,קלה,0,עירוני בצומת,1,70,7 עד 10.5 מטר,אין ליקוי,לא ידוע,רטוב ממים,שישי,יום,יום רגיל,2,17,7100,6,,
2025029687,קלה,0,עירוני לא בצומת,1,עד 50,5 עד 7 מטר,אין ליקוי,בהיר,יבש,רביעי,יום,יום רגיל,3,13,6100,5,,
2025029706,קלה,0,עירוני לא בצומת,1,עד 50,5 עד 7 מטר,אין ליקוי,בהיר,יבש,רביעי,יום,יום רגיל,8,18,7400,4,,
2025029747,קלה,0,לא עירוני בצומת,0,90,5 עד 7 מטר,אין ליקוי,בהיר,יבש,רביעי,יום,יום רגיל,4,7,0,6,,
2025029749,קלה,0,עירוני בצומת,1,עד 50,7 עד 10.5 מטר,אין ליקוי,בהיר,יבש,ראשון,לילה,יום רגיל,11,21,5000,5,,
2025029771,קשה,0,עירוני לא בצומת,1,עד 50,5 עד 7 מטר,כביש משובש,בהיר,יבש,שלישי,יום,יום רגיל,1,10,4000,3,,
2025029785,קלה,0,לא עירוני בצומת,0,80,יותר מ-14 מטר,אין ליקוי,בהיר,יבש,שבת,לילה,יום רגיל,3,19,0,6,,
2025029788,קלה,0,לא עירוני בצומת,0,70,10.5 עד 14 מטר,אין ליקוי,בהיר,יבש,שלישי,יום,יום רגיל,7,17,0,4,,
2025029798,קלה,0,עירוני בצומת,1,לא ידוע,,לא ידוע,לא ידוע,לא ידוע,שלישי,לילה,יום רגיל,12,18,7400,4,,
2025029814,קלה,0,לא עירוני בצומת,0,לא ידוע,,לא ידוע,לא ידוע,לא ידוע,רביעי,יום,יום רגיל,12,11,0,4,,
2025029837,קשה,0,עירוני לא בצומת,1,60,10.5 עד 14 מטר,אין ליקוי,בהיר,יבש,ראשון,יום,יום רגיל,6,11,8300,4,,
2025029838,קלה,0,עירוני לא בצומת,1,לא ידוע,,לא ידוע,לא ידוע,לא ידוע,שלישי,יום,יום רגיל,12,15,2650,5,,
2025029841,קשה,0,עירוני בצומת,1,עד 50,10.5 עד 14 מטר,אין ליקוי,בהיר,יבש,חמישי,יום,יום רגיל,10,13,9700,4,,
2025029855,קשה,0,לא עירוני לא בצומת,0,לא ידוע,,לא ידוע,לא ידוע,לא ידוע,שלישי,לילה,יום רגיל,10,20,0,4,,
2025029859,קלה,0,עירוני בצומת,1,עד 50,,אין ליקוי,בהיר,יבש,חמישי,יום,יום רגיל,10,16,6600,5,,
2025029861,קשה,0,לא עירוני בצומת,0,עד 50,יותר מ-14 מטר,אין ליקוי,בהיר,יבש,שבת,יום,יום רגיל,9,13,0,3,,
2025029900,קלה,0,עירוני לא בצומת,1,עד 50,,אין ליקוי,בהיר,יבש,שני,יום,יום רגיל,5,10,5000,5,,
2025029922,קשה,0,לא עירוני לא בצומת,0,110,7 עד 10.5 מטר,אין ליקוי,בהיר,יבש,שני,יום,יום רגיל,6,6,0,3,,
2025029926,קלה,0,עירוני בצומת,1,עד 50,5 עד 7 מטר,אין ליקוי,בהיר,יבש,רביעי,יום,יום רגיל,3,8,6100,5,,
2025029942,קלה,0,לא עירוני בצומת,0,80,7 עד 10.5 מטר,אין ליקוי,בהיר,יבש,רביעי,יום,חול המועד,4,10,0,7,,
2025029948,קטלנית,1,עירוני לא בצומת,1,עד 50,5 עד 7 מטר,אין ליקוי,בהיר,יבש,שישי,יום,יום רגיל,7,18,1139,2,,
2025029964,קלה,0,לא עירוני לא בצומת,0,80,7 עד 10.5 מטר,אין ליקוי,בהיר,יבש,ראשון,יום,יום רגיל,10,7,0,7,,
2025029978,קלה,0,עירוני לא בצומת,1,עד 50,5 עד 7 מטר,לא ידוע,בהיר,יבש,שלישי,יום,יום רגיל,9,18,3748,7,,
2025029982,קלה,0,עירוני בצומת,1,עד 50,5 עד 7 מטר,אין ליקוי,לא ידוע,יבש,ראשון,יום,יום רגיל,4,15,8400,4,,
2025029983,קשה,0,לא עירוני לא בצומת,0,לא ידוע,,לא ידוע,לא ידוע,לא ידוע,שבת,יום,יום רגיל,11,15,0,6,,
2025030021,קלה,0,עירוני בצומת,1,עד 50,7 עד 10.5 מטר,אין ליקוי,בהיר,יבש,שלישי,יום,יום רגיל,1,7,9000,6,,
2025030023,קלה,0,עירוני לא בצומת,1,עד 50,7 עד 10.5 מטר,אין ליקוי,בהיר,יבש,שני,לילה,ערב חג,9,22,4000,3,,
2025030042,קטלנית,1,עירוני לא בצומת,1,60,5 עד 7 מטר,אין ליקוי,בהיר,חול או חצץ על הכביש,שני,יום,יום רגיל,1,9,6100,5,,
2025030045,קלה,0,לא עירוני בצומת,0,עד 50,5 עד 7 מטר,אין ליקוי,בהיר,יבש,שלישי,יום,יום רגיל,11,13,0,5,,
2025030051,קשה,0,עירוני לא בצומת,1,עד 50,,אין ליקוי,בהיר,יבש,ראשון,יום,יום רגיל,7,13,5000,5,,
2025030071,קלה,0,לא עירוני בצומת,0,90,7 עד 10.5 מטר,אין ליקוי,בהיר,יבש,ראשון,יום,יום רגיל,6,13,0,6,,
2025030103,קלה,0,עירוני לא בצומת,1,לא ידוע,,לא ידוע,לא ידוע,לא ידוע,ראשון,יום,יום רגיל,6,11,8300,4,,
2025030105,קלה,0,לא עירוני בצומת,0,עד 50,10.5 עד 14 מטר,אין ליקוי,בהיר,יבש,שלישי,לילה,יום רגיל,12,5,0,5,,
2025030155,קטלנית,1,עירוני לא בצומת,1,עד 50,7 עד 10.5 מטר,אין ליקוי,בהיר,יבש,שישי,יום,יום רגיל,3,13,8300,4,,
2025030167,קלה,0,עירוני לא בצומת,1,עד 50,5 עד 7 מטר,אין ליקוי,בהיר,יבש,שני,יום,יום רגיל,9,14,5000,5,,
2025030171,קלה,0,עירוני בצומת,1,עד 50,5 עד 7 מטר,אין ליקוי,בהיר,יבש,רביעי,יום,יום רגיל,10,17,8200,3,,
2025030194,קלה,0,עירוני בצומת,1,עד 50,5 עד 7 מטר,אין ליקוי,בהיר,יבש,חמישי,יום,יום רגיל,6,11,4000,3,,
2025030195,קלה,0,עירוני בצומת,1,עד 50,5 עד 7 מטר,אין ליקוי,בהיר,יבש,ראשון,יום,יום רגיל,5,18,9700,4,,
2025030200,קלה,0,עירוני בצומת,1,עד 50,5 עד 7 מטר,אין ליקוי,בהיר,יבש,חמישי,לילה,יום רגיל,7,20,6100,5,,
2025030206,קשה,0,לא עירוני בצומת,0,עד 50,,אין ליקוי,בהיר,יבש,רביעי,לילה,יום רגיל,5,23,0,3,,
2025030213,קשה,0,עירוני לא בצומת,1,לא ידוע,,לא ידוע,לא ידוע,לא ידוע,ראשון,יום,יום רגיל,11,14,6900,4,,
2025030215,קלה,0,עירוני לא בצומת,1,עד 50,7 עד 10.5 מטר,אין ליקוי,בהיר,רטוב ממים,חמישי,לילה,יום רגיל,11,17,7400,4,,
2025030217,קלה,0,לא עירוני לא בצומת,0,60,,אין ליקוי,בהיר,יבש,שני,יום,יום רגיל,8,7,0,6,,
2025030227,קלה,0,עירוני בצומת,1,עד 50,5 עד 7 מטר,אין ליקוי,לא ידוע,לא ידוע,חמישי,לילה,יום רגיל,12,21,7400,4,,
2025030232,קשה,0,עירוני בצומת,1,עד 50,7 עד 10.5 מטר,אין ליקוי,בהיר,יבש,שישי,יום,יום רגיל,5,8,7400,4,,
2025030237,קלה,0,עירוני לא בצומת,1,עד 50,,אין ליקוי,בהיר,יבש,שני,לילה,יום רגיל,3,18,6100,5,,
2025030247,קשה,0,לא עירוני לא בצומת,0,90,7 עד 10.5 מטר,אין ליקוי,בהיר,יבש,שישי,לילה,יום רגיל,6,21,0,6,,
2025030280,קלה,0,עירוני בצומת,1,עד 50,5 עד 7 מטר,אין ליקוי,בהיר,יבש,ראשון,לילה,יום רגיל,6,1,2620,5,,
2025030308,קלה,0,עירוני בצומת,1,90,7 עד 10.5 מטר,אין ליקוי,בהיר,יבש,שישי,יום,יום רגיל,5,15,9000,6,,
2025030312,קלה,0,עירוני בצומת,1,לא ידוע,,לא ידוע,לא ידוע,לא ידוע,חמישי,יום,יום רגיל,11,12,6200,5,,
2025030313,קשה,0,לא עירוני לא בצומת,0,80,7 עד 10.5 מטר,אין ליקוי,בהיר,יבש,שבת,לילה,יום רגיל,10,3,0,2,,
2025030351,קלה,0,לא עירוני בצומת,0,עד 50,10.5 עד 14 מטר,אין ליקוי,בהיר,יבש,חמישי,יום,יום רגיל,3,15,0,5,,
2025030358,קלה,0,עירוני לא בצומת,1,עד 50,5 עד 7 מטר,אין ליקוי,בהיר,יבש,שני,יום,יום רגיל,5,15,3000,1,,
2025030363,קשה,0,לא עירוני לא בצומת,0,90,7 עד 10.5 מטר,אין ליקוי,בהיר,יבש,שישי,לילה,יום רגיל,4,6,0,6,,
2025030364,קלה,0,עירוני בצומת,1,עד 50,5 עד 7 מטר,אין ליקוי,בהיר,יבש,חמישי,לילה,חול המועד,4,22,7400,4,,
2025030367,קשה,0,עירוני לא בצומת,1,לא ידוע,,לא ידוע,לא ידוע,לא ידוע,שלישי,יום,יום רגיל,9,18,1161,6,,
2025030385,קשה,0,עירוני לא בצומת,1,לא ידוע,,לא ידוע,לא ידוע,לא ידוע,רביעי,יום,יום רגיל,1,11,8600,5,,
2025030429,קשה,0,לא עירוני לא בצומת,0,70,יותר מ-14 מטר,אין ליקוי,בהיר,יבש,חמישי,יום,יום רגיל,9,14,0,5,,
2025030432,קלה,0,עירוני לא בצומת,1,עד 50,5 עד 7 מטר,אין ליקוי,בהיר,יבש,רביעי,יום,יום רגיל,9,8,6600,5,,
2025030437,קלה,0,עירוני בצומת,1,עד 50,7 עד 10.5 מטר,אין ליקוי,לא ידוע,יבש,ראשון,יום,יום רגיל,11,16,2630,6,,
2025030471,קטלנית,1,לא עירוני לא בצומת,0,80,7 עד 10.5 מטר,אין ליקוי,גשום,רטוב ממים,שבת,לילה,יום רגיל,12,17,0,2,,
2025030484,קלה,0,לא עירוני בצומת,0,עד 50,10.5 עד 14 מטר,אין ליקוי,בהיר,יבש,שלישי,יום,יום רגיל,7,6,0,3,,
2025030547,קשה,0,עירוני לא בצומת,1,לא ידוע,,לא ידוע,לא ידוע,לא ידוע,שני,יום,יום רגיל,1,15,3000,1,,
2025030584,קלה,0,לא עירוני בצומת,0,עד 50,10.5 עד 14 מטר,אין ליקוי,בהיר,יבש,שבת,לילה,יום רגיל,10,18,0,5,,
2025030590,קשה,0,עירוני לא בצומת,1,לא ידוע,,לא ידוע,לא ידוע,לא ידוע,רביעי,לילה,ערב חג,4,20,5000,5,,
2025030591,קלה,0,עירוני לא בצומת,1,100,10.5 עד 14 מטר,אין ליקוי,גשום,יבש,שני,יום,יום רגיל,3,15,3000,1,,
2025030611,קשה,0,לא עירוני לא בצומת,0,לא ידוע,,לא ידוע,לא ידוע,לא ידוע,חמישי,יום,יום רגיל,12,16,0,4,,
2025030616,קשה,0,עירוני בצומת,1,עד 50,7 עד 10.5 מטר,אין ליקוי,בהיר,יבש,שלישי,יום,יום רגיל,6,6,2660,4,,
2025030628,קשה,0,לא עירוני בצומת,0,80,10.5 עד 14 מטר,אין ליקוי,בהיר,יבש,רביעי,יום,יום רגיל,1,9,0,2,,
2025030629,קלה,0,עירוני לא בצומת,1,60,5 עד 7 מטר,אין ליקוי,בהיר,יבש,חמישי,לילה,יום רגיל,10,20,5000,5,,
2025030630,קשה,0,עירוני לא בצומת,1,עד 50,5 עד 7 מטר,אין ליקוי,בהיר,יבש,חמישי,יום,יום רגיל,1,12,1139,2,,
2025030667,קשה,0,לא עירוני לא בצומת,0,90,7 עד 10.5 מטר,אין ליקוי,בהיר,יבש,שישי,יום,יום רגיל,5,17,0,4,,
2025030672,קלה,0,עירוני לא בצומת,1,עד 50,5 עד 7 מטר,אין ליקוי,בהיר,יבש,שני,יום,יום רגיל,3,14,2100,3,,
2025030676,קלה,0,לא עירוני לא בצומת,0,90,5 עד 7 מטר,אין ליקוי,בהיר,יבש,חמישי,לילה,יום רגיל,6,21,0,5,,
2025030683,קשה,0,עירוני בצומת,1,עד 50,7 עד 10.5 מטר,אין ליקוי,בהיר,יבש,שבת,יום,יום רגיל,7,14,6500,3,,
2025030691,קשה,0,עירוני לא בצומת,1,עד 50,5 עד 7 מטר,אין ליקוי,בהיר,יבש,רביעי,יום,יום רגיל,10,9,7300,2,,
2025030696,קלה,0,לא עירוני לא בצומת,0,60,5 עד 7 מטר,אין ליקוי,בהיר,יבש,ראשון,יום,יום רגיל,2,16,0,2,,
2025030703,קלה,0,עירוני לא בצומת,1,עד 50,5 עד 7 מטר,אין ליקוי,בהיר,יבש,שלישי,לילה,יום רגיל,1,17,3000,1,,
2025030708,קלה,0,לא עירוני בצומת,0,70,7 עד 10.5 מטר,אין ליקוי,בהיר,יבש,שבת,יום,יום רגיל,5,18,0,3,,
2025030710,קשה,0,לא עירוני לא בצומת,0,לא ידוע,,לא ידוע,לא ידוע,לא ידוע,שני,יום,יום רגיל,6,15,0,2,,
2025030723,קלה,0,עירוני בצומת,1,עד 50,יותר מ-14 מטר,אין ליקוי,בהיר,יבש,שבת,לילה,יום רגיל,8,22,70,6,,
2025030749,קלה,0,לא עירוני לא בצומת,0,80,7 עד 10.5 מטר,אין ליקוי,גשום,רטוב ממים,חמישי,יום,יום רגיל,2,15,0,7,,
2025030750,קלה,0,עירוני בצומת,1,עד 50,,אין ליקוי,בהיר,יבש,חמישי,לילה,יום רגיל,11,20,5000,5,,
2025030765,קשה,0,עירוני לא בצומת,1,לא ידוע,,לא ידוע,לא ידוע,לא ידוע,שלישי,לילה,יום רגיל,3,18,3000,1,,
2025030776,קשה,0,לא עירוני בצומת,0,70,7 עד 10.5 מטר,אין ליקוי,בהיר,יבש,ראשון,יום,יום רגיל,9,7,0,3,,
2025030777,קלה,0,לא עירוני בצומת,0,עד 50,10.5 עד 14 מטר,אין ליקוי,בהיר,יבש,חמישי,לילה,ערב חג,3,21,0,5,,
2025030863,קשה,0,לא עירוני לא בצומת,0,60,7 עד 10.5 מטר,אין ליקוי,שרבי,יבש,שישי,יום,יום רגיל,6,6,0,7,,
2025030870,קשה,0,עירוני לא בצומת,1,לא ידוע,,לא ידוע,לא ידוע,לא ידוע,שלישי,יום,יום רגיל,1,12,2610,1,,
2025030885,קלה,0,לא עירוני בצומת,0,לא ידוע,,לא ידוע,לא ידוע,לא ידוע,ראשון,יום,יום רגיל,5,15,0,5,,
2025030911,קשה,0,עירוני לא בצומת,1,עד 50,5 עד 7 מטר,אין ליקוי,בהיר,יבש,ראשון,יום,יום רגיל,3,13,7900,4,,
2025030917,קטלנית,1,עירוני לא בצומת,1,עד 50,10.5 עד 14 מטר,אין ליקוי,בהיר,יבש,ראשון,יום,יום רגיל,3,12,7400,4,,
2025030922,קשה,0,לא עירוני בצומת,0,80,10.5 עד 14 מטר,אין ליקוי,בהיר,יבש,רביעי,לילה,יום רגיל,1,20,0,3,,
2025030923,קלה,0,לא עירוני לא בצומת,0,60,5 עד 7 מטר,אין ליקוי,בהיר,יבש,ראשון,יום,יום רגיל,5,13,0,4,,
2025030930,קשה,0,עירוני בצומת,1,עד 50,5 עד 7 מטר,אין ליקוי,בהיר,יבש,ראשון,לילה,יום רגיל,12,16,5000,5,,
2025030936,קשה,0,עירוני לא בצומת,1,עד 50,,אין ליקוי,בהיר,יבש,רביעי,יום,יום רגיל,4,16,7900,4,,
2025030941,קלה,0,עירוני בצומת,1,עד 50,7 עד 10.5 מטר,אין ליקוי,בהיר,יבש,ראשון,יום,יום רגיל,5,16,70,6,,
2025030969,קלה,0,לא עירוני בצומת,0,70,10.5 עד 14 מטר,אין ליקוי,בהיר,יבש,רביעי,לילה,יום רגיל,8,22,0,4,,
2025030974,קשה,0,עירוני לא בצומת,1,לא ידוע,,לא ידוע,לא ידוע,לא ידוע,חמישי,יום,יום רגיל,5,10,6100,5,,
2025030988,קלה,0,עירוני לא בצומת,1,100,10.5 עד 14 מטר,אין ליקוי,בהיר,יבש,ראשון,יום,יום רגיל,7,9,681,4,,
2025030995,קלה,0,לא עירוני לא בצומת,0,80,7 עד 10.5 מטר,אין ליקוי,בהיר,יבש,ראשון,יום,יום רגיל,8,7,0,6,,
2025030999,קלה,0,לא עירוני בצומת,0,70,יותר מ-14 מטר,אין ליקוי,בהיר,יבש,רביעי,לילה,יום רגיל,7,23,0,3,,
2025031000,קלה,0,עירוני לא בצומת,1,עד 50,5 עד 7 מטר,אין ליקוי,בהיר,יבש,חמישי,יום,יום רגיל,8,11,8600,5,,
2025031002,קלה,0,עירוני לא בצומת,1,עד 50,10.5 עד 14 מטר,אין ליקוי,בהיר,יבש,שני,יום,יום רגיל,5,11,4000,3,,
2025031011,קלה,0,עירוני לא בצומת,1,עד 50,7 עד 10.5 מטר,אין ליקוי,בהיר,יבש,שלישי,יום,יום רגיל,6,13,3000,1,,
2025031015,קשה,0,עירוני לא בצומת,1,80,7 עד 10.5 מטר,אין ליקוי,בהיר,יבש,ראשון,יום,יום רגיל,3,9,5000,5,,
2025031035,קשה,0,עירוני בצומת,1,עד 50,7 עד 10.5 מטר,אין ליקוי,בהיר,יבש,שלישי,יום,יום רגיל,11,10,5000,5,,
2025031042,קלה,0,לא עירוני בצומת,0,70,10.5 עד 14 מטר,אין ליקוי,בהיר,יבש,ראשון,לילה,יום רגיל,2,20,0,4,,
2025031073,קלה,0,עירוני בצומת,1,עד 50,7 עד 10.5 מטר,אין ליקוי,בהיר,יבש,חמישי,יום,יום רגיל,8,9,7400,4,,
2025031077,קטלנית,1,עירוני בצומת,1,עד 50,10.5 עד 14 מטר,אין ליקוי,בהיר,יבש,רביעי,יום,יום רגיל,5,17,8600,5,,
2025031113,קלה,0,עירוני בצומת,1,עד 50,5 עד 7 מטר,אין ליקוי,בהיר,יבש,חמישי,יום,יום רגיל,10,14,5000,5,,
2025031131,קשה,0,לא עירוני לא בצומת,0,60,5 עד 7 מטר,אין ליקוי,בהיר,יבש,רביעי,לילה,יום רגיל,6,0,0,4,,
2025031154,קשה,0,עירוני לא בצומת,1,עד 50,5 עד 7 מטר,אין ליקוי,אחר,יבש,חמישי,יום,יום רגיל,7,15,6600,5,,
2025031176,קלה,0,עירוני בצומת,1,עד 50,5 עד 7 מטר,אין ליקוי,בהיר,יבש,חמישי,יום,יום רגיל,9,9,2500,3,,
2025031207,קלה,0,עירוני בצומת,1,עד 50,5 עד 7 מטר,אין ליקוי,בהיר,יבש,שבת,יום,יום רגיל,3,17,9000,6,,
2025031224,קלה,0,עירוני בצומת,1,עד 50,7 עד 10.5 מטר,אין ליקוי,לא ידוע,יבש,ראשון,לילה,יום רגיל,1,19,70,6,,
2025031233,קלה,0,לא עירוני בצומת,0,עד 50,10.5 עד 14 מטר,אין ליקוי,בהיר,יבש,חמישי,יום,יום רגיל,8,11,0,4,,
2025031263,קלה,0,לא עירוני לא בצומת,0,90,7 עד 10.5 מטר,אין ליקוי,גשום,רטוב ממים,ראשון,יום,יום רגיל,12,16,0,6,,
2025031269,קלה,0,עירוני בצומת,1,עד 50,7 עד 10.5 מטר,אין ליקוי,בהיר,יבש,שבת,יום,יום רגיל,4,16,9100,2,,
2025031286,קלה,0,עירוני לא בצומת,1,עד 50,10.5 עד 14 מטר,אין ליקוי,בהיר,יבש,שישי,יום,יום רגיל,4,11,2100,3,,
2025031287,קלה,0,עירוני בצומת,1,עד 50,7 עד 10.5 מטר,אין ליקוי,בהיר,יבש,רביעי,יום,יום רגיל,7,13,5000,5,,
2025031289,קשה,0,עירוני בצומת,1,עד 50,,אין ליקוי,בהיר,יבש,שלישי,יום,יום רגיל,2,9,5000,5,,
2025031290,קלה,0,עירוני בצומת,1,עד 50,5 עד 7 מטר,אין ליקוי,בהיר,יבש,שישי,יום,יום רגיל,10,14,9000,6,,
2025031309,קלה,0,עירוני לא בצומת,1,עד 50,5 עד 7 מטר,אין ליקוי,בהיר,יבש,שבת,יום,יום רגיל,11,7,2650,5,,
2025031317,קטלנית,1,עירוני בצומת,1,עד 50,7 עד 10.5 מטר,אין ליקוי,בהיר,יבש,שלישי,יום,יום רגיל,11,14,6600,5,,
2025031319,קלה,0,עירוני בצומת,1,60,,אין ליקוי,בהיר,יבש,שני,יום,יום רגיל,6,11,7200,4,,
2025031334,קלה,0,עירוני לא בצומת,1,עד 50,5 עד 7 מטר,אין ליקוי,בהיר,יבש,שני,יום,יום רגיל,3,14,3570,7,,
2025031337,קשה,0,לא עירוני בצומת,0,לא ידוע,,לא ידוע,לא ידוע,לא ידוע,שלישי,לילה,יום רגיל,3,19,0,6,,
2025031350,קלה,0,עירוני בצומת,1,עד 50,7 עד 10.5 מטר,אין ליקוי,בהיר,יבש,שלישי,יום,יום רגיל,3,14,6500,3,,
2025031355,קלה,0,עירוני בצומת,1,עד 50,10.5 עד 14 מטר,אין ליקוי,בהיר,יבש,ראשון,יום,יום רגיל,8,12,5000,5,,
2025031373,קלה,0,עירוני בצומת,1,עד 50,5 עד 7 מטר,אין ליקוי,בהיר,יבש,רביעי,יום,יום רגיל,9,7,7900,4,,
2025031381,קשה,0,עירוני לא בצומת,1,עד 50,7 עד 10.5 מטר,אין ליקוי,בהיר,יבש,שני,יום,יום רגיל,1,15,6900,4,,
2025031400,קלה,0,עירוני בצומת,1,עד 50,,אין ליקוי,בהיר,יבש,רביעי,יום,יום רגיל,5,18,5000,5,,
2025031428,קלה,0,עירוני לא בצומת,1,עד 50,עד 5 מטר,אין ליקוי,בהיר,רטוב ממים,שבת,לילה,יום רגיל,8,23,9400,4,,
2025031431,קשה,0,עירוני בצומת,1,עד 50,5 עד 7 מטר,אין ליקוי,בהיר,יבש,שלישי,לילה,חול המועד,4,19,8800,2,,
2025031432,קלה,0,עירוני בצומת,1,עד 50,5 עד 7 מטר,אין ליקוי,בהיר,יבש,שלישי,לילה,יום רגיל,9,19,6600,5,,
2025031442,קלה,0,לא עירוני בצומת,0,70,7 עד 10.5 מטר,אין ליקוי,בהיר,יבש,ראשון,לילה,יום רגיל,1,17,0,3,,
2025031463,קשה,0,לא עירוני לא בצומת,0,עד 50,עד 5 מטר,אין ליקוי,בהיר,אחר,שבת,יום,יום רגיל,4,14,0,9,,
2025031467,קשה,0,עירוני לא בצומת,1,לא ידוע,,לא ידוע,לא ידוע,לא ידוע,ראשון,יום,יום רגיל,3,7,3000,1,,
2025031468,קלה,0,עירוני בצומת,1,עד 50,5 עד 7 מטר,אין ליקוי,בהיר,יבש,רביעי,יום,יום רגיל,7,9,6600,5,,
2025031469,קלה,0,עירוני בצומת,1,עד 50,7 עד 10.5 מטר,אין ליקוי,בהיר,יבש,שישי,יום,יום רגיל,10,9,9000,6,,
2025031476,קשה,0,לא עירוני לא בצומת,0,90,10.5 עד 14 מטר,אין ליקוי,בהיר,יבש,שלישי,לילה,יום רגיל,2,22,0,7,,
2025031484,קלה,0,עירוני בצומת,1,70,יותר מ-14 מטר,אין ליקוי,בהיר,יבש,חמישי,יום,יום רגיל,3,16,5000,5,,
2025031497,קלה,0,עירוני בצומת,1,עד 50,5 עד 7 מטר,לא ידוע,בהיר,יבש,חמישי,לילה,יום רגיל,9,1,182,4,,
2025031503,קשה,0,עירוני לא בצומת,1,לא ידוע,,לא ידוע,לא ידוע,לא ידוע,שני,לילה,יום רגיל,3,20,511,2,,
2025031518,קלה,0,עירוני לא בצומת,1,עד 50,5 עד 7 מטר,אין ליקוי,בהיר,יבש,רביעי,יום,יום רגיל,9,14,3616,7,,
2025031532,קשה,0,עירוני בצומת,1,עד 50,7 עד 10.5 מטר,אין ליקוי,בהיר,יבש,שבת,לילה,יום רגיל,8,22,4000,3,,
2025031533,קשה,0,עירוני לא בצומת,1,לא ידוע,,לא ידוע,לא ידוע,לא ידוע,חמישי,יום,יום רגיל,7,18,3000,1,,
2025031553,קלה,0,עירוני לא בצומת,1,עד 50,עד 5 מטר,אין ליקוי,בהיר,יבש,שני,יום,יום רגיל,8,18,5000,5,,
2025031559,קלה,0,לא עירוני לא בצומת,0,80,5 עד 7 מטר,אין ליקוי,לא ידוע,יבש,ראשון,יום,יום רגיל,2,15,0,7,,
2025031562,קלה,0,עירוני לא בצומת,1,עד 50,7 עד 10.5 מטר,אין ליקוי,בהיר,יבש,שישי,יום,יום רגיל,12,11,7400,4,,
2025031580,קלה,0,עירוני לא בצומת,1,עד 50,5 עד 7 מטר,אין ליקוי,בהיר,יבש,שני,לילה,יום רגיל,1,18,3780,7,,
2025031609,קלה,0,לא עירוני בצומת,0,90,7 עד 10.5 מטר,אין ליקוי,בהיר,יבש,חמישי,לילה,יום רגיל,11,18,0,2,,
2025031617,קלה,0,עירוני לא בצומת,1,עד 50,5 עד 7 מטר,אין ליקוי,בהיר,יבש,ראשון,לילה,יום רגיל,3,23,7900,4,,
2025031622,קלה,0,לא עירוני לא בצומת,0,100,7 עד 10.5 מטר,אין ליקוי,בהיר,יבש,שישי,יום,יום רגיל,6,16,0,7,,
2025031624,קלה,0,עירוני לא בצומת,1,עד 50,5 עד 7 מטר,אין ליקוי,בהיר,יבש,שני,לילה,יום רגיל,2,18,1034,6,,
2025031630,קשה,0,לא עירוני לא בצומת,0,עד 50,10.5 עד 14 מטר,אין ליקוי,בהיר,יבש,שני,יום,יום רגיל,11,12,0,2,,
2025031635,קלה,0,עירוני בצומת,1,עד 50,5 עד 7 מטר,אין ליקוי,בהיר,לא ידוע,חמישי,יום,יום רגיל,10,16,6100,5,,
2025031657,קשה,0,לא עירוני לא בצומת,0,לא ידוע,,לא ידוע,לא ידוע,לא ידוע,רביעי,לילה,ערב חג,10,4,0,1,,
2025031659,קשה,0,לא עירוני לא בצומת,0,לא ידוע,,לא ידוע,לא ידוע,לא ידוע,ראשון,יום,חג,4,15,0,1,,
2025031690,קלה,0,עירוני לא בצומת,1,עד 50,5 עד 7 מטר,אין ליקוי,לא ידוע,רטוב ממים,שישי,יום,יום רגיל,2,12,3000,1,,
2025031695,קלה,0,עירוני בצומת,1,עד 50,10.5 עד 14 מטר,אין ליקוי,בהיר,יבש,שלישי,לילה,יום רגיל,12,17,7400,4,,
2025031712,קלה,0,עירוני בצומת,1,עד 50,7 עד 10.5 מטר,לא ידוע,בהיר,יבש,שלישי,יום,יום רגיל,1,11,3000,1,,
2025031731,קלה,0,עירוני לא בצומת,1,לא ידוע,,לא ידוע,לא ידוע,לא ידוע,שישי,לילה,יום רגיל,11,22,7400,4,,
2025031732,קלה,0,עירוני בצומת,1,עד 50,,אין ליקוי,בהיר,יבש,שלישי,יום,יום רגיל,7,9,5000,5,,
2025031736,קלה,0,עירוני בצומת,1,עד 50,5 עד 7 מטר,אין ליקוי,בהיר,יבש,רביעי,יום,יום רגיל,11,9,4000,3,,
2025031738,קשה,0,לא עירוני לא בצומת,0,לא ידוע,,לא ידוע,לא ידוע,לא ידוע,שבת,לילה,יום רגיל,8,0,0,6,,
2025031742,קשה,0,לא עירוני לא בצומת,0,100,7 עד 10.5 מטר,אין ליקוי,בהיר,יבש,שלישי,יום,יום רגיל,3,17,0,2,,
2025031748,קלה,0,עירוני בצומת,1,עד 50,10.5 עד 14 מטר,אין ליקוי,לא ידוע,יבש,ראשון,יום,יום רגיל,10,17,1031,6,,
2025031757,קלה,0,עירוני לא בצומת,1,עד 50,7 עד 10.5 מטר,אין ליקוי,בהיר,יבש,רביעי,יום,יום רגיל,2,14,1061,2,,
2025031839,קשה,0,עירוני לא בצומת,1,עד 50,5 עד 7 מטר,אין ליקוי,בהיר,יבש,שלישי,יום,יום רגיל,9,11,8300,4,,
2025031916,קלה,0,עירוני לא בצומת,1,עד 50,10.5 עד 14 מטר,אין ליקוי,בהיר,יבש,שלישי,יום,יום רגיל,11,13,6100,5,,
2025031929,קשה,0,עירוני לא בצומת,1,לא ידוע,,לא ידוע,לא ידוע,לא ידוע,שלישי,יום,חול המועד,4,16,6600,5,,
2025031937,קשה,0,עירוני לא בצומת,1,עד 50,5 עד 7 מטר,אין ליקוי,בהיר,יבש,שני,יום,יום רגיל,7,12,5000,5,,
2025031947,קשה,0,עירוני לא בצומת,1,עד 50,7 עד 10.5 מטר,אין ליקוי,בהיר,יבש,ראשון,יום,יום רגיל,8,15,8700,4,,
2025031950,קלה,0,לא עירוני לא בצומת,0,70,7 עד 10.5 מטר,אין ליקוי,בהיר,אחר,שישי,יום,יום רגיל,12,8,0,1,,
2025031952,קלה,0,עירוני לא בצומת,1,עד 50,5 עד 7 מטר,אין ליקוי,בהיר,יבש,שישי,יום,יום רגיל,9,13,7800,3,,
2025032003,קלה,0,עירוני לא בצומת,1,עד 50,7 עד 10.5 מטר,אין ליקוי,לא ידוע,לא ידוע,שבת,לילה,יום רגיל,3,0,70,6,,
2025032015,קלה,0,לא עירוני בצומת,0,90,7 עד 10.5 מטר,אין ליקוי,בהיר,יבש,רביעי,יום,יום רגיל,6,15,0,6,,
2025032029,קלה,0,עירוני בצומת,1,עד 50,5 עד 7 מטר,אין ליקוי,בהיר,יבש,חמישי,לילה,יום רגיל,4,20,7900,4,,
2025032042,קשה,0,עירוני לא בצומת,1,לא ידוע,,לא ידוע,לא ידוע,לא ידוע,שלישי,לילה,יום רגיל,8,19,7900,4,,
2025032049,קלה,0,עירוני לא בצומת,1,לא ידוע,,לא ידוע,לא ידוע,לא ידוע,חמישי,לילה,חג,5,2,8600,5,,
2025032062,קלה,0,עירוני בצומת,1,עד 50,5 עד 7 מטר,אין ליקוי,בהיר,יבש,שני,יום,יום רגיל,5,7,5000,5,,
2025032084,קשה,0,לא עירוני לא בצומת,0,לא ידוע,,לא ידוע,לא ידוע,לא ידוע,שני,יום,יום רגיל,2,10,0,2,,
2025032113,קלה,0,עירוני בצומת,1,עד 50,5 עד 7 מטר,אין ליקוי,בהיר,יבש,שישי,יום,יום רגיל,10,13,6200,5,,
2025032115,קלה,0,לא עירוני בצומת,0,90,7 עד 10.5 מטר,אין ליקוי,בהיר,יבש,רביעי,לילה,יום רגיל,2,21,0,4,,
2025032117,קשה,0,עירוני לא בצומת,1,עד 50,10.5 עד 14 מטר,אין ליקוי,בהיר,יבש,ראשון,יום,יום רגיל,8,8,8400,4,,
2025032123,קשה,0,עירוני לא בצומת,1,לא ידוע,,לא ידוע,לא ידוע,לא ידוע,חמישי,יום,יום רגיל,1,14,6300,5,,
2025032136,קשה,0,עירוני לא בצומת,1,לא ידוע,,לא ידוע,לא ידוע,לא ידוע,שבת,לילה,יום רגיל,10,20,6800,3,,
2025032142,קטלנית,1,לא עירוני לא בצומת,0,80,10.5 עד 14 מטר,אין ליקוי,בהיר,יבש,שלישי,לילה,יום רגיל,1,20,0,2,,
2025032143,קשה,0,עירוני לא בצומת,1,לא ידוע,,לא ידוע,לא ידוע,לא ידוע,שני,יום,יום רגיל,6,12,1059,6,,
2025032193,קלה,0,עירוני בצומת,1,עד 50,7 עד 10.5 מטר,אין ליקוי,בהיר,יבש,שני,לילה,יום רגיל,6,22,7900,4,,
2025032198,קלה,0,עירוני בצומת,1,עד 50,7 עד 10.5 מטר,אין ליקוי,לא ידוע,יבש,חמישי,יום,יום רגיל,2,16,4000,3,,
2025032202,קלה,0,עירוני בצומת,1,עד 50,5 עד 7 מטר,אין ליקוי,בהיר,יבש,שני,לילה,יום רגיל,2,21,7400,4,,
2025032206,קלה,0,עירוני בצומת,1,עד 50,7 עד 10.5 מטר,אין ליקוי,בהיר,יבש,שבת,יום,יום רגיל,3,13,4000,3,,
2025032207,קלה,0,עירוני לא בצומת,1,עד 50,,אין ליקוי,בהיר,יבש,ראשון,יום,יום רגיל,8,14,3780,7,,
2025032208,קלה,0,עירוני בצומת,1,עד 50,,אין ליקוי,בהיר,יבש,שבת,לילה,יום רגיל,9,22,7900,4,,
2025032209,קשה,0,לא עירוני לא בצומת,0,לא ידוע,,לא ידוע,לא ידוע,לא ידוע,שלישי,יום,יום רגיל,9,15,0,6,,
2025032214,קשה,0,לא עירוני בצומת,0,לא ידוע,,לא ידוע,לא ידוע,לא ידוע,ראשון,יום,יום רגיל,3,8,0,3,,
2025032240,קשה,0,עירוני לא בצומת,1,לא ידוע,,לא ידוע,לא ידוע,לא ידוע,שלישי,יום,יום רגיל,3,14,2660,4,,
2025032251,קשה,0,עירוני לא בצומת,1,עד 50,5 עד 7 מטר,אין ליקוי,בהיר,יבש,רביעי,יום,יום רגיל,5,8,3000,1,,
2025032259,קטלנית,1,לא עירוני לא בצומת,0,עד 50,5 עד 7 מטר,אין ליקוי,בהיר,יבש,רביעי,לילה,יום רגיל,5,21,0,2,,
2025032263,קשה,0,עירוני לא בצומת,1,לא ידוע,,לא ידוע,לא ידוע,לא ידוע,שני,יום,יום רגיל,11,8,516,2,,
2025032272,קלה,0,לא עירוני בצומת,0,90,10.5 עד 14 מטר,אין ליקוי,בהיר,יבש,שישי,לילה,יום רגיל,3,22,0,2,,
2025032273,קלה,0,עירוני בצומת,1,לא ידוע,,לא ידוע,לא ידוע,לא ידוע,שני,יום,יום רגיל,12,11,7900,4,,
2025032291,קטלנית,1,לא עירוני לא בצומת,0,80,7 עד 10.5 מטר,אין ליקוי,בהיר,יבש,שני,יום,יום רגיל,3,12,0,6,,
2025032301,קלה,0,עירוני לא בצומת,1,עד 50,5 עד 7 מטר,אין ליקוי,בהיר,יבש,שני,יום,יום רגיל,3,13,6600,5,,
2025032310,קלה,0,לא עירוני לא בצומת,0,עד 50,7 עד 10.5 מטר,אין ליקוי,בהיר,יבש,שלישי,יום,חול המועד,4,12,0,3,,
2025032316,קלה,0,עירוני בצומת,1,לא ידוע,,לא ידוע,לא ידוע,לא ידוע,שלישי,יום,יום רגיל,10,11,5000,5,,
2025032334,קלה,0,עירוני בצומת,1,עד 50,5 עד 7 מטר,אין ליקוי,בהיר,יבש,שישי,לילה,יום רגיל,10,2,4000,3,,
2025032341,קשה,0,לא עירוני לא בצומת,0,לא ידוע,,לא ידוע,לא ידוע,לא ידוע,ראשון,לילה,יום רגיל,5,21,0,2,,
2025032366,קלה,0,עירוני בצומת,1,עד 50,5 עד 7 מטר,אין ליקוי,בהיר,יבש,שלישי,יום,יום רגיל,3,17,4000,3,,
2025032381,קלה,0,עירוני בצומת,1,עד 50,יותר מ-14 מטר,אין ליקוי,בהיר,יבש,חמישי,יום,יום רגיל,2,15,1200,4,,
2025032384,קטלנית,1,עירוני בצומת,1,60,,אין ליקוי,בהיר,יבש,שלישי,יום,יום רגיל,9,17,9000,6,,
2025032387,קלה,0,עירוני לא בצומת,1,עד 50,7 עד 10.5 מטר,אין ליקוי,בהיר,יבש,ראשון,לילה,יום רגיל,3,23,3000,1,,
2025032407,קשה,0,עירוני לא בצומת,1,לא ידוע,,לא ידוע,לא ידוע,לא ידוע,רביעי,לילה,יום רגיל,12,6,7900,4,,
2025032417,קלה,0,לא עירוני בצומת,0,עד 50,5 עד 7 מטר,אין ליקוי,לא ידוע,יבש,רביעי,יום,יום רגיל,3,13,0,3,,
2025032418,קשה,0,עירוני לא בצומת,1,עד 50,5 עד 7 מטר,אין ליקוי,בהיר,יבש,רביעי,לילה,יום רגיל,7,22,978,2,,
2025032438,קלה,0,לא עירוני לא בצומת,0,60,7 עד 10.5 מטר,אין ליקוי,בהיר,יבש,חמישי,לילה,יום רגיל,9,23,0,4,,
2025032469,קלה,0,עירוני בצומת,1,עד 50,7 עד 10.5 מטר,אין ליקוי,בהיר,יבש,שלישי,יום,יום רגיל,10,13,4000,3,,
2025032479,קלה,0,עירוני לא בצומת,1,עד 50,5 עד 7 מטר,אין ליקוי,בהיר,יבש,שני,יום,יום רגיל,7,10,6900,4,,
2025032484,קלה,0,עירוני בצומת,1,עד 50,7 עד 10.5 מטר,אין ליקוי,לא ידוע,יבש,שישי,יום,יום רגיל,2,13,2500,3,,
2025032488,קלה,0,עירוני לא בצומת,1,עד 50,7 עד 10.5 מטר,אין ליקוי,בהיר,יבש,שלישי,לילה,יום רגיל,6,20,1061,2,,
2025032512,קלה,0,עירוני בצומת,1,עד 50,5 עד 7 מטר,אין ליקוי,בהיר,יבש,שבת,לילה,יום רגיל,3,18,316,4,,
2025032514,קלה,0,לא עירוני לא בצומת,0,90,,אין ליקוי,בהיר,יבש,ראשון,יום,ערב חג,6,10,0,5,,
2025032519,קלה,0,עירוני בצומת,1,עד 50,5 עד 7 מטר,אין ליקוי,לא ידוע,לא ידוע,ראשון,לילה,יום רגיל,12,20,7400,4,,
2025032520,קשה,0,לא עירוני לא בצומת,0,90,10.5 עד 14 מטר,אין ליקוי,בהיר,יבש,חמישי,יום,יום רגיל,5,15,0,4,,
2025032529,קלה,0,עירוני בצומת,1,עד 50,5 עד 7 מטר,אין ליקוי,בהיר,יבש,רביעי,יום,יום רגיל,2,6,7400,4,,
2025032544,קלה,0,עירוני לא בצומת,1,עד 50,5 עד 7 מטר,אין ליקוי,בהיר,יבש,שני,לילה,יום רגיל,5,20,7700,2,,
2025032581,קלה,0,עירוני בצומת,1,עד 50,5 עד 7 מטר,אין ליקוי,בהיר,יבש,שלישי,יום,יום רגיל,2,12,3000,1,,
2025032587,קלה,0,עירוני לא בצומת,1,עד 50,7 עד 10.5 מטר,אין ליקוי,בהיר,יבש,ראשון,יום,יום רגיל,1,16,8600,5,,
2025032600,קלה,0,עירוני לא בצומת,1,עד 50,5 עד 7 מטר,אין ליקוי,בהיר,יבש,שבת,לילה,יום רגיל,1,21,154,4,,
2025032618,קטלנית,1,עירוני לא בצומת,1,עד 50,עד 5 מטר,אין ליקוי,בהיר,יבש,שלישי,לילה,יום רגיל,4,20,7400,4,,
2025032634,קלה,0,עירוני בצומת,1,עד 50,יותר מ-14 מטר,אין ליקוי,בהיר,יבש,רביעי,יום,יום רגיל,2,7,70,6,,
2025032640,קלה,0,עירוני לא בצומת,1,עד 50,10.5 עד 14 מטר,אין ליקוי,בהיר,יבש,שבת,יום,יום רגיל,5,12,7400,4,,
2025032643,קלה,0,לא עירוני בצומת,0,60,5 עד 7 מטר,אין ליקוי,לא ידוע,יבש,רביעי,יום,יום רגיל,9,9,0,1,,
2025032669,קלה,0,עירוני לא בצומת,1,עד 50,עד 5 מטר,לא ידוע,לא ידוע,לא ידוע,חמישי,לילה,יום רגיל,4,23,6600,5,,
2025032671,קלה,0,עירוני לא בצומת,1,עד 50,5 עד 7 מטר,אין ליקוי,בהיר,יבש,שלישי,יום,יום רגיל,7,18,1200,4,,
2025032678,קשה,0,לא עירוני לא בצומת,0,,יותר מ-14 מטר,אין ליקוי,בהיר,יבש,ראשון,לילה,יום רגיל,1,6,0,4,,
2025032697,קשה,0,לא עירוני לא בצומת,0,לא ידוע,,לא ידוע,לא ידוע,לא ידוע,חמישי,יום,יום רגיל,4,15,0,6,,
2025032698,קשה,0,עירוני לא בצומת,1,לא ידוע,,לא ידוע,לא ידוע,לא ידוע,שישי,לילה,יום רגיל,3,21,2710,3,,
2025032714,קלה,0,לא עירוני בצומת,0,עד 50,יותר מ-14 מטר,אין ליקוי,בהיר,רטוב ממים,שני,לילה,יום רגיל,12,6,0,5,,
2025032729,קלה,0,עירוני בצומת,1,עד 50,7 עד 10.5 מטר,אין ליקוי,בהיר,יבש,שבת,לילה,יום רגיל,2,23,6600,5,,
2025032751,קלה,0,עירוני לא בצומת,1,60,7 עד 10.5 מטר,אין ליקוי,בהיר,יבש,שישי,יום,יום רגיל,11,9,5000,5,,
2025032752,קלה,0,לא עירוני בצומת,0,70,,אין ליקוי,לא ידוע,יבש,שישי,יום,יום רגיל,2,15,0,6,,
2025032759,קשה,0,לא עירוני לא בצומת,0,60,7 עד 10.5 מטר,אין ליקוי,בהיר,יבש,שישי,לילה,יום רגיל,3,0,0,7,,
2025032761,קלה,0,עירוני בצומת,1,70,5 עד 7 מטר,אין ליקוי,בהיר,יבש,חמישי,יום,יום רגיל,3,17,9600,3,,
2025032772,קלה,0,עירוני בצומת,1,עד 50,10.5 עד 14 מטר,אין ליקוי,בהיר,יבש,ראשון,יום,יום רגיל,3,16,9100,2,,
2025032790,קלה,0,עירוני לא בצומת,1,לא ידוע,,לא ידוע,לא ידוע,לא ידוע,שני,יום,יום רגיל,5,11,2660,4,,
2025032806,קלה,0,עירוני לא בצומת,1,עד 50,5 עד 7 מטר,אין ליקוי,בהיר,יבש,שלישי,יום,יום רגיל,8,11,8600,5,,
2025032823,קלה,0,עירוני בצומת,1,עד 50,יותר מ-14 מטר,אין ליקוי,בהיר,יבש,שני,לילה,יום רגיל,1,5,4000,3,,
2025032828,קלה,0,עירוני בצומת,1,עד 50,10.5 עד 14 מטר,אין ליקוי,בהיר,יבש,שלישי,יום,יום רגיל,5,13,5000,5,,
2025032830,קלה,0,עירוני בצומת,1,עד 50,יותר מ-14 מטר,אין ליקוי,בהיר,יבש,חמישי,יום,יום רגיל,11,7,7900,4,,
2025032842,קלה,0,עירוני לא בצומת,1,עד 50,,אין ליקוי,בהיר,יבש,רביעי,יום,יום רגיל,9,11,5000,5,,
2025032855,קשה,0,עירוני לא בצומת,1,לא ידוע,,לא ידוע,לא ידוע,לא ידוע,רביעי,לילה,יום רגיל,1,19,7400,4,,
2025032882,קשה,0,עירוני בצומת,1,לא ידוע,,לא ידוע,לא ידוע,לא ידוע,רביעי,לילה,יום רגיל,6,20,7900,4,,
2025032890,קשה,0,לא עירוני לא בצומת,0,80,10.5 עד 14 מטר,אין ליקוי,בהיר,יבש,ראשון,יום,יום רגיל,12,7,0,4,,
2025032892,קשה,0,לא עירוני לא בצומת,0,80,7 עד 10.5 מטר,אין ליקוי,בהיר,יבש,שבת,יום,יום רגיל,8,9,0,1,,
2025032907,קלה,0,עירוני בצומת,1,עד 50,יותר מ-14 מטר,אין ליקוי,בהיר,יבש,שלישי,יום,יום רגיל,12,14,7900,4,,
2025032910,קלה,0,עירוני בצומת,1,עד 50,,אין ליקוי,בהיר,יבש,חמישי,יום,יום רגיל,9,6,5000,5,,
2025032917,קלה,0,לא עירוני בצומת,0,90,7 עד 10.5 מטר,לא ידוע,בהיר,יבש,שבת,יום,ערב חג,4,10,0,2,,
2025032925,קלה,0,לא עירוני בצומת,0,עד 50,10.5 עד 14 מטר,אין ליקוי,לא ידוע,יבש,שישי,לילה,יום רגיל,2,18,0,2,,
2025032945,קטלנית,1,לא עירוני בצומת,0,עד 50,7 עד 10.5 מטר,אין ליקוי,בהיר,יבש,חמישי,יום,יום רגיל,5,10,0,2,,
2025032974,קלה,0,לא עירוני בצומת,0,90,יותר מ-14 מטר,לא ידוע,אחר,יבש,שני,לילה,יום רגיל,6,23,0,4,,
2025033026,קשה,0,לא עירוני לא בצומת,0,לא ידוע,,לא ידוע,לא ידוע,לא ידוע,ראשון,לילה,יום רגיל,10,20,0,6,,
2025033046,קלה,0,עירוני בצומת,1,70,10.5 עד 14 מטר,אין ליקוי,בהיר,יבש,ראשון,יום,יום רגיל,9,11,70,6,,
2025033051,קלה,0,עירוני בצומת,1,עד 50,10.5 עד 14 מטר,אין ליקוי,בהיר,יבש,רביעי,יום,יום רגיל,5,9,8700,4,,
2025033059,קלה,0,לא עירוני לא בצומת,0,עד 50,עד 5 מטר,אין ליקוי,בהיר,יבש,שני,לילה,יום רגיל,8,1,0,9,,
2025033064,קלה,0,עירוני בצומת,1,עד 50,5 עד 7 מטר,אין ליקוי,בהיר,יבש,שני,לילה,יום רגיל,1,17,6100,5,,
2025033067,קטלנית,1,עירוני בצומת,1,עד 50,5 עד 7 מטר,אין ליקוי,בהיר,יבש,חמישי,יום,יום רגיל,8,14,3557,7,,
2025033086,קלה,0,לא עירוני בצומת,0,עד 50,7 עד 10.5 מטר,אין ליקוי,בהיר,יבש,ראשון,יום,יום רגיל,1,9,0,2,,
2025033097,קלה,0,לא עירוני בצומת,0,80,5 עד 7 מטר,אין ליקוי,בהיר,יבש,חמישי,לילה,יום רגיל,3,18,0,1,,
2025033103,קלה,0,לא עירוני לא בצומת,0,60,7 עד 10.5 מטר,אין ליקוי,בהיר,יבש,רביעי,יום,יום רגיל,7,15,0,4,,
2025033109,קשה,0,עירוני בצומת,1,עד 50,,אין ליקוי,בהיר,יבש,שלישי,יום,יום רגיל,8,15,5000,5,,
2025033130,קלה,0,עירוני בצומת,1,עד 50,5 עד 7 מטר,אין ליקוי,בהיר,יבש,שני,לילה,יום רגיל,4,19,2620,5,,
2025033169,קשה,0,עירוני לא בצומת,1,לא ידוע,,לא ידוע,לא ידוע,לא ידוע,ראשון,יום,יום רגיל,5,11,8600,5,,
2025033189,קטלנית,1,עירוני לא בצומת,1,עד 50,5 עד 7 מטר,אין ליקוי,בהיר,חול או חצץ על הכביש,חמישי,יום,יום רגיל,7,7,6100,5,,
2025033196,קלה,0,עירוני בצומת,1,עד 50,5 עד 7 מטר,אין ליקוי,בהיר,יבש,רביעי,יום,יום רגיל,9,14,5000,5,,
2025033213,קלה,0,עירוני בצומת,1,עד 50,,אין ליקוי,גשום,רטוב ממים,רביעי,לילה,יום רגיל,2,18,5000,5,,
2025033217,קשה,0,לא עירוני לא בצומת,0,80,7 עד 10.5 מטר,אין ליקוי,בהיר,יבש,שלישי,יום,יום רגיל,6,7,0,6,,
2025033242,קלה,0,עירוני בצומת,1,עד 50,5 עד 7 מטר,אין ליקוי,בהיר,יבש,שני,יום,יום רגיל,3,7,7900,4,,
2025033291,קלה,0,עירוני לא בצומת,1,עד 50,5 עד 7 מטר,אין ליקוי,בהיר,יבש,רביעי,יום,יום רגיל,7,11,182,4,,
2025033301,קלה,0,לא עירוני בצומת,0,70,7 עד 10.5 מטר,אין ליקוי,בהיר,יבש,חמישי,יום,יום רגיל,7,13,0,7,,
2025033303,קלה,0,לא עירוני לא בצומת,0,90,7 עד 10.5 מטר,אין ליקוי,אחר,יבש,שלישי,יום,יום רגיל,2,17,0,2,,
2025033305,קלה,0,עירוני בצומת,1,עד 50,10.5 עד 14 מטר,אין ליקוי,בהיר,יבש,שלישי,לילה,יום רגיל,1,6,5000,5,,
2025033317,קלה,0,עירוני בצומת,1,עד 50,5 עד 7 מטר,אין ליקוי,בהיר,יבש,רביעי,לילה,יום רגיל,3,19,6600,5,,
2025033320,קלה,0,עירוני לא בצומת,1,עד 50,10.5 עד 14 מטר,אין ליקוי,בהיר,יבש,ראשון,יום,יום רגיל,1,11,7100,6,,
2025033332,קלה,0,עירוני לא בצומת,1,עד 50,5 עד 7 מטר,אין ליקוי,בהיר,יבש,שלישי,לילה,יום רגיל,9,21,9100,2,,
2025033343,קטלנית,1,עירוני בצומת,1,עד 50,10.5 עד 14 מטר,אין ליקוי,בהיר,יבש,שלישי,יום,יום רגיל,9,14,3000,1,,
2025033352,קלה,0,עירוני לא בצומת,1,עד 50,10.5 עד 14 מטר,אין ליקוי,בהיר,יבש,שני,יום,ערב חג,9,10,7900,4,,
2025033361,קלה,0,עירוני לא בצומת,1,עד 50,5 עד 7 מטר,אין ליקוי,גשום,רטוב ממים,רביעי,יום,יום רגיל,12,10,6600,5,,
2025033380,קלה,0,לא עירוני בצומת,0,90,יותר מ-14 מטר,אין ליקוי,בהיר,יבש,שני,לילה,יום רגיל,4,20,0,3,,
2025033388,קלה,0,לא עירוני בצומת,0,90,5 עד 7 מטר,אין ליקוי,בהיר,יבש,חמישי,יום,יום רגיל,2,16,0,6,,
2025033397,קלה,0,עירוני לא בצומת,1,עד 50,5 עד 7 מטר,אין ליקוי,בהיר,יבש,שלישי,לילה,יום רגיל,2,20,5000,5,,
2025033415,קלה,0,עירוני לא בצומת,1,לא ידוע,,לא ידוע,לא ידוע,לא ידוע,רביעי,לילה,יום רגיל,12,22,5000,5,,
2025033422,קלה,0,לא עירוני בצומת,0,90,10.5 עד 14 מטר,אין ליקוי,בהיר,יבש,שישי,יום,יום רגיל,10,13,0,4,,
2025033428,קשה,0,לא עירוני לא בצומת,0,לא ידוע,,לא ידוע,לא ידוע,לא ידוע,שבת,יום,יום רגיל,9,7,0,4,,
2025033503,קשה,0,לא עירוני לא בצומת,0,לא ידוע,,לא ידוע,לא ידוע,לא ידוע,שני,יום,ערב חג,10,9,0,3,,
2025033508,קשה,0,עירוני לא בצומת,1,לא ידוע,,לא ידוע,לא ידוע,לא ידוע,שישי,יום,יום רגיל,11,12,2610,1,,
2025033516,קלה,0,עירוני בצומת,1,עד 50,5 עד 7 מטר,אין ליקוי,בהיר,יבש,ראשון,לילה,יום רגיל,5,0,3000,1,,
2025033519,קשה,0,עירוני לא בצומת,1,עד 50,7 עד 10.5 מטר,אין ליקוי,בהיר,יבש,שני,יום,יום רגיל,8,16,700,6,,
2025033523,קשה,0,עירוני לא בצומת,1,לא ידוע,,לא ידוע,לא ידוע,לא ידוע,שישי,לילה,יום רגיל,8,0,2730,4,,
2025033529,קלה,0,עירוני בצומת,1,עד 50,10.5 עד 14 מטר,אין ליקוי,בהיר,יבש,רביעי,יום,יום רגיל,5,12,6600,5,,
2025033540,קשה,0,עירוני לא בצומת,1,70,7 עד 10.5 מטר,אין ליקוי,בהיר,יבש,ראשון,יום,יום רגיל,9,12,154,4,,
2025033554,קלה,0,לא עירוני בצומת,0,90,10.5 עד 14 מטר,אין ליקוי,בהיר,יבש,חמישי,יום,יום רגיל,4,18,0,4,,
2025033566,קשה,0,עירוני בצומת,1,לא ידוע,,לא ידוע,לא ידוע,לא ידוע,חמישי,יום,חול המועד,4,16,681,4,,
2025033569,קלה,0,עירוני לא בצומת,1,עד 50,5 עד 7 מטר,אין ליקוי,לא ידוע,לא ידוע,חמישי,לילה,יום רגיל,1,17,1761,6,,
2025033597,קלה,0,עירוני בצומת,1,לא ידוע,,לא ידוע,לא ידוע,לא ידוע,רביעי,יום,חול המועד,10,10,5000,5,,
2025033603,קלה,0,לא עירוני בצומת,0,70,10.5 עד 14 מטר,אין ליקוי,בהיר,יבש,ראשון,יום,יום רגיל,5,10,0,2,,
2025033621,קשה,0,לא עירוני לא בצומת,0,80,7 עד 10.5 מטר,אין ליקוי,גשום,רטוב ממים,שני,לילה,יום רגיל,12,16,0,7,,
2025033630,קשה,0,עירוני לא בצומת,1,עד 50,5 עד 7 מטר,אין ליקוי,בהיר,יבש,שני,יום,יום רגיל,11,16,3000,1,,
2025033631,קלה,0,עירוני בצומת,1,עד 50,7 עד 10.5 מטר,אין ליקוי,בהיר,רטוב ממים,חמישי,יום,יום רגיל,1,14,3000,1,,
2025033637,קשה,0,לא עירוני בצומת,0,90,7 עד 10.5 מטר,אין ליקוי,בהיר,יבש,שני,לילה,יום רגיל,4,20,0,6,,
2025033643,קלה,0,עירוני בצומת,1,עד 50,7 עד 10.5 מטר,אין ליקוי,בהיר,יבש,חמישי,לילה,יום רגיל,1,1,6600,5,,
2025033654,קלה,0,עירוני בצומת,1,עד 50,,אין ליקוי,בהיר,יבש,שלישי,יום,יום רגיל,5,11,6400,5,,
2025033694,קטלנית,1,לא עירוני לא בצומת,0,90,7 עד 10.5 מטר,אין ליקוי,גשום,רטוב ממים,שישי,לילה,יום רגיל,3,22,0,6,,
2025033711,קשה,0,עירוני בצומת,1,עד 50,10.5 עד 14 מטר,אין ליקוי,בהיר,יבש,שישי,יום,יום רגיל,10,14,70,6,,
2025033720,קלה,0,לא עירוני בצומת,0,80,10.5 עד 14 מטר,אין ליקוי,בהיר,יבש,חמישי,יום,יום רגיל,4,13,0,2,,
2025033747,קלה,0,לא עירוני לא בצומת,0,80,7 עד 10.5 מטר,אין ליקוי,גשום,רטוב ממים,שישי,יום,יום רגיל,11,13,0,7,,
2025033749,קלה,0,עירוני בצומת,1,עד 50,5 עד 7 מטר,אין ליקוי,בהיר,יבש,שישי,לילה,ערב חג,4,20,3000,1,,
2025033767,קשה,0,לא עירוני בצומת,0,70,יותר מ-14 מטר,אין ליקוי,בהיר,יבש,חמישי,יום,יום רגיל,6,18,0,5,,
2025033771,קשה,0,עירוני לא בצומת,1,עד 50,5 עד 7 מטר,אין ליקוי,בהיר,יבש,שני,לילה,יום רגיל,9,20,6700,2,,
2025033782,קשה,0,לא עירוני בצומת,0,עד 50,7 עד 10.5 מטר,אין ליקוי,בהיר,יבש,רביעי,יום,חול המועד,4,17,0,5,,
2025033783,קלה,0,לא עירוני לא בצומת,0,100,7 עד 10.5 מטר,אין ליקוי,בהיר,יבש,חמישי,יום,יום רגיל,10,17,0,4,,
2025033786,קלה,0,עירוני בצומת,1,עד 50,5 עד 7 מטר,אין ליקוי,בהיר,יבש,שבת,יום,יום רגיל,6,7,6200,5,,
2025033800,קלה,0,עירוני בצומת,1,עד 50,7 עד 10.5 מטר,אין ליקוי,בהיר,יבש,שלישי,יום,יום רגיל,5,13,9000,6,,
2025033843,קלה,0,עירוני בצומת,1,עד 50,עד 5 מטר,אין ליקוי,בהיר,יבש,רביעי,יום,יום רגיל,12,15,7900,4,,
2025033855,קלה,0,לא עירוני בצומת,0,80,5 עד 7 מטר,אין ליקוי,בהיר,יבש,שישי,יום,יום רגיל,1,13,0,6,,
2025033884,קלה,0,עירוני בצומת,1,עד 50,7 עד 10.5 מטר,אין ליקוי,בהיר,יבש,שישי,יום,יום רגיל,1,7,70,6,,
2025033897,קלה,0,עירוני בצומת,1,עד 50,10.5 עד 14 מטר,אין ליקוי,בהיר,יבש,שני,לילה,יום רגיל,10,17,5000,5,,
2025033901,קלה,0,עירוני לא בצומת,1,עד 50,5 עד 7 מטר,אין ליקוי,בהיר,יבש,שני,יום,יום רגיל,3,16,2100,3,,
2025033917,קשה,0,עירוני לא בצומת,1,עד 50,7 עד 10.5 מטר,אין ליקוי,בהיר,יבש,שישי,לילה,יום רגיל,11,2,53,3,,
2025033940,קשה,0,עירוני לא בצומת,1,לא ידוע,,לא ידוע,לא ידוע,לא ידוע,שלישי,לילה,יום רגיל,4,20,3000,1,,
2025033965,קשה,0,עירוני לא בצומת,1,לא ידוע,,לא ידוע,לא ידוע,לא ידוע,שני,יום,יום רגיל,12,7,8600,5,,
2025033978,קטלנית,1,לא עירוני לא בצומת,0,,7 עד 10.5 מטר,אין ליקוי,שרבי,יבש,חמישי,לילה,יום רגיל,8,20,0,4,,
2025033980,קלה,0,עירוני בצומת,1,עד 50,7 עד 10.5 מטר,אין ליקוי,בהיר,יבש,חמישי,לילה,חג,10,21,6600,5,,
2025034004,קלה,0,לא עירוני בצומת,0,90,7 עד 10.5 מטר,אין ליקוי,בהיר,יבש,ראשון,יום,יום רגיל,2,15,0,3,,
2025034018,קלה,0,עירוני בצומת,1,עד 50,,לא ידוע,בהיר,יבש,שני,יום,יום רגיל,9,6,8200,3,,
2025034021,קשה,0,לא עירוני לא בצומת,0,80,7 עד 10.5 מטר,אין ליקוי,לא ידוע,יבש,שלישי,לילה,יום רגיל,3,20,0,7,,
2025034036,קשה,0,לא עירוני לא בצומת,0,90,יותר מ-14 מטר,אין ליקוי,בהיר,יבש,רביעי,לילה,יום רגיל,3,23,0,5,,
2025034038,קלה,0,עירוני לא בצומת,1,עד 50,5 עד 7 מטר,אין ליקוי,בהיר,יבש,חמישי,יום,יום רגיל,9,17,6600,5,,
2025034055,קלה,0,לא עירוני בצומת,0,80,10.5 עד 14 מטר,אין ליקוי,בהיר,יבש,שישי,יום,יום רגיל,6,10,0,4,,
2025034086,קלה,0,עירוני בצומת,1,60,יותר מ-14 מטר,אין ליקוי,בהיר,יבש,שלישי,יום,יום רגיל,5,7,9000,6,,
2025034117,קשה,0,עירוני בצומת,1,עד 50,7 עד 10.5 מטר,אין ליקוי,בהיר,יבש,ראשון,לילה,יום רגיל,2,20,3000,1,,
2025034127,קלה,0,עירוני בצומת,1,עד 50,5 עד 7 מטר,אין ליקוי,בהיר,יבש,שני,לילה,יום רגיל,10,20,4000,3,,
2025034148,קלה,0,עירוני בצומת,1,עד 50,7 עד 10.5 מטר,אין ליקוי,בהיר,יבש,שני,יום,יום רגיל,1,12,7400,4,,
2025034151,קלה,0,עירוני לא בצומת,1,לא ידוע,,לא ידוע,לא ידוע,לא ידוע,ראשון,יום,יום רגיל,9,17,5000,5,,
2025034154,קלה,0,לא עירוני בצומת,0,90,7 עד 10.5 מטר,אין ליקוי,בהיר,יבש,שבת,יום,יום רגיל,2,7,0,2,,
2025034175,קלה,0,לא עירוני לא בצומת,0,90,5 עד 7 מטר,אין ליקוי,בהיר,יבש,שלישי,יום,יום רגיל,6,14,0,6,,
2025034179,קלה,0,לא עירוני לא בצומת,0,80,7 עד 10.5 מטר,אין ליקוי,גשום,רטוב ממים,חמישי,לילה,יום רגיל,2,23,0,2,,
2025034209,קלה,0,עירוני בצומת,1,עד 50,10.5 עד 14 מטר,אין ליקוי,בהיר,יבש,רביעי,יום,יום רגיל,3,13,6800,3,,
2025034236,קשה,0,עירוני לא בצומת,1,לא ידוע,,לא ידוע,לא ידוע,לא ידוע,שלישי,יום,יום רגיל,4,14,8900,2,,
2025034253,קלה,0,עירוני בצומת,1,עד 50,7 עד 10.5 מטר,אין ליקוי,בהיר,יבש,רביעי,יום,יום רגיל,7,15,1139,2,,
2025034261,קלה,0,לא עירוני לא בצומת,0,90,7 עד 10.5 מטר,אין ליקוי,בהיר,יבש,שלישי,יום,יום רגיל,3,10,0,3,,
2025034266,קלה,0,עירוני לא בצומת,1,עד 50,5 עד 7 מטר,אין ליקוי,בהיר,יבש,שבת,לילה,יום רגיל,4,21,7900,4,,
2025034271,קלה,0,עירוני בצומת,1,עד 50,5 עד 7 מטר,אין ליקוי,בהיר,יבש,חמישי,יום,יום רגיל,4,12,8300,4,,
2025034295,קשה,0,עירוני בצומת,1,לא ידוע,,לא ידוע,לא ידוע,לא ידוע,שישי,לילה,יום רגיל,9,23,7900,4,,
2025034299,קלה,0,עירוני בצומת,1,100,10.5 עד 14 מטר,אין ליקוי,לא ידוע,יבש,שלישי,יום,יום רגיל,4,9,3000,1,,
2025034305,קלה,0,לא עירוני לא בצומת,0,80,,לא ידוע,בהיר,יבש,שני,לילה,יום רגיל,9,19,0,7,,
2025034313,קלה,0,עירוני בצומת,1,60,יותר מ-14 מטר,אין ליקוי,בהיר,יבש,שישי,יום,יום רגיל,1,13,9000,6,,
2025034320,קלה,0,עירוני לא בצומת,1,עד 50,7 עד 10.5 מטר,אין ליקוי,בהיר,יבש,רביעי,יום,יום רגיל,5,14,9000,6,,
2025034326,קלה,0,עירוני בצומת,1,עד 50,5 עד 7 מטר,אין ליקוי,בהיר,יבש,שישי,יום,יום רגיל,2,12,6600,5,,
2025034334,קלה,0,עירוני בצומת,1,עד 50,7 עד 10.5 מטר,אין ליקוי,בהיר,יבש,שני,יום,יום רגיל,11,13,166,4,,
2025034345,קלה,0,לא עירוני בצומת,0,70,יותר מ-14 מטר,אין ליקוי,בהיר,יבש,שישי,יום,יום רגיל,5,10,0,6,,
2025034356,קלה,0,לא עירוני בצומת,0,60,יותר מ-14 מטר,אין ליקוי,בהיר,יבש,ראשון,לילה,יום רגיל,8,19,0,3,,
2025034362,קשה,0,עירוני לא בצומת,1,לא ידוע,,לא ידוע,לא ידוע,לא ידוע,ראשון,יום,יום רגיל,5,8,5000,5,,
2025034363,קלה,0,לא עירוני לא בצומת,0,80,7 עד 10.5 מטר,אין ליקוי,בהיר,יבש,רביעי,יום,חול המועד,4,11,0,7,,
2025034371,קשה,0,עירוני בצומת,1,עד 50,5 עד 7 מטר,אין ליקוי,בהיר,יבש,חמישי,לילה,יום רגיל,2,18,2650,5,,
2025034380,קלה,0,לא עירוני בצומת,0,80,5 עד 7 מטר,אין ליקוי,בהיר,יבש,שישי,לילה,יום רגיל,6,23,0,4,,
2025034388,קשה,0,לא עירוני לא בצומת,0,לא ידוע,,לא ידוע,לא ידוע,לא ידוע,ראשון,לילה,יום רגיל,12,22,0,4,,
2025034400,קלה,0,עירוני בצומת,1,עד 50,7 עד 10.5 מטר,אין ליקוי,בהיר,יבש,חמישי,לילה,ערב חג,3,18,2660,4,,
2025034403,קלה,0,עירוני בצומת,1,עד 50,,אין ליקוי,בהיר,יבש,שני,יום,יום רגיל,5,13,7900,4,,
2025034408,קלה,0,לא עירוני לא בצומת,0,100,יותר מ-14 מטר,אין ליקוי,בהיר,יבש,רביעי,יום,יום רגיל,7,14,0,3,,
2025034416,קלה,0,עירוני בצומת,1,עד 50,5 עד 7 מטר,אין ליקוי,בהיר,יבש,רביעי,לילה,יום רגיל,3,20,7400,4,,
2025034455,קטלנית,1,לא עירוני לא בצומת,0,90,יותר מ-14 מטר,אין ליקוי,בהיר,יבש,שישי,לילה,יום רגיל,3,5,0,4,,
2025034462,קשה,0,עירוני לא בצומת,1,עד 50,5 עד 7 מטר,אין ליקוי,בהיר,יבש,שישי,יום,יום רגיל,8,15,5000,5,,
2025034473,קלה,0,לא עירוני לא בצומת,0,80,7 עד 10.5 מטר,אין ליקוי,בהיר,יבש,שבת,לילה,יום רגיל,1,21,0,7,,
2025034476,קשה,0,עירוני לא בצומת,1,לא ידוע,,לא ידוע,לא ידוע,לא ידוע,שני,יום,יום רגיל,6,16,6100,5,,
2025034484,קלה,0,לא עירוני לא בצומת,0,80,יותר מ-14 מטר,לא ידוע,בהיר,יבש,שני,יום,יום רגיל,3,15,0,2,,
2025034510,קלה,0,לא עירוני לא בצומת,0,לא ידוע,,לא ידוע,לא ידוע,לא ידוע,שני,יום,יום רגיל,5,11,0,3,,
2025034518,קלה,0,עירוני בצומת,1,עד 50,7 עד 10.5 מטר,אין ליקוי,בהיר,יבש,ראשון,לילה,יום רגיל,8,20,7100,6,,
2025034553,קשה,0,עירוני לא בצומת,1,לא ידוע,,לא ידוע,לא ידוע,לא ידוע,רביעי,יום,יום רגיל,5,13,529,2,,
2025034558,קלה,0,עירוני בצומת,1,עד 50,יותר מ-14 מטר,אין ליקוי,בהיר,יבש,ראשון,יום,יום רגיל,9,16,6900,4,,
2025034564,קשה,0,עירוני לא בצומת,1,לא ידוע,,לא ידוע,לא ידוע,לא ידוע,רביעי,יום,חול המועד,10,15,654,3,,
2025034567,קלה,0,עירוני בצומת,1,עד 50,5 עד 7 מטר,אין ליקוי,בהיר,יבש,חמישי,לילה,יום רגיל,5,23,6500,3,,
2025034586,קשה,0,עירוני בצומת,1,עד 50,,אין ליקוי,גשום,רטוב ממים,חמישי,לילה,יום רגיל,2,17,6200,5,,
2025034611,קלה,0,עירוני לא בצומת,1,עד 50,5 עד 7 מטר,אין ליקוי,בהיר,יבש,שישי,לילה,יום רגיל,1,2,3000,1,,
2025034632,קטלנית,1,לא עירוני בצומת,0,עד 50,10.5 עד 14 מטר,אין ליקוי,בהיר,יבש,שבת,יום,יום רגיל,3,16,0,4,,
2025034653,קלה,0,עירוני בצומת,1,עד 50,7 עד 10.5 מטר,אין ליקוי,בהיר,יבש,שישי,יום,יום רגיל,3,9,7800,3,,
2025034654,קלה,0,עירוני בצומת,1,עד 50,,אין ליקוי,בהיר,יבש,ראשון,יום,יום רגיל,6,15,8300,4,,
2025034672,קלה,0,עירוני בצומת,1,עד 50,10.5 עד 14 מטר,אין ליקוי,בהיר,יבש,שלישי,יום,יום רגיל,8,14,3000,1,,
2025034675,קשה,0,לא עירוני לא בצומת,0,80,5 עד 7 מטר,אין ליקוי,בהיר,יבש,חמישי,יום,חול המועד,10,14,0,7,,
2025034695,קלה,0,עירוני לא בצומת,1,עד 50,5 עד 7 מטר,אין ליקוי,בהיר,יבש,שני,יום,ערב חג,10,13,8600,5,,
2025034714,קלה,0,עירוני לא בצומת,1,עד 50,10.5 עד 14 מטר,אין ליקוי,בהיר,יבש,חמישי,יום,יום רגיל,9,13,4000,3,,
2025034717,קשה,0,לא עירוני בצומת,0,לא ידוע,,לא ידוע,לא ידוע,לא ידוע,רביעי,יום,יום רגיל,11,7,0,4,,
2025034731,קטלנית,1,עירוני בצומת,1,עד 50,7 עד 10.5 מטר,אין ליקוי,בהיר,יבש,חמישי,לילה,יום רגיל,11,16,706,6,,
2025034739,קשה,0,עירוני לא בצומת,1,עד 50,7 עד 10.5 מטר,אין ליקוי,בהיר,יבש,חמישי,יום,יום רגיל,8,9,7900,4,,
2025034757,קלה,0,לא עירוני בצומת,0,עד 50,10.5 עד 14 מטר,אין ליקוי,בהיר,יבש,שישי,יום,יום רגיל,2,16,0,3,,
2025034762,קלה,0,עירוני לא בצומת,1,עד 50,5 עד 7 מטר,אין ליקוי,בהיר,יבש,חמישי,יום,יום רגיל,11,8,4000,3,,
2025034818,קלה,0,עירוני לא בצומת,1,עד 50,5 עד 7 מטר,אין ליקוי,בהיר,יבש,שלישי,יום,יום רגיל,10,9,2100,3,,
2025034829,קלה,0,לא עירוני לא בצומת,0,70,10.5 עד 14 מטר,אין ליקוי,בהיר,יבש,חמישי,יום,יום רגיל,7,17,0,4,,
2025034832,קלה,0,לא עירוני בצומת,0,90,7 עד 10.5 מטר,אין ליקוי,בהיר,יבש,שלישי,יום,יום רגיל,5,18,0,4,,
2025034835,קטלנית,1,עירוני לא בצומת,1,עד 50,7 עד 10.5 מטר,אין ליקוי,בהיר,יבש,שלישי,לילה,יום רגיל,12,6,6100,5,,
2025034837,קשה,0,לא עירוני בצומת,0,80,יותר מ-14 מטר,אין ליקוי,בהיר,יבש,רביעי,לילה,יום רגיל,11,18,0,4,,
2025034842,קטלנית,1,עירוני בצומת,1,70,7 עד 10.5 מטר,אין ליקוי,בהיר,יבש,שישי,לילה,יום רגיל,5,0,9000,6,,
2025034854,קלה,0,עירוני בצומת,1,60,יותר מ-14 מטר,אין ליקוי,בהיר,יבש,ראשון,יום,יום רגיל,11,14,7200,4,,
2025034855,קלה,0,עירוני בצומת,1,עד 50,5 עד 7 מטר,אין ליקוי,גשום,לא ידוע,שישי,יום,יום רגיל,11,12,8700,4,,
2025034859,קלה,0,עירוני בצומת,1,עד 50,5 עד 7 מטר,אין ליקוי,בהיר,יבש,שבת,יום,יום רגיל,11,11,53,3,,
2025034892,קלה,0,לא עירוני בצומת,0,100,10.5 עד 14 מטר,אין ליקוי,בהיר,יבש,ראשון,לילה,יום רגיל,2,19,0,2,,
2025034899,קשה,0,לא עירוני לא בצומת,0,לא ידוע,,לא ידוע,לא ידוע,לא ידוע,חמישי,לילה,יום רגיל,9,5,0,4,,
2025034904,קלה,0,לא עירוני בצומת,0,80,10.5 עד 14 מטר,אין ליקוי,בהיר,יבש,שני,יום,יום רגיל,3,6,0,4,,
2025034906,קלה,0,עירוני לא בצומת,1,עד 50,5 עד 7 מטר,אין ליקוי,לא ידוע,יבש,שישי,יום,יום רגיל,5,10,5000,5,,
2025034907,קשה,0,עירוני לא בצומת,1,לא ידוע,,לא ידוע,לא ידוע,לא ידוע,שישי,יום,יום רגיל,1,12,8400,4,,
2025034926,קלה,0,עירוני לא בצומת,1,עד 50,10.5 עד 14 מטר,אין ליקוי,בהיר,יבש,ראשון,יום,יום רגיל,10,7,7400,4,,
2025034942,קלה,0,עירוני לא בצומת,1,עד 50,5 עד 7 מטר,אין ליקוי,בהיר,יבש,שני,יום,יום רגיל,3,9,4000,3,,
2025034947,קשה,0,עירוני בצומת,1,עד 50,יותר מ-14 מטר,אין ליקוי,בהיר,יבש,שלישי,יום,יום רגיל,7,10,70,6,,
2025034959,קשה,0,עירוני לא בצומת,1,לא ידוע,,לא ידוע,לא ידוע,לא ידוע,שני,יום,יום רגיל,6,8,2400,5,,
2025034971,קשה,0,עירוני לא בצומת,1,עד 50,5 עד 7 מטר,אין ליקוי,בהיר,יבש,חמישי,יום,יום רגיל,1,16,2600,6,,
2025034978,קלה,0,עירוני בצומת,1,עד 50,עד 5 מטר,אין ליקוי,בהיר,יבש,שני,יום,יום רגיל,11,11,7900,4,,
2025034979,קשה,0,עירוני בצומת,1,110,7 עד 10.5 מטר,אין ליקוי,בהיר,יבש,חמישי,יום,חג,5,14,3000,1,,
2025035019,קלה,0,לא עירוני בצומת,0,90,10.5 עד 14 מטר,אין ליקוי,בהיר,יבש,שלישי,יום,יום רגיל,6,7,0,6,,
2025035023,קלה,0,לא עירוני לא בצומת,0,110,7 עד 10.5 מטר,אין ליקוי,בהיר,יבש,שישי,לילה,יום רגיל,11,21,0,5,,
2025035025,קשה,0,לא עירוני לא בצומת,0,90,10.5 עד 14 מטר,אין ליקוי,בהיר,יבש,רביעי,לילה,יום רגיל,11,0,0,7,,
2025035032,קלה,0,עירוני לא בצומת,1,עד 50,,לא ידוע,בהיר,יבש,שני,לילה,יום רגיל,9,20,4000,3,,
2025035042,קלה,0,עירוני בצומת,1,עד 50,יותר מ-14 מטר,אין ליקוי,בהיר,יבש,ראשון,לילה,יום רגיל,12,18,4000,3,,
2025035063,קלה,0,עירוני בצומת,1,עד 50,7 עד 10.5 מטר,אין ליקוי,בהיר,יבש,שבת,יום,יום רגיל,7,14,2620,5,,
2025035068,קשה,0,עירוני בצומת,1,עד 50,5 עד 7 מטר,אין ליקוי,בהיר,יבש,חמישי,יום,יום רגיל,9,8,2610,1,,
2025035098,קשה,0,עירוני לא בצומת,1,עד 50,,לא ידוע,לא ידוע,לא ידוע,רביעי,לילה,יום רגיל,1,22,9000,6,,
2025035106,קשה,0,עירוני בצומת,1,עד 50,7 עד 10.5 מטר,אין ליקוי,בהיר,יבש,שני,יום,יום רגיל,4,14,6100,5,,
2025035111,קלה,0,לא עירוני לא בצומת,0,90,5 עד 7 מטר,אין ליקוי,לא ידוע,יבש,שלישי,יום,יום רגיל,8,14,0,6,,
2025035114,קשה,0,עירוני בצומת,1,עד 50,,אין ליקוי,בהיר,יבש,חמישי,יום,יום רגיל,3,12,8600,5,,
2025035115,קשה,0,לא עירוני לא בצומת,0,60,7 עד 10.5 מטר,אין ליקוי,בהיר,יבש,ראשון,יום,יום רגיל,1,13,0,2,,
2025035123,קשה,0,עירוני בצומת,1,עד 50,7 עד 10.5 מטר,אין ליקוי,בהיר,יבש,שלישי,יום,יום רגיל,5,14,70,6,,
2025035129,קטלנית,1,לא עירוני לא בצומת,0,80,7 עד 10.5 מטר,אין ליקוי,בהיר,יבש,רביעי,יום,יום רגיל,5,12,0,6,,
2025035144,קשה,0,עירוני לא בצומת,1,לא ידוע,,לא ידוע,לא ידוע,לא ידוע,חמישי,יום,יום רגיל,7,8,3000,1,,
2025035145,קלה,0,לא עירוני בצומת,0,90,יותר מ-14 מטר,אין ליקוי,בהיר,יבש,שלישי,יום,יום רגיל,5,13,0,6,,
2025035151,קלה,0,עירוני לא בצומת,1,עד 50,7 עד 10.5 מטר,אין ליקוי,בהיר,יבש,שני,יום,יום רגיל,6,14,1139,2,,
2025035152,קלה,0,עירוני בצומת,1,עד 50,7 עד 10.5 מטר,אין ליקוי,בהיר,יבש,שני,יום,יום רגיל,4,7,8600,5,,
2025035180,קלה,0,לא עירוני בצומת,0,עד 50,7 עד 10.5 מטר,אין ליקוי,בהיר,יבש,חמישי,לילה,יום רגיל,5,22,0,3,,
2025035192,קשה,0,לא עירוני לא בצומת,0,70,7 עד 10.5 מטר,אין ליקוי,בהיר,יבש,שני,לילה,יום רגיל,11,16,0,4,,
2025035223,קשה,0,עירוני לא בצומת,1,עד 50,5 עד 7 מטר,אין ליקוי,בהיר,יבש,רביעי,יום,יום רגיל,6,17,998,2,,
2025035224,קשה,0,לא עירוני בצומת,0,90,10.5 עד 14 מטר,אין ליקוי,בהיר,יבש,שני,לילה,יום רגיל,3,19,0,4,,
2025035249,קלה,0,עירוני לא בצומת,1,עד 50,5 עד 7 מטר,אין ליקוי,לא ידוע,יבש,ראשון,יום,יום רגיל,12,11,7400,4,,
2025035256,קשה,0,עירוני בצומת,1,עד 50,7 עד 10.5 מטר,אין ליקוי,בהיר,יבש,שבת,יום,יום רגיל,8,17,4000,3,,
2025035324,קשה,0,עירוני בצומת,1,90,,אין ליקוי,בהיר,יבש,ראשון,לילה,יום רגיל,1,20,6600,5,,
2025035330,קלה,0,לא עירוני בצומת,0,90,7 עד 10.5 מטר,אין ליקוי,לא ידוע,לא ידוע,חמישי,לילה,יום רגיל,12,21,0,4,,
2025035345,קשה,0,עירוני לא בצומת,1,עד 50,5 עד 7 מטר,לא ידוע,בהיר,יבש,ראשון,יום,יום רגיל,3,13,3815,7,,
2025035362,קלה,0,עירוני בצומת,1,עד 50,10.5 עד 14 מטר,אין ליקוי,בהיר,יבש,שבת,לילה,יום רגיל,7,22,6200,5,,
2025035365,קשה,0,עירוני לא בצומת,1,70,5 עד 7 מטר,אין ליקוי,בהיר,יבש,שישי,יום,יום רגיל,12,10,4000,3,,
2025035376,קשה,0,לא עירוני לא בצומת,0,לא ידוע,,לא ידוע,לא ידוע,לא ידוע,ראשון,יום,יום רגיל,4,9,0,5,,
2025035380,קלה,0,עירוני לא בצומת,1,60,5 עד 7 מטר,אין ליקוי,בהיר,יבש,חמישי,לילה,יום רגיל,5,21,6200,5,,
2025035389,קטלנית,1,לא עירוני לא בצומת,0,90,7 עד 10.5 מטר,אין ליקוי,בהיר,יבש,שלישי,יום,יום רגיל,8,15,0,6,,
2025035394,קלה,0,עירוני בצומת,1,עד 50,7 עד 10.5 מטר,אין ליקוי,בהיר,יבש,שישי,יום,יום רגיל,5,18,4000,3,,
2025035404,קלה,0,עירוני לא בצומת,1,עד 50,5 עד 7 מטר,אין ליקוי,בהיר,יבש,שישי,לילה,יום רגיל,6,21,5000,5,,
2025035406,קלה,0,עירוני בצומת,1,עד 50,עד 5 מטר,אין ליקוי,בהיר,יבש,חמישי,יום,יום רגיל,4,7,6600,5,,
2025035407,קלה,0,לא עירוני בצומת,0,90,10.5 עד 14 מטר,אין ליקוי,בהיר,יבש,ראשון,לילה,יום רגיל,10,3,0,2,,
2025035414,קטלנית,1,לא עירוני לא בצומת,0,עד 50,7 עד 10.5 מטר,אין ליקוי,בהיר,יבש,ראשון,לילה,יום רגיל,11,5,0,2,,
2025035416,קלה,0,עירוני בצומת,1,עד 50,7 עד 10.5 מטר,אין ליקוי,בהיר,יבש,ראשון,יום,ערב חג,6,6,6200,5,,
2025035422,קלה,0,לא עירוני בצומת,0,90,,אין ליקוי,בהיר,יבש,שני,יום,יום רגיל,5,18,0,3,,
2025035430,קלה,0,עירוני בצומת,1,עד 50,10.5 עד 14 מטר,אין ליקוי,לא ידוע,יבש,ראשון,יום,יום רגיל,1,7,7400,4,,
2025035446,קלה,0,לא עירוני בצומת,0,70,7 עד 10.5 מטר,אין ליקוי,בהיר,יבש,שישי,יום,יום רגיל,10,16,0,3,,
2025035483,קלה,0,עירוני בצומת,1,עד 50,יותר מ-14 מטר,אין ליקוי,בהיר,יבש,שבת,יום,יום רגיל,1,16,2640,4,,
2025035514,קשה,0,עירוני לא בצומת,1,80,10.5 עד 14 מטר,אין ליקוי,לא ידוע,לא ידוע,רביעי,לילה,יום רגיל,2,18,756,6,,
2025035520,קלה,0,לא עירוני בצומת,0,80,7 עד 10.5 מטר,אין ליקוי,בהיר,יבש,רביעי,יום,יום רגיל,7,15,0,2,,
2025035526,קלה,0,לא עירוני בצומת,0,90,7 עד 10.5 מטר,אין ליקוי,בהיר,רטוב ממים,שישי,לילה,יום רגיל,3,5,0,4,,
2025035602,קטלנית,1,לא עירוני לא בצומת,0,עד 50,5 עד 7 מטר,אין ליקוי,בהיר,יבש,רביעי,לילה,יום רגיל,10,4,0,4,,
2025035604,קלה,0,עירוני בצומת,1,עד 50,7 עד 10.5 מטר,אין ליקוי,בהיר,יבש,ראשון,יום,יום רגיל,10,15,4000,3,,
2025035623,קלה,0,לא עירוני לא בצומת,0,110,יותר מ-14 מטר,אין ליקוי,בהיר,יבש,רביעי,לילה,יום רגיל,6,1,0,4,,
2025035637,קשה,0,עירוני לא בצומת,1,לא ידוע,,לא ידוע,לא ידוע,לא ידוע,שני,יום,ערב חג,9,11,8000,2,,
2025035641,קלה,0,לא עירוני לא בצומת,0,עד 50,7 עד 10.5 מטר,אין ליקוי,בהיר,יבש,רביעי,יום,יום רגיל,6,16,0,2,,
2025035647,קלה,0,לא עירוני בצומת,0,90,7 עד 10.5 מטר,אין ליקוי,בהיר,יבש,שישי,לילה,יום רגיל,10,18,0,6,,
2025035674,קשה,0,עירוני לא בצומת,1,לא ידוע,,לא ידוע,לא ידוע,לא ידוע,רביעי,יום,יום רגיל,4,13,9100,2,,
2025035684,קטלנית,1,לא עירוני לא בצומת,0,70,10.5 עד 14 מטר,אין ליקוי,בהיר,יבש,שני,יום,יום רגיל,3,13,0,2,,
2025035693,קשה,0,עירוני בצומת,1,עד 50,5 עד 7 מטר,אין ליקוי,לא ידוע,יבש,שלישי,יום,יום רגיל,3,12,3000,1,,
2025035698,קלה,0,עירוני לא בצומת,1,עד 50,5 עד 7 מטר,אין ליקוי,בהיר,יבש,ראשון,יום,יום רגיל,6,16,4000,3,,
2025035711,קלה,0,עירוני לא בצומת,1,100,5 עד 7 מטר,אין ליקוי,לא ידוע,יבש,שלישי,יום,יום רגיל,7,12,3000,1,,
2025035717,קשה,0,עירוני בצומת,1,עד 50,5 עד 7 מטר,אין ליקוי,בהיר,יבש,רביעי,יום,יום רגיל,9,17,7900,4,,
2025035758,קלה,0,עירוני בצומת,1,עד 50,,אין ליקוי,בהיר,יבש,חמישי,יום,יום רגיל,5,8,2610,1,,
2025035764,קלה,0,לא עירוני בצומת,0,90,יותר מ-14 מטר,אין ליקוי,בהיר,יבש,שבת,יום,יום רגיל,5,16,0,4,,
2025035770,קלה,0,עירוני לא בצומת,1,עד 50,יותר מ-14 מטר,אין ליקוי,בהיר,אחר,ראשון,יום,יום רגיל,6,15,2610,1,,
2025035791,קלה,0,לא עירוני בצומת,0,לא ידוע,,לא ידוע,לא ידוע,לא ידוע,חמישי,יום,יום רגיל,9,16,0,2,,
2025035795,קלה,0,עירוני לא בצומת,1,60,7 עד 10.5 מטר,אין ליקוי,בהיר,יבש,שישי,יום,יום רגיל,1,9,565,5,,
2025035803,קלה,0,לא עירוני בצומת,0,עד 50,,אין ליקוי,בהיר,יבש,חמישי,לילה,יום רגיל,5,22,0,5,,
2025035826,קלה,0,עירוני לא בצומת,1,עד 50,7 עד 10.5 מטר,אין ליקוי,לא ידוע,יבש,רביעי,לילה,יום רגיל,1,18,7000,4,,
2025035847,קלה,0,עירוני לא בצומת,1,עד 50,5 עד 7 מטר,אין ליקוי,בהיר,אחר,שבת,לילה,יום רגיל,10,2,1061,2,,
2025035863,קטלנית,1,לא עירוני לא בצומת,0,80,7 עד 10.5 מטר,אין ליקוי,בהיר,יבש,שישי,לילה,יום רגיל,9,6,0,2,,
2025035882,קשה,0,עירוני לא בצומת,1,עד 50,,אין ליקוי,בהיר,יבש,רביעי,יום,יום רגיל,8,11,5000,5,,
2025035894,קלה,0,לא עירוני בצומת,0,70,7 עד 10.5 מטר,אין ליקוי,בהיר,יבש,ראשון,יום,יום רגיל,6,17,0,3,,
2025035896,קלה,0,עירוני בצומת,1,עד 50,עד 5 מטר,אין ליקוי,בהיר,יבש,שלישי,יום,יום רגיל,4,10,7900,4,,
2025035930,קשה,0,עירוני לא בצומת,1,לא ידוע,,לא ידוע,לא ידוע,לא ידוע,ראשון,יום,יום רגיל,2,16,7000,4,,
2025035933,קלה,0,עירוני בצומת,1,עד 50,7 עד 10.5 מטר,אין ליקוי,לא ידוע,לא ידוע,ראשון,לילה,יום רגיל,2,18,2630,6,,
2025035992,קשה,0,עירוני בצומת,1,לא ידוע,,לא ידוע,לא ידוע,לא ידוע,רביעי,יום,יום רגיל,2,9,8400,4,,
2025035999,קלה,0,עירוני בצומת,1,עד 50,5 עד 7 מטר,אין ליקוי,בהיר,יבש,ראשון,יום,יום רגיל,8,17,7700,2,,
2025036000,קשה,0,לא עירוני בצומת,0,70,7 עד 10.5 מטר,אין ליקוי,בהיר,יבש,שבת,לילה,יום רגיל,7,19,0,6,,
2025036001,קלה,0,עירוני לא בצומת,1,עד 50,,אין ליקוי,בהיר,יבש,חמישי,יום,יום רגיל,5,16,4000,3,,
2025036004,קלה,0,לא עירוני בצומת,0,עד 50,5 עד 7 מטר,אין ליקוי,בהיר,יבש,חמישי,לילה,יום רגיל,1,1,0,3,,
2025036016,קשה,0,עירוני לא בצומת,1,עד 50,7 עד 10.5 מטר,אין ליקוי,בהיר,יבש,שני,יום,יום רגיל,5,16,8600,5,,
2025036026,קלה,0,לא עירוני לא בצומת,0,90,7 עד 10.5 מטר,אין ליקוי,בהיר,יבש,שלישי,לילה,יום רגיל,1,21,0,2,,
2025036044,קשה,0,עירוני לא בצומת,1,לא ידוע,,לא ידוע,לא ידוע,לא ידוע,שני,יום,יום רגיל,12,7,3000,1,,
2025036048,קלה,0,עירוני בצומת,1,עד 50,5 עד 7 מטר,לא ידוע,בהיר,יבש,שלישי,לילה,יום רגיל,7,0,4000,3,,
2025036056,קלה,0,לא עירוני בצומת,0,90,10.5 עד 14 מטר,אין ליקוי,בהיר,יבש,ראשון,יום,יום רגיל,7,6,0,4,,
2025036075,קשה,0,לא עירוני לא בצומת,0,90,7 עד 10.5 מטר,אין ליקוי,בהיר,יבש,שישי,לילה,יום רגיל,4,1,0,2,,
2025036085,קשה,0,לא עירוני בצומת,0,90,10.5 עד 14 מטר,אין ליקוי,בהיר,יבש,שלישי,לילה,יום רגיל,12,21,0,4,,
2025036091,קשה,0,עירוני לא בצומת,1,לא ידוע,,לא ידוע,לא ידוע,לא ידוע,שני,יום,ערב חג,9,9,7100,6,,
2025036095,קלה,0,עירוני בצומת,1,עד 50,10.5 עד 14 מטר,אין ליקוי,בהיר,יבש,שלישי,יום,יום רגיל,5,11,6600,5,,
2025036123,קשה,0,עירוני לא בצומת,1,לא ידוע,,לא ידוע,לא ידוע,לא ידוע,שני,לילה,יום רגיל,8,21,3000,1,,
2025036129,קשה,0,לא עירוני לא בצומת,0,לא ידוע,,לא ידוע,לא ידוע,לא ידוע,חמישי,לילה,יום רגיל,11,17,0,9,,
2025036138,קלה,0,לא עירוני בצומת,0,80,7 עד 10.5 מטר,אין ליקוי,בהיר,יבש,שישי,יום,יום רגיל,4,14,0,6,,
2025036142,קשה,0,לא עירוני לא בצומת,0,90,7 עד 10.5 מטר,אין ליקוי,בהיר,יבש,רביעי,יום,יום רגיל,8,13,0,4,,
2025036147,קשה,0,עירוני בצומת,1,עד 50,,אין ליקוי,בהיר,יבש,חמישי,יום,יום רגיל,10,10,7800,3,,
2025036148,קשה,0,עירוני בצומת,1,עד 50,5 עד 7 מטר,אין ליקוי,בהיר,יבש,ראשון,יום,יום רגיל,7,17,6600,5,,
2025036153,קלה,0,עירוני לא בצומת,1,עד 50,יותר מ-14 מטר,אין ליקוי,בהיר,יבש,שבת,יום,יום רגיל,11,12,4000,3,,
2025036199,קלה,0,עירוני בצומת,1,עד 50,10.5 עד 14 מטר,אין ליקוי,בהיר,יבש,ראשון,לילה,יום רגיל,8,23,70,6,,
2025036217,קלה,0,עירוני בצומת,1,עד 50,10.5 עד 14 מטר,אין ליקוי,בהיר,יבש,שישי,יום,יום רגיל,12,8,8300,4,,
2025036229,קלה,0,עירוני בצומת,1,עד 50,5 עד 7 מטר,אין ליקוי,בהיר,יבש,חמישי,יום,יום רגיל,5,12,3000,1,,
2025036248,קלה,0,עירוני בצומת,1,לא ידוע,,לא ידוע,לא ידוע,לא ידוע,רביעי,לילה,חול המועד,10,1,5000,5,,
2025036252,קלה,0,עירוני בצומת,1,עד 50,,כביש משובש,בהיר,יבש,שלישי,לילה,יום רגיל,2,18,8200,3,,
2025036256,קלה,0,לא עירוני בצומת,0,60,יותר מ-14 מטר,אין ליקוי,בהיר,יבש,שישי,יום,יום רגיל,10,8,0,2,,
2025036257,קשה,0,לא עירוני לא בצומת,0,לא ידוע,,לא ידוע,לא ידוע,לא ידוע,חמישי,יום,יום רגיל,4,11,0,5,,
2025036259,קשה,0,עירוני בצומת,1,עד 50,7 עד 10.5 מטר,אין ליקוי,בהיר,יבש,שלישי,יום,יום רגיל,12,9,7900,4,,
2025036283,קלה,0,עירוני בצומת,1,עד 50,5 עד 7 מטר,אין ליקוי,בהיר,יבש,חמישי,יום,יום רגיל,9,7,3000,1,,
2025036284,קלה,0,לא עירוני בצומת,0,עד 50,5 עד 7 מטר,אין ליקוי,בהיר,יבש,רביעי,יום,יום רגיל,9,17,0,5,,
2025036301,קשה,0,עירוני לא בצומת,1,לא ידוע,,לא ידוע,לא ידוע,לא ידוע,שישי,יום,יום רגיל,11,14,3000,1,,
2025036314,קלה,0,לא עירוני בצומת,0,עד 50,,אין ליקוי,בהיר,יבש,שני,יום,יום רגיל,5,6,0,5,,
2025036317,קלה,0,עירוני בצומת,1,לא ידוע,,לא ידוע,לא ידוע,לא ידוע,ראשון,יום,יום רגיל,5,10,5000,5,,
2025036332,קלה,0,לא עירוני לא בצומת,0,80,7 עד 10.5 מטר,אין ליקוי,בהיר,יבש,ראשון,יום,יום רגיל,8,17,0,7,,
2025036355,קלה,0,לא עירוני בצומת,0,90,יותר מ-14 מטר,אין ליקוי,בהיר,יבש,רביעי,יום,יום רגיל,7,14,0,6,,
2025036359,קלה,0,עירוני לא בצומת,1,עד 50,7 עד 10.5 מטר,אין ליקוי,בהיר,יבש,רביעי,יום,יום רגיל,11,13,2800,2,,
2025036368,קלה,0,עירוני בצומת,1,עד 50,,אין ליקוי,בהיר,יבש,ראשון,לילה,יום רגיל,3,17,5000,5,,
2025036371,קשה,0,עירוני לא בצומת,1,עד 50,7 עד 10.5 מטר,אין ליקוי,בהיר,יבש,ראשון,לילה,יום רגיל,3,19,6700,2,,
2025036375,קלה,0,עירוני בצומת,1,עד 50,יותר מ-14 מטר,אין ליקוי,בהיר,יבש,שני,יום,יום רגיל,10,15,874,2,,
2025036383,קשה,0,לא עירוני לא בצומת,0,90,10.5 עד 14 מטר,אין ליקוי,בהיר,יבש,רביעי,יום,יום רגיל,5,17,0,4,,
2025036409,קלה,0,לא עירוני לא בצומת,0,90,,אין ליקוי,גשום,רטוב ממים,שישי,לילה,יום רגיל,3,5,0,5,,
2025036433,קשה,0,עירוני לא בצומת,1,עד 50,5 עד 7 מטר,אין ליקוי,בהיר,יבש,רביעי,לילה,יום רגיל,7,1,6100,5,,
2025036435,קלה,0,לא עירוני בצומת,0,עד 50,5 עד 7 מטר,אין ליקוי,בהיר,יבש,רביעי,יום,יום רגיל,7,9,0,5,,
2025036445,קטלנית,1,עירוני לא בצומת,1,עד 50,עד 5 מטר,אין ליקוי,לא ידוע,יבש,שישי,לילה,יום רגיל,4,20,9600,3,,
2025036460,קטלנית,1,עירוני לא בצומת,1,עד 50,5 עד 7 מטר,אין ליקוי,בהיר,יבש,שני,יום,יום רגיל,8,16,9000,6,,
2025036464,קטלנית,1,לא עירוני לא בצומת,0,90,5 עד 7 מטר,אין ליקוי,בהיר,יבש,רביעי,יום,ערב חג,4,12,0,2,,
2025036478,קשה,0,לא עירוני בצומת,0,90,7 עד 10.5 מטר,אין ליקוי,בהיר,יבש,שני,יום,יום רגיל,5,13,0,4,,
2025036488,קלה,0,עירוני לא בצומת,1,עד 50,7 עד 10.5 מטר,אין ליקוי,אחר,יבש,חמישי,לילה,יום רגיל,6,23,7300,2,,
2025036489,קלה,0,עירוני בצומת,1,עד 50,5 עד 7 מטר,אין ליקוי,בהיר,יבש,שלישי,יום,יום רגיל,4,16,6500,3,,
2025036490,קלה,0,עירוני בצומת,1,לא ידוע,,לא ידוע,לא ידוע,לא ידוע,שבת,יום,יום רגיל,3,10,5000,5,,
2025036503,קשה,0,לא עירוני לא בצומת,0,לא ידוע,,לא ידוע,לא ידוע,לא ידוע,שני,לילה,יום רגיל,9,2,0,4,,
2025036505,קלה,0,לא עירוני לא בצומת,0,80,7 עד 10.5 מטר,אין ליקוי,בהיר,יבש,שלישי,יום,יום רגיל,6,17,0,7,,
2025036512,קלה,0,עירוני בצומת,1,עד 50,יותר מ-14 מטר,אין ליקוי,בהיר,יבש,שני,יום,יום רגיל,4,11,8700,4,,
2025036517,קלה,0,לא עירוני בצומת,0,80,יותר מ-14 מטר,אין ליקוי,בהיר,יבש,שישי,יום,יום רגיל,10,9,0,2,,
2025036529,קשה,0,לא עירוני לא בצומת,0,עד 50,7 עד 10.5 מטר,אין ליקוי,בהיר,יבש,שבת,יום,יום רגיל,5,12,0,2,,
2025036550,קשה,0,עירוני בצומת,1,לא ידוע,10.5 עד 14 מטר,אין ליקוי,בהיר,יבש,שני,יום,יום רגיל,10,16,5000,5,,
2025036560,קלה,0,לא עירוני בצומת,0,90,5 עד 7 מטר,אין ליקוי,בהיר,יבש,שלישי,יום,יום רגיל,1,10,0,3,,
2025036580,קשה,0,לא עירוני לא בצומת,0,לא ידוע,,לא ידוע,לא ידוע,לא ידוע,שישי,לילה,יום רגיל,6,2,0,4,,
2025036589,קשה,0,עירוני לא בצומת,1,לא ידוע,,לא ידוע,לא ידוע,לא ידוע,שני,לילה,יום רגיל,2,19,6600,5,,
2025036607,קלה,0,לא עירוני בצומת,0,70,יותר מ-14 מטר,אין ליקוי,בהיר,יבש,שבת,יום,יום רגיל,2,9,0,5,,
2025036630,קשה,0,עירוני לא בצומת,1,לא ידוע,,לא ידוע,לא ידוע,לא ידוע,חמישי,לילה,יום רגיל,11,16,8600,5,,
2025036651,קלה,0,עירוני לא בצומת,1,לא ידוע,,לא ידוע,לא ידוע,לא ידוע,ראשון,לילה,יום רגיל,12,21,6600,5,,
2025036654,קשה,0,עירוני לא בצומת,1,לא ידוע,,לא ידוע,לא ידוע,לא ידוע,רביעי,לילה,יום רגיל,1,23,8900,2,,
2025036657,קלה,0,עירוני בצומת,1,עד 50,7 עד 10.5 מטר,אין ליקוי,בהיר,יבש,ראשון,יום,יום רגיל,3,14,70,6,,
2025036659,קלה,0,לא עירוני לא בצומת,0,90,7 עד 10.5 מטר,אין ליקוי,בהיר,יבש,שבת,יום,יום רגיל,6,17,0,6,,
2025036672,קשה,0,עירוני בצומת,1,עד 50,7 עד 10.5 מטר,אין ליקוי,בהיר,יבש,ראשון,יום,יום רגיל,4,10,4000,3,,
2025036681,קשה,0,לא עירוני לא בצומת,0,80,7 עד 10.5 מטר,אין ליקוי,שרבי,יבש,שבת,יום,יום רגיל,8,14,0,4,,
2025036689,קטלנית,1,לא עירוני לא בצומת,0,90,10.5 עד 14 מטר,אין ליקוי,בהיר,חול או חצץ על הכביש,שישי,יום,יום רגיל,4,18,0,9,,
2025036707,קלה,0,עירוני בצומת,1,עד 50,5 עד 7 מטר,אין ליקוי,בהיר,יבש,ראשון,יום,יום רגיל,1,7,7900,4,,
2025036736,קלה,0,עירוני לא בצומת,1,עד 50,יותר מ-14 מטר,אין ליקוי,בהיר,יבש,שישי,יום,יום רגיל,1,13,7400,4,,
2025036741,קלה,0,עירוני בצומת,1,עד 50,עד 5 מטר,אין ליקוי,בהיר,יבש,חמישי,יום,יום רגיל,6,12,4000,3,,
2025036751,קשה,0,לא עירוני בצומת,0,לא ידוע,,לא ידוע,לא ידוע,לא ידוע,שלישי,יום,יום רגיל,4,15,0,4,,
2025036777,קשה,0,עירוני לא בצומת,1,עד 50,7 עד 10.5 מטר,אין ליקוי,בהיר,יבש,חמישי,לילה,יום רגיל,1,21,2610,1,,
2025036807,קלה,0,עירוני בצומת,1,עד 50,עד 5 מטר,אין ליקוי,בהיר,יבש,ראשון,יום,יום רגיל,5,15,7600,2,,
2025036818,קלה,0,עירוני בצומת,1,עד 50,יותר מ-14 מטר,אין ליקוי,בהיר,יבש,ראשון,לילה,יום רגיל,2,17,1031,6,,
2025036842,קלה,0,לא עירוני לא בצומת,0,60,5 עד 7 מטר,אין ליקוי,בהיר,יבש,שישי,יום,יום רגיל,9,8,0,3,,
2025036848,קשה,0,לא עירוני לא בצומת,0,70,10.5 עד 14 מטר,אין ליקוי,בהיר,יבש,שבת,יום,יום רגיל,9,11,0,5,,
2025036852,קשה,0,עירוני לא בצומת,1,לא ידוע,,לא ידוע,לא ידוע,לא ידוע,שישי,יום,יום רגיל,10,13,1161,6,,
2025036869,קלה,0,לא עירוני בצומת,0,90,יותר מ-14 מטר,אין ליקוי,בהיר,יבש,שלישי,יום,יום רגיל,7,13,0,6,,
2025036877,קשה,0,עירוני בצומת,1,עד 50,5 עד 7 מטר,אין ליקוי,בהיר,יבש,רביעי,לילה,יום רגיל,2,17,1161,6,,
2025036914,קשה,0,עירוני בצומת,1,עד 50,10.5 עד 14 מטר,אין ליקוי,בהיר,יבש,ראשון,יום,יום רגיל,1,8,4000,3,,
2025036928,קשה,0,עירוני לא בצומת,1,לא ידוע,,לא ידוע,לא ידוע,לא ידוע,שבת,לילה,יום רגיל,11,19,8800,2,,
2025036931,קשה,0,עירוני בצומת,1,עד 50,עד 5 מטר,אין ליקוי,בהיר,יבש,שלישי,יום,יום רגיל,2,15,8300,4,,
2025036953,קשה,0,עירוני לא בצומת,1,לא ידוע,,לא ידוע,לא ידוע,לא ידוע,ראשון,יום,יום רגיל,8,18,5000,5,,
2025036961,קשה,0,לא עירוני בצומת,0,90,,אין ליקוי,בהיר,יבש,חמישי,יום,יום רגיל,3,12,0,1,,
2025036979,קלה,0,עירוני בצומת,1,עד 50,7 עד 10.5 מטר,אין ליקוי,בהיר,יבש,חמישי,יום,יום רגיל,8,8,4000,3,,
2025036987,קלה,0,עירוני לא בצומת,1,עד 50,עד 5 מטר,אין ליקוי,בהיר,יבש,שישי,יום,יום רגיל,1,8,5000,5,,
2025037002,קשה,0,לא עירוני לא בצומת,0,80,7 עד 10.5 מטר,אין ליקוי,בהיר,יבש,חמישי,יום,יום רגיל,6,13,0,7,,
2025037005,קלה,0,עירוני לא בצומת,1,עד 50,5 עד 7 מטר,אין ליקוי,בהיר,יבש,ראשון,לילה,יום רגיל,10,19,6200,5,,
2025037006,קלה,0,לא עירוני בצומת,0,עד 50,יותר מ-14 מטר,אין ליקוי,בהיר,יבש,שני,לילה,יום רגיל,6,22,0,6,,
2025037034,קלה,0,עירוני לא בצומת,1,עד 50,5 עד 7 מטר,אין ליקוי,בהיר,יבש,ראשון,יום,יום רגיל,8,16,7400,4,,
2025037053,קלה,0,לא עירוני לא בצומת,0,90,יותר מ-14 מטר,אין ליקוי,בהיר,יבש,שלישי,יום,יום רגיל,6,18,0,5,,
2025037058,קשה,0,לא עירוני לא בצומת,0,80,5 עד 7 מטר,אין ליקוי,בהיר,לא ידוע,שישי,יום,יום רגיל,8,16,0,7,,
2025037077,קשה,0,לא עירוני בצומת,0,80,7 עד 10.5 מטר,אין ליקוי,בהיר,יבש,שני,יום,יום רגיל,3,15,0,2,,
2025037082,קלה,0,לא עירוני לא בצומת,0,80,5 עד 7 מטר,אין ליקוי,בהיר,יבש,שלישי,לילה,חג,10,3,0,4,,
2025037091,קלה,0,עירוני בצומת,1,60,יותר מ-14 מטר,אין ליקוי,בהיר,יבש,ראשון,יום,יום רגיל,4,14,9000,6,,
2025037092,קלה,0,לא עירוני בצומת,0,90,7 עד 10.5 מטר,אין ליקוי,בהיר,יבש,רביעי,יום,יום רגיל,11,14,0,6,,
2025037116,קשה,0,לא עירוני לא בצומת,0,80,7 עד 10.5 מטר,אין ליקוי,בהיר,יבש,רביעי,יום,יום רגיל,7,17,0,2,,
2025037117,קשה,0,לא עירוני לא בצומת,0,90,5 עד 7 מטר,אין ליקוי,בהיר,יבש,חמישי,יום,יום רגיל,6,19,0,2,,
2025037120,קלה,0,עירוני לא בצומת,1,לא ידוע,,לא ידוע,לא ידוע,לא ידוע,שלישי,יום,יום רגיל,3,9,8600,5,,
2025037124,קלה,0,לא עירוני לא בצומת,0,עד 50,5 עד 7 מטר,אין ליקוי,בהיר,יבש,שלישי,לילה,יום רגיל,9,19,0,2,,
2025037160,קשה,0,עירוני לא בצומת,1,לא ידוע,,לא ידוע,לא ידוע,לא ידוע,שלישי,יום,יום רגיל,5,10,9800,3,,
2025037170,קשה,0,לא עירוני לא בצומת,0,לא ידוע,,לא ידוע,לא ידוע,לא ידוע,שלישי,יום,יום רגיל,9,11,0,5,,
2025037183,קשה,0,לא עירוני לא בצומת,0,עד 50,5 עד 7 מטר,אין ליקוי,אחר,יבש,שישי,לילה,יום רגיל,6,22,0,2,,
2025037194,קלה,0,לא עירוני בצומת,0,90,7 עד 10.5 מטר,לא ידוע,בהיר,יבש,ראשון,יום,יום רגיל,9,9,0,3,,
2025037197,קלה,0,לא עירוני לא בצומת,0,90,10.5 עד 14 מטר,אין ליקוי,לא ידוע,יבש,רביעי,יום,יום רגיל,1,11,0,4,,
2025037207,קשה,0,לא עירוני לא בצומת,0,70,7 עד 10.5 מטר,אין ליקוי,בהיר,יבש,שישי,יום,יום רגיל,2,11,0,5,,
2025037214,קלה,0,עירוני בצומת,1,עד 50,5 עד 7 מטר,אין ליקוי,בהיר,יבש,רביעי,יום,יום רגיל,9,8,3000,1,,
2025037216,קשה,0,לא עירוני בצומת,0,לא ידוע,,לא ידוע,לא ידוע,לא ידוע,שני,יום,יום רגיל,4,9,0,4,,
2025037229,קלה,0,לא עירוני בצומת,0,90,10.5 עד 14 מטר,אין ליקוי,בהיר,יבש,חמישי,יום,יום רגיל,1,11,0,2,,
2025037269,קשה,0,עירוני בצומת,1,עד 50,10.5 עד 14 מטר,אין ליקוי,בהיר,יבש,שלישי,לילה,יום רגיל,2,18,3000,1,,
2025037287,קלה,0,לא עירוני בצומת,0,90,10.5 עד 14 מטר,אין ליקוי,בהיר,יבש,ראשון,יום,יום רגיל,9,7,0,2,,
2025037299,קשה,0,עירוני לא בצומת,1,עד 50,10.5 עד 14 מטר,אין ליקוי,גשום,רטוב ממים,שישי,יום,יום רגיל,1,10,5000,5,,
2025037307,קשה,0,עירוני לא בצומת,1,לא ידוע,,לא ידוע,לא ידוע,לא ידוע,שישי,יום,יום רגיל,11,13,1165,4,,
2025037320,קשה,0,לא עירוני לא בצומת,0,80,7 עד 10.5 מטר,אין ליקוי,בהיר,יבש,ראשון,יום,יום רגיל,9,17,0,6,,
2025037321,קלה,0,עירוני בצומת,1,עד 50,7 עד 10.5 מטר,אין ליקוי,בהיר,יבש,רביעי,יום,יום רגיל,4,17,2500,3,,
2025037403,קלה,0,לא עירוני לא בצומת,0,80,7 עד 10.5 מטר,אין ליקוי,בהיר,יבש,שבת,יום,יום רגיל,7,11,0,3,,
2025037418,קלה,0,עירוני בצומת,1,עד 50,5 עד 7 מטר,אין ליקוי,בהיר,יבש,שישי,יום,יום רגיל,5,12,2500,3,,
2025037424,קלה,0,עירוני בצומת,1,60,7 עד 10.5 מטר,אין ליקוי,בהיר,יבש,שבת,לילה,יום רגיל,2,22,9000,6,,
2025037449,קשה,0,עירוני לא בצומת,1,לא ידוע,,לא ידוע,לא ידוע,לא ידוע,שלישי,לילה,יום רגיל,2,19,516,2,,
2025037450,קשה,0,עירוני בצומת,1,עד 50,7 עד 10.5 מטר,אין ליקוי,בהיר,יבש,שישי,לילה,יום רגיל,7,2,8600,5,,
2025037451,קשה,0,עירוני לא בצומת,1,לא ידוע,,לא ידוע,לא ידוע,לא ידוע,שלישי,יום,יום רגיל,3,12,8200,3,,
2025037473,קטלנית,1,לא עירוני לא בצומת,0,80,7 עד 10.5 מטר,אין ליקוי,בהיר,חול או חצץ על הכביש,שלישי,יום,יום רגיל,8,6,0,6,,
2025037478,קלה,0,עירוני בצומת,1,עד 50,5 עד 7 מטר,אין ליקוי,בהיר,יבש,שישי,יום,יום רגיל,2,15,4000,3,,
2025037484,קלה,0,עירוני לא בצומת,1,לא ידוע,,לא ידוע,לא ידוע,לא ידוע,חמישי,לילה,יום רגיל,12,18,6600,5,,
2025037490,קלה,0,עירוני בצומת,1,עד 50,7 עד 10.5 מטר,אין ליקוי,בהיר,יבש,ראשון,לילה,יום רגיל,2,18,7900,4,,
2025037504,קלה,0,עירוני בצומת,1,70,10.5 עד 14 מטר,אין ליקוי,לא ידוע,יבש,ראשון,יום,יום רגיל,2,12,7100,6,,
2025037537,קלה,0,עירוני בצומת,1,עד 50,7 עד 10.5 מטר,אין ליקוי,בהיר,יבש,רביעי,יום,יום רגיל,5,14,4000,3,,
2025037545,קלה,0,לא עירוני בצומת,0,עד 50,,אין ליקוי,בהיר,יבש,חמישי,יום,יום רגיל,8,8,0,4,,
2025037547,קשה,0,לא עירוני לא בצומת,0,90,עד 5 מטר,אין ליקוי,בהיר,יבש,רביעי,יום,יום רגיל,6,15,0,5,,
2025037559,קשה,0,עירוני בצומת,1,עד 50,5 עד 7 מטר,אין ליקוי,בהיר,יבש,רביעי,לילה,יום רגיל,5,22,7400,4,,
2025037572,קלה,0,לא עירוני בצומת,0,70,יותר מ-14 מטר,אין ליקוי,בהיר,יבש,שלישי,יום,יום רגיל,10,16,0,2,,
2025037589,קלה,0,לא עירוני לא בצומת,0,100,10.5 עד 14 מטר,אין ליקוי,בהיר,יבש,רביעי,לילה,חול המועד,10,20,0,4,,
2025037616,קלה,0,עירוני בצומת,1,עד 50,10.5 עד 14 מטר,אין ליקוי,בהיר,יבש,שישי,לילה,יום רגיל,9,21,9600,3,,
2025037617,קלה,0,עירוני לא בצומת,1,עד 50,7 עד 10.5 מטר,אין ליקוי,בהיר,יבש,רביעי,יום,יום רגיל,7,18,8300,4,,
2025037624,קלה,0,עירוני בצומת,1,עד 50,5 עד 7 מטר,אין ליקוי,בהיר,יבש,ראשון,יום,יום רגיל,8,7,5000,5,,
2025037636,קלה,0,עירוני לא בצומת,1,לא ידוע,,לא ידוע,לא ידוע,לא ידוע,שני,לילה,יום רגיל,11,19,8200,3,,
2025037642,קלה,0,לא עירוני לא בצומת,0,עד 50,5 עד 7 מטר,אין ליקוי,בהיר,יבש,שבת,יום,יום רגיל,8,17,0,2,,
2025037648,קשה,0,עירוני בצומת,1,עד 50,,אין ליקוי,בהיר,יבש,שלישי,יום,יום רגיל,9,13,5000,5,,
2025037661,קלה,0,עירוני לא בצומת,1,לא ידוע,,לא ידוע,לא ידוע,לא ידוע,רביעי,יום,יום רגיל,12,12,7900,4,,
2025037662,קלה,0,עירוני בצומת,1,לא ידוע,10.5 עד 14 מטר,אין ליקוי,בהיר,יבש,רביעי,יום,יום רגיל,4,6,2500,3,,
2025037671,קשה,0,עירוני בצומת,1,70,יותר מ-14 מטר,אין ליקוי,בהיר,יבש,ראשון,יום,יום רגיל,8,14,70,6,,
2025037692,קלה,0,עירוני בצומת,1,עד 50,7 עד 10.5 מטר,אין ליקוי,גשום,רטוב ממים,חמישי,יום,יום רגיל,2,11,9000,6,,
2025037698,קלה,0,עירוני בצומת,1,עד 50,5 עד 7 מטר,אין ליקוי,בהיר,יבש,ראשון,יום,יום רגיל,11,7,7900,4,,
2025037704,קטלנית,1,עירוני בצומת,1,עד 50,5 עד 7 מטר,אין ליקוי,בהיר,יבש,חמישי,לילה,יום רגיל,9,19,6200,5,,
2025037718,קלה,0,לא עירוני לא בצומת,0,80,7 עד 10.5 מטר,אין ליקוי,בהיר,יבש,שלישי,יום,יום רגיל,4,17,0,2,,
2025037719,קלה,0,עירוני בצומת,1,עד 50,5 עד 7 מטר,אין ליקוי,בהיר,יבש,שני,יום,יום רגיל,2,13,2400,5,,
2025037723,קלה,0,לא עירוני לא בצומת,0,60,7 עד 10.5 מטר,אין ליקוי,בהיר,יבש,רביעי,יום,חג,9,7,0,2,,
2025037726,קשה,0,עירוני לא בצומת,1,לא ידוע,,לא ידוע,לא ידוע,לא ידוע,שישי,לילה,יום רגיל,10,3,2650,5,,
2025037737,קלה,0,לא עירוני בצומת,0,80,7 עד 10.5 מטר,אין ליקוי,בהיר,יבש,ראשון,לילה,יום רגיל,7,23,0,4,,
2025037738,קלה,0,עירוני לא בצומת,1,עד 50,7 עד 10.5 מטר,אין ליקוי,בהיר,יבש,שלישי,יום,יום רגיל,4,12,7400,4,,
2025037755,קלה,0,עירוני בצומת,1,עד 50,5 עד 7 מטר,אין ליקוי,בהיר,יבש,שבת,לילה,יום רגיל,12,19,3000,1,,
2025037759,קלה,0,לא עירוני בצומת,0,90,5 עד 7 מטר,אין ליקוי,בהיר,יבש,שבת,לילה,יום רגיל,1,18,0,6,,
2025037775,קלה,0,לא עירוני בצומת,0,עד 50,7 עד 10.5 מטר,אין ליקוי,בהיר,יבש,ראשון,לילה,יום רגיל,8,20,0,2,,
2025037780,קשה,0,לא עירוני לא בצומת,0,70,7 עד 10.5 מטר,אין ליקוי,בהיר,יבש,חמישי,לילה,יום רגיל,8,22,0,2,,
2025037782,קשה,0,לא עירוני לא בצומת,0,לא ידוע,,לא ידוע,לא ידוע,לא ידוע,שישי,יום,יום רגיל,12,13,0,1,,
2025037786,קלה,0,לא עירוני לא בצומת,0,80,7 עד 10.5 מטר,אין ליקוי,בהיר,יבש,שלישי,יום,יום רגיל,1,14,0,7,,
2025037788,קלה,0,עירוני לא בצומת,1,עד 50,5 עד 7 מטר,אין ליקוי,בהיר,יבש,ראשון,יום,יום רגיל,8,9,5000,5,,
2025037815,קלה,0,עירוני לא בצומת,1,עד 50,5 עד 7 מטר,אין ליקוי,בהיר,יבש,ראשון,יום,יום רגיל,11,9,5000,5,,
2025037828,קטלנית,1,עירוני לא בצומת,1,עד 50,יותר מ-14 מטר,לא ידוע,בהיר,יבש,שישי,לילה,יום רגיל,8,5,3000,1,,
2025037831,קלה,0,עירוני לא בצומת,1,עד 50,5 עד 7 מטר,אין ליקוי,בהיר,יבש,שבת,יום,ערב חג,4,13,8400,4,,
2025037860,קלה,0,עירוני לא בצומת,1,60,,אין ליקוי,בהיר,לא ידוע,חמישי,יום,ערב חג,3,17,681,4,,
2025037861,קלה,0,עירוני לא בצומת,1,עד 50,5 עד 7 מטר,אין ליקוי,בהיר,יבש,שישי,יום,יום רגיל,2,14,2720,4,,
2025037865,קשה,0,עירוני בצומת,1,70,10.5 עד 14 מטר,אין ליקוי,בהיר,יבש,שני,יום,יום רגיל,6,13,7100,6,,
2025037867,קשה,0,לא עירוני לא בצומת,0,90,10.5 עד 14 מטר,אין ליקוי,בהיר,יבש,שני,יום,יום רגיל,10,9,0,4,,
2025037894,קשה,0,עירוני בצומת,1,עד 50,7 עד 10.5 מטר,אין ליקוי,בהיר,יבש,רביעי,יום,יום רגיל,8,16,7100,6,,
2025037906,קשה,0,לא עירוני בצומת,0,90,10.5 עד 14 מטר,אין ליקוי,בהיר,יבש,חמישי,לילה,יום רגיל,1,22,0,3,,
2025037914,קשה,0,עירוני לא בצומת,1,עד 50,5 עד 7 מטר,אין ליקוי,בהיר,יבש,שני,יום,יום רגיל,5,14,6100,5,,
2025037915,קלה,0,עירוני בצומת,1,לא ידוע,,לא ידוע,לא ידוע,לא ידוע,שישי,יום,יום רגיל,10,13,5000,5,,
2025037931,קטלנית,1,עירוני לא בצומת,1,עד 50,יותר מ-14 מטר,אין ליקוי,בהיר,יבש,ראשון,יום,יום רגיל,10,7,2610,1,,
2025037952,קלה,0,עירוני לא בצומת,1,לא ידוע,,לא ידוע,לא ידוע,לא ידוע,שלישי,יום,יום רגיל,10,9,5000,5,,
2025037956,קטלנית,1,לא עירוני לא בצומת,0,90,5 עד 7 מטר,אין ליקוי,בהיר,יבש,שבת,לילה,חג,4,19,0,3,,
2025037958,קלה,0,לא עירוני בצומת,0,80,יותר מ-14 מטר,אין ליקוי,בהיר,יבש,שישי,יום,חג,3,14,0,2,,
2025038004,קלה,0,עירוני בצומת,1,עד 50,5 עד 7 מטר,אין ליקוי,בהיר,יבש,רביעי,לילה,יום רגיל,4,3,182,4,,
2025038018,קלה,0,לא עירוני לא בצומת,0,80,7 עד 10.5 מטר,אין ליקוי,בהיר,יבש,שלישי,יום,חג,10,12,0,2,,
2025038037,קלה,0,עירוני בצומת,1,עד 50,10.5 עד 14 מטר,אין ליקוי,בהיר,יבש,שלישי,יום,יום רגיל,8,16,7100,6,,
2025038047,קשה,0,עירוני לא בצומת,1,לא ידוע,,לא ידוע,לא ידוע,לא ידוע,שלישי,יום,יום רגיל,8,10,3000,1,,
2025038065,קלה,0,עירוני בצומת,1,עד 50,7 עד 10.5 מטר,אין ליקוי,בהיר,יבש,חמישי,לילה,יום רגיל,4,19,3780,7,,
2025038090,קשה,0,עירוני לא בצומת,1,לא ידוע,,לא ידוע,לא ידוע,לא ידוע,שבת,יום,יום רגיל,2,11,654,3,,
2025038130,קלה,0,לא עירוני בצומת,0,עד 50,7 עד 10.5 מטר,אין ליקוי,בהיר,יבש,שבת,לילה,יום רגיל,4,20,0,4,,
2025038137,קלה,0,עירוני בצומת,1,עד 50,7 עד 10.5 מטר,אין ליקוי,בהיר,יבש,שלישי,לילה,יום רגיל,10,18,70,6,,
2025038140,קלה,0,עירוני בצומת,1,עד 50,7 עד 10.5 מטר,אין ליקוי,בהיר,יבש,שישי,יום,יום רגיל,6,7,166,4,,
2025038149,קלה,0,עירוני לא בצומת,1,עד 50,7 עד 10.5 מטר,אין ליקוי,בהיר,יבש,רביעי,יום,יום רגיל,10,13,5000,5,,
2025038170,קלה,0,עירוני לא בצומת,1,עד 50,,אין ליקוי,בהיר,יבש,חמישי,לילה,יום רגיל,8,20,5000,5,,
2025038175,קשה,0,עירוני בצומת,1,לא ידוע,5 עד 7 מטר,אין ליקוי,בהיר,יבש,שישי,יום,יום רגיל,7,7,5000,5,,
2025038180,קלה,0,עירוני לא בצומת,1,עד 50,7 עד 10.5 מטר,אין ליקוי,בהיר,יבש,שבת,יום,יום רגיל,9,13,3000,1,,
2025038211,קלה,0,עירוני לא בצומת,1,עד 50,5 עד 7 מטר,אין ליקוי,בהיר,יבש,רביעי,יום,יום רגיל,3,9,6400,5,,
2025038226,קלה,0,לא עירוני בצומת,0,80,5 עד 7 מטר,אין ליקוי,בהיר,יבש,רביעי,יום,יום רגיל,6,10,0,6,,
2025038255,קלה,0,לא עירוני לא בצומת,0,90,,אין ליקוי,בהיר,יבש,שני,לילה,יום רגיל,8,21,0,4,,
2025038256,קשה,0,עירוני לא בצומת,1,לא ידוע,,לא ידוע,לא ידוע,לא ידוע,שישי,לילה,יום רגיל,11,19,3000,1,,
2025038266,קשה,0,עירוני לא בצומת,1,לא ידוע,,לא ידוע,לא ידוע,לא ידוע,שלישי,לילה,יום רגיל,5,23,1031,6,,
2025038269,קטלנית,1,לא עירוני לא בצומת,0,90,7 עד 10.5 מטר,אין ליקוי,בהיר,יבש,שישי,יום,יום רגיל,1,9,0,6,,
2025038274,קלה,0,עירוני בצומת,1,עד 50,5 עד 7 מטר,אין ליקוי,בהיר,יבש,ראשון,לילה,יום רגיל,8,23,206,4,,
2025038296,קלה,0,עירוני לא בצומת,1,לא ידוע,,לא ידוע,לא ידוע,לא ידוע,שישי,יום,יום רגיל,5,6,3797,7,,
2025038311,קלה,0,עירוני לא בצומת,1,עד 50,5 עד 7 מטר,אין ליקוי,בהיר,יבש,שבת,לילה,יום רגיל,1,21,6800,3,,
2025038312,קשה,0,לא עירוני בצומת,0,לא ידוע,,לא ידוע,לא ידוע,לא ידוע,רביעי,לילה,יום רגיל,1,23,0,2,,
2025038316,קלה,0,עירוני לא בצומת,1,עד 50,,לא ידוע,בהיר,יבש,חמישי,יום,יום רגיל,11,15,7600,2,,
2025038334,קלה,0,לא עירוני לא בצומת,0,80,,אין ליקוי,בהיר,יבש,שלישי,יום,יום רגיל,5,12,0,2,,
2025038351,קלה,0,עירוני לא בצומת,1,עד 50,,אין ליקוי,בהיר,יבש,שבת,לילה,יום רגיל,1,18,9000,6,,
2025038372,קלה,0,עירוני לא בצומת,1,עד 50,,לא ידוע,בהיר,יבש,ראשון,לילה,יום רגיל,12,21,507,2,,
2025038377,קשה,0,לא עירוני לא בצומת,0,90,7 עד 10.5 מטר,אין ליקוי,בהיר,יבש,רביעי,לילה,יום רגיל,6,0,0,4,,
2025038395,קלה,0,עירוני בצומת,1,עד 50,7 עד 10.5 מטר,אין ליקוי,בהיר,יבש,רביעי,יום,יום רגיל,5,7,9000,6,,
2025038400,קלה,0,לא עירוני בצומת,0,80,7 עד 10.5 מטר,אין ליקוי,בהיר,יבש,חמישי,יום,יום רגיל,6,11,0,2,,
2025038406,קלה,0,עירוני לא בצומת,1,עד 50,יותר מ-14 מטר,אין ליקוי,בהיר,יבש,שישי,לילה,יום רגיל,9,19,6600,5,,
2025038410,קלה,0,עירוני לא בצומת,1,עד 50,,אין ליקוי,בהיר,יבש,רביעי,יום,יום רגיל,9,10,6600,5,,
2025038423,קלה,0,עירוני לא בצומת,1,עד 50,5 עד 7 מטר,אין ליקוי,בהיר,יבש,שני,לילה,יום רגיל,1,22,2100,3,,
2025038456,קלה,0,עירוני בצומת,1,עד 50,10.5 עד 14 מטר,אין ליקוי,בהיר,יבש,רביעי,יום,יום רגיל,1,14,8700,4,,
2025038488,קלה,0,לא עירוני לא בצומת,0,80,5 עד 7 מטר,לא ידוע,בהיר,יבש,שישי,לילה,יום רגיל,8,0,0,7,,
2025038500,קלה,0,עירוני לא בצומת,1,עד 50,5 עד 7 מטר,אין ליקוי,לא ידוע,יבש,שישי,יום,יום רגיל,10,16,4000,3,,
2025038513,קלה,0,עירוני לא בצומת,1,עד 50,עד 5 מטר,אין ליקוי,בהיר,יבש,חמישי,לילה,יום רגיל,1,19,7900,4,,
2025038514,קלה,0,עירוני בצומת,1,עד 50,5 עד 7 מטר,אין ליקוי,גשום,רטוב ממים,ראשון,לילה,יום רגיל,2,19,5000,5,,
2025038517,קלה,0,עירוני בצומת,1,עד 50,5 עד 7 מטר,אין ליקוי,בהיר,יבש,שלישי,יום,יום רגיל,12,16,2400,5,,
2025038522,קלה,0,עירוני בצומת,1,עד 50,10.5 עד 14 מטר,אין ליקוי,בהיר,יבש,ראשון,יום,יום רגיל,6,8,1139,2,,
2025038523,קשה,0,לא עירוני בצומת,0,80,,אין ליקוי,בהיר,יבש,שישי,יום,יום רגיל,11,11,0,6,,
2025038530,קשה,0,עירוני בצומת,1,עד 50,10.5 עד 14 מטר,אין ליקוי,בהיר,יבש,חמישי,יום,יום רגיל,3,7,3000,1,,
2025038534,קלה,0,עירוני בצומת,1,עד 50,7 עד 10.5 מטר,אין ליקוי,בהיר,יבש,ראשון,לילה,יום רגיל,11,19,1139,2,,
2025038536,קטלנית,1,עירוני בצומת,1,עד 50,5 עד 7 מטר,אין ליקוי,בהיר,יבש,שבת,לילה,יום רגיל,9,20,1020,3,,
2025038552,קלה,0,עירוני בצומת,1,עד 50,עד 5 מטר,אין ליקוי,בהיר,יבש,שבת,יום,יום רגיל,6,19,5000,5,,
2025038559,קלה,0,לא עירוני בצומת,0,80,יותר מ-14 מטר,אין ליקוי,בהיר,יבש,שבת,לילה,יום רגיל,7,20,0,2,,
2025038569,קלה,0,לא עירוני בצומת,0,עד 50,7 עד 10.5 מטר,לא ידוע,בהיר,יבש,שני,לילה,ערב חג,10,18,0,4,,
2025038584,קלה,0,עירוני בצומת,1,עד 50,5 עד 7 מטר,אין ליקוי,בהיר,יבש,ראשון,יום,יום רגיל,9,15,2640,4,,
2025038587,קלה,0,עירוני לא בצומת,1,עד 50,5 עד 7 מטר,אין ליקוי,בהיר,יבש,שישי,יום,יום רגיל,5,16,7900,4,,
2025038588,קלה,0,עירוני בצומת,1,לא ידוע,עד 5 מטר,אין ליקוי,בהיר,יבש,שני,יום,ערב חג,9,14,5000,5,,
2025038605,קשה,0,עירוני לא בצומת,1,עד 50,7 עד 10.5 מטר,אין ליקוי,בהיר,יבש,חמישי,יום,יום רגיל,9,15,3000,1,,
2025038610,קשה,0,עירוני בצומת,1,לא ידוע,,לא ידוע,לא ידוע,לא ידוע,רביעי,יום,יום רגיל,4,16,70,6,,
2025038611,קטלנית,1,עירוני לא בצומת,1,עד 50,7 עד 10.5 מטר,אין ליקוי,בהיר,יבש,ראשון,יום,יום רגיל,5,6,7900,4,,
2025038620,קשה,0,לא עירוני לא בצומת,0,לא ידוע,,לא ידוע,לא ידוע,לא ידוע,רביעי,יום,יום רגיל,5,18,0,2,,
2025038641,קשה,0,עירוני לא בצומת,1,לא ידוע,,לא ידוע,לא ידוע,לא ידוע,שבת,לילה,יום רגיל,6,23,8500,4,,
2025038645,קלה,0,עירוני לא בצומת,1,עד 50,5 עד 7 מטר,אין ליקוי,בהיר,יבש,רביעי,יום,יום רגיל,7,14,5000,5,,
2025038652,קשה,0,לא עירוני בצומת,0,90,7 עד 10.5 מטר,אין ליקוי,בהיר,יבש,ראשון,יום,יום רגיל,8,6,0,3,,
2025038665,קשה,0,עירוני לא בצומת,1,עד 50,יותר מ-14 מטר,אין ליקוי,לא ידוע,יבש,שבת,יום,יום רגיל,2,15,6900,4,,
2025038680,קלה,0,עירוני בצומת,1,לא ידוע,,לא ידוע,לא ידוע,לא ידוע,חמישי,יום,יום רגיל,8,7,6400,5,,
2025038720,קלה,0,לא עירוני בצומת,0,80,7 עד 10.5 מטר,לא ידוע,בהיר,יבש,חמישי,יום,יום רגיל,7,17,0,6,,
2025038752,קשה,0,עירוני לא בצומת,1,עד 50,5 עד 7 מטר,אין ליקוי,בהיר,יבש,ראשון,יום,יום רגיל,11,16,9700,4,,
2025038761,קשה,0,עירוני לא בצומת,1,עד 50,5 עד 7 מטר,אין ליקוי,בהיר,יבש,שלישי,יום,יום רגיל,6,8,9400,4,,
2025038777,קלה,0,לא עירוני לא בצומת,0,80,5 עד 7 מטר,אין ליקוי,בהיר,יבש,ראשון,יום,חול המועד,10,13,0,7,,
2025038779,קלה,0,עירוני בצומת,1,עד 50,5 עד 7 מטר,אין ליקוי,בהיר,יבש,חמישי,יום,יום רגיל,7,11,6900,4,,
2025038784,קלה,0,עירוני בצומת,1,עד 50,5 עד 7 מטר,אין ליקוי,בהיר,יבש,רביעי,יום,יום רגיל,3,14,3000,1,,
2025038793,קלה,0,עירוני בצומת,1,עד 50,5 עד 7 מטר,אין ליקוי,בהיר,יבש,חמישי,יום,יום רגיל,7,14,2630,6,,
2025038834,קלה,0,עירוני לא בצומת,1,עד 50,5 עד 7 מטר,אין ליקוי,בהיר,יבש,ראשון,יום,יום רגיל,7,17,6500,3,,
2025038837,קשה,0,לא עירוני לא בצומת,0,70,5 עד 7 מטר,אין ליקוי,בהיר,יבש,שישי,לילה,יום רגיל,7,20,0,4,,
2025038845,קלה,0,לא עירוני בצומת,0,עד 50,5 עד 7 מטר,אין ליקוי,בהיר,יבש,רביעי,לילה,יום רגיל,1,19,0,4,,
2025038850,קלה,0,עירוני בצומת,1,עד 50,7 עד 10.5 מטר,אין ליקוי,בהיר,יבש,שלישי,יום,יום רגיל,1,7,6300,5,,
2025038853,קלה,0,לא עירוני בצומת,0,70,יותר מ-14 מטר,אין ליקוי,בהיר,יבש,חמישי,יום,יום רגיל,2,15,0,2,,
2025038895,קשה,0,עירוני בצומת,1,60,,לא ידוע,בהיר,יבש,שני,יום,יום רגיל,9,16,5000,5,,
2025038897,קלה,0,עירוני לא בצומת,1,עד 50,5 עד 7 מטר,אין ליקוי,בהיר,יבש,רביעי,יום,יום רגיל,5,7,6100,5,,
2025038899,קלה,0,עירוני בצומת,1,עד 50,יותר מ-14 מטר,אין ליקוי,בהיר,יבש,שלישי,יום,יום רגיל,2,16,7100,6,,
2025038901,קשה,0,עירוני לא בצומת,1,עד 50,5 עד 7 מטר,אין ליקוי,בהיר,יבש,רביעי,לילה,ערב חג,10,19,5000,5,,
2025038912,קלה,0,עירוני לא בצומת,1,עד 50,7 עד 10.5 מטר,אין ליקוי,בהיר,יבש,שבת,לילה,יום רגיל,11,5,8200,3,,
2025038916,קלה,0,עירוני לא בצומת,1,עד 50,,אין ליקוי,בהיר,יבש,שלישי,יום,יום רגיל,2,14,5000,5,,
2025038936,קשה,0,לא עירוני לא בצומת,0,לא ידוע,,לא ידוע,לא ידוע,לא ידוע,רביעי,לילה,יום רגיל,9,21,0,4,,
2025038940,קלה,0,עירוני לא בצומת,1,עד 50,עד 5 מטר,אין ליקוי,בהיר,יבש,שבת,יום,יום רגיל,11,13,7200,4,,
2025038944,קלה,0,עירוני בצומת,1,עד 50,5 עד 7 מטר,אין ליקוי,בהיר,יבש,ראשון,יום,יום רגיל,3,14,7900,4,,
2025038964,קלה,0,עירוני בצומת,1,עד 50,5 עד 7 מטר,אין ליקוי,בהיר,יבש,שני,יום,יום רגיל,2,9,8200,3,,
2025038979,קשה,0,לא עירוני לא בצומת,0,70,7 עד 10.5 מטר,כביש משובש,בהיר,יבש,ראשון,יום,יום רגיל,7,13,0,1,,
2025038994,קשה,0,עירוני בצומת,1,עד 50,10.5 עד 14 מטר,אין ליקוי,בהיר,יבש,שישי,יום,יום רגיל,5,17,2630,6,,
2025038998,קשה,0,לא עירוני לא בצומת,0,לא ידוע,,לא ידוע,לא ידוע,לא ידוע,חמישי,יום,יום רגיל,10,16,0,4,,
2025039014,קשה,0,לא עירוני לא בצומת,0,לא ידוע,,לא ידוע,לא ידוע,לא ידוע,רביעי,לילה,יום רגיל,7,3,0,6,,
2025039035,קלה,0,עירוני בצומת,1,עד 50,5 עד 7 מטר,אין ליקוי,בהיר,יבש,ראשון,יום,יום רגיל,3,12,3000,1,,
2025039061,קשה,0,לא עירוני לא בצומת,0,לא ידוע,,לא ידוע,לא ידוע,לא ידוע,שני,יום,יום רגיל,5,8,0,7,,
2025039079,קלה,0,עירוני בצומת,1,עד 50,יותר מ-14 מטר,אין ליקוי,בהיר,יבש,שלישי,יום,יום רגיל,3,14,4000,3,,
2025039095,קלה,0,עירוני לא בצומת,1,עד 50,עד 5 מטר,אין ליקוי,בהיר,יבש,רביעי,לילה,יום רגיל,4,1,6100,5,,
2025039097,קלה,0,עירוני לא בצומת,1,עד 50,5 עד 7 מטר,כביש משובש,בהיר,יבש,חמישי,יום,יום רגיל,5,12,9400,4,,
2025039112,קלה,0,עירוני בצומת,1,110,10.5 עד 14 מטר,אין ליקוי,לא ידוע,יבש,שני,יום,יום רגיל,1,12,3000,1,,
2025039114,קלה,0,עירוני בצומת,1,עד 50,עד 5 מטר,אין ליקוי,בהיר,יבש,חמישי,לילה,יום רגיל,5,23,7400,4,,
2025039126,קלה,0,עירוני בצומת,1,עד 50,5 עד 7 מטר,אין ליקוי,בהיר,יבש,שבת,יום,יום רגיל,3,16,8700,4,,
2025039134,קלה,0,עירוני לא בצומת,1,עד 50,יותר מ-14 מטר,אין ליקוי,גשום,רטוב ממים,שישי,יום,יום רגיל,12,8,6800,3,,
2025039137,קלה,0,לא עירוני בצומת,0,80,יותר מ-14 מטר,אין ליקוי,בהיר,יבש,שישי,יום,חג,3,16,0,7,,
2025039145,קלה,0,לא עירוני לא בצומת,0,90,,אין ליקוי,בהיר,יבש,שבת,לילה,יום רגיל,7,2,0,2,,
2025039153,קלה,0,עירוני בצומת,1,עד 50,יותר מ-14 מטר,אין ליקוי,בהיר,יבש,שלישי,יום,יום רגיל,6,19,166,4,,
2025039154,קטלנית,1,לא עירוני לא בצומת,0,80,7 עד 10.5 מטר,אין ליקוי,בהיר,יבש,שישי,לילה,יום רגיל,12,18,0,7,,
2025039155,קלה,0,עירוני בצומת,1,עד 50,עד 5 מטר,אין ליקוי,בהיר,יבש,ראשון,יום,יום רגיל,2,13,5000,5,,
2025039159,קלה,0,לא עירוני בצומת,0,60,יותר מ-14 מטר,אין ליקוי,בהיר,יבש,חמישי,לילה,יום רגיל,6,21,0,4,,
2025039199,קשה,0,עירוני לא בצומת,1,עד 50,10.5 עד 14 מטר,אין ליקוי,בהיר,יבש,שלישי,יום,יום רגיל,8,12,9100,2,,
2025039211,קלה,0,עירוני בצומת,1,עד 50,,אין ליקוי,בהיר,יבש,שלישי,יום,יום רגיל,5,18,6600,5,,
2025039234,קשה,0,לא עירוני בצומת,0,לא ידוע,,לא ידוע,לא ידוע,לא ידוע,שלישי,יום,יום רגיל,10,17,0,2,,
2025039288,קשה,0,עירוני בצומת,1,לא ידוע,,לא ידוע,לא ידוע,לא ידוע,שלישי,לילה,יום רגיל,8,22,8300,4,,
2025039315,קלה,0,לא עירוני בצומת,0,עד 50,יותר מ-14 מטר,אין ליקוי,בהיר,יבש,שישי,לילה,יום רגיל,4,5,0,5,,
2025039330,קטלנית,1,לא עירוני לא בצומת,0,,7 עד 10.5 מטר,אין ליקוי,בהיר,יבש,חמישי,לילה,יום רגיל,10,2,0,4,,
2025039344,קשה,0,עירוני לא בצומת,1,לא ידוע,,לא ידוע,לא ידוע,לא ידוע,שישי,יום,יום רגיל,4,16,8500,4,,
2025039352,קלה,0,עירוני בצומת,1,עד 50,5 עד 7 מטר,אין ליקוי,בהיר,יבש,רביעי,יום,יום רגיל,5,18,3000,1,,
2025039361,קלה,0,עירוני בצומת,1,עד 50,5 עד 7 מטר,אין ליקוי,בהיר,יבש,שני,לילה,יום רגיל,12,6,5000,5,,
2025039367,קלה,0,עירוני בצומת,1,עד 50,,אין ליקוי,בהיר,יבש,ראשון,יום,יום רגיל,5,18,7900,4,,
2025039370,קשה,0,לא עירוני בצומת,0,70,יותר מ-14 מטר,אין ליקוי,בהיר,יבש,ראשון,יום,יום רגיל,5,10,0,4,,
2025039372,קלה,0,לא עירוני לא בצומת,0,80,5 עד 7 מטר,אין ליקוי,בהיר,יבש,שבת,יום,יום רגיל,6,11,0,4,,
2025039385,קשה,0,לא עירוני לא בצומת,0,לא ידוע,,לא ידוע,לא ידוע,לא ידוע,ראשון,לילה,יום רגיל,11,23,0,4,,
2025039394,קשה,0,לא עירוני לא בצומת,0,לא ידוע,,לא ידוע,לא ידוע,לא ידוע,שני,יום,יום רגיל,8,7,0,5,,
2025039427,קלה,0,לא עירוני בצומת,0,80,7 עד 10.5 מטר,אין ליקוי,בהיר,יבש,שלישי,יום,יום רגיל,8,18,0,2,,
2025039435,קשה,0,עירוני בצומת,1,לא ידוע,,לא ידוע,לא ידוע,לא ידוע,רביעי,יום,יום רגיל,1,7,8600,5,,
2025039436,קלה,0,עירוני בצומת,1,עד 50,5 עד 7 מטר,אין ליקוי,בהיר,יבש,חמישי,לילה,יום רגיל,9,19,8400,4,,
2025039440,קלה,0,לא עירוני לא בצומת,0,80,7 עד 10.5 מטר,אין ליקוי,גשום,רטוב ממים,חמישי,יום,יום רגיל,9,9,0,2,,
2025039442,קשה,0,עירוני לא בצומת,1,לא ידוע,,לא ידוע,לא ידוע,לא ידוע,חמישי,יום,יום רגיל,7,10,1058,6,,
2025039454,קטלנית,1,לא עירוני בצומת,0,60,יותר מ-14 מטר,אין ליקוי,בהיר,יבש,שני,לילה,יום רגיל,3,20,0,4,,
2025039455,קשה,0,עירוני בצומת,1,עד 50,7 עד 10.5 מטר,אין ליקוי,בהיר,יבש,שישי,לילה,חול המועד,10,23,7100,6,,
2025039467,קלה,0,עירוני לא בצומת,1,עד 50,7 עד 10.5 מטר,אין ליקוי,בהיר,יבש,ראשון,יום,יום רגיל,2,13,7700,2,,
2025039501,קלה,0,לא עירוני בצומת,0,80,7 עד 10.5 מטר,אין ליקוי,בהיר,יבש,רביעי,לילה,יום רגיל,4,23,0,2,,
2025039505,קשה,0,עירוני לא בצומת,1,עד 50,5 עד 7 מטר,אין ליקוי,גשום,רטוב ממים,ראשון,לילה,יום רגיל,2,19,4000,3,,
2025039515,קלה,0,עירוני בצומת,1,עד 50,5 עד 7 מטר,אין ליקוי,בהיר,יבש,שני,לילה,יום רגיל,1,17,6900,4,,
2025039516,קשה,0,עירוני לא בצומת,1,עד 50,5 עד 7 מטר,אין ליקוי,בהיר,יבש,שני,יום,יום רגיל,9,14,5000,5,,
2025039545,קשה,0,עירוני בצומת,1,עד 50,5 עד 7 מטר,אין ליקוי,בהיר,יבש,שני,יום,יום רגיל,7,17,4000,3,,
2025039549,קלה,0,עירוני בצומת,1,עד 50,10.5 עד 14 מטר,אין ליקוי,בהיר,יבש,ראשון,יום,יום רגיל,7,17,3000,1,,
2025039552,קלה,0,עירוני לא בצומת,1,עד 50,10.5 עד 14 מטר,אין ליקוי,בהיר,יבש,שלישי,יום,יום רגיל,1,8,1761,6,,
2025039562,קלה,0,לא עירוני לא בצומת,0,לא ידוע,,לא ידוע,לא ידוע,לא ידוע,שלישי,לילה,חג,10,22,0,4,,
2025039566,קלה,0,עירוני בצומת,1,עד 50,,אין ליקוי,בהיר,יבש,רביעי,לילה,יום רגיל,3,18,5000,5,,
2025039568,קלה,0,לא עירוני בצומת,0,עד 50,5 עד 7 מטר,אין ליקוי,בהיר,יבש,שני,לילה,יום רגיל,2,21,0,4,,
2025039575,קלה,0,לא עירוני לא בצומת,0,80,7 עד 10.5 מטר,אין ליקוי,גשום,רטוב ממים,שישי,יום,יום רגיל,1,12,0,7,,
2025039586,קשה,0,לא עירוני לא בצומת,0,100,10.5 עד 14 מטר,אין ליקוי,בהיר,יבש,ראשון,לילה,יום רגיל,5,0,0,3,,
2025039593,קלה,0,לא עירוני בצומת,0,70,יותר מ-14 מטר,אין ליקוי,בהיר,יבש,ראשון,יום,יום רגיל,8,17,0,3,,
2025039605,קלה,0,עירוני לא בצומת,1,עד 50,5 עד 7 מטר,אין ליקוי,בהיר,יבש,רביעי,יום,יום רגיל,8,12,4000,3,,
2025039627,קשה,0,עירוני לא בצומת,1,לא ידוע,,לא ידוע,לא ידוע,לא ידוע,חמישי,יום,יום רגיל,5,16,31,6,,
2025039633,קשה,0,לא עירוני לא בצומת,0,עד 50,7 עד 10.5 מטר,אין ליקוי,בהיר,חול או חצץ על הכביש,ראשון,יום,יום רגיל,6,15,0,7,,
2025039639,קלה,0,עירוני לא בצומת,1,עד 50,,אין ליקוי,בהיר,יבש,שישי,יום,יום רגיל,1,10,7900,4,,
2025039664,קלה,0,עירוני לא בצומת,1,עד 50,5 עד 7 מטר,אין ליקוי,בהיר,יבש,חמישי,יום,יום רגיל,1,16,7900,4,,
2025039669,קלה,0,עירוני לא בצומת,1,לא ידוע,עד 5 מטר,אין ליקוי,בהיר,יבש,רביעי,יום,יום רגיל,9,8,5000,5,,
2025039670,קשה,0,עירוני לא בצומת,1,לא ידוע,,לא ידוע,לא ידוע,לא ידוע,ראשון,לילה,יום רגיל,3,18,2610,1,,
2025039678,קטלנית,1,לא עירוני בצומת,0,90,יותר מ-14 מטר,אין ליקוי,בהיר,יבש,רביעי,יום,יום רגיל,3,6,0,6,,
2025039693,קשה,0,לא עירוני לא בצומת,0,90,,אין ליקוי,בהיר,יבש,חמישי,לילה,יום רגיל,9,20,0,5,,
2025039696,קשה,0,עירוני לא בצומת,1,לא ידוע,,לא ידוע,לא ידוע,לא ידוע,רביעי,יום,יום רגיל,7,18,504,2,,
2025039707,קלה,0,עירוני בצומת,1,עד 50,,אין ליקוי,בהיר,יבש,רביעי,יום,יום רגיל,3,6,6200,5,,
2025039719,קשה,0,לא עירוני לא בצומת,0,לא ידוע,,לא ידוע,לא ידוע,לא ידוע,שלישי,לילה,יום רגיל,2,0,0,5,,
2025039721,קלה,0,עירוני לא בצומת,1,עד 50,יותר מ-14 מטר,אין ליקוי,בהיר,יבש,ראשון,יום,יום רגיל,3,12,4000,3,,
2025039728,קלה,0,עירוני לא בצומת,1,עד 50,יותר מ-14 מטר,אין ליקוי,בהיר,יבש,שבת,יום,יום רגיל,12,15,4000,3,,
2025039735,קשה,0,עירוני לא בצומת,1,לא ידוע,,לא ידוע,לא ידוע,לא ידוע,חמישי,יום,יום רגיל,11,9,6700,2,,
2025039754,קלה,0,עירוני בצומת,1,עד 50,7 עד 10.5 מטר,אין ליקוי,בהיר,יבש,חמישי,יום,יום רגיל,1,10,6200,5,,
2025039761,קלה,0,עירוני בצומת,1,עד 50,5 עד 7 מטר,אין ליקוי,בהיר,יבש,שלישי,לילה,יום רגיל,6,21,70,6,,
2025039768,קלה,0,לא עירוני בצומת,0,90,7 עד 10.5 מטר,אין ליקוי,בהיר,יבש,רביעי,יום,יום רגיל,1,9,0,3,,
2025039777,קלה,0,לא עירוני בצומת,0,70,10.5 עד 14 מטר,אין ליקוי,בהיר,יבש,שבת,יום,יום רגיל,1,10,0,3,,
2025039798,קשה,0,עירוני לא בצומת,1,עד 50,עד 5 מטר,אין ליקוי,בהיר,לא ידוע,ראשון,לילה,יום רגיל,7,20,1327,3,,
2025039816,קלה,0,עירוני לא בצומת,1,עד 50,5 עד 7 מטר,אין ליקוי,בהיר,יבש,שבת,יום,חול המועד,10,15,8700,4,,
2025039831,קלה,0,עירוני לא בצומת,1,עד 50,5 עד 7 מטר,אין ליקוי,בהיר,יבש,רביעי,יום,יום רגיל,1,9,4000,3,,
2025039838,קלה,0,עירוני בצומת,1,עד 50,7 עד 10.5 מטר,אין ליקוי,בהיר,יבש,חמישי,לילה,חג,5,0,7100,6,,
2025039843,קלה,0,עירוני בצומת,1,עד 50,,אין ליקוי,בהיר,יבש,רביעי,לילה,יום רגיל,4,0,7900,4,,
2025039853,קלה,0,עירוני בצומת,1,עד 50,5 עד 7 מטר,אין ליקוי,בהיר,יבש,חמישי,לילה,יום רגיל,2,23,5000,5,,
2025039893,קלה,0,עירוני בצומת,1,70,7 עד 10.5 מטר,אין ליקוי,בהיר,יבש,ראשון,לילה,יום רגיל,1,17,4000,3,,
2025039909,קלה,0,עירוני בצומת,1,עד 50,7 עד 10.5 מטר,אין ליקוי,בהיר,יבש,שישי,יום,יום רגיל,3,9,6600,5,,
2025039910,קלה,0,עירוני בצומת,1,עד 50,5 עד 7 מטר,אין ליקוי,בהיר,יבש,רביעי,יום,יום רגיל,11,11,4000,3,,
2025039923,קשה,0,עירוני לא בצומת,1,לא ידוע,,לא ידוע,לא ידוע,לא ידוע,שני,לילה,יום רגיל,6,21,1161,6,,
2025039926,קשה,0,עירוני לא בצומת,1,לא ידוע,,לא ידוע,לא ידוע,לא ידוע,שני,לילה,יום רגיל,1,19,8900,2,,
2025039928,קשה,0,עירוני לא בצומת,1,עד 50,עד 5 מטר,אין ליקוי,בהיר,יבש,חמישי,לילה,יום רגיל,3,5,2730,4,,
2025039955,קלה,0,עירוני בצומת,1,עד 50,7 עד 10.5 מטר,אין ליקוי,בהיר,יבש,ראשון,לילה,חג,4,23,9000,6,,
2025039961,קשה,0,לא עירוני לא בצומת,0,80,יותר מ-14 מטר,אין ליקוי,בהיר,יבש,שני,לילה,יום רגיל,5,20,0,2,,
2025039980,קשה,0,לא עירוני לא בצומת,0,90,7 עד 10.5 מטר,אין ליקוי,בהיר,יבש,שישי,יום,יום רגיל,3,15,0,2,,
2025040017,קלה,0,עירוני בצומת,1,עד 50,,אין ליקוי,בהיר,יבש,שלישי,יום,יום רגיל,4,8,587,4,,
2025040030,קלה,0,לא עירוני בצומת,0,עד 50,5 עד 7 מטר,אין ליקוי,בהיר,יבש,שישי,יום,יום רגיל,8,8,0,4,,
2025040076,קשה,0,עירוני לא בצומת,1,עד 50,7 עד 10.5 מטר,אין ליקוי,בהיר,יבש,רביעי,לילה,יום רגיל,12,19,1031,6,,
2025040080,קשה,0,לא עירוני לא בצומת,0,100,יותר מ-14 מטר,אין ליקוי,בהיר,יבש,רביעי,יום,יום רגיל,3,12,0,3,,
2025040085,קשה,0,עירוני לא בצומת,1,לא ידוע,,לא ידוע,לא ידוע,לא ידוע,ראשון,יום,יום רגיל,6,14,7900,4,,
2025040098,קלה,0,עירוני בצומת,1,עד 50,יותר מ-14 מטר,אין ליקוי,בהיר,יבש,שני,יום,יום רגיל,12,10,6900,4,,
2025040100,קלה,0,עירוני בצומת,1,עד 50,10.5 עד 14 מטר,אין ליקוי,בהיר,יבש,ראשון,לילה,יום רגיל,11,3,70,6,,
2025040120,קשה,0,לא עירוני לא בצומת,0,100,10.5 עד 14 מטר,אין ליקוי,בהיר,יבש,שני,יום,יום רגיל,10,13,0,4,,
2025040142,קשה,0,עירוני לא בצומת,1,לא ידוע,,לא ידוע,לא ידוע,לא ידוע,חמישי,יום,יום רגיל,7,16,6300,5,,
2025040144,קלה,0,לא עירוני בצומת,0,עד 50,10.5 עד 14 מטר,אין ליקוי,בהיר,יבש,שני,לילה,יום רגיל,5,2,0,1,,
2025040174,קשה,0,לא עירוני לא בצומת,0,לא ידוע,,לא ידוע,לא ידוע,לא ידוע,ראשון,לילה,יום רגיל,3,18,0,6,,
2025040191,קלה,0,עירוני בצומת,1,עד 50,10.5 עד 14 מטר,אין ליקוי,בהיר,יבש,שני,יום,יום רגיל,4,9,7700,2,,
2025040207,קלה,0,לא עירוני לא בצומת,0,90,,אין ליקוי,לא ידוע,רטוב ממים,חמישי,לילה,יום רגיל,1,4,0,5,,
2025040217,קלה,0,עירוני לא בצומת,1,עד 50,5 עד 7 מטר,אין ליקוי,בהיר,יבש,שלישי,יום,יום רגיל,9,15,2730,4,,
2025040222,קשה,0,לא עירוני לא בצומת,0,90,7 עד 10.5 מטר,אין ליקוי,בהיר,יבש,שני,יום,יום רגיל,3,7,0,3,,
2025040244,קשה,0,עירוני לא בצומת,1,לא ידוע,,לא ידוע,לא ידוע,לא ידוע,שבת,יום,יום רגיל,3,16,3000,1,,
2025040253,קלה,0,עירוני בצומת,1,עד 50,יותר מ-14 מטר,אין ליקוי,בהיר,יבש,רביעי,יום,יום רגיל,1,7,6100,5,,
2025040255,קלה,0,עירוני בצומת,1,עד 50,5 עד 7 מטר,אין ליקוי,בהיר,יבש,שני,יום,יום רגיל,9,7,2400,5,,
2025040257,קטלנית,1,לא עירוני לא בצומת,0,90,7 עד 10.5 מטר,אין ליקוי,בהיר,יבש,רביעי,יום,יום רגיל,4,17,0,6,,
2025040260,קלה,0,עירוני לא בצומת,1,עד 50,5 עד 7 מטר,אין ליקוי,בהיר,יבש,שבת,לילה,יום רגיל,2,17,70,6,,
2025040272,קלה,0,לא עירוני בצומת,0,80,7 עד 10.5 מטר,אין ליקוי,בהיר,יבש,שבת,לילה,יום רגיל,8,21,0,6,,
2025040298,קלה,0,לא עירוני לא בצומת,0,80,10.5 עד 14 מטר,אין ליקוי,בהיר,יבש,רביעי,לילה,יום רגיל,3,20,0,4,,
2025040302,קלה,0,עירוני לא בצומת,1,עד 50,עד 5 מטר,אין ליקוי,בהיר,יבש,ראשון,לילה,יום רגיל,10,18,5000,5,,
2025040314,קטלנית,1,לא עירוני לא בצומת,0,80,7 עד 10.5 מטר,אין ליקוי,בהיר,יבש,שלישי,יום,יום רגיל,1,15,0,2,,
2025040316,קלה,0,עירוני בצומת,1,עד 50,5 עד 7 מטר,אין ליקוי,בהיר,יבש,ראשון,יום,יום רגיל,4,17,2600,6,,
2025040327,קשה,0,עירוני לא בצומת,1,עד 50,5 עד 7 מטר,אין ליקוי,בהיר,יבש,שישי,יום,יום רגיל,6,8,1020,3,,
2025040335,קשה,0,עירוני בצומת,1,לא ידוע,,לא ידוע,לא ידוע,לא ידוע,שני,יום,יום רגיל,1,14,2660,4,,
2025040377,קשה,0,עירוני לא בצומת,1,לא ידוע,,לא ידוע,לא ידוע,לא ידוע,ראשון,לילה,יום רגיל,8,20,3000,1,,
2025040385,קלה,0,עירוני בצומת,1,עד 50,5 עד 7 מטר,אין ליקוי,בהיר,יבש,שלישי,לילה,יום רגיל,12,5,6800,3,,
2025040389,קלה,0,לא עירוני לא בצומת,0,80,10.5 עד 14 מטר,אין ליקוי,בהיר,יבש,שני,לילה,יום רגיל,9,20,0,2,,
2025040405,קשה,0,לא עירוני בצומת,0,עד 50,יותר מ-14 מטר,אין ליקוי,בהיר,יבש,ראשון,לילה,יום רגיל,3,5,0,3,,
2025040406,קלה,0,עירוני בצומת,1,70,10.5 עד 14 מטר,אין ליקוי,בהיר,יבש,חמישי,לילה,יום רגיל,7,23,70,6,,
2025040416,קלה,0,לא עירוני בצומת,0,70,7 עד 10.5 מטר,אין ליקוי,גשום,רטוב ממים,שלישי,לילה,יום רגיל,2,19,0,3,,
2025040439,קשה,0,עירוני בצומת,1,עד 50,,אין ליקוי,בהיר,יבש,חמישי,יום,יום רגיל,4,14,8600,5,,
2025040452,קלה,0,עירוני לא בצומת,1,עד 50,5 עד 7 מטר,אין ליקוי,בהיר,יבש,רביעי,יום,יום רגיל,12,15,6900,4,,
2025040469,קלה,0,עירוני בצומת,1,עד 50,7 עד 10.5 מטר,אין ליקוי,בהיר,יבש,שני,לילה,יום רגיל,1,18,1247,3,,
2025040478,קלה,0,עירוני לא בצומת,1,לא ידוע,,לא ידוע,לא ידוע,לא ידוע,חמישי,יום,יום רגיל,11,7,5000,5,,
2025040497,קלה,0,עירוני בצומת,1,עד 50,5 עד 7 מטר,אין ליקוי,בהיר,יבש,רביעי,יום,יום רגיל,1,15,2500,3,,
2025040504,קשה,0,לא עירוני בצומת,0,80,יותר מ-14 מטר,אין ליקוי,בהיר,יבש,שישי,לילה,יום רגיל,4,1,0,3,,
2025040505,קשה,0,עירוני לא בצומת,1,לא ידוע,,לא ידוע,לא ידוע,לא ידוע,רביעי,יום,יום רגיל,12,11,3000,1,,
2025040507,קלה,0,עירוני בצומת,1,עד 50,7 עד 10.5 מטר,אין ליקוי,בהיר,יבש,שני,יום,יום רגיל,11,11,70,6,,
2025040510,קשה,0,לא עירוני לא בצומת,0,80,5 עד 7 מטר,לא ידוע,בהיר,יבש,חמישי,יום,יום רגיל,3,16,0,7,,
2025040512,קשה,0,עירוני לא בצומת,1,עד 50,יותר מ-14 מטר,אין ליקוי,בהיר,יבש,שלישי,לילה,יום רגיל,5,4,4000,3,,
2025040541,קשה,0,עירוני בצומת,1,עד 50,,אין ליקוי,בהיר,יבש,שלישי,יום,יום רגיל,2,7,8600,5,,
2025040551,קלה,0,עירוני בצומת,1,עד 50,5 עד 7 מטר,אין ליקוי,לא ידוע,יבש,רביעי,יום,יום רגיל,1,7,5000,5,,
2025040559,קשה,0,לא עירוני לא בצומת,0,80,10.5 עד 14 מטר,אין ליקוי,בהיר,יבש,שלישי,לילה,יום רגיל,11,19,0,7,,
2025040566,קלה,0,עירוני בצומת,1,עד 50,5 עד 7 מטר,אין ליקוי,בהיר,יבש,ראשון,יום,יום רגיל,1,9,2100,3,,
2025040576,קלה,0,עירוני לא בצומת,1,עד 50,,אין ליקוי,בהיר,יבש,שלישי,יום,יום רגיל,9,17,7900,4,,
2025040592,קלה,0,עירוני בצומת,1,עד 50,7 עד 10.5 מטר,אין ליקוי,בהיר,יבש,ראשון,יום,יום רגיל,7,9,7400,4,,
2025040622,קלה,0,עירוני לא בצומת,1,עד 50,,אין ליקוי,בהיר,יבש,חמישי,יום,יום רגיל,8,9,6400,5,,
2025040631,קטלנית,1,לא עירוני לא בצומת,0,לא ידוע,,לא ידוע,לא ידוע,לא ידוע,ראשון,יום,יום רגיל,8,14,0,6,,
2025040635,קשה,0,לא עירוני לא בצומת,0,90,5 עד 7 מטר,אין ליקוי,בהיר,יבש,ראשון,יום,יום רגיל,3,10,0,6,,
2025040647,קלה,0,עירוני בצומת,1,עד 50,7 עד 10.5 מטר,אין ליקוי,בהיר,יבש,שישי,יום,יום רגיל,12,6,2500,3,,
2025040660,קלה,0,עירוני בצומת,1,עד 50,5 עד 7 מטר,אין ליקוי,בהיר,יבש,שני,יום,יום רגיל,7,16,2500,3,,
2025040668,קשה,0,לא עירוני בצומת,0,60,5 עד 7 מטר,אין ליקוי,בהיר,יבש,שלישי,יום,יום רגיל,5,18,0,7,,
2025040678,קשה,0,עירוני לא בצומת,1,לא ידוע,,לא ידוע,לא ידוע,לא ידוע,חמישי,יום,יום רגיל,8,16,874,2,,
2025040684,קלה,0,עירוני לא בצומת,1,עד 50,7 עד 10.5 מטר,אין ליקוי,בהיר,יבש,שלישי,יום,יום רגיל,7,11,6500,3,,
2025040687,קשה,0,לא עירוני לא בצומת,0,90,10.5 עד 14 מטר,אין ליקוי,בהיר,יבש,חמישי,יום,יום רגיל,11,15,0,5,,
2025040698,קשה,0,לא עירוני בצומת,0,90,יותר מ-14 מטר,אין ליקוי,בהיר,יבש,שני,יום,יום רגיל,1,12,0,2,,
2025040706,קלה,0,לא עירוני בצומת,0,90,7 עד 10.5 מטר,אין ליקוי,בהיר,יבש,שבת,לילה,יום רגיל,1,18,0,3,,
2025040707,קשה,0,עירוני בצומת,1,עד 50,7 עד 10.5 מטר,אין ליקוי,בהיר,יבש,שני,לילה,יום רגיל,3,20,6600,5,,
2025040722,קשה,0,עירוני לא בצומת,1,60,5 עד 7 מטר,אין ליקוי,בהיר,יבש,שלישי,יום,יום רגיל,6,9,4000,3,,
2025040725,קלה,0,לא עירוני בצומת,0,80,7 עד 10.5 מטר,אין ליקוי,גשום,רטוב ממים,רביעי,יום,יום רגיל,2,13,0,2,,
2025040734,קלה,0,עירוני בצומת,1,עד 50,יותר מ-14 מטר,אין ליקוי,לא ידוע,רטוב ממים,שישי,יום,יום רגיל,11,8,9500,3,,
2025040775,קלה,0,לא עירוני בצומת,0,עד 50,7 עד 10.5 מטר,אין ליקוי,בהיר,יבש,ראשון,יום,יום רגיל,7,15,0,4,,
2025040783,קלה,0,עירוני בצומת,1,עד 50,7 עד 10.5 מטר,אין ליקוי,בהיר,יבש,חמישי,לילה,יום רגיל,8,23,3000,1,,
2025040799,קלה,0,עירוני לא בצומת,1,לא ידוע,10.5 עד 14 מטר,אין ליקוי,בהיר,יבש,רביעי,לילה,יום רגיל,8,0,70,6,,
2025040803,קלה,0,לא עירוני בצומת,0,90,יותר מ-14 מטר,אין ליקוי,בהיר,יבש,חמישי,לילה,יום רגיל,9,6,0,2,,
2025040812,קלה,0,לא עירוני לא בצומת,0,,10.5 עד 14 מטר,אין ליקוי,בהיר,יבש,חמישי,יום,יום רגיל,6,18,0,3,,
2025040845,קלה,0,עירוני בצומת,1,עד 50,7 עד 10.5 מטר,אין ליקוי,בהיר,יבש,רביעי,יום,יום רגיל,8,11,7400,4,,
2025040897,קלה,0,עירוני לא בצומת,1,עד 50,7 עד 10.5 מטר,אין ליקוי,בהיר,רטוב ממים,שני,לילה,יום רגיל,12,21,7100,6,,
2025040907,קלה,0,לא עירוני בצומת,0,90,7 עד 10.5 מטר,אין ליקוי,בהיר,יבש,ראשון,יום,יום רגיל,9,15,0,6,,
2025040923,קשה,0,לא עירוני לא בצומת,0,80,7 עד 10.5 מטר,אין ליקוי,בהיר,יבש,ראשון,לילה,יום רגיל,9,22,0,7,,
2025040925,קלה,0,עירוני לא בצומת,1,עד 50,5 עד 7 מטר,אין ליקוי,בהיר,יבש,חמישי,יום,יום רגיל,5,13,6200,5,,
2025040928,קלה,0,לא עירוני לא בצומת,0,עד 50,7 עד 10.5 מטר,אין ליקוי,לא ידוע,יבש,שישי,לילה,יום רגיל,12,16,0,2,,
2025040938,קטלנית,1,לא עירוני לא בצומת,0,90,,אין ליקוי,בהיר,יבש,ראשון,לילה,יום רגיל,3,2,0,6,,
2025040948,קלה,0,לא עירוני לא בצומת,0,80,10.5 עד 14 מטר,אין ליקוי,בהיר,יבש,רביעי,יום,יום רגיל,4,9,0,6,,
2025040950,קלה,0,לא עירוני לא בצומת,0,80,5 עד 7 מטר,אין ליקוי,בהיר,יבש,שבת,יום,יום רגיל,2,13,0,7,,
2025040966,קלה,0,לא עירוני לא בצומת,0,60,5 עד 7 מטר,אין ליקוי,בהיר,יבש,ראשון,יום,יום רגיל,10,14,0,3,,
2025041010,קשה,0,עירוני לא בצומת,1,לא ידוע,,לא ידוע,לא ידוע,לא ידוע,ראשון,לילה,יום רגיל,1,18,7400,4,,
2025041015,קשה,0,לא עירוני לא בצומת,0,70,10.5 עד 14 מטר,לא ידוע,בהיר,יבש,שני,יום,יום רגיל,3,14,0,7,,
2025041027,קשה,0,לא עירוני לא בצומת,0,60,7 עד 10.5 מטר,אין ליקוי,בהיר,יבש,שבת,יום,יום רגיל,3,13,0,3,,
2025041028,קלה,0,לא עירוני בצומת,0,עד 50,10.5 עד 14 מטר,אין ליקוי,בהיר,יבש,שני,יום,יום רגיל,5,15,0,4,,
2025041038,קשה,0,עירוני בצומת,1,לא ידוע,,לא ידוע,לא ידוע,לא ידוע,רביעי,יום,יום רגיל,7,13,3780,7,,
2025041041,קלה,0,עירוני בצומת,1,לא ידוע,,לא ידוע,לא ידוע,לא ידוע,חמישי,יום,יום רגיל,11,13,7400,4,,
2025041042,קשה,0,עירוני לא בצומת,1,לא ידוע,,לא ידוע,לא ידוע,לא ידוע,ראשון,לילה,יום רגיל,7,21,6600,5,,
2025041057,קשה,0,עירוני בצומת,1,עד 50,10.5 עד 14 מטר,אין ליקוי,בהיר,יבש,ראשון,לילה,יום רגיל,11,20,6900,4,,
2025041062,קלה,0,עירוני בצומת,1,עד 50,10.5 עד 14 מטר,אין ליקוי,בהיר,יבש,שבת,יום,יום רגיל,5,16,7400,4,,
2025041064,קשה,0,עירוני לא בצומת,1,60,7 עד 10.5 מטר,אין ליקוי,בהיר,יבש,שני,יום,יום רגיל,8,12,5000,5,,
2025041066,קלה,0,עירוני בצומת,1,עד 50,7 עד 10.5 מטר,אין ליקוי,בהיר,יבש,חמישי,לילה,יום רגיל,9,1,2500,3,,
2025041081,קלה,0,עירוני לא בצומת,1,עד 50,5 עד 7 מטר,אין ליקוי,בהיר,יבש,רביעי,יום,יום רגיל,6,9,5000,5,,
2025041087,קלה,0,עירוני לא בצומת,1,עד 50,עד 5 מטר,אין ליקוי,בהיר,יבש,שישי,יום,יום רגיל,7,7,6600,5,,
2025041090,קשה,0,לא עירוני לא בצומת,0,80,5 עד 7 מטר,אין ליקוי,בהיר,יבש,שני,יום,חול המועד,4,16,0,2,,
2025041093,קשה,0,לא עירוני לא בצומת,0,לא ידוע,,לא ידוע,לא ידוע,לא ידוע,שישי,לילה,יום רגיל,1,0,0,4,,
2025041106,קלה,0,עירוני לא בצומת,1,לא ידוע,,לא ידוע,לא ידוע,לא ידוע,רביעי,יום,יום רגיל,8,18,2620,5,,
2025041111,קלה,0,לא עירוני לא בצומת,0,עד 50,10.5 עד 14 מטר,אין ליקוי,בהיר,יבש,שבת,יום,יום רגיל,9,16,0,5,,
2025041127,קלה,0,לא עירוני בצומת,0,80,10.5 עד 14 מטר,אין ליקוי,בהיר,יבש,שישי,יום,חג,3,9,0,2,,
2025041175,קשה,0,עירוני לא בצומת,1,לא ידוע,,לא ידוע,לא ידוע,לא ידוע,רביעי,יום,חול המועד,4,6,634,4,,
2025041193,קשה,0,עירוני לא בצומת,1,לא ידוע,,לא ידוע,לא ידוע,לא ידוע,חמישי,לילה,יום רגיל,1,6,70,6,,
2025041229,קלה,0,עירוני בצומת,1,עד 50,5 עד 7 מטר,אין ליקוי,בהיר,יבש,רביעי,יום,יום רגיל,2,13,5000,5,,
2025041238,קשה,0,לא עירוני לא בצומת,0,80,7 עד 10.5 מטר,אין ליקוי,לא ידוע,רטוב ממים,שישי,יום,יום רגיל,11,6,0,2,,
2025041244,קשה,0,לא עירוני לא בצומת,0,לא ידוע,,לא ידוע,לא ידוע,לא ידוע,שישי,לילה,יום רגיל,10,1,0,4,,
2025041247,קלה,0,עירוני בצומת,1,70,10.5 עד 14 מטר,אין ליקוי,בהיר,יבש,שני,לילה,יום רגיל,5,19,4000,3,,
2025041261,קלה,0,לא עירוני בצומת,0,80,7 עד 10.5 מטר,אין ליקוי,בהיר,יבש,ראשון,יום,יום רגיל,11,8,0,2,,
2025041286,קשה,0,עירוני בצומת,1,עד 50,5 עד 7 מטר,אין ליקוי,בהיר,יבש,רביעי,יום,יום רגיל,6,9,3000,1,,
2025041290,קלה,0,לא עירוני בצומת,0,90,יותר מ-14 מטר,אין ליקוי,בהיר,יבש,רביעי,יום,יום רגיל,1,15,0,6,,
2025041314,קשה,0,לא עירוני לא בצומת,0,80,5 עד 7 מטר,אין ליקוי,בהיר,יבש,שבת,יום,יום רגיל,5,16,0,2,,
2025041324,קלה,0,לא עירוני לא בצומת,0,80,5 עד 7 מטר,אין ליקוי,בהיר,יבש,שני,יום,יום רגיל,11,6,0,2,,
2025041384,קלה,0,לא עירוני לא בצומת,0,60,7 עד 10.5 מטר,אין ליקוי,בהיר,יבש,שבת,לילה,יום רגיל,9,22,0,2,,
2025041391,קשה,0,לא עירוני לא בצומת,0,עד 50,7 עד 10.5 מטר,אין ליקוי,בהיר,יבש,שישי,יום,יום רגיל,9,17,0,2,,
2025041393,קשה,0,עירוני בצומת,1,70,10.5 עד 14 מטר,אין ליקוי,בהיר,יבש,ראשון,לילה,חג,4,19,9100,2,,
2025041397,קשה,0,לא עירוני לא בצומת,0,80,7 עד 10.5 מטר,אין ליקוי,בהיר,יבש,שני,יום,יום רגיל,11,12,0,7,,
2025041398,קלה,0,עירוני לא בצומת,1,לא ידוע,,לא ידוע,לא ידוע,לא ידוע,שישי,יום,יום רגיל,11,13,6200,5,,
2025041418,קשה,0,עירוני בצומת,1,לא ידוע,,לא ידוע,לא ידוע,לא ידוע,ראשון,יום,יום רגיל,10,15,3000,1,,
2025041432,קלה,0,לא עירוני לא בצומת,0,70,10.5 עד 14 מטר,אין ליקוי,בהיר,יבש,שלישי,יום,יום רגיל,8,12,0,7,,
2025041476,קלה,0,לא עירוני לא בצומת,0,80,5 עד 7 מטר,אין ליקוי,שרבי,יבש,ראשון,יום,יום רגיל,8,15,0,7,,
2025041495,קשה,0,עירוני לא בצומת,1,לא ידוע,,לא ידוע,לא ידוע,לא ידוע,שבת,לילה,יום רגיל,7,21,70,6,,
2025041509,קלה,0,עירוני לא בצומת,1,עד 50,7 עד 10.5 מטר,אין ליקוי,בהיר,יבש,שני,יום,יום רגיל,8,11,6200,5,,
2025041510,קלה,0,עירוני בצומת,1,עד 50,5 עד 7 מטר,אין ליקוי,בהיר,יבש,רביעי,יום,יום רגיל,4,16,9100,2,,
2025041526,קלה,0,לא עירוני בצומת,0,70,7 עד 10.5 מטר,אין ליקוי,בהיר,יבש,רביעי,לילה,יום רגיל,1,19,0,3,,
2025041551,קלה,0,עירוני לא בצומת,1,60,,אין ליקוי,בהיר,יבש,שבת,יום,חג,4,8,5000,5,,
2025041553,קלה,0,עירוני בצומת,1,עד 50,5 עד 7 מטר,אין ליקוי,בהיר,יבש,שני,יום,יום רגיל,3,13,6200,5,,
2025041566,קשה,0,לא עירוני לא בצומת,0,90,10.5 עד 14 מטר,שוליים גרועים,בהיר,חול או חצץ על הכביש,ראשון,יום,יום רגיל,3,7,0,4,,
2025041581,קטלנית,1,לא עירוני לא בצומת,0,80,7 עד 10.5 מטר,אין ליקוי,בהיר,יבש,חמישי,יום,יום רגיל,5,11,0,2,,
2025041582,קלה,0,לא עירוני לא בצומת,0,90,10.5 עד 14 מטר,אין ליקוי,בהיר,יבש,שלישי,יום,יום רגיל,4,13,0,6,,
2025041590,קשה,0,עירוני לא בצומת,1,לא ידוע,,לא ידוע,לא ידוע,לא ידוע,רביעי,לילה,חג,9,21,3000,1,,
2025041596,קשה,0,עירוני בצומת,1,עד 50,5 עד 7 מטר,אין ליקוי,בהיר,יבש,שבת,לילה,יום רגיל,12,23,7100,6,,
2025041605,קשה,0,עירוני לא בצומת,1,לא ידוע,,לא ידוע,לא ידוע,לא ידוע,ראשון,לילה,יום רגיל,4,19,2720,4,,
2025041620,קשה,0,לא עירוני לא בצומת,0,עד 50,10.5 עד 14 מטר,אין ליקוי,בהיר,יבש,שני,יום,יום רגיל,3,10,0,5,,
2025041622,קלה,0,עירוני בצומת,1,עד 50,7 עד 10.5 מטר,אין ליקוי,בהיר,יבש,שלישי,לילה,יום רגיל,8,20,9000,6,,
2025041629,קשה,0,לא עירוני בצומת,0,80,10.5 עד 14 מטר,אין ליקוי,בהיר,יבש,ראשון,לילה,חול המועד,10,19,0,7,,
2025041653,קשה,0,עירוני לא בצומת,1,עד 50,7 עד 10.5 מטר,אין ליקוי,בהיר,יבש,שישי,יום,יום רגיל,5,16,494,3,,
2025041654,קלה,0,לא עירוני בצומת,0,80,7 עד 10.5 מטר,אין ליקוי,בהיר,יבש,רביעי,יום,יום רגיל,8,11,0,2,,
2025041659,קלה,0,עירוני בצומת,1,עד 50,5 עד 7 מטר,אין ליקוי,בהיר,יבש,ראשון,לילה,יום רגיל,3,0,6600,5,,
2025041682,קלה,0,לא עירוני בצומת,0,80,10.5 עד 14 מטר,אין ליקוי,בהיר,יבש,ראשון,לילה,יום רגיל,10,19,0,2,,
2025041695,קלה,0,עירוני בצומת,1,60,,אין ליקוי,לא ידוע,יבש,שני,יום,יום רגיל,2,13,9000,6,,
2025041735,קלה,0,עירוני בצומת,1,עד 50,7 עד 10.5 מטר,אין ליקוי,בהיר,יבש,שישי,יום,יום רגיל,10,12,9000,6,,
2025041739,קשה,0,עירוני לא בצומת,1,לא ידוע,,לא ידוע,לא ידוע,לא ידוע,שני,יום,יום רגיל,11,13,541,3,,
2025041748,קשה,0,עירוני לא בצומת,1,עד 50,5 עד 7 מטר,אין ליקוי,בהיר,יבש,ראשון,לילה,יום רגיל,3,19,5000,5,,
2025041761,קלה,0,עירוני בצומת,1,עד 50,7 עד 10.5 מטר,אין ליקוי,בהיר,יבש,חמישי,יום,חג,5,13,5000,5,,
2025041774,קשה,0,לא עירוני לא בצומת,0,90,7 עד 10.5 מטר,אין ליקוי,בהיר,יבש,שני,יום,יום רגיל,6,7,0,2,,
2025041785,קלה,0,עירוני לא בצומת,1,לא ידוע,,לא ידוע,לא ידוע,לא ידוע,ראשון,יום,יום רגיל,12,16,6200,5,,
2025041790,קלה,0,עירוני בצומת,1,עד 50,7 עד 10.5 מטר,אין ליקוי,לא ידוע,יבש,שבת,לילה,יום רגיל,11,19,9000,6,,
2025041815,קלה,0,עירוני בצומת,1,70,,אין ליקוי,בהיר,יבש,חמישי,יום,יום רגיל,10,10,9000,6,,
2025041836,קלה,0,עירוני לא בצומת,1,עד 50,5 עד 7 מטר,לא ידוע,בהיר,יבש,שלישי,יום,יום רגיל,5,14,168,4,,
2025041845,קלה,0,לא עירוני בצומת,0,עד 50,יותר מ-14 מטר,אין ליקוי,בהיר,יבש,שבת,לילה,יום רגיל,6,3,0,6,,
2025041864,קשה,0,לא עירוני בצומת,0,לא ידוע,,לא ידוע,לא ידוע,לא ידוע,רביעי,יום,יום רגיל,8,14,0,5,,
2025041873,קלה,0,לא עירוני בצומת,0,60,,אין ליקוי,לא ידוע,יבש,ראשון,יום,יום רגיל,5,18,0,6,,
2025041876,קשה,0,עירוני לא בצומת,1,עד 50,5 עד 7 מטר,אין ליקוי,בהיר,יבש,ראשון,לילה,יום רגיל,1,18,6100,5,,
2025041878,קלה,0,לא עירוני לא בצומת,0,90,10.5 עד 14 מטר,אין ליקוי,בהיר,יבש,רביעי,לילה,יום רגיל,9,21,0,4,,
2025041887,קשה,0,לא עירוני בצומת,0,עד 50,,אין ליקוי,בהיר,יבש,שבת,יום,יום רגיל,1,15,0,5,,
2025041923,קשה,0,לא עירוני בצומת,0,לא ידוע,,לא ידוע,לא ידוע,לא ידוע,שבת,לילה,יום רגיל,11,1,0,3,,
2025041935,קשה,0,לא עירוני לא בצומת,0,100,5 עד 7 מטר,אין ליקוי,בהיר,יבש,ראשון,יום,יום רגיל,8,10,0,3,,
2025041947,קלה,0,עירוני בצומת,1,עד 50,5 עד 7 מטר,אין ליקוי,בהיר,יבש,חמישי,יום,יום רגיל,4,17,9000,6,,
2025041952,קלה,0,עירוני בצומת,1,לא ידוע,,לא ידוע,לא ידוע,לא ידוע,שבת,לילה,יום רגיל,1,19,5000,5,,
2025041954,קלה,0,לא עירוני בצומת,0,80,10.5 עד 14 מטר,אין ליקוי,בהיר,יבש,ראשון,יום,יום רגיל,12,16,0,6,,
2025041982,קלה,0,עירוני בצומת,1,עד 50,10.5 עד 14 מטר,אין ליקוי,בהיר,יבש,חמישי,לילה,יום רגיל,1,23,6500,3,,
2025042019,קשה,0,עירוני לא בצומת,1,לא ידוע,,לא ידוע,לא ידוע,לא ידוע,שלישי,לילה,יום רגיל,6,1,7100,6,,
2025042032,קשה,0,עירוני בצומת,1,לא ידוע,,לא ידוע,לא ידוע,לא ידוע,שני,לילה,יום רגיל,9,19,6600,5,,
2025042033,קשה,0,עירוני לא בצומת,1,לא ידוע,,לא ידוע,לא ידוע,לא ידוע,שבת,לילה,יום רגיל,1,20,70,6,,
2025042056,קלה,0,עירוני בצומת,1,עד 50,5 עד 7 מטר,אין ליקוי,בהיר,יבש,חמישי,יום,יום רגיל,6,16,7100,6,,
2025042062,קלה,0,עירוני לא בצומת,1,עד 50,5 עד 7 מטר,אין ליקוי,בהיר,יבש,שני,יום,יום רגיל,5,14,7900,4,,
2025042064,קלה,0,לא עירוני לא בצומת,0,80,7 עד 10.5 מטר,אין ליקוי,בהיר,יבש,חמישי,לילה,יום רגיל,1,22,0,4,,
2025042067,קשה,0,לא עירוני בצומת,0,לא ידוע,,לא ידוע,לא ידוע,לא ידוע,רביעי,יום,חול המועד,4,16,0,5,,
2025042087,קלה,0,עירוני בצומת,1,עד 50,יותר מ-14 מטר,אין ליקוי,בהיר,יבש,חמישי,יום,יום רגיל,5,16,2630,6,,
2025042089,קלה,0,עירוני לא בצומת,1,עד 50,5 עד 7 מטר,אין ליקוי,בהיר,יבש,ראשון,יום,יום רגיל,9,11,7900,4,,
2025042094,קלה,0,לא עירוני לא בצומת,0,90,יותר מ-14 מטר,אין ליקוי,בהיר,יבש,שני,יום,יום רגיל,7,15,0,5,,
2025042113,קלה,0,עירוני לא בצומת,1,עד 50,5 עד 7 מטר,אין ליקוי,בהיר,יבש,שלישי,יום,יום רגיל,1,16,7400,4,,
2025042117,קלה,0,עירוני בצומת,1,עד 50,5 עד 7 מטר,אין ליקוי,בהיר,יבש,שני,יום,יום רגיל,5,8,7400,4,,
2025042125,קלה,0,עירוני בצומת,1,עד 50,יותר מ-14 מטר,אין ליקוי,בהיר,יבש,חמישי,לילה,יום רגיל,9,19,4000,3,,
2025042150,קלה,0,לא עירוני בצומת,0,90,5 עד 7 מטר,אין ליקוי,בהיר,יבש,ראשון,לילה,יום רגיל,11,0,0,3,,
2025042168,קלה,0,עירוני בצומת,1,עד 50,7 עד 10.5 מטר,אין ליקוי,בהיר,יבש,שלישי,יום,יום רגיל,1,16,7400,4,,
2025042184,קשה,0,לא עירוני בצומת,0,לא ידוע,,לא ידוע,לא ידוע,לא ידוע,רביעי,יום,יום רגיל,11,9,0,4,,
2025042187,קלה,0,עירוני לא בצומת,1,עד 50,5 עד 7 מטר,אין ליקוי,בהיר,יבש,רביעי,יום,יום רגיל,6,17,6300,5,,
2025042209,קלה,0,עירוני בצומת,1,עד 50,5 עד 7 מטר,אין ליקוי,בהיר,יבש,רביעי,לילה,יום רגיל,11,19,5000,5,,
2025042225,קשה,0,עירוני לא בצומת,1,עד 50,7 עד 10.5 מטר,אין ליקוי,בהיר,יבש,שישי,יום,יום רגיל,2,9,9000,6,,
2025042247,קלה,0,עירוני בצומת,1,עד 50,7 עד 10.5 מטר,אין ליקוי,בהיר,יבש,שישי,לילה,חג,3,4,5000,5,,
2025042248,קלה,0,עירוני לא בצומת,1,עד 50,5 עד 7 מטר,אין ליקוי,בהיר,יבש,שני,יום,יום רגיל,3,17,7400,4,,
2025042252,קשה,0,עירוני לא בצומת,1,עד 50,עד 5 מטר,אין ליקוי,בהיר,יבש,שני,לילה,יום רגיל,11,17,5000,5,,
2025042267,קלה,0,עירוני בצומת,1,עד 50,יותר מ-14 מטר,אין ליקוי,בהיר,יבש,שלישי,יום,יום רגיל,9,11,70,6,,
2025042279,קשה,0,עירוני לא בצומת,1,לא ידוע,,לא ידוע,לא ידוע,לא ידוע,חמישי,יום,יום רגיל,6,16,8500,4,,
2025042285,קלה,0,לא עירוני לא בצומת,0,90,10.5 עד 14 מטר,אין ליקוי,בהיר,יבש,שני,יום,יום רגיל,5,9,0,7,,
2025042314,קלה,0,עירוני בצומת,1,עד 50,יותר מ-14 מטר,אין ליקוי,בהיר,יבש,רביעי,יום,חול המועד,10,17,70,6,,
2025042316,קשה,0,לא עירוני לא בצומת,0,70,5 עד 7 מטר,אין ליקוי,בהיר,יבש,שישי,יום,יום רגיל,4,7,0,1,,
2025042319,קלה,0,עירוני בצומת,1,עד 50,7 עד 10.5 מטר,אין ליקוי,בהיר,יבש,שני,לילה,יום רגיל,1,21,7600,2,,
2025042352,קשה,0,עירוני בצומת,1,עד 50,5 עד 7 מטר,אין ליקוי,בהיר,יבש,ראשון,לילה,יום רגיל,10,19,70,6,,
2025042356,קטלנית,1,לא עירוני בצומת,0,90,10.5 עד 14 מטר,אין ליקוי,בהיר,יבש,שישי,יום,יום רגיל,6,14,0,4,,
2025042359,קלה,0,עירוני לא בצומת,1,עד 50,,אין ליקוי,בהיר,יבש,רביעי,יום,יום רגיל,3,17,1309,4,,
2025042366,קשה,0,עירוני בצומת,1,עד 50,10.5 עד 14 מטר,אין ליקוי,בהיר,יבש,ראשון,יום,יום רגיל,11,10,8300,4,,
2025042374,קשה,0,עירוני בצומת,1,עד 50,10.5 עד 14 מטר,אין ליקוי,בהיר,יבש,שישי,יום,יום רגיל,5,13,2660,4,,
2025042398,קשה,0,עירוני בצומת,1,עד 50,5 עד 7 מטר,אין ליקוי,בהיר,יבש,שישי,לילה,יום רגיל,1,1,5000,5,,
2025042401,קשה,0,עירוני לא בצומת,1,עד 50,10.5 עד 14 מטר,אין ליקוי,שרבי,יבש,חמישי,יום,יום רגיל,11,13,3826,7,,
2025042404,קלה,0,לא עירוני בצומת,0,70,,לא ידוע,בהיר,יבש,שני,לילה,יום רגיל,11,3,0,3,,
2025042408,קלה,0,עירוני לא בצומת,1,עד 50,7 עד 10.5 מטר,אין ליקוי,בהיר,יבש,שני,יום,יום רגיל,6,8,7100,6,,
2025042421,קלה,0,עירוני לא בצומת,1,עד 50,10.5 עד 14 מטר,אין ליקוי,בהיר,יבש,שבת,לילה,יום רגיל,1,22,8600,5,,
2025042429,קשה,0,עירוני לא בצומת,1,עד 50,5 עד 7 מטר,אין ליקוי,בהיר,יבש,רביעי,לילה,יום רגיל,11,19,502,2,,
2025042476,קטלנית,1,לא עירוני לא בצומת,0,90,7 עד 10.5 מטר,לא ידוע,בהיר,יבש,רביעי,יום,יום רגיל,3,6,0,3,,
2025042487,קלה,0,לא עירוני בצומת,0,80,יותר מ-14 מטר,אין ליקוי,בהיר,יבש,שישי,לילה,יום רגיל,2,21,0,2,,
2025042499,קלה,0,לא עירוני לא בצומת,0,80,7 עד 10.5 מטר,לא ידוע,שרבי,יבש,שני,יום,יום רגיל,7,9,0,7,,
2025042506,קשה,0,לא עירוני לא בצומת,0,לא ידוע,,לא ידוע,לא ידוע,לא ידוע,שבת,לילה,יום רגיל,11,17,0,7,,
2025042511,קשה,0,עירוני לא בצומת,1,עד 50,,אין ליקוי,בהיר,יבש,ראשון,יום,ערב חג,6,12,5000,5,,
2025042517,קלה,0,עירוני לא בצומת,1,עד 50,10.5 עד 14 מטר,אין ליקוי,בהיר,יבש,רביעי,יום,יום רגיל,4,15,3000,1,,
2025042548,קלה,0,עירוני לא בצומת,1,עד 50,5 עד 7 מטר,אין ליקוי,בהיר,יבש,חמישי,יום,חול המועד,4,17,5000,5,,
2025042577,קשה,0,עירוני בצומת,1,60,7 עד 10.5 מטר,אין ליקוי,בהיר,יבש,חמישי,יום,חול המועד,4,12,9000,6,,
2025042582,קטלנית,1,לא עירוני לא בצומת,0,90,7 עד 10.5 מטר,לא ידוע,בהיר,יבש,רביעי,לילה,יום רגיל,1,17,0,6,,
2025042595,קלה,0,עירוני לא בצומת,1,עד 50,7 עד 10.5 מטר,אין ליקוי,בהיר,יבש,שלישי,יום,יום רגיל,2,12,2500,3,,
2025042612,קשה,0,לא עירוני בצומת,0,עד 50,5 עד 7 מטר,אין ליקוי,בהיר,יבש,שבת,יום,יום רגיל,3,15,0,2,,
2025042617,קלה,0,עירוני לא בצומת,1,עד 50,5 עד 7 מטר,אין ליקוי,לא ידוע,לא ידוע,רביעי,יום,יום רגיל,5,7,1031,6,,
2025042620,קשה,0,עירוני לא בצומת,1,לא ידוע,,לא ידוע,לא ידוע,לא ידוע,שישי,יום,יום רגיל,1,14,6000,3,,
2025042639,קלה,0,לא עירוני בצומת,0,עד 50,7 עד 10.5 מטר,אין ליקוי,בהיר,יבש,שישי,יום,יום רגיל,6,16,0,2,,
2025042651,קלה,0,עירוני בצומת,1,עד 50,,אין ליקוי,בהיר,יבש,ראשון,יום,יום רגיל,6,15,5000,5,,
2025042656,קלה,0,עירוני בצומת,1,עד 50,עד 5 מטר,אין ליקוי,בהיר,יבש,ראשון,לילה,חול המועד,10,18,499,2,,
2025042660,קלה,0,לא עירוני לא בצומת,0,עד 50,5 עד 7 מטר,אין ליקוי,בהיר,יבש,שלישי,לילה,יום רגיל,3,0,0,4,,
2025042697,קלה,0,עירוני בצומת,1,70,10.5 עד 14 מטר,אין ליקוי,בהיר,יבש,שלישי,יום,יום רגיל,3,15,8300,4,,
2025042711,קלה,0,עירוני בצומת,1,עד 50,7 עד 10.5 מטר,אין ליקוי,בהיר,יבש,רביעי,יום,יום רגיל,6,17,6500,3,,
2025042714,קלה,0,לא עירוני לא בצומת,0,110,,אין ליקוי,בהיר,יבש,שבת,לילה,יום רגיל,2,18,0,3,,
2025042733,קלה,0,עירוני בצומת,1,עד 50,5 עד 7 מטר,אין ליקוי,בהיר,יבש,שישי,יום,יום רגיל,7,14,6900,4,,
2025042740,קטלנית,1,עירוני לא בצומת,1,עד 50,7 עד 10.5 מטר,אין ליקוי,בהיר,יבש,שבת,לילה,יום רגיל,11,17,7100,6,,
2025042747,קלה,0,עירוני בצומת,1,עד 50,5 עד 7 מטר,אין ליקוי,בהיר,יבש,רביעי,לילה,חול המועד,10,19,5000,5,,
2025042750,קלה,0,עירוני בצומת,1,עד 50,5 עד 7 מטר,אין ליקוי,בהיר,יבש,רביעי,יום,יום רגיל,9,10,5000,5,,
2025042755,קלה,0,לא עירוני בצומת,0,70,10.5 עד 14 מטר,אין ליקוי,בהיר,יבש,שני,יום,יום רגיל,5,9,0,3,,
2025042773,קשה,0,לא עירוני לא בצומת,0,60,5 עד 7 מטר,אין ליקוי,בהיר,יבש,רביעי,לילה,יום רגיל,1,0,0,3,,
2025042792,קלה,0,עירוני לא בצומת,1,עד 50,7 עד 10.5 מטר,אין ליקוי,בהיר,יבש,שישי,יום,חול המועד,10,17,5000,5,,
2025042800,קלה,0,לא עירוני בצומת,0,70,7 עד 10.5 מטר,אין ליקוי,בהיר,יבש,רביעי,לילה,יום רגיל,6,20,0,3,,
2025042842,קלה,0,לא עירוני בצומת,0,עד 50,5 עד 7 מטר,אין ליקוי,בהיר,יבש,שבת,לילה,יום רגיל,1,20,0,3,,
2025042857,קלה,0,עירוני לא בצומת,1,עד 50,עד 5 מטר,אין ליקוי,בהיר,יבש,חמישי,יום,יום רגיל,11,6,7400,4,,
2025042860,קלה,0,עירוני לא בצומת,1,עד 50,7 עד 10.5 מטר,אין ליקוי,גשום,רטוב ממים,ראשון,יום,יום רגיל,2,16,8600,5,,
2025042891,קלה,0,לא עירוני בצומת,0,90,10.5 עד 14 מטר,אין ליקוי,בהיר,יבש,ראשון,לילה,יום רגיל,7,3,0,4,,
2025042926,קלה,0,לא עירוני לא בצומת,0,80,10.5 עד 14 מטר,לא ידוע,בהיר,יבש,ראשון,יום,יום רגיל,9,16,0,2,,
2025042941,קטלנית,1,עירוני לא בצומת,1,עד 50,7 עד 10.5 מטר,כביש משובש,בהיר,יבש,רביעי,לילה,יום רגיל,12,19,3000,1,,
2025042972,קלה,0,עירוני לא בצומת,1,עד 50,10.5 עד 14 מטר,אין ליקוי,בהיר,יבש,שלישי,לילה,יום רגיל,10,19,4000,3,,
2025043038,קשה,0,לא עירוני בצומת,0,70,10.5 עד 14 מטר,אין ליקוי,בהיר,יבש,ראשון,יום,יום רגיל,6,11,0,5,,
2025043066,קשה,0,לא עירוני לא בצומת,0,90,10.5 עד 14 מטר,אין ליקוי,בהיר,יבש,שישי,יום,יום רגיל,5,18,0,6,,
2025043071,קלה,0,עירוני בצומת,1,עד 50,7 עד 10.5 מטר,אין ליקוי,בהיר,יבש,שלישי,יום,יום רגיל,5,10,6600,5,,
2025043092,קשה,0,לא עירוני לא בצומת,0,עד 50,יותר מ-14 מטר,כביש משובש,בהיר,חול או חצץ על הכביש,שלישי,יום,יום רגיל,11,12,0,7,,
2025043094,קלה,0,עירוני לא בצומת,1,לא ידוע,7 עד 10.5 מטר,אין ליקוי,בהיר,יבש,ראשון,יום,יום רגיל,4,14,7400,4,,
2025043096,קשה,0,עירוני לא בצומת,1,לא ידוע,,לא ידוע,לא ידוע,לא ידוע,ראשון,לילה,יום רגיל,11,20,7000,4,,
2025043128,קלה,0,עירוני בצומת,1,עד 50,5 עד 7 מטר,אין ליקוי,בהיר,יבש,שישי,יום,יום רגיל,3,10,9000,6,,
2025043160,קלה,0,עירוני לא בצומת,1,עד 50,5 עד 7 מטר,אין ליקוי,בהיר,יבש,שני,לילה,יום רגיל,1,1,6200,5,,
2025043163,קלה,0,עירוני לא בצומת,1,עד 50,7 עד 10.5 מטר,אין ליקוי,גשום,רטוב ממים,שני,יום,יום רגיל,12,15,7100,6,,
2025043186,קשה,0,לא עירוני לא בצומת,0,עד 50,7 עד 10.5 מטר,אין ליקוי,בהיר,יבש,ראשון,יום,יום רגיל,3,11,0,2,,
2025043193,קשה,0,לא עירוני לא בצומת,0,לא ידוע,,לא ידוע,לא ידוע,לא ידוע,ראשון,לילה,יום רגיל,3,6,0,6,,
2025043205,קלה,0,לא עירוני בצומת,0,80,7 עד 10.5 מטר,אין ליקוי,בהיר,יבש,שישי,לילה,יום רגיל,10,2,0,4,,
2025043224,קלה,0,עירוני בצומת,1,עד 50,יותר מ-14 מטר,אין ליקוי,בהיר,יבש,שבת,יום,יום רגיל,8,17,9600,3,,
2025043225,קשה,0,עירוני בצומת,1,לא ידוע,,לא ידוע,לא ידוע,לא ידוע,רביעי,יום,יום רגיל,4,13,8400,4,,
2025043235,קלה,0,עירוני לא בצומת,1,60,10.5 עד 14 מטר,אין ליקוי,בהיר,יבש,רביעי,לילה,יום רגיל,8,1,2660,4,,
2025043248,קלה,0,עירוני בצומת,1,60,,אין ליקוי,בהיר,יבש,שישי,לילה,יום רגיל,6,23,5000,5,,
2025043264,קלה,0,עירוני בצומת,1,100,10.5 עד 14 מטר,אין ליקוי,בהיר,יבש,ראשון,יום,יום רגיל,9,9,3000,1,,
2025043319,קטלנית,1,לא עירוני לא בצומת,0,80,7 עד 10.5 מטר,אין ליקוי,בהיר,יבש,שבת,יום,יום רגיל,3,16,0,7,,
2025043325,קלה,0,עירוני בצומת,1,עד 50,5 עד 7 מטר,אין ליקוי,גשום,רטוב ממים,שלישי,יום,יום רגיל,12,13,7600,2,,
2025043329,קלה,0,לא עירוני בצומת,0,90,7 עד 10.5 מטר,אין ליקוי,בהיר,יבש,שני,יום,יום רגיל,4,17,0,3,,
2025043338,קלה,0,עירוני בצומת,1,עד 50,10.5 עד 14 מטר,אין ליקוי,בהיר,יבש,שלישי,יום,יום רגיל,3,12,70,6,,
2025043342,קלה,0,עירוני בצומת,1,עד 50,7 עד 10.5 מטר,אין ליקוי,בהיר,יבש,שני,יום,יום רגיל,5,11,2630,6,,
2025043369,קלה,0,לא עירוני בצומת,0,80,7 עד 10.5 מטר,אין ליקוי,בהיר,יבש,שלישי,יום,יום רגיל,2,16,0,4,,
2025043371,קלה,0,לא עירוני בצומת,0,90,יותר מ-14 מטר,אין ליקוי,בהיר,יבש,שישי,יום,יום רגיל,1,15,0,1,,
2025043382,קשה,0,לא עירוני לא בצומת,0,לא ידוע,,לא ידוע,לא ידוע,לא ידוע,חמישי,יום,יום רגיל,10,16,0,4,,
2025043384,קלה,0,לא עירוני בצומת,0,90,,אין ליקוי,בהיר,יבש,חמישי,יום,יום רגיל,9,17,0,3,,
2025043431,קלה,0,עירוני בצומת,1,עד 50,5 עד 7 מטר,אין ליקוי,בהיר,יבש,שני,לילה,יום רגיל,7,20,3000,1,,
2025043456,קלה,0,לא עירוני לא בצומת,0,80,5 עד 7 מטר,אין ליקוי,בהיר,יבש,שבת,יום,יום רגיל,11,12,0,3,,
2025043475,קשה,0,לא עירוני לא בצומת,0,70,,אין ליקוי,בהיר,יבש,שישי,יום,יום רגיל,7,18,0,4,,
2025043510,קשה,0,עירוני לא בצומת,1,לא ידוע,,לא ידוע,לא ידוע,לא ידוע,שישי,יום,יום רגיל,5,18,5000,5,,
2025043520,קלה,0,עירוני לא בצומת,1,עד 50,5 עד 7 מטר,אין ליקוי,בהיר,יבש,שני,לילה,יום רגיל,1,16,3000,1,,
2025043521,קלה,0,עירוני לא בצומת,1,עד 50,5 עד 7 מטר,אין ליקוי,בהיר,יבש,ראשון,יום,יום רגיל,3,9,4000,3,,
2025043531,קלה,0,עירוני לא בצומת,1,110,5 עד 7 מטר,אין ליקוי,לא ידוע,יבש,רביעי,לילה,יום רגיל,1,6,3000,1,,
2025043551,קשה,0,עירוני לא בצומת,1,עד 50,10.5 עד 14 מטר,אין ליקוי,בהיר,יבש,ראשון,לילה,יום רגיל,3,21,6600,5,,
2025043586,קלה,0,לא עירוני לא בצומת,0,90,10.5 עד 14 מטר,אין ליקוי,בהיר,יבש,ראשון,לילה,יום רגיל,3,1,0,4,,
2025043603,קלה,0,לא עירוני בצומת,0,90,5 עד 7 מטר,אין ליקוי,בהיר,יבש,חמישי,לילה,יום רגיל,2,5,0,3,,
2025043611,קלה,0,עירוני לא בצומת,1,לא ידוע,,לא ידוע,לא ידוע,לא ידוע,רביעי,יום,יום רגיל,11,6,2730,4,,
2025043620,קלה,0,לא עירוני לא בצומת,0,90,יותר מ-14 מטר,אין ליקוי,בהיר,יבש,שישי,לילה,יום רגיל,2,2,0,5,,
2025043622,קלה,0,עירוני בצומת,1,עד 50,5 עד 7 מטר,אין ליקוי,בהיר,יבש,שני,יום,יום רגיל,8,11,7900,4,,
2025043637,קלה,0,עירוני לא בצומת,1,עד 50,7 עד 10.5 מטר,אין ליקוי,בהיר,יבש,שלישי,יום,יום רגיל,9,9,8600,5,,
2025043644,קלה,0,לא עירוני בצומת,0,עד 50,5 עד 7 מטר,אין ליקוי,בהיר,יבש,ראשון,יום,יום רגיל,7,14,0,4,,
2025043676,קלה,0,עירוני בצומת,1,עד 50,10.5 עד 14 מטר,אין ליקוי,לא ידוע,יבש,שני,יום,יום רגיל,12,15,4000,3,,
2025043686,קלה,0,עירוני בצומת,1,עד 50,יותר מ-14 מטר,אין ליקוי,בהיר,יבש,חמישי,יום,יום רגיל,3,16,70,6,,
2025043714,קטלנית,1,לא עירוני בצומת,0,80,,לא ידוע,בהיר,יבש,ראשון,יום,יום רגיל,6,15,0,6,,
2025043718,קטלנית,1,עירוני לא בצומת,1,עד 50,7 עד 10.5 מטר,אין ליקוי,בהיר,יבש,ראשון,לילה,יום רגיל,11,22,8300,4,,
2025043732,קטלנית,1,עירוני בצומת,1,עד 50,5 עד 7 מטר,אין ליקוי,בהיר,יבש,רביעי,יום,יום רגיל,1,8,70,6,,
2025043734,קלה,0,לא עירוני בצומת,0,80,7 עד 10.5 מטר,אין ליקוי,בהיר,יבש,שישי,יום,יום רגיל,9,15,0,2,,
2025043742,קלה,0,לא עירוני בצומת,0,עד 50,7 עד 10.5 מטר,אין ליקוי,בהיר,יבש,ראשון,לילה,יום רגיל,8,19,0,6,,
2025043744,קשה,0,עירוני בצומת,1,עד 50,5 עד 7 מטר,אין ליקוי,בהיר,יבש,רביעי,יום,יום רגיל,3,17,2600,6,,
2025043755,קלה,0,לא עירוני לא בצומת,0,90,יותר מ-14 מטר,אין ליקוי,בהיר,יבש,שבת,יום,יום רגיל,1,15,0,2,,
2025043770,קלה,0,עירוני בצומת,1,עד 50,5 עד 7 מטר,אין ליקוי,בהיר,יבש,שני,יום,יום רגיל,1,7,70,6,,
2025043779,קשה,0,עירוני בצומת,1,עד 50,7 עד 10.5 מטר,אין ליקוי,בהיר,יבש,שני,יום,יום רגיל,5,17,8500,4,,
2025043780,קלה,0,עירוני בצומת,1,עד 50,10.5 עד 14 מטר,אין ליקוי,בהיר,יבש,שלישי,לילה,יום רגיל,4,19,3000,1,,
2025043781,קלה,0,לא עירוני בצומת,0,עד 50,5 עד 7 מטר,אין ליקוי,בהיר,יבש,שבת,יום,יום רגיל,5,6,0,3,,
2025043786,קשה,0,לא עירוני בצומת,0,80,10.5 עד 14 מטר,אין ליקוי,בהיר,יבש,חמישי,יום,יום רגיל,1,9,0,2,,
2025043788,קלה,0,לא עירוני בצומת,0,עד 50,10.5 עד 14 מטר,אין ליקוי,בהיר,יבש,ראשון,יום,יום רגיל,8,8,0,3,,
2025043797,קלה,0,לא עירוני בצומת,0,90,10.5 עד 14 מטר,אין ליקוי,בהיר,יבש,רביעי,יום,יום רגיל,1,16,0,6,,
2025043800,קלה,0,עירוני לא בצומת,1,לא ידוע,,לא ידוע,לא ידוע,לא ידוע,שלישי,לילה,יום רגיל,10,19,3797,7,,
2025043802,קלה,0,עירוני בצומת,1,עד 50,5 עד 7 מטר,אין ליקוי,בהיר,יבש,רביעי,יום,יום רגיל,9,9,3000,1,,
2025043811,קלה,0,עירוני בצומת,1,עד 50,7 עד 10.5 מטר,אין ליקוי,בהיר,יבש,ראשון,יום,יום רגיל,1,8,7400,4,,
2025043819,קשה,0,עירוני בצומת,1,עד 50,7 עד 10.5 מטר,אין ליקוי,בהיר,יבש,שני,לילה,יום רגיל,1,5,70,6,,
2025043839,קלה,0,עירוני לא בצומת,1,עד 50,5 עד 7 מטר,אין ליקוי,בהיר,יבש,שלישי,יום,יום רגיל,6,17,4000,3,,
2025043871,קשה,0,עירוני לא בצומת,1,עד 50,,אין ליקוי,לא ידוע,רטוב ממים,ראשון,יום,יום רגיל,8,7,7900,4,,
2025043872,קלה,0,עירוני לא בצומת,1,עד 50,5 עד 7 מטר,אין ליקוי,בהיר,יבש,שני,יום,יום רגיל,11,6,1139,2,,
2025043875,קלה,0,עירוני בצומת,1,70,7 עד 10.5 מטר,אין ליקוי,בהיר,יבש,רביעי,יום,יום רגיל,7,13,4000,3,,
2025043876,קלה,0,לא עירוני לא בצומת,0,70,יותר מ-14 מטר,אין ליקוי,בהיר,יבש,שני,יום,ערב חג,10,8,0,5,,
2025043899,קלה,0,עירוני בצומת,1,עד 50,7 עד 10.5 מטר,לא ידוע,בהיר,יבש,רביעי,לילה,יום רגיל,2,22,7000,4,,
2025043906,קלה,0,עירוני לא בצומת,1,עד 50,10.5 עד 14 מטר,אין ליקוי,בהיר,יבש,שני,לילה,יום רגיל,1,22,1200,4,,
2025043927,קלה,0,עירוני לא בצומת,1,עד 50,עד 5 מטר,אין ליקוי,בהיר,יבש,שבת,יום,יום רגיל,6,19,6200,5,,
2025043933,קלה,0,עירוני בצומת,1,עד 50,,אין ליקוי,בהיר,יבש,שני,יום,יום רגיל,5,18,6600,5,,
2025043938,קלה,0,עירוני בצומת,1,לא ידוע,,לא ידוע,לא ידוע,לא ידוע,רביעי,לילה,יום רגיל,12,17,7900,4,,
2025043954,קלה,0,עירוני בצומת,1,70,יותר מ-14 מטר,אין ליקוי,בהיר,יבש,שני,יום,יום רגיל,3,11,9000,6,,
2025043959,קשה,0,לא עירוני בצומת,0,לא ידוע,,לא ידוע,לא ידוע,לא ידוע,שבת,לילה,יום רגיל,11,2,0,4,,
2025043981,קלה,0,לא עירוני לא בצומת,0,90,7 עד 10.5 מטר,אין ליקוי,בהיר,יבש,שישי,לילה,יום רגיל,7,22,0,4,,
2025044018,קלה,0,עירוני בצומת,1,70,7 עד 10.5 מטר,אין ליקוי,בהיר,יבש,ראשון,יום,יום רגיל,2,10,4000,3,,
2025044023,קשה,0,עירוני לא בצומת,1,לא ידוע,,לא ידוע,לא ידוע,לא ידוע,חמישי,יום,יום רגיל,3,14,3000,1,,
2025044087,קלה,0,עירוני בצומת,1,עד 50,יותר מ-14 מטר,אין ליקוי,בהיר,יבש,שני,יום,יום רגיל,4,9,8700,4,,
2025044121,קשה,0,לא עירוני לא בצומת,0,80,5 עד 7 מטר,אין ליקוי,בהיר,יבש,שבת,לילה,חול המועד,10,21,0,2,,
2025044140,קשה,0,עירוני בצומת,1,60,5 עד 7 מטר,אין ליקוי,בהיר,יבש,שישי,לילה,יום רגיל,12,17,4000,3,,
2025044154,קשה,0,עירוני לא בצומת,1,לא ידוע,,לא ידוע,לא ידוע,לא ידוע,חמישי,יום,יום רגיל,11,8,6500,3,,
2025044158,קשה,0,עירוני בצומת,1,לא ידוע,,לא ידוע,לא ידוע,לא ידוע,ראשון,יום,יום רגיל,12,14,8500,4,,
2025044224,קשה,0,עירוני בצומת,1,לא ידוע,,לא ידוע,לא ידוע,לא ידוע,שני,יום,יום רגיל,7,10,5000,5,,
2025044249,קלה,0,עירוני לא בצומת,1,עד 50,5 עד 7 מטר,אין ליקוי,בהיר,יבש,שני,יום,יום רגיל,3,14,6600,5,,
2025044258,קלה,0,עירוני בצומת,1,עד 50,,אין ליקוי,בהיר,יבש,שני,יום,יום רגיל,6,19,7600,2,,
2025044264,קלה,0,עירוני בצומת,1,עד 50,,אין ליקוי,בהיר,יבש,שני,לילה,ערב חג,10,22,6200,5,,
2025044274,קשה,0,לא עירוני לא בצומת,0,60,5 עד 7 מטר,אין ליקוי,בהיר,יבש,רביעי,לילה,יום רגיל,8,19,0,4,,
2025044289,קלה,0,עירוני בצומת,1,עד 50,5 עד 7 מטר,אין ליקוי,בהיר,יבש,ראשון,יום,יום רגיל,4,9,70,6,,
2025044290,קלה,0,עירוני בצומת,1,70,10.5 עד 14 מטר,אין ליקוי,בהיר,יבש,ראשון,יום,יום רגיל,12,11,70,6,,
2025044299,קלה,0,עירוני בצומת,1,עד 50,7 עד 10.5 מטר,אין ליקוי,בהיר,יבש,ראשון,יום,יום רגיל,3,12,6900,4,,
2025044304,קטלנית,1,עירוני לא בצומת,1,80,עד 5 מטר,אין ליקוי,בהיר,חול או חצץ על הכביש,שני,לילה,חג,6,19,6500,3,,
2025044318,קשה,0,עירוני לא בצומת,1,לא ידוע,,לא ידוע,לא ידוע,לא ידוע,שישי,יום,יום רגיל,6,10,8600,5,,
2025044335,קלה,0,עירוני בצומת,1,עד 50,5 עד 7 מטר,אין ליקוי,בהיר,יבש,שבת,לילה,יום רגיל,3,23,7900,4,,
2025044344,קלה,0,לא עירוני לא בצומת,0,90,7 עד 10.5 מטר,אין ליקוי,בהיר,יבש,חמישי,לילה,יום רגיל,5,1,0,6,,
2025044367,קלה,0,עירוני בצומת,1,80,יותר מ-14 מטר,אין ליקוי,בהיר,יבש,ראשון,יום,יום רגיל,11,8,7400,4,,
2025044369,קלה,0,לא עירוני לא בצומת,0,80,10.5 עד 14 מטר,אין ליקוי,בהיר,יבש,ראשון,לילה,יום רגיל,8,5,0,2,,
2025044372,קלה,0,עירוני בצומת,1,70,יותר מ-14 מטר,אין ליקוי,בהיר,יבש,רביעי,יום,יום רגיל,7,9,7100,6,,
2025044373,קשה,0,לא עירוני לא בצומת,0,80,7 עד 10.5 מטר,אין ליקוי,בהיר,יבש,שני,יום,יום רגיל,8,16,0,2,,
2025044374,קלה,0,עירוני לא בצומת,1,עד 50,7 עד 10.5 מטר,אין ליקוי,בהיר,יבש,חמישי,לילה,יום רגיל,4,2,6800,3,,
2025044384,קלה,0,עירוני לא בצומת,1,עד 50,5 עד 7 מטר,אין ליקוי,בהיר,יבש,ראשון,יום,יום רגיל,4,7,6900,4,,
2025044402,קשה,0,לא עירוני לא בצומת,0,80,5 עד 7 מטר,אין ליקוי,בהיר,יבש,חמישי,יום,יום רגיל,9,15,0,4,,
2025044432,קלה,0,לא עירוני בצומת,0,90,10.5 עד 14 מטר,אין ליקוי,גשום,רטוב ממים,שישי,לילה,יום רגיל,1,18,0,2,,
2025044482,קלה,0,לא עירוני בצומת,0,70,7 עד 10.5 מטר,אין ליקוי,בהיר,יבש,שלישי,לילה,יום רגיל,7,19,0,3,,
2025044485,קטלנית,1,לא עירוני לא בצומת,0,80,5 עד 7 מטר,אין ליקוי,בהיר,יבש,ראשון,יום,יום רגיל,3,13,0,9,,
2025044565,קלה,0,לא עירוני בצומת,0,80,7 עד 10.5 מטר,אין ליקוי,בהיר,יבש,שלישי,לילה,יום רגיל,11,16,0,2,,
2025044566,קשה,0,לא עירוני בצומת,0,עד 50,5 עד 7 מטר,אין ליקוי,בהיר,יבש,שלישי,לילה,יום רגיל,11,5,0,5,,
2025044584,קלה,0,עירוני בצומת,1,לא ידוע,5 עד 7 מטר,אין ליקוי,גשום,רטוב ממים,שישי,לילה,יום רגיל,2,18,5000,5,,
2025044585,קלה,0,לא עירוני בצומת,0,80,10.5 עד 14 מטר,אין ליקוי,בהיר,יבש,שלישי,יום,יום רגיל,12,7,0,2,,
2025044598,קשה,0,לא עירוני לא בצומת,0,לא ידוע,,לא ידוע,לא ידוע,לא ידוע,ראשון,יום,חול המועד,10,14,0,6,,
2025044625,קלה,0,עירוני לא בצומת,1,עד 50,7 עד 10.5 מטר,אין ליקוי,בהיר,יבש,שני,לילה,ערב חג,9,19,7900,4,,
2025044635,קטלנית,1,עירוני בצומת,1,עד 50,10.5 עד 14 מטר,אין ליקוי,בהיר,יבש,ראשון,לילה,חול המועד,10,6,7400,4,,
2025044647,קלה,0,עירוני לא בצומת,1,עד 50,יותר מ-14 מטר,אין ליקוי,בהיר,יבש,חמישי,יום,יום רגיל,7,13,5000,5,,
2025044665,קשה,0,עירוני לא בצומת,1,60,7 עד 10.5 מטר,אין ליקוי,בהיר,יבש,שני,לילה,יום רגיל,1,21,4000,3,,
2025044705,קטלנית,1,עירוני לא בצומת,1,עד 50,5 עד 7 מטר,אין ליקוי,בהיר,יבש,שלישי,לילה,יום רגיל,6,23,2710,3,,
2025044708,קלה,0,עירוני לא בצומת,1,עד 50,5 עד 7 מטר,אין ליקוי,בהיר,יבש,שישי,לילה,יום רגיל,6,1,1200,4,,
2025044751,קלה,0,עירוני לא בצומת,1,עד 50,5 עד 7 מטר,אין ליקוי,בהיר,יבש,ראשון,יום,יום רגיל,1,14,2600,6,,
2025044756,קלה,0,עירוני לא בצומת,1,עד 50,10.5 עד 14 מטר,אין ליקוי,בהיר,יבש,ראשון,יום,יום רגיל,7,12,6900,4,,
2025044763,קטלנית,1,עירוני לא בצומת,1,עד 50,7 עד 10.5 מטר,אין ליקוי,בהיר,יבש,רביעי,לילה,יום רגיל,2,6,8600,5,,
2025044768,קשה,0,עירוני לא בצומת,1,לא ידוע,,לא ידוע,לא ידוע,לא ידוע,שישי,יום,יום רגיל,5,18,3000,1,,
2025044770,קלה,0,עירוני לא בצומת,1,עד 50,5 עד 7 מטר,אין ליקוי,בהיר,יבש,שבת,יום,יום רגיל,5,17,4000,3,,
2025044776,קשה,0,עירוני לא בצומת,1,60,5 עד 7 מטר,כביש משובש,בהיר,יבש,שלישי,יום,יום רגיל,4,13,6100,5,,
2025044791,קלה,0,עירוני בצומת,1,עד 50,7 עד 10.5 מטר,אין ליקוי,בהיר,יבש,רביעי,יום,יום רגיל,10,16,2630,6,,
2025044798,קלה,0,עירוני בצומת,1,עד 50,7 עד 10.5 מטר,אין ליקוי,בהיר,יבש,שלישי,יום,יום רגיל,4,8,7100,6,,
2025044806,קלה,0,עירוני לא בצומת,1,60,7 עד 10.5 מטר,אין ליקוי,בהיר,יבש,שני,יום,יום רגיל,11,14,7900,4,,
2025044822,קלה,0,עירוני בצומת,1,עד 50,5 עד 7 מטר,אין ליקוי,בהיר,יבש,ראשון,לילה,יום רגיל,9,19,2100,3,,
2025044823,קלה,0,לא עירוני בצומת,0,90,7 עד 10.5 מטר,אין ליקוי,גשום,רטוב ממים,שני,יום,יום רגיל,12,13,0,2,,
2025044831,קשה,0,עירוני בצומת,1,עד 50,10.5 עד 14 מטר,אין ליקוי,בהיר,יבש,ראשון,יום,יום רגיל,7,10,6700,2,,
2025044834,קלה,0,עירוני בצומת,1,עד 50,7 עד 10.5 מטר,אין ליקוי,בהיר,יבש,שני,יום,יום רגיל,5,14,6100,5,,
2025044850,קשה,0,לא עירוני לא בצומת,0,60,7 עד 10.5 מטר,אין ליקוי,בהיר,יבש,ראשון,יום,יום רגיל,3,11,0,7,,
2025044855,קלה,0,לא עירוני לא בצומת,0,עד 50,5 עד 7 מטר,אין ליקוי,בהיר,יבש,ראשון,יום,יום רגיל,3,14,0,2,,
2025044868,קלה,0,עירוני לא בצומת,1,עד 50,7 עד 10.5 מטר,אין ליקוי,בהיר,יבש,שלישי,יום,יום רגיל,7,9,2400,5,,
2025044895,קשה,0,עירוני לא בצומת,1,לא ידוע,,לא ידוע,לא ידוע,לא ידוע,ראשון,יום,יום רגיל,11,14,2400,5,,
2025044896,קלה,0,לא עירוני לא בצומת,0,עד 50,יותר מ-14 מטר,לא ידוע,בהיר,יבש,שני,יום,יום רגיל,3,12,0,4,,
2025044898,קלה,0,עירוני בצומת,1,60,7 עד 10.5 מטר,אין ליקוי,בהיר,יבש,רביעי,לילה,יום רגיל,8,19,7900,4,,
2025044902,קלה,0,עירוני בצומת,1,לא ידוע,,לא ידוע,לא ידוע,לא ידוע,רביעי,יום,יום רגיל,12,8,3000,1,,
2025044954,קשה,0,עירוני לא בצומת,1,עד 50,10.5 עד 14 מטר,אין ליקוי,בהיר,יבש,שני,יום,יום רגיל,3,8,2660,4,,
2025044956,קשה,0,לא עירוני לא בצומת,0,90,5 עד 7 מטר,אין ליקוי,בהיר,יבש,חמישי,יום,יום רגיל,10,6,0,1,,
2025044962,קלה,0,עירוני בצומת,1,עד 50,5 עד 7 מטר,אין ליקוי,בהיר,יבש,שלישי,לילה,יום רגיל,4,20,2630,6,,
2025044981,קלה,0,עירוני לא בצומת,1,לא ידוע,,לא ידוע,לא ידוע,לא ידוע,שני,יום,יום רגיל,11,10,5000,5,,
2025045029,קשה,0,עירוני לא בצומת,1,עד 50,10.5 עד 14 מטר,אין ליקוי,בהיר,יבש,רביעי,יום,יום רגיל,10,15,5000,5,,
2025045033,קטלנית,1,לא עירוני לא בצומת,0,90,7 עד 10.5 מטר,אין ליקוי,בהיר,יבש,שני,לילה,יום רגיל,5,22,0,4,,
2025045044,קטלנית,1,לא עירוני לא בצומת,0,90,10.5 עד 14 מטר,אין ליקוי,בהיר,יבש,שני,יום,יום רגיל,7,7,0,4,,
2025045048,קלה,0,עירוני בצומת,1,60,10.5 עד 14 מטר,אין ליקוי,גשום,רטוב ממים,ראשון,יום,יום רגיל,12,9,7200,4,,
2025045055,קטלנית,1,לא עירוני לא בצומת,0,90,10.5 עד 14 מטר,אין ליקוי,בהיר,יבש,חמישי,לילה,יום רגיל,1,17,0,4,,
2025045101,קלה,0,עירוני לא בצומת,1,עד 50,5 עד 7 מטר,אין ליקוי,בהיר,יבש,שלישי,לילה,יום רגיל,5,20,8600,5,,
2025045106,קלה,0,לא עירוני לא בצומת,0,90,,אין ליקוי,בהיר,יבש,חמישי,לילה,יום רגיל,9,19,0,4,,
2025045112,קטלנית,1,עירוני לא בצומת,1,עד 50,5 עד 7 מטר,אין ליקוי,בהיר,יבש,רביעי,יום,יום רגיל,10,15,6000,3,,
2025045122,קלה,0,עירוני בצומת,1,עד 50,7 עד 10.5 מטר,אין ליקוי,בהיר,יבש,רביעי,לילה,יום רגיל,3,22,5000,5,,
2025045129,קשה,0,עירוני לא בצומת,1,עד 50,7 עד 10.5 מטר,אין ליקוי,בהיר,יבש,ראשון,יום,יום רגיל,11,9,2400,5,,
2025045141,קלה,0,לא עירוני בצומת,0,עד 50,10.5 עד 14 מטר,אין ליקוי,בהיר,יבש,שישי,לילה,יום רגיל,7,22,0,4,,
2025045147,קלה,0,עירוני לא בצומת,1,עד 50,5 עד 7 מטר,אין ליקוי,גשום,רטוב ממים,ראשון,לילה,יום רגיל,2,19,4000,3,,
2025045152,קשה,0,עירוני בצומת,1,עד 50,5 עד 7 מטר,אין ליקוי,גשום,רטוב ממים,שני,לילה,יום רגיל,12,18,2550,4,,
2025045160,קלה,0,לא עירוני בצומת,0,עד 50,,אין ליקוי,בהיר,יבש,שני,לילה,יום רגיל,5,23,0,5,,
2025045174,קלה,0,לא עירוני לא בצומת,0,80,,לא ידוע,בהיר,יבש,ראשון,יום,חג,4,15,0,6,,
2025045193,קשה,0,עירוני בצומת,1,עד 50,7 עד 10.5 מטר,אין ליקוי,בהיר,יבש,חמישי,יום,יום רגיל,9,17,7400,4,,
2025045206,קלה,0,עירוני בצומת,1,עד 50,5 עד 7 מטר,אין ליקוי,בהיר,יבש,שלישי,יום,יום רגיל,7,18,6200,5,,
2025045232,קלה,0,עירוני בצומת,1,עד 50,7 עד 10.5 מטר,אין ליקוי,בהיר,יבש,ראשון,יום,יום רגיל,5,16,8300,4,,
2025045238,קלה,0,לא עירוני בצומת,0,90,7 עד 10.5 מטר,אין ליקוי,בהיר,יבש,ראשון,יום,יום רגיל,9,6,0,3,,
2025045251,קלה,0,עירוני בצומת,1,עד 50,7 עד 10.5 מטר,אין ליקוי,בהיר,יבש,ראשון,לילה,יום רגיל,8,0,7400,4,,
2025045262,קשה,0,עירוני לא בצומת,1,עד 50,10.5 עד 14 מטר,אין ליקוי,בהיר,יבש,שבת,לילה,ערב חג,4,18,3000,1,,
2025045305,קשה,0,עירוני לא בצומת,1,לא ידוע,עד 5 מטר,אין ליקוי,בהיר,יבש,ראשון,יום,יום רגיל,7,14,5000,5,,
2025045328,קלה,0,עירוני לא בצומת,1,עד 50,עד 5 מטר,אין ליקוי,בהיר,יבש,שבת,לילה,יום רגיל,11,18,6200,5,,
2025045332,קשה,0,לא עירוני לא בצומת,0,לא ידוע,,לא ידוע,לא ידוע,לא ידוע,שני,יום,יום רגיל,2,14,0,6,,
2025045336,קלה,0,לא עירוני בצומת,0,100,5 עד 7 מטר,כביש משובש,לא ידוע,יבש,שבת,לילה,יום רגיל,12,18,0,1,,
2025045344,קלה,0,לא עירוני בצומת,0,90,7 עד 10.5 מטר,אין ליקוי,בהיר,יבש,ראשון,יום,יום רגיל,11,15,0,2,,
2025045353,קלה,0,עירוני לא בצומת,1,עד 50,עד 5 מטר,אין ליקוי,בהיר,יבש,שישי,יום,חול המועד,10,10,5000,5,,
2025045382,קלה,0,עירוני בצומת,1,60,7 עד 10.5 מטר,אין ליקוי,בהיר,יבש,ראשון,לילה,יום רגיל,10,18,9000,6,,
2025045399,קלה,0,עירוני לא בצומת,1,עד 50,5 עד 7 מטר,אין ליקוי,בהיר,יבש,חמישי,יום,יום רגיל,10,15,6400,5,,
2025045427,קלה,0,עירוני לא בצומת,1,עד 50,7 עד 10.5 מטר,אין ליקוי,גשום,רטוב ממים,רביעי,לילה,יום רגיל,1,3,4000,3,,
2025045439,קשה,0,עירוני לא בצומת,1,עד 50,5 עד 7 מטר,אין ליקוי,בהיר,יבש,שישי,לילה,יום רגיל,1,4,6600,5,,
2025045447,קשה,0,עירוני לא בצומת,1,לא ידוע,,לא ידוע,לא ידוע,לא ידוע,חמישי,לילה,חג,5,1,5000,5,,
2025045451,קלה,0,לא עירוני בצומת,0,עד 50,7 עד 10.5 מטר,אין ליקוי,בהיר,יבש,שישי,יום,יום רגיל,6,17,0,4,,
2025045456,קשה,0,עירוני לא בצומת,1,עד 50,7 עד 10.5 מטר,אין ליקוי,בהיר,יבש,שבת,יום,יום רגיל,6,16,5000,5,,
2025045462,קלה,0,עירוני בצומת,1,עד 50,7 עד 10.5 מטר,אין ליקוי,בהיר,יבש,רביעי,יום,יום רגיל,8,16,2630,6,,
2025045489,קשה,0,עירוני בצומת,1,60,יותר מ-14 מטר,אין ליקוי,בהיר,יבש,שני,יום,ערב חג,9,13,2500,3,,
2025045506,קלה,0,עירוני לא בצומת,1,עד 50,5 עד 7 מטר,אין ליקוי,בהיר,יבש,רביעי,לילה,יום רגיל,2,18,70,6,,
2025045529,קשה,0,עירוני לא בצומת,1,לא ידוע,,לא ידוע,לא ידוע,לא ידוע,ראשון,יום,יום רגיל,4,15,70,6,,
2025045577,קשה,0,לא עירוני בצומת,0,60,10.5 עד 14 מטר,אין ליקוי,בהיר,יבש,שלישי,יום,יום רגיל,5,13,0,2,,
2025045581,קשה,0,לא עירוני לא בצומת,0,80,5 עד 7 מטר,אין ליקוי,בהיר,יבש,שבת,יום,יום רגיל,9,15,0,2,,
2025045598,קלה,0,לא עירוני בצומת,0,70,יותר מ-14 מטר,אין ליקוי,בהיר,יבש,ראשון,לילה,יום רגיל,3,21,0,3,,
2025045604,קשה,0,עירוני לא בצומת,1,עד 50,,אין ליקוי,בהיר,יבש,שלישי,לילה,יום רגיל,10,22,6600,5,,
2025045621,קשה,0,עירוני בצומת,1,עד 50,5 עד 7 מטר,אין ליקוי,בהיר,יבש,רביעי,יום,יום רגיל,9,9,5000,5,,
2025045626,קטלנית,1,לא עירוני לא בצומת,0,90,5 עד 7 מטר,אין ליקוי,בהיר,יבש,ראשון,לילה,יום רגיל,2,6,0,6,,
2025045631,קלה,0,עירוני לא בצומת,1,עד 50,5 עד 7 מטר,אין ליקוי,בהיר,יבש,חמישי,יום,יום רגיל,11,8,2500,3,,
2025045636,קלה,0,לא עירוני לא בצומת,0,עד 50,5 עד 7 מטר,אין ליקוי,בהיר,יבש,ראשון,לילה,יום רגיל,9,19,0,2,,
2025045650,קשה,0,לא עירוני לא בצומת,0,60,5 עד 7 מטר,אין ליקוי,בהיר,יבש,חמישי,לילה,יום רגיל,11,21,0,7,,
2025045660,קשה,0,עירוני לא בצומת,1,עד 50,7 עד 10.5 מטר,אין ליקוי,בהיר,יבש,רביעי,יום,יום רגיל,3,14,499,2,,
2025045671,קשה,0,עירוני בצומת,1,עד 50,10.5 עד 14 מטר,לא ידוע,בהיר,יבש,רביעי,יום,יום רגיל,10,9,7900,4,,
2025045673,קלה,0,עירוני לא בצומת,1,עד 50,5 עד 7 מטר,אין ליקוי,בהיר,יבש,שישי,יום,יום רגיל,8,10,2650,5,,
2025045699,קלה,0,לא עירוני לא בצומת,0,לא ידוע,,לא ידוע,לא ידוע,לא ידוע,שבת,יום,יום רגיל,2,14,0,6,,
2025045702,קלה,0,עירוני בצומת,1,70,10.5 עד 14 מטר,אין ליקוי,בהיר,יבש,שלישי,יום,יום רגיל,5,10,70,6,,
2025045703,קשה,0,עירוני לא בצומת,1,לא ידוע,,לא ידוע,לא ידוע,לא ידוע,ראשון,יום,יום רגיל,8,16,8700,4,,
2025045708,קשה,0,עירוני בצומת,1,עד 50,10.5 עד 14 מטר,אין ליקוי,בהיר,יבש,שבת,לילה,יום רגיל,9,23,8600,5,,
2025045756,קלה,0,לא עירוני לא בצומת,0,70,,לא ידוע,בהיר,יבש,שבת,לילה,חול המועד,10,20,0,7,,
2025045778,קלה,0,לא עירוני בצומת,0,עד 50,7 עד 10.5 מטר,אין ליקוי,לא ידוע,יבש,חמישי,יום,יום רגיל,1,9,0,3,,
2025045798,קלה,0,לא עירוני לא בצומת,0,80,10.5 עד 14 מטר,אין ליקוי,שרבי,יבש,שני,לילה,יום רגיל,8,20,0,7,,
2025045799,קלה,0,עירוני בצומת,1,60,יותר מ-14 מטר,אין ליקוי,בהיר,יבש,חמישי,לילה,יום רגיל,10,2,4000,3,,
2025045836,קשה,0,עירוני לא בצומת,1,עד 50,7 עד 10.5 מטר,אין ליקוי,בהיר,יבש,שישי,יום,יום רגיל,8,6,3000,1,,
2025045853,קלה,0,עירוני בצומת,1,עד 50,7 עד 10.5 מטר,אין ליקוי,בהיר,יבש,חמישי,יום,חג,5,18,7100,6,,
2025045859,קלה,0,עירוני בצומת,1,עד 50,10.5 עד 14 מטר,אין ליקוי,בהיר,יבש,שלישי,יום,חג,9,13,6700,2,,
2025045882,קשה,0,עירוני לא בצומת,1,לא ידוע,,לא ידוע,לא ידוע,לא ידוע,חמישי,לילה,יום רגיל,12,20,6400,5,,
2025045897,קשה,0,עירוני לא בצומת,1,לא ידוע,,לא ידוע,לא ידוע,לא ידוע,שישי,יום,יום רגיל,11,11,3000,1,,
2025045942,קלה,0,לא עירוני לא בצומת,0,90,7 עד 10.5 מטר,אין ליקוי,לא ידוע,יבש,ראשון,יום,יום רגיל,1,13,0,6,,
2025045944,קשה,0,לא עירוני בצומת,0,90,יותר מ-14 מטר,אין ליקוי,לא ידוע,לא ידוע,שני,יום,יום רגיל,2,16,0,4,,
2025045946,קלה,0,עירוני בצומת,1,עד 50,5 עד 7 מטר,אין ליקוי,בהיר,יבש,חמישי,יום,יום רגיל,12,7,4000,3,,
2025045948,קשה,0,עירוני בצומת,1,לא ידוע,5 עד 7 מטר,אין ליקוי,בהיר,רטוב ממים,שני,לילה,יום רגיל,2,18,6200,5,,
2025045950,קלה,0,עירוני בצומת,1,110,10.5 עד 14 מטר,אין ליקוי,בהיר,יבש,שבת,לילה,יום רגיל,5,23,5000,5,,
2025045964,קלה,0,לא עירוני בצומת,0,80,5 עד 7 מטר,אין ליקוי,בהיר,יבש,רביעי,יום,יום רגיל,9,14,0,4,,
2025045966,קלה,0,עירוני בצומת,1,לא ידוע,5 עד 7 מטר,אין ליקוי,בהיר,יבש,רביעי,לילה,יום רגיל,6,20,6600,5,,
2025045978,קטלנית,1,עירוני לא בצומת,1,עד 50,עד 5 מטר,כביש משובש,בהיר,אחר,רביעי,לילה,חג,9,0,2710,3,,
2025045980,קלה,0,עירוני לא בצומת,1,עד 50,5 עד 7 מטר,אין ליקוי,בהיר,יבש,שלישי,לילה,יום רגיל,12,23,5000,5,,
2025045987,קלה,0,עירוני בצומת,1,עד 50,10.5 עד 14 מטר,אין ליקוי,לא ידוע,לא ידוע,שישי,יום,יום רגיל,8,13,7100,6,,
2025046002,קלה,0,עירוני בצומת,1,עד 50,7 עד 10.5 מטר,לא ידוע,בהיר,יבש,חמישי,יום,יום רגיל,5,13,3000,1,,
2025046010,קלה,0,עירוני לא בצומת,1,עד 50,7 עד 10.5 מטר,אין ליקוי,גשום,רטוב ממים,שני,יום,יום רגיל,12,8,4000,3,,
2025046029,קשה,0,עירוני בצומת,1,עד 50,10.5 עד 14 מטר,אין ליקוי,בהיר,יבש,שני,לילה,יום רגיל,9,20,70,6,,
2025046042,קלה,0,עירוני בצומת,1,עד 50,,לא ידוע,בהיר,יבש,חמישי,יום,יום רגיל,9,12,5000,5,,
2025046047,קלה,0,לא עירוני בצומת,0,80,7 עד 10.5 מטר,אין ליקוי,בהיר,יבש,חמישי,לילה,יום רגיל,6,20,0,4,,
2025046068,קלה,0,עירוני לא בצומת,1,עד 50,5 עד 7 מטר,אין ליקוי,בהיר,יבש,רביעי,יום,יום רגיל,9,9,2650,5,,
2025046097,קלה,0,לא עירוני לא בצומת,0,90,7 עד 10.5 מטר,אין ליקוי,בהיר,יבש,רביעי,לילה,יום רגיל,8,23,0,3,,
2025046103,קשה,0,עירוני לא בצומת,1,לא ידוע,,לא ידוע,לא ידוע,לא ידוע,חמישי,יום,יום רגיל,11,16,5000,5,,
2025046160,קלה,0,עירוני לא בצומת,1,עד 50,5 עד 7 מטר,אין ליקוי,בהיר,יבש,שלישי,לילה,יום רגיל,8,23,5000,5,,
2025046164,קלה,0,לא עירוני בצומת,0,עד 50,,לא ידוע,בהיר,יבש,שני,יום,יום רגיל,6,12,0,6,,
2025046173,קלה,0,לא עירוני בצומת,0,80,7 עד 10.5 מטר,אין ליקוי,בהיר,יבש,רביעי,יום,יום רגיל,8,8,0,1,,
2025046213,קלה,0,עירוני לא בצומת,1,עד 50,5 עד 7 מטר,אין ליקוי,בהיר,יבש,שישי,יום,יום רגיל,10,10,8600,5,,
2025046222,קשה,0,לא עירוני בצומת,0,לא ידוע,,לא ידוע,לא ידוע,לא ידוע,חמישי,יום,יום רגיל,11,8,0,2,,
2025046266,קשה,0,עירוני לא בצומת,1,עד 50,7 עד 10.5 מטר,אין ליקוי,בהיר,יבש,ראשון,יום,יום רגיל,6,9,8300,4,,
2025046269,קלה,0,עירוני בצומת,1,עד 50,10.5 עד 14 מטר,אין ליקוי,בהיר,יבש,שבת,לילה,יום רגיל,6,5,8300,4,,
2025046312,קלה,0,עירוני בצומת,1,עד 50,,אין ליקוי,לא ידוע,יבש,שישי,לילה,יום רגיל,3,21,8600,5,,
2025046318,קלה,0,עירוני בצומת,1,עד 50,יותר מ-14 מטר,לא ידוע,בהיר,יבש,שלישי,יום,יום רגיל,1,16,3000,1,,
2025046330,קלה,0,לא עירוני לא בצומת,0,עד 50,,אין ליקוי,בהיר,יבש,חמישי,לילה,יום רגיל,3,21,0,2,,
2025046341,קלה,0,עירוני בצומת,1,עד 50,5 עד 7 מטר,אין ליקוי,בהיר,יבש,ראשון,לילה,יום רגיל,6,22,6200,5,,
2025046342,קלה,0,לא עירוני לא בצומת,0,90,7 עד 10.5 מטר,אין ליקוי,בהיר,יבש,ראשון,לילה,יום רגיל,3,21,0,2,,
2025046361,קשה,0,עירוני בצומת,1,עד 50,10.5 עד 14 מטר,אין ליקוי,בהיר,יבש,שלישי,לילה,יום רגיל,1,19,7600,2,,
2025046390,קלה,0,עירוני בצומת,1,עד 50,5 עד 7 מטר,אין ליקוי,בהיר,יבש,רביעי,יום,יום רגיל,11,13,5000,5,,
2025046391,קלה,0,עירוני בצומת,1,עד 50,10.5 עד 14 מטר,אין ליקוי,לא ידוע,יבש,שני,לילה,יום רגיל,1,20,3000,1,,
2025046414,קלה,0,עירוני בצומת,1,עד 50,5 עד 7 מטר,אין ליקוי,בהיר,יבש,שלישי,יום,יום רגיל,5,16,5000,5,,
2025046440,קלה,0,עירוני לא בצומת,1,עד 50,,אין ליקוי,בהיר,יבש,שני,יום,יום רגיל,11,7,7900,4,,
2025046445,קלה,0,לא עירוני בצומת,0,עד 50,10.5 עד 14 מטר,אין ליקוי,בהיר,יבש,שישי,יום,יום רגיל,2,7,0,4,,
2025046448,קטלנית,1,לא עירוני לא בצומת,0,90,5 עד 7 מטר,אין ליקוי,בהיר,יבש,חמישי,לילה,יום רגיל,10,20,0,6,,
2025046458,קלה,0,עירוני בצומת,1,עד 50,7 עד 10.5 מטר,אין ליקוי,בהיר,יבש,שישי,לילה,יום רגיל,2,0,6900,4,,
2025046460,קשה,0,עירוני לא בצומת,1,עד 50,יותר מ-14 מטר,אין ליקוי,בהיר,יבש,שלישי,יום,יום רגיל,3,13,7900,4,,
2025046461,קשה,0,לא עירוני בצומת,0,90,,אין ליקוי,בהיר,לא ידוע,רביעי,לילה,יום רגיל,4,0,0,6,,
2025046471,קלה,0,עירוני לא בצומת,1,עד 50,5 עד 7 מטר,אין ליקוי,בהיר,יבש,שני,יום,יום רגיל,11,8,6200,5,,
2025046494,קלה,0,עירוני בצומת,1,עד 50,,לא ידוע,בהיר,יבש,רביעי,יום,חול המועד,4,18,7900,4,,
2025046505,קלה,0,עירוני בצומת,1,עד 50,5 עד 7 מטר,אין ליקוי,לא ידוע,יבש,שלישי,לילה,חול המועד,4,19,3000,1,,
2025046510,קלה,0,עירוני בצומת,1,עד 50,5 עד 7 מטר,אין ליקוי,בהיר,יבש,חמישי,יום,יום רגיל,8,7,3000,1,,
2025046515,קלה,0,עירוני לא בצומת,1,עד 50,5 עד 7 מטר,אין ליקוי,בהיר,יבש,שלישי,יום,יום רגיל,2,9,7600,2,,
2025046516,קלה,0,עירוני לא בצומת,1,עד 50,,לא ידוע,גשום,לא ידוע,חמישי,לילה,יום רגיל,12,16,3616,7,,
2025046528,קלה,0,לא עירוני בצומת,0,80,יותר מ-14 מטר,אין ליקוי,בהיר,יבש,ראשון,יום,יום רגיל,7,7,0,2,,
2025046540,קטלנית,1,עירוני לא בצומת,1,עד 50,7 עד 10.5 מטר,אין ליקוי,בהיר,יבש,שלישי,יום,יום רגיל,12,8,3000,1,,
2025046556,קלה,0,עירוני לא בצומת,1,עד 50,7 עד 10.5 מטר,אין ליקוי,בהיר,יבש,רביעי,לילה,יום רגיל,3,22,8900,2,,
2025046568,קשה,0,עירוני בצומת,1,עד 50,7 עד 10.5 מטר,אין ליקוי,בהיר,יבש,שבת,לילה,יום רגיל,11,21,7900,4,,
2025046591,קלה,0,עירוני לא בצומת,1,לא ידוע,,לא ידוע,לא ידוע,לא ידוע,שני,יום,יום רגיל,10,8,6200,5,,
2025046602,קלה,0,לא עירוני בצומת,0,80,7 עד 10.5 מטר,אין ליקוי,בהיר,יבש,רביעי,יום,יום רגיל,12,14,0,4,,
2025046611,קטלנית,1,לא עירוני לא בצומת,0,100,10.5 עד 14 מטר,אין ליקוי,בהיר,יבש,רביעי,לילה,יום רגיל,3,19,0,7,,
2025046641,קשה,0,עירוני לא בצומת,1,לא ידוע,,לא ידוע,לא ידוע,לא ידוע,שבת,לילה,יום רגיל,8,22,46,2,,
2025046642,קשה,0,לא עירוני לא בצומת,0,עד 50,,אין ליקוי,בהיר,יבש,שני,יום,יום רגיל,5,11,0,4,,
2025046658,קשה,0,לא עירוני בצומת,0,לא ידוע,,לא ידוע,לא ידוע,לא ידוע,ראשון,לילה,יום רגיל,11,23,0,4,,
2025046660,קשה,0,לא עירוני בצומת,0,עד 50,5 עד 7 מטר,אין ליקוי,בהיר,יבש,שבת,יום,יום רגיל,2,10,0,7,,
2025046666,קטלנית,1,לא עירוני לא בצומת,0,90,,אין ליקוי,בהיר,יבש,חמישי,יום,יום רגיל,11,15,0,6,,
2025046692,קלה,0,לא עירוני בצומת,0,עד 50,10.5 עד 14 מטר,אין ליקוי,בהיר,יבש,שישי,לילה,יום רגיל,5,3,0,3,,
2025046693,קלה,0,עירוני לא בצומת,1,עד 50,7 עד 10.5 מטר,אין ליקוי,בהיר,יבש,שישי,יום,יום רגיל,4,18,6600,5,,
2025046723,קלה,0,עירוני בצומת,1,עד 50,7 עד 10.5 מטר,אין ליקוי,בהיר,יבש,ראשון,יום,יום רגיל,5,17,5000,5,,
2025046730,קטלנית,1,עירוני לא בצומת,1,עד 50,7 עד 10.5 מטר,אין ליקוי,בהיר,יבש,שבת,לילה,יום רגיל,7,20,7100,6,,
2025046763,קשה,0,עירוני בצומת,1,לא ידוע,,לא ידוע,לא ידוע,לא ידוע,שלישי,יום,יום רגיל,2,15,8600,5,,
2025046804,קשה,0,עירוני לא בצומת,1,לא ידוע,,לא ידוע,לא ידוע,לא ידוע,שבת,יום,יום רגיל,8,18,2710,3,,
2025046807,קלה,0,עירוני לא בצומת,1,עד 50,,אין ליקוי,בהיר,יבש,שני,יום,יום רגיל,4,8,634,4,,
2025046818,קלה,0,לא עירוני לא בצומת,0,80,7 עד 10.5 מטר,אין ליקוי,בהיר,יבש,שלישי,יום,יום רגיל,4,9,0,6,,
2025046827,קלה,0,לא עירוני בצומת,0,60,יותר מ-14 מטר,אין ליקוי,בהיר,יבש,ראשון,יום,יום רגיל,3,10,0,3,,
2025046828,קטלנית,1,לא עירוני לא בצומת,0,70,7 עד 10.5 מטר,אין ליקוי,בהיר,יבש,שישי,יום,יום רגיל,3,13,0,4,,
2025046836,קשה,0,עירוני בצומת,1,60,עד 5 מטר,אין ליקוי,בהיר,יבש,שישי,יום,יום רגיל,9,9,5000,5,,
2025046843,קשה,0,לא עירוני לא בצומת,0,70,7 עד 10.5 מטר,אין ליקוי,בהיר,יבש,רביעי,לילה,יום רגיל,7,23,0,2,,
2025046870,קשה,0,עירוני לא בצומת,1,עד 50,5 עד 7 מטר,אין ליקוי,בהיר,יבש,שלישי,יום,יום רגיל,7,13,7900,4,,
2025046873,קלה,0,עירוני בצומת,1,עד 50,7 עד 10.5 מטר,אין ליקוי,בהיר,יבש,שני,יום,יום רגיל,9,8,6700,2,,
2025046876,קלה,0,עירוני לא בצומת,1,עד 50,5 עד 7 מטר,אין ליקוי,בהיר,יבש,שלישי,יום,יום רגיל,8,8,7600,2,,
2025046887,קשה,0,עירוני לא בצומת,1,עד 50,5 עד 7 מטר,אין ליקוי,בהיר,יבש,שני,לילה,יום רגיל,4,20,2720,4,,
2025046892,קשה,0,עירוני לא בצומת,1,לא ידוע,,לא ידוע,לא ידוע,לא ידוע,רביעי,יום,יום רגיל,10,10,6200,5,,
2025046946,קשה,0,עירוני בצומת,1,לא ידוע,,לא ידוע,לא ידוע,לא ידוע,שלישי,לילה,יום רגיל,12,16,3000,1,,
2025046950,קלה,0,עירוני בצומת,1,עד 50,עד 5 מטר,אין ליקוי,בהיר,יבש,שני,יום,יום רגיל,10,8,7400,4,,
2025046970,קלה,0,עירוני בצומת,1,עד 50,7 עד 10.5 מטר,אין ליקוי,בהיר,יבש,שלישי,יום,יום רגיל,7,8,3000,1,,
2025046982,קשה,0,עירוני לא בצומת,1,לא ידוע,,לא ידוע,לא ידוע,לא ידוע,רביעי,יום,יום רגיל,3,11,267,5,,
2025046985,קלה,0,עירוני בצומת,1,עד 50,7 עד 10.5 מטר,אין ליקוי,בהיר,יבש,שני,לילה,יום רגיל,6,20,53,3,,
2025046988,קלה,0,לא עירוני בצומת,0,70,7 עד 10.5 מטר,אין ליקוי,לא ידוע,יבש,שני,יום,יום רגיל,2,10,0,4,,
2025047026,קלה,0,לא עירוני לא בצומת,0,80,7 עד 10.5 מטר,אין ליקוי,בהיר,יבש,שישי,לילה,יום רגיל,4,22,0,2,,
2025047027,קלה,0,לא עירוני בצומת,0,90,יותר מ-14 מטר,אין ליקוי,בהיר,יבש,חמישי,יום,יום רגיל,7,8,0,4,,
2025047035,קלה,0,עירוני בצומת,1,עד 50,5 עד 7 מטר,אין ליקוי,בהיר,יבש,שישי,יום,יום רגיל,9,7,2500,3,,
2025047046,קטלנית,1,לא עירוני לא בצומת,0,80,10.5 עד 14 מטר,אין ליקוי,בהיר,יבש,רביעי,יום,יום רגיל,2,6,0,2,,
2025047052,קשה,0,עירוני לא בצומת,1,לא ידוע,,לא ידוע,לא ידוע,לא ידוע,שישי,לילה,יום רגיל,5,4,3000,1,,
2025047056,קלה,0,עירוני בצומת,1,70,10.5 עד 14 מטר,אין ליקוי,בהיר,יבש,רביעי,יום,יום רגיל,4,11,7900,4,,
2025047079,קלה,0,לא עירוני בצומת,0,עד 50,5 עד 7 מטר,אין ליקוי,בהיר,יבש,שני,לילה,יום רגיל,3,18,0,3,,
2025047092,קלה,0,עירוני בצומת,1,לא ידוע,,לא ידוע,לא ידוע,לא ידוע,שלישי,יום,יום רגיל,11,13,5000,5,,
2025047106,קלה,0,לא עירוני לא בצומת,0,70,7 עד 10.5 מטר,לא ידוע,בהיר,יבש,חמישי,יום,יום רגיל,8,7,0,7,,
2025047109,קלה,0,עירוני לא בצומת,1,עד 50,5 עד 7 מטר,אין ליקוי,בהיר,יבש,חמישי,יום,יום רגיל,10,16,246,6,,
2025047149,קשה,0,לא עירוני לא בצומת,0,90,10.5 עד 14 מטר,אין ליקוי,בהיר,יבש,שישי,לילה,יום רגיל,7,0,0,5,,
2025047153,קלה,0,עירוני בצומת,1,עד 50,,אין ליקוי,בהיר,יבש,חמישי,יום,יום רגיל,8,17,5000,5,,
2025047171,קלה,0,עירוני בצומת,1,עד 50,7 עד 10.5 מטר,אין ליקוי,לא ידוע,יבש,שלישי,יום,יום רגיל,11,7,9100,2,,
2025047185,קלה,0,לא עירוני בצומת,0,עד 50,5 עד 7 מטר,אין ליקוי,בהיר,יבש,שני,יום,יום רגיל,4,18,0,3,,
2025047188,קשה,0,לא עירוני לא בצומת,0,80,10.5 עד 14 מטר,אין ליקוי,בהיר,יבש,ראשון,לילה,יום רגיל,5,0,0,6,,
2025047192,קלה,0,לא עירוני בצומת,0,90,7 עד 10.5 מטר,אין ליקוי,בהיר,יבש,שבת,יום,יום רגיל,3,14,0,3,,
2025047205,קלה,0,לא עירוני בצומת,0,60,7 עד 10.5 מטר,אין ליקוי,בהיר,יבש,ראשון,יום,יום רגיל,2,9,0,4,,
2025047207,קשה,0,עירוני לא בצומת,1,עד 50,5 עד 7 מטר,אין ליקוי,בהיר,יבש,שבת,יום,יום רגיל,3,16,4000,3,,
2025047219,קלה,0,עירוני בצומת,1,עד 50,5 עד 7 מטר,אין ליקוי,בהיר,יבש,רביעי,לילה,יום רגיל,3,17,6600,5,,
2025047225,קשה,0,לא עירוני לא בצומת,0,80,10.5 עד 14 מטר,אין ליקוי,בהיר,יבש,שני,יום,יום רגיל,8,13,0,4,,
2025047234,קשה,0,עירוני לא בצומת,1,לא ידוע,,לא ידוע,לא ידוע,לא ידוע,שני,יום,יום רגיל,6,17,8200,3,,
2025047248,קטלנית,1,לא עירוני לא בצומת,0,80,10.5 עד 14 מטר,אין ליקוי,לא ידוע,יבש,שבת,יום,יום רגיל,1,12,0,1,,
2025047254,קשה,0,לא עירוני בצומת,0,לא ידוע,,לא ידוע,לא ידוע,לא ידוע,שני,יום,יום רגיל,8,17,0,3,,
2025047294,קלה,0,לא עירוני בצומת,0,90,10.5 עד 14 מטר,אין ליקוי,בהיר,יבש,ראשון,יום,יום רגיל,3,13,0,4,,
2025047299,קלה,0,לא עירוני לא בצומת,0,90,7 עד 10.5 מטר,אין ליקוי,בהיר,יבש,שני,יום,יום רגיל,8,6,0,3,,
2025047308,קשה,0,עירוני לא בצומת,1,עד 50,5 עד 7 מטר,אין ליקוי,בהיר,יבש,שני,לילה,יום רגיל,8,0,3780,7,,
2025047310,קשה,0,עירוני לא בצומת,1,לא ידוע,,לא ידוע,לא ידוע,לא ידוע,שישי,לילה,יום רגיל,10,19,7400,4,,
2025047344,קטלנית,1,עירוני בצומת,1,70,10.5 עד 14 מטר,אין ליקוי,בהיר,יבש,חמישי,יום,יום רגיל,1,8,70,6,,
2025047350,קלה,0,עירוני לא בצומת,1,עד 50,5 עד 7 מטר,אין ליקוי,לא ידוע,לא ידוע,שישי,יום,יום רגיל,9,10,9700,4,,
2025047355,קלה,0,עירוני בצומת,1,עד 50,יותר מ-14 מטר,אין ליקוי,בהיר,יבש,רביעי,לילה,יום רגיל,1,18,70,6,,
2025047373,קלה,0,לא עירוני בצומת,0,עד 50,5 עד 7 מטר,אין ליקוי,בהיר,יבש,שבת,יום,יום רגיל,2,15,0,3,,
2025047375,קלה,0,לא עירוני בצומת,0,עד 50,יותר מ-14 מטר,אין ליקוי,בהיר,יבש,שישי,יום,יום רגיל,10,9,0,4,,
2025047398,קלה,0,לא עירוני בצומת,0,90,7 עד 10.5 מטר,אין ליקוי,בהיר,יבש,שישי,יום,יום רגיל,5,14,0,6,,
2025047410,קשה,0,עירוני לא בצומת,1,לא ידוע,,לא ידוע,לא ידוע,לא ידוע,שלישי,יום,יום רגיל,7,14,3000,1,,
2025047425,קשה,0,לא עירוני בצומת,0,90,10.5 עד 14 מטר,אין ליקוי,בהיר,יבש,ראשון,לילה,יום רגיל,3,3,0,5,,
2025047448,קלה,0,לא עירוני לא בצומת,0,80,7 עד 10.5 מטר,אין ליקוי,בהיר,יבש,ראשון,לילה,יום רגיל,11,0,0,2,,
2025047466,קלה,0,עירוני לא בצומת,1,לא ידוע,,לא ידוע,לא ידוע,לא ידוע,רביעי,לילה,יום רגיל,11,18,5000,5,,
2025047473,קלה,0,לא עירוני בצומת,0,90,10.5 עד 14 מטר,אין ליקוי,בהיר,יבש,שני,לילה,יום רגיל,2,17,0,3,,
2025047488,קלה,0,עירוני בצומת,1,לא ידוע,,לא ידוע,לא ידוע,לא ידוע,שלישי,יום,יום רגיל,6,15,6100,5,,
2025047500,קלה,0,עירוני לא בצומת,1,עד 50,7 עד 10.5 מטר,אין ליקוי,בהיר,יבש,שישי,יום,חול המועד,10,10,6700,2,,
2025047505,קלה,0,לא עירוני לא בצומת,0,80,7 עד 10.5 מטר,אין ליקוי,בהיר,יבש,שני,לילה,יום רגיל,5,5,0,6,,
2025047508,קלה,0,עירוני בצומת,1,עד 50,5 עד 7 מטר,אין ליקוי,בהיר,יבש,שלישי,יום,יום רגיל,9,13,6900,4,,
2025047520,קשה,0,לא עירוני לא בצומת,0,90,10.5 עד 14 מטר,שוליים גרועים וכביש משובש,בהיר,יבש,שלישי,יום,יום רגיל,9,9,0,4,,
2025047526,קלה,0,לא עירוני בצומת,0,עד 50,10.5 עד 14 מטר,אין ליקוי,בהיר,יבש,ראשון,יום,יום רגיל,5,16,0,4,,
2025047528,קלה,0,לא עירוני בצומת,0,80,10.5 עד 14 מטר,אין ליקוי,בהיר,יבש,שישי,לילה,יום רגיל,12,19,0,4,,
2025047544,קלה,0,עירוני לא בצומת,1,עד 50,5 עד 7 מטר,אין ליקוי,בהיר,יבש,רביעי,יום,חג,9,12,4000,3,,
2025047548,קלה,0,עירוני לא בצומת,1,עד 50,10.5 עד 14 מטר,אין ליקוי,לא ידוע,לא ידוע,רביעי,לילה,יום רגיל,7,21,7700,2,,
2025047557,קלה,0,עירוני בצומת,1,עד 50,7 עד 10.5 מטר,אין ליקוי,בהיר,יבש,שלישי,לילה,יום רגיל,12,16,70,6,,
2025047560,קשה,0,עירוני לא בצומת,1,לא ידוע,,לא ידוע,לא ידוע,לא ידוע,שני,יום,יום רגיל,5,8,8300,4,,
2025047562,קלה,0,לא עירוני בצומת,0,90,5 עד 7 מטר,אין ליקוי,בהיר,יבש,שלישי,יום,יום רגיל,7,16,0,6,,
2025047574,קשה,0,לא עירוני בצומת,0,עד 50,5 עד 7 מטר,אין ליקוי,בהיר,יבש,רביעי,יום,יום רגיל,10,10,0,3,,
2025047581,קלה,0,לא עירוני בצומת,0,80,10.5 עד 14 מטר,אין ליקוי,בהיר,יבש,שני,יום,יום רגיל,12,8,0,4,,
2025047584,קלה,0,עירוני בצומת,1,עד 50,5 עד 7 מטר,אין ליקוי,בהיר,יבש,שבת,לילה,יום רגיל,6,0,8600,5,,
2025047585,קשה,0,עירוני בצומת,1,עד 50,7 עד 10.5 מטר,אין ליקוי,בהיר,יבש,שישי,יום,יום רגיל,12,13,7400,4,,
2025047607,קלה,0,לא עירוני לא בצומת,0,80,7 עד 10.5 מטר,לא ידוע,בהיר,יבש,רביעי,לילה,יום רגיל,5,23,0,7,,
2025047621,קשה,0,לא עירוני לא בצומת,0,עד 50,5 עד 7 מטר,אין ליקוי,בהיר,יבש,שני,יום,יום רגיל,3,17,0,3,,
2025047636,קלה,0,עירוני לא בצומת,1,עד 50,5 עד 7 מטר,אין ליקוי,לא ידוע,רטוב ממים,חמישי,לילה,יום רגיל,11,16,182,4,,
2025047672,קשה,0,עירוני לא בצומת,1,לא ידוע,,לא ידוע,לא ידוע,לא ידוע,שישי,יום,יום רגיל,4,10,166,4,,
2025047682,קלה,0,לא עירוני לא בצומת,0,90,5 עד 7 מטר,לא ידוע,בהיר,יבש,ראשון,יום,חג,4,13,0,6,,
2025047703,קשה,0,עירוני בצומת,1,עד 50,7 עד 10.5 מטר,אין ליקוי,בהיר,יבש,חמישי,יום,יום רגיל,8,16,6100,5,,
2025047706,קשה,0,לא עירוני לא בצומת,0,לא ידוע,,לא ידוע,לא ידוע,לא ידוע,חמישי,יום,יום רגיל,5,13,0,5,,
2025047740,קלה,0,עירוני לא בצומת,1,עד 50,7 עד 10.5 מטר,אין ליקוי,בהיר,יבש,רביעי,יום,יום רגיל,12,13,7100,6,,
2025047742,קשה,0,עירוני בצומת,1,עד 50,עד 5 מטר,אין ליקוי,בהיר,יבש,חמישי,לילה,יום רגיל,7,23,8600,5,,
2025047754,קלה,0,עירוני לא בצומת,1,עד 50,5 עד 7 מטר,אין ליקוי,בהיר,יבש,שני,לילה,יום רגיל,4,20,6100,5,,
2025047772,קלה,0,עירוני בצומת,1,עד 50,5 עד 7 מטר,אין ליקוי,בהיר,יבש,רביעי,לילה,יום רגיל,4,20,9000,6,,
2025047795,קלה,0,עירוני בצומת,1,עד 50,7 עד 10.5 מטר,אין ליקוי,בהיר,יבש,ראשון,יום,יום רגיל,8,7,4000,3,,
2025047816,קשה,0,עירוני לא בצומת,1,לא ידוע,,לא ידוע,לא ידוע,לא ידוע,שבת,לילה,יום רגיל,3,23,2530,4,,
2025047828,קשה,0,עירוני לא בצומת,1,לא ידוע,,לא ידוע,לא ידוע,לא ידוע,שישי,יום,יום רגיל,8,14,637,3,,
2025047833,קלה,0,עירוני בצומת,1,עד 50,יותר מ-14 מטר,אין ליקוי,בהיר,יבש,רביעי,יום,יום רגיל,9,7,7100,6,,
2025047838,קשה,0,עירוני לא בצומת,1,עד 50,5 עד 7 מטר,אין ליקוי,בהיר,יבש,חמישי,לילה,יום רגיל,3,18,7900,4,,
2025047839,קלה,0,עירוני בצומת,1,עד 50,5 עד 7 מטר,אין ליקוי,בהיר,יבש,שלישי,יום,יום רגיל,4,15,166,4,,
2025047846,קשה,0,לא עירוני לא בצומת,0,80,7 עד 10.5 מטר,אין ליקוי,בהיר,יבש,חמישי,לילה,יום רגיל,10,20,0,7,,
2025047861,קשה,0,עירוני בצומת,1,לא ידוע,,לא ידוע,לא ידוע,לא ידוע,רביעי,לילה,יום רגיל,7,22,8300,4,,
2025047897,קטלנית,1,לא עירוני לא בצומת,0,90,יותר מ-14 מטר,אין ליקוי,בהיר,יבש,שני,יום,יום רגיל,4,15,0,6,,
2025047902,קלה,0,עירוני בצומת,1,עד 50,,אין ליקוי,בהיר,יבש,רביעי,יום,יום רגיל,8,19,6600,5,,
2025047906,קלה,0,עירוני בצומת,1,עד 50,5 עד 7 מטר,אין ליקוי,בהיר,יבש,חמישי,יום,ערב חג,3,10,7100,6,,
2025047910,קלה,0,עירוני בצומת,1,עד 50,5 עד 7 מטר,לא ידוע,בהיר,יבש,שבת,יום,יום רגיל,3,8,4000,3,,
2025047911,קלה,0,עירוני בצומת,1,עד 50,10.5 עד 14 מטר,אין ליקוי,גשום,רטוב ממים,ראשון,יום,יום רגיל,12,10,2500,3,,
2025047922,קלה,0,עירוני לא בצומת,1,עד 50,עד 5 מטר,אין ליקוי,בהיר,יבש,שלישי,יום,יום רגיל,3,12,489,2,,
2025047933,קשה,0,עירוני לא בצומת,1,לא ידוע,,לא ידוע,לא ידוע,לא ידוע,רביעי,יום,יום רגיל,5,14,166,4,,
2025047937,קשה,0,לא עירוני לא בצומת,0,לא ידוע,,לא ידוע,לא ידוע,לא ידוע,חמישי,לילה,יום רגיל,2,23,0,1,,
2025047941,קלה,0,לא עירוני בצומת,0,80,10.5 עד 14 מטר,אין ליקוי,בהיר,יבש,ראשון,לילה,יום רגיל,9,23,0,2,,
2025047953,קשה,0,עירוני לא בצומת,1,לא ידוע,,לא ידוע,לא ידוע,לא ידוע,רביעי,לילה,יום רגיל,8,20,2610,1,,
2025047971,קשה,0,לא עירוני לא בצומת,0,90,,אין ליקוי,בהיר,יבש,ראשון,יום,יום רגיל,7,16,0,5,,
2025047975,קלה,0,לא עירוני בצומת,0,90,7 עד 10.5 מטר,אין ליקוי,בהיר,יבש,שלישי,לילה,יום רגיל,8,22,0,2,,
2025047985,קשה,0,עירוני לא בצומת,1,לא ידוע,,לא ידוע,לא ידוע,לא ידוע,שני,יום,יום רגיל,7,19,637,3,,
2025048000,קשה,0,לא עירוני בצומת,0,90,7 עד 10.5 מטר,אין ליקוי,בהיר,יבש,ראשון,יום,יום רגיל,6,15,0,4,,
2025048007,קשה,0,עירוני לא בצומת,1,עד 50,7 עד 10.5 מטר,אין ליקוי,בהיר,יבש,שני,יום,יום רגיל,4,14,1326,3,,
2025048036,קשה,0,לא עירוני לא בצומת,0,לא ידוע,,לא ידוע,לא ידוע,לא ידוע,שלישי,לילה,יום רגיל,9,0,0,6,,
2025048050,קלה,0,לא עירוני לא בצומת,0,80,5 עד 7 מטר,אין ליקוי,שרבי,יבש,שני,יום,יום רגיל,3,10,0,7,,
2025048063,קלה,0,עירוני לא בצומת,1,עד 50,יותר מ-14 מטר,אין ליקוי,בהיר,יבש,שישי,יום,יום רגיל,8,11,6400,5,,
2025048064,קשה,0,לא עירוני לא בצומת,0,80,7 עד 10.5 מטר,אין ליקוי,לא ידוע,רטוב ממים,רביעי,לילה,יום רגיל,12,17,0,2,,
2025048085,קלה,0,לא עירוני בצומת,0,70,5 עד 7 מטר,אין ליקוי,בהיר,יבש,רביעי,יום,יום רגיל,7,17,0,3,,
2025048112,קלה,0,לא עירוני בצומת,0,90,10.5 עד 14 מטר,אין ליקוי,בהיר,יבש,רביעי,יום,יום רגיל,5,18,0,4,,
2025048158,קשה,0,עירוני לא בצומת,1,לא ידוע,,לא ידוע,לא ידוע,לא ידוע,ראשון,יום,יום רגיל,7,13,2610,1,,
2025048179,קלה,0,עירוני בצומת,1,עד 50,,אין ליקוי,בהיר,יבש,רביעי,לילה,יום רגיל,3,18,1304,4,,
2025048180,קשה,0,לא עירוני לא בצומת,0,60,7 עד 10.5 מטר,אין ליקוי,לא ידוע,יבש,שישי,יום,יום רגיל,4,17,0,1,,
2025048206,קשה,0,עירוני בצומת,1,עד 50,10.5 עד 14 מטר,אין ליקוי,בהיר,יבש,רביעי,יום,יום רגיל,3,12,4000,3,,
2025048222,קלה,0,עירוני לא בצומת,1,עד 50,7 עד 10.5 מטר,אין ליקוי,בהיר,יבש,שלישי,יום,יום רגיל,7,16,7100,6,,
2025048228,קלה,0,לא עירוני בצומת,0,90,7 עד 10.5 מטר,אין ליקוי,בהיר,יבש,שבת,יום,יום רגיל,9,15,0,2,,
2025048236,קלה,0,לא עירוני בצומת,0,עד 50,7 עד 10.5 מטר,אין ליקוי,בהיר,יבש,שבת,לילה,יום רגיל,2,20,0,4,,
2025048246,קטלנית,1,לא עירוני לא בצומת,0,80,7 עד 10.5 מטר,אין ליקוי,שרבי,רטוב ממים,שני,יום,יום רגיל,12,6,0,7,,
2025048277,קלה,0,עירוני בצומת,1,לא ידוע,,לא ידוע,לא ידוע,לא ידוע,רביעי,יום,יום רגיל,7,11,8600,5,,
2025048279,קלה,0,לא עירוני לא בצומת,0,לא ידוע,,לא ידוע,לא ידוע,לא ידוע,שלישי,לילה,יום רגיל,12,21,0,5,,
2025048288,קלה,0,עירוני לא בצומת,1,עד 50,,אין ליקוי,בהיר,יבש,ראשון,יום,יום רגיל,8,9,6600,5,,
2025048296,קלה,0,עירוני לא בצומת,1,60,10.5 עד 14 מטר,אין ליקוי,בהיר,יבש,שני,לילה,יום רגיל,10,23,168,4,,
2025048302,קשה,0,עירוני לא בצומת,1,עד 50,5 עד 7 מטר,אין ליקוי,בהיר,יבש,ראשון,לילה,יום רגיל,7,20,5000,5,,
2025048313,קלה,0,עירוני בצומת,1,עד 50,,אין ליקוי,בהיר,יבש,רביעי,יום,יום רגיל,6,9,7900,4,,
2025048315,קלה,0,לא עירוני לא בצומת,0,עד 50,5 עד 7 מטר,אין ליקוי,בהיר,יבש,שישי,יום,יום רגיל,8,18,0,1,,
2025048316,קשה,0,עירוני לא בצומת,1,לא ידוע,,לא ידוע,לא ידוע,לא ידוע,חמישי,יום,יום רגיל,11,8,5000,5,,
2025048322,קלה,0,עירוני בצומת,1,עד 50,7 עד 10.5 מטר,אין ליקוי,בהיר,יבש,שלישי,לילה,יום רגיל,4,22,7400,4,,
2025048327,קלה,0,עירוני בצומת,1,עד 50,5 עד 7 מטר,אין ליקוי,בהיר,יבש,רביעי,יום,יום רגיל,7,18,7700,2,,
2025048334,קלה,0,לא עירוני לא בצומת,0,100,10.5 עד 14 מטר,אין ליקוי,שרבי,יבש,שבת,לילה,יום רגיל,8,22,0,7,,
2025048352,קלה,0,לא עירוני לא בצומת,0,עד 50,5 עד 7 מטר,אין ליקוי,בהיר,יבש,חמישי,יום,יום רגיל,11,14,0,4,,
2025048370,קלה,0,עירוני בצומת,1,עד 50,5 עד 7 מטר,אין ליקוי,בהיר,יבש,ראשון,יום,יום רגיל,10,9,6900,4,,
2025048392,קלה,0,עירוני לא בצומת,1,עד 50,7 עד 10.5 מטר,אין ליקוי,בהיר,יבש,חמישי,לילה,יום רגיל,8,20,7400,4,,
2025048397,קלה,0,עירוני בצומת,1,עד 50,,אין ליקוי,בהיר,יבש,שלישי,יום,יום רגיל,8,8,7900,4,,
2025048398,קשה,0,לא עירוני לא בצומת,0,לא ידוע,,לא ידוע,לא ידוע,לא ידוע,חמישי,לילה,יום רגיל,9,6,0,6,,
2025048412,קשה,0,עירוני לא בצומת,1,לא ידוע,,לא ידוע,לא ידוע,לא ידוע,שני,יום,ערב חג,9,8,9000,6,,
2025048415,קלה,0,לא עירוני לא בצומת,0,לא ידוע,,לא ידוע,לא ידוע,לא ידוע,שבת,יום,חול המועד,10,14,0,2,,
2025048416,קשה,0,עירוני לא בצומת,1,לא ידוע,,לא ידוע,לא ידוע,לא ידוע,שני,לילה,יום רגיל,11,17,3000,1,,
2025048417,קשה,0,עירוני לא בצומת,1,לא ידוע,5 עד 7 מטר,אין ליקוי,בהיר,יבש,חמישי,יום,יום רגיל,1,15,7900,4,,
2025048431,קלה,0,עירוני בצומת,1,עד 50,7 עד 10.5 מטר,אין ליקוי,בהיר,יבש,ראשון,יום,יום רגיל,5,9,1031,6,,
2025048439,קשה,0,עירוני בצומת,1,עד 50,10.5 עד 14 מטר,אין ליקוי,בהיר,יבש,שני,לילה,ערב חג,9,19,70,6,,
2025048478,קשה,0,עירוני בצומת,1,עד 50,5 עד 7 מטר,אין ליקוי,בהיר,יבש,ראשון,לילה,יום רגיל,1,22,3000,1,,
2025048488,קלה,0,עירוני בצומת,1,עד 50,10.5 עד 14 מטר,אין ליקוי,בהיר,יבש,שבת,יום,יום רגיל,2,7,5000,5,,
2025048494,קלה,0,לא עירוני בצומת,0,90,10.5 עד 14 מטר,אין ליקוי,בהיר,יבש,חמישי,יום,יום רגיל,8,11,0,6,,
2025048554,קלה,0,לא עירוני לא בצומת,0,80,7 עד 10.5 מטר,אין ליקוי,בהיר,יבש,רביעי,יום,יום רגיל,6,16,0,7,,
2025048576,קלה,0,עירוני לא בצומת,1,עד 50,10.5 עד 14 מטר,אין ליקוי,בהיר,יבש,רביעי,יום,יום רגיל,10,14,2640,4,,
2025048580,קשה,0,לא עירוני לא בצומת,0,לא ידוע,,לא ידוע,לא ידוע,לא ידוע,חמישי,לילה,יום רגיל,5,22,0,2,,
2025048603,קשה,0,לא עירוני לא בצומת,0,לא ידוע,,לא ידוע,לא ידוע,לא ידוע,שבת,יום,יום רגיל,6,19,0,6,,
2025048611,קלה,0,לא עירוני לא בצומת,0,90,,אין ליקוי,בהיר,יבש,שלישי,יום,יום רגיל,8,16,0,3,,
2025048629,קלה,0,עירוני לא בצומת,1,עד 50,5 עד 7 מטר,אין ליקוי,בהיר,יבש,שני,יום,יום רגיל,3,15,9400,4,,
2025048632,קלה,0,עירוני בצומת,1,עד 50,7 עד 10.5 מטר,אין ליקוי,בהיר,יבש,ראשון,לילה,יום רגיל,12,16,2660,4,,
2025048645,קלה,0,לא עירוני בצומת,0,90,7 עד 10.5 מטר,אין ליקוי,גשום,רטוב ממים,חמישי,לילה,יום רגיל,2,1,0,6,,
2025048653,קשה,0,עירוני לא בצומת,1,לא ידוע,,לא ידוע,לא ידוע,לא ידוע,ראשון,לילה,יום רגיל,7,22,654,3,,
2025048686,קלה,0,עירוני בצומת,1,עד 50,7 עד 10.5 מטר,אין ליקוי,גשום,רטוב ממים,שישי,יום,יום רגיל,11,12,8200,3,,
2025048710,קלה,0,לא עירוני בצומת,0,90,7 עד 10.5 מטר,אין ליקוי,בהיר,יבש,חמישי,יום,יום רגיל,5,14,0,3,,
2025048713,קלה,0,לא עירוני בצומת,0,90,5 עד 7 מטר,אין ליקוי,בהיר,יבש,שישי,יום,יום רגיל,1,7,0,4,,
2025048740,קשה,0,לא עירוני לא בצומת,0,לא ידוע,,לא ידוע,לא ידוע,לא ידוע,שלישי,לילה,יום רגיל,3,1,0,3,,
2025048752,קשה,0,עירוני לא בצומת,1,לא ידוע,,לא ידוע,לא ידוע,לא ידוע,שני,יום,יום רגיל,12,8,874,2,,
2025048755,קלה,0,עירוני בצומת,1,עד 50,5 עד 7 מטר,אין ליקוי,בהיר,יבש,שישי,יום,יום רגיל,3,11,5000,5,,
2025048768,קלה,0,עירוני לא בצומת,1,60,5 עד 7 מטר,אין ליקוי,בהיר,יבש,שלישי,לילה,יום רגיל,1,16,3000,1,,
2025048773,קשה,0,עירוני לא בצומת,1,עד 50,5 עד 7 מטר,אין ליקוי,בהיר,יבש,שני,יום,ערב חג,10,9,246,6,,
2025048774,קלה,0,עירוני בצומת,1,עד 50,7 עד 10.5 מטר,אין ליקוי,גשום,רטוב ממים,שני,לילה,יום רגיל,12,17,7400,4,,
2025048779,קשה,0,עירוני לא בצומת,1,לא ידוע,,לא ידוע,לא ידוע,לא ידוע,שבת,יום,חג,4,11,5000,5,,
2025048784,קלה,0,עירוני לא בצומת,1,עד 50,,אין ליקוי,בהיר,יבש,שישי,יום,יום רגיל,5,10,6500,3,,
2025048814,קשה,0,לא עירוני לא בצומת,0,90,7 עד 10.5 מטר,אין ליקוי,בהיר,יבש,שני,לילה,יום רגיל,9,19,0,1,,
2025048821,קלה,0,עירוני בצומת,1,עד 50,7 עד 10.5 מטר,אין ליקוי,בהיר,יבש,חמישי,יום,יום רגיל,4,15,8700,4,,
2025048827,קלה,0,לא עירוני לא בצומת,0,80,,אין ליקוי,בהיר,יבש,שבת,יום,יום רגיל,5,15,0,3,,
2025048833,קשה,0,עירוני לא בצומת,1,לא ידוע,,לא ידוע,לא ידוע,לא ידוע,שבת,לילה,יום רגיל,3,17,1200,4,,
2025048846,קשה,0,לא עירוני לא בצומת,0,80,5 עד 7 מטר,אין ליקוי,בהיר,יבש,חמישי,יום,יום רגיל,6,19,0,7,,
2025048847,קלה,0,עירוני בצומת,1,עד 50,7 עד 10.5 מטר,אין ליקוי,בהיר,יבש,שישי,לילה,יום רגיל,11,1,5000,5,,
2025048850,קשה,0,עירוני בצומת,1,לא ידוע,,לא ידוע,לא ידוע,לא ידוע,שבת,לילה,יום רגיל,12,23,6100,5,,
2025048864,קטלנית,1,לא עירוני בצומת,0,90,10.5 עד 14 מטר,אין ליקוי,שרבי,יבש,רביעי,לילה,יום רגיל,8,19,0,3,,
2025048871,קשה,0,עירוני לא בצומת,1,עד 50,7 עד 10.5 מטר,אין ליקוי,בהיר,יבש,רביעי,יום,יום רגיל,5,8,4000,3,,
2025048899,קלה,0,עירוני בצומת,1,לא ידוע,,לא ידוע,לא ידוע,לא ידוע,שישי,לילה,יום רגיל,8,23,8600,5,,
2025048901,קלה,0,עירוני בצומת,1,60,7 עד 10.5 מטר,אין ליקוי,בהיר,יבש,שבת,לילה,יום רגיל,7,22,9000,6,,
2025048902,קלה,0,לא עירוני בצומת,0,עד 50,10.5 עד 14 מטר,אין ליקוי,בהיר,יבש,שלישי,לילה,יום רגיל,5,22,0,4,,
2025048903,קלה,0,עירוני לא בצומת,1,לא ידוע,,לא ידוע,לא ידוע,לא ידוע,שלישי,לילה,יום רגיל,10,20,6600,5,,
2025048908,קלה,0,עירוני בצומת,1,עד 50,10.5 עד 14 מטר,אין ליקוי,בהיר,יבש,רביעי,לילה,יום רגיל,11,18,6600,5,,
2025048910,קלה,0,עירוני בצומת,1,עד 50,10.5 עד 14 מטר,אין ליקוי,בהיר,יבש,ראשון,יום,יום רגיל,8,9,6600,5,,
2025048911,קלה,0,עירוני בצומת,1,עד 50,5 עד 7 מטר,אין ליקוי,בהיר,יבש,שלישי,יום,יום רגיל,7,9,9000,6,,
2025048917,קשה,0,לא עירוני לא בצומת,0,לא ידוע,,לא ידוע,לא ידוע,לא ידוע,שבת,לילה,יום רגיל,11,18,0,4,,
2025048931,קלה,0,לא עירוני בצומת,0,עד 50,5 עד 7 מטר,אין ליקוי,בהיר,יבש,רביעי,יום,יום רגיל,3,12,0,2,,
2025048934,קטלנית,1,לא עירוני לא בצומת,0,80,יותר מ-14 מטר,אין ליקוי,בהיר,יבש,שני,יום,יום רגיל,4,16,0,2,,
2025048941,קלה,0,עירוני בצומת,1,עד 50,יותר מ-14 מטר,אין ליקוי,בהיר,יבש,שלישי,יום,יום רגיל,8,15,4000,3,,
2025048950,קשה,0,עירוני בצומת,1,עד 50,7 עד 10.5 מטר,אין ליקוי,בהיר,יבש,שישי,יום,יום רגיל,10,13,6600,5,,
2025049010,קשה,0,עירוני בצומת,1,עד 50,7 עד 10.5 מטר,אין ליקוי,בהיר,יבש,רביעי,יום,חול המועד,4,6,70,6,,
2025049012,קלה,0,לא עירוני בצומת,0,80,יותר מ-14 מטר,אין ליקוי,בהיר,יבש,ראשון,לילה,יום רגיל,9,23,0,2,,
2025049015,קלה,0,עירוני לא בצומת,1,עד 50,יותר מ-14 מטר,אין ליקוי,בהיר,יבש,ראשון,יום,יום רגיל,5,8,2630,6,,
2025049019,קשה,0,עירוני בצומת,1,עד 50,10.5 עד 14 מטר,אין ליקוי,בהיר,יבש,חמישי,יום,יום רגיל,6,9,7900,4,,
2025049034,קלה,0,לא עירוני בצומת,0,עד 50,,אין ליקוי,בהיר,יבש,ראשון,לילה,יום רגיל,2,19,0,4,,
2025049037,קלה,0,לא עירוני בצומת,0,עד 50,,אין ליקוי,בהיר,יבש,חמישי,לילה,יום רגיל,4,21,0,5,,
2025049052,קלה,0,עירוני לא בצומת,1,לא ידוע,,לא ידוע,לא ידוע,לא ידוע,שישי,יום,יום רגיל,11,14,5000,5,,
2025049069,קלה,0,עירוני לא בצומת,1,עד 50,7 עד 10.5 מטר,אין ליקוי,בהיר,יבש,שלישי,יום,יום רגיל,5,15,6200,5,,
2025049082,קלה,0,לא עירוני לא בצומת,0,80,7 עד 10.5 מטר,לא ידוע,בהיר,יבש,שישי,לילה,יום רגיל,9,4,0,2,,
2025049085,קטלנית,1,לא עירוני בצומת,0,90,10.5 עד 14 מטר,אין ליקוי,בהיר,יבש,שבת,לילה,יום רגיל,6,1,0,6,,
2025049108,קלה,0,עירוני לא בצומת,1,לא ידוע,,לא ידוע,לא ידוע,לא ידוע,ראשון,לילה,יום רגיל,11,17,5000,5,,
2025049115,קשה,0,לא עירוני לא בצומת,0,80,5 עד 7 מטר,אין ליקוי,בהיר,יבש,ראשון,יום,יום רגיל,9,16,0,6,,
2025049121,קלה,0,עירוני בצומת,1,עד 50,,לא ידוע,בהיר,יבש,שישי,יום,יום רגיל,6,14,7900,4,,
2025049122,קלה,0,לא עירוני בצומת,0,עד 50,10.5 עד 14 מטר,אין ליקוי,בהיר,יבש,שלישי,יום,יום רגיל,4,12,0,4,,
2025049148,קלה,0,עירוני בצומת,1,עד 50,,אין ליקוי,לא ידוע,יבש,רביעי,לילה,יום רגיל,7,23,5000,5,,
2025049172,קלה,0,לא עירוני לא בצומת,0,70,7 עד 10.5 מטר,אין ליקוי,בהיר,יבש,חמישי,לילה,יום רגיל,12,17,0,6,,
2025049179,קלה,0,עירוני לא בצומת,1,עד 50,5 עד 7 מטר,אין ליקוי,בהיר,יבש,שני,יום,יום רגיל,6,19,8600,5,,
2025049188,קשה,0,עירוני לא בצומת,1,עד 50,,אין ליקוי,לא ידוע,אחר,רביעי,יום,יום רגיל,4,9,804,4,,
2025049191,קלה,0,לא עירוני בצומת,0,70,10.5 עד 14 מטר,אין ליקוי,בהיר,יבש,שני,לילה,יום רגיל,1,21,0,3,,
2025049201,קלה,0,לא עירוני בצומת,0,עד 50,7 עד 10.5 מטר,אין ליקוי,בהיר,יבש,שישי,יום,יום רגיל,8,18,0,3,,
2025049210,קלה,0,עירוני בצומת,1,110,5 עד 7 מטר,כביש משובש,לא ידוע,יבש,שני,יום,יום רגיל,10,16,3000,1,,
2025049215,קלה,0,עירוני בצומת,1,עד 50,5 עד 7 מטר,אין ליקוי,בהיר,יבש,שישי,יום,יום רגיל,12,15,8700,4,,
2025049216,קלה,0,לא עירוני בצומת,0,לא ידוע,,לא ידוע,לא ידוע,לא ידוע,שלישי,יום,יום רגיל,10,7,0,4,,
2025049231,קלה,0,עירוני בצומת,1,עד 50,5 עד 7 מטר,אין ליקוי,לא ידוע,יבש,שני,יום,יום רגיל,8,9,7100,6,,
2025049253,קלה,0,עירוני בצומת,1,70,5 עד 7 מטר,אין ליקוי,בהיר,יבש,שישי,יום,יום רגיל,7,7,5000,5,,
2025049254,קלה,0,עירוני בצומת,1,לא ידוע,10.5 עד 14 מטר,אין ליקוי,גשום,רטוב ממים,חמישי,לילה,יום רגיל,12,17,7600,2,,
2025049269,קלה,0,עירוני לא בצומת,1,עד 50,5 עד 7 מטר,אין ליקוי,בהיר,יבש,ראשון,יום,יום רגיל,7,14,5000,5,,
2025049271,קלה,0,עירוני לא בצומת,1,60,10.5 עד 14 מטר,אין ליקוי,בהיר,רטוב ממים,ראשון,יום,יום רגיל,8,16,4000,3,,
2025049272,קלה,0,עירוני בצומת,1,לא ידוע,5 עד 7 מטר,אין ליקוי,בהיר,יבש,שלישי,לילה,יום רגיל,5,0,5000,5,,
2025049302,קשה,0,עירוני בצומת,1,עד 50,יותר מ-14 מטר,אין ליקוי,בהיר,יבש,ראשון,יום,יום רגיל,3,13,7900,4,,
2025049314,קלה,0,עירוני בצומת,1,70,7 עד 10.5 מטר,אין ליקוי,בהיר,יבש,חמישי,יום,יום רגיל,5,17,2560,6,,
2025049331,קלה,0,עירוני לא בצומת,1,60,5 עד 7 מטר,כביש משובש,בהיר,אחר,שבת,יום,ערב חג,4,16,369,2,,
2025049332,קלה,0,לא עירוני לא בצומת,0,70,7 עד 10.5 מטר,אין ליקוי,בהיר,יבש,שישי,לילה,יום רגיל,7,1,0,1,,
2025049334,קלה,0,לא עירוני בצומת,0,עד 50,7 עד 10.5 מטר,אין ליקוי,בהיר,יבש,שני,יום,יום רגיל,7,12,0,3,,
2025049374,קשה,0,עירוני בצומת,1,עד 50,7 עד 10.5 מטר,אין ליקוי,בהיר,יבש,רביעי,יום,יום רגיל,10,7,8300,4,,
2025049382,קלה,0,לא עירוני בצומת,0,עד 50,יותר מ-14 מטר,אין ליקוי,בהיר,יבש,חמישי,יום,יום רגיל,1,15,0,3,,
2025049392,קלה,0,עירוני לא בצומת,1,100,10.5 עד 14 מטר,אין ליקוי,לא ידוע,יבש,חמישי,יום,יום רגיל,3,6,3000,1,,
2025049395,קשה,0,לא עירוני לא בצומת,0,90,7 עד 10.5 מטר,לא ידוע,בהיר,יבש,שלישי,יום,יום רגיל,12,15,0,6,,
2025049409,קלה,0,לא עירוני בצומת,0,80,10.5 עד 14 מטר,אין ליקוי,בהיר,יבש,רביעי,לילה,יום רגיל,6,20,0,4,,
2025049411,קשה,0,עירוני בצומת,1,עד 50,,אין ליקוי,בהיר,יבש,שני,יום,חול המועד,4,9,5000,5,,
2025049448,קלה,0,עירוני לא בצומת,1,עד 50,,אין ליקוי,בהיר,יבש,רביעי,יום,חול המועד,4,10,5000,5,,
2025049473,קשה,0,עירוני לא בצומת,1,עד 50,10.5 עד 14 מטר,אין ליקוי,בהיר,יבש,שני,יום,יום רגיל,7,12,5000,5,,
2025049476,קלה,0,עירוני לא בצומת,1,עד 50,5 עד 7 מטר,אין ליקוי,בהיר,יבש,ראשון,לילה,יום רגיל,4,2,5000,5,,
2025049478,קלה,0,לא עירוני בצומת,0,80,,אין ליקוי,בהיר,יבש,שישי,יום,יום רגיל,8,8,0,7,,
2025049481,קלה,0,עירוני לא בצומת,1,עד 50,10.5 עד 14 מטר,אין ליקוי,בהיר,יבש,שלישי,לילה,יום רגיל,11,19,5000,5,,
2025049508,קשה,0,עירוני לא בצומת,1,לא ידוע,,לא ידוע,לא ידוע,לא ידוע,ראשון,יום,יום רגיל,8,13,4000,3,,
2025049516,קלה,0,לא עירוני בצומת,0,90,7 עד 10.5 מטר,אין ליקוי,בהיר,יבש,שני,יום,יום רגיל,9,18,0,4,,
2025049520,קשה,0,עירוני בצומת,1,עד 50,5 עד 7 מטר,אין ליקוי,בהיר,יבש,חמישי,לילה,יום רגיל,7,19,874,2,,
2025049524,קלה,0,לא עירוני לא בצומת,0,90,,אין ליקוי,בהיר,יבש,שני,יום,יום רגיל,3,6,0,4,,
2025049529,קלה,0,עירוני בצומת,1,עד 50,5 עד 7 מטר,אין ליקוי,בהיר,יבש,ראשון,לילה,יום רגיל,11,18,171,4,,
2025049533,קלה,0,לא עירוני לא בצומת,0,90,7 עד 10.5 מטר,אין ליקוי,בהיר,יבש,חמישי,יום,יום רגיל,6,7,0,6,,
2025049546,קלה,0,עירוני בצומת,1,עד 50,,אין ליקוי,בהיר,יבש,שישי,יום,יום רגיל,3,12,6100,5,,
2025049551,קשה,0,עירוני לא בצומת,1,לא ידוע,,לא ידוע,לא ידוע,לא ידוע,שלישי,יום,חג,9,17,1295,2,,
2025049558,קלה,0,לא עירוני לא בצומת,0,70,7 עד 10.5 מטר,אין ליקוי,בהיר,יבש,שני,יום,יום רגיל,3,7,0,3,,
2025049560,קלה,0,עירוני בצומת,1,לא ידוע,,לא ידוע,לא ידוע,לא ידוע,חמישי,יום,יום רגיל,8,18,5000,5,,
2025049564,קלה,0,עירוני בצומת,1,עד 50,7 עד 10.5 מטר,אין ליקוי,בהיר,יבש,רביעי,יום,יום רגיל,1,16,9000,6,,
2025049568,קטלנית,1,עירוני לא בצומת,1,עד 50,7 עד 10.5 מטר,אין ליקוי,בהיר,יבש,שני,יום,יום רגיל,6,19,1031,6,,
2025049569,קלה,0,עירוני לא בצומת,1,עד 50,7 עד 10.5 מטר,אין ליקוי,בהיר,יבש,שלישי,יום,יום רגיל,4,14,7900,4,,
2025049584,קשה,0,לא עירוני לא בצומת,0,80,10.5 עד 14 מטר,אין ליקוי,בהיר,יבש,שני,לילה,יום רגיל,4,2,0,1,,
2025049586,קלה,0,עירוני בצומת,1,60,10.5 עד 14 מטר,אין ליקוי,בהיר,יבש,חמישי,לילה,יום רגיל,9,19,8400,4,,
2025049600,קלה,0,עירוני בצומת,1,עד 50,10.5 עד 14 מטר,אין ליקוי,בהיר,יבש,רביעי,יום,חול המועד,10,15,9700,4,,
2025049631,קלה,0,עירוני בצומת,1,עד 50,10.5 עד 14 מטר,אין ליקוי,בהיר,יבש,ראשון,יום,יום רגיל,4,14,4000,3,,
2025049640,קלה,0,עירוני לא בצומת,1,עד 50,5 עד 7 מטר,אין ליקוי,בהיר,יבש,ראשון,יום,יום רגיל,12,14,6900,4,,
2025049659,קלה,0,לא עירוני לא בצומת,0,90,7 עד 10.5 מטר,אין ליקוי,בהיר,יבש,שבת,יום,יום רגיל,3,11,0,6,,
2025049684,קלה,0,עירוני בצומת,1,עד 50,7 עד 10.5 מטר,אין ליקוי,בהיר,יבש,שבת,יום,יום רגיל,4,9,3000,1,,
2025049687,קלה,0,לא עירוני בצומת,0,עד 50,7 עד 10.5 מטר,אין ליקוי,בהיר,יבש,שבת,יום,יום רגיל,8,15,0,3,,
2025049690,קלה,0,עירוני לא בצומת,1,עד 50,7 עד 10.5 מטר,לא ידוע,בהיר,יבש,חמישי,יום,יום רגיל,5,16,7600,2,,
2025049718,קלה,0,עירוני לא בצומת,1,עד 50,5 עד 7 מטר,אין ליקוי,בהיר,יבש,חמישי,לילה,יום רגיל,2,1,9000,6,,
2025049749,קשה,0,עירוני לא בצומת,1,לא ידוע,,לא ידוע,לא ידוע,לא ידוע,חמישי,יום,יום רגיל,5,8,6400,5,,
2025049751,קלה,0,עירוני לא בצומת,1,לא ידוע,,לא ידוע,לא ידוע,לא ידוע,שני,יום,יום רגיל,11,7,3750,7,,
2025049771,קטלנית,1,לא עירוני לא בצומת,0,80,7 עד 10.5 מטר,אין ליקוי,בהיר,יבש,ראשון,יום,יום רגיל,9,16,0,4,,
2025049780,קלה,0,עירוני לא בצומת,1,עד 50,10.5 עד 14 מטר,אין ליקוי,בהיר,יבש,ראשון,לילה,יום רגיל,12,18,8600,5,,
2025049790,קשה,0,עירוני לא בצומת,1,לא ידוע,,לא ידוע,לא ידוע,לא ידוע,שלישי,לילה,יום רגיל,8,23,4201,2,,
2025049803,קלה,0,עירוני בצומת,1,עד 50,5 עד 7 מטר,אין ליקוי,בהיר,יבש,שבת,יום,יום רגיל,9,17,2300,3,,
2025049818,קלה,0,לא עירוני בצומת,0,עד 50,7 עד 10.5 מטר,אין ליקוי,בהיר,יבש,ראשון,לילה,יום רגיל,8,23,0,5,,
2025049821,קלה,0,עירוני בצומת,1,עד 50,7 עד 10.5 מטר,אין ליקוי,בהיר,יבש,שלישי,יום,יום רגיל,3,15,7400,4,,
2025049823,קטלנית,1,לא עירוני בצומת,0,70,7 עד 10.5 מטר,אין ליקוי,בהיר,יבש,שני,לילה,יום רגיל,1,19,0,3,,
2025049835,קשה,0,עירוני לא בצומת,1,עד 50,5 עד 7 מטר,אין ליקוי,בהיר,יבש,שני,יום,יום רגיל,5,9,5000,5,,
2025049836,קלה,0,עירוני לא בצומת,1,עד 50,7 עד 10.5 מטר,אין ליקוי,בהיר,יבש,שישי,יום,יום רגיל,12,16,2400,5,,
2025049867,קטלנית,1,עירוני לא בצומת,1,עד 50,5 עד 7 מטר,אין ליקוי,לא ידוע,יבש,שני,לילה,חול המועד,4,21,4000,3,,
2025049900,קשה,0,לא עירוני בצומת,0,לא ידוע,,לא ידוע,לא ידוע,לא ידוע,שישי,יום,יום רגיל,3,6,0,2,,
2025049925,קלה,0,עירוני לא בצומת,1,עד 50,5 עד 7 מטר,אין ליקוי,בהיר,יבש,ראשון,לילה,יום רגיל,1,18,6800,3,,
2025049930,קטלנית,1,לא עירוני לא בצומת,0,90,10.5 עד 14 מטר,אין ליקוי,בהיר,יבש,שישי,לילה,יום רגיל,2,1,0,4,,
2025049970,קלה,0,לא עירוני בצומת,0,עד 50,7 עד 10.5 מטר,אין ליקוי,בהיר,יבש,רביעי,יום,יום רגיל,8,16,0,2,,
2025049998,קלה,0,עירוני בצומת,1,עד 50,עד 5 מטר,אין ליקוי,בהיר,יבש,חמישי,לילה,יום רגיל,8,20,9000,6,,
2025050101,קלה,0,לא עירוני בצומת,0,80,,לא ידוע,בהיר,יבש,רביעי,לילה,יום רגיל,6,19,0,7,,
2025050103,קלה,0,לא עירוני לא בצומת,0,80,7 עד 10.5 מטר,אין ליקוי,בהיר,יבש,שבת,יום,חג,4,17,0,2,,
2025050121,קלה,0,לא עירוני לא בצומת,0,90,יותר מ-14 מטר,אין ליקוי,בהיר,יבש,שבת,יום,יום רגיל,7,16,0,6,,
2025050128,קלה,0,לא עירוני בצומת,0,לא ידוע,,לא ידוע,לא ידוע,לא ידוע,שבת,לילה,יום רגיל,10,20,0,6,,
2025050130,קלה,0,עירוני בצומת,1,עד 50,7 עד 10.5 מטר,אין ליקוי,בהיר,יבש,שני,יום,יום רגיל,5,16,8700,4,,
2025050143,קשה,0,עירוני בצומת,1,עד 50,5 עד 7 מטר,אין ליקוי,בהיר,יבש,ראשון,יום,יום רגיל,4,18,6300,5,,
2025050144,קלה,0,עירוני לא בצומת,1,עד 50,5 עד 7 מטר,אין ליקוי,לא ידוע,יבש,רביעי,יום,יום רגיל,8,8,4000,3,,
2025050158,קלה,0,עירוני לא בצומת,1,עד 50,10.5 עד 14 מטר,אין ליקוי,בהיר,יבש,רביעי,יום,יום רגיל,1,8,8600,5,,
2025050185,קלה,0,עירוני בצומת,1,עד 50,5 עד 7 מטר,אין ליקוי,בהיר,יבש,ראשון,יום,יום רגיל,8,17,7100,6,,
2025050189,קלה,0,עירוני בצומת,1,עד 50,7 עד 10.5 מטר,אין ליקוי,בהיר,יבש,חמישי,לילה,יום רגיל,9,23,4000,3,,
2025050192,קלה,0,עירוני בצומת,1,עד 50,עד 5 מטר,אין ליקוי,בהיר,יבש,רביעי,יום,יום רגיל,8,8,7600,2,,
2025050251,קלה,0,עירוני בצומת,1,עד 50,,אין ליקוי,בהיר,יבש,ראשון,לילה,יום רגיל,10,19,3616,7,,
2025050257,קלה,0,לא עירוני לא בצומת,0,80,7 עד 10.5 מטר,אין ליקוי,בהיר,יבש,שבת,יום,יום רגיל,10,11,0,2,,
2025050261,קלה,0,עירוני לא בצומת,1,80,7 עד 10.5 מטר,אין ליקוי,בהיר,יבש,ראשון,לילה,יום רגיל,3,3,3000,1,,
2025050263,קלה,0,עירוני בצומת,1,עד 50,5 עד 7 מטר,אין ליקוי,בהיר,יבש,חמישי,יום,יום רגיל,8,16,4000,3,,
2025050266,קלה,0,לא עירוני בצומת,0,90,,אין ליקוי,בהיר,יבש,שבת,יום,יום רגיל,8,16,0,6,,
2025050289,קשה,0,עירוני לא בצומת,1,עד 50,5 עד 7 מטר,אין ליקוי,בהיר,יבש,שישי,לילה,יום רגיל,9,19,6500,3,,
2025050297,קלה,0,עירוני בצומת,1,עד 50,10.5 עד 14 מטר,אין ליקוי,בהיר,יבש,שני,יום,יום רגיל,12,10,8400,4,,
2025050301,קשה,0,לא עירוני לא בצומת,0,לא ידוע,,לא ידוע,לא ידוע,לא ידוע,ראשון,לילה,יום רגיל,11,16,0,5,,
2025050306,קלה,0,עירוני לא בצומת,1,לא ידוע,,לא ידוע,לא ידוע,לא ידוע,שבת,לילה,יום רגיל,9,20,8600,5,,
2025050309,קלה,0,עירוני בצומת,1,עד 50,5 עד 7 מטר,אין ליקוי,בהיר,יבש,ראשון,יום,יום רגיל,11,8,70,6,,
2025050334,קלה,0,לא עירוני בצומת,0,עד 50,יותר מ-14 מטר,אין ליקוי,בהיר,יבש,ראשון,יום,יום רגיל,3,13,0,3,,
2025050346,קלה,0,עירוני בצומת,1,עד 50,10.5 עד 14 מטר,אין ליקוי,בהיר,יבש,רביעי,יום,יום רגיל,6,9,8600,5,,
2025050349,קשה,0,עירוני לא בצומת,1,לא ידוע,,לא ידוע,לא ידוע,לא ידוע,שלישי,לילה,יום רגיל,3,23,6200,5,,
2025050357,קלה,0,לא עירוני לא בצומת,0,90,7 עד 10.5 מטר,אין ליקוי,בהיר,יבש,רביעי,לילה,יום רגיל,3,22,0,4,,
2025050360,קשה,0,עירוני לא בצומת,1,לא ידוע,,לא ידוע,לא ידוע,לא ידוע,רביעי,יום,יום רגיל,9,14,70,6,,
2025050365,קשה,0,עירוני לא בצומת,1,עד 50,5 עד 7 מטר,אין ליקוי,לא ידוע,לא ידוע,חמישי,לילה,חול המועד,10,19,2730,4,,
2025050376,קשה,0,עירוני לא בצומת,1,לא ידוע,,לא ידוע,לא ידוע,לא ידוע,שלישי,לילה,יום רגיל,6,22,195,4,,
2025050398,קשה,0,לא עירוני לא בצומת,0,60,5 עד 7 מטר,אין ליקוי,בהיר,יבש,ראשון,יום,יום רגיל,12,8,0,4,,
2025050415,קלה,0,עירוני בצומת,1,עד 50,7 עד 10.5 מטר,אין ליקוי,בהיר,יבש,ראשון,יום,יום רגיל,8,7,8300,4,,
2025050422,קלה,0,עירוני בצומת,1,עד 50,7 עד 10.5 מטר,אין ליקוי,בהיר,יבש,רביעי,יום,יום רגיל,9,16,5000,5,,
2025050428,קשה,0,עירוני לא בצומת,1,לא ידוע,,לא ידוע,לא ידוע,לא ידוע,שני,יום,יום רגיל,7,7,2720,4,,
2025050443,קשה,0,עירוני לא בצומת,1,לא ידוע,,לא ידוע,לא ידוע,לא ידוע,שלישי,לילה,יום רגיל,6,5,9000,6,,
2025050444,קשה,0,עירוני בצומת,1,לא ידוע,,לא ידוע,לא ידוע,לא ידוע,ראשון,יום,יום רגיל,7,11,2640,4,,
2025050474,קלה,0,לא עירוני לא בצומת,0,80,7 עד 10.5 מטר,אין ליקוי,בהיר,יבש,שבת,יום,יום רגיל,9,12,0,3,,
2025050497,קלה,0,עירוני לא בצומת,1,עד 50,5 עד 7 מטר,אין ליקוי,בהיר,יבש,שבת,יום,יום רגיל,2,13,9700,4,,
2025050520,קשה,0,לא עירוני לא בצומת,0,60,7 עד 10.5 מטר,אין ליקוי,בהיר,יבש,שני,לילה,יום רגיל,1,17,0,3,,
2025050523,קלה,0,עירוני לא בצומת,1,לא ידוע,,לא ידוע,בהיר,יבש,שני,יום,יום רגיל,8,17,5000,5,,
2025050552,קלה,0,עירוני לא בצומת,1,לא ידוע,,לא ידוע,לא ידוע,לא ידוע,ראשון,לילה,יום רגיל,11,17,6300,5,,
2025050560,קלה,0,עירוני לא בצומת,1,עד 50,5 עד 7 מטר,אין ליקוי,בהיר,יבש,שני,יום,יום רגיל,6,8,8400,4,,
2025050569,קשה,0,עירוני לא בצומת,1,עד 50,10.5 עד 14 מטר,אין ליקוי,בהיר,יבש,שני,לילה,יום רגיל,6,22,7000,4,,
2025050604,קלה,0,עירוני בצומת,1,עד 50,5 עד 7 מטר,אין ליקוי,בהיר,יבש,ראשון,לילה,יום רגיל,4,20,7400,4,,
2025050615,קשה,0,עירוני לא בצומת,1,לא ידוע,,לא ידוע,לא ידוע,לא ידוע,שישי,יום,יום רגיל,7,11,5000,5,,
2025050625,קשה,0,עירוני בצומת,1,עד 50,5 עד 7 מטר,כביש משובש,בהיר,יבש,ראשון,יום,יום רגיל,3,6,5000,5,,
2025050638,קלה,0,עירוני בצומת,1,עד 50,10.5 עד 14 מטר,אין ליקוי,בהיר,יבש,שלישי,יום,יום רגיל,7,17,8400,4,,
2025050646,קלה,0,עירוני בצומת,1,עד 50,,אין ליקוי,בהיר,יבש,חמישי,יום,יום רגיל,7,7,3616,7,,
2025050654,קטלנית,1,לא עירוני לא בצומת,0,80,7 עד 10.5 מטר,אין ליקוי,בהיר,יבש,שני,יום,יום רגיל,2,15,0,2,,
2025050677,קלה,0,עירוני לא בצומת,1,עד 50,7 עד 10.5 מטר,אין ליקוי,בהיר,יבש,שלישי,יום,יום רגיל,1,13,3727,7,,
2025050689,קשה,0,לא עירוני לא בצומת,0,80,7 עד 10.5 מטר,אין ליקוי,גשום,רטוב ממים,שישי,יום,יום רגיל,2,10,0,7,,
2025050698,קלה,0,לא עירוני בצומת,0,90,,אין ליקוי,בהיר,יבש,שני,יום,יום רגיל,1,11,0,4,,
2025050726,קשה,0,לא עירוני לא בצומת,0,לא ידוע,,לא ידוע,לא ידוע,לא ידוע,רביעי,יום,יום רגיל,4,15,0,4,,
2025050742,קלה,0,עירוני לא בצומת,1,עד 50,5 עד 7 מטר,אין ליקוי,בהיר,יבש,שבת,לילה,ערב חג,4,0,7100,6,,
2025050748,קלה,0,עירוני לא בצומת,1,עד 50,7 עד 10.5 מטר,אין ליקוי,בהיר,יבש,חמישי,יום,יום רגיל,7,17,5000,5,,
2025050755,קשה,0,עירוני לא בצומת,1,עד 50,5 עד 7 מטר,אין ליקוי,בהיר,יבש,שלישי,יום,יום רגיל,12,16,6500,3,,
2025050762,קלה,0,עירוני לא בצומת,1,עד 50,5 עד 7 מטר,אין ליקוי,בהיר,יבש,ראשון,יום,יום רגיל,3,12,6900,4,,
2025050763,קשה,0,עירוני לא בצומת,1,עד 50,5 עד 7 מטר,אין ליקוי,בהיר,יבש,חמישי,יום,יום רגיל,5,9,6500,3,,
2025050812,קלה,0,לא עירוני לא בצומת,0,עד 50,,אין ליקוי,בהיר,יבש,ראשון,לילה,חול המועד,10,23,0,3,,
2025050832,קלה,0,עירוני לא בצומת,1,עד 50,5 עד 7 מטר,אין ליקוי,בהיר,יבש,רביעי,יום,יום רגיל,12,13,4000,3,,
2025050838,קלה,0,עירוני בצומת,1,עד 50,10.5 עד 14 מטר,אין ליקוי,אחר,יבש,שני,יום,יום רגיל,3,13,5000,5,,
2025050850,קלה,0,לא עירוני בצומת,0,לא ידוע,,לא ידוע,לא ידוע,לא ידוע,שישי,לילה,יום רגיל,9,3,0,5,,
2025050853,קלה,0,עירוני לא בצומת,1,עד 50,7 עד 10.5 מטר,אין ליקוי,בהיר,יבש,שישי,לילה,יום רגיל,2,2,2600,6,,
2025050860,קלה,0,עירוני בצומת,1,עד 50,10.5 עד 14 מטר,אין ליקוי,לא ידוע,יבש,רביעי,לילה,יום רגיל,2,18,7900,4,,
2025050862,קלה,0,עירוני בצומת,1,עד 50,10.5 עד 14 מטר,אין ליקוי,לא ידוע,יבש,ראשון,יום,יום רגיל,2,10,9000,6,,
2025050864,קלה,0,לא עירוני בצומת,0,90,7 עד 10.5 מטר,אין ליקוי,לא ידוע,יבש,שלישי,לילה,יום רגיל,12,5,0,3,,
2025050871,קלה,0,עירוני בצומת,1,לא ידוע,,לא ידוע,לא ידוע,לא ידוע,שישי,יום,יום רגיל,4,13,6100,5,,
2025050874,קלה,0,עירוני בצומת,1,עד 50,5 עד 7 מטר,אין ליקוי,בהיר,יבש,שלישי,לילה,יום רגיל,8,20,874,2,,
2025050881,קלה,0,עירוני בצומת,1,עד 50,5 עד 7 מטר,אין ליקוי,בהיר,יבש,שלישי,לילה,יום רגיל,2,17,7100,6,,
2025050886,קשה,0,עירוני לא בצומת,1,לא ידוע,,לא ידוע,לא ידוע,לא ידוע,שישי,יום,יום רגיל,11,10,742,1,,
2025050900,קשה,0,עירוני לא בצומת,1,לא ידוע,,לא ידוע,לא ידוע,לא ידוע,שבת,לילה,יום רגיל,1,20,8600,5,,
2025050927,קלה,0,עירוני בצומת,1,עד 50,5 עד 7 מטר,אין ליקוי,בהיר,יבש,חמישי,לילה,יום רגיל,1,23,6100,5,,
2025050932,קלה,0,לא עירוני בצומת,0,90,7 עד 10.5 מטר,אין ליקוי,בהיר,יבש,שישי,לילה,יום רגיל,7,0,0,6,,
2025050963,קלה,0,עירוני לא בצומת,1,עד 50,7 עד 10.5 מטר,אין ליקוי,בהיר,יבש,ראשון,יום,יום רגיל,6,11,3000,1,,
2025050975,קלה,0,לא עירוני לא בצומת,0,90,,אין ליקוי,בהיר,יבש,רביעי,לילה,יום רגיל,7,22,0,3,,
2025050978,קשה,0,לא עירוני לא בצומת,0,לא ידוע,,לא ידוע,לא ידוע,לא ידוע,שלישי,לילה,יום רגיל,6,22,0,5,,
2025050990,קשה,0,עירוני לא בצומת,1,לא ידוע,,לא ידוע,לא ידוע,לא ידוע,שבת,לילה,יום רגיל,7,20,1326,3,,
2025050993,קלה,0,עירוני לא בצומת,1,עד 50,5 עד 7 מטר,אין ליקוי,בהיר,יבש,ראשון,לילה,יום רגיל,4,2,3000,1,,
2025051021,קלה,0,לא עירוני בצומת,0,70,10.5 עד 14 מטר,אין ליקוי,בהיר,יבש,שישי,יום,חג,3,17,0,3,,
2025051027,קלה,0,לא עירוני לא בצומת,0,לא ידוע,,לא ידוע,לא ידוע,לא ידוע,שבת,יום,יום רגיל,8,17,0,6,,
2025051041,קטלנית,1,עירוני בצומת,1,עד 50,10.5 עד 14 מטר,אין ליקוי,בהיר,יבש,חמישי,יום,יום רגיל,4,10,9600,3,,
2025051073,קלה,0,לא עירוני בצומת,0,90,10.5 עד 14 מטר,אין ליקוי,בהיר,יבש,שבת,לילה,יום רגיל,12,23,0,6,,
2025051117,קלה,0,עירוני לא בצומת,1,עד 50,5 עד 7 מטר,אין ליקוי,בהיר,יבש,רביעי,יום,יום רגיל,3,9,6300,5,,
2025051124,קלה,0,עירוני לא בצומת,1,עד 50,5 עד 7 מטר,אין ליקוי,בהיר,יבש,רביעי,יום,יום רגיל,7,17,6200,5,,
2025051127,קשה,0,עירוני לא בצומת,1,לא ידוע,,לא ידוע,לא ידוע,לא ידוע,שני,לילה,יום רגיל,11,17,8400,4,,
2025051130,קשה,0,לא עירוני לא בצומת,0,90,5 עד 7 מטר,אין ליקוי,גשום,רטוב ממים,שבת,לילה,יום רגיל,2,22,0,6,,
2025051135,קלה,0,עירוני בצומת,1,עד 50,עד 5 מטר,אין ליקוי,בהיר,יבש,שני,יום,יום רגיל,9,7,7900,4,,
2025051144,קלה,0,עירוני לא בצומת,1,עד 50,5 עד 7 מטר,אין ליקוי,בהיר,יבש,שני,יום,יום רגיל,1,7,4000,3,,
2025051145,קלה,0,עירוני בצומת,1,עד 50,5 עד 7 מטר,אין ליקוי,בהיר,יבש,חמישי,יום,יום רגיל,9,13,6400,5,,
2025051183,קשה,0,לא עירוני לא בצומת,0,60,7 עד 10.5 מטר,אין ליקוי,בהיר,יבש,שלישי,יום,יום רגיל,7,6,0,4,,
2025051187,קשה,0,עירוני בצומת,1,עד 50,,אין ליקוי,בהיר,יבש,שני,לילה,חול המועד,4,21,5000,5,,
2025051188,קלה,0,לא עירוני בצומת,0,עד 50,7 עד 10.5 מטר,אין ליקוי,גשום,רטוב ממים,רביעי,יום,יום רגיל,2,15,0,3,,
2025051191,קשה,0,לא עירוני בצומת,0,עד 50,5 עד 7 מטר,אין ליקוי,בהיר,יבש,שבת,יום,יום רגיל,1,14,0,6,,
2025051214,קשה,0,עירוני לא בצומת,1,לא ידוע,,לא ידוע,לא ידוע,לא ידוע,שבת,יום,יום רגיל,5,18,7000,4,,
2025051253,קלה,0,לא עירוני לא בצומת,0,80,10.5 עד 14 מטר,אין ליקוי,בהיר,יבש,שני,יום,יום רגיל,3,12,0,2,,
2025051255,קשה,0,לא עירוני לא בצומת,0,80,7 עד 10.5 מטר,אין ליקוי,בהיר,יבש,שני,לילה,ערב חג,10,6,0,2,,
2025051267,קלה,0,לא עירוני בצומת,0,80,10.5 עד 14 מטר,אין ליקוי,בהיר,יבש,שלישי,יום,יום רגיל,8,17,0,2,,
2025051275,קלה,0,לא עירוני בצומת,0,70,יותר מ-14 מטר,אין ליקוי,בהיר,יבש,שלישי,יום,יום רגיל,6,16,0,4,,
2025051282,קטלנית,1,עירוני לא בצומת,1,,עד 5 מטר,אין ליקוי,בהיר,אחר,שני,לילה,יום רגיל,5,0,7600,2,,
2025051307,קלה,0,עירוני לא בצומת,1,עד 50,,אין ליקוי,בהיר,יבש,ראשון,יום,יום רגיל,6,15,469,4,,
2025051309,קלה,0,עירוני בצומת,1,עד 50,יותר מ-14 מטר,אין ליקוי,בהיר,יבש,שני,לילה,יום רגיל,5,20,6500,3,,
2025051313,קשה,0,עירוני בצומת,1,עד 50,5 עד 7 מטר,אין ליקוי,בהיר,יבש,ראשון,יום,יום רגיל,3,17,9000,6,,
2025051314,קלה,0,עירוני בצומת,1,עד 50,7 עד 10.5 מטר,אין ליקוי,בהיר,יבש,שלישי,לילה,יום רגיל,3,18,6100,5,,
2025051323,קשה,0,עירוני לא בצומת,1,לא ידוע,,לא ידוע,לא ידוע,לא ידוע,חמישי,יום,יום רגיל,1,13,6100,5,,
2025051343,קלה,0,עירוני בצומת,1,עד 50,5 עד 7 מטר,אין ליקוי,בהיר,יבש,שני,יום,חול המועד,4,12,3000,1,,
2025051350,קלה,0,עירוני לא בצומת,1,עד 50,5 עד 7 מטר,אין ליקוי,בהיר,יבש,חמישי,לילה,יום רגיל,7,3,6400,5,,
2025051357,קשה,0,עירוני בצומת,1,עד 50,5 עד 7 מטר,אין ליקוי,בהיר,יבש,רביעי,לילה,יום רגיל,10,23,8800,2,,
2025051364,קשה,0,עירוני לא בצומת,1,עד 50,,אין ליקוי,בהיר,יבש,חמישי,יום,יום רגיל,6,7,5000,5,,
2025051414,קלה,0,עירוני בצומת,1,עד 50,,אין ליקוי,בהיר,יבש,רביעי,לילה,יום רגיל,9,22,6900,4,,
2025051423,קשה,0,לא עירוני בצומת,0,70,יותר מ-14 מטר,אין ליקוי,בהיר,יבש,רביעי,לילה,יום רגיל,10,2,0,4,,
2025051425,קשה,0,עירוני לא בצומת,1,לא ידוע,,לא ידוע,לא ידוע,לא ידוע,חמישי,יום,יום רגיל,11,13,4000,3,,
2025051434,קלה,0,לא עירוני לא בצומת,0,110,10.5 עד 14 מטר,אין ליקוי,בהיר,יבש,שישי,יום,יום רגיל,5,17,0,3,,
2025051437,קלה,0,לא עירוני בצומת,0,עד 50,,אין ליקוי,בהיר,יבש,חמישי,לילה,יום רגיל,5,20,0,4,,
2025051439,קלה,0,עירוני בצומת,1,עד 50,7 עד 10.5 מטר,אין ליקוי,גשום,רטוב ממים,רביעי,לילה,יום רגיל,12,16,6500,3,,
2025051450,קלה,0,לא עירוני בצומת,0,80,7 עד 10.5 מטר,אין ליקוי,לא ידוע,יבש,שלישי,יום,יום רגיל,2,10,0,4,,
2025051452,קלה,0,עירוני לא בצומת,1,עד 50,7 עד 10.5 מטר,אין ליקוי,בהיר,יבש,שבת,לילה,יום רגיל,9,23,2200,6,,
2025051532,קלה,0,לא עירוני בצומת,0,90,יותר מ-14 מטר,אין ליקוי,בהיר,יבש,שישי,לילה,יום רגיל,9,22,0,3,,
2025051545,קלה,0,לא עירוני לא בצומת,0,80,10.5 עד 14 מטר,אין ליקוי,בהיר,יבש,חמישי,לילה,יום רגיל,4,19,0,2,,
2025051562,קלה,0,עירוני בצומת,1,עד 50,5 עד 7 מטר,לא ידוע,בהיר,יבש,שבת,לילה,יום רגיל,9,1,534,3,,
2025051600,קלה,0,לא עירוני בצומת,0,90,עד 5 מטר,אין ליקוי,בהיר,יבש,חמישי,יום,יום רגיל,8,14,0,5,,
2025051608,קלה,0,עירוני בצומת,1,עד 50,7 עד 10.5 מטר,אין ליקוי,בהיר,יבש,חמישי,לילה,יום רגיל,5,2,4000,3,,
2025051621,קשה,0,לא עירוני לא בצומת,0,90,10.5 עד 14 מטר,אין ליקוי,בהיר,יבש,רביעי,לילה,יום רגיל,8,21,0,4,,
2025051644,קלה,0,לא עירוני בצומת,0,לא ידוע,,לא ידוע,לא ידוע,לא ידוע,ראשון,יום,יום רגיל,8,10,0,4,,
2025051652,קשה,0,עירוני בצומת,1,לא ידוע,,לא ידוע,לא ידוע,לא ידוע,שני,יום,יום רגיל,5,16,3640,7,,
2025051656,קשה,0,עירוני בצומת,1,עד 50,יותר מ-14 מטר,אין ליקוי,בהיר,יבש,חמישי,יום,יום רגיל,10,9,8600,5,,
2025051657,קלה,0,לא עירוני לא בצומת,0,90,10.5 עד 14 מטר,אין ליקוי,בהיר,יבש,חמישי,לילה,יום רגיל,12,5,0,4,,
2025051697,קלה,0,לא עירוני בצומת,0,לא ידוע,,לא ידוע,לא ידוע,לא ידוע,שני,לילה,יום רגיל,11,5,0,4,,
2025051708,קלה,0,עירוני לא בצומת,1,עד 50,5 עד 7 מטר,אין ליקוי,בהיר,יבש,ראשון,יום,יום רגיל,4,11,7400,4,,
2025051709,קלה,0,עירוני לא בצומת,1,עד 50,5 עד 7 מטר,אין ליקוי,בהיר,יבש,ראשון,לילה,יום רגיל,8,19,3000,1,,
2025051737,קלה,0,עירוני בצומת,1,עד 50,10.5 עד 14 מטר,אין ליקוי,בהיר,יבש,רביעי,לילה,יום רגיל,1,21,6100,5,,
2025051753,קשה,0,עירוני בצומת,1,עד 50,5 עד 7 מטר,אין ליקוי,בהיר,יבש,שלישי,לילה,יום רגיל,8,21,5000,5,,
2025051755,קשה,0,לא עירוני בצומת,0,70,7 עד 10.5 מטר,אין ליקוי,שרבי,יבש,שבת,יום,יום רגיל,9,14,0,6,,
2025051767,קלה,0,לא עירוני בצומת,0,עד 50,5 עד 7 מטר,אין ליקוי,בהיר,יבש,שני,יום,יום רגיל,9,8,0,5,,
2025051793,קלה,0,לא עירוני בצומת,0,90,10.5 עד 14 מטר,אין ליקוי,בהיר,יבש,שלישי,יום,יום רגיל,10,15,0,4,,
2025051795,קשה,0,עירוני בצומת,1,עד 50,7 עד 10.5 מטר,אין ליקוי,בהיר,יבש,רביעי,יום,יום רגיל,5,11,9600,3,,
2025051803,קשה,0,לא עירוני לא בצומת,0,לא ידוע,,לא ידוע,לא ידוע,לא ידוע,שישי,לילה,יום רגיל,8,5,0,4,,
2025051807,קשה,0,עירוני לא בצומת,1,לא ידוע,,לא ידוע,לא ידוע,לא ידוע,רביעי,יום,יום רגיל,8,12,3579,7,,
2025051810,קלה,0,לא עירוני בצומת,0,80,יותר מ-14 מטר,אין ליקוי,בהיר,יבש,שבת,יום,יום רגיל,10,17,0,3,,
2025051839,קשה,0,עירוני בצומת,1,עד 50,7 עד 10.5 מטר,אין ליקוי,בהיר,יבש,רביעי,יום,יום רגיל,10,16,6700,2,,
2025051860,קלה,0,עירוני בצומת,1,עד 50,5 עד 7 מטר,אין ליקוי,בהיר,יבש,שישי,יום,יום רגיל,5,15,9000,6,,
2025051873,קשה,0,עירוני לא בצומת,1,עד 50,7 עד 10.5 מטר,אין ליקוי,בהיר,יבש,שישי,יום,יום רגיל,11,12,7400,4,,
2025051878,קלה,0,עירוני לא בצומת,1,עד 50,5 עד 7 מטר,אין ליקוי,בהיר,יבש,שלישי,יום,יום רגיל,4,10,7100,6,,
2025051894,קשה,0,לא עירוני לא בצומת,0,80,7 עד 10.5 מטר,אין ליקוי,בהיר,יבש,ראשון,יום,יום רגיל,12,14,0,2,,
2025051905,קטלנית,1,לא עירוני לא בצומת,0,80,7 עד 10.5 מטר,אין ליקוי,בהיר,יבש,שבת,לילה,יום רגיל,10,17,0,2,,
2025051912,קשה,0,עירוני לא בצומת,1,100,10.5 עד 14 מטר,אין ליקוי,לא ידוע,יבש,שלישי,יום,יום רגיל,1,13,2610,1,,
2025051918,קשה,0,עירוני לא בצומת,1,לא ידוע,,לא ידוע,לא ידוע,לא ידוע,רביעי,יום,יום רגיל,7,18,8300,4,,
2025051926,קשה,0,עירוני לא בצומת,1,עד 50,5 עד 7 מטר,אין ליקוי,לא ידוע,רטוב ממים,שני,לילה,יום רגיל,2,19,240,2,,
2025051929,קלה,0,לא עירוני לא בצומת,0,80,7 עד 10.5 מטר,לא ידוע,בהיר,יבש,רביעי,לילה,יום רגיל,12,22,0,2,,
2025051937,קלה,0,עירוני בצומת,1,עד 50,5 עד 7 מטר,אין ליקוי,בהיר,יבש,שישי,יום,יום רגיל,5,7,2630,6,,
2025051941,קלה,0,עירוני לא בצומת,1,לא ידוע,,לא ידוע,לא ידוע,לא ידוע,שישי,לילה,יום רגיל,7,21,4000,3,,
2025051961,קלה,0,לא עירוני לא בצומת,0,90,עד 5 מטר,אין ליקוי,בהיר,יבש,שלישי,יום,יום רגיל,7,9,0,5,,
2025051964,קלה,0,עירוני לא בצומת,1,80,7 עד 10.5 מטר,אין ליקוי,בהיר,יבש,שלישי,יום,יום רגיל,4,8,48,2,,
2025051979,קלה,0,עירוני בצומת,1,עד 50,5 עד 7 מטר,לא ידוע,בהיר,יבש,חמישי,יום,יום רגיל,9,16,9000,6,,
2025052004,קלה,0,עירוני לא בצומת,1,עד 50,7 עד 10.5 מטר,אין ליקוי,בהיר,יבש,שני,יום,יום רגיל,11,14,534,3,,
2025052007,קלה,0,עירוני לא בצומת,1,לא ידוע,,אין ליקוי,בהיר,יבש,רביעי,לילה,יום רגיל,8,1,874,2,,
2025052024,קלה,0,לא עירוני לא בצומת,0,60,7 עד 10.5 מטר,אין ליקוי,בהיר,יבש,רביעי,לילה,יום רגיל,10,23,0,1,,
2025052029,קלה,0,עירוני לא בצומת,1,70,10.5 עד 14 מטר,אין ליקוי,בהיר,יבש,שישי,יום,יום רגיל,12,10,3000,1,,
2025052046,קטלנית,1,לא עירוני בצומת,0,עד 50,7 עד 10.5 מטר,אין ליקוי,בהיר,יבש,ראשון,יום,יום רגיל,10,8,0,3,,
2025052052,קלה,0,עירוני בצומת,1,עד 50,5 עד 7 מטר,אין ליקוי,בהיר,יבש,חמישי,יום,יום רגיל,6,7,7400,4,,
2025052063,קלה,0,לא עירוני לא בצומת,0,80,7 עד 10.5 מטר,אין ליקוי,בהיר,יבש,שני,יום,יום רגיל,3,16,0,7,,
2025052065,קלה,0,עירוני בצומת,1,עד 50,5 עד 7 מטר,אין ליקוי,בהיר,יבש,חמישי,לילה,יום רגיל,4,0,7900,4,,
2025052069,קלה,0,עירוני בצומת,1,עד 50,10.5 עד 14 מטר,אין ליקוי,בהיר,יבש,חמישי,לילה,יום רגיל,9,22,9600,3,,
2025052070,קלה,0,עירוני לא בצומת,1,עד 50,7 עד 10.5 מטר,אין ליקוי,בהיר,יבש,חמישי,יום,חול המועד,10,8,528,2,,
2025052080,קלה,0,עירוני לא בצומת,1,עד 50,7 עד 10.5 מטר,אין ליקוי,בהיר,יבש,חמישי,יום,יום רגיל,6,6,874,2,,
2025052085,קשה,0,לא עירוני בצומת,0,90,10.5 עד 14 מטר,אין ליקוי,בהיר,יבש,שני,יום,יום רגיל,6,19,0,4,,
2025052100,קלה,0,עירוני לא בצומת,1,לא ידוע,,לא ידוע,לא ידוע,לא ידוע,ראשון,לילה,יום רגיל,12,19,2610,1,,
2025052102,קלה,0,עירוני לא בצומת,1,עד 50,7 עד 10.5 מטר,אין ליקוי,בהיר,יבש,רביעי,יום,יום רגיל,3,16,2500,3,,
2025052109,קלה,0,עירוני בצומת,1,לא ידוע,,לא ידוע,לא ידוע,לא ידוע,רביעי,לילה,ערב חג,10,19,7900,4,,
2025052113,קלה,0,עירוני לא בצומת,1,עד 50,7 עד 10.5 מטר,אין ליקוי,בהיר,יבש,רביעי,לילה,יום רגיל,3,20,469,4,,
2025052124,קלה,0,עירוני בצומת,1,עד 50,,אין ליקוי,בהיר,יבש,ראשון,יום,יום רגיל,4,7,5000,5,,
2025052144,קלה,0,לא עירוני לא בצומת,0,90,10.5 עד 14 מטר,אין ליקוי,בהיר,יבש,שני,יום,חול המועד,4,13,0,4,,
2025052155,קלה,0,עירוני בצומת,1,עד 50,5 עד 7 מטר,אין ליקוי,לא ידוע,לא ידוע,ראשון,יום,יום רגיל,2,16,70,6,,
2025052174,קלה,0,לא עירוני בצומת,0,60,5 עד 7 מטר,אין ליקוי,בהיר,יבש,רביעי,יום,חג,9,9,0,2,,
2025052185,קלה,0,לא עירוני לא בצומת,0,80,יותר מ-14 מטר,אין ליקוי,בהיר,יבש,שישי,לילה,יום רגיל,3,21,0,2,,
2025052191,קלה,0,לא עירוני לא בצומת,0,90,יותר מ-14 מטר,אין ליקוי,גשום,רטוב ממים,שבת,לילה,יום רגיל,2,1,0,1,,
2025052206,קלה,0,לא עירוני בצומת,0,80,יותר מ-14 מטר,אין ליקוי,בהיר,יבש,רביעי,יום,יום רגיל,5,17,0,7,,
2025052226,קשה,0,עירוני לא בצומת,1,לא ידוע,,לא ידוע,לא ידוע,לא ידוע,שני,לילה,יום רגיל,6,21,1161,6,,
2025052251,קשה,0,עירוני לא בצומת,1,לא ידוע,,לא ידוע,לא ידוע,לא ידוע,ראשון,יום,יום רגיל,8,16,4000,3,,
2025052261,קלה,0,עירוני לא בצומת,1,עד 50,,אין ליקוי,בהיר,יבש,שני,לילה,יום רגיל,10,16,1304,4,,
2025052262,קשה,0,עירוני לא בצומת,1,לא ידוע,,לא ידוע,לא ידוע,לא ידוע,חמישי,יום,יום רגיל,5,13,7100,6,,
2025052276,קלה,0,לא עירוני בצומת,0,90,7 עד 10.5 מטר,אין ליקוי,בהיר,יבש,שישי,לילה,יום רגיל,1,20,0,3,,
2025052280,קלה,0,עירוני לא בצומת,1,עד 50,עד 5 מטר,אין ליקוי,בהיר,יבש,חמישי,יום,יום רגיל,9,15,5000,5,,
2025052290,קלה,0,עירוני לא בצומת,1,עד 50,7 עד 10.5 מטר,אין ליקוי,בהיר,יבש,שני,יום,יום רגיל,2,15,6900,4,,
2025052291,קלה,0,עירוני בצומת,1,80,7 עד 10.5 מטר,אין ליקוי,בהיר,יבש,שלישי,לילה,יום רגיל,6,23,3000,1,,
2025052313,קשה,0,עירוני לא בצומת,1,עד 50,10.5 עד 14 מטר,אין ליקוי,בהיר,יבש,חמישי,יום,יום רגיל,12,8,7100,6,,
2025052314,קשה,0,עירוני לא בצומת,1,לא ידוע,,לא ידוע,לא ידוע,לא ידוע,שישי,יום,יום רגיל,7,12,2710,3,,
2025052319,קלה,0,עירוני בצומת,1,עד 50,7 עד 10.5 מטר,אין ליקוי,בהיר,יבש,שבת,לילה,חול המועד,10,19,6900,4,,
2025052329,קשה,0,עירוני לא בצומת,1,לא ידוע,,לא ידוע,לא ידוע,לא ידוע,חמישי,יום,חג,5,17,7100,6,,
2025052332,קלה,0,עירוני לא בצומת,1,עד 50,5 עד 7 מטר,אין ליקוי,בהיר,יבש,שישי,לילה,יום רגיל,9,3,8400,4,,
2025052341,קשה,0,עירוני בצומת,1,עד 50,7 עד 10.5 מטר,אין ליקוי,בהיר,יבש,שישי,לילה,יום רגיל,3,5,6600,5,,
2025052360,קשה,0,עירוני בצומת,1,לא ידוע,,לא ידוע,לא ידוע,לא ידוע,ראשון,לילה,יום רגיל,7,19,5000,5,,
2025052365,קלה,0,עירוני לא בצומת,1,עד 50,,אין ליקוי,בהיר,יבש,שישי,יום,יום רגיל,11,10,7800,3,,
2025052379,קשה,0,עירוני לא בצומת,1,לא ידוע,,לא ידוע,לא ידוע,לא ידוע,שני,יום,יום רגיל,8,11,6000,3,,
2025052406,קלה,0,עירוני בצומת,1,עד 50,7 עד 10.5 מטר,אין ליקוי,בהיר,יבש,רביעי,לילה,יום רגיל,12,20,8700,4,,
2025052410,קלה,0,לא עירוני בצומת,0,עד 50,5 עד 7 מטר,אין ליקוי,בהיר,יבש,חמישי,לילה,יום רגיל,2,18,0,4,,
2025052423,קשה,0,עירוני לא בצומת,1,עד 50,יותר מ-14 מטר,אין ליקוי,בהיר,יבש,שלישי,לילה,יום רגיל,10,23,3000,1,,
2025052435,קלה,0,עירוני בצומת,1,עד 50,7 עד 10.5 מטר,אין ליקוי,בהיר,יבש,רביעי,יום,יום רגיל,11,11,70,6,,
2025052436,קשה,0,עירוני לא בצומת,1,לא ידוע,,לא ידוע,לא ידוע,לא ידוע,ראשון,לילה,יום רגיל,5,2,5000,5,,
2025052441,קשה,0,לא עירוני בצומת,0,70,7 עד 10.5 מטר,אין ליקוי,בהיר,יבש,שלישי,לילה,יום רגיל,6,20,0,4,,
2025052450,קשה,0,עירוני לא בצומת,1,לא ידוע,,לא ידוע,לא ידוע,לא ידוע,שני,יום,יום רגיל,12,9,2620,5,,
2025052451,קלה,0,עירוני לא בצומת,1,עד 50,,אין ליקוי,בהיר,יבש,שני,יום,יום רגיל,9,13,2640,4,,
2025052472,קלה,0,עירוני לא בצומת,1,עד 50,5 עד 7 מטר,אין ליקוי,בהיר,יבש,שלישי,יום,יום רגיל,4,7,1319,4,,
2025052482,קשה,0,לא עירוני לא בצומת,0,,10.5 עד 14 מטר,אין ליקוי,בהיר,יבש,שישי,יום,יום רגיל,6,13,0,2,,
2025052497,קלה,0,עירוני לא בצומת,1,עד 50,7 עד 10.5 מטר,אין ליקוי,בהיר,יבש,שלישי,לילה,יום רגיל,5,20,6600,5,,
2025052514,קלה,0,עירוני בצומת,1,עד 50,עד 5 מטר,אין ליקוי,בהיר,יבש,חמישי,יום,יום רגיל,7,10,8600,5,,
2025052525,קלה,0,לא עירוני בצומת,0,90,7 עד 10.5 מטר,אין ליקוי,בהיר,יבש,שישי,יום,יום רגיל,9,13,0,5,,
2025052556,קלה,0,עירוני בצומת,1,עד 50,5 עד 7 מטר,אין ליקוי,בהיר,יבש,שלישי,יום,יום רגיל,1,13,8300,4,,
2025052561,קלה,0,עירוני בצומת,1,עד 50,5 עד 7 מטר,אין ליקוי,בהיר,יבש,שבת,לילה,יום רגיל,11,2,6500,3,,
2025052569,קשה,0,לא עירוני לא בצומת,0,לא ידוע,,לא ידוע,לא ידוע,לא ידוע,שני,לילה,יום רגיל,8,20,0,4,,
2025052570,קשה,0,עירוני לא בצומת,1,לא ידוע,,לא ידוע,לא ידוע,לא ידוע,שלישי,לילה,יום רגיל,9,19,1303,6,,
2025052589,קטלנית,1,עירוני לא בצומת,1,עד 50,7 עד 10.5 מטר,אין ליקוי,לא ידוע,יבש,שבת,יום,יום רגיל,11,10,6000,3,,
2025052597,קטלנית,1,לא עירוני לא בצומת,0,90,,לא ידוע,בהיר,יבש,רביעי,לילה,יום רגיל,6,23,0,6,,
2025052606,קלה,0,עירוני בצומת,1,עד 50,5 עד 7 מטר,אין ליקוי,בהיר,יבש,שלישי,יום,יום רגיל,12,12,7900,4,,
2025052607,קשה,0,עירוני לא בצומת,1,לא ידוע,,לא ידוע,לא ידוע,לא ידוע,שלישי,יום,יום רגיל,9,17,8600,5,,
2025052621,קשה,0,עירוני בצומת,1,לא ידוע,,לא ידוע,לא ידוע,לא ידוע,שלישי,לילה,יום רגיל,4,1,246,6,,
2025052634,קשה,0,עירוני בצומת,1,60,יותר מ-14 מטר,אין ליקוי,בהיר,יבש,רביעי,לילה,יום רגיל,8,19,9000,6,,
2025052663,קלה,0,עירוני בצומת,1,עד 50,7 עד 10.5 מטר,אין ליקוי,בהיר,יבש,שני,יום,יום רגיל,7,15,4000,3,,
2025052668,קלה,0,עירוני בצומת,1,עד 50,5 עד 7 מטר,אין ליקוי,בהיר,יבש,שני,יום,יום רגיל,1,14,2630,6,,
2025052669,קלה,0,עירוני בצומת,1,70,7 עד 10.5 מטר,אין ליקוי,בהיר,יבש,שלישי,יום,יום רגיל,10,13,7100,6,,
2025052681,קלה,0,לא עירוני בצומת,0,עד 50,5 עד 7 מטר,אין ליקוי,בהיר,יבש,ראשון,יום,יום רגיל,5,12,0,4,,
2025052734,קלה,0,עירוני בצומת,1,עד 50,7 עד 10.5 מטר,אין ליקוי,בהיר,יבש,שני,יום,יום רגיל,6,16,5000,5,,
2025052781,קשה,0,לא עירוני לא בצומת,0,לא ידוע,,לא ידוע,לא ידוע,לא ידוע,שני,יום,יום רגיל,6,14,0,4,,
2025052788,קשה,0,עירוני לא בצומת,1,עד 50,7 עד 10.5 מטר,אין ליקוי,בהיר,יבש,רביעי,יום,יום רגיל,1,13,1292,2,,
2025052798,קשה,0,עירוני לא בצומת,1,לא ידוע,,לא ידוע,לא ידוע,לא ידוע,שני,יום,יום רגיל,3,15,3000,1,,
2025052826,קלה,0,עירוני בצומת,1,עד 50,5 עד 7 מטר,אין ליקוי,בהיר,יבש,שישי,יום,יום רגיל,2,12,3000,1,,
2025052827,קשה,0,לא עירוני לא בצומת,0,90,5 עד 7 מטר,אין ליקוי,בהיר,יבש,שישי,יום,יום רגיל,5,10,0,5,,
2025052833,קלה,0,עירוני בצומת,1,עד 50,5 עד 7 מטר,אין ליקוי,בהיר,יבש,שלישי,יום,יום רגיל,8,10,7900,4,,
2025052839,קשה,0,עירוני לא בצומת,1,עד 50,5 עד 7 מטר,אין ליקוי,בהיר,יבש,חמישי,יום,יום רגיל,5,12,5000,5,,
2025052840,קלה,0,לא עירוני בצומת,0,80,10.5 עד 14 מטר,אין ליקוי,בהיר,יבש,שני,לילה,יום רגיל,12,17,0,4,,
2025052843,קלה,0,לא עירוני בצומת,0,90,7 עד 10.5 מטר,אין ליקוי,בהיר,יבש,שלישי,לילה,יום רגיל,1,20,0,6,,
2025052846,קלה,0,עירוני בצומת,1,לא ידוע,,לא ידוע,לא ידוע,לא ידוע,שישי,יום,ערב חג,4,18,5000,5,,
2025052857,קשה,0,עירוני לא בצומת,1,עד 50,10.5 עד 14 מטר,אין ליקוי,בהיר,יבש,שלישי,יום,יום רגיל,7,12,2530,4,,
2025052863,קלה,0,לא עירוני בצומת,0,90,7 עד 10.5 מטר,אין ליקוי,בהיר,יבש,שבת,יום,יום רגיל,8,15,0,2,,
2025052884,קשה,0,עירוני בצומת,1,עד 50,7 עד 10.5 מטר,לא ידוע,בהיר,יבש,שני,יום,יום רגיל,2,13,469,4,,
2025052894,קלה,0,לא עירוני לא בצומת,0,90,10.5 עד 14 מטר,אין ליקוי,בהיר,יבש,שני,לילה,יום רגיל,4,21,0,4,,
2025052895,קשה,0,עירוני בצומת,1,60,7 עד 10.5 מטר,אין ליקוי,בהיר,יבש,שני,יום,יום רגיל,3,14,6600,5,,
2025052900,קשה,0,לא עירוני לא בצומת,0,80,7 עד 10.5 מטר,אין ליקוי,בהיר,יבש,שישי,לילה,יום רגיל,2,20,0,7,,
2025052901,קשה,0,לא עירוני לא בצומת,0,80,7 עד 10.5 מטר,אין ליקוי,בהיר,יבש,רביעי,יום,יום רגיל,8,19,0,2,,
2025052916,קטלנית,1,לא עירוני לא בצומת,0,70,5 עד 7 מטר,אין ליקוי,בהיר,יבש,שלישי,יום,חול המועד,4,18,0,2,,
2025052930,קלה,0,עירוני לא בצומת,1,לא ידוע,,לא ידוע,לא ידוע,לא ידוע,שני,יום,יום רגיל,11,12,6100,5,,
2025052954,קשה,0,עירוני בצומת,1,עד 50,7 עד 10.5 מטר,אין ליקוי,בהיר,יבש,שישי,לילה,יום רגיל,2,19,8300,4,,
2025052955,קשה,0,לא עירוני לא בצומת,0,60,10.5 עד 14 מטר,אין ליקוי,בהיר,יבש,ראשון,לילה,יום רגיל,8,23,0,3,,
2025052963,קלה,0,עירוני בצומת,1,עד 50,עד 5 מטר,אין ליקוי,בהיר,יבש,שני,יום,יום רגיל,6,18,6900,4,,
2025052975,קשה,0,עירוני לא בצומת,1,עד 50,7 עד 10.5 מטר,אין ליקוי,בהיר,יבש,ראשון,יום,יום רגיל,12,8,8600,5,,
2025052993,קשה,0,לא עירוני לא בצומת,0,70,7 עד 10.5 מטר,לא ידוע,בהיר,יבש,חמישי,לילה,יום רגיל,6,23,0,2,,
2025052994,קלה,0,לא עירוני בצומת,0,עד 50,7 עד 10.5 מטר,אין ליקוי,בהיר,יבש,שני,יום,יום רגיל,1,13,0,3,,
2025053019,קשה,0,עירוני לא בצומת,1,לא ידוע,,לא ידוע,לא ידוע,לא ידוע,שני,יום,יום רגיל,8,10,6000,3,,
2025053020,קשה,0,עירוני לא בצומת,1,לא ידוע,,לא ידוע,לא ידוע,לא ידוע,שני,יום,יום רגיל,3,15,6500,3,,
2025053031,קשה,0,עירוני לא בצומת,1,לא ידוע,,לא ידוע,לא ידוע,לא ידוע,רביעי,יום,יום רגיל,1,16,5000,5,,
2025053032,קשה,0,לא עירוני לא בצומת,0,לא ידוע,,לא ידוע,לא ידוע,לא ידוע,ראשון,יום,יום רגיל,8,17,0,6,,
2025053058,קלה,0,עירוני לא בצומת,1,עד 50,5 עד 7 מטר,אין ליקוי,בהיר,יבש,שישי,יום,יום רגיל,1,14,498,2,,
2025053076,קלה,0,עירוני בצומת,1,עד 50,5 עד 7 מטר,אין ליקוי,בהיר,יבש,חמישי,יום,יום רגיל,3,6,3000,1,,
2025053081,קלה,0,לא עירוני לא בצומת,0,80,7 עד 10.5 מטר,אין ליקוי,בהיר,יבש,ראשון,לילה,יום רגיל,11,16,0,2,,
2025053092,קלה,0,עירוני בצומת,1,עד 50,5 עד 7 מטר,אין ליקוי,בהיר,יבש,שבת,יום,יום רגיל,6,11,1034,6,,
2025053099,קטלנית,1,עירוני לא בצומת,1,עד 50,7 עד 10.5 מטר,כביש משובש,בהיר,חול או חצץ על הכביש,שבת,יום,יום רגיל,2,13,839,4,,
2025053101,קטלנית,1,עירוני בצומת,1,עד 50,7 עד 10.5 מטר,אין ליקוי,בהיר,יבש,שלישי,יום,יום רגיל,9,13,5000,5,,
2025053119,קשה,0,עירוני לא בצומת,1,לא ידוע,,לא ידוע,לא ידוע,לא ידוע,שישי,יום,יום רגיל,11,7,3000,1,,
2025053125,קלה,0,לא עירוני בצומת,0,90,10.5 עד 14 מטר,אין ליקוי,בהיר,יבש,חמישי,לילה,יום רגיל,2,17,0,6,,
2025053131,קשה,0,עירוני לא בצומת,1,לא ידוע,,לא ידוע,לא ידוע,לא ידוע,רביעי,יום,יום רגיל,1,15,1245,2,,
2025053154,קשה,0,לא עירוני לא בצומת,0,90,7 עד 10.5 מטר,אין ליקוי,בהיר,רטוב ממים,שישי,לילה,יום רגיל,8,23,0,3,,
2025053163,קלה,0,עירוני לא בצומת,1,עד 50,10.5 עד 14 מטר,אין ליקוי,לא ידוע,יבש,ראשון,יום,יום רגיל,10,17,9500,3,,
2025053183,קלה,0,עירוני בצומת,1,עד 50,5 עד 7 מטר,אין ליקוי,בהיר,יבש,רביעי,לילה,יום רגיל,3,1,3000,1,,
2025053192,קלה,0,לא עירוני בצומת,0,עד 50,7 עד 10.5 מטר,אין ליקוי,בהיר,יבש,ראשון,יום,ערב חג,6,11,0,5,,
2025053215,קשה,0,עירוני לא בצומת,1,לא ידוע,,לא ידוע,לא ידוע,לא ידוע,חמישי,לילה,יום רגיל,11,18,1161,6,,
2025053222,קלה,0,עירוני לא בצומת,1,עד 50,7 עד 10.5 מטר,אין ליקוי,בהיר,יבש,שישי,יום,יום רגיל,7,15,6600,5,,
2025053240,קשה,0,עירוני לא בצומת,1,עד 50,5 עד 7 מטר,אין ליקוי,בהיר,חול או חצץ על הכביש,שלישי,לילה,יום רגיל,3,2,8700,4,,
2025053270,קלה,0,עירוני בצומת,1,עד 50,7 עד 10.5 מטר,אין ליקוי,בהיר,יבש,חמישי,לילה,יום רגיל,1,23,8600,5,,
2025053278,קלה,0,עירוני לא בצומת,1,עד 50,7 עד 10.5 מטר,אין ליקוי,לא ידוע,רטוב ממים,שבת,לילה,יום רגיל,3,22,2630,6,,
2025053286,קשה,0,לא עירוני בצומת,0,לא ידוע,,לא ידוע,לא ידוע,לא ידוע,שישי,יום,יום רגיל,1,10,0,5,,
2025053289,קלה,0,עירוני בצומת,1,עד 50,5 עד 7 מטר,אין ליקוי,בהיר,יבש,שבת,לילה,יום רגיל,9,19,1139,2,,
2025053290,קשה,0,עירוני לא בצומת,1,לא ידוע,,לא ידוע,לא ידוע,לא ידוע,שבת,יום,יום רגיל,11,15,1034,6,,
2025053294,קטלנית,1,לא עירוני לא בצומת,0,עד 50,7 עד 10.5 מטר,אין ליקוי,בהיר,יבש,חמישי,יום,יום רגיל,3,15,0,9,,
2025053311,קלה,0,לא עירוני בצומת,0,90,7 עד 10.5 מטר,אין ליקוי,בהיר,יבש,רביעי,לילה,יום רגיל,4,0,0,6,,
2025053317,קלה,0,עירוני לא בצומת,1,עד 50,10.5 עד 14 מטר,אין ליקוי,בהיר,יבש,שני,יום,יום רגיל,10,7,9500,3,,
2025053334,קשה,0,עירוני לא בצומת,1,לא ידוע,,לא ידוע,לא ידוע,לא ידוע,ראשון,יום,יום רגיל,11,9,7900,4,,
2025053345,קלה,0,עירוני בצומת,1,עד 50,7 עד 10.5 מטר,אין ליקוי,בהיר,יבש,שלישי,יום,יום רגיל,12,13,5000,5,,
2025053374,קשה,0,עירוני לא בצומת,1,עד 50,7 עד 10.5 מטר,אין ליקוי,בהיר,יבש,שבת,לילה,יום רגיל,8,20,6900,4,,
2025053384,קשה,0,עירוני לא בצומת,1,עד 50,,אין ליקוי,בהיר,יבש,חמישי,לילה,חול המועד,10,21,8600,5,,
2025053392,קשה,0,לא עירוני לא בצומת,0,80,,אין ליקוי,בהיר,יבש,שבת,לילה,יום רגיל,5,1,0,2,,
2025053425,קשה,0,לא עירוני לא בצומת,0,עד 50,10.5 עד 14 מטר,אין ליקוי,בהיר,יבש,שני,לילה,ערב חג,9,5,0,2,,
2025053438,קלה,0,לא עירוני בצומת,0,עד 50,10.5 עד 14 מטר,אין ליקוי,בהיר,יבש,שישי,יום,ערב חג,4,15,0,3,,
2025053476,קלה,0,עירוני בצומת,1,עד 50,7 עד 10.5 מטר,אין ליקוי,בהיר,יבש,שני,יום,יום רגיל,8,18,4000,3,,
2025053501,קלה,0,עירוני לא בצומת,1,60,10.5 עד 14 מטר,אין ליקוי,בהיר,יבש,ראשון,לילה,יום רגיל,11,17,2640,4,,
2025053505,קלה,0,לא עירוני בצומת,0,70,10.5 עד 14 מטר,אין ליקוי,בהיר,יבש,שלישי,לילה,יום רגיל,2,17,0,7,,
2025053512,קלה,0,עירוני לא בצומת,1,עד 50,5 עד 7 מטר,אין ליקוי,לא ידוע,רטוב ממים,רביעי,יום,יום רגיל,2,14,8700,4,,
2025053530,קשה,0,לא עירוני לא בצומת,0,לא ידוע,,לא ידוע,לא ידוע,לא ידוע,ראשון,יום,חול המועד,10,11,0,4,,
2025053534,קלה,0,עירוני בצומת,1,עד 50,7 עד 10.5 מטר,אין ליקוי,גשום,רטוב ממים,ראשון,לילה,יום רגיל,2,21,4000,3,,
2025053554,קשה,0,עירוני בצומת,1,עד 50,5 עד 7 מטר,אין ליקוי,בהיר,יבש,רביעי,יום,יום רגיל,1,14,874,2,,
2025053567,קלה,0,לא עירוני בצומת,0,70,10.5 עד 14 מטר,אין ליקוי,בהיר,יבש,שישי,יום,חג,3,16,0,3,,
2025053590,קלה,0,עירוני לא בצומת,1,עד 50,5 עד 7 מטר,אין ליקוי,בהיר,יבש,שישי,יום,יום רגיל,12,10,6200,5,,
2025053599,קלה,0,לא עירוני לא בצומת,0,70,7 עד 10.5 מטר,אין ליקוי,בהיר,יבש,שני,יום,יום רגיל,3,13,0,1,,
2025053625,קלה,0,עירוני בצומת,1,עד 50,5 עד 7 מטר,אין ליקוי,בהיר,יבש,שישי,לילה,יום רגיל,10,17,2640,4,,
2025053651,קשה,0,עירוני בצומת,1,70,יותר מ-14 מטר,אין ליקוי,בהיר,יבש,ראשון,יום,יום רגיל,8,10,9600,3,,
2025053655,קלה,0,לא עירוני בצומת,0,עד 50,7 עד 10.5 מטר,אין ליקוי,בהיר,יבש,חמישי,יום,יום רגיל,6,6,0,6,,
2025053661,קלה,0,עירוני בצומת,1,עד 50,5 עד 7 מטר,אין ליקוי,בהיר,יבש,שבת,לילה,יום רגיל,7,21,8700,4,,
2025053673,קלה,0,עירוני לא בצומת,1,עד 50,10.5 עד 14 מטר,אין ליקוי,בהיר,יבש,רביעי,יום,יום רגיל,7,12,6100,5,,
2025053678,קשה,0,עירוני בצומת,1,עד 50,,אין ליקוי,בהיר,יבש,חמישי,יום,יום רגיל,1,15,5000,5,,
2025053695,קשה,0,לא עירוני בצומת,0,80,יותר מ-14 מטר,אין ליקוי,בהיר,יבש,רביעי,לילה,יום רגיל,3,0,0,2,,
2025053706,קשה,0,לא עירוני לא בצומת,0,70,5 עד 7 מטר,אין ליקוי,בהיר,יבש,חמישי,לילה,יום רגיל,10,21,0,6,,
2025053716,קשה,0,לא עירוני לא בצומת,0,90,10.5 עד 14 מטר,אין ליקוי,בהיר,יבש,שני,יום,יום רגיל,3,12,0,4,,
2025053718,קלה,0,לא עירוני לא בצומת,0,90,5 עד 7 מטר,אין ליקוי,בהיר,יבש,שבת,יום,יום רגיל,10,13,0,6,,
2025053737,קטלנית,1,לא עירוני לא בצומת,0,90,יותר מ-14 מטר,אין ליקוי,בהיר,יבש,שלישי,לילה,יום רגיל,1,22,0,4,,
2025053768,קלה,0,לא עירוני לא בצומת,0,100,10.5 עד 14 מטר,אין ליקוי,בהיר,יבש,שבת,לילה,יום רגיל,8,23,0,4,,
2025053781,קשה,0,עירוני בצומת,1,עד 50,5 עד 7 מטר,אין ליקוי,בהיר,יבש,שישי,לילה,יום רגיל,11,16,7400,4,,
2025053790,קשה,0,עירוני לא בצומת,1,עד 50,,אין ליקוי,בהיר,יבש,חמישי,יום,יום רגיל,4,16,5000,5,,
2025053800,קלה,0,עירוני בצומת,1,עד 50,7 עד 10.5 מטר,אין ליקוי,בהיר,יבש,חמישי,יום,יום רגיל,6,16,3000,1,,
2025053813,קלה,0,עירוני בצומת,1,60,10.5 עד 14 מטר,אין ליקוי,בהיר,יבש,רביעי,לילה,יום רגיל,4,19,9000,6,,
2025053821,קשה,0,עירוני בצומת,1,עד 50,7 עד 10.5 מטר,אין ליקוי,בהיר,יבש,חמישי,יום,יום רגיל,5,16,8600,5,,
2025053847,קשה,0,לא עירוני לא בצומת,0,80,5 עד 7 מטר,אין ליקוי,בהיר,יבש,רביעי,יום,יום רגיל,4,11,0,2,,
2025053881,קלה,0,עירוני לא בצומת,1,80,עד 5 מטר,אין ליקוי,בהיר,יבש,שבת,לילה,יום רגיל,10,23,8600,5,,
2025053884,קשה,0,עירוני לא בצומת,1,עד 50,עד 5 מטר,אין ליקוי,בהיר,יבש,שישי,לילה,יום רגיל,2,18,1015,1,,
2025053895,קלה,0,לא עירוני לא בצומת,0,לא ידוע,,אין ליקוי,בהיר,יבש,שלישי,יום,יום רגיל,10,13,0,4,,
2025053903,קלה,0,לא עירוני לא בצומת,0,60,10.5 עד 14 מטר,אין ליקוי,בהיר,יבש,שלישי,יום,יום רגיל,11,7,0,4,,
2025053916,קלה,0,עירוני בצומת,1,70,5 עד 7 מטר,אין ליקוי,בהיר,יבש,חמישי,יום,ערב חג,3,10,9600,3,,
2025053932,קטלנית,1,לא עירוני לא בצומת,0,70,10.5 עד 14 מטר,אין ליקוי,בהיר,יבש,שני,לילה,יום רגיל,1,6,0,7,,
2025053937,קשה,0,עירוני לא בצומת,1,70,5 עד 7 מטר,אין ליקוי,לא ידוע,יבש,ראשון,יום,יום רגיל,2,16,3000,1,,
2025053941,קלה,0,לא עירוני לא בצומת,0,80,10.5 עד 14 מטר,אין ליקוי,בהיר,יבש,שבת,יום,יום רגיל,5,16,0,7,,
2025053963,קלה,0,עירוני לא בצומת,1,עד 50,7 עד 10.5 מטר,אין ליקוי,בהיר,יבש,רביעי,יום,יום רגיל,4,11,7600,2,,
2025053985,קלה,0,עירוני לא בצומת,1,עד 50,5 עד 7 מטר,אין ליקוי,בהיר,יבש,שלישי,לילה,יום רגיל,3,18,7300,2,,
2025053989,קלה,0,לא עירוני בצומת,0,90,7 עד 10.5 מטר,אין ליקוי,בהיר,יבש,רביעי,יום,יום רגיל,11,10,0,2,,
2025054002,קלה,0,עירוני בצומת,1,עד 50,7 עד 10.5 מטר,אין ליקוי,לא ידוע,יבש,שלישי,יום,יום רגיל,1,11,2500,3,,
2025054037,קלה,0,לא עירוני לא בצומת,0,90,10.5 עד 14 מטר,אין ליקוי,בהיר,יבש,שלישי,לילה,יום רגיל,5,23,0,2,,
2025054042,קלה,0,לא עירוני לא בצומת,0,80,7 עד 10.5 מטר,אין ליקוי,בהיר,יבש,שבת,יום,יום רגיל,2,13,0,4,,
2025054051,קשה,0,עירוני לא בצומת,1,לא ידוע,,לא ידוע,לא ידוע,לא ידוע,ראשון,לילה,יום רגיל,8,0,2610,1,,
2025054058,קלה,0,לא עירוני בצומת,0,80,עד 5 מטר,אין ליקוי,בהיר,יבש,חמישי,יום,יום רגיל,8,8,0,7,,
2025054064,קלה,0,לא עירוני בצומת,0,60,7 עד 10.5 מטר,אין ליקוי,בהיר,יבש,שישי,יום,יום רגיל,7,16,0,4,,
2025054075,קלה,0,עירוני בצומת,1,עד 50,10.5 עד 14 מטר,אין ליקוי,בהיר,יבש,שני,יום,יום רגיל,3,15,6400,5,,
2025054078,קשה,0,עירוני לא בצומת,1,לא ידוע,,לא ידוע,לא ידוע,לא ידוע,שני,לילה,יום רגיל,3,18,6500,3,,
2025054080,קלה,0,עירוני בצומת,1,עד 50,10.5 עד 14 מטר,אין ליקוי,בהיר,יבש,חמישי,יום,יום רגיל,6,9,5000,5,,
2025054083,קשה,0,עירוני לא בצומת,1,עד 50,,אין ליקוי,בהיר,יבש,ראשון,לילה,יום רגיל,3,17,1200,4,,
2025054098,קלה,0,עירוני לא בצומת,1,לא ידוע,,לא ידוע,לא ידוע,לא ידוע,ראשון,לילה,חול המועד,10,18,6200,5,,
2025054111,קלה,0,עירוני בצומת,1,עד 50,7 עד 10.5 מטר,אין ליקוי,בהיר,יבש,שני,יום,יום רגיל,7,13,9000,6,,
2025054120,קלה,0,עירוני לא בצומת,1,לא ידוע,יותר מ-14 מטר,אין ליקוי,בהיר,יבש,שני,יום,יום רגיל,5,16,6600,5,,
2025054128,קלה,0,עירוני לא בצומת,1,לא ידוע,,לא ידוע,לא ידוע,לא ידוע,רביעי,יום,יום רגיל,12,15,2600,6,,
2025054176,קלה,0,לא עירוני בצומת,0,עד 50,7 עד 10.5 מטר,אין ליקוי,בהיר,יבש,שבת,יום,יום רגיל,11,8,0,5,,
2025054180,קשה,0,עירוני בצומת,1,עד 50,7 עד 10.5 מטר,אין ליקוי,בהיר,יבש,רביעי,יום,יום רגיל,6,10,7400,4,,
2025054202,קשה,0,עירוני לא בצומת,1,לא ידוע,,לא ידוע,לא ידוע,לא ידוע,שבת,יום,יום רגיל,10,13,4026,2,,
2025054221,קטלנית,1,לא עירוני לא בצומת,0,80,5 עד 7 מטר,אין ליקוי,בהיר,יבש,ראשון,לילה,יום רגיל,9,0,0,1,,
2025054266,קלה,0,לא עירוני בצומת,0,70,10.5 עד 14 מטר,אין ליקוי,בהיר,יבש,חמישי,לילה,יום רגיל,1,22,0,3,,
2025054281,קלה,0,עירוני בצומת,1,עד 50,7 עד 10.5 מטר,אין ליקוי,לא ידוע,יבש,רביעי,יום,יום רגיל,3,7,9100,2,,
2025054284,קלה,0,עירוני לא בצומת,1,עד 50,5 עד 7 מטר,אין ליקוי,לא ידוע,יבש,שני,יום,יום רגיל,9,8,1247,3,,
2025054285,קלה,0,עירוני בצומת,1,60,7 עד 10.5 מטר,אין ליקוי,בהיר,יבש,חמישי,יום,חול המועד,10,11,9000,6,,
2025054302,קלה,0,עירוני לא בצומת,1,עד 50,7 עד 10.5 מטר,אין ליקוי,בהיר,יבש,רביעי,יום,יום רגיל,7,12,7600,2,,
2025054325,קלה,0,לא עירוני בצומת,0,90,7 עד 10.5 מטר,אין ליקוי,בהיר,יבש,חמישי,לילה,יום רגיל,9,20,0,6,,
2025054327,קטלנית,1,לא עירוני לא בצומת,0,80,7 עד 10.5 מטר,אין ליקוי,גשום,רטוב ממים,שישי,יום,יום רגיל,3,8,0,6,,
2025054329,קלה,0,לא עירוני בצומת,0,לא ידוע,,לא ידוע,לא ידוע,לא ידוע,רביעי,לילה,יום רגיל,12,16,0,4,,
2025054382,קשה,0,עירוני בצומת,1,לא ידוע,,לא ידוע,לא ידוע,לא ידוע,שלישי,לילה,יום רגיל,11,5,5000,5,,
2025054391,קשה,0,עירוני בצומת,1,90,יותר מ-14 מטר,אין ליקוי,לא ידוע,יבש,חמישי,יום,יום רגיל,4,17,7000,4,,
2025054431,קלה,0,עירוני לא בצומת,1,עד 50,5 עד 7 מטר,אין ליקוי,בהיר,אחר,רביעי,לילה,יום רגיל,7,19,6200,5,,
2025054440,קלה,0,עירוני בצומת,1,לא ידוע,,לא ידוע,לא ידוע,לא ידוע,שלישי,לילה,יום רגיל,12,21,2800,2,,
2025054541,קלה,0,עירוני לא בצומת,1,עד 50,5 עד 7 מטר,אין ליקוי,בהיר,יבש,חמישי,יום,יום רגיל,1,8,5000,5,,
2025054574,קשה,0,לא עירוני בצומת,0,70,10.5 עד 14 מטר,אין ליקוי,בהיר,יבש,שלישי,יום,יום רגיל,7,15,0,1,,
2025054580,קלה,0,עירוני לא בצומת,1,עד 50,7 עד 10.5 מטר,אין ליקוי,בהיר,יבש,שני,יום,יום רגיל,1,7,2630,6,,
2025054623,קשה,0,עירוני לא בצומת,1,לא ידוע,,לא ידוע,לא ידוע,לא ידוע,רביעי,יום,יום רגיל,9,10,7900,4,,
2025054629,קלה,0,לא עירוני בצומת,0,70,7 עד 10.5 מטר,אין ליקוי,בהיר,יבש,שישי,יום,יום רגיל,8,11,0,4,,
2025054643,קלה,0,עירוני בצומת,1,עד 50,5 עד 7 מטר,אין ליקוי,לא ידוע,יבש,שלישי,יום,יום רגיל,9,8,7800,3,,
2025054653,קלה,0,עירוני בצומת,1,עד 50,5 עד 7 מטר,אין ליקוי,בהיר,יבש,שני,לילה,יום רגיל,11,21,3000,1,,
2025054664,קלה,0,עירוני בצומת,1,עד 50,5 עד 7 מטר,אין ליקוי,בהיר,יבש,שלישי,לילה,יום רגיל,1,17,8700,4,,
2025054673,קשה,0,עירוני לא בצומת,1,לא ידוע,,לא ידוע,לא ידוע,לא ידוע,שישי,לילה,יום רגיל,11,3,2650,5,,
2025054686,קשה,0,לא עירוני לא בצומת,0,80,7 עד 10.5 מטר,אין ליקוי,לא ידוע,יבש,שבת,לילה,יום רגיל,11,0,0,4,,
2025054707,קלה,0,עירוני בצומת,1,עד 50,עד 5 מטר,אין ליקוי,בהיר,יבש,ראשון,יום,יום רגיל,6,17,246,6,,
2025054739,קלה,0,עירוני בצומת,1,עד 50,10.5 עד 14 מטר,אין ליקוי,בהיר,יבש,שני,יום,יום רגיל,9,11,6600,5,,
2025054743,קלה,0,עירוני בצומת,1,עד 50,7 עד 10.5 מטר,אין ליקוי,בהיר,יבש,ראשון,יום,יום רגיל,9,14,4000,3,,
2025054748,קלה,0,לא עירוני בצומת,0,80,10.5 עד 14 מטר,אין ליקוי,בהיר,יבש,חמישי,לילה,יום רגיל,10,19,0,4,,
2025054763,קטלנית,1,עירוני לא בצומת,1,עד 50,5 עד 7 מטר,אין ליקוי,בהיר,יבש,שלישי,יום,יום רגיל,1,16,3000,1,,
2025054765,קלה,0,עירוני לא בצומת,1,עד 50,5 עד 7 מטר,אין ליקוי,בהיר,יבש,רביעי,יום,יום רגיל,3,12,7900,4,,
2025054773,קלה,0,עירוני בצומת,1,עד 50,10.5 עד 14 מטר,אין ליקוי,בהיר,יבש,שישי,יום,יום רגיל,8,12,4000,3,,
2025054779,קלה,0,עירוני בצומת,1,עד 50,10.5 עד 14 מטר,אין ליקוי,בהיר,יבש,ראשון,יום,יום רגיל,3,16,70,6,,
2025054793,קשה,0,עירוני לא בצומת,1,לא ידוע,,לא ידוע,לא ידוע,לא ידוע,שישי,יום,יום רגיל,10,12,3000,1,,
2025054803,קלה,0,לא עירוני לא בצומת,0,80,7 עד 10.5 מטר,אין ליקוי,בהיר,יבש,רביעי,יום,יום רגיל,7,6,0,7,,
2025054820,קלה,0,עירוני לא בצומת,1,עד 50,5 עד 7 מטר,אין ליקוי,בהיר,יבש,שבת,יום,יום רגיל,8,17,5000,5,,
2025054826,קשה,0,לא עירוני לא בצומת,0,,יותר מ-14 מטר,אין ליקוי,בהיר,יבש,שלישי,לילה,יום רגיל,8,21,0,4,,
2025054840,קלה,0,עירוני בצומת,1,עד 50,5 עד 7 מטר,אין ליקוי,בהיר,יבש,שני,יום,יום רגיל,6,13,3000,1,,
2025054856,קלה,0,עירוני לא בצומת,1,עד 50,7 עד 10.5 מטר,אין ליקוי,בהיר,יבש,רביעי,יום,יום רגיל,8,12,70,6,,
2025054877,קלה,0,לא עירוני בצומת,0,עד 50,7 עד 10.5 מטר,אין ליקוי,בהיר,יבש,רביעי,לילה,יום רגיל,3,23,0,4,,
2025054894,קשה,0,לא עירוני בצומת,0,90,10.5 עד 14 מטר,אין ליקוי,בהיר,יבש,רביעי,לילה,יום רגיל,7,22,0,2,,
2025054908,קלה,0,עירוני לא בצומת,1,עד 50,10.5 עד 14 מטר,אין ליקוי,בהיר,יבש,רביעי,לילה,יום רגיל,11,18,2400,5,,
2025054925,קשה,0,לא עירוני לא בצומת,0,לא ידוע,,לא ידוע,לא ידוע,לא ידוע,רביעי,יום,יום רגיל,6,13,0,1,,
2025054942,קלה,0,עירוני בצומת,1,לא ידוע,,אין ליקוי,בהיר,יבש,חמישי,יום,יום רגיל,5,7,5000,5,,
2025054952,קלה,0,עירוני בצומת,1,60,עד 5 מטר,אין ליקוי,בהיר,יבש,ראשון,יום,יום רגיל,3,10,6600,5,,
2025054984,קשה,0,עירוני לא בצומת,1,לא ידוע,,לא ידוע,לא ידוע,לא ידוע,שלישי,לילה,יום רגיל,4,6,7900,4,,
2025055026,קלה,0,עירוני בצומת,1,לא ידוע,,לא ידוע,לא ידוע,לא ידוע,חמישי,יום,יום רגיל,9,7,5000,5,,
2025055054,קלה,0,עירוני בצומת,1,עד 50,10.5 עד 14 מטר,אין ליקוי,בהיר,יבש,חמישי,יום,יום רגיל,10,7,70,6,,
2025055058,קשה,0,עירוני לא בצומת,1,לא ידוע,,לא ידוע,לא ידוע,לא ידוע,שבת,לילה,יום רגיל,11,21,480,2,,
2025055103,קלה,0,עירוני בצומת,1,לא ידוע,,לא ידוע,לא ידוע,לא ידוע,שלישי,יום,יום רגיל,12,15,8400,4,,
2025055138,קלה,0,עירוני בצומת,1,עד 50,5 עד 7 מטר,אין ליקוי,בהיר,יבש,ראשון,לילה,יום רגיל,4,21,9000,6,,
2025055145,קלה,0,עירוני בצומת,1,עד 50,5 עד 7 מטר,אין ליקוי,לא ידוע,יבש,שני,יום,יום רגיל,2,10,4000,3,,
2025055161,קשה,0,עירוני לא בצומת,1,עד 50,5 עד 7 מטר,אין ליקוי,בהיר,יבש,שני,לילה,יום רגיל,1,19,3647,7,,
2025055167,קשה,0,לא עירוני לא בצומת,0,90,5 עד 7 מטר,אין ליקוי,בהיר,יבש,רביעי,יום,יום רגיל,7,7,0,4,,
2025055180,קלה,0,עירוני לא בצומת,1,עד 50,,אין ליקוי,בהיר,יבש,ראשון,לילה,יום רגיל,9,21,246,6,,
2025055181,קלה,0,לא עירוני בצומת,0,70,7 עד 10.5 מטר,אין ליקוי,בהיר,יבש,שבת,לילה,יום רגיל,8,21,0,3,,
2025055210,קשה,0,עירוני לא בצומת,1,עד 50,10.5 עד 14 מטר,אין ליקוי,בהיר,יבש,ראשון,יום,יום רגיל,2,14,7100,6,,
2025055228,קלה,0,עירוני לא בצומת,1,עד 50,5 עד 7 מטר,אין ליקוי,בהיר,יבש,ראשון,יום,יום רגיל,7,14,8600,5,,
2025055233,קשה,0,עירוני לא בצומת,1,עד 50,7 עד 10.5 מטר,אין ליקוי,בהיר,יבש,רביעי,לילה,יום רגיל,12,5,2610,1,,
2025055257,קלה,0,עירוני לא בצומת,1,עד 50,עד 5 מטר,אין ליקוי,בהיר,יבש,שלישי,לילה,יום רגיל,6,20,154,4,,
2025055277,קטלנית,1,לא עירוני לא בצומת,0,,10.5 עד 14 מטר,אין ליקוי,בהיר,יבש,חמישי,יום,יום רגיל,6,9,0,4,,
2025055279,קלה,0,עירוני בצומת,1,עד 50,7 עד 10.5 מטר,אין ליקוי,בהיר,יבש,שלישי,יום,יום רגיל,6,17,874,2,,
2025055310,קלה,0,לא עירוני לא בצומת,0,80,7 עד 10.5 מטר,אין ליקוי,בהיר,יבש,שלישי,יום,יום רגיל,7,12,0,6,,
2025055320,קשה,0,עירוני לא בצומת,1,לא ידוע,,לא ידוע,לא ידוע,לא ידוע,שני,יום,יום רגיל,6,12,7000,4,,
2025055333,קטלנית,1,עירוני לא בצומת,1,עד 50,10.5 עד 14 מטר,אין ליקוי,בהיר,חול או חצץ על הכביש,שני,לילה,ערב חג,9,19,968,6,,
2025055354,קלה,0,לא עירוני בצומת,0,90,7 עד 10.5 מטר,אין ליקוי,גשום,רטוב ממים,ראשון,לילה,יום רגיל,2,20,0,3,,
2025055358,קלה,0,עירוני לא בצומת,1,עד 50,5 עד 7 מטר,אין ליקוי,בהיר,יבש,שישי,לילה,יום רגיל,8,5,7900,4,,
2025055361,קלה,0,עירוני לא בצומת,1,עד 50,7 עד 10.5 מטר,אין ליקוי,בהיר,יבש,שלישי,יום,יום רגיל,9,8,2630,6,,
2025055363,קלה,0,לא עירוני בצומת,0,70,יותר מ-14 מטר,אין ליקוי,בהיר,יבש,שני,יום,יום רגיל,1,12,0,2,,
2025055364,קשה,0,עירוני לא בצומת,1,לא ידוע,,לא ידוע,לא ידוע,לא ידוע,חמישי,לילה,יום רגיל,9,20,3000,1,,
2025055383,קלה,0,עירוני לא בצומת,1,עד 50,5 עד 7 מטר,אין ליקוי,בהיר,יבש,ראשון,לילה,יום רגיל,12,17,2630,6,,
2025055411,קלה,0,עירוני בצומת,1,עד 50,,אין ליקוי,בהיר,יבש,שלישי,יום,יום רגיל,1,16,5000,5,,
2025055433,קלה,0,עירוני בצומת,1,עד 50,7 עד 10.5 מטר,אין ליקוי,בהיר,יבש,חמישי,יום,יום רגיל,5,17,2630,6,,
2025055454,קטלנית,1,לא עירוני לא בצומת,0,80,7 עד 10.5 מטר,אין ליקוי,בהיר,יבש,ראשון,לילה,יום רגיל,3,17,0,3,,
2025055459,קלה,0,עירוני בצומת,1,עד 50,,אין ליקוי,בהיר,יבש,שלישי,יום,יום רגיל,8,10,7900,4,,
2025055462,קלה,0,עירוני בצומת,1,עד 50,10.5 עד 14 מטר,אין ליקוי,בהיר,יבש,ראשון,יום,יום רגיל,7,16,2640,4,,
2025055472,קלה,0,עירוני בצומת,1,עד 50,5 עד 7 מטר,אין ליקוי,בהיר,יבש,שבת,לילה,יום רגיל,5,20,3000,1,,
2025055483,קלה,0,עירוני לא בצומת,1,עד 50,5 עד 7 מטר,אין ליקוי,בהיר,יבש,שבת,לילה,יום רגיל,8,22,8300,4,,
2025055507,קשה,0,עירוני בצומת,1,לא ידוע,,לא ידוע,לא ידוע,לא ידוע,שני,לילה,יום רגיל,5,22,6500,3,,
2025055509,קשה,0,לא עירוני לא בצומת,0,לא ידוע,,לא ידוע,לא ידוע,לא ידוע,רביעי,יום,יום רגיל,4,11,0,3,,
2025055528,קלה,0,עירוני לא בצומת,1,עד 50,5 עד 7 מטר,אין ליקוי,לא ידוע,יבש,חמישי,יום,יום רגיל,5,9,3557,7,,
2025055535,קשה,0,עירוני בצומת,1,עד 50,10.5 עד 14 מטר,אין ליקוי,בהיר,יבש,חמישי,יום,יום רגיל,8,8,3000,1,,
2025055551,קלה,0,לא עירוני לא בצומת,0,100,10.5 עד 14 מטר,אין ליקוי,בהיר,יבש,שני,יום,ערב חג,10,17,0,4,,
2025055560,קשה,0,לא עירוני לא בצומת,0,לא ידוע,,לא ידוע,לא ידוע,לא ידוע,שישי,לילה,יום רגיל,9,19,0,2,,
2025055577,קלה,0,עירוני בצומת,1,עד 50,5 עד 7 מטר,אין ליקוי,בהיר,יבש,ראשון,יום,יום רגיל,3,10,9400,4,,
2025055604,קלה,0,עירוני בצומת,1,עד 50,5 עד 7 מטר,אין ליקוי,בהיר,יבש,ראשון,יום,יום רגיל,3,9,2650,5,,
2025055621,קשה,0,עירוני לא בצומת,1,לא ידוע,,לא ידוע,לא ידוע,לא ידוע,שלישי,לילה,יום רגיל,8,20,8400,4,,
2025055635,קלה,0,עירוני בצומת,1,עד 50,5 עד 7 מטר,אין ליקוי,בהיר,יבש,חמישי,לילה,יום רגיל,11,17,6400,5,,
2025055644,קלה,0,עירוני בצומת,1,עד 50,10.5 עד 14 מטר,אין ליקוי,בהיר,רטוב ממים,חמישי,יום,יום רגיל,2,6,6900,4,,
2025055650,קלה,0,עירוני בצומת,1,60,7 עד 10.5 מטר,אין ליקוי,בהיר,יבש,שבת,לילה,יום רגיל,4,20,9000,6,,
2025055652,קשה,0,לא עירוני בצומת,0,80,יותר מ-14 מטר,אין ליקוי,בהיר,יבש,ראשון,יום,ערב חג,6,12,0,4,,
2025055656,קלה,0,עירוני לא בצומת,1,לא ידוע,,לא ידוע,לא ידוע,לא ידוע,רביעי,יום,ערב חג,10,7,8500,4,,
2025055664,קלה,0,לא עירוני בצומת,0,עד 50,7 עד 10.5 מטר,אין ליקוי,בהיר,יבש,רביעי,יום,יום רגיל,6,7,0,2,,
2025055716,קשה,0,לא עירוני לא בצומת,0,80,5 עד 7 מטר,אין ליקוי,בהיר,יבש,שישי,יום,יום רגיל,5,14,0,2,,
2025055718,קשה,0,עירוני בצומת,1,עד 50,10.5 עד 14 מטר,אין ליקוי,בהיר,יבש,ראשון,לילה,יום רגיל,2,5,3000,1,,
2025055737,קשה,0,לא עירוני לא בצומת,0,לא ידוע,,לא ידוע,לא ידוע,לא ידוע,שני,יום,יום רגיל,2,10,0,5,,
2025055746,קשה,0,עירוני לא בצומת,1,עד 50,5 עד 7 מטר,אין ליקוי,בהיר,יבש,שלישי,יום,יום רגיל,1,16,534,3,,
2025055752,קלה,0,עירוני בצומת,1,עד 50,7 עד 10.5 מטר,אין ליקוי,בהיר,יבש,חמישי,לילה,יום רגיל,5,21,7900,4,,
2025055754,קלה,0,לא עירוני בצומת,0,עד 50,יותר מ-14 מטר,אין ליקוי,בהיר,יבש,שני,לילה,יום רגיל,5,20,0,3,,
2025055756,קשה,0,עירוני לא בצומת,1,לא ידוע,,לא ידוע,לא ידוע,לא ידוע,ראשון,יום,יום רגיל,10,17,8300,4,,
2025055757,קלה,0,לא עירוני בצומת,0,70,10.5 עד 14 מטר,אין ליקוי,בהיר,יבש,ראשון,יום,יום רגיל,7,13,0,3,,
2025055763,קלה,0,עירוני בצומת,1,עד 50,10.5 עד 14 מטר,אין ליקוי,בהיר,יבש,ראשון,יום,יום רגיל,10,8,7900,4,,
2025055774,קלה,0,לא עירוני בצומת,0,80,7 עד 10.5 מטר,אין ליקוי,בהיר,יבש,ראשון,יום,יום רגיל,1,13,0,3,,
2025055815,קלה,0,עירוני בצומת,1,עד 50,7 עד 10.5 מטר,אין ליקוי,בהיר,יבש,שלישי,יום,יום רגיל,12,11,166,4,,
2025055820,קשה,0,עירוני לא בצומת,1,לא ידוע,,לא ידוע,לא ידוע,לא ידוע,שלישי,יום,יום רגיל,8,14,5000,5,,
2025055847,קלה,0,לא עירוני לא בצומת,0,80,7 עד 10.5 מטר,אין ליקוי,גשום,רטוב ממים,שבת,לילה,יום רגיל,12,4,0,2,,
2025055849,קלה,0,עירוני בצומת,1,עד 50,10.5 עד 14 מטר,אין ליקוי,בהיר,יבש,שבת,לילה,יום רגיל,2,22,2650,5,,
2025055851,קלה,0,עירוני לא בצומת,1,לא ידוע,,לא ידוע,לא ידוע,לא ידוע,רביעי,יום,יום רגיל,12,15,7900,4,,
2025055854,קלה,0,עירוני בצומת,1,עד 50,7 עד 10.5 מטר,אין ליקוי,בהיר,יבש,ראשון,יום,יום רגיל,5,16,70,6,,
2025055862,קלה,0,עירוני לא בצומת,1,לא ידוע,,לא ידוע,לא ידוע,לא ידוע,רביעי,יום,יום רגיל,11,11,8600,5,,
2025055870,קלה,0,לא עירוני בצומת,0,90,7 עד 10.5 מטר,אין ליקוי,לא ידוע,יבש,שני,יום,יום רגיל,8,17,0,6,,
2025055879,קלה,0,לא עירוני לא בצומת,0,עד 50,7 עד 10.5 מטר,שוליים גרועים וכביש משובש,שרבי,יבש,שני,יום,יום רגיל,7,12,0,9,,
2025055885,קלה,0,לא עירוני בצומת,0,90,יותר מ-14 מטר,אין ליקוי,בהיר,יבש,שבת,יום,יום רגיל,2,8,0,4,,
2025055889,קלה,0,לא עירוני לא בצומת,0,80,7 עד 10.5 מטר,אין ליקוי,בהיר,יבש,רביעי,יום,יום רגיל,1,15,0,6,,
2025055902,קלה,0,עירוני בצומת,1,עד 50,5 עד 7 מטר,אין ליקוי,גשום,רטוב ממים,רביעי,יום,יום רגיל,2,14,6500,3,,
2025055903,קלה,0,עירוני בצומת,1,עד 50,7 עד 10.5 מטר,אין ליקוי,בהיר,יבש,רביעי,יום,יום רגיל,8,17,638,4,,
2025055915,קלה,0,עירוני בצומת,1,עד 50,5 עד 7 מטר,אין ליקוי,בהיר,יבש,שישי,לילה,יום רגיל,5,0,6200,5,,
2025055928,קלה,0,עירוני בצומת,1,עד 50,7 עד 10.5 מטר,אין ליקוי,בהיר,יבש,שלישי,יום,יום רגיל,4,14,8300,4,,
2025055929,קלה,0,עירוני לא בצומת,1,עד 50,עד 5 מטר,אין ליקוי,בהיר,יבש,רביעי,לילה,יום רגיל,12,17,8700,4,,
2025055938,קלה,0,עירוני בצומת,1,60,יותר מ-14 מטר,אין ליקוי,בהיר,יבש,שלישי,יום,יום רגיל,7,13,4000,3,,
2025055945,קלה,0,לא עירוני בצומת,0,90,10.5 עד 14 מטר,אין ליקוי,בהיר,יבש,רביעי,יום,יום רגיל,9,15,0,2,,
2025055961,קלה,0,עירוני בצומת,1,עד 50,7 עד 10.5 מטר,כביש משובש,בהיר,יבש,רביעי,לילה,יום רגיל,5,23,6200,5,,
2025055963,קלה,0,עירוני בצומת,1,עד 50,יותר מ-14 מטר,אין ליקוי,בהיר,יבש,רביעי,לילה,יום רגיל,2,20,5000,5,,
2025055970,קשה,0,לא עירוני בצומת,0,לא ידוע,,לא ידוע,לא ידוע,לא ידוע,שישי,לילה,יום רגיל,9,0,0,4,,
2025056000,קלה,0,עירוני בצומת,1,עד 50,7 עד 10.5 מטר,אין ליקוי,בהיר,יבש,ראשון,יום,יום רגיל,4,15,7100,6,,
2025056006,קלה,0,עירוני בצומת,1,עד 50,7 עד 10.5 מטר,אין ליקוי,בהיר,יבש,שני,יום,יום רגיל,6,18,2630,6,,
2025056019,קלה,0,עירוני בצומת,1,עד 50,,לא ידוע,בהיר,יבש,שישי,יום,יום רגיל,7,8,3780,7,,
2025056025,קלה,0,לא עירוני בצומת,0,90,7 עד 10.5 מטר,אין ליקוי,בהיר,יבש,שבת,יום,יום רגיל,1,7,0,6,,
2025056064,קלה,0,לא עירוני בצומת,0,70,יותר מ-14 מטר,אין ליקוי,בהיר,יבש,רביעי,לילה,יום רגיל,1,5,0,3,,
2025056066,קשה,0,עירוני לא בצומת,1,עד 50,7 עד 10.5 מטר,אין ליקוי,בהיר,יבש,חמישי,לילה,יום רגיל,2,6,8600,5,,
2025056090,קלה,0,עירוני לא בצומת,1,עד 50,10.5 עד 14 מטר,אין ליקוי,בהיר,יבש,שלישי,יום,יום רגיל,2,17,9500,3,,
2025056095,קלה,0,לא עירוני בצומת,0,90,יותר מ-14 מטר,אין ליקוי,בהיר,יבש,שני,לילה,יום רגיל,8,20,0,4,,
2025056098,קלה,0,לא עירוני בצומת,0,90,5 עד 7 מטר,אין ליקוי,בהיר,יבש,חמישי,לילה,יום רגיל,2,5,0,6,,
2025056101,קלה,0,עירוני בצומת,1,עד 50,10.5 עד 14 מטר,אין ליקוי,בהיר,יבש,רביעי,לילה,יום רגיל,9,20,4000,3,,
2025056110,קשה,0,עירוני לא בצומת,1,לא ידוע,,לא ידוע,לא ידוע,לא ידוע,ראשון,יום,ערב חג,6,10,7900,4,,
2025056112,קטלנית,1,לא עירוני לא בצומת,0,90,10.5 עד 14 מטר,אין ליקוי,בהיר,יבש,ראשון,לילה,יום רגיל,12,19,0,6,,
2025056114,קלה,0,לא עירוני בצומת,0,עד 50,יותר מ-14 מטר,אין ליקוי,בהיר,יבש,שישי,יום,יום רגיל,9,7,0,6,,
2025056119,קטלנית,1,לא עירוני לא בצומת,0,100,10.5 עד 14 מטר,אין ליקוי,בהיר,יבש,חמישי,יום,יום רגיל,8,8,0,4,,
2025056128,קלה,0,עירוני בצומת,1,עד 50,10.5 עד 14 מטר,אין ליקוי,בהיר,יבש,שלישי,לילה,יום רגיל,8,20,9700,4,,
2025056134,קטלנית,1,עירוני בצומת,1,60,7 עד 10.5 מטר,אין ליקוי,בהיר,יבש,שלישי,יום,יום רגיל,3,9,9000,6,,
2025056142,קשה,0,לא עירוני לא בצומת,0,80,7 עד 10.5 מטר,אין ליקוי,בהיר,יבש,שלישי,לילה,יום רגיל,12,17,0,7,,
2025056190,קלה,0,עירוני בצומת,1,עד 50,עד 5 מטר,אין ליקוי,בהיר,יבש,שני,יום,יום רגיל,8,18,154,4,,
2025056204,קשה,0,לא עירוני לא בצומת,0,90,7 עד 10.5 מטר,אין ליקוי,בהיר,יבש,רביעי,יום,יום רגיל,5,10,0,4,,
2025056215,קלה,0,לא עירוני לא בצומת,0,90,10.5 עד 14 מטר,אין ליקוי,לא ידוע,יבש,רביעי,לילה,יום רגיל,11,17,0,6,,
2025056224,קלה,0,לא עירוני בצומת,0,70,7 עד 10.5 מטר,אין ליקוי,בהיר,יבש,חמישי,יום,יום רגיל,3,15,0,3,,
2025056225,קלה,0,עירוני בצומת,1,עד 50,יותר מ-14 מטר,אין ליקוי,בהיר,יבש,ראשון,לילה,יום רגיל,8,20,5000,5,,
2025056233,קשה,0,עירוני לא בצומת,1,לא ידוע,,לא ידוע,לא ידוע,לא ידוע,שלישי,לילה,יום רגיל,10,20,1066,4,,
2025056244,קלה,0,עירוני לא בצומת,1,עד 50,7 עד 10.5 מטר,אין ליקוי,בהיר,יבש,שלישי,יום,יום רגיל,7,8,7100,6,,
2025056293,קשה,0,עירוני לא בצומת,1,לא ידוע,,לא ידוע,לא ידוע,לא ידוע,שלישי,לילה,יום רגיל,5,21,6100,5,,
2025056303,קלה,0,עירוני לא בצומת,1,עד 50,10.5 עד 14 מטר,אין ליקוי,בהיר,יבש,חמישי,יום,יום רגיל,9,7,4000,3,,
2025056304,קלה,0,עירוני לא בצומת,1,לא ידוע,,לא ידוע,לא ידוע,לא ידוע,חמישי,יום,יום רגיל,6,16,5000,5,,
2025056322,קלה,0,לא עירוני בצומת,0,80,10.5 עד 14 מטר,אין ליקוי,בהיר,יבש,חמישי,יום,יום רגיל,6,9,0,4,,
2025056332,קלה,0,לא עירוני בצומת,0,עד 50,7 עד 10.5 מטר,אין ליקוי,בהיר,יבש,שני,לילה,ערב חג,9,2,0,3,,
2025056333,קלה,0,לא עירוני לא בצומת,0,70,10.5 עד 14 מטר,אין ליקוי,בהיר,יבש,שישי,לילה,יום רגיל,1,17,0,2,,
2025056335,קטלנית,1,לא עירוני לא בצומת,0,80,7 עד 10.5 מטר,אין ליקוי,בהיר,יבש,שישי,יום,יום רגיל,3,10,0,2,,
2025056342,קשה,0,עירוני לא בצומת,1,עד 50,5 עד 7 מטר,אין ליקוי,בהיר,יבש,חמישי,יום,יום רגיל,8,7,7900,4,,
2025056352,קלה,0,עירוני לא בצומת,1,לא ידוע,,לא ידוע,לא ידוע,לא ידוע,ראשון,יום,יום רגיל,11,14,5000,5,,
2025056354,קלה,0,עירוני בצומת,1,עד 50,5 עד 7 מטר,אין ליקוי,בהיר,יבש,רביעי,יום,יום רגיל,5,17,3000,1,,
2025056361,קשה,0,עירוני לא בצומת,1,עד 50,,אין ליקוי,בהיר,יבש,ראשון,לילה,יום רגיל,1,18,6200,5,,
2025056371,קלה,0,לא עירוני בצומת,0,עד 50,5 עד 7 מטר,אין ליקוי,בהיר,יבש,שני,לילה,יום רגיל,7,0,0,7,,
2025056380,קטלנית,1,עירוני לא בצומת,1,עד 50,7 עד 10.5 מטר,אין ליקוי,בהיר,יבש,שלישי,לילה,יום רגיל,11,18,70,6,,
2025056384,קלה,0,עירוני לא בצומת,1,עד 50,7 עד 10.5 מטר,אין ליקוי,בהיר,יבש,שלישי,יום,יום רגיל,5,10,6600,5,,
2025056386,קשה,0,עירוני בצומת,1,עד 50,7 עד 10.5 מטר,אין ליקוי,בהיר,יבש,שני,לילה,יום רגיל,10,18,482,2,,
2025056392,קלה,0,עירוני בצומת,1,עד 50,7 עד 10.5 מטר,אין ליקוי,בהיר,יבש,ראשון,יום,יום רגיל,7,11,6200,5,,
2025056410,קלה,0,עירוני בצומת,1,60,7 עד 10.5 מטר,אין ליקוי,בהיר,יבש,שישי,יום,יום רגיל,4,14,9000,6,,
2025056421,קשה,0,לא עירוני לא בצומת,0,,יותר מ-14 מטר,אין ליקוי,בהיר,יבש,שבת,יום,יום רגיל,2,7,0,4,,
2025056425,קלה,0,עירוני בצומת,1,90,,אין ליקוי,בהיר,יבש,שבת,יום,יום רגיל,5,17,4000,3,,
2025056432,קלה,0,עירוני לא בצומת,1,לא ידוע,,לא ידוע,לא ידוע,לא ידוע,ראשון,לילה,יום רגיל,7,22,541,3,,
2025056436,קטלנית,1,לא עירוני לא בצומת,0,80,7 עד 10.5 מטר,אין ליקוי,בהיר,יבש,ראשון,יום,יום רגיל,9,8,0,4,,
2025056463,קלה,0,לא עירוני בצומת,0,70,5 עד 7 מטר,אין ליקוי,בהיר,יבש,שבת,לילה,יום רגיל,9,0,0,2,,
2025056467,קשה,0,עירוני לא בצומת,1,לא ידוע,,לא ידוע,לא ידוע,לא ידוע,שני,לילה,יום רגיל,10,18,3000,1,,
2025056492,קשה,0,לא עירוני בצומת,0,לא ידוע,,לא ידוע,לא ידוע,לא ידוע,חמישי,יום,יום רגיל,1,16,0,6,,
2025056512,קלה,0,עירוני לא בצומת,1,עד 50,7 עד 10.5 מטר,אין ליקוי,בהיר,יבש,שלישי,יום,יום רגיל,8,18,195,4,,
2025056573,קלה,0,לא עירוני לא בצומת,0,עד 50,5 עד 7 מטר,אין ליקוי,בהיר,יבש,רביעי,יום,יום רגיל,12,12,0,2,,
2025056577,קלה,0,לא עירוני בצומת,0,70,7 עד 10.5 מטר,אין ליקוי,בהיר,יבש,רביעי,יום,יום רגיל,2,16,0,3,,
2025056587,קלה,0,עירוני לא בצומת,1,70,5 עד 7 מטר,אין ליקוי,בהיר,יבש,שלישי,לילה,חול המועד,4,20,2500,3,,
2025056615,קלה,0,לא עירוני לא בצומת,0,90,10.5 עד 14 מטר,אין ליקוי,בהיר,יבש,שלישי,לילה,חג,9,20,0,5,,
2025056619,קשה,0,עירוני בצומת,1,עד 50,עד 5 מטר,אין ליקוי,בהיר,אחר,שלישי,לילה,יום רגיל,5,20,5000,5,,
2025056624,קלה,0,לא עירוני בצומת,0,70,יותר מ-14 מטר,אין ליקוי,בהיר,יבש,שלישי,לילה,יום רגיל,12,17,0,3,,
2025056635,קלה,0,עירוני בצומת,1,עד 50,7 עד 10.5 מטר,אין ליקוי,בהיר,יבש,שני,לילה,יום רגיל,3,19,6300,5,,
2025056684,קטלנית,1,עירוני לא בצומת,1,עד 50,5 עד 7 מטר,אין ליקוי,בהיר,יבש,שבת,יום,יום רגיל,10,11,7900,4,,
2025056699,קלה,0,לא עירוני בצומת,0,לא ידוע,,לא ידוע,לא ידוע,לא ידוע,שלישי,יום,יום רגיל,8,7,0,4,,
2025056708,קלה,0,עירוני בצומת,1,עד 50,7 עד 10.5 מטר,אין ליקוי,בהיר,יבש,שישי,יום,יום רגיל,7,10,4000,3,,
2025056709,קלה,0,עירוני בצומת,1,עד 50,5 עד 7 מטר,אין ליקוי,בהיר,יבש,שני,יום,יום רגיל,11,16,4000,3,,
2025056711,קלה,0,עירוני בצומת,1,עד 50,5 עד 7 מטר,אין ליקוי,לא ידוע,יבש,שישי,יום,יום רגיל,5,9,4000,3,,
2025056721,קשה,0,לא עירוני לא בצומת,0,80,5 עד 7 מטר,אין ליקוי,בהיר,יבש,שישי,לילה,יום רגיל,7,1,0,4,,
2025056725,קלה,0,עירוני בצומת,1,60,יותר מ-14 מטר,אין ליקוי,בהיר,יבש,ראשון,יום,יום רגיל,1,13,9000,6,,
2025056733,קלה,0,עירוני לא בצומת,1,עד 50,5 עד 7 מטר,אין ליקוי,בהיר,יבש,שני,יום,יום רגיל,12,15,4000,3,,
2025056744,קלה,0,עירוני בצומת,1,עד 50,7 עד 10.5 מטר,אין ליקוי,בהיר,יבש,שישי,לילה,יום רגיל,11,19,7900,4,,
2025056765,קלה,0,לא עירוני בצומת,0,עד 50,7 עד 10.5 מטר,אין ליקוי,בהיר,יבש,שני,יום,יום רגיל,6,17,0,2,,
2025056775,קשה,0,לא עירוני לא בצומת,0,לא ידוע,,לא ידוע,לא ידוע,לא ידוע,שישי,יום,חול המועד,10,12,0,5,,
2025056787,קלה,0,עירוני בצומת,1,עד 50,7 עד 10.5 מטר,אין ליקוי,בהיר,יבש,ראשון,לילה,יום רגיל,1,18,4000,3,,
2025056796,קלה,0,עירוני בצומת,1,עד 50,,אין ליקוי,בהיר,יבש,ראשון,יום,יום רגיל,6,9,6100,5,,
2025056814,קשה,0,לא עירוני לא בצומת,0,לא ידוע,,לא ידוע,לא ידוע,לא ידוע,שישי,יום,יום רגיל,2,16,0,1,,
2025056830,קלה,0,עירוני בצומת,1,עד 50,10.5 עד 14 מטר,אין ליקוי,בהיר,יבש,שישי,יום,יום רגיל,1,9,4000,3,,
2025056833,קשה,0,עירוני בצומת,1,לא ידוע,,לא ידוע,לא ידוע,לא ידוע,רביעי,יום,יום רגיל,5,15,6600,5,,
2025056839,קלה,0,עירוני לא בצומת,1,עד 50,10.5 עד 14 מטר,אין ליקוי,בהיר,יבש,ראשון,יום,יום רגיל,6,10,4000,3,,
2025056850,קשה,0,עירוני בצומת,1,עד 50,7 עד 10.5 מטר,אין ליקוי,בהיר,יבש,שלישי,יום,יום רגיל,3,8,3000,1,,
2025056855,קלה,0,עירוני לא בצומת,1,עד 50,5 עד 7 מטר,אין ליקוי,בהיר,יבש,רביעי,יום,יום רגיל,5,8,3000,1,,
2025056879,קלה,0,עירוני בצומת,1,עד 50,7 עד 10.5 מטר,אין ליקוי,בהיר,יבש,רביעי,לילה,יום רגיל,8,20,7600,2,,
2025056882,קלה,0,עירוני לא בצומת,1,60,7 עד 10.5 מטר,אין ליקוי,בהיר,יבש,רביעי,לילה,יום רגיל,11,19,2640,4,,
2025056894,קלה,0,לא עירוני בצומת,0,90,7 עד 10.5 מטר,אין ליקוי,בהיר,יבש,שישי,יום,חג,3,15,0,2,,
2025056914,קשה,0,לא עירוני בצומת,0,עד 50,יותר מ-14 מטר,אין ליקוי,בהיר,יבש,שני,לילה,יום רגיל,3,20,0,4,,
2025056919,קלה,0,עירוני לא בצומת,1,עד 50,5 עד 7 מטר,אין ליקוי,בהיר,יבש,שלישי,יום,יום רגיל,1,8,5000,5,,
2025056922,קלה,0,לא עירוני לא בצומת,0,70,7 עד 10.5 מטר,לא ידוע,בהיר,יבש,שלישי,יום,יום רגיל,6,18,0,1,,
2025056968,קלה,0,עירוני בצומת,1,70,7 עד 10.5 מטר,אין ליקוי,בהיר,יבש,שבת,לילה,יום רגיל,2,20,70,6,,
2025056971,קלה,0,עירוני לא בצומת,1,עד 50,יותר מ-14 מטר,אין ליקוי,בהיר,יבש,שלישי,יום,יום רגיל,4,16,7400,4,,
2025056981,קלה,0,עירוני לא בצומת,1,עד 50,7 עד 10.5 מטר,אין ליקוי,בהיר,יבש,רביעי,לילה,יום רגיל,7,0,4000,3,,
2025056988,קשה,0,עירוני לא בצומת,1,עד 50,עד 5 מטר,אין ליקוי,בהיר,יבש,שלישי,יום,יום רגיל,1,7,5000,5,,
2025056993,קלה,0,עירוני לא בצומת,1,עד 50,7 עד 10.5 מטר,אין ליקוי,לא ידוע,יבש,רביעי,יום,יום רגיל,12,14,4000,3,,
2025056996,קלה,0,עירוני לא בצומת,1,60,7 עד 10.5 מטר,אין ליקוי,בהיר,יבש,שישי,יום,יום רגיל,6,19,4000,3,,
2025057002,קלה,0,לא עירוני בצומת,0,80,יותר מ-14 מטר,אין ליקוי,בהיר,יבש,חמישי,יום,חג,5,13,0,3,,
2025057012,קשה,0,עירוני בצומת,1,עד 50,7 עד 10.5 מטר,אין ליקוי,בהיר,יבש,חמישי,יום,יום רגיל,2,12,5000,5,,
2025057014,קשה,0,לא עירוני בצומת,0,עד 50,5 עד 7 מטר,אין ליקוי,בהיר,יבש,שלישי,יום,יום רגיל,7,17,0,3,,
2025057018,קשה,0,לא עירוני לא בצומת,0,60,5 עד 7 מטר,אין ליקוי,בהיר,יבש,שלישי,לילה,יום רגיל,5,20,0,1,,
2025057089,קשה,0,עירוני לא בצומת,1,לא ידוע,,לא ידוע,לא ידוע,לא ידוע,שלישי,יום,יום רגיל,12,16,7900,4,,
2025057096,קשה,0,לא עירוני לא בצומת,0,90,7 עד 10.5 מטר,אין ליקוי,בהיר,יבש,ראשון,יום,יום רגיל,1,12,0,6,,
2025057105,קשה,0,לא עירוני בצומת,0,80,7 עד 10.5 מטר,אין ליקוי,בהיר,יבש,שישי,יום,יום רגיל,6,14,0,6,,
2025057109,קלה,0,לא עירוני בצומת,0,80,7 עד 10.5 מטר,אין ליקוי,בהיר,יבש,שלישי,יום,יום רגיל,9,14,0,7,,
2025057117,קלה,0,עירוני בצומת,1,עד 50,10.5 עד 14 מטר,אין ליקוי,בהיר,יבש,שלישי,יום,יום רגיל,11,9,2630,6,,
2025057126,קשה,0,עירוני בצומת,1,עד 50,7 עד 10.5 מטר,אין ליקוי,בהיר,יבש,חמישי,לילה,יום רגיל,2,17,7100,6,,
2025057128,קלה,0,עירוני לא בצומת,1,עד 50,5 עד 7 מטר,אין ליקוי,בהיר,יבש,ראשון,יום,יום רגיל,6,11,4000,3,,
2025057135,קלה,0,לא עירוני לא בצומת,0,100,10.5 עד 14 מטר,אין ליקוי,בהיר,יבש,שני,יום,יום רגיל,6,12,0,5,,
2025057144,קשה,0,לא עירוני בצומת,0,לא ידוע,,לא ידוע,לא ידוע,לא ידוע,שני,יום,יום רגיל,9,10,0,4,,
2025057149,קלה,0,עירוני בצומת,1,70,5 עד 7 מטר,אין ליקוי,בהיר,יבש,שני,לילה,יום רגיל,2,19,70,6,,
2025057156,קשה,0,עירוני לא בצומת,1,לא ידוע,,לא ידוע,לא ידוע,לא ידוע,שני,יום,יום רגיל,9,13,8300,4,,
2025057160,קלה,0,עירוני בצומת,1,60,5 עד 7 מטר,אין ליקוי,בהיר,יבש,ראשון,יום,יום רגיל,9,10,6600,5,,
2025057166,קשה,0,עירוני לא בצומת,1,עד 50,,אין ליקוי,בהיר,יבש,שני,לילה,יום רגיל,2,20,6100,5,,
2025057171,קלה,0,עירוני בצומת,1,עד 50,7 עד 10.5 מטר,אין ליקוי,בהיר,יבש,חמישי,יום,יום רגיל,2,11,9000,6,,
2025057196,קלה,0,עירוני בצומת,1,עד 50,5 עד 7 מטר,אין ליקוי,בהיר,יבש,שישי,יום,יום רגיל,5,16,3000,1,,
2025057206,קלה,0,עירוני בצומת,1,עד 50,,אין ליקוי,בהיר,יבש,רביעי,יום,יום רגיל,7,10,7600,2,,
2025057208,קלה,0,לא עירוני לא בצומת,0,90,10.5 עד 14 מטר,אין ליקוי,בהיר,יבש,חמישי,לילה,יום רגיל,9,23,0,5,,
2025057218,קשה,0,עירוני לא בצומת,1,לא ידוע,,לא ידוע,לא ידוע,לא ידוע,שלישי,לילה,יום רגיל,3,18,2100,3,,
2025057238,קלה,0,לא עירוני בצומת,0,70,,אין ליקוי,בהיר,יבש,שני,יום,יום רגיל,6,15,0,6,,
2025057249,קלה,0,עירוני לא בצומת,1,עד 50,5 עד 7 מטר,אין ליקוי,בהיר,יבש,שישי,יום,יום רגיל,1,8,7000,4,,
2025057253,קשה,0,לא עירוני בצומת,0,לא ידוע,,לא ידוע,לא ידוע,לא ידוע,ראשון,לילה,יום רגיל,11,21,0,4,,
2025057270,קלה,0,עירוני בצומת,1,עד 50,יותר מ-14 מטר,אין ליקוי,בהיר,יבש,שישי,יום,יום רגיל,9,11,70,6,,
2025057283,קלה,0,לא עירוני בצומת,0,70,,לא ידוע,בהיר,יבש,שישי,יום,יום רגיל,8,12,0,2,,
2025057285,קלה,0,לא עירוני בצומת,0,עד 50,7 עד 10.5 מטר,אין ליקוי,בהיר,יבש,שלישי,יום,יום רגיל,8,12,0,2,,
2025057309,קשה,0,עירוני בצומת,1,עד 50,7 עד 10.5 מטר,אין ליקוי,בהיר,יבש,שישי,יום,יום רגיל,5,14,9000,6,,
2025057331,קלה,0,עירוני בצומת,1,עד 50,,אין ליקוי,בהיר,יבש,שלישי,לילה,יום רגיל,4,22,6100,5,,
2025057332,קטלנית,1,לא עירוני לא בצומת,0,90,7 עד 10.5 מטר,אין ליקוי,בהיר,יבש,שבת,יום,יום רגיל,8,7,0,3,,
2025057357,קטלנית,1,לא עירוני לא בצומת,0,לא ידוע,,לא ידוע,לא ידוע,לא ידוע,חמישי,יום,יום רגיל,9,14,0,5,,
2025057380,קשה,0,לא עירוני בצומת,0,לא ידוע,,לא ידוע,לא ידוע,לא ידוע,רביעי,יום,יום רגיל,6,17,0,5,,
2025057394,קלה,0,עירוני לא בצומת,1,עד 50,5 עד 7 מטר,אין ליקוי,בהיר,יבש,ראשון,יום,יום רגיל,4,10,7900,4,,
2025057400,קשה,0,עירוני בצומת,1,עד 50,5 עד 7 מטר,אין ליקוי,בהיר,יבש,ראשון,יום,יום רגיל,7,10,5000,5,,
2025057415,קשה,0,עירוני לא בצומת,1,70,10.5 עד 14 מטר,אין ליקוי,בהיר,יבש,שני,יום,יום רגיל,6,8,4000,3,,
2025057416,קלה,0,עירוני בצומת,1,עד 50,7 עד 10.5 מטר,אין ליקוי,בהיר,יבש,רביעי,יום,חול המועד,4,16,7900,4,,
2025057454,קלה,0,לא עירוני בצומת,0,עד 50,7 עד 10.5 מטר,אין ליקוי,בהיר,יבש,שישי,לילה,יום רגיל,10,21,0,5,,
2025057461,קשה,0,לא עירוני לא בצומת,0,90,יותר מ-14 מטר,אין ליקוי,בהיר,יבש,שלישי,יום,יום רגיל,3,15,0,2,,
2025057491,קשה,0,עירוני לא בצומת,1,עד 50,7 עד 10.5 מטר,אין ליקוי,בהיר,יבש,רביעי,יום,יום רגיל,7,11,9500,3,,
2025057526,קלה,0,לא עירוני בצומת,0,80,7 עד 10.5 מטר,אין ליקוי,בהיר,יבש,חמישי,יום,יום רגיל,7,14,0,2,,
2025057531,קלה,0,לא עירוני בצומת,0,70,10.5 עד 14 מטר,אין ליקוי,לא ידוע,יבש,שני,יום,יום רגיל,2,12,0,4,,
2025057540,קלה,0,עירוני בצומת,1,עד 50,10.5 עד 14 מטר,אין ליקוי,בהיר,יבש,שני,לילה,יום רגיל,8,1,5000,5,,
2025057551,קלה,0,עירוני לא בצומת,1,עד 50,5 עד 7 מטר,אין ליקוי,לא ידוע,יבש,שלישי,יום,יום רגיל,12,8,7000,4,,
2025057554,קשה,0,לא עירוני לא בצומת,0,90,10.5 עד 14 מטר,אין ליקוי,בהיר,יבש,שני,יום,יום רגיל,9,17,0,4,,
2025057591,קלה,0,עירוני לא בצומת,1,עד 50,5 עד 7 מטר,אין ליקוי,בהיר,יבש,שישי,יום,יום רגיל,9,13,2640,4,,
2025057601,קלה,0,לא עירוני בצומת,0,80,10.5 עד 14 מטר,אין ליקוי,בהיר,יבש,שני,יום,חול המועד,4,11,0,4,,
2025057602,קשה,0,עירוני לא בצומת,1,עד 50,עד 5 מטר,אין ליקוי,בהיר,יבש,שלישי,יום,יום רגיל,6,12,2620,5,,
2025057603,קשה,0,עירוני בצומת,1,עד 50,עד 5 מטר,אין ליקוי,בהיר,יבש,חמישי,יום,יום רגיל,1,11,8600,5,,
2025057630,קלה,0,לא עירוני בצומת,0,90,7 עד 10.5 מטר,אין ליקוי,בהיר,יבש,שבת,יום,יום רגיל,5,15,0,6,,
2025057635,קלה,0,עירוני בצומת,1,עד 50,10.5 עד 14 מטר,אין ליקוי,בהיר,יבש,רביעי,לילה,יום רגיל,5,21,9000,6,,
2025057687,קשה,0,עירוני לא בצומת,1,עד 50,5 עד 7 מטר,אין ליקוי,בהיר,יבש,חמישי,יום,יום רגיל,5,18,6500,3,,
2025057706,קשה,0,לא עירוני בצומת,0,70,7 עד 10.5 מטר,אין ליקוי,בהיר,יבש,ראשון,יום,יום רגיל,10,12,0,5,,
2025057735,קשה,0,לא עירוני לא בצומת,0,90,7 עד 10.5 מטר,אין ליקוי,לא ידוע,יבש,ראשון,יום,יום רגיל,2,12,0,6,,
2025057787,קלה,0,עירוני בצומת,1,עד 50,עד 5 מטר,אין ליקוי,בהיר,יבש,רביעי,לילה,יום רגיל,1,17,6900,4,,
2025057814,קשה,0,לא עירוני לא בצומת,0,עד 50,5 עד 7 מטר,אין ליקוי,בהיר,יבש,ראשון,יום,יום רגיל,11,10,0,3,,
2025057816,קלה,0,עירוני בצומת,1,לא ידוע,5 עד 7 מטר,אין ליקוי,בהיר,יבש,חמישי,יום,יום רגיל,10,16,6400,5,,
2025057827,קשה,0,לא עירוני לא בצומת,0,לא ידוע,,לא ידוע,לא ידוע,לא ידוע,חמישי,יום,יום רגיל,10,14,0,2,,
2025057836,קשה,0,עירוני בצומת,1,עד 50,7 עד 10.5 מטר,אין ליקוי,בהיר,יבש,שלישי,יום,יום רגיל,8,16,70,6,,
2025057839,קשה,0,לא עירוני בצומת,0,90,,אין ליקוי,בהיר,יבש,שבת,יום,יום רגיל,10,15,0,6,,
2025057848,קלה,0,עירוני לא בצומת,1,עד 50,5 עד 7 מטר,אין ליקוי,בהיר,יבש,ראשון,יום,יום רגיל,6,9,4000,3,,
2025057874,קלה,0,לא עירוני בצומת,0,90,7 עד 10.5 מטר,לא ידוע,בהיר,יבש,שני,יום,יום רגיל,4,7,0,2,,
2025057886,קשה,0,לא עירוני בצומת,0,לא ידוע,,לא ידוע,לא ידוע,לא ידוע,רביעי,יום,חול המועד,10,16,0,4,,
2025057890,קשה,0,לא עירוני לא בצומת,0,90,7 עד 10.5 מטר,אין ליקוי,בהיר,יבש,שני,יום,יום רגיל,4,10,0,4,,
2025057902,קטלנית,1,לא עירוני בצומת,0,80,10.5 עד 14 מטר,אין ליקוי,גשום,רטוב ממים,שבת,לילה,יום רגיל,12,18,0,6,,
2025057951,קלה,0,עירוני בצומת,1,עד 50,,אין ליקוי,בהיר,יבש,שישי,יום,יום רגיל,7,13,2640,4,,
2025058015,קלה,0,לא עירוני בצומת,0,90,7 עד 10.5 מטר,אין ליקוי,בהיר,לא ידוע,שני,יום,יום רגיל,4,13,0,4,,
2025058031,קלה,0,לא עירוני בצומת,0,80,7 עד 10.5 מטר,אין ליקוי,בהיר,יבש,שבת,לילה,יום רגיל,2,23,0,4,,
2025058040,קלה,0,לא עירוני לא בצומת,0,לא ידוע,,לא ידוע,לא ידוע,לא ידוע,חמישי,יום,יום רגיל,8,15,0,5,,
2025058041,קלה,0,לא עירוני בצומת,0,עד 50,5 עד 7 מטר,אין ליקוי,בהיר,יבש,ראשון,יום,יום רגיל,2,13,0,3,,
2025058047,קטלנית,1,לא עירוני בצומת,0,90,7 עד 10.5 מטר,אין ליקוי,בהיר,יבש,שני,יום,יום רגיל,7,11,0,5,,
2025058103,קלה,0,עירוני בצומת,1,עד 50,7 עד 10.5 מטר,אין ליקוי,גשום,רטוב ממים,שישי,לילה,יום רגיל,3,4,2500,3,,
2025058112,קשה,0,לא עירוני לא בצומת,0,לא ידוע,,לא ידוע,לא ידוע,לא ידוע,שלישי,יום,יום רגיל,8,17,0,2,,
2025058164,קשה,0,עירוני לא בצומת,1,לא ידוע,,לא ידוע,לא ידוע,לא ידוע,ראשון,יום,חול המועד,10,11,3000,1,,
2025058168,קלה,0,עירוני בצומת,1,עד 50,10.5 עד 14 מטר,אין ליקוי,בהיר,יבש,שבת,לילה,יום רגיל,4,23,3000,1,,
2025058177,קלה,0,עירוני לא בצומת,1,עד 50,5 עד 7 מטר,אין ליקוי,בהיר,יבש,שלישי,יום,יום רגיל,2,16,3000,1,,
2025058185,קלה,0,עירוני בצומת,1,עד 50,5 עד 7 מטר,אין ליקוי,בהיר,יבש,שני,יום,יום רגיל,1,15,6900,4,,
2025058220,קשה,0,עירוני בצומת,1,עד 50,,אין ליקוי,בהיר,יבש,רביעי,יום,יום רגיל,9,16,9000,6,,
2025058223,קשה,0,לא עירוני לא בצומת,0,לא ידוע,,לא ידוע,לא ידוע,לא ידוע,שני,יום,יום רגיל,7,16,0,7,,
2025058241,קשה,0,לא עירוני לא בצומת,0,70,10.5 עד 14 מטר,אין ליקוי,בהיר,יבש,שני,לילה,ערב חג,10,23,0,4,,
2025058243,קשה,0,לא עירוני בצומת,0,80,5 עד 7 מטר,אין ליקוי,בהיר,יבש,חמישי,יום,יום רגיל,8,11,0,6,,
2025058272,קשה,0,עירוני לא בצומת,1,לא ידוע,,לא ידוע,לא ידוע,לא ידוע,שני,יום,יום רגיל,6,11,3000,1,,
2025058273,קלה,0,עירוני בצומת,1,עד 50,7 עד 10.5 מטר,אין ליקוי,בהיר,יבש,שישי,לילה,יום רגיל,10,3,7400,4,,
2025058282,קשה,0,לא עירוני לא בצומת,0,לא ידוע,,לא ידוע,לא ידוע,לא ידוע,שישי,יום,יום רגיל,3,12,0,2,,
2025058286,קלה,0,עירוני לא בצומת,1,עד 50,5 עד 7 מטר,אין ליקוי,בהיר,יבש,רביעי,לילה,יום רגיל,4,0,246,6,,
2025058290,קלה,0,לא עירוני בצומת,0,עד 50,7 עד 10.5 מטר,אין ליקוי,גשום,רטוב ממים,שישי,לילה,יום רגיל,3,18,0,4,,
2025058295,קשה,0,עירוני בצומת,1,עד 50,7 עד 10.5 מטר,אין ליקוי,בהיר,יבש,שני,לילה,חול המועד,4,20,6600,5,,
2025058302,קלה,0,עירוני לא בצומת,1,90,10.5 עד 14 מטר,אין ליקוי,בהיר,יבש,רביעי,לילה,יום רגיל,9,21,6600,5,,
2025058313,קלה,0,עירוני בצומת,1,עד 50,5 עד 7 מטר,אין ליקוי,בהיר,יבש,רביעי,יום,יום רגיל,7,11,8700,4,,
2025058341,קלה,0,לא עירוני בצומת,0,90,5 עד 7 מטר,אין ליקוי,בהיר,יבש,ראשון,לילה,חול המועד,10,20,0,5,,
2025058351,קלה,0,עירוני לא בצומת,1,עד 50,5 עד 7 מטר,אין ליקוי,בהיר,יבש,שני,יום,יום רגיל,1,12,1224,4,,
2025058390,קטלנית,1,לא עירוני לא בצומת,0,90,7 עד 10.5 מטר,אין ליקוי,בהיר,יבש,שבת,יום,יום רגיל,7,6,0,7,,
2025058398,קשה,0,לא עירוני לא בצומת,0,לא ידוע,,לא ידוע,לא ידוע,לא ידוע,רביעי,יום,יום רגיל,2,7,0,6,,
2025058402,קלה,0,עירוני בצומת,1,עד 50,5 עד 7 מטר,אין ליקוי,בהיר,יבש,שלישי,לילה,יום רגיל,10,18,6200,5,,
2025058406,קלה,0,עירוני בצומת,1,עד 50,יותר מ-14 מטר,אין ליקוי,בהיר,יבש,שישי,יום,יום רגיל,9,17,6800,3,,
2025058416,קלה,0,עירוני לא בצומת,1,עד 50,7 עד 10.5 מטר,אין ליקוי,בהיר,יבש,חמישי,יום,יום רגיל,7,17,7400,4,,
2025058427,קלה,0,עירוני בצומת,1,70,יותר מ-14 מטר,אין ליקוי,בהיר,יבש,שישי,יום,יום רגיל,6,16,8400,4,,
2025058434,קלה,0,עירוני לא בצומת,1,עד 50,5 עד 7 מטר,אין ליקוי,בהיר,יבש,ראשון,לילה,יום רגיל,3,3,6800,3,,
2025058457,קלה,0,לא עירוני בצומת,0,90,יותר מ-14 מטר,אין ליקוי,בהיר,יבש,חמישי,יום,יום רגיל,7,16,0,3,,
2025058473,קשה,0,לא עירוני לא בצומת,0,לא ידוע,,לא ידוע,לא ידוע,לא ידוע,שישי,לילה,יום רגיל,8,0,0,5,,
2025058481,קלה,0,עירוני לא בצומת,1,עד 50,7 עד 10.5 מטר,אין ליקוי,לא ידוע,רטוב ממים,שישי,יום,יום רגיל,3,7,8600,5,,
2025058484,קשה,0,לא עירוני לא בצומת,0,לא ידוע,,לא ידוע,לא ידוע,לא ידוע,שני,לילה,יום רגיל,5,21,0,7,,
2025058490,קלה,0,עירוני בצומת,1,עד 50,,אין ליקוי,בהיר,יבש,שבת,לילה,יום רגיל,1,17,5000,5,,
2025058511,קלה,0,לא עירוני בצומת,0,80,7 עד 10.5 מטר,אין ליקוי,לא ידוע,יבש,שבת,לילה,חול המועד,10,22,0,7,,
2025058522,קלה,0,עירוני בצומת,1,עד 50,7 עד 10.5 מטר,אין ליקוי,בהיר,יבש,שני,יום,יום רגיל,3,15,5000,5,,
2025058558,קשה,0,עירוני לא בצומת,1,לא ידוע,,לא ידוע,לא ידוע,לא ידוע,רביעי,לילה,יום רגיל,5,20,2710,3,,
2025058579,קשה,0,עירוני בצומת,1,עד 50,7 עד 10.5 מטר,אין ליקוי,בהיר,יבש,שבת,יום,יום רגיל,5,17,3000,1,,
2025058596,קשה,0,לא עירוני בצומת,0,70,יותר מ-14 מטר,אין ליקוי,בהיר,יבש,שלישי,לילה,יום רגיל,8,21,0,2,,
2025058599,קשה,0,עירוני לא בצומת,1,לא ידוע,,לא ידוע,לא ידוע,לא ידוע,רביעי,לילה,ערב חג,10,20,3000,1,,
2025058615,קלה,0,עירוני בצומת,1,עד 50,7 עד 10.5 מטר,אין ליקוי,בהיר,יבש,שני,יום,יום רגיל,11,7,6200,5,,
2025058623,קלה,0,לא עירוני בצומת,0,90,,אין ליקוי,גשום,יבש,שבת,יום,יום רגיל,12,10,0,3,,
2025058647,קלה,0,עירוני לא בצומת,1,עד 50,7 עד 10.5 מטר,אין ליקוי,לא ידוע,יבש,שני,יום,יום רגיל,7,17,1031,6,,
2025058652,קלה,0,עירוני לא בצומת,1,עד 50,5 עד 7 מטר,אין ליקוי,בהיר,יבש,חמישי,יום,יום רגיל,6,18,7600,2,,
2025058661,קלה,0,עירוני בצומת,1,עד 50,עד 5 מטר,אין ליקוי,בהיר,יבש,שבת,יום,יום רגיל,6,17,70,6,,
2025058679,קלה,0,לא עירוני בצומת,0,עד 50,7 עד 10.5 מטר,אין ליקוי,בהיר,יבש,שני,יום,יום רגיל,8,17,0,1,,
2025058689,קשה,0,עירוני בצומת,1,לא ידוע,,לא ידוע,לא ידוע,לא ידוע,שני,יום,יום רגיל,4,18,70,6,,
2025058704,קלה,0,עירוני בצומת,1,עד 50,7 עד 10.5 מטר,אין ליקוי,בהיר,יבש,שבת,יום,יום רגיל,6,9,70,6,,
2025058718,קשה,0,עירוני בצומת,1,לא ידוע,,לא ידוע,לא ידוע,לא ידוע,ראשון,יום,יום רגיל,6,10,7100,6,,
2025058739,קלה,0,לא עירוני לא בצומת,0,70,5 עד 7 מטר,אין ליקוי,בהיר,יבש,שבת,יום,יום רגיל,5,18,0,3,,
2025058752,קשה,0,עירוני לא בצומת,1,עד 50,7 עד 10.5 מטר,אין ליקוי,בהיר,יבש,ראשון,יום,יום רגיל,5,8,2610,1,,
2025058765,קשה,0,לא עירוני בצומת,0,80,10.5 עד 14 מטר,אין ליקוי,בהיר,יבש,שלישי,לילה,יום רגיל,10,22,0,2,,
2025058783,קשה,0,עירוני לא בצומת,1,עד 50,,אין ליקוי,בהיר,יבש,שני,יום,יום רגיל,9,11,6600,5,,
2025058805,קלה,0,לא עירוני לא בצומת,0,90,יותר מ-14 מטר,אין ליקוי,בהיר,יבש,ראשון,יום,יום רגיל,7,10,0,6,,
2025058816,קלה,0,עירוני לא בצומת,1,עד 50,7 עד 10.5 מטר,אין ליקוי,בהיר,יבש,רביעי,יום,יום רגיל,8,17,7400,4,,
2025058817,קלה,0,עירוני לא בצומת,1,עד 50,5 עד 7 מטר,אין ליקוי,לא ידוע,לא ידוע,שני,יום,יום רגיל,6,15,7400,4,,
2025058841,קשה,0,עירוני בצומת,1,עד 50,7 עד 10.5 מטר,אין ליקוי,בהיר,יבש,שלישי,יום,יום רגיל,11,12,8600,5,,
2025058843,קשה,0,עירוני בצומת,1,עד 50,7 עד 10.5 מטר,אין ליקוי,שרבי,יבש,רביעי,יום,יום רגיל,8,11,6500,3,,
2025058851,קטלנית,1,עירוני בצומת,1,70,7 עד 10.5 מטר,אין ליקוי,בהיר,יבש,שישי,יום,יום רגיל,7,18,7100,6,,
2025058863,קלה,0,עירוני לא בצומת,1,60,5 עד 7 מטר,אין ליקוי,בהיר,יבש,שני,לילה,יום רגיל,3,6,6400,5,,
2025058869,קלה,0,לא עירוני לא בצומת,0,90,יותר מ-14 מטר,אין ליקוי,בהיר,יבש,שני,יום,יום רגיל,3,12,0,5,,
2025058879,קלה,0,לא עירוני בצומת,0,עד 50,5 עד 7 מטר,אין ליקוי,בהיר,יבש,רביעי,יום,חול המועד,10,8,0,3,,
2025058887,קלה,0,עירוני בצומת,1,עד 50,,אין ליקוי,בהיר,יבש,חמישי,יום,ערב חג,3,16,7900,4,,
2025058890,קלה,0,עירוני לא בצומת,1,70,7 עד 10.5 מטר,אין ליקוי,בהיר,יבש,חמישי,לילה,יום רגיל,3,18,2610,1,,
2025058891,קלה,0,לא עירוני בצומת,0,עד 50,5 עד 7 מטר,אין ליקוי,בהיר,יבש,שבת,לילה,יום רגיל,9,4,0,4,,
2025058895,קשה,0,לא עירוני לא בצומת,0,לא ידוע,,לא ידוע,לא ידוע,לא ידוע,שלישי,לילה,יום רגיל,9,19,0,4,,
2025058903,קלה,0,לא עירוני בצומת,0,לא ידוע,,לא ידוע,לא ידוע,לא ידוע,רביעי,לילה,יום רגיל,12,19,0,4,,
2025058915,קלה,0,עירוני בצומת,1,עד 50,7 עד 10.5 מטר,אין ליקוי,בהיר,יבש,שישי,יום,חג,3,12,3780,7,,
2025058917,קלה,0,לא עירוני לא בצומת,0,90,עד 5 מטר,אין ליקוי,בהיר,יבש,שבת,לילה,יום רגיל,2,19,0,5,,
2025058954,קלה,0,עירוני לא בצומת,1,עד 50,7 עד 10.5 מטר,אין ליקוי,בהיר,יבש,שישי,לילה,חג,3,21,4000,3,,
2025058959,קטלנית,1,עירוני לא בצומת,1,עד 50,7 עד 10.5 מטר,אין ליקוי,גשום,רטוב ממים,רביעי,לילה,יום רגיל,3,19,7400,4,,
2025058978,קלה,0,לא עירוני לא בצומת,0,100,10.5 עד 14 מטר,אין ליקוי,בהיר,יבש,שני,יום,יום רגיל,10,9,0,7,,
2025058988,קלה,0,עירוני לא בצומת,1,עד 50,5 עד 7 מטר,אין ליקוי,בהיר,יבש,רביעי,יום,יום רגיל,7,7,7400,4,,
2025059004,קשה,0,לא עירוני לא בצומת,0,80,7 עד 10.5 מטר,אין ליקוי,לא ידוע,רטוב ממים,שישי,יום,יום רגיל,3,9,0,7,,
2025059013,קטלנית,1,לא עירוני לא בצומת,0,עד 50,5 עד 7 מטר,אין ליקוי,בהיר,יבש,חמישי,לילה,יום רגיל,5,20,0,4,,
2025059020,קלה,0,עירוני לא בצומת,1,עד 50,עד 5 מטר,אין ליקוי,גשום,רטוב ממים,חמישי,לילה,יום רגיל,12,1,8300,4,,
2025059031,קשה,0,לא עירוני בצומת,0,לא ידוע,,לא ידוע,לא ידוע,לא ידוע,שלישי,יום,יום רגיל,9,16,0,5,,
2025059047,קטלנית,1,לא עירוני לא בצומת,0,90,יותר מ-14 מטר,אין ליקוי,בהיר,יבש,שבת,יום,יום רגיל,8,9,0,2,,
2025059049,קשה,0,לא עירוני לא בצומת,0,לא ידוע,,לא ידוע,לא ידוע,לא ידוע,רביעי,יום,יום רגיל,4,13,0,5,,
2025059056,קלה,0,לא עירוני לא בצומת,0,80,10.5 עד 14 מטר,אין ליקוי,בהיר,יבש,ראשון,יום,יום רגיל,7,16,0,6,,
2025059078,קלה,0,לא עירוני לא בצומת,0,90,7 עד 10.5 מטר,אין ליקוי,בהיר,יבש,חמישי,יום,יום רגיל,7,8,0,6,,
2025059081,קלה,0,עירוני בצומת,1,עד 50,7 עד 10.5 מטר,אין ליקוי,בהיר,יבש,שבת,לילה,יום רגיל,5,22,6500,3,,
2025059086,קלה,0,לא עירוני לא בצומת,0,80,7 עד 10.5 מטר,אין ליקוי,בהיר,יבש,חמישי,יום,יום רגיל,9,11,0,7,,
2025059092,קשה,0,עירוני לא בצומת,1,עד 50,10.5 עד 14 מטר,אין ליקוי,בהיר,יבש,שלישי,יום,יום רגיל,8,12,182,4,,
2025059105,קלה,0,לא עירוני לא בצומת,0,70,7 עד 10.5 מטר,אין ליקוי,בהיר,רטוב ממים,חמישי,לילה,יום רגיל,1,17,0,1,,
2025059118,קשה,0,עירוני לא בצומת,1,עד 50,7 עד 10.5 מטר,אין ליקוי,בהיר,יבש,חמישי,יום,יום רגיל,5,19,6600,5,,
2025059122,קלה,0,לא עירוני לא בצומת,0,80,7 עד 10.5 מטר,אין ליקוי,בהיר,יבש,שני,יום,יום רגיל,7,12,0,2,,
2025059171,קלה,0,עירוני בצומת,1,עד 50,עד 5 מטר,אין ליקוי,בהיר,יבש,שני,יום,יום רגיל,4,18,7900,4,,
2025059181,קשה,0,עירוני לא בצומת,1,לא ידוע,,לא ידוע,לא ידוע,לא ידוע,חמישי,יום,יום רגיל,7,8,7900,4,,
2025059197,קלה,0,עירוני בצומת,1,70,10.5 עד 14 מטר,אין ליקוי,לא ידוע,יבש,שני,לילה,יום רגיל,11,21,70,6,,
2025059221,קלה,0,לא עירוני בצומת,0,70,5 עד 7 מטר,אין ליקוי,בהיר,יבש,חמישי,יום,יום רגיל,3,9,0,3,,
2025059222,קשה,0,עירוני לא בצומת,1,לא ידוע,,לא ידוע,לא ידוע,לא ידוע,שבת,לילה,יום רגיל,9,23,8300,4,,
2025059246,קשה,0,לא עירוני לא בצומת,0,לא ידוע,,לא ידוע,לא ידוע,לא ידוע,שני,יום,יום רגיל,8,18,0,6,,
2025059268,קלה,0,עירוני בצומת,1,60,10.5 עד 14 מטר,אין ליקוי,בהיר,יבש,שלישי,יום,יום רגיל,7,7,9000,6,,
2025059274,קלה,0,לא עירוני בצומת,0,90,10.5 עד 14 מטר,אין ליקוי,בהיר,יבש,שבת,לילה,יום רגיל,9,21,0,4,,
2025059304,קלה,0,עירוני בצומת,1,עד 50,5 עד 7 מטר,אין ליקוי,בהיר,יבש,רביעי,יום,יום רגיל,2,12,2600,6,,
2025059306,קלה,0,עירוני בצומת,1,עד 50,5 עד 7 מטר,אין ליקוי,בהיר,יבש,ראשון,לילה,יום רגיל,9,22,5000,5,,
2025059318,קלה,0,לא עירוני לא בצומת,0,90,יותר מ-14 מטר,אין ליקוי,בהיר,יבש,ראשון,יום,יום רגיל,6,17,0,7,,
2025059323,קלה,0,לא עירוני בצומת,0,90,יותר מ-14 מטר,אין ליקוי,לא ידוע,רטוב ממים,שלישי,לילה,יום רגיל,12,22,0,3,,
2025059364,קלה,0,עירוני בצומת,1,עד 50,7 עד 10.5 מטר,אין ליקוי,לא ידוע,לא ידוע,שני,לילה,יום רגיל,3,20,70,6,,
2025059380,קלה,0,עירוני לא בצומת,1,60,עד 5 מטר,אין ליקוי,בהיר,יבש,שני,יום,יום רגיל,2,16,5000,5,,
2025059398,קלה,0,עירוני בצומת,1,עד 50,5 עד 7 מטר,אין ליקוי,בהיר,יבש,ראשון,יום,יום רגיל,3,15,6300,5,,
2025059417,קלה,0,עירוני בצומת,1,עד 50,7 עד 10.5 מטר,אין ליקוי,בהיר,יבש,שני,יום,יום רגיל,9,16,2100,3,,
2025059435,קלה,0,עירוני לא בצומת,1,לא ידוע,7 עד 10.5 מטר,אין ליקוי,בהיר,יבש,ראשון,יום,יום רגיל,2,10,6300,5,,
2025059441,קלה,0,לא עירוני לא בצומת,0,לא ידוע,,לא ידוע,לא ידוע,לא ידוע,שישי,לילה,יום רגיל,11,18,0,2,,
2025059460,קלה,0,עירוני בצומת,1,עד 50,5 עד 7 מטר,אין ליקוי,בהיר,יבש,רביעי,יום,יום רגיל,4,16,9500,3,,
2025059464,קלה,0,לא עירוני בצומת,0,90,7 עד 10.5 מטר,אין ליקוי,בהיר,יבש,שישי,יום,יום רגיל,5,18,0,2,,
2025059474,קשה,0,לא עירוני בצומת,0,עד 50,עד 5 מטר,אין ליקוי,בהיר,יבש,חמישי,יום,יום רגיל,3,9,0,4,,
2025059476,קלה,0,לא עירוני בצומת,0,90,10.5 עד 14 מטר,אין ליקוי,בהיר,יבש,רביעי,יום,יום רגיל,1,10,0,2,,
2025059481,קלה,0,עירוני בצומת,1,עד 50,5 עד 7 מטר,אין ליקוי,בהיר,יבש,שני,יום,יום רגיל,8,11,3000,1,,
2025059491,קלה,0,עירוני לא בצומת,1,60,10.5 עד 14 מטר,אין ליקוי,בהיר,יבש,שני,לילה,יום רגיל,2,18,9000,6,,
2025059493,קלה,0,עירוני בצומת,1,עד 50,5 עד 7 מטר,אין ליקוי,בהיר,יבש,ראשון,יום,יום רגיל,3,11,7900,4,,
2025059499,קלה,0,עירוני לא בצומת,1,לא ידוע,,לא ידוע,לא ידוע,לא ידוע,רביעי,יום,יום רגיל,11,13,5000,5,,
2025059507,קלה,0,עירוני בצומת,1,עד 50,5 עד 7 מטר,אין ליקוי,בהיר,יבש,שלישי,יום,יום רגיל,6,12,466,4,,
2025059513,קשה,0,עירוני בצומת,1,עד 50,5 עד 7 מטר,אין ליקוי,בהיר,יבש,שלישי,לילה,יום רגיל,3,18,9000,6,,
2025059522,קלה,0,לא עירוני בצומת,0,70,7 עד 10.5 מטר,אין ליקוי,בהיר,יבש,שלישי,יום,יום רגיל,8,16,0,3,,
2025059523,קלה,0,עירוני לא בצומת,1,60,5 עד 7 מטר,אין ליקוי,בהיר,יבש,רביעי,לילה,יום רגיל,1,17,5000,5,,
2025059623,קלה,0,עירוני לא בצומת,1,עד 50,5 עד 7 מטר,אין ליקוי,בהיר,יבש,ראשון,יום,יום רגיל,1,15,7400,4,,
2025059625,קשה,0,עירוני לא בצומת,1,עד 50,5 עד 7 מטר,אין ליקוי,בהיר,יבש,ראשון,יום,יום רגיל,9,14,4000,3,,
2025059643,קשה,0,לא עירוני לא בצומת,0,80,7 עד 10.5 מטר,אין ליקוי,בהיר,יבש,שישי,יום,יום רגיל,7,15,0,1,,
2025059644,קלה,0,לא עירוני בצומת,0,עד 50,יותר מ-14 מטר,אין ליקוי,בהיר,יבש,רביעי,לילה,יום רגיל,3,19,0,4,,
2025059652,קשה,0,עירוני לא בצומת,1,עד 50,,אין ליקוי,בהיר,יבש,ראשון,יום,יום רגיל,4,18,6600,5,,
2025059654,קשה,0,עירוני בצומת,1,עד 50,5 עד 7 מטר,אין ליקוי,בהיר,יבש,שני,לילה,יום רגיל,9,18,7900,4,,
2025059658,קלה,0,לא עירוני לא בצומת,0,80,5 עד 7 מטר,אין ליקוי,בהיר,יבש,ראשון,יום,ערב חג,6,11,0,7,,
2025059675,קשה,0,עירוני לא בצומת,1,לא ידוע,,לא ידוע,לא ידוע,לא ידוע,חמישי,יום,יום רגיל,7,17,6400,5,,
2025059676,קלה,0,עירוני לא בצומת,1,לא ידוע,,לא ידוע,לא ידוע,לא ידוע,ראשון,יום,יום רגיל,11,16,3000,1,,
2025059681,קשה,0,עירוני לא בצומת,1,לא ידוע,,לא ידוע,לא ידוע,לא ידוע,שני,יום,יום רגיל,11,13,7100,6,,
2025059696,קלה,0,עירוני בצומת,1,עד 50,7 עד 10.5 מטר,אין ליקוי,בהיר,יבש,שני,יום,יום רגיל,5,17,3000,1,,
2025059728,קלה,0,לא עירוני בצומת,0,עד 50,7 עד 10.5 מטר,אין ליקוי,בהיר,יבש,שלישי,יום,יום רגיל,5,10,0,5,,
2025059743,קלה,0,עירוני לא בצומת,1,70,10.5 עד 14 מטר,אין ליקוי,בהיר,יבש,שלישי,לילה,יום רגיל,3,21,4000,3,,
2025059750,קשה,0,עירוני לא בצומת,1,לא ידוע,,לא ידוע,לא ידוע,לא ידוע,חמישי,לילה,יום רגיל,10,18,8300,4,,
2025059761,קלה,0,עירוני בצומת,1,עד 50,,אין ליקוי,בהיר,יבש,ראשון,יום,יום רגיל,5,15,7900,4,,
2025059780,קשה,0,לא עירוני לא בצומת,0,לא ידוע,,לא ידוע,לא ידוע,לא ידוע,רביעי,יום,יום רגיל,9,7,0,1,,
2025059795,קלה,0,לא עירוני בצומת,0,80,5 עד 7 מטר,אין ליקוי,בהיר,יבש,חמישי,יום,יום רגיל,7,12,0,6,,
2025059824,קשה,0,עירוני בצומת,1,עד 50,7 עד 10.5 מטר,אין ליקוי,בהיר,יבש,שלישי,לילה,יום רגיל,2,21,6600,5,,
2025059826,קלה,0,לא עירוני בצומת,0,80,7 עד 10.5 מטר,אין ליקוי,בהיר,יבש,חמישי,יום,יום רגיל,9,11,0,4,,
2025059845,קלה,0,עירוני לא בצומת,1,עד 50,5 עד 7 מטר,אין ליקוי,בהיר,יבש,ראשון,לילה,יום רגיל,1,17,2600,6,,
2025059846,קלה,0,לא עירוני לא בצומת,0,80,10.5 עד 14 מטר,אין ליקוי,בהיר,יבש,חמישי,לילה,יום רגיל,5,21,0,7,,
2025059861,קשה,0,עירוני לא בצומת,1,לא ידוע,,לא ידוע,לא ידוע,לא ידוע,חמישי,לילה,יום רגיל,1,22,3000,1,,
2025059864,קלה,0,עירוני בצומת,1,70,יותר מ-14 מטר,אין ליקוי,בהיר,יבש,שבת,לילה,יום רגיל,5,21,4000,3,,
2025059871,קשה,0,עירוני לא בצומת,1,לא ידוע,,לא ידוע,לא ידוע,לא ידוע,שבת,יום,יום רגיל,5,17,70,6,,
2025059879,קשה,0,עירוני לא בצומת,1,לא ידוע,,לא ידוע,לא ידוע,לא ידוע,שישי,יום,חול המועד,10,11,3861,7,,
2025059890,קלה,0,עירוני לא בצומת,1,עד 50,7 עד 10.5 מטר,אין ליקוי,בהיר,יבש,שבת,לילה,יום רגיל,1,17,4000,3,,
2025059925,קלה,0,לא עירוני לא בצומת,0,עד 50,עד 5 מטר,אין ליקוי,בהיר,יבש,רביעי,לילה,יום רגיל,5,19,0,4,,
2025059937,קלה,0,עירוני לא בצומת,1,עד 50,5 עד 7 מטר,אין ליקוי,בהיר,יבש,שלישי,יום,יום רגיל,8,7,4000,3,,
2025059953,קלה,0,עירוני לא בצומת,1,עד 50,7 עד 10.5 מטר,אין ליקוי,בהיר,יבש,שישי,לילה,יום רגיל,9,20,7900,4,,
2025059956,קלה,0,לא עירוני בצומת,0,70,7 עד 10.5 מטר,אין ליקוי,בהיר,יבש,שישי,לילה,יום רגיל,8,19,0,3,,
2025059991,קשה,0,עירוני לא בצומת,1,לא ידוע,,לא ידוע,לא ידוע,לא ידוע,שלישי,יום,יום רגיל,5,18,3000,1,,
2025060030,קלה,0,לא עירוני לא בצומת,0,,יותר מ-14 מטר,אין ליקוי,בהיר,יבש,שישי,לילה,יום רגיל,5,20,0,4,,
2025060045,קשה,0,לא עירוני בצומת,0,70,7 עד 10.5 מטר,אין ליקוי,בהיר,יבש,שני,יום,יום רגיל,7,7,0,5,,
2025060049,קלה,0,לא עירוני בצומת,0,80,7 עד 10.5 מטר,אין ליקוי,בהיר,יבש,שבת,יום,יום רגיל,3,12,0,4,,
2025060056,קשה,0,עירוני בצומת,1,עד 50,5 עד 7 מטר,אין ליקוי,בהיר,יבש,שבת,לילה,יום רגיל,7,23,3000,1,,
2025060065,קלה,0,עירוני לא בצומת,1,עד 50,7 עד 10.5 מטר,אין ליקוי,בהיר,יבש,שישי,יום,יום רגיל,2,16,7400,4,,
2025060092,קשה,0,לא עירוני לא בצומת,0,80,7 עד 10.5 מטר,אין ליקוי,בהיר,יבש,שבת,לילה,יום רגיל,10,0,0,2,,
2025060126,קלה,0,לא עירוני בצומת,0,80,7 עד 10.5 מטר,אין ליקוי,בהיר,יבש,חמישי,לילה,יום רגיל,3,20,0,4,,
2025060143,קלה,0,עירוני לא בצומת,1,לא ידוע,עד 5 מטר,אין ליקוי,בהיר,יבש,חמישי,יום,יום רגיל,11,14,6200,5,,
2025060161,קלה,0,עירוני בצומת,1,עד 50,5 עד 7 מטר,אין ליקוי,בהיר,יבש,חמישי,יום,יום רגיל,5,18,8300,4,,
2025060177,קשה,0,עירוני לא בצומת,1,עד 50,7 עד 10.5 מטר,אין ליקוי,בהיר,יבש,שישי,יום,חול המועד,10,8,7700,2,,
2025060187,קלה,0,לא עירוני בצומת,0,90,7 עד 10.5 מטר,אין ליקוי,לא ידוע,יבש,רביעי,יום,יום רגיל,12,10,0,6,,
2025060189,קשה,0,עירוני לא בצומת,1,עד 50,5 עד 7 מטר,אין ליקוי,בהיר,יבש,רביעי,יום,יום רגיל,9,8,3000,1,,
2025060190,קשה,0,לא עירוני בצומת,0,80,7 עד 10.5 מטר,אין ליקוי,בהיר,יבש,רביעי,לילה,יום רגיל,11,20,0,7,,
2025060199,קלה,0,לא עירוני בצומת,0,70,יותר מ-14 מטר,אין ליקוי,בהיר,יבש,ראשון,יום,יום רגיל,8,17,0,2,,
2025060209,קלה,0,עירוני לא בצומת,1,70,7 עד 10.5 מטר,אין ליקוי,בהיר,יבש,רביעי,יום,יום רגיל,5,19,8400,4,,
2025060213,קשה,0,לא עירוני בצומת,0,80,עד 5 מטר,אין ליקוי,בהיר,יבש,שלישי,יום,יום רגיל,9,6,0,6,,
2025060226,קלה,0,עירוני בצומת,1,עד 50,7 עד 10.5 מטר,אין ליקוי,בהיר,יבש,שני,יום,יום רגיל,11,13,70,6,,
2025060228,קלה,0,עירוני לא בצומת,1,עד 50,5 עד 7 מטר,אין ליקוי,בהיר,יבש,רביעי,יום,יום רגיל,11,12,5000,5,,
2025060233,קלה,0,עירוני בצומת,1,עד 50,5 עד 7 מטר,אין ליקוי,בהיר,יבש,שלישי,יום,יום רגיל,2,15,3000,1,,
2025060236,קלה,0,עירוני לא בצומת,1,עד 50,5 עד 7 מטר,אין ליקוי,לא ידוע,לא ידוע,ראשון,יום,יום רגיל,12,7,2640,4,,
2025060243,קשה,0,עירוני לא בצומת,1,לא ידוע,,לא ידוע,לא ידוע,לא ידוע,שישי,יום,יום רגיל,6,17,492,2,,
2025060259,קשה,0,עירוני לא בצומת,1,80,7 עד 10.5 מטר,אין ליקוי,בהיר,יבש,שלישי,יום,חול המועד,4,13,444,3,,
2025060277,קטלנית,1,לא עירוני לא בצומת,0,80,10.5 עד 14 מטר,אין ליקוי,בהיר,יבש,ראשון,לילה,יום רגיל,8,22,0,4,,
2025060322,קלה,0,עירוני בצומת,1,עד 50,5 עד 7 מטר,אין ליקוי,בהיר,יבש,רביעי,יום,יום רגיל,6,16,9000,6,,
2025060344,קלה,0,עירוני בצומת,1,עד 50,עד 5 מטר,אין ליקוי,בהיר,יבש,שלישי,יום,יום רגיל,6,16,70,6,,
2025060345,קלה,0,עירוני לא בצומת,1,עד 50,10.5 עד 14 מטר,אין ליקוי,בהיר,יבש,ראשון,יום,יום רגיל,7,17,7900,4,,
2025060350,קשה,0,עירוני לא בצומת,1,לא ידוע,,לא ידוע,לא ידוע,לא ידוע,שני,יום,יום רגיל,3,16,2610,1,,
2025060352,קשה,0,לא עירוני לא בצומת,0,לא ידוע,,לא ידוע,לא ידוע,לא ידוע,שלישי,לילה,יום רגיל,11,0,0,6,,
2025060364,קלה,0,עירוני בצומת,1,60,,אין ליקוי,בהיר,יבש,שישי,לילה,יום רגיל,8,20,9000,6,,
2025060389,קלה,0,עירוני לא בצומת,1,עד 50,5 עד 7 מטר,אין ליקוי,בהיר,יבש,שבת,יום,יום רגיל,7,18,5000,5,,
2025060398,קשה,0,לא עירוני לא בצומת,0,עד 50,5 עד 7 מטר,אין ליקוי,לא ידוע,יבש,שישי,יום,יום רגיל,1,12,0,9,,
2025060431,קשה,0,לא עירוני לא בצומת,0,90,10.5 עד 14 מטר,אין ליקוי,בהיר,יבש,שבת,לילה,יום רגיל,5,3,0,4,,
2025060433,קשה,0,לא עירוני בצומת,0,לא ידוע,,לא ידוע,לא ידוע,לא ידוע,שישי,יום,יום רגיל,8,16,0,7,,
2025060435,קלה,0,עירוני בצומת,1,עד 50,5 עד 7 מטר,אין ליקוי,בהיר,יבש,שני,יום,יום רגיל,5,8,7900,4,,
2025060436,קטלנית,1,לא עירוני לא בצומת,0,80,7 עד 10.5 מטר,אין ליקוי,בהיר,יבש,שבת,יום,יום רגיל,6,16,0,2,,
2025060451,קלה,0,עירוני לא בצומת,1,עד 50,10.5 עד 14 מטר,אין ליקוי,בהיר,יבש,שישי,יום,יום רגיל,7,10,9600,3,,
2025060486,קשה,0,לא עירוני בצומת,0,80,יותר מ-14 מטר,אין ליקוי,בהיר,יבש,שלישי,לילה,יום רגיל,11,5,0,4,,
2025060490,קשה,0,לא עירוני בצומת,0,לא ידוע,,לא ידוע,לא ידוע,לא ידוע,ראשון,יום,חג,4,15,0,1,,
2025060496,קלה,0,עירוני בצומת,1,עד 50,5 עד 7 מטר,אין ליקוי,בהיר,יבש,שישי,יום,יום רגיל,4,13,229,4,,
2025060515,קשה,0,לא עירוני בצומת,0,90,10.5 עד 14 מטר,כביש משובש,בהיר,יבש,שלישי,לילה,יום רגיל,1,17,0,5,,
2025060519,קלה,0,לא עירוני לא בצומת,0,60,7 עד 10.5 מטר,אין ליקוי,שרבי,יבש,שני,יום,יום רגיל,8,10,0,2,,
2025060528,קטלנית,1,עירוני בצומת,1,עד 50,5 עד 7 מטר,אין ליקוי,בהיר,יבש,רביעי,לילה,יום רגיל,3,23,6200,5,,
2025060559,קלה,0,עירוני לא בצומת,1,עד 50,,אין ליקוי,בהיר,יבש,ראשון,יום,יום רגיל,8,13,6100,5,,
2025060571,קשה,0,עירוני לא בצומת,1,לא ידוע,,לא ידוע,לא ידוע,לא ידוע,שישי,יום,יום רגיל,5,15,8300,4,,
2025060584,קלה,0,לא עירוני לא בצומת,0,70,5 עד 7 מטר,אין ליקוי,לא ידוע,לא ידוע,חמישי,לילה,יום רגיל,11,22,0,4,,
2025060594,קשה,0,עירוני בצומת,1,עד 50,10.5 עד 14 מטר,אין ליקוי,בהיר,יבש,שני,יום,יום רגיל,1,12,8300,4,,
2025060652,קלה,0,עירוני בצומת,1,עד 50,5 עד 7 מטר,אין ליקוי,בהיר,יבש,שני,יום,יום רגיל,3,12,3000,1,,
2025060676,קשה,0,עירוני לא בצומת,1,70,10.5 עד 14 מטר,אין ליקוי,לא ידוע,רטוב ממים,חמישי,יום,יום רגיל,2,13,9000,6,,
2025060689,קשה,0,עירוני בצומת,1,עד 50,7 עד 10.5 מטר,אין ליקוי,לא ידוע,לא ידוע,שלישי,יום,יום רגיל,9,12,7400,4,,
2025060701,קלה,0,עירוני בצומת,1,לא ידוע,,לא ידוע,לא ידוע,לא ידוע,חמישי,לילה,יום רגיל,11,21,5000,5,,
2025060715,קטלנית,1,לא עירוני בצומת,0,60,7 עד 10.5 מטר,אין ליקוי,אחר,יבש,שבת,לילה,יום רגיל,9,19,0,3,,
2025060721,קשה,0,עירוני לא בצומת,1,עד 50,7 עד 10.5 מטר,אין ליקוי,בהיר,יבש,שישי,לילה,יום רגיל,2,20,8600,5,,
2025060742,קשה,0,לא עירוני לא בצומת,0,עד 50,7 עד 10.5 מטר,אין ליקוי,בהיר,יבש,שני,יום,יום רגיל,9,16,0,2,,
2025060773,קלה,0,לא עירוני לא בצומת,0,80,,אין ליקוי,בהיר,יבש,שבת,יום,יום רגיל,8,10,0,2,,
2025060784,קלה,0,לא עירוני לא בצומת,0,לא ידוע,,לא ידוע,לא ידוע,לא ידוע,רביעי,לילה,יום רגיל,6,2,0,4,,
2025060785,קלה,0,עירוני לא בצומת,1,עד 50,עד 5 מטר,אין ליקוי,בהיר,יבש,שלישי,יום,יום רגיל,10,15,6000,3,,
2025060801,קשה,0,לא עירוני לא בצומת,0,70,7 עד 10.5 מטר,אין ליקוי,בהיר,יבש,שלישי,לילה,חג,10,20,0,3,,
2025060814,קלה,0,עירוני בצומת,1,עד 50,עד 5 מטר,אין ליקוי,בהיר,יבש,ראשון,יום,יום רגיל,3,8,9000,6,,
2025060817,קשה,0,עירוני לא בצומת,1,לא ידוע,,לא ידוע,לא ידוע,לא ידוע,שלישי,לילה,יום רגיל,8,22,4000,3,,
2025060833,קשה,0,עירוני לא בצומת,1,לא ידוע,5 עד 7 מטר,אין ליקוי,בהיר,יבש,שלישי,יום,יום רגיל,7,13,6100,5,,
2025060841,קשה,0,לא עירוני בצומת,0,לא ידוע,,לא ידוע,לא ידוע,לא ידוע,שני,לילה,חול המועד,4,21,0,5,,
2025060879,קלה,0,עירוני לא בצומת,1,עד 50,7 עד 10.5 מטר,לא ידוע,בהיר,יבש,חמישי,יום,חג,5,18,3763,7,,
2025060883,קשה,0,לא עירוני בצומת,0,עד 50,10.5 עד 14 מטר,אין ליקוי,בהיר,יבש,רביעי,לילה,יום רגיל,10,2,0,5,,
2025060884,קלה,0,לא עירוני לא בצומת,0,90,10.5 עד 14 מטר,אין ליקוי,בהיר,יבש,רביעי,לילה,יום רגיל,2,5,0,4,,
2025060889,קלה,0,עירוני לא בצומת,1,עד 50,5 עד 7 מטר,אין ליקוי,בהיר,יבש,שני,יום,יום רגיל,6,12,7400,4,,
2025060896,קלה,0,לא עירוני בצומת,0,60,7 עד 10.5 מטר,אין ליקוי,בהיר,יבש,שלישי,יום,יום רגיל,12,15,0,4,,
2025060920,קלה,0,לא עירוני בצומת,0,70,10.5 עד 14 מטר,אין ליקוי,בהיר,יבש,שלישי,יום,יום רגיל,3,9,0,4,,
2025060921,קלה,0,עירוני בצומת,1,עד 50,7 עד 10.5 מטר,אין ליקוי,בהיר,יבש,שלישי,יום,יום רגיל,4,18,9100,2,,
2025060928,קלה,0,עירוני בצומת,1,עד 50,10.5 עד 14 מטר,אין ליקוי,בהיר,יבש,שלישי,יום,יום רגיל,9,13,4000,3,,
2025060964,קשה,0,עירוני בצומת,1,לא ידוע,5 עד 7 מטר,אין ליקוי,בהיר,יבש,רביעי,יום,יום רגיל,7,14,5000,5,,
2025060977,קשה,0,עירוני בצומת,1,עד 50,7 עד 10.5 מטר,אין ליקוי,בהיר,רטוב ממים,ראשון,לילה,יום רגיל,11,20,7400,4,,
2025060985,קלה,0,לא עירוני לא בצומת,0,60,7 עד 10.5 מטר,אין ליקוי,בהיר,יבש,רביעי,יום,יום רגיל,10,8,0,2,,
2025061001,קלה,0,עירוני בצומת,1,לא ידוע,,לא ידוע,לא ידוע,לא ידוע,שלישי,לילה,יום רגיל,11,19,5000,5,,
2025061005,קלה,0,עירוני לא בצומת,1,עד 50,7 עד 10.5 מטר,אין ליקוי,בהיר,יבש,שישי,יום,יום רגיל,3,16,2200,6,,
2025061015,קלה,0,עירוני לא בצומת,1,עד 50,5 עד 7 מטר,אין ליקוי,בהיר,יבש,ראשון,יום,יום רגיל,7,17,7400,4,,
2025061021,קטלנית,1,לא עירוני בצומת,0,90,10.5 עד 14 מטר,אין ליקוי,בהיר,יבש,שלישי,יום,יום רגיל,8,15,0,7,,
2025061024,קשה,0,עירוני לא בצומת,1,עד 50,עד 5 מטר,אין ליקוי,בהיר,יבש,רביעי,יום,יום רגיל,7,11,5000,5,,
2025061039,קלה,0,עירוני בצומת,1,עד 50,5 עד 7 מטר,אין ליקוי,בהיר,יבש,ראשון,יום,יום רגיל,3,14,168,4,,
2025061054,קטלנית,1,לא עירוני לא בצומת,0,עד 50,10.5 עד 14 מטר,אין ליקוי,בהיר,אחר,שני,יום,יום רגיל,2,14,0,6,,
2025061073,קלה,0,לא עירוני בצומת,0,90,7 עד 10.5 מטר,אין ליקוי,בהיר,יבש,שישי,לילה,יום רגיל,10,22,0,2,,
2025061081,קלה,0,עירוני בצומת,1,עד 50,5 עד 7 מטר,אין ליקוי,בהיר,יבש,שלישי,לילה,יום רגיל,2,20,122,2,,
2025061087,קטלנית,1,לא עירוני לא בצומת,0,90,7 עד 10.5 מטר,אין ליקוי,בהיר,יבש,שלישי,יום,יום רגיל,5,15,0,7,,
2025061093,קלה,0,עירוני לא בצומת,1,עד 50,7 עד 10.5 מטר,אין ליקוי,בהיר,יבש,חמישי,יום,יום רגיל,9,13,2100,3,,
2025061136,קלה,0,עירוני בצומת,1,עד 50,,לא ידוע,לא ידוע,לא ידוע,חמישי,לילה,יום רגיל,1,17,246,6,,
2025061152,קלה,0,לא עירוני לא בצומת,0,80,7 עד 10.5 מטר,אין ליקוי,בהיר,יבש,ראשון,לילה,יום רגיל,10,7,0,2,,
2025061160,קלה,0,עירוני בצומת,1,עד 50,5 עד 7 מטר,אין ליקוי,בהיר,יבש,שני,לילה,יום רגיל,3,20,9000,6,,
2025061165,קלה,0,עירוני לא בצומת,1,עד 50,7 עד 10.5 מטר,לא ידוע,בהיר,יבש,שישי,יום,יום רגיל,5,12,3000,1,,
2025061172,קשה,0,עירוני לא בצומת,1,לא ידוע,,לא ידוע,לא ידוע,לא ידוע,שישי,יום,יום רגיל,2,17,342,6,,
2025061188,קשה,0,עירוני לא בצומת,1,לא ידוע,,לא ידוע,לא ידוע,לא ידוע,שישי,יום,יום רגיל,8,12,8600,5,,
2025061189,קלה,0,עירוני לא בצומת,1,עד 50,10.5 עד 14 מטר,אין ליקוי,בהיר,יבש,שישי,יום,יום רגיל,6,10,8200,3,,
2025061193,קשה,0,עירוני בצומת,1,עד 50,7 עד 10.5 מטר,אין ליקוי,בהיר,יבש,ראשון,יום,יום רגיל,6,10,7700,2,,
2025061212,קלה,0,עירוני לא בצומת,1,עד 50,7 עד 10.5 מטר,אין ליקוי,בהיר,יבש,ראשון,יום,יום רגיל,7,17,4000,3,,
2025061218,קטלנית,1,לא עירוני לא בצומת,0,עד 50,5 עד 7 מטר,אין ליקוי,בהיר,יבש,שבת,לילה,יום רגיל,8,19,0,4,,
2025061236,קלה,0,לא עירוני לא בצומת,0,80,יותר מ-14 מטר,אין ליקוי,בהיר,יבש,שבת,לילה,יום רגיל,7,22,0,2,,
2025061268,קשה,0,עירוני בצומת,1,לא ידוע,,לא ידוע,לא ידוע,לא ידוע,שלישי,יום,יום רגיל,5,17,70,6,,
2025061272,קלה,0,לא עירוני בצומת,0,90,7 עד 10.5 מטר,אין ליקוי,בהיר,יבש,שלישי,לילה,יום רגיל,7,19,0,4,,
2025061287,קלה,0,לא עירוני בצומת,0,70,7 עד 10.5 מטר,אין ליקוי,בהיר,יבש,חמישי,לילה,יום רגיל,5,5,0,3,,
2025061319,קלה,0,עירוני לא בצומת,1,עד 50,5 עד 7 מטר,אין ליקוי,בהיר,יבש,שני,לילה,יום רגיל,8,19,5000,5,,
2025061326,קלה,0,לא עירוני לא בצומת,0,עד 50,7 עד 10.5 מטר,אין ליקוי,בהיר,רטוב ממים,שישי,יום,יום רגיל,3,12,0,3,,
2025061329,קלה,0,עירוני לא בצומת,1,לא ידוע,,לא ידוע,לא ידוע,לא ידוע,שבת,יום,יום רגיל,10,17,1200,4,,
2025061339,קלה,0,עירוני לא בצומת,1,עד 50,5 עד 7 מטר,אין ליקוי,בהיר,יבש,ראשון,יום,יום רגיל,5,18,6900,4,,
2025061345,קלה,0,עירוני בצומת,1,עד 50,5 עד 7 מטר,אין ליקוי,בהיר,יבש,חמישי,יום,יום רגיל,9,9,6800,3,,
2025061346,קלה,0,עירוני לא בצומת,1,לא ידוע,7 עד 10.5 מטר,אין ליקוי,בהיר,יבש,חמישי,לילה,יום רגיל,6,22,5000,5,,
2025061362,קלה,0,עירוני בצומת,1,עד 50,7 עד 10.5 מטר,אין ליקוי,בהיר,יבש,שלישי,יום,יום רגיל,8,15,7100,6,,
2025061369,קשה,0,עירוני לא בצומת,1,לא ידוע,,לא ידוע,לא ידוע,לא ידוע,חמישי,יום,יום רגיל,9,14,8600,5,,
2025061375,קלה,0,לא עירוני לא בצומת,0,110,10.5 עד 14 מטר,אין ליקוי,בהיר,יבש,שישי,יום,יום רגיל,9,15,0,3,,
2025061378,קלה,0,לא עירוני בצומת,0,90,,לא ידוע,בהיר,יבש,שבת,לילה,ערב חג,4,23,0,6,,
2025061411,קלה,0,עירוני בצומת,1,עד 50,עד 5 מטר,אין ליקוי,בהיר,יבש,שני,יום,יום רגיל,1,7,9700,4,,
2025061425,קלה,0,עירוני לא בצומת,1,עד 50,10.5 עד 14 מטר,אין ליקוי,בהיר,יבש,ראשון,יום,יום רגיל,9,18,9500,3,,
2025061442,קלה,0,לא עירוני בצומת,0,עד 50,,אין ליקוי,בהיר,יבש,רביעי,יום,יום רגיל,8,10,0,3,,
2025061443,קלה,0,עירוני בצומת,1,לא ידוע,,לא ידוע,לא ידוע,לא ידוע,רביעי,יום,יום רגיל,11,8,8400,4,,
2025061456,קשה,0,עירוני בצומת,1,לא ידוע,,לא ידוע,לא ידוע,לא ידוע,שני,יום,יום רגיל,1,13,8600,5,,
2025061458,קלה,0,לא עירוני בצומת,0,70,5 עד 7 מטר,אין ליקוי,בהיר,רטוב ממים,חמישי,יום,יום רגיל,2,16,0,3,,
2025061460,קלה,0,עירוני לא בצומת,1,עד 50,5 עד 7 מטר,אין ליקוי,בהיר,יבש,ראשון,יום,חול המועד,10,17,7400,4,,
2025061480,קלה,0,עירוני בצומת,1,לא ידוע,,לא ידוע,לא ידוע,לא ידוע,חמישי,לילה,יום רגיל,9,21,5000,5,,
2025061488,קלה,0,עירוני בצומת,1,עד 50,5 עד 7 מטר,אין ליקוי,בהיר,יבש,שישי,יום,יום רגיל,7,10,8300,4,,
2025061505,קלה,0,עירוני בצומת,1,עד 50,5 עד 7 מטר,אין ליקוי,בהיר,יבש,ראשון,לילה,יום רגיל,3,20,6500,3,,
2025061507,קלה,0,לא עירוני לא בצומת,0,80,7 עד 10.5 מטר,אין ליקוי,בהיר,יבש,חמישי,יום,יום רגיל,10,10,0,2,,
2025061533,קלה,0,עירוני בצומת,1,עד 50,5 עד 7 מטר,אין ליקוי,בהיר,יבש,רביעי,יום,יום רגיל,1,9,7400,4,,
2025061539,קלה,0,עירוני בצומת,1,עד 50,עד 5 מטר,אין ליקוי,בהיר,יבש,שלישי,יום,יום רגיל,12,16,7600,2,,
2025061546,קשה,0,לא עירוני לא בצומת,0,60,5 עד 7 מטר,אין ליקוי,בהיר,יבש,שני,יום,יום רגיל,8,16,0,2,,
2025061547,קלה,0,עירוני בצומת,1,עד 50,,אין ליקוי,בהיר,יבש,שישי,לילה,ערב חג,4,0,5000,5,,
2025061576,קלה,0,עירוני בצומת,1,100,10.5 עד 14 מטר,אין ליקוי,לא ידוע,יבש,שני,יום,יום רגיל,4,11,3000,1,,
2025061596,קשה,0,עירוני לא בצומת,1,לא ידוע,,לא ידוע,לא ידוע,לא ידוע,שני,לילה,יום רגיל,7,23,26,2,,
2025061604,קשה,0,עירוני לא בצומת,1,עד 50,5 עד 7 מטר,אין ליקוי,בהיר,יבש,שלישי,יום,יום רגיל,3,14,2018,4,,
2025061639,קשה,0,עירוני לא בצומת,1,עד 50,,אין ליקוי,בהיר,יבש,שלישי,יום,יום רגיל,7,14,8600,5,,
2025061644,קלה,0,עירוני לא בצומת,1,עד 50,5 עד 7 מטר,אין ליקוי,בהיר,יבש,חמישי,לילה,יום רגיל,2,18,2100,3,,
2025061650,קשה,0,עירוני בצומת,1,110,5 עד 7 מטר,אין ליקוי,לא ידוע,חול או חצץ על הכביש,שני,לילה,יום רגיל,10,23,3000,1,,
2025061666,קשה,0,עירוני לא בצומת,1,לא ידוע,,לא ידוע,לא ידוע,לא ידוע,חמישי,לילה,יום רגיל,7,21,8600,5,,
2025061681,קשה,0,לא עירוני לא בצומת,0,לא ידוע,,לא ידוע,לא ידוע,לא ידוע,חמישי,יום,יום רגיל,10,14,0,5,,
2025061706,קלה,0,עירוני בצומת,1,עד 50,10.5 עד 14 מטר,אין ליקוי,בהיר,יבש,רביעי,יום,יום רגיל,7,8,5000,5,,
2025061713,קשה,0,לא עירוני לא בצומת,0,לא ידוע,,לא ידוע,לא ידוע,לא ידוע,שלישי,יום,יום רגיל,1,12,0,4,,
2025061735,קשה,0,לא עירוני לא בצומת,0,90,10.5 עד 14 מטר,אין ליקוי,בהיר,יבש,חמישי,לילה,יום רגיל,7,2,0,4,,
2025061736,קשה,0,עירוני בצומת,1,עד 50,5 עד 7 מטר,אין ליקוי,בהיר,יבש,ראשון,יום,יום רגיל,9,17,5000,5,,
2025061742,קלה,0,לא עירוני לא בצומת,0,לא ידוע,,לא ידוע,לא ידוע,לא ידוע,שבת,יום,יום רגיל,11,11,0,4,,
2025061744,קשה,0,לא עירוני בצומת,0,לא ידוע,,לא ידוע,לא ידוע,לא ידוע,שני,לילה,יום רגיל,11,16,0,5,,
2025061772,קלה,0,לא עירוני לא בצומת,0,80,7 עד 10.5 מטר,אין ליקוי,בהיר,יבש,שישי,יום,יום רגיל,2,8,0,7,,
2025061799,קשה,0,לא עירוני לא בצומת,0,80,7 עד 10.5 מטר,לא ידוע,בהיר,יבש,ראשון,לילה,יום רגיל,5,22,0,1,,
2025061843,קלה,0,לא עירוני בצומת,0,90,10.5 עד 14 מטר,אין ליקוי,בהיר,יבש,שבת,יום,יום רגיל,1,7,0,3,,
2025061867,קשה,0,עירוני בצומת,1,עד 50,,אין ליקוי,בהיר,יבש,ראשון,לילה,יום רגיל,11,17,6900,4,,
2025061874,קלה,0,עירוני לא בצומת,1,לא ידוע,,לא ידוע,לא ידוע,לא ידוע,שלישי,יום,יום רגיל,5,11,5000,5,,
2025061876,קלה,0,עירוני בצומת,1,עד 50,7 עד 10.5 מטר,אין ליקוי,בהיר,יבש,שישי,יום,יום רגיל,6,16,6600,5,,
2025061877,קלה,0,עירוני בצומת,1,עד 50,5 עד 7 מטר,אין ליקוי,בהיר,יבש,רביעי,יום,יום רגיל,3,12,2600,6,,
2025061884,קלה,0,לא עירוני לא בצומת,0,90,,אין ליקוי,בהיר,יבש,ראשון,יום,יום רגיל,11,11,0,6,,
2025061921,קלה,0,עירוני בצומת,1,עד 50,יותר מ-14 מטר,אין ליקוי,בהיר,יבש,שני,לילה,יום רגיל,3,0,9100,2,,
2025061925,קלה,0,עירוני בצומת,1,עד 50,7 עד 10.5 מטר,לא ידוע,בהיר,יבש,רביעי,לילה,יום רגיל,7,21,70,6,,
2025061934,קלה,0,לא עירוני לא בצומת,0,60,7 עד 10.5 מטר,לא ידוע,בהיר,יבש,שישי,יום,יום רגיל,7,11,0,1,,
2025061944,קטלנית,1,לא עירוני בצומת,0,עד 50,7 עד 10.5 מטר,אין ליקוי,בהיר,יבש,שבת,יום,יום רגיל,1,14,0,2,,
2025061947,קשה,0,עירוני לא בצומת,1,לא ידוע,,לא ידוע,לא ידוע,לא ידוע,ראשון,יום,יום רגיל,3,15,5000,5,,
2025061951,קלה,0,לא עירוני בצומת,0,70,7 עד 10.5 מטר,לא ידוע,בהיר,יבש,רביעי,יום,יום רגיל,4,9,0,1,,
2025061962,קשה,0,עירוני לא בצומת,1,לא ידוע,,לא ידוע,לא ידוע,לא ידוע,שלישי,לילה,יום רגיל,6,4,3000,1,,
2025061996,קשה,0,לא עירוני לא בצומת,0,לא ידוע,,לא ידוע,לא ידוע,לא ידוע,שני,יום,יום רגיל,1,16,0,2,,
2025062023,קשה,0,עירוני בצומת,1,לא ידוע,5 עד 7 מטר,אין ליקוי,בהיר,יבש,שבת,יום,יום רגיל,11,16,5000,5,,
2025062028,קלה,0,עירוני לא בצומת,1,עד 50,7 עד 10.5 מטר,אין ליקוי,בהיר,יבש,שישי,לילה,יום רגיל,9,20,229,4,,
2025062052,קלה,0,עירוני בצומת,1,עד 50,10.5 עד 14 מטר,אין ליקוי,בהיר,יבש,שישי,יום,יום רגיל,7,12,7900,4,,
2025062057,קשה,0,עירוני בצומת,1,לא ידוע,,לא ידוע,לא ידוע,לא ידוע,שישי,לילה,יום רגיל,2,22,5000,5,,
2025062059,קשה,0,לא עירוני לא בצומת,0,לא ידוע,,לא ידוע,לא ידוע,לא ידוע,שלישי,יום,יום רגיל,3,10,0,6,,
2025062109,קשה,0,עירוני לא בצומת,1,לא ידוע,,לא ידוע,לא ידוע,לא ידוע,רביעי,לילה,יום רגיל,12,21,5000,5,,
2025062117,קשה,0,לא עירוני לא בצומת,0,80,5 עד 7 מטר,אין ליקוי,בהיר,יבש,ראשון,לילה,יום רגיל,8,22,0,6,,
2025062127,קלה,0,עירוני בצומת,1,עד 50,,אין ליקוי,בהיר,יבש,שבת,לילה,יום רגיל,9,2,2650,5,,
2025062130,קשה,0,עירוני בצומת,1,עד 50,5 עד 7 מטר,אין ליקוי,בהיר,יבש,רביעי,לילה,יום רגיל,9,20,8200,3,,
2025062149,קלה,0,עירוני לא בצומת,1,עד 50,עד 5 מטר,אין ליקוי,בהיר,יבש,שבת,לילה,ערב חג,4,4,3570,7,,
2025062157,קשה,0,לא עירוני לא בצומת,0,90,יותר מ-14 מטר,אין ליקוי,בהיר,יבש,שני,יום,יום רגיל,3,15,0,5,,
2025062203,קטלנית,1,לא עירוני בצומת,0,90,7 עד 10.5 מטר,אין ליקוי,בהיר,יבש,רביעי,לילה,יום רגיל,1,23,0,6,,
2025062206,קלה,0,עירוני לא בצומת,1,עד 50,7 עד 10.5 מטר,אין ליקוי,בהיר,יבש,שישי,יום,יום רגיל,5,18,3815,7,,
2025062210,קטלנית,1,עירוני בצומת,1,עד 50,5 עד 7 מטר,אין ליקוי,בהיר,יבש,רביעי,יום,יום רגיל,10,12,6100,5,,
2025062235,קלה,0,עירוני לא בצומת,1,לא ידוע,,לא ידוע,לא ידוע,לא ידוע,רביעי,יום,יום רגיל,6,15,5000,5,,
2025062250,קלה,0,עירוני לא בצומת,1,עד 50,10.5 עד 14 מטר,אין ליקוי,בהיר,יבש,שני,יום,יום רגיל,2,8,6800,3,,
2025062260,קלה,0,עירוני בצומת,1,עד 50,7 עד 10.5 מטר,אין ליקוי,בהיר,יבש,חמישי,יום,יום רגיל,7,13,6500,3,,
2025062267,קשה,0,עירוני לא בצומת,1,עד 50,7 עד 10.5 מטר,אין ליקוי,בהיר,יבש,שבת,יום,יום רגיל,10,14,522,2,,
2025062274,קשה,0,עירוני לא בצומת,1,לא ידוע,,לא ידוע,לא ידוע,לא ידוע,חמישי,יום,יום רגיל,1,12,7400,4,,
2025062289,קשה,0,עירוני לא בצומת,1,עד 50,10.5 עד 14 מטר,אין ליקוי,בהיר,יבש,חמישי,יום,יום רגיל,12,14,6400,5,,
2025062310,קלה,0,לא עירוני בצומת,0,90,7 עד 10.5 מטר,אין ליקוי,אחר,יבש,שני,לילה,יום רגיל,2,18,0,2,,
2025062328,קשה,0,לא עירוני לא בצומת,0,לא ידוע,,לא ידוע,לא ידוע,לא ידוע,ראשון,יום,יום רגיל,4,9,0,5,,
2025062330,קטלנית,1,לא עירוני לא בצומת,0,90,10.5 עד 14 מטר,אין ליקוי,גשום,רטוב ממים,רביעי,יום,יום רגיל,2,16,0,7,,
2025062334,קלה,0,לא עירוני בצומת,0,90,5 עד 7 מטר,אין ליקוי,גשום,רטוב ממים,שישי,יום,יום רגיל,1,13,0,2,,
2025062337,קטלנית,1,עירוני לא בצומת,1,110,10.5 עד 14 מטר,אין ליקוי,לא ידוע,חול או חצץ על הכביש,רביעי,יום,יום רגיל,7,18,2610,1,,
2025062344,קשה,0,עירוני בצומת,1,60,7 עד 10.5 מטר,אין ליקוי,בהיר,יבש,שלישי,לילה,יום רגיל,4,6,8700,4,,
2025062350,קלה,0,עירוני בצומת,1,עד 50,7 עד 10.5 מטר,אין ליקוי,בהיר,יבש,שני,לילה,יום רגיל,12,23,8400,4,,
2025062358,קלה,0,עירוני לא בצומת,1,עד 50,10.5 עד 14 מטר,אין ליקוי,בהיר,יבש,שלישי,יום,יום רגיל,1,7,5000,5,,
2025062370,קלה,0,עירוני בצומת,1,לא ידוע,,לא ידוע,לא ידוע,לא ידוע,ראשון,לילה,יום רגיל,11,18,9600,3,,
2025062376,קלה,0,עירוני לא בצומת,1,עד 50,5 עד 7 מטר,אין ליקוי,בהיר,יבש,שלישי,לילה,יום רגיל,8,19,5000,5,,
2025062386,קלה,0,עירוני בצומת,1,עד 50,5 עד 7 מטר,אין ליקוי,לא ידוע,יבש,ראשון,יום,יום רגיל,6,17,6200,5,,
2025062405,קלה,0,עירוני לא בצומת,1,עד 50,5 עד 7 מטר,אין ליקוי,בהיר,יבש,שלישי,יום,יום רגיל,4,14,4000,3,,
2025062407,קלה,0,עירוני לא בצומת,1,עד 50,עד 5 מטר,שוליים גרועים,בהיר,יבש,שלישי,יום,יום רגיל,7,12,534,3,,
2025062417,קלה,0,לא עירוני בצומת,0,90,7 עד 10.5 מטר,אין ליקוי,בהיר,יבש,חמישי,לילה,יום רגיל,9,18,0,6,,
2025062436,קלה,0,לא עירוני בצומת,0,60,10.5 עד 14 מטר,אין ליקוי,בהיר,יבש,שני,יום,יום רגיל,5,17,0,2,,
2025062437,קלה,0,עירוני בצומת,1,עד 50,5 עד 7 מטר,אין ליקוי,בהיר,יבש,ראשון,יום,יום רגיל,5,7,5000,5,,
2025062450,קשה,0,לא עירוני בצומת,0,90,7 עד 10.5 מטר,אין ליקוי,בהיר,יבש,חמישי,יום,יום רגיל,6,6,0,5,,
2025062452,קלה,0,עירוני לא בצומת,1,עד 50,10.5 עד 14 מטר,אין ליקוי,בהיר,יבש,שלישי,יום,יום רגיל,11,12,6600,5,,
2025062490,קשה,0,לא עירוני לא בצומת,0,80,7 עד 10.5 מטר,אין ליקוי,בהיר,יבש,רביעי,יום,יום רגיל,3,11,0,7,,
2025062502,קלה,0,עירוני לא בצומת,1,עד 50,7 עד 10.5 מטר,אין ליקוי,לא ידוע,לא ידוע,חמישי,לילה,יום רגיל,10,20,7100,6,,
2025062504,קשה,0,עירוני לא בצומת,1,עד 50,5 עד 7 מטר,אין ליקוי,בהיר,יבש,שלישי,יום,יום רגיל,5,10,757,4,,
2025062534,קלה,0,עירוני בצומת,1,עד 50,7 עד 10.5 מטר,אין ליקוי,בהיר,יבש,חמישי,יום,יום רגיל,9,10,8400,4,,
2025062535,קלה,0,עירוני בצומת,1,לא ידוע,,לא ידוע,לא ידוע,לא ידוע,חמישי,יום,יום רגיל,10,15,6400,5,,
2025062541,קלה,0,לא עירוני בצומת,0,80,7 עד 10.5 מטר,אין ליקוי,גשום,רטוב ממים,שישי,יום,יום רגיל,11,7,0,2,,
2025062543,קלה,0,עירוני לא בצומת,1,עד 50,10.5 עד 14 מטר,אין ליקוי,בהיר,יבש,שלישי,לילה,יום רגיל,1,18,7900,4,,
2025062553,קלה,0,לא עירוני בצומת,0,60,10.5 עד 14 מטר,אין ליקוי,בהיר,יבש,שבת,יום,יום רגיל,6,17,0,4,,
2025062561,קשה,0,עירוני לא בצומת,1,לא ידוע,עד 5 מטר,אין ליקוי,בהיר,יבש,ראשון,יום,יום רגיל,2,16,2400,5,,
2025062571,קלה,0,לא עירוני בצומת,0,80,יותר מ-14 מטר,אין ליקוי,בהיר,יבש,שישי,לילה,יום רגיל,8,0,0,2,,
2025062596,קלה,0,עירוני לא בצומת,1,עד 50,5 עד 7 מטר,אין ליקוי,בהיר,יבש,שני,לילה,יום רגיל,3,20,975,2,,
2025062623,קלה,0,עירוני בצומת,1,60,7 עד 10.5 מטר,אין ליקוי,בהיר,יבש,חמישי,לילה,יום רגיל,11,19,2100,3,,
2025062641,קשה,0,עירוני בצומת,1,עד 50,5 עד 7 מטר,אין ליקוי,בהיר,יבש,חמישי,יום,יום רגיל,9,18,7900,4,,
2025062670,קטלנית,1,לא עירוני בצומת,0,80,5 עד 7 מטר,אין ליקוי,בהיר,יבש,ראשון,יום,יום רגיל,12,15,0,2,,
2025062703,קלה,0,עירוני לא בצומת,1,עד 50,5 עד 7 מטר,אין ליקוי,בהיר,רטוב ממים,רביעי,לילה,יום רגיל,12,17,7400,4,,
2025062706,קלה,0,לא עירוני בצומת,0,עד 50,7 עד 10.5 מטר,אין ליקוי,בהיר,יבש,שני,יום,יום רגיל,7,7,0,2,,
2025062710,קשה,0,עירוני בצומת,1,עד 50,5 עד 7 מטר,אין ליקוי,בהיר,יבש,שלישי,יום,יום רגיל,1,14,2200,6,,
2025062725,קלה,0,עירוני בצומת,1,עד 50,יותר מ-14 מטר,אין ליקוי,בהיר,יבש,ראשון,יום,יום רגיל,8,13,9000,6,,
2025062732,קשה,0,עירוני לא בצומת,1,עד 50,,אין ליקוי,בהיר,יבש,ראשון,יום,יום רגיל,6,18,6400,5,,
2025062763,קשה,0,עירוני לא בצומת,1,עד 50,10.5 עד 14 מטר,אין ליקוי,בהיר,יבש,רביעי,לילה,יום רגיל,11,17,5000,5,,
2025062764,קשה,0,עירוני לא בצומת,1,לא ידוע,,לא ידוע,לא ידוע,לא ידוע,רביעי,לילה,ערב חג,4,22,7900,4,,
2025062768,קלה,0,עירוני בצומת,1,עד 50,עד 5 מטר,אין ליקוי,לא ידוע,יבש,רביעי,יום,יום רגיל,4,16,246,6,,
2025062779,קלה,0,עירוני לא בצומת,1,עד 50,5 עד 7 מטר,אין ליקוי,בהיר,יבש,שלישי,יום,יום רגיל,10,15,3780,7,,
2025062787,קלה,0,עירוני לא בצומת,1,עד 50,5 עד 7 מטר,אין ליקוי,בהיר,יבש,רביעי,יום,יום רגיל,1,9,3000,1,,
2025062803,קשה,0,לא עירוני בצומת,0,80,7 עד 10.5 מטר,אין ליקוי,בהיר,יבש,חמישי,לילה,יום רגיל,10,5,0,2,,
2025062814,קלה,0,לא עירוני לא בצומת,0,80,,לא ידוע,בהיר,חול או חצץ על הכביש,שני,יום,יום רגיל,10,14,0,7,,
2025062831,קטלנית,1,לא עירוני בצומת,0,80,7 עד 10.5 מטר,אין ליקוי,לא ידוע,יבש,שני,יום,יום רגיל,8,14,0,7,,
2025062841,קשה,0,עירוני לא בצומת,1,לא ידוע,,לא ידוע,לא ידוע,לא ידוע,ראשון,לילה,יום רגיל,12,5,3000,1,,
2025062842,קלה,0,עירוני בצומת,1,עד 50,10.5 עד 14 מטר,אין ליקוי,בהיר,יבש,ראשון,יום,יום רגיל,3,8,8600,5,,
2025062847,קלה,0,לא עירוני בצומת,0,90,7 עד 10.5 מטר,אין ליקוי,בהיר,יבש,ראשון,לילה,יום רגיל,3,22,0,4,,
2025062849,קלה,0,לא עירוני בצומת,0,90,יותר מ-14 מטר,אין ליקוי,בהיר,יבש,שישי,יום,יום רגיל,5,16,0,2,,
2025062859,קשה,0,לא עירוני לא בצומת,0,לא ידוע,,לא ידוע,לא ידוע,לא ידוע,שישי,לילה,יום רגיל,12,0,0,6,,
2025062874,קלה,0,לא עירוני בצומת,0,עד 50,7 עד 10.5 מטר,אין ליקוי,בהיר,יבש,חמישי,לילה,יום רגיל,11,20,0,4,,
2025062929,קטלנית,1,לא עירוני לא בצומת,0,90,7 עד 10.5 מטר,אין ליקוי,בהיר,יבש,רביעי,לילה,יום רגיל,1,22,0,7,,
2025062932,קשה,0,עירוני לא בצומת,1,עד 50,10.5 עד 14 מטר,אין ליקוי,בהיר,יבש,חמישי,יום,חג,5,11,5000,5,,
2025062942,קשה,0,עירוני לא בצומת,1,לא ידוע,,לא ידוע,לא ידוע,לא ידוע,שישי,יום,יום רגיל,10,12,4000,3,,
2025062959,קלה,0,לא עירוני בצומת,0,90,יותר מ-14 מטר,אין ליקוי,בהיר,יבש,ראשון,לילה,יום רגיל,4,22,0,4,,
2025062972,קלה,0,לא עירוני בצומת,0,90,7 עד 10.5 מטר,אין ליקוי,בהיר,יבש,שני,יום,יום רגיל,3,14,0,6,,
2025062984,קשה,0,לא עירוני לא בצומת,0,עד 50,7 עד 10.5 מטר,אין ליקוי,בהיר,יבש,שישי,יום,יום רגיל,6,18,0,5,,
2025062985,קלה,0,עירוני בצומת,1,לא ידוע,,לא ידוע,לא ידוע,לא ידוע,שישי,יום,יום רגיל,11,7,6100,5,,
2025062986,קשה,0,עירוני בצומת,1,עד 50,5 עד 7 מטר,אין ליקוי,בהיר,יבש,שני,יום,יום רגיל,2,11,8400,4,,
2025062988,קלה,0,עירוני לא בצומת,1,עד 50,10.5 עד 14 מטר,אין ליקוי,בהיר,יבש,ראשון,יום,יום רגיל,6,14,7600,2,,
2025062996,קלה,0,לא עירוני בצומת,0,עד 50,,אין ליקוי,בהיר,יבש,ראשון,יום,יום רגיל,2,9,0,4,,
2025062998,קשה,0,עירוני לא בצומת,1,עד 50,7 עד 10.5 מטר,אין ליקוי,בהיר,יבש,שבת,יום,יום רגיל,5,16,8500,4,,
2025063061,קלה,0,לא עירוני לא בצומת,0,90,7 עד 10.5 מטר,אין ליקוי,לא ידוע,רטוב ממים,שישי,יום,יום רגיל,1,15,0,3,,
2025063116,קשה,0,עירוני בצומת,1,עד 50,,אין ליקוי,בהיר,יבש,ראשון,יום,יום רגיל,3,16,5000,5,,
2025063132,קשה,0,עירוני לא בצומת,1,60,5 עד 7 מטר,אין ליקוי,בהיר,יבש,רביעי,יום,חול המועד,4,7,8400,4,,
2025063141,קשה,0,לא עירוני לא בצומת,0,לא ידוע,,לא ידוע,לא ידוע,לא ידוע,שני,לילה,יום רגיל,8,3,0,4,,
2025063154,קלה,0,עירוני לא בצומת,1,לא ידוע,עד 5 מטר,אין ליקוי,בהיר,יבש,שלישי,יום,יום רגיל,5,11,8600,5,,
2025063182,קלה,0,עירוני בצומת,1,עד 50,,אין ליקוי,בהיר,יבש,שישי,לילה,יום רגיל,8,19,1309,4,,
2025063216,קלה,0,עירוני בצומת,1,עד 50,5 עד 7 מטר,אין ליקוי,שרבי,יבש,שני,יום,יום רגיל,7,11,3570,7,,
2025063224,קלה,0,עירוני בצומת,1,עד 50,10.5 עד 14 מטר,אין ליקוי,בהיר,יבש,שישי,לילה,יום רגיל,9,5,70,6,,
2025063234,קשה,0,עירוני לא בצומת,1,לא ידוע,,לא ידוע,לא ידוע,לא ידוע,שני,יום,יום רגיל,6,10,494,3,,
2025063235,קלה,0,עירוני בצומת,1,עד 50,5 עד 7 מטר,אין ליקוי,בהיר,יבש,רביעי,לילה,יום רגיל,1,17,9500,3,,
2025063238,קשה,0,עירוני לא בצומת,1,לא ידוע,,לא ידוע,לא ידוע,לא ידוע,שלישי,יום,יום רגיל,10,16,8500,4,,
2025063246,קלה,0,עירוני בצומת,1,עד 50,5 עד 7 מטר,אין ליקוי,בהיר,יבש,רביעי,לילה,יום רגיל,5,19,7900,4,,
2025063250,קלה,0,עירוני בצומת,1,עד 50,5 עד 7 מטר,שוליים גרועים וכביש משובש,בהיר,יבש,שני,יום,יום רגיל,2,7,3000,1,,
2025063258,קלה,0,לא עירוני בצומת,0,עד 50,10.5 עד 14 מטר,אין ליקוי,בהיר,יבש,שני,יום,יום רגיל,6,13,0,5,,
2025063259,קשה,0,עירוני לא בצומת,1,לא ידוע,,לא ידוע,לא ידוע,לא ידוע,שני,יום,יום רגיל,12,9,1303,6,,
2025063297,קלה,0,עירוני בצומת,1,עד 50,,אין ליקוי,בהיר,יבש,רביעי,יום,יום רגיל,7,18,5000,5,,
2025063332,קלה,0,עירוני בצומת,1,70,7 עד 10.5 מטר,אין ליקוי,בהיר,יבש,שבת,לילה,יום רגיל,5,23,5000,5,,
2025063366,קשה,0,עירוני בצומת,1,לא ידוע,,לא ידוע,לא ידוע,לא ידוע,רביעי,יום,יום רגיל,5,7,7200,4,,
2025063376,קטלנית,1,לא עירוני לא בצומת,0,90,יותר מ-14 מטר,אין ליקוי,בהיר,יבש,ראשון,יום,יום רגיל,10,15,0,4,,
2025063417,קלה,0,עירוני לא בצומת,1,עד 50,,אין ליקוי,בהיר,יבש,חמישי,יום,יום רגיל,4,8,5000,5,,
2025063418,קשה,0,עירוני בצומת,1,עד 50,5 עד 7 מטר,אין ליקוי,גשום,רטוב ממים,חמישי,לילה,יום רגיל,12,17,70,6,,
2025063440,קשה,0,לא עירוני לא בצומת,0,לא ידוע,,לא ידוע,לא ידוע,לא ידוע,חמישי,יום,יום רגיל,2,10,0,6,,
2025063452,קלה,0,עירוני לא בצומת,1,עד 50,,אין ליקוי,בהיר,יבש,חמישי,יום,יום רגיל,6,17,6100,5,,
2025063530,קלה,0,לא עירוני בצומת,0,90,7 עד 10.5 מטר,אין ליקוי,בהיר,יבש,ראשון,לילה,יום רגיל,1,20,0,6,,
2025063537,קלה,0,עירוני בצומת,1,עד 50,7 עד 10.5 מטר,אין ליקוי,בהיר,יבש,שני,יום,יום רגיל,9,14,70,6,,
2025063552,קשה,0,עירוני לא בצומת,1,לא ידוע,,לא ידוע,לא ידוע,לא ידוע,חמישי,לילה,יום רגיל,4,20,7000,4,,
2025063558,קלה,0,לא עירוני בצומת,0,עד 50,יותר מ-14 מטר,אין ליקוי,בהיר,יבש,שבת,יום,יום רגיל,4,12,0,4,,
2025063580,קלה,0,עירוני לא בצומת,1,עד 50,5 עד 7 מטר,אין ליקוי,בהיר,יבש,שלישי,יום,יום רגיל,8,17,8400,4,,
2025063601,קשה,0,לא עירוני לא בצומת,0,90,יותר מ-14 מטר,אין ליקוי,בהיר,יבש,רביעי,יום,יום רגיל,2,15,0,5,,
2025063603,קשה,0,עירוני לא בצומת,1,לא ידוע,,לא ידוע,לא ידוע,לא ידוע,שישי,יום,יום רגיל,10,7,9000,6,,
2025063612,קלה,0,לא עירוני בצומת,0,80,7 עד 10.5 מטר,אין ליקוי,בהיר,יבש,רביעי,יום,יום רגיל,8,17,0,2,,
2025063626,קשה,0,עירוני בצומת,1,לא ידוע,,לא ידוע,לא ידוע,לא ידוע,ראשון,לילה,יום רגיל,12,22,5000,5,,
2025063645,קטלנית,1,לא עירוני לא בצומת,0,70,7 עד 10.5 מטר,אין ליקוי,גשום,רטוב ממים,שני,לילה,יום רגיל,2,17,0,4,,
2025063654,קלה,0,עירוני בצומת,1,עד 50,5 עד 7 מטר,אין ליקוי,אחר,יבש,ראשון,יום,יום רגיל,9,17,6400,5,,
2025063655,קלה,0,עירוני בצומת,1,עד 50,5 עד 7 מטר,אין ליקוי,בהיר,יבש,שישי,יום,יום רגיל,6,10,7400,4,,
2025063656,קשה,0,עירוני בצומת,1,100,10.5 עד 14 מטר,אין ליקוי,לא ידוע,יבש,שישי,לילה,יום רגיל,7,1,3000,1,,
2025063658,קטלנית,1,לא עירוני לא בצומת,0,,10.5 עד 14 מטר,אין ליקוי,בהיר,יבש,שישי,לילה,יום רגיל,7,4,0,4,,
2025063675,קלה,0,עירוני לא בצומת,1,לא ידוע,,לא ידוע,לא ידוע,לא ידוע,שלישי,לילה,יום רגיל,11,17,3000,1,,
2025063679,קלה,0,עירוני בצומת,1,עד 50,5 עד 7 מטר,אין ליקוי,בהיר,יבש,רביעי,יום,ערב חג,10,12,6200,5,,
2025063688,קלה,0,לא עירוני בצומת,0,עד 50,,אין ליקוי,בהיר,יבש,רביעי,לילה,יום רגיל,8,23,0,4,,
2025063700,קשה,0,לא עירוני לא בצומת,0,לא ידוע,,לא ידוע,לא ידוע,לא ידוע,שישי,יום,יום רגיל,7,14,0,4,,
2025063705,קטלנית,1,לא עירוני לא בצומת,0,90,10.5 עד 14 מטר,אין ליקוי,בהיר,יבש,שלישי,יום,יום רגיל,9,8,0,7,,
2025063728,קטלנית,1,לא עירוני לא בצומת,0,עד 50,10.5 עד 14 מטר,אין ליקוי,בהיר,יבש,שישי,יום,יום רגיל,8,17,0,3,,
2025063759,קטלנית,1,לא עירוני לא בצומת,0,80,7 עד 10.5 מטר,שוליים גרועים,בהיר,יבש,שישי,יום,יום רגיל,12,9,0,7,,
2025063769,קלה,0,לא עירוני בצומת,0,80,7 עד 10.5 מטר,אין ליקוי,בהיר,יבש,שבת,יום,יום רגיל,9,9,0,2,,
2025063795,קשה,0,עירוני לא בצומת,1,עד 50,7 עד 10.5 מטר,אין ליקוי,בהיר,יבש,שלישי,יום,יום רגיל,5,14,9000,6,,
2025063802,קשה,0,עירוני לא בצומת,1,לא ידוע,,לא ידוע,לא ידוע,לא ידוע,שבת,לילה,יום רגיל,4,23,70,6,,
2025063810,קשה,0,לא עירוני לא בצומת,0,לא ידוע,,לא ידוע,לא ידוע,לא ידוע,שישי,יום,יום רגיל,3,14,0,6,,
2025063814,קלה,0,עירוני לא בצומת,1,עד 50,עד 5 מטר,אין ליקוי,בהיר,יבש,שני,לילה,ערב חג,10,19,638,4,,
2025063822,קלה,0,עירוני בצומת,1,עד 50,10.5 עד 14 מטר,אין ליקוי,בהיר,יבש,שישי,יום,יום רגיל,4,12,9000,6,,
2025063829,קלה,0,לא עירוני לא בצומת,0,110,10.5 עד 14 מטר,אין ליקוי,לא ידוע,יבש,שבת,יום,יום רגיל,12,15,0,3,,
2025063833,קלה,0,עירוני לא בצומת,1,לא ידוע,5 עד 7 מטר,אין ליקוי,בהיר,יבש,רביעי,יום,יום רגיל,8,10,469,4,,
2025063859,קלה,0,עירוני לא בצומת,1,עד 50,,אין ליקוי,בהיר,יבש,שבת,לילה,יום רגיל,8,4,8300,4,,
2025063872,קלה,0,עירוני בצומת,1,עד 50,7 עד 10.5 מטר,אין ליקוי,בהיר,יבש,שישי,לילה,יום רגיל,2,21,8200,3,,
2025063873,קלה,0,עירוני לא בצומת,1,עד 50,7 עד 10.5 מטר,אין ליקוי,בהיר,יבש,ראשון,יום,יום רגיל,11,13,1020,3,,
2025063928,קשה,0,לא עירוני לא בצומת,0,90,יותר מ-14 מטר,אין ליקוי,בהיר,יבש,רביעי,יום,יום רגיל,7,18,0,4,,
2025063942,קלה,0,עירוני בצומת,1,עד 50,עד 5 מטר,אין ליקוי,בהיר,יבש,שבת,יום,יום רגיל,4,14,7900,4,,
2025063952,קטלנית,1,לא עירוני בצומת,0,80,10.5 עד 14 מטר,אין ליקוי,בהיר,יבש,שני,יום,יום רגיל,3,8,0,7,,
2025063953,קלה,0,לא עירוני בצומת,0,90,יותר מ-14 מטר,אין ליקוי,בהיר,יבש,שבת,לילה,יום רגיל,9,22,0,6,,
2025063962,קלה,0,עירוני לא בצומת,1,עד 50,5 עד 7 מטר,אין ליקוי,בהיר,יבש,שלישי,יום,יום רגיל,10,14,6600,5,,
2025063963,קלה,0,לא עירוני לא בצומת,0,לא ידוע,,לא ידוע,לא ידוע,לא ידוע,שישי,לילה,יום רגיל,10,23,0,4,,
2025063966,קשה,0,עירוני לא בצומת,1,עד 50,5 עד 7 מטר,אין ליקוי,בהיר,יבש,שני,יום,יום רגיל,8,9,6400,5,,
2025063986,קלה,0,עירוני בצומת,1,עד 50,5 עד 7 מטר,אין ליקוי,לא ידוע,יבש,שני,יום,יום רגיל,2,10,4000,3,,
2025064012,קלה,0,עירוני בצומת,1,עד 50,7 עד 10.5 מטר,אין ליקוי,בהיר,יבש,רביעי,לילה,יום רגיל,6,0,9000,6,,
2025064024,קלה,0,עירוני בצומת,1,עד 50,,אין ליקוי,בהיר,יבש,שישי,יום,יום רגיל,5,10,9300,3,,
2025064031,קשה,0,לא עירוני בצומת,0,90,,אין ליקוי,בהיר,יבש,ראשון,יום,יום רגיל,3,14,0,5,,
2025064071,קשה,0,עירוני בצומת,1,עד 50,5 עד 7 מטר,אין ליקוי,בהיר,יבש,שבת,יום,יום רגיל,6,18,5000,5,,
2025064080,קשה,0,עירוני לא בצומת,1,לא ידוע,,לא ידוע,לא ידוע,לא ידוע,שלישי,יום,יום רגיל,4,10,3000,1,,
2025064089,קלה,0,לא עירוני בצומת,0,80,5 עד 7 מטר,אין ליקוי,בהיר,יבש,חמישי,יום,יום רגיל,5,14,0,7,,
2025064102,קלה,0,לא עירוני בצומת,0,90,,לא ידוע,בהיר,יבש,שלישי,יום,יום רגיל,6,7,0,3,,
2025064156,קשה,0,עירוני לא בצומת,1,לא ידוע,,לא ידוע,לא ידוע,לא ידוע,ראשון,לילה,יום רגיל,12,20,4000,3,,
2025064185,קלה,0,עירוני לא בצומת,1,עד 50,יותר מ-14 מטר,אין ליקוי,בהיר,יבש,שני,יום,יום רגיל,3,13,5000,5,,
2025064186,קלה,0,עירוני לא בצומת,1,עד 50,5 עד 7 מטר,לא ידוע,בהיר,יבש,שישי,לילה,יום רגיל,3,1,8900,2,,
2025064187,קלה,0,לא עירוני בצומת,0,80,יותר מ-14 מטר,אין ליקוי,לא ידוע,יבש,רביעי,לילה,ערב חג,4,20,0,4,,
2025064197,קשה,0,עירוני לא בצומת,1,לא ידוע,,לא ידוע,לא ידוע,לא ידוע,ראשון,לילה,יום רגיל,1,21,9000,6,,
2025064220,קלה,0,עירוני בצומת,1,עד 50,7 עד 10.5 מטר,אין ליקוי,בהיר,יבש,חמישי,לילה,יום רגיל,12,23,70,6,,
2025064221,קשה,0,לא עירוני בצומת,0,90,10.5 עד 14 מטר,אין ליקוי,בהיר,יבש,שבת,לילה,יום רגיל,2,19,0,2,,
2025064238,קלה,0,לא עירוני בצומת,0,90,7 עד 10.5 מטר,אין ליקוי,בהיר,יבש,שני,יום,יום רגיל,6,16,0,6,,
2025064247,קלה,0,לא עירוני בצומת,0,80,10.5 עד 14 מטר,אין ליקוי,בהיר,יבש,ראשון,יום,יום רגיל,2,6,0,4,,
2025064276,קשה,0,לא עירוני בצומת,0,70,7 עד 10.5 מטר,אין ליקוי,בהיר,יבש,חמישי,לילה,יום רגיל,6,1,0,4,,
2025064281,קשה,0,עירוני לא בצומת,1,עד 50,7 עד 10.5 מטר,אין ליקוי,בהיר,יבש,שלישי,לילה,יום רגיל,7,22,7900,4,,
2025064288,קשה,0,עירוני לא בצומת,1,עד 50,7 עד 10.5 מטר,אין ליקוי,בהיר,יבש,רביעי,יום,יום רגיל,2,16,504,2,,
2025064290,קלה,0,עירוני לא בצומת,1,עד 50,7 עד 10.5 מטר,אין ליקוי,בהיר,יבש,ראשון,יום,יום רגיל,6,14,4000,3,,
2025064311,קלה,0,עירוני בצומת,1,עד 50,5 עד 7 מטר,אין ליקוי,בהיר,יבש,שישי,יום,יום רגיל,5,7,8600,5,,
2025064324,קלה,0,עירוני בצומת,1,עד 50,5 עד 7 מטר,אין ליקוי,בהיר,יבש,ראשון,יום,יום רגיל,4,7,7400,4,,
2025064333,קלה,0,עירוני לא בצומת,1,60,,אין ליקוי,בהיר,יבש,ראשון,יום,יום רגיל,3,16,5000,5,,
2025064340,קלה,0,עירוני לא בצומת,1,עד 50,5 עד 7 מטר,אין ליקוי,בהיר,יבש,חמישי,לילה,יום רגיל,12,18,6200,5,,
2025064342,קלה,0,עירוני בצומת,1,עד 50,7 עד 10.5 מטר,אין ליקוי,בהיר,יבש,ראשון,לילה,יום רגיל,11,2,5000,5,,
2025064346,קשה,0,לא עירוני לא בצומת,0,90,7 עד 10.5 מטר,אין ליקוי,בהיר,יבש,חמישי,יום,יום רגיל,6,17,0,4,,
2025064349,קלה,0,עירוני לא בצומת,1,עד 50,7 עד 10.5 מטר,אין ליקוי,בהיר,יבש,שני,יום,יום רגיל,1,12,534,3,,
2025064379,קשה,0,עירוני לא בצומת,1,עד 50,5 עד 7 מטר,אין ליקוי,בהיר,יבש,רביעי,יום,יום רגיל,6,13,8600,5,,
2025064382,קשה,0,עירוני בצומת,1,עד 50,5 עד 7 מטר,לא ידוע,בהיר,יבש,ראשון,יום,יום רגיל,3,8,3000,1,,
2025064395,קלה,0,עירוני בצומת,1,עד 50,5 עד 7 מטר,אין ליקוי,בהיר,יבש,חמישי,יום,יום רגיל,1,11,5000,5,,
2025064399,קלה,0,עירוני לא בצומת,1,עד 50,7 עד 10.5 מטר,אין ליקוי,בהיר,יבש,חמישי,יום,יום רגיל,2,7,3000,1,,
2025064412,קלה,0,עירוני בצומת,1,עד 50,7 עד 10.5 מטר,אין ליקוי,בהיר,יבש,רביעי,יום,יום רגיל,6,12,7900,4,,
2025064418,קשה,0,עירוני לא בצומת,1,לא ידוע,,לא ידוע,לא ידוע,לא ידוע,חמישי,יום,יום רגיל,6,6,8600,5,,
2025064453,קשה,0,עירוני בצומת,1,לא ידוע,7 עד 10.5 מטר,אין ליקוי,בהיר,יבש,שלישי,לילה,יום רגיל,2,19,4000,3,,
2025064460,קלה,0,לא עירוני בצומת,0,90,7 עד 10.5 מטר,אין ליקוי,בהיר,יבש,ראשון,יום,ערב חג,6,14,0,7,,
2025064473,קלה,0,עירוני לא בצומת,1,לא ידוע,,לא ידוע,לא ידוע,לא ידוע,חמישי,לילה,יום רגיל,10,21,5000,5,,
2025064475,קלה,0,לא עירוני בצומת,0,90,יותר מ-14 מטר,אין ליקוי,בהיר,יבש,ראשון,לילה,יום רגיל,4,2,0,4,,
2025064485,קלה,0,עירוני בצומת,1,עד 50,7 עד 10.5 מטר,אין ליקוי,בהיר,יבש,חמישי,יום,יום רגיל,9,12,3000,1,,
2025064493,קטלנית,1,לא עירוני לא בצומת,0,80,5 עד 7 מטר,אין ליקוי,בהיר,יבש,ראשון,לילה,יום רגיל,8,1,0,2,,
2025064501,קלה,0,עירוני בצומת,1,עד 50,5 עד 7 מטר,אין ליקוי,בהיר,יבש,ראשון,יום,יום רגיל,7,19,5000,5,,
2025064511,קטלנית,1,עירוני בצומת,1,עד 50,5 עד 7 מטר,אין ליקוי,בהיר,יבש,שני,יום,יום רגיל,3,11,7400,4,,
2025064516,קלה,0,עירוני לא בצומת,1,עד 50,7 עד 10.5 מטר,אין ליקוי,בהיר,יבש,רביעי,יום,יום רגיל,7,11,4000,3,,
2025064527,קלה,0,לא עירוני בצומת,0,80,7 עד 10.5 מטר,אין ליקוי,בהיר,יבש,חמישי,לילה,יום רגיל,1,20,0,4,,
2025064538,קלה,0,לא עירוני לא בצומת,0,80,7 עד 10.5 מטר,אין ליקוי,בהיר,יבש,חמישי,יום,יום רגיל,1,8,0,2,,
2025064541,קלה,0,עירוני לא בצומת,1,עד 50,5 עד 7 מטר,אין ליקוי,בהיר,יבש,שישי,לילה,יום רגיל,11,3,6900,4,,
2025064546,קטלנית,1,לא עירוני בצומת,0,90,7 עד 10.5 מטר,אין ליקוי,בהיר,יבש,שישי,לילה,ערב חג,4,22,0,3,,
2025064584,קשה,0,עירוני בצומת,1,עד 50,יותר מ-14 מטר,אין ליקוי,בהיר,יבש,שלישי,יום,יום רגיל,6,10,8300,4,,
2025064617,קלה,0,לא עירוני בצומת,0,70,7 עד 10.5 מטר,אין ליקוי,בהיר,יבש,חמישי,יום,יום רגיל,10,7,0,3,,
2025064619,קלה,0,עירוני בצומת,1,עד 50,10.5 עד 14 מטר,אין ליקוי,בהיר,יבש,שבת,לילה,יום רגיל,8,0,5000,5,,
2025064649,קשה,0,עירוני בצומת,1,עד 50,יותר מ-14 מטר,אין ליקוי,גשום,רטוב ממים,ראשון,לילה,יום רגיל,2,21,9600,3,,
2025064650,קלה,0,עירוני בצומת,1,עד 50,10.5 עד 14 מטר,אין ליקוי,בהיר,יבש,שני,יום,יום רגיל,7,19,2640,4,,
2025064664,קלה,0,עירוני לא בצומת,1,עד 50,5 עד 7 מטר,לא ידוע,בהיר,יבש,שישי,יום,יום רגיל,3,12,3000,1,,
2025064669,קשה,0,לא עירוני לא בצומת,0,80,5 עד 7 מטר,אין ליקוי,גשום,רטוב ממים,שישי,יום,יום רגיל,2,7,0,7,,
2025064673,קשה,0,עירוני לא בצומת,1,עד 50,יותר מ-14 מטר,אין ליקוי,בהיר,יבש,חמישי,לילה,ערב חג,3,23,6500,3,,
2025064676,קשה,0,לא עירוני לא בצומת,0,90,יותר מ-14 מטר,אין ליקוי,בהיר,יבש,חמישי,יום,יום רגיל,10,16,0,4,,
2025064688,קלה,0,לא עירוני בצומת,0,90,10.5 עד 14 מטר,אין ליקוי,בהיר,יבש,שבת,יום,יום רגיל,4,12,0,3,,
2025064700,קלה,0,עירוני לא בצומת,1,60,7 עד 10.5 מטר,אין ליקוי,בהיר,יבש,ראשון,יום,יום רגיל,9,11,6200,5,,
2025064706,קלה,0,עירוני בצומת,1,עד 50,5 עד 7 מטר,אין ליקוי,בהיר,יבש,שני,יום,יום רגיל,5,16,3000,1,,
2025064707,קלה,0,עירוני לא בצומת,1,60,,אין ליקוי,בהיר,יבש,שבת,יום,יום רגיל,8,18,5000,5,,
2025064722,קלה,0,עירוני בצומת,1,עד 50,7 עד 10.5 מטר,אין ליקוי,בהיר,יבש,ראשון,יום,יום רגיל,6,12,5000,5,,
2025064725,קטלנית,1,לא עירוני לא בצומת,0,80,,אין ליקוי,בהיר,יבש,שישי,לילה,חול המועד,10,5,0,7,,
2025064742,קשה,0,לא עירוני לא בצומת,0,80,7 עד 10.5 מטר,אין ליקוי,בהיר,יבש,חמישי,יום,יום רגיל,3,11,0,2,,
2025064748,קלה,0,עירוני בצומת,1,70,7 עד 10.5 מטר,אין ליקוי,בהיר,יבש,רביעי,לילה,יום רגיל,6,22,9000,6,,
2025064758,קלה,0,עירוני לא בצומת,1,עד 50,5 עד 7 מטר,אין ליקוי,בהיר,יבש,שני,יום,יום רגיל,9,8,6900,4,,
2025064767,קשה,0,עירוני לא בצומת,1,עד 50,7 עד 10.5 מטר,אין ליקוי,בהיר,יבש,שני,יום,יום רגיל,12,11,3000,1,,
2025064783,קשה,0,עירוני לא בצומת,1,עד 50,5 עד 7 מטר,אין ליקוי,לא ידוע,יבש,שני,יום,יום רגיל,5,14,31,6,,
2025064852,קשה,0,עירוני לא בצומת,1,לא ידוע,,לא ידוע,לא ידוע,לא ידוע,שני,יום,יום רגיל,5,19,3000,1,,
2025064855,קלה,0,עירוני בצומת,1,עד 50,5 עד 7 מטר,אין ליקוי,בהיר,יבש,שלישי,לילה,יום רגיל,10,19,5000,5,,
2025064859,קלה,0,לא עירוני בצומת,0,80,10.5 עד 14 מטר,אין ליקוי,בהיר,יבש,רביעי,לילה,יום רגיל,10,6,0,2,,
2025064876,קלה,0,לא עירוני לא בצומת,0,80,7 עד 10.5 מטר,אין ליקוי,שרבי,יבש,חמישי,יום,יום רגיל,6,17,0,7,,
2025064878,קלה,0,עירוני לא בצומת,1,עד 50,5 עד 7 מטר,אין ליקוי,בהיר,יבש,שני,לילה,יום רגיל,12,20,6200,5,,
2025064881,קלה,0,לא עירוני בצומת,0,60,יותר מ-14 מטר,אין ליקוי,בהיר,יבש,שישי,יום,יום רגיל,11,7,0,3,,
2025064885,קשה,0,לא עירוני לא בצומת,0,עד 50,5 עד 7 מטר,אין ליקוי,בהיר,יבש,שלישי,יום,יום רגיל,8,16,0,2,,
2025064908,קלה,0,עירוני בצומת,1,עד 50,5 עד 7 מטר,אין ליקוי,בהיר,יבש,חמישי,יום,יום רגיל,1,9,2730,4,,
2025064911,קשה,0,עירוני בצומת,1,לא ידוע,,לא ידוע,לא ידוע,לא ידוע,ראשון,לילה,יום רגיל,6,20,7200,4,,
2025064954,קלה,0,עירוני בצומת,1,עד 50,7 עד 10.5 מטר,אין ליקוי,בהיר,יבש,חמישי,יום,יום רגיל,1,7,6100,5,,
2025064960,קלה,0,עירוני בצומת,1,עד 50,7 עד 10.5 מטר,אין ליקוי,בהיר,רטוב ממים,ראשון,לילה,יום רגיל,2,20,6800,3,,
2025064966,קלה,0,עירוני בצומת,1,עד 50,5 עד 7 מטר,אין ליקוי,בהיר,יבש,שלישי,יום,חול המועד,4,9,6300,5,,
2025064968,קלה,0,עירוני בצומת,1,לא ידוע,,לא ידוע,לא ידוע,לא ידוע,שני,יום,יום רגיל,9,15,9000,6,,
2025064977,קשה,0,לא עירוני לא בצומת,0,90,יותר מ-14 מטר,אין ליקוי,בהיר,יבש,שישי,יום,יום רגיל,2,17,0,4,,
2025064989,קלה,0,לא עירוני בצומת,0,עד 50,7 עד 10.5 מטר,אין ליקוי,בהיר,יבש,חמישי,יום,יום רגיל,5,12,0,2,,
2025065005,קלה,0,לא עירוני בצומת,0,90,5 עד 7 מטר,אין ליקוי,לא ידוע,יבש,שני,לילה,יום רגיל,2,20,0,4,,
2025065056,קשה,0,עירוני לא בצומת,1,לא ידוע,עד 5 מטר,אין ליקוי,בהיר,יבש,שני,יום,יום רגיל,1,7,5000,5,,
2025065062,קשה,0,עירוני לא בצומת,1,עד 50,5 עד 7 מטר,אין ליקוי,בהיר,יבש,רביעי,יום,יום רגיל,4,14,1303,6,,
2025065065,קשה,0,עירוני בצומת,1,עד 50,7 עד 10.5 מטר,אין ליקוי,בהיר,יבש,חמישי,יום,יום רגיל,4,15,7400,4,,
2025065077,קלה,0,עירוני בצומת,1,עד 50,עד 5 מטר,אין ליקוי,בהיר,יבש,שלישי,לילה,יום רגיל,11,1,7400,4,,
2025065101,קשה,0,עירוני לא בצומת,1,לא ידוע,,לא ידוע,לא ידוע,לא ידוע,שלישי,יום,יום רגיל,10,7,8200,3,,
2025065104,קלה,0,לא עירוני לא בצומת,0,90,7 עד 10.5 מטר,אין ליקוי,בהיר,יבש,חמישי,יום,יום רגיל,2,7,0,6,,
2025065111,קטלנית,1,עירוני בצומת,1,60,7 עד 10.5 מטר,אין ליקוי,בהיר,יבש,שבת,יום,יום רגיל,11,16,8300,4,,
2025065125,קלה,0,עירוני בצומת,1,עד 50,5 עד 7 מטר,אין ליקוי,בהיר,יבש,שבת,לילה,יום רגיל,5,22,2100,3,,
2025065152,קלה,0,לא עירוני בצומת,0,עד 50,יותר מ-14 מטר,אין ליקוי,בהיר,יבש,חמישי,לילה,יום רגיל,11,22,0,2,,
2025065153,קלה,0,לא עירוני בצומת,0,90,10.5 עד 14 מטר,אין ליקוי,לא ידוע,יבש,שני,לילה,יום רגיל,2,23,0,6,,
2025065176,קלה,0,עירוני בצומת,1,עד 50,5 עד 7 מטר,אין ליקוי,בהיר,יבש,שלישי,יום,יום רגיל,3,13,5000,5,,
2025065183,קשה,0,עירוני בצומת,1,עד 50,5 עד 7 מטר,אין ליקוי,בהיר,יבש,ראשון,יום,יום רגיל,7,15,7400,4,,
2025065192,קשה,0,עירוני לא בצומת,1,לא ידוע,,לא ידוע,לא ידוע,לא ידוע,ראשון,יום,יום רגיל,4,16,9000,6,,
2025065205,קלה,0,עירוני בצומת,1,עד 50,5 עד 7 מטר,אין ליקוי,בהיר,יבש,שישי,יום,יום רגיל,11,11,6500,3,,
2025065208,קלה,0,לא עירוני בצומת,0,60,10.5 עד 14 מטר,אין ליקוי,בהיר,יבש,ראשון,יום,יום רגיל,8,17,0,2,,
2025065211,קלה,0,לא עירוני לא בצומת,0,80,7 עד 10.5 מטר,אין ליקוי,בהיר,יבש,שני,לילה,יום רגיל,2,17,0,7,,
2025065215,קשה,0,לא עירוני לא בצומת,0,לא ידוע,,לא ידוע,לא ידוע,לא ידוע,שני,יום,יום רגיל,2,10,0,6,,
2025065218,קשה,0,לא עירוני בצומת,0,לא ידוע,,לא ידוע,לא ידוע,לא ידוע,שישי,יום,יום רגיל,9,17,0,4,,
2025065227,קלה,0,לא עירוני בצומת,0,90,5 עד 7 מטר,אין ליקוי,בהיר,יבש,שלישי,יום,יום רגיל,12,11,0,4,,
2025065248,קלה,0,לא עירוני בצומת,0,עד 50,7 עד 10.5 מטר,אין ליקוי,בהיר,יבש,שבת,לילה,יום רגיל,6,23,0,5,,
2025065263,קלה,0,לא עירוני בצומת,0,90,יותר מ-14 מטר,אין ליקוי,בהיר,יבש,שלישי,יום,יום רגיל,6,15,0,4,,
2025065299,קלה,0,לא עירוני בצומת,0,90,10.5 עד 14 מטר,אין ליקוי,בהיר,יבש,רביעי,יום,חול המועד,4,10,0,2,,
2025065302,קלה,0,עירוני לא בצומת,1,עד 50,עד 5 מטר,אין ליקוי,בהיר,יבש,רביעי,לילה,יום רגיל,11,3,5000,5,,
2025065309,קשה,0,עירוני בצומת,1,עד 50,7 עד 10.5 מטר,אין ליקוי,בהיר,יבש,רביעי,יום,יום רגיל,9,15,6200,5,,
2025065310,קלה,0,לא עירוני לא בצומת,0,60,10.5 עד 14 מטר,אין ליקוי,לא ידוע,יבש,שישי,יום,יום רגיל,12,14,0,2,,
2025065329,קלה,0,עירוני בצומת,1,70,10.5 עד 14 מטר,אין ליקוי,בהיר,יבש,שני,יום,יום רגיל,3,13,9000,6,,
2025065365,קשה,0,עירוני לא בצומת,1,עד 50,5 עד 7 מטר,אין ליקוי,בהיר,יבש,שני,יום,יום רגיל,3,9,2640,4,,
2025065375,קטלנית,1,לא עירוני לא בצומת,0,80,5 עד 7 מטר,אין ליקוי,בהיר,יבש,חמישי,לילה,יום רגיל,3,18,0,5,,
2025065400,קשה,0,לא עירוני לא בצומת,0,90,,אין ליקוי,לא ידוע,לא ידוע,חמישי,לילה,יום רגיל,3,23,0,4,,
2025065402,קלה,0,עירוני לא בצומת,1,עד 50,7 עד 10.5 מטר,אין ליקוי,לא ידוע,יבש,שלישי,יום,יום רגיל,4,9,6200,5,,
2025065430,קשה,0,לא עירוני לא בצומת,0,80,יותר מ-14 מטר,אין ליקוי,בהיר,יבש,שישי,יום,יום רגיל,6,10,0,5,,
2025065444,קטלנית,1,עירוני בצומת,1,עד 50,,אין ליקוי,בהיר,יבש,ראשון,יום,יום רגיל,5,14,9400,4,,
2025065456,קלה,0,עירוני לא בצומת,1,עד 50,7 עד 10.5 מטר,אין ליקוי,בהיר,יבש,ראשון,לילה,יום רגיל,7,22,1292,2,,
2025065461,קלה,0,עירוני בצומת,1,עד 50,7 עד 10.5 מטר,אין ליקוי,בהיר,יבש,שבת,לילה,יום רגיל,11,22,2300,3,,
2025065474,קלה,0,עירוני בצומת,1,עד 50,10.5 עד 14 מטר,אין ליקוי,בהיר,יבש,שבת,לילה,יום רגיל,6,22,70,6,,
2025065508,קלה,0,לא עירוני לא בצומת,0,90,10.5 עד 14 מטר,אין ליקוי,בהיר,יבש,חמישי,יום,יום רגיל,11,9,0,6,,
2025065543,קלה,0,לא עירוני לא בצומת,0,עד 50,7 עד 10.5 מטר,אין ליקוי,בהיר,יבש,שבת,יום,יום רגיל,8,15,0,3,,
2025065546,קטלנית,1,עירוני לא בצומת,1,עד 50,7 עד 10.5 מטר,לא ידוע,בהיר,יבש,רביעי,לילה,יום רגיל,12,17,3000,1,,
2025065548,קשה,0,עירוני לא בצומת,1,לא ידוע,,לא ידוע,לא ידוע,לא ידוע,רביעי,יום,יום רגיל,6,13,634,4,,
2025065563,קלה,0,עירוני לא בצומת,1,עד 50,7 עד 10.5 מטר,אין ליקוי,בהיר,יבש,רביעי,יום,יום רגיל,9,11,31,6,,
2025065571,קשה,0,לא עירוני לא בצומת,0,70,7 עד 10.5 מטר,אין ליקוי,בהיר,יבש,ראשון,יום,יום רגיל,10,11,0,2,,
2025065572,קלה,0,עירוני לא בצומת,1,עד 50,עד 5 מטר,אין ליקוי,בהיר,יבש,שני,יום,יום רגיל,5,18,6500,3,,
2025065582,קלה,0,לא עירוני בצומת,0,90,7 עד 10.5 מטר,אין ליקוי,בהיר,יבש,רביעי,יום,יום רגיל,7,17,0,3,,
2025065595,קלה,0,לא עירוני לא בצומת,0,70,10.5 עד 14 מטר,אין ליקוי,בהיר,יבש,שבת,יום,יום רגיל,10,7,0,4,,
2025065602,קלה,0,עירוני לא בצומת,1,עד 50,5 עד 7 מטר,לא ידוע,בהיר,יבש,חמישי,יום,יום רגיל,3,11,8600,5,,
2025065622,קלה,0,עירוני בצומת,1,עד 50,7 עד 10.5 מטר,אין ליקוי,לא ידוע,יבש,רביעי,יום,יום רגיל,4,12,9700,4,,
2025065628,קטלנית,1,עירוני לא בצומת,1,עד 50,7 עד 10.5 מטר,אין ליקוי,בהיר,יבש,רביעי,לילה,יום רגיל,7,5,5000,5,,
2025065639,קלה,0,עירוני בצומת,1,עד 50,10.5 עד 14 מטר,אין ליקוי,בהיר,יבש,רביעי,יום,חג,9,14,6400,5,,
2025065643,קלה,0,עירוני לא בצומת,1,עד 50,5 עד 7 מטר,אין ליקוי,בהיר,יבש,ראשון,לילה,יום רגיל,12,18,1304,4,,
2025065652,קשה,0,עירוני לא בצומת,1,לא ידוע,,לא ידוע,לא ידוע,לא ידוע,חמישי,לילה,יום רגיל,3,23,2630,6,,
2025065663,קשה,0,לא עירוני לא בצומת,0,לא ידוע,,לא ידוע,לא ידוע,לא ידוע,שישי,לילה,יום רגיל,1,20,0,4,,
2025065682,קשה,0,עירוני לא בצומת,1,100,10.5 עד 14 מטר,אין ליקוי,לא ידוע,יבש,ראשון,לילה,יום רגיל,6,20,3000,1,,
2025065687,קלה,0,לא עירוני לא בצומת,0,80,7 עד 10.5 מטר,אין ליקוי,גשום,רטוב ממים,רביעי,לילה,יום רגיל,2,20,0,3,,
2025065689,קלה,0,לא עירוני בצומת,0,80,7 עד 10.5 מטר,אין ליקוי,גשום,רטוב ממים,ראשון,יום,יום רגיל,2,15,0,4,,
2025065698,קלה,0,עירוני בצומת,1,עד 50,5 עד 7 מטר,אין ליקוי,בהיר,יבש,חמישי,יום,יום רגיל,5,10,7900,4,,
2025065702,קשה,0,לא עירוני לא בצומת,0,לא ידוע,,לא ידוע,לא ידוע,לא ידוע,שלישי,יום,יום רגיל,2,16,0,4,,
2025065718,קלה,0,עירוני לא בצומת,1,עד 50,7 עד 10.5 מטר,אין ליקוי,בהיר,יבש,שני,לילה,יום רגיל,1,3,5000,5,,
2025065734,קלה,0,לא עירוני לא בצומת,0,70,7 עד 10.5 מטר,כביש משובש,בהיר,יבש,חמישי,לילה,יום רגיל,3,23,0,6,,
2025065749,קלה,0,עירוני לא בצומת,1,עד 50,5 עד 7 מטר,אין ליקוי,בהיר,יבש,רביעי,יום,יום רגיל,10,12,70,6,,
2025065761,קלה,0,לא עירוני בצומת,0,70,10.5 עד 14 מטר,אין ליקוי,בהיר,יבש,שני,יום,יום רגיל,7,17,0,2,,
2025065768,קשה,0,עירוני לא בצומת,1,לא ידוע,,לא ידוע,לא ידוע,לא ידוע,שישי,יום,יום רגיל,5,12,9600,3,,
2025065776,קלה,0,לא עירוני לא בצומת,0,80,7 עד 10.5 מטר,אין ליקוי,בהיר,יבש,שני,יום,יום רגיל,9,16,0,3,,
2025065791,קלה,0,לא עירוני לא בצומת,0,80,10.5 עד 14 מטר,אין ליקוי,בהיר,יבש,שבת,לילה,יום רגיל,8,3,0,2,,
2025065806,קלה,0,לא עירוני לא בצומת,0,70,5 עד 7 מטר,לא ידוע,בהיר,יבש,רביעי,יום,יום רגיל,4,15,0,4,,
2025065843,קלה,0,עירוני לא בצומת,1,עד 50,5 עד 7 מטר,אין ליקוי,בהיר,יבש,חמישי,יום,יום רגיל,1,11,7900,4,,
2025065870,קשה,0,לא עירוני לא בצומת,0,לא ידוע,,לא ידוע,לא ידוע,לא ידוע,שישי,יום,יום רגיל,7,14,0,4,,
2025065871,קשה,0,לא עירוני לא בצומת,0,80,10.5 עד 14 מטר,אין ליקוי,בהיר,יבש,שבת,יום,יום רגיל,1,15,0,2,,
2025065886,קלה,0,עירוני לא בצומת,1,עד 50,10.5 עד 14 מטר,אין ליקוי,לא ידוע,יבש,חמישי,יום,יום רגיל,10,7,2100,3,,
2025065887,קלה,0,עירוני בצומת,1,60,7 עד 10.5 מטר,אין ליקוי,בהיר,יבש,שישי,יום,יום רגיל,4,7,9000,6,,
2025065906,קלה,0,עירוני בצומת,1,60,10.5 עד 14 מטר,אין ליקוי,בהיר,יבש,ראשון,יום,יום רגיל,3,13,9000,6,,
2025065908,קלה,0,לא עירוני בצומת,0,90,7 עד 10.5 מטר,אין ליקוי,בהיר,יבש,ראשון,יום,יום רגיל,2,16,0,6,,
2025065914,קלה,0,עירוני בצומת,1,עד 50,5 עד 7 מטר,אין ליקוי,בהיר,יבש,ראשון,יום,יום רגיל,9,7,6800,3,,
2025065916,קטלנית,1,לא עירוני לא בצומת,0,70,10.5 עד 14 מטר,אין ליקוי,בהיר,יבש,שלישי,יום,יום רגיל,11,11,0,1,,
2025065939,קלה,0,עירוני לא בצומת,1,עד 50,7 עד 10.5 מטר,אין ליקוי,בהיר,יבש,ראשון,לילה,יום רגיל,3,19,565,5,,
2025065947,קלה,0,עירוני בצומת,1,עד 50,5 עד 7 מטר,אין ליקוי,בהיר,יבש,ראשון,יום,יום רגיל,10,16,7900,4,,
2025065953,קלה,0,עירוני בצומת,1,עד 50,7 עד 10.5 מטר,אין ליקוי,בהיר,יבש,חמישי,יום,יום רגיל,3,10,6200,5,,
2025065973,קשה,0,לא עירוני לא בצומת,0,90,10.5 עד 14 מטר,אין ליקוי,אחר,יבש,ראשון,לילה,יום רגיל,6,23,0,4,,
2025065980,קלה,0,עירוני לא בצומת,1,עד 50,5 עד 7 מטר,אין ליקוי,בהיר,יבש,שני,יום,יום רגיל,10,7,8600,5,,
2025065991,קשה,0,עירוני בצומת,1,עד 50,7 עד 10.5 מטר,אין ליקוי,בהיר,יבש,שבת,יום,יום רגיל,3,13,70,6,,
2025066012,קטלנית,1,עירוני לא בצומת,1,עד 50,עד 5 מטר,כביש משובש,בהיר,יבש,שני,יום,יום רגיל,9,15,4502,2,,
2025066017,קלה,0,עירוני בצומת,1,עד 50,5 עד 7 מטר,אין ליקוי,בהיר,יבש,ראשון,יום,יום רגיל,9,9,8600,5,,
2025066026,קטלנית,1,לא עירוני לא בצומת,0,80,7 עד 10.5 מטר,אין ליקוי,בהיר,יבש,חמישי,לילה,חול המועד,4,22,0,2,,
2025066030,קלה,0,עירוני בצומת,1,עד 50,7 עד 10.5 מטר,אין ליקוי,בהיר,יבש,חמישי,יום,יום רגיל,6,19,70,6,,
2025066060,קטלנית,1,עירוני בצומת,1,לא ידוע,,לא ידוע,לא ידוע,לא ידוע,שני,לילה,יום רגיל,12,19,9100,2,,
2025066065,קשה,0,עירוני לא בצומת,1,70,7 עד 10.5 מטר,אין ליקוי,בהיר,יבש,שלישי,יום,יום רגיל,9,9,5000,5,,
2025066066,קשה,0,עירוני לא בצומת,1,עד 50,5 עד 7 מטר,לא ידוע,בהיר,מכוסה בבוץ,שישי,יום,יום רגיל,1,12,567,1,,
2025066076,קלה,0,עירוני בצומת,1,עד 50,עד 5 מטר,לא ידוע,בהיר,יבש,חמישי,לילה,חג,5,1,5000,5,,
2025066080,קשה,0,עירוני בצומת,1,עד 50,יותר מ-14 מטר,אין ליקוי,בהיר,יבש,שלישי,יום,יום רגיל,5,17,7900,4,,
2025066086,קלה,0,עירוני בצומת,1,עד 50,5 עד 7 מטר,אין ליקוי,בהיר,יבש,חמישי,יום,יום רגיל,3,7,7400,4,,
2025066110,קשה,0,עירוני לא בצומת,1,לא ידוע,,לא ידוע,לא ידוע,לא ידוע,חמישי,יום,יום רגיל,1,12,7900,4,,
2025066127,קטלנית,1,עירוני לא בצומת,1,עד 50,יותר מ-14 מטר,אין ליקוי,בהיר,יבש,שישי,יום,יום רגיל,7,15,70,6,,
2025066133,קשה,0,עירוני בצומת,1,עד 50,7 עד 10.5 מטר,אין ליקוי,בהיר,יבש,שישי,יום,יום רגיל,8,18,5000,5,,
2025066158,קלה,0,לא עירוני לא בצומת,0,90,10.5 עד 14 מטר,אין ליקוי,בהיר,יבש,חמישי,לילה,ערב חג,3,21,0,4,,
2025066174,קשה,0,עירוני לא בצומת,1,לא ידוע,,לא ידוע,לא ידוע,לא ידוע,שני,יום,יום רגיל,6,11,7700,2,,
2025066185,קשה,0,עירוני לא בצומת,1,לא ידוע,,לא ידוע,לא ידוע,לא ידוע,רביעי,יום,יום רגיל,11,12,8400,4,,
2025066186,קלה,0,לא עירוני בצומת,0,80,,אין ליקוי,בהיר,יבש,שלישי,לילה,יום רגיל,4,0,0,4,,
2025066205,קשה,0,עירוני בצומת,1,עד 50,7 עד 10.5 מטר,אין ליקוי,לא ידוע,יבש,רביעי,יום,יום רגיל,2,15,7400,4,,
2025066214,קשה,0,עירוני לא בצומת,1,לא ידוע,,לא ידוע,לא ידוע,לא ידוע,חמישי,יום,יום רגיל,11,10,166,4,,
2025066224,קלה,0,עירוני בצומת,1,60,,אין ליקוי,בהיר,יבש,ראשון,לילה,יום רגיל,8,22,7600,2,,
2025066228,קלה,0,עירוני לא בצומת,1,60,7 עד 10.5 מטר,אין ליקוי,בהיר,יבש,שלישי,יום,יום רגיל,7,9,4000,3,,
2025066233,קטלנית,1,לא עירוני לא בצומת,0,80,5 עד 7 מטר,אין ליקוי,בהיר,יבש,שבת,יום,יום רגיל,4,18,0,2,,
2025066245,קשה,0,עירוני בצומת,1,עד 50,יותר מ-14 מטר,אין ליקוי,בהיר,יבש,שני,לילה,ערב חג,10,1,9000,6,,
2025066259,קשה,0,עירוני בצומת,1,לא ידוע,,לא ידוע,לא ידוע,לא ידוע,שני,יום,יום רגיל,3,9,5000,5,,
2025066260,קלה,0,לא עירוני בצומת,0,80,יותר מ-14 מטר,אין ליקוי,בהיר,יבש,שני,יום,חול המועד,4,9,0,7,,
2025066264,קטלנית,1,לא עירוני לא בצומת,0,80,5 עד 7 מטר,אין ליקוי,בהיר,יבש,שישי,יום,יום רגיל,7,14,0,2,,
2025066271,קלה,0,עירוני בצומת,1,עד 50,7 עד 10.5 מטר,אין ליקוי,לא ידוע,רטוב ממים,רביעי,יום,יום רגיל,12,12,70,6,,
2025066273,קלה,0,עירוני לא בצומת,1,לא ידוע,,לא ידוע,לא ידוע,לא ידוע,ראשון,יום,יום רגיל,12,7,7400,4,,
2025066282,קלה,0,עירוני לא בצומת,1,עד 50,5 עד 7 מטר,אין ליקוי,בהיר,יבש,חמישי,יום,יום רגיל,7,7,6100,5,,
2025066322,קלה,0,לא עירוני בצומת,0,90,יותר מ-14 מטר,אין ליקוי,בהיר,יבש,רביעי,יום,יום רגיל,9,9,0,3,,
2025066331,קלה,0,עירוני לא בצומת,1,עד 50,7 עד 10.5 מטר,אין ליקוי,בהיר,יבש,חמישי,יום,יום רגיל,4,18,1161,6,,
2025066334,קשה,0,עירוני לא בצומת,1,עד 50,5 עד 7 מטר,אין ליקוי,בהיר,יבש,חמישי,לילה,יום רגיל,9,22,522,2,,
2025066338,קלה,0,עירוני בצומת,1,עד 50,7 עד 10.5 מטר,אין ליקוי,בהיר,יבש,שישי,יום,יום רגיל,5,18,7400,4,,
2025066352,קלה,0,עירוני בצומת,1,עד 50,5 עד 7 מטר,אין ליקוי,בהיר,יבש,חמישי,יום,יום רגיל,2,14,6900,4,,
2025066372,קלה,0,עירוני בצומת,1,עד 50,10.5 עד 14 מטר,אין ליקוי,בהיר,יבש,שני,לילה,יום רגיל,1,17,5000,5,,
2025066374,קלה,0,עירוני בצומת,1,עד 50,7 עד 10.5 מטר,אין ליקוי,בהיר,יבש,רביעי,יום,יום רגיל,1,12,7400,4,,
2025066385,קלה,0,עירוני בצומת,1,70,10.5 עד 14 מטר,אין ליקוי,בהיר,יבש,חמישי,יום,יום רגיל,6,11,70,6,,
2025066387,קלה,0,לא עירוני לא בצומת,0,60,10.5 עד 14 מטר,אין ליקוי,בהיר,יבש,חמישי,לילה,יום רגיל,12,18,0,7,,
2025066392,קלה,0,עירוני בצומת,1,עד 50,7 עד 10.5 מטר,אין ליקוי,בהיר,יבש,ראשון,יום,יום רגיל,11,16,7300,2,,
2025066401,קשה,0,עירוני לא בצומת,1,לא ידוע,,לא ידוע,לא ידוע,לא ידוע,שני,יום,יום רגיל,1,9,8800,2,,
2025066403,קלה,0,עירוני בצומת,1,60,7 עד 10.5 מטר,אין ליקוי,בהיר,יבש,רביעי,לילה,יום רגיל,9,20,9000,6,,
2025066420,קלה,0,עירוני בצומת,1,עד 50,7 עד 10.5 מטר,אין ליקוי,בהיר,יבש,ראשון,יום,יום רגיל,5,9,5000,5,,
2025066440,קשה,0,עירוני לא בצומת,1,לא ידוע,,לא ידוע,לא ידוע,לא ידוע,חמישי,לילה,יום רגיל,1,6,7600,2,,
2025066452,קשה,0,עירוני בצומת,1,70,10.5 עד 14 מטר,אין ליקוי,בהיר,יבש,שני,לילה,יום רגיל,7,0,4000,3,,
2025066489,קשה,0,עירוני לא בצומת,1,לא ידוע,,לא ידוע,לא ידוע,לא ידוע,שלישי,יום,יום רגיל,5,13,394,6,,
2025066499,קלה,0,עירוני לא בצומת,1,עד 50,7 עד 10.5 מטר,אין ליקוי,בהיר,יבש,ראשון,יום,יום רגיל,11,12,4000,3,,
2025066519,קשה,0,עירוני לא בצומת,1,לא ידוע,,לא ידוע,לא ידוע,לא ידוע,שישי,יום,יום רגיל,1,7,3000,1,,
2025066532,קשה,0,עירוני לא בצומת,1,עד 50,5 עד 7 מטר,אין ליקוי,בהיר,יבש,רביעי,יום,יום רגיל,7,17,3000,1,,
2025066534,קשה,0,עירוני לא בצומת,1,לא ידוע,7 עד 10.5 מטר,אין ליקוי,בהיר,יבש,שני,יום,יום רגיל,5,18,5000,5,,
2025066541,קלה,0,לא עירוני בצומת,0,90,יותר מ-14 מטר,אין ליקוי,בהיר,יבש,ראשון,יום,יום רגיל,6,12,0,3,,
2025066548,קשה,0,לא עירוני לא בצומת,0,80,,אין ליקוי,בהיר,יבש,ראשון,יום,יום רגיל,5,16,0,2,,
2025066550,קשה,0,לא עירוני בצומת,0,לא ידוע,,לא ידוע,לא ידוע,לא ידוע,רביעי,לילה,יום רגיל,9,6,0,5,,
2025066555,קלה,0,עירוני לא בצומת,1,עד 50,5 עד 7 מטר,אין ליקוי,בהיר,יבש,שבת,לילה,יום רגיל,8,20,3000,1,,
2025066590,קלה,0,לא עירוני לא בצומת,0,עד 50,5 עד 7 מטר,אין ליקוי,בהיר,יבש,רביעי,יום,יום רגיל,8,18,0,4,,
2025066609,קלה,0,עירוני בצומת,1,עד 50,5 עד 7 מטר,אין ליקוי,בהיר,יבש,ראשון,יום,יום רגיל,10,14,5000,5,,
2025066610,קלה,0,עירוני בצומת,1,עד 50,5 עד 7 מטר,אין ליקוי,בהיר,יבש,שלישי,יום,יום רגיל,1,13,3000,1,,
2025066649,קלה,0,עירוני בצומת,1,עד 50,5 עד 7 מטר,אין ליקוי,בהיר,יבש,רביעי,יום,יום רגיל,7,18,3000,1,,
2025066659,קשה,0,עירוני לא בצומת,1,לא ידוע,,לא ידוע,לא ידוע,לא ידוע,שני,יום,יום רגיל,12,8,5000,5,,
2025066693,קלה,0,עירוני לא בצומת,1,עד 50,5 עד 7 מטר,אין ליקוי,בהיר,יבש,רביעי,לילה,יום רגיל,1,18,4000,3,,
2025066700,קשה,0,לא עירוני בצומת,0,90,יותר מ-14 מטר,אין ליקוי,בהיר,יבש,ראשון,יום,יום רגיל,9,8,0,2,,
2025066708,קלה,0,עירוני בצומת,1,עד 50,,אין ליקוי,בהיר,יבש,שני,לילה,יום רגיל,9,20,2620,5,,
2025066715,קלה,0,עירוני לא בצומת,1,עד 50,5 עד 7 מטר,לא ידוע,בהיר,יבש,שלישי,יום,יום רגיל,3,7,6600,5,,
2025066718,קשה,0,לא עירוני לא בצומת,0,70,,לא ידוע,בהיר,יבש,שלישי,לילה,יום רגיל,8,20,0,2,,
2025066733,קשה,0,עירוני לא בצומת,1,לא ידוע,,לא ידוע,לא ידוע,לא ידוע,ראשון,יום,יום רגיל,3,6,6600,5,,
2025066741,קלה,0,עירוני לא בצומת,1,עד 50,עד 5 מטר,אין ליקוי,בהיר,יבש,חמישי,יום,יום רגיל,2,16,9700,4,,
2025066776,קלה,0,עירוני לא בצומת,1,עד 50,5 עד 7 מטר,אין ליקוי,בהיר,רטוב ממים,שני,יום,יום רגיל,4,18,4000,3,,
2025066788,קלה,0,עירוני בצומת,1,עד 50,7 עד 10.5 מטר,אין ליקוי,בהיר,יבש,ראשון,לילה,יום רגיל,1,22,7900,4,,
2025066797,קלה,0,עירוני לא בצומת,1,עד 50,5 עד 7 מטר,אין ליקוי,בהיר,יבש,שני,יום,יום רגיל,3,9,7400,4,,
2025066798,קלה,0,עירוני לא בצומת,1,עד 50,,אין ליקוי,בהיר,לא ידוע,שישי,יום,יום רגיל,5,7,638,4,,
2025066804,קלה,0,לא עירוני לא בצומת,0,80,7 עד 10.5 מטר,אין ליקוי,בהיר,יבש,ראשון,יום,יום רגיל,8,18,0,7,,
2025066809,קלה,0,עירוני בצומת,1,80,10.5 עד 14 מטר,אין ליקוי,בהיר,יבש,שני,יום,יום רגיל,7,19,3000,1,,
2025066813,קלה,0,עירוני לא בצומת,1,60,10.5 עד 14 מטר,אין ליקוי,בהיר,יבש,שני,יום,יום רגיל,8,12,5000,5,,
2025066836,קשה,0,עירוני לא בצומת,1,עד 50,5 עד 7 מטר,אין ליקוי,לא ידוע,רטוב ממים,שלישי,יום,יום רגיל,12,7,8500,4,,
2025066857,קשה,0,לא עירוני לא בצומת,0,עד 50,5 עד 7 מטר,אין ליקוי,בהיר,יבש,שישי,יום,יום רגיל,1,13,0,1,,
2025066860,קלה,0,עירוני לא בצומת,1,לא ידוע,,לא ידוע,לא ידוע,לא ידוע,ראשון,יום,יום רגיל,12,8,1200,4,,
2025066870,קלה,0,עירוני לא בצומת,1,עד 50,5 עד 7 מטר,אין ליקוי,בהיר,יבש,רביעי,לילה,יום רגיל,3,18,70,6,,
2025066871,קלה,0,עירוני בצומת,1,עד 50,7 עד 10.5 מטר,אין ליקוי,בהיר,יבש,שישי,לילה,יום רגיל,9,18,7100,6,,
2025066874,קלה,0,עירוני לא בצומת,1,עד 50,5 עד 7 מטר,אין ליקוי,בהיר,יבש,שלישי,יום,יום רגיל,4,13,1139,2,,
2025066890,קלה,0,עירוני לא בצומת,1,עד 50,5 עד 7 מטר,אין ליקוי,בהיר,יבש,רביעי,לילה,יום רגיל,6,0,7900,4,,
2025066898,קשה,0,לא עירוני בצומת,0,80,5 עד 7 מטר,אין ליקוי,בהיר,יבש,שישי,יום,יום רגיל,8,17,0,7,,
2025066901,קשה,0,לא עירוני לא בצומת,0,80,10.5 עד 14 מטר,אין ליקוי,בהיר,יבש,שבת,יום,יום רגיל,6,7,0,2,,
2025066932,קלה,0,לא עירוני לא בצומת,0,90,7 עד 10.5 מטר,אין ליקוי,לא ידוע,יבש,רביעי,לילה,יום רגיל,2,5,0,3,,
2025066942,קשה,0,עירוני לא בצומת,1,לא ידוע,,לא ידוע,לא ידוע,לא ידוע,ראשון,לילה,יום רגיל,10,18,3000,1,,
2025066949,קלה,0,לא עירוני לא בצומת,0,80,7 עד 10.5 מטר,אין ליקוי,בהיר,יבש,שישי,יום,יום רגיל,10,14,0,2,,
2025066952,קשה,0,עירוני לא בצומת,1,לא ידוע,,לא ידוע,לא ידוע,לא ידוע,ראשון,לילה,יום רגיל,6,22,494,3,,
2025066955,קלה,0,לא עירוני לא בצומת,0,80,7 עד 10.5 מטר,אין ליקוי,בהיר,יבש,חמישי,יום,יום רגיל,2,16,0,7,,
2025066966,קשה,0,לא עירוני בצומת,0,עד 50,5 עד 7 מטר,אין ליקוי,בהיר,יבש,רביעי,יום,יום רגיל,7,17,0,5,,
2025066995,קלה,0,עירוני בצומת,1,עד 50,5 עד 7 מטר,אין ליקוי,בהיר,יבש,רביעי,לילה,יום רגיל,6,1,6500,3,,
2025067005,קלה,0,לא עירוני בצומת,0,עד 50,7 עד 10.5 מטר,אין ליקוי,בהיר,יבש,רביעי,לילה,יום רגיל,3,23,0,4,,
2025067018,קשה,0,עירוני לא בצומת,1,לא ידוע,,לא ידוע,לא ידוע,לא ידוע,חמישי,יום,יום רגיל,2,12,3616,7,,
2025067033,קשה,0,לא עירוני בצומת,0,לא ידוע,,לא ידוע,לא ידוע,לא ידוע,שני,לילה,יום רגיל,11,17,0,7,,
2025067035,קלה,0,עירוני לא בצומת,1,עד 50,5 עד 7 מטר,אין ליקוי,בהיר,יבש,רביעי,יום,יום רגיל,7,16,8700,4,,
2025067036,קשה,0,עירוני לא בצומת,1,לא ידוע,7 עד 10.5 מטר,אין ליקוי,בהיר,יבש,שישי,יום,חג,3,8,3640,7,,
2025067037,קשה,0,עירוני לא בצומת,1,עד 50,10.5 עד 14 מטר,אין ליקוי,בהיר,יבש,ראשון,לילה,יום רגיל,2,6,3000,1,,
2025067110,קלה,0,עירוני בצומת,1,עד 50,7 עד 10.5 מטר,אין ליקוי,בהיר,יבש,חמישי,לילה,יום רגיל,3,18,7400,4,,
2025067125,קלה,0,לא עירוני לא בצומת,0,לא ידוע,,לא ידוע,לא ידוע,לא ידוע,שלישי,יום,יום רגיל,11,11,0,5,,
2025067137,קלה,0,עירוני לא בצומת,1,עד 50,7 עד 10.5 מטר,אין ליקוי,בהיר,יבש,שלישי,לילה,יום רגיל,12,17,2630,6,,
2025067145,קשה,0,לא עירוני לא בצומת,0,90,7 עד 10.5 מטר,אין ליקוי,בהיר,יבש,שני,לילה,יום רגיל,8,20,0,6,,
2025067149,קלה,0,עירוני לא בצומת,1,לא ידוע,,לא ידוע,לא ידוע,לא ידוע,ראשון,יום,יום רגיל,2,14,5000,5,,
2025067175,קשה,0,עירוני לא בצומת,1,לא ידוע,,לא ידוע,לא ידוע,לא ידוע,שלישי,לילה,יום רגיל,3,20,1292,2,,
2025067181,קלה,0,עירוני בצומת,1,עד 50,5 עד 7 מטר,אין ליקוי,בהיר,יבש,שני,יום,יום רגיל,3,15,7400,4,,
2025067182,קלה,0,עירוני בצומת,1,עד 50,5 עד 7 מטר,לא ידוע,בהיר,יבש,חמישי,יום,ערב חג,3,7,5000,5,,
2025067202,קלה,0,עירוני בצומת,1,70,יותר מ-14 מטר,אין ליקוי,בהיר,יבש,שישי,יום,יום רגיל,11,15,70,6,,
2025067204,קטלנית,1,עירוני לא בצומת,1,עד 50,5 עד 7 מטר,אין ליקוי,בהיר,יבש,ראשון,יום,יום רגיל,6,17,2034,2,,
2025067211,קשה,0,לא עירוני לא בצומת,0,80,10.5 עד 14 מטר,אין ליקוי,בהיר,יבש,חמישי,יום,ערב חג,3,15,0,5,,
2025067223,קלה,0,לא עירוני בצומת,0,90,10.5 עד 14 מטר,אין ליקוי,בהיר,יבש,שישי,יום,יום רגיל,9,16,0,4,,
2025067234,קלה,0,עירוני בצומת,1,עד 50,5 עד 7 מטר,אין ליקוי,גשום,רטוב ממים,שבת,יום,יום רגיל,12,16,6600,5,,
2025067238,קשה,0,עירוני בצומת,1,עד 50,7 עד 10.5 מטר,אין ליקוי,בהיר,יבש,שישי,יום,יום רגיל,4,15,7100,6,,
2025067239,קלה,0,לא עירוני בצומת,0,80,10.5 עד 14 מטר,אין ליקוי,בהיר,יבש,ראשון,יום,יום רגיל,3,16,0,4,,
2025067247,קלה,0,עירוני בצומת,1,עד 50,5 עד 7 מטר,אין ליקוי,בהיר,יבש,שני,לילה,יום רגיל,2,18,1061,2,,
2025067259,קשה,0,עירוני לא בצומת,1,לא ידוע,עד 5 מטר,אין ליקוי,בהיר,רטוב ממים,חמישי,לילה,יום רגיל,1,17,8600,5,,
2025067281,קלה,0,עירוני בצומת,1,עד 50,5 עד 7 מטר,אין ליקוי,בהיר,יבש,רביעי,לילה,יום רגיל,11,19,4000,3,,
2025067300,קלה,0,לא עירוני בצומת,0,90,7 עד 10.5 מטר,אין ליקוי,בהיר,יבש,ראשון,לילה,יום רגיל,9,20,0,4,,
2025067369,קשה,0,לא עירוני בצומת,0,עד 50,10.5 עד 14 מטר,אין ליקוי,בהיר,יבש,ראשון,לילה,יום רגיל,11,5,0,5,,
2025067392,קשה,0,לא עירוני לא בצומת,0,80,10.5 עד 14 מטר,אין ליקוי,בהיר,יבש,שישי,יום,יום רגיל,7,6,0,7,,
2025067395,קשה,0,עירוני בצומת,1,לא ידוע,,לא ידוע,לא ידוע,לא ידוע,שלישי,יום,יום רגיל,2,15,5000,5,,
2025067399,קלה,0,עירוני לא בצומת,1,עד 50,5 עד 7 מטר,אין ליקוי,בהיר,יבש,ראשון,יום,יום רגיל,11,14,517,2,,
2025067419,קלה,0,עירוני בצומת,1,עד 50,5 עד 7 מטר,אין ליקוי,בהיר,יבש,שישי,לילה,יום רגיל,5,5,7900,4,,
2025067430,קלה,0,עירוני בצומת,1,עד 50,עד 5 מטר,אין ליקוי,בהיר,יבש,ראשון,יום,יום רגיל,5,15,4000,3,,
2025067438,קלה,0,לא עירוני בצומת,0,90,7 עד 10.5 מטר,אין ליקוי,לא ידוע,יבש,שישי,יום,יום רגיל,12,15,0,3,,
2025067442,קשה,0,עירוני לא בצומת,1,לא ידוע,,לא ידוע,לא ידוע,לא ידוע,ראשון,לילה,יום רגיל,11,18,7000,4,,
2025067462,קלה,0,לא עירוני בצומת,0,90,10.5 עד 14 מטר,אין ליקוי,אחר,יבש,רביעי,לילה,יום רגיל,4,21,0,2,,
2025067464,קלה,0,עירוני בצומת,1,עד 50,10.5 עד 14 מטר,אין ליקוי,לא ידוע,יבש,שלישי,יום,יום רגיל,3,8,3000,1,,
2025067499,קלה,0,עירוני בצומת,1,עד 50,10.5 עד 14 מטר,אין ליקוי,בהיר,יבש,רביעי,יום,חול המועד,10,11,70,6,,
2025067516,קלה,0,עירוני לא בצומת,1,עד 50,7 עד 10.5 מטר,אין ליקוי,בהיר,יבש,ראשון,יום,יום רגיל,4,19,7400,4,,
2025067547,קלה,0,לא עירוני בצומת,0,60,,אין ליקוי,בהיר,יבש,רביעי,לילה,יום רגיל,8,19,0,6,,
2025067550,קשה,0,עירוני לא בצומת,1,לא ידוע,,לא ידוע,לא ידוע,לא ידוע,שני,לילה,יום רגיל,2,18,4000,3,,
2025067566,קלה,0,עירוני לא בצומת,1,עד 50,7 עד 10.5 מטר,אין ליקוי,בהיר,יבש,שבת,לילה,יום רגיל,3,23,4000,3,,
2025067567,קלה,0,לא עירוני בצומת,0,עד 50,7 עד 10.5 מטר,אין ליקוי,בהיר,יבש,שישי,יום,יום רגיל,5,14,0,2,,
2025067583,קשה,0,עירוני לא בצומת,1,לא ידוע,,לא ידוע,לא ידוע,לא ידוע,ראשון,יום,יום רגיל,12,15,6500,3,,
2025067594,קשה,0,עירוני לא בצומת,1,עד 50,5 עד 7 מטר,אין ליקוי,בהיר,יבש,רביעי,יום,יום רגיל,3,10,7900,4,,
2025067609,קשה,0,עירוני לא בצומת,1,עד 50,10.5 עד 14 מטר,אין ליקוי,בהיר,יבש,שני,יום,יום רגיל,5,9,5000,5,,
2025067612,קלה,0,לא עירוני בצומת,0,90,10.5 עד 14 מטר,אין ליקוי,בהיר,יבש,שלישי,לילה,יום רגיל,11,17,0,6,,
2025067619,קלה,0,עירוני בצומת,1,עד 50,7 עד 10.5 מטר,אין ליקוי,בהיר,יבש,ראשון,יום,יום רגיל,6,15,4000,3,,
2025067639,קלה,0,עירוני לא בצומת,1,עד 50,7 עד 10.5 מטר,אין ליקוי,בהיר,יבש,שלישי,יום,יום רגיל,12,9,2610,1,,
2025067660,קשה,0,עירוני לא בצומת,1,לא ידוע,,לא ידוע,לא ידוע,לא ידוע,חמישי,לילה,יום רגיל,1,18,3000,1,,
2025067673,קשה,0,לא עירוני לא בצומת,0,80,7 עד 10.5 מטר,אין ליקוי,בהיר,יבש,שלישי,יום,יום רגיל,5,18,0,6,,
2025067756,קשה,0,עירוני לא בצומת,1,לא ידוע,,לא ידוע,לא ידוע,לא ידוע,ראשון,יום,יום רגיל,1,10,8500,4,,
2025067763,קלה,0,עירוני בצומת,1,עד 50,5 עד 7 מטר,אין ליקוי,בהיר,יבש,חמישי,יום,יום רגיל,3,10,70,6,,
2025067766,קשה,0,עירוני לא בצומת,1,לא ידוע,,לא ידוע,לא ידוע,לא ידוע,ראשון,יום,יום רגיל,2,10,8500,4,,
2025067773,קלה,0,עירוני לא בצומת,1,עד 50,7 עד 10.5 מטר,אין ליקוי,גשום,רטוב ממים,חמישי,לילה,יום רגיל,12,22,4000,3,,
2025067782,קלה,0,לא עירוני לא בצומת,0,80,10.5 עד 14 מטר,אין ליקוי,בהיר,יבש,שבת,לילה,יום רגיל,1,20,0,2,,
2025067785,קלה,0,עירוני בצומת,1,עד 50,7 עד 10.5 מטר,אין ליקוי,בהיר,יבש,ראשון,יום,יום רגיל,6,16,70,6,,
2025067789,קלה,0,עירוני לא בצומת,1,עד 50,7 עד 10.5 מטר,אין ליקוי,בהיר,יבש,ראשון,לילה,יום רגיל,3,18,3000,1,,
2025067801,קשה,0,עירוני לא בצומת,1,לא ידוע,,לא ידוע,לא ידוע,לא ידוע,חמישי,לילה,יום רגיל,12,18,1200,4,,
2025067806,קלה,0,עירוני בצומת,1,עד 50,7 עד 10.5 מטר,אין ליקוי,בהיר,יבש,ראשון,יום,יום רגיל,8,18,2800,2,,
2025067812,קלה,0,עירוני בצומת,1,60,7 עד 10.5 מטר,אין ליקוי,בהיר,יבש,שני,לילה,יום רגיל,11,23,9000,6,,
2025067825,קשה,0,עירוני בצומת,1,לא ידוע,,לא ידוע,לא ידוע,לא ידוע,שישי,יום,ערב חג,4,14,6200,5,,
2025067830,קשה,0,עירוני לא בצומת,1,עד 50,7 עד 10.5 מטר,אין ליקוי,בהיר,יבש,רביעי,לילה,יום רגיל,6,1,1200,4,,
2025067840,קלה,0,עירוני בצומת,1,עד 50,,אין ליקוי,בהיר,יבש,שלישי,לילה,יום רגיל,8,2,4000,3,,
2025067844,קלה,0,עירוני בצומת,1,עד 50,5 עד 7 מטר,אין ליקוי,בהיר,יבש,חמישי,יום,יום רגיל,3,12,3000,1,,
2025067852,קלה,0,עירוני לא בצומת,1,עד 50,5 עד 7 מטר,אין ליקוי,בהיר,יבש,שבת,לילה,יום רגיל,6,21,4000,3,,
2025067858,קטלנית,1,עירוני בצומת,1,עד 50,יותר מ-14 מטר,אין ליקוי,בהיר,יבש,חמישי,יום,יום רגיל,10,14,5000,5,,
2025067862,קלה,0,עירוני בצומת,1,עד 50,5 עד 7 מטר,אין ליקוי,בהיר,יבש,שלישי,לילה,יום רגיל,4,5,9600,3,,
2025067879,קלה,0,עירוני בצומת,1,עד 50,5 עד 7 מטר,אין ליקוי,בהיר,יבש,שישי,יום,יום רגיל,2,10,5000,5,,
2025067897,קלה,0,עירוני בצומת,1,עד 50,עד 5 מטר,אין ליקוי,בהיר,יבש,ראשון,יום,יום רגיל,8,8,8300,4,,
2025067925,קשה,0,לא עירוני לא בצומת,0,לא ידוע,,לא ידוע,לא ידוע,לא ידוע,שבת,יום,יום רגיל,11,14,0,3,,
2025067926,קלה,0,עירוני בצומת,1,עד 50,10.5 עד 14 מטר,אין ליקוי,בהיר,יבש,ראשון,לילה,יום רגיל,8,19,6900,4,,
2025067931,קלה,0,עירוני לא בצומת,1,לא ידוע,,לא ידוע,לא ידוע,לא ידוע,שלישי,יום,יום רגיל,12,15,6200,5,,
2025067937,קלה,0,לא עירוני לא בצומת,0,80,יותר מ-14 מטר,אין ליקוי,בהיר,יבש,ראשון,יום,יום רגיל,5,10,0,7,,
2025067949,קלה,0,עירוני לא בצומת,1,עד 50,5 עד 7 מטר,אין ליקוי,לא ידוע,יבש,שישי,יום,יום רגיל,1,15,9100,2,,
2025067954,קטלנית,1,עירוני בצומת,1,עד 50,יותר מ-14 מטר,אין ליקוי,בהיר,יבש,שבת,יום,יום רגיל,12,8,2630,6,,
2025067968,קשה,0,עירוני בצומת,1,לא ידוע,,לא ידוע,לא ידוע,לא ידוע,שני,יום,יום רגיל,12,11,6900,4,,
2025067970,קטלנית,1,עירוני בצומת,1,עד 50,7 עד 10.5 מטר,לא ידוע,בהיר,יבש,רביעי,יום,יום רגיל,1,16,3000,1,,
2025067992,קלה,0,עירוני לא בצומת,1,עד 50,5 עד 7 מטר,אין ליקוי,בהיר,יבש,ראשון,לילה,יום רגיל,1,22,1290,4,,
2025068006,קלה,0,עירוני בצומת,1,עד 50,יותר מ-14 מטר,אין ליקוי,בהיר,יבש,רביעי,יום,יום רגיל,7,8,1309,4,,
2025068008,קלה,0,עירוני בצומת,1,לא ידוע,,לא ידוע,לא ידוע,לא ידוע,שני,יום,יום רגיל,10,14,6600,5,,
2025068018,קלה,0,לא עירוני בצומת,0,80,10.5 עד 14 מטר,אין ליקוי,בהיר,יבש,רביעי,יום,יום רגיל,9,9,0,6,,
2025068019,קשה,0,עירוני בצומת,1,עד 50,5 עד 7 מטר,אין ליקוי,בהיר,יבש,שני,יום,יום רגיל,11,6,3000,1,,
2025068021,קלה,0,עירוני לא בצומת,1,60,5 עד 7 מטר,אין ליקוי,בהיר,יבש,שבת,יום,יום רגיל,10,13,9000,6,,
2025068061,קלה,0,עירוני בצומת,1,עד 50,5 עד 7 מטר,אין ליקוי,בהיר,יבש,שלישי,יום,יום רגיל,7,13,7900,4,,
2025068121,קשה,0,לא עירוני לא בצומת,0,60,7 עד 10.5 מטר,אין ליקוי,בהיר,יבש,חמישי,לילה,יום רגיל,11,2,0,7,,
2025068125,קלה,0,לא עירוני בצומת,0,עד 50,10.5 עד 14 מטר,אין ליקוי,בהיר,יבש,שלישי,יום,יום רגיל,10,7,0,4,,
2025068153,קלה,0,עירוני לא בצומת,1,עד 50,,אין ליקוי,בהיר,יבש,רביעי,יום,יום רגיל,9,14,5000,5,,
2025068159,קשה,0,עירוני לא בצומת,1,עד 50,5 עד 7 מטר,אין ליקוי,בהיר,יבש,שלישי,לילה,יום רגיל,3,6,182,4,,
2025068227,קשה,0,לא עירוני לא בצומת,0,80,7 עד 10.5 מטר,אין ליקוי,בהיר,יבש,שני,לילה,יום רגיל,11,5,0,3,,
2025068261,קלה,0,לא עירוני לא בצומת,0,עד 50,7 עד 10.5 מטר,אין ליקוי,לא ידוע,לא ידוע,רביעי,יום,חול המועד,4,13,0,6,,
2025068279,קלה,0,לא עירוני לא בצומת,0,80,7 עד 10.5 מטר,אין ליקוי,בהיר,יבש,רביעי,יום,יום רגיל,11,15,0,2,,
2025068311,קלה,0,לא עירוני בצומת,0,90,10.5 עד 14 מטר,אין ליקוי,בהיר,יבש,חמישי,יום,יום רגיל,1,9,0,5,,
2025068330,קלה,0,עירוני בצומת,1,70,7 עד 10.5 מטר,לא ידוע,בהיר,יבש,שישי,יום,יום רגיל,8,16,9000,6,,
2025068335,קלה,0,לא עירוני בצומת,0,עד 50,,אין ליקוי,בהיר,יבש,שני,יום,יום רגיל,10,13,0,3,,
2025068355,קשה,0,לא עירוני לא בצומת,0,לא ידוע,,לא ידוע,בהיר,אחר,ראשון,לילה,חול המועד,10,22,0,3,,
2025068359,קלה,0,עירוני בצומת,1,עד 50,7 עד 10.5 מטר,אין ליקוי,בהיר,יבש,חמישי,יום,יום רגיל,6,18,5000,5,,
2025068390,קלה,0,לא עירוני בצומת,0,70,7 עד 10.5 מטר,אין ליקוי,בהיר,יבש,חמישי,לילה,יום רגיל,4,2,0,2,,
2025068432,קלה,0,עירוני בצומת,1,עד 50,,אין ליקוי,בהיר,יבש,שני,יום,יום רגיל,4,9,6600,5,,
2025068443,קלה,0,עירוני בצומת,1,עד 50,עד 5 מטר,אין ליקוי,בהיר,יבש,שישי,לילה,יום רגיל,1,0,7900,4,,
2025068445,קשה,0,עירוני לא בצומת,1,לא ידוע,,לא ידוע,לא ידוע,לא ידוע,ראשון,יום,יום רגיל,8,10,3000,1,,
2025068452,קשה,0,לא עירוני לא בצומת,0,לא ידוע,,לא ידוע,לא ידוע,לא ידוע,חמישי,לילה,יום רגיל,11,3,0,4,,
2025068453,קלה,0,עירוני בצומת,1,עד 50,עד 5 מטר,אין ליקוי,בהיר,יבש,רביעי,יום,יום רגיל,6,18,7000,4,,
2025068468,קלה,0,לא עירוני לא בצומת,0,90,7 עד 10.5 מטר,אין ליקוי,בהיר,יבש,שישי,לילה,יום רגיל,4,20,0,3,,
2025068478,קשה,0,עירוני בצומת,1,עד 50,עד 5 מטר,לא ידוע,גשום,רטוב ממים,שישי,לילה,יום רגיל,2,6,9000,6,,
2025068495,קלה,0,לא עירוני בצומת,0,70,7 עד 10.5 מטר,אין ליקוי,בהיר,יבש,רביעי,יום,יום רגיל,3,11,0,3,,
2025068506,קלה,0,עירוני בצומת,1,עד 50,7 עד 10.5 מטר,אין ליקוי,בהיר,יבש,רביעי,יום,יום רגיל,3,7,70,6,,
2025068517,קלה,0,עירוני בצומת,1,עד 50,5 עד 7 מטר,אין ליקוי,בהיר,יבש,רביעי,לילה,יום רגיל,1,18,195,4,,
2025068557,קלה,0,לא עירוני בצומת,0,90,7 עד 10.5 מטר,אין ליקוי,בהיר,יבש,ראשון,לילה,יום רגיל,3,1,0,4,,
2025068569,קלה,0,עירוני לא בצומת,1,עד 50,עד 5 מטר,אין ליקוי,בהיר,יבש,שישי,יום,ערב חג,4,9,6200,5,,
2025068583,קלה,0,עירוני לא בצומת,1,עד 50,,לא ידוע,בהיר,לא ידוע,חמישי,לילה,יום רגיל,2,19,2610,1,,
2025068592,קלה,0,עירוני בצומת,1,עד 50,עד 5 מטר,אין ליקוי,לא ידוע,רטוב ממים,ראשון,לילה,יום רגיל,11,17,7400,4,,
2025068595,קלה,0,עירוני בצומת,1,עד 50,7 עד 10.5 מטר,אין ליקוי,בהיר,יבש,שלישי,יום,יום רגיל,11,12,5000,5,,
2025068608,קלה,0,לא עירוני בצומת,0,עד 50,7 עד 10.5 מטר,אין ליקוי,בהיר,יבש,רביעי,יום,יום רגיל,9,16,0,4,,
2025068612,קלה,0,עירוני בצומת,1,עד 50,7 עד 10.5 מטר,אין ליקוי,בהיר,יבש,חמישי,יום,יום רגיל,6,8,6100,5,,
2025068627,קשה,0,לא עירוני בצומת,0,לא ידוע,,לא ידוע,לא ידוע,לא ידוע,רביעי,יום,יום רגיל,8,10,0,3,,
2025068638,קשה,0,עירוני לא בצומת,1,70,7 עד 10.5 מטר,אין ליקוי,בהיר,יבש,רביעי,לילה,יום רגיל,8,20,70,6,,
2025068644,קלה,0,עירוני בצומת,1,עד 50,7 עד 10.5 מטר,אין ליקוי,בהיר,יבש,שבת,יום,חג,4,13,3000,1,,
2025068653,קלה,0,עירוני בצומת,1,לא ידוע,,לא ידוע,לא ידוע,לא ידוע,רביעי,יום,יום רגיל,11,15,8000,2,,
2025068658,קלה,0,עירוני בצומת,1,עד 50,יותר מ-14 מטר,אין ליקוי,בהיר,יבש,רביעי,יום,יום רגיל,9,7,70,6,,
2025068668,קלה,0,לא עירוני בצומת,0,עד 50,7 עד 10.5 מטר,אין ליקוי,בהיר,יבש,רביעי,יום,יום רגיל,9,10,0,5,,
2025068669,קלה,0,עירוני בצומת,1,עד 50,עד 5 מטר,אין ליקוי,בהיר,יבש,שישי,לילה,יום רגיל,1,1,5000,5,,
2025068690,קשה,0,לא עירוני לא בצומת,0,לא ידוע,,לא ידוע,לא ידוע,לא ידוע,שני,לילה,יום רגיל,9,4,0,6,,
2025068691,קשה,0,עירוני בצומת,1,עד 50,10.5 עד 14 מטר,אין ליקוי,בהיר,יבש,שבת,לילה,יום רגיל,3,20,8400,4,,
2025068719,קלה,0,עירוני בצומת,1,60,,אין ליקוי,בהיר,לא ידוע,שני,יום,יום רגיל,9,10,5000,5,,
2025068737,קשה,0,עירוני לא בצומת,1,לא ידוע,,לא ידוע,לא ידוע,לא ידוע,שישי,לילה,יום רגיל,4,19,1161,6,,
2025068754,קשה,0,עירוני לא בצומת,1,לא ידוע,,לא ידוע,לא ידוע,לא ידוע,חמישי,יום,יום רגיל,8,12,4000,3,,
2025068761,קלה,0,לא עירוני בצומת,0,עד 50,7 עד 10.5 מטר,אין ליקוי,בהיר,יבש,שבת,לילה,יום רגיל,7,22,0,3,,
2025068788,קלה,0,עירוני לא בצומת,1,עד 50,7 עד 10.5 מטר,אין ליקוי,בהיר,לא ידוע,ראשון,יום,יום רגיל,5,10,70,6,,
2025068792,קלה,0,לא עירוני לא בצומת,0,90,5 עד 7 מטר,אין ליקוי,בהיר,יבש,שבת,לילה,יום רגיל,12,21,0,5,,
2025068793,קלה,0,לא עירוני בצומת,0,עד 50,5 עד 7 מטר,לא ידוע,בהיר,יבש,שלישי,יום,יום רגיל,9,14,0,2,,
2025068818,קשה,0,עירוני לא בצומת,1,עד 50,5 עד 7 מטר,שוליים גרועים,בהיר,יבש,שלישי,יום,יום רגיל,2,11,3000,1,,
2025068822,קשה,0,לא עירוני בצומת,0,לא ידוע,,לא ידוע,לא ידוע,לא ידוע,חמישי,יום,יום רגיל,7,18,0,2,,
2025068826,קלה,0,עירוני לא בצומת,1,עד 50,7 עד 10.5 מטר,אין ליקוי,בהיר,יבש,שני,לילה,יום רגיל,3,20,53,3,,
2025068831,קשה,0,עירוני בצומת,1,עד 50,5 עד 7 מטר,אין ליקוי,גשום,רטוב ממים,רביעי,יום,יום רגיל,12,7,8600,5,,
2025068850,קלה,0,עירוני בצומת,1,לא ידוע,,לא ידוע,לא ידוע,לא ידוע,רביעי,לילה,יום רגיל,11,18,9000,6,,
2025068865,קשה,0,עירוני לא בצומת,1,עד 50,5 עד 7 מטר,אין ליקוי,בהיר,יבש,רביעי,יום,יום רגיל,8,9,7000,4,,
2025068879,קלה,0,עירוני בצומת,1,עד 50,,אין ליקוי,בהיר,יבש,שני,יום,יום רגיל,9,8,7900,4,,
2025068933,קלה,0,לא עירוני בצומת,0,70,5 עד 7 מטר,אין ליקוי,בהיר,יבש,רביעי,יום,חג,9,9,0,4,,
2025068960,קשה,0,עירוני לא בצומת,1,לא ידוע,,לא ידוע,לא ידוע,לא ידוע,רביעי,לילה,יום רגיל,12,17,1161,6,,
2025068980,קשה,0,עירוני לא בצומת,1,לא ידוע,,לא ידוע,לא ידוע,לא ידוע,שבת,לילה,יום רגיל,6,22,469,4,,
2025068995,קטלנית,1,לא עירוני לא בצומת,0,100,10.5 עד 14 מטר,אין ליקוי,בהיר,יבש,שישי,יום,יום רגיל,6,5,0,7,,
2025069004,קלה,0,לא עירוני לא בצומת,0,90,יותר מ-14 מטר,אין ליקוי,בהיר,יבש,ראשון,לילה,יום רגיל,6,21,0,7,,
2025069005,קלה,0,לא עירוני בצומת,0,60,10.5 עד 14 מטר,אין ליקוי,בהיר,יבש,שלישי,יום,יום רגיל,1,7,0,4,,
2025069006,קשה,0,לא עירוני לא בצומת,0,70,5 עד 7 מטר,אין ליקוי,בהיר,יבש,שבת,יום,יום רגיל,8,6,0,2,,
2025069019,קלה,0,עירוני לא בצומת,1,עד 50,7 עד 10.5 מטר,אין ליקוי,בהיר,יבש,שלישי,יום,יום רגיל,7,7,5000,5,,
2025069034,קשה,0,עירוני בצומת,1,60,10.5 עד 14 מטר,אין ליקוי,בהיר,יבש,שישי,יום,יום רגיל,1,16,9000,6,,
2025069038,קלה,0,עירוני לא בצומת,1,עד 50,5 עד 7 מטר,אין ליקוי,בהיר,יבש,שלישי,יום,יום רגיל,12,14,5000,5,,
2025069042,קלה,0,עירוני בצומת,1,עד 50,5 עד 7 מטר,אין ליקוי,בהיר,יבש,שישי,יום,יום רגיל,4,12,7600,2,,
2025069071,קלה,0,לא עירוני בצומת,0,80,,אין ליקוי,בהיר,יבש,שלישי,יום,יום רגיל,4,11,0,7,,
2025069079,קלה,0,עירוני בצומת,1,60,5 עד 7 מטר,אין ליקוי,בהיר,יבש,שלישי,יום,יום רגיל,7,18,9000,6,,
2025069127,קלה,0,עירוני בצומת,1,60,10.5 עד 14 מטר,אין ליקוי,בהיר,יבש,שישי,יום,יום רגיל,11,16,4000,3,,
2025069144,קשה,0,עירוני לא בצומת,1,עד 50,עד 5 מטר,אין ליקוי,בהיר,יבש,רביעי,יום,יום רגיל,3,15,2530,4,,
2025069196,קלה,0,עירוני בצומת,1,עד 50,7 עד 10.5 מטר,אין ליקוי,בהיר,יבש,רביעי,יום,יום רגיל,5,9,70,6,,
2025069199,קלה,0,לא עירוני לא בצומת,0,עד 50,7 עד 10.5 מטר,אין ליקוי,בהיר,יבש,שישי,יום,יום רגיל,2,16,0,6,,
2025069211,קלה,0,לא עירוני בצומת,0,90,10.5 עד 14 מטר,אין ליקוי,בהיר,יבש,שלישי,לילה,יום רגיל,12,23,0,5,,
2025069219,קלה,0,עירוני בצומת,1,עד 50,5 עד 7 מטר,אין ליקוי,בהיר,יבש,חמישי,לילה,יום רגיל,12,4,4000,3,,
2025069233,קשה,0,עירוני לא בצומת,1,עד 50,5 עד 7 מטר,אין ליקוי,בהיר,יבש,שלישי,לילה,חול המועד,4,19,3797,7,,
2025069236,קשה,0,לא עירוני בצומת,0,90,7 עד 10.5 מטר,אין ליקוי,בהיר,יבש,שני,לילה,יום רגיל,7,0,0,6,,
2025069243,קלה,0,עירוני בצומת,1,70,5 עד 7 מטר,אין ליקוי,בהיר,יבש,רביעי,לילה,יום רגיל,6,4,7900,4,,
2025069263,קשה,0,לא עירוני לא בצומת,0,70,10.5 עד 14 מטר,אין ליקוי,בהיר,יבש,שישי,יום,יום רגיל,7,15,0,5,,
2025069283,קלה,0,לא עירוני בצומת,0,עד 50,7 עד 10.5 מטר,אין ליקוי,בהיר,יבש,שני,לילה,יום רגיל,1,20,0,1,,
2025069301,קלה,0,עירוני לא בצומת,1,עד 50,10.5 עד 14 מטר,כביש משובש,לא ידוע,חול או חצץ על הכביש,שני,יום,יום רגיל,2,14,3000,1,,
2025069314,קשה,0,עירוני לא בצומת,1,לא ידוע,,לא ידוע,לא ידוע,לא ידוע,שני,יום,יום רגיל,7,16,5000,5,,
2025069326,קלה,0,לא עירוני לא בצומת,0,80,5 עד 7 מטר,אין ליקוי,שרבי,יבש,ראשון,יום,ערב חג,6,14,0,7,,
2025069331,קלה,0,עירוני לא בצומת,1,70,7 עד 10.5 מטר,לא ידוע,בהיר,יבש,שבת,לילה,יום רגיל,2,21,975,2,,
2025069339,קשה,0,עירוני לא בצומת,1,עד 50,5 עד 7 מטר,אין ליקוי,בהיר,יבש,חמישי,יום,יום רגיל,6,11,3000,1,,
2025069354,קלה,0,עירוני לא בצומת,1,עד 50,5 עד 7 מטר,אין ליקוי,בהיר,יבש,שלישי,לילה,יום רגיל,11,18,1061,2,,
2025069379,קשה,0,עירוני לא בצומת,1,לא ידוע,,לא ידוע,לא ידוע,לא ידוע,רביעי,לילה,יום רגיל,1,23,7600,2,,
2025069382,קשה,0,עירוני בצומת,1,עד 50,10.5 עד 14 מטר,אין ליקוי,בהיר,יבש,שבת,לילה,יום רגיל,5,20,6200,5,,
2025069388,קלה,0,לא עירוני בצומת,0,עד 50,5 עד 7 מטר,אין ליקוי,לא ידוע,יבש,ראשון,יום,יום רגיל,8,10,0,4,,
2025069389,קשה,0,עירוני לא בצומת,1,לא ידוע,,לא ידוע,לא ידוע,לא ידוע,חמישי,יום,יום רגיל,7,14,2660,4,,
2025069396,קשה,0,עירוני לא בצומת,1,לא ידוע,,לא ידוע,לא ידוע,לא ידוע,שני,יום,יום רגיל,11,9,5000,5,,
2025069419,קלה,0,עירוני לא בצומת,1,עד 50,5 עד 7 מטר,אין ליקוי,בהיר,יבש,רביעי,לילה,יום רגיל,4,23,8500,4,,
2025069427,קלה,0,עירוני בצומת,1,עד 50,7 עד 10.5 מטר,אין ליקוי,בהיר,יבש,ראשון,יום,יום רגיל,8,17,2650,5,,
2025069431,קלה,0,לא עירוני לא בצומת,0,100,10.5 עד 14 מטר,אין ליקוי,בהיר,יבש,חמישי,לילה,יום רגיל,8,22,0,3,,
2025069476,קלה,0,לא עירוני בצומת,0,80,7 עד 10.5 מטר,אין ליקוי,בהיר,יבש,רביעי,יום,יום רגיל,3,14,0,5,,
2025069486,קלה,0,עירוני לא בצומת,1,עד 50,5 עד 7 מטר,אין ליקוי,לא ידוע,יבש,שלישי,יום,יום רגיל,5,9,7900,4,,
2025069488,קלה,0,עירוני לא בצומת,1,עד 50,7 עד 10.5 מטר,אין ליקוי,בהיר,יבש,חמישי,יום,יום רגיל,6,7,7400,4,,
2025069491,קשה,0,עירוני בצומת,1,70,יותר מ-14 מטר,אין ליקוי,בהיר,יבש,שישי,יום,יום רגיל,2,12,7100,6,,
2025069506,קלה,0,עירוני בצומת,1,עד 50,10.5 עד 14 מטר,אין ליקוי,בהיר,יבש,שבת,יום,יום רגיל,12,15,7400,4,,
2025069511,קלה,0,עירוני בצומת,1,עד 50,,אין ליקוי,בהיר,יבש,ראשון,יום,יום רגיל,7,17,9100,2,,
2025069550,קלה,0,עירוני בצומת,1,עד 50,7 עד 10.5 מטר,אין ליקוי,בהיר,יבש,שישי,לילה,יום רגיל,7,21,4000,3,,
2025069570,קשה,0,עירוני לא בצומת,1,לא ידוע,,לא ידוע,לא ידוע,לא ידוע,רביעי,לילה,יום רגיל,12,18,6100,5,,
2025069577,קלה,0,לא עירוני לא בצומת,0,90,עד 5 מטר,אין ליקוי,בהיר,יבש,שישי,לילה,יום רגיל,1,19,0,5,,
2025069597,קלה,0,לא עירוני לא בצומת,0,לא ידוע,,לא ידוע,לא ידוע,לא ידוע,שני,יום,יום רגיל,12,7,0,5,,
2025069598,קלה,0,עירוני בצומת,1,עד 50,10.5 עד 14 מטר,אין ליקוי,גשום,רטוב ממים,ראשון,לילה,יום רגיל,2,17,2660,4,,
2025069610,קשה,0,עירוני לא בצומת,1,לא ידוע,,לא ידוע,לא ידוע,לא ידוע,חמישי,יום,יום רגיל,12,8,634,4,,
2025069617,קלה,0,עירוני בצומת,1,עד 50,7 עד 10.5 מטר,אין ליקוי,בהיר,יבש,שלישי,יום,יום רגיל,4,18,9000,6,,
2025069627,קטלנית,1,עירוני לא בצומת,1,עד 50,7 עד 10.5 מטר,אין ליקוי,בהיר,יבש,שישי,לילה,יום רגיל,1,21,507,2,,
2025069629,קלה,0,עירוני לא בצומת,1,עד 50,5 עד 7 מטר,אין ליקוי,בהיר,יבש,שבת,לילה,יום רגיל,8,19,4000,3,,
2025069633,קלה,0,לא עירוני לא בצומת,0,90,יותר מ-14 מטר,אין ליקוי,בהיר,יבש,ראשון,יום,יום רגיל,11,14,0,5,,
2025069635,קלה,0,לא עירוני בצומת,0,לא ידוע,,לא ידוע,לא ידוע,לא ידוע,חמישי,לילה,יום רגיל,11,5,0,4,,
2025069656,קשה,0,עירוני לא בצומת,1,עד 50,יותר מ-14 מטר,אין ליקוי,בהיר,יבש,ראשון,יום,יום רגיל,8,8,7100,6,,
2025069691,קטלנית,1,עירוני לא בצומת,1,עד 50,7 עד 10.5 מטר,אין ליקוי,בהיר,יבש,ראשון,לילה,יום רגיל,9,19,7100,6,,
2025069706,קלה,0,עירוני לא בצומת,1,עד 50,7 עד 10.5 מטר,לא ידוע,בהיר,יבש,ראשון,יום,יום רגיל,3,16,3000,1,,
2025069707,קשה,0,עירוני בצומת,1,60,7 עד 10.5 מטר,אין ליקוי,בהיר,יבש,שלישי,לילה,יום רגיל,9,21,9000,6,,
2025069711,קלה,0,עירוני לא בצומת,1,עד 50,5 עד 7 מטר,אין ליקוי,בהיר,יבש,חמישי,יום,יום רגיל,9,10,4000,3,,
2025069717,קלה,0,עירוני בצומת,1,עד 50,7 עד 10.5 מטר,אין ליקוי,בהיר,יבש,ראשון,יום,יום רגיל,7,17,7400,4,,
2025069724,קשה,0,עירוני לא בצומת,1,לא ידוע,,לא ידוע,לא ידוע,לא ידוע,שבת,יום,יום רגיל,11,13,6200,5,,
2025069736,קלה,0,עירוני בצומת,1,עד 50,10.5 עד 14 מטר,אין ליקוי,בהיר,יבש,שני,יום,יום רגיל,7,17,5000,5,,
2025069740,קלה,0,לא עירוני בצומת,0,70,יותר מ-14 מטר,אין ליקוי,בהיר,יבש,רביעי,יום,יום רגיל,5,12,0,3,,
2025069762,קלה,0,עירוני לא בצומת,1,עד 50,5 עד 7 מטר,אין ליקוי,בהיר,יבש,ראשון,לילה,יום רגיל,4,0,4000,3,,
2025069778,קשה,0,עירוני בצומת,1,עד 50,5 עד 7 מטר,אין ליקוי,בהיר,יבש,ראשון,יום,יום רגיל,7,11,2640,4,,
2025069788,קשה,0,עירוני בצומת,1,עד 50,5 עד 7 מטר,אין ליקוי,בהיר,יבש,ראשון,יום,יום רגיל,5,16,3000,1,,
2025069798,קלה,0,עירוני בצומת,1,עד 50,5 עד 7 מטר,אין ליקוי,בהיר,יבש,רביעי,יום,יום רגיל,7,9,7900,4,,
2025069800,קשה,0,לא עירוני בצומת,0,לא ידוע,,לא ידוע,לא ידוע,לא ידוע,שלישי,לילה,חג,10,19,0,4,,
2025069811,קלה,0,לא עירוני בצומת,0,90,7 עד 10.5 מטר,אין ליקוי,בהיר,יבש,חמישי,לילה,יום רגיל,1,17,0,3,,
2025069818,קטלנית,1,לא עירוני לא בצומת,0,100,10.5 עד 14 מטר,אין ליקוי,בהיר,יבש,שני,לילה,יום רגיל,3,21,0,2,,
2025069878,קשה,0,עירוני לא בצומת,1,לא ידוע,,לא ידוע,לא ידוע,לא ידוע,שבת,יום,יום רגיל,5,17,2500,3,,
2025069889,קלה,0,עירוני בצומת,1,עד 50,7 עד 10.5 מטר,אין ליקוי,בהיר,יבש,שני,יום,יום רגיל,9,10,4000,3,,
2025069912,קלה,0,עירוני לא בצומת,1,עד 50,5 עד 7 מטר,אין ליקוי,בהיר,יבש,שני,לילה,יום רגיל,11,19,7900,4,,
2025069920,קלה,0,עירוני לא בצומת,1,עד 50,10.5 עד 14 מטר,אין ליקוי,בהיר,יבש,ראשון,יום,יום רגיל,3,16,6600,5,,
2025069932,קלה,0,עירוני בצומת,1,עד 50,7 עד 10.5 מטר,אין ליקוי,בהיר,יבש,חמישי,יום,ערב חג,3,9,70,6,,
2025069953,קלה,0,עירוני בצומת,1,עד 50,7 עד 10.5 מטר,אין ליקוי,בהיר,יבש,שלישי,יום,יום רגיל,8,10,2500,3,,
2025069954,קשה,0,לא עירוני לא בצומת,0,90,10.5 עד 14 מטר,אין ליקוי,בהיר,יבש,שני,יום,יום רגיל,1,14,0,5,,
2025069961,קלה,0,לא עירוני בצומת,0,90,7 עד 10.5 מטר,אין ליקוי,לא ידוע,יבש,רביעי,יום,יום רגיל,12,13,0,3,,
2025069964,קלה,0,לא עירוני בצומת,0,עד 50,7 עד 10.5 מטר,אין ליקוי,בהיר,יבש,חמישי,יום,יום רגיל,7,11,0,3,,
2025069971,קלה,0,לא עירוני בצומת,0,70,יותר מ-14 מטר,אין ליקוי,בהיר,יבש,ראשון,לילה,יום רגיל,10,23,0,6,,
2025069975,קשה,0,עירוני לא בצומת,1,לא ידוע,,לא ידוע,לא ידוע,לא ידוע,ראשון,יום,יום רגיל,10,12,6100,5,,
2025069996,קשה,0,עירוני לא בצומת,1,לא ידוע,,לא ידוע,לא ידוע,לא ידוע,רביעי,יום,יום רגיל,11,14,9100,2,,
2025070015,קלה,0,עירוני לא בצומת,1,עד 50,7 עד 10.5 מטר,אין ליקוי,בהיר,יבש,שני,יום,יום רגיל,11,16,7100,6,,
2025070019,קלה,0,לא עירוני לא בצומת,0,70,7 עד 10.5 מטר,אין ליקוי,בהיר,יבש,שישי,לילה,יום רגיל,1,6,0,5,,
2025070028,קשה,0,עירוני לא בצומת,1,לא ידוע,,לא ידוע,לא ידוע,לא ידוע,רביעי,יום,יום רגיל,7,12,6900,4,,
2025070031,קלה,0,עירוני בצומת,1,עד 50,עד 5 מטר,אין ליקוי,בהיר,יבש,רביעי,יום,יום רגיל,6,17,6900,4,,
2025070041,קלה,0,עירוני לא בצומת,1,עד 50,5 עד 7 מטר,אין ליקוי,בהיר,יבש,שלישי,יום,יום רגיל,2,10,4000,3,,
2025070066,קלה,0,עירוני לא בצומת,1,עד 50,5 עד 7 מטר,אין ליקוי,בהיר,יבש,שבת,לילה,יום רגיל,9,18,8600,5,,
2025070068,קשה,0,עירוני לא בצומת,1,עד 50,10.5 עד 14 מטר,אין ליקוי,בהיר,יבש,רביעי,יום,ערב חג,10,10,5000,5,,
2025070073,קשה,0,עירוני לא בצומת,1,עד 50,,אין ליקוי,בהיר,יבש,חמישי,יום,יום רגיל,10,16,5000,5,,
2025070075,קלה,0,לא עירוני בצומת,0,80,7 עד 10.5 מטר,אין ליקוי,בהיר,יבש,שבת,יום,יום רגיל,9,12,0,2,,
2025070076,קלה,0,עירוני לא בצומת,1,עד 50,10.5 עד 14 מטר,אין ליקוי,בהיר,יבש,חמישי,יום,יום רגיל,8,11,5000,5,,
2025070077,קלה,0,עירוני לא בצומת,1,עד 50,5 עד 7 מטר,אין ליקוי,בהיר,יבש,שלישי,יום,יום רגיל,1,11,4000,3,,
2025070086,קשה,0,לא עירוני לא בצומת,0,90,7 עד 10.5 מטר,אין ליקוי,גשום,רטוב ממים,שישי,לילה,יום רגיל,11,4,0,4,,
2025070110,קלה,0,לא עירוני בצומת,0,70,5 עד 7 מטר,אין ליקוי,בהיר,יבש,שלישי,לילה,יום רגיל,12,18,0,5,,
2025070111,קשה,0,לא עירוני בצומת,0,80,יותר מ-14 מטר,אין ליקוי,בהיר,יבש,שני,יום,חג,6,18,0,4,,
2025070151,קלה,0,עירוני בצומת,1,לא ידוע,,לא ידוע,לא ידוע,לא ידוע,שלישי,יום,יום רגיל,4,17,3000,1,,
2025070157,קלה,0,לא עירוני בצומת,0,90,10.5 עד 14 מטר,אין ליקוי,בהיר,יבש,חמישי,יום,יום רגיל,5,10,0,4,,
2025070176,קלה,0,לא עירוני בצומת,0,90,10.5 עד 14 מטר,אין ליקוי,בהיר,יבש,שני,יום,יום רגיל,3,8,0,4,,
2025070179,קטלנית,1,עירוני בצומת,1,עד 50,10.5 עד 14 מטר,אין ליקוי,בהיר,יבש,שלישי,יום,יום רגיל,7,13,8600,5,,
2025070188,קלה,0,לא עירוני בצומת,0,עד 50,7 עד 10.5 מטר,אין ליקוי,בהיר,יבש,שבת,יום,יום רגיל,6,11,0,3,,
2025070221,קשה,0,עירוני לא בצומת,1,עד 50,5 עד 7 מטר,אין ליקוי,בהיר,יבש,שלישי,יום,יום רגיל,10,11,8700,4,,
2025070222,קלה,0,עירוני בצומת,1,עד 50,5 עד 7 מטר,אין ליקוי,בהיר,יבש,שבת,לילה,יום רגיל,3,21,3000,1,,
2025070223,קשה,0,לא עירוני לא בצומת,0,60,7 עד 10.5 מטר,אין ליקוי,בהיר,יבש,שני,יום,יום רגיל,2,16,0,2,,
2025070229,קשה,0,עירוני בצומת,1,עד 50,5 עד 7 מטר,אין ליקוי,בהיר,יבש,חמישי,יום,יום רגיל,4,14,440,4,,
2025070241,קלה,0,לא עירוני בצומת,0,80,7 עד 10.5 מטר,אין ליקוי,בהיר,יבש,ראשון,יום,יום רגיל,10,11,0,4,,
2025070296,קלה,0,עירוני בצומת,1,110,10.5 עד 14 מטר,אין ליקוי,לא ידוע,יבש,חמישי,יום,יום רגיל,5,15,3000,1,,
2025070348,קלה,0,עירוני לא בצומת,1,90,7 עד 10.5 מטר,אין ליקוי,בהיר,יבש,שבת,יום,יום רגיל,4,15,5000,5,,
2025070391,קטלנית,1,עירוני לא בצומת,1,עד 50,7 עד 10.5 מטר,לא ידוע,בהיר,יבש,ראשון,יום,יום רגיל,7,16,3000,1,,
2025070403,קלה,0,עירוני לא בצומת,1,עד 50,5 עד 7 מטר,אין ליקוי,בהיר,יבש,חמישי,יום,יום רגיל,3,14,9100,2,,
2025070406,קלה,0,עירוני לא בצומת,1,60,,אין ליקוי,בהיר,יבש,ראשון,יום,יום רגיל,10,14,5000,5,,
2025070424,קטלנית,1,עירוני לא בצומת,1,60,עד 5 מטר,לא ידוע,בהיר,יבש,שישי,לילה,יום רגיל,10,4,5000,5,,
2025070459,קשה,0,לא עירוני לא בצומת,0,לא ידוע,,לא ידוע,לא ידוע,לא ידוע,שני,לילה,יום רגיל,7,20,0,4,,
2025070462,קשה,0,עירוני לא בצומת,1,עד 50,עד 5 מטר,אין ליקוי,בהיר,יבש,רביעי,לילה,יום רגיל,1,19,7600,2,,
2025070468,קשה,0,לא עירוני בצומת,0,70,10.5 עד 14 מטר,אין ליקוי,לא ידוע,יבש,ראשון,יום,יום רגיל,11,7,0,4,,
2025070489,קלה,0,עירוני לא בצומת,1,עד 50,7 עד 10.5 מטר,אין ליקוי,בהיר,יבש,שני,יום,יום רגיל,8,10,2100,3,,
2025070492,קלה,0,עירוני בצומת,1,עד 50,7 עד 10.5 מטר,אין ליקוי,בהיר,יבש,שני,יום,יום רגיל,10,15,70,6,,
2025070495,קלה,0,עירוני לא בצומת,1,עד 50,10.5 עד 14 מטר,אין ליקוי,בהיר,יבש,שני,יום,יום רגיל,7,17,1061,2,,
2025070497,קלה,0,עירוני בצומת,1,עד 50,עד 5 מטר,אין ליקוי,בהיר,יבש,ראשון,יום,יום רגיל,9,9,2400,5,,
2025070503,קשה,0,עירוני לא בצומת,1,לא ידוע,,לא ידוע,לא ידוע,לא ידוע,רביעי,יום,יום רגיל,7,12,3000,1,,
2025070508,קטלנית,1,לא עירוני לא בצומת,0,80,7 עד 10.5 מטר,אין ליקוי,בהיר,יבש,שבת,יום,יום רגיל,10,15,0,2,,
2025070518,קלה,0,עירוני בצומת,1,עד 50,7 עד 10.5 מטר,אין ליקוי,בהיר,יבש,ראשון,לילה,יום רגיל,11,22,4000,3,,
2025070553,קלה,0,עירוני לא בצומת,1,עד 50,5 עד 7 מטר,אין ליקוי,לא ידוע,לא ידוע,ראשון,לילה,יום רגיל,11,17,8700,4,,
2025070558,קלה,0,עירוני בצומת,1,עד 50,7 עד 10.5 מטר,אין ליקוי,בהיר,יבש,שישי,יום,יום רגיל,5,13,9600,3,,
2025070596,קשה,0,עירוני בצומת,1,עד 50,5 עד 7 מטר,אין ליקוי,בהיר,יבש,ראשון,יום,יום רגיל,7,19,3000,1,,
2025070638,קשה,0,לא עירוני בצומת,0,לא ידוע,,לא ידוע,לא ידוע,לא ידוע,שישי,יום,יום רגיל,5,12,0,5,,
2025070641,קלה,0,עירוני בצומת,1,לא ידוע,,לא ידוע,לא ידוע,לא ידוע,שבת,יום,יום רגיל,10,18,7700,2,,
2025070647,קלה,0,לא עירוני בצומת,0,100,10.5 עד 14 מטר,אין ליקוי,בהיר,יבש,רביעי,יום,יום רגיל,9,9,0,4,,
2025070658,קלה,0,עירוני בצומת,1,לא ידוע,,לא ידוע,לא ידוע,לא ידוע,שבת,יום,חול המועד,10,12,874,2,,
2025070680,קלה,0,עירוני לא בצומת,1,עד 50,5 עד 7 מטר,אין ליקוי,שרבי,יבש,חמישי,יום,יום רגיל,5,10,3750,7,,
2025070706,קלה,0,עירוני בצומת,1,עד 50,יותר מ-14 מטר,אין ליקוי,בהיר,יבש,חמישי,יום,יום רגיל,2,10,4000,3,,
2025070727,קשה,0,לא עירוני לא בצומת,0,עד 50,5 עד 7 מטר,אין ליקוי,בהיר,יבש,שלישי,לילה,יום רגיל,2,20,0,3,,
2025070749,קלה,0,לא עירוני בצומת,0,90,עד 5 מטר,אין ליקוי,בהיר,יבש,ראשון,יום,יום רגיל,4,10,0,5,,
2025070754,קטלנית,1,לא עירוני לא בצומת,0,80,5 עד 7 מטר,אין ליקוי,בהיר,יבש,שישי,יום,יום רגיל,7,17,0,2,,
2025070756,קלה,0,עירוני בצומת,1,עד 50,10.5 עד 14 מטר,לא ידוע,בהיר,יבש,שני,יום,יום רגיל,2,15,3780,7,,
2025070791,קשה,0,לא עירוני לא בצומת,0,לא ידוע,,לא ידוע,לא ידוע,לא ידוע,שישי,לילה,יום רגיל,1,20,0,6,,
2025070807,קלה,0,עירוני בצומת,1,70,7 עד 10.5 מטר,אין ליקוי,לא ידוע,רטוב ממים,חמישי,יום,יום רגיל,12,10,7900,4,,
2025070814,קלה,0,עירוני בצומת,1,עד 50,,אין ליקוי,בהיר,יבש,רביעי,יום,יום רגיל,5,17,1304,4,,
2025070837,קלה,0,עירוני בצומת,1,70,7 עד 10.5 מטר,אין ליקוי,גשום,רטוב ממים,חמישי,יום,יום רגיל,12,8,4000,3,,
2025070839,קלה,0,עירוני בצומת,1,עד 50,5 עד 7 מטר,אין ליקוי,בהיר,יבש,ראשון,לילה,יום רגיל,5,1,3000,1,,
2025070848,קלה,0,לא עירוני בצומת,0,90,7 עד 10.5 מטר,אין ליקוי,בהיר,יבש,רביעי,יום,יום רגיל,4,13,0,6,,
2025070849,קלה,0,עירוני בצומת,1,עד 50,,אין ליקוי,בהיר,יבש,חמישי,יום,יום רגיל,7,18,2560,6,,
2025070859,קלה,0,עירוני לא בצומת,1,עד 50,5 עד 7 מטר,אין ליקוי,לא ידוע,יבש,שלישי,יום,יום רגיל,1,8,1247,3,,
2025070957,קלה,0,לא עירוני לא בצומת,0,,10.5 עד 14 מטר,אין ליקוי,בהיר,יבש,שישי,לילה,יום רגיל,9,1,0,4,,
2025070973,קשה,0,לא עירוני לא בצומת,0,90,5 עד 7 מטר,אין ליקוי,בהיר,יבש,ראשון,יום,יום רגיל,10,16,0,3,,
2025070976,קלה,0,לא עירוני לא בצומת,0,עד 50,5 עד 7 מטר,אין ליקוי,בהיר,יבש,שישי,יום,יום רגיל,5,16,0,1,,
2025070993,קלה,0,עירוני בצומת,1,לא ידוע,,לא ידוע,לא ידוע,לא ידוע,ראשון,לילה,יום רגיל,6,19,5000,5,,
2025071016,קלה,0,עירוני לא בצומת,1,עד 50,,אין ליקוי,בהיר,יבש,ראשון,לילה,יום רגיל,3,20,5000,5,,
2025071018,קלה,0,לא עירוני בצומת,0,70,10.5 עד 14 מטר,אין ליקוי,בהיר,יבש,שני,יום,יום רגיל,9,12,0,7,,
2025071024,קשה,0,עירוני לא בצומת,1,עד 50,10.5 עד 14 מטר,אין ליקוי,בהיר,יבש,שבת,לילה,יום רגיל,5,0,7100,6,,
2025071047,קלה,0,לא עירוני לא בצומת,0,90,7 עד 10.5 מטר,אין ליקוי,בהיר,יבש,שישי,לילה,יום רגיל,5,23,0,2,,
2025071051,קלה,0,עירוני בצומת,1,עד 50,,אין ליקוי,בהיר,רטוב ממים,שלישי,לילה,יום רגיל,12,19,6300,5,,
2025071061,קשה,0,עירוני לא בצומת,1,עד 50,,אין ליקוי,בהיר,יבש,שישי,לילה,יום רגיל,5,0,5000,5,,
2025071090,קטלנית,1,לא עירוני לא בצומת,0,110,10.5 עד 14 מטר,אין ליקוי,בהיר,יבש,שני,יום,יום רגיל,10,11,0,4,,
2025071100,קלה,0,עירוני לא בצומת,1,לא ידוע,5 עד 7 מטר,אין ליקוי,בהיר,יבש,שבת,לילה,יום רגיל,11,23,8600,5,,
2025071115,קלה,0,לא עירוני בצומת,0,לא ידוע,,לא ידוע,לא ידוע,לא ידוע,ראשון,יום,יום רגיל,11,7,0,5,,
2025071124,קלה,0,עירוני בצומת,1,לא ידוע,,לא ידוע,לא ידוע,לא ידוע,רביעי,לילה,יום רגיל,12,20,5000,5,,
2025071127,קשה,0,עירוני בצומת,1,עד 50,5 עד 7 מטר,אין ליקוי,בהיר,יבש,רביעי,לילה,יום רגיל,7,0,4000,3,,
2025071137,קשה,0,עירוני לא בצומת,1,עד 50,7 עד 10.5 מטר,אין ליקוי,בהיר,יבש,שני,יום,יום רגיל,10,16,8400,4,,
2025071140,קלה,0,עירוני בצומת,1,עד 50,7 עד 10.5 מטר,אין ליקוי,בהיר,יבש,ראשון,לילה,יום רגיל,1,6,7900,4,,
2025071168,קשה,0,עירוני לא בצומת,1,לא ידוע,,לא ידוע,לא ידוע,לא ידוע,שני,יום,יום רגיל,11,8,7400,4,,
2025071181,קלה,0,עירוני בצומת,1,60,10.5 עד 14 מטר,אין ליקוי,בהיר,יבש,שישי,יום,יום רגיל,10,14,70,6,,
2025071182,קלה,0,עירוני בצומת,1,עד 50,7 עד 10.5 מטר,אין ליקוי,בהיר,יבש,חמישי,יום,יום רגיל,2,12,4000,3,,
2025071183,קשה,0,לא עירוני לא בצומת,0,70,יותר מ-14 מטר,אין ליקוי,בהיר,יבש,ראשון,יום,יום רגיל,9,17,0,7,,
2025071186,קלה,0,לא עירוני בצומת,0,עד 50,5 עד 7 מטר,אין ליקוי,בהיר,יבש,שני,לילה,יום רגיל,7,0,0,7,,
2025071191,קלה,0,עירוני לא בצומת,1,עד 50,5 עד 7 מטר,אין ליקוי,בהיר,יבש,שלישי,יום,יום רגיל,3,11,3000,1,,
2025071205,קשה,0,עירוני לא בצומת,1,עד 50,5 עד 7 מטר,אין ליקוי,בהיר,יבש,שישי,יום,יום רגיל,5,8,5000,5,,
2025071220,קשה,0,לא עירוני בצומת,0,לא ידוע,,לא ידוע,לא ידוע,לא ידוע,ראשון,לילה,יום רגיל,12,19,0,2,,
2025071269,קלה,0,עירוני בצומת,1,עד 50,7 עד 10.5 מטר,לא ידוע,בהיר,יבש,שני,לילה,יום רגיל,4,22,3000,1,,
2025071286,קלה,0,לא עירוני לא בצומת,0,80,7 עד 10.5 מטר,אין ליקוי,בהיר,יבש,שבת,לילה,יום רגיל,5,21,0,3,,
2025071287,קלה,0,עירוני לא בצומת,1,עד 50,5 עד 7 מטר,אין ליקוי,בהיר,יבש,שני,יום,יום רגיל,4,15,3000,1,,
2025071298,קטלנית,1,לא עירוני לא בצומת,0,100,10.5 עד 14 מטר,אין ליקוי,בהיר,יבש,שבת,לילה,יום רגיל,7,21,0,4,,
2025071340,קטלנית,1,עירוני לא בצומת,1,עד 50,7 עד 10.5 מטר,אין ליקוי,בהיר,יבש,חמישי,יום,יום רגיל,4,11,8300,4,,
2025071354,קלה,0,לא עירוני בצומת,0,90,יותר מ-14 מטר,אין ליקוי,בהיר,יבש,ראשון,לילה,יום רגיל,7,1,0,2,,
2025071396,קשה,0,עירוני בצומת,1,לא ידוע,,לא ידוע,לא ידוע,לא ידוע,שני,יום,יום רגיל,11,13,5000,5,,
2025071415,קטלנית,1,לא עירוני בצומת,0,70,10.5 עד 14 מטר,אין ליקוי,בהיר,יבש,שלישי,לילה,יום רגיל,7,5,0,4,,
2025071421,קשה,0,עירוני בצומת,1,עד 50,5 עד 7 מטר,אין ליקוי,לא ידוע,יבש,ראשון,לילה,יום רגיל,11,17,4000,3,,
2025071432,קשה,0,עירוני לא בצומת,1,עד 50,10.5 עד 14 מטר,אין ליקוי,בהיר,יבש,רביעי,יום,יום רגיל,7,9,2610,1,,
2025071440,קלה,0,לא עירוני לא בצומת,0,80,10.5 עד 14 מטר,אין ליקוי,בהיר,יבש,חמישי,יום,יום רגיל,8,15,0,7,,
2025071450,קלה,0,עירוני בצומת,1,עד 50,5 עד 7 מטר,אין ליקוי,בהיר,יבש,שבת,לילה,יום רגיל,3,22,4000,3,,
2025071454,קטלנית,1,לא עירוני לא בצומת,0,110,10.5 עד 14 מטר,אין ליקוי,בהיר,יבש,ראשון,יום,יום רגיל,1,15,0,3,,
2025071476,קלה,0,עירוני בצומת,1,עד 50,,אין ליקוי,בהיר,יבש,שבת,יום,יום רגיל,2,13,6200,5,,
2025071496,קלה,0,לא עירוני בצומת,0,80,10.5 עד 14 מטר,אין ליקוי,בהיר,יבש,שלישי,יום,יום רגיל,1,9,0,4,,
2025071503,קשה,0,עירוני לא בצומת,1,עד 50,10.5 עד 14 מטר,אין ליקוי,בהיר,יבש,רביעי,יום,יום רגיל,2,13,5000,5,,
2025071533,קלה,0,עירוני בצומת,1,עד 50,7 עד 10.5 מטר,אין ליקוי,בהיר,יבש,ראשון,יום,יום רגיל,3,7,6100,5,,
2025071557,קלה,0,עירוני לא בצומת,1,עד 50,5 עד 7 מטר,לא ידוע,בהיר,יבש,רביעי,לילה,יום רגיל,7,20,6600,5,,
2025071566,קלה,0,עירוני לא בצומת,1,לא ידוע,,לא ידוע,לא ידוע,לא ידוע,שני,יום,יום רגיל,11,6,2600,6,,
2025071579,קלה,0,לא עירוני לא בצומת,0,80,7 עד 10.5 מטר,אין ליקוי,בהיר,יבש,רביעי,יום,יום רגיל,10,11,0,2,,
2025071583,קלה,0,לא עירוני בצומת,0,90,יותר מ-14 מטר,אין ליקוי,בהיר,יבש,שלישי,יום,יום רגיל,8,16,0,6,,
2025071587,קשה,0,עירוני לא בצומת,1,לא ידוע,,לא ידוע,לא ידוע,לא ידוע,חמישי,יום,יום רגיל,1,11,2034,2,,
2025071588,קשה,0,עירוני בצומת,1,עד 50,יותר מ-14 מטר,אין ליקוי,בהיר,יבש,חמישי,יום,יום רגיל,10,7,9200,2,,
2025071606,קלה,0,עירוני בצומת,1,עד 50,5 עד 7 מטר,אין ליקוי,בהיר,יבש,שני,לילה,יום רגיל,9,20,70,6,,
2025071616,קלה,0,עירוני לא בצומת,1,עד 50,5 עד 7 מטר,אין ליקוי,בהיר,יבש,שלישי,יום,יום רגיל,11,14,8300,4,,
2025071637,קשה,0,עירוני לא בצומת,1,לא ידוע,,לא ידוע,לא ידוע,לא ידוע,ראשון,יום,יום רגיל,4,18,481,2,,
2025071643,קשה,0,לא עירוני בצומת,0,70,7 עד 10.5 מטר,אין ליקוי,לא ידוע,יבש,שישי,יום,יום רגיל,3,10,0,4,,
2025071646,קלה,0,לא עירוני בצומת,0,70,,לא ידוע,בהיר,יבש,שישי,יום,יום רגיל,12,8,0,2,,
2025071658,קשה,0,עירוני בצומת,1,לא ידוע,,לא ידוע,לא ידוע,לא ידוע,שלישי,יום,יום רגיל,5,19,5000,5,,
2025071660,קלה,0,עירוני בצומת,1,עד 50,,אין ליקוי,בהיר,יבש,רביעי,יום,יום רגיל,3,14,7900,4,,
2025071666,קשה,0,לא עירוני לא בצומת,0,70,10.5 עד 14 מטר,אין ליקוי,בהיר,יבש,ראשון,לילה,יום רגיל,12,20,0,4,,
2025071672,קשה,0,עירוני לא בצומת,1,עד 50,5 עד 7 מטר,אין ליקוי,בהיר,יבש,שלישי,יום,יום רגיל,2,12,7100,6,,
2025071702,קלה,0,לא עירוני בצומת,0,עד 50,יותר מ-14 מטר,אין ליקוי,בהיר,יבש,שישי,יום,יום רגיל,2,14,0,4,,
2025071704,קלה,0,עירוני בצומת,1,עד 50,5 עד 7 מטר,אין ליקוי,גשום,רטוב ממים,רביעי,לילה,יום רגיל,12,16,7600,2,,
2025071708,קלה,0,עירוני לא בצומת,1,עד 50,7 עד 10.5 מטר,אין ליקוי,בהיר,יבש,ראשון,יום,יום רגיל,10,13,4000,3,,
2025071720,קלה,0,עירוני בצומת,1,עד 50,עד 5 מטר,אין ליקוי,בהיר,יבש,חמישי,לילה,יום רגיל,11,18,7700,2,,
2025071730,קשה,0,לא עירוני לא בצומת,0,לא ידוע,,לא ידוע,לא ידוע,לא ידוע,שבת,יום,יום רגיל,11,15,0,2,,
2025071746,קלה,0,עירוני בצומת,1,עד 50,7 עד 10.5 מטר,אין ליקוי,בהיר,יבש,רביעי,לילה,יום רגיל,9,19,6400,5,,
2025071748,קלה,0,עירוני לא בצומת,1,עד 50,10.5 עד 14 מטר,אין ליקוי,בהיר,יבש,רביעי,יום,יום רגיל,11,14,6800,3,,
2025071758,קלה,0,עירוני בצומת,1,עד 50,5 עד 7 מטר,אין ליקוי,בהיר,יבש,שלישי,יום,יום רגיל,4,17,5000,5,,
2025071767,קלה,0,לא עירוני בצומת,0,70,10.5 עד 14 מטר,אין ליקוי,בהיר,יבש,שישי,לילה,יום רגיל,4,0,0,3,,
2025071772,קלה,0,עירוני לא בצומת,1,עד 50,7 עד 10.5 מטר,אין ליקוי,בהיר,יבש,שני,יום,יום רגיל,6,16,2600,6,,
2025071794,קלה,0,עירוני לא בצומת,1,70,יותר מ-14 מטר,אין ליקוי,בהיר,יבש,ראשון,יום,יום רגיל,9,8,7100,6,,
2025071807,קשה,0,עירוני בצומת,1,70,יותר מ-14 מטר,אין ליקוי,בהיר,יבש,שלישי,לילה,יום רגיל,3,1,9600,3,,
2025071844,קשה,0,לא עירוני בצומת,0,80,7 עד 10.5 מטר,אין ליקוי,בהיר,יבש,חמישי,יום,יום רגיל,7,9,0,6,,
2025071859,קלה,0,לא עירוני בצומת,0,80,10.5 עד 14 מטר,אין ליקוי,בהיר,יבש,שבת,יום,יום רגיל,11,9,0,5,,
2025071861,קלה,0,עירוני בצומת,1,עד 50,10.5 עד 14 מטר,אין ליקוי,בהיר,יבש,ראשון,יום,יום רגיל,9,11,3616,7,,
2025071872,קלה,0,עירוני בצומת,1,עד 50,5 עד 7 מטר,אין ליקוי,בהיר,יבש,ראשון,לילה,יום רגיל,12,17,5000,5,,
2025071890,קלה,0,לא עירוני לא בצומת,0,80,יותר מ-14 מטר,אין ליקוי,בהיר,יבש,ראשון,יום,יום רגיל,5,15,0,2,,
2025071894,קשה,0,לא עירוני לא בצומת,0,90,10.5 עד 14 מטר,אין ליקוי,בהיר,יבש,שבת,לילה,יום רגיל,11,23,0,3,,
2025071918,קשה,0,עירוני בצומת,1,עד 50,,אין ליקוי,בהיר,יבש,רביעי,יום,יום רגיל,7,14,5000,5,,
2025071947,קשה,0,עירוני לא בצומת,1,לא ידוע,,לא ידוע,לא ידוע,לא ידוע,רביעי,לילה,יום רגיל,7,22,166,4,,
2025071950,קלה,0,עירוני בצומת,1,עד 50,10.5 עד 14 מטר,אין ליקוי,בהיר,יבש,חמישי,לילה,יום רגיל,9,19,3000,1,,
2025071951,קטלנית,1,לא עירוני בצומת,0,80,7 עד 10.5 מטר,אין ליקוי,בהיר,יבש,רביעי,לילה,יום רגיל,1,18,0,2,,
2025071974,קלה,0,עירוני בצומת,1,60,5 עד 7 מטר,אין ליקוי,בהיר,יבש,חמישי,לילה,יום רגיל,8,0,5000,5,,
2025071976,קשה,0,לא עירוני בצומת,0,90,7 עד 10.5 מטר,אין ליקוי,בהיר,יבש,שלישי,לילה,יום רגיל,6,5,0,6,,
2025071977,קשה,0,עירוני לא בצומת,1,לא ידוע,,לא ידוע,לא ידוע,לא ידוע,חמישי,יום,יום רגיל,7,16,3000,1,,
2025071981,קלה,0,עירוני בצומת,1,עד 50,10.5 עד 14 מטר,אין ליקוי,בהיר,יבש,שלישי,יום,יום רגיל,2,14,7900,4,,
2025071996,קשה,0,עירוני לא בצומת,1,לא ידוע,,לא ידוע,לא ידוע,לא ידוע,שני,יום,יום רגיל,1,9,70,6,,
2025072008,קלה,0,עירוני בצומת,1,עד 50,5 עד 7 מטר,אין ליקוי,בהיר,יבש,ראשון,יום,יום רגיל,12,14,8500,4,,
2025072012,קלה,0,עירוני לא בצומת,1,עד 50,7 עד 10.5 מטר,אין ליקוי,בהיר,יבש,שני,יום,יום רגיל,5,15,7700,2,,
2025072022,קלה,0,לא עירוני בצומת,0,90,10.5 עד 14 מטר,אין ליקוי,לא ידוע,יבש,שלישי,יום,יום רגיל,2,14,0,6,,
2025072024,קשה,0,עירוני לא בצומת,1,עד 50,,אין ליקוי,בהיר,יבש,חמישי,יום,יום רגיל,4,14,6400,5,,
2025072031,קטלנית,1,לא עירוני לא בצומת,0,60,7 עד 10.5 מטר,אין ליקוי,בהיר,יבש,חמישי,יום,חול המועד,4,16,0,2,,
2025072044,קטלנית,1,לא עירוני לא בצומת,0,עד 50,5 עד 7 מטר,כביש משובש,בהיר,יבש,שני,לילה,יום רגיל,12,16,0,7,,
2025072045,קטלנית,1,לא עירוני בצומת,0,90,10.5 עד 14 מטר,אין ליקוי,לא ידוע,רטוב ממים,ראשון,לילה,יום רגיל,11,3,0,4,,
2025072050,קשה,0,עירוני לא בצומת,1,עד 50,7 עד 10.5 מטר,אין ליקוי,בהיר,יבש,שישי,לילה,יום רגיל,12,5,9000,6,,
2025072051,קלה,0,עירוני לא בצומת,1,עד 50,5 עד 7 מטר,אין ליקוי,גשום,רטוב ממים,רביעי,לילה,יום רגיל,3,20,3000,1,,
2025072065,קטלנית,1,לא עירוני לא בצומת,0,90,10.5 עד 14 מטר,אין ליקוי,בהיר,יבש,ראשון,לילה,יום רגיל,1,0,0,2,,
2025072070,קשה,0,לא עירוני לא בצומת,0,עד 50,5 עד 7 מטר,אין ליקוי,בהיר,יבש,שישי,יום,יום רגיל,1,15,0,4,,
2025072099,קלה,0,עירוני בצומת,1,עד 50,5 עד 7 מטר,אין ליקוי,בהיר,יבש,רביעי,לילה,יום רגיל,1,17,3000,1,,
2025072109,קשה,0,לא עירוני בצומת,0,90,10.5 עד 14 מטר,אין ליקוי,בהיר,יבש,חמישי,לילה,יום רגיל,10,20,0,2,,
2025072118,קלה,0,עירוני לא בצומת,1,לא ידוע,,לא ידוע,לא ידוע,לא ידוע,ראשון,לילה,יום רגיל,10,1,6900,4,,
2025072136,קשה,0,לא עירוני לא בצומת,0,80,7 עד 10.5 מטר,אין ליקוי,בהיר,יבש,שישי,לילה,יום רגיל,8,1,0,3,,
2025072148,קלה,0,לא עירוני בצומת,0,90,5 עד 7 מטר,לא ידוע,בהיר,יבש,ראשון,יום,יום רגיל,1,10,0,6,,
2025072151,קלה,0,עירוני בצומת,1,60,יותר מ-14 מטר,אין ליקוי,בהיר,יבש,שישי,לילה,יום רגיל,5,20,4000,3,,
2025072191,קטלנית,1,עירוני בצומת,1,70,7 עד 10.5 מטר,אין ליקוי,בהיר,יבש,שלישי,לילה,חול המועד,4,20,7900,4,,
2025072215,קטלנית,1,לא עירוני לא בצומת,0,80,7 עד 10.5 מטר,אין ליקוי,בהיר,יבש,רביעי,לילה,ערב חג,4,22,0,7,,
2025072222,קלה,0,עירוני בצומת,1,עד 50,,אין ליקוי,בהיר,יבש,רביעי,לילה,יום רגיל,8,5,2400,5,,
2025072228,קלה,0,עירוני בצומת,1,עד 50,5 עד 7 מטר,אין ליקוי,בהיר,יבש,שלישי,יום,יום רגיל,4,9,2200,6,,
2025072231,קלה,0,עירוני בצומת,1,עד 50,,אין ליקוי,בהיר,יבש,שבת,לילה,יום רגיל,4,4,7900,4,,
2025072268,קלה,0,עירוני בצומת,1,עד 50,10.5 עד 14 מטר,אין ליקוי,בהיר,יבש,שני,לילה,יום רגיל,12,18,70,6,,
2025072276,קטלנית,1,לא עירוני לא בצומת,0,70,יותר מ-14 מטר,אין ליקוי,בהיר,יבש,רביעי,לילה,יום רגיל,5,23,0,4,,
2025072283,קלה,0,עירוני לא בצומת,1,עד 50,7 עד 10.5 מטר,אין ליקוי,בהיר,יבש,שני,לילה,יום רגיל,2,19,3616,7,,
2025072289,קשה,0,לא עירוני בצומת,0,לא ידוע,,לא ידוע,לא ידוע,לא ידוע,חמישי,יום,יום רגיל,7,14,0,6,,
2025072299,קלה,0,לא עירוני בצומת,0,עד 50,7 עד 10.5 מטר,אין ליקוי,בהיר,יבש,שלישי,יום,יום רגיל,8,17,0,2,,
2025072300,קשה,0,עירוני לא בצומת,1,עד 50,5 עד 7 מטר,אין ליקוי,בהיר,יבש,שני,יום,יום רגיל,5,15,2560,6,,
2025072308,קלה,0,עירוני בצומת,1,עד 50,5 עד 7 מטר,אין ליקוי,בהיר,יבש,ראשון,יום,יום רגיל,9,7,4000,3,,
2025072321,קלה,0,לא עירוני לא בצומת,0,90,10.5 עד 14 מטר,אין ליקוי,בהיר,יבש,רביעי,לילה,יום רגיל,7,1,0,4,,
2025072326,קלה,0,עירוני בצומת,1,עד 50,7 עד 10.5 מטר,אין ליקוי,בהיר,יבש,שבת,לילה,יום רגיל,9,0,6700,2,,
2025072359,קטלנית,1,לא עירוני לא בצומת,0,60,5 עד 7 מטר,אין ליקוי,בהיר,יבש,שלישי,יום,יום רגיל,9,9,0,3,,
2025072370,קלה,0,עירוני בצומת,1,70,5 עד 7 מטר,אין ליקוי,בהיר,יבש,רביעי,לילה,יום רגיל,5,21,3000,1,,
2025072376,קלה,0,עירוני לא בצומת,1,עד 50,10.5 עד 14 מטר,אין ליקוי,בהיר,יבש,שני,יום,יום רגיל,11,11,6200,5,,
2025072381,קלה,0,עירוני בצומת,1,עד 50,7 עד 10.5 מטר,אין ליקוי,בהיר,יבש,שישי,לילה,יום רגיל,2,23,9100,2,,
2025072385,קשה,0,לא עירוני לא בצומת,0,100,5 עד 7 מטר,לא ידוע,בהיר,יבש,שלישי,יום,יום רגיל,7,12,0,2,,
2025072404,קלה,0,עירוני בצומת,1,עד 50,7 עד 10.5 מטר,אין ליקוי,בהיר,יבש,ראשון,יום,יום רגיל,9,8,166,4,,
2025072418,קלה,0,לא עירוני בצומת,0,70,יותר מ-14 מטר,אין ליקוי,בהיר,רטוב ממים,חמישי,לילה,יום רגיל,2,23,0,3,,
2025072455,קטלנית,1,עירוני בצומת,1,עד 50,7 עד 10.5 מטר,אין ליקוי,בהיר,יבש,שבת,לילה,יום רגיל,8,20,8600,5,,
2025072459,קשה,0,עירוני לא בצומת,1,60,7 עד 10.5 מטר,אין ליקוי,בהיר,יבש,שלישי,לילה,יום רגיל,1,17,5000,5,,
2025072477,קלה,0,לא עירוני לא בצומת,0,עד 50,5 עד 7 מטר,אין ליקוי,בהיר,יבש,רביעי,יום,יום רגיל,4,17,0,7,,
2025072491,קשה,0,עירוני לא בצומת,1,לא ידוע,,לא ידוע,לא ידוע,לא ידוע,ראשון,לילה,יום רגיל,11,17,5000,5,,
2025072500,קלה,0,עירוני לא בצומת,1,עד 50,5 עד 7 מטר,אין ליקוי,בהיר,יבש,שלישי,יום,יום רגיל,7,13,4000,3,,
2025072510,קלה,0,עירוני לא בצומת,1,עד 50,7 עד 10.5 מטר,לא ידוע,בהיר,יבש,שישי,יום,יום רגיל,4,8,1113,1,,
2025072520,קלה,0,עירוני בצומת,1,עד 50,7 עד 10.5 מטר,אין ליקוי,גשום,לא ידוע,שני,יום,יום רגיל,12,14,6800,3,,
2025072521,קשה,0,עירוני לא בצומת,1,לא ידוע,,לא ידוע,לא ידוע,לא ידוע,ראשון,יום,יום רגיל,12,15,70,6,,
2025072531,קשה,0,עירוני לא בצומת,1,לא ידוע,,לא ידוע,לא ידוע,לא ידוע,שישי,לילה,יום רגיל,10,21,2002,4,,
2025072540,קשה,0,עירוני לא בצומת,1,לא ידוע,,לא ידוע,לא ידוע,לא ידוע,שלישי,לילה,יום רגיל,1,20,831,6,,
2025072546,קשה,0,עירוני בצומת,1,עד 50,7 עד 10.5 מטר,אין ליקוי,בהיר,יבש,רביעי,יום,יום רגיל,8,16,6100,5,,
2025072558,קלה,0,עירוני בצומת,1,עד 50,5 עד 7 מטר,אין ליקוי,בהיר,יבש,שני,לילה,יום רגיל,11,17,9100,2,,
2025072568,קשה,0,עירוני לא בצומת,1,לא ידוע,,לא ידוע,לא ידוע,לא ידוע,שישי,לילה,יום רגיל,10,0,1200,4,,
2025072593,קשה,0,עירוני לא בצומת,1,לא ידוע,,לא ידוע,לא ידוע,לא ידוע,רביעי,לילה,יום רגיל,3,20,8200,3,,
2025072607,קלה,0,עירוני בצומת,1,עד 50,7 עד 10.5 מטר,אין ליקוי,בהיר,יבש,ראשון,יום,יום רגיל,10,15,5000,5,,
2025072645,קלה,0,לא עירוני בצומת,0,90,,לא ידוע,בהיר,לא ידוע,שלישי,יום,יום רגיל,5,15,0,6,,
2025072646,קלה,0,עירוני בצומת,1,עד 50,,אין ליקוי,בהיר,יבש,שני,יום,יום רגיל,1,12,6600,5,,
2025072649,קשה,0,לא עירוני לא בצומת,0,80,7 עד 10.5 מטר,אין ליקוי,בהיר,יבש,שלישי,יום,יום רגיל,3,14,0,7,,
2025072650,קלה,0,עירוני בצומת,1,עד 50,7 עד 10.5 מטר,אין ליקוי,בהיר,יבש,שלישי,לילה,יום רגיל,1,17,6200,5,,
2025072654,קלה,0,לא עירוני בצומת,0,80,7 עד 10.5 מטר,אין ליקוי,בהיר,יבש,חמישי,לילה,יום רגיל,2,19,0,6,,
2025072657,קלה,0,עירוני בצומת,1,עד 50,7 עד 10.5 מטר,אין ליקוי,בהיר,יבש,שבת,לילה,יום רגיל,1,2,8300,4,,
2025072665,קשה,0,לא עירוני לא בצומת,0,70,5 עד 7 מטר,אין ליקוי,בהיר,יבש,שני,יום,יום רגיל,4,10,0,1,,
2025072667,קלה,0,עירוני בצומת,1,עד 50,7 עד 10.5 מטר,אין ליקוי,בהיר,יבש,שני,לילה,יום רגיל,5,20,8700,4,,
2025072681,קשה,0,עירוני בצומת,1,לא ידוע,,לא ידוע,לא ידוע,לא ידוע,שישי,יום,יום רגיל,7,17,3000,1,,
2025072686,קשה,0,לא עירוני לא בצומת,0,90,10.5 עד 14 מטר,אין ליקוי,בהיר,יבש,חמישי,יום,יום רגיל,3,6,0,7,,
2025072703,קשה,0,עירוני לא בצומת,1,לא ידוע,,לא ידוע,לא ידוע,לא ידוע,שלישי,לילה,יום רגיל,2,18,7100,6,,
2025072705,קשה,0,עירוני לא בצומת,1,לא ידוע,,לא ידוע,לא ידוע,לא ידוע,שני,יום,יום רגיל,11,14,3000,1,,
2025072719,קשה,0,עירוני בצומת,1,עד 50,5 עד 7 מטר,אין ליקוי,בהיר,יבש,שלישי,יום,יום רגיל,3,10,9000,6,,
2025072753,קלה,0,עירוני לא בצומת,1,עד 50,5 עד 7 מטר,אין ליקוי,בהיר,יבש,שני,יום,יום רגיל,6,12,7900,4,,
2025072782,קלה,0,עירוני לא בצומת,1,עד 50,7 עד 10.5 מטר,אין ליקוי,בהיר,רטוב ממים,שישי,יום,יום רגיל,9,10,8400,4,,
2025072790,קלה,0,לא עירוני בצומת,0,עד 50,5 עד 7 מטר,אין ליקוי,בהיר,יבש,רביעי,יום,יום רגיל,11,9,0,3,,
2025072803,קשה,0,לא עירוני לא בצומת,0,70,10.5 עד 14 מטר,אין ליקוי,לא ידוע,יבש,ראשון,יום,חול המועד,10,12,0,3,,
2025072811,קלה,0,עירוני לא בצומת,1,עד 50,5 עד 7 מטר,אין ליקוי,בהיר,יבש,ראשון,יום,יום רגיל,10,15,998,2,,
2025072821,קלה,0,לא עירוני בצומת,0,עד 50,5 עד 7 מטר,אין ליקוי,בהיר,יבש,שישי,לילה,יום רגיל,1,17,0,3,,
2025072832,קשה,0,עירוני לא בצומת,1,עד 50,5 עד 7 מטר,אין ליקוי,בהיר,יבש,שלישי,יום,יום רגיל,3,13,1161,6,,
2025072834,קלה,0,עירוני לא בצומת,1,עד 50,7 עד 10.5 מטר,אין ליקוי,בהיר,יבש,רביעי,יום,יום רגיל,12,9,6300,5,,
2025072836,קשה,0,עירוני לא בצומת,1,עד 50,10.5 עד 14 מטר,אין ליקוי,בהיר,יבש,חמישי,לילה,יום רגיל,3,18,874,2,,
2025072842,קלה,0,לא עירוני בצומת,0,90,7 עד 10.5 מטר,אין ליקוי,בהיר,יבש,רביעי,יום,יום רגיל,1,11,0,6,,
2025072857,קלה,0,לא עירוני בצומת,0,90,10.5 עד 14 מטר,אין ליקוי,בהיר,יבש,רביעי,לילה,יום רגיל,2,0,0,4,,
2025072866,קלה,0,לא עירוני לא בצומת,0,עד 50,5 עד 7 מטר,אין ליקוי,בהיר,יבש,שישי,יום,יום רגיל,4,14,0,3,,
2025072876,קלה,0,עירוני בצומת,1,עד 50,5 עד 7 מטר,אין ליקוי,בהיר,יבש,ראשון,לילה,יום רגיל,4,19,8300,4,,
2025072889,קלה,0,לא עירוני לא בצומת,0,100,10.5 עד 14 מטר,אין ליקוי,בהיר,יבש,שבת,לילה,יום רגיל,1,17,0,4,,
2025072895,קלה,0,לא עירוני בצומת,0,90,5 עד 7 מטר,אין ליקוי,בהיר,יבש,חמישי,יום,יום רגיל,11,9,0,4,,
2025072901,קשה,0,עירוני לא בצומת,1,עד 50,יותר מ-14 מטר,אין ליקוי,בהיר,יבש,שבת,לילה,יום רגיל,8,21,7100,6,,
2025072906,קלה,0,לא עירוני בצומת,0,עד 50,7 עד 10.5 מטר,אין ליקוי,בהיר,יבש,שני,יום,יום רגיל,6,14,0,2,,
2025072913,קשה,0,עירוני בצומת,1,80,יותר מ-14 מטר,אין ליקוי,בהיר,יבש,שלישי,לילה,יום רגיל,4,23,3000,1,,
2025072929,קלה,0,עירוני לא בצומת,1,לא ידוע,,לא ידוע,לא ידוע,לא ידוע,שבת,יום,חול המועד,10,7,5000,5,,
2025072932,קשה,0,עירוני לא בצומת,1,לא ידוע,,לא ידוע,לא ידוע,לא ידוע,שני,יום,ערב חג,9,11,8500,4,,
2025072935,קלה,0,עירוני לא בצומת,1,עד 50,10.5 עד 14 מטר,אין ליקוי,בהיר,יבש,שני,יום,יום רגיל,7,19,1061,2,,
2025072942,קלה,0,עירוני בצומת,1,עד 50,5 עד 7 מטר,אין ליקוי,בהיר,יבש,שלישי,לילה,יום רגיל,4,21,2600,6,,
2025072952,קשה,0,עירוני לא בצומת,1,לא ידוע,,לא ידוע,לא ידוע,לא ידוע,ראשון,לילה,יום רגיל,1,23,4000,3,,
2025072955,קלה,0,לא עירוני בצומת,0,90,יותר מ-14 מטר,אין ליקוי,גשום,רטוב ממים,חמישי,יום,יום רגיל,12,13,0,3,,
2025072964,קלה,0,עירוני לא בצומת,1,עד 50,5 עד 7 מטר,אין ליקוי,לא ידוע,יבש,שישי,יום,יום רגיל,2,10,6200,5,,
2025072980,קשה,0,עירוני לא בצומת,1,לא ידוע,,לא ידוע,לא ידוע,לא ידוע,רביעי,יום,יום רגיל,7,18,3000,1,,
2025072988,קשה,0,לא עירוני בצומת,0,לא ידוע,,לא ידוע,לא ידוע,לא ידוע,חמישי,לילה,יום רגיל,11,18,0,6,,
2025072989,קלה,0,לא עירוני בצומת,0,80,7 עד 10.5 מטר,אין ליקוי,בהיר,יבש,שני,יום,ערב חג,10,16,0,3,,
2025072993,קלה,0,עירוני בצומת,1,עד 50,,אין ליקוי,לא ידוע,יבש,שישי,יום,חג,3,14,6200,5,,
2025073058,קלה,0,עירוני בצומת,1,עד 50,5 עד 7 מטר,אין ליקוי,בהיר,יבש,שישי,יום,יום רגיל,8,12,6500,3,,
2025073059,קשה,0,לא עירוני לא בצומת,0,לא ידוע,,לא ידוע,לא ידוע,לא ידוע,שבת,לילה,יום רגיל,8,23,0,2,,
2025073071,קשה,0,לא עירוני לא בצומת,0,90,,אין ליקוי,בהיר,יבש,חמישי,יום,יום רגיל,7,15,0,6,,
2025073078,קלה,0,לא עירוני בצומת,0,90,10.5 עד 14 מטר,אין ליקוי,בהיר,יבש,חמישי,יום,יום רגיל,5,18,0,2,,
2025073093,קשה,0,עירוני לא בצומת,1,לא ידוע,,לא ידוע,לא ידוע,לא ידוע,שני,לילה,יום רגיל,9,22,7100,6,,
2025073112,קטלנית,1,לא עירוני בצומת,0,עד 50,7 עד 10.5 מטר,אין ליקוי,בהיר,יבש,שלישי,יום,יום רגיל,8,15,0,5,,
2025073114,קלה,0,עירוני בצומת,1,עד 50,5 עד 7 מטר,אין ליקוי,בהיר,יבש,ראשון,יום,יום רגיל,6,11,6900,4,,
2025073118,קלה,0,עירוני לא בצומת,1,עד 50,7 עד 10.5 מטר,אין ליקוי,לא ידוע,יבש,ראשון,לילה,יום רגיל,7,20,2630,6,,
2025073122,קשה,0,עירוני לא בצומת,1,לא ידוע,,לא ידוע,לא ידוע,לא ידוע,שני,יום,יום רגיל,3,18,5000,5,,
2025073136,קלה,0,עירוני בצומת,1,עד 50,7 עד 10.5 מטר,אין ליקוי,בהיר,יבש,ראשון,יום,יום רגיל,5,16,9100,2,,
2025073165,קשה,0,לא עירוני לא בצומת,0,90,יותר מ-14 מטר,אין ליקוי,בהיר,יבש,שישי,לילה,יום רגיל,8,0,0,5,,
2025073168,קשה,0,עירוני בצומת,1,עד 50,5 עד 7 מטר,אין ליקוי,בהיר,יבש,שני,לילה,יום רגיל,6,22,5000,5,,
2025073173,קשה,0,לא עירוני לא בצומת,0,90,7 עד 10.5 מטר,אין ליקוי,בהיר,יבש,רביעי,יום,יום רגיל,3,9,0,7,,
2025073188,קלה,0,לא עירוני בצומת,0,70,יותר מ-14 מטר,אין ליקוי,לא ידוע,רטוב ממים,חמישי,יום,יום רגיל,2,8,0,3,,
2025073229,קלה,0,עירוני בצומת,1,עד 50,7 עד 10.5 מטר,אין ליקוי,בהיר,יבש,ראשון,יום,יום רגיל,5,8,7900,4,,
2025073236,קטלנית,1,לא עירוני לא בצומת,0,70,7 עד 10.5 מטר,כביש משובש,בהיר,אחר,רביעי,לילה,יום רגיל,7,2,0,6,,
2025073254,קלה,0,עירוני לא בצומת,1,עד 50,5 עד 7 מטר,אין ליקוי,בהיר,יבש,ראשון,לילה,יום רגיל,5,22,3000,1,,
2025073255,קשה,0,עירוני בצומת,1,עד 50,5 עד 7 מטר,אין ליקוי,בהיר,יבש,ראשון,יום,יום רגיל,11,9,8300,4,,
2025073256,קטלנית,1,עירוני לא בצומת,1,עד 50,7 עד 10.5 מטר,אין ליקוי,בהיר,יבש,שלישי,יום,יום רגיל,11,10,628,3,,
2025073259,קלה,0,לא עירוני בצומת,0,עד 50,5 עד 7 מטר,אין ליקוי,בהיר,יבש,שלישי,יום,יום רגיל,4,14,0,3,,
2025073293,קלה,0,עירוני בצומת,1,עד 50,5 עד 7 מטר,אין ליקוי,בהיר,יבש,שלישי,יום,יום רגיל,7,11,5000,5,,
2025073299,קלה,0,עירוני בצומת,1,עד 50,7 עד 10.5 מטר,אין ליקוי,בהיר,יבש,שלישי,לילה,יום רגיל,1,18,6400,5,,
2025073305,קלה,0,עירוני בצומת,1,60,5 עד 7 מטר,אין ליקוי,בהיר,יבש,ראשון,לילה,יום רגיל,2,18,9000,6,,
2025073311,קלה,0,לא עירוני לא בצומת,0,80,עד 5 מטר,אין ליקוי,בהיר,יבש,ראשון,יום,יום רגיל,11,8,0,4,,
2025073317,קטלנית,1,לא עירוני לא בצומת,0,90,10.5 עד 14 מטר,אין ליקוי,בהיר,יבש,שבת,יום,יום רגיל,10,8,0,7,,
2025073358,קלה,0,לא עירוני בצומת,0,70,10.5 עד 14 מטר,אין ליקוי,בהיר,יבש,ראשון,יום,ערב חג,6,8,0,3,,
2025073362,קלה,0,עירוני בצומת,1,עד 50,5 עד 7 מטר,אין ליקוי,אחר,יבש,שני,יום,יום רגיל,4,8,8700,4,,
2025073396,קלה,0,עירוני לא בצומת,1,עד 50,7 עד 10.5 מטר,אין ליקוי,בהיר,יבש,ראשון,יום,יום רגיל,4,18,7700,2,,
2025073403,קלה,0,לא עירוני לא בצומת,0,עד 50,7 עד 10.5 מטר,אין ליקוי,בהיר,יבש,רביעי,יום,יום רגיל,12,8,0,5,,
2025073404,קשה,0,לא עירוני בצומת,0,90,10.5 עד 14 מטר,אין ליקוי,בהיר,יבש,שבת,לילה,יום רגיל,5,20,0,5,,
2025073405,קלה,0,עירוני בצומת,1,עד 50,7 עד 10.5 מטר,אין ליקוי,בהיר,יבש,שישי,יום,יום רגיל,9,16,5000,5,,
2025073408,קשה,0,עירוני לא בצומת,1,עד 50,עד 5 מטר,אין ליקוי,בהיר,יבש,רביעי,יום,ערב חג,10,13,3760,7,,
2025073422,קשה,0,עירוני לא בצומת,1,עד 50,יותר מ-14 מטר,אין ליקוי,בהיר,יבש,חמישי,לילה,יום רגיל,10,4,9000,6,,
2025073425,קשה,0,עירוני לא בצומת,1,לא ידוע,,לא ידוע,לא ידוע,לא ידוע,רביעי,יום,יום רגיל,7,10,2640,4,,
2025073448,קלה,0,עירוני בצומת,1,עד 50,7 עד 10.5 מטר,אין ליקוי,בהיר,יבש,רביעי,יום,יום רגיל,5,11,70,6,,
2025073472,קשה,0,עירוני בצומת,1,עד 50,,אין ליקוי,בהיר,יבש,ראשון,יום,יום רגיל,4,17,6400,5,,
2025073513,קלה,0,לא עירוני בצומת,0,80,5 עד 7 מטר,אין ליקוי,בהיר,יבש,חמישי,לילה,יום רגיל,11,17,0,7,,
2025073518,קשה,0,עירוני לא בצומת,1,לא ידוע,,לא ידוע,לא ידוע,לא ידוע,שבת,לילה,יום רגיל,11,17,7900,4,,
2025073521,קלה,0,לא עירוני לא בצומת,0,90,7 עד 10.5 מטר,אין ליקוי,בהיר,יבש,שלישי,לילה,חג,9,20,0,2,,
2025073525,קשה,0,עירוני לא בצומת,1,לא ידוע,,לא ידוע,לא ידוע,לא ידוע,רביעי,לילה,יום רגיל,6,22,7900,4,,
2025073530,קלה,0,לא עירוני בצומת,0,לא ידוע,,לא ידוע,לא ידוע,לא ידוע,חמישי,יום,יום רגיל,12,6,0,4,,
2025073566,קלה,0,לא עירוני לא בצומת,0,90,5 עד 7 מטר,אין ליקוי,בהיר,יבש,שלישי,יום,חג,10,15,0,6,,
2025073571,קלה,0,לא עירוני בצומת,0,עד 50,7 עד 10.5 מטר,אין ליקוי,בהיר,יבש,שישי,יום,ערב חג,4,17,0,2,,
2025073588,קלה,0,עירוני בצומת,1,לא ידוע,,לא ידוע,לא ידוע,לא ידוע,רביעי,יום,יום רגיל,8,11,9000,6,,
2025073605,קלה,0,לא עירוני בצומת,0,80,10.5 עד 14 מטר,אין ליקוי,בהיר,יבש,ראשון,יום,יום רגיל,3,14,0,6,,
2025073649,קלה,0,עירוני בצומת,1,עד 50,,אין ליקוי,בהיר,יבש,ראשון,יום,יום רגיל,2,11,5000,5,,
2025073683,קלה,0,עירוני לא בצומת,1,עד 50,7 עד 10.5 מטר,אין ליקוי,בהיר,רטוב ממים,ראשון,יום,יום רגיל,12,16,3616,7,,
2025073691,קלה,0,לא עירוני לא בצומת,0,90,7 עד 10.5 מטר,אין ליקוי,בהיר,יבש,שבת,לילה,יום רגיל,1,18,0,6,,
2025073694,קשה,0,עירוני לא בצומת,1,עד 50,5 עד 7 מטר,אין ליקוי,בהיר,יבש,חמישי,יום,יום רגיל,3,12,3000,1,,
2025073706,קטלנית,1,לא עירוני לא בצומת,0,80,7 עד 10.5 מטר,אין ליקוי,בהיר,יבש,רביעי,יום,יום רגיל,2,14,0,6,,
2025073737,קלה,0,עירוני לא בצומת,1,עד 50,7 עד 10.5 מטר,אין ליקוי,בהיר,יבש,שלישי,לילה,יום רגיל,5,21,6100,5,,
2025073762,קלה,0,עירוני בצומת,1,עד 50,7 עד 10.5 מטר,אין ליקוי,בהיר,יבש,שני,יום,יום רגיל,1,16,4000,3,,
2025073768,קשה,0,לא עירוני לא בצומת,0,90,5 עד 7 מטר,אין ליקוי,בהיר,יבש,שני,יום,יום רגיל,3,11,0,6,,
2025073789,קלה,0,לא עירוני לא בצומת,0,80,10.5 עד 14 מטר,אין ליקוי,בהיר,יבש,שבת,יום,יום רגיל,4,13,0,4,,
2025073825,קלה,0,עירוני בצומת,1,עד 50,5 עד 7 מטר,אין ליקוי,בהיר,יבש,שני,יום,חול המועד,4,14,2630,6,,
2025073859,קלה,0,עירוני בצומת,1,עד 50,10.5 עד 14 מטר,אין ליקוי,בהיר,יבש,חמישי,יום,יום רגיל,6,16,9000,6,,
2025073864,קשה,0,עירוני לא בצומת,1,לא ידוע,,לא ידוע,לא ידוע,לא ידוע,ראשון,יום,יום רגיל,2,6,9400,4,,
2025073897,קשה,0,עירוני בצומת,1,עד 50,5 עד 7 מטר,אין ליקוי,בהיר,יבש,שני,יום,יום רגיל,5,17,5000,5,,
2025073909,קשה,0,לא עירוני לא בצומת,0,לא ידוע,,לא ידוע,לא ידוע,לא ידוע,שלישי,יום,יום רגיל,4,17,0,4,,
2025073921,קלה,0,עירוני בצומת,1,90,יותר מ-14 מטר,לא ידוע,בהיר,יבש,שני,יום,יום רגיל,1,12,70,6,,
2025073927,קלה,0,עירוני לא בצומת,1,עד 50,5 עד 7 מטר,אין ליקוי,בהיר,יבש,שלישי,לילה,יום רגיל,8,22,3000,1,,
2025073933,קלה,0,עירוני בצומת,1,עד 50,,אין ליקוי,בהיר,יבש,ראשון,יום,יום רגיל,3,11,6600,5,,
2025074014,קלה,0,עירוני בצומת,1,עד 50,10.5 עד 14 מטר,אין ליקוי,בהיר,יבש,שלישי,יום,יום רגיל,8,10,70,6,,
2025074016,קלה,0,לא עירוני בצומת,0,עד 50,7 עד 10.5 מטר,אין ליקוי,בהיר,יבש,שבת,לילה,יום רגיל,6,23,0,4,,
2025074025,קשה,0,לא עירוני לא בצומת,0,לא ידוע,,לא ידוע,לא ידוע,לא ידוע,ראשון,יום,יום רגיל,5,16,0,4,,
2025074044,קלה,0,עירוני לא בצומת,1,עד 50,5 עד 7 מטר,אין ליקוי,בהיר,מרוח בחומר דלק,שלישי,יום,יום רגיל,8,16,4000,3,,
2025074054,קלה,0,לא עירוני בצומת,0,60,יותר מ-14 מטר,אין ליקוי,בהיר,יבש,ראשון,לילה,יום רגיל,2,0,0,3,,
2025074063,קשה,0,עירוני לא בצומת,1,לא ידוע,,לא ידוע,לא ידוע,לא ידוע,שלישי,יום,יום רגיל,2,13,4000,3,,
2025074083,קלה,0,עירוני לא בצומת,1,עד 50,5 עד 7 מטר,אין ליקוי,לא ידוע,רטוב ממים,רביעי,לילה,יום רגיל,1,2,3000,1,,
2025074088,קשה,0,עירוני לא בצומת,1,לא ידוע,,לא ידוע,לא ידוע,לא ידוע,רביעי,לילה,יום רגיל,12,20,5000,5,,
2025074116,קשה,0,עירוני בצומת,1,עד 50,5 עד 7 מטר,אין ליקוי,בהיר,יבש,שלישי,יום,יום רגיל,7,9,3000,1,,
2025074117,קלה,0,עירוני לא בצומת,1,עד 50,עד 5 מטר,אין ליקוי,בהיר,יבש,שני,יום,יום רגיל,10,16,7400,4,,
2025074128,קלה,0,עירוני בצומת,1,עד 50,עד 5 מטר,אין ליקוי,בהיר,יבש,ראשון,יום,יום רגיל,9,12,2640,4,,
2025074161,קשה,0,עירוני לא בצומת,1,לא ידוע,,לא ידוע,לא ידוע,לא ידוע,ראשון,יום,יום רגיל,6,14,3780,7,,
2025074167,קלה,0,עירוני בצומת,1,עד 50,5 עד 7 מטר,אין ליקוי,בהיר,יבש,שישי,יום,יום רגיל,11,12,6500,3,,
2025074176,קשה,0,לא עירוני לא בצומת,0,90,10.5 עד 14 מטר,אין ליקוי,בהיר,אחר,שני,לילה,יום רגיל,4,23,0,4,,
2025074200,קלה,0,עירוני בצומת,1,עד 50,5 עד 7 מטר,אין ליקוי,בהיר,יבש,חמישי,לילה,יום רגיל,5,5,5000,5,,
2025074211,קלה,0,עירוני לא בצומת,1,עד 50,7 עד 10.5 מטר,אין ליקוי,בהיר,יבש,שבת,לילה,יום רגיל,3,3,7900,4,,
2025074226,קלה,0,עירוני לא בצומת,1,עד 50,5 עד 7 מטר,אין ליקוי,בהיר,יבש,שני,יום,יום רגיל,8,11,2730,4,,
2025074247,קלה,0,עירוני לא בצומת,1,עד 50,5 עד 7 מטר,אין ליקוי,בהיר,יבש,שלישי,יום,יום רגיל,4,6,5000,5,,
2025074253,קלה,0,עירוני בצומת,1,עד 50,5 עד 7 מטר,אין ליקוי,בהיר,יבש,שבת,יום,יום רגיל,3,17,2500,3,,
2025074261,קשה,0,לא עירוני לא בצומת,0,90,,אין ליקוי,בהיר,יבש,רביעי,יום,יום רגיל,2,15,0,5,,
2025074268,קלה,0,לא עירוני בצומת,0,עד 50,10.5 עד 14 מטר,לא ידוע,לא ידוע,לא ידוע,חמישי,יום,יום רגיל,5,8,0,5,,
2025074271,קלה,0,עירוני בצומת,1,עד 50,7 עד 10.5 מטר,אין ליקוי,בהיר,רטוב ממים,שלישי,יום,יום רגיל,12,7,6600,5,,
2025074297,קלה,0,עירוני בצומת,1,עד 50,7 עד 10.5 מטר,אין ליקוי,בהיר,יבש,שני,יום,יום רגיל,6,7,4000,3,,
2025074304,קלה,0,לא עירוני בצומת,0,עד 50,5 עד 7 מטר,אין ליקוי,בהיר,יבש,שלישי,יום,יום רגיל,5,6,0,4,,
2025074325,קלה,0,לא עירוני לא בצומת,0,90,10.5 עד 14 מטר,אין ליקוי,בהיר,יבש,שישי,לילה,יום רגיל,5,23,0,2,,
2025074361,קלה,0,עירוני לא בצומת,1,עד 50,7 עד 10.5 מטר,אין ליקוי,בהיר,יבש,ראשון,יום,יום רגיל,11,15,5000,5,,
2025074387,קלה,0,עירוני בצומת,1,עד 50,,אין ליקוי,בהיר,יבש,שישי,לילה,יום רגיל,1,19,5000,5,,
2025074400,קטלנית,1,לא עירוני לא בצומת,0,100,7 עד 10.5 מטר,אין ליקוי,גשום,רטוב ממים,ראשון,לילה,יום רגיל,12,3,0,3,,
2025074425,קלה,0,עירוני בצומת,1,70,10.5 עד 14 מטר,אין ליקוי,בהיר,יבש,שלישי,לילה,יום רגיל,12,21,7100,6,,
2025074454,קטלנית,1,עירוני לא בצומת,1,עד 50,5 עד 7 מטר,לא ידוע,בהיר,יבש,שישי,לילה,יום רגיל,7,5,7900,4,,
2025074456,קשה,0,עירוני בצומת,1,לא ידוע,,לא ידוע,לא ידוע,לא ידוע,ראשון,לילה,יום רגיל,11,17,7900,4,,
2025074468,קשה,0,עירוני לא בצומת,1,לא ידוע,,לא ידוע,לא ידוע,לא ידוע,שלישי,לילה,יום רגיל,1,5,7300,2,,
2025074477,קלה,0,עירוני בצומת,1,עד 50,7 עד 10.5 מטר,אין ליקוי,גשום,יבש,רביעי,יום,יום רגיל,2,16,6500,3,,
2025074486,קלה,0,עירוני בצומת,1,עד 50,,אין ליקוי,בהיר,יבש,ראשון,לילה,יום רגיל,7,20,2400,5,,
2025074493,קלה,0,עירוני בצומת,1,לא ידוע,,לא ידוע,לא ידוע,לא ידוע,שישי,יום,חול המועד,10,9,9000,6,,
2025074497,קלה,0,עירוני בצומת,1,70,יותר מ-14 מטר,אין ליקוי,בהיר,יבש,שלישי,לילה,יום רגיל,7,4,9600,3,,
2025074516,קשה,0,עירוני לא בצומת,1,לא ידוע,,לא ידוע,לא ידוע,לא ידוע,רביעי,לילה,יום רגיל,2,17,6100,5,,
2025074521,קשה,0,לא עירוני לא בצומת,0,לא ידוע,,לא ידוע,לא ידוע,לא ידוע,שבת,יום,יום רגיל,2,16,0,1,,
2025074542,קלה,0,עירוני לא בצומת,1,עד 50,5 עד 7 מטר,אין ליקוי,בהיר,יבש,שבת,לילה,יום רגיל,5,21,4000,3,,
2025074556,קשה,0,עירוני לא בצומת,1,לא ידוע,5 עד 7 מטר,אין ליקוי,בהיר,יבש,שני,יום,יום רגיל,5,12,4000,3,,
2025074573,קשה,0,לא עירוני בצומת,0,עד 50,7 עד 10.5 מטר,אין ליקוי,בהיר,יבש,שני,לילה,יום רגיל,2,19,0,2,,
2025074596,קלה,0,עירוני בצומת,1,70,,אין ליקוי,בהיר,יבש,ראשון,יום,יום רגיל,5,13,9000,6,,
2025074597,קשה,0,עירוני לא בצומת,1,עד 50,5 עד 7 מטר,אין ליקוי,בהיר,יבש,שבת,יום,יום רגיל,4,18,480,2,,
2025074671,קלה,0,עירוני בצומת,1,עד 50,5 עד 7 מטר,אין ליקוי,בהיר,יבש,שני,יום,ערב חג,10,11,4000,3,,
2025074716,קלה,0,לא עירוני לא בצומת,0,80,,אין ליקוי,בהיר,יבש,רביעי,יום,יום רגיל,11,16,0,6,,
2025074729,קשה,0,לא עירוני לא בצומת,0,80,7 עד 10.5 מטר,אין ליקוי,בהיר,יבש,שישי,לילה,יום רגיל,5,19,0,2,,
2025074730,קלה,0,עירוני לא בצומת,1,עד 50,7 עד 10.5 מטר,אין ליקוי,בהיר,יבש,שני,יום,יום רגיל,4,8,6200,5,,
2025074733,קלה,0,עירוני לא בצומת,1,עד 50,5 עד 7 מטר,אין ליקוי,בהיר,יבש,ראשון,יום,יום רגיל,6,8,1139,2,,
2025074738,קלה,0,לא עירוני בצומת,0,90,7 עד 10.5 מטר,אין ליקוי,בהיר,יבש,שני,יום,יום רגיל,5,18,0,3,,
2025074752,קלה,0,עירוני בצומת,1,עד 50,,אין ליקוי,בהיר,יבש,שני,יום,יום רגיל,5,14,5000,5,,
2025074770,קלה,0,לא עירוני לא בצומת,0,60,10.5 עד 14 מטר,אין ליקוי,בהיר,יבש,ראשון,לילה,יום רגיל,8,22,0,1,,
2025074781,קלה,0,עירוני בצומת,1,עד 50,יותר מ-14 מטר,אין ליקוי,גשום,יבש,רביעי,לילה,יום רגיל,2,17,9600,3,,
2025074785,קלה,0,עירוני לא בצומת,1,עד 50,7 עד 10.5 מטר,אין ליקוי,בהיר,יבש,שבת,לילה,יום רגיל,4,20,6200,5,,
2025074797,קלה,0,עירוני בצומת,1,עד 50,,אין ליקוי,בהיר,יבש,ראשון,יום,יום רגיל,3,16,2640,4,,
2025074806,קלה,0,עירוני לא בצומת,1,עד 50,7 עד 10.5 מטר,אין ליקוי,לא ידוע,לא ידוע,ראשון,לילה,יום רגיל,10,18,1034,6,,
2025074810,קלה,0,עירוני לא בצומת,1,עד 50,,אין ליקוי,בהיר,יבש,חמישי,יום,יום רגיל,9,17,5000,5,,
2025074818,קשה,0,לא עירוני לא בצומת,0,70,5 עד 7 מטר,אין ליקוי,בהיר,יבש,חמישי,לילה,יום רגיל,8,22,0,3,,
2025074823,קלה,0,עירוני בצומת,1,עד 50,5 עד 7 מטר,אין ליקוי,בהיר,יבש,שני,יום,יום רגיל,9,9,6200,5,,
2025074833,קטלנית,1,עירוני לא בצומת,1,עד 50,5 עד 7 מטר,אין ליקוי,לא ידוע,יבש,שלישי,יום,יום רגיל,2,10,5000,5,,
2025074835,קשה,0,לא עירוני לא בצומת,0,70,7 עד 10.5 מטר,אין ליקוי,גשום,רטוב ממים,חמישי,לילה,יום רגיל,3,22,0,7,,
2025074850,קלה,0,עירוני בצומת,1,עד 50,5 עד 7 מטר,אין ליקוי,בהיר,יבש,רביעי,יום,יום רגיל,1,16,5000,5,,
2025074851,קלה,0,עירוני בצומת,1,עד 50,5 עד 7 מטר,אין ליקוי,בהיר,יבש,שלישי,יום,יום רגיל,1,11,166,4,,
2025074876,קלה,0,עירוני בצומת,1,עד 50,עד 5 מטר,אין ליקוי,בהיר,יבש,שני,לילה,יום רגיל,11,18,6200,5,,
2025074885,קלה,0,עירוני בצומת,1,עד 50,7 עד 10.5 מטר,אין ליקוי,בהיר,יבש,שלישי,יום,יום רגיל,3,9,6100,5,,
2025074900,קשה,0,לא עירוני לא בצומת,0,לא ידוע,,לא ידוע,לא ידוע,לא ידוע,שני,יום,יום רגיל,12,9,0,5,,
2025074904,קלה,0,עירוני בצומת,1,עד 50,7 עד 10.5 מטר,אין ליקוי,בהיר,יבש,שישי,יום,יום רגיל,3,15,7900,4,,
2025074922,קלה,0,עירוני לא בצומת,1,לא ידוע,עד 5 מטר,אין ליקוי,בהיר,יבש,שישי,יום,יום רגיל,5,19,3616,7,,
2025074925,קלה,0,עירוני בצומת,1,עד 50,5 עד 7 מטר,אין ליקוי,בהיר,יבש,שלישי,יום,יום רגיל,12,15,7400,4,,
2025074929,קלה,0,לא עירוני בצומת,0,90,10.5 עד 14 מטר,אין ליקוי,בהיר,יבש,שלישי,יום,יום רגיל,7,10,0,4,,
2025074940,קשה,0,לא עירוני בצומת,0,90,7 עד 10.5 מטר,אין ליקוי,בהיר,יבש,שישי,יום,יום רגיל,11,9,0,6,,
2025074944,קשה,0,לא עירוני לא בצומת,0,80,10.5 עד 14 מטר,אין ליקוי,שרבי,יבש,שלישי,יום,יום רגיל,12,12,0,7,,
2025074947,קלה,0,עירוני בצומת,1,עד 50,5 עד 7 מטר,אין ליקוי,בהיר,יבש,רביעי,לילה,יום רגיל,10,23,4000,3,,
2025074950,קלה,0,לא עירוני בצומת,0,90,יותר מ-14 מטר,אין ליקוי,לא ידוע,יבש,ראשון,יום,יום רגיל,11,11,0,2,,
2025074959,קלה,0,עירוני לא בצומת,1,עד 50,5 עד 7 מטר,אין ליקוי,בהיר,יבש,חמישי,יום,יום רגיל,5,11,7400,4,,
2025074969,קלה,0,לא עירוני בצומת,0,70,,אין ליקוי,בהיר,יבש,שבת,לילה,יום רגיל,7,21,0,4,,
2025074980,קלה,0,לא עירוני בצומת,0,עד 50,7 עד 10.5 מטר,אין ליקוי,גשום,רטוב ממים,שבת,לילה,יום רגיל,12,18,0,2,,
2025074994,קלה,0,לא עירוני לא בצומת,0,לא ידוע,,לא ידוע,לא ידוע,לא ידוע,חמישי,לילה,יום רגיל,9,20,0,7,,
2025075005,קשה,0,עירוני לא בצומת,1,עד 50,7 עד 10.5 מטר,אין ליקוי,בהיר,יבש,שישי,לילה,יום רגיל,4,1,4000,3,,
2025075009,קלה,0,לא עירוני בצומת,0,90,7 עד 10.5 מטר,אין ליקוי,גשום,רטוב ממים,חמישי,יום,יום רגיל,12,10,0,3,,
2025075031,קלה,0,לא עירוני לא בצומת,0,עד 50,7 עד 10.5 מטר,אין ליקוי,בהיר,יבש,שני,לילה,יום רגיל,2,19,0,4,,
2025075054,קלה,0,לא עירוני לא בצומת,0,עד 50,5 עד 7 מטר,אין ליקוי,בהיר,יבש,ראשון,יום,יום רגיל,6,17,0,2,,
2025075066,קשה,0,לא עירוני לא בצומת,0,לא ידוע,,לא ידוע,לא ידוע,לא ידוע,ראשון,יום,יום רגיל,6,14,0,4,,
2025075082,קלה,0,לא עירוני בצומת,0,90,,אין ליקוי,בהיר,יבש,ראשון,לילה,יום רגיל,6,21,0,3,,
2025075091,קשה,0,עירוני לא בצומת,1,עד 50,5 עד 7 מטר,אין ליקוי,בהיר,יבש,חמישי,לילה,יום רגיל,12,17,4000,3,,
2025075118,קלה,0,עירוני לא בצומת,1,עד 50,7 עד 10.5 מטר,אין ליקוי,בהיר,יבש,חמישי,לילה,יום רגיל,6,1,6900,4,,
2025075122,קשה,0,לא עירוני בצומת,0,לא ידוע,,לא ידוע,לא ידוע,לא ידוע,שלישי,לילה,יום רגיל,1,19,0,1,,
2025075127,קלה,0,לא עירוני לא בצומת,0,90,יותר מ-14 מטר,אין ליקוי,בהיר,יבש,ראשון,יום,יום רגיל,3,7,0,5,,
2025075133,קלה,0,לא עירוני לא בצומת,0,עד 50,7 עד 10.5 מטר,אין ליקוי,בהיר,יבש,רביעי,לילה,יום רגיל,3,18,0,2,,
2025075142,קשה,0,עירוני בצומת,1,60,10.5 עד 14 מטר,אין ליקוי,בהיר,יבש,רביעי,לילה,יום רגיל,11,21,9000,6,,
2025075159,קלה,0,עירוני לא בצומת,1,עד 50,5 עד 7 מטר,אין ליקוי,בהיר,יבש,רביעי,יום,יום רגיל,4,7,8700,4,,
2025075170,קלה,0,עירוני בצומת,1,עד 50,5 עד 7 מטר,אין ליקוי,בהיר,יבש,שלישי,יום,יום רגיל,12,12,7900,4,,
2025075192,קלה,0,עירוני לא בצומת,1,עד 50,5 עד 7 מטר,אין ליקוי,שרבי,יבש,שלישי,יום,יום רגיל,7,13,3797,7,,
2025075220,קלה,0,לא עירוני לא בצומת,0,80,7 עד 10.5 מטר,אין ליקוי,גשום,רטוב ממים,חמישי,לילה,יום רגיל,1,5,0,7,,
2025075223,קלה,0,עירוני לא בצומת,1,לא ידוע,,לא ידוע,לא ידוע,לא ידוע,רביעי,יום,יום רגיל,11,16,2530,4,,
2025075225,קלה,0,עירוני בצומת,1,עד 50,5 עד 7 מטר,אין ליקוי,בהיר,יבש,שלישי,לילה,יום רגיל,7,22,3616,7,,
2025075230,קלה,0,עירוני בצומת,1,עד 50,7 עד 10.5 מטר,אין ליקוי,בהיר,יבש,שני,יום,יום רגיל,11,12,5000,5,,
2025075233,קלה,0,עירוני לא בצומת,1,עד 50,עד 5 מטר,אין ליקוי,ערפילי,יבש,שבת,לילה,יום רגיל,3,4,5000,5,,
2025075244,קשה,0,לא עירוני לא בצומת,0,לא ידוע,,לא ידוע,לא ידוע,לא ידוע,שלישי,יום,יום רגיל,12,9,0,3,,
2025075255,קלה,0,לא עירוני בצומת,0,80,7 עד 10.5 מטר,אין ליקוי,בהיר,יבש,ראשון,יום,יום רגיל,1,11,0,7,,
2025075273,קשה,0,עירוני לא בצומת,1,עד 50,עד 5 מטר,אין ליקוי,בהיר,יבש,ראשון,לילה,יום רגיל,2,23,9700,4,,
2025075301,קטלנית,1,לא עירוני לא בצומת,0,עד 50,7 עד 10.5 מטר,אין ליקוי,בהיר,יבש,שלישי,יום,חול המועד,4,17,0,2,,
2025075343,קשה,0,עירוני לא בצומת,1,לא ידוע,,לא ידוע,לא ידוע,לא ידוע,ראשון,לילה,יום רגיל,9,0,1192,6,,
2025075390,קלה,0,עירוני לא בצומת,1,לא ידוע,,לא ידוע,לא ידוע,לא ידוע,שני,לילה,יום רגיל,1,21,6600,5,,
2025075406,קשה,0,עירוני לא בצומת,1,לא ידוע,,לא ידוע,לא ידוע,לא ידוע,שלישי,יום,יום רגיל,10,14,5000,5,,
2025075410,קשה,0,לא עירוני לא בצומת,0,לא ידוע,,לא ידוע,לא ידוע,לא ידוע,חמישי,לילה,חג,5,0,0,4,,
2025075414,קלה,0,עירוני לא בצומת,1,עד 50,עד 5 מטר,כביש משובש,בהיר,יבש,רביעי,יום,יום רגיל,5,14,3000,1,,
2025075423,קלה,0,עירוני לא בצומת,1,עד 50,5 עד 7 מטר,אין ליקוי,בהיר,יבש,רביעי,לילה,יום רגיל,3,18,6500,3,,
2025075433,קלה,0,לא עירוני בצומת,0,עד 50,,אין ליקוי,בהיר,יבש,ראשון,יום,יום רגיל,6,7,0,5,,
2025075444,קלה,0,עירוני בצומת,1,עד 50,יותר מ-14 מטר,אין ליקוי,בהיר,יבש,שישי,יום,יום רגיל,2,16,70,6,,
2025075445,קלה,0,לא עירוני לא בצומת,0,60,7 עד 10.5 מטר,אין ליקוי,בהיר,יבש,שישי,לילה,יום רגיל,2,18,0,4,,
2025075452,קלה,0,עירוני בצומת,1,עד 50,10.5 עד 14 מטר,אין ליקוי,בהיר,יבש,חמישי,לילה,יום רגיל,11,17,7400,4,,
2025075467,קלה,0,עירוני בצומת,1,עד 50,,אין ליקוי,אחר,יבש,שבת,יום,יום רגיל,2,8,8500,4,,
2025075488,קלה,0,לא עירוני לא בצומת,0,80,5 עד 7 מטר,אין ליקוי,שרבי,יבש,רביעי,יום,יום רגיל,7,8,0,7,,
2025075491,קשה,0,עירוני לא בצומת,1,עד 50,7 עד 10.5 מטר,אין ליקוי,בהיר,יבש,רביעי,יום,ערב חג,10,17,7900,4,,
2025075498,קשה,0,לא עירוני לא בצומת,0,90,7 עד 10.5 מטר,אין ליקוי,בהיר,יבש,שני,לילה,יום רגיל,1,6,0,6,,
2025075505,קטלנית,1,לא עירוני לא בצומת,0,70,7 עד 10.5 מטר,אין ליקוי,בהיר,יבש,שישי,לילה,יום רגיל,9,2,0,4,,
2025075519,קלה,0,עירוני לא בצומת,1,עד 50,7 עד 10.5 מטר,אין ליקוי,בהיר,יבש,שישי,יום,יום רגיל,7,16,4000,3,,
2025075532,קלה,0,עירוני לא בצומת,1,לא ידוע,,לא ידוע,לא ידוע,לא ידוע,שישי,יום,יום רגיל,7,6,5000,5,,
2025075536,קשה,0,עירוני בצומת,1,לא ידוע,,לא ידוע,לא ידוע,לא ידוע,רביעי,יום,יום רגיל,2,10,5000,5,,
2025075547,קשה,0,עירוני בצומת,1,עד 50,7 עד 10.5 מטר,אין ליקוי,גשום,רטוב ממים,רביעי,לילה,יום רגיל,2,20,4000,3,,
2025075560,קשה,0,עירוני לא בצומת,1,עד 50,5 עד 7 מטר,אין ליקוי,בהיר,יבש,ראשון,יום,יום רגיל,9,8,4000,3,,
2025075566,קלה,0,לא עירוני בצומת,0,80,10.5 עד 14 מטר,אין ליקוי,אחר,יבש,חמישי,יום,יום רגיל,1,13,0,2,,
2025075572,קשה,0,עירוני בצומת,1,עד 50,7 עד 10.5 מטר,אין ליקוי,בהיר,יבש,שישי,יום,יום רגיל,5,14,9000,6,,
2025075587,קלה,0,לא עירוני לא בצומת,0,80,7 עד 10.5 מטר,אין ליקוי,בהיר,יבש,ראשון,יום,יום רגיל,9,10,0,2,,
2025075593,קשה,0,לא עירוני לא בצומת,0,90,7 עד 10.5 מטר,אין ליקוי,בהיר,יבש,שני,יום,יום רגיל,1,9,0,4,,
2025075636,קשה,0,לא עירוני לא בצומת,0,70,7 עד 10.5 מטר,כביש משובש,בהיר,אחר,רביעי,יום,יום רגיל,8,18,0,4,,
2025075661,קטלנית,1,לא עירוני לא בצומת,0,80,7 עד 10.5 מטר,אין ליקוי,בהיר,יבש,שישי,לילה,יום רגיל,12,0,0,2,,
2025075664,קלה,0,עירוני בצומת,1,עד 50,7 עד 10.5 מטר,אין ליקוי,בהיר,יבש,חמישי,לילה,יום רגיל,1,17,70,6,,
2025075666,קלה,0,עירוני בצומת,1,עד 50,,אין ליקוי,בהיר,יבש,ראשון,יום,יום רגיל,9,15,7400,4,,
2025075683,קטלנית,1,עירוני לא בצומת,1,עד 50,7 עד 10.5 מטר,אין ליקוי,בהיר,יבש,ראשון,לילה,יום רגיל,8,20,70,6,,
2025075704,קלה,0,עירוני בצומת,1,עד 50,5 עד 7 מטר,אין ליקוי,גשום,רטוב ממים,רביעי,יום,יום רגיל,2,12,7400,4,,
2025075715,קלה,0,עירוני בצומת,1,עד 50,7 עד 10.5 מטר,אין ליקוי,גשום,רטוב ממים,שישי,יום,יום רגיל,12,16,6900,4,,
2025075732,קלה,0,עירוני לא בצומת,1,לא ידוע,10.5 עד 14 מטר,אין ליקוי,בהיר,יבש,שני,יום,יום רגיל,9,17,70,6,,
2025075734,קשה,0,לא עירוני לא בצומת,0,עד 50,,אין ליקוי,בהיר,לא ידוע,שלישי,לילה,יום רגיל,5,3,0,9,,
2025075746,קשה,0,עירוני לא בצומת,1,לא ידוע,,לא ידוע,לא ידוע,לא ידוע,שני,לילה,יום רגיל,2,22,1200,4,,
2025075749,קלה,0,עירוני לא בצומת,1,עד 50,7 עד 10.5 מטר,אין ליקוי,בהיר,יבש,ראשון,לילה,יום רגיל,4,21,4000,3,,
2025075784,קשה,0,עירוני לא בצומת,1,לא ידוע,,לא ידוע,לא ידוע,לא ידוע,ראשון,יום,יום רגיל,6,19,3000,1,,
2025075794,קלה,0,עירוני לא בצומת,1,עד 50,7 עד 10.5 מטר,אין ליקוי,בהיר,יבש,שני,יום,יום רגיל,7,16,6300,5,,
2025075798,קלה,0,עירוני לא בצומת,1,עד 50,,אין ליקוי,בהיר,יבש,חמישי,יום,יום רגיל,5,12,718,4,,
2025075804,קטלנית,1,עירוני לא בצומת,1,עד 50,5 עד 7 מטר,אין ליקוי,בהיר,יבש,שלישי,יום,יום רגיל,3,9,2630,6,,
2025075807,קשה,0,עירוני לא בצומת,1,לא ידוע,,לא ידוע,לא ידוע,לא ידוע,ראשון,יום,יום רגיל,3,9,3000,1,,
2025075808,קלה,0,לא עירוני בצומת,0,80,7 עד 10.5 מטר,אין ליקוי,בהיר,יבש,ראשון,יום,יום רגיל,5,16,0,2,,
2025075826,קטלנית,1,עירוני בצומת,1,עד 50,7 עד 10.5 מטר,אין ליקוי,בהיר,יבש,חמישי,יום,יום רגיל,7,9,7400,4,,
2025075849,קלה,0,עירוני בצומת,1,עד 50,10.5 עד 14 מטר,אין ליקוי,בהיר,יבש,ראשון,יום,יום רגיל,7,7,7900,4,,
2025075859,קלה,0,עירוני לא בצומת,1,עד 50,5 עד 7 מטר,אין ליקוי,בהיר,יבש,רביעי,יום,יום רגיל,5,11,3000,1,,
2025075869,קשה,0,עירוני לא בצומת,1,עד 50,5 עד 7 מטר,אין ליקוי,בהיר,יבש,רביעי,יום,יום רגיל,7,13,4000,3,,
2025075877,קלה,0,עירוני בצומת,1,עד 50,5 עד 7 מטר,אין ליקוי,בהיר,יבש,רביעי,יום,יום רגיל,11,8,8400,4,,
2025075878,קשה,0,לא עירוני לא בצומת,0,90,10.5 עד 14 מטר,אין ליקוי,לא ידוע,יבש,רביעי,יום,יום רגיל,1,11,0,1,,
2025075904,קלה,0,לא עירוני לא בצומת,0,80,10.5 עד 14 מטר,אין ליקוי,בהיר,יבש,שישי,יום,יום רגיל,8,8,0,3,,
2025075916,קשה,0,עירוני לא בצומת,1,לא ידוע,,לא ידוע,לא ידוע,לא ידוע,שישי,יום,ערב חג,4,16,7100,6,,
2025075917,קלה,0,לא עירוני לא בצומת,0,60,10.5 עד 14 מטר,אין ליקוי,בהיר,יבש,רביעי,לילה,יום רגיל,11,23,0,2,,
2025075931,קלה,0,לא עירוני בצומת,0,90,7 עד 10.5 מטר,אין ליקוי,בהיר,יבש,שישי,יום,יום רגיל,3,9,0,4,,
2025075935,קלה,0,עירוני בצומת,1,עד 50,7 עד 10.5 מטר,אין ליקוי,בהיר,יבש,רביעי,יום,יום רגיל,5,19,8200,3,,
2025075946,קשה,0,עירוני לא בצומת,1,עד 50,7 עד 10.5 מטר,אין ליקוי,אחר,יבש,שישי,יום,יום רגיל,1,12,7700,2,,
2025075948,קשה,0,עירוני לא בצומת,1,עד 50,7 עד 10.5 מטר,אין ליקוי,בהיר,יבש,שישי,יום,יום רגיל,4,12,7600,2,,
2025075952,קלה,0,עירוני בצומת,1,עד 50,7 עד 10.5 מטר,אין ליקוי,בהיר,יבש,שלישי,יום,יום רגיל,2,8,3000,1,,
2025075962,קשה,0,עירוני בצומת,1,עד 50,7 עד 10.5 מטר,אין ליקוי,בהיר,יבש,רביעי,יום,יום רגיל,9,9,7400,4,,
2025075967,קלה,0,עירוני בצומת,1,70,7 עד 10.5 מטר,אין ליקוי,בהיר,יבש,חמישי,לילה,יום רגיל,4,20,70,6,,
2025075986,קשה,0,לא עירוני לא בצומת,0,לא ידוע,,לא ידוע,לא ידוע,לא ידוע,ראשון,יום,יום רגיל,4,9,0,5,,
2025076000,קלה,0,עירוני בצומת,1,עד 50,5 עד 7 מטר,אין ליקוי,בהיר,יבש,ראשון,יום,יום רגיל,8,8,6600,5,,
2025076002,קשה,0,לא עירוני לא בצומת,0,80,7 עד 10.5 מטר,אין ליקוי,בהיר,יבש,שבת,לילה,יום רגיל,4,22,0,2,,
2025076014,קלה,0,עירוני בצומת,1,עד 50,7 עד 10.5 מטר,אין ליקוי,בהיר,יבש,שני,יום,יום רגיל,3,17,9000,6,,
2025076037,קלה,0,לא עירוני לא בצומת,0,עד 50,7 עד 10.5 מטר,אין ליקוי,בהיר,יבש,חמישי,יום,יום רגיל,7,11,0,7,,
2025076062,קשה,0,לא עירוני לא בצומת,0,לא ידוע,,לא ידוע,לא ידוע,לא ידוע,שישי,לילה,יום רגיל,6,22,0,3,,
2025076067,קשה,0,עירוני לא בצומת,1,לא ידוע,,לא ידוע,לא ידוע,לא ידוע,שבת,יום,יום רגיל,10,9,1161,6,,
2025076094,קשה,0,עירוני לא בצומת,1,לא ידוע,,לא ידוע,לא ידוע,לא ידוע,רביעי,יום,יום רגיל,1,14,633,4,,
2025076110,קלה,0,לא עירוני בצומת,0,80,5 עד 7 מטר,אין ליקוי,בהיר,יבש,שישי,לילה,חג,3,20,0,4,,
2025076133,קלה,0,עירוני לא בצומת,1,עד 50,5 עד 7 מטר,אין ליקוי,גשום,רטוב ממים,שבת,לילה,יום רגיל,2,22,8200,3,,
2025076139,קשה,0,לא עירוני לא בצומת,0,80,10.5 עד 14 מטר,אין ליקוי,בהיר,יבש,שני,יום,יום רגיל,9,14,0,4,,
2025076158,קלה,0,עירוני לא בצומת,1,עד 50,7 עד 10.5 מטר,אין ליקוי,בהיר,יבש,שישי,יום,יום רגיל,11,13,2800,2,,
2025076185,קשה,0,לא עירוני לא בצומת,0,לא ידוע,,לא ידוע,לא ידוע,לא ידוע,ראשון,לילה,יום רגיל,3,6,0,6,,
2025076188,קשה,0,עירוני לא בצומת,1,לא ידוע,,לא ידוע,לא ידוע,לא ידוע,חמישי,יום,יום רגיל,6,11,2730,4,,
2025076212,קלה,0,עירוני לא בצומת,1,60,עד 5 מטר,אין ליקוי,בהיר,יבש,חמישי,יום,יום רגיל,2,16,666,6,,
2025076223,קלה,0,לא עירוני לא בצומת,0,80,5 עד 7 מטר,אין ליקוי,בהיר,יבש,שני,יום,יום רגיל,5,7,0,2,,
2025076236,קשה,0,עירוני לא בצומת,1,עד 50,10.5 עד 14 מטר,אין ליקוי,בהיר,יבש,חמישי,יום,יום רגיל,11,8,168,4,,
2025076264,קלה,0,לא עירוני לא בצומת,0,70,10.5 עד 14 מטר,אין ליקוי,בהיר,יבש,שני,לילה,יום רגיל,2,22,0,2,,
2025076276,קשה,0,עירוני בצומת,1,עד 50,5 עד 7 מטר,אין ליקוי,בהיר,יבש,שני,לילה,יום רגיל,11,18,6900,4,,
2025076288,קטלנית,1,לא עירוני לא בצומת,0,עד 50,5 עד 7 מטר,כביש משובש,בהיר,יבש,שלישי,יום,יום רגיל,11,15,0,7,,
2025076298,קלה,0,עירוני בצומת,1,80,עד 5 מטר,אין ליקוי,בהיר,יבש,רביעי,יום,יום רגיל,1,10,5000,5,,
2025076300,קשה,0,עירוני לא בצומת,1,לא ידוע,,לא ידוע,לא ידוע,לא ידוע,חמישי,יום,יום רגיל,4,7,3000,1,,
2025076306,קשה,0,עירוני לא בצומת,1,עד 50,7 עד 10.5 מטר,אין ליקוי,בהיר,יבש,חמישי,לילה,יום רגיל,12,23,2620,5,,
2025076336,קלה,0,עירוני בצומת,1,עד 50,5 עד 7 מטר,אין ליקוי,בהיר,יבש,ראשון,יום,יום רגיל,3,14,9000,6,,
2025076337,קשה,0,עירוני לא בצומת,1,לא ידוע,,לא ידוע,לא ידוע,לא ידוע,ראשון,לילה,יום רגיל,9,20,5000,5,,
2025076341,קלה,0,עירוני בצומת,1,60,7 עד 10.5 מטר,אין ליקוי,בהיר,יבש,שבת,לילה,יום רגיל,10,19,7700,2,,
2025076355,קלה,0,עירוני לא בצומת,1,עד 50,10.5 עד 14 מטר,אין ליקוי,בהיר,יבש,שלישי,לילה,יום רגיל,10,19,4000,3,,
2025076381,קטלנית,1,לא עירוני לא בצומת,0,110,7 עד 10.5 מטר,אין ליקוי,לא ידוע,יבש,ראשון,יום,יום רגיל,2,13,0,6,,
2025076392,קשה,0,עירוני לא בצומת,1,לא ידוע,,לא ידוע,לא ידוע,לא ידוע,שישי,יום,יום רגיל,7,13,742,1,,
2025076401,קשה,0,לא עירוני בצומת,0,לא ידוע,,לא ידוע,לא ידוע,לא ידוע,שבת,יום,ערב חג,4,11,0,4,,
2025076420,קשה,0,עירוני בצומת,1,לא ידוע,,לא ידוע,לא ידוע,לא ידוע,שלישי,יום,יום רגיל,8,14,1309,4,,
2025076449,קשה,0,עירוני לא בצומת,1,לא ידוע,,לא ידוע,לא ידוע,לא ידוע,רביעי,יום,יום רגיל,4,7,2660,4,,
2025076458,קשה,0,עירוני בצומת,1,עד 50,5 עד 7 מטר,אין ליקוי,בהיר,יבש,שני,לילה,יום רגיל,7,20,6600,5,,
2025076481,קלה,0,עירוני בצומת,1,עד 50,5 עד 7 מטר,אין ליקוי,בהיר,יבש,שני,יום,יום רגיל,9,7,70,6,,
2025076491,קלה,0,עירוני לא בצומת,1,לא ידוע,,לא ידוע,לא ידוע,לא ידוע,חמישי,יום,יום רגיל,8,13,7400,4,,
2025076504,קלה,0,לא עירוני בצומת,0,70,10.5 עד 14 מטר,אין ליקוי,בהיר,יבש,ראשון,יום,יום רגיל,8,13,0,3,,
2025076507,קלה,0,לא עירוני לא בצומת,0,80,7 עד 10.5 מטר,אין ליקוי,גשום,רטוב ממים,שישי,לילה,יום רגיל,3,21,0,4,,
2025076510,קשה,0,עירוני לא בצומת,1,לא ידוע,,לא ידוע,לא ידוע,לא ידוע,חמישי,לילה,יום רגיל,12,17,6700,2,,
2025076544,קשה,0,עירוני בצומת,1,70,10.5 עד 14 מטר,אין ליקוי,בהיר,יבש,ראשון,לילה,יום רגיל,2,17,7100,6,,
2025076555,קלה,0,עירוני בצומת,1,עד 50,7 עד 10.5 מטר,אין ליקוי,בהיר,יבש,רביעי,לילה,יום רגיל,12,17,9700,4,,
2025076562,קלה,0,לא עירוני בצומת,0,90,7 עד 10.5 מטר,אין ליקוי,בהיר,יבש,חמישי,לילה,יום רגיל,8,21,0,3,,
2025076565,קטלנית,1,לא עירוני לא בצומת,0,110,יותר מ-14 מטר,אין ליקוי,בהיר,יבש,שני,יום,יום רגיל,1,12,0,3,,
2025076566,קלה,0,לא עירוני לא בצומת,0,90,7 עד 10.5 מטר,אין ליקוי,בהיר,יבש,שישי,יום,ערב חג,4,18,0,2,,
2025076569,קלה,0,לא עירוני בצומת,0,70,5 עד 7 מטר,אין ליקוי,בהיר,יבש,שישי,יום,יום רגיל,5,14,0,7,,
2025076575,קלה,0,לא עירוני בצומת,0,70,יותר מ-14 מטר,אין ליקוי,בהיר,יבש,חמישי,יום,יום רגיל,8,18,0,3,,
2025076590,קשה,0,עירוני לא בצומת,1,לא ידוע,,לא ידוע,לא ידוע,לא ידוע,רביעי,יום,יום רגיל,7,12,5000,5,,
2025076594,קלה,0,עירוני בצומת,1,עד 50,7 עד 10.5 מטר,אין ליקוי,בהיר,יבש,חמישי,יום,יום רגיל,5,12,6600,5,,
2025076595,קשה,0,עירוני לא בצומת,1,עד 50,5 עד 7 מטר,אין ליקוי,בהיר,יבש,שלישי,לילה,יום רגיל,11,17,8300,4,,
2025076609,קלה,0,עירוני בצומת,1,עד 50,5 עד 7 מטר,אין ליקוי,בהיר,יבש,שני,יום,יום רגיל,5,17,3000,1,,
2025076624,קלה,0,עירוני לא בצומת,1,עד 50,7 עד 10.5 מטר,אין ליקוי,בהיר,יבש,חמישי,יום,יום רגיל,7,15,8300,4,,
2025076663,קלה,0,עירוני בצומת,1,עד 50,7 עד 10.5 מטר,אין ליקוי,בהיר,יבש,שבת,יום,יום רגיל,5,18,8700,4,,
2025076666,קשה,0,לא עירוני בצומת,0,90,10.5 עד 14 מטר,אין ליקוי,בהיר,יבש,שבת,לילה,יום רגיל,1,17,0,4,,
2025076675,קלה,0,עירוני לא בצומת,1,עד 50,5 עד 7 מטר,אין ליקוי,בהיר,יבש,שני,לילה,יום רגיל,5,2,5000,5,,
2025076680,קלה,0,עירוני בצומת,1,עד 50,7 עד 10.5 מטר,אין ליקוי,בהיר,יבש,ראשון,יום,יום רגיל,7,12,5000,5,,
2025076702,קלה,0,עירוני בצומת,1,עד 50,5 עד 7 מטר,אין ליקוי,בהיר,יבש,שני,לילה,יום רגיל,5,20,4000,3,,
2025076714,קלה,0,עירוני לא בצומת,1,עד 50,5 עד 7 מטר,אין ליקוי,בהיר,יבש,שבת,יום,יום רגיל,4,15,8400,4,,
2025076720,קשה,0,עירוני לא בצומת,1,לא ידוע,,לא ידוע,לא ידוע,לא ידוע,שבת,יום,יום רגיל,10,18,993,2,,
2025076721,קלה,0,עירוני בצומת,1,עד 50,,לא ידוע,בהיר,יבש,רביעי,יום,יום רגיל,5,9,6200,5,,
2025076731,קלה,0,לא עירוני לא בצומת,0,עד 50,5 עד 7 מטר,אין ליקוי,בהיר,יבש,שלישי,יום,יום רגיל,7,8,0,7,,
2025076732,קלה,0,לא עירוני בצומת,0,70,10.5 עד 14 מטר,אין ליקוי,בהיר,יבש,ראשון,יום,יום רגיל,3,7,0,4,,
2025076749,קטלנית,1,לא עירוני לא בצומת,0,80,10.5 עד 14 מטר,אין ליקוי,בהיר,יבש,שלישי,יום,יום רגיל,9,17,0,1,,
2025076754,קלה,0,עירוני בצומת,1,עד 50,5 עד 7 מטר,אין ליקוי,בהיר,יבש,שבת,לילה,יום רגיל,10,21,9000,6,,
2025076756,קלה,0,עירוני לא בצומת,1,לא ידוע,,לא ידוע,לא ידוע,לא ידוע,ראשון,יום,יום רגיל,9,16,5000,5,,
2025076789,קלה,0,עירוני לא בצומת,1,100,10.5 עד 14 מטר,אין ליקוי,לא ידוע,יבש,חמישי,יום,יום רגיל,7,17,3000,1,,
2025076810,קשה,0,לא עירוני לא בצומת,0,70,10.5 עד 14 מטר,אין ליקוי,בהיר,יבש,שבת,יום,יום רגיל,11,9,0,1,,
2025076811,קלה,0,עירוני לא בצומת,1,70,5 עד 7 מטר,אין ליקוי,בהיר,יבש,שישי,יום,יום רגיל,2,8,5000,5,,
2025076824,קלה,0,עירוני לא בצומת,1,עד 50,10.5 עד 14 מטר,אין ליקוי,גשום,רטוב ממים,שישי,לילה,יום רגיל,4,21,2620,5,,
2025076828,קלה,0,לא עירוני בצומת,0,לא ידוע,,לא ידוע,לא ידוע,לא ידוע,שני,לילה,יום רגיל,11,20,0,6,,
2025076843,קלה,0,עירוני בצומת,1,עד 50,5 עד 7 מטר,אין ליקוי,בהיר,יבש,חמישי,יום,יום רגיל,9,11,9000,6,,
2025076846,קשה,0,עירוני לא בצומת,1,לא ידוע,,לא ידוע,לא ידוע,לא ידוע,חמישי,יום,יום רגיל,12,15,3000,1,,
2025076853,קשה,0,עירוני לא בצומת,1,לא ידוע,,לא ידוע,לא ידוע,לא ידוע,חמישי,לילה,יום רגיל,11,17,9100,2,,
2025076854,קטלנית,1,עירוני בצומת,1,עד 50,7 עד 10.5 מטר,אין ליקוי,בהיר,יבש,שני,יום,יום רגיל,7,17,8600,5,,
2025076856,קשה,0,לא עירוני לא בצומת,0,90,יותר מ-14 מטר,אין ליקוי,בהיר,יבש,רביעי,יום,יום רגיל,7,17,0,2,,
2025076877,קלה,0,עירוני בצומת,1,עד 50,5 עד 7 מטר,אין ליקוי,בהיר,יבש,שלישי,יום,יום רגיל,7,11,70,6,,
2025076878,קטלנית,1,לא עירוני לא בצומת,0,90,7 עד 10.5 מטר,אין ליקוי,בהיר,יבש,שני,יום,יום רגיל,11,9,0,2,,
2025076892,קלה,0,עירוני בצומת,1,עד 50,5 עד 7 מטר,אין ליקוי,בהיר,יבש,חמישי,יום,יום רגיל,1,14,6600,5,,
2025076898,קלה,0,עירוני בצומת,1,עד 50,יותר מ-14 מטר,אין ליקוי,בהיר,יבש,חמישי,לילה,יום רגיל,1,23,3000,1,,
2025076906,קשה,0,עירוני לא בצומת,1,60,עד 5 מטר,אין ליקוי,בהיר,יבש,שבת,יום,יום רגיל,8,13,990,3,,
2025076907,קלה,0,עירוני בצומת,1,עד 50,5 עד 7 מטר,אין ליקוי,בהיר,יבש,ראשון,לילה,חול המועד,10,21,2600,6,,
2025076909,קלה,0,עירוני בצומת,1,עד 50,5 עד 7 מטר,אין ליקוי,בהיר,יבש,ראשון,יום,יום רגיל,8,10,6800,3,,
2025076911,קלה,0,עירוני לא בצומת,1,עד 50,7 עד 10.5 מטר,אין ליקוי,בהיר,יבש,שלישי,יום,יום רגיל,4,9,7400,4,,
2025076928,קשה,0,לא עירוני לא בצומת,0,80,5 עד 7 מטר,אין ליקוי,לא ידוע,יבש,שלישי,יום,יום רגיל,4,13,0,6,,
2025076931,קשה,0,לא עירוני בצומת,0,לא ידוע,,לא ידוע,לא ידוע,לא ידוע,רביעי,יום,יום רגיל,1,8,0,5,,
2025076934,קלה,0,עירוני בצומת,1,עד 50,5 עד 7 מטר,אין ליקוי,בהיר,יבש,חמישי,לילה,יום רגיל,3,19,8700,4,,
2025076943,קלה,0,עירוני בצומת,1,עד 50,7 עד 10.5 מטר,אין ליקוי,בהיר,יבש,שלישי,יום,יום רגיל,5,15,6900,4,,
2025076947,קשה,0,עירוני בצומת,1,לא ידוע,5 עד 7 מטר,לא ידוע,בהיר,יבש,שלישי,יום,חול המועד,4,15,6300,5,,
2025076949,קלה,0,עירוני לא בצומת,1,עד 50,5 עד 7 מטר,אין ליקוי,בהיר,יבש,ראשון,יום,יום רגיל,4,15,287,4,,
2025076955,קלה,0,עירוני בצומת,1,עד 50,עד 5 מטר,אין ליקוי,בהיר,יבש,חמישי,לילה,יום רגיל,10,21,4000,3,,
2025076957,קשה,0,עירוני לא בצומת,1,לא ידוע,,לא ידוע,לא ידוע,לא ידוע,ראשון,יום,יום רגיל,6,17,2710,3,,
2025076960,קלה,0,עירוני בצומת,1,עד 50,5 עד 7 מטר,אין ליקוי,בהיר,יבש,רביעי,יום,יום רגיל,6,14,9700,4,,
2025076968,קלה,0,עירוני לא בצומת,1,עד 50,עד 5 מטר,אין ליקוי,בהיר,יבש,שלישי,לילה,יום רגיל,5,23,168,4,,
2025076970,קלה,0,לא עירוני לא בצומת,0,עד 50,5 עד 7 מטר,אין ליקוי,בהיר,לא ידוע,חמישי,לילה,יום רגיל,12,19,0,4,,
2025076985,קלה,0,עירוני בצומת,1,עד 50,7 עד 10.5 מטר,אין ליקוי,בהיר,יבש,שישי,יום,יום רגיל,4,10,4000,3,,
2025077004,קלה,0,עירוני לא בצומת,1,עד 50,5 עד 7 מטר,אין ליקוי,בהיר,יבש,חמישי,יום,יום רגיל,5,15,7400,4,,
2025077005,קשה,0,לא עירוני בצומת,0,90,7 עד 10.5 מטר,אין ליקוי,בהיר,יבש,חמישי,יום,יום רגיל,10,14,0,2,,
2025077009,קלה,0,לא עירוני בצומת,0,90,7 עד 10.5 מטר,אין ליקוי,בהיר,יבש,שלישי,יום,יום רגיל,9,7,0,4,,
2025077029,קלה,0,עירוני בצומת,1,עד 50,5 עד 7 מטר,אין ליקוי,לא ידוע,יבש,ראשון,יום,יום רגיל,2,7,5000,5,,
2025077036,קלה,0,לא עירוני בצומת,0,80,10.5 עד 14 מטר,אין ליקוי,בהיר,יבש,חמישי,יום,יום רגיל,4,14,0,2,,
2025077041,קלה,0,לא עירוני בצומת,0,80,7 עד 10.5 מטר,לא ידוע,בהיר,יבש,שלישי,יום,יום רגיל,9,14,0,2,,
2025077055,קשה,0,לא עירוני בצומת,0,לא ידוע,,לא ידוע,לא ידוע,לא ידוע,שישי,יום,יום רגיל,8,14,0,4,,
2025077062,קלה,0,עירוני בצומת,1,עד 50,5 עד 7 מטר,אין ליקוי,בהיר,יבש,ראשון,יום,יום רגיל,4,11,70,6,,
2025077101,קלה,0,עירוני בצומת,1,עד 50,7 עד 10.5 מטר,אין ליקוי,בהיר,יבש,שלישי,יום,יום רגיל,5,8,4000,3,,
2025077127,קשה,0,לא עירוני לא בצומת,0,לא ידוע,,לא ידוע,לא ידוע,לא ידוע,רביעי,לילה,יום רגיל,8,19,0,1,,
2025077128,קלה,0,לא עירוני בצומת,0,90,7 עד 10.5 מטר,אין ליקוי,בהיר,יבש,שבת,לילה,יום רגיל,8,3,0,2,,
2025077151,קלה,0,לא עירוני בצומת,0,90,5 עד 7 מטר,אין ליקוי,לא ידוע,יבש,ראשון,יום,יום רגיל,12,14,0,3,,
2025077153,קלה,0,עירוני בצומת,1,עד 50,7 עד 10.5 מטר,אין ליקוי,בהיר,יבש,רביעי,יום,יום רגיל,9,15,7600,2,,
2025077157,קלה,0,עירוני לא בצומת,1,עד 50,7 עד 10.5 מטר,אין ליקוי,לא ידוע,יבש,שישי,יום,חג,3,11,2610,1,,
2025077163,קשה,0,עירוני לא בצומת,1,לא ידוע,,לא ידוע,לא ידוע,לא ידוע,רביעי,יום,יום רגיל,7,15,587,4,,
2025077171,קלה,0,לא עירוני בצומת,0,עד 50,7 עד 10.5 מטר,אין ליקוי,בהיר,יבש,ראשון,יום,יום רגיל,2,14,0,6,,
2025077174,קלה,0,עירוני לא בצומת,1,עד 50,5 עד 7 מטר,אין ליקוי,בהיר,יבש,חמישי,יום,יום רגיל,7,16,9000,6,,
2025077183,קלה,0,עירוני בצומת,1,עד 50,5 עד 7 מטר,אין ליקוי,בהיר,יבש,חמישי,יום,יום רגיל,3,9,6900,4,,
2025077185,קלה,0,לא עירוני בצומת,0,90,10.5 עד 14 מטר,אין ליקוי,בהיר,יבש,שני,לילה,יום רגיל,9,23,0,6,,
2025077196,קלה,0,עירוני לא בצומת,1,עד 50,יותר מ-14 מטר,אין ליקוי,בהיר,יבש,חמישי,יום,יום רגיל,6,16,70,6,,
2025077197,קטלנית,1,לא עירוני לא בצומת,0,80,,אין ליקוי,בהיר,יבש,שישי,יום,יום רגיל,8,15,0,6,,
2025077235,קטלנית,1,לא עירוני לא בצומת,0,80,7 עד 10.5 מטר,אין ליקוי,בהיר,יבש,שבת,יום,יום רגיל,3,15,0,7,,
2025077248,קלה,0,עירוני לא בצומת,1,עד 50,5 עד 7 מטר,אין ליקוי,בהיר,יבש,רביעי,לילה,יום רגיל,12,21,4000,3,,
2025077250,קלה,0,עירוני בצומת,1,עד 50,5 עד 7 מטר,אין ליקוי,בהיר,יבש,שני,יום,יום רגיל,1,10,4000,3,,
2025077256,קשה,0,לא עירוני לא בצומת,0,80,7 עד 10.5 מטר,אין ליקוי,גשום,רטוב ממים,חמישי,יום,יום רגיל,2,9,0,2,,
2025077272,קשה,0,עירוני לא בצומת,1,עד 50,5 עד 7 מטר,אין ליקוי,בהיר,יבש,רביעי,יום,יום רגיל,6,12,8600,5,,
2025077301,קשה,0,לא עירוני לא בצומת,0,80,7 עד 10.5 מטר,אין ליקוי,בהיר,יבש,ראשון,לילה,יום רגיל,5,1,0,1,,
2025077304,קלה,0,עירוני לא בצומת,1,עד 50,7 עד 10.5 מטר,אין ליקוי,בהיר,יבש,חמישי,יום,יום רגיל,3,13,7900,4,,
2025077308,קשה,0,עירוני לא בצומת,1,עד 50,7 עד 10.5 מטר,אין ליקוי,בהיר,יבש,חמישי,יום,יום רגיל,3,14,1061,2,,
2025077313,קלה,0,לא עירוני לא בצומת,0,לא ידוע,,לא ידוע,לא ידוע,לא ידוע,רביעי,לילה,יום רגיל,8,2,0,3,,
2025077328,קלה,0,עירוני לא בצומת,1,לא ידוע,,לא ידוע,לא ידוע,לא ידוע,שלישי,יום,יום רגיל,4,13,5000,5,,
2025077333,קלה,0,עירוני בצומת,1,עד 50,5 עד 7 מטר,אין ליקוי,בהיר,יבש,ראשון,יום,יום רגיל,1,7,1020,3,,
2025077366,קלה,0,עירוני בצומת,1,עד 50,7 עד 10.5 מטר,אין ליקוי,גשום,רטוב ממים,שלישי,לילה,יום רגיל,12,0,4000,3,,
2025077370,קלה,0,עירוני בצומת,1,עד 50,10.5 עד 14 מטר,אין ליקוי,בהיר,יבש,שלישי,לילה,יום רגיל,12,17,70,6,,
2025077379,קלה,0,לא עירוני בצומת,0,80,7 עד 10.5 מטר,אין ליקוי,בהיר,יבש,שישי,לילה,יום רגיל,1,21,0,3,,
2025077385,קלה,0,לא עירוני לא בצומת,0,90,יותר מ-14 מטר,אין ליקוי,בהיר,יבש,שישי,לילה,יום רגיל,9,6,0,6,,
2025077395,קלה,0,לא עירוני בצומת,0,80,10.5 עד 14 מטר,אין ליקוי,בהיר,יבש,רביעי,יום,יום רגיל,9,16,0,2,,
2025077402,קלה,0,לא עירוני לא בצומת,0,עד 50,5 עד 7 מטר,אין ליקוי,בהיר,יבש,ראשון,יום,יום רגיל,11,12,0,4,,
2025077408,קלה,0,עירוני בצומת,1,עד 50,5 עד 7 מטר,אין ליקוי,גשום,רטוב ממים,שני,לילה,יום רגיל,12,18,9500,3,,
2025077414,קלה,0,עירוני בצומת,1,עד 50,7 עד 10.5 מטר,אין ליקוי,בהיר,יבש,שלישי,לילה,יום רגיל,4,20,4000,3,,
2025077422,קשה,0,עירוני לא בצומת,1,לא ידוע,,לא ידוע,לא ידוע,לא ידוע,שישי,לילה,יום רגיל,11,0,4000,3,,
2025077445,קלה,0,עירוני בצומת,1,עד 50,5 עד 7 מטר,אין ליקוי,בהיר,יבש,רביעי,יום,יום רגיל,4,16,2660,4,,
2025077459,קלה,0,עירוני בצומת,1,עד 50,יותר מ-14 מטר,אין ליקוי,לא ידוע,יבש,שישי,יום,יום רגיל,12,14,1200,4,,
2025077464,קלה,0,עירוני בצומת,1,עד 50,7 עד 10.5 מטר,אין ליקוי,בהיר,יבש,חמישי,יום,יום רגיל,7,16,5000,5,,
2025077494,קשה,0,לא עירוני לא בצומת,0,,יותר מ-14 מטר,אין ליקוי,בהיר,יבש,שני,יום,יום רגיל,7,11,0,4,,
2025077496,קשה,0,לא עירוני בצומת,0,לא ידוע,,לא ידוע,לא ידוע,לא ידוע,שישי,לילה,יום רגיל,9,21,0,6,,
2025077520,קלה,0,עירוני בצומת,1,עד 50,5 עד 7 מטר,אין ליקוי,בהיר,יבש,חמישי,יום,יום רגיל,10,7,1309,4,,
2025077536,קשה,0,לא עירוני לא בצומת,0,עד 50,5 עד 7 מטר,אין ליקוי,בהיר,יבש,שני,יום,יום רגיל,8,10,0,2,,
2025077554,קשה,0,עירוני לא בצומת,1,לא ידוע,,לא ידוע,לא ידוע,לא ידוע,שישי,יום,יום רגיל,5,12,1066,4,,
2025077560,קשה,0,עירוני לא בצומת,1,עד 50,7 עד 10.5 מטר,אין ליקוי,בהיר,יבש,שישי,יום,יום רגיל,5,18,6000,3,,
2025077562,קלה,0,עירוני לא בצומת,1,עד 50,7 עד 10.5 מטר,אין ליקוי,בהיר,לא ידוע,ראשון,יום,יום רגיל,1,12,8000,2,,
2025077563,קלה,0,עירוני בצומת,1,עד 50,5 עד 7 מטר,אין ליקוי,בהיר,יבש,שני,יום,יום רגיל,11,13,7600,2,,
2025077570,קלה,0,עירוני לא בצומת,1,עד 50,,אין ליקוי,בהיר,יבש,ראשון,לילה,יום רגיל,1,23,6100,5,,
2025077578,קלה,0,לא עירוני בצומת,0,90,7 עד 10.5 מטר,אין ליקוי,בהיר,יבש,רביעי,לילה,יום רגיל,1,18,0,6,,
2025077587,קלה,0,עירוני לא בצומת,1,עד 50,5 עד 7 מטר,אין ליקוי,בהיר,יבש,שישי,יום,יום רגיל,3,17,8400,4,,
2025077590,קשה,0,עירוני לא בצומת,1,עד 50,10.5 עד 14 מטר,אין ליקוי,בהיר,יבש,שבת,יום,יום רגיל,10,15,525,2,,
2025077605,קלה,0,עירוני לא בצומת,1,עד 50,5 עד 7 מטר,אין ליקוי,בהיר,יבש,חמישי,יום,ערב חג,3,8,6200,5,,
2025077623,קשה,0,עירוני בצומת,1,עד 50,,אין ליקוי,בהיר,יבש,ראשון,לילה,יום רגיל,11,18,8300,4,,
2025077626,קלה,0,עירוני לא בצומת,1,עד 50,5 עד 7 מטר,אין ליקוי,בהיר,יבש,שבת,לילה,יום רגיל,5,21,7400,4,,
2025077658,קלה,0,לא עירוני בצומת,0,70,5 עד 7 מטר,אין ליקוי,בהיר,יבש,שני,יום,יום רגיל,6,16,0,1,,
2025077663,קשה,0,לא עירוני בצומת,0,לא ידוע,,לא ידוע,לא ידוע,לא ידוע,שבת,יום,יום רגיל,1,16,0,3,,
2025077674,קלה,0,לא עירוני לא בצומת,0,60,5 עד 7 מטר,אין ליקוי,שרבי,יבש,שלישי,יום,יום רגיל,10,13,0,7,,
2025077680,קטלנית,1,לא עירוני לא בצומת,0,90,יותר מ-14 מטר,אין ליקוי,בהיר,יבש,רביעי,יום,יום רגיל,4,6,0,4,,
2025077687,קלה,0,לא עירוני לא בצומת,0,לא ידוע,,לא ידוע,לא ידוע,לא ידוע,רביעי,לילה,חג,9,1,0,5,,
2025077689,קשה,0,עירוני לא בצומת,1,עד 50,,אין ליקוי,בהיר,יבש,ראשון,לילה,יום רגיל,9,6,7900,4,,
2025077714,קלה,0,לא עירוני בצומת,0,80,יותר מ-14 מטר,אין ליקוי,בהיר,יבש,שישי,לילה,יום רגיל,6,20,0,4,,
2025077726,קלה,0,לא עירוני לא בצומת,0,90,10.5 עד 14 מטר,אין ליקוי,בהיר,יבש,שישי,לילה,יום רגיל,10,20,0,5,,
2025077737,קלה,0,עירוני בצומת,1,עד 50,7 עד 10.5 מטר,אין ליקוי,בהיר,יבש,שבת,לילה,יום רגיל,3,21,5000,5,,
2025077750,קלה,0,לא עירוני לא בצומת,0,80,7 עד 10.5 מטר,אין ליקוי,בהיר,יבש,שני,יום,יום רגיל,7,10,0,7,,
2025077763,קלה,0,עירוני בצומת,1,עד 50,,אין ליקוי,בהיר,יבש,רביעי,יום,יום רגיל,7,18,6600,5,,
2025077765,קלה,0,עירוני בצומת,1,עד 50,5 עד 7 מטר,אין ליקוי,בהיר,יבש,ראשון,יום,יום רגיל,7,10,6400,5,,
2025077771,קלה,0,עירוני בצומת,1,עד 50,10.5 עד 14 מטר,אין ליקוי,בהיר,יבש,רביעי,יום,יום רגיל,3,13,5000,5,,
2025077782,קלה,0,עירוני לא בצומת,1,עד 50,,אין ליקוי,בהיר,יבש,שבת,יום,יום רגיל,5,18,8600,5,,
2025077787,קלה,0,עירוני לא בצומת,1,עד 50,7 עד 10.5 מטר,אין ליקוי,בהיר,יבש,שלישי,לילה,יום רגיל,11,19,7900,4,,
2025077793,קלה,0,עירוני לא בצומת,1,לא ידוע,,לא ידוע,לא ידוע,לא ידוע,ראשון,יום,יום רגיל,7,16,8600,5,,
2025077807,קלה,0,לא עירוני בצומת,0,עד 50,7 עד 10.5 מטר,אין ליקוי,בהיר,יבש,רביעי,יום,יום רגיל,3,13,0,4,,
2025077809,קלה,0,עירוני בצומת,1,עד 50,7 עד 10.5 מטר,אין ליקוי,בהיר,יבש,רביעי,לילה,יום רגיל,8,6,7400,4,,
2025077817,קלה,0,לא עירוני לא בצומת,0,90,7 עד 10.5 מטר,אין ליקוי,גשום,רטוב ממים,חמישי,לילה,יום רגיל,2,2,0,6,,
2025077832,קלה,0,עירוני לא בצומת,1,עד 50,7 עד 10.5 מטר,אין ליקוי,בהיר,רטוב ממים,שבת,לילה,יום רגיל,11,23,7300,2,,
2025077840,קשה,0,לא עירוני לא בצומת,0,לא ידוע,,לא ידוע,לא ידוע,לא ידוע,חמישי,יום,יום רגיל,6,14,0,1,,
2025077845,קלה,0,עירוני בצומת,1,עד 50,יותר מ-14 מטר,אין ליקוי,בהיר,יבש,שלישי,יום,יום רגיל,2,10,5000,5,,
2025077848,קלה,0,עירוני לא בצומת,1,עד 50,7 עד 10.5 מטר,אין ליקוי,בהיר,יבש,שישי,יום,יום רגיל,11,14,7900,4,,
2025077875,קלה,0,לא עירוני בצומת,0,90,7 עד 10.5 מטר,אין ליקוי,בהיר,יבש,ראשון,לילה,יום רגיל,5,23,0,2,,
2025077901,קשה,0,לא עירוני לא בצומת,0,לא ידוע,,לא ידוע,לא ידוע,לא ידוע,שבת,יום,יום רגיל,1,14,0,2,,
2025077911,קלה,0,עירוני לא בצומת,1,עד 50,,אין ליקוי,בהיר,יבש,שישי,יום,יום רגיל,5,9,7900,4,,
2025077952,קשה,0,עירוני בצומת,1,עד 50,5 עד 7 מטר,אין ליקוי,לא ידוע,יבש,חמישי,יום,יום רגיל,2,12,2600,6,,
2025077956,קלה,0,עירוני בצומת,1,80,7 עד 10.5 מטר,אין ליקוי,בהיר,יבש,שני,יום,יום רגיל,12,11,195,4,,
2025077986,קלה,0,לא עירוני לא בצומת,0,70,7 עד 10.5 מטר,אין ליקוי,בהיר,יבש,שני,יום,יום רגיל,9,14,0,7,,
2025077988,קלה,0,עירוני בצומת,1,עד 50,7 עד 10.5 מטר,אין ליקוי,בהיר,יבש,שישי,לילה,יום רגיל,9,20,4000,3,,
2025077989,קלה,0,לא עירוני בצומת,0,80,10.5 עד 14 מטר,אין ליקוי,בהיר,יבש,שבת,לילה,יום רגיל,9,2,0,2,,
2025078030,קטלנית,1,עירוני לא בצומת,1,עד 50,5 עד 7 מטר,לא ידוע,בהיר,יבש,חמישי,יום,יום רגיל,11,7,3578,7,,
2025078034,קשה,0,עירוני לא בצומת,1,לא ידוע,,לא ידוע,לא ידוע,לא ידוע,רביעי,לילה,יום רגיל,12,17,6100,5,,
2025078063,קלה,0,עירוני בצומת,1,עד 50,5 עד 7 מטר,אין ליקוי,בהיר,יבש,שני,יום,יום רגיל,6,13,6800,3,,
2025078068,קשה,0,עירוני בצומת,1,עד 50,,אין ליקוי,בהיר,יבש,חמישי,לילה,יום רגיל,10,20,6600,5,,
2025078085,קלה,0,עירוני בצומת,1,עד 50,10.5 עד 14 מטר,אין ליקוי,בהיר,יבש,חמישי,לילה,יום רגיל,12,16,7400,4,,
2025078088,קלה,0,לא עירוני בצומת,0,70,5 עד 7 מטר,אין ליקוי,בהיר,יבש,ראשון,יום,יום רגיל,3,13,0,1,,
2025078118,קשה,0,לא עירוני בצומת,0,לא ידוע,,לא ידוע,לא ידוע,לא ידוע,חמישי,יום,יום רגיל,5,17,0,4,,
2025078146,קטלנית,1,לא עירוני לא בצומת,0,80,7 עד 10.5 מטר,אין ליקוי,בהיר,יבש,ראשון,יום,יום רגיל,9,17,0,2,,
2025078149,קטלנית,1,עירוני לא בצומת,1,60,7 עד 10.5 מטר,אין ליקוי,בהיר,יבש,שלישי,יום,יום רגיל,3,11,2650,5,,
2025078171,קלה,0,עירוני בצומת,1,עד 50,7 עד 10.5 מטר,אין ליקוי,בהיר,יבש,שבת,לילה,יום רגיל,4,23,9000,6,,
2025078180,קשה,0,עירוני לא בצומת,1,לא ידוע,,לא ידוע,לא ידוע,לא ידוע,חמישי,יום,יום רגיל,12,13,3797,7,,
2025078182,קלה,0,עירוני בצומת,1,60,,אין ליקוי,בהיר,יבש,שני,יום,יום רגיל,6,15,9000,6,,
2025078187,קשה,0,לא עירוני לא בצומת,0,80,5 עד 7 מטר,אין ליקוי,בהיר,יבש,שלישי,לילה,יום רגיל,6,23,0,1,,
2025078190,קשה,0,לא עירוני לא בצומת,0,לא ידוע,,לא ידוע,לא ידוע,לא ידוע,שני,לילה,יום רגיל,12,19,0,4,,
2025078206,קשה,0,עירוני בצומת,1,לא ידוע,,לא ידוע,לא ידוע,לא ידוע,שישי,יום,יום רגיל,3,17,5000,5,,
2025078207,קלה,0,עירוני בצומת,1,עד 50,5 עד 7 מטר,אין ליקוי,בהיר,יבש,חמישי,יום,יום רגיל,4,9,7400,4,,
2025078217,קשה,0,עירוני בצומת,1,עד 50,7 עד 10.5 מטר,אין ליקוי,בהיר,יבש,שני,יום,יום רגיל,3,7,5000,5,,
2025078241,קטלנית,1,לא עירוני לא בצומת,0,80,7 עד 10.5 מטר,אין ליקוי,בהיר,יבש,שישי,יום,יום רגיל,11,14,0,2,,
2025078243,קלה,0,עירוני לא בצומת,1,עד 50,5 עד 7 מטר,אין ליקוי,בהיר,יבש,שישי,יום,יום רגיל,12,13,4000,3,,
2025078268,קלה,0,עירוני בצומת,1,עד 50,יותר מ-14 מטר,אין ליקוי,בהיר,יבש,חמישי,לילה,ערב חג,3,19,70,6,,
2025078274,קשה,0,עירוני לא בצומת,1,לא ידוע,,לא ידוע,לא ידוע,לא ידוע,שישי,יום,יום רגיל,6,15,3000,1,,
2025078286,קלה,0,עירוני לא בצומת,1,עד 50,7 עד 10.5 מטר,אין ליקוי,בהיר,יבש,שני,לילה,יום רגיל,1,19,3000,1,,
2025078306,קלה,0,עירוני בצומת,1,עד 50,,אין ליקוי,בהיר,יבש,רביעי,יום,יום רגיל,3,7,6400,5,,
2025078320,קלה,0,עירוני לא בצומת,1,עד 50,7 עד 10.5 מטר,אין ליקוי,בהיר,יבש,שני,יום,יום רגיל,3,7,2730,4,,
2025078325,קלה,0,עירוני בצומת,1,עד 50,7 עד 10.5 מטר,אין ליקוי,בהיר,יבש,רביעי,יום,יום רגיל,10,11,5000,5,,
2025078340,קלה,0,עירוני בצומת,1,עד 50,,אין ליקוי,בהיר,יבש,שלישי,לילה,יום רגיל,7,21,5000,5,,
2025078371,קלה,0,לא עירוני בצומת,0,90,5 עד 7 מטר,אין ליקוי,לא ידוע,יבש,שישי,יום,יום רגיל,4,17,0,3,,
2025078385,קלה,0,עירוני בצומת,1,עד 50,7 עד 10.5 מטר,אין ליקוי,בהיר,יבש,חמישי,לילה,יום רגיל,10,18,7400,4,,
2025078392,קלה,0,לא עירוני לא בצומת,0,90,יותר מ-14 מטר,אין ליקוי,בהיר,יבש,שישי,לילה,יום רגיל,9,5,0,4,,
2025078393,קשה,0,עירוני לא בצומת,1,לא ידוע,,לא ידוע,לא ידוע,לא ידוע,חמישי,יום,יום רגיל,5,17,8000,2,,
2025078402,קלה,0,עירוני לא בצומת,1,עד 50,עד 5 מטר,אין ליקוי,בהיר,יבש,שלישי,יום,יום רגיל,10,7,5000,5,,
2025078423,קלה,0,עירוני בצומת,1,עד 50,5 עד 7 מטר,אין ליקוי,בהיר,יבש,שישי,יום,יום רגיל,5,16,9000,6,,
2025078470,קלה,0,עירוני לא בצומת,1,לא ידוע,,לא ידוע,לא ידוע,לא ידוע,שלישי,לילה,חג,10,0,9700,4,,
2025078479,קלה,0,עירוני לא בצומת,1,60,7 עד 10.5 מטר,אין ליקוי,בהיר,יבש,רביעי,לילה,יום רגיל,5,22,1061,2,,
2025078480,קטלנית,1,עירוני לא בצומת,1,עד 50,7 עד 10.5 מטר,אין ליקוי,בהיר,יבש,רביעי,לילה,יום רגיל,1,21,4000,3,,
2025078489,קלה,0,עירוני בצומת,1,עד 50,7 עד 10.5 מטר,אין ליקוי,בהיר,יבש,חמישי,יום,יום רגיל,3,13,4000,3,,
2025078523,קלה,0,לא עירוני בצומת,0,90,5 עד 7 מטר,אין ליקוי,בהיר,יבש,שבת,יום,יום רגיל,10,17,0,4,,
2025078535,קשה,0,לא עירוני לא בצומת,0,לא ידוע,,לא ידוע,לא ידוע,לא ידוע,רביעי,יום,יום רגיל,3,6,0,2,,
2025078546,קלה,0,עירוני בצומת,1,עד 50,,אין ליקוי,בהיר,יבש,שלישי,יום,יום רגיל,5,14,2660,4,,
2025078563,קלה,0,לא עירוני בצומת,0,80,,אין ליקוי,בהיר,לא ידוע,רביעי,לילה,יום רגיל,6,1,0,7,,
2025078564,קשה,0,לא עירוני בצומת,0,לא ידוע,,לא ידוע,לא ידוע,לא ידוע,רביעי,יום,יום רגיל,8,8,0,7,,
2025078609,קלה,0,לא עירוני לא בצומת,0,90,7 עד 10.5 מטר,לא ידוע,בהיר,יבש,ראשון,יום,יום רגיל,11,11,0,6,,
2025078610,קטלנית,1,לא עירוני לא בצומת,0,90,7 עד 10.5 מטר,אין ליקוי,בהיר,יבש,שבת,יום,יום רגיל,2,11,0,6,,
2025078611,קלה,0,לא עירוני בצומת,0,עד 50,,אין ליקוי,בהיר,יבש,ראשון,יום,יום רגיל,4,10,0,4,,
2025078642,קלה,0,עירוני בצומת,1,עד 50,5 עד 7 מטר,אין ליקוי,בהיר,יבש,ראשון,לילה,יום רגיל,4,21,7900,4,,
2025078658,קלה,0,עירוני לא בצומת,1,עד 50,7 עד 10.5 מטר,אין ליקוי,בהיר,יבש,שישי,יום,יום רגיל,1,14,529,2,,
2025078671,קשה,0,עירוני לא בצומת,1,לא ידוע,,לא ידוע,לא ידוע,לא ידוע,שלישי,לילה,יום רגיל,11,22,8300,4,,
2025078676,קלה,0,עירוני בצומת,1,עד 50,עד 5 מטר,אין ליקוי,בהיר,יבש,שישי,יום,יום רגיל,9,13,5000,5,,
2025078680,קלה,0,עירוני בצומת,1,עד 50,יותר מ-14 מטר,אין ליקוי,בהיר,יבש,ראשון,לילה,יום רגיל,2,18,8600,5,,
2025078698,קלה,0,לא עירוני לא בצומת,0,70,7 עד 10.5 מטר,אין ליקוי,בהיר,יבש,חמישי,לילה,חול המועד,4,21,0,2,,
2025078701,קלה,0,עירוני בצומת,1,עד 50,יותר מ-14 מטר,אין ליקוי,בהיר,יבש,שני,יום,יום רגיל,8,10,7900,4,,
2025078730,קטלנית,1,עירוני לא בצומת,1,עד 50,7 עד 10.5 מטר,לא ידוע,בהיר,יבש,חמישי,לילה,יום רגיל,4,23,7400,4,,
2025078741,קלה,0,עירוני לא בצומת,1,עד 50,7 עד 10.5 מטר,אין ליקוי,בהיר,יבש,שלישי,לילה,יום רגיל,7,22,5000,5,,
2025078745,קלה,0,עירוני לא בצומת,1,60,5 עד 7 מטר,אין ליקוי,בהיר,יבש,חמישי,יום,יום רגיל,5,17,3000,1,,
2025078748,קשה,0,עירוני לא בצומת,1,עד 50,5 עד 7 מטר,אין ליקוי,בהיר,יבש,שישי,יום,חג,3,11,6900,4,,
2025078759,קלה,0,עירוני בצומת,1,עד 50,7 עד 10.5 מטר,אין ליקוי,בהיר,יבש,ראשון,לילה,יום רגיל,1,22,7900,4,,
2025078793,קשה,0,עירוני לא בצומת,1,60,עד 5 מטר,אין ליקוי,בהיר,יבש,שלישי,יום,יום רגיל,9,18,5000,5,,
2025078805,קלה,0,לא עירוני לא בצומת,0,80,יותר מ-14 מטר,אין ליקוי,בהיר,יבש,שישי,יום,יום רגיל,4,13,0,5,,
2025078815,קשה,0,עירוני לא בצומת,1,לא ידוע,,לא ידוע,לא ידוע,לא ידוע,חמישי,יום,יום רגיל,11,10,3000,1,,
2025078816,קלה,0,עירוני לא בצומת,1,60,7 עד 10.5 מטר,אין ליקוי,בהיר,יבש,חמישי,לילה,יום רגיל,7,3,6500,3,,
2025078827,קשה,0,עירוני לא בצומת,1,לא ידוע,,לא ידוע,לא ידוע,לא ידוע,ראשון,יום,יום רגיל,5,9,6600,5,,
2025078834,קטלנית,1,עירוני בצומת,1,עד 50,7 עד 10.5 מטר,אין ליקוי,בהיר,יבש,רביעי,לילה,ערב חג,4,0,70,6,,
2025078857,קשה,0,עירוני לא בצומת,1,לא ידוע,,לא ידוע,לא ידוע,לא ידוע,חמישי,יום,חול המועד,4,13,52,1,,
2025078880,קלה,0,לא עירוני בצומת,0,70,7 עד 10.5 מטר,אין ליקוי,בהיר,יבש,רביעי,יום,יום רגיל,2,12,0,1,,
2025078900,קשה,0,עירוני בצומת,1,עד 50,5 עד 7 מטר,אין ליקוי,בהיר,יבש,חמישי,יום,יום רגיל,7,16,2600,6,,
2025078910,קלה,0,עירוני לא בצומת,1,60,7 עד 10.5 מטר,אין ליקוי,בהיר,יבש,חמישי,יום,יום רגיל,3,16,5000,5,,
2025078928,קלה,0,עירוני בצומת,1,עד 50,5 עד 7 מטר,אין ליקוי,אחר,אחר,ראשון,יום,יום רגיל,2,15,922,3,,
2025078934,קלה,0,עירוני לא בצומת,1,עד 50,5 עד 7 מטר,אין ליקוי,בהיר,יבש,רביעי,יום,יום רגיל,4,10,7700,2,,
2025078946,קלה,0,עירוני בצומת,1,עד 50,10.5 עד 14 מטר,אין ליקוי,בהיר,יבש,שני,יום,יום רגיל,5,17,6200,5,,
2025078956,קלה,0,עירוני בצומת,1,לא ידוע,,לא ידוע,לא ידוע,לא ידוע,שלישי,יום,יום רגיל,8,13,6300,5,,
2025078957,קשה,0,עירוני בצומת,1,עד 50,7 עד 10.5 מטר,אין ליקוי,בהיר,יבש,שני,יום,יום רגיל,5,7,7900,4,,
2025078992,קלה,0,עירוני לא בצומת,1,עד 50,7 עד 10.5 מטר,אין ליקוי,בהיר,יבש,ראשון,יום,יום רגיל,6,9,3616,7,,
2025079006,קלה,0,עירוני בצומת,1,לא ידוע,,לא ידוע,לא ידוע,לא ידוע,ראשון,לילה,יום רגיל,12,23,6900,4,,
2025079009,קלה,0,עירוני לא בצומת,1,עד 50,5 עד 7 מטר,אין ליקוי,בהיר,יבש,רביעי,יום,יום רגיל,7,10,8700,4,,
2025079012,קשה,0,לא עירוני לא בצומת,0,70,5 עד 7 מטר,אין ליקוי,בהיר,יבש,ראשון,יום,יום רגיל,6,12,0,1,,
2025079026,קלה,0,לא עירוני בצומת,0,90,10.5 עד 14 מטר,אין ליקוי,בהיר,יבש,שלישי,יום,יום רגיל,1,7,0,2,,
2025079032,קלה,0,עירוני בצומת,1,עד 50,,אין ליקוי,בהיר,יבש,שלישי,יום,יום רגיל,4,11,6600,5,,
2025079033,קלה,0,לא עירוני לא בצומת,0,80,7 עד 10.5 מטר,אין ליקוי,בהיר,יבש,רביעי,לילה,יום רגיל,6,5,0,7,,
2025079039,קלה,0,לא עירוני בצומת,0,90,יותר מ-14 מטר,אין ליקוי,בהיר,יבש,שני,לילה,יום רגיל,4,19,0,7,,
2025079040,קלה,0,עירוני בצומת,1,עד 50,עד 5 מטר,אין ליקוי,בהיר,יבש,שבת,לילה,יום רגיל,10,22,7400,4,,
2025079059,קלה,0,לא עירוני בצומת,0,90,10.5 עד 14 מטר,אין ליקוי,בהיר,יבש,שישי,יום,יום רגיל,7,13,0,3,,
2025079066,קשה,0,עירוני בצומת,1,עד 50,,אין ליקוי,בהיר,יבש,ראשון,יום,יום רגיל,1,12,5000,5,,
2025079069,קטלנית,1,עירוני לא בצומת,1,עד 50,5 עד 7 מטר,אין ליקוי,בהיר,יבש,חמישי,יום,יום רגיל,10,9,6900,4,,
2025079094,קשה,0,עירוני לא בצומת,1,לא ידוע,,לא ידוע,לא ידוע,לא ידוע,שלישי,יום,יום רגיל,4,9,6600,5,,
2025079098,קלה,0,עירוני בצומת,1,עד 50,10.5 עד 14 מטר,אין ליקוי,לא ידוע,יבש,שלישי,יום,יום רגיל,2,8,3000,1,,
2025079118,קשה,0,עירוני לא בצומת,1,לא ידוע,,לא ידוע,לא ידוע,לא ידוע,שבת,יום,חג,4,17,8400,4,,
2025079132,קשה,0,עירוני בצומת,1,עד 50,5 עד 7 מטר,אין ליקוי,בהיר,יבש,חמישי,יום,ערב חג,3,14,6300,5,,
2025079135,קשה,0,עירוני לא בצומת,1,לא ידוע,,לא ידוע,לא ידוע,לא ידוע,ראשון,יום,יום רגיל,3,9,7100,6,,
2025079151,קשה,0,עירוני לא בצומת,1,לא ידוע,,לא ידוע,לא ידוע,לא ידוע,חמישי,לילה,יום רגיל,11,2,5000,5,,
2025079160,קשה,0,לא עירוני לא בצומת,0,עד 50,7 עד 10.5 מטר,אין ליקוי,בהיר,יבש,שלישי,יום,יום רגיל,4,9,0,7,,
2025079169,קלה,0,לא עירוני לא בצומת,0,,10.5 עד 14 מטר,אין ליקוי,בהיר,יבש,ראשון,לילה,יום רגיל,7,23,0,4,,
2025079188,קלה,0,לא עירוני בצומת,0,עד 50,7 עד 10.5 מטר,אין ליקוי,בהיר,יבש,שלישי,לילה,יום רגיל,4,5,0,3,,
2025079197,קטלנית,1,לא עירוני לא בצומת,0,,5 עד 7 מטר,אין ליקוי,בהיר,יבש,ראשון,יום,יום רגיל,5,16,0,3,,
2025079202,קטלנית,1,עירוני לא בצומת,1,עד 50,עד 5 מטר,כביש משובש,בהיר,רטוב ממים,ראשון,לילה,יום רגיל,12,1,1105,2,,
2025079204,קשה,0,לא עירוני בצומת,0,90,10.5 עד 14 מטר,אין ליקוי,בהיר,יבש,שישי,יום,יום רגיל,11,12,0,4,,
2025079215,קלה,0,עירוני לא בצומת,1,עד 50,10.5 עד 14 מטר,אין ליקוי,בהיר,יבש,ראשון,יום,יום רגיל,9,8,195,4,,
2025079249,קלה,0,עירוני בצומת,1,עד 50,7 עד 10.5 מטר,אין ליקוי,בהיר,יבש,רביעי,יום,יום רגיל,6,10,3000,1,,
2025079253,קלה,0,עירוני בצומת,1,עד 50,,אין ליקוי,בהיר,יבש,ראשון,יום,יום רגיל,4,7,8600,5,,
2025079254,קשה,0,לא עירוני בצומת,0,לא ידוע,,לא ידוע,לא ידוע,לא ידוע,שישי,יום,יום רגיל,7,16,0,5,,
2025079269,קלה,0,עירוני לא בצומת,1,עד 50,5 עד 7 מטר,אין ליקוי,לא ידוע,יבש,ראשון,יום,יום רגיל,2,16,6800,3,,
2025079289,קלה,0,עירוני בצומת,1,70,7 עד 10.5 מטר,אין ליקוי,בהיר,יבש,שבת,לילה,יום רגיל,3,21,6600,5,,
2025079290,קלה,0,עירוני לא בצומת,1,עד 50,,אין ליקוי,בהיר,יבש,ראשון,לילה,יום רגיל,4,20,7900,4,,
2025079300,קשה,0,עירוני לא בצומת,1,לא ידוע,,לא ידוע,לא ידוע,לא ידוע,רביעי,לילה,יום רגיל,3,19,7100,6,,
2025079333,קלה,0,עירוני לא בצומת,1,עד 50,7 עד 10.5 מטר,אין ליקוי,בהיר,יבש,שני,יום,יום רגיל,6,12,6100,5,,
2025079372,קלה,0,עירוני בצומת,1,עד 50,,אין ליקוי,בהיר,יבש,שלישי,יום,יום רגיל,4,14,5000,5,,
2025079384,קלה,0,עירוני לא בצומת,1,עד 50,5 עד 7 מטר,אין ליקוי,בהיר,יבש,ראשון,לילה,יום רגיל,3,19,7600,2,,
2025079415,קלה,0,לא עירוני לא בצומת,0,80,7 עד 10.5 מטר,אין ליקוי,גשום,רטוב ממים,חמישי,לילה,יום רגיל,11,17,0,4,,
2025079436,קלה,0,לא עירוני בצומת,0,90,7 עד 10.5 מטר,אין ליקוי,בהיר,יבש,ראשון,יום,יום רגיל,8,7,0,4,,
2025079437,קלה,0,עירוני לא בצומת,1,עד 50,5 עד 7 מטר,אין ליקוי,בהיר,יבש,רביעי,יום,יום רגיל,5,8,9000,6,,
2025079438,קלה,0,לא עירוני לא בצומת,0,80,7 עד 10.5 מטר,אין ליקוי,בהיר,יבש,ראשון,לילה,יום רגיל,1,17,0,7,,
2025079442,קלה,0,לא עירוני לא בצומת,0,100,10.5 עד 14 מטר,אין ליקוי,בהיר,יבש,שני,יום,יום רגיל,6,17,0,7,,
2025079460,קלה,0,לא עירוני לא בצומת,0,80,7 עד 10.5 מטר,אין ליקוי,בהיר,יבש,שני,יום,יום רגיל,7,10,0,2,,
2025079467,קלה,0,לא עירוני לא בצומת,0,עד 50,יותר מ-14 מטר,אין ליקוי,בהיר,יבש,שלישי,יום,יום רגיל,7,15,0,2,,
2025079494,קשה,0,עירוני לא בצומת,1,עד 50,7 עד 10.5 מטר,אין ליקוי,בהיר,יבש,רביעי,לילה,יום רגיל,3,22,6400,5,,
2025079498,קלה,0,לא עירוני לא בצומת,0,80,7 עד 10.5 מטר,אין ליקוי,בהיר,יבש,חמישי,יום,יום רגיל,10,7,0,3,,
2025079500,קשה,0,עירוני לא בצומת,1,לא ידוע,,לא ידוע,לא ידוע,לא ידוע,ראשון,לילה,יום רגיל,10,19,7500,2,,
2025079521,קלה,0,עירוני בצומת,1,עד 50,7 עד 10.5 מטר,אין ליקוי,בהיר,יבש,שלישי,יום,יום רגיל,5,11,70,6,,
2025079525,קלה,0,עירוני לא בצומת,1,עד 50,5 עד 7 מטר,אין ליקוי,בהיר,יבש,רביעי,יום,ערב חג,4,8,6600,5,,
2025079549,קשה,0,עירוני לא בצומת,1,עד 50,7 עד 10.5 מטר,אין ליקוי,בהיר,יבש,שבת,לילה,יום רגיל,3,23,4000,3,,
2025079561,קלה,0,עירוני בצומת,1,עד 50,7 עד 10.5 מטר,אין ליקוי,בהיר,יבש,רביעי,יום,יום רגיל,12,15,7100,6,,
2025079570,קלה,0,עירוני בצומת,1,עד 50,7 עד 10.5 מטר,אין ליקוי,בהיר,לא ידוע,רביעי,לילה,יום רגיל,11,5,7900,4,,
2025079574,קלה,0,עירוני בצומת,1,עד 50,7 עד 10.5 מטר,אין ליקוי,בהיר,יבש,רביעי,לילה,יום רגיל,6,0,3000,1,,
2025079579,קלה,0,עירוני לא בצומת,1,עד 50,,אין ליקוי,בהיר,יבש,ראשון,יום,יום רגיל,1,13,6200,5,,
2025079592,קלה,0,עירוני לא בצומת,1,עד 50,5 עד 7 מטר,אין ליקוי,בהיר,יבש,שבת,יום,יום רגיל,8,17,2600,6,,
2025079611,קשה,0,עירוני לא בצומת,1,70,5 עד 7 מטר,אין ליקוי,בהיר,יבש,חמישי,יום,יום רגיל,8,10,154,4,,
2025079620,קשה,0,לא עירוני לא בצומת,0,80,7 עד 10.5 מטר,אין ליקוי,בהיר,יבש,שלישי,יום,יום רגיל,1,15,0,7,,
2025079621,קלה,0,לא עירוני לא בצומת,0,80,,אין ליקוי,בהיר,יבש,שלישי,יום,יום רגיל,6,15,0,7,,
2025079658,קלה,0,עירוני בצומת,1,עד 50,5 עד 7 מטר,אין ליקוי,בהיר,יבש,שני,לילה,יום רגיל,1,19,7900,4,,
2025079661,קלה,0,לא עירוני בצומת,0,80,7 עד 10.5 מטר,אין ליקוי,בהיר,יבש,שישי,לילה,יום רגיל,11,16,0,4,,
2025079716,קשה,0,עירוני בצומת,1,עד 50,5 עד 7 מטר,אין ליקוי,בהיר,יבש,שלישי,יום,יום רגיל,4,14,6600,5,,
2025079769,קלה,0,לא עירוני בצומת,0,80,10.5 עד 14 מטר,אין ליקוי,לא ידוע,רטוב ממים,רביעי,לילה,יום רגיל,2,19,0,4,,
2025079772,קשה,0,עירוני בצומת,1,לא ידוע,,לא ידוע,לא ידוע,לא ידוע,שבת,יום,יום רגיל,5,17,7100,6,,
2025079778,קשה,0,עירוני בצומת,1,עד 50,10.5 עד 14 מטר,אין ליקוי,בהיר,יבש,שישי,יום,יום רגיל,9,8,6200,5,,
2025079783,קלה,0,עירוני בצומת,1,עד 50,5 עד 7 מטר,אין ליקוי,אחר,יבש,שישי,לילה,יום רגיל,4,19,1061,2,,
2025079789,קלה,0,לא עירוני לא בצומת,0,80,10.5 עד 14 מטר,אין ליקוי,בהיר,יבש,שלישי,יום,יום רגיל,9,14,0,2,,
2025079796,קשה,0,לא עירוני לא בצומת,0,90,10.5 עד 14 מטר,אין ליקוי,גשום,רטוב ממים,שני,לילה,יום רגיל,2,19,0,4,,
2025079799,קלה,0,עירוני לא בצומת,1,עד 50,,אין ליקוי,בהיר,יבש,שבת,לילה,יום רגיל,7,21,9000,6,,
2025079802,קשה,0,עירוני לא בצומת,1,עד 50,10.5 עד 14 מטר,אין ליקוי,בהיר,יבש,שישי,לילה,יום רגיל,7,4,70,6,,
2025079813,קלה,0,לא עירוני בצומת,0,90,יותר מ-14 מטר,אין ליקוי,בהיר,יבש,רביעי,יום,יום רגיל,7,12,0,6,,
2025079831,קשה,0,עירוני בצומת,1,עד 50,7 עד 10.5 מטר,אין ליקוי,בהיר,יבש,שני,יום,יום רגיל,6,5,7900,4,,
2025079835,קלה,0,עירוני בצומת,1,עד 50,5 עד 7 מטר,אין ליקוי,בהיר,יבש,שבת,לילה,יום רגיל,6,23,3000,1,,
2025079859,קשה,0,לא עירוני לא בצומת,0,לא ידוע,,לא ידוע,לא ידוע,לא ידוע,שבת,לילה,יום רגיל,6,21,0,6,,
2025079864,קלה,0,לא עירוני בצומת,0,עד 50,10.5 עד 14 מטר,אין ליקוי,בהיר,יבש,רביעי,יום,יום רגיל,5,12,0,3,,
2025079875,קשה,0,עירוני לא בצומת,1,לא ידוע,,לא ידוע,לא ידוע,לא ידוע,חמישי,יום,יום רגיל,1,16,3608,7,,
2025079886,קלה,0,עירוני לא בצומת,1,עד 50,5 עד 7 מטר,אין ליקוי,אחר,יבש,שלישי,יום,יום רגיל,6,19,3000,1,,
2025079896,קלה,0,עירוני בצומת,1,עד 50,5 עד 7 מטר,אין ליקוי,בהיר,יבש,שני,יום,יום רגיל,1,7,9600,3,,
2025079919,קלה,0,עירוני לא בצומת,1,עד 50,7 עד 10.5 מטר,אין ליקוי,בהיר,יבש,חמישי,יום,חול המועד,4,14,7400,4,,
2025079931,קלה,0,עירוני בצומת,1,עד 50,7 עד 10.5 מטר,אין ליקוי,בהיר,יבש,ראשון,יום,יום רגיל,11,14,7100,6,,
2025079933,קשה,0,עירוני לא בצומת,1,עד 50,7 עד 10.5 מטר,אין ליקוי,בהיר,יבש,חמישי,יום,יום רגיל,9,7,7600,2,,
2025079944,קלה,0,לא עירוני בצומת,0,70,7 עד 10.5 מטר,אין ליקוי,בהיר,יבש,שלישי,יום,יום רגיל,3,12,0,2,,
2025079961,קשה,0,עירוני בצומת,1,70,7 עד 10.5 מטר,אין ליקוי,בהיר,יבש,רביעי,לילה,יום רגיל,12,19,3000,1,,
2025079968,קשה,0,עירוני לא בצומת,1,לא ידוע,,לא ידוע,לא ידוע,לא ידוע,ראשון,יום,יום רגיל,12,15,5000,5,,
2025079972,קשה,0,לא עירוני לא בצומת,0,80,,אין ליקוי,בהיר,יבש,שישי,לילה,יום רגיל,5,19,0,2,,
2025080002,קשה,0,לא עירוני לא בצומת,0,לא ידוע,,לא ידוע,לא ידוע,לא ידוע,ראשון,לילה,יום רגיל,3,6,0,6,,
2025080016,קלה,0,עירוני לא בצומת,1,עד 50,7 עד 10.5 מטר,אין ליקוי,אחר,רטוב ממים,רביעי,לילה,יום רגיל,3,19,5000,5,,
2025080027,קשה,0,עירוני בצומת,1,עד 50,יותר מ-14 מטר,אין ליקוי,בהיר,יבש,ראשון,יום,יום רגיל,9,11,70,6,,
2025080047,קלה,0,לא עירוני בצומת,0,70,7 עד 10.5 מטר,אין ליקוי,בהיר,יבש,שישי,יום,יום רגיל,2,9,0,4,,
2025080082,קשה,0,לא עירוני לא בצומת,0,110,7 עד 10.5 מטר,אין ליקוי,בהיר,יבש,שישי,לילה,יום רגיל,2,18,0,6,,
2025080083,קשה,0,עירוני לא בצומת,1,לא ידוע,,לא ידוע,לא ידוע,לא ידוע,רביעי,יום,יום רגיל,1,8,246,6,,
2025080084,קלה,0,לא עירוני בצומת,0,60,10.5 עד 14 מטר,אין ליקוי,בהיר,יבש,שבת,יום,יום רגיל,8,8,0,4,,
2025080088,קלה,0,לא עירוני בצומת,0,60,5 עד 7 מטר,אין ליקוי,בהיר,יבש,שני,לילה,יום רגיל,1,0,0,4,,
2025080113,קשה,0,עירוני בצומת,1,עד 50,10.5 עד 14 מטר,אין ליקוי,בהיר,יבש,רביעי,יום,יום רגיל,8,14,8400,4,,
2025080127,קלה,0,עירוני לא בצומת,1,עד 50,5 עד 7 מטר,אין ליקוי,בהיר,יבש,חמישי,לילה,יום רגיל,11,18,5000,5,,
2025080175,קלה,0,לא עירוני בצומת,0,לא ידוע,,לא ידוע,לא ידוע,לא ידוע,רביעי,יום,יום רגיל,10,8,0,6,,
2025080206,קלה,0,עירוני בצומת,1,עד 50,10.5 עד 14 מטר,אין ליקוי,בהיר,יבש,שני,יום,יום רגיל,3,16,2640,4,,
2025080207,קלה,0,עירוני בצומת,1,עד 50,7 עד 10.5 מטר,אין ליקוי,בהיר,יבש,ראשון,לילה,יום רגיל,1,22,6900,4,,
2025080214,קלה,0,לא עירוני בצומת,0,80,יותר מ-14 מטר,אין ליקוי,בהיר,יבש,שלישי,יום,יום רגיל,4,8,0,6,,
2025080218,קשה,0,עירוני לא בצומת,1,לא ידוע,,לא ידוע,לא ידוע,לא ידוע,שישי,יום,יום רגיל,12,13,6100,5,,
2025080220,קלה,0,עירוני בצומת,1,עד 50,7 עד 10.5 מטר,אין ליקוי,בהיר,יבש,רביעי,יום,יום רגיל,6,12,4000,3,,
2025080247,קלה,0,עירוני לא בצומת,1,עד 50,7 עד 10.5 מטר,אין ליקוי,בהיר,יבש,שני,יום,יום רגיל,8,8,288,4,,
2025080295,קשה,0,עירוני בצומת,1,עד 50,7 עד 10.5 מטר,כביש משובש,בהיר,יבש,ראשון,יום,יום רגיל,6,8,7400,4,,
2025080296,קלה,0,לא עירוני לא בצומת,0,80,7 עד 10.5 מטר,אין ליקוי,בהיר,יבש,רביעי,יום,יום רגיל,3,8,0,7,,
2025080297,קלה,0,עירוני לא בצומת,1,עד 50,,אין ליקוי,בהיר,יבש,חמישי,יום,יום רגיל,2,14,5000,5,,
2025080298,קלה,0,עירוני לא בצומת,1,עד 50,7 עד 10.5 מטר,אין ליקוי,בהיר,יבש,שלישי,יום,יום רגיל,2,14,6200,5,,
2025080329,קשה,0,לא עירוני לא בצומת,0,70,5 עד 7 מטר,אין ליקוי,בהיר,יבש,חמישי,לילה,יום רגיל,10,20,0,3,,
2025080338,קלה,0,עירוני בצומת,1,עד 50,5 עד 7 מטר,אין ליקוי,בהיר,יבש,שני,יום,יום רגיל,3,15,7400,4,,
2025080354,קשה,0,עירוני לא בצומת,1,לא ידוע,,לא ידוע,לא ידוע,לא ידוע,שבת,יום,יום רגיל,2,16,502,2,,
2025080366,קלה,0,לא עירוני בצומת,0,לא ידוע,,לא ידוע,לא ידוע,לא ידוע,שלישי,יום,יום רגיל,4,7,0,5,,
2025080417,קלה,0,עירוני בצומת,1,עד 50,7 עד 10.5 מטר,אין ליקוי,בהיר,יבש,שלישי,לילה,יום רגיל,8,0,7400,4,,
2025080431,קלה,0,עירוני בצומת,1,לא ידוע,,לא ידוע,לא ידוע,לא ידוע,שישי,יום,יום רגיל,6,10,8600,5,,
2025080446,קשה,0,עירוני לא בצומת,1,לא ידוע,,לא ידוע,לא ידוע,לא ידוע,שבת,לילה,יום רגיל,3,22,2100,3,,
2025080451,קלה,0,לא עירוני לא בצומת,0,עד 50,7 עד 10.5 מטר,אין ליקוי,בהיר,יבש,שבת,יום,יום רגיל,5,9,0,4,,
2025080459,קלה,0,עירוני בצומת,1,עד 50,5 עד 7 מטר,אין ליקוי,בהיר,יבש,שני,יום,יום רגיל,3,10,8300,4,,
2025080460,קלה,0,עירוני לא בצומת,1,עד 50,10.5 עד 14 מטר,אין ליקוי,בהיר,יבש,שני,יום,יום רגיל,9,18,1224,4,,
2025080489,קשה,0,עירוני לא בצומת,1,לא ידוע,,לא ידוע,לא ידוע,לא ידוע,שלישי,יום,יום רגיל,6,15,7200,4,,
2025080495,קשה,0,עירוני לא בצומת,1,עד 50,7 עד 10.5 מטר,אין ליקוי,בהיר,יבש,חמישי,יום,יום רגיל,8,10,70,6,,
2025080502,קשה,0,עירוני לא בצומת,1,לא ידוע,,לא ידוע,לא ידוע,לא ידוע,ראשון,יום,יום רגיל,6,8,7100,6,,
2025080519,קלה,0,עירוני לא בצומת,1,עד 50,5 עד 7 מטר,אין ליקוי,בהיר,יבש,שני,יום,יום רגיל,5,17,31,6,,
2025080535,קלה,0,לא עירוני בצומת,0,90,7 עד 10.5 מטר,אין ליקוי,בהיר,יבש,שישי,יום,יום רגיל,6,17,0,3,,
2025080565,קלה,0,עירוני לא בצומת,1,עד 50,5 עד 7 מטר,אין ליקוי,בהיר,יבש,ראשון,יום,יום רגיל,11,11,7600,2,,
2025080573,קלה,0,עירוני בצומת,1,עד 50,,אין ליקוי,בהיר,יבש,רביעי,יום,יום רגיל,11,13,7800,3,,
2025080575,קלה,0,לא עירוני בצומת,0,עד 50,5 עד 7 מטר,אין ליקוי,בהיר,יבש,שני,יום,יום רגיל,3,14,0,2,,
2025080581,קלה,0,לא עירוני לא בצומת,0,80,5 עד 7 מטר,אין ליקוי,בהיר,יבש,חמישי,יום,יום רגיל,3,7,0,2,,
2025080597,קשה,0,עירוני לא בצומת,1,לא ידוע,,לא ידוע,לא ידוע,לא ידוע,שישי,יום,יום רגיל,8,10,2610,1,,
2025080634,קלה,0,עירוני לא בצומת,1,לא ידוע,,לא ידוע,לא ידוע,לא ידוע,ראשון,יום,יום רגיל,10,8,5000,5,,
2025080636,קלה,0,עירוני לא בצומת,1,עד 50,5 עד 7 מטר,לא ידוע,בהיר,חול או חצץ על הכביש,שלישי,יום,יום רגיל,8,10,2610,1,,
2025080663,קלה,0,עירוני בצומת,1,עד 50,10.5 עד 14 מטר,אין ליקוי,בהיר,יבש,שני,יום,יום רגיל,7,14,70,6,,
2025080717,קשה,0,עירוני לא בצומת,1,לא ידוע,,לא ידוע,לא ידוע,לא ידוע,שני,יום,חול המועד,4,15,8600,5,,
2025080757,קלה,0,עירוני לא בצומת,1,לא ידוע,,לא ידוע,לא ידוע,לא ידוע,ראשון,יום,יום רגיל,11,11,6400,5,,
2025080760,קשה,0,לא עירוני לא בצומת,0,80,7 עד 10.5 מטר,אין ליקוי,שרבי,יבש,שני,יום,ערב חג,10,12,0,7,,
2025080777,קלה,0,עירוני לא בצומת,1,עד 50,יותר מ-14 מטר,אין ליקוי,בהיר,יבש,ראשון,יום,יום רגיל,7,13,5000,5,,
2025080816,קלה,0,עירוני בצומת,1,עד 50,,לא ידוע,בהיר,יבש,שבת,לילה,ערב חג,4,1,5000,5,,
2025080821,קלה,0,עירוני בצומת,1,עד 50,7 עד 10.5 מטר,אין ליקוי,בהיר,יבש,שישי,יום,יום רגיל,5,7,70,6,,
2025080831,קלה,0,עירוני לא בצומת,1,עד 50,5 עד 7 מטר,אין ליקוי,בהיר,יבש,ראשון,יום,יום רגיל,5,13,8600,5,,
2025080833,קשה,0,עירוני לא בצומת,1,לא ידוע,,לא ידוע,לא ידוע,לא ידוע,חמישי,יום,יום רגיל,2,12,8300,4,,
2025080850,קשה,0,עירוני לא בצומת,1,70,10.5 עד 14 מטר,אין ליקוי,בהיר,יבש,ראשון,יום,חג,4,18,70,6,,
2025080878,קשה,0,עירוני בצומת,1,עד 50,עד 5 מטר,אין ליקוי,בהיר,יבש,חמישי,לילה,יום רגיל,1,6,9600,3,,
2025080883,קטלנית,1,עירוני לא בצומת,1,עד 50,5 עד 7 מטר,כביש משובש,בהיר,חול או חצץ על הכביש,שני,יום,יום רגיל,3,16,2013,4,,
2025080910,קשה,0,עירוני בצומת,1,עד 50,7 עד 10.5 מטר,אין ליקוי,בהיר,יבש,חמישי,יום,יום רגיל,10,8,7400,4,,
2025080943,קלה,0,עירוני לא בצומת,1,עד 50,5 עד 7 מטר,אין ליקוי,בהיר,יבש,רביעי,לילה,יום רגיל,10,6,9200,2,,
2025080978,קשה,0,עירוני לא בצומת,1,עד 50,5 עד 7 מטר,אין ליקוי,לא ידוע,יבש,שישי,יום,יום רגיל,5,16,3000,1,,
2025080986,קלה,0,לא עירוני בצומת,0,90,7 עד 10.5 מטר,אין ליקוי,בהיר,יבש,חמישי,לילה,יום רגיל,10,20,0,4,,
2025080998,קשה,0,עירוני לא בצומת,1,עד 50,10.5 עד 14 מטר,אין ליקוי,בהיר,יבש,שלישי,לילה,יום רגיל,11,23,7400,4,,
2025081023,קלה,0,עירוני בצומת,1,60,יותר מ-14 מטר,אין ליקוי,בהיר,יבש,חמישי,יום,יום רגיל,4,18,9000,6,,
2025081027,קלה,0,עירוני בצומת,1,עד 50,5 עד 7 מטר,אין ליקוי,בהיר,יבש,שני,לילה,ערב חג,10,1,5000,5,,
2025081036,קשה,0,לא עירוני לא בצומת,0,לא ידוע,,לא ידוע,לא ידוע,לא ידוע,רביעי,יום,יום רגיל,7,14,0,1,,
2025081046,קלה,0,לא עירוני בצומת,0,80,,אין ליקוי,בהיר,יבש,חמישי,יום,יום רגיל,10,12,0,2,,
2025081048,קלה,0,עירוני בצומת,1,עד 50,,אין ליקוי,בהיר,יבש,חמישי,יום,יום רגיל,5,12,6200,5,,
2025081057,קלה,0,לא עירוני לא בצומת,0,110,10.5 עד 14 מטר,אין ליקוי,בהיר,יבש,שני,יום,יום רגיל,5,17,0,4,,
2025081082,קלה,0,עירוני לא בצומת,1,לא ידוע,,לא ידוע,לא ידוע,לא ידוע,שבת,יום,יום רגיל,9,16,6200,5,,
2025081101,קלה,0,לא עירוני בצומת,0,90,יותר מ-14 מטר,אין ליקוי,לא ידוע,יבש,שישי,לילה,יום רגיל,12,17,0,2,,
2025081104,קלה,0,עירוני בצומת,1,עד 50,,לא ידוע,בהיר,יבש,ראשון,יום,יום רגיל,6,18,8700,4,,
2025081109,קלה,0,לא עירוני בצומת,0,70,10.5 עד 14 מטר,אין ליקוי,בהיר,יבש,חמישי,לילה,יום רגיל,8,19,0,2,,
2025081116,קלה,0,עירוני לא בצומת,1,עד 50,,לא ידוע,בהיר,יבש,חמישי,לילה,יום רגיל,9,4,473,2,,
2025081121,קלה,0,עירוני בצומת,1,עד 50,5 עד 7 מטר,אין ליקוי,בהיר,יבש,ראשון,יום,יום רגיל,5,7,8700,4,,
2025081128,קלה,0,לא עירוני לא בצומת,0,60,עד 5 מטר,אין ליקוי,בהיר,יבש,שני,לילה,יום רגיל,8,20,0,4,,
2025081132,קשה,0,עירוני לא בצומת,1,לא ידוע,,לא ידוע,לא ידוע,לא ידוע,רביעי,לילה,יום רגיל,10,18,6900,4,,
2025081136,קלה,0,לא עירוני בצומת,0,90,10.5 עד 14 מטר,אין ליקוי,בהיר,יבש,שישי,יום,יום רגיל,12,13,0,4,,
2025081137,קשה,0,עירוני בצומת,1,עד 50,5 עד 7 מטר,אין ליקוי,בהיר,יבש,שישי,יום,יום רגיל,9,12,1139,2,,
2025081146,קלה,0,לא עירוני לא בצומת,0,90,5 עד 7 מטר,אין ליקוי,בהיר,יבש,שלישי,יום,יום רגיל,3,14,0,6,,
2025081154,קלה,0,עירוני לא בצומת,1,עד 50,7 עד 10.5 מטר,לא ידוע,בהיר,יבש,ראשון,יום,יום רגיל,10,7,874,2,,
2025081191,קשה,0,עירוני לא בצומת,1,לא ידוע,,לא ידוע,לא ידוע,לא ידוע,שני,לילה,יום רגיל,1,18,7100,6,,
2025081197,קלה,0,עירוני לא בצומת,1,לא ידוע,,לא ידוע,לא ידוע,לא ידוע,רביעי,יום,יום רגיל,12,15,8300,4,,
2025081202,קלה,0,עירוני בצומת,1,עד 50,5 עד 7 מטר,אין ליקוי,בהיר,יבש,חמישי,יום,יום רגיל,6,8,7100,6,,
2025081204,קלה,0,עירוני בצומת,1,עד 50,5 עד 7 מטר,אין ליקוי,בהיר,יבש,רביעי,לילה,יום רגיל,3,0,6900,4,,
2025081227,קלה,0,עירוני בצומת,1,עד 50,5 עד 7 מטר,אין ליקוי,בהיר,יבש,שישי,יום,יום רגיל,4,14,5000,5,,
2025081229,קלה,0,עירוני בצומת,1,עד 50,7 עד 10.5 מטר,אין ליקוי,בהיר,יבש,שישי,יום,יום רגיל,4,14,7000,4,,
2025081232,קטלנית,1,לא עירוני לא בצומת,0,90,10.5 עד 14 מטר,אין ליקוי,בהיר,יבש,חמישי,יום,יום רגיל,5,11,0,6,,
2025081250,קלה,0,עירוני בצומת,1,עד 50,7 עד 10.5 מטר,אין ליקוי,בהיר,יבש,רביעי,יום,יום רגיל,6,11,9500,3,,
2025081252,קלה,0,עירוני בצומת,1,עד 50,7 עד 10.5 מטר,אין ליקוי,בהיר,יבש,חמישי,לילה,יום רגיל,1,20,7400,4,,
2025081254,קלה,0,עירוני לא בצומת,1,70,10.5 עד 14 מטר,אין ליקוי,בהיר,יבש,חמישי,לילה,יום רגיל,1,19,9100,2,,
2025081257,קלה,0,עירוני לא בצומת,1,עד 50,7 עד 10.5 מטר,אין ליקוי,בהיר,יבש,שני,יום,יום רגיל,4,7,195,4,,
2025081260,קלה,0,לא עירוני לא בצומת,0,לא ידוע,,לא ידוע,לא ידוע,לא ידוע,שלישי,לילה,יום רגיל,11,22,0,6,,
2025081267,קלה,0,עירוני בצומת,1,עד 50,יותר מ-14 מטר,אין ליקוי,בהיר,יבש,חמישי,יום,ערב חג,3,13,6900,4,,
2025081268,קשה,0,לא עירוני לא בצומת,0,80,7 עד 10.5 מטר,אין ליקוי,בהיר,יבש,ראשון,יום,יום רגיל,7,16,0,7,,
2025081270,קלה,0,עירוני לא בצומת,1,עד 50,5 עד 7 מטר,אין ליקוי,בהיר,יבש,חמישי,יום,יום רגיל,6,16,3000,1,,
2025081286,קלה,0,לא עירוני בצומת,0,90,5 עד 7 מטר,לא ידוע,בהיר,לא ידוע,חמישי,לילה,יום רגיל,1,17,0,6,,
2025081290,קלה,0,עירוני לא בצומת,1,עד 50,,אין ליקוי,בהיר,לא ידוע,רביעי,לילה,יום רגיל,7,20,3000,1,,
2025081297,קלה,0,לא עירוני לא בצומת,0,80,7 עד 10.5 מטר,אין ליקוי,בהיר,יבש,שני,יום,יום רגיל,9,7,0,2,,
2025081308,קלה,0,עירוני לא בצומת,1,עד 50,,אין ליקוי,בהיר,יבש,רביעי,יום,יום רגיל,9,11,6400,5,,
2025081311,קשה,0,עירוני לא בצומת,1,עד 50,5 עד 7 מטר,כביש משובש,בהיר,יבש,שבת,לילה,יום רגיל,9,22,8900,2,,
2025081355,קלה,0,לא עירוני בצומת,0,90,יותר מ-14 מטר,אין ליקוי,בהיר,יבש,שבת,לילה,יום רגיל,11,20,0,4,,
2025081376,קלה,0,עירוני בצומת,1,לא ידוע,,לא ידוע,לא ידוע,לא ידוע,שלישי,לילה,יום רגיל,12,17,8600,5,,
2025081378,קלה,0,עירוני בצומת,1,עד 50,7 עד 10.5 מטר,אין ליקוי,בהיר,יבש,רביעי,יום,יום רגיל,9,8,6500,3,,
2025081381,קשה,0,עירוני לא בצומת,1,60,7 עד 10.5 מטר,אין ליקוי,בהיר,יבש,שני,יום,יום רגיל,1,16,6200,5,,
2025081425,קלה,0,עירוני בצומת,1,עד 50,5 עד 7 מטר,אין ליקוי,בהיר,יבש,חמישי,יום,יום רגיל,4,13,7900,4,,
2025081457,קלה,0,עירוני בצומת,1,עד 50,5 עד 7 מטר,אין ליקוי,בהיר,יבש,ראשון,יום,יום רגיל,6,12,6500,3,,
2025081488,קלה,0,עירוני לא בצומת,1,עד 50,7 עד 10.5 מטר,אין ליקוי,בהיר,יבש,שישי,לילה,יום רגיל,6,21,70,6,,
2025081514,קטלנית,1,לא עירוני לא בצומת,0,70,7 עד 10.5 מטר,לא ידוע,בהיר,יבש,רביעי,לילה,יום רגיל,7,20,0,2,,
2025081522,קשה,0,עירוני בצומת,1,עד 50,5 עד 7 מטר,אין ליקוי,בהיר,יבש,שבת,יום,יום רגיל,3,16,3000,1,,
2025081560,קטלנית,1,לא עירוני לא בצומת,0,עד 50,5 עד 7 מטר,אין ליקוי,בהיר,יבש,חמישי,יום,יום רגיל,3,7,0,6,,
2025081566,קשה,0,עירוני בצומת,1,עד 50,5 עד 7 מטר,אין ליקוי,בהיר,יבש,רביעי,יום,יום רגיל,5,16,6100,5,,
2025081601,קשה,0,עירוני לא בצומת,1,עד 50,7 עד 10.5 מטר,אין ליקוי,בהיר,יבש,שני,יום,יום רגיל,11,9,7000,4,,
2025081616,קלה,0,עירוני לא בצומת,1,עד 50,5 עד 7 מטר,אין ליקוי,בהיר,יבש,חמישי,יום,יום רגיל,3,9,1309,4,,
2025081620,קטלנית,1,עירוני בצומת,1,עד 50,10.5 עד 14 מטר,אין ליקוי,בהיר,יבש,חמישי,יום,יום רגיל,9,9,2500,3,,
2025081649,קטלנית,1,עירוני לא בצומת,1,עד 50,7 עד 10.5 מטר,אין ליקוי,בהיר,יבש,שני,יום,יום רגיל,8,6,168,4,,
2025081657,קלה,0,עירוני לא בצומת,1,עד 50,5 עד 7 מטר,אין ליקוי,בהיר,רטוב ממים,רביעי,לילה,יום רגיל,12,17,5000,5,,
2025081658,קלה,0,עירוני בצומת,1,60,יותר מ-14 מטר,אין ליקוי,בהיר,יבש,שני,יום,יום רגיל,7,18,9000,6,,
2025081659,קלה,0,לא עירוני בצומת,0,עד 50,7 עד 10.5 מטר,אין ליקוי,בהיר,יבש,שישי,יום,יום רגיל,6,13,0,4,,
2025081670,קשה,0,עירוני בצומת,1,עד 50,7 עד 10.5 מטר,אין ליקוי,בהיר,יבש,שישי,לילה,יום רגיל,9,22,6900,4,,
2025081679,קשה,0,לא עירוני לא בצומת,0,80,7 עד 10.5 מטר,אין ליקוי,בהיר,יבש,שני,יום,יום רגיל,3,13,0,7,,
2025081684,קלה,0,עירוני בצומת,1,עד 50,5 עד 7 מטר,אין ליקוי,לא ידוע,לא ידוע,שני,יום,יום רגיל,4,12,8700,4,,
2025081695,קלה,0,לא עירוני בצומת,0,עד 50,5 עד 7 מטר,אין ליקוי,בהיר,יבש,רביעי,לילה,יום רגיל,2,6,0,3,,
2025081710,קשה,0,עירוני לא בצומת,1,עד 50,7 עד 10.5 מטר,אין ליקוי,בהיר,יבש,שבת,יום,יום רגיל,7,15,633,4,,
2025081739,קלה,0,עירוני בצומת,1,עד 50,,אין ליקוי,בהיר,יבש,שלישי,יום,יום רגיל,10,11,7400,4,,
2025081748,קשה,0,לא עירוני לא בצומת,0,70,7 עד 10.5 מטר,אין ליקוי,בהיר,יבש,חמישי,יום,יום רגיל,2,16,0,1,,
2025081758,קלה,0,לא עירוני בצומת,0,70,7 עד 10.5 מטר,אין ליקוי,בהיר,יבש,שישי,לילה,יום רגיל,9,1,0,6,,
2025081763,קלה,0,עירוני לא בצומת,1,עד 50,,אין ליקוי,לא ידוע,יבש,חמישי,יום,יום רגיל,8,11,5000,5,,
2025081771,קלה,0,עירוני לא בצומת,1,לא ידוע,,לא ידוע,לא ידוע,לא ידוע,חמישי,יום,יום רגיל,11,8,6200,5,,
2025081774,קלה,0,לא עירוני בצומת,0,60,7 עד 10.5 מטר,אין ליקוי,בהיר,יבש,שני,לילה,יום רגיל,7,22,0,4,,
2025081777,קשה,0,לא עירוני בצומת,0,90,10.5 עד 14 מטר,אין ליקוי,בהיר,יבש,שלישי,יום,יום רגיל,4,16,0,4,,
2025081787,קלה,0,עירוני לא בצומת,1,70,5 עד 7 מטר,אין ליקוי,בהיר,יבש,שישי,לילה,יום רגיל,11,22,4000,3,,
2025081796,קלה,0,לא עירוני בצומת,0,90,יותר מ-14 מטר,אין ליקוי,בהיר,יבש,שלישי,יום,יום רגיל,1,14,0,5,,
2025081823,קלה,0,לא עירוני בצומת,0,80,7 עד 10.5 מטר,אין ליקוי,בהיר,יבש,שבת,יום,יום רגיל,9,16,0,2,,
2025081827,קשה,0,עירוני בצומת,1,עד 50,5 עד 7 מטר,אין ליקוי,בהיר,יבש,שני,לילה,יום רגיל,6,21,5000,5,,
2025081833,קשה,0,עירוני לא בצומת,1,לא ידוע,,לא ידוע,לא ידוע,לא ידוע,ראשון,יום,יום רגיל,3,9,7100,6,,
2025081838,קלה,0,עירוני בצומת,1,עד 50,10.5 עד 14 מטר,אין ליקוי,בהיר,יבש,ראשון,לילה,יום רגיל,9,23,4000,3,,
2025081891,קטלנית,1,לא עירוני לא בצומת,0,70,7 עד 10.5 מטר,אין ליקוי,בהיר,יבש,רביעי,יום,יום רגיל,3,12,0,3,,
2025081901,קלה,0,עירוני בצומת,1,עד 50,10.5 עד 14 מטר,אין ליקוי,בהיר,יבש,שבת,יום,יום רגיל,10,11,5000,5,,
2025081905,קלה,0,עירוני בצומת,1,עד 50,,אין ליקוי,בהיר,יבש,שבת,יום,יום רגיל,5,9,6300,5,,
2025081932,קלה,0,עירוני לא בצומת,1,עד 50,5 עד 7 מטר,אין ליקוי,בהיר,יבש,רביעי,לילה,יום רגיל,2,17,1309,4,,
2025081951,קשה,0,עירוני לא בצומת,1,עד 50,,לא ידוע,בהיר,רטוב ממים,שני,יום,יום רגיל,12,8,8200,3,,
2025081952,קלה,0,עירוני לא בצומת,1,עד 50,5 עד 7 מטר,אין ליקוי,בהיר,יבש,שני,יום,יום רגיל,4,17,7700,2,,
2025081963,קלה,0,לא עירוני לא בצומת,0,80,יותר מ-14 מטר,אין ליקוי,בהיר,יבש,שבת,לילה,יום רגיל,10,5,0,3,,
2025081979,קלה,0,עירוני לא בצומת,1,עד 50,5 עד 7 מטר,אין ליקוי,לא ידוע,לא ידוע,שבת,לילה,יום רגיל,9,22,417,4,,
2025082000,קשה,0,עירוני בצומת,1,עד 50,עד 5 מטר,אין ליקוי,בהיר,יבש,שלישי,לילה,יום רגיל,2,5,681,4,,
2025082017,קשה,0,לא עירוני לא בצומת,0,70,7 עד 10.5 מטר,אין ליקוי,בהיר,יבש,שבת,לילה,יום רגיל,3,23,0,4,,
2025082020,קלה,0,עירוני לא בצומת,1,עד 50,10.5 עד 14 מטר,אין ליקוי,בהיר,יבש,שישי,יום,יום רגיל,5,10,9600,3,,
2025082021,קלה,0,עירוני לא בצומת,1,עד 50,10.5 עד 14 מטר,אין ליקוי,בהיר,יבש,ראשון,יום,יום רגיל,8,10,4000,3,,
2025082042,קשה,0,עירוני לא בצומת,1,לא ידוע,,לא ידוע,לא ידוע,לא ידוע,שישי,לילה,יום רגיל,8,1,9600,3,,
2025082044,קלה,0,עירוני לא בצומת,1,לא ידוע,,לא ידוע,לא ידוע,לא ידוע,ראשון,לילה,יום רגיל,12,6,6900,4,,
2025082051,קשה,0,עירוני בצומת,1,לא ידוע,,לא ידוע,לא ידוע,לא ידוע,רביעי,לילה,ערב חג,4,22,8400,4,,
2025082054,קשה,0,עירוני בצומת,1,עד 50,5 עד 7 מטר,אין ליקוי,בהיר,יבש,חמישי,יום,יום רגיל,4,12,498,2,,
2025082063,קשה,0,עירוני בצומת,1,לא ידוע,,לא ידוע,לא ידוע,לא ידוע,ראשון,יום,יום רגיל,3,7,2550,4,,
2025082066,קלה,0,עירוני לא בצומת,1,לא ידוע,עד 5 מטר,אין ליקוי,בהיר,יבש,רביעי,יום,יום רגיל,12,13,6600,5,,
2025082071,קלה,0,לא עירוני בצומת,0,80,7 עד 10.5 מטר,אין ליקוי,בהיר,יבש,ראשון,לילה,יום רגיל,12,19,0,4,,
2025082077,קשה,0,לא עירוני בצומת,0,עד 50,7 עד 10.5 מטר,אין ליקוי,בהיר,יבש,שלישי,יום,יום רגיל,6,7,0,2,,
2025082085,קשה,0,לא עירוני לא בצומת,0,לא ידוע,,לא ידוע,לא ידוע,לא ידוע,שבת,לילה,יום רגיל,5,22,0,2,,
2025082099,קשה,0,עירוני לא בצומת,1,לא ידוע,,לא ידוע,לא ידוע,לא ידוע,חמישי,יום,יום רגיל,6,9,7100,6,,
2025082106,קשה,0,עירוני לא בצומת,1,60,יותר מ-14 מטר,אין ליקוי,בהיר,יבש,רביעי,לילה,יום רגיל,3,21,6100,5,,
2025082148,קלה,0,עירוני בצומת,1,לא ידוע,,לא ידוע,לא ידוע,לא ידוע,חמישי,לילה,יום רגיל,11,17,229,4,,
2025082152,קלה,0,עירוני בצומת,1,עד 50,7 עד 10.5 מטר,אין ליקוי,בהיר,יבש,שלישי,יום,יום רגיל,4,10,70,6,,
2025082155,קשה,0,עירוני בצומת,1,לא ידוע,,לא ידוע,לא ידוע,לא ידוע,חמישי,לילה,יום רגיל,7,5,7900,4,,
2025082158,קלה,0,עירוני לא בצומת,1,עד 50,10.5 עד 14 מטר,אין ליקוי,בהיר,יבש,שישי,יום,יום רגיל,5,12,6400,5,,
2025082159,קשה,0,לא עירוני לא בצומת,0,90,7 עד 10.5 מטר,אין ליקוי,בהיר,יבש,שלישי,יום,יום רגיל,7,18,0,6,,
2025082179,קשה,0,לא עירוני לא בצומת,0,לא ידוע,,לא ידוע,לא ידוע,לא ידוע,שישי,יום,יום רגיל,12,9,0,6,,
2025082183,קשה,0,לא עירוני לא בצומת,0,לא ידוע,,לא ידוע,לא ידוע,לא ידוע,רביעי,לילה,ערב חג,10,19,0,5,,
2025082221,קשה,0,לא עירוני לא בצומת,0,לא ידוע,,לא ידוע,לא ידוע,לא ידוע,ראשון,לילה,יום רגיל,6,20,0,4,,
2025082223,קלה,0,לא עירוני בצומת,0,עד 50,7 עד 10.5 מטר,אין ליקוי,בהיר,יבש,ראשון,לילה,יום רגיל,11,1,0,5,,
2025082226,קלה,0,עירוני לא בצומת,1,עד 50,5 עד 7 מטר,אין ליקוי,בהיר,יבש,שני,יום,יום רגיל,7,9,7900,4,,
2025082230,קשה,0,עירוני לא בצומת,1,עד 50,,אין ליקוי,בהיר,יבש,שלישי,יום,יום רגיל,3,14,2650,5,,
2025082241,קלה,0,לא עירוני בצומת,0,90,7 עד 10.5 מטר,אין ליקוי,בהיר,יבש,שישי,יום,יום רגיל,4,14,0,2,,
2025082246,קלה,0,עירוני בצומת,1,עד 50,5 עד 7 מטר,אין ליקוי,בהיר,יבש,רביעי,יום,ערב חג,4,9,7900,4,,
2025082247,קלה,0,עירוני לא בצומת,1,לא ידוע,עד 5 מטר,אין ליקוי,בהיר,יבש,שבת,יום,יום רגיל,2,8,5000,5,,
2025082253,קלה,0,לא עירוני בצומת,0,עד 50,יותר מ-14 מטר,אין ליקוי,בהיר,יבש,חמישי,לילה,יום רגיל,12,6,0,2,,
2025082264,קלה,0,עירוני לא בצומת,1,עד 50,10.5 עד 14 מטר,אין ליקוי,בהיר,יבש,שבת,לילה,יום רגיל,2,21,3000,1,,
2025082315,קלה,0,עירוני בצומת,1,עד 50,5 עד 7 מטר,אין ליקוי,בהיר,יבש,ראשון,יום,יום רגיל,1,9,2600,6,,
2025082328,קלה,0,עירוני בצומת,1,עד 50,7 עד 10.5 מטר,אין ליקוי,גשום,רטוב ממים,שבת,לילה,יום רגיל,3,0,5000,5,,
2025082350,קלה,0,לא עירוני בצומת,0,80,7 עד 10.5 מטר,אין ליקוי,בהיר,יבש,חמישי,יום,יום רגיל,1,10,0,3,,
2025082371,קשה,0,לא עירוני לא בצומת,0,80,5 עד 7 מטר,אין ליקוי,בהיר,יבש,חמישי,יום,חג,10,11,0,4,,
2025082387,קלה,0,עירוני לא בצומת,1,עד 50,5 עד 7 מטר,אין ליקוי,בהיר,יבש,שני,לילה,יום רגיל,3,18,6200,5,,
2025082403,קלה,0,לא עירוני בצומת,0,עד 50,10.5 עד 14 מטר,אין ליקוי,בהיר,יבש,ראשון,יום,יום רגיל,2,11,0,2,,
2025082427,קלה,0,עירוני בצומת,1,עד 50,7 עד 10.5 מטר,אין ליקוי,בהיר,יבש,ראשון,יום,יום רגיל,9,17,2620,5,,
2025082430,קלה,0,עירוני בצומת,1,עד 50,7 עד 10.5 מטר,אין ליקוי,בהיר,יבש,חמישי,יום,יום רגיל,10,15,4000,3,,
2025082452,קלה,0,לא עירוני לא בצומת,0,80,7 עד 10.5 מטר,אין ליקוי,בהיר,יבש,שבת,לילה,יום רגיל,9,20,0,2,,
2025082476,קלה,0,עירוני לא בצומת,1,עד 50,7 עד 10.5 מטר,אין ליקוי,בהיר,יבש,שישי,לילה,יום רגיל,7,0,7400,4,,
2025082502,קלה,0,עירוני לא בצומת,1,לא ידוע,,לא ידוע,לא ידוע,לא ידוע,ראשון,לילה,יום רגיל,12,1,6600,5,,
2025082550,קשה,0,לא עירוני לא בצומת,0,100,10.5 עד 14 מטר,אין ליקוי,בהיר,יבש,שני,לילה,יום רגיל,7,1,0,3,,
2025082563,קלה,0,עירוני לא בצומת,1,לא ידוע,,לא ידוע,לא ידוע,לא ידוע,שבת,יום,יום רגיל,11,13,5000,5,,
2025082597,קשה,0,לא עירוני בצומת,0,לא ידוע,,לא ידוע,לא ידוע,לא ידוע,ראשון,יום,יום רגיל,8,17,0,3,,
2025082636,קלה,0,עירוני בצומת,1,עד 50,יותר מ-14 מטר,אין ליקוי,בהיר,יבש,ראשון,יום,יום רגיל,5,9,70,6,,
2025082647,קלה,0,לא עירוני בצומת,0,90,7 עד 10.5 מטר,אין ליקוי,בהיר,יבש,ראשון,לילה,יום רגיל,3,1,0,4,,
2025082673,קשה,0,לא עירוני לא בצומת,0,80,7 עד 10.5 מטר,לא ידוע,בהיר,יבש,שני,יום,יום רגיל,6,16,0,6,,
2025082713,קלה,0,עירוני לא בצומת,1,60,7 עד 10.5 מטר,אין ליקוי,בהיר,יבש,שלישי,יום,יום רגיל,11,7,5000,5,,
2025082719,קלה,0,עירוני בצומת,1,עד 50,5 עד 7 מטר,אין ליקוי,בהיר,יבש,שני,יום,יום רגיל,6,19,6600,5,,
2025082724,קלה,0,עירוני בצומת,1,עד 50,5 עד 7 מטר,אין ליקוי,בהיר,יבש,שני,יום,יום רגיל,9,8,31,6,,
2025082744,קשה,0,עירוני לא בצומת,1,לא ידוע,,לא ידוע,לא ידוע,לא ידוע,רביעי,יום,יום רגיל,6,16,2660,4,,
2025082745,קלה,0,עירוני בצומת,1,עד 50,10.5 עד 14 מטר,אין ליקוי,בהיר,יבש,ראשון,יום,יום רגיל,3,16,4000,3,,
2025082763,קלה,0,לא עירוני לא בצומת,0,70,7 עד 10.5 מטר,אין ליקוי,בהיר,יבש,רביעי,לילה,יום רגיל,12,0,0,4,,
2025082809,קלה,0,עירוני לא בצומת,1,עד 50,5 עד 7 מטר,אין ליקוי,בהיר,יבש,חמישי,יום,יום רגיל,2,16,7400,4,,
2025082810,קלה,0,לא עירוני לא בצומת,0,80,7 עד 10.5 מטר,אין ליקוי,בהיר,יבש,חמישי,לילה,ערב חג,3,19,0,7,,
2025082811,קלה,0,לא עירוני בצומת,0,עד 50,יותר מ-14 מטר,אין ליקוי,בהיר,יבש,רביעי,יום,יום רגיל,8,17,0,3,,
2025082843,קלה,0,עירוני לא בצומת,1,לא ידוע,,לא ידוע,לא ידוע,לא ידוע,שני,לילה,יום רגיל,12,20,6200,5,,
2025082845,קלה,0,עירוני לא בצומת,1,לא ידוע,,לא ידוע,לא ידוע,לא ידוע,שני,יום,יום רגיל,2,7,4000,3,,
2025082869,קלה,0,עירוני לא בצומת,1,עד 50,7 עד 10.5 מטר,אין ליקוי,בהיר,יבש,חמישי,לילה,חג,5,20,2630,6,,
2025082871,קשה,0,לא עירוני לא בצומת,0,לא ידוע,,אין ליקוי,בהיר,יבש,ראשון,יום,יום רגיל,5,7,0,7,,
2025082877,קלה,0,עירוני בצומת,1,עד 50,7 עד 10.5 מטר,אין ליקוי,בהיר,יבש,שישי,יום,ערב חג,4,7,7900,4,,
2025082896,קלה,0,עירוני לא בצומת,1,עד 50,5 עד 7 מטר,אין ליקוי,בהיר,יבש,חמישי,יום,יום רגיל,1,13,9100,2,,
2025082904,קלה,0,עירוני לא בצומת,1,עד 50,7 עד 10.5 מטר,אין ליקוי,בהיר,יבש,שישי,יום,יום רגיל,9,13,5000,5,,
2025082907,קלה,0,לא עירוני בצומת,0,לא ידוע,,לא ידוע,לא ידוע,לא ידוע,ראשון,יום,יום רגיל,11,7,0,4,,
2025082917,קשה,0,עירוני לא בצומת,1,לא ידוע,,לא ידוע,לא ידוע,לא ידוע,ראשון,יום,יום רגיל,1,13,6100,5,,
2025082920,קשה,0,עירוני לא בצומת,1,עד 50,5 עד 7 מטר,אין ליקוי,בהיר,יבש,שישי,יום,יום רגיל,3,17,8000,2,,
2025082932,קלה,0,עירוני בצומת,1,עד 50,10.5 עד 14 מטר,אין ליקוי,בהיר,יבש,שני,יום,יום רגיל,9,15,3000,1,,
2025082954,קלה,0,לא עירוני בצומת,0,לא ידוע,,לא ידוע,לא ידוע,לא ידוע,שבת,יום,יום רגיל,5,13,0,5,,
2025082970,קלה,0,לא עירוני בצומת,0,80,יותר מ-14 מטר,אין ליקוי,בהיר,יבש,שני,לילה,יום רגיל,10,20,0,3,,
2025082994,קשה,0,עירוני לא בצומת,1,לא ידוע,,לא ידוע,לא ידוע,לא ידוע,רביעי,יום,יום רגיל,3,14,7000,4,,
2025083035,קלה,0,לא עירוני בצומת,0,70,10.5 עד 14 מטר,אין ליקוי,בהיר,יבש,שישי,לילה,יום רגיל,2,4,0,3,,
2025083066,קשה,0,עירוני לא בצומת,1,לא ידוע,,לא ידוע,לא ידוע,לא ידוע,שלישי,יום,יום רגיל,12,7,8500,4,,
2025083089,קלה,0,עירוני בצומת,1,90,,לא ידוע,בהיר,יבש,חמישי,יום,יום רגיל,6,16,9600,3,,
2025083095,קלה,0,לא עירוני לא בצומת,0,80,7 עד 10.5 מטר,אין ליקוי,בהיר,יבש,חמישי,יום,חול המועד,4,15,0,2,,
2025083100,קשה,0,לא עירוני לא בצומת,0,90,10.5 עד 14 מטר,אין ליקוי,בהיר,יבש,שישי,יום,יום רגיל,7,15,0,4,,
2025083104,קשה,0,עירוני בצומת,1,עד 50,10.5 עד 14 מטר,אין ליקוי,בהיר,יבש,שישי,יום,יום רגיל,1,12,70,6,,
2025083110,קלה,0,לא עירוני לא בצומת,0,90,יותר מ-14 מטר,אין ליקוי,בהיר,יבש,רביעי,יום,יום רגיל,6,10,0,4,,
2025083111,קשה,0,עירוני לא בצומת,1,לא ידוע,,לא ידוע,לא ידוע,לא ידוע,חמישי,יום,יום רגיל,1,16,6900,4,,
2025083119,קלה,0,עירוני בצומת,1,עד 50,5 עד 7 מטר,אין ליקוי,בהיר,יבש,שלישי,יום,יום רגיל,3,14,7900,4,,
2025083125,קשה,0,לא עירוני לא בצומת,0,110,7 עד 10.5 מטר,אין ליקוי,בהיר,יבש,שלישי,יום,יום רגיל,11,8,0,6,,
2025083126,קלה,0,עירוני בצומת,1,עד 50,10.5 עד 14 מטר,אין ליקוי,בהיר,יבש,שני,לילה,חג,6,23,4000,3,,
2025083128,קשה,0,לא עירוני בצומת,0,90,יותר מ-14 מטר,אין ליקוי,בהיר,יבש,חמישי,יום,יום רגיל,7,12,0,6,,
2025083139,קלה,0,עירוני בצומת,1,עד 50,,אין ליקוי,בהיר,יבש,שישי,יום,יום רגיל,5,9,7000,4,,
2025083140,קלה,0,עירוני בצומת,1,לא ידוע,,לא ידוע,לא ידוע,לא ידוע,חמישי,לילה,יום רגיל,11,22,9500,3,,
2025083141,קלה,0,עירוני לא בצומת,1,עד 50,עד 5 מטר,אין ליקוי,בהיר,יבש,שלישי,יום,יום רגיל,8,15,1309,4,,
2025083172,קשה,0,לא עירוני בצומת,0,90,10.5 עד 14 מטר,אין ליקוי,בהיר,יבש,שישי,יום,יום רגיל,6,15,0,6,,
2025083180,קשה,0,לא עירוני בצומת,0,עד 50,5 עד 7 מטר,אין ליקוי,בהיר,יבש,חמישי,לילה,יום רגיל,9,20,0,5,,
2025083227,קטלנית,1,עירוני בצומת,1,60,5 עד 7 מטר,אין ליקוי,בהיר,יבש,שישי,יום,יום רגיל,6,6,5000,5,,
2025083233,קשה,0,עירוני בצומת,1,לא ידוע,,לא ידוע,לא ידוע,לא ידוע,שישי,יום,יום רגיל,3,7,6100,5,,
2025083246,קטלנית,1,לא עירוני לא בצומת,0,70,7 עד 10.5 מטר,אין ליקוי,גשום,רטוב ממים,שלישי,יום,יום רגיל,12,14,0,1,,
2025083261,קלה,0,עירוני בצומת,1,עד 50,5 עד 7 מטר,אין ליקוי,בהיר,יבש,חמישי,לילה,יום רגיל,2,23,2600,6,,
2025083262,קלה,0,לא עירוני בצומת,0,70,7 עד 10.5 מטר,אין ליקוי,בהיר,יבש,שני,יום,יום רגיל,9,10,0,2,,
2025083266,קשה,0,עירוני לא בצומת,1,לא ידוע,,לא ידוע,לא ידוע,לא ידוע,רביעי,יום,יום רגיל,8,12,7400,4,,
2025083297,קלה,0,עירוני בצומת,1,עד 50,7 עד 10.5 מטר,אין ליקוי,בהיר,יבש,ראשון,לילה,יום רגיל,3,19,1139,2,,
2025083321,קטלנית,1,עירוני בצומת,1,70,7 עד 10.5 מטר,אין ליקוי,בהיר,יבש,שלישי,לילה,יום רגיל,9,20,2560,6,,
2025083383,קלה,0,עירוני לא בצומת,1,עד 50,5 עד 7 מטר,אין ליקוי,בהיר,יבש,שישי,יום,יום רגיל,2,12,9100,2,,
2025083426,קלה,0,עירוני בצומת,1,עד 50,7 עד 10.5 מטר,אין ליקוי,בהיר,יבש,שני,לילה,יום רגיל,5,20,1031,6,,
2025083460,קלה,0,עירוני לא בצומת,1,עד 50,5 עד 7 מטר,אין ליקוי,לא ידוע,יבש,שני,יום,יום רגיל,2,8,7400,4,,
2025083467,קשה,0,עירוני בצומת,1,60,יותר מ-14 מטר,אין ליקוי,בהיר,יבש,חמישי,יום,יום רגיל,8,8,8300,4,,
2025083470,קלה,0,עירוני בצומת,1,עד 50,5 עד 7 מטר,אין ליקוי,בהיר,יבש,חמישי,לילה,יום רגיל,8,20,5000,5,,
2025083485,קשה,0,לא עירוני בצומת,0,לא ידוע,,לא ידוע,לא ידוע,לא ידוע,שני,יום,יום רגיל,12,9,0,2,,
2025083506,קשה,0,עירוני לא בצומת,1,עד 50,5 עד 7 מטר,אין ליקוי,בהיר,יבש,שלישי,יום,יום רגיל,12,7,6600,5,,
2025083555,קלה,0,עירוני בצומת,1,עד 50,5 עד 7 מטר,אין ליקוי,בהיר,יבש,שני,יום,יום רגיל,6,11,7900,4,,
2025083584,קשה,0,לא עירוני לא בצומת,0,לא ידוע,,לא ידוע,לא ידוע,לא ידוע,שני,יום,יום רגיל,6,14,0,2,,
2025083586,קשה,0,לא עירוני בצומת,0,80,,אין ליקוי,בהיר,יבש,ראשון,יום,יום רגיל,5,6,0,4,,
2025083595,קטלנית,1,לא עירוני לא בצומת,0,60,5 עד 7 מטר,אין ליקוי,בהיר,יבש,חמישי,יום,יום רגיל,5,17,0,9,,
2025083607,קלה,0,לא עירוני בצומת,0,60,יותר מ-14 מטר,אין ליקוי,בהיר,יבש,ראשון,יום,יום רגיל,10,15,0,3,,
2025083613,קשה,0,עירוני לא בצומת,1,עד 50,עד 5 מטר,אין ליקוי,בהיר,יבש,חמישי,לילה,יום רגיל,9,21,6600,5,,
2025083629,קלה,0,עירוני לא בצומת,1,עד 50,7 עד 10.5 מטר,אין ליקוי,בהיר,יבש,רביעי,יום,ערב חג,10,8,7700,2,,
2025083654,קשה,0,עירוני לא בצומת,1,עד 50,10.5 עד 14 מטר,אין ליקוי,בהיר,יבש,שני,יום,יום רגיל,7,11,5000,5,,
2025083659,קלה,0,עירוני לא בצומת,1,עד 50,5 עד 7 מטר,אין ליקוי,בהיר,יבש,שלישי,יום,יום רגיל,5,12,9100,2,,
2025083662,קלה,0,לא עירוני בצומת,0,לא ידוע,,אין ליקוי,בהיר,יבש,שבת,יום,יום רגיל,8,15,0,5,,
2025083669,קלה,0,עירוני בצומת,1,לא ידוע,7 עד 10.5 מטר,אין ליקוי,בהיר,יבש,שלישי,יום,יום רגיל,10,10,5000,5,,
2025083708,קשה,0,לא עירוני לא בצומת,0,90,7 עד 10.5 מטר,אין ליקוי,בהיר,יבש,שלישי,לילה,יום רגיל,12,18,0,6,,
2025083711,קשה,0,לא עירוני בצומת,0,90,5 עד 7 מטר,לא ידוע,בהיר,יבש,שבת,לילה,יום רגיל,3,18,0,3,,
2025083715,קלה,0,לא עירוני בצומת,0,80,,אין ליקוי,בהיר,יבש,שני,לילה,יום רגיל,4,0,0,5,,
2025083721,קלה,0,עירוני לא בצומת,1,עד 50,5 עד 7 מטר,אין ליקוי,בהיר,יבש,חמישי,לילה,יום רגיל,7,23,2600,6,,
2025083726,קלה,0,עירוני בצומת,1,עד 50,10.5 עד 14 מטר,אין ליקוי,בהיר,יבש,רביעי,יום,יום רגיל,3,11,1139,2,,
2025083733,קלה,0,עירוני לא בצומת,1,עד 50,7 עד 10.5 מטר,אין ליקוי,בהיר,יבש,חמישי,יום,יום רגיל,4,15,6200,5,,
2025083738,קלה,0,עירוני בצומת,1,עד 50,7 עד 10.5 מטר,אין ליקוי,בהיר,יבש,חמישי,יום,יום רגיל,10,7,9000,6,,
2025083746,קשה,0,לא עירוני לא בצומת,0,90,10.5 עד 14 מטר,אין ליקוי,בהיר,יבש,שלישי,יום,יום רגיל,10,9,0,6,,
2025083748,קלה,0,עירוני לא בצומת,1,עד 50,,אין ליקוי,בהיר,יבש,שני,לילה,יום רגיל,5,23,7900,4,,
2025083767,קשה,0,עירוני לא בצומת,1,עד 50,,אין ליקוי,בהיר,יבש,רביעי,יום,יום רגיל,4,12,2640,4,,
2025083775,קשה,0,עירוני לא בצומת,1,לא ידוע,,לא ידוע,לא ידוע,לא ידוע,חמישי,לילה,יום רגיל,11,17,5000,5,,
2025083806,קטלנית,1,לא עירוני לא בצומת,0,90,7 עד 10.5 מטר,אין ליקוי,בהיר,יבש,שלישי,לילה,יום רגיל,3,1,0,6,,
2025083810,קלה,0,עירוני בצומת,1,עד 50,,אין ליקוי,בהיר,יבש,רביעי,יום,יום רגיל,7,16,7800,3,,
2025083826,קשה,0,עירוני לא בצומת,1,עד 50,,אין ליקוי,בהיר,יבש,רביעי,יום,יום רגיל,3,15,6600,5,,
2025083843,קשה,0,לא עירוני לא בצומת,0,80,10.5 עד 14 מטר,אין ליקוי,בהיר,יבש,חמישי,לילה,יום רגיל,2,23,0,4,,
2025083847,קשה,0,עירוני לא בצומת,1,60,5 עד 7 מטר,אין ליקוי,בהיר,יבש,שישי,יום,יום רגיל,5,14,9000,6,,
2025083849,קלה,0,עירוני בצומת,1,עד 50,5 עד 7 מטר,אין ליקוי,בהיר,יבש,שלישי,יום,יום רגיל,3,9,7400,4,,
2025083862,קלה,0,לא עירוני בצומת,0,90,10.5 עד 14 מטר,אין ליקוי,בהיר,יבש,שני,לילה,יום רגיל,2,19,0,2,,
2025083865,קלה,0,עירוני בצומת,1,עד 50,5 עד 7 מטר,אין ליקוי,בהיר,יבש,ראשון,יום,יום רגיל,11,13,3000,1,,
2025083883,קשה,0,לא עירוני לא בצומת,0,100,יותר מ-14 מטר,אין ליקוי,בהיר,יבש,חמישי,יום,יום רגיל,7,10,0,4,,
2025083891,קלה,0,עירוני לא בצומת,1,עד 50,5 עד 7 מטר,אין ליקוי,בהיר,יבש,חמישי,יום,ערב חג,3,14,9000,6,,
2025083895,קלה,0,לא עירוני בצומת,0,90,יותר מ-14 מטר,אין ליקוי,בהיר,יבש,שלישי,יום,יום רגיל,8,15,0,6,,
2025083912,קלה,0,לא עירוני בצומת,0,70,עד 5 מטר,אין ליקוי,בהיר,יבש,שני,יום,יום רגיל,2,10,0,2,,
2025083932,קשה,0,עירוני בצומת,1,עד 50,5 עד 7 מטר,אין ליקוי,בהיר,יבש,שני,יום,ערב חג,10,17,8400,4,,
2025083937,קשה,0,לא עירוני לא בצומת,0,80,7 עד 10.5 מטר,אין ליקוי,בהיר,יבש,שבת,לילה,יום רגיל,11,6,0,2,,
2025083938,קשה,0,לא עירוני לא בצומת,0,לא ידוע,,לא ידוע,לא ידוע,לא ידוע,שני,יום,יום רגיל,1,9,0,2,,
2025083940,קשה,0,לא עירוני בצומת,0,70,7 עד 10.5 מטר,אין ליקוי,בהיר,יבש,שבת,לילה,יום רגיל,8,0,0,4,,
2025083949,קלה,0,עירוני לא בצומת,1,לא ידוע,5 עד 7 מטר,אין ליקוי,בהיר,יבש,שני,יום,יום רגיל,10,10,6600,5,,
2025083964,קלה,0,עירוני לא בצומת,1,עד 50,יותר מ-14 מטר,אין ליקוי,לא ידוע,יבש,שישי,יום,יום רגיל,2,10,2630,6,,
2025083965,קשה,0,לא עירוני בצומת,0,לא ידוע,,לא ידוע,לא ידוע,לא ידוע,שישי,יום,יום רגיל,3,9,0,2,,
2025083970,קשה,0,לא עירוני בצומת,0,לא ידוע,,לא ידוע,לא ידוע,לא ידוע,שישי,יום,יום רגיל,8,17,0,6,,
2025083974,קלה,0,עירוני בצומת,1,עד 50,7 עד 10.5 מטר,אין ליקוי,בהיר,יבש,ראשון,לילה,יום רגיל,6,21,5000,5,,
2025083987,קלה,0,לא עירוני בצומת,0,עד 50,,אין ליקוי,בהיר,יבש,שבת,יום,יום רגיל,8,18,0,4,,
2025083989,קלה,0,עירוני לא בצומת,1,עד 50,5 עד 7 מטר,אין ליקוי,בהיר,יבש,ראשון,יום,יום רגיל,1,8,5000,5,,
2025084024,קלה,0,עירוני בצומת,1,עד 50,10.5 עד 14 מטר,אין ליקוי,בהיר,יבש,רביעי,יום,יום רגיל,12,11,7400,4,,
2025084046,קלה,0,לא עירוני בצומת,0,עד 50,7 עד 10.5 מטר,אין ליקוי,בהיר,יבש,שבת,לילה,יום רגיל,5,22,0,5,,
2025084051,קלה,0,עירוני בצומת,1,עד 50,עד 5 מטר,אין ליקוי,בהיר,יבש,שני,יום,יום רגיל,1,8,6600,5,,
2025084066,קלה,0,עירוני בצומת,1,עד 50,7 עד 10.5 מטר,אין ליקוי,בהיר,יבש,חמישי,יום,יום רגיל,10,13,5000,5,,
2025084070,קלה,0,לא עירוני בצומת,0,עד 50,5 עד 7 מטר,אין ליקוי,בהיר,יבש,חמישי,לילה,יום רגיל,1,17,0,3,,
2025084077,קשה,0,עירוני לא בצומת,1,עד 50,עד 5 מטר,אין ליקוי,בהיר,יבש,חמישי,לילה,יום רגיל,1,23,5000,5,,
2025084080,קשה,0,עירוני לא בצומת,1,לא ידוע,,לא ידוע,לא ידוע,לא ידוע,חמישי,יום,יום רגיל,4,12,8600,5,,
2025084096,קשה,0,עירוני לא בצומת,1,לא ידוע,,לא ידוע,לא ידוע,לא ידוע,ראשון,יום,יום רגיל,10,8,4000,3,,
2025084128,קשה,0,לא עירוני בצומת,0,לא ידוע,,לא ידוע,לא ידוע,לא ידוע,שישי,לילה,חול המועד,10,18,0,4,,
2025084130,קלה,0,עירוני לא בצומת,1,עד 50,5 עד 7 מטר,אין ליקוי,בהיר,יבש,ראשון,יום,יום רגיל,11,7,1139,2,,
2025084159,קשה,0,לא עירוני לא בצומת,0,80,יותר מ-14 מטר,אין ליקוי,בהיר,יבש,רביעי,יום,יום רגיל,3,7,0,4,,
2025084167,קלה,0,עירוני לא בצומת,1,עד 50,5 עד 7 מטר,אין ליקוי,שרבי,יבש,שני,יום,יום רגיל,8,15,3616,7,,
2025084176,קלה,0,לא עירוני לא בצומת,0,80,7 עד 10.5 מטר,אין ליקוי,בהיר,יבש,חמישי,יום,יום רגיל,6,14,0,7,,
2025084213,קלה,0,לא עירוני בצומת,0,70,יותר מ-14 מטר,אין ליקוי,בהיר,יבש,שבת,לילה,יום רגיל,8,23,0,3,,
2025084226,קשה,0,לא עירוני לא בצומת,0,80,10.5 עד 14 מטר,אין ליקוי,בהיר,יבש,שלישי,לילה,יום רגיל,11,17,0,6,,
2025084240,קטלנית,1,לא עירוני לא בצומת,0,,10.5 עד 14 מטר,אין ליקוי,בהיר,יבש,חמישי,יום,יום רגיל,12,16,0,4,,
2025084243,קלה,0,עירוני בצומת,1,עד 50,7 עד 10.5 מטר,אין ליקוי,בהיר,יבש,שישי,לילה,יום רגיל,5,20,4000,3,,
2025084252,קלה,0,לא עירוני בצומת,0,לא ידוע,,לא ידוע,לא ידוע,לא ידוע,חמישי,לילה,יום רגיל,7,21,0,5,,
2025084266,קלה,0,לא עירוני בצומת,0,70,,אין ליקוי,בהיר,יבש,שבת,לילה,יום רגיל,1,19,0,4,,
2025084282,קלה,0,עירוני בצומת,1,עד 50,5 עד 7 מטר,אין ליקוי,בהיר,יבש,שלישי,יום,יום רגיל,2,13,7800,3,,
2025084288,קלה,0,עירוני בצומת,1,עד 50,5 עד 7 מטר,אין ליקוי,בהיר,יבש,חמישי,יום,יום רגיל,11,14,6600,5,,
2025084291,קלה,0,עירוני בצומת,1,עד 50,יותר מ-14 מטר,אין ליקוי,בהיר,יבש,חמישי,יום,יום רגיל,1,15,7900,4,,
2025084298,קלה,0,עירוני לא בצומת,1,לא ידוע,,לא ידוע,לא ידוע,לא ידוע,חמישי,יום,יום רגיל,9,11,5000,5,,
2025084337,קלה,0,עירוני בצומת,1,70,10.5 עד 14 מטר,אין ליקוי,בהיר,יבש,רביעי,לילה,יום רגיל,10,5,70,6,,
2025084342,קלה,0,לא עירוני בצומת,0,90,7 עד 10.5 מטר,אין ליקוי,בהיר,יבש,חמישי,יום,חול המועד,4,11,0,6,,
2025084348,קשה,0,עירוני בצומת,1,עד 50,10.5 עד 14 מטר,אין ליקוי,לא ידוע,יבש,שלישי,יום,חול המועד,4,7,2640,4,,
2025084351,קלה,0,לא עירוני בצומת,0,עד 50,10.5 עד 14 מטר,אין ליקוי,בהיר,יבש,ראשון,לילה,יום רגיל,12,5,0,1,,
2025084360,קלה,0,עירוני לא בצומת,1,עד 50,5 עד 7 מטר,אין ליקוי,בהיר,יבש,ראשון,יום,יום רגיל,5,17,3797,7,,
2025084372,קלה,0,עירוני בצומת,1,100,10.5 עד 14 מטר,אין ליקוי,לא ידוע,יבש,שישי,יום,יום רגיל,1,13,3000,1,,
2025084385,קלה,0,עירוני בצומת,1,עד 50,7 עד 10.5 מטר,אין ליקוי,בהיר,יבש,שישי,לילה,יום רגיל,5,19,2620,5,,
2025084402,קשה,0,עירוני לא בצומת,1,עד 50,5 עד 7 מטר,אין ליקוי,בהיר,יבש,רביעי,לילה,יום רגיל,1,21,4000,3,,
2025084403,קלה,0,עירוני בצומת,1,לא ידוע,,לא ידוע,לא ידוע,לא ידוע,חמישי,יום,יום רגיל,1,8,1200,4,,
2025084409,קלה,0,עירוני לא בצומת,1,עד 50,7 עד 10.5 מטר,אין ליקוי,בהיר,יבש,שישי,לילה,יום רגיל,4,6,1139,2,,
2025084418,קשה,0,עירוני לא בצומת,1,לא ידוע,,לא ידוע,לא ידוע,לא ידוע,שני,לילה,יום רגיל,4,21,6700,2,,
2025084434,קלה,0,לא עירוני בצומת,0,90,5 עד 7 מטר,אין ליקוי,בהיר,יבש,שישי,לילה,יום רגיל,9,21,0,3,,
2025084438,קשה,0,לא עירוני לא בצומת,0,לא ידוע,,לא ידוע,לא ידוע,לא ידוע,שבת,יום,יום רגיל,11,11,0,6,,
2025084452,קשה,0,עירוני לא בצומת,1,לא ידוע,,לא ידוע,לא ידוע,לא ידוע,רביעי,לילה,יום רגיל,1,23,6100,5,,
2025084456,קלה,0,עירוני לא בצומת,1,עד 50,5 עד 7 מטר,אין ליקוי,בהיר,יבש,שבת,לילה,יום רגיל,11,18,1139,2,,
2025084474,קשה,0,לא עירוני לא בצומת,0,90,יותר מ-14 מטר,אין ליקוי,בהיר,יבש,ראשון,לילה,יום רגיל,11,17,0,4,,
2025084491,קלה,0,לא עירוני לא בצומת,0,לא ידוע,,לא ידוע,לא ידוע,לא ידוע,רביעי,יום,יום רגיל,8,12,0,6,,
2025084494,קשה,0,לא עירוני לא בצומת,0,לא ידוע,,לא ידוע,לא ידוע,לא ידוע,שלישי,לילה,יום רגיל,7,20,0,1,,
2025084516,קשה,0,עירוני לא בצומת,1,עד 50,7 עד 10.5 מטר,אין ליקוי,בהיר,יבש,שני,לילה,יום רגיל,7,21,7400,4,,
2025084518,קטלנית,1,עירוני לא בצומת,1,עד 50,7 עד 10.5 מטר,אין ליקוי,בהיר,יבש,רביעי,לילה,יום רגיל,7,23,3000,1,,
2025084526,קלה,0,עירוני בצומת,1,לא ידוע,,לא ידוע,לא ידוע,לא ידוע,ראשון,יום,יום רגיל,1,10,9000,6,,
2025084530,קלה,0,עירוני לא בצומת,1,עד 50,7 עד 10.5 מטר,אין ליקוי,בהיר,יבש,חמישי,יום,יום רגיל,1,13,4000,3,,
2025084532,קלה,0,עירוני בצומת,1,עד 50,10.5 עד 14 מטר,אין ליקוי,בהיר,יבש,רביעי,יום,יום רגיל,11,8,8400,4,,
2025084545,קלה,0,עירוני בצומת,1,עד 50,5 עד 7 מטר,אין ליקוי,בהיר,יבש,שישי,לילה,יום רגיל,5,2,8700,4,,
2025084564,קלה,0,עירוני לא בצומת,1,עד 50,5 עד 7 מטר,אין ליקוי,בהיר,יבש,ראשון,יום,יום רגיל,1,11,1304,4,,
2025084566,קלה,0,עירוני לא בצומת,1,עד 50,5 עד 7 מטר,אין ליקוי,בהיר,יבש,ראשון,יום,יום רגיל,4,15,3000,1,,
2025084613,קלה,0,לא עירוני בצומת,0,עד 50,5 עד 7 מטר,אין ליקוי,בהיר,יבש,חמישי,יום,יום רגיל,11,12,0,2,,
2025084614,קלה,0,לא עירוני לא בצומת,0,90,5 עד 7 מטר,לא ידוע,בהיר,יבש,שישי,יום,יום רגיל,11,9,0,4,,
2025084630,קשה,0,לא עירוני לא בצומת,0,,7 עד 10.5 מטר,אין ליקוי,בהיר,יבש,שישי,לילה,יום רגיל,5,21,0,2,,
2025084634,קשה,0,עירוני לא בצומת,1,עד 50,5 עד 7 מטר,אין ליקוי,בהיר,יבש,חמישי,יום,יום רגיל,8,8,5000,5,,
2025084643,קשה,0,עירוני לא בצומת,1,לא ידוע,,לא ידוע,לא ידוע,לא ידוע,רביעי,יום,יום רגיל,4,8,2034,2,,
2025084644,קשה,0,עירוני לא בצומת,1,עד 50,7 עד 10.5 מטר,אין ליקוי,בהיר,יבש,שישי,לילה,יום רגיל,6,22,5000,5,,
2025084675,קלה,0,עירוני לא בצומת,1,90,7 עד 10.5 מטר,אין ליקוי,בהיר,יבש,רביעי,לילה,יום רגיל,4,20,2630,6,,
2025084688,קלה,0,לא עירוני בצומת,0,80,10.5 עד 14 מטר,אין ליקוי,לא ידוע,יבש,שלישי,יום,יום רגיל,4,7,0,2,,
2025084749,קטלנית,1,לא עירוני בצומת,0,90,5 עד 7 מטר,אין ליקוי,בהיר,יבש,שני,לילה,ערב חג,10,21,0,6,,
2025084790,קשה,0,עירוני בצומת,1,עד 50,7 עד 10.5 מטר,אין ליקוי,בהיר,יבש,רביעי,יום,יום רגיל,12,8,7100,6,,
2025084796,קשה,0,עירוני בצומת,1,60,5 עד 7 מטר,אין ליקוי,בהיר,יבש,שבת,יום,יום רגיל,10,13,5000,5,,
2025084797,קשה,0,עירוני לא בצומת,1,לא ידוע,,לא ידוע,לא ידוע,לא ידוע,ראשון,יום,יום רגיל,5,17,8800,2,,
2025084823,קשה,0,עירוני לא בצומת,1,עד 50,7 עד 10.5 מטר,אין ליקוי,בהיר,יבש,ראשון,יום,יום רגיל,5,18,8300,4,,
2025084832,קלה,0,עירוני בצומת,1,עד 50,5 עד 7 מטר,אין ליקוי,בהיר,יבש,ראשון,לילה,יום רגיל,3,22,3000,1,,
2025084837,קשה,0,עירוני לא בצומת,1,לא ידוע,,לא ידוע,לא ידוע,לא ידוע,שבת,לילה,יום רגיל,3,20,8400,4,,
2025084842,קלה,0,עירוני לא בצומת,1,עד 50,5 עד 7 מטר,אין ליקוי,בהיר,יבש,שני,יום,יום רגיל,7,13,6900,4,,
2025084861,קלה,0,לא עירוני לא בצומת,0,עד 50,5 עד 7 מטר,אין ליקוי,בהיר,יבש,רביעי,לילה,יום רגיל,1,20,0,1,,
2025084873,קלה,0,לא עירוני בצומת,0,90,יותר מ-14 מטר,אין ליקוי,בהיר,יבש,ראשון,לילה,יום רגיל,3,0,0,7,,
2025084906,קשה,0,לא עירוני לא בצומת,0,לא ידוע,,לא ידוע,לא ידוע,לא ידוע,ראשון,יום,יום רגיל,11,10,0,4,,
2025084911,קשה,0,עירוני לא בצומת,1,לא ידוע,,לא ידוע,לא ידוע,לא ידוע,שני,יום,יום רגיל,11,14,6500,3,,
2025084927,קשה,0,עירוני לא בצומת,1,לא ידוע,,לא ידוע,לא ידוע,לא ידוע,חמישי,יום,יום רגיל,5,18,5000,5,,
2025084943,קלה,0,עירוני בצומת,1,עד 50,5 עד 7 מטר,לא ידוע,בהיר,יבש,ראשון,יום,יום רגיל,6,7,2610,1,,
2025084955,קשה,0,לא עירוני לא בצומת,0,80,7 עד 10.5 מטר,אין ליקוי,בהיר,יבש,שישי,לילה,חול המועד,10,19,0,4,,
2025084989,קשה,0,לא עירוני לא בצומת,0,80,7 עד 10.5 מטר,אין ליקוי,בהיר,יבש,שלישי,יום,יום רגיל,6,15,0,7,,
2025085030,קלה,0,עירוני לא בצומת,1,עד 50,7 עד 10.5 מטר,אין ליקוי,בהיר,יבש,חמישי,לילה,יום רגיל,7,22,6000,3,,
2025085045,קשה,0,עירוני בצומת,1,עד 50,,אין ליקוי,בהיר,יבש,ראשון,לילה,יום רגיל,9,20,5000,5,,
2025085063,קלה,0,לא עירוני בצומת,0,90,,אין ליקוי,בהיר,יבש,רביעי,יום,יום רגיל,8,10,0,2,,
2025085075,קלה,0,עירוני לא בצומת,1,עד 50,,אין ליקוי,בהיר,יבש,שני,יום,יום רגיל,5,7,6200,5,,
2025085077,קלה,0,לא עירוני בצומת,0,עד 50,7 עד 10.5 מטר,אין ליקוי,בהיר,יבש,חמישי,יום,יום רגיל,6,15,0,4,,
2025085081,קלה,0,עירוני בצומת,1,עד 50,5 עד 7 מטר,אין ליקוי,בהיר,יבש,רביעי,לילה,יום רגיל,1,19,70,6,,
2025085082,קלה,0,לא עירוני לא בצומת,0,100,10.5 עד 14 מטר,אין ליקוי,בהיר,יבש,חמישי,לילה,יום רגיל,12,17,0,3,,
2025085087,קלה,0,עירוני בצומת,1,עד 50,10.5 עד 14 מטר,אין ליקוי,בהיר,יבש,ראשון,יום,יום רגיל,9,11,5000,5,,
2025085104,קשה,0,עירוני לא בצומת,1,עד 50,5 עד 7 מטר,אין ליקוי,בהיר,יבש,שני,יום,יום רגיל,1,15,9000,6,,
2025085121,קשה,0,עירוני לא בצומת,1,לא ידוע,,לא ידוע,לא ידוע,לא ידוע,שבת,יום,יום רגיל,5,19,8800,2,,
2025085162,קלה,0,עירוני בצומת,1,עד 50,,אין ליקוי,בהיר,יבש,רביעי,יום,ערב חג,4,8,9500,3,,
2025085164,קלה,0,עירוני בצומת,1,עד 50,7 עד 10.5 מטר,אין ליקוי,בהיר,יבש,ראשון,לילה,יום רגיל,11,16,8600,5,,
2025085175,קטלנית,1,עירוני לא בצומת,1,80,יותר מ-14 מטר,לא ידוע,בהיר,יבש,ראשון,יום,יום רגיל,7,6,3000,1,,
2025085218,קלה,0,לא עירוני בצומת,0,90,10.5 עד 14 מטר,אין ליקוי,בהיר,יבש,שלישי,יום,יום רגיל,12,7,0,4,,
2025085229,קטלנית,1,לא עירוני לא בצומת,0,80,7 עד 10.5 מטר,אין ליקוי,שרבי,יבש,שני,יום,יום רגיל,8,15,0,7,,
2025085233,קלה,0,לא עירוני בצומת,0,80,7 עד 10.5 מטר,אין ליקוי,בהיר,יבש,חמישי,לילה,יום רגיל,10,20,0,2,,
2025085242,קשה,0,עירוני לא בצומת,1,עד 50,7 עד 10.5 מטר,אין ליקוי,בהיר,יבש,שני,יום,יום רגיל,3,12,1165,4,,
2025085257,קשה,0,עירוני לא בצומת,1,לא ידוע,,לא ידוע,לא ידוע,לא ידוע,ראשון,יום,יום רגיל,12,11,7900,4,,
2025085284,קשה,0,לא עירוני לא בצומת,0,90,7 עד 10.5 מטר,אין ליקוי,בהיר,יבש,חמישי,לילה,יום רגיל,12,23,0,6,,
2025085291,קלה,0,עירוני בצומת,1,עד 50,5 עד 7 מטר,אין ליקוי,בהיר,יבש,רביעי,לילה,יום רגיל,2,17,6900,4,,
2025085305,קלה,0,לא עירוני לא בצומת,0,עד 50,יותר מ-14 מטר,אין ליקוי,בהיר,יבש,ראשון,יום,יום רגיל,10,15,0,6,,
2025085317,קשה,0,לא עירוני לא בצומת,0,לא ידוע,,לא ידוע,לא ידוע,לא ידוע,רביעי,לילה,יום רגיל,12,22,0,7,,
2025085323,קשה,0,לא עירוני לא בצומת,0,לא ידוע,,לא ידוע,לא ידוע,לא ידוע,רביעי,יום,יום רגיל,6,14,0,4,,
2025085362,קלה,0,לא עירוני לא בצומת,0,80,10.5 עד 14 מטר,אין ליקוי,אחר,יבש,שבת,יום,יום רגיל,3,12,0,2,,
2025085384,קשה,0,עירוני בצומת,1,60,יותר מ-14 מטר,אין ליקוי,בהיר,יבש,שלישי,יום,יום רגיל,7,18,8400,4,,
2025085389,קשה,0,עירוני לא בצומת,1,עד 50,5 עד 7 מטר,אין ליקוי,בהיר,יבש,שישי,יום,יום רגיל,6,11,2100,3,,
2025085392,קשה,0,לא עירוני לא בצומת,0,80,7 עד 10.5 מטר,אין ליקוי,גשום,רטוב ממים,ראשון,יום,יום רגיל,12,12,0,2,,
2025085393,קשה,0,לא עירוני בצומת,0,לא ידוע,,לא ידוע,לא ידוע,לא ידוע,שישי,יום,יום רגיל,5,13,0,4,,
2025085400,קשה,0,לא עירוני בצומת,0,70,יותר מ-14 מטר,אין ליקוי,בהיר,יבש,ראשון,יום,יום רגיל,8,17,0,5,,
2025085413,קשה,0,עירוני בצומת,1,עד 50,5 עד 7 מטר,אין ליקוי,בהיר,יבש,שני,יום,יום רגיל,3,8,5000,5,,
2025085424,קלה,0,עירוני לא בצומת,1,עד 50,5 עד 7 מטר,אין ליקוי,בהיר,יבש,רביעי,יום,יום רגיל,5,13,6400,5,,
2025085429,קלה,0,עירוני לא בצומת,1,עד 50,עד 5 מטר,אין ליקוי,בהיר,יבש,חמישי,יום,יום רגיל,11,11,5000,5,,
2025085457,קלה,0,לא עירוני לא בצומת,0,80,7 עד 10.5 מטר,אין ליקוי,לא ידוע,יבש,חמישי,יום,יום רגיל,3,13,0,7,,
2025085467,קלה,0,לא עירוני בצומת,0,לא ידוע,,לא ידוע,לא ידוע,לא ידוע,שני,יום,יום רגיל,12,8,0,4,,
2025085474,קלה,0,לא עירוני בצומת,0,80,7 עד 10.5 מטר,אין ליקוי,בהיר,יבש,שבת,לילה,יום רגיל,9,18,0,2,,
2025085483,קשה,0,לא עירוני בצומת,0,70,10.5 עד 14 מטר,אין ליקוי,בהיר,יבש,רביעי,יום,יום רגיל,10,11,0,4,,
2025085489,קשה,0,עירוני לא בצומת,1,לא ידוע,,לא ידוע,לא ידוע,לא ידוע,שבת,יום,יום רגיל,11,12,538,2,,
2025085490,קלה,0,עירוני לא בצומת,1,לא ידוע,,לא ידוע,לא ידוע,לא ידוע,ראשון,יום,יום רגיל,12,8,3640,7,,
2025085496,קשה,0,עירוני לא בצומת,1,לא ידוע,,לא ידוע,לא ידוע,לא ידוע,ראשון,לילה,יום רגיל,3,19,634,4,,
2025085512,קלה,0,עירוני לא בצומת,1,עד 50,5 עד 7 מטר,אין ליקוי,בהיר,יבש,שישי,יום,יום רגיל,7,11,8500,4,,
2025085513,קלה,0,עירוני בצומת,1,עד 50,,אין ליקוי,בהיר,יבש,שבת,לילה,יום רגיל,2,21,7900,4,,
2025085539,קשה,0,לא עירוני לא בצומת,0,80,5 עד 7 מטר,אין ליקוי,בהיר,יבש,שבת,לילה,יום רגיל,8,20,0,7,,
2025085541,קלה,0,עירוני בצומת,1,עד 50,7 עד 10.5 מטר,אין ליקוי,לא ידוע,לא ידוע,רביעי,לילה,יום רגיל,11,17,2630,6,,
2025085546,קטלנית,1,לא עירוני לא בצומת,0,90,5 עד 7 מטר,אין ליקוי,בהיר,יבש,שישי,לילה,יום רגיל,7,1,0,6,,
2025085579,קלה,0,לא עירוני בצומת,0,80,7 עד 10.5 מטר,אין ליקוי,בהיר,יבש,שישי,לילה,יום רגיל,3,1,0,2,,
2025085581,קלה,0,עירוני לא בצומת,1,עד 50,5 עד 7 מטר,אין ליקוי,בהיר,יבש,שלישי,יום,יום רגיל,1,11,9500,3,,
2025085585,קטלנית,1,עירוני בצומת,1,70,10.5 עד 14 מטר,אין ליקוי,בהיר,יבש,שני,לילה,יום רגיל,4,22,4000,3,,
2025085586,קשה,0,לא עירוני לא בצומת,0,לא ידוע,,לא ידוע,לא ידוע,לא ידוע,שישי,לילה,יום רגיל,10,19,0,4,,
2025085589,קלה,0,לא עירוני בצומת,0,70,7 עד 10.5 מטר,אין ליקוי,בהיר,יבש,ראשון,יום,יום רגיל,9,9,0,3,,
2025085591,קלה,0,עירוני בצומת,1,עד 50,7 עד 10.5 מטר,לא ידוע,בהיר,יבש,ראשון,לילה,יום רגיל,6,22,3000,1,,
2025085603,קלה,0,עירוני לא בצומת,1,לא ידוע,,לא ידוע,לא ידוע,לא ידוע,חמישי,לילה,חול המועד,10,18,240,2,,
2025085607,קשה,0,עירוני בצומת,1,עד 50,,אין ליקוי,בהיר,יבש,רביעי,יום,יום רגיל,7,11,2620,5,,
2025085615,קלה,0,עירוני בצומת,1,עד 50,5 עד 7 מטר,אין ליקוי,בהיר,יבש,רביעי,יום,יום רגיל,5,12,8700,4,,
2025085650,קלה,0,עירוני בצומת,1,60,5 עד 7 מטר,אין ליקוי,בהיר,יבש,שני,יום,יום רגיל,8,11,9000,6,,
2025085661,קשה,0,עירוני לא בצומת,1,עד 50,7 עד 10.5 מטר,אין ליקוי,בהיר,יבש,שבת,לילה,יום רגיל,9,1,4000,3,,
2025085681,קלה,0,לא עירוני בצומת,0,70,5 עד 7 מטר,אין ליקוי,בהיר,יבש,שלישי,יום,יום רגיל,3,16,0,3,,
2025085682,קשה,0,עירוני לא בצומת,1,לא ידוע,,לא ידוע,לא ידוע,לא ידוע,שני,יום,יום רגיל,12,8,8300,4,,
2025085689,קטלנית,1,לא עירוני בצומת,0,80,10.5 עד 14 מטר,אין ליקוי,בהיר,יבש,שישי,לילה,יום רגיל,11,16,0,4,,
2025085690,קשה,0,לא עירוני לא בצומת,0,לא ידוע,,לא ידוע,לא ידוע,לא ידוע,שישי,יום,יום רגיל,1,7,0,3,,
2025085693,קלה,0,עירוני בצומת,1,עד 50,10.5 עד 14 מטר,אין ליקוי,בהיר,יבש,ראשון,יום,יום רגיל,11,8,6400,5,,
2025085719,קלה,0,עירוני לא בצומת,1,עד 50,5 עד 7 מטר,אין ליקוי,בהיר,יבש,שני,לילה,ערב חג,9,23,8300,4,,
2025085727,קשה,0,לא עירוני בצומת,0,90,7 עד 10.5 מטר,אין ליקוי,בהיר,יבש,חמישי,יום,יום רגיל,4,17,0,3,,
2025085734,קשה,0,עירוני בצומת,1,עד 50,5 עד 7 מטר,אין ליקוי,בהיר,יבש,שני,לילה,יום רגיל,4,0,510,2,,
2025085745,קשה,0,לא עירוני לא בצומת,0,80,7 עד 10.5 מטר,אין ליקוי,בהיר,יבש,חמישי,יום,יום רגיל,7,17,0,6,,
2025085748,קשה,0,לא עירוני לא בצומת,0,לא ידוע,,לא ידוע,לא ידוע,לא ידוע,שני,לילה,יום רגיל,5,0,0,2,,
2025085774,קלה,0,עירוני לא בצומת,1,עד 50,,אין ליקוי,בהיר,יבש,שני,יום,יום רגיל,4,14,2620,5,,
2025085781,קלה,0,לא עירוני בצומת,0,90,יותר מ-14 מטר,אין ליקוי,בהיר,יבש,שלישי,יום,יום רגיל,11,14,0,2,,
2025085803,קלה,0,לא עירוני לא בצומת,0,עד 50,7 עד 10.5 מטר,אין ליקוי,בהיר,יבש,חמישי,יום,יום רגיל,8,8,0,2,,
2025085836,קשה,0,עירוני לא בצומת,1,לא ידוע,,לא ידוע,לא ידוע,לא ידוע,שני,לילה,יום רגיל,2,18,1303,6,,
2025085839,קשה,0,עירוני בצומת,1,עד 50,7 עד 10.5 מטר,אין ליקוי,בהיר,יבש,שישי,יום,יום רגיל,4,14,2660,4,,
2025085879,קלה,0,עירוני בצומת,1,עד 50,7 עד 10.5 מטר,אין ליקוי,בהיר,יבש,שני,יום,יום רגיל,11,14,9100,2,,
2025085882,קלה,0,עירוני לא בצומת,1,לא ידוע,,לא ידוע,לא ידוע,לא ידוע,שלישי,לילה,חג,10,22,8600,5,,
2025085884,קלה,0,עירוני בצומת,1,עד 50,5 עד 7 מטר,אין ליקוי,בהיר,יבש,שלישי,לילה,יום רגיל,9,20,3000,1,,
2025085923,קלה,0,לא עירוני לא בצומת,0,90,7 עד 10.5 מטר,כביש משובש,בהיר,יבש,רביעי,יום,יום רגיל,3,12,0,2,,
2025085946,קלה,0,לא עירוני לא בצומת,0,עד 50,,אין ליקוי,לא ידוע,לא ידוע,שישי,יום,יום רגיל,12,11,0,6,,
2025085960,קשה,0,עירוני לא בצומת,1,עד 50,5 עד 7 מטר,אין ליקוי,בהיר,יבש,חמישי,יום,יום רגיל,7,7,8500,4,,
2025085966,קלה,0,עירוני לא בצומת,1,עד 50,5 עד 7 מטר,אין ליקוי,בהיר,יבש,שבת,יום,יום רגיל,1,7,7700,2,,
2025085975,קלה,0,לא עירוני בצומת,0,,10.5 עד 14 מטר,אין ליקוי,בהיר,יבש,שני,לילה,יום רגיל,12,5,0,4,,
2025085978,קשה,0,עירוני בצומת,1,עד 50,5 עד 7 מטר,אין ליקוי,בהיר,יבש,רביעי,לילה,יום רגיל,2,18,9000,6,,
2025085984,קשה,0,עירוני לא בצומת,1,לא ידוע,,לא ידוע,לא ידוע,לא ידוע,שלישי,לילה,יום רגיל,12,23,3000,1,,
2025085996,קלה,0,עירוני בצומת,1,עד 50,5 עד 7 מטר,אין ליקוי,בהיר,יבש,רביעי,יום,יום רגיל,5,13,9000,6,,
2025086004,קשה,0,עירוני לא בצומת,1,לא ידוע,,לא ידוע,לא ידוע,לא ידוע,שישי,יום,יום רגיל,7,18,8800,2,,
2025086013,קשה,0,לא עירוני לא בצומת,0,100,יותר מ-14 מטר,אין ליקוי,בהיר,יבש,שלישי,יום,יום רגיל,8,13,0,4,,
2025086018,קלה,0,עירוני בצומת,1,עד 50,5 עד 7 מטר,אין ליקוי,בהיר,יבש,שלישי,יום,יום רגיל,2,8,6400,5,,
2025086028,קשה,0,לא עירוני בצומת,0,לא ידוע,,לא ידוע,לא ידוע,לא ידוע,רביעי,לילה,יום רגיל,11,21,0,4,,
2025086045,קלה,0,עירוני לא בצומת,1,עד 50,5 עד 7 מטר,לא ידוע,בהיר,יבש,שני,יום,יום רגיל,11,13,6600,5,,
2025086070,קלה,0,עירוני בצומת,1,60,5 עד 7 מטר,אין ליקוי,בהיר,יבש,שלישי,יום,יום רגיל,9,13,4000,3,,
2025086071,קלה,0,עירוני לא בצומת,1,עד 50,7 עד 10.5 מטר,אין ליקוי,בהיר,יבש,שלישי,לילה,יום רגיל,1,20,6500,3,,
2025086077,קשה,0,לא עירוני לא בצומת,0,לא ידוע,,לא ידוע,לא ידוע,לא ידוע,רביעי,לילה,יום רגיל,8,0,0,4,,
2025086105,קלה,0,עירוני לא בצומת,1,עד 50,10.5 עד 14 מטר,אין ליקוי,בהיר,יבש,שישי,לילה,יום רגיל,2,5,1200,4,,
2025086116,קלה,0,לא עירוני לא בצומת,0,עד 50,7 עד 10.5 מטר,אין ליקוי,בהיר,יבש,רביעי,יום,יום רגיל,3,14,0,2,,
2025086127,קלה,0,עירוני לא בצומת,1,עד 50,5 עד 7 מטר,לא ידוע,בהיר,יבש,שלישי,יום,יום רגיל,1,8,9100,2,,
2025086141,קלה,0,עירוני בצומת,1,עד 50,,אין ליקוי,בהיר,יבש,רביעי,יום,יום רגיל,9,12,5000,5,,
2025086147,קלה,0,עירוני לא בצומת,1,עד 50,5 עד 7 מטר,אין ליקוי,בהיר,יבש,ראשון,יום,יום רגיל,3,9,5000,5,,
2025086156,קלה,0,לא עירוני בצומת,0,90,7 עד 10.5 מטר,אין ליקוי,בהיר,יבש,שני,לילה,יום רגיל,2,22,0,3,,
2025086197,קלה,0,עירוני בצומת,1,עד 50,,אין ליקוי,בהיר,יבש,שני,לילה,יום רגיל,1,18,6200,5,,
2025086207,קלה,0,עירוני לא בצומת,1,עד 50,5 עד 7 מטר,אין ליקוי,בהיר,יבש,חמישי,לילה,יום רגיל,2,19,2100,3,,
2025086220,קשה,0,לא עירוני בצומת,0,90,7 עד 10.5 מטר,אין ליקוי,בהיר,יבש,ראשון,יום,יום רגיל,4,15,0,4,,
2025086229,קטלנית,1,עירוני לא בצומת,1,עד 50,10.5 עד 14 מטר,אין ליקוי,בהיר,יבש,חמישי,לילה,יום רגיל,1,19,4000,3,,
2025086233,קשה,0,לא עירוני לא בצומת,0,110,10.5 עד 14 מטר,אין ליקוי,בהיר,יבש,ראשון,יום,יום רגיל,2,15,0,3,,
2025086253,קשה,0,עירוני בצומת,1,לא ידוע,,לא ידוע,לא ידוע,לא ידוע,רביעי,יום,יום רגיל,6,9,6400,5,,
2025086266,קלה,0,עירוני בצומת,1,עד 50,7 עד 10.5 מטר,אין ליקוי,בהיר,יבש,רביעי,יום,יום רגיל,9,10,6400,5,,
2025086270,קלה,0,לא עירוני לא בצומת,0,80,7 עד 10.5 מטר,אין ליקוי,בהיר,יבש,ראשון,יום,יום רגיל,3,13,0,7,,
2025086278,קלה,0,עירוני לא בצומת,1,עד 50,10.5 עד 14 מטר,אין ליקוי,בהיר,יבש,שישי,יום,חול המועד,10,14,70,6,,
2025086287,קשה,0,לא עירוני לא בצומת,0,לא ידוע,,לא ידוע,לא ידוע,לא ידוע,שני,לילה,יום רגיל,8,22,0,3,,
2025086297,קלה,0,עירוני בצומת,1,60,7 עד 10.5 מטר,אין ליקוי,בהיר,יבש,חמישי,לילה,יום רגיל,8,19,9000,6,,
2025086322,קלה,0,לא עירוני בצומת,0,70,10.5 עד 14 מטר,אין ליקוי,בהיר,יבש,ראשון,יום,יום רגיל,4,7,0,5,,
2025086428,קשה,0,עירוני לא בצומת,1,לא ידוע,,לא ידוע,לא ידוע,לא ידוע,רביעי,יום,יום רגיל,4,8,5000,5,,
2025086433,קשה,0,לא עירוני לא בצומת,0,לא ידוע,,לא ידוע,לא ידוע,לא ידוע,שלישי,לילה,יום רגיל,4,2,0,3,,
2025086442,קלה,0,עירוני לא בצומת,1,100,10.5 עד 14 מטר,אין ליקוי,לא ידוע,חול או חצץ על הכביש,רביעי,יום,יום רגיל,8,15,776,1,,
2025086443,קשה,0,עירוני לא בצומת,1,עד 50,,אין ליקוי,בהיר,יבש,חמישי,יום,יום רגיל,9,17,5000,5,,
2025086458,קלה,0,עירוני לא בצומת,1,110,5 עד 7 מטר,אין ליקוי,לא ידוע,יבש,ראשון,יום,יום רגיל,4,9,3000,1,,
2025086490,קלה,0,עירוני בצומת,1,עד 50,10.5 עד 14 מטר,אין ליקוי,בהיר,יבש,שני,יום,יום רגיל,4,15,6900,4,,
2025086499,קלה,0,עירוני בצומת,1,עד 50,5 עד 7 מטר,אין ליקוי,בהיר,יבש,שישי,יום,יום רגיל,6,11,6400,5,,
2025086505,קלה,0,עירוני בצומת,1,עד 50,7 עד 10.5 מטר,אין ליקוי,בהיר,יבש,שישי,לילה,יום רגיל,12,19,6200,5,,
2025086511,קלה,0,עירוני בצומת,1,עד 50,5 עד 7 מטר,אין ליקוי,בהיר,יבש,ראשון,יום,יום רגיל,6,18,9000,6,,
2025086516,קשה,0,לא עירוני לא בצומת,0,90,7 עד 10.5 מטר,אין ליקוי,בהיר,יבש,שישי,יום,יום רגיל,10,11,0,2,,
2025086519,קלה,0,עירוני בצומת,1,עד 50,5 עד 7 מטר,אין ליקוי,בהיר,יבש,רביעי,יום,יום רגיל,2,7,7400,4,,
2025086521,קלה,0,עירוני בצומת,1,עד 50,,אין ליקוי,בהיר,יבש,רביעי,לילה,יום רגיל,2,23,7900,4,,
2025086530,קלה,0,לא עירוני בצומת,0,80,7 עד 10.5 מטר,אין ליקוי,בהיר,יבש,חמישי,לילה,יום רגיל,7,20,0,6,,
2025086533,קלה,0,לא עירוני בצומת,0,70,יותר מ-14 מטר,אין ליקוי,שרבי,יבש,שני,יום,יום רגיל,5,14,0,3,,
2025086534,קשה,0,לא עירוני בצומת,0,60,,אין ליקוי,בהיר,רטוב ממים,שבת,לילה,יום רגיל,2,20,0,7,,
2025086558,קלה,0,עירוני בצומת,1,עד 50,7 עד 10.5 מטר,אין ליקוי,בהיר,יבש,חמישי,יום,יום רגיל,10,16,7900,4,,
2025086564,קשה,0,עירוני לא בצומת,1,לא ידוע,,לא ידוע,לא ידוע,לא ידוע,רביעי,יום,יום רגיל,4,16,3000,1,,
2025086566,קשה,0,לא עירוני לא בצומת,0,לא ידוע,,לא ידוע,לא ידוע,לא ידוע,שלישי,לילה,יום רגיל,1,17,0,6,,
2025086575,קלה,0,עירוני בצומת,1,עד 50,5 עד 7 מטר,אין ליקוי,בהיר,יבש,חמישי,יום,יום רגיל,7,16,6400,5,,
2025086597,קלה,0,עירוני בצומת,1,עד 50,5 עד 7 מטר,אין ליקוי,בהיר,יבש,שני,לילה,יום רגיל,3,20,7400,4,,
2025086599,קשה,0,עירוני בצומת,1,עד 50,10.5 עד 14 מטר,אין ליקוי,בהיר,יבש,חמישי,לילה,יום רגיל,11,18,7200,4,,
2025086652,קלה,0,עירוני לא בצומת,1,עד 50,,אין ליקוי,בהיר,יבש,שני,יום,יום רגיל,2,8,7900,4,,
2025086657,קטלנית,1,עירוני בצומת,1,עד 50,7 עד 10.5 מטר,אין ליקוי,בהיר,יבש,שבת,לילה,יום רגיל,10,23,9000,6,,
2025086659,קלה,0,עירוני בצומת,1,עד 50,,אין ליקוי,בהיר,יבש,ראשון,לילה,יום רגיל,11,5,7900,4,,
2025086663,קשה,0,עירוני לא בצומת,1,לא ידוע,,לא ידוע,לא ידוע,לא ידוע,רביעי,יום,יום רגיל,11,9,2200,6,,
2025086670,קלה,0,לא עירוני לא בצומת,0,80,7 עד 10.5 מטר,אין ליקוי,שרבי,יבש,חמישי,יום,יום רגיל,7,18,0,7,,
2025086695,קלה,0,עירוני לא בצומת,1,לא ידוע,,לא ידוע,לא ידוע,לא ידוע,שלישי,לילה,יום רגיל,12,22,6200,5,,
2025086706,קלה,0,עירוני בצומת,1,עד 50,10.5 עד 14 מטר,אין ליקוי,בהיר,יבש,חמישי,לילה,יום רגיל,7,21,7100,6,,
2025086714,קשה,0,לא עירוני לא בצומת,0,70,יותר מ-14 מטר,אין ליקוי,בהיר,יבש,חמישי,יום,יום רגיל,4,9,0,5,,
2025086717,קשה,0,עירוני לא בצומת,1,לא ידוע,,לא ידוע,לא ידוע,לא ידוע,רביעי,יום,חול המועד,4,11,195,4,,
2025086725,קשה,0,עירוני לא בצומת,1,עד 50,5 עד 7 מטר,אין ליקוי,בהיר,אחר,רביעי,לילה,יום רגיל,8,19,814,6,,
2025086732,קלה,0,עירוני בצומת,1,עד 50,7 עד 10.5 מטר,אין ליקוי,בהיר,יבש,שני,יום,יום רגיל,12,9,9700,4,,
2025086783,קלה,0,עירוני בצומת,1,עד 50,5 עד 7 מטר,אין ליקוי,בהיר,יבש,שבת,לילה,יום רגיל,1,23,5000,5,,
2025086812,קשה,0,לא עירוני לא בצומת,0,עד 50,,אין ליקוי,בהיר,יבש,שלישי,לילה,יום רגיל,4,22,0,5,,
2025086845,קלה,0,לא עירוני בצומת,0,לא ידוע,,לא ידוע,לא ידוע,לא ידוע,רביעי,יום,יום רגיל,12,8,0,4,,
2025086860,קלה,0,עירוני בצומת,1,עד 50,10.5 עד 14 מטר,אין ליקוי,בהיר,יבש,ראשון,לילה,יום רגיל,3,20,4000,3,,
2025086861,קשה,0,לא עירוני לא בצומת,0,לא ידוע,,לא ידוע,לא ידוע,לא ידוע,שלישי,יום,יום רגיל,5,7,0,3,,
2025086885,קלה,0,עירוני לא בצומת,1,עד 50,5 עד 7 מטר,אין ליקוי,לא ידוע,חול או חצץ על הכביש,שלישי,יום,יום רגיל,5,7,3000,1,,
2025086891,קשה,0,עירוני לא בצומת,1,עד 50,,אין ליקוי,בהיר,יבש,שלישי,יום,יום רגיל,1,13,6200,5,,
2025086901,קשה,0,לא עירוני לא בצומת,0,110,7 עד 10.5 מטר,אין ליקוי,בהיר,יבש,רביעי,יום,יום רגיל,2,9,0,3,,
2025086914,קשה,0,עירוני לא בצומת,1,לא ידוע,,לא ידוע,לא ידוע,לא ידוע,ראשון,לילה,יום רגיל,9,19,1263,2,,
2025086926,קלה,0,לא עירוני בצומת,0,לא ידוע,,לא ידוע,לא ידוע,לא ידוע,ראשון,לילה,יום רגיל,9,6,0,7,,
2025086962,קלה,0,עירוני בצומת,1,60,יותר מ-14 מטר,אין ליקוי,בהיר,יבש,חמישי,לילה,יום רגיל,11,16,2500,3,,
2025086970,קשה,0,עירוני לא בצומת,1,לא ידוע,,לא ידוע,לא ידוע,לא ידוע,ראשון,לילה,חול המועד,10,22,8000,2,,
2025086974,קלה,0,עירוני בצומת,1,עד 50,7 עד 10.5 מטר,אין ליקוי,בהיר,יבש,שבת,יום,יום רגיל,6,16,5000,5,,
2025086982,קלה,0,עירוני בצומת,1,עד 50,7 עד 10.5 מטר,אין ליקוי,בהיר,יבש,חמישי,יום,יום רגיל,1,9,2640,4,,
2025086983,קלה,0,עירוני בצומת,1,עד 50,יותר מ-14 מטר,אין ליקוי,בהיר,יבש,ראשון,יום,יום רגיל,6,9,7400,4,,
2025087027,קלה,0,לא עירוני בצומת,0,90,7 עד 10.5 מטר,אין ליקוי,בהיר,יבש,שבת,לילה,יום רגיל,3,0,0,4,,
2025087059,קלה,0,עירוני בצומת,1,עד 50,7 עד 10.5 מטר,אין ליקוי,בהיר,יבש,שני,לילה,יום רגיל,10,2,5000,5,,
2025087066,קשה,0,עירוני לא בצומת,1,לא ידוע,,לא ידוע,לא ידוע,לא ידוע,שבת,יום,יום רגיל,8,15,720,4,,
2025087077,קלה,0,עירוני לא בצומת,1,עד 50,5 עד 7 מטר,אין ליקוי,בהיר,יבש,שישי,לילה,יום רגיל,10,6,7400,4,,
2025087080,קטלנית,1,לא עירוני לא בצומת,0,80,7 עד 10.5 מטר,אין ליקוי,בהיר,יבש,שבת,לילה,יום רגיל,2,19,0,2,,
2025087088,קלה,0,עירוני בצומת,1,עד 50,5 עד 7 מטר,אין ליקוי,בהיר,יבש,שני,יום,יום רגיל,4,12,70,6,,
2025087100,קלה,0,לא עירוני בצומת,0,80,10.5 עד 14 מטר,אין ליקוי,בהיר,יבש,שישי,יום,יום רגיל,4,12,0,2,,
2025087118,קלה,0,לא עירוני בצומת,0,עד 50,7 עד 10.5 מטר,אין ליקוי,בהיר,יבש,שבת,יום,יום רגיל,5,12,0,4,,
2025087148,קשה,0,עירוני בצומת,1,עד 50,5 עד 7 מטר,אין ליקוי,בהיר,יבש,חמישי,לילה,יום רגיל,7,19,874,2,,
2025087151,קלה,0,לא עירוני בצומת,0,90,10.5 עד 14 מטר,אין ליקוי,בהיר,יבש,שישי,יום,יום רגיל,9,16,0,2,,
2025087178,קלה,0,עירוני לא בצומת,1,עד 50,10.5 עד 14 מטר,אין ליקוי,בהיר,יבש,חמישי,יום,יום רגיל,5,11,4000,3,,
2025087199,קלה,0,עירוני לא בצומת,1,עד 50,7 עד 10.5 מטר,אין ליקוי,בהיר,יבש,חמישי,יום,יום רגיל,10,8,4000,3,,
2025087201,קלה,0,לא עירוני בצומת,0,לא ידוע,,לא ידוע,לא ידוע,לא ידוע,ראשון,לילה,יום רגיל,11,18,0,4,,
2025087218,קשה,0,עירוני לא בצומת,1,לא ידוע,,לא ידוע,לא ידוע,לא ידוע,רביעי,לילה,יום רגיל,6,21,6900,4,,
2025087235,קלה,0,עירוני לא בצומת,1,עד 50,,אין ליקוי,בהיר,יבש,חמישי,יום,יום רגיל,11,9,4000,3,,
2025087246,קשה,0,לא עירוני לא בצומת,0,לא ידוע,,לא ידוע,לא ידוע,לא ידוע,שלישי,לילה,יום רגיל,3,17,0,6,,
2025087272,קלה,0,עירוני בצומת,1,עד 50,5 עד 7 מטר,אין ליקוי,בהיר,יבש,רביעי,יום,יום רגיל,7,14,1309,4,,
2025087275,קשה,0,לא עירוני לא בצומת,0,לא ידוע,,לא ידוע,לא ידוע,לא ידוע,רביעי,יום,יום רגיל,3,14,0,7,,
2025087294,קשה,0,לא עירוני בצומת,0,עד 50,7 עד 10.5 מטר,אין ליקוי,בהיר,יבש,שלישי,לילה,יום רגיל,4,6,0,3,,
2025087300,קשה,0,עירוני לא בצומת,1,עד 50,5 עד 7 מטר,אין ליקוי,בהיר,יבש,רביעי,יום,יום רגיל,7,6,6700,2,,
2025087312,קלה,0,לא עירוני לא בצומת,0,80,7 עד 10.5 מטר,אין ליקוי,בהיר,יבש,חמישי,יום,יום רגיל,12,15,0,2,,
2025087320,קשה,0,עירוני לא בצומת,1,עד 50,5 עד 7 מטר,אין ליקוי,בהיר,יבש,שבת,לילה,יום רגיל,3,4,3000,1,,
2025087331,קלה,0,עירוני לא בצומת,1,עד 50,7 עד 10.5 מטר,אין ליקוי,בהיר,יבש,רביעי,לילה,יום רגיל,3,19,70,6,,
2025087370,קלה,0,עירוני בצומת,1,70,יותר מ-14 מטר,אין ליקוי,בהיר,יבש,שישי,יום,יום רגיל,10,16,6800,3,,
2025087373,קלה,0,לא עירוני בצומת,0,70,7 עד 10.5 מטר,אין ליקוי,בהיר,יבש,ראשון,יום,יום רגיל,7,15,0,3,,
2025087376,קשה,0,לא עירוני לא בצומת,0,לא ידוע,,לא ידוע,לא ידוע,לא ידוע,שני,יום,יום רגיל,9,16,0,2,,
2025087388,קלה,0,עירוני בצומת,1,עד 50,7 עד 10.5 מטר,אין ליקוי,לא ידוע,רטוב ממים,רביעי,לילה,יום רגיל,2,17,3000,1,,
2025087392,קלה,0,עירוני בצומת,1,עד 50,7 עד 10.5 מטר,אין ליקוי,בהיר,יבש,שבת,לילה,יום רגיל,8,21,7700,2,,
2025087400,קשה,0,לא עירוני לא בצומת,0,90,7 עד 10.5 מטר,אין ליקוי,בהיר,יבש,שבת,יום,יום רגיל,4,18,0,6,,
2025087413,קשה,0,עירוני לא בצומת,1,לא ידוע,,לא ידוע,לא ידוע,לא ידוע,חמישי,יום,יום רגיל,1,10,8300,4,,
2025087417,קשה,0,עירוני לא בצומת,1,לא ידוע,,לא ידוע,לא ידוע,לא ידוע,שישי,יום,יום רגיל,1,13,7400,4,,
2025087427,קלה,0,עירוני לא בצומת,1,עד 50,10.5 עד 14 מטר,אין ליקוי,בהיר,יבש,שבת,לילה,יום רגיל,3,23,4000,3,,
2025087428,קשה,0,עירוני בצומת,1,60,7 עד 10.5 מטר,אין ליקוי,בהיר,יבש,חמישי,יום,יום רגיל,9,16,8300,4,,
2025087438,קשה,0,עירוני לא בצומת,1,לא ידוע,,לא ידוע,לא ידוע,לא ידוע,שישי,יום,יום רגיל,9,17,7800,3,,
2025087445,קלה,0,עירוני לא בצומת,1,עד 50,5 עד 7 מטר,אין ליקוי,בהיר,יבש,שני,יום,יום רגיל,3,10,7400,4,,
2025087448,קלה,0,עירוני בצומת,1,עד 50,יותר מ-14 מטר,אין ליקוי,בהיר,יבש,חמישי,יום,יום רגיל,3,16,70,6,,
2025087462,קלה,0,עירוני בצומת,1,עד 50,7 עד 10.5 מטר,אין ליקוי,בהיר,יבש,רביעי,יום,יום רגיל,7,10,31,6,,
2025087472,קטלנית,1,לא עירוני לא בצומת,0,80,,אין ליקוי,בהיר,יבש,ראשון,לילה,יום רגיל,12,19,0,3,,
2025087479,קלה,0,לא עירוני בצומת,0,80,יותר מ-14 מטר,אין ליקוי,בהיר,יבש,שבת,יום,יום רגיל,11,11,0,3,,
2025087484,קלה,0,עירוני לא בצומת,1,עד 50,7 עד 10.5 מטר,אין ליקוי,בהיר,יבש,שלישי,לילה,יום רגיל,1,18,534,3,,
2025087496,קלה,0,עירוני לא בצומת,1,עד 50,10.5 עד 14 מטר,אין ליקוי,בהיר,יבש,שבת,יום,יום רגיל,8,16,8500,4,,
2025087499,קלה,0,לא עירוני בצומת,0,90,יותר מ-14 מטר,אין ליקוי,בהיר,רטוב ממים,ראשון,יום,יום רגיל,2,15,0,5,,
2025087501,קשה,0,עירוני לא בצומת,1,עד 50,,אין ליקוי,בהיר,יבש,רביעי,יום,יום רגיל,2,11,5000,5,,
2025087526,קטלנית,1,עירוני לא בצומת,1,עד 50,5 עד 7 מטר,אין ליקוי,בהיר,יבש,ראשון,יום,יום רגיל,8,10,1161,6,,
2025087542,קשה,0,עירוני לא בצומת,1,לא ידוע,,לא ידוע,לא ידוע,לא ידוע,שישי,יום,יום רגיל,10,14,5000,5,,
2025087545,קשה,0,לא עירוני בצומת,0,לא ידוע,,לא ידוע,לא ידוע,לא ידוע,שבת,לילה,יום רגיל,2,23,0,1,,
2025087553,קשה,0,עירוני בצומת,1,לא ידוע,,לא ידוע,לא ידוע,לא ידוע,חמישי,לילה,יום רגיל,7,20,3000,1,,
2025087568,קשה,0,עירוני לא בצומת,1,לא ידוע,,לא ידוע,לא ידוע,לא ידוע,חמישי,יום,יום רגיל,7,11,6600,5,,
2025087571,קלה,0,עירוני בצומת,1,עד 50,7 עד 10.5 מטר,אין ליקוי,בהיר,יבש,שלישי,יום,יום רגיל,3,15,9000,6,,
2025087591,קלה,0,עירוני לא בצומת,1,עד 50,,אין ליקוי,בהיר,יבש,שישי,יום,יום רגיל,2,6,6200,5,,
2025087593,קלה,0,עירוני בצומת,1,עד 50,7 עד 10.5 מטר,אין ליקוי,בהיר,יבש,שלישי,יום,יום רגיל,5,15,70,6,,
2025087625,קלה,0,עירוני בצומת,1,עד 50,5 עד 7 מטר,אין ליקוי,בהיר,יבש,ראשון,יום,יום רגיל,9,17,5000,5,,
2025087637,קשה,0,לא עירוני לא בצומת,0,70,7 עד 10.5 מטר,אין ליקוי,בהיר,יבש,שישי,לילה,יום רגיל,1,18,0,2,,
2025087646,קלה,0,עירוני לא בצומת,1,עד 50,5 עד 7 מטר,אין ליקוי,בהיר,יבש,שישי,יום,יום רגיל,4,15,4000,3,,
2025087656,קלה,0,עירוני בצומת,1,עד 50,5 עד 7 מטר,אין ליקוי,בהיר,יבש,חמישי,יום,חול המועד,4,10,7100,6,,
2025087693,קלה,0,לא עירוני בצומת,0,עד 50,7 עד 10.5 מטר,אין ליקוי,בהיר,יבש,שני,יום,יום רגיל,8,7,0,5,,
2025087711,קלה,0,עירוני לא בצומת,1,עד 50,5 עד 7 מטר,אין ליקוי,בהיר,יבש,רביעי,יום,יום רגיל,8,10,4000,3,,
2025087714,קשה,0,לא עירוני לא בצומת,0,90,7 עד 10.5 מטר,אין ליקוי,בהיר,יבש,שישי,לילה,יום רגיל,5,22,0,4,,
2025087719,קלה,0,עירוני בצומת,1,60,5 עד 7 מטר,אין ליקוי,בהיר,יבש,שבת,לילה,יום רגיל,1,23,9000,6,,
2025087737,קלה,0,לא עירוני בצומת,0,עד 50,,אין ליקוי,בהיר,יבש,שישי,לילה,חג,3,1,0,5,,
2025087742,קלה,0,עירוני בצומת,1,עד 50,5 עד 7 מטר,אין ליקוי,לא ידוע,יבש,שישי,יום,יום רגיל,12,7,4000,3,,
2025087794,קשה,0,עירוני לא בצומת,1,לא ידוע,,לא ידוע,לא ידוע,לא ידוע,שישי,לילה,יום רגיל,9,19,5000,5,,
2025087831,קלה,0,עירוני לא בצומת,1,עד 50,5 עד 7 מטר,אין ליקוי,בהיר,יבש,רביעי,יום,חול המועד,4,8,5000,5,,
2025087844,קלה,0,לא עירוני לא בצומת,0,עד 50,5 עד 7 מטר,לא ידוע,לא ידוע,רטוב ממים,שלישי,יום,יום רגיל,2,13,0,3,,
2025087859,קלה,0,עירוני בצומת,1,90,,אין ליקוי,בהיר,יבש,שבת,יום,יום רגיל,10,14,6400,5,,
2025087863,קלה,0,עירוני בצומת,1,עד 50,7 עד 10.5 מטר,אין ליקוי,גשום,רטוב ממים,שלישי,יום,יום רגיל,11,7,2630,6,,
2025087866,קלה,0,לא עירוני בצומת,0,60,7 עד 10.5 מטר,אין ליקוי,בהיר,יבש,שבת,לילה,יום רגיל,11,22,0,2,,
2025087879,קלה,0,לא עירוני לא בצומת,0,80,7 עד 10.5 מטר,אין ליקוי,בהיר,יבש,רביעי,יום,יום רגיל,8,14,0,2,,
2025087890,קשה,0,לא עירוני לא בצומת,0,80,7 עד 10.5 מטר,אין ליקוי,בהיר,יבש,שלישי,יום,יום רגיל,3,15,0,2,,
2025087901,קשה,0,לא עירוני לא בצומת,0,70,5 עד 7 מטר,אין ליקוי,בהיר,יבש,חמישי,לילה,יום רגיל,12,3,0,5,,
2025087908,קלה,0,עירוני בצומת,1,עד 50,7 עד 10.5 מטר,אין ליקוי,בהיר,יבש,ראשון,יום,יום רגיל,10,8,8600,5,,
2025087913,קטלנית,1,לא עירוני לא בצומת,0,עד 50,5 עד 7 מטר,כביש משובש,בהיר,חול או חצץ על הכביש,שני,יום,יום רגיל,4,8,0,7,,
2025087931,קלה,0,עירוני בצומת,1,עד 50,7 עד 10.5 מטר,אין ליקוי,בהיר,יבש,שני,לילה,יום רגיל,11,18,70,6,,
2025087959,קלה,0,עירוני בצומת,1,עד 50,,לא ידוע,בהיר,לא ידוע,שני,לילה,יום רגיל,8,20,9000,6,,
2025087984,קשה,0,לא עירוני לא בצומת,0,110,יותר מ-14 מטר,אין ליקוי,בהיר,יבש,שבת,לילה,יום רגיל,7,23,0,2,,
2025087985,קלה,0,לא עירוני בצומת,0,עד 50,יותר מ-14 מטר,אין ליקוי,בהיר,יבש,ראשון,יום,יום רגיל,6,8,0,5,,
2025088020,קשה,0,עירוני בצומת,1,עד 50,10.5 עד 14 מטר,אין ליקוי,בהיר,יבש,ראשון,יום,יום רגיל,6,18,8500,4,,
2025088022,קלה,0,עירוני לא בצומת,1,עד 50,7 עד 10.5 מטר,לא ידוע,בהיר,יבש,חמישי,לילה,יום רגיל,12,22,7500,2,,
2025088024,קלה,0,עירוני בצומת,1,עד 50,,אין ליקוי,בהיר,יבש,רביעי,לילה,חול המועד,4,23,7900,4,,
2025088037,קלה,0,עירוני לא בצומת,1,70,7 עד 10.5 מטר,אין ליקוי,בהיר,יבש,רביעי,לילה,יום רגיל,9,1,8400,4,,
2025088046,קלה,0,עירוני בצומת,1,לא ידוע,,לא ידוע,לא ידוע,לא ידוע,שישי,יום,יום רגיל,7,17,5000,5,,
2025088050,קשה,0,עירוני לא בצומת,1,לא ידוע,,לא ידוע,לא ידוע,לא ידוע,שישי,יום,יום רגיל,6,8,7800,3,,
2025088052,קשה,0,עירוני לא בצומת,1,לא ידוע,,לא ידוע,לא ידוע,לא ידוע,שלישי,יום,יום רגיל,2,11,473,2,,
2025088053,קשה,0,עירוני לא בצומת,1,לא ידוע,,לא ידוע,לא ידוע,לא ידוע,שבת,לילה,יום רגיל,3,20,3489,7,,
2025088055,קשה,0,עירוני לא בצומת,1,עד 50,,אין ליקוי,בהיר,יבש,שבת,לילה,יום רגיל,10,19,5000,5,,
2025088056,קלה,0,לא עירוני בצומת,0,80,יותר מ-14 מטר,אין ליקוי,בהיר,יבש,רביעי,יום,יום רגיל,1,10,0,4,,
2025088059,קלה,0,לא עירוני לא בצומת,0,,10.5 עד 14 מטר,אין ליקוי,בהיר,יבש,רביעי,יום,יום רגיל,4,6,0,3,,
2025088071,קלה,0,עירוני לא בצומת,1,עד 50,7 עד 10.5 מטר,אין ליקוי,בהיר,יבש,רביעי,יום,יום רגיל,7,17,7400,4,,
2025088109,קלה,0,עירוני בצומת,1,עד 50,5 עד 7 מטר,אין ליקוי,בהיר,יבש,שלישי,יום,יום רגיל,7,7,6200,5,,
2025088147,קטלנית,1,לא עירוני בצומת,0,90,7 עד 10.5 מטר,אין ליקוי,בהיר,יבש,רביעי,יום,יום רגיל,7,11,0,5,,
2025088157,קטלנית,1,לא עירוני לא בצומת,0,80,5 עד 7 מטר,כביש משובש,בהיר,יבש,שישי,יום,יום רגיל,5,12,0,7,,
2025088166,קלה,0,לא עירוני בצומת,0,90,10.5 עד 14 מטר,אין ליקוי,בהיר,יבש,שני,יום,יום רגיל,1,9,0,5,,
2025088180,קשה,0,לא עירוני בצומת,0,לא ידוע,,לא ידוע,לא ידוע,לא ידוע,רביעי,יום,יום רגיל,4,7,0,4,,
2025088189,קלה,0,עירוני לא בצומת,1,עד 50,5 עד 7 מטר,אין ליקוי,בהיר,יבש,שני,לילה,יום רגיל,12,19,9200,2,,
2025088218,קלה,0,לא עירוני בצומת,0,80,יותר מ-14 מטר,אין ליקוי,לא ידוע,יבש,שישי,יום,יום רגיל,2,14,0,2,,
2025088233,קשה,0,עירוני לא בצומת,1,לא ידוע,,לא ידוע,לא ידוע,לא ידוע,שישי,לילה,יום רגיל,4,19,2720,4,,
2025088239,קלה,0,לא עירוני בצומת,0,לא ידוע,,לא ידוע,לא ידוע,לא ידוע,ראשון,יום,יום רגיל,4,16,0,5,,
2025088279,קשה,0,לא עירוני לא בצומת,0,לא ידוע,,לא ידוע,לא ידוע,לא ידוע,שישי,יום,יום רגיל,10,17,0,2,,
2025088281,קלה,0,עירוני לא בצומת,1,עד 50,5 עד 7 מטר,אין ליקוי,בהיר,יבש,שישי,יום,יום רגיל,9,10,8200,3,,
2025088292,קלה,0,לא עירוני בצומת,0,90,7 עד 10.5 מטר,אין ליקוי,בהיר,יבש,שישי,יום,יום רגיל,10,11,0,4,,
2025088307,קלה,0,עירוני בצומת,1,70,,אין ליקוי,בהיר,יבש,ראשון,יום,יום רגיל,2,7,1200,4,,
2025088317,קלה,0,עירוני בצומת,1,עד 50,5 עד 7 מטר,אין ליקוי,בהיר,יבש,רביעי,יום,יום רגיל,9,18,6900,4,,
2025088326,קלה,0,עירוני בצומת,1,עד 50,7 עד 10.5 מטר,אין ליקוי,בהיר,יבש,ראשון,לילה,יום רגיל,9,0,6100,5,,
2025088350,קלה,0,לא עירוני לא בצומת,0,עד 50,עד 5 מטר,אין ליקוי,בהיר,יבש,שני,יום,יום רגיל,3,9,0,3,,
2025088387,קשה,0,לא עירוני בצומת,0,לא ידוע,,לא ידוע,לא ידוע,לא ידוע,ראשון,לילה,חג,4,21,0,1,,
2025088399,קלה,0,עירוני לא בצומת,1,עד 50,5 עד 7 מטר,אין ליקוי,בהיר,יבש,שישי,יום,יום רגיל,5,7,4000,3,,
2025088400,קלה,0,עירוני בצומת,1,עד 50,7 עד 10.5 מטר,אין ליקוי,בהיר,יבש,חמישי,יום,יום רגיל,8,16,7100,6,,
2025088423,קשה,0,לא עירוני לא בצומת,0,70,10.5 עד 14 מטר,אין ליקוי,בהיר,יבש,שישי,יום,יום רגיל,10,13,0,5,,
2025088428,קטלנית,1,עירוני בצומת,1,עד 50,7 עד 10.5 מטר,אין ליקוי,בהיר,יבש,שני,יום,יום רגיל,7,13,5000,5,,
2025088432,קטלנית,1,עירוני לא בצומת,1,עד 50,5 עד 7 מטר,כביש משובש,בהיר,יבש,שבת,לילה,יום רגיל,2,0,5000,5,,
2025088443,קלה,0,לא עירוני בצומת,0,עד 50,5 עד 7 מטר,אין ליקוי,בהיר,יבש,שישי,לילה,יום רגיל,12,21,0,4,,
2025088456,קלה,0,לא עירוני בצומת,0,עד 50,7 עד 10.5 מטר,אין ליקוי,לא ידוע,יבש,ראשון,יום,יום רגיל,2,13,0,5,,
2025088483,קלה,0,לא עירוני לא בצומת,0,90,5 עד 7 מטר,אין ליקוי,בהיר,יבש,שלישי,יום,יום רגיל,1,14,0,6,,
2025088489,קשה,0,עירוני בצומת,1,עד 50,7 עד 10.5 מטר,אין ליקוי,לא ידוע,יבש,רביעי,יום,יום רגיל,3,7,7400,4,,
2025088490,קלה,0,עירוני לא בצומת,1,עד 50,5 עד 7 מטר,אין ליקוי,בהיר,יבש,שלישי,לילה,יום רגיל,7,20,7700,2,,
2025088506,קלה,0,לא עירוני לא בצומת,0,80,7 עד 10.5 מטר,אין ליקוי,בהיר,יבש,שישי,לילה,יום רגיל,8,22,0,4,,
2025088514,קשה,0,עירוני לא בצומת,1,עד 50,7 עד 10.5 מטר,אין ליקוי,בהיר,יבש,שבת,לילה,יום רגיל,6,20,1200,4,,
2025088536,קשה,0,עירוני לא בצומת,1,לא ידוע,,לא ידוע,לא ידוע,לא ידוע,שני,יום,יום רגיל,5,18,6500,3,,
2025088537,קלה,0,עירוני בצומת,1,עד 50,7 עד 10.5 מטר,אין ליקוי,גשום,רטוב ממים,ראשון,יום,יום רגיל,2,13,6200,5,,
2025088548,קשה,0,עירוני לא בצומת,1,לא ידוע,,לא ידוע,לא ידוע,לא ידוע,שבת,לילה,יום רגיל,8,22,5000,5,,
2025088581,קלה,0,עירוני בצומת,1,60,7 עד 10.5 מטר,אין ליקוי,בהיר,יבש,שבת,לילה,יום רגיל,3,6,7900,4,,
2025088595,קלה,0,לא עירוני לא בצומת,0,80,10.5 עד 14 מטר,אין ליקוי,בהיר,יבש,שישי,לילה,יום רגיל,3,2,0,4,,
2025088630,קשה,0,עירוני לא בצומת,1,לא ידוע,,לא ידוע,לא ידוע,לא ידוע,רביעי,יום,יום רגיל,5,18,3000,1,,
2025088646,קטלנית,1,לא עירוני לא בצומת,0,90,,אין ליקוי,בהיר,יבש,שישי,לילה,יום רגיל,3,0,0,6,,
2025088649,קשה,0,עירוני בצומת,1,עד 50,7 עד 10.5 מטר,אין ליקוי,בהיר,יבש,שישי,יום,יום רגיל,4,9,2630,6,,
2025088650,קשה,0,לא עירוני לא בצומת,0,לא ידוע,,לא ידוע,לא ידוע,לא ידוע,שלישי,לילה,יום רגיל,4,23,0,3,,
2025088652,קלה,0,לא עירוני לא בצומת,0,70,,לא ידוע,בהיר,יבש,שלישי,לילה,יום רגיל,9,19,0,3,,
2025088656,קלה,0,עירוני לא בצומת,1,עד 50,5 עד 7 מטר,אין ליקוי,בהיר,יבש,שני,יום,יום רגיל,9,7,8600,5,,
2025088659,קלה,0,עירוני בצומת,1,עד 50,7 עד 10.5 מטר,אין ליקוי,בהיר,יבש,שלישי,יום,יום רגיל,7,10,7700,2,,
2025088680,קטלנית,1,עירוני בצומת,1,80,,אין ליקוי,בהיר,יבש,רביעי,יום,יום רגיל,3,9,5000,5,,
2025088687,קלה,0,עירוני בצומת,1,עד 50,7 עד 10.5 מטר,אין ליקוי,בהיר,יבש,רביעי,יום,יום רגיל,7,9,5000,5,,
2025088692,קלה,0,עירוני בצומת,1,עד 50,5 עד 7 מטר,אין ליקוי,בהיר,יבש,רביעי,יום,יום רגיל,6,19,6600,5,,
2025088696,קלה,0,עירוני לא בצומת,1,עד 50,5 עד 7 מטר,אין ליקוי,בהיר,יבש,שישי,יום,יום רגיל,5,11,3000,1,,
2025088712,קלה,0,עירוני בצומת,1,עד 50,יותר מ-14 מטר,אין ליקוי,בהיר,יבש,שלישי,יום,יום רגיל,1,15,70,6,,
2025088729,קלה,0,עירוני לא בצומת,1,לא ידוע,,לא ידוע,לא ידוע,לא ידוע,שני,יום,יום רגיל,12,13,6400,5,,
2025088753,קשה,0,עירוני לא בצומת,1,לא ידוע,,לא ידוע,לא ידוע,לא ידוע,ראשון,יום,יום רגיל,10,11,5000,5,,
2025088758,קשה,0,עירוני לא בצומת,1,עד 50,5 עד 7 מטר,אין ליקוי,בהיר,יבש,חמישי,יום,יום רגיל,9,12,1200,4,,
2025088771,קלה,0,עירוני בצומת,1,עד 50,יותר מ-14 מטר,אין ליקוי,בהיר,יבש,ראשון,יום,יום רגיל,9,16,8600,5,,
2025088772,קלה,0,עירוני בצומת,1,עד 50,10.5 עד 14 מטר,אין ליקוי,בהיר,יבש,שישי,יום,יום רגיל,8,7,8700,4,,
2025088773,קלה,0,עירוני בצומת,1,עד 50,7 עד 10.5 מטר,אין ליקוי,בהיר,יבש,שלישי,יום,יום רגיל,10,13,2640,4,,
2025088776,קלה,0,עירוני בצומת,1,עד 50,10.5 עד 14 מטר,אין ליקוי,בהיר,יבש,חמישי,לילה,יום רגיל,12,17,5000,5,,
2025088777,קלה,0,לא עירוני בצומת,0,עד 50,,אין ליקוי,בהיר,יבש,שבת,יום,יום רגיל,8,15,0,4,,
2025088789,קלה,0,עירוני לא בצומת,1,עד 50,7 עד 10.5 מטר,אין ליקוי,בהיר,יבש,שבת,לילה,יום רגיל,2,0,7400,4,,
2025088795,קלה,0,עירוני לא בצומת,1,עד 50,5 עד 7 מטר,לא ידוע,בהיר,יבש,שלישי,לילה,יום רגיל,7,19,3000,1,,
2025088812,קלה,0,עירוני לא בצומת,1,עד 50,5 עד 7 מטר,אין ליקוי,בהיר,יבש,חמישי,יום,יום רגיל,4,16,6100,5,,
2025088830,קטלנית,1,לא עירוני לא בצומת,0,עד 50,5 עד 7 מטר,אין ליקוי,בהיר,יבש,חמישי,יום,יום רגיל,5,16,0,7,,
2025088882,קשה,0,עירוני לא בצומת,1,לא ידוע,,לא ידוע,לא ידוע,לא ידוע,חמישי,יום,יום רגיל,5,17,509,2,,
2025088886,קשה,0,עירוני לא בצומת,1,עד 50,5 עד 7 מטר,אין ליקוי,לא ידוע,יבש,שני,יום,יום רגיל,4,13,6100,5,,
2025088910,קטלנית,1,לא עירוני לא בצומת,0,80,7 עד 10.5 מטר,לא ידוע,בהיר,יבש,חמישי,לילה,יום רגיל,12,17,0,7,,
2025088944,קלה,0,עירוני לא בצומת,1,60,,אין ליקוי,בהיר,יבש,שישי,יום,יום רגיל,9,14,5000,5,,
2025088949,קלה,0,עירוני לא בצומת,1,עד 50,10.5 עד 14 מטר,אין ליקוי,בהיר,יבש,שלישי,לילה,יום רגיל,11,17,5000,5,,
2025088957,קשה,0,לא עירוני לא בצומת,0,80,10.5 עד 14 מטר,אין ליקוי,בהיר,יבש,חמישי,יום,יום רגיל,1,8,0,4,,
2025088968,קלה,0,עירוני בצומת,1,עד 50,7 עד 10.5 מטר,אין ליקוי,בהיר,יבש,ראשון,לילה,יום רגיל,8,21,3000,1,,
2025089004,קלה,0,עירוני לא בצומת,1,עד 50,,אין ליקוי,בהיר,יבש,ראשון,יום,יום רגיל,7,18,8600,5,,
2025089022,קלה,0,עירוני לא בצומת,1,עד 50,10.5 עד 14 מטר,לא ידוע,בהיר,יבש,שלישי,יום,יום רגיל,9,10,7400,4,,
2025089032,קלה,0,עירוני בצומת,1,60,יותר מ-14 מטר,אין ליקוי,בהיר,יבש,ראשון,יום,יום רגיל,2,11,168,4,,
2025089033,קטלנית,1,לא עירוני לא בצומת,0,80,7 עד 10.5 מטר,אין ליקוי,בהיר,יבש,רביעי,לילה,יום רגיל,10,18,0,3,,
2025089051,קלה,0,לא עירוני בצומת,0,70,,אין ליקוי,בהיר,רטוב ממים,שישי,לילה,יום רגיל,2,3,0,2,,
2025089056,קלה,0,עירוני בצומת,1,עד 50,7 עד 10.5 מטר,אין ליקוי,בהיר,יבש,ראשון,יום,יום רגיל,2,17,7100,6,,
2025089062,קלה,0,לא עירוני לא בצומת,0,80,5 עד 7 מטר,אין ליקוי,בהיר,יבש,ראשון,לילה,יום רגיל,2,17,0,1,,
2025089085,קלה,0,לא עירוני בצומת,0,70,7 עד 10.5 מטר,אין ליקוי,בהיר,יבש,ראשון,יום,יום רגיל,1,14,0,2,,
2025089105,קלה,0,עירוני בצומת,1,עד 50,יותר מ-14 מטר,אין ליקוי,בהיר,יבש,שלישי,יום,יום רגיל,12,9,70,6,,
2025089118,קשה,0,עירוני לא בצומת,1,לא ידוע,,לא ידוע,לא ידוע,לא ידוע,רביעי,יום,יום רגיל,10,13,8600,5,,
2025089125,קשה,0,עירוני לא בצומת,1,עד 50,7 עד 10.5 מטר,אין ליקוי,בהיר,יבש,שישי,לילה,יום רגיל,9,19,478,2,,
2025089151,קלה,0,עירוני בצומת,1,70,10.5 עד 14 מטר,אין ליקוי,בהיר,יבש,ראשון,יום,יום רגיל,9,16,4000,3,,
2025089161,קלה,0,עירוני בצומת,1,עד 50,7 עד 10.5 מטר,אין ליקוי,בהיר,יבש,שני,לילה,יום רגיל,11,20,9000,6,,
2025089168,קשה,0,עירוני בצומת,1,לא ידוע,,לא ידוע,לא ידוע,לא ידוע,חמישי,יום,יום רגיל,11,12,7900,4,,
2025089169,קשה,0,עירוני בצומת,1,עד 50,5 עד 7 מטר,אין ליקוי,בהיר,יבש,שלישי,יום,יום רגיל,6,13,2100,3,,
2025089192,קלה,0,עירוני בצומת,1,עד 50,5 עד 7 מטר,אין ליקוי,בהיר,יבש,חמישי,יום,יום רגיל,10,15,5000,5,,
2025089220,קלה,0,עירוני לא בצומת,1,עד 50,7 עד 10.5 מטר,אין ליקוי,בהיר,יבש,רביעי,לילה,יום רגיל,11,20,6600,5,,
2025089229,קשה,0,עירוני לא בצומת,1,עד 50,5 עד 7 מטר,אין ליקוי,בהיר,יבש,חמישי,יום,יום רגיל,5,17,5000,5,,
2025089236,קטלנית,1,לא עירוני לא בצומת,0,80,10.5 עד 14 מטר,אין ליקוי,בהיר,יבש,שבת,יום,יום רגיל,6,11,0,2,,
2025089257,קלה,0,עירוני בצומת,1,עד 50,5 עד 7 מטר,אין ליקוי,בהיר,יבש,שישי,יום,יום רגיל,9,11,5000,5,,
2025089282,קשה,0,עירוני לא בצומת,1,לא ידוע,,לא ידוע,לא ידוע,לא ידוע,רביעי,יום,יום רגיל,10,8,9100,2,,
2025089285,קלה,0,עירוני בצומת,1,עד 50,10.5 עד 14 מטר,אין ליקוי,בהיר,יבש,שישי,יום,יום רגיל,4,7,7700,2,,
2025089310,קלה,0,עירוני בצומת,1,עד 50,10.5 עד 14 מטר,אין ליקוי,בהיר,יבש,רביעי,יום,יום רגיל,11,15,6100,5,,
2025089337,קשה,0,עירוני לא בצומת,1,לא ידוע,,לא ידוע,לא ידוע,לא ידוע,ראשון,יום,ערב חג,6,7,195,4,,
2025089343,קטלנית,1,לא עירוני לא בצומת,0,90,5 עד 7 מטר,אין ליקוי,בהיר,יבש,שלישי,יום,יום רגיל,2,9,0,6,,
2025089349,קלה,0,עירוני לא בצומת,1,עד 50,יותר מ-14 מטר,אין ליקוי,בהיר,יבש,ראשון,יום,יום רגיל,1,15,70,6,,
2025089369,קלה,0,עירוני בצומת,1,עד 50,5 עד 7 מטר,אין ליקוי,גשום,רטוב ממים,שלישי,לילה,יום רגיל,11,22,4000,3,,
2025089395,קשה,0,לא עירוני בצומת,0,90,,אין ליקוי,לא ידוע,לא ידוע,חמישי,לילה,יום רגיל,8,19,0,6,,
2025089398,קלה,0,עירוני בצומת,1,עד 50,עד 5 מטר,אין ליקוי,בהיר,יבש,רביעי,לילה,יום רגיל,11,20,8700,4,,
2025089406,קשה,0,עירוני לא בצומת,1,עד 50,7 עד 10.5 מטר,אין ליקוי,לא ידוע,רטוב ממים,שישי,לילה,יום רגיל,2,6,3574,7,,
2025089407,קשה,0,עירוני בצומת,1,עד 50,5 עד 7 מטר,אין ליקוי,בהיר,יבש,רביעי,יום,יום רגיל,10,10,6900,4,,
2025089411,קשה,0,עירוני לא בצומת,1,לא ידוע,,לא ידוע,לא ידוע,לא ידוע,ראשון,לילה,יום רגיל,3,3,5000,5,,
2025089442,קלה,0,עירוני לא בצומת,1,100,5 עד 7 מטר,אין ליקוי,לא ידוע,חול או חצץ על הכביש,שלישי,יום,יום רגיל,1,7,2610,1,,
2025089453,קשה,0,לא עירוני לא בצומת,0,עד 50,5 עד 7 מטר,אין ליקוי,בהיר,יבש,שני,יום,יום רגיל,3,17,0,4,,
2025089456,קשה,0,לא עירוני לא בצומת,0,,יותר מ-14 מטר,אין ליקוי,בהיר,יבש,ראשון,לילה,יום רגיל,9,4,0,3,,
2025089486,קשה,0,לא עירוני בצומת,0,לא ידוע,,לא ידוע,לא ידוע,לא ידוע,שישי,יום,יום רגיל,5,10,0,5,,
2025089495,קלה,0,עירוני לא בצומת,1,עד 50,10.5 עד 14 מטר,אין ליקוי,לא ידוע,לא ידוע,שבת,יום,יום רגיל,3,14,3000,1,,
2025089496,קשה,0,לא עירוני לא בצומת,0,90,יותר מ-14 מטר,אין ליקוי,בהיר,יבש,שבת,לילה,יום רגיל,1,23,0,4,,
2025089508,קטלנית,1,לא עירוני לא בצומת,0,80,5 עד 7 מטר,אין ליקוי,בהיר,יבש,שבת,יום,יום רגיל,2,15,0,4,,
2025089512,קלה,0,עירוני בצומת,1,עד 50,יותר מ-14 מטר,אין ליקוי,בהיר,יבש,שני,לילה,יום רגיל,4,20,7100,6,,
2025089523,קלה,0,לא עירוני לא בצומת,0,90,7 עד 10.5 מטר,אין ליקוי,בהיר,יבש,רביעי,יום,יום רגיל,9,13,0,5,,
2025089534,קלה,0,עירוני לא בצומת,1,עד 50,7 עד 10.5 מטר,אין ליקוי,בהיר,יבש,ראשון,יום,יום רגיל,5,8,681,4,,
2025089570,קלה,0,לא עירוני בצומת,0,70,10.5 עד 14 מטר,אין ליקוי,בהיר,יבש,שבת,לילה,יום רגיל,12,22,0,3,,
2025089595,קלה,0,עירוני לא בצומת,1,עד 50,,אין ליקוי,בהיר,יבש,רביעי,יום,יום רגיל,1,13,8600,5,,
2025089610,קטלנית,1,לא עירוני לא בצומת,0,60,7 עד 10.5 מטר,אין ליקוי,לא ידוע,יבש,שישי,יום,יום רגיל,9,7,0,1,,
2025089628,קשה,0,לא עירוני בצומת,0,לא ידוע,7 עד 10.5 מטר,שוליים גרועים,בהיר,יבש,שישי,לילה,יום רגיל,5,0,0,5,,
2025089649,קלה,0,לא עירוני לא בצומת,0,80,יותר מ-14 מטר,אין ליקוי,בהיר,יבש,שני,יום,יום רגיל,4,17,0,3,,
2025089661,קשה,0,עירוני לא בצומת,1,עד 50,10.5 עד 14 מטר,אין ליקוי,בהיר,יבש,ראשון,יום,יום רגיל,5,17,3780,7,,
2025089675,קלה,0,עירוני לא בצומת,1,70,7 עד 10.5 מטר,אין ליקוי,בהיר,יבש,שישי,לילה,חג,3,21,4000,3,,
2025089731,קלה,0,עירוני בצומת,1,עד 50,,אין ליקוי,בהיר,יבש,שלישי,לילה,יום רגיל,11,21,5000,5,,
2025089747,קלה,0,עירוני לא בצומת,1,עד 50,5 עד 7 מטר,אין ליקוי,בהיר,יבש,שלישי,לילה,יום רגיל,8,0,638,4,,
2025089794,קלה,0,עירוני בצומת,1,עד 50,10.5 עד 14 מטר,אין ליקוי,בהיר,יבש,ראשון,יום,יום רגיל,2,11,6200,5,,
2025089805,קלה,0,עירוני בצומת,1,70,7 עד 10.5 מטר,אין ליקוי,בהיר,יבש,שבת,יום,יום רגיל,1,16,7100,6,,
2025089814,קלה,0,עירוני בצומת,1,עד 50,7 עד 10.5 מטר,אין ליקוי,בהיר,יבש,רביעי,לילה,יום רגיל,8,21,4000,3,,
2025089842,קלה,0,עירוני בצומת,1,עד 50,7 עד 10.5 מטר,אין ליקוי,בהיר,יבש,שישי,יום,יום רגיל,5,12,4000,3,,
2025089850,קלה,0,עירוני לא בצומת,1,עד 50,7 עד 10.5 מטר,לא ידוע,בהיר,יבש,שני,יום,יום רגיל,3,13,3780,7,,
2025089900,קשה,0,עירוני לא בצומת,1,לא ידוע,,לא ידוע,לא ידוע,לא ידוע,שלישי,יום,יום רגיל,3,14,6700,2,,
2025089905,קלה,0,עירוני בצומת,1,עד 50,7 עד 10.5 מטר,אין ליקוי,בהיר,יבש,שבת,לילה,יום רגיל,7,23,8600,5,,
2025089906,קלה,0,עירוני בצומת,1,לא ידוע,,לא ידוע,לא ידוע,לא ידוע,חמישי,יום,יום רגיל,12,12,7400,4,,
2025089925,קשה,0,לא עירוני לא בצומת,0,70,יותר מ-14 מטר,אין ליקוי,בהיר,יבש,שלישי,לילה,יום רגיל,3,23,0,4,,
2025089935,קלה,0,עירוני בצומת,1,60,10.5 עד 14 מטר,אין ליקוי,בהיר,יבש,ראשון,יום,יום רגיל,5,13,8300,4,,
2025089938,קלה,0,לא עירוני לא בצומת,0,80,10.5 עד 14 מטר,אין ליקוי,בהיר,יבש,שלישי,יום,יום רגיל,4,17,0,2,,
2025089956,קלה,0,עירוני לא בצומת,1,עד 50,7 עד 10.5 מטר,אין ליקוי,בהיר,יבש,ראשון,יום,יום רגיל,10,9,4000,3,,
2025089970,קשה,0,לא עירוני בצומת,0,90,7 עד 10.5 מטר,אין ליקוי,בהיר,יבש,שלישי,לילה,יום רגיל,6,20,0,2,,
2025089981,קלה,0,לא עירוני בצומת,0,100,10.5 עד 14 מטר,אין ליקוי,אחר,אחר,חמישי,לילה,יום רגיל,1,22,0,2,,
2025089982,קשה,0,לא עירוני לא בצומת,0,80,5 עד 7 מטר,אין ליקוי,בהיר,יבש,שבת,יום,יום רגיל,1,13,0,1,,
2025089995,קלה,0,לא עירוני לא בצומת,0,90,10.5 עד 14 מטר,אין ליקוי,בהיר,יבש,ראשון,יום,יום רגיל,2,11,0,4,,
2025089996,קלה,0,לא עירוני בצומת,0,80,7 עד 10.5 מטר,אין ליקוי,לא ידוע,רטוב ממים,ראשון,לילה,יום רגיל,12,6,0,2,,
2025089998,קשה,0,לא עירוני בצומת,0,90,יותר מ-14 מטר,אין ליקוי,בהיר,יבש,שבת,לילה,יום רגיל,1,1,0,2,,
2025090018,קלה,0,עירוני לא בצומת,1,עד 50,7 עד 10.5 מטר,אין ליקוי,בהיר,יבש,שלישי,יום,יום רגיל,6,10,4000,3,,
2025090048,קלה,0,לא עירוני בצומת,0,עד 50,5 עד 7 מטר,אין ליקוי,בהיר,יבש,ראשון,יום,יום רגיל,11,10,0,5,,
2025090051,קשה,0,עירוני בצומת,1,עד 50,,אין ליקוי,בהיר,יבש,שלישי,יום,יום רגיל,4,7,5000,5,,
2025090060,קשה,0,לא עירוני לא בצומת,0,לא ידוע,,לא ידוע,לא ידוע,לא ידוע,שלישי,יום,יום רגיל,3,9,0,4,,
2025090101,קלה,0,עירוני לא בצומת,1,עד 50,5 עד 7 מטר,אין ליקוי,בהיר,יבש,שני,לילה,יום רגיל,6,20,7900,4,,
2025090105,קלה,0,עירוני בצומת,1,עד 50,יותר מ-14 מטר,אין ליקוי,בהיר,יבש,ראשון,לילה,חג,4,0,8300,4,,
2025090111,קלה,0,עירוני לא בצומת,1,עד 50,5 עד 7 מטר,אין ליקוי,בהיר,יבש,שבת,לילה,יום רגיל,12,2,8300,4,,
2025090124,קשה,0,לא עירוני לא בצומת,0,90,7 עד 10.5 מטר,אין ליקוי,בהיר,יבש,חמישי,יום,יום רגיל,8,16,0,4,,
2025090126,קלה,0,לא עירוני בצומת,0,80,יותר מ-14 מטר,אין ליקוי,בהיר,יבש,שבת,יום,יום רגיל,4,15,0,3,,
2025090143,קלה,0,עירוני בצומת,1,לא ידוע,,לא ידוע,לא ידוע,לא ידוע,חמישי,יום,יום רגיל,7,17,5000,5,,
2025090159,קלה,0,עירוני לא בצומת,1,עד 50,5 עד 7 מטר,אין ליקוי,בהיר,יבש,שלישי,לילה,יום רגיל,8,23,6900,4,,
2025090178,קלה,0,לא עירוני לא בצומת,0,80,10.5 עד 14 מטר,אין ליקוי,בהיר,יבש,שני,לילה,חג,6,0,0,2,,
2025090194,קשה,0,עירוני בצומת,1,70,5 עד 7 מטר,אין ליקוי,בהיר,יבש,חמישי,לילה,יום רגיל,7,19,3570,7,,
2025090220,קלה,0,עירוני בצומת,1,עד 50,,אין ליקוי,בהיר,יבש,ראשון,יום,יום רגיל,7,10,5000,5,,
2025090232,קלה,0,לא עירוני לא בצומת,0,80,5 עד 7 מטר,אין ליקוי,בהיר,יבש,חמישי,לילה,יום רגיל,8,21,0,2,,
2025090236,קלה,0,עירוני בצומת,1,עד 50,5 עד 7 מטר,אין ליקוי,בהיר,יבש,שישי,לילה,יום רגיל,4,20,7100,6,,
2025090239,קשה,0,לא עירוני לא בצומת,0,לא ידוע,,לא ידוע,לא ידוע,לא ידוע,שלישי,לילה,יום רגיל,7,2,0,4,,
2025090246,קלה,0,לא עירוני בצומת,0,עד 50,7 עד 10.5 מטר,אין ליקוי,בהיר,יבש,ראשון,יום,יום רגיל,10,10,0,4,,
2025090264,קשה,0,עירוני בצומת,1,עד 50,5 עד 7 מטר,אין ליקוי,בהיר,יבש,רביעי,יום,יום רגיל,6,9,229,4,,
2025090265,קלה,0,עירוני בצומת,1,עד 50,7 עד 10.5 מטר,אין ליקוי,בהיר,יבש,שני,יום,יום רגיל,5,18,6900,4,,
2025090268,קלה,0,עירוני בצומת,1,עד 50,5 עד 7 מטר,אין ליקוי,בהיר,יבש,שלישי,יום,יום רגיל,11,11,634,4,,
2025090270,קלה,0,עירוני לא בצומת,1,עד 50,5 עד 7 מטר,אין ליקוי,בהיר,יבש,שלישי,לילה,יום רגיל,7,21,4000,3,,
2025090306,קלה,0,עירוני לא בצומת,1,70,5 עד 7 מטר,אין ליקוי,בהיר,יבש,שני,יום,יום רגיל,5,8,9000,6,,
2025090316,קלה,0,עירוני לא בצומת,1,לא ידוע,,לא ידוע,לא ידוע,לא ידוע,שני,לילה,ערב חג,10,18,913,2,,
2025090350,קלה,0,עירוני בצומת,1,עד 50,5 עד 7 מטר,אין ליקוי,בהיר,יבש,ראשון,יום,יום רגיל,9,7,6600,5,,
2025090351,קטלנית,1,לא עירוני לא בצומת,0,80,10.5 עד 14 מטר,אין ליקוי,בהיר,יבש,שני,יום,יום רגיל,4,13,0,2,,
2025090355,קשה,0,עירוני לא בצומת,1,לא ידוע,,לא ידוע,לא ידוע,לא ידוע,רביעי,יום,יום רגיל,1,12,8300,4,,
2025090406,קשה,0,עירוני לא בצומת,1,לא ידוע,,לא ידוע,לא ידוע,לא ידוע,שני,יום,ערב חג,9,16,628,3,,
2025090444,קלה,0,עירוני בצומת,1,עד 50,5 עד 7 מטר,אין ליקוי,בהיר,יבש,ראשון,יום,יום רגיל,3,17,7700,2,,
2025090474,קלה,0,עירוני בצומת,1,עד 50,7 עד 10.5 מטר,אין ליקוי,בהיר,יבש,שלישי,יום,יום רגיל,5,16,4000,3,,
2025090477,קלה,0,לא עירוני לא בצומת,0,80,5 עד 7 מטר,לא ידוע,בהיר,יבש,שני,יום,יום רגיל,9,14,0,7,,
2025090489,קלה,0,עירוני לא בצומת,1,עד 50,10.5 עד 14 מטר,אין ליקוי,בהיר,יבש,רביעי,יום,יום רגיל,3,12,1061,2,,
2025090499,קלה,0,עירוני בצומת,1,עד 50,7 עד 10.5 מטר,אין ליקוי,בהיר,יבש,רביעי,יום,חול המועד,10,10,2620,5,,
2025090501,קלה,0,לא עירוני בצומת,0,עד 50,,אין ליקוי,בהיר,יבש,שישי,יום,יום רגיל,6,17,0,5,,
2025090507,קשה,0,עירוני לא בצומת,1,עד 50,7 עד 10.5 מטר,אין ליקוי,בהיר,יבש,חמישי,יום,יום רגיל,3,16,634,4,,
2025090531,קשה,0,עירוני לא בצומת,1,לא ידוע,,לא ידוע,לא ידוע,לא ידוע,שישי,יום,יום רגיל,8,16,7700,2,,
2025090568,קשה,0,עירוני לא בצומת,1,לא ידוע,,לא ידוע,לא ידוע,לא ידוע,שני,יום,יום רגיל,11,7,481,2,,
2025090570,קשה,0,עירוני בצומת,1,עד 50,7 עד 10.5 מטר,אין ליקוי,בהיר,יבש,שני,לילה,יום רגיל,3,19,8300,4,,
2025090579,קלה,0,לא עירוני בצומת,0,70,7 עד 10.5 מטר,אין ליקוי,בהיר,יבש,חמישי,לילה,יום רגיל,8,19,0,4,,
2025090581,קשה,0,עירוני לא בצומת,1,עד 50,5 עד 7 מטר,אין ליקוי,בהיר,יבש,שבת,יום,חג,4,18,746,6,,
2025090599,קשה,0,עירוני לא בצומת,1,עד 50,10.5 עד 14 מטר,אין ליקוי,בהיר,יבש,שישי,יום,יום רגיל,11,15,6100,5,,
2025090611,קשה,0,עירוני לא בצומת,1,לא ידוע,,לא ידוע,לא ידוע,לא ידוע,שלישי,יום,יום רגיל,7,8,2620,5,,
2025090618,קלה,0,עירוני בצומת,1,עד 50,7 עד 10.5 מטר,אין ליקוי,בהיר,יבש,שישי,יום,יום רגיל,9,9,7400,4,,
2025090624,קשה,0,עירוני לא בצומת,1,לא ידוע,,לא ידוע,לא ידוע,לא ידוע,שלישי,יום,יום רגיל,1,13,4000,3,,
2025090639,קלה,0,עירוני בצומת,1,עד 50,5 עד 7 מטר,אין ליקוי,בהיר,יבש,שלישי,יום,יום רגיל,5,6,7900,4,,
2025090653,קשה,0,עירוני לא בצומת,1,לא ידוע,,לא ידוע,לא ידוע,לא ידוע,שישי,לילה,יום רגיל,2,18,637,3,,
2025090657,קלה,0,עירוני בצומת,1,עד 50,5 עד 7 מטר,אין ליקוי,בהיר,יבש,ראשון,לילה,יום רגיל,7,20,4000,3,,
2025090676,קטלנית,1,לא עירוני לא בצומת,0,100,7 עד 10.5 מטר,אין ליקוי,בהיר,יבש,ראשון,יום,יום רגיל,10,15,0,4,,
2025090684,קשה,0,עירוני בצומת,1,עד 50,,אין ליקוי,בהיר,יבש,רביעי,יום,יום רגיל,9,10,5000,5,,
2025090703,קלה,0,עירוני לא בצומת,1,עד 50,5 עד 7 מטר,אין ליקוי,בהיר,יבש,שני,יום,יום רגיל,7,15,5000,5,,
2025090707,קלה,0,עירוני לא בצומת,1,עד 50,10.5 עד 14 מטר,אין ליקוי,בהיר,יבש,רביעי,לילה,יום רגיל,2,19,7700,2,,
2025090715,קלה,0,עירוני לא בצומת,1,עד 50,עד 5 מטר,אין ליקוי,בהיר,יבש,שני,יום,יום רגיל,1,13,542,2,,
2025090723,קלה,0,עירוני לא בצומת,1,עד 50,5 עד 7 מטר,אין ליקוי,בהיר,יבש,ראשון,לילה,יום רגיל,8,2,5000,5,,
2025090726,קלה,0,עירוני לא בצומת,1,עד 50,5 עד 7 מטר,אין ליקוי,בהיר,יבש,רביעי,יום,יום רגיל,1,10,4000,3,,
2025090731,קשה,0,עירוני לא בצומת,1,70,7 עד 10.5 מטר,אין ליקוי,בהיר,יבש,רביעי,לילה,יום רגיל,11,0,1200,4,,
2025090750,קטלנית,1,עירוני לא בצומת,1,עד 50,7 עד 10.5 מטר,אין ליקוי,בהיר,יבש,שני,יום,יום רגיל,8,17,525,2,,
2025090760,קשה,0,עירוני לא בצומת,1,לא ידוע,,לא ידוע,לא ידוע,לא ידוע,שני,לילה,יום רגיל,12,16,1054,6,,
2025090763,קלה,0,עירוני לא בצומת,1,עד 50,10.5 עד 14 מטר,אין ליקוי,בהיר,יבש,רביעי,לילה,יום רגיל,11,18,2640,4,,
2025090768,קשה,0,לא עירוני לא בצומת,0,לא ידוע,,לא ידוע,לא ידוע,לא ידוע,שבת,לילה,יום רגיל,3,23,0,6,,
2025090780,קלה,0,לא עירוני בצומת,0,90,7 עד 10.5 מטר,אין ליקוי,בהיר,יבש,חמישי,לילה,יום רגיל,2,0,0,6,,
2025090786,קלה,0,עירוני לא בצומת,1,לא ידוע,עד 5 מטר,אין ליקוי,בהיר,יבש,חמישי,לילה,יום רגיל,9,20,6200,5,,
2025090789,קשה,0,לא עירוני לא בצומת,0,לא ידוע,,לא ידוע,לא ידוע,לא ידוע,חמישי,לילה,ערב חג,3,5,0,1,,
2025090798,קלה,0,עירוני לא בצומת,1,לא ידוע,,לא ידוע,לא ידוע,לא ידוע,ראשון,יום,יום רגיל,6,13,6400,5,,
2025090812,קשה,0,עירוני לא בצומת,1,לא ידוע,,לא ידוע,לא ידוע,לא ידוע,שני,יום,יום רגיל,11,7,8600,5,,
2025090829,קלה,0,עירוני בצומת,1,עד 50,5 עד 7 מטר,אין ליקוי,בהיר,יבש,שלישי,לילה,יום רגיל,10,19,6600,5,,
2025090830,קשה,0,עירוני בצומת,1,עד 50,5 עד 7 מטר,אין ליקוי,בהיר,יבש,רביעי,יום,ערב חג,4,10,6200,5,,
2025090857,קלה,0,לא עירוני בצומת,0,70,יותר מ-14 מטר,אין ליקוי,בהיר,יבש,ראשון,לילה,יום רגיל,6,22,0,2,,
2025090861,קטלנית,1,לא עירוני לא בצומת,0,70,7 עד 10.5 מטר,אין ליקוי,לא ידוע,רטוב ממים,חמישי,יום,יום רגיל,2,13,0,1,,
2025090868,קשה,0,עירוני לא בצומת,1,לא ידוע,,לא ידוע,לא ידוע,לא ידוע,שבת,לילה,יום רגיל,10,20,7400,4,,
2025090870,קשה,0,עירוני בצומת,1,עד 50,7 עד 10.5 מטר,אין ליקוי,בהיר,יבש,שלישי,יום,יום רגיל,8,7,9000,6,,
2025090879,קלה,0,עירוני בצומת,1,עד 50,עד 5 מטר,אין ליקוי,בהיר,יבש,ראשון,יום,יום רגיל,12,14,5000,5,,
2025090902,קשה,0,עירוני לא בצומת,1,עד 50,5 עד 7 מטר,אין ליקוי,בהיר,יבש,שני,יום,יום רגיל,11,7,5000,5,,
2025090913,קלה,0,לא עירוני בצומת,0,90,10.5 עד 14 מטר,אין ליקוי,בהיר,יבש,ראשון,יום,יום רגיל,8,9,0,4,,
2025090915,קלה,0,עירוני בצומת,1,עד 50,5 עד 7 מטר,אין ליקוי,בהיר,יבש,שישי,יום,חג,3,12,4000,3,,
2025090929,קלה,0,עירוני לא בצומת,1,לא ידוע,יותר מ-14 מטר,אין ליקוי,בהיר,יבש,שישי,יום,יום רגיל,10,9,8200,3,,
2025090975,קלה,0,עירוני בצומת,1,60,7 עד 10.5 מטר,אין ליקוי,בהיר,יבש,חמישי,לילה,חג,10,20,7400,4,,
2025090987,קשה,0,לא עירוני לא בצומת,0,לא ידוע,,לא ידוע,לא ידוע,לא ידוע,רביעי,לילה,יום רגיל,6,23,0,2,,
2025090997,קשה,0,עירוני לא בצומת,1,עד 50,5 עד 7 מטר,אין ליקוי,בהיר,יבש,רביעי,יום,ערב חג,10,7,8800,2,,
2025090999,קלה,0,לא עירוני בצומת,0,80,5 עד 7 מטר,אין ליקוי,בהיר,יבש,רביעי,יום,יום רגיל,2,8,0,2,,
2025091000,קלה,0,עירוני לא בצומת,1,עד 50,5 עד 7 מטר,אין ליקוי,בהיר,יבש,שני,יום,יום רגיל,11,7,7900,4,,
2025091004,קלה,0,עירוני לא בצומת,1,עד 50,5 עד 7 מטר,אין ליקוי,בהיר,יבש,שני,יום,יום רגיל,5,7,3000,1,,
2025091020,קלה,0,עירוני בצומת,1,60,יותר מ-14 מטר,לא ידוע,בהיר,יבש,ראשון,יום,יום רגיל,7,10,9000,6,,
2025091061,קשה,0,לא עירוני לא בצומת,0,80,7 עד 10.5 מטר,אין ליקוי,בהיר,יבש,רביעי,לילה,יום רגיל,1,17,0,7,,
2025091086,קשה,0,עירוני לא בצומת,1,לא ידוע,,לא ידוע,לא ידוע,לא ידוע,שני,יום,יום רגיל,12,11,3000,1,,
2025091090,קלה,0,לא עירוני בצומת,0,לא ידוע,,לא ידוע,לא ידוע,לא ידוע,רביעי,יום,יום רגיל,12,13,0,4,,
2025091096,קשה,0,עירוני לא בצומת,1,לא ידוע,,לא ידוע,לא ידוע,לא ידוע,שישי,יום,יום רגיל,5,16,7100,6,,
2025091106,קלה,0,עירוני בצומת,1,עד 50,10.5 עד 14 מטר,אין ליקוי,בהיר,יבש,שישי,יום,יום רגיל,1,7,8200,3,,
2025091110,קלה,0,לא עירוני לא בצומת,0,80,,לא ידוע,בהיר,יבש,ראשון,לילה,יום רגיל,8,19,0,7,,
2025091114,קלה,0,לא עירוני לא בצומת,0,80,5 עד 7 מטר,אין ליקוי,בהיר,יבש,ראשון,יום,יום רגיל,8,8,0,7,,
2025091146,קשה,0,עירוני לא בצומת,1,לא ידוע,,לא ידוע,לא ידוע,לא ידוע,רביעי,יום,יום רגיל,5,18,3000,1,,
2025091151,קלה,0,עירוני בצומת,1,עד 50,10.5 עד 14 מטר,אין ליקוי,בהיר,יבש,שלישי,לילה,יום רגיל,2,17,70,6,,
2025091154,קשה,0,לא עירוני לא בצומת,0,80,7 עד 10.5 מטר,אין ליקוי,בהיר,יבש,רביעי,יום,יום רגיל,11,8,0,6,,
2025091155,קלה,0,עירוני לא בצומת,1,עד 50,5 עד 7 מטר,אין ליקוי,בהיר,יבש,חמישי,יום,יום רגיל,4,17,6200,5,,
2025091190,קלה,0,לא עירוני בצומת,0,60,10.5 עד 14 מטר,אין ליקוי,בהיר,יבש,שלישי,לילה,יום רגיל,11,18,0,2,,
2025091196,קלה,0,לא עירוני לא בצומת,0,90,5 עד 7 מטר,אין ליקוי,בהיר,יבש,שני,יום,יום רגיל,10,16,0,4,,
2025091242,קלה,0,עירוני לא בצומת,1,עד 50,,אין ליקוי,בהיר,יבש,שישי,יום,יום רגיל,11,7,7800,3,,
2025091248,קשה,0,עירוני לא בצומת,1,לא ידוע,,לא ידוע,לא ידוע,לא ידוע,רביעי,לילה,יום רגיל,12,20,6500,3,,
2025091255,קלה,0,עירוני לא בצומת,1,עד 50,7 עד 10.5 מטר,אין ליקוי,בהיר,יבש,שלישי,יום,יום רגיל,9,16,8500,4,,
2025091259,קלה,0,לא עירוני בצומת,0,80,יותר מ-14 מטר,אין ליקוי,בהיר,יבש,שלישי,לילה,יום רגיל,2,18,0,2,,
2025091268,קלה,0,עירוני בצומת,1,עד 50,7 עד 10.5 מטר,אין ליקוי,בהיר,יבש,שלישי,יום,יום רגיל,3,14,6600,5,,
2025091286,קטלנית,1,לא עירוני בצומת,0,90,יותר מ-14 מטר,אין ליקוי,בהיר,יבש,שישי,יום,יום רגיל,7,18,0,2,,
2025091295,קלה,0,עירוני לא בצומת,1,עד 50,7 עד 10.5 מטר,אין ליקוי,בהיר,יבש,חמישי,יום,יום רגיל,5,17,2640,4,,
2025091299,קלה,0,עירוני בצומת,1,לא ידוע,,לא ידוע,לא ידוע,לא ידוע,שישי,יום,יום רגיל,8,16,7000,4,,
2025091308,קלה,0,לא עירוני בצומת,0,70,יותר מ-14 מטר,אין ליקוי,בהיר,יבש,שני,לילה,יום רגיל,6,23,0,3,,
2025091314,קלה,0,לא עירוני לא בצומת,0,עד 50,,אין ליקוי,בהיר,יבש,ראשון,יום,יום רגיל,9,11,0,5,,
2025091332,קשה,0,לא עירוני לא בצומת,0,90,10.5 עד 14 מטר,אין ליקוי,בהיר,יבש,ראשון,לילה,יום רגיל,11,17,0,4,,
2025091343,קשה,0,עירוני לא בצומת,1,עד 50,5 עד 7 מטר,לא ידוע,בהיר,יבש,ראשון,יום,יום רגיל,4,18,3000,1,,
2025091350,קשה,0,לא עירוני לא בצומת,0,90,יותר מ-14 מטר,לא ידוע,בהיר,יבש,שישי,לילה,יום רגיל,10,2,0,4,,
2025091366,קשה,0,עירוני לא בצומת,1,לא ידוע,,לא ידוע,לא ידוע,לא ידוע,שבת,יום,יום רגיל,6,17,534,3,,
2025091368,קשה,0,לא עירוני לא בצומת,0,100,10.5 עד 14 מטר,אין ליקוי,בהיר,יבש,ראשון,יום,יום רגיל,2,15,0,4,,
2025091387,קשה,0,עירוני בצומת,1,לא ידוע,,לא ידוע,לא ידוע,לא ידוע,רביעי,יום,יום רגיל,12,10,2640,4,,
2025091396,קשה,0,עירוני בצומת,1,עד 50,יותר מ-14 מטר,כביש משובש,בהיר,יבש,חמישי,יום,יום רגיל,5,18,2720,4,,
2025091404,קלה,0,עירוני בצומת,1,עד 50,7 עד 10.5 מטר,אין ליקוי,גשום,רטוב ממים,שני,יום,יום רגיל,12,16,5000,5,,
2025091420,קלה,0,לא עירוני בצומת,0,90,יותר מ-14 מטר,אין ליקוי,בהיר,יבש,שישי,לילה,יום רגיל,12,5,0,6,,
2025091423,קלה,0,עירוני בצומת,1,עד 50,עד 5 מטר,אין ליקוי,בהיר,יבש,שני,יום,יום רגיל,2,11,6100,5,,
2025091445,קלה,0,עירוני בצומת,1,70,7 עד 10.5 מטר,אין ליקוי,בהיר,יבש,שלישי,יום,יום רגיל,8,9,9000,6,,
2025091463,קלה,0,לא עירוני לא בצומת,0,עד 50,10.5 עד 14 מטר,אין ליקוי,בהיר,יבש,שני,יום,יום רגיל,4,13,0,4,,
2025091469,קלה,0,עירוני לא בצומת,1,עד 50,5 עד 7 מטר,אין ליקוי,בהיר,יבש,חמישי,לילה,יום רגיל,10,17,7900,4,,
2025091494,קשה,0,עירוני לא בצומת,1,80,10.5 עד 14 מטר,אין ליקוי,בהיר,יבש,שני,יום,יום רגיל,4,13,89,2,,
2025091523,קלה,0,עירוני לא בצומת,1,עד 50,7 עד 10.5 מטר,אין ליקוי,לא ידוע,לא ידוע,שבת,לילה,יום רגיל,5,22,7900,4,,
2025091540,קשה,0,עירוני בצומת,1,עד 50,5 עד 7 מטר,אין ליקוי,בהיר,יבש,שבת,יום,יום רגיל,8,17,2660,4,,
2025091557,קלה,0,עירוני בצומת,1,עד 50,5 עד 7 מטר,אין ליקוי,בהיר,יבש,רביעי,יום,יום רגיל,3,11,3000,1,,
2025091601,קשה,0,לא עירוני לא בצומת,0,80,עד 5 מטר,אין ליקוי,בהיר,יבש,שישי,יום,חג,3,15,0,2,,
2025091616,קלה,0,לא עירוני לא בצומת,0,80,7 עד 10.5 מטר,אין ליקוי,בהיר,יבש,שישי,לילה,יום רגיל,1,0,0,2,,
2025091625,קלה,0,לא עירוני לא בצומת,0,80,7 עד 10.5 מטר,אין ליקוי,בהיר,יבש,ראשון,יום,יום רגיל,7,6,0,7,,
2025091638,קלה,0,עירוני בצומת,1,עד 50,5 עד 7 מטר,לא ידוע,בהיר,יבש,ראשון,לילה,יום רגיל,7,21,5000,5,,
2025091640,קלה,0,לא עירוני בצומת,0,70,7 עד 10.5 מטר,אין ליקוי,בהיר,יבש,שני,לילה,יום רגיל,12,17,0,5,,
2025091650,קלה,0,עירוני בצומת,1,60,10.5 עד 14 מטר,אין ליקוי,גשום,רטוב ממים,שישי,יום,יום רגיל,2,11,3000,1,,
2025091655,קלה,0,עירוני לא בצומת,1,לא ידוע,,לא ידוע,לא ידוע,לא ידוע,חמישי,יום,יום רגיל,9,18,6800,3,,
2025091701,קלה,0,לא עירוני בצומת,0,90,10.5 עד 14 מטר,אין ליקוי,בהיר,רטוב ממים,שני,לילה,יום רגיל,2,17,0,5,,
2025091707,קשה,0,לא עירוני בצומת,0,70,7 עד 10.5 מטר,אין ליקוי,בהיר,יבש,שבת,יום,יום רגיל,6,6,0,7,,
2025091709,קלה,0,לא עירוני בצומת,0,עד 50,7 עד 10.5 מטר,אין ליקוי,בהיר,יבש,רביעי,לילה,יום רגיל,7,21,0,3,,
2025091720,קשה,0,עירוני לא בצומת,1,עד 50,10.5 עד 14 מטר,אין ליקוי,בהיר,יבש,ראשון,לילה,חול המועד,10,19,2500,3,,
2025091746,קלה,0,עירוני בצומת,1,עד 50,5 עד 7 מטר,אין ליקוי,בהיר,יבש,רביעי,לילה,יום רגיל,2,23,6900,4,,
2025091762,קלה,0,עירוני בצומת,1,עד 50,5 עד 7 מטר,אין ליקוי,בהיר,יבש,ראשון,יום,יום רגיל,8,15,9000,6,,
2025091763,קשה,0,לא עירוני בצומת,0,עד 50,עד 5 מטר,אין ליקוי,בהיר,יבש,חמישי,יום,יום רגיל,11,15,0,5,,
2025091777,קשה,0,לא עירוני לא בצומת,0,80,5 עד 7 מטר,לא ידוע,בהיר,יבש,שישי,יום,יום רגיל,11,7,0,7,,
2025091783,קלה,0,עירוני בצומת,1,עד 50,5 עד 7 מטר,אין ליקוי,בהיר,יבש,שלישי,יום,יום רגיל,6,14,6600,5,,
2025091787,קשה,0,עירוני לא בצומת,1,עד 50,5 עד 7 מטר,אין ליקוי,בהיר,יבש,שישי,יום,יום רגיל,7,7,7900,4,,
2025091794,קלה,0,עירוני לא בצומת,1,עד 50,5 עד 7 מטר,אין ליקוי,גשום,רטוב ממים,שני,לילה,יום רגיל,2,19,1061,2,,
2025091796,קשה,0,לא עירוני לא בצומת,0,עד 50,5 עד 7 מטר,אין ליקוי,בהיר,יבש,שבת,יום,יום רגיל,12,14,0,9,,
2025091799,קלה,0,עירוני בצומת,1,עד 50,7 עד 10.5 מטר,אין ליקוי,בהיר,יבש,שישי,לילה,יום רגיל,10,1,7400,4,,
2025091802,קלה,0,לא עירוני לא בצומת,0,70,7 עד 10.5 מטר,אין ליקוי,בהיר,יבש,ראשון,יום,יום רגיל,3,12,0,3,,
2025091812,קלה,0,לא עירוני לא בצומת,0,לא ידוע,,לא ידוע,לא ידוע,לא ידוע,שבת,יום,יום רגיל,12,13,0,3,,
2025091832,קלה,0,לא עירוני לא בצומת,0,,10.5 עד 14 מטר,אין ליקוי,בהיר,רטוב ממים,ראשון,לילה,יום רגיל,2,23,0,4,,
2025091835,קשה,0,עירוני לא בצומת,1,לא ידוע,,לא ידוע,לא ידוע,לא ידוע,שישי,יום,יום רגיל,8,12,3078,7,,
2025091838,קלה,0,עירוני בצומת,1,עד 50,5 עד 7 מטר,אין ליקוי,בהיר,יבש,ראשון,יום,יום רגיל,7,8,6200,5,,
2025091839,קלה,0,לא עירוני לא בצומת,0,80,7 עד 10.5 מטר,אין ליקוי,בהיר,יבש,ראשון,יום,יום רגיל,2,14,0,7,,
2025091842,קלה,0,עירוני בצומת,1,עד 50,5 עד 7 מטר,אין ליקוי,בהיר,יבש,ראשון,יום,יום רגיל,9,8,1139,2,,
2025091857,קשה,0,עירוני לא בצומת,1,לא ידוע,,לא ידוע,לא ידוע,לא ידוע,ראשון,יום,יום רגיל,3,12,2800,2,,
2025091860,קשה,0,עירוני לא בצומת,1,לא ידוע,,לא ידוע,לא ידוע,לא ידוע,שלישי,יום,יום רגיל,7,10,7400,4,,
2025091862,קשה,0,עירוני לא בצומת,1,לא ידוע,,לא ידוע,לא ידוע,לא ידוע,שלישי,יום,יום רגיל,3,15,398,6,,
2025091885,קלה,0,עירוני בצומת,1,עד 50,7 עד 10.5 מטר,אין ליקוי,לא ידוע,יבש,שבת,לילה,יום רגיל,6,23,4000,3,,
2025091894,קלה,0,עירוני בצומת,1,60,,אין ליקוי,בהיר,יבש,שלישי,יום,יום רגיל,7,8,9000,6,,
2025091902,קלה,0,לא עירוני בצומת,0,90,עד 5 מטר,אין ליקוי,בהיר,יבש,ראשון,יום,יום רגיל,10,15,0,5,,
2025091903,קלה,0,עירוני לא בצומת,1,עד 50,10.5 עד 14 מטר,אין ליקוי,בהיר,יבש,חמישי,יום,יום רגיל,4,17,4000,3,,
2025092002,קשה,0,לא עירוני לא בצומת,0,90,7 עד 10.5 מטר,אין ליקוי,בהיר,יבש,שני,לילה,יום רגיל,6,21,0,2,,
2025092034,קשה,0,לא עירוני לא בצומת,0,עד 50,5 עד 7 מטר,אין ליקוי,בהיר,יבש,שני,יום,יום רגיל,5,8,0,4,,
2025092046,קטלנית,1,לא עירוני לא בצומת,0,60,7 עד 10.5 מטר,אין ליקוי,בהיר,יבש,שני,יום,ערב חג,9,16,0,7,,
2025092059,קשה,0,עירוני לא בצומת,1,עד 50,7 עד 10.5 מטר,לא ידוע,בהיר,יבש,רביעי,לילה,יום רגיל,7,1,3000,1,,
2025092077,קשה,0,לא עירוני לא בצומת,0,לא ידוע,,לא ידוע,לא ידוע,לא ידוע,שלישי,לילה,יום רגיל,12,23,0,4,,
2025092103,קלה,0,עירוני לא בצומת,1,עד 50,יותר מ-14 מטר,אין ליקוי,בהיר,יבש,שני,יום,יום רגיל,1,13,2630,6,,
2025092127,קשה,0,עירוני לא בצומת,1,עד 50,7 עד 10.5 מטר,אין ליקוי,בהיר,יבש,חמישי,יום,יום רגיל,7,17,5000,5,,
2025092131,קלה,0,עירוני בצומת,1,עד 50,5 עד 7 מטר,אין ליקוי,בהיר,יבש,ראשון,יום,יום רגיל,8,18,7900,4,,
2025092136,קשה,0,עירוני לא בצומת,1,לא ידוע,,לא ידוע,לא ידוע,לא ידוע,רביעי,יום,יום רגיל,7,7,7900,4,,
2025092144,קלה,0,עירוני לא בצומת,1,עד 50,7 עד 10.5 מטר,אין ליקוי,בהיר,יבש,שלישי,לילה,יום רגיל,11,17,2100,3,,
2025092154,קלה,0,עירוני לא בצומת,1,עד 50,7 עד 10.5 מטר,אין ליקוי,בהיר,יבש,שבת,יום,יום רגיל,2,16,8300,4,,
2025092172,קלה,0,לא עירוני בצומת,0,90,7 עד 10.5 מטר,אין ליקוי,בהיר,יבש,שבת,יום,יום רגיל,7,6,0,6,,
2025092184,קלה,0,לא עירוני בצומת,0,60,10.5 עד 14 מטר,אין ליקוי,בהיר,יבש,רביעי,יום,יום רגיל,1,11,0,4,,
2025092190,קשה,0,לא עירוני בצומת,0,לא ידוע,,לא ידוע,לא ידוע,לא ידוע,חמישי,יום,יום רגיל,8,14,0,5,,
2025092214,קלה,0,עירוני לא בצומת,1,לא ידוע,7 עד 10.5 מטר,אין ליקוי,בהיר,יבש,שלישי,לילה,יום רגיל,5,19,207,4,,
2025092218,קלה,0,עירוני בצומת,1,עד 50,,אין ליקוי,בהיר,יבש,חמישי,לילה,יום רגיל,11,23,7400,4,,
2025092228,קלה,0,לא עירוני בצומת,0,80,7 עד 10.5 מטר,אין ליקוי,בהיר,יבש,רביעי,לילה,יום רגיל,5,22,0,4,,
2025092232,קלה,0,עירוני לא בצומת,1,עד 50,5 עד 7 מטר,אין ליקוי,בהיר,יבש,חמישי,יום,יום רגיל,5,10,3000,1,,
2025092234,קלה,0,עירוני בצומת,1,עד 50,,אין ליקוי,בהיר,יבש,שלישי,יום,יום רגיל,3,7,8600,5,,
2025092255,קשה,0,לא עירוני לא בצומת,0,110,יותר מ-14 מטר,אין ליקוי,בהיר,יבש,חמישי,יום,יום רגיל,4,7,0,4,,
2025092274,קלה,0,עירוני בצומת,1,עד 50,5 עד 7 מטר,אין ליקוי,בהיר,יבש,שלישי,לילה,יום רגיל,8,19,9000,6,,
2025092276,קלה,0,עירוני בצומת,1,לא ידוע,5 עד 7 מטר,לא ידוע,בהיר,יבש,חמישי,יום,יום רגיל,4,15,3000,1,,
2025092283,קלה,0,עירוני לא בצומת,1,עד 50,5 עד 7 מטר,אין ליקוי,בהיר,יבש,שבת,לילה,יום רגיל,9,20,7400,4,,
2025092307,קשה,0,לא עירוני בצומת,0,80,עד 5 מטר,אין ליקוי,בהיר,יבש,ראשון,יום,חג,4,16,0,2,,
2025092309,קלה,0,לא עירוני בצומת,0,90,10.5 עד 14 מטר,אין ליקוי,בהיר,יבש,רביעי,יום,יום רגיל,1,8,0,6,,
2025092313,קלה,0,עירוני לא בצומת,1,עד 50,7 עד 10.5 מטר,אין ליקוי,בהיר,יבש,חמישי,לילה,יום רגיל,10,19,4000,3,,
2025092335,קלה,0,עירוני לא בצומת,1,לא ידוע,5 עד 7 מטר,אין ליקוי,בהיר,יבש,ראשון,יום,יום רגיל,5,16,3000,1,,
2025092339,קטלנית,1,לא עירוני לא בצומת,0,60,7 עד 10.5 מטר,אין ליקוי,בהיר,יבש,שני,לילה,יום רגיל,7,5,0,6,,
2025092383,קלה,0,לא עירוני בצומת,0,90,7 עד 10.5 מטר,אין ליקוי,בהיר,יבש,שבת,לילה,יום רגיל,3,20,0,4,,
2025092397,קלה,0,עירוני בצומת,1,100,10.5 עד 14 מטר,שוליים גרועים וכביש משובש,לא ידוע,מכוסה בבוץ,רביעי,יום,יום רגיל,8,16,3000,1,,
2025092409,קשה,0,לא עירוני בצומת,0,90,יותר מ-14 מטר,אין ליקוי,בהיר,יבש,ראשון,יום,יום רגיל,3,7,0,4,,
2025092431,קלה,0,לא עירוני בצומת,0,עד 50,10.5 עד 14 מטר,אין ליקוי,בהיר,יבש,ראשון,לילה,יום רגיל,12,22,0,4,,
2025092438,קלה,0,עירוני בצומת,1,לא ידוע,,לא ידוע,לא ידוע,לא ידוע,חמישי,לילה,יום רגיל,11,23,6400,5,,
2025092450,קלה,0,עירוני בצומת,1,עד 50,5 עד 7 מטר,אין ליקוי,בהיר,יבש,שישי,לילה,יום רגיל,9,0,8700,4,,
2025092457,קלה,0,עירוני בצומת,1,עד 50,5 עד 7 מטר,אין ליקוי,בהיר,יבש,ראשון,יום,יום רגיל,6,6,2600,6,,
2025092485,קטלנית,1,לא עירוני בצומת,0,90,10.5 עד 14 מטר,אין ליקוי,בהיר,יבש,חמישי,יום,יום רגיל,4,10,0,7,,
2025092486,קלה,0,עירוני לא בצומת,1,עד 50,5 עד 7 מטר,אין ליקוי,בהיר,יבש,חמישי,יום,יום רגיל,5,13,5000,5,,
2025092493,קשה,0,לא עירוני לא בצומת,0,80,7 עד 10.5 מטר,אין ליקוי,בהיר,יבש,שישי,יום,ערב חג,4,15,0,7,,
2025092521,קלה,0,לא עירוני לא בצומת,0,80,7 עד 10.5 מטר,אין ליקוי,בהיר,יבש,חמישי,לילה,יום רגיל,10,19,0,2,,
2025092522,קלה,0,עירוני בצומת,1,עד 50,7 עד 10.5 מטר,אין ליקוי,בהיר,יבש,שלישי,יום,יום רגיל,10,7,4000,3,,
2025092525,קלה,0,עירוני לא בצומת,1,עד 50,5 עד 7 מטר,אין ליקוי,בהיר,יבש,רביעי,יום,יום רגיל,10,16,5000,5,,
2025092527,קלה,0,עירוני לא בצומת,1,עד 50,5 עד 7 מטר,אין ליקוי,בהיר,יבש,ראשון,יום,חול המועד,10,13,8600,5,,
2025092534,קשה,0,עירוני לא בצומת,1,לא ידוע,,לא ידוע,לא ידוע,לא ידוע,שבת,לילה,יום רגיל,6,20,5000,5,,
2025092544,קלה,0,עירוני בצומת,1,לא ידוע,,לא ידוע,לא ידוע,לא ידוע,רביעי,יום,יום רגיל,12,10,7900,4,,
2025092563,קלה,0,לא עירוני בצומת,0,90,יותר מ-14 מטר,אין ליקוי,בהיר,יבש,שבת,יום,יום רגיל,10,13,0,2,,
2025092568,קשה,0,לא עירוני לא בצומת,0,80,10.5 עד 14 מטר,אין ליקוי,בהיר,יבש,שני,לילה,יום רגיל,3,21,0,1,,
2025092597,קלה,0,עירוני בצומת,1,עד 50,10.5 עד 14 מטר,אין ליקוי,בהיר,יבש,שלישי,לילה,יום רגיל,12,16,9100,2,,
2025092614,קשה,0,עירוני לא בצומת,1,עד 50,5 עד 7 מטר,אין ליקוי,בהיר,יבש,חמישי,יום,יום רגיל,11,12,998,2,,
2025092654,קלה,0,עירוני לא בצומת,1,עד 50,5 עד 7 מטר,אין ליקוי,בהיר,יבש,שלישי,לילה,יום רגיל,12,17,2640,4,,
2025092660,קלה,0,לא עירוני לא בצומת,0,90,5 עד 7 מטר,אין ליקוי,בהיר,יבש,שני,יום,יום רגיל,5,11,0,6,,
2025092671,קלה,0,לא עירוני בצומת,0,90,7 עד 10.5 מטר,אין ליקוי,בהיר,יבש,רביעי,יום,יום רגיל,7,7,0,6,,
2025092687,קטלנית,1,לא עירוני לא בצומת,0,90,7 עד 10.5 מטר,אין ליקוי,בהיר,יבש,חמישי,לילה,יום רגיל,1,21,0,6,,
2025092697,קלה,0,עירוני לא בצומת,1,עד 50,7 עד 10.5 מטר,אין ליקוי,בהיר,יבש,שני,לילה,יום רגיל,10,19,7300,2,,
2025092703,קלה,0,עירוני בצומת,1,עד 50,10.5 עד 14 מטר,אין ליקוי,בהיר,יבש,ראשון,יום,יום רגיל,11,9,70,6,,
2025092721,קלה,0,עירוני בצומת,1,עד 50,,אין ליקוי,בהיר,יבש,שלישי,יום,יום רגיל,1,10,6600,5,,
2025092729,קשה,0,לא עירוני לא בצומת,0,לא ידוע,,לא ידוע,לא ידוע,לא ידוע,שלישי,יום,יום רגיל,6,15,0,7,,
2025092732,קלה,0,לא עירוני לא בצומת,0,70,10.5 עד 14 מטר,אין ליקוי,בהיר,יבש,שלישי,יום,יום רגיל,8,12,0,4,,
2025092751,קלה,0,לא עירוני בצומת,0,70,7 עד 10.5 מטר,אין ליקוי,בהיר,יבש,שבת,לילה,יום רגיל,2,0,0,3,,
2025092755,קשה,0,לא עירוני לא בצומת,0,לא ידוע,,לא ידוע,לא ידוע,לא ידוע,חמישי,יום,יום רגיל,9,7,0,6,,
2025092757,קשה,0,לא עירוני בצומת,0,70,יותר מ-14 מטר,אין ליקוי,בהיר,יבש,רביעי,לילה,יום רגיל,1,17,0,4,,
2025092770,קטלנית,1,לא עירוני לא בצומת,0,70,יותר מ-14 מטר,אין ליקוי,בהיר,יבש,שלישי,יום,יום רגיל,3,12,0,4,,
2025092776,קלה,0,עירוני בצומת,1,עד 50,10.5 עד 14 מטר,אין ליקוי,בהיר,יבש,רביעי,יום,יום רגיל,1,9,6400,5,,
2025092784,קלה,0,עירוני בצומת,1,עד 50,5 עד 7 מטר,אין ליקוי,גשום,רטוב ממים,חמישי,יום,יום רגיל,2,14,4000,3,,
2025092792,קשה,0,עירוני בצומת,1,עד 50,יותר מ-14 מטר,אין ליקוי,בהיר,רטוב ממים,רביעי,יום,יום רגיל,1,9,8400,4,,
2025092796,קשה,0,לא עירוני לא בצומת,0,לא ידוע,,לא ידוע,לא ידוע,לא ידוע,ראשון,לילה,יום רגיל,11,17,0,6,,
2025092799,קלה,0,עירוני בצומת,1,עד 50,,אין ליקוי,בהיר,יבש,שלישי,יום,יום רגיל,11,13,5000,5,,
2025092809,קשה,0,לא עירוני לא בצומת,0,80,7 עד 10.5 מטר,אין ליקוי,בהיר,יבש,חמישי,לילה,יום רגיל,9,5,0,7,,
2025092811,קלה,0,עירוני בצומת,1,70,7 עד 10.5 מטר,אין ליקוי,בהיר,יבש,שני,לילה,יום רגיל,4,20,70,6,,
2025092817,קלה,0,עירוני בצומת,1,עד 50,7 עד 10.5 מטר,אין ליקוי,בהיר,יבש,שישי,יום,חול המועד,10,14,9000,6,,
2025092839,קלה,0,עירוני בצומת,1,עד 50,7 עד 10.5 מטר,אין ליקוי,לא ידוע,יבש,שלישי,יום,יום רגיל,12,9,70,6,,
2025092846,קלה,0,עירוני בצומת,1,עד 50,10.5 עד 14 מטר,אין ליקוי,בהיר,יבש,ראשון,יום,יום רגיל,5,8,70,6,,
2025092859,קלה,0,עירוני בצומת,1,עד 50,5 עד 7 מטר,אין ליקוי,בהיר,יבש,רביעי,לילה,יום רגיל,1,20,3000,1,,
2025092866,קלה,0,לא עירוני לא בצומת,0,70,7 עד 10.5 מטר,אין ליקוי,בהיר,יבש,שלישי,לילה,יום רגיל,2,23,0,4,,
2025092873,קלה,0,עירוני בצומת,1,עד 50,10.5 עד 14 מטר,אין ליקוי,בהיר,יבש,שני,יום,יום רגיל,2,14,6600,5,,
2025092883,קלה,0,לא עירוני בצומת,0,70,10.5 עד 14 מטר,אין ליקוי,בהיר,יבש,ראשון,לילה,יום רגיל,3,17,0,4,,
2025092886,קשה,0,עירוני לא בצומת,1,לא ידוע,,לא ידוע,לא ידוע,לא ידוע,שישי,יום,יום רגיל,6,11,3000,1,,
2025092909,קשה,0,לא עירוני לא בצומת,0,לא ידוע,,לא ידוע,לא ידוע,לא ידוע,ראשון,יום,יום רגיל,3,15,0,4,,
2025092919,קלה,0,עירוני לא בצומת,1,עד 50,5 עד 7 מטר,לא ידוע,בהיר,יבש,חמישי,יום,יום רגיל,6,9,3616,7,,
2025092955,קטלנית,1,לא עירוני בצומת,0,80,5 עד 7 מטר,אין ליקוי,בהיר,יבש,שני,יום,יום רגיל,10,15,0,2,,
2025092978,קשה,0,עירוני בצומת,1,עד 50,5 עד 7 מטר,אין ליקוי,בהיר,יבש,שני,יום,יום רגיל,8,9,8300,4,,
2025093010,קשה,0,עירוני בצומת,1,עד 50,,אין ליקוי,בהיר,יבש,שני,לילה,יום רגיל,3,22,5000,5,,
2025093018,קלה,0,לא עירוני בצומת,0,90,יותר מ-14 מטר,אין ליקוי,לא ידוע,לא ידוע,שני,יום,יום רגיל,6,17,0,4,,
2025093027,קטלנית,1,עירוני בצומת,1,עד 50,5 עד 7 מטר,אין ליקוי,בהיר,יבש,שני,יום,יום רגיל,7,13,7900,4,,
2025093032,קלה,0,עירוני לא בצומת,1,לא ידוע,7 עד 10.5 מטר,אין ליקוי,בהיר,יבש,שלישי,יום,יום רגיל,11,8,5000,5,,
2025093047,קשה,0,עירוני לא בצומת,1,עד 50,7 עד 10.5 מטר,אין ליקוי,בהיר,יבש,שישי,יום,יום רגיל,7,10,4000,3,,
2025093049,קשה,0,עירוני לא בצומת,1,לא ידוע,עד 5 מטר,אין ליקוי,בהיר,יבש,חמישי,לילה,יום רגיל,1,18,6300,5,,
2025093075,קלה,0,לא עירוני לא בצומת,0,70,5 עד 7 מטר,לא ידוע,בהיר,יבש,חמישי,לילה,יום רגיל,7,20,0,1,,
2025093089,קטלנית,1,עירוני בצומת,1,לא ידוע,,לא ידוע,לא ידוע,לא ידוע,שישי,לילה,יום רגיל,9,22,5000,5,,
2025093101,קלה,0,עירוני לא בצומת,1,70,5 עד 7 מטר,אין ליקוי,בהיר,יבש,שני,לילה,יום רגיל,7,21,4000,3,,
2025093114,קלה,0,עירוני בצומת,1,עד 50,7 עד 10.5 מטר,אין ליקוי,בהיר,יבש,שלישי,יום,יום רגיל,1,10,1139,2,,
2025093143,קלה,0,עירוני בצומת,1,60,5 עד 7 מטר,אין ליקוי,בהיר,יבש,שבת,לילה,יום רגיל,1,1,6200,5,,
2025093158,קלה,0,לא עירוני בצומת,0,80,יותר מ-14 מטר,אין ליקוי,בהיר,יבש,שישי,יום,יום רגיל,8,18,0,2,,
2025093168,קלה,0,עירוני לא בצומת,1,עד 50,יותר מ-14 מטר,אין ליקוי,בהיר,יבש,רביעי,לילה,יום רגיל,5,21,4000,3,,
2025093211,קלה,0,עירוני בצומת,1,עד 50,5 עד 7 מטר,אין ליקוי,בהיר,יבש,רביעי,יום,יום רגיל,7,11,9000,6,,
2025093230,קלה,0,עירוני בצומת,1,עד 50,7 עד 10.5 מטר,אין ליקוי,בהיר,יבש,שני,יום,יום רגיל,5,14,2640,4,,
2025093233,קלה,0,לא עירוני בצומת,0,80,5 עד 7 מטר,אין ליקוי,בהיר,יבש,חמישי,יום,יום רגיל,7,16,0,7,,
2025093236,קלה,0,עירוני לא בצומת,1,עד 50,5 עד 7 מטר,אין ליקוי,לא ידוע,יבש,שני,יום,יום רגיל,5,12,3000,1,,
2025093238,קשה,0,לא עירוני לא בצומת,0,לא ידוע,,לא ידוע,לא ידוע,לא ידוע,ראשון,לילה,יום רגיל,1,17,0,6,,
2025093239,קלה,0,עירוני בצומת,1,עד 50,7 עד 10.5 מטר,אין ליקוי,בהיר,יבש,ראשון,לילה,יום רגיל,3,22,7400,4,,
2025093241,קלה,0,עירוני בצומת,1,עד 50,7 עד 10.5 מטר,אין ליקוי,לא ידוע,לא ידוע,רביעי,יום,יום רגיל,1,15,7100,6,,
2025093248,קשה,0,עירוני בצומת,1,עד 50,7 עד 10.5 מטר,אין ליקוי,בהיר,יבש,שלישי,יום,יום רגיל,5,7,2500,3,,
2025093261,קלה,0,עירוני בצומת,1,עד 50,יותר מ-14 מטר,אין ליקוי,בהיר,יבש,שני,יום,יום רגיל,4,12,7700,2,,
2025093277,קשה,0,עירוני לא בצומת,1,עד 50,5 עד 7 מטר,אין ליקוי,בהיר,יבש,שלישי,לילה,יום רגיל,1,17,466,4,,
2025093321,קשה,0,עירוני לא בצומת,1,לא ידוע,,לא ידוע,לא ידוע,לא ידוע,שני,יום,יום רגיל,6,11,1754,6,,
2025093333,קלה,0,עירוני לא בצומת,1,לא ידוע,,לא ידוע,לא ידוע,לא ידוע,רביעי,יום,יום רגיל,9,8,5000,5,,
2025093366,קלה,0,עירוני בצומת,1,עד 50,7 עד 10.5 מטר,כביש משובש,בהיר,יבש,רביעי,יום,יום רגיל,1,8,70,6,,
2025093367,קשה,0,עירוני לא בצומת,1,עד 50,יותר מ-14 מטר,אין ליקוי,בהיר,יבש,חמישי,יום,יום רגיל,6,16,5000,5,,
2025093387,קלה,0,עירוני לא בצומת,1,עד 50,10.5 עד 14 מטר,אין ליקוי,בהיר,יבש,שני,יום,יום רגיל,8,17,6300,5,,
2025093389,קלה,0,עירוני לא בצומת,1,עד 50,יותר מ-14 מטר,אין ליקוי,בהיר,יבש,רביעי,לילה,חול המועד,4,0,7300,2,,
2025093395,קלה,0,עירוני לא בצומת,1,עד 50,5 עד 7 מטר,אין ליקוי,בהיר,יבש,שלישי,יום,יום רגיל,5,8,696,4,,
2025093400,קשה,0,עירוני לא בצומת,1,לא ידוע,,לא ידוע,לא ידוע,לא ידוע,שישי,לילה,יום רגיל,7,5,7900,4,,
2025093416,קשה,0,עירוני לא בצומת,1,לא ידוע,,לא ידוע,לא ידוע,לא ידוע,שבת,לילה,יום רגיל,10,22,3000,1,,
2025093425,קשה,0,עירוני לא בצומת,1,לא ידוע,,לא ידוע,לא ידוע,לא ידוע,חמישי,יום,יום רגיל,8,11,8300,4,,
2025093440,קשה,0,עירוני לא בצומת,1,לא ידוע,,לא ידוע,לא ידוע,לא ידוע,ראשון,לילה,יום רגיל,1,19,2550,4,,
2025093441,קשה,0,לא עירוני לא בצומת,0,לא ידוע,5 עד 7 מטר,אין ליקוי,בהיר,יבש,רביעי,לילה,יום רגיל,11,20,0,4,,
2025093465,קלה,0,לא עירוני לא בצומת,0,,10.5 עד 14 מטר,אין ליקוי,בהיר,יבש,שני,יום,חול המועד,4,17,0,4,,
2025093488,קשה,0,עירוני לא בצומת,1,לא ידוע,,לא ידוע,לא ידוע,לא ידוע,שני,יום,יום רגיל,4,15,1031,6,,
2025093497,קשה,0,עירוני בצומת,1,עד 50,5 עד 7 מטר,אין ליקוי,בהיר,יבש,רביעי,יום,ערב חג,10,8,8500,4,,
2025093502,קלה,0,עירוני לא בצומת,1,עד 50,יותר מ-14 מטר,אין ליקוי,גשום,יבש,שישי,יום,יום רגיל,3,11,70,6,,
2025093510,קשה,0,עירוני לא בצומת,1,לא ידוע,,לא ידוע,לא ידוע,לא ידוע,שני,יום,יום רגיל,10,11,7100,6,,
2025093517,קלה,0,עירוני לא בצומת,1,עד 50,10.5 עד 14 מטר,אין ליקוי,בהיר,יבש,ראשון,יום,יום רגיל,9,13,5000,5,,
2025093536,קלה,0,עירוני בצומת,1,עד 50,יותר מ-14 מטר,אין ליקוי,בהיר,יבש,שבת,יום,יום רגיל,8,10,70,6,,
2025093561,קלה,0,עירוני לא בצומת,1,לא ידוע,,לא ידוע,לא ידוע,לא ידוע,שני,לילה,יום רגיל,12,17,2660,4,,
2025093564,קשה,0,לא עירוני לא בצומת,0,לא ידוע,,לא ידוע,לא ידוע,לא ידוע,חמישי,לילה,יום רגיל,2,18,0,7,,
2025093611,קטלנית,1,לא עירוני לא בצומת,0,,10.5 עד 14 מטר,אין ליקוי,בהיר,יבש,חמישי,לילה,חג,5,22,0,4,,
2025093612,קלה,0,עירוני בצומת,1,עד 50,5 עד 7 מטר,אין ליקוי,בהיר,יבש,רביעי,לילה,יום רגיל,2,18,7100,6,,
2025093640,קלה,0,עירוני בצומת,1,עד 50,7 עד 10.5 מטר,אין ליקוי,בהיר,יבש,שני,יום,יום רגיל,5,14,5000,5,,
2025093647,קלה,0,עירוני בצומת,1,עד 50,5 עד 7 מטר,אין ליקוי,בהיר,יבש,שישי,יום,יום רגיל,5,18,6600,5,,
2025093680,קשה,0,עירוני לא בצומת,1,לא ידוע,,לא ידוע,לא ידוע,לא ידוע,שני,לילה,יום רגיל,12,17,6500,3,,
2025093690,קלה,0,לא עירוני בצומת,0,80,יותר מ-14 מטר,אין ליקוי,בהיר,יבש,רביעי,יום,יום רגיל,4,11,0,2,,
2025093691,קשה,0,לא עירוני לא בצומת,0,לא ידוע,,לא ידוע,לא ידוע,לא ידוע,רביעי,לילה,יום רגיל,1,2,0,4,,
2025093693,קלה,0,לא עירוני בצומת,0,90,7 עד 10.5 מטר,אין ליקוי,בהיר,יבש,ראשון,לילה,יום רגיל,9,22,0,2,,
2025093713,קלה,0,עירוני לא בצומת,1,עד 50,7 עד 10.5 מטר,אין ליקוי,לא ידוע,יבש,שישי,לילה,יום רגיל,9,20,168,4,,
2025093714,קשה,0,עירוני לא בצומת,1,לא ידוע,,לא ידוע,לא ידוע,לא ידוע,רביעי,יום,יום רגיל,4,17,6700,2,,
2025093715,קשה,0,לא עירוני לא בצומת,0,90,,לא ידוע,בהיר,יבש,שישי,יום,יום רגיל,7,6,0,6,,
2025093776,קלה,0,לא עירוני לא בצומת,0,90,7 עד 10.5 מטר,אין ליקוי,גשום,רטוב ממים,רביעי,לילה,יום רגיל,12,0,0,6,,
2025093815,קשה,0,עירוני לא בצומת,1,לא ידוע,,לא ידוע,לא ידוע,לא ידוע,ראשון,יום,יום רגיל,8,18,7900,4,,
2025093823,קלה,0,לא עירוני בצומת,0,60,10.5 עד 14 מטר,אין ליקוי,גשום,רטוב ממים,שני,לילה,חול המועד,4,23,0,2,,
2025093836,קטלנית,1,לא עירוני לא בצומת,0,80,7 עד 10.5 מטר,אין ליקוי,בהיר,יבש,שבת,לילה,יום רגיל,10,23,0,4,,
2025093838,קשה,0,לא עירוני לא בצומת,0,לא ידוע,,לא ידוע,לא ידוע,לא ידוע,שישי,לילה,יום רגיל,11,5,0,4,,
2025093845,קלה,0,עירוני בצומת,1,עד 50,עד 5 מטר,לא ידוע,בהיר,יבש,ראשון,יום,יום רגיל,5,16,6600,5,,
2025093873,קלה,0,עירוני בצומת,1,עד 50,5 עד 7 מטר,אין ליקוי,בהיר,יבש,חמישי,לילה,יום רגיל,9,19,4000,3,,
2025093880,קלה,0,לא עירוני לא בצומת,0,100,עד 5 מטר,לא ידוע,בהיר,יבש,שני,לילה,יום רגיל,11,5,0,4,,
2025093885,קלה,0,לא עירוני בצומת,0,100,5 עד 7 מטר,אין ליקוי,בהיר,יבש,ראשון,יום,ערב חג,6,18,0,1,,
2025093906,קלה,0,לא עירוני בצומת,0,90,7 עד 10.5 מטר,אין ליקוי,בהיר,יבש,שישי,לילה,יום רגיל,1,19,0,2,,
2025093918,קלה,0,עירוני לא בצומת,1,60,10.5 עד 14 מטר,לא ידוע,בהיר,יבש,רביעי,לילה,יום רגיל,7,20,9000,6,,
2025093925,קלה,0,עירוני בצומת,1,עד 50,,אין ליקוי,בהיר,יבש,ראשון,לילה,יום רגיל,2,17,7900,4,,
2025093949,קלה,0,עירוני בצומת,1,עד 50,5 עד 7 מטר,אין ליקוי,בהיר,יבש,שלישי,לילה,חג,9,22,8700,4,,
2025093957,קלה,0,עירוני לא בצומת,1,עד 50,5 עד 7 מטר,אין ליקוי,בהיר,יבש,ראשון,יום,יום רגיל,3,7,9000,6,,
2025093966,קטלנית,1,לא עירוני לא בצומת,0,90,,אין ליקוי,בהיר,יבש,חמישי,לילה,יום רגיל,8,22,0,5,,
2025093976,קלה,0,עירוני לא בצומת,1,עד 50,5 עד 7 מטר,אין ליקוי,בהיר,יבש,ראשון,יום,יום רגיל,5,16,2610,1,,
2025093978,קשה,0,עירוני לא בצומת,1,עד 50,10.5 עד 14 מטר,אין ליקוי,בהיר,יבש,שני,יום,יום רגיל,10,9,6600,5,,
2025093986,קלה,0,עירוני בצומת,1,עד 50,7 עד 10.5 מטר,אין ליקוי,בהיר,יבש,שלישי,לילה,יום רגיל,4,19,6500,3,,
2025093992,קשה,0,עירוני לא בצומת,1,עד 50,עד 5 מטר,אין ליקוי,בהיר,יבש,שבת,לילה,יום רגיל,2,3,4000,3,,
2025093997,קלה,0,עירוני בצומת,1,עד 50,7 עד 10.5 מטר,אין ליקוי,בהיר,יבש,חמישי,יום,יום רגיל,2,13,2500,3,,
2025094003,קלה,0,לא עירוני בצומת,0,80,5 עד 7 מטר,אין ליקוי,בהיר,יבש,שישי,יום,יום רגיל,3,14,0,2,,
2025094018,קלה,0,לא עירוני בצומת,0,90,10.5 עד 14 מטר,אין ליקוי,בהיר,יבש,חמישי,יום,יום רגיל,4,14,0,2,,
2025094021,קשה,0,לא עירוני לא בצומת,0,לא ידוע,,לא ידוע,לא ידוע,לא ידוע,שישי,יום,יום רגיל,11,15,0,7,,
2025094025,קלה,0,עירוני בצומת,1,עד 50,7 עד 10.5 מטר,אין ליקוי,בהיר,יבש,שישי,יום,יום רגיל,7,11,7800,3,,
2025094028,קלה,0,עירוני לא בצומת,1,עד 50,5 עד 7 מטר,אין ליקוי,בהיר,יבש,שלישי,לילה,יום רגיל,9,19,8400,4,,
2025094032,קלה,0,לא עירוני בצומת,0,80,7 עד 10.5 מטר,אין ליקוי,בהיר,יבש,שבת,יום,יום רגיל,5,11,0,3,,
2025094055,קשה,0,עירוני לא בצומת,1,לא ידוע,,לא ידוע,לא ידוע,לא ידוע,שישי,יום,יום רגיל,8,15,6200,5,,
2025094066,קשה,0,לא עירוני לא בצומת,0,90,10.5 עד 14 מטר,אין ליקוי,בהיר,יבש,ראשון,יום,יום רגיל,3,17,0,5,,
2025094072,קלה,0,לא עירוני בצומת,0,90,7 עד 10.5 מטר,אין ליקוי,בהיר,יבש,רביעי,יום,יום רגיל,6,17,0,2,,
2025094077,קשה,0,לא עירוני בצומת,0,60,7 עד 10.5 מטר,כביש משובש,בהיר,יבש,רביעי,יום,יום רגיל,6,17,0,2,,
2025094079,קלה,0,לא עירוני בצומת,0,עד 50,7 עד 10.5 מטר,אין ליקוי,בהיר,יבש,שני,יום,יום רגיל,3,17,0,5,,
2025094123,קלה,0,לא עירוני לא בצומת,0,90,10.5 עד 14 מטר,אין ליקוי,בהיר,יבש,ראשון,לילה,יום רגיל,4,6,0,4,,
2025094128,קלה,0,עירוני בצומת,1,עד 50,7 עד 10.5 מטר,אין ליקוי,לא ידוע,יבש,רביעי,יום,יום רגיל,3,12,6900,4,,
2025094131,קלה,0,עירוני לא בצומת,1,עד 50,7 עד 10.5 מטר,אין ליקוי,בהיר,יבש,שלישי,יום,יום רגיל,6,18,1200,4,,
2025094134,קשה,0,עירוני לא בצומת,1,לא ידוע,,לא ידוע,לא ידוע,לא ידוע,חמישי,לילה,חול המועד,4,22,6700,2,,
2025094137,קשה,0,עירוני לא בצומת,1,עד 50,5 עד 7 מטר,אין ליקוי,בהיר,יבש,שני,יום,יום רגיל,7,18,502,2,,
2025094167,קלה,0,עירוני בצומת,1,עד 50,5 עד 7 מטר,אין ליקוי,בהיר,יבש,שלישי,יום,יום רגיל,7,16,7100,6,,
2025094168,קשה,0,עירוני בצומת,1,לא ידוע,,לא ידוע,לא ידוע,לא ידוע,שלישי,יום,יום רגיל,4,16,4100,2,,
2025094173,קלה,0,עירוני בצומת,1,עד 50,5 עד 7 מטר,אין ליקוי,בהיר,יבש,חמישי,לילה,יום רגיל,4,19,8200,3,,
2025094178,קלה,0,עירוני בצומת,1,עד 50,10.5 עד 14 מטר,אין ליקוי,בהיר,יבש,חמישי,יום,יום רגיל,5,8,1034,6,,
2025094181,קלה,0,עירוני בצומת,1,עד 50,5 עד 7 מטר,אין ליקוי,בהיר,יבש,שלישי,יום,יום רגיל,4,16,2002,4,,
2025094197,קשה,0,לא עירוני לא בצומת,0,לא ידוע,,לא ידוע,לא ידוע,לא ידוע,שלישי,יום,יום רגיל,6,19,0,7,,
2025094216,קלה,0,עירוני בצומת,1,עד 50,7 עד 10.5 מטר,אין ליקוי,בהיר,יבש,ראשון,יום,יום רגיל,3,13,6100,5,,
2025094224,קלה,0,עירוני בצומת,1,עד 50,יותר מ-14 מטר,אין ליקוי,לא ידוע,רטוב ממים,חמישי,לילה,יום רגיל,2,6,4000,3,,
2025094234,קטלנית,1,לא עירוני לא בצומת,0,110,יותר מ-14 מטר,אין ליקוי,בהיר,יבש,חמישי,לילה,ערב חג,3,2,0,4,,
2025094235,קטלנית,1,לא עירוני בצומת,0,,יותר מ-14 מטר,אין ליקוי,בהיר,יבש,שבת,לילה,יום רגיל,10,19,0,4,,
2025094241,קלה,0,לא עירוני לא בצומת,0,עד 50,5 עד 7 מטר,אין ליקוי,בהיר,יבש,חמישי,יום,יום רגיל,1,12,0,3,,
2025094243,קשה,0,לא עירוני לא בצומת,0,לא ידוע,,לא ידוע,לא ידוע,לא ידוע,ראשון,יום,יום רגיל,9,8,0,3,,
2025094250,קלה,0,עירוני בצומת,1,לא ידוע,,לא ידוע,לא ידוע,לא ידוע,שבת,יום,יום רגיל,11,15,6900,4,,
2025094294,קלה,0,עירוני בצומת,1,עד 50,יותר מ-14 מטר,אין ליקוי,בהיר,יבש,שני,יום,יום רגיל,9,18,4000,3,,
2025094303,קלה,0,לא עירוני לא בצומת,0,80,10.5 עד 14 מטר,אין ליקוי,בהיר,יבש,חמישי,יום,יום רגיל,2,8,0,2,,
2025094318,קלה,0,עירוני בצומת,1,עד 50,5 עד 7 מטר,אין ליקוי,בהיר,יבש,רביעי,יום,יום רגיל,7,8,70,6,,
2025094328,קלה,0,עירוני בצומת,1,עד 50,,אין ליקוי,בהיר,יבש,שלישי,יום,יום רגיל,2,9,9000,6,,
2025094344,קלה,0,עירוני בצומת,1,עד 50,7 עד 10.5 מטר,לא ידוע,בהיר,יבש,ראשון,יום,יום רגיל,4,14,3000,1,,
2025094349,קטלנית,1,עירוני בצומת,1,עד 50,7 עד 10.5 מטר,אין ליקוי,בהיר,יבש,שני,יום,יום רגיל,6,15,70,6,,
2025094351,קלה,0,עירוני לא בצומת,1,לא ידוע,,לא ידוע,לא ידוע,לא ידוע,רביעי,יום,יום רגיל,1,15,195,4,,
2025094353,קלה,0,עירוני לא בצומת,1,לא ידוע,10.5 עד 14 מטר,אין ליקוי,בהיר,יבש,שלישי,יום,יום רגיל,8,18,70,6,,
2025094373,קלה,0,עירוני בצומת,1,לא ידוע,,לא ידוע,לא ידוע,לא ידוע,רביעי,יום,יום רגיל,12,10,6900,4,,
2025094376,קשה,0,עירוני לא בצומת,1,עד 50,יותר מ-14 מטר,אין ליקוי,בהיר,יבש,ראשון,יום,יום רגיל,6,14,7900,4,,
2025094378,קלה,0,עירוני בצומת,1,לא ידוע,,לא ידוע,לא ידוע,לא ידוע,שלישי,יום,יום רגיל,11,12,7900,4,,
2025094402,קלה,0,עירוני בצומת,1,עד 50,5 עד 7 מטר,אין ליקוי,בהיר,יבש,שני,יום,יום רגיל,9,9,7400,4,,
2025094480,קשה,0,לא עירוני בצומת,0,לא ידוע,,לא ידוע,לא ידוע,לא ידוע,שישי,יום,יום רגיל,5,17,0,4,,
2025094499,קלה,0,עירוני לא בצומת,1,לא ידוע,,לא ידוע,לא ידוע,לא ידוע,חמישי,לילה,יום רגיל,4,23,2400,5,,
2025094503,קלה,0,עירוני לא בצומת,1,70,יותר מ-14 מטר,אין ליקוי,בהיר,יבש,ראשון,יום,יום רגיל,6,11,4000,3,,
2025094520,קלה,0,עירוני בצומת,1,עד 50,,אין ליקוי,בהיר,יבש,חמישי,יום,יום רגיל,2,8,7900,4,,
2025094524,קטלנית,1,לא עירוני לא בצומת,0,70,5 עד 7 מטר,אין ליקוי,בהיר,יבש,ראשון,יום,יום רגיל,6,6,0,7,,
2025094536,קלה,0,לא עירוני בצומת,0,70,10.5 עד 14 מטר,לא ידוע,בהיר,יבש,שבת,יום,יום רגיל,5,13,0,4,,
2025094560,קלה,0,עירוני בצומת,1,עד 50,5 עד 7 מטר,אין ליקוי,בהיר,יבש,שישי,יום,יום רגיל,1,7,7900,4,,
2025094584,קשה,0,עירוני לא בצומת,1,לא ידוע,,לא ידוע,לא ידוע,לא ידוע,שבת,לילה,יום רגיל,6,23,472,1,,
2025094593,קטלנית,1,עירוני בצומת,1,60,,אין ליקוי,בהיר,יבש,ראשון,יום,יום רגיל,5,13,5000,5,,
2025094610,קשה,0,עירוני לא בצומת,1,לא ידוע,,לא ידוע,לא ידוע,לא ידוע,שני,לילה,ערב חג,9,19,469,4,,
2025094612,קלה,0,לא עירוני בצומת,0,90,יותר מ-14 מטר,אין ליקוי,בהיר,יבש,ראשון,יום,יום רגיל,8,9,0,4,,
2025094613,קלה,0,עירוני בצומת,1,60,7 עד 10.5 מטר,אין ליקוי,בהיר,יבש,שישי,יום,יום רגיל,12,12,70,6,,
2025094619,קלה,0,עירוני לא בצומת,1,עד 50,עד 5 מטר,אין ליקוי,בהיר,יבש,רביעי,לילה,יום רגיל,10,19,2640,4,,
2025094645,קשה,0,עירוני לא בצומת,1,לא ידוע,,לא ידוע,לא ידוע,לא ידוע,חמישי,יום,יום רגיל,4,7,7400,4,,
2025094665,קלה,0,לא עירוני בצומת,0,60,10.5 עד 14 מטר,אין ליקוי,בהיר,יבש,שלישי,לילה,יום רגיל,9,4,0,3,,
2025094675,קלה,0,עירוני בצומת,1,עד 50,,אין ליקוי,בהיר,יבש,רביעי,לילה,חול המועד,4,1,7900,4,,
2025094722,קטלנית,1,לא עירוני לא בצומת,0,80,10.5 עד 14 מטר,אין ליקוי,בהיר,יבש,רביעי,לילה,יום רגיל,3,5,0,2,,
2025094734,קשה,0,עירוני לא בצומת,1,עד 50,7 עד 10.5 מטר,אין ליקוי,בהיר,יבש,ראשון,יום,יום רגיל,3,12,6300,5,,
2025094753,קלה,0,עירוני לא בצומת,1,עד 50,10.5 עד 14 מטר,אין ליקוי,לא ידוע,יבש,ראשון,יום,יום רגיל,1,14,4000,3,,
2025094762,קלה,0,עירוני לא בצומת,1,עד 50,5 עד 7 מטר,אין ליקוי,בהיר,יבש,ראשון,יום,יום רגיל,8,11,4000,3,,
2025094776,קלה,0,לא עירוני לא בצומת,0,90,,אין ליקוי,בהיר,יבש,רביעי,יום,יום רגיל,7,9,0,5,,
2025094790,קלה,0,לא עירוני בצומת,0,לא ידוע,,לא ידוע,לא ידוע,לא ידוע,ראשון,יום,יום רגיל,11,13,0,2,,
2025094798,קשה,0,עירוני לא בצומת,1,לא ידוע,,לא ידוע,לא ידוע,לא ידוע,שבת,לילה,יום רגיל,12,20,8600,5,,
2025094799,קלה,0,עירוני בצומת,1,עד 50,5 עד 7 מטר,אין ליקוי,בהיר,יבש,חמישי,יום,חול המועד,4,11,70,6,,
2025094802,קלה,0,עירוני לא בצומת,1,לא ידוע,,לא ידוע,לא ידוע,לא ידוע,ראשון,לילה,יום רגיל,12,17,587,4,,
2025094818,קלה,0,עירוני לא בצומת,1,עד 50,5 עד 7 מטר,אין ליקוי,בהיר,יבש,רביעי,יום,יום רגיל,1,9,3000,1,,
2025094829,קלה,0,לא עירוני לא בצומת,0,90,7 עד 10.5 מטר,אין ליקוי,בהיר,יבש,שבת,לילה,יום רגיל,7,5,0,4,,
2025094831,קלה,0,עירוני לא בצומת,1,עד 50,10.5 עד 14 מטר,אין ליקוי,בהיר,יבש,ראשון,יום,יום רגיל,8,8,6100,5,,
2025094835,קשה,0,עירוני לא בצומת,1,עד 50,5 עד 7 מטר,אין ליקוי,לא ידוע,לא ידוע,רביעי,יום,יום רגיל,12,15,8600,5,,
2025094836,קשה,0,עירוני לא בצומת,1,לא ידוע,,לא ידוע,לא ידוע,לא ידוע,שני,יום,יום רגיל,11,10,5000,5,,
2025094838,קשה,0,עירוני לא בצומת,1,עד 50,עד 5 מטר,אין ליקוי,בהיר,יבש,שני,יום,יום רגיל,5,14,1240,6,,
2025094852,קלה,0,לא עירוני בצומת,0,עד 50,5 עד 7 מטר,אין ליקוי,בהיר,יבש,שישי,יום,יום רגיל,5,13,0,5,,
2025094860,קשה,0,לא עירוני בצומת,0,לא ידוע,,לא ידוע,לא ידוע,לא ידוע,רביעי,יום,יום רגיל,12,13,0,7,,
2025094878,קלה,0,עירוני בצומת,1,לא ידוע,עד 5 מטר,אין ליקוי,בהיר,יבש,שלישי,יום,יום רגיל,5,8,6600,5,,
2025094882,קלה,0,עירוני בצומת,1,60,,אין ליקוי,לא ידוע,יבש,שישי,יום,יום רגיל,3,7,5000,5,,
2025094914,קלה,0,עירוני בצומת,1,עד 50,5 עד 7 מטר,אין ליקוי,בהיר,יבש,שני,יום,יום רגיל,7,9,8700,4,,
2025094931,קלה,0,עירוני בצומת,1,עד 50,,לא ידוע,בהיר,יבש,שישי,יום,יום רגיל,7,9,7600,2,,
2025094933,קלה,0,עירוני בצומת,1,לא ידוע,,לא ידוע,לא ידוע,לא ידוע,שלישי,יום,יום רגיל,12,15,7400,4,,
2025094962,קשה,0,עירוני לא בצומת,1,לא ידוע,,לא ידוע,לא ידוע,לא ידוע,שלישי,יום,יום רגיל,1,7,70,6,,
2025094969,קלה,0,עירוני בצומת,1,60,10.5 עד 14 מטר,אין ליקוי,בהיר,יבש,רביעי,יום,יום רגיל,9,10,7700,2,,
2025094979,קלה,0,עירוני בצומת,1,70,7 עד 10.5 מטר,אין ליקוי,בהיר,יבש,שני,יום,ערב חג,10,17,168,4,,
2025094981,קלה,0,עירוני בצומת,1,עד 50,7 עד 10.5 מטר,אין ליקוי,בהיר,יבש,שני,יום,יום רגיל,4,9,3000,1,,
2025094990,קשה,0,לא עירוני בצומת,0,עד 50,,אין ליקוי,בהיר,יבש,רביעי,יום,ערב חג,4,6,0,5,,
2025094993,קלה,0,לא עירוני לא בצומת,0,80,7 עד 10.5 מטר,אין ליקוי,בהיר,יבש,שבת,יום,יום רגיל,6,12,0,2,,
2025095020,קלה,0,עירוני בצומת,1,עד 50,יותר מ-14 מטר,אין ליקוי,בהיר,יבש,חמישי,יום,יום רגיל,1,16,70,6,,
2025095022,קלה,0,עירוני בצומת,1,עד 50,10.5 עד 14 מטר,אין ליקוי,בהיר,יבש,שלישי,לילה,יום רגיל,11,22,3616,7,,
2025095031,קלה,0,עירוני לא בצומת,1,עד 50,10.5 עד 14 מטר,אין ליקוי,בהיר,יבש,חמישי,יום,יום רגיל,4,9,2300,3,,
2025095041,קלה,0,עירוני לא בצומת,1,לא ידוע,,לא ידוע,לא ידוע,לא ידוע,רביעי,יום,יום רגיל,12,14,8600,5,,
2025095063,קלה,0,לא עירוני לא בצומת,0,עד 50,,אין ליקוי,בהיר,יבש,שני,יום,יום רגיל,9,18,0,5,,
2025095079,קלה,0,עירוני לא בצומת,1,עד 50,10.5 עד 14 מטר,אין ליקוי,בהיר,יבש,שישי,לילה,יום רגיל,8,21,7400,4,,
2025095083,קלה,0,לא עירוני בצומת,0,70,יותר מ-14 מטר,אין ליקוי,בהיר,יבש,שישי,יום,יום רגיל,9,14,0,4,,
2025095091,קלה,0,לא עירוני בצומת,0,90,10.5 עד 14 מטר,אין ליקוי,בהיר,יבש,שבת,יום,יום רגיל,10,10,0,2,,
2025095093,קלה,0,עירוני לא בצומת,1,עד 50,5 עד 7 מטר,אין ליקוי,שרבי,יבש,חמישי,יום,יום רגיל,4,10,3652,7,,
2025095119,קלה,0,עירוני בצומת,1,עד 50,7 עד 10.5 מטר,לא ידוע,בהיר,יבש,ראשון,יום,ערב חג,6,10,3000,1,,
2025095141,קלה,0,לא עירוני לא בצומת,0,80,7 עד 10.5 מטר,אין ליקוי,לא ידוע,יבש,חמישי,יום,יום רגיל,1,14,0,7,,
2025095175,קשה,0,לא עירוני לא בצומת,0,90,7 עד 10.5 מטר,אין ליקוי,בהיר,יבש,רביעי,יום,יום רגיל,11,13,0,6,,
2025095200,קטלנית,1,לא עירוני לא בצומת,0,70,5 עד 7 מטר,לא ידוע,בהיר,יבש,חמישי,לילה,יום רגיל,7,21,0,2,,
2025095240,קלה,0,לא עירוני בצומת,0,90,7 עד 10.5 מטר,אין ליקוי,בהיר,יבש,שבת,לילה,יום רגיל,3,19,0,6,,
2025095243,קלה,0,עירוני בצומת,1,עד 50,7 עד 10.5 מטר,אין ליקוי,בהיר,יבש,ראשון,יום,יום רגיל,11,9,6500,3,,
2025095250,קטלנית,1,עירוני לא בצומת,1,עד 50,7 עד 10.5 מטר,אין ליקוי,בהיר,יבש,שישי,יום,יום רגיל,5,6,6600,5,,
2025095253,קשה,0,עירוני לא בצומת,1,עד 50,עד 5 מטר,אין ליקוי,בהיר,יבש,רביעי,יום,יום רגיל,3,15,2530,4,,
2025095254,קלה,0,לא עירוני בצומת,0,70,5 עד 7 מטר,אין ליקוי,בהיר,יבש,שבת,יום,חול המועד,10,7,0,4,,
2025095255,קלה,0,לא עירוני בצומת,0,90,יותר מ-14 מטר,אין ליקוי,בהיר,יבש,שלישי,יום,יום רגיל,3,9,0,6,,
2025095258,קלה,0,לא עירוני בצומת,0,70,7 עד 10.5 מטר,אין ליקוי,בהיר,יבש,שלישי,יום,יום רגיל,3,10,0,3,,
2025095269,קשה,0,עירוני בצומת,1,לא ידוע,,לא ידוע,לא ידוע,לא ידוע,שבת,לילה,יום רגיל,11,22,5000,5,,
2025095274,קלה,0,עירוני בצומת,1,עד 50,5 עד 7 מטר,אין ליקוי,בהיר,יבש,שישי,לילה,יום רגיל,8,23,7400,4,,
2025095275,קלה,0,עירוני לא בצומת,1,עד 50,,אין ליקוי,בהיר,יבש,שלישי,לילה,יום רגיל,2,20,7900,4,,
2025095283,קלה,0,עירוני בצומת,1,60,10.5 עד 14 מטר,אין ליקוי,בהיר,יבש,חמישי,יום,יום רגיל,7,7,4000,3,,
2025095295,קטלנית,1,עירוני לא בצומת,1,עד 50,5 עד 7 מטר,אין ליקוי,בהיר,יבש,חמישי,יום,יום רגיל,10,13,7900,4,,
2025095317,קשה,0,לא עירוני לא בצומת,0,עד 50,7 עד 10.5 מטר,אין ליקוי,בהיר,יבש,ראשון,יום,יום רגיל,6,11,0,6,,
2025095364,קלה,0,עירוני בצומת,1,70,5 עד 7 מטר,אין ליקוי,לא ידוע,יבש,שני,יום,יום רגיל,12,8,70,6,,
2025095402,קשה,0,עירוני לא בצומת,1,עד 50,5 עד 7 מטר,אין ליקוי,בהיר,יבש,ראשון,יום,יום רגיל,6,10,5000,5,,
2025095406,קלה,0,לא עירוני בצומת,0,60,יותר מ-14 מטר,אין ליקוי,בהיר,יבש,ראשון,יום,חג,4,13,0,4,,
2025095407,קלה,0,עירוני בצומת,1,עד 50,עד 5 מטר,אין ליקוי,בהיר,יבש,רביעי,יום,יום רגיל,2,10,5000,5,,
2025095420,קלה,0,עירוני לא בצומת,1,עד 50,5 עד 7 מטר,לא ידוע,בהיר,יבש,חמישי,יום,יום רגיל,7,14,3000,1,,
2025095427,קלה,0,עירוני בצומת,1,עד 50,עד 5 מטר,אין ליקוי,בהיר,יבש,שישי,יום,יום רגיל,7,16,5000,5,,
2025095436,קלה,0,לא עירוני לא בצומת,0,80,5 עד 7 מטר,אין ליקוי,בהיר,יבש,חמישי,יום,יום רגיל,8,14,0,7,,
2025095439,קלה,0,עירוני בצומת,1,עד 50,7 עד 10.5 מטר,אין ליקוי,בהיר,יבש,שישי,יום,יום רגיל,1,9,7700,2,,
2025095442,קטלנית,1,עירוני לא בצומת,1,עד 50,7 עד 10.5 מטר,אין ליקוי,בהיר,יבש,רביעי,יום,ערב חג,10,9,2600,6,,
2025095458,קלה,0,לא עירוני לא בצומת,0,80,7 עד 10.5 מטר,אין ליקוי,לא ידוע,לא ידוע,חמישי,יום,יום רגיל,10,12,0,6,,
2025095468,קלה,0,עירוני לא בצומת,1,עד 50,7 עד 10.5 מטר,אין ליקוי,בהיר,יבש,רביעי,יום,יום רגיל,7,18,9100,2,,
2025095481,קלה,0,עירוני בצומת,1,עד 50,7 עד 10.5 מטר,אין ליקוי,בהיר,יבש,שלישי,יום,יום רגיל,8,9,5000,5,,
2025095487,קשה,0,עירוני לא בצומת,1,לא ידוע,,לא ידוע,לא ידוע,לא ידוע,שני,יום,יום רגיל,5,18,3650,7,,
2025095488,קלה,0,עירוני לא בצומת,1,עד 50,5 עד 7 מטר,אין ליקוי,בהיר,יבש,שלישי,יום,יום רגיל,6,15,7400,4,,
2025095509,קלה,0,לא עירוני בצומת,0,90,7 עד 10.5 מטר,אין ליקוי,בהיר,יבש,רביעי,יום,יום רגיל,10,10,0,2,,
2025095528,קלה,0,לא עירוני בצומת,0,90,10.5 עד 14 מטר,אין ליקוי,בהיר,יבש,שבת,יום,יום רגיל,3,14,0,6,,
2025095544,קשה,0,עירוני לא בצומת,1,לא ידוע,,לא ידוע,לא ידוע,לא ידוע,שבת,יום,יום רגיל,12,16,796,1,,
2025095550,קשה,0,עירוני בצומת,1,עד 50,7 עד 10.5 מטר,אין ליקוי,גשום,רטוב ממים,חמישי,יום,יום רגיל,3,12,2800,2,,
2025095555,קלה,0,עירוני בצומת,1,עד 50,7 עד 10.5 מטר,אין ליקוי,בהיר,יבש,ראשון,יום,יום רגיל,4,12,6100,5,,
2025095566,קלה,0,עירוני בצומת,1,לא ידוע,,לא ידוע,לא ידוע,לא ידוע,שישי,יום,יום רגיל,6,15,9000,6,,
2025095578,קלה,0,לא עירוני לא בצומת,0,70,5 עד 7 מטר,אין ליקוי,בהיר,רטוב ממים,רביעי,יום,יום רגיל,12,11,0,2,,
2025095592,קלה,0,עירוני בצומת,1,עד 50,10.5 עד 14 מטר,אין ליקוי,גשום,רטוב ממים,ראשון,יום,יום רגיל,12,11,8600,5,,
2025095602,קלה,0,עירוני בצומת,1,70,7 עד 10.5 מטר,אין ליקוי,בהיר,יבש,ראשון,יום,יום רגיל,5,6,70,6,,
2025095604,קלה,0,עירוני לא בצומת,1,עד 50,7 עד 10.5 מטר,אין ליקוי,בהיר,יבש,ראשון,יום,יום רגיל,10,10,7900,4,,
2025095614,קלה,0,לא עירוני בצומת,0,90,5 עד 7 מטר,אין ליקוי,בהיר,יבש,שבת,לילה,יום רגיל,11,21,0,4,,
2025095631,קלה,0,לא עירוני בצומת,0,80,7 עד 10.5 מטר,אין ליקוי,בהיר,יבש,חמישי,לילה,יום רגיל,1,18,0,6,,
2025095646,קלה,0,עירוני בצומת,1,עד 50,5 עד 7 מטר,אין ליקוי,בהיר,יבש,רביעי,יום,יום רגיל,11,10,6100,5,,
2025095650,קשה,0,עירוני לא בצומת,1,לא ידוע,,לא ידוע,לא ידוע,לא ידוע,רביעי,יום,ערב חג,4,13,8300,4,,
2025095651,קשה,0,לא עירוני בצומת,0,לא ידוע,,לא ידוע,לא ידוע,לא ידוע,חמישי,יום,ערב חג,3,13,0,4,,
2025095656,קלה,0,עירוני בצומת,1,עד 50,7 עד 10.5 מטר,אין ליקוי,בהיר,יבש,שלישי,יום,חול המועד,4,18,4000,3,,
2025095667,קלה,0,לא עירוני בצומת,0,70,10.5 עד 14 מטר,אין ליקוי,בהיר,יבש,חמישי,יום,יום רגיל,9,10,0,7,,
2025095670,קלה,0,עירוני לא בצומת,1,עד 50,5 עד 7 מטר,אין ליקוי,בהיר,יבש,שני,יום,יום רגיל,9,16,5000,5,,
2025095679,קטלנית,1,עירוני לא בצומת,1,עד 50,7 עד 10.5 מטר,אין ליקוי,בהיר,לא ידוע,שני,יום,יום רגיל,2,10,3780,7,,
2025095695,קלה,0,לא עירוני בצומת,0,80,יותר מ-14 מטר,לא ידוע,בהיר,יבש,שני,יום,יום רגיל,1,16,0,2,,
2025095698,קלה,0,עירוני בצומת,1,60,10.5 עד 14 מטר,אין ליקוי,בהיר,יבש,שני,יום,יום רגיל,6,16,7900,4,,
2025095724,קלה,0,לא עירוני לא בצומת,0,80,7 עד 10.5 מטר,אין ליקוי,בהיר,יבש,שישי,לילה,יום רגיל,10,0,0,2,,
2025095726,קשה,0,עירוני בצומת,1,עד 50,5 עד 7 מטר,אין ליקוי,בהיר,יבש,שבת,לילה,יום רגיל,1,22,9000,6,,
2025095735,קשה,0,עירוני לא בצומת,1,עד 50,7 עד 10.5 מטר,אין ליקוי,בהיר,יבש,ראשון,יום,יום רגיל,7,14,3000,1,,
2025095738,קלה,0,עירוני בצומת,1,עד 50,5 עד 7 מטר,אין ליקוי,בהיר,יבש,שבת,לילה,יום רגיל,6,21,5000,5,,
2025095746,קשה,0,לא עירוני בצומת,0,70,5 עד 7 מטר,אין ליקוי,בהיר,יבש,שישי,יום,יום רגיל,11,8,0,4,,
2025095760,קשה,0,לא עירוני בצומת,0,80,יותר מ-14 מטר,אין ליקוי,בהיר,יבש,שבת,יום,יום רגיל,5,11,0,2,,
2025095762,קלה,0,עירוני בצומת,1,עד 50,5 עד 7 מטר,אין ליקוי,בהיר,יבש,שלישי,יום,יום רגיל,9,13,4000,3,,
2025095778,קלה,0,עירוני לא בצומת,1,עד 50,7 עד 10.5 מטר,אין ליקוי,בהיר,יבש,רביעי,יום,יום רגיל,2,7,2640,4,,
2025095788,קשה,0,לא עירוני לא בצומת,0,80,10.5 עד 14 מטר,אין ליקוי,אחר,יבש,שישי,יום,יום רגיל,8,18,0,2,,
2025095802,קלה,0,עירוני לא בצומת,1,עד 50,5 עד 7 מטר,לא ידוע,בהיר,יבש,שלישי,יום,יום רגיל,11,13,627,4,,
2025095829,קלה,0,עירוני בצומת,1,עד 50,7 עד 10.5 מטר,אין ליקוי,בהיר,יבש,שני,לילה,יום רגיל,2,23,9000,6,,
2025095863,קלה,0,עירוני בצומת,1,עד 50,10.5 עד 14 מטר,לא ידוע,בהיר,לא ידוע,שני,יום,יום רגיל,7,15,5000,5,,
2025095865,קלה,0,עירוני בצומת,1,70,,אין ליקוי,בהיר,יבש,חמישי,יום,יום רגיל,8,19,4000,3,,
2025095873,קשה,0,לא עירוני בצומת,0,90,7 עד 10.5 מטר,אין ליקוי,בהיר,יבש,שבת,יום,יום רגיל,11,11,0,4,,
2025095895,קשה,0,לא עירוני לא בצומת,0,100,,אין ליקוי,בהיר,יבש,ראשון,לילה,יום רגיל,8,19,0,4,,
2025095937,קטלנית,1,לא עירוני לא בצומת,0,לא ידוע,,אין ליקוי,בהיר,יבש,שלישי,לילה,יום רגיל,11,16,0,2,,
2025095964,קלה,0,לא עירוני בצומת,0,עד 50,יותר מ-14 מטר,אין ליקוי,גשום,רטוב ממים,חמישי,לילה,יום רגיל,12,17,0,2,,
2025095968,קלה,0,לא עירוני לא בצומת,0,90,10.5 עד 14 מטר,אין ליקוי,בהיר,יבש,שלישי,יום,יום רגיל,5,17,0,2,,
2025095976,קלה,0,עירוני לא בצומת,1,100,10.5 עד 14 מטר,אין ליקוי,לא ידוע,יבש,ראשון,לילה,יום רגיל,4,1,3000,1,,
2025095980,קשה,0,עירוני בצומת,1,עד 50,7 עד 10.5 מטר,אין ליקוי,בהיר,יבש,שבת,לילה,יום רגיל,9,21,4000,3,,
2025095983,קלה,0,עירוני לא בצומת,1,עד 50,5 עד 7 מטר,אין ליקוי,בהיר,יבש,שבת,יום,יום רגיל,1,16,2600,6,,
2025095985,קלה,0,עירוני בצומת,1,60,7 עד 10.5 מטר,אין ליקוי,בהיר,יבש,שישי,יום,חול המועד,10,9,9000,6,,
2025095986,קשה,0,עירוני בצומת,1,לא ידוע,,לא ידוע,לא ידוע,לא ידוע,ראשון,לילה,יום רגיל,11,18,8200,3,,
2025095997,קשה,0,עירוני לא בצומת,1,עד 50,5 עד 7 מטר,אין ליקוי,לא ידוע,יבש,שני,יום,יום רגיל,3,16,2630,6,,
2025096001,קלה,0,עירוני בצומת,1,עד 50,5 עד 7 מטר,אין ליקוי,לא ידוע,יבש,שני,לילה,יום רגיל,11,17,168,4,,
2025096021,קשה,0,עירוני לא בצומת,1,עד 50,עד 5 מטר,אין ליקוי,לא ידוע,רטוב ממים,שבת,יום,יום רגיל,12,10,8400,4,,
2025096023,קלה,0,עירוני בצומת,1,70,יותר מ-14 מטר,אין ליקוי,בהיר,יבש,שלישי,יום,יום רגיל,6,8,7100,6,,
2025096042,קלה,0,עירוני לא בצומת,1,עד 50,10.5 עד 14 מטר,אין ליקוי,בהיר,יבש,שני,לילה,יום רגיל,3,21,8300,4,,
2025096057,קלה,0,לא עירוני בצומת,0,80,7 עד 10.5 מטר,לא ידוע,בהיר,יבש,רביעי,לילה,יום רגיל,1,6,0,2,,
2025096066,קשה,0,עירוני בצומת,1,עד 50,10.5 עד 14 מטר,אין ליקוי,בהיר,יבש,שישי,יום,יום רגיל,8,7,5000,5,,
2025096087,קשה,0,לא עירוני לא בצומת,0,לא ידוע,,לא ידוע,לא ידוע,לא ידוע,ראשון,יום,יום רגיל,3,10,0,1,,
2025096088,קלה,0,לא עירוני בצומת,0,70,7 עד 10.5 מטר,אין ליקוי,בהיר,יבש,חמישי,יום,יום רגיל,1,9,0,2,,
2025096114,קלה,0,עירוני לא בצומת,1,עד 50,5 עד 7 מטר,אין ליקוי,לא ידוע,רטוב ממים,שבת,לילה,יום רגיל,1,3,6200,5,,
2025096115,קשה,0,לא עירוני לא בצומת,0,80,5 עד 7 מטר,אין ליקוי,בהיר,יבש,ראשון,יום,יום רגיל,5,7,0,3,,
2025096121,קשה,0,עירוני לא בצומת,1,לא ידוע,,לא ידוע,לא ידוע,לא ידוע,שבת,לילה,יום רגיל,5,21,6300,5,,
2025096136,קלה,0,לא עירוני בצומת,0,עד 50,5 עד 7 מטר,אין ליקוי,לא ידוע,יבש,שלישי,יום,יום רגיל,2,9,0,4,,
2025096169,קלה,0,עירוני בצומת,1,עד 50,7 עד 10.5 מטר,אין ליקוי,בהיר,יבש,ראשון,לילה,יום רגיל,10,21,5000,5,,
2025096196,קלה,0,עירוני לא בצומת,1,עד 50,10.5 עד 14 מטר,אין ליקוי,לא ידוע,יבש,שלישי,יום,יום רגיל,2,15,9100,2,,
2025096202,קלה,0,עירוני לא בצומת,1,עד 50,,אין ליקוי,בהיר,יבש,ראשון,יום,יום רגיל,11,15,6600,5,,
2025096221,קלה,0,עירוני לא בצומת,1,לא ידוע,,לא ידוע,לא ידוע,לא ידוע,רביעי,יום,יום רגיל,7,16,5000,5,,
2025096229,קשה,0,לא עירוני לא בצומת,0,90,יותר מ-14 מטר,אין ליקוי,בהיר,יבש,שני,יום,יום רגיל,7,15,0,6,,
2025096238,קשה,0,לא עירוני לא בצומת,0,לא ידוע,,לא ידוע,לא ידוע,לא ידוע,חמישי,לילה,יום רגיל,10,17,0,6,,
2025096268,קטלנית,1,עירוני בצומת,1,עד 50,7 עד 10.5 מטר,אין ליקוי,בהיר,יבש,שני,יום,ערב חג,9,8,2034,2,,
2025096272,קשה,0,לא עירוני לא בצומת,0,לא ידוע,,לא ידוע,לא ידוע,לא ידוע,שבת,יום,יום רגיל,2,15,0,6,,
2025096276,קשה,0,עירוני לא בצומת,1,לא ידוע,,לא ידוע,לא ידוע,לא ידוע,שני,לילה,יום רגיל,6,20,3000,1,,
2025096279,קלה,0,עירוני בצומת,1,עד 50,7 עד 10.5 מטר,אין ליקוי,בהיר,יבש,שני,יום,יום רגיל,8,18,8600,5,,
2025096285,קלה,0,עירוני בצומת,1,עד 50,7 עד 10.5 מטר,אין ליקוי,בהיר,יבש,שלישי,יום,יום רגיל,7,11,5000,5,,
2025096314,קשה,0,לא עירוני לא בצומת,0,לא ידוע,,לא ידוע,לא ידוע,לא ידוע,שלישי,יום,יום רגיל,7,8,0,2,,
2025096315,קלה,0,עירוני לא בצומת,1,עד 50,7 עד 10.5 מטר,אין ליקוי,בהיר,יבש,שלישי,יום,יום רגיל,3,13,1745,4,,
2025096319,קשה,0,עירוני לא בצומת,1,לא ידוע,,לא ידוע,לא ידוע,לא ידוע,רביעי,לילה,יום רגיל,7,22,6600,5,,
2025096321,קשה,0,לא עירוני בצומת,0,לא ידוע,,לא ידוע,לא ידוע,לא ידוע,שלישי,לילה,יום רגיל,12,1,0,4,,
2025096330,קלה,0,לא עירוני לא בצומת,0,90,יותר מ-14 מטר,אין ליקוי,לא ידוע,לא ידוע,שלישי,יום,יום רגיל,2,7,0,4,,
2025096331,קלה,0,לא עירוני לא בצומת,0,90,יותר מ-14 מטר,אין ליקוי,בהיר,יבש,רביעי,לילה,ערב חג,10,2,0,5,,
2025096334,קלה,0,עירוני בצומת,1,עד 50,7 עד 10.5 מטר,אין ליקוי,בהיר,יבש,ראשון,יום,יום רגיל,9,15,70,6,,
2025096336,קלה,0,עירוני בצומת,1,עד 50,7 עד 10.5 מטר,אין ליקוי,בהיר,יבש,חמישי,יום,יום רגיל,7,19,70,6,,
2025096339,קלה,0,עירוני בצומת,1,לא ידוע,,לא ידוע,לא ידוע,לא ידוע,רביעי,לילה,יום רגיל,5,20,1200,4,,
2025096357,קטלנית,1,לא עירוני לא בצומת,0,90,10.5 עד 14 מטר,אין ליקוי,בהיר,יבש,שלישי,לילה,יום רגיל,9,6,0,3,,
2025096408,קטלנית,1,עירוני בצומת,1,עד 50,10.5 עד 14 מטר,אין ליקוי,בהיר,יבש,שני,לילה,יום רגיל,4,2,5000,5,,
2025096426,קשה,0,לא עירוני לא בצומת,0,לא ידוע,,לא ידוע,לא ידוע,לא ידוע,שבת,יום,יום רגיל,1,10,0,6,,
2025096431,קלה,0,לא עירוני בצומת,0,90,7 עד 10.5 מטר,אין ליקוי,בהיר,יבש,שבת,לילה,יום רגיל,5,23,0,6,,
2025096454,קלה,0,לא עירוני לא בצומת,0,לא ידוע,,לא ידוע,לא ידוע,לא ידוע,חמישי,לילה,יום רגיל,11,20,0,5,,
2025096456,קשה,0,עירוני לא בצומת,1,עד 50,,אין ליקוי,בהיר,יבש,רביעי,לילה,יום רגיל,9,21,9000,6,,
2025096496,קלה,0,עירוני לא בצומת,1,לא ידוע,עד 5 מטר,אין ליקוי,בהיר,יבש,שישי,יום,יום רגיל,1,16,5000,5,,
2025096500,קלה,0,עירוני לא בצומת,1,עד 50,5 עד 7 מטר,אין ליקוי,בהיר,יבש,שלישי,לילה,יום רגיל,3,18,7900,4,,
2025096505,קטלנית,1,לא עירוני לא בצומת,0,100,יותר מ-14 מטר,אין ליקוי,בהיר,יבש,שישי,לילה,יום רגיל,3,0,0,2,,
2025096509,קשה,0,עירוני לא בצומת,1,עד 50,,אין ליקוי,בהיר,יבש,שני,יום,יום רגיל,10,16,5000,5,,
2025096515,קלה,0,לא עירוני בצומת,0,80,10.5 עד 14 מטר,אין ליקוי,בהיר,יבש,שני,יום,יום רגיל,3,16,0,6,,
2025096530,קשה,0,לא עירוני בצומת,0,לא ידוע,,לא ידוע,לא ידוע,לא ידוע,שבת,יום,יום רגיל,6,18,0,5,,
2025096532,קלה,0,עירוני לא בצומת,1,עד 50,5 עד 7 מטר,אין ליקוי,בהיר,יבש,ראשון,יום,יום רגיל,2,16,7800,3,,
2025096556,קלה,0,לא עירוני בצומת,0,70,7 עד 10.5 מטר,אין ליקוי,בהיר,יבש,שני,יום,יום רגיל,3,10,0,5,,
2025096571,קשה,0,לא עירוני לא בצומת,0,לא ידוע,,לא ידוע,לא ידוע,לא ידוע,שלישי,יום,יום רגיל,6,12,0,1,,
2025096601,קלה,0,עירוני בצומת,1,עד 50,5 עד 7 מטר,אין ליקוי,בהיר,יבש,חמישי,לילה,יום רגיל,2,21,5000,5,,
2025096624,קלה,0,עירוני לא בצומת,1,עד 50,,אין ליקוי,גשום,רטוב ממים,רביעי,יום,יום רגיל,2,15,6600,5,,
2025096630,קלה,0,לא עירוני לא בצומת,0,לא ידוע,,לא ידוע,לא ידוע,לא ידוע,שישי,יום,יום רגיל,12,13,0,5,,
2025096682,קשה,0,לא עירוני לא בצומת,0,לא ידוע,,לא ידוע,לא ידוע,לא ידוע,שלישי,יום,יום רגיל,8,6,0,5,,
2025096689,קשה,0,עירוני בצומת,1,עד 50,,אין ליקוי,בהיר,יבש,שישי,לילה,ערב חג,4,23,7900,4,,
2025096705,קלה,0,לא עירוני בצומת,0,90,,אין ליקוי,בהיר,יבש,ראשון,לילה,יום רגיל,11,19,0,4,,
2025096710,קלה,0,לא עירוני בצומת,0,70,10.5 עד 14 מטר,אין ליקוי,גשום,רטוב ממים,שני,לילה,יום רגיל,12,18,0,3,,
2025096734,קשה,0,לא עירוני לא בצומת,0,עד 50,7 עד 10.5 מטר,אין ליקוי,בהיר,יבש,שישי,יום,יום רגיל,12,7,0,2,,
2025096756,קלה,0,עירוני בצומת,1,עד 50,7 עד 10.5 מטר,אין ליקוי,בהיר,יבש,שבת,לילה,יום רגיל,5,20,7700,2,,
2025096768,קשה,0,עירוני לא בצומת,1,לא ידוע,,לא ידוע,לא ידוע,לא ידוע,שני,יום,יום רגיל,10,11,8600,5,,
2025096790,קלה,0,לא עירוני לא בצומת,0,80,5 עד 7 מטר,אין ליקוי,בהיר,יבש,שני,יום,יום רגיל,4,7,0,2,,
2025096807,קלה,0,עירוני לא בצומת,1,עד 50,5 עד 7 מטר,אין ליקוי,בהיר,יבש,חמישי,יום,יום רגיל,8,17,7900,4,,
2025096820,קשה,0,לא עירוני לא בצומת,0,לא ידוע,,לא ידוע,לא ידוע,לא ידוע,שבת,יום,יום רגיל,9,9,0,4,,
2025096827,קלה,0,לא עירוני בצומת,0,80,יותר מ-14 מטר,אין ליקוי,בהיר,יבש,רביעי,יום,יום רגיל,5,6,0,2,,
2025096833,קלה,0,לא עירוני לא בצומת,0,לא ידוע,,לא ידוע,לא ידוע,לא ידוע,ראשון,יום,יום רגיל,12,11,0,5,,
2025096850,קשה,0,לא עירוני לא בצומת,0,100,,אין ליקוי,בהיר,יבש,שלישי,יום,יום רגיל,1,13,0,5,,
2025096879,קטלנית,1,עירוני לא בצומת,1,עד 50,7 עד 10.5 מטר,אין ליקוי,בהיר,יבש,חמישי,לילה,יום רגיל,1,18,3000,1,,
2025096890,קלה,0,עירוני לא בצומת,1,עד 50,5 עד 7 מטר,אין ליקוי,בהיר,יבש,שישי,יום,יום רגיל,6,16,28,4,,
2025096915,קלה,0,עירוני בצומת,1,עד 50,7 עד 10.5 מטר,אין ליקוי,בהיר,יבש,ראשון,יום,יום רגיל,2,8,9000,6,,
2025096931,קלה,0,לא עירוני לא בצומת,0,70,יותר מ-14 מטר,אין ליקוי,בהיר,יבש,שבת,יום,יום רגיל,11,11,0,3,,
2025096942,קלה,0,עירוני לא בצומת,1,עד 50,,אין ליקוי,בהיר,יבש,ראשון,יום,יום רגיל,7,14,7000,4,,
2025096950,קלה,0,עירוני בצומת,1,70,5 עד 7 מטר,אין ליקוי,בהיר,יבש,שני,יום,יום רגיל,3,9,3000,1,,
2025096969,קשה,0,עירוני לא בצומת,1,לא ידוע,,לא ידוע,לא ידוע,לא ידוע,שישי,לילה,יום רגיל,8,0,565,5,,
2025096984,קטלנית,1,עירוני בצומת,1,עד 50,5 עד 7 מטר,אין ליקוי,בהיר,יבש,שבת,לילה,יום רגיל,12,22,4000,3,,
2025096986,קטלנית,1,עירוני לא בצומת,1,70,7 עד 10.5 מטר,אין ליקוי,בהיר,יבש,רביעי,לילה,יום רגיל,5,2,7200,4,,
2025097002,קשה,0,לא עירוני לא בצומת,0,80,10.5 עד 14 מטר,אין ליקוי,בהיר,יבש,רביעי,יום,יום רגיל,11,12,0,7,,
2025097030,קשה,0,לא עירוני לא בצומת,0,עד 50,5 עד 7 מטר,אין ליקוי,בהיר,יבש,חמישי,יום,ערב חג,3,14,0,7,,
2025097032,קלה,0,לא עירוני בצומת,0,70,5 עד 7 מטר,אין ליקוי,בהיר,יבש,חמישי,לילה,יום רגיל,9,20,0,4,,
2025097037,קשה,0,עירוני לא בצומת,1,עד 50,7 עד 10.5 מטר,אין ליקוי,בהיר,יבש,ראשון,יום,יום רגיל,8,14,6600,5,,
2025097059,קשה,0,עירוני לא בצומת,1,לא ידוע,,לא ידוע,לא ידוע,לא ידוע,חמישי,יום,יום רגיל,9,6,1765,6,,
2025097071,קשה,0,לא עירוני לא בצומת,0,לא ידוע,,לא ידוע,לא ידוע,לא ידוע,חמישי,לילה,יום רגיל,12,22,0,5,,
2025097095,קשה,0,לא עירוני לא בצומת,0,לא ידוע,,לא ידוע,לא ידוע,לא ידוע,ראשון,לילה,יום רגיל,8,2,0,4,,
2025097099,קלה,0,עירוני בצומת,1,עד 50,עד 5 מטר,אין ליקוי,בהיר,יבש,חמישי,יום,יום רגיל,5,15,7000,4,,
2025097123,קלה,0,עירוני לא בצומת,1,לא ידוע,,לא ידוע,לא ידוע,לא ידוע,רביעי,יום,יום רגיל,11,14,5000,5,,
2025097133,קלה,0,עירוני בצומת,1,לא ידוע,5 עד 7 מטר,אין ליקוי,בהיר,יבש,ראשון,לילה,חג,4,19,5000,5,,
2025097140,קשה,0,לא עירוני לא בצומת,0,עד 50,10.5 עד 14 מטר,אין ליקוי,בהיר,יבש,חמישי,יום,יום רגיל,3,17,0,1,,
2025097169,קלה,0,עירוני בצומת,1,עד 50,7 עד 10.5 מטר,אין ליקוי,בהיר,יבש,רביעי,יום,יום רגיל,5,13,7100,6,,
2025097173,קשה,0,עירוני לא בצומת,1,לא ידוע,,לא ידוע,לא ידוע,לא ידוע,רביעי,יום,יום רגיל,9,8,9000,6,,
2025097187,קלה,0,עירוני בצומת,1,עד 50,5 עד 7 מטר,אין ליקוי,בהיר,יבש,חמישי,יום,יום רגיל,6,8,7900,4,,
2025097202,קשה,0,לא עירוני לא בצומת,0,80,7 עד 10.5 מטר,אין ליקוי,בהיר,יבש,שבת,יום,יום רגיל,2,8,0,2,,
2025097214,קלה,0,לא עירוני לא בצומת,0,לא ידוע,,לא ידוע,לא ידוע,לא ידוע,שלישי,לילה,יום רגיל,10,0,0,2,,
2025097235,קלה,0,לא עירוני בצומת,0,60,10.5 עד 14 מטר,אין ליקוי,לא ידוע,יבש,ראשון,יום,יום רגיל,2,7,0,4,,
2025097247,קלה,0,עירוני לא בצומת,1,עד 50,,אין ליקוי,בהיר,יבש,רביעי,יום,יום רגיל,6,10,2034,2,,
2025097255,קשה,0,עירוני לא בצומת,1,לא ידוע,,לא ידוע,לא ידוע,לא ידוע,שבת,יום,יום רגיל,3,15,516,2,,
2025097262,קשה,0,עירוני בצומת,1,לא ידוע,,לא ידוע,לא ידוע,לא ידוע,שישי,לילה,יום רגיל,11,20,5000,5,,
2025097285,קלה,0,עירוני בצומת,1,עד 50,7 עד 10.5 מטר,אין ליקוי,בהיר,יבש,ראשון,יום,יום רגיל,9,8,6100,5,,
2025097321,קשה,0,לא עירוני לא בצומת,0,90,5 עד 7 מטר,אין ליקוי,בהיר,יבש,חמישי,לילה,יום רגיל,7,22,0,3,,
2025097324,קלה,0,עירוני לא בצומת,1,עד 50,5 עד 7 מטר,אין ליקוי,בהיר,יבש,ראשון,לילה,יום רגיל,5,20,4000,3,,
2025097330,קלה,0,עירוני בצומת,1,עד 50,5 עד 7 מטר,אין ליקוי,בהיר,יבש,שלישי,יום,יום רגיל,9,7,2200,6,,
2025097339,קשה,0,עירוני לא בצומת,1,לא ידוע,,לא ידוע,לא ידוע,לא ידוע,שלישי,יום,יום רגיל,4,17,5000,5,,
2025097352,קלה,0,לא עירוני לא בצומת,0,80,7 עד 10.5 מטר,אין ליקוי,בהיר,יבש,ראשון,יום,יום רגיל,7,17,0,7,,
2025097361,קלה,0,עירוני בצומת,1,לא ידוע,עד 5 מטר,אין ליקוי,בהיר,יבש,רביעי,לילה,יום רגיל,5,21,5000,5,,
2025097370,קלה,0,עירוני לא בצומת,1,עד 50,7 עד 10.5 מטר,אין ליקוי,בהיר,יבש,שלישי,לילה,יום רגיל,1,19,7900,4,,
2025097389,קלה,0,לא עירוני לא בצומת,0,לא ידוע,,לא ידוע,לא ידוע,לא ידוע,שני,לילה,יום רגיל,11,23,0,2,,
2025097392,קלה,0,עירוני בצומת,1,עד 50,5 עד 7 מטר,אין ליקוי,גשום,רטוב ממים,שני,יום,יום רגיל,12,12,5000,5,,
2025097393,קשה,0,עירוני לא בצומת,1,עד 50,7 עד 10.5 מטר,אין ליקוי,בהיר,יבש,רביעי,יום,יום רגיל,7,19,5000,5,,
2025097399,קשה,0,לא עירוני לא בצומת,0,80,,אין ליקוי,בהיר,יבש,שני,יום,יום רגיל,1,12,0,4,,
2025097476,קשה,0,עירוני לא בצומת,1,לא ידוע,,לא ידוע,לא ידוע,לא ידוע,שלישי,יום,יום רגיל,7,8,9000,6,,
2025097479,קלה,0,לא עירוני בצומת,0,90,7 עד 10.5 מטר,אין ליקוי,בהיר,יבש,שישי,לילה,חול המועד,10,23,0,4,,
2025097481,קלה,0,לא עירוני בצומת,0,90,10.5 עד 14 מטר,אין ליקוי,בהיר,יבש,שלישי,יום,יום רגיל,2,11,0,3,,
2025097485,קלה,0,לא עירוני בצומת,0,90,5 עד 7 מטר,אין ליקוי,בהיר,יבש,שלישי,יום,יום רגיל,2,12,0,2,,
2025097486,קלה,0,עירוני בצומת,1,עד 50,עד 5 מטר,אין ליקוי,בהיר,יבש,שני,יום,יום רגיל,1,8,5000,5,,
2025097502,קשה,0,לא עירוני בצומת,0,70,7 עד 10.5 מטר,אין ליקוי,בהיר,יבש,רביעי,יום,יום רגיל,2,11,0,1,,
2025097532,קלה,0,עירוני בצומת,1,עד 50,עד 5 מטר,אין ליקוי,בהיר,יבש,שלישי,יום,יום רגיל,4,9,5000,5,,
2025097554,קלה,0,עירוני לא בצומת,1,עד 50,עד 5 מטר,אין ליקוי,בהיר,יבש,חמישי,יום,יום רגיל,3,10,5000,5,,
2025097576,קשה,0,לא עירוני בצומת,0,80,7 עד 10.5 מטר,אין ליקוי,בהיר,יבש,שני,יום,יום רגיל,6,19,0,4,,
2025097596,קלה,0,עירוני בצומת,1,עד 50,5 עד 7 מטר,אין ליקוי,בהיר,יבש,רביעי,יום,יום רגיל,3,12,3000,1,,
2025097599,קלה,0,עירוני לא בצומת,1,עד 50,5 עד 7 מטר,אין ליקוי,בהיר,יבש,שבת,יום,יום רגיל,6,16,1031,6,,
2025097609,קלה,0,לא עירוני בצומת,0,90,יותר מ-14 מטר,אין ליקוי,בהיר,יבש,רביעי,לילה,ערב חג,4,20,0,6,,
2025097619,קטלנית,1,לא עירוני לא בצומת,0,70,10.5 עד 14 מטר,אין ליקוי,בהיר,יבש,שני,לילה,יום רגיל,9,21,0,5,,
2025097620,קשה,0,עירוני לא בצומת,1,לא ידוע,,לא ידוע,לא ידוע,לא ידוע,ראשון,יום,יום רגיל,12,11,4000,3,,
2025097651,קשה,0,לא עירוני בצומת,0,80,7 עד 10.5 מטר,אין ליקוי,בהיר,יבש,שני,לילה,ערב חג,9,18,0,7,,
2025097661,קלה,0,עירוני בצומת,1,100,7 עד 10.5 מטר,אין ליקוי,לא ידוע,יבש,שני,יום,יום רגיל,6,19,3000,1,,
2025097665,קלה,0,עירוני בצומת,1,60,,אין ליקוי,בהיר,יבש,חמישי,לילה,יום רגיל,8,1,6300,5,,
2025097667,קלה,0,עירוני בצומת,1,עד 50,יותר מ-14 מטר,אין ליקוי,בהיר,יבש,שלישי,יום,יום רגיל,1,11,70,6,,
2025097668,קשה,0,עירוני לא בצומת,1,לא ידוע,,לא ידוע,לא ידוע,לא ידוע,שלישי,יום,יום רגיל,7,11,8600,5,,
2025097671,קשה,0,לא עירוני לא בצומת,0,לא ידוע,,לא ידוע,לא ידוע,לא ידוע,שישי,לילה,יום רגיל,3,21,0,7,,
2025097703,קשה,0,עירוני בצומת,1,לא ידוע,7 עד 10.5 מטר,אין ליקוי,בהיר,יבש,ראשון,לילה,יום רגיל,11,23,5000,5,,
2025097730,קשה,0,לא עירוני בצומת,0,עד 50,10.5 עד 14 מטר,אין ליקוי,לא ידוע,לא ידוע,רביעי,יום,יום רגיל,5,9,0,5,,
2025097731,קלה,0,עירוני לא בצומת,1,עד 50,5 עד 7 מטר,אין ליקוי,בהיר,יבש,חמישי,יום,יום רגיל,2,16,4000,3,,
2025097732,קלה,0,לא עירוני בצומת,0,90,7 עד 10.5 מטר,אין ליקוי,בהיר,יבש,שלישי,יום,יום רגיל,10,9,0,6,,
2025097741,קלה,0,עירוני לא בצומת,1,עד 50,7 עד 10.5 מטר,אין ליקוי,בהיר,יבש,שישי,יום,יום רגיל,10,13,7400,4,,
2025097744,קשה,0,לא עירוני בצומת,0,לא ידוע,,לא ידוע,לא ידוע,לא ידוע,שבת,יום,יום רגיל,5,10,0,2,,
2025097788,קלה,0,לא עירוני בצומת,0,80,יותר מ-14 מטר,אין ליקוי,בהיר,יבש,ראשון,יום,ערב חג,6,19,0,2,,
2025097792,קלה,0,לא עירוני לא בצומת,0,עד 50,7 עד 10.5 מטר,אין ליקוי,בהיר,יבש,רביעי,יום,יום רגיל,2,16,0,7,,
2025097806,קלה,0,עירוני בצומת,1,עד 50,7 עד 10.5 מטר,אין ליקוי,בהיר,יבש,שני,לילה,יום רגיל,5,19,1139,2,,
2025097827,קשה,0,לא עירוני לא בצומת,0,90,10.5 עד 14 מטר,אין ליקוי,בהיר,יבש,חמישי,יום,יום רגיל,7,10,0,5,,
2025097834,קשה,0,עירוני לא בצומת,1,עד 50,7 עד 10.5 מטר,אין ליקוי,בהיר,יבש,שבת,יום,יום רגיל,3,12,7900,4,,
2025097840,קשה,0,לא עירוני בצומת,0,לא ידוע,,לא ידוע,לא ידוע,לא ידוע,רביעי,יום,יום רגיל,5,16,0,4,,
2025097844,קלה,0,לא עירוני בצומת,0,90,יותר מ-14 מטר,אין ליקוי,בהיר,יבש,שבת,לילה,יום רגיל,11,20,0,2,,
2025097865,קשה,0,עירוני לא בצומת,1,לא ידוע,,לא ידוע,לא ידוע,לא ידוע,שני,יום,יום רגיל,1,7,1326,3,,
2025097869,קשה,0,לא עירוני לא בצומת,0,80,10.5 עד 14 מטר,אין ליקוי,בהיר,יבש,רביעי,לילה,יום רגיל,12,18,0,7,,
2025097877,קלה,0,עירוני לא בצומת,1,עד 50,7 עד 10.5 מטר,אין ליקוי,בהיר,יבש,שלישי,יום,יום רגיל,6,14,1292,2,,
2025097879,קלה,0,עירוני בצומת,1,70,10.5 עד 14 מטר,אין ליקוי,בהיר,יבש,רביעי,יום,יום רגיל,8,16,70,6,,
2025097886,קשה,0,לא עירוני לא בצומת,0,80,10.5 עד 14 מטר,אין ליקוי,בהיר,יבש,שני,יום,יום רגיל,9,8,0,2,,
2025097901,קלה,0,לא עירוני לא בצומת,0,עד 50,,אין ליקוי,בהיר,יבש,שני,לילה,יום רגיל,9,22,0,5,,
2025097904,קלה,0,עירוני לא בצומת,1,עד 50,7 עד 10.5 מטר,אין ליקוי,בהיר,יבש,ראשון,יום,יום רגיל,5,14,2500,3,,
2025097914,קשה,0,לא עירוני בצומת,0,עד 50,10.5 עד 14 מטר,אין ליקוי,בהיר,יבש,רביעי,יום,יום רגיל,5,14,0,2,,
2025097915,קלה,0,עירוני בצומת,1,עד 50,7 עד 10.5 מטר,אין ליקוי,בהיר,יבש,רביעי,יום,יום רגיל,6,15,507,2,,
2025097921,קשה,0,לא עירוני לא בצומת,0,90,7 עד 10.5 מטר,אין ליקוי,בהיר,יבש,חמישי,יום,יום רגיל,12,15,0,4,,
2025097952,קלה,0,עירוני בצומת,1,עד 50,5 עד 7 מטר,אין ליקוי,בהיר,יבש,רביעי,יום,יום רגיל,1,14,1098,6,,
2025097956,קלה,0,עירוני בצומת,1,עד 50,5 עד 7 מטר,אין ליקוי,בהיר,יבש,חמישי,יום,יום רגיל,8,9,7400,4,,
2025097973,קלה,0,לא עירוני בצומת,0,90,10.5 עד 14 מטר,אין ליקוי,בהיר,יבש,רביעי,לילה,יום רגיל,1,1,0,2,,
2025097983,קלה,0,עירוני לא בצומת,1,עד 50,5 עד 7 מטר,אין ליקוי,בהיר,יבש,ראשון,לילה,ערב חג,6,1,7900,4,,
2025098009,קלה,0,לא עירוני לא בצומת,0,80,7 עד 10.5 מטר,לא ידוע,בהיר,יבש,שבת,לילה,יום רגיל,9,19,0,2,,
2025098010,קטלנית,1,לא עירוני לא בצומת,0,110,7 עד 10.5 מטר,אין ליקוי,בהיר,יבש,ראשון,לילה,ערב חג,6,5,0,3,,
2025098017,קלה,0,עירוני בצומת,1,עד 50,5 עד 7 מטר,אין ליקוי,בהיר,יבש,רביעי,יום,יום רגיל,3,8,7900,4,,
2025098026,קלה,0,לא עירוני בצומת,0,90,יותר מ-14 מטר,אין ליקוי,בהיר,יבש,שישי,יום,יום רגיל,8,10,0,4,,
2025098037,קשה,0,עירוני בצומת,1,70,יותר מ-14 מטר,אין ליקוי,בהיר,יבש,שני,לילה,יום רגיל,5,1,8300,4,,
2025098038,קלה,0,עירוני לא בצומת,1,עד 50,7 עד 10.5 מטר,אין ליקוי,בהיר,יבש,רביעי,יום,יום רגיל,6,10,4000,3,,
2025098043,קלה,0,עירוני בצומת,1,עד 50,5 עד 7 מטר,אין ליקוי,בהיר,יבש,שישי,יום,יום רגיל,2,15,3000,1,,
2025098044,קשה,0,עירוני לא בצומת,1,לא ידוע,,לא ידוע,לא ידוע,לא ידוע,שני,יום,יום רגיל,10,12,3000,1,,
2025098049,קשה,0,עירוני לא בצומת,1,לא ידוע,,לא ידוע,לא ידוע,לא ידוע,חמישי,יום,יום רגיל,2,7,3780,7,,
2025098063,קלה,0,לא עירוני בצומת,0,90,10.5 עד 14 מטר,אין ליקוי,בהיר,יבש,חמישי,לילה,יום רגיל,6,23,0,2,,
2025098073,קשה,0,לא עירוני לא בצומת,0,80,5 עד 7 מטר,אין ליקוי,בהיר,יבש,שני,יום,יום רגיל,11,14,0,2,,
2025098078,קשה,0,לא עירוני לא בצומת,0,60,7 עד 10.5 מטר,אין ליקוי,בהיר,יבש,חמישי,לילה,יום רגיל,12,20,0,4,,
2025098090,קשה,0,עירוני בצומת,1,עד 50,7 עד 10.5 מטר,אין ליקוי,בהיר,יבש,רביעי,לילה,יום רגיל,1,20,8400,4,,
2025098091,קלה,0,לא עירוני לא בצומת,0,90,7 עד 10.5 מטר,אין ליקוי,בהיר,יבש,רביעי,יום,יום רגיל,6,10,0,7,,
2025098098,קלה,0,לא עירוני בצומת,0,עד 50,7 עד 10.5 מטר,אין ליקוי,בהיר,יבש,שישי,יום,ערב חג,4,14,0,3,,
2025098102,קלה,0,לא עירוני לא בצומת,0,90,יותר מ-14 מטר,אין ליקוי,בהיר,יבש,שישי,לילה,יום רגיל,5,22,0,2,,
2025098112,קלה,0,עירוני בצומת,1,עד 50,יותר מ-14 מטר,אין ליקוי,בהיר,יבש,שלישי,יום,יום רגיל,5,18,4000,3,,
2025098119,קלה,0,לא עירוני לא בצומת,0,70,7 עד 10.5 מטר,לא ידוע,בהיר,יבש,שני,לילה,יום רגיל,3,19,0,1,,
2025098150,קלה,0,עירוני לא בצומת,1,לא ידוע,,לא ידוע,לא ידוע,לא ידוע,ראשון,לילה,יום רגיל,1,20,5000,5,,
2025098151,קלה,0,עירוני בצומת,1,עד 50,7 עד 10.5 מטר,אין ליקוי,בהיר,יבש,ראשון,יום,יום רגיל,10,13,9700,4,,
2025098160,קלה,0,עירוני לא בצומת,1,עד 50,5 עד 7 מטר,אין ליקוי,בהיר,יבש,ראשון,יום,יום רגיל,9,13,634,4,,
2025098162,קלה,0,עירוני בצומת,1,עד 50,5 עד 7 מטר,אין ליקוי,בהיר,יבש,שלישי,לילה,יום רגיל,4,22,6100,5,,
2025098173,קשה,0,עירוני לא בצומת,1,לא ידוע,,לא ידוע,לא ידוע,לא ידוע,ראשון,יום,יום רגיל,3,8,4000,3,,
2025098186,קשה,0,עירוני לא בצומת,1,עד 50,עד 5 מטר,אין ליקוי,בהיר,יבש,שבת,יום,יום רגיל,1,11,8200,3,,
2025098269,קלה,0,לא עירוני לא בצומת,0,עד 50,5 עד 7 מטר,אין ליקוי,בהיר,יבש,שבת,לילה,יום רגיל,11,23,0,4,,
2025098273,קלה,0,עירוני לא בצומת,1,עד 50,5 עד 7 מטר,אין ליקוי,בהיר,יבש,רביעי,יום,יום רגיל,2,14,2640,4,,
2025098280,קלה,0,לא עירוני לא בצומת,0,100,7 עד 10.5 מטר,לא ידוע,בהיר,יבש,שני,יום,יום רגיל,5,15,0,3,,
2025098285,קשה,0,עירוני לא בצומת,1,עד 50,עד 5 מטר,אין ליקוי,בהיר,יבש,שבת,לילה,יום רגיל,9,20,638,4,,
2025098286,קלה,0,לא עירוני בצומת,0,90,7 עד 10.5 מטר,אין ליקוי,לא ידוע,לא ידוע,חמישי,לילה,יום רגיל,8,0,0,4,,
2025098323,קטלנית,1,עירוני לא בצומת,1,עד 50,5 עד 7 מטר,לא ידוע,בהיר,יבש,שני,יום,יום רגיל,4,18,939,6,,
2025098327,קלה,0,עירוני בצומת,1,60,,אין ליקוי,בהיר,יבש,חמישי,לילה,יום רגיל,1,23,6600,5,,
2025098333,קלה,0,עירוני בצומת,1,עד 50,5 עד 7 מטר,אין ליקוי,בהיר,יבש,שלישי,לילה,יום רגיל,11,23,7400,4,,
2025098342,קלה,0,לא עירוני בצומת,0,90,7 עד 10.5 מטר,אין ליקוי,בהיר,יבש,ראשון,יום,יום רגיל,8,9,0,6,,
2025098346,קשה,0,לא עירוני בצומת,0,לא ידוע,,לא ידוע,לא ידוע,לא ידוע,חמישי,לילה,יום רגיל,10,22,0,5,,
2025098380,קלה,0,לא עירוני בצומת,0,70,7 עד 10.5 מטר,אין ליקוי,בהיר,יבש,רביעי,יום,יום רגיל,8,17,0,2,,
2025098383,קלה,0,עירוני לא בצומת,1,לא ידוע,,לא ידוע,לא ידוע,לא ידוע,רביעי,יום,יום רגיל,10,9,6900,4,,
2025098406,קלה,0,לא עירוני בצומת,0,עד 50,10.5 עד 14 מטר,אין ליקוי,בהיר,יבש,חמישי,לילה,יום רגיל,2,20,0,2,,
2025098407,קלה,0,עירוני בצומת,1,עד 50,5 עד 7 מטר,אין ליקוי,בהיר,יבש,שישי,יום,יום רגיל,9,8,8300,4,,
2025098411,קלה,0,לא עירוני לא בצומת,0,עד 50,עד 5 מטר,אין ליקוי,בהיר,יבש,שבת,לילה,יום רגיל,11,0,0,4,,
2025098435,קשה,0,עירוני לא בצומת,1,עד 50,עד 5 מטר,אין ליקוי,בהיר,יבש,שלישי,יום,יום רגיל,2,12,5000,5,,
2025098437,קשה,0,לא עירוני לא בצומת,0,80,7 עד 10.5 מטר,אין ליקוי,בהיר,יבש,שבת,לילה,יום רגיל,11,18,0,4,,
2025098440,קשה,0,לא עירוני לא בצומת,0,לא ידוע,,לא ידוע,לא ידוע,לא ידוע,שישי,יום,יום רגיל,12,12,0,1,,
2025098442,קלה,0,עירוני בצומת,1,עד 50,7 עד 10.5 מטר,אין ליקוי,בהיר,יבש,ראשון,יום,יום רגיל,8,18,6500,3,,
2025098452,קטלנית,1,לא עירוני לא בצומת,0,110,יותר מ-14 מטר,אין ליקוי,בהיר,יבש,שלישי,לילה,יום רגיל,6,1,0,4,,
2025098462,קלה,0,עירוני בצומת,1,עד 50,7 עד 10.5 מטר,אין ליקוי,בהיר,יבש,שני,יום,יום רגיל,5,14,6800,3,,
2025098463,קשה,0,לא עירוני לא בצומת,0,לא ידוע,,לא ידוע,לא ידוע,לא ידוע,ראשון,לילה,יום רגיל,12,3,0,4,,
2025098465,קלה,0,עירוני לא בצומת,1,עד 50,7 עד 10.5 מטר,אין ליקוי,בהיר,יבש,חמישי,לילה,יום רגיל,5,21,2730,4,,
2025098466,קלה,0,עירוני בצומת,1,עד 50,7 עד 10.5 מטר,אין ליקוי,בהיר,יבש,ראשון,יום,יום רגיל,3,15,5000,5,,
2025098484,קלה,0,לא עירוני לא בצומת,0,80,יותר מ-14 מטר,אין ליקוי,בהיר,יבש,רביעי,יום,ערב חג,4,11,0,7,,
2025098488,קלה,0,עירוני לא בצומת,1,עד 50,5 עד 7 מטר,אין ליקוי,בהיר,יבש,חמישי,לילה,יום רגיל,12,22,494,3,,
2025098498,קלה,0,עירוני בצומת,1,70,10.5 עד 14 מטר,אין ליקוי,בהיר,יבש,שלישי,לילה,יום רגיל,10,5,8300,4,,
2025098499,קלה,0,לא עירוני בצומת,0,90,10.5 עד 14 מטר,אין ליקוי,בהיר,יבש,שלישי,יום,יום רגיל,4,18,0,3,,
2025098503,קשה,0,עירוני לא בצומת,1,לא ידוע,,לא ידוע,לא ידוע,לא ידוע,רביעי,יום,יום רגיל,8,8,3780,7,,
2025098507,קלה,0,עירוני לא בצומת,1,70,7 עד 10.5 מטר,אין ליקוי,בהיר,יבש,שלישי,לילה,יום רגיל,11,19,70,6,,
2025098508,קשה,0,עירוני בצומת,1,עד 50,10.5 עד 14 מטר,אין ליקוי,בהיר,יבש,חמישי,יום,יום רגיל,8,9,5000,5,,
2025098517,קלה,0,עירוני בצומת,1,עד 50,,אין ליקוי,בהיר,יבש,רביעי,יום,יום רגיל,1,11,5000,5,,
2025098546,קלה,0,לא עירוני בצומת,0,70,10.5 עד 14 מטר,אין ליקוי,בהיר,יבש,חמישי,יום,יום רגיל,5,14,0,4,,
2025098557,קשה,0,לא עירוני בצומת,0,לא ידוע,,לא ידוע,לא ידוע,לא ידוע,שישי,יום,יום רגיל,5,12,0,4,,
2025098593,קלה,0,עירוני בצומת,1,עד 50,,אין ליקוי,בהיר,יבש,חמישי,יום,יום רגיל,2,16,5000,5,,
2025098606,קשה,0,עירוני לא בצומת,1,לא ידוע,,לא ידוע,לא ידוע,לא ידוע,חמישי,לילה,יום רגיל,9,3,3000,1,,
2025098607,קלה,0,עירוני לא בצומת,1,עד 50,5 עד 7 מטר,אין ליקוי,בהיר,יבש,חמישי,יום,יום רגיל,1,8,3000,1,,
2025098610,קלה,0,עירוני בצומת,1,עד 50,7 עד 10.5 מטר,אין ליקוי,בהיר,יבש,שלישי,יום,יום רגיל,6,17,2500,3,,
2025098623,קשה,0,עירוני לא בצומת,1,לא ידוע,,לא ידוע,לא ידוע,לא ידוע,שישי,יום,יום רגיל,7,16,5000,5,,
2025098662,קלה,0,עירוני לא בצומת,1,עד 50,7 עד 10.5 מטר,אין ליקוי,בהיר,יבש,חמישי,יום,יום רגיל,7,17,5000,5,,
2025098680,קשה,0,עירוני לא בצומת,1,לא ידוע,,לא ידוע,לא ידוע,לא ידוע,שלישי,יום,יום רגיל,4,10,510,2,,
2025098689,קלה,0,לא עירוני בצומת,0,עד 50,,אין ליקוי,בהיר,יבש,שני,יום,יום רגיל,3,15,0,4,,
2025098694,קלה,0,עירוני לא בצומת,1,עד 50,5 עד 7 מטר,אין ליקוי,בהיר,יבש,שלישי,יום,יום רגיל,9,7,8300,4,,
2025098733,קלה,0,עירוני בצומת,1,עד 50,10.5 עד 14 מטר,לא ידוע,בהיר,יבש,שבת,יום,יום רגיל,1,12,1200,4,,
2025098752,קטלנית,1,לא עירוני לא בצומת,0,70,10.5 עד 14 מטר,אין ליקוי,גשום,רטוב ממים,שלישי,לילה,יום רגיל,12,0,0,4,,
2025098763,קלה,0,עירוני בצומת,1,לא ידוע,7 עד 10.5 מטר,אין ליקוי,בהיר,יבש,רביעי,יום,יום רגיל,7,6,6600,5,,
2025098784,קשה,0,לא עירוני בצומת,0,70,7 עד 10.5 מטר,אין ליקוי,בהיר,יבש,שלישי,יום,יום רגיל,12,14,0,5,,
2025098786,קלה,0,לא עירוני בצומת,0,80,יותר מ-14 מטר,אין ליקוי,בהיר,יבש,רביעי,יום,יום רגיל,1,8,0,6,,
2025098800,קלה,0,עירוני בצומת,1,עד 50,5 עד 7 מטר,אין ליקוי,בהיר,יבש,חמישי,יום,יום רגיל,10,8,6800,3,,
2025098835,קשה,0,עירוני בצומת,1,עד 50,7 עד 10.5 מטר,אין ליקוי,בהיר,יבש,שלישי,יום,יום רגיל,4,14,6200,5,,
2025098884,קשה,0,עירוני לא בצומת,1,לא ידוע,,לא ידוע,לא ידוע,לא ידוע,ראשון,יום,יום רגיל,9,15,8600,5,,
2025098896,קלה,0,עירוני בצומת,1,עד 50,7 עד 10.5 מטר,אין ליקוי,בהיר,יבש,שבת,יום,יום רגיל,8,8,6900,4,,
2025098910,קלה,0,עירוני לא בצומת,1,עד 50,7 עד 10.5 מטר,לא ידוע,בהיר,לא ידוע,שלישי,יום,יום רגיל,2,12,9300,3,,
2025098914,קשה,0,עירוני בצומת,1,לא ידוע,,לא ידוע,לא ידוע,לא ידוע,שלישי,לילה,יום רגיל,4,19,5000,5,,
2025098922,קלה,0,עירוני לא בצומת,1,לא ידוע,,אין ליקוי,בהיר,יבש,שישי,יום,יום רגיל,6,17,8300,4,,
2025098926,קלה,0,לא עירוני לא בצומת,0,80,7 עד 10.5 מטר,אין ליקוי,בהיר,יבש,חמישי,יום,ערב חג,3,12,0,3,,
2025098944,קלה,0,עירוני בצומת,1,60,יותר מ-14 מטר,אין ליקוי,בהיר,יבש,חמישי,לילה,יום רגיל,7,19,8300,4,,
2025098947,קשה,0,עירוני לא בצומת,1,לא ידוע,,לא ידוע,לא ידוע,לא ידוע,רביעי,יום,יום רגיל,7,18,5000,5,,
2025098948,קלה,0,עירוני בצומת,1,לא ידוע,,לא ידוע,לא ידוע,לא ידוע,שישי,לילה,יום רגיל,11,17,2600,6,,
2025098950,קלה,0,עירוני לא בצומת,1,עד 50,5 עד 7 מטר,אין ליקוי,בהיר,יבש,שישי,יום,יום רגיל,11,13,6600,5,,
2025098955,קשה,0,עירוני לא בצומת,1,עד 50,5 עד 7 מטר,אין ליקוי,בהיר,יבש,חמישי,יום,יום רגיל,3,11,7400,4,,
2025098960,קשה,0,עירוני לא בצומת,1,60,10.5 עד 14 מטר,אין ליקוי,בהיר,יבש,חמישי,יום,יום רגיל,7,11,9000,6,,
2025098964,קלה,0,עירוני בצומת,1,עד 50,5 עד 7 מטר,אין ליקוי,בהיר,יבש,שבת,לילה,יום רגיל,11,20,6600,5,,
2025098967,קשה,0,עירוני לא בצומת,1,לא ידוע,,לא ידוע,לא ידוע,לא ידוע,שישי,יום,יום רגיל,6,9,6400,5,,
2025098977,קלה,0,עירוני בצומת,1,עד 50,10.5 עד 14 מטר,אין ליקוי,בהיר,יבש,שלישי,יום,יום רגיל,7,11,6900,4,,
2025098982,קלה,0,עירוני בצומת,1,עד 50,5 עד 7 מטר,אין ליקוי,בהיר,יבש,שבת,לילה,יום רגיל,3,3,4000,3,,
2025098983,קשה,0,לא עירוני לא בצומת,0,80,10.5 עד 14 מטר,אין ליקוי,בהיר,יבש,שישי,יום,יום רגיל,10,10,0,2,,
2025098987,קשה,0,לא עירוני בצומת,0,עד 50,10.5 עד 14 מטר,אין ליקוי,בהיר,יבש,שלישי,לילה,יום רגיל,10,17,0,7,,
2025099000,קלה,0,עירוני בצומת,1,עד 50,יותר מ-14 מטר,לא ידוע,בהיר,יבש,שלישי,יום,יום רגיל,6,7,3000,1,,
2025099023,קלה,0,לא עירוני לא בצומת,0,90,יותר מ-14 מטר,אין ליקוי,בהיר,יבש,ראשון,לילה,חג,4,3,0,5,,
2025099074,קשה,0,עירוני לא בצומת,1,עד 50,7 עד 10.5 מטר,אין ליקוי,בהיר,יבש,שלישי,יום,יום רגיל,4,11,7700,2,,
2025099107,קלה,0,עירוני בצומת,1,עד 50,,אין ליקוי,בהיר,יבש,שלישי,לילה,יום רגיל,8,20,8700,4,,
2025099111,קלה,0,לא עירוני בצומת,0,80,7 עד 10.5 מטר,אין ליקוי,בהיר,יבש,שישי,יום,יום רגיל,8,16,0,4,,
2025099119,קשה,0,עירוני לא בצומת,1,עד 50,7 עד 10.5 מטר,אין ליקוי,בהיר,יבש,ראשון,לילה,יום רגיל,1,16,154,4,,
2025099120,קשה,0,עירוני לא בצומת,1,לא ידוע,,לא ידוע,לא ידוע,לא ידוע,שני,יום,יום רגיל,1,13,1031,6,,
2025099127,קלה,0,עירוני לא בצומת,1,עד 50,5 עד 7 מטר,אין ליקוי,בהיר,יבש,ראשון,יום,יום רגיל,9,15,2600,6,,
2025099141,קלה,0,לא עירוני בצומת,0,60,7 עד 10.5 מטר,אין ליקוי,בהיר,יבש,שלישי,יום,חג,9,14,0,3,,
2025099181,קשה,0,לא עירוני לא בצומת,0,עד 50,יותר מ-14 מטר,כביש משובש,בהיר,חול או חצץ על הכביש,שלישי,יום,יום רגיל,11,12,0,7,,
2025099185,קלה,0,עירוני בצומת,1,עד 50,,אין ליקוי,בהיר,יבש,שישי,יום,יום רגיל,9,9,6400,5,,
2025099196,קשה,0,לא עירוני לא בצומת,0,לא ידוע,,לא ידוע,לא ידוע,לא ידוע,שישי,לילה,יום רגיל,5,5,0,6,,
2025099197,קלה,0,לא עירוני לא בצומת,0,90,10.5 עד 14 מטר,אין ליקוי,בהיר,יבש,ראשון,יום,יום רגיל,3,10,0,3,,
2025099208,קלה,0,לא עירוני בצומת,0,70,יותר מ-14 מטר,אין ליקוי,בהיר,יבש,שישי,לילה,יום רגיל,2,17,0,4,,
2025099214,קשה,0,עירוני בצומת,1,70,10.5 עד 14 מטר,אין ליקוי,בהיר,יבש,רביעי,יום,יום רגיל,6,15,4000,3,,
2025099219,קלה,0,עירוני בצומת,1,עד 50,10.5 עד 14 מטר,אין ליקוי,בהיר,יבש,רביעי,יום,יום רגיל,4,7,6400,5,,
2025099235,קשה,0,עירוני לא בצומת,1,לא ידוע,,לא ידוע,לא ידוע,לא ידוע,שלישי,יום,יום רגיל,10,11,8300,4,,
2025099321,קלה,0,עירוני בצומת,1,עד 50,7 עד 10.5 מטר,אין ליקוי,בהיר,יבש,חמישי,יום,יום רגיל,11,13,3000,1,,
2025099338,קלה,0,עירוני בצומת,1,עד 50,5 עד 7 מטר,אין ליקוי,בהיר,יבש,ראשון,יום,יום רגיל,12,14,5000,5,,
2025099340,קשה,0,לא עירוני לא בצומת,0,לא ידוע,,לא ידוע,לא ידוע,לא ידוע,שני,יום,יום רגיל,3,15,0,2,,
2025099361,קלה,0,עירוני לא בצומת,1,עד 50,,לא ידוע,בהיר,יבש,חמישי,יום,יום רגיל,1,16,3000,1,,
2025099373,קלה,0,עירוני בצומת,1,עד 50,,אין ליקוי,בהיר,יבש,חמישי,לילה,יום רגיל,4,5,7900,4,,
2025099376,קטלנית,1,לא עירוני לא בצומת,0,90,7 עד 10.5 מטר,אין ליקוי,בהיר,יבש,שבת,יום,יום רגיל,5,9,0,4,,
2025099381,קשה,0,עירוני לא בצומת,1,לא ידוע,,לא ידוע,לא ידוע,לא ידוע,חמישי,לילה,יום רגיל,1,6,5000,5,,
2025099388,קלה,0,עירוני לא בצומת,1,עד 50,7 עד 10.5 מטר,אין ליקוי,בהיר,יבש,שני,יום,יום רגיל,5,12,4000,3,,
2025099408,קלה,0,עירוני לא בצומת,1,60,5 עד 7 מטר,אין ליקוי,בהיר,יבש,ראשון,לילה,יום רגיל,1,0,5000,5,,
2025099428,קשה,0,לא עירוני לא בצומת,0,לא ידוע,,לא ידוע,לא ידוע,לא ידוע,שלישי,יום,יום רגיל,6,19,0,1,,
2025099437,קלה,0,עירוני בצומת,1,עד 50,10.5 עד 14 מטר,אין ליקוי,בהיר,יבש,חמישי,לילה,יום רגיל,9,19,7400,4,,
2025099442,קשה,0,לא עירוני בצומת,0,לא ידוע,,לא ידוע,לא ידוע,לא ידוע,חמישי,יום,יום רגיל,12,15,0,7,,
2025099450,קלה,0,עירוני בצומת,1,עד 50,עד 5 מטר,אין ליקוי,בהיר,יבש,שני,לילה,יום רגיל,9,22,4000,3,,
2025099451,קטלנית,1,לא עירוני בצומת,0,90,10.5 עד 14 מטר,אין ליקוי,בהיר,יבש,ראשון,לילה,יום רגיל,6,0,0,2,,
2025099456,קלה,0,עירוני לא בצומת,1,עד 50,,אין ליקוי,בהיר,יבש,רביעי,יום,יום רגיל,12,15,3780,7,,
2025099471,קלה,0,לא עירוני לא בצומת,0,80,5 עד 7 מטר,אין ליקוי,בהיר,יבש,שישי,יום,יום רגיל,7,11,0,7,,
2025099475,קלה,0,עירוני בצומת,1,עד 50,,אין ליקוי,בהיר,יבש,רביעי,יום,יום רגיל,4,11,7900,4,,
2025099476,קלה,0,לא עירוני לא בצומת,0,עד 50,7 עד 10.5 מטר,אין ליקוי,בהיר,יבש,שלישי,לילה,יום רגיל,6,3,0,3,,
2025099480,קלה,0,עירוני בצומת,1,עד 50,עד 5 מטר,אין ליקוי,בהיר,יבש,שבת,לילה,יום רגיל,10,19,6200,5,,
2025099488,קשה,0,עירוני לא בצומת,1,לא ידוע,,לא ידוע,לא ידוע,לא ידוע,ראשון,יום,יום רגיל,1,13,7900,4,,
2025099490,קלה,0,עירוני בצומת,1,עד 50,עד 5 מטר,אין ליקוי,בהיר,יבש,שני,יום,יום רגיל,5,12,4000,3,,
2025099522,קלה,0,לא עירוני בצומת,0,80,7 עד 10.5 מטר,אין ליקוי,בהיר,יבש,רביעי,יום,יום רגיל,5,14,0,2,,
2025099527,קלה,0,עירוני בצומת,1,עד 50,10.5 עד 14 מטר,אין ליקוי,בהיר,יבש,חמישי,יום,יום רגיל,10,11,7400,4,,
2025099556,קלה,0,עירוני בצומת,1,עד 50,7 עד 10.5 מטר,אין ליקוי,בהיר,יבש,שני,יום,יום רגיל,10,11,7100,6,,
2025099561,קלה,0,לא עירוני לא בצומת,0,80,7 עד 10.5 מטר,אין ליקוי,בהיר,יבש,ראשון,יום,יום רגיל,5,14,0,2,,
2025099569,קלה,0,עירוני בצומת,1,70,5 עד 7 מטר,אין ליקוי,בהיר,יבש,שני,לילה,יום רגיל,1,23,3000,1,,
2025099571,קטלנית,1,עירוני בצומת,1,עד 50,7 עד 10.5 מטר,לא ידוע,בהיר,יבש,שלישי,יום,יום רגיל,7,17,3000,1,,
2025099579,קלה,0,עירוני בצומת,1,עד 50,5 עד 7 מטר,אין ליקוי,בהיר,יבש,שישי,יום,ערב חג,4,15,4000,3,,
2025099612,קלה,0,עירוני לא בצומת,1,עד 50,7 עד 10.5 מטר,אין ליקוי,בהיר,רטוב ממים,שבת,לילה,יום רגיל,1,4,5000,5,,
2025099625,קשה,0,עירוני בצומת,1,לא ידוע,,לא ידוע,לא ידוע,לא ידוע,רביעי,יום,יום רגיל,3,13,6200,5,,
2025099630,קלה,0,עירוני בצומת,1,עד 50,7 עד 10.5 מטר,אין ליקוי,בהיר,יבש,חמישי,יום,יום רגיל,6,12,6600,5,,
2025099647,קלה,0,עירוני בצומת,1,עד 50,10.5 עד 14 מטר,אין ליקוי,לא ידוע,יבש,שני,לילה,יום רגיל,6,20,7100,6,,
2025099657,קלה,0,לא עירוני בצומת,0,80,10.5 עד 14 מטר,אין ליקוי,בהיר,יבש,שני,יום,יום רגיל,4,8,0,2,,
2025099666,קשה,0,לא עירוני לא בצומת,0,70,7 עד 10.5 מטר,אין ליקוי,בהיר,יבש,ראשון,יום,יום רגיל,3,14,0,4,,
2025099668,קלה,0,עירוני לא בצומת,1,עד 50,,אין ליקוי,בהיר,יבש,שבת,לילה,יום רגיל,2,23,5000,5,,
2025099673,קלה,0,לא עירוני לא בצומת,0,70,10.5 עד 14 מטר,אין ליקוי,בהיר,יבש,שלישי,יום,יום רגיל,2,7,0,1,,
2025099686,קשה,0,עירוני לא בצומת,1,לא ידוע,,לא ידוע,לא ידוע,לא ידוע,ראשון,יום,יום רגיל,2,13,2550,4,,
2025099710,קשה,0,עירוני בצומת,1,לא ידוע,,לא ידוע,לא ידוע,לא ידוע,שלישי,יום,יום רגיל,6,17,2650,5,,
2025099712,קלה,0,עירוני לא בצומת,1,לא ידוע,,לא ידוע,לא ידוע,לא ידוע,שני,לילה,יום רגיל,1,18,1161,6,,
2025099715,קלה,0,לא עירוני בצומת,0,90,10.5 עד 14 מטר,אין ליקוי,בהיר,יבש,ראשון,לילה,יום רגיל,12,17,0,2,,
2025099737,קשה,0,עירוני לא בצומת,1,לא ידוע,,לא ידוע,לא ידוע,לא ידוע,חמישי,לילה,יום רגיל,9,6,2650,5,,
2025099738,קלה,0,לא עירוני לא בצומת,0,עד 50,עד 5 מטר,אין ליקוי,בהיר,יבש,ראשון,לילה,יום רגיל,3,4,0,7,,
2025099758,קלה,0,עירוני לא בצומת,1,עד 50,10.5 עד 14 מטר,אין ליקוי,בהיר,יבש,שבת,יום,יום רגיל,3,14,8300,4,,
2025099759,קלה,0,עירוני בצומת,1,עד 50,10.5 עד 14 מטר,אין ליקוי,בהיר,יבש,ראשון,יום,יום רגיל,12,11,7400,4,,
2025099768,קלה,0,עירוני בצומת,1,60,יותר מ-14 מטר,אין ליקוי,בהיר,יבש,שישי,לילה,יום רגיל,10,4,7900,4,,
2025099781,קלה,0,לא עירוני לא בצומת,0,80,7 עד 10.5 מטר,אין ליקוי,גשום,רטוב ממים,חמישי,יום,יום רגיל,3,7,0,3,,
2025099782,קלה,0,עירוני לא בצומת,1,לא ידוע,עד 5 מטר,אין ליקוי,בהיר,יבש,רביעי,יום,יום רגיל,5,9,7000,4,,
2025099784,קלה,0,עירוני לא בצומת,1,עד 50,7 עד 10.5 מטר,אין ליקוי,בהיר,יבש,רביעי,יום,יום רגיל,12,8,7900,4,,
2025099785,קשה,0,לא עירוני לא בצומת,0,לא ידוע,,לא ידוע,לא ידוע,לא ידוע,שישי,יום,יום רגיל,7,13,0,4,,
2025099812,קלה,0,עירוני בצומת,1,עד 50,5 עד 7 מטר,אין ליקוי,בהיר,יבש,שלישי,יום,יום רגיל,8,10,1309,4,,
2025099814,קשה,0,לא עירוני לא בצומת,0,80,7 עד 10.5 מטר,אין ליקוי,בהיר,יבש,שישי,לילה,חג,3,3,0,1,,
2025099847,קלה,0,עירוני בצומת,1,עד 50,7 עד 10.5 מטר,אין ליקוי,גשום,יבש,שישי,יום,יום רגיל,3,9,7400,4,,
2025099867,קלה,0,לא עירוני בצומת,0,90,יותר מ-14 מטר,אין ליקוי,בהיר,יבש,שני,יום,יום רגיל,9,14,0,2,,
2025099869,קלה,0,עירוני לא בצומת,1,עד 50,יותר מ-14 מטר,אין ליקוי,בהיר,יבש,חמישי,לילה,יום רגיל,3,0,739,6,,
2025099870,קטלנית,1,עירוני בצומת,1,עד 50,7 עד 10.5 מטר,אין ליקוי,בהיר,יבש,רביעי,לילה,יום רגיל,5,20,170,4,,
2025099871,קשה,0,לא עירוני בצומת,0,לא ידוע,,לא ידוע,לא ידוע,לא ידוע,חמישי,לילה,יום רגיל,12,1,0,3,,
2025099932,קלה,0,לא עירוני בצומת,0,90,עד 5 מטר,אין ליקוי,בהיר,יבש,שני,יום,יום רגיל,5,16,0,5,,
2025099947,קלה,0,לא עירוני בצומת,0,90,,אין ליקוי,לא ידוע,יבש,ראשון,לילה,יום רגיל,2,17,0,4,,
2025099997,קלה,0,עירוני בצומת,1,עד 50,7 עד 10.5 מטר,אין ליקוי,בהיר,יבש,שלישי,לילה,יום רגיל,7,20,3616,7,,
