שם ישוב,סמל ישוב,קלפי,בזב,מצביעים,כשרים,פסולים,אחוז הצבעה,מעטפות חיצוניות
אבו גווייעד שבט,967,3.1,570,173,169,4,30.35,0
אבו גווייעד שבט,967,3.2,570,96,95,1,16.84,0
אבו גווייעד שבט,967,3.3,570,169,168,1,29.65,0
אבו גווייעד שבט,967,3.4,569,111,108,3,19.51,0
אבו גוש,472,1.1,598,360,353,7,60.2,0
אבו גוש,472,1.2,598,333,329,4,55.69,0
אבו גוש,472,1.3,598,324,321,3,54.18,0
אבו גוש,472,3,626,350,348,2,55.91,0
אבו גוש,472,5,555,260,254,6,46.85,0
אבו גוש,472,6.1,542,284,280,4,52.4,0
אבו גוש,472,6.2,542,306,298,8,56.46,0
אבו גוש,472,6.3,540,317,314,3,58.7,0
אבו גוש,472,8,495,275,272,3,55.56,0
אבו סנאן,473,1.1,397,263,260,3,66.25,0
אבו סנאן,473,1.2,396,203,197,6,51.26,0
אבו סנאן,473,5.1,511,285,284,1,55.77,0
אבו סנאן,473,5.2,511,265,259,6,51.86,0
אבו סנאן,473,5.3,510,280,274,6,54.9,0
אבו סנאן,473,8.1,524,327,322,5,62.4,0
אבו סנאן,473,8.2,524,283,281,2,54.01,0
אבו סנאן,473,8.3,524,310,306,4,59.16,0
אבו סנאן,473,9.1,511,275,271,4,53.82,0
אבו סנאן,473,9.2,511,277,271,6,54.21,0
אבו סנאן,473,9.3,510,261,258,3,51.18,0
אבו סנאן,473,11.1,505,276,274,2,54.65,0
אבו סנאן,473,11.2,505,271,263,8,53.66,0
אבו סנאן,473,11.3,505,228,224,4,45.15,0
אבו סנאן,473,13.1,614,359,356,3,58.47,0
אבו סנאן,473,13.2,614,318,313,5,51.79,0
אבו סנאן,473,13.3,614,311,310,1,50.65,0
אבו סנאן,473,13.4,614,344,340,4,56.03,0
אבו סנאן,473,13.5,613,322,319,3,52.53,0
אבו עבדון שבט,958,1,154,41,41,0,26.62,0
אבו קורינאת שבט,968,5.1,678,204,201,3,30.09,0
אבו קורינאת שבט,968,5.2,678,203,202,1,29.94,0
אבו קורינאת שבט,968,5.3,678,275,274,1,40.56,0
אבו קורינאת שבט,968,5.4,678,320,319,1,47.2,0
אבו קורינאת שבט,968,5.5,674,213,213,0,31.6,0
אבו קרינאת יישוב,1342,1.1,352,187,183,4,53.12,0
אבו קרינאת יישוב,1342,1.2,351,164,163,1,46.72,0
אבו רובייעה שבט,966,5.1,603,205,196,9,34.0,0
אבו רובייעה שבט,966,5.2,603,207,207,0,34.33,0
אבו רובייעה שבט,966,5.3,603,204,203,1,33.83,0
אבו רובייעה שבט,966,5.4,603,186,185,1,30.85,0
אבו רובייעה שבט,966,5.5,600,183,180,3,30.5,0
אבו רובייעה שבט,966,6.1,491,187,182,5,38.09,0
אבו רובייעה שבט,966,6.2,491,173,172,1,35.23,0
אבו רובייעה שבט,966,6.3,490,151,148,3,30.82,0
אבו רוקייק שבט,961,1.1,667,222,222,0,33.28,0
אבו רוקייק שבט,961,1.2,667,199,199,0,29.84,0
אבו רוקייק שבט,961,1.3,667,273,270,3,40.93,0
אבו רוקייק שבט,961,1.4,667,403,400,3,60.42,0
אבו רוקייק שבט,961,1.5,667,302,302,0,45.28,0
אבו רוקייק שבט,961,1.6,667,237,236,1,35.53,0
אבו רוקייק שבט,961,1.7,667,239,236,3,35.83,0
אבו רוקייק שבט,961,1.8,667,230,228,2,34.48,0
אבו תלול,1375,1,568,319,315,4,56.16,0
אבו תלול,1375,2,573,334,332,2,58.29,0
אבטין,652,1,602,255,250,5,42.36,0
אבטין,652,2,629,237,234,3,37.68,0
אבטין,652,3.1,352,190,190,0,53.98,0
אבטין,652,3.2,352,193,193,0,54.83,0
אבטליון,1275,1,323,244,244,0,75.54,0
אביאל,679,1,547,405,402,3,74.04,0
אביבים,1115,1,347,271,270,1,78.1,0
אביגדור,819,1,607,486,483,3,80.07,0
אביחיל,175,1,403,276,275,1,68.49,0
אביחיל,175,2,584,422,419,3,72.26,0
אביטל,2052,1,414,328,327,1,79.23,0
אביעזר,1070,1,618,497,496,1,80.42,0
אבירים,1220,1,235,152,150,2,64.68,0
אבן יהודה,182,1.1,577,422,422,0,73.14,0
אבן יהודה,182,1.2,577,438,438,0,75.91,0
אבן יהודה,182,1.3,575,423,422,1,73.57,0
אבן יהודה,182,2,564,416,416,0,73.76,0
אבן יהודה,182,3,714,553,553,0,77.45,0
אבן יהודה,182,5,674,440,440,0,65.28,0
אבן יהודה,182,6,702,531,531,0,75.64,0
אבן יהודה,182,9.1,623,468,464,4,75.12,0
אבן יהודה,182,9.2,623,450,449,1,72.23,0
אבן יהודה,182,9.3,623,449,449,0,72.07,0
אבן יהודה,182,9.4,623,449,449,0,72.07,0
אבן יהודה,182,9.5,623,463,457,6,74.32,0
אבן יהודה,182,9.6,621,466,465,1,75.04,0
אבן יהודה,182,10,652,462,458,4,70.86,0
אבן יהודה,182,11,495,379,377,2,76.57,0
אבן יהודה,182,12,671,503,503,0,74.96,0
אבן יהודה,182,17,515,400,400,0,77.67,0
אבן מנחם,1081,1,278,194,194,0,69.78,0
אבן ספיר,783,1,506,369,368,1,72.92,0
אבן שמואל,400,1,519,428,428,0,82.47,0
אבן שמואל,400,2,550,477,476,1,86.73,0
אבני איתן,4011,1,455,325,324,1,71.43,0
אבני חפץ,3793,4.1,679,528,525,3,77.76,0
אבני חפץ,3793,4.2,679,521,519,2,76.73,0
אבשלום,1311,1,308,199,196,3,64.61,0
אדורה,3759,1,264,208,207,1,78.79,0
אדירים,113,1,235,177,176,1,75.32,0
אדמית,1068,1,369,205,205,0,55.56,0
אדרת,1123,1,609,443,443,0,72.74,0
אודים,446,1,407,294,292,2,72.24,0
אודים,446,2,426,323,322,1,75.82,0
אודם,4010,1,133,99,98,1,74.44,0
אוהד,1046,1,280,200,200,0,71.43,0
אום אלפחם,2710,7.1,376,134,132,2,35.64,0
אום אלפחם,2710,7.2,376,119,119,0,31.65,0
אום אלפחם,2710,10,625,397,394,3,63.52,0
אום אלפחם,2710,11,687,274,272,2,39.88,0
אום אלפחם,2710,12,556,176,174,2,31.65,0
אום אלפחם,2710,14,598,222,219,3,37.12,0
אום אלפחם,2710,16.1,692,261,261,0,37.72,0
אום אלפחם,2710,16.2,692,274,272,2,39.6,0
אום אלפחם,2710,16.3,692,253,245,8,36.56,0
אום אלפחם,2710,16.4,692,268,261,7,38.73,0
אום אלפחם,2710,16.5,691,232,232,0,33.57,0
אום אלפחם,2710,18.1,523,184,183,1,35.18,0
אום אלפחם,2710,18.2,523,150,147,3,28.68,0
אום אלפחם,2710,18.3,522,173,171,2,33.14,0
אום אלפחם,2710,20,664,249,243,6,37.5,0
אום אלפחם,2710,22.1,679,272,266,6,40.06,0
אום אלפחם,2710,22.2,678,281,275,6,41.45,0
אום אלפחם,2710,23.1,700,282,275,7,40.29,0
אום אלפחם,2710,23.2,700,285,283,2,40.71,0
אום אלפחם,2710,23.3,700,258,255,3,36.86,0
אום אלפחם,2710,26.1,513,186,183,3,36.26,0
אום אלפחם,2710,26.2,513,191,185,6,37.23,0
אום אלפחם,2710,26.3,511,160,160,0,31.31,0
אום אלפחם,2710,27,495,186,185,1,37.58,0
אום אלפחם,2710,31,632,276,274,2,43.67,0
אום אלפחם,2710,32.1,638,237,235,2,37.15,0
אום אלפחם,2710,32.2,638,231,229,2,36.21,0
אום אלפחם,2710,32.3,637,286,283,3,44.9,0
אום אלפחם,2710,33,628,295,295,0,46.97,0
אום אלפחם,2710,34.1,625,227,222,5,36.32,0
אום אלפחם,2710,34.2,624,267,256,11,42.79,0
אום אלפחם,2710,37,618,188,186,2,30.42,0
אום אלפחם,2710,39,563,200,196,4,35.52,0
אום אלפחם,2710,42,646,279,272,7,43.19,0
אום אלפחם,2710,43.1,559,203,198,5,36.31,0
אום אלפחם,2710,43.2,559,213,208,5,38.1,0
אום אלפחם,2710,43.3,559,207,202,5,37.03,0
אום אלפחם,2710,43.4,558,261,257,4,46.77,0
אום אלפחם,2710,44.1,686,272,266,6,39.65,0
אום אלפחם,2710,44.2,686,295,293,2,43.0,0
אום אלפחם,2710,44.3,686,317,313,4,46.21,0
אום אלפחם,2710,44.4,685,294,293,1,42.92,0
אום אלפחם,2710,45.1,559,221,217,4,39.53,0
אום אלפחם,2710,45.2,559,201,198,3,35.96,0
אום אלפחם,2710,45.3,559,246,246,0,44.01,0
אום אלפחם,2710,45.4,556,216,216,0,38.85,0
אום אלפחם,2710,47,672,191,189,2,28.42,0
אום אלפחם,2710,49,644,268,261,7,41.61,0
אום אלפחם,2710,50,575,228,221,7,39.65,0
אום אלפחם,2710,51.1,597,222,221,1,37.19,0
אום אלפחם,2710,51.2,597,244,243,1,40.87,0
אום אלפחם,2710,51.3,597,212,209,3,35.51,0
אום אלפחם,2710,51.4,597,226,226,0,37.86,0
אום אלפחם,2710,51.5,597,229,225,4,38.36,0
אום אלפחם,2710,51.6,595,201,200,1,33.78,0
אום אלפחם,2710,52,621,220,218,2,35.43,0
אום אלפחם,2710,55,634,243,240,3,38.33,0
אום אלפחם,2710,56.1,632,208,203,5,32.91,0
אום אלפחם,2710,56.2,632,198,195,3,31.33,0
אום אלפחם,2710,56.3,632,221,218,3,34.97,0
אום אלפחם,2710,56.4,632,257,251,6,40.66,0
אום אלפחם,2710,57,609,190,187,3,31.2,0
אום אלפחם,2710,59,565,201,197,4,35.58,0
אום אלקוטוף,2024,1.1,392,235,230,5,59.95,0
אום אלקוטוף,2024,1.2,392,219,216,3,55.87,0
אום בטין,1358,1.1,600,333,331,2,55.5,0
אום בטין,1358,1.2,600,338,335,3,56.33,0
אום בטין,1358,1.3,600,330,327,3,55.0,0
אום בטין,1358,1.4,599,299,296,3,49.92,0
אומן,1108,1,499,339,339,0,67.94,0
אומץ,680,1,537,398,397,1,74.12,0
אופקים,31,1.1,374,231,230,1,61.76,0
אופקים,31,2,598,351,349,2,58.7,0
אופקים,31,3,451,285,283,2,63.19,0
אופקים,31,4,510,330,328,2,64.71,0
אופקים,31,5,454,229,226,3,50.44,0
אופקים,31,6.1,543,323,320,3,59.48,0
אופקים,31,6.2,543,299,298,1,55.06,0
אופקים,31,6.3,543,302,302,0,55.62,0
אופקים,31,7,562,291,288,3,51.78,0
אופקים,31,8,433,338,335,3,78.06,0
אופקים,31,9,599,325,319,6,54.26,0
אופקים,31,10.1,570,418,415,3,73.33,0
אופקים,31,10.2,570,446,442,4,78.25,0
אופקים,31,10.3,568,419,412,7,73.77,0
אופקים,31,11,657,533,530,3,81.13,0
אופקים,31,12,698,559,554,5,80.09,0
אופקים,31,13,469,352,349,3,75.05,0
אופקים,31,15.1,641,505,500,5,78.78,0
אופקים,31,15.2,641,500,496,4,78.0,0
אופקים,31,17.1,682,516,513,3,75.66,0
אופקים,31,17.2,682,486,483,3,71.26,0
אופקים,31,17.3,682,515,507,8,75.51,0
אופקים,31,17.4,682,507,504,3,74.34,0
אופקים,31,17.5,679,518,516,2,76.29,0
אופקים,31,19,629,336,335,1,53.42,0
אופקים,31,20,663,577,573,4,87.03,0
אופקים,31,22.1,666,485,485,0,72.82,0
אופקים,31,22.2,666,474,470,4,71.17,0
אופקים,31,22.3,666,477,476,1,71.62,0
אופקים,31,22.4,666,477,475,2,71.62,0
אופקים,31,22.5,662,457,457,0,69.03,0
אופקים,31,23.1,620,438,435,3,70.65,0
אופקים,31,23.2,620,414,413,1,66.77,0
אופקים,31,25,438,231,228,3,52.74,0
אופקים,31,26,550,316,310,6,57.45,0
אופקים,31,30,581,464,463,1,79.86,0
אופקים,31,33,515,422,415,7,81.94,0
אופקים,31,34.1,687,387,384,3,56.33,0
אופקים,31,34.2,687,374,372,2,54.44,0
אופקים,31,35.1,385,259,256,3,67.27,0
אופקים,31,35.2,384,240,238,2,62.5,0
אור הגנוז,1294,1,323,215,214,1,66.56,0
אור הנר,67,1,630,481,481,0,76.35,0
אור יהודה,2400,1.1,558,374,370,4,67.03,0
אור יהודה,2400,1.2,558,375,371,4,67.2,0
אור יהודה,2400,1.3,556,406,403,3,73.02,0
אור יהודה,2400,3,553,361,358,3,65.28,0
אור יהודה,2400,6,424,280,280,0,66.04,0
אור יהודה,2400,12.1,461,317,315,2,68.76,0
אור יהודה,2400,12.2,461,306,304,2,66.38,0
אור יהודה,2400,13,466,322,318,4,69.1,0
אור יהודה,2400,16,511,349,344,5,68.3,0
אור יהודה,2400,17,611,380,376,4,62.19,0
אור יהודה,2400,22,527,259,258,1,49.15,0
אור יהודה,2400,24.1,568,405,403,2,71.3,0
אור יהודה,2400,24.2,568,387,383,4,68.13,0
אור יהודה,2400,24.3,568,412,409,3,72.54,0
אור יהודה,2400,37,579,463,461,2,79.97,0
אור יהודה,2400,40,691,498,498,0,72.07,0
אור יהודה,2400,42.1,654,430,426,4,65.75,0
אור יהודה,2400,42.2,654,451,447,4,68.96,0
אור יהודה,2400,42.3,653,458,452,6,70.14,0
אור יהודה,2400,44,606,471,469,2,77.72,0
אור יהודה,2400,46,666,503,499,4,75.53,0
אור יהודה,2400,47,658,517,517,0,78.57,0
אור יהודה,2400,5.1,693,486,485,1,70.13,0
אור יהודה,2400,5.2,693,543,540,3,78.35,0
אור יהודה,2400,5.3,693,539,536,3,77.78,0
אור יהודה,2400,5.4,693,518,515,3,74.75,0
אור יהודה,2400,5.5,693,498,493,5,71.86,0
אור יהודה,2400,7,541,395,392,3,73.01,0
אור יהודה,2400,9,585,423,416,7,72.31,0
אור יהודה,2400,15,498,315,310,5,63.25,0
אור יהודה,2400,21,594,432,425,7,72.73,0
אור יהודה,2400,27,586,449,448,1,76.62,0
אור יהודה,2400,29,664,500,496,4,75.3,0
אור יהודה,2400,30,520,363,359,4,69.81,0
אור יהודה,2400,32,521,390,389,1,74.86,0
אור יהודה,2400,33,513,388,388,0,75.63,0
אור יהודה,2400,38.1,621,464,463,1,74.72,0
אור יהודה,2400,38.2,621,447,444,3,71.98,0
אור יהודה,2400,38.3,621,469,466,3,75.52,0
אור יהודה,2400,41,512,397,396,1,77.54,0
אור יהודה,2400,43.1,668,504,503,1,75.45,0
אור יהודה,2400,43.2,668,501,497,4,75.0,0
אור יהודה,2400,45,543,391,390,1,72.01,0
אור יהודה,2400,48,557,431,431,0,77.38,0
אור יהודה,2400,49.1,696,570,568,2,81.9,0
אור יהודה,2400,49.2,695,570,569,1,82.01,0
אור יהודה,2400,101,400,315,312,3,78.75,0
אור עקיבא,1020,1,649,431,430,1,66.41,0
אור עקיבא,1020,3.1,486,319,316,3,65.64,0
אור עקיבא,1020,3.2,486,277,277,0,57.0,0
אור עקיבא,1020,3.3,484,292,292,0,60.33,0
אור עקיבא,1020,4.1,381,270,269,1,70.87,0
אור עקיבא,1020,4.2,380,264,261,3,69.47,0
אור עקיבא,1020,5,555,303,296,7,54.59,0
אור עקיבא,1020,6,547,378,377,1,69.1,0
אור עקיבא,1020,7,460,235,235,0,51.09,0
אור עקיבא,1020,8,593,304,299,5,51.26,0
אור עקיבא,1020,9,539,346,344,2,64.19,0
אור עקיבא,1020,10,630,345,341,4,54.76,0
אור עקיבא,1020,11,522,304,300,4,58.24,0
אור עקיבא,1020,16,573,357,355,2,62.3,0
אור עקיבא,1020,17.1,620,403,400,3,65.0,0
אור עקיבא,1020,17.2,620,421,417,4,67.9,0
אור עקיבא,1020,17.3,620,387,385,2,62.42,0
אור עקיבא,1020,17.4,620,409,406,3,65.97,0
אור עקיבא,1020,17.5,620,392,390,2,63.23,0
אור עקיבא,1020,17.6,620,376,375,1,60.65,0
אור עקיבא,1020,17.7,620,414,411,3,66.77,0
אור עקיבא,1020,19,556,316,313,3,56.83,0
אור עקיבא,1020,20,671,379,377,2,56.48,0
אור עקיבא,1020,21,507,289,288,1,57.0,0
אור עקיבא,1020,23,621,402,396,6,64.73,0
אור עקיבא,1020,24.1,631,482,481,1,76.39,0
אור עקיבא,1020,24.2,631,434,432,2,68.78,0
אור עקיבא,1020,24.3,631,491,488,3,77.81,0
אור עקיבא,1020,24.4,631,474,471,3,75.12,0
אור עקיבא,1020,24.5,629,461,457,4,73.29,0
אורה,780,1.1,416,295,293,2,70.91,0
אורה,780,1.2,415,301,300,1,72.53,0
אורות,2012,1,443,326,324,2,73.59,0
אורטל,4013,1,269,176,175,1,65.43,0
אורים,403,1,463,249,247,2,53.78,0
אורנית,3760,8.1,655,483,483,0,73.74,0
אורנית,3760,8.2,655,490,486,4,74.81,0
אורנית,3760,8.3,655,467,466,1,71.3,0
אורנית,3760,8.4,655,499,498,1,76.18,0
אורנית,3760,8.5,655,505,501,4,77.1,0
אורנית,3760,8.6,655,467,467,0,71.3,0
אורנית,3760,8.7,651,510,509,1,78.34,0
אורנית,3760,9.1,541,403,402,1,74.49,0
אורנית,3760,9.2,541,409,407,2,75.6,0
אורנית,3760,9.3,541,423,422,1,78.19,0
אורנית,3760,9.4,540,424,423,1,78.52,0
אושה,278,1,403,289,287,2,71.71,0
אזור,565,1.1,628,405,403,2,64.49,0
אזור,565,1.2,628,431,430,1,68.63,0
אזור,565,1.3,627,415,413,2,66.19,0
אזור,565,2,559,381,381,0,68.16,0
אזור,565,3,518,320,315,5,61.78,0
אזור,565,4,680,443,440,3,65.15,0
אזור,565,5,689,499,498,1,72.42,0
אזור,565,10.1,668,440,434,6,65.87,0
אזור,565,10.2,667,407,402,5,61.02,0
אזור,565,11,661,458,458,0,69.29,0
אזור,565,12,613,393,391,2,64.11,0
אזור,565,13,603,469,466,3,77.78,0
אזור,565,14,608,470,467,3,77.3,0
אזור,565,15.1,469,362,362,0,77.19,0
אזור,565,15.2,469,350,345,5,74.63,0
אזור,565,15.3,469,324,323,1,69.08,0
אזור,565,16,498,297,295,2,59.64,0
אחווה,1157,1,181,137,137,0,75.69,0
אחוזם,821,1,404,291,290,1,72.03,0
אחוזת ברק,1330,1,491,341,340,1,69.45,0
אחוזת ברק,1330,4.1,681,513,510,3,75.33,0
אחוזת ברק,1330,4.2,680,499,499,0,73.38,0
אחיהוד,785,1.1,357,270,267,3,75.63,0
אחיהוד,785,1.2,357,274,273,1,76.75,0
אחיטוב,850,1,421,316,316,0,75.06,0
אחיטוב,850,2,322,236,235,1,73.29,0
אחיסמך,804,1,521,428,426,2,82.15,0
אחיסמך,804,2,369,312,312,0,84.55,0
אחיעזר,797,1,632,537,534,3,84.97,0
אחיעזר,797,2,592,513,511,2,86.66,0
אטרש שבט,965,1,549,184,183,1,33.52,0
אטרש שבט,965,2,628,210,209,1,33.44,0
אטרש שבט,965,3,626,210,206,4,33.55,0
איבים,338,1,188,65,65,0,34.57,0
אייל,716,1,410,333,333,0,81.22,0
איילת השחר,77,1,343,245,245,0,71.43,0
איילת השחר,77,2,483,345,343,2,71.43,0
אילון,294,1,392,287,287,0,73.21,0
אילון,294,2,486,351,351,0,72.22,0
אילות,1126,1,276,169,169,0,61.23,0
אילניה,49,1,459,296,292,4,64.49,0
אילת,2600,1,446,143,140,3,32.06,0
אילת,2600,2,627,209,208,1,33.33,0
אילת,2600,6.1,611,216,212,4,35.35,0
אילת,2600,6.2,611,214,212,2,35.02,0
אילת,2600,6.3,611,195,195,0,31.91,0
אילת,2600,6.4,610,170,167,3,27.87,0
אילת,2600,8.1,584,167,165,2,28.6,0
אילת,2600,8.2,584,151,148,3,25.86,0
אילת,2600,8.3,584,157,157,0,26.88,0
אילת,2600,8.4,582,126,125,1,21.65,0
אילת,2600,9.1,585,231,229,2,39.49,0
אילת,2600,9.2,585,211,211,0,36.07,0
אילת,2600,9.3,585,196,196,0,33.5,0
אילת,2600,9.4,585,192,189,3,32.82,0
אילת,2600,9.5,585,168,165,3,28.72,0
אילת,2600,9.6,585,162,162,0,27.69,0
אילת,2600,12,531,183,182,1,34.46,0
אילת,2600,13.1,698,237,236,1,33.95,0
אילת,2600,13.2,698,269,267,2,38.54,0
אילת,2600,13.3,696,207,202,5,29.74,0
אילת,2600,14,582,185,182,3,31.79,0
אילת,2600,23,624,223,222,1,35.74,0
אילת,2600,26.1,699,326,326,0,46.64,0
אילת,2600,26.2,699,267,267,0,38.2,0
אילת,2600,26.3,699,353,352,1,50.5,0
אילת,2600,26.4,699,288,288,0,41.2,0
אילת,2600,26.5,696,275,275,0,39.51,0
אילת,2600,27.1,642,341,340,1,53.12,0
אילת,2600,27.2,642,366,362,4,57.01,0
אילת,2600,27.3,642,339,338,1,52.8,0
אילת,2600,27.4,639,328,325,3,51.33,0
אילת,2600,28,515,245,245,0,47.57,0
אילת,2600,29,594,350,348,2,58.92,0
אילת,2600,30,646,205,200,5,31.73,0
אילת,2600,32,642,229,227,2,35.67,0
אילת,2600,34,649,302,298,4,46.53,0
אילת,2600,38,638,288,287,1,45.14,0
אילת,2600,40,552,306,302,4,55.43,0
אילת,2600,41,661,163,162,1,24.66,0
אילת,2600,48,675,362,359,3,53.63,0
אילת,2600,49.1,684,246,242,4,35.96,0
אילת,2600,49.2,684,227,225,2,33.19,0
אילת,2600,49.3,684,217,211,6,31.73,0
אילת,2600,49.4,684,189,185,4,27.63,0
אילת,2600,52.1,610,242,237,5,39.67,0
אילת,2600,52.2,610,208,206,2,34.1,0
אילת,2600,52.3,610,203,201,2,33.28,0
אילת,2600,52.4,609,172,171,1,28.24,0
אילת,2600,53,537,219,218,1,40.78,0
אילת,2600,54,529,228,226,2,43.1,0
אילת,2600,55,541,313,312,1,57.86,0
אילת,2600,59,573,367,364,3,64.05,0
אילת,2600,62,572,170,169,1,29.72,0
אילת,2600,63,434,125,125,0,28.8,0
אילת,2600,64,508,142,141,1,27.95,0
אילת,2600,71.1,589,301,298,3,51.1,0
אילת,2600,71.2,589,298,296,2,50.59,0
אילת,2600,71.3,589,300,300,0,50.93,0
אילת,2600,71.4,589,264,262,2,44.82,0
אילת,2600,71.5,589,254,253,1,43.12,0
אילת,2600,71.6,589,267,265,2,45.33,0
אילת,2600,73.1,591,318,317,1,53.81,0
אילת,2600,73.2,591,290,289,1,49.07,0
אילת,2600,73.3,591,323,322,1,54.65,0
אילת,2600,73.4,591,301,298,3,50.93,0
אילת,2600,73.5,591,283,280,3,47.88,0
אילת,2600,73.6,591,322,319,3,54.48,0
אילת,2600,74.1,668,394,392,2,58.98,0
אילת,2600,74.2,668,380,377,3,56.89,0
אילת,2600,74.3,668,403,401,2,60.33,0
אילת,2600,74.4,668,399,396,3,59.73,0
אילת,2600,74.5,668,371,366,5,55.54,0
אילת,2600,80.1,624,255,252,3,40.87,0
אילת,2600,80.2,624,258,256,2,41.35,0
אילת,2600,80.3,624,271,270,1,43.43,0
אילת,2600,80.4,622,247,246,1,39.71,0
אילת,2600,84.1,609,386,385,1,63.38,0
אילת,2600,84.2,609,354,352,2,58.13,0
אילת,2600,84.3,609,380,379,1,62.4,0
אילת,2600,84.4,609,368,366,2,60.43,0
אילת,2600,84.5,609,355,352,3,58.29,0
אילת,2600,84.6,609,375,370,5,61.58,0
אילת,2600,84.7,609,361,357,4,59.28,0
אילת,2600,86,597,162,160,2,27.14,0
אילת,2600,88,513,308,307,1,60.04,0
אירוס,1336,1,531,427,427,0,80.41,0
איתמר,3762,1,676,492,492,0,72.78,0
איתן,37,1,380,313,312,1,82.37,0
אכסאל,478,7.1,559,305,302,3,54.56,0
אכסאל,478,7.2,559,309,309,0,55.28,0
אכסאל,478,7.3,559,284,282,2,50.81,0
אכסאל,478,7.4,556,282,281,1,50.72,0
אכסאל,478,9.1,595,323,321,2,54.29,0
אכסאל,478,9.2,595,293,292,1,49.24,0
אכסאל,478,9.3,595,287,284,3,48.24,0
אכסאל,478,9.4,595,302,302,0,50.76,0
אכסאל,478,9.5,595,300,297,3,50.42,0
אכסאל,478,12.1,593,278,273,5,46.88,0
אכסאל,478,12.2,593,315,312,3,53.12,0
אכסאל,478,12.3,593,263,262,1,44.35,0
אכסאל,478,12.4,593,288,288,0,48.57,0
אכסאל,478,12.5,593,287,284,3,48.4,0
אכסאל,478,14.1,543,262,256,6,48.25,0
אכסאל,478,14.2,543,275,274,1,50.64,0
אכסאל,478,14.3,543,308,303,5,56.72,0
אכסאל,478,14.4,540,296,290,6,54.81,0
אל סייד,1359,1,689,358,356,2,51.96,0
אל סייד,1359,2,666,348,345,3,52.25,0
אל סייד,1359,3,673,389,387,2,57.8,0
אלעריאן,1316,1,131,100,100,0,76.34,0
אלרום,4003,1,387,275,274,1,71.06,0
אלומה,1145,1,612,531,531,0,86.76,0
אלומות,330,1,333,228,227,1,68.47,0
אלון הגליל,1182,1,460,324,324,0,70.43,0
אלון הגליל,1182,2,405,288,287,1,71.11,0
אלון מורה,3579,1,544,404,404,0,74.26,0
אלון מורה,3579,2,427,316,313,3,74.0,0
אלון שבות,3604,1.1,527,381,381,0,72.3,0
אלון שבות,3604,1.2,527,372,370,2,70.59,0
אלון שבות,3604,1.3,527,410,410,0,77.8,0
אלון שבות,3604,3.1,353,256,256,0,72.52,0
אלון שבות,3604,3.2,352,267,265,2,75.85,0
אלוני אבא,429,1.1,372,272,272,0,73.12,0
אלוני אבא,429,1.2,372,273,273,0,73.39,0
אלוני הבשן,4017,1,237,162,162,0,68.35,0
אלוני יצחק,868,1,125,24,24,0,19.2,0
אלונים,285,1,521,395,393,2,75.82,0
אליעד,4002,1,330,244,243,1,73.94,0
אליאב,1365,1,331,276,275,1,83.38,0
אליכין,41,1.1,666,516,514,2,77.48,0
אליכין,41,1.2,666,511,508,3,76.73,0
אליכין,41,1.3,666,512,504,8,76.88,0
אליכין,41,1.4,665,479,476,3,72.03,0
אליפז,1248,1,121,81,80,1,66.94,0
אליפלט,730,1,504,391,391,0,77.58,0
אליקים,682,1,623,456,454,2,73.19,0
אלישיב,204,1,488,377,377,0,77.25,0
אלישמע,841,1,391,302,300,2,77.24,0
אלישמע,841,2,421,343,340,3,81.47,0
אלמגור,1125,1,300,220,220,0,73.33,0
אלמוג,3556,1,195,111,110,1,56.92,0
אלעד,1309,1,570,460,457,3,80.7,0
אלעד,1309,3,593,502,500,2,84.65,0
אלעד,1309,5.1,422,370,369,1,87.68,0
אלעד,1309,5.2,422,350,350,0,82.94,0
אלעד,1309,6,578,502,501,1,86.85,0
אלעד,1309,8,569,458,454,4,80.49,0
אלעד,1309,9.1,625,535,534,1,85.6,0
אלעד,1309,9.2,625,549,547,2,87.84,0
אלעד,1309,9.3,625,520,519,1,83.2,0
אלעד,1309,9.4,625,504,501,3,80.64,0
אלעד,1309,9.5,625,541,536,5,86.56,0
אלעד,1309,9.6,624,519,513,6,83.17,0
אלעד,1309,11.1,589,495,492,3,84.04,0
אלעד,1309,11.2,589,462,462,0,78.44,0
אלעד,1309,11.3,589,477,476,1,80.98,0
אלעד,1309,11.4,588,486,483,3,82.65,0
אלעד,1309,15,699,615,608,7,87.98,0
אלעד,1309,16,653,550,547,3,84.23,0
אלעד,1309,19,666,564,563,1,84.68,0
אלעד,1309,21.1,513,449,448,1,87.52,0
אלעד,1309,21.2,513,436,435,1,84.99,0
אלעד,1309,21.3,513,455,452,3,88.69,0
אלעד,1309,24,583,488,485,3,83.7,0
אלעד,1309,25.1,668,569,567,2,85.18,0
אלעד,1309,25.2,668,557,552,5,83.38,0
אלעד,1309,25.3,667,561,548,13,84.11,0
אלעד,1309,27,691,603,601,2,87.26,0
אלעד,1309,30.1,529,435,433,2,82.23,0
אלעד,1309,30.2,529,430,426,4,81.29,0
אלעד,1309,30.3,529,438,437,1,82.8,0
אלעד,1309,30.4,529,450,447,3,85.07,0
אלעד,1309,31.1,674,576,573,3,85.46,0
אלעד,1309,31.2,674,577,576,1,85.61,0
אלעד,1309,31.3,674,588,587,1,87.24,0
אלעד,1309,31.4,674,578,575,3,85.76,0
אלעד,1309,31.5,674,576,572,4,85.46,0
אלעד,1309,32,681,579,579,0,85.02,0
אלעד,1309,33,579,459,458,1,79.27,0
אלעד,1309,34,557,474,474,0,85.1,0
אלעזר,3618,1,573,411,409,2,71.73,0
אלעזר,3618,2,487,349,349,0,71.66,0
אלעזר,3618,3,575,443,443,0,77.04,0
אלפי מנשה,3750,1,497,346,345,1,69.62,0
אלפי מנשה,3750,2,564,401,398,3,71.1,0
אלפי מנשה,3750,3,537,385,382,3,71.69,0
אלפי מנשה,3750,4,497,372,365,7,74.85,0
אלפי מנשה,3750,5,563,408,406,2,72.47,0
אלפי מנשה,3750,6,514,362,361,1,70.43,0
אלפי מנשה,3750,7,516,394,393,1,76.36,0
אלפי מנשה,3750,8,419,305,305,0,72.79,0
אלפי מנשה,3750,9,448,344,344,0,76.79,0
אלפי מנשה,3750,10,440,330,329,1,75.0,0
אלפי מנשה,3750,11,526,418,418,0,79.47,0
אלפי מנשה,3750,12,496,358,356,2,72.18,0
אלקוש,603,1,256,170,170,0,66.41,0
אלקנה,3560,5.1,560,455,454,1,81.25,0
אלקנה,3560,5.2,560,447,446,1,79.82,0
אלקנה,3560,5.3,560,461,461,0,82.32,0
אלקנה,3560,5.4,560,451,449,2,80.54,0
אלקנה,3560,5.5,557,441,441,0,79.17,0
אמונים,772,1.1,368,268,268,0,72.83,0
אמונים,772,1.2,367,260,258,2,70.84,0
אמירים,1064,1,628,381,380,1,60.67,0
אמנון,1253,1,353,246,246,0,69.69,0
אמציה,23,1,149,104,104,0,69.8,0
אניעם,4012,1,445,263,262,1,59.1,0
אסד שבט,960,1,539,133,128,5,24.68,0
אספר,3754,1,465,352,350,2,75.7,0
אעבלין,529,1.1,510,331,330,1,64.9,0
אעבלין,529,1.2,510,272,267,5,53.33,0
אעבלין,529,1.3,509,316,316,0,62.08,0
אעבלין,529,2.1,375,210,210,0,56.0,0
אעבלין,529,2.2,348,197,197,0,56.61,0
אעבלין,529,3,691,397,392,5,57.45,0
אעבלין,529,5.1,492,287,283,4,58.33,0
אעבלין,529,5.2,492,281,277,4,57.11,0
אעבלין,529,5.3,490,258,254,4,52.65,0
אעבלין,529,7.1,382,211,210,1,55.24,0
אעבלין,529,7.2,382,254,252,2,66.49,0
אעבלין,529,8.1,504,296,291,5,58.73,0
אעבלין,529,8.2,504,320,317,3,63.49,0
אעבלין,529,8.3,503,257,256,1,51.09,0
אעבלין,529,11.1,504,308,305,3,61.11,0
אעבלין,529,11.2,504,305,305,0,60.52,0
אעבלין,529,11.3,502,302,300,2,60.16,0
אעבלין,529,12.1,373,251,249,2,67.29,0
אעבלין,529,12.2,373,263,262,1,70.51,0
אעבלין,529,13,690,400,399,1,57.97,0
אעצם שבט,963,8.1,665,292,288,4,43.91,0
אעצם שבט,963,8.2,665,288,286,2,43.31,0
אעצם שבט,963,8.3,665,281,277,4,42.26,0
אעצם שבט,963,8.4,665,228,226,2,34.29,0
אעצם שבט,963,8.5,665,230,227,3,34.59,0
אעצם שבט,963,8.6,665,265,263,2,39.85,0
אעצם שבט,963,8.7,665,273,266,7,41.05,0
אעצם שבט,963,8.8,665,259,256,3,38.95,0
אפיק,4301,1,270,192,190,2,71.11,0
אפיקים,176,1,499,325,324,1,65.13,0
אפיקים,176,2,569,382,381,1,67.14,0
אפק,313,1,544,418,416,2,76.84,0
אפרת,3650,1,653,445,445,0,68.15,0
אפרת,3650,2,655,413,408,5,63.05,0
אפרת,3650,3.1,673,468,468,0,69.54,0
אפרת,3650,3.2,673,453,453,0,67.31,0
אפרת,3650,4,595,392,392,0,65.88,0
אפרת,3650,5,659,446,442,4,67.68,0
אפרת,3650,6.1,529,452,450,2,85.44,0
אפרת,3650,6.2,529,455,455,0,86.01,0
אפרת,3650,6.3,528,452,452,0,85.61,0
אפרת,3650,9.1,366,278,277,1,75.96,0
אפרת,3650,9.2,366,272,270,2,74.32,0
אפרת,3650,11.1,573,434,433,1,75.74,0
אפרת,3650,11.2,573,427,427,0,74.52,0
אפרת,3650,11.3,573,411,411,0,71.73,0
ארבל,701,1,497,370,369,1,74.45,0
ארגמן,3598,1,121,76,74,2,62.81,0
ארז,714,1,473,322,321,1,68.08,0
אריאל,3570,1,605,406,394,12,67.11,0
אריאל,3570,2,661,389,387,2,58.85,0
אריאל,3570,3,560,222,217,5,39.64,0
אריאל,3570,4,638,328,327,1,51.41,0
אריאל,3570,5,618,392,389,3,63.43,0
אריאל,3570,6,660,432,431,1,65.45,0
אריאל,3570,7,575,356,352,4,61.91,0
אריאל,3570,8,675,402,400,2,59.56,0
אריאל,3570,9.1,374,272,272,0,72.73,0
אריאל,3570,9.2,373,264,263,1,70.78,0
אריאל,3570,10,497,299,295,4,60.16,0
אריאל,3570,11,688,442,435,7,64.24,0
אריאל,3570,12,530,323,321,2,60.94,0
אריאל,3570,13,496,351,349,2,70.77,0
אריאל,3570,14,530,336,331,5,63.4,0
אריאל,3570,15.1,358,261,260,1,72.91,0
אריאל,3570,15.2,357,277,277,0,77.59,0
אריאל,3570,16,628,345,341,4,54.94,0
אריאל,3570,17,627,392,391,1,62.52,0
אריאל,3570,18,672,440,429,11,65.48,0
אריאל,3570,20,488,277,275,2,56.76,0
אריאל,3570,22.1,608,360,354,6,59.21,0
אריאל,3570,22.2,608,339,336,3,55.76,0
אריאל,3570,22.3,608,339,338,1,55.76,0
אריאל,3570,23,757,470,459,11,62.09,0
אריאל,3570,25,558,342,340,2,61.29,0
אריאל,3570,26,647,460,457,3,71.1,0
ארסוף,1324,1,147,80,80,0,54.42,0
אשבול,71,1,434,338,338,0,77.88,0
אשדוד,70,1.1,625,277,277,0,44.32,0
אשדוד,70,1.2,625,191,191,0,30.56,0
אשדוד,70,1.3,625,247,243,4,39.52,0
אשדוד,70,1.4,622,196,189,7,31.51,0
אשדוד,70,4,434,264,259,5,60.83,0
אשדוד,70,5,667,349,334,15,52.32,0
אשדוד,70,7,571,296,295,1,51.84,0
אשדוד,70,8.1,503,214,211,3,42.54,0
אשדוד,70,8.2,502,209,205,4,41.63,0
אשדוד,70,9.1,570,366,364,2,64.21,0
אשדוד,70,9.2,570,384,384,0,67.37,0
אשדוד,70,9.3,569,370,367,3,65.03,0
אשדוד,70,10,533,238,232,6,44.65,0
אשדוד,70,11,522,246,246,0,47.13,0
אשדוד,70,12,566,210,207,3,37.1,0
אשדוד,70,13,609,263,263,0,43.19,0
אשדוד,70,14,481,237,236,1,49.27,0
אשדוד,70,15,493,293,290,3,59.43,0
אשדוד,70,19,632,214,211,3,33.86,0
אשדוד,70,20,673,373,365,8,55.42,0
אשדוד,70,21,514,354,354,0,68.87,0
אשדוד,70,22,497,231,230,1,46.48,0
אשדוד,70,24.1,695,454,452,2,65.32,0
אשדוד,70,24.2,695,479,476,3,68.92,0
אשדוד,70,24.3,695,473,472,1,68.06,0
אשדוד,70,24.4,695,443,441,2,63.74,0
אשדוד,70,26,551,327,323,4,59.35,0
אשדוד,70,28,497,285,282,3,57.34,0
אשדוד,70,29,638,301,297,4,47.18,0
אשדוד,70,30,598,508,504,4,84.95,0
אשדוד,70,31,583,394,392,2,67.58,0
אשדוד,70,33,640,374,368,6,58.44,0
אשדוד,70,34.1,627,417,414,3,66.51,0
אשדוד,70,34.2,627,441,439,2,70.33,0
אשדוד,70,34.3,627,443,443,0,70.65,0
אשדוד,70,34.4,627,437,431,6,69.7,0
אשדוד,70,34.5,627,415,414,1,66.19,0
אשדוד,70,34.6,627,433,431,2,69.06,0
אשדוד,70,34.7,624,432,430,2,69.23,0
אשדוד,70,38.1,691,318,315,3,46.02,0
אשדוד,70,38.2,691,263,261,2,38.06,0
אשדוד,70,39,526,263,260,3,50.0,0
אשדוד,70,40,468,188,186,2,40.17,0
אשדוד,70,41,463,236,236,0,50.97,0
אשדוד,70,42,478,236,236,0,49.37,0
אשדוד,70,43,477,224,221,3,46.96,0
אשדוד,70,45.1,591,376,376,0,63.62,0
אשדוד,70,45.2,591,345,343,2,58.38,0
אשדוד,70,45.3,591,362,359,3,61.25,0
אשדוד,70,45.4,588,317,312,5,53.91,0
אשדוד,70,46,551,287,282,5,52.09,0
אשדוד,70,48,483,271,270,1,56.11,0
אשדוד,70,49,641,385,382,3,60.06,0
אשדוד,70,53.1,596,406,403,3,68.12,0
אשדוד,70,53.2,596,360,355,5,60.4,0
אשדוד,70,53.3,596,402,399,3,67.45,0
אשדוד,70,53.4,596,393,391,2,65.94,0
אשדוד,70,53.5,596,377,374,3,63.26,0
אשדוד,70,53.6,591,364,362,2,61.59,0
אשדוד,70,58,615,321,318,3,52.2,0
אשדוד,70,59,477,336,332,4,70.44,0
אשדוד,70,61,503,227,225,2,45.13,0
אשדוד,70,62,531,375,375,0,70.62,0
אשדוד,70,63,599,432,431,1,72.12,0
אשדוד,70,65.1,682,422,422,0,61.88,0
אשדוד,70,65.2,682,386,383,3,56.6,0
אשדוד,70,65.3,682,386,385,1,56.6,0
אשדוד,70,65.4,679,365,362,3,53.76,0
אשדוד,70,66,571,387,385,2,67.78,0
אשדוד,70,68,606,341,336,5,56.27,0
אשדוד,70,71,452,277,273,4,61.28,0
אשדוד,70,72,491,263,261,2,53.56,0
אשדוד,70,73,470,319,316,3,67.87,0
אשדוד,70,74,612,439,435,4,71.73,0
אשדוד,70,75.1,598,316,311,5,52.84,0
אשדוד,70,75.2,598,330,328,2,55.18,0
אשדוד,70,75.3,598,333,331,2,55.69,0
אשדוד,70,75.4,598,323,320,3,54.01,0
אשדוד,70,75.5,594,341,338,3,57.41,0
אשדוד,70,79.1,681,442,438,4,64.9,0
אשדוד,70,79.2,681,442,440,2,64.9,0
אשדוד,70,79.3,681,472,470,2,69.31,0
אשדוד,70,79.4,681,440,437,3,64.61,0
אשדוד,70,79.5,681,439,436,3,64.46,0
אשדוד,70,80,503,254,252,2,50.5,0
אשדוד,70,81,621,402,396,6,64.73,0
אשדוד,70,82,573,339,337,2,59.16,0
אשדוד,70,86,624,343,340,3,54.97,0
אשדוד,70,88,531,243,237,6,45.76,0
אשדוד,70,89,492,306,306,0,62.2,0
אשדוד,70,93,576,357,352,5,61.98,0
אשדוד,70,94,465,250,247,3,53.76,0
אשדוד,70,95,542,334,331,3,61.62,0
אשדוד,70,97,494,246,246,0,49.8,0
אשדוד,70,99,606,381,380,1,62.87,0
אשדוד,70,106,655,466,464,2,71.15,0
אשדוד,70,107,592,376,375,1,63.51,0
אשדוד,70,109.1,620,438,433,5,70.65,0
אשדוד,70,109.2,620,448,448,0,72.26,0
אשדוד,70,109.3,620,465,463,2,75.0,0
אשדוד,70,109.4,620,430,430,0,69.35,0
אשדוד,70,109.5,618,442,442,0,71.52,0
אשדוד,70,110,634,372,369,3,58.68,0
אשדוד,70,111.1,648,407,403,4,62.81,0
אשדוד,70,111.2,648,403,401,2,62.19,0
אשדוד,70,111.3,648,392,391,1,60.49,0
אשדוד,70,111.4,648,373,370,3,57.56,0
אשדוד,70,111.5,648,395,392,3,60.96,0
אשדוד,70,111.6,644,389,385,4,60.4,0
אשדוד,70,114.1,565,354,353,1,62.65,0
אשדוד,70,114.2,565,336,334,2,59.47,0
אשדוד,70,114.3,565,333,331,2,58.94,0
אשדוד,70,114.4,562,315,312,3,56.05,0
אשדוד,70,118,632,394,391,3,62.34,0
אשדוד,70,119,527,345,343,2,65.46,0
אשדוד,70,120.1,581,383,383,0,65.92,0
אשדוד,70,120.2,581,386,386,0,66.44,0
אשדוד,70,120.3,581,391,388,3,67.3,0
אשדוד,70,120.4,581,366,364,2,62.99,0
אשדוד,70,120.5,579,359,356,3,62.0,0
אשדוד,70,124,507,326,322,4,64.3,0
אשדוד,70,125,549,323,317,6,58.83,0
אשדוד,70,126,490,359,357,2,73.27,0
אשדוד,70,127,605,439,439,0,72.56,0
אשדוד,70,128,588,318,311,7,54.08,0
אשדוד,70,129,509,402,402,0,78.98,0
אשדוד,70,130,463,309,305,4,66.74,0
אשדוד,70,131,619,374,371,3,60.42,0
אשדוד,70,132,585,348,342,6,59.49,0
אשדוד,70,133,578,341,340,1,59.0,0
אשדוד,70,134,663,394,393,1,59.43,0
אשדוד,70,135,516,335,334,1,64.92,0
אשדוד,70,138,564,357,356,1,63.3,0
אשדוד,70,140,598,354,347,7,59.2,0
אשדוד,70,142,577,386,384,2,66.9,0
אשדוד,70,143.1,613,370,368,2,60.36,0
אשדוד,70,143.2,613,366,359,7,59.71,0
אשדוד,70,143.3,613,374,370,4,61.01,0
אשדוד,70,143.4,612,370,365,5,60.46,0
אשדוד,70,147.1,655,385,384,1,58.78,0
אשדוד,70,147.2,655,415,412,3,63.36,0
אשדוד,70,147.3,655,383,380,3,58.47,0
אשדוד,70,148,694,341,341,0,49.14,0
אשדוד,70,150.1,657,441,435,6,67.12,0
אשדוד,70,150.2,657,451,445,6,68.65,0
אשדוד,70,150.3,657,432,425,7,65.75,0
אשדוד,70,150.4,657,433,429,4,65.91,0
אשדוד,70,151,547,320,315,5,58.5,0
אשדוד,70,152,625,392,391,1,62.72,0
אשדוד,70,153,529,302,296,6,57.09,0
אשדוד,70,154,558,383,380,3,68.64,0
אשדוד,70,155,671,449,447,2,66.92,0
אשדוד,70,156,592,320,316,4,54.05,0
אשדוד,70,158,599,354,352,2,59.1,0
אשדוד,70,159,644,398,396,2,61.8,0
אשדוד,70,160.1,675,378,375,3,56.0,0
אשדוד,70,160.2,675,366,363,3,54.22,0
אשדוד,70,160.3,675,326,324,2,48.3,0
אשדוד,70,161,671,443,441,2,66.02,0
אשדוד,70,163.1,673,454,452,2,67.46,0
אשדוד,70,163.2,673,467,463,4,69.39,0
אשדוד,70,163.3,673,462,456,6,68.65,0
אשדוד,70,163.4,673,430,430,0,63.89,0
אשדוד,70,163.5,673,452,452,0,67.16,0
אשדוד,70,163.6,673,453,450,3,67.31,0
אשדוד,70,163.7,673,460,459,1,68.35,0
אשדוד,70,163.8,671,471,468,3,70.19,0
אשדוד,70,164,622,405,404,1,65.11,0
אשדוד,70,165,612,405,402,3,66.18,0
אשדוד,70,166,638,391,389,2,61.29,0
אשדוד,70,167,694,464,462,2,66.86,0
אשדוד,70,168,572,371,369,2,64.86,0
אשדוד,70,169,616,435,433,2,70.62,0
אשדוד,70,170,495,341,339,2,68.89,0
אשדוד,70,171,539,355,352,3,65.86,0
אשדוד,70,173,644,423,419,4,65.68,0
אשדוד,70,178,516,342,341,1,66.28,0
אשדוד,70,184.1,605,518,517,1,85.62,0
אשדוד,70,184.2,605,532,529,3,87.93,0
אשדוד,70,184.3,605,526,526,0,86.94,0
אשדוד,70,184.4,605,547,546,1,90.41,0
אשדוד,70,184.5,605,534,534,0,88.26,0
אשדוד,70,184.6,602,542,539,3,90.03,0
אשדוד,70,189,536,296,292,4,55.22,0
אשדוד,70,190,580,345,337,8,59.48,0
אשדוד,70,191,551,402,401,1,72.96,0
אשדוד,70,192,589,384,382,2,65.2,0
אשדוד,70,193,514,271,269,2,52.72,0
אשדוד,70,194,530,386,384,2,72.83,0
אשדוד,70,196,697,463,457,6,66.43,0
אשדוד,70,197,589,427,421,6,72.5,0
אשדוד,70,199.1,598,427,426,1,71.4,0
אשדוד,70,199.2,598,422,420,2,70.57,0
אשדוד,70,199.3,598,432,432,0,72.24,0
אשדוד,70,199.4,598,376,376,0,62.88,0
אשדוד,70,199.5,597,401,400,1,67.17,0
אשדוד,70,205,532,347,345,2,65.23,0
אשדוד,70,207.1,587,395,394,1,67.29,0
אשדוד,70,207.2,587,370,366,4,63.03,0
אשדוד,70,207.3,586,348,346,2,59.39,0
אשדוד,70,210.1,577,445,442,3,77.12,0
אשדוד,70,210.2,577,475,474,1,82.32,0
אשדוד,70,210.3,575,479,475,4,83.3,0
אשדוד,70,212,531,468,467,1,88.14,0
אשדוד,70,213,504,180,179,1,35.71,0
אשדוד,70,214,566,262,261,1,46.29,0
אשדוד,70,215.1,636,330,330,0,51.89,0
אשדוד,70,215.2,636,306,303,3,48.11,0
אשדוד,70,215.3,636,327,326,1,51.42,0
אשדוד,70,215.4,636,299,296,3,47.01,0
אשדוד,70,215.5,636,289,287,2,45.44,0
אשדוד,70,218,551,382,382,0,69.33,0
אשדוד,70,219,652,454,446,8,69.63,0
אשדוד,70,220,660,487,484,3,73.79,0
אשדוד,70,221,616,416,415,1,67.53,0
אשדוד,70,222,457,311,310,1,68.05,0
אשדוד,70,225,659,478,474,4,72.53,0
אשדוד,70,228,558,297,293,4,53.23,0
אשדוד,70,229,557,348,346,2,62.48,0
אשדוד,70,231,641,401,399,2,62.56,0
אשדוד,70,232,517,322,322,0,62.28,0
אשדוד,70,234,640,399,397,2,62.34,0
אשדוד,70,236,530,362,361,1,68.3,0
אשדוד,70,237.1,643,441,441,0,68.58,0
אשדוד,70,237.2,643,425,423,2,66.1,0
אשדוד,70,237.3,643,446,443,3,69.36,0
אשדוד,70,237.4,643,416,414,2,64.7,0
אשדוד,70,238,684,522,519,3,76.32,0
אשדוד,70,240.1,663,470,468,2,70.89,0
אשדוד,70,240.2,663,477,471,6,71.95,0
אשדוד,70,240.3,663,468,467,1,70.59,0
אשדוד,70,240.4,660,462,462,0,70.0,0
אשדוד,70,241.1,644,440,436,4,68.32,0
אשדוד,70,241.2,644,412,410,2,63.98,0
אשדוד,70,241.3,644,439,437,2,68.17,0
אשדוד,70,241.4,644,437,434,3,67.86,0
אשדוד,70,241.5,644,425,425,0,65.99,0
אשדוד,70,241.6,640,403,401,2,62.97,0
אשדוד,70,244,619,403,400,3,65.11,0
אשדוד,70,245,628,469,467,2,74.68,0
אשדוד,70,246.1,564,443,442,1,78.55,0
אשדוד,70,246.2,564,491,490,1,87.06,0
אשדוד,70,246.3,564,454,454,0,80.5,0
אשדוד,70,246.4,564,453,448,5,80.32,0
אשדוד,70,246.5,561,487,485,2,86.81,0
אשדוד,70,248,371,176,173,3,47.44,0
אשדוד,70,249,510,406,402,4,79.61,0
אשדוד,70,250,537,238,236,2,44.32,0
אשדוד,70,251,584,411,408,3,70.38,0
אשדוד,70,253,555,482,477,5,86.85,0
אשדוד,70,254,598,361,359,2,60.37,0
אשדוד,70,255,520,332,331,1,63.85,0
אשדוד,70,260.1,616,435,435,0,70.62,0
אשדוד,70,260.2,616,446,443,3,72.4,0
אשדוד,70,260.3,616,455,454,1,73.86,0
אשדוד,70,260.4,616,437,436,1,70.94,0
אשדוד,70,260.5,615,422,419,3,68.62,0
אשדוד,70,261,585,402,400,2,68.72,0
אשדוד,70,264,561,393,389,4,70.05,0
אשדוד,70,274,669,317,316,1,47.38,0
אשדוד,70,276.1,631,461,459,2,73.06,0
אשדוד,70,276.2,631,415,411,4,65.77,0
אשדוד,70,276.3,631,419,418,1,66.4,0
אשדוד,70,276.4,631,435,433,2,68.94,0
אשדוד,70,276.5,631,408,407,1,64.66,0
אשדוד,70,276.6,627,419,416,3,66.83,0
אשדוד,70,281.1,632,472,469,3,74.68,0
אשדוד,70,281.2,632,471,469,2,74.53,0
אשדוד,70,281.3,632,478,476,2,75.63,0
אשדוד,70,281.4,632,483,483,0,76.42,0
אשדוד,70,281.5,632,456,456,0,72.15,0
אשדוד,70,281.6,632,471,465,6,74.53,0
אשדוד,70,281.7,626,468,464,4,74.76,0
אשדוד,70,283.1,695,467,464,3,67.19,0
אשדוד,70,283.2,695,439,436,3,63.17,0
אשדוד,70,283.3,695,408,407,1,58.71,0
אשדוד,70,283.4,695,428,426,2,61.58,0
אשדוד,70,283.5,695,410,410,0,58.99,0
אשדוד,70,284.1,686,571,571,0,83.24,0
אשדוד,70,284.2,686,662,654,8,96.5,0
אשדוד,70,284.3,686,576,573,3,83.97,0
אשדוד,70,284.4,686,621,618,3,90.52,0
אשדוד,70,284.5,686,604,602,2,88.05,0
אשדוד,70,284.6,682,607,603,4,89.0,0
אשדוד,70,285,507,223,219,4,43.98,0
אשדוד,70,290,490,354,354,0,72.24,0
אשדוד,70,291,543,356,354,2,65.56,0
אשדוד,70,292,554,348,346,2,62.82,0
אשדוד,70,296.1,599,521,519,2,86.98,0
אשדוד,70,296.2,599,515,513,2,85.98,0
אשדוד,70,296.3,599,518,518,0,86.48,0
אשדוד,70,296.4,599,534,533,1,89.15,0
אשדוד,70,296.5,597,531,529,2,88.94,0
אשדוד,70,301,640,454,450,4,70.94,0
אשדוד,70,306,502,381,380,1,75.9,0
אשדוד,70,952.1,673,406,404,2,60.33,0
אשדוד,70,952.2,673,414,413,1,61.52,0
אשדוד,70,952.3,673,380,378,2,56.46,0
אשדוד,70,952.4,673,433,433,0,64.34,0
אשדוד,70,952.5,673,398,398,0,59.14,0
אשדוד,70,952.6,672,417,415,2,62.05,0
אשדוד,70,954,622,455,452,3,73.15,0
אשדות יעקב איחוד,199,1,683,477,476,1,69.84,0
אשדות יעקב מאוחד,188,1,605,404,403,1,66.78,0
אשחר,1188,1,681,490,489,1,71.95,0
אשכולות,3722,1,374,284,284,0,75.94,0
אשל הנשיא,2021,1,111,64,64,0,57.66,0
אשלים,1152,1,437,305,303,2,69.79,0
אשקלון,7100,1,539,179,178,1,33.21,0
אשקלון,7100,2,467,297,297,0,63.6,0
אשקלון,7100,3,638,404,402,2,63.32,0
אשקלון,7100,4.1,604,339,334,5,56.13,0
אשקלון,7100,4.2,604,326,322,4,53.97,0
אשקלון,7100,4.3,604,373,368,5,61.75,0
אשקלון,7100,4.4,604,320,316,4,52.98,0
אשקלון,7100,4.5,604,302,301,1,50.0,0
אשקלון,7100,5.1,691,473,470,3,68.45,0
אשקלון,7100,5.2,691,437,436,1,63.24,0
אשקלון,7100,5.3,691,482,478,4,69.75,0
אשקלון,7100,5.4,691,466,464,2,67.44,0
אשקלון,7100,5.5,691,462,457,5,66.86,0
אשקלון,7100,5.6,688,442,438,4,64.24,0
אשקלון,7100,6,617,370,365,5,59.97,0
אשקלון,7100,7.1,548,336,330,6,61.31,0
אשקלון,7100,7.2,548,335,327,8,61.13,0
אשקלון,7100,9,520,331,328,3,63.65,0
אשקלון,7100,13,571,385,384,1,67.43,0
אשקלון,7100,14,680,391,388,3,57.5,0
אשקלון,7100,15,512,388,386,2,75.78,0
אשקלון,7100,17,473,230,229,1,48.63,0
אשקלון,7100,18.1,626,395,395,0,63.1,0
אשקלון,7100,18.2,626,335,332,3,53.51,0
אשקלון,7100,18.3,626,385,383,2,61.5,0
אשקלון,7100,18.4,626,402,399,3,64.22,0
אשקלון,7100,18.5,624,305,301,4,48.88,0
אשקלון,7100,21,652,463,459,4,71.01,0
אשקלון,7100,22,577,391,390,1,67.76,0
אשקלון,7100,23,660,180,176,4,27.27,0
אשקלון,7100,24,638,310,302,8,48.59,0
אשקלון,7100,25,626,390,387,3,62.3,0
אשקלון,7100,26.1,608,328,324,4,53.95,0
אשקלון,7100,26.2,608,321,313,8,52.8,0
אשקלון,7100,27,498,220,214,6,44.18,0
אשקלון,7100,28.1,489,261,260,1,53.37,0
אשקלון,7100,28.2,489,253,251,2,51.74,0
אשקלון,7100,28.3,489,202,196,6,41.31,0
אשקלון,7100,29,504,251,249,2,49.8,0
אשקלון,7100,30,456,236,234,2,51.75,0
אשקלון,7100,32,445,218,215,3,48.99,0
אשקלון,7100,33.1,639,352,351,1,55.09,0
אשקלון,7100,33.2,639,324,320,4,50.7,0
אשקלון,7100,33.3,639,283,280,3,44.29,0
אשקלון,7100,34,556,243,235,8,43.71,0
אשקלון,7100,35,462,288,284,4,62.34,0
אשקלון,7100,37,569,271,265,6,47.63,0
אשקלון,7100,38,586,243,237,6,41.47,0
אשקלון,7100,39,593,300,296,4,50.59,0
אשקלון,7100,40,560,402,402,0,71.79,0
אשקלון,7100,41,580,410,405,5,70.69,0
אשקלון,7100,43,643,371,370,1,57.7,0
אשקלון,7100,44.1,686,311,309,2,45.34,0
אשקלון,7100,44.2,686,293,286,7,42.71,0
אשקלון,7100,44.3,686,331,321,10,48.25,0
אשקלון,7100,44.4,686,325,325,0,47.38,0
אשקלון,7100,44.5,685,294,293,1,42.92,0
אשקלון,7100,47,574,357,357,0,62.2,0
אשקלון,7100,50,678,429,429,0,63.27,0
אשקלון,7100,52.1,692,460,457,3,66.47,0
אשקלון,7100,52.2,692,461,457,4,66.62,0
אשקלון,7100,52.3,691,434,433,1,62.81,0
אשקלון,7100,53,583,213,212,1,36.54,0
אשקלון,7100,54,403,223,223,0,55.33,0
אשקלון,7100,55.1,605,312,307,5,51.57,0
אשקלון,7100,55.2,605,359,350,9,59.34,0
אשקלון,7100,55.3,605,300,296,4,49.59,0
אשקלון,7100,58,590,352,344,8,59.66,0
אשקלון,7100,61.1,526,307,306,1,58.37,0
אשקלון,7100,61.2,526,299,294,5,56.84,0
אשקלון,7100,61.3,524,245,242,3,46.76,0
אשקלון,7100,63,610,375,371,4,61.48,0
אשקלון,7100,68,586,337,333,4,57.51,0
אשקלון,7100,70,691,468,466,2,67.73,0
אשקלון,7100,72.1,668,411,409,2,61.53,0
אשקלון,7100,72.2,668,428,427,1,64.07,0
אשקלון,7100,72.3,668,401,397,4,60.03,0
אשקלון,7100,73,583,160,159,1,27.44,0
אשקלון,7100,76,634,394,391,3,62.15,0
אשקלון,7100,77,613,392,390,2,63.95,0
אשקלון,7100,78,430,270,270,0,62.79,0
אשקלון,7100,80,605,322,318,4,53.22,0
אשקלון,7100,81,614,356,350,6,57.98,0
אשקלון,7100,82,527,317,308,9,60.15,0
אשקלון,7100,83,522,304,303,1,58.24,0
אשקלון,7100,84,477,288,284,4,60.38,0
אשקלון,7100,85,542,256,253,3,47.23,0
אשקלון,7100,86,436,233,226,7,53.44,0
אשקלון,7100,87.1,567,360,354,6,63.49,0
אשקלון,7100,87.2,567,350,350,0,61.73,0
אשקלון,7100,87.3,566,311,310,1,54.95,0
אשקלון,7100,90,554,330,325,5,59.57,0
אשקלון,7100,91,569,294,292,2,51.67,0
אשקלון,7100,92,541,299,296,3,55.27,0
אשקלון,7100,93,450,232,230,2,51.56,0
אשקלון,7100,94,598,309,301,8,51.67,0
אשקלון,7100,100,642,494,491,3,76.95,0
אשקלון,7100,103,525,380,380,0,72.38,0
אשקלון,7100,104,685,421,419,2,61.46,0
אשקלון,7100,107,581,336,336,0,57.83,0
אשקלון,7100,110.1,584,338,333,5,57.88,0
אשקלון,7100,110.2,584,361,355,6,61.82,0
אשקלון,7100,110.3,584,351,345,6,60.1,0
אשקלון,7100,110.4,584,342,339,3,58.56,0
אשקלון,7100,110.5,584,333,329,4,57.02,0
אשקלון,7100,110.6,583,313,308,5,53.69,0
אשקלון,7100,114,605,428,427,1,70.74,0
אשקלון,7100,115,664,446,444,2,67.17,0
אשקלון,7100,116,697,472,469,3,67.72,0
אשקלון,7100,117.1,562,381,380,1,67.79,0
אשקלון,7100,117.2,562,332,329,3,59.07,0
אשקלון,7100,117.3,562,369,368,1,65.66,0
אשקלון,7100,117.4,562,360,360,0,64.06,0
אשקלון,7100,117.5,562,347,347,0,61.74,0
אשקלון,7100,120,591,443,438,5,74.96,0
אשקלון,7100,123,616,408,406,2,66.23,0
אשקלון,7100,126.1,588,422,420,2,71.77,0
אשקלון,7100,126.2,588,376,371,5,63.95,0
אשקלון,7100,126.3,588,388,387,1,65.99,0
אשקלון,7100,126.4,587,367,364,3,62.52,0
אשקלון,7100,127,439,157,155,2,35.76,0
אשקלון,7100,128,550,310,302,8,56.36,0
אשקלון,7100,129,672,491,490,1,73.07,0
אשקלון,7100,130.1,509,260,260,0,51.08,0
אשקלון,7100,130.2,508,220,218,2,43.31,0
אשקלון,7100,131.1,360,206,204,2,57.22,0
אשקלון,7100,131.2,359,195,193,2,54.32,0
אשקלון,7100,132,794,433,428,5,54.53,0
אשקלון,7100,133,695,435,430,5,62.59,0
אשקלון,7100,138.1,619,389,386,3,62.84,0
אשקלון,7100,138.2,619,389,387,2,62.84,0
אשקלון,7100,138.3,619,358,354,4,57.84,0
אשקלון,7100,138.4,618,350,349,1,56.63,0
אשקלון,7100,139.1,649,389,388,1,59.94,0
אשקלון,7100,139.2,649,411,408,3,63.33,0
אשקלון,7100,139.3,649,414,413,1,63.79,0
אשקלון,7100,139.4,649,451,449,2,69.49,0
אשקלון,7100,139.5,649,405,402,3,62.4,0
אשקלון,7100,139.6,649,408,405,3,62.87,0
אשקלון,7100,142,633,414,413,1,65.4,0
אשקלון,7100,146,694,489,487,2,70.46,0
אשקלון,7100,148,630,379,375,4,60.16,0
אשקלון,7100,149.1,650,448,447,1,68.92,0
אשקלון,7100,149.2,650,422,421,1,64.92,0
אשקלון,7100,149.3,650,454,451,3,69.85,0
אשקלון,7100,149.4,650,449,446,3,69.08,0
אשקלון,7100,149.5,646,393,389,4,60.84,0
אשקלון,7100,152,651,436,428,8,66.97,0
אשקלון,7100,153,590,460,459,1,77.97,0
אשקלון,7100,154,681,385,380,5,56.53,0
אשקלון,7100,156,625,477,477,0,76.32,0
אשקלון,7100,157,638,427,425,2,66.93,0
אשקלון,7100,159,654,497,494,3,75.99,0
אשקלון,7100,160.1,459,332,332,0,72.33,0
אשקלון,7100,160.2,459,331,329,2,72.11,0
אשקלון,7100,168,590,349,345,4,59.15,0
אשקלון,7100,170.1,671,473,473,0,70.49,0
אשקלון,7100,170.2,671,520,517,3,77.5,0
אשקלון,7100,170.3,671,521,516,5,77.65,0
אשקלון,7100,170.4,671,509,509,0,75.86,0
אשקלון,7100,170.5,671,514,514,0,76.6,0
אשקלון,7100,170.6,671,486,484,2,72.43,0
אשקלון,7100,170.7,671,491,488,3,73.17,0
אשקלון,7100,170.8,671,464,462,2,69.15,0
אשקלון,7100,170.9,664,484,483,1,72.89,0
אשקלון,7100,175.1,690,469,467,2,67.97,0
אשקלון,7100,175.2,690,500,495,5,72.46,0
אשקלון,7100,175.3,689,467,466,1,67.78,0
אשקלון,7100,182.1,625,464,461,3,74.24,0
אשקלון,7100,182.2,625,430,428,2,68.8,0
אשקלון,7100,186,536,388,387,1,72.39,0
אשקלון,7100,187.1,685,521,518,3,76.06,0
אשקלון,7100,187.2,685,536,532,4,78.25,0
אשקלון,7100,187.3,685,480,475,5,70.07,0
אשקלון,7100,187.4,685,499,497,2,72.85,0
אשקלון,7100,187.5,685,503,496,7,73.43,0
אשקלון,7100,187.6,685,491,490,1,71.68,0
אשקלון,7100,190.1,660,486,486,0,73.64,0
אשקלון,7100,190.2,660,497,496,1,75.3,0
אשקלון,7100,190.3,660,496,495,1,75.15,0
אשקלון,7100,190.4,659,481,479,2,72.99,0
אשקלון,7100,193.1,615,454,451,3,73.82,0
אשקלון,7100,193.2,615,488,487,1,79.35,0
אשקלון,7100,193.3,615,474,473,1,77.07,0
אשקלון,7100,193.4,615,456,453,3,74.15,0
אשקלון,7100,193.5,613,431,428,3,70.31,0
אשקלון,7100,195.1,621,469,466,3,75.52,0
אשקלון,7100,195.2,621,447,446,1,71.98,0
אשקלון,7100,195.3,621,450,449,1,72.46,0
אשקלון,7100,195.4,621,450,447,3,72.46,0
אשקלון,7100,195.5,617,425,418,7,68.88,0
אשקלון,7100,206.1,606,357,354,3,58.91,0
אשקלון,7100,206.2,606,362,360,2,59.74,0
אשקלון,7100,206.3,606,393,388,5,64.85,0
אשקלון,7100,206.4,606,326,323,3,53.8,0
אשקלון,7100,206.5,606,348,347,1,57.43,0
אשקלון,7100,206.6,603,336,332,4,55.72,0
אשקלון,7100,952,710,427,425,2,60.14,0
אשרת,1256,1,470,342,341,1,72.77,0
אשתאול,740,1.1,379,287,286,1,75.73,0
אשתאול,740,1.2,378,312,312,0,82.54,0
באקה אלגרביה,6000,2.1,694,333,330,3,47.98,0
באקה אלגרביה,6000,2.2,693,315,311,4,45.45,0
באקה אלגרביה,6000,3,677,357,352,5,52.73,0
באקה אלגרביה,6000,5.1,691,314,308,6,45.44,0
באקה אלגרביה,6000,5.2,691,302,296,6,43.7,0
באקה אלגרביה,6000,5.3,689,378,374,4,54.86,0
באקה אלגרביה,6000,6.1,681,301,297,4,44.2,0
באקה אלגרביה,6000,6.2,681,296,284,12,43.47,0
באקה אלגרביה,6000,6.3,681,313,311,2,45.96,0
באקה אלגרביה,6000,6.4,680,347,341,6,51.03,0
באקה אלגרביה,6000,8,617,326,323,3,52.84,0
באקה אלגרביה,6000,9,681,305,304,1,44.79,0
באקה אלגרביה,6000,11,691,334,328,6,48.34,0
באקה אלגרביה,6000,14,666,331,327,4,49.7,0
באקה אלגרביה,6000,15,695,291,290,1,41.87,0
באקה אלגרביה,6000,16,678,339,336,3,50.0,0
באקה אלגרביה,6000,18.1,699,368,366,2,52.65,0
באקה אלגרביה,6000,18.2,699,322,309,13,46.07,0
באקה אלגרביה,6000,18.3,698,313,309,4,44.84,0
באקה אלגרביה,6000,21,656,305,300,5,46.49,0
באקה אלגרביה,6000,22,632,313,310,3,49.53,0
באקה אלגרביה,6000,24,670,313,313,0,46.72,0
באקה אלגרביה,6000,25.1,480,259,257,2,53.96,0
באקה אלגרביה,6000,25.2,480,250,247,3,52.08,0
באקה אלגרביה,6000,25.3,478,253,250,3,52.93,0
באקה אלגרביה,6000,27.1,485,226,223,3,46.6,0
באקה אלגרביה,6000,27.2,485,223,221,2,45.98,0
באקה אלגרביה,6000,27.3,483,245,240,5,50.72,0
באקה אלגרביה,6000,30.1,563,252,245,7,44.76,0
באקה אלגרביה,6000,30.2,563,238,228,10,42.27,0
באקה אלגרביה,6000,30.3,563,237,232,5,42.1,0
באקה אלגרביה,6000,30.4,563,258,252,6,45.83,0
באקה אלגרביה,6000,30.5,560,258,257,1,46.07,0
באר אורה,21,1.1,366,248,248,0,67.76,0
באר אורה,21,1.2,366,247,246,1,67.49,0
באר גנים,1376,1,523,428,428,0,81.84,0
באר גנים,1376,2,649,547,546,1,84.28,0
באר טוביה,155,1,425,346,346,0,81.41,0
באר טוביה,155,2,424,327,326,1,77.12,0
באר יעקב,2530,3,442,300,299,1,67.87,0
באר יעקב,2530,4,485,352,350,2,72.58,0
באר יעקב,2530,7.1,653,501,498,3,76.72,0
באר יעקב,2530,7.2,653,489,489,0,74.89,0
באר יעקב,2530,7.3,653,497,497,0,76.11,0
באר יעקב,2530,7.4,653,499,498,1,76.42,0
באר יעקב,2530,7.5,652,492,490,2,75.46,0
באר יעקב,2530,9.1,502,311,309,2,61.95,0
באר יעקב,2530,9.2,502,319,317,2,63.55,0
באר יעקב,2530,9.3,501,308,305,3,61.48,0
באר יעקב,2530,11,450,331,328,3,73.56,0
באר יעקב,2530,14.1,644,505,505,0,78.42,0
באר יעקב,2530,14.2,644,526,526,0,81.68,0
באר יעקב,2530,14.3,644,502,500,2,77.95,0
באר יעקב,2530,14.4,644,512,505,7,79.5,0
באר יעקב,2530,14.5,644,512,507,5,79.5,0
באר יעקב,2530,14.6,640,508,503,5,79.38,0
באר יעקב,2530,18.1,543,436,435,1,80.29,0
באר יעקב,2530,18.2,543,442,442,0,81.4,0
באר יעקב,2530,18.3,543,438,438,0,80.66,0
באר יעקב,2530,18.4,542,457,455,2,84.32,0
באר יעקב,2530,20.1,690,548,548,0,79.42,0
באר יעקב,2530,20.2,690,542,540,2,78.55,0
באר יעקב,2530,20.3,690,549,549,0,79.57,0
באר יעקב,2530,26.1,650,543,540,3,83.54,0
באר יעקב,2530,26.2,650,538,538,0,82.77,0
באר יעקב,2530,26.3,650,539,537,2,82.92,0
באר יעקב,2530,26.4,650,523,521,2,80.46,0
באר יעקב,2530,26.5,650,543,541,2,83.54,0
באר יעקב,2530,26.6,649,547,546,1,84.28,0
באר מילכה,1278,1,113,93,93,0,82.3,0
באר שבע,9000,1,437,221,220,1,50.57,0
באר שבע,9000,2,532,210,207,3,39.47,0
באר שבע,9000,3,438,165,164,1,37.67,0
באר שבע,9000,4,497,233,231,2,46.88,0
באר שבע,9000,5,439,215,211,4,48.97,0
באר שבע,9000,6,592,135,132,3,22.8,0
באר שבע,9000,15,428,199,198,1,46.5,0
באר שבע,9000,16,413,203,194,9,49.15,0
באר שבע,9000,19,521,259,253,6,49.71,0
באר שבע,9000,20,374,168,167,1,44.92,0
באר שבע,9000,25,465,231,228,3,49.68,0
באר שבע,9000,26,405,206,202,4,50.86,0
באר שבע,9000,27,466,224,219,5,48.07,0
באר שבע,9000,28,429,207,203,4,48.25,0
באר שבע,9000,29,442,217,212,5,49.1,0
באר שבע,9000,30,430,190,185,5,44.19,0
באר שבע,9000,31,513,237,232,5,46.2,0
באר שבע,9000,142,653,439,438,1,67.23,0
באר שבע,9000,147.1,567,331,327,4,58.38,0
באר שבע,9000,147.2,567,332,330,2,58.55,0
באר שבע,9000,147.3,567,327,326,1,57.67,0
באר שבע,9000,147.4,567,337,331,6,59.44,0
באר שבע,9000,147.5,565,312,309,3,55.22,0
באר שבע,9000,160,621,411,410,1,66.18,0
באר שבע,9000,175,525,314,312,2,59.81,0
באר שבע,9000,176,612,319,317,2,52.12,0
באר שבע,9000,177,602,417,415,2,69.27,0
באר שבע,9000,180,590,412,410,2,69.83,0
באר שבע,9000,185,635,422,417,5,66.46,0
באר שבע,9000,186,691,434,433,1,62.81,0
באר שבע,9000,188,669,374,373,1,55.9,0
באר שבע,9000,189,634,400,397,3,63.09,0
באר שבע,9000,200,554,344,342,2,62.09,0
באר שבע,9000,202,494,383,381,2,77.53,0
באר שבע,9000,203,564,378,377,1,67.02,0
באר שבע,9000,204,511,390,389,1,76.32,0
באר שבע,9000,205,546,368,368,0,67.4,0
באר שבע,9000,206,670,479,474,5,71.49,0
באר שבע,9000,207,585,405,404,1,69.23,0
באר שבע,9000,208,564,403,401,2,71.45,0
באר שבע,9000,210,424,284,279,5,66.98,0
באר שבע,9000,213,557,326,319,7,58.53,0
באר שבע,9000,214,471,320,317,3,67.94,0
באר שבע,9000,218.1,684,462,459,3,67.54,0
באר שבע,9000,218.2,684,464,463,1,67.84,0
באר שבע,9000,218.3,682,456,453,3,66.86,0
באר שבע,9000,221.1,685,438,432,6,63.94,0
באר שבע,9000,221.2,685,427,426,1,62.34,0
באר שבע,9000,223,579,378,370,8,65.28,0
באר שבע,9000,225,629,385,383,2,61.21,0
באר שבע,9000,226,551,402,400,2,72.96,0
באר שבע,9000,243,581,310,307,3,53.36,0
באר שבע,9000,251,578,407,403,4,70.42,0
באר שבע,9000,252.1,656,453,450,3,69.05,0
באר שבע,9000,252.2,656,421,417,4,64.18,0
באר שבע,9000,252.3,656,389,389,0,59.3,0
באר שבע,9000,257,521,361,357,4,69.29,0
באר שבע,9000,260.1,595,435,434,1,73.11,0
באר שבע,9000,260.2,594,452,447,5,76.09,0
באר שבע,9000,266.1,643,492,490,2,76.52,0
באר שבע,9000,266.2,643,486,483,3,75.58,0
באר שבע,9000,266.3,643,514,514,0,79.94,0
באר שבע,9000,266.4,643,504,501,3,78.38,0
באר שבע,9000,266.5,639,515,513,2,80.59,0
באר שבע,9000,274,501,357,356,1,71.26,0
באר שבע,9000,276.1,612,453,452,1,74.02,0
באר שבע,9000,276.2,612,452,452,0,73.86,0
באר שבע,9000,276.3,612,451,450,1,73.69,0
באר שבע,9000,276.4,612,476,476,0,77.78,0
באר שבע,9000,276.5,612,433,431,2,70.75,0
באר שבע,9000,276.6,612,437,435,2,71.41,0
באר שבע,9000,277,593,376,372,4,63.41,0
באר שבע,9000,280,536,383,379,4,71.46,0
באר שבע,9000,282,559,404,402,2,72.27,0
באר שבע,9000,284.1,646,466,465,1,72.14,0
באר שבע,9000,284.2,646,475,475,0,73.53,0
באר שבע,9000,284.3,646,506,502,4,78.33,0
באר שבע,9000,284.4,646,463,461,2,71.67,0
באר שבע,9000,284.5,646,478,477,1,73.99,0
באר שבע,9000,302.1,689,503,503,0,73.0,0
באר שבע,9000,302.2,689,528,526,2,76.63,0
באר שבע,9000,302.3,689,537,533,4,77.94,0
באר שבע,9000,302.4,689,536,533,3,77.79,0
באר שבע,9000,302.5,688,507,502,5,73.69,0
באר שבע,9000,304.1,477,384,381,3,80.5,0
באר שבע,9000,304.2,477,378,378,0,79.25,0
באר שבע,9000,304.3,475,372,370,2,78.32,0
באר שבע,9000,305.1,618,457,451,6,73.95,0
באר שבע,9000,305.2,618,437,433,4,70.71,0
באר שבע,9000,305.3,618,438,432,6,70.87,0
באר שבע,9000,305.4,618,470,468,2,76.05,0
באר שבע,9000,305.5,618,436,434,2,70.55,0
באר שבע,9000,305.6,618,437,431,6,70.71,0
באר שבע,9000,305.7,614,431,428,3,70.2,0
באר שבע,9000,7.1,645,281,279,2,43.57,0
באר שבע,9000,7.2,645,281,277,4,43.57,0
באר שבע,9000,7.3,645,264,259,5,40.93,0
באר שבע,9000,7.4,643,239,238,1,37.17,0
באר שבע,9000,10.1,560,278,277,1,49.64,0
באר שבע,9000,10.2,560,283,281,2,50.54,0
באר שבע,9000,10.3,558,262,259,3,46.95,0
באר שבע,9000,18.1,556,216,214,2,38.85,0
באר שבע,9000,18.2,556,245,243,2,44.06,0
באר שבע,9000,18.3,556,235,231,4,42.27,0
באר שבע,9000,33,649,505,505,0,77.81,0
באר שבע,9000,34,434,206,203,3,47.47,0
באר שבע,9000,35,556,299,295,4,53.78,0
באר שבע,9000,36,593,387,387,0,65.26,0
באר שבע,9000,37,607,292,288,4,48.11,0
באר שבע,9000,38,613,377,377,0,61.5,0
באר שבע,9000,39,531,76,76,0,14.31,0
באר שבע,9000,40,643,170,170,0,26.44,0
באר שבע,9000,42,602,380,379,1,63.12,0
באר שבע,9000,44,544,308,301,7,56.62,0
באר שבע,9000,45.1,513,329,327,2,64.13,0
באר שבע,9000,45.2,513,303,302,1,59.06,0
באר שבע,9000,45.3,512,288,287,1,56.25,0
באר שבע,9000,46,464,305,304,1,65.73,0
באר שבע,9000,47,385,161,160,1,41.82,0
באר שבע,9000,53.1,634,410,408,2,64.67,0
באר שבע,9000,53.2,634,388,388,0,61.2,0
באר שבע,9000,53.3,634,395,388,7,62.3,0
באר שבע,9000,53.4,634,399,397,2,62.93,0
באר שבע,9000,53.5,634,389,386,3,61.36,0
באר שבע,9000,53.6,629,400,394,6,63.59,0
באר שבע,9000,55,502,243,239,4,48.41,0
באר שבע,9000,58.1,642,372,367,5,57.94,0
באר שבע,9000,58.2,642,384,383,1,59.81,0
באר שבע,9000,58.3,642,398,397,1,61.99,0
באר שבע,9000,58.4,642,355,354,1,55.3,0
באר שבע,9000,58.5,638,363,361,2,56.9,0
באר שבע,9000,62.1,528,264,264,0,50.0,0
באר שבע,9000,62.2,527,237,234,3,44.97,0
באר שבע,9000,69,491,290,290,0,59.06,0
באר שבע,9000,87,635,297,294,3,46.77,0
באר שבע,9000,95,492,249,246,3,50.61,0
באר שבע,9000,96,445,256,254,2,57.53,0
באר שבע,9000,97,541,295,294,1,54.53,0
באר שבע,9000,103,520,227,227,0,43.65,0
באר שבע,9000,109,616,278,272,6,45.13,0
באר שבע,9000,111,498,311,305,6,62.45,0
באר שבע,9000,112,518,336,332,4,64.86,0
באר שבע,9000,113,554,217,210,7,39.17,0
באר שבע,9000,114,522,245,240,5,46.93,0
באר שבע,9000,116.1,605,364,363,1,60.17,0
באר שבע,9000,116.2,605,373,371,2,61.65,0
באר שבע,9000,116.3,605,351,347,4,58.02,0
באר שבע,9000,116.4,602,343,340,3,56.98,0
באר שבע,9000,117,375,165,164,1,44.0,0
באר שבע,9000,118,507,317,315,2,62.52,0
באר שבע,9000,130.1,622,295,295,0,47.43,0
באר שבע,9000,130.2,622,242,238,4,38.91,0
באר שבע,9000,130.3,622,288,285,3,46.3,0
באר שבע,9000,130.4,622,245,232,13,39.39,0
באר שבע,9000,130.5,622,225,221,4,36.17,0
באר שבע,9000,143.1,566,364,359,5,64.31,0
באר שבע,9000,143.2,566,350,338,12,61.84,0
באר שבע,9000,143.3,566,360,352,8,63.6,0
באר שבע,9000,143.4,566,329,327,2,58.13,0
באר שבע,9000,143.5,566,306,303,3,54.06,0
באר שבע,9000,144,373,137,137,0,36.73,0
באר שבע,9000,145,527,342,340,2,64.9,0
באר שבע,9000,151,421,211,209,2,50.12,0
באר שבע,9000,153,545,237,230,7,43.49,0
באר שבע,9000,155,551,285,276,9,51.72,0
באר שבע,9000,156,554,223,217,6,40.25,0
באר שבע,9000,158.1,574,283,277,6,49.3,0
באר שבע,9000,158.2,574,236,231,5,41.11,0
באר שבע,9000,158.3,574,298,297,1,51.92,0
באר שבע,9000,158.4,574,270,267,3,47.04,0
באר שבע,9000,158.5,572,245,242,3,42.83,0
באר שבע,9000,159,539,248,248,0,46.01,0
באר שבע,9000,170,628,390,386,4,62.1,0
באר שבע,9000,171,658,378,374,4,57.45,0
באר שבע,9000,172.1,531,345,342,3,64.97,0
באר שבע,9000,172.2,531,317,315,2,59.7,0
באר שבע,9000,172.3,531,318,314,4,59.89,0
באר שבע,9000,172.4,528,293,288,5,55.49,0
באר שבע,9000,174,643,338,338,0,52.57,0
באר שבע,9000,178,541,335,333,2,61.92,0
באר שבע,9000,241,495,313,311,2,63.23,0
באר שבע,9000,278,676,560,557,3,82.84,0
באר שבע,9000,279,494,299,298,1,60.53,0
באר שבע,9000,12.1,673,514,512,2,76.37,0
באר שבע,9000,12.2,673,517,514,3,76.82,0
באר שבע,9000,12.3,673,483,480,3,71.77,0
באר שבע,9000,12.4,673,509,503,6,75.63,0
באר שבע,9000,12.5,673,520,520,0,77.27,0
באר שבע,9000,12.6,673,491,490,1,72.96,0
באר שבע,9000,12.7,668,494,489,5,73.95,0
באר שבע,9000,32,530,362,360,2,68.3,0
באר שבע,9000,43.1,608,391,390,1,64.31,0
באר שבע,9000,43.2,608,344,342,2,56.58,0
באר שבע,9000,43.3,608,342,340,2,56.25,0
באר שבע,9000,43.4,606,335,334,1,55.28,0
באר שבע,9000,51,530,410,409,1,77.36,0
באר שבע,9000,71.1,545,261,255,6,47.89,0
באר שבע,9000,71.2,545,285,283,2,52.29,0
באר שבע,9000,71.3,545,256,254,2,46.97,0
באר שבע,9000,71.4,542,228,227,1,42.07,0
באר שבע,9000,81.1,638,293,286,7,45.92,0
באר שבע,9000,81.2,638,315,312,3,49.37,0
באר שבע,9000,81.3,638,329,328,1,51.57,0
באר שבע,9000,81.4,636,296,292,4,46.54,0
באר שבע,9000,90.1,619,331,329,2,53.47,0
באר שבע,9000,90.2,619,274,271,3,44.26,0
באר שבע,9000,90.3,619,293,292,1,47.33,0
באר שבע,9000,90.4,619,279,273,6,45.07,0
באר שבע,9000,90.5,617,253,248,5,41.0,0
באר שבע,9000,99.1,584,359,358,1,61.47,0
באר שבע,9000,99.2,584,387,385,2,66.27,0
באר שבע,9000,99.3,584,398,396,2,68.15,0
באר שבע,9000,99.4,584,345,343,2,59.08,0
באר שבע,9000,120.1,619,295,292,3,47.66,0
באר שבע,9000,120.2,619,330,328,2,53.31,0
באר שבע,9000,122,530,362,360,2,68.3,0
באר שבע,9000,123,613,416,413,3,67.86,0
באר שבע,9000,124,570,335,333,2,58.77,0
באר שבע,9000,126,562,197,197,0,35.05,0
באר שבע,9000,127,583,318,315,3,54.55,0
באר שבע,9000,129.1,637,438,438,0,68.76,0
באר שבע,9000,129.2,637,409,409,0,64.21,0
באר שבע,9000,129.3,637,434,428,6,68.13,0
באר שבע,9000,129.4,637,437,435,2,68.6,0
באר שבע,9000,129.5,634,448,441,7,70.66,0
באר שבע,9000,132,511,273,266,7,53.42,0
באר שבע,9000,136,489,269,263,6,55.01,0
באר שבע,9000,137.1,501,280,275,5,55.89,0
באר שבע,9000,137.2,501,261,257,4,52.1,0
באר שבע,9000,138,569,373,373,0,65.55,0
באר שבע,9000,139,627,477,476,1,76.08,0
באר שבע,9000,140,577,402,401,1,69.67,0
באר שבע,9000,149,549,380,376,4,69.22,0
באר שבע,9000,150,662,487,485,2,73.56,0
באר שבע,9000,161.1,476,277,276,1,58.19,0
באר שבע,9000,161.2,476,288,282,6,60.5,0
באר שבע,9000,161.3,476,263,260,3,55.25,0
באר שבע,9000,164,477,340,339,1,71.28,0
באר שבע,9000,166.1,645,446,442,4,69.15,0
באר שבע,9000,166.2,645,420,419,1,65.12,0
באר שבע,9000,166.3,645,437,435,2,67.75,0
באר שבע,9000,166.4,645,451,445,6,69.92,0
באר שבע,9000,166.5,642,420,417,3,65.42,0
באר שבע,9000,181,541,393,391,2,72.64,0
באר שבע,9000,182,586,374,372,2,63.82,0
באר שבע,9000,183,629,424,422,2,67.41,0
באר שבע,9000,184,618,457,456,1,73.95,0
באר שבע,9000,187,627,423,423,0,67.46,0
באר שבע,9000,190,632,465,464,1,73.58,0
באר שבע,9000,196,480,345,343,2,71.88,0
באר שבע,9000,197.1,686,395,387,8,57.58,0
באר שבע,9000,197.2,686,390,387,3,56.85,0
באר שבע,9000,197.3,686,374,367,7,54.52,0
באר שבע,9000,197.4,686,403,396,7,58.75,0
באר שבע,9000,197.5,682,368,362,6,53.96,0
באר שבע,9000,198,485,365,365,0,75.26,0
באר שבע,9000,232,692,550,550,0,79.48,0
באר שבע,9000,235.1,589,375,371,4,63.67,0
באר שבע,9000,235.2,589,387,381,6,65.7,0
באר שבע,9000,235.3,589,395,388,7,67.06,0
באר שבע,9000,235.4,589,399,397,2,67.74,0
באר שבע,9000,235.5,586,362,360,2,61.77,0
באר שבע,9000,238.1,689,455,453,2,66.04,0
באר שבע,9000,238.2,689,473,472,1,68.65,0
באר שבע,9000,238.3,689,488,487,1,70.83,0
באר שבע,9000,238.4,688,443,443,0,64.39,0
באר שבע,9000,244,611,427,424,3,69.89,0
באר שבע,9000,246,585,432,432,0,73.85,0
באר שבע,9000,247,566,345,343,2,60.95,0
באר שבע,9000,248,681,433,431,2,63.58,0
באר שבע,9000,254,648,362,358,4,55.86,0
באר שבע,9000,256,504,397,397,0,78.77,0
באר שבע,9000,270,559,389,383,6,69.59,0
באר שבע,9000,271,649,505,505,0,77.81,0
באר שבע,9000,272,687,467,463,4,67.98,0
באר שבע,9000,273,610,456,454,2,74.75,0
באר שבע,9000,275,505,402,401,1,79.6,0
באר שבע,9000,291,661,500,499,1,75.64,0
באר שבע,9000,292,518,336,331,5,64.86,0
באר שבע,9000,293,606,458,455,3,75.58,0
באר שבע,9000,306,577,456,454,2,79.03,0
באר שבע,9000,951.1,458,354,352,2,77.29,0
באר שבע,9000,951.2,458,344,341,3,75.11,0
בארות יצחק,450,1,384,262,260,2,68.23,0
בארותיים,697,1.1,377,287,285,2,76.13,0
בארותיים,697,1.2,377,298,298,0,79.05,0
בארי,399,1,421,329,329,0,78.15,0
בארי,399,2,438,334,332,2,76.26,0
בוסתן הגליל,559,1.1,374,276,275,1,73.8,0
בוסתן הגליל,559,1.2,374,287,287,0,76.74,0
בועיינהנוגידאת,482,1.1,700,347,336,11,49.57,0
בועיינהנוגידאת,482,1.2,699,407,402,5,58.23,0
בועיינהנוגידאת,482,3.1,375,208,204,4,55.47,0
בועיינהנוגידאת,482,3.2,374,212,209,3,56.68,0
בועיינהנוגידאת,482,5.1,382,213,212,1,55.76,0
בועיינהנוגידאת,482,5.2,382,209,208,1,54.71,0
בועיינהנוגידאת,482,6,645,425,421,4,65.89,0
בועיינהנוגידאת,482,7.1,694,416,408,8,59.94,0
בועיינהנוגידאת,482,7.2,694,405,401,4,58.36,0
בועיינהנוגידאת,482,7.3,693,354,331,23,51.08,0
בועיינהנוגידאת,482,9.1,480,306,302,4,63.75,0
בועיינהנוגידאת,482,9.2,480,242,239,3,50.42,0
בועיינהנוגידאת,482,9.3,478,256,251,5,53.56,0
בוקעאתא,4001,1.1,375,88,88,0,23.47,0
בוקעאתא,4001,1.2,374,102,102,0,27.27,0
בורגתה,698,1,507,380,380,0,74.95,0
בורגתה,698,2,328,237,237,0,72.26,0
בחן,2043,1,672,501,501,0,74.55,0
בטחה,762,1,629,515,515,0,81.88,0
ביצרון,234,1,424,319,319,0,75.24,0
ביצרון,234,2,434,334,334,0,76.96,0
ביר אלמכסור,998,2.1,491,275,267,8,56.01,0
ביר אלמכסור,998,2.2,491,294,292,2,59.88,0
ביר אלמכסור,998,2.3,490,280,274,6,57.14,0
ביר אלמכסור,998,8.1,697,427,420,7,61.26,0
ביר אלמכסור,998,8.2,697,436,431,5,62.55,0
ביר אלמכסור,998,8.3,697,464,461,3,66.57,0
ביר אלמכסור,998,8.4,696,453,451,2,65.09,0
ביר אלמכסור,998,9.1,683,399,398,1,58.42,0
ביר אלמכסור,998,9.2,683,400,397,3,58.57,0
ביר אלמכסור,998,9.3,683,411,410,1,60.18,0
ביר אלמכסור,998,9.4,683,460,460,0,67.35,0
ביר הדאג,1348,2.1,682,370,369,1,54.25,0
ביר הדאג,1348,2.2,681,425,420,5,62.41,0
ביריה,368,1,639,456,455,1,71.36,0
בית אורן,317,1,358,229,229,0,63.97,0
בית אל,3574,1,687,521,520,1,75.84,0
בית אל,3574,2.1,510,398,398,0,78.04,0
בית אל,3574,2.2,510,373,372,1,73.14,0
בית אל,3574,2.3,510,410,410,0,80.39,0
בית אל,3574,3,686,530,528,2,77.26,0
בית אל,3574,5,600,472,470,2,78.67,0
בית אלעזרי,562,1,530,402,402,0,75.85,0
בית אלעזרי,562,2,558,416,416,0,74.55,0
בית אלפא,95,1.1,362,255,253,2,70.44,0
בית אלפא,95,1.2,362,263,260,3,72.65,0
בית אריה,3652,1,469,307,306,1,65.46,0
בית אריה,3652,5.1,668,492,490,2,73.65,0
בית אריה,3652,5.2,668,477,477,0,71.41,0
בית אריה,3652,5.3,668,469,468,1,70.21,0
בית אריה,3652,5.4,667,462,462,0,69.27,0
בית אריה,3652,101.1,376,278,278,0,73.94,0
בית אריה,3652,101.2,376,274,273,1,72.87,0
בית גן,480,3,629,320,317,3,50.87,0
בית גן,480,5,579,285,283,2,49.22,0
בית גן,480,6.1,686,336,332,4,48.98,0
בית גן,480,6.2,686,388,387,1,56.56,0
בית גן,480,8.1,506,265,263,2,52.37,0
בית גן,480,8.2,506,253,249,4,50.0,0
בית גן,480,8.3,505,299,298,1,59.21,0
בית גן,480,9.1,504,260,260,0,51.59,0
בית גן,480,9.2,504,269,267,2,53.37,0
בית גן,480,9.3,503,268,261,7,53.28,0
בית גן,480,10.1,510,287,286,1,56.27,0
בית גן,480,10.2,510,289,288,1,56.67,0
בית גן,480,10.3,508,254,254,0,50.0,0
בית גן,480,11.1,681,355,354,1,52.13,0
בית גן,480,11.2,681,360,359,1,52.86,0
בית גן,480,11.3,679,379,374,5,55.82,0
בית גוברין,619,1,302,227,227,0,75.17,0
בית גמליאל,571,1,367,281,280,1,76.57,0
בית גמליאל,571,2,388,289,289,0,74.48,0
בית דגן,466,2.1,565,415,413,2,73.45,0
בית דגן,466,2.2,565,445,441,4,78.76,0
בית דגן,466,2.3,565,443,442,1,78.41,0
בית דגן,466,2.4,565,439,439,0,77.7,0
בית דגן,466,3,619,463,460,3,74.8,0
בית דגן,466,4,669,496,496,0,74.14,0
בית דגן,466,6,683,511,505,6,74.82,0
בית דגן,466,7,636,482,481,1,75.79,0
בית דגן,466,8,663,498,497,1,75.11,0
בית הגדי,723,1,595,491,491,0,82.52,0
בית הלוי,373,1,544,416,416,0,76.47,0
בית הלל,322,1,600,405,404,1,67.5,0
בית העמק,572,1,539,371,371,0,68.83,0
בית הערבה,3645,1,239,205,202,3,85.77,0
בית השיטה,242,1,554,375,373,2,67.69,0
בית השיטה,242,2,497,361,359,2,72.64,0
בית זיד,353,1,108,69,68,1,63.89,0
בית זית,710,1,555,400,397,3,72.07,0
בית זית,710,2,571,412,412,0,72.15,0
בית זרע,143,1,629,397,396,1,63.12,0
בית חורון,3575,1,423,338,337,1,79.91,0
בית חורון,3575,2,463,380,380,0,82.07,0
בית חירות,877,1,618,462,462,0,74.76,0
בית חלקיה,2033,1,484,400,396,4,82.64,0
בית חנן,159,1,508,377,377,0,74.21,0
בית חנניה,800,1,628,479,479,0,76.27,0
בית חשמונאי,1050,2.1,509,387,386,1,76.03,0
בית חשמונאי,1050,2.2,509,402,402,0,78.98,0
בית חשמונאי,1050,2.3,507,399,399,0,78.7,0
בית יהושע,288,1,494,357,356,1,72.27,0
בית יהושע,288,2,299,225,223,2,75.25,0
בית יוסף,265,1,369,269,268,1,72.9,0
בית ינאי,200,1,308,201,201,0,65.26,0
בית יצחקשער חפר,326,1,568,423,423,0,74.47,0
בית יצחקשער חפר,326,2,500,370,369,1,74.0,0
בית יצחקשער חפר,326,3,590,472,465,7,80.0,0
בית לחם הגלילית,430,1,604,449,449,0,74.34,0
בית מאיר,751,1,341,245,245,0,71.85,0
בית נחמיה,784,1,647,489,487,2,75.58,0
בית ניר,16,1,488,366,365,1,75.0,0
בית נקופה,672,1,498,371,368,3,74.5,0
בית עובד,202,1,255,186,185,1,72.94,0
בית עוזיאל,301,1,479,368,367,1,76.83,0
בית עזרא,756,1,362,279,278,1,77.07,0
בית עזרא,756,2,471,366,364,2,77.71,0
בית עריף,604,1.1,387,302,302,0,78.04,0
בית עריף,604,1.2,386,306,304,2,79.27,0
בית צבי,212,1,65,38,37,1,58.46,0
בית קמה,598,1.1,376,279,279,0,74.2,0
בית קמה,598,1.2,375,286,286,0,76.27,0
בית קשת,365,1,496,342,340,2,68.95,0
בית רבן,848,1,299,212,211,1,70.9,0
בית רימון,1162,1,448,374,374,0,83.48,0
בית שאן,9200,1.1,467,305,303,2,65.31,0
בית שאן,9200,1.2,467,321,317,4,68.74,0
בית שאן,9200,1.3,467,292,292,0,62.53,0
בית שאן,9200,3,678,467,464,3,68.88,0
בית שאן,9200,4,546,394,393,1,72.16,0
בית שאן,9200,5,614,414,413,1,67.43,0
בית שאן,9200,6.1,641,443,442,1,69.11,0
בית שאן,9200,6.2,641,455,455,0,70.98,0
בית שאן,9200,7,461,327,325,2,70.93,0
בית שאן,9200,8,459,350,350,0,76.25,0
בית שאן,9200,9,549,364,363,1,66.3,0
בית שאן,9200,13,442,294,294,0,66.52,0
בית שאן,9200,17,584,402,400,2,68.84,0
בית שאן,9200,18,585,371,368,3,63.42,0
בית שאן,9200,20.1,663,451,450,1,68.02,0
בית שאן,9200,20.2,663,458,456,2,69.08,0
בית שאן,9200,21,416,269,268,1,64.66,0
בית שאן,9200,22.1,630,460,460,0,73.02,0
בית שאן,9200,22.2,630,450,447,3,71.43,0
בית שאן,9200,22.3,630,423,422,1,67.14,0
בית שאן,9200,22.4,630,452,451,1,71.75,0
בית שאן,9200,23,505,384,383,1,76.04,0
בית שאן,9200,25.1,604,474,473,1,78.48,0
בית שאן,9200,25.2,604,480,479,1,79.47,0
בית שאן,9200,25.3,604,474,474,0,78.48,0
בית שאן,9200,25.4,602,471,471,0,78.24,0
בית שמש,2610,47.1,553,386,384,2,69.8,0
בית שמש,2610,47.2,553,415,415,0,75.05,0
בית שמש,2610,47.3,553,424,421,3,76.67,0
בית שמש,2610,47.4,552,397,394,3,71.92,0
בית שמש,2610,50,683,507,500,7,74.23,0
בית שמש,2610,64,587,459,457,2,78.19,0
בית שמש,2610,66.1,493,363,362,1,73.63,0
בית שמש,2610,66.2,493,376,374,2,76.27,0
בית שמש,2610,66.3,491,380,379,1,77.39,0
בית שמש,2610,69.1,697,494,494,0,70.88,0
בית שמש,2610,69.2,697,490,490,0,70.3,0
בית שמש,2610,69.3,695,488,486,2,70.22,0
בית שמש,2610,81,602,425,422,3,70.6,0
בית שמש,2610,87,552,435,435,0,78.8,0
בית שמש,2610,88.1,647,557,548,9,86.09,0
בית שמש,2610,88.2,647,539,536,3,83.31,0
בית שמש,2610,88.3,645,537,532,5,83.26,0
בית שמש,2610,93.1,492,381,380,1,77.44,0
בית שמש,2610,93.2,492,357,356,1,72.56,0
בית שמש,2610,93.3,492,327,325,2,66.46,0
בית שמש,2610,106,625,537,535,2,85.92,0
בית שמש,2610,108.1,479,363,361,2,75.78,0
בית שמש,2610,108.2,479,369,365,4,77.04,0
בית שמש,2610,108.3,478,361,358,3,75.52,0
בית שמש,2610,110.1,636,527,523,4,82.86,0
בית שמש,2610,110.2,636,509,509,0,80.03,0
בית שמש,2610,110.3,636,544,539,5,85.53,0
בית שמש,2610,110.4,633,494,488,6,78.04,0
בית שמש,2610,111.1,533,448,447,1,84.05,0
בית שמש,2610,111.2,532,434,424,10,81.58,0
בית שמש,2610,116,522,433,429,4,82.95,0
בית שמש,2610,118.1,640,510,508,2,79.69,0
בית שמש,2610,118.2,640,508,505,3,79.38,0
בית שמש,2610,118.3,640,469,469,0,73.28,0
בית שמש,2610,11,566,426,425,1,75.27,0
בית שמש,2610,19.1,577,378,374,4,65.51,0
בית שמש,2610,19.2,577,368,366,2,63.78,0
בית שמש,2610,19.3,577,385,381,4,66.72,0
בית שמש,2610,19.4,577,337,333,4,58.41,0
בית שמש,2610,19.5,573,308,304,4,53.75,0
בית שמש,2610,24.1,646,447,445,2,69.2,0
בית שמש,2610,24.2,646,444,442,2,68.73,0
בית שמש,2610,24.3,646,473,473,0,73.22,0
בית שמש,2610,24.4,646,462,459,3,71.52,0
בית שמש,2610,24.5,642,416,414,2,64.8,0
בית שמש,2610,30,626,480,479,1,76.68,0
בית שמש,2610,34,540,322,317,5,59.63,0
בית שמש,2610,38.1,478,372,366,6,77.82,0
בית שמש,2610,38.2,478,352,352,0,73.64,0
בית שמש,2610,38.3,476,357,354,3,75.0,0
בית שמש,2610,51,553,433,432,1,78.3,0
בית שמש,2610,57,650,477,475,2,73.38,0
בית שמש,2610,58.1,402,226,225,1,56.22,0
בית שמש,2610,58.2,401,270,270,0,67.33,0
בית שמש,2610,63,680,483,480,3,71.03,0
בית שמש,2610,65,609,446,444,2,73.23,0
בית שמש,2610,70,643,349,348,1,54.28,0
בית שמש,2610,71,673,180,177,3,26.75,0
בית שמש,2610,77,653,115,115,0,17.61,0
בית שמש,2610,79,646,471,463,8,72.91,0
בית שמש,2610,80.1,548,413,413,0,75.36,0
בית שמש,2610,80.2,548,427,425,2,77.92,0
בית שמש,2610,80.3,548,412,411,1,75.18,0
בית שמש,2610,82,638,166,166,0,26.02,0
בית שמש,2610,83,609,393,389,4,64.53,0
בית שמש,2610,85,531,300,298,2,56.5,0
בית שמש,2610,86.1,559,131,131,0,23.43,0
בית שמש,2610,86.2,559,136,136,0,24.33,0
בית שמש,2610,86.3,559,116,115,1,20.75,0
בית שמש,2610,86.4,556,87,86,1,15.65,0
בית שמש,2610,92,618,426,424,2,68.93,0
בית שמש,2610,94.1,688,502,500,2,72.97,0
בית שמש,2610,94.2,688,481,475,6,69.91,0
בית שמש,2610,96,582,411,409,2,70.62,0
בית שמש,2610,101,434,353,351,2,81.34,0
בית שמש,2610,102.1,697,317,316,1,45.48,0
בית שמש,2610,102.2,697,386,384,2,55.38,0
בית שמש,2610,102.3,695,291,291,0,41.87,0
בית שמש,2610,103.1,670,266,264,2,39.7,0
בית שמש,2610,103.2,670,329,329,0,49.1,0
בית שמש,2610,103.3,670,330,325,5,49.25,0
בית שמש,2610,103.4,670,321,317,4,47.91,0
בית שמש,2610,103.5,667,274,272,2,41.08,0
בית שמש,2610,104,668,545,543,2,81.59,0
בית שמש,2610,114.1,553,411,407,4,74.32,0
בית שמש,2610,114.2,553,443,441,2,80.11,0
בית שמש,2610,114.3,553,413,406,7,74.68,0
בית שמש,2610,114.4,551,399,393,6,72.41,0
בית שמש,2610,117,437,358,357,1,81.92,0
בית שמש,2610,119,324,279,278,1,86.11,0
בית שמש,2610,120,656,409,408,1,62.35,0
בית שמש,2610,2,617,367,363,4,59.48,0
בית שמש,2610,4,699,424,421,3,60.66,0
בית שמש,2610,6.1,647,416,416,0,64.3,0
בית שמש,2610,6.2,647,410,408,2,63.37,0
בית שמש,2610,6.3,647,407,405,2,62.91,0
בית שמש,2610,6.4,645,382,377,5,59.22,0
בית שמש,2610,8.1,665,424,423,1,63.76,0
בית שמש,2610,8.2,665,416,413,3,62.56,0
בית שמש,2610,12.1,641,379,375,4,59.13,0
בית שמש,2610,12.2,641,405,401,4,63.18,0
בית שמש,2610,12.3,639,367,364,3,57.43,0
בית שמש,2610,15,576,398,395,3,69.1,0
בית שמש,2610,16.1,690,506,504,2,73.33,0
בית שמש,2610,16.2,690,498,497,1,72.17,0
בית שמש,2610,16.3,690,501,498,3,72.61,0
בית שמש,2610,16.4,690,434,432,2,62.9,0
בית שמש,2610,18,491,275,272,3,56.01,0
בית שמש,2610,20,629,437,430,7,69.48,0
בית שמש,2610,21,659,406,399,7,61.61,0
בית שמש,2610,22,682,445,441,4,65.25,0
בית שמש,2610,23,535,356,351,5,66.54,0
בית שמש,2610,27,620,443,436,7,71.45,0
בית שמש,2610,28,575,395,392,3,68.7,0
בית שמש,2610,29,545,314,310,4,57.61,0
בית שמש,2610,32,577,394,392,2,68.28,0
בית שמש,2610,33,696,497,493,4,71.41,0
בית שמש,2610,37.1,365,259,259,0,70.96,0
בית שמש,2610,37.2,365,248,245,3,67.95,0
בית שמש,2610,40,554,358,355,3,64.62,0
בית שמש,2610,41,617,425,423,2,68.88,0
בית שמש,2610,42,681,403,398,5,59.18,0
בית שמש,2610,45,448,278,277,1,62.05,0
בית שמש,2610,46,480,333,330,3,69.38,0
בית שמש,2610,75.1,640,438,436,2,68.44,0
בית שמש,2610,75.2,640,418,414,4,65.31,0
בית שמש,2610,91.1,472,293,292,1,62.08,0
בית שמש,2610,91.2,472,287,287,0,60.81,0
בית שמש,2610,91.3,470,272,269,3,57.87,0
בית שמש,2610,107,598,401,399,2,67.06,0
בית שמש,2610,950.1,488,335,333,2,68.65,0
בית שמש,2610,950.2,488,313,309,4,64.14,0
בית שמש,2610,950.3,486,320,318,2,65.84,0
בית שערים,248,1,526,393,392,1,74.71,0
בית שקמה,747,1,575,425,421,4,73.91,0
ביתן אהרן,252,1,240,87,87,0,36.25,0
ביתר עילית,3780,3,623,485,484,1,77.85,0
ביתר עילית,3780,4,582,465,462,3,79.9,0
ביתר עילית,3780,6.1,498,396,392,4,79.52,0
ביתר עילית,3780,6.2,498,376,373,3,75.5,0
ביתר עילית,3780,6.3,498,414,414,0,83.13,0
ביתר עילית,3780,7,577,452,448,4,78.34,0
ביתר עילית,3780,11.1,670,530,528,2,79.1,0
ביתר עילית,3780,11.2,670,554,547,7,82.69,0
ביתר עילית,3780,11.3,670,543,540,3,81.04,0
ביתר עילית,3780,11.4,670,517,516,1,77.16,0
ביתר עילית,3780,11.5,670,545,542,3,81.34,0
ביתר עילית,3780,11.6,669,531,526,5,79.37,0
ביתר עילית,3780,28,552,411,409,2,74.46,0
ביתר עילית,3780,37,502,382,381,1,76.1,0
ביתר עילית,3780,38.1,663,546,544,2,82.35,0
ביתר עילית,3780,38.2,663,531,529,2,80.09,0
ביתר עילית,3780,38.3,663,542,535,7,81.75,0
ביתר עילית,3780,38.4,663,511,509,2,77.07,0
ביתר עילית,3780,44.1,597,468,462,6,78.39,0
ביתר עילית,3780,44.2,597,466,462,4,78.06,0
ביתר עילית,3780,44.3,597,494,491,3,82.75,0
ביתר עילית,3780,44.4,597,481,481,0,80.57,0
ביתר עילית,3780,44.5,595,465,463,2,78.15,0
ביתר עילית,3780,16,608,487,485,2,80.1,0
ביתר עילית,3780,17,669,567,560,7,84.75,0
ביתר עילית,3780,19.1,539,463,460,3,85.9,0
ביתר עילית,3780,19.2,539,465,464,1,86.27,0
ביתר עילית,3780,19.3,539,452,448,4,83.86,0
ביתר עילית,3780,19.4,536,474,473,1,88.43,0
ביתר עילית,3780,29.1,403,340,340,0,84.37,0
ביתר עילית,3780,29.2,402,336,335,1,83.58,0
ביתר עילית,3780,32.1,602,520,516,4,86.38,0
ביתר עילית,3780,32.2,602,496,495,1,82.39,0
ביתר עילית,3780,32.3,602,495,491,4,82.23,0
ביתר עילית,3780,32.4,602,499,494,5,82.89,0
ביתר עילית,3780,32.5,602,471,463,8,78.24,0
ביתר עילית,3780,39.1,610,491,490,1,80.49,0
ביתר עילית,3780,39.2,610,513,507,6,84.1,0
ביתר עילית,3780,39.3,610,500,496,4,81.97,0
ביתר עילית,3780,39.4,607,509,505,4,83.86,0
ביתר עילית,3780,41,607,489,484,5,80.56,0
ביתר עילית,3780,43.1,695,590,582,8,84.89,0
ביתר עילית,3780,43.2,695,583,579,4,83.88,0
ביתר עילית,3780,43.3,695,582,578,4,83.74,0
ביתר עילית,3780,43.4,695,584,582,2,84.03,0
ביתר עילית,3780,43.5,693,550,548,2,79.37,0
ביתר עילית,3780,46.1,524,433,425,8,82.63,0
ביתר עילית,3780,46.2,524,422,421,1,80.53,0
ביתר עילית,3780,46.3,524,431,429,2,82.25,0
בלפוריה,94,1,413,321,320,1,77.72,0
בן זכאי,760,1,584,491,490,1,84.08,0
בן עמי,712,1,558,399,397,2,71.51,0
בן שמן כפר נוער,1084,1,245,166,166,0,67.76,0
בן שמן מושב,2013,1,610,467,467,0,76.56,0
בני ברק,6100,1.1,505,311,310,1,61.58,0
בני ברק,6100,1.2,505,336,334,2,66.53,0
בני ברק,6100,1.3,504,314,308,6,62.3,0
בני ברק,6100,2.1,640,454,454,0,70.94,0
בני ברק,6100,2.2,640,442,438,4,69.06,0
בני ברק,6100,2.3,640,484,484,0,75.62,0
בני ברק,6100,2.4,640,505,499,6,78.91,0
בני ברק,6100,2.5,640,469,468,1,73.28,0
בני ברק,6100,2.6,636,479,474,5,75.31,0
בני ברק,6100,5.1,548,442,438,4,80.66,0
בני ברק,6100,5.2,548,451,449,2,82.3,0
בני ברק,6100,5.3,548,435,431,4,79.38,0
בני ברק,6100,5.4,545,451,450,1,82.75,0
בני ברק,6100,6,671,521,521,0,77.65,0
בני ברק,6100,7,518,367,367,0,70.85,0
בני ברק,6100,10,523,448,447,1,85.66,0
בני ברק,6100,12,695,588,587,1,84.6,0
בני ברק,6100,13,542,460,456,4,84.87,0
בני ברק,6100,14,685,573,567,6,83.65,0
בני ברק,6100,16,620,457,454,3,73.71,0
בני ברק,6100,17.1,627,467,464,3,74.48,0
בני ברק,6100,17.2,627,449,443,6,71.61,0
בני ברק,6100,17.3,627,439,438,1,70.02,0
בני ברק,6100,17.4,627,437,433,4,69.7,0
בני ברק,6100,17.5,625,419,414,5,67.04,0
בני ברק,6100,18,660,417,414,3,63.18,0
בני ברק,6100,20,425,278,275,3,65.41,0
בני ברק,6100,21,486,286,283,3,58.85,0
בני ברק,6100,25,625,453,453,0,72.48,0
בני ברק,6100,27,691,441,434,7,63.82,0
בני ברק,6100,52,525,410,409,1,78.1,0
בני ברק,6100,140,616,529,524,5,85.88,0
בני ברק,6100,141,542,373,373,0,68.82,0
בני ברק,6100,163.1,663,576,574,2,86.88,0
בני ברק,6100,163.2,663,568,564,4,85.67,0
בני ברק,6100,163.3,661,565,560,5,85.48,0
בני ברק,6100,175,665,502,502,0,75.49,0
בני ברק,6100,59.1,681,541,540,1,79.44,0
בני ברק,6100,59.2,681,570,562,8,83.7,0
בני ברק,6100,59.3,681,569,565,4,83.55,0
בני ברק,6100,59.4,681,521,520,1,76.51,0
בני ברק,6100,59.5,681,544,537,7,79.88,0
בני ברק,6100,59.6,676,517,514,3,76.48,0
בני ברק,6100,61.1,651,500,495,5,76.8,0
בני ברק,6100,61.2,651,508,507,1,78.03,0
בני ברק,6100,61.3,651,493,491,2,75.73,0
בני ברק,6100,61.4,651,495,490,5,76.04,0
בני ברק,6100,61.5,649,502,495,7,77.35,0
בני ברק,6100,64.1,659,537,535,2,81.49,0
בני ברק,6100,64.2,659,497,492,5,75.42,0
בני ברק,6100,64.3,659,530,525,5,80.42,0
בני ברק,6100,64.4,659,506,504,2,76.78,0
בני ברק,6100,64.5,659,520,518,2,78.91,0
בני ברק,6100,64.6,654,539,538,1,82.42,0
בני ברק,6100,69,529,436,431,5,82.42,0
בני ברק,6100,70.1,634,530,524,6,83.6,0
בני ברק,6100,70.2,634,518,516,2,81.7,0
בני ברק,6100,70.3,634,564,561,3,88.96,0
בני ברק,6100,70.4,634,512,506,6,80.76,0
בני ברק,6100,70.5,634,506,504,2,79.81,0
בני ברק,6100,70.6,630,480,472,8,76.19,0
בני ברק,6100,73.1,657,541,538,3,82.34,0
בני ברק,6100,73.2,657,535,531,4,81.43,0
בני ברק,6100,73.3,656,541,537,4,82.47,0
בני ברק,6100,74,527,452,449,3,85.77,0
בני ברק,6100,77,543,464,464,0,85.45,0
בני ברק,6100,124.1,695,591,587,4,85.04,0
בני ברק,6100,124.2,694,561,559,2,80.84,0
בני ברק,6100,142,637,534,531,3,83.83,0
בני ברק,6100,157.1,591,456,452,4,77.16,0
בני ברק,6100,157.2,591,500,493,7,84.6,0
בני ברק,6100,157.3,591,471,466,5,79.7,0
בני ברק,6100,157.4,591,444,434,10,75.13,0
בני ברק,6100,157.5,591,461,454,7,78.0,0
בני ברק,6100,157.6,587,465,453,12,79.22,0
בני ברק,6100,159,676,528,524,4,78.11,0
בני ברק,6100,169,517,444,443,1,85.88,0
בני ברק,6100,178,578,466,464,2,80.62,0
בני ברק,6100,86.1,561,477,476,1,85.03,0
בני ברק,6100,86.2,561,465,462,3,82.89,0
בני ברק,6100,86.3,561,451,445,6,80.39,0
בני ברק,6100,86.4,561,476,471,5,84.85,0
בני ברק,6100,86.5,560,472,470,2,84.29,0
בני ברק,6100,88.1,687,562,557,5,81.8,0
בני ברק,6100,88.2,686,540,535,5,78.72,0
בני ברק,6100,113.1,653,538,533,5,82.39,0
בני ברק,6100,113.2,653,571,571,0,87.44,0
בני ברק,6100,113.3,653,541,540,1,82.85,0
בני ברק,6100,113.4,653,543,537,6,83.15,0
בני ברק,6100,113.5,653,546,539,7,83.61,0
בני ברק,6100,113.6,651,558,552,6,85.71,0
בני ברק,6100,118,660,521,515,6,78.94,0
בני ברק,6100,122.1,553,386,383,3,69.8,0
בני ברק,6100,122.2,553,347,343,4,62.75,0
בני ברק,6100,122.3,552,397,397,0,71.92,0
בני ברק,6100,135.1,593,362,358,4,61.05,0
בני ברק,6100,135.2,593,274,273,1,46.21,0
בני ברק,6100,135.3,593,346,343,3,58.35,0
בני ברק,6100,135.4,593,326,323,3,54.97,0
בני ברק,6100,135.5,593,354,345,9,59.7,0
בני ברק,6100,135.6,592,274,270,4,46.28,0
בני ברק,6100,153.1,632,459,457,2,72.63,0
בני ברק,6100,153.2,632,474,467,7,75.0,0
בני ברק,6100,153.3,632,518,517,1,81.96,0
בני ברק,6100,153.4,632,481,481,0,76.11,0
בני ברק,6100,153.5,632,443,441,2,70.09,0
בני ברק,6100,153.6,631,471,465,6,74.64,0
בני ברק,6100,155.1,693,559,553,6,80.66,0
בני ברק,6100,155.2,693,586,582,4,84.56,0
בני ברק,6100,155.3,693,557,557,0,80.38,0
בני ברק,6100,174,471,386,385,1,81.95,0
בני ברק,6100,45.1,651,498,491,7,76.5,0
בני ברק,6100,45.2,651,465,460,5,71.43,0
בני ברק,6100,45.3,651,513,510,3,78.8,0
בני ברק,6100,45.4,649,466,461,5,71.8,0
בני ברק,6100,82.1,649,494,490,4,76.12,0
בני ברק,6100,82.2,649,466,451,15,71.8,0
בני ברק,6100,82.3,649,525,522,3,80.89,0
בני ברק,6100,82.4,649,504,501,3,77.66,0
בני ברק,6100,82.5,649,483,473,10,74.42,0
בני ברק,6100,91.1,665,395,393,2,59.4,0
בני ברק,6100,91.2,665,410,409,1,61.65,0
בני ברק,6100,91.3,664,421,415,6,63.4,0
בני ברק,6100,103.1,573,446,445,1,77.84,0
בני ברק,6100,103.2,573,454,450,4,79.23,0
בני ברק,6100,103.3,573,446,444,2,77.84,0
בני ברק,6100,103.4,573,438,437,1,76.44,0
בני ברק,6100,103.5,573,449,446,3,78.36,0
בני ברק,6100,109.1,653,528,524,4,80.86,0
בני ברק,6100,109.2,653,514,509,5,78.71,0
בני ברק,6100,109.3,653,504,501,3,77.18,0
בני ברק,6100,109.4,653,524,521,3,80.25,0
בני ברק,6100,109.5,653,510,507,3,78.1,0
בני ברק,6100,109.6,650,520,514,6,80.0,0
בני ברק,6100,112.1,587,448,436,12,76.32,0
בני ברק,6100,112.2,587,421,414,7,71.72,0
בני ברק,6100,112.3,587,461,456,5,78.53,0
בני ברק,6100,112.4,587,445,441,4,75.81,0
בני ברק,6100,112.5,587,463,461,2,78.88,0
בני ברק,6100,112.6,583,417,408,9,71.53,0
בני ברק,6100,132.1,554,455,451,4,82.13,0
בני ברק,6100,132.2,554,445,441,4,80.32,0
בני ברק,6100,132.3,554,446,444,2,80.51,0
בני ברק,6100,132.4,554,428,424,4,77.26,0
בני ברק,6100,151.1,596,442,441,1,74.16,0
בני ברק,6100,151.2,596,400,398,2,67.11,0
בני ברק,6100,151.3,596,432,423,9,72.48,0
בני ברק,6100,151.4,596,424,418,6,71.14,0
בני ברק,6100,151.5,594,474,472,2,79.8,0
בני ברק,6100,33.1,687,517,515,2,75.25,0
בני ברק,6100,33.2,687,525,523,2,76.42,0
בני ברק,6100,33.3,687,505,499,6,73.51,0
בני ברק,6100,33.4,687,494,486,8,71.91,0
בני ברק,6100,33.5,684,512,511,1,74.85,0
בני ברק,6100,36.1,697,533,529,4,76.47,0
בני ברק,6100,36.2,697,502,497,5,72.02,0
בני ברק,6100,36.3,697,519,507,12,74.46,0
בני ברק,6100,36.4,695,494,490,4,71.08,0
בני ברק,6100,37.1,620,450,449,1,72.58,0
בני ברק,6100,37.2,620,464,461,3,74.84,0
בני ברק,6100,37.3,620,465,464,1,75.0,0
בני ברק,6100,37.4,620,452,449,3,72.9,0
בני ברק,6100,37.5,618,446,446,0,72.17,0
בני ברק,6100,38,573,431,425,6,75.22,0
בני ברק,6100,39,536,418,412,6,77.99,0
בני ברק,6100,42,651,463,456,7,71.12,0
בני ברק,6100,47,571,421,410,11,73.73,0
בני ברק,6100,49.1,671,523,515,8,77.94,0
בני ברק,6100,49.2,671,534,526,8,79.58,0
בני ברק,6100,49.3,671,550,542,8,81.97,0
בני ברק,6100,49.4,671,548,543,5,81.67,0
בני ברק,6100,49.5,671,539,533,6,80.33,0
בני ברק,6100,49.6,666,512,505,7,76.88,0
בני ברק,6100,53,688,578,570,8,84.01,0
בני ברק,6100,54,549,387,385,2,70.49,0
בני ברק,6100,55,515,348,345,3,67.57,0
בני ברק,6100,57,698,547,540,7,78.37,0
בני ברק,6100,58,597,474,470,4,79.4,0
בני ברק,6100,98,692,518,513,5,74.86,0
בני ברק,6100,134,511,345,338,7,67.51,0
בני ברק,6100,137,571,473,468,5,82.84,0
בני ברק,6100,146.1,437,342,337,5,78.26,0
בני ברק,6100,146.2,436,352,345,7,80.73,0
בני ברק,6100,160,598,479,472,7,80.1,0
בני ברק,6100,166,646,515,511,4,79.72,0
בני ברק,6100,171,605,485,477,8,80.17,0
בני ברק,6100,176,594,474,469,5,79.8,0
בני דקלים,1368,1.1,367,311,311,0,84.74,0
בני דקלים,1368,1.2,366,314,314,0,85.79,0
בני דרום,592,1,550,445,441,4,80.91,0
בני דרור,386,1,496,365,364,1,73.59,0
בני דרור,386,2,479,154,154,0,32.15,0
בני יהודה,4015,1,467,289,289,0,61.88,0
בני יהודה,4015,2,468,299,296,3,63.89,0
בני נצרים,1363,1,368,308,308,0,83.7,0
בני עטרות,448,1,603,485,485,0,80.43,0
בני עיש,1066,1.1,376,282,279,3,75.0,0
בני עיש,1066,1.2,376,285,284,1,75.8,0
בני עיש,1066,2,614,468,461,7,76.22,0
בני עיש,1066,3,537,306,301,5,56.98,0
בני עיש,1066,4,611,363,361,2,59.41,0
בני עיש,1066,5,519,322,315,7,62.04,0
בני עיש,1066,6,533,301,294,7,56.47,0
בני עיש,1066,7,407,232,225,7,57.0,0
בני עיש,1066,8,557,355,351,4,63.73,0
בני עיש,1066,9,535,212,210,2,39.63,0
בני עיש,1066,10,630,441,434,7,70.0,0
בני ציון,418,1,443,319,319,0,72.01,0
בני ציון,418,2,413,299,298,1,72.4,0
בני ראם,588,1,500,383,383,0,76.6,0
בני ראם,588,2,427,340,339,1,79.63,0
בניה,685,1,616,486,484,2,78.9,0
בנימינהגבעת עדה,9800,1.1,531,370,369,1,69.68,0
בנימינהגבעת עדה,9800,1.2,531,373,372,1,70.24,0
בנימינהגבעת עדה,9800,1.3,531,389,387,2,73.26,0
בנימינהגבעת עדה,9800,1.4,528,392,390,2,74.24,0
בנימינהגבעת עדה,9800,2.1,602,444,443,1,73.75,0
בנימינהגבעת עדה,9800,2.2,602,440,440,0,73.09,0
בנימינהגבעת עדה,9800,2.3,602,433,431,2,71.93,0
בנימינהגבעת עדה,9800,2.4,602,452,450,2,75.08,0
בנימינהגבעת עדה,9800,2.5,602,437,437,0,72.59,0
בנימינהגבעת עדה,9800,2.6,602,434,433,1,72.09,0
בנימינהגבעת עדה,9800,2.7,599,429,428,1,71.62,0
בנימינהגבעת עדה,9800,3.1,485,341,340,1,70.31,0
בנימינהגבעת עדה,9800,3.2,485,338,338,0,69.69,0
בנימינהגבעת עדה,9800,3.3,485,338,335,3,69.69,0
בנימינהגבעת עדה,9800,101,676,482,481,1,71.3,0
בנימינהגבעת עדה,9800,102,540,408,407,1,75.56,0
בנימינהגבעת עדה,9800,103,676,470,469,1,69.53,0
בנימינהגבעת עדה,9800,104,595,451,451,0,75.8,0
בנימינהגבעת עדה,9800,105,615,439,439,0,71.38,0
בסמה,1326,1,637,320,314,6,50.24,0
בסמה,1326,8.1,653,336,324,12,51.45,0
בסמה,1326,8.2,653,239,238,1,36.6,0
בסמה,1326,11.1,664,296,292,4,44.58,0
בסמה,1326,11.2,664,320,315,5,48.19,0
בסמה,1326,11.3,664,304,303,1,45.78,0
בסמה,1326,11.4,663,288,284,4,43.44,0
בסמה,1326,4,698,332,329,3,47.56,0
בסמה,1326,7,637,326,318,8,51.18,0
בסמה,1326,10.1,657,286,282,4,43.53,0
בסמה,1326,10.2,657,262,257,5,39.88,0
בסמת טבעון,944,1.1,468,205,204,1,43.8,0
בסמת טבעון,944,1.2,468,221,220,1,47.22,0
בסמת טבעון,944,1.3,466,190,187,3,40.77,0
בסמת טבעון,944,3.1,473,203,199,4,42.92,0
בסמת טבעון,944,3.2,473,210,204,6,44.4,0
בסמת טבעון,944,3.3,473,212,210,2,44.82,0
בסמת טבעון,944,6.1,697,282,281,1,40.46,0
בסמת טבעון,944,6.2,697,329,329,0,47.2,0
בסמת טבעון,944,8.1,477,200,196,4,41.93,0
בסמת טבעון,944,8.2,477,187,187,0,39.2,0
בסמת טבעון,944,8.3,477,190,185,5,39.83,0
בענה,483,1.1,385,209,204,5,54.29,0
בענה,483,1.2,384,241,241,0,62.76,0
בענה,483,2.1,376,240,235,5,63.83,0
בענה,483,2.2,376,280,267,13,74.47,0
בענה,483,3.1,374,275,271,4,73.53,0
בענה,483,3.2,373,235,234,1,63.0,0
בענה,483,4.1,374,266,264,2,71.12,0
בענה,483,4.2,374,198,197,1,52.94,0
בענה,483,6.1,383,249,248,1,65.01,0
בענה,483,6.2,383,263,259,4,68.67,0
בענה,483,7.1,391,218,217,1,55.75,0
בענה,483,7.2,390,210,208,2,53.85,0
בענה,483,8.1,481,249,249,0,51.77,0
בענה,483,8.2,481,307,305,2,63.83,0
בענה,483,8.3,479,353,349,4,73.7,0
בצרה,389,1,343,244,243,1,71.14,0
בצרה,389,2,470,360,360,0,76.6,0
בצת,589,1,378,297,296,1,78.57,0
בקוע,864,1,571,476,472,4,83.36,0
בקעות,3612,1,145,104,104,0,71.72,0
בר גיורא,823,1,431,332,332,0,77.03,0
בר יוחאי,1191,1.1,356,229,228,1,64.33,0
בר יוחאי,1191,1.2,356,245,245,0,68.82,0
ברוכין,3744,1,473,379,379,0,80.13,0
ברוכין,3744,2,453,393,393,0,86.75,0
ברור חיל,428,1.1,391,257,256,1,65.73,0
ברור חיל,428,1.2,390,258,258,0,66.15,0
ברוש,2060,1,375,286,286,0,76.27,0
ברכה,3710,1.1,664,557,556,1,83.89,0
ברכה,3710,1.2,663,574,573,1,86.58,0
ברכיה,746,1,338,295,295,0,87.28,0
ברכיה,746,2,455,399,398,1,87.69,0
ברעם,667,1,547,369,367,2,67.46,0
ברק,141,1,297,220,219,1,74.07,0
ברקאי,617,1,535,336,333,3,62.8,0
ברקן,3654,1.1,504,352,349,3,69.84,0
ברקן,3654,1.2,504,366,366,0,72.62,0
ברקן,3654,1.3,503,340,338,2,67.59,0
ברקת,2038,2.1,603,511,511,0,84.74,0
ברקת,2038,2.2,602,501,500,1,83.22,0
בת הדר,1323,1,511,407,405,2,79.65,0
בת חן,1361,1,395,234,234,0,59.24,0
בת חפר,1319,5.1,599,424,424,0,70.78,0
בת חפר,1319,5.2,599,425,425,0,70.95,0
בת חפר,1319,5.3,599,422,421,1,70.45,0
בת חפר,1319,5.4,599,437,435,2,72.95,0
בת חפר,1319,5.5,599,436,435,1,72.79,0
בת חפר,1319,5.6,599,431,431,0,71.95,0
בת חפר,1319,5.7,599,455,455,0,75.96,0
בת ים,6200,5,680,308,305,3,45.29,0
בת ים,6200,6,557,329,326,3,59.07,0
בת ים,6200,7,677,407,402,5,60.12,0
בת ים,6200,8,634,260,258,2,41.01,0
בת ים,6200,9,648,385,383,2,59.41,0
בת ים,6200,11,495,193,190,3,38.99,0
בת ים,6200,12,476,193,193,0,40.55,0
בת ים,6200,13,542,370,366,4,68.27,0
בת ים,6200,14,571,284,278,6,49.74,0
בת ים,6200,16,493,195,193,2,39.55,0
בת ים,6200,17,567,256,252,4,45.15,0
בת ים,6200,18,644,273,272,1,42.39,0
בת ים,6200,19,512,239,237,2,46.68,0
בת ים,6200,20,508,183,179,4,36.02,0
בת ים,6200,21,648,265,265,0,40.9,0
בת ים,6200,22,659,240,237,3,36.42,0
בת ים,6200,23,654,323,315,8,49.39,0
בת ים,6200,26,453,191,190,1,42.16,0
בת ים,6200,27,557,194,191,3,34.83,0
בת ים,6200,37,657,301,299,2,45.81,0
בת ים,6200,38,605,293,292,1,48.43,0
בת ים,6200,41,631,303,303,0,48.02,0
בת ים,6200,81,624,279,276,3,44.71,0
בת ים,6200,90,599,242,241,1,40.4,0
בת ים,6200,106,675,338,330,8,50.07,0
בת ים,6200,108,615,436,432,4,70.89,0
בת ים,6200,112,685,174,173,1,25.4,0
בת ים,6200,114,416,144,142,2,34.62,0
בת ים,6200,115,549,212,211,1,38.62,0
בת ים,6200,143,549,274,270,4,49.91,0
בת ים,6200,145,504,282,279,3,55.95,0
בת ים,6200,187,560,203,201,2,36.25,0
בת ים,6200,192,462,222,220,2,48.05,0
בת ים,6200,1,609,369,365,4,60.59,0
בת ים,6200,2,537,279,274,5,51.96,0
בת ים,6200,3,554,274,273,1,49.46,0
בת ים,6200,4,568,277,274,3,48.77,0
בת ים,6200,10,623,253,250,3,40.61,0
בת ים,6200,15,592,268,265,3,45.27,0
בת ים,6200,53.1,628,374,368,6,59.55,0
בת ים,6200,53.2,628,356,349,7,56.69,0
בת ים,6200,53.3,628,365,363,2,58.12,0
בת ים,6200,53.4,628,354,352,2,56.37,0
בת ים,6200,53.5,628,326,323,3,51.91,0
בת ים,6200,53.6,623,314,309,5,50.4,0
בת ים,6200,55.1,634,366,361,5,57.73,0
בת ים,6200,55.2,634,349,345,4,55.05,0
בת ים,6200,55.3,634,311,309,2,49.05,0
בת ים,6200,55.4,634,385,384,1,60.73,0
בת ים,6200,55.5,634,366,363,3,57.73,0
בת ים,6200,55.6,634,357,357,0,56.31,0
בת ים,6200,55.7,634,305,302,3,48.11,0
בת ים,6200,55.8,629,367,364,3,58.35,0
בת ים,6200,72,627,339,338,1,54.07,0
בת ים,6200,73,568,240,236,4,42.25,0
בת ים,6200,74,542,258,257,1,47.6,0
בת ים,6200,75,486,202,198,4,41.56,0
בת ים,6200,76,573,223,221,2,38.92,0
בת ים,6200,77,445,218,215,3,48.99,0
בת ים,6200,79,630,350,346,4,55.56,0
בת ים,6200,80,537,272,270,2,50.65,0
בת ים,6200,83,603,276,273,3,45.77,0
בת ים,6200,86,476,231,231,0,48.53,0
בת ים,6200,87,587,258,255,3,43.95,0
בת ים,6200,88,594,273,272,1,45.96,0
בת ים,6200,91,484,193,193,0,39.88,0
בת ים,6200,92,472,195,192,3,41.31,0
בת ים,6200,94,522,140,140,0,26.82,0
בת ים,6200,103,542,274,273,1,50.55,0
בת ים,6200,105.1,637,354,351,3,55.57,0
בת ים,6200,105.2,637,322,320,2,50.55,0
בת ים,6200,105.3,637,300,296,4,47.1,0
בת ים,6200,105.4,637,354,349,5,55.57,0
בת ים,6200,105.5,637,329,328,1,51.65,0
בת ים,6200,105.6,637,304,304,0,47.72,0
בת ים,6200,105.7,633,320,318,2,50.55,0
בת ים,6200,188,521,265,265,0,50.86,0
בת ים,6200,189,392,147,147,0,37.5,0
בת ים,6200,210,429,200,198,2,46.62,0
בת ים,6200,28.1,672,340,338,2,50.6,0
בת ים,6200,28.2,672,276,273,3,41.07,0
בת ים,6200,28.3,672,307,304,3,45.68,0
בת ים,6200,28.4,672,269,267,2,40.03,0
בת ים,6200,28.5,671,272,268,4,40.54,0
בת ים,6200,34.1,693,314,312,2,45.31,0
בת ים,6200,34.2,693,290,289,1,41.85,0
בת ים,6200,34.3,693,329,328,1,47.47,0
בת ים,6200,34.4,693,259,258,1,37.37,0
בת ים,6200,34.5,693,272,270,2,39.25,0
בת ים,6200,34.6,691,237,236,1,34.3,0
בת ים,6200,51.1,577,313,310,3,54.25,0
בת ים,6200,51.2,577,284,283,1,49.22,0
בת ים,6200,51.3,577,312,308,4,54.07,0
בת ים,6200,51.4,577,319,318,1,55.29,0
בת ים,6200,51.5,573,279,277,2,48.69,0
בת ים,6200,52,660,311,307,4,47.12,0
בת ים,6200,57,494,261,258,3,52.83,0
בת ים,6200,62,526,260,257,3,49.43,0
בת ים,6200,63,472,263,261,2,55.72,0
בת ים,6200,102.1,650,282,279,3,43.38,0
בת ים,6200,102.2,650,282,277,5,43.38,0
בת ים,6200,102.3,650,257,256,1,39.54,0
בת ים,6200,102.4,650,321,318,3,49.38,0
בת ים,6200,102.5,650,281,275,6,43.23,0
בת ים,6200,102.6,650,267,265,2,41.08,0
בת ים,6200,102.7,650,258,254,4,39.69,0
בת ים,6200,102.8,643,264,261,3,41.06,0
בת ים,6200,128.1,608,341,337,4,56.09,0
בת ים,6200,128.2,608,327,325,2,53.78,0
בת ים,6200,128.3,608,318,314,4,52.3,0
בת ים,6200,128.4,608,294,292,2,48.36,0
בת ים,6200,128.5,605,284,281,3,46.94,0
בת ים,6200,193.1,613,360,357,3,58.73,0
בת ים,6200,193.2,613,331,329,2,54.0,0
בת ים,6200,193.3,613,356,353,3,58.08,0
בת ים,6200,193.4,613,352,348,4,57.42,0
בת ים,6200,193.5,613,328,325,3,53.51,0
בת ים,6200,193.6,612,307,305,2,50.16,0
בת ים,6200,109.1,649,396,392,4,61.02,0
בת ים,6200,109.2,649,348,347,1,53.62,0
בת ים,6200,109.3,649,333,331,2,51.31,0
בת ים,6200,109.4,649,351,348,3,54.08,0
בת ים,6200,109.5,649,373,371,2,57.47,0
בת ים,6200,109.6,649,318,316,2,49.0,0
בת ים,6200,109.7,649,305,301,4,47.0,0
בת ים,6200,109.8,649,337,335,2,51.93,0
בת ים,6200,137.1,655,353,349,4,53.89,0
בת ים,6200,137.2,655,387,384,3,59.08,0
בת ים,6200,137.3,655,329,327,2,50.23,0
בת ים,6200,137.4,655,332,331,1,50.69,0
בת ים,6200,137.5,653,337,333,4,51.61,0
בת ים,6200,164.1,555,387,382,5,69.73,0
בת ים,6200,164.2,555,382,378,4,68.83,0
בת ים,6200,164.3,555,395,395,0,71.17,0
בת ים,6200,164.4,554,365,364,1,65.88,0
בת ים,6200,165,402,273,273,0,67.91,0
בת ים,6200,166,678,465,463,2,68.58,0
בת ים,6200,168,580,324,323,1,55.86,0
בת ים,6200,170,571,302,302,0,52.89,0
בת ים,6200,173,689,436,435,1,63.28,0
בת ים,6200,195.1,629,400,395,5,63.59,0
בת ים,6200,195.2,629,374,370,4,59.46,0
בת ים,6200,195.3,629,406,402,4,64.55,0
בת ים,6200,195.4,629,388,386,2,61.69,0
בת ים,6200,195.5,628,336,334,2,53.5,0
בת ים,6200,209,382,266,265,1,69.63,0
בת ים,6200,46,587,359,353,6,61.16,0
בת ים,6200,47,635,342,340,2,53.86,0
בת ים,6200,48,562,289,286,3,51.42,0
בת ים,6200,56,510,270,269,1,52.94,0
בת ים,6200,123,544,290,285,5,53.31,0
בת ים,6200,132,511,277,275,2,54.21,0
בת ים,6200,133,541,295,292,3,54.53,0
בת ים,6200,134,452,235,232,3,51.99,0
בת ים,6200,135,546,268,259,9,49.08,0
בת ים,6200,136,545,317,314,3,58.17,0
בת ים,6200,138,631,338,338,0,53.57,0
בת ים,6200,139,644,378,375,3,58.7,0
בת ים,6200,146,487,251,251,0,51.54,0
בת ים,6200,147,595,275,272,3,46.22,0
בת ים,6200,148,502,228,226,2,45.42,0
בת ים,6200,150.1,616,333,328,5,54.06,0
בת ים,6200,150.2,616,311,307,4,50.49,0
בת ים,6200,150.3,616,302,299,3,49.03,0
בת ים,6200,150.4,616,298,294,4,48.38,0
בת ים,6200,150.5,615,293,288,5,47.64,0
בת ים,6200,154.1,596,389,387,2,65.27,0
בת ים,6200,154.2,596,341,338,3,57.21,0
בת ים,6200,154.3,596,423,422,1,70.97,0
בת ים,6200,154.4,596,402,396,6,67.45,0
בת ים,6200,154.5,596,384,382,2,64.43,0
בת ים,6200,161,604,398,395,3,65.89,0
בת ים,6200,163,646,304,304,0,47.06,0
בת ים,6200,174,632,331,328,3,52.37,0
בת ים,6200,190,620,288,285,3,46.45,0
בת ים,6200,196,393,182,182,0,46.31,0
בת ים,6200,197,443,259,258,1,58.47,0
בת ים,6200,198,428,234,232,2,54.67,0
בת ים,6200,203,503,261,260,1,51.89,0
בת ים,6200,206,604,319,317,2,52.81,0
בת ים,6200,207,466,16,16,0,3.43,0
בת ים,6200,212,667,426,426,0,63.87,0
בת ים,6200,213,521,290,289,1,55.66,0
בת ים,6200,215,647,386,382,4,59.66,0
בת ים,6200,950,563,316,313,3,56.13,0
בת ים,6200,82.1,571,266,261,5,46.58,0
בת ים,6200,82.2,571,290,286,4,50.79,0
בת ים,6200,82.3,571,252,251,1,44.13,0
בת ים,6200,82.4,568,249,248,1,43.84,0
בת ים,6200,93.1,573,277,273,4,48.34,0
בת ים,6200,93.2,573,284,279,5,49.56,0
בת ים,6200,93.3,573,259,257,2,45.2,0
בת ים,6200,95,471,227,226,1,48.2,0
בת ים,6200,97.1,643,378,374,4,58.79,0
בת ים,6200,97.2,643,312,309,3,48.52,0
בת ים,6200,97.3,643,363,359,4,56.45,0
בת ים,6200,97.4,643,364,360,4,56.61,0
בת ים,6200,97.5,639,340,339,1,53.21,0
בת ים,6200,98,499,298,296,2,59.72,0
בת ים,6200,155,668,341,337,4,51.05,0
בת ים,6200,156,551,268,264,4,48.64,0
בת ים,6200,157,568,293,290,3,51.58,0
בת ים,6200,158,602,206,206,0,34.22,0
בת ים,6200,171,554,266,263,3,48.01,0
בת ים,6200,172,580,346,341,5,59.66,0
בת ים,6200,178.1,596,316,314,2,53.02,0
בת ים,6200,178.2,596,308,303,5,51.68,0
בת ים,6200,178.3,596,288,287,1,48.32,0
בת ים,6200,178.4,596,294,293,1,49.33,0
בת ים,6200,178.5,593,274,271,3,46.21,0
בת ים,6200,191,484,242,237,5,50.0,0
בת עין,3794,1,495,291,289,2,58.79,0
בת עין,3794,2,465,309,305,4,66.45,0
בת שלמה,33,1,439,324,323,1,73.8,0
גדיידהמכר,1292,4.1,611,311,308,3,50.9,0
גדיידהמכר,1292,4.2,611,344,338,6,56.3,0
גדיידהמכר,1292,4.3,611,328,327,1,53.68,0
גדיידהמכר,1292,4.4,611,336,332,4,54.99,0
גדיידהמכר,1292,4.5,611,332,331,1,54.34,0
גדיידהמכר,1292,6.1,699,395,394,1,56.51,0
גדיידהמכר,1292,6.2,699,397,394,3,56.8,0
גדיידהמכר,1292,6.3,699,397,395,2,56.8,0
גדיידהמכר,1292,6.4,696,315,312,3,45.26,0
גדיידהמכר,1292,8,620,313,312,1,50.48,0
גדיידהמכר,1292,9,615,319,311,8,51.87,0
גדיידהמכר,1292,15.1,524,247,247,0,47.14,0
גדיידהמכר,1292,15.2,524,260,255,5,49.62,0
גדיידהמכר,1292,15.3,523,294,294,0,56.21,0
גדיידהמכר,1292,16.1,551,304,300,4,55.17,0
גדיידהמכר,1292,16.2,551,318,315,3,57.71,0
גדיידהמכר,1292,16.3,551,341,340,1,61.89,0
גדיידהמכר,1292,16.4,549,276,273,3,50.27,0
גדיידהמכר,1292,17.1,619,303,301,2,48.95,0
גדיידהמכר,1292,17.2,619,311,309,2,50.24,0
גדיידהמכר,1292,17.3,619,361,360,1,58.32,0
גדיידהמכר,1292,17.4,619,359,357,2,58.0,0
גדיידהמכר,1292,17.5,618,352,350,2,56.96,0
גדיידהמכר,1292,19,698,359,354,5,51.43,0
גדיידהמכר,1292,21,607,310,306,4,51.07,0
גולס,485,2.1,485,227,220,7,46.8,0
גולס,485,2.2,485,251,248,3,51.75,0
גולס,485,2.3,485,254,244,10,52.37,0
גולס,485,3,631,373,370,3,59.11,0
גולס,485,4,668,383,375,8,57.34,0
גולס,485,6.1,510,285,279,6,55.88,0
גולס,485,6.2,510,268,266,2,52.55,0
גולס,485,6.3,509,308,305,3,60.51,0
גולס,485,7,691,325,321,4,47.03,0
גלגוליה,627,1.1,375,267,267,0,71.2,0
גלגוליה,627,1.2,374,252,251,1,67.38,0
גלגוליה,627,2.1,388,273,272,1,70.36,0
גלגוליה,627,2.2,387,270,269,1,69.77,0
גלגוליה,627,5.1,502,340,338,2,67.73,0
גלגוליה,627,5.2,502,336,328,8,66.93,0
גלגוליה,627,5.3,500,368,367,1,73.6,0
גלגוליה,627,6.1,384,280,279,1,72.92,0
גלגוליה,627,6.2,383,275,274,1,71.8,0
גלגוליה,627,8.1,501,351,346,5,70.06,0
גלגוליה,627,8.2,501,348,347,1,69.46,0
גלגוליה,627,8.3,499,349,347,2,69.94,0
גלגוליה,627,9.1,527,334,333,1,63.38,0
גלגוליה,627,9.2,527,401,396,5,76.09,0
גלגוליה,627,9.3,526,335,332,3,63.69,0
גנאביב שבט,976,1,564,230,228,2,40.78,0
גסר אזרקא,541,2.1,503,230,226,4,45.73,0
גסר אזרקא,541,2.2,503,229,227,2,45.53,0
גסר אזרקא,541,2.3,502,230,227,3,45.82,0
גסר אזרקא,541,4.1,533,195,190,5,36.59,0
גסר אזרקא,541,4.2,533,210,205,5,39.4,0
גסר אזרקא,541,4.3,533,243,243,0,45.59,0
גסר אזרקא,541,4.4,532,263,261,2,49.44,0
גסר אזרקא,541,6.1,388,170,168,2,43.81,0
גסר אזרקא,541,6.2,388,169,168,1,43.56,0
גסר אזרקא,541,7.1,497,182,182,0,36.62,0
גסר אזרקא,541,7.2,497,204,203,1,41.05,0
גסר אזרקא,541,7.3,496,179,175,4,36.09,0
גסר אזרקא,541,10.1,492,196,195,1,39.84,0
גסר אזרקא,541,10.2,492,199,199,0,40.45,0
גסר אזרקא,541,10.3,492,287,282,5,58.33,0
גסר אזרקא,541,13.1,545,231,231,0,42.39,0
גסר אזרקא,541,13.2,545,221,221,0,40.55,0
גסר אזרקא,541,13.3,545,255,251,4,46.79,0
גסר אזרקא,541,13.4,544,254,254,0,46.69,0
גש גוש חלב,487,4.1,641,304,302,2,47.43,0
גש גוש חלב,487,4.2,641,298,298,0,46.49,0
גש גוש חלב,487,4.3,641,330,325,5,51.48,0
גש גוש חלב,487,4.4,640,339,338,1,52.97,0
גת,628,1,644,252,245,7,39.13,0
גת,628,3,629,204,201,3,32.43,0
גת,628,5,611,238,233,5,38.95,0
גת,628,6.1,663,301,300,1,45.4,0
גת,628,6.2,663,260,260,0,39.22,0
גת,628,6.3,663,231,225,6,34.84,0
גת,628,6.4,662,281,277,4,42.45,0
גת,628,7,691,264,260,4,38.21,0
גת,628,10,662,277,274,3,41.84,0
גת,628,11.1,493,204,203,1,41.38,0
גת,628,11.2,493,202,199,3,40.97,0
גת,628,11.3,491,196,193,3,39.92,0
גת,628,13.1,665,267,263,4,40.15,0
גת,628,13.2,664,286,281,5,43.07,0
גאולי תימן,872,1,252,193,192,1,76.59,0
גאולים,379,1.1,361,268,267,1,74.24,0
גאולים,379,1.2,360,261,261,0,72.5,0
גאליה,853,1.1,410,284,282,2,69.27,0
גאליה,853,1.2,410,320,317,3,78.05,0
גבולות,352,1,333,194,194,0,58.26,0
גבים,424,1,474,331,328,3,69.83,0
גבע,86,1,514,351,351,0,68.29,0
גבע בנימין,3763,1,445,343,342,1,77.08,0
גבע בנימין,3763,4.1,615,421,420,1,68.46,0
גבע בנימין,3763,4.2,615,447,443,4,72.68,0
גבע בנימין,3763,4.3,615,432,431,1,70.24,0
גבע בנימין,3763,4.4,615,451,450,1,73.33,0
גבע בנימין,3763,4.5,613,472,470,2,77.0,0
גבע כרמל,683,1.1,365,272,272,0,74.52,0
גבע כרמל,683,1.2,364,278,278,0,76.37,0
גבעולים,2014,1,316,261,260,1,82.59,0
גבעון החדשה,3644,1,478,343,342,1,71.76,0
גבעון החדשה,3644,2,480,307,304,3,63.96,0
גבעות בר,1344,1.1,352,273,273,0,77.56,0
גבעות בר,1344,1.2,351,279,278,1,79.49,0
גבעת אבני,1293,1,515,354,353,1,68.74,0
גבעת אבני,1293,2,534,377,376,1,70.6,0
גבעת אבני,1293,3,674,460,458,2,68.25,0
גבעת אלה,1288,1.1,523,361,360,1,69.02,0
גבעת אלה,1288,1.2,523,390,389,1,74.57,0
גבעת אלה,1288,1.3,521,386,386,0,74.09,0
גבעת ברנר,147,3.1,641,497,495,2,77.54,0
גבעת ברנר,147,3.2,641,471,470,1,73.48,0
גבעת ברנר,147,3.3,641,462,462,0,72.07,0
גבעת השלושה,870,1,531,412,411,1,77.59,0
גבעת זאב,3730,1.1,602,428,428,0,71.1,0
גבעת זאב,3730,1.2,602,469,467,2,77.91,0
גבעת זאב,3730,1.3,602,449,448,1,74.58,0
גבעת זאב,3730,1.4,602,437,436,1,72.59,0
גבעת זאב,3730,1.5,599,443,436,7,73.96,0
גבעת זאב,3730,5,671,494,490,4,73.62,0
גבעת זאב,3730,6,584,431,429,2,73.8,0
גבעת זאב,3730,9,643,468,467,1,72.78,0
גבעת זאב,3730,11,639,485,485,0,75.9,0
גבעת זאב,3730,16.1,515,438,433,5,85.05,0
גבעת זאב,3730,16.2,515,442,440,2,85.83,0
גבעת זאב,3730,16.3,514,442,441,1,85.99,0
גבעת זאב,3730,17.1,610,443,443,0,72.62,0
גבעת זאב,3730,17.2,610,474,472,2,77.7,0
גבעת זאב,3730,18.1,651,496,494,2,76.19,0
גבעת זאב,3730,18.2,651,490,488,2,75.27,0
גבעת זאב,3730,18.3,651,485,484,1,74.5,0
גבעת זאב,3730,18.4,651,498,498,0,76.5,0
גבעת זאב,3730,18.5,647,483,483,0,74.65,0
גבעת זאב,3730,20.1,527,445,439,6,84.44,0
גבעת זאב,3730,20.2,527,463,462,1,87.86,0
גבעת חן,207,1,285,235,235,0,82.46,0
גבעת חיים איחוד,2018,1,502,359,358,1,71.51,0
גבעת חיים איחוד,2018,2,502,381,378,3,75.9,0
גבעת חיים מאוחד,173,1,450,323,322,1,71.78,0
גבעת חיים מאוחד,173,2,467,349,348,1,74.73,0
גבעת יואב,4021,1,492,354,352,2,71.95,0
גבעת יערים,787,1,534,384,382,2,71.91,0
גבעת יערים,787,2,382,269,268,1,70.42,0
גבעת ישעיהו,919,1,506,367,366,1,72.53,0
גבעת כח,802,1,640,508,507,1,79.38,0
גבעת נילי,360,1,446,341,340,1,76.46,0
גבעת עוז,703,1,409,255,254,1,62.35,0
גבעת שמואל,681,1.1,567,396,396,0,69.84,0
גבעת שמואל,681,1.2,567,405,404,1,71.43,0
גבעת שמואל,681,1.3,567,402,401,1,70.9,0
גבעת שמואל,681,1.4,567,401,400,1,70.72,0
גבעת שמואל,681,1.5,564,398,397,1,70.57,0
גבעת שמואל,681,2.1,689,460,458,2,66.76,0
גבעת שמואל,681,2.2,689,424,424,0,61.54,0
גבעת שמואל,681,2.3,688,394,393,1,57.27,0
גבעת שמואל,681,3.1,600,466,465,1,77.67,0
גבעת שמואל,681,3.2,600,455,455,0,75.83,0
גבעת שמואל,681,4,672,479,477,2,71.28,0
גבעת שמואל,681,5,626,400,396,4,63.9,0
גבעת שמואל,681,6,589,366,366,0,62.14,0
גבעת שמואל,681,11.1,633,505,503,2,79.78,0
גבעת שמואל,681,11.2,633,512,511,1,80.88,0
גבעת שמואל,681,11.3,633,523,522,1,82.62,0
גבעת שמואל,681,11.4,633,511,510,1,80.73,0
גבעת שמואל,681,11.5,633,509,506,3,80.41,0
גבעת שמואל,681,11.6,633,517,516,1,81.67,0
גבעת שמואל,681,11.7,627,508,508,0,81.02,0
גבעת שמואל,681,26.1,586,477,476,1,81.4,0
גבעת שמואל,681,26.2,586,458,457,1,78.16,0
גבעת שמואל,681,26.3,586,451,451,0,76.96,0
גבעת שמואל,681,26.4,586,477,473,4,81.4,0
גבעת שמואל,681,26.5,586,469,469,0,80.03,0
גבעת שמואל,681,26.6,583,466,465,1,79.93,0
גבעת שמואל,681,28.1,604,440,440,0,72.85,0
גבעת שמואל,681,28.2,604,477,476,1,78.97,0
גבעת שמואל,681,28.3,604,461,459,2,76.32,0
גבעת שמואל,681,28.4,604,474,472,2,78.48,0
גבעת שמואל,681,28.5,604,466,465,1,77.15,0
גבעת שמואל,681,28.6,604,465,464,1,76.99,0
גבעת שמואל,681,28.7,603,485,484,1,80.43,0
גבעת שפירא,1077,1,226,177,177,0,78.32,0
גבעתי,793,1,677,523,523,0,77.25,0
גבעתיים,6300,21,531,371,370,1,69.87,0
גבעתיים,6300,24,673,480,479,1,71.32,0
גבעתיים,6300,34,658,489,486,3,74.32,0
גבעתיים,6300,35,634,474,473,1,74.76,0
גבעתיים,6300,39,596,462,461,1,77.52,0
גבעתיים,6300,41,657,505,504,1,76.86,0
גבעתיים,6300,60,631,492,492,0,77.97,0
גבעתיים,6300,66.1,382,237,237,0,62.04,0
גבעתיים,6300,66.2,381,263,262,1,69.03,0
גבעתיים,6300,68.1,368,225,225,0,61.14,0
גבעתיים,6300,68.2,367,220,219,1,59.95,0
גבעתיים,6300,70.1,491,332,332,0,67.62,0
גבעתיים,6300,70.2,491,322,322,0,65.58,0
גבעתיים,6300,70.3,489,352,351,1,71.98,0
גבעתיים,6300,71.1,371,261,260,1,70.35,0
גבעתיים,6300,71.2,371,258,258,0,69.54,0
גבעתיים,6300,72,681,483,483,0,70.93,0
גבעתיים,6300,73,576,382,380,2,66.32,0
גבעתיים,6300,75,605,475,474,1,78.51,0
גבעתיים,6300,76,550,367,366,1,66.73,0
גבעתיים,6300,77.1,618,419,418,1,67.8,0
גבעתיים,6300,77.2,618,412,412,0,66.67,0
גבעתיים,6300,77.3,618,431,431,0,69.74,0
גבעתיים,6300,77.4,618,430,429,1,69.58,0
גבעתיים,6300,77.5,618,428,428,0,69.26,0
גבעתיים,6300,77.6,614,380,380,0,61.89,0
גבעתיים,6300,82,465,283,281,2,60.86,0
גבעתיים,6300,86,607,410,406,4,67.55,0
גבעתיים,6300,87,617,373,372,1,60.45,0
גבעתיים,6300,88,574,403,401,2,70.21,0
גבעתיים,6300,89,589,438,438,0,74.36,0
גבעתיים,6300,90,571,418,416,2,73.2,0
גבעתיים,6300,91,560,351,351,0,62.68,0
גבעתיים,6300,92,555,391,391,0,70.45,0
גבעתיים,6300,93,535,372,371,1,69.53,0
גבעתיים,6300,94,674,525,525,0,77.89,0
גבעתיים,6300,95,608,471,470,1,77.47,0
גבעתיים,6300,97,535,390,390,0,72.9,0
גבעתיים,6300,1,535,370,370,0,69.16,0
גבעתיים,6300,2.1,653,457,457,0,69.98,0
גבעתיים,6300,2.2,653,406,403,3,62.17,0
גבעתיים,6300,4,661,363,359,4,54.92,0
גבעתיים,6300,7.1,677,414,413,1,61.15,0
גבעתיים,6300,7.2,677,427,427,0,63.07,0
גבעתיים,6300,7.3,677,439,436,3,64.84,0
גבעתיים,6300,7.4,677,450,447,3,66.47,0
גבעתיים,6300,7.5,677,428,427,1,63.22,0
גבעתיים,6300,7.6,676,425,425,0,62.87,0
גבעתיים,6300,11.1,678,502,500,2,74.04,0
גבעתיים,6300,11.2,678,500,497,3,73.75,0
גבעתיים,6300,11.3,678,505,504,1,74.48,0
גבעתיים,6300,11.4,675,499,496,3,73.93,0
גבעתיים,6300,12,665,492,491,1,73.98,0
גבעתיים,6300,23.1,665,428,427,1,64.36,0
גבעתיים,6300,23.2,665,435,433,2,65.41,0
גבעתיים,6300,23.3,665,404,404,0,60.75,0
גבעתיים,6300,23.4,665,450,448,2,67.67,0
גבעתיים,6300,23.5,665,415,412,3,62.41,0
גבעתיים,6300,23.6,665,430,424,6,64.66,0
גבעתיים,6300,23.7,660,437,436,1,66.21,0
גבעתיים,6300,25.1,658,476,472,4,72.34,0
גבעתיים,6300,25.2,658,487,487,0,74.01,0
גבעתיים,6300,25.3,658,476,475,1,72.34,0
גבעתיים,6300,25.4,657,498,497,1,75.8,0
גבעתיים,6300,26,530,388,384,4,73.21,0
גבעתיים,6300,27.1,381,269,268,1,70.6,0
גבעתיים,6300,27.2,380,278,278,0,73.16,0
גבעתיים,6300,28,612,407,406,1,66.5,0
גבעתיים,6300,30,684,513,513,0,75.0,0
גבעתיים,6300,33,576,431,429,2,74.83,0
גבעתיים,6300,43.1,648,360,357,3,55.56,0
גבעתיים,6300,43.2,648,400,399,1,61.73,0
גבעתיים,6300,43.3,648,407,406,1,62.81,0
גבעתיים,6300,43.4,646,402,400,2,62.23,0
גבעתיים,6300,54,607,415,415,0,68.37,0
גבעתיים,6300,55,634,411,410,1,64.83,0
גבעתיים,6300,56,689,476,475,1,69.09,0
גבעתיים,6300,57,682,490,488,2,71.85,0
גבעתיים,6300,58,677,466,464,2,68.83,0
גבעתיים,6300,99.1,662,519,518,1,78.4,0
גבעתיים,6300,99.2,662,500,499,1,75.53,0
גבעתיים,6300,99.3,660,512,512,0,77.58,0
גברעם,342,1,419,337,336,1,80.43,0
גבת,133,1.1,351,294,293,1,83.76,0
גבת,133,1.2,351,275,275,0,78.35,0
גדות,35,1,377,249,249,0,66.05,0
גדיש,145,1,283,210,209,1,74.2,0
גדעונה,442,1,320,231,230,1,72.19,0
גדרה,2550,1,712,492,491,1,69.1,0
גדרה,2550,2.1,633,473,472,1,74.72,0
גדרה,2550,2.2,633,458,455,3,72.35,0
גדרה,2550,2.3,633,486,482,4,76.78,0
גדרה,2550,3,590,459,455,4,77.8,0
גדרה,2550,4.1,484,335,333,2,69.21,0
גדרה,2550,4.2,484,333,333,0,68.8,0
גדרה,2550,4.3,482,329,328,1,68.26,0
גדרה,2550,6.1,607,432,431,1,71.17,0
גדרה,2550,6.2,607,439,436,3,72.32,0
גדרה,2550,6.3,607,460,458,2,75.78,0
גדרה,2550,6.4,607,438,436,2,72.16,0
גדרה,2550,6.5,606,443,441,2,73.1,0
גדרה,2550,7,628,400,397,3,63.69,0
גדרה,2550,13,624,448,444,4,71.79,0
גדרה,2550,14.1,678,518,515,3,76.4,0
גדרה,2550,14.2,678,488,485,3,71.98,0
גדרה,2550,14.3,678,509,509,0,75.07,0
גדרה,2550,16.1,636,384,383,1,60.38,0
גדרה,2550,16.2,636,406,405,1,63.84,0
גדרה,2550,16.3,635,372,372,0,58.58,0
גדרה,2550,18,541,317,312,5,58.6,0
גדרה,2550,19,619,454,453,1,73.34,0
גדרה,2550,20,481,386,384,2,80.25,0
גדרה,2550,27.1,531,391,390,1,73.63,0
גדרה,2550,27.2,531,392,392,0,73.82,0
גדרה,2550,27.3,531,383,380,3,72.13,0
גדרה,2550,27.4,528,409,406,3,77.46,0
גדרה,2550,29.1,408,341,341,0,83.58,0
גדרה,2550,29.2,408,344,343,1,84.31,0
גדרה,2550,30,482,410,408,2,85.06,0
גדרה,2550,31.1,585,449,449,0,76.75,0
גדרה,2550,31.2,585,434,432,2,74.19,0
גדרה,2550,31.3,585,452,451,1,77.26,0
גונן,852,1,360,225,223,2,62.5,0
גורן,755,1,344,266,265,1,77.33,0
גורנות הגליל,1219,1,199,126,125,1,63.32,0
גזית,457,1,684,469,469,0,68.57,0
גזר,370,1,399,211,211,0,52.88,0
גיאה,706,1,574,431,430,1,75.09,0
גיבתון,196,1,276,216,216,0,78.26,0
גיזו,1043,1,150,119,119,0,79.33,0
גילון,1204,1,476,326,323,3,68.49,0
גילון,1204,2,461,347,347,0,75.27,0
גילת,736,1.1,560,434,432,2,77.5,0
גילת,736,1.2,559,435,433,2,77.82,0
גינוסר,262,1,557,393,390,3,70.56,0
גיניגר,92,1,555,365,361,4,65.77,0
גינתון,863,1,646,504,502,2,78.02,0
גיתה,1206,1,222,145,144,1,65.32,0
גיתית,3613,1,253,191,191,0,75.49,0
גלאון,393,1,480,338,337,1,70.42,0
גלגל,3606,1,158,94,94,0,59.49,0
גליל ים,346,1,362,279,278,1,77.07,0
גלעד אבן יצחק,369,1,368,286,286,0,77.72,0
גמזו,745,1,692,544,544,0,78.61,0
גן הדרום,1072,1,344,268,266,2,77.91,0
גן השומרון,225,1,642,479,479,0,74.61,0
גן חיים,239,1,544,433,430,3,79.6,0
גן יאשיה,734,1,678,516,515,1,76.11,0
גן יבנה,166,2.1,653,486,484,2,74.43,0
גן יבנה,166,2.2,653,462,461,1,70.75,0
גן יבנה,166,2.3,653,511,511,0,78.25,0
גן יבנה,166,2.4,653,477,474,3,73.05,0
גן יבנה,166,2.5,653,480,477,3,73.51,0
גן יבנה,166,2.6,650,491,490,1,75.54,0
גן יבנה,166,3.1,662,488,482,6,73.72,0
גן יבנה,166,3.2,662,496,495,1,74.92,0
גן יבנה,166,3.3,662,521,520,1,78.7,0
גן יבנה,166,3.4,662,521,520,1,78.7,0
גן יבנה,166,3.5,661,498,497,1,75.34,0
גן יבנה,166,6,545,441,439,2,80.92,0
גן יבנה,166,7,600,430,430,0,71.67,0
גן יבנה,166,8,578,388,383,5,67.13,0
גן יבנה,166,15.1,663,494,492,2,74.51,0
גן יבנה,166,15.2,662,475,471,4,71.75,0
גן יבנה,166,17,554,405,405,0,73.1,0
גן יבנה,166,22.1,538,398,396,2,73.98,0
גן יבנה,166,22.2,538,402,399,3,74.72,0
גן יבנה,166,22.3,538,421,421,0,78.25,0
גן יבנה,166,22.4,536,406,406,0,75.75,0
גן יבנה,166,24.1,625,437,434,3,69.92,0
גן יבנה,166,24.2,625,474,473,1,75.84,0
גן יבנה,166,24.3,625,430,427,3,68.8,0
גן יבנה,166,24.4,625,478,477,1,76.48,0
גן יבנה,166,24.5,625,443,442,1,70.88,0
גן יבנה,166,24.6,625,436,435,1,69.76,0
גן יבנה,166,26.1,622,444,442,2,71.38,0
גן נר,1274,3.1,545,373,370,3,68.44,0
גן נר,1274,3.2,545,389,388,1,71.38,0
גן נר,1274,3.3,545,387,385,2,71.01,0
גן נר,1274,3.4,543,373,372,1,68.69,0
גן שורק,311,1,266,197,196,1,74.06,0
גן שלמה,144,1,413,321,320,1,77.72,0
גן שמואל,72,1,422,314,314,0,74.41,0
גן שמואל,72,2,450,352,351,1,78.22,0
גנות,836,1,345,271,271,0,78.55,0
גנות הדר,549,1.1,375,272,272,0,72.53,0
גנות הדר,549,1.2,374,273,273,0,72.99,0
גני הדר,1103,1,286,226,226,0,79.02,0
גני טל,1371,1,455,379,379,0,83.3,0
גני יוחנן,862,1,520,391,391,0,75.19,0
גני מודיעין,3823,2.1,482,355,355,0,73.65,0
גני מודיעין,3823,2.2,482,356,355,1,73.86,0
גני מודיעין,3823,2.3,482,356,355,1,73.86,0
גני מודיעין,3823,3,600,471,467,4,78.5,0
גני עם,218,1,210,171,170,1,81.43,0
גני תקווה,229,1.1,468,325,324,1,69.44,0
גני תקווה,229,1.2,468,330,329,1,70.51,0
גני תקווה,229,1.3,467,332,332,0,71.09,0
גני תקווה,229,2.1,359,277,276,1,77.16,0
גני תקווה,229,2.2,359,253,253,0,70.47,0
גני תקווה,229,6.1,624,475,474,1,76.12,0
גני תקווה,229,6.2,624,464,464,0,74.36,0
גני תקווה,229,6.3,624,457,455,2,73.24,0
גני תקווה,229,6.4,624,464,463,1,74.36,0
גני תקווה,229,6.5,624,459,457,2,73.56,0
גני תקווה,229,6.6,620,474,474,0,76.45,0
גני תקווה,229,7,605,446,444,2,73.72,0
גני תקווה,229,8,609,468,468,0,76.85,0
גני תקווה,229,9,689,490,485,5,71.12,0
גני תקווה,229,10.1,660,475,474,1,71.97,0
גני תקווה,229,10.2,660,502,501,1,76.06,0
גני תקווה,229,10.3,658,510,508,2,77.51,0
גני תקווה,229,13,411,299,299,0,72.75,0
גני תקווה,229,16,522,378,376,2,72.41,0
גני תקווה,229,23,641,514,514,0,80.19,0
גני תקווה,229,26,661,555,554,1,83.96,0
גני תקווה,229,29.1,604,448,448,0,74.17,0
גני תקווה,229,29.2,604,477,476,1,78.97,0
גני תקווה,229,29.3,604,482,482,0,79.8,0
גני תקווה,229,29.4,604,489,486,3,80.96,0
גני תקווה,229,29.5,604,469,468,1,77.65,0
גני תקווה,229,29.6,604,470,469,1,77.81,0
גני תקווה,229,29.7,604,486,486,0,80.46,0
גני תקווה,229,29.8,598,468,465,3,78.26,0
געש,842,1.1,363,275,272,3,75.76,0
געש,842,1.2,362,283,283,0,78.18,0
געתון,463,1,569,393,393,0,69.07,0
גפן,39,1,270,223,223,0,82.59,0
גרופית,1129,1,292,166,166,0,56.85,0
גשור,4022,1,239,153,153,0,64.02,0
גשר,305,1,405,251,250,1,61.98,0
גשר הזיו,574,1.1,631,402,400,2,63.71,0
גשר הזיו,574,1.2,631,411,411,0,65.13,0
גת קיבוץ,340,1,624,438,437,1,70.19,0
גת רימון,128,1,192,142,142,0,73.96,0
דאלית אלכרמל,494,2.1,529,287,285,2,54.25,0
דאלית אלכרמל,494,2.2,529,270,268,2,51.04,0
דאלית אלכרמל,494,2.3,529,283,281,2,53.5,0
דאלית אלכרמל,494,2.4,527,258,256,2,48.96,0
דאלית אלכרמל,494,3,661,366,366,0,55.37,0
דאלית אלכרמל,494,4,644,372,364,8,57.76,0
דאלית אלכרמל,494,5.1,472,247,243,4,52.33,0
דאלית אלכרמל,494,5.2,472,275,268,7,58.26,0
דאלית אלכרמל,494,5.3,472,259,256,3,54.87,0
דאלית אלכרמל,494,7,604,318,313,5,52.65,0
דאלית אלכרמל,494,8,663,394,391,3,59.43,0
דאלית אלכרמל,494,10,681,374,370,4,54.92,0
דאלית אלכרמל,494,13,637,360,358,2,56.51,0
דאלית אלכרמל,494,16,602,339,336,3,56.31,0
דאלית אלכרמל,494,21.1,654,357,355,2,54.59,0
דאלית אלכרמל,494,21.2,654,351,349,2,53.67,0
דאלית אלכרמל,494,21.3,654,368,364,4,56.27,0
דאלית אלכרמל,494,21.4,654,415,411,4,63.46,0
דאלית אלכרמל,494,21.5,654,380,372,8,58.1,0
דאלית אלכרמל,494,21.6,652,308,306,2,47.24,0
דאלית אלכרמל,494,22,677,344,344,0,50.81,0
דאלית אלכרמל,494,23,628,372,369,3,59.24,0
דבורה,146,1,226,139,139,0,61.5,0
דבוריה,489,2.1,488,238,237,1,48.77,0
דבוריה,489,2.2,488,264,263,1,54.1,0
דבוריה,489,2.3,486,268,268,0,55.14,0
דבוריה,489,3,531,283,283,0,53.3,0
דבוריה,489,4,651,394,393,1,60.52,0
דבוריה,489,5.1,357,194,194,0,54.34,0
דבוריה,489,5.2,356,191,188,3,53.65,0
דבוריה,489,6,630,311,309,2,49.37,0
דבוריה,489,7.1,368,213,212,1,57.88,0
דבוריה,489,7.2,368,224,223,1,60.87,0
דבוריה,489,8.1,357,212,211,1,59.38,0
דבוריה,489,8.2,356,217,217,0,60.96,0
דבוריה,489,9.1,373,235,234,1,63.0,0
דבוריה,489,9.2,373,247,245,2,66.22,0
דבוריה,489,10,680,402,402,0,59.12,0
דבוריה,489,11,630,330,327,3,52.38,0
דבירה,849,1,686,522,522,0,76.09,0
דברת,407,1,372,258,258,0,69.35,0
דגניה א,62,1,525,340,338,2,64.76,0
דגניה ב,79,1,591,403,403,0,68.19,0
דובב,1067,1,357,247,247,0,69.19,0
דולב,3747,1,541,428,426,2,79.11,0
דולב,3747,2,363,267,266,1,73.55,0
דור,738,1,286,214,214,0,74.83,0
דורות,336,1,575,409,409,0,71.13,0
דחי,475,1,546,218,217,1,39.93,0
דייר אלאסד,490,2.1,529,363,361,2,68.62,0
דייר אלאסד,490,2.2,529,385,383,2,72.78,0
דייר אלאסד,490,2.3,528,355,353,2,67.23,0
דייר אלאסד,490,7.1,536,323,322,1,60.26,0
דייר אלאסד,490,7.2,536,371,368,3,69.22,0
דייר אלאסד,490,7.3,536,411,408,3,76.68,0
דייר אלאסד,490,7.4,534,331,329,2,61.99,0
דייר אלאסד,490,10.1,497,347,344,3,69.82,0
דייר אלאסד,490,10.2,497,408,405,3,82.09,0
דייר אלאסד,490,10.3,496,364,364,0,73.39,0
דייר אלאסד,490,11.1,541,368,363,5,68.02,0
דייר אלאסד,490,11.2,541,364,359,5,67.28,0
דייר אלאסד,490,11.3,541,351,351,0,64.88,0
דייר אלאסד,490,11.4,539,363,359,4,67.35,0
דייר אלאסד,490,12.1,498,371,370,1,74.5,0
דייר אלאסד,490,12.2,498,363,363,0,72.89,0
דייר אלאסד,490,12.3,497,356,352,4,71.63,0
דייר חנא,492,4,685,481,478,3,70.22,0
דייר חנא,492,6.1,681,407,407,0,59.77,0
דייר חנא,492,6.2,680,484,483,1,71.18,0
דייר חנא,492,8.1,479,347,347,0,72.44,0
דייר חנא,492,8.2,479,340,339,1,70.98,0
דייר חנא,492,8.3,479,285,285,0,59.5,0
דייר חנא,492,10.1,529,376,375,1,71.08,0
דייר חנא,492,10.2,529,379,376,3,71.64,0
דייר חנא,492,10.3,529,357,353,4,67.49,0
דייר חנא,492,10.4,527,356,354,2,67.55,0
דייר חנא,492,11.1,556,397,397,0,71.4,0
דייר חנא,492,11.2,556,380,376,4,68.35,0
דייר חנא,492,11.3,556,377,376,1,67.81,0
דייר חנא,492,11.4,553,332,331,1,60.04,0
דימונה,2200,1.1,609,386,383,3,63.38,0
דימונה,2200,1.2,609,374,368,6,61.41,0
דימונה,2200,1.3,609,364,362,2,59.77,0
דימונה,2200,3,508,252,249,3,49.61,0
דימונה,2200,5,519,331,327,4,63.78,0
דימונה,2200,6.1,655,477,474,3,72.82,0
דימונה,2200,6.2,655,462,460,2,70.53,0
דימונה,2200,6.3,655,464,460,4,70.84,0
דימונה,2200,6.4,655,473,470,3,72.21,0
דימונה,2200,6.5,655,451,446,5,68.85,0
דימונה,2200,6.6,651,467,465,2,71.74,0
דימונה,2200,8.1,490,281,279,2,57.35,0
דימונה,2200,8.2,490,256,255,1,52.24,0
דימונה,2200,8.3,490,241,236,5,49.18,0
דימונה,2200,10,606,332,325,7,54.79,0
דימונה,2200,11,516,250,250,0,48.45,0
דימונה,2200,13.1,509,268,267,1,52.65,0
דימונה,2200,13.2,509,262,259,3,51.47,0
דימונה,2200,13.3,508,288,284,4,56.69,0
דימונה,2200,15,481,225,222,3,46.78,0
דימונה,2200,16,455,356,355,1,78.24,0
דימונה,2200,17,451,260,251,9,57.65,0
דימונה,2200,19,537,317,315,2,59.03,0
דימונה,2200,20,371,235,234,1,63.34,0
דימונה,2200,21,436,232,226,6,53.21,0
דימונה,2200,22,537,268,262,6,49.91,0
דימונה,2200,23,487,218,218,0,44.76,0
דימונה,2200,24,369,221,219,2,59.89,0
דימונה,2200,27,561,396,396,0,70.59,0
דימונה,2200,28,495,290,284,6,58.59,0
דימונה,2200,30,663,397,396,1,59.88,0
דימונה,2200,31,609,372,369,3,61.08,0
דימונה,2200,32,542,292,287,5,53.87,0
דימונה,2200,33,526,343,342,1,65.21,0
דימונה,2200,34,374,207,204,3,55.35,0
דימונה,2200,36,618,433,427,6,70.06,0
דימונה,2200,37,683,468,464,4,68.52,0
דימונה,2200,40.1,380,274,273,1,72.11,0
דימונה,2200,40.2,380,282,281,1,74.21,0
דימונה,2200,41,682,485,484,1,71.11,0
דימונה,2200,42,605,484,484,0,80.0,0
דימונה,2200,43.1,351,256,253,3,72.93,0
דימונה,2200,43.2,350,243,242,1,69.43,0
דימונה,2200,44.1,486,367,361,6,75.51,0
דימונה,2200,44.2,486,357,357,0,73.46,0
דימונה,2200,44.3,484,363,360,3,75.0,0
דימונה,2200,45,620,371,369,2,59.84,0
דימונה,2200,47,582,440,438,2,75.6,0
דימונה,2200,48,608,471,468,3,77.47,0
דימונה,2200,49,445,336,334,2,75.51,0
דימונה,2200,66.1,544,350,348,2,64.34,0
דימונה,2200,66.2,544,353,352,1,64.89,0
דימונה,2200,66.3,544,354,352,2,65.07,0
דימונה,2200,66.4,543,303,302,1,55.8,0
דימונה,2200,90,374,187,183,4,50.0,0
דימונה,2200,91,196,140,140,0,71.43,0
דישון,2063,1,299,207,207,0,69.23,0
דליה,300,1,690,500,500,0,72.46,0
דלתון,431,1,655,531,528,3,81.07,0
דמיידה,1317,1,352,187,175,12,53.12,0
דן,303,1,543,394,394,0,72.56,0
דפנה,302,1,650,472,472,0,72.62,0
דקל,1241,1,280,177,176,1,63.21,0
דריגאת,1349,1,630,430,428,2,68.25,0
האון,702,1,157,84,84,0,53.5,0
הבונים,675,1,315,203,203,0,64.44,0
הגושרים,356,1.1,390,275,275,0,70.51,0
הגושרים,356,1.2,389,274,273,1,70.44,0
הדר עם,191,1,545,420,420,0,77.06,0
הוד השרון,9700,2.1,677,474,472,2,70.01,0
הוד השרון,9700,2.2,677,478,477,1,70.61,0
הוד השרון,9700,2.3,677,495,493,2,73.12,0
הוד השרון,9700,2.4,677,513,509,4,75.78,0
הוד השרון,9700,2.5,676,473,472,1,69.97,0
הוד השרון,9700,7.1,579,417,416,1,72.02,0
הוד השרון,9700,7.2,579,436,432,4,75.3,0
הוד השרון,9700,7.3,579,401,395,6,69.26,0
הוד השרון,9700,11,536,401,400,1,74.81,0
הוד השרון,9700,13,681,507,507,0,74.45,0
הוד השרון,9700,14.1,632,458,457,1,72.47,0
הוד השרון,9700,14.2,632,456,452,4,72.15,0
הוד השרון,9700,14.3,632,463,462,1,73.26,0
הוד השרון,9700,14.4,630,483,482,1,76.67,0
הוד השרון,9700,15,588,449,448,1,76.36,0
הוד השרון,9700,19.1,626,434,433,1,69.33,0
הוד השרון,9700,19.2,626,438,437,1,69.97,0
הוד השרון,9700,19.3,624,416,416,0,66.67,0
הוד השרון,9700,23,554,401,397,4,72.38,0
הוד השרון,9700,25.1,388,286,286,0,73.71,0
הוד השרון,9700,25.2,387,281,279,2,72.61,0
הוד השרון,9700,32.1,598,449,449,0,75.08,0
הוד השרון,9700,32.2,598,458,458,0,76.59,0
הוד השרון,9700,32.3,598,459,458,1,76.76,0
הוד השרון,9700,32.4,598,430,429,1,71.91,0
הוד השרון,9700,32.5,597,438,436,2,73.37,0
הוד השרון,9700,35.1,495,374,374,0,75.56,0
הוד השרון,9700,35.2,495,367,365,2,74.14,0
הוד השרון,9700,35.3,495,351,349,2,70.91,0
הוד השרון,9700,36,684,513,512,1,75.0,0
הוד השרון,9700,37,490,370,370,0,75.51,0
הוד השרון,9700,39.1,598,410,410,0,68.56,0
הוד השרון,9700,39.2,598,384,383,1,64.21,0
הוד השרון,9700,39.3,598,374,374,0,62.54,0
הוד השרון,9700,39.4,598,391,391,0,65.38,0
הוד השרון,9700,39.5,594,370,368,2,62.29,0
הוד השרון,9700,42,623,485,484,1,77.85,0
הוד השרון,9700,43,552,425,423,2,76.99,0
הוד השרון,9700,46,665,519,518,1,78.05,0
הוד השרון,9700,47,634,519,517,2,81.86,0
הוד השרון,9700,51,643,482,482,0,74.96,0
הוד השרון,9700,52.1,699,425,424,1,60.8,0
הוד השרון,9700,52.2,699,450,449,1,64.38,0
הוד השרון,9700,53.1,666,504,501,3,75.68,0
הוד השרון,9700,53.2,666,469,465,4,70.42,0
הוד השרון,9700,53.3,666,470,470,0,70.57,0
הוד השרון,9700,53.4,666,492,490,2,73.87,0
הוד השרון,9700,58,605,486,485,1,80.33,0
הוד השרון,9700,59,578,406,402,4,70.24,0
הוד השרון,9700,61.1,660,510,509,1,77.27,0
הוד השרון,9700,61.2,660,474,472,2,71.82,0
הוד השרון,9700,61.3,660,506,504,2,76.67,0
הוד השרון,9700,61.4,660,492,492,0,74.55,0
הוד השרון,9700,62.1,610,473,473,0,77.54,0
הוד השרון,9700,62.2,610,483,481,2,79.18,0
הוד השרון,9700,62.3,610,502,501,1,82.3,0
הוד השרון,9700,62.4,610,490,489,1,80.33,0
הוד השרון,9700,62.5,608,478,476,2,78.62,0
הוד השרון,9700,63.1,368,284,284,0,77.17,0
הוד השרון,9700,63.2,367,276,276,0,75.2,0
הוד השרון,9700,64.1,685,575,574,1,83.94,0
הוד השרון,9700,64.2,685,575,572,3,83.94,0
הוד השרון,9700,64.3,685,585,584,1,85.4,0
הוד השרון,9700,64.4,685,573,573,0,83.65,0
הוד השרון,9700,64.5,685,571,566,5,83.36,0
הוד השרון,9700,66.1,636,470,470,0,73.9,0
הוד השרון,9700,66.2,636,458,458,0,72.01,0
הוד השרון,9700,66.3,636,456,454,2,71.7,0
הוד השרון,9700,66.4,636,456,455,1,71.7,0
הוד השרון,9700,66.5,636,430,430,0,67.61,0
הוד השרון,9700,66.6,636,430,430,0,67.61,0
הוד השרון,9700,66.7,635,479,478,1,75.43,0
הוד השרון,9700,68.1,698,518,517,1,74.21,0
הוד השרון,9700,68.2,697,531,531,0,76.18,0
הוד השרון,9700,71,553,414,412,2,74.86,0
הוד השרון,9700,74.1,565,472,471,1,83.54,0
הוד השרון,9700,74.2,565,460,460,0,81.42,0
הוד השרון,9700,74.3,565,450,449,1,79.65,0
הוד השרון,9700,74.4,565,452,451,1,80.0,0
הוד השרון,9700,74.5,563,476,476,0,84.55,0
הודיה,726,1,535,365,363,2,68.22,0
הוואשלה שבט,1169,1,631,333,329,4,52.77,0
הוואשלה שבט,1169,2,571,299,295,4,52.36,0
הוזייל שבט,956,2.1,578,221,219,2,38.24,0
הוזייל שבט,956,2.2,578,182,179,3,31.49,0
הושעיה,1186,2.1,483,360,360,0,74.53,0
הושעיה,1186,2.2,483,343,343,0,71.01,0
הושעיה,1186,2.3,483,344,344,0,71.22,0
הזורע,250,1,513,347,346,1,67.64,0
הזורע,250,2,404,276,276,0,68.32,0
הזורעים,307,1,575,447,447,0,77.74,0
החותרים,434,1,611,460,458,2,75.29,0
היוגב,684,1,618,501,500,1,81.07,0
הילה,1208,1,509,330,330,0,64.83,0
המעפיל,377,1,651,483,483,0,74.19,0
הסוללים,677,1.1,380,278,278,0,73.16,0
הסוללים,677,1.2,380,279,279,0,73.42,0
העוגן,423,1,647,457,457,0,70.63,0
הר אדר,3769,1,407,317,317,0,77.89,0
הר אדר,3769,2,475,337,336,1,70.95,0
הר אדר,3769,3,606,445,444,1,73.43,0
הר אדר,3769,4,502,369,369,0,73.51,0
הר אדר,3769,5,585,448,446,2,76.58,0
הר אדר,3769,6,602,445,443,2,73.92,0
הר גילה,3603,1.1,530,385,384,1,72.64,0
הר גילה,3603,1.2,529,394,394,0,74.48,0
הר עמשא,1261,1,130,90,90,0,69.23,0
הראל,464,1,236,127,127,0,53.81,0
הרדוף,1249,1,450,309,308,1,68.67,0
הרצליה,6400,83.1,693,474,471,3,68.4,0
הרצליה,6400,83.2,693,470,469,1,67.82,0
הרצליה,6400,83.3,693,489,488,1,70.56,0
הרצליה,6400,83.4,693,445,442,3,64.21,0
הרצליה,6400,83.5,693,463,463,0,66.81,0
הרצליה,6400,83.6,693,477,475,2,68.83,0
הרצליה,6400,89.1,626,260,259,1,41.53,0
הרצליה,6400,89.2,626,304,302,2,48.56,0
הרצליה,6400,89.3,626,278,278,0,44.41,0
הרצליה,6400,89.4,626,305,305,0,48.72,0
הרצליה,6400,89.5,626,281,279,2,44.89,0
הרצליה,6400,89.6,625,293,291,2,46.88,0
הרצליה,6400,94.1,696,427,424,3,61.35,0
הרצליה,6400,94.2,696,453,449,4,65.09,0
הרצליה,6400,94.3,694,398,395,3,57.35,0
הרצליה,6400,107.1,544,326,325,1,59.93,0
הרצליה,6400,107.2,544,327,326,1,60.11,0
הרצליה,6400,107.3,544,287,285,2,52.76,0
הרצליה,6400,136.1,575,320,319,1,55.65,0
הרצליה,6400,136.2,575,341,341,0,59.3,0
הרצליה,6400,136.3,575,337,334,3,58.61,0
הרצליה,6400,136.4,575,332,331,1,57.74,0
הרצליה,6400,136.5,571,320,319,1,56.04,0
הרצליה,6400,137.1,618,210,209,1,33.98,0
הרצליה,6400,137.2,618,211,209,2,34.14,0
הרצליה,6400,137.3,617,203,203,0,32.9,0
הרצליה,6400,14.1,677,568,568,0,83.9,0
הרצליה,6400,14.2,677,558,558,0,82.42,0
הרצליה,6400,14.3,677,547,547,0,80.8,0
הרצליה,6400,14.4,677,570,569,1,84.19,0
הרצליה,6400,14.5,677,580,579,1,85.67,0
הרצליה,6400,14.6,672,567,566,1,84.38,0
הרצליה,6400,25.1,696,415,415,0,59.63,0
הרצליה,6400,25.2,696,433,431,2,62.21,0
הרצליה,6400,25.3,696,416,413,3,59.77,0
הרצליה,6400,25.4,694,410,410,0,59.08,0
הרצליה,6400,61,561,347,343,4,61.85,0
הרצליה,6400,68,405,286,285,1,70.62,0
הרצליה,6400,70.1,672,516,515,1,76.79,0
הרצליה,6400,70.2,672,529,526,3,78.72,0
הרצליה,6400,70.3,672,515,515,0,76.64,0
הרצליה,6400,70.4,672,533,533,0,79.32,0
הרצליה,6400,71,669,428,427,1,63.98,0
הרצליה,6400,72,499,324,324,0,64.93,0
הרצליה,6400,73,681,409,408,1,60.06,0
הרצליה,6400,78,639,434,434,0,67.92,0
הרצליה,6400,80,638,355,355,0,55.64,0
הרצליה,6400,99,520,302,299,3,58.08,0
הרצליה,6400,111.1,683,438,438,0,64.13,0
הרצליה,6400,111.2,683,406,404,2,59.44,0
הרצליה,6400,111.3,683,414,414,0,60.61,0
הרצליה,6400,111.4,683,414,413,1,60.61,0
הרצליה,6400,111.5,679,430,428,2,63.33,0
הרצליה,6400,113,608,398,398,0,65.46,0
הרצליה,6400,117,450,337,336,1,74.89,0
הרצליה,6400,123,593,358,357,1,60.37,0
הרצליה,6400,125,634,417,412,5,65.77,0
הרצליה,6400,141,640,493,493,0,77.03,0
הרצליה,6400,142,494,347,345,2,70.24,0
הרצליה,6400,6.1,629,424,421,3,67.41,0
הרצליה,6400,6.2,629,463,461,2,73.61,0
הרצליה,6400,6.3,629,468,466,2,74.4,0
הרצליה,6400,6.4,629,422,417,5,67.09,0
הרצליה,6400,6.5,629,453,449,4,72.02,0
הרצליה,6400,6.6,624,438,438,0,70.19,0
הרצליה,6400,24,600,421,421,0,70.17,0
הרצליה,6400,26,556,343,339,4,61.69,0
הרצליה,6400,30.1,667,453,452,1,67.92,0
הרצליה,6400,30.2,667,454,454,0,68.07,0
הרצליה,6400,30.3,667,495,495,0,74.21,0
הרצליה,6400,30.4,667,455,455,0,68.22,0
הרצליה,6400,30.5,665,491,491,0,73.83,0
הרצליה,6400,33,650,471,470,1,72.46,0
הרצליה,6400,35,505,333,332,1,65.94,0
הרצליה,6400,36,602,439,437,2,72.92,0
הרצליה,6400,37,652,391,388,3,59.97,0
הרצליה,6400,38,569,370,370,0,65.03,0
הרצליה,6400,39,693,471,469,2,67.97,0
הרצליה,6400,42,653,436,436,0,66.77,0
הרצליה,6400,43,598,424,421,3,70.9,0
הרצליה,6400,44,466,322,322,0,69.1,0
הרצליה,6400,46,581,379,378,1,65.23,0
הרצליה,6400,47,596,343,341,2,57.55,0
הרצליה,6400,49.1,596,366,366,0,61.41,0
הרצליה,6400,49.2,596,366,366,0,61.41,0
הרצליה,6400,49.3,596,367,367,0,61.58,0
הרצליה,6400,49.4,594,368,368,0,61.95,0
הרצליה,6400,59.1,583,382,382,0,65.52,0
הרצליה,6400,59.2,583,401,401,0,68.78,0
הרצליה,6400,59.3,583,433,430,3,74.27,0
הרצליה,6400,59.4,583,382,382,0,65.52,0
הרצליה,6400,59.5,581,391,390,1,67.3,0
הרצליה,6400,110,444,329,328,1,74.1,0
הרצליה,6400,126,471,254,254,0,53.93,0
הרצליה,6400,127,421,311,311,0,73.87,0
הרצליה,6400,128.1,616,392,392,0,63.64,0
הרצליה,6400,128.2,616,425,422,3,68.99,0
הרצליה,6400,128.3,616,416,416,0,67.53,0
הרצליה,6400,128.4,615,404,400,4,65.69,0
הרצליה,6400,130,657,423,420,3,64.38,0
הרצליה,6400,131,697,536,534,2,76.9,0
הרצליה,6400,1,443,258,255,3,58.24,0
הרצליה,6400,2,472,291,286,5,61.65,0
הרצליה,6400,3,618,422,419,3,68.28,0
הרצליה,6400,4,612,405,400,5,66.18,0
הרצליה,6400,5,536,400,398,2,74.63,0
הרצליה,6400,7,483,300,299,1,62.11,0
הרצליה,6400,8,506,291,288,3,57.51,0
הרצליה,6400,9,615,328,326,2,53.33,0
הרצליה,6400,10,588,347,346,1,59.01,0
הרצליה,6400,11,578,412,410,2,71.28,0
הרצליה,6400,12,546,397,397,0,72.71,0
הרצליה,6400,13,632,496,494,2,78.48,0
הרצליה,6400,21.1,697,482,480,2,69.15,0
הרצליה,6400,21.2,696,514,513,1,73.85,0
הרצליה,6400,51.1,644,424,418,6,65.84,0
הרצליה,6400,51.2,644,401,400,1,62.27,0
הרצליה,6400,51.3,644,442,441,1,68.63,0
הרצליה,6400,51.4,644,398,396,2,61.8,0
הרצליה,6400,51.5,644,405,405,0,62.89,0
הרצליה,6400,51.6,640,439,439,0,68.59,0
הרצליה,6400,55.1,645,439,436,3,68.06,0
הרצליה,6400,55.2,645,447,445,2,69.3,0
הרצליה,6400,55.3,645,443,442,1,68.68,0
הרצליה,6400,55.4,645,431,428,3,66.82,0
הרצליה,6400,55.5,643,413,412,1,64.23,0
הרצליה,6400,63,617,421,419,2,68.23,0
הרצליה,6400,66.1,671,431,429,2,64.23,0
הרצליה,6400,66.2,671,422,421,1,62.89,0
הרצליה,6400,66.3,671,453,451,2,67.51,0
הרצליה,6400,66.4,671,420,419,1,62.59,0
הרצליה,6400,66.5,671,452,449,3,67.36,0
הרצליה,6400,67,534,357,356,1,66.85,0
הרצליה,6400,76,555,408,407,1,73.51,0
הרצליה,6400,77,599,460,460,0,76.79,0
הרצליה,6400,79,688,496,494,2,72.09,0
הרצליה,6400,91,485,356,356,0,73.4,0
הרצליה,6400,93,673,460,454,6,68.35,0
הרצליה,6400,98,608,362,362,0,59.54,0
הרצליה,6400,119,560,379,378,1,67.68,0
הרצליה,6400,120,690,501,499,2,72.61,0
הרצליה,6400,121,617,410,409,1,66.45,0
הרצליה,6400,122,622,476,475,1,76.53,0
הרצליה,6400,135,629,455,454,1,72.34,0
הררית,1203,1,423,312,311,1,73.76,0
ורד יריחו,3639,1,267,199,199,0,74.53,0
ורדון,1133,1,214,156,156,0,72.9,0
זבדיאל,815,1,447,391,391,0,87.47,0
זוהר,44,1,253,186,186,0,73.52,0
זיקים,584,1.1,379,267,266,1,70.45,0
זיקים,584,1.2,378,247,243,4,65.34,0
זיתן,788,1.1,409,342,342,0,83.62,0
זיתן,788,1.2,409,332,331,1,81.17,0
זכרון יעקב,9300,8.1,678,483,482,1,71.24,0
זכרון יעקב,9300,8.2,678,491,490,1,72.42,0
זכרון יעקב,9300,8.3,678,456,452,4,67.26,0
זכרון יעקב,9300,8.4,678,481,481,0,70.94,0
זכרון יעקב,9300,8.5,678,503,502,1,74.19,0
זכרון יעקב,9300,8.6,677,468,467,1,69.13,0
זכרון יעקב,9300,9.1,661,461,461,0,69.74,0
זכרון יעקב,9300,9.2,661,469,468,1,70.95,0
זכרון יעקב,9300,9.3,661,461,461,0,69.74,0
זכרון יעקב,9300,9.4,661,468,467,1,70.8,0
זכרון יעקב,9300,9.5,661,450,447,3,68.08,0
זכרון יעקב,9300,9.6,656,481,481,0,73.32,0
זכרון יעקב,9300,13.1,693,494,493,1,71.28,0
זכרון יעקב,9300,13.2,693,486,486,0,70.13,0
זכרון יעקב,9300,13.3,691,476,474,2,68.89,0
זכרון יעקב,9300,16.1,775,569,569,0,73.42,0
זכרון יעקב,9300,16.2,775,546,544,2,70.45,0
זכרון יעקב,9300,16.3,773,567,566,1,73.35,0
זכרון יעקב,9300,22.1,698,504,502,2,72.21,0
זכרון יעקב,9300,22.2,697,498,497,1,71.45,0
זכרון יעקב,9300,24.1,559,429,425,4,76.74,0
זכרון יעקב,9300,24.2,559,414,414,0,74.06,0
זכרון יעקב,9300,24.3,559,447,445,2,79.96,0
זכרון יעקב,9300,24.4,559,424,423,1,75.85,0
זכרון יעקב,9300,25.1,610,411,411,0,67.38,0
זכרון יעקב,9300,25.2,610,401,400,1,65.74,0
זכרון יעקב,9300,25.3,610,402,400,2,65.9,0
זכריה,799,1.1,384,323,321,2,84.11,0
זכריה,799,1.2,383,303,301,2,79.11,0
זמר,1290,2,662,352,350,2,53.17,0
זמר,1290,4,694,432,425,7,62.25,0
זמר,1290,6.1,495,252,250,2,50.91,0
זמר,1290,6.2,495,292,289,3,58.99,0
זמר,1290,6.3,495,292,288,4,58.99,0
זמר,1290,7.1,550,277,277,0,50.36,0
זמר,1290,7.2,550,350,347,3,63.64,0
זמר,1290,7.3,550,323,319,4,58.73,0
זמר,1290,7.4,547,275,273,2,50.27,0
זמרת,1065,1,400,355,355,0,88.75,0
זנוח,816,1,407,305,305,0,74.94,0
זרועה,2064,1,336,251,251,0,74.7,0
זרזיר,975,1,690,273,270,3,39.57,0
זרזיר,975,2.1,696,304,301,3,43.68,0
זרזיר,975,2.2,695,320,319,1,46.04,0
זרזיר,975,3.1,497,279,276,3,56.14,0
זרזיר,975,3.2,497,246,245,1,49.5,0
זרזיר,975,3.3,496,195,195,0,39.31,0
זרזיר,975,5.1,377,181,179,2,48.01,0
זרזיר,975,5.2,377,188,186,2,49.87,0
זרזיר,975,6.1,395,195,194,1,49.37,0
זרזיר,975,6.2,394,183,181,2,46.45,0
זרזיר,975,9,646,193,192,1,29.88,0
זרחיה,818,1,519,449,449,0,86.51,0
חואלד,1321,1,552,260,258,2,47.1,0
חבצלת השרון,235,1,340,209,209,0,61.47,0
חבר,1110,1,501,362,361,1,72.26,0
חברון,3400,1,338,215,215,0,63.61,0
חגור,717,1.1,365,287,287,0,78.63,0
חגור,717,1.2,364,293,292,1,80.49,0
חגי,3764,1,384,280,280,0,72.92,0
חגלה,205,1,554,412,411,1,74.37,0
חדנס,4026,1.1,362,202,202,0,55.8,0
חדנס,4026,1.2,362,214,214,0,59.12,0
חדיד,618,1,650,507,506,1,78.0,0
חדרה,6500,3,669,427,425,2,63.83,0
חדרה,6500,7.1,667,392,390,2,58.77,0
חדרה,6500,7.2,667,395,394,1,59.22,0
חדרה,6500,7.3,667,396,396,0,59.37,0
חדרה,6500,7.4,667,407,406,1,61.02,0
חדרה,6500,7.5,667,348,345,3,52.17,0
חדרה,6500,7.6,662,407,407,0,61.48,0
חדרה,6500,11.1,665,420,419,1,63.16,0
חדרה,6500,11.2,665,402,400,2,60.45,0
חדרה,6500,11.3,665,404,399,5,60.75,0
חדרה,6500,11.4,662,410,407,3,61.93,0
חדרה,6500,13.1,656,474,471,3,72.26,0
חדרה,6500,13.2,656,475,472,3,72.41,0
חדרה,6500,13.3,656,474,473,1,72.26,0
חדרה,6500,13.4,654,473,470,3,72.32,0
חדרה,6500,14,467,310,308,2,66.38,0
חדרה,6500,15,518,272,268,4,52.51,0
חדרה,6500,19,532,219,217,2,41.17,0
חדרה,6500,20,491,241,239,2,49.08,0
חדרה,6500,21,549,309,308,1,56.28,0
חדרה,6500,22,423,188,186,2,44.44,0
חדרה,6500,23,613,339,339,0,55.3,0
חדרה,6500,24.1,385,283,282,1,73.51,0
חדרה,6500,24.2,385,266,263,3,69.09,0
חדרה,6500,26,635,419,419,0,65.98,0
חדרה,6500,28,590,352,350,2,59.66,0
חדרה,6500,29,607,363,359,4,59.8,0
חדרה,6500,31,541,337,337,0,62.29,0
חדרה,6500,33,641,432,432,0,67.39,0
חדרה,6500,34,577,413,411,2,71.58,0
חדרה,6500,35,637,421,420,1,66.09,0
חדרה,6500,36,627,364,359,5,58.05,0
חדרה,6500,37,571,348,347,1,60.95,0
חדרה,6500,42.1,678,380,379,1,56.05,0
חדרה,6500,42.2,678,354,348,6,52.21,0
חדרה,6500,42.3,678,407,404,3,60.03,0
חדרה,6500,42.4,678,397,395,2,58.55,0
חדרה,6500,42.5,676,393,389,4,58.14,0
חדרה,6500,48.1,642,351,349,2,54.67,0
חדרה,6500,48.2,642,376,372,4,58.57,0
חדרה,6500,48.3,642,351,345,6,54.67,0
חדרה,6500,48.4,641,368,364,4,57.41,0
חדרה,6500,50.1,655,378,377,1,57.71,0
חדרה,6500,50.2,655,387,382,5,59.08,0
חדרה,6500,50.3,655,402,402,0,61.37,0
חדרה,6500,50.4,655,370,366,4,56.49,0
חדרה,6500,50.5,652,383,380,3,58.74,0
חדרה,6500,51.1,576,348,343,5,60.42,0
חדרה,6500,51.2,575,324,323,1,56.35,0
חדרה,6500,53.1,654,381,379,2,58.26,0
חדרה,6500,53.2,654,435,433,2,66.51,0
חדרה,6500,53.3,654,408,403,5,62.39,0
חדרה,6500,53.4,654,453,453,0,69.27,0
חדרה,6500,53.5,654,385,384,1,58.87,0
חדרה,6500,53.6,654,421,418,3,64.37,0
חדרה,6500,60,554,359,355,4,64.8,0
חדרה,6500,61.1,654,423,417,6,64.68,0
חדרה,6500,61.2,654,432,430,2,66.06,0
חדרה,6500,61.3,654,431,430,1,65.9,0
חדרה,6500,61.4,654,430,430,0,65.75,0
חדרה,6500,61.5,654,410,406,4,62.69,0
חדרה,6500,61.6,649,432,429,3,66.56,0
חדרה,6500,62,574,333,329,4,58.01,0
חדרה,6500,63,658,434,432,2,65.96,0
חדרה,6500,67.1,628,412,410,2,65.61,0
חדרה,6500,67.2,628,387,386,1,61.62,0
חדרה,6500,67.3,628,383,380,3,60.99,0
חדרה,6500,67.4,627,378,376,2,60.29,0
חדרה,6500,68,619,385,384,1,62.2,0
חדרה,6500,70,650,367,363,4,56.46,0
חדרה,6500,71.1,635,407,405,2,64.09,0
חדרה,6500,71.2,635,416,412,4,65.51,0
חדרה,6500,71.3,635,388,384,4,61.1,0
חדרה,6500,71.4,633,341,339,2,53.87,0
חדרה,6500,75,663,431,428,3,65.01,0
חדרה,6500,77.1,606,385,377,8,63.53,0
חדרה,6500,77.2,606,338,334,4,55.78,0
חדרה,6500,77.3,605,367,363,4,60.66,0
חדרה,6500,80,575,405,404,1,70.43,0
חדרה,6500,81.1,627,429,429,0,68.42,0
חדרה,6500,81.2,627,429,428,1,68.42,0
חדרה,6500,81.3,627,460,458,2,73.37,0
חדרה,6500,81.4,627,450,450,0,71.77,0
חדרה,6500,82,622,420,416,4,67.52,0
חדרה,6500,85,553,337,336,1,60.94,0
חדרה,6500,87.1,640,419,415,4,65.47,0
חדרה,6500,87.2,640,403,401,2,62.97,0
חדרה,6500,87.3,640,426,425,1,66.56,0
חדרה,6500,87.4,639,356,353,3,55.71,0
חדרה,6500,88,503,303,299,4,60.24,0
חדרה,6500,89,629,268,263,5,42.61,0
חדרה,6500,95.1,655,398,397,1,60.76,0
חדרה,6500,95.2,655,418,416,2,63.82,0
חדרה,6500,95.3,655,426,424,2,65.04,0
חדרה,6500,95.4,655,405,401,4,61.83,0
חדרה,6500,95.5,653,392,389,3,60.03,0
חדרה,6500,96,650,402,399,3,61.85,0
חדרה,6500,97.1,674,394,389,5,58.46,0
חדרה,6500,97.2,674,396,391,5,58.75,0
חדרה,6500,97.3,674,379,377,2,56.23,0
חדרה,6500,97.4,674,393,390,3,58.31,0
חדרה,6500,97.5,674,387,384,3,57.42,0
חדרה,6500,101,600,430,428,2,71.67,0
חדרה,6500,107.1,636,411,407,4,64.62,0
חדרה,6500,107.2,636,396,395,1,62.26,0
חדרה,6500,107.3,636,416,410,6,65.41,0
חדרה,6500,107.4,636,409,407,2,64.31,0
חדרה,6500,107.5,635,383,380,3,60.31,0
חדרה,6500,110.1,672,405,403,2,60.27,0
חדרה,6500,110.2,672,403,399,4,59.97,0
חדרה,6500,110.3,672,404,400,4,60.12,0
חדרה,6500,110.4,671,411,409,2,61.25,0
חדרה,6500,113.1,675,470,469,1,69.63,0
חדרה,6500,113.2,675,491,490,1,72.74,0
חדרה,6500,113.3,675,469,468,1,69.48,0
חדרה,6500,113.4,675,503,500,3,74.52,0
חדרה,6500,115,454,323,322,1,71.15,0
חדרה,6500,119,611,434,434,0,71.03,0
חדרה,6500,121.1,579,442,440,2,76.34,0
חדרה,6500,121.2,579,448,443,5,77.37,0
חדרה,6500,121.3,579,424,422,2,73.23,0
חדרה,6500,121.4,579,423,423,0,73.06,0
חדרה,6500,121.5,577,430,428,2,74.52,0
חדרה,6500,125,625,450,449,1,72.0,0
חדרה,6500,951.1,653,451,450,1,69.07,0
חדרה,6500,951.2,653,412,408,4,63.09,0
חדרה,6500,951.3,653,411,409,2,62.94,0
חדרה,6500,951.4,652,442,442,0,67.79,0
חולדה,160,1.1,356,273,273,0,76.69,0
חולדה,160,1.2,356,279,279,0,78.37,0
חולון,6600,34,626,416,414,2,66.45,0
חולון,6600,36,524,286,285,1,54.58,0
חולון,6600,41,504,264,264,0,52.38,0
חולון,6600,44,467,334,334,0,71.52,0
חולון,6600,47,548,352,349,3,64.23,0
חולון,6600,51,434,254,251,3,58.53,0
חולון,6600,52,558,367,365,2,65.77,0
חולון,6600,62,469,318,311,7,67.8,0
חולון,6600,65.1,663,446,441,5,67.27,0
חולון,6600,65.2,663,422,420,2,63.65,0
חולון,6600,65.3,663,460,453,7,69.38,0
חולון,6600,65.4,663,452,434,18,68.17,0
חולון,6600,65.5,663,459,458,1,69.23,0
חולון,6600,65.6,663,420,419,1,63.35,0
חולון,6600,65.7,658,433,423,10,65.81,0
חולון,6600,68,485,270,269,1,55.67,0
חולון,6600,72,570,350,344,6,61.4,0
חולון,6600,78.1,633,386,379,7,60.98,0
חולון,6600,78.2,633,374,373,1,59.08,0
חולון,6600,78.3,633,389,387,2,61.45,0
חולון,6600,78.4,633,432,432,0,68.25,0
חולון,6600,78.5,633,400,398,2,63.19,0
חולון,6600,78.6,633,374,371,3,59.08,0
חולון,6600,78.7,633,407,407,0,64.3,0
חולון,6600,183,642,418,418,0,65.11,0
חולון,6600,225.1,565,370,365,5,65.49,0
חולון,6600,225.2,565,385,382,3,68.14,0
חולון,6600,225.3,565,375,372,3,66.37,0
חולון,6600,225.4,565,368,365,3,65.13,0
חולון,6600,225.5,564,378,373,5,67.02,0
חולון,6600,239,572,329,324,5,57.52,0
חולון,6600,246.1,684,432,430,2,63.16,0
חולון,6600,246.2,684,412,409,3,60.23,0
חולון,6600,246.3,684,456,454,2,66.67,0
חולון,6600,246.4,684,402,399,3,58.77,0
חולון,6600,246.5,682,417,416,1,61.14,0
חולון,6600,260,548,340,338,2,62.04,0
חולון,6600,55,485,230,228,2,47.42,0
חולון,6600,56,638,311,310,1,48.75,0
חולון,6600,57,648,324,322,2,50.0,0
חולון,6600,58,399,261,258,3,65.41,0
חולון,6600,60,671,340,336,4,50.67,0
חולון,6600,61,698,452,451,1,64.76,0
חולון,6600,70,567,270,268,2,47.62,0
חולון,6600,71,557,255,254,1,45.78,0
חולון,6600,85,613,351,349,2,57.26,0
חולון,6600,86,650,394,392,2,60.62,0
חולון,6600,88,626,357,352,5,57.03,0
חולון,6600,89,540,307,304,3,56.85,0
חולון,6600,90,507,343,338,5,67.65,0
חולון,6600,93,645,355,353,2,55.04,0
חולון,6600,94,653,378,378,0,57.89,0
חולון,6600,97,533,345,342,3,64.73,0
חולון,6600,101,674,436,434,2,64.69,0
חולון,6600,102,560,346,342,4,61.79,0
חולון,6600,104,534,349,347,2,65.36,0
חולון,6600,105,514,307,296,11,59.73,0
חולון,6600,107,660,428,423,5,64.85,0
חולון,6600,110,580,371,371,0,63.97,0
חולון,6600,111,525,344,343,1,65.52,0
חולון,6600,113.1,647,427,426,1,66.0,0
חולון,6600,113.2,647,431,426,5,66.62,0
חולון,6600,113.3,647,430,428,2,66.46,0
חולון,6600,113.4,645,432,431,1,66.98,0
חולון,6600,119,664,315,310,5,47.44,0
חולון,6600,125,588,311,309,2,52.89,0
חולון,6600,126,524,279,277,2,53.24,0
חולון,6600,127,496,292,291,1,58.87,0
חולון,6600,131,585,301,292,9,51.45,0
חולון,6600,133.1,599,341,333,8,56.93,0
חולון,6600,133.2,599,346,346,0,57.76,0
חולון,6600,133.3,599,356,353,3,59.43,0
חולון,6600,133.4,599,367,362,5,61.27,0
חולון,6600,133.5,599,319,316,3,53.26,0
חולון,6600,133.6,598,321,317,4,53.68,0
חולון,6600,135,608,339,334,5,55.76,0
חולון,6600,137,509,290,286,4,56.97,0
חולון,6600,158,551,367,367,0,66.61,0
חולון,6600,159,517,305,304,1,58.99,0
חולון,6600,181,655,335,331,4,51.15,0
חולון,6600,186.1,623,358,356,2,57.46,0
חולון,6600,186.2,623,331,327,4,53.13,0
חולון,6600,186.3,623,356,354,2,57.14,0
חולון,6600,186.4,623,354,351,3,56.82,0
חולון,6600,186.5,621,356,353,3,57.33,0
חולון,6600,191,566,351,350,1,62.01,0
חולון,6600,193,579,315,312,3,54.4,0
חולון,6600,194,559,376,374,2,67.26,0
חולון,6600,197,594,381,380,1,64.14,0
חולון,6600,198,586,350,347,3,59.73,0
חולון,6600,204,415,239,236,3,57.59,0
חולון,6600,228.1,700,363,360,3,51.86,0
חולון,6600,228.2,700,365,362,3,52.14,0
חולון,6600,228.3,700,341,335,6,48.71,0
חולון,6600,234,644,357,357,0,55.43,0
חולון,6600,33.1,654,356,354,2,54.43,0
חולון,6600,33.2,654,324,324,0,49.54,0
חולון,6600,33.3,654,357,355,2,54.59,0
חולון,6600,33.4,654,331,328,3,50.61,0
חולון,6600,33.5,650,319,316,3,49.08,0
חולון,6600,39.1,633,372,365,7,58.77,0
חולון,6600,39.2,633,355,348,7,56.08,0
חולון,6600,39.3,633,378,376,2,59.72,0
חולון,6600,39.4,633,348,346,2,54.98,0
חולון,6600,39.5,632,370,368,2,58.54,0
חולון,6600,112,566,369,367,2,65.19,0
חולון,6600,120,478,296,293,3,61.92,0
חולון,6600,122.1,697,510,509,1,73.17,0
חולון,6600,122.2,697,500,497,3,71.74,0
חולון,6600,122.3,697,514,514,0,73.74,0
חולון,6600,122.4,697,525,523,2,75.32,0
חולון,6600,122.5,697,527,521,6,75.61,0
חולון,6600,122.6,697,483,481,2,69.3,0
חולון,6600,122.7,694,479,477,2,69.02,0
חולון,6600,130,624,453,452,1,72.6,0
חולון,6600,132,534,378,378,0,70.79,0
חולון,6600,155,675,469,467,2,69.48,0
חולון,6600,156,661,474,472,2,71.71,0
חולון,6600,157,652,461,457,4,70.71,0
חולון,6600,178.1,651,462,461,1,70.97,0
חולון,6600,178.2,651,478,477,1,73.43,0
חולון,6600,178.3,651,479,472,7,73.58,0
חולון,6600,178.4,651,483,479,4,74.19,0
חולון,6600,178.5,651,435,434,1,66.82,0
חולון,6600,178.6,649,456,453,3,70.26,0
חולון,6600,192,614,377,373,4,61.4,0
חולון,6600,195,543,315,314,1,58.01,0
חולון,6600,223.1,688,485,480,5,70.49,0
חולון,6600,223.2,688,460,460,0,66.86,0
חולון,6600,223.3,688,475,474,1,69.04,0
חולון,6600,223.4,688,479,476,3,69.62,0
חולון,6600,223.5,685,505,503,2,73.72,0
חולון,6600,253.1,617,457,456,1,74.07,0
חולון,6600,253.2,617,488,488,0,79.09,0
חולון,6600,253.3,617,490,490,0,79.42,0
חולון,6600,253.4,617,483,483,0,78.28,0
חולון,6600,253.5,617,496,493,3,80.39,0
חולון,6600,253.6,617,484,479,5,78.44,0
חולון,6600,253.7,614,467,465,2,76.06,0
חולון,6600,254,681,528,527,1,77.53,0
חולון,6600,956.1,537,414,411,3,77.09,0
חולון,6600,956.2,537,418,415,3,77.84,0
חולון,6600,956.3,537,408,406,2,75.98,0
חולון,6600,956.4,536,429,428,1,80.04,0
חולון,6600,1,659,447,444,3,67.83,0
חולון,6600,2,646,465,463,2,71.98,0
חולון,6600,4.1,551,387,384,3,70.24,0
חולון,6600,4.2,551,354,352,2,64.25,0
חולון,6600,4.3,549,344,344,0,62.66,0
חולון,6600,7,545,437,435,2,80.18,0
חולון,6600,8.1,660,464,463,1,70.3,0
חולון,6600,8.2,660,487,486,1,73.79,0
חולון,6600,8.3,660,435,435,0,65.91,0
חולון,6600,9,582,389,388,1,66.84,0
חולון,6600,10,610,409,408,1,67.05,0
חולון,6600,13,590,399,394,5,67.63,0
חולון,6600,21.1,605,393,390,3,64.96,0
חולון,6600,21.2,605,359,356,3,59.34,0
חולון,6600,21.3,605,411,411,0,67.93,0
חולון,6600,21.4,605,417,417,0,68.93,0
חולון,6600,21.5,603,380,378,2,63.02,0
חולון,6600,140.1,676,436,435,1,64.5,0
חולון,6600,140.2,676,431,429,2,63.76,0
חולון,6600,140.3,676,393,392,1,58.14,0
חולון,6600,140.4,676,463,462,1,68.49,0
חולון,6600,140.5,676,392,390,2,57.99,0
חולון,6600,140.6,676,399,398,1,59.02,0
חולון,6600,140.7,673,416,416,0,61.81,0
חולון,6600,166.1,686,419,414,5,61.08,0
חולון,6600,166.2,686,442,441,1,64.43,0
חולון,6600,166.3,686,434,432,2,63.27,0
חולון,6600,166.4,684,417,416,1,60.96,0
חולון,6600,185.1,574,388,387,1,67.6,0
חולון,6600,185.2,574,366,364,2,63.76,0
חולון,6600,185.3,574,361,361,0,62.89,0
חולון,6600,185.4,574,376,374,2,65.51,0
חולון,6600,244.1,577,378,378,0,65.51,0
חולון,6600,244.2,577,399,399,0,69.15,0
חולון,6600,244.3,577,370,367,3,64.12,0
חולון,6600,244.4,577,385,385,0,66.72,0
חולון,6600,244.5,575,376,374,2,65.39,0
חולון,6600,15,614,461,460,1,75.08,0
חולון,6600,16,598,443,442,1,74.08,0
חולון,6600,19,510,318,318,0,62.35,0
חולון,6600,23,619,332,331,1,53.63,0
חולון,6600,28.1,637,346,345,1,54.32,0
חולון,6600,28.2,637,326,325,1,51.18,0
חולון,6600,28.3,637,351,347,4,55.1,0
חולון,6600,28.4,637,379,371,8,59.5,0
חולון,6600,28.5,637,369,366,3,57.93,0
חולון,6600,28.6,637,297,296,1,46.62,0
חולון,6600,28.7,633,341,339,2,53.87,0
חולון,6600,29,619,363,358,5,58.64,0
חולון,6600,67.1,663,420,417,3,63.35,0
חולון,6600,67.2,663,418,417,1,63.05,0
חולון,6600,67.3,663,416,416,0,62.75,0
חולון,6600,67.4,660,391,389,2,59.24,0
חולון,6600,99,646,499,496,3,77.24,0
חולון,6600,123,647,385,380,5,59.51,0
חולון,6600,124,610,383,382,1,62.79,0
חולון,6600,136,607,321,319,2,52.88,0
חולון,6600,138,642,330,327,3,51.4,0
חולון,6600,139,680,328,323,5,48.24,0
חולון,6600,141,671,438,435,3,65.28,0
חולון,6600,143,644,319,318,1,49.53,0
חולון,6600,144,576,429,427,2,74.48,0
חולון,6600,146,641,357,355,2,55.69,0
חולון,6600,147,660,339,334,5,51.36,0
חולון,6600,148,608,315,315,0,51.81,0
חולון,6600,152,606,427,425,2,70.46,0
חולון,6600,153,675,475,473,2,70.37,0
חולון,6600,154,509,363,362,1,71.32,0
חולון,6600,161,645,342,339,3,53.02,0
חולון,6600,162,647,426,423,3,65.84,0
חולון,6600,205,626,370,368,2,59.11,0
חולון,6600,208.1,633,419,418,1,66.19,0
חולון,6600,208.2,633,405,405,0,63.98,0
חולון,6600,208.3,633,408,407,1,64.45,0
חולון,6600,208.4,632,369,368,1,58.39,0
חולון,6600,210,524,372,369,3,70.99,0
חולון,6600,215,639,428,426,2,66.98,0
חולון,6600,263,586,430,428,2,73.38,0
חולון,6600,31.1,652,459,457,2,70.4,0
חולון,6600,31.2,652,424,424,0,65.03,0
חולון,6600,42.1,692,458,457,1,66.18,0
חולון,6600,42.2,692,434,433,1,62.72,0
חולון,6600,42.3,690,434,433,1,62.9,0
חולון,6600,87,666,330,328,2,49.55,0
חולון,6600,91,620,294,292,2,47.42,0
חולון,6600,114,617,323,320,3,52.35,0
חולון,6600,180.1,677,509,506,3,75.18,0
חולון,6600,180.2,677,464,464,0,68.54,0
חולון,6600,180.3,677,498,498,0,73.56,0
חולון,6600,180.4,677,473,469,4,69.87,0
חולון,6600,180.5,674,462,457,5,68.55,0
חולון,6600,187.1,566,404,403,1,71.38,0
חולון,6600,187.2,566,426,425,1,75.27,0
חולון,6600,187.3,566,404,401,3,71.38,0
חולון,6600,187.4,566,396,395,1,69.96,0
חולון,6600,187.5,563,395,395,0,70.16,0
חולון,6600,232.1,550,381,380,1,69.27,0
חולון,6600,232.2,550,395,393,2,71.82,0
חולון,6600,232.3,550,371,370,1,67.45,0
חולון,6600,232.4,547,384,384,0,70.2,0
חולון,6600,257.1,558,361,357,4,64.7,0
חולון,6600,257.2,558,401,399,2,71.86,0
חולון,6600,257.3,558,365,359,6,65.41,0
חולון,6600,257.4,558,409,409,0,73.3,0
חולון,6600,266.1,681,506,505,1,74.3,0
חולון,6600,266.2,681,533,527,6,78.27,0
חולון,6600,266.3,681,530,528,2,77.83,0
חולון,6600,266.4,681,497,494,3,72.98,0
חולון,6600,266.5,681,521,521,0,76.51,0
חולון,6600,266.6,681,519,518,1,76.21,0
חולון,6600,953.1,661,509,508,1,77.0,0
חולון,6600,953.2,661,500,498,2,75.64,0
חולון,6600,953.3,661,527,525,2,79.73,0
חולון,6600,953.4,661,472,472,0,71.41,0
חולון,6600,953.5,659,493,491,2,74.81,0
חולית,1239,1,141,93,92,1,65.96,0
חולתה,253,1,482,349,349,0,72.41,0
חוסן,662,1.1,395,281,281,0,71.14,0
חוסן,662,1.2,394,277,273,4,70.3,0
חוסנייה,1332,1,607,330,321,9,54.37,0
חופית,115,1.1,394,286,285,1,72.59,0
חופית,115,1.2,394,288,283,5,73.1,0
חוקוק,374,1,495,331,329,2,66.87,0
חורה,1303,1,634,199,197,2,31.39,0
חורה,1303,5.1,380,177,177,0,46.58,0
חורה,1303,5.2,379,175,174,1,46.17,0
חורה,1303,7.1,683,262,261,1,38.36,0
חורה,1303,7.2,683,417,414,3,61.05,0
חורה,1303,9.1,648,356,347,9,54.94,0
חורה,1303,9.2,648,354,350,4,54.63,0
חורה,1303,9.3,647,329,327,2,50.85,0
חורה,1303,10,687,275,273,2,40.03,0
חורה,1303,11,573,206,198,8,35.95,0
חורה,1303,12,636,341,339,2,53.62,0
חורה,1303,13.1,697,420,412,8,60.26,0
חורה,1303,13.2,697,491,482,9,70.44,0
חורה,1303,13.3,697,388,380,8,55.67,0
חורה,1303,14,657,193,189,4,29.38,0
חורפיש,496,1,685,346,346,0,50.51,0
חורפיש,496,2,645,322,320,2,49.92,0
חורפיש,496,3.1,370,206,205,1,55.68,0
חורפיש,496,3.2,370,192,192,0,51.89,0
חורפיש,496,4,660,418,418,0,63.33,0
חורפיש,496,5,689,379,378,1,55.01,0
חורפיש,496,6,666,304,303,1,45.65,0
חורפיש,496,7.1,376,215,213,2,57.18,0
חורפיש,496,7.2,375,204,202,2,54.4,0
חורשים,355,1,307,208,208,0,67.75,0
חזון,1047,1,255,221,219,2,86.67,0
חיבת ציון,219,1,536,425,425,0,79.29,0
חיננית,3643,1,489,355,354,1,72.6,0
חיננית,3643,2,413,330,328,2,79.9,0
חיפה,4000,2,549,152,151,1,27.69,0
חיפה,4000,50,514,212,206,6,41.25,0
חיפה,4000,74,574,109,109,0,18.99,0
חיפה,4000,75,696,349,341,8,50.14,0
חיפה,4000,77,631,300,296,4,47.54,0
חיפה,4000,79,445,218,218,0,48.99,0
חיפה,4000,80,508,267,263,4,52.56,0
חיפה,4000,81,683,316,313,3,46.27,0
חיפה,4000,83,466,198,194,4,42.49,0
חיפה,4000,88,608,279,275,4,45.89,0
חיפה,4000,275.1,580,341,341,0,58.79,0
חיפה,4000,275.2,580,319,319,0,55.0,0
חיפה,4000,275.3,580,297,293,4,51.21,0
חיפה,4000,275.4,580,315,312,3,54.31,0
חיפה,4000,275.5,578,316,314,2,54.67,0
חיפה,4000,277,458,232,230,2,50.66,0
חיפה,4000,279,487,247,245,2,50.72,0
חיפה,4000,280,595,193,191,2,32.44,0
חיפה,4000,281,561,303,302,1,54.01,0
חיפה,4000,290,657,313,309,4,47.64,0
חיפה,4000,291,556,226,225,1,40.65,0
חיפה,4000,297,594,226,222,4,38.05,0
חיפה,4000,298.1,371,164,161,3,44.2,0
חיפה,4000,298.2,370,143,143,0,38.65,0
חיפה,4000,299,633,205,202,3,32.39,0
חיפה,4000,301,582,152,151,1,26.12,0
חיפה,4000,52.1,640,261,256,5,40.78,0
חיפה,4000,52.2,640,202,198,4,31.56,0
חיפה,4000,52.3,640,186,180,6,29.06,0
חיפה,4000,52.4,640,214,212,2,33.44,0
חיפה,4000,306,532,140,135,5,26.32,0
חיפה,4000,335.1,534,209,209,0,39.14,0
חיפה,4000,335.2,534,214,211,3,40.07,0
חיפה,4000,339,597,232,228,4,38.86,0
חיפה,4000,375,636,228,227,1,35.85,0
חיפה,4000,377,636,226,223,3,35.53,0
חיפה,4000,379,617,143,141,2,23.18,0
חיפה,4000,381,533,224,218,6,42.03,0
חיפה,4000,382,629,218,217,1,34.66,0
חיפה,4000,384,528,196,194,2,37.12,0
חיפה,4000,387.1,666,237,236,1,35.59,0
חיפה,4000,387.2,666,189,187,2,28.38,0
חיפה,4000,388,603,202,200,2,33.5,0
חיפה,4000,430,509,205,205,0,40.28,0
חיפה,4000,58.1,530,181,178,3,34.15,0
חיפה,4000,58.2,530,169,167,2,31.89,0
חיפה,4000,304.1,681,214,213,1,31.42,0
חיפה,4000,304.2,680,225,225,0,33.09,0
חיפה,4000,318.1,469,200,200,0,42.64,0
חיפה,4000,318.2,469,169,168,1,36.03,0
חיפה,4000,318.3,468,209,209,0,44.66,0
חיפה,4000,320.1,621,351,350,1,56.52,0
חיפה,4000,320.2,621,377,375,2,60.71,0
חיפה,4000,320.3,621,359,355,4,57.81,0
חיפה,4000,320.4,621,354,353,1,57.0,0
חיפה,4000,320.5,621,399,396,3,64.25,0
חיפה,4000,320.6,617,375,375,0,60.78,0
חיפה,4000,327,561,237,237,0,42.25,0
חיפה,4000,328,573,367,367,0,64.05,0
חיפה,4000,343.1,581,322,320,2,55.42,0
חיפה,4000,343.2,581,409,408,1,70.4,0
חיפה,4000,343.3,581,378,378,0,65.06,0
חיפה,4000,343.4,581,354,351,3,60.93,0
חיפה,4000,343.5,577,426,422,4,73.83,0
חיפה,4000,344.1,607,224,223,1,36.9,0
חיפה,4000,344.2,607,227,224,3,37.4,0
חיפה,4000,344.3,607,239,236,3,39.37,0
חיפה,4000,344.4,607,222,220,2,36.57,0
חיפה,4000,344.5,607,201,196,5,33.11,0
חיפה,4000,344.6,604,216,213,3,35.76,0
חיפה,4000,990.1,564,153,151,2,27.13,0
חיפה,4000,990.2,564,141,140,1,25.0,0
חיפה,4000,267,422,191,189,2,45.26,0
חיפה,4000,268,483,197,196,1,40.79,0
חיפה,4000,283.1,676,321,320,1,47.49,0
חיפה,4000,283.2,676,309,309,0,45.71,0
חיפה,4000,283.3,676,296,296,0,43.79,0
חיפה,4000,284,571,214,213,1,37.48,0
חיפה,4000,287.1,613,249,249,0,40.62,0
חיפה,4000,287.2,613,247,246,1,40.29,0
חיפה,4000,287.3,613,239,234,5,38.99,0
חיפה,4000,287.4,613,238,236,2,38.83,0
חיפה,4000,287.5,610,233,232,1,38.2,0
חיפה,4000,319,502,315,314,1,62.75,0
חיפה,4000,325,438,269,267,2,61.42,0
חיפה,4000,337.1,584,235,233,2,40.24,0
חיפה,4000,337.2,584,234,234,0,40.07,0
חיפה,4000,337.3,582,228,226,2,39.18,0
חיפה,4000,345.1,658,351,348,3,53.34,0
חיפה,4000,345.2,658,351,351,0,53.34,0
חיפה,4000,345.3,656,332,330,2,50.61,0
חיפה,4000,347,482,250,246,4,51.87,0
חיפה,4000,348,681,346,344,2,50.81,0
חיפה,4000,354.1,609,363,360,3,59.61,0
חיפה,4000,354.2,609,385,382,3,63.22,0
חיפה,4000,354.3,609,377,372,5,61.9,0
חיפה,4000,1.1,530,258,253,5,48.68,0
חיפה,4000,1.2,530,270,267,3,50.94,0
חיפה,4000,1.3,530,270,270,0,50.94,0
חיפה,4000,1.4,530,248,246,2,46.79,0
חיפה,4000,71,688,291,289,2,42.3,0
חיפה,4000,72,624,238,235,3,38.14,0
חיפה,4000,85,607,272,270,2,44.81,0
חיפה,4000,86,693,297,296,1,42.86,0
חיפה,4000,87,614,192,191,1,31.27,0
חיפה,4000,89.1,659,313,310,3,47.5,0
חיפה,4000,89.2,659,283,279,4,42.94,0
חיפה,4000,89.3,659,279,276,3,42.34,0
חיפה,4000,89.4,659,319,315,4,48.41,0
חיפה,4000,89.5,658,282,274,8,42.86,0
חיפה,4000,90.1,551,241,237,4,43.74,0
חיפה,4000,90.2,551,285,280,5,51.72,0
חיפה,4000,90.3,551,260,258,2,47.19,0
חיפה,4000,90.4,549,239,235,4,43.53,0
חיפה,4000,93,654,331,329,2,50.61,0
חיפה,4000,101.1,614,252,252,0,41.04,0
חיפה,4000,101.2,614,250,246,4,40.72,0
חיפה,4000,101.3,614,249,246,3,40.55,0
חיפה,4000,101.4,612,210,208,2,34.31,0
חיפה,4000,121,698,351,346,5,50.29,0
חיפה,4000,126,689,295,291,4,42.82,0
חיפה,4000,127,645,322,319,3,49.92,0
חיפה,4000,128,672,253,248,5,37.65,0
חיפה,4000,130,547,237,235,2,43.33,0
חיפה,4000,131,555,261,260,1,47.03,0
חיפה,4000,132,692,386,382,4,55.78,0
חיפה,4000,133,630,297,288,9,47.14,0
חיפה,4000,134,523,296,289,7,56.6,0
חיפה,4000,135,485,203,203,0,41.86,0
חיפה,4000,136,560,234,229,5,41.79,0
חיפה,4000,138,436,186,180,6,42.66,0
חיפה,4000,141,691,285,283,2,41.24,0
חיפה,4000,143,595,305,303,2,51.26,0
חיפה,4000,146,645,226,225,1,35.04,0
חיפה,4000,159,513,239,234,5,46.59,0
חיפה,4000,149.1,637,367,366,1,57.61,0
חיפה,4000,149.2,637,353,350,3,55.42,0
חיפה,4000,149.3,637,363,362,1,56.99,0
חיפה,4000,149.4,634,301,300,1,47.48,0
חיפה,4000,219,444,285,285,0,64.19,0
חיפה,4000,220,505,290,289,1,57.43,0
חיפה,4000,228,567,229,226,3,40.39,0
חיפה,4000,229,627,326,323,3,51.99,0
חיפה,4000,231.1,583,362,361,1,62.09,0
חיפה,4000,231.2,583,360,360,0,61.75,0
חיפה,4000,231.3,583,363,360,3,62.26,0
חיפה,4000,232,630,409,407,2,64.92,0
חיפה,4000,235,537,346,345,1,64.43,0
חיפה,4000,236.1,685,434,434,0,63.36,0
חיפה,4000,236.2,685,371,371,0,54.16,0
חיפה,4000,236.3,685,435,435,0,63.5,0
חיפה,4000,236.4,685,410,409,1,59.85,0
חיפה,4000,236.5,684,396,394,2,57.89,0
חיפה,4000,244,520,298,296,2,57.31,0
חיפה,4000,257,638,391,389,2,61.29,0
חיפה,4000,261,560,299,293,6,53.39,0
חיפה,4000,265.1,692,415,413,2,59.97,0
חיפה,4000,265.2,692,404,403,1,58.38,0
חיפה,4000,265.3,692,413,412,1,59.68,0
חיפה,4000,265.4,691,368,366,2,53.26,0
חיפה,4000,282,519,300,300,0,57.8,0
חיפה,4000,334,506,349,347,2,68.97,0
חיפה,4000,426,605,405,404,1,66.94,0
חיפה,4000,463.1,595,405,405,0,68.07,0
חיפה,4000,463.2,595,366,365,1,61.51,0
חיפה,4000,463.3,595,374,374,0,62.86,0
חיפה,4000,463.4,595,398,398,0,66.89,0
חיפה,4000,463.5,591,398,395,3,67.34,0
חיפה,4000,140,531,312,309,3,58.76,0
חיפה,4000,147,554,281,281,0,50.72,0
חיפה,4000,148,689,381,375,6,55.3,0
חיפה,4000,151,565,308,306,2,54.51,0
חיפה,4000,152,611,332,328,4,54.34,0
חיפה,4000,154,643,314,309,5,48.83,0
חיפה,4000,155.1,651,330,325,5,50.69,0
חיפה,4000,155.2,651,329,325,4,50.54,0
חיפה,4000,155.3,651,320,318,2,49.16,0
חיפה,4000,155.4,651,328,324,4,50.38,0
חיפה,4000,155.5,651,301,298,3,46.24,0
חיפה,4000,161,589,285,281,4,48.39,0
חיפה,4000,162,576,299,296,3,51.91,0
חיפה,4000,163,592,318,313,5,53.72,0
חיפה,4000,164,679,336,335,1,49.48,0
חיפה,4000,165,520,264,261,3,50.77,0
חיפה,4000,166,523,314,309,5,60.04,0
חיפה,4000,167,693,326,321,5,47.04,0
חיפה,4000,168,552,309,306,3,55.98,0
חיפה,4000,227,648,260,257,3,40.12,0
חיפה,4000,245,483,233,230,3,48.24,0
חיפה,4000,272,584,424,424,0,72.6,0
חיפה,4000,300,581,463,462,1,79.69,0
חיפה,4000,439,654,509,504,5,77.83,0
חיפה,4000,440,544,416,415,1,76.47,0
חיפה,4000,441,582,474,474,0,81.44,0
חיפה,4000,466,677,474,471,3,70.01,0
חיפה,4000,960.1,621,259,257,2,41.71,0
חיפה,4000,960.2,621,238,235,3,38.33,0
חיפה,4000,960.3,621,210,207,3,33.82,0
חיפה,4000,966,672,512,509,3,76.19,0
חיפה,4000,968,616,461,459,2,74.84,0
חיפה,4000,202,567,350,348,2,61.73,0
חיפה,4000,203.1,695,410,410,0,58.99,0
חיפה,4000,203.2,695,402,402,0,57.84,0
חיפה,4000,203.3,693,402,400,2,58.01,0
חיפה,4000,212.1,628,412,410,2,65.61,0
חיפה,4000,212.2,628,410,409,1,65.29,0
חיפה,4000,212.3,626,402,402,0,64.22,0
חיפה,4000,213,683,453,450,3,66.33,0
חיפה,4000,214,513,310,310,0,60.43,0
חיפה,4000,216,524,323,322,1,61.64,0
חיפה,4000,241,669,471,471,0,70.4,0
חיפה,4000,250.1,578,364,362,2,62.98,0
חיפה,4000,250.2,578,356,354,2,61.59,0
חיפה,4000,250.3,578,332,328,4,57.44,0
חיפה,4000,250.4,578,332,332,0,57.44,0
חיפה,4000,250.5,578,351,351,0,60.73,0
חיפה,4000,254.1,682,482,480,2,70.67,0
חיפה,4000,254.2,682,481,480,1,70.53,0
חיפה,4000,254.3,681,467,466,1,68.58,0
חיפה,4000,255.1,589,354,354,0,60.1,0
חיפה,4000,255.2,589,356,354,2,60.44,0
חיפה,4000,255.3,589,370,369,1,62.82,0
חיפה,4000,255.4,589,412,405,7,69.95,0
חיפה,4000,255.5,588,368,362,6,62.59,0
חיפה,4000,256,670,432,432,0,64.48,0
חיפה,4000,259.1,699,399,398,1,57.08,0
חיפה,4000,259.2,699,409,408,1,58.51,0
חיפה,4000,259.3,699,404,402,2,57.8,0
חיפה,4000,259.4,699,415,412,3,59.37,0
חיפה,4000,260,588,267,267,0,45.41,0
חיפה,4000,302,498,288,286,2,57.83,0
חיפה,4000,322,547,311,310,1,56.86,0
חיפה,4000,180,601,271,269,2,45.09,0
חיפה,4000,184,571,361,359,2,63.22,0
חיפה,4000,186,503,287,284,3,57.06,0
חיפה,4000,195,522,290,285,5,55.56,0
חיפה,4000,199.1,548,346,345,1,63.14,0
חיפה,4000,199.2,548,351,350,1,64.05,0
חיפה,4000,199.3,548,338,338,0,61.68,0
חיפה,4000,199.4,548,335,335,0,61.13,0
חיפה,4000,200,611,345,345,0,56.46,0
חיפה,4000,262,450,256,255,1,56.89,0
חיפה,4000,273.1,631,398,397,1,63.07,0
חיפה,4000,273.2,631,381,381,0,60.38,0
חיפה,4000,273.3,631,369,369,0,58.48,0
חיפה,4000,273.4,631,400,396,4,63.39,0
חיפה,4000,273.5,631,400,399,1,63.39,0
חיפה,4000,364,574,413,412,1,71.95,0
חיפה,4000,365,600,175,172,3,29.17,0
חיפה,4000,425,606,438,437,1,72.28,0
חיפה,4000,428,675,515,515,0,76.3,0
חיפה,4000,429,545,407,407,0,74.68,0
חיפה,4000,434,681,482,480,2,70.78,0
חיפה,4000,461.1,682,459,459,0,67.3,0
חיפה,4000,461.2,682,453,453,0,66.42,0
חיפה,4000,461.3,682,433,430,3,63.49,0
חיפה,4000,461.4,679,435,432,3,64.06,0
חיפה,4000,169,606,466,465,1,76.9,0
חיפה,4000,171.1,352,265,264,1,75.28,0
חיפה,4000,171.2,351,256,256,0,72.93,0
חיפה,4000,172.1,569,363,362,1,63.8,0
חיפה,4000,172.2,568,367,364,3,64.61,0
חיפה,4000,179,484,345,343,2,71.28,0
חיפה,4000,181.1,559,381,380,1,68.16,0
חיפה,4000,181.2,559,351,351,0,62.79,0
חיפה,4000,181.3,559,362,362,0,64.76,0
חיפה,4000,181.4,557,369,367,2,66.25,0
חיפה,4000,187,560,369,369,0,65.89,0
חיפה,4000,190,507,380,378,2,74.95,0
חיפה,4000,192.1,617,340,340,0,55.11,0
חיפה,4000,192.2,617,322,319,3,52.19,0
חיפה,4000,192.3,617,329,329,0,53.32,0
חיפה,4000,192.4,617,346,346,0,56.08,0
חיפה,4000,194.1,664,380,380,0,57.23,0
חיפה,4000,194.2,664,395,394,1,59.49,0
חיפה,4000,194.3,664,409,407,2,61.6,0
חיפה,4000,194.4,664,376,376,0,56.63,0
חיפה,4000,194.5,664,431,431,0,64.91,0
חיפה,4000,194.6,661,406,406,0,61.42,0
חיפה,4000,197.1,661,458,458,0,69.29,0
חיפה,4000,197.2,661,444,442,2,67.17,0
חיפה,4000,269,677,493,491,2,72.82,0
חיפה,4000,359,507,376,374,2,74.16,0
חיפה,4000,363,547,380,380,0,69.47,0
חיפה,4000,449.1,695,479,479,0,68.92,0
חיפה,4000,449.2,695,487,487,0,70.07,0
חיפה,4000,449.3,695,463,462,1,66.62,0
חיפה,4000,449.4,694,500,500,0,72.05,0
חיפה,4000,102.1,688,488,488,0,70.93,0
חיפה,4000,102.2,688,483,482,1,70.2,0
חיפה,4000,102.3,688,495,494,1,71.95,0
חיפה,4000,102.4,688,502,480,22,72.97,0
חיפה,4000,102.5,686,472,469,3,68.8,0
חיפה,4000,173,645,442,440,2,68.53,0
חיפה,4000,177.1,534,372,372,0,69.66,0
חיפה,4000,177.2,534,374,374,0,70.04,0
חיפה,4000,177.3,534,368,367,1,68.91,0
חיפה,4000,177.4,534,365,365,0,68.35,0
חיפה,4000,198.1,650,338,336,2,52.0,0
חיפה,4000,198.2,650,341,339,2,52.46,0
חיפה,4000,198.3,650,348,347,1,53.54,0
חיפה,4000,198.4,650,346,344,2,53.23,0
חיפה,4000,198.5,647,323,322,1,49.92,0
חיפה,4000,368,530,322,320,2,60.75,0
חיפה,4000,369,673,467,465,2,69.39,0
חיפה,4000,370,631,459,456,3,72.74,0
חיפה,4000,371,678,419,417,2,61.8,0
חיפה,4000,372,674,487,485,2,72.26,0
חיפה,4000,409,608,388,386,2,63.82,0
חיפה,4000,410,449,287,286,1,63.92,0
חיפה,4000,420,507,190,187,3,37.48,0
חיפה,4000,438,684,503,503,0,73.54,0
חיפה,4000,446,414,266,266,0,64.25,0
חיפה,4000,450,679,468,465,3,68.92,0
חיפה,4000,453.1,572,390,389,1,68.18,0
חיפה,4000,453.2,571,424,423,1,74.26,0
חיפה,4000,462,522,381,381,0,72.99,0
חיפה,4000,465,603,441,439,2,73.13,0
חיפה,4000,961,582,372,371,1,63.92,0
חיפה,4000,350.1,579,361,360,1,62.35,0
חיפה,4000,350.2,579,381,381,0,65.8,0
חיפה,4000,350.3,579,350,349,1,60.45,0
חיפה,4000,350.4,579,337,335,2,58.2,0
חיפה,4000,355.1,613,391,390,1,63.78,0
חיפה,4000,355.2,613,379,374,5,61.83,0
חיפה,4000,355.3,613,388,388,0,63.3,0
חיפה,4000,355.4,613,382,378,4,62.32,0
חיפה,4000,355.5,613,355,353,2,57.91,0
חיפה,4000,355.6,613,377,376,1,61.5,0
חיפה,4000,355.7,613,407,402,5,66.39,0
חיפה,4000,360.1,594,409,409,0,68.86,0
חיפה,4000,361,365,256,254,2,70.14,0
חיפה,4000,362,558,410,408,2,73.48,0
חיפה,4000,392.1,633,420,418,2,66.35,0
חיפה,4000,392.2,633,430,428,2,67.93,0
חיפה,4000,392.3,633,410,408,2,64.77,0
חיפה,4000,392.4,633,399,399,0,63.03,0
חיפה,4000,392.5,633,375,372,3,59.24,0
חיפה,4000,403,454,237,235,2,52.2,0
חיפה,4000,411,449,126,125,1,28.06,0
חיפה,4000,435,547,232,228,4,42.41,0
חיפה,4000,460,494,343,340,3,69.43,0
חיפה,4000,958,589,221,221,0,37.52,0
חיפה,4000,963,578,359,357,2,62.11,0
חיפה,4000,346.1,645,358,355,3,55.5,0
חיפה,4000,346.2,645,324,324,0,50.23,0
חיפה,4000,346.3,645,338,337,1,52.4,0
חיפה,4000,346.4,645,340,336,4,52.71,0
חיפה,4000,346.5,642,357,356,1,55.61,0
חיפה,4000,351.1,601,260,258,2,43.26,0
חיפה,4000,351.2,601,259,254,5,43.09,0
חיפה,4000,351.3,601,285,280,5,47.42,0
חיפה,4000,351.4,601,255,253,2,42.43,0
חיפה,4000,351.5,598,226,223,3,37.79,0
חיפה,4000,380.1,606,282,275,7,46.53,0
חיפה,4000,380.2,606,262,260,2,43.23,0
חיפה,4000,380.3,606,258,253,5,42.57,0
חיפה,4000,380.4,603,238,235,3,39.47,0
חיפה,4000,385.1,590,326,319,7,55.25,0
חיפה,4000,385.2,590,299,295,4,50.68,0
חיפה,4000,389,521,243,242,1,46.64,0
חיפה,4000,405.1,467,309,309,0,66.17,0
חיפה,4000,405.2,467,318,315,3,68.09,0
חיפה,4000,405.3,467,303,303,0,64.88,0
חיפה,4000,412,606,299,293,6,49.34,0
חיפה,4000,418,596,316,315,1,53.02,0
חיפה,4000,419,510,241,240,1,47.25,0
חיפה,4000,423,466,178,178,0,38.2,0
חיפה,4000,432.1,571,323,322,1,56.57,0
חיפה,4000,432.2,571,354,351,3,62.0,0
חיפה,4000,432.3,571,309,309,0,54.12,0
חיפה,4000,432.4,571,339,338,1,59.37,0
חיפה,4000,432.5,570,319,317,2,55.96,0
חיפה,4000,433,478,218,216,2,45.61,0
חיפה,4000,3,535,415,414,1,77.57,0
חיפה,4000,13,519,371,371,0,71.48,0
חיפה,4000,14.1,687,420,415,5,61.14,0
חיפה,4000,14.2,687,430,427,3,62.59,0
חיפה,4000,31,680,529,527,2,77.79,0
חיפה,4000,33,561,419,419,0,74.69,0
חיפה,4000,34,576,396,394,2,68.75,0
חיפה,4000,37.1,613,490,489,1,79.93,0
חיפה,4000,37.2,612,453,450,3,74.02,0
חיפה,4000,701,605,328,322,6,54.21,0
חיפה,4000,702,626,282,279,3,45.05,0
חיפה,4000,703,625,370,366,4,59.2,0
חיפה,4000,704,533,240,236,4,45.03,0
חיפה,4000,705,583,270,266,4,46.31,0
חיפה,4000,707,533,248,244,4,46.53,0
חיפה,4000,708,477,298,297,1,62.47,0
חיפה,4000,715.1,615,316,310,6,51.38,0
חיפה,4000,715.2,615,297,291,6,48.29,0
חיפה,4000,715.3,615,291,289,2,47.32,0
חיפה,4000,716,643,390,387,3,60.65,0
חיפה,4000,717,525,304,302,2,57.9,0
חיפה,4000,706,645,434,430,4,67.29,0
חיפה,4000,711,492,248,244,4,50.41,0
חיפה,4000,712,519,335,334,1,64.55,0
חיפה,4000,721.1,656,457,456,1,69.66,0
חיפה,4000,721.2,656,463,459,4,70.58,0
חיפה,4000,721.3,656,455,455,0,69.36,0
חיפה,4000,721.4,653,441,438,3,67.53,0
חיפה,4000,722.1,589,415,414,1,70.46,0
חיפה,4000,722.2,589,389,389,0,66.04,0
חיפה,4000,722.3,589,399,396,3,67.74,0
חיפה,4000,722.4,589,405,402,3,68.76,0
חיפה,4000,722.5,589,387,386,1,65.7,0
חיפה,4000,722.6,589,373,372,1,63.33,0
חיפה,4000,723.1,646,437,437,0,67.65,0
חיפה,4000,723.2,646,454,453,1,70.28,0
חיפה,4000,723.3,646,446,444,2,69.04,0
חיפה,4000,723.4,644,427,424,3,66.3,0
חיפה,4000,726,607,255,253,2,42.01,0
חיפה,4000,727,572,207,205,2,36.19,0
חיפה,4000,730.1,668,455,451,4,68.11,0
חיפה,4000,730.2,668,442,442,0,66.17,0
חיפה,4000,730.3,668,440,438,2,65.87,0
חיפה,4000,730.4,668,406,403,3,60.78,0
חיפה,4000,730.5,668,440,440,0,65.87,0
חיפה,4000,730.6,668,438,433,5,65.57,0
חיפה,4000,730.7,666,438,438,0,65.77,0
חיפה,4000,733,586,391,390,1,66.72,0
חיפה,4000,739,505,232,231,1,45.94,0
חיפה,4000,742,667,477,475,2,71.51,0
חירות,162,1,446,355,355,0,79.6,0
חירות,162,2,517,392,392,0,75.82,0
חלוץ,1272,1,454,296,296,0,65.2,0
חלץ,820,1,367,270,268,2,73.57,0
חמאם,993,1,630,281,278,3,44.6,0
חמאם,993,2,600,315,314,1,52.5,0
חמד,801,1,614,507,502,5,82.57,0
חמדיה,343,1,335,231,229,2,68.96,0
חמדת,3646,1,164,121,121,0,73.78,0
חמרה,3609,1,148,104,103,1,70.27,0
חניאל,807,1,647,470,469,1,72.64,0
חניתה,280,1.1,363,218,218,0,60.06,0
חניתה,280,1.2,363,229,229,0,63.09,0
חנתון,1257,1,558,413,411,2,74.01,0
חספין,4005,1,489,354,354,0,72.39,0
חספין,4005,2,402,291,290,1,72.39,0
חפץ חיים,363,1,370,308,307,1,83.24,0
חפציבה,90,1,587,411,409,2,70.02,0
חצב,700,1,369,267,266,1,72.36,0
חצב,700,2,534,436,435,1,81.65,0
חצבה,13,1,566,408,407,1,72.08,0
חצור הגלילית,2034,1,653,429,427,2,65.7,0
חצור הגלילית,2034,2,677,460,457,3,67.95,0
חצור הגלילית,2034,4.1,618,423,417,6,68.45,0
חצור הגלילית,2034,4.2,618,408,408,0,66.02,0
חצור הגלילית,2034,4.3,616,394,394,0,63.96,0
חצור הגלילית,2034,6,552,377,376,1,68.3,0
חצור הגלילית,2034,8.1,691,447,447,0,64.69,0
חצור הגלילית,2034,9,505,361,360,1,71.49,0
חצור הגלילית,2034,11,498,342,338,4,68.67,0
חצור הגלילית,2034,13.1,685,519,519,0,75.77,0
חצור הגלילית,2034,13.2,685,563,563,0,82.19,0
חצור הגלילית,2034,13.3,683,561,561,0,82.14,0
חצוראשדוד,406,1,693,484,483,1,69.84,0
חצרים,397,1,393,278,278,0,70.74,0
חצרים,397,2,439,329,329,0,74.94,0
חרב לאת,422,1,587,426,426,0,72.57,0
חרוצים,1024,1,615,473,471,2,76.91,0
חריש,1247,2.1,655,436,436,0,66.56,0
חריש,1247,2.2,655,462,461,1,70.53,0
חריש,1247,2.3,655,430,430,0,65.65,0
חריש,1247,2.4,655,468,467,1,71.45,0
חריש,1247,2.5,655,463,461,2,70.69,0
חריש,1247,2.6,655,455,453,2,69.47,0
חריש,1247,2.7,655,433,430,3,66.11,0
חריש,1247,3.1,657,460,457,3,70.02,0
חריש,1247,3.2,657,477,474,3,72.6,0
חריש,1247,3.3,657,453,449,4,68.95,0
חריש,1247,3.4,657,444,442,2,67.58,0
חריש,1247,3.5,657,497,494,3,75.65,0
חריש,1247,3.6,657,458,454,4,69.71,0
חריש,1247,3.7,657,478,478,0,72.75,0
חריש,1247,3.8,657,429,427,2,65.3,0
חריש,1247,3.9,652,491,490,1,75.31,0
חריש,1247,27.1,663,470,470,0,70.89,0
חריש,1247,27.2,663,477,476,1,71.95,0
חריש,1247,27.3,663,517,514,3,77.98,0
חריש,1247,27.4,663,507,498,9,76.47,0
חריש,1247,27.5,660,507,504,3,76.82,0
חריש,1247,990.1,693,515,514,1,74.31,0
חריש,1247,990.2,693,489,488,1,70.56,0
חריש,1247,990.3,693,529,525,4,76.33,0
חריש,1247,990.4,693,485,483,2,69.99,0
חריש,1247,990.5,692,500,496,4,72.25,0
חרמש,3717,1,213,138,136,2,64.79,0
חרשים,1209,1,249,187,187,0,75.1,0
חשמונאים,3770,2.1,561,402,400,2,71.66,0
חשמונאים,3770,2.2,561,420,419,1,74.87,0
חשמונאים,3770,2.3,561,408,407,1,72.73,0
חשמונאים,3770,2.4,561,416,414,2,74.15,0
טבריה,6700,2,558,317,316,1,56.81,0
טבריה,6700,3.1,673,460,457,3,68.35,0
טבריה,6700,3.2,673,406,403,3,60.33,0
טבריה,6700,3.3,673,452,452,0,67.16,0
טבריה,6700,3.4,673,419,417,2,62.26,0
טבריה,6700,3.5,673,415,415,0,61.66,0
טבריה,6700,10.1,542,381,378,3,70.3,0
טבריה,6700,10.2,542,365,363,2,67.34,0
טבריה,6700,10.3,540,352,351,1,65.19,0
טבריה,6700,11.1,268,166,163,3,61.94,0
טבריה,6700,11.2,267,170,169,1,63.67,0
טבריה,6700,12,524,190,187,3,36.26,0
טבריה,6700,15,624,375,371,4,60.1,0
טבריה,6700,16.1,637,325,324,1,51.02,0
טבריה,6700,16.2,637,324,322,2,50.86,0
טבריה,6700,16.3,636,305,302,3,47.96,0
טבריה,6700,19,514,340,340,0,66.15,0
טבריה,6700,20,426,206,205,1,48.36,0
טבריה,6700,23,406,211,211,0,51.97,0
טבריה,6700,24,634,308,303,5,48.58,0
טבריה,6700,25,524,337,334,3,64.31,0
טבריה,6700,29,499,275,273,2,55.11,0
טבריה,6700,31.1,542,325,325,0,59.96,0
טבריה,6700,31.2,542,315,315,0,58.12,0
טבריה,6700,31.3,542,316,315,1,58.3,0
טבריה,6700,31.4,540,309,308,1,57.22,0
טבריה,6700,32,570,368,368,0,64.56,0
טבריה,6700,33,488,333,332,1,68.24,0
טבריה,6700,34,541,358,358,0,66.17,0
טבריה,6700,35,643,416,415,1,64.7,0
טבריה,6700,36,561,408,408,0,72.73,0
טבריה,6700,37,548,318,316,2,58.03,0
טבריה,6700,41.1,471,290,287,3,61.57,0
טבריה,6700,41.2,471,292,286,6,62.0,0
טבריה,6700,41.3,470,267,266,1,56.81,0
טבריה,6700,42,506,330,329,1,65.22,0
טבריה,6700,44,535,362,362,0,67.66,0
טבריה,6700,45,498,305,303,2,61.24,0
טבריה,6700,46,641,394,390,4,61.47,0
טבריה,6700,48,608,425,425,0,69.9,0
טבריה,6700,49.1,585,349,348,1,59.66,0
טבריה,6700,49.2,585,320,319,1,54.7,0
טבריה,6700,49.3,585,341,338,3,58.29,0
טבריה,6700,49.4,585,347,346,1,59.32,0
טבריה,6700,49.5,585,351,350,1,60.0,0
טבריה,6700,49.6,585,313,312,1,53.5,0
טבריה,6700,51.1,664,467,465,2,70.33,0
טבריה,6700,51.2,664,479,478,1,72.14,0
טבריה,6700,51.3,662,434,434,0,65.56,0
טבריה,6700,52.1,578,357,357,0,61.76,0
טבריה,6700,52.2,578,348,345,3,60.21,0
טבריה,6700,52.3,578,350,348,2,60.55,0
טבריה,6700,52.4,578,344,343,1,59.52,0
טבריה,6700,52.5,578,335,332,3,57.96,0
טבריה,6700,54.1,588,383,383,0,65.14,0
טבריה,6700,54.2,588,398,397,1,67.69,0
טבריה,6700,54.3,586,388,387,1,66.21,0
טבריה,6700,55,374,186,185,1,49.73,0
טבריה,6700,57,738,592,590,2,80.22,0
טבריה,6700,58.1,625,394,388,6,63.04,0
טבריה,6700,58.2,625,395,391,4,63.2,0
טבריה,6700,58.3,625,389,386,3,62.24,0
טבריה,6700,58.4,625,365,363,2,58.4,0
טבריה,6700,59,586,488,485,3,83.28,0
טבריה,6700,60,492,316,312,4,64.23,0
טובאזנגריה,962,1,652,262,260,2,40.18,0
טובאזנגריה,962,2,643,338,336,2,52.57,0
טובאזנגריה,962,3,566,235,230,5,41.52,0
טובאזנגריה,962,4,560,209,205,4,37.32,0
טובאזנגריה,962,5,617,262,257,5,42.46,0
טובאזנגריה,962,6,564,247,244,3,43.79,0
טובאזנגריה,962,7,545,287,286,1,52.66,0
טובאזנגריה,962,8,646,266,265,1,41.18,0
טורעאן,498,4.1,677,343,338,5,50.66,0
טורעאן,498,4.2,677,295,294,1,43.57,0
טורעאן,498,4.3,675,346,344,2,51.26,0
טורעאן,498,6.1,357,190,184,6,53.22,0
טורעאן,498,6.2,357,158,155,3,44.26,0
טורעאן,498,8.1,545,302,298,4,55.41,0
טורעאן,498,8.2,545,309,308,1,56.7,0
טורעאן,498,8.3,545,273,269,4,50.09,0
טורעאן,498,8.4,542,270,268,2,49.82,0
טורעאן,498,9.1,515,241,239,2,46.8,0
טורעאן,498,9.2,515,276,275,1,53.59,0
טורעאן,498,9.3,513,255,253,2,49.71,0
טורעאן,498,10.1,692,346,343,3,50.0,0
טורעאן,498,10.2,692,312,310,2,45.09,0
טורעאן,498,10.3,691,303,301,2,43.85,0
טורעאן,498,12.1,525,237,235,2,45.14,0
טורעאן,498,12.2,525,261,261,0,49.71,0
טורעאן,498,12.3,523,286,286,0,54.68,0
טייבה,2730,1.1,468,239,235,4,51.07,0
טייבה,2730,1.2,468,270,258,12,57.69,0
טייבה,2730,1.3,466,277,274,3,59.44,0
טייבה,2730,2,696,361,355,6,51.87,0
טייבה,2730,3,697,366,362,4,52.51,0
טייבה,2730,7.1,673,401,401,0,59.58,0
טייבה,2730,7.2,673,400,400,0,59.44,0
טייבה,2730,7.3,673,407,405,2,60.48,0
טייבה,2730,7.4,672,409,408,1,60.86,0
טייבה,2730,8,689,380,377,3,55.15,0
טייבה,2730,9,683,385,382,3,56.37,0
טייבה,2730,10,657,388,386,2,59.06,0
טייבה,2730,13.1,693,400,396,4,57.72,0
טייבה,2730,13.2,693,367,362,5,52.96,0
טייבה,2730,13.3,692,423,418,5,61.13,0
טייבה,2730,14,607,388,387,1,63.92,0
טייבה,2730,17,694,443,435,8,63.83,0
טייבה,2730,19,667,427,423,4,64.02,0
טייבה,2730,21.1,684,419,417,2,61.26,0
טייבה,2730,21.2,683,416,411,5,60.91,0
טייבה,2730,22,616,370,364,6,60.06,0
טייבה,2730,25,639,401,395,6,62.75,0
טייבה,2730,26,657,366,360,6,55.71,0
טייבה,2730,27,680,375,372,3,55.15,0
טייבה,2730,29.1,561,308,307,1,54.9,0
טייבה,2730,29.2,561,366,364,2,65.24,0
טייבה,2730,29.3,561,320,318,2,57.04,0
טייבה,2730,29.4,561,326,324,2,58.11,0
טייבה,2730,29.5,557,327,324,3,58.71,0
טייבה,2730,30,654,358,351,7,54.74,0
טייבה,2730,33,686,427,420,7,62.24,0
טייבה,2730,34,658,362,356,6,55.02,0
טייבה,2730,36.1,688,337,333,4,48.98,0
טייבה,2730,36.2,688,392,391,1,56.98,0
טייבה,2730,36.3,688,439,435,4,63.81,0
טייבה,2730,40,622,377,371,6,60.61,0
טייבה,2730,41.1,685,357,351,6,52.12,0
טייבה,2730,41.2,685,307,304,3,44.82,0
טייבה,2730,41.3,684,400,397,3,58.48,0
טייבה,2730,42,664,390,388,2,58.73,0
טייבה,2730,43,619,384,380,4,62.04,0
טייבה,2730,44.1,689,412,409,3,59.8,0
טייבה,2730,44.2,689,415,411,4,60.23,0
טייבה,2730,45.1,686,381,377,4,55.54,0
טייבה,2730,45.2,686,385,384,1,56.12,0
טייבה,2730,45.3,686,333,326,7,48.54,0
טייבה,2730,45.4,683,399,397,2,58.42,0
טייבה בעמק,497,1,687,301,300,1,43.81,0
טייבה בעמק,497,2,618,301,301,0,48.71,0
טירה,2720,5.1,380,250,247,3,65.79,0
טירה,2720,5.2,379,245,244,1,64.64,0
טירה,2720,7.1,572,345,343,2,60.31,0
טירה,2720,7.2,571,377,373,4,66.02,0
טירה,2720,11.1,686,403,400,3,58.75,0
טירה,2720,11.2,686,446,440,6,65.01,0
טירה,2720,11.3,686,439,437,2,63.99,0
טירה,2720,16.1,565,325,322,3,57.52,0
טירה,2720,16.2,565,348,343,5,61.59,0
טירה,2720,16.3,565,387,380,7,68.5,0
טירה,2720,16.4,565,340,336,4,60.18,0
טירה,2720,18.1,586,368,366,2,62.8,0
טירה,2720,18.2,586,360,358,2,61.43,0
טירה,2720,18.3,586,356,352,4,60.75,0
טירה,2720,18.4,586,393,388,5,67.06,0
טירה,2720,20.1,569,369,367,2,64.85,0
טירה,2720,20.2,569,349,346,3,61.34,0
טירה,2720,20.3,569,352,349,3,61.86,0
טירה,2720,20.4,566,343,342,1,60.6,0
טירה,2720,22.1,581,322,318,4,55.42,0
טירה,2720,22.2,581,360,357,3,61.96,0
טירה,2720,22.3,581,355,351,4,61.1,0
טירה,2720,22.4,581,361,357,4,62.13,0
טירה,2720,23.1,583,358,353,5,61.41,0
טירה,2720,23.2,583,331,327,4,56.78,0
טירה,2720,23.3,583,358,353,5,61.41,0
טירה,2720,23.4,583,352,349,3,60.38,0
טירה,2720,24.1,581,369,363,6,63.51,0
טירה,2720,24.2,581,390,383,7,67.13,0
טירה,2720,24.3,581,377,373,4,64.89,0
טירה,2720,24.4,580,370,368,2,63.79,0
טירה,2720,25.1,501,306,304,2,61.08,0
טירה,2720,25.2,501,324,322,2,64.67,0
טירה,2720,25.3,501,302,301,1,60.28,0
טירת יהודה,663,1,405,317,317,0,78.27,0
טירת יהודה,663,2,418,333,332,1,79.67,0
טירת כרמל,2100,1,539,371,371,0,68.83,0
טירת כרמל,2100,3.1,689,521,515,6,75.62,0
טירת כרמל,2100,3.2,689,562,559,3,81.57,0
טירת כרמל,2100,3.3,689,544,543,1,78.96,0
טירת כרמל,2100,3.4,689,530,527,3,76.92,0
טירת כרמל,2100,3.5,689,513,512,1,74.46,0
טירת כרמל,2100,3.6,687,543,539,4,79.04,0
טירת כרמל,2100,4,615,354,352,2,57.56,0
טירת כרמל,2100,5.1,628,479,475,4,76.27,0
טירת כרמל,2100,5.2,628,503,499,4,80.1,0
טירת כרמל,2100,5.3,628,496,493,3,78.98,0
טירת כרמל,2100,5.4,625,497,496,1,79.52,0
טירת כרמל,2100,6,665,463,461,2,69.62,0
טירת כרמל,2100,7,630,441,435,6,70.0,0
טירת כרמל,2100,8,613,420,418,2,68.52,0
טירת כרמל,2100,9,592,368,364,4,62.16,0
טירת כרמל,2100,10,641,412,410,2,64.27,0
טירת כרמל,2100,11,479,363,362,1,75.78,0
טירת כרמל,2100,12,639,358,354,4,56.03,0
טירת כרמל,2100,13,522,302,294,8,57.85,0
טירת כרמל,2100,14,672,366,364,2,54.46,0
טירת כרמל,2100,15,430,287,283,4,66.74,0
טירת כרמל,2100,16.1,505,342,341,1,67.72,0
טירת כרמל,2100,16.2,505,332,327,5,65.74,0
טירת כרמל,2100,17,642,360,356,4,56.07,0
טירת כרמל,2100,18,631,357,353,4,56.58,0
טירת כרמל,2100,19,529,387,384,3,73.16,0
טירת כרמל,2100,20,562,299,297,2,53.2,0
טירת כרמל,2100,21,534,346,337,9,64.79,0
טירת כרמל,2100,22,655,437,433,4,66.72,0
טירת כרמל,2100,23,526,252,251,1,47.91,0
טירת כרמל,2100,24,584,363,362,1,62.16,0
טירת כרמל,2100,25,585,443,441,2,75.73,0
טירת כרמל,2100,26,555,415,415,0,74.77,0
טירת כרמל,2100,30,482,274,270,4,56.85,0
טירת כרמל,2100,31,467,328,325,3,70.24,0
טירת כרמל,2100,950,629,493,492,1,78.38,0
טירת צבי,268,1,562,425,424,1,75.62,0
טל שחר,462,1,396,296,296,0,74.75,0
טל שחר,462,2,415,319,319,0,76.87,0
טלאל,1181,1,610,442,442,0,72.46,0
טלאל,1181,2,395,291,291,0,73.67,0
טללים,1177,1,455,312,310,2,68.57,0
טלמון,3788,2.1,699,540,540,0,77.25,0
טלמון,3788,2.2,699,573,573,0,81.97,0
טלמון,3788,3,638,519,518,1,81.35,0
טלמון,3788,4,588,482,482,0,81.97,0
טמרה,8900,8.1,582,389,384,5,66.84,0
טמרה,8900,8.2,582,377,376,1,64.78,0
טמרה,8900,8.3,582,359,359,0,61.68,0
טמרה,8900,8.4,579,345,342,3,59.59,0
טמרה,8900,9.1,376,240,237,3,63.83,0
טמרה,8900,9.2,376,262,261,1,69.68,0
טמרה,8900,13.1,596,390,390,0,65.44,0
טמרה,8900,13.2,596,398,396,2,66.78,0
טמרה,8900,13.3,596,373,372,1,62.58,0
טמרה,8900,13.4,593,381,380,1,64.25,0
טמרה,8900,19.1,509,268,266,2,52.65,0
טמרה,8900,19.2,509,278,276,2,54.62,0
טמרה,8900,19.3,508,333,331,2,65.55,0
טמרה,8900,21.1,639,435,432,3,68.08,0
טמרה,8900,21.2,639,380,378,2,59.47,0
טמרה,8900,21.3,639,394,394,0,61.66,0
טמרה,8900,21.4,639,437,435,2,68.39,0
טמרה,8900,21.5,639,393,388,5,61.5,0
טמרה,8900,25.1,526,355,352,3,67.49,0
טמרה,8900,25.2,526,323,322,1,61.41,0
טמרה,8900,25.3,526,351,348,3,66.73,0
טמרה,8900,28.1,623,441,439,2,70.79,0
טמרה,8900,28.2,623,348,348,0,55.86,0
טמרה,8900,28.3,623,398,396,2,63.88,0
טמרה,8900,28.4,623,433,431,2,69.5,0
טמרה,8900,28.5,622,330,329,1,53.05,0
טמרה,8900,29.1,514,340,340,0,66.15,0
טמרה,8900,29.2,514,344,343,1,66.93,0
טמרה,8900,29.3,512,326,324,2,63.67,0
טמרה,8900,30.1,591,382,381,1,64.64,0
טמרה,8900,30.2,591,372,370,2,62.94,0
טמרה,8900,30.3,591,368,368,0,62.27,0
טמרה,8900,30.4,591,394,391,3,66.67,0
טמרה,8900,31.1,591,423,423,0,71.57,0
טמרה,8900,31.2,591,368,366,2,62.27,0
טמרה,8900,31.3,591,363,360,3,61.42,0
טמרה,8900,31.4,588,375,373,2,63.78,0
טמרה,8900,32.1,674,419,417,2,62.17,0
טמרה,8900,32.2,674,406,406,0,60.24,0
טמרה,8900,32.3,674,396,395,1,58.75,0
טמרה,8900,32.4,674,415,413,2,61.57,0
טמרה,8900,32.5,671,461,459,2,68.7,0
טמרה יזרעאל,547,1,584,261,255,6,44.69,0
טמרה יזרעאל,547,2,531,249,243,6,46.89,0
טנא,3743,1,541,417,416,1,77.08,0
טפחות,1214,1,259,201,201,0,77.61,0
יאנוחגת,1295,1,509,163,161,2,32.02,0
יאנוחגת,1295,2,678,241,241,0,35.55,0
יאנוחגת,1295,3,456,230,228,2,50.44,0
יאנוחגת,1295,4.1,381,185,182,3,48.56,0
יאנוחגת,1295,4.2,381,163,163,0,42.78,0
יאנוחגת,1295,5.1,397,161,160,1,40.55,0
יאנוחגת,1295,5.2,397,196,195,1,49.37,0
יאנוחגת,1295,6,698,256,256,0,36.68,0
יאנוחגת,1295,7,636,213,212,1,33.49,0
יאנוחגת,1295,8,310,107,107,0,34.52,0
יבול,1232,1,227,164,164,0,72.25,0
יבנאל,46,1,671,460,458,2,68.55,0
יבנאל,46,3.1,680,468,453,15,68.82,0
יבנאל,46,3.2,680,482,478,4,70.88,0
יבנאל,46,3.3,678,487,483,4,71.83,0
יבנה,2660,1,441,284,282,2,64.4,0
יבנה,2660,2,621,370,363,7,59.58,0
יבנה,2660,3,619,444,438,6,71.73,0
יבנה,2660,4.1,377,262,261,1,69.5,0
יבנה,2660,4.2,376,228,223,5,60.64,0
יבנה,2660,5.1,717,502,492,10,70.01,0
יבנה,2660,5.2,717,518,509,9,72.25,0
יבנה,2660,6.1,663,511,508,3,77.07,0
יבנה,2660,6.2,663,520,518,2,78.43,0
יבנה,2660,6.3,663,514,514,0,77.53,0
יבנה,2660,7.1,354,258,255,3,72.88,0
יבנה,2660,7.2,354,251,251,0,70.9,0
יבנה,2660,9,664,398,392,6,59.94,0
יבנה,2660,11,562,423,419,4,75.27,0
יבנה,2660,17.1,619,464,460,4,74.96,0
יבנה,2660,17.2,619,424,423,1,68.5,0
יבנה,2660,17.3,619,414,413,1,66.88,0
יבנה,2660,17.4,619,441,441,0,71.24,0
יבנה,2660,18.1,621,450,450,0,72.46,0
יבנה,2660,18.2,621,460,458,2,74.07,0
יבנה,2660,18.3,621,423,418,5,68.12,0
יבנה,2660,21.1,613,440,440,0,71.78,0
יבנה,2660,21.2,613,449,449,0,73.25,0
יבנה,2660,23.1,375,290,288,2,77.33,0
יבנה,2660,23.2,375,309,307,2,82.4,0
יבנה,2660,26.1,516,373,372,1,72.29,0
יבנה,2660,26.2,516,410,410,0,79.46,0
יבנה,2660,26.3,514,385,385,0,74.9,0
יבנה,2660,27.1,574,430,429,1,74.91,0
יבנה,2660,27.2,574,439,437,2,76.48,0
יבנה,2660,27.3,574,401,400,1,69.86,0
יבנה,2660,27.4,571,427,425,2,74.78,0
יבנה,2660,28.1,580,470,469,1,81.03,0
יבנה,2660,28.2,580,439,436,3,75.69,0
יבנה,2660,28.3,580,442,440,2,76.21,0
יבנה,2660,28.4,578,438,437,1,75.78,0
יבנה,2660,31,453,320,319,1,70.64,0
יבנה,2660,34.1,651,515,513,2,79.11,0
יבנה,2660,34.2,651,519,519,0,79.72,0
יבנה,2660,34.3,651,503,503,0,77.27,0
יבנה,2660,34.4,648,513,512,1,79.17,0
יבנה,2660,36,558,342,336,6,61.29,0
יבנה,2660,37.1,683,494,494,0,72.33,0
יבנה,2660,37.2,683,471,466,5,68.96,0
יבנה,2660,38,442,336,333,3,76.02,0
יבנה,2660,39,407,280,280,0,68.8,0
יבנה,2660,46,594,492,490,2,82.83,0
יבנה,2660,53.1,638,514,512,2,80.56,0
יבנה,2660,53.2,638,536,536,0,84.01,0
יבנה,2660,53.3,638,520,519,1,81.5,0
יבנה,2660,53.4,635,520,519,1,81.89,0
יבנה,2660,54,585,475,475,0,81.2,0
יבנה,2660,57.1,646,512,512,0,79.26,0
יבנה,2660,57.2,646,523,523,0,80.96,0
יבנה,2660,57.3,646,526,524,2,81.42,0
יבנה,2660,59.1,544,450,449,1,82.72,0
יבנה,2660,59.2,544,442,440,2,81.25,0
יבנה,2660,59.3,543,453,453,0,83.43,0
יבנה,2660,62.1,558,454,454,0,81.36,0
יבנה,2660,62.2,558,466,464,2,83.51,0
יבנה,2660,62.3,558,461,460,1,82.62,0
יבנה,2660,62.4,558,452,451,1,81.0,0
יבנה,2660,951.1,536,429,428,1,80.04,0
יבנה,2660,951.2,536,438,438,0,81.72,0
יבנה,2660,951.3,536,436,435,1,81.34,0
יבנה,2660,951.4,534,459,457,2,85.96,0
יגור,96,1.1,467,295,295,0,63.17,0
יגור,96,1.2,467,304,303,1,65.1,0
יגור,96,1.3,467,294,292,2,62.96,0
יגל,798,1,631,515,513,2,81.62,0
יד בנימין,577,1,601,465,464,1,77.37,0
יד בנימין,577,2,599,469,468,1,78.3,0
יד בנימין,577,3,575,457,456,1,79.48,0
יד בנימין,577,4,636,484,483,1,76.1,0
יד השמונה,1134,1,170,121,120,1,71.18,0
יד חנה,758,1,604,485,483,2,80.3,0
יד מרדכי,358,1.1,363,263,262,1,72.45,0
יד מרדכי,358,1.2,362,242,242,0,66.85,0
יד נתן,775,1,419,308,306,2,73.51,0
יד רמבם,64,1,451,351,350,1,77.83,0
יד רמבם,64,2,427,321,321,0,75.18,0
יהודמונוסון,9400,1.1,547,406,406,0,74.22,0
יהודמונוסון,9400,1.2,547,389,387,2,71.12,0
יהודמונוסון,9400,1.3,547,392,392,0,71.66,0
יהודמונוסון,9400,1.4,547,393,393,0,71.85,0
יהודמונוסון,9400,3,612,447,444,3,73.04,0
יהודמונוסון,9400,5,642,509,509,0,79.28,0
יהודמונוסון,9400,6.1,600,449,446,3,74.83,0
יהודמונוסון,9400,6.2,599,447,444,3,74.62,0
יהודמונוסון,9400,10,434,294,293,1,67.74,0
יהודמונוסון,9400,11,353,248,247,1,70.25,0
יהודמונוסון,9400,12,470,315,310,5,67.02,0
יהודמונוסון,9400,14,656,539,538,1,82.16,0
יהודמונוסון,9400,16.1,569,406,404,2,71.35,0
יהודמונוסון,9400,16.2,569,415,414,1,72.93,0
יהודמונוסון,9400,16.3,567,395,393,2,69.66,0
יהודמונוסון,9400,18,689,471,466,5,68.36,0
יהודמונוסון,9400,19.1,662,497,494,3,75.08,0
יהודמונוסון,9400,19.2,662,513,511,2,77.49,0
יהודמונוסון,9400,19.3,661,500,496,4,75.64,0
יהודמונוסון,9400,20,578,436,436,0,75.43,0
יהודמונוסון,9400,21,685,480,478,2,70.07,0
יהודמונוסון,9400,24.1,610,480,480,0,78.69,0
יהודמונוסון,9400,24.2,610,457,457,0,74.92,0
יהודמונוסון,9400,24.3,610,465,462,3,76.23,0
יהודמונוסון,9400,24.4,609,426,424,2,69.95,0
יהודמונוסון,9400,25,548,421,421,0,76.82,0
יהודמונוסון,9400,26,510,410,409,1,80.39,0
יהודמונוסון,9400,27,596,457,456,1,76.68,0
יהודמונוסון,9400,28,547,410,409,1,74.95,0
יהודמונוסון,9400,29,595,449,448,1,75.46,0
יהודמונוסון,9400,30,618,426,425,1,68.93,0
יהודמונוסון,9400,31,585,448,446,2,76.58,0
יהודמונוסון,9400,33,513,367,366,1,71.54,0
יהודמונוסון,9400,34,729,525,524,1,72.02,0
יהודמונוסון,9400,35,514,361,361,0,70.23,0
יהודמונוסון,9400,37,606,473,471,2,78.05,0
יהודמונוסון,9400,38,442,343,343,0,77.6,0
יהודמונוסון,9400,101,605,465,464,1,76.86,0
יהודמונוסון,9400,102,518,370,369,1,71.43,0
יהודמונוסון,9400,103,602,449,448,1,74.58,0
יהודמונוסון,9400,104,572,424,423,1,74.13,0
יהודמונוסון,9400,105,538,461,459,2,85.69,0
יהל,1158,1,224,132,130,2,58.93,0
יובל,2009,1,464,339,338,1,73.06,0
יובלים,1226,1,569,419,419,0,73.64,0
יובלים,1226,2,486,356,355,1,73.25,0
יודפת,1112,1,668,503,501,2,75.3,0
יונתן,4007,1,452,326,326,0,72.12,0
יושיביה,803,1,377,310,309,1,82.23,0
יזרעאל,452,1,565,353,352,1,62.48,0
יחיעם,409,1,615,401,398,3,65.2,0
יטבתה,866,1.1,356,216,216,0,60.67,0
יטבתה,866,1.2,355,204,202,2,57.46,0
ייטב,3607,1,270,186,182,4,68.89,0
יכיני,811,1,482,386,385,1,80.08,0
ינוב,753,1,621,460,456,4,74.07,0
ינון,2011,1,445,344,343,1,77.3,0
ינון,2011,2,498,405,405,0,81.33,0
יסוד המעלה,29,1,686,438,435,3,63.85,0
יסוד המעלה,29,2,662,456,455,1,68.88,0
יסודות,440,1,352,320,320,0,90.91,0
יסעור,575,1,581,409,406,3,70.4,0
יעד,1138,1,628,445,445,0,70.86,0
יעף,1044,1,185,134,134,0,72.43,0
יערה,795,1,590,388,387,1,65.76,0
יפיע,499,6.1,564,319,310,9,56.56,0
יפיע,499,6.2,564,299,295,4,53.01,0
יפיע,499,6.3,564,284,278,6,50.35,0
יפיע,499,6.4,564,246,243,3,43.62,0
יפיע,499,13.1,513,250,239,11,48.73,0
יפיע,499,13.2,513,209,205,4,40.74,0
יפיע,499,13.3,511,234,230,4,45.79,0
יפיע,499,15.1,581,265,258,7,45.61,0
יפיע,499,15.2,581,291,286,5,50.09,0
יפיע,499,15.3,581,307,304,3,52.84,0
יפיע,499,15.4,581,315,308,7,54.22,0
יפיע,499,15.5,579,303,298,5,52.33,0
יפיע,499,16.1,532,282,280,2,53.01,0
יפיע,499,16.2,532,244,239,5,45.86,0
יפיע,499,16.3,532,300,295,5,56.39,0
יפיע,499,16.4,532,294,294,0,55.26,0
יפיע,499,18.1,546,304,302,2,55.68,0
יפיע,499,18.2,546,234,234,0,42.86,0
יפיע,499,18.3,546,253,251,2,46.34,0
יפיע,499,18.4,545,251,246,5,46.06,0
יפיע,499,19.1,571,303,301,2,53.06,0
יפיע,499,19.2,571,263,259,4,46.06,0
יפיע,499,19.3,571,233,229,4,40.81,0
יפיע,499,19.4,571,294,291,3,51.49,0
יפיע,499,19.5,569,278,275,3,48.86,0
יפית,3566,1,176,101,101,0,57.39,0
יפעת,134,1,432,328,328,0,75.93,0
יפעת,134,2,426,321,320,1,75.35,0
יפתח,453,1,563,389,386,3,69.09,0
יצהר,3749,1,405,322,322,0,79.51,0
יצהר,3749,2,425,323,323,0,76.0,0
יציץ,759,1,579,440,438,2,75.99,0
יקום,417,1,577,441,439,2,76.43,0
יקיר,3647,1.1,690,565,564,1,81.88,0
יקיר,3647,1.2,690,534,534,0,77.39,0
יקנעם מושבה,241,1,490,367,367,0,74.9,0
יקנעם מושבה,241,2,529,390,390,0,73.72,0
יקנעם עילית,240,3.1,695,439,437,2,63.17,0
יקנעם עילית,240,3.2,695,469,468,1,67.48,0
יקנעם עילית,240,5.1,669,376,373,3,56.2,0
יקנעם עילית,240,7,588,388,385,3,65.99,0
יקנעם עילית,240,8.1,580,291,290,1,50.17,0
יקנעם עילית,240,8.2,580,282,281,1,48.62,0
יקנעם עילית,240,8.3,578,276,274,2,47.75,0
יקנעם עילית,240,9,567,380,374,6,67.02,0
יקנעם עילית,240,10,554,357,354,3,64.44,0
יקנעם עילית,240,12,577,329,322,7,57.02,0
יקנעם עילית,240,13,679,402,391,11,59.2,0
יקנעם עילית,240,14,611,425,425,0,69.56,0
יקנעם עילית,240,15.1,614,464,463,1,75.57,0
יקנעם עילית,240,15.2,614,467,466,1,76.06,0
יקנעם עילית,240,15.3,614,480,479,1,78.18,0
יקנעם עילית,240,15.4,614,450,450,0,73.29,0
יקנעם עילית,240,15.5,614,476,474,2,77.52,0
יקנעם עילית,240,15.6,610,473,473,0,77.54,0
יקנעם עילית,240,16,638,437,437,0,68.5,0
יקנעם עילית,240,17,560,398,397,1,71.07,0
יקנעם עילית,240,18,608,390,390,0,64.14,0
יקנעם עילית,240,21.1,486,353,351,2,72.63,0
יקנעם עילית,240,21.2,486,341,339,2,70.16,0
יקנעם עילית,240,21.3,486,354,352,2,72.84,0
יקנעם עילית,240,22,666,455,452,3,68.32,0
יקנעם עילית,240,23,567,376,368,8,66.31,0
יקנעם עילית,240,24,606,377,371,6,62.21,0
יקנעם עילית,240,26,658,455,452,3,69.15,0
יקנעם עילית,240,30.1,530,400,400,0,75.47,0
יקנעם עילית,240,30.2,530,423,419,4,79.81,0
יקנעם עילית,240,30.3,530,397,397,0,74.91,0
יקנעם עילית,240,30.4,529,410,407,3,77.5,0
יראון,623,1,367,219,217,2,59.67,0
ירדנה,2026,1,283,220,218,2,77.74,0
ירוחם,831,1,676,496,487,9,73.37,0
ירוחם,831,2,693,444,440,4,64.07,0
ירוחם,831,3.1,480,331,328,3,68.96,0
ירוחם,831,3.2,480,305,305,0,63.54,0
ירוחם,831,4,475,271,270,1,57.05,0
ירוחם,831,5,526,319,311,8,60.65,0
ירוחם,831,6,639,469,464,5,73.4,0
ירוחם,831,7,519,299,292,7,57.61,0
ירוחם,831,8,532,363,363,0,68.23,0
ירוחם,831,9.1,673,467,465,2,69.39,0
ירוחם,831,10,576,303,301,2,52.6,0
ירוחם,831,11.1,388,262,258,4,67.53,0
ירוחם,831,11.2,387,260,257,3,67.18,0
ירוחם,831,12.1,409,321,318,3,78.48,0
ירוחם,831,12.2,408,286,286,0,70.1,0
ירושלים,3000,572.1,664,446,437,9,67.17,0
ירושלים,3000,572.2,664,458,457,1,68.98,0
ירושלים,3000,572.3,664,462,454,8,69.58,0
ירושלים,3000,572.4,664,424,417,7,63.86,0
ירושלים,3000,572.5,663,441,435,6,66.52,0
ירושלים,3000,574,572,294,290,4,51.4,0
ירושלים,3000,575,663,554,547,7,83.56,0
ירושלים,3000,576,545,373,365,8,68.44,0
ירושלים,3000,650,568,358,350,8,63.03,0
ירושלים,3000,698,675,396,388,8,58.67,0
ירושלים,3000,700,658,461,457,4,70.06,0
ירושלים,3000,701,687,421,417,4,61.28,0
ירושלים,3000,712,536,366,363,3,68.28,0
ירושלים,3000,713,488,329,323,6,67.42,0
ירושלים,3000,714,690,436,431,5,63.19,0
ירושלים,3000,720,601,387,384,3,64.39,0
ירושלים,3000,725.1,616,411,409,2,66.72,0
ירושלים,3000,725.2,616,400,396,4,64.94,0
ירושלים,3000,725.3,616,388,385,3,62.99,0
ירושלים,3000,725.4,616,431,430,1,69.97,0
ירושלים,3000,725.5,616,376,374,2,61.04,0
ירושלים,3000,725.6,611,404,404,0,66.12,0
ירושלים,3000,733,674,479,478,1,71.07,0
ירושלים,3000,737,542,405,403,2,74.72,0
ירושלים,3000,742.1,599,46,46,0,7.68,0
ירושלים,3000,742.2,598,52,52,0,8.7,0
ירושלים,3000,745,546,383,377,6,70.15,0
ירושלים,3000,746,563,356,355,1,63.23,0
ירושלים,3000,755,569,364,360,4,63.97,0
ירושלים,3000,757.1,626,426,421,5,68.05,0
ירושלים,3000,757.2,626,424,421,3,67.73,0
ירושלים,3000,757.3,626,375,371,4,59.9,0
ירושלים,3000,760,664,446,443,3,67.17,0
ירושלים,3000,761,497,331,326,5,66.6,0
ירושלים,3000,762.1,677,516,516,0,76.22,0
ירושלים,3000,762.2,677,481,481,0,71.05,0
ירושלים,3000,762.3,677,497,493,4,73.41,0
ירושלים,3000,762.4,677,500,493,7,73.86,0
ירושלים,3000,762.5,674,469,463,6,69.58,0
ירושלים,3000,763.1,612,412,409,3,67.32,0
ירושלים,3000,763.2,612,429,428,1,70.1,0
ירושלים,3000,763.3,612,433,429,4,70.75,0
ירושלים,3000,763.4,612,397,394,3,64.87,0
ירושלים,3000,764,594,420,419,1,70.71,0
ירושלים,3000,765,549,389,385,4,70.86,0
ירושלים,3000,766,589,412,408,4,69.95,0
ירושלים,3000,770.1,635,422,422,0,66.46,0
ירושלים,3000,770.2,635,416,412,4,65.51,0
ירושלים,3000,770.3,635,442,441,1,69.61,0
ירושלים,3000,770.4,634,382,380,2,60.25,0
ירושלים,3000,792,548,388,384,4,70.8,0
ירושלים,3000,969,412,286,284,2,69.42,0
ירושלים,3000,20.1,578,199,199,0,34.43,0
ירושלים,3000,20.2,578,198,197,1,34.26,0
ירושלים,3000,20.3,578,190,190,0,32.87,0
ירושלים,3000,20.4,578,153,151,2,26.47,0
ירושלים,3000,20.5,574,173,172,1,30.14,0
ירושלים,3000,26.1,593,311,310,1,52.45,0
ירושלים,3000,26.2,593,310,306,4,52.28,0
ירושלים,3000,26.3,593,314,310,4,52.95,0
ירושלים,3000,26.4,593,298,298,0,50.25,0
ירושלים,3000,26.5,589,267,265,2,45.33,0
ירושלים,3000,120.1,628,277,276,1,44.11,0
ירושלים,3000,120.2,628,159,155,4,25.32,0
ירושלים,3000,120.3,628,271,270,1,43.15,0
ירושלים,3000,120.4,628,272,269,3,43.31,0
ירושלים,3000,120.5,628,212,212,0,33.76,0
ירושלים,3000,120.6,626,230,227,3,36.74,0
ירושלים,3000,423.1,690,468,466,2,67.83,0
ירושלים,3000,423.2,690,470,467,3,68.12,0
ירושלים,3000,423.3,690,474,470,4,68.7,0
ירושלים,3000,521.1,545,198,198,0,36.33,0
ירושלים,3000,521.2,545,214,210,4,39.27,0
ירושלים,3000,521.3,545,199,198,1,36.51,0
ירושלים,3000,521.4,544,221,221,0,40.62,0
ירושלים,3000,550.1,584,373,371,2,63.87,0
ירושלים,3000,550.2,584,347,343,4,59.42,0
ירושלים,3000,550.3,584,344,340,4,58.9,0
ירושלים,3000,550.4,583,356,356,0,61.06,0
ירושלים,3000,554.1,586,404,401,3,68.94,0
ירושלים,3000,554.2,586,415,412,3,70.82,0
ירושלים,3000,554.3,586,399,392,7,68.09,0
ירושלים,3000,554.4,586,420,414,6,71.67,0
ירושלים,3000,554.5,586,399,388,11,68.09,0
ירושלים,3000,554.6,582,378,373,5,64.95,0
ירושלים,3000,556.1,600,332,330,2,55.33,0
ירושלים,3000,556.2,600,355,354,1,59.17,0
ירושלים,3000,556.3,600,344,334,10,57.33,0
ירושלים,3000,556.4,600,322,319,3,53.67,0
ירושלים,3000,562.1,693,388,384,4,55.99,0
ירושלים,3000,562.2,693,381,381,0,54.98,0
ירושלים,3000,569.1,617,406,403,3,65.8,0
ירושלים,3000,569.2,617,396,396,0,64.18,0
ירושלים,3000,569.3,617,434,428,6,70.34,0
ירושלים,3000,569.4,617,442,438,4,71.64,0
ירושלים,3000,569.5,617,411,409,2,66.61,0
ירושלים,3000,569.6,617,388,379,9,62.88,0
ירושלים,3000,569.7,634,400,390,10,63.09,0
ירושלים,3000,715.1,659,374,372,2,56.75,0
ירושלים,3000,715.2,659,413,413,0,62.67,0
ירושלים,3000,715.3,658,388,384,4,58.97,0
ירושלים,3000,735,667,459,459,0,68.82,0
ירושלים,3000,739,695,438,436,2,63.02,0
ירושלים,3000,740.1,689,443,442,1,64.3,0
ירושלים,3000,740.2,689,481,481,0,69.81,0
ירושלים,3000,740.3,687,422,418,4,61.43,0
ירושלים,3000,744,556,391,391,0,70.32,0
ירושלים,3000,750.1,676,482,480,2,71.3,0
ירושלים,3000,750.2,676,489,487,2,72.34,0
ירושלים,3000,750.3,676,455,448,7,67.31,0
ירושלים,3000,750.4,676,464,464,0,68.64,0
ירושלים,3000,751.1,649,480,478,2,73.96,0
ירושלים,3000,751.2,649,471,470,1,72.57,0
ירושלים,3000,751.3,649,483,481,2,74.42,0
ירושלים,3000,751.4,649,507,505,2,78.12,0
ירושלים,3000,751.5,649,444,441,3,68.41,0
ירושלים,3000,751.6,647,456,455,1,70.48,0
ירושלים,3000,752.1,621,446,445,1,71.82,0
ירושלים,3000,752.2,621,427,427,0,68.76,0
ירושלים,3000,752.3,621,426,425,1,68.6,0
ירושלים,3000,752.4,619,418,417,1,67.53,0
ירושלים,3000,797,507,347,347,0,68.44,0
ירושלים,3000,5,535,150,147,3,28.04,0
ירושלים,3000,16,606,63,62,1,10.4,0
ירושלים,3000,17,616,65,65,0,10.55,0
ירושלים,3000,18,631,169,166,3,26.78,0
ירושלים,3000,36.1,648,367,365,2,56.64,0
ירושלים,3000,36.2,648,365,364,1,56.33,0
ירושלים,3000,36.3,648,394,394,0,60.8,0
ירושלים,3000,36.4,647,340,339,1,52.55,0
ירושלים,3000,76,566,59,59,0,10.42,0
ירושלים,3000,83.1,680,226,223,3,33.24,0
ירושלים,3000,83.2,680,199,199,0,29.26,0
ירושלים,3000,83.3,680,227,226,1,33.38,0
ירושלים,3000,83.4,677,203,201,2,29.99,0
ירושלים,3000,85,480,268,267,1,55.83,0
ירושלים,3000,86.1,696,267,262,5,38.36,0
ירושלים,3000,86.2,696,295,295,0,42.39,0
ירושלים,3000,86.3,696,243,242,1,34.91,0
ירושלים,3000,87.1,611,310,308,2,50.74,0
ירושלים,3000,87.2,611,342,339,3,55.97,0
ירושלים,3000,87.3,611,335,333,2,54.83,0
ירושלים,3000,92.1,574,325,324,1,56.62,0
ירושלים,3000,92.2,574,317,316,1,55.23,0
ירושלים,3000,94.1,538,221,219,2,41.08,0
ירושלים,3000,94.2,538,219,215,4,40.71,0
ירושלים,3000,94.3,538,186,186,0,34.57,0
ירושלים,3000,94.4,535,201,201,0,37.57,0
ירושלים,3000,119.1,647,300,298,2,46.37,0
ירושלים,3000,119.2,647,276,273,3,42.66,0
ירושלים,3000,119.3,647,295,294,1,45.6,0
ירושלים,3000,119.4,647,330,329,1,51.0,0
ירושלים,3000,119.5,647,244,244,0,37.71,0
ירושלים,3000,119.6,645,243,243,0,37.67,0
ירושלים,3000,165.1,592,304,304,0,51.35,0
ירושלים,3000,165.2,592,286,285,1,48.31,0
ירושלים,3000,165.3,592,281,279,2,47.47,0
ירושלים,3000,165.4,591,308,308,0,52.12,0
ירושלים,3000,191.1,639,354,354,0,55.4,0
ירושלים,3000,191.2,639,295,292,3,46.17,0
ירושלים,3000,191.3,639,353,349,4,55.24,0
ירושלים,3000,191.4,639,365,363,2,57.12,0
ירושלים,3000,191.5,639,293,293,0,45.85,0
ירושלים,3000,191.6,635,290,289,1,45.67,0
ירושלים,3000,193,650,401,400,1,61.69,0
ירושלים,3000,197,530,256,255,1,48.3,0
ירושלים,3000,198,556,259,259,0,46.58,0
ירושלים,3000,203,637,280,280,0,43.96,0
ירושלים,3000,204,560,273,271,2,48.75,0
ירושלים,3000,206,656,357,356,1,54.42,0
ירושלים,3000,405.1,629,344,342,2,54.69,0
ירושלים,3000,405.2,629,313,313,0,49.76,0
ירושלים,3000,405.3,629,332,331,1,52.78,0
ירושלים,3000,405.4,629,359,359,0,57.07,0
ירושלים,3000,405.5,629,331,331,0,52.62,0
ירושלים,3000,405.6,627,329,329,0,52.47,0
ירושלים,3000,832,607,59,59,0,9.72,0
ירושלים,3000,500.1,623,376,376,0,60.35,0
ירושלים,3000,500.2,623,389,388,1,62.44,0
ירושלים,3000,500.3,623,337,337,0,54.09,0
ירושלים,3000,500.4,621,361,361,0,58.13,0
ירושלים,3000,501.1,679,168,168,0,24.74,0
ירושלים,3000,501.2,679,172,172,0,25.33,0
ירושלים,3000,501.3,679,172,169,3,25.33,0
ירושלים,3000,501.4,676,200,197,3,29.59,0
ירושלים,3000,74.1,648,407,400,7,62.81,0
ירושלים,3000,74.2,648,425,424,1,65.59,0
ירושלים,3000,74.3,647,403,402,1,62.29,0
ירושלים,3000,209,672,524,517,7,77.98,0
ירושלים,3000,213.1,590,410,406,4,69.49,0
ירושלים,3000,213.2,590,381,381,0,64.58,0
ירושלים,3000,213.3,590,400,400,0,67.8,0
ירושלים,3000,213.4,590,410,409,1,69.49,0
ירושלים,3000,213.5,590,382,381,1,64.75,0
ירושלים,3000,213.6,586,400,394,6,68.26,0
ירושלים,3000,214,488,307,306,1,62.91,0
ירושלים,3000,222.1,630,462,461,1,73.33,0
ירושלים,3000,222.2,630,476,473,3,75.56,0
ירושלים,3000,222.3,629,459,451,8,72.97,0
ירושלים,3000,224.1,673,518,511,7,76.97,0
ירושלים,3000,224.2,673,526,525,1,78.16,0
ירושלים,3000,224.3,673,536,536,0,79.64,0
ירושלים,3000,224.4,673,519,512,7,77.12,0
ירושלים,3000,224.5,673,519,515,4,77.12,0
ירושלים,3000,224.6,668,539,534,5,80.69,0
ירושלים,3000,225.1,594,420,419,1,70.71,0
ירושלים,3000,225.2,594,370,364,6,62.29,0
ירושלים,3000,225.3,593,403,401,2,67.96,0
ירושלים,3000,238,667,436,431,5,65.37,0
ירושלים,3000,249.1,526,381,380,1,72.43,0
ירושלים,3000,249.2,526,378,378,0,71.86,0
ירושלים,3000,249.3,526,347,342,5,65.97,0
ירושלים,3000,249.4,526,336,327,9,63.88,0
ירושלים,3000,260.1,696,448,448,0,64.37,0
ירושלים,3000,260.2,696,417,417,0,59.91,0
ירושלים,3000,260.3,696,448,448,0,64.37,0
ירושלים,3000,260.4,694,450,448,2,64.84,0
ירושלים,3000,261,651,386,385,1,59.29,0
ירושלים,3000,267,551,396,395,1,71.87,0
ירושלים,3000,268,605,430,428,2,71.07,0
ירושלים,3000,269,671,485,485,0,72.28,0
ירושלים,3000,270,686,516,514,2,75.22,0
ירושלים,3000,272.1,652,418,417,1,64.11,0
ירושלים,3000,272.2,652,426,425,1,65.34,0
ירושלים,3000,272.3,652,463,460,3,71.01,0
ירושלים,3000,272.4,652,442,440,2,67.79,0
ירושלים,3000,272.5,651,413,411,2,63.44,0
ירושלים,3000,274.1,645,387,386,1,60.0,0
ירושלים,3000,274.2,645,380,376,4,58.91,0
ירושלים,3000,274.3,644,392,391,1,60.87,0
ירושלים,3000,275,587,319,318,1,54.34,0
ירושלים,3000,278,660,496,494,2,75.15,0
ירושלים,3000,280,583,203,203,0,34.82,0
ירושלים,3000,282,581,420,418,2,72.29,0
ירושלים,3000,286,695,464,464,0,66.76,0
ירושלים,3000,298,678,470,468,2,69.32,0
ירושלים,3000,444.1,617,438,435,3,70.99,0
ירושלים,3000,444.2,617,439,435,4,71.15,0
ירושלים,3000,444.3,617,421,419,2,68.23,0
ירושלים,3000,444.4,617,438,437,1,70.99,0
ירושלים,3000,447,536,335,331,4,62.5,0
ירושלים,3000,659.1,603,444,442,2,73.63,0
ירושלים,3000,659.2,603,452,451,1,74.96,0
ירושלים,3000,659.3,603,477,476,1,79.1,0
ירושלים,3000,659.4,603,421,420,1,69.82,0
ירושלים,3000,659.5,600,445,442,3,74.17,0
ירושלים,3000,706.1,560,392,391,1,70.0,0
ירושלים,3000,706.2,560,388,388,0,69.29,0
ירושלים,3000,706.3,560,370,369,1,66.07,0
ירושלים,3000,706.4,560,383,383,0,68.39,0
ירושלים,3000,708.1,634,474,472,2,74.76,0
ירושלים,3000,708.2,633,471,461,10,74.41,0
ירושלים,3000,718,530,400,399,1,75.47,0
ירושלים,3000,769.1,662,509,505,4,76.89,0
ירושלים,3000,769.2,662,510,504,6,77.04,0
ירושלים,3000,769.3,662,526,523,3,79.46,0
ירושלים,3000,769.4,662,497,492,5,75.08,0
ירושלים,3000,769.5,660,506,502,4,76.67,0
ירושלים,3000,771.1,515,416,412,4,80.78,0
ירושלים,3000,771.2,515,390,384,6,75.73,0
ירושלים,3000,771.3,515,390,387,3,75.73,0
ירושלים,3000,774.1,681,516,515,1,75.77,0
ירושלים,3000,774.2,681,512,507,5,75.18,0
ירושלים,3000,774.3,681,498,497,1,73.13,0
ירושלים,3000,774.4,681,527,520,7,77.39,0
ירושלים,3000,774.5,677,511,510,1,75.48,0
ירושלים,3000,776.1,585,450,447,3,76.92,0
ירושלים,3000,776.2,585,454,454,0,77.61,0
ירושלים,3000,776.3,585,442,437,5,75.56,0
ירושלים,3000,776.4,585,455,451,4,77.78,0
ירושלים,3000,776.5,585,451,443,8,77.09,0
ירושלים,3000,776.6,580,425,425,0,73.28,0
ירושלים,3000,777,558,428,424,4,76.7,0
ירושלים,3000,785.1,628,495,481,14,78.82,0
ירושלים,3000,785.2,628,476,473,3,75.8,0
ירושלים,3000,785.3,628,512,508,4,81.53,0
ירושלים,3000,785.4,628,478,472,6,76.11,0
ירושלים,3000,785.5,626,434,429,5,69.33,0
ירושלים,3000,787.1,691,488,486,2,70.62,0
ירושלים,3000,787.2,691,530,529,1,76.7,0
ירושלים,3000,787.3,689,514,509,5,74.6,0
ירושלים,3000,789.1,515,372,372,0,72.23,0
ירושלים,3000,789.2,515,417,411,6,80.97,0
ירושלים,3000,789.3,514,362,360,2,70.43,0
ירושלים,3000,795,569,431,428,3,75.75,0
ירושלים,3000,804.1,563,453,452,1,80.46,0
ירושלים,3000,804.2,563,462,458,4,82.06,0
ירושלים,3000,804.3,563,468,465,3,83.13,0
ירושלים,3000,804.4,561,467,466,1,83.24,0
ירושלים,3000,805.1,651,547,543,4,84.02,0
ירושלים,3000,805.2,651,527,525,2,80.95,0
ירושלים,3000,805.3,650,535,534,1,82.31,0
ירושלים,3000,806.1,626,503,498,5,80.35,0
ירושלים,3000,806.2,626,504,499,5,80.51,0
ירושלים,3000,807.1,579,417,415,2,72.02,0
ירושלים,3000,807.2,579,437,433,4,75.47,0
ירושלים,3000,807.3,579,454,452,2,78.41,0
ירושלים,3000,807.4,579,437,430,7,75.47,0
ירושלים,3000,811.1,634,501,498,3,79.02,0
ירושלים,3000,811.2,634,529,525,4,83.44,0
ירושלים,3000,811.3,634,513,505,8,80.91,0
ירושלים,3000,811.4,632,508,508,0,80.38,0
ירושלים,3000,827.1,590,426,422,4,72.2,0
ירושלים,3000,827.2,590,441,438,3,74.75,0
ירושלים,3000,827.3,590,448,443,5,75.93,0
ירושלים,3000,827.4,590,452,448,4,76.61,0
ירושלים,3000,827.5,590,448,443,5,75.93,0
ירושלים,3000,827.6,586,413,408,5,70.48,0
ירושלים,3000,3,608,360,359,1,59.21,0
ירושלים,3000,6,690,315,314,1,45.65,0
ירושלים,3000,8.1,621,406,404,2,65.38,0
ירושלים,3000,8.2,621,388,384,4,62.48,0
ירושלים,3000,8.3,621,437,431,6,70.37,0
ירושלים,3000,8.4,621,455,450,5,73.27,0
ירושלים,3000,8.5,621,448,446,2,72.14,0
ירושלים,3000,8.6,621,358,357,1,57.65,0
ירושלים,3000,8.7,618,403,400,3,65.21,0
ירושלים,3000,9,679,346,344,2,50.96,0
ירושלים,3000,25,590,332,329,3,56.27,0
ירושלים,3000,27.1,567,371,370,1,65.43,0
ירושלים,3000,27.2,567,377,372,5,66.49,0
ירושלים,3000,27.3,567,381,379,2,67.2,0
ירושלים,3000,27.4,567,370,366,4,65.26,0
ירושלים,3000,27.5,566,387,387,0,68.37,0
ירושלים,3000,30.1,658,478,474,4,72.64,0
ירושלים,3000,30.2,658,465,465,0,70.67,0
ירושלים,3000,30.3,658,455,454,1,69.15,0
ירושלים,3000,30.4,658,470,469,1,71.43,0
ירושלים,3000,30.5,654,461,460,1,70.49,0
ירושלים,3000,34,584,422,420,2,72.26,0
ירושלים,3000,38,573,331,328,3,57.77,0
ירושלים,3000,43.1,634,340,339,1,53.63,0
ירושלים,3000,43.2,634,356,356,0,56.15,0
ירושלים,3000,43.3,634,317,316,1,50.0,0
ירושלים,3000,43.4,634,280,277,3,44.16,0
ירושלים,3000,47.1,685,377,374,3,55.04,0
ירושלים,3000,47.2,685,339,336,3,49.49,0
ירושלים,3000,47.3,685,346,343,3,50.51,0
ירושלים,3000,55.1,633,353,351,2,55.77,0
ירושלים,3000,55.2,633,361,358,3,57.03,0
ירושלים,3000,55.3,633,424,424,0,66.98,0
ירושלים,3000,55.4,633,301,300,1,47.55,0
ירושלים,3000,55.5,633,359,358,1,56.71,0
ירושלים,3000,55.6,633,320,317,3,50.55,0
ירושלים,3000,59,657,442,440,2,67.28,0
ירושלים,3000,62,556,169,169,0,30.4,0
ירושלים,3000,63,674,428,424,4,63.5,0
ירושלים,3000,64,627,425,418,7,67.78,0
ירושלים,3000,65,650,311,308,3,47.85,0
ירושלים,3000,67,630,194,194,0,30.79,0
ירושלים,3000,75,520,320,316,4,61.54,0
ירושלים,3000,208.1,664,327,325,2,49.25,0
ירושלים,3000,208.2,664,306,304,2,46.08,0
ירושלים,3000,208.3,664,352,352,0,53.01,0
ירושלים,3000,208.4,664,310,310,0,46.69,0
ירושלים,3000,208.5,664,281,276,5,42.32,0
ירושלים,3000,223.1,692,485,482,3,70.09,0
ירושלים,3000,223.2,692,508,505,3,73.41,0
ירושלים,3000,223.3,692,485,484,1,70.09,0
ירושלים,3000,223.4,692,544,540,4,78.61,0
ירושלים,3000,223.5,692,487,484,3,70.38,0
ירושלים,3000,223.6,692,509,502,7,73.55,0
ירושלים,3000,223.7,692,490,489,1,70.81,0
ירושלים,3000,223.8,685,519,516,3,75.77,0
ירושלים,3000,244.1,594,446,442,4,75.08,0
ירושלים,3000,244.2,594,453,453,0,76.26,0
ירושלים,3000,244.3,594,420,415,5,70.71,0
ירושלים,3000,244.4,594,441,438,3,74.24,0
ירושלים,3000,244.5,592,476,470,6,80.41,0
ירושלים,3000,413,619,411,410,1,66.4,0
ירושלים,3000,207,672,501,500,1,74.55,0
ירושלים,3000,212,525,366,361,5,69.71,0
ירושלים,3000,215.1,693,455,452,3,65.66,0
ירושלים,3000,215.2,693,483,483,0,69.7,0
ירושלים,3000,215.3,693,491,488,3,70.85,0
ירושלים,3000,215.4,693,494,493,1,71.28,0
ירושלים,3000,215.5,692,477,475,2,68.93,0
ירושלים,3000,217,470,310,308,2,65.96,0
ירושלים,3000,218,559,363,362,1,64.94,0
ירושלים,3000,237.1,593,443,434,9,74.7,0
ירושלים,3000,237.2,593,403,400,3,67.96,0
ירושלים,3000,237.3,591,424,424,0,71.74,0
ירושלים,3000,253,563,403,401,2,71.58,0
ירושלים,3000,254,489,358,357,1,73.21,0
ירושלים,3000,256,611,420,420,0,68.74,0
ירושלים,3000,258.1,667,445,444,1,66.72,0
ירושלים,3000,258.2,667,462,462,0,69.27,0
ירושלים,3000,258.3,666,457,455,2,68.62,0
ירושלים,3000,264.1,592,403,400,3,68.07,0
ירושלים,3000,264.2,592,381,379,2,64.36,0
ירושלים,3000,264.3,592,382,380,2,64.53,0
ירושלים,3000,264.4,592,375,374,1,63.34,0
ירושלים,3000,264.5,592,376,376,0,63.51,0
ירושלים,3000,264.6,591,365,363,2,61.76,0
ירושלים,3000,265,579,422,419,3,72.88,0
ירושלים,3000,285.1,545,376,373,3,68.99,0
ירושלים,3000,285.2,545,355,354,1,65.14,0
ירושלים,3000,285.3,545,364,363,1,66.79,0
ירושלים,3000,285.4,542,330,330,0,60.89,0
ירושלים,3000,289.1,549,398,397,1,72.5,0
ירושלים,3000,289.2,549,381,377,4,69.4,0
ירושלים,3000,289.3,549,382,377,5,69.58,0
ירושלים,3000,289.4,546,358,357,1,65.57,0
ירושלים,3000,312.1,563,366,364,2,65.01,0
ירושלים,3000,312.2,563,368,366,2,65.36,0
ירושלים,3000,312.3,563,342,337,5,60.75,0
ירושלים,3000,312.4,563,334,331,3,59.33,0
ירושלים,3000,312.5,562,320,315,5,56.94,0
ירושלים,3000,314,588,412,409,3,70.07,0
ירושלים,3000,316,667,514,513,1,77.06,0
ירושלים,3000,318,663,447,447,0,67.42,0
ירושלים,3000,319,687,474,469,5,69.0,0
ירושלים,3000,321,629,444,443,1,70.59,0
ירושלים,3000,415.1,674,488,487,1,72.4,0
ירושלים,3000,415.2,674,515,515,0,76.41,0
ירושלים,3000,415.3,674,476,474,2,70.62,0
ירושלים,3000,415.4,674,480,477,3,71.22,0
ירושלים,3000,415.5,670,511,507,4,76.27,0
ירושלים,3000,417.1,487,347,341,6,71.25,0
ירושלים,3000,417.2,487,369,367,2,75.77,0
ירושלים,3000,417.3,487,378,376,2,77.62,0
ירושלים,3000,816.1,578,385,385,0,66.61,0
ירושלים,3000,816.2,578,346,344,2,59.86,0
ירושלים,3000,816.3,578,380,379,1,65.74,0
ירושלים,3000,816.4,578,367,367,0,63.49,0
ירושלים,3000,816.5,577,351,351,0,60.83,0
ירושלים,3000,967.1,504,366,364,2,72.62,0
ירושלים,3000,33.1,640,471,468,3,73.59,0
ירושלים,3000,33.2,640,455,454,1,71.09,0
ירושלים,3000,33.3,640,450,449,1,70.31,0
ירושלים,3000,33.4,640,442,441,1,69.06,0
ירושלים,3000,33.5,640,442,441,1,69.06,0
ירושלים,3000,33.6,640,453,452,1,70.78,0
ירושלים,3000,362,650,428,427,1,65.85,0
ירושלים,3000,364.1,565,321,317,4,56.81,0
ירושלים,3000,364.2,565,342,342,0,60.53,0
ירושלים,3000,364.3,564,346,346,0,61.35,0
ירושלים,3000,366,513,291,290,1,56.73,0
ירושלים,3000,367.1,667,369,367,2,55.32,0
ירושלים,3000,367.2,667,409,406,3,61.32,0
ירושלים,3000,369,490,272,271,1,55.51,0
ירושלים,3000,370,579,366,365,1,63.21,0
ירושלים,3000,372,603,403,401,2,66.83,0
ירושלים,3000,376.1,588,384,384,0,65.31,0
ירושלים,3000,376.2,588,359,358,1,61.05,0
ירושלים,3000,376.3,588,379,378,1,64.46,0
ירושלים,3000,376.4,588,367,364,3,62.41,0
ירושלים,3000,376.5,586,368,367,1,62.8,0
ירושלים,3000,385.1,667,450,447,3,67.47,0
ירושלים,3000,385.2,667,426,424,2,63.87,0
ירושלים,3000,385.3,667,450,449,1,67.47,0
ירושלים,3000,386,543,417,415,2,76.8,0
ירושלים,3000,387.1,483,313,312,1,64.8,0
ירושלים,3000,387.2,483,331,331,0,68.53,0
ירושלים,3000,387.3,481,324,324,0,67.36,0
ירושלים,3000,388.1,681,405,403,2,59.47,0
ירושלים,3000,388.2,681,414,413,1,60.79,0
ירושלים,3000,388.3,679,397,395,2,58.47,0
ירושלים,3000,390,665,427,422,5,64.21,0
ירושלים,3000,392.1,683,466,462,4,68.23,0
ירושלים,3000,392.2,683,473,473,0,69.25,0
ירושלים,3000,392.3,683,456,452,4,66.76,0
ירושלים,3000,393,521,330,329,1,63.34,0
ירושלים,3000,395,524,345,343,2,65.84,0
ירושלים,3000,401,579,297,297,0,51.3,0
ירושלים,3000,404,680,393,390,3,57.79,0
ירושלים,3000,406,564,321,319,2,56.91,0
ירושלים,3000,408,686,430,428,2,62.68,0
ירושלים,3000,410,565,352,352,0,62.3,0
ירושלים,3000,412,653,386,386,0,59.11,0
ירושלים,3000,426,539,289,285,4,53.62,0
ירושלים,3000,429,496,288,287,1,58.06,0
ירושלים,3000,434.1,688,427,426,1,62.06,0
ירושלים,3000,434.2,688,434,433,1,63.08,0
ירושלים,3000,434.3,688,425,423,2,61.77,0
ירושלים,3000,434.4,686,413,413,0,60.2,0
ירושלים,3000,439,657,342,342,0,52.05,0
ירושלים,3000,441,471,263,262,1,55.84,0
ירושלים,3000,452,469,257,255,2,54.8,0
ירושלים,3000,862.1,664,486,480,6,73.19,0
ירושלים,3000,862.2,664,474,473,1,71.39,0
ירושלים,3000,862.3,662,459,456,3,69.34,0
ירושלים,3000,73.1,529,293,292,1,55.39,0
ירושלים,3000,73.2,529,312,311,1,58.98,0
ירושלים,3000,73.3,529,298,296,2,56.33,0
ירושלים,3000,78,415,333,333,0,80.24,0
ירושלים,3000,300,691,520,518,2,75.25,0
ירושלים,3000,301,660,474,473,1,71.82,0
ירושלים,3000,302,645,462,460,2,71.63,0
ירושלים,3000,305.1,606,402,402,0,66.34,0
ירושלים,3000,305.2,606,353,351,2,58.25,0
ירושלים,3000,305.3,606,364,363,1,60.07,0
ירושלים,3000,305.4,604,382,379,3,63.25,0
ירושלים,3000,306,620,467,466,1,75.32,0
ירושלים,3000,307,499,374,372,2,74.95,0
ירושלים,3000,308,500,313,313,0,62.6,0
ירושלים,3000,309.1,352,252,251,1,71.59,0
ירושלים,3000,309.2,352,250,250,0,71.02,0
ירושלים,3000,313,602,346,343,3,57.48,0
ירושלים,3000,323.1,517,325,325,0,62.86,0
ירושלים,3000,323.2,517,311,311,0,60.15,0
ירושלים,3000,323.3,516,321,320,1,62.21,0
ירושלים,3000,325,699,442,440,2,63.23,0
ירושלים,3000,326,580,365,363,2,62.93,0
ירושלים,3000,327.1,657,410,406,4,62.4,0
ירושלים,3000,327.2,657,409,404,5,62.25,0
ירושלים,3000,327.3,656,435,433,2,66.31,0
ירושלים,3000,328,587,382,381,1,65.08,0
ירושלים,3000,329,691,506,505,1,73.23,0
ירושלים,3000,330,409,269,268,1,65.77,0
ירושלים,3000,331,480,333,333,0,69.38,0
ירושלים,3000,333.1,624,393,393,0,62.98,0
ירושלים,3000,333.2,624,362,360,2,58.01,0
ירושלים,3000,333.3,624,340,336,4,54.49,0
ירושלים,3000,333.4,624,369,368,1,59.13,0
ירושלים,3000,333.5,624,306,304,2,49.04,0
ירושלים,3000,333.6,621,312,311,1,50.24,0
ירושלים,3000,334,440,197,197,0,44.77,0
ירושלים,3000,335.1,569,388,388,0,68.19,0
ירושלים,3000,335.2,569,385,385,0,67.66,0
ירושלים,3000,336,520,337,333,4,64.81,0
ירושלים,3000,337,576,334,333,1,57.99,0
ירושלים,3000,338,574,421,421,0,73.34,0
ירושלים,3000,341,613,363,360,3,59.22,0
ירושלים,3000,346,475,319,319,0,67.16,0
ירושלים,3000,347,527,377,377,0,71.54,0
ירושלים,3000,348,568,386,386,0,67.96,0
ירושלים,3000,349,682,467,466,1,68.48,0
ירושלים,3000,350,549,319,311,8,58.11,0
ירושלים,3000,351,519,351,351,0,67.63,0
ירושלים,3000,354,679,424,423,1,62.44,0
ירושלים,3000,358,488,248,248,0,50.82,0
ירושלים,3000,360,570,375,374,1,65.79,0
ירושלים,3000,361,672,478,477,1,71.13,0
ירושלים,3000,378,524,363,362,1,69.27,0
ירושלים,3000,396,500,381,381,0,76.2,0
ירושלים,3000,425,396,223,221,2,56.31,0
ירושלים,3000,815,439,286,283,3,65.15,0
ירושלים,3000,817,632,405,404,1,64.08,0
ירושלים,3000,80.1,666,260,258,2,39.04,0
ירושלים,3000,80.2,666,244,243,1,36.64,0
ירושלים,3000,80.3,666,218,214,4,32.73,0
ירושלים,3000,80.4,664,263,259,4,39.61,0
ירושלים,3000,483,466,234,233,1,50.21,0
ירושלים,3000,485.1,682,420,420,0,61.58,0
ירושלים,3000,485.2,682,435,434,1,63.78,0
ירושלים,3000,485.3,682,442,439,3,64.81,0
ירושלים,3000,485.4,682,399,399,0,58.5,0
ירושלים,3000,485.5,682,396,396,0,58.06,0
ירושלים,3000,485.6,682,415,412,3,60.85,0
ירושלים,3000,485.7,682,390,390,0,57.18,0
ירושלים,3000,485.8,676,415,415,0,61.39,0
ירושלים,3000,489.1,518,177,175,2,34.17,0
ירושלים,3000,489.2,518,214,212,2,41.31,0
ירושלים,3000,548.1,529,179,177,2,33.84,0
ירושלים,3000,567.1,684,457,454,3,66.81,0
ירושלים,3000,567.2,684,429,426,3,62.72,0
ירושלים,3000,567.3,684,466,464,2,68.13,0
ירושלים,3000,567.4,684,464,461,3,67.84,0
ירושלים,3000,567.5,684,451,450,1,65.94,0
ירושלים,3000,567.6,683,464,462,2,67.94,0
ירושלים,3000,597,500,225,225,0,45.0,0
ירושלים,3000,598,586,369,365,4,62.97,0
ירושלים,3000,677.1,640,447,447,0,69.84,0
ירושלים,3000,677.2,640,410,409,1,64.06,0
ירושלים,3000,677.3,640,456,454,2,71.25,0
ירושלים,3000,677.4,640,440,440,0,68.75,0
ירושלים,3000,677.5,640,432,430,2,67.5,0
ירושלים,3000,677.6,636,376,374,2,59.12,0
ירושלים,3000,680,658,434,432,2,65.96,0
ירושלים,3000,684,601,397,395,2,66.06,0
ירושלים,3000,685,648,429,426,3,66.2,0
ירושלים,3000,693.1,647,405,404,1,62.6,0
ירושלים,3000,693.2,647,377,375,2,58.27,0
ירושלים,3000,693.3,647,429,429,0,66.31,0
ירושלים,3000,693.4,647,382,382,0,59.04,0
ירושלים,3000,824.1,636,424,421,3,66.67,0
ירושלים,3000,824.2,636,442,442,0,69.5,0
ירושלים,3000,824.3,636,402,400,2,63.21,0
ירושלים,3000,824.4,634,383,383,0,60.41,0
ירושלים,3000,825.1,591,391,391,0,66.16,0
ירושלים,3000,825.2,591,366,364,2,61.93,0
ירושלים,3000,825.3,591,368,364,4,62.27,0
ירושלים,3000,825.4,590,366,366,0,62.03,0
ירושלים,3000,870,555,402,399,3,72.43,0
ירושלים,3000,964.1,698,487,486,1,69.77,0
ירושלים,3000,964.2,698,480,478,2,68.77,0
ירושלים,3000,964.3,698,491,491,0,70.34,0
ירושלים,3000,964.4,698,519,518,1,74.36,0
ירושלים,3000,964.5,698,493,492,1,70.63,0
ירושלים,3000,964.6,698,456,453,3,65.33,0
ירושלים,3000,964.7,694,458,458,0,65.99,0
ירושלים,3000,422.1,545,261,257,4,47.89,0
ירושלים,3000,422.2,545,271,267,4,49.72,0
ירושלים,3000,422.3,545,265,263,2,48.62,0
ירושלים,3000,422.4,543,230,229,1,42.36,0
ירושלים,3000,451,520,120,119,1,23.08,0
ירושלים,3000,491.1,666,378,375,3,56.76,0
ירושלים,3000,491.2,666,387,381,6,58.11,0
ירושלים,3000,491.3,666,351,347,4,52.7,0
ירושלים,3000,491.4,666,365,365,0,54.8,0
ירושלים,3000,491.5,666,361,359,2,54.2,0
ירושלים,3000,491.6,665,357,354,3,53.68,0
ירושלים,3000,545.1,475,66,66,0,13.89,0
ירושלים,3000,545.2,475,81,81,0,17.05,0
ירושלים,3000,545.3,474,79,78,1,16.67,0
ירושלים,3000,587,572,297,296,1,51.92,0
ירושלים,3000,591.1,477,270,269,1,56.6,0
ירושלים,3000,591.2,477,255,253,2,53.46,0
ירושלים,3000,591.3,476,257,256,1,53.99,0
ירושלים,3000,592,551,356,353,3,64.61,0
ירושלים,3000,613.1,647,463,463,0,71.56,0
ירושלים,3000,613.2,647,449,447,2,69.4,0
ירושלים,3000,613.3,647,464,460,4,71.72,0
ירושלים,3000,613.4,647,444,444,0,68.62,0
ירושלים,3000,613.5,647,427,425,2,66.0,0
ירושלים,3000,634,501,310,308,2,61.88,0
ירושלים,3000,635,589,314,313,1,53.31,0
ירושלים,3000,637,561,267,265,2,47.59,0
ירושלים,3000,638,552,282,280,2,51.09,0
ירושלים,3000,641,618,380,378,2,61.49,0
ירושלים,3000,643,564,332,327,5,58.87,0
ירושלים,3000,690.1,565,302,300,2,53.45,0
ירושלים,3000,690.2,565,323,323,0,57.17,0
ירושלים,3000,690.3,565,296,295,1,52.39,0
ירושלים,3000,690.4,565,313,311,2,55.4,0
ירושלים,3000,690.5,563,320,319,1,56.84,0
ירושלים,3000,793,631,480,480,0,76.07,0
ירושלים,3000,851.1,634,485,485,0,76.5,0
ירושלים,3000,851.2,634,469,467,2,73.97,0
ירושלים,3000,851.3,634,477,474,3,75.24,0
ירושלים,3000,851.4,634,481,480,1,75.87,0
ירושלים,3000,851.5,633,470,468,2,74.25,0
ירושלים,3000,852.1,389,305,305,0,78.41,0
ירושלים,3000,852.2,388,307,304,3,79.12,0
ירושלים,3000,854,692,534,533,1,77.17,0
ירושלים,3000,855.1,672,519,516,3,77.23,0
ירושלים,3000,855.2,672,512,509,3,76.19,0
ירושלים,3000,855.3,672,519,517,2,77.23,0
ירושלים,3000,855.4,672,530,529,1,78.87,0
ירושלים,3000,859.1,699,548,545,3,78.4,0
ירושלים,3000,859.2,699,546,543,3,78.11,0
ירושלים,3000,859.3,699,533,532,1,76.25,0
ירושלים,3000,859.4,697,542,540,2,77.76,0
ירושלים,3000,866,571,421,421,0,73.73,0
ירושלים,3000,868.1,566,450,449,1,79.51,0
ירושלים,3000,868.2,566,434,434,0,76.68,0
ירושלים,3000,868.3,566,459,459,0,81.1,0
ירושלים,3000,868.4,566,435,434,1,76.86,0
ירושלים,3000,868.5,562,444,440,4,79.0,0
ירושלים,3000,871,680,503,502,1,73.97,0
ירושלים,3000,71,541,333,333,0,61.55,0
ירושלים,3000,137.1,665,314,313,1,47.22,0
ירושלים,3000,137.2,665,328,328,0,49.32,0
ירושלים,3000,137.3,665,337,337,0,50.68,0
ירושלים,3000,137.4,665,338,334,4,50.83,0
ירושלים,3000,137.5,665,332,332,0,49.92,0
ירושלים,3000,149,699,359,359,0,51.36,0
ירושלים,3000,407,572,331,330,1,57.87,0
ירושלים,3000,430,600,367,366,1,61.17,0
ירושלים,3000,433.1,614,346,345,1,56.35,0
ירושלים,3000,433.2,614,365,364,1,59.45,0
ירושלים,3000,433.3,614,340,335,5,55.37,0
ירושלים,3000,433.4,613,345,341,4,56.28,0
ירושלים,3000,435,629,389,389,0,61.84,0
ירושלים,3000,436.1,557,288,286,2,51.71,0
ירושלים,3000,436.2,557,304,304,0,54.58,0
ירושלים,3000,437,628,341,341,0,54.3,0
ירושלים,3000,440,680,362,362,0,53.24,0
ירושלים,3000,456.1,596,359,357,2,60.23,0
ירושלים,3000,456.2,596,350,350,0,58.72,0
ירושלים,3000,456.3,596,364,364,0,61.07,0
ירושלים,3000,456.4,596,324,320,4,54.36,0
ירושלים,3000,456.5,596,329,325,4,55.2,0
ירושלים,3000,456.6,592,344,344,0,58.11,0
ירושלים,3000,463,620,347,346,1,55.97,0
ירושלים,3000,465.1,613,418,417,1,68.19,0
ירושלים,3000,465.2,613,436,436,0,71.13,0
ירושלים,3000,465.3,613,410,410,0,66.88,0
ירושלים,3000,468.1,664,454,452,2,68.37,0
ירושלים,3000,468.2,664,440,437,3,66.27,0
ירושלים,3000,468.3,664,438,438,0,65.96,0
ירושלים,3000,468.4,664,442,441,1,66.57,0
ירושלים,3000,468.5,661,449,449,0,67.93,0
ירושלים,3000,471.1,685,350,349,1,51.09,0
ירושלים,3000,471.2,685,374,373,1,54.6,0
ירושלים,3000,471.3,683,392,390,2,57.39,0
ירושלים,3000,474.1,512,250,250,0,48.83,0
ירושלים,3000,474.2,512,253,253,0,49.41,0
ירושלים,3000,474.3,511,253,252,1,49.51,0
ירושלים,3000,518.1,620,86,84,2,13.87,0
ירושלים,3000,518.2,620,118,115,3,19.03,0
ירושלים,3000,518.3,620,119,117,2,19.19,0
ירושלים,3000,518.4,620,130,130,0,20.97,0
ירושלים,3000,518.5,620,111,107,4,17.9,0
ירושלים,3000,518.6,620,98,98,0,15.81,0
ירושלים,3000,518.7,619,141,140,1,22.78,0
ירושלים,3000,623,474,265,264,1,55.91,0
ירושלים,3000,998.1,658,91,89,2,13.83,0
ירושלים,3000,998.2,658,101,101,0,15.35,0
ירושלים,3000,998.3,658,83,82,1,12.61,0
ירושלים,3000,998.4,658,94,90,4,14.29,0
ירושלים,3000,998.5,658,110,108,2,16.72,0
ירושלים,3000,998.6,658,74,72,2,11.25,0
ירושלים,3000,998.7,658,110,109,1,16.72,0
ירושלים,3000,998.8,657,112,111,1,17.05,0
ירחיב,718,1,458,344,344,0,75.11,0
ירחיב,718,2,364,263,261,2,72.25,0
ירכא,502,5.1,502,273,272,1,54.38,0
ירכא,502,5.2,502,223,215,8,44.42,0
ירכא,502,5.3,502,257,256,1,51.2,0
ירכא,502,9.1,510,261,251,10,51.18,0
ירכא,502,9.2,510,263,256,7,51.57,0
ירכא,502,9.3,508,281,273,8,55.31,0
ירכא,502,10.1,600,302,295,7,50.33,0
ירכא,502,10.2,600,296,291,5,49.33,0
ירכא,502,10.3,600,267,264,3,44.5,0
ירכא,502,10.4,597,304,298,6,50.92,0
ירכא,502,12.1,561,243,238,5,43.32,0
ירכא,502,12.2,561,278,275,3,49.55,0
ירכא,502,12.3,561,318,314,4,56.68,0
ירכא,502,12.4,560,303,301,2,54.11,0
ירכא,502,13.1,548,287,284,3,52.37,0
ירכא,502,13.2,548,304,302,2,55.47,0
ירכא,502,13.3,548,297,290,7,54.2,0
ירכא,502,13.4,545,316,313,3,57.98,0
ירכא,502,14.1,508,237,235,2,46.65,0
ירכא,502,14.2,508,253,246,7,49.8,0
ירכא,502,14.3,508,260,253,7,51.18,0
ירקונה,183,1,309,224,224,0,72.49,0
ישע,916,1,301,216,215,1,71.76,0
ישעי,805,1,576,448,448,0,77.78,0
ישרש,828,1.1,363,280,280,0,77.13,0
ישרש,828,1.2,362,279,279,0,77.07,0
יתד,1227,1,373,278,277,1,74.53,0
כאבול,504,3.1,512,372,369,3,72.66,0
כאבול,504,3.2,512,360,357,3,70.31,0
כאבול,504,3.3,512,345,341,4,67.38,0
כאבול,504,6.1,690,422,421,1,61.16,0
כאבול,504,6.2,690,543,536,7,78.7,0
כאבול,504,6.3,690,513,511,2,74.35,0
כאבול,504,6.4,690,499,498,1,72.32,0
כאבול,504,7.1,540,343,339,4,63.52,0
כאבול,504,7.2,540,292,288,4,54.07,0
כאבול,504,7.3,540,333,330,3,61.67,0
כאבול,504,7.4,539,393,388,5,72.91,0
כאבול,504,10.1,554,361,361,0,65.16,0
כאבול,504,10.2,554,497,486,11,89.71,0
כאבול,504,10.3,554,424,419,5,76.53,0
כאבול,504,10.4,553,418,417,1,75.59,0
כאוכב אבו אלהיגא,505,1,659,410,406,4,62.22,0
כאוכב אבו אלהיגא,505,3.1,495,301,298,3,60.81,0
כאוכב אבו אלהיגא,505,3.2,495,294,287,7,59.39,0
כאוכב אבו אלהיגא,505,3.3,495,296,290,6,59.8,0
כאוכב אבו אלהיגא,505,4,660,420,418,2,63.64,0
כברי,576,1,455,327,327,0,71.87,0
כברי,576,2,435,300,299,1,68.97,0
כדיתה,1338,1,138,67,67,0,48.55,0
כוכב השחר,3564,2.1,679,525,525,0,77.32,0
כוכב השחר,3564,2.2,679,547,546,1,80.56,0
כוכב יאיר,1224,1.1,533,382,382,0,71.67,0
כוכב יאיר,1224,1.2,533,408,407,1,76.55,0
כוכב יאיר,1224,1.3,533,382,382,0,71.67,0
כוכב יאיר,1224,1.4,530,394,394,0,74.34,0
כוכב יאיר,1224,5,471,345,345,0,73.25,0
כוכב יאיר,1224,6,421,313,312,1,74.35,0
כוכב יאיר,1224,7,518,385,385,0,74.32,0
כוכב יאיר,1224,102,675,500,500,0,74.07,0
כוכב יאיר,1224,105,685,490,487,3,71.53,0
כוכב יאיר,1224,106.1,608,444,444,0,73.03,0
כוכב יאיר,1224,106.2,608,442,439,3,72.7,0
כוכב יאיר,1224,106.3,608,421,420,1,69.24,0
כוכב יאיר,1224,106.4,605,448,445,3,74.05,0
כוכב יאיר,1224,107,501,360,359,1,71.86,0
כוכב יעקב,3779,1,669,540,535,5,80.72,0
כוכב יעקב,3779,4.1,524,446,444,2,85.11,0
כוכב יעקב,3779,4.2,524,435,429,6,83.02,0
כוכב יעקב,3779,4.3,524,437,437,0,83.4,0
כוכב יעקב,3779,5,622,551,546,5,88.59,0
כוכב יעקב,3779,6.1,536,405,402,3,75.56,0
כוכב יעקב,3779,6.2,536,405,404,1,75.56,0
כוכב יעקב,3779,6.3,536,412,412,0,76.87,0
כוכב יעקב,3779,6.4,534,409,407,2,76.59,0
כוכב מיכאל,824,1.1,374,273,272,1,72.99,0
כוכב מיכאל,824,1.2,374,270,269,1,72.19,0
כורזים,1252,1,345,226,222,4,65.51,0
כחל,1210,1,364,270,270,0,74.18,0
כחלה,1367,1,265,167,164,3,63.02,0
כיסופים,840,1,300,163,162,1,54.33,0
כישור,1153,1,131,97,95,2,74.05,0
כליל,1183,1,577,385,381,4,66.72,0
כלנית,1229,1,187,152,152,0,81.28,0
כמאנה,1331,1,590,256,255,1,43.39,0
כמאנה,1331,2,543,275,272,3,50.64,0
כמהין,1291,1,153,106,106,0,69.28,0
כמון,1201,1,577,409,409,0,70.88,0
כנף,4028,1,350,219,217,2,62.57,0
כנרת מושבה,63,1,558,379,377,2,67.92,0
כנרת קבוצה,57,1,657,426,424,2,64.84,0
כסיפה,1059,1.1,382,206,204,2,53.93,0
כסיפה,1059,1.2,381,282,282,0,74.02,0
כסיפה,1059,3.1,648,440,438,2,67.9,0
כסיפה,1059,3.2,648,382,378,4,58.95,0
כסיפה,1059,3.3,648,359,355,4,55.4,0
כסיפה,1059,4,670,292,286,6,43.58,0
כסיפה,1059,6.1,630,435,430,5,69.05,0
כסיפה,1059,6.2,630,391,391,0,62.06,0
כסיפה,1059,6.3,630,321,316,5,50.95,0
כסיפה,1059,6.4,628,265,262,3,42.2,0
כסיפה,1059,7.1,381,284,281,3,74.54,0
כסיפה,1059,7.2,380,277,273,4,72.89,0
כסיפה,1059,8.1,685,269,268,1,39.27,0
כסיפה,1059,8.2,684,336,333,3,49.12,0
כסיפה,1059,11.1,509,275,273,2,54.03,0
כסיפה,1059,11.2,509,238,235,3,46.76,0
כסיפה,1059,11.3,509,260,257,3,51.08,0
כסלון,859,1,303,225,224,1,74.26,0
כסראסמיע,1296,1,609,243,240,3,39.9,0
כסראסמיע,1296,2,692,37,35,2,5.35,0
כסראסמיע,1296,3,667,365,360,5,54.72,0
כסראסמיע,1296,5,687,67,67,0,9.75,0
כסראסמיע,1296,6.1,378,101,101,0,26.72,0
כסראסמיע,1296,6.2,378,107,107,0,28.31,0
כסראסמיע,1296,7.1,680,377,377,0,55.44,0
כסראסמיע,1296,7.2,680,423,421,2,62.21,0
כסראסמיע,1296,8.1,648,107,106,1,16.51,0
כסראסמיע,1296,8.2,647,132,131,1,20.4,0
כעביהטבאשחגאגרה,978,1.1,397,234,234,0,58.94,0
כעביהטבאשחגאגרה,978,1.2,396,247,244,3,62.37,0
כעביהטבאשחגאגרה,978,2,519,269,267,2,51.83,0
כעביהטבאשחגאגרה,978,3,569,253,249,4,44.46,0
כעביהטבאשחגאגרה,978,4.1,367,236,235,1,64.31,0
כעביהטבאשחגאגרה,978,4.2,366,227,225,2,62.02,0
כעביהטבאשחגאגרה,978,5,578,282,280,2,48.79,0
כעביהטבאשחגאגרה,978,6.1,399,236,236,0,59.15,0
כעביהטבאשחגאגרה,978,6.2,398,264,263,1,66.33,0
כפר אביב,857,1,562,409,409,0,72.78,0
כפר אדומים,3638,1,294,214,214,0,72.79,0
כפר אדומים,3638,4,547,408,406,2,74.59,0
כפר אדומים,3638,5.1,649,448,445,3,69.03,0
כפר אדומים,3638,5.2,649,462,462,0,71.19,0
כפר אדומים,3638,5.3,648,464,462,2,71.6,0
כפר אוריה,364,1,551,431,431,0,78.22,0
כפר אחים,690,1,533,412,411,1,77.3,0
כפר ביאליק,220,1,474,353,352,1,74.47,0
כפר בילו,177,1.1,434,333,332,1,76.73,0
כפר בילו,177,1.2,433,342,342,0,78.98,0
כפר בלום,357,1.1,369,248,246,2,67.21,0
כפר בלום,357,1.2,368,258,257,1,70.11,0
כפר בן נון,2010,1,548,431,431,0,78.65,0
כפר ברא,633,1,615,398,394,4,64.72,0
כפר ברא,633,2,612,417,410,7,68.14,0
כפר ברא,633,3,684,461,459,2,67.4,0
כפר ברא,633,4,665,393,393,0,59.1,0
כפר ברוך,132,1,436,336,335,1,77.06,0
כפר גדעון,106,1,211,150,150,0,71.09,0
כפר גלים,427,1,116,68,67,1,58.62,0
כפר גליקסון,310,1,291,207,207,0,71.13,0
כפר גלעדי,76,1,591,354,354,0,59.9,0
כפר דניאל,707,1,505,362,362,0,71.68,0
כפר האורנים,3796,1,593,426,426,0,71.84,0
כפר האורנים,3796,2,595,430,430,0,72.27,0
כפר האורנים,3796,3,578,435,434,1,75.26,0
כפר החורש,192,1,479,374,374,0,78.08,0
כפר המכבי,254,1,323,235,235,0,72.76,0
כפר הנגיד,582,1,346,268,267,1,77.46,0
כפר הנגיד,582,2,415,300,299,1,72.29,0
כפר הנשיא,443,1.1,371,197,197,0,53.1,0
כפר הנשיא,443,1.2,371,205,205,0,55.26,0
כפר הס,187,1,569,418,418,0,73.46,0
כפר הס,187,2,498,399,399,0,80.12,0
כפר הראה,217,1,380,280,280,0,73.68,0
כפר הראה,217,2,382,309,306,3,80.89,0
כפר הריף,888,1,605,460,459,1,76.03,0
כפר ויתקין,190,2.1,482,369,369,0,76.56,0
כפר ויתקין,190,2.2,482,346,342,4,71.78,0
כפר ויתקין,190,2.3,480,342,342,0,71.25,0
כפר ורבורג,320,1,510,394,394,0,77.25,0
כפר ורבורג,320,2,343,258,257,1,75.22,0
כפר ורדים,1263,1,630,418,416,2,66.35,0
כפר ורדים,1263,2.1,600,390,388,2,65.0,0
כפר ורדים,1263,2.2,599,399,398,1,66.61,0
כפר ורדים,1263,3,521,327,327,0,62.76,0
כפר ורדים,1263,4,533,354,352,2,66.42,0
כפר ורדים,1263,8.1,633,421,419,2,66.51,0
כפר ורדים,1263,8.2,633,419,418,1,66.19,0
כפר ורדים,1263,8.3,631,434,434,0,68.78,0
כפר זיתים,786,1,473,352,351,1,74.42,0
כפר חבד,696,2,596,429,427,2,71.98,0
כפר חבד,696,3.1,653,439,439,0,67.23,0
כפר חבד,696,3.2,653,416,415,1,63.71,0
כפר חבד,696,3.3,653,469,469,0,71.82,0
כפר חבד,696,3.4,652,457,457,0,70.09,0
כפר חבד,696,6,561,379,379,0,67.56,0
כפר חבד,696,7,603,353,353,0,58.54,0
כפר חושן,609,1,617,433,432,1,70.18,0
כפר חיטים,255,1,540,347,346,1,64.26,0
כפר חיים,193,1,436,339,338,1,77.75,0
כפר חנניה,1297,1,537,401,399,2,74.67,0
כפר חסידים א,112,1,538,379,379,0,70.45,0
כפר חסידים ב,889,1,226,158,157,1,69.91,0
כפר חרוב,4004,1,427,268,268,0,62.76,0
כפר טרומן,673,1,586,455,454,1,77.65,0
כפר יאסיף,507,5.1,552,392,391,1,71.01,0
כפר יאסיף,507,5.2,552,352,350,2,63.77,0
כפר יאסיף,507,5.3,552,302,299,3,54.71,0
כפר יאסיף,507,5.4,549,330,324,6,60.11,0
כפר יאסיף,507,6.1,510,348,346,2,68.24,0
כפר יאסיף,507,6.2,510,325,324,1,63.73,0
כפר יאסיף,507,6.3,509,371,369,2,72.89,0
כפר יאסיף,507,8.1,562,348,344,4,61.92,0
כפר יאסיף,507,8.2,562,320,317,3,56.94,0
כפר יאסיף,507,8.3,562,389,386,3,69.22,0
כפר יאסיף,507,8.4,561,350,350,0,62.39,0
כפר יאסיף,507,10.1,569,356,354,2,62.57,0
כפר יאסיף,507,10.2,569,360,357,3,63.27,0
כפר יאסיף,507,10.3,569,343,338,5,60.28,0
כפר יאסיף,507,10.4,569,389,388,1,68.37,0
כפר ידידיה,233,1,511,385,383,2,75.34,0
כפר יהושע,140,1,434,341,341,0,78.57,0
כפר יהושע,140,2,466,354,354,0,75.97,0
כפר יונה,168,1,483,304,300,4,62.94,0
כפר יונה,168,4,524,372,370,2,70.99,0
כפר יונה,168,5,457,342,341,1,74.84,0
כפר יונה,168,7.1,378,300,299,1,79.37,0
כפר יונה,168,7.2,319,226,226,0,70.85,0
כפר יונה,168,8,560,354,349,5,63.21,0
כפר יונה,168,9.1,384,282,281,1,73.44,0
כפר יונה,168,9.2,384,276,276,0,71.88,0
כפר יונה,168,10,529,396,387,9,74.86,0
כפר יונה,168,12.1,614,440,438,2,71.66,0
כפר יונה,168,12.2,614,455,453,2,74.1,0
כפר יונה,168,12.3,614,461,460,1,75.08,0
כפר יונה,168,12.4,613,462,461,1,75.37,0
כפר יונה,168,13,611,446,445,1,73.0,0
כפר יונה,168,14.1,553,381,378,3,68.9,0
כפר יונה,168,14.2,553,361,358,3,65.28,0
כפר יונה,168,16,578,335,332,3,57.96,0
כפר יונה,168,19.1,359,239,239,0,66.57,0
כפר יונה,168,19.2,358,266,265,1,74.3,0
כפר יונה,168,20.1,630,470,469,1,74.6,0
כפר יונה,168,20.2,630,448,447,1,71.11,0
כפר יונה,168,20.3,629,449,445,4,71.38,0
כפר יונה,168,23.1,612,487,483,4,79.58,0
כפר יונה,168,23.2,612,475,471,4,77.61,0
כפר יונה,168,23.3,610,457,453,4,74.92,0
כפר יונה,168,25,596,473,472,1,79.36,0
כפר יונה,168,26.1,674,513,510,3,76.11,0
כפר יונה,168,26.2,674,493,490,3,73.15,0
כפר יונה,168,26.3,674,509,508,1,75.52,0
כפר יונה,168,26.4,674,510,509,1,75.67,0
כפר יונה,168,27,586,472,470,2,80.55,0
כפר יונה,168,29,467,365,365,0,78.16,0
כפר יונה,168,30,573,466,465,1,81.33,0
כפר יונה,168,31,631,506,505,1,80.19,0
כפר יונה,168,32,600,488,488,0,81.33,0
כפר יחזקאל,85,1.1,382,304,302,2,79.58,0
כפר יחזקאל,85,1.2,381,302,301,1,79.27,0
כפר יעבץ,170,1,477,352,351,1,73.79,0
כפר כמא,508,2,651,220,219,1,33.79,0
כפר כמא,508,3,621,221,221,0,35.59,0
כפר כמא,508,4.1,471,148,147,1,31.42,0
כפר כמא,508,4.2,471,206,195,11,43.74,0
כפר כמא,508,4.3,471,151,148,3,32.06,0
כפר כנא,509,2.1,574,321,314,7,55.92,0
כפר כנא,509,2.2,574,324,321,3,56.45,0
כפר כנא,509,2.3,574,294,291,3,51.22,0
כפר כנא,509,2.4,573,288,285,3,50.26,0
כפר כנא,509,9.1,575,282,277,5,49.04,0
כפר כנא,509,9.2,575,279,275,4,48.52,0
כפר כנא,509,9.3,575,259,253,6,45.04,0
כפר כנא,509,9.4,575,262,260,2,45.57,0
כפר כנא,509,15.1,594,307,301,6,51.68,0
כפר כנא,509,15.2,594,243,240,3,40.91,0
כפר כנא,509,15.3,594,289,285,4,48.65,0
כפר כנא,509,15.4,594,284,278,6,47.81,0
כפר כנא,509,15.5,594,331,330,1,55.72,0
כפר כנא,509,17.1,559,322,321,1,57.6,0
כפר כנא,509,17.2,559,334,328,6,59.75,0
כפר כנא,509,17.3,559,329,323,6,58.86,0
כפר כנא,509,17.4,559,281,278,3,50.27,0
כפר כנא,509,19.1,616,372,366,6,60.39,0
כפר כנא,509,19.2,616,323,318,5,52.44,0
כפר כנא,509,19.3,616,408,402,6,66.23,0
כפר כנא,509,19.4,616,350,347,3,56.82,0
כפר כנא,509,19.5,612,387,380,7,63.24,0
כפר כנא,509,21.1,600,287,281,6,47.83,0
כפר כנא,509,21.2,600,276,272,4,46.0,0
כפר כנא,509,21.3,600,326,322,4,54.33,0
כפר כנא,509,21.4,600,302,299,3,50.33,0
כפר כנא,509,21.5,600,280,274,6,46.67,0
כפר מונש,387,1,624,469,469,0,75.16,0
כפר מימון,1095,1,484,372,372,0,76.86,0
כפר מלל,98,1,273,210,210,0,76.92,0
כפר מנדא,510,1,607,394,390,4,64.91,0
כפר מנדא,510,2,624,425,422,3,68.11,0
כפר מנדא,510,3,595,385,381,4,64.71,0
כפר מנדא,510,4,611,421,418,3,68.9,0
כפר מנדא,510,5,604,390,387,3,64.57,0
כפר מנדא,510,6,604,419,418,1,69.37,0
כפר מנדא,510,7,591,434,429,5,73.43,0
כפר מנדא,510,8,604,431,429,2,71.36,0
כפר מנדא,510,9,619,438,436,2,70.76,0
כפר מנדא,510,10,593,381,380,1,64.25,0
כפר מנדא,510,11,600,485,480,5,80.83,0
כפר מנדא,510,12,606,361,358,3,59.57,0
כפר מנדא,510,13,602,332,328,4,55.15,0
כפר מנדא,510,14,589,327,325,2,55.52,0
כפר מנדא,510,15,588,384,380,4,65.31,0
כפר מנדא,510,16,582,418,416,2,71.82,0
כפר מנדא,510,17,623,398,392,6,63.88,0
כפר מנדא,510,18,629,427,420,7,67.89,0
כפר מנדא,510,19,604,414,412,2,68.54,0
כפר מנדא,510,20,597,279,277,2,46.73,0
כפר מנדא,510,21,577,356,353,3,61.7,0
כפר מנדא,510,22,557,342,338,4,61.4,0
כפר מנדא,510,23,550,323,318,5,58.73,0
כפר מנחם,274,1,461,328,326,2,71.15,0
כפר מנחם,274,2,479,361,361,0,75.37,0
כפר מסריק,297,1,620,431,431,0,69.52,0
כפר מצר,512,1,664,385,384,1,57.98,0
כפר מצר,512,2,613,347,342,5,56.61,0
כפר מצר,512,3,670,321,318,3,47.91,0
כפר מרדכי,764,1,478,364,364,0,76.15,0
כפר נטר,316,1.1,353,268,268,0,75.92,0
כפר נטר,316,1.2,353,276,276,0,78.19,0
כפר סאלד,345,1,533,378,375,3,70.92,0
כפר סבא,6900,1,643,485,481,4,75.43,0
כפר סבא,6900,3.1,562,389,388,1,69.22,0
כפר סבא,6900,3.2,562,396,395,1,70.46,0
כפר סבא,6900,3.3,562,390,390,0,69.4,0
כפר סבא,6900,3.4,559,426,421,5,76.21,0
כפר סבא,6900,4.1,614,388,386,2,63.19,0
כפר סבא,6900,4.2,614,360,358,2,58.63,0
כפר סבא,6900,4.3,614,396,393,3,64.5,0
כפר סבא,6900,4.4,612,324,321,3,52.94,0
כפר סבא,6900,5,507,257,253,4,50.69,0
כפר סבא,6900,6,587,387,381,6,65.93,0
כפר סבא,6900,7,588,453,453,0,77.04,0
כפר סבא,6900,8,521,334,333,1,64.11,0
כפר סבא,6900,10,518,373,372,1,72.01,0
כפר סבא,6900,11.1,575,423,423,0,73.57,0
כפר סבא,6900,11.2,575,416,413,3,72.35,0
כפר סבא,6900,11.3,573,396,394,2,69.11,0
כפר סבא,6900,12,737,494,493,1,67.03,0
כפר סבא,6900,13,572,404,402,2,70.63,0
כפר סבא,6900,14,538,354,353,1,65.8,0
כפר סבא,6900,15,591,394,391,3,66.67,0
כפר סבא,6900,17,698,475,473,2,68.05,0
כפר סבא,6900,18,657,462,462,0,70.32,0
כפר סבא,6900,19,560,395,394,1,70.54,0
כפר סבא,6900,21,698,492,488,4,70.49,0
כפר סבא,6900,23,433,305,305,0,70.44,0
כפר סבא,6900,24.1,546,395,394,1,72.34,0
כפר סבא,6900,24.2,546,393,387,6,71.98,0
כפר סבא,6900,24.3,546,367,366,1,67.22,0
כפר סבא,6900,27,663,500,500,0,75.41,0
כפר סבא,6900,29,483,353,351,2,73.08,0
כפר סבא,6900,31,611,434,433,1,71.03,0
כפר סבא,6900,33,518,353,352,1,68.15,0
כפר סבא,6900,35,510,261,260,1,51.18,0
כפר סבא,6900,36,510,359,359,0,70.39,0
כפר סבא,6900,40.1,671,453,450,3,67.51,0
כפר סבא,6900,40.2,671,449,448,1,66.92,0
כפר סבא,6900,42.1,636,426,424,2,66.98,0
כפר סבא,6900,42.2,635,421,419,2,66.3,0
כפר סבא,6900,43.1,688,395,391,4,57.41,0
כפר סבא,6900,43.2,688,407,407,0,59.16,0
כפר סבא,6900,43.3,688,397,393,4,57.7,0
כפר סבא,6900,43.4,688,418,417,1,60.76,0
כפר סבא,6900,44,689,458,456,2,66.47,0
כפר סבא,6900,45,672,489,487,2,72.77,0
כפר סבא,6900,46,538,381,379,2,70.82,0
כפר סבא,6900,47,538,384,383,1,71.38,0
כפר סבא,6900,48,659,436,436,0,66.16,0
כפר סבא,6900,49,509,331,329,2,65.03,0
כפר סבא,6900,50,603,412,407,5,68.33,0
כפר סבא,6900,51,655,444,444,0,67.79,0
כפר סבא,6900,53,550,381,380,1,69.27,0
כפר סבא,6900,54,626,438,436,2,69.97,0
כפר סבא,6900,57.1,696,485,481,4,69.68,0
כפר סבא,6900,57.2,696,463,461,2,66.52,0
כפר סבא,6900,57.3,695,472,471,1,67.91,0
כפר סבא,6900,58,675,445,445,0,65.93,0
כפר סבא,6900,59,609,453,453,0,74.38,0
כפר סבא,6900,60,642,456,456,0,71.03,0
כפר סבא,6900,61,541,362,361,1,66.91,0
כפר סבא,6900,64,617,435,433,2,70.5,0
כפר סבא,6900,65,635,449,447,2,70.71,0
כפר סבא,6900,66,694,451,447,4,64.99,0
כפר סבא,6900,67,664,441,441,0,66.42,0
כפר סבא,6900,68,637,478,478,0,75.04,0
כפר סבא,6900,69,619,437,437,0,70.6,0
כפר סבא,6900,70,651,463,462,1,71.12,0
כפר סבא,6900,73.1,625,438,434,4,70.08,0
כפר סבא,6900,73.2,625,453,452,1,72.48,0
כפר סבא,6900,73.3,623,424,422,2,68.06,0
כפר סבא,6900,75,653,504,503,1,77.18,0
כפר סבא,6900,78,463,309,309,0,66.74,0
כפר סבא,6900,82,426,285,285,0,66.9,0
כפר סבא,6900,84,565,360,357,3,63.72,0
כפר סבא,6900,87,564,388,388,0,68.79,0
כפר סבא,6900,89,574,414,412,2,72.13,0
כפר סבא,6900,90,573,359,357,2,62.65,0
כפר סבא,6900,91,583,354,352,2,60.72,0
כפר סבא,6900,93,423,301,300,1,71.16,0
כפר סבא,6900,95,548,407,407,0,74.27,0
כפר סבא,6900,97,529,376,374,2,71.08,0
כפר סבא,6900,98,494,364,362,2,73.68,0
כפר סבא,6900,100,609,37,36,1,6.08,0
כפר סבא,6900,101,613,420,418,2,68.52,0
כפר סבא,6900,103.1,647,442,442,0,68.32,0
כפר סבא,6900,103.2,647,459,457,2,70.94,0
כפר סבא,6900,103.3,647,477,476,1,73.72,0
כפר סבא,6900,103.4,647,443,443,0,68.47,0
כפר סבא,6900,103.5,647,460,460,0,71.1,0
כפר סבא,6900,103.6,647,456,455,1,70.48,0
כפר סבא,6900,105.1,567,399,399,0,70.37,0
כפר סבא,6900,105.2,567,392,390,2,69.14,0
כפר סבא,6900,105.3,567,381,381,0,67.2,0
כפר סבא,6900,105.4,566,397,394,3,70.14,0
כפר סבא,6900,107,458,315,313,2,68.78,0
כפר סבא,6900,108,443,206,203,3,46.5,0
כפר סבא,6900,109.1,641,456,454,2,71.14,0
כפר סבא,6900,109.2,641,471,468,3,73.48,0
כפר סבא,6900,109.3,641,450,447,3,70.2,0
כפר סבא,6900,109.4,638,440,438,2,68.97,0
כפר סבא,6900,111.1,614,453,452,1,73.78,0
כפר סבא,6900,111.2,614,454,452,2,73.94,0
כפר סבא,6900,111.3,614,467,467,0,76.06,0
כפר סבא,6900,111.4,613,426,422,4,69.49,0
כפר סבא,6900,114,643,522,522,0,81.18,0
כפר סבא,6900,115.1,668,405,403,2,60.63,0
כפר סבא,6900,115.2,668,411,410,1,61.53,0
כפר סבא,6900,115.3,668,437,435,2,65.42,0
כפר סבא,6900,115.4,665,421,418,3,63.31,0
כפר סבא,6900,116.1,623,467,465,2,74.96,0
כפר סבא,6900,116.2,623,459,459,0,73.68,0
כפר סבא,6900,116.3,623,470,468,2,75.44,0
כפר סבא,6900,116.4,623,448,444,4,71.91,0
כפר סבא,6900,116.5,623,477,476,1,76.57,0
כפר סבא,6900,117,527,396,396,0,75.14,0
כפר סבא,6900,118,513,412,412,0,80.31,0
כפר סבא,6900,121,689,520,515,5,75.47,0
כפר סבא,6900,122.1,575,492,492,0,85.57,0
כפר סבא,6900,122.2,575,474,474,0,82.43,0
כפר סבא,6900,122.3,574,470,469,1,81.88,0
כפר סבא,6900,123,665,304,301,3,45.71,0
כפר סבא,6900,126.1,688,601,597,4,87.35,0
כפר סבא,6900,126.2,688,593,590,3,86.19,0
כפר סבא,6900,126.3,688,578,578,0,84.01,0
כפר סבא,6900,126.4,688,569,569,0,82.7,0
כפר סבא,6900,126.5,686,585,583,2,85.28,0
כפר סבא,6900,129.1,625,502,501,1,80.32,0
כפר סבא,6900,129.2,625,515,514,1,82.4,0
כפר סבא,6900,129.3,625,514,513,1,82.24,0
כפר סבא,6900,129.4,625,515,514,1,82.4,0
כפר סבא,6900,129.5,623,498,497,1,79.94,0
כפר סבא,6900,130,681,504,503,1,74.01,0
כפר סבא,6900,133,567,426,423,3,75.13,0
כפר סבא,6900,134,547,452,450,2,82.63,0
כפר סבא,6900,951,602,455,454,1,75.58,0
כפר סילבר,107,1,85,28,28,0,32.94,0
כפר סירקין,249,1,538,417,416,1,77.51,0
כפר סירקין,249,2,461,376,376,0,81.56,0
כפר עזה,845,1.1,384,283,283,0,73.7,0
כפר עזה,845,1.2,384,280,279,1,72.92,0
כפר עציון,3488,1,564,440,438,2,78.01,0
כפר פינס,189,1,399,315,312,3,78.95,0
כפר קאסם,634,6.1,484,340,339,1,70.25,0
כפר קאסם,634,6.2,484,350,349,1,72.31,0
כפר קאסם,634,6.3,484,341,337,4,70.45,0
כפר קאסם,634,11.1,367,243,241,2,66.21,0
כפר קאסם,634,11.2,367,251,249,2,68.39,0
כפר קאסם,634,12,690,479,476,3,69.42,0
כפר קאסם,634,13.1,558,377,373,4,67.56,0
כפר קאסם,634,13.2,558,408,404,4,73.12,0
כפר קאסם,634,13.3,558,405,402,3,72.58,0
כפר קאסם,634,13.4,556,388,383,5,69.78,0
כפר קאסם,634,16.1,469,306,305,1,65.25,0
כפר קאסם,634,16.2,469,338,337,1,72.07,0
כפר קאסם,634,16.3,467,306,300,6,65.52,0
כפר קאסם,634,18.1,588,273,272,1,46.43,0
כפר קאסם,634,18.2,588,303,298,5,51.53,0
כפר קאסם,634,18.3,588,263,263,0,44.73,0
כפר קאסם,634,18.4,585,413,403,10,70.6,0
כפר קאסם,634,19.1,477,227,221,6,47.59,0
כפר קאסם,634,19.2,477,282,280,2,59.12,0
כפר קאסם,634,19.3,475,331,326,5,69.68,0
כפר קאסם,634,20.1,686,502,499,3,73.18,0
כפר קאסם,634,20.2,686,564,559,5,82.22,0
כפר קאסם,634,20.3,686,534,528,6,77.84,0
כפר קאסם,634,20.4,684,436,433,3,63.74,0
כפר קאסם,634,21.1,690,442,439,3,64.06,0
כפר קאסם,634,21.2,690,509,502,7,73.77,0
כפר קאסם,634,21.3,688,470,464,6,68.31,0
כפר קאסם,634,22,665,464,459,5,69.77,0
כפר קאסם,634,23,685,456,454,2,66.57,0
כפר קיש,388,1,491,338,337,1,68.84,0
כפר קרע,654,4,693,431,429,2,62.19,0
כפר קרע,654,10.1,496,294,291,3,59.27,0
כפר קרע,654,10.2,496,311,310,1,62.7,0
כפר קרע,654,10.3,495,303,299,4,61.21,0
כפר קרע,654,11,620,393,389,4,63.39,0
כפר קרע,654,12,589,387,384,3,65.7,0
כפר קרע,654,13,593,353,353,0,59.53,0
כפר קרע,654,15.1,610,365,360,5,59.84,0
כפר קרע,654,15.2,610,402,400,2,65.9,0
כפר קרע,654,15.3,610,390,389,1,63.93,0
כפר קרע,654,15.4,610,378,377,1,61.97,0
כפר קרע,654,15.5,610,333,330,3,54.59,0
כפר קרע,654,15.6,607,364,361,3,59.97,0
כפר קרע,654,18.1,686,430,428,2,62.68,0
כפר קרע,654,18.2,686,419,415,4,61.08,0
כפר קרע,654,18.3,686,451,446,5,65.74,0
כפר קרע,654,18.4,686,458,454,4,66.76,0
כפר קרע,654,18.5,686,417,412,5,60.79,0
כפר קרע,654,20.1,667,425,425,0,63.72,0
כפר קרע,654,20.2,667,432,432,0,64.77,0
כפר קרע,654,20.3,667,394,391,3,59.07,0
כפר קרע,654,20.4,665,414,414,0,62.26,0
כפר ראש הנקרה,579,1,581,405,405,0,69.71,0
כפר ראש הנקרה,579,2,498,341,337,4,68.47,0
כפר רוזנואלד זרעית,1130,1,222,157,157,0,70.72,0
כפר רופין,295,1,401,273,270,3,68.08,0
כפר רות,1166,1,190,151,151,0,79.47,0
כפר שמאי,605,1,349,252,252,0,72.21,0
כפר שמואל,743,1,616,505,504,1,81.98,0
כפר שמריהו,267,1,569,358,357,1,62.92,0
כפר שמריהו,267,2,722,455,452,3,63.02,0
כפר שמריהו,267,3,657,436,434,2,66.36,0
כפר תבור,47,5.1,615,440,437,3,71.54,0
כפר תבור,47,5.2,615,430,427,3,69.92,0
כפר תבור,47,5.3,613,427,423,4,69.66,0
כפר תבור,47,6.1,562,380,379,1,67.62,0
כפר תבור,47,6.2,562,386,385,1,68.68,0
כפר תבור,47,6.3,562,403,402,1,71.71,0
כפר תפוח,3572,1.1,363,256,255,1,70.52,0
כפר תפוח,3572,1.2,363,271,270,1,74.66,0
כרכום,1285,1,452,292,290,2,64.6,0
כרם בן זמרה,664,1,404,299,298,1,74.01,0
כרם יבנה ישיבה,1094,1,138,117,117,0,84.78,0
כרם מהרל,580,1,673,481,481,0,71.47,0
כרם שלום,1085,1,153,89,89,0,58.17,0
כרמי יוסף,1264,1,488,364,363,1,74.59,0
כרמי יוסף,1264,2,477,357,357,0,74.84,0
כרמי יוסף,1264,3,455,328,328,0,72.09,0
כרמי צור,3766,1,582,432,428,4,74.23,0
כרמי קטיף,1374,1,336,281,280,1,83.63,0
כרמיאל,1139,1,518,213,212,1,41.12,0
כרמיאל,1139,2.1,657,251,251,0,38.2,0
כרמיאל,1139,2.2,657,247,244,3,37.6,0
כרמיאל,1139,3,660,271,267,4,41.06,0
כרמיאל,1139,4.1,653,316,312,4,48.39,0
כרמיאל,1139,4.2,653,280,277,3,42.88,0
כרמיאל,1139,5,537,247,246,1,46.0,0
כרמיאל,1139,8,581,253,248,5,43.55,0
כרמיאל,1139,10,536,313,311,2,58.4,0
כרמיאל,1139,11.1,620,268,266,2,43.23,0
כרמיאל,1139,11.2,619,272,269,3,43.94,0
כרמיאל,1139,12.1,596,293,289,4,49.16,0
כרמיאל,1139,12.2,596,299,298,1,50.17,0
כרמיאל,1139,12.3,594,287,285,2,48.32,0
כרמיאל,1139,13,662,412,407,5,62.24,0
כרמיאל,1139,15,597,306,303,3,51.26,0
כרמיאל,1139,16,518,261,256,5,50.39,0
כרמיאל,1139,18,600,299,294,5,49.83,0
כרמיאל,1139,19,618,285,283,2,46.12,0
כרמיאל,1139,20,608,321,316,5,52.8,0
כרמיאל,1139,21,635,333,328,5,52.44,0
כרמיאל,1139,22,578,231,225,6,39.97,0
כרמיאל,1139,24.1,361,86,84,2,23.82,0
כרמיאל,1139,24.2,361,78,74,4,21.61,0
כרמיאל,1139,26,572,301,297,4,52.62,0
כרמיאל,1139,27,538,304,300,4,56.51,0
כרמיאל,1139,28,585,345,340,5,58.97,0
כרמיאל,1139,29,550,369,364,5,67.09,0
כרמיאל,1139,30,559,336,328,8,60.11,0
כרמיאל,1139,32,550,305,300,5,55.45,0
כרמיאל,1139,34.1,625,403,397,6,64.48,0
כרמיאל,1139,34.2,624,397,392,5,63.62,0
כרמיאל,1139,35,621,430,429,1,69.24,0
כרמיאל,1139,36,635,395,391,4,62.2,0
כרמיאל,1139,37,479,277,277,0,57.83,0
כרמיאל,1139,38,521,284,284,0,54.51,0
כרמיאל,1139,39,639,398,395,3,62.28,0
כרמיאל,1139,40.1,673,399,395,4,59.29,0
כרמיאל,1139,40.2,672,395,390,5,58.78,0
כרמיאל,1139,41,546,312,309,3,57.14,0
כרמיאל,1139,42,603,459,457,2,76.12,0
כרמיאל,1139,44,652,370,365,5,56.75,0
כרמיאל,1139,45,587,368,364,4,62.69,0
כרמיאל,1139,46,533,329,326,3,61.73,0
כרמיאל,1139,47,543,316,316,0,58.2,0
כרמיאל,1139,48,537,345,339,6,64.25,0
כרמיאל,1139,51.1,550,374,374,0,68.0,0
כרמיאל,1139,51.2,550,400,398,2,72.73,0
כרמיאל,1139,51.3,550,391,386,5,71.09,0
כרמיאל,1139,51.4,547,397,394,3,72.58,0
כרמיאל,1139,52,562,381,376,5,67.79,0
כרמיאל,1139,54.1,493,326,322,4,66.13,0
כרמיאל,1139,54.2,493,339,334,5,68.76,0
כרמיאל,1139,54.3,492,348,348,0,70.73,0
כרמיאל,1139,55,674,154,153,1,22.85,0
כרמיאל,1139,57,653,450,446,4,68.91,0
כרמיאל,1139,59,669,407,403,4,60.84,0
כרמיאל,1139,61.1,540,297,295,2,55.0,0
כרמיאל,1139,61.2,540,331,327,4,61.3,0
כרמיאל,1139,61.3,540,299,296,3,55.37,0
כרמיאל,1139,61.4,537,303,300,3,56.42,0
כרמיאל,1139,63,668,428,427,1,64.07,0
כרמיאל,1139,64,529,342,338,4,64.65,0
כרמיאל,1139,65,670,491,485,6,73.28,0
כרמיאל,1139,68.1,601,424,419,5,70.55,0
כרמיאל,1139,68.2,601,436,433,3,72.55,0
כרמיאל,1139,68.3,601,392,387,5,65.22,0
כרמיאל,1139,68.4,601,394,391,3,65.56,0
כרמיאל,1139,68.5,601,390,384,6,64.89,0
כרמיאל,1139,68.6,601,388,386,2,64.56,0
כרמיאל,1139,68.7,600,401,398,3,66.83,0
כרמיאל,1139,69.1,388,259,257,2,66.75,0
כרמיאל,1139,69.2,355,229,226,3,64.51,0
כרמיה,768,1,461,340,338,2,73.75,0
כרמים,1198,1,234,180,180,0,76.92,0
כרמל,3656,1,288,215,215,0,74.65,0
לבון,1207,1,550,396,395,1,72.0,0
לביא,585,1,523,355,354,1,67.88,0
לבנים,1230,1,353,247,245,2,69.97,0
להב,2023,1,545,380,378,2,69.72,0
להבות הבשן,380,1.1,358,230,226,4,64.25,0
להבות הבשן,380,1.2,358,235,233,2,65.64,0
להבות חביבה,715,1,653,494,492,2,75.65,0
להבים,1271,1,691,500,500,0,72.36,0
להבים,1271,3,504,353,353,0,70.04,0
להבים,1271,5,675,472,470,2,69.93,0
להבים,1271,6,671,496,496,0,73.92,0
להבים,1271,8.1,599,398,398,0,66.44,0
להבים,1271,8.2,599,414,414,0,69.12,0
להבים,1271,8.3,599,421,420,1,70.28,0
להבים,1271,8.4,598,422,422,0,70.57,0
להבים,1271,9,582,430,429,1,73.88,0
לוד,7000,2.1,498,268,267,1,53.82,0
לוד,7000,2.2,498,221,216,5,44.38,0
לוד,7000,2.3,498,257,255,2,51.61,0
לוד,7000,5,666,394,389,5,59.16,0
לוד,7000,8,502,316,312,4,62.95,0
לוד,7000,9.1,535,314,312,2,58.69,0
לוד,7000,9.2,535,370,365,5,69.16,0
לוד,7000,9.3,535,354,351,3,66.17,0
לוד,7000,9.4,535,343,342,1,64.11,0
לוד,7000,11,381,238,233,5,62.47,0
לוד,7000,12,566,254,250,4,44.88,0
לוד,7000,14,543,273,272,1,50.28,0
לוד,7000,17,532,365,364,1,68.61,0
לוד,7000,18.1,598,301,294,7,50.33,0
לוד,7000,18.2,598,307,306,1,51.34,0
לוד,7000,18.3,598,309,304,5,51.67,0
לוד,7000,18.4,598,321,314,7,53.68,0
לוד,7000,18.5,598,287,281,6,47.99,0
לוד,7000,18.6,597,287,286,1,48.07,0
לוד,7000,19.1,532,288,286,2,54.14,0
לוד,7000,19.2,532,280,276,4,52.63,0
לוד,7000,19.3,532,293,293,0,55.08,0
לוד,7000,19.4,530,261,255,6,49.25,0
לוד,7000,24,491,290,288,2,59.06,0
לוד,7000,28,455,264,261,3,58.02,0
לוד,7000,30.1,651,443,441,2,68.05,0
לוד,7000,30.2,651,420,415,5,64.52,0
לוד,7000,30.3,651,423,420,3,64.98,0
לוד,7000,30.4,651,421,415,6,64.67,0
לוד,7000,34,539,299,292,7,55.47,0
לוד,7000,35,377,264,264,0,70.03,0
לוד,7000,36,631,309,306,3,48.97,0
לוד,7000,37.1,638,399,394,5,62.54,0
לוד,7000,37.2,638,411,409,2,64.42,0
לוד,7000,37.3,636,347,346,1,54.56,0
לוד,7000,38.1,522,337,333,4,64.56,0
לוד,7000,38.2,522,318,316,2,60.92,0
לוד,7000,38.3,520,304,301,3,58.46,0
לוד,7000,39,488,239,233,6,48.98,0
לוד,7000,40,570,312,310,2,54.74,0
לוד,7000,43,569,365,363,2,64.15,0
לוד,7000,45,457,307,304,3,67.18,0
לוד,7000,46,402,232,232,0,57.71,0
לוד,7000,47,448,336,334,2,75.0,0
לוד,7000,49,594,447,446,1,75.25,0
לוד,7000,50,539,363,357,6,67.35,0
לוד,7000,52,556,388,386,2,69.78,0
לוד,7000,53,618,362,362,0,58.58,0
לוד,7000,54,563,358,358,0,63.59,0
לוד,7000,55,484,356,355,1,73.55,0
לוד,7000,56,466,267,265,2,57.3,0
לוד,7000,57.1,599,391,388,3,65.28,0
לוד,7000,57.2,599,367,363,4,61.27,0
לוד,7000,57.3,598,361,356,5,60.37,0
לוד,7000,58.1,647,375,373,2,57.96,0
לוד,7000,58.2,647,401,398,3,61.98,0
לוד,7000,58.3,647,358,356,2,55.33,0
לוד,7000,59,458,262,260,2,57.21,0
לוד,7000,62,565,319,310,9,56.46,0
לוד,7000,63,527,266,260,6,50.47,0
לוד,7000,65,542,248,247,1,45.76,0
לוד,7000,66,603,318,315,3,52.74,0
לוד,7000,67,667,364,362,2,54.57,0
לוד,7000,68.1,510,377,376,1,73.92,0
לוד,7000,68.2,510,376,376,0,73.73,0
לוד,7000,68.3,510,413,412,1,80.98,0
לוד,7000,68.4,507,373,371,2,73.57,0
לוד,7000,69,479,283,279,4,59.08,0
לוד,7000,71.1,639,340,337,3,53.21,0
לוד,7000,71.2,639,341,339,2,53.36,0
לוד,7000,71.3,639,351,348,3,54.93,0
לוד,7000,71.4,639,299,295,4,46.79,0
לוד,7000,71.5,635,308,305,3,48.5,0
לוד,7000,82.1,617,355,353,2,57.54,0
לוד,7000,82.2,617,348,345,3,56.4,0
לוד,7000,82.3,617,354,345,9,57.37,0
לוד,7000,82.4,617,329,326,3,53.32,0
לוד,7000,82.5,615,348,344,4,56.59,0
לוד,7000,84.1,621,368,366,2,59.26,0
לוד,7000,84.2,621,367,361,6,59.1,0
לוד,7000,84.3,621,338,337,1,54.43,0
לוד,7000,84.4,621,358,351,7,57.65,0
לוד,7000,84.5,621,342,337,5,55.07,0
לוד,7000,85,488,265,251,14,54.3,0
לוד,7000,86.1,674,455,453,2,67.51,0
לוד,7000,86.2,674,500,499,1,74.18,0
לוד,7000,86.3,674,502,499,3,74.48,0
לוד,7000,86.4,674,462,460,2,68.55,0
לוד,7000,86.5,672,437,435,2,65.03,0
לוד,7000,88,487,261,259,2,53.59,0
לוד,7000,91,393,182,180,2,46.31,0
לוד,7000,96,641,323,321,2,50.39,0
לוד,7000,98.1,558,501,493,8,89.78,0
לוד,7000,98.2,558,478,469,9,85.66,0
לוד,7000,98.3,557,474,471,3,85.1,0
לוד,7000,952.1,614,533,529,4,86.81,0
לוד,7000,952.2,614,535,524,11,87.13,0
לוד,7000,952.3,612,537,533,4,87.75,0
לוד,7000,990.1,628,344,340,4,54.78,0
לוד,7000,990.2,628,376,374,2,59.87,0
לוד,7000,990.3,628,372,369,3,59.24,0
לוד,7000,990.4,628,381,375,6,60.67,0
לוד,7000,990.5,628,337,334,3,53.66,0
לוזית,52,1,507,396,394,2,78.11,0
לוחמי הגיטאות,595,1,597,458,456,2,76.72,0
לוטם,1171,1,533,363,362,1,68.11,0
לוטן,1255,1,179,96,96,0,53.63,0
לימן,674,1,570,388,386,2,68.07,0
לכיש,24,1,631,488,488,0,77.34,0
לפיד,1310,1,548,405,405,0,73.91,0
לפיד,1310,2,556,422,422,0,75.9,0
לפיד,1310,3,669,497,494,3,74.29,0
לפידות,1173,1,118,92,92,0,77.97,0
לקיה,1060,2,678,343,338,5,50.59,0
לקיה,1060,4,665,326,325,1,49.02,0
לקיה,1060,6.1,687,334,333,1,48.62,0
לקיה,1060,6.2,687,454,452,2,66.08,0
לקיה,1060,6.3,687,409,405,4,59.53,0
לקיה,1060,6.4,687,304,301,3,44.25,0
לקיה,1060,6.5,685,333,331,2,48.61,0
לקיה,1060,7.1,607,254,251,3,41.85,0
לקיה,1060,7.2,607,253,250,3,41.68,0
לקיה,1060,7.3,607,273,270,3,44.98,0
לקיה,1060,10.1,470,213,213,0,45.32,0
לקיה,1060,10.2,470,171,166,5,36.38,0
לקיה,1060,10.3,468,185,185,0,39.53,0
לקיה,1060,12,666,263,263,0,39.49,0
מאור,2055,1,492,374,373,1,76.02,0
מאור,2055,2,480,361,359,2,75.21,0
מאיר שפיה,102,1,128,55,53,2,42.97,0
מבוא ביתר,771,1,675,491,489,2,72.74,0
מבוא דותן,3569,1,331,242,242,0,73.11,0
מבוא חורון,3709,1,676,585,584,1,86.54,0
מבוא חורון,3709,2,592,498,495,3,84.12,0
מבוא חמה,4204,1,409,268,267,1,65.53,0
מבוא מודיעים,1141,1,176,103,103,0,58.52,0
מבועים,1080,2.1,471,333,333,0,70.7,0
מבועים,1080,2.2,471,354,354,0,75.16,0
מבטחים,829,1,399,267,266,1,66.92,0
מבקיעים,573,1,390,296,296,0,75.9,0
מבשרת ציון,1015,5,657,484,484,0,73.67,0
מבשרת ציון,1015,6,685,473,470,3,69.05,0
מבשרת ציון,1015,9.1,568,402,401,1,70.77,0
מבשרת ציון,1015,9.2,568,404,404,0,71.13,0
מבשרת ציון,1015,9.3,568,420,418,2,73.94,0
מבשרת ציון,1015,9.4,568,430,427,3,75.7,0
מבשרת ציון,1015,9.5,564,412,411,1,73.05,0
מבשרת ציון,1015,13.1,615,443,443,0,72.03,0
מבשרת ציון,1015,13.2,615,452,451,1,73.5,0
מבשרת ציון,1015,13.3,615,450,448,2,73.17,0
מבשרת ציון,1015,13.4,612,413,411,2,67.48,0
מבשרת ציון,1015,14,678,481,481,0,70.94,0
מבשרת ציון,1015,15.1,546,344,342,2,63.0,0
מבשרת ציון,1015,15.2,546,322,322,0,58.97,0
מבשרת ציון,1015,15.3,546,347,347,0,63.55,0
מבשרת ציון,1015,15.4,543,335,334,1,61.69,0
מבשרת ציון,1015,16,537,385,384,1,71.69,0
מבשרת ציון,1015,18.1,654,471,467,4,72.02,0
מבשרת ציון,1015,18.2,654,489,489,0,74.77,0
מבשרת ציון,1015,18.3,654,473,470,3,72.32,0
מבשרת ציון,1015,18.4,654,454,454,0,69.42,0
מבשרת ציון,1015,18.5,652,466,465,1,71.47,0
מבשרת ציון,1015,21,567,427,424,3,75.31,0
מבשרת ציון,1015,22,686,537,534,3,78.28,0
מבשרת ציון,1015,24,625,423,422,1,67.68,0
מבשרת ציון,1015,27.1,696,518,518,0,74.43,0
מבשרת ציון,1015,27.2,696,524,522,2,75.29,0
מבשרת ציון,1015,28,490,362,362,0,73.88,0
מבשרת ציון,1015,29,571,452,452,0,79.16,0
מבשרת ציון,1015,30.1,532,346,345,1,65.04,0
מבשרת ציון,1015,30.2,532,360,360,0,67.67,0
מבשרת ציון,1015,30.3,532,406,404,2,76.32,0
מבשרת ציון,1015,30.4,529,386,385,1,72.97,0
מגד אלכרום,516,3,671,474,453,21,70.64,0
מגד אלכרום,516,5,662,480,476,4,72.51,0
מגד אלכרום,516,6,695,453,448,5,65.18,0
מגד אלכרום,516,7.1,692,508,507,1,73.41,0
מגד אלכרום,516,7.2,692,430,427,3,62.14,0
מגד אלכרום,516,7.3,692,481,477,4,69.51,0
מגד אלכרום,516,7.4,689,422,418,4,61.25,0
מגד אלכרום,516,13.1,528,350,348,2,66.29,0
מגד אלכרום,516,13.2,528,304,301,3,57.58,0
מגד אלכרום,516,13.3,528,324,320,4,61.36,0
מגד אלכרום,516,13.4,528,377,377,0,71.4,0
מגד אלכרום,516,15.1,688,439,438,1,63.81,0
מגד אלכרום,516,15.2,688,459,457,2,66.72,0
מגד אלכרום,516,15.3,688,470,467,3,68.31,0
מגד אלכרום,516,15.4,688,467,462,5,67.88,0
מגד אלכרום,516,15.5,686,440,440,0,64.14,0
מגד אלכרום,516,16,674,469,464,5,69.58,0
מגדל שמס,4201,1,649,151,150,1,23.27,0
מגדל שמס,4201,2,689,162,162,0,23.51,0
מגאר,481,4.1,469,181,178,3,38.59,0
מגאר,481,4.2,469,174,170,4,37.1,0
מגאר,481,4.3,467,155,154,1,33.19,0
מגאר,481,8.1,505,250,249,1,49.5,0
מגאר,481,8.2,505,286,278,8,56.63,0
מגאר,481,8.3,503,233,231,2,46.32,0
מגאר,481,9.1,494,203,199,4,41.09,0
מגאר,481,9.2,494,213,210,3,43.12,0
מגאר,481,9.3,493,203,203,0,41.18,0
מגאר,481,10,670,305,304,1,45.52,0
מגאר,481,11,591,240,237,3,40.61,0
מגאר,481,12.1,645,320,314,6,49.61,0
מגאר,481,12.2,645,300,296,4,46.51,0
מגאר,481,15.1,523,241,237,4,46.08,0
מגאר,481,15.2,523,233,226,7,44.55,0
מגאר,481,15.3,522,246,245,1,47.13,0
מגאר,481,19.1,502,241,234,7,48.01,0
מגאר,481,19.2,502,226,224,2,45.02,0
מגאר,481,19.3,501,320,311,9,63.87,0
מגאר,481,20.1,507,215,213,2,42.41,0
מגאר,481,20.2,507,198,195,3,39.05,0
מגאר,481,20.3,505,262,260,2,51.88,0
מגאר,481,22.1,561,242,241,1,43.14,0
מגאר,481,22.2,561,248,246,2,44.21,0
מגאר,481,22.3,561,131,131,0,23.35,0
מגאר,481,22.4,559,237,235,2,42.4,0
מגאר,481,23,543,212,206,6,39.04,0
מגאר,481,24.1,671,303,299,4,45.16,0
מגאר,481,24.2,671,291,282,9,43.37,0
מגאר,481,24.3,671,296,288,8,44.11,0
מגאר,481,24.4,668,284,281,3,42.51,0
מגדים,689,1,420,317,317,0,75.48,0
מגדים,689,2,422,317,316,1,75.12,0
מגדל,65,2.1,490,349,349,0,71.22,0
מגדל,65,2.2,490,315,315,0,64.29,0
מגדל,65,2.3,489,314,312,2,64.21,0
מגדל העמק,874,3.1,699,457,453,4,65.38,0
מגדל העמק,874,3.2,699,419,417,2,59.94,0
מגדל העמק,874,5,515,287,279,8,55.73,0
מגדל העמק,874,6,479,252,251,1,52.61,0
מגדל העמק,874,8.1,373,227,224,3,60.86,0
מגדל העמק,874,8.2,372,240,236,4,64.52,0
מגדל העמק,874,9,411,260,256,4,63.26,0
מגדל העמק,874,10,508,286,284,2,56.3,0
מגדל העמק,874,11,531,298,293,5,56.12,0
מגדל העמק,874,12,519,290,286,4,55.88,0
מגדל העמק,874,13.1,675,345,340,5,51.11,0
מגדל העמק,874,13.2,675,331,329,2,49.04,0
מגדל העמק,874,14.1,613,377,375,2,61.5,0
מגדל העמק,874,14.2,613,378,375,3,61.66,0
מגדל העמק,874,14.3,613,373,366,7,60.85,0
מגדל העמק,874,16.1,619,457,453,4,73.83,0
מגדל העמק,874,16.2,619,463,461,2,74.8,0
מגדל העמק,874,17,485,307,305,2,63.3,0
מגדל העמק,874,18,548,360,360,0,65.69,0
מגדל העמק,874,21.1,637,353,346,7,55.42,0
מגדל העמק,874,21.2,637,359,354,5,56.36,0
מגדל העמק,874,23,554,241,240,1,43.5,0
מגדל העמק,874,29,512,402,401,1,78.52,0
מגדל העמק,874,30,686,460,459,1,67.06,0
מגדל העמק,874,31,510,355,353,2,69.61,0
מגדל העמק,874,32,556,386,382,4,69.42,0
מגדל העמק,874,33,637,431,428,3,67.66,0
מגדל העמק,874,34.1,590,404,403,1,68.47,0
מגדל העמק,874,34.2,590,395,392,3,66.95,0
מגדל העמק,874,34.3,588,397,394,3,67.52,0
מגדל העמק,874,35,568,394,394,0,69.37,0
מגדל העמק,874,36,612,456,453,3,74.51,0
מגדל העמק,874,38,601,419,412,7,69.72,0
מגדל העמק,874,40,679,539,538,1,79.38,0
מגדל העמק,874,41,422,242,242,0,57.35,0
מגדל העמק,874,42,673,482,478,4,71.62,0
מגדל העמק,874,43,616,396,388,8,64.29,0
מגדל העמק,874,44.1,399,289,287,2,72.43,0
מגדל העמק,874,44.2,398,287,286,1,72.11,0
מגדל עוז,3561,1,266,167,167,0,62.78,0
מגדלים,3751,1,297,226,226,0,76.09,0
מגידו,586,1,682,504,504,0,73.9,0
מגל,375,1,458,353,353,0,77.07,0
מגל,375,2,426,332,332,0,77.93,0
מגן,695,1,468,315,315,0,67.31,0
מגן שאול,1155,1,413,329,329,0,79.66,0
מגשימים,722,1,686,519,518,1,75.66,0
מדרך עוז,2029,1,574,409,408,1,71.25,0
מדרשת בן גוריון,1140,1,524,346,345,1,66.03,0
מדרשת בן גוריון,1140,2,623,425,424,1,68.22,0
מודיעין עילית,3797,2.1,647,518,510,8,80.06,0
מודיעין עילית,3797,2.2,647,504,495,9,77.9,0
מודיעין עילית,3797,2.3,647,491,486,5,75.89,0
מודיעין עילית,3797,2.4,645,516,505,11,80.0,0
מודיעין עילית,3797,3,666,528,510,18,79.28,0
מודיעין עילית,3797,8,688,571,564,7,82.99,0
מודיעין עילית,3797,11,602,497,494,3,82.56,0
מודיעין עילית,3797,12,692,575,571,4,83.09,0
מודיעין עילית,3797,15.1,360,298,293,5,82.78,0
מודיעין עילית,3797,15.2,360,306,303,3,85.0,0
מודיעין עילית,3797,16,630,538,527,11,85.4,0
מודיעין עילית,3797,17,574,439,434,5,76.48,0
מודיעין עילית,3797,18,688,564,551,13,81.98,0
מודיעין עילית,3797,19,587,515,514,1,87.73,0
מודיעין עילית,3797,20,670,540,537,3,80.6,0
מודיעין עילית,3797,24,541,454,448,6,83.92,0
מודיעין עילית,3797,26,559,441,438,3,78.89,0
מודיעין עילית,3797,28,650,540,540,0,83.08,0
מודיעין עילית,3797,29,659,574,569,5,87.1,0
מודיעין עילית,3797,30,678,592,588,4,87.32,0
מודיעין עילית,3797,31,574,438,434,4,76.31,0
מודיעין עילית,3797,32,636,553,546,7,86.95,0
מודיעין עילית,3797,33.1,679,537,530,7,79.09,0
מודיעין עילית,3797,33.2,679,546,537,9,80.41,0
מודיעין עילית,3797,33.3,679,552,545,7,81.3,0
מודיעין עילית,3797,33.4,679,563,554,9,82.92,0
מודיעין עילית,3797,33.5,679,540,536,4,79.53,0
מודיעין עילית,3797,33.6,679,499,493,6,73.49,0
מודיעין עילית,3797,34,689,546,544,2,79.25,0
מודיעין עילית,3797,36,692,576,567,9,83.24,0
מודיעין עילית,3797,37,684,547,541,6,79.97,0
מודיעין עילית,3797,38,563,487,486,1,86.5,0
מודיעין עילית,3797,39,600,502,495,7,83.67,0
מודיעין עילית,3797,40,600,503,485,18,83.83,0
מודיעין עילית,3797,41.1,689,539,529,10,78.23,0
מודיעין עילית,3797,41.2,689,561,553,8,81.42,0
מודיעין עילית,3797,42,564,442,432,10,78.37,0
מודיעין עילית,3797,43,632,516,508,8,81.65,0
מודיעין עילית,3797,46,666,568,560,8,85.29,0
מודיעין עילית,3797,47,565,490,479,11,86.73,0
מודיעין עילית,3797,48,604,483,477,6,79.97,0
מודיעין עילית,3797,50,609,525,521,4,86.21,0
מודיעין עילית,3797,51,555,446,439,7,80.36,0
מודיעין עילית,3797,52,577,451,442,9,78.16,0
מודיעין עילית,3797,53.1,600,513,503,10,85.5,0
מודיעין עילית,3797,53.2,600,511,502,9,85.17,0
מודיעין עילית,3797,53.3,600,483,475,8,80.5,0
מודיעין עילית,3797,53.4,600,532,527,5,88.67,0
מודיעין עילית,3797,53.5,600,524,518,6,87.33,0
מודיעין עילית,3797,53.6,596,515,513,2,86.41,0
מודיעין עילית,3797,54,520,405,401,4,77.88,0
מודיעין עילית,3797,55.1,683,568,558,10,83.16,0
מודיעין עילית,3797,55.2,682,554,548,6,81.23,0
מודיעיןמכביםרעות,1200,11.1,583,418,413,5,71.7,0
מודיעיןמכביםרעות,1200,11.2,583,417,414,3,71.53,0
מודיעיןמכביםרעות,1200,11.3,583,408,404,4,69.98,0
מודיעיןמכביםרעות,1200,12.1,566,363,362,1,64.13,0
מודיעיןמכביםרעות,1200,12.2,566,376,376,0,66.43,0
מודיעיןמכביםרעות,1200,12.3,566,378,375,3,66.78,0
מודיעיןמכביםרעות,1200,12.4,566,385,377,8,68.02,0
מודיעיןמכביםרעות,1200,12.5,562,363,363,0,64.59,0
מודיעיןמכביםרעות,1200,16,690,495,495,0,71.74,0
מודיעיןמכביםרעות,1200,18,697,483,482,1,69.3,0
מודיעיןמכביםרעות,1200,21.1,638,474,473,1,74.29,0
מודיעיןמכביםרעות,1200,21.2,638,479,477,2,75.08,0
מודיעיןמכביםרעות,1200,21.3,638,491,489,2,76.96,0
מודיעיןמכביםרעות,1200,21.4,638,510,509,1,79.94,0
מודיעיןמכביםרעות,1200,21.5,636,466,465,1,73.27,0
מודיעיןמכביםרעות,1200,25.1,493,363,361,2,73.63,0
מודיעיןמכביםרעות,1200,25.2,493,362,362,0,73.43,0
מודיעיןמכביםרעות,1200,25.3,491,360,360,0,73.32,0
מודיעיןמכביםרעות,1200,30.1,593,404,404,0,68.13,0
מודיעיןמכביםרעות,1200,30.2,593,414,412,2,69.81,0
מודיעיןמכביםרעות,1200,30.3,593,417,417,0,70.32,0
מודיעיןמכביםרעות,1200,30.4,593,409,409,0,68.97,0
מודיעיןמכביםרעות,1200,30.5,589,412,408,4,69.95,0
מודיעיןמכביםרעות,1200,32.1,693,514,513,1,74.17,0
מודיעיןמכביםרעות,1200,32.2,693,482,481,1,69.55,0
מודיעיןמכביםרעות,1200,32.3,691,470,468,2,68.02,0
מודיעיןמכביםרעות,1200,34.1,593,406,405,1,68.47,0
מודיעיןמכביםרעות,1200,34.2,593,412,408,4,69.48,0
מודיעיןמכביםרעות,1200,34.3,593,398,397,1,67.12,0
מודיעיןמכביםרעות,1200,34.4,593,422,422,0,71.16,0
מודיעיןמכביםרעות,1200,34.5,593,415,414,1,69.98,0
מודיעיןמכביםרעות,1200,34.6,590,421,419,2,71.36,0
מודיעיןמכביםרעות,1200,37.1,628,469,467,2,74.68,0
מודיעיןמכביםרעות,1200,37.2,628,506,504,2,80.57,0
מודיעיןמכביםרעות,1200,37.3,628,492,491,1,78.34,0
מודיעיןמכביםרעות,1200,37.4,628,475,475,0,75.64,0
מודיעיןמכביםרעות,1200,38,588,458,457,1,77.89,0
מודיעיןמכביםרעות,1200,39,639,497,497,0,77.78,0
מודיעיןמכביםרעות,1200,41,687,498,496,2,72.49,0
מודיעיןמכביםרעות,1200,43.1,390,286,284,2,73.33,0
מודיעיןמכביםרעות,1200,43.2,389,271,270,1,69.67,0
מודיעיןמכביםרעות,1200,46,689,515,514,1,74.75,0
מודיעיןמכביםרעות,1200,48.1,560,421,421,0,75.18,0
מודיעיןמכביםרעות,1200,48.2,560,427,427,0,76.25,0
מודיעיןמכביםרעות,1200,48.3,560,420,419,1,75.0,0
מודיעיןמכביםרעות,1200,48.4,558,426,425,1,76.34,0
מודיעיןמכביםרעות,1200,53.1,670,501,501,0,74.78,0
מודיעיןמכביםרעות,1200,53.2,670,486,484,2,72.54,0
מודיעיןמכביםרעות,1200,53.3,670,483,482,1,72.09,0
מודיעיןמכביםרעות,1200,54,582,455,454,1,78.18,0
מודיעיןמכביםרעות,1200,56.1,628,448,445,3,71.34,0
מודיעיןמכביםרעות,1200,56.2,628,472,469,3,75.16,0
מודיעיןמכביםרעות,1200,56.3,627,434,432,2,69.22,0
מודיעיןמכביםרעות,1200,60,619,479,478,1,77.38,0
מודיעיןמכביםרעות,1200,63.1,679,514,513,1,75.7,0
מודיעיןמכביםרעות,1200,63.2,679,530,525,5,78.06,0
מודיעיןמכביםרעות,1200,63.3,677,522,522,0,77.1,0
מודיעיןמכביםרעות,1200,67.1,562,431,429,2,76.69,0
מודיעיןמכביםרעות,1200,67.2,562,442,442,0,78.65,0
מודיעיןמכביםרעות,1200,67.3,562,424,421,3,75.44,0
מודיעיןמכביםרעות,1200,67.4,562,450,449,1,80.07,0
מודיעיןמכביםרעות,1200,67.5,562,445,444,1,79.18,0
מודיעיןמכביםרעות,1200,71,685,551,550,1,80.44,0
מודיעיןמכביםרעות,1200,72,685,548,545,3,80.0,0
מודיעיןמכביםרעות,1200,75.1,615,480,475,5,78.05,0
מודיעיןמכביםרעות,1200,75.2,615,458,454,4,74.47,0
מודיעיןמכביםרעות,1200,75.3,615,463,462,1,75.28,0
מודיעיןמכביםרעות,1200,75.4,615,464,461,3,75.45,0
מודיעיןמכביםרעות,1200,75.5,615,455,454,1,73.98,0
מודיעיןמכביםרעות,1200,75.6,614,452,449,3,73.62,0
מודיעיןמכביםרעות,1200,77.1,498,375,374,1,75.3,0
מודיעיןמכביםרעות,1200,77.2,498,396,396,0,79.52,0
מודיעיןמכביםרעות,1200,77.3,498,371,371,0,74.5,0
מודיעיןמכביםרעות,1200,78.1,697,541,541,0,77.62,0
מודיעיןמכביםרעות,1200,78.2,697,545,544,1,78.19,0
מודיעיןמכביםרעות,1200,78.3,697,546,545,1,78.34,0
מודיעיןמכביםרעות,1200,78.4,697,536,536,0,76.9,0
מודיעיןמכביםרעות,1200,79.1,680,506,504,2,74.41,0
מודיעיןמכביםרעות,1200,79.2,680,498,495,3,73.24,0
מודיעיןמכביםרעות,1200,79.3,680,490,490,0,72.06,0
מודיעיןמכביםרעות,1200,79.4,679,506,505,1,74.52,0
מודיעיןמכביםרעות,1200,80,626,491,489,2,78.43,0
מודיעיןמכביםרעות,1200,82.1,667,471,471,0,70.61,0
מודיעיןמכביםרעות,1200,82.2,667,520,520,0,77.96,0
מודיעיןמכביםרעות,1200,82.3,667,468,468,0,70.16,0
מודיעיןמכביםרעות,1200,82.4,666,498,496,2,74.77,0
מודיעיןמכביםרעות,1200,83,603,506,505,1,83.91,0
מודיעיןמכביםרעות,1200,84,574,473,472,1,82.4,0
מודיעיןמכביםרעות,1200,85,574,466,466,0,81.18,0
מודיעיןמכביםרעות,1200,86,672,549,549,0,81.7,0
מודיעיןמכביםרעות,1200,88.1,485,383,383,0,78.97,0
מודיעיןמכביםרעות,1200,88.2,485,393,390,3,81.03,0
מודיעיןמכביםרעות,1200,88.3,485,377,377,0,77.73,0
מודיעיןמכביםרעות,1200,89,645,548,547,1,84.96,0
מודיעיןמכביםרעות,1200,90.1,540,420,414,6,77.78,0
מודיעיןמכביםרעות,1200,90.2,540,419,417,2,77.59,0
מודיעיןמכביםרעות,1200,90.3,540,435,435,0,80.56,0
מודיעיןמכביםרעות,1200,90.4,538,417,416,1,77.51,0
מודיעיןמכביםרעות,1200,91.1,537,394,394,0,73.37,0
מודיעיןמכביםרעות,1200,91.2,537,413,413,0,76.91,0
מודיעיןמכביםרעות,1200,91.3,537,404,403,1,75.23,0
מודיעיןמכביםרעות,1200,91.4,537,403,402,1,75.05,0
מודיעיןמכביםרעות,1200,94,605,514,514,0,84.96,0
מודיעיןמכביםרעות,1200,103,544,413,412,1,75.92,0
מודיעיןמכביםרעות,1200,104,391,303,303,0,77.49,0
מודיעיןמכביםרעות,1200,105,532,393,393,0,73.87,0
מודיעיןמכביםרעות,1200,106,642,454,454,0,70.72,0
מודיעיןמכביםרעות,1200,107,453,344,344,0,75.94,0
מודיעיןמכביםרעות,1200,109,580,416,414,2,71.72,0
מודיעיןמכביםרעות,1200,110,439,324,324,0,73.8,0
מודיעיןמכביםרעות,1200,111,435,346,345,1,79.54,0
מודיעיןמכביםרעות,1200,112,452,328,328,0,72.57,0
מודיעיןמכביםרעות,1200,113.1,551,392,392,0,71.14,0
מודיעיןמכביםרעות,1200,113.2,551,416,416,0,75.5,0
מודיעיןמכביםרעות,1200,113.3,551,419,419,0,76.04,0
מודיעיןמכביםרעות,1200,113.4,549,404,403,1,73.59,0
מודיעיןמכביםרעות,1200,114,464,336,335,1,72.41,0
מולדת,269,1,434,306,306,0,70.51,0
מולדת,269,2,449,299,298,1,66.59,0
מוצא עילית,208,1.1,392,274,269,5,69.9,0
מוצא עילית,208,1.2,392,278,278,0,70.92,0
מוצא עילית,208,2,443,300,300,0,67.72,0
מוקייבלה,635,1.1,684,225,222,3,32.89,0
מוקייבלה,635,1.2,684,260,255,5,38.01,0
מוקייבלה,635,4.1,467,218,216,2,46.68,0
מוקייבלה,635,4.2,467,220,217,3,47.11,0
מוקייבלה,635,4.3,467,205,202,3,43.9,0
מורן,1163,1,376,282,281,1,75.0,0
מורשת,1178,1,511,380,379,1,74.36,0
מורשת,1178,2,609,425,425,0,69.79,0
מזור,606,2.1,422,307,306,1,72.75,0
מזור,606,2.2,422,301,299,2,71.33,0
מזכרת בתיה,28,1,598,456,454,2,76.25,0
מזכרת בתיה,28,2,585,324,324,0,55.38,0
מזכרת בתיה,28,3,636,478,477,1,75.16,0
מזכרת בתיה,28,4,667,493,493,0,73.91,0
מזכרת בתיה,28,6,669,519,517,2,77.58,0
מזכרת בתיה,28,7.1,603,415,414,1,68.82,0
מזכרת בתיה,28,7.2,603,437,436,1,72.47,0
מזכרת בתיה,28,7.3,602,450,448,2,74.75,0
מזכרת בתיה,28,9,689,523,522,1,75.91,0
מזכרת בתיה,28,10,654,426,423,3,65.14,0
מזכרת בתיה,28,11,533,399,397,2,74.86,0
מזכרת בתיה,28,12,578,440,440,0,76.12,0
מזכרת בתיה,28,13,696,550,548,2,79.02,0
מזכרת בתיה,28,16,639,530,526,4,82.94,0
מזכרת בתיה,28,17,663,496,496,0,74.81,0
מזכרת בתיה,28,18.1,633,527,525,2,83.25,0
מזכרת בתיה,28,18.2,633,519,519,0,81.99,0
מזכרת בתיה,28,18.3,632,528,524,4,83.54,0
מזרע,104,1.1,351,244,244,0,69.52,0
מזרע,104,1.2,350,245,245,0,70.0,0
מזרעה,517,1,660,421,413,8,63.79,0
מזרעה,517,2,581,387,382,5,66.61,0
מזרעה,517,3,579,357,355,2,61.66,0
מזרעה,517,4,586,397,397,0,67.75,0
מזרעה,517,5,629,393,392,1,62.48,0
מחולה,3599,1,393,288,287,1,73.28,0
מחנה הילה,1411,1,133,106,106,0,79.7,0
מחנה טלי,1418,1,154,81,80,1,52.6,0
מחנה יהודית,1413,1,136,97,97,0,71.32,0
מחנה יוכבד,1416,1,108,57,57,0,52.78,0
מחנה יפה,1415,1,217,120,120,0,55.3,0
מחנה מרים,1414,1,83,48,48,0,57.83,0
מחנה תל נוף,1412,1,158,111,111,0,70.25,0
מחניים,308,1,589,406,405,1,68.93,0
מחסיה,776,1,311,255,254,1,81.99,0
מטולה,43,2.1,504,278,276,2,55.16,0
מטולה,43,2.2,504,288,286,2,57.14,0
מטולה,43,2.3,503,254,254,0,50.5,0
מטע,822,1,585,417,417,0,71.28,0
מי עמי,1128,1,259,197,197,0,76.06,0
מיטב,2054,1,364,290,290,0,79.67,0
מייסר,649,2.1,475,204,204,0,42.95,0
מייסר,649,2.2,475,223,222,1,46.95,0
מייסר,649,2.3,474,172,167,5,36.29,0
מיצר,4019,1,138,104,103,1,75.36,0
מירב,1282,1,466,345,345,0,74.03,0
מירון,607,1,526,327,327,0,62.17,0
מישר,731,1,486,386,384,2,79.42,0
מיתר,1268,2.1,694,513,513,0,73.92,0
מיתר,1268,2.2,694,479,478,1,69.02,0
מיתר,1268,2.3,694,467,466,1,67.29,0
מיתר,1268,2.4,694,482,482,0,69.45,0
מיתר,1268,2.5,694,508,506,2,73.2,0
מיתר,1268,2.6,694,468,465,3,67.44,0
מיתר,1268,3,520,377,377,0,72.5,0
מיתר,1268,7,617,435,433,2,70.5,0
מיתר,1268,8,477,345,345,0,72.33,0
מיתר,1268,9,465,355,353,2,76.34,0
מיתר,1268,10,623,533,533,0,85.55,0
מיתר,1268,11,655,444,443,1,67.79,0
מיתר,1268,12,500,400,399,1,80.0,0
מכורה,3614,1,143,95,95,0,66.43,0
מכחול,1343,1,582,280,277,3,48.11,0
מכמורת,382,1,522,313,313,0,59.96,0
מכמורת,382,2,575,430,429,1,74.78,0
מכמנים,1202,1,393,278,277,1,70.74,0
מלאה,164,1,277,215,215,0,77.62,0
מלילות,2044,1,296,244,243,1,82.43,0
מלכיה,596,1,416,251,248,3,60.34,0
מנוחה,2030,1,460,367,366,1,79.78,0
מנוף,1174,1,672,459,458,1,68.3,0
מנות,1205,1,370,274,270,4,74.05,0
מנחמיה,48,1,522,354,352,2,67.82,0
מנחמיה,48,2,426,264,263,1,61.97,0
מנרה,347,1,213,139,139,0,65.26,0
מנשית זבדה,994,1,480,255,253,2,53.12,0
מנשית זבדה,994,2,447,238,236,2,53.24,0
מסד,1258,1,382,284,284,0,74.35,0
מסדה,263,1,290,178,178,0,61.38,0
מסילות,298,1,437,281,279,2,64.3,0
מסילת ציון,742,1.1,356,284,284,0,79.78,0
מסילת ציון,742,1.2,355,295,295,0,83.1,0
מסלול,748,1,546,409,409,0,74.91,0
מסעדה,4203,1,461,104,101,3,22.56,0
מסעודין אלעזאזמה,939,1,457,201,197,4,43.98,0
מסעודין אלעזאזמה,939,6,614,324,323,1,52.77,0
מסעודין אלעזאזמה,939,11.1,655,321,321,0,49.01,0
מסעודין אלעזאזמה,939,11.2,655,287,283,4,43.82,0
מסעודין אלעזאזמה,939,12.1,575,291,290,1,50.61,0
מסעודין אלעזאזמה,939,12.2,575,229,229,0,39.83,0
מסעודין אלעזאזמה,939,12.3,574,271,267,4,47.21,0
מסעודין אלעזאזמה,939,13.1,620,237,237,0,38.23,0
מסעודין אלעזאזמה,939,13.2,620,283,279,4,45.65,0
מסעודין אלעזאזמה,939,13.3,620,308,307,1,49.68,0
מסעודין אלעזאזמה,939,13.4,620,302,301,1,48.71,0
מסעודין אלעזאזמה,939,13.5,620,311,308,3,50.16,0
מסעודין אלעזאזמה,939,13.6,620,273,272,1,44.03,0
מסעודין אלעזאזמה,939,13.7,619,320,315,5,51.7,0
מעברות,197,1,387,293,293,0,75.71,0
מעברות,197,2,358,258,256,2,72.07,0
מעגלים,1082,1.1,545,445,444,1,81.65,0
מעגלים,1082,1.2,545,441,441,0,80.92,0
מעגן,678,1,328,214,211,3,65.24,0
מעגן מיכאל,694,1,641,376,374,2,58.66,0
מעגן מיכאל,694,2,555,363,363,0,65.41,0
מעגן מיכאל,694,3,542,366,363,3,67.53,0
מעוז חיים,272,1,499,303,303,0,60.72,0
מעון,3657,1,305,228,228,0,74.75,0
מעונה,570,1,673,482,480,2,71.62,0
מעטפות חיצוניות,9999,1,0,600,591,9,,1
מעטפות חיצוניות,9999,2,0,600,595,5,,1
מעטפות חיצוניות,9999,3,0,606,599,7,,1
מעטפות חיצוניות,9999,4,0,600,599,1,,1
מעטפות חיצוניות,9999,5,0,599,592,7,,1
מעטפות חיצוניות,9999,6,0,604,592,12,,1
מעטפות חיצוניות,9999,7,0,600,599,1,,1
מעטפות חיצוניות,9999,8,0,598,591,7,,1
מעטפות חיצוניות,9999,9,0,599,594,5,,1
מעטפות חיצוניות,9999,10,0,632,624,8,,1
מעטפות חיצוניות,9999,11,0,600,599,1,,1
מעטפות חיצוניות,9999,12,0,600,586,14,,1
מעטפות חיצוניות,9999,13,0,604,592,12,,1
מעטפות חיצוניות,9999,14,0,604,601,3,,1
מעטפות חיצוניות,9999,15,0,603,603,0,,1
מעטפות חיצוניות,9999,16,0,599,584,15,,1
מעטפות חיצוניות,9999,17,0,601,596,5,,1
מעטפות חיצוניות,9999,18,0,603,597,6,,1
מעטפות חיצוניות,9999,19,0,601,599,2,,1
מעטפות חיצוניות,9999,20,0,600,595,5,,1
מעטפות חיצוניות,9999,21,0,600,595,5,,1
מעטפות חיצוניות,9999,22,0,600,597,3,,1
מעטפות חיצוניות,9999,23,0,581,567,14,,1
מעטפות חיצוניות,9999,24,0,600,599,1,,1
מעטפות חיצוניות,9999,25,0,603,590,13,,1
מעטפות חיצוניות,9999,26,0,600,593,7,,1
מעטפות חיצוניות,9999,27,0,601,587,14,,1
מעטפות חיצוניות,9999,28,0,598,589,9,,1
מעטפות חיצוניות,9999,29,0,602,598,4,,1
מעטפות חיצוניות,9999,30,0,581,576,5,,1
מעטפות חיצוניות,9999,31,0,605,603,2,,1
מעטפות חיצוניות,9999,32,0,605,590,15,,1
מעטפות חיצוניות,9999,33,0,600,592,8,,1
מעטפות חיצוניות,9999,34,0,604,593,11,,1
מעטפות חיצוניות,9999,35,0,604,592,12,,1
מעטפות חיצוניות,9999,36,0,600,587,13,,1
מעטפות חיצוניות,9999,37,0,600,593,7,,1
מעטפות חיצוניות,9999,38,0,601,592,9,,1
מעטפות חיצוניות,9999,39,0,599,592,7,,1
מעטפות חיצוניות,9999,40,0,600,589,11,,1
מעטפות חיצוניות,9999,41,0,604,598,6,,1
מעטפות חיצוניות,9999,42,0,601,596,5,,1
מעטפות חיצוניות,9999,43,0,596,590,6,,1
מעטפות חיצוניות,9999,44,0,599,595,4,,1
מעטפות חיצוניות,9999,45,0,602,596,6,,1
מעטפות חיצוניות,9999,46,0,600,598,2,,1
מעטפות חיצוניות,9999,47,0,600,596,4,,1
מעטפות חיצוניות,9999,48,0,600,595,5,,1
מעטפות חיצוניות,9999,49,0,599,591,8,,1
מעטפות חיצוניות,9999,50,0,601,574,27,,1
מעטפות חיצוניות,9999,51,0,597,593,4,,1
מעטפות חיצוניות,9999,52,0,599,592,7,,1
מעטפות חיצוניות,9999,53,0,599,596,3,,1
מעטפות חיצוניות,9999,54,0,600,597,3,,1
מעטפות חיצוניות,9999,55,0,607,601,6,,1
מעטפות חיצוניות,9999,56,0,599,593,6,,1
מעטפות חיצוניות,9999,57,0,605,601,4,,1
מעטפות חיצוניות,9999,58,0,539,537,2,,1
מעטפות חיצוניות,9999,59,0,602,594,8,,1
מעטפות חיצוניות,9999,60,0,601,600,1,,1
מעטפות חיצוניות,9999,61,0,600,595,5,,1
מעטפות חיצוניות,9999,62,0,603,599,4,,1
מעטפות חיצוניות,9999,63,0,601,598,3,,1
מעטפות חיצוניות,9999,64,0,600,581,19,,1
מעטפות חיצוניות,9999,65,0,601,598,3,,1
מעטפות חיצוניות,9999,66,0,599,596,3,,1
מעטפות חיצוניות,9999,67,0,600,597,3,,1
מעטפות חיצוניות,9999,68,0,603,593,10,,1
מעטפות חיצוניות,9999,69,0,599,596,3,,1
מעטפות חיצוניות,9999,70,0,592,587,5,,1
מעטפות חיצוניות,9999,71,0,605,602,3,,1
מעטפות חיצוניות,9999,72,0,589,588,1,,1
מעטפות חיצוניות,9999,73,0,601,595,6,,1
מעטפות חיצוניות,9999,74,0,601,598,3,,1
מעטפות חיצוניות,9999,75,0,607,600,7,,1
מעטפות חיצוניות,9999,76,0,601,598,3,,1
מעטפות חיצוניות,9999,77,0,603,597,6,,1
מעטפות חיצוניות,9999,78,0,576,571,5,,1
מעטפות חיצוניות,9999,79,0,601,595,6,,1
מעטפות חיצוניות,9999,80,0,596,591,5,,1
מעטפות חיצוניות,9999,81,0,597,595,2,,1
מעטפות חיצוניות,9999,82,0,604,599,5,,1
מעטפות חיצוניות,9999,83,0,604,599,5,,1
מעטפות חיצוניות,9999,84,0,608,605,3,,1
מעטפות חיצוניות,9999,85,0,596,571,25,,1
מעטפות חיצוניות,9999,86,0,592,585,7,,1
מעטפות חיצוניות,9999,87,0,601,594,7,,1
מעטפות חיצוניות,9999,88,0,599,593,6,,1
מעטפות חיצוניות,9999,89,0,538,535,3,,1
מעטפות חיצוניות,9999,90,0,600,597,3,,1
מעטפות חיצוניות,9999,91,0,597,592,5,,1
מעטפות חיצוניות,9999,92,0,583,580,3,,1
מעטפות חיצוניות,9999,93,0,602,602,0,,1
מעטפות חיצוניות,9999,94,0,599,594,5,,1
מעטפות חיצוניות,9999,95,0,599,593,6,,1
מעטפות חיצוניות,9999,96,0,601,594,7,,1
מעטפות חיצוניות,9999,97,0,601,601,0,,1
מעטפות חיצוניות,9999,98,0,602,599,3,,1
מעטפות חיצוניות,9999,99,0,601,598,3,,1
מעטפות חיצוניות,9999,100,0,598,591,7,,1
מעטפות חיצוניות,9999,101,0,602,598,4,,1
מעטפות חיצוניות,9999,102,0,604,593,11,,1
מעטפות חיצוניות,9999,103,0,603,599,4,,1
מעטפות חיצוניות,9999,104,0,603,601,2,,1
מעטפות חיצוניות,9999,105,0,604,598,6,,1
מעטפות חיצוניות,9999,106,0,600,593,7,,1
מעטפות חיצוניות,9999,107,0,599,596,3,,1
מעטפות חיצוניות,9999,108,0,593,586,7,,1
מעטפות חיצוניות,9999,109,0,600,599,1,,1
מעטפות חיצוניות,9999,110,0,605,599,6,,1
מעטפות חיצוניות,9999,111,0,603,600,3,,1
מעטפות חיצוניות,9999,112,0,605,595,10,,1
מעטפות חיצוניות,9999,113,0,590,583,7,,1
מעטפות חיצוניות,9999,114,0,601,600,1,,1
מעטפות חיצוניות,9999,115,0,602,596,6,,1
מעטפות חיצוניות,9999,116,0,600,594,6,,1
מעטפות חיצוניות,9999,117,0,602,597,5,,1
מעטפות חיצוניות,9999,118,0,607,606,1,,1
מעטפות חיצוניות,9999,119,0,481,476,5,,1
מעטפות חיצוניות,9999,120,0,604,599,5,,1
מעטפות חיצוניות,9999,121,0,502,494,8,,1
מעטפות חיצוניות,9999,122,0,602,593,9,,1
מעטפות חיצוניות,9999,123,0,500,491,9,,1
מעטפות חיצוניות,9999,124,0,600,597,3,,1
מעטפות חיצוניות,9999,125,0,501,495,6,,1
מעטפות חיצוניות,9999,126,0,602,591,11,,1
מעטפות חיצוניות,9999,127,0,503,500,3,,1
מעטפות חיצוניות,9999,128,0,485,475,10,,1
מעטפות חיצוניות,9999,129,0,503,497,6,,1
מעטפות חיצוניות,9999,130,0,499,488,11,,1
מעטפות חיצוניות,9999,131,0,605,601,4,,1
מעטפות חיצוניות,9999,132,0,602,594,8,,1
מעטפות חיצוניות,9999,133,0,597,594,3,,1
מעטפות חיצוניות,9999,134,0,586,584,2,,1
מעטפות חיצוניות,9999,135,0,604,601,3,,1
מעטפות חיצוניות,9999,136,0,606,602,4,,1
מעטפות חיצוניות,9999,137,0,513,511,2,,1
מעטפות חיצוניות,9999,138,0,606,593,13,,1
מעטפות חיצוניות,9999,139,0,601,600,1,,1
מעטפות חיצוניות,9999,140,0,586,583,3,,1
מעטפות חיצוניות,9999,141,0,600,599,1,,1
מעטפות חיצוניות,9999,142,0,617,613,4,,1
מעטפות חיצוניות,9999,143,0,600,594,6,,1
מעטפות חיצוניות,9999,144,0,602,597,5,,1
מעטפות חיצוניות,9999,145,0,606,603,3,,1
מעטפות חיצוניות,9999,146,0,602,600,2,,1
מעטפות חיצוניות,9999,147,0,600,590,10,,1
מעטפות חיצוניות,9999,148,0,580,577,3,,1
מעטפות חיצוניות,9999,149,0,606,593,13,,1
מעטפות חיצוניות,9999,150,0,600,597,3,,1
מעטפות חיצוניות,9999,151,0,608,602,6,,1
מעטפות חיצוניות,9999,152,0,610,602,8,,1
מעטפות חיצוניות,9999,153,0,607,599,8,,1
מעטפות חיצוניות,9999,154,0,580,572,8,,1
מעטפות חיצוניות,9999,155,0,611,610,1,,1
מעטפות חיצוניות,9999,156,0,590,587,3,,1
מעטפות חיצוניות,9999,157,0,582,576,6,,1
מעטפות חיצוניות,9999,158,0,600,598,2,,1
מעטפות חיצוניות,9999,159,0,604,595,9,,1
מעטפות חיצוניות,9999,160,0,600,590,10,,1
מעטפות חיצוניות,9999,161,0,603,597,6,,1
מעטפות חיצוניות,9999,162,0,605,601,4,,1
מעטפות חיצוניות,9999,163,0,611,609,2,,1
מעטפות חיצוניות,9999,164,0,600,597,3,,1
מעטפות חיצוניות,9999,165,0,609,603,6,,1
מעטפות חיצוניות,9999,166,0,592,585,7,,1
מעטפות חיצוניות,9999,167,0,608,607,1,,1
מעטפות חיצוניות,9999,168,0,600,594,6,,1
מעטפות חיצוניות,9999,169,0,608,596,12,,1
מעטפות חיצוניות,9999,170,0,606,598,8,,1
מעטפות חיצוניות,9999,171,0,599,596,3,,1
מעטפות חיצוניות,9999,173,0,598,591,7,,1
מעטפות חיצוניות,9999,174,0,555,551,4,,1
מעטפות חיצוניות,9999,175,0,601,595,6,,1
מעטפות חיצוניות,9999,176,0,602,598,4,,1
מעטפות חיצוניות,9999,177,0,600,593,7,,1
מעטפות חיצוניות,9999,178,0,603,599,4,,1
מעטפות חיצוניות,9999,179,0,601,587,14,,1
מעטפות חיצוניות,9999,180,0,604,604,0,,1
מעטפות חיצוניות,9999,181,0,501,497,4,,1
מעטפות חיצוניות,9999,182,0,603,602,1,,1
מעטפות חיצוניות,9999,183,0,607,602,5,,1
מעטפות חיצוניות,9999,184,0,600,592,8,,1
מעטפות חיצוניות,9999,185,0,582,579,3,,1
מעטפות חיצוניות,9999,186,0,602,599,3,,1
מעטפות חיצוניות,9999,193,0,590,579,11,,1
מעטפות חיצוניות,9999,195,0,311,308,3,,1
מעטפות חיצוניות,9999,196,0,324,312,12,,1
מעטפות חיצוניות,9999,197,0,605,598,7,,1
מעטפות חיצוניות,9999,198,0,299,292,7,,1
מעטפות חיצוניות,9999,201,0,600,599,1,,1
מעטפות חיצוניות,9999,202,0,600,591,9,,1
מעטפות חיצוניות,9999,203,0,600,593,7,,1
מעטפות חיצוניות,9999,204,0,613,604,9,,1
מעטפות חיצוניות,9999,205,0,603,595,8,,1
מעטפות חיצוניות,9999,206,0,600,599,1,,1
מעטפות חיצוניות,9999,207,0,596,591,5,,1
מעטפות חיצוניות,9999,208,0,600,593,7,,1
מעטפות חיצוניות,9999,209,0,600,596,4,,1
מעטפות חיצוניות,9999,210,0,603,598,5,,1
מעטפות חיצוניות,9999,211,0,603,597,6,,1
מעטפות חיצוניות,9999,212,0,592,589,3,,1
מעטפות חיצוניות,9999,213,0,609,593,16,,1
מעטפות חיצוניות,9999,214,0,598,595,3,,1
מעטפות חיצוניות,9999,215,0,601,594,7,,1
מעטפות חיצוניות,9999,216,0,600,595,5,,1
מעטפות חיצוניות,9999,217,0,601,598,3,,1
מעטפות חיצוניות,9999,218,0,602,597,5,,1
מעטפות חיצוניות,9999,219,0,592,589,3,,1
מעטפות חיצוניות,9999,220,0,590,586,4,,1
מעטפות חיצוניות,9999,221,0,603,595,8,,1
מעטפות חיצוניות,9999,222,0,628,616,12,,1
מעטפות חיצוניות,9999,223,0,599,592,7,,1
מעטפות חיצוניות,9999,224,0,603,599,4,,1
מעטפות חיצוניות,9999,225,0,602,596,6,,1
מעטפות חיצוניות,9999,226,0,602,600,2,,1
מעטפות חיצוניות,9999,227,0,590,573,17,,1
מעטפות חיצוניות,9999,228,0,601,599,2,,1
מעטפות חיצוניות,9999,229,0,576,569,7,,1
מעטפות חיצוניות,9999,230,0,625,623,2,,1
מעטפות חיצוניות,9999,231,0,600,594,6,,1
מעטפות חיצוניות,9999,232,0,602,595,7,,1
מעטפות חיצוניות,9999,233,0,604,597,7,,1
מעטפות חיצוניות,9999,234,0,589,583,6,,1
מעטפות חיצוניות,9999,235,0,603,596,7,,1
מעטפות חיצוניות,9999,236,0,601,595,6,,1
מעטפות חיצוניות,9999,237,0,601,593,8,,1
מעטפות חיצוניות,9999,238,0,602,595,7,,1
מעטפות חיצוניות,9999,239,0,641,638,3,,1
מעטפות חיצוניות,9999,240,0,591,584,7,,1
מעטפות חיצוניות,9999,241,0,778,772,6,,1
מעטפות חיצוניות,9999,242,0,599,593,6,,1
מעטפות חיצוניות,9999,243,0,600,598,2,,1
מעטפות חיצוניות,9999,244,0,610,603,7,,1
מעטפות חיצוניות,9999,245,0,644,639,5,,1
מעטפות חיצוניות,9999,246,0,600,594,6,,1
מעטפות חיצוניות,9999,247,0,600,597,3,,1
מעטפות חיצוניות,9999,248,0,601,597,4,,1
מעטפות חיצוניות,9999,249,0,600,589,11,,1
מעטפות חיצוניות,9999,250,0,595,580,15,,1
מעטפות חיצוניות,9999,251,0,606,604,2,,1
מעטפות חיצוניות,9999,252,0,600,595,5,,1
מעטפות חיצוניות,9999,253,0,602,597,5,,1
מעטפות חיצוניות,9999,254,0,630,630,0,,1
מעטפות חיצוניות,9999,255,0,600,593,7,,1
מעטפות חיצוניות,9999,256,0,608,601,7,,1
מעטפות חיצוניות,9999,257,0,620,609,11,,1
מעטפות חיצוניות,9999,258,0,601,595,6,,1
מעטפות חיצוניות,9999,259,0,612,603,9,,1
מעטפות חיצוניות,9999,260,0,598,589,9,,1
מעטפות חיצוניות,9999,261,0,601,598,3,,1
מעטפות חיצוניות,9999,262,0,600,597,3,,1
מעטפות חיצוניות,9999,263,0,606,599,7,,1
מעטפות חיצוניות,9999,264,0,614,608,6,,1
מעטפות חיצוניות,9999,265,0,580,576,4,,1
מעטפות חיצוניות,9999,266,0,600,592,8,,1
מעטפות חיצוניות,9999,267,0,600,594,6,,1
מעטפות חיצוניות,9999,268,0,606,598,8,,1
מעטפות חיצוניות,9999,269,0,602,582,20,,1
מעטפות חיצוניות,9999,270,0,606,600,6,,1
מעטפות חיצוניות,9999,271,0,608,605,3,,1
מעטפות חיצוניות,9999,272,0,600,597,3,,1
מעטפות חיצוניות,9999,273,0,603,598,5,,1
מעטפות חיצוניות,9999,274,0,568,559,9,,1
מעטפות חיצוניות,9999,275,0,603,587,16,,1
מעטפות חיצוניות,9999,276,0,643,640,3,,1
מעטפות חיצוניות,9999,277,0,601,592,9,,1
מעטפות חיצוניות,9999,278,0,600,591,9,,1
מעטפות חיצוניות,9999,279,0,603,599,4,,1
מעטפות חיצוניות,9999,280,0,604,597,7,,1
מעטפות חיצוניות,9999,281,0,601,597,4,,1
מעטפות חיצוניות,9999,282,0,600,596,4,,1
מעטפות חיצוניות,9999,283,0,600,597,3,,1
מעטפות חיצוניות,9999,284,0,591,587,4,,1
מעטפות חיצוניות,9999,285,0,613,611,2,,1
מעטפות חיצוניות,9999,286,0,601,592,9,,1
מעטפות חיצוניות,9999,287,0,557,553,4,,1
מעטפות חיצוניות,9999,288,0,600,594,6,,1
מעטפות חיצוניות,9999,289,0,623,618,5,,1
מעטפות חיצוניות,9999,290,0,599,594,5,,1
מעטפות חיצוניות,9999,291,0,593,585,8,,1
מעטפות חיצוניות,9999,292,0,605,601,4,,1
מעטפות חיצוניות,9999,294,0,656,648,8,,1
מעטפות חיצוניות,9999,295,0,592,582,10,,1
מעטפות חיצוניות,9999,296,0,604,597,7,,1
מעטפות חיצוניות,9999,297,0,606,602,4,,1
מעטפות חיצוניות,9999,298,0,593,591,2,,1
מעטפות חיצוניות,9999,299,0,600,593,7,,1
מעטפות חיצוניות,9999,300,0,604,596,8,,1
מעטפות חיצוניות,9999,301,0,593,584,9,,1
מעטפות חיצוניות,9999,302,0,599,587,12,,1
מעטפות חיצוניות,9999,303,0,607,597,10,,1
מעטפות חיצוניות,9999,304,0,600,592,8,,1
מעטפות חיצוניות,9999,305,0,599,591,8,,1
מעטפות חיצוניות,9999,306,0,600,592,8,,1
מעטפות חיצוניות,9999,307,0,610,609,1,,1
מעטפות חיצוניות,9999,309,0,604,596,8,,1
מעטפות חיצוניות,9999,310,0,602,595,7,,1
מעטפות חיצוניות,9999,311,0,594,589,5,,1
מעטפות חיצוניות,9999,312,0,588,583,5,,1
מעטפות חיצוניות,9999,313,0,593,587,6,,1
מעטפות חיצוניות,9999,314,0,603,598,5,,1
מעטפות חיצוניות,9999,315,0,598,589,9,,1
מעטפות חיצוניות,9999,316,0,600,599,1,,1
מעטפות חיצוניות,9999,317,0,571,565,6,,1
מעטפות חיצוניות,9999,318,0,603,598,5,,1
מעטפות חיצוניות,9999,319,0,597,591,6,,1
מעטפות חיצוניות,9999,320,0,600,589,11,,1
מעטפות חיצוניות,9999,321,0,604,600,4,,1
מעטפות חיצוניות,9999,322,0,619,613,6,,1
מעטפות חיצוניות,9999,323,0,582,577,5,,1
מעטפות חיצוניות,9999,324,0,605,599,6,,1
מעטפות חיצוניות,9999,325,0,602,591,11,,1
מעטפות חיצוניות,9999,326,0,603,596,7,,1
מעטפות חיצוניות,9999,327,0,597,589,8,,1
מעטפות חיצוניות,9999,328,0,599,588,11,,1
מעטפות חיצוניות,9999,329,0,544,540,4,,1
מעטפות חיצוניות,9999,330,0,573,567,6,,1
מעטפות חיצוניות,9999,331,0,575,572,3,,1
מעטפות חיצוניות,9999,332,0,614,604,10,,1
מעטפות חיצוניות,9999,333,0,573,568,5,,1
מעטפות חיצוניות,9999,334,0,596,590,6,,1
מעטפות חיצוניות,9999,335,0,608,601,7,,1
מעטפות חיצוניות,9999,336,0,620,615,5,,1
מעטפות חיצוניות,9999,337,0,603,598,5,,1
מעטפות חיצוניות,9999,338,0,599,596,3,,1
מעטפות חיצוניות,9999,339,0,603,599,4,,1
מעטפות חיצוניות,9999,340,0,591,583,8,,1
מעטפות חיצוניות,9999,341,0,594,593,1,,1
מעטפות חיצוניות,9999,342,0,604,602,2,,1
מעטפות חיצוניות,9999,343,0,600,591,9,,1
מעטפות חיצוניות,9999,344,0,602,596,6,,1
מעטפות חיצוניות,9999,345,0,600,596,4,,1
מעטפות חיצוניות,9999,346,0,619,613,6,,1
מעטפות חיצוניות,9999,347,0,603,599,4,,1
מעטפות חיצוניות,9999,348,0,587,586,1,,1
מעטפות חיצוניות,9999,349,0,594,585,9,,1
מעטפות חיצוניות,9999,350,0,604,595,9,,1
מעטפות חיצוניות,9999,351,0,594,589,5,,1
מעטפות חיצוניות,9999,352,0,601,597,4,,1
מעטפות חיצוניות,9999,353,0,602,599,3,,1
מעטפות חיצוניות,9999,354,0,500,499,1,,1
מעטפות חיצוניות,9999,355,0,574,573,1,,1
מעטפות חיצוניות,9999,356,0,611,604,7,,1
מעטפות חיצוניות,9999,357,0,592,591,1,,1
מעטפות חיצוניות,9999,358,0,609,607,2,,1
מעטפות חיצוניות,9999,359,0,586,582,4,,1
מעטפות חיצוניות,9999,360,0,587,584,3,,1
מעטפות חיצוניות,9999,361,0,600,596,4,,1
מעטפות חיצוניות,9999,362,0,596,590,6,,1
מעטפות חיצוניות,9999,363,0,550,548,2,,1
מעטפות חיצוניות,9999,364,0,601,577,24,,1
מעטפות חיצוניות,9999,365,0,608,603,5,,1
מעטפות חיצוניות,9999,366,0,591,589,2,,1
מעטפות חיצוניות,9999,367,0,600,599,1,,1
מעטפות חיצוניות,9999,368,0,594,589,5,,1
מעטפות חיצוניות,9999,369,0,604,602,2,,1
מעטפות חיצוניות,9999,370,0,600,596,4,,1
מעטפות חיצוניות,9999,371,0,602,600,2,,1
מעטפות חיצוניות,9999,372,0,601,597,4,,1
מעטפות חיצוניות,9999,373,0,593,586,7,,1
מעטפות חיצוניות,9999,374,0,589,587,2,,1
מעטפות חיצוניות,9999,375,0,594,590,4,,1
מעטפות חיצוניות,9999,376,0,620,618,2,,1
מעטפות חיצוניות,9999,377,0,609,608,1,,1
מעטפות חיצוניות,9999,378,0,600,594,6,,1
מעטפות חיצוניות,9999,379,0,602,601,1,,1
מעטפות חיצוניות,9999,380,0,600,599,1,,1
מעטפות חיצוניות,9999,381,0,490,488,2,,1
מעטפות חיצוניות,9999,382,0,492,490,2,,1
מעטפות חיצוניות,9999,383,0,505,502,3,,1
מעטפות חיצוניות,9999,384,0,507,505,2,,1
מעטפות חיצוניות,9999,385,0,509,505,4,,1
מעטפות חיצוניות,9999,386,0,496,488,8,,1
מעטפות חיצוניות,9999,387,0,514,510,4,,1
מעטפות חיצוניות,9999,388,0,495,489,6,,1
מעטפות חיצוניות,9999,389,0,505,498,7,,1
מעטפות חיצוניות,9999,390,0,439,437,2,,1
מעטפות חיצוניות,9999,391,0,511,505,6,,1
מעטפות חיצוניות,9999,392,0,502,499,3,,1
מעטפות חיצוניות,9999,393,0,495,493,2,,1
מעטפות חיצוניות,9999,394,0,499,494,5,,1
מעטפות חיצוניות,9999,395,0,520,517,3,,1
מעטפות חיצוניות,9999,396,0,502,499,3,,1
מעטפות חיצוניות,9999,397,0,516,515,1,,1
מעטפות חיצוניות,9999,398,0,485,482,3,,1
מעטפות חיצוניות,9999,399,0,277,274,3,,1
מעטפות חיצוניות,9999,400,0,302,298,4,,1
מעטפות חיצוניות,9999,401,0,501,500,1,,1
מעטפות חיצוניות,9999,402,0,501,492,9,,1
מעטפות חיצוניות,9999,403,0,490,486,4,,1
מעטפות חיצוניות,9999,404,0,499,496,3,,1
מעטפות חיצוניות,9999,405,0,498,498,0,,1
מעטפות חיצוניות,9999,406,0,506,506,0,,1
מעטפות חיצוניות,9999,407,0,500,499,1,,1
מעטפות חיצוניות,9999,408,0,509,507,2,,1
מעטפות חיצוניות,9999,409,0,503,497,6,,1
מעטפות חיצוניות,9999,410,0,504,500,4,,1
מעטפות חיצוניות,9999,411,0,502,498,4,,1
מעטפות חיצוניות,9999,412,0,504,501,3,,1
מעטפות חיצוניות,9999,413,0,492,487,5,,1
מעטפות חיצוניות,9999,414,0,501,494,7,,1
מעטפות חיצוניות,9999,415,0,480,477,3,,1
מעטפות חיצוניות,9999,416,0,501,500,1,,1
מעטפות חיצוניות,9999,417,0,503,499,4,,1
מעטפות חיצוניות,9999,418,0,493,491,2,,1
מעטפות חיצוניות,9999,419,0,501,497,4,,1
מעטפות חיצוניות,9999,420,0,500,498,2,,1
מעטפות חיצוניות,9999,421,0,303,302,1,,1
מעטפות חיצוניות,9999,422,0,189,185,4,,1
מעטפות חיצוניות,9999,423,0,302,301,1,,1
מעטפות חיצוניות,9999,424,0,302,301,1,,1
מעטפות חיצוניות,9999,426,0,601,597,4,,1
מעטפות חיצוניות,9999,427,0,600,595,5,,1
מעטפות חיצוניות,9999,428,0,597,593,4,,1
מעטפות חיצוניות,9999,429,0,601,595,6,,1
מעטפות חיצוניות,9999,430,0,597,593,4,,1
מעטפות חיצוניות,9999,431,0,489,484,5,,1
מעטפות חיצוניות,9999,432,0,599,597,2,,1
מעטפות חיצוניות,9999,433,0,518,513,5,,1
מעטפות חיצוניות,9999,434,0,600,598,2,,1
מעטפות חיצוניות,9999,435,0,600,598,2,,1
מעטפות חיצוניות,9999,437,0,595,592,3,,1
מעטפות חיצוניות,9999,438,0,605,599,6,,1
מעטפות חיצוניות,9999,439,0,592,590,2,,1
מעטפות חיצוניות,9999,440,0,600,594,6,,1
מעטפות חיצוניות,9999,441,0,603,600,3,,1
מעטפות חיצוניות,9999,442,0,602,600,2,,1
מעטפות חיצוניות,9999,443,0,603,601,2,,1
מעטפות חיצוניות,9999,444,0,597,593,4,,1
מעטפות חיצוניות,9999,445,0,601,599,2,,1
מעטפות חיצוניות,9999,446,0,600,591,9,,1
מעטפות חיצוניות,9999,447,0,594,591,3,,1
מעטפות חיצוניות,9999,448,0,612,605,7,,1
מעטפות חיצוניות,9999,449,0,599,586,13,,1
מעטפות חיצוניות,9999,450,0,602,594,8,,1
מעטפות חיצוניות,9999,451,0,602,595,7,,1
מעטפות חיצוניות,9999,452,0,553,550,3,,1
מעטפות חיצוניות,9999,453,0,609,604,5,,1
מעטפות חיצוניות,9999,454,0,574,569,5,,1
מעטפות חיצוניות,9999,455,0,608,606,2,,1
מעטפות חיצוניות,9999,456,0,606,603,3,,1
מעטפות חיצוניות,9999,457,0,602,598,4,,1
מעטפות חיצוניות,9999,458,0,598,595,3,,1
מעטפות חיצוניות,9999,459,0,560,557,3,,1
מעטפות חיצוניות,9999,460,0,595,594,1,,1
מעטפות חיצוניות,9999,461,0,602,601,1,,1
מעטפות חיצוניות,9999,462,0,600,595,5,,1
מעטפות חיצוניות,9999,463,0,600,579,21,,1
מעטפות חיצוניות,9999,464,0,603,598,5,,1
מעטפות חיצוניות,9999,465,0,600,592,8,,1
מעטפות חיצוניות,9999,466,0,604,600,4,,1
מעטפות חיצוניות,9999,467,0,591,587,4,,1
מעטפות חיצוניות,9999,468,0,598,595,3,,1
מעטפות חיצוניות,9999,469,0,596,593,3,,1
מעטפות חיצוניות,9999,470,0,601,598,3,,1
מעטפות חיצוניות,9999,471,0,588,580,8,,1
מעטפות חיצוניות,9999,472,0,610,608,2,,1
מעטפות חיצוניות,9999,473,0,600,594,6,,1
מעטפות חיצוניות,9999,474,0,600,597,3,,1
מעטפות חיצוניות,9999,475,0,585,576,9,,1
מעטפות חיצוניות,9999,476,0,616,613,3,,1
מעטפות חיצוניות,9999,477,0,591,586,5,,1
מעטפות חיצוניות,9999,478,0,605,602,3,,1
מעטפות חיצוניות,9999,479,0,601,598,3,,1
מעטפות חיצוניות,9999,480,0,594,590,4,,1
מעטפות חיצוניות,9999,481,0,600,596,4,,1
מעטפות חיצוניות,9999,482,0,601,589,12,,1
מעטפות חיצוניות,9999,483,0,601,595,6,,1
מעטפות חיצוניות,9999,484,0,600,596,4,,1
מעטפות חיצוניות,9999,485,0,588,579,9,,1
מעטפות חיצוניות,9999,486,0,606,599,7,,1
מעטפות חיצוניות,9999,487,0,597,591,6,,1
מעטפות חיצוניות,9999,488,0,598,593,5,,1
מעטפות חיצוניות,9999,489,0,586,583,3,,1
מעטפות חיצוניות,9999,490,0,600,600,0,,1
מעטפות חיצוניות,9999,491,0,607,606,1,,1
מעטפות חיצוניות,9999,492,0,600,595,5,,1
מעטפות חיצוניות,9999,493,0,603,597,6,,1
מעטפות חיצוניות,9999,494,0,602,590,12,,1
מעטפות חיצוניות,9999,495,0,610,607,3,,1
מעטפות חיצוניות,9999,496,0,606,603,3,,1
מעטפות חיצוניות,9999,497,0,606,604,2,,1
מעטפות חיצוניות,9999,498,0,655,652,3,,1
מעטפות חיצוניות,9999,499,0,609,605,4,,1
מעטפות חיצוניות,9999,500,0,600,595,5,,1
מעטפות חיצוניות,9999,501,0,483,479,4,,1
מעטפות חיצוניות,9999,502,0,594,588,6,,1
מעטפות חיצוניות,9999,503,0,601,598,3,,1
מעטפות חיצוניות,9999,504,0,500,495,5,,1
מעטפות חיצוניות,9999,505,0,623,616,7,,1
מעטפות חיצוניות,9999,506,0,501,499,2,,1
מעטפות חיצוניות,9999,507,0,510,505,5,,1
מעטפות חיצוניות,9999,508,0,493,489,4,,1
מעטפות חיצוניות,9999,509,0,494,490,4,,1
מעטפות חיצוניות,9999,510,0,500,500,0,,1
מעטפות חיצוניות,9999,511,0,600,598,2,,1
מעטפות חיצוניות,9999,512,0,500,499,1,,1
מעטפות חיצוניות,9999,513,0,603,596,7,,1
מעטפות חיצוניות,9999,514,0,501,495,6,,1
מעטפות חיצוניות,9999,515,0,499,498,1,,1
מעטפות חיצוניות,9999,516,0,497,494,3,,1
מעטפות חיצוניות,9999,517,0,500,488,12,,1
מעטפות חיצוניות,9999,518,0,501,497,4,,1
מעטפות חיצוניות,9999,519,0,305,304,1,,1
מעטפות חיצוניות,9999,520,0,490,487,3,,1
מעטפות חיצוניות,9999,521,0,593,589,4,,1
מעטפות חיצוניות,9999,522,0,502,500,2,,1
מעטפות חיצוניות,9999,523,0,301,299,2,,1
מעטפות חיצוניות,9999,524,0,303,303,0,,1
מעטפות חיצוניות,9999,525,0,307,301,6,,1
מעטפות חיצוניות,9999,526,0,300,298,2,,1
מעטפות חיצוניות,9999,527,0,301,297,4,,1
מעטפות חיצוניות,9999,528,0,202,201,1,,1
מעטפות חיצוניות,9999,532,0,202,202,0,,1
מעטפות חיצוניות,9999,533,0,301,300,1,,1
מעטפות חיצוניות,9999,541,0,488,486,2,,1
מעטפות חיצוניות,9999,542,0,603,600,3,,1
מעטפות חיצוניות,9999,543,0,600,595,5,,1
מעטפות חיצוניות,9999,551,0,605,600,5,,1
מעטפות חיצוניות,9999,552,0,600,591,9,,1
מעטפות חיצוניות,9999,553,0,546,545,1,,1
מעטפות חיצוניות,9999,554,0,602,599,3,,1
מעטפות חיצוניות,9999,555,0,588,587,1,,1
מעטפות חיצוניות,9999,556,0,590,589,1,,1
מעטפות חיצוניות,9999,557,0,510,497,13,,1
מעטפות חיצוניות,9999,558,0,596,592,4,,1
מעטפות חיצוניות,9999,559,0,602,599,3,,1
מעטפות חיצוניות,9999,560,0,587,579,8,,1
מעטפות חיצוניות,9999,561,0,606,598,8,,1
מעטפות חיצוניות,9999,562,0,449,448,1,,1
מעטפות חיצוניות,9999,563,0,597,595,2,,1
מעטפות חיצוניות,9999,564,0,599,598,1,,1
מעטפות חיצוניות,9999,565,0,598,594,4,,1
מעטפות חיצוניות,9999,566,0,610,605,5,,1
מעטפות חיצוניות,9999,567,0,602,598,4,,1
מעטפות חיצוניות,9999,568,0,599,593,6,,1
מעטפות חיצוניות,9999,569,0,622,616,6,,1
מעטפות חיצוניות,9999,570,0,579,576,3,,1
מעטפות חיצוניות,9999,571,0,400,398,2,,1
מעטפות חיצוניות,9999,572,0,611,607,4,,1
מעטפות חיצוניות,9999,573,0,590,585,5,,1
מעטפות חיצוניות,9999,574,0,617,617,0,,1
מעטפות חיצוניות,9999,575,0,621,618,3,,1
מעטפות חיצוניות,9999,576,0,593,590,3,,1
מעטפות חיצוניות,9999,577,0,604,600,4,,1
מעטפות חיצוניות,9999,578,0,598,597,1,,1
מעטפות חיצוניות,9999,579,0,595,589,6,,1
מעטפות חיצוניות,9999,580,0,596,591,5,,1
מעטפות חיצוניות,9999,581,0,597,590,7,,1
מעטפות חיצוניות,9999,582,0,749,744,5,,1
מעטפות חיצוניות,9999,583,0,603,595,8,,1
מעטפות חיצוניות,9999,584,0,607,597,10,,1
מעטפות חיצוניות,9999,585,0,604,597,7,,1
מעטפות חיצוניות,9999,586,0,602,601,1,,1
מעטפות חיצוניות,9999,587,0,606,603,3,,1
מעטפות חיצוניות,9999,591,0,783,781,2,,1
מעטפות חיצוניות,9999,592,0,602,590,12,,1
מעטפות חיצוניות,9999,593,0,401,394,7,,1
מעטפות חיצוניות,9999,594,0,604,602,2,,1
מעטפות חיצוניות,9999,595,0,609,594,15,,1
מעטפות חיצוניות,9999,596,0,602,598,4,,1
מעטפות חיצוניות,9999,597,0,602,594,8,,1
מעטפות חיצוניות,9999,598,0,402,398,4,,1
מעטפות חיצוניות,9999,599,0,599,593,6,,1
מעטפות חיצוניות,9999,600,0,603,598,5,,1
מעטפות חיצוניות,9999,601,0,599,597,2,,1
מעטפות חיצוניות,9999,602,0,601,599,2,,1
מעטפות חיצוניות,9999,603,0,552,548,4,,1
מעטפות חיצוניות,9999,604,0,612,605,7,,1
מעטפות חיצוניות,9999,605,0,599,591,8,,1
מעטפות חיצוניות,9999,606,0,612,609,3,,1
מעטפות חיצוניות,9999,607,0,598,592,6,,1
מעטפות חיצוניות,9999,608,0,602,597,5,,1
מעטפות חיצוניות,9999,609,0,614,603,11,,1
מעטפות חיצוניות,9999,610,0,605,597,8,,1
מעטפות חיצוניות,9999,611,0,591,587,4,,1
מעטפות חיצוניות,9999,612,0,497,492,5,,1
מעטפות חיצוניות,9999,613,0,500,490,10,,1
מעטפות חיצוניות,9999,614,0,590,579,11,,1
מעטפות חיצוניות,9999,615,0,602,595,7,,1
מעטפות חיצוניות,9999,616,0,601,595,6,,1
מעטפות חיצוניות,9999,617,0,600,595,5,,1
מעטפות חיצוניות,9999,618,0,602,597,5,,1
מעטפות חיצוניות,9999,619,0,713,706,7,,1
מעטפות חיצוניות,9999,620,0,605,599,6,,1
מעטפות חיצוניות,9999,621,0,601,581,20,,1
מעטפות חיצוניות,9999,622,0,402,398,4,,1
מעטפות חיצוניות,9999,623,0,590,586,4,,1
מעטפות חיצוניות,9999,624,0,603,599,4,,1
מעטפות חיצוניות,9999,625,0,573,568,5,,1
מעטפות חיצוניות,9999,626,0,595,592,3,,1
מעטפות חיצוניות,9999,627,0,588,581,7,,1
מעטפות חיצוניות,9999,628,0,597,590,7,,1
מעטפות חיצוניות,9999,629,0,618,615,3,,1
מעטפות חיצוניות,9999,630,0,401,395,6,,1
מעטפות חיצוניות,9999,631,0,606,602,4,,1
מעטפות חיצוניות,9999,632,0,605,601,4,,1
מעטפות חיצוניות,9999,633,0,599,598,1,,1
מעטפות חיצוניות,9999,634,0,600,596,4,,1
מעטפות חיצוניות,9999,635,0,594,579,15,,1
מעטפות חיצוניות,9999,636,0,592,586,6,,1
מעטפות חיצוניות,9999,637,0,598,592,6,,1
מעטפות חיצוניות,9999,638,0,600,596,4,,1
מעטפות חיצוניות,9999,639,0,597,591,6,,1
מעטפות חיצוניות,9999,640,0,539,532,7,,1
מעטפות חיצוניות,9999,641,0,252,250,2,,1
מעטפות חיצוניות,9999,642,0,600,598,2,,1
מעטפות חיצוניות,9999,643,0,600,598,2,,1
מעטפות חיצוניות,9999,644,0,596,594,2,,1
מעטפות חיצוניות,9999,645,0,587,587,0,,1
מעטפות חיצוניות,9999,646,0,592,585,7,,1
מעטפות חיצוניות,9999,647,0,604,602,2,,1
מעטפות חיצוניות,9999,648,0,590,588,2,,1
מעטפות חיצוניות,9999,649,0,594,591,3,,1
מעטפות חיצוניות,9999,650,0,597,591,6,,1
מעטפות חיצוניות,9999,651,0,200,199,1,,1
מעטפות חיצוניות,9999,653,0,200,192,8,,1
מעטפות חיצוניות,9999,654,0,248,246,2,,1
מעטפות חיצוניות,9999,655,0,306,300,6,,1
מעטפות חיצוניות,9999,656,0,200,198,2,,1
מעטפות חיצוניות,9999,657,0,587,584,3,,1
מעטפות חיצוניות,9999,658,0,606,604,2,,1
מעטפות חיצוניות,9999,659,0,600,598,2,,1
מעטפות חיצוניות,9999,660,0,567,566,1,,1
מעטפות חיצוניות,9999,661,0,200,196,4,,1
מעטפות חיצוניות,9999,668,0,200,197,3,,1
מעטפות חיצוניות,9999,669,0,200,198,2,,1
מעטפות חיצוניות,9999,670,0,195,192,3,,1
מעטפות חיצוניות,9999,701,0,599,591,8,,1
מעטפות חיצוניות,9999,702,0,599,587,12,,1
מעטפות חיצוניות,9999,703,0,604,599,5,,1
מעטפות חיצוניות,9999,704,0,600,591,9,,1
מעטפות חיצוניות,9999,705,0,620,618,2,,1
מעטפות חיצוניות,9999,706,0,604,603,1,,1
מעטפות חיצוניות,9999,707,0,599,591,8,,1
מעטפות חיצוניות,9999,708,0,616,612,4,,1
מעטפות חיצוניות,9999,709,0,598,598,0,,1
מעטפות חיצוניות,9999,710,0,601,600,1,,1
מעטפות חיצוניות,9999,711,0,602,599,3,,1
מעטפות חיצוניות,9999,712,0,592,586,6,,1
מעטפות חיצוניות,9999,713,0,603,599,4,,1
מעטפות חיצוניות,9999,714,0,603,600,3,,1
מעטפות חיצוניות,9999,715,0,600,599,1,,1
מעטפות חיצוניות,9999,716,0,601,601,0,,1
מעטפות חיצוניות,9999,717,0,601,596,5,,1
מעטפות חיצוניות,9999,718,0,602,600,2,,1
מעטפות חיצוניות,9999,719,0,603,597,6,,1
מעטפות חיצוניות,9999,720,0,599,596,3,,1
מעטפות חיצוניות,9999,721,0,646,644,2,,1
מעטפות חיצוניות,9999,722,0,597,594,3,,1
מעטפות חיצוניות,9999,723,0,575,571,4,,1
מעטפות חיצוניות,9999,724,0,600,594,6,,1
מעטפות חיצוניות,9999,725,0,604,601,3,,1
מעטפות חיצוניות,9999,726,0,605,595,10,,1
מעטפות חיצוניות,9999,727,0,600,599,1,,1
מעטפות חיצוניות,9999,728,0,600,599,1,,1
מעטפות חיצוניות,9999,729,0,593,588,5,,1
מעטפות חיצוניות,9999,730,0,599,596,3,,1
מעטפות חיצוניות,9999,731,0,595,592,3,,1
מעטפות חיצוניות,9999,732,0,600,599,1,,1
מעטפות חיצוניות,9999,733,0,599,597,2,,1
מעטפות חיצוניות,9999,734,0,589,580,9,,1
מעטפות חיצוניות,9999,735,0,603,598,5,,1
מעטפות חיצוניות,9999,736,0,602,601,1,,1
מעטפות חיצוניות,9999,737,0,599,597,2,,1
מעטפות חיצוניות,9999,738,0,600,597,3,,1
מעטפות חיצוניות,9999,739,0,600,593,7,,1
מעטפות חיצוניות,9999,740,0,605,603,2,,1
מעטפות חיצוניות,9999,741,0,597,595,2,,1
מעטפות חיצוניות,9999,742,0,601,598,3,,1
מעטפות חיצוניות,9999,743,0,600,595,5,,1
מעטפות חיצוניות,9999,744,0,601,596,5,,1
מעטפות חיצוניות,9999,745,0,705,702,3,,1
מעטפות חיצוניות,9999,746,0,607,605,2,,1
מעטפות חיצוניות,9999,747,0,601,597,4,,1
מעטפות חיצוניות,9999,748,0,600,596,4,,1
מעטפות חיצוניות,9999,749,0,598,594,4,,1
מעטפות חיצוניות,9999,750,0,600,596,4,,1
מעטפות חיצוניות,9999,751,0,602,600,2,,1
מעטפות חיצוניות,9999,752,0,600,594,6,,1
מעטפות חיצוניות,9999,753,0,604,594,10,,1
מעטפות חיצוניות,9999,754,0,603,602,1,,1
מעטפות חיצוניות,9999,755,0,619,610,9,,1
מעטפות חיצוניות,9999,756,0,600,593,7,,1
מעטפות חיצוניות,9999,757,0,604,596,8,,1
מעטפות חיצוניות,9999,758,0,601,599,2,,1
מעטפות חיצוניות,9999,759,0,600,595,5,,1
מעטפות חיצוניות,9999,760,0,583,583,0,,1
מעטפות חיצוניות,9999,761,0,600,597,3,,1
מעטפות חיצוניות,9999,762,0,600,595,5,,1
מעטפות חיצוניות,9999,763,0,599,597,2,,1
מעטפות חיצוניות,9999,764,0,577,574,3,,1
מעטפות חיצוניות,9999,765,0,631,626,5,,1
מעטפות חיצוניות,9999,766,0,613,608,5,,1
מעטפות חיצוניות,9999,767,0,602,598,4,,1
מעטפות חיצוניות,9999,768,0,600,596,4,,1
מעטפות חיצוניות,9999,769,0,609,608,1,,1
מעטפות חיצוניות,9999,770,0,601,588,13,,1
מעטפות חיצוניות,9999,771,0,601,591,10,,1
מעטפות חיצוניות,9999,772,0,600,588,12,,1
מעטפות חיצוניות,9999,773,0,605,602,3,,1
מעטפות חיצוניות,9999,774,0,601,596,5,,1
מעטפות חיצוניות,9999,775,0,610,605,5,,1
מעטפות חיצוניות,9999,776,0,493,483,10,,1
מעטפות חיצוניות,9999,777,0,497,493,4,,1
מעטפות חיצוניות,9999,778,0,505,503,2,,1
מעטפות חיצוניות,9999,779,0,500,497,3,,1
מעטפות חיצוניות,9999,781,0,598,591,7,,1
מעטפות חיצוניות,9999,782,0,550,550,0,,1
מעטפות חיצוניות,9999,783,0,593,585,8,,1
מעטפות חיצוניות,9999,784,0,597,592,5,,1
מעטפות חיצוניות,9999,785,0,589,585,4,,1
מעטפות חיצוניות,9999,786,0,600,598,2,,1
מעטפות חיצוניות,9999,787,0,622,615,7,,1
מעטפות חיצוניות,9999,788,0,590,587,3,,1
מעטפות חיצוניות,9999,789,0,581,575,6,,1
מעטפות חיצוניות,9999,790,0,610,607,3,,1
מעטפות חיצוניות,9999,796,0,303,302,1,,1
מעטפות חיצוניות,9999,797,0,251,247,4,,1
מעטפות חיצוניות,9999,798,0,300,294,6,,1
מעטפות חיצוניות,9999,799,0,240,239,1,,1
מעטפות חיצוניות,9999,801,0,602,594,8,,1
מעטפות חיצוניות,9999,802,0,572,568,4,,1
מעטפות חיצוניות,9999,803,0,602,598,4,,1
מעטפות חיצוניות,9999,804,0,600,595,5,,1
מעטפות חיצוניות,9999,805,0,601,600,1,,1
מעטפות חיצוניות,9999,806,0,601,596,5,,1
מעטפות חיצוניות,9999,807,0,603,598,5,,1
מעטפות חיצוניות,9999,808,0,600,594,6,,1
מעטפות חיצוניות,9999,809,0,600,596,4,,1
מעטפות חיצוניות,9999,810,0,605,595,10,,1
מעטפות חיצוניות,9999,811,0,603,598,5,,1
מעטפות חיצוניות,9999,812,0,602,596,6,,1
מעטפות חיצוניות,9999,813,0,619,618,1,,1
מעטפות חיצוניות,9999,814,0,603,588,15,,1
מעטפות חיצוניות,9999,815,0,601,591,10,,1
מעטפות חיצוניות,9999,816,0,610,606,4,,1
מעטפות חיצוניות,9999,817,0,600,599,1,,1
מעטפות חיצוניות,9999,818,0,593,587,6,,1
מעטפות חיצוניות,9999,819,0,603,603,0,,1
מעטפות חיצוניות,9999,820,0,570,568,2,,1
מעטפות חיצוניות,9999,821,0,591,589,2,,1
מעטפות חיצוניות,9999,822,0,599,589,10,,1
מעטפות חיצוניות,9999,823,0,606,596,10,,1
מעטפות חיצוניות,9999,824,0,597,594,3,,1
מעטפות חיצוניות,9999,825,0,602,597,5,,1
מעטפות חיצוניות,9999,826,0,619,605,14,,1
מעטפות חיצוניות,9999,827,0,604,600,4,,1
מעטפות חיצוניות,9999,828,0,602,585,17,,1
מעטפות חיצוניות,9999,829,0,599,595,4,,1
מעטפות חיצוניות,9999,830,0,602,598,4,,1
מעטפות חיצוניות,9999,831,0,289,285,4,,1
מעטפות חיצוניות,9999,832,0,309,306,3,,1
מעטפות חיצוניות,9999,833,0,251,251,0,,1
מעטפות חיצוניות,9999,834,0,294,293,1,,1
מעטפות חיצוניות,9999,835,0,280,278,2,,1
מעטפות חיצוניות,9999,836,0,499,493,6,,1
מעטפות חיצוניות,9999,837,0,608,604,4,,1
מעטפות חיצוניות,9999,838,0,600,593,7,,1
מעטפות חיצוניות,9999,839,0,547,545,2,,1
מעטפות חיצוניות,9999,840,0,496,494,2,,1
מעטפות חיצוניות,9999,841,0,596,592,4,,1
מעטפות חיצוניות,9999,842,0,493,493,0,,1
מעטפות חיצוניות,9999,843,0,553,552,1,,1
מעטפות חיצוניות,9999,844,0,590,584,6,,1
מעטפות חיצוניות,9999,845,0,501,492,9,,1
מעטפות חיצוניות,9999,846,0,495,492,3,,1
מעטפות חיצוניות,9999,847,0,502,500,2,,1
מעטפות חיצוניות,9999,848,0,501,497,4,,1
מעטפות חיצוניות,9999,849,0,497,496,1,,1
מעטפות חיצוניות,9999,850,0,482,480,2,,1
מעטפות חיצוניות,9999,861,0,599,593,6,,1
מעטפות חיצוניות,9999,871,0,603,600,3,,1
מעטפות חיצוניות,9999,872,0,545,539,6,,1
מעטפות חיצוניות,9999,881,0,605,604,1,,1
מעטפות חיצוניות,9999,882,0,598,591,7,,1
מעטפות חיצוניות,9999,891,0,606,603,3,,1
מעטפות חיצוניות,9999,892,0,492,489,3,,1
מעטפות חיצוניות,9999,901,0,401,393,8,,1
מעטפות חיצוניות,9999,902,0,523,517,6,,1
מעטפות חיצוניות,9999,911,0,599,594,5,,1
מעטפות חיצוניות,9999,912,0,490,481,9,,1
מעטפות חיצוניות,9999,921,0,602,590,12,,1
מעטפות חיצוניות,9999,922,0,610,605,5,,1
מעטפות חיצוניות,9999,931,0,271,268,3,,1
מעטפות חיצוניות,9999,932,0,200,196,4,,1
מעטפות חיצוניות,9999,933,0,205,201,4,,1
מעטפות חיצוניות,9999,936,0,108,106,2,,1
מעטפות חיצוניות,9999,943,0,252,249,3,,1
מעטפות חיצוניות,9999,944,0,200,200,0,,1
מעטפות חיצוניות,9999,945,0,297,295,2,,1
מעטפות חיצוניות,9999,951,0,99,98,1,,1
מעטפות חיצוניות,9999,953,0,198,198,0,,1
מעטפות חיצוניות,9999,954,0,178,176,2,,1
מעטפות חיצוניות,9999,955,0,103,103,0,,1
מעטפות חיצוניות,9999,961,0,304,301,3,,1
מעטפות חיצוניות,9999,962,0,313,313,0,,1
מעטפות חיצוניות,9999,963,0,302,297,5,,1
מעטפות חיצוניות,9999,972,0,256,255,1,,1
מעטפות חיצוניות,9999,973,0,300,291,9,,1
מעטפות חיצוניות,9999,976,0,156,156,0,,1
מעטפות חיצוניות,9999,977,0,299,299,0,,1
מעטפות חיצוניות,9999,983,0,152,151,1,,1
מעטפות חיצוניות,9999,984,0,101,101,0,,1
מעטפות חיצוניות,9999,986,0,302,298,4,,1
מעטפות חיצוניות,9999,991,0,101,101,0,,1
מעטפות חיצוניות,9999,993,0,102,102,0,,1
מעטפות חיצוניות,9999,995,0,100,99,1,,1
מעטפות חיצוניות,9999,1201,0,616,613,3,,1
מעטפות חיצוניות,9999,1202,0,300,299,1,,1
מעטפות חיצוניות,9999,1203,0,302,301,1,,1
מעטפות חיצוניות,9999,1204,0,303,303,0,,1
מעטפות חיצוניות,9999,1205,0,303,303,0,,1
מעטפות חיצוניות,9999,1206,0,300,296,4,,1
מעטפות חיצוניות,9999,1207,0,300,298,2,,1
מעטפות חיצוניות,9999,1208,0,300,298,2,,1
מעטפות חיצוניות,9999,1209,0,299,297,2,,1
מעטפות חיצוניות,9999,1210,0,301,300,1,,1
מעטפות חיצוניות,9999,1211,0,300,298,2,,1
מעטפות חיצוניות,9999,1212,0,285,282,3,,1
מעטפות חיצוניות,9999,1213,0,299,299,0,,1
מעטפות חיצוניות,9999,1214,0,280,278,2,,1
מעטפות חיצוניות,9999,1215,0,305,305,0,,1
מעטפות חיצוניות,9999,1216,0,302,300,2,,1
מעטפות חיצוניות,9999,1217,0,251,249,2,,1
מעטפות חיצוניות,9999,1218,0,311,311,0,,1
מעטפות חיצוניות,9999,1219,0,299,296,3,,1
מעטפות חיצוניות,9999,1220,0,305,305,0,,1
מעטפות חיצוניות,9999,1221,0,299,292,7,,1
מעטפות חיצוניות,9999,1222,0,297,296,1,,1
מעטפות חיצוניות,9999,1223,0,301,299,2,,1
מעטפות חיצוניות,9999,1224,0,300,299,1,,1
מעטפות חיצוניות,9999,1225,0,251,250,1,,1
מעטפות חיצוניות,9999,1226,0,287,284,3,,1
מעטפות חיצוניות,9999,1227,0,302,301,1,,1
מעטפות חיצוניות,9999,1228,0,298,298,0,,1
מעטפות חיצוניות,9999,1258,0,300,299,1,,1
מעיליא,518,1,691,475,471,4,68.74,0
מעיליא,518,2,637,411,403,8,64.52,0
מעיליא,518,3,675,449,446,3,66.52,0
מעיליא,518,4,613,406,404,2,66.23,0
מעין ברוך,416,1,489,322,322,0,65.85,0
מעין צבי,290,1,684,482,481,1,70.47,0
מעלה אדומים,3616,1.1,659,429,427,2,65.1,0
מעלה אדומים,3616,1.2,659,429,422,7,65.1,0
מעלה אדומים,3616,2,442,291,287,4,65.84,0
מעלה אדומים,3616,3,611,441,440,1,72.18,0
מעלה אדומים,3616,4,689,459,458,1,66.62,0
מעלה אדומים,3616,6,582,340,337,3,58.42,0
מעלה אדומים,3616,8,677,436,431,5,64.4,0
מעלה אדומים,3616,9.1,662,373,371,2,56.34,0
מעלה אדומים,3616,9.2,662,377,368,9,56.95,0
מעלה אדומים,3616,10,637,413,410,3,64.84,0
מעלה אדומים,3616,11,639,397,397,0,62.13,0
מעלה אדומים,3616,13,529,326,324,2,61.63,0
מעלה אדומים,3616,14.1,449,323,321,2,71.94,0
מעלה אדומים,3616,14.2,448,318,314,4,70.98,0
מעלה אדומים,3616,15,571,365,362,3,63.92,0
מעלה אדומים,3616,19,543,394,393,1,72.56,0
מעלה אדומים,3616,20,580,408,406,2,70.34,0
מעלה אדומים,3616,22.1,576,407,407,0,70.66,0
מעלה אדומים,3616,22.2,576,409,406,3,71.01,0
מעלה אדומים,3616,22.3,576,421,418,3,73.09,0
מעלה אדומים,3616,22.4,576,410,407,3,71.18,0
מעלה אדומים,3616,22.5,572,362,357,5,63.29,0
מעלה אדומים,3616,29.1,494,358,358,0,72.47,0
מעלה אדומים,3616,29.2,494,387,386,1,78.34,0
מעלה אדומים,3616,29.3,492,378,377,1,76.83,0
מעלה אדומים,3616,31.1,658,439,436,3,66.72,0
מעלה אדומים,3616,31.2,658,429,428,1,65.2,0
מעלה אדומים,3616,31.3,658,492,491,1,74.77,0
מעלה אדומים,3616,31.4,658,457,454,3,69.45,0
מעלה אדומים,3616,31.5,657,440,435,5,66.97,0
מעלה אדומים,3616,33,491,371,371,0,75.56,0
מעלה אדומים,3616,35,468,362,361,1,77.35,0
מעלה אדומים,3616,42.1,667,497,493,4,74.51,0
מעלה אדומים,3616,42.2,667,514,511,3,77.06,0
מעלה אדומים,3616,42.3,667,505,505,0,75.71,0
מעלה אדומים,3616,42.4,665,497,496,1,74.74,0
מעלה אדומים,3616,44,576,396,396,0,68.75,0
מעלה אדומים,3616,45.1,545,425,424,1,77.98,0
מעלה אדומים,3616,45.2,545,420,416,4,77.06,0
מעלה אדומים,3616,45.3,545,426,424,2,78.17,0
מעלה אדומים,3616,45.4,544,424,423,1,77.94,0
מעלה אדומים,3616,46,595,449,445,4,75.46,0
מעלה אדומים,3616,950.1,534,377,377,0,70.6,0
מעלה אדומים,3616,950.2,534,388,387,1,72.66,0
מעלה אדומים,3616,950.3,534,396,396,0,74.16,0
מעלה אדומים,3616,950.4,531,395,393,2,74.39,0
מעלה אדומים,3616,952.1,675,474,473,1,70.22,0
מעלה אדומים,3616,952.2,675,486,483,3,72.0,0
מעלה אפרים,3608,1,504,278,277,1,55.16,0
מעלה אפרים,3608,2,658,352,350,2,53.5,0
מעלה גלבוע,1127,1,386,310,309,1,80.31,0
מעלה גמלא,4008,1,416,317,316,1,76.2,0
מעלה החמישה,286,1,589,423,422,1,71.82,0
מעלה לבונה,3752,1,461,351,351,0,76.14,0
מעלה מכמש,3651,1,558,432,431,1,77.42,0
מעלה מכמש,3651,2,518,404,402,2,77.99,0
מעלה עירון,1327,3,676,370,363,7,54.73,0
מעלה עירון,1327,5.1,677,193,190,3,28.51,0
מעלה עירון,1327,5.2,677,261,257,4,38.55,0
מעלה עירון,1327,6,532,313,304,9,58.83,0
מעלה עירון,1327,8,669,338,333,5,50.52,0
מעלה עירון,1327,9,634,357,353,4,56.31,0
מעלה עירון,1327,11.1,533,146,145,1,27.39,0
מעלה עירון,1327,11.2,533,195,193,2,36.59,0
מעלה עירון,1327,11.3,532,194,191,3,36.47,0
מעלה עירון,1327,13,577,303,299,4,52.51,0
מעלה עירון,1327,14.1,678,282,282,0,41.59,0
מעלה עירון,1327,14.2,678,255,253,2,37.61,0
מעלה עירון,1327,14.3,678,236,230,6,34.81,0
מעלה עירון,1327,14.4,678,249,247,2,36.73,0
מעלה עירון,1327,14.5,674,304,302,2,45.1,0
מעלה עירון,1327,15,675,319,316,3,47.26,0
מעלה עירון,1327,16,577,284,284,0,49.22,0
מעלה עמוס,3653,1,431,326,324,2,75.64,0
מעלותתרשיחא,1063,1,689,361,357,4,52.39,0
מעלותתרשיחא,1063,2,445,272,271,1,61.12,0
מעלותתרשיחא,1063,4,464,205,204,1,44.18,0
מעלותתרשיחא,1063,5,704,465,456,9,66.05,0
מעלותתרשיחא,1063,6,670,384,375,9,57.31,0
מעלותתרשיחא,1063,7.1,393,278,275,3,70.74,0
מעלותתרשיחא,1063,7.2,393,236,233,3,60.05,0
מעלותתרשיחא,1063,8,564,332,327,5,58.87,0
מעלותתרשיחא,1063,9,608,288,284,4,47.37,0
מעלותתרשיחא,1063,10,600,331,327,4,55.17,0
מעלותתרשיחא,1063,11,548,330,328,2,60.22,0
מעלותתרשיחא,1063,12,637,365,359,6,57.3,0
מעלותתרשיחא,1063,13,450,245,241,4,54.44,0
מעלותתרשיחא,1063,14,733,437,430,7,59.62,0
מעלותתרשיחא,1063,16,465,329,328,1,70.75,0
מעלותתרשיחא,1063,17,580,381,379,2,65.69,0
מעלותתרשיחא,1063,18.1,620,357,354,3,57.58,0
מעלותתרשיחא,1063,18.2,619,324,320,4,52.34,0
מעלותתרשיחא,1063,19.1,622,409,404,5,65.76,0
מעלותתרשיחא,1063,19.2,622,403,399,4,64.79,0
מעלותתרשיחא,1063,19.3,622,392,388,4,63.02,0
מעלותתרשיחא,1063,20,557,285,282,3,51.17,0
מעלותתרשיחא,1063,22,617,388,385,3,62.88,0
מעלותתרשיחא,1063,25.1,395,234,226,8,59.24,0
מעלותתרשיחא,1063,25.2,311,193,192,1,62.06,0
מעלותתרשיחא,1063,26.1,390,248,248,0,63.59,0
מעלותתרשיחא,1063,26.2,390,250,246,4,64.1,0
מעלותתרשיחא,1063,28,749,444,437,7,59.28,0
מעלותתרשיחא,1063,30,343,232,231,1,67.64,0
מעלותתרשיחא,1063,31,457,304,304,0,66.52,0
מעלותתרשיחא,1063,32.1,628,440,439,1,70.06,0
מעלותתרשיחא,1063,32.2,627,423,420,3,67.46,0
מעלותתרשיחא,1063,33,463,293,290,3,63.28,0
מעלותתרשיחא,1063,990.1,471,318,318,0,67.52,0
מעלותתרשיחא,1063,990.2,471,308,307,1,65.39,0
מענית,344,1,588,472,471,1,80.27,0
מעש,230,1,659,492,492,0,74.66,0
מפלסים,668,1.1,361,245,243,2,67.87,0
מפלסים,668,1.2,361,253,251,2,70.08,0
מצדות יהודה,3745,1,477,361,361,0,75.68,0
מצובה,325,1,419,283,283,0,67.54,0
מצובה,325,2,463,313,313,0,67.6,0
מצליח,757,1,514,397,392,5,77.24,0
מצליח,757,2,444,330,326,4,74.32,0
מצפה,58,1,113,85,85,0,75.22,0
מצפה אביב,1222,1.1,372,279,279,0,75.0,0
מצפה אביב,1222,1.2,372,290,290,0,77.96,0
מצפה אילן,1370,1,325,267,266,1,82.15,0
מצפה יריחו,3576,1.1,700,529,527,2,75.57,0
מצפה יריחו,3576,1.2,699,548,548,0,78.4,0
מצפה נטופה,1190,1,680,488,484,4,71.76,0
מצפה רמון,99,1.1,364,217,215,2,59.62,0
מצפה רמון,99,1.2,363,190,190,0,52.34,0
מצפה רמון,99,2,531,292,288,4,54.99,0
מצפה רמון,99,3,679,329,327,2,48.45,0
מצפה רמון,99,4,665,276,270,6,41.5,0
מצפה רמון,99,5,586,346,341,5,59.04,0
מצפה רמון,99,6,551,335,333,2,60.8,0
מצפה שלם,3610,1,265,191,190,1,72.08,0
מצר,648,1,430,299,298,1,69.53,0
מקווה ישראל,22,1,157,111,111,0,70.7,0
מרגליות,843,1,354,220,219,1,62.15,0
מרום גולן,4101,1,606,416,415,1,68.65,0
מרחב עם,1340,1,225,184,184,0,81.78,0
מרחביה מושב,97,1,603,434,434,0,71.97,0
מרחביה קיבוץ,66,1,481,324,323,1,67.36,0
מרחביה קיבוץ,66,2,469,332,325,7,70.79,0
מרכז שפירא,1098,1.1,652,528,528,0,80.98,0
מרכז שפירא,1098,1.2,652,528,528,0,80.98,0
מרכז שפירא,1098,2,316,261,261,0,82.59,0
משאבי שדה,421,1,455,276,276,0,60.66,0
משגב דב,765,1,521,392,390,2,75.24,0
משגב עם,378,1,272,177,175,2,65.07,0
משהד,520,1.1,358,158,157,1,44.13,0
משהד,520,1.2,357,158,157,1,44.26,0
משהד,520,3.1,530,310,306,4,58.49,0
משהד,520,3.2,530,300,296,4,56.6,0
משהד,520,3.3,528,203,199,4,38.45,0
משהד,520,4.1,494,283,279,4,57.29,0
משהד,520,4.2,494,255,255,0,51.62,0
משהד,520,4.3,494,296,294,2,59.92,0
משהד,520,7.1,547,206,203,3,37.66,0
משהד,520,7.2,547,207,203,4,37.84,0
משהד,520,7.3,547,207,207,0,37.84,0
משהד,520,7.4,546,309,306,3,56.59,0
משואה,3605,1,212,158,156,2,74.53,0
משואות יצחק,620,1,450,375,374,1,83.33,0
משכיות,3785,1,104,88,88,0,84.62,0
משמר איילון,670,1,404,337,337,0,83.42,0
משמר דוד,563,1.1,368,307,305,2,83.42,0
משמר דוד,563,1.2,367,309,309,0,84.2,0
משמר הירדן,732,1,582,435,434,1,74.74,0
משמר הנגב,395,1,471,298,296,2,63.27,0
משמר הנגב,395,2,392,264,263,1,67.35,0
משמר העמק,130,1,439,332,330,2,75.63,0
משמר העמק,130,2,500,384,383,1,76.8,0
משמר השבעה,729,1.1,358,282,279,3,78.77,0
משמר השבעה,729,1.2,358,273,272,1,76.26,0
משמר השרון,194,1,517,335,334,1,64.8,0
משמרות,213,1.1,367,280,280,0,76.29,0
משמרות,213,1.2,367,301,301,0,82.02,0
משמרת,425,1,677,532,532,0,78.58,0
משען,791,1.1,363,283,283,0,77.96,0
משען,791,1.2,362,286,286,0,79.01,0
מתן,1315,4.1,663,483,483,0,72.85,0
מתן,1315,4.2,663,478,476,2,72.1,0
מתן,1315,4.3,663,469,468,1,70.74,0
מתן,1315,4.4,663,473,471,2,71.34,0
מתת,1184,1,178,103,103,0,57.87,0
מתתיהו,3648,1,521,378,374,4,72.55,0
נאות גולן,4551,1,474,324,318,6,68.35,0
נאות הכיכר,1124,1,225,146,146,0,64.89,0
נאות מרדכי,408,1,539,383,379,4,71.06,0
נאות סמדר,1197,1,268,155,155,0,57.84,0
נאעורה,524,1.1,530,279,278,1,52.64,0
נאעורה,524,1.2,530,312,309,3,58.87,0
נאעורה,524,1.3,530,269,263,6,50.75,0
נבטים,396,1.1,395,311,310,1,78.73,0
נבטים,396,1.2,395,315,315,0,79.75,0
נגבה,315,1.1,363,234,233,1,64.46,0
נגבה,315,1.2,363,241,241,0,66.39,0
נגוהות,3724,1,230,195,195,0,84.78,0
נהורה,309,1,472,357,357,0,75.64,0
נהורה,309,2,500,361,359,2,72.2,0
נהלל,80,1,425,313,312,1,73.65,0
נהלל,80,2,411,307,306,1,74.7,0
נהריה,9100,1,502,322,321,1,64.14,0
נהריה,9100,3,692,326,326,0,47.11,0
נהריה,9100,5.1,675,378,377,1,56.0,0
נהריה,9100,5.2,675,367,364,3,54.37,0
נהריה,9100,5.3,675,345,341,4,51.11,0
נהריה,9100,6,583,293,290,3,50.26,0
נהריה,9100,7,608,336,335,1,55.26,0
נהריה,9100,10,674,413,408,5,61.28,0
נהריה,9100,11,569,293,292,1,51.49,0
נהריה,9100,15,482,287,287,0,59.54,0
נהריה,9100,16,495,286,285,1,57.78,0
נהריה,9100,17,516,320,320,0,62.02,0
נהריה,9100,18.1,657,387,381,6,58.9,0
נהריה,9100,18.2,657,390,384,6,59.36,0
נהריה,9100,18.3,657,358,357,1,54.49,0
נהריה,9100,19,656,340,335,5,51.83,0
נהריה,9100,20,671,302,295,7,45.01,0
נהריה,9100,21,647,324,320,4,50.08,0
נהריה,9100,22,560,269,265,4,48.04,0
נהריה,9100,24,526,340,340,0,64.64,0
נהריה,9100,26,491,315,314,1,64.15,0
נהריה,9100,29,635,472,470,2,74.33,0
נהריה,9100,30,738,533,528,5,72.22,0
נהריה,9100,31,633,433,432,1,68.4,0
נהריה,9100,32,556,345,342,3,62.05,0
נהריה,9100,33,681,392,388,4,57.56,0
נהריה,9100,34,636,350,345,5,55.03,0
נהריה,9100,35,692,460,453,7,66.47,0
נהריה,9100,37.1,508,305,303,2,60.04,0
נהריה,9100,37.2,508,285,281,4,56.1,0
נהריה,9100,37.3,508,275,274,1,54.13,0
נהריה,9100,38.1,682,439,436,3,64.37,0
נהריה,9100,38.2,682,432,427,5,63.34,0
נהריה,9100,38.3,682,414,412,2,60.7,0
נהריה,9100,38.4,682,416,414,2,61.0,0
נהריה,9100,38.5,682,359,353,6,52.64,0
נהריה,9100,38.6,678,381,380,1,56.19,0
נהריה,9100,42,590,400,399,1,67.8,0
נהריה,9100,43,754,421,421,0,55.84,0
נהריה,9100,44,745,473,470,3,63.49,0
נהריה,9100,46,567,276,275,1,48.68,0
נהריה,9100,49,767,478,474,4,62.32,0
נהריה,9100,51.1,618,379,378,1,61.33,0
נהריה,9100,51.2,618,383,380,3,61.97,0
נהריה,9100,51.3,618,373,364,9,60.36,0
נהריה,9100,51.4,618,416,413,3,67.31,0
נהריה,9100,52.1,652,395,390,5,60.58,0
נהריה,9100,52.2,652,404,403,1,61.96,0
נהריה,9100,52.3,650,384,383,1,59.08,0
נהריה,9100,57,577,356,353,3,61.7,0
נהריה,9100,60,654,419,417,2,64.07,0
נהריה,9100,62.1,664,435,432,3,65.51,0
נהריה,9100,62.2,664,374,372,2,56.33,0
נהריה,9100,62.3,664,440,436,4,66.27,0
נהריה,9100,62.4,664,393,388,5,59.19,0
נהריה,9100,62.5,664,420,412,8,63.25,0
נהריה,9100,65,532,330,330,0,62.03,0
נהריה,9100,66,646,454,451,3,70.28,0
נהריה,9100,68,681,494,493,1,72.54,0
נהריה,9100,72,449,295,291,4,65.7,0
נהריה,9100,73,546,324,321,3,59.34,0
נהריה,9100,75,531,360,359,1,67.8,0
נהריה,9100,77.1,700,448,447,1,64.0,0
נהריה,9100,77.2,700,432,427,5,61.71,0
נהריה,9100,77.3,700,459,456,3,65.57,0
נהריה,9100,77.4,698,408,404,4,58.45,0
נהריה,9100,78.1,633,338,334,4,53.4,0
נהריה,9100,78.2,633,338,335,3,53.4,0
נהריה,9100,78.3,633,368,364,4,58.14,0
נהריה,9100,79,501,324,322,2,64.67,0
נהריה,9100,80,690,464,458,6,67.25,0
נהריה,9100,81,680,439,438,1,64.56,0
נהריה,9100,82.1,630,377,375,2,59.84,0
נהריה,9100,82.2,630,343,342,1,54.44,0
נהריה,9100,82.3,630,358,354,4,56.83,0
נהריה,9100,82.4,629,392,387,5,62.32,0
נהריה,9100,83.1,698,481,477,4,68.91,0
נהריה,9100,83.2,698,450,450,0,64.47,0
נהריה,9100,83.3,698,460,458,2,65.9,0
נהריה,9100,83.4,698,440,438,2,63.04,0
נהריה,9100,83.5,698,451,449,2,64.61,0
נהריה,9100,83.6,697,461,455,6,66.14,0
נהריה,9100,84,695,490,490,0,70.5,0
נהריה,9100,85,558,367,361,6,65.77,0
נהריה,9100,86,741,496,495,1,66.94,0
נהריה,9100,90,648,402,400,2,62.04,0
נהריה,9100,951,534,349,348,1,65.36,0
נוב,4304,1,574,417,415,2,72.65,0
נוגה,55,1,435,324,323,1,74.48,0
נוה צוף,3573,1.1,430,324,324,0,75.35,0
נוה צוף,3573,1.2,392,308,306,2,78.57,0
נווה,1366,1,373,295,295,0,79.09,0
נווה אור,590,1,345,229,228,1,66.38,0
נווה אטיב,4303,1,180,96,96,0,53.33,0
נווה אילן,405,1.1,368,265,265,0,72.01,0
נווה אילן,405,1.2,368,241,240,1,65.49,0
נווה איתן,296,1,190,119,118,1,62.63,0
נווה דניאל,3725,1,436,300,300,0,68.81,0
נווה דניאל,3725,2,631,469,467,2,74.33,0
נווה דניאל,3725,3,571,387,387,0,67.78,0
נווה זוהר,1057,1,57,19,19,0,33.33,0
נווה זיו,1314,1,609,426,425,1,69.95,0
נווה ים,312,1,211,155,155,0,73.46,0
נווה ימין,686,1,482,363,362,1,75.31,0
נווה ימין,686,2,469,339,339,0,72.28,0
נווה ירק,858,1,384,294,294,0,76.56,0
נווה ירק,858,2,476,356,356,0,74.79,0
נווה מבטח,827,1,509,391,390,1,76.82,0
נווה מיכאל,1071,1,488,375,373,2,76.84,0
נווה שלום,1259,1,253,186,185,1,73.52,0
נועם,15,1,316,247,244,3,78.16,0
נוף איילון,1333,1,628,475,475,0,75.64,0
נוף איילון,1333,2,551,429,429,0,77.86,0
נוף איילון,1333,3,503,391,391,0,77.73,0
נוף הגליל,1061,1.1,560,356,353,3,63.57,0
נוף הגליל,1061,1.2,559,328,322,6,58.68,0
נוף הגליל,1061,3,446,277,269,8,62.11,0
נוף הגליל,1061,4.1,666,298,291,7,44.74,0
נוף הגליל,1061,4.2,666,318,311,7,47.75,0
נוף הגליל,1061,4.3,666,303,296,7,45.5,0
נוף הגליל,1061,5.1,366,227,225,2,62.02,0
נוף הגליל,1061,5.2,365,210,203,7,57.53,0
נוף הגליל,1061,6.1,375,207,207,0,55.2,0
נוף הגליל,1061,6.2,374,210,209,1,56.15,0
נוף הגליל,1061,8.1,591,205,203,2,34.69,0
נוף הגליל,1061,8.2,591,235,232,3,39.76,0
נוף הגליל,1061,8.3,591,248,247,1,41.96,0
נוף הגליל,1061,8.4,589,208,203,5,35.31,0
נוף הגליל,1061,10,692,359,358,1,51.88,0
נוף הגליל,1061,11,665,360,351,9,54.14,0
נוף הגליל,1061,15,464,236,232,4,50.86,0
נוף הגליל,1061,17.1,559,266,262,4,47.58,0
נוף הגליל,1061,17.2,559,295,292,3,52.77,0
נוף הגליל,1061,17.3,559,292,288,4,52.24,0
נוף הגליל,1061,17.4,558,271,266,5,48.57,0
נוף הגליל,1061,18,570,203,201,2,35.61,0
נוף הגליל,1061,19,539,338,337,1,62.71,0
נוף הגליל,1061,20,518,271,268,3,52.32,0
נוף הגליל,1061,21.1,551,287,282,5,52.09,0
נוף הגליל,1061,21.2,551,270,261,9,49.0,0
נוף הגליל,1061,21.3,551,259,253,6,47.01,0
נוף הגליל,1061,21.4,550,240,234,6,43.64,0
נוף הגליל,1061,22,554,205,196,9,37.0,0
נוף הגליל,1061,23,577,253,248,5,43.85,0
נוף הגליל,1061,25.1,387,179,178,1,46.25,0
נוף הגליל,1061,25.2,386,209,206,3,54.15,0
נוף הגליל,1061,26,534,270,268,2,50.56,0
נוף הגליל,1061,27,613,282,274,8,46.0,0
נוף הגליל,1061,28.1,570,289,284,5,50.7,0
נוף הגליל,1061,28.2,570,312,308,4,54.74,0
נוף הגליל,1061,28.3,570,310,307,3,54.39,0
נוף הגליל,1061,28.4,570,287,282,5,50.35,0
נוף הגליל,1061,31,396,200,197,3,50.51,0
נוף הגליל,1061,33,553,269,266,3,48.64,0
נוף הגליל,1061,34,422,212,208,4,50.24,0
נוף הגליל,1061,35.1,510,352,352,0,69.02,0
נוף הגליל,1061,35.2,509,336,335,1,66.01,0
נוף הגליל,1061,36,770,421,415,6,54.68,0
נוף הגליל,1061,37,660,390,383,7,59.09,0
נוף הגליל,1061,38.1,647,345,340,5,53.32,0
נוף הגליל,1061,38.2,647,380,372,8,58.73,0
נוף הגליל,1061,42,623,409,406,3,65.65,0
נוף הגליל,1061,43,631,326,319,7,51.66,0
נוף הגליל,1061,47.1,698,413,410,3,59.17,0
נוף הגליל,1061,47.2,698,403,401,2,57.74,0
נוף הגליל,1061,47.3,698,410,405,5,58.74,0
נוף הגליל,1061,47.4,698,375,374,1,53.72,0
נוף הגליל,1061,48,409,166,163,3,40.59,0
נוף הגליל,1061,50.1,532,300,299,1,56.39,0
נוף הגליל,1061,50.2,532,298,293,5,56.02,0
נוף הגליל,1061,52,367,129,126,3,35.15,0
נוף הגליל,1061,55,652,407,400,7,62.42,0
נוף הגליל,1061,56,599,350,348,2,58.43,0
נוף הגליל,1061,57,658,330,321,9,50.15,0
נוף הגליל,1061,58.1,643,327,325,2,50.86,0
נוף הגליל,1061,60.1,385,243,238,5,63.12,0
נוף הגליל,1061,60.2,385,272,271,1,70.65,0
נוף הגליל,1061,70,598,343,338,5,57.36,0
נוף הגליל,1061,71.1,378,181,179,2,47.88,0
נוף הגליל,1061,71.2,312,166,163,3,53.21,0
נוף הגליל,1061,72,774,451,449,2,58.27,0
נוף הגליל,1061,73,697,355,345,10,50.93,0
נוף הגליל,1061,74,687,372,370,2,54.15,0
נוף הגליל,1061,75,669,353,350,3,52.77,0
נוף הגליל,1061,76,698,465,458,7,66.62,0
נוף הגליל,1061,951,710,444,437,7,62.54,0
נופים,3790,1,636,469,468,1,73.74,0
נופית,1284,1.1,676,495,495,0,73.22,0
נופית,1284,1.2,676,482,481,1,71.3,0
נופית,1284,1.3,676,506,501,5,74.85,0
נופך,257,1,406,332,329,3,81.77,0
נוקדים,3726,2.1,477,337,335,2,70.65,0
נוקדים,3726,2.2,477,348,347,1,72.96,0
נוקדים,3726,2.3,475,342,340,2,72.0,0
נורדיה,447,1,468,364,364,0,77.78,0
נורדיה,447,2,539,367,365,2,68.09,0
נורדיה,447,3,524,197,197,0,37.6,0
נורית,833,1,148,115,115,0,77.7,0
נחושה,59,1,427,318,318,0,74.47,0
נחושה,59,2,463,339,337,2,73.22,0
נחל עוז,844,1,355,251,250,1,70.7,0
נחלה,2045,1,483,399,398,1,82.61,0
נחליאל,3767,1,346,266,264,2,76.88,0
נחלים,449,2.1,452,363,362,1,80.31,0
נחלים,449,2.2,451,366,365,1,81.15,0
נחם,809,1,418,330,328,2,78.95,0
נחף,522,2,671,377,374,3,56.18,0
נחף,522,6,676,363,360,3,53.7,0
נחף,522,7.1,687,440,440,0,64.05,0
נחף,522,7.2,686,371,368,3,54.08,0
נחף,522,8,672,398,396,2,59.23,0
נחף,522,9.1,662,419,419,0,63.29,0
נחף,522,9.2,662,377,374,3,56.95,0
נחף,522,13.1,668,379,376,3,56.74,0
נחף,522,13.2,668,386,383,3,57.78,0
נחף,522,13.3,668,398,396,2,59.58,0
נחף,522,14.1,616,358,357,1,58.12,0
נחף,522,14.2,616,389,385,4,63.15,0
נחף,522,14.3,616,372,367,5,60.39,0
נחף,522,14.4,613,332,330,2,54.16,0
נחשולים,433,1,546,415,414,1,76.01,0
נחשון,777,1,478,352,351,1,73.64,0
נחשונים,705,1,363,256,256,0,70.52,0
נטועה,1147,1,257,193,193,0,75.1,0
נטור,4014,1,312,228,228,0,73.08,0
נטע,1369,1,344,280,278,2,81.4,0
נטעים,174,1,592,445,444,1,75.17,0
נטף,1254,1,377,284,282,2,75.33,0
ניין,523,2.1,482,274,268,6,56.85,0
ניין,523,2.2,482,223,220,3,46.27,0
ניין,523,2.3,482,250,250,0,51.87,0
נילי,3655,1,672,488,487,1,72.62,0
נילי,3655,2,637,475,473,2,74.57,0
ניצן,351,1.1,530,395,394,1,74.53,0
ניצן,351,1.2,530,395,395,0,74.53,0
ניצן,351,1.3,528,412,409,3,78.03,0
ניצן ב,1419,1,235,160,160,0,68.09,0
ניצן ב,1419,3,231,173,173,0,74.89,0
ניצנה קהילת חינוך,1195,1,324,75,74,1,23.15,0
ניצני סיני,1280,1,231,150,150,0,64.94,0
ניצני עוז,851,1.1,383,302,301,1,78.85,0
ניצני עוז,851,1.2,382,263,261,2,68.85,0
ניצנים,359,1,445,355,355,0,79.78,0
ניר אליהו,808,1,425,316,314,2,74.35,0
ניר בנים,553,1,604,460,459,1,76.16,0
ניר גלים,720,1,664,524,522,2,78.92,0
ניר דוד תל עמל,256,1,641,461,457,4,71.92,0
ניר חן,11,1,445,299,299,0,67.19,0
ניר יפה,165,1,461,334,333,1,72.45,0
ניר יצחק,402,1,561,367,363,4,65.42,0
ניר ישראל,699,1,616,465,464,1,75.49,0
ניר משה,2047,1,436,302,301,1,69.27,0
ניר עוז,69,1,329,241,239,2,73.25,0
ניר עם,348,1,460,316,316,0,68.7,0
ניר עציון,769,1,431,308,308,0,71.46,0
ניר עקיבא,2048,1,467,327,326,1,70.02,0
ניר צבי,331,1,415,316,315,1,76.14,0
ניר צבי,331,2,478,360,360,0,75.31,0
נירים,602,1,416,292,292,0,70.19,0
נירית,1236,1,455,320,317,3,70.33,0
נירית,1236,2,427,322,322,0,75.41,0
נס הרים,825,1,433,305,303,2,70.44,0
נס הרים,825,2,451,337,337,0,74.72,0
נס עמים,1143,1,256,209,209,0,81.64,0
נס ציונה,7200,2.1,543,360,359,1,66.3,0
נס ציונה,7200,2.2,543,382,381,1,70.35,0
נס ציונה,7200,2.3,542,360,359,1,66.42,0
נס ציונה,7200,3,631,397,393,4,62.92,0
נס ציונה,7200,4.1,617,433,430,3,70.18,0
נס ציונה,7200,4.2,617,457,453,4,74.07,0
נס ציונה,7200,4.3,617,442,440,2,71.64,0
נס ציונה,7200,4.4,617,462,459,3,74.88,0
נס ציונה,7200,8.1,607,459,459,0,75.62,0
נס ציונה,7200,8.2,607,478,477,1,78.75,0
נס ציונה,7200,8.3,607,482,481,1,79.41,0
נס ציונה,7200,8.4,607,464,461,3,76.44,0
נס ציונה,7200,8.5,606,471,469,2,77.72,0
נס ציונה,7200,13.1,700,511,509,2,73.0,0
נס ציונה,7200,13.2,700,493,493,0,70.43,0
נס ציונה,7200,13.3,700,506,503,3,72.29,0
נס ציונה,7200,13.4,698,507,506,1,72.64,0
נס ציונה,7200,14.1,650,533,530,3,82.0,0
נס ציונה,7200,14.2,650,527,526,1,81.08,0
נס ציונה,7200,14.3,649,542,542,0,83.51,0
נס ציונה,7200,15.1,669,457,455,2,68.31,0
נס ציונה,7200,15.2,669,472,469,3,70.55,0
נס ציונה,7200,15.3,669,471,468,3,70.4,0
נס ציונה,7200,16.1,582,426,426,0,73.2,0
נס ציונה,7200,16.2,582,425,425,0,73.02,0
נס ציונה,7200,16.3,582,418,414,4,71.82,0
נס ציונה,7200,16.4,582,433,433,0,74.4,0
נס ציונה,7200,16.5,582,436,431,5,74.91,0
נס ציונה,7200,18,607,348,342,6,57.33,0
נס ציונה,7200,19,504,381,378,3,75.6,0
נס ציונה,7200,20,494,346,343,3,70.04,0
נס ציונה,7200,23,551,420,415,5,76.23,0
נס ציונה,7200,25.1,489,360,359,1,73.62,0
נס ציונה,7200,25.2,489,381,380,1,77.91,0
נס ציונה,7200,25.3,487,389,388,1,79.88,0
נס ציונה,7200,31,541,427,426,1,78.93,0
נס ציונה,7200,32,478,338,327,11,70.71,0
נס ציונה,7200,33,548,396,389,7,72.26,0
נס ציונה,7200,35.1,674,542,540,2,80.42,0
נס ציונה,7200,35.2,674,525,522,3,77.89,0
נס ציונה,7200,35.3,674,550,550,0,81.6,0
נס ציונה,7200,35.4,673,527,526,1,78.31,0
נס ציונה,7200,50,605,432,431,1,71.4,0
נס ציונה,7200,51,606,371,367,4,61.22,0
נס ציונה,7200,52,641,467,466,1,72.85,0
נס ציונה,7200,53,538,401,397,4,74.54,0
נס ציונה,7200,62.1,653,492,491,1,75.34,0
נס ציונה,7200,62.2,653,503,502,1,77.03,0
נס ציונה,7200,62.3,652,491,488,3,75.31,0
נס ציונה,7200,66.1,636,509,509,0,80.03,0
נס ציונה,7200,66.2,636,514,514,0,80.82,0
נס ציונה,7200,66.3,636,531,531,0,83.49,0
נס ציונה,7200,66.4,636,498,497,1,78.3,0
נס ציונה,7200,66.5,636,501,501,0,78.77,0
נס ציונה,7200,66.6,635,513,509,4,80.79,0
נס ציונה,7200,952.1,646,516,516,0,79.88,0
נס ציונה,7200,952.2,646,496,496,0,76.78,0
נעורים,186,1,158,62,61,1,39.24,0
נעלה,3787,2.1,546,408,407,1,74.73,0
נעלה,3787,2.2,546,402,399,3,73.63,0
נעלה,3787,2.3,545,413,411,2,75.78,0
נעמה,3713,1,171,110,110,0,64.33,0
נען,158,1,693,492,492,0,71.0,0
נען,158,2,658,500,499,1,75.99,0
נצאצרה שבט,1041,1,345,140,140,0,40.58,0
נצר חזני,1372,1,295,254,254,0,86.1,0
נצר סרני,435,1,661,542,541,1,82.0,0
נצרת,7300,7.1,659,328,327,1,49.77,0
נצרת,7300,7.2,659,342,335,7,51.9,0
נצרת,7300,7.3,659,289,288,1,43.85,0
נצרת,7300,7.4,659,321,318,3,48.71,0
נצרת,7300,7.5,657,390,389,1,59.36,0
נצרת,7300,9.1,581,281,274,7,48.36,0
נצרת,7300,9.2,581,243,240,3,41.82,0
נצרת,7300,9.3,581,292,290,2,50.26,0
נצרת,7300,9.4,580,310,307,3,53.45,0
נצרת,7300,11.1,651,334,331,3,51.31,0
נצרת,7300,11.2,651,323,319,4,49.62,0
נצרת,7300,11.3,651,344,340,4,52.84,0
נצרת,7300,11.4,651,297,292,5,45.62,0
נצרת,7300,15.1,675,288,281,7,42.67,0
נצרת,7300,15.2,675,339,336,3,50.22,0
נצרת,7300,15.3,675,232,228,4,34.37,0
נצרת,7300,15.4,675,279,277,2,41.33,0
נצרת,7300,15.5,675,264,259,5,39.11,0
נצרת,7300,15.6,675,314,309,5,46.52,0
נצרת,7300,15.7,675,262,261,1,38.81,0
נצרת,7300,15.8,675,273,270,3,40.44,0
נצרת,7300,15.9,674,286,282,4,42.43,0
נצרת,7300,16.1,663,346,343,3,52.19,0
נצרת,7300,16.2,663,370,367,3,55.81,0
נצרת,7300,16.3,663,318,317,1,47.96,0
נצרת,7300,16.4,663,385,384,1,58.07,0
נצרת,7300,16.5,663,314,311,3,47.36,0
נצרת,7300,16.6,658,362,361,1,55.02,0
נצרת,7300,18,620,235,233,2,37.9,0
נצרת,7300,21,628,331,328,3,52.71,0
נצרת,7300,24.1,688,338,336,2,49.13,0
נצרת,7300,24.2,688,344,342,2,50.0,0
נצרת,7300,27.1,553,240,239,1,43.4,0
נצרת,7300,27.2,553,229,226,3,41.41,0
נצרת,7300,27.3,551,236,232,4,42.83,0
נצרת,7300,28,643,333,332,1,51.79,0
נצרת,7300,29,589,324,322,2,55.01,0
נצרת,7300,35.1,650,325,320,5,50.0,0
נצרת,7300,35.2,650,301,297,4,46.31,0
נצרת,7300,35.3,650,285,282,3,43.85,0
נצרת,7300,35.4,650,316,314,2,48.62,0
נצרת,7300,35.5,647,325,325,0,50.23,0
נצרת,7300,36.1,561,353,352,1,62.92,0
נצרת,7300,36.2,561,270,269,1,48.13,0
נצרת,7300,36.3,561,283,279,4,50.45,0
נצרת,7300,36.4,561,289,286,3,51.52,0
נצרת,7300,36.5,558,308,306,2,55.2,0
נצרת,7300,54,699,333,330,3,47.64,0
נצרת,7300,55,670,326,320,6,48.66,0
נצרת,7300,60.1,627,299,297,2,47.69,0
נצרת,7300,60.2,627,312,307,5,49.76,0
נצרת,7300,60.3,627,298,293,5,47.53,0
נצרת,7300,60.4,627,363,358,5,57.89,0
נצרת,7300,60.5,627,333,327,6,53.11,0
נצרת,7300,60.6,625,294,294,0,47.04,0
נצרת,7300,61,541,333,332,1,61.55,0
נצרת,7300,69.1,576,324,324,0,56.25,0
נצרת,7300,69.2,576,283,280,3,49.13,0
נצרת,7300,69.3,576,239,234,5,41.49,0
נצרת,7300,69.4,573,262,258,4,45.72,0
נצרת,7300,70.1,484,159,158,1,32.85,0
נצרת,7300,70.2,484,253,249,4,52.27,0
נצרת,7300,70.3,483,221,220,1,45.76,0
נצרת,7300,72.1,567,219,216,3,38.62,0
נצרת,7300,72.2,567,275,273,2,48.5,0
נצרת,7300,72.3,567,251,248,3,44.27,0
נצרת,7300,72.4,566,264,263,1,46.64,0
נצרת,7300,74,576,320,316,4,55.56,0
נצרת,7300,81.1,601,327,325,2,54.41,0
נצרת,7300,81.2,601,326,325,1,54.24,0
נצרת,7300,81.3,601,320,317,3,53.24,0
נצרת,7300,81.4,601,287,286,1,47.75,0
נצרת,7300,81.5,601,250,249,1,41.6,0
נצרת,7300,81.6,598,341,331,10,57.02,0
נצרת,7300,82.1,540,276,273,3,51.11,0
נצרת,7300,82.2,540,218,216,2,40.37,0
נצרת,7300,82.3,540,202,197,5,37.41,0
נצרת,7300,82.4,537,206,204,2,38.36,0
נצרת,7300,84.1,624,370,368,2,59.29,0
נצרת,7300,84.2,624,335,333,2,53.69,0
נצרת,7300,84.3,624,345,341,4,55.29,0
נצרת,7300,84.4,624,324,323,1,51.92,0
נצרת,7300,84.5,624,344,341,3,55.13,0
נצרת,7300,84.6,624,336,336,0,53.85,0
נצרת,7300,85,357,156,154,2,43.7,0
נצרת,7300,86.1,660,316,315,1,47.88,0
נצרת,7300,86.2,660,333,328,5,50.45,0
נצרת,7300,86.3,660,289,284,5,43.79,0
נצרת,7300,86.4,660,286,284,2,43.33,0
נצרת,7300,86.5,660,245,241,4,37.12,0
נצרת,7300,86.6,660,280,275,5,42.42,0
נצרת,7300,86.7,660,300,299,1,45.45,0
נצרת,7300,88,644,379,375,4,58.85,0
נצרת,7300,950.1,575,224,223,1,38.96,0
נצרת,7300,950.2,575,285,282,3,49.57,0
נצרת,7300,950.3,575,231,228,3,40.17,0
נצרת,7300,950.4,575,256,256,0,44.52,0
נשר,2500,1,539,343,342,1,63.64,0
נשר,2500,2,562,349,345,4,62.1,0
נשר,2500,3,572,339,336,3,59.27,0
נשר,2500,4,501,263,261,2,52.5,0
נשר,2500,5.1,501,328,323,5,65.47,0
נשר,2500,5.2,500,297,295,2,59.4,0
נשר,2500,7.1,671,405,399,6,60.36,0
נשר,2500,9.1,627,326,323,3,51.99,0
נשר,2500,9.2,627,294,292,2,46.89,0
נשר,2500,10,506,218,217,1,43.08,0
נשר,2500,11,376,146,146,0,38.83,0
נשר,2500,12,334,154,154,0,46.11,0
נשר,2500,13,421,196,191,5,46.56,0
נשר,2500,14,575,274,269,5,47.65,0
נשר,2500,16,636,384,382,2,60.38,0
נשר,2500,17,659,473,469,4,71.78,0
נשר,2500,20.1,590,352,351,1,59.66,0
נשר,2500,20.2,590,378,373,5,64.07,0
נשר,2500,20.3,590,377,374,3,63.9,0
נשר,2500,20.4,590,351,349,2,59.49,0
נשר,2500,20.5,587,340,339,1,57.92,0
נשר,2500,22.1,678,476,474,2,70.21,0
נשר,2500,22.2,677,457,454,3,67.5,0
נשר,2500,25,557,347,346,1,62.3,0
נשר,2500,26,657,435,435,0,66.21,0
נשר,2500,28.1,689,454,451,3,65.89,0
נשר,2500,28.2,688,451,441,10,65.55,0
נשר,2500,29,552,407,406,1,73.73,0
נשר,2500,30,522,355,353,2,68.01,0
נשר,2500,31,495,345,342,3,69.7,0
נשר,2500,32,504,300,293,7,59.52,0
נשר,2500,33,617,438,433,5,70.99,0
נשר,2500,35,373,291,291,0,78.02,0
נשר,2500,36,390,306,306,0,78.46,0
נשר,2500,37,691,563,557,6,81.48,0
נתיב הגדוד,3555,1,225,137,136,1,60.89,0
נתיב הלה,693,1,501,370,370,0,73.85,0
נתיב העשרה,1242,1.1,371,285,285,0,76.82,0
נתיב העשרה,1242,1.2,371,287,286,1,77.36,0
נתיב השיירה,792,1,419,309,309,0,73.75,0
נתיבות,246,1,699,456,454,2,65.24,0
נתיבות,246,2,607,451,448,3,74.3,0
נתיבות,246,4,516,340,335,5,65.89,0
נתיבות,246,5,556,380,376,4,68.35,0
נתיבות,246,6,591,375,372,3,63.45,0
נתיבות,246,7.1,517,377,377,0,72.92,0
נתיבות,246,7.2,516,383,382,1,74.22,0
נתיבות,246,8,537,441,439,2,82.12,0
נתיבות,246,9.1,664,562,561,1,84.64,0
נתיבות,246,9.2,664,560,556,4,84.34,0
נתיבות,246,10,348,252,251,1,72.41,0
נתיבות,246,11,374,216,214,2,57.75,0
נתיבות,246,12.1,395,285,284,1,72.15,0
נתיבות,246,12.2,395,294,294,0,74.43,0
נתיבות,246,13.1,488,298,298,0,61.07,0
נתיבות,246,13.2,488,304,299,5,62.3,0
נתיבות,246,13.3,488,250,248,2,51.23,0
נתיבות,246,14,570,424,421,3,74.39,0
נתיבות,246,15,494,379,378,1,76.72,0
נתיבות,246,16,617,455,450,5,73.74,0
נתיבות,246,18.1,488,388,388,0,79.51,0
נתיבות,246,18.2,488,381,379,2,78.07,0
נתיבות,246,18.3,488,361,358,3,73.98,0
נתיבות,246,19,561,379,373,6,67.56,0
נתיבות,246,20.1,372,283,280,3,76.08,0
נתיבות,246,20.2,372,266,264,2,71.51,0
נתיבות,246,21.1,668,529,528,1,79.19,0
נתיבות,246,21.2,668,528,526,2,79.04,0
נתיבות,246,21.3,668,537,536,1,80.39,0
נתיבות,246,21.4,668,527,523,4,78.89,0
נתיבות,246,21.5,668,514,512,2,76.95,0
נתיבות,246,21.6,668,536,536,0,80.24,0
נתיבות,246,21.7,666,492,491,1,73.87,0
נתיבות,246,22.1,674,516,514,2,76.56,0
נתיבות,246,22.2,674,491,490,1,72.85,0
נתיבות,246,23,667,594,593,1,89.06,0
נתיבות,246,26.1,537,433,430,3,80.63,0
נתיבות,246,26.2,536,434,434,0,80.97,0
נתיבות,246,27.1,355,264,264,0,74.37,0
נתיבות,246,27.2,354,273,271,2,77.12,0
נתיבות,246,28,686,494,491,3,72.01,0
נתיבות,246,30,668,580,579,1,86.83,0
נתיבות,246,34,614,469,466,3,76.38,0
נתיבות,246,35.1,533,444,444,0,83.3,0
נתיבות,246,35.2,533,424,423,1,79.55,0
נתיבות,246,35.3,532,408,407,1,76.69,0
נתיבות,246,41,603,493,493,0,81.76,0
נתיבות,246,42,421,339,339,0,80.52,0
נתיבות,246,45.1,604,478,477,1,79.14,0
נתיבות,246,45.2,604,477,476,1,78.97,0
נתיבות,246,45.3,604,465,463,2,76.99,0
נתניה,7400,43,538,228,224,4,42.38,0
נתניה,7400,44.1,537,223,218,5,41.53,0
נתניה,7400,44.2,537,231,228,3,43.02,0
נתניה,7400,44.3,537,221,219,2,41.15,0
נתניה,7400,44.4,537,200,199,1,37.24,0
נתניה,7400,54.1,615,290,288,2,47.15,0
נתניה,7400,54.2,615,299,293,6,48.62,0
נתניה,7400,54.3,615,303,301,2,49.27,0
נתניה,7400,54.4,615,292,290,2,47.48,0
נתניה,7400,54.5,615,279,277,2,45.37,0
נתניה,7400,54.6,610,299,294,5,49.02,0
נתניה,7400,68.1,612,406,404,2,66.34,0
נתניה,7400,68.2,612,408,408,0,66.67,0
נתניה,7400,68.3,612,418,412,6,68.3,0
נתניה,7400,68.4,612,411,403,8,67.16,0
נתניה,7400,68.5,611,391,386,5,63.99,0
נתניה,7400,81,580,293,288,5,50.52,0
נתניה,7400,82,646,360,357,3,55.73,0
נתניה,7400,84.1,670,373,370,3,55.67,0
נתניה,7400,84.2,669,386,382,4,57.7,0
נתניה,7400,85,510,388,387,1,76.08,0
נתניה,7400,86,650,332,327,5,51.08,0
נתניה,7400,87,575,298,295,3,51.83,0
נתניה,7400,92,652,323,316,7,49.54,0
נתניה,7400,94,411,229,227,2,55.72,0
נתניה,7400,95,591,294,289,5,49.75,0
נתניה,7400,96,469,231,228,3,49.25,0
נתניה,7400,97,550,285,279,6,51.82,0
נתניה,7400,98,643,330,324,6,51.32,0
נתניה,7400,99,655,297,291,6,45.34,0
נתניה,7400,100,511,285,282,3,55.77,0
נתניה,7400,101,557,219,217,2,39.32,0
נתניה,7400,102,507,243,241,2,47.93,0
נתניה,7400,103,498,262,261,1,52.61,0
נתניה,7400,104,552,294,290,4,53.26,0
נתניה,7400,105,532,241,237,4,45.3,0
נתניה,7400,106,372,226,225,1,60.75,0
נתניה,7400,108.1,648,377,375,2,58.18,0
נתניה,7400,108.2,648,384,378,6,59.26,0
נתניה,7400,108.3,648,394,392,2,60.8,0
נתניה,7400,108.4,646,356,354,2,55.11,0
נתניה,7400,109.1,533,302,298,4,56.66,0
נתניה,7400,109.2,533,296,294,2,55.53,0
נתניה,7400,109.3,533,304,300,4,57.04,0
נתניה,7400,109.4,533,294,294,0,55.16,0
נתניה,7400,114,522,258,254,4,49.43,0
נתניה,7400,119.1,639,436,431,5,68.23,0
נתניה,7400,119.2,639,405,403,2,63.38,0
נתניה,7400,119.3,639,420,419,1,65.73,0
נתניה,7400,119.4,639,458,457,1,71.67,0
נתניה,7400,119.5,639,418,414,4,65.41,0
נתניה,7400,119.6,639,392,387,5,61.35,0
נתניה,7400,120.1,677,348,347,1,51.4,0
נתניה,7400,120.2,677,323,320,3,47.71,0
נתניה,7400,120.3,677,363,359,4,53.62,0
נתניה,7400,120.4,677,305,303,2,45.05,0
נתניה,7400,120.5,677,313,310,3,46.23,0
נתניה,7400,120.6,675,336,332,4,49.78,0
נתניה,7400,125.1,669,344,343,1,51.42,0
נתניה,7400,125.2,669,316,314,2,47.23,0
נתניה,7400,125.3,669,334,333,1,49.93,0
נתניה,7400,125.4,667,312,304,8,46.78,0
נתניה,7400,151.1,648,429,427,2,66.2,0
נתניה,7400,151.2,648,409,405,4,63.12,0
נתניה,7400,151.3,648,431,427,4,66.51,0
נתניה,7400,151.4,648,427,425,2,65.9,0
נתניה,7400,151.5,648,425,424,1,65.59,0
נתניה,7400,152,576,275,272,3,47.74,0
נתניה,7400,153,522,273,271,2,52.3,0
נתניה,7400,154,592,398,395,3,67.23,0
נתניה,7400,157.1,627,325,325,0,51.83,0
נתניה,7400,157.2,627,301,300,1,48.01,0
נתניה,7400,157.3,627,331,328,3,52.79,0
נתניה,7400,157.4,627,369,369,0,58.85,0
נתניה,7400,157.5,627,322,321,1,51.36,0
נתניה,7400,157.6,625,307,306,1,49.12,0
נתניה,7400,163,549,335,329,6,61.02,0
נתניה,7400,167.1,686,442,439,3,64.43,0
נתניה,7400,167.2,686,440,437,3,64.14,0
נתניה,7400,167.3,686,462,461,1,67.35,0
נתניה,7400,167.4,684,480,480,0,70.18,0
נתניה,7400,168.1,638,451,449,2,70.69,0
נתניה,7400,168.2,638,445,442,3,69.75,0
נתניה,7400,168.3,638,476,467,9,74.61,0
נתניה,7400,168.4,638,416,415,1,65.2,0
נתניה,7400,168.5,636,412,411,1,64.78,0
נתניה,7400,171,611,279,278,1,45.66,0
נתניה,7400,173,693,479,479,0,69.12,0
נתניה,7400,175,408,241,240,1,59.07,0
נתניה,7400,176.1,643,378,375,3,58.79,0
נתניה,7400,176.2,643,362,361,1,56.3,0
נתניה,7400,176.3,643,369,366,3,57.39,0
נתניה,7400,176.4,643,355,348,7,55.21,0
נתניה,7400,176.5,643,343,341,2,53.34,0
נתניה,7400,176.6,638,356,355,1,55.8,0
נתניה,7400,181,677,457,457,0,67.5,0
נתניה,7400,183,515,315,313,2,61.17,0
נתניה,7400,186.1,675,327,323,4,48.44,0
נתניה,7400,186.2,675,316,313,3,46.81,0
נתניה,7400,186.3,674,277,273,4,41.1,0
נתניה,7400,190.1,558,330,330,0,59.14,0
נתניה,7400,190.2,558,307,307,0,55.02,0
נתניה,7400,219.1,651,390,389,1,59.91,0
נתניה,7400,219.2,651,380,375,5,58.37,0
נתניה,7400,219.3,651,380,378,2,58.37,0
נתניה,7400,219.4,649,366,363,3,56.39,0
נתניה,7400,230.1,629,428,427,1,68.04,0
נתניה,7400,230.2,629,404,400,4,64.23,0
נתניה,7400,230.3,629,421,417,4,66.93,0
נתניה,7400,230.4,629,414,413,1,65.82,0
נתניה,7400,230.5,629,410,408,2,65.18,0
נתניה,7400,230.6,629,401,398,3,63.75,0
נתניה,7400,230.7,627,407,406,1,64.91,0
נתניה,7400,236,553,276,274,2,49.91,0
נתניה,7400,238.1,659,423,421,2,64.19,0
נתניה,7400,238.2,659,422,421,1,64.04,0
נתניה,7400,238.3,659,373,372,1,56.6,0
נתניה,7400,238.4,659,388,387,1,58.88,0
נתניה,7400,238.5,659,368,367,1,55.84,0
נתניה,7400,241,576,408,407,1,70.83,0
נתניה,7400,254,608,422,422,0,69.41,0
נתניה,7400,259,627,433,432,1,69.06,0
נתניה,7400,260.1,697,478,477,1,68.58,0
נתניה,7400,260.2,697,485,482,3,69.58,0
נתניה,7400,260.3,697,498,498,0,71.45,0
נתניה,7400,260.4,697,461,456,5,66.14,0
נתניה,7400,260.5,697,521,521,0,74.75,0
נתניה,7400,260.6,697,475,474,1,68.15,0
נתניה,7400,260.7,694,479,478,1,69.02,0
נתניה,7400,263.1,658,326,324,2,49.54,0
נתניה,7400,263.2,658,312,311,1,47.42,0
נתניה,7400,263.3,658,305,303,2,46.35,0
נתניה,7400,263.4,658,314,314,0,47.72,0
נתניה,7400,263.5,658,327,327,0,49.7,0
נתניה,7400,263.6,658,333,333,0,50.61,0
נתניה,7400,263.7,658,281,278,3,42.71,0
נתניה,7400,263.8,658,238,238,0,36.17,0
נתניה,7400,263.9,651,304,301,3,46.7,0
נתניה,7400,267.1,626,472,470,2,75.4,0
נתניה,7400,267.2,626,464,462,2,74.12,0
נתניה,7400,267.3,626,472,471,1,75.4,0
נתניה,7400,267.4,626,460,459,1,73.48,0
נתניה,7400,267.5,626,501,500,1,80.03,0
נתניה,7400,267.6,626,475,473,2,75.88,0
נתניה,7400,267.7,626,481,474,7,76.84,0
נתניה,7400,267.8,626,459,453,6,73.32,0
נתניה,7400,267.9,624,475,474,1,76.12,0
נתניה,7400,269,647,482,478,4,74.5,0
נתניה,7400,271,668,469,466,3,70.21,0
נתניה,7400,272,676,494,494,0,73.08,0
נתניה,7400,273,668,477,477,0,71.41,0
נתניה,7400,277.1,485,336,333,3,69.28,0
נתניה,7400,277.2,485,389,389,0,80.21,0
נתניה,7400,277.3,485,361,359,2,74.43,0
נתניה,7400,293.1,577,382,381,1,66.2,0
נתניה,7400,293.2,577,409,408,1,70.88,0
נתניה,7400,293.3,577,404,403,1,70.02,0
נתניה,7400,293.4,577,408,403,5,70.71,0
נתניה,7400,293.5,574,383,383,0,66.72,0
נתניה,7400,297,488,293,292,1,60.04,0
נתניה,7400,298.1,683,462,460,2,67.64,0
נתניה,7400,298.2,683,448,447,1,65.59,0
נתניה,7400,298.3,683,427,424,3,62.52,0
נתניה,7400,298.4,683,438,437,1,64.13,0
נתניה,7400,298.5,683,417,415,2,61.05,0
נתניה,7400,298.6,681,442,442,0,64.9,0
נתניה,7400,299.1,639,276,273,3,43.19,0
נתניה,7400,299.2,639,273,272,1,42.72,0
נתניה,7400,299.3,639,241,240,1,37.72,0
נתניה,7400,299.4,639,276,273,3,43.19,0
נתניה,7400,299.5,639,251,250,1,39.28,0
נתניה,7400,299.6,638,218,217,1,34.17,0
נתניה,7400,954,616,426,420,6,69.16,0
נתניה,7400,959,656,417,415,2,63.57,0
נתניה,7400,4.1,659,452,450,2,68.59,0
נתניה,7400,4.2,659,426,425,1,64.64,0
נתניה,7400,4.3,659,461,460,1,69.95,0
נתניה,7400,4.4,658,440,438,2,66.87,0
נתניה,7400,7.1,369,268,268,0,72.63,0
נתניה,7400,7.2,369,265,264,1,71.82,0
נתניה,7400,8,623,351,345,6,56.34,0
נתניה,7400,9,500,262,261,1,52.4,0
נתניה,7400,11,509,314,313,1,61.69,0
נתניה,7400,14.1,684,430,428,2,62.87,0
נתניה,7400,14.2,684,421,419,2,61.55,0
נתניה,7400,14.3,684,425,419,6,62.13,0
נתניה,7400,14.4,684,422,418,4,61.7,0
נתניה,7400,17,621,340,333,7,54.75,0
נתניה,7400,20,470,224,222,2,47.66,0
נתניה,7400,22.1,581,374,373,1,64.37,0
נתניה,7400,22.2,581,376,374,2,64.72,0
נתניה,7400,25,658,407,403,4,61.85,0
נתניה,7400,30.1,616,358,357,1,58.12,0
נתניה,7400,30.2,616,401,398,3,65.1,0
נתניה,7400,30.3,616,332,328,4,53.9,0
נתניה,7400,30.4,616,375,371,4,60.88,0
נתניה,7400,30.5,616,361,359,2,58.6,0
נתניה,7400,30.6,616,357,353,4,57.95,0
נתניה,7400,30.7,616,365,365,0,59.25,0
נתניה,7400,34.1,665,334,333,1,50.23,0
נתניה,7400,34.2,665,337,334,3,50.68,0
נתניה,7400,34.3,665,360,360,0,54.14,0
נתניה,7400,34.4,665,323,320,3,48.57,0
נתניה,7400,34.5,665,331,330,1,49.77,0
נתניה,7400,35.1,605,220,218,2,36.36,0
נתניה,7400,35.2,605,241,239,2,39.83,0
נתניה,7400,35.3,605,240,236,4,39.67,0
נתניה,7400,35.4,602,221,221,0,36.71,0
נתניה,7400,36,597,235,231,4,39.36,0
נתניה,7400,37,494,187,185,2,37.85,0
נתניה,7400,38,669,288,284,4,43.05,0
נתניה,7400,40.1,627,288,282,6,45.93,0
נתניה,7400,40.2,627,245,242,3,39.07,0
נתניה,7400,56.1,641,263,263,0,41.03,0
נתניה,7400,56.2,641,272,272,0,42.43,0
נתניה,7400,56.3,640,275,273,2,42.97,0
נתניה,7400,61,656,322,320,2,49.09,0
נתניה,7400,71.1,686,461,457,4,67.2,0
נתניה,7400,71.2,685,459,458,1,67.01,0
נתניה,7400,128,582,338,337,1,58.08,0
נתניה,7400,133,531,317,315,2,59.7,0
נתניה,7400,134,578,309,307,2,53.46,0
נתניה,7400,135.1,622,380,377,3,61.09,0
נתניה,7400,135.2,622,368,366,2,59.16,0
נתניה,7400,135.3,622,376,373,3,60.45,0
נתניה,7400,135.4,622,358,355,3,57.56,0
נתניה,7400,135.5,621,360,359,1,57.97,0
נתניה,7400,137.1,623,211,208,3,33.87,0
נתניה,7400,137.2,623,207,205,2,33.23,0
נתניה,7400,137.3,623,247,244,3,39.65,0
נתניה,7400,137.4,623,164,161,3,26.32,0
נתניה,7400,137.5,620,178,178,0,28.71,0
נתניה,7400,138,620,270,269,1,43.55,0
נתניה,7400,143.1,612,214,211,3,34.97,0
נתניה,7400,143.2,612,236,233,3,38.56,0
נתניה,7400,143.3,612,214,214,0,34.97,0
נתניה,7400,143.4,609,202,202,0,33.17,0
נתניה,7400,149,669,341,336,5,50.97,0
נתניה,7400,165,690,181,179,2,26.23,0
נתניה,7400,180,607,109,109,0,17.96,0
נתניה,7400,193.1,503,402,400,2,79.92,0
נתניה,7400,193.2,503,401,399,2,79.72,0
נתניה,7400,193.3,501,395,393,2,78.84,0
נתניה,7400,195,383,216,213,3,56.4,0
נתניה,7400,196.1,626,362,360,2,57.83,0
נתניה,7400,196.2,626,390,388,2,62.3,0
נתניה,7400,196.3,626,364,360,4,58.15,0
נתניה,7400,196.4,626,354,353,1,56.55,0
נתניה,7400,196.5,626,327,324,3,52.24,0
נתניה,7400,196.6,624,329,327,2,52.72,0
נתניה,7400,224,501,150,149,1,29.94,0
נתניה,7400,239.1,691,435,434,1,62.95,0
נתניה,7400,239.2,690,431,428,3,62.46,0
נתניה,7400,240.1,657,424,421,3,64.54,0
נתניה,7400,240.2,657,437,431,6,66.51,0
נתניה,7400,240.3,657,464,463,1,70.62,0
נתניה,7400,240.4,657,424,422,2,64.54,0
נתניה,7400,240.5,657,381,379,2,57.99,0
נתניה,7400,240.6,655,407,405,2,62.14,0
נתניה,7400,242.1,587,359,358,1,61.16,0
נתניה,7400,242.2,587,368,365,3,62.69,0
נתניה,7400,242.3,587,384,380,4,65.42,0
נתניה,7400,242.4,584,349,346,3,59.76,0
נתניה,7400,244,641,352,351,1,54.91,0
נתניה,7400,284.1,610,207,207,0,33.93,0
נתניה,7400,284.2,610,166,164,2,27.21,0
נתניה,7400,284.3,610,198,196,2,32.46,0
נתניה,7400,284.4,610,194,194,0,31.8,0
נתניה,7400,284.5,606,168,168,0,27.72,0
נתניה,7400,285,560,62,61,1,11.07,0
נתניה,7400,289,638,162,161,1,25.39,0
נתניה,7400,303,630,212,210,2,33.65,0
נתניה,7400,958,586,199,196,3,33.96,0
נתניה,7400,1,683,452,449,3,66.18,0
נתניה,7400,75,568,378,372,6,66.55,0
נתניה,7400,76.1,665,444,440,4,66.77,0
נתניה,7400,76.2,665,451,449,2,67.82,0
נתניה,7400,185,568,411,410,1,72.36,0
נתניה,7400,200.1,653,409,404,5,62.63,0
נתניה,7400,200.2,653,431,429,2,66.0,0
נתניה,7400,200.3,653,411,404,7,62.94,0
נתניה,7400,200.4,653,403,399,4,61.72,0
נתניה,7400,200.5,653,401,400,1,61.41,0
נתניה,7400,200.6,650,389,386,3,59.85,0
נתניה,7400,204.1,638,436,434,2,68.34,0
נתניה,7400,204.2,638,444,438,6,69.59,0
נתניה,7400,204.3,638,428,427,1,67.08,0
נתניה,7400,204.4,636,397,393,4,62.42,0
נתניה,7400,207.1,631,410,410,0,64.98,0
נתניה,7400,207.2,631,411,410,1,65.13,0
נתניה,7400,207.3,631,405,403,2,64.18,0
נתניה,7400,249.1,589,465,462,3,78.95,0
נתניה,7400,249.2,589,454,450,4,77.08,0
נתניה,7400,249.3,589,450,443,7,76.4,0
נתניה,7400,251.1,637,487,484,3,76.45,0
נתניה,7400,251.2,637,511,510,1,80.22,0
נתניה,7400,251.3,636,480,479,1,75.47,0
נתניה,7400,252.1,530,410,407,3,77.36,0
נתניה,7400,252.2,530,415,415,0,78.3,0
נתניה,7400,252.3,529,441,440,1,83.36,0
נתניה,7400,255.1,534,422,422,0,79.03,0
נתניה,7400,255.2,534,415,413,2,77.72,0
נתניה,7400,255.3,534,407,407,0,76.22,0
נתניה,7400,255.4,531,406,405,1,76.46,0
נתניה,7400,256.1,537,390,388,2,72.63,0
נתניה,7400,256.2,537,378,376,2,70.39,0
נתניה,7400,256.3,537,409,406,3,76.16,0
נתניה,7400,256.4,537,426,426,0,79.33,0
נתניה,7400,258.1,500,398,397,1,79.6,0
נתניה,7400,258.2,500,398,397,1,79.6,0
נתניה,7400,258.3,499,378,377,1,75.75,0
נתניה,7400,279.1,539,400,399,1,74.21,0
נתניה,7400,279.2,539,433,432,1,80.33,0
נתניה,7400,279.3,539,414,413,1,76.81,0
נתניה,7400,279.4,537,408,407,1,75.98,0
נתניה,7400,288.1,528,386,382,4,73.11,0
נתניה,7400,288.2,528,388,387,1,73.48,0
נתניה,7400,288.3,528,405,403,2,76.7,0
נתניה,7400,288.4,527,382,378,4,72.49,0
סאגור,525,1.1,644,389,385,4,60.4,0
סאגור,525,1.2,643,301,301,0,46.81,0
סאגור,525,2,639,366,364,2,57.28,0
סאגור,525,4.1,649,339,333,6,52.23,0
סאגור,525,4.2,648,322,321,1,49.69,0
סאסא,578,1,414,289,289,0,69.81,0
סביון,587,1,694,435,433,2,62.68,0
סביון,587,2,559,423,423,0,75.67,0
סביון,587,3,603,399,398,1,66.17,0
סביון,587,4,574,374,373,1,65.16,0
סביון,587,5,574,406,406,0,70.73,0
סביון,587,101,496,335,335,0,67.54,0
סביון,587,102,485,313,313,0,64.54,0
סגולה,2046,1,446,352,350,2,78.92,0
סואעד חמרייה,942,1,173,56,54,2,32.37,0
סולם,526,3.1,534,259,256,3,48.5,0
סולם,526,3.2,534,312,309,3,58.43,0
סולם,526,3.3,534,292,290,2,54.68,0
סולם,526,3.4,534,274,274,0,51.31,0
סוסיה,3756,1.1,390,295,295,0,75.64,0
סוסיה,3756,1.2,390,301,301,0,77.18,0
סופה,1238,1,189,107,106,1,56.61,0
סחנין,7500,3.1,633,474,472,2,74.88,0
סחנין,7500,3.2,633,406,405,1,64.14,0
סחנין,7500,3.3,632,442,437,5,69.94,0
סחנין,7500,4.1,571,395,393,2,69.18,0
סחנין,7500,4.2,571,367,365,2,64.27,0
סחנין,7500,4.3,571,404,397,7,70.75,0
סחנין,7500,4.4,571,372,368,4,65.15,0
סחנין,7500,9.1,687,457,452,5,66.52,0
סחנין,7500,9.2,687,492,490,2,71.62,0
סחנין,7500,9.3,687,468,468,0,68.12,0
סחנין,7500,9.4,687,416,413,3,60.55,0
סחנין,7500,9.5,687,495,492,3,72.05,0
סחנין,7500,9.6,686,425,422,3,61.95,0
סחנין,7500,13.1,601,396,394,2,65.89,0
סחנין,7500,13.2,601,405,402,3,67.39,0
סחנין,7500,13.3,601,384,380,4,63.89,0
סחנין,7500,13.4,601,430,427,3,71.55,0
סחנין,7500,13.5,597,445,444,1,74.54,0
סחנין,7500,17.1,600,435,428,7,72.5,0
סחנין,7500,17.2,600,437,434,3,72.83,0
סחנין,7500,17.3,600,389,383,6,64.83,0
סחנין,7500,17.4,600,396,394,2,66.0,0
סחנין,7500,17.5,600,343,340,3,57.17,0
סחנין,7500,17.6,595,423,421,2,71.09,0
סחנין,7500,22.1,665,452,445,7,67.97,0
סחנין,7500,22.2,665,469,467,2,70.53,0
סחנין,7500,22.3,665,419,411,8,63.01,0
סחנין,7500,22.4,662,441,440,1,66.62,0
סחנין,7500,26.1,512,353,350,3,68.95,0
סחנין,7500,26.2,512,343,340,3,66.99,0
סחנין,7500,26.3,512,384,379,5,75.0,0
סחנין,7500,27.1,654,472,472,0,72.17,0
סחנין,7500,27.2,654,433,430,3,66.21,0
סחנין,7500,27.3,654,411,409,2,62.84,0
סחנין,7500,33.1,539,430,429,1,79.78,0
סחנין,7500,33.2,539,416,412,4,77.18,0
סחנין,7500,33.3,539,390,385,5,72.36,0
סחנין,7500,33.4,536,368,364,4,68.66,0
סייד שבט,1170,1,265,86,86,0,32.45,0
סייד שבט,1170,2,356,124,123,1,34.83,0
סייד שבט,1170,3,349,114,112,2,32.66,0
סלמה,1245,3.1,612,380,380,0,62.09,0
סלמה,1245,3.2,612,309,303,6,50.49,0
סלמה,1245,3.3,612,310,309,1,50.65,0
סלמה,1245,3.4,609,325,323,2,53.37,0
סלעית,3567,1.1,412,324,321,3,78.64,0
סלעית,3567,1.2,412,335,334,1,81.31,0
סמר,1156,1,239,126,126,0,52.72,0
סנסנה,3777,1,385,292,292,0,75.84,0
סעד,419,1,636,471,468,3,74.06,0
סעוה,1360,1,547,253,250,3,46.25,0
סעוה,1360,2,549,295,288,7,53.73,0
סער,454,1,691,469,469,0,67.87,0
ספיר,1176,1,360,208,204,4,57.78,0
סתריה,610,1,435,323,323,0,74.25,0
סתריה,610,2,365,283,281,2,77.53,0
עגר,4501,1,588,161,158,3,27.38,0
עגר,4501,2,660,207,205,2,31.36,0
עגר,4501,3,596,187,184,3,31.38,0
עבדון,892,1,528,402,402,0,76.14,0
עברון,376,1,700,520,518,2,74.29,0
עגור,794,1,327,247,245,2,75.54,0
עדי,1199,2.1,502,369,369,0,73.51,0
עדי,1199,2.2,502,370,370,0,73.71,0
עדי,1199,2.3,502,368,364,4,73.31,0
עדנים,2035,1,293,220,220,0,75.09,0
עוזה,826,1,342,267,266,1,78.07,0
עוזייר,528,3.1,556,242,240,2,43.53,0
עוזייר,528,3.2,556,258,257,1,46.4,0
עוזייר,528,3.3,556,252,247,5,45.32,0
עוזייר,528,3.4,555,338,336,2,60.9,0
עולש,737,1,454,326,326,0,71.81,0
עולש,737,2,333,254,253,1,76.28,0
עומר,666,1,682,470,468,2,68.91,0
עומר,666,2,556,393,391,2,70.68,0
עומר,666,3,535,373,372,1,69.72,0
עומר,666,4,635,447,446,1,70.39,0
עומר,666,5,534,369,367,2,69.1,0
עומר,666,6.1,472,330,330,0,69.92,0
עומר,666,7,606,299,299,0,49.34,0
עומר,666,8,487,314,313,1,64.48,0
עומר,666,9,478,344,344,0,71.97,0
עומר,666,10,561,407,407,0,72.55,0
עומר,666,11,530,412,411,1,77.74,0
עומר,666,12,566,430,430,0,75.97,0
עופר,810,1,402,307,307,0,76.37,0
עופרה,3617,1,610,447,446,1,73.28,0
עופרה,3617,2.1,422,294,292,2,69.67,0
עופרה,3617,2.2,421,322,322,0,76.48,0
עופרה,3617,3,574,419,418,1,73.0,0
עוצם,32,1,463,385,383,2,83.15,0
עוקבי בנו עוקבה,957,1,353,175,174,1,49.58,0
עזר,1149,1,609,467,466,1,76.68,0
עזריאל,837,1,618,492,491,1,79.61,0
עזריה,711,1,417,349,349,0,83.69,0
עזריה,711,2,392,337,336,1,85.97,0
עזריקם,817,1,465,351,351,0,75.48,0
עזריקם,817,2,527,426,426,0,80.83,0
עטאוונה שבט,969,1,116,34,34,0,29.31,0
עטרת,3658,1,327,264,264,0,80.73,0
עידן,1175,1,340,199,197,2,58.53,0
עיילבון,530,6.1,614,414,414,0,67.43,0
עיילבון,530,6.2,614,430,428,2,70.03,0
עיילבון,530,6.3,614,406,405,1,66.12,0
עיילבון,530,6.4,614,410,409,1,66.78,0
עיילבון,530,6.5,614,445,445,0,72.48,0
עיילבון,530,6.6,614,327,324,3,53.26,0
עיילבון,530,6.7,610,336,334,2,55.08,0
עיינות,156,1,146,46,46,0,31.51,0
עילוט,511,1.1,691,337,331,6,48.77,0
עילוט,511,1.2,690,309,305,4,44.78,0
עילוט,511,5.1,474,229,228,1,48.31,0
עילוט,511,5.2,474,219,217,2,46.2,0
עילוט,511,5.3,474,190,189,1,40.08,0
עילוט,511,8.1,566,285,282,3,50.35,0
עילוט,511,8.2,566,259,256,3,45.76,0
עילוט,511,8.3,566,221,217,4,39.05,0
עילוט,511,8.4,563,317,312,5,56.31,0
עילוט,511,9,641,281,275,6,43.84,0
עין איילה,687,1.1,394,281,281,0,71.32,0
עין איילה,687,1.2,394,281,281,0,71.32,0
עין אלאסד,546,1,685,328,326,2,47.88,0
עין גב,273,1,473,302,300,2,63.85,0
עין גדי,2042,1,478,283,283,0,59.21,0
עין דור,436,1,447,263,261,2,58.84,0
עין דור,436,2,480,309,309,0,64.38,0
עין הבשור,1240,1.1,380,259,259,0,68.16,0
עין הבשור,1240,1.2,379,269,268,1,70.98,0
עין הוד,74,1,518,334,333,1,64.48,0
עין החורש,167,1.1,360,286,285,1,79.44,0
עין החורש,167,1.2,360,259,259,0,71.94,0
עין המפרץ,289,1.1,393,300,298,2,76.34,0
עין המפרץ,289,1.2,340,239,239,0,70.29,0
עין הנציב,383,1,438,313,313,0,71.46,0
עין העמק,367,1,627,497,497,0,79.27,0
עין השופט,270,1,466,253,252,1,54.29,0
עין השופט,270,2,443,282,282,0,63.66,0
עין השלושה,676,1,299,175,174,1,58.53,0
עין ורד,157,1,635,483,482,1,76.06,0
עין ורד,157,2,522,395,395,0,75.67,0
עין זיוון,4503,1,336,231,230,1,68.75,0
עין חוד,1320,1,206,109,109,0,52.91,0
עין חרוד איחוד,89,1,506,365,363,2,72.13,0
עין חרוד מאוחד,82,1,694,473,472,1,68.16,0
עין יהב,806,1,618,425,423,2,68.77,0
עין יעקב,813,1.1,413,326,325,1,78.93,0
עין יעקב,813,1.2,363,285,284,1,78.51,0
עין כרמל,426,1,543,405,405,0,74.59,0
עין מאהל,532,3.1,586,307,307,0,52.39,0
עין מאהל,532,3.2,586,322,319,3,54.95,0
עין מאהל,532,3.3,586,320,317,3,54.61,0
עין מאהל,532,3.4,586,299,297,2,51.02,0
עין מאהל,532,6.1,576,288,284,4,50.0,0
עין מאהל,532,6.2,576,286,282,4,49.65,0
עין מאהל,532,6.3,576,329,325,4,57.12,0
עין מאהל,532,6.4,574,317,311,6,55.23,0
עין מאהל,532,10.1,543,269,269,0,49.54,0
עין מאהל,532,10.2,543,318,315,3,58.56,0
עין מאהל,532,10.3,543,250,248,2,46.04,0
עין מאהל,532,10.4,540,231,229,2,42.78,0
עין מאהל,532,12.1,575,295,292,3,51.3,0
עין מאהל,532,12.2,575,290,289,1,50.43,0
עין מאהל,532,12.3,575,293,292,1,50.96,0
עין מאהל,532,12.4,575,336,333,3,58.43,0
עין מאהל,532,12.5,573,294,292,2,51.31,0
עין נקובא,521,1,630,411,409,2,65.24,0
עין נקובא,521,2,659,363,360,3,55.08,0
עין נקובא,521,3,577,329,327,2,57.02,0
עין עירון,223,1,423,320,320,0,75.65,0
עין צורים,622,1,470,382,381,1,81.28,0
עין קנייא,4502,1,207,31,31,0,14.98,0
עין ראפה,514,1.1,362,180,177,3,49.72,0
עין ראפה,514,1.2,361,202,200,2,55.96,0
עין שמר,139,1,646,461,461,0,71.36,0
עין שריד,880,1,581,443,442,1,76.25,0
עין שריד,880,2,531,399,392,7,75.14,0
עין תמר,1251,1,158,98,98,0,62.03,0
עינת,871,1,600,479,478,1,79.83,0
עכו,7600,2,696,410,408,2,58.91,0
עכו,7600,5.1,506,315,313,2,62.25,0
עכו,7600,5.2,506,269,267,2,53.16,0
עכו,7600,5.3,505,262,260,2,51.88,0
עכו,7600,6,549,329,326,3,59.93,0
עכו,7600,7,577,368,368,0,63.78,0
עכו,7600,8,578,431,430,1,74.57,0
עכו,7600,9,583,366,359,7,62.78,0
עכו,7600,10,643,353,350,3,54.9,0
עכו,7600,11.1,672,453,452,1,67.41,0
עכו,7600,11.2,672,457,452,5,68.01,0
עכו,7600,11.3,672,475,475,0,70.68,0
עכו,7600,11.4,672,450,450,0,66.96,0
עכו,7600,11.5,671,437,432,5,65.13,0
עכו,7600,15.1,694,507,504,3,73.05,0
עכו,7600,15.2,694,525,525,0,75.65,0
עכו,7600,15.3,694,484,482,2,69.74,0
עכו,7600,18.1,483,338,338,0,69.98,0
עכו,7600,18.2,483,370,370,0,76.6,0
עכו,7600,18.3,481,353,350,3,73.39,0
עכו,7600,20,564,386,385,1,68.44,0
עכו,7600,21.1,357,176,175,1,49.3,0
עכו,7600,21.2,357,165,163,2,46.22,0
עכו,7600,22.1,652,283,275,8,43.4,0
עכו,7600,22.2,652,288,283,5,44.17,0
עכו,7600,22.3,650,310,306,4,47.69,0
עכו,7600,24,618,333,330,3,53.88,0
עכו,7600,26,522,293,291,2,56.13,0
עכו,7600,27,562,277,273,4,49.29,0
עכו,7600,28,497,212,208,4,42.66,0
עכו,7600,29,538,250,245,5,46.47,0
עכו,7600,30,530,260,258,2,49.06,0
עכו,7600,34.1,626,308,303,5,49.2,0
עכו,7600,34.2,625,325,316,9,52.0,0
עכו,7600,36.1,375,188,188,0,50.13,0
עכו,7600,36.2,374,182,181,1,48.66,0
עכו,7600,37,541,256,251,5,47.32,0
עכו,7600,38,517,308,302,6,59.57,0
עכו,7600,39.1,648,367,365,2,56.64,0
עכו,7600,39.2,648,387,386,1,59.72,0
עכו,7600,39.3,647,357,354,3,55.18,0
עכו,7600,40.1,619,308,305,3,49.76,0
עכו,7600,40.2,619,357,351,6,57.67,0
עכו,7600,40.3,619,336,332,4,54.28,0
עכו,7600,40.4,619,373,370,3,60.26,0
עכו,7600,41,628,298,289,9,47.45,0
עכו,7600,43,576,270,265,5,46.88,0
עכו,7600,44,521,272,271,1,52.21,0
עכו,7600,45,518,276,270,6,53.28,0
עכו,7600,46,456,217,214,3,47.59,0
עכו,7600,50,429,214,214,0,49.88,0
עכו,7600,52,632,333,328,5,52.69,0
עכו,7600,53,665,310,308,2,46.62,0
עכו,7600,55.1,684,521,520,1,76.17,0
עכו,7600,55.2,683,517,516,1,75.7,0
עכו,7600,56.1,667,424,421,3,63.57,0
עכו,7600,56.2,667,385,376,9,57.72,0
עכו,7600,56.3,667,351,346,5,52.62,0
עכו,7600,56.4,665,341,336,5,51.28,0
עכו,7600,57,643,342,340,2,53.19,0
עכו,7600,58,661,356,347,9,53.86,0
עכו,7600,60,547,265,261,4,48.45,0
עכו,7600,63,413,280,279,1,67.8,0
עכו,7600,64.1,660,499,498,1,75.61,0
עכו,7600,64.2,659,478,471,7,72.53,0
עכו,7600,72,583,397,395,2,68.1,0
עכו,7600,73,623,436,430,6,69.98,0
עכו,7600,74,521,375,371,4,71.98,0
עכו,7600,75.1,577,383,377,6,66.38,0
עכו,7600,75.2,577,361,360,1,62.56,0
עכו,7600,75.3,577,341,341,0,59.1,0
עכו,7600,75.4,577,370,364,6,64.12,0
עכו,7600,75.5,573,369,365,4,64.4,0
עכו,7600,80,613,262,257,5,42.74,0
עלומים,1146,1,347,249,246,3,71.76,0
עלי,3765,1,559,413,412,1,73.88,0
עלי,3765,2,625,454,453,1,72.64,0
עלי,3765,3,578,418,418,0,72.32,0
עלי,3765,4,556,405,403,2,72.84,0
עלי זהב,3727,1.1,686,568,567,1,82.8,0
עלי זהב,3727,1.2,686,575,575,0,83.82,0
עלי זהב,3727,1.3,684,575,575,0,84.06,0
עלמה,688,1,595,461,458,3,77.48,0
עלמון,3715,1,469,346,340,6,73.77,0
עלמון,3715,2,568,433,431,2,76.23,0
עמוקה,1212,1,156,104,104,0,66.67,0
עמיחי,3824,1,100,86,86,0,86.0,0
עמינדב,779,1,652,467,463,4,71.63,0
עמיעד,385,1,473,283,282,1,59.83,0
עמיעוז,318,1,223,163,163,0,73.09,0
עמיקם,773,1,548,394,394,0,71.9,0
עמיר,319,1,532,375,375,0,70.49,0
עמנואל,3660,1,624,401,400,1,64.26,0
עמנואל,3660,2,627,525,520,5,83.73,0
עמנואל,3660,3,689,548,544,4,79.54,0
עמנואל,3660,4,627,472,468,4,75.28,0
עמקה,708,1,610,456,452,4,74.75,0
ענב,3712,1,560,459,459,0,81.96,0
עספיא,534,3.1,700,347,341,6,49.57,0
עספיא,534,3.2,699,395,389,6,56.51,0
עספיא,534,6.1,379,192,189,3,50.66,0
עספיא,534,6.2,378,180,177,3,47.62,0
עספיא,534,9.1,486,249,248,1,51.23,0
עספיא,534,9.2,486,249,247,2,51.23,0
עספיא,534,9.3,485,236,232,4,48.66,0
עספיא,534,11.1,696,345,341,4,49.57,0
עספיא,534,11.2,696,338,338,0,48.56,0
עספיא,534,12.1,579,284,282,2,49.05,0
עספיא,534,12.2,579,313,310,3,54.06,0
עספיא,534,12.3,579,303,299,4,52.33,0
עספיא,534,12.4,578,333,330,3,57.61,0
עספיא,534,13.1,560,295,291,4,52.68,0
עספיא,534,13.2,560,320,314,6,57.14,0
עספיא,534,13.3,560,281,279,2,50.18,0
עספיא,534,13.4,560,287,286,1,51.25,0
עפולה,7700,1,640,408,405,3,63.75,0
עפולה,7700,2.1,351,188,185,3,53.56,0
עפולה,7700,2.2,350,217,215,2,62.0,0
עפולה,7700,3,624,311,304,7,49.84,0
עפולה,7700,4,590,329,323,6,55.76,0
עפולה,7700,5,532,374,372,2,70.3,0
עפולה,7700,6,583,380,378,2,65.18,0
עפולה,7700,7,612,343,339,4,56.05,0
עפולה,7700,8.1,615,397,394,3,64.55,0
עפולה,7700,8.2,615,420,419,1,68.29,0
עפולה,7700,8.3,615,402,400,2,65.37,0
עפולה,7700,8.4,615,408,407,1,66.34,0
עפולה,7700,9.1,700,373,370,3,53.29,0
עפולה,7700,12,659,404,400,4,61.31,0
עפולה,7700,13,637,320,314,6,50.24,0
עפולה,7700,15,511,290,283,7,56.75,0
עפולה,7700,18.1,356,213,209,4,59.83,0
עפולה,7700,18.2,356,210,209,1,58.99,0
עפולה,7700,20.1,652,450,449,1,69.02,0
עפולה,7700,20.2,652,439,438,1,67.33,0
עפולה,7700,20.3,652,402,401,1,61.66,0
עפולה,7700,20.4,652,440,435,5,67.48,0
עפולה,7700,20.5,650,429,429,0,66.0,0
עפולה,7700,21,654,391,384,7,59.79,0
עפולה,7700,26,684,455,450,5,66.52,0
עפולה,7700,27.1,630,446,445,1,70.79,0
עפולה,7700,27.2,630,453,451,2,71.9,0
עפולה,7700,27.3,630,424,422,2,67.3,0
עפולה,7700,27.4,628,430,429,1,68.47,0
עפולה,7700,30,556,339,338,1,60.97,0
עפולה,7700,32,538,335,333,2,62.27,0
עפולה,7700,36,469,279,273,6,59.49,0
עפולה,7700,37,669,370,361,9,55.31,0
עפולה,7700,38.1,597,370,369,1,61.98,0
עפולה,7700,38.2,597,337,335,2,56.45,0
עפולה,7700,38.3,597,355,351,4,59.46,0
עפולה,7700,38.4,597,342,342,0,57.29,0
עפולה,7700,45,520,302,300,2,58.08,0
עפולה,7700,46,653,406,403,3,62.17,0
עפולה,7700,47,643,372,360,12,57.85,0
עפולה,7700,49.1,624,415,414,1,66.51,0
עפולה,7700,49.2,624,426,426,0,68.27,0
עפולה,7700,49.3,624,423,423,0,67.79,0
עפולה,7700,49.4,624,423,420,3,67.79,0
עפולה,7700,49.5,624,434,434,0,69.55,0
עפולה,7700,49.6,624,424,423,1,67.95,0
עפולה,7700,49.7,624,429,429,0,68.75,0
עפולה,7700,49.8,624,400,399,1,64.1,0
עפולה,7700,49.9,624,447,445,2,71.63,0
עפולה,7700,50.1,592,383,381,2,64.7,0
עפולה,7700,50.2,592,380,373,7,64.19,0
עפולה,7700,50.3,592,395,392,3,66.72,0
עפולה,7700,50.4,592,383,377,6,64.7,0
עפולה,7700,50.5,592,347,347,0,58.61,0
עפולה,7700,50.6,588,333,328,5,56.63,0
עפולה,7700,54,552,357,353,4,64.67,0
עפולה,7700,55.1,569,386,386,0,67.84,0
עפולה,7700,55.2,568,427,425,2,75.18,0
עפולה,7700,59.1,595,373,371,2,62.69,0
עפולה,7700,59.2,595,366,361,5,61.51,0
עפולה,7700,59.3,594,343,340,3,57.74,0
עפולה,7700,61.1,661,466,463,3,70.5,0
עפולה,7700,61.2,661,457,449,8,69.14,0
עפולה,7700,61.3,661,457,453,4,69.14,0
עפולה,7700,61.4,661,469,468,1,70.95,0
עפולה,7700,61.5,659,488,482,6,74.05,0
עפולה,7700,62.1,685,486,485,1,70.95,0
עפולה,7700,62.2,685,472,471,1,68.91,0
עפולה,7700,68.1,599,402,402,0,67.11,0
עפולה,7700,68.2,599,408,406,2,68.11,0
עפולה,7700,68.3,599,413,410,3,68.95,0
עפולה,7700,70.1,651,373,369,4,57.3,0
עפולה,7700,70.2,651,288,285,3,44.24,0
עפולה,7700,70.3,651,363,361,2,55.76,0
עפולה,7700,70.4,651,321,319,2,49.31,0
עפולה,7700,70.5,648,312,308,4,48.15,0
עצמון שגב,917,1,512,326,326,0,63.67,0
עצמון שגב,917,2,491,357,356,1,72.71,0
עראבה,531,8.1,683,399,398,1,58.42,0
עראבה,531,8.2,683,460,459,1,67.35,0
עראבה,531,8.3,682,359,355,4,52.64,0
עראבה,531,9.1,542,225,225,0,41.51,0
עראבה,531,9.2,542,289,287,2,53.32,0
עראבה,531,9.3,542,316,313,3,58.3,0
עראבה,531,9.4,540,299,296,3,55.37,0
עראבה,531,12.1,565,348,345,3,61.59,0
עראבה,531,12.2,565,334,329,5,59.12,0
עראבה,531,12.3,565,295,295,0,52.21,0
עראבה,531,12.4,563,327,321,6,58.08,0
עראבה,531,14,658,426,422,4,64.74,0
עראבה,531,16,596,337,337,0,56.54,0
עראבה,531,17,638,311,308,3,48.75,0
עראבה,531,19.1,678,402,401,1,59.29,0
עראבה,531,19.2,678,398,398,0,58.7,0
עראבה,531,19.3,678,394,394,0,58.11,0
עראבה,531,19.4,677,395,395,0,58.35,0
עראבה,531,20,614,413,412,1,67.26,0
עראבה,531,24.1,588,329,328,1,55.95,0
עראבה,531,24.2,588,326,323,3,55.44,0
עראבה,531,24.3,588,360,358,2,61.22,0
עראבה,531,24.4,588,349,347,2,59.35,0
עראבה,531,24.5,587,306,306,0,52.13,0
עראבה,531,25.1,596,310,308,2,52.01,0
עראבה,531,25.2,596,371,370,1,62.25,0
עראבה,531,25.3,596,350,347,3,58.72,0
עראבה,531,25.4,596,335,330,5,56.21,0
עראבה,531,25.5,596,297,294,3,49.83,0
עראבה,531,25.6,595,292,288,4,49.08,0
עראמשה,1246,1,507,242,242,0,47.73,0
עראמשה,1246,2,579,263,261,2,45.42,0
ערב אל נעים,1335,1,579,343,333,10,59.24,0
ערד,2560,2,636,319,314,5,50.16,0
ערד,2560,3,579,356,356,0,61.49,0
ערד,2560,4.1,471,264,261,3,56.05,0
ערד,2560,4.2,471,305,303,2,64.76,0
ערד,2560,4.3,471,281,280,1,59.66,0
ערד,2560,7.1,482,192,191,1,39.83,0
ערד,2560,8,603,372,370,2,61.69,0
ערד,2560,10,618,333,331,2,53.88,0
ערד,2560,13,680,355,352,3,52.21,0
ערד,2560,15.1,604,380,379,1,62.91,0
ערד,2560,15.2,604,392,392,0,64.9,0
ערד,2560,15.3,604,356,355,1,58.94,0
ערד,2560,15.4,604,375,374,1,62.09,0
ערד,2560,15.5,604,377,376,1,62.42,0
ערד,2560,15.6,600,384,383,1,64.0,0
ערד,2560,16,535,307,305,2,57.38,0
ערד,2560,17,689,342,340,2,49.64,0
ערד,2560,18,605,357,354,3,59.01,0
ערד,2560,23,668,388,384,4,58.08,0
ערד,2560,24.1,351,207,206,1,58.97,0
ערד,2560,24.2,350,198,197,1,56.57,0
ערד,2560,25.1,635,399,397,2,62.83,0
ערד,2560,25.2,635,408,406,2,64.25,0
ערד,2560,25.3,635,408,404,4,64.25,0
ערד,2560,25.4,635,394,389,5,62.05,0
ערד,2560,25.5,633,425,420,5,67.14,0
ערד,2560,26,630,323,320,3,51.27,0
ערד,2560,27,383,247,247,0,64.49,0
ערד,2560,29,618,325,318,7,52.59,0
ערד,2560,30.1,486,313,312,1,64.4,0
ערד,2560,30.2,486,277,272,5,57.0,0
ערד,2560,30.3,486,310,309,1,63.79,0
ערד,2560,31.1,648,292,285,7,45.06,0
ערד,2560,31.2,648,293,293,0,45.22,0
ערד,2560,31.3,648,294,292,2,45.37,0
ערד,2560,31.4,646,309,306,3,47.83,0
ערד,2560,33,661,438,437,1,66.26,0
ערד,2560,34,404,111,109,2,27.48,0
ערוגות,593,1,695,554,553,1,79.71,0
ערערה,637,4.1,576,318,318,0,55.21,0
ערערה,637,4.2,576,317,314,3,55.03,0
ערערה,637,4.3,576,335,332,3,58.16,0
ערערה,637,4.4,576,294,290,4,51.04,0
ערערה,637,4.5,574,274,274,0,47.74,0
ערערה,637,6,654,326,323,3,49.85,0
ערערה,637,8.1,696,374,371,3,53.74,0
ערערה,637,8.2,696,372,366,6,53.45,0
ערערה,637,8.3,696,311,308,3,44.68,0
ערערה,637,9,655,380,378,2,58.02,0
ערערה,637,11.1,371,207,204,3,55.8,0
ערערה,637,11.2,370,181,179,2,48.92,0
ערערה,637,13.1,699,406,403,3,58.08,0
ערערה,637,13.2,699,377,374,3,53.93,0
ערערה,637,13.3,698,337,333,4,48.28,0
ערערה,637,14,769,331,328,3,43.04,0
ערערה,637,20.1,620,329,326,3,53.06,0
ערערה,637,20.2,620,338,336,2,54.52,0
ערערה,637,20.3,620,333,330,3,53.71,0
ערערה,637,20.4,620,358,353,5,57.74,0
ערערה,637,20.5,620,320,318,2,51.61,0
ערערה,637,20.6,620,316,312,4,50.97,0
ערערה,637,20.7,618,324,323,1,52.43,0
ערערהבנגב,1192,1,653,467,467,0,71.52,0
ערערהבנגב,1192,2.1,362,216,215,1,59.67,0
ערערהבנגב,1192,2.2,361,211,210,1,58.45,0
ערערהבנגב,1192,4,688,443,440,3,64.39,0
ערערהבנגב,1192,6.1,371,264,264,0,71.16,0
ערערהבנגב,1192,6.2,370,286,285,1,77.3,0
ערערהבנגב,1192,8,676,355,353,2,52.51,0
ערערהבנגב,1192,9.1,476,300,297,3,63.03,0
ערערהבנגב,1192,9.2,476,273,270,3,57.35,0
ערערהבנגב,1192,9.3,476,218,215,3,45.8,0
ערערהבנגב,1192,11.1,639,309,308,1,48.36,0
ערערהבנגב,1192,11.2,638,332,329,3,52.04,0
ערערהבנגב,1192,12,665,492,491,1,73.98,0
ערערהבנגב,1192,13.1,380,157,155,2,41.32,0
ערערהבנגב,1192,13.2,380,257,256,1,67.63,0
ערערהבנגב,1192,14.1,545,250,247,3,45.87,0
ערערהבנגב,1192,14.2,545,258,257,1,47.34,0
ערערהבנגב,1192,14.3,545,264,262,2,48.44,0
ערערהבנגב,1192,14.4,545,247,246,1,45.32,0
עשרת,591,1,486,344,343,1,70.78,0
עשרת,591,2,395,299,299,0,75.7,0
עתלית,53,2.1,469,308,304,4,65.67,0
עתלית,53,2.2,469,287,285,2,61.19,0
עתלית,53,2.3,468,318,316,2,67.95,0
עתלית,53,3.1,360,246,246,0,68.33,0
עתלית,53,3.2,359,262,262,0,72.98,0
עתלית,53,5.1,681,511,510,1,75.04,0
עתלית,53,5.2,681,519,515,4,76.21,0
עתלית,53,5.3,681,490,490,0,71.95,0
עתלית,53,5.4,679,484,484,0,71.28,0
עתלית,53,8.1,698,534,529,5,76.5,0
עתלית,53,8.2,698,533,531,2,76.36,0
עתלית,53,8.3,697,537,537,0,77.04,0
עתניאל,3748,1,501,346,346,0,69.06,0
פארן,1151,1,398,267,267,0,67.09,0
פדואל,3768,1,586,483,483,0,82.42,0
פדואל,3768,2,589,491,491,0,83.36,0
פדויים,750,1,347,257,256,1,74.06,0
פדיה,838,1,612,493,489,4,80.56,0
פוריה  כפר עבודה,1104,1,287,193,192,1,67.25,0
פוריה  נווה עובד,1105,1,503,354,354,0,70.38,0
פוריה  נווה עובד,1105,2,552,372,372,0,67.39,0
פוריה עילית,1313,1,384,250,250,0,65.1,0
פוריה עילית,1313,2,555,358,354,4,64.5,0
פוריידיס,537,6.1,583,229,227,2,39.28,0
פוריידיס,537,6.2,583,183,181,2,31.39,0
פוריידיס,537,6.3,583,211,208,3,36.19,0
פוריידיס,537,6.4,582,259,256,3,44.5,0
פוריידיס,537,7.1,585,221,220,1,37.78,0
פוריידיס,537,7.2,585,195,191,4,33.33,0
פוריידיס,537,7.3,585,248,245,3,42.39,0
פוריידיס,537,7.4,585,232,230,2,39.66,0
פוריידיס,537,9.1,392,129,125,4,32.91,0
פוריידיס,537,9.2,392,149,149,0,38.01,0
פוריידיס,537,10.1,555,244,243,1,43.96,0
פוריידיס,537,10.2,555,201,199,2,36.22,0
פוריידיס,537,10.3,555,269,269,0,48.47,0
פוריידיס,537,10.4,553,228,225,3,41.23,0
פוריידיס,537,12.1,512,206,204,2,40.23,0
פוריידיס,537,12.2,512,177,174,3,34.57,0
פוריידיס,537,12.3,511,185,185,0,36.2,0
פורת,767,1,520,380,378,2,73.08,0
פורת,767,2,404,305,303,2,75.5,0
פטיש,749,1,683,580,576,4,84.92,0
פלך,1185,1,115,98,97,1,85.22,0
פלמחים,597,1,638,455,454,1,71.32,0
פני חבר,3723,1,267,211,211,0,79.03,0
פסגות,3659,1,625,504,502,2,80.64,0
פסגות,3659,2,510,400,399,1,78.43,0
פסוטה,535,1,686,294,294,0,42.86,0
פסוטה,535,4.1,672,301,291,10,44.79,0
פסוטה,535,4.2,672,332,332,0,49.4,0
פסוטה,535,4.3,671,329,328,1,49.03,0
פעמי תשז,2059,1,390,308,308,0,78.97,0
פצאל,3615,1,269,209,209,0,77.7,0
פקיעין בוקייעה,536,1,600,391,390,1,65.17,0
פקיעין בוקייעה,536,2.1,470,274,272,2,58.3,0
פקיעין בוקייעה,536,2.2,470,290,289,1,61.7,0
פקיעין בוקייעה,536,2.3,470,302,297,5,64.26,0
פקיעין בוקייעה,536,3.1,663,386,381,5,58.22,0
פקיעין בוקייעה,536,3.2,662,429,425,4,64.8,0
פקיעין בוקייעה,536,4,630,379,372,7,60.16,0
פקיעין בוקייעה,536,5,674,434,427,7,64.39,0
פקיעין חדשה,281,1,355,282,281,1,79.44,0
פרדס חנהכרכור,7800,1.1,638,449,448,1,70.38,0
פרדס חנהכרכור,7800,1.2,638,466,466,0,73.04,0
פרדס חנהכרכור,7800,1.3,638,443,440,3,69.44,0
פרדס חנהכרכור,7800,1.4,638,453,451,2,71.0,0
פרדס חנהכרכור,7800,5,638,466,466,0,73.04,0
פרדס חנהכרכור,7800,6,618,375,371,4,60.68,0
פרדס חנהכרכור,7800,15,601,323,323,0,53.74,0
פרדס חנהכרכור,7800,17,478,312,310,2,65.27,0
פרדס חנהכרכור,7800,21.1,573,338,337,1,58.99,0
פרדס חנהכרכור,7800,21.2,573,362,359,3,63.18,0
פרדס חנהכרכור,7800,21.3,573,360,355,5,62.83,0
פרדס חנהכרכור,7800,21.4,573,338,338,0,58.99,0
פרדס חנהכרכור,7800,22.1,645,499,499,0,77.36,0
פרדס חנהכרכור,7800,22.2,645,512,512,0,79.38,0
פרדס חנהכרכור,7800,22.3,645,517,512,5,80.16,0
פרדס חנהכרכור,7800,22.4,645,490,490,0,75.97,0
פרדס חנהכרכור,7800,22.5,645,501,499,2,77.67,0
פרדס חנהכרכור,7800,22.6,644,492,491,1,76.4,0
פרדס חנהכרכור,7800,23.1,553,347,346,1,62.75,0
פרדס חנהכרכור,7800,23.2,553,387,386,1,69.98,0
פרדס חנהכרכור,7800,23.3,553,367,365,2,66.37,0
פרדס חנהכרכור,7800,27.1,558,431,431,0,77.24,0
פרדס חנהכרכור,7800,27.2,558,428,428,0,76.7,0
פרדס חנהכרכור,7800,27.3,558,423,421,2,75.81,0
פרדס חנהכרכור,7800,27.4,555,412,412,0,74.23,0
פרדס חנהכרכור,7800,32.1,652,464,463,1,71.17,0
פרדס חנהכרכור,7800,32.2,652,475,474,1,72.85,0
פרדס חנהכרכור,7800,32.3,652,484,482,2,74.23,0
פרדס חנהכרכור,7800,32.4,652,449,449,0,68.87,0
פרדס חנהכרכור,7800,32.5,652,467,466,1,71.63,0
פרדס חנהכרכור,7800,32.6,651,468,467,1,71.89,0
פרדס חנהכרכור,7800,33,665,387,384,3,58.2,0
פרדס חנהכרכור,7800,34,589,397,396,1,67.4,0
פרדס חנהכרכור,7800,37.1,595,425,423,2,71.43,0
פרדס חנהכרכור,7800,37.2,595,417,416,1,70.08,0
פרדס חנהכרכור,7800,37.3,594,426,424,2,71.72,0
פרדס חנהכרכור,7800,38.1,677,467,465,2,68.98,0
פרדס חנהכרכור,7800,38.2,677,451,449,2,66.62,0
פרדס חנהכרכור,7800,38.3,677,459,457,2,67.8,0
פרדס חנהכרכור,7800,38.4,674,418,418,0,62.02,0
פרדס חנהכרכור,7800,41.1,602,429,426,3,71.26,0
פרדס חנהכרכור,7800,41.2,602,443,425,18,73.59,0
פרדס חנהכרכור,7800,41.3,602,430,430,0,71.43,0
פרדס חנהכרכור,7800,41.4,599,411,410,1,68.61,0
פרדס חנהכרכור,7800,42,600,462,461,1,77.0,0
פרדס חנהכרכור,7800,43.1,684,430,428,2,62.87,0
פרדס חנהכרכור,7800,43.2,684,420,418,2,61.4,0
פרדס חנהכרכור,7800,43.3,682,420,418,2,61.58,0
פרדס חנהכרכור,7800,45.1,630,469,468,1,74.44,0
פרדס חנהכרכור,7800,45.2,630,471,470,1,74.76,0
פרדס חנהכרכור,7800,45.3,628,464,464,0,73.89,0
פרדס חנהכרכור,7800,49,478,237,235,2,49.58,0
פרדסיה,171,1.1,372,282,281,1,75.81,0
פרדסיה,171,1.2,371,263,262,1,70.89,0
פרדסיה,171,3,613,488,486,2,79.61,0
פרדסיה,171,4.1,692,498,496,2,71.97,0
פרדסיה,171,4.2,692,520,519,1,75.14,0
פרדסיה,171,5,659,486,485,1,73.75,0
פרדסיה,171,6,656,565,565,0,86.13,0
פרדסיה,171,7,679,509,508,1,74.96,0
פרדסיה,171,8.1,503,391,389,2,77.73,0
פרדסיה,171,8.2,502,387,386,1,77.09,0
פרוד,599,1,435,301,297,4,69.2,0
פרזון,2053,1,333,243,241,2,72.97,0
פרי גן,1231,1,177,114,113,1,64.41,0
פתח תקווה,7900,18.1,653,345,342,3,52.83,0
פתח תקווה,7900,18.2,653,327,327,0,50.08,0
פתח תקווה,7900,18.3,653,365,362,3,55.9,0
פתח תקווה,7900,18.4,653,283,281,2,43.34,0
פתח תקווה,7900,18.5,653,312,306,6,47.78,0
פתח תקווה,7900,18.6,653,318,313,5,48.7,0
פתח תקווה,7900,21,491,277,274,3,56.42,0
פתח תקווה,7900,24,624,422,421,1,67.63,0
פתח תקווה,7900,26.1,639,360,356,4,56.34,0
פתח תקווה,7900,26.2,639,333,332,1,52.11,0
פתח תקווה,7900,26.3,639,378,377,1,59.15,0
פתח תקווה,7900,26.4,639,360,357,3,56.34,0
פתח תקווה,7900,26.5,639,348,346,2,54.46,0
פתח תקווה,7900,26.6,635,314,308,6,49.45,0
פתח תקווה,7900,39,577,398,397,1,68.98,0
פתח תקווה,7900,40,598,382,380,2,63.88,0
פתח תקווה,7900,43.1,647,397,392,5,61.36,0
פתח תקווה,7900,43.2,647,357,354,3,55.18,0
פתח תקווה,7900,43.3,647,392,390,2,60.59,0
פתח תקווה,7900,43.4,647,384,381,3,59.35,0
פתח תקווה,7900,43.5,643,367,366,1,57.08,0
פתח תקווה,7900,49.1,623,422,420,2,67.74,0
פתח תקווה,7900,49.2,623,420,419,1,67.42,0
פתח תקווה,7900,49.3,623,432,430,2,69.34,0
פתח תקווה,7900,49.4,623,443,437,6,71.11,0
פתח תקווה,7900,49.5,623,459,457,2,73.68,0
פתח תקווה,7900,49.6,623,413,411,2,66.29,0
פתח תקווה,7900,49.7,617,427,426,1,69.21,0
פתח תקווה,7900,57,568,383,381,2,67.43,0
פתח תקווה,7900,58,554,396,394,2,71.48,0
פתח תקווה,7900,59,586,380,377,3,64.85,0
פתח תקווה,7900,60.1,653,415,414,1,63.55,0
פתח תקווה,7900,60.2,653,415,409,6,63.55,0
פתח תקווה,7900,60.3,653,437,432,5,66.92,0
פתח תקווה,7900,60.4,653,384,382,2,58.81,0
פתח תקווה,7900,63,612,377,373,4,61.6,0
פתח תקווה,7900,64,649,476,473,3,73.34,0
פתח תקווה,7900,149,617,362,357,5,58.67,0
פתח תקווה,7900,154.1,573,401,398,3,69.98,0
פתח תקווה,7900,154.2,573,412,409,3,71.9,0
פתח תקווה,7900,154.3,573,406,406,0,70.86,0
פתח תקווה,7900,154.4,573,384,381,3,67.02,0
פתח תקווה,7900,154.5,569,395,394,1,69.42,0
פתח תקווה,7900,161.1,571,372,369,3,65.15,0
פתח תקווה,7900,161.2,571,379,374,5,66.37,0
פתח תקווה,7900,161.3,571,366,366,0,64.1,0
פתח תקווה,7900,161.4,571,386,384,2,67.6,0
פתח תקווה,7900,164,620,393,389,4,63.39,0
פתח תקווה,7900,166,689,417,416,1,60.52,0
פתח תקווה,7900,171,655,422,419,3,64.43,0
פתח תקווה,7900,172.1,608,406,405,1,66.78,0
פתח תקווה,7900,172.2,608,406,404,2,66.78,0
פתח תקווה,7900,172.3,608,405,403,2,66.61,0
פתח תקווה,7900,177,634,441,440,1,69.56,0
פתח תקווה,7900,185.1,691,482,481,1,69.75,0
פתח תקווה,7900,185.2,690,479,478,1,69.42,0
פתח תקווה,7900,188,588,375,374,1,63.78,0
פתח תקווה,7900,189,584,392,389,3,67.12,0
פתח תקווה,7900,231,585,439,435,4,75.04,0
פתח תקווה,7900,232,584,398,395,3,68.15,0
פתח תקווה,7900,233,606,316,313,3,52.15,0
פתח תקווה,7900,239.1,639,465,464,1,72.77,0
פתח תקווה,7900,239.2,639,460,458,2,71.99,0
פתח תקווה,7900,239.3,639,436,433,3,68.23,0
פתח תקווה,7900,239.4,639,447,443,4,69.95,0
פתח תקווה,7900,239.5,639,448,444,4,70.11,0
פתח תקווה,7900,239.6,639,433,430,3,67.76,0
פתח תקווה,7900,239.7,633,451,450,1,71.25,0
פתח תקווה,7900,253.1,597,382,377,5,63.99,0
פתח תקווה,7900,253.2,597,405,402,3,67.84,0
פתח תקווה,7900,253.3,596,411,409,2,68.96,0
פתח תקווה,7900,254,605,402,400,2,66.45,0
פתח תקווה,7900,260,574,376,375,1,65.51,0
פתח תקווה,7900,261,636,453,450,3,71.23,0
פתח תקווה,7900,280.1,641,412,410,2,64.27,0
פתח תקווה,7900,280.2,641,431,428,3,67.24,0
פתח תקווה,7900,280.3,641,458,453,5,71.45,0
פתח תקווה,7900,293,695,484,480,4,69.64,0
פתח תקווה,7900,301.1,680,566,564,2,83.24,0
פתח תקווה,7900,301.2,680,532,531,1,78.24,0
פתח תקווה,7900,301.3,680,554,554,0,81.47,0
פתח תקווה,7900,301.4,680,545,544,1,80.15,0
פתח תקווה,7900,301.5,680,556,554,2,81.76,0
פתח תקווה,7900,301.6,680,566,563,3,83.24,0
פתח תקווה,7900,301.7,680,557,555,2,81.91,0
פתח תקווה,7900,309.1,677,579,576,3,85.52,0
פתח תקווה,7900,309.2,677,581,580,1,85.82,0
פתח תקווה,7900,309.3,677,585,582,3,86.41,0
פתח תקווה,7900,309.4,677,573,573,0,84.64,0
פתח תקווה,7900,309.5,677,568,567,1,83.9,0
פתח תקווה,7900,309.6,677,569,568,1,84.05,0
פתח תקווה,7900,309.7,671,589,586,3,87.78,0
פתח תקווה,7900,957,555,422,417,5,76.04,0
פתח תקווה,7900,14.1,579,254,251,3,43.87,0
פתח תקווה,7900,14.2,579,289,286,3,49.91,0
פתח תקווה,7900,14.3,579,256,253,3,44.21,0
פתח תקווה,7900,15.1,687,303,300,3,44.1,0
פתח תקווה,7900,15.2,687,319,315,4,46.43,0
פתח תקווה,7900,15.3,687,285,284,1,41.48,0
פתח תקווה,7900,15.4,687,292,289,3,42.5,0
פתח תקווה,7900,15.5,687,271,265,6,39.45,0
פתח תקווה,7900,15.6,687,307,305,2,44.69,0
פתח תקווה,7900,15.7,685,283,281,2,41.31,0
פתח תקווה,7900,56,635,464,461,3,73.07,0
פתח תקווה,7900,61.1,552,341,339,2,61.78,0
פתח תקווה,7900,61.2,552,404,402,2,73.19,0
פתח תקווה,7900,61.3,551,387,383,4,70.24,0
פתח תקווה,7900,66,536,301,299,2,56.16,0
פתח תקווה,7900,67,485,356,356,0,73.4,0
פתח תקווה,7900,68,589,347,340,7,58.91,0
פתח תקווה,7900,70,625,322,320,2,51.52,0
פתח תקווה,7900,72,498,337,336,1,67.67,0
פתח תקווה,7900,74.1,579,350,348,2,60.45,0
פתח תקווה,7900,74.2,579,343,340,3,59.24,0
פתח תקווה,7900,74.3,579,369,368,1,63.73,0
פתח תקווה,7900,74.4,579,335,332,3,57.86,0
פתח תקווה,7900,74.5,579,343,342,1,59.24,0
פתח תקווה,7900,75,651,294,289,5,45.16,0
פתח תקווה,7900,76,591,284,282,2,48.05,0
פתח תקווה,7900,78,623,366,362,4,58.75,0
פתח תקווה,7900,79,612,390,387,3,63.73,0
פתח תקווה,7900,81.1,634,376,371,5,59.31,0
פתח תקווה,7900,81.2,634,401,398,3,63.25,0
פתח תקווה,7900,81.3,634,379,377,2,59.78,0
פתח תקווה,7900,81.4,634,368,364,4,58.04,0
פתח תקווה,7900,81.5,631,357,356,1,56.58,0
פתח תקווה,7900,85,608,393,391,2,64.64,0
פתח תקווה,7900,94,551,332,332,0,60.25,0
פתח תקווה,7900,96,417,261,260,1,62.59,0
פתח תקווה,7900,97,549,380,376,4,69.22,0
פתח תקווה,7900,101,483,382,381,1,79.09,0
פתח תקווה,7900,102,763,610,609,1,79.95,0
פתח תקווה,7900,108.1,697,535,534,1,76.76,0
פתח תקווה,7900,108.2,697,548,548,0,78.62,0
פתח תקווה,7900,108.3,697,513,513,0,73.6,0
פתח תקווה,7900,108.4,695,558,558,0,80.29,0
פתח תקווה,7900,114,506,269,266,3,53.16,0
פתח תקווה,7900,116,631,445,443,2,70.52,0
פתח תקווה,7900,119.1,649,400,394,6,61.63,0
פתח תקווה,7900,119.2,649,420,418,2,64.71,0
פתח תקווה,7900,119.3,649,418,415,3,64.41,0
פתח תקווה,7900,119.4,649,397,395,2,61.17,0
פתח תקווה,7900,119.5,649,380,374,6,58.55,0
פתח תקווה,7900,119.6,644,375,374,1,58.23,0
פתח תקווה,7900,123,516,330,329,1,63.95,0
פתח תקווה,7900,139,519,391,390,1,75.34,0
פתח תקווה,7900,140,532,395,390,5,74.25,0
פתח תקווה,7900,143,566,411,411,0,72.61,0
פתח תקווה,7900,145,606,375,368,7,61.88,0
פתח תקווה,7900,191.1,652,485,485,0,74.39,0
פתח תקווה,7900,191.2,652,425,425,0,65.18,0
פתח תקווה,7900,191.3,652,441,440,1,67.64,0
פתח תקווה,7900,191.4,652,455,454,1,69.79,0
פתח תקווה,7900,191.5,651,452,451,1,69.43,0
פתח תקווה,7900,192,608,326,322,4,53.62,0
פתח תקווה,7900,193,481,332,330,2,69.02,0
פתח תקווה,7900,212,533,339,336,3,63.6,0
פתח תקווה,7900,225.1,583,379,379,0,65.01,0
פתח תקווה,7900,225.2,583,400,400,0,68.61,0
פתח תקווה,7900,225.3,583,404,400,4,69.3,0
פתח תקווה,7900,225.4,583,407,405,2,69.81,0
פתח תקווה,7900,225.5,579,396,394,2,68.39,0
פתח תקווה,7900,227.1,593,439,438,1,74.03,0
פתח תקווה,7900,227.2,593,418,416,2,70.49,0
פתח תקווה,7900,227.3,593,429,428,1,72.34,0
פתח תקווה,7900,227.4,593,431,429,2,72.68,0
פתח תקווה,7900,227.5,589,394,394,0,66.89,0
פתח תקווה,7900,229.1,600,410,406,4,68.33,0
פתח תקווה,7900,229.2,600,425,422,3,70.83,0
פתח תקווה,7900,229.3,600,394,394,0,65.67,0
פתח תקווה,7900,229.4,600,432,430,2,72.0,0
פתח תקווה,7900,229.5,600,417,413,4,69.5,0
פתח תקווה,7900,229.6,598,430,428,2,71.91,0
פתח תקווה,7900,242.1,647,507,507,0,78.36,0
פתח תקווה,7900,242.2,647,538,538,0,83.15,0
פתח תקווה,7900,242.3,647,510,509,1,78.83,0
פתח תקווה,7900,242.4,647,502,502,0,77.59,0
פתח תקווה,7900,242.5,647,500,497,3,77.28,0
פתח תקווה,7900,242.6,645,486,486,0,75.35,0
פתח תקווה,7900,251,542,397,396,1,73.25,0
פתח תקווה,7900,265,617,434,431,3,70.34,0
פתח תקווה,7900,276.1,602,496,493,3,82.39,0
פתח תקווה,7900,276.2,602,476,475,1,79.07,0
פתח תקווה,7900,276.3,602,498,498,0,82.72,0
פתח תקווה,7900,276.4,602,495,491,4,82.23,0
פתח תקווה,7900,276.5,598,515,515,0,86.12,0
פתח תקווה,7900,283,613,488,488,0,79.61,0
פתח תקווה,7900,286,649,541,540,1,83.36,0
פתח תקווה,7900,300.1,398,308,308,0,77.39,0
פתח תקווה,7900,300.2,397,334,333,1,84.13,0
פתח תקווה,7900,310,615,486,485,1,79.02,0
פתח תקווה,7900,316,565,304,303,1,53.81,0
פתח תקווה,7900,322,648,529,529,0,81.64,0
פתח תקווה,7900,956,661,553,553,0,83.66,0
פתח תקווה,7900,959.1,677,527,526,1,77.84,0
פתח תקווה,7900,959.2,677,529,528,1,78.14,0
פתח תקווה,7900,959.3,677,531,531,0,78.43,0
פתח תקווה,7900,959.4,677,517,516,1,76.37,0
פתח תקווה,7900,959.5,675,504,501,3,74.67,0
פתח תקווה,7900,960.1,674,542,541,1,80.42,0
פתח תקווה,7900,960.2,674,530,529,1,78.64,0
פתח תקווה,7900,2.1,630,334,332,2,53.02,0
פתח תקווה,7900,2.2,630,326,325,1,51.75,0
פתח תקווה,7900,2.3,630,303,301,2,48.1,0
פתח תקווה,7900,2.4,630,354,348,6,56.19,0
פתח תקווה,7900,2.5,630,298,296,2,47.3,0
פתח תקווה,7900,2.6,630,278,277,1,44.13,0
פתח תקווה,7900,2.7,630,300,294,6,47.62,0
פתח תקווה,7900,2.8,629,301,300,1,47.85,0
פתח תקווה,7900,9.1,541,261,260,1,48.24,0
פתח תקווה,7900,9.2,541,254,254,0,46.95,0
פתח תקווה,7900,9.3,541,261,259,2,48.24,0
פתח תקווה,7900,9.4,540,251,247,4,46.48,0
פתח תקווה,7900,11.1,649,410,410,0,63.17,0
פתח תקווה,7900,11.2,649,408,404,4,62.87,0
פתח תקווה,7900,11.3,649,358,356,2,55.16,0
פתח תקווה,7900,11.4,646,398,394,4,61.61,0
פתח תקווה,7900,12.1,619,413,407,6,66.72,0
פתח תקווה,7900,12.2,619,401,396,5,64.78,0
פתח תקווה,7900,12.3,619,391,390,1,63.17,0
פתח תקווה,7900,12.4,619,401,399,2,64.78,0
פתח תקווה,7900,32,665,436,427,9,65.56,0
פתח תקווה,7900,93.1,598,341,338,3,57.02,0
פתח תקווה,7900,93.2,598,355,354,1,59.36,0
פתח תקווה,7900,93.3,598,367,366,1,61.37,0
פתח תקווה,7900,93.4,598,351,350,1,58.7,0
פתח תקווה,7900,93.5,598,363,362,1,60.7,0
פתח תקווה,7900,95,631,412,411,1,65.29,0
פתח תקווה,7900,98,628,327,322,5,52.07,0
פתח תקווה,7900,99,677,482,478,4,71.2,0
פתח תקווה,7900,103,642,450,448,2,70.09,0
פתח תקווה,7900,104,627,392,392,0,62.52,0
פתח תקווה,7900,111,591,293,289,4,49.58,0
פתח תקווה,7900,113,746,526,521,5,70.51,0
פתח תקווה,7900,115,681,471,469,2,69.16,0
פתח תקווה,7900,122.1,521,339,335,4,65.07,0
פתח תקווה,7900,122.2,521,304,302,2,58.35,0
פתח תקווה,7900,122.3,521,292,292,0,56.05,0
פתח תקווה,7900,122.4,519,332,330,2,63.97,0
פתח תקווה,7900,133.1,678,417,414,3,61.5,0
פתח תקווה,7900,133.2,678,409,408,1,60.32,0
פתח תקווה,7900,133.3,678,413,413,0,60.91,0
פתח תקווה,7900,133.4,678,412,410,2,60.77,0
פתח תקווה,7900,133.5,678,356,354,2,52.51,0
פתח תקווה,7900,133.6,678,406,402,4,59.88,0
פתח תקווה,7900,133.7,674,421,414,7,62.46,0
פתח תקווה,7900,162,565,355,355,0,62.83,0
פתח תקווה,7900,170.1,697,495,495,0,71.02,0
פתח תקווה,7900,170.2,697,513,511,2,73.6,0
פתח תקווה,7900,170.3,697,526,526,0,75.47,0
פתח תקווה,7900,170.4,697,531,527,4,76.18,0
פתח תקווה,7900,170.5,694,483,482,1,69.6,0
פתח תקווה,7900,173,704,438,429,9,62.22,0
פתח תקווה,7900,202,551,412,412,0,74.77,0
פתח תקווה,7900,209.1,621,468,465,3,75.36,0
פתח תקווה,7900,215.1,658,501,499,2,76.14,0
פתח תקווה,7900,215.2,658,502,499,3,76.29,0
פתח תקווה,7900,215.3,658,482,482,0,73.25,0
פתח תקווה,7900,215.4,658,507,507,0,77.05,0
פתח תקווה,7900,215.5,658,498,488,10,75.68,0
פתח תקווה,7900,215.6,658,485,481,4,73.71,0
פתח תקווה,7900,215.7,654,498,496,2,76.15,0
פתח תקווה,7900,218,632,387,381,6,61.23,0
פתח תקווה,7900,219,547,319,317,2,58.32,0
פתח תקווה,7900,222,535,309,308,1,57.76,0
פתח תקווה,7900,228,647,418,416,2,64.61,0
פתח תקווה,7900,240.1,490,335,334,1,68.37,0
פתח תקווה,7900,240.2,490,297,295,2,60.61,0
פתח תקווה,7900,240.3,488,285,285,0,58.4,0
פתח תקווה,7900,244.1,389,294,294,0,75.58,0
פתח תקווה,7900,244.2,389,313,313,0,80.46,0
פתח תקווה,7900,245.1,568,459,459,0,80.81,0
פתח תקווה,7900,245.2,568,451,448,3,79.4,0
פתח תקווה,7900,245.3,568,449,448,1,79.05,0
פתח תקווה,7900,245.4,568,444,442,2,78.17,0
פתח תקווה,7900,245.5,567,431,430,1,76.01,0
פתח תקווה,7900,248.1,634,511,506,5,80.6,0
פתח תקווה,7900,248.2,634,520,520,0,82.02,0
פתח תקווה,7900,248.3,634,519,518,1,81.86,0
פתח תקווה,7900,248.4,634,511,511,0,80.6,0
פתח תקווה,7900,248.5,634,508,508,0,80.13,0
פתח תקווה,7900,248.6,634,531,531,0,83.75,0
פתח תקווה,7900,258,559,421,419,2,75.31,0
פתח תקווה,7900,259,580,443,439,4,76.38,0
פתח תקווה,7900,269.1,600,488,488,0,81.33,0
פתח תקווה,7900,269.2,600,482,481,1,80.33,0
פתח תקווה,7900,269.3,600,495,495,0,82.5,0
פתח תקווה,7900,269.4,600,483,483,0,80.5,0
פתח תקווה,7900,269.5,598,495,494,1,82.78,0
פתח תקווה,7900,270.1,636,467,463,4,73.43,0
פתח תקווה,7900,270.2,636,468,467,1,73.58,0
פתח תקווה,7900,270.3,636,501,495,6,78.77,0
פתח תקווה,7900,270.4,636,533,533,0,83.81,0
פתח תקווה,7900,270.5,636,488,488,0,76.73,0
פתח תקווה,7900,270.6,636,504,503,1,79.25,0
פתח תקווה,7900,270.7,633,483,483,0,76.3,0
פתח תקווה,7900,277.1,646,485,483,2,75.08,0
פתח תקווה,7900,277.2,646,496,495,1,76.78,0
פתח תקווה,7900,277.3,646,481,480,1,74.46,0
פתח תקווה,7900,277.4,646,478,477,1,73.99,0
פתח תקווה,7900,277.5,642,446,445,1,69.47,0
פתח תקווה,7900,278.1,657,534,533,1,81.28,0
פתח תקווה,7900,278.2,657,540,539,1,82.19,0
פתח תקווה,7900,278.3,657,515,515,0,78.39,0
פתח תקווה,7900,278.4,657,515,513,2,78.39,0
פתח תקווה,7900,278.5,657,507,500,7,77.17,0
פתח תקווה,7900,278.6,654,535,534,1,81.8,0
פתח תקווה,7900,279,688,408,403,5,59.3,0
פתח תקווה,7900,282.1,468,374,374,0,79.91,0
פתח תקווה,7900,282.2,468,364,363,1,77.78,0
פתח תקווה,7900,282.3,467,379,378,1,81.16,0
פתח תקווה,7900,291.1,675,493,492,1,73.04,0
פתח תקווה,7900,291.2,675,509,507,2,75.41,0
פתח תקווה,7900,291.3,675,467,465,2,69.19,0
פתח תקווה,7900,291.4,675,478,475,3,70.81,0
פתח תקווה,7900,291.5,674,471,470,1,69.88,0
פתח תקווה,7900,292.1,692,521,520,1,75.29,0
פתח תקווה,7900,292.2,691,535,532,3,77.42,0
פתח תקווה,7900,306,618,481,480,1,77.83,0
פתח תקווה,7900,313,694,556,551,5,80.12,0
פתחיה,839,1,639,504,504,0,78.87,0
צאלים,413,1,390,255,254,1,65.38,0
צביה,1180,1,270,190,188,2,70.37,0
צבעון,1213,1,210,153,152,1,72.86,0
צובה,465,1,612,386,386,0,63.07,0
צוחר,1136,1,466,294,293,1,63.09,0
צופים,3791,1.1,525,411,410,1,78.29,0
צופים,3791,1.2,525,408,406,2,77.71,0
צופים,3791,1.3,524,387,387,0,73.85,0
צופית,198,1,460,334,334,0,72.61,0
צופית,198,2,398,294,294,0,73.87,0
צופר,1150,1,383,251,251,0,65.54,0
צוקי ים,1102,1,193,132,132,0,68.39,0
צוקים,1262,1,222,131,130,1,59.01,0
צור הדסה,1113,6.1,696,536,534,2,77.01,0
צור הדסה,1113,6.2,696,531,528,3,76.29,0
צור הדסה,1113,6.3,696,549,547,2,78.88,0
צור הדסה,1113,6.4,696,528,527,1,75.86,0
צור הדסה,1113,6.5,696,540,538,2,77.59,0
צור הדסה,1113,7.1,628,426,424,2,67.83,0
צור הדסה,1113,7.2,628,444,443,1,70.7,0
צור הדסה,1113,7.3,628,462,461,1,73.57,0
צור הדסה,1113,7.4,628,434,434,0,69.11,0
צור הדסה,1113,7.5,624,445,445,0,71.31,0
צור יצחק,1345,5.1,657,529,529,0,80.52,0
צור יצחק,1345,5.2,657,538,538,0,81.89,0
צור יצחק,1345,5.3,656,528,527,1,80.49,0
צור יצחק,1345,6.1,652,529,529,0,81.13,0
צור יצחק,1345,6.2,652,506,505,1,77.61,0
צור יצחק,1345,6.3,650,543,540,3,83.54,0
צור משה,276,2,600,431,431,0,71.83,0
צור משה,276,3.1,684,533,531,2,77.92,0
צור משה,276,3.2,683,515,515,0,75.4,0
צור נתן,1148,1,228,157,157,0,68.86,0
צוריאל,774,1,330,224,224,0,67.88,0
צורית,1221,1.1,404,302,302,0,74.75,0
צורית,1221,1.2,351,259,259,0,73.79,0
ציפורי,613,1,700,485,485,0,69.29,0
צלפון,796,1,696,538,536,2,77.3,0
צנדלה,636,1,669,245,241,4,36.62,0
צנדלה,636,2,649,238,235,3,36.67,0
צפריה,594,1,553,439,439,0,79.39,0
צפרירים,1079,1,332,226,226,0,68.07,0
צפת,8000,1,509,354,353,1,69.55,0
צפת,8000,2.1,597,389,388,1,65.16,0
צפת,8000,2.2,597,376,375,1,62.98,0
צפת,8000,2.3,597,383,382,1,64.15,0
צפת,8000,2.4,595,390,389,1,65.55,0
צפת,8000,5,611,391,390,1,63.99,0
צפת,8000,6,600,314,311,3,52.33,0
צפת,8000,7,551,321,320,1,58.26,0
צפת,8000,8,473,327,324,3,69.13,0
צפת,8000,9.1,648,367,366,1,56.64,0
צפת,8000,9.2,647,364,363,1,56.26,0
צפת,8000,10.1,595,395,394,1,66.39,0
צפת,8000,10.2,595,376,370,6,63.19,0
צפת,8000,10.3,595,394,393,1,66.22,0
צפת,8000,10.4,594,402,402,0,67.68,0
צפת,8000,11,521,317,315,2,60.84,0
צפת,8000,12,602,343,341,2,56.98,0
צפת,8000,14.1,674,350,349,1,51.93,0
צפת,8000,14.2,673,344,342,2,51.11,0
צפת,8000,15.1,382,197,195,2,51.57,0
צפת,8000,15.2,382,199,197,2,52.09,0
צפת,8000,17.1,606,378,377,1,62.38,0
צפת,8000,17.2,606,386,386,0,63.7,0
צפת,8000,17.3,606,415,415,0,68.48,0
צפת,8000,17.4,603,366,363,3,60.7,0
צפת,8000,18,435,242,242,0,55.63,0
צפת,8000,19,567,361,360,1,63.67,0
צפת,8000,21,590,320,316,4,54.24,0
צפת,8000,22,471,285,283,2,60.51,0
צפת,8000,27.1,636,354,352,2,55.66,0
צפת,8000,27.2,636,328,326,2,51.57,0
צפת,8000,31.1,617,363,361,2,58.83,0
צפת,8000,31.2,617,371,366,5,60.13,0
צפת,8000,31.3,617,393,391,2,63.7,0
צפת,8000,31.4,615,353,348,5,57.4,0
צפת,8000,32,521,325,322,3,62.38,0
צפת,8000,33,628,361,358,3,57.48,0
צפת,8000,34,589,303,301,2,51.44,0
צפת,8000,35,526,335,333,2,63.69,0
צפת,8000,40,381,178,176,2,46.72,0
צפת,8000,42.1,370,255,252,3,68.92,0
צפת,8000,42.2,370,252,250,2,68.11,0
צפת,8000,44,503,333,332,1,66.2,0
צרופה,612,1.1,374,278,278,0,74.33,0
צרופה,612,1.2,373,276,276,0,73.99,0
צרעה,567,1,429,274,273,1,63.87,0
צרעה,567,2,407,271,271,0,66.58,0
קבועה שבט,1234,1,470,180,179,1,38.3,0
קבועה שבט,1234,2,352,161,161,0,45.74,0
קבוצת יבנה,334,1,598,415,414,1,69.4,0
קדומים,3557,2,644,474,472,2,73.6,0
קדומים,3557,4.1,691,531,530,1,76.85,0
קדומים,3557,4.2,691,548,547,1,79.31,0
קדומים,3557,4.3,689,511,511,0,74.17,0
קדימהצורן,195,1,579,412,412,0,71.16,0
קדימהצורן,195,2,503,337,334,3,67.0,0
קדימהצורן,195,3.1,687,512,512,0,74.53,0
קדימהצורן,195,3.2,687,512,510,2,74.53,0
קדימהצורן,195,5,648,475,474,1,73.3,0
קדימהצורן,195,6.1,720,549,547,2,76.25,0
קדימהצורן,195,6.2,720,550,550,0,76.39,0
קדימהצורן,195,8,582,447,443,4,76.8,0
קדימהצורן,195,9,619,446,446,0,72.05,0
קדימהצורן,195,10.1,363,257,256,1,70.8,0
קדימהצורן,195,10.2,362,273,272,1,75.41,0
קדימהצורן,195,11.1,373,271,271,0,72.65,0
קדימהצורן,195,11.2,372,238,238,0,63.98,0
קדימהצורן,195,12,661,498,498,0,75.34,0
קדימהצורן,195,13.1,381,312,312,0,81.89,0
קדימהצורן,195,13.2,381,329,329,0,86.35,0
קדימהצורן,195,15.1,629,467,464,3,74.24,0
קדימהצורן,195,15.2,629,450,449,1,71.54,0
קדימהצורן,195,15.3,628,452,450,2,71.97,0
קדימהצורן,195,105,646,472,471,1,73.07,0
קדימהצורן,195,107.1,595,443,442,1,74.45,0
קדימהצורן,195,107.2,595,408,407,1,68.57,0
קדימהצורן,195,107.3,595,457,456,1,76.81,0
קדימהצורן,195,107.4,595,432,430,2,72.61,0
קדימהצורן,195,107.5,595,440,439,1,73.95,0
קדימהצורן,195,107.6,591,407,405,2,68.87,0
קדימהצורן,195,108.1,477,385,384,1,80.71,0
קדימהצורן,195,108.2,477,382,379,3,80.08,0
קדימהצורן,195,108.3,475,384,382,2,80.84,0
קדמת צבי,4025,1,431,294,291,3,68.21,0
קדר,3781,1,511,361,359,2,70.65,0
קדר,3781,2,573,394,394,0,68.76,0
קדרון,615,1,643,485,484,1,75.43,0
קדרון,615,2,587,435,434,1,74.11,0
קדרים,1211,1,208,136,136,0,65.38,0
קודייראת אצאנעשבט,964,2.1,504,81,80,1,16.07,0
קודייראת אצאנעשבט,964,2.2,504,131,129,2,25.99,0
קודייראת אצאנעשבט,964,2.3,504,133,131,2,26.39,0
קוואעין שבט,972,1,554,139,139,0,25.09,0
קוממיות,766,1,258,205,205,0,79.46,0
קורנית,1179,1,656,469,468,1,71.49,0
קטורה,1052,1,453,223,222,1,49.23,0
קיסריה,1167,1.1,668,393,389,4,58.83,0
קיסריה,1167,1.2,668,404,403,1,60.48,0
קיסריה,1167,1.3,668,408,408,0,61.08,0
קיסריה,1167,1.4,668,401,400,1,60.03,0
קיסריה,1167,8.1,694,442,442,0,63.69,0
קיסריה,1167,8.2,694,459,457,2,66.14,0
קיסריה,1167,8.3,694,461,459,2,66.43,0
קיסריה,1167,8.4,694,489,489,0,70.46,0
קלחים,414,1,383,299,298,1,78.07,0
קליה,3601,1,339,237,237,0,69.91,0
קלנסווה,638,7.1,518,282,281,1,54.44,0
קלנסווה,638,7.2,518,265,264,1,51.16,0
קלנסווה,638,7.3,518,305,302,3,58.88,0
קלנסווה,638,8.1,676,343,341,2,50.74,0
קלנסווה,638,8.2,676,381,379,2,56.36,0
קלנסווה,638,9.1,497,281,277,4,56.54,0
קלנסווה,638,9.2,497,270,267,3,54.33,0
קלנסווה,638,9.3,497,253,251,2,50.91,0
קלנסווה,638,10.1,502,249,246,3,49.6,0
קלנסווה,638,10.2,502,265,259,6,52.79,0
קלנסווה,638,10.3,501,310,307,3,61.88,0
קלנסווה,638,11.1,488,286,283,3,58.61,0
קלנסווה,638,11.2,488,262,257,5,53.69,0
קלנסווה,638,11.3,488,249,249,0,51.02,0
קלנסווה,638,13.1,517,277,275,2,53.58,0
קלנסווה,638,13.2,517,284,281,3,54.93,0
קלנסווה,638,13.3,516,273,271,2,52.91,0
קלנסווה,638,16.1,505,266,266,0,52.67,0
קלנסווה,638,16.2,505,270,267,3,53.47,0
קלנסווה,638,16.3,503,294,292,2,58.45,0
קלנסווה,638,17.1,569,313,312,1,55.01,0
קלנסווה,638,17.2,569,277,274,3,48.68,0
קלנסווה,638,17.3,569,285,280,5,50.09,0
קלנסווה,638,17.4,569,328,324,4,57.64,0
קלנסווה,638,20.1,476,238,235,3,50.0,0
קלנסווה,638,20.2,476,273,269,4,57.35,0
קלנסווה,638,20.3,475,280,275,5,58.95,0
קלנסווה,638,21.1,644,347,344,3,53.88,0
קלנסווה,638,21.2,644,363,362,1,56.37,0
קלע,4024,1,301,192,190,2,63.79,0
קציר,1243,1,585,415,414,1,70.94,0
קציר,1243,2,448,246,246,0,54.91,0
קציר,1243,3,579,350,350,0,60.45,0
קציר,1243,4,698,483,479,4,69.2,0
קצר אסר,1347,1,691,510,506,4,73.81,0
קצר אסר,1347,2.1,359,271,269,2,75.49,0
קצר אסר,1347,2.2,359,279,278,1,77.72,0
קצרין,4100,1,671,339,334,5,50.52,0
קצרין,4100,2,622,320,317,3,51.45,0
קצרין,4100,3,503,275,272,3,54.67,0
קצרין,4100,4,603,335,335,0,55.56,0
קצרין,4100,5.1,589,322,320,2,54.67,0
קצרין,4100,5.2,589,348,348,0,59.08,0
קצרין,4100,5.3,589,352,349,3,59.76,0
קצרין,4100,5.4,589,334,329,5,56.71,0
קצרין,4100,5.5,588,323,316,7,54.93,0
קצרין,4100,6,670,367,365,2,54.78,0
קצרין,4100,7,565,273,271,2,48.32,0
קרית אונו,2620,1,543,385,384,1,70.9,0
קרית אונו,2620,2,697,494,493,1,70.88,0
קרית אונו,2620,3.1,657,488,484,4,74.28,0
קרית אונו,2620,3.2,656,445,443,2,67.84,0
קרית אונו,2620,6,678,544,538,6,80.24,0
קרית אונו,2620,7,508,314,313,1,61.81,0
קרית אונו,2620,14.1,581,428,428,0,73.67,0
קרית אונו,2620,14.2,581,431,430,1,74.18,0
קרית אונו,2620,14.3,581,426,423,3,73.32,0
קרית אונו,2620,14.4,581,450,449,1,77.45,0
קרית אונו,2620,24,666,495,494,1,74.32,0
קרית אונו,2620,25,608,391,390,1,64.31,0
קרית אונו,2620,29.1,535,387,386,1,72.34,0
קרית אונו,2620,29.2,534,383,382,1,71.72,0
קרית אונו,2620,33,623,443,442,1,71.11,0
קרית אונו,2620,35.1,518,412,412,0,79.54,0
קרית אונו,2620,35.2,517,411,411,0,79.5,0
קרית אונו,2620,36.1,352,269,269,0,76.42,0
קרית אונו,2620,36.2,352,281,279,2,79.83,0
קרית אונו,2620,42.1,647,530,529,1,81.92,0
קרית אונו,2620,42.2,647,552,550,2,85.32,0
קרית אונו,2620,42.3,647,523,521,2,80.83,0
קרית אונו,2620,42.4,647,523,521,2,80.83,0
קרית אונו,2620,42.5,647,521,521,0,80.53,0
קרית אונו,2620,42.6,645,521,519,2,80.78,0
קרית אונו,2620,9,592,407,405,2,68.75,0
קרית אונו,2620,16.1,536,332,331,1,61.94,0
קרית אונו,2620,16.2,536,358,358,0,66.79,0
קרית אונו,2620,16.3,536,338,338,0,63.06,0
קרית אונו,2620,19.1,581,408,407,1,70.22,0
קרית אונו,2620,19.2,581,402,399,3,69.19,0
קרית אונו,2620,19.3,581,418,414,4,71.94,0
קרית אונו,2620,19.4,581,406,401,5,69.88,0
קרית אונו,2620,19.5,580,392,390,2,67.59,0
קרית אונו,2620,20,537,345,345,0,64.25,0
קרית אונו,2620,21.1,585,372,369,3,63.59,0
קרית אונו,2620,21.2,585,336,334,2,57.44,0
קרית אונו,2620,21.3,585,402,401,1,68.72,0
קרית אונו,2620,21.4,585,341,340,1,58.29,0
קרית אונו,2620,21.5,585,356,355,1,60.85,0
קרית אונו,2620,21.6,584,363,361,2,62.16,0
קרית אונו,2620,23.1,485,330,328,2,68.04,0
קרית אונו,2620,23.2,485,351,350,1,72.37,0
קרית אונו,2620,23.3,485,356,355,1,73.4,0
קרית אונו,2620,32.1,379,293,289,4,77.31,0
קרית אונו,2620,32.2,378,298,295,3,78.84,0
קרית אונו,2620,40.1,694,557,556,1,80.26,0
קרית אונו,2620,40.2,694,547,547,0,78.82,0
קרית אונו,2620,43,495,407,407,0,82.22,0
קרית אונו,2620,45,563,473,469,4,84.01,0
קרית אונו,2620,950,692,560,560,0,80.92,0
קרית אונו,2620,951.1,467,370,370,0,79.23,0
קרית אונו,2620,951.2,467,384,383,1,82.23,0
קרית אונו,2620,951.3,467,370,369,1,79.23,0
קרית אונו,2620,952,564,477,476,1,84.57,0
קרית ארבע,3611,1,611,481,481,0,78.72,0
קרית ארבע,3611,2,679,400,400,0,58.91,0
קרית ארבע,3611,3,648,426,426,0,65.74,0
קרית ארבע,3611,4.1,566,426,425,1,75.27,0
קרית ארבע,3611,4.2,566,402,400,2,71.02,0
קרית ארבע,3611,4.3,565,384,382,2,67.96,0
קרית ארבע,3611,5,586,354,352,2,60.41,0
קרית ארבע,3611,6,693,384,383,1,55.41,0
קרית אתא,6800,1,505,290,287,3,57.43,0
קרית אתא,6800,3,562,221,218,3,39.32,0
קרית אתא,6800,4,548,305,300,5,55.66,0
קרית אתא,6800,5,594,292,284,8,49.16,0
קרית אתא,6800,6,533,220,218,2,41.28,0
קרית אתא,6800,7,537,208,204,4,38.73,0
קרית אתא,6800,8.1,681,413,411,2,60.65,0
קרית אתא,6800,8.2,680,402,399,3,59.12,0
קרית אתא,6800,9,610,341,334,7,55.9,0
קרית אתא,6800,10,434,282,280,2,64.98,0
קרית אתא,6800,11.1,365,270,267,3,73.97,0
קרית אתא,6800,11.2,364,275,275,0,75.55,0
קרית אתא,6800,12,603,256,251,5,42.45,0
קרית אתא,6800,13,635,419,416,3,65.98,0
קרית אתא,6800,14,582,281,277,4,48.28,0
קרית אתא,6800,16.1,652,385,383,2,59.05,0
קרית אתא,6800,16.2,652,371,364,7,56.9,0
קרית אתא,6800,16.3,652,371,370,1,56.9,0
קרית אתא,6800,16.4,649,327,326,1,50.39,0
קרית אתא,6800,17,639,423,421,2,66.2,0
קרית אתא,6800,18,611,256,255,1,41.9,0
קרית אתא,6800,19,437,231,229,2,52.86,0
קרית אתא,6800,20,596,242,241,1,40.6,0
קרית אתא,6800,23,652,457,454,3,70.09,0
קרית אתא,6800,24,691,529,527,2,76.56,0
קרית אתא,6800,25,656,453,450,3,69.05,0
קרית אתא,6800,28,547,400,399,1,73.13,0
קרית אתא,6800,29,657,494,494,0,75.19,0
קרית אתא,6800,30.1,647,458,454,4,70.79,0
קרית אתא,6800,30.2,647,443,440,3,68.47,0
קרית אתא,6800,30.3,647,432,428,4,66.77,0
קרית אתא,6800,30.4,644,417,412,5,64.75,0
קרית אתא,6800,32,478,309,306,3,64.64,0
קרית אתא,6800,33.1,504,320,320,0,63.49,0
קרית אתא,6800,33.2,504,320,319,1,63.49,0
קרית אתא,6800,33.3,503,330,327,3,65.61,0
קרית אתא,6800,35.1,698,465,462,3,66.62,0
קרית אתא,6800,35.2,698,424,421,3,60.74,0
קרית אתא,6800,35.3,696,430,426,4,61.78,0
קרית אתא,6800,36.1,564,380,377,3,67.38,0
קרית אתא,6800,36.2,564,384,384,0,68.09,0
קרית אתא,6800,36.3,564,366,364,2,64.89,0
קרית אתא,6800,36.4,561,366,361,5,65.24,0
קרית אתא,6800,37.1,371,277,273,4,74.66,0
קרית אתא,6800,37.2,371,278,278,0,74.93,0
קרית אתא,6800,38,541,275,273,2,50.83,0
קרית אתא,6800,39,688,521,520,1,75.73,0
קרית אתא,6800,41.1,504,232,226,6,46.03,0
קרית אתא,6800,41.2,503,202,200,2,40.16,0
קרית אתא,6800,42,553,341,339,2,61.66,0
קרית אתא,6800,44,692,465,462,3,67.2,0
קרית אתא,6800,45.1,644,473,471,2,73.45,0
קרית אתא,6800,45.2,643,495,492,3,76.98,0
קרית אתא,6800,46,699,519,515,4,74.25,0
קרית אתא,6800,49,560,382,380,2,68.21,0
קרית אתא,6800,50,619,301,299,2,48.63,0
קרית אתא,6800,51,503,250,247,3,49.7,0
קרית אתא,6800,52,511,319,317,2,62.43,0
קרית אתא,6800,53,671,475,473,2,70.79,0
קרית אתא,6800,54,510,371,371,0,72.75,0
קרית אתא,6800,55,691,500,496,4,72.36,0
קרית אתא,6800,59,676,473,471,2,69.97,0
קרית אתא,6800,61,669,490,489,1,73.24,0
קרית אתא,6800,62,578,412,411,1,71.28,0
קרית אתא,6800,63,620,401,397,4,64.68,0
קרית אתא,6800,64,603,430,425,5,71.31,0
קרית אתא,6800,65,693,532,531,1,76.77,0
קרית אתא,6800,66,653,487,486,1,74.58,0
קרית אתא,6800,67,494,383,380,3,77.53,0
קרית אתא,6800,68,699,490,489,1,70.1,0
קרית אתא,6800,69,578,426,426,0,73.7,0
קרית אתא,6800,70,544,381,380,1,70.04,0
קרית אתא,6800,71,575,437,436,1,76.0,0
קרית אתא,6800,72,597,436,434,2,73.03,0
קרית אתא,6800,73,684,530,529,1,77.49,0
קרית אתא,6800,74,565,431,430,1,76.28,0
קרית אתא,6800,75,647,359,356,3,55.49,0
קרית אתא,6800,76,616,466,462,4,75.65,0
קרית אתא,6800,77.1,690,577,576,1,83.62,0
קרית אתא,6800,77.2,690,614,613,1,88.99,0
קרית אתא,6800,78,559,409,408,1,73.17,0
קרית אתא,6800,79,621,457,453,4,73.59,0
קרית ביאליק,9500,2,638,379,376,3,59.4,0
קרית ביאליק,9500,3,687,395,392,3,57.5,0
קרית ביאליק,9500,4,641,384,382,2,59.91,0
קרית ביאליק,9500,5.1,664,452,449,3,68.07,0
קרית ביאליק,9500,5.2,664,425,422,3,64.01,0
קרית ביאליק,9500,5.3,664,422,420,2,63.55,0
קרית ביאליק,9500,5.4,664,407,405,2,61.3,0
קרית ביאליק,9500,5.5,661,402,400,2,60.82,0
קרית ביאליק,9500,6,632,394,393,1,62.34,0
קרית ביאליק,9500,8.1,536,328,327,1,61.19,0
קרית ביאליק,9500,8.2,536,373,372,1,69.59,0
קרית ביאליק,9500,8.3,536,368,367,1,68.66,0
קרית ביאליק,9500,12,556,194,193,1,34.89,0
קרית ביאליק,9500,13,684,317,315,2,46.35,0
קרית ביאליק,9500,14,541,180,179,1,33.27,0
קרית ביאליק,9500,15.1,558,394,388,6,70.61,0
קרית ביאליק,9500,15.2,558,361,361,0,64.7,0
קרית ביאליק,9500,15.3,558,367,363,4,65.77,0
קרית ביאליק,9500,15.4,558,369,366,3,66.13,0
קרית ביאליק,9500,16,551,298,297,1,54.08,0
קרית ביאליק,9500,17,668,384,381,3,57.49,0
קרית ביאליק,9500,18,555,336,333,3,60.54,0
קרית ביאליק,9500,19,613,384,382,2,62.64,0
קרית ביאליק,9500,20,606,327,326,1,53.96,0
קרית ביאליק,9500,21,569,294,294,0,51.67,0
קרית ביאליק,9500,22,524,235,231,4,44.85,0
קרית ביאליק,9500,23,573,275,273,2,47.99,0
קרית ביאליק,9500,24,510,243,240,3,47.65,0
קרית ביאליק,9500,25,644,352,349,3,54.66,0
קרית ביאליק,9500,26,560,279,274,5,49.82,0
קרית ביאליק,9500,27,496,280,274,6,56.45,0
קרית ביאליק,9500,29,552,351,351,0,63.59,0
קרית ביאליק,9500,34,647,369,369,0,57.03,0
קרית ביאליק,9500,35,605,352,349,3,58.18,0
קרית ביאליק,9500,36,418,252,252,0,60.29,0
קרית ביאליק,9500,37,660,410,407,3,62.12,0
קרית ביאליק,9500,38,622,405,403,2,65.11,0
קרית ביאליק,9500,39,481,269,266,3,55.93,0
קרית ביאליק,9500,40.1,690,459,457,2,66.52,0
קרית ביאליק,9500,40.2,690,441,439,2,63.91,0
קרית ביאליק,9500,40.3,690,419,416,3,60.72,0
קרית ביאליק,9500,40.4,688,432,432,0,62.79,0
קרית ביאליק,9500,43.1,654,412,412,0,63.0,0
קרית ביאליק,9500,43.2,654,437,436,1,66.82,0
קרית ביאליק,9500,43.3,653,408,405,3,62.48,0
קרית ביאליק,9500,44,551,347,347,0,62.98,0
קרית ביאליק,9500,45,605,478,478,0,79.01,0
קרית ביאליק,9500,46,664,469,467,2,70.63,0
קרית ביאליק,9500,47,517,403,396,7,77.95,0
קרית ביאליק,9500,48,364,227,227,0,62.36,0
קרית ביאליק,9500,49,518,301,300,1,58.11,0
קרית ביאליק,9500,50,383,209,207,2,54.57,0
קרית ביאליק,9500,52,556,344,343,1,61.87,0
קרית ביאליק,9500,55,593,424,420,4,71.5,0
קרית ביאליק,9500,59.1,670,525,525,0,78.36,0
קרית ביאליק,9500,59.2,670,517,517,0,77.16,0
קרית ביאליק,9500,59.3,670,526,521,5,78.51,0
קרית ביאליק,9500,953.1,578,464,464,0,80.28,0
קרית ביאליק,9500,953.2,578,442,441,1,76.47,0
קרית ביאליק,9500,953.3,578,460,458,2,79.58,0
קרית ביאליק,9500,953.4,578,432,432,0,74.74,0
קרית ביאליק,9500,953.5,575,445,441,4,77.39,0
קרית גת,2630,1.1,381,185,184,1,48.56,0
קרית גת,2630,2.1,543,342,334,8,62.98,0
קרית גת,2630,2.2,543,318,314,4,58.56,0
קרית גת,2630,2.3,543,316,315,1,58.2,0
קרית גת,2630,3,414,252,248,4,60.87,0
קרית גת,2630,5,559,344,336,8,61.54,0
קרית גת,2630,6,536,368,366,2,68.66,0
קרית גת,2630,8,585,386,384,2,65.98,0
קרית גת,2630,10,528,382,381,1,72.35,0
קרית גת,2630,11,554,388,386,2,70.04,0
קרית גת,2630,12.1,647,489,484,5,75.58,0
קרית גת,2630,12.2,647,463,458,5,71.56,0
קרית גת,2630,12.3,646,435,435,0,67.34,0
קרית גת,2630,14.1,364,244,238,6,67.03,0
קרית גת,2630,14.2,363,258,253,5,71.07,0
קרית גת,2630,15,609,370,367,3,60.76,0
קרית גת,2630,16,588,359,355,4,61.05,0
קרית גת,2630,17,497,352,350,2,70.82,0
קרית גת,2630,18,460,297,292,5,64.57,0
קרית גת,2630,19,492,289,288,1,58.74,0
קרית גת,2630,21,422,268,264,4,63.51,0
קרית גת,2630,22,585,410,407,3,70.09,0
קרית גת,2630,23,470,280,276,4,59.57,0
קרית גת,2630,24,537,388,383,5,72.25,0
קרית גת,2630,25,585,435,435,0,74.36,0
קרית גת,2630,26,609,367,364,3,60.26,0
קרית גת,2630,28,637,389,387,2,61.07,0
קרית גת,2630,29,412,291,287,4,70.63,0
קרית גת,2630,30,587,426,425,1,72.57,0
קרית גת,2630,31,590,351,344,7,59.49,0
קרית גת,2630,32,583,373,367,6,63.98,0
קרית גת,2630,33,456,302,297,5,66.23,0
קרית גת,2630,34,527,330,329,1,62.62,0
קרית גת,2630,35,503,339,337,2,67.4,0
קרית גת,2630,36,493,282,277,5,57.2,0
קרית גת,2630,37,538,346,341,5,64.31,0
קרית גת,2630,38,430,263,256,7,61.16,0
קרית גת,2630,39,438,319,318,1,72.83,0
קרית גת,2630,40,466,338,335,3,72.53,0
קרית גת,2630,41,594,314,312,2,52.86,0
קרית גת,2630,42,501,271,270,1,54.09,0
קרית גת,2630,43,553,399,396,3,72.15,0
קרית גת,2630,44,408,290,289,1,71.08,0
קרית גת,2630,45,582,436,436,0,74.91,0
קרית גת,2630,48.1,527,434,431,3,82.35,0
קרית גת,2630,48.2,527,432,430,2,81.97,0
קרית גת,2630,48.3,527,437,432,5,82.92,0
קרית גת,2630,49.1,621,402,399,3,64.73,0
קרית גת,2630,49.2,621,366,360,6,58.94,0
קרית גת,2630,49.3,621,392,390,2,63.12,0
קרית גת,2630,49.4,621,357,353,4,57.49,0
קרית גת,2630,49.5,617,345,340,5,55.92,0
קרית גת,2630,51,523,322,318,4,61.57,0
קרית גת,2630,52,602,419,418,1,69.6,0
קרית גת,2630,57.1,526,399,397,2,75.86,0
קרית גת,2630,57.2,526,392,392,0,74.52,0
קרית גת,2630,57.3,526,413,412,1,78.52,0
קרית גת,2630,57.4,526,400,398,2,76.05,0
קרית גת,2630,61,637,437,433,4,68.6,0
קרית גת,2630,63,558,423,423,0,75.81,0
קרית גת,2630,64,555,366,361,5,65.95,0
קרית גת,2630,65,586,300,299,1,51.19,0
קרית גת,2630,67,548,314,310,4,57.3,0
קרית גת,2630,68,583,434,434,0,74.44,0
קרית גת,2630,69,473,275,275,0,58.14,0
קרית גת,2630,70.1,685,479,474,5,69.93,0
קרית גת,2630,70.2,685,457,452,5,66.72,0
קרית גת,2630,70.3,685,480,477,3,70.07,0
קרית גת,2630,70.4,685,472,471,1,68.91,0
קרית גת,2630,71,457,262,255,7,57.33,0
קרית גת,2630,72,596,531,530,1,89.09,0
קרית גת,2630,73,683,560,557,3,81.99,0
קרית גת,2630,76,552,425,423,2,76.99,0
קרית גת,2630,77.1,355,264,261,3,74.37,0
קרית גת,2630,77.2,354,275,274,1,77.68,0
קרית גת,2630,78.1,546,419,415,4,76.74,0
קרית גת,2630,78.2,546,428,425,3,78.39,0
קרית גת,2630,78.3,545,412,409,3,75.6,0
קרית גת,2630,80.1,639,515,510,5,80.59,0
קרית גת,2630,80.2,639,512,510,2,80.13,0
קרית גת,2630,80.3,639,506,505,1,79.19,0
קרית גת,2630,80.4,639,530,530,0,82.94,0
קרית גת,2630,81,602,467,463,4,77.57,0
קרית טבעון,2300,1,624,429,429,0,68.75,0
קרית טבעון,2300,2.1,366,242,242,0,66.12,0
קרית טבעון,2300,2.2,366,205,205,0,56.01,0
קרית טבעון,2300,3.1,476,297,296,1,62.39,0
קרית טבעון,2300,3.2,476,313,310,3,65.76,0
קרית טבעון,2300,3.3,475,313,312,1,65.89,0
קרית טבעון,2300,4,501,326,324,2,65.07,0
קרית טבעון,2300,5,632,443,443,0,70.09,0
קרית טבעון,2300,6.1,522,326,326,0,62.45,0
קרית טבעון,2300,6.2,522,336,336,0,64.37,0
קרית טבעון,2300,6.3,522,364,364,0,69.73,0
קרית טבעון,2300,10.1,609,428,419,9,70.28,0
קרית טבעון,2300,10.2,609,407,407,0,66.83,0
קרית טבעון,2300,10.3,609,387,385,2,63.55,0
קרית טבעון,2300,10.4,607,395,395,0,65.07,0
קרית טבעון,2300,15,672,455,454,1,67.71,0
קרית טבעון,2300,17.1,423,324,323,1,76.6,0
קרית טבעון,2300,17.2,422,329,328,1,77.96,0
קרית טבעון,2300,19,365,219,219,0,60.0,0
קרית טבעון,2300,20,448,319,319,0,71.21,0
קרית טבעון,2300,21.1,482,344,343,1,71.37,0
קרית טבעון,2300,21.2,482,343,342,1,71.16,0
קרית טבעון,2300,21.3,482,334,331,3,69.29,0
קרית טבעון,2300,24.1,688,477,477,0,69.33,0
קרית טבעון,2300,24.2,688,463,462,1,67.3,0
קרית טבעון,2300,24.3,688,474,473,1,68.9,0
קרית טבעון,2300,24.4,690,452,452,0,65.51,0
קרית ים,9600,2,667,387,387,0,58.02,0
קרית ים,9600,6.1,622,212,211,1,34.08,0
קרית ים,9600,6.2,622,229,224,5,36.82,0
קרית ים,9600,7,489,256,251,5,52.35,0
קרית ים,9600,8,651,337,333,4,51.77,0
קרית ים,9600,10,562,246,243,3,43.77,0
קרית ים,9600,11,657,333,325,8,50.68,0
קרית ים,9600,12,684,353,348,5,51.61,0
קרית ים,9600,13,586,246,240,6,41.98,0
קרית ים,9600,14,668,317,313,4,47.46,0
קרית ים,9600,15,640,179,176,3,27.97,0
קרית ים,9600,16,634,367,361,6,57.89,0
קרית ים,9600,17,594,316,310,6,53.2,0
קרית ים,9600,18,559,230,230,0,41.14,0
קרית ים,9600,22,671,309,307,2,46.05,0
קרית ים,9600,24.1,622,328,326,2,52.73,0
קרית ים,9600,24.2,622,341,337,4,54.82,0
קרית ים,9600,24.3,622,281,275,6,45.18,0
קרית ים,9600,24.4,622,303,298,5,48.71,0
קרית ים,9600,24.5,622,307,304,3,49.36,0
קרית ים,9600,24.6,619,253,249,4,40.87,0
קרית ים,9600,26,642,332,325,7,51.71,0
קרית ים,9600,28,472,217,209,8,45.97,0
קרית ים,9600,29.1,569,297,296,1,52.2,0
קרית ים,9600,29.2,569,296,294,2,52.02,0
קרית ים,9600,29.3,569,273,266,7,47.98,0
קרית ים,9600,29.4,569,278,272,6,48.86,0
קרית ים,9600,29.5,568,252,250,2,44.37,0
קרית ים,9600,32,568,380,378,2,66.9,0
קרית ים,9600,34.1,564,362,359,3,64.18,0
קרית ים,9600,34.2,564,334,330,4,59.22,0
קרית ים,9600,34.3,564,333,329,4,59.04,0
קרית ים,9600,34.4,563,347,345,2,61.63,0
קרית ים,9600,35,502,280,278,2,55.78,0
קרית ים,9600,36,509,330,327,3,64.83,0
קרית ים,9600,37,534,309,301,8,57.87,0
קרית ים,9600,38,619,315,311,4,50.89,0
קרית ים,9600,39,510,313,312,1,61.37,0
קרית ים,9600,40.1,686,443,441,2,64.58,0
קרית ים,9600,40.2,686,426,423,3,62.1,0
קרית ים,9600,40.3,686,418,416,2,60.93,0
קרית ים,9600,40.4,686,411,405,6,59.91,0
קרית ים,9600,40.5,685,430,428,2,62.77,0
קרית ים,9600,41,634,359,355,4,56.62,0
קרית ים,9600,44,623,366,365,1,58.75,0
קרית ים,9600,45,627,287,284,3,45.77,0
קרית ים,9600,47,458,287,287,0,62.66,0
קרית ים,9600,48.1,675,415,413,2,61.48,0
קרית ים,9600,48.2,675,409,406,3,60.59,0
קרית ים,9600,48.3,674,430,425,5,63.8,0
קרית ים,9600,50,689,386,382,4,56.02,0
קרית ים,9600,51,548,293,290,3,53.47,0
קרית ים,9600,52,583,372,370,2,63.81,0
קרית ים,9600,54,508,392,388,4,77.17,0
קרית ים,9600,63.1,632,470,467,3,74.37,0
קרית ים,9600,63.2,632,445,440,5,70.41,0
קרית ים,9600,63.3,632,462,457,5,73.1,0
קרית ים,9600,63.4,632,420,418,2,66.46,0
קרית ים,9600,63.5,629,433,431,2,68.84,0
קרית ים,9600,64,497,357,355,2,71.83,0
קרית ים,9600,950,567,402,400,2,70.9,0
קרית יערים,1137,1,666,466,462,4,69.97,0
קרית יערים,1137,2.1,367,255,255,0,69.48,0
קרית יערים,1137,2.2,366,271,271,0,74.04,0
קרית יערים,1137,3,662,475,473,2,71.75,0
קרית יערים,1137,4,694,608,606,2,87.61,0
קרית יערים,1137,5.1,371,331,327,4,89.22,0
קרית יערים,1137,5.2,370,314,309,5,84.86,0
קרית מוצקין,8200,2,418,269,269,0,64.35,0
קרית מוצקין,8200,6,529,332,332,0,62.76,0
קרית מוצקין,8200,7.1,661,384,379,5,58.09,0
קרית מוצקין,8200,7.2,661,393,389,4,59.46,0
קרית מוצקין,8200,7.3,661,392,386,6,59.3,0
קרית מוצקין,8200,7.4,661,399,393,6,60.36,0
קרית מוצקין,8200,7.5,661,376,371,5,56.88,0
קרית מוצקין,8200,7.6,661,362,360,2,54.77,0
קרית מוצקין,8200,7.7,661,400,397,3,60.51,0
קרית מוצקין,8200,10.1,658,417,415,2,63.37,0
קרית מוצקין,8200,10.2,658,430,429,1,65.35,0
קרית מוצקין,8200,10.3,658,416,414,2,63.22,0
קרית מוצקין,8200,10.4,658,435,433,2,66.11,0
קרית מוצקין,8200,10.5,658,407,403,4,61.85,0
קרית מוצקין,8200,10.6,658,425,424,1,64.59,0
קרית מוצקין,8200,11,515,312,311,1,60.58,0
קרית מוצקין,8200,12,572,388,384,4,67.83,0
קרית מוצקין,8200,13,497,246,242,4,49.5,0
קרית מוצקין,8200,15,470,271,269,2,57.66,0
קרית מוצקין,8200,18,616,429,424,5,69.64,0
קרית מוצקין,8200,19,699,221,219,2,31.62,0
קרית מוצקין,8200,20,606,322,319,3,53.14,0
קרית מוצקין,8200,22.1,608,323,320,3,53.12,0
קרית מוצקין,8200,22.2,608,309,307,2,50.82,0
קרית מוצקין,8200,22.3,608,335,332,3,55.1,0
קרית מוצקין,8200,22.4,608,333,333,0,54.77,0
קרית מוצקין,8200,22.5,605,344,340,4,56.86,0
קרית מוצקין,8200,24,578,376,375,1,65.05,0
קרית מוצקין,8200,29.1,644,383,376,7,59.47,0
קרית מוצקין,8200,29.2,644,420,417,3,65.22,0
קרית מוצקין,8200,29.3,644,402,398,4,62.42,0
קרית מוצקין,8200,29.4,644,389,388,1,60.4,0
קרית מוצקין,8200,29.5,641,388,387,1,60.53,0
קרית מוצקין,8200,33.1,648,381,376,5,58.8,0
קרית מוצקין,8200,33.2,647,362,360,2,55.95,0
קרית מוצקין,8200,35,505,302,301,1,59.8,0
קרית מוצקין,8200,37.1,622,391,388,3,62.86,0
קרית מוצקין,8200,37.2,622,375,372,3,60.29,0
קרית מוצקין,8200,37.3,622,387,384,3,62.22,0
קרית מוצקין,8200,37.4,622,380,376,4,61.09,0
קרית מוצקין,8200,37.5,620,357,354,3,57.58,0
קרית מוצקין,8200,40,594,456,453,3,76.77,0
קרית מוצקין,8200,41,593,459,455,4,77.4,0
קרית מוצקין,8200,43,568,342,342,0,60.21,0
קרית מוצקין,8200,45,662,511,510,1,77.19,0
קרית מוצקין,8200,49.1,604,476,474,2,78.81,0
קרית מוצקין,8200,49.2,604,466,465,1,77.15,0
קרית מוצקין,8200,49.3,604,498,494,4,82.45,0
קרית מוצקין,8200,49.4,604,450,447,3,74.5,0
קרית מוצקין,8200,49.5,604,489,489,0,80.96,0
קרית מוצקין,8200,51,652,309,309,0,47.39,0
קרית מוצקין,8200,52,480,304,303,1,63.33,0
קרית מוצקין,8200,53,612,359,354,5,58.66,0
קרית מוצקין,8200,60,679,532,529,3,78.35,0
קרית מוצקין,8200,61.1,597,450,446,4,75.38,0
קרית מוצקין,8200,61.2,597,455,455,0,76.21,0
קרית מוצקין,8200,61.3,596,450,448,2,75.5,0
קרית מוצקין,8200,62,612,405,404,1,66.18,0
קרית מוצקין,8200,63,555,411,408,3,74.05,0
קרית מוצקין,8200,65.1,474,368,366,2,77.64,0
קרית מוצקין,8200,65.2,474,381,381,0,80.38,0
קרית מוצקין,8200,65.3,473,356,355,1,75.26,0
קרית מוצקין,8200,66,596,452,449,3,75.84,0
קרית מוצקין,8200,67.1,614,290,286,4,47.23,0
קרית מוצקין,8200,67.2,614,308,307,1,50.16,0
קרית מוצקין,8200,68,506,248,248,0,49.01,0
קרית מוצקין,8200,70,564,298,292,6,52.84,0
קרית מוצקין,8200,72,591,461,460,1,78.0,0
קרית מלאכי,1034,1,645,484,480,4,75.04,0
קרית מלאכי,1034,3,615,473,469,4,76.91,0
קרית מלאכי,1034,5,518,322,315,7,62.16,0
קרית מלאכי,1034,6,382,276,276,0,72.25,0
קרית מלאכי,1034,7,438,255,253,2,58.22,0
קרית מלאכי,1034,8.1,676,462,460,2,68.34,0
קרית מלאכי,1034,8.2,676,462,459,3,68.34,0
קרית מלאכי,1034,8.3,676,471,471,0,69.67,0
קרית מלאכי,1034,8.4,676,488,487,1,72.19,0
קרית מלאכי,1034,8.5,672,481,480,1,71.58,0
קרית מלאכי,1034,9,458,255,254,1,55.68,0
קרית מלאכי,1034,10,544,416,415,1,76.47,0
קרית מלאכי,1034,11,554,338,332,6,61.01,0
קרית מלאכי,1034,12.1,611,446,445,1,73.0,0
קרית מלאכי,1034,12.2,611,478,477,1,78.23,0
קרית מלאכי,1034,12.3,611,480,477,3,78.56,0
קרית מלאכי,1034,12.4,611,470,468,2,76.92,0
קרית מלאכי,1034,12.5,610,468,464,4,76.72,0
קרית מלאכי,1034,14,568,403,400,3,70.95,0
קרית מלאכי,1034,15,513,337,333,4,65.69,0
קרית מלאכי,1034,16,553,424,422,2,76.67,0
קרית מלאכי,1034,19,666,517,512,5,77.63,0
קרית מלאכי,1034,21,689,518,516,2,75.18,0
קרית מלאכי,1034,22,517,316,314,2,61.12,0
קרית מלאכי,1034,24.1,653,414,411,3,63.4,0
קרית מלאכי,1034,24.2,653,432,430,2,66.16,0
קרית מלאכי,1034,24.3,653,463,460,3,70.9,0
קרית מלאכי,1034,24.4,653,408,404,4,62.48,0
קרית מלאכי,1034,24.5,653,436,436,0,66.77,0
קרית מלאכי,1034,950,608,472,471,1,77.63,0
קרית נטפים,3746,1,474,389,388,1,82.07,0
קרית ענבים,78,1,333,206,206,0,61.86,0
קרית עקרון,469,1.1,671,473,466,7,70.49,0
קרית עקרון,469,1.2,671,489,487,2,72.88,0
קרית עקרון,469,1.3,671,494,489,5,73.62,0
קרית עקרון,469,1.4,670,497,495,2,74.18,0
קרית עקרון,469,4,620,410,404,6,66.13,0
קרית עקרון,469,5.1,361,291,286,5,80.61,0
קרית עקרון,469,5.2,360,271,270,1,75.28,0
קרית עקרון,469,8,579,420,416,4,72.54,0
קרית עקרון,469,9,540,411,407,4,76.11,0
קרית עקרון,469,10.1,724,501,495,6,69.2,0
קרית עקרון,469,10.2,723,501,496,5,69.29,0
קרית עקרון,469,11,534,399,397,2,74.72,0
קרית עקרון,469,12,503,364,364,0,72.37,0
קרית עקרון,469,13,547,419,417,2,76.6,0
קרית שמונה,2800,2,621,391,387,4,62.96,0
קרית שמונה,2800,3,583,383,382,1,65.69,0
קרית שמונה,2800,4,537,340,340,0,63.31,0
קרית שמונה,2800,5,488,299,299,0,61.27,0
קרית שמונה,2800,6,534,309,307,2,57.87,0
קרית שמונה,2800,12,520,354,354,0,68.08,0
קרית שמונה,2800,13,529,322,321,1,60.87,0
קרית שמונה,2800,14,554,351,343,8,63.36,0
קרית שמונה,2800,16,526,286,284,2,54.37,0
קרית שמונה,2800,17,552,342,338,4,61.96,0
קרית שמונה,2800,18.1,586,380,376,4,64.85,0
קרית שמונה,2800,18.2,586,346,339,7,59.04,0
קרית שמונה,2800,18.3,586,352,342,10,60.07,0
קרית שמונה,2800,18.4,586,347,345,2,59.22,0
קרית שמונה,2800,18.5,584,358,354,4,61.3,0
קרית שמונה,2800,22.1,601,346,344,2,57.57,0
קרית שמונה,2800,22.2,601,352,346,6,58.57,0
קרית שמונה,2800,22.3,601,346,339,7,57.57,0
קרית שמונה,2800,22.4,601,319,319,0,53.08,0
קרית שמונה,2800,22.5,598,322,320,2,53.85,0
קרית שמונה,2800,26.1,490,309,309,0,63.06,0
קרית שמונה,2800,26.2,490,333,331,2,67.96,0
קרית שמונה,2800,26.3,488,289,287,2,59.22,0
קרית שמונה,2800,28,635,366,363,3,57.64,0
קרית שמונה,2800,30.1,662,439,436,3,66.31,0
קרית שמונה,2800,30.2,662,440,437,3,66.47,0
קרית שמונה,2800,30.3,660,419,415,4,63.48,0
קרית שמונה,2800,951.1,625,415,413,2,66.4,0
קרית שמונה,2800,951.2,625,400,395,5,64.0,0
קרית שמונה,2800,951.3,625,399,394,5,63.84,0
קרית שמונה,2800,951.4,625,379,379,0,60.64,0
קרית שמונה,2800,951.5,621,322,319,3,51.85,0
קרני שומרון,3640,1,507,349,348,1,68.84,0
קרני שומרון,3640,3,626,411,406,5,65.65,0
קרני שומרון,3640,4.1,533,427,425,2,80.11,0
קרני שומרון,3640,4.2,533,423,423,0,79.36,0
קרני שומרון,3640,4.3,532,420,419,1,78.95,0
קרני שומרון,3640,5,691,471,468,3,68.16,0
קרני שומרון,3640,7,620,438,434,4,70.65,0
קרני שומרון,3640,9,588,399,398,1,67.86,0
קרני שומרון,3640,10,510,376,373,3,73.73,0
קרני שומרון,3640,990.1,662,527,526,1,79.61,0
קרני שומרון,3640,990.2,662,513,512,1,77.49,0
קשת,4006,1,442,329,329,0,74.43,0
ראמה,543,1.1,472,235,232,3,49.79,0
ראמה,543,1.2,472,266,265,1,56.36,0
ראמה,543,1.3,472,286,284,2,60.59,0
ראמה,543,2,579,358,355,3,61.83,0
ראמה,543,5,594,267,264,3,44.95,0
ראמה,543,6.1,682,361,356,5,52.93,0
ראמה,543,6.2,682,412,410,2,60.41,0
ראמה,543,7,674,339,336,3,50.3,0
ראמה,543,9.1,655,341,338,3,52.06,0
ראמה,543,9.2,654,371,368,3,56.73,0
ראמה,543,10,638,398,390,8,62.38,0
ראס אלעין,1334,1,288,200,197,3,69.44,0
ראס עלי,990,1,444,238,238,0,53.6,0
ראש העין,2640,1,720,570,569,1,79.17,0
ראש העין,2640,2,546,443,442,1,81.14,0
ראש העין,2640,4,558,412,411,1,73.84,0
ראש העין,2640,5.1,624,462,460,2,74.04,0
ראש העין,2640,5.2,624,464,462,2,74.36,0
ראש העין,2640,6,531,404,401,3,76.08,0
ראש העין,2640,7,691,572,570,2,82.78,0
ראש העין,2640,8,698,512,507,5,73.35,0
ראש העין,2640,9,626,488,483,5,77.96,0
ראש העין,2640,10,548,429,427,2,78.28,0
ראש העין,2640,11,513,394,393,1,76.8,0
ראש העין,2640,13.1,675,512,509,3,75.85,0
ראש העין,2640,13.2,675,518,516,2,76.74,0
ראש העין,2640,13.3,675,540,539,1,80.0,0
ראש העין,2640,14,688,494,492,2,71.8,0
ראש העין,2640,15,576,407,401,6,70.66,0
ראש העין,2640,16,639,487,483,4,76.21,0
ראש העין,2640,18,671,550,546,4,81.97,0
ראש העין,2640,19,641,489,488,1,76.29,0
ראש העין,2640,20,492,379,379,0,77.03,0
ראש העין,2640,21,682,511,508,3,74.93,0
ראש העין,2640,22,563,439,439,0,77.98,0
ראש העין,2640,23,542,418,418,0,77.12,0
ראש העין,2640,24,496,361,361,0,72.78,0
ראש העין,2640,26,451,336,336,0,74.5,0
ראש העין,2640,27,499,365,360,5,73.15,0
ראש העין,2640,28,576,392,389,3,68.06,0
ראש העין,2640,29,616,488,488,0,79.22,0
ראש העין,2640,30,544,400,399,1,73.53,0
ראש העין,2640,31,640,480,477,3,75.0,0
ראש העין,2640,32,424,333,332,1,78.54,0
ראש העין,2640,33.1,531,408,408,0,76.84,0
ראש העין,2640,34,634,473,473,0,74.61,0
ראש העין,2640,35,729,571,568,3,78.33,0
ראש העין,2640,36.1,486,354,353,1,72.84,0
ראש העין,2640,36.2,486,353,353,0,72.63,0
ראש העין,2640,36.3,484,364,362,2,75.21,0
ראש העין,2640,37,548,404,404,0,73.72,0
ראש העין,2640,39,556,426,425,1,76.62,0
ראש העין,2640,41,617,486,483,3,78.77,0
ראש העין,2640,42,511,392,391,1,76.71,0
ראש העין,2640,43,499,394,394,0,78.96,0
ראש העין,2640,45,542,393,391,2,72.51,0
ראש העין,2640,46,576,433,430,3,75.17,0
ראש העין,2640,47,499,340,337,3,68.14,0
ראש העין,2640,49,593,457,456,1,77.07,0
ראש העין,2640,50,499,389,389,0,77.96,0
ראש העין,2640,51.1,675,498,495,3,73.78,0
ראש העין,2640,51.2,675,523,521,2,77.48,0
ראש העין,2640,51.3,674,518,515,3,76.85,0
ראש העין,2640,53,488,358,355,3,73.36,0
ראש העין,2640,54,566,413,411,2,72.97,0
ראש העין,2640,55.1,648,527,527,0,81.33,0
ראש העין,2640,55.2,648,545,545,0,84.1,0
ראש העין,2640,55.3,648,532,532,0,82.1,0
ראש העין,2640,55.4,648,507,507,0,78.24,0
ראש העין,2640,55.5,648,536,532,4,82.72,0
ראש העין,2640,55.6,648,530,529,1,81.79,0
ראש העין,2640,55.7,648,547,547,0,84.41,0
ראש העין,2640,57,492,406,405,1,82.52,0
ראש העין,2640,62.1,652,469,467,2,71.93,0
ראש העין,2640,62.2,652,442,441,1,67.79,0
ראש העין,2640,63,692,534,532,2,77.17,0
ראש העין,2640,64.1,673,547,546,1,81.28,0
ראש העין,2640,64.2,673,558,555,3,82.91,0
ראש העין,2640,64.3,673,547,546,1,81.28,0
ראש העין,2640,64.4,673,548,547,1,81.43,0
ראש העין,2640,64.5,673,541,535,6,80.39,0
ראש העין,2640,64.6,673,552,544,8,82.02,0
ראש העין,2640,64.7,673,546,546,0,81.13,0
ראש העין,2640,64.8,672,548,546,2,81.55,0
ראש העין,2640,68,638,501,498,3,78.53,0
ראש העין,2640,73,657,492,488,4,74.89,0
ראש העין,2640,78,340,262,261,1,77.06,0
ראש העין,2640,79.1,659,533,532,1,80.88,0
ראש העין,2640,79.2,659,551,551,0,83.61,0
ראש העין,2640,79.3,659,534,534,0,81.03,0
ראש העין,2640,79.4,658,554,554,0,84.19,0
ראש העין,2640,80,548,425,425,0,77.55,0
ראש העין,2640,81,719,581,578,3,80.81,0
ראש העין,2640,82,277,235,234,1,84.84,0
ראש העין,2640,950,615,502,501,1,81.63,0
ראש פינה,26,1.1,633,407,405,2,64.3,0
ראש פינה,26,1.2,633,408,407,1,64.45,0
ראש פינה,26,1.3,633,429,428,1,67.77,0
ראש פינה,26,1.4,632,430,427,3,68.04,0
ראש צורים,3602,1,537,433,433,0,80.63,0
ראשון לציון,8300,13,696,433,428,5,62.21,0
ראשון לציון,8300,30,547,280,279,1,51.19,0
ראשון לציון,8300,32,545,345,340,5,63.3,0
ראשון לציון,8300,34,630,403,402,1,63.97,0
ראשון לציון,8300,45,498,274,274,0,55.02,0
ראשון לציון,8300,61,468,297,296,1,63.46,0
ראשון לציון,8300,62,602,338,335,3,56.15,0
ראשון לציון,8300,63.1,596,372,372,0,62.42,0
ראשון לציון,8300,63.2,596,345,340,5,57.89,0
ראשון לציון,8300,63.3,596,378,376,2,63.42,0
ראשון לציון,8300,63.4,596,346,343,3,58.05,0
ראשון לציון,8300,63.5,592,318,315,3,53.72,0
ראשון לציון,8300,124.1,673,408,404,4,60.62,0
ראשון לציון,8300,124.2,673,383,383,0,56.91,0
ראשון לציון,8300,124.3,672,321,319,2,47.77,0
ראשון לציון,8300,125,634,351,346,5,55.36,0
ראשון לציון,8300,130,520,359,358,1,69.04,0
ראשון לציון,8300,136,575,354,349,5,61.57,0
ראשון לציון,8300,140,498,371,371,0,74.5,0
ראשון לציון,8300,143.1,663,343,341,2,51.73,0
ראשון לציון,8300,143.2,663,377,374,3,56.86,0
ראשון לציון,8300,143.3,663,340,336,4,51.28,0
ראשון לציון,8300,143.4,663,355,348,7,53.54,0
ראשון לציון,8300,143.5,663,338,338,0,50.98,0
ראשון לציון,8300,143.6,660,334,333,1,50.61,0
ראשון לציון,8300,146,638,463,457,6,72.57,0
ראשון לציון,8300,147,530,346,345,1,65.28,0
ראשון לציון,8300,161,475,302,302,0,63.58,0
ראשון לציון,8300,162,634,427,426,1,67.35,0
ראשון לציון,8300,165.1,677,435,434,1,64.25,0
ראשון לציון,8300,165.2,677,466,464,2,68.83,0
ראשון לציון,8300,165.3,677,435,434,1,64.25,0
ראשון לציון,8300,165.4,674,454,449,5,67.36,0
ראשון לציון,8300,166,517,345,339,6,66.73,0
ראשון לציון,8300,167,676,498,496,2,73.67,0
ראשון לציון,8300,228.1,601,290,286,4,48.25,0
ראשון לציון,8300,228.2,601,314,311,3,52.25,0
ראשון לציון,8300,228.3,601,299,298,1,49.75,0
ראשון לציון,8300,228.4,601,340,338,2,56.57,0
ראשון לציון,8300,228.5,601,315,312,3,52.41,0
ראשון לציון,8300,228.6,601,291,287,4,48.42,0
ראשון לציון,8300,228.7,598,290,288,2,48.49,0
ראשון לציון,8300,232.1,650,362,361,1,55.69,0
ראשון לציון,8300,232.2,650,345,345,0,53.08,0
ראשון לציון,8300,232.3,650,366,364,2,56.31,0
ראשון לציון,8300,232.4,650,330,328,2,50.77,0
ראשון לציון,8300,232.5,650,289,289,0,44.46,0
ראשון לציון,8300,233,544,335,332,3,61.58,0
ראשון לציון,8300,242.1,634,360,356,4,56.78,0
ראשון לציון,8300,242.2,634,352,352,0,55.52,0
ראשון לציון,8300,242.3,634,333,332,1,52.52,0
ראשון לציון,8300,242.4,634,361,359,2,56.94,0
ראשון לציון,8300,242.5,634,351,345,6,55.36,0
ראשון לציון,8300,242.6,634,353,350,3,55.68,0
ראשון לציון,8300,242.7,631,356,355,1,56.42,0
ראשון לציון,8300,303,579,368,363,5,63.56,0
ראשון לציון,8300,304,580,348,345,3,60.0,0
ראשון לציון,8300,336,605,428,428,0,70.74,0
ראשון לציון,8300,339.1,662,534,532,2,80.66,0
ראשון לציון,8300,339.2,662,542,539,3,81.87,0
ראשון לציון,8300,339.3,660,541,540,1,81.97,0
ראשון לציון,8300,956.1,664,422,420,2,63.55,0
ראשון לציון,8300,956.2,664,436,433,3,65.66,0
ראשון לציון,8300,956.3,664,418,417,1,62.95,0
ראשון לציון,8300,956.4,664,438,436,2,65.96,0
ראשון לציון,8300,956.5,664,438,438,0,65.96,0
ראשון לציון,8300,956.6,664,408,404,4,61.45,0
ראשון לציון,8300,956.7,664,410,407,3,61.75,0
ראשון לציון,8300,956.8,659,389,389,0,59.03,0
ראשון לציון,8300,46.1,669,485,480,5,72.5,0
ראשון לציון,8300,46.2,669,503,502,1,75.19,0
ראשון לציון,8300,46.3,669,476,475,1,71.15,0
ראשון לציון,8300,46.4,669,469,463,6,70.1,0
ראשון לציון,8300,46.5,668,439,436,3,65.72,0
ראשון לציון,8300,50.1,588,432,431,1,73.47,0
ראשון לציון,8300,50.2,588,431,430,1,73.3,0
ראשון לציון,8300,50.3,588,449,447,2,76.36,0
ראשון לציון,8300,50.4,588,441,438,3,75.0,0
ראשון לציון,8300,50.5,588,439,439,0,74.66,0
ראשון לציון,8300,50.6,587,435,433,2,74.11,0
ראשון לציון,8300,55,583,416,414,2,71.36,0
ראשון לציון,8300,56,642,456,455,1,71.03,0
ראשון לציון,8300,59.1,688,483,477,6,70.2,0
ראשון לציון,8300,59.2,688,437,433,4,63.52,0
ראשון לציון,8300,65,585,337,334,3,57.61,0
ראשון לציון,8300,66,633,389,385,4,61.45,0
ראשון לציון,8300,70,595,404,401,3,67.9,0
ראשון לציון,8300,71,607,376,375,1,61.94,0
ראשון לציון,8300,73,555,291,291,0,52.43,0
ראשון לציון,8300,131,507,331,330,1,65.29,0
ראשון לציון,8300,134,604,380,377,3,62.91,0
ראשון לציון,8300,139,446,271,269,2,60.76,0
ראשון לציון,8300,141,639,422,419,3,66.04,0
ראשון לציון,8300,168,654,474,473,1,72.48,0
ראשון לציון,8300,199.1,618,431,431,0,69.74,0
ראשון לציון,8300,199.2,617,430,428,2,69.69,0
ראשון לציון,8300,204,568,374,371,3,65.85,0
ראשון לציון,8300,215,555,342,341,1,61.62,0
ראשון לציון,8300,216.1,656,426,424,2,64.94,0
ראשון לציון,8300,216.2,656,458,456,2,69.82,0
ראשון לציון,8300,216.3,656,404,401,3,61.59,0
ראשון לציון,8300,216.4,655,387,383,4,59.08,0
ראשון לציון,8300,217,463,329,329,0,71.06,0
ראשון לציון,8300,218,576,286,286,0,49.65,0
ראשון לציון,8300,224.1,663,510,508,2,76.92,0
ראשון לציון,8300,224.2,663,489,488,1,73.76,0
ראשון לציון,8300,224.3,663,495,495,0,74.66,0
ראשון לציון,8300,224.4,662,502,496,6,75.83,0
ראשון לציון,8300,234.1,694,472,470,2,68.01,0
ראשון לציון,8300,234.2,694,466,466,0,67.15,0
ראשון לציון,8300,234.3,694,462,461,1,66.57,0
ראשון לציון,8300,234.4,694,490,487,3,70.61,0
ראשון לציון,8300,234.5,694,451,449,2,64.99,0
ראשון לציון,8300,234.6,694,463,462,1,66.71,0
ראשון לציון,8300,234.7,694,419,416,3,60.37,0
ראשון לציון,8300,234.8,692,464,460,4,67.05,0
ראשון לציון,8300,252.1,661,479,478,1,72.47,0
ראשון לציון,8300,252.2,661,494,491,3,74.74,0
ראשון לציון,8300,252.3,661,477,476,1,72.16,0
ראשון לציון,8300,252.4,661,506,504,2,76.55,0
ראשון לציון,8300,252.5,661,483,483,0,73.07,0
ראשון לציון,8300,252.6,656,483,482,1,73.63,0
ראשון לציון,8300,299.1,642,469,469,0,73.05,0
ראשון לציון,8300,299.2,642,494,491,3,76.95,0
ראשון לציון,8300,299.3,641,462,459,3,72.07,0
ראשון לציון,8300,309.1,497,351,350,1,70.62,0
ראשון לציון,8300,309.2,497,353,351,2,71.03,0
ראשון לציון,8300,309.3,497,338,336,2,68.01,0
ראשון לציון,8300,311,632,386,383,3,61.08,0
ראשון לציון,8300,312,571,400,400,0,70.05,0
ראשון לציון,8300,314,507,382,380,2,75.35,0
ראשון לציון,8300,317,590,381,379,2,64.58,0
ראשון לציון,8300,322,512,411,410,1,80.27,0
ראשון לציון,8300,328,639,502,501,1,78.56,0
ראשון לציון,8300,329,590,491,491,0,83.22,0
ראשון לציון,8300,331,627,484,481,3,77.19,0
ראשון לציון,8300,332,518,396,396,0,76.45,0
ראשון לציון,8300,333,537,419,418,1,78.03,0
ראשון לציון,8300,14,699,394,391,3,56.37,0
ראשון לציון,8300,16.1,649,471,467,4,72.57,0
ראשון לציון,8300,16.2,649,473,472,1,72.88,0
ראשון לציון,8300,16.3,649,491,490,1,75.65,0
ראשון לציון,8300,16.4,649,508,506,2,78.27,0
ראשון לציון,8300,16.5,649,459,457,2,70.72,0
ראשון לציון,8300,16.6,648,491,489,2,75.77,0
ראשון לציון,8300,19.1,638,395,393,2,61.91,0
ראשון לציון,8300,19.2,638,403,401,2,63.17,0
ראשון לציון,8300,19.3,638,415,413,2,65.05,0
ראשון לציון,8300,19.4,636,385,384,1,60.53,0
ראשון לציון,8300,20,609,392,385,7,64.37,0
ראשון לציון,8300,21,564,376,375,1,66.67,0
ראשון לציון,8300,23.1,627,354,354,0,56.46,0
ראשון לציון,8300,23.2,627,386,382,4,61.56,0
ראשון לציון,8300,23.3,627,350,349,1,55.82,0
ראשון לציון,8300,23.4,627,376,375,1,59.97,0
ראשון לציון,8300,23.5,627,342,342,0,54.55,0
ראשון לציון,8300,23.6,627,355,355,0,56.62,0
ראשון לציון,8300,23.7,627,297,297,0,47.37,0
ראשון לציון,8300,23.8,620,343,342,1,55.32,0
ראשון לציון,8300,24,628,346,341,5,55.1,0
ראשון לציון,8300,25,694,292,291,1,42.07,0
ראשון לציון,8300,29,600,339,335,4,56.5,0
ראשון לציון,8300,41,682,406,401,5,59.53,0
ראשון לציון,8300,48.1,641,369,366,3,57.57,0
ראשון לציון,8300,48.2,641,359,359,0,56.01,0
ראשון לציון,8300,48.3,641,346,342,4,53.98,0
ראשון לציון,8300,48.4,638,343,341,2,53.76,0
ראשון לציון,8300,74,592,414,414,0,69.93,0
ראשון לציון,8300,76,561,318,317,1,56.68,0
ראשון לציון,8300,80,679,342,337,5,50.37,0
ראשון לציון,8300,81.1,562,365,364,1,64.95,0
ראשון לציון,8300,81.2,562,325,323,2,57.83,0
ראשון לציון,8300,81.3,562,362,358,4,64.41,0
ראשון לציון,8300,81.4,562,312,311,1,55.52,0
ראשון לציון,8300,81.5,558,317,314,3,56.81,0
ראשון לציון,8300,87,587,352,351,1,59.97,0
ראשון לציון,8300,88.1,676,452,450,2,66.86,0
ראשון לציון,8300,88.2,676,430,430,0,63.61,0
ראשון לציון,8300,88.3,676,402,401,1,59.47,0
ראשון לציון,8300,88.4,676,433,429,4,64.05,0
ראשון לציון,8300,93,586,326,323,3,55.63,0
ראשון לציון,8300,101,556,305,300,5,54.86,0
ראשון לציון,8300,102,584,324,323,1,55.48,0
ראשון לציון,8300,104,644,403,403,0,62.58,0
ראשון לציון,8300,105,632,389,387,2,61.55,0
ראשון לציון,8300,116.1,588,350,348,2,59.52,0
ראשון לציון,8300,116.2,588,304,304,0,51.7,0
ראשון לציון,8300,116.3,588,364,361,3,61.9,0
ראשון לציון,8300,116.4,588,301,300,1,51.19,0
ראשון לציון,8300,116.5,588,311,310,1,52.89,0
ראשון לציון,8300,118,597,352,349,3,58.96,0
ראשון לציון,8300,203,699,267,267,0,38.2,0
ראשון לציון,8300,213.1,652,426,423,3,65.34,0
ראשון לציון,8300,213.2,652,394,394,0,60.43,0
ראשון לציון,8300,213.3,652,413,410,3,63.34,0
ראשון לציון,8300,213.4,652,416,414,2,63.8,0
ראשון לציון,8300,213.5,649,408,407,1,62.87,0
ראשון לציון,8300,225.1,596,393,393,0,65.94,0
ראשון לציון,8300,225.2,596,402,402,0,67.45,0
ראשון לציון,8300,225.3,596,383,381,2,64.26,0
ראשון לציון,8300,225.4,594,389,387,2,65.49,0
ראשון לציון,8300,227,550,338,336,2,61.45,0
ראשון לציון,8300,247.1,613,462,458,4,75.37,0
ראשון לציון,8300,247.2,613,455,452,3,74.23,0
ראשון לציון,8300,247.3,613,446,441,5,72.76,0
ראשון לציון,8300,247.4,613,425,424,1,69.33,0
ראשון לציון,8300,247.5,610,443,443,0,72.62,0
ראשון לציון,8300,256,652,489,487,2,75.0,0
ראשון לציון,8300,504.1,607,451,448,3,74.3,0
ראשון לציון,8300,504.2,607,476,476,0,78.42,0
ראשון לציון,8300,504.3,607,483,483,0,79.57,0
ראשון לציון,8300,504.4,607,490,486,4,80.72,0
ראשון לציון,8300,504.5,607,481,478,3,79.24,0
ראשון לציון,8300,504.6,607,463,461,2,76.28,0
ראשון לציון,8300,504.7,601,462,459,3,76.87,0
ראשון לציון,8300,505.1,596,461,458,3,77.35,0
ראשון לציון,8300,505.2,596,434,434,0,72.82,0
ראשון לציון,8300,505.3,596,456,455,1,76.51,0
ראשון לציון,8300,505.4,596,430,429,1,72.15,0
ראשון לציון,8300,505.5,594,429,425,4,72.22,0
ראשון לציון,8300,2,534,372,371,1,69.66,0
ראשון לציון,8300,3,538,271,270,1,50.37,0
ראשון לציון,8300,4,525,300,295,5,57.14,0
ראשון לציון,8300,5,516,312,311,1,60.47,0
ראשון לציון,8300,6,569,302,299,3,53.08,0
ראשון לציון,8300,7,601,347,340,7,57.74,0
ראשון לציון,8300,8,598,313,312,1,52.34,0
ראשון לציון,8300,9,621,362,360,2,58.29,0
ראשון לציון,8300,10,521,276,271,5,52.98,0
ראשון לציון,8300,12,561,301,298,3,53.65,0
ראשון לציון,8300,95,623,340,338,2,54.57,0
ראשון לציון,8300,96,574,358,354,4,62.37,0
ראשון לציון,8300,98,645,316,311,5,48.99,0
ראשון לציון,8300,150.1,639,461,459,2,72.14,0
ראשון לציון,8300,150.2,639,446,445,1,69.8,0
ראשון לציון,8300,150.3,639,473,472,1,74.02,0
ראשון לציון,8300,150.4,639,459,459,0,71.83,0
ראשון לציון,8300,150.5,639,458,457,1,71.67,0
ראשון לציון,8300,150.6,638,446,442,4,69.91,0
ראשון לציון,8300,153,677,468,467,1,69.13,0
ראשון לציון,8300,154,518,335,332,3,64.67,0
ראשון לציון,8300,155,654,476,472,4,72.78,0
ראשון לציון,8300,158.1,583,441,440,1,75.64,0
ראשון לציון,8300,158.2,583,431,429,2,73.93,0
ראשון לציון,8300,158.3,582,432,430,2,74.23,0
ראשון לציון,8300,160.1,648,413,413,0,63.73,0
ראשון לציון,8300,160.2,648,441,439,2,68.06,0
ראשון לציון,8300,160.3,648,383,379,4,59.1,0
ראשון לציון,8300,160.4,648,420,417,3,64.81,0
ראשון לציון,8300,160.5,648,380,378,2,58.64,0
ראשון לציון,8300,160.6,648,380,379,1,58.64,0
ראשון לציון,8300,160.7,648,398,396,2,61.42,0
ראשון לציון,8300,171,577,427,427,0,74.0,0
ראשון לציון,8300,172,610,440,440,0,72.13,0
ראשון לציון,8300,175,623,450,444,6,72.23,0
ראשון לציון,8300,182.1,638,460,459,1,72.1,0
ראשון לציון,8300,182.2,638,461,461,0,72.26,0
ראשון לציון,8300,182.3,638,497,496,1,77.9,0
ראשון לציון,8300,182.4,638,438,437,1,68.65,0
ראשון לציון,8300,182.5,638,470,469,1,73.67,0
ראשון לציון,8300,182.6,638,473,471,2,74.14,0
ראשון לציון,8300,184,618,323,319,4,52.27,0
ראשון לציון,8300,185,539,361,359,2,66.98,0
ראשון לציון,8300,187.1,644,488,487,1,75.78,0
ראשון לציון,8300,187.2,644,482,479,3,74.84,0
ראשון לציון,8300,187.3,644,508,507,1,78.88,0
ראשון לציון,8300,187.4,644,480,479,1,74.53,0
ראשון לציון,8300,187.5,644,496,493,3,77.02,0
ראשון לציון,8300,187.6,642,486,483,3,75.7,0
ראשון לציון,8300,188,689,506,503,3,73.44,0
ראשון לציון,8300,189,578,390,389,1,67.47,0
ראשון לציון,8300,191,499,364,364,0,72.95,0
ראשון לציון,8300,192,502,357,355,2,71.12,0
ראשון לציון,8300,230,576,366,362,4,63.54,0
ראשון לציון,8300,241.1,616,410,406,4,66.56,0
ראשון לציון,8300,241.2,616,377,376,1,61.2,0
ראשון לציון,8300,241.3,616,357,356,1,57.95,0
ראשון לציון,8300,241.4,616,382,381,1,62.01,0
ראשון לציון,8300,241.5,616,405,405,0,65.75,0
ראשון לציון,8300,241.6,616,361,358,3,58.6,0
ראשון לציון,8300,241.7,612,362,360,2,59.15,0
ראשון לציון,8300,243,573,360,359,1,62.83,0
ראשון לציון,8300,244,591,306,305,1,51.78,0
ראשון לציון,8300,248,589,432,431,1,73.34,0
ראשון לציון,8300,249,583,396,393,3,67.92,0
ראשון לציון,8300,254.1,625,466,463,3,74.56,0
ראשון לציון,8300,254.2,625,435,433,2,69.6,0
ראשון לציון,8300,254.3,625,479,475,4,76.64,0
ראשון לציון,8300,254.4,625,461,461,0,73.76,0
ראשון לציון,8300,254.5,625,482,482,0,77.12,0
ראשון לציון,8300,254.6,623,462,460,2,74.16,0
ראשון לציון,8300,255,553,407,402,5,73.6,0
ראשון לציון,8300,258,576,416,412,4,72.22,0
ראשון לציון,8300,259,653,480,480,0,73.51,0
ראשון לציון,8300,263,556,403,403,0,72.48,0
ראשון לציון,8300,264,510,394,392,2,77.25,0
ראשון לציון,8300,267,535,414,414,0,77.38,0
ראשון לציון,8300,268,533,380,377,3,71.29,0
ראשון לציון,8300,269,586,431,426,5,73.55,0
ראשון לציון,8300,270,611,489,488,1,80.03,0
ראשון לציון,8300,271,513,393,393,0,76.61,0
ראשון לציון,8300,272,629,444,442,2,70.59,0
ראשון לציון,8300,273,677,481,480,1,71.05,0
ראשון לציון,8300,274,512,351,346,5,68.55,0
ראשון לציון,8300,275,515,374,373,1,72.62,0
ראשון לציון,8300,276,686,541,540,1,78.86,0
ראשון לציון,8300,277,578,446,446,0,77.16,0
ראשון לציון,8300,280.1,651,468,466,2,71.89,0
ראשון לציון,8300,280.2,651,472,472,0,72.5,0
ראשון לציון,8300,280.3,651,486,485,1,74.65,0
ראשון לציון,8300,280.4,651,498,496,2,76.5,0
ראשון לציון,8300,280.5,651,469,466,3,72.04,0
ראשון לציון,8300,280.6,651,486,486,0,74.65,0
ראשון לציון,8300,280.7,650,474,472,2,72.92,0
ראשון לציון,8300,283,619,472,471,1,76.25,0
ראשון לציון,8300,284,603,466,465,1,77.28,0
ראשון לציון,8300,286.1,631,453,451,2,71.79,0
ראשון לציון,8300,286.2,631,469,468,1,74.33,0
ראשון לציון,8300,286.3,631,443,443,0,70.21,0
ראשון לציון,8300,286.4,631,464,462,2,73.53,0
ראשון לציון,8300,286.5,631,450,447,3,71.32,0
ראשון לציון,8300,286.6,631,461,461,0,73.06,0
ראשון לציון,8300,286.7,631,472,471,1,74.8,0
ראשון לציון,8300,286.8,631,467,467,0,74.01,0
ראשון לציון,8300,288,590,442,442,0,74.92,0
ראשון לציון,8300,289,578,436,436,0,75.43,0
ראשון לציון,8300,292.1,625,469,466,3,75.04,0
ראשון לציון,8300,292.2,625,470,469,1,75.2,0
ראשון לציון,8300,292.3,625,474,473,1,75.84,0
ראשון לציון,8300,292.4,625,465,462,3,74.4,0
ראשון לציון,8300,292.5,625,471,471,0,75.36,0
ראשון לציון,8300,292.6,625,452,449,3,72.32,0
ראשון לציון,8300,292.7,623,464,463,1,74.48,0
ראשון לציון,8300,293,456,254,249,5,55.7,0
ראשון לציון,8300,301.1,671,493,493,0,73.47,0
ראשון לציון,8300,301.2,671,440,436,4,65.57,0
ראשון לציון,8300,301.3,671,500,498,2,74.52,0
ראשון לציון,8300,301.4,671,482,480,2,71.83,0
ראשון לציון,8300,301.5,671,463,458,5,69.0,0
ראשון לציון,8300,301.6,670,478,478,0,71.34,0
ראשון לציון,8300,305,536,337,336,1,62.87,0
ראשון לציון,8300,308,621,469,464,5,75.52,0
ראשון לציון,8300,327,498,322,321,1,64.66,0
ראשון לציון,8300,954,591,458,455,3,77.5,0
רבבה,3795,2.1,486,397,397,0,81.69,0
רבבה,3795,2.2,486,389,389,0,80.04,0
רבבה,3795,2.3,485,411,409,2,84.74,0
רבדים,564,1,643,468,468,0,72.78,0
רביבים,354,1.1,361,201,201,0,55.68,0
רביבים,354,1.2,361,212,212,0,58.73,0
רגבה,390,1,470,351,350,1,74.68,0
רגבה,390,2,386,274,273,1,70.98,0
רגבים,444,1,447,320,318,2,71.59,0
רהט,1161,1,668,405,402,3,60.63,0
רהט,1161,3,580,306,305,1,52.76,0
רהט,1161,12.1,527,310,306,4,58.82,0
רהט,1161,12.2,527,319,315,4,60.53,0
רהט,1161,12.3,526,286,285,1,54.37,0
רהט,1161,14,657,365,361,4,55.56,0
רהט,1161,16.1,671,385,382,3,57.38,0
רהט,1161,16.2,671,410,409,1,61.1,0
רהט,1161,16.3,669,394,392,2,58.89,0
רהט,1161,18,587,356,354,2,60.65,0
רהט,1161,20,644,362,359,3,56.21,0
רהט,1161,21,697,340,336,4,48.78,0
רהט,1161,28,648,398,395,3,61.42,0
רהט,1161,29,607,364,358,6,59.97,0
רהט,1161,30.1,591,405,395,10,68.53,0
רהט,1161,30.2,591,365,359,6,61.76,0
רהט,1161,30.3,591,355,353,2,60.07,0
רהט,1161,30.4,589,323,321,2,54.84,0
רהט,1161,33.1,511,385,380,5,75.34,0
רהט,1161,33.2,511,339,337,2,66.34,0
רהט,1161,33.3,511,292,290,2,57.14,0
רהט,1161,34,653,375,370,5,57.43,0
רהט,1161,37.1,499,274,272,2,54.91,0
רהט,1161,37.2,499,298,297,1,59.72,0
רהט,1161,37.3,499,243,241,2,48.7,0
רהט,1161,41.1,639,332,326,6,51.96,0
רהט,1161,41.2,639,315,313,2,49.3,0
רהט,1161,41.3,639,360,359,1,56.34,0
רהט,1161,43.1,545,351,349,2,64.4,0
רהט,1161,43.2,545,335,334,1,61.47,0
רהט,1161,43.3,545,341,338,3,62.57,0
רהט,1161,43.4,542,331,330,1,61.07,0
רהט,1161,44,540,358,355,3,66.3,0
רהט,1161,47.1,557,327,324,3,58.71,0
רהט,1161,47.2,557,353,349,4,63.38,0
רהט,1161,47.3,555,328,324,4,59.1,0
רהט,1161,48.1,632,402,399,3,63.61,0
רהט,1161,48.2,632,433,429,4,68.51,0
רהט,1161,48.3,630,461,459,2,73.17,0
רהט,1161,51.1,628,309,302,7,49.2,0
רהט,1161,51.2,628,398,394,4,63.38,0
רהט,1161,51.3,628,352,347,5,56.05,0
רהט,1161,51.4,628,465,464,1,74.04,0
רהט,1161,51.5,626,379,376,3,60.54,0
רהט,1161,52.1,675,319,309,10,47.26,0
רהט,1161,52.2,675,447,442,5,66.22,0
רהט,1161,52.3,673,420,417,3,62.41,0
רהט,1161,53,525,353,352,1,67.24,0
רהט,1161,54,496,320,316,4,64.52,0
רהט,1161,55.1,618,403,399,4,65.21,0
רהט,1161,55.2,618,393,390,3,63.59,0
רהט,1161,55.3,618,403,401,2,65.21,0
רהט,1161,55.4,618,421,420,1,68.12,0
רהט,1161,55.5,615,389,385,4,63.25,0
רהט,1161,56.1,604,338,335,3,55.96,0
רהט,1161,56.2,604,362,358,4,59.93,0
רהט,1161,56.3,604,288,279,9,47.68,0
רהט,1161,56.4,602,333,330,3,55.32,0
רהט,1161,58.1,641,481,477,4,75.04,0
רהט,1161,58.2,641,390,387,3,60.84,0
רהט,1161,58.3,641,391,384,7,61.0,0
רהט,1161,58.4,641,398,394,4,62.09,0
רהט,1161,58.5,637,443,441,2,69.54,0
רהט,1161,60,541,365,363,2,67.47,0
רווחה,2051,1,415,361,360,1,86.99,0
רוויה,2016,1,271,187,187,0,69.0,0
רוחמה,362,1,550,367,366,1,66.73,0
רומאנה,539,1,410,348,347,1,84.88,0
רומאנה,539,2,414,274,267,7,66.18,0
רומת הייב,997,2.1,494,222,219,3,44.94,0
רומת הייב,997,2.2,494,205,198,7,41.5,0
רומת הייב,997,2.3,493,219,218,1,44.42,0
רועי,3619,1,129,86,86,0,66.67,0
רותם,3782,1,117,82,80,2,70.09,0
רחוב,854,1,336,248,247,1,73.81,0
רחובות,8400,33.1,661,487,484,3,73.68,0
רחובות,8400,33.2,661,490,487,3,74.13,0
רחובות,8400,33.3,661,467,465,2,70.65,0
רחובות,8400,33.4,661,504,503,1,76.25,0
רחובות,8400,33.5,661,488,487,1,73.83,0
רחובות,8400,33.6,661,472,469,3,71.41,0
רחובות,8400,33.7,657,489,484,5,74.43,0
רחובות,8400,39,584,285,284,1,48.8,0
רחובות,8400,41,614,362,361,1,58.96,0
רחובות,8400,45,642,423,421,2,65.89,0
רחובות,8400,48.1,658,485,485,0,73.71,0
רחובות,8400,48.2,658,454,453,1,69.0,0
רחובות,8400,48.3,658,452,448,4,68.69,0
רחובות,8400,48.4,658,487,484,3,74.01,0
רחובות,8400,48.5,658,440,438,2,66.87,0
רחובות,8400,48.6,658,485,483,2,73.71,0
רחובות,8400,48.7,658,432,428,4,65.65,0
רחובות,8400,48.8,653,459,456,3,70.29,0
רחובות,8400,55.1,526,311,306,5,59.13,0
רחובות,8400,55.2,526,326,325,1,61.98,0
רחובות,8400,55.3,525,315,311,4,60.0,0
רחובות,8400,58.1,648,450,447,3,69.44,0
רחובות,8400,58.2,648,472,471,1,72.84,0
רחובות,8400,58.3,648,492,491,1,75.93,0
רחובות,8400,58.4,648,473,473,0,72.99,0
רחובות,8400,58.5,648,440,438,2,67.9,0
רחובות,8400,58.6,643,421,419,2,65.47,0
רחובות,8400,73,612,418,418,0,68.3,0
רחובות,8400,74,584,394,391,3,67.47,0
רחובות,8400,80,566,430,430,0,75.97,0
רחובות,8400,84,556,421,421,0,75.72,0
רחובות,8400,88,698,517,510,7,74.07,0
רחובות,8400,89,496,356,353,3,71.77,0
רחובות,8400,94.1,670,447,446,1,66.72,0
רחובות,8400,94.2,670,437,437,0,65.22,0
רחובות,8400,94.3,670,442,442,0,65.97,0
רחובות,8400,94.4,670,475,471,4,70.9,0
רחובות,8400,94.5,670,434,433,1,64.78,0
רחובות,8400,94.6,670,395,391,4,58.96,0
רחובות,8400,94.7,670,434,432,2,64.78,0
רחובות,8400,94.8,667,402,402,0,60.27,0
רחובות,8400,95.1,613,407,405,2,66.39,0
רחובות,8400,95.2,613,391,388,3,63.78,0
רחובות,8400,95.3,613,401,400,1,65.42,0
רחובות,8400,95.4,613,356,356,0,58.08,0
רחובות,8400,95.5,613,366,364,2,59.71,0
רחובות,8400,95.6,608,400,399,1,65.79,0
רחובות,8400,103,658,488,488,0,74.16,0
רחובות,8400,105.1,661,469,465,4,70.95,0
רחובות,8400,105.2,661,503,502,1,76.1,0
רחובות,8400,105.3,661,483,483,0,73.07,0
רחובות,8400,105.4,659,424,421,3,64.34,0
רחובות,8400,106,469,361,361,0,76.97,0
רחובות,8400,107,421,319,316,3,75.77,0
רחובות,8400,109,474,286,284,2,60.34,0
רחובות,8400,113,445,229,229,0,51.46,0
רחובות,8400,122.1,550,424,424,0,77.09,0
רחובות,8400,122.2,550,428,427,1,77.82,0
רחובות,8400,122.3,550,420,420,0,76.36,0
רחובות,8400,122.4,548,425,424,1,77.55,0
רחובות,8400,123.1,649,507,503,4,78.12,0
רחובות,8400,123.2,649,510,509,1,78.58,0
רחובות,8400,123.3,648,514,513,1,79.32,0
רחובות,8400,127.1,611,466,464,2,76.27,0
רחובות,8400,127.2,611,468,468,0,76.6,0
רחובות,8400,127.3,611,454,453,1,74.3,0
רחובות,8400,127.4,611,452,450,2,73.98,0
רחובות,8400,129.1,666,400,396,4,60.06,0
רחובות,8400,129.2,666,396,392,4,59.46,0
רחובות,8400,129.3,666,393,390,3,59.01,0
רחובות,8400,142.1,628,433,432,1,68.95,0
רחובות,8400,142.2,628,398,398,0,63.38,0
רחובות,8400,142.3,628,428,427,1,68.15,0
רחובות,8400,142.4,628,427,427,0,67.99,0
רחובות,8400,142.5,628,415,413,2,66.08,0
רחובות,8400,142.6,628,397,391,6,63.22,0
רחובות,8400,142.7,628,399,399,0,63.54,0
רחובות,8400,142.8,626,413,413,0,65.97,0
רחובות,8400,153.1,643,443,442,1,68.9,0
רחובות,8400,153.2,643,460,459,1,71.54,0
רחובות,8400,153.3,642,459,456,3,71.5,0
רחובות,8400,158.1,599,471,470,1,78.63,0
רחובות,8400,158.2,599,479,476,3,79.97,0
רחובות,8400,158.3,599,492,491,1,82.14,0
רחובות,8400,158.4,599,478,476,2,79.8,0
רחובות,8400,158.5,599,475,475,0,79.3,0
רחובות,8400,158.6,599,489,489,0,81.64,0
רחובות,8400,163.1,648,545,544,1,84.1,0
רחובות,8400,163.2,648,544,543,1,83.95,0
רחובות,8400,163.3,648,539,538,1,83.18,0
רחובות,8400,163.4,648,520,520,0,80.25,0
רחובות,8400,173,579,411,408,3,70.98,0
רחובות,8400,2,587,331,326,5,56.39,0
רחובות,8400,4.1,568,314,311,3,55.28,0
רחובות,8400,4.2,568,285,281,4,50.18,0
רחובות,8400,4.3,568,321,315,6,56.51,0
רחובות,8400,4.4,568,315,310,5,55.46,0
רחובות,8400,4.5,567,293,291,2,51.68,0
רחובות,8400,11,410,226,226,0,55.12,0
רחובות,8400,13,605,414,412,2,68.43,0
רחובות,8400,15.1,603,347,344,3,57.55,0
רחובות,8400,15.2,603,308,303,5,51.08,0
רחובות,8400,15.3,603,371,370,1,61.53,0
רחובות,8400,15.4,602,338,338,0,56.15,0
רחובות,8400,16,658,424,421,3,64.44,0
רחובות,8400,18,581,369,369,0,63.51,0
רחובות,8400,19,598,421,419,2,70.4,0
רחובות,8400,20.1,571,410,409,1,71.8,0
רחובות,8400,20.2,571,405,403,2,70.93,0
רחובות,8400,20.3,571,406,405,1,71.1,0
רחובות,8400,20.4,571,411,408,3,71.98,0
רחובות,8400,20.5,570,394,393,1,69.12,0
רחובות,8400,21.1,694,448,446,2,64.55,0
רחובות,8400,21.2,694,442,441,1,63.69,0
רחובות,8400,21.3,694,462,462,0,66.57,0
רחובות,8400,21.4,694,487,486,1,70.17,0
רחובות,8400,21.5,694,412,409,3,59.37,0
רחובות,8400,21.6,694,434,432,2,62.54,0
רחובות,8400,21.7,692,470,469,1,67.92,0
רחובות,8400,23.1,506,354,352,2,69.96,0
רחובות,8400,23.2,506,348,345,3,68.77,0
רחובות,8400,23.3,506,319,318,1,63.04,0
רחובות,8400,24.1,684,407,405,2,59.5,0
רחובות,8400,24.2,684,427,426,1,62.43,0
רחובות,8400,24.3,684,415,412,3,60.67,0
רחובות,8400,24.4,684,462,461,1,67.54,0
רחובות,8400,24.5,684,446,440,6,65.2,0
רחובות,8400,24.6,684,432,430,2,63.16,0
רחובות,8400,24.7,684,373,372,1,54.53,0
רחובות,8400,24.8,680,437,437,0,64.26,0
רחובות,8400,60,592,435,433,2,73.48,0
רחובות,8400,61,447,286,285,1,63.98,0
רחובות,8400,70.1,586,403,402,1,68.77,0
רחובות,8400,70.2,586,428,425,3,73.04,0
רחובות,8400,70.3,586,426,426,0,72.7,0
רחובות,8400,70.4,586,407,407,0,69.45,0
רחובות,8400,70.5,584,453,448,5,77.57,0
רחובות,8400,71.1,684,440,439,1,64.33,0
רחובות,8400,71.2,684,476,469,7,69.59,0
רחובות,8400,104.1,697,445,442,3,63.85,0
רחובות,8400,104.2,697,469,465,4,67.29,0
רחובות,8400,104.3,697,459,458,1,65.85,0
רחובות,8400,108,686,457,452,5,66.62,0
רחובות,8400,132.1,566,441,441,0,77.92,0
רחובות,8400,132.2,566,443,442,1,78.27,0
רחובות,8400,132.3,566,430,428,2,75.97,0
רחובות,8400,132.4,566,428,428,0,75.62,0
רחובות,8400,132.5,565,443,443,0,78.41,0
רחובות,8400,134.1,699,460,458,2,65.81,0
רחובות,8400,134.2,699,451,451,0,64.52,0
רחובות,8400,134.3,697,460,459,1,66.0,0
רחובות,8400,145.1,667,409,406,3,61.32,0
רחובות,8400,145.2,667,381,377,4,57.12,0
רחובות,8400,145.3,666,345,343,2,51.8,0
רחובות,8400,147.1,592,370,368,2,62.5,0
רחובות,8400,147.2,592,381,379,2,64.36,0
רחובות,8400,147.3,592,415,413,2,70.1,0
רחובות,8400,147.4,592,397,394,3,67.06,0
רחובות,8400,147.5,592,356,354,2,60.14,0
רחובות,8400,147.6,592,392,388,4,66.22,0
רחובות,8400,150,619,436,435,1,70.44,0
רחובות,8400,152.1,474,392,391,1,82.7,0
רחובות,8400,152.2,474,378,377,1,79.75,0
רחובות,8400,152.3,473,385,384,1,81.4,0
רחובות,8400,155,593,474,473,1,79.93,0
רחובות,8400,159,446,312,311,1,69.96,0
רחובות,8400,161,631,499,499,0,79.08,0
רחובות,8400,162.1,409,302,302,0,73.84,0
רחובות,8400,162.2,408,297,297,0,72.79,0
רחובות,8400,165.1,561,432,431,1,77.01,0
רחובות,8400,165.2,561,458,457,1,81.64,0
רחובות,8400,165.3,561,427,427,0,76.11,0
רחובות,8400,165.4,560,447,447,0,79.82,0
רחובות,8400,169.1,671,497,495,2,74.07,0
רחובות,8400,169.2,671,506,504,2,75.41,0
רחובות,8400,169.3,671,465,461,4,69.3,0
רחובות,8400,172.1,601,460,453,7,76.54,0
רחובות,8400,172.2,601,449,445,4,74.71,0
רחובות,8400,172.3,601,447,447,0,74.38,0
רחובות,8400,172.4,601,445,442,3,74.04,0
רחובות,8400,172.5,597,448,444,4,75.04,0
רחובות,8400,175,544,406,403,3,74.63,0
רחלים,3822,1,422,363,363,0,86.02,0
ריחאניה,540,1,501,266,263,3,53.09,0
ריחאניה,540,2,455,222,219,3,48.79,0
ריחן,3568,1,242,186,184,2,76.86,0
ריינה,542,10.1,689,410,406,4,59.51,0
ריינה,542,10.2,689,317,308,9,46.01,0
ריינה,542,12.1,613,305,305,0,49.76,0
ריינה,542,12.2,613,379,376,3,61.83,0
ריינה,542,12.3,613,340,337,3,55.46,0
ריינה,542,12.4,613,309,306,3,50.41,0
ריינה,542,12.5,613,362,359,3,59.05,0
ריינה,542,12.6,612,339,339,0,55.39,0
ריינה,542,13.1,472,290,285,5,61.44,0
ריינה,542,13.2,472,230,226,4,48.73,0
ריינה,542,13.3,470,232,229,3,49.36,0
ריינה,542,16.1,682,319,317,2,46.77,0
ריינה,542,16.2,682,327,314,13,47.95,0
ריינה,542,16.3,682,340,336,4,49.85,0
ריינה,542,16.4,679,444,440,4,65.39,0
ריינה,542,17.1,692,373,369,4,53.9,0
ריינה,542,17.2,692,339,334,5,48.99,0
ריינה,542,17.3,692,325,314,11,46.97,0
ריינה,542,17.4,689,333,330,3,48.33,0
רימונים,3565,1,512,360,360,0,70.31,0
רינתיה,616,1,692,526,523,3,76.01,0
רכסים,922,1,643,533,530,3,82.89,0
רכסים,922,2,582,480,478,2,82.47,0
רכסים,922,3,659,553,548,5,83.92,0
רכסים,922,4,658,537,537,0,81.61,0
רכסים,922,5.1,648,565,560,5,87.19,0
רכסים,922,5.2,647,560,555,5,86.55,0
רכסים,922,6,757,635,632,3,83.88,0
רכסים,922,7.1,367,312,311,1,85.01,0
רכסים,922,7.2,367,296,294,2,80.65,0
רכסים,922,8,544,466,458,8,85.66,0
רכסים,922,9,552,471,470,1,85.33,0
רכסים,922,10,550,465,464,1,84.55,0
רםאון,1069,1,687,500,500,0,72.78,0
רמות,4702,1,460,348,348,0,75.65,0
רמות השבים,206,1,651,496,496,0,76.19,0
רמות השבים,206,2,545,411,409,2,75.41,0
רמות מאיר,735,1,553,391,387,4,70.71,0
רמות מנשה,445,1,442,347,347,0,78.51,0
רמות מנשה,445,2,485,359,359,0,74.02,0
רמות נפתלי,372,1,461,297,295,2,64.43,0
רמלה,8500,5.1,671,403,395,8,60.06,0
רמלה,8500,5.2,671,408,401,7,60.8,0
רמלה,8500,5.3,671,429,423,6,63.93,0
רמלה,8500,5.4,668,365,358,7,54.64,0
רמלה,8500,8,639,463,460,3,72.46,0
רמלה,8500,9,486,313,311,2,64.4,0
רמלה,8500,10.1,553,320,314,6,57.87,0
רמלה,8500,10.2,553,356,351,5,64.38,0
רמלה,8500,10.3,553,369,365,4,66.73,0
רמלה,8500,13,647,490,485,5,75.73,0
רמלה,8500,14.1,590,392,387,5,66.44,0
רמלה,8500,14.2,590,378,376,2,64.07,0
רמלה,8500,14.3,588,374,365,9,63.61,0
רמלה,8500,16,523,342,338,4,65.39,0
רמלה,8500,19.1,700,432,427,5,61.71,0
רמלה,8500,19.2,700,420,416,4,60.0,0
רמלה,8500,19.3,700,401,399,2,57.29,0
רמלה,8500,20,422,267,266,1,63.27,0
רמלה,8500,22,576,328,325,3,56.94,0
רמלה,8500,23,555,396,396,0,71.35,0
רמלה,8500,24,535,341,335,6,63.74,0
רמלה,8500,25,531,363,361,2,68.36,0
רמלה,8500,26,468,283,280,3,60.47,0
רמלה,8500,28,417,234,232,2,56.12,0
רמלה,8500,29,464,268,262,6,57.76,0
רמלה,8500,30.1,562,370,364,6,65.84,0
רמלה,8500,30.2,562,363,359,4,64.59,0
רמלה,8500,30.3,562,377,376,1,67.08,0
רמלה,8500,30.4,562,365,361,4,64.95,0
רמלה,8500,30.5,562,367,360,7,65.3,0
רמלה,8500,33,640,402,395,7,62.81,0
רמלה,8500,37,535,298,295,3,55.7,0
רמלה,8500,40,422,229,227,2,54.27,0
רמלה,8500,41.1,564,337,333,4,59.75,0
רמלה,8500,41.2,564,282,280,2,50.0,0
רמלה,8500,44,610,429,424,5,70.33,0
רמלה,8500,45,637,501,500,1,78.65,0
רמלה,8500,46,648,522,515,7,80.56,0
רמלה,8500,47,663,525,519,6,79.19,0
רמלה,8500,48.1,614,336,333,3,54.72,0
רמלה,8500,48.2,614,284,281,3,46.25,0
רמלה,8500,48.3,614,244,242,2,39.74,0
רמלה,8500,48.4,613,263,259,4,42.9,0
רמלה,8500,49,473,312,309,3,65.96,0
רמלה,8500,50,578,319,312,7,55.19,0
רמלה,8500,51.1,469,256,253,3,54.58,0
רמלה,8500,51.2,469,206,205,1,43.92,0
רמלה,8500,51.3,469,176,173,3,37.53,0
רמלה,8500,52.1,381,181,177,4,47.51,0
רמלה,8500,52.2,380,213,209,4,56.05,0
רמלה,8500,53.1,632,452,449,3,71.52,0
רמלה,8500,53.2,632,458,453,5,72.47,0
רמלה,8500,53.3,632,452,448,4,71.52,0
רמלה,8500,55,559,298,296,2,53.31,0
רמלה,8500,56,455,251,250,1,55.16,0
רמלה,8500,57,448,279,271,8,62.28,0
רמלה,8500,58.1,683,376,369,7,55.05,0
רמלה,8500,58.2,683,413,407,6,60.47,0
רמלה,8500,58.3,683,418,417,1,61.2,0
רמלה,8500,58.4,683,414,411,3,60.61,0
רמלה,8500,59,626,459,459,0,73.32,0
רמלה,8500,61,614,399,396,3,64.98,0
רמלה,8500,62,579,313,308,5,54.06,0
רמלה,8500,63,435,234,228,6,53.79,0
רמלה,8500,65.1,659,442,437,5,67.07,0
רמלה,8500,65.2,659,420,414,6,63.73,0
רמלה,8500,65.3,658,415,408,7,63.07,0
רמלה,8500,67,637,390,384,6,61.22,0
רמלה,8500,70,575,291,284,7,50.61,0
רמלה,8500,71,522,296,289,7,56.7,0
רמלה,8500,72,605,432,426,6,71.4,0
רמלה,8500,73,604,451,447,4,74.67,0
רמלה,8500,74,527,321,320,1,60.91,0
רמלה,8500,75,581,422,417,5,72.63,0
רמלה,8500,76.1,660,501,498,3,75.91,0
רמלה,8500,76.2,660,466,463,3,70.61,0
רמלה,8500,76.3,660,489,485,4,74.09,0
רמלה,8500,76.4,660,482,480,2,73.03,0
רמלה,8500,77,650,475,473,2,73.08,0
רמלה,8500,80.1,361,213,212,1,59.0,0
רמלה,8500,80.2,360,202,200,2,56.11,0
רמלה,8500,83,391,239,233,6,61.13,0
רמלה,8500,84.1,510,343,339,4,67.25,0
רמלה,8500,84.2,510,294,293,1,57.65,0
רמלה,8500,84.3,510,333,329,4,65.29,0
רמלה,8500,84.4,510,314,314,0,61.57,0
רמלה,8500,84.5,509,274,273,1,53.83,0
רמלה,8500,85,689,549,542,7,79.68,0
רמלה,8500,86.1,599,505,501,4,84.31,0
רמלה,8500,86.2,599,482,477,5,80.47,0
רמלה,8500,86.3,599,485,484,1,80.97,0
רמלה,8500,86.4,597,460,459,1,77.05,0
רמלה,8500,87,599,435,431,4,72.62,0
רמלה,8500,90,531,317,313,4,59.7,0
רמלה,8500,91,642,534,529,5,83.18,0
רמלה,8500,92,523,272,271,1,52.01,0
רמלה,8500,93,676,450,447,3,66.57,0
רמלה,8500,94,494,348,344,4,70.45,0
רמלה,8500,950,649,384,377,7,59.17,0
רמלה,8500,951,626,393,391,2,62.78,0
רמת גן,8600,3.1,651,452,450,2,69.43,0
רמת גן,8600,3.2,651,446,445,1,68.51,0
רמת גן,8600,3.3,651,447,447,0,68.66,0
רמת גן,8600,3.4,651,435,434,1,66.82,0
רמת גן,8600,3.5,651,482,481,1,74.04,0
רמת גן,8600,7.1,699,492,492,0,70.39,0
רמת גן,8600,7.2,698,499,497,2,71.49,0
רמת גן,8600,16,577,359,357,2,62.22,0
רמת גן,8600,20,635,393,390,3,61.89,0
רמת גן,8600,22,648,382,380,2,58.95,0
רמת גן,8600,24.1,624,416,415,1,66.67,0
רמת גן,8600,24.2,624,389,389,0,62.34,0
רמת גן,8600,24.3,624,375,373,2,60.1,0
רמת גן,8600,24.4,621,390,389,1,62.8,0
רמת גן,8600,28.1,689,458,457,1,66.47,0
רמת גן,8600,28.2,689,415,413,2,60.23,0
רמת גן,8600,28.3,688,439,439,0,63.81,0
רמת גן,8600,30.1,612,377,377,0,61.6,0
רמת גן,8600,30.2,612,395,392,3,64.54,0
רמת גן,8600,30.3,612,396,395,1,64.71,0
רמת גן,8600,30.4,612,422,421,1,68.95,0
רמת גן,8600,30.5,612,411,408,3,67.16,0
רמת גן,8600,30.6,612,401,401,0,65.52,0
רמת גן,8600,34,612,426,423,3,69.61,0
רמת גן,8600,35,554,287,286,1,51.81,0
רמת גן,8600,36,623,419,419,0,67.26,0
רמת גן,8600,37,650,397,394,3,61.08,0
רמת גן,8600,38,657,402,402,0,61.19,0
רמת גן,8600,40,668,439,437,2,65.72,0
רמת גן,8600,44,528,195,194,1,36.93,0
רמת גן,8600,45,536,271,271,0,50.56,0
רמת גן,8600,70.1,670,333,331,2,49.7,0
רמת גן,8600,70.2,670,363,360,3,54.18,0
רמת גן,8600,70.3,670,322,321,1,48.06,0
רמת גן,8600,70.4,667,341,338,3,51.12,0
רמת גן,8600,74.1,504,270,265,5,53.57,0
רמת גן,8600,74.2,503,232,230,2,46.12,0
רמת גן,8600,84,697,369,369,0,52.94,0
רמת גן,8600,87.1,355,213,212,1,60.0,0
רמת גן,8600,87.2,354,185,185,0,52.26,0
רמת גן,8600,89.1,613,363,361,2,59.22,0
רמת גן,8600,89.2,613,323,321,2,52.69,0
רמת גן,8600,89.3,613,335,330,5,54.65,0
רמת גן,8600,89.4,613,347,346,1,56.61,0
רמת גן,8600,89.5,613,336,336,0,54.81,0
רמת גן,8600,89.6,612,341,340,1,55.72,0
רמת גן,8600,100,556,254,250,4,45.68,0
רמת גן,8600,106,571,325,324,1,56.92,0
רמת גן,8600,107,567,346,342,4,61.02,0
רמת גן,8600,108,648,435,433,2,67.13,0
רמת גן,8600,114,546,347,345,2,63.55,0
רמת גן,8600,77.1,600,322,320,2,53.67,0
רמת גן,8600,77.2,600,304,304,0,50.67,0
רמת גן,8600,77.3,600,335,331,4,55.83,0
רמת גן,8600,77.4,600,301,298,3,50.17,0
רמת גן,8600,77.5,600,318,318,0,53.0,0
רמת גן,8600,77.6,599,344,341,3,57.43,0
רמת גן,8600,99.1,660,409,407,2,61.97,0
רמת גן,8600,99.2,659,366,365,1,55.54,0
רמת גן,8600,102.1,688,370,365,5,53.78,0
רמת גן,8600,102.2,687,328,323,5,47.74,0
רמת גן,8600,116.1,587,377,375,2,64.22,0
רמת גן,8600,116.2,587,358,358,0,60.99,0
רמת גן,8600,116.3,587,399,397,2,67.97,0
רמת גן,8600,116.4,587,335,334,1,57.07,0
רמת גן,8600,116.5,587,346,343,3,58.94,0
רמת גן,8600,116.6,586,373,370,3,63.65,0
רמת גן,8600,125,697,453,447,6,64.99,0
רמת גן,8600,127,606,404,402,2,66.67,0
רמת גן,8600,143.1,646,419,418,1,64.86,0
רמת גן,8600,143.2,646,423,421,2,65.48,0
רמת גן,8600,143.3,646,427,427,0,66.1,0
רמת גן,8600,143.4,646,434,432,2,67.18,0
רמת גן,8600,143.5,646,425,425,0,65.79,0
רמת גן,8600,143.6,641,442,442,0,68.95,0
רמת גן,8600,153.1,675,439,438,1,65.04,0
רמת גן,8600,153.2,675,430,430,0,63.7,0
רמת גן,8600,153.3,675,447,447,0,66.22,0
רמת גן,8600,153.4,675,445,445,0,65.93,0
רמת גן,8600,153.5,674,418,415,3,62.02,0
רמת גן,8600,154,648,386,385,1,59.57,0
רמת גן,8600,156,593,313,312,1,52.78,0
רמת גן,8600,157,670,418,417,1,62.39,0
רמת גן,8600,158,619,398,395,3,64.3,0
רמת גן,8600,160.1,617,391,391,0,63.37,0
רמת גן,8600,160.2,617,380,375,5,61.59,0
רמת גן,8600,160.3,616,382,380,2,62.01,0
רמת גן,8600,169.1,697,453,451,2,64.99,0
רמת גן,8600,169.2,697,466,464,2,66.86,0
רמת גן,8600,169.3,697,440,438,2,63.13,0
רמת גן,8600,169.4,697,454,449,5,65.14,0
רמת גן,8600,169.5,696,428,425,3,61.49,0
רמת גן,8600,170.1,684,476,476,0,69.59,0
רמת גן,8600,170.2,684,459,458,1,67.11,0
רמת גן,8600,170.3,684,465,463,2,67.98,0
רמת גן,8600,170.4,684,501,500,1,73.25,0
רמת גן,8600,170.5,681,478,477,1,70.19,0
רמת גן,8600,180,639,443,437,6,69.33,0
רמת גן,8600,183.1,678,494,492,2,72.86,0
רמת גן,8600,183.2,677,470,469,1,69.42,0
רמת גן,8600,197.1,615,449,449,0,73.01,0
רמת גן,8600,197.2,615,423,421,2,68.78,0
רמת גן,8600,197.3,615,443,443,0,72.03,0
רמת גן,8600,197.4,615,450,448,2,73.17,0
רמת גן,8600,197.5,615,429,426,3,69.76,0
רמת גן,8600,197.6,612,457,455,2,74.67,0
רמת גן,8600,207.1,599,405,402,3,67.61,0
רמת גן,8600,207.2,599,421,421,0,70.28,0
רמת גן,8600,207.3,599,410,408,2,68.45,0
רמת גן,8600,207.4,599,388,388,0,64.77,0
רמת גן,8600,207.5,599,411,408,3,68.61,0
רמת גן,8600,207.6,596,393,392,1,65.94,0
רמת גן,8600,252,548,390,390,0,71.17,0
רמת גן,8600,50,676,485,484,1,71.75,0
רמת גן,8600,191.1,517,353,353,0,68.28,0
רמת גן,8600,191.2,517,341,340,1,65.96,0
רמת גן,8600,191.3,515,331,331,0,64.27,0
רמת גן,8600,202.1,614,431,429,2,70.2,0
רמת גן,8600,202.2,614,405,403,2,65.96,0
רמת גן,8600,202.3,614,424,422,2,69.06,0
רמת גן,8600,202.4,614,405,403,2,65.96,0
רמת גן,8600,202.5,614,398,395,3,64.82,0
רמת גן,8600,202.6,612,427,425,2,69.77,0
רמת גן,8600,206,669,454,454,0,67.86,0
רמת גן,8600,210,559,391,388,3,69.95,0
רמת גן,8600,224,459,301,298,3,65.58,0
רמת גן,8600,226.1,557,361,360,1,64.81,0
רמת גן,8600,226.2,557,399,397,2,71.63,0
רמת גן,8600,226.3,557,398,394,4,71.45,0
רמת גן,8600,226.4,554,381,379,2,68.77,0
רמת גן,8600,230.1,593,444,443,1,74.87,0
רמת גן,8600,230.2,593,431,430,1,72.68,0
רמת גן,8600,230.3,593,453,451,2,76.39,0
רמת גן,8600,230.4,593,437,437,0,73.69,0
רמת גן,8600,230.5,593,439,437,2,74.03,0
רמת גן,8600,230.6,592,455,453,2,76.86,0
רמת גן,8600,232,641,422,421,1,65.83,0
רמת גן,8600,233,626,404,400,4,64.54,0
רמת גן,8600,234,655,433,428,5,66.11,0
רמת גן,8600,235.1,607,369,367,2,60.79,0
רמת גן,8600,235.2,606,359,358,1,59.24,0
רמת גן,8600,236,633,449,449,0,70.93,0
רמת גן,8600,243,604,449,449,0,74.34,0
רמת גן,8600,245.1,684,501,500,1,73.25,0
רמת גן,8600,245.2,684,475,475,0,69.44,0
רמת גן,8600,245.3,682,474,472,2,69.5,0
רמת גן,8600,249.1,694,501,501,0,72.19,0
רמת גן,8600,249.2,694,470,470,0,67.72,0
רמת גן,8600,249.3,693,492,490,2,71.0,0
רמת גן,8600,250.1,372,240,240,0,64.52,0
רמת גן,8600,250.2,372,257,257,0,69.09,0
רמת גן,8600,251,589,421,417,4,71.48,0
רמת גן,8600,14,548,430,428,2,78.47,0
רמת גן,8600,46,532,379,378,1,71.24,0
רמת גן,8600,75.1,581,407,405,2,70.05,0
רמת גן,8600,75.2,581,403,400,3,69.36,0
רמת גן,8600,75.3,581,399,397,2,68.67,0
רמת גן,8600,75.4,581,412,412,0,70.91,0
רמת גן,8600,75.5,577,398,397,1,68.98,0
רמת גן,8600,117.1,579,395,394,1,68.22,0
רמת גן,8600,117.2,578,413,412,1,71.45,0
רמת גן,8600,141,672,450,447,3,66.96,0
רמת גן,8600,142,511,404,402,2,79.06,0
רמת גן,8600,146,544,385,382,3,70.77,0
רמת גן,8600,147,626,475,475,0,75.88,0
רמת גן,8600,150.1,677,519,518,1,76.66,0
רמת גן,8600,150.2,677,495,495,0,73.12,0
רמת גן,8600,150.3,675,487,482,5,72.15,0
רמת גן,8600,204,542,334,328,6,61.62,0
רמת גן,8600,205,527,314,310,4,59.58,0
רמת גן,8600,211,538,358,357,1,66.54,0
רמת גן,8600,214,626,396,396,0,63.26,0
רמת גן,8600,216,651,465,463,2,71.43,0
רמת גן,8600,218,577,391,391,0,67.76,0
רמת גן,8600,223,519,390,390,0,75.14,0
רמת גן,8600,229.1,698,479,478,1,68.62,0
רמת גן,8600,229.2,698,481,477,4,68.91,0
רמת גן,8600,229.3,698,480,479,1,68.77,0
רמת גן,8600,229.4,698,468,466,2,67.05,0
רמת גן,8600,229.5,695,470,469,1,67.63,0
רמת גן,8600,238.1,625,449,448,1,71.84,0
רמת גן,8600,238.2,625,422,421,1,67.52,0
רמת גן,8600,238.3,625,454,453,1,72.64,0
רמת גן,8600,238.4,625,427,425,2,68.32,0
רמת גן,8600,238.5,625,433,433,0,69.28,0
רמת גן,8600,238.6,621,434,434,0,69.89,0
רמת גן,8600,254.1,673,489,484,5,72.66,0
רמת גן,8600,254.2,672,479,476,3,71.28,0
רמת גן,8600,503.1,687,456,455,1,66.38,0
רמת גן,8600,503.2,687,435,435,0,63.32,0
רמת גן,8600,503.3,687,422,422,0,61.43,0
רמת גן,8600,503.4,687,451,451,0,65.65,0
רמת גן,8600,521,444,337,334,3,75.9,0
רמת גן,8600,1,602,417,416,1,69.27,0
רמת גן,8600,2,636,449,448,1,70.6,0
רמת גן,8600,5,542,414,413,1,76.38,0
רמת גן,8600,10,587,387,387,0,65.93,0
רמת גן,8600,11,610,398,397,1,65.25,0
רמת גן,8600,33,515,349,347,2,67.77,0
רמת גן,8600,42.1,591,346,346,0,58.54,0
רמת גן,8600,42.2,591,347,342,5,58.71,0
רמת גן,8600,42.3,591,325,323,2,54.99,0
רמת גן,8600,42.4,591,360,360,0,60.91,0
רמת גן,8600,42.5,591,344,342,2,58.21,0
רמת גן,8600,42.6,589,369,367,2,62.65,0
רמת גן,8600,52.1,667,471,469,2,70.61,0
רמת גן,8600,52.2,667,453,451,2,67.92,0
רמת גן,8600,52.3,667,486,486,0,72.86,0
רמת גן,8600,52.4,667,457,453,4,68.52,0
רמת גן,8600,54.1,697,447,446,1,64.13,0
רמת גן,8600,54.2,697,419,419,0,60.11,0
רמת גן,8600,58,611,376,375,1,61.54,0
רמת גן,8600,63,621,376,373,3,60.55,0
רמת גן,8600,64,601,433,430,3,72.05,0
רמת גן,8600,67.1,572,373,373,0,65.21,0
רמת גן,8600,67.2,572,377,377,0,65.91,0
רמת גן,8600,67.3,572,382,381,1,66.78,0
רמת גן,8600,67.4,572,362,361,1,63.29,0
רמת גן,8600,67.5,570,366,364,2,64.21,0
רמת גן,8600,69.1,673,435,434,1,64.64,0
רמת גן,8600,69.2,673,451,451,0,67.01,0
רמת גן,8600,69.3,673,456,452,4,67.76,0
רמת גן,8600,71,656,397,394,3,60.52,0
רמת גן,8600,72.1,366,202,200,2,55.19,0
רמת גן,8600,72.2,365,203,202,1,55.62,0
רמת גן,8600,83,689,415,414,1,60.23,0
רמת דוד,135,1,404,305,305,0,75.5,0
רמת הכובש,184,1,696,531,529,2,76.29,0
רמת השופט,335,1.1,403,261,261,0,64.76,0
רמת השופט,335,1.2,403,284,281,3,70.47,0
רמת השרון,2650,2.1,610,442,439,3,72.46,0
רמת השרון,2650,2.2,610,443,442,1,72.62,0
רמת השרון,2650,2.3,610,435,432,3,71.31,0
רמת השרון,2650,2.4,607,423,422,1,69.69,0
רמת השרון,2650,4,695,390,389,1,56.12,0
רמת השרון,2650,6,550,387,384,3,70.36,0
רמת השרון,2650,7.1,604,425,424,1,70.36,0
רמת השרון,2650,7.2,604,431,431,0,71.36,0
רמת השרון,2650,7.3,603,420,419,1,69.65,0
רמת השרון,2650,9,698,462,462,0,66.19,0
רמת השרון,2650,11.1,560,383,382,1,68.39,0
רמת השרון,2650,11.2,560,373,372,1,66.61,0
רמת השרון,2650,11.3,559,366,366,0,65.47,0
רמת השרון,2650,18.1,655,428,425,3,65.34,0
רמת השרון,2650,18.2,655,478,476,2,72.98,0
רמת השרון,2650,18.3,655,445,443,2,67.94,0
רמת השרון,2650,18.4,652,446,445,1,68.4,0
רמת השרון,2650,19,612,431,431,0,70.42,0
רמת השרון,2650,21.1,625,417,416,1,66.72,0
רמת השרון,2650,21.2,625,431,431,0,68.96,0
רמת השרון,2650,21.3,625,455,451,4,72.8,0
רמת השרון,2650,21.4,625,450,450,0,72.0,0
רמת השרון,2650,23,612,428,428,0,69.93,0
רמת השרון,2650,46,552,405,405,0,73.37,0
רמת השרון,2650,66.1,646,526,526,0,81.42,0
רמת השרון,2650,66.2,646,512,509,3,79.26,0
רמת השרון,2650,66.3,646,517,517,0,80.03,0
רמת השרון,2650,66.4,646,514,512,2,79.57,0
רמת השרון,2650,66.5,646,496,493,3,76.78,0
רמת השרון,2650,24,672,392,391,1,58.33,0
רמת השרון,2650,28,526,328,328,0,62.36,0
רמת השרון,2650,29.1,601,414,414,0,68.89,0
רמת השרון,2650,29.2,601,424,424,0,70.55,0
רמת השרון,2650,29.3,601,418,416,2,69.55,0
רמת השרון,2650,30.1,651,429,429,0,65.9,0
רמת השרון,2650,30.2,651,435,433,2,66.82,0
רמת השרון,2650,30.3,651,431,429,2,66.21,0
רמת השרון,2650,30.4,649,479,477,2,73.81,0
רמת השרון,2650,33.1,578,423,423,0,73.18,0
רמת השרון,2650,33.2,578,429,428,1,74.22,0
רמת השרון,2650,33.3,576,412,412,0,71.53,0
רמת השרון,2650,40,647,484,484,0,74.81,0
רמת השרון,2650,47,509,396,396,0,77.8,0
רמת השרון,2650,49.1,667,478,476,2,71.66,0
רמת השרון,2650,49.2,667,450,449,1,67.47,0
רמת השרון,2650,49.3,665,472,471,1,70.98,0
רמת השרון,2650,58.1,651,483,483,0,74.19,0
רמת השרון,2650,58.2,651,463,461,2,71.12,0
רמת השרון,2650,58.3,651,472,470,2,72.5,0
רמת השרון,2650,58.4,651,500,499,1,76.8,0
רמת השרון,2650,59.1,589,399,398,1,67.74,0
רמת השרון,2650,59.2,589,384,382,2,65.2,0
רמת השרון,2650,59.3,589,428,428,0,72.67,0
רמת השרון,2650,59.4,589,403,403,0,68.42,0
רמת השרון,2650,60.1,651,486,484,2,74.65,0
רמת השרון,2650,60.2,651,456,454,2,70.05,0
רמת השרון,2650,60.3,651,480,480,0,73.73,0
רמת השרון,2650,60.4,648,482,480,2,74.38,0
רמת השרון,2650,65.1,560,450,449,1,80.36,0
רמת השרון,2650,65.2,560,473,473,0,84.46,0
רמת השרון,2650,65.3,560,454,453,1,81.07,0
רמת השרון,2650,65.4,558,476,476,0,85.3,0
רמת יוחנן,178,1,461,295,294,1,63.99,0
רמת יוחנן,178,2,401,289,288,1,72.07,0
רמת ישי,122,1.1,679,478,474,4,70.4,0
רמת ישי,122,1.2,679,493,492,1,72.61,0
רמת ישי,122,1.3,679,496,491,5,73.05,0
רמת ישי,122,3.1,688,512,511,1,74.42,0
רמת ישי,122,3.2,687,508,506,2,73.94,0
רמת ישי,122,5,684,533,530,3,77.92,0
רמת ישי,122,7,636,436,435,1,68.55,0
רמת ישי,122,8.1,372,281,281,0,75.54,0
רמת ישי,122,8.2,371,264,263,1,71.16,0
רמת ישי,122,9,541,372,372,0,68.76,0
רמת מגשימים,4701,1,484,357,357,0,73.76,0
רמת צבי,339,1,488,386,385,1,79.1,0
רמת רזיאל,460,1,472,348,347,1,73.73,0
רמת רחל,127,1,359,283,283,0,78.83,0
רנן,789,1,468,347,344,3,74.15,0
רעים,713,1,387,282,281,1,72.87,0
רעננה,8700,2,550,345,344,1,62.73,0
רעננה,8700,4.1,557,394,391,3,70.74,0
רעננה,8700,4.2,556,412,412,0,74.1,0
רעננה,8700,5.1,567,409,406,3,72.13,0
רעננה,8700,5.2,567,434,432,2,76.54,0
רעננה,8700,5.3,566,392,392,0,69.26,0
רעננה,8700,10,692,420,419,1,60.69,0
רעננה,8700,12,661,430,427,3,65.05,0
רעננה,8700,14,540,362,360,2,67.04,0
רעננה,8700,17,605,351,349,2,58.02,0
רעננה,8700,18,579,392,390,2,67.7,0
רעננה,8700,20.1,621,376,375,1,60.55,0
רעננה,8700,20.2,621,416,412,4,66.99,0
רעננה,8700,20.3,621,369,365,4,59.42,0
רעננה,8700,20.4,619,394,391,3,63.65,0
רעננה,8700,24.1,617,415,413,2,67.26,0
רעננה,8700,24.2,617,416,416,0,67.42,0
רעננה,8700,24.3,617,412,410,2,66.77,0
רעננה,8700,24.4,617,401,400,1,64.99,0
רעננה,8700,24.5,616,400,398,2,64.94,0
רעננה,8700,27,599,393,392,1,65.61,0
רעננה,8700,33,502,324,322,2,64.54,0
רעננה,8700,34,638,394,394,0,61.76,0
רעננה,8700,36,663,426,423,3,64.25,0
רעננה,8700,37,521,340,340,0,65.26,0
רעננה,8700,39,588,374,369,5,63.61,0
רעננה,8700,41.1,613,402,402,0,65.58,0
רעננה,8700,41.2,613,401,399,2,65.42,0
רעננה,8700,41.3,613,382,378,4,62.32,0
רעננה,8700,41.4,613,400,400,0,65.25,0
רעננה,8700,41.5,613,394,393,1,64.27,0
רעננה,8700,41.6,613,401,400,1,65.42,0
רעננה,8700,41.7,613,419,419,0,68.35,0
רעננה,8700,42.1,582,392,391,1,67.35,0
רעננה,8700,42.2,582,391,390,1,67.18,0
רעננה,8700,42.3,581,383,382,1,65.92,0
רעננה,8700,47.1,661,422,421,1,63.84,0
רעננה,8700,47.2,661,428,426,2,64.75,0
רעננה,8700,47.3,661,459,458,1,69.44,0
רעננה,8700,47.4,661,431,427,4,65.2,0
רעננה,8700,47.5,658,448,447,1,68.09,0
רעננה,8700,49.1,650,425,421,4,65.38,0
רעננה,8700,49.2,650,437,437,0,67.23,0
רעננה,8700,49.3,648,414,412,2,63.89,0
רעננה,8700,53.1,610,359,356,3,58.85,0
רעננה,8700,53.2,610,362,362,0,59.34,0
רעננה,8700,53.3,610,362,360,2,59.34,0
רעננה,8700,53.4,610,377,377,0,61.8,0
רעננה,8700,53.5,608,338,337,1,55.59,0
רעננה,8700,58.1,698,450,450,0,64.47,0
רעננה,8700,58.2,698,484,484,0,69.34,0
רעננה,8700,58.3,697,430,425,5,61.69,0
רעננה,8700,59.1,689,449,447,2,65.17,0
רעננה,8700,59.2,689,447,446,1,64.88,0
רעננה,8700,59.3,689,416,416,0,60.38,0
רעננה,8700,59.4,689,439,438,1,63.72,0
רעננה,8700,59.5,689,433,433,0,62.84,0
רעננה,8700,61,540,362,362,0,67.04,0
רעננה,8700,65,570,408,407,1,71.58,0
רעננה,8700,67,592,388,387,1,65.54,0
רעננה,8700,68,532,390,390,0,73.31,0
רעננה,8700,69.1,674,461,461,0,68.4,0
רעננה,8700,69.2,674,462,462,0,68.55,0
רעננה,8700,69.3,674,469,468,1,69.58,0
רעננה,8700,69.4,674,446,446,0,66.17,0
רעננה,8700,69.5,670,441,438,3,65.82,0
רעננה,8700,72.1,562,379,379,0,67.44,0
רעננה,8700,72.2,562,353,351,2,62.81,0
רעננה,8700,72.3,562,360,360,0,64.06,0
רעננה,8700,72.4,562,370,369,1,65.84,0
רעננה,8700,72.5,558,388,388,0,69.53,0
רעננה,8700,74,574,416,416,0,72.47,0
רעננה,8700,80,695,477,476,1,68.63,0
רעננה,8700,81.1,632,406,406,0,64.24,0
רעננה,8700,81.2,632,437,435,2,69.15,0
רעננה,8700,81.3,632,388,387,1,61.39,0
רעננה,8700,81.4,630,411,409,2,65.24,0
רעננה,8700,83,486,342,340,2,70.37,0
רעננה,8700,86.1,654,486,485,1,74.31,0
רעננה,8700,86.2,654,485,481,4,74.16,0
רעננה,8700,86.3,654,472,471,1,72.17,0
רעננה,8700,86.4,653,499,496,3,76.42,0
רעננה,8700,88,609,404,402,2,66.34,0
רעננה,8700,90.1,669,438,436,2,65.47,0
רעננה,8700,90.2,669,447,445,2,66.82,0
רעננה,8700,90.3,669,466,466,0,69.66,0
רעננה,8700,90.4,669,452,451,1,67.56,0
רעננה,8700,90.5,669,461,460,1,68.91,0
רעננה,8700,90.6,666,457,456,1,68.62,0
רעננה,8700,91.1,595,305,303,2,51.26,0
רעננה,8700,91.2,595,289,288,1,48.57,0
רעננה,8700,91.3,595,298,295,3,50.08,0
רעננה,8700,91.4,595,293,290,3,49.24,0
רעננה,8700,91.5,595,298,298,0,50.08,0
רעננה,8700,92,636,435,433,2,68.4,0
רעננה,8700,93.1,681,452,451,1,66.37,0
רעננה,8700,93.2,681,462,460,2,67.84,0
רעננה,8700,93.3,681,477,477,0,70.04,0
רעננה,8700,93.4,678,467,464,3,68.88,0
רעננה,8700,95,680,424,422,2,62.35,0
רעננה,8700,97.1,690,506,501,5,73.33,0
רעננה,8700,97.2,690,494,483,11,71.59,0
רעננה,8700,97.3,690,498,496,2,72.17,0
רעננה,8700,99.1,357,282,281,1,78.99,0
רעננה,8700,99.2,356,279,278,1,78.37,0
רעננה,8700,102,690,542,540,2,78.55,0
רעננה,8700,106.1,678,552,549,3,81.42,0
רעננה,8700,106.2,678,537,537,0,79.2,0
רעננה,8700,106.3,678,557,557,0,82.15,0
רעננה,8700,106.4,677,550,550,0,81.24,0
רעננה,8700,107,583,420,420,0,72.04,0
רעננה,8700,108,562,388,388,0,69.04,0
רקפת,1228,1.1,394,290,290,0,73.6,0
רקפת,1228,1.2,393,286,285,1,72.77,0
רשפון,247,1,401,297,297,0,74.06,0
רשפון,247,2,519,378,377,1,72.83,0
רשפים,437,1,692,546,545,1,78.9,0
רתמים,1260,1,276,220,220,0,79.71,0
שאר ישוב,324,1,425,305,305,0,71.76,0
שבי דרום,1377,1,170,152,150,2,89.41,0
שבי ציון,282,1,536,360,360,0,67.16,0
שבי ציון,282,2,408,265,265,0,64.95,0
שבי שומרון,3571,1,588,467,466,1,79.42,0
שבלי  אום אלגנם,913,1,623,269,269,0,43.18,0
שבלי  אום אלגנם,913,2,596,301,300,1,50.5,0
שבלי  אום אלגנם,913,3,694,347,338,9,50.0,0
שבלי  אום אלגנם,913,4,659,331,328,3,50.23,0
שבלי  אום אלגנם,913,5,673,379,375,4,56.32,0
שבלי  אום אלגנם,913,6,653,351,351,0,53.75,0
שבלי  אום אלגנם,913,8,650,298,297,1,45.85,0
שגבשלום,1286,1.1,652,362,359,3,55.52,0
שגבשלום,1286,1.2,652,277,274,3,42.48,0
שגבשלום,1286,1.3,652,370,362,8,56.75,0
שגבשלום,1286,1.4,652,349,346,3,53.53,0
שגבשלום,1286,1.5,649,327,324,3,50.39,0
שגבשלום,1286,3.1,697,398,396,2,57.1,0
שגבשלום,1286,3.2,696,397,391,6,57.04,0
שגבשלום,1286,7.1,700,395,395,0,56.43,0
שגבשלום,1286,7.2,699,347,340,7,49.64,0
שדה אילן,721,1,419,340,340,0,81.15,0
שדה אליהו,304,1,650,398,396,2,61.23,0
שדה אליעזר,861,1,674,471,471,0,69.88,0
שדה בוקר,885,1,428,266,265,1,62.15,0
שדה דוד,36,1,449,365,361,4,81.29,0
שדה ורבורג,284,2.1,510,379,378,1,74.31,0
שדה ורבורג,284,2.2,509,358,355,3,70.33,0
שדה יואב,293,1,398,303,302,1,76.13,0
שדה יעקב,142,1,671,524,522,2,78.09,0
שדה יצחק,2008,1,446,334,332,2,74.89,0
שדה משה,18,1,405,323,322,1,79.75,0
שדה נחום,259,1.1,360,260,257,3,72.22,0
שדה נחום,259,1.2,359,241,240,1,67.13,0
שדה נחמיה,329,2.1,411,286,285,1,69.59,0
שדה נחמיה,329,2.2,410,287,287,0,70.0,0
שדה ניצן,1058,1,391,228,227,1,58.31,0
שדה עוזיהו,739,1,460,373,372,1,81.09,0
שדה עוזיהו,739,2,566,478,477,1,84.45,0
שדה צבי,2049,1,442,337,337,0,76.24,0
שדות ים,327,1.1,375,308,308,0,82.13,0
שדות ים,327,1.2,374,295,294,1,78.88,0
שדות מיכה,27,1,275,206,206,0,74.91,0
שדי אברהם,1223,1,264,169,169,0,64.02,0
שדי חמד,2015,1.1,364,270,266,4,74.18,0
שדי חמד,2015,1.2,364,277,277,0,76.1,0
שדי תרומות,2057,1,387,293,293,0,75.71,0
שדמה,555,1,384,278,277,1,72.4,0
שדמות דבורה,306,1,495,387,386,1,78.18,0
שדמות מחולה,3578,1,437,340,340,0,77.8,0
שדרות,1031,1.1,391,291,290,1,74.42,0
שדרות,1031,1.2,391,269,269,0,68.8,0
שדרות,1031,2.1,385,262,259,3,68.05,0
שדרות,1031,2.2,385,261,259,2,67.79,0
שדרות,1031,4.1,380,252,249,3,66.32,0
שדרות,1031,4.2,379,267,265,2,70.45,0
שדרות,1031,5,683,350,346,4,51.24,0
שדרות,1031,6,672,383,381,2,56.99,0
שדרות,1031,7,656,364,359,5,55.49,0
שדרות,1031,8,616,324,321,3,52.6,0
שדרות,1031,9.1,598,368,368,0,61.54,0
שדרות,1031,9.2,598,374,372,2,62.54,0
שדרות,1031,9.3,598,366,361,5,61.2,0
שדרות,1031,9.4,598,373,367,6,62.37,0
שדרות,1031,10.1,601,367,366,1,61.06,0
שדרות,1031,10.2,601,394,391,3,65.56,0
שדרות,1031,10.3,601,354,350,4,58.9,0
שדרות,1031,10.4,601,365,362,3,60.73,0
שדרות,1031,10.5,601,345,340,5,57.4,0
שדרות,1031,10.6,597,364,358,6,60.97,0
שדרות,1031,12,515,280,277,3,54.37,0
שדרות,1031,15,600,422,420,2,70.33,0
שדרות,1031,20,584,299,298,1,51.2,0
שדרות,1031,24,594,446,445,1,75.08,0
שדרות,1031,25,585,410,407,3,70.09,0
שדרות,1031,26.1,540,419,417,2,77.59,0
שדרות,1031,26.2,540,408,406,2,75.56,0
שדרות,1031,26.3,540,420,418,2,77.78,0
שדרות,1031,26.4,537,385,385,0,71.69,0
שדרות,1031,27,481,327,325,2,67.98,0
שדרות,1031,28,652,466,464,2,71.47,0
שדרות,1031,29,636,394,391,3,61.95,0
שדרות,1031,30,553,365,363,2,66.0,0
שדרות,1031,32,669,494,491,3,73.84,0
שדרות,1031,33.1,551,412,410,2,74.77,0
שדרות,1031,33.2,551,367,367,0,66.61,0
שדרות,1031,33.3,551,362,360,2,65.7,0
שדרות,1031,33.4,550,323,322,1,58.73,0
שדרות,1031,34,622,392,390,2,63.02,0
שדרות,1031,35,689,520,517,3,75.47,0
שדרות,1031,37,527,404,402,2,76.66,0
שדרות,1031,38,404,334,334,0,82.67,0
שואבה,741,1,462,341,339,2,73.81,0
שובה,761,1,448,347,346,1,77.46,0
שובל,394,1,645,466,465,1,72.25,0
שוהם,1304,1,664,496,496,0,74.7,0
שוהם,1304,2,607,457,454,3,75.29,0
שוהם,1304,3.1,580,451,450,1,77.76,0
שוהם,1304,3.2,580,467,467,0,80.52,0
שוהם,1304,3.3,578,462,461,1,79.93,0
שוהם,1304,4,539,388,387,1,71.99,0
שוהם,1304,5,546,431,430,1,78.94,0
שוהם,1304,6.1,589,435,435,0,73.85,0
שוהם,1304,6.2,589,436,436,0,74.02,0
שוהם,1304,6.3,589,422,422,0,71.65,0
שוהם,1304,6.4,589,430,428,2,73.01,0
שוהם,1304,6.5,589,431,428,3,73.17,0
שוהם,1304,7,475,370,369,1,77.89,0
שוהם,1304,8,551,432,432,0,78.4,0
שוהם,1304,12,677,498,498,0,73.56,0
שוהם,1304,13.1,573,422,422,0,73.65,0
שוהם,1304,13.2,573,418,417,1,72.95,0
שוהם,1304,13.3,573,440,440,0,76.79,0
שוהם,1304,14,593,448,447,1,75.55,0
שוהם,1304,15,662,502,502,0,75.83,0
שוהם,1304,16,600,461,460,1,76.83,0
שוהם,1304,17,567,425,425,0,74.96,0
שוהם,1304,18,597,455,453,2,76.21,0
שוהם,1304,21,427,316,316,0,74.0,0
שוהם,1304,24,538,406,406,0,75.46,0
שוהם,1304,26,607,456,456,0,75.12,0
שוהם,1304,28.1,652,539,538,1,82.67,0
שוהם,1304,28.2,652,509,509,0,78.07,0
שוהם,1304,28.3,650,528,526,2,81.23,0
שומרה,614,1,310,203,203,0,65.48,0
שומריה,1265,1,354,277,277,0,78.25,0
שוקדה,415,1,302,255,255,0,84.44,0
שורש,456,1,462,58,58,0,12.55,0
שורש,456,2,603,418,418,0,69.32,0
שורשים,1235,1,456,319,318,1,69.96,0
שושנת העמקים,224,1,443,318,317,1,71.78,0
שזור,527,1,274,214,214,0,78.1,0
שחר,7,1,530,376,375,1,70.94,0
שחרות,1266,1,151,79,79,0,52.32,0
שיבולים,865,1,282,216,216,0,76.6,0
שייח דנון,658,1,661,384,382,2,58.09,0
שייח דנון,658,3.1,491,256,253,3,52.14,0
שייח דנון,658,3.2,491,274,267,7,55.8,0
שייח דנון,658,3.3,491,277,275,2,56.42,0
שילה,3641,1.1,565,430,428,2,76.11,0
שילה,3641,1.2,565,454,454,0,80.35,0
שילה,3641,1.3,565,446,445,1,78.94,0
שילה,3641,1.4,564,442,442,0,78.37,0
שילת,1165,1,529,414,413,1,78.26,0
שכניה,1160,1,623,454,454,0,72.87,0
שלווה,873,1,421,351,351,0,83.37,0
שלוחות,439,1,342,241,239,2,70.47,0
שלומי,812,1.1,358,231,229,2,64.53,0
שלומי,812,1.2,358,210,210,0,58.66,0
שלומי,812,2.1,360,211,209,2,58.61,0
שלומי,812,2.2,348,218,215,3,62.64,0
שלומי,812,3.1,475,307,305,2,64.63,0
שלומי,812,3.2,475,302,301,1,63.58,0
שלומי,812,3.3,474,319,317,2,67.3,0
שלומי,812,5,499,334,329,5,66.93,0
שלומי,812,6,572,392,389,3,68.53,0
שלומי,812,7,744,523,522,1,70.3,0
שלומי,812,8,738,523,520,3,70.87,0
שלומי,812,9,486,343,342,1,70.58,0
שלומית,1364,1,157,129,129,0,82.17,0
שמיר,366,1.1,354,246,245,1,69.49,0
שמיר,366,1.2,353,244,243,1,69.12,0
שמעה,3784,1,485,370,369,1,76.29,0
שמרת,432,1,468,340,340,0,72.65,0
שמשית,1337,1,622,427,425,2,68.65,0
שמשית,1337,2,646,444,444,0,68.73,0
שמשית,1337,3,692,485,485,0,70.09,0
שני,1287,1,377,249,247,2,66.05,0
שניר,1132,1,493,358,358,0,72.62,0
שעב,538,1.1,657,435,429,6,66.21,0
שעב,538,1.2,657,404,399,5,61.49,0
שעב,538,1.3,655,463,461,2,70.69,0
שעב,538,2.1,369,209,209,0,56.64,0
שעב,538,2.2,369,198,195,3,53.66,0
שעב,538,5.1,669,441,438,3,65.92,0
שעב,538,5.2,669,359,356,3,53.66,0
שעב,538,6,637,427,426,1,67.03,0
שעב,538,7,565,401,400,1,70.97,0
שעל,4009,1,237,180,179,1,75.95,0
שעלבים,856,1,483,383,382,1,79.3,0
שעלבים,856,2,341,280,280,0,82.11,0
שער אפרים,661,2.1,676,508,506,2,75.15,0
שער אפרים,661,2.2,676,485,485,0,71.75,0
שער הגולן,264,1,490,346,346,0,70.61,0
שער העמקים,237,1,562,435,431,4,77.4,0
שער מנשה,921,1,132,21,20,1,15.91,0
שער שומרון,3826,1.1,682,486,484,2,71.26,0
שער שומרון,3826,1.2,682,518,517,1,75.95,0
שער שומרון,3826,1.3,682,493,491,2,72.29,0
שער שומרון,3826,1.4,682,504,504,0,73.9,0
שער שומרון,3826,1.5,682,514,513,1,75.37,0
שער שומרון,3826,1.6,678,504,503,1,74.34,0
שער שומרון,3826,101.1,356,287,286,1,80.62,0
שער שומרון,3826,101.2,355,285,284,1,80.28,0
שער שומרון,3826,102.1,384,281,281,0,73.18,0
שער שומרון,3826,102.2,383,301,299,2,78.59,0
שפיים,232,1,552,434,433,1,78.62,0
שפיים,232,2,490,379,379,0,77.35,0
שפיר,692,1,565,456,455,1,80.71,0
שפר,846,1,319,223,223,0,69.91,0
שפרעם,8800,1.1,667,341,337,4,51.12,0
שפרעם,8800,1.2,667,336,329,7,50.37,0
שפרעם,8800,7.1,571,279,276,3,48.86,0
שפרעם,8800,7.2,571,317,314,3,55.52,0
שפרעם,8800,7.3,571,259,248,11,45.36,0
שפרעם,8800,7.4,570,323,321,2,56.67,0
שפרעם,8800,9.1,521,282,277,5,54.13,0
שפרעם,8800,9.2,521,298,294,4,57.2,0
שפרעם,8800,9.3,521,287,286,1,55.09,0
שפרעם,8800,10,628,306,300,6,48.73,0
שפרעם,8800,13.1,568,287,285,2,50.53,0
שפרעם,8800,13.2,568,295,292,3,51.94,0
שפרעם,8800,13.3,568,333,324,9,58.63,0
שפרעם,8800,13.4,565,329,329,0,58.23,0
שפרעם,8800,15.1,593,257,255,2,43.34,0
שפרעם,8800,15.2,593,339,338,1,57.17,0
שפרעם,8800,15.3,593,238,234,4,40.13,0
שפרעם,8800,15.4,592,309,308,1,52.2,0
שפרעם,8800,18.1,474,238,237,1,50.21,0
שפרעם,8800,18.2,474,220,216,4,46.41,0
שפרעם,8800,18.3,473,200,199,1,42.28,0
שפרעם,8800,20.1,668,361,357,4,54.04,0
שפרעם,8800,20.2,668,334,327,7,50.0,0
שפרעם,8800,20.3,668,296,293,3,44.31,0
שפרעם,8800,20.4,665,354,351,3,53.23,0
שפרעם,8800,21.1,478,290,285,5,60.67,0
שפרעם,8800,21.2,478,242,237,5,50.63,0
שפרעם,8800,21.3,477,233,233,0,48.85,0
שפרעם,8800,23.1,545,240,239,1,44.04,0
שפרעם,8800,23.2,545,285,280,5,52.29,0
שפרעם,8800,23.3,545,263,262,1,48.26,0
שפרעם,8800,23.4,543,343,341,2,63.17,0
שפרעם,8800,26.1,576,350,348,2,60.76,0
שפרעם,8800,26.2,576,246,245,1,42.71,0
שפרעם,8800,26.3,576,229,226,3,39.76,0
שפרעם,8800,26.4,574,344,340,4,59.93,0
שפרעם,8800,33.1,558,290,282,8,51.97,0
שפרעם,8800,33.2,558,264,261,3,47.31,0
שפרעם,8800,33.3,558,273,270,3,48.92,0
שפרעם,8800,33.4,556,280,278,2,50.36,0
שפרעם,8800,36.1,588,305,301,4,51.87,0
שפרעם,8800,36.2,588,383,380,3,65.14,0
שפרעם,8800,36.3,588,356,355,1,60.54,0
שפרעם,8800,36.4,588,270,267,3,45.92,0
שפרעם,8800,36.5,588,328,326,2,55.78,0
שפרעם,8800,36.6,585,315,308,7,53.85,0
שפרעם,8800,37.1,670,350,344,6,52.24,0
שפרעם,8800,37.2,670,373,368,5,55.67,0
שפרעם,8800,37.3,670,273,268,5,40.75,0
שפרעם,8800,38.1,506,240,238,2,47.43,0
שפרעם,8800,38.2,506,258,255,3,50.99,0
שפרעם,8800,38.3,505,266,262,4,52.67,0
שפרעם,8800,42,547,285,283,2,52.1,0
שפרעם,8800,43,595,298,294,4,50.08,0
שקד,3649,1,674,492,490,2,73.0,0
שקף,1233,1,323,255,255,0,78.95,0
שרונה,292,1,441,333,332,1,75.51,0
שריגים ליאון,1114,1,449,303,303,0,67.48,0
שריגים ליאון,1114,2,330,221,221,0,66.97,0
שריד,126,1,399,288,288,0,72.18,0
שריד,126,2,373,245,244,1,65.68,0
שרשרת,398,1,280,211,211,0,75.36,0
שתולה,1045,1,240,166,165,1,69.17,0
שתולים,763,1,666,513,509,4,77.03,0
שתולים,763,2.1,397,310,309,1,78.09,0
שתולים,763,2.2,397,310,309,1,78.09,0
תאשור,2062,1,309,223,223,0,72.17,0
תדהר,2061,1,440,329,326,3,74.77,0
תובל,1172,1,324,196,196,0,60.49,0
תומר,3558,1,254,197,193,4,77.56,0
תושיה,1083,1,362,273,273,0,75.41,0
תימורים,163,1,636,456,452,4,71.7,0
תירוש,10,1,336,268,268,0,79.76,0
תל אביב  יפו,5000,1,552,391,391,0,70.83,0
תל אביב  יפו,5000,3,649,456,455,1,70.26,0
תל אביב  יפו,5000,4,671,438,434,4,65.28,0
תל אביב  יפו,5000,8,643,454,453,1,70.61,0
תל אביב  יפו,5000,9,590,419,419,0,71.02,0
תל אביב  יפו,5000,10,621,470,469,1,75.68,0
תל אביב  יפו,5000,12,610,428,427,1,70.16,0
תל אביב  יפו,5000,13,693,349,348,1,50.36,0
תל אביב  יפו,5000,14,566,334,333,1,59.01,0
תל אביב  יפו,5000,15,643,357,355,2,55.52,0
תל אביב  יפו,5000,19.1,631,452,448,4,71.63,0
תל אביב  יפו,5000,19.2,631,484,484,0,76.7,0
תל אביב  יפו,5000,19.3,631,467,464,3,74.01,0
תל אביב  יפו,5000,19.4,631,472,472,0,74.8,0
תל אביב  יפו,5000,19.5,631,458,457,1,72.58,0
תל אביב  יפו,5000,19.6,627,471,469,2,75.12,0
תל אביב  יפו,5000,21,655,592,591,1,90.38,0
תל אביב  יפו,5000,26.1,591,444,443,1,75.13,0
תל אביב  יפו,5000,26.2,591,452,450,2,76.48,0
תל אביב  יפו,5000,26.3,591,448,447,1,75.8,0
תל אביב  יפו,5000,26.4,591,430,429,1,72.76,0
תל אביב  יפו,5000,26.5,590,432,432,0,73.22,0
תל אביב  יפו,5000,27.1,680,498,498,0,73.24,0
תל אביב  יפו,5000,27.2,680,503,503,0,73.97,0
תל אביב  יפו,5000,27.3,680,482,482,0,70.88,0
תל אביב  יפו,5000,27.4,679,499,499,0,73.49,0
תל אביב  יפו,5000,30.1,639,438,438,0,68.54,0
תל אביב  יפו,5000,30.2,639,439,438,1,68.7,0
תל אביב  יפו,5000,30.3,639,445,445,0,69.64,0
תל אביב  יפו,5000,30.4,638,456,456,0,71.47,0
תל אביב  יפו,5000,31.1,636,426,421,5,66.98,0
תל אביב  יפו,5000,31.2,636,436,435,1,68.55,0
תל אביב  יפו,5000,31.3,636,447,446,1,70.28,0
תל אביב  יפו,5000,31.4,636,446,444,2,70.13,0
תל אביב  יפו,5000,31.5,636,471,469,2,74.06,0
תל אביב  יפו,5000,31.6,636,459,459,0,72.17,0
תל אביב  יפו,5000,31.7,636,485,484,1,76.26,0
תל אביב  יפו,5000,31.8,636,445,445,0,69.97,0
תל אביב  יפו,5000,31.9,635,469,469,0,73.86,0
תל אביב  יפו,5000,38.1,554,396,395,1,71.48,0
תל אביב  יפו,5000,38.2,554,386,386,0,69.68,0
תל אביב  יפו,5000,38.3,554,407,407,0,73.47,0
תל אביב  יפו,5000,38.4,554,386,386,0,69.68,0
תל אביב  יפו,5000,42.1,648,465,465,0,71.76,0
תל אביב  יפו,5000,42.2,648,479,477,2,73.92,0
תל אביב  יפו,5000,42.3,648,460,460,0,70.99,0
תל אביב  יפו,5000,42.4,646,483,482,1,74.77,0
תל אביב  יפו,5000,56.1,649,428,427,1,65.95,0
תל אביב  יפו,5000,56.2,649,446,442,4,68.72,0
תל אביב  יפו,5000,56.3,649,424,424,0,65.33,0
תל אביב  יפו,5000,56.4,646,429,428,1,66.41,0
תל אביב  יפו,5000,58,501,356,355,1,71.06,0
תל אביב  יפו,5000,60,696,476,474,2,68.39,0
תל אביב  יפו,5000,62.1,568,404,404,0,71.13,0
תל אביב  יפו,5000,62.2,568,369,367,2,64.96,0
תל אביב  יפו,5000,62.3,568,382,382,0,67.25,0
תל אביב  יפו,5000,62.4,568,376,374,2,66.2,0
תל אביב  יפו,5000,62.5,568,388,388,0,68.31,0
תל אביב  יפו,5000,63.1,607,426,426,0,70.18,0
תל אביב  יפו,5000,63.2,607,421,420,1,69.36,0
תל אביב  יפו,5000,63.3,607,419,419,0,69.03,0
תל אביב  יפו,5000,63.4,607,424,424,0,69.85,0
תל אביב  יפו,5000,63.5,607,414,413,1,68.2,0
תל אביב  יפו,5000,63.6,605,453,451,2,74.88,0
תל אביב  יפו,5000,65,613,361,361,0,58.89,0
תל אביב  יפו,5000,67.1,624,335,335,0,53.69,0
תל אביב  יפו,5000,67.2,624,357,356,1,57.21,0
תל אביב  יפו,5000,67.3,624,348,347,1,55.77,0
תל אביב  יפו,5000,68,441,295,295,0,66.89,0
תל אביב  יפו,5000,69,692,453,452,1,65.46,0
תל אביב  יפו,5000,72,625,137,137,0,21.92,0
תל אביב  יפו,5000,74.1,669,397,397,0,59.34,0
תל אביב  יפו,5000,74.2,669,363,363,0,54.26,0
תל אביב  יפו,5000,74.3,667,359,356,3,53.82,0
תל אביב  יפו,5000,76.1,587,310,308,2,52.81,0
תל אביב  יפו,5000,76.2,587,321,321,0,54.68,0
תל אביב  יפו,5000,76.3,587,310,310,0,52.81,0
תל אביב  יפו,5000,76.4,587,353,352,1,60.14,0
תל אביב  יפו,5000,76.5,587,320,319,1,54.51,0
תל אביב  יפו,5000,76.6,585,332,329,3,56.75,0
תל אביב  יפו,5000,80,681,457,455,2,67.11,0
תל אביב  יפו,5000,81,613,436,433,3,71.13,0
תל אביב  יפו,5000,83,551,380,379,1,68.97,0
תל אביב  יפו,5000,84,630,385,383,2,61.11,0
תל אביב  יפו,5000,85,637,471,469,2,73.94,0
תל אביב  יפו,5000,91,608,390,389,1,64.14,0
תל אביב  יפו,5000,92,563,379,378,1,67.32,0
תל אביב  יפו,5000,93,670,449,448,1,67.01,0
תל אביב  יפו,5000,94,614,437,435,2,71.17,0
תל אביב  יפו,5000,95,496,357,357,0,71.98,0
תל אביב  יפו,5000,96,514,390,390,0,75.88,0
תל אביב  יפו,5000,98.1,648,431,428,3,66.51,0
תל אביב  יפו,5000,98.2,648,432,429,3,66.67,0
תל אביב  יפו,5000,98.3,648,438,437,1,67.59,0
תל אביב  יפו,5000,98.4,648,457,453,4,70.52,0
תל אביב  יפו,5000,98.5,645,440,439,1,68.22,0
תל אביב  יפו,5000,99,585,394,393,1,67.35,0
תל אביב  יפו,5000,100,687,542,540,2,78.89,0
תל אביב  יפו,5000,102,532,398,398,0,74.81,0
תל אביב  יפו,5000,103,495,348,348,0,70.3,0
תל אביב  יפו,5000,109.1,647,485,485,0,74.96,0
תל אביב  יפו,5000,109.2,647,518,517,1,80.06,0
תל אביב  יפו,5000,109.3,647,497,497,0,76.82,0
תל אביב  יפו,5000,109.4,647,502,501,1,77.59,0
תל אביב  יפו,5000,109.5,647,505,505,0,78.05,0
תל אביב  יפו,5000,109.6,647,478,476,2,73.88,0
תל אביב  יפו,5000,119,646,241,241,0,37.31,0
תל אביב  יפו,5000,138,683,514,514,0,75.26,0
תל אביב  יפו,5000,142,660,350,349,1,53.03,0
תל אביב  יפו,5000,147.1,639,412,411,1,64.48,0
תל אביב  יפו,5000,147.2,639,385,384,1,60.25,0
תל אביב  יפו,5000,147.3,639,388,388,0,60.72,0
תל אביב  יפו,5000,147.4,639,406,406,0,63.54,0
תל אביב  יפו,5000,147.5,639,383,383,0,59.94,0
תל אביב  יפו,5000,147.6,635,407,406,1,64.09,0
תל אביב  יפו,5000,155.1,658,476,476,0,72.34,0
תל אביב  יפו,5000,155.2,658,467,465,2,70.97,0
תל אביב  יפו,5000,155.3,658,468,467,1,71.12,0
תל אביב  יפו,5000,155.4,658,463,462,1,70.36,0
תל אביב  יפו,5000,155.5,658,467,466,1,70.97,0
תל אביב  יפו,5000,155.6,658,479,478,1,72.8,0
תל אביב  יפו,5000,155.7,658,454,454,0,69.0,0
תל אביב  יפו,5000,155.8,657,512,511,1,77.93,0
תל אביב  יפו,5000,159,566,315,315,0,55.65,0
תל אביב  יפו,5000,160.1,668,399,398,1,59.73,0
תל אביב  יפו,5000,160.2,668,407,402,5,60.93,0
תל אביב  יפו,5000,160.3,668,445,444,1,66.62,0
תל אביב  יפו,5000,160.4,668,395,393,2,59.13,0
תל אביב  יפו,5000,160.5,668,401,398,3,60.03,0
תל אביב  יפו,5000,169.1,547,348,348,0,63.62,0
תל אביב  יפו,5000,169.2,547,355,354,1,64.9,0
תל אביב  יפו,5000,169.3,547,339,338,1,61.97,0
תל אביב  יפו,5000,179,590,375,372,3,63.56,0
תל אביב  יפו,5000,180,564,361,359,2,64.01,0
תל אביב  יפו,5000,181,641,420,420,0,65.52,0
תל אביב  יפו,5000,182,624,378,377,1,60.58,0
תל אביב  יפו,5000,189,691,486,486,0,70.33,0
תל אביב  יפו,5000,190,679,477,474,3,70.25,0
תל אביב  יפו,5000,191,533,365,364,1,68.48,0
תל אביב  יפו,5000,193.1,613,416,414,2,67.86,0
תל אביב  יפו,5000,193.2,613,415,413,2,67.7,0
תל אביב  יפו,5000,193.3,613,415,415,0,67.7,0
תל אביב  יפו,5000,193.4,613,427,427,0,69.66,0
תל אביב  יפו,5000,193.5,610,417,416,1,68.36,0
תל אביב  יפו,5000,194,608,398,397,1,65.46,0
תל אביב  יפו,5000,197,592,404,403,1,68.24,0
תל אביב  יפו,5000,226,693,499,495,4,72.01,0
תל אביב  יפו,5000,227.1,689,475,472,3,68.94,0
תל אביב  יפו,5000,227.2,689,499,497,2,72.42,0
תל אביב  יפו,5000,227.3,689,487,485,2,70.68,0
תל אביב  יפו,5000,227.4,689,480,478,2,69.67,0
תל אביב  יפו,5000,227.5,686,486,486,0,70.85,0
תל אביב  יפו,5000,229.1,634,481,480,1,75.87,0
תל אביב  יפו,5000,229.2,634,490,489,1,77.29,0
תל אביב  יפו,5000,229.3,634,444,442,2,70.03,0
תל אביב  יפו,5000,229.4,634,470,465,5,74.13,0
תל אביב  יפו,5000,229.5,634,476,475,1,75.08,0
תל אביב  יפו,5000,229.6,634,458,458,0,72.24,0
תל אביב  יפו,5000,230.1,694,452,451,1,65.13,0
תל אביב  יפו,5000,230.2,694,459,457,2,66.14,0
תל אביב  יפו,5000,230.3,694,498,493,5,71.76,0
תל אביב  יפו,5000,230.4,694,494,494,0,71.18,0
תל אביב  יפו,5000,230.5,694,467,467,0,67.29,0
תל אביב  יפו,5000,230.6,689,463,462,1,67.2,0
תל אביב  יפו,5000,232,507,329,327,2,64.89,0
תל אביב  יפו,5000,233,650,481,481,0,74.0,0
תל אביב  יפו,5000,276,579,456,453,3,78.76,0
תל אביב  יפו,5000,306,566,423,423,0,74.73,0
תל אביב  יפו,5000,311.1,635,482,481,1,75.91,0
תל אביב  יפו,5000,311.2,635,458,457,1,72.13,0
תל אביב  יפו,5000,311.3,635,472,471,1,74.33,0
תל אביב  יפו,5000,311.4,635,507,507,0,79.84,0
תל אביב  יפו,5000,311.5,635,462,459,3,72.76,0
תל אביב  יפו,5000,311.6,635,477,476,1,75.12,0
תל אביב  יפו,5000,311.7,635,490,490,0,77.17,0
תל אביב  יפו,5000,346,606,434,433,1,71.62,0
תל אביב  יפו,5000,399,551,433,433,0,78.58,0
תל אביב  יפו,5000,601,632,464,464,0,73.42,0
תל אביב  יפו,5000,602.1,625,463,463,0,74.08,0
תל אביב  יפו,5000,602.2,625,429,429,0,68.64,0
תל אביב  יפו,5000,602.3,625,448,448,0,71.68,0
תל אביב  יפו,5000,602.4,625,459,458,1,73.44,0
תל אביב  יפו,5000,602.5,625,462,462,0,73.92,0
תל אביב  יפו,5000,602.6,625,440,437,3,70.4,0
תל אביב  יפו,5000,602.7,625,458,457,1,73.28,0
תל אביב  יפו,5000,602.8,625,433,431,2,69.28,0
תל אביב  יפו,5000,602.9,622,429,427,2,68.97,0
תל אביב  יפו,5000,950.1,539,344,344,0,63.82,0
תל אביב  יפו,5000,950.2,539,356,355,1,66.05,0
תל אביב  יפו,5000,950.3,537,346,345,1,64.43,0
תל אביב  יפו,5000,952.1,638,430,429,1,67.4,0
תל אביב  יפו,5000,952.2,638,468,467,1,73.35,0
תל אביב  יפו,5000,952.3,638,433,431,2,67.87,0
תל אביב  יפו,5000,952.4,638,423,423,0,66.3,0
תל אביב  יפו,5000,952.5,638,443,442,1,69.44,0
תל אביב  יפו,5000,952.6,638,458,456,2,71.79,0
תל אביב  יפו,5000,952.7,638,434,433,1,68.03,0
תל אביב  יפו,5000,952.8,632,451,451,0,71.36,0
תל אביב  יפו,5000,954.1,541,325,325,0,60.07,0
תל אביב  יפו,5000,954.2,541,356,356,0,65.8,0
תל אביב  יפו,5000,954.3,539,335,332,3,62.15,0
תל אביב  יפו,5000,956,610,434,433,1,71.15,0
תל אביב  יפו,5000,118.1,670,331,331,0,49.4,0
תל אביב  יפו,5000,118.2,670,362,361,1,54.03,0
תל אביב  יפו,5000,118.3,670,335,335,0,50.0,0
תל אביב  יפו,5000,118.4,670,316,315,1,47.16,0
תל אביב  יפו,5000,118.5,670,327,326,1,48.81,0
תל אביב  יפו,5000,118.6,666,342,341,1,51.35,0
תל אביב  יפו,5000,128.1,632,329,328,1,52.06,0
תל אביב  יפו,5000,128.2,632,313,307,6,49.53,0
תל אביב  יפו,5000,128.3,632,327,326,1,51.74,0
תל אביב  יפו,5000,128.4,632,301,301,0,47.63,0
תל אביב  יפו,5000,128.5,632,325,323,2,51.42,0
תל אביב  יפו,5000,128.6,627,332,331,1,52.95,0
תל אביב  יפו,5000,130,686,367,366,1,53.5,0
תל אביב  יפו,5000,131,694,419,418,1,60.37,0
תל אביב  יפו,5000,132,522,290,290,0,55.56,0
תל אביב  יפו,5000,134,533,309,309,0,57.97,0
תל אביב  יפו,5000,137,563,316,315,1,56.13,0
תל אביב  יפו,5000,149.1,585,330,330,0,56.41,0
תל אביב  יפו,5000,149.2,585,343,343,0,58.63,0
תל אביב  יפו,5000,149.3,585,331,331,0,56.58,0
תל אביב  יפו,5000,149.4,582,358,358,0,61.51,0
תל אביב  יפו,5000,151,462,241,241,0,52.16,0
תל אביב  יפו,5000,152,599,339,339,0,56.59,0
תל אביב  יפו,5000,166.1,636,422,422,0,66.35,0
תל אביב  יפו,5000,166.2,636,402,401,1,63.21,0
תל אביב  יפו,5000,166.3,636,413,413,0,64.94,0
תל אביב  יפו,5000,166.4,636,391,387,4,61.48,0
תל אביב  יפו,5000,166.5,636,390,390,0,61.32,0
תל אביב  יפו,5000,166.6,636,411,411,0,64.62,0
תל אביב  יפו,5000,174,636,404,404,0,63.52,0
תל אביב  יפו,5000,175,638,393,392,1,61.6,0
תל אביב  יפו,5000,202,692,444,443,1,64.16,0
תל אביב  יפו,5000,203,634,411,411,0,64.83,0
תל אביב  יפו,5000,204.1,605,411,410,1,67.93,0
תל אביב  יפו,5000,204.2,605,395,394,1,65.29,0
תל אביב  יפו,5000,204.3,605,394,391,3,65.12,0
תל אביב  יפו,5000,204.4,602,401,400,1,66.61,0
תל אביב  יפו,5000,206,486,328,327,1,67.49,0
תל אביב  יפו,5000,207,632,395,394,1,62.5,0
תל אביב  יפו,5000,208,468,293,291,2,62.61,0
תל אביב  יפו,5000,209,524,352,351,1,67.18,0
תל אביב  יפו,5000,211,499,251,251,0,50.3,0
תל אביב  יפו,5000,212.1,609,379,377,2,62.23,0
תל אביב  יפו,5000,212.2,609,379,378,1,62.23,0
תל אביב  יפו,5000,212.3,609,406,405,1,66.67,0
תל אביב  יפו,5000,212.4,609,380,379,1,62.4,0
תל אביב  יפו,5000,212.5,609,355,354,1,58.29,0
תל אביב  יפו,5000,212.6,607,396,395,1,65.24,0
תל אביב  יפו,5000,216,599,393,392,1,65.61,0
תל אביב  יפו,5000,217,538,354,353,1,65.8,0
תל אביב  יפו,5000,220,651,454,453,1,69.74,0
תל אביב  יפו,5000,223,498,368,367,1,73.9,0
תל אביב  יפו,5000,225,491,310,310,0,63.14,0
תל אביב  יפו,5000,231,618,367,366,1,59.39,0
תל אביב  יפו,5000,234,643,416,414,2,64.7,0
תל אביב  יפו,5000,236.1,616,352,352,0,57.14,0
תל אביב  יפו,5000,236.2,616,381,381,0,61.85,0
תל אביב  יפו,5000,236.3,616,375,375,0,60.88,0
תל אביב  יפו,5000,236.4,616,388,387,1,62.99,0
תל אביב  יפו,5000,236.5,616,366,365,1,59.42,0
תל אביב  יפו,5000,237.1,578,344,343,1,59.52,0
תל אביב  יפו,5000,237.2,578,345,344,1,59.69,0
תל אביב  יפו,5000,237.3,578,327,327,0,56.57,0
תל אביב  יפו,5000,237.4,578,328,327,1,56.75,0
תל אביב  יפו,5000,237.5,576,342,341,1,59.38,0
תל אביב  יפו,5000,246,581,376,376,0,64.72,0
תל אביב  יפו,5000,247,663,430,428,2,64.86,0
תל אביב  יפו,5000,248,627,438,433,5,69.86,0
תל אביב  יפו,5000,250,673,458,456,2,68.05,0
תל אביב  יפו,5000,254,601,344,344,0,57.24,0
תל אביב  יפו,5000,256,574,403,402,1,70.21,0
תל אביב  יפו,5000,257,544,391,390,1,71.88,0
תל אביב  יפו,5000,261,528,356,355,1,67.42,0
תל אביב  יפו,5000,274,466,343,343,0,73.61,0
תל אביב  יפו,5000,277.1,692,419,418,1,60.55,0
תל אביב  יפו,5000,277.2,692,413,412,1,59.68,0
תל אביב  יפו,5000,277.3,692,426,421,5,61.56,0
תל אביב  יפו,5000,277.4,692,420,420,0,60.69,0
תל אביב  יפו,5000,277.5,692,381,381,0,55.06,0
תל אביב  יפו,5000,277.6,692,402,402,0,58.09,0
תל אביב  יפו,5000,287.1,693,424,422,2,61.18,0
תל אביב  יפו,5000,287.2,693,410,410,0,59.16,0
תל אביב  יפו,5000,287.3,693,379,379,0,54.69,0
תל אביב  יפו,5000,287.4,692,433,433,0,62.57,0
תל אביב  יפו,5000,288.1,521,288,286,2,55.28,0
תל אביב  יפו,5000,288.2,521,310,310,0,59.5,0
תל אביב  יפו,5000,288.3,521,295,295,0,56.62,0
תל אביב  יפו,5000,288.4,521,304,304,0,58.35,0
תל אביב  יפו,5000,288.5,521,268,268,0,51.44,0
תל אביב  יפו,5000,288.6,516,279,278,1,54.07,0
תל אביב  יפו,5000,290,690,333,330,3,48.26,0
תל אביב  יפו,5000,291.1,665,331,329,2,49.77,0
תל אביב  יפו,5000,291.2,665,335,335,0,50.38,0
תל אביב  יפו,5000,291.3,665,363,363,0,54.59,0
תל אביב  יפו,5000,291.4,665,332,331,1,49.92,0
תל אביב  יפו,5000,291.5,663,350,349,1,52.79,0
תל אביב  יפו,5000,323.1,614,311,308,3,50.65,0
תל אביב  יפו,5000,323.2,614,296,291,5,48.21,0
תל אביב  יפו,5000,323.3,614,276,276,0,44.95,0
תל אביב  יפו,5000,323.4,614,324,323,1,52.77,0
תל אביב  יפו,5000,323.5,614,274,274,0,44.63,0
תל אביב  יפו,5000,323.6,614,298,298,0,48.53,0
תל אביב  יפו,5000,323.7,614,283,283,0,46.09,0
תל אביב  יפו,5000,323.8,610,344,343,1,56.39,0
תל אביב  יפו,5000,326.1,677,336,336,0,49.63,0
תל אביב  יפו,5000,326.2,677,330,326,4,48.74,0
תל אביב  יפו,5000,326.3,677,343,341,2,50.66,0
תל אביב  יפו,5000,326.4,677,336,336,0,49.63,0
תל אביב  יפו,5000,326.5,676,323,319,4,47.78,0
תל אביב  יפו,5000,338.1,532,262,261,1,49.25,0
תל אביב  יפו,5000,338.2,532,257,257,0,48.31,0
תל אביב  יפו,5000,338.3,532,245,243,2,46.05,0
תל אביב  יפו,5000,338.4,532,267,266,1,50.19,0
תל אביב  יפו,5000,338.5,532,242,242,0,45.49,0
תל אביב  יפו,5000,338.6,532,243,241,2,45.68,0
תל אביב  יפו,5000,338.7,532,248,248,0,46.62,0
תל אביב  יפו,5000,338.8,525,263,263,0,50.1,0
תל אביב  יפו,5000,339.1,696,358,358,0,51.44,0
תל אביב  יפו,5000,339.2,696,369,368,1,53.02,0
תל אביב  יפו,5000,339.3,696,349,349,0,50.14,0
תל אביב  יפו,5000,339.4,695,365,363,2,52.52,0
תל אביב  יפו,5000,364.1,687,390,388,2,56.77,0
תל אביב  יפו,5000,364.2,687,404,404,0,58.81,0
תל אביב  יפו,5000,364.3,687,364,364,0,52.98,0
תל אביב  יפו,5000,364.4,687,383,383,0,55.75,0
תל אביב  יפו,5000,364.5,687,404,403,1,58.81,0
תל אביב  יפו,5000,364.6,687,371,370,1,54.0,0
תל אביב  יפו,5000,364.7,687,357,355,2,51.97,0
תל אביב  יפו,5000,364.8,687,379,379,0,55.17,0
תל אביב  יפו,5000,364.9,685,408,408,0,59.56,0
תל אביב  יפו,5000,367,606,351,351,0,57.92,0
תל אביב  יפו,5000,368,498,252,252,0,50.6,0
תל אביב  יפו,5000,369,475,277,277,0,58.32,0
תל אביב  יפו,5000,378.1,547,290,287,3,53.02,0
תל אביב  יפו,5000,378.2,547,290,289,1,53.02,0
תל אביב  יפו,5000,378.3,547,305,304,1,55.76,0
תל אביב  יפו,5000,378.4,547,270,270,0,49.36,0
תל אביב  יפו,5000,378.5,547,275,275,0,50.27,0
תל אביב  יפו,5000,378.6,547,317,317,0,57.95,0
תל אביב  יפו,5000,387.1,597,348,347,1,58.29,0
תל אביב  יפו,5000,387.2,597,332,331,1,55.61,0
תל אביב  יפו,5000,387.3,597,367,365,2,61.47,0
תל אביב  יפו,5000,387.4,597,348,348,0,58.29,0
תל אביב  יפו,5000,387.5,597,343,343,0,57.45,0
תל אביב  יפו,5000,387.6,594,380,378,2,63.97,0
תל אביב  יפו,5000,391.1,562,353,353,0,62.81,0
תל אביב  יפו,5000,391.2,562,360,359,1,64.06,0
תל אביב  יפו,5000,391.3,562,358,356,2,63.7,0
תל אביב  יפו,5000,391.4,562,343,343,0,61.03,0
תל אביב  יפו,5000,391.5,559,343,343,0,61.36,0
תל אביב  יפו,5000,398.1,633,350,350,0,55.29,0
תל אביב  יפו,5000,398.2,633,353,353,0,55.77,0
תל אביב  יפו,5000,398.3,633,364,364,0,57.5,0
תל אביב  יפו,5000,398.4,633,383,383,0,60.51,0
תל אביב  יפו,5000,398.5,633,336,335,1,53.08,0
תל אביב  יפו,5000,398.6,633,340,340,0,53.71,0
תל אביב  יפו,5000,398.7,627,380,380,0,60.61,0
תל אביב  יפו,5000,427.1,668,418,415,3,62.57,0
תל אביב  יפו,5000,427.2,668,405,404,1,60.63,0
תל אביב  יפו,5000,427.3,668,406,405,1,60.78,0
תל אביב  יפו,5000,427.4,668,408,407,1,61.08,0
תל אביב  יפו,5000,427.5,668,433,429,4,64.82,0
תל אביב  יפו,5000,427.6,668,384,384,0,57.49,0
תל אביב  יפו,5000,427.7,666,436,436,0,65.47,0
תל אביב  יפו,5000,443.1,549,295,293,2,53.73,0
תל אביב  יפו,5000,443.2,549,306,305,1,55.74,0
תל אביב  יפו,5000,443.3,549,309,306,3,56.28,0
תל אביב  יפו,5000,443.4,547,276,276,0,50.46,0
תל אביב  יפו,5000,446.1,680,413,410,3,60.74,0
תל אביב  יפו,5000,446.2,680,380,378,2,55.88,0
תל אביב  יפו,5000,446.3,680,389,389,0,57.21,0
תל אביב  יפו,5000,446.4,680,436,435,1,64.12,0
תל אביב  יפו,5000,448.1,607,283,283,0,46.62,0
תל אביב  יפו,5000,448.2,607,289,289,0,47.61,0
תל אביב  יפו,5000,448.3,607,252,251,1,41.52,0
תל אביב  יפו,5000,448.4,605,253,252,1,41.82,0
תל אביב  יפו,5000,451.1,672,260,258,2,38.69,0
תל אביב  יפו,5000,451.2,672,259,259,0,38.54,0
תל אביב  יפו,5000,451.3,672,274,272,2,40.77,0
תל אביב  יפו,5000,451.4,672,224,224,0,33.33,0
תל אביב  יפו,5000,451.5,671,230,228,2,34.28,0
תל אביב  יפו,5000,452.1,651,271,271,0,41.63,0
תל אביב  יפו,5000,452.2,651,272,272,0,41.78,0
תל אביב  יפו,5000,452.3,651,273,273,0,41.94,0
תל אביב  יפו,5000,452.4,651,272,271,1,41.78,0
תל אביב  יפו,5000,452.5,651,319,318,1,49.0,0
תל אביב  יפו,5000,452.6,651,259,259,0,39.78,0
תל אביב  יפו,5000,452.7,651,262,261,1,40.25,0
תל אביב  יפו,5000,452.8,651,245,245,0,37.63,0
תל אביב  יפו,5000,452.9,649,300,297,3,46.22,0
תל אביב  יפו,5000,458.1,526,279,279,0,53.04,0
תל אביב  יפו,5000,458.2,526,290,289,1,55.13,0
תל אביב  יפו,5000,458.3,526,286,284,2,54.37,0
תל אביב  יפו,5000,458.4,523,288,288,0,55.07,0
תל אביב  יפו,5000,618.1,638,366,365,1,57.37,0
תל אביב  יפו,5000,618.2,638,372,370,2,58.31,0
תל אביב  יפו,5000,618.3,638,361,360,1,56.58,0
תל אביב  יפו,5000,618.4,638,378,376,2,59.25,0
תל אביב  יפו,5000,618.5,638,402,400,2,63.01,0
תל אביב  יפו,5000,618.6,638,357,357,0,55.96,0
תל אביב  יפו,5000,618.7,638,361,360,1,56.58,0
תל אביב  יפו,5000,618.8,638,356,356,0,55.8,0
תל אביב  יפו,5000,618.9,632,383,383,0,60.6,0
תל אביב  יפו,5000,958,422,284,283,1,67.3,0
תל אביב  יפו,5000,273,539,353,350,3,65.49,0
תל אביב  יפו,5000,582.1,627,252,250,2,40.19,0
תל אביב  יפו,5000,582.2,627,251,249,2,40.03,0
תל אביב  יפו,5000,582.3,627,228,225,3,36.36,0
תל אביב  יפו,5000,582.4,627,244,244,0,38.92,0
תל אביב  יפו,5000,582.5,627,229,229,0,36.52,0
תל אביב  יפו,5000,582.6,627,253,250,3,40.35,0
תל אביב  יפו,5000,585.1,599,202,199,3,33.72,0
תל אביב  יפו,5000,585.2,599,196,196,0,32.72,0
תל אביב  יפו,5000,585.3,599,165,165,0,27.55,0
תל אביב  יפו,5000,585.4,599,204,204,0,34.06,0
תל אביב  יפו,5000,585.5,599,178,177,1,29.72,0
תל אביב  יפו,5000,585.6,610,178,178,0,29.18,0
תל אביב  יפו,5000,632.1,684,489,487,2,71.49,0
תל אביב  יפו,5000,632.2,683,487,486,1,71.3,0
תל אביב  יפו,5000,635.1,628,450,450,0,71.66,0
תל אביב  יפו,5000,635.2,628,462,457,5,73.57,0
תל אביב  יפו,5000,635.3,628,449,449,0,71.5,0
תל אביב  יפו,5000,635.4,628,458,457,1,72.93,0
תל אביב  יפו,5000,635.5,628,440,439,1,70.06,0
תל אביב  יפו,5000,635.6,628,449,449,0,71.5,0
תל אביב  יפו,5000,635.7,623,451,449,2,72.39,0
תל אביב  יפו,5000,638,652,510,506,4,78.22,0
תל אביב  יפו,5000,641,668,493,492,1,73.8,0
תל אביב  יפו,5000,642,574,332,331,1,57.84,0
תל אביב  יפו,5000,644,582,412,408,4,70.79,0
תל אביב  יפו,5000,645,579,394,393,1,68.05,0
תל אביב  יפו,5000,646,624,415,413,2,66.51,0
תל אביב  יפו,5000,647.1,599,418,414,4,69.78,0
תל אביב  יפו,5000,647.2,599,415,414,1,69.28,0
תל אביב  יפו,5000,647.3,599,421,419,2,70.28,0
תל אביב  יפו,5000,647.4,599,395,395,0,65.94,0
תל אביב  יפו,5000,647.5,597,429,425,4,71.86,0
תל אביב  יפו,5000,661,417,284,283,1,68.11,0
תל אביב  יפו,5000,662,626,427,425,2,68.21,0
תל אביב  יפו,5000,663,504,249,249,0,49.4,0
תל אביב  יפו,5000,664,636,338,334,4,53.14,0
תל אביב  יפו,5000,665,662,461,459,2,69.64,0
תל אביב  יפו,5000,666,664,463,462,1,69.73,0
תל אביב  יפו,5000,667,564,325,325,0,57.62,0
תל אביב  יפו,5000,668,542,309,308,1,57.01,0
תל אביב  יפו,5000,669,648,218,218,0,33.64,0
תל אביב  יפו,5000,670,615,432,431,1,70.24,0
תל אביב  יפו,5000,671,478,317,317,0,66.32,0
תל אביב  יפו,5000,672,568,411,410,1,72.36,0
תל אביב  יפו,5000,673,590,374,374,0,63.39,0
תל אביב  יפו,5000,674,591,369,369,0,62.44,0
תל אביב  יפו,5000,675,535,351,351,0,65.61,0
תל אביב  יפו,5000,676,513,274,270,4,53.41,0
תל אביב  יפו,5000,677,548,302,302,0,55.11,0
תל אביב  יפו,5000,678,520,330,327,3,63.46,0
תל אביב  יפו,5000,679,606,361,359,2,59.57,0
תל אביב  יפו,5000,680,511,327,325,2,63.99,0
תל אביב  יפו,5000,682,653,405,400,5,62.02,0
תל אביב  יפו,5000,683,674,454,451,3,67.36,0
תל אביב  יפו,5000,684.1,563,300,297,3,53.29,0
תל אביב  יפו,5000,684.2,563,316,315,1,56.13,0
תל אביב  יפו,5000,684.3,563,321,318,3,57.02,0
תל אביב  יפו,5000,684.4,563,328,326,2,58.26,0
תל אביב  יפו,5000,684.5,562,325,323,2,57.83,0
תל אביב  יפו,5000,687.1,689,466,463,3,67.63,0
תל אביב  יפו,5000,687.2,689,466,466,0,67.63,0
תל אביב  יפו,5000,687.3,689,472,472,0,68.51,0
תל אביב  יפו,5000,687.4,686,445,443,2,64.87,0
תל אביב  יפו,5000,688,527,351,350,1,66.6,0
תל אביב  יפו,5000,690.1,655,361,361,0,55.11,0
תל אביב  יפו,5000,690.2,655,374,373,1,57.1,0
תל אביב  יפו,5000,690.3,655,395,390,5,60.31,0
תל אביב  יפו,5000,690.4,655,364,360,4,55.57,0
תל אביב  יפו,5000,690.5,651,373,370,3,57.3,0
תל אביב  יפו,5000,691,564,364,363,1,64.54,0
תל אביב  יפו,5000,692,625,391,387,4,62.56,0
תל אביב  יפו,5000,693,628,414,414,0,65.92,0
תל אביב  יפו,5000,695,543,365,364,1,67.22,0
תל אביב  יפו,5000,697,584,394,390,4,67.47,0
תל אביב  יפו,5000,698,441,277,275,2,62.81,0
תל אביב  יפו,5000,703.1,688,435,432,3,63.23,0
תל אביב  יפו,5000,703.2,688,428,427,1,62.21,0
תל אביב  יפו,5000,703.3,688,490,487,3,71.22,0
תל אביב  יפו,5000,703.4,688,448,446,2,65.12,0
תל אביב  יפו,5000,703.5,686,466,466,0,67.93,0
תל אביב  יפו,5000,706.1,362,271,271,0,74.86,0
תל אביב  יפו,5000,706.2,362,274,272,2,75.69,0
תל אביב  יפו,5000,709,532,331,331,0,62.22,0
תל אביב  יפו,5000,711,615,366,361,5,59.51,0
תל אביב  יפו,5000,712.1,590,380,376,4,64.41,0
תל אביב  יפו,5000,712.2,590,384,381,3,65.08,0
תל אביב  יפו,5000,712.3,590,425,425,0,72.03,0
תל אביב  יפו,5000,712.4,590,381,379,2,64.58,0
תל אביב  יפו,5000,712.5,590,362,359,3,61.36,0
תל אביב  יפו,5000,712.6,585,386,382,4,65.98,0
תל אביב  יפו,5000,714,485,308,306,2,63.51,0
תל אביב  יפו,5000,719,542,344,343,1,63.47,0
תל אביב  יפו,5000,720,684,440,439,1,64.33,0
תל אביב  יפו,5000,721,552,310,305,5,56.16,0
תל אביב  יפו,5000,726,655,401,399,2,61.22,0
תל אביב  יפו,5000,727.1,617,375,372,3,60.78,0
תל אביב  יפו,5000,727.2,617,385,382,3,62.4,0
תל אביב  יפו,5000,727.3,617,412,411,1,66.77,0
תל אביב  יפו,5000,727.4,617,397,394,3,64.34,0
תל אביב  יפו,5000,727.5,617,395,393,2,64.02,0
תל אביב  יפו,5000,727.6,617,387,383,4,62.72,0
תל אביב  יפו,5000,727.7,613,378,373,5,61.66,0
תל אביב  יפו,5000,728,632,336,332,4,53.16,0
תל אביב  יפו,5000,731.1,354,195,194,1,55.08,0
תל אביב  יפו,5000,731.2,353,204,204,0,57.79,0
תל אביב  יפו,5000,733,545,307,303,4,56.33,0
תל אביב  יפו,5000,734,560,334,330,4,59.64,0
תל אביב  יפו,5000,736,527,341,341,0,64.71,0
תל אביב  יפו,5000,737,631,400,399,1,63.39,0
תל אביב  יפו,5000,738,636,334,331,3,52.52,0
תל אביב  יפו,5000,739,631,332,330,2,52.61,0
תל אביב  יפו,5000,740,522,288,287,1,55.17,0
תל אביב  יפו,5000,741,641,424,418,6,66.15,0
תל אביב  יפו,5000,742.1,586,359,359,0,61.26,0
תל אביב  יפו,5000,742.2,586,366,365,1,62.46,0
תל אביב  יפו,5000,742.3,586,382,379,3,65.19,0
תל אביב  יפו,5000,742.4,586,355,350,5,60.58,0
תל אביב  יפו,5000,742.5,586,356,354,2,60.75,0
תל אביב  יפו,5000,743,680,461,460,1,67.79,0
תל אביב  יפו,5000,744,353,192,187,5,54.39,0
תל אביב  יפו,5000,745,412,193,191,2,46.84,0
תל אביב  יפו,5000,747,468,322,321,1,68.8,0
תל אביב  יפו,5000,749,545,204,203,1,37.43,0
תל אביב  יפו,5000,753,494,255,249,6,51.62,0
תל אביב  יפו,5000,754,696,500,499,1,71.84,0
תל אביב  יפו,5000,755,389,213,212,1,54.76,0
תל אביב  יפו,5000,756,602,281,278,3,46.68,0
תל אביב  יפו,5000,757,329,161,161,0,48.94,0
תל אביב  יפו,5000,758,582,406,405,1,69.76,0
תל אביב  יפו,5000,761,470,307,304,3,65.32,0
תל אביב  יפו,5000,762,648,420,417,3,64.81,0
תל אביב  יפו,5000,764,509,244,241,3,47.94,0
תל אביב  יפו,5000,766,343,159,159,0,46.36,0
תל אביב  יפו,5000,770.1,576,340,338,2,59.03,0
תל אביב  יפו,5000,770.2,576,350,348,2,60.76,0
תל אביב  יפו,5000,770.3,576,340,335,5,59.03,0
תל אביב  יפו,5000,770.4,576,349,346,3,60.59,0
תל אביב  יפו,5000,770.5,576,358,357,1,62.15,0
תל אביב  יפו,5000,776.1,623,410,406,4,65.81,0
תל אביב  יפו,5000,776.2,623,398,392,6,63.88,0
תל אביב  יפו,5000,776.3,623,431,428,3,69.18,0
תל אביב  יפו,5000,776.4,623,402,401,1,64.53,0
תל אביב  יפו,5000,777,513,354,354,0,69.01,0
תל אביב  יפו,5000,778,627,406,400,6,64.75,0
תל אביב  יפו,5000,780,643,385,384,1,59.88,0
תל אביב  יפו,5000,781,631,375,373,2,59.43,0
תל אביב  יפו,5000,783.1,544,360,357,3,66.18,0
תל אביב  יפו,5000,783.2,544,328,325,3,60.29,0
תל אביב  יפו,5000,788.1,594,334,329,5,56.23,0
תל אביב  יפו,5000,788.2,594,327,322,5,55.05,0
תל אביב  יפו,5000,788.3,594,314,311,3,52.86,0
תל אביב  יפו,5000,788.4,591,303,300,3,51.27,0
תל אביב  יפו,5000,789,454,303,299,4,66.74,0
תל אביב  יפו,5000,791.1,588,349,348,1,59.35,0
תל אביב  יפו,5000,791.2,588,341,339,2,57.99,0
תל אביב  יפו,5000,791.3,588,333,332,1,56.63,0
תל אביב  יפו,5000,791.4,588,333,332,1,56.63,0
תל אביב  יפו,5000,791.5,588,342,339,3,58.16,0
תל אביב  יפו,5000,791.6,584,322,322,0,55.14,0
תל אביב  יפו,5000,971.1,526,279,279,0,53.04,0
תל אביב  יפו,5000,971.2,526,307,304,3,58.37,0
תל אביב  יפו,5000,971.3,526,288,288,0,54.75,0
תל אביב  יפו,5000,971.4,524,279,277,2,53.24,0
תל אביב  יפו,5000,259.1,682,266,263,3,39.0,0
תל אביב  יפו,5000,259.2,682,305,304,1,44.72,0
תל אביב  יפו,5000,259.3,682,284,283,1,41.64,0
תל אביב  יפו,5000,259.4,682,313,310,3,45.89,0
תל אביב  יפו,5000,259.5,682,254,253,1,37.24,0
תל אביב  יפו,5000,259.6,682,264,264,0,38.71,0
תל אביב  יפו,5000,259.7,682,275,272,3,40.32,0
תל אביב  יפו,5000,259.8,677,324,322,2,47.86,0
תל אביב  יפו,5000,263,626,498,498,0,79.55,0
תל אביב  יפו,5000,265,537,297,295,2,55.31,0
תל אביב  יפו,5000,267,552,280,275,5,50.72,0
תל אביב  יפו,5000,268,495,366,366,0,73.94,0
תל אביב  יפו,5000,271,500,380,380,0,76.0,0
תל אביב  יפו,5000,278,533,404,404,0,75.8,0
תל אביב  יפו,5000,307,613,488,487,1,79.61,0
תל אביב  יפו,5000,434.1,605,360,359,1,59.5,0
תל אביב  יפו,5000,434.2,605,309,309,0,51.07,0
תל אביב  יפו,5000,434.3,605,332,331,1,54.88,0
תל אביב  יפו,5000,435,589,356,356,0,60.44,0
תל אביב  יפו,5000,436,640,362,362,0,56.56,0
תל אביב  יפו,5000,438,678,428,427,1,63.13,0
תל אביב  יפו,5000,488.1,485,232,231,1,47.84,0
תל אביב  יפו,5000,488.2,485,229,228,1,47.22,0
תל אביב  יפו,5000,488.3,484,244,244,0,50.41,0
תל אביב  יפו,5000,495.1,620,320,318,2,51.61,0
תל אביב  יפו,5000,495.2,620,333,329,4,53.71,0
תל אביב  יפו,5000,495.3,620,351,351,0,56.61,0
תל אביב  יפו,5000,495.4,620,379,379,0,61.13,0
תל אביב  יפו,5000,495.5,620,333,333,0,53.71,0
תל אביב  יפו,5000,495.6,620,332,332,0,53.55,0
תל אביב  יפו,5000,495.7,620,319,319,0,51.45,0
תל אביב  יפו,5000,495.8,616,365,365,0,59.25,0
תל אביב  יפו,5000,499.1,583,352,351,1,60.38,0
תל אביב  יפו,5000,499.2,583,320,320,0,54.89,0
תל אביב  יפו,5000,499.3,583,333,332,1,57.12,0
תל אביב  יפו,5000,499.4,583,319,318,1,54.72,0
תל אביב  יפו,5000,499.5,581,341,340,1,58.69,0
תל אביב  יפו,5000,501.1,639,344,341,3,53.83,0
תל אביב  יפו,5000,501.2,639,357,355,2,55.87,0
תל אביב  יפו,5000,501.3,639,360,358,2,56.34,0
תל אביב  יפו,5000,501.4,638,367,367,0,57.52,0
תל אביב  יפו,5000,506,693,322,321,1,46.46,0
תל אביב  יפו,5000,507,694,288,288,0,41.5,0
תל אביב  יפו,5000,529.1,634,299,298,1,47.16,0
תל אביב  יפו,5000,529.2,634,280,280,0,44.16,0
תל אביב  יפו,5000,529.3,634,303,301,2,47.79,0
תל אביב  יפו,5000,529.4,634,284,282,2,44.79,0
תל אביב  יפו,5000,529.5,634,279,277,2,44.01,0
תל אביב  יפו,5000,529.6,631,266,266,0,42.16,0
תל אביב  יפו,5000,535.1,670,345,336,9,51.49,0
תל אביב  יפו,5000,535.2,670,324,323,1,48.36,0
תל אביב  יפו,5000,535.3,670,322,321,1,48.06,0
תל אביב  יפו,5000,535.4,669,328,326,2,49.03,0
תל אביב  יפו,5000,568.1,572,314,314,0,54.9,0
תל אביב  יפו,5000,568.2,572,283,281,2,49.48,0
תל אביב  יפו,5000,568.3,572,295,295,0,51.57,0
תל אביב  יפו,5000,568.4,572,291,291,0,50.87,0
תל אביב  יפו,5000,568.5,568,309,309,0,54.4,0
תל אביב  יפו,5000,571,649,340,339,1,52.39,0
תל אביב  יפו,5000,572.1,689,369,369,0,53.56,0
תל אביב  יפו,5000,572.2,689,386,383,3,56.02,0
תל אביב  יפו,5000,572.3,689,348,348,0,50.51,0
תל אביב  יפו,5000,572.4,689,383,382,1,55.59,0
תל אביב  יפו,5000,572.5,689,370,370,0,53.7,0
תל אביב  יפו,5000,572.6,685,399,399,0,58.25,0
תל אביב  יפו,5000,574.1,628,327,325,2,52.07,0
תל אביב  יפו,5000,574.2,628,327,327,0,52.07,0
תל אביב  יפו,5000,574.3,628,300,300,0,47.77,0
תל אביב  יפו,5000,574.4,628,292,292,0,46.5,0
תל אביב  יפו,5000,574.5,628,317,316,1,50.48,0
תל אביב  יפו,5000,574.6,628,315,315,0,50.16,0
תל אביב  יפו,5000,574.7,628,311,311,0,49.52,0
תל אביב  יפו,5000,574.8,628,309,306,3,49.2,0
תל אביב  יפו,5000,574.9,625,347,345,2,55.52,0
תל אביב  יפו,5000,575,607,359,358,1,59.14,0
תל אביב  יפו,5000,576,690,377,375,2,54.64,0
תל אביב  יפו,5000,593,639,345,345,0,53.99,0
תל אביב  יפו,5000,614.1,694,415,413,2,59.8,0
תל אביב  יפו,5000,614.2,694,469,469,0,67.58,0
תל אביב  יפו,5000,614.3,694,458,458,0,65.99,0
תל אביב  יפו,5000,614.4,693,446,446,0,64.36,0
תל אביב  יפו,5000,616,563,338,337,1,60.04,0
תל אביב  יפו,5000,824.1,493,252,247,5,51.12,0
תל אביב  יפו,5000,824.2,493,242,241,1,49.09,0
תל אביב  יפו,5000,827.1,574,265,264,1,46.17,0
תל אביב  יפו,5000,827.2,574,248,248,0,43.21,0
תל אביב  יפו,5000,827.3,572,247,244,3,43.18,0
תל אביב  יפו,5000,828.1,596,266,264,2,44.63,0
תל אביב  יפו,5000,828.2,596,279,278,1,46.81,0
תל אביב  יפו,5000,828.3,596,270,269,1,45.3,0
תל אביב  יפו,5000,828.4,595,281,281,0,47.23,0
תל אביב  יפו,5000,836.1,658,349,348,1,53.04,0
תל אביב  יפו,5000,836.2,658,321,318,3,48.78,0
תל אביב  יפו,5000,836.3,658,317,317,0,48.18,0
תל אביב  יפו,5000,836.4,658,335,333,2,50.91,0
תל אביב  יפו,5000,836.5,658,334,333,1,50.76,0
תל אביב  יפו,5000,836.6,658,325,324,1,49.39,0
תל אביב  יפו,5000,836.7,658,315,314,1,47.87,0
תל אביב  יפו,5000,836.8,653,323,323,0,49.46,0
תל אביב  יפו,5000,839,617,414,409,5,67.1,0
תל אביב  יפו,5000,843,607,334,326,8,55.02,0
תל אביב  יפו,5000,844.1,558,356,353,3,63.8,0
תל אביב  יפו,5000,844.2,558,384,380,4,68.82,0
תל אביב  יפו,5000,844.3,556,362,357,5,65.11,0
תל אביב  יפו,5000,848,667,297,292,5,44.53,0
תל אביב  יפו,5000,849,671,320,316,4,47.69,0
תל אביב  יפו,5000,854,590,285,284,1,48.31,0
תל אביב  יפו,5000,856,421,231,223,8,54.87,0
תל אביב  יפו,5000,858,438,259,255,4,59.13,0
תל אביב  יפו,5000,859,596,293,289,4,49.16,0
תל אביב  יפו,5000,860.1,613,353,350,3,57.59,0
תל אביב  יפו,5000,860.2,613,373,371,2,60.85,0
תל אביב  יפו,5000,860.3,613,378,377,1,61.66,0
תל אביב  יפו,5000,860.4,613,350,348,2,57.1,0
תל אביב  יפו,5000,861.1,577,341,338,3,59.1,0
תל אביב  יפו,5000,861.2,577,328,326,2,56.85,0
תל אביב  יפו,5000,861.3,577,282,279,3,48.87,0
תל אביב  יפו,5000,861.4,574,316,314,2,55.05,0
תל אביב  יפו,5000,863,477,287,286,1,60.17,0
תל אביב  יפו,5000,865.1,500,258,256,2,51.6,0
תל אביב  יפו,5000,865.2,500,284,281,3,56.8,0
תל אביב  יפו,5000,865.3,500,281,280,1,56.2,0
תל אביב  יפו,5000,866.1,668,314,310,4,47.01,0
תל אביב  יפו,5000,866.2,668,346,343,3,51.8,0
תל אביב  יפו,5000,866.3,668,334,331,3,50.0,0
תל אביב  יפו,5000,866.4,668,352,349,3,52.69,0
תל אביב  יפו,5000,866.5,668,312,305,7,46.71,0
תל אביב  יפו,5000,869.1,590,282,281,1,47.8,0
תל אביב  יפו,5000,869.2,590,289,284,5,48.98,0
תל אביב  יפו,5000,869.3,590,291,288,3,49.32,0
תל אביב  יפו,5000,869.4,590,275,269,6,46.61,0
תל אביב  יפו,5000,869.5,586,257,252,5,43.86,0
תל אביב  יפו,5000,873.1,653,317,316,1,48.55,0
תל אביב  יפו,5000,873.2,653,335,332,3,51.3,0
תל אביב  יפו,5000,873.3,651,324,323,1,49.77,0
תל אביב  יפו,5000,875.1,697,341,338,3,48.92,0
תל אביב  יפו,5000,875.2,697,312,310,2,44.76,0
תל אביב  יפו,5000,875.3,697,329,325,4,47.2,0
תל אביב  יפו,5000,877,607,363,360,3,59.8,0
תל אביב  יפו,5000,878.1,495,241,239,2,48.69,0
תל אביב  יפו,5000,878.2,495,222,219,3,44.85,0
תל אביב  יפו,5000,878.3,495,284,281,3,57.37,0
תל אביב  יפו,5000,881,610,346,344,2,56.72,0
תל אביב  יפו,5000,883.1,583,336,334,2,57.63,0
תל אביב  יפו,5000,883.2,583,345,342,3,59.18,0
תל אביב  יפו,5000,883.3,581,335,335,0,57.66,0
תל אביב  יפו,5000,892.1,568,223,218,5,39.26,0
תל אביב  יפו,5000,892.2,568,267,267,0,47.01,0
תל אביב  יפו,5000,892.3,568,255,253,2,44.89,0
תל אביב  יפו,5000,892.4,568,241,239,2,42.43,0
תל אביב  יפו,5000,892.5,568,269,269,0,47.36,0
תל אביב  יפו,5000,893,533,289,289,0,54.22,0
תל אביב  יפו,5000,896.1,526,282,278,4,53.61,0
תל אביב  יפו,5000,896.2,526,271,266,5,51.52,0
תל אביב  יפו,5000,896.3,526,249,247,2,47.34,0
תל אביב  יפו,5000,897,522,308,308,0,59.0,0
תל אביב  יפו,5000,916,498,232,230,2,46.59,0
תל אביב  יפו,5000,918,653,324,322,2,49.62,0
תל אביב  יפו,5000,919,592,251,244,7,42.4,0
תל אביב  יפו,5000,923.1,502,227,226,1,45.22,0
תל אביב  יפו,5000,923.2,502,246,245,1,49.0,0
תל אביב  יפו,5000,923.3,500,266,263,3,53.2,0
תל אביב  יפו,5000,936.1,663,361,361,0,54.45,0
תל אביב  יפו,5000,936.2,663,363,359,4,54.75,0
תל אביב  יפו,5000,936.3,662,352,349,3,53.17,0
תל אביב  יפו,5000,962,598,309,307,2,51.67,0
תל יוסף,84,1,390,279,279,0,71.54,0
תל יצחק,287,1,683,229,227,2,33.53,0
תל מונד,154,1.1,670,502,500,2,74.93,0
תל מונד,154,1.2,670,499,497,2,74.48,0
תל מונד,154,1.3,670,501,500,1,74.78,0
תל מונד,154,1.4,670,501,501,0,74.78,0
תל מונד,154,1.5,668,505,505,0,75.6,0
תל מונד,154,2,671,499,497,2,74.37,0
תל מונד,154,3.1,576,429,427,2,74.48,0
תל מונד,154,3.2,576,430,427,3,74.65,0
תל מונד,154,3.3,576,451,450,1,78.3,0
תל מונד,154,3.4,576,442,442,0,76.74,0
תל מונד,154,3.5,576,454,453,1,78.82,0
תל מונד,154,4,515,365,364,1,70.87,0
תל מונד,154,11,568,426,425,1,75.0,0
תל מונד,154,15.1,649,476,475,1,73.34,0
תל מונד,154,15.2,649,471,470,1,72.57,0
תל מונד,154,15.3,648,477,473,4,73.61,0
תל מונד,154,16,530,387,386,1,73.02,0
תל עדשים,103,1,506,386,384,2,76.28,0
תל עדשים,103,2,392,282,282,0,71.94,0
תל קציר,719,1,358,250,247,3,69.83,0
תל שבע,1054,1.1,594,326,322,4,54.88,0
תל שבע,1054,1.2,594,293,291,2,49.33,0
תל שבע,1054,1.3,592,249,244,5,42.06,0
תל שבע,1054,2,650,369,368,1,56.77,0
תל שבע,1054,3,561,292,291,1,52.05,0
תל שבע,1054,4,566,338,337,1,59.72,0
תל שבע,1054,7,654,376,372,4,57.49,0
תל שבע,1054,8,624,383,378,5,61.38,0
תל שבע,1054,9.1,587,261,257,4,44.46,0
תל שבע,1054,9.2,587,250,244,6,42.59,0
תל שבע,1054,9.3,587,252,248,4,42.93,0
תל שבע,1054,9.4,587,239,238,1,40.72,0
תל שבע,1054,9.5,586,290,288,2,49.49,0
תל שבע,1054,12,583,369,367,2,63.29,0
תל שבע,1054,14,652,387,381,6,59.36,0
תל שבע,1054,16.1,638,379,378,1,59.4,0
תל שבע,1054,16.2,638,408,405,3,63.95,0
תל שבע,1054,16.3,638,359,357,2,56.27,0
תל תאומים,1283,1,345,269,269,0,77.97,0
תלם,3719,1,230,181,180,1,78.7,0
תלמי אליהו,1051,1,232,149,148,1,64.22,0
תלמי אלעזר,2003,1,685,522,520,2,76.2,0
תלמי בילו,2050,1,367,292,292,0,79.56,0
תלמי יוסף,1237,1,275,167,167,0,60.73,0
תלמי יחיאל,727,1,634,464,462,2,73.19,0
תלמי יפה,744,1,526,386,386,0,73.38,0
תלמים,814,1,577,474,473,1,82.15,0
תמרת,1244,1,569,423,423,0,74.34,0
תמרת,1244,3,595,432,432,0,72.61,0
תנובות,2002,1,633,460,458,2,72.67,0
תעוז,752,1,433,344,343,1,79.45,0
תפרח,709,1,549,480,477,3,87.43,0
תפרח,709,2,533,473,467,6,88.74,0
תקומה,665,1,514,415,414,1,80.74,0
תקוע,3563,1,681,497,495,2,72.98,0
תקוע,3563,2,571,396,393,3,69.35,0
תקוע,3563,3,500,367,364,3,73.4,0
תקוע,3563,4,582,426,423,3,73.2,0
תראבין אצאנע שבט,970,1,582,74,72,2,12.71,0
תראבין אצאנעישוב,1346,1,650,248,243,5,38.15,0
תרום,778,1,616,494,494,0,80.19,0
