תאריך,שנה,חודש,מאומתים חדשים,מאומתים בשבוע,פטירות חדשות,פטירות בשבוע,סהכ מאומתים,סהכ פטירות,אחוז תמותה מצטבר,מחוסנים ל-100,מנה שנייה ל-100,מנת דחף ל-100
2020-01-05,2020,01,0,,0,,0,0,,,,
2020-01-06,2020,01,0,,0,,0,0,,,,
2020-01-07,2020,01,0,,0,,0,0,,,,
2020-01-08,2020,01,0,,0,,0,0,,,,
2020-01-09,2020,01,0,,0,,0,0,,,,
2020-01-10,2020,01,0,0,0,0,0,0,,,,
2020-01-11,2020,01,0,0,0,0,0,0,,,,
2020-01-12,2020,01,0,0,0,0,0,0,,,,
2020-01-13,2020,01,0,0,0,0,0,0,,,,
2020-01-14,2020,01,0,0,0,0,0,0,,,,
2020-01-15,2020,01,0,0,0,0,0,0,,,,
2020-01-16,2020,01,0,0,0,0,0,0,,,,
2020-01-17,2020,01,0,0,0,0,0,0,,,,
2020-01-18,2020,01,0,0,0,0,0,0,,,,
2020-01-19,2020,01,0,0,0,0,0,0,,,,
2020-01-20,2020,01,0,0,0,0,0,0,,,,
2020-01-21,2020,01,0,0,0,0,0,0,,,,
2020-01-22,2020,01,0,0,0,0,0,0,,,,
2020-01-23,2020,01,0,0,0,0,0,0,,,,
2020-01-24,2020,01,0,0,0,0,0,0,,,,
2020-01-25,2020,01,0,0,0,0,0,0,,,,
2020-01-26,2020,01,0,0,0,0,0,0,,,,
2020-01-27,2020,01,0,0,0,0,0,0,,,,
2020-01-28,2020,01,0,0,0,0,0,0,,,,
2020-01-29,2020,01,0,0,0,0,0,0,,,,
2020-01-30,2020,01,0,0,0,0,0,0,,,,
2020-01-31,2020,01,0,0,0,0,0,0,,,,
2020-02-01,2020,02,0,0,0,0,0,0,,,,
2020-02-02,2020,02,0,0,0,0,0,0,,,,
2020-02-03,2020,02,0,0,0,0,0,0,,,,
2020-02-04,2020,02,0,0,0,0,0,0,,,,
2020-02-05,2020,02,0,0,0,0,0,0,,,,
2020-02-06,2020,02,0,0,0,0,0,0,,,,
2020-02-07,2020,02,0,0,0,0,0,0,,,,
2020-02-08,2020,02,0,0,0,0,0,0,,,,
2020-02-09,2020,02,0,0,0,0,0,0,,,,
2020-02-10,2020,02,0,0,0,0,0,0,,,,
2020-02-11,2020,02,0,0,0,0,0,0,,,,
2020-02-12,2020,02,0,0,0,0,0,0,,,,
2020-02-13,2020,02,0,0,0,0,0,0,,,,
2020-02-14,2020,02,0,0,0,0,0,0,,,,
2020-02-15,2020,02,0,0,0,0,0,0,,,,
2020-02-16,2020,02,9,9,0,0,9,0,,,,
2020-02-17,2020,02,0,9,0,0,9,0,,,,
2020-02-18,2020,02,0,9,0,0,9,0,,,,
2020-02-19,2020,02,0,9,0,0,9,0,,,,
2020-02-20,2020,02,0,9,0,0,9,0,,,,
2020-02-21,2020,02,0,9,0,0,9,0,,,,
2020-02-22,2020,02,0,9,0,0,9,0,,,,
2020-02-23,2020,02,1,1,0,0,10,0,,,,
2020-02-24,2020,02,0,1,0,0,10,0,,,,
2020-02-25,2020,02,0,1,0,0,10,0,,,,
2020-02-26,2020,02,0,1,0,0,10,0,,,,
2020-02-27,2020,02,0,1,0,0,10,0,,,,
2020-02-28,2020,02,0,1,0,0,10,0,,,,
2020-02-29,2020,02,0,1,0,0,10,0,,,,
2020-03-01,2020,03,5,5,0,0,15,0,,,,
2020-03-02,2020,03,0,5,0,0,15,0,,,,
2020-03-03,2020,03,0,5,0,0,15,0,,,,
2020-03-04,2020,03,0,5,0,0,15,0,,,,
2020-03-05,2020,03,0,5,0,0,15,0,,,,
2020-03-06,2020,03,0,5,0,0,15,0,,,,
2020-03-07,2020,03,0,5,0,0,15,0,,,,
2020-03-08,2020,03,26,26,0,0,41,0,,,,
2020-03-09,2020,03,0,26,0,0,41,0,,,,
2020-03-10,2020,03,0,26,0,0,41,0,,,,
2020-03-11,2020,03,0,26,0,0,41,0,,,,
2020-03-12,2020,03,0,26,0,0,41,0,,,,
2020-03-13,2020,03,0,26,0,0,41,0,,,,
2020-03-14,2020,03,0,26,0,0,41,0,,,,
2020-03-15,2020,03,151,151,0,0,192,0,,,,
2020-03-16,2020,03,0,151,0,0,192,0,,,,
2020-03-17,2020,03,0,151,0,0,192,0,,,,
2020-03-18,2020,03,0,151,0,0,192,0,,,,
2020-03-19,2020,03,0,151,0,0,192,0,,,,
2020-03-20,2020,03,0,151,0,0,192,0,,,,
2020-03-21,2020,03,0,151,0,0,192,0,,,,
2020-03-22,2020,03,844,844,1,1,1036,1,0.097,,,
2020-03-23,2020,03,0,844,0,1,1036,1,0.097,,,
2020-03-24,2020,03,0,844,0,1,1036,1,0.097,,,
2020-03-25,2020,03,0,844,0,1,1036,1,0.097,,,
2020-03-26,2020,03,0,844,0,1,1036,1,0.097,,,
2020-03-27,2020,03,0,844,0,1,1036,1,0.097,,,
2020-03-28,2020,03,0,844,0,1,1036,1,0.097,,,
2020-03-29,2020,03,2868,2868,12,12,3904,13,0.333,,,
2020-03-30,2020,03,0,2868,0,12,3904,13,0.333,,,
2020-03-31,2020,03,0,2868,0,12,3904,13,0.333,,,
2020-04-01,2020,04,0,2868,0,12,3904,13,0.333,,,
2020-04-02,2020,04,0,2868,0,12,3904,13,0.333,,,
2020-04-03,2020,04,0,2868,0,12,3904,13,0.333,,,
2020-04-04,2020,04,0,2868,0,12,3904,13,0.333,,,
2020-04-05,2020,04,4259,4259,36,36,8163,49,0.6,,,
2020-04-06,2020,04,0,4259,0,36,8163,49,0.6,,,
2020-04-07,2020,04,0,4259,0,36,8163,49,0.6,,,
2020-04-08,2020,04,0,4259,0,36,8163,49,0.6,,,
2020-04-09,2020,04,0,4259,0,36,8163,49,0.6,,,
2020-04-10,2020,04,0,4259,0,36,8163,49,0.6,,,
2020-04-11,2020,04,0,4259,0,36,8163,49,0.6,,,
2020-04-12,2020,04,2786,2786,54,54,10949,103,0.941,,,
2020-04-13,2020,04,0,2786,0,54,10949,103,0.941,,,
2020-04-14,2020,04,0,2786,0,54,10949,103,0.941,,,
2020-04-15,2020,04,0,2786,0,54,10949,103,0.941,,,
2020-04-16,2020,04,0,2786,0,54,10949,103,0.941,,,
2020-04-17,2020,04,0,2786,0,54,10949,103,0.941,,,
2020-04-18,2020,04,0,2786,0,54,10949,103,0.941,,,
2020-04-19,2020,04,2567,2567,63,63,13516,166,1.228,,,
2020-04-20,2020,04,0,2567,0,63,13516,166,1.228,,,
2020-04-21,2020,04,0,2567,0,63,13516,166,1.228,,,
2020-04-22,2020,04,0,2567,0,63,13516,166,1.228,,,
2020-04-23,2020,04,0,2567,0,63,13516,166,1.228,,,
2020-04-24,2020,04,0,2567,0,63,13516,166,1.228,,,
2020-04-25,2020,04,0,2567,0,63,13516,166,1.228,,,
2020-04-26,2020,04,1759,1759,37,37,15275,203,1.329,,,
2020-04-27,2020,04,0,1759,0,37,15275,203,1.329,,,
2020-04-28,2020,04,0,1759,0,37,15275,203,1.329,,,
2020-04-29,2020,04,0,1759,0,37,15275,203,1.329,,,
2020-04-30,2020,04,0,1759,0,37,15275,203,1.329,,,
2020-05-01,2020,05,0,1759,0,37,15275,203,1.329,,,
2020-05-02,2020,05,0,1759,0,37,15275,203,1.329,,,
2020-05-03,2020,05,768,768,30,30,16043,233,1.452,,,
2020-05-04,2020,05,0,768,0,30,16043,233,1.452,,,
2020-05-05,2020,05,0,768,0,30,16043,233,1.452,,,
2020-05-06,2020,05,0,768,0,30,16043,233,1.452,,,
2020-05-07,2020,05,0,768,0,30,16043,233,1.452,,,
2020-05-08,2020,05,0,768,0,30,16043,233,1.452,,,
2020-05-09,2020,05,0,768,0,30,16043,233,1.452,,,
2020-05-10,2020,05,293,293,19,19,16336,252,1.543,,,
2020-05-11,2020,05,0,293,0,19,16336,252,1.543,,,
2020-05-12,2020,05,0,293,0,19,16336,252,1.543,,,
2020-05-13,2020,05,0,293,0,19,16336,252,1.543,,,
2020-05-14,2020,05,0,293,0,19,16336,252,1.543,,,
2020-05-15,2020,05,0,293,0,19,16336,252,1.543,,,
2020-05-16,2020,05,0,293,0,19,16336,252,1.543,,,
2020-05-17,2020,05,169,169,21,21,16505,273,1.654,,,
2020-05-18,2020,05,0,169,0,21,16505,273,1.654,,,
2020-05-19,2020,05,0,169,0,21,16505,273,1.654,,,
2020-05-20,2020,05,0,169,0,21,16505,273,1.654,,,
2020-05-21,2020,05,0,169,0,21,16505,273,1.654,,,
2020-05-22,2020,05,0,169,0,21,16505,273,1.654,,,
2020-05-23,2020,05,0,169,0,21,16505,273,1.654,,,
2020-05-24,2020,05,121,121,10,10,16626,283,1.702,,,
2020-05-25,2020,05,0,121,0,10,16626,283,1.702,,,
2020-05-26,2020,05,0,121,0,10,16626,283,1.702,,,
2020-05-27,2020,05,0,121,0,10,16626,283,1.702,,,
2020-05-28,2020,05,0,121,0,10,16626,283,1.702,,,
2020-05-29,2020,05,0,121,0,10,16626,283,1.702,,,
2020-05-30,2020,05,0,121,0,10,16626,283,1.702,,,
2020-05-31,2020,05,344,344,6,6,16970,289,1.703,,,
2020-06-01,2020,06,0,344,0,6,16970,289,1.703,,,
2020-06-02,2020,06,0,344,0,6,16970,289,1.703,,,
2020-06-03,2020,06,0,344,0,6,16970,289,1.703,,,
2020-06-04,2020,06,0,344,0,6,16970,289,1.703,,,
2020-06-05,2020,06,0,344,0,6,16970,289,1.703,,,
2020-06-06,2020,06,0,344,0,6,16970,289,1.703,,,
2020-06-07,2020,06,752,752,11,11,17722,300,1.693,,,
2020-06-08,2020,06,0,752,0,11,17722,300,1.693,,,
2020-06-09,2020,06,0,752,0,11,17722,300,1.693,,,
2020-06-10,2020,06,0,752,0,11,17722,300,1.693,,,
2020-06-11,2020,06,0,752,0,11,17722,300,1.693,,,
2020-06-12,2020,06,0,752,0,11,17722,300,1.693,,,
2020-06-13,2020,06,0,752,0,11,17722,300,1.693,,,
2020-06-14,2020,06,1260,1260,5,5,18982,305,1.607,,,
2020-06-15,2020,06,0,1260,0,5,18982,305,1.607,,,
2020-06-16,2020,06,0,1260,0,5,18982,305,1.607,,,
2020-06-17,2020,06,0,1260,0,5,18982,305,1.607,,,
2020-06-18,2020,06,0,1260,0,5,18982,305,1.607,,,
2020-06-19,2020,06,0,1260,0,5,18982,305,1.607,,,
2020-06-20,2020,06,0,1260,0,5,18982,305,1.607,,,
2020-06-21,2020,06,1676,1676,5,5,20658,310,1.501,,,
2020-06-22,2020,06,0,1676,0,5,20658,310,1.501,,,
2020-06-23,2020,06,0,1676,0,5,20658,310,1.501,,,
2020-06-24,2020,06,0,1676,0,5,20658,310,1.501,,,
2020-06-25,2020,06,0,1676,0,5,20658,310,1.501,,,
2020-06-26,2020,06,0,1676,0,5,20658,310,1.501,,,
2020-06-27,2020,06,0,1676,0,5,20658,310,1.501,,,
2020-06-28,2020,06,2831,2831,16,16,23489,326,1.388,,,
2020-06-29,2020,06,0,2831,0,16,23489,326,1.388,,,
2020-06-30,2020,06,0,2831,0,16,23489,326,1.388,,,
2020-07-01,2020,07,0,2831,0,16,23489,326,1.388,,,
2020-07-02,2020,07,0,2831,0,16,23489,326,1.388,,,
2020-07-03,2020,07,0,2831,0,16,23489,326,1.388,,,
2020-07-04,2020,07,0,2831,0,16,23489,326,1.388,,,
2020-07-05,2020,07,5810,5810,15,15,29299,341,1.164,,,
2020-07-06,2020,07,0,5810,0,15,29299,341,1.164,,,
2020-07-07,2020,07,0,5810,0,15,29299,341,1.164,,,
2020-07-08,2020,07,0,5810,0,15,29299,341,1.164,,,
2020-07-09,2020,07,0,5810,0,15,29299,341,1.164,,,
2020-07-10,2020,07,0,5810,0,15,29299,341,1.164,,,
2020-07-11,2020,07,0,5810,0,15,29299,341,1.164,,,
2020-07-12,2020,07,8756,8756,34,34,38055,375,0.985,,,
2020-07-13,2020,07,0,8756,0,34,38055,375,0.985,,,
2020-07-14,2020,07,0,8756,0,34,38055,375,0.985,,,
2020-07-15,2020,07,0,8756,0,34,38055,375,0.985,,,
2020-07-16,2020,07,0,8756,0,34,38055,375,0.985,,,
2020-07-17,2020,07,0,8756,0,34,38055,375,0.985,,,
2020-07-18,2020,07,0,8756,0,34,38055,375,0.985,,,
2020-07-19,2020,07,11408,11408,53,53,49463,428,0.865,,,
2020-07-20,2020,07,0,11408,0,53,49463,428,0.865,,,
2020-07-21,2020,07,0,11408,0,53,49463,428,0.865,,,
2020-07-22,2020,07,0,11408,0,53,49463,428,0.865,,,
2020-07-23,2020,07,0,11408,0,53,49463,428,0.865,,,
2020-07-24,2020,07,0,11408,0,53,49463,428,0.865,,,
2020-07-25,2020,07,0,11408,0,53,49463,428,0.865,,,
2020-07-26,2020,07,11867,11867,68,68,61330,496,0.809,,,
2020-07-27,2020,07,0,11867,0,68,61330,496,0.809,,,
2020-07-28,2020,07,0,11867,0,68,61330,496,0.809,,,
2020-07-29,2020,07,0,11867,0,68,61330,496,0.809,,,
2020-07-30,2020,07,0,11867,0,68,61330,496,0.809,,,
2020-07-31,2020,07,0,11867,0,68,61330,496,0.809,,,
2020-08-01,2020,08,0,11867,0,68,61330,496,0.809,,,
2020-08-02,2020,08,10932,10932,83,83,72262,579,0.801,,,
2020-08-03,2020,08,0,10932,0,83,72262,579,0.801,,,
2020-08-04,2020,08,0,10932,0,83,72262,579,0.801,,,
2020-08-05,2020,08,0,10932,0,83,72262,579,0.801,,,
2020-08-06,2020,08,0,10932,0,83,72262,579,0.801,,,
2020-08-07,2020,08,0,10932,0,83,72262,579,0.801,,,
2020-08-08,2020,08,0,10932,0,83,72262,579,0.801,,,
2020-08-09,2020,08,10106,10106,82,82,82368,661,0.802,,,
2020-08-10,2020,08,0,10106,0,82,82368,661,0.802,,,
2020-08-11,2020,08,0,10106,0,82,82368,661,0.802,,,
2020-08-12,2020,08,0,10106,0,82,82368,661,0.802,,,
2020-08-13,2020,08,0,10106,0,82,82368,661,0.802,,,
2020-08-14,2020,08,0,10106,0,82,82368,661,0.802,,,
2020-08-15,2020,08,0,10106,0,82,82368,661,0.802,,,
2020-08-16,2020,08,9839,9839,88,88,92207,749,0.812,,,
2020-08-17,2020,08,0,9839,0,88,92207,749,0.812,,,
2020-08-18,2020,08,0,9839,0,88,92207,749,0.812,,,
2020-08-19,2020,08,0,9839,0,88,92207,749,0.812,,,
2020-08-20,2020,08,0,9839,0,88,92207,749,0.812,,,
2020-08-21,2020,08,0,9839,0,88,92207,749,0.812,,,
2020-08-22,2020,08,0,9839,0,88,92207,749,0.812,,,
2020-08-23,2020,08,9687,9687,87,87,101894,836,0.82,,,
2020-08-24,2020,08,0,9687,0,87,101894,836,0.82,,,
2020-08-25,2020,08,0,9687,0,87,101894,836,0.82,,,
2020-08-26,2020,08,0,9687,0,87,101894,836,0.82,,,
2020-08-27,2020,08,0,9687,0,87,101894,836,0.82,,,
2020-08-28,2020,08,0,9687,0,87,101894,836,0.82,,,
2020-08-29,2020,08,0,9687,0,87,101894,836,0.82,,,
2020-08-30,2020,08,11652,11652,88,88,113546,924,0.814,,,
2020-08-31,2020,08,0,11652,0,88,113546,924,0.814,,,
2020-09-01,2020,09,0,11652,0,88,113546,924,0.814,,,
2020-09-02,2020,09,0,11652,0,88,113546,924,0.814,,,
2020-09-03,2020,09,0,11652,0,88,113546,924,0.814,,,
2020-09-04,2020,09,0,11652,0,88,113546,924,0.814,,,
2020-09-05,2020,09,0,11652,0,88,113546,924,0.814,,,
2020-09-06,2020,09,15508,15508,108,108,129054,1032,0.8,,,
2020-09-07,2020,09,0,15508,0,108,129054,1032,0.8,,,
2020-09-08,2020,09,0,15508,0,108,129054,1032,0.8,,,
2020-09-09,2020,09,0,15508,0,108,129054,1032,0.8,,,
2020-09-10,2020,09,0,15508,0,108,129054,1032,0.8,,,
2020-09-11,2020,09,0,15508,0,108,129054,1032,0.8,,,
2020-09-12,2020,09,0,15508,0,108,129054,1032,0.8,,,
2020-09-13,2020,09,23881,23881,113,113,152935,1145,0.749,,,
2020-09-14,2020,09,0,23881,0,113,152935,1145,0.749,,,
2020-09-15,2020,09,0,23881,0,113,152935,1145,0.749,,,
2020-09-16,2020,09,0,23881,0,113,152935,1145,0.749,,,
2020-09-17,2020,09,0,23881,0,113,152935,1145,0.749,,,
2020-09-18,2020,09,0,23881,0,113,152935,1145,0.749,,,
2020-09-19,2020,09,0,23881,0,113,152935,1145,0.749,,,
2020-09-20,2020,09,32590,32590,145,145,185525,1290,0.695,,,
2020-09-21,2020,09,0,32590,0,145,185525,1290,0.695,,,
2020-09-22,2020,09,0,32590,0,145,185525,1290,0.695,,,
2020-09-23,2020,09,0,32590,0,145,185525,1290,0.695,,,
2020-09-24,2020,09,0,32590,0,145,185525,1290,0.695,,,
2020-09-25,2020,09,0,32590,0,145,185525,1290,0.695,,,
2020-09-26,2020,09,0,32590,0,145,185525,1290,0.695,,,
2020-09-27,2020,09,43128,43128,190,190,228653,1480,0.647,,,
2020-09-28,2020,09,0,43128,0,190,228653,1480,0.647,,,
2020-09-29,2020,09,0,43128,0,190,228653,1480,0.647,,,
2020-09-30,2020,09,0,43128,0,190,228653,1480,0.647,,,
2020-10-01,2020,10,0,43128,0,190,228653,1480,0.647,,,
2020-10-02,2020,10,0,43128,0,190,228653,1480,0.647,,,
2020-10-03,2020,10,0,43128,0,190,228653,1480,0.647,,,
2020-10-04,2020,10,35988,35988,241,241,264641,1721,0.65,,,
2020-10-05,2020,10,0,35988,0,241,264641,1721,0.65,,,
2020-10-06,2020,10,0,35988,0,241,264641,1721,0.65,,,
2020-10-07,2020,10,0,35988,0,241,264641,1721,0.65,,,
2020-10-08,2020,10,0,35988,0,241,264641,1721,0.65,,,
2020-10-09,2020,10,0,35988,0,241,264641,1721,0.65,,,
2020-10-10,2020,10,0,35988,0,241,264641,1721,0.65,,,
2020-10-11,2020,10,25121,25121,257,257,289762,1978,0.683,,,
2020-10-12,2020,10,0,25121,0,257,289762,1978,0.683,,,
2020-10-13,2020,10,0,25121,0,257,289762,1978,0.683,,,
2020-10-14,2020,10,0,25121,0,257,289762,1978,0.683,,,
2020-10-15,2020,10,0,25121,0,257,289762,1978,0.683,,,
2020-10-16,2020,10,0,25121,0,257,289762,1978,0.683,,,
2020-10-17,2020,10,0,25121,0,257,289762,1978,0.683,,,
2020-10-18,2020,10,12757,12757,245,245,302519,2223,0.735,,,
2020-10-19,2020,10,0,12757,0,245,302519,2223,0.735,,,
2020-10-20,2020,10,0,12757,0,245,302519,2223,0.735,,,
2020-10-21,2020,10,0,12757,0,245,302519,2223,0.735,,,
2020-10-22,2020,10,0,12757,0,245,302519,2223,0.735,,,
2020-10-23,2020,10,0,12757,0,245,302519,2223,0.735,,,
2020-10-24,2020,10,0,12757,0,245,302519,2223,0.735,,,
2020-10-25,2020,10,6926,6926,190,190,309445,2413,0.78,,,
2020-10-26,2020,10,0,6926,0,190,309445,2413,0.78,,,
2020-10-27,2020,10,0,6926,0,190,309445,2413,0.78,,,
2020-10-28,2020,10,0,6926,0,190,309445,2413,0.78,,,
2020-10-29,2020,10,0,6926,0,190,309445,2413,0.78,,,
2020-10-30,2020,10,0,6926,0,190,309445,2413,0.78,,,
2020-10-31,2020,10,0,6926,0,190,309445,2413,0.78,,,
2020-11-01,2020,11,4652,4652,156,156,314097,2569,0.818,,,
2020-11-02,2020,11,0,4652,0,156,314097,2569,0.818,,,
2020-11-03,2020,11,0,4652,0,156,314097,2569,0.818,,,
2020-11-04,2020,11,0,4652,0,156,314097,2569,0.818,,,
2020-11-05,2020,11,0,4652,0,156,314097,2569,0.818,,,
2020-11-06,2020,11,0,4652,0,156,314097,2569,0.818,,,
2020-11-07,2020,11,0,4652,0,156,314097,2569,0.818,,,
2020-11-08,2020,11,4530,4530,113,113,318627,2682,0.842,,,
2020-11-09,2020,11,0,4530,0,113,318627,2682,0.842,,,
2020-11-10,2020,11,0,4530,0,113,318627,2682,0.842,,,
2020-11-11,2020,11,0,4530,0,113,318627,2682,0.842,,,
2020-11-12,2020,11,0,4530,0,113,318627,2682,0.842,,,
2020-11-13,2020,11,0,4530,0,113,318627,2682,0.842,,,
2020-11-14,2020,11,0,4530,0,113,318627,2682,0.842,,,
2020-11-15,2020,11,4585,4585,60,60,323212,2742,0.848,,,
2020-11-16,2020,11,0,4585,0,60,323212,2742,0.848,,,
2020-11-17,2020,11,0,4585,0,60,323212,2742,0.848,,,
2020-11-18,2020,11,0,4585,0,60,323212,2742,0.848,,,
2020-11-19,2020,11,0,4585,0,60,323212,2742,0.848,,,
2020-11-20,2020,11,0,4585,0,60,323212,2742,0.848,,,
2020-11-21,2020,11,0,4585,0,60,323212,2742,0.848,,,
2020-11-22,2020,11,5091,5091,68,68,328303,2810,0.856,,,
2020-11-23,2020,11,0,5091,0,68,328303,2810,0.856,,,
2020-11-24,2020,11,0,5091,0,68,328303,2810,0.856,,,
2020-11-25,2020,11,0,5091,0,68,328303,2810,0.856,,,
2020-11-26,2020,11,0,5091,0,68,328303,2810,0.856,,,
2020-11-27,2020,11,0,5091,0,68,328303,2810,0.856,,,
2020-11-28,2020,11,0,5091,0,68,328303,2810,0.856,,,
2020-11-29,2020,11,6362,6362,58,58,334665,2868,0.857,,,
2020-11-30,2020,11,0,6362,0,58,334665,2868,0.857,,,
2020-12-01,2020,12,0,6362,0,58,334665,2868,0.857,,,
2020-12-02,2020,12,0,6362,0,58,334665,2868,0.857,,,
2020-12-03,2020,12,0,6362,0,58,334665,2868,0.857,,,
2020-12-04,2020,12,0,6362,0,58,334665,2868,0.857,,,
2020-12-05,2020,12,0,6362,0,58,334665,2868,0.857,,,
2020-12-06,2020,12,9033,9033,60,60,343698,2928,0.852,,,
2020-12-07,2020,12,0,9033,0,60,343698,2928,0.852,,,
2020-12-08,2020,12,0,9033,0,60,343698,2928,0.852,,,
2020-12-09,2020,12,0,9033,0,60,343698,2928,0.852,,,
2020-12-10,2020,12,0,9033,0,60,343698,2928,0.852,,,
2020-12-11,2020,12,0,9033,0,60,343698,2928,0.852,,,
2020-12-12,2020,12,0,9033,0,60,343698,2928,0.852,,,
2020-12-13,2020,12,11998,11998,80,80,355696,3008,0.846,,,
2020-12-14,2020,12,0,11998,0,80,355696,3008,0.846,,,
2020-12-15,2020,12,0,11998,0,80,355696,3008,0.846,,,
2020-12-16,2020,12,0,11998,0,80,355696,3008,0.846,,,
2020-12-17,2020,12,0,11998,0,80,355696,3008,0.846,,,
2020-12-18,2020,12,0,11998,0,80,355696,3008,0.846,,,
2020-12-19,2020,12,0,11998,0,80,355696,3008,0.846,0.0,0.0,
2020-12-20,2020,12,17326,17326,103,103,373022,3111,0.834,0.08,0.0,
2020-12-21,2020,12,0,17326,0,103,373022,3111,0.834,0.34,0.0,
2020-12-22,2020,12,0,17326,0,103,373022,3111,0.834,0.82,0.0,
2020-12-23,2020,12,0,17326,0,103,373022,3111,0.834,1.48,0.0,
2020-12-24,2020,12,0,17326,0,103,373022,3111,0.834,2.26,0.0,
2020-12-25,2020,12,0,17326,0,103,373022,3111,0.834,2.67,0.0,
2020-12-26,2020,12,0,17326,0,103,373022,3111,0.834,3.01,0.0,
2020-12-27,2020,12,26083,26083,131,131,399105,3242,0.812,4.12,0.0,
2020-12-28,2020,12,0,26083,0,131,399105,3242,0.812,5.55,0.0,
2020-12-29,2020,12,0,26083,0,131,399105,3242,0.812,7.2,0.0,
2020-12-30,2020,12,0,26083,0,131,399105,3242,0.812,8.82,0.0,
2020-12-31,2020,12,0,26083,0,131,399105,3242,0.812,10.5,0.0,
2021-01-01,2021,01,0,26083,0,131,399105,3242,0.812,11.26,0.0,
2021-01-02,2021,01,0,26083,0,131,399105,3242,0.812,12.02,0.0,
2021-01-03,2021,01,36643,36643,191,191,435748,3433,0.788,13.6,0.0,
2021-01-04,2021,01,0,36643,0,191,435748,3433,0.788,15.21,0.0,
2021-01-05,2021,01,0,36643,0,191,435748,3433,0.788,16.54,0.0,
2021-01-06,2021,01,0,36643,0,191,435748,3433,0.788,17.63,0.0,
2021-01-07,2021,01,0,36643,0,191,435748,3433,0.788,18.86,0.0,
2021-01-08,2021,01,0,36643,0,191,435748,3433,0.788,19.56,0.0,
2021-01-09,2021,01,0,36643,0,191,435748,3433,0.788,20.04,0.0,
2021-01-10,2021,01,50749,50749,244,244,486497,3677,0.756,20.43,0.06,
2021-01-11,2021,01,0,50749,0,244,486497,3677,0.756,20.66,0.27,
2021-01-12,2021,01,0,50749,0,244,486497,3677,0.756,20.91,0.65,
2021-01-13,2021,01,0,50749,0,244,486497,3677,0.756,21.46,1.25,
2021-01-14,2021,01,0,50749,0,244,486497,3677,0.756,22.06,1.98,
2021-01-15,2021,01,0,50749,0,244,486497,3677,0.756,22.39,2.36,
2021-01-16,2021,01,0,50749,0,244,486497,3677,0.756,22.7,2.63,
2021-01-17,2021,01,58256,58256,341,341,544753,4018,0.738,23.42,3.53,
2021-01-18,2021,01,0,58256,0,341,544753,4018,0.738,24.16,4.8,
2021-01-19,2021,01,0,58256,0,341,544753,4018,0.738,24.93,6.26,
2021-01-20,2021,01,0,58256,0,341,544753,4018,0.738,25.75,7.78,
2021-01-21,2021,01,0,58256,0,341,544753,4018,0.738,26.49,9.52,
2021-01-22,2021,01,0,58256,0,341,544753,4018,0.738,26.89,10.28,
2021-01-23,2021,01,0,58256,0,341,544753,4018,0.738,27.31,10.84,
2021-01-24,2021,01,49873,49873,366,366,594626,4384,0.737,28.05,12.33,
2021-01-25,2021,01,0,49873,0,366,594626,4384,0.737,28.9,13.81,
2021-01-26,2021,01,0,49873,0,366,594626,4384,0.737,29.74,15.15,
2021-01-27,2021,01,0,49873,0,366,594626,4384,0.737,30.56,16.47,
2021-01-28,2021,01,0,49873,0,366,594626,4384,0.737,31.4,17.85,
2021-01-29,2021,01,0,49873,0,366,594626,4384,0.737,31.79,18.54,
2021-01-30,2021,01,0,49873,0,366,594626,4384,0.737,32.16,18.99,
2021-01-31,2021,01,45816,45816,381,381,640442,4765,0.744,32.93,19.62,
2021-02-01,2021,02,0,45816,0,381,640442,4765,0.744,33.8,20.0,
2021-02-02,2021,02,0,45816,0,381,640442,4765,0.744,34.55,20.32,
2021-02-03,2021,02,0,45816,0,381,640442,4765,0.744,35.19,20.87,
2021-02-04,2021,02,0,45816,0,381,640442,4765,0.744,35.95,21.48,
2021-02-05,2021,02,0,45816,0,381,640442,4765,0.744,36.31,21.79,
2021-02-06,2021,02,0,45816,0,381,640442,4765,0.744,36.54,22.02,
2021-02-07,2021,02,46171,46171,348,348,686613,5113,0.745,37.11,22.75,
2021-02-08,2021,02,0,46171,0,348,686613,5113,0.745,37.73,23.44,
2021-02-09,2021,02,0,46171,0,348,686613,5113,0.745,38.44,24.16,
2021-02-10,2021,02,0,46171,0,348,686613,5113,0.745,39.18,24.92,
2021-02-11,2021,02,0,46171,0,348,686613,5113,0.745,40.04,25.69,
2021-02-12,2021,02,0,46171,0,348,686613,5113,0.745,40.46,26.09,
2021-02-13,2021,02,0,46171,0,348,686613,5113,0.745,40.75,26.41,
2021-02-14,2021,02,35955,35955,248,248,722568,5361,0.742,41.54,27.14,
2021-02-15,2021,02,0,35955,0,248,722568,5361,0.742,42.4,27.94,
2021-02-16,2021,02,0,35955,0,248,722568,5361,0.742,43.29,28.77,
2021-02-17,2021,02,0,35955,0,248,722568,5361,0.742,43.94,29.57,
2021-02-18,2021,02,0,35955,0,248,722568,5361,0.742,44.67,30.41,
2021-02-19,2021,02,0,35955,0,248,722568,5361,0.742,45.09,30.82,
2021-02-20,2021,02,0,35955,0,248,722568,5361,0.742,45.43,31.12,
2021-02-21,2021,02,25826,25826,205,205,748394,5566,0.744,46.27,31.95,
2021-02-22,2021,02,0,25826,0,205,748394,5566,0.744,47.17,32.8,
2021-02-23,2021,02,0,25826,0,205,748394,5566,0.744,47.99,33.55,
2021-02-24,2021,02,0,25826,0,205,748394,5566,0.744,48.64,34.22,
2021-02-25,2021,02,0,25826,0,205,748394,5566,0.744,49.18,34.9,
2021-02-26,2021,02,0,25826,0,205,748394,5566,0.744,49.46,35.24,
2021-02-27,2021,02,0,25826,0,205,748394,5566,0.744,49.65,35.47,
2021-02-28,2021,02,25825,25825,177,177,774219,5743,0.742,50.08,36.06,
2021-03-01,2021,03,0,25825,0,177,774219,5743,0.742,50.56,36.71,
2021-03-02,2021,03,0,25825,0,177,774219,5743,0.742,51.0,37.4,
2021-03-03,2021,03,0,25825,0,177,774219,5743,0.742,51.44,38.1,
2021-03-04,2021,03,0,25825,0,177,774219,5743,0.742,51.86,38.94,
2021-03-05,2021,03,0,25825,0,177,774219,5743,0.742,52.05,39.37,
2021-03-06,2021,03,0,25825,0,177,774219,5743,0.742,52.16,39.64,
2021-03-07,2021,03,26152,26152,132,132,800371,5875,0.734,52.49,40.41,
2021-03-08,2021,03,0,26152,0,132,800371,5875,0.734,52.78,41.18,
2021-03-09,2021,03,0,26152,0,132,800371,5875,0.734,53.06,41.99,
2021-03-10,2021,03,0,26152,0,132,800371,5875,0.734,53.31,42.62,
2021-03-11,2021,03,0,26152,0,132,800371,5875,0.734,53.56,43.35,
2021-03-12,2021,03,0,26152,0,132,800371,5875,0.734,53.68,43.78,
2021-03-13,2021,03,0,26152,0,132,800371,5875,0.734,53.76,44.05,
2021-03-14,2021,03,17889,17889,115,115,818260,5990,0.732,53.98,44.83,
2021-03-15,2021,03,0,17889,0,115,818260,5990,0.732,54.2,45.66,
2021-03-16,2021,03,0,17889,0,115,818260,5990,0.732,54.4,46.42,
2021-03-17,2021,03,0,17889,0,115,818260,5990,0.732,54.58,47.04,
2021-03-18,2021,03,0,17889,0,115,818260,5990,0.732,54.75,47.66,
2021-03-19,2021,03,0,17889,0,115,818260,5990,0.732,54.83,47.96,
2021-03-20,2021,03,0,17889,0,115,818260,5990,0.732,54.88,48.12,
2021-03-21,2021,03,9371,9371,101,101,827631,6091,0.736,55.02,48.55,
2021-03-22,2021,03,0,9371,0,101,827631,6091,0.736,55.17,48.98,
2021-03-23,2021,03,0,9371,0,101,827631,6091,0.736,55.2,49.05,
2021-03-24,2021,03,0,9371,0,101,827631,6091,0.736,55.31,49.55,
2021-03-25,2021,03,0,9371,0,101,827631,6091,0.736,55.42,49.92,
2021-03-26,2021,03,0,9371,0,101,827631,6091,0.736,55.46,50.06,
2021-03-27,2021,03,0,9371,0,101,827631,6091,0.736,55.48,50.11,
2021-03-28,2021,03,4543,4543,77,77,832174,6168,0.741,55.51,50.16,
2021-03-29,2021,03,0,4543,0,77,832174,6168,0.741,55.58,50.47,
2021-03-30,2021,03,0,4543,0,77,832174,6168,0.741,55.66,50.71,
2021-03-31,2021,03,0,4543,0,77,832174,6168,0.741,55.75,50.92,
2021-04-01,2021,04,0,4543,0,77,832174,6168,0.741,55.84,51.12,
2021-04-02,2021,04,0,4543,0,77,832174,6168,0.741,55.87,51.2,
2021-04-03,2021,04,0,4543,0,77,832174,6168,0.741,55.88,51.23,
2021-04-04,2021,04,2360,2360,81,81,834534,6249,0.749,55.98,51.47,
2021-04-05,2021,04,0,2360,0,81,834534,6249,0.749,56.09,51.7,
2021-04-06,2021,04,0,2360,0,81,834534,6249,0.749,56.19,51.88,
2021-04-07,2021,04,0,2360,0,81,834534,6249,0.749,56.28,52.04,
2021-04-08,2021,04,0,2360,0,81,834534,6249,0.749,56.38,52.22,
2021-04-09,2021,04,0,2360,0,81,834534,6249,0.749,56.42,52.29,
2021-04-10,2021,04,0,2360,0,81,834534,6249,0.749,56.44,52.32,
2021-04-11,2021,04,1684,1684,59,59,836218,6308,0.754,56.54,52.47,
2021-04-12,2021,04,0,1684,0,59,836218,6308,0.754,56.63,52.61,
2021-04-13,2021,04,0,1684,0,59,836218,6308,0.754,56.69,52.67,
2021-04-14,2021,04,0,1684,0,59,836218,6308,0.754,56.73,52.72,
2021-04-15,2021,04,0,1684,0,59,836218,6308,0.754,56.74,52.73,
2021-04-16,2021,04,0,1684,0,59,836218,6308,0.754,56.77,52.8,
2021-04-17,2021,04,0,1684,0,59,836218,6308,0.754,56.78,52.82,
2021-04-18,2021,04,1052,1052,43,43,837270,6351,0.759,56.86,52.9,
2021-04-19,2021,04,0,1052,0,43,837270,6351,0.759,56.93,52.97,
2021-04-20,2021,04,0,1052,0,43,837270,6351,0.759,56.99,53.05,
2021-04-21,2021,04,0,1052,0,43,837270,6351,0.759,57.06,53.12,
2021-04-22,2021,04,0,1052,0,43,837270,6351,0.759,57.12,53.2,
2021-04-23,2021,04,0,1052,0,43,837270,6351,0.759,57.15,53.24,
2021-04-24,2021,04,0,1052,0,43,837270,6351,0.759,57.16,53.25,
2021-04-25,2021,04,984,984,24,24,838254,6375,0.761,57.21,53.33,
2021-04-26,2021,04,0,984,0,24,838254,6375,0.761,57.27,53.41,
2021-04-27,2021,04,0,984,0,24,838254,6375,0.761,57.32,53.48,
2021-04-28,2021,04,0,984,0,24,838254,6375,0.761,57.36,53.56,
2021-04-29,2021,04,0,984,0,24,838254,6375,0.761,57.41,53.64,
2021-04-30,2021,04,0,984,0,24,838254,6375,0.761,57.43,53.67,
2021-05-01,2021,05,0,984,0,24,838254,6375,0.761,57.44,53.68,
2021-05-02,2021,05,624,624,16,16,838878,6391,0.762,57.47,53.74,
2021-05-03,2021,05,0,624,0,16,838878,6391,0.762,57.51,53.8,
2021-05-04,2021,05,0,624,0,16,838878,6391,0.762,57.55,53.86,
2021-05-05,2021,05,0,624,0,16,838878,6391,0.762,57.58,53.9,
2021-05-06,2021,05,0,624,0,16,838878,6391,0.762,57.62,53.93,
2021-05-07,2021,05,0,624,0,16,838878,6391,0.762,57.64,53.96,
2021-05-08,2021,05,0,624,0,16,838878,6391,0.762,57.64,53.96,
2021-05-09,2021,05,404,404,13,13,839282,6404,0.763,57.67,54.01,
2021-05-10,2021,05,0,404,0,13,839282,6404,0.763,57.7,54.06,
2021-05-11,2021,05,0,404,0,13,839282,6404,0.763,57.73,54.1,
2021-05-12,2021,05,0,404,0,13,839282,6404,0.763,57.75,54.14,
2021-05-13,2021,05,0,404,0,13,839282,6404,0.763,57.77,54.18,
2021-05-14,2021,05,0,404,0,13,839282,6404,0.763,57.78,54.2,
2021-05-15,2021,05,0,404,0,13,839282,6404,0.763,57.79,54.2,
2021-05-16,2021,05,261,261,8,8,839543,6412,0.764,57.79,54.21,
2021-05-17,2021,05,0,261,0,8,839543,6412,0.764,57.79,54.22,
2021-05-18,2021,05,0,261,0,8,839543,6412,0.764,57.82,54.27,
2021-05-19,2021,05,0,261,0,8,839543,6412,0.764,57.84,54.33,
2021-05-20,2021,05,0,261,0,8,839543,6412,0.764,57.86,54.37,
2021-05-21,2021,05,0,261,0,8,839543,6412,0.764,57.88,54.38,
2021-05-22,2021,05,0,261,0,8,839543,6412,0.764,57.88,54.39,
2021-05-23,2021,05,209,209,7,7,839752,6419,0.764,57.9,54.42,
2021-05-24,2021,05,0,209,0,7,839752,6419,0.764,57.93,54.46,
2021-05-25,2021,05,0,209,0,7,839752,6419,0.764,57.94,54.48,
2021-05-26,2021,05,0,209,0,7,839752,6419,0.764,57.96,54.51,
2021-05-27,2021,05,0,209,0,7,839752,6419,0.764,57.98,54.55,
2021-05-28,2021,05,0,209,0,7,839752,6419,0.764,57.99,54.56,
2021-05-29,2021,05,0,209,0,7,839752,6419,0.764,57.99,54.56,
2021-05-30,2021,05,150,150,6,6,839902,6425,0.765,58.01,54.58,
2021-05-31,2021,05,0,150,0,6,839902,6425,0.765,58.03,54.61,
2021-06-01,2021,06,0,150,0,6,839902,6425,0.765,58.04,54.62,
2021-06-02,2021,06,0,150,0,6,839902,6425,0.765,58.06,54.64,
2021-06-03,2021,06,0,150,0,6,839902,6425,0.765,58.07,54.66,
2021-06-04,2021,06,0,150,0,6,839902,6425,0.765,58.09,54.67,
2021-06-05,2021,06,0,150,0,6,839902,6425,0.765,58.09,54.67,
2021-06-06,2021,06,115,115,4,4,840017,6429,0.765,58.13,54.68,
2021-06-07,2021,06,0,115,0,4,840017,6429,0.765,58.18,54.69,
2021-06-08,2021,06,0,115,0,4,840017,6429,0.765,58.22,54.7,
2021-06-09,2021,06,0,115,0,4,840017,6429,0.765,58.26,54.71,
2021-06-10,2021,06,0,115,0,4,840017,6429,0.765,58.29,54.73,
2021-06-11,2021,06,0,115,0,4,840017,6429,0.765,58.31,54.73,
2021-06-12,2021,06,0,115,0,4,840017,6429,0.765,58.31,54.73,
2021-06-13,2021,06,92,92,3,3,840109,6432,0.766,58.34,54.75,
2021-06-14,2021,06,0,92,0,3,840109,6432,0.766,58.38,54.76,
2021-06-15,2021,06,0,92,0,3,840109,6432,0.766,58.41,54.78,
2021-06-16,2021,06,0,92,0,3,840109,6432,0.766,58.44,54.79,
2021-06-17,2021,06,0,92,0,3,840109,6432,0.766,58.47,54.8,
2021-06-18,2021,06,0,92,0,3,840109,6432,0.766,58.48,54.81,
2021-06-19,2021,06,0,92,0,3,840109,6432,0.766,58.48,54.81,
2021-06-20,2021,06,184,184,3,3,840293,6435,0.766,58.52,54.82,
2021-06-21,2021,06,0,184,0,3,840293,6435,0.766,58.57,54.84,
2021-06-22,2021,06,0,184,0,3,840293,6435,0.766,58.65,54.85,
2021-06-23,2021,06,0,184,0,3,840293,6435,0.766,58.76,54.86,
2021-06-24,2021,06,0,184,0,3,840293,6435,0.766,58.89,54.88,
2021-06-25,2021,06,0,184,0,3,840293,6435,0.766,58.96,54.89,
2021-06-26,2021,06,0,184,0,3,840293,6435,0.766,58.99,54.89,
2021-06-27,2021,06,1095,1095,1,1,841388,6436,0.765,59.13,54.93,
2021-06-28,2021,06,0,1095,0,1,841388,6436,0.765,59.29,54.96,
2021-06-29,2021,06,0,1095,0,1,841388,6436,0.765,59.46,55.0,
2021-06-30,2021,06,0,1095,0,1,841388,6436,0.765,59.64,55.04,
2021-07-01,2021,07,0,1095,0,1,841388,6436,0.765,59.82,55.08,0.0
2021-07-02,2021,07,0,1095,0,1,841388,6436,0.765,59.92,55.09,0.0
2021-07-03,2021,07,0,1095,0,1,841388,6436,0.765,59.95,55.1,0.0
2021-07-04,2021,07,2005,2005,0,0,843393,6436,0.763,60.14,55.13,0.0
2021-07-05,2021,07,0,2005,0,0,843393,6436,0.763,60.32,55.16,0.0
2021-07-06,2021,07,0,2005,0,0,843393,6436,0.763,60.51,55.2,0.0
2021-07-07,2021,07,0,2005,0,0,843393,6436,0.763,60.68,55.23,0.0
2021-07-08,2021,07,0,2005,0,0,843393,6436,0.763,60.85,55.26,0.0
2021-07-09,2021,07,0,2005,0,0,843393,6436,0.763,60.97,55.27,0.0
2021-07-10,2021,07,0,2005,0,0,843393,6436,0.763,61.02,55.28,0.0
2021-07-11,2021,07,3244,3244,5,5,846637,6441,0.761,61.04,55.31,0.0
2021-07-12,2021,07,0,3244,0,5,846637,6441,0.761,61.07,55.35,0.0
2021-07-13,2021,07,0,3244,0,5,846637,6441,0.761,61.1,55.4,0.0
2021-07-14,2021,07,0,3244,0,5,846637,6441,0.761,61.13,55.48,0.01
2021-07-15,2021,07,0,3244,0,5,846637,6441,0.761,61.16,55.58,0.01
2021-07-16,2021,07,0,3244,0,5,846637,6441,0.761,61.17,55.65,0.01
2021-07-17,2021,07,0,3244,0,5,846637,6441,0.761,61.18,55.66,0.01
2021-07-18,2021,07,5222,5222,12,12,851859,6453,0.758,61.2,55.76,0.02
2021-07-19,2021,07,0,5222,0,12,851859,6453,0.758,61.23,55.88,0.02
2021-07-20,2021,07,0,5222,0,12,851859,6453,0.758,61.26,56.01,0.02
2021-07-21,2021,07,0,5222,0,12,851859,6453,0.758,61.29,56.14,0.03
2021-07-22,2021,07,0,5222,0,12,851859,6453,0.758,61.32,56.28,0.03
2021-07-23,2021,07,0,5222,0,12,851859,6453,0.758,61.34,56.36,0.03
2021-07-24,2021,07,0,5222,0,12,851859,6453,0.758,61.34,56.38,0.03
2021-07-25,2021,07,8764,8764,14,14,860623,6467,0.751,61.39,56.54,0.04
2021-07-26,2021,07,0,8764,0,14,860623,6467,0.751,61.45,56.69,0.04
2021-07-27,2021,07,0,8764,0,14,860623,6467,0.751,61.5,56.83,0.04
2021-07-28,2021,07,0,8764,0,14,860623,6467,0.751,61.55,56.96,0.05
2021-07-29,2021,07,0,8764,0,14,860623,6467,0.751,61.6,57.11,0.05
2021-07-30,2021,07,0,8764,0,14,860623,6467,0.751,61.62,57.23,0.1
2021-07-31,2021,07,0,8764,0,14,860623,6467,0.751,61.64,57.26,0.16
2021-08-01,2021,08,14859,14859,26,26,875482,6493,0.742,61.67,57.3,0.49
2021-08-02,2021,08,0,14859,0,26,875482,6493,0.742,61.7,57.33,1.11
2021-08-03,2021,08,0,14859,0,26,875482,6493,0.742,61.74,57.37,1.95
2021-08-04,2021,08,0,14859,0,26,875482,6493,0.742,61.78,57.4,2.8
2021-08-05,2021,08,0,14859,0,26,875482,6493,0.742,61.83,57.44,3.74
2021-08-06,2021,08,0,14859,0,26,875482,6493,0.742,61.85,57.46,4.21
2021-08-07,2021,08,0,14859,0,26,875482,6493,0.742,61.86,57.47,4.5
2021-08-08,2021,08,23515,23515,75,75,898997,6568,0.731,61.91,57.5,5.35
2021-08-09,2021,08,0,23515,0,75,898997,6568,0.731,61.97,57.53,6.16
2021-08-10,2021,08,0,23515,0,75,898997,6568,0.731,62.03,57.57,6.96
2021-08-11,2021,08,0,23515,0,75,898997,6568,0.731,62.09,57.6,7.62
2021-08-12,2021,08,0,23515,0,75,898997,6568,0.731,62.16,57.63,8.25
2021-08-13,2021,08,0,23515,0,75,898997,6568,0.731,62.21,57.65,8.71
2021-08-14,2021,08,0,23515,0,75,898997,6568,0.731,62.23,57.66,9.18
2021-08-15,2021,08,38065,38065,124,124,937062,6692,0.714,62.3,57.71,10.22
2021-08-16,2021,08,0,38065,0,124,937062,6692,0.714,62.38,57.76,11.17
2021-08-17,2021,08,0,38065,0,124,937062,6692,0.714,62.46,57.82,12.05
2021-08-18,2021,08,0,38065,0,124,937062,6692,0.714,62.55,57.86,12.78
2021-08-19,2021,08,0,38065,0,124,937062,6692,0.714,62.66,57.92,13.48
2021-08-20,2021,08,0,38065,0,124,937062,6692,0.714,62.71,57.95,14.12
2021-08-21,2021,08,0,38065,0,124,937062,6692,0.714,62.74,57.97,14.66
2021-08-22,2021,08,51170,51170,163,163,988232,6855,0.694,62.85,58.02,15.77
2021-08-23,2021,08,0,51170,0,163,988232,6855,0.694,62.96,58.06,16.76
2021-08-24,2021,08,0,51170,0,163,988232,6855,0.694,63.09,58.11,17.81
2021-08-25,2021,08,0,51170,0,163,988232,6855,0.694,63.19,58.16,18.86
2021-08-26,2021,08,0,51170,0,163,988232,6855,0.694,63.3,58.22,19.93
2021-08-27,2021,08,0,51170,0,163,988232,6855,0.694,63.34,58.24,20.53
2021-08-28,2021,08,0,51170,0,163,988232,6855,0.694,63.38,58.26,20.89
2021-08-29,2021,08,61130,61130,193,193,1049362,7048,0.672,63.49,58.32,21.73
2021-08-30,2021,08,0,61130,0,193,1049362,7048,0.672,63.62,58.4,22.96
2021-08-31,2021,08,0,61130,0,193,1049362,7048,0.672,63.75,58.47,24.17
2021-09-01,2021,09,0,61130,0,193,1049362,7048,0.672,63.85,58.53,25.36
2021-09-02,2021,09,0,61130,0,193,1049362,7048,0.672,63.94,58.61,26.54
2021-09-03,2021,09,0,61130,0,193,1049362,7048,0.672,63.98,58.65,27.17
2021-09-04,2021,09,0,61130,0,193,1049362,7048,0.672,64.01,58.67,27.48
2021-09-05,2021,09,66012,66012,208,208,1115374,7256,0.651,64.08,58.74,28.26
2021-09-06,2021,09,0,66012,0,208,1115374,7256,0.651,64.11,58.77,28.5
2021-09-07,2021,09,0,66012,0,208,1115374,7256,0.651,64.12,58.78,28.56
2021-09-08,2021,09,0,66012,0,208,1115374,7256,0.651,64.14,58.79,28.63
2021-09-09,2021,09,0,66012,0,208,1115374,7256,0.651,64.21,58.92,29.41
2021-09-10,2021,09,0,66012,0,208,1115374,7256,0.651,64.25,58.98,29.81
2021-09-11,2021,09,0,66012,0,208,1115374,7256,0.651,64.27,59.0,29.97
2021-09-12,2021,09,55065,55065,171,171,1170439,7427,0.635,64.33,59.09,30.54
2021-09-13,2021,09,0,55065,0,171,1170439,7427,0.635,64.39,59.18,31.05
2021-09-14,2021,09,0,55065,0,171,1170439,7427,0.635,64.45,59.26,31.57
2021-09-15,2021,09,0,55065,0,171,1170439,7427,0.635,64.46,59.29,31.74
2021-09-16,2021,09,0,55065,0,171,1170439,7427,0.635,64.47,59.3,31.76
2021-09-17,2021,09,0,55065,0,171,1170439,7427,0.635,64.51,59.37,32.22
2021-09-18,2021,09,0,55065,0,171,1170439,7427,0.635,64.53,59.4,32.35
2021-09-19,2021,09,54413,54413,146,146,1224852,7573,0.618,64.59,59.51,32.82
2021-09-20,2021,09,0,54413,0,146,1224852,7573,0.618,64.63,59.56,33.0
2021-09-21,2021,09,0,54413,0,146,1224852,7573,0.618,64.64,59.59,33.03
2021-09-22,2021,09,0,54413,0,146,1224852,7573,0.618,64.69,59.66,33.3
2021-09-23,2021,09,0,54413,0,146,1224852,7573,0.618,64.73,59.72,33.59
2021-09-24,2021,09,0,54413,0,146,1224852,7573,0.618,64.77,59.77,33.89
2021-09-25,2021,09,0,54413,0,146,1224852,7573,0.618,64.79,59.79,34.0
2021-09-26,2021,09,40329,40329,143,143,1265181,7716,0.61,64.85,59.86,34.38
2021-09-27,2021,09,0,40329,0,143,1265181,7716,0.61,64.9,59.9,34.7
2021-09-28,2021,09,0,40329,0,143,1265181,7716,0.61,64.91,59.92,34.77
2021-09-29,2021,09,0,40329,0,143,1265181,7716,0.61,65.02,60.0,35.41
2021-09-30,2021,09,0,40329,0,143,1265181,7716,0.61,65.13,60.1,36.25
2021-10-01,2021,10,0,40329,0,143,1265181,7716,0.61,65.19,60.14,36.74
2021-10-02,2021,10,0,40329,0,143,1265181,7716,0.61,65.22,60.16,36.98
2021-10-03,2021,10,24955,24955,129,129,1290136,7845,0.608,65.34,60.24,37.73
2021-10-04,2021,10,0,24955,0,129,1290136,7845,0.608,65.45,60.31,38.28
2021-10-05,2021,10,0,24955,0,129,1290136,7845,0.608,65.54,60.36,38.71
2021-10-06,2021,10,0,24955,0,129,1290136,7845,0.608,65.62,60.41,39.07
2021-10-07,2021,10,0,24955,0,129,1290136,7845,0.608,65.69,60.45,39.43
2021-10-08,2021,10,0,24955,0,129,1290136,7845,0.608,65.72,60.48,39.63
2021-10-09,2021,10,0,24955,0,129,1290136,7845,0.608,65.74,60.49,39.71
2021-10-10,2021,10,16145,16145,101,101,1306281,7946,0.608,65.79,60.53,39.94
2021-10-11,2021,10,0,16145,0,101,1306281,7946,0.608,65.83,60.56,40.12
2021-10-12,2021,10,0,16145,0,101,1306281,7946,0.608,65.88,60.6,40.29
2021-10-13,2021,10,0,16145,0,101,1306281,7946,0.608,65.91,60.62,40.43
2021-10-14,2021,10,0,16145,0,101,1306281,7946,0.608,65.95,60.65,40.61
2021-10-15,2021,10,0,16145,0,101,1306281,7946,0.608,65.97,60.67,40.7
2021-10-16,2021,10,0,16145,0,101,1306281,7946,0.608,65.98,60.68,40.74
2021-10-17,2021,10,11082,11082,82,82,1317363,8028,0.609,66.01,60.71,40.88
2021-10-18,2021,10,0,11082,0,82,1317363,8028,0.609,66.04,60.72,40.99
2021-10-19,2021,10,0,11082,0,82,1317363,8028,0.609,66.06,60.74,41.08
2021-10-20,2021,10,0,11082,0,82,1317363,8028,0.609,66.09,60.76,41.19
2021-10-21,2021,10,0,11082,0,82,1317363,8028,0.609,66.12,60.79,41.32
2021-10-22,2021,10,0,11082,0,82,1317363,8028,0.609,66.14,60.81,41.38
2021-10-23,2021,10,0,11082,0,82,1317363,8028,0.609,66.14,60.82,41.41
2021-10-24,2021,10,7222,7222,45,45,1324585,8073,0.609,66.17,60.85,41.51
2021-10-25,2021,10,0,7222,0,45,1324585,8073,0.609,66.2,60.88,41.6
2021-10-26,2021,10,0,7222,0,45,1324585,8073,0.609,66.22,60.9,41.69
2021-10-27,2021,10,0,7222,0,45,1324585,8073,0.609,66.25,60.93,41.78
2021-10-28,2021,10,0,7222,0,45,1324585,8073,0.609,66.27,60.96,41.87
2021-10-29,2021,10,0,7222,0,45,1324585,8073,0.609,66.28,60.97,41.91
2021-10-30,2021,10,0,7222,0,45,1324585,8073,0.609,66.29,60.98,41.93
2021-10-31,2021,10,4653,4653,47,47,1329238,8120,0.611,66.31,61.0,42.02
2021-11-01,2021,11,0,4653,0,47,1329238,8120,0.611,66.33,61.02,42.09
2021-11-02,2021,11,0,4653,0,47,1329238,8120,0.611,66.35,61.05,42.15
2021-11-03,2021,11,0,4653,0,47,1329238,8120,0.611,66.37,61.07,42.21
2021-11-04,2021,11,0,4653,0,47,1329238,8120,0.611,66.39,61.1,42.29
2021-11-05,2021,11,0,4653,0,47,1329238,8120,0.611,66.4,61.11,42.32
2021-11-06,2021,11,0,4653,0,47,1329238,8120,0.611,66.4,61.11,42.34
2021-11-07,2021,11,3775,3775,22,22,1333013,8142,0.611,66.42,61.13,42.4
2021-11-08,2021,11,0,3775,0,22,1333013,8142,0.611,66.44,61.15,42.46
2021-11-09,2021,11,0,3775,0,22,1333013,8142,0.611,66.45,61.16,42.52
2021-11-10,2021,11,0,3775,0,22,1333013,8142,0.611,66.47,61.18,42.57
2021-11-11,2021,11,0,3775,0,22,1333013,8142,0.611,66.48,61.2,42.63
2021-11-12,2021,11,0,3775,0,22,1333013,8142,0.611,66.49,61.21,42.66
2021-11-13,2021,11,0,3775,0,22,1333013,8142,0.611,66.49,61.21,42.67
2021-11-14,2021,11,3104,3104,25,25,1336117,8167,0.611,66.51,61.23,42.73
2021-11-15,2021,11,0,3104,0,25,1336117,8167,0.611,66.52,61.25,42.78
2021-11-16,2021,11,0,3104,0,25,1336117,8167,0.611,66.54,61.26,42.82
2021-11-17,2021,11,0,3104,0,25,1336117,8167,0.611,66.55,61.28,42.86
2021-11-18,2021,11,0,3104,0,25,1336117,8167,0.611,66.56,61.3,42.92
2021-11-19,2021,11,0,3104,0,25,1336117,8167,0.611,66.57,61.3,42.94
2021-11-20,2021,11,0,3104,0,25,1336117,8167,0.611,66.57,61.31,42.95
2021-11-21,2021,11,3191,3191,22,22,1339308,8189,0.611,66.59,61.32,43.0
2021-11-22,2021,11,0,3191,0,22,1339308,8189,0.611,66.6,61.34,43.05
2021-11-23,2021,11,0,3191,0,22,1339308,8189,0.611,66.7,61.36,43.09
2021-11-24,2021,11,0,3191,0,22,1339308,8189,0.611,66.79,61.37,43.13
2021-11-25,2021,11,0,3191,0,22,1339308,8189,0.611,66.9,61.39,43.18
2021-11-26,2021,11,0,3191,0,22,1339308,8189,0.611,66.96,61.4,43.21
2021-11-27,2021,11,0,3191,0,22,1339308,8189,0.611,67.01,61.4,43.23
2021-11-28,2021,11,3564,3564,12,12,1342872,8201,0.611,67.12,61.42,43.28
2021-11-29,2021,11,0,3564,0,12,1342872,8201,0.611,67.21,61.43,43.33
2021-11-30,2021,11,0,3564,0,12,1342872,8201,0.611,67.32,61.44,43.37
2021-12-01,2021,12,0,3564,0,12,1342872,8201,0.611,67.41,61.45,43.42
2021-12-02,2021,12,0,3564,0,12,1342872,8201,0.611,67.51,61.47,43.47
2021-12-03,2021,12,0,3564,0,12,1342872,8201,0.611,67.57,61.47,43.5
2021-12-04,2021,12,0,3564,0,12,1342872,8201,0.611,67.6,61.48,43.51
2021-12-05,2021,12,3636,3636,15,15,1346508,8216,0.61,67.69,61.49,43.56
2021-12-06,2021,12,0,3636,0,15,1346508,8216,0.61,67.76,61.5,43.61
2021-12-07,2021,12,0,3636,0,15,1346508,8216,0.61,67.82,61.52,43.65
2021-12-08,2021,12,0,3636,0,15,1346508,8216,0.61,67.87,61.53,43.69
2021-12-09,2021,12,0,3636,0,15,1346508,8216,0.61,67.94,61.54,43.74
2021-12-10,2021,12,0,3636,0,15,1346508,8216,0.61,67.97,61.55,43.77
2021-12-11,2021,12,0,3636,0,15,1346508,8216,0.61,67.98,61.55,43.78
2021-12-12,2021,12,4294,4294,16,16,1350802,8232,0.609,68.06,61.57,43.83
2021-12-13,2021,12,0,4294,0,16,1350802,8232,0.609,68.13,61.58,43.88
2021-12-14,2021,12,0,4294,0,16,1350802,8232,0.609,68.2,61.65,43.93
2021-12-15,2021,12,0,4294,0,16,1350802,8232,0.609,68.28,61.73,43.99
2021-12-16,2021,12,0,4294,0,16,1350802,8232,0.609,68.36,61.82,44.06
2021-12-17,2021,12,0,4294,0,16,1350802,8232,0.609,68.41,61.87,44.1
2021-12-18,2021,12,0,4294,0,16,1350802,8232,0.609,68.45,61.9,44.11
2021-12-19,2021,12,4887,4887,13,13,1355689,8245,0.608,68.53,62.0,44.18
2021-12-20,2021,12,0,4887,0,13,1355689,8245,0.608,68.61,62.08,44.24
2021-12-21,2021,12,0,4887,0,13,1355689,8245,0.608,68.71,62.17,44.31
2021-12-22,2021,12,0,4887,0,13,1355689,8245,0.608,68.81,62.26,44.37
2021-12-23,2021,12,0,4887,0,13,1355689,8245,0.608,68.94,62.37,44.46
2021-12-24,2021,12,0,4887,0,13,1355689,8245,0.608,69.0,62.43,44.52
2021-12-25,2021,12,0,4887,0,13,1355689,8245,0.608,69.03,62.46,44.54
2021-12-26,2021,12,9079,9079,6,6,1364768,8251,0.605,69.15,62.55,44.62
2021-12-27,2021,12,0,9079,0,6,1364768,8251,0.605,69.26,62.63,44.71
2021-12-28,2021,12,0,9079,0,6,1364768,8251,0.605,69.38,62.71,44.81
2021-12-29,2021,12,0,9079,0,6,1364768,8251,0.605,69.48,62.77,44.9
2021-12-30,2021,12,0,9079,0,6,1364768,8251,0.605,69.6,62.85,45.03
2021-12-31,2021,12,0,9079,0,6,1364768,8251,0.605,69.65,62.89,45.11
2022-01-01,2022,01,0,9079,0,6,1364768,8251,0.605,69.67,62.91,45.14
2022-01-02,2022,01,26891,26891,11,11,1391659,8262,0.594,69.78,62.98,45.28
2022-01-03,2022,01,0,26891,0,11,1391659,8262,0.594,69.88,63.03,45.67
2022-01-04,2022,01,0,26891,0,11,1391659,8262,0.594,69.97,63.1,46.32
2022-01-05,2022,01,0,26891,0,11,1391659,8262,0.594,70.06,63.16,47.06
2022-01-06,2022,01,0,26891,0,11,1391659,8262,0.594,70.17,63.24,47.88
2022-01-07,2022,01,0,26891,0,11,1391659,8262,0.594,70.22,63.29,48.3
2022-01-08,2022,01,0,26891,0,11,1391659,8262,0.594,70.25,63.32,48.65
2022-01-09,2022,01,112884,112884,24,24,1504543,8286,0.551,70.35,63.4,49.48
2022-01-10,2022,01,0,112884,0,24,1504543,8286,0.551,70.44,63.48,50.29
2022-01-11,2022,01,0,112884,0,24,1504543,8286,0.551,70.52,63.57,51.02
2022-01-12,2022,01,0,112884,0,24,1504543,8286,0.551,70.6,63.66,51.61
2022-01-13,2022,01,0,112884,0,24,1504543,8286,0.551,70.68,63.76,52.1
2022-01-14,2022,01,0,112884,0,24,1504543,8286,0.551,70.71,63.81,52.28
2022-01-15,2022,01,0,112884,0,24,1504543,8286,0.551,70.72,63.85,52.38
2022-01-16,2022,01,308975,308975,74,74,1813518,8360,0.461,70.76,63.94,52.67
2022-01-17,2022,01,0,308975,0,74,1813518,8360,0.461,70.79,64.01,52.93
2022-01-18,2022,01,0,308975,0,74,1813518,8360,0.461,70.82,64.09,53.14
2022-01-19,2022,01,0,308975,0,74,1813518,8360,0.461,70.84,64.16,53.28
2022-01-20,2022,01,0,308975,0,74,1813518,8360,0.461,70.86,64.23,53.42
2022-01-21,2022,01,0,308975,0,74,1813518,8360,0.461,70.87,64.27,53.48
2022-01-22,2022,01,0,308975,0,74,1813518,8360,0.461,70.87,64.28,53.5
2022-01-23,2022,01,494733,494733,193,193,2308251,8553,0.371,70.88,64.34,53.6
2022-01-24,2022,01,0,494733,0,193,2308251,8553,0.371,70.89,64.39,53.68
2022-01-25,2022,01,0,494733,0,193,2308251,8553,0.371,70.9,64.44,53.77
2022-01-26,2022,01,0,494733,0,193,2308251,8553,0.371,70.91,64.47,53.84
2022-01-27,2022,01,0,494733,0,193,2308251,8553,0.371,70.91,64.52,53.92
2022-01-28,2022,01,0,494733,0,193,2308251,8553,0.371,70.92,64.54,53.96
2022-01-29,2022,01,0,494733,0,193,2308251,8553,0.371,70.92,64.56,53.98
2022-01-30,2022,01,474410,474410,336,336,2782661,8889,0.319,70.93,64.61,54.09
2022-01-31,2022,01,0,474410,0,336,2782661,8889,0.319,70.93,64.64,54.17
2022-02-01,2022,02,0,474410,0,336,2782661,8889,0.319,70.94,64.67,54.25
2022-02-02,2022,02,0,474410,0,336,2782661,8889,0.319,70.94,64.69,54.32
2022-02-03,2022,02,0,474410,0,336,2782661,8889,0.319,70.95,64.72,54.39
2022-02-04,2022,02,0,474410,0,336,2782661,8889,0.319,70.95,64.73,54.43
2022-02-05,2022,02,0,474410,0,336,2782661,8889,0.319,70.95,64.74,54.43
2022-02-06,2022,02,382736,382736,434,434,3165397,9323,0.295,70.95,64.76,54.51
2022-02-07,2022,02,0,382736,0,434,3165397,9323,0.295,70.96,64.78,54.58
2022-02-08,2022,02,0,382736,0,434,3165397,9323,0.295,70.96,64.79,54.66
2022-02-09,2022,02,0,382736,0,434,3165397,9323,0.295,70.96,64.8,54.72
2022-02-10,2022,02,0,382736,0,434,3165397,9323,0.295,70.97,64.82,54.78
2022-02-11,2022,02,0,382736,0,434,3165397,9323,0.295,70.97,64.82,54.81
2022-02-12,2022,02,0,382736,0,434,3165397,9323,0.295,70.97,64.82,54.81
2022-02-13,2022,02,241078,241078,439,439,3406475,9762,0.287,70.97,64.83,54.88
2022-02-14,2022,02,0,241078,0,439,3406475,9762,0.287,70.97,64.84,54.92
2022-02-15,2022,02,0,241078,0,439,3406475,9762,0.287,70.98,64.85,54.97
2022-02-16,2022,02,0,241078,0,439,3406475,9762,0.287,70.98,64.86,55.0
2022-02-17,2022,02,0,241078,0,439,3406475,9762,0.287,70.98,64.86,55.05
2022-02-18,2022,02,0,241078,0,439,3406475,9762,0.287,70.98,64.87,55.06
2022-02-19,2022,02,0,241078,0,439,3406475,9762,0.287,70.98,64.87,55.06
2022-02-20,2022,02,135580,135580,262,262,3542055,10024,0.283,70.98,64.87,55.1
2022-02-21,2022,02,0,135580,0,262,3542055,10024,0.283,70.99,64.88,55.12
2022-02-22,2022,02,0,135580,0,262,3542055,10024,0.283,70.99,64.88,55.15
2022-02-23,2022,02,0,135580,0,262,3542055,10024,0.283,70.99,64.89,55.16
2022-02-24,2022,02,0,135580,0,262,3542055,10024,0.283,70.99,64.89,55.18
2022-02-25,2022,02,0,135580,0,262,3542055,10024,0.283,70.99,64.89,55.19
2022-02-26,2022,02,0,135580,0,262,3542055,10024,0.283,70.99,64.89,55.19
2022-02-27,2022,02,77870,77870,192,192,3619925,10216,0.282,70.99,64.9,55.21
2022-02-28,2022,02,0,77870,0,192,3619925,10216,0.282,70.99,64.9,55.22
2022-03-01,2022,03,0,77870,0,192,3619925,10216,0.282,71.0,64.9,55.24
2022-03-02,2022,03,0,77870,0,192,3619925,10216,0.282,71.0,64.91,55.25
2022-03-03,2022,03,0,77870,0,192,3619925,10216,0.282,71.0,64.91,55.26
2022-03-04,2022,03,0,77870,0,192,3619925,10216,0.282,71.0,64.91,55.27
2022-03-05,2022,03,0,77870,0,192,3619925,10216,0.282,71.0,64.91,55.27
2022-03-06,2022,03,53061,53061,134,134,3672986,10350,0.282,71.0,64.91,55.28
2022-03-07,2022,03,0,53061,0,134,3672986,10350,0.282,71.0,64.92,55.29
2022-03-08,2022,03,0,53061,0,134,3672986,10350,0.282,71.0,64.92,55.3
2022-03-09,2022,03,0,53061,0,134,3672986,10350,0.282,71.0,64.92,55.31
2022-03-10,2022,03,0,53061,0,134,3672986,10350,0.282,71.0,64.93,55.32
2022-03-11,2022,03,0,53061,0,134,3672986,10350,0.282,71.0,64.93,55.32
2022-03-12,2022,03,0,53061,0,134,3672986,10350,0.282,71.0,64.93,55.32
2022-03-13,2022,03,43758,43758,71,71,3716744,10421,0.28,71.0,64.93,55.33
2022-03-14,2022,03,0,43758,0,71,3716744,10421,0.28,71.01,64.93,55.34
2022-03-15,2022,03,0,43758,0,71,3716744,10421,0.28,71.01,64.93,55.35
2022-03-16,2022,03,0,43758,0,71,3716744,10421,0.28,71.01,64.94,55.36
2022-03-17,2022,03,0,43758,0,71,3716744,10421,0.28,71.01,64.94,55.37
2022-03-18,2022,03,0,43758,0,71,3716744,10421,0.28,71.01,64.94,55.38
2022-03-19,2022,03,0,43758,0,71,3716744,10421,0.28,71.01,64.94,55.38
2022-03-20,2022,03,47811,47811,58,58,3764555,10479,0.278,71.01,64.94,55.4
2022-03-21,2022,03,0,47811,0,58,3764555,10479,0.278,71.01,64.94,55.41
2022-03-22,2022,03,0,47811,0,58,3764555,10479,0.278,71.01,64.95,55.44
2022-03-23,2022,03,0,47811,0,58,3764555,10479,0.278,71.01,64.95,55.46
2022-03-24,2022,03,0,47811,0,58,3764555,10479,0.278,71.02,64.95,55.49
2022-03-25,2022,03,0,47811,0,58,3764555,10479,0.278,71.02,64.95,55.5
2022-03-26,2022,03,0,47811,0,58,3764555,10479,0.278,71.02,64.95,55.5
2022-03-27,2022,03,88966,88966,50,50,3853521,10529,0.273,71.02,64.96,55.54
2022-03-28,2022,03,0,88966,0,50,3853521,10529,0.273,71.02,64.96,55.58
2022-03-29,2022,03,0,88966,0,50,3853521,10529,0.273,71.02,64.96,55.61
2022-03-30,2022,03,0,88966,0,50,3853521,10529,0.273,71.02,64.97,55.64
2022-03-31,2022,03,0,88966,0,50,3853521,10529,0.273,71.02,64.97,55.68
2022-04-01,2022,04,0,88966,0,50,3853521,10529,0.273,71.02,64.97,55.69
2022-04-02,2022,04,0,88966,0,50,3853521,10529,0.273,71.02,64.97,55.69
2022-04-03,2022,04,86177,86177,63,63,3939698,10592,0.269,71.03,64.97,55.72
2022-04-04,2022,04,0,86177,0,63,3939698,10592,0.269,71.03,64.98,55.75
2022-04-05,2022,04,0,86177,0,63,3939698,10592,0.269,71.03,64.98,55.78
2022-04-06,2022,04,0,86177,0,63,3939698,10592,0.269,71.03,64.98,55.81
2022-04-07,2022,04,0,86177,0,63,3939698,10592,0.269,71.03,64.98,55.84
2022-04-08,2022,04,0,86177,0,63,3939698,10592,0.269,71.03,64.98,55.85
2022-04-09,2022,04,0,86177,0,63,3939698,10592,0.269,71.03,64.98,55.85
2022-04-10,2022,04,57296,57296,60,60,3996994,10652,0.267,71.03,64.99,55.87
2022-04-11,2022,04,0,57296,0,60,3996994,10652,0.267,71.03,64.99,55.89
2022-04-12,2022,04,0,57296,0,60,3996994,10652,0.267,71.04,64.99,55.91
2022-04-13,2022,04,0,57296,0,60,3996994,10652,0.267,71.04,64.99,55.93
2022-04-14,2022,04,0,57296,0,60,3996994,10652,0.267,71.04,64.99,55.94
2022-04-15,2022,04,0,57296,0,60,3996994,10652,0.267,71.04,64.99,55.94
2022-04-16,2022,04,0,57296,0,60,3996994,10652,0.267,71.04,64.99,55.94
2022-04-17,2022,04,34453,34453,48,48,4031447,10700,0.265,71.04,65.0,55.95
2022-04-18,2022,04,0,34453,0,48,4031447,10700,0.265,71.04,65.0,55.96
2022-04-19,2022,04,0,34453,0,48,4031447,10700,0.265,71.04,65.0,55.98
2022-04-20,2022,04,0,34453,0,48,4031447,10700,0.265,71.04,65.0,55.98
2022-04-21,2022,04,0,34453,0,48,4031447,10700,0.265,71.04,65.0,55.99
2022-04-22,2022,04,0,34453,0,48,4031447,10700,0.265,71.04,65.0,55.99
2022-04-23,2022,04,0,34453,0,48,4031447,10700,0.265,71.04,65.0,55.99
2022-04-24,2022,04,25894,25894,46,46,4057341,10746,0.265,71.04,65.0,56.01
2022-04-25,2022,04,0,25894,0,46,4057341,10746,0.265,71.04,65.01,56.02
2022-04-26,2022,04,0,25894,0,46,4057341,10746,0.265,71.04,65.01,56.03
2022-04-27,2022,04,0,25894,0,46,4057341,10746,0.265,71.05,65.01,56.04
2022-04-28,2022,04,0,25894,0,46,4057341,10746,0.265,71.05,65.01,56.05
2022-04-29,2022,04,0,25894,0,46,4057341,10746,0.265,71.05,65.01,56.05
2022-04-30,2022,04,0,25894,0,46,4057341,10746,0.265,71.05,65.01,56.05
2022-05-01,2022,05,21226,21226,36,36,4078567,10782,0.264,71.05,65.02,56.06
2022-05-02,2022,05,0,21226,0,36,4078567,10782,0.264,71.05,65.02,56.07
2022-05-03,2022,05,0,21226,0,36,4078567,10782,0.264,71.05,65.02,56.08
2022-05-04,2022,05,0,21226,0,36,4078567,10782,0.264,71.05,65.02,56.08
2022-05-05,2022,05,0,21226,0,36,4078567,10782,0.264,71.05,65.02,56.08
2022-05-06,2022,05,0,21226,0,36,4078567,10782,0.264,71.05,65.02,56.09
2022-05-07,2022,05,0,21226,0,36,4078567,10782,0.264,71.05,65.02,56.09
2022-05-08,2022,05,14419,14419,30,30,4092986,10812,0.264,71.05,65.02,56.09
2022-05-09,2022,05,0,14419,0,30,4092986,10812,0.264,71.05,65.02,56.1
2022-05-10,2022,05,0,14419,0,30,4092986,10812,0.264,71.05,65.03,56.11
2022-05-11,2022,05,0,14419,0,30,4092986,10812,0.264,71.05,65.03,56.12
2022-05-12,2022,05,0,14419,0,30,4092986,10812,0.264,71.06,65.03,56.13
2022-05-13,2022,05,0,14419,0,30,4092986,10812,0.264,71.06,65.03,56.13
2022-05-14,2022,05,0,14419,0,30,4092986,10812,0.264,71.06,65.03,56.13
2022-05-15,2022,05,15310,15310,20,20,4108296,10832,0.264,71.06,65.03,56.14
2022-05-16,2022,05,0,15310,0,20,4108296,10832,0.264,71.06,65.03,56.15
2022-05-17,2022,05,0,15310,0,20,4108296,10832,0.264,71.06,65.03,56.16
2022-05-18,2022,05,0,15310,0,20,4108296,10832,0.264,71.06,65.04,56.16
2022-05-19,2022,05,0,15310,0,20,4108296,10832,0.264,71.06,65.04,56.17
2022-05-20,2022,05,0,15310,0,20,4108296,10832,0.264,71.06,65.04,56.17
2022-05-21,2022,05,0,15310,0,20,4108296,10832,0.264,71.06,65.04,56.17
2022-05-22,2022,05,14797,14797,23,23,4123093,10855,0.263,71.06,65.04,56.18
2022-05-23,2022,05,0,14797,0,23,4123093,10855,0.263,71.06,65.04,56.19
2022-05-24,2022,05,0,14797,0,23,4123093,10855,0.263,71.06,65.04,56.19
2022-05-25,2022,05,0,14797,0,23,4123093,10855,0.263,71.06,65.04,56.2
2022-05-26,2022,05,0,14797,0,23,4123093,10855,0.263,71.06,65.05,56.2
2022-05-27,2022,05,0,14797,0,23,4123093,10855,0.263,71.06,65.05,56.2
2022-05-28,2022,05,0,14797,0,23,4123093,10855,0.263,71.06,65.05,56.2
2022-05-29,2022,05,13249,13249,11,11,4136342,10866,0.263,71.06,65.05,56.21
2022-05-30,2022,05,0,13249,0,11,4136342,10866,0.263,71.07,65.05,56.21
2022-05-31,2022,05,0,13249,0,11,4136342,10866,0.263,71.07,65.05,56.22
2022-06-01,2022,06,0,13249,0,11,4136342,10866,0.263,71.07,65.05,56.22
2022-06-02,2022,06,0,13249,0,11,4136342,10866,0.263,71.07,65.05,56.23
2022-06-03,2022,06,0,13249,0,11,4136342,10866,0.263,71.07,65.05,56.23
2022-06-04,2022,06,0,13249,0,11,4136342,10866,0.263,71.07,65.05,56.23
2022-06-05,2022,06,16478,16478,14,14,4152820,10880,0.262,71.07,65.05,56.23
2022-06-06,2022,06,0,16478,0,14,4152820,10880,0.262,71.07,65.05,56.23
2022-06-07,2022,06,0,16478,0,14,4152820,10880,0.262,71.07,65.06,56.24
2022-06-08,2022,06,0,16478,0,14,4152820,10880,0.262,71.07,65.06,56.24
2022-06-09,2022,06,0,16478,0,14,4152820,10880,0.262,71.07,65.06,56.25
2022-06-10,2022,06,0,16478,0,14,4152820,10880,0.262,71.07,65.06,56.26
2022-06-11,2022,06,0,16478,0,14,4152820,10880,0.262,71.07,65.06,56.26
2022-06-12,2022,06,29452,29452,13,13,4182272,10893,0.26,71.07,65.06,56.27
2022-06-13,2022,06,0,29452,0,13,4182272,10893,0.26,71.07,65.06,56.27
2022-06-14,2022,06,0,29452,0,13,4182272,10893,0.26,71.07,65.07,56.28
2022-06-15,2022,06,0,29452,0,13,4182272,10893,0.26,71.07,65.07,56.29
2022-06-16,2022,06,0,29452,0,13,4182272,10893,0.26,71.08,65.07,56.3
2022-06-17,2022,06,0,29452,0,13,4182272,10893,0.26,71.08,65.07,56.31
2022-06-18,2022,06,0,29452,0,13,4182272,10893,0.26,71.08,65.07,56.31
2022-06-19,2022,06,47448,47448,18,18,4229720,10911,0.258,71.08,65.07,56.32
2022-06-20,2022,06,0,47448,0,18,4229720,10911,0.258,71.08,65.07,56.33
2022-06-21,2022,06,0,47448,0,18,4229720,10911,0.258,71.08,65.07,56.35
2022-06-22,2022,06,0,47448,0,18,4229720,10911,0.258,71.08,65.08,56.36
2022-06-23,2022,06,0,47448,0,18,4229720,10911,0.258,71.08,65.08,56.38
2022-06-24,2022,06,0,47448,0,18,4229720,10911,0.258,71.08,65.08,56.38
2022-06-25,2022,06,0,47448,0,18,4229720,10911,0.258,71.08,65.08,56.38
2022-06-26,2022,06,67821,67821,49,49,4297541,10960,0.255,71.08,65.08,56.4
2022-06-27,2022,06,0,67821,0,49,4297541,10960,0.255,71.08,65.08,56.41
2022-06-28,2022,06,0,67821,0,49,4297541,10960,0.255,71.08,65.08,56.43
2022-06-29,2022,06,0,67821,0,49,4297541,10960,0.255,71.09,65.08,56.44
2022-06-30,2022,06,0,67821,0,49,4297541,10960,0.255,71.09,65.09,56.45
2022-07-01,2022,07,0,67821,0,49,4297541,10960,0.255,71.09,65.09,56.45
2022-07-02,2022,07,0,67821,0,49,4297541,10960,0.255,71.09,65.09,56.45
2022-07-03,2022,07,74269,74269,89,89,4371810,11049,0.253,71.09,65.09,56.46
2022-07-04,2022,07,0,74269,0,89,4371810,11049,0.253,71.09,65.09,56.48
2022-07-05,2022,07,0,74269,0,89,4371810,11049,0.253,71.09,65.09,56.49
2022-07-06,2022,07,0,74269,0,89,4371810,11049,0.253,71.09,65.09,56.5
2022-07-07,2022,07,0,74269,0,89,4371810,11049,0.253,71.09,65.09,56.51
2022-07-08,2022,07,0,74269,0,89,4371810,11049,0.253,71.09,65.1,56.51
2022-07-09,2022,07,0,74269,0,89,4371810,11049,0.253,71.09,65.1,56.51
2022-07-10,2022,07,73628,73628,96,96,4445438,11145,0.251,71.09,65.1,56.52
2022-07-11,2022,07,0,73628,0,96,4445438,11145,0.251,71.09,65.1,56.52
2022-07-12,2022,07,0,73628,0,96,4445438,11145,0.251,71.09,65.1,56.53
2022-07-13,2022,07,0,73628,0,96,4445438,11145,0.251,71.09,65.1,56.54
2022-07-14,2022,07,0,73628,0,96,4445438,11145,0.251,71.09,65.1,56.55
2022-07-15,2022,07,0,73628,0,96,4445438,11145,0.251,71.1,65.1,56.55
2022-07-16,2022,07,0,73628,0,96,4445438,11145,0.251,71.1,65.1,56.55
2022-07-17,2022,07,60205,60205,103,103,4505643,11248,0.25,71.1,65.11,56.56
2022-07-18,2022,07,0,60205,0,103,4505643,11248,0.25,71.1,65.11,56.56
2022-07-19,2022,07,0,60205,0,103,4505643,11248,0.25,71.1,65.11,56.57
2022-07-20,2022,07,0,60205,0,103,4505643,11248,0.25,71.1,65.11,56.58
2022-07-21,2022,07,0,60205,0,103,4505643,11248,0.25,71.1,65.11,56.58
2022-07-22,2022,07,0,60205,0,103,4505643,11248,0.25,71.1,65.11,56.58
2022-07-23,2022,07,0,60205,0,103,4505643,11248,0.25,71.1,65.11,56.58
2022-07-24,2022,07,43530,43530,99,99,4549173,11347,0.249,71.1,65.11,56.59
2022-07-25,2022,07,0,43530,0,99,4549173,11347,0.249,71.1,65.11,56.59
2022-07-26,2022,07,0,43530,0,99,4549173,11347,0.249,71.1,65.12,56.6
2022-07-27,2022,07,0,43530,0,99,4549173,11347,0.249,71.1,65.12,56.6
2022-07-28,2022,07,0,43530,0,99,4549173,11347,0.249,71.1,65.12,56.61
2022-07-29,2022,07,0,43530,0,99,4549173,11347,0.249,71.1,65.12,56.61
2022-07-30,2022,07,0,43530,0,99,4549173,11347,0.249,,,
2022-07-31,2022,07,30706,30706,82,82,4579879,11429,0.25,71.1,65.12,56.61
2022-08-01,2022,08,0,30706,0,82,4579879,11429,0.25,71.1,65.12,56.61
2022-08-02,2022,08,0,30706,0,82,4579879,11429,0.25,71.1,65.12,56.62
2022-08-03,2022,08,0,30706,0,82,4579879,11429,0.25,71.1,65.12,56.62
2022-08-04,2022,08,0,30706,0,82,4579879,11429,0.25,71.11,65.12,56.62
2022-08-05,2022,08,0,30706,0,82,4579879,11429,0.25,71.11,65.12,56.63
2022-08-06,2022,08,0,30706,0,82,4579879,11429,0.25,71.11,65.12,56.63
2022-08-07,2022,08,21063,21063,70,70,4600942,11499,0.25,71.11,65.13,56.63
2022-08-08,2022,08,0,21063,0,70,4600942,11499,0.25,71.11,65.13,56.63
2022-08-09,2022,08,0,21063,0,70,4600942,11499,0.25,71.11,65.13,56.63
2022-08-10,2022,08,0,21063,0,70,4600942,11499,0.25,71.11,65.13,56.64
2022-08-11,2022,08,0,21063,0,70,4600942,11499,0.25,71.11,65.13,56.64
2022-08-12,2022,08,0,21063,0,70,4600942,11499,0.25,71.11,65.13,56.64
2022-08-13,2022,08,0,21063,0,70,4600942,11499,0.25,71.11,65.13,56.64
2022-08-14,2022,08,13168,13168,52,52,4614110,11551,0.25,71.11,65.13,56.64
2022-08-15,2022,08,0,13168,0,52,4614110,11551,0.25,71.11,65.13,56.64
2022-08-16,2022,08,0,13168,0,52,4614110,11551,0.25,71.11,65.13,56.65
2022-08-17,2022,08,0,13168,0,52,4614110,11551,0.25,71.11,65.13,56.65
2022-08-18,2022,08,0,13168,0,52,4614110,11551,0.25,71.11,65.13,56.65
2022-08-19,2022,08,0,13168,0,52,4614110,11551,0.25,71.12,65.13,56.65
2022-08-20,2022,08,0,13168,0,52,4614110,11551,0.25,71.12,65.13,56.65
2022-08-21,2022,08,9188,9188,43,43,4623298,11594,0.251,71.12,65.14,56.66
2022-08-22,2022,08,0,9188,0,43,4623298,11594,0.251,71.12,65.14,56.66
2022-08-23,2022,08,0,9188,0,43,4623298,11594,0.251,71.12,65.14,56.66
2022-08-24,2022,08,0,9188,0,43,4623298,11594,0.251,71.12,65.14,56.66
2022-08-25,2022,08,0,9188,0,43,4623298,11594,0.251,71.12,65.14,56.67
2022-08-26,2022,08,0,9188,0,43,4623298,11594,0.251,71.12,65.14,56.67
2022-08-27,2022,08,0,9188,0,43,4623298,11594,0.251,,,
2022-08-28,2022,08,6922,6922,41,41,4630220,11635,0.251,71.12,65.14,56.67
2022-08-29,2022,08,0,6922,0,41,4630220,11635,0.251,71.12,65.14,56.67
2022-08-30,2022,08,0,6922,0,41,4630220,11635,0.251,71.12,65.14,56.67
2022-08-31,2022,08,0,6922,0,41,4630220,11635,0.251,71.12,65.14,56.67
2022-09-01,2022,09,0,6922,0,41,4630220,11635,0.251,71.12,65.14,56.68
2022-09-02,2022,09,0,6922,0,41,4630220,11635,0.251,71.12,65.14,56.68
2022-09-03,2022,09,0,6922,0,41,4630220,11635,0.251,71.12,65.14,56.68
2022-09-04,2022,09,6023,6023,26,26,4636243,11661,0.252,71.12,65.15,56.68
2022-09-05,2022,09,0,6023,0,26,4636243,11661,0.252,71.12,65.15,56.68
2022-09-06,2022,09,0,6023,0,26,4636243,11661,0.252,71.12,65.15,56.68
2022-09-07,2022,09,0,6023,0,26,4636243,11661,0.252,71.12,65.15,56.68
2022-09-08,2022,09,0,6023,0,26,4636243,11661,0.252,71.12,65.15,56.69
2022-09-09,2022,09,0,6023,0,26,4636243,11661,0.252,71.12,65.15,56.69
2022-09-10,2022,09,0,6023,0,26,4636243,11661,0.252,71.12,65.15,56.69
2022-09-11,2022,09,6094,6094,16,16,4642337,11677,0.252,71.12,65.15,56.69
2022-09-12,2022,09,0,6094,0,16,4642337,11677,0.252,71.12,65.15,56.69
2022-09-13,2022,09,0,6094,0,16,4642337,11677,0.252,71.13,65.15,56.69
2022-09-14,2022,09,0,6094,0,16,4642337,11677,0.252,71.13,65.15,56.69
2022-09-15,2022,09,0,6094,0,16,4642337,11677,0.252,71.13,65.15,56.69
2022-09-16,2022,09,0,6094,0,16,4642337,11677,0.252,71.13,65.15,56.69
2022-09-17,2022,09,0,6094,0,16,4642337,11677,0.252,71.13,65.15,56.69
2022-09-18,2022,09,7637,7637,15,15,4649974,11692,0.251,71.13,65.15,56.7
2022-09-19,2022,09,0,7637,0,15,4649974,11692,0.251,71.13,65.16,56.7
2022-09-20,2022,09,0,7637,0,15,4649974,11692,0.251,71.13,65.16,56.7
2022-09-21,2022,09,0,7637,0,15,4649974,11692,0.251,71.13,65.16,56.7
2022-09-22,2022,09,0,7637,0,15,4649974,11692,0.251,71.13,65.16,56.72
2022-09-23,2022,09,0,7637,0,15,4649974,11692,0.251,71.13,65.16,56.74
2022-09-24,2022,09,0,7637,0,15,4649974,11692,0.251,,,
2022-09-25,2022,09,7584,7584,9,9,4657558,11701,0.251,71.13,65.16,56.75
2022-09-26,2022,09,0,7584,0,9,4657558,11701,0.251,71.13,65.16,56.75
2022-09-27,2022,09,0,7584,0,9,4657558,11701,0.251,71.13,65.16,56.75
2022-09-28,2022,09,0,7584,0,9,4657558,11701,0.251,71.13,65.16,56.79
2022-09-29,2022,09,0,7584,0,9,4657558,11701,0.251,71.13,65.16,56.85
2022-09-30,2022,09,0,7584,0,9,4657558,11701,0.251,71.13,65.16,56.87
2022-10-01,2022,10,0,7584,0,9,4657558,11701,0.251,71.13,65.16,56.87
2022-10-02,2022,10,6116,6116,13,13,4663674,11714,0.251,71.13,65.16,56.93
2022-10-03,2022,10,0,6116,0,13,4663674,11714,0.251,71.13,65.16,56.99
2022-10-04,2022,10,0,6116,0,13,4663674,11714,0.251,71.13,65.16,57.0
2022-10-05,2022,10,0,6116,0,13,4663674,11714,0.251,71.13,65.16,57.0
2022-10-06,2022,10,0,6116,0,13,4663674,11714,0.251,71.13,65.16,57.08
2022-10-07,2022,10,0,6116,0,13,4663674,11714,0.251,71.13,65.16,57.1
2022-10-08,2022,10,0,6116,0,13,4663674,11714,0.251,71.13,65.16,57.1
2022-10-09,2022,10,4937,4937,17,17,4668611,11731,0.251,71.13,65.16,57.12
2022-10-10,2022,10,0,4937,0,17,4668611,11731,0.251,71.13,65.16,57.12
2022-10-11,2022,10,0,4937,0,17,4668611,11731,0.251,71.13,65.16,57.17
2022-10-12,2022,10,0,4937,0,17,4668611,11731,0.251,71.13,65.16,57.23
2022-10-13,2022,10,0,4937,0,17,4668611,11731,0.251,71.13,65.16,57.27
2022-10-14,2022,10,0,4937,0,17,4668611,11731,0.251,71.13,65.16,57.28
2022-10-15,2022,10,0,4937,0,17,4668611,11731,0.251,71.13,65.16,57.28
2022-10-16,2022,10,4311,4311,17,17,4672922,11748,0.251,71.13,65.16,57.3
2022-10-17,2022,10,0,4311,0,17,4672922,11748,0.251,71.13,65.16,57.3
2022-10-18,2022,10,0,4311,0,17,4672922,11748,0.251,71.13,65.16,57.36
2022-10-19,2022,10,0,4311,0,17,4672922,11748,0.251,71.13,65.16,57.43
2022-10-20,2022,10,0,4311,0,17,4672922,11748,0.251,71.13,65.16,57.5
2022-10-21,2022,10,0,4311,0,17,4672922,11748,0.251,71.13,65.16,57.51
2022-10-22,2022,10,0,4311,0,17,4672922,11748,0.251,,,
2022-10-23,2022,10,4605,4605,18,18,4677527,11766,0.252,71.13,65.16,57.57
2022-10-24,2022,10,0,4605,0,18,4677527,11766,0.252,71.13,65.16,57.62
2022-10-25,2022,10,0,4605,0,18,4677527,11766,0.252,71.13,65.16,57.69
2022-10-26,2022,10,0,4605,0,18,4677527,11766,0.252,71.13,65.16,57.77
2022-10-27,2022,10,0,4605,0,18,4677527,11766,0.252,71.13,65.16,57.85
2022-10-28,2022,10,0,4605,0,18,4677527,11766,0.252,71.13,65.17,57.87
2022-10-29,2022,10,0,4605,0,18,4677527,11766,0.252,,,
2022-10-30,2022,10,5518,5518,16,16,4683045,11782,0.252,71.13,65.17,57.94
2022-10-31,2022,10,0,5518,0,16,4683045,11782,0.252,71.13,65.17,58.0
2022-11-01,2022,11,0,5518,0,16,4683045,11782,0.252,71.13,65.17,58.02
2022-11-02,2022,11,0,5518,0,16,4683045,11782,0.252,71.13,65.17,58.08
2022-11-03,2022,11,0,5518,0,16,4683045,11782,0.252,71.13,65.17,58.15
2022-11-04,2022,11,0,5518,0,16,4683045,11782,0.252,71.13,65.17,58.17
2022-11-05,2022,11,0,5518,0,16,4683045,11782,0.252,,,
2022-11-06,2022,11,6333,6333,15,15,4689378,11797,0.252,71.13,65.17,58.25
2022-11-07,2022,11,0,6333,0,15,4689378,11797,0.252,71.13,65.17,58.32
2022-11-08,2022,11,0,6333,0,15,4689378,11797,0.252,71.13,65.17,58.4
2022-11-09,2022,11,0,6333,0,15,4689378,11797,0.252,71.13,65.17,58.48
2022-11-10,2022,11,0,6333,0,15,4689378,11797,0.252,71.13,65.17,58.57
2022-11-11,2022,11,0,6333,0,15,4689378,11797,0.252,71.13,65.17,58.6
2022-11-12,2022,11,0,6333,0,15,4689378,11797,0.252,71.13,65.17,58.6
2022-11-13,2022,11,7173,7173,16,16,4696551,11813,0.252,71.14,65.17,58.68
2022-11-14,2022,11,0,7173,0,16,4696551,11813,0.252,71.14,65.17,58.76
2022-11-15,2022,11,0,7173,0,16,4696551,11813,0.252,71.14,65.17,58.84
2022-11-16,2022,11,0,7173,0,16,4696551,11813,0.252,71.14,65.17,58.92
2022-11-17,2022,11,0,7173,0,16,4696551,11813,0.252,71.14,65.17,59.01
2022-11-18,2022,11,0,7173,0,16,4696551,11813,0.252,71.14,65.17,59.04
2022-11-19,2022,11,0,7173,0,16,4696551,11813,0.252,,,
2022-11-20,2022,11,8825,8825,23,23,4705376,11836,0.252,71.14,65.17,59.1
2022-11-21,2022,11,0,8825,0,23,4705376,11836,0.252,71.14,65.17,59.18
2022-11-22,2022,11,0,8825,0,23,4705376,11836,0.252,71.14,65.17,59.25
2022-11-23,2022,11,0,8825,0,23,4705376,11836,0.252,71.14,65.17,59.32
2022-11-24,2022,11,0,8825,0,23,4705376,11836,0.252,71.14,65.17,59.4
2022-11-25,2022,11,0,8825,0,23,4705376,11836,0.252,71.14,65.17,59.42
2022-11-26,2022,11,0,8825,0,23,4705376,11836,0.252,71.14,65.17,59.42
2022-11-27,2022,11,10228,10228,24,24,4715604,11860,0.252,71.14,65.17,59.48
2022-11-28,2022,11,0,10228,0,24,4715604,11860,0.252,71.14,65.17,59.54
2022-11-29,2022,11,0,10228,0,24,4715604,11860,0.252,71.14,65.17,59.61
2022-11-30,2022,11,0,10228,0,24,4715604,11860,0.252,71.14,65.17,59.68
2022-12-01,2022,12,0,10228,0,24,4715604,11860,0.252,71.14,65.17,59.76
2022-12-02,2022,12,0,10228,0,24,4715604,11860,0.252,71.14,65.17,59.78
2022-12-03,2022,12,0,10228,0,24,4715604,11860,0.252,,,
2022-12-04,2022,12,11231,11231,39,39,4726835,11899,0.252,71.14,65.17,59.84
2022-12-05,2022,12,0,11231,0,39,4726835,11899,0.252,71.14,65.17,59.9
2022-12-06,2022,12,0,11231,0,39,4726835,11899,0.252,71.14,65.17,59.95
2022-12-07,2022,12,0,11231,0,39,4726835,11899,0.252,71.14,65.17,60.0
2022-12-08,2022,12,0,11231,0,39,4726835,11899,0.252,71.14,65.17,60.06
2022-12-09,2022,12,0,11231,0,39,4726835,11899,0.252,71.14,65.17,60.08
2022-12-10,2022,12,0,11231,0,39,4726835,11899,0.252,71.14,65.17,60.08
2022-12-11,2022,12,10967,10967,44,44,4737802,11943,0.252,71.14,65.17,60.13
2022-12-12,2022,12,0,10967,0,44,4737802,11943,0.252,71.14,65.17,60.18
2022-12-13,2022,12,0,10967,0,44,4737802,11943,0.252,71.14,65.17,60.22
2022-12-14,2022,12,0,10967,0,44,4737802,11943,0.252,71.14,65.17,60.27
2022-12-15,2022,12,0,10967,0,44,4737802,11943,0.252,71.14,65.17,60.33
2022-12-16,2022,12,0,10967,0,44,4737802,11943,0.252,71.14,65.17,60.35
2022-12-17,2022,12,0,10967,0,44,4737802,11943,0.252,,,
2022-12-18,2022,12,10321,10321,42,42,4748123,11985,0.252,71.14,65.17,60.38
2022-12-19,2022,12,0,10321,0,42,4748123,11985,0.252,71.14,65.17,60.41
2022-12-20,2022,12,0,10321,0,42,4748123,11985,0.252,71.14,65.17,60.44
2022-12-21,2022,12,0,10321,0,42,4748123,11985,0.252,71.14,65.17,60.46
2022-12-22,2022,12,0,10321,0,42,4748123,11985,0.252,71.14,65.17,60.49
2022-12-23,2022,12,0,10321,0,42,4748123,11985,0.252,71.14,65.17,60.5
2022-12-24,2022,12,0,10321,0,42,4748123,11985,0.252,,,
2022-12-25,2022,12,8581,8581,41,41,4756704,12026,0.253,71.14,65.17,60.52
2022-12-26,2022,12,0,8581,0,41,4756704,12026,0.253,71.14,65.18,60.54
2022-12-27,2022,12,0,8581,0,41,4756704,12026,0.253,71.14,65.18,60.57
2022-12-28,2022,12,0,8581,0,41,4756704,12026,0.253,71.14,65.18,60.59
2022-12-29,2022,12,0,8581,0,41,4756704,12026,0.253,71.14,65.18,60.62
2022-12-30,2022,12,0,8581,0,41,4756704,12026,0.253,71.14,65.18,60.63
2022-12-31,2022,12,0,8581,0,41,4756704,12026,0.253,71.14,65.18,60.63
2023-01-01,2023,01,7374,7374,41,41,4764078,12067,0.253,71.14,65.18,60.64
2023-01-02,2023,01,0,7374,0,41,4764078,12067,0.253,71.14,65.18,60.66
2023-01-03,2023,01,0,7374,0,41,4764078,12067,0.253,71.14,65.18,60.68
2023-01-04,2023,01,0,7374,0,41,4764078,12067,0.253,71.14,65.18,60.69
2023-01-05,2023,01,0,7374,0,41,4764078,12067,0.253,71.14,65.18,60.71
2023-01-06,2023,01,0,7374,0,41,4764078,12067,0.253,71.14,65.18,60.72
2023-01-07,2023,01,0,7374,0,41,4764078,12067,0.253,71.14,65.18,60.72
2023-01-08,2023,01,6639,6639,46,46,4770717,12113,0.254,71.14,65.18,60.73
2023-01-09,2023,01,0,6639,0,46,4770717,12113,0.254,71.14,65.18,60.75
2023-01-10,2023,01,0,6639,0,46,4770717,12113,0.254,71.14,65.18,60.76
2023-01-11,2023,01,0,6639,0,46,4770717,12113,0.254,71.14,65.18,60.78
2023-01-12,2023,01,0,6639,0,46,4770717,12113,0.254,71.14,65.18,60.8
2023-01-13,2023,01,0,6639,0,46,4770717,12113,0.254,71.14,65.18,60.8
2023-01-14,2023,01,0,6639,0,46,4770717,12113,0.254,71.14,65.18,60.8
2023-01-15,2023,01,5328,5328,24,24,4776045,12137,0.254,71.14,65.18,60.81
2023-01-16,2023,01,0,5328,0,24,4776045,12137,0.254,71.14,65.18,60.83
2023-01-17,2023,01,0,5328,0,24,4776045,12137,0.254,71.14,65.18,60.84
2023-01-18,2023,01,0,5328,0,24,4776045,12137,0.254,71.14,65.18,60.85
2023-01-19,2023,01,0,5328,0,24,4776045,12137,0.254,71.14,65.18,60.86
2023-01-20,2023,01,0,5328,0,24,4776045,12137,0.254,71.14,65.18,60.86
2023-01-21,2023,01,0,5328,0,24,4776045,12137,0.254,71.14,65.18,60.86
2023-01-22,2023,01,4576,4576,36,36,4780621,12173,0.255,71.14,65.18,60.87
2023-01-23,2023,01,0,4576,0,36,4780621,12173,0.255,71.14,65.18,60.87
2023-01-24,2023,01,0,4576,0,36,4780621,12173,0.255,71.14,65.18,60.88
2023-01-25,2023,01,0,4576,0,36,4780621,12173,0.255,71.14,65.18,60.89
2023-01-26,2023,01,0,4576,0,36,4780621,12173,0.255,71.14,65.18,60.9
2023-01-27,2023,01,0,4576,0,36,4780621,12173,0.255,71.14,65.18,60.9
2023-01-28,2023,01,0,4576,0,36,4780621,12173,0.255,,,
2023-01-29,2023,01,4168,4168,26,26,4784789,12199,0.255,71.15,65.18,60.91
2023-01-30,2023,01,0,4168,0,26,4784789,12199,0.255,71.15,65.18,60.91
2023-01-31,2023,01,0,4168,0,26,4784789,12199,0.255,71.15,65.18,60.92
2023-02-01,2023,02,0,4168,0,26,4784789,12199,0.255,71.15,65.18,60.92
2023-02-02,2023,02,0,4168,0,26,4784789,12199,0.255,71.15,65.18,60.93
2023-02-03,2023,02,0,4168,0,26,4784789,12199,0.255,71.15,65.18,60.93
2023-02-04,2023,02,0,4168,0,26,4784789,12199,0.255,,,
2023-02-05,2023,02,3442,3442,26,26,4788231,12225,0.255,71.15,65.18,60.93
2023-02-06,2023,02,0,3442,0,26,4788231,12225,0.255,71.15,65.18,60.94
2023-02-07,2023,02,0,3442,0,26,4788231,12225,0.255,71.15,65.18,60.94
2023-02-08,2023,02,0,3442,0,26,4788231,12225,0.255,71.15,65.18,60.94
2023-02-09,2023,02,0,3442,0,26,4788231,12225,0.255,71.15,65.18,60.95
2023-02-10,2023,02,0,3442,0,26,4788231,12225,0.255,71.15,65.18,60.95
2023-02-11,2023,02,0,3442,0,26,4788231,12225,0.255,71.15,65.18,60.95
2023-02-12,2023,02,2878,2878,19,19,4791109,12244,0.256,71.15,65.18,60.95
2023-02-13,2023,02,0,2878,0,19,4791109,12244,0.256,71.15,65.18,60.95
2023-02-14,2023,02,0,2878,0,19,4791109,12244,0.256,71.15,65.18,60.96
2023-02-15,2023,02,0,2878,0,19,4791109,12244,0.256,71.15,65.18,60.96
2023-02-16,2023,02,0,2878,0,19,4791109,12244,0.256,71.15,65.18,60.96
2023-02-17,2023,02,0,2878,0,19,4791109,12244,0.256,71.15,65.18,60.96
2023-02-18,2023,02,0,2878,0,19,4791109,12244,0.256,71.15,65.18,60.96
2023-02-19,2023,02,3097,3097,21,21,4794206,12265,0.256,71.15,65.18,60.96
2023-02-20,2023,02,0,3097,0,21,4794206,12265,0.256,71.15,65.18,60.97
2023-02-21,2023,02,0,3097,0,21,4794206,12265,0.256,71.15,65.18,60.97
2023-02-22,2023,02,0,3097,0,21,4794206,12265,0.256,71.15,65.18,60.97
2023-02-23,2023,02,0,3097,0,21,4794206,12265,0.256,71.15,65.18,60.97
2023-02-24,2023,02,0,3097,0,21,4794206,12265,0.256,71.15,65.18,60.97
2023-02-25,2023,02,0,3097,0,21,4794206,12265,0.256,71.15,65.18,60.97
2023-02-26,2023,02,3552,3552,26,26,4797758,12291,0.256,71.15,65.18,60.97
2023-02-27,2023,02,0,3552,0,26,4797758,12291,0.256,71.15,65.18,60.98
2023-02-28,2023,02,0,3552,0,26,4797758,12291,0.256,71.15,65.18,60.98
2023-03-01,2023,03,0,3552,0,26,4797758,12291,0.256,71.15,65.18,60.98
2023-03-02,2023,03,0,3552,0,26,4797758,12291,0.256,71.15,65.18,60.98
2023-03-03,2023,03,0,3552,0,26,4797758,12291,0.256,71.15,65.18,60.98
2023-03-04,2023,03,0,3552,0,26,4797758,12291,0.256,71.15,65.18,60.98
2023-03-05,2023,03,3657,3657,25,25,4801415,12316,0.257,71.15,65.18,60.98
2023-03-06,2023,03,0,3657,0,25,4801415,12316,0.257,71.15,65.19,60.98
2023-03-07,2023,03,0,3657,0,25,4801415,12316,0.257,71.15,65.19,60.99
2023-03-08,2023,03,0,3657,0,25,4801415,12316,0.257,71.15,65.19,60.99
2023-03-09,2023,03,0,3657,0,25,4801415,12316,0.257,71.15,65.19,60.99
2023-03-10,2023,03,0,3657,0,25,4801415,12316,0.257,71.15,65.19,60.99
2023-03-11,2023,03,0,3657,0,25,4801415,12316,0.257,,,
2023-03-12,2023,03,3462,3462,23,23,4804877,12339,0.257,71.15,65.19,60.99
2023-03-13,2023,03,0,3462,0,23,4804877,12339,0.257,71.15,65.19,60.99
2023-03-14,2023,03,0,3462,0,23,4804877,12339,0.257,71.15,65.19,60.99
2023-03-15,2023,03,0,3462,0,23,4804877,12339,0.257,71.15,65.19,60.99
2023-03-16,2023,03,0,3462,0,23,4804877,12339,0.257,71.15,65.19,61.0
2023-03-17,2023,03,0,3462,0,23,4804877,12339,0.257,71.15,65.19,61.0
2023-03-18,2023,03,0,3462,0,23,4804877,12339,0.257,,,
2023-03-19,2023,03,3838,3838,32,32,4808715,12371,0.257,71.15,65.19,61.0
2023-03-20,2023,03,0,3838,0,32,4808715,12371,0.257,71.15,65.19,61.0
2023-03-21,2023,03,0,3838,0,32,4808715,12371,0.257,71.15,65.19,61.0
2023-03-22,2023,03,0,3838,0,32,4808715,12371,0.257,71.15,65.19,61.0
2023-03-23,2023,03,0,3838,0,32,4808715,12371,0.257,71.15,65.19,61.0
2023-03-24,2023,03,0,3838,0,32,4808715,12371,0.257,71.15,65.19,61.0
2023-03-25,2023,03,0,3838,0,32,4808715,12371,0.257,,,
2023-03-26,2023,03,3192,3192,22,22,4811907,12393,0.258,71.15,65.19,61.0
2023-03-27,2023,03,0,3192,0,22,4811907,12393,0.258,71.15,65.19,61.01
2023-03-28,2023,03,0,3192,0,22,4811907,12393,0.258,71.15,65.19,61.01
2023-03-29,2023,03,0,3192,0,22,4811907,12393,0.258,71.15,65.19,61.01
2023-03-30,2023,03,0,3192,0,22,4811907,12393,0.258,71.15,65.19,61.01
2023-03-31,2023,03,0,3192,0,22,4811907,12393,0.258,,,
2023-04-01,2023,04,0,3192,0,22,4811907,12393,0.258,,,
2023-04-02,2023,04,2791,2791,24,24,4814698,12417,0.258,71.15,65.19,61.01
2023-04-03,2023,04,0,2791,0,24,4814698,12417,0.258,71.15,65.19,61.01
2023-04-04,2023,04,0,2791,0,24,4814698,12417,0.258,71.15,65.19,61.01
2023-04-05,2023,04,0,2791,0,24,4814698,12417,0.258,71.15,65.19,61.01
2023-04-06,2023,04,0,2791,0,24,4814698,12417,0.258,71.15,65.19,61.01
2023-04-07,2023,04,0,2791,0,24,4814698,12417,0.258,71.15,65.19,61.01
2023-04-08,2023,04,0,2791,0,24,4814698,12417,0.258,,,
2023-04-09,2023,04,1969,1969,16,16,4816667,12433,0.258,71.15,65.19,61.01
2023-04-10,2023,04,0,1969,0,16,4816667,12433,0.258,71.15,65.19,61.01
2023-04-11,2023,04,0,1969,0,16,4816667,12433,0.258,71.15,65.19,61.01
2023-04-12,2023,04,0,1969,0,16,4816667,12433,0.258,71.15,65.19,61.01
2023-04-13,2023,04,0,1969,0,16,4816667,12433,0.258,71.15,65.19,61.01
2023-04-14,2023,04,0,1969,0,16,4816667,12433,0.258,71.15,65.19,61.01
2023-04-15,2023,04,0,1969,0,16,4816667,12433,0.258,71.15,65.19,61.01
2023-04-16,2023,04,1852,1852,22,22,4818519,12455,0.258,71.15,65.19,61.02
2023-04-17,2023,04,0,1852,0,22,4818519,12455,0.258,71.15,65.19,61.02
2023-04-18,2023,04,0,1852,0,22,4818519,12455,0.258,71.15,65.19,61.02
2023-04-19,2023,04,0,1852,0,22,4818519,12455,0.258,71.15,65.19,61.02
2023-04-20,2023,04,0,1852,0,22,4818519,12455,0.258,71.15,65.19,61.02
2023-04-21,2023,04,0,1852,0,22,4818519,12455,0.258,71.15,65.19,61.02
2023-04-22,2023,04,0,1852,0,22,4818519,12455,0.258,,,
2023-04-23,2023,04,1956,1956,25,25,4820475,12480,0.259,71.15,65.19,61.02
2023-04-24,2023,04,0,1956,0,25,4820475,12480,0.259,71.15,65.19,61.02
2023-04-25,2023,04,0,1956,0,25,4820475,12480,0.259,71.15,65.19,61.02
2023-04-26,2023,04,0,1956,0,25,4820475,12480,0.259,,,
2023-04-27,2023,04,0,1956,0,25,4820475,12480,0.259,71.15,65.19,61.02
2023-04-28,2023,04,0,1956,0,25,4820475,12480,0.259,71.15,65.19,61.02
2023-04-29,2023,04,0,1956,0,25,4820475,12480,0.259,,,
2023-04-30,2023,04,1334,1334,19,19,4821809,12499,0.259,71.15,65.19,61.02
2023-05-01,2023,05,0,1334,0,19,4821809,12499,0.259,71.15,65.19,61.02
2023-05-02,2023,05,0,1334,0,19,4821809,12499,0.259,71.15,65.19,61.02
2023-05-03,2023,05,0,1334,0,19,4821809,12499,0.259,71.15,65.19,61.02
2023-05-04,2023,05,0,1334,0,19,4821809,12499,0.259,71.15,65.19,61.03
2023-05-05,2023,05,0,1334,0,19,4821809,12499,0.259,,,
2023-05-06,2023,05,0,1334,0,19,4821809,12499,0.259,,,
2023-05-07,2023,05,1540,1540,12,12,4823349,12511,0.259,,,
2023-05-08,2023,05,0,1540,0,12,4823349,12511,0.259,,,
2023-05-09,2023,05,0,1540,0,12,4823349,12511,0.259,,,
2023-05-10,2023,05,0,1540,0,12,4823349,12511,0.259,,,
2023-05-11,2023,05,0,1540,0,12,4823349,12511,0.259,,,
2023-05-12,2023,05,0,1540,0,12,4823349,12511,0.259,,,
2023-05-13,2023,05,0,1540,0,12,4823349,12511,0.259,,,
2023-05-14,2023,05,1169,1169,7,7,4824518,12518,0.259,,,
2023-05-15,2023,05,0,1169,0,7,4824518,12518,0.259,,,
2023-05-16,2023,05,0,1169,0,7,4824518,12518,0.259,,,
2023-05-17,2023,05,0,1169,0,7,4824518,12518,0.259,,,
2023-05-18,2023,05,0,1169,0,7,4824518,12518,0.259,,,
2023-05-19,2023,05,0,1169,0,7,4824518,12518,0.259,,,
2023-05-20,2023,05,0,1169,0,7,4824518,12518,0.259,,,
2023-05-21,2023,05,850,850,16,16,4825368,12534,0.26,,,
2023-05-22,2023,05,0,850,0,16,4825368,12534,0.26,,,
2023-05-23,2023,05,0,850,0,16,4825368,12534,0.26,,,
2023-05-24,2023,05,0,850,0,16,4825368,12534,0.26,,,
2023-05-25,2023,05,0,850,0,16,4825368,12534,0.26,,,
2023-05-26,2023,05,0,850,0,16,4825368,12534,0.26,,,
2023-05-27,2023,05,0,850,0,16,4825368,12534,0.26,,,
2023-05-28,2023,05,688,688,7,7,4826056,12541,0.26,,,
2023-05-29,2023,05,0,688,0,7,4826056,12541,0.26,,,
2023-05-30,2023,05,0,688,0,7,4826056,12541,0.26,,,
2023-05-31,2023,05,0,688,0,7,4826056,12541,0.26,,,
2023-06-01,2023,06,0,688,0,7,4826056,12541,0.26,,,
2023-06-02,2023,06,0,688,0,7,4826056,12541,0.26,,,
2023-06-03,2023,06,0,688,0,7,4826056,12541,0.26,,,
2023-06-04,2023,06,745,745,9,9,4826801,12550,0.26,,,
2023-06-05,2023,06,0,745,0,9,4826801,12550,0.26,,,
2023-06-06,2023,06,0,745,0,9,4826801,12550,0.26,,,
2023-06-07,2023,06,0,745,0,9,4826801,12550,0.26,,,
2023-06-08,2023,06,0,745,0,9,4826801,12550,0.26,,,
2023-06-09,2023,06,0,745,0,9,4826801,12550,0.26,,,
2023-06-10,2023,06,0,745,0,9,4826801,12550,0.26,,,
2023-06-11,2023,06,735,735,8,8,4827536,12558,0.26,,,
2023-06-12,2023,06,0,735,0,8,4827536,12558,0.26,,,
2023-06-13,2023,06,0,735,0,8,4827536,12558,0.26,,,
2023-06-14,2023,06,0,735,0,8,4827536,12558,0.26,,,
2023-06-15,2023,06,0,735,0,8,4827536,12558,0.26,,,
2023-06-16,2023,06,0,735,0,8,4827536,12558,0.26,,,
2023-06-17,2023,06,0,735,0,8,4827536,12558,0.26,,,
2023-06-18,2023,06,601,601,6,6,4828137,12564,0.26,,,
2023-06-19,2023,06,0,601,0,6,4828137,12564,0.26,,,
2023-06-20,2023,06,0,601,0,6,4828137,12564,0.26,,,
2023-06-21,2023,06,0,601,0,6,4828137,12564,0.26,,,
2023-06-22,2023,06,0,601,0,6,4828137,12564,0.26,,,
2023-06-23,2023,06,0,601,0,6,4828137,12564,0.26,,,
2023-06-24,2023,06,0,601,0,6,4828137,12564,0.26,,,
2023-06-25,2023,06,597,597,3,3,4828734,12567,0.26,,,
2023-06-26,2023,06,0,597,0,3,4828734,12567,0.26,,,
2023-06-27,2023,06,0,597,0,3,4828734,12567,0.26,,,
2023-06-28,2023,06,0,597,0,3,4828734,12567,0.26,,,
2023-06-29,2023,06,0,597,0,3,4828734,12567,0.26,,,
2023-06-30,2023,06,0,597,0,3,4828734,12567,0.26,,,
2023-07-01,2023,07,0,597,0,3,4828734,12567,0.26,,,
2023-07-02,2023,07,514,514,6,6,4829248,12573,0.26,,,
2023-07-03,2023,07,0,514,0,6,4829248,12573,0.26,,,
2023-07-04,2023,07,0,514,0,6,4829248,12573,0.26,,,
2023-07-05,2023,07,0,514,0,6,4829248,12573,0.26,,,
2023-07-06,2023,07,0,514,0,6,4829248,12573,0.26,,,
2023-07-07,2023,07,0,514,0,6,4829248,12573,0.26,,,
2023-07-08,2023,07,0,514,0,6,4829248,12573,0.26,,,
2023-07-09,2023,07,497,497,6,6,4829745,12579,0.26,,,
2023-07-10,2023,07,0,497,0,6,4829745,12579,0.26,,,
2023-07-11,2023,07,0,497,0,6,4829745,12579,0.26,,,
2023-07-12,2023,07,0,497,0,6,4829745,12579,0.26,,,
2023-07-13,2023,07,0,497,0,6,4829745,12579,0.26,,,
2023-07-14,2023,07,0,497,0,6,4829745,12579,0.26,,,
2023-07-15,2023,07,0,497,0,6,4829745,12579,0.26,,,
2023-07-16,2023,07,539,539,4,4,4830284,12583,0.261,,,
2023-07-17,2023,07,0,539,0,4,4830284,12583,0.261,,,
2023-07-18,2023,07,0,539,0,4,4830284,12583,0.261,,,
2023-07-19,2023,07,0,539,0,4,4830284,12583,0.261,,,
2023-07-20,2023,07,0,539,0,4,4830284,12583,0.261,,,
2023-07-21,2023,07,0,539,0,4,4830284,12583,0.261,,,
2023-07-22,2023,07,0,539,0,4,4830284,12583,0.261,,,
2023-07-23,2023,07,535,535,6,6,4830819,12589,0.261,,,
2023-07-24,2023,07,0,535,0,6,4830819,12589,0.261,,,
2023-07-25,2023,07,0,535,0,6,4830819,12589,0.261,,,
2023-07-26,2023,07,0,535,0,6,4830819,12589,0.261,,,
2023-07-27,2023,07,0,535,0,6,4830819,12589,0.261,,,
2023-07-28,2023,07,0,535,0,6,4830819,12589,0.261,,,
2023-07-29,2023,07,0,535,0,6,4830819,12589,0.261,,,
2023-07-30,2023,07,563,563,8,8,4831382,12597,0.261,,,
2023-07-31,2023,07,0,563,0,8,4831382,12597,0.261,,,
2023-08-01,2023,08,0,563,0,8,4831382,12597,0.261,,,
2023-08-02,2023,08,0,563,0,8,4831382,12597,0.261,,,
2023-08-03,2023,08,0,563,0,8,4831382,12597,0.261,,,
2023-08-04,2023,08,0,563,0,8,4831382,12597,0.261,,,
2023-08-05,2023,08,0,563,0,8,4831382,12597,0.261,,,
2023-08-06,2023,08,541,541,10,10,4831923,12607,0.261,,,
2023-08-07,2023,08,0,541,0,10,4831923,12607,0.261,,,
2023-08-08,2023,08,0,541,0,10,4831923,12607,0.261,,,
2023-08-09,2023,08,0,541,0,10,4831923,12607,0.261,,,
2023-08-10,2023,08,0,541,0,10,4831923,12607,0.261,,,
2023-08-11,2023,08,0,541,0,10,4831923,12607,0.261,,,
2023-08-12,2023,08,0,541,0,10,4831923,12607,0.261,,,
2023-08-13,2023,08,601,601,17,17,4832524,12624,0.261,,,
2023-08-14,2023,08,0,601,0,17,4832524,12624,0.261,,,
2023-08-15,2023,08,0,601,0,17,4832524,12624,0.261,,,
2023-08-16,2023,08,0,601,0,17,4832524,12624,0.261,,,
2023-08-17,2023,08,0,601,0,17,4832524,12624,0.261,,,
2023-08-18,2023,08,0,601,0,17,4832524,12624,0.261,,,
2023-08-19,2023,08,0,601,0,17,4832524,12624,0.261,,,
2023-08-20,2023,08,747,747,9,9,4833271,12633,0.261,,,
2023-08-21,2023,08,0,747,0,9,4833271,12633,0.261,,,
2023-08-22,2023,08,0,747,0,9,4833271,12633,0.261,,,
2023-08-23,2023,08,0,747,0,9,4833271,12633,0.261,,,
2023-08-24,2023,08,0,747,0,9,4833271,12633,0.261,,,
2023-08-25,2023,08,0,747,0,9,4833271,12633,0.261,,,
2023-08-26,2023,08,0,747,0,9,4833271,12633,0.261,,,
2023-08-27,2023,08,866,866,10,10,4834137,12643,0.262,,,
2023-08-28,2023,08,0,866,0,10,4834137,12643,0.262,,,
2023-08-29,2023,08,0,866,0,10,4834137,12643,0.262,,,
2023-08-30,2023,08,0,866,0,10,4834137,12643,0.262,,,
2023-08-31,2023,08,0,866,0,10,4834137,12643,0.262,,,
2023-09-01,2023,09,0,866,0,10,4834137,12643,0.262,,,
2023-09-02,2023,09,0,866,0,10,4834137,12643,0.262,,,
2023-09-03,2023,09,985,985,9,9,4835122,12652,0.262,,,
2023-09-04,2023,09,0,985,0,9,4835122,12652,0.262,,,
2023-09-05,2023,09,0,985,0,9,4835122,12652,0.262,,,
2023-09-06,2023,09,0,985,0,9,4835122,12652,0.262,,,
2023-09-07,2023,09,0,985,0,9,4835122,12652,0.262,,,
2023-09-08,2023,09,0,985,0,9,4835122,12652,0.262,,,
2023-09-09,2023,09,0,985,0,9,4835122,12652,0.262,,,
2023-09-10,2023,09,1048,1048,16,16,4836170,12668,0.262,,,
2023-09-11,2023,09,0,1048,0,16,4836170,12668,0.262,,,
2023-09-12,2023,09,0,1048,0,16,4836170,12668,0.262,,,
2023-09-13,2023,09,0,1048,0,16,4836170,12668,0.262,,,
2023-09-14,2023,09,0,1048,0,16,4836170,12668,0.262,,,
2023-09-15,2023,09,0,1048,0,16,4836170,12668,0.262,,,
2023-09-16,2023,09,0,1048,0,16,4836170,12668,0.262,,,
2023-09-17,2023,09,1269,1269,10,10,4837439,12678,0.262,,,
2023-09-18,2023,09,0,1269,0,10,4837439,12678,0.262,,,
2023-09-19,2023,09,0,1269,0,10,4837439,12678,0.262,,,
2023-09-20,2023,09,0,1269,0,10,4837439,12678,0.262,,,
2023-09-21,2023,09,0,1269,0,10,4837439,12678,0.262,,,
2023-09-22,2023,09,0,1269,0,10,4837439,12678,0.262,,,
2023-09-23,2023,09,0,1269,0,10,4837439,12678,0.262,,,
2023-09-24,2023,09,1464,1464,9,9,4838903,12687,0.262,,,
2023-09-25,2023,09,0,1464,0,9,4838903,12687,0.262,,,
2023-09-26,2023,09,0,1464,0,9,4838903,12687,0.262,,,
2023-09-27,2023,09,0,1464,0,9,4838903,12687,0.262,,,
2023-09-28,2023,09,0,1464,0,9,4838903,12687,0.262,,,
2023-09-29,2023,09,0,1464,0,9,4838903,12687,0.262,,,
2023-09-30,2023,09,0,1464,0,9,4838903,12687,0.262,,,
2023-10-01,2023,10,1038,1038,10,10,4839941,12697,0.262,,,
2023-10-02,2023,10,0,1038,0,10,4839941,12697,0.262,,,
2023-10-03,2023,10,0,1038,0,10,4839941,12697,0.262,,,
2023-10-04,2023,10,0,1038,0,10,4839941,12697,0.262,,,
2023-10-05,2023,10,0,1038,0,10,4839941,12697,0.262,,,
2023-10-06,2023,10,0,1038,0,10,4839941,12697,0.262,,,
2023-10-07,2023,10,0,1038,0,10,4839941,12697,0.262,,,
2023-10-08,2023,10,784,784,0,0,4840725,12697,0.262,,,
2023-10-09,2023,10,0,784,0,0,4840725,12697,0.262,,,
2023-10-10,2023,10,0,784,0,0,4840725,12697,0.262,,,
2023-10-11,2023,10,0,784,0,0,4840725,12697,0.262,,,
2023-10-12,2023,10,0,784,0,0,4840725,12697,0.262,,,
2023-10-13,2023,10,0,784,0,0,4840725,12697,0.262,,,
2023-10-14,2023,10,0,784,0,0,4840725,12697,0.262,,,
2023-10-15,2023,10,389,389,1,1,4841114,12698,0.262,,,
2023-10-16,2023,10,0,389,0,1,4841114,12698,0.262,,,
2023-10-17,2023,10,0,389,0,1,4841114,12698,0.262,,,
2023-10-18,2023,10,0,389,0,1,4841114,12698,0.262,,,
2023-10-19,2023,10,0,389,0,1,4841114,12698,0.262,,,
2023-10-20,2023,10,0,389,0,1,4841114,12698,0.262,,,
2023-10-21,2023,10,0,389,0,1,4841114,12698,0.262,,,
2023-10-22,2023,10,264,264,5,5,4841378,12703,0.262,,,
2023-10-23,2023,10,0,264,0,5,4841378,12703,0.262,,,
2023-10-24,2023,10,0,264,0,5,4841378,12703,0.262,,,
2023-10-25,2023,10,0,264,0,5,4841378,12703,0.262,,,
2023-10-26,2023,10,0,264,0,5,4841378,12703,0.262,,,
2023-10-27,2023,10,0,264,0,5,4841378,12703,0.262,,,
2023-10-28,2023,10,0,264,0,5,4841378,12703,0.262,,,
2023-10-29,2023,10,180,180,4,4,4841558,12707,0.262,,,
2023-10-30,2023,10,0,180,0,4,4841558,12707,0.262,,,
2023-10-31,2023,10,0,180,0,4,4841558,12707,0.262,,,
2023-11-01,2023,11,0,180,0,4,4841558,12707,0.262,,,
2023-11-02,2023,11,0,180,0,4,4841558,12707,0.262,,,
2023-11-03,2023,11,0,180,0,4,4841558,12707,0.262,,,
2023-11-04,2023,11,0,180,0,4,4841558,12707,0.262,,,
2023-11-05,2023,11,0,0,0,0,4841558,12707,0.262,,,
2023-11-06,2023,11,0,0,0,0,4841558,12707,0.262,,,
2023-11-07,2023,11,0,0,0,0,4841558,12707,0.262,,,
2023-11-08,2023,11,0,0,0,0,4841558,12707,0.262,,,
2023-11-09,2023,11,0,0,0,0,4841558,12707,0.262,,,
2023-11-10,2023,11,0,0,0,0,4841558,12707,0.262,,,
2023-11-11,2023,11,0,0,0,0,4841558,12707,0.262,,,
2023-11-12,2023,11,0,0,0,0,4841558,12707,0.262,,,
2023-11-13,2023,11,0,0,0,0,4841558,12707,0.262,,,
2023-11-14,2023,11,0,0,0,0,4841558,12707,0.262,,,
2023-11-15,2023,11,0,0,0,0,4841558,12707,0.262,,,
2023-11-16,2023,11,0,0,0,0,4841558,12707,0.262,,,
2023-11-17,2023,11,0,0,0,0,4841558,12707,0.262,,,
2023-11-18,2023,11,0,0,0,0,4841558,12707,0.262,,,
2023-11-19,2023,11,0,0,0,0,4841558,12707,0.262,,,
2023-11-20,2023,11,0,0,0,0,4841558,12707,0.262,,,
2023-11-21,2023,11,0,0,0,0,4841558,12707,0.262,,,
2023-11-22,2023,11,0,0,0,0,4841558,12707,0.262,,,
2023-11-23,2023,11,0,0,0,0,4841558,12707,0.262,,,
2023-11-24,2023,11,0,0,0,0,4841558,12707,0.262,,,
2023-11-25,2023,11,0,0,0,0,4841558,12707,0.262,,,
2023-11-26,2023,11,0,0,0,0,4841558,12707,0.262,,,
2023-11-27,2023,11,0,0,0,0,4841558,12707,0.262,,,
2023-11-28,2023,11,0,0,0,0,4841558,12707,0.262,,,
2023-11-29,2023,11,0,0,0,0,4841558,12707,0.262,,,
2023-11-30,2023,11,0,0,0,0,4841558,12707,0.262,,,
2023-12-01,2023,12,0,0,0,0,4841558,12707,0.262,,,
2023-12-02,2023,12,0,0,0,0,4841558,12707,0.262,,,
2023-12-03,2023,12,0,0,0,0,4841558,12707,0.262,,,
2023-12-04,2023,12,0,0,0,0,4841558,12707,0.262,,,
2023-12-05,2023,12,0,0,0,0,4841558,12707,0.262,,,
2023-12-06,2023,12,0,0,0,0,4841558,12707,0.262,,,
2023-12-07,2023,12,0,0,0,0,4841558,12707,0.262,,,
2023-12-08,2023,12,0,0,0,0,4841558,12707,0.262,,,
2023-12-09,2023,12,0,0,0,0,4841558,12707,0.262,,,
2023-12-10,2023,12,0,0,0,0,4841558,12707,0.262,,,
2023-12-11,2023,12,0,0,0,0,4841558,12707,0.262,,,
2023-12-12,2023,12,0,0,0,0,4841558,12707,0.262,,,
2023-12-13,2023,12,0,0,0,0,4841558,12707,0.262,,,
2023-12-14,2023,12,0,0,0,0,4841558,12707,0.262,,,
2023-12-15,2023,12,0,0,0,0,4841558,12707,0.262,,,
2023-12-16,2023,12,0,0,0,0,4841558,12707,0.262,,,
2023-12-17,2023,12,0,0,0,0,4841558,12707,0.262,,,
2023-12-18,2023,12,0,0,0,0,4841558,12707,0.262,,,
2023-12-19,2023,12,0,0,0,0,4841558,12707,0.262,,,
2023-12-20,2023,12,0,0,0,0,4841558,12707,0.262,,,
2023-12-21,2023,12,0,0,0,0,4841558,12707,0.262,,,
2023-12-22,2023,12,0,0,0,0,4841558,12707,0.262,,,
2023-12-23,2023,12,0,0,0,0,4841558,12707,0.262,,,
2023-12-24,2023,12,0,0,0,0,4841558,12707,0.262,,,
2023-12-25,2023,12,0,0,0,0,4841558,12707,0.262,,,
2023-12-26,2023,12,0,0,0,0,4841558,12707,0.262,,,
2023-12-27,2023,12,0,0,0,0,4841558,12707,0.262,,,
2023-12-28,2023,12,0,0,0,0,4841558,12707,0.262,,,
2023-12-29,2023,12,0,0,0,0,4841558,12707,0.262,,,
2023-12-30,2023,12,0,0,0,0,4841558,12707,0.262,,,
2023-12-31,2023,12,0,0,0,0,4841558,12707,0.262,,,
2024-01-01,2024,01,0,0,0,0,4841558,12707,0.262,,,
2024-01-02,2024,01,0,0,0,0,4841558,12707,0.262,,,
2024-01-03,2024,01,0,0,0,0,4841558,12707,0.262,,,
2024-01-04,2024,01,0,0,0,0,4841558,12707,0.262,,,
2024-01-05,2024,01,0,0,0,0,4841558,12707,0.262,,,
2024-01-06,2024,01,0,0,0,0,4841558,12707,0.262,,,
2024-01-07,2024,01,0,0,0,0,4841558,12707,0.262,,,
2024-01-08,2024,01,0,0,0,0,4841558,12707,0.262,,,
2024-01-09,2024,01,0,0,0,0,4841558,12707,0.262,,,
2024-01-10,2024,01,0,0,0,0,4841558,12707,0.262,,,
2024-01-11,2024,01,0,0,0,0,4841558,12707,0.262,,,
2024-01-12,2024,01,0,0,0,0,4841558,12707,0.262,,,
2024-01-13,2024,01,0,0,0,0,4841558,12707,0.262,,,
2024-01-14,2024,01,0,0,0,0,4841558,12707,0.262,,,
2024-01-15,2024,01,0,0,0,0,4841558,12707,0.262,,,
2024-01-16,2024,01,0,0,0,0,4841558,12707,0.262,,,
2024-01-17,2024,01,0,0,0,0,4841558,12707,0.262,,,
2024-01-18,2024,01,0,0,0,0,4841558,12707,0.262,,,
2024-01-19,2024,01,0,0,0,0,4841558,12707,0.262,,,
2024-01-20,2024,01,0,0,0,0,4841558,12707,0.262,,,
2024-01-21,2024,01,0,0,0,0,4841558,12707,0.262,,,
2024-01-22,2024,01,0,0,0,0,4841558,12707,0.262,,,
2024-01-23,2024,01,0,0,0,0,4841558,12707,0.262,,,
2024-01-24,2024,01,0,0,0,0,4841558,12707,0.262,,,
2024-01-25,2024,01,0,0,0,0,4841558,12707,0.262,,,
2024-01-26,2024,01,0,0,0,0,4841558,12707,0.262,,,
2024-01-27,2024,01,0,0,0,0,4841558,12707,0.262,,,
2024-01-28,2024,01,0,0,0,0,4841558,12707,0.262,,,
2024-01-29,2024,01,0,0,0,0,4841558,12707,0.262,,,
2024-01-30,2024,01,0,0,0,0,4841558,12707,0.262,,,
2024-01-31,2024,01,0,0,0,0,4841558,12707,0.262,,,
2024-02-01,2024,02,0,0,0,0,4841558,12707,0.262,,,
2024-02-02,2024,02,0,0,0,0,4841558,12707,0.262,,,
2024-02-03,2024,02,0,0,0,0,4841558,12707,0.262,,,
2024-02-04,2024,02,0,0,0,0,4841558,12707,0.262,,,
2024-02-05,2024,02,0,0,0,0,4841558,12707,0.262,,,
2024-02-06,2024,02,0,0,0,0,4841558,12707,0.262,,,
2024-02-07,2024,02,0,0,0,0,4841558,12707,0.262,,,
2024-02-08,2024,02,0,0,0,0,4841558,12707,0.262,,,
2024-02-09,2024,02,0,0,0,0,4841558,12707,0.262,,,
2024-02-10,2024,02,0,0,0,0,4841558,12707,0.262,,,
2024-02-11,2024,02,0,0,0,0,4841558,12707,0.262,,,
2024-02-12,2024,02,0,0,0,0,4841558,12707,0.262,,,
2024-02-13,2024,02,0,0,0,0,4841558,12707,0.262,,,
2024-02-14,2024,02,0,0,0,0,4841558,12707,0.262,,,
2024-02-15,2024,02,0,0,0,0,4841558,12707,0.262,,,
2024-02-16,2024,02,0,0,0,0,4841558,12707,0.262,,,
2024-02-17,2024,02,0,0,0,0,4841558,12707,0.262,,,
2024-02-18,2024,02,0,0,0,0,4841558,12707,0.262,,,
2024-02-19,2024,02,0,0,0,0,4841558,12707,0.262,,,
2024-02-20,2024,02,0,0,0,0,4841558,12707,0.262,,,
2024-02-21,2024,02,0,0,0,0,4841558,12707,0.262,,,
2024-02-22,2024,02,0,0,0,0,4841558,12707,0.262,,,
2024-02-23,2024,02,0,0,0,0,4841558,12707,0.262,,,
2024-02-24,2024,02,0,0,0,0,4841558,12707,0.262,,,
2024-02-25,2024,02,0,0,0,0,4841558,12707,0.262,,,
2024-02-26,2024,02,0,0,0,0,4841558,12707,0.262,,,
2024-02-27,2024,02,0,0,0,0,4841558,12707,0.262,,,
2024-02-28,2024,02,0,0,0,0,4841558,12707,0.262,,,
2024-02-29,2024,02,0,0,0,0,4841558,12707,0.262,,,
2024-03-01,2024,03,0,0,0,0,4841558,12707,0.262,,,
2024-03-02,2024,03,0,0,0,0,4841558,12707,0.262,,,
2024-03-03,2024,03,0,0,0,0,4841558,12707,0.262,,,
2024-03-04,2024,03,0,0,0,0,4841558,12707,0.262,,,
2024-03-05,2024,03,0,0,0,0,4841558,12707,0.262,,,
2024-03-06,2024,03,0,0,0,0,4841558,12707,0.262,,,
2024-03-07,2024,03,0,0,0,0,4841558,12707,0.262,,,
2024-03-08,2024,03,0,0,0,0,4841558,12707,0.262,,,
2024-03-09,2024,03,0,0,0,0,4841558,12707,0.262,,,
2024-03-10,2024,03,0,0,0,0,4841558,12707,0.262,,,
2024-03-11,2024,03,0,0,0,0,4841558,12707,0.262,,,
2024-03-12,2024,03,0,0,0,0,4841558,12707,0.262,,,
2024-03-13,2024,03,0,0,0,0,4841558,12707,0.262,,,
2024-03-14,2024,03,0,0,0,0,4841558,12707,0.262,,,
2024-03-15,2024,03,0,0,0,0,4841558,12707,0.262,,,
2024-03-16,2024,03,0,0,0,0,4841558,12707,0.262,,,
2024-03-17,2024,03,0,0,0,0,4841558,12707,0.262,,,
2024-03-18,2024,03,0,0,0,0,4841558,12707,0.262,,,
2024-03-19,2024,03,0,0,0,0,4841558,12707,0.262,,,
2024-03-20,2024,03,0,0,0,0,4841558,12707,0.262,,,
2024-03-21,2024,03,0,0,0,0,4841558,12707,0.262,,,
2024-03-22,2024,03,0,0,0,0,4841558,12707,0.262,,,
2024-03-23,2024,03,0,0,0,0,4841558,12707,0.262,,,
2024-03-24,2024,03,0,0,0,0,4841558,12707,0.262,,,
2024-03-25,2024,03,0,0,0,0,4841558,12707,0.262,,,
2024-03-26,2024,03,0,0,0,0,4841558,12707,0.262,,,
2024-03-27,2024,03,0,0,0,0,4841558,12707,0.262,,,
2024-03-28,2024,03,0,0,0,0,4841558,12707,0.262,,,
2024-03-29,2024,03,0,0,0,0,4841558,12707,0.262,,,
2024-03-30,2024,03,0,0,0,0,4841558,12707,0.262,,,
2024-03-31,2024,03,0,0,0,0,4841558,12707,0.262,,,
2024-04-01,2024,04,0,0,0,0,4841558,12707,0.262,,,
2024-04-02,2024,04,0,0,0,0,4841558,12707,0.262,,,
2024-04-03,2024,04,0,0,0,0,4841558,12707,0.262,,,
2024-04-04,2024,04,0,0,0,0,4841558,12707,0.262,,,
2024-04-05,2024,04,0,0,0,0,4841558,12707,0.262,,,
2024-04-06,2024,04,0,0,0,0,4841558,12707,0.262,,,
2024-04-07,2024,04,0,0,0,0,4841558,12707,0.262,,,
2024-04-08,2024,04,0,0,0,0,4841558,12707,0.262,,,
2024-04-09,2024,04,0,0,0,0,4841558,12707,0.262,,,
2024-04-10,2024,04,0,0,0,0,4841558,12707,0.262,,,
2024-04-11,2024,04,0,0,0,0,4841558,12707,0.262,,,
2024-04-12,2024,04,0,0,0,0,4841558,12707,0.262,,,
2024-04-13,2024,04,0,0,0,0,4841558,12707,0.262,,,
2024-04-14,2024,04,0,0,0,0,4841558,12707,0.262,,,
2024-04-15,2024,04,0,0,0,0,4841558,12707,0.262,,,
2024-04-16,2024,04,0,0,0,0,4841558,12707,0.262,,,
2024-04-17,2024,04,0,0,0,0,4841558,12707,0.262,,,
2024-04-18,2024,04,0,0,0,0,4841558,12707,0.262,,,
2024-04-19,2024,04,0,0,0,0,4841558,12707,0.262,,,
2024-04-20,2024,04,0,0,0,0,4841558,12707,0.262,,,
2024-04-21,2024,04,0,0,0,0,4841558,12707,0.262,,,
2024-04-22,2024,04,0,0,0,0,4841558,12707,0.262,,,
2024-04-23,2024,04,0,0,0,0,4841558,12707,0.262,,,
2024-04-24,2024,04,0,0,0,0,4841558,12707,0.262,,,
2024-04-25,2024,04,0,0,0,0,4841558,12707,0.262,,,
2024-04-26,2024,04,0,0,0,0,4841558,12707,0.262,,,
2024-04-27,2024,04,0,0,0,0,4841558,12707,0.262,,,
2024-04-28,2024,04,0,0,0,0,4841558,12707,0.262,,,
2024-04-29,2024,04,0,0,0,0,4841558,12707,0.262,,,
2024-04-30,2024,04,0,0,0,0,4841558,12707,0.262,,,
2024-05-01,2024,05,0,0,0,0,4841558,12707,0.262,,,
2024-05-02,2024,05,0,0,0,0,4841558,12707,0.262,,,
2024-05-03,2024,05,0,0,0,0,4841558,12707,0.262,,,
2024-05-04,2024,05,0,0,0,0,4841558,12707,0.262,,,
2024-05-05,2024,05,0,0,0,0,4841558,12707,0.262,,,
2024-05-06,2024,05,0,0,0,0,4841558,12707,0.262,,,
2024-05-07,2024,05,0,0,0,0,4841558,12707,0.262,,,
2024-05-08,2024,05,0,0,0,0,4841558,12707,0.262,,,
2024-05-09,2024,05,0,0,0,0,4841558,12707,0.262,,,
2024-05-10,2024,05,0,0,0,0,4841558,12707,0.262,,,
2024-05-11,2024,05,0,0,0,0,4841558,12707,0.262,,,
2024-05-12,2024,05,0,0,0,0,4841558,12707,0.262,,,
2024-05-13,2024,05,0,0,0,0,4841558,12707,0.262,,,
2024-05-14,2024,05,0,0,0,0,4841558,12707,0.262,,,
2024-05-15,2024,05,0,0,0,0,4841558,12707,0.262,,,
2024-05-16,2024,05,0,0,0,0,4841558,12707,0.262,,,
2024-05-17,2024,05,0,0,0,0,4841558,12707,0.262,,,
2024-05-18,2024,05,0,0,0,0,4841558,12707,0.262,,,
2024-05-19,2024,05,0,0,0,0,4841558,12707,0.262,,,
2024-05-20,2024,05,0,0,0,0,4841558,12707,0.262,,,
2024-05-21,2024,05,0,0,0,0,4841558,12707,0.262,,,
2024-05-22,2024,05,0,0,0,0,4841558,12707,0.262,,,
2024-05-23,2024,05,0,0,0,0,4841558,12707,0.262,,,
2024-05-24,2024,05,0,0,0,0,4841558,12707,0.262,,,
2024-05-25,2024,05,0,0,0,0,4841558,12707,0.262,,,
2024-05-26,2024,05,0,0,0,0,4841558,12707,0.262,,,
2024-05-27,2024,05,0,0,0,0,4841558,12707,0.262,,,
2024-05-28,2024,05,0,0,0,0,4841558,12707,0.262,,,
2024-05-29,2024,05,0,0,0,0,4841558,12707,0.262,,,
2024-05-30,2024,05,0,0,0,0,4841558,12707,0.262,,,
2024-05-31,2024,05,0,0,0,0,4841558,12707,0.262,,,
2024-06-01,2024,06,0,0,0,0,4841558,12707,0.262,,,
2024-06-02,2024,06,0,0,0,0,4841558,12707,0.262,,,
2024-06-03,2024,06,0,0,0,0,4841558,12707,0.262,,,
2024-06-04,2024,06,0,0,0,0,4841558,12707,0.262,,,
2024-06-05,2024,06,0,0,0,0,4841558,12707,0.262,,,
2024-06-06,2024,06,0,0,0,0,4841558,12707,0.262,,,
2024-06-07,2024,06,0,0,0,0,4841558,12707,0.262,,,
2024-06-08,2024,06,0,0,0,0,4841558,12707,0.262,,,
2024-06-09,2024,06,0,0,0,0,4841558,12707,0.262,,,
2024-06-10,2024,06,0,0,0,0,4841558,12707,0.262,,,
2024-06-11,2024,06,0,0,0,0,4841558,12707,0.262,,,
2024-06-12,2024,06,0,0,0,0,4841558,12707,0.262,,,
2024-06-13,2024,06,0,0,0,0,4841558,12707,0.262,,,
2024-06-14,2024,06,0,0,0,0,4841558,12707,0.262,,,
2024-06-15,2024,06,0,0,0,0,4841558,12707,0.262,,,
2024-06-16,2024,06,0,0,0,0,4841558,12707,0.262,,,
2024-06-17,2024,06,0,0,0,0,4841558,12707,0.262,,,
2024-06-18,2024,06,0,0,0,0,4841558,12707,0.262,,,
2024-06-19,2024,06,0,0,0,0,4841558,12707,0.262,,,
2024-06-20,2024,06,0,0,0,0,4841558,12707,0.262,,,
2024-06-21,2024,06,0,0,0,0,4841558,12707,0.262,,,
2024-06-22,2024,06,0,0,0,0,4841558,12707,0.262,,,
2024-06-23,2024,06,0,0,0,0,4841558,12707,0.262,,,
2024-06-24,2024,06,0,0,0,0,4841558,12707,0.262,,,
2024-06-25,2024,06,0,0,0,0,4841558,12707,0.262,,,
2024-06-26,2024,06,0,0,0,0,4841558,12707,0.262,,,
2024-06-27,2024,06,0,0,0,0,4841558,12707,0.262,,,
2024-06-28,2024,06,0,0,0,0,4841558,12707,0.262,,,
2024-06-29,2024,06,0,0,0,0,4841558,12707,0.262,,,
2024-06-30,2024,06,0,0,0,0,4841558,12707,0.262,,,
2024-07-01,2024,07,0,0,0,0,4841558,12707,0.262,,,
2024-07-02,2024,07,0,0,0,0,4841558,12707,0.262,,,
2024-07-03,2024,07,0,0,0,0,4841558,12707,0.262,,,
2024-07-04,2024,07,0,0,0,0,4841558,12707,0.262,,,
2024-07-05,2024,07,0,0,0,0,4841558,12707,0.262,,,
2024-07-06,2024,07,0,0,0,0,4841558,12707,0.262,,,
2024-07-07,2024,07,0,0,0,0,4841558,12707,0.262,,,
2024-07-08,2024,07,0,0,0,0,4841558,12707,0.262,,,
2024-07-09,2024,07,0,0,0,0,4841558,12707,0.262,,,
2024-07-10,2024,07,0,0,0,0,4841558,12707,0.262,,,
2024-07-11,2024,07,0,0,0,0,4841558,12707,0.262,,,
2024-07-12,2024,07,0,0,0,0,4841558,12707,0.262,,,
2024-07-13,2024,07,0,0,0,0,4841558,12707,0.262,,,
2024-07-14,2024,07,0,0,0,0,4841558,12707,0.262,,,
2024-07-15,2024,07,0,0,0,0,4841558,12707,0.262,,,
2024-07-16,2024,07,0,0,0,0,4841558,12707,0.262,,,
2024-07-17,2024,07,0,0,0,0,4841558,12707,0.262,,,
2024-07-18,2024,07,0,0,0,0,4841558,12707,0.262,,,
2024-07-19,2024,07,0,0,0,0,4841558,12707,0.262,,,
2024-07-20,2024,07,0,0,0,0,4841558,12707,0.262,,,
2024-07-21,2024,07,0,0,0,0,4841558,12707,0.262,,,
2024-07-22,2024,07,0,0,0,0,4841558,12707,0.262,,,
2024-07-23,2024,07,0,0,0,0,4841558,12707,0.262,,,
2024-07-24,2024,07,0,0,0,0,4841558,12707,0.262,,,
2024-07-25,2024,07,0,0,0,0,4841558,12707,0.262,,,
2024-07-26,2024,07,0,0,0,0,4841558,12707,0.262,,,
2024-07-27,2024,07,0,0,0,0,4841558,12707,0.262,,,
2024-07-28,2024,07,0,0,0,0,4841558,12707,0.262,,,
2024-07-29,2024,07,0,0,0,0,4841558,12707,0.262,,,
2024-07-30,2024,07,0,0,0,0,4841558,12707,0.262,,,
2024-07-31,2024,07,0,0,0,0,4841558,12707,0.262,,,
2024-08-01,2024,08,0,0,0,0,4841558,12707,0.262,,,
2024-08-02,2024,08,0,0,0,0,4841558,12707,0.262,,,
2024-08-03,2024,08,0,0,0,0,4841558,12707,0.262,,,
2024-08-04,2024,08,0,0,0,0,4841558,12707,0.262,,,
