שנה,רבעון,משקל,נפשות,מפרנסים,ילדים עד 18,לאום,דת,רמת דתיות,סוג יישוב,אשכול חברתי-כלכלי,מדד פריפריאליות,חדרים,בעלות על הדירה,מספר כלי רכב,מחשב,אינטרנט,עשירון,הכנסה ברוטו,הכנסה נטו,סך ההוצאה החודשית,הוצאה: מזון,הוצאה: ירקות ופירות,הוצאה: דיור,הוצאה: אחזקת הדירה,הוצאה: ריהוט וציוד,הוצאה: הלבשה והנעלה,הוצאה: בריאות,הוצאה: חינוך תרבות ובידור,הוצאה: תחבורה ותקשורת,הוצאה: מוצרים ושירותים אחרים,אחוז ההוצאה על דיור,אחוז ההוצאה על מזון
2023,2,459.422,5,2,3,יהודים,יהודי,מסורתי,,3,1,4,,2,1,1,6,33515,33176,20870,3934,1336,4710,1744,258,2323,2246,1575,1941,804,22.6,25.3
2023,1,492.917,3,2,1,יהודים,יהודי,מסורתי,,3,1,4,בבעלות,1,1,1,7,28108,23480,12535,1164,1029,4628,657,474,1166,488,448,1882,600,36.9,17.5
2023,1,342.887,2,0,,יהודים,יהודי,חילוני,,3,1,4,בבעלות,1,0,1,9,28245,23617,13016,1163,723,4628,1835,221,730,1003,851,1666,197,35.6,14.5
2023,1,894.187,3,0,1,יהודים,יהודי,מסורתי,,3,1,3,בבעלות,1,0,2,2,9654,6587,10092,2870,51,3067,667,0,537,195,153,1193,1359,30.4,28.9
2023,1,537.826,2,2,,יהודים,יהודי,מסורתי,,3,1,5,,1,1,1,4,12678,12678,17715,2639,511,3534,1092,314,0,1145,121,7508,851,19.9,17.8
2023,1,436.393,4,2,2,יהודים,יהודי,חילוני,,3,1,3,,1,0,1,5,25999,25999,12180,1193,435,2727,1201,0,1622,481,2046,2139,336,22.4,13.4
2023,1,555.626,2,0,,יהודים,יהודי,מסורתי,,3,4,5,בבעלות,1,1,1,8,25867,19646,18311,1444,511,6527,2510,561,0,3064,555,1034,2104,35.6,10.7
2023,1,1338.920,3,3,,יהודים,יהודי,חילוני,,3,4,6,בבעלות,1,3,1,10,50450,44229,38670,1521,1906,9391,4249,394,1014,3355,3150,13629,61,24.3,8.9
2023,2,540.778,4,4,,יהודים,יהודי,מסורתי,,3,4,5.5,,2,4,1,9,54754,54302,44492,3710,2322,6814,2325,735,909,1992,2148,22593,945,15.3,13.6
2023,2,535.832,4,2,2,יהודים,יהודי,חילוני,,4,1,5,בבעלות,2,3,1,7,35969,32969,29173,2523,2073,10181,2422,144,3096,292,3248,1603,3590,34.9,15.8
2023,2,484.745,9,2,7,יהודים,יהודי,חרדי,עירוני גדול,1,5,4,בבעלות,1,2,2,2,24643,19513,20069,1561,0,5175,2755,1178,2235,437,5710,1018,0,25.8,7.8
2023,2,254.879,7,3,3,ערבים,נוצרי,חרדי,,1,3,4,בבעלות,2,1,1,4,29832,28632,16854,5088,247,1200,1343,121,1515,693,1496,3160,1991,7.1,31.7
2023,2,382.795,4,3,,יהודים,יהודי,חילוני,עירוני קטן,4,4,2.5,,,1,1,1,9310,9245,9691,2953,805,3006,682,0,202,0,0,373,1670,31.0,38.8
2023,2,755.361,2,0,,יהודים,יהודי,מסורתי,אחר,3,3,4,בבעלות,,1,1,3,11408,8811,5335,634,449,2597,457,51,0,142,126,195,684,48.7,20.3
2023,2,732.817,2,0,,אחר,אחר,חילוני,אחר,3,3,4,,1,1,1,1,6392,6392,5004,586,278,1800,307,0,0,1449,0,514,69,36.0,17.3
2023,1,524.586,2,0,,יהודים,יהודי,מסורתי,,3,4,4,בבעלות,1,1,1,6,17643,13105,14523,1526,993,4538,1572,1464,203,997,1547,917,766,31.2,17.3
2023,1,554.122,2,1,,יהודים,יהודי,דתי,,3,4,4,,,0,1,2,8397,8397,11876,2942,827,4746,1599,950,0,336,83,305,87,40.0,31.7
2023,2,437.987,3,3,,יהודים,יהודי,אחר,,3,4,6,בבעלות,2,2,1,10,60021,53235,22171,2755,763,6221,3017,308,1010,1876,1091,4587,544,28.1,15.9
2023,1,274.283,3,3,,יהודים,יהודי,דתי,,3,4,4,בבעלות,1,1,1,9,46361,41211,21930,2893,307,5150,2038,920,0,2102,6365,805,1351,23.5,14.6
2023,2,625.079,2,0,,יהודים,יהודי,דתי,,3,4,3,בבעלות,1,1,1,9,30939,27187,20438,8327,0,3752,1512,877,1002,1479,388,1805,1297,18.4,40.7
2023,1,445.220,2,1,,יהודים,יהודי,דתי,,3,4,8,בבעלות,1,4,1,10,39571,31297,24216,3243,0,8324,6836,2281,0,147,645,1456,1283,34.4,13.4
2023,1,773.663,7,1,5,יהודים,יהודי,דתי,,3,4,4,,2,1,1,4,33374,32018,29749,3068,1709,6792,2484,2970,608,1418,5124,3104,2472,22.8,16.1
2023,2,255.634,3,3,1,יהודים,יהודי,דתי,,3,4,6,בבעלות,2,3,1,8,36147,27873,28876,3044,730,8514,1610,1015,602,7601,2963,2442,354,29.5,13.1
2023,2,2412.815,2,2,,יהודים,יהודי,דתי,,3,4,4,בבעלות,1,1,1,9,32317,26838,27353,10847,1490,5150,1916,2916,501,709,1096,361,2367,18.8,45.1
2023,1,490.584,4,2,,ערבים,דרוזי,מסורתי,,2,1,4,בבעלות,2,0,2,8,38756,35256,24754,3476,3205,3500,4155,1666,1115,543,1447,3600,2047,14.1,27.0
2023,1,191.116,2,0,,ערבים,דרוזי,מסורתי,,2,1,3,בבעלות,,0,1,5,15838,13238,11218,1501,903,2600,3128,0,0,0,135,2325,625,23.2,21.4
2023,1,382.474,3,2,1,ערבים,דרוזי,מסורתי,,2,1,4,בבעלות,2,0,2,7,26570,23570,16792,1166,311,3000,2134,311,1906,533,1738,4363,1331,17.9,8.8
2023,1,191.201,3,2,1,ערבים,דרוזי,חילוני,,2,1,2,בבעלות,1,0,1,2,11263,9263,13469,1166,1928,2022,2835,372,355,0,0,4216,574,15.0,23.0
2023,1,363.725,4,2,2,ערבים,דרוזי,חילוני,,2,1,5,בבעלות,2,0,2,5,24984,20984,45389,8020,454,4000,2879,526,5312,0,3735,16142,4320,8.8,18.7
2023,1,199.527,2,1,1,ערבים,דרוזי,מסורתי,,2,1,2,,,0,2,3,11740,9740,9081,357,540,2000,5053,611,203,0,175,141,0,22.0,9.9
2023,1,512.870,4,1,1,ערבים,דרוזי,מסורתי,,2,1,4,בבעלות,1,0,1,4,23205,19705,21057,2840,1161,3500,4183,2065,2517,596,774,2502,920,16.6,19.0
2023,2,393.445,4,1,2,ערבים,דרוזי,מסורתי,,2,1,3,,1,1,2,1,6763,4208,18812,2809,692,2555,3793,0,707,1372,1296,3702,1884,13.6,18.6
2023,1,214.107,2,0,,ערבים,דרוזי,דתי,,2,1,3,בבעלות,1,0,2,6,17812,15312,10010,995,583,2500,3214,51,0,422,51,2194,0,25.0,15.8
2023,1,251.631,4,1,2,ערבים,דרוזי,מסורתי,,2,1,5,בבעלות,,2,2,3,17883,13383,26356,5178,785,4500,4372,5970,304,363,953,999,2931,17.1,22.6
2023,1,161.830,4,2,2,ערבים,דרוזי,מסורתי,,2,1,4,בבעלות,2,2,1,3,18063,14563,22901,2017,95,3500,3195,3426,1167,714,2583,3455,2749,15.3,9.2
2023,2,311.501,4,4,,ערבים,דרוזי,מסורתי,,2,1,7,בבעלות,2,1,1,8,38905,35205,37323,2836,1173,3851,12063,2409,1717,1186,610,10554,925,10.3,10.7
2023,1,293.928,6,5,1,ערבים,דרוזי,מסורתי,,2,1,6,בבעלות,2,1,1,8,59122,55622,45238,10015,1819,3500,4996,733,203,926,2301,19453,1293,7.7,26.2
2023,1,236.580,5,1,,ערבים,נוצרי,מסורתי,,2,3,4,בבעלות,1,2,1,1,10341,7463,18848,5957,757,2878,1066,169,608,200,2306,3266,1643,15.3,35.6
2023,1,143.386,2,0,,ערבים,נוצרי,דתי,,2,3,2,בבעלות,1,0,2,2,8702,6717,15007,1558,833,1985,975,152,355,3519,0,1388,4243,13.2,15.9
2023,1,368.641,4,4,,ערבים,מוסלמי,מסורתי,,2,3,3,בבעלות,1,1,1,5,23475,21675,8419,1171,366,1800,1046,34,0,0,0,3671,331,21.4,18.3
2023,2,325.710,1,0,,ערבים,נוצרי,דתי,,2,3,3,בבעלות,,0,1,2,5795,4010,4600,579,1531,1785,336,0,0,0,0,268,101,38.8,45.9
2023,2,176.335,2,2,,ערבים,נוצרי,מסורתי,,2,3,3,בבעלות,2,2,1,4,14107,11807,14655,3765,1838,2300,1078,1133,0,195,1166,2565,617,15.7,38.2
2023,2,306.698,5,1,,ערבים,נוצרי,דתי,,2,3,3,בבעלות,2,2,1,2,13393,11608,27203,10221,2557,1785,1076,136,0,2219,3444,3857,1908,6.6,47.0
2023,1,1740.083,1,0,,ערבים,נוצרי,דתי,,1,2,2,בבעלות,,0,2,1,1746,-192,8548,1600,513,1938,4199,44,0,0,0,30,224,22.7,24.7
2023,2,788.072,2,0,,יהודים,יהודי,חילוני,כפרי,1,4,2.5,,,2,1,3,11112,11112,6688,1040,502,2305,454,332,325,500,771,328,130,34.5,23.1
2023,2,660.086,5,4,,ערבים,נוצרי,מסורתי,,2,4,4,בבעלות,2,1,1,6,33102,30381,21652,1825,408,2721,1774,472,3707,738,2458,6891,657,12.6,10.3
2023,1,1212.593,1,1,,יהודים,יהודי,חילוני,כפרי,3,5,2,,,0,1,5,10789,10789,12974,2073,920,3030,907,1085,0,1370,150,1203,2235,23.4,23.1
2023,1,845.918,2,1,,יהודים,יהודי,אחר,כפרי,3,5,3,בבעלות,,0,1,5,14985,11325,8279,2544,246,3660,965,72,0,274,122,265,131,44.2,33.7
2023,1,1249.280,1,0,,אחר,מוסלמי,חילוני,כפרי,3,5,1,,,0,2,1,3999,3999,4884,1879,368,454,839,125,66,338,649,165,0,9.3,46.0
2023,2,2379.658,2,2,,אחר,מוסלמי,חילוני,כפרי,3,5,3,,1,1,1,6,19772,19444,19215,4799,0,3736,667,414,1010,306,2770,3679,1833,19.4,25.0
2023,1,1217.247,3,0,,יהודים,יהודי,חילוני,כפרי,3,5,3,,1,2,1,1,7407,7407,9511,1250,657,4746,679,0,0,486,137,1352,203,49.9,20.1
2023,1,487.722,1,1,,יהודים,יהודי,חילוני,כפרי,3,5,2,,,0,2,4,8852,8852,8601,3064,682,1010,509,0,945,1495,224,300,373,11.7,43.6
2023,1,820.836,1,1,,יהודים,יהודי,חילוני,כפרי,3,5,3,,,2,1,8,16666,16666,7157,1750,219,3232,638,354,122,0,27,399,416,45.2,27.5
2023,2,251.103,1,1,,יהודים,יהודי,חילוני,כפרי,3,5,4,בבעלות,1,4,1,9,17953,12853,25290,820,623,5135,939,202,0,3010,7506,3137,3918,20.3,5.7
2023,1,1122.022,2,0,,יהודים,יהודי,חילוני,כפרי,3,5,3,,,2,1,1,6340,6340,12420,5951,1095,4039,597,157,0,0,83,265,232,32.5,56.7
2023,1,1035.637,4,2,2,אחר,אחר,חילוני,כפרי,3,5,4,בבעלות,2,2,1,8,40939,35771,33487,7012,0,5100,1047,0,994,753,3116,15464,0,15.2,20.9
2023,1,642.966,3,2,,אחר,אחר,חילוני,כפרי,3,5,3,,1,1,1,5,21881,21881,13791,1786,643,4039,2543,0,1521,166,0,1722,1371,29.3,17.6
2023,2,2897.496,1,1,,אחר,מוסלמי,חילוני,כפרי,3,5,2.5,,1,2,1,4,7606,7606,9034,1953,197,3507,596,0,313,120,30,1493,824,38.8,23.8
2023,1,1362.884,1,0,,יהודים,יהודי,חילוני,כפרי,3,5,3,בבעלות,,2,1,3,6910,3250,8294,1072,624,3660,1405,0,0,954,415,147,17,44.1,20.4
2023,2,987.288,2,2,,אחר,מוסלמי,חילוני,כפרי,3,5,2.5,,1,0,1,4,14363,14363,10761,2385,541,3301,565,1674,120,429,89,1540,118,30.7,27.2
2023,2,2435.509,1,1,,אחר,אחר,חילוני,כפרי,3,5,3,,,1,1,3,6706,6706,9043,1826,301,3501,1006,61,0,173,1761,347,67,38.7,23.5
2023,2,765.809,2,1,,יהודים,יהודי,אחר,כפרי,4,5,2.5,בבעלות,1,1,1,3,11299,7587,7766,1159,196,3712,410,139,0,154,122,465,1409,47.8,17.4
2023,2,1120.634,2,0,,יהודים,יהודי,מסורתי,כפרי,4,5,4,בבעלות,,1,1,5,14862,10090,18347,5175,522,4895,1187,645,1172,1525,567,484,2175,26.7,31.1
2023,2,1011.782,5,3,2,יהודים,יהודי,חילוני,כפרי,4,5,4,,1,2,1,2,17339,17339,10143,1095,82,4001,1782,61,100,141,858,1805,217,39.4,11.6
2023,2,900.984,4,1,2,יהודים,יהודי,חילוני,כפרי,4,5,3,,1,1,1,1,6168,6168,14373,4042,748,3557,759,115,389,295,2079,1703,686,24.7,33.3
2023,2,1097.265,4,2,2,יהודים,יהודי,חילוני,כפרי,4,5,3,בבעלות,2,3,1,8,39032,35320,29311,4791,0,3792,763,188,1247,1261,5737,8819,2712,12.9,16.3
2023,2,980.073,3,1,2,יהודים,יהודי,חילוני,כפרי,4,5,5,בבעלות,1,3,1,8,35734,29196,20419,4744,1613,5988,2763,1754,0,1069,929,1316,242,29.3,31.1
2023,2,1249.280,1,0,,יהודים,יהודי,חילוני,,5,5,1.5,,,1,2,7,13798,13798,12758,1139,188,9001,196,0,261,1713,0,126,134,70.6,10.4
2023,2,1010.754,1,0,,יהודים,יהודי,חילוני,עירוני בינוני,4,5,4,בבעלות,1,0,2,10,30823,23521,11125,693,517,7371,677,0,0,645,451,686,84,66.3,10.9
2023,2,771.747,5,2,3,יהודים,יהודי,חילוני,אחר,5,5,6,בבעלות,2,3,1,7,40025,31218,37960,4264,1901,9194,3607,185,200,1789,7625,9016,178,24.2,16.2
2023,2,1286.362,2,1,1,יהודים,יהודי,חילוני,אחר,5,5,3.5,,1,2,1,5,17009,16331,13008,2671,440,5030,962,57,651,695,1236,1265,0,38.7,23.9
2023,2,488.240,3,3,,יהודים,יהודי,מסורתי,אחר,5,5,3,,,1,1,10,48818,43095,16594,1800,719,5842,1834,1515,581,2299,907,382,715,35.2,15.2
2023,2,485.146,3,2,1,יהודים,יהודי,חילוני,אחר,5,5,3,,1,2,1,4,17294,17294,18423,1831,491,7001,1126,571,401,158,668,5956,219,38.0,12.6
2023,2,633.173,3,1,1,יהודים,יהודי,דתי,אחר,5,4,4,,1,1,1,5,21875,21536,15015,981,2199,6201,1453,127,150,270,2125,1138,370,41.3,21.2
2023,2,676.018,2,2,,יהודים,יהודי,חילוני,אחר,5,4,5,בבעלות,2,4,1,10,49731,41683,32960,3778,605,7507,2942,361,0,1644,1115,14437,571,22.8,13.3
2023,2,101.276,1,1,,יהודים,יהודי,חילוני,,4,1,4.5,בבעלות,1,2,1,10,36248,28791,15002,433,552,3500,1552,1880,601,415,1341,4283,444,23.3,6.6
2023,2,156.044,1,1,,יהודים,יהודי,חילוני,,4,1,3.5,בבעלות,1,1,1,7,14258,12058,12715,2662,2054,2300,1313,501,50,398,1238,1891,307,18.1,37.1
2023,2,602.240,2,1,,יהודים,יהודי,מסורתי,,5,2,7,בבעלות,2,2,1,9,34508,28840,35531,5487,1756,6186,3446,71,0,1410,951,13725,2499,17.4,20.4
2023,2,527.276,7,1,5,יהודים,יהודי,חרדי,עירוני גדול,1,5,4,בבעלות,1,1,1,1,14130,9000,11510,1763,65,5180,976,211,200,503,1795,816,0,45.0,15.9
2023,2,430.037,4,4,,יהודים,יהודי,חילוני,עירוני גדול,1,5,4,בבעלות,1,4,1,10,59796,54666,12922,1456,3090,5206,1224,0,0,267,259,1418,0,40.3,35.2
2023,2,927.138,3,3,,יהודים,יהודי,חילוני,עירוני בינוני,4,5,4,בבעלות,,2,1,9,39492,32190,17537,2426,418,7458,2606,3278,0,687,20,307,335,42.5,16.2
2023,2,369.135,5,2,3,יהודים,יהודי,חילוני,,4,4,5,בבעלות,2,3,1,5,29088,22344,31781,3922,721,7006,1406,148,691,3888,7324,6200,475,22.0,14.6
2023,2,369.403,6,2,4,יהודים,יהודי,דתי,,4,4,8,בבעלות,2,4,1,10,161485,153366,41076,4596,2623,6953,11191,2151,301,3589,5372,1309,2990,16.9,17.6
2023,2,301.373,5,2,3,יהודים,יהודי,מסורתי,,4,4,6,בבעלות,2,3,1,7,39381,31224,29615,4377,1250,6953,1825,980,521,620,4332,8662,94,23.5,19.0
2023,2,383.675,3,3,,יהודים,יהודי,חילוני,,5,4,6,בבעלות,2,2,2,10,94082,82640,26654,2581,702,10169,2512,65,0,5295,1896,2708,726,38.2,12.3
2023,2,843.849,4,1,2,יהודים,יהודי,לא ידוע,,5,4,6,בבעלות,2,1,1,9,45028,35042,49613,2472,857,10028,3274,8254,0,6595,3055,2119,12960,20.2,6.7
2023,2,343.840,5,2,3,ערבים,נוצרי,מסורתי,,2,2,3,,1,1,1,6,34270,32506,33548,8489,196,3248,3208,457,2070,1725,2329,9203,2623,9.7,25.9
2023,2,601.947,5,4,,ערבים,נוצרי,מסורתי,,2,2,3,בבעלות,2,1,1,3,21730,19966,25364,2466,738,1764,1333,0,401,206,4441,2340,11676,7.0,12.6
2023,2,266.323,2,1,,ערבים,נוצרי,אחר,,2,2,5,בבעלות,,0,1,4,14444,11444,8510,2657,304,3000,1108,0,0,105,0,121,1215,35.3,34.8
2023,2,344.898,4,2,2,ערבים,נוצרי,דתי,,2,2,3,בבעלות,1,3,1,1,8187,6309,13823,1832,1341,1878,5876,104,451,107,525,1553,156,13.6,23.0
2023,2,797.425,3,3,1,יהודים,יהודי,דתי,אחר,4,4,3,בבעלות,1,1,1,4,18471,14713,13886,2135,828,3758,1158,339,1247,808,505,1562,1548,27.1,21.3
2023,2,838.340,6,2,2,יהודים,יהודי,מסורתי,,4,5,6,בבעלות,2,2,1,7,45578,39570,46170,4482,1144,6458,5142,739,1506,4796,2097,19610,197,14.0,12.2
2023,2,220.898,2,2,,יהודים,יהודי,חילוני,,4,4,7,בבעלות,2,2,1,10,161485,153366,47207,8991,990,8255,7375,217,660,575,2789,6770,10586,17.5,21.1
2023,2,439.091,5,2,3,יהודים,יהודי,חילוני,,4,4,5,,2,2,1,9,57113,57113,24465,2092,212,7944,2043,305,421,1886,7021,1034,1507,32.5,9.4
2023,2,922.854,5,2,3,ערבים,דרוזי,חילוני,,3,1,4,בבעלות,1,2,1,6,36648,32148,30317,1159,499,4500,1637,9803,2305,2904,4163,1680,1667,14.8,5.5
2023,2,679.977,1,0,,יהודים,יהודי,חילוני,,4,2,4,בבעלות,1,1,1,8,15763,10524,16967,1439,1092,5342,776,221,0,2239,375,610,4873,31.5,14.9
2023,2,173.710,8,3,5,יהודים,יהודי,חרדי,עירוני גדול,1,5,3.5,בבעלות,1,1,2,4,31660,26530,27346,2122,0,5233,1308,896,3362,3294,6968,2827,1337,19.1,7.8
2023,2,506.420,2,0,,יהודים,יהודי,מסורתי,עירוני גדול,1,5,4,בבעלות,,1,1,5,15020,9890,16761,2931,654,5217,1910,1632,0,3861,76,242,238,31.1,21.4
2023,2,397.043,3,0,1,יהודים,יהודי,חרדי,עירוני גדול,1,5,3,,1,1,1,1,9192,9192,13042,2273,633,5001,471,110,471,96,1778,1822,389,38.3,22.3
2023,2,496.879,2,1,,יהודים,יהודי,דתי,עירוני גדול,1,5,5,בבעלות,,0,1,9,29503,22052,25726,1184,286,7451,6671,1010,150,5629,100,3246,0,29.0,5.7
2023,2,538.794,2,1,1,יהודים,יהודי,מסורתי,עירוני גדול,1,5,3,בבעלות,1,1,1,2,9520,5619,11053,1093,419,3901,1088,0,0,733,1388,2431,0,35.3,13.7
2023,2,433.865,1,0,,יהודים,יהודי,דתי,עירוני גדול,1,5,4,בבעלות,,0,2,8,14993,9863,8147,404,848,5130,977,380,0,64,101,176,67,63.0,15.4
2023,2,313.817,4,4,1,יהודים,יהודי,דתי,עירוני גדול,1,5,5,בבעלות,2,0,1,7,36481,29030,30029,1113,1151,7718,2270,142,0,7435,1581,8173,446,25.7,7.5
2023,2,379.947,3,3,,יהודים,יהודי,חילוני,,3,4,6,בבעלות,2,1,1,7,30994,23961,25678,4966,217,7160,3345,595,1243,447,707,4925,2074,27.9,20.2
2023,2,180.471,7,1,2,יהודים,יהודי,חרדי,,3,4,4,בבעלות,1,3,1,1,14891,9660,31656,1957,435,5231,2231,455,2859,1805,5534,8660,2489,16.5,7.6
2023,2,293.706,1,1,,יהודים,יהודי,מסורתי,אחר,2,2,4,בבעלות,1,0,1,8,16016,12596,10556,816,731,3531,1261,412,381,291,178,2822,134,33.5,14.7
2023,2,551.958,4,2,2,יהודים,יהודי,דתי,אחר,2,2,4,בבעלות,1,3,1,6,30122,26702,17111,570,824,3420,1692,5229,800,2617,835,679,446,20.0,8.1
2023,2,812.192,2,1,,יהודים,יהודי,מסורתי,אחר,3,5,4,בבעלות,1,0,1,9,31258,26916,11013,1746,461,4469,977,33,0,1852,111,1364,0,40.6,20.0
2023,2,610.257,1,0,,יהודים,יהודי,דתי,אחר,3,5,2,,,0,2,6,11956,11956,7588,0,0,2806,207,0,701,394,50,3430,0,37.0,0.0
2023,2,419.344,6,4,2,יהודים,יהודי,דתי,,3,1,8,בבעלות,2,2,1,10,80174,71441,33292,4710,348,5525,4157,1664,7725,844,1484,6741,93,16.6,15.2
2023,2,408.550,2,0,,יהודים,יהודי,מסורתי,,3,1,2,בבעלות,1,0,1,5,17033,14861,43351,1425,1933,24342,1299,561,797,9847,518,693,1936,56.2,7.7
2023,2,395.662,7,3,4,יהודים,יהודי,אחר,,3,1,8,בבעלות,2,3,1,8,62987,57622,32274,5931,1687,5467,2815,986,7476,2632,3218,1602,459,16.9,23.6
2023,2,201.483,2,1,,יהודים,יהודי,דתי,עירוני גדול,1,5,4,בבעלות,1,2,1,8,24954,19824,21321,1653,1185,5255,2705,7103,0,706,491,1604,617,24.6,13.3
2023,2,587.977,7,2,5,יהודים,יהודי,חרדי,עירוני גדול,1,5,4,בבעלות,1,2,1,1,16512,11382,24791,1172,981,5130,2591,506,2946,1286,3100,4941,2138,20.7,8.7
2023,2,899.609,4,2,2,יהודים,יהודי,דתי,,3,3,4,בבעלות,1,1,1,6,31243,26423,18238,2720,609,4990,1721,2463,0,354,3241,1535,605,27.4,18.3
2023,2,306.915,4,1,2,ערבים,מוסלמי,מסורתי,עירוני קטן,4,4,3,,1,1,1,1,9819,9819,8211,1196,537,3006,989,104,220,719,0,1221,217,36.6,21.1
2023,2,382.247,2,1,,ערבים,מוסלמי,מסורתי,עירוני קטן,4,4,3,בבעלות,,0,1,4,12661,10841,4537,842,187,1820,686,0,477,71,252,202,0,40.1,22.7
2023,2,348.686,6,0,3,ערבים,מוסלמי,מסורתי,עירוני קטן,4,4,3,,1,1,1,1,95,95,12629,2124,374,3006,1116,0,0,2015,640,1461,1891,23.8,19.8
2023,2,486.926,2,0,,ערבים,מוסלמי,מסורתי,עירוני קטן,4,4,3,בבעלות,,0,2,2,8006,6186,5893,883,698,1820,723,43,251,222,0,121,1131,30.9,26.8
2023,2,298.513,2,1,,ערבים,מוסלמי,מסורתי,עירוני קטן,4,4,3,בבעלות,2,0,1,3,11677,9857,7110,1087,566,1973,510,0,0,974,0,1869,130,27.7,23.2
2023,2,261.346,5,3,2,יהודים,יהודי,אחר,,5,2,5,בבעלות,2,3,1,8,52134,46004,28495,7492,1228,5000,3333,3013,952,910,434,5128,1005,17.5,30.6
2023,2,465.322,2,0,,יהודים,יהודי,חילוני,,5,2,5,בבעלות,1,1,1,7,20073,17073,13273,1896,1108,3013,1200,1114,0,1669,241,1409,1623,22.7,22.6
2023,2,273.371,2,2,,יהודים,יהודי,חילוני,,5,2,5,בבעלות,2,2,1,10,46140,40180,22924,4301,1434,4278,1720,84,581,1107,2962,5980,477,18.7,25.0
2023,2,1542.605,1,0,,יהודים,יהודי,מסורתי,,3,4,1.5,בבעלות,,1,1,3,6635,4827,6504,870,0,1808,558,1825,0,1327,0,116,0,27.8,13.4
2023,2,551.464,1,0,,יהודים,יהודי,חילוני,כפרי,4,5,4,בבעלות,1,1,1,9,19135,14363,11271,1336,372,4772,1642,78,1132,591,566,739,43,42.3,15.2
2023,2,1483.584,1,1,,אחר,מוסלמי,חילוני,כפרי,4,5,3,בבעלות,,0,1,5,9754,6042,8833,927,937,3712,702,250,335,705,593,521,151,42.0,21.1
2023,2,750.924,2,1,,יהודים,יהודי,מסורתי,כפרי,4,5,3,בבעלות,1,1,1,6,17434,13722,12415,2017,620,3712,510,0,30,808,230,3228,1259,29.9,21.2
2023,2,1249.280,1,0,,יהודים,יהודי,מסורתי,כפרי,4,5,4,בבעלות,,0,2,5,10626,5854,13103,4604,2101,4772,1046,0,0,499,40,40,0,36.4,51.2
2023,2,396.723,4,1,2,יהודים,יהודי,חרדי,כפרי,3,4,5,בבעלות,1,4,2,7,34931,29558,20244,2662,532,4423,3285,2391,266,1505,556,4222,403,21.8,15.8
2023,2,782.988,6,3,3,יהודים,יהודי,חרדי,,3,4,4,בבעלות,,1,2,2,17614,12721,23367,4595,585,5077,1051,801,3843,881,2298,2862,1374,21.7,22.2
2023,2,1118.109,4,1,2,יהודים,יהודי,דתי,,3,4,3,בבעלות,1,1,1,4,22954,19320,11368,2037,206,3710,463,65,0,3700,333,789,65,32.6,19.7
2023,2,658.116,2,1,,יהודים,יהודי,חילוני,,3,4,4,בבעלות,1,1,1,8,24970,20077,13241,2094,1171,4995,1343,1054,0,718,506,1080,280,37.7,24.7
2023,2,399.639,3,3,,אחר,אחר,חילוני,,3,3,3,בבעלות,1,2,1,6,23275,21108,11617,1953,87,2167,1077,131,772,262,998,1031,3138,18.7,17.6
2023,2,545.922,4,3,,יהודים,יהודי,חילוני,,3,3,5,בבעלות,2,3,1,9,45345,41275,27617,4307,1148,4137,1424,301,2064,1512,2115,10224,385,15.0,19.8
2023,2,184.955,1,0,,יהודים,יהודי,מסורתי,,3,3,4,בבעלות,1,0,1,4,7637,4846,8264,974,55,2893,895,159,0,1504,200,1584,0,35.0,12.5
2023,2,825.028,1,0,,יהודים,יהודי,חילוני,,3,3,4,,,0,2,2,5127,5127,6084,1045,256,2950,476,892,0,188,237,40,0,48.5,21.4
2023,2,699.100,1,1,,אחר,אחר,אחר,,3,4,3,,,1,1,4,9005,9005,8542,993,223,4501,592,239,90,1352,391,60,101,52.7,14.2
2023,2,1915.919,2,2,,יהודים,יהודי,חילוני,אחר,2,3,3,,1,2,1,2,9600,9600,10650,2092,1432,400,1301,1518,1002,403,739,1307,454,3.8,33.1
2023,2,575.510,3,1,2,יהודים,יהודי,מסורתי,אחר,2,3,4,בבעלות,,0,2,3,14429,11001,6984,1407,43,3495,986,68,0,0,588,398,0,50.0,20.8
2023,2,1664.456,2,1,,יהודים,יהודי,דתי,אחר,2,3,4,בבעלות,1,1,2,5,17028,13600,6415,1363,419,3428,416,217,0,185,1,260,126,53.4,27.8
2023,2,920.540,4,1,,יהודים,יהודי,אחר,אחר,2,3,4,בבעלות,2,0,2,7,36368,32940,14985,1765,608,3595,1129,0,0,3628,243,2988,1028,24.0,15.8
2023,2,397.227,4,2,2,יהודים,יהודי,חרדי,אחר,2,3,4,בבעלות,1,2,2,7,32290,28862,29907,1326,921,3428,2516,10958,2895,516,4091,1912,1343,11.5,7.5
2023,2,963.475,5,1,3,יהודים,יהודי,מסורתי,,3,4,7,בבעלות,2,2,1,5,28043,21468,40668,5165,167,6575,3920,13675,909,2396,2961,1726,3174,16.2,13.1
2023,2,681.963,4,2,2,יהודים,יהודי,חילוני,,4,5,4,,2,3,1,8,38049,35551,29347,6895,826,5201,2306,167,1588,657,4511,5113,2083,17.7,26.3
2023,2,744.739,3,2,1,יהודים,יהודי,חילוני,,3,1,3,,2,1,1,8,32571,31441,13062,2401,1358,1800,749,91,0,1129,3626,1835,73,13.8,28.8
2023,2,257.300,2,2,,יהודים,יהודי,חילוני,,3,1,4,,1,1,1,5,17283,17283,8563,923,393,2500,413,172,0,681,739,2381,361,29.2,15.4
2023,2,451.591,4,2,2,יהודים,יהודי,חילוני,,3,1,3,,1,1,1,2,12960,12960,17320,688,540,2756,901,67,87,202,5488,6591,0,15.9,7.1
2023,2,820.379,2,0,,יהודים,יהודי,דתי,,4,5,5,בבעלות,,0,2,8,25400,18425,9109,408,76,6975,1160,0,0,289,121,30,50,76.6,5.3
2023,2,169.170,2,2,,יהודים,יהודי,חילוני,,4,5,5,בבעלות,2,4,1,10,52547,45572,17552,743,148,7230,1417,0,701,963,2179,4172,0,41.2,5.1
2023,2,372.094,3,2,1,יהודים,יהודי,חילוני,כפרי,3,4,4,בבעלות,2,2,1,7,29821,25905,15480,3868,308,3916,1356,0,200,479,930,3156,1268,25.3,27.0
2023,2,568.324,1,0,,יהודים,יהודי,חילוני,אחר,3,3,3,בבעלות,1,1,1,3,6227,4001,5288,598,323,2272,442,0,273,574,187,539,81,43.0,17.4
2023,2,526.758,2,0,,יהודים,יהודי,מסורתי,אחר,3,3,4,בבעלות,,0,2,5,16267,13670,8304,2992,561,2597,1034,148,0,827,0,145,0,31.3,42.8
2023,2,680.702,1,1,,יהודים,יהודי,חילוני,אחר,3,3,2,,,1,1,6,11120,11120,2804,326,0,1600,407,0,0,245,0,227,0,57.1,11.6
2023,2,880.054,3,2,1,יהודים,יהודי,דתי,אחר,3,3,4,בבעלות,1,1,1,4,18124,15527,11199,2380,554,2646,1128,304,0,445,3322,269,151,23.6,26.2
2023,2,497.619,4,2,2,יהודים,יהודי,מסורתי,אחר,3,2,3,בבעלות,,1,1,4,19401,16394,10703,2903,483,3007,1021,34,601,544,885,1191,33,28.1,31.6
2023,2,403.535,4,2,2,יהודים,יהודי,מסורתי,אחר,3,2,5,בבעלות,1,2,1,4,19575,15105,14195,1772,349,4470,1370,538,1514,619,2445,806,312,31.5,14.9
2023,2,698.385,1,1,,יהודים,יהודי,חילוני,אחר,3,2,5,בבעלות,1,1,1,9,20462,15201,10536,497,0,4563,1267,405,351,512,347,2594,0,43.3,4.7
2023,2,462.118,2,0,,יהודים,יהודי,חילוני,אחר,3,2,3,בבעלות,1,1,1,7,20619,17612,11443,2606,440,3057,1003,96,328,1639,151,1994,129,26.7,26.6
2023,2,526.913,4,2,2,יהודים,יהודי,חילוני,,3,4,6,בבעלות,1,3,1,9,54752,49476,33690,6597,1589,4565,2613,427,0,597,4634,9152,3515,13.6,24.3
2023,2,496.473,2,0,,יהודים,יהודי,חילוני,,3,4,3,,,1,2,1,3412,3412,8936,1725,666,2929,759,260,170,254,162,410,1601,32.8,26.8
2023,2,1475.023,1,1,,יהודים,יהודי,חילוני,,3,4,4.5,בבעלות,1,1,1,10,30251,25789,6417,382,269,4530,302,0,150,147,0,636,0,70.6,10.1
2023,2,563.268,2,1,1,יהודים,יהודי,חילוני,,3,4,3,בבעלות,,3,2,1,6917,4138,8792,2846,510,2779,600,134,0,1226,61,604,34,31.6,38.2
2023,2,611.145,6,3,2,יהודים,יהודי,חרדי,,1,2,4,בבעלות,1,0,2,5,31933,29464,10793,3321,152,2469,1478,0,0,627,669,2056,20,22.9,32.2
2023,2,1103.422,4,1,2,יהודים,יהודי,חרדי,,1,2,3,,,1,2,1,7464,7117,12486,1349,367,2200,2057,128,131,953,2721,282,2295,17.6,13.7
2023,2,878.759,2,1,,יהודים,יהודי,חילוני,כפרי,3,4,3,בבעלות,,0,1,6,18622,15825,10374,618,69,2867,803,182,967,933,367,3228,341,27.6,6.6
2023,2,1054.987,7,2,5,יהודים,יהודי,דתי,,4,5,4.5,בבעלות,1,3,1,4,28940,22932,43461,3429,406,6137,1918,330,2004,368,25987,2747,133,14.1,8.8
2023,2,1043.966,5,4,,יהודים,יהודי,חילוני,,4,5,4,בבעלות,1,5,1,9,56330,51423,13919,3438,699,4907,1408,214,351,545,1390,920,47,35.3,29.7
2023,2,730.741,4,2,2,יהודים,יהודי,חילוני,,4,5,4,בבעלות,2,2,1,9,46322,41415,20856,2726,261,5111,1764,0,100,805,4009,6081,0,24.5,14.3
2023,2,417.298,5,2,3,יהודים,יהודי,חילוני,,4,5,5,בבעלות,2,4,1,8,52218,42818,30766,8631,1875,6040,2476,485,0,3177,1823,4795,1463,19.6,34.1
2023,2,695.284,3,2,1,אחר,אחר,חילוני,,3,4,3,,1,1,1,5,20453,20453,13334,2950,370,4551,1171,155,200,420,1309,2142,65,34.1,24.9
2023,2,730.542,4,4,,ערבים,מוסלמי,חילוני,,3,2,6,בבעלות,2,2,1,10,56266,51766,31395,4849,739,4792,2656,0,902,2572,4936,9828,121,15.3,17.8
2023,2,159.705,4,3,1,ערבים,נוצרי,מסורתי,,2,3,2,בבעלות,2,3,1,7,36066,33641,50130,1493,280,2625,1216,505,9059,4463,3942,24496,2051,5.2,3.5
2023,2,158.640,3,1,,יהודים,יהודי,חילוני,,4,3,4,בבעלות,1,1,1,8,35704,28704,35293,1723,479,7104,7243,3613,139,2017,6378,6489,108,20.1,6.2
2023,2,792.963,3,1,1,ערבים,דרוזי,דתי,,3,2,4,בבעלות,1,1,1,4,16423,13423,22145,4219,234,3000,2352,501,1503,1114,2195,7025,0,13.5,20.1
2023,2,332.292,5,4,,ערבים,דרוזי,חילוני,,3,2,4,בבעלות,2,1,1,8,46539,43339,20305,1738,451,3200,1705,1178,902,1990,4911,2993,1237,15.8,10.8
2023,2,245.933,3,2,1,ערבים,דרוזי,מסורתי,,3,2,4,בבעלות,2,2,1,8,32344,28344,21858,4371,521,4000,2035,784,351,556,2773,5767,700,18.3,22.4
2023,2,880.966,1,0,,ערבים,דרוזי,דתי,,3,2,2,בבעלות,,0,2,3,7401,4901,11041,2756,1975,2500,2441,726,451,136,0,56,0,22.6,42.8
2023,2,436.547,5,1,2,ערבים,דרוזי,מסורתי,,3,2,3,,1,0,2,1,7946,4946,28947,647,391,3000,1745,0,681,391,445,1277,20371,10.4,3.6
2023,2,375.102,2,1,,ערבים,דרוזי,דתי,,3,2,3,בבעלות,1,1,2,3,11889,9232,11139,1485,1491,2657,1729,446,351,109,200,2375,297,23.9,26.7
2023,2,157.855,2,0,,ערבים,דרוזי,מסורתי,,3,2,3,בבעלות,1,0,2,1,6507,3507,11669,3486,899,3000,1213,101,1052,135,0,1657,125,25.7,37.6
2023,2,840.772,4,4,,ערבים,דרוזי,חילוני,,3,2,4,בבעלות,1,0,1,10,61005,57805,23183,3295,1320,3200,1447,0,802,6113,394,5963,651,13.8,19.9
2023,2,1247.836,1,1,,יהודים,יהודי,חילוני,,3,4,2,בבעלות,1,1,1,3,7489,4583,6159,942,281,3016,966,60,0,545,70,279,0,49.0,19.9
2023,2,350.506,2,2,,יהודים,יהודי,חילוני,עירוני בינוני,4,5,4.5,בבעלות,2,1,1,10,52350,41720,35879,7789,726,12372,2337,90,0,1683,556,10269,56,34.5,23.7
2023,2,2802.588,1,0,,יהודים,יהודי,חילוני,עירוני בינוני,4,5,3,,,1,1,3,6603,1373,6905,712,371,5230,3,0,0,75,145,204,165,75.7,15.7
2023,2,246.965,5,5,1,יהודים,יהודי,חילוני,,4,1,7,בבעלות,2,5,1,9,58771,47537,27264,3413,681,4250,5544,482,1232,1357,1612,7589,1104,15.6,15.0
2023,2,288.740,2,2,,יהודים,יהודי,דתי,עירוני גדול,1,5,5,בבעלות,2,2,1,9,33434,25983,16863,3237,1243,7655,1443,295,818,838,182,1053,101,45.4,26.6
2023,2,269.348,2,1,,יהודים,יהודי,מסורתי,עירוני גדול,1,5,4,בבעלות,2,3,1,10,36107,30977,34514,4412,1292,5255,6476,8996,0,1468,2650,3231,735,15.2,16.5
2023,2,531.497,1,1,,יהודים,יהודי,מסורתי,עירוני גדול,1,5,3,בבעלות,1,1,1,4,7848,3947,9256,1137,343,3901,858,300,143,68,0,2482,25,42.1,16.0
2023,2,617.240,2,0,,ערבים,מוסלמי,מסורתי,עירוני קטן,4,4,4,בבעלות,1,1,1,4,14035,10869,16833,2270,1367,3166,1731,438,0,1160,388,5457,856,18.8,21.6
2023,2,451.792,3,2,,ערבים,מוסלמי,מסורתי,עירוני קטן,4,4,3,בבעלות,1,0,1,1,6890,5070,4184,582,182,1820,1028,0,0,0,0,420,152,43.5,18.3
2023,2,426.472,5,2,3,ערבים,מוסלמי,חילוני,עירוני קטן,4,4,4,בבעלות,1,2,1,3,20626,17460,15541,1580,3659,3166,1540,0,401,126,2344,2577,148,20.4,33.7
2023,2,845.082,3,2,1,יהודים,יהודי,חילוני,,3,4,3,בבעלות,1,1,1,9,38861,35255,35789,5159,751,3606,1343,6590,1052,223,13502,3158,405,10.1,16.5
2023,2,1021.429,1,1,,יהודים,יהודי,דתי,,4,5,3,,,0,1,4,8593,8593,6396,1975,244,200,835,0,0,256,0,938,1947,3.1,34.7
2023,2,315.827,2,0,,יהודים,יהודי,מסורתי,אחר,3,3,4,בבעלות,,1,1,8,25804,23207,11278,3110,443,2597,727,2065,0,1867,252,181,35,23.0,31.5
2023,2,570.677,7,2,2,יהודים,יהודי,חרדי,,1,2,6,בבעלות,,1,1,6,47108,45021,37269,10664,884,3590,4982,3431,0,1242,4877,2690,4908,9.6,31.0
2023,2,2034.296,2,2,,אחר,מוסלמי,חילוני,,4,5,3.5,,1,1,1,1,5835,5835,7979,553,399,4001,1114,0,0,466,66,826,555,50.1,11.9
2023,2,624.982,2,1,,יהודים,יהודי,מסורתי,כפרי,4,5,4,בבעלות,1,2,1,6,18996,14224,23291,5761,1908,4920,1055,231,0,626,312,8237,241,21.1,32.9
2023,2,478.584,5,1,3,יהודים,יהודי,חרדי,,1,4,4,,1,1,1,2,13445,13445,9690,642,64,3601,794,651,521,307,1665,1091,354,37.2,7.3
2023,2,606.112,2,0,,יהודים,יהודי,חילוני,,5,5,4,בבעלות,2,2,1,10,44030,37326,20023,2512,645,7217,2921,65,0,1765,3356,1542,0,36.0,15.8
2023,2,398.815,2,1,,יהודים,יהודי,חילוני,,5,5,4,בבעלות,1,1,1,10,47212,39830,15588,1705,782,7098,1917,43,0,2376,362,1305,0,45.5,16.0
2023,2,1027.606,7,1,5,יהודים,יהודי,דתי,,3,4,3,,1,4,1,2,18917,14217,13488,1797,379,4700,1613,116,511,400,2911,710,351,34.8,16.1
2023,2,539.386,3,3,,יהודים,יהודי,מסורתי,עירוני גדול,1,5,4,בבעלות,2,1,1,8,34333,29203,20855,2301,557,5130,1255,488,2455,2237,1309,5023,100,24.6,13.7
2023,2,943.272,4,1,1,אחר,מוסלמי,חילוני,כפרי,4,5,4,בבעלות,,4,1,4,19686,14914,18198,4214,1021,4772,996,87,301,1559,2609,2640,0,26.2,28.8
2023,2,1212.593,1,0,,יהודים,יהודי,חילוני,כפרי,4,5,4,בבעלות,,2,1,8,16593,11821,8891,455,642,4865,806,220,0,1057,207,179,460,54.7,12.3
2023,2,1378.149,4,4,,יהודים,יהודי,מסורתי,,3,3,3,בבעלות,,3,1,4,20974,18807,12138,2321,825,2167,792,419,0,3115,408,389,1702,17.9,25.9
2023,2,306.632,1,0,,יהודים,יהודי,חילוני,,3,3,3,,,0,2,1,4192,4192,4645,2348,0,220,720,83,0,272,751,51,200,4.7,50.5
2023,2,565.834,3,0,2,אחר,מוסלמי,חילוני,,3,3,3,,,0,2,1,813,813,3848,1302,0,2000,153,0,150,0,0,242,0,52.0,33.8
2023,2,408.078,8,1,6,יהודים,יהודי,חרדי,,1,2,5,בבעלות,2,2,2,1,12408,10321,35351,6225,886,3089,2077,2769,0,804,15423,2119,1958,8.7,20.1
2023,2,779.864,8,2,3,יהודים,יהודי,חרדי,,1,2,7,,,0,2,2,20978,20978,19726,3971,1900,1000,2958,1351,215,817,5615,922,977,5.1,29.8
2023,2,675.191,3,1,,יהודים,יהודי,חילוני,,4,3,4,בבעלות,1,2,1,9,41740,31740,30932,5206,515,10100,11015,65,240,1296,846,1289,361,32.7,18.5
2023,2,191.407,2,2,,יהודים,יהודי,דתי,,2,1,8,בבעלות,2,4,1,10,42768,36530,19178,1591,1609,6421,2391,509,1463,1930,1226,1343,695,33.5,16.7
2023,2,375.838,2,1,,יהודים,יהודי,דתי,,2,1,8,בבעלות,1,1,1,8,25335,21335,16494,4751,1464,4000,1042,270,0,2252,323,1418,973,24.3,37.7
2023,2,346.452,2,2,,יהודים,יהודי,דתי,,2,1,6,בבעלות,1,2,1,9,28151,24151,16246,2544,271,4000,1888,1335,434,377,728,2287,2381,24.6,17.3
2023,2,586.740,7,2,5,יהודים,יהודי,דתי,,2,1,6,בבעלות,2,3,1,4,28913,23008,22083,3431,1044,5000,2914,1392,802,469,4288,1485,1259,22.6,20.3
2023,2,508.689,3,2,,יהודים,יהודי,דתי,,2,1,5,בבעלות,2,3,1,8,37009,31009,36826,1756,687,6129,4538,332,902,1664,3599,15473,1747,16.6,6.6
2023,2,859.120,3,1,1,יהודים,יהודי,דתי,,2,1,3,,1,1,1,3,14162,14162,10464,1769,377,0,578,266,501,173,4645,2047,108,0.0,20.5
2023,2,476.354,6,2,4,יהודים,יהודי,מסורתי,,2,1,5,בבעלות,1,1,2,5,36619,31675,14992,2837,543,4944,1453,570,381,353,3006,356,551,33.0,22.5
2023,2,718.662,5,2,3,יהודים,יהודי,מסורתי,אחר,4,4,6,,2,4,1,4,25109,24544,20419,4498,515,5413,2894,775,501,1249,3162,1055,358,26.5,24.6
2023,2,299.009,3,2,,ערבים,נוצרי,דתי,,2,4,6,בבעלות,2,1,1,6,24342,20842,26552,5222,1784,3500,3060,1070,812,2271,441,6564,1828,13.2,26.4
2023,2,336.580,6,1,4,ערבים,נוצרי,דתי,,2,4,4,בבעלות,1,2,1,2,17941,15220,18989,3425,1334,2721,1481,1062,3407,551,2566,1502,939,14.3,25.1
2023,2,380.815,2,1,,יהודים,יהודי,חרדי,עירוני גדול,1,5,4,בבעלות,,1,1,4,13700,8570,8702,513,0,5130,1693,0,0,791,104,288,183,59.0,5.9
2023,2,307.569,11,1,7,יהודים,יהודי,חרדי,עירוני גדול,1,5,6,בבעלות,,0,2,2,22563,15112,30182,3512,1614,7451,2131,2492,3097,849,7916,772,349,24.7,17.0
2023,2,537.095,3,1,1,יהודים,יהודי,חילוני,עירוני קטן,4,4,3,,,4,1,1,6596,6596,7589,1837,1042,2806,507,158,252,370,279,337,0,37.0,37.9
2023,2,618.594,1,1,,יהודים,יהודי,מסורתי,עירוני קטן,4,4,2.5,,,0,2,4,8143,7817,7228,1908,366,2205,434,302,0,32,0,1981,0,30.5,31.5
2023,2,265.412,2,1,1,אחר,אחר,חילוני,עירוני קטן,4,4,3,,1,2,1,7,21739,21739,22273,1976,872,4664,425,84,0,9476,2657,1324,795,20.9,12.8
2023,2,761.602,6,2,4,יהודים,יהודי,דתי,אחר,3,5,4,בבעלות,1,0,1,3,25376,21034,14969,2631,130,4434,1891,411,638,353,3298,925,259,29.6,18.4
2023,2,219.049,2,2,,יהודים,יהודי,חילוני,,4,1,4,בבעלות,1,1,1,6,17623,14623,41514,3208,176,5505,3629,6894,371,6640,7389,7704,0,13.3,8.2
2023,2,335.823,4,2,2,יהודים,יהודי,חילוני,,4,1,4,בבעלות,2,2,2,7,35377,30972,19327,2938,1282,3585,2018,39,50,1804,5318,1908,386,18.5,21.8
2023,2,420.073,1,1,,יהודים,יהודי,חילוני,,4,1,6,בבעלות,1,1,1,10,22402,12729,15766,209,58,8625,1494,140,0,855,190,1390,2806,54.7,1.7
2023,2,455.454,6,2,4,יהודים,יהודי,חילוני,,4,1,4,,2,4,1,8,50054,50054,24722,3368,847,3181,1978,267,900,1255,4720,7234,972,12.9,17.0
2023,2,389.038,13,1,11,יהודים,יהודי,חרדי,עירוני גדול,1,5,5,בבעלות,,2,2,1,17595,10144,26162,3993,803,7451,1017,858,2756,859,6497,1265,662,28.5,18.3
2023,2,377.618,3,2,,יהודים,יהודי,דתי,עירוני גדול,1,5,5,בבעלות,1,0,2,7,26478,19027,15811,1047,718,7519,2059,65,0,159,994,3250,0,47.6,11.2
2023,2,372.791,5,3,2,יהודים,יהודי,חילוני,,4,4,5,בבעלות,2,3,1,8,52517,45057,36168,5782,712,7577,2414,61,0,997,14507,3867,252,20.9,18.0
2023,2,679.947,2,0,,יהודים,יהודי,מסורתי,אחר,3,1,7,בבעלות,1,1,1,9,33181,26292,33005,2279,1273,7091,1718,2623,501,1563,1960,12671,1327,21.5,10.8
2023,2,617.686,4,2,2,יהודים,יהודי,מסורתי,,5,5,2,,2,1,1,4,20311,20311,13744,1785,398,2950,660,0,0,2807,3665,1188,290,21.5,15.9
2023,2,629.074,2,2,,יהודים,יהודי,מסורתי,כפרי,3,4,4,בבעלות,1,0,1,10,35180,31414,10586,1059,366,3505,968,1178,301,642,505,757,1305,33.1,13.5
2023,2,665.892,2,2,,יהודים,יהודי,מסורתי,,3,3,4,,1,3,1,9,33998,33998,16941,1594,637,3741,1297,3097,0,342,1499,4638,98,22.1,13.2
2023,2,443.738,1,0,,יהודים,יהודי,מסורתי,אחר,2,2,5,בבעלות,1,0,2,4,8988,4670,16735,2614,113,5006,1348,6329,0,96,202,984,43,29.9,16.3
2023,2,792.150,2,1,,יהודים,יהודי,חילוני,אחר,3,5,3,בבעלות,1,0,1,7,21398,18100,15922,2569,877,3398,564,961,891,1941,1408,3313,0,21.3,21.6
2023,2,548.095,5,2,2,יהודים,יהודי,דתי,,3,1,4,בבעלות,2,1,1,2,13678,9732,15231,2558,1067,4082,2393,281,80,183,2113,2041,433,26.8,23.8
2023,2,953.422,1,1,,יהודים,יהודי,חילוני,עירוני קטן,4,4,3,בבעלות,,0,1,4,8458,6638,8408,920,84,1837,311,0,1303,3239,182,403,130,21.8,11.9
2023,2,384.404,5,2,3,יהודים,יהודי,חילוני,,5,2,5,בבעלות,2,4,1,9,53675,45349,48584,3640,1709,6825,4669,9943,1904,2042,11518,6237,99,14.0,11.0
2023,2,299.766,1,1,,יהודים,יהודי,חילוני,,5,2,4,בבעלות,1,0,1,7,13190,9190,9959,1091,460,4000,865,110,0,378,1186,1870,0,40.2,15.6
2023,2,500.398,3,2,1,יהודים,יהודי,חילוני,,5,2,3,,2,2,1,7,27288,27288,29461,2723,819,3501,1869,0,48,921,3829,15578,174,11.9,12.0
2023,2,164.308,2,1,,יהודים,יהודי,חילוני,,5,2,3,בבעלות,,0,1,8,24198,20698,9505,2502,43,3500,2759,0,0,289,230,181,0,36.8,26.8
2023,2,926.675,2,0,,יהודים,יהודי,חילוני,,2,1,4,בבעלות,1,1,1,2,8106,5306,12847,2437,616,2800,717,858,421,3979,76,824,120,21.8,23.8
2023,2,279.719,4,4,,יהודים,יהודי,חילוני,,3,4,6,בבעלות,1,3,1,10,66416,59708,15678,1675,1136,6915,3203,60,0,929,857,643,261,44.1,17.9
2023,2,809.546,2,0,,יהודים,יהודי,מסורתי,,4,5,5,בבעלות,1,1,1,4,12126,5151,32405,3189,1175,17941,1415,467,0,5754,1166,1028,269,55.4,13.5
2023,2,762.947,2,1,1,יהודים,יהודי,חילוני,,4,5,4,בבעלות,1,1,1,8,24021,18006,18722,1272,224,6140,3055,72,571,258,4903,2065,161,32.8,8.0
2023,2,580.360,10,1,8,יהודים,יהודי,חרדי,אחר,1,3,5,,,1,1,1,7272,7272,14550,1619,220,5501,1528,170,0,570,3554,902,484,37.8,12.6
2023,2,728.459,4,1,2,יהודים,יהודי,חרדי,אחר,1,3,2,בבעלות,,1,1,3,16232,13867,7432,943,577,2365,1151,181,0,172,1326,617,100,31.8,20.5
2023,2,281.763,5,5,,ערבים,מוסלמי,מסורתי,עירוני קטן,4,4,4,בבעלות,2,6,1,8,51012,47846,28886,7391,217,3166,1807,808,86,2716,3258,8538,899,11.0,26.3
2023,2,658.606,6,1,4,יהודים,יהודי,חרדי,,1,2,4,,2,1,1,3,20875,20875,18476,2087,359,2130,1536,1789,0,863,1407,7330,974,11.5,13.2
2023,2,626.000,2,2,,אחר,אחר,לא ידוע,אחר,3,1,4,בבעלות,1,2,1,9,31822,27233,16593,1194,635,4594,933,61,1353,256,1384,6163,20,27.7,11.0
2023,2,644.389,5,1,4,יהודים,יהודי,מסורתי,,3,2,4,,1,2,1,1,9879,9879,12299,2706,924,700,1448,0,1050,1291,2925,734,521,5.7,29.5
2023,2,263.905,6,3,3,ערבים,נוצרי,מסורתי,,2,2,4,בבעלות,2,4,1,6,40706,38206,63629,9246,3199,2704,3752,3321,19183,1099,6268,7152,7705,4.2,19.6
2023,2,1883.996,2,1,,יהודים,יהודי,חילוני,כפרי,4,5,3,,2,2,1,2,8568,8568,16683,3475,43,3307,926,168,0,136,5421,2707,500,19.8,21.1
2023,1,610.640,1,1,,יהודים,יהודי,חילוני,כפרי,3,4,3,בבעלות,,0,1,5,10028,7231,5904,874,74,2885,288,0,122,0,277,69,1315,48.9,16.1
2023,1,474.170,6,2,4,יהודים,יהודי,חרדי,כפרי,3,4,4,,1,0,2,2,17278,17278,12910,2289,417,3030,830,2256,1115,201,1855,616,300,23.5,21.0
2023,2,511.110,5,2,2,יהודים,יהודי,חרדי,כפרי,3,4,4,בבעלות,,0,2,4,23232,19727,21318,2877,1494,3607,1500,1161,3333,1031,2710,1804,1801,16.9,20.5
2023,2,1160.312,3,1,,יהודים,יהודי,חילוני,כפרי,3,4,4.5,בבעלות,,0,1,4,16301,11878,9265,705,314,4627,478,33,200,2213,391,108,195,49.9,11.0
2023,2,398.038,4,4,,אחר,מוסלמי,חילוני,כפרי,3,4,4,בבעלות,2,2,1,10,63849,60344,22652,1456,882,3505,778,43,1333,1053,2449,10827,327,15.5,10.3
2023,1,930.864,5,2,3,יהודים,יהודי,חילוני,,4,5,4,,1,4,1,8,45833,45833,23299,2950,1027,5721,1957,72,2839,1562,1935,5236,0,24.6,17.1
2023,1,801.573,3,1,2,יהודים,יהודי,חילוני,,4,5,5,בבעלות,1,1,1,9,38284,27558,24007,2091,155,8993,5449,190,1419,1055,2095,2060,499,37.5,9.4
2023,1,632.413,2,0,,יהודים,יהודי,מסורתי,,4,5,4,בבעלות,1,2,1,6,17987,13260,13134,1693,520,4885,1163,88,0,1560,1205,964,1056,37.2,16.8
2023,2,765.487,4,2,2,יהודים,יהודי,חילוני,,4,5,4,בבעלות,1,4,1,6,29565,24838,17330,1462,1065,4804,1802,1970,420,902,2858,1716,332,27.7,14.6
2023,1,1027.049,2,1,,יהודים,יהודי,מסורתי,,4,5,4,בבעלות,,0,2,5,15817,11090,10729,351,39,4903,4016,72,0,897,224,226,0,45.7,3.6
2023,2,1081.408,2,0,,יהודים,יהודי,חילוני,,4,5,4,בבעלות,1,2,1,3,10388,5661,12361,2584,528,4828,896,500,404,1855,204,560,0,39.1,25.2
2023,1,402.662,3,3,,יהודים,יהודי,מסורתי,,3,4,4,,2,3,1,9,38345,37885,17875,5657,2743,4241,1265,466,0,714,591,2063,136,23.7,47.0
2023,1,1144.502,2,1,1,יהודים,יהודי,חילוני,,3,4,3,,1,1,1,4,13399,13071,5211,329,0,3534,658,0,0,102,269,319,0,67.8,6.3
2023,1,959.694,3,3,,יהודים,יהודי,מסורתי,,3,4,4,בבעלות,2,1,1,7,30154,24932,13866,2323,627,4893,1497,164,811,809,234,2343,165,35.3,21.3
2023,1,539.180,3,1,2,יהודים,יהודי,חילוני,,3,4,4,בבעלות,1,3,1,6,25921,21028,14934,1476,307,4893,969,102,1135,399,2164,2869,619,32.8,11.9
2023,1,794.449,3,2,1,יהודים,יהודי,מסורתי,,3,4,4,בבעלות,2,1,1,10,57941,52822,25844,3076,167,4893,1846,1362,3041,500,3698,7051,210,18.9,12.5
2023,1,900.848,4,2,2,יהודים,יהודי,חילוני,,3,4,5,בבעלות,2,2,1,9,54406,47831,34788,3054,1071,6575,2764,237,0,0,1852,19236,0,18.9,11.9
2023,2,691.443,4,2,2,יהודים,יהודי,דתי,,3,4,4,,1,2,1,4,22886,22886,55056,2505,866,5857,3501,647,1616,1325,4244,34104,391,10.6,6.1
2023,2,1057.063,2,2,,יהודים,יהודי,מסורתי,,3,4,4,,2,1,1,8,26302,25511,13101,1662,122,7069,1658,94,0,213,72,2211,0,54.0,13.6
2023,2,2748.135,1,1,,יהודים,יהודי,חילוני,כפרי,4,5,4,בבעלות,1,2,1,9,19327,14766,18691,1164,0,4561,1002,0,0,1270,523,9078,1093,24.4,6.2
2023,2,633.518,5,2,3,יהודים,יהודי,חילוני,כפרי,4,5,5,בבעלות,1,2,1,7,38548,32688,24942,4864,668,5982,1931,497,656,671,4723,4429,521,24.0,22.2
2023,1,973.075,3,2,1,יהודים,יהודי,חילוני,כפרי,4,5,4,,2,3,1,6,25970,25292,20205,2921,302,4948,1750,255,0,926,4473,3230,1399,24.5,16.0
2023,1,909.966,4,1,2,יהודים,יהודי,חילוני,כפרי,4,5,4,בבעלות,1,2,1,8,39571,35010,18981,2609,1446,4561,1789,0,41,1202,3888,3325,121,24.0,21.4
2023,1,426.838,4,3,2,יהודים,יהודי,חרדי,כפרי,4,5,2,,1,2,1,7,33077,33077,14904,1380,1016,295,818,542,197,722,3520,1265,5149,2.0,16.1
2023,1,1194.918,4,2,1,יהודים,יהודי,מסורתי,כפרי,4,5,5,בבעלות,2,3,1,5,25675,19815,25336,1657,460,5860,1647,114,0,2583,2192,10012,811,23.1,8.4
2023,2,745.495,5,2,3,יהודים,יהודי,חילוני,כפרי,4,5,4,בבעלות,2,2,1,1,11798,7237,22850,2971,1089,4561,2575,162,56,2359,6820,2024,234,20.0,17.8
2023,2,184.955,1,1,,יהודים,יהודי,חילוני,,3,3,4,,,0,2,2,5427,5427,2571,597,437,301,249,155,555,0,178,98,0,11.7,40.2
2023,1,532.112,2,1,,יהודים,יהודי,חילוני,,3,3,3,,1,1,1,5,16955,16955,12364,543,0,3199,1883,534,0,537,422,1876,3370,25.9,4.4
2023,1,1010.461,2,2,,אחר,אחר,חילוני,,3,3,4,,1,2,1,2,8267,8267,10299,978,238,2929,832,0,76,65,1539,2992,650,28.4,11.8
2023,2,724.411,4,2,2,יהודים,יהודי,חילוני,אחר,5,5,3.5,,1,3,1,6,31063,31063,19065,3582,697,5269,1851,1317,701,938,3038,1672,0,27.6,22.4
2023,2,340.074,4,2,2,יהודים,יהודי,דתי,עירוני גדול,1,5,3,בבעלות,1,1,1,6,30671,26770,33662,4255,1627,7974,2314,4199,2947,262,3533,6550,0,23.7,17.5
2023,2,420.098,6,2,4,יהודים,יהודי,מסורתי,אחר,2,2,5,בבעלות,2,3,1,4,30917,27350,20475,3245,906,3642,1981,3933,0,2674,1128,2750,216,17.8,20.3
2023,2,972.555,3,3,,יהודים,יהודי,דתי,,3,4,5,בבעלות,1,1,1,10,46472,39897,23713,4525,0,6575,2064,80,0,625,4925,4854,65,27.7,19.1
2023,2,718.256,4,2,2,יהודים,יהודי,חילוני,,3,4,2.5,,1,2,1,6,29618,29618,16787,1942,1010,4001,1156,603,0,354,6536,929,257,23.8,17.6
2023,2,788.565,2,0,,יהודים,יהודי,חילוני,,3,4,4,בבעלות,1,0,2,8,25118,20225,13331,3212,686,4893,1840,300,0,893,265,754,488,36.7,29.2
2023,2,1431.155,4,2,2,יהודים,יהודי,מסורתי,,3,4,3,,1,1,1,4,21511,21511,15007,2808,328,3257,1214,32,656,359,3896,1010,1448,21.7,20.9
2023,2,251.292,1,0,,יהודים,יהודי,חילוני,אחר,2,3,5,בבעלות,1,1,1,3,6666,2324,13620,2952,1389,4342,1860,0,0,732,303,2043,0,31.9,31.9
2023,2,550.542,4,2,2,יהודים,יהודי,חילוני,עירוני קטן,4,4,3,,,2,1,4,23167,23167,23232,8046,1957,2505,1129,1317,2605,931,1655,1811,1275,10.8,43.1
2023,2,541.680,2,1,,יהודים,יהודי,חילוני,עירוני קטן,4,4,2,,,1,1,4,13626,13626,7692,2274,736,2405,241,0,202,616,0,218,1000,31.3,39.1
2023,2,299.370,3,2,1,יהודים,יהודי,דתי,עירוני קטן,4,4,4,בבעלות,2,3,1,7,28488,25322,17695,910,451,3166,1949,1593,1102,437,5958,1484,646,17.9,7.7
2023,2,259.874,2,2,,יהודים,יהודי,חילוני,אחר,3,1,3,,,2,1,5,16183,16183,13191,1787,525,4201,1204,652,836,1293,734,701,1258,31.8,17.5
2023,2,1488.762,1,1,,יהודים,יהודי,מסורתי,,3,4,3,,1,1,2,4,8114,8114,10849,1037,0,3401,696,1258,1360,5,357,2296,439,31.3,9.6
2023,2,374.005,3,1,1,יהודים,יהודי,מסורתי,,3,2,5,בבעלות,1,3,1,7,26621,23282,12284,1239,671,3339,1316,373,200,242,1207,3022,674,27.2,15.5
2023,2,566.247,2,1,,יהודים,יהודי,דתי,,3,2,4,בבעלות,1,0,2,5,14663,12123,9253,1317,232,2540,1354,1194,390,271,221,1622,112,27.5,16.7
2023,2,932.183,5,1,3,יהודים,יהודי,אחר,,3,4,4.5,,2,2,1,6,33123,33123,9788,0,0,4901,946,57,361,1608,433,1443,40,50.1,0.0
2023,2,953.941,5,4,,ערבים,נוצרי,מסורתי,,2,4,6,בבעלות,2,0,1,5,30729,27729,30183,5521,1700,3000,1630,1138,8272,1325,804,4412,2380,9.9,23.9
2023,1,496.858,2,0,,יהודים,יהודי,חילוני,,3,3,3,בבעלות,,0,2,3,11703,9536,7771,1498,382,2167,551,1757,101,698,132,285,200,27.9,24.2
2023,2,519.129,3,2,1,יהודים,יהודי,מסורתי,,3,3,3,בבעלות,1,3,1,7,29570,27403,23754,2392,0,2167,2484,2478,121,304,5157,6959,1692,9.1,10.1
2023,2,403.145,2,2,,יהודים,יהודי,חילוני,,3,3,4,בבעלות,1,4,1,9,30954,28163,16853,4931,0,2791,1665,0,342,1813,2548,2141,623,16.6,29.3
2023,1,299.611,4,2,1,יהודים,יהודי,חילוני,,3,3,3,בבעלות,1,1,1,3,19265,17098,23040,2255,342,2167,1310,591,959,3620,9081,1082,1633,9.4,11.3
2023,1,535.106,4,2,2,יהודים,יהודי,מסורתי,,3,3,5,בבעלות,1,1,1,5,25532,21462,13574,1656,351,4070,1229,1252,251,955,929,791,2090,30.0,14.8
2023,1,266.643,2,1,,יהודים,יהודי,חילוני,,4,2,4,,2,2,1,9,34031,26531,29978,1938,1099,7500,2572,396,0,8199,4637,2491,1147,25.0,10.1
2023,1,681.930,3,1,2,יהודים,יהודי,חילוני,,4,2,4,בבעלות,,2,1,2,11248,7248,23415,2961,737,14143,1395,399,304,536,2194,501,245,60.4,15.8
2023,1,237.432,1,1,,יהודים,יהודי,חילוני,,4,2,1,,1,1,1,4,8815,8815,15151,1247,309,10385,525,238,0,247,375,1785,39,68.5,10.3
2023,1,436.891,5,2,3,יהודים,יהודי,חילוני,,4,2,4,בבעלות,1,2,1,5,28825,21325,26619,3074,1666,7500,2358,0,0,1400,6599,3503,518,28.2,17.8
2023,1,276.476,3,2,1,יהודים,יהודי,חילוני,,4,2,4,,2,3,1,7,28545,25045,33514,1735,57,3500,3480,356,1419,1588,6819,14494,66,10.4,5.3
2023,2,409.686,5,2,1,יהודים,יהודי,דתי,,1,4,4,בבעלות,1,2,1,4,22763,18028,22473,4165,1112,4735,1499,372,202,592,3496,4376,1924,21.1,23.5
2023,1,476.023,6,1,4,יהודים,יהודי,חרדי,,1,4,3,,1,2,2,3,22189,22189,12032,451,200,2474,774,642,1338,614,2520,575,2444,20.6,5.4
2023,1,430.200,8,3,3,יהודים,יהודי,חרדי,,1,4,5,בבעלות,1,2,1,5,41732,35809,25854,4340,1987,5923,1837,548,365,2072,5769,1351,1662,22.9,24.5
2023,1,537.476,10,1,8,יהודים,יהודי,חרדי,,1,4,4.5,בבעלות,1,1,2,5,45948,40025,24178,2457,931,5923,1954,1406,1002,367,4379,903,4855,24.5,14.0
2023,1,427.271,5,2,3,יהודים,יהודי,חרדי,,1,4,4.5,,,2,1,5,31521,31521,8307,914,702,4544,220,383,304,101,532,311,296,54.7,19.5
2023,2,470.121,6,2,4,יהודים,יהודי,חרדי,,1,4,4,בבעלות,1,1,1,2,15772,11037,11402,1224,357,4735,542,701,504,118,1720,640,863,41.5,13.9
2023,1,542.611,3,3,,יהודים,יהודי,חרדי,,1,4,8,בבעלות,1,1,1,10,92824,86901,38751,5033,713,6218,4418,2846,723,598,918,1905,15382,16.0,14.8
2023,1,546.821,9,1,7,יהודים,יהודי,חרדי,,1,4,4,בבעלות,1,2,1,2,27049,22314,22419,1511,450,4735,1575,1670,1454,891,5200,3999,934,21.1,8.7
2023,1,706.431,3,0,2,יהודים,יהודי,חרדי,,1,4,3,,1,2,1,1,5098,5098,6749,749,61,3837,561,82,91,65,573,729,0,56.9,12.0
2023,1,1150.945,2,1,,יהודים,יהודי,אחר,,5,5,6,בבעלות,1,1,1,7,22034,10062,21917,2466,893,12099,3572,204,0,1532,457,525,169,55.2,15.3
2023,1,702.350,2,1,,יהודים,יהודי,מסורתי,,5,5,6,בבעלות,2,1,1,10,47251,35279,42582,6044,1428,17463,2208,1780,0,4157,3802,1828,3871,41.0,17.5
2023,1,479.931,4,3,1,יהודים,יהודי,מסורתי,,5,5,4,,2,3,1,3,18562,18562,17259,3785,1275,7574,1361,497,0,506,1018,1204,39,43.9,29.3
2023,1,1167.547,1,0,,יהודים,יהודי,חילוני,,5,5,4.5,בבעלות,,1,1,10,22300,10328,17273,1274,201,11993,943,0,0,1234,1399,182,48,69.4,8.5
2023,1,1104.404,3,3,,יהודים,יהודי,חילוני,,5,5,7,בבעלות,2,4,1,10,54445,42473,53868,13001,1069,14614,4799,1133,982,5641,4584,5138,2906,27.1,26.1
2023,2,511.281,6,3,3,יהודים,יהודי,חילוני,,5,5,6,בבעלות,2,6,1,10,92715,75880,70786,14711,1431,12416,8625,3251,1576,4302,9294,7604,7576,17.5,22.8
2023,2,914.860,3,2,,יהודים,יהודי,חילוני,,5,5,5,בבעלות,2,3,1,10,59524,47552,34500,2751,0,12591,4847,34,0,3598,758,9581,340,36.5,8.0
2023,2,505.724,5,3,3,יהודים,יהודי,חילוני,,5,5,5,,2,4,1,9,57707,57707,40745,3117,501,13546,5675,90,3285,1812,3757,7751,1210,33.2,8.9
2023,2,846.166,2,2,,יהודים,יהודי,חילוני,,5,5,4,בבעלות,2,1,1,10,39033,31455,28530,1858,88,7884,3532,216,243,5595,1012,7710,393,27.6,6.8
2023,2,976.296,2,1,,יהודים,יהודי,חילוני,,5,5,2,,,0,2,4,13133,13133,23261,635,340,7015,4942,0,177,165,1,9279,707,30.2,4.2
2023,1,432.086,4,1,2,יהודים,יהודי,חרדי,עירוני גדול,1,5,3,בבעלות,,1,1,1,9532,5631,9156,800,255,3901,639,17,0,221,1590,570,1163,42.6,11.5
2023,1,301.936,5,2,3,יהודים,יהודי,חרדי,עירוני גדול,1,5,3,בבעלות,,2,1,4,24764,20863,13010,2174,614,3901,1535,341,223,611,2047,665,899,30.0,21.4
2023,1,395.007,6,1,4,יהודים,יהודי,חרדי,עירוני גדול,1,5,5,בבעלות,1,2,1,4,26522,19071,22244,2587,172,7451,1436,89,1720,381,3321,2980,2107,33.5,12.4
2023,1,379.713,4,1,2,יהודים,יהודי,חרדי,עירוני גדול,1,5,3,בבעלות,1,2,1,5,25606,21705,21657,2983,0,3901,1638,0,1409,321,2722,6174,2509,18.0,13.8
2023,1,346.898,6,1,2,יהודים,יהודי,חרדי,עירוני גדול,1,5,3,,,0,2,1,12943,12943,10806,2105,206,5360,793,0,71,0,1711,560,0,49.6,21.4
2023,1,635.043,1,0,,יהודים,יהודי,דתי,עירוני גדול,1,5,3,בבעלות,,0,2,3,6126,2225,5614,565,0,3901,395,0,406,0,0,245,102,69.5,10.1
2023,1,591.946,8,1,6,יהודים,יהודי,חרדי,עירוני גדול,1,5,5,בבעלות,,1,2,1,12450,4999,17921,1057,117,7451,1412,2435,595,937,2990,424,504,41.6,6.6
2023,2,83.687,4,2,2,יהודים,יהודי,חרדי,עירוני גדול,1,5,4,בבעלות,,0,2,4,20600,15470,10136,1331,183,5130,830,151,596,220,787,559,349,50.6,14.9
2023,1,350.064,5,1,3,יהודים,יהודי,חרדי,עירוני גדול,1,5,4,בבעלות,,2,1,4,27195,21995,21115,4191,0,5130,1791,1219,395,418,2712,2765,2493,24.3,19.8
2023,1,471.245,3,1,1,יהודים,יהודי,חרדי,עירוני גדול,1,5,3,,,0,2,1,8104,8104,9218,528,401,3635,565,81,789,137,1138,1070,873,39.4,10.1
2023,1,579.664,9,1,7,יהודים,יהודי,חרדי,עירוני גדול,1,5,5,בבעלות,,0,2,1,18484,11033,14101,1395,235,7451,961,552,0,502,2046,449,509,52.8,11.6
2023,1,391.804,6,0,4,יהודים,יהודי,חרדי,עירוני גדול,1,5,4,בבעלות,,1,2,2,15574,10444,10894,600,679,5130,548,710,0,0,2179,183,864,47.1,11.7
2023,1,506.082,4,3,1,יהודים,יהודי,חילוני,עירוני גדול,1,5,6,בבעלות,2,3,1,9,50613,43162,28429,6424,1918,7626,2847,144,507,1341,5505,1727,389,26.8,29.3
2023,2,403.174,8,3,2,יהודים,יהודי,מסורתי,עירוני קטן,4,4,4.5,בבעלות,,2,1,2,23463,18126,12470,3088,0,5337,1199,0,0,100,1289,1456,0,42.8,24.8
2023,2,337.027,2,2,,אחר,אחר,חילוני,עירוני קטן,4,4,3,,1,2,1,7,21233,21233,16801,3163,507,3041,1748,1841,200,720,926,4577,78,18.1,21.8
2023,2,466.956,4,2,2,יהודים,יהודי,מסורתי,עירוני קטן,4,4,3,,1,2,1,4,20737,20737,16330,1543,257,3307,1340,61,0,593,4643,4556,30,20.3,11.0
2023,2,299.647,2,2,,יהודים,יהודי,מסורתי,עירוני קטן,4,4,4,בבעלות,1,1,1,7,20910,17744,17491,2672,806,3427,1027,261,401,995,1527,4022,2354,19.6,19.9
2023,2,388.310,2,2,,יהודים,יהודי,חילוני,עירוני קטן,4,4,3,,2,5,1,6,19283,19022,13947,1370,576,3131,1007,122,601,101,2108,3602,1330,22.4,14.0
2023,1,558.030,1,0,,יהודים,יהודי,דתי,עירוני בינוני,4,5,4,בבעלות,1,1,1,10,36428,29126,23458,7739,57,7848,2612,802,0,1133,938,1790,540,33.5,33.2
2023,2,982.019,1,0,,יהודים,יהודי,חילוני,עירוני בינוני,4,5,4,בבעלות,1,1,1,10,23726,16424,17125,3081,716,7362,961,651,0,1054,166,1840,1293,43.0,22.2
2023,2,745.495,5,2,3,יהודים,יהודי,חילוני,עירוני בינוני,4,5,4,,2,4,1,9,54526,54526,28224,7424,255,8201,3703,514,728,1464,2813,2056,1066,29.1,27.2
2023,2,1115.895,4,2,,יהודים,יהודי,חילוני,עירוני בינוני,4,5,5,בבעלות,2,4,1,9,54966,44675,29603,5724,2145,10496,3980,293,858,1334,2405,1637,731,35.5,26.6
2023,2,2802.588,1,1,,יהודים,יהודי,חילוני,עירוני בינוני,4,5,2,,,1,2,7,14653,11414,6359,1348,100,3239,663,303,0,299,406,1,0,50.9,22.8
2023,2,1010.754,1,0,,יהודים,יהודי,חילוני,עירוני בינוני,4,5,3.5,,1,1,1,7,13742,13742,17348,2658,403,5301,775,2425,0,3275,329,2064,118,30.6,17.6
2023,2,2435.509,1,1,,יהודים,יהודי,חילוני,אחר,5,5,3,בבעלות,,0,2,7,12604,6881,8973,368,491,5723,840,0,0,524,262,765,0,63.8,9.6
2023,2,860.157,2,2,,יהודים,יהודי,חילוני,אחר,5,5,3,,1,4,1,10,41400,41400,12971,1926,301,5646,585,0,0,779,1842,1779,112,43.5,17.2
2023,2,516.354,2,0,,אחר,מוסלמי,חילוני,כפרי,3,4,3,,,1,1,5,15952,15952,10736,3935,1133,3006,1222,360,0,88,348,412,232,28.0,47.2
2023,1,528.551,5,2,2,יהודים,יהודי,דתי,כפרי,3,4,4,בבעלות,1,2,1,5,28663,24747,14672,1486,452,4169,1370,611,1257,752,1760,1945,868,28.4,13.2
2023,1,126.610,1,1,,יהודים,יהודי,חילוני,כפרי,3,4,3,,,1,1,9,18365,18365,16468,3322,206,6059,2549,327,0,951,2208,746,102,36.8,21.4
2023,2,160.224,2,2,,יהודים,יהודי,דתי,כפרי,3,4,4,בבעלות,1,1,1,8,27307,23391,11438,2067,737,3916,1916,850,0,1129,183,596,43,34.2,24.5
2023,1,448.607,3,0,2,יהודים,יהודי,מסורתי,כפרי,3,4,2,,,0,2,1,8357,8357,3779,1687,0,233,608,0,0,92,305,560,294,6.2,44.6
2023,1,247.924,1,1,,יהודים,יהודי,חילוני,כפרי,3,4,4,,1,1,1,10,27142,27142,15105,1152,0,4562,909,436,71,512,2543,2849,2072,30.2,7.6
2023,2,678.048,3,1,2,אחר,אחר,חילוני,כפרי,3,4,5,בבעלות,1,1,1,6,25842,20860,11817,1148,221,5066,1999,153,273,679,505,1694,79,42.9,11.6
2023,2,333.007,5,2,3,יהודים,יהודי,חילוני,כפרי,3,4,4,בבעלות,1,2,1,6,33309,29393,32161,6173,1113,4002,2098,421,545,1415,5094,10452,846,12.4,22.7
2023,2,542.963,3,3,,יהודים,יהודי,חילוני,אחר,2,5,3,בבעלות,1,2,1,8,31482,28361,14265,5225,328,3248,1009,13,707,1325,1084,1123,203,22.8,38.9
2023,1,669.041,2,2,,יהודים,יהודי,מסורתי,אחר,2,5,3,בבעלות,2,1,1,9,30058,26937,19867,8888,0,3249,1547,0,0,900,1146,4086,51,16.4,44.7
2023,1,1162.697,2,2,,יהודים,יהודי,חילוני,אחר,2,5,3,,1,3,1,8,24149,23471,12676,1766,441,3534,938,850,507,1322,0,1856,1460,27.9,17.4
2023,2,635.909,3,2,1,יהודים,יהודי,חילוני,אחר,2,5,3,בבעלות,1,2,1,8,33432,30311,11866,2337,421,3121,1097,0,0,1369,707,2815,0,26.3,23.2
2023,2,985.401,2,1,,אחר,מוסלמי,חילוני,אחר,2,5,3,בבעלות,,0,1,5,15968,12847,6244,763,545,3184,678,72,0,638,54,231,78,51.0,20.9
2023,2,1913.805,2,1,,אחר,מוסלמי,חילוני,אחר,2,5,2.5,,1,1,1,4,12792,12792,13130,3906,1026,3357,506,388,0,1183,85,466,2213,25.6,37.6
2023,2,894.705,4,3,,אחר,אחר,לא ידוע,אחר,2,5,4,בבעלות,,2,1,6,30050,26269,12941,2586,713,3781,1143,533,721,2536,434,492,0,29.2,25.5
2023,2,429.877,1,1,,יהודים,יהודי,חילוני,אחר,2,5,3,בבעלות,1,1,1,8,16102,12981,6282,698,109,3214,762,507,202,0,0,514,277,51.2,12.8
2023,2,587.722,2,2,,אחר,מוסלמי,לא ידוע,אחר,2,5,4,,1,1,1,3,11819,11819,10571,2396,0,4054,1053,166,252,150,203,2126,171,38.4,22.7
2023,2,1087.188,2,0,,יהודים,יהודי,חילוני,אחר,2,5,3,בבעלות,,1,1,5,15292,12171,6637,1358,205,3191,580,134,0,764,121,111,174,48.1,23.5
2023,2,903.303,3,2,1,יהודים,יהודי,מסורתי,אחר,2,5,3,,2,2,1,9,44230,41109,35499,699,0,3121,984,4322,1060,543,771,22015,1984,8.8,2.0
2023,2,1297.976,2,2,,אחר,מוסלמי,חילוני,אחר,2,5,3,בבעלות,1,2,1,7,22755,19634,11144,1796,560,3163,716,0,0,0,1130,3778,0,28.4,21.1
2023,2,708.342,4,2,,יהודים,יהודי,מסורתי,,5,5,5,בבעלות,2,1,1,9,45195,36556,18232,1827,179,8639,1127,43,250,2879,392,2772,124,47.4,11.0
2023,2,292.847,5,4,1,ערבים,דרוזי,דתי,,3,1,6,בבעלות,2,4,1,7,40293,36293,65461,9471,4428,4000,15306,5367,1310,4556,7680,8074,5269,6.1,21.2
2023,2,422.169,5,2,1,ערבים,דרוזי,מסורתי,,3,1,3,בבעלות,1,1,1,2,13585,11085,26646,4584,1684,2500,1512,542,2300,5415,4043,3097,969,9.4,23.5
2023,2,460.858,5,3,2,יהודים,יהודי,מסורתי,אחר,2,2,4,בבעלות,1,0,1,3,21669,18769,19763,2135,242,2900,1650,227,1900,353,226,9262,867,14.7,12.0
2023,2,549.823,5,3,2,יהודים,יהודי,אחר,,3,4,7,בבעלות,2,2,1,9,65000,57860,20075,1265,197,6575,3794,378,1653,1525,1753,2107,828,32.8,7.3
2023,2,517.829,8,0,6,יהודים,יהודי,חרדי,אחר,1,3,4,בבעלות,,0,2,1,10458,6063,9273,1445,435,4395,1111,256,0,156,412,833,230,47.4,20.3
2023,2,260.787,8,1,3,יהודים,יהודי,חרדי,אחר,1,3,5,בבעלות,,0,2,1,18056,12610,23233,3083,834,5446,1605,551,731,810,3952,1234,4986,23.4,16.9
2023,2,419.665,2,2,,יהודים,יהודי,חרדי,אחר,1,3,5,בבעלות,,0,2,6,17662,12216,13673,2214,0,5446,1071,0,500,1898,0,386,2159,39.8,16.2
2023,2,930.694,6,5,1,יהודים,יהודי,מסורתי,,4,5,4,בבעלות,1,1,2,5,36023,31116,11887,2827,566,4907,933,1009,300,34,201,666,444,41.3,28.5
2023,2,320.906,6,2,4,ערבים,דרוזי,מסורתי,,3,2,5,בבעלות,2,2,1,5,34044,30444,26276,3212,1068,3600,1892,403,3110,1886,6594,4319,191,13.7,16.3
2023,2,362.825,6,4,,ערבים,דרוזי,דתי,,3,1,4,בבעלות,1,0,1,6,37678,35178,31383,4419,1606,2500,1831,493,1400,5258,7335,5664,878,8.0,19.2
2023,1,1220.580,6,2,1,יהודים,יהודי,מסורתי,אחר,3,5,5,בבעלות,1,1,1,7,43409,37776,22808,1452,205,5633,871,664,203,394,12177,1084,125,24.7,7.3
2023,1,1542.605,1,0,,ערבים,מוסלמי,מסורתי,אחר,3,5,6,בבעלות,,0,2,6,11825,6192,12132,965,214,5633,1544,7,456,800,1139,1272,102,46.4,9.7
2023,2,953.837,5,2,3,יהודים,יהודי,חילוני,אחר,3,5,4,בבעלות,1,2,1,4,24980,20638,14039,2165,230,4544,1274,970,699,756,807,2592,0,32.4,17.1
2023,1,698.553,2,2,,יהודים,יהודי,חילוני,אחר,3,5,2,בבעלות,1,2,1,7,22170,19201,15523,1749,198,2969,380,610,355,257,1504,7480,20,19.1,12.5
2023,1,1184.129,2,1,,יהודים,יהודי,מסורתי,אחר,3,5,3,,1,1,1,2,8768,8768,9110,1588,462,3607,843,0,0,335,232,1694,348,39.6,22.5
2023,1,1513.296,3,1,1,יהודים,יהודי,דתי,אחר,3,5,3,,1,1,1,4,17425,17425,6584,1790,1029,97,1210,312,110,281,318,900,537,1.5,42.8
2023,1,1197.020,2,2,,יהודים,יהודי,מסורתי,אחר,3,5,4,בבעלות,2,1,1,9,29186,24844,21359,5061,595,4342,884,0,406,612,979,8323,157,20.3,26.5
2023,1,908.871,5,2,3,יהודים,יהודי,חילוני,אחר,3,5,3,,1,0,2,2,17346,17346,8850,2360,222,2630,854,1239,0,198,275,754,319,29.7,29.2
2023,1,837.783,4,2,2,יהודים,יהודי,מסורתי,אחר,3,5,3,,1,0,1,5,24382,24382,11657,1201,374,2785,761,106,608,2136,2202,672,811,23.9,13.5
2023,2,327.323,2,2,,יהודים,יהודי,מסורתי,אחר,3,5,2,בבעלות,,0,2,4,12851,9882,7711,1968,1432,2969,478,86,0,52,0,101,624,38.5,44.1
2023,1,352.260,2,0,,יהודים,יהודי,מסורתי,אחר,3,2,4,בבעלות,1,1,1,8,26892,23223,10573,2869,623,3711,844,109,304,642,733,475,262,35.1,33.0
2023,1,173.082,2,2,,יהודים,יהודי,חילוני,אחר,3,2,5,בבעלות,2,1,1,10,73363,68893,21080,1259,0,4470,2396,0,0,875,2096,9848,136,21.2,6.0
2023,2,330.164,2,1,,אחר,מוסלמי,מסורתי,אחר,3,2,3,בבעלות,2,1,1,9,34103,31096,14387,265,249,3007,1147,203,303,2034,438,6373,368,20.9,3.6
2023,1,426.345,3,3,,יהודים,יהודי,חילוני,אחר,3,2,5,בבעלות,2,1,1,8,34128,29613,22680,873,1837,4596,2267,960,507,2386,2677,6578,0,20.3,11.9
2023,1,786.814,3,3,,יהודים,יהודי,חילוני,אחר,3,2,4.5,בבעלות,2,1,1,8,36297,31827,16147,363,0,4470,1863,214,172,152,1046,7868,0,27.7,2.2
2023,1,652.750,3,1,1,יהודים,יהודי,חילוני,אחר,3,2,4,בבעלות,1,2,1,2,10354,6685,15240,2663,30,3669,1353,4584,608,285,608,1371,68,24.1,17.7
2023,1,1415.729,1,1,,יהודים,יהודי,חילוני,אחר,3,2,3,בבעלות,1,2,1,8,15212,12205,14393,1182,173,3433,1816,3356,0,103,2406,1754,170,23.9,9.4
2023,2,578.412,5,2,3,יהודים,יהודי,חילוני,,4,3,4,בבעלות,2,3,1,6,33496,28582,21603,2266,899,4914,2087,0,3161,4841,2161,1274,0,22.7,14.7
2023,2,552.092,4,3,,יהודים,יהודי,חילוני,,4,3,6,בבעלות,2,4,1,10,60215,53509,26481,4441,700,6706,4243,267,892,1155,3168,4707,202,25.3,19.4
2023,1,851.836,4,1,2,יהודים,יהודי,אחר,,4,3,4,,1,1,1,1,9800,9800,10395,1480,1058,3030,1680,1125,426,428,425,640,105,29.1,24.4
2023,2,404.307,4,1,3,יהודים,יהודי,חילוני,,4,3,3.5,,2,1,1,2,13227,13227,10090,437,791,4008,1091,0,202,155,2278,1067,61,39.7,12.2
2023,1,480.572,5,2,3,יהודים,יהודי,מסורתי,,4,3,5,בבעלות,2,2,1,6,36596,29890,25727,1512,629,6706,3128,1273,2078,588,5535,3463,813,26.1,8.3
2023,1,452.578,6,1,4,יהודים,יהודי,חילוני,,4,3,5,בבעלות,2,2,1,4,29457,22751,20566,2958,962,6706,1912,0,0,1019,3578,2895,537,32.6,19.1
2023,2,458.536,5,2,3,יהודים,יהודי,אחר,,4,3,5,בבעלות,2,3,1,7,38406,31700,14098,1948,136,6748,1516,167,202,471,1188,1444,277,47.9,14.8
2023,1,1715.041,1,1,,יהודים,יהודי,חילוני,אחר,5,4,3,,1,1,2,8,15118,14440,10254,2222,1103,4039,816,0,304,474,346,678,270,39.4,32.4
2023,1,640.033,3,1,,יהודים,יהודי,חילוני,אחר,5,4,4,בבעלות,2,2,1,8,33113,27388,26786,9586,1317,5897,2452,435,0,3263,598,2728,511,22.0,40.7
2023,1,681.757,2,2,,יהודים,יהודי,חילוני,אחר,5,4,6,בבעלות,1,3,1,6,18171,10801,14138,1436,209,7587,1351,686,0,623,187,1806,253,53.7,11.6
2023,2,1444.227,4,3,1,יהודים,יהודי,חילוני,אחר,5,4,6,בבעלות,1,3,1,7,37264,29894,17825,3126,1113,7455,2150,175,0,1407,1415,835,149,41.8,23.8
2023,1,550.041,5,3,2,יהודים,יהודי,דתי,אחר,5,4,5,בבעלות,1,5,1,6,36753,29383,31601,4544,901,7430,1375,2632,2058,2721,2588,4914,2438,23.5,17.2
2023,2,792.701,2,1,,יהודים,יהודי,חילוני,אחר,5,4,3.5,,1,2,1,7,20107,20107,27665,3170,1394,5074,1733,857,656,6294,1865,5403,1218,18.3,16.5
2023,1,836.927,2,0,,יהודים,יהודי,חילוני,אחר,5,4,7,בבעלות,1,2,2,9,29371,22001,29730,2202,351,7370,2304,6047,152,5591,4019,1642,51,24.8,8.6
2023,2,302.933,2,2,,יהודים,יהודי,חילוני,אחר,5,4,4,בבעלות,2,4,1,10,49371,43307,15332,1168,1178,5899,1341,130,353,959,1127,3046,130,38.5,15.3
2023,2,950.856,5,4,1,יהודים,יהודי,חילוני,אחר,5,4,6,,2,4,1,9,61241,61241,30362,5381,680,11758,3504,71,0,1439,959,6425,144,38.7,20.0
2023,2,552.862,2,1,,יהודים,יהודי,חילוני,אחר,5,4,5,בבעלות,1,2,2,10,39243,31873,30010,4782,1958,7621,3367,407,985,1606,802,6831,1651,25.4,22.5
2023,2,532.762,2,0,,יהודים,יהודי,חילוני,אחר,5,4,5,בבעלות,1,2,2,9,34264,26894,17901,835,2195,7609,2357,0,0,1403,547,2611,345,42.5,16.9
2023,2,350.139,2,2,,יהודים,יהודי,חילוני,אחר,5,4,6,בבעלות,2,1,1,10,89937,82228,31783,2655,772,7599,4107,1628,0,2153,1096,11459,314,23.9,10.8
2023,2,561.731,5,2,3,יהודים,יהודי,חילוני,,4,1,5,בבעלות,1,2,1,4,25896,22496,17738,2180,805,3542,1556,148,30,1576,3252,3214,1434,20.0,16.8
2023,2,389.519,4,1,2,יהודים,יהודי,חילוני,,4,1,5,בבעלות,2,3,1,7,31902,28271,23792,2801,414,3973,1956,861,1495,1397,5563,2383,2949,16.7,13.5
2023,2,417.903,5,2,3,יהודים,יהודי,חילוני,,4,1,5,בבעלות,2,2,1,7,41774,32536,32181,5214,1137,7255,5534,51,1002,900,5990,4302,798,22.5,19.7
2023,2,605.113,3,2,1,יהודים,יהודי,חילוני,,4,1,6,בבעלות,1,2,1,5,21452,17106,16091,2042,0,3000,2779,1800,844,1035,2113,1755,723,18.6,12.7
2023,1,292.923,1,0,,יהודים,יהודי,חילוני,,5,2,4,בבעלות,,0,2,10,26303,19803,10780,299,63,6662,1684,0,0,465,1288,318,0,61.8,3.4
2023,1,396.874,2,0,,יהודים,יהודי,אחר,,5,2,7,בבעלות,2,2,1,8,27891,22223,75842,2950,404,5980,11728,136,431,4977,1069,45444,2722,7.9,4.4
2023,1,282.403,6,2,4,יהודים,יהודי,חילוני,,5,2,5.5,בבעלות,2,3,1,10,75253,69585,28772,4128,1159,5795,1862,386,152,1229,7807,4759,1495,20.1,18.4
2023,1,351.386,4,0,1,יהודים,יהודי,חילוני,,5,2,7,בבעלות,2,1,1,5,26111,20443,22654,4613,848,5892,2657,135,527,1970,1336,4466,210,26.0,24.1
2023,1,271.451,4,2,2,יהודים,יהודי,חילוני,,5,2,6,בבעלות,2,3,1,8,44614,37138,25370,4426,1408,5668,2990,916,2459,906,3521,2391,684,22.3,23.0
2023,1,264.630,3,1,,יהודים,יהודי,חילוני,,5,2,6,בבעלות,2,2,1,10,67630,58964,19820,2346,566,5668,3225,535,142,1292,1037,4762,246,28.6,14.7
2023,1,404.442,5,2,3,יהודים,יהודי,חילוני,,5,2,8,בבעלות,2,3,1,8,48653,42080,20117,3394,360,5668,2405,2314,375,640,2249,2532,180,28.2,18.7
2023,1,302.669,5,4,1,יהודים,יהודי,חילוני,,5,2,6,בבעלות,2,4,1,10,73817,67019,57967,2663,435,17678,2771,392,1014,3706,2138,25199,1972,30.5,5.3
2023,1,644.266,5,3,1,יהודים,יהודי,חילוני,,5,2,8,בבעלות,2,5,1,10,73131,67463,33894,6319,1463,5895,3120,169,625,3570,4963,6902,868,17.4,23.0
2023,1,213.042,5,3,1,יהודים,יהודי,חילוני,,5,2,5,בבעלות,2,5,1,8,44437,37277,29410,7215,1012,5668,3094,631,933,1257,4143,4030,1428,19.3,28.0
2023,1,190.123,3,2,,יהודים,יהודי,מסורתי,,5,2,6,בבעלות,2,4,1,9,45749,38815,36125,7337,0,5957,2952,2927,1014,3725,2469,5909,3836,16.5,20.3
2023,1,317.937,4,1,3,יהודים,יהודי,חילוני,,5,2,6,,1,3,1,3,18154,18154,18866,2088,292,6570,2572,71,101,667,2318,3714,473,34.8,12.6
2023,2,228.138,6,3,3,יהודים,יהודי,מסורתי,,5,2,8,בבעלות,2,6,1,7,46786,41118,38838,2553,87,11053,4178,1100,808,1239,4865,10862,2092,28.5,6.8
2023,1,399.495,6,2,4,יהודים,יהודי,חרדי,עירוני גדול,1,5,3,,1,1,1,2,17716,17716,12744,2477,348,4039,1468,23,0,0,2087,1982,320,31.7,22.2
2023,2,719.294,1,0,,יהודים,יהודי,דתי,עירוני גדול,1,5,2,בבעלות,,0,2,4,8640,5886,6326,241,1852,2754,675,210,0,161,341,91,0,43.5,33.1
2023,2,401.071,4,1,2,יהודים,יהודי,חרדי,עירוני גדול,1,5,3,בבעלות,,1,2,3,16661,12760,10021,1262,252,3982,1386,600,1079,243,61,902,254,39.7,15.1
2023,2,535.752,1,0,,יהודים,יהודי,דתי,עירוני גדול,1,5,3,בבעלות,,0,2,6,12110,8209,9910,3286,1010,3960,695,43,150,368,192,205,0,40.0,43.4
2023,1,412.062,4,0,1,יהודים,יהודי,חילוני,עירוני גדול,1,5,7,בבעלות,1,1,1,6,31195,23744,19897,2875,390,7451,3031,0,51,1454,1772,2365,509,37.4,16.4
2023,2,300.655,6,2,4,יהודים,יהודי,חרדי,עירוני גדול,1,5,5,בבעלות,1,2,1,6,37121,29670,18219,1137,772,7706,1934,361,2525,1309,1197,904,376,42.3,10.5
2023,1,340.479,13,1,11,יהודים,יהודי,חרדי,עירוני גדול,1,5,5,בבעלות,,2,2,1,22129,14678,18998,2108,170,7502,1314,1586,0,523,4918,738,139,39.5,12.0
2023,1,319.229,5,2,3,יהודים,יהודי,דתי,עירוני גדול,1,5,6,בבעלות,2,2,1,8,45765,38314,27229,3065,676,7451,4894,1450,152,787,4253,2720,1782,27.4,13.7
2023,2,433.879,1,0,,יהודים,יהודי,מסורתי,עירוני גדול,1,5,3,בבעלות,,0,2,7,13537,9636,8145,1937,655,3901,932,0,71,495,120,35,0,47.9,31.8
2023,2,422.484,2,2,,יהודים,יהודי,חילוני,עירוני גדול,1,5,3,,,2,1,9,28562,28562,13370,1772,318,6523,400,407,858,545,1265,1042,240,48.8,15.6
2023,1,407.797,4,2,,יהודים,יהודי,מסורתי,עירוני גדול,1,5,5,בבעלות,1,2,1,6,28741,21290,41339,8179,2992,7570,5301,3670,345,1654,2641,7753,1234,18.3,27.0
2023,2,651.858,2,1,,יהודים,יהודי,דתי,עירוני גדול,1,5,4,,,1,1,7,20417,20417,18338,582,10,7916,7635,50,0,1860,0,284,0,43.2,3.2
2023,2,215.173,2,2,,יהודים,יהודי,מסורתי,עירוני גדול,1,5,4,בבעלות,1,2,1,9,32678,27548,24026,4009,1597,5437,2990,2272,0,3545,3046,469,661,22.6,23.3
2023,2,220.189,2,0,,יהודים,יהודי,דתי,עירוני גדול,1,5,6,בבעלות,1,1,1,8,26043,18592,26202,5258,1468,7451,3685,326,141,775,2911,3578,608,28.4,25.7
2023,2,652.407,2,2,,יהודים,יהודי,חילוני,עירוני גדול,1,5,3,,,1,1,3,11894,11894,18019,3663,420,4810,783,452,0,836,0,7054,0,26.7,22.7
2023,2,233.787,2,2,,יהודים,יהודי,מסורתי,עירוני גדול,1,5,4,בבעלות,2,1,1,10,38449,33319,27124,570,1192,6140,1831,0,0,4648,1234,10466,1044,22.6,6.5
2023,2,216.907,2,1,,יהודים,יהודי,מסורתי,עירוני קטן,4,4,2,,,0,2,3,12038,10617,2841,363,139,1672,237,0,0,0,160,95,175,58.9,17.7
2023,1,481.759,3,3,,יהודים,יהודי,דתי,עירוני קטן,4,4,4,בבעלות,1,4,1,9,38997,35831,40678,6682,631,3243,2779,1239,182,1815,10793,10617,2696,8.0,18.0
2023,2,778.552,2,2,,יהודים,יהודי,חילוני,עירוני קטן,4,4,4,,1,5,1,3,11729,11729,13080,2616,455,3990,1349,979,0,1415,396,1792,88,30.5,23.5
2023,2,743.589,3,2,1,ערבים,דרוזי,חילוני,,3,1,6,בבעלות,1,2,1,9,38601,34101,26493,2622,712,4500,1657,324,3201,770,1998,9238,1472,17.0,12.6
2023,2,366.530,3,2,,ערבים,דרוזי,מסורתי,,3,1,5,בבעלות,,1,1,9,39157,37657,34787,2097,872,1500,11556,1985,1500,5358,2948,362,6608,4.3,8.5
2023,2,2180.136,1,1,,יהודים,יהודי,מסורתי,,3,4,4,בבעלות,1,1,1,8,15296,10079,19263,2558,809,5217,1788,2614,401,1624,2696,371,1186,27.1,17.5
2023,2,356.874,1,1,,יהודים,יהודי,מסורתי,עירוני גדול,1,5,2,בבעלות,1,1,1,8,14898,12144,8409,1310,150,2754,529,118,334,443,312,1436,1023,32.8,17.4
2023,2,1723.101,1,0,,יהודים,יהודי,חילוני,,3,3,1,,,1,1,1,3487,3487,4654,1325,221,412,193,174,480,453,232,226,939,8.9,33.2
2023,2,538.824,1,0,,יהודים,יהודי,חילוני,עירוני קטן,4,4,1,,,0,2,2,5713,5713,2797,549,397,796,128,229,190,289,155,65,0,28.5,33.8
2023,2,481.151,1,1,,יהודים,יהודי,חילוני,עירוני קטן,4,4,2.5,,1,2,1,7,13776,13776,11589,2536,208,2355,464,34,120,482,2526,2700,164,20.3,23.7
2023,2,263.209,1,1,,יהודים,יהודי,מסורתי,עירוני קטן,4,4,4,בבעלות,,1,1,5,9170,6004,6294,798,125,3259,1057,144,0,393,258,259,0,51.8,14.7
2023,2,503.571,5,3,1,יהודים,יהודי,מסורתי,אחר,3,3,3,בבעלות,1,2,1,4,23247,21021,12169,3259,184,2226,1286,116,895,577,2017,1226,382,18.3,28.3
2023,2,563.969,7,2,3,יהודים,יהודי,חרדי,אחר,1,3,4,בבעלות,,0,2,3,23568,19173,16908,5323,606,4395,1947,173,430,990,1071,923,1049,26.0,35.1
2023,2,638.075,4,2,2,יהודים,יהודי,חרדי,אחר,1,3,3.5,בבעלות,,2,1,5,23327,18932,20552,4144,616,4395,1565,1354,0,372,1303,893,5909,21.4,23.2
2023,2,266.224,1,0,,ערבים,מוסלמי,מסורתי,עירוני קטן,4,4,3,בבעלות,,0,1,7,12592,10772,5243,1814,270,1820,313,0,200,242,0,403,181,34.7,39.7
2023,2,454.572,2,0,,יהודים,יהודי,חילוני,,4,2,4,בבעלות,1,2,1,7,20328,15817,15643,956,559,4697,1738,235,0,689,613,5103,1054,30.0,9.7
2023,2,497.852,4,2,1,יהודים,יהודי,חרדי,,3,2,4,בבעלות,1,1,2,3,18236,15696,19561,1124,2039,2540,3407,1431,559,4617,1334,2223,288,13.0,16.2
2023,1,866.603,1,1,,אחר,אחר,חילוני,עירוני בינוני,4,5,1,,,1,1,3,6667,6667,4381,583,482,303,121,102,0,1406,280,864,240,6.9,24.3
2023,2,892.193,3,1,1,יהודים,יהודי,חילוני,עירוני בינוני,4,5,3,,,2,1,8,36524,36524,19856,4504,945,8001,1474,1269,0,1252,460,846,1104,40.3,27.4
2023,2,514.902,2,2,,ערבים,מוסלמי,מסורתי,עירוני בינוני,4,5,3,בבעלות,,0,1,9,29324,24094,17436,7175,1202,5230,846,303,0,400,191,265,1825,30.0,48.0
2023,1,1140.310,3,2,,יהודים,יהודי,חילוני,עירוני בינוני,4,5,1.5,בבעלות,,0,2,5,19897,16658,21165,3898,955,3239,3132,0,0,4059,204,5495,183,15.3,22.9
2023,2,1614.699,2,1,,יהודים,יהודי,חילוני,עירוני בינוני,4,5,3,,1,3,1,3,11467,11467,16077,2463,587,3930,824,393,747,343,5988,765,37,24.4,19.0
2023,1,1235.803,1,1,,יהודים,יהודי,חילוני,עירוני בינוני,4,5,3,בבעלות,1,1,1,10,34341,29111,12815,3510,163,5297,1783,0,0,690,139,1203,31,41.3,28.7
2023,1,1361.629,3,0,,ערבים,מוסלמי,מסורתי,עירוני בינוני,4,5,3,,1,0,1,5,19772,19772,18788,5207,0,4393,1078,0,122,2095,0,2638,3256,23.4,27.7
2023,1,749.954,2,1,,יהודים,יהודי,חילוני,עירוני בינוני,4,5,4,בבעלות,1,0,1,7,22652,15350,16352,372,131,7389,6299,240,122,536,701,521,41,45.2,3.1
2023,1,688.047,1,0,,יהודים,יהודי,חילוני,עירוני בינוני,4,5,2.5,בבעלות,1,1,1,7,14468,9238,13639,1191,395,5287,1827,1237,0,886,521,2043,252,38.8,11.6
2023,2,1653.603,1,1,,יהודים,יהודי,חילוני,עירוני בינוני,4,5,2,בבעלות,1,1,1,10,41888,38649,22836,671,451,3239,1689,0,6466,6759,1640,1921,0,14.2,4.9
2023,1,2040.363,1,1,,יהודים,יהודי,חילוני,עירוני בינוני,4,5,3,,1,2,1,9,17586,12356,9712,1297,57,5230,1214,351,0,0,1014,549,0,53.9,13.9
2023,1,779.441,4,3,1,יהודים,יהודי,חילוני,אחר,3,3,3,,,1,1,3,17300,16905,5091,886,29,1919,431,0,0,468,549,722,88,37.7,18.0
2023,1,246.259,2,0,,יהודים,יהודי,מסורתי,אחר,3,3,6,בבעלות,2,1,1,10,55173,50718,38044,8267,866,4455,1471,460,558,2001,395,18660,911,11.7,24.0
2023,1,819.391,1,0,,יהודים,יהודי,מסורתי,אחר,3,3,2,,,0,1,3,6416,3999,5886,604,302,2417,288,183,0,723,134,116,1118,41.1,15.4
2023,1,499.034,3,1,,יהודים,יהודי,חילוני,אחר,3,3,3.5,בבעלות,2,2,1,5,19907,16382,16061,2214,307,3297,1351,421,801,1845,345,5482,0,20.5,15.7
2023,1,411.367,5,3,2,אחר,אחר,חילוני,אחר,3,3,3,,1,1,2,6,32952,32952,18284,2938,210,4039,510,0,101,230,4695,4193,1366,22.1,17.2
2023,1,480.107,3,2,,יהודים,יהודי,מסורתי,אחר,3,3,4,בבעלות,2,2,1,9,45305,40549,25077,6482,65,3383,2237,1735,811,1055,1268,5849,2191,13.5,26.1
2023,1,663.585,1,0,,יהודים,יהודי,דתי,אחר,3,3,5,בבעלות,,0,2,4,8454,3999,9065,2248,885,4569,113,113,0,330,527,280,0,50.4,34.6
2023,1,264.347,6,3,4,יהודים,יהודי,חילוני,,4,4,6,,2,5,1,5,35996,35996,26662,2696,663,8307,2026,2381,670,783,1487,6509,1140,31.2,12.6
2023,2,192.409,3,3,1,יהודים,יהודי,מסורתי,,4,4,4,בבעלות,1,2,1,7,27763,23165,14020,924,193,4598,1066,488,504,172,134,3480,2462,32.8,8.0
2023,1,329.747,2,1,,יהודים,יהודי,חילוני,,4,4,2,,,0,2,8,26016,22784,11583,945,547,3232,5573,0,0,646,529,112,0,27.9,12.9
2023,2,271.451,4,2,2,יהודים,יהודי,חילוני,,4,4,4,בבעלות,2,1,1,8,39481,34883,40647,3617,1065,4659,1852,227,808,1818,5551,19698,1352,11.5,11.5
2023,1,492.226,3,1,1,יהודים,יהודי,מסורתי,,4,4,4,,1,2,1,4,16042,11444,18650,1981,0,4598,1039,386,0,618,713,2219,7095,24.7,10.6
2023,2,257.258,4,2,2,יהודים,יהודי,חילוני,,4,4,5,,1,2,1,10,65278,65278,34459,1904,1468,8352,3871,10573,0,601,4191,2373,1125,24.2,9.8
2023,2,313.920,6,1,4,יהודים,יהודי,חרדי,,4,4,4,,2,3,2,2,20801,16203,22450,2689,415,6890,2112,186,757,3088,1895,3683,735,30.7,13.8
2023,2,311.166,2,1,,יהודים,יהודי,דתי,,4,4,5,בבעלות,1,0,1,8,23762,17018,19918,1833,1099,6744,1686,1164,404,1943,312,4543,190,33.9,14.7
2023,1,359.517,5,2,3,יהודים,יהודי,מסורתי,אחר,4,4,4,בבעלות,1,1,1,3,21110,17587,28207,3514,271,3575,1890,56,4927,626,4648,6849,1851,12.7,13.4
2023,1,439.310,5,2,3,יהודים,יהודי,מסורתי,אחר,4,4,5,,2,3,1,5,29819,29819,18752,5336,464,4611,1673,723,142,121,2950,2426,306,24.6,30.9
2023,1,144.364,2,2,,יהודים,יהודי,מסורתי,אחר,4,4,5,בבעלות,1,2,1,9,30656,26081,11186,1777,1060,4776,1205,71,0,1288,335,633,41,42.7,25.4
2023,1,415.229,2,0,,יהודים,יהודי,חילוני,אחר,4,4,4,בבעלות,2,3,1,6,17617,14094,13578,2557,335,3589,1100,0,542,1169,1324,2962,0,26.4,21.3
2023,2,302.534,1,0,,יהודים,יהודי,חילוני,אחר,4,4,4,בבעלות,,1,1,5,9534,6011,12160,3243,396,3523,1334,1817,525,764,232,290,36,29.0,29.9
2023,1,406.177,5,4,1,יהודים,יהודי,חילוני,אחר,4,4,5.5,בבעלות,2,8,1,8,48555,43980,23480,4848,562,4659,2214,753,1146,954,1154,7165,25,19.8,23.0
2023,2,257.010,3,3,,יהודים,יהודי,מסורתי,אחר,4,4,4,בבעלות,1,2,1,10,53739,50216,21957,1725,466,3651,2237,202,1603,1705,494,9209,663,16.6,10.0
2023,2,337.267,2,1,,יהודים,יהודי,מסורתי,אחר,4,4,3.5,בבעלות,1,0,1,4,13116,9593,10292,1951,576,3523,883,29,141,1143,496,1068,482,34.2,24.6
2023,1,360.613,3,2,1,יהודים,יהודי,אחר,אחר,4,4,5,,,1,1,4,16156,16156,8845,881,179,4406,1592,202,0,245,482,797,61,49.8,12.0
2023,2,345.611,3,1,1,יהודים,יהודי,מסורתי,אחר,4,4,5,,2,3,1,8,33153,31999,29044,4934,684,4909,2098,51,2452,499,7591,4920,908,16.9,19.3
2023,1,406.082,5,2,3,יהודים,יהודי,חילוני,אחר,4,4,5,בבעלות,1,1,1,5,28351,23776,25334,4969,1449,4643,2261,348,1054,936,5960,2811,903,18.3,25.3
2023,1,333.676,5,2,3,יהודים,יהודי,חילוני,אחר,4,4,5,בבעלות,2,2,1,4,27090,22392,19272,2304,0,4658,1904,311,700,479,6203,2703,10,24.2,12.0
2023,1,385.004,5,2,3,אחר,מוסלמי,חילוני,אחר,4,4,5,בבעלות,2,2,1,5,28976,24401,34944,7043,1534,5590,2178,6720,805,918,4077,4955,1123,16.0,24.5
2023,1,2152.193,1,1,,יהודים,יהודי,חילוני,,2,2,5,,1,3,1,10,30456,30456,14330,2883,780,4744,975,20,0,975,3004,629,319,33.1,25.6
2023,2,389.494,2,1,,אחר,אחר,חילוני,,2,2,4,,1,0,1,2,7840,7840,5769,921,44,293,699,774,101,1437,56,1090,355,5.1,16.7
2023,1,392.842,3,2,,יהודים,יהודי,חילוני,,2,2,3,,,1,1,5,21630,21630,7894,3410,370,868,743,0,304,1262,454,401,81,11.0,47.9
2023,1,567.238,2,1,,יהודים,יהודי,חילוני,,2,2,2,,,0,2,3,11649,11649,2494,427,263,182,372,0,0,461,487,52,250,7.3,27.7
2023,1,709.826,2,1,,יהודים,יהודי,חילוני,,2,2,2,,,1,1,2,9185,9185,11321,3329,530,141,3531,1363,0,1778,407,242,0,1.2,34.1
2023,1,344.977,6,1,4,יהודים,יהודי,חרדי,,2,2,3,בבעלות,,0,2,1,8596,5858,8448,1687,595,2552,840,711,0,380,191,334,1158,30.2,27.0
2023,2,395.908,5,1,3,יהודים,יהודי,חרדי,,2,2,3,בבעלות,,1,2,1,10960,8408,12922,923,371,2682,1379,1047,2327,1180,1705,794,515,20.8,10.0
2023,2,678.215,2,0,,יהודים,יהודי,מסורתי,,5,4,5,בבעלות,2,1,1,10,49197,39211,25028,3186,1805,10163,1302,95,0,2501,1999,3715,263,40.6,19.9
2023,2,1249.280,1,0,,יהודים,יהודי,דתי,,5,4,4,בבעלות,,0,2,6,11048,5886,9398,1321,471,5162,1761,212,0,142,183,40,105,54.9,19.1
2023,2,930.874,5,2,1,יהודים,יהודי,חילוני,,5,4,7,בבעלות,2,6,1,9,54938,44952,62377,10659,219,10497,11111,404,106,4210,7616,17468,88,16.8,17.4
2023,1,457.456,2,2,,יהודים,יהודי,חילוני,,5,4,5,,2,2,1,10,38281,38281,32147,3579,1021,11320,4191,0,507,1725,4892,4913,0,35.2,14.3
2023,1,434.129,1,0,,ערבים,נוצרי,דתי,,2,2,2,בבעלות,,0,1,3,7195,5393,7557,3044,438,1802,547,44,355,679,0,582,66,23.8,46.1
2023,2,743.589,3,2,1,ערבים,נוצרי,מסורתי,,2,2,4,,2,1,1,8,32705,29505,16823,4975,761,3200,1106,0,485,725,477,1814,3281,19.0,34.1
2023,1,519.560,5,2,2,ערבים,נוצרי,דתי,,2,2,5,בבעלות,2,4,1,7,42394,38394,25789,7175,582,4000,1958,561,0,1698,1801,6002,2011,15.5,30.1
2023,2,777.033,4,1,2,ערבים,נוצרי,מסורתי,,2,2,5,בבעלות,1,0,2,2,15200,13415,14819,4256,1370,1785,2414,563,0,281,183,3457,509,12.0,38.0
2023,1,433.980,6,1,4,ערבים,נוצרי,מסורתי,,2,2,4,בבעלות,1,0,1,1,9161,6261,19210,8139,749,2900,1023,513,71,913,88,4814,0,15.1,46.3
2023,1,464.731,4,2,2,ערבים,נוצרי,מסורתי,,2,2,3,בבעלות,1,0,1,2,12924,11160,18140,8694,731,1764,771,569,304,301,1902,1706,1398,9.7,52.0
2023,1,214.107,2,0,,ערבים,נוצרי,דתי,,2,2,4,בבעלות,,0,2,2,9264,6345,9339,3134,1293,2919,911,0,406,338,0,10,329,31.3,47.4
2023,1,357.737,4,2,,ערבים,נוצרי,חרדי,,2,2,5,בבעלות,2,2,1,5,26834,22834,18892,2998,1679,4000,2194,509,507,0,4079,2751,175,21.2,24.8
2023,2,525.301,3,1,1,ערבים,נוצרי,חילוני,,2,2,4,,1,1,2,1,9122,7122,9778,1870,0,2000,343,17,348,14,0,3298,1887,20.5,19.1
2023,1,139.440,4,3,1,ערבים,נוצרי,מסורתי,,2,2,3,בבעלות,2,1,2,5,27101,25223,21628,2367,877,1878,1314,3500,4055,370,950,6317,0,8.7,15.0
2023,1,407.923,3,3,,ערבים,נוצרי,מסורתי,,1,3,4,בבעלות,1,0,2,3,14675,11709,9777,2910,219,2966,1872,219,0,438,255,830,68,30.3,32.0
2023,1,161.850,5,0,3,ערבים,נוצרי,מסורתי,,1,3,3,בבעלות,1,1,1,1,8777,7390,16507,5996,1271,1387,2325,34,0,121,2091,1750,1532,8.4,44.0
2023,1,145.010,6,1,4,ערבים,נוצרי,מסורתי,,1,3,4,בבעלות,1,1,1,1,10207,8407,19202,1420,53,1800,3588,7221,0,128,255,3455,1282,9.4,7.7
2023,1,211.569,4,2,,ערבים,נוצרי,מסורתי,,1,3,3,בבעלות,1,0,1,6,30810,29423,39547,19391,3493,1387,3571,1013,811,1132,1369,7380,0,3.5,57.9
2023,1,453.241,5,5,,ערבים,נוצרי,מסורתי,,1,3,3,בבעלות,2,3,1,4,25763,24376,22014,6806,342,1387,1103,787,507,1485,1235,6936,1424,6.3,32.5
2023,1,325.710,1,0,,ערבים,נוצרי,דתי,,1,3,4,בבעלות,,0,2,2,5273,2307,6479,0,0,2966,523,0,0,2959,0,30,0,45.8,0.0
2023,1,123.936,4,4,,ערבים,נוצרי,מסורתי,,1,3,4,בבעלות,,1,1,9,46979,44979,11300,1021,118,2000,2256,313,0,2384,1631,1260,316,17.7,10.1
2023,1,687.311,3,1,1,ערבים,נוצרי,מסורתי,,1,3,4,בבעלות,2,1,2,2,10219,7919,21249,3366,359,2300,2528,34,0,0,258,9667,2737,10.8,17.5
2023,1,490.427,7,1,5,ערבים,נוצרי,מסורתי,,1,3,3,בבעלות,1,0,2,1,11402,10015,10787,1416,158,1387,1132,0,507,1294,2113,808,1972,12.9,14.6
2023,2,1073.882,4,4,,יהודים,יהודי,מסורתי,,4,4,4,בבעלות,2,2,1,9,50096,43548,24783,5276,1196,6700,2635,234,0,406,1526,3013,3798,27.0,26.1
2023,2,152.263,2,0,,יהודים,יהודי,דתי,,4,4,4,בבעלות,1,0,1,6,18892,12344,19658,1394,1209,6809,5401,1119,0,1144,199,1880,504,34.6,13.2
2023,2,429.288,2,1,,יהודים,יהודי,חילוני,,4,4,5,בבעלות,1,1,2,6,17404,9944,12730,870,0,7585,2124,0,0,127,101,1923,0,59.6,6.8
2023,2,765.889,3,1,,יהודים,יהודי,מסורתי,,4,4,4,בבעלות,1,1,1,3,13959,7411,28450,3237,1187,6548,1021,360,303,453,1650,7820,5872,23.0,15.6
2023,2,543.707,1,0,,יהודים,יהודי,חילוני,,4,4,4,בבעלות,1,1,1,6,11601,5053,9474,247,199,6637,895,303,0,389,206,504,95,70.1,4.7
2023,1,439.933,4,1,2,יהודים,יהודי,אחר,,2,1,3,,1,2,1,3,16067,16067,12621,3949,1735,1034,715,1072,253,379,1364,2067,51,8.2,45.0
2023,1,733.389,1,1,,אחר,מוסלמי,חילוני,,2,1,2,,,0,2,2,5204,5204,4922,1189,942,145,325,0,836,199,624,112,550,2.9,43.3
2023,1,560.819,1,1,,אחר,אחר,חילוני,,2,1,3,,,1,1,2,4587,4587,5762,859,917,1616,343,595,0,773,245,186,228,28.0,30.8
2023,1,795.154,1,1,,אחר,אחר,חילוני,,2,1,3,,1,0,1,9,21372,21372,7400,1556,614,2272,379,78,304,122,0,2025,51,30.7,29.3
2023,1,699.258,2,1,,אחר,מוסלמי,חילוני,,2,1,3,בבעלות,1,1,1,6,17488,15488,28446,3875,986,2078,848,1517,0,2768,598,15776,0,7.3,17.1
2023,1,378.627,1,0,,יהודים,יהודי,חילוני,,2,1,4,בבעלות,,0,2,3,6714,3960,6754,1229,1362,2754,910,48,0,122,173,82,75,40.8,38.4
2023,1,475.620,7,2,5,יהודים,יהודי,דתי,,2,1,5,,1,2,1,7,49352,49352,20462,2925,1035,4200,1651,0,416,746,5799,2555,1137,20.5,19.4
2023,1,443.747,3,2,1,יהודים,יהודי,דתי,,2,1,7,בבעלות,1,3,1,9,44145,40463,27311,2957,877,3860,2949,1469,1082,4518,6615,1762,1222,14.1,14.0
2023,1,492.208,3,1,,יהודים,יהודי,מסורתי,,2,1,5,בבעלות,2,1,1,9,42711,39029,51678,5840,3721,4167,2147,331,3396,21686,977,7805,1607,8.1,18.5
2023,1,382.184,4,2,2,יהודים,יהודי,דתי,,2,1,5,בבעלות,2,3,1,8,38646,34964,41630,3273,983,3783,1317,515,355,873,4389,22157,3985,9.1,10.2
2023,1,364.554,2,1,,יהודים,יהודי,חילוני,,2,1,4,בבעלות,1,1,1,9,31151,28397,14302,2388,1161,2845,3185,573,668,1475,315,1693,0,19.9,24.8
2023,1,419.888,4,2,1,אחר,אחר,חילוני,,2,1,5,,1,3,1,3,16381,16381,18588,7037,1310,3030,1626,479,771,910,658,1928,840,16.3,44.9
2023,1,490.718,2,0,,יהודים,יהודי,אחר,אחר,3,1,3,בבעלות,,0,2,4,13274,9559,10493,1679,228,3715,659,0,0,2545,483,899,285,35.4,18.2
2023,1,483.237,4,2,1,יהודים,יהודי,אחר,אחר,3,1,6,בבעלות,2,2,1,9,45090,38201,38525,12307,2899,7489,868,3008,1348,1013,2842,5163,1589,19.4,39.5
2023,1,747.424,5,3,,יהודים,יהודי,חילוני,אחר,3,1,4,,1,3,1,5,31441,31178,20857,7582,301,4503,967,292,887,714,536,4354,721,21.6,37.8
2023,2,1083.955,1,1,,יהודים,יהודי,דתי,אחר,3,1,3,,,1,2,6,11273,7558,6933,1480,0,3715,1176,0,56,148,0,51,307,53.6,21.3
2023,1,1339.499,2,1,,יהודים,יהודי,חילוני,אחר,3,1,3,,1,1,2,4,14502,13836,9352,3430,0,3433,496,0,0,368,1014,565,48,36.7,36.7
2023,2,422.530,4,2,2,יהודים,יהודי,חילוני,אחר,3,1,4,,1,1,1,4,21225,21225,11020,837,371,3908,922,71,656,179,2704,803,569,35.5,11.0
2023,2,534.619,2,2,,יהודים,יהודי,אחר,אחר,3,1,3,,2,0,1,7,21148,21148,12256,1878,137,4008,1004,0,130,638,257,2898,1306,32.7,16.4
2023,1,553.386,6,4,2,יהודים,יהודי,מסורתי,כפרי,3,4,4,,2,1,1,5,36798,36798,15437,438,526,4645,1669,0,588,260,687,6185,438,30.1,6.2
2023,1,895.880,5,2,2,יהודים,יהודי,חילוני,כפרי,3,4,4,,2,2,1,6,33173,33173,22200,4953,789,3837,1059,104,1014,738,1442,8112,152,17.3,25.9
2023,2,733.058,2,0,,יהודים,יהודי,מסורתי,כפרי,3,4,4,,1,0,1,5,17154,17154,13825,4532,479,4008,1779,112,561,762,374,893,324,29.0,36.2
2023,1,543.655,4,1,2,יהודים,יהודי,חילוני,כפרי,3,4,5,בבעלות,1,2,1,7,33461,26777,15271,2428,378,4552,1966,150,355,912,1950,2499,83,29.8,18.4
2023,1,436.448,6,2,4,יהודים,יהודי,מסורתי,כפרי,3,4,5,בבעלות,2,3,1,9,62455,51024,28416,4726,490,4497,2793,228,0,708,6871,7090,1013,15.8,18.4
2023,2,568.463,3,3,,יהודים,יהודי,חילוני,כפרי,3,4,4,בבעלות,1,1,1,8,37142,33637,11033,2853,191,3505,844,0,0,168,230,3242,0,31.8,27.6
2023,1,782.339,4,3,,יהודים,יהודי,חילוני,כפרי,3,4,3,בבעלות,2,1,1,2,15053,12256,7443,1105,129,2797,1488,0,0,882,40,1003,0,37.6,16.6
2023,1,602.994,2,1,,יהודים,יהודי,מסורתי,כפרי,3,4,2.5,בבעלות,2,1,1,10,47010,44213,35585,581,24,20098,1695,5484,274,1826,872,4731,0,56.5,1.7
2023,1,337.302,2,2,,יהודים,יהודי,חילוני,כפרי,3,4,4,בבעלות,1,2,1,8,24158,20653,14235,2406,943,3575,986,0,294,1267,2518,2185,61,25.1,23.5
2023,2,879.425,5,2,3,יהודים,יהודי,מסורתי,,4,5,5,בבעלות,1,2,2,4,27175,21167,53657,1088,362,14283,3765,676,0,539,20994,11950,0,26.6,2.7
2023,1,712.479,7,3,3,יהודים,יהודי,מסורתי,,4,5,6,בבעלות,2,3,1,5,40330,34322,18195,3103,265,6137,2662,397,0,731,3288,1287,324,33.7,18.5
2023,1,699.277,10,3,4,יהודים,יהודי,דתי,,4,5,5.5,בבעלות,2,0,1,3,32263,26255,19753,1758,708,6110,1810,173,811,648,3710,3433,591,30.9,12.5
2023,2,741.084,4,4,,יהודים,יהודי,דתי,,4,5,4,בבעלות,2,2,1,10,73605,68698,36547,2505,763,5333,3455,2502,3736,748,3791,2717,10997,14.6,8.9
2023,2,484.175,1,0,,יהודים,יהודי,מסורתי,,4,5,4,בבעלות,1,1,1,7,14511,9604,10702,1067,918,4907,1150,30,701,621,263,1046,0,45.9,18.5
2023,1,699.280,6,4,2,יהודים,יהודי,מסורתי,,4,5,4,,2,6,1,4,29833,29833,25471,5591,980,4746,3663,1931,1522,940,1454,3894,751,18.6,25.8
2023,1,1027.049,2,1,,יהודים,יהודי,מסורתי,,4,5,4,בבעלות,,1,1,7,21727,16820,9915,1101,805,4992,1552,475,0,307,255,127,301,50.3,19.2
2023,2,374.006,5,2,3,יהודים,יהודי,דתי,,3,3,5,בבעלות,1,3,1,5,30155,26085,22953,3935,317,4070,3438,3545,0,448,2784,2647,1769,17.7,18.5
2023,2,286.571,1,1,,יהודים,יהודי,חילוני,,3,3,3,בבעלות,,0,2,4,9084,6917,8247,961,188,2276,913,2088,0,443,1296,82,0,27.6,13.9
2023,2,349.359,2,1,,אחר,מוסלמי,חילוני,,3,3,2,,,0,2,4,12823,12823,8393,3537,1504,1353,94,60,212,1196,1,358,78,16.1,60.1
2023,2,518.519,7,1,5,יהודים,יהודי,חרדי,,3,3,4,,1,0,2,1,5022,5022,5662,1299,79,2605,154,87,0,54,706,254,424,46.0,24.3
2023,2,591.806,4,1,2,ערבים,נוצרי,חילוני,,3,3,3,,,0,2,1,9618,9618,4943,81,217,2171,672,0,101,175,0,539,986,43.9,6.0
2023,2,306.632,1,0,,יהודים,יהודי,חילוני,,3,3,1,,,1,1,4,8275,8275,8203,969,152,932,65,5022,191,329,442,60,40,11.4,13.7
2023,2,489.671,2,1,1,ערבים,נוצרי,חילוני,,3,3,1.5,,,0,2,1,1768,1768,2598,22,52,2205,1,179,0,39,0,101,0,84.9,2.8
2023,2,306.632,1,0,,אחר,אחר,חילוני,,3,3,2,,,0,2,2,5166,5166,4116,932,196,1704,156,209,251,358,162,149,0,41.4,27.4
2023,1,864.428,3,0,,יהודים,יהודי,דתי,,3,4,5,בבעלות,1,1,1,6,23290,17069,15510,2079,751,6221,1268,85,507,1765,255,1052,1527,40.1,18.2
2023,1,1239.713,2,2,,יהודים,יהודי,מסורתי,,3,4,4,,1,1,1,5,16592,16592,12782,0,0,4544,1237,612,791,244,397,4905,51,35.5,0.0
2023,1,608.531,7,2,5,יהודים,יהודי,דתי,,3,4,4,בבעלות,,2,1,5,35346,30808,21351,2975,701,4852,1837,3406,649,536,5838,403,153,22.7,17.2
2023,2,724.257,4,2,2,יהודים,יהודי,מסורתי,,3,4,3,,1,0,1,4,22796,22796,16861,3131,1000,6012,1784,0,808,1103,793,1541,688,35.7,24.5
2023,2,1786.351,4,2,2,יהודים,יהודי,חילוני,,4,4,4,,2,1,1,6,30662,29441,28297,581,686,5010,2143,3393,1742,8509,2877,2903,452,17.7,4.5
2023,2,156.077,2,1,1,יהודים,יהודי,חילוני,,4,4,3,,1,1,1,4,14521,9699,11383,2493,351,4822,255,0,0,478,1243,1740,0,42.4,25.0
2023,2,216.480,2,2,,יהודים,יהודי,חילוני,,4,4,5,בבעלות,2,2,1,10,57276,48241,26634,1032,1379,7477,6285,243,202,2594,1333,3808,2281,28.1,9.1
2023,2,217.827,3,2,,יהודים,יהודי,חילוני,,4,4,4,בבעלות,1,1,1,8,35125,29330,19656,5319,765,5990,2274,729,202,1124,704,2062,486,30.5,31.0
2023,2,527.740,1,0,,יהודים,יהודי,מסורתי,,4,4,3,בבעלות,,0,2,7,13956,9134,12273,1343,402,4950,1322,142,0,1039,216,77,2783,40.3,14.2
2023,2,214.107,2,0,,ערבים,דרוזי,דתי,,3,1,3,,1,0,2,3,10444,7944,17247,4884,1770,2500,3935,152,0,569,2262,1074,101,14.5,38.6
2023,2,564.715,5,2,3,ערבים,דרוזי,חילוני,,3,1,6,בבעלות,2,2,1,8,47445,44845,26003,3748,304,2600,3084,137,551,1199,2522,5311,6545,10.0,15.6
2023,2,489.794,4,1,2,ערבים,דרוזי,חילוני,,3,1,5,בבעלות,2,1,1,6,28045,23349,23608,3461,1037,3000,1929,2214,4979,844,3278,2653,213,12.7,19.1
2023,2,285.583,3,2,,ערבים,דרוזי,דתי,,3,1,3,בבעלות,2,2,1,9,40049,37149,33222,12308,457,2900,2016,3838,3808,2951,667,4041,236,8.7,38.4
2023,2,522.872,2,0,,ערבים,דרוזי,דתי,,3,1,3,,1,0,1,10,37447,34447,23281,4426,3244,3000,5799,0,0,1237,202,5033,341,12.9,32.9
2023,2,434.129,1,0,,ערבים,דרוזי,דתי,,3,1,2,,,0,2,6,11222,9722,20171,4453,1740,1500,2110,1190,2004,4603,1740,194,637,7.4,30.7
2023,1,234.921,4,1,,ערבים,נוצרי,מסורתי,,2,3,3,בבעלות,1,1,1,2,13934,11783,22106,7262,3966,2151,2126,777,558,677,308,3229,1052,9.7,50.8
2023,2,177.304,3,3,,ערבים,נוצרי,חילוני,,2,3,3,בבעלות,1,3,1,9,43163,41012,35098,7310,1633,3642,1892,272,968,3050,4912,8422,2997,10.4,25.5
2023,2,301.998,6,3,2,ערבים,נוצרי,חילוני,,2,3,3,בבעלות,1,0,1,1,13049,10898,14459,3861,1461,2151,1085,173,0,259,1285,3305,879,14.9,36.8
2023,2,494.562,8,7,1,ערבים,נוצרי,חילוני,,2,3,5,,1,0,1,4,37550,37550,22565,3753,3429,2020,1335,1162,838,788,822,5885,2533,9.0,31.8
2023,1,114.031,1,0,,ערבים,נוצרי,דתי,,2,3,4,בבעלות,,0,2,6,10883,8450,12273,4590,1709,2433,971,472,422,713,0,152,810,19.8,51.3
2023,1,131.082,4,3,,ערבים,נוצרי,דתי,,2,3,3,בבעלות,1,0,1,4,23320,21169,16018,2884,1424,2151,705,1000,517,513,509,5327,988,13.4,26.9
2023,2,486.304,2,2,,יהודים,יהודי,מסורתי,,4,2,5,בבעלות,2,4,1,10,40239,33768,30204,1499,206,8996,1695,135,990,7103,2231,7010,340,29.8,5.6
2023,2,128.698,3,2,,יהודים,יהודי,חילוני,,4,2,3,בבעלות,1,1,1,9,44240,39940,26285,2831,232,4300,6404,121,601,1555,1485,8453,303,16.4,11.7
2023,2,49.296,2,1,,יהודים,יהודי,מסורתי,,4,2,5,בבעלות,1,1,1,10,35603,29132,17223,1850,566,6471,1991,1918,404,714,1108,1796,404,37.6,14.0
2023,2,692.172,1,0,,יהודים,יהודי,מסורתי,,4,2,5,בבעלות,1,1,1,10,27039,20568,22597,507,18,6471,2034,676,555,853,765,9196,1522,28.6,2.3
2023,2,1365.664,4,2,2,יהודים,יהודי,חילוני,,4,2,4,בבעלות,2,3,1,9,50746,44842,29989,7814,1633,5061,5155,855,949,820,2402,2978,2323,16.9,31.5
2023,1,445.220,2,0,,יהודים,יהודי,חילוני,,4,2,4,בבעלות,1,1,1,8,27201,21240,25932,1554,765,17172,1672,20,324,693,2015,1700,15,66.2,8.9
2023,2,1789.945,4,2,2,יהודים,יהודי,חילוני,,4,2,4,בבעלות,2,1,1,8,44763,35284,20053,2169,634,5585,1854,761,1037,758,1430,5825,0,27.9,14.0
2023,2,451.568,3,2,1,יהודים,יהודי,חילוני,,4,2,4,בבעלות,,2,1,3,15174,9174,19701,825,189,6000,2210,102,980,413,2840,5871,273,30.5,5.1
2023,2,238.529,2,1,,יהודים,יהודי,חילוני,,4,2,5,בבעלות,1,2,1,10,53167,47342,30074,3495,357,5952,2494,153,1050,6790,1024,8759,0,19.8,12.8
2023,1,167.666,2,1,,יהודים,יהודי,חילוני,,4,2,4,בבעלות,,0,2,7,21617,16117,10855,867,267,5500,1142,120,507,1825,367,147,114,50.7,10.4
2023,1,623.292,1,1,,יהודים,יהודי,חילוני,,4,2,5,בבעלות,1,2,1,8,15207,9382,18844,0,0,9348,2959,1969,0,1852,806,827,1082,49.6,0.0
2023,2,583.323,7,2,5,יהודים,יהודי,חרדי,עירוני גדול,1,5,5,בבעלות,1,1,1,3,25850,18399,26952,4408,2868,7451,2137,523,1493,2565,2957,1263,1288,27.6,27.0
2023,1,372.729,3,1,1,יהודים,יהודי,מסורתי,עירוני גדול,1,5,4,,2,1,1,3,15056,15056,19347,1477,0,4039,715,883,963,3,3076,7389,802,20.9,7.6
2023,2,758.422,3,2,,יהודים,יהודי,מסורתי,עירוני גדול,1,5,4,בבעלות,2,0,1,9,39832,34702,25412,967,414,5130,1915,1254,146,1480,948,13069,89,20.2,5.4
2023,2,260.322,4,2,2,יהודים,יהודי,מסורתי,עירוני גדול,1,5,4,,,3,1,2,13720,13720,10806,1892,187,4660,1246,204,0,914,234,1470,0,43.1,19.2
2023,2,272.266,9,1,7,יהודים,יהודי,חרדי,עירוני גדול,1,5,4,בבעלות,,2,2,2,24828,19698,20462,1992,174,5130,1388,51,2661,313,5353,877,2524,25.1,10.6
2023,2,251.468,3,2,,יהודים,יהודי,מסורתי,עירוני גדול,1,5,5,בבעלות,1,2,1,9,39229,31778,16128,823,577,7733,1082,269,0,286,151,4442,765,47.9,8.7
2023,2,388.325,2,0,,יהודים,יהודי,מסורתי,עירוני גדול,1,5,4,בבעלות,1,2,1,6,19862,14732,17819,1447,1082,5429,1145,654,2691,1483,1382,749,1756,30.5,14.2
2023,2,216.171,1,1,,יהודים,יהודי,חילוני,עירוני גדול,1,5,4,בבעלות,1,2,1,10,27413,22170,17824,4829,744,5298,909,476,353,2069,642,2328,175,29.7,31.3
2023,2,609.328,5,4,1,יהודים,יהודי,דתי,עירוני גדול,1,5,4,בבעלות,1,1,1,5,31363,26233,19701,4076,818,5130,1800,854,130,1318,2023,2098,1454,26.0,24.8
2023,2,509.904,5,2,3,יהודים,יהודי,מסורתי,,3,4,6,בבעלות,2,1,1,7,38878,31845,34199,11101,944,7033,2407,4048,1904,249,4256,1155,1102,20.6,35.2
2023,2,442.209,2,1,,יהודים,יהודי,מסורתי,,3,4,4,בבעלות,1,0,2,7,21000,15769,13789,1085,1302,6233,2511,0,0,89,50,780,1739,45.2,17.3
2023,2,739.687,4,3,,יהודים,יהודי,דתי,,3,4,10,בבעלות,2,3,1,8,44204,37171,44300,7702,1078,8334,5701,488,812,2886,9899,4016,3385,18.8,19.8
2023,2,371.933,2,1,,יהודים,יהודי,חילוני,,3,4,5,בבעלות,2,1,1,10,81001,73968,27334,2001,580,7289,2353,0,353,1187,5507,5421,2644,26.7,9.4
2023,2,429.131,6,2,4,יהודים,יהודי,דתי,,3,4,3,בבעלות,2,1,1,6,40137,36052,19947,4132,1609,3633,887,1111,361,497,4958,1956,805,18.2,28.8
2023,2,194.369,2,2,,יהודים,יהודי,חילוני,,3,4,4,בבעלות,2,2,1,10,60022,54564,27901,4756,1597,5231,4528,3299,0,1969,1963,3979,580,18.7,22.8
2023,2,649.042,7,1,5,יהודים,יהודי,חרדי,,3,4,3,בבעלות,1,2,1,1,14759,11126,13140,1778,572,3633,1192,323,0,481,2120,1966,1075,27.6,17.9
2023,2,411.603,8,1,5,יהודים,יהודי,חרדי,,3,4,5,בבעלות,2,2,1,4,32875,25842,23431,4146,221,7033,1377,779,352,381,3666,3439,2036,30.0,18.6
2023,2,674.806,9,2,7,יהודים,יהודי,חרדי,,3,4,5,בבעלות,,1,1,2,22163,15130,22501,2906,0,7033,2169,712,1336,1708,3810,1263,1564,31.3,12.9
2023,2,1252.751,3,1,1,יהודים,יהודי,חרדי,,3,4,3,,,2,1,4,18418,18418,13041,1469,80,3507,925,511,0,986,1452,1006,3104,26.9,11.9
2023,2,632.705,4,3,1,יהודים,יהודי,אחר,עירוני קטן,4,4,5,בבעלות,2,2,1,10,59536,54199,44780,4207,0,5337,2782,667,4718,1280,7126,16588,2075,11.9,9.4
2023,1,310.259,4,2,2,יהודים,יהודי,חילוני,עירוני קטן,4,4,4,בבעלות,2,6,1,8,39375,36209,35133,4179,598,3385,2207,670,899,1677,7655,12805,1058,9.6,13.6
2023,1,352.695,5,2,3,יהודים,יהודי,חילוני,עירוני קטן,4,4,4,,2,4,1,9,52924,48062,31524,3657,633,3267,2741,1341,1723,1017,9542,5689,1914,10.4,13.6
2023,1,779.593,4,2,1,יהודים,יהודי,חילוני,עירוני קטן,4,4,5,בבעלות,1,6,1,8,44675,39207,21383,6291,1501,5516,1287,1128,773,1751,1696,1432,8,25.8,36.4
2023,2,355.672,4,1,2,יהודים,יהודי,חילוני,עירוני קטן,4,4,4,,1,2,1,2,13480,13480,11792,1780,395,3282,1414,339,182,2000,312,961,1128,27.8,18.4
2023,2,307.088,4,2,2,יהודים,יהודי,חילוני,עירוני קטן,4,4,4,בבעלות,2,3,1,10,74735,69337,26646,2859,370,3292,2227,99,990,1710,12466,2632,0,12.4,12.1
2023,1,237.851,1,0,,יהודים,יהודי,מסורתי,עירוני קטן,4,4,4,בבעלות,,1,1,10,42279,39113,6021,877,0,3268,1145,0,0,396,183,153,0,54.3,14.6
2023,2,157.522,2,1,,יהודים,יהודי,חילוני,עירוני קטן,4,4,4,בבעלות,2,1,1,10,76780,73614,25282,2337,706,3472,3021,3572,877,5394,2534,1755,1614,13.7,12.0
2023,2,1306.292,2,1,,יהודים,יהודי,דתי,אחר,2,5,3,,1,2,1,3,11184,11184,12543,0,152,3307,578,0,0,90,6112,2227,76,26.4,1.2
2023,2,533.511,2,2,,יהודים,יהודי,מסורתי,אחר,2,5,6,בבעלות,2,2,1,9,30154,24857,21005,2294,621,5399,1140,2877,101,3472,2470,1334,1296,25.7,13.9
2023,2,1448.750,5,1,1,יהודים,יהודי,דתי,אחר,2,5,4,בבעלות,2,0,1,4,23277,19496,19205,2524,556,3781,1038,595,0,1800,435,7981,495,19.7,16.0
2023,2,951.451,2,0,,יהודים,יהודי,חרדי,אחר,2,5,4,בבעלות,,1,1,3,10208,6427,6356,615,300,3781,768,0,0,128,183,162,419,59.5,14.4
2023,2,827.719,5,2,2,יהודים,יהודי,דתי,אחר,2,5,5,בבעלות,2,2,1,7,43516,38219,29075,3094,3355,5297,1527,3989,0,1303,8564,984,964,18.2,22.2
2023,2,730.759,8,2,6,יהודים,יהודי,חרדי,אחר,2,5,4,בבעלות,1,2,1,5,41485,37704,43258,8151,2738,3867,1751,1290,2181,2078,10101,8575,2527,8.9,25.2
2023,2,470.057,1,1,,יהודים,יהודי,חילוני,אחר,2,5,4,בבעלות,,1,1,10,24931,21150,12554,3281,753,3781,545,66,0,728,172,3229,0,30.1,32.1
2023,2,557.547,4,2,2,אחר,נוצרי,חילוני,אחר,2,2,3,,1,1,1,3,18336,18336,10576,1645,238,2405,1804,1377,422,314,363,1482,525,22.7,17.8
2023,2,920.277,3,2,1,יהודים,יהודי,חילוני,אחר,2,2,2.5,,,1,1,2,11318,11318,5443,1683,353,2004,613,0,0,297,136,182,175,36.8,37.4
2023,2,2679.110,1,0,,יהודים,יהודי,חילוני,אחר,2,2,3,,,1,1,1,2225,2225,17748,1375,0,2396,625,1447,10522,169,825,303,87,13.5,7.7
2023,1,575.067,6,4,1,יהודים,יהודי,חילוני,אחר,2,2,3.5,בבעלות,1,0,1,5,36157,32737,8884,1456,519,3420,865,78,152,774,564,1005,51,38.5,22.2
2023,2,1265.542,5,3,1,יהודים,יהודי,מסורתי,אחר,3,5,5,בבעלות,,1,1,8,44941,39308,12034,2257,794,5684,938,162,200,1151,262,267,318,47.2,25.4
2023,2,634.895,5,2,3,יהודים,יהודי,מסורתי,אחר,3,5,5,בבעלות,1,1,1,7,37936,32303,17704,2110,405,5745,1562,2590,303,364,2590,1912,122,32.5,14.2
2023,2,881.304,3,3,,יהודים,יהודי,מסורתי,אחר,3,5,3,בבעלות,1,1,1,7,30349,27051,11258,1305,0,3348,1224,437,0,2113,573,2177,81,29.7,11.6
2023,2,802.634,3,2,,יהודים,יהודי,חילוני,אחר,3,5,5.5,בבעלות,2,1,1,8,34374,28741,23082,670,390,5811,1441,50,0,11524,2109,1086,0,25.2,4.6
2023,2,531.143,1,0,,יהודים,יהודי,מסורתי,,3,1,4,בבעלות,,0,2,8,16147,12201,23793,1312,2109,3946,5883,1370,100,8154,303,414,202,16.6,14.4
2023,2,570.189,2,2,,יהודים,יהודי,מסורתי,,3,1,5,בבעלות,1,0,1,10,38606,33241,28570,4704,1041,5407,3578,1057,0,3031,1300,8168,284,18.9,20.1
2023,2,440.762,1,1,,יהודים,יהודי,דתי,,3,2,3,בבעלות,1,1,2,3,7391,4755,5905,445,47,2636,584,0,0,127,0,595,1471,44.6,8.3
2023,2,519.415,5,3,4,יהודים,יהודי,מסורתי,,3,2,4,,,2,1,4,26890,26890,17070,7123,1185,2706,1363,469,0,1556,1159,392,1118,15.9,48.7
2023,2,577.042,2,1,,יהודים,יהודי,מסורתי,,3,2,5,בבעלות,1,1,1,7,21728,17733,24133,2375,685,4135,8955,2230,0,3933,918,849,52,17.1,12.7
2023,2,568.324,1,0,,יהודים,יהודי,חילוני,,3,2,5,בבעלות,,0,2,5,10543,6548,8607,556,1019,3995,583,73,0,1194,891,297,0,46.4,18.3
2023,2,384.697,2,0,,יהודים,יהודי,חילוני,,3,2,4,בבעלות,1,1,1,8,25908,22979,8780,1578,604,3158,1391,71,70,244,494,1081,90,36.0,24.9
2023,2,601.240,7,2,5,יהודים,יהודי,דתי,,3,2,5,בבעלות,1,2,1,4,31890,27895,25233,4281,343,4075,2370,451,461,2955,5585,3796,917,16.1,18.3
2023,2,408.547,4,2,2,יהודים,יהודי,חילוני,עירוני גדול,1,5,4,,2,3,1,8,43882,43882,19269,5081,668,4008,1815,931,1767,914,2072,1822,191,20.8,29.8
2023,1,545.591,3,1,1,יהודים,יהודי,חרדי,עירוני גדול,1,5,2,,1,1,2,1,6599,6599,12190,3392,0,3030,730,58,558,150,430,3640,204,24.9,27.8
2023,1,660.053,5,4,,יהודים,יהודי,מסורתי,עירוני גדול,1,5,4,בבעלות,1,1,1,8,47211,42081,14159,1367,314,5130,1838,205,142,1042,713,3102,305,36.2,11.9
2023,1,847.426,2,2,,יהודים,יהודי,חילוני,עירוני גדול,1,5,6,בבעלות,1,1,1,9,29876,22425,18978,4019,43,7583,2030,98,264,1196,844,2534,368,40.0,21.4
2023,2,367.437,5,2,1,יהודים,יהודי,דתי,עירוני גדול,1,5,5,בבעלות,2,6,1,10,113949,104915,57288,13739,953,7451,3451,123,1141,2630,6241,18792,2768,13.0,25.6
2023,2,719.294,1,0,,יהודים,יהודי,מסורתי,עירוני גדול,1,5,3,בבעלות,1,0,1,8,16310,12409,12625,839,445,4129,1448,250,217,708,158,2988,1443,32.7,10.2
2023,1,348.880,3,3,,יהודים,יהודי,לא ידוע,עירוני גדול,1,5,7,בבעלות,2,3,1,10,57879,50428,36457,4407,1965,7451,6520,1312,675,2291,122,11491,223,20.4,17.5
2023,2,227.243,2,0,,יהודים,יהודי,מסורתי,עירוני גדול,1,5,6,בבעלות,2,1,1,10,46989,39538,26978,3057,865,7681,3090,688,908,3605,1272,2347,3466,28.5,14.5
2023,2,475.123,2,1,,יהודים,יהודי,מסורתי,עירוני גדול,1,5,5,בבעלות,2,1,1,8,23987,16536,24095,2707,1445,7772,5819,671,0,1646,424,2210,1402,32.3,17.2
2023,2,485.100,2,1,1,יהודים,יהודי,מסורתי,עירוני גדול,1,5,4,,1,3,1,10,48993,48993,51223,1052,0,3207,3043,27782,2807,2897,3976,852,5606,6.3,2.1
2023,1,288.632,3,2,,יהודים,יהודי,דתי,עירוני גדול,1,5,5,בבעלות,1,0,2,9,37882,30431,12505,1068,635,7451,1411,110,81,830,136,631,153,59.6,13.6
2023,1,356.025,10,1,7,יהודים,יהודי,חרדי,עירוני גדול,1,5,3,,,1,2,1,11741,11741,19918,5560,1557,3837,1256,345,466,538,3843,966,1551,19.3,35.7
2023,2,433.727,6,2,2,יהודים,יהודי,חרדי,עירוני גדול,1,5,5,,,1,1,4,29410,29410,34058,7808,1615,6914,2910,1319,4059,2491,2241,1098,3603,20.3,27.7
2023,2,337.395,2,0,,יהודים,יהודי,דתי,עירוני גדול,1,5,4,בבעלות,,1,1,8,26795,21665,10301,1552,103,5339,972,81,0,1666,0,284,304,51.8,16.1
2023,2,410.610,10,2,8,יהודים,יהודי,חרדי,עירוני גדול,1,5,2.5,,1,1,1,2,25045,25045,16996,2377,946,4509,1485,411,1192,338,4047,1488,203,26.5,19.6
2023,1,503.145,4,2,,ערבים,נוצרי,מסורתי,עירוני גדול,1,5,2.5,בבעלות,,1,1,4,22737,20062,28456,14345,2529,2675,2000,2302,2111,309,438,385,1362,9.4,59.3
2023,1,1391.634,4,2,2,ערבים,נוצרי,מסורתי,עירוני גדול,1,5,3,,,0,1,1,10477,10477,8311,1860,482,2020,1167,68,578,135,817,600,583,24.3,28.2
2023,1,797.384,5,2,3,ערבים,נוצרי,מסורתי,עירוני גדול,1,5,3,,1,1,2,1,11445,11445,17270,7179,0,1521,987,51,1389,89,2338,2631,1087,8.8,41.6
2023,1,344.668,4,1,2,ערבים,נוצרי,מסורתי,עירוני גדול,1,5,1.5,,1,1,1,1,10421,8063,12857,1806,118,2358,888,199,0,471,0,2100,4918,18.3,15.0
2023,1,765.033,5,3,,ערבים,נוצרי,מסורתי,עירוני גדול,1,5,3,בבעלות,1,1,1,4,26480,23805,19520,3493,2007,2675,1547,1639,1369,534,204,3617,2437,13.7,28.2
2023,1,1265.602,4,2,2,ערבים,נוצרי,מסורתי,עירוני גדול,1,5,2,בבעלות,1,1,1,4,22912,20554,11497,3386,747,2358,919,188,365,51,154,2812,517,20.5,35.9
2023,1,893.610,9,2,5,ערבים,נוצרי,מסורתי,עירוני גדול,1,5,2,,1,0,1,1,11932,9574,19960,3840,952,2358,1209,1969,791,757,2382,4326,1375,11.8,24.0
2023,1,452.753,3,2,,ערבים,נוצרי,מסורתי,עירוני גדול,1,5,2,בבעלות,1,0,1,5,20046,17688,11589,197,0,2358,921,1723,0,438,305,5002,644,20.3,1.7
2023,1,538.824,1,0,,אחר,אחר,חילוני,עירוני קטן,4,4,1,,,0,2,1,3999,3999,1606,579,180,303,126,0,0,36,204,178,0,18.9,47.3
2023,2,486.926,2,0,,יהודים,יהודי,חילוני,עירוני קטן,4,4,3,,,0,1,2,9028,9028,7210,1307,289,2706,367,919,0,128,196,375,924,37.5,22.1
2023,2,271.938,3,3,,ערבים,נוצרי,מסורתי,עירוני קטן,4,4,3,בבעלות,2,5,1,8,34775,32955,37372,7654,121,5354,1238,932,1405,2646,6175,8951,2896,14.3,20.8
2023,2,394.300,1,1,,יהודים,יהודי,חילוני,עירוני קטן,4,4,2.5,,1,1,1,9,19975,19712,9158,1375,153,2906,561,209,402,763,14,2508,267,31.7,16.7
2023,1,361.798,2,1,,יהודים,יהודי,מסורתי,עירוני קטן,4,4,3.5,בבעלות,,0,2,8,24022,20856,6845,197,219,3234,3144,0,0,0,0,51,0,47.2,6.1
2023,2,576.964,3,2,1,אחר,אחר,חילוני,עירוני קטן,4,4,3,,,2,1,1,7506,7506,9407,3296,924,3708,606,88,0,266,128,253,137,39.4,44.9
2023,2,330.392,1,1,,יהודים,יהודי,חילוני,עירוני קטן,4,4,4,בבעלות,1,2,1,10,29546,24120,12623,455,0,3205,3509,0,0,342,2499,2613,0,25.4,3.6
2023,2,221.237,2,1,,יהודים,יהודי,מסורתי,אחר,4,4,4.5,בבעלות,1,3,1,8,24673,20098,32571,788,358,8862,1458,5296,160,877,2177,9156,3438,27.2,3.5
2023,2,752.234,2,0,,יהודים,יהודי,חילוני,אחר,4,4,3.5,,1,1,1,1,3101,3101,26658,4110,910,3682,993,2736,353,493,1235,10696,1452,13.8,18.8
2023,2,248.608,2,1,,יהודים,יהודי,דתי,אחר,4,4,5,בבעלות,,1,1,10,40267,35692,15058,1889,551,4764,2262,1218,0,1853,325,365,1831,31.6,16.2
2023,2,471.207,3,2,,יהודים,יהודי,מסורתי,אחר,4,4,4,בבעלות,1,1,1,7,26788,23265,18753,3553,190,3591,1333,359,2828,926,3918,1640,415,19.1,20.0
2023,2,324.152,1,1,,יהודים,יהודי,חילוני,אחר,4,4,2,,,1,1,5,10453,10453,6325,1835,717,129,234,66,1363,615,1145,221,0,2.0,40.3
2023,2,293.720,3,1,,יהודים,יהודי,חילוני,אחר,4,4,5,בבעלות,2,2,1,7,28542,23967,30251,2866,419,4671,3443,540,0,2351,1273,13294,1396,15.4,10.9
2023,2,382.033,2,1,,יהודים,יהודי,חילוני,אחר,4,4,5,בבעלות,1,2,1,6,18370,13795,9373,979,258,4687,923,0,0,740,576,754,456,50.0,13.2
2023,2,476.874,1,0,,יהודים,יהודי,מסורתי,אחר,4,4,3,,,1,1,3,7551,4652,5133,820,483,2899,181,104,110,64,0,131,342,56.5,25.4
2023,2,663.585,1,0,,יהודים,יהודי,מסורתי,אחר,4,4,4,בבעלות,,0,1,6,10982,7459,9181,1641,85,3635,318,54,647,1955,218,590,39,39.6,18.8
2023,2,324.152,1,1,,יהודים,יהודי,מסורתי,אחר,4,4,4,בבעלות,2,1,1,7,13358,9835,23011,1726,73,3523,658,0,0,738,585,1252,14457,15.3,7.8
2023,2,254.030,3,3,,יהודים,יהודי,דתי,,3,4,5,בבעלות,2,1,1,10,50094,41494,23701,2800,0,8374,2894,2326,1002,1261,254,4691,98,35.3,11.8
2023,1,303.854,2,1,,ערבים,מוסלמי,דתי,,2,3,4,בבעלות,1,0,1,5,15258,12380,22308,8526,1456,2999,2532,2191,0,898,103,1388,2215,13.4,44.7
2023,2,108.502,3,1,,ערבים,נוצרי,מסורתי,,2,3,3,בבעלות,,0,1,4,17933,15099,10081,1249,0,2834,2811,1019,707,297,0,253,911,28.1,12.4
2023,2,136.511,1,0,,ערבים,נוצרי,דתי,,1,2,4,בבעלות,,0,2,1,1856,-196,5294,1853,605,2052,755,0,0,0,0,30,0,38.8,46.4
2023,1,3542.713,6,1,4,ערבים,נוצרי,מסורתי,,1,2,3,,1,0,2,1,3078,1242,7123,1709,951,1836,1184,0,0,0,305,1138,0,25.8,37.3
2023,2,2477.510,5,0,3,ערבים,נוצרי,מסורתי,,1,2,3,,,0,2,1,-393,-393,11589,6171,1271,1515,1292,151,0,355,304,354,175,13.1,64.2
2023,2,636.982,6,2,4,ערבים,נוצרי,מסורתי,,2,4,4,בבעלות,2,2,1,4,30302,27581,22581,1579,913,2721,1143,107,5311,195,4199,4762,1650,12.0,11.0
2023,2,1104.600,5,2,3,ערבים,נוצרי,דתי,,2,4,7,בבעלות,1,1,1,2,16984,12984,10117,1324,43,4000,1199,48,2050,84,167,457,745,39.5,13.5
2023,2,797.141,5,1,3,יהודים,יהודי,דתי,כפרי,4,5,2,,,0,1,2,15485,15485,9058,2042,286,4501,776,65,0,135,50,876,326,49.7,25.7
2023,2,644.978,4,4,,יהודים,יהודי,חילוני,כפרי,4,5,4,בבעלות,2,2,1,10,56252,51480,29034,6914,1246,4873,2188,454,467,2294,1746,6331,2522,16.8,28.1
2023,2,827.358,3,1,,אחר,מוסלמי,חילוני,עירוני קטן,4,4,3,,,1,1,1,7820,7820,8459,1741,265,4335,533,67,451,341,298,428,0,51.2,23.7
2023,2,700.737,1,1,,יהודים,יהודי,חילוני,עירוני בינוני,4,5,1,,1,0,1,5,10595,7356,10607,1061,1099,3342,1528,0,0,406,252,2918,0,31.5,20.4
2023,2,769.892,4,2,2,יהודים,יהודי,חרדי,עירוני בינוני,4,5,4,,1,3,1,7,32895,32895,17550,1266,531,5501,658,302,1034,851,1089,2588,3732,31.3,10.2
2023,2,1150.742,2,2,,יהודים,יהודי,חילוני,אחר,5,5,2,,1,3,1,6,18903,18903,15650,626,255,5731,637,350,0,204,2826,1144,3878,36.6,5.6
2023,2,974.080,4,3,,יהודים,יהודי,חילוני,,4,3,6,בבעלות,2,1,1,10,67942,61236,31739,2958,1876,7003,3256,1296,0,740,615,12917,1077,22.1,15.2
2023,2,511.737,4,2,2,יהודים,יהודי,אחר,,4,3,4,בבעלות,1,2,1,6,31660,26746,17761,1702,108,4914,1271,963,952,573,4836,2292,151,27.7,10.2
2023,2,717.750,3,2,1,יהודים,יהודי,אחר,,4,3,4,בבעלות,1,1,1,6,24765,19851,9037,700,341,4914,993,101,200,38,756,993,0,54.4,11.5
2023,2,471.297,4,1,2,יהודים,יהודי,חילוני,,4,3,5,בבעלות,2,2,1,8,42863,36157,16385,197,338,6791,1554,468,468,1334,3170,1000,1065,41.4,3.3
2023,2,703.085,3,1,2,יהודים,יהודי,חילוני,,4,3,4,,1,2,1,1,2632,2632,23911,1485,1016,6001,3159,810,229,914,2922,7374,0,25.1,10.5
2023,2,263.698,2,2,,יהודים,יהודי,חילוני,,4,1,5,בבעלות,1,3,1,9,33742,29742,12803,650,1850,4084,1435,92,320,746,281,3184,160,31.9,19.5
2023,2,565.982,6,2,2,ערבים,נוצרי,חילוני,עירוני קטן,4,4,4,בבעלות,2,1,1,4,27405,24239,17452,1760,1111,3268,1131,401,972,2569,1370,4483,387,18.7,16.5
2023,2,526.913,4,0,2,יהודים,יהודי,חילוני,אחר,4,4,5,,1,2,1,2,12080,12080,16359,3798,1458,5001,837,1279,30,327,894,2605,130,30.6,32.1
2023,2,671.061,4,4,,יהודים,יהודי,לא ידוע,,5,4,5,בבעלות,2,2,1,10,67072,57086,26079,2499,174,10283,2702,71,401,492,4865,4593,0,39.4,10.2
2023,2,331.428,2,2,,יהודים,יהודי,חילוני,,5,4,6,בבעלות,2,2,1,10,42412,30469,29991,1142,253,10088,2256,202,100,899,3245,11002,805,33.6,4.7
2023,2,322.613,2,1,,ערבים,נוצרי,דתי,,2,2,3,בבעלות,1,3,1,7,20570,18806,12772,2040,195,1764,620,100,0,0,6727,1325,0,13.8,17.5
2023,2,259.980,5,3,2,ערבים,נוצרי,מסורתי,,2,2,3,,2,1,1,3,22031,22031,19292,2561,373,1879,734,190,852,1867,4341,4967,1528,9.7,15.2
2023,2,1010.720,5,1,3,ערבים,נוצרי,דתי,,2,2,4,בבעלות,1,0,1,2,16505,14205,19648,2887,760,2300,1313,1136,5411,2510,0,2672,660,11.7,18.6
2023,2,570.447,4,1,2,יהודים,יהודי,חילוני,,5,5,3,,1,4,1,7,35113,35113,17722,1019,0,9442,1341,267,948,549,1461,670,2025,53.3,5.7
2023,2,784.903,3,2,1,יהודים,יהודי,חילוני,אחר,4,4,3,בבעלות,2,1,1,7,30575,26274,10933,341,392,3758,644,0,200,108,4370,990,130,34.4,6.7
2023,2,677.559,2,2,,יהודים,יהודי,דתי,עירוני גדול,1,5,2,בבעלות,1,1,1,7,20677,17923,10659,2124,536,2754,706,1026,950,492,125,1096,850,25.8,25.0
2023,2,530.931,2,2,,יהודים,יהודי,חילוני,עירוני גדול,1,5,4,בבעלות,,1,1,7,23164,18034,11321,863,490,5143,1301,180,160,502,1394,1287,0,45.4,12.0
2023,2,400.801,1,0,,יהודים,יהודי,דתי,עירוני גדול,1,5,3,בבעלות,,1,1,10,23917,20016,28256,1165,516,3986,1235,67,0,545,141,20601,0,14.1,5.9
2023,2,585.602,2,2,,יהודים,יהודי,חילוני,עירוני גדול,1,5,2,,1,0,1,8,24290,20988,17652,4396,217,2754,874,117,200,169,0,2218,6705,15.6,26.1
2023,2,487.666,2,0,,יהודים,יהודי,חילוני,עירוני קטן,4,4,3,,,2,1,3,10318,10318,9366,1716,1106,2800,266,1466,0,517,930,280,284,29.9,30.1
2023,2,1165.414,5,2,3,יהודים,יהודי,חילוני,,3,4,4,,1,1,1,7,38035,38035,13876,1150,1004,4501,1259,0,0,249,4523,946,244,32.4,15.5
2023,2,290.394,2,1,,יהודים,יהודי,מסורתי,,3,4,7,בבעלות,1,1,2,10,50495,40088,30046,4401,1775,9757,3892,143,2004,1956,3628,904,1586,32.5,20.6
2023,2,226.013,3,1,2,יהודים,יהודי,חילוני,עירוני גדול,1,5,3,בבעלות,1,3,1,3,15942,12041,10899,1128,292,3901,1127,0,517,747,839,1960,387,35.8,13.0
2023,2,2465.705,2,2,,ערבים,נוצרי,מסורתי,עירוני גדול,1,5,3,,2,0,1,4,12516,9841,12531,3785,278,2675,840,0,600,48,0,4057,248,21.3,32.4
2023,2,572.037,2,0,,יהודים,יהודי,דתי,,3,3,4,בבעלות,,0,2,5,16970,12150,8334,1821,517,4820,830,214,0,0,20,110,0,57.8,28.1
2023,2,380.157,4,2,2,יהודים,יהודי,דתי,עירוני קטן,4,4,3.5,בבעלות,2,1,2,3,18758,14236,14774,2900,269,3166,824,56,721,398,3922,1932,587,21.4,21.4
2023,2,223.107,1,0,,ערבים,נוצרי,חילוני,עירוני קטן,4,4,1,,1,1,1,1,-196,-196,19547,6242,452,1500,739,670,301,1538,497,7279,329,7.7,34.2
2023,2,509.587,9,2,7,יהודים,יהודי,חרדי,אחר,2,2,3,,1,0,2,1,8178,8178,10402,1785,74,3501,1191,67,0,325,555,2905,0,33.7,17.9
2023,2,306.632,1,0,,יהודים,יהודי,חילוני,אחר,2,2,3,,,0,1,2,5619,5619,5518,1868,342,390,615,226,40,898,579,324,236,7.1,40.1
2023,2,306.632,1,0,,יהודים,יהודי,חילוני,אחר,2,2,3,,,0,2,3,6432,6432,4556,1814,400,390,402,120,0,141,161,233,895,8.6,48.6
2023,2,259.752,3,0,,ערבים,נוצרי,דתי,,2,2,4,,1,0,2,2,10897,8397,18885,3733,499,2500,3642,471,0,301,424,7314,0,13.2,22.4
2023,2,160.636,2,1,,ערבים,נוצרי,אחר,,2,2,3,בבעלות,1,0,1,3,11820,9235,17480,768,846,2585,1437,1100,730,162,0,8766,1085,14.8,9.2
2023,2,283.179,5,2,1,ערבים,נוצרי,דתי,,2,2,4,בבעלות,1,2,1,3,21019,18019,20065,3980,434,3000,1435,247,40,3295,87,6713,833,15.0,22.0
2023,2,114.031,1,0,,ערבים,נוצרי,דתי,,2,2,2,בבעלות,,0,2,3,7198,5213,5425,2114,686,1985,339,0,300,0,0,1,0,36.6,51.6
2023,1,156.637,3,1,1,ערבים,נוצרי,מסורתי,,2,2,4,בבעלות,1,1,1,3,15113,13069,16103,3028,1775,3776,1123,0,0,347,3462,2541,51,23.4,29.8
2023,1,476.101,2,0,,ערבים,נוצרי,דתי,,2,2,3.5,בבעלות,1,0,1,6,19580,18180,5141,504,0,1400,862,0,0,37,0,1265,1074,27.2,9.8
2023,1,434.129,1,0,,ערבים,נוצרי,דתי,,2,2,2.5,בבעלות,,0,1,3,6512,5312,10456,1972,1074,1200,2346,898,0,404,0,2210,351,11.5,29.1
2023,2,770.974,3,2,,יהודים,יהודי,חילוני,,4,1,3,,1,2,1,5,20372,20372,11480,3580,651,2800,408,550,400,414,416,1957,304,24.4,36.9
2023,2,455.906,2,0,,יהודים,יהודי,חילוני,,4,1,4,,1,1,2,5,16845,12638,14841,1682,504,6707,543,875,640,1518,291,1747,334,45.2,14.7
2023,2,2412.815,2,2,,יהודים,יהודי,חילוני,,4,1,2,,1,1,2,5,17011,17011,12460,5307,130,1700,456,0,450,737,273,1833,1574,13.6,43.6
2023,2,222.649,3,1,2,יהודים,יהודי,מסורתי,,4,1,5,בבעלות,1,0,1,5,22878,18625,12639,2042,116,4253,679,2722,1480,233,344,528,241,33.6,17.1
2023,2,1459.098,3,3,,יהודים,יהודי,מסורתי,,3,4,3,בבעלות,2,1,1,8,31926,29706,8842,3062,649,2220,910,391,52,168,0,1390,0,25.1,42.0
2023,2,1297.860,2,0,,יהודים,יהודי,חילוני,,3,4,6,בבעלות,1,4,1,2,7320,2962,10550,1453,697,4422,441,0,70,1368,424,1416,261,41.9,20.4
2023,2,865.749,5,3,1,יהודים,יהודי,דתי,,3,4,5,,2,4,1,8,48401,40200,20310,3387,1511,4358,1196,125,0,482,2506,6061,684,21.5,24.1
2023,2,1134.831,4,2,2,אחר,אחר,חילוני,,3,4,4,,1,2,1,1,8734,8734,45983,16411,506,4482,2640,910,5323,1734,7008,3686,3283,9.7,36.8
2023,1,1249.280,1,0,,אחר,מוסלמי,חילוני,,4,4,1,,,0,2,4,7758,4038,5776,1369,197,3922,123,102,0,0,0,1,61,67.9,27.1
2023,1,808.835,5,2,3,יהודים,יהודי,חילוני,,4,4,6,בבעלות,2,4,1,7,41065,34458,30241,3611,398,6659,2797,102,1085,2722,3524,9135,208,22.0,13.3
2023,1,1441.682,1,0,,יהודים,יהודי,מסורתי,,4,4,4,בבעלות,1,1,1,6,11968,6919,10917,3012,282,5049,1049,0,0,759,203,563,0,46.2,30.2
2023,2,960.226,11,1,9,יהודים,יהודי,דתי,,4,4,4,בבעלות,2,1,1,3,37096,32047,23173,4696,3603,5049,3342,2091,379,2418,14,1270,312,21.8,35.8
2023,2,2594.453,1,1,,יהודים,יהודי,חילוני,,4,4,2,,,1,1,9,21064,21064,18622,2755,147,5597,895,1081,444,652,1879,2779,2391,30.1,15.6
2023,2,1269.339,5,1,3,יהודים,יהודי,דתי,,4,4,4,בבעלות,2,2,1,4,26063,21014,21588,1557,584,5119,1732,204,352,1339,867,9767,65,23.7,9.9
2023,1,872.607,6,2,3,יהודים,יהודי,דתי,,4,4,4,בבעלות,2,1,1,2,19050,14001,15027,2013,1523,5150,1650,1352,0,983,1281,901,174,34.3,23.5
2023,1,534.823,5,2,3,יהודים,יהודי,חילוני,,4,4,4,בבעלות,2,3,1,6,36589,30805,22908,3720,310,5049,1809,1510,0,3374,4290,1506,1338,22.0,17.6
2023,2,982.019,1,0,,יהודים,יהודי,דתי,,4,4,4,בבעלות,,0,2,8,17275,12226,11461,466,202,5049,687,371,162,548,213,61,3703,44.1,5.8
2023,1,472.704,2,1,,יהודים,יהודי,מסורתי,,4,4,2.5,בבעלות,2,1,1,8,23671,19413,22146,1012,402,4360,1239,105,51,1778,1168,11312,718,19.7,6.4
2023,2,1270.705,4,3,1,יהודים,יהודי,חילוני,כפרי,4,5,5,בבעלות,1,4,1,9,49124,43527,43921,5666,931,12905,1489,501,1534,1150,2469,17083,195,29.4,15.0
2023,2,1123.475,2,1,,יהודים,יהודי,חילוני,כפרי,4,5,3.5,בבעלות,1,1,1,8,23621,18849,16178,2792,664,4818,1286,43,820,392,0,1361,4002,29.8,21.4
2023,2,910.842,3,2,,יהודים,יהודי,חילוני,כפרי,3,4,4,בבעלות,1,1,1,6,24887,21382,6342,1129,63,3505,529,34,0,261,213,609,0,55.3,18.8
2023,2,1010.803,1,1,,יהודים,יהודי,חילוני,כפרי,3,4,2,,1,1,1,8,14830,14613,8970,1522,113,2700,587,0,0,54,2876,1118,0,30.1,18.2
2023,2,770.616,3,2,1,אחר,אחר,חילוני,כפרי,3,4,4.5,,1,1,1,1,8000,8000,14792,506,748,3808,766,143,283,957,3577,3502,504,25.7,8.5
2023,2,459.291,3,2,,אחר,מוסלמי,חילוני,כפרי,3,4,4,בבעלות,2,4,1,6,24494,20771,16172,3109,2011,3505,849,1974,808,2256,136,1306,217,21.7,31.7
2023,2,1136.469,3,2,1,יהודים,יהודי,חרדי,,3,4,3,בבעלות,,0,2,5,20246,16612,10257,1290,457,3634,1230,42,1904,206,772,219,504,35.4,17.0
2023,2,193.963,4,2,,ערבים,נוצרי,מסורתי,,2,3,3,בבעלות,1,0,1,5,24604,22431,14316,2496,925,2173,1511,101,900,3517,434,2130,130,15.2,23.9
2023,2,459.093,5,3,2,ערבים,מוסלמי,חילוני,,2,3,4,בבעלות,1,3,1,6,37005,34261,36779,1801,1163,2744,8649,346,1900,1753,8606,7797,2018,7.5,8.1
2023,2,104.909,3,2,,ערבים,מוסלמי,חילוני,,2,3,3,בבעלות,1,0,1,10,47904,45731,14919,2279,590,2173,2649,0,1100,1146,832,1327,2823,14.6,19.2
2023,2,484.208,2,2,,אחר,אחר,חילוני,,3,3,2.5,,,1,1,3,10839,10839,8401,2051,1001,2600,949,193,271,914,219,194,10,30.9,36.3
2023,2,399.551,2,1,,יהודים,יהודי,דתי,,3,3,4,בבעלות,,0,2,5,17270,14479,8203,1508,961,2791,945,280,0,460,840,243,176,34.0,30.1
2023,2,210.606,1,1,,יהודים,יהודי,חילוני,,3,3,4,בבעלות,1,1,1,9,18281,15094,13185,0,0,2885,1184,693,1853,274,955,1016,4327,21.9,0.0
2023,2,488.947,4,3,1,יהודים,יהודי,חילוני,,3,3,5,,2,5,1,8,44566,43661,25836,5300,0,3626,1766,4785,1709,527,4276,3847,0,14.0,20.5
2023,2,496.858,2,0,,יהודים,יהודי,חילוני,,3,3,3,בבעלות,,0,1,3,10220,8053,7931,2193,658,2316,571,194,460,1212,121,205,0,29.2,35.9
2023,2,468.998,2,2,1,אחר,אחר,חילוני,,3,4,3,,,1,1,5,14849,14849,12748,1668,239,4008,692,101,0,161,933,3802,1143,31.4,15.0
2023,2,876.223,2,0,,יהודים,יהודי,מסורתי,,3,4,6,בבעלות,1,0,1,6,18859,12638,18888,815,965,6221,1344,1189,202,4152,0,3932,68,32.9,9.4
2023,2,610.640,1,0,,יהודים,יהודי,חילוני,,3,4,3.5,בבעלות,,0,1,5,9675,5137,9876,1505,709,4615,619,101,401,618,1156,152,0,46.7,22.4
2023,2,452.020,5,3,2,יהודים,יהודי,חילוני,,3,4,5,בבעלות,2,3,1,6,34143,27922,22092,6579,303,6221,1500,625,0,2454,2339,1394,676,28.2,31.2
2023,2,607.818,4,2,2,אחר,מוסלמי,חילוני,,3,4,4,בבעלות,2,1,1,4,22220,17682,16142,2084,1144,4538,1455,61,707,373,3450,1898,432,28.1,20.0
2023,2,597.682,4,2,2,יהודים,יהודי,חילוני,,3,4,4,בבעלות,1,1,1,5,26224,21686,13679,1253,112,4538,1105,71,606,304,4606,1033,51,33.2,10.0
2023,2,1269.362,2,0,,יהודים,יהודי,חילוני,,3,4,4,בבעלות,,1,1,3,11479,6941,9672,1437,426,4538,419,0,416,229,2080,128,0,46.9,19.3
2023,2,2275.685,1,1,,יהודים,יהודי,מסורתי,,3,4,3,,1,0,1,6,11744,11744,8162,762,0,4501,597,0,301,505,131,810,555,55.1,9.3
2023,2,1158.177,3,1,,יהודים,יהודי,חילוני,אחר,2,3,4,בבעלות,1,2,1,4,17935,14507,18580,2127,957,3428,806,764,0,2052,98,8123,226,18.4,16.6
2023,2,1055.387,4,4,,יהודים,יהודי,מסורתי,אחר,2,3,4,בבעלות,2,1,1,9,45096,41668,12745,604,305,3428,1699,1300,501,2233,281,1239,1155,26.9,7.1
2023,2,1192.384,3,1,1,יהודים,יהודי,מסורתי,אחר,2,3,4,,1,1,1,4,17656,17656,14510,2552,0,3401,1092,45,0,1244,1268,2811,2097,23.4,17.6
2023,2,2117.213,1,1,,יהודים,יהודי,דתי,,4,3,5,בבעלות,1,2,1,10,24490,18603,29167,1021,392,5887,1322,212,0,1220,1562,16931,618,20.2,4.8
2023,2,401.287,3,3,,יהודים,יהודי,דתי,,4,3,4,בבעלות,2,2,1,8,36380,31816,22665,4150,0,4817,2180,5376,0,895,2274,2873,100,21.3,18.3
2023,2,387.615,3,2,,יהודים,יהודי,אחר,,4,3,5,,2,2,1,7,27695,27695,16423,3256,0,3701,2176,94,0,1740,1355,3666,435,22.5,19.8
2023,1,1343.455,4,1,2,יהודים,יהודי,מסורתי,,3,4,6,,,4,1,10,69261,69064,28714,2707,691,16616,4928,936,0,678,980,1091,87,57.9,11.8
2023,2,1056.560,3,0,2,יהודים,יהודי,חילוני,,3,4,5,,1,1,2,2,11629,11629,16064,2863,1181,6012,1476,0,263,783,1957,1528,0,37.4,25.2
2023,2,791.400,4,1,2,יהודים,יהודי,מסורתי,,3,4,5,בבעלות,2,3,1,7,33977,26973,19810,992,0,6575,2581,252,1262,1128,3868,1705,1448,33.2,5.0
2023,2,973.075,3,2,1,יהודים,יהודי,חילוני,,3,4,4.5,,2,2,1,8,36466,36330,15769,1477,0,4810,1581,0,1212,509,3752,2056,373,30.5,9.4
2023,1,1229.862,3,3,,יהודים,יהודי,חילוני,,3,4,4,,1,5,1,9,38743,38085,16715,5095,572,5150,2453,0,0,1713,340,1188,205,30.8,33.9
2023,2,1527.911,2,1,,יהודים,יהודי,חילוני,,3,4,3,,1,2,1,6,18285,17924,12527,765,278,5211,1244,269,2272,833,0,818,836,41.6,8.3
2023,2,749.824,2,2,,יהודים,יהודי,מסורתי,,4,5,3,,2,2,1,8,25351,25351,11460,540,75,3751,699,861,27,1091,1174,3243,0,32.7,5.4
2023,2,1914.360,3,1,,יהודים,יהודי,חילוני,,4,5,4,בבעלות,1,2,2,6,23995,19088,9722,778,787,4907,946,0,0,1728,206,370,0,50.5,16.1
2023,2,574.249,1,1,,אחר,מוסלמי,חילוני,,4,5,5,בבעלות,,0,1,10,22830,16822,11997,1677,873,6221,1171,469,500,291,279,348,168,51.9,21.3
2023,2,561.319,2,1,,יהודים,יהודי,חילוני,,4,5,3,בבעלות,1,1,1,7,21264,17670,14011,2438,1865,3732,1396,148,521,375,774,653,2108,26.6,30.7
2023,2,644.205,2,0,,יהודים,יהודי,חילוני,,4,5,4,בבעלות,1,1,1,6,19581,14674,16751,6086,551,4977,958,60,0,1333,487,2299,0,29.7,39.6
2023,2,589.648,1,1,,יהודים,יהודי,חילוני,,4,5,4,בבעלות,1,1,1,7,13893,8986,11809,894,413,4907,929,2844,100,655,151,915,0,41.6,11.1
2023,2,764.441,2,1,,יהודים,יהודי,חילוני,,4,5,3,,,0,2,6,18894,18894,6607,524,579,3607,831,39,121,860,1,1,43,54.6,16.7
2023,2,436.816,4,3,,יהודים,יהודי,חילוני,,4,5,4,בבעלות,2,4,1,6,30023,25116,14919,1587,236,4977,1525,67,618,2210,2007,1045,646,33.4,12.2
2023,2,1460.480,2,0,,יהודים,יהודי,מסורתי,,3,3,5,בבעלות,,0,1,5,16463,12393,9846,1003,404,4070,1272,1943,180,153,235,239,347,41.3,14.3
2023,2,443.934,3,1,2,יהודים,יהודי,חילוני,,3,3,3,,1,1,1,1,9076,9076,10502,2183,26,2600,442,228,0,3,408,4266,347,24.8,21.0
2023,2,489.969,2,2,,יהודים,יהודי,חילוני,,3,3,2.5,,1,1,1,2,7563,7563,9470,2004,156,2500,411,14,50,131,402,3785,17,26.4,22.8
2023,2,389.276,4,1,2,יהודים,יהודי,מסורתי,,3,3,4,בבעלות,1,0,2,4,19608,16817,11807,2869,246,2791,736,1980,662,352,280,841,1049,23.6,26.4
2023,2,418.574,4,2,2,יהודים,יהודי,חילוני,,3,1,4,בבעלות,2,1,1,4,21439,18439,17525,3260,1536,3013,2726,381,757,1238,3346,1217,51,17.2,27.4
2023,2,191.369,3,3,,יהודים,יהודי,חילוני,,3,1,6,בבעלות,2,2,1,10,52036,46036,23236,287,0,6000,4102,1562,3257,1455,1036,5210,326,25.8,1.2
2023,2,256.638,2,1,,יהודים,יהודי,חילוני,,3,1,3,בבעלות,,1,1,7,23341,20610,11710,441,117,2731,7396,219,90,322,172,222,0,23.3,4.8
2023,2,480.232,2,1,,יהודים,יהודי,חילוני,,3,1,4,בבעלות,,1,1,7,20854,18354,16783,3026,342,9514,1271,0,0,2155,203,272,0,56.7,20.1
2023,2,346.490,2,0,,יהודים,יהודי,חילוני,,3,1,3,,1,1,1,6,18387,15656,11115,1218,401,2731,2719,0,0,1347,477,1792,431,24.6,14.6
2023,2,513.098,4,2,2,יהודים,יהודי,מסורתי,,3,1,4,בבעלות,1,2,1,6,30849,27849,17173,5175,1560,3000,2240,157,281,1178,2417,922,244,17.5,39.2
2023,2,474.068,4,1,3,יהודים,יהודי,חילוני,,3,1,4,,1,3,1,2,11360,11360,12847,2416,312,1503,1830,414,271,466,2465,2845,326,11.7,21.2
2023,2,570.738,4,3,,יהודים,יהודי,מסורתי,,4,5,8,בבעלות,,1,1,10,68835,61860,21140,859,241,7145,1720,1008,0,4478,283,5406,0,33.8,5.2
2023,2,719.294,1,0,,יהודים,יהודי,חילוני,עירוני גדול,1,5,3.5,בבעלות,,1,1,5,9547,4417,10927,868,147,5292,622,0,825,412,251,2509,0,48.4,9.3
2023,2,818.597,4,2,1,יהודים,יהודי,חילוני,עירוני קטן,4,4,3,,,2,1,2,12397,12397,9491,2473,330,2505,745,71,454,298,1582,1032,0,26.4,29.5
2023,2,344.623,2,0,,יהודים,יהודי,חילוני,עירוני קטן,4,4,3,,1,1,1,1,4802,4802,11704,215,109,2500,583,2467,150,2196,1201,1078,1205,21.4,2.8
2023,2,538.824,1,0,,יהודים,יהודי,חילוני,עירוני קטן,4,4,1,,,0,2,4,8631,8631,2871,865,326,1247,251,0,0,0,152,30,0,43.4,41.5
2023,1,462.995,2,1,,יהודים,יהודי,מסורתי,כפרי,3,4,4,בבעלות,,1,1,1,6776,2860,10277,3040,460,4000,1238,65,0,708,159,411,194,38.9,34.1
2023,2,265.014,3,3,,יהודים,יהודי,מסורתי,כפרי,3,4,4,,1,2,1,9,41317,41317,17368,5056,893,4847,2431,258,101,637,644,1988,513,27.9,34.3
2023,2,578.002,4,1,2,יהודים,יהודי,מסורתי,אחר,3,2,3,,1,1,1,2,14848,14848,16274,1715,528,3201,665,642,180,2458,2387,1457,3041,19.7,13.8
2023,2,1097.856,2,2,,אחר,אחר,חילוני,אחר,3,2,4,בבעלות,1,0,1,10,41605,37936,26803,2533,1412,5977,2421,9431,0,328,2307,2396,0,22.3,14.7
2023,2,797.420,2,2,,ערבים,מוסלמי,אחר,,3,3,3,בבעלות,1,0,1,6,18538,15686,6777,928,355,2201,1180,67,471,459,101,760,255,32.5,18.9
2023,2,433.592,4,3,,ערבים,מוסלמי,חילוני,,3,3,5,בבעלות,2,3,1,8,44288,40571,30296,3272,1919,3717,1620,526,2541,1506,3503,11512,181,12.3,17.1
2023,2,1113.564,3,1,,יהודים,יהודי,חילוני,אחר,5,4,5,בבעלות,2,1,2,7,28019,20649,24336,2247,946,7416,2185,2206,80,1940,1266,6017,32,30.5,13.1
2023,2,470.125,9,5,1,יהודים,יהודי,חרדי,אחר,1,3,5,בבעלות,,1,2,3,33537,28091,19134,2596,1696,5446,1641,230,960,886,2672,2630,377,28.5,22.4
2023,2,211.795,10,2,7,יהודים,יהודי,חרדי,אחר,1,3,6,בבעלות,2,1,2,6,59124,53678,31883,1534,2569,5547,2993,0,1880,567,4277,5050,7466,17.4,12.9
2023,2,368.866,2,2,,יהודים,יהודי,חילוני,עירוני קטן,4,4,2,,1,2,2,6,19271,19097,17218,3873,835,3645,901,1088,0,138,856,4381,1501,21.2,27.3
2023,2,252.104,1,0,,יהודים,יהודי,חילוני,,3,4,4,בבעלות,1,2,1,10,28323,24942,11674,386,0,3596,1428,99,0,3566,462,2137,0,30.8,3.3
2023,2,393.179,2,1,,יהודים,יהודי,אחר,,3,4,5,בבעלות,2,2,1,9,29911,25449,36786,7625,2885,4615,1822,1735,2620,548,1384,8872,4683,12.5,28.6
2023,2,785.503,3,2,,יהודים,יהודי,דתי,,4,4,7,בבעלות,2,2,1,8,33816,26723,15469,1145,434,7263,2070,0,351,492,725,1999,990,47.0,10.2
2023,2,650.867,8,3,3,יהודים,יהודי,דתי,,4,4,5,בבעלות,2,4,1,4,36991,29572,31763,4821,825,7093,1924,1704,0,2727,6815,5093,761,22.3,17.8
2023,2,330.286,6,4,1,ערבים,נוצרי,דתי,,1,2,4,בבעלות,1,1,1,4,29655,26895,26349,4037,1823,3098,1142,522,1403,0,5779,5148,3397,11.8,22.2
2023,2,334.333,5,2,3,יהודים,יהודי,אחר,אחר,3,1,4,בבעלות,2,1,1,8,46384,40503,20618,1903,361,4551,3557,650,701,345,3317,2705,2528,22.1,11.0
2023,2,281.419,2,0,,יהודים,יהודי,חילוני,אחר,3,1,4,בבעלות,1,1,1,8,23850,19326,19395,1014,2129,4618,2406,104,0,1027,1068,4683,2347,23.8,16.2
2023,2,1004.190,2,2,,אחר,מוסלמי,חילוני,כפרי,3,4,3,,1,2,1,6,19425,19425,14353,1389,86,2900,836,43,0,552,381,7789,378,20.2,10.3
2023,2,470.473,4,3,1,יהודים,יהודי,חילוני,כפרי,3,4,4,בבעלות,2,2,1,7,35967,32462,23662,6583,750,3626,1091,261,850,692,1670,7048,1091,15.3,31.0
2023,2,614.846,9,5,2,יהודים,יהודי,מסורתי,כפרי,3,4,5,בבעלות,1,2,1,4,34295,29872,19153,1375,48,4423,1404,2869,699,1527,2261,4374,174,23.1,7.4
2023,2,778.567,6,2,4,יהודים,יהודי,חילוני,,4,5,4,בבעלות,2,2,1,5,34751,29844,23609,1047,525,4907,1363,802,1000,1502,5553,6690,220,20.8,6.7
2023,2,468.508,5,2,3,אחר,אחר,חילוני,,3,4,4,,1,1,1,2,17649,17649,17161,3038,868,5301,1121,1010,1000,728,3538,557,0,30.9,22.8
2023,2,419.743,6,2,4,יהודים,יהודי,חרדי,,3,4,5,בבעלות,1,4,2,4,28587,22366,25653,2472,908,6313,2343,2412,1582,454,5185,3255,729,24.6,13.2
2023,2,382.619,10,1,6,יהודים,יהודי,חרדי,,3,4,3.5,,1,2,2,1,20682,20682,17203,2944,419,3951,1215,692,620,1056,2182,2350,1776,23.0,19.5
2023,2,506.968,5,3,2,יהודים,יהודי,חילוני,,3,4,3,בבעלות,,1,1,4,24025,20419,15317,1967,728,3606,631,163,5001,1483,284,873,581,23.5,17.6
2023,2,408.831,5,2,3,יהודים,יהודי,חרדי,,3,4,3,,1,2,1,3,21456,21456,21647,3007,679,3501,1492,718,3421,582,3104,3052,2093,16.2,17.0
2023,2,469.750,8,2,6,יהודים,יהודי,חרדי,,3,4,5,בבעלות,,2,2,1,16684,10102,11964,855,567,6221,696,75,230,494,1910,228,688,52.0,11.9
2023,2,788.072,2,0,,אחר,מוסלמי,חילוני,,3,4,2,,,2,1,2,7206,7206,4844,994,451,500,379,430,0,1416,512,161,0,10.3,29.8
2023,2,283.729,4,2,,ערבים,מוסלמי,מסורתי,,3,2,4,בבעלות,2,2,1,6,31613,28715,56037,5001,2566,2898,8103,4693,1616,2830,1711,21002,5616,5.2,13.5
2023,2,272.700,6,1,4,ערבים,מוסלמי,מסורתי,,3,2,3,,1,1,2,1,3751,3751,26280,3079,1718,2344,817,238,1717,1911,1428,6020,7009,8.9,18.3
2023,2,137.113,3,2,,ערבים,נוצרי,מסורתי,,3,2,3,,1,0,1,4,19227,19227,14319,961,370,2769,1462,0,848,2134,0,3621,2153,19.3,9.3
2023,2,472.476,5,2,1,ערבים,נוצרי,מסורתי,,3,2,4,בבעלות,2,3,1,6,33466,30568,20622,4171,1152,2898,1981,310,868,890,2935,5241,174,14.1,25.8
2023,2,221.265,5,3,2,ערבים,מוסלמי,חילוני,,3,2,4,,2,2,1,2,15635,15635,19529,3114,858,2756,846,67,3457,2093,2296,3644,400,14.1,20.3
2023,2,215.032,4,3,,ערבים,מוסלמי,חילוני,,3,2,3,בבעלות,1,2,1,9,45995,43490,26131,3888,348,4309,1791,294,1854,5150,1973,6323,202,16.5,16.2
2023,2,214.107,2,0,,ערבים,נוצרי,מסורתי,,3,2,1,בבעלות,,0,1,2,7925,5968,12146,5449,1226,1957,1616,420,858,67,258,294,0,16.1,55.0
2023,2,190.855,4,2,,ערבים,נוצרי,מסורתי,,3,2,4,בבעלות,1,1,1,2,15499,12601,12996,1400,627,2898,658,102,2121,1481,423,2089,1198,22.3,15.6
2023,2,264.658,3,2,1,ערבים,נוצרי,מסורתי,,3,2,7,בבעלות,2,1,1,6,23404,18404,19685,1000,478,5000,4101,0,2525,989,170,4715,707,25.4,7.5
2023,2,202.893,3,0,,ערבים,מוסלמי,חילוני,,3,2,3,בבעלות,,0,2,2,9772,7267,12514,4884,748,2505,1715,0,969,341,0,280,1072,20.0,45.0
2023,2,434.129,1,0,,ערבים,נוצרי,דתי,,3,2,2,בבעלות,,0,2,3,7354,5397,17362,11107,1522,1957,2036,217,0,354,0,168,0,11.3,72.7
2023,2,434.129,1,0,,ערבים,מוסלמי,מסורתי,,3,2,3,,,0,2,2,4754,2249,12888,6158,2027,2505,1115,87,273,162,0,170,391,19.4,63.5
2023,2,325.710,1,0,,ערבים,נוצרי,דתי,,2,3,4,בבעלות,,0,2,2,4770,2337,7960,2722,587,2433,529,0,202,675,0,812,0,30.6,41.6
2023,2,270.483,3,1,,ערבים,נוצרי,דתי,,2,3,4,בבעלות,1,1,1,4,18502,16069,17123,4125,1964,2433,2289,961,2705,485,261,1235,666,14.2,35.6
2023,2,165.594,2,0,,ערבים,נוצרי,דתי,,2,3,3,בבעלות,,0,2,3,11164,9013,14300,5693,2314,2151,2093,130,151,112,0,20,1635,15.0,56.0
2023,2,349.261,5,1,3,ערבים,נוצרי,מסורתי,,2,3,3,בבעלות,1,1,1,2,15586,13435,26443,11358,1366,2151,597,84,606,114,1500,7603,1066,8.1,48.1
2023,2,325.710,1,0,,ערבים,מוסלמי,מסורתי,,2,3,6,בבעלות,,0,1,4,8559,5706,12598,2744,935,2853,440,0,2790,1166,387,193,1090,22.6,29.2
2023,2,160.636,2,0,,ערבים,נוצרי,דתי,,2,3,3,בבעלות,,0,1,1,5677,3526,7993,2862,922,2151,950,374,364,128,0,243,0,26.9,47.3
2023,2,151.733,3,2,1,ערבים,נוצרי,מסורתי,,2,3,5,בבעלות,2,2,1,5,22527,19674,34156,7657,195,2853,1985,8551,0,5433,1825,4511,1147,8.4,23.0
2023,2,112.056,1,1,,ערבים,נוצרי,מסורתי,,2,3,4,בבעלות,1,1,1,8,17549,15116,17250,2900,998,2433,604,135,2518,408,0,6735,519,14.1,22.6
2023,2,558.111,3,2,1,יהודים,יהודי,חילוני,,4,2,5,בבעלות,2,2,1,10,49628,41237,25689,1937,141,5000,2551,0,30,7623,3711,4125,570,19.5,8.1
2023,2,1123.660,1,1,,יהודים,יהודי,חילוני,,5,5,3.5,בבעלות,1,0,1,8,15184,7606,14440,495,13,7629,883,100,2889,861,864,707,0,52.8,3.5
2023,2,484.470,3,2,1,יהודים,יהודי,חילוני,עירוני גדול,1,5,4,,1,2,1,9,45425,45425,34947,5387,702,8781,3649,5796,765,823,2529,5902,613,25.1,17.4
2023,2,635.813,4,2,2,יהודים,יהודי,דתי,עירוני גדול,1,5,3,,1,1,1,5,26541,26541,49850,962,0,13302,1649,133,0,237,7347,2739,23479,26.7,1.9
2023,2,1161.377,4,2,,ערבים,נוצרי,מסורתי,עירוני גדול,1,5,4,בבעלות,2,0,1,3,16952,14505,24468,8252,1353,2447,2723,249,1240,0,401,4083,3722,10.0,39.3
2023,2,1071.240,4,0,2,ערבים,נוצרי,מסורתי,עירוני גדול,1,5,2,,,0,2,1,2163,-195,9757,1341,603,2358,1034,609,920,240,167,555,1929,24.2,19.9
2023,2,1280.181,4,1,,ערבים,נוצרי,מסורתי,עירוני גדול,1,5,3,בבעלות,1,0,1,3,16542,13867,16630,6181,148,2675,1349,880,825,898,0,1642,2031,16.1,38.1
2023,2,955.585,3,1,,ערבים,נוצרי,מסורתי,עירוני גדול,1,5,3,בבעלות,,1,2,1,5108,2433,6471,1480,356,2675,508,0,0,241,858,352,0,41.3,28.4
2023,2,1136.354,5,2,3,ערבים,נוצרי,מסורתי,עירוני גדול,1,5,2.5,בבעלות,2,1,1,5,27901,25226,10350,610,296,2675,919,0,400,0,1735,3265,451,25.8,8.8
2023,2,1324.118,6,1,4,ערבים,נוצרי,מסורתי,עירוני גדול,1,5,3,בבעלות,1,0,1,1,13558,10883,16856,5089,899,2675,1177,133,0,322,1757,4544,260,15.9,35.5
2023,2,601.511,6,4,1,יהודים,יהודי,חילוני,,4,3,4,בבעלות,2,3,1,7,43030,38648,37892,11043,3544,3948,1301,1334,1870,3055,5797,5689,309,10.4,38.5
2023,2,644.097,1,0,,יהודים,יהודי,חילוני,אחר,3,3,5,בבעלות,1,1,1,10,31303,26848,19914,2718,973,4514,1298,2603,647,526,3302,2880,453,22.7,18.5
2023,2,427.225,2,2,,יהודים,יהודי,חילוני,אחר,3,3,4,בבעלות,1,1,1,4,12779,9583,11735,2683,512,3296,1266,0,0,1114,272,2419,173,28.1,27.2
2023,2,80.149,4,4,,ערבים,נוצרי,מסורתי,,2,2,4,בבעלות,2,4,1,7,35677,33177,19890,1545,762,2500,901,124,1720,187,4009,7455,687,12.6,11.6
2023,2,111.325,4,1,2,ערבים,נוצרי,דתי,,2,2,3,בבעלות,,2,1,2,13405,10694,14577,464,0,2000,1145,947,1000,2493,4568,695,1265,13.7,3.2
2023,2,332.699,5,0,3,ערבים,נוצרי,מסורתי,,2,2,3,בבעלות,1,1,2,1,10552,7967,19970,3053,776,2585,2053,334,2930,1883,2238,3487,630,12.9,19.2
2023,2,632.062,6,3,1,ערבים,נוצרי,מסורתי,,2,2,8,בבעלות,1,4,1,5,33692,29692,69371,6802,1528,4000,2174,18332,14602,1191,14147,4924,1670,5.8,12.0
2023,2,851.253,5,2,3,יהודים,יהודי,חילוני,אחר,4,4,4,בבעלות,1,2,1,6,34507,29641,18092,1840,940,5011,1543,125,1000,1806,5005,820,0,27.7,15.4
2023,2,49.666,5,0,3,ערבים,נוצרי,דתי,,1,2,2,,,0,2,1,1005,-195,9319,4263,1150,1200,691,0,0,0,402,1613,0,12.9,58.1
2023,2,1467.950,7,1,2,ערבים,נוצרי,דתי,,1,2,5,בבעלות,,0,2,1,13531,10465,11817,3264,938,3066,1799,154,0,1396,651,161,388,25.9,35.6
2023,2,136.511,1,0,,ערבים,נוצרי,דתי,,1,2,2,בבעלות,,0,2,1,1405,-195,3209,944,291,1600,318,0,0,0,0,0,56,49.9,38.5
2023,2,136.511,1,0,,ערבים,נוצרי,דתי,,1,2,1,בבעלות,,0,2,1,1504,-196,7159,2535,1103,1700,1389,43,0,0,195,50,143,23.7,50.8
2023,2,101.177,3,1,,ערבים,נוצרי,מסורתי,,1,2,3,בבעלות,,2,2,5,19327,16907,15776,2071,1150,2420,1051,790,1350,3514,1454,1975,0,15.3,20.4
2023,2,996.642,5,2,,יהודים,יהודי,חרדי,עירוני בינוני,4,5,5,בבעלות,1,3,1,5,30489,20198,23442,4380,1230,10291,191,701,230,1026,2230,2812,351,43.9,23.9
2023,2,546.051,2,2,,יהודים,יהודי,דתי,,4,3,8,בבעלות,2,3,1,10,42845,36958,33321,6169,17,5887,7991,156,339,355,7023,5334,50,17.7,18.6
2023,2,705.053,4,2,2,יהודים,יהודי,דתי,,4,3,5,,1,3,1,6,29967,29967,22626,87,0,5001,1608,745,700,368,4284,9582,251,22.1,0.4
2023,2,742.606,5,1,3,יהודים,יהודי,דתי,,4,3,5,,1,2,1,5,28928,28928,18807,3308,0,5970,1525,70,100,1020,5549,862,402,31.7,17.6
2023,2,616.777,5,2,3,יהודים,יהודי,חילוני,,4,5,5,בבעלות,1,2,1,7,43221,36246,29529,2749,982,7110,2902,2220,2300,427,3428,7026,384,24.1,12.6
2023,2,519.176,2,1,,יהודים,יהודי,מסורתי,עירוני גדול,1,5,3,בבעלות,,1,1,4,12414,8513,9742,819,215,4201,1457,575,0,1318,490,315,351,43.1,10.6
2023,2,357.788,3,3,,אחר,אחר,חילוני,כפרי,3,4,4,בבעלות,2,2,1,7,28867,24951,15402,1162,687,4166,1091,151,795,2515,440,3303,1092,27.0,12.0
2023,2,748.562,2,1,,יהודים,יהודי,חילוני,,3,4,4.5,בבעלות,1,1,1,6,17815,11594,26938,1692,1412,6343,1243,87,90,1972,0,13926,173,23.5,11.5
2023,2,518.275,4,2,2,ערבים,נוצרי,דתי,,1,2,4,,1,1,1,2,14700,11940,18382,4106,434,2760,1164,1217,1100,1364,1542,2438,2257,15.0,24.7
2023,2,315.947,4,1,2,ערבים,נוצרי,מסורתי,,1,2,4,,2,1,1,6,29449,26689,28728,7357,868,2760,1080,194,1400,1110,2321,5769,5868,9.6,28.6
2023,2,325.710,1,0,,ערבים,מוסלמי,דתי,,2,3,5,בבעלות,,0,1,7,13219,10366,10933,2979,652,2895,1107,832,0,1436,0,218,813,26.5,33.2
2023,2,425.226,4,2,2,ערבים,נוצרי,מסורתי,,2,3,4,,1,0,2,1,10183,10183,5715,1292,648,238,854,136,0,92,288,1451,718,4.2,33.9
2023,2,147.812,2,1,,ערבים,מוסלמי,דתי,,2,3,4,בבעלות,,0,2,5,16949,14516,35743,7811,2866,2433,872,450,6301,1112,187,13150,560,6.8,29.9
2023,2,362.057,2,0,,יהודים,יהודי,חילוני,,4,3,3,בבעלות,1,2,1,7,22360,18060,16017,1737,475,4436,984,369,385,1615,487,4520,1009,27.7,13.8
2023,2,911.924,4,1,2,יהודים,יהודי,חילוני,,5,5,4,בבעלות,1,1,1,4,22853,15275,21905,3623,344,7685,2209,57,151,1309,4905,1200,422,35.1,18.1
2023,2,807.226,2,2,,יהודים,יהודי,אחר,,5,5,2,,1,1,1,4,14549,14549,7155,1405,359,3030,783,183,0,106,243,857,188,42.3,24.7
2023,2,741.779,2,1,,יהודים,יהודי,מסורתי,,5,5,5,בבעלות,1,0,2,8,26082,14110,17519,878,365,11972,939,107,0,2444,243,386,186,68.3,7.1
2023,1,686.490,5,3,2,יהודים,יהודי,מסורתי,,5,5,7,בבעלות,2,5,1,9,57931,45959,43959,5141,668,12224,2320,697,1374,967,2364,17480,724,27.8,13.2
2023,2,560.365,5,4,1,יהודים,יהודי,חילוני,,5,5,5,בבעלות,2,4,1,10,161485,153366,61370,5050,1672,12356,2191,974,656,2364,6982,19443,9682,20.1,11.0
2023,2,1450.804,4,1,,ערבים,נוצרי,מסורתי,עירוני גדול,1,5,3,בבעלות,1,1,1,3,18442,15767,17964,2940,262,2675,1063,3478,1934,1393,0,3056,1165,14.9,17.8
2023,2,1689.273,4,2,,ערבים,נוצרי,מסורתי,עירוני גדול,1,5,1.5,,1,0,1,6,31237,31237,15336,4148,1120,2700,1049,451,667,760,0,1945,2496,17.6,34.4
2023,2,500.709,5,2,3,יהודים,יהודי,דתי,,3,2,4,בבעלות,2,4,1,6,35823,31927,24947,1932,723,2540,1067,6035,1400,800,5172,2396,2883,10.2,10.6
2023,2,981.960,4,3,1,יהודים,יהודי,דתי,,3,2,4,בבעלות,1,4,1,5,27756,25216,17992,4145,1656,2540,954,3357,1400,201,939,2260,540,14.1,32.2
2023,2,920.055,5,4,,ערבים,דרוזי,מסורתי,,3,2,5,בבעלות,2,1,1,6,35780,32280,20538,1090,801,3500,2072,2108,701,1024,4882,4038,322,17.0,9.2
2023,2,3404.683,1,0,,יהודים,יהודי,דתי,,3,4,2,,,0,2,1,3353,3353,5022,870,0,3507,644,0,0,0,0,1,0,69.8,17.3
2023,2,610.257,1,0,,ערבים,מוסלמי,חילוני,אחר,3,5,2,בבעלות,,0,2,3,7548,4579,3958,120,76,2969,505,0,50,63,0,145,30,75.0,5.0
2023,2,1026.418,3,2,1,יהודים,יהודי,חילוני,אחר,5,5,3.5,,2,2,1,7,31076,31076,21262,1570,762,6201,1587,83,374,932,5915,2778,1059,29.2,11.0
2023,2,473.752,3,2,1,יהודים,יהודי,מסורתי,כפרי,3,4,5,,2,2,1,6,26191,21209,51995,1932,1078,5274,2305,1420,9185,244,4580,25718,259,10.1,5.8
2023,2,363.414,7,5,1,יהודים,יהודי,מסורתי,,2,2,6,בבעלות,2,3,1,10,94772,87538,46730,13116,4434,4362,2231,5821,3525,1596,1214,8825,1606,9.3,37.6
2023,2,411.621,4,2,,יהודים,יהודי,מסורתי,אחר,3,1,4,בבעלות,1,1,1,8,39384,34860,16221,2712,771,4524,1347,245,751,3076,217,1094,1483,27.9,21.5
2023,2,555.348,6,2,4,ערבים,דרוזי,מסורתי,,3,1,6,בבעלות,1,2,1,2,17424,13424,27941,14007,825,4000,1782,50,600,247,1908,3617,905,14.3,53.1
2023,2,859.170,5,5,,יהודים,יהודי,מסורתי,עירוני גדול,1,5,5,בבעלות,2,2,1,7,39098,31647,25974,2762,171,7528,2681,626,220,1145,2279,7357,1205,29.0,11.3
2023,2,534.982,5,2,3,יהודים,יהודי,חילוני,,2,4,3,בבעלות,1,1,1,3,22154,18896,19098,3305,86,2791,718,34,0,376,4982,5789,1018,14.6,17.8
2023,2,332.059,2,1,,יהודים,יהודי,חרדי,,2,4,4,בבעלות,,1,2,9,30288,26797,13547,2880,1435,3491,1189,0,0,1816,1076,1256,403,25.8,31.9
2023,2,844.439,5,3,2,יהודים,יהודי,דתי,,4,4,5,בבעלות,2,1,1,6,32728,26121,26110,5238,1290,6607,1629,4004,0,1010,2200,4001,131,25.3,25.0
2023,2,492.218,7,0,5,יהודים,יהודי,חרדי,,2,1,4,בבעלות,,0,1,1,10052,7252,9143,1499,423,2800,1076,93,620,341,974,573,744,30.6,21.0
2023,2,117.394,2,0,,ערבים,מוסלמי,מסורתי,,2,3,4,בבעלות,1,0,1,4,12909,10165,15865,2066,1302,2744,4852,1010,240,956,317,1491,886,17.3,21.2
2023,2,308.812,2,0,,ערבים,נוצרי,דתי,,2,3,3,בבעלות,,0,2,2,8357,6184,5351,625,347,2173,1172,0,150,675,0,0,209,40.6,18.2
2023,2,1163.963,4,2,,יהודים,יהודי,דתי,,4,3,9,בבעלות,1,2,1,8,44172,38285,28494,738,0,5937,10988,30,100,3993,2704,3605,399,20.8,2.6
2023,2,523.084,6,4,2,יהודים,יהודי,דתי,,4,5,4,בבעלות,2,1,1,8,50446,43640,25350,4857,952,6015,1645,1010,522,581,1395,8128,246,23.7,22.9
2023,2,746.685,3,3,,יהודים,יהודי,אחר,,4,5,5,בבעלות,2,3,1,10,63163,56222,32722,4178,606,7044,1758,4132,1663,4244,262,7706,1129,21.5,14.6
2023,2,253.053,4,1,3,יהודים,יהודי,חילוני,כפרי,3,4,3,,1,1,1,5,24817,23461,18018,383,153,4001,1433,458,950,321,2397,1550,6373,22.2,3.0
2023,2,119.846,3,2,1,ערבים,נוצרי,מסורתי,,2,2,3,בבעלות,1,0,1,6,24785,22230,13712,1801,955,2555,851,33,4360,231,1713,778,434,18.6,20.1
2023,2,239.692,9,4,5,יהודים,יהודי,חרדי,עירוני גדול,1,5,4.5,בבעלות,,2,1,4,37055,29604,25054,1992,1734,7557,2205,988,1303,1291,2054,4962,967,30.2,14.9
2023,2,248.613,2,2,,יהודים,יהודי,דתי,,4,4,5,בבעלות,2,1,1,8,26490,19746,12787,911,0,6744,1757,25,380,942,118,1879,30,52.7,7.1
2023,2,258.614,2,2,,יהודים,יהודי,דתי,עירוני גדול,1,5,5,בבעלות,2,1,1,9,28200,20749,20414,2272,826,7532,4129,2058,401,135,554,1170,1336,36.9,15.2
2023,2,755.474,4,1,2,יהודים,יהודי,לא ידוע,,3,4,2,,1,0,2,1,11062,11062,9335,523,257,3000,856,560,0,594,3106,309,130,32.1,8.4
2023,2,173.588,2,1,,יהודים,יהודי,חילוני,עירוני קטן,4,4,2,,,0,1,7,23366,23366,15756,738,590,10002,2875,0,35,756,1,32,727,63.5,8.4
2023,2,283.279,1,1,,אחר,אחר,חילוני,עירוני קטן,4,4,3,,,2,1,4,8536,8373,7801,815,60,3100,721,50,610,0,1677,578,189,39.7,11.2
2023,2,522.746,2,0,,יהודים,יהודי,חילוני,,4,1,5,בבעלות,1,1,1,10,44420,40167,31569,2110,712,4525,6180,2255,960,5695,3737,5060,336,14.3,8.9
2023,2,1911.503,4,2,2,יהודים,יהודי,חילוני,,4,1,6,,1,2,1,5,25804,25804,15547,3736,145,4501,1346,0,600,870,1430,2838,80,29.0,25.0
2023,2,294.779,5,2,3,יהודים,יהודי,חילוני,,4,1,5,,1,6,1,6,34282,34282,17856,5427,343,4208,254,151,220,1863,1734,3336,320,23.6,32.3
2023,2,1147.555,4,4,,יהודים,יהודי,חילוני,,4,1,6,בבעלות,1,5,1,8,44859,40606,42960,5685,1113,5850,8278,4928,547,5765,2816,6078,1900,13.6,15.8
2023,2,757.472,2,1,1,יהודים,יהודי,חילוני,,3,1,4,בבעלות,1,1,1,3,11850,8350,10449,804,491,3500,1170,0,721,234,2062,1406,61,33.5,12.4
2023,2,378.469,2,1,,יהודים,יהודי,חילוני,עירוני קטן,4,4,3,,,3,1,4,12258,11932,11910,1971,65,4401,757,0,301,32,2995,1388,0,37.0,17.1
2023,2,328.196,3,2,1,יהודים,יהודי,מסורתי,עירוני גדול,1,5,3,בבעלות,1,1,1,7,26692,22791,11381,1078,663,3901,1151,24,730,2170,775,889,0,34.3,15.3
2023,2,189.960,1,1,,יהודים,יהודי,חילוני,עירוני גדול,1,5,2,,1,2,1,6,12172,12172,10694,1438,1072,4586,749,53,0,567,393,1755,82,42.9,23.5
2023,2,719.294,1,0,,יהודים,יהודי,דתי,עירוני גדול,1,5,4,בבעלות,1,1,1,4,8636,3506,10133,915,409,5130,1801,130,0,741,80,810,117,50.6,13.1
2023,2,1010.774,4,1,2,ערבים,נוצרי,מסורתי,עירוני גדול,1,5,3,,1,0,2,1,10663,10663,15595,4295,1693,3000,1183,114,200,170,0,2866,2074,19.2,38.4
2023,2,671.618,4,2,1,ערבים,נוצרי,מסורתי,עירוני גדול,1,5,3,בבעלות,1,1,2,4,19500,16825,28049,6982,864,2675,2316,239,381,1915,3702,4075,4900,9.5,28.0
2023,2,766.272,3,1,1,יהודים,יהודי,דתי,,2,1,3,,1,1,1,3,13998,13998,14066,2005,997,2800,797,165,1024,1841,3879,559,0,19.9,21.3
2023,2,599.295,4,2,2,יהודים,יהודי,דתי,,2,1,8,בבעלות,2,2,1,7,36031,29031,31896,4557,1847,9492,2622,269,458,1569,1096,4268,5718,29.8,20.1
2023,2,609.800,3,3,,יהודים,יהודי,דתי,,2,1,7,בבעלות,1,3,1,10,50102,44102,20845,3366,1222,6169,2106,750,0,1161,1536,2318,2217,29.6,22.0
2023,2,325.786,2,2,,יהודים,יהודי,מסורתי,,3,2,5,בבעלות,1,0,1,9,29786,26447,26245,8121,1867,3603,2077,263,1000,943,2296,5622,453,13.7,38.1
2023,2,297.189,2,2,,אחר,אחר,חילוני,,4,3,2,בבעלות,2,2,1,8,25885,23069,21242,2400,321,2910,1320,485,99,1239,1817,10530,121,13.7,12.8
2023,2,663.585,1,0,,יהודים,יהודי,מסורתי,אחר,3,3,3,בבעלות,,0,2,3,6542,3935,5150,1183,67,2607,370,127,200,313,205,77,0,50.6,24.3
2023,2,314.000,9,3,5,יהודים,יהודי,חרדי,אחר,3,3,6,בבעלות,,1,2,2,19860,15014,18381,2935,938,4455,1571,3123,775,109,3604,526,344,24.2,21.1
2023,2,790.649,6,2,4,יהודים,יהודי,מסורתי,כפרי,4,5,4,בבעלות,1,1,1,2,16838,12066,11868,1748,651,4772,1567,170,320,235,605,1648,152,40.2,20.2
2023,2,810.911,2,1,,יהודים,יהודי,חרדי,,1,4,4,בבעלות,2,0,2,5,15127,10392,17127,4735,1525,4735,1918,685,400,233,800,1213,884,27.6,36.6
2023,2,1361.507,2,2,,יהודים,יהודי,חילוני,עירוני בינוני,4,5,2,,1,3,1,8,26871,26871,13100,3169,0,5201,713,0,0,473,1075,1677,791,39.7,24.2
2023,2,483.788,2,1,,יהודים,יהודי,דתי,עירוני בינוני,4,5,4,בבעלות,2,0,1,10,55352,48050,23525,2618,0,7353,1571,110,500,2141,833,8400,0,31.3,11.1
2023,2,184.997,1,1,,יהודים,יהודי,מסורתי,,4,4,2,,1,0,1,7,12573,9341,11103,3006,659,3232,1185,1213,0,1133,131,395,151,29.1,33.0
2023,2,427.391,1,0,,יהודים,יהודי,חילוני,,4,4,6,בבעלות,1,2,1,10,46363,36759,27894,1437,0,10047,2853,804,855,1160,1589,9048,101,36.0,5.2
2023,2,557.362,2,2,,יהודים,יהודי,חילוני,,4,4,10,בבעלות,2,2,1,10,72705,58705,159972,10632,2174,16380,29772,4847,932,4662,15422,72630,2521,10.2,8.0
2023,2,533.733,2,1,,יהודים,יהודי,חרדי,,3,4,3,בבעלות,1,0,2,2,9514,5881,10988,955,0,3633,2827,258,150,361,167,2537,100,33.1,8.7
2023,2,386.458,6,5,2,יהודים,יהודי,חילוני,,4,1,7,בבעלות,1,4,1,5,32664,28411,29826,3963,635,4440,2270,1703,2350,2269,6111,5780,304,14.9,15.4
2023,2,1061.107,2,2,,יהודים,יהודי,חילוני,כפרי,4,5,3,,,3,1,10,47860,47860,10495,1208,385,3951,557,80,300,129,3085,800,0,37.6,15.2
2023,2,851.664,4,2,2,יהודים,יהודי,מסורתי,כפרי,4,5,3.5,,1,2,1,4,20805,20805,13006,2754,1102,4301,1016,631,240,893,718,1009,342,33.1,29.6
2023,2,662.497,2,0,,יהודים,יהודי,דתי,,4,3,5,,1,2,1,1,4700,4700,12756,3138,297,5001,1074,232,128,520,38,1866,462,39.2,26.9
2023,2,551.464,1,0,,יהודים,יהודי,חילוני,,1,5,2.5,בבעלות,,0,2,9,21146,17655,8697,1372,655,3564,384,70,480,443,513,321,895,41.0,23.3
2023,2,1037.095,5,4,,יהודים,יהודי,מסורתי,,4,5,4,בבעלות,2,3,1,8,50337,44322,26340,3613,174,6015,2400,656,1210,1296,2828,6470,1678,22.8,14.4
2023,2,704.853,6,2,4,יהודים,יהודי,חילוני,,4,5,5,בבעלות,2,1,1,6,42132,35191,37729,10048,1245,7176,2206,572,834,3054,7199,3556,1838,19.0,29.9
2023,2,602.940,2,1,,יהודים,יהודי,חילוני,,3,3,3.5,בבעלות,,0,1,5,15438,12504,27703,2149,1211,3037,679,4494,4399,6904,2041,677,2110,11.0,12.1
2023,2,1157.242,4,4,,יהודים,יהודי,חילוני,,4,4,7,בבעלות,2,1,1,9,48532,41439,23698,2759,307,7093,2366,217,600,924,1439,4377,3616,29.9,12.9
2023,2,506.420,2,0,,יהודים,יהודי,דתי,עירוני גדול,1,5,6,בבעלות,,3,1,9,34494,27043,40449,4962,0,7711,3687,807,970,4806,932,11500,5074,19.1,12.3
2023,2,491.684,8,2,3,ערבים,נוצרי,מסורתי,עירוני גדול,1,5,3,בבעלות,1,0,2,1,15355,12680,46174,6472,1975,2675,3094,2103,1020,145,6359,19864,2467,5.8,18.3
2023,2,171.757,1,1,,יהודים,יהודי,חילוני,,4,3,5,בבעלות,1,1,1,10,39410,31425,20111,4964,649,5034,2588,217,2854,930,454,2203,217,25.0,27.9
2023,2,1038.586,1,1,,יהודים,יהודי,חילוני,אחר,3,3,2,,1,1,1,3,6661,6400,14896,3244,0,2800,670,37,2228,101,1179,3805,831,18.8,21.8
2023,2,363.890,4,1,1,יהודים,יהודי,חילוני,אחר,3,3,6,בבעלות,2,2,1,7,33700,29050,20107,5503,1115,4455,1040,362,0,1507,1631,3652,842,22.2,32.9
2023,2,292.484,4,1,2,ערבים,נוצרי,מסורתי,,2,2,3,בבעלות,,0,1,1,2975,975,16585,3733,556,2000,1800,33,2450,0,471,4760,781,12.1,25.9
2023,2,249.313,4,2,3,ערבים,נוצרי,דתי,,2,2,6,בבעלות,1,1,1,3,18002,14502,27268,8807,954,3500,1026,484,4274,2186,1015,2973,2051,12.8,35.8
2023,2,256.150,3,1,,ערבים,נוצרי,מסורתי,,2,2,2,בבעלות,1,1,1,2,11159,8911,12843,1267,434,2248,2228,144,1147,1266,347,2499,1261,17.5,13.2
2023,2,368.778,4,2,2,ערבים,נוצרי,מסורתי,,2,2,5,בבעלות,1,1,1,5,26026,22026,28555,1281,868,4000,6029,14696,0,64,321,994,303,14.0,7.5
2023,2,751.359,5,1,3,יהודים,יהודי,חילוני,,5,4,7,בבעלות,2,4,1,6,36556,26570,31175,4723,0,10326,3716,0,991,2281,4242,4216,680,33.1,15.1
2023,2,2030.934,2,2,,יהודים,יהודי,מסורתי,אחר,4,4,3,,1,1,1,3,10759,10759,5442,315,181,2600,852,358,138,99,0,735,165,47.8,9.1
2023,2,1061.327,5,2,3,יהודים,יהודי,מסורתי,אחר,5,5,5,בבעלות,1,1,1,7,39553,31594,17672,2641,563,7959,1719,190,500,276,2728,831,264,45.0,18.1
2023,2,498.035,3,3,,אחר,מוסלמי,חילוני,,3,2,3,,2,1,1,5,21170,21170,8570,1143,98,1400,771,0,0,920,708,2818,712,16.3,14.5
2023,2,778.750,7,2,5,יהודים,יהודי,דתי,,4,3,8,בבעלות,2,2,1,6,41724,35837,25533,7048,1231,5887,1982,146,1100,933,3809,1669,1728,23.1,32.4
2023,2,355.606,3,1,2,יהודים,יהודי,חילוני,כפרי,3,4,5,בבעלות,1,3,1,8,31547,26565,18971,1628,548,5092,1212,70,520,4310,3388,2203,0,26.8,11.5
2023,2,496.473,2,1,,אחר,אחר,אחר,,3,4,2,,,2,1,3,10567,10567,5372,642,60,2600,401,235,180,458,50,522,226,48.4,13.1
2023,2,1542.605,1,1,,יהודים,יהודי,חילוני,אחר,5,5,3,בבעלות,,2,1,7,13721,9425,10258,955,564,4480,1880,112,220,1359,528,159,0,43.7,14.8
2023,2,424.326,5,3,1,יהודים,יהודי,חילוני,,4,3,6,בבעלות,2,2,1,8,46114,33459,27216,1472,879,11262,2183,491,290,54,6273,4313,0,41.4,8.6
2023,2,925.670,5,2,3,יהודים,יהודי,דתי,,3,2,5,,1,2,1,2,15925,15925,14109,1641,421,3501,1066,883,460,2846,2031,1160,100,24.8,14.6
2023,2,1035.813,5,2,1,יהודים,יהודי,מסורתי,אחר,4,4,5,בבעלות,1,3,1,8,52475,45112,15051,3236,275,6232,2002,13,600,825,94,1397,378,41.4,23.3
2023,2,833.366,2,1,,יהודים,יהודי,חילוני,אחר,4,4,5,בבעלות,1,2,1,4,13539,7307,19676,1008,0,6333,2296,680,0,5917,956,1475,1012,32.2,5.1
2023,2,3404.683,1,1,,יהודים,יהודי,מסורתי,אחר,4,4,4,בבעלות,1,2,1,10,23513,18647,21371,1532,222,4991,4879,584,2050,21,4240,682,2170,23.4,8.2
2023,2,290.283,5,5,,ערבים,נוצרי,מסורתי,,1,2,4,בבעלות,1,2,1,4,26697,23937,28582,5637,1420,4514,875,3975,3507,1815,2185,4653,0,15.8,24.7
2023,2,457.070,8,2,6,יהודים,יהודי,חרדי,,3,4,3,בבעלות,,0,2,3,31445,27839,20206,2418,1373,3806,2755,543,0,979,6422,813,1097,18.8,18.8
2023,2,481.991,3,2,1,יהודים,יהודי,חרדי,,3,4,5,בבעלות,,0,2,8,33587,27366,13818,3256,738,6221,1411,0,0,1071,103,501,516,45.0,28.9
2023,2,260.881,2,1,,יהודים,יהודי,חילוני,,4,3,6,בבעלות,2,2,1,10,121036,113200,40537,1214,630,6835,2159,322,700,12661,385,15551,81,16.9,4.5
2023,2,417.911,3,1,2,יהודים,יהודי,חילוני,עירוני גדול,1,5,3,,,1,1,3,14467,14467,11644,1270,110,4201,600,167,150,2772,1644,665,67,36.1,11.9
2023,2,511.864,2,2,,יהודים,יהודי,חילוני,,3,4,4,בבעלות,2,1,2,7,20711,15494,19834,2798,1297,5557,2121,265,400,1838,793,4665,100,28.0,20.6
2023,2,559.534,9,1,5,יהודים,יהודי,חרדי,,4,5,5,בבעלות,2,0,2,3,32814,25839,24967,2069,517,6975,1335,351,2000,3477,3728,2261,2253,27.9,10.4
2023,2,434.719,6,2,4,יהודים,יהודי,חרדי,עירוני גדול,1,5,3,בבעלות,2,2,2,7,44598,40019,12193,947,215,4193,1150,131,430,294,2678,1240,915,34.4,9.5
2023,2,216.171,1,1,,יהודים,יהודי,חילוני,עירוני גדול,1,5,3,בבעלות,1,1,1,10,23915,20014,8398,716,283,3901,736,0,0,124,255,2383,0,46.5,11.9
2023,2,715.662,2,0,,יהודים,יהודי,חילוני,,4,3,5,בבעלות,2,4,1,3,11136,4227,25317,1186,2286,7029,1567,435,0,916,690,11207,0,27.8,13.7
2023,2,442.382,3,3,,יהודים,יהודי,מסורתי,עירוני גדול,1,5,4,בבעלות,1,0,1,8,34310,29180,14090,1367,901,5130,2663,119,0,661,1896,1353,0,36.4,16.1
2023,2,407.181,6,1,4,יהודים,יהודי,דתי,עירוני גדול,1,5,5,בבעלות,1,2,1,3,25068,17617,20756,787,713,7527,1416,2614,310,313,5952,688,434,36.3,7.2
2023,2,325.036,2,1,,יהודים,יהודי,חילוני,עירוני גדול,1,5,4,בבעלות,1,1,1,8,27803,22673,14835,1786,829,5207,1328,317,868,1283,664,1609,943,35.1,17.6
2023,2,533.718,4,2,2,יהודים,יהודי,מסורתי,אחר,3,1,4,בבעלות,2,3,1,7,33693,27894,15521,3621,620,4860,1466,125,160,709,1112,2102,744,31.3,27.3
2023,2,379.698,4,2,2,יהודים,יהודי,מסורתי,אחר,3,1,3,בבעלות,1,1,1,5,25044,21329,17073,1616,1347,3765,968,490,176,5877,595,1740,498,22.1,17.4
2023,2,248.202,11,2,7,יהודים,יהודי,חרדי,עירוני גדול,1,5,4,בבעלות,1,2,1,2,26080,20950,23185,2514,2014,5130,1880,123,1122,984,6634,1604,1179,22.1,19.5
2023,2,1249.280,1,0,,יהודים,יהודי,מסורתי,עירוני בינוני,4,5,3,בבעלות,,2,2,8,17453,12223,9802,364,95,5230,2554,335,50,322,392,200,260,53.4,4.7
2023,2,957.395,4,4,,ערבים,נוצרי,אחר,עירוני בינוני,4,5,3,בבעלות,2,3,1,9,46790,41560,27307,7221,817,5230,2278,0,300,854,1228,8337,1042,19.2,29.4
2023,2,1126.475,5,3,2,יהודים,יהודי,חילוני,כפרי,4,5,4,,2,2,1,4,24791,24791,27338,4833,1050,5201,1651,1233,1180,342,4750,7098,0,19.0,21.5
2023,2,843.881,11,1,9,יהודים,יהודי,חרדי,,1,5,3.5,בבעלות,1,1,1,1,16602,11905,19788,1038,2179,4790,1311,101,1899,1714,4490,2004,264,24.2,16.3
2023,2,908.904,1,0,,יהודים,יהודי,חילוני,עירוני גדול,1,5,2,,,1,1,1,2531,2531,2907,239,0,1700,53,167,0,13,549,156,30,58.5,8.2
2023,2,243.541,2,2,,יהודים,יהודי,חילוני,כפרי,3,4,4,בבעלות,1,2,1,8,27477,23561,18540,2547,0,4041,1172,185,0,365,869,9279,80,21.8,13.7
2023,2,1098.791,4,3,1,יהודים,יהודי,חילוני,אחר,5,4,6,בבעלות,1,4,1,10,58561,51191,24008,4176,986,7497,1723,176,600,1354,3703,3227,564,31.2,21.5
2023,2,367.594,2,2,,יהודים,יהודי,מסורתי,עירוני גדול,1,5,3,בבעלות,1,1,2,7,23291,19390,19019,4648,1735,3901,1165,87,500,2071,2908,700,1305,20.5,33.6
2023,2,512.721,11,1,9,יהודים,יהודי,חרדי,אחר,1,3,5,בבעלות,,0,2,1,18568,13122,18941,5610,50,5446,1274,819,841,1147,1685,662,1406,28.8,29.9
2023,2,27.793,1,1,,יהודים,יהודי,חילוני,,4,1,3,,1,2,1,5,9250,9250,13899,1951,470,4001,2041,220,0,860,2281,1919,155,28.8,17.4
2023,2,768.925,4,3,2,יהודים,יהודי,חילוני,,3,4,4,,1,1,2,1,7051,7051,10338,2256,473,3801,1673,347,659,94,291,694,50,36.8,26.4
2023,2,505.092,4,2,2,יהודים,יהודי,אחר,,4,3,3,,2,2,1,5,24589,24589,20398,2159,406,3000,528,600,357,949,4139,7571,687,14.7,12.6
2023,2,521.685,6,4,2,יהודים,יהודי,לא ידוע,,3,2,7,בבעלות,1,0,1,3,25393,18972,24535,5039,480,6722,2544,0,0,1005,3827,3413,1504,27.4,22.5
2023,2,734.781,4,2,2,יהודים,יהודי,חילוני,אחר,5,5,5,,1,2,1,9,45199,44982,42978,2999,695,15417,2489,12,0,552,8141,2931,9743,35.9,8.6
2023,2,624.242,2,1,,יהודים,יהודי,דתי,כפרי,4,5,1,,,1,1,1,5433,5433,5250,116,31,0,122,27,60,1545,2969,212,168,0.0,2.8
2023,2,503.005,1,1,,יהודים,יהודי,דתי,כפרי,4,5,1,,,1,2,1,2963,2963,4838,430,0,0,2,0,600,8,1939,628,1232,0.0,8.9
2023,2,551.958,4,2,2,יהודים,יהודי,מסורתי,,3,2,4,בבעלות,2,1,1,5,26575,23646,23848,3745,1302,3012,3824,70,2200,446,6803,810,1635,12.6,21.2
2023,2,1249.280,1,0,,יהודים,יהודי,דתי,כפרי,4,5,2,בבעלות,,0,2,4,8009,3905,6987,1371,268,4104,184,60,330,89,203,49,329,58.7,23.5
2023,2,287.480,4,2,,ערבים,דרוזי,מסורתי,,2,3,5,בבעלות,2,4,1,7,36498,33379,40023,4354,2457,3119,1680,468,1950,12470,7414,5938,174,7.8,17.0
2023,2,306.553,3,1,1,ערבים,מוסלמי,מסורתי,,2,3,4,בבעלות,1,1,1,3,14341,11597,20127,5530,2691,2744,2049,954,2000,929,715,2206,308,13.6,40.8
2023,2,223.689,3,2,,ערבים,מוסלמי,מסורתי,,2,3,4,בבעלות,1,1,1,3,15901,13157,19788,5018,87,2744,1361,133,180,2231,3151,4429,454,13.9,25.8
2023,2,449.137,5,3,,ערבים,מוסלמי,מסורתי,,2,3,4,בבעלות,2,2,1,8,48986,46242,45298,4228,2387,2744,4753,409,2400,1283,11029,6275,9791,6.1,14.6
2023,2,747.746,4,2,2,יהודים,יהודי,חרדי,,4,5,5,בבעלות,1,1,1,7,32691,25750,20968,1812,43,8767,1959,355,0,1518,2881,3331,301,41.8,8.8
2023,2,905.983,5,2,3,יהודים,יהודי,דתי,,4,5,4,בבעלות,1,1,1,4,25838,19823,18687,2505,1213,6015,2643,1494,0,579,485,2862,892,32.2,19.9
2023,2,382.033,2,0,,יהודים,יהודי,חילוני,,4,3,5,בבעלות,1,1,1,6,18805,11896,21336,5369,941,7210,2442,57,0,2205,582,1691,839,33.8,29.6
2023,2,229.801,2,2,,ערבים,נוצרי,חילוני,,3,3,3,,2,1,1,9,28762,28762,27750,6848,1606,1503,750,184,600,1089,285,13669,1215,5.4,30.5
2023,2,698.171,1,0,,יהודים,יהודי,חילוני,עירוני גדול,1,5,3,בבעלות,1,1,1,6,11862,7961,16196,1249,124,3944,630,69,0,4004,382,5794,0,24.4,8.5
2023,2,678.135,5,3,2,אחר,מוסלמי,חילוני,עירוני גדול,1,5,5,,,2,1,2,17007,17007,16957,2285,542,5501,1504,1185,0,745,1161,4034,0,32.4,16.7
2023,2,465.132,1,1,,יהודים,יהודי,דתי,עירוני גדול,1,5,2,,1,0,2,3,6267,5815,8100,2264,725,3201,503,234,0,76,606,453,39,39.5,36.9
2023,2,208.581,3,1,1,יהודים,יהודי,חילוני,עירוני גדול,1,5,4,בבעלות,1,1,1,4,19281,14151,13415,2092,1157,5130,1342,305,43,392,953,821,1180,38.2,24.2
2023,2,407.470,2,0,,ערבים,מוסלמי,מסורתי,עירוני קטן,4,4,3,בבעלות,1,1,2,2,8774,6954,10757,2134,1671,1820,278,1218,0,1022,1456,1157,0,16.9,35.4
2023,2,538.824,1,0,,ערבים,נוצרי,חילוני,עירוני קטן,4,4,4,בבעלות,,0,1,5,9178,6012,10294,1305,0,3249,1077,634,0,3416,0,612,0,31.6,12.7
2023,2,205.278,2,1,,ערבים,מוסלמי,מסורתי,עירוני קטן,4,4,4,בבעלות,1,1,1,7,21956,18790,13934,2915,2952,3166,1421,139,150,395,223,1461,1113,22.7,42.1
2023,2,504.579,1,0,,ערבים,נוצרי,חילוני,עירוני קטן,4,4,2,,1,0,2,2,4563,4563,4526,1233,91,1700,365,12,70,260,0,626,168,37.6,29.3
2023,2,679.172,4,2,1,ערבים,נוצרי,מסורתי,עירוני גדול,1,5,3,בבעלות,,1,1,1,9458,6783,17803,5313,864,2675,1003,245,200,2227,1568,3094,614,15.0,34.7
2023,2,363.067,2,1,,יהודים,יהודי,דתי,אחר,3,3,5,בבעלות,1,0,2,4,13093,8638,8905,956,0,4455,382,471,0,1478,532,584,47,50.0,10.7
2023,2,355.814,1,1,,יהודים,יהודי,דתי,,3,4,3,בבעלות,2,1,1,8,17086,13453,12056,915,0,3735,1266,4038,391,309,131,1191,80,31.0,7.6
2023,2,803.933,3,2,1,יהודים,יהודי,חילוני,כפרי,4,5,3,בבעלות,1,3,1,7,28528,22923,29658,5368,1075,5711,1016,73,630,2375,2309,10902,199,19.3,21.7
2023,2,369.685,2,1,,יהודים,יהודי,חילוני,אחר,4,4,3,,,1,1,2,8762,8762,6921,1550,440,2300,231,380,180,338,1341,159,0,33.2,28.8
2023,2,526.913,4,0,2,יהודים,יהודי,חילוני,אחר,4,4,2,,,3,1,2,11605,11605,25618,5477,1168,3129,873,0,9109,479,1286,4097,0,12.2,25.9
2023,2,481.280,4,2,2,יהודים,יהודי,דתי,אחר,2,2,3,,1,1,1,2,15588,15588,16042,1346,74,2600,1561,501,1000,945,1147,5370,1497,16.2,8.9
2023,2,616.662,6,2,4,יהודים,יהודי,דתי,,4,3,9,בבעלות,2,3,1,7,48640,42301,25956,7469,0,5887,3370,100,120,1455,5271,1753,532,22.7,28.8
2023,2,287.535,5,2,3,יהודים,יהודי,דתי,,4,3,6,בבעלות,2,3,1,9,53228,47115,21466,3148,0,5990,2571,284,1048,1640,4078,2288,418,27.9,14.7
2023,2,889.200,4,2,2,יהודים,יהודי,דתי,,4,3,6,בבעלות,2,3,1,9,47175,41288,28968,6334,918,5954,2962,1155,769,1851,4942,3580,502,20.6,25.0
2023,2,589.278,6,2,4,יהודים,יהודי,דתי,,4,3,5,בבעלות,2,2,1,5,35569,29682,23619,776,0,5887,1526,1010,549,792,10889,1438,753,24.9,3.3
2023,2,849.097,5,2,3,יהודים,יהודי,דתי,,4,5,6,,1,1,1,5,28324,28324,28228,1194,1209,7256,1351,7318,250,938,442,7768,502,25.7,8.5
2023,2,843.810,6,0,3,יהודים,יהודי,מסורתי,,4,5,3,,,2,1,1,11028,11028,3741,768,119,200,428,275,600,10,890,279,171,5.3,23.7
2023,2,585.773,4,2,2,יהודים,יהודי,חילוני,,4,5,6,בבעלות,2,2,1,10,60987,51785,36179,3651,318,6997,4297,548,820,1681,4442,11803,1620,19.3,11.0
2023,2,711.793,4,2,2,יהודים,יהודי,חילוני,עירוני בינוני,4,5,4,,1,2,1,9,47074,46423,32649,4572,600,8607,1775,382,824,1651,6831,5414,1994,26.4,15.8
2023,2,665.307,3,0,,יהודים,יהודי,מסורתי,אחר,3,2,4,בבעלות,,2,1,3,15404,11735,7675,595,1062,3789,430,404,20,647,482,221,25,49.4,21.6
2023,2,287.261,4,2,2,יהודים,יהודי,חילוני,,4,3,6,בבעלות,2,2,1,9,53692,45088,25041,1987,473,6995,3025,330,1180,1851,5588,2844,767,27.9,9.8
2023,2,957.981,3,1,2,ערבים,נוצרי,מסורתי,,3,3,3,,1,0,2,1,5730,5730,8837,1477,116,255,610,77,1090,2401,602,2191,17,2.9,18.0
2023,2,254.933,2,1,,יהודים,יהודי,חילוני,עירוני קטן,4,4,5,בבעלות,1,1,1,9,34903,29566,20975,5500,1417,5761,1536,50,0,1922,2657,1893,239,27.5,33.0
2023,2,1107.375,4,4,1,יהודים,יהודי,חילוני,,4,5,5,בבעלות,2,3,1,9,48591,41159,24370,3097,1373,6150,1835,70,0,2063,7614,1886,282,25.2,18.3
2023,2,1210.399,2,2,,אחר,מוסלמי,חילוני,,3,4,2,,1,0,2,3,11931,11931,9476,3199,681,2900,547,33,200,402,281,413,819,30.6,40.9
2023,2,499.764,4,2,2,יהודים,יהודי,חילוני,,4,3,5,בבעלות,2,6,1,8,43826,32754,32976,5092,1244,11087,1748,651,1200,3254,5766,2132,802,33.6,19.2
2023,2,897.142,1,0,,יהודים,יהודי,מסורתי,,4,2,4,בבעלות,1,1,1,4,8438,3927,11837,978,487,4631,792,0,10,870,1120,1287,1662,39.1,12.4
2023,2,440.762,1,0,,יהודים,יהודי,מסורתי,,3,2,4,,,0,2,7,14166,14123,4545,665,434,100,619,193,1480,238,181,63,571,2.2,24.2
2023,2,1128.859,7,1,4,ערבים,נוצרי,מסורתי,עירוני גדול,1,5,3,,1,0,1,1,13325,13325,15535,4723,1016,428,1132,0,0,502,654,4382,2700,2.8,36.9
2023,2,2343.623,4,2,,ערבים,נוצרי,מסורתי,עירוני גדול,1,5,3,בבעלות,,0,1,3,17689,15014,13245,4671,1281,2675,1213,233,0,193,431,626,1923,20.2,44.9
2023,2,573.329,5,1,3,יהודים,יהודי,דתי,,3,2,3,,2,2,1,2,17377,17377,13699,2419,15,3501,940,184,290,438,4582,1142,187,25.6,17.8
2023,2,434.885,7,3,5,יהודים,יהודי,לא ידוע,,3,2,4,,2,2,1,4,29054,29054,19955,3414,0,1200,1580,1169,480,3341,5590,2309,870,6.0,17.1
2023,2,1299.415,1,0,,יהודים,יהודי,מסורתי,אחר,3,5,3,,,0,1,1,3904,3904,3808,716,153,303,618,69,0,1391,131,291,137,8.0,22.8
2023,2,846.781,1,1,,יהודים,יהודי,חילוני,אחר,5,5,2,,,1,2,9,18464,18464,11676,1328,333,4401,643,125,280,1443,849,2228,47,37.7,14.2
2023,2,789.494,5,3,1,יהודים,יהודי,דתי,אחר,4,4,4,,1,1,1,3,22461,22461,3994,571,0,800,147,601,0,634,665,408,167,20.0,14.3
2023,2,520.575,6,2,4,יהודים,יהודי,חילוני,אחר,3,5,5,בבעלות,1,3,1,8,55239,49606,68140,5428,1408,5810,2240,29054,1124,1396,5174,16375,130,8.5,10.0
2023,2,1031.502,3,3,,יהודים,יהודי,דתי,,3,4,5,בבעלות,2,1,1,10,161485,153366,20117,1172,727,4358,1442,1885,0,3627,3445,3308,151,21.7,9.4
2023,2,647.883,4,1,3,יהודים,יהודי,חילוני,,4,4,4,,1,1,1,2,13629,13629,20877,2047,36,4509,1325,131,120,378,3292,8866,173,21.6,10.0
2023,2,626.392,4,2,1,יהודים,יהודי,דתי,,4,3,6,בבעלות,2,2,1,8,43021,37134,27710,4523,535,6835,3982,161,600,2553,5105,3006,409,24.7,18.3
2023,2,232.221,4,2,,יהודים,יהודי,חילוני,,3,3,5,,1,5,1,6,29253,29253,25061,5436,52,0,135,0,366,455,12597,5934,86,0.0,21.9
2023,2,550.176,2,1,,אחר,אחר,חילוני,עירוני גדול,1,5,3,,1,1,1,4,13104,13104,20937,1264,376,3501,853,0,1740,1371,30,11319,483,16.7,7.8
2023,2,476.278,2,1,,יהודים,יהודי,חילוני,אחר,5,4,5,בבעלות,2,1,2,10,54364,44733,23316,2723,1681,7470,1822,919,0,1807,1600,4663,631,32.0,18.9
2023,2,980.013,3,2,,יהודים,יהודי,דתי,אחר,5,4,4,,2,1,1,9,42806,40545,23944,3469,464,6069,1771,176,560,973,4120,5788,554,25.3,16.4
2023,2,719.294,1,0,,יהודים,יהודי,חילוני,עירוני גדול,1,5,1,,,0,2,2,5130,5130,3327,1669,487,350,108,421,162,0,80,50,0,10.5,64.8
2023,2,647.468,2,2,,יהודים,יהודי,חילוני,,4,3,6,בבעלות,1,3,1,10,90282,79210,24122,2246,904,11284,2916,65,0,1875,3046,1634,151,46.8,13.1
2023,2,397.940,5,2,3,יהודים,יהודי,חילוני,,4,3,5,בבעלות,1,2,1,8,46223,31082,24927,967,206,11173,2485,0,0,5,5916,4175,0,44.8,4.7
2023,2,481.298,7,4,2,ערבים,נוצרי,מסורתי,עירוני גדול,1,5,3,בבעלות,1,1,2,2,22185,19510,13866,3316,855,2675,829,100,100,87,1833,2855,1215,19.3,30.1
2023,2,973.531,2,0,1,ערבים,נוצרי,מסורתי,עירוני גדול,1,5,2,בבעלות,,0,2,1,6127,3769,13159,3763,2526,2358,620,1384,1060,234,0,401,812,17.9,47.8
2023,2,519.763,5,1,3,יהודים,יהודי,חרדי,אחר,2,2,3,בבעלות,,1,1,2,13685,11296,8926,1334,374,2389,494,65,743,707,1820,598,403,26.8,19.1
2023,2,621.827,1,1,,יהודים,יהודי,חילוני,אחר,2,2,3,בבעלות,,0,1,3,7265,4876,5162,157,341,2389,426,331,0,275,0,246,998,46.3,9.6
2023,2,277.619,1,0,,יהודים,יהודי,דתי,אחר,2,2,3,בבעלות,,0,1,3,7199,4810,6986,714,364,2389,246,77,150,1138,157,1750,0,34.2,15.4
2023,2,577.674,2,2,,יהודים,יהודי,מסורתי,אחר,2,2,6,בבעלות,1,1,1,7,23281,19551,13275,2272,990,3830,1099,867,680,891,210,2204,233,28.9,24.6
2023,2,747.637,3,2,1,יהודים,יהודי,דתי,אחר,2,2,3,,1,1,1,1,8461,8461,9298,1177,198,3000,958,0,145,288,2081,1450,0,32.3,14.8
2023,2,859.194,4,2,2,יהודים,יהודי,חרדי,,4,5,4,בבעלות,2,2,1,6,29126,23111,33603,5713,946,6609,1039,1502,1635,2271,4802,3227,5859,19.7,19.8
2023,2,745.495,5,2,3,יהודים,יהודי,חילוני,,4,5,5,בבעלות,2,4,1,6,32874,25933,26317,2194,714,6987,1622,1180,1175,1180,7851,2793,622,26.5,11.0
2023,2,873.899,5,2,3,יהודים,יהודי,חילוני,עירוני בינוני,4,5,5,בבעלות,2,3,1,10,69050,58759,37331,8155,1919,10551,3851,825,2139,4946,2855,1246,845,28.3,27.0
2023,2,320.922,2,1,,יהודים,יהודי,חילוני,עירוני בינוני,4,5,5,בבעלות,1,4,1,10,73498,63207,44496,6771,2359,10547,3832,455,0,4127,5311,7866,3228,23.7,20.5
2023,2,539.022,5,2,3,יהודים,יהודי,מסורתי,אחר,3,2,7,בבעלות,2,2,1,6,33328,28858,12250,669,34,4470,2134,64,0,399,2944,1305,232,36.5,5.7
2023,2,406.400,2,1,,יהודים,יהודי,חילוני,עירוני בינוני,4,5,4,בבעלות,1,3,1,10,54219,46917,37075,5600,793,8292,4113,5014,0,2327,5029,5324,582,22.4,17.2
2023,2,503.005,1,0,,יהודים,יהודי,דתי,כפרי,4,5,1,,,1,2,1,1983,1983,5762,339,0,0,60,0,0,0,5167,159,37,0.0,5.9
2023,2,820.836,1,1,,יהודים,יהודי,חילוני,אחר,4,4,4,,1,1,1,8,14850,14850,9104,271,196,5995,715,0,100,229,149,432,1017,65.9,5.1
2023,2,1054.333,2,2,,יהודים,יהודי,חילוני,אחר,4,4,3,,2,2,1,7,21980,21980,23910,4696,1088,4509,1168,2603,180,990,6192,2484,0,18.9,24.2
2023,2,1249.280,1,0,,יהודים,יהודי,דתי,,3,4,3,,,0,2,2,4813,4813,4610,0,0,3006,959,0,0,0,151,494,0,65.2,0.0
2023,2,237.084,6,2,3,יהודים,יהודי,דתי,,4,3,7,בבעלות,2,1,1,5,33354,27467,32888,3712,281,5887,3264,6322,2870,722,5023,1976,2830,17.9,12.1
2023,2,533.506,6,2,4,יהודים,יהודי,חרדי,אחר,1,3,3,בבעלות,,1,2,2,20088,16725,14162,2362,98,3363,927,617,250,490,2843,803,2408,23.7,17.4
2023,2,596.415,4,1,1,יהודים,יהודי,חילוני,אחר,2,2,3,בבעלות,,1,1,3,15707,13192,7694,1513,719,2515,375,0,0,319,180,1195,879,32.7,29.0
2023,2,258.247,1,1,,יהודים,יהודי,חילוני,אחר,2,2,6,בבעלות,1,1,1,10,24300,19982,12589,194,0,4608,1730,89,0,640,713,4615,0,36.6,1.5
2023,2,515.125,4,1,,ערבים,נוצרי,חילוני,אחר,2,2,4,בבעלות,1,0,1,3,16629,13209,7845,1051,178,3420,726,52,0,0,0,2418,0,43.6,15.7
2023,2,633.927,6,2,4,יהודים,יהודי,דתי,,3,2,7,בבעלות,2,1,1,6,40766,34345,27905,1574,738,6421,1857,3356,700,3127,6334,3336,462,23.0,8.3
2023,2,774.185,5,2,3,יהודים,יהודי,מסורתי,אחר,4,4,5,בבעלות,2,3,1,10,114516,108058,20684,1558,0,6232,1989,1007,971,1889,5086,942,1011,30.1,7.5
2023,2,954.859,2,2,,יהודים,יהודי,חילוני,,3,4,3,,1,0,2,4,12131,12131,9588,912,904,3501,841,0,0,315,60,2179,876,36.5,18.9
2023,2,351.186,4,1,3,יהודים,יהודי,דתי,אחר,3,2,2,,,0,2,1,5427,5427,4132,942,655,525,472,100,500,221,0,631,86,12.7,38.6
2023,2,294.156,6,2,3,יהודים,יהודי,דתי,,3,4,6,,2,3,1,7,44538,44538,45973,1346,1517,8103,2014,70,0,3320,10366,8382,10855,17.6,6.2
2023,2,537.169,6,0,4,יהודים,יהודי,חרדי,כפרי,1,4,4,בבעלות,1,1,2,1,13821,9694,18290,744,442,4127,1250,6601,841,2105,1298,428,454,22.6,6.5
2023,2,897.753,5,4,,יהודים,יהודי,מסורתי,כפרי,1,4,5,בבעלות,2,1,1,8,49733,44113,18154,1348,576,5620,1876,79,770,899,1012,4507,1467,31.0,10.6
2023,2,1021.277,1,0,,יהודים,יהודי,חילוני,כפרי,1,4,4,,,0,2,1,4392,4392,8748,404,87,4501,990,234,300,0,221,1030,982,51.5,5.6
2023,2,472.047,2,0,,יהודים,יהודי,חילוני,כפרי,1,4,2,,1,0,2,1,6039,6039,2638,747,172,800,372,0,0,0,0,547,0,30.3,34.8
2023,2,647.764,1,0,,יהודים,יהודי,דתי,כפרי,1,4,2,בבעלות,,0,2,3,6504,3865,4046,191,280,2639,509,0,0,312,0,115,0,65.2,11.6
2023,2,563.855,5,2,3,יהודים,יהודי,חילוני,כפרי,1,4,3.5,,1,1,1,4,24040,24040,18838,4368,423,2600,1144,456,560,1396,4237,1028,2626,13.8,25.4
2023,2,824.302,3,2,1,יהודים,יהודי,מסורתי,כפרי,1,4,3,בבעלות,,2,1,5,21897,18599,8708,1315,220,3298,864,27,0,464,90,667,1762,37.9,17.6
2023,2,1801.123,2,1,1,יהודים,יהודי,מסורתי,עירוני בינוני,4,5,5,בבעלות,,2,1,5,17277,6986,27946,1886,1230,10291,2764,257,707,2611,255,370,7575,36.8,11.2
2023,2,770.123,4,1,2,אחר,אחר,חילוני,אחר,5,5,5,,1,3,1,6,31427,31427,34130,5430,706,8801,1855,748,1550,1383,8595,4044,1018,25.8,18.0
2023,2,1509.949,2,2,,יהודים,יהודי,חילוני,,5,5,2,,1,2,1,2,9635,9635,9753,845,86,4401,491,0,0,539,1148,851,1392,45.1,9.5
2023,2,450.960,2,0,,יהודים,יהודי,חילוני,,5,5,5,בבעלות,2,2,1,9,30652,22013,18779,1046,401,8979,1563,0,0,1440,263,4792,297,47.8,7.7
2023,2,958.771,5,2,3,יהודים,יהודי,חילוני,,5,5,6,בבעלות,2,3,1,8,48012,38920,46217,2965,1301,23051,1986,275,1346,953,3940,2734,7665,49.9,9.2
2023,2,840.066,2,0,,יהודים,יהודי,חילוני,,5,5,6,בבעלות,2,2,1,9,33973,25334,19703,3881,717,8870,2036,0,0,841,973,2384,0,45.0,23.3
2023,2,877.223,2,2,,יהודים,יהודי,מסורתי,,3,3,3,בבעלות,1,0,1,5,16349,14182,8209,729,1102,2167,431,65,130,1405,984,594,601,26.4,22.3
2023,2,516.069,6,2,4,יהודים,יהודי,חילוני,אחר,5,5,10,בבעלות,2,9,1,10,76061,68102,47100,6580,2093,7959,5605,0,300,672,14512,5603,3776,16.9,18.4
2023,2,672.996,2,2,,יהודים,יהודי,חילוני,עירוני קטן,4,4,2,,1,2,1,9,31250,31250,24195,4104,179,4501,692,826,110,2,1664,5511,6606,18.6,17.7
2023,2,1148.722,5,1,3,יהודים,יהודי,חילוני,כפרי,4,5,5,בבעלות,2,2,1,9,54533,44701,28572,712,716,9832,1712,224,1700,701,5293,6786,896,34.4,5.0
2023,2,580.742,4,2,2,יהודים,יהודי,חילוני,כפרי,4,5,4,,2,1,1,6,28728,28728,39081,1749,958,7501,1187,70,0,937,6562,12101,8017,19.2,6.9
2023,2,1751.152,2,1,,יהודים,יהודי,חילוני,,4,5,3,,,1,1,3,10995,10995,9785,1198,406,3501,409,1359,0,2260,0,354,299,35.8,16.4
2023,2,995.388,3,1,,יהודים,יהודי,חילוני,,4,5,5,בבעלות,1,2,1,9,42103,35162,41777,3170,949,7240,2798,308,300,2223,4126,20419,242,17.3,9.9
2023,2,1509.867,4,2,,יהודים,יהודי,חילוני,,4,5,4,,1,3,1,2,11469,11469,22432,3219,682,6301,1686,498,0,411,292,8716,628,28.1,17.4
2023,2,495.418,2,2,,יהודים,יהודי,חילוני,,4,5,3,בבעלות,2,2,1,10,44941,37526,16851,2682,633,4872,1460,468,0,2245,1177,3202,112,28.9,19.7
2023,2,2572.215,1,1,,יהודים,יהודי,חילוני,,4,5,5,בבעלות,1,1,1,10,161485,153366,40116,5209,0,7018,2154,11789,3000,2666,1733,6493,53,17.5,13.0
2023,2,462.085,2,2,,יהודים,יהודי,מסורתי,עירוני קטן,4,4,3,,1,3,1,2,7907,7907,15751,3204,857,3000,1163,467,0,15,5034,2003,7,19.0,25.8
2023,2,253.851,1,0,,יהודים,יהודי,חילוני,,4,3,5,בבעלות,1,1,1,8,16957,10048,13793,1237,565,7059,991,92,621,2098,279,840,12,51.2,13.1
2023,2,873.899,5,2,3,יהודים,יהודי,דתי,אחר,5,4,5,בבעלות,1,4,1,8,51734,44364,19410,1974,742,7752,1943,417,650,2580,2256,775,321,39.9,14.0
2023,2,149.818,3,2,1,יהודים,יהודי,חילוני,עירוני גדול,1,5,6,בבעלות,2,3,1,10,73668,66217,45496,3088,447,7534,3481,469,2150,2639,5753,19654,280,16.6,7.8
2023,3,150.145,2,2,,יהודים,יהודי,חרדי,,1,2,5,בבעלות,1,0,2,10,47341,45254,16599,4775,1085,2087,5572,392,400,161,200,1759,167,12.6,35.3
2023,3,191.140,2,2,,יהודים,יהודי,חילוני,,4,1,5,בבעלות,1,3,1,10,51531,46531,25716,651,0,8201,2888,892,0,1309,4918,6778,80,31.9,2.5
2023,2,190.822,1,0,,יהודים,יהודי,חילוני,,4,1,4,בבעלות,1,3,1,10,44043,40043,38343,17363,0,4210,4445,70,500,7398,1003,2735,619,11.0,45.3
2023,3,742.606,5,2,3,יהודים,יהודי,דתי,,3,2,4,,2,2,1,7,40368,40368,15323,3627,56,4534,1275,0,330,333,3067,1366,734,29.6,24.0
2023,3,1306.757,1,1,,יהודים,יהודי,מסורתי,,3,2,4,בבעלות,2,1,1,10,54279,49972,42008,1519,347,9140,2068,858,440,19986,1729,5920,0,21.8,4.4
2023,2,1159.255,3,2,1,יהודים,יהודי,דתי,,3,2,3,,1,1,1,5,19333,19333,13464,326,0,3301,885,495,220,603,2245,5140,249,24.5,2.4
2023,2,644.828,4,1,3,יהודים,יהודי,אחר,אחר,3,5,3,,,1,1,1,9889,9889,10280,823,204,3066,856,1301,400,397,2570,301,362,29.8,10.0
2023,2,322.215,4,2,2,אחר,אחר,חילוני,עירוני קטן,4,4,4,בבעלות,1,1,1,10,56293,53127,30865,1871,0,3242,1277,78,2428,635,4237,15353,1744,10.5,6.1
2023,2,682.218,5,2,3,יהודים,יהודי,מסורתי,,5,5,5,,2,3,1,8,50803,50803,29776,3391,543,11068,2468,179,450,407,5639,5532,100,37.2,13.2
2023,2,957.026,2,2,,אחר,מוסלמי,חילוני,עירוני קטן,4,4,3,,1,1,1,9,31925,31925,14156,1277,582,3000,653,3868,0,864,2123,1591,199,21.2,13.1
2023,2,301.233,2,2,,יהודים,יהודי,חילוני,,4,3,5,בבעלות,2,1,2,9,29174,21451,20577,2900,278,7218,1757,0,0,1430,349,6049,596,35.1,15.4
2023,2,312.522,4,0,,ערבים,נוצרי,מסורתי,,1,2,4,בבעלות,1,0,1,2,12789,10029,18162,8985,273,2760,1379,150,0,1099,0,3142,373,15.2,51.0
2023,2,770.385,4,2,2,יהודים,יהודי,חילוני,,4,5,4,,1,2,1,6,28913,28913,23852,4223,891,5201,1449,1770,0,814,3570,5405,529,21.8,21.4
2023,3,1244.032,2,2,,יהודים,יהודי,מסורתי,,3,4,3,,,0,1,1,6701,6701,6535,453,43,2500,410,2067,60,300,176,394,130,38.3,7.6
2023,2,387.784,3,1,,יהודים,יהודי,חילוני,,4,3,4,,,1,1,3,14149,14149,7656,1772,736,3701,520,337,0,185,80,190,136,48.3,32.8
2023,2,241.973,2,1,,יהודים,יהודי,מסורתי,,4,3,5,בבעלות,1,1,1,9,34586,29721,22471,5933,669,5039,962,530,770,1928,1945,4362,333,22.4,29.4
2023,3,264.812,6,2,4,יהודים,יהודי,חילוני,,3,2,5,בבעלות,1,1,2,3,22920,16499,22892,5730,0,6421,1790,367,180,667,3032,4305,400,28.0,25.0
2023,3,557.300,6,2,4,יהודים,יהודי,דתי,,3,2,5,בבעלות,2,3,1,6,41608,35187,29356,4067,0,6421,1538,100,1100,3449,6061,5972,647,21.9,13.9
2023,2,1536.591,1,1,,יהודים,יהודי,חילוני,כפרי,1,4,2.5,,,1,1,4,7912,7912,6610,642,43,2500,854,0,0,1821,275,240,234,37.8,10.4
2023,2,489.124,4,4,,יהודים,יהודי,מסורתי,כפרי,1,4,5,,1,1,1,9,52962,52962,28156,1177,160,5059,1647,364,2200,1581,14902,1065,0,18.0,4.7
2023,2,397.133,7,2,5,יהודים,יהודי,חרדי,,1,4,5,בבעלות,2,1,1,6,43332,37409,36989,7108,1890,5923,3962,1182,3261,3485,7154,1516,1508,16.0,24.3
2023,2,760.393,6,2,4,יהודים,יהודי,חילוני,אחר,5,5,6,,1,2,1,8,50628,50302,22767,4106,489,8071,1753,657,500,2047,183,2404,2555,35.5,20.2
2023,3,183.011,3,3,,יהודים,יהודי,דתי,,4,3,13,בבעלות,1,3,1,10,83968,78081,38134,9332,0,6220,4146,0,260,986,2254,13850,1085,16.3,24.5
2023,2,411.298,5,3,3,יהודים,יהודי,מסורתי,כפרי,3,4,3,,1,3,1,3,19952,19952,30306,1652,406,2700,1236,0,2795,253,20061,1138,64,8.9,6.8
2023,2,381.462,4,1,2,יהודים,יהודי,חילוני,כפרי,3,4,4,,2,2,1,1,8714,8714,17295,1288,231,4001,1219,65,337,1815,5578,1645,1116,23.1,8.8
2023,3,384.489,2,0,,יהודים,יהודי,חילוני,,4,3,4,בבעלות,,2,1,4,12318,6791,9783,1941,540,5527,843,57,0,357,69,245,203,56.5,25.4
2023,3,804.464,3,3,,אחר,אחר,חילוני,,3,3,3,בבעלות,1,2,2,5,21159,18958,10545,3974,667,2201,722,0,0,639,413,1332,597,20.9,44.0
2023,2,575.590,6,4,1,יהודים,יהודי,חילוני,אחר,5,5,6,בבעלות,2,6,1,10,161485,153366,37097,6475,763,8129,4315,0,0,2647,5225,9032,510,21.9,19.5
2023,2,2594.453,1,0,,יהודים,יהודי,לא ידוע,אחר,5,5,3,,1,1,1,3,7047,7047,7443,549,106,3401,940,0,0,161,529,1757,0,45.7,8.8
2023,2,724.067,6,2,4,יהודים,יהודי,חילוני,אחר,5,5,7,,2,5,1,7,43573,43573,41551,1567,0,5501,20245,738,1900,3092,3860,4647,0,13.2,3.8
2023,2,220.880,2,2,,יהודים,יהודי,חילוני,,4,3,6,בבעלות,2,2,1,10,35742,24670,34728,2704,1243,11280,3856,201,735,918,1575,4815,7401,32.5,11.4
2023,2,620.566,5,4,1,יהודים,יהודי,חילוני,,4,3,6,בבעלות,2,3,1,10,67756,53179,37815,5056,961,11184,3041,560,959,992,1889,12808,364,29.6,15.9
2023,2,599.781,2,2,,יהודים,יהודי,דתי,אחר,2,2,3,,,1,1,3,9863,9863,5044,1548,245,2300,700,0,0,0,0,251,0,45.6,35.5
2023,3,1210.131,5,1,3,ערבים,נוצרי,מסורתי,עירוני גדול,1,5,3,,,0,2,1,6411,3736,19028,3880,595,2675,1032,3059,1750,35,3203,1454,1345,14.1,23.5
2023,3,783.762,7,2,3,ערבים,נוצרי,מסורתי,עירוני גדול,1,5,4,בבעלות,1,1,1,1,15804,13357,33885,7765,654,2447,1159,738,5002,4311,6693,3190,1927,7.2,24.8
2023,3,844.067,4,1,2,יהודים,יהודי,חרדי,אחר,3,5,3,בבעלות,1,0,1,2,15383,12085,10808,1600,388,3434,1253,975,200,695,1275,598,389,31.8,18.4
2023,3,287.577,1,0,,יהודים,יהודי,חילוני,,4,3,5,בבעלות,1,1,1,10,37640,31381,16162,1830,527,6490,1493,0,1150,936,490,3029,217,40.2,14.6
2023,3,648.837,1,0,,יהודים,יהודי,חילוני,אחר,3,3,2,,,0,2,2,5500,5500,3441,562,0,1200,286,100,0,726,535,31,0,34.9,16.3
2023,3,427.528,1,1,,יהודים,יהודי,חילוני,אחר,3,3,2,,1,1,1,5,10010,8143,7881,1104,101,2108,592,43,0,691,2507,735,0,26.7,15.3
2023,2,546.163,3,2,,יהודים,יהודי,חרדי,עירוני גדול,1,5,6,בבעלות,1,2,1,3,14788,7337,31789,2822,567,9255,2769,598,4993,1029,1745,5668,2344,29.1,10.7
2023,2,2429.266,1,1,,יהודים,יהודי,חילוני,עירוני גדול,1,5,2,,,1,1,6,11997,11997,4257,1476,0,1400,262,40,0,80,811,132,56,32.9,34.7
2023,3,532.239,2,0,,יהודים,יהודי,חילוני,,4,3,4,,2,1,1,8,26131,26131,16370,2303,950,6130,1207,122,600,2375,1053,1127,503,37.4,19.9
2023,2,555.934,3,3,,יהודים,יהודי,מסורתי,אחר,5,4,5,,2,3,1,9,44288,43949,43339,4432,2372,6501,3378,182,3528,776,17356,1753,3062,15.0,15.7
2023,3,354.619,2,2,,יהודים,יהודי,חרדי,,1,2,3,בבעלות,1,1,1,5,15346,13346,15339,1856,0,2100,2121,0,363,3727,0,1324,3848,13.7,12.1
2023,3,286.899,6,4,2,יהודים,יהודי,דתי,,1,2,6,בבעלות,2,4,1,5,36980,34488,30278,1743,89,2492,2395,2181,220,4380,8473,3533,4772,8.2,6.1
2023,3,361.755,7,2,4,יהודים,יהודי,דתי,,1,2,8,בבעלות,1,2,1,3,23891,21399,21837,2306,3091,2600,2143,94,736,1305,4189,2305,3068,11.9,24.7
2023,3,568.324,1,0,,יהודים,יהודי,חילוני,אחר,3,3,2,,,0,2,2,5340,5340,4355,1281,820,500,193,0,40,0,98,34,1389,11.5,48.2
2023,2,444.115,5,2,3,ערבים,נוצרי,מסורתי,,1,2,4,בבעלות,1,2,1,6,34094,31334,23598,564,87,4260,1227,3919,550,270,5420,3834,3467,18.1,2.8
2023,2,257.164,4,2,,ערבים,מוסלמי,מסורתי,,2,2,4,בבעלות,2,1,1,6,28787,24905,20219,4332,1259,3000,1916,986,50,1214,2127,3949,1388,14.8,27.7
2023,2,1088.401,2,1,,יהודים,יהודי,חילוני,עירוני בינוני,4,5,4,בבעלות,,1,1,7,23289,15987,17366,2778,160,7302,1455,102,300,488,3038,1743,0,42.0,16.9
2023,2,1318.079,2,2,,יהודים,יהודי,חילוני,עירוני בינוני,4,5,3,,1,3,1,10,64292,64040,25111,6505,256,6445,2074,0,606,634,1391,6131,1069,25.7,26.9
2023,2,331.299,2,2,,יהודים,יהודי,חילוני,עירוני בינוני,4,5,2,,2,2,1,10,36884,36884,30092,0,0,4601,1872,1723,651,2838,7093,10176,1138,15.3,0.0
2023,2,2809.411,1,1,,יהודים,יהודי,חילוני,עירוני בינוני,4,5,2,,,2,1,10,52082,51836,10756,3195,0,3808,375,681,81,1236,1007,374,0,35.4,29.7
2023,2,1355.112,1,1,,יהודים,יהודי,חילוני,עירוני בינוני,4,5,1.5,,1,1,1,6,12088,12088,7137,486,65,3000,484,0,0,621,328,2095,57,42.0,7.7
2023,2,164.232,3,2,1,יהודים,יהודי,חרדי,עירוני גדול,1,5,3,בבעלות,,1,1,4,19151,15250,10080,293,977,3901,1324,0,1174,625,603,1083,100,38.7,12.6
2023,3,1186.665,1,0,,יהודים,יהודי,חילוני,עירוני גדול,1,5,4,,,2,1,1,-139,-139,4456,273,0,1700,118,1019,220,14,106,998,7,38.2,6.1
2023,3,396.026,5,3,1,יהודים,יהודי,חילוני,,4,3,6,בבעלות,2,7,1,9,61373,53153,35565,6397,1903,7215,2249,256,250,3762,3599,8998,937,20.3,23.3
2023,2,1059.508,2,0,,יהודים,יהודי,מסורתי,אחר,5,4,5,בבעלות,1,1,2,5,16197,8827,14234,496,585,7370,961,0,300,3710,201,480,131,51.8,7.6
2023,2,935.420,3,2,1,יהודים,יהודי,מסורתי,,3,4,5,בבעלות,2,4,1,7,26511,20290,17363,2342,269,6322,1537,0,679,901,1173,4140,0,36.4,15.0
2023,2,461.719,5,2,3,יהודים,יהודי,מסורתי,,3,4,4,בבעלות,2,1,2,5,28348,23810,15245,1893,507,4591,1675,264,130,754,3640,1791,0,30.1,15.7
2023,2,591.348,6,4,1,יהודים,יהודי,מסורתי,,3,4,5,בבעלות,1,2,1,9,62898,56677,32181,3009,293,6221,2661,2244,946,9021,1981,2338,3466,19.3,10.3
2023,2,455.875,5,3,2,יהודים,יהודי,חילוני,,3,4,5,בבעלות,2,2,1,6,33235,27014,27808,4637,672,6354,2473,65,420,1301,1167,10121,597,22.8,19.1
2023,2,317.191,7,3,4,יהודים,יהודי,חרדי,,3,4,5,בבעלות,1,1,1,5,37653,31432,22695,2422,278,6333,1947,698,1130,544,2406,2937,3999,27.9,11.9
2023,3,807.799,10,1,8,יהודים,יהודי,מסורתי,,1,2,6,בבעלות,,0,2,1,13326,11239,13795,3907,0,2087,1569,0,210,2169,2852,500,500,15.1,28.3
2023,2,685.685,2,0,,יהודים,יהודי,מסורתי,,4,1,5,,,1,1,5,15839,11839,13222,1487,0,4297,1724,492,212,1495,211,3228,77,32.5,11.2
2023,2,634.052,2,0,,יהודים,יהודי,חילוני,,4,5,5,בבעלות,1,0,1,9,32258,26250,17193,2817,1021,6008,1489,242,0,4608,241,767,0,34.9,22.3
2023,3,1542.605,1,0,,יהודים,יהודי,מסורתי,,4,5,4,בבעלות,,0,2,7,13725,8818,7739,514,224,4907,1485,30,0,367,100,105,7,63.4,9.5
2023,3,1174.711,2,0,,יהודים,יהודי,מסורתי,,4,5,4,בבעלות,1,0,2,3,11141,6234,9517,1151,553,4907,1397,56,0,569,246,380,258,51.6,17.9
2023,2,951.642,6,2,4,יהודים,יהודי,מסורתי,,4,5,5,בבעלות,,2,1,5,32473,26465,20961,2035,207,6008,1816,112,0,1706,8030,246,802,28.7,10.7
2023,2,465.903,5,2,3,יהודים,יהודי,דתי,,3,3,4.5,בבעלות,1,1,1,4,24815,20745,22871,685,0,4170,1242,3503,2515,839,4608,856,4453,18.2,3.0
2023,2,347.616,6,1,4,יהודים,יהודי,חילוני,,3,3,4,בבעלות,1,1,1,5,34757,31966,14619,2982,708,2791,1738,502,0,1288,553,3292,765,19.1,25.2
2023,2,549.694,7,2,5,יהודים,יהודי,חילוני,,3,3,5,בבעלות,2,2,1,2,18467,14397,25731,11142,282,4070,1482,0,220,641,4042,3722,130,15.8,44.4
2023,2,167.136,1,1,,יהודים,יהודי,חילוני,,3,3,3,בבעלות,,0,1,7,13891,11724,9295,606,150,2296,752,973,647,423,2884,201,363,24.7,8.1
2023,2,491.253,2,2,,יהודים,יהודי,חילוני,,4,2,4,בבעלות,2,2,2,8,26766,22255,24655,1797,512,4511,1472,43,700,249,2398,11292,1681,18.3,9.4
2023,3,1988.513,2,2,,יהודים,יהודי,מסורתי,כפרי,3,4,4,בבעלות,,0,1,5,15427,11922,9382,1787,164,3505,1981,43,870,350,138,542,0,37.4,20.8
2023,3,504.060,4,0,2,ערבים,נוצרי,מסורתי,,2,2,3,בבעלות,1,0,2,2,14473,12595,18803,3681,695,1878,351,107,1250,2098,1358,6170,1215,10.0,23.3
2023,2,680.407,2,2,,יהודים,יהודי,חילוני,אחר,5,5,4,בבעלות,2,2,1,8,24843,18884,20475,3550,862,6129,2003,200,1600,1186,2772,2003,169,29.9,21.5
2023,2,649.298,1,1,,יהודים,יהודי,חילוני,עירוני קטן,4,4,3,,1,1,1,7,12770,12770,9332,0,0,3701,856,81,0,215,766,2306,1409,39.7,0.0
2023,2,580.168,1,0,,יהודים,יהודי,מסורתי,עירוני קטן,4,4,3.5,בבעלות,1,1,1,5,10425,7259,11614,676,182,3166,532,0,0,75,0,6882,101,27.3,7.4
2023,2,311.229,7,3,4,יהודים,יהודי,דתי,אחר,2,2,6,בבעלות,2,4,1,8,60082,55610,18722,1478,692,3771,1648,47,900,2094,3334,4323,435,20.1,11.6
2023,2,454.535,5,4,,ערבים,נוצרי,דתי,,2,2,4,בבעלות,1,2,1,6,33161,30195,36213,10517,2474,2966,3324,0,0,1231,2578,8567,4555,8.2,35.9
2023,2,2809.411,1,1,,אחר,מוסלמי,חילוני,,3,4,1,,,0,1,5,10286,8479,5064,2875,245,1808,2,0,0,0,33,100,0,35.7,61.6
2023,3,448.592,7,2,5,יהודים,יהודי,חרדי,,2,1,3,בבעלות,,0,2,1,16311,14020,11118,2572,803,2466,1395,683,0,452,1914,315,517,22.2,30.4
2023,2,535.066,4,3,1,יהודים,יהודי,מסורתי,,3,4,4,בבעלות,1,2,1,8,41343,35995,18477,4715,1303,4961,1467,721,280,1535,2363,938,195,26.8,32.6
2023,2,366.266,2,0,,יהודים,יהודי,מסורתי,,3,3,5,בבעלות,1,0,1,9,31951,27881,17962,3525,994,4275,1922,0,0,1205,189,5697,154,23.8,25.2
2023,3,884.295,1,0,,יהודים,יהודי,דתי,,4,5,4.5,בבעלות,,1,1,10,23073,15457,14828,1219,564,7729,1072,187,0,1852,1387,406,412,52.1,12.0
2023,3,1455.738,2,1,,יהודים,יהודי,חילוני,,4,5,2,,,2,1,2,9302,9302,5296,628,578,1072,160,79,120,638,117,1905,0,20.2,22.8
2023,3,847.420,6,2,4,יהודים,יהודי,דתי,,4,5,5,בבעלות,2,2,1,6,41329,32583,32077,7127,1756,7791,2299,3734,450,420,4542,3656,303,24.3,27.7
2023,3,734.951,3,2,1,יהודים,יהודי,חילוני,כפרי,4,5,6,בבעלות,2,3,1,10,49840,43980,20764,3057,288,5927,1633,1362,0,2056,1388,3749,1304,28.5,16.1
2023,2,588.532,2,0,,יהודים,יהודי,מסורתי,עירוני גדול,1,5,4,בבעלות,1,0,1,5,15151,10021,10309,883,653,5189,662,131,0,922,1316,552,0,50.3,14.9
2023,3,423.231,2,1,,יהודים,יהודי,דתי,עירוני גדול,1,5,5,בבעלות,1,2,1,9,31843,24392,28796,3420,1147,7593,1320,933,1500,4673,4730,3480,0,26.4,15.9
2023,2,473.252,2,1,,אחר,אחר,חילוני,אחר,3,2,4,בבעלות,1,0,1,7,20837,17168,19944,1139,368,3669,1406,1794,850,1508,5461,2970,780,18.4,7.6
2023,2,515.196,2,2,,יהודים,יהודי,מסורתי,אחר,5,4,5,בבעלות,1,1,1,9,29068,21698,24367,1252,1908,7567,2263,4657,1980,2438,202,674,1425,31.1,13.0
2023,3,438.577,3,2,1,יהודים,יהודי,חילוני,,3,3,4,בבעלות,1,2,1,5,22161,17611,14320,763,0,4098,1108,170,350,1269,5949,612,0,28.6,5.3
2023,2,465.465,5,1,3,יהודים,יהודי,חילוני,עירוני קטן,4,4,5.5,,2,4,1,3,21585,21585,32022,11245,1007,5721,2099,478,1345,1993,3244,4240,649,17.9,38.3
2023,2,486.926,2,0,,יהודים,יהודי,חילוני,עירוני קטן,4,4,3,,,1,1,2,8204,8204,6404,1736,559,2000,985,151,410,253,183,127,0,31.2,35.8
2023,2,685.530,1,1,,יהודים,יהודי,חילוני,,4,4,5,בבעלות,1,1,1,10,61579,54486,13569,1981,510,7093,1291,676,0,503,99,843,573,52.3,18.4
2023,3,737.317,5,3,2,יהודים,יהודי,חילוני,,4,5,5,בבעלות,2,3,1,9,61712,55025,31623,5300,799,6093,1701,1158,0,1493,5072,9710,296,19.3,19.3
2023,2,500.956,2,0,,יהודים,יהודי,חילוני,,3,3,4,בבעלות,1,2,1,4,12460,9669,16050,1892,351,2885,2133,2206,428,1843,626,1516,2170,18.0,14.0
2023,2,496.858,2,0,,יהודים,יהודי,חילוני,,3,3,3.5,,,1,1,3,10302,10302,7140,1725,742,3151,723,65,35,226,294,179,0,44.1,34.6
2023,2,660.956,4,2,2,יהודים,יהודי,חילוני,אחר,5,5,4,בבעלות,1,3,2,5,26642,20683,33640,7122,492,17455,2019,493,0,1720,109,2775,1454,51.9,22.6
2023,2,1091.924,1,0,,יהודים,יהודי,מסורתי,אחר,5,5,5,בבעלות,,1,1,9,20919,12960,13915,449,0,8052,1706,0,138,2632,771,167,0,57.9,3.2
2023,2,698.280,3,2,1,יהודים,יהודי,חילוני,אחר,5,5,4,בבעלות,2,2,1,10,46631,40672,43438,4577,410,6017,1854,404,970,3353,2095,10214,13543,13.9,11.5
2023,3,481.826,2,0,,יהודים,יהודי,חילוני,אחר,5,5,5,בבעלות,2,1,1,10,47564,39605,28130,2745,1201,8147,3066,0,1505,4134,1834,5288,209,29.0,14.0
2023,3,351.880,1,1,,יהודים,יהודי,חילוני,אחר,5,5,5,בבעלות,1,1,1,9,18984,11025,19746,2101,199,8052,1647,3372,0,1747,674,1955,0,40.8,11.6
2023,2,798.542,4,1,2,יהודים,יהודי,חרדי,כפרי,1,4,4,,,0,2,1,7138,7138,8025,481,140,3000,831,159,827,426,1241,148,773,37.4,7.7
2023,3,687.510,7,2,5,יהודים,יהודי,חרדי,כפרי,1,4,4,,,0,2,1,14112,14112,13918,1202,68,3989,826,321,2200,1822,2632,260,596,28.7,9.1
2023,2,378.627,1,0,,יהודים,יהודי,חילוני,,3,3,2.5,,,0,2,2,4790,4790,4983,1330,282,2000,177,230,0,224,141,210,389,40.1,32.3
2023,2,559.870,3,2,,יהודים,יהודי,חילוני,,3,3,4,בבעלות,1,1,1,7,30477,27686,13228,3778,501,2791,1115,1157,400,572,395,1532,988,21.1,32.3
2023,2,1087.188,2,0,,יהודים,יהודי,חילוני,,5,5,4,,1,1,1,1,4141,4141,12240,993,444,6001,1963,0,0,1379,498,712,251,49.0,11.7
2023,3,658.940,5,2,3,יהודים,יהודי,דתי,,1,2,5,,1,2,2,3,22609,22609,18794,2639,1700,3191,1098,140,630,206,4388,3245,1557,17.0,23.1
2023,3,711.847,7,1,5,יהודים,יהודי,מסורתי,,1,2,5,,1,2,1,1,11566,11566,13241,2354,963,1795,1437,33,280,491,2381,903,2603,13.6,25.1
2023,3,276.839,8,3,5,יהודים,יהודי,דתי,,1,2,5,בבעלות,1,2,1,4,34563,32071,18223,4862,0,2492,3222,60,607,1047,1981,3693,260,13.7,26.7
2023,3,216.681,7,4,2,יהודים,יהודי,דתי,,1,2,5,בבעלות,1,2,1,5,39758,37266,25833,8074,922,4649,2237,434,280,185,3955,4520,576,18.0,34.8
2023,3,321.043,2,1,,יהודים,יהודי,מסורתי,,3,2,4,בבעלות,1,0,1,6,19312,16772,18058,382,28,2552,1167,120,1280,340,3758,7186,1242,14.1,2.3
2023,3,2180.136,1,1,,יהודים,יהודי,חילוני,,4,2,3,,1,0,1,9,18285,15285,11224,1063,778,3162,1087,767,0,1998,384,1984,0,28.2,16.4
2023,3,590.018,2,0,,יהודים,יהודי,חילוני,,4,2,5,בבעלות,,1,1,5,15373,11877,15074,1787,1058,3677,1804,1268,0,1705,1433,1507,835,24.4,18.9
2023,2,579.689,2,2,,יהודים,יהודי,חילוני,אחר,4,4,4,בבעלות,2,4,1,10,40072,35206,57378,4384,488,4966,2957,866,990,4191,4772,32180,1584,8.7,8.5
2023,2,782.332,3,2,1,יהודים,יהודי,חילוני,אחר,4,4,5,בבעלות,2,2,1,10,49511,43279,25091,1661,805,6232,2697,1911,610,900,5035,5058,181,24.8,9.8
2023,3,1015.229,1,1,,אחר,אחר,חילוני,,3,4,3,בבעלות,1,1,1,6,12204,8598,10361,907,94,3606,881,765,942,497,667,1101,902,34.8,9.7
2023,2,686.200,5,2,2,יהודים,יהודי,חרדי,אחר,3,2,5,בבעלות,1,1,1,3,19678,15208,12875,2317,614,4470,1705,218,0,473,1666,1173,238,34.7,22.8
2023,2,569.593,2,2,,אחר,אחר,חילוני,אחר,3,2,2.5,בבעלות,1,1,1,3,11992,8985,9257,1780,357,3007,388,256,120,361,1415,1413,160,32.5,23.1
2023,2,357.003,4,2,2,יהודים,יהודי,חילוני,,4,3,3,בבעלות,2,3,1,3,18325,14756,19358,2683,851,3683,2125,488,220,338,5456,3137,375,19.0,18.3
2023,2,397.974,4,1,2,יהודים,יהודי,חילוני,,4,3,5,בבעלות,1,1,1,5,25227,18968,14613,776,404,6259,1075,52,168,396,3342,2091,50,42.8,8.1
2023,2,344.568,2,1,,יהודים,יהודי,חילוני,,4,3,3,,1,1,1,9,29173,27816,8475,1304,221,2800,639,301,0,717,278,1592,623,33.0,18.0
2023,3,450.195,3,2,1,יהודים,יהודי,חילוני,,4,3,5,,2,3,1,2,11226,11226,21547,1842,178,6354,1267,0,360,1642,1981,7888,33,29.5,9.4
2023,3,794.571,2,2,,יהודים,יהודי,מסורתי,,3,4,4,בבעלות,1,1,1,10,35775,31237,20253,4198,1645,4538,1624,240,300,220,2334,3848,1305,22.4,28.9
2023,3,797.082,3,1,1,יהודים,יהודי,אחר,,3,4,2,,1,3,1,3,15019,15019,10995,1975,803,3790,1030,200,0,115,1701,1381,0,34.5,25.3
2023,3,888.181,1,0,,יהודים,יהודי,מסורתי,עירוני גדול,1,5,4,בבעלות,1,1,1,9,18476,13346,40078,2260,421,5130,2111,0,870,481,475,12164,16166,12.8,6.7
2023,3,521.999,2,0,,יהודים,יהודי,מסורתי,עירוני גדול,1,5,4,בבעלות,,0,2,4,12300,7170,15865,4793,1054,5130,1350,299,0,2419,212,39,569,32.3,36.9
2023,2,270.327,6,2,4,ערבים,נוצרי,מסורתי,,1,2,4,בבעלות,,2,1,2,18301,16301,10823,4896,373,2000,1190,235,0,400,380,1152,195,18.5,48.7
2023,2,194.217,2,2,,ערבים,נוצרי,מסורתי,,1,2,3,בבעלות,1,1,1,8,25225,23172,23696,5708,755,2053,2757,236,1300,1340,0,7878,1669,8.7,27.3
2023,3,620.264,8,2,6,יהודים,יהודי,חרדי,,3,2,5,בבעלות,2,3,2,4,37252,33257,18623,3839,690,3995,1307,0,600,702,4248,1129,2115,21.5,24.3
2023,3,1029.805,4,3,1,יהודים,יהודי,חילוני,,4,5,5,בבעלות,2,4,1,8,43900,36284,25236,3297,955,7616,2158,0,0,1330,5309,4226,345,30.2,16.8
2023,3,246.259,2,1,,יהודים,יהודי,חילוני,,4,3,7,בבעלות,2,1,1,10,47555,40646,55709,2167,622,7534,1528,100,3095,2709,3780,33915,259,13.5,5.0
2023,2,732.673,3,3,,יהודים,יהודי,דתי,אחר,5,4,4,בבעלות,1,4,1,6,24518,17097,18408,4937,677,5852,1680,39,1152,805,828,2093,346,31.8,30.5
2023,2,620.207,3,3,,יהודים,יהודי,דתי,אחר,5,4,3,בבעלות,2,1,1,8,33852,28932,15559,3597,1268,4920,1543,108,200,2149,60,1187,526,31.6,31.3
2023,3,2292.296,2,0,,אחר,אחר,חילוני,,4,5,3,,,2,1,6,19807,19807,12043,2229,710,4651,559,24,200,339,239,2492,599,38.6,24.4
2023,3,266.756,1,1,,יהודים,יהודי,חילוני,כפרי,3,4,2,,,0,1,3,6776,4152,5206,871,76,2624,731,103,0,0,90,710,0,50.4,18.2
2023,3,612.856,1,0,,ערבים,נוצרי,חרדי,,1,3,1,בבעלות,,0,2,3,6432,5632,15304,3390,1984,800,606,3184,350,4432,0,225,333,5.2,35.1
2023,2,309.326,2,1,,ערבים,נוצרי,חרדי,,1,3,11,בבעלות,2,0,1,9,30762,28564,125241,6003,2518,2368,4457,2558,0,1242,27,104783,1286,1.9,6.8
2023,2,805.592,7,3,3,יהודים,יהודי,חילוני,אחר,3,5,4,בבעלות,,0,1,5,37032,32690,15840,4341,0,4342,1785,239,0,510,1104,3319,201,27.4,27.4
2023,3,388.672,5,2,3,יהודים,יהודי,חילוני,כפרי,3,4,3,בבעלות,2,1,1,7,37396,33921,15341,3247,267,2950,1496,193,0,146,4388,1356,1298,19.2,22.9
2023,3,454.457,2,2,,אחר,אחר,חילוני,אחר,3,3,4,בבעלות,,0,1,6,18401,15804,4396,187,511,2597,820,0,0,0,0,280,0,59.1,15.9
2023,3,312.292,2,1,,יהודים,יהודי,חילוני,,5,4,7,בבעלות,2,2,1,10,35165,27276,64081,866,433,8186,6910,10021,2000,2421,6793,26400,50,12.8,2.0
2023,2,411.976,3,3,,יהודים,יהודי,חילוני,עירוני קטן,4,4,4,,2,2,1,7,30049,30049,22040,5427,1356,3651,1300,543,734,911,3038,4475,606,16.6,30.8
2023,3,784.690,1,0,,יהודים,יהודי,חרדי,עירוני גדול,1,5,2,,,0,2,2,4810,4810,3580,0,0,2992,190,0,0,168,0,230,0,83.6,0.0
2023,3,1087.440,5,2,3,יהודים,יהודי,חילוני,אחר,4,4,5,בבעלות,2,3,1,5,28764,22532,26124,4811,1310,6232,1921,193,95,403,8129,2978,52,23.9,23.4
2023,3,483.981,5,2,3,יהודים,יהודי,מסורתי,,2,4,4,בבעלות,1,3,1,5,30693,27202,14467,2381,252,3491,1186,283,500,806,3112,2078,379,24.1,18.2
2023,3,1267.796,1,1,,יהודים,יהודי,מסורתי,,2,4,4,בבעלות,1,1,1,5,9647,5291,7485,1376,64,3491,668,0,0,159,0,1077,649,46.6,19.2
2023,3,474.636,3,1,,יהודים,יהודי,מסורתי,,2,4,3,,,1,1,2,12537,9822,9055,2098,469,2715,1291,82,0,797,276,224,1103,30.0,28.3
2023,3,358.133,9,4,4,יהודים,יהודי,דתי,,2,4,4,בבעלות,1,3,1,4,35093,31602,15438,5111,1670,3491,1286,0,700,467,455,1968,289,22.6,43.9
2023,3,1435.501,3,1,1,יהודים,יהודי,חילוני,כפרי,4,5,3,,1,3,2,5,22778,22778,9575,1648,1143,1995,622,391,0,890,773,1578,536,20.8,29.1
2023,3,866.632,5,2,3,יהודים,יהודי,דתי,כפרי,4,5,5,בבעלות,1,1,1,4,23241,17381,18889,3602,1144,5919,2128,166,2155,810,570,1403,992,31.3,25.1
2023,3,384.858,5,5,1,יהודים,יהודי,מסורתי,עירוני גדול,1,5,4,בבעלות,1,1,1,7,43816,38686,13367,1444,713,5130,807,451,450,1577,290,2406,99,38.4,16.1
2023,2,785.874,2,2,,יהודים,יהודי,חילוני,אחר,5,4,4,בבעלות,2,2,1,7,21925,16200,16682,4116,1647,5833,1957,674,0,523,268,996,668,35.0,34.5
2023,2,418.030,5,1,3,יהודים,יהודי,מסורתי,עירוני קטן,4,4,5,בבעלות,2,4,1,9,54866,49529,25594,5330,1713,5550,3761,1085,560,1248,658,2148,3541,21.7,27.5
2023,3,466.942,4,4,,יהודים,יהודי,מסורתי,אחר,3,1,4,בבעלות,2,1,1,9,51369,46845,16877,3133,606,4524,1415,226,0,991,839,2158,2986,26.8,22.2
2023,3,355.476,6,2,3,יהודים,יהודי,מסורתי,,4,2,7,בבעלות,2,3,1,8,56642,47642,32862,6319,1504,9337,2436,219,750,1532,6004,3610,1150,28.4,23.8
2023,3,251.143,3,2,,יהודים,יהודי,דתי,,1,2,6,בבעלות,1,3,1,8,32321,29829,9344,322,426,2492,1195,0,350,755,1311,1422,1071,26.7,8.0
2023,2,400.316,4,2,2,יהודים,יהודי,חילוני,,4,3,6,בבעלות,2,4,1,10,63740,57964,15142,2825,425,5118,905,0,0,1693,873,3303,0,33.8,21.5
2023,3,682.218,5,2,3,יהודים,יהודי,מסורתי,אחר,4,4,6,בבעלות,2,2,1,7,43805,35312,22119,725,0,6232,1597,0,0,2168,2315,8826,256,28.2,3.3
2023,3,473.472,6,1,4,יהודים,יהודי,חרדי,אחר,2,2,4,בבעלות,1,1,1,1,11442,8403,13265,1662,1464,3039,902,697,250,1470,2591,574,617,22.9,23.6
2023,3,568.324,1,0,,יהודים,יהודי,מסורתי,אחר,2,2,4,בבעלות,,0,2,5,9907,6868,4914,463,483,3039,467,0,0,384,0,30,48,61.8,19.3
2023,3,784.407,4,2,1,יהודים,יהודי,חילוני,אחר,2,2,5,בבעלות,1,3,1,7,33785,30055,14101,2496,609,3730,1128,484,650,569,833,3471,130,26.5,22.0
2023,3,738.018,5,3,2,יהודים,יהודי,מסורתי,אחר,2,2,4,בבעלות,1,2,1,5,30537,27498,18736,4242,1716,3039,1538,86,0,3772,1551,2501,293,16.2,31.8
2023,3,551.635,1,0,,יהודים,יהודי,מסורתי,אחר,2,2,4,בבעלות,1,1,1,8,16274,13235,16061,1126,636,3147,1851,70,391,969,1695,898,5279,19.6,11.0
2023,3,667.522,3,2,,יהודים,יהודי,חילוני,עירוני קטן,4,4,3.5,בבעלות,,2,1,4,18649,15483,24561,2080,1428,3295,1390,5817,1285,4081,302,1798,3085,13.4,14.3
2023,3,552.380,5,5,,יהודים,יהודי,דתי,אחר,3,3,4,בבעלות,2,4,1,6,36785,34188,17026,3651,1201,2597,1414,210,370,2108,467,3718,1290,15.3,28.5
2023,3,443.886,5,2,3,יהודים,יהודי,חרדי,,3,4,5,בבעלות,1,1,1,5,28455,22234,15097,1398,1298,6221,883,507,600,421,1721,733,1313,41.2,17.9
2023,2,727.015,2,2,,יהודים,יהודי,חילוני,עירוני בינוני,4,5,3,,,1,1,2,8570,8570,18182,3156,0,9001,3040,0,0,436,118,2430,0,49.5,17.4
2023,3,763.435,2,1,,יהודים,יהודי,חילוני,עירוני בינוני,4,5,6,בבעלות,1,1,1,9,28965,18674,39430,2833,147,10756,12274,100,0,2868,2973,2028,5452,27.3,7.6
2023,3,933.734,2,2,,יהודים,יהודי,חילוני,עירוני בינוני,4,5,2,,1,3,1,9,31645,31536,32873,4645,0,7501,773,374,510,395,2429,16246,0,22.8,14.1
2023,3,2809.411,1,0,,יהודים,יהודי,אחר,עירוני בינוני,4,5,2,,,2,1,3,6812,3573,11080,951,0,3239,850,224,273,131,590,4504,317,29.2,8.6
2023,1,1883.996,2,2,,יהודים,יהודי,חילוני,עירוני בינוני,4,5,2.5,,1,5,1,6,18759,18759,25530,3476,834,6160,1845,291,1645,1014,1176,6990,2098,24.1,16.9
2023,2,1188.145,3,1,1,יהודים,יהודי,חילוני,אחר,4,4,3,,1,0,1,1,7823,7823,9449,428,0,3000,876,0,1280,806,120,1635,1302,31.7,4.5
2023,3,2290.149,2,0,,יהודים,יהודי,דתי,אחר,4,4,3.5,בבעלות,1,1,1,4,14564,9698,8625,1185,118,4866,313,203,397,438,177,630,296,56.4,15.1
2023,3,918.298,4,3,,יהודים,יהודי,חילוני,אחר,5,5,4,בבעלות,2,3,1,8,43897,37486,25494,1256,158,6104,1462,253,562,2192,1459,11278,769,23.9,5.5
2023,2,697.741,6,3,2,יהודים,יהודי,חילוני,אחר,5,5,6,בבעלות,2,2,1,5,36680,28721,39709,4203,1140,8150,3759,2593,1354,4037,2743,6658,5071,20.5,13.5
2023,3,320.450,2,1,,יהודים,יהודי,מסורתי,אחר,2,2,3,בבעלות,,0,2,4,12123,9608,7233,870,757,2515,536,1334,0,456,200,65,500,34.8,22.5
2023,3,1453.814,2,2,,יהודים,יהודי,חילוני,כפרי,4,5,3,,2,2,1,10,46526,43135,23830,2213,343,6185,1175,433,0,638,1629,10535,678,26.0,10.7
2023,2,948.374,4,1,2,יהודים,יהודי,חילוני,כפרי,4,5,3,בבעלות,1,1,1,5,24622,19017,17123,3832,122,5669,1627,0,150,1795,1452,2476,0,33.1,23.1
2023,3,682.470,4,2,2,יהודים,יהודי,חילוני,כפרי,4,5,4,בבעלות,1,4,1,9,54128,47276,26432,82,0,7026,2947,820,360,1466,10921,2809,0,26.6,0.3
2023,3,902.827,3,2,1,יהודים,יהודי,חילוני,כפרי,4,5,4,,2,4,1,9,40624,39251,28023,616,78,8001,1180,374,1055,1111,7730,7833,43,28.6,2.5
2023,3,754.477,3,1,2,יהודים,יהודי,חילוני,כפרי,4,5,4,,1,1,1,5,21622,21169,14763,1637,330,5562,1679,310,543,1290,2766,602,43,37.7,13.3
2023,2,458.819,12,1,10,יהודים,יהודי,חרדי,אחר,2,2,4,,1,1,2,1,14846,14846,21925,3781,982,3000,1873,383,1100,1392,4087,4100,1226,13.7,21.7
2023,3,381.248,5,2,3,יהודים,יהודי,חילוני,,4,1,5,בבעלות,2,2,1,6,36793,32540,26724,4184,1576,4423,3399,531,2033,888,1818,7595,276,16.6,21.6
2023,3,595.829,6,2,4,יהודים,יהודי,חרדי,,1,5,4,בבעלות,1,1,1,6,37732,33035,33630,5080,4721,4697,2352,1146,3480,635,3146,2332,6039,14.0,29.1
2023,2,1061.056,3,2,,יהודים,יהודי,חילוני,כפרי,4,5,6,בבעלות,2,2,2,9,44409,38549,21652,1087,747,6201,3733,1474,300,3194,1840,2803,273,28.6,8.5
2023,2,644.714,6,4,1,יהודים,יהודי,חרדי,,4,5,5,בבעלות,1,1,1,6,40673,33698,23074,1389,921,6975,1946,33,1750,997,2276,5280,1506,30.2,10.0
2023,2,451.720,3,3,,יהודים,יהודי,מסורתי,עירוני גדול,1,5,5,בבעלות,1,3,1,10,68118,60667,24385,4699,635,10002,2386,207,0,1178,3576,1429,272,41.0,21.9
2023,2,359.288,5,0,3,יהודים,יהודי,חרדי,עירוני גדול,1,5,3,,1,1,1,1,10778,10778,12566,328,130,3601,718,334,844,427,1238,4276,670,28.7,3.6
2023,2,496.752,1,1,,יהודים,יהודי,דתי,עירוני בינוני,4,5,6,בבעלות,1,2,1,10,30768,20477,32725,2461,498,10717,2506,0,800,1702,2604,10813,622,32.7,9.0
2023,3,275.873,4,2,2,יהודים,יהודי,אחר,כפרי,3,4,5,בבעלות,2,0,1,9,54334,49352,32184,1716,445,10081,1726,70,4294,1845,6050,3641,2316,31.3,6.7
2023,3,445.974,4,2,2,יהודים,יהודי,מסורתי,אחר,3,2,4,,1,0,1,6,31829,31829,24180,4831,663,4501,2703,393,0,1452,2535,6635,466,18.6,22.7
2023,3,298.588,2,2,,יהודים,יהודי,חילוני,,4,3,6,בבעלות,1,1,1,10,36936,30027,13669,1682,101,6970,2030,87,0,1127,707,856,109,51.0,13.0
2023,3,541.080,5,4,1,יהודים,יהודי,חילוני,,4,3,6,בבעלות,2,4,1,10,87180,79367,24744,2556,544,6962,1736,2493,744,2151,1878,4151,1528,28.1,12.5
2023,3,522.457,6,1,4,יהודים,יהודי,חרדי,,3,3,4,בבעלות,,0,2,1,14370,11436,10061,1245,1087,2934,626,485,240,36,2226,515,667,29.2,23.2
2023,2,695.358,3,2,1,יהודים,יהודי,מסורתי,אחר,5,4,4,בבעלות,2,3,1,8,34241,27838,26258,3913,661,5875,2468,212,1200,4308,3260,4361,0,22.4,17.4
2023,2,291.154,2,0,,יהודים,יהודי,מסורתי,,3,4,3.5,,,0,2,2,8776,8776,12083,3935,429,2600,475,52,0,499,170,3155,768,21.5,36.1
2023,3,303.489,4,2,2,יהודים,יהודי,חילוני,,3,4,7,בבעלות,2,4,1,6,30659,26392,31593,2340,714,4267,14004,4061,0,581,3832,802,992,13.5,9.7
2023,3,586.649,2,1,,יהודים,יהודי,חילוני,,3,4,5,בבעלות,1,1,1,6,18612,14345,13296,732,341,4456,1260,33,0,1280,436,3266,1492,33.5,8.1
2023,3,402.030,2,2,,יהודים,יהודי,מסורתי,,3,4,3,בבעלות,1,0,1,5,15037,12728,6477,728,848,2309,558,0,0,336,0,1219,478,35.6,24.3
2023,3,516.354,2,0,,יהודים,יהודי,מסורתי,,3,4,3,בבעלות,,1,1,3,10120,7811,9275,1451,685,2384,283,0,254,687,90,3442,0,25.7,23.0
2023,3,253.851,1,0,,יהודים,יהודי,מסורתי,,3,4,3,,,1,1,1,3930,3930,4703,1632,244,1500,801,20,0,335,96,64,10,31.9,39.9
2023,3,604.809,2,2,,יהודים,יהודי,לא ידוע,אחר,5,5,4,בבעלות,1,1,1,10,47073,41114,26647,1152,193,6284,2055,1819,40,1031,1066,11479,1528,23.6,5.0
2023,3,672.531,8,2,6,יהודים,יהודי,דתי,,1,2,5,,1,3,1,4,31884,31884,17102,1409,1625,2344,1525,292,200,1635,5317,1082,1674,13.7,17.7
2023,3,384.489,2,0,,יהודים,יהודי,מסורתי,,3,4,5,בבעלות,,1,2,5,14719,9718,6366,721,13,5001,375,0,0,126,85,45,0,78.6,11.5
2023,3,701.328,6,2,4,יהודים,יהודי,דתי,,3,2,4,,2,2,1,7,43677,42772,22292,857,1273,3989,1724,23,500,655,3373,8985,913,17.9,9.6
2023,2,284.131,6,2,1,ערבים,נוצרי,דתי,,1,2,4,בבעלות,2,1,1,1,14429,11929,12875,2370,87,2500,2790,541,200,1062,2371,904,50,19.4,19.1
2023,2,58.602,2,1,,ערבים,נוצרי,מסורתי,,1,2,4,בבעלות,1,1,2,7,21812,19312,31525,521,204,2500,10713,1268,650,295,375,14899,100,7.9,2.3
2023,2,197.417,3,1,,ערבים,נוצרי,מסורתי,,1,2,3,בבעלות,2,2,1,3,13214,11584,8897,239,65,1630,1198,833,0,2452,100,1945,434,18.3,3.4
2023,2,191.555,4,0,,ערבים,נוצרי,דתי,,1,2,3,בבעלות,1,0,1,6,31124,29494,14708,4063,1736,1630,1560,549,0,1446,0,1730,1993,11.1,39.4
2023,2,240.249,1,1,,ערבים,נוצרי,מסורתי,,1,2,4,בבעלות,,1,2,7,13278,10700,18119,5534,1315,2578,464,191,1834,3637,84,211,2271,14.2,37.8
2023,2,440.584,7,5,,ערבים,נוצרי,מסורתי,,1,2,5,בבעלות,2,7,1,8,57222,54388,91541,7673,1315,2834,11029,14720,13887,1450,5007,25372,8255,3.1,9.8
2023,2,124.423,2,0,,ערבים,נוצרי,מסורתי,,1,2,4,בבעלות,1,0,2,2,7096,4596,10366,1541,326,2500,3362,34,500,593,0,983,528,24.1,18.0
2023,2,330.209,4,3,,ערבים,נוצרי,מסורתי,,2,2,3,בבעלות,2,0,1,3,18518,16346,12705,1454,1324,2172,1410,174,200,335,967,4604,65,17.1,21.9
2023,2,397.914,3,1,,ערבים,נוצרי,דתי,,2,2,2,בבעלות,1,0,2,3,14890,12990,13778,1997,977,1900,1562,1094,1954,779,1605,1432,477,13.8,21.6
2023,2,359.240,3,3,,ערבים,נוצרי,דתי,,2,2,3,,1,0,2,6,25854,23682,12356,2344,855,2172,1038,2195,200,444,0,2032,1076,17.6,25.9
2023,2,510.617,9,4,5,ערבים,נוצרי,מסורתי,,2,2,6,בבעלות,2,2,1,7,56652,53352,54802,6294,2188,3300,2067,15029,6784,8301,2860,4717,3263,6.0,15.5
2023,2,452.362,5,2,3,ערבים,נוצרי,מסורתי,,2,2,4,בבעלות,1,2,1,1,11403,9224,21787,5317,239,2179,2897,259,2280,2468,2221,2680,1246,10.0,25.5
2023,2,193.351,6,2,4,ערבים,נוצרי,מסורתי,,2,2,5,בבעלות,1,3,1,3,25552,23052,18673,4193,0,2500,1448,1695,451,606,2707,4312,760,13.4,22.5
2023,2,621.138,5,2,3,ערבים,מוסלמי,מסורתי,,2,2,9,בבעלות,2,3,1,10,161485,153366,50747,3646,0,6302,6014,0,13296,1724,8538,6888,4338,12.4,7.2
2023,2,577.330,3,2,1,ערבים,נוצרי,מסורתי,,2,2,4,בבעלות,,1,1,3,14480,12301,15095,1220,87,2179,1493,134,2500,1321,1391,3858,912,14.4,8.7
2023,3,738.416,3,2,,יהודים,יהודי,מסורתי,,4,2,4,בבעלות,1,0,1,3,14617,11367,12926,1646,1277,3250,1642,1567,0,746,888,1715,196,25.1,22.6
2023,3,575.281,11,4,8,יהודים,יהודי,דתי,,4,2,4.5,,,1,2,1,20223,20223,8836,2137,861,2992,832,1165,0,235,281,333,0,33.9,33.9
2023,3,338.451,2,2,,יהודים,יהודי,חילוני,,4,2,5,בבעלות,2,1,1,9,31683,28187,20570,1846,846,3748,1009,283,499,1223,1023,9707,384,18.2,13.1
2023,3,149.666,2,1,,יהודים,יהודי,חילוני,,4,2,3,בבעלות,,0,2,5,16504,14004,6472,874,968,2500,598,114,0,613,453,351,0,38.6,28.5
2023,3,293.766,3,1,,יהודים,יהודי,מסורתי,,4,2,5,בבעלות,2,3,1,10,49253,45757,23883,2456,963,3739,8834,294,300,3461,507,2831,498,15.7,14.3
2023,3,259.969,2,2,,יהודים,יהודי,חילוני,,4,2,4,בבעלות,1,1,1,4,14336,11086,17233,5522,1376,3250,1303,1059,180,662,934,2948,0,18.9,40.0
2023,3,977.125,2,1,1,יהודים,יהודי,חילוני,אחר,4,4,5,בבעלות,1,1,1,1,6248,16,9431,434,225,6232,1297,29,80,397,274,464,0,66.1,7.0
2023,2,588.357,5,2,3,יהודים,יהודי,חילוני,אחר,4,4,4,,2,1,1,6,35551,35551,12874,1670,1679,3801,2169,65,360,343,984,1745,60,29.5,26.0
2023,2,405.130,2,1,,יהודים,יהודי,מסורתי,,3,4,5,בבעלות,1,0,1,9,32586,26011,13338,1837,711,6575,1318,103,0,1142,524,1127,0,49.3,19.1
2023,3,1250.064,1,0,,יהודים,יהודי,חילוני,,3,4,1,,,0,2,2,5361,5361,2479,1298,0,499,200,0,0,120,200,162,0,20.1,52.4
2023,3,292.923,1,0,,יהודים,יהודי,חילוני,,4,3,3,,1,1,1,10,25783,25783,16293,2271,509,4001,2481,383,197,428,545,2978,2501,24.6,17.1
2023,3,248.123,3,2,1,יהודים,יהודי,חילוני,,4,3,4,,1,2,1,7,30446,30446,19085,1961,360,6446,1512,267,707,300,3227,3848,456,33.8,12.2
2023,3,357.717,4,1,2,יהודים,יהודי,חרדי,עירוני קטן,4,4,3,בבעלות,,2,1,2,12764,10944,12437,2478,731,1860,925,264,513,412,3384,540,1331,15.0,25.8
2023,3,244.716,2,2,,ערבים,דרוזי,מסורתי,,2,2,4,בבעלות,1,0,1,7,23280,20980,30813,2631,387,2300,1533,1642,4483,10279,4172,1530,1856,7.5,9.8
2023,3,444.438,3,1,,יהודים,יהודי,חילוני,,4,2,5,בבעלות,,1,2,9,37871,33871,18431,2411,671,4051,8511,68,0,687,398,1450,183,22.0,16.7
2023,3,1210.351,4,1,,יהודים,יהודי,דתי,,3,4,5,בבעלות,,1,1,9,46738,40163,14940,1547,918,6575,2231,120,1648,1116,75,710,0,44.0,16.5
2023,3,443.527,7,4,3,יהודים,יהודי,מסורתי,אחר,2,2,4,בבעלות,2,3,1,6,45754,42334,21140,3814,610,3538,1180,63,350,2318,3446,5387,434,16.7,20.9
2023,3,581.050,3,1,1,אחר,אחר,חילוני,אחר,2,2,1,,,3,1,4,16583,16583,12566,1248,472,2150,478,117,983,933,4121,335,1727,17.1,13.7
2023,3,765.485,2,1,,יהודים,יהודי,מסורתי,אחר,2,2,1,בבעלות,,1,1,3,11373,9209,8503,2037,327,2164,344,1875,0,139,180,203,1234,25.4,27.8
2023,3,755.539,1,0,,יהודים,יהודי,מסורתי,אחר,2,2,1,,,0,2,2,5632,5632,5388,1956,208,330,479,306,1140,0,0,147,823,6.1,40.2
2023,3,479.742,4,4,,יהודים,יהודי,חילוני,אחר,2,2,4,בבעלות,2,3,1,9,54706,51286,17161,2238,869,3445,1631,3221,400,963,312,3915,167,20.1,18.1
2023,3,277.619,1,0,,יהודים,יהודי,מסורתי,אחר,2,2,3,בבעלות,,0,1,5,9299,6784,5405,533,808,2515,637,0,40,354,195,180,142,46.5,24.8
2023,3,794.970,2,2,,יהודים,יהודי,חילוני,אחר,2,2,4,,2,4,1,5,14823,14823,11347,2741,264,2954,830,75,30,88,905,3373,86,26.0,26.5
2023,3,244.735,5,2,2,ערבים,נוצרי,מסורתי,,2,2,3,בבעלות,1,1,1,3,20347,18316,16155,957,0,2131,1505,1869,1250,2382,450,3225,2385,13.2,5.9
2023,3,271.677,2,2,,ערבים,מוסלמי,מסורתי,,2,2,4,בבעלות,1,2,1,10,38725,36275,17747,101,43,2450,3223,1202,1400,605,1802,6700,220,13.8,0.8
2023,3,434.129,1,0,,ערבים,מוסלמי,מסורתי,,2,2,2,בבעלות,,0,2,3,7497,5897,4205,649,541,1600,550,0,300,448,117,0,0,38.0,28.3
2023,3,733.811,2,1,,יהודים,יהודי,חילוני,,3,4,3,בבעלות,1,2,1,4,14468,10862,9225,2696,766,3606,570,0,0,470,374,644,98,39.1,37.5
2023,3,766.531,5,2,3,יהודים,יהודי,חילוני,,5,5,4,,2,3,1,4,24567,24567,21914,2155,914,7480,1830,177,0,621,5450,2966,322,34.1,14.0
2023,3,1205.935,5,3,1,יהודים,יהודי,חילוני,אחר,5,5,6,בבעלות,2,3,1,7,42755,34796,20496,3605,1009,7959,3664,0,0,216,180,3038,826,38.8,22.5
2023,3,624.854,4,4,,יהודים,יהודי,דתי,,4,5,5,בבעלות,1,3,1,8,38459,30843,23131,1441,200,7685,1988,3730,500,2701,1894,2849,143,33.2,7.1
2023,3,394.890,2,1,,יהודים,יהודי,מסורתי,,3,4,2,,,0,1,4,13751,13751,7658,277,658,2468,183,0,350,816,713,425,1767,32.2,12.2
2023,3,334.099,4,2,1,יהודים,יהודי,דתי,,3,4,4,בבעלות,1,1,1,5,23921,20540,39386,3036,472,3381,2461,295,1010,3609,13282,7785,4054,8.6,8.9
2023,3,279.629,1,1,,יהודים,יהודי,חילוני,,3,4,5,בבעלות,1,1,1,6,11264,6802,16312,1853,595,4462,797,528,0,982,2167,4812,117,27.4,15.0
2023,3,260.626,2,2,,יהודים,יהודי,מסורתי,,3,4,4,בבעלות,2,1,1,8,26484,23254,15219,630,505,3272,2320,71,1223,2545,561,1528,2565,21.5,7.5
2023,3,267.279,2,1,,יהודים,יהודי,מסורתי,,3,4,4,בבעלות,1,0,1,6,18003,14773,16472,1249,922,3333,1416,1307,803,2410,2641,2189,200,20.2,13.2
2023,3,878.083,2,2,,יהודים,יהודי,חילוני,,4,5,4.5,בבעלות,1,1,1,8,25913,19905,18173,4630,754,6008,1418,0,0,3058,325,1938,43,33.1,29.6
2023,2,706.733,3,2,1,יהודים,יהודי,מסורתי,,4,5,5,בבעלות,2,3,1,9,43861,36949,33274,272,156,6008,1907,14625,539,589,6358,1616,1205,18.1,1.3
2023,2,576.020,2,0,,יהודים,יהודי,דתי,,3,4,4,בבעלות,1,1,1,8,24897,19666,25254,5410,1729,5231,2523,3316,943,1364,632,3488,618,20.7,28.3
2023,3,310.302,2,0,,יהודים,יהודי,חרדי,,3,1,7,,1,1,1,8,26051,20686,17565,601,2159,5365,3777,2167,0,1270,120,865,1240,30.5,15.7
2023,3,252.424,6,0,4,יהודים,יהודי,חרדי,,4,3,9,בבעלות,2,1,1,5,34378,27469,50654,340,497,7447,6253,1243,1150,3475,3044,3712,23494,14.7,1.7
2023,2,297.587,4,1,3,יהודים,יהודי,חילוני,עירוני גדול,1,5,5,,1,2,1,7,34119,34119,16250,546,24,5151,2647,321,450,510,2018,4063,520,31.7,3.5
2023,2,204.320,2,0,,יהודים,יהודי,מסורתי,עירוני גדול,1,5,4,בבעלות,1,2,1,8,27814,22684,16765,1987,1235,5130,1874,437,900,1727,1273,887,1315,30.6,19.2
2023,3,1105.390,3,1,,יהודים,יהודי,חילוני,,4,5,4,בבעלות,,1,1,7,30345,25438,22461,2433,814,4907,5139,6839,0,1720,200,270,138,21.8,14.5
2023,2,396.617,6,2,4,יהודים,יהודי,חרדי,כפרי,1,4,4,בבעלות,1,1,1,2,20452,16325,14263,965,487,4127,1172,143,1710,332,3082,1959,286,28.9,10.2
2023,2,587.119,7,1,5,יהודים,יהודי,חרדי,כפרי,1,4,5,בבעלות,,0,2,3,23659,18039,14596,765,0,5620,1791,2188,0,17,1950,261,2004,38.5,5.2
2023,2,468.718,6,1,4,יהודים,יהודי,חרדי,כפרי,1,4,4,,1,0,2,2,18499,18499,13125,1533,483,4425,1411,1597,480,386,1737,687,385,33.7,15.4
2023,3,563.926,4,2,2,יהודים,יהודי,חרדי,כפרי,1,4,3,,1,0,2,3,18440,18440,13961,2182,379,3790,1279,370,130,495,1837,888,2613,27.1,18.3
2023,2,404.353,6,1,5,יהודים,יהודי,דתי,כפרי,1,4,3.5,,,1,1,1,11094,11094,18483,1296,450,4001,1288,50,280,1029,4605,1280,4203,21.6,9.4
2023,3,859.212,3,2,1,יהודים,יהודי,אחר,כפרי,1,4,3,,1,0,2,2,12023,12023,9739,858,168,3291,990,8,1000,366,1391,1394,273,33.8,10.5
2023,3,867.052,3,2,1,יהודים,יהודי,חרדי,כפרי,1,4,3,,1,2,1,2,10652,10652,12887,1152,112,3590,600,180,417,78,2022,3312,1425,27.9,9.8
2023,2,516.186,5,1,3,יהודים,יהודי,חרדי,כפרי,1,4,4,,1,3,1,3,22218,22218,10665,1109,553,4493,981,1010,0,453,432,1133,502,42.1,15.6
2023,3,430.550,5,1,3,יהודים,יהודי,חרדי,עירוני גדול,1,5,2,,,0,2,1,5876,5876,6556,595,99,3191,341,17,0,125,1365,724,100,48.7,10.6
2023,3,392.066,1,0,,יהודים,יהודי,מסורתי,עירוני גדול,1,5,3,בבעלות,,1,1,9,18799,14898,8018,725,255,3901,985,528,0,1161,129,171,163,48.7,12.2
2023,3,255.598,2,2,,יהודים,יהודי,חילוני,עירוני גדול,1,5,3,בבעלות,1,1,1,10,50575,46674,14509,1492,152,3901,908,67,50,5394,0,2501,43,26.9,11.3
2023,3,223.288,1,0,,יהודים,יהודי,מסורתי,עירוני גדול,1,5,3,בבעלות,1,1,1,9,19775,15874,23958,3527,214,3901,1001,975,710,81,1460,12066,23,16.3,15.6
2023,3,748.776,2,1,,יהודים,יהודי,מסורתי,אחר,2,2,3,בבעלות,1,0,1,4,13079,10564,6698,868,0,2515,310,0,0,89,138,2778,0,37.5,13.0
2023,3,2129.633,7,2,5,יהודים,יהודי,חילוני,,4,2,3,בבעלות,1,1,1,2,17117,14137,13730,151,870,3474,1138,173,0,1381,2152,4292,100,25.3,7.4
2023,2,1594.592,1,1,,יהודים,יהודי,חילוני,,3,3,4,בבעלות,1,1,1,7,14404,9584,15366,1945,344,4939,1959,93,0,760,0,5131,195,32.1,14.9
2023,2,455.368,4,1,2,יהודים,יהודי,חרדי,אחר,2,2,3,בבעלות,,1,2,2,13967,11246,12597,1534,745,2772,1234,553,1154,1145,1502,751,1208,22.0,18.1
2023,2,235.209,4,1,2,יהודים,יהודי,חילוני,,2,1,4,בבעלות,1,3,1,3,19176,16376,17614,3467,979,2800,1180,1199,866,575,4097,2184,268,15.9,25.2
2023,2,425.918,2,0,1,אחר,אחר,חילוני,,2,1,3,,,0,1,1,4314,4314,5976,1304,178,1750,636,356,301,140,575,343,393,29.3,24.8
2023,2,411.345,2,0,,יהודים,יהודי,חילוני,,2,1,3,בבעלות,1,1,1,7,22501,20210,23168,6142,2061,2393,1528,138,219,6167,241,3608,672,10.3,35.4
2023,2,640.963,3,1,1,אחר,אחר,חילוני,,2,1,3,בבעלות,1,2,1,3,13474,11183,8947,2213,401,2411,557,191,0,318,181,2610,65,26.9,29.2
2023,2,496.858,2,0,,יהודים,יהודי,חילוני,,2,1,2,,,0,2,1,6959,6959,6058,581,144,670,126,101,0,4006,209,222,0,11.1,12.0
2023,2,304.830,5,1,3,יהודים,יהודי,מסורתי,עירוני גדול,1,5,5.5,בבעלות,2,2,1,6,35346,27895,16237,1045,197,7451,926,17,0,510,3165,2926,0,45.9,7.6
2023,3,1065.936,4,2,,יהודים,יהודי,חילוני,עירוני גדול,1,5,6,,,4,1,1,5088,5088,16593,1634,217,8701,1645,658,0,268,2079,1281,109,52.4,11.2
2023,2,563.058,5,0,3,ערבים,מוסלמי,חילוני,עירוני קטן,4,4,2.5,,,1,1,1,7967,7967,8573,1910,304,3371,751,270,345,1017,379,226,0,39.3,25.8
2023,2,464.920,5,2,3,יהודים,יהודי,חרדי,כפרי,1,4,3,בבעלות,1,1,1,2,16778,13480,10796,441,83,3298,1079,0,1603,428,2661,896,307,30.5,4.9
2023,3,126.602,7,3,4,יהודים,יהודי,חרדי,עירוני גדול,1,5,6,בבעלות,2,1,1,5,35578,28127,24144,3528,1152,7451,1593,0,0,731,4176,2616,2898,30.9,19.4
2023,3,1147.824,2,1,,יהודים,יהודי,חרדי,עירוני גדול,1,5,3,,,1,1,1,4666,4666,9005,2024,491,4986,484,51,0,2,0,366,600,55.4,27.9
2023,3,584.793,4,4,,יהודים,יהודי,חילוני,אחר,2,2,4,,2,1,1,9,47424,47424,18595,3985,894,4885,1392,0,1848,1724,165,2917,784,26.3,26.2
2023,3,531.497,1,1,,יהודים,יהודי,מסורתי,עירוני גדול,1,5,2,,1,1,1,4,7964,7964,7055,1632,143,3092,358,34,200,77,29,979,511,43.8,25.2
2023,3,1424.950,4,2,2,יהודים,יהודי,חילוני,,4,2,5,,2,4,1,3,17592,17592,24297,2293,909,4001,1114,818,4268,763,4757,2254,3122,16.5,13.2
2023,3,1109.771,5,2,3,יהודים,יהודי,חילוני,,4,2,6,בבעלות,2,1,1,7,37425,33534,18593,2819,1917,3496,2402,42,998,429,3058,2417,1015,18.8,25.5
2023,3,350.426,3,2,,יהודים,יהודי,מסורתי,,4,2,5,בבעלות,2,2,1,8,37153,33657,20199,2042,299,3496,2888,2769,1060,854,644,2151,3996,17.3,11.6
2023,3,496.858,2,0,,יהודים,יהודי,חילוני,,3,3,3,,,1,1,2,7195,7195,4382,1174,345,176,289,993,329,490,150,330,107,4.0,34.7
2023,3,755.041,4,1,2,ערבים,דרוזי,מסורתי,,2,2,4,בבעלות,1,2,1,5,26447,23947,19732,2875,353,2500,1325,100,3951,653,1568,3917,2490,12.7,16.4
2023,3,1136.252,6,2,4,ערבים,מוסלמי,מסורתי,,2,2,4,בבעלות,,1,1,4,26653,24414,33495,17399,3246,2239,1816,67,3201,1197,3751,280,300,6.7,61.6
2023,3,576.400,7,3,2,יהודים,יהודי,חילוני,אחר,3,3,7,בבעלות,2,6,1,5,36127,32152,15913,2580,973,3975,1706,103,380,604,1203,4281,108,25.0,22.3
2023,3,613.865,4,2,2,יהודים,יהודי,דתי,,1,1,4,בבעלות,1,0,1,5,24049,20946,12992,952,0,3103,1437,0,375,579,150,3756,2640,23.9,7.3
2023,3,854.394,2,1,,יהודים,יהודי,חרדי,,1,1,3,בבעלות,1,1,2,3,10600,8975,6812,432,172,1696,893,108,234,163,40,2944,128,24.9,8.9
2023,3,440.379,3,1,,יהודים,יהודי,מסורתי,עירוני גדול,1,5,4.5,בבעלות,1,1,1,9,42990,35539,23001,1511,353,7701,763,0,0,8052,2027,1523,1071,33.5,8.1
2023,3,652.328,3,2,1,יהודים,יהודי,חילוני,אחר,2,2,5,בבעלות,2,2,1,10,54159,49841,29685,4571,864,4460,1819,2199,842,596,4514,9557,263,15.0,18.3
2023,2,561.319,2,2,,יהודים,יהודי,חילוני,אחר,5,4,6,בבעלות,2,3,1,9,34083,26713,32292,1121,1126,7540,1759,1021,770,703,1888,16364,0,23.3,7.0
2023,3,400.262,1,0,,יהודים,יהודי,מסורתי,,3,3,3,בבעלות,,0,2,5,10038,7349,6046,1720,828,2689,600,0,0,67,20,102,20,44.5,42.1
2023,3,825.028,1,0,,אחר,אחר,חילוני,,3,3,1.5,,,0,2,2,4826,4826,3336,1227,623,449,304,23,357,159,0,170,23,13.5,55.5
2023,3,395.612,3,1,1,יהודים,יהודי,חילוני,,4,2,4,,1,5,1,9,41627,41627,37538,1720,487,5501,1798,233,69,3024,402,21302,3002,14.7,5.9
2023,3,701.893,2,0,,יהודים,יהודי,לא ידוע,עירוני גדול,1,5,4,,,2,1,4,13817,13817,8581,2366,641,2743,903,93,0,762,100,544,430,32.0,35.0
2023,3,1246.313,4,3,1,אחר,אחר,חילוני,,4,3,4,,2,2,1,4,21841,21472,16636,3328,69,3401,645,558,950,439,494,6752,0,20.4,20.4
2023,3,813.074,4,1,2,יהודים,יהודי,מסורתי,,3,2,3,,2,2,2,1,11125,11125,21024,2614,584,3492,584,1336,1090,1542,3905,5315,562,16.6,15.2
2023,3,689.695,1,1,,יהודים,יהודי,חילוני,אחר,3,3,3.5,בבעלות,1,2,1,9,17574,14118,11285,2163,64,3244,834,2240,0,606,990,1092,51,28.7,19.7
2023,3,301.904,2,2,1,יהודים,יהודי,חילוני,אחר,3,3,4,בבעלות,2,3,1,9,28695,25499,17559,2695,0,3678,1515,2924,2287,826,1066,2276,293,20.9,15.3
2023,3,337.509,4,2,2,יהודים,יהודי,מסורתי,אחר,3,3,5,בבעלות,1,1,1,7,33968,29513,20641,2774,262,4626,1108,1147,0,313,5148,4928,335,22.4,14.7
2023,3,378.627,1,0,,יהודים,יהודי,חילוני,,3,3,2,,,1,1,2,4787,4787,5608,1734,260,499,197,227,300,1296,693,352,50,8.9,35.6
2023,3,1331.605,1,0,,יהודים,יהודי,חילוני,,3,3,1,,,0,2,1,3891,3891,3099,462,0,229,104,454,234,923,170,185,337,7.4,14.9
2023,3,313.008,1,0,,יהודים,יהודי,מסורתי,אחר,3,2,4,בבעלות,1,0,2,8,15310,11641,7093,397,132,3669,341,0,0,577,711,1266,0,51.7,7.5
2023,3,370.208,2,1,,יהודים,יהודי,חילוני,עירוני קטן,4,4,2,,1,0,1,8,26951,24917,19337,3991,398,2194,415,1567,0,318,2081,7429,944,11.3,22.7
2023,3,325.009,1,0,,יהודים,יהודי,חילוני,עירוני קטן,4,4,2,,,1,1,2,5176,5176,4871,1404,954,1333,125,76,258,324,61,337,0,27.4,48.4
2023,3,532.579,7,2,5,יהודים,יהודי,דתי,עירוני קטן,4,4,4,,,1,2,1,15992,15667,15132,1361,699,3141,732,1170,500,1007,3696,601,2224,20.8,13.6
2023,3,223.733,1,1,,יהודים,יהודי,חילוני,עירוני קטן,4,4,4,בבעלות,1,1,1,10,26863,23697,12365,433,0,5166,1592,770,40,1289,1395,1417,264,41.8,3.5
2023,3,640.781,1,0,,יהודים,יהודי,חילוני,,3,4,1.5,,,1,1,2,5632,5632,3903,734,150,2393,344,43,0,174,26,38,0,61.3,22.6
2023,3,1048.944,3,0,,אחר,מוסלמי,חילוני,,3,4,2,,,1,1,3,13429,13429,20568,5146,2695,698,6674,168,0,1689,150,167,3181,3.4,38.1
2023,3,919.783,1,1,,יהודים,יהודי,חילוני,כפרי,4,5,3,בבעלות,,0,1,10,24084,20372,8621,498,573,3814,930,340,780,394,964,267,61,44.2,12.4
2023,2,918.169,4,4,,יהודים,יהודי,חילוני,אחר,4,4,6,בבעלות,2,2,1,10,72320,59984,29553,1340,115,6483,1413,26,200,2440,376,16454,704,21.9,4.9
2023,3,1017.753,8,2,6,יהודים,יהודי,דתי,,1,5,3.5,,,2,1,2,24219,24219,18779,2860,147,3590,1098,373,740,897,6123,1758,1194,19.1,16.0
2023,2,984.546,9,1,7,יהודים,יהודי,חרדי,,1,5,5.5,בבעלות,,1,2,1,17576,11563,13952,2251,39,6013,763,630,1910,187,1602,406,151,43.1,16.4
2023,3,772.469,5,2,3,יהודים,יהודי,חרדי,,1,5,2.5,,1,2,1,2,14975,14975,10925,360,400,3092,800,88,870,1541,2161,582,1032,28.3,7.0
2023,3,2809.411,1,1,,יהודים,יהודי,חילוני,כפרי,4,5,2.5,בבעלות,1,2,1,10,22321,18654,13438,698,505,3667,654,0,0,104,260,7550,0,27.3,9.0
2023,3,1371.980,2,2,,יהודים,יהודי,חרדי,,1,5,3,בבעלות,,2,1,6,19054,15563,11666,2253,1040,3525,1111,548,0,374,684,1798,333,30.2,28.2
2023,3,829.302,5,2,3,יהודים,יהודי,מסורתי,,3,2,4,בבעלות,2,1,1,4,25861,21554,26951,6492,0,4307,2162,3804,1400,234,4586,3464,500,16.0,24.1
2023,2,734.781,4,2,2,יהודים,יהודי,חילוני,אחר,4,4,6,בבעלות,2,2,1,10,58216,51984,26871,4673,703,6301,2449,286,1704,2243,3677,4204,631,23.4,20.0
2023,3,630.196,5,4,1,יהודים,יהודי,מסורתי,אחר,4,4,6,בבעלות,2,1,1,5,28186,21954,29314,2356,578,6232,1817,100,703,559,5747,10498,723,21.3,10.0
2023,3,268.009,1,1,,יהודים,יהודי,חילוני,,3,3,4,בבעלות,,1,1,8,16114,13323,12167,3472,695,2791,959,701,518,1462,79,127,1362,22.9,34.2
2023,3,186.295,2,2,,יהודים,יהודי,חילוני,,4,3,5,בבעלות,2,1,1,10,39498,33239,35891,6138,1847,9669,2222,772,1897,2352,410,9351,1232,26.9,22.2
2023,3,354.871,2,0,,יהודים,יהודי,חילוני,עירוני גדול,1,5,4,בבעלות,1,1,1,8,27933,22803,12566,736,110,5238,936,1900,637,1114,984,911,0,41.7,6.7
2023,3,1126.297,1,1,,ערבים,מוסלמי,מסורתי,עירוני קטן,4,4,3,,,2,1,4,7854,7854,7295,0,0,2600,925,100,0,1,3267,402,0,35.6,0.0
2023,3,291.493,1,1,,יהודים,יהודי,חילוני,עירוני קטן,4,4,4,בבעלות,1,1,1,8,15224,12058,8513,1480,0,3242,940,90,0,396,158,1499,707,38.1,17.4
2023,3,522.872,2,1,,ערבים,דרוזי,מסורתי,,2,2,4,בבעלות,1,1,1,10,52504,50265,13070,1099,1463,2239,1784,736,800,0,429,3251,1269,17.1,19.6
2023,3,330.207,6,3,2,ערבים,דרוזי,מסורתי,,2,2,5,בבעלות,2,0,1,3,23555,21055,23970,3885,1449,2500,1588,3340,2700,623,4575,2819,491,10.4,22.3
2023,3,275.137,3,2,,ערבים,דרוזי,מסורתי,,2,2,3,בבעלות,1,1,1,7,29329,27298,16492,4142,1134,2031,1644,173,1000,1294,129,1837,3108,12.3,32.0
2023,3,131.256,1,0,,ערבים,נוצרי,חילוני,,2,2,3,בבעלות,,0,2,1,1837,-194,5216,974,260,2031,744,0,500,421,0,174,113,38.9,23.7
2023,3,165.840,2,0,,ערבים,מוסלמי,מסורתי,,2,2,3,בבעלות,1,1,2,2,7296,5265,28934,1407,1537,2031,2848,0,1500,1167,130,16133,2181,7.0,10.2
2023,3,313.008,1,0,,יהודים,יהודי,מסורתי,,1,1,3,בבעלות,,0,2,5,10439,8814,6272,2145,121,1625,519,1098,20,400,35,200,108,25.9,36.1
2023,3,351.366,1,0,,יהודים,יהודי,מסורתי,עירוני גדול,1,5,1,,,1,2,7,12821,12821,5928,116,0,3790,187,27,0,761,0,249,799,63.9,2.0
2023,3,595.628,2,1,,יהודים,יהודי,דתי,כפרי,3,4,4,בבעלות,2,1,2,7,23308,19803,19582,3945,2023,3505,2356,1608,0,1822,2952,813,557,17.9,30.5
2023,3,654.957,8,2,6,יהודים,יהודי,חרדי,,1,5,5,,1,3,1,4,34634,34634,40000,390,0,7149,4245,2037,3931,357,15492,2296,4104,17.9,1.0
2023,3,467.725,3,1,1,יהודים,יהודי,מסורתי,עירוני גדול,1,5,3,בבעלות,1,2,2,7,30306,26405,11382,741,405,3901,1554,60,650,281,1375,2416,0,34.3,10.1
2023,2,833.662,2,0,,יהודים,יהודי,חילוני,עירוני בינוני,4,5,3,בבעלות,1,1,1,6,18981,13751,16552,1969,695,5398,1070,248,1500,1109,481,3200,882,32.6,16.1
2023,2,482.997,2,2,,יהודים,יהודי,חילוני,עירוני בינוני,4,5,5,בבעלות,1,2,1,10,46946,36655,22432,3792,352,10442,1123,2886,0,1973,707,1110,47,46.5,18.5
2023,2,1610.417,2,1,,יהודים,יהודי,חילוני,עירוני בינוני,4,5,2.5,בבעלות,,1,1,7,21923,16693,11245,1484,602,5230,527,0,0,929,1244,436,792,46.5,18.6
2023,3,695.993,6,1,3,יהודים,יהודי,חרדי,,1,5,4,,,1,2,1,6979,6979,11903,1973,803,3989,972,239,187,851,1788,175,926,33.5,23.3
2023,3,327.309,6,4,2,יהודים,יהודי,דתי,עירוני גדול,1,5,4,,,5,1,3,24255,24255,16144,4800,889,6383,1518,504,251,250,617,653,280,39.5,35.2
2023,3,398.939,3,2,1,ערבים,מוסלמי,מסורתי,עירוני קטן,4,4,4,בבעלות,1,1,1,4,18052,14886,12460,2162,803,3292,775,273,500,1178,891,2252,333,26.4,23.8
2023,2,163.765,5,2,3,ערבים,נוצרי,דתי,,2,2,5,,1,2,1,3,20559,18059,19389,5760,0,3460,1247,150,0,1555,3522,3152,543,17.8,29.7
2023,3,993.703,7,6,,ערבים,נוצרי,מסורתי,,1,2,4,בבעלות,2,2,1,6,47238,44738,23480,2752,1997,2500,1994,772,1020,577,1812,7498,2557,10.6,20.2
2023,3,527.578,7,3,2,ערבים,נוצרי,מסורתי,,1,2,4,בבעלות,2,3,1,2,22844,20344,22880,755,221,2500,1286,100,570,2226,3639,10062,1519,10.9,4.3
2023,3,586.309,4,1,2,ערבים,נוצרי,מסורתי,,1,2,5,בבעלות,1,1,1,4,20464,17464,27071,6476,1997,3000,974,267,3301,175,3711,6796,374,11.1,31.3
2023,3,755.041,4,1,2,ערבים,נוצרי,מסורתי,,1,2,5,בבעלות,2,2,1,5,24663,21163,10327,2359,580,3500,1329,667,0,255,0,1637,0,33.9,28.5
2023,2,841.741,1,0,,יהודים,יהודי,חילוני,,3,3,4,בבעלות,1,0,2,8,17378,12558,12318,1353,340,4930,1200,88,0,514,2091,1197,606,40.0,13.7
2023,2,630.743,5,2,3,יהודים,יהודי,חילוני,,3,3,4,,2,1,2,3,19741,19741,16982,2352,426,5471,1123,83,732,1312,2904,2578,0,32.2,16.4
2023,2,115.505,3,3,,יהודים,יהודי,דתי,,3,3,5.5,בבעלות,1,3,1,9,37563,31426,29849,6801,2286,6205,1342,124,301,1302,144,11048,296,20.8,30.4
2023,2,1372.523,2,1,,יהודים,יהודי,חילוני,עירוני בינוני,4,5,4,בבעלות,,1,1,5,17098,9796,14030,2934,279,7302,1898,0,0,652,196,489,280,52.0,22.9
2023,3,915.528,2,2,,יהודים,יהודי,אחר,עירוני בינוני,4,5,2,,1,1,1,10,39132,37441,16855,2436,63,5001,757,217,1050,3558,1097,2633,43,29.7,14.8
2023,3,453.988,2,2,,יהודים,יהודי,לא ידוע,עירוני בינוני,4,5,4,בבעלות,1,2,1,10,71638,63318,46803,9849,1488,7506,6887,200,1230,8748,2843,7774,278,16.0,24.2
2023,3,573.678,2,1,,יהודים,יהודי,חילוני,,3,3,5,בבעלות,,0,1,5,16497,11622,12562,1850,494,4875,534,631,150,894,261,2850,23,38.8,18.7
2023,3,777.936,2,1,,יהודים,יהודי,חרדי,עירוני גדול,1,5,4,,,1,1,6,17969,17969,12813,1487,1022,3989,879,3334,260,381,0,961,500,31.1,19.6
2023,3,989.782,5,2,3,יהודים,יהודי,חילוני,אחר,5,4,5,בבעלות,2,3,1,8,46734,39364,22407,3171,396,7456,1877,60,1250,2363,4187,1188,461,33.3,15.9
2023,3,663.585,1,0,,יהודים,יהודי,חילוני,,4,3,3.5,בבעלות,1,1,1,10,44836,39771,12242,1611,404,5280,949,923,0,574,924,876,700,43.1,16.5
2023,3,425.804,3,2,1,יהודים,יהודי,חילוני,,4,3,3,,2,5,1,8,32247,32117,25157,4278,714,3989,1077,1191,1909,1664,6759,3314,262,15.9,19.8
2023,3,364.738,2,2,,יהודים,יהודי,חילוני,עירוני קטן,4,4,3,,1,3,1,9,29424,29424,16203,1537,0,3951,614,40,279,343,7045,1443,952,24.4,9.5
2023,3,710.509,2,2,1,יהודים,יהודי,מסורתי,עירוני קטן,4,4,2.5,,1,0,2,4,12670,12670,16678,346,433,2500,300,695,940,667,140,10356,300,15.0,4.7
2023,3,103.189,2,1,,ערבים,נוצרי,מסורתי,,1,2,3,בבעלות,,0,2,3,9961,7961,9914,554,606,2000,1589,1062,250,669,1298,1626,260,20.2,11.7
2023,3,548.315,4,1,2,ערבים,נוצרי,מסורתי,,1,2,4,בבעלות,1,0,1,1,10523,8023,14740,3112,0,2500,1488,67,470,1177,1501,3826,599,17.0,21.1
2023,3,576.846,4,1,2,ערבים,נוצרי,מסורתי,,1,2,4,בבעלות,,0,2,1,8029,5529,6226,853,528,2500,511,33,260,388,23,517,612,40.2,22.2
2023,3,144.623,4,2,,ערבים,נוצרי,מסורתי,,1,2,3,בבעלות,1,0,1,6,29107,27072,6496,1203,550,2035,693,108,100,775,0,836,195,31.3,27.0
2023,3,602.989,4,2,1,יהודים,יהודי,מסורתי,,1,1,4,,,0,2,3,15856,15856,8238,1567,349,3690,1625,20,0,131,313,110,433,44.8,23.3
2023,3,660.461,6,1,2,יהודים,יהודי,דתי,,1,1,4,,,2,1,1,11205,11205,12234,5995,832,2792,877,377,58,263,374,406,260,22.8,55.8
2023,3,306.541,1,0,,יהודים,יהודי,מסורתי,,1,1,4,בבעלות,,0,2,10,25837,22734,6242,783,197,3103,1127,0,290,586,118,39,0,49.7,15.7
2023,3,809.546,2,0,,יהודים,יהודי,חילוני,עירוני בינוני,4,5,3,בבעלות,1,2,1,3,9861,4631,30270,1338,1522,5303,3044,126,511,4549,1365,12096,417,17.5,9.4
2023,2,1365.756,2,1,,יהודים,יהודי,חילוני,כפרי,4,5,4,בבעלות,1,2,1,10,38728,32835,32732,2626,1411,6135,3622,267,3032,5865,1317,7706,749,18.7,12.3
2023,2,429.877,1,1,,יהודים,יהודי,חילוני,כפרי,4,5,5,בבעלות,1,4,1,9,18553,10039,18280,1014,225,8575,1084,434,1002,1227,905,3713,100,46.9,6.8
2023,3,3334.781,1,1,,יהודים,יהודי,חילוני,כפרי,4,5,1,,1,1,1,7,12757,11393,9505,1050,0,1364,184,60,140,604,3619,1919,564,14.4,11.0
2023,3,656.361,1,1,,יהודים,יהודי,חילוני,,3,4,4,בבעלות,1,1,1,8,16753,12685,12307,1549,603,4181,843,90,470,518,446,3607,0,34.0,17.5
2023,3,1396.329,4,2,2,יהודים,יהודי,חילוני,כפרי,4,5,4,בבעלות,1,2,1,8,44303,39742,21063,3092,0,4561,1450,234,1553,1047,2470,6278,377,21.7,14.7
2023,3,1045.262,4,2,2,יהודים,יהודי,חילוני,כפרי,4,5,5,,1,1,1,5,25198,25198,20274,1752,120,392,1532,933,1563,5488,6395,2078,20,1.9,9.2
2023,3,265.756,2,2,,יהודים,יהודי,מסורתי,,3,3,4,בבעלות,2,2,1,10,45369,39764,33372,2609,69,4098,1421,2646,1550,4524,10082,1292,5081,12.3,8.0
2023,3,468.095,3,2,1,יהודים,יהודי,חילוני,,3,3,3,בבעלות,1,3,1,7,27526,24837,18901,1623,0,2689,759,140,870,944,9670,2066,140,14.2,8.6
2023,3,1731.708,2,2,,יהודים,יהודי,חילוני,,3,4,3,,1,2,1,10,40927,40277,9479,1192,142,3989,517,73,0,83,30,2068,1384,42.1,14.1
2023,3,720.724,5,2,3,יהודים,יהודי,מסורתי,אחר,4,4,4,בבעלות,2,2,1,10,66595,61258,25896,6616,1749,4962,2184,270,69,1763,5944,1178,1164,19.2,32.3
2023,3,871.704,3,1,,יהודים,יהודי,חילוני,אחר,2,5,3,בבעלות,2,1,1,9,38286,35165,21143,6316,1299,3121,1345,409,1050,1969,1143,2074,2416,14.8,36.0
2023,3,1249.280,1,0,,יהודים,יהודי,מסורתי,אחר,2,5,3,בבעלות,,0,2,6,11181,8060,5938,461,0,3121,550,0,0,1405,280,120,0,52.6,7.8
2023,3,267.738,5,4,1,יהודים,יהודי,חילוני,,4,3,6,בבעלות,2,2,1,10,83623,76573,36817,3854,1629,6652,2831,3171,295,1281,3774,11932,1397,18.1,14.9
2023,3,343.435,8,2,4,ערבים,נוצרי,מסורתי,,1,2,4,,2,1,1,2,20377,18103,27040,2727,0,2274,761,401,3886,25,801,12751,3415,8.4,10.1
2023,3,217.027,3,2,1,ערבים,נוצרי,מסורתי,,1,2,3,בבעלות,1,0,2,3,13314,11014,10153,1342,182,2300,1066,100,0,233,1332,2060,1537,22.7,15.0
2023,3,580.269,4,3,,יהודים,יהודי,חילוני,,4,4,5,בבעלות,2,1,1,8,39513,32906,34841,1364,994,6717,2126,1825,2411,1206,3563,14507,127,19.3,6.8
2023,3,1404.684,2,1,,יהודים,יהודי,חילוני,,4,4,3,בבעלות,1,1,1,5,15599,11341,14599,3403,1071,4526,3384,207,0,858,603,472,75,31.0,30.6
2023,3,1466.981,5,4,,יהודים,יהודי,דתי,,4,4,5,בבעלות,,0,1,7,39685,33078,21374,4439,475,6708,738,238,1627,1338,1384,1175,3251,31.4,23.0
2023,3,1152.816,5,4,1,יהודים,יהודי,מסורתי,,4,4,6,בבעלות,2,3,1,9,53656,47049,35520,7180,55,6707,1862,577,2562,688,1234,12969,1685,18.9,20.4
2023,3,895.374,6,3,,יהודים,יהודי,מסורתי,,4,4,6,בבעלות,2,5,1,8,58783,52176,40771,2745,570,6882,2542,263,180,871,503,25710,507,16.9,8.1
2023,3,448.742,3,1,,ערבים,נוצרי,מסורתי,,1,2,4,בבעלות,1,1,1,4,16197,13654,8273,1063,998,2543,950,0,200,267,1019,1232,1,30.7,24.9
2023,3,268.071,4,0,2,ערבים,נוצרי,מסורתי,,1,2,4,בבעלות,1,1,1,6,30619,28119,38159,13005,3366,2500,3866,5125,2600,1812,751,3118,2015,6.6,42.9
2023,3,436.497,2,2,,יהודים,יהודי,חילוני,כפרי,4,5,1.5,,,1,1,4,12828,9164,11488,2793,226,3664,623,377,200,1973,665,576,390,31.9,26.3
2023,2,909.797,6,4,1,יהודים,יהודי,חילוני,כפרי,4,5,6,בבעלות,2,4,1,10,85250,76128,39791,5115,543,8700,4319,4625,149,3282,4528,8033,497,21.9,14.2
2023,2,773.711,4,2,2,יהודים,יהודי,מסורתי,אחר,4,4,3,בבעלות,2,2,1,5,26680,22696,13674,1762,695,3758,1738,1028,96,1769,1415,899,514,27.5,18.0
2023,2,1587.100,3,2,,יהודים,יהודי,חילוני,,3,3,6,בבעלות,1,1,1,7,28728,22591,29110,840,667,6137,1611,828,3006,2308,7297,3338,3076,21.1,5.2
2023,3,324.588,3,2,1,יהודים,יהודי,מסורתי,אחר,2,2,4,בבעלות,1,1,1,8,33868,30968,23610,364,152,2991,1823,790,2700,155,4502,6556,3575,12.7,2.2
2023,2,1481.818,3,1,2,יהודים,יהודי,מסורתי,,3,4,4,,,1,1,1,7407,7342,8308,1163,0,4001,967,281,0,870,196,329,502,48.2,14.0
2023,2,452.252,4,2,2,יהודים,יהודי,אחר,,3,3,3,,1,1,1,7,33560,32882,17361,4049,61,2800,1176,484,0,653,3018,4552,567,16.1,23.7
2023,2,986.223,3,1,2,יהודים,יהודי,מסורתי,,3,3,3,,1,1,2,1,3167,3167,11478,3736,188,2400,553,215,360,136,293,2906,691,20.9,34.2
2023,2,441.422,3,2,,יהודים,יהודי,חרדי,עירוני גדול,1,5,4,בבעלות,1,3,2,8,34038,28908,27009,5259,246,5130,1621,3488,1700,1648,460,4250,3207,19.0,20.4
2023,2,304.527,3,2,,יהודים,יהודי,חרדי,עירוני גדול,1,5,5,בבעלות,1,3,1,9,37278,29827,21322,2305,1435,7576,3384,353,0,1682,251,1827,2510,35.5,17.5
2023,3,365.342,3,2,1,יהודים,יהודי,מסורתי,כפרי,3,4,5,בבעלות,2,2,1,9,42176,37194,21346,2171,1515,4982,2791,290,1296,233,2028,5293,746,23.3,17.3
2023,3,582.270,2,1,1,יהודים,יהודי,חילוני,,3,3,5,בבעלות,1,1,1,6,18111,13236,20754,1920,912,4875,1283,71,990,1541,4278,1882,3003,23.5,13.6
2023,3,232.743,2,0,,יהודים,יהודי,חילוני,עירוני קטן,4,4,5,בבעלות,2,2,1,9,32404,27067,23824,1288,897,5470,1963,99,299,3462,3574,6253,520,23.0,9.2
2023,3,229.607,4,2,2,יהודים,יהודי,מסורתי,,4,1,7,,1,0,1,3,16235,16235,10737,2136,0,3989,562,0,0,402,1053,2546,50,37.2,19.9
2023,3,762.947,2,1,1,יהודים,יהודי,חילוני,אחר,5,5,4,,1,1,1,5,16611,16611,32434,2387,0,5886,1816,133,1300,2735,4961,13215,0,18.1,7.4
2023,3,611.433,4,4,,יהודים,יהודי,חילוני,אחר,5,5,4,בבעלות,2,2,1,8,38279,32320,20465,1671,2078,5959,1445,343,900,825,2089,2964,2190,29.1,18.3
2023,3,2575.915,4,2,1,יהודים,יהודי,חילוני,,3,4,4.5,,1,2,1,1,10122,10122,17039,3247,1818,4388,1123,0,0,271,64,6084,43,25.8,29.7
2023,3,554.645,7,2,5,יהודים,יהודי,דתי,,3,3,4,,,1,1,2,19638,19638,10709,2189,178,2400,935,240,40,488,3401,677,160,22.4,22.1
2023,3,366.241,2,1,1,אחר,אחר,חילוני,,3,3,4,בבעלות,1,1,1,4,13852,11061,9075,1759,700,2791,830,100,780,125,1241,748,0,30.8,27.1
2023,2,149.786,1,0,,יהודים,יהודי,חילוני,,3,3,3,בבעלות,,0,1,4,8750,6583,4202,660,81,2167,244,0,0,798,142,111,0,51.6,17.6
2023,3,588.958,4,2,2,יהודים,יהודי,חילוני,,4,2,5,בבעלות,2,3,1,9,53458,45368,22601,2824,610,5831,2982,712,4,199,6390,2657,392,25.8,15.2
2023,3,375.751,7,1,3,יהודים,יהודי,חרדי,עירוני גדול,1,5,5,,1,1,1,3,24730,24730,27326,8680,0,5385,1205,294,1400,548,6060,3254,498,19.7,31.8
2023,3,338.785,5,2,3,יהודים,יהודי,חרדי,עירוני גדול,1,5,4,בבעלות,,0,2,5,31413,26283,12233,1897,518,5130,1268,52,633,142,1461,460,671,41.9,19.7
2023,3,412.128,2,1,,יהודים,יהודי,חרדי,עירוני גדול,1,5,4,בבעלות,,0,2,7,21386,16256,7722,318,299,5130,868,0,0,703,104,142,158,66.4,8.0
2023,3,545.182,8,1,6,יהודים,יהודי,חרדי,עירוני גדול,1,5,4,,,0,2,1,3536,3536,15462,1385,0,5984,1821,967,0,431,801,3773,300,38.7,9.0
2023,3,717.825,3,1,,יהודים,יהודי,דתי,,1,2,3,בבעלות,,0,2,3,14084,12084,6347,1412,573,2000,1449,0,0,388,0,375,150,31.5,31.3
2023,3,600.322,6,2,4,יהודים,יהודי,דתי,,3,2,4,,2,3,1,5,33008,33008,41907,4735,0,4986,2053,350,2450,2947,13784,5847,4755,11.9,11.3
2023,3,559.398,3,2,,יהודים,יהודי,דתי,כפרי,3,4,4,בבעלות,1,2,1,8,36781,33276,19546,2244,603,3505,1455,0,0,1138,7719,1922,961,17.9,14.6
2023,3,701.764,1,0,,יהודים,יהודי,מסורתי,אחר,3,2,5,בבעלות,1,0,1,5,9520,5050,7692,342,344,4507,1159,30,0,169,584,557,0,58.6,8.9
2023,3,462.160,3,2,1,יהודים,יהודי,חילוני,אחר,3,2,3,,1,3,1,7,28298,27846,12754,1948,125,2850,2484,895,47,2534,110,1545,215,22.3,16.3
2023,3,310.348,9,4,3,יהודים,יהודי,חרדי,עירוני קטן,4,4,4,בבעלות,,1,1,3,32034,28868,19539,4709,1368,3224,2294,280,1516,764,3194,1608,581,16.5,31.1
2023,3,287.840,1,1,,יהודים,יהודי,חילוני,עירוני קטן,4,4,2.5,,1,1,1,8,16432,16432,7099,446,195,2393,652,0,718,277,707,1691,20,33.7,9.0
2023,3,580.001,1,0,,יהודים,יהודי,חילוני,,4,4,4,בבעלות,1,1,1,10,26869,22271,18869,1805,1018,4704,1192,71,450,2518,218,6761,131,24.9,15.0
2023,3,344.568,2,1,,יהודים,יהודי,חילוני,,4,4,5,בבעלות,2,3,1,10,35908,29164,17816,2667,461,6914,1604,346,479,2076,654,2284,330,38.8,17.6
2023,3,884.393,3,1,1,ערבים,דרוזי,מסורתי,,2,2,4,בבעלות,1,0,1,4,17540,15040,17407,727,693,2500,1907,487,1945,1781,2866,3831,672,14.4,8.2
2023,3,279.195,2,1,,ערבים,נוצרי,מסורתי,,1,2,3,בבעלות,1,1,1,3,10835,8835,11513,398,866,2000,661,47,400,2681,626,3470,364,17.4,11.0
2023,3,184.314,3,2,1,ערבים,נוצרי,מסורתי,,1,2,4,בבעלות,1,0,2,1,9090,6171,14788,3670,1753,2919,726,0,0,0,0,2932,2787,19.7,36.7
2023,3,683.696,5,2,3,ערבים,נוצרי,מסורתי,,1,2,5,בבעלות,1,1,2,3,20508,16508,18669,5470,290,4000,863,0,2100,350,1952,3124,519,21.4,30.9
2023,3,174.724,6,5,1,ערבים,נוצרי,מסורתי,,1,2,4,בבעלות,2,0,2,2,18358,15858,10965,532,2662,2500,2391,0,0,0,0,2880,0,22.8,29.1
2023,3,327.817,4,1,,ערבים,נוצרי,מסורתי,,1,2,3,בבעלות,,1,1,4,20035,17730,17571,5116,2385,2305,1045,352,2500,916,47,530,2376,13.1,42.7
2023,3,421.822,2,1,,ערבים,נוצרי,מסורתי,,1,2,3,בבעלות,2,1,1,4,12469,10469,23380,3969,0,2000,851,2465,2000,1448,718,6398,3530,8.6,17.0
2023,3,443.061,5,2,1,יהודים,יהודי,דתי,,4,4,5,,,1,1,6,36236,36236,21088,3562,1170,5286,3413,97,394,572,1693,2937,1965,25.1,22.4
2023,3,1123.618,3,2,1,יהודים,יהודי,מסורתי,,4,4,5,בבעלות,1,1,1,6,25542,18935,26005,2460,202,6673,313,263,3461,1174,4694,5234,1532,25.7,10.2
2023,3,1331.605,1,0,,יהודים,יהודי,חילוני,,3,3,3,בבעלות,,0,1,3,6121,3954,5564,569,211,2219,1010,60,0,1115,182,198,0,39.9,14.0
2023,3,660.581,7,1,5,יהודים,יהודי,חרדי,עירוני גדול,1,5,4,בבעלות,,1,2,2,17806,12676,17677,1616,1613,5130,1608,415,570,369,3601,720,2035,29.0,18.3
2023,3,519.963,4,1,3,ערבים,נוצרי,דתי,,3,2,4,בבעלות,1,4,1,3,18217,15417,12398,1561,1347,2800,823,645,259,147,2573,1071,1173,22.6,23.5
2023,2,258.349,2,0,,ערבים,נוצרי,דתי,,3,2,2,בבעלות,1,0,2,3,10855,9255,3839,184,145,1600,894,0,0,127,86,803,0,41.7,8.6
2023,3,255.201,5,2,3,ערבים,נוצרי,מסורתי,,2,2,4,בבעלות,2,2,1,4,24172,21372,44968,3418,941,2800,1297,399,8728,3511,616,10902,12354,6.2,9.7
2023,3,522.872,2,0,,ערבים,נוצרי,מסורתי,,2,2,4,בבעלות,1,1,1,7,20514,18643,14064,5683,0,1871,2347,667,400,1178,0,1618,300,13.3,40.4
2023,3,812.317,2,0,,יהודים,יהודי,חילוני,אחר,2,3,3,בבעלות,,2,1,3,10965,8250,8127,1731,346,2798,400,765,0,220,949,251,667,34.4,25.6
2023,3,1010.986,2,0,,יהודים,יהודי,דתי,כפרי,4,5,2.5,בבעלות,1,1,1,6,19525,15858,6917,743,252,3667,563,33,140,654,0,467,398,53.0,14.4
2023,3,1231.920,3,1,,יהודים,יהודי,דתי,,3,4,4,בבעלות,,0,1,5,22264,17726,21656,2115,1449,4682,3184,119,0,9273,232,216,386,21.6,16.5
2023,3,1283.371,3,1,,יהודים,יהודי,חילוני,,3,4,3,בבעלות,,1,1,5,21135,17529,9034,716,572,3606,563,1716,100,396,549,818,0,39.9,14.3
2023,3,283.729,4,2,,ערבים,נוצרי,מסורתי,,2,2,4,בבעלות,1,1,1,6,30852,28152,18913,3640,580,2700,2893,167,400,2178,0,6074,280,14.3,22.3
2023,3,346.346,6,3,2,ערבים,נוצרי,מסורתי,,2,2,4,,2,1,1,2,18017,15256,14785,1935,1796,2761,1115,0,210,810,200,5698,260,18.7,25.2
2023,3,294.646,6,1,4,ערבים,נוצרי,מסורתי,,2,2,4,,,1,2,1,5877,3116,14617,3545,177,2761,907,0,4401,0,0,316,2510,18.9,25.5
2023,3,148.031,2,1,,ערבים,נוצרי,מסורתי,,2,2,3,בבעלות,1,0,2,2,9029,7003,17002,3056,697,2026,1115,334,400,3821,167,3829,1558,11.9,22.1
2023,3,226.982,5,4,,ערבים,נוצרי,מסורתי,,2,2,4,בבעלות,2,1,2,5,28200,26329,18081,1415,1303,1871,1863,842,2564,1424,2217,3586,996,10.3,15.0
2023,3,511.269,5,2,3,ערבים,נוצרי,חילוני,,2,2,3,בבעלות,1,1,1,1,13178,11476,20550,3376,840,1702,592,1476,5286,319,757,5139,1065,8.3,20.5
2023,3,434.129,1,0,,ערבים,נוצרי,חרדי,,2,2,3,בבעלות,,0,2,3,6426,4724,6854,1498,718,1702,988,400,299,1019,0,40,190,24.8,32.3
2023,3,558.930,4,2,2,יהודים,יהודי,חילוני,,4,4,4,בבעלות,1,5,1,7,34209,28798,22500,692,490,5538,3448,1274,300,1815,2916,3646,2381,24.6,5.3
2023,3,464.290,5,2,3,יהודים,יהודי,חילוני,,4,4,4,,1,3,1,7,40934,40934,16049,1693,426,4687,1073,0,70,1320,4946,1412,422,29.2,13.2
2023,3,606.391,4,2,2,יהודים,יהודי,מסורתי,אחר,3,2,4,,,1,1,4,20456,20456,13294,1193,355,2892,1216,739,650,293,2361,2770,824,21.8,11.6
2023,3,423.553,1,0,,יהודים,יהודי,חילוני,עירוני קטן,4,4,5,בבעלות,1,1,1,10,39264,33927,18200,1572,302,5440,2934,129,0,1092,765,3846,2121,29.9,10.3
2023,3,382.923,5,2,3,יהודים,יהודי,מסורתי,,3,3,4,בבעלות,1,1,1,3,22607,19816,15196,3276,264,2862,1102,518,270,425,4136,2246,99,18.8,23.3
2023,3,394.090,6,1,4,יהודים,יהודי,חרדי,,3,3,4,בבעלות,1,1,2,1,12773,9982,19063,4778,186,2853,833,2826,160,758,3029,2689,951,15.0,26.0
2023,3,381.305,4,3,,יהודים,יהודי,מסורתי,,3,3,6,בבעלות,2,2,1,9,45319,41249,31071,2114,1627,4163,2699,188,0,1334,342,18460,144,13.4,12.0
2023,3,281.458,1,1,,יהודים,יהודי,דתי,עירוני גדול,1,5,7,בבעלות,1,2,1,10,37334,29883,20495,658,543,7531,2994,0,523,901,4194,2725,426,36.7,5.9
2023,3,377.173,6,2,4,יהודים,יהודי,דתי,,4,3,7,בבעלות,2,2,1,6,41895,37030,30409,6675,2346,5015,1336,1390,150,1678,4948,4072,2799,16.5,29.7
2023,3,543.935,10,1,8,יהודים,יהודי,חרדי,עירוני גדול,1,5,4,,,1,2,1,10392,10392,14359,852,649,4986,895,44,1177,2768,2007,689,291,34.7,10.5
2023,3,364.384,4,2,2,יהודים,יהודי,חילוני,,4,4,4,,2,2,1,7,32540,32540,26402,2613,1685,4986,1800,137,720,2602,8097,2979,782,18.9,16.3
2023,3,841.904,2,2,,יהודים,יהודי,מסורתי,,3,3,3,,1,1,1,2,8992,8992,10439,2562,567,2393,627,67,590,673,203,2475,282,22.9,30.0
2023,3,465.132,1,0,,יהודים,יהודי,מסורתי,עירוני גדול,1,5,2.5,,,0,2,1,3930,3930,2449,702,0,215,580,0,0,95,274,163,419,8.8,28.7
2023,3,463.315,9,2,7,יהודים,יהודי,חרדי,עירוני גדול,1,5,3,,,4,1,3,28853,28853,10651,1454,115,3491,614,10,350,2024,1673,921,0,32.8,14.7
2023,3,788.072,2,0,,יהודים,יהודי,מסורתי,אחר,2,3,3,בבעלות,1,0,2,2,7692,4977,10635,1225,132,2715,1851,83,1290,542,2098,597,101,25.5,12.8
2023,3,503.005,1,0,,יהודים,יהודי,דתי,כפרי,4,5,1,,,1,1,1,528,528,2072,463,0,0,1,0,0,535,870,202,0,0.0,22.3
2023,2,152.263,2,0,,יהודים,יהודי,מסורתי,,3,4,5,בבעלות,,0,2,2,9628,3628,11288,2395,989,6000,1011,0,0,464,0,25,403,53.2,30.0
2023,3,753.966,5,2,3,יהודים,יהודי,דתי,,4,5,4,,2,3,1,4,25915,23202,17596,960,565,5485,1860,30,0,1003,4010,3382,300,31.2,8.7
2023,3,268.076,6,3,3,יהודים,יהודי,חילוני,,4,3,8,בבעלות,2,6,1,9,63835,56361,56799,3274,962,7607,7431,70,4986,2729,9350,20359,30,13.4,7.5
2023,3,719.294,1,0,,יהודים,יהודי,חילוני,עירוני גדול,1,5,3,בבעלות,1,1,1,3,6140,2239,37841,2063,1335,3901,1970,476,0,1658,23545,1039,1853,10.3,9.0
2023,3,723.178,3,2,,יהודים,יהודי,דתי,עירוני גדול,1,5,3,,,3,1,1,7967,7967,11352,2093,0,6462,719,0,80,235,1347,390,25,56.9,18.4
2023,3,501.715,3,1,,יהודים,יהודי,חילוני,עירוני גדול,1,5,5,בבעלות,,1,1,10,49986,42535,39980,1487,938,7646,6703,100,0,21805,200,247,855,19.1,6.1
2023,3,336.485,6,1,4,יהודים,יהודי,מסורתי,עירוני קטן,4,4,4.5,בבעלות,2,4,1,5,32613,25015,35645,4263,451,5337,3523,486,199,2013,9314,7827,2232,15.0,13.2
2023,3,1222.174,3,3,,יהודים,יהודי,חילוני,,4,1,5,בבעלות,1,3,1,10,62835,58835,37497,2696,0,4126,3608,174,0,683,20934,4882,394,11.0,7.2
2023,3,359.980,1,1,,יהודים,יהודי,מסורתי,,4,3,3,,1,1,1,9,19020,19020,10699,868,0,3000,1223,70,0,391,2545,934,1667,28.0,8.1
2023,3,387.883,1,0,,יהודים,יהודי,חילוני,אחר,2,5,3,בבעלות,1,1,1,10,24029,20908,12392,440,231,3171,1019,60,0,1653,256,735,4827,25.6,5.4
2023,3,222.048,2,2,,יהודים,יהודי,דתי,,4,3,7,בבעלות,1,0,1,10,41106,34847,20438,2570,49,6387,2186,654,524,131,1426,6267,244,31.3,12.8
2023,3,1249.280,1,0,,יהודים,יהודי,מסורתי,כפרי,4,5,5,בבעלות,,1,1,6,11871,6274,7893,61,199,5597,1371,60,0,343,138,124,0,70.9,3.3
2023,3,481.381,5,3,3,יהודים,יהודי,מסורתי,,1,1,5,בבעלות,2,4,1,8,47106,41765,56317,4939,652,4788,1671,1275,8279,2569,3067,25917,3160,8.5,9.9
2023,3,342.803,1,1,,יהודים,יהודי,מסורתי,,1,1,4,בבעלות,1,0,2,5,9847,6744,21559,2048,1289,3203,1085,269,0,3280,428,9562,395,14.9,15.5
2023,3,280.116,3,1,,ערבים,מוסלמי,חילוני,,2,2,3,בבעלות,,0,2,1,9161,7459,12245,1969,974,1702,2018,0,768,745,1496,90,2483,13.9,24.0
2023,3,251.186,1,1,,ערבים,נוצרי,דתי,,2,2,3,בבעלות,1,0,1,7,13920,12218,18043,1117,1130,1702,5061,3923,1695,1039,0,1879,498,9.4,12.5
2023,3,504.900,7,4,2,יהודים,יהודי,מסורתי,,3,4,5,בבעלות,2,0,1,6,44596,38375,21721,3318,2040,6221,1875,1998,0,1418,3149,1622,80,28.6,24.7
2023,3,516.282,5,4,,ערבים,נוצרי,דתי,,2,2,4,בבעלות,1,2,1,7,40660,38160,29792,6447,744,2500,3218,83,549,3306,348,9310,3287,8.4,24.1
2023,3,131.256,1,0,,ערבים,נוצרי,מסורתי,,2,2,4,,1,0,2,1,3921,1471,6691,1078,312,2450,1173,0,39,366,0,486,788,36.6,20.8
2023,3,317.956,2,1,,יהודים,יהודי,חילוני,,4,4,3,בבעלות,2,1,1,8,23642,19106,25975,5510,1186,4757,1772,370,1010,1102,1946,8322,0,18.3,25.8
2023,3,765.034,5,2,,יהודים,יהודי,מסורתי,כפרי,4,5,5,בבעלות,2,5,1,9,62453,51490,39886,4102,730,11352,2964,2614,1745,3267,3881,8721,510,28.5,12.1
2023,3,618.216,2,0,,יהודים,יהודי,דתי,עירוני גדול,1,5,4,בבעלות,1,2,1,1,4936,-194,22609,1822,763,5130,1590,121,0,731,2000,10452,0,22.7,11.4
2023,3,421.462,4,2,1,יהודים,יהודי,חילוני,,4,3,3,בבעלות,2,1,1,7,32365,28754,15901,3693,1483,3239,514,228,350,1279,2673,2443,0,20.4,32.6
2023,3,362.528,4,2,2,יהודים,יהודי,חילוני,,4,3,5,בבעלות,2,3,1,8,44913,40048,25190,5596,335,4985,1373,1608,2250,753,2346,5945,0,19.8,23.5
2023,3,329.198,3,3,,אחר,אחר,חילוני,עירוני גדול,1,5,3.5,,2,3,1,7,29426,29144,14629,2662,1681,4488,894,103,700,1936,1084,835,245,30.7,29.7
2023,3,700.737,1,1,,יהודים,יהודי,חילוני,אחר,5,4,3,בבעלות,1,1,1,8,15647,10727,19856,2995,1703,5219,1194,2329,0,3380,380,1351,1306,26.3,23.7
2023,3,564.821,1,1,,יהודים,יהודי,דתי,עירוני גדול,1,5,2,,,1,1,1,2364,2364,3233,117,87,768,206,0,170,154,1078,135,518,23.8,6.3
2023,3,1080.620,1,1,,יהודים,יהודי,דתי,עירוני גדול,1,5,2,,,1,1,1,2678,2678,2329,271,74,1556,206,0,50,79,57,35,0,66.8,14.8
2023,3,955.759,1,1,,יהודים,יהודי,דתי,עירוני גדול,1,5,2,,,1,1,5,9297,9297,4292,53,51,1360,206,0,180,127,1310,345,661,31.7,2.4
2023,3,388.009,2,2,,אחר,מוסלמי,חילוני,עירוני קטן,4,4,3,בבעלות,2,1,1,6,19744,17924,27265,2737,2058,1820,841,134,1250,1867,646,15402,509,6.7,17.6
2023,3,280.877,5,2,3,יהודים,יהודי,חילוני,,4,4,4,בבעלות,2,2,1,8,46633,42035,55465,3588,272,4644,3169,354,2802,594,8757,24221,7063,8.4,7.0
2023,3,613.067,4,2,2,יהודים,יהודי,חרדי,,1,1,4,בבעלות,1,0,2,1,10640,7537,15589,2877,2578,3139,862,2001,0,165,1493,2187,288,20.1,35.0
2023,3,523.590,5,3,1,יהודים,יהודי,מסורתי,,1,1,4,בבעלות,2,2,1,6,34626,31523,23301,3746,1263,3103,2783,403,3301,66,2182,6067,387,13.3,21.5
2023,3,569.571,3,3,,יהודים,יהודי,אחר,,1,1,7.5,בבעלות,2,1,1,9,41572,36909,23894,4789,895,4663,1017,1366,1350,366,1169,7090,1189,19.5,23.8
2023,3,517.332,5,2,3,יהודים,יהודי,אחר,,1,1,3,בבעלות,2,1,1,4,23832,22207,38022,2493,516,1625,2415,2667,1979,643,5639,19557,489,4.3,7.9
2023,3,1195.990,1,1,,אחר,אחר,חילוני,,4,3,3,,,1,1,3,6403,6403,4597,618,227,2194,518,233,0,182,58,301,266,47.7,18.4
2023,3,474.909,2,2,,אחר,אחר,חילוני,,3,4,3,בבעלות,1,1,1,7,20512,16906,8836,1768,275,3606,752,95,90,283,1020,839,108,40.8,23.1
2023,3,247.787,6,1,2,יהודים,יהודי,חרדי,עירוני גדול,1,5,4,בבעלות,1,1,1,2,19606,14476,15919,3512,509,5130,1411,160,0,309,3543,795,550,32.2,25.3
2023,3,463.237,3,3,,יהודים,יהודי,חילוני,,3,3,4,בבעלות,2,1,1,10,52570,48020,12608,1221,179,4264,1473,216,198,1385,296,3180,196,33.8,11.1
2023,3,790.882,2,0,,יהודים,יהודי,דתי,,4,5,4,בבעלות,1,0,2,5,17106,12199,9446,492,783,4907,979,88,0,767,267,657,505,51.9,13.5
2023,3,308.926,2,1,1,יהודים,יהודי,חילוני,,4,2,4,בבעלות,1,2,1,8,26444,21933,27647,3736,1688,4511,2285,4957,2800,1175,2072,2738,1685,16.3,19.6
2023,3,662.528,3,1,1,יהודים,יהודי,חילוני,,4,2,3,בבעלות,1,1,1,5,22437,19256,15728,4550,382,3301,933,761,1157,1751,1198,1665,30,21.0,31.4
2023,3,663.456,2,2,,יהודים,יהודי,חילוני,,3,4,3,,2,1,1,7,20323,20323,19181,1484,0,3590,1042,933,0,56,120,11826,129,18.7,7.7
2023,3,274.579,2,2,,יהודים,יהודי,חילוני,,3,4,4,בבעלות,2,2,1,9,31796,27783,11363,404,424,4013,549,307,275,573,236,3589,992,35.3,7.3
2023,3,542.837,5,1,4,יהודים,יהודי,דתי,,3,2,4,,1,1,2,1,6434,6434,13277,1494,1509,2500,1046,3030,499,176,1794,1179,50,18.8,22.6
2023,3,1167.547,1,0,,יהודים,יהודי,מסורתי,אחר,4,5,1.5,,,1,1,4,7849,7849,11450,952,765,6654,482,34,0,794,195,1137,436,58.1,15.0
2023,3,313.605,2,0,,יהודים,יהודי,חילוני,אחר,3,2,7,בבעלות,1,1,1,5,16684,12214,29119,392,418,18930,1929,571,0,6001,170,632,75,65.0,2.8
2023,3,1010.754,1,0,,יהודים,יהודי,מסורתי,אחר,5,4,3,בבעלות,1,1,2,9,19379,14459,7801,1066,208,5048,806,0,0,0,200,473,0,64.7,16.3
2023,3,398.986,2,0,,יהודים,יהודי,חילוני,כפרי,3,4,4,בבעלות,1,1,1,6,17772,13856,12893,4302,1431,4041,1163,100,0,759,293,613,193,31.3,44.5
2023,3,553.485,6,4,1,יהודים,יהודי,חילוני,,4,4,7,בבעלות,2,10,2,10,89450,81842,38692,6200,533,7608,2978,257,2907,1290,2124,14529,267,19.7,17.4
2023,3,894.051,2,0,,יהודים,יהודי,דתי,,3,3,3,בבעלות,1,0,1,8,24331,20527,13128,4828,1989,3804,631,56,0,528,300,991,0,29.0,51.9
2023,3,241.864,1,1,,אחר,מוסלמי,חילוני,עירוני קטן,4,4,4,,,0,1,4,8989,8989,8766,1045,277,3601,889,77,0,1006,1159,554,159,41.1,15.1
2023,3,425.890,4,1,2,יהודים,יהודי,חרדי,עירוני גדול,1,5,2.5,,,1,1,2,14869,14869,11465,1245,238,4539,634,184,594,213,1561,1587,669,39.6,12.9
2023,3,1976.761,2,1,,יהודים,יהודי,דתי,,2,4,3,,1,2,1,2,7927,7927,17760,4020,329,2463,1165,0,553,6212,115,2578,324,13.9,24.5
2023,3,214.107,2,0,,ערבים,נוצרי,מסורתי,,2,2,3,בבעלות,1,0,2,4,13789,11323,23048,8649,2186,2466,2015,683,698,480,433,4760,679,10.7,47.0
2023,3,143.332,1,0,,ערבים,נוצרי,מסורתי,,2,2,2,בבעלות,,0,2,6,11347,9547,11214,3052,2854,1800,946,220,0,1698,0,30,614,16.1,52.7
2023,3,322.016,3,0,2,ערבים,נוצרי,מסורתי,,2,2,3,בבעלות,1,1,1,2,12608,10142,14682,1800,646,2466,838,655,0,1715,4927,1635,0,16.8,16.7
2023,3,131.256,1,0,,ערבים,נוצרי,מסורתי,,2,2,4,בבעלות,,0,2,1,2406,-194,5528,767,241,2600,597,43,0,603,0,73,603,47.0,18.2
2023,3,264.658,3,2,1,ערבים,נוצרי,מסורתי,,2,2,4,בבעלות,2,2,1,6,23235,20635,52386,5865,866,2600,2056,3674,2443,1542,3699,21417,8225,5.0,12.8
2023,3,548.720,6,2,4,ערבים,נוצרי,מסורתי,,2,2,5,בבעלות,2,1,1,4,26019,22019,32546,3367,2072,4000,1161,0,4503,3132,5268,8109,934,12.3,16.7
2023,3,547.897,3,1,,יהודים,יהודי,דתי,עירוני גדול,1,5,4,בבעלות,1,0,1,6,25041,19911,29084,2990,1712,5130,2012,974,2751,1379,2040,7297,2797,17.6,16.2
2023,3,1250.064,1,0,,יהודים,יהודי,חילוני,,3,4,1,,,0,2,1,3963,3963,3298,649,433,188,125,43,0,1347,349,35,130,5.7,32.8
2023,3,926.865,3,2,1,אחר,אחר,חילוני,עירוני בינוני,4,5,4,בבעלות,1,2,1,8,34317,27015,16736,3236,296,7368,3655,66,151,226,1127,169,441,44.0,21.1
2023,3,448.059,2,0,,יהודים,יהודי,חילוני,כפרי,3,4,2,בבעלות,,0,1,3,10123,7657,6789,808,650,2534,447,0,0,1377,168,806,0,37.3,21.5
2023,3,651.723,2,2,,יהודים,יהודי,חילוני,כפרי,3,4,2,בבעלות,1,1,1,3,11874,9408,7485,2097,82,2533,834,185,0,54,398,1302,0,33.8,29.1
2023,2,475.136,4,4,,יהודים,יהודי,דתי,,3,3,4,,1,0,1,6,29999,29999,7667,612,968,800,990,854,441,951,363,1265,424,10.4,20.6
2023,2,654.907,2,1,,יהודים,יהודי,חילוני,כפרי,4,5,5,בבעלות,1,1,1,8,26461,17947,29669,2911,1544,8803,1999,610,1256,1064,2565,8576,340,29.7,15.0
2023,2,378.627,1,0,,יהודים,יהודי,חילוני,,2,1,1,,,1,2,2,5482,5482,10559,1729,518,1000,139,445,1361,610,1154,1372,2230,9.5,21.3
2023,3,472.901,8,4,4,יהודים,יהודי,חילוני,,2,1,6,בבעלות,2,4,1,6,46979,42139,63116,5103,1531,4514,2167,1140,2056,3231,6491,35829,1053,7.2,10.5
2023,2,1512.153,2,2,,אחר,אחר,חילוני,,2,1,3,,1,1,1,4,12425,12425,7322,1135,399,2800,552,0,199,289,0,1413,534,38.2,21.0
2023,3,981.192,3,3,,יהודים,יהודי,מסורתי,,4,5,3,בבעלות,2,1,1,9,37761,32810,12642,2773,1082,3594,1216,550,0,964,261,1917,286,28.4,30.5
2023,3,465.264,4,2,2,יהודים,יהודי,חרדי,,3,4,4,בבעלות,,0,2,4,22123,17585,11651,1279,220,4538,1251,1075,0,386,1835,200,867,38.9,12.9
2023,3,319.040,4,2,2,יהודים,יהודי,חילוני,,3,4,5,,2,1,1,4,22286,22286,22805,2608,302,4501,1731,492,155,1328,5823,4433,1434,19.7,12.8
2023,3,692.363,3,2,1,יהודים,יהודי,דתי,עירוני גדול,1,5,3,,2,0,1,2,12740,12740,20511,340,70,3491,436,70,3211,754,5091,6460,587,17.0,2.0
2023,3,363.782,2,0,,ערבים,נוצרי,מסורתי,עירוני גדול,1,5,3,בבעלות,,0,2,2,7186,4511,10529,3106,477,2675,1124,250,1130,1088,0,167,511,25.4,34.0
2023,2,858.073,2,2,,יהודים,יהודי,חילוני,,3,2,3,,1,2,1,6,19861,19182,22021,5134,401,2113,439,2788,258,332,2052,6571,1932,9.6,25.1
2023,2,409.565,5,3,3,יהודים,יהודי,מסורתי,,3,2,4,,1,1,1,4,24152,24152,18745,6128,911,83,1696,488,1585,732,2139,1771,3213,0.4,37.6
2023,3,529.640,2,0,,יהודים,יהודי,חילוני,עירוני גדול,1,5,5,בבעלות,1,0,2,7,22068,14617,12100,1286,202,7451,1026,0,40,671,444,735,245,61.6,12.3
2023,3,989.857,4,2,2,יהודים,יהודי,חילוני,כפרי,4,5,3.5,,1,3,1,7,37423,37423,20703,1796,214,5955,1225,517,199,984,8200,1376,235,28.8,9.7
2023,3,199.544,1,1,,יהודים,יהודי,מסורתי,,4,3,3,בבעלות,1,0,1,7,12555,9975,5105,426,283,2580,510,0,0,536,217,554,0,50.5,13.9
2023,3,395.943,2,0,,יהודים,יהודי,חילוני,,4,3,4,בבעלות,1,2,1,4,12983,9294,10392,1459,426,3830,562,10,0,2797,125,1183,0,36.9,18.1
2023,3,398.156,2,2,,יהודים,יהודי,חילוני,,4,3,3,בבעלות,1,6,1,10,63858,61278,27268,6374,1524,2632,3372,2837,183,374,4095,5071,806,9.7,29.0
2023,3,812.317,2,1,,יהודים,יהודי,חילוני,אחר,2,3,3,בבעלות,,1,1,3,10726,8011,6810,1391,32,2819,193,285,349,559,668,208,307,41.4,20.9
2023,3,1053.026,2,1,1,יהודים,יהודי,חילוני,עירוני גדול,1,5,3,,1,2,1,10,46634,46634,21749,3459,0,4466,3582,533,798,735,2017,1326,4833,20.5,15.9
2023,2,1597.235,3,3,,יהודים,יהודי,חילוני,אחר,5,5,4,בבעלות,1,3,1,8,33751,27792,18984,1715,833,6103,3271,618,1140,1796,424,1875,1209,32.1,13.4
2023,3,3038.739,1,1,,יהודים,יהודי,לא ידוע,אחר,5,5,2,,1,2,1,4,9065,5508,6082,38,0,3623,412,0,0,88,20,1011,889,59.6,0.6
2023,3,1536.591,1,1,,יהודים,יהודי,מסורתי,,4,4,4,בבעלות,1,1,2,6,11192,5781,10273,1313,39,5411,906,65,0,0,1368,1133,39,52.7,13.2
2023,2,317.862,7,3,4,יהודים,יהודי,דתי,,3,3,5,בבעלות,1,1,1,5,39031,32894,40695,9767,4439,6341,3233,5201,914,1595,6683,1055,1469,15.6,34.9
2023,3,507.016,5,3,1,יהודים,יהודי,דתי,,4,5,6,בבעלות,2,4,1,9,54314,46698,25568,981,354,7769,4283,286,399,1826,5765,3722,183,30.4,5.2
2023,3,2572.215,1,1,,יהודים,יהודי,חילוני,עירוני בינוני,4,5,2,,1,1,1,9,20535,20209,11426,1253,280,5685,1100,0,0,545,360,618,1584,49.8,13.4
2023,3,1369.028,1,1,,יהודים,יהודי,מסורתי,עירוני בינוני,4,5,2.5,,1,1,1,3,6538,6538,7178,976,0,43,1141,0,7,2275,1511,871,356,0.6,13.6
2023,3,1033.299,1,1,,יהודים,יהודי,חילוני,עירוני בינוני,4,5,2,,1,0,1,8,16211,16116,12528,3386,12,3241,239,60,480,338,783,3788,201,25.9,27.1
2023,3,2748.135,1,1,,יהודים,יהודי,חילוני,עירוני בינוני,4,5,2,,1,1,1,4,8511,8511,11188,989,117,4986,1046,267,1000,1435,1034,253,60,44.6,9.9
2023,3,362.177,2,2,,יהודים,יהודי,מסורתי,,3,3,4,בבעלות,1,0,1,8,26378,22280,8895,824,329,4098,1132,95,300,1053,222,733,110,46.1,13.0
2023,3,555.225,1,0,,יהודים,יהודי,דתי,עירוני גדול,1,5,5,בבעלות,1,1,1,5,9872,2421,19665,3665,1681,8303,2474,0,0,505,1000,2038,0,42.2,27.2
2023,3,590.605,7,1,5,יהודים,יהודי,חרדי,עירוני גדול,1,5,3,,,4,1,2,20650,20650,21255,1186,395,4488,1218,1000,50,2274,3394,3632,3619,21.1,7.4
2023,3,674.874,2,1,,יהודים,יהודי,חילוני,עירוני קטן,4,4,4,,2,2,1,2,9286,9286,24044,1057,830,4785,1749,1292,1200,1333,1408,9582,807,19.9,7.8
2023,3,1241.261,3,2,1,יהודים,יהודי,חילוני,אחר,4,5,3,בבעלות,1,1,1,8,36971,32508,24962,4690,738,4505,1522,363,210,867,1814,9797,455,18.0,21.7
2023,3,571.650,2,1,,יהודים,יהודי,מסורתי,עירוני גדול,1,5,4,בבעלות,,1,1,9,28299,23169,10879,1285,1072,5130,486,0,150,1116,390,584,667,47.2,21.7
2023,3,732.670,3,2,1,יהודים,יהודי,חילוני,אחר,4,5,3.5,בבעלות,2,3,1,10,63426,56733,29535,5508,779,5563,1171,260,555,1060,6659,7536,445,18.8,21.3
2023,3,894.330,5,2,3,יהודים,יהודי,חילוני,אחר,4,5,5,בבעלות,1,4,1,7,39058,31681,30456,6399,1992,7545,1868,96,710,2407,4358,1211,3869,24.8,27.6
2023,3,895.974,2,2,,יהודים,יהודי,חילוני,אחר,3,2,3,,2,2,2,8,26065,26065,7602,416,0,3611,234,0,0,108,945,2288,0,47.5,5.5
2023,3,450.234,5,3,2,יהודים,יהודי,חילוני,כפרי,4,5,5,בבעלות,2,4,1,7,39594,33997,34984,2439,1258,5721,1310,127,1496,882,7384,14368,0,16.4,10.6
2023,3,840.069,2,0,,יהודים,יהודי,מסורתי,כפרי,4,5,4,בבעלות,1,1,1,7,21733,16961,10845,1824,431,4942,1566,48,107,676,664,587,0,45.6,20.8
2023,3,465.654,4,1,2,יהודים,יהודי,חילוני,אחר,3,1,3,,1,2,1,3,16856,16856,13029,2763,936,3790,1426,0,249,241,2254,585,785,29.1,28.4
2023,3,341.961,3,0,1,יהודים,יהודי,חילוני,אחר,3,1,5,בבעלות,1,1,1,6,26397,19508,29077,2202,1046,7083,1743,167,399,410,2089,13727,212,24.4,11.2
2023,3,495.146,5,2,3,יהודים,יהודי,חילוני,עירוני גדול,1,5,4,בבעלות,2,1,1,8,44542,39412,26702,6225,0,5130,1050,227,3141,1684,4934,3787,524,19.2,23.3
2023,3,216.361,10,1,6,יהודים,יהודי,חרדי,אחר,1,4,4,בבעלות,,1,2,1,14106,10227,16318,1959,647,3879,916,505,1197,530,4279,608,1799,23.8,16.0
2023,3,980.047,2,0,,יהודים,יהודי,מסורתי,,3,4,2,,,1,1,1,6025,6025,10422,3511,1366,298,667,598,249,393,40,3065,235,2.9,46.8
2023,3,406.373,6,2,4,יהודים,יהודי,חרדי,אחר,2,3,4,בבעלות,2,3,1,4,28556,25128,28712,4398,953,3530,2431,286,918,712,2475,10754,2254,12.3,18.6
2023,3,2010.896,10,2,7,ערבים,נוצרי,מסורתי,,1,2,6,בבעלות,,1,2,1,14860,11860,20113,3390,968,3000,1992,760,3441,300,3148,2662,451,14.9,21.7
2023,3,382.372,5,2,3,יהודים,יהודי,חילוני,,3,3,6,בבעלות,2,2,1,7,38946,34071,20459,3575,0,5115,2004,160,2593,1157,4086,1260,509,25.0,17.5
2023,3,226.997,3,2,1,יהודים,יהודי,חילוני,עירוני קטן,4,4,4,בבעלות,2,2,1,4,16118,12952,18034,1635,472,3215,2598,1329,951,150,1714,5289,682,17.8,11.7
2023,3,466.351,9,1,7,יהודים,יהודי,חרדי,,3,4,6,בבעלות,1,0,2,2,25605,19384,12998,1965,841,6221,597,150,324,241,2098,404,156,47.9,21.6
2023,3,1156.267,1,0,,יהודים,יהודי,דתי,עירוני גדול,1,5,2,,,1,1,1,528,528,1332,188,108,1,165,0,0,618,0,251,0,0.1,22.2
2023,3,349.507,3,1,,יהודים,יהודי,חילוני,,4,3,5,בבעלות,1,4,1,8,34550,29589,23970,4282,1329,5011,1266,285,0,5117,763,5000,917,20.9,23.4
2023,3,214.214,3,1,,ערבים,נוצרי,מסורתי,,2,2,4,בבעלות,1,0,2,5,20802,18102,11706,2456,1378,2700,783,0,598,500,342,1910,1039,23.1,32.8
2023,3,214.107,2,0,,ערבים,נוצרי,מסורתי,,2,2,3,בבעלות,,0,2,3,11872,9406,14464,6518,1165,2466,1499,286,199,1056,250,80,946,17.0,53.1
2023,3,228.963,2,1,,יהודים,יהודי,חילוני,עירוני גדול,1,5,3,,,0,2,9,32079,32079,13242,3575,604,2978,1145,644,0,323,240,410,3324,22.5,31.6
2023,3,180.442,1,1,,יהודים,יהודי,מסורתי,עירוני גדול,1,5,3,בבעלות,1,1,1,9,19255,15354,25477,1392,400,3901,1178,233,0,1426,310,1146,15492,15.3,7.0
2023,3,375.670,3,3,,יהודים,יהודי,חילוני,עירוני גדול,1,5,5,בבעלות,2,2,1,9,42829,35378,41415,7808,71,7570,3581,133,0,1709,1115,16581,2847,18.3,19.0
2023,3,434.129,1,0,,ערבים,נוצרי,מסורתי,,2,2,3,בבעלות,,0,2,3,7550,5084,10580,3351,1594,2466,1743,502,299,70,0,146,409,23.3,46.7
2023,2,1141.697,7,2,5,ערבים,נוצרי,מסורתי,,1,2,4,בבעלות,,0,2,1,11026,7826,14219,4881,973,3200,1314,0,560,507,2582,202,0,22.5,41.2
2023,3,700.286,4,2,2,יהודים,יהודי,חילוני,עירוני בינוני,4,5,4,,1,3,1,10,66109,64587,29929,4141,436,9285,3322,2074,150,730,9213,578,0,31.0,15.3
2023,3,2717.427,1,1,,יהודים,יהודי,חילוני,עירוני בינוני,4,5,1,,,2,1,10,29373,29001,8554,3633,46,3291,505,117,0,164,664,134,0,38.5,43.0
2023,3,1154.554,4,3,1,יהודים,יהודי,חילוני,אחר,4,5,7,בבעלות,2,2,1,10,62209,54832,39730,5474,1094,7666,3635,3701,984,2079,9823,2988,2286,19.3,16.5
2023,2,1027.107,7,2,5,ערבים,נוצרי,מסורתי,,1,2,6,,1,1,1,2,22734,18734,21012,7752,1172,4000,2004,0,1300,651,402,3080,651,19.0,42.5
2023,2,5625.582,2,1,,ערבים,נוצרי,מסורתי,,1,2,3,בבעלות,,0,2,4,12896,10476,13744,4145,2192,2420,1219,130,0,0,1874,1503,260,17.6,46.1
2023,3,741.313,9,4,3,ערבים,נוצרי,אחר,,1,2,6,בבעלות,,1,1,2,21246,19046,27188,3950,1693,3703,6211,1069,521,4542,1701,3279,520,13.6,20.8
2023,2,399.904,9,0,5,ערבים,נוצרי,מסורתי,,1,2,6,בבעלות,,1,2,1,2221,-779,7935,2808,0,3000,892,0,120,217,602,200,95,37.8,35.4
2023,3,354.596,1,0,,ערבים,נוצרי,דתי,,1,3,1,בבעלות,,0,2,3,7389,6198,15589,3581,0,1191,508,334,1350,2931,0,350,5343,7.6,23.0
2023,2,206.085,3,2,,ערבים,נוצרי,דתי,,1,3,3,בבעלות,2,1,1,1,7629,5192,10337,2270,1715,1830,873,152,0,1098,151,2061,187,17.7,38.6
2023,3,129.124,4,1,2,ערבים,נוצרי,דתי,,1,3,3,בבעלות,1,2,1,4,20345,18515,19263,6607,599,2001,1001,52,900,790,2181,3394,1738,10.4,37.4
2023,3,221.232,3,1,,יהודים,יהודי,מסורתי,עירוני גדול,1,5,4,בבעלות,1,2,1,10,69554,64424,37411,4139,1159,5561,3694,1290,878,6399,4033,9307,952,14.9,14.2
2023,3,306.363,1,0,,יהודים,יהודי,חילוני,,4,4,3,בבעלות,1,0,1,5,10456,7029,10310,866,0,3427,728,352,140,1446,333,3019,0,33.2,8.4
2023,3,151.876,3,1,,ערבים,נוצרי,מסורתי,,1,2,3,בבעלות,2,0,1,3,13418,11318,18487,4913,2207,2100,1221,240,110,433,858,5430,974,11.4,38.5
2023,3,1402.310,3,1,2,יהודים,יהודי,מסורתי,אחר,3,3,3,,,1,1,3,15567,15567,11050,3026,473,2164,1409,259,1914,644,107,499,557,19.6,31.7
2023,3,545.247,4,2,2,יהודים,יהודי,דתי,,1,1,3,,1,2,2,1,8000,8000,11303,1419,257,1,409,313,1948,1630,2885,1392,1050,0.0,14.8
2023,3,333.444,2,1,,יהודים,יהודי,חילוני,,1,1,5,בבעלות,2,0,1,10,36760,32097,17844,3317,914,4835,1663,153,1476,1511,1177,2583,216,27.1,23.7
2023,3,568.324,1,0,,יהודים,יהודי,חילוני,,3,1,5,בבעלות,,0,1,4,9106,4642,9018,747,346,4464,1300,366,120,409,965,134,166,49.5,12.1
2023,3,774.133,3,2,,יהודים,יהודי,חילוני,אחר,3,1,5,בבעלות,1,3,1,9,39601,32712,20401,2903,1666,6957,1333,0,0,2344,561,4368,271,34.1,22.4
2023,3,205.034,1,0,,ערבים,נוצרי,מסורתי,,2,2,3,בבעלות,1,0,2,2,5122,2656,14953,4294,806,2466,1546,0,638,1666,0,360,3177,16.5,34.1
2023,3,270.268,6,2,2,ערבים,נוצרי,מסורתי,,2,2,4,בבעלות,1,1,1,3,23750,21879,27935,5397,2231,1871,2184,215,2643,1220,1335,9834,1004,6.7,27.3
2023,3,404.421,6,3,3,ערבים,נוצרי,מסורתי,,2,2,4,בבעלות,1,1,1,3,23502,21631,17574,4030,1082,1871,1893,390,4677,319,1082,1934,297,10.6,29.1
2023,3,323.283,2,0,,יהודים,יהודי,דתי,עירוני גדול,1,5,4,בבעלות,,0,1,9,28132,23002,16417,615,200,5809,1304,54,0,1083,2798,199,4355,35.4,5.0
2023,3,351.565,3,2,,יהודים,יהודי,מסורתי,עירוני גדול,1,5,2,,,0,2,4,18910,18910,10396,3658,845,596,3642,0,0,515,263,362,516,5.7,43.3
2023,3,162.831,4,2,2,יהודים,יהודי,מסורתי,עירוני גדול,1,5,4,בבעלות,2,3,1,7,33507,28377,16920,2598,958,5130,1193,360,698,2089,2320,1465,108,30.3,21.0
2023,3,1013.938,2,2,,יהודים,יהודי,דתי,אחר,2,2,3,,1,1,1,4,14289,14289,11870,2316,0,2600,821,123,1824,134,421,1719,1911,21.9,19.5
2023,3,181.887,2,2,,ערבים,נוצרי,מסורתי,,2,2,5,בבעלות,1,0,2,2,8415,5415,10688,1327,594,3000,1567,306,0,215,0,3679,0,28.1,18.0
2023,2,3542.713,6,1,4,ערבים,נוצרי,דתי,,1,2,3,,,0,2,2,18350,16550,8419,655,234,1800,1024,0,90,346,836,90,3344,21.4,10.6
2023,3,848.315,12,1,7,ערבים,נוצרי,דתי,,1,2,3,בבעלות,1,0,1,1,16829,14829,17051,5683,2662,2000,1483,0,220,308,2577,937,1182,11.7,48.9
2023,3,136.511,1,0,,ערבים,נוצרי,דתי,,1,2,1,בבעלות,,0,2,1,1376,-194,4476,1073,329,1570,665,0,0,116,0,0,723,35.1,31.3
2023,1,103.622,3,1,,ערבים,נוצרי,דתי,,1,2,3,בבעלות,,0,2,2,9745,7909,10699,2818,1201,1836,1987,0,0,2240,0,618,0,17.2,37.6
2023,2,222.557,5,0,4,ערבים,נוצרי,דתי,,1,2,3,בבעלות,,0,1,1,1639,-197,6611,1744,723,1836,1121,0,0,0,406,274,507,27.8,37.3
2023,2,508.325,5,4,2,ערבים,נוצרי,דתי,,2,4,5,בבעלות,1,1,1,4,25263,22763,18333,2426,512,2500,3112,1543,1704,5,1874,3050,1608,13.6,16.0
2023,3,276.251,2,1,,יהודים,יהודי,חילוני,,4,4,5,בבעלות,2,2,1,10,46214,38606,22663,2418,1325,7820,1665,0,156,3483,2400,2864,531,34.5,16.5
2023,2,519.269,4,3,,ערבים,מוסלמי,חילוני,עירוני קטן,4,4,3,בבעלות,2,2,1,7,36985,35165,13161,2143,867,1820,1209,476,936,1722,1025,2881,82,13.8,22.9
2023,3,2748.135,1,1,,יהודים,יהודי,חילוני,עירוני בינוני,4,5,2,,1,1,2,3,6959,6959,14074,2521,895,4397,100,7,388,2609,542,2054,563,31.2,24.3
2023,3,219.869,2,2,,יהודים,יהודי,חילוני,עירוני קטן,4,4,5,בבעלות,2,1,1,9,33831,28494,38072,4506,924,5493,2756,469,970,1789,400,20658,107,14.4,14.3
2023,3,159.657,1,1,,יהודים,יהודי,מסורתי,עירוני קטן,4,4,5,בבעלות,1,2,1,10,30537,25200,15720,1856,456,5490,1228,0,1117,2505,779,2011,277,34.9,14.7
2023,3,323.607,2,2,,יהודים,יהודי,מסורתי,,3,4,5,בבעלות,2,2,1,9,32030,25809,16746,2017,1026,6221,1260,90,0,1464,685,3892,90,37.1,18.2
2023,3,385.519,5,3,3,יהודים,יהודי,מסורתי,,3,4,4,בבעלות,,2,1,6,34206,29668,21176,4943,1382,4663,2528,522,1900,347,1171,1100,2618,22.0,29.9
2023,3,250.319,2,1,,יהודים,יהודי,מסורתי,,3,3,4,בבעלות,1,1,1,10,61130,58339,12479,1652,112,2791,1409,377,450,580,1615,3274,216,22.4,14.1
2023,3,579.278,4,3,1,יהודים,יהודי,חילוני,,3,3,4,בבעלות,1,2,1,6,29059,26268,10712,2625,869,2859,1398,150,0,360,1114,1168,169,26.7,32.6
2023,3,673.629,7,4,,ערבים,נוצרי,מסורתי,,1,3,2,בבעלות,2,1,1,7,48947,47247,40718,10756,4740,1700,2230,2966,1882,1477,4437,2934,7596,4.2,38.1
2023,3,327.202,2,1,,ערבים,נוצרי,מסורתי,,1,3,3,בבעלות,1,0,2,6,18534,16704,22144,3744,411,1830,1672,0,0,115,0,14372,0,8.3,18.8
2023,3,446.473,4,2,,ערבים,נוצרי,מסורתי,,1,3,4,בבעלות,1,0,1,6,29919,28214,52533,28245,473,1705,1761,197,4351,1856,333,11419,2193,3.2,54.7
2023,3,170.790,2,1,1,ערבים,נוצרי,מסורתי,,1,3,3,,,0,2,4,12405,12405,23645,7544,1571,2300,2119,2945,1302,224,1347,200,4091,9.7,38.5
2023,3,1087.677,3,2,,יהודים,יהודי,חילוני,כפרי,4,5,3.5,בבעלות,1,3,1,8,33340,28779,13895,2272,1443,4561,1410,82,0,349,373,1805,1599,32.8,26.7
2023,3,600.078,1,0,,יהודים,יהודי,חילוני,,3,3,3,בבעלות,,0,2,2,4661,2494,4579,933,146,2167,964,56,0,58,0,160,95,47.3,23.6
2023,3,759.365,4,3,,יהודים,יהודי,דתי,,4,4,6,בבעלות,1,1,1,8,42793,36186,25805,2000,563,6799,1709,1974,878,6901,1810,2743,429,26.3,9.9
2023,3,778.596,6,2,3,ערבים,נוצרי,מסורתי,,1,1,5,בבעלות,,2,1,6,37764,34698,42801,7524,65,3066,4412,1531,598,418,16407,7153,1628,7.2,17.7
2023,3,377.876,9,5,4,ערבים,נוצרי,מסורתי,,1,1,4,בבעלות,,1,1,3,30506,28006,12700,2662,1242,2500,1934,167,898,0,3098,200,0,19.7,30.7
2023,3,201.843,4,1,,ערבים,נוצרי,מסורתי,,1,1,5,בבעלות,,0,2,1,7976,4976,14131,3584,783,3000,1478,108,598,1845,169,1649,917,21.2,30.9
2023,3,17.331,4,2,,ערבים,נוצרי,דתי,,1,1,4,בבעלות,1,1,2,2,13230,10730,17254,1666,901,2500,1528,323,3291,2998,1199,2313,535,14.5,14.9
2023,3,10.000,2,0,,ערבים,נוצרי,דתי,,1,1,3,בבעלות,,0,2,1,1664,-388,6581,2095,706,2052,1157,130,0,117,0,43,281,31.2,42.6
2023,3,1001.652,5,3,1,יהודים,יהודי,חילוני,,5,4,6,בבעלות,2,5,1,9,59802,52649,19305,2362,1608,6000,2396,33,399,1906,853,3570,177,31.1,20.6
2023,3,412.827,2,2,,ערבים,נוצרי,חילוני,,2,2,3,בבעלות,1,1,1,9,29674,27972,30040,1597,325,1702,6117,0,2144,1680,6271,9407,797,5.7,6.4
2023,3,466.550,4,1,2,ערבים,נוצרי,מסורתי,,2,2,4,,2,1,1,4,20128,18257,28609,4326,1865,1871,1656,146,4548,452,8369,3526,1851,6.5,21.6
2023,3,360.505,4,2,2,יהודים,יהודי,חרדי,עירוני גדול,1,5,4,בבעלות,2,0,1,5,24181,19051,25972,6332,2154,5130,1091,35,588,312,2359,7311,660,19.8,32.7
2023,3,660.175,4,2,2,יהודים,יהודי,מסורתי,עירוני גדול,1,5,3,,1,1,1,4,20197,20197,15516,714,0,3722,893,840,3023,797,3732,1229,565,24.0,4.6
2023,3,470.966,1,0,,יהודים,יהודי,מסורתי,עירוני גדול,1,5,5,בבעלות,1,1,1,9,21331,13880,12258,1552,0,7552,1165,160,60,377,412,651,330,61.6,12.7
2023,3,189.960,1,0,,יהודים,יהודי,חילוני,עירוני גדול,1,5,4.5,בבעלות,1,3,1,8,16921,9470,14610,4695,0,7559,992,0,0,717,126,521,0,51.7,32.1
2023,3,256.330,3,2,,ערבים,נוצרי,דתי,,1,2,5,בבעלות,,0,2,2,11493,8493,17076,3917,2402,3000,3329,470,1500,867,701,891,0,17.6,37.0
2023,3,2368.087,8,1,6,ערבים,נוצרי,מסורתי,,1,2,4,בבעלות,1,0,2,1,7467,5467,16650,5055,779,2000,1480,17,2220,711,1041,2480,866,12.0,35.0
2023,3,2942.343,2,2,,אחר,מוסלמי,לא ידוע,עירוני בינוני,4,5,3.5,,,0,1,8,27755,27496,23224,4501,1298,6948,3294,0,878,256,3569,480,2000,29.9,25.0
2023,3,688.047,1,0,,יהודים,יהודי,מסורתי,עירוני בינוני,4,5,3,,,1,1,5,9392,4262,8823,466,165,5291,565,99,208,904,469,154,501,60.0,7.2
2023,3,2717.427,1,1,,יהודים,יהודי,חילוני,עירוני בינוני,4,5,2,,,1,1,2,5693,5693,5374,1060,462,2403,392,0,0,1,744,311,0,44.7,28.3
2023,3,1411.988,1,1,,יהודים,יהודי,חילוני,עירוני בינוני,4,5,2,,1,1,1,2,5225,5225,10999,1375,77,4268,591,60,199,1561,1272,1458,138,38.8,13.2
2023,3,390.814,12,2,8,יהודים,יהודי,חרדי,,2,1,7,בבעלות,,0,2,1,12152,7638,26475,6210,1992,4514,3326,1681,1127,1951,3709,1470,497,17.1,31.0
2023,3,350.506,2,2,,יהודים,יהודי,חילוני,,5,5,6,בבעלות,2,3,1,10,120002,94249,66564,3884,0,26346,3128,1273,0,2049,964,28068,853,39.6,5.8
2023,3,307.807,4,2,2,יהודים,יהודי,חילוני,,3,3,5,בבעלות,1,3,1,10,68020,63145,18153,2203,0,4875,1198,0,0,731,2630,6094,422,26.9,12.1
2023,3,444.762,3,2,1,יהודים,יהודי,חילוני,,3,3,3,בבעלות,2,2,1,9,38959,36270,23120,4841,209,2739,4911,188,0,236,3438,6398,160,11.8,21.8
2023,3,1897.285,2,2,,יהודים,יהודי,חילוני,כפרי,4,5,2,,,3,1,6,19391,19391,8444,1274,380,3672,819,0,399,1358,179,256,107,43.5,19.6
2023,3,524.458,5,2,3,יהודים,יהודי,חילוני,,3,3,4,בבעלות,1,3,1,5,31570,28779,22193,4550,1298,2791,1387,715,650,417,6287,3945,152,12.6,26.4
2023,3,604.382,3,2,1,יהודים,יהודי,חילוני,,3,3,4,,2,1,1,6,24515,23159,24876,2177,909,4466,1648,233,1795,696,3652,9162,136,18.0,12.4
2023,3,286.195,4,2,1,יהודים,יהודי,מסורתי,,3,3,5,בבעלות,1,1,1,3,18919,14849,16514,1274,477,4270,2250,0,0,777,329,4108,3028,25.9,10.6
2023,3,542.624,5,2,2,יהודים,יהודי,חילוני,,3,3,6,בבעלות,2,5,1,9,55541,50793,36264,13231,0,4070,1511,288,1528,2423,8378,2114,2721,11.2,36.5
2023,3,631.209,2,2,,אחר,אחר,חילוני,,3,2,4,,2,1,1,9,31551,31551,15022,2117,1454,2493,486,130,1230,532,2403,3008,1169,16.6,23.8
2023,3,496.152,5,0,4,יהודים,יהודי,חילוני,,3,2,5,,,0,1,3,20470,16429,18370,5879,1169,4041,679,267,2500,134,2397,637,667,22.0,38.4
2023,3,361.871,4,1,3,יהודים,יהודי,חילוני,,3,2,5,בבעלות,1,3,1,5,26597,21991,12949,2238,512,4041,1205,703,290,1518,1179,697,565,31.2,21.2
2023,3,442.281,4,2,2,יהודים,יהודי,חילוני,,3,2,5,בבעלות,1,2,1,4,21941,17900,23645,4798,726,4041,1236,2663,1500,736,3864,2986,1095,17.1,23.4
2023,3,1092.260,2,0,,יהודים,יהודי,חילוני,,3,2,4,בבעלות,1,0,2,2,9442,6216,11222,3892,589,3226,448,0,220,170,1537,1140,0,28.7,39.9
2023,2,1587.109,2,1,,יהודים,יהודי,אחר,,3,2,3,בבעלות,,0,1,5,17116,14645,12063,3370,976,2471,3296,20,0,841,256,155,677,20.5,36.0
2023,3,302.102,5,2,1,ערבים,נוצרי,מסורתי,,2,3,4,בבעלות,1,1,1,4,23058,20314,19444,3386,1460,2744,2007,0,698,170,5167,3377,435,14.1,24.9
2023,3,434.129,1,0,,ערבים,דרוזי,דתי,,2,3,4,בבעלות,,0,1,2,6044,3300,12729,1163,603,2744,1147,1250,698,4555,116,178,275,21.6,13.9
2023,3,799.300,4,2,,יהודים,יהודי,מסורתי,כפרי,4,5,5,,1,4,1,10,86867,86867,69443,6719,1674,8152,10071,2324,1684,13688,8569,10001,6562,11.7,12.1
2023,3,775.811,4,1,2,יהודים,יהודי,חילוני,כפרי,4,5,3,,1,2,1,3,18360,18360,23957,1666,173,4715,780,663,642,1270,4545,7967,1537,19.7,7.7
2023,3,1212.593,1,1,,יהודים,יהודי,אחר,כפרי,4,5,3,בבעלות,1,2,1,7,14540,9665,11378,1000,629,4918,508,160,199,978,751,1284,950,43.2,14.3
2023,3,620.368,5,3,2,יהודים,יהודי,חילוני,כפרי,4,5,6,בבעלות,2,6,1,10,66634,58120,37166,7579,1149,8784,4258,925,450,1261,7421,4724,615,23.6,23.5
2023,2,435.064,2,2,,יהודים,יהודי,מסורתי,,4,4,4,בבעלות,1,1,1,9,32734,27323,21812,7146,2070,5566,2932,173,0,1979,1112,714,121,25.5,42.3
2023,3,433.664,4,2,2,יהודים,יהודי,חרדי,עירוני גדול,1,5,3,בבעלות,2,2,1,6,28904,25003,12420,1157,388,3901,713,0,150,185,3049,2218,659,31.4,12.4
2023,3,229.615,2,1,,יהודים,יהודי,חרדי,עירוני גדול,1,5,5,בבעלות,1,1,2,10,48192,40741,25722,3282,1050,9300,3742,126,0,811,451,5808,1151,36.2,16.8
2023,3,201.957,2,1,,יהודים,יהודי,חרדי,עירוני גדול,1,5,4,בבעלות,1,1,1,10,39728,34598,22675,799,434,5379,1346,185,120,2760,0,5335,6316,23.7,5.4
2023,3,698.385,1,1,,יהודים,יהודי,מסורתי,אחר,3,3,4,בבעלות,1,0,2,8,16735,13980,4165,207,165,2597,978,0,0,0,0,218,0,62.4,8.9
2023,3,365.265,2,0,,יהודים,יהודי,חילוני,,3,3,3,בבעלות,1,0,1,5,16756,14067,6317,275,79,2689,816,241,199,104,199,684,1030,42.6,5.6
2023,3,469.431,5,2,3,יהודים,יהודי,דתי,עירוני קטן,4,4,4.5,בבעלות,2,3,1,5,29007,23670,35094,6277,1349,5476,2912,3215,3951,1264,4066,4167,2416,15.6,21.7
2023,3,121.072,2,2,,יהודים,יהודי,חילוני,עירוני קטן,4,4,6,בבעלות,2,3,1,10,53000,47663,21275,2224,285,5337,2402,52,450,528,1770,6047,2180,25.1,11.8
2023,3,252.169,8,2,3,יהודים,יהודי,חרדי,עירוני גדול,1,5,4.5,בבעלות,1,2,1,5,40304,32853,47526,8226,359,7451,1972,1025,0,1928,13113,6752,6699,15.7,18.1
2023,3,448.564,3,2,,יהודים,יהודי,חרדי,עירוני גדול,1,5,5,בבעלות,1,1,1,6,25302,17851,13567,785,0,7451,1219,808,499,372,1126,1306,0,54.9,5.8
2023,3,992.358,5,3,2,יהודים,יהודי,חרדי,כפרי,4,5,4,בבעלות,1,1,2,6,35804,31243,17341,3918,807,4561,1622,0,997,1040,456,2162,1778,26.3,27.2
2023,3,559.330,1,1,,יהודים,יהודי,חילוני,כפרי,4,5,2,,1,1,1,3,6804,6804,6831,851,718,2978,530,63,0,375,842,473,0,43.6,23.0
2023,3,201.688,2,2,,יהודים,יהודי,חילוני,כפרי,3,4,4,בבעלות,1,0,1,8,27589,23673,23502,4600,2582,4022,1110,0,100,1151,1640,8297,0,17.1,30.6
2023,3,393.952,5,2,3,יהודים,יהודי,אחר,כפרי,3,4,6,בבעלות,2,2,1,8,50387,45405,41638,2863,242,5140,1278,2620,189,2192,12975,8065,6072,12.3,7.5
2023,3,428.944,4,2,,יהודים,יהודי,מסורתי,כפרי,3,4,4,בבעלות,2,4,1,5,24184,20268,31997,6195,605,3916,1664,3446,1920,1810,308,4547,7586,12.2,21.3
2023,3,404.275,3,2,,יהודים,יהודי,חילוני,כפרי,3,4,5,בבעלות,1,2,1,6,25509,20527,19023,5062,0,4982,2709,74,325,3488,240,2031,112,26.2,26.6
2023,3,689.828,5,2,3,יהודים,יהודי,חילוני,אחר,5,4,4,,2,2,2,7,43983,43983,25842,2685,1143,5286,2081,248,1670,1497,8158,2979,95,20.5,14.8
2023,3,591.139,6,2,4,יהודים,יהודי,דתי,אחר,5,4,3,,1,3,1,9,63712,63712,26600,5510,847,4986,1137,17,1220,312,8699,1837,2034,18.7,23.9
2023,3,548.708,4,4,,יהודים,יהודי,מסורתי,עירוני גדול,1,5,5,בבעלות,2,1,1,9,45549,38098,22065,1876,202,7567,2304,1804,1725,1244,1816,3119,408,34.3,9.4
2023,3,225.850,4,2,2,יהודים,יהודי,מסורתי,עירוני גדול,1,5,3,,2,0,1,4,21548,21548,23432,2792,1069,3970,1263,1463,1685,1460,1218,7975,537,16.9,16.5
2023,3,538.824,1,0,,יהודים,יהודי,חילוני,עירוני קטן,4,4,2,,,1,2,4,7703,7703,3553,0,0,2194,200,0,808,0,250,101,0,61.8,0.0
2023,3,287.483,5,2,3,יהודים,יהודי,חילוני,,4,4,5.5,בבעלות,2,3,1,6,33342,26598,24233,1783,809,6744,2169,203,249,4231,4419,2741,885,27.8,10.7
2023,3,350.393,4,3,,יהודים,יהודי,חילוני,,4,4,5,בבעלות,1,2,1,7,36723,29979,23977,2365,1308,6919,833,0,110,3904,903,7109,529,28.9,15.3
2023,3,235.098,6,1,4,ערבים,נוצרי,מסורתי,,1,1,2,בבעלות,1,1,1,1,9438,7238,18863,3103,1026,2200,3886,67,2892,1233,1099,2192,1165,11.7,21.9
2023,3,1179.725,5,1,,ערבים,נוצרי,מסורתי,,1,1,4,בבעלות,,0,2,1,11000,8500,17883,4077,4636,2500,3126,211,0,2554,300,25,454,14.0,48.7
2023,3,456.048,1,0,,יהודים,יהודי,מסורתי,כפרי,4,5,4,בבעלות,1,1,1,9,20955,16183,12924,1843,739,4874,1098,268,429,997,828,1316,533,37.7,20.0
2023,3,955.480,5,2,3,יהודים,יהודי,חילוני,כפרי,4,5,5,,1,3,1,6,34226,34226,15507,1708,570,5058,2025,344,0,1053,3783,823,143,32.6,14.7
2023,3,285.468,5,3,2,אחר,אחר,לא ידוע,,4,3,5,בבעלות,2,5,1,6,36538,31577,23944,1407,849,5063,1725,883,424,7319,3437,2786,50,21.1,9.4
2023,3,129.191,3,2,1,יהודים,יהודי,חילוני,עירוני גדול,1,5,4,בבעלות,2,3,1,9,45888,40758,24299,1912,288,5381,2556,522,997,4344,979,5471,1849,22.1,9.1
2023,3,798.664,3,1,,יהודים,יהודי,חרדי,,3,4,3,,,0,2,3,13632,13632,6462,1327,762,397,585,1016,0,1257,0,173,945,6.1,32.3
2023,3,311.590,3,2,,ערבים,נוצרי,מסורתי,,2,2,6,בבעלות,,0,1,6,24373,21873,13246,3255,0,2500,1303,1320,1795,83,0,2055,935,18.9,24.6
2023,3,174.876,1,0,,יהודים,יהודי,חילוני,,3,2,5,בבעלות,1,1,1,5,10038,6038,10075,1237,642,4130,2100,774,0,339,332,520,0,41.0,18.7
2023,3,344.276,2,0,,יהודים,יהודי,חילוני,,3,2,5,בבעלות,1,1,1,5,16001,12001,12803,2894,593,4012,2985,137,120,623,657,646,137,31.3,27.2
2023,3,881.892,3,1,1,ערבים,נוצרי,מסורתי,,2,3,3,בבעלות,1,1,1,3,15729,13556,24897,10347,2085,2173,1669,305,1795,898,0,3916,1709,8.7,49.9
2023,3,314.495,7,5,1,ערבים,נוצרי,מסורתי,,2,3,4,בבעלות,2,1,1,6,46476,43732,15632,4447,0,2744,1465,172,2657,461,0,2626,1060,17.6,28.4
2023,3,165.135,4,2,1,ערבים,דרוזי,דתי,,2,3,7,בבעלות,2,1,1,4,21496,18377,14237,3153,1702,3119,1337,0,997,1048,133,2492,255,21.9,34.1
2023,3,388.858,4,3,,ערבים,נוצרי,מסורתי,,2,3,4,בבעלות,2,2,1,9,51242,48498,24045,4127,1465,2744,1744,383,3690,2258,0,7575,60,11.4,23.3
2023,3,460.493,4,3,,יהודים,יהודי,חילוני,,4,3,4,בבעלות,2,4,1,8,38182,33136,24532,7636,325,5262,1411,144,80,1342,2356,5856,120,21.4,32.5
2023,3,355.731,1,0,,יהודים,יהודי,חילוני,,4,3,4,בבעלות,,1,1,4,7637,3948,10751,1895,0,3789,620,1230,150,986,1623,243,215,35.2,17.6
2023,2,10.000,2,0,,ערבים,נוצרי,דתי,,1,2,2,בבעלות,,0,2,1,1110,-390,6381,1736,0,1500,1430,882,500,232,0,100,0,23.5,27.2
2023,3,429.616,6,2,1,ערבים,נוצרי,מסורתי,,1,2,5,בבעלות,,3,1,3,21912,18912,32229,11141,2662,3000,3019,1002,6441,1429,1401,500,1634,9.3,42.8
2023,3,1152.628,12,3,7,ערבים,נוצרי,דתי,,1,2,6,בבעלות,,0,2,1,15390,12890,33901,8397,4575,2500,2004,183,3891,2061,1151,416,8723,7.4,38.3
2023,3,215.418,5,3,2,יהודים,יהודי,חילוני,עירוני גדול,1,5,5,,2,3,1,8,44452,43887,27908,3113,794,5161,1764,746,706,1653,5093,7853,1024,18.5,14.0
2023,3,172.025,2,0,,יהודים,יהודי,חילוני,עירוני קטן,4,4,5,בבעלות,2,2,1,10,46958,41621,75107,1841,475,5950,3072,7884,75,5378,1760,48555,116,7.9,3.1
2023,3,370.018,3,2,1,יהודים,יהודי,דתי,עירוני גדול,1,5,5,בבעלות,2,1,1,8,31480,23935,29082,2142,305,7510,1309,4002,289,75,635,12705,110,25.8,8.4
2023,3,408.348,4,2,2,יהודים,יהודי,חילוני,,4,4,5,בבעלות,2,2,1,7,35776,25641,22304,3627,864,6744,2212,0,0,446,3580,4272,558,30.2,20.1
2023,3,540.225,4,1,3,יהודים,יהודי,חילוני,,3,2,5,בבעלות,,3,1,2,15327,10327,14129,528,602,5105,2616,67,0,1078,3435,232,465,36.1,8.0
2023,3,450.945,4,2,2,יהודים,יהודי,חילוני,,3,2,4,בבעלות,1,2,1,1,9882,5882,12801,1865,170,4170,2132,100,0,340,2746,990,289,32.6,15.9
2023,3,555.225,1,0,,יהודים,יהודי,דתי,עירוני גדול,1,5,4,בבעלות,,0,1,4,9015,3885,10918,1558,0,5185,1441,473,0,0,1584,334,343,47.5,14.3
2023,3,714.848,4,0,2,יהודים,יהודי,חרדי,אחר,2,3,4,,,0,1,1,8167,8167,9709,845,217,2222,1349,19,566,1729,1453,931,377,22.9,10.9
2023,3,778.299,3,1,,יהודים,יהודי,מסורתי,,3,4,4,בבעלות,2,1,1,8,33176,28638,18878,2389,219,4902,1705,52,199,1801,563,4850,2197,26.0,13.8
2023,3,292.553,2,2,,יהודים,יהודי,חילוני,אחר,5,5,4,בבעלות,2,2,1,10,54403,48444,16791,0,0,6067,1745,1690,399,1601,946,4261,82,36.1,0.0
2023,3,546.666,4,1,2,יהודים,יהודי,חילוני,אחר,5,5,5,בבעלות,2,2,1,8,40685,32726,37608,2846,1212,7959,2837,793,574,5818,10137,5129,306,21.2,10.8
2023,3,862.207,4,2,2,יהודים,יהודי,חרדי,,4,5,3,,1,0,2,2,14804,14804,7978,1298,0,4488,730,200,45,94,622,501,0,56.3,16.3
2023,3,846.781,1,1,,יהודים,יהודי,חילוני,עירוני בינוני,4,5,2,,,1,1,8,17462,17462,12302,1608,110,3226,804,26,678,25,1488,4196,140,26.2,14.0
2023,3,1624.130,2,2,,יהודים,יהודי,חילוני,עירוני בינוני,4,5,3,,2,1,1,9,29873,29647,30578,7509,0,9330,3581,433,3141,230,215,4039,2099,30.5,24.6
2023,3,347.755,3,3,,יהודים,יהודי,מסורתי,אחר,4,5,6,בבעלות,2,1,1,10,47849,38664,25442,2844,789,7377,1943,0,208,1193,0,10500,588,29.0,14.3
2023,3,1248.075,1,0,,יהודים,יהודי,דתי,אחר,4,5,5,בבעלות,,1,1,7,14067,6690,13913,2461,1118,7596,1212,0,0,862,180,170,314,54.6,25.7
2023,3,724.685,5,3,1,יהודים,יהודי,חילוני,אחר,4,5,8,בבעלות,2,4,1,10,98636,90806,40822,7134,1964,7576,4009,800,1181,2526,7914,5009,2707,18.6,22.3
2023,3,1257.220,1,0,,יהודים,יהודי,מסורתי,אחר,4,5,3,,,0,1,5,10086,5623,8161,1723,0,4463,635,633,0,57,40,179,431,54.7,21.1
2023,3,844.162,3,2,,יהודים,יהודי,חילוני,אחר,4,5,8,בבעלות,2,2,1,9,42693,35316,20774,0,0,7518,1831,59,469,640,160,10097,0,36.2,0.0
2023,3,1046.743,2,2,,יהודים,יהודי,חילוני,אחר,4,5,3,,1,1,1,5,15824,15824,7796,908,399,1496,702,0,0,470,1651,482,1688,19.2,16.8
2023,3,577.708,5,2,3,יהודים,יהודי,חילוני,אחר,4,5,5,בבעלות,2,4,1,9,56967,49590,29587,4157,808,7478,3162,21,1442,2581,4799,4341,798,25.3,16.8
2023,3,696.986,5,2,3,יהודים,יהודי,חילוני,אחר,4,5,5,בבעלות,2,2,1,5,30416,23039,20526,1409,245,7467,1983,868,80,1023,4486,2378,587,36.4,8.1
2023,3,223.745,2,1,1,יהודים,יהודי,מסורתי,אחר,3,1,4,בבעלות,1,1,1,7,21270,16746,13724,1421,607,4696,711,180,1817,518,1913,1476,385,34.2,14.8
2023,3,808.494,2,0,,יהודים,יהודי,מסורתי,כפרי,4,5,3,בבעלות,,1,1,4,12583,8871,11773,826,684,3712,846,0,404,978,272,3991,59,31.5,12.8
2023,3,874.267,2,0,,יהודים,יהודי,מסורתי,כפרי,4,5,4,בבעלות,1,1,1,8,23778,17885,12310,1277,990,5937,534,60,30,1980,498,657,346,48.2,18.4
2023,3,357.657,4,1,2,יהודים,יהודי,חרדי,עירוני גדול,1,5,3,בבעלות,1,2,2,4,22380,18479,14108,420,0,3901,2384,1239,936,147,2663,1085,1333,27.7,3.0
2023,3,432.207,3,2,,יהודים,יהודי,חילוני,עירוני גדול,1,5,3,,,1,2,4,16362,16362,12034,1642,0,4787,1002,199,700,2565,450,420,268,39.8,13.6
2023,3,136.966,2,1,,ערבים,נוצרי,דתי,,2,3,4,בבעלות,1,1,1,9,30099,27666,27393,3407,1486,2433,973,0,5222,160,0,13412,300,8.9,17.9
2023,3,183.362,2,0,,יהודים,יהודי,מסורתי,אחר,3,1,4,בבעלות,1,0,2,9,30741,26217,12050,2098,990,4708,1098,9,110,1360,317,457,903,39.1,25.6
2023,3,608.304,7,1,5,יהודים,יהודי,מסורתי,,3,3,4,,1,2,1,7,51934,51934,21043,430,1094,51,1087,1954,2000,1256,804,3647,8720,0.2,7.2
2023,3,235.045,4,2,2,ערבים,נוצרי,מסורתי,,2,3,4,בבעלות,1,1,1,6,30914,28170,48958,8818,2559,2744,2979,167,1895,13556,6501,9640,100,5.6,23.2
2023,3,781.644,3,1,1,יהודים,יהודי,דתי,אחר,2,3,3,,1,2,2,1,6964,6964,18522,1171,151,2739,617,216,509,216,8387,2111,2406,14.8,7.1
2023,3,747.421,3,2,,יהודים,יהודי,מסורתי,כפרי,4,5,5,בבעלות,1,1,1,8,34711,29114,17975,4140,519,5597,3778,409,299,1410,745,1028,50,31.1,25.9
2023,3,723.038,4,2,2,יהודים,יהודי,חילוני,כפרי,4,5,4.5,,1,5,1,10,57240,57240,36744,3223,558,12370,2266,815,590,1208,3501,11847,367,33.7,10.3
2023,3,1010.803,1,1,,יהודים,יהודי,חילוני,,4,4,3,,1,1,2,8,16410,15958,13031,1982,867,5001,1003,0,500,517,564,2596,0,38.4,21.9
2023,3,343.477,3,3,,יהודים,יהודי,דתי,,3,3,5,בבעלות,2,1,1,10,77687,71550,15425,947,464,6262,1026,70,70,787,268,5531,0,40.6,9.1
2023,3,1590.111,2,2,,יהודים,יהודי,דתי,כפרי,4,5,3,בבעלות,1,0,2,5,15059,11392,5799,588,38,3667,554,249,0,126,0,577,0,63.2,10.8
2023,3,317.319,2,2,,יהודים,יהודי,חילוני,כפרי,4,5,5,בבעלות,2,2,1,10,61916,56056,23818,2740,0,5988,2370,133,90,2207,2210,7747,333,25.1,11.5
2023,3,538.824,1,0,,יהודים,יהודי,מסורתי,עירוני קטן,4,4,4,בבעלות,,0,1,9,19364,16198,7590,720,83,3299,937,918,400,671,222,338,0,43.5,10.6
2023,3,347.868,2,0,,יהודים,יהודי,חילוני,עירוני קטן,4,4,5,בבעלות,1,1,1,6,19530,14193,23357,1298,1515,5551,2530,1220,0,8472,500,973,1298,23.8,12.0
2023,2,469.668,4,2,2,יהודים,יהודי,חילוני,,3,4,5,,1,2,1,5,27305,27305,27824,3224,309,4318,952,100,260,541,704,17286,130,15.5,12.7
2023,3,407.796,2,2,1,יהודים,יהודי,מסורתי,,3,4,3,בבעלות,1,0,1,4,14494,12185,5854,283,0,2309,1242,0,0,90,195,1373,362,39.4,4.8
2023,3,1201.988,3,1,,יהודים,יהודי,מסורתי,כפרי,4,5,5,בבעלות,1,1,1,6,25798,19938,14435,1818,660,5997,1814,532,25,1159,504,1777,150,41.5,17.2
2023,3,777.290,1,0,,יהודים,יהודי,חרדי,עירוני גדול,1,5,4,,,1,1,7,12910,12910,18178,1921,322,12079,2328,107,349,249,127,230,467,66.4,12.3
2023,3,1105.701,7,0,5,ערבים,נוצרי,מסורתי,עירוני גדול,1,5,2,,2,1,1,3,23904,21546,57730,6428,1029,2358,1649,831,2786,556,4515,32741,4836,4.1,12.9
2023,3,459.408,3,1,2,יהודים,יהודי,חילוני,,3,4,5,,1,1,1,3,14153,14153,14208,1406,287,3989,1286,787,0,3,4813,1268,368,28.1,11.9
2023,3,1212.311,5,4,,ערבים,נוצרי,מסורתי,עירוני גדול,1,5,2,,1,0,1,6,35449,33091,20542,8520,725,2358,696,140,2110,1416,1302,3275,0,11.5,45.0
2023,3,453.188,4,1,2,יהודים,יהודי,חילוני,עירוני קטן,4,4,4.5,,2,2,1,4,20081,20081,23856,865,0,3829,923,142,449,1195,3764,12355,333,16.1,3.6
2023,3,395.798,3,1,1,יהודים,יהודי,חילוני,עירוני קטן,4,4,3,,2,2,1,7,28952,26918,18720,1780,254,2978,1118,422,1197,3988,1293,2731,2959,15.9,10.9
2023,3,437.054,6,2,4,יהודים,יהודי,מסורתי,,4,4,7,בבעלות,2,6,1,7,46807,38991,34722,6272,0,7868,1606,711,0,1645,7124,8821,675,22.7,18.1
2023,3,647.040,2,0,,יהודים,יהודי,מסורתי,,4,4,8,בבעלות,1,0,1,8,25267,17451,25315,5380,224,7816,1687,0,0,4864,0,2925,2418,30.9,22.1
2023,3,277.421,2,2,,יהודים,יהודי,חילוני,,4,4,6,בבעלות,2,0,1,10,65375,56429,24728,3748,0,8020,2089,50,2244,1165,1117,3399,2898,32.4,15.2
2023,3,673.565,3,1,1,ערבים,נוצרי,דתי,,1,3,4,בבעלות,1,0,1,9,37789,35305,28469,3943,1026,1705,1376,651,5101,1205,4070,6110,3283,6.0,17.5
2023,3,684.120,4,3,,יהודים,יהודי,חילוני,,3,3,3,בבעלות,1,3,1,7,32461,30294,9343,1535,125,2167,910,126,445,1999,280,783,974,23.2,17.8
2023,3,308.720,3,3,,יהודים,יהודי,מסורתי,עירוני גדול,1,5,5,בבעלות,2,1,1,9,41895,34444,21498,1989,327,7451,1585,139,565,199,861,8275,107,34.7,10.8
2023,3,754.210,3,2,,יהודים,יהודי,חילוני,עירוני קטן,4,4,3,,,3,1,1,3585,3585,6179,212,17,1436,595,0,110,505,2965,340,0,23.2,3.7
2023,3,188.377,1,1,,אחר,אחר,חילוני,עירוני קטן,4,4,2,,,2,1,6,11866,11866,7624,1801,108,2779,737,225,199,1109,399,234,33,36.5,25.0
2023,3,1101.415,2,2,,יהודים,יהודי,חילוני,,4,2,3,,2,2,1,4,12484,12484,11117,2284,569,1750,866,0,0,533,594,4101,419,15.7,25.7
2023,3,354.224,4,2,2,יהודים,יהודי,חילוני,,4,2,5,,2,2,1,6,30400,25317,19929,4298,618,3683,3545,779,500,276,3599,2243,387,18.5,24.7
2023,3,496.691,6,2,4,יהודים,יהודי,דתי,כפרי,3,4,5,בבעלות,1,1,2,3,22531,18108,20674,5830,1201,4920,2034,173,1650,284,2395,2186,0,23.8,34.0
2023,3,1819.342,2,2,1,יהודים,יהודי,חילוני,,3,4,4,,1,1,1,3,11522,11522,19574,3853,928,4169,1791,1235,898,465,319,5571,345,21.3,24.4
2023,3,1083.129,2,1,,יהודים,יהודי,מסורתי,,3,4,4,בבעלות,,0,1,5,15215,10322,10668,2076,377,4893,1528,580,0,653,249,263,50,45.9,23.0
2023,3,1506.832,2,0,,יהודים,יהודי,אחר,,3,4,6,בבעלות,1,1,1,7,20903,14328,10966,288,105,6759,1696,0,60,667,0,1243,150,61.6,3.6
2023,3,1447.018,2,0,,יהודים,יהודי,מסורתי,,3,4,4,בבעלות,,0,1,3,11255,6362,9949,2338,492,4893,1439,0,0,0,287,338,163,49.2,28.4
2023,3,1050.323,2,0,,יהודים,יהודי,דתי,,3,4,4.5,בבעלות,1,2,1,7,20662,14087,14733,1415,643,6784,1321,94,130,2407,759,1180,0,46.0,14.0
2023,3,404.929,4,2,1,יהודים,יהודי,חרדי,עירוני גדול,1,5,3.5,בבעלות,,0,2,3,16398,11268,12086,893,750,5130,1368,455,200,1141,1028,805,314,42.4,13.6
2023,3,354.217,2,1,,יהודים,יהודי,חילוני,עירוני קטן,4,4,3,,1,2,1,3,11766,9946,12608,1623,926,1879,986,913,273,211,364,5096,337,14.9,20.2
2023,3,227.970,3,3,,יהודים,יהודי,חילוני,עירוני קטן,4,4,5,בבעלות,2,1,1,10,50144,44807,32485,1689,1093,5549,2859,632,2080,3943,5069,8916,655,17.1,8.6
2023,3,416.274,4,1,,יהודים,יהודי,חילוני,עירוני קטן,4,4,4,,2,3,1,6,30404,29612,26029,3954,1349,4578,1098,40,725,716,2017,10909,643,17.6,20.4
2023,3,390.717,5,2,3,יהודים,יהודי,דתי,כפרי,3,4,3,,2,1,1,3,21780,21328,11728,1138,797,4466,1796,598,0,714,963,1098,157,38.1,16.5
2023,3,597.772,5,3,1,יהודים,יהודי,אחר,כפרי,3,4,7,בבעלות,1,5,1,6,34500,29518,25622,9169,1000,5138,1548,101,1197,3110,1719,2640,0,20.1,39.7
2023,3,1318.704,2,2,,יהודים,יהודי,אחר,אחר,3,3,4,,,3,1,3,11503,11503,2210,310,175,546,2,147,199,0,780,51,0,24.7,21.9
2023,3,490.170,5,3,2,יהודים,יהודי,מסורתי,,3,3,6,בבעלות,2,5,1,7,43122,37922,25807,4734,1375,4282,1574,513,750,757,5903,5560,359,16.6,23.7
2023,3,929.971,5,3,,יהודים,יהודי,אחר,,3,3,4.5,בבעלות,,2,2,6,35370,31300,12897,3102,582,4070,1133,1000,269,1857,416,300,168,31.6,28.6
2023,3,611.517,2,2,,יהודים,יהודי,מסורתי,,3,3,3,בבעלות,1,1,1,8,23489,21322,22818,528,28,2217,1553,613,1850,4640,2288,8455,645,9.7,2.4
2023,3,436.448,6,2,4,יהודים,יהודי,חילוני,אחר,2,3,4,בבעלות,1,4,1,6,38441,35013,21250,3957,419,3428,954,244,374,334,7261,3548,731,16.1,20.6
2023,3,488.041,2,1,,יהודים,יהודי,חרדי,כפרי,4,5,5,בבעלות,1,2,2,8,25993,20133,14630,1701,597,5860,1412,307,199,729,1024,2146,655,40.1,15.7
2023,3,990.086,3,1,2,יהודים,יהודי,חילוני,כפרי,4,5,4,,1,2,1,3,16015,16015,16433,1278,149,4801,1534,383,898,192,4713,1169,1317,29.2,8.7
2023,3,260.468,1,0,,יהודים,יהודי,חרדי,,3,3,3,,,1,2,5,9339,9339,8765,1342,1050,2194,552,558,390,1266,959,335,121,25.0,27.3
2023,3,496.482,1,0,,יהודים,יהודי,חילוני,,3,3,3,,,1,1,2,5343,5343,5048,655,91,2493,613,0,199,311,0,260,425,49.4,14.8
2023,3,306.632,1,0,,יהודים,יהודי,מסורתי,,3,3,4,בבעלות,,1,1,3,6352,3561,8125,612,287,2791,1475,392,0,1778,521,270,0,34.4,11.1
2023,3,626.621,2,2,,ערבים,מוסלמי,חילוני,,3,3,4,,2,2,1,9,28731,25940,20226,5662,94,3027,1974,1830,211,387,3732,2915,395,15.0,28.5
2023,3,406.609,4,2,,יהודים,יהודי,חילוני,,3,3,4,בבעלות,1,2,1,5,24034,21243,10749,2639,350,3475,1319,93,765,948,454,635,69,32.3,27.8
2023,3,861.348,1,1,,יהודים,יהודי,מסורתי,,3,3,4,בבעלות,1,1,1,7,12489,9698,8118,634,105,2791,1584,0,1762,45,354,616,226,34.4,9.1
2023,3,610.440,1,0,,יהודים,יהודי,מסורתי,,3,3,2,,,0,2,1,3553,3553,2421,871,356,140,456,24,199,5,340,30,0,5.8,50.7
2023,3,41.333,1,1,,יהודים,יהודי,חילוני,,3,2,4,בבעלות,1,1,1,8,16418,11918,12019,967,135,4500,2632,189,0,149,571,2761,115,37.4,9.2
2023,3,830.522,1,0,,יהודים,יהודי,חרדי,אחר,1,4,3,,,0,2,1,4072,4072,9925,1332,1742,3176,803,500,1099,364,92,272,545,32.0,31.0
2023,3,196.324,5,4,1,ערבים,מוסלמי,חילוני,,2,3,5,בבעלות,2,2,1,5,32145,29026,25797,5531,646,3357,1135,1264,5036,1038,333,7026,431,13.0,23.9
2023,3,173.285,2,2,,ערבים,דרוזי,מסורתי,,2,3,3,בבעלות,,0,1,6,18314,16141,10263,2154,1154,2173,1110,52,0,61,1248,1908,403,21.2,32.2
2023,3,1040.113,1,1,,יהודים,יהודי,חילוני,אחר,3,3,3,,1,1,2,3,6843,6843,4600,1999,292,1787,202,0,47,0,0,273,0,38.8,49.8
2023,3,515.270,2,1,,יהודים,יהודי,חילוני,אחר,3,3,3,,,0,1,5,14748,14748,7643,1092,988,1985,358,21,0,341,746,52,2060,26.0,27.2
2023,3,388.362,4,4,,יהודים,יהודי,חילוני,,4,3,5,בבעלות,1,2,1,7,34221,29260,15880,1049,286,5060,1020,357,598,1027,150,6283,50,31.9,8.4
2023,3,1228.360,4,2,1,יהודים,יהודי,חילוני,,4,5,5,בבעלות,2,3,1,9,48515,37082,17823,1012,0,6460,1716,72,0,566,2232,5760,4,36.2,5.7
2023,3,1091.924,1,0,,יהודים,יהודי,מסורתי,,4,5,3,בבעלות,1,1,1,7,14138,10624,6238,293,245,3583,555,0,329,430,353,450,0,57.4,8.6
2023,3,223.284,5,4,,ערבים,נוצרי,מסורתי,,1,2,5,בבעלות,2,0,1,7,38066,35266,23086,4062,831,2800,5393,3948,1596,280,342,2718,1116,12.1,21.2
2023,3,619.637,5,2,3,ערבים,נוצרי,מסורתי,,1,2,4,בבעלות,1,2,1,4,24226,22526,15176,2886,1680,1700,1049,1864,215,1429,200,1563,2591,11.2,30.1
2023,3,524.910,5,1,3,ערבים,נוצרי,דתי,,1,2,4,בבעלות,1,1,2,1,11892,9892,10908,1154,202,2000,1394,249,0,363,833,3830,883,18.3,12.4
2023,3,242.993,6,3,2,ערבים,נוצרי,מסורתי,,1,2,3,בבעלות,1,1,1,3,21880,20380,18385,3226,1624,1500,2231,20,1147,398,5352,2034,853,8.2,26.4
2023,3,1538.457,6,3,,ערבים,נוצרי,דתי,,1,3,7,בבעלות,2,2,1,2,15215,13017,21727,1551,414,2198,2015,0,0,1953,3318,10111,167,10.1,9.0
2023,3,1559.230,5,1,3,ערבים,נוצרי,מסורתי,,1,3,3,בבעלות,1,0,1,1,8047,6217,11156,1930,633,1830,1417,266,100,0,1144,3445,392,16.4,23.0
2023,3,525.850,5,2,3,ערבים,נוצרי,דתי,,1,3,3,,1,0,2,1,9966,9966,7091,2225,563,1596,585,0,269,10,253,1424,166,22.5,39.3
2023,3,379.901,3,3,,יהודים,יהודי,חילוני,כפרי,3,4,4,,1,2,1,7,27160,25867,19173,2718,727,3672,1119,1114,299,4596,340,4544,43,19.2,18.0
2023,3,970.855,2,0,,יהודים,יהודי,חילוני,כפרי,4,5,3,בבעלות,1,2,1,5,15602,10727,13911,1426,674,4995,1145,69,199,747,451,4205,0,35.9,15.1
2023,3,443.764,2,0,,יהודים,יהודי,חילוני,כפרי,4,5,4,בבעלות,1,1,1,10,38317,32424,126535,3253,1400,105454,2658,1746,933,982,4941,3007,2159,83.3,3.7
2023,3,753.568,1,0,,יהודים,יהודי,מסורתי,כפרי,4,5,2,בבעלות,,1,2,6,11526,7862,5963,1103,156,3664,449,0,0,312,120,35,124,61.4,21.1
2023,3,1570.635,2,2,,יהודים,יהודי,חילוני,כפרי,4,5,3,,1,4,1,8,25642,24936,18130,2205,233,5459,942,233,419,470,2185,1208,4776,30.1,13.4
2023,3,1836.648,1,1,,יהודים,יהודי,מסורתי,כפרי,4,5,1,,,1,1,3,6518,6518,5835,1143,88,1819,281,910,399,51,226,830,87,31.2,21.1
2023,3,810.008,4,2,2,יהודים,יהודי,חילוני,אחר,4,5,4,,2,2,1,6,30924,30924,25347,1357,617,5459,1772,80,120,4840,2657,7605,839,21.5,7.8
2023,3,680.946,1,1,,יהודים,יהודי,חילוני,אחר,4,5,4,בבעלות,1,1,1,9,18407,12844,10894,471,546,5563,1037,418,398,900,351,960,251,51.1,9.3
2023,3,482.466,1,0,,יהודים,יהודי,חילוני,אחר,4,5,4,בבעלות,,0,2,4,8561,2998,7248,495,0,5563,624,0,50,116,130,270,0,76.8,6.8
2023,3,909.040,5,1,4,יהודים,יהודי,מסורתי,כפרי,4,5,4,,,1,1,1,11919,11919,15885,1358,432,4986,1575,150,698,233,5713,366,373,31.4,11.3
2023,3,449.544,2,0,,יהודים,יהודי,חילוני,,4,2,5,בבעלות,2,3,1,8,24928,19128,40701,7198,930,5800,2663,658,0,3068,4313,15250,822,14.3,20.0
2023,3,348.936,6,4,2,יהודים,יהודי,מסורתי,עירוני גדול,1,5,3,בבעלות,1,2,1,5,36608,32707,20692,2717,685,3901,932,238,158,1441,2142,7697,780,18.9,16.4
2023,3,383.657,2,2,,יהודים,יהודי,חילוני,עירוני קטן,4,4,5,בבעלות,2,3,1,10,36572,31235,21768,1396,426,5470,2198,1107,0,6538,2184,1317,1132,25.1,8.4
2023,3,591.402,5,1,3,יהודים,יהודי,חילוני,,4,4,6,בבעלות,2,3,1,7,42580,34764,50335,2021,929,36665,3728,3491,0,252,946,1953,352,72.8,5.9
2023,3,220.222,6,3,4,יהודים,יהודי,מסורתי,,4,4,6,בבעלות,1,2,1,7,47916,40100,40579,9873,1220,7816,3241,1012,3151,3119,6721,3574,851,19.3,27.3
2023,3,973.284,7,1,5,יהודים,יהודי,חרדי,,1,5,3,,,0,2,2,19409,19409,13834,1346,426,3772,794,1321,388,1905,2803,319,761,27.3,12.8
2023,3,885.125,6,2,4,יהודים,יהודי,חרדי,,1,5,6,בבעלות,,0,2,3,24482,18469,31687,3780,639,7459,724,400,1712,326,15370,691,588,23.5,13.9
2023,3,700.584,11,1,8,יהודים,יהודי,חרדי,,1,5,5,בבעלות,,2,1,2,24700,18687,23933,1312,134,6013,1547,130,6183,1889,5087,539,1099,25.1,6.0
2023,3,804.374,2,1,,יהודים,יהודי,דתי,כפרי,4,5,7,בבעלות,2,3,1,9,30992,25132,32693,5228,937,6097,1951,2425,0,1772,1444,10844,1994,18.6,18.9
2023,3,2372.786,2,1,,יהודים,יהודי,דתי,אחר,2,5,3,,1,2,1,2,9093,9093,8030,1463,596,2878,590,0,269,609,0,1409,215,35.8,25.6
2023,3,775.888,2,2,,יהודים,יהודי,חילוני,כפרי,3,4,4,בבעלות,1,1,1,8,25005,21500,13782,1920,1255,3505,3216,388,250,346,150,1968,784,25.4,23.0
2023,3,552.615,4,1,2,יהודים,יהודי,מסורתי,כפרי,3,4,5,בבעלות,1,0,1,6,29309,24208,32885,1460,392,4487,1372,3961,60,8759,5976,1116,5302,13.6,5.6
2023,3,1010.754,1,0,,יהודים,יהודי,דתי,,3,4,2,בבעלות,,0,2,3,6836,3930,5337,1053,519,2906,424,0,0,433,1,1,0,54.5,29.5
2023,3,703.412,2,0,,יהודים,יהודי,חילוני,,3,4,4.5,בבעלות,1,1,1,9,33157,26582,20748,1266,324,6702,2010,4710,0,1132,3748,856,0,32.3,7.7
2023,3,144.054,4,3,,ערבים,מוסלמי,מסורתי,,2,3,4,בבעלות,2,4,1,7,32130,29697,36931,7996,1243,2505,1817,415,4129,571,4698,11412,2145,6.8,25.0
2023,3,325.710,1,0,,ערבים,מוסלמי,מסורתי,,2,3,4,בבעלות,,0,2,3,6318,3885,5077,232,644,2433,1138,56,167,338,0,63,7,47.9,17.3
2023,3,794.832,4,2,2,יהודים,יהודי,מסורתי,כפרי,4,5,4,,1,3,1,8,41943,41943,18069,3323,1218,5130,2507,180,0,571,2966,1584,591,28.4,25.1
2023,3,386.341,2,1,,יהודים,יהודי,מסורתי,,3,2,4,בבעלות,1,0,2,9,32657,29051,18617,2780,549,3606,1818,713,449,1363,3432,3081,827,19.4,17.9
2023,3,486.926,2,0,,יהודים,יהודי,חילוני,עירוני קטן,4,4,3,בבעלות,,0,2,3,10505,8685,6623,1261,310,1820,244,981,0,0,150,100,1758,27.5,23.7
2023,3,417.731,3,1,2,יהודים,יהודי,מסורתי,עירוני קטן,4,4,3,,1,1,1,5,19949,19949,20534,4896,1680,2756,1131,187,1197,1805,1171,3378,2333,13.4,32.0
2023,3,727.456,2,0,,יהודים,יהודי,מסורתי,עירוני קטן,4,4,4,בבעלות,2,1,1,2,9433,6267,11174,2877,569,3166,579,316,160,1646,0,1862,0,28.3,30.8
2023,3,574.826,4,3,1,יהודים,יהודי,אחר,,3,3,5.5,בבעלות,2,4,1,7,35399,31329,39951,4780,973,4099,2680,144,1780,947,1601,21150,1797,10.3,14.4
2023,3,582.809,5,4,1,יהודים,יהודי,מסורתי,,3,3,4,בבעלות,2,4,1,7,43096,40305,28073,4379,908,2791,2288,504,678,4900,3189,7331,1104,9.9,18.8
2023,3,390.261,2,2,,יהודים,יהודי,חילוני,,3,2,5,בבעלות,1,2,1,9,31099,25599,17457,1799,431,5668,3067,1034,328,370,2536,1952,272,32.5,12.8
2023,3,2572.215,1,0,,יהודים,יהודי,מסורתי,אחר,2,5,2.5,,,0,2,4,8744,5623,8810,2428,279,3121,983,242,199,105,440,727,286,35.4,30.7
2023,3,1102.929,5,4,1,יהודים,יהודי,מסורתי,אחר,2,5,3,בבעלות,1,0,1,6,36089,32968,23131,6027,590,3138,2221,642,199,963,2132,6730,489,13.6,28.6
2023,3,283.411,10,3,5,יהודים,יהודי,דתי,,2,2,8,בבעלות,2,3,1,6,54353,51327,48138,8055,1245,3026,2320,66,0,1840,25470,5215,899,6.3,19.3
2023,3,1383.594,4,3,1,יהודים,יהודי,חילוני,,4,5,4,בבעלות,1,3,1,7,31996,26662,17644,3725,354,4946,1531,433,0,144,490,5840,180,28.0,23.1
2023,3,385.688,4,2,,ערבים,נוצרי,מסורתי,,1,3,4,בבעלות,2,0,1,4,23294,21589,14860,1758,297,1705,1451,931,2743,1197,0,3766,1013,11.5,13.8
2023,3,1409.232,3,2,,יהודים,יהודי,חילוני,,5,5,6,,2,2,1,9,44093,44093,29987,1348,666,15147,5241,218,180,846,850,4868,624,50.5,6.7
2023,3,557.135,1,1,,יהודים,יהודי,מסורתי,כפרי,4,5,2,בבעלות,1,2,1,10,22130,18466,10578,1509,226,3689,1008,319,674,745,93,2215,100,34.9,16.4
2023,3,238.175,2,1,,יהודים,יהודי,דתי,,3,4,4,,1,2,1,7,21982,21982,13683,1888,578,3772,2287,326,0,1074,93,3565,100,27.6,18.0
2023,3,463.802,2,0,,יהודים,יהודי,מסורתי,עירוני גדול,1,5,4,בבעלות,1,1,1,8,25570,20440,16747,1372,161,5189,649,3560,598,1958,280,2333,646,31.0,9.2
2023,3,138.087,5,3,1,יהודים,יהודי,חילוני,,4,4,5,בבעלות,2,3,1,7,40849,31903,45302,3907,0,8071,1611,2665,3375,878,4312,17782,2702,17.8,8.6
2023,3,1038.088,1,1,,יהודים,יהודי,חילוני,,3,2,3,,,0,1,1,2985,2985,4646,202,206,2680,645,0,0,168,0,189,556,57.7,8.8
2023,3,674.874,2,0,,יהודים,יהודי,חילוני,עירוני קטן,4,4,4,בבעלות,1,1,1,2,9432,6266,8141,701,617,3346,352,34,10,1798,121,1163,0,41.1,16.2
2023,3,405.389,2,2,,ערבים,נוצרי,מסורתי,,2,3,2,בבעלות,1,0,2,8,28005,25580,21753,3094,392,2425,978,781,1356,423,1574,6596,4135,11.1,16.0
2023,3,521.319,6,2,4,ערבים,נוצרי,מסורתי,,2,3,3,בבעלות,1,1,1,2,19489,17338,24442,6334,1042,2151,1692,348,5555,143,3046,1806,2325,8.8,30.2
2023,3,837.318,4,2,1,יהודים,יהודי,חילוני,עירוני קטן,4,4,3.5,,,3,1,5,27020,27020,9070,640,1094,2779,1190,0,1745,329,703,589,0,30.6,19.1
2023,3,1503.449,5,2,3,ערבים,נוצרי,מסורתי,,2,2,5,,1,4,1,3,18637,16137,19364,2324,673,2500,1521,564,3275,268,3121,4891,226,12.9,15.5
2023,3,1118.815,4,1,2,יהודים,יהודי,דתי,אחר,2,5,4,,1,3,1,7,35351,35351,26013,896,459,11603,1583,40,598,400,2858,1787,5790,44.6,5.2
2023,3,869.922,4,1,1,יהודים,יהודי,דתי,,2,2,5,בבעלות,2,1,1,3,17719,14693,15027,181,455,3056,1144,50,1993,946,488,5877,836,20.3,4.2
2023,3,829.083,3,2,1,יהודים,יהודי,דתי,,2,2,2,,,0,2,2,11292,11292,7099,1680,190,2194,600,0,20,246,1794,110,266,30.9,26.3
2023,3,591.022,3,1,,יהודים,יהודי,דתי,,2,2,10,בבעלות,1,0,1,7,30273,27247,22170,1392,797,3737,2400,2784,0,2874,2220,4470,1495,16.9,9.9
2023,3,544.848,8,1,6,יהודים,יהודי,חרדי,,2,2,3,,1,2,1,1,17910,17910,15512,3998,1261,1340,875,95,0,912,4154,2197,679,8.6,33.9
2023,3,330.309,6,2,4,יהודים,יהודי,חרדי,עירוני גדול,1,5,3.5,,1,1,2,3,23640,23640,14615,2188,628,6452,1153,385,0,6,2252,805,746,44.1,19.3
2023,3,719.224,4,2,2,יהודים,יהודי,דתי,אחר,2,3,4,,1,2,1,3,19134,19134,13281,1634,0,3275,1211,0,546,213,3784,2060,559,24.7,12.3
2023,3,711.096,2,2,,יהודים,יהודי,מסורתי,כפרי,4,5,5,בבעלות,1,2,1,10,56713,48199,18602,1694,1128,8586,1264,108,0,986,778,1564,2493,46.2,15.2
2023,3,561.390,6,5,1,יהודים,יהודי,חילוני,כפרי,4,5,5,בבעלות,1,5,1,10,124379,115865,48385,9006,3032,8781,6683,118,1438,3835,2677,11599,1217,18.1,24.9
2023,3,423.486,3,0,,יהודים,יהודי,דתי,עירוני גדול,1,5,5,בבעלות,2,2,1,9,37470,30019,16633,1914,135,7578,960,50,374,1132,681,3609,200,45.6,12.3
2023,3,478.212,7,6,1,יהודים,יהודי,מסורתי,,3,3,4,בבעלות,2,2,1,6,44115,40017,15544,2476,862,4268,1345,0,2132,898,565,2612,386,27.5,21.5
2023,3,1666.680,1,1,,יהודים,יהודי,חילוני,כפרי,4,5,2.5,,,2,1,9,18619,17757,8614,1951,778,4764,334,73,0,112,190,312,99,55.3,31.7
2023,3,625.742,4,3,,יהודים,יהודי,דתי,,2,1,6,בבעלות,1,4,1,9,50935,43935,25326,2674,2577,7997,3693,40,570,1570,3731,2143,331,31.6,20.7
2023,3,789.446,7,1,5,יהודים,יהודי,דתי,אחר,2,2,3,,1,0,2,2,20364,20364,9723,2151,738,2194,950,217,475,109,999,802,1088,22.6,29.7
2023,3,1256.410,3,2,,יהודים,יהודי,חילוני,אחר,2,2,3,,1,1,1,6,24300,24300,9427,1234,131,2493,945,0,0,656,2844,1123,0,26.4,14.5
2023,3,364.326,1,1,,יהודים,יהודי,מסורתי,אחר,2,2,4,בבעלות,,1,1,6,11548,8509,10764,3044,561,3039,1124,140,950,281,133,516,974,28.2,33.5
2023,3,765.637,2,2,,יהודים,יהודי,מסורתי,אחר,2,2,4,בבעלות,1,2,1,9,33099,30060,18378,3015,297,3039,2564,833,530,1088,1313,2506,3192,16.5,18.0
2023,3,1276.472,4,3,1,יהודים,יהודי,מסורתי,אחר,2,2,4.5,בבעלות,1,1,1,7,33317,29587,19037,4619,1849,3730,2228,86,370,2870,1252,1717,316,19.6,34.0
2023,3,332.775,2,1,,יהודים,יהודי,מסורתי,,3,1,5,בבעלות,2,1,1,9,30393,24393,16571,1872,133,6000,1212,0,0,2724,397,3871,363,36.2,12.1
2023,3,1476.300,5,2,3,יהודים,יהודי,מסורתי,,3,1,5,בבעלות,2,2,1,6,33408,27408,30520,4527,402,6000,4588,1219,2234,2032,2499,6648,373,19.7,16.2
2023,3,384.860,1,0,,יהודים,יהודי,מסורתי,,3,1,5,בבעלות,,0,2,7,13129,6629,12092,3285,172,6500,1095,0,0,391,240,323,86,53.8,28.6
2023,3,1221.548,5,2,3,יהודים,יהודי,מסורתי,,3,1,5,בבעלות,2,1,1,7,38808,31473,18138,3713,744,7335,2098,92,947,428,1692,1088,0,40.4,24.6
2023,3,966.409,4,2,2,יהודים,יהודי,מסורתי,,3,1,5,בבעלות,1,2,1,7,35724,28389,26346,5659,1427,7675,3141,190,1785,796,3420,2038,215,29.1,26.9
2023,3,265.594,1,0,,יהודים,יהודי,דתי,,3,1,4,בבעלות,,0,1,5,9196,5696,6032,1194,367,3500,360,0,0,312,0,145,155,58.0,25.9
2023,3,325.725,1,0,,יהודים,יהודי,מסורתי,,3,1,4,בבעלות,1,1,1,8,15289,10710,9674,972,283,4579,845,0,0,500,330,2166,0,47.3,13.0
2023,3,1052.671,4,1,2,יהודים,יהודי,דתי,,3,1,7,בבעלות,2,1,1,4,21165,15465,23992,2762,405,5785,1356,3940,228,981,3594,3616,1324,24.1,13.2
2023,3,830.179,2,2,,יהודים,יהודי,חילוני,,4,3,3,,1,1,1,5,16663,16017,8332,2307,709,2680,844,119,449,171,269,784,0,32.2,36.2
2023,3,469.418,6,1,4,יהודים,יהודי,חרדי,אחר,1,4,4,בבעלות,1,2,1,1,14559,10680,19881,3985,693,3879,1395,183,997,2037,3854,1299,1558,19.5,23.5
2023,3,994.832,2,2,1,יהודים,יהודי,חילוני,,4,3,2,,,1,1,2,9022,9022,5271,790,334,449,638,453,1448,368,253,490,50,8.5,21.3
2023,3,621.627,2,1,,יהודים,יהודי,חילוני,,4,3,4.5,בבעלות,,1,1,7,21698,16737,11988,3629,1109,5060,1266,0,0,245,78,193,408,42.2,39.5
2023,3,321.305,4,4,1,יהודים,יהודי,חילוני,,4,3,4,בבעלות,2,5,1,8,42816,39127,29380,4115,1631,3914,1692,2412,3065,1100,4448,6629,373,13.3,19.6
2023,3,613.026,5,2,3,יהודים,יהודי,דתי,,3,4,5,בבעלות,2,2,1,7,37794,30895,35776,5744,1252,6221,1753,546,139,495,2763,15218,1645,17.4,19.6
2023,3,701.295,2,2,,אחר,מוסלמי,חילוני,כפרי,4,5,2,,,2,1,4,12701,12701,7156,338,128,2978,559,0,0,206,169,2778,0,41.6,6.5
2023,3,287.840,1,1,,ערבים,נוצרי,חילוני,עירוני קטן,4,4,3.5,,1,2,1,6,11168,11168,9481,2177,0,2382,398,431,180,692,448,2773,0,25.1,23.0
2023,3,694.027,2,0,,יהודים,יהודי,חילוני,,5,5,5,בבעלות,1,2,1,10,46845,21092,78332,9323,854,27111,15068,1287,0,6333,3384,10113,4859,34.6,13.0
2023,3,640.803,6,2,4,יהודים,יהודי,מסורתי,,4,4,5,בבעלות,1,1,1,5,35449,28356,22552,6189,952,7093,2308,0,997,189,2597,2010,216,31.5,31.7
2023,3,1169.146,2,2,,יהודים,יהודי,חילוני,אחר,4,5,3.5,,2,2,1,7,19935,19935,24456,3602,451,5454,3519,2896,1621,476,2787,3375,277,22.3,16.6
2023,3,306.011,8,3,5,יהודים,יהודי,חרדי,,3,3,5,בבעלות,1,1,1,4,34873,30803,19704,2142,0,4070,2180,0,1554,632,5201,2970,954,20.7,10.9
2023,3,394.593,3,0,,יהודים,יהודי,מסורתי,עירוני קטן,4,4,5,בבעלות,2,2,1,8,32659,27322,27894,2296,1851,7631,2927,158,698,2774,4730,3451,1379,27.4,14.9
2023,3,950.731,5,2,3,ערבים,נוצרי,דתי,,2,3,3,,1,0,2,2,13943,13943,18701,1305,0,1995,774,1281,449,358,840,11114,586,10.7,7.0
2023,3,1285.895,3,2,,ערבים,נוצרי,אחר,,2,3,9,בבעלות,1,2,1,6,25741,22241,37512,4868,508,3500,5239,2327,2493,4713,4330,7805,1728,9.3,14.3
2023,3,899.860,1,0,,יהודים,יהודי,חילוני,אחר,4,5,3,בבעלות,1,1,1,8,16127,11664,32937,1130,238,4463,645,299,645,390,671,24455,0,13.6,4.2
2023,3,679.902,4,4,,יהודים,יהודי,מסורתי,,3,3,3.5,בבעלות,,1,1,9,45348,42557,7314,2173,240,2845,881,72,0,221,241,641,0,38.9,33.0
2023,3,425.740,1,1,,יהודים,יהודי,חילוני,עירוני גדול,1,5,3,,1,2,1,10,25459,25308,11739,926,52,6650,1320,233,0,474,340,760,983,56.6,8.3
2023,3,1403.555,3,0,,יהודים,יהודי,מסורתי,עירוני בינוני,4,5,4,,1,1,1,4,16187,8885,16824,1668,839,7302,965,1662,0,2811,446,1045,86,43.4,14.9
2023,3,1039.397,3,3,,יהודים,יהודי,מסורתי,עירוני בינוני,4,5,3.5,,1,1,1,6,24485,24485,11688,849,827,5062,1232,222,0,1509,343,1644,0,43.3,14.3
2023,3,272.084,6,3,3,ערבים,נוצרי,מסורתי,,1,2,5,בבעלות,2,0,1,6,37811,34511,22356,2952,1169,3300,2006,567,800,634,2260,8279,390,14.8,18.4
2023,3,1215.470,2,2,,יהודים,יהודי,דתי,,2,2,3,בבעלות,,0,2,5,14600,12389,6484,1179,366,2211,522,0,139,953,857,183,73,34.1,23.8
2023,3,695.018,6,1,4,יהודים,יהודי,דתי,,2,2,4,,1,3,2,1,6118,6118,11760,4349,215,50,797,10,189,450,1103,4349,249,0.4,38.8
2023,3,1184.204,3,1,1,יהודים,יהודי,דתי,,2,2,3,,,1,1,1,2577,2577,8747,578,439,0,1031,151,149,170,4923,627,681,0.0,11.6
2023,3,542.278,6,0,4,יהודים,יהודי,חרדי,אחר,1,4,3,בבעלות,,1,2,1,6387,3229,9051,1645,965,3158,730,15,401,874,624,500,139,34.9,28.8
2023,3,284.158,5,2,2,ערבים,נוצרי,מסורתי,,2,3,4,בבעלות,1,2,1,2,16091,13347,19521,4695,1702,2744,1348,86,1787,2168,789,2954,1249,14.1,32.8
2023,3,925.803,5,5,,ערבים,נוצרי,אחר,,2,2,4,בבעלות,1,1,1,4,24508,21747,16865,1671,87,2761,902,2951,2790,243,754,2961,1745,16.4,10.4
2023,3,152.464,2,2,,ערבים,נוצרי,מסורתי,,2,2,6,בבעלות,2,1,1,10,37024,31024,53115,9080,1934,7114,1950,13613,0,1526,2844,13688,1366,13.4,20.7
2023,3,495.797,5,2,3,יהודים,יהודי,מסורתי,,3,4,5,בבעלות,2,2,1,8,46013,39792,36829,4653,43,6295,1604,299,3685,1931,11614,4934,1771,17.1,12.8
2023,3,693.531,11,7,3,יהודים,יהודי,מסורתי,,3,1,6,בבעלות,2,1,1,8,85736,80371,37800,3384,864,5365,2691,3959,3970,3126,2292,11786,364,14.2,11.2
2023,3,908.986,2,1,1,יהודים,יהודי,חילוני,עירוני בינוני,4,5,4,,1,1,1,2,7059,7059,28816,3497,658,12159,3125,0,0,921,3746,4702,9,42.2,14.4
2023,2,710.796,5,2,3,יהודים,יהודי,מסורתי,,3,4,5,בבעלות,1,2,1,6,34009,27434,20191,2177,786,6575,2621,300,421,384,3526,3401,0,32.6,14.7
2023,3,553.046,2,0,,יהודים,יהודי,דתי,כפרי,4,5,6,בבעלות,1,2,1,10,39144,33284,29169,2349,65,6200,1730,1264,1181,3162,1316,6386,5518,21.3,8.3
2023,3,986.523,5,2,3,יהודים,יהודי,דתי,כפרי,4,5,4,בבעלות,2,1,1,4,27209,22648,25494,2975,570,4830,1639,1189,2430,2890,5253,3378,340,18.9,13.9
2023,3,428.363,5,5,,יהודים,יהודי,דתי,עירוני גדול,1,5,5,בבעלות,,2,1,8,47233,39782,21532,4850,1008,7451,1727,297,2094,902,0,2950,253,34.6,27.2
2023,3,467.500,5,1,3,יהודים,יהודי,חילוני,,4,4,3,בבעלות,2,3,1,4,22815,19388,50101,3289,833,3626,3418,1238,496,1429,5532,30241,0,7.2,8.2
2023,3,742.714,2,2,,יהודים,יהודי,דתי,כפרי,4,5,5,בבעלות,1,1,1,10,37652,32055,27053,2003,0,5656,2167,1047,0,3039,5219,6942,980,20.9,7.4
2023,3,416.081,3,2,1,יהודים,יהודי,חרדי,עירוני גדול,1,5,4,בבעלות,2,1,1,8,34008,28878,12808,1589,519,5130,2511,317,0,361,498,621,1262,40.1,16.5
2023,3,324.152,1,1,,יהודים,יהודי,חילוני,כפרי,3,4,3,בבעלות,1,1,1,5,9266,5864,8242,1073,297,3502,1250,27,0,1005,335,576,177,42.5,16.6
2023,3,274.093,5,2,3,יהודים,יהודי,חילוני,כפרי,3,4,7,בבעלות,2,5,1,8,46028,41046,31217,6584,577,5211,2345,945,0,1022,4033,10303,197,16.7,22.9
2023,3,396.874,2,2,,יהודים,יהודי,מסורתי,כפרי,3,4,5,בבעלות,1,0,2,9,29447,24465,15211,2033,1830,4982,1352,188,150,3168,356,720,431,32.8,25.4
2023,3,286.980,2,1,,יהודים,יהודי,חילוני,,4,3,5,בבעלות,1,2,1,6,19326,13419,20776,1992,1135,6132,1842,1932,496,3067,2377,1367,437,29.5,15.1
2023,3,478.819,3,2,1,יהודים,יהודי,דתי,עירוני גדול,1,5,3,,2,1,1,6,23587,23587,16359,3711,2770,502,1211,567,920,627,1820,1931,2299,3.1,39.6
2023,3,189.034,2,2,,יהודים,יהודי,חילוני,אחר,3,1,3,בבעלות,2,1,1,10,75258,71543,42895,2795,1134,3885,2834,1046,4625,2187,369,15372,8647,9.1,9.2
2023,3,1135.639,5,2,3,יהודים,יהודי,חילוני,,3,2,5,בבעלות,1,1,1,6,36217,31217,27336,1465,0,5199,4376,148,99,848,7970,6568,663,19.0,5.4
2023,3,1550.073,2,2,,יהודים,יהודי,חרדי,,2,2,3,,,2,2,2,8196,8196,4711,997,342,1886,616,129,109,68,0,259,303,40.0,28.4
2023,3,678.807,5,2,3,יהודים,יהודי,דתי,,2,2,4,,,1,1,2,17372,17372,7299,1409,1034,1241,888,70,238,891,741,538,250,17.0,33.5
2023,3,249.488,5,4,,ערבים,נוצרי,מסורתי,,2,2,3,בבעלות,2,0,1,5,29068,26602,14128,2274,633,2466,949,366,0,185,0,6755,499,17.5,20.6
2023,3,912.247,5,2,3,ערבים,נוצרי,מסורתי,,2,2,5,בבעלות,2,1,1,5,29502,25502,16202,2662,775,4000,1605,209,379,250,3821,2349,151,24.7,21.2
2023,3,758.318,7,1,5,יהודים,יהודי,חרדי,אחר,3,3,3,בבעלות,,0,2,2,18586,16360,8474,189,50,2226,1394,25,1225,515,806,399,1645,26.3,2.8
2023,3,952.735,5,2,3,יהודים,יהודי,חרדי,אחר,2,3,3,בבעלות,,0,2,2,17845,15130,10831,856,88,2715,667,0,475,144,2990,523,2372,25.1,8.7
2023,3,2132.345,1,1,,יהודים,יהודי,חילוני,,4,5,3,,1,1,1,7,12676,12676,8767,1310,361,3375,1213,152,0,291,762,1305,0,38.5,19.1
2023,3,1016.878,5,2,3,ערבים,נוצרי,מסורתי,,1,2,4,בבעלות,1,1,1,4,27207,25707,40758,2399,1185,1500,3249,1377,1895,100,4597,18827,5630,3.7,8.8
2023,3,1388.863,2,2,,יהודים,יהודי,חילוני,כפרי,4,5,3,בבעלות,2,3,1,10,38267,34555,16697,767,210,3712,954,1266,1520,1405,2231,4632,0,22.2,5.9
2023,3,949.614,4,3,,ערבים,מוסלמי,מסורתי,,3,2,4,בבעלות,1,1,1,8,38308,35416,27644,4564,646,2892,1960,172,3275,602,6057,1407,6069,10.5,18.8
2023,3,1007.776,2,0,,ערבים,מוסלמי,אחר,,3,2,3,,1,2,1,1,3383,3383,10288,1122,0,2382,743,0,0,1001,2496,1901,642,23.2,10.9
2023,3,298.209,2,1,,יהודים,יהודי,חילוני,,3,2,5,בבעלות,1,1,1,10,37079,32154,29816,6154,1113,5069,2267,667,399,4615,6221,1852,1459,17.0,24.4
2023,3,221.013,3,3,,יהודים,יהודי,חילוני,אחר,4,4,5,בבעלות,2,5,1,9,43404,38829,24961,2271,270,6075,2017,276,997,2962,3671,5336,1085,24.3,10.2
2023,3,1168.277,2,0,,יהודים,יהודי,חילוני,,3,4,5,בבעלות,1,2,1,3,11453,5232,24643,3117,282,6295,1086,200,0,6074,158,7430,0,25.5,13.8
2023,3,985.046,4,1,2,יהודים,יהודי,חרדי,,3,4,3.5,בבעלות,,1,1,2,12888,8350,11148,1021,107,4538,611,992,1729,339,967,156,687,40.7,10.1
2023,3,128.024,4,3,2,יהודים,יהודי,דתי,עירוני גדול,1,5,3,,,1,1,5,24069,24069,14007,1674,1206,4169,758,324,1173,750,1522,969,1461,29.8,20.6
2023,3,1095.009,3,1,1,יהודים,יהודי,מסורתי,אחר,5,4,3,,1,2,2,2,12468,12468,11720,1359,550,5856,1385,43,1611,129,0,566,222,50.0,16.3
2023,3,841.678,5,2,3,יהודים,יהודי,חילוני,כפרי,4,5,4,בבעלות,2,1,1,8,46899,41006,29605,4339,658,6067,2447,48,199,2675,9390,2848,932,20.5,16.9
2023,3,818.251,2,1,,אחר,מוסלמי,חילוני,כפרי,4,5,3,בבעלות,2,1,1,6,17731,12856,15193,772,964,4875,1922,718,298,337,566,4603,138,32.1,11.4
2023,3,537.288,4,2,1,יהודים,יהודי,חילוני,,4,3,5,בבעלות,2,2,1,9,51728,45821,34930,6159,1153,6200,2092,1985,347,4832,691,10972,498,17.7,20.9
2023,3,530.531,2,2,,אחר,אחר,חילוני,עירוני גדול,1,5,4,בבעלות,1,0,1,7,21939,16809,11625,0,108,5909,2315,705,0,1792,143,654,0,50.8,0.9
2023,3,581.377,1,0,,יהודים,יהודי,חילוני,עירוני קטן,4,4,3,,,1,1,1,-139,-139,4337,110,0,2779,709,0,249,77,0,111,302,64.1,2.5
2023,3,453.701,4,2,2,יהודים,יהודי,חילוני,עירוני קטן,4,4,5,בבעלות,2,2,1,8,37933,30900,22301,3279,590,5405,1789,113,301,558,5998,3452,816,24.2,17.3
2023,3,1664.697,1,0,,יהודים,יהודי,חילוני,עירוני קטן,4,4,2.5,,1,1,1,2,5343,5343,7232,1124,236,3281,287,0,1317,45,623,139,180,45.4,18.8
2023,3,381.404,1,0,,יהודים,יהודי,חילוני,עירוני קטן,4,4,2.5,בבעלות,,0,2,7,14166,12087,25407,1426,215,1820,1401,667,449,18907,280,243,0,7.2,6.5
2023,3,160.330,5,2,2,ערבים,מוסלמי,מסורתי,,2,3,3,בבעלות,1,2,1,2,14775,12624,23206,5871,1279,2276,926,2227,1599,1245,3279,2144,2361,9.8,30.8
2023,3,1084.720,4,2,1,יהודים,יהודי,דתי,,3,2,6,בבעלות,1,2,1,4,22992,17337,42343,6583,2084,5706,11181,4187,3162,1214,4049,2886,1291,13.5,20.5
2023,3,863.342,1,1,,יהודים,יהודי,דתי,,2,4,5,,,0,2,7,13819,13819,5202,0,0,4075,1037,40,50,0,0,0,0,78.3,0.0
2023,3,654.544,2,1,,יהודים,יהודי,חילוני,,4,3,3,בבעלות,1,0,2,5,16084,13504,9195,1235,301,2778,404,926,0,1221,1366,964,0,30.2,16.7
2023,3,502.069,2,2,,יהודים,יהודי,חילוני,עירוני קטן,4,4,4.5,בבעלות,2,1,1,8,26437,21100,17668,1672,219,5494,1254,264,0,2753,1656,4272,84,31.1,10.7
2023,3,757.250,6,2,4,יהודים,יהודי,דתי,,2,2,4,,1,1,1,1,13129,13129,14865,2732,1832,1985,974,0,199,482,2459,3660,541,13.4,30.7
2023,3,1048.716,2,1,1,יהודים,יהודי,דתי,,2,2,4,,1,0,2,4,13177,13177,10276,561,1294,2978,669,0,943,122,863,2358,490,29.0,18.1
2023,3,493.362,6,1,4,יהודים,יהודי,חרדי,אחר,1,4,3,בבעלות,,0,2,1,11962,8804,9856,469,105,3198,1343,993,1082,289,982,173,1225,32.4,5.8
2023,3,923.959,2,0,,יהודים,יהודי,חילוני,,5,4,5,בבעלות,1,1,2,10,37875,28692,25724,4172,1256,9308,7078,463,0,1477,458,1135,376,36.2,21.1
2023,3,1568.350,4,2,2,יהודים,יהודי,חילוני,,5,4,6,,1,5,1,3,17208,17208,22314,2586,646,10044,1623,662,0,268,5074,1400,10,45.0,14.5
2023,3,828.396,2,1,,יהודים,יהודי,חילוני,כפרי,4,5,5,בבעלות,,0,1,7,22702,17105,10971,2066,277,5750,1052,433,40,765,437,151,0,52.4,21.4
2023,3,1252.680,1,0,,יהודים,יהודי,חילוני,אחר,5,4,3,,,0,1,9,21105,21105,10938,1226,172,4868,1760,0,0,390,489,2034,0,44.5,12.8
2023,3,1046.489,2,1,,יהודים,יהודי,חילוני,,3,4,3,בבעלות,,1,1,4,14508,10874,7986,2228,0,3634,540,0,0,1253,84,145,102,45.5,27.9
2023,3,726.989,1,0,,יהודים,יהודי,מסורתי,,3,3,3,,1,0,2,1,2801,600,7901,1438,463,2201,511,67,40,591,172,2326,95,27.9,24.1
2023,3,2119.465,1,0,,אחר,מוסלמי,חילוני,,3,3,3,,,0,2,1,2512,2512,1379,273,0,1,281,30,0,20,129,311,333,0.1,19.8
2023,3,531.853,6,2,4,יהודים,יהודי,דתי,אחר,2,2,4,בבעלות,1,1,1,6,37120,33700,27320,3371,929,3420,1860,1592,1588,4262,6375,2678,1246,12.5,15.7
2023,3,1510.989,2,2,,יהודים,יהודי,חילוני,כפרי,4,5,3,,2,1,1,8,23666,23666,12683,1373,600,4119,769,588,69,895,515,3646,107,32.5,15.6
2023,3,416.623,4,3,2,יהודים,יהודי,חילוני,,4,3,4,בבעלות,2,3,1,5,25408,19924,29616,5418,1779,5484,2001,409,695,1933,2708,7965,1225,18.5,24.3
2023,3,494.336,4,3,1,יהודים,יהודי,חילוני,,4,3,5,בבעלות,2,1,1,6,28858,22951,37254,4579,679,6006,2308,175,377,1312,5077,12387,4355,16.1,14.1
2023,3,2594.453,1,1,,יהודים,יהודי,דתי,כפרי,4,5,4,בבעלות,1,2,1,10,27241,22454,15417,4869,0,4561,698,176,329,1574,2026,1049,133,29.6,31.6
2023,3,439.209,3,2,,יהודים,יהודי,מסורתי,,3,4,6,בבעלות,2,1,1,9,37467,32466,11983,215,359,5068,981,67,757,1055,209,2427,845,42.3,4.8
2023,3,325.857,5,3,2,יהודים,יהודי,דתי,,3,3,5,בבעלות,1,2,1,8,49453,42499,25313,2329,730,6954,2899,469,588,1571,2746,6573,453,27.5,12.1
2023,3,975.538,3,0,,יהודים,יהודי,דתי,,3,3,5,בבעלות,2,1,1,5,19450,12450,21382,2505,2102,7000,2469,2444,967,1186,123,2295,290,32.7,21.5
2023,3,938.447,5,2,3,יהודים,יהודי,מסורתי,,3,4,5,בבעלות,1,4,1,8,50448,43808,44058,2447,619,6575,2800,1330,778,2987,9633,15582,1307,14.9,7.0
2023,3,359.458,4,4,1,ערבים,מוסלמי,מסורתי,,2,3,4,בבעלות,1,2,1,6,31086,28653,31120,7551,1917,2433,726,1523,1479,1159,5193,7773,1365,7.8,30.4
2023,3,690.628,4,2,,ערבים,נוצרי,דתי,,2,3,3,בבעלות,2,2,1,2,12887,10736,31185,4720,897,2151,3973,1642,3409,669,865,7782,5076,6.9,18.0
2023,3,1569.778,3,2,1,יהודים,יהודי,חרדי,,3,4,3,בבעלות,1,2,2,5,19364,15730,14077,1354,649,3634,470,21,1390,230,2973,3197,158,25.8,14.2
2023,3,306.632,1,0,,יהודים,יהודי,חילוני,,3,3,2,בבעלות,,0,2,3,6605,4818,6825,1224,323,1787,1097,237,827,1056,159,115,0,26.2,22.7
2023,3,582.917,1,1,,יהודים,יהודי,חרדי,,2,4,3,,,0,2,2,4660,4660,12037,415,782,4039,1340,0,404,32,233,2091,2702,33.6,9.9
2023,3,288.591,2,2,,יהודים,יהודי,מסורתי,כפרי,3,4,5,בבעלות,2,2,1,9,34699,29717,20960,0,0,5184,886,165,669,1322,1439,11197,98,24.7,0.0
2023,3,162.251,3,3,,יהודים,יהודי,אחר,כפרי,3,4,6,בבעלות,2,3,1,10,62857,57875,39439,3692,1486,7409,3235,1519,2800,1798,4813,10516,2171,18.8,13.1
2023,3,306.632,1,0,,יהודים,יהודי,חילוני,,3,3,2,,,0,2,2,4779,4779,4470,1297,43,491,123,216,180,794,136,68,1122,11.0,30.0
2023,3,602.772,5,4,1,יהודים,יהודי,מסורתי,,5,2,6,בבעלות,2,3,1,7,43084,36532,32052,4471,1142,6623,1340,331,363,2150,2492,13003,137,20.7,17.5
2023,3,1289.335,1,0,,יהודים,יהודי,מסורתי,,5,4,6,בבעלות,1,2,1,10,41118,31935,21311,3320,0,9310,2035,0,119,2533,301,1202,2492,43.7,15.6
2023,3,934.747,6,2,4,יהודים,יהודי,דתי,,5,4,4,בבעלות,2,2,1,6,41088,34278,20185,1588,767,6268,1461,89,0,307,6888,2787,30,31.1,11.7
2023,3,1393.306,2,1,,יהודים,יהודי,חילוני,,3,4,2,בבעלות,1,0,1,3,10663,7826,7818,996,245,2837,454,65,0,980,379,1863,0,36.3,15.9
2023,3,676.677,5,2,2,יהודים,יהודי,חרדי,,3,4,5,בבעלות,1,2,2,5,30373,24152,23217,4402,1213,6386,2874,624,0,1708,469,2783,2758,27.5,24.2
2023,3,425.700,3,1,1,יהודים,יהודי,חרדי,,3,4,3,בבעלות,,1,2,3,13753,10147,10549,897,75,3705,866,691,224,550,1257,939,1345,35.1,9.2
2023,3,757.991,3,1,1,יהודים,יהודי,חילוני,,3,2,5,,,1,1,1,5105,5105,11086,1031,216,4963,695,0,1707,0,1573,902,0,44.8,11.2
2023,3,1174.621,2,0,,ערבים,מוסלמי,מסורתי,,3,2,3,בבעלות,2,1,1,2,7884,5695,18140,6349,1849,2189,1431,80,596,3220,70,2235,122,12.1,45.2
2023,3,1174.216,1,0,,ערבים,נוצרי,חרדי,,2,3,2.5,בבעלות,,0,2,2,4868,2445,6620,1374,267,2423,1472,0,0,1034,0,50,0,36.6,24.8
2023,3,411.093,1,0,,ערבים,נוצרי,דתי,,2,3,5,בבעלות,,0,2,4,9009,6009,15583,5497,1378,3000,1184,0,549,3792,0,80,103,19.3,44.1
2023,3,573.419,6,3,,ערבים,נוצרי,מסורתי,,2,3,4,בבעלות,1,1,1,7,44554,42136,16241,4196,870,2418,2654,171,0,426,0,5313,194,14.9,31.2
2023,3,872.983,5,4,,ערבים,נוצרי,מסורתי,,2,3,5,בבעלות,2,3,1,5,31736,29536,14753,1442,668,2200,1542,0,0,1393,133,4526,2848,14.9,14.3
2023,3,571.309,4,3,,ערבים,נוצרי,מסורתי,,2,3,4,בבעלות,1,2,1,7,33311,30911,14392,2701,1077,2400,1360,0,0,798,176,3991,1889,16.7,26.3
2023,3,1353.683,1,1,,יהודים,יהודי,חרדי,כפרי,4,5,4,בבעלות,,1,1,8,17143,12582,13645,961,226,4561,4051,293,559,315,265,386,2028,33.4,8.7
2023,3,638.988,3,3,,יהודים,יהודי,מסורתי,כפרי,4,5,5,בבעלות,2,1,1,10,71265,65405,20349,4537,1425,5860,3194,680,0,759,628,2965,301,28.8,29.3
2023,3,533.247,5,2,3,יהודים,יהודי,מסורתי,עירוני קטן,4,4,6,,2,2,1,8,47654,47654,45787,1623,366,5558,2465,265,328,1179,4986,28652,365,12.1,4.3
2023,3,637.766,1,0,,יהודים,יהודי,חרדי,,1,5,3,,1,2,1,5,10288,10288,11077,1173,514,2481,612,1696,199,360,1577,1237,1229,22.4,15.2
2023,3,775.560,11,2,9,יהודים,יהודי,חרדי,,1,5,5,בבעלות,,2,1,3,38230,32217,35841,11966,961,6013,9696,433,462,1331,3835,630,514,16.8,36.1
2023,3,1396.290,2,0,,יהודים,יהודי,חרדי,,1,5,3,,,0,2,1,3793,3793,5892,332,442,4669,170,254,0,2,0,22,0,79.2,13.1
2023,3,1045.219,3,0,1,יהודים,יהודי,חרדי,,1,5,5,בבעלות,,0,2,1,8973,2960,9213,783,715,6013,1173,0,0,219,0,289,22,65.3,16.3
2023,3,600.194,2,0,,יהודים,יהודי,חילוני,כפרי,4,5,4,בבעלות,1,1,1,10,39404,33511,14397,1366,617,5893,1958,920,0,1658,1036,883,66,40.9,13.8
2023,3,573.378,2,0,,יהודים,יהודי,חילוני,כפרי,4,5,3.5,בבעלות,2,1,1,10,46631,42070,12637,688,129,4637,1459,56,159,473,3897,1068,70,36.7,6.5
2023,3,477.908,3,1,1,יהודים,יהודי,חרדי,עירוני גדול,1,5,3,בבעלות,,0,2,1,7977,4076,5676,226,0,3901,247,102,639,38,49,172,303,68.7,4.0
2023,3,342.847,8,2,5,יהודים,יהודי,חרדי,עירוני גדול,1,5,4,בבעלות,1,0,2,2,23965,18835,22615,5820,843,5170,587,1007,1266,346,4213,806,2557,22.9,29.5
2023,3,798.461,3,2,1,ערבים,מוסלמי,אחר,,3,3,3,,2,1,1,4,16486,16486,8971,769,629,1788,671,97,0,348,60,1812,2798,19.9,15.6
2023,3,613.845,3,3,,יהודים,יהודי,דתי,עירוני קטן,4,4,5,בבעלות,1,0,1,7,29591,23091,15594,958,331,5407,2180,0,238,524,594,3925,1437,34.7,8.3
2023,3,439.605,1,0,,יהודים,יהודי,חילוני,עירוני קטן,4,4,1,,1,1,1,1,1988,1988,4171,924,201,1648,297,0,437,1,269,222,172,39.5,27.0
2023,3,456.579,5,2,2,יהודים,יהודי,חרדי,אחר,1,4,6,בבעלות,,1,1,4,27245,22398,18489,4697,1135,4847,2001,109,349,832,2353,1639,527,26.2,31.5
2023,3,259.137,5,3,2,יהודים,יהודי,חרדי,,3,3,6,בבעלות,1,2,2,6,34701,30631,21248,3508,1085,5067,1284,924,670,1407,4845,705,1752,23.8,21.6
2023,3,2493.885,1,1,,יהודים,יהודי,חילוני,,3,3,3,,1,2,1,2,4820,4820,5843,1004,0,1292,550,0,0,126,853,1653,366,22.1,17.2
2023,3,758.254,1,1,,יהודים,יהודי,חילוני,,3,3,4,,1,1,1,5,9596,9596,8833,1306,507,2384,427,66,188,342,69,3227,317,27.0,20.5
2023,3,758.254,1,1,,יהודים,יהודי,חילוני,,3,3,4,,,1,1,1,2485,2485,6086,411,47,1191,401,23,993,212,673,86,2050,19.6,7.5
2023,3,1632.124,1,1,,יהודים,יהודי,מסורתי,,3,3,3,,1,1,1,8,15016,15016,5068,515,0,2186,372,233,0,157,396,1208,0,43.1,10.2
2023,3,604.393,3,2,1,יהודים,יהודי,דתי,,3,3,3,,1,2,1,9,37393,37393,9982,52,0,2634,972,0,566,521,3997,1141,100,26.4,0.5
2023,3,423.584,3,2,1,יהודים,יהודי,מסורתי,,3,3,5,בבעלות,1,2,1,7,28828,24758,14831,2699,958,4235,2642,344,1947,322,389,1255,40,28.6,24.7
2023,3,667.994,2,1,,יהודים,יהודי,חילוני,,5,2,4,בבעלות,1,0,1,6,18685,13977,23640,2440,578,4810,1241,2240,639,2452,215,8829,195,20.3,12.8
2023,3,515.652,2,0,,יהודים,יהודי,מסורתי,,4,3,5,בבעלות,1,0,1,10,37829,30268,13098,779,729,7692,1234,134,0,635,139,1756,0,58.7,11.5
2023,3,235.939,1,0,,יהודים,יהודי,מסורתי,,3,3,4,בבעלות,,1,1,9,17788,14997,10376,650,807,2859,1812,158,0,1453,474,1788,376,27.6,14.0
2023,3,2132.379,2,1,,יהודים,יהודי,מסורתי,,3,4,2,,,0,2,2,8709,8709,3870,577,89,397,511,0,333,1249,285,274,154,10.3,17.2
2023,3,1386.836,2,0,,יהודים,יהודי,חילוני,כפרי,4,5,3.5,בבעלות,1,1,1,9,30097,24204,32642,3227,353,5893,999,274,199,1072,546,3458,16621,18.1,11.0
2023,3,726.638,3,3,,יהודים,יהודי,דתי,,3,3,6,בבעלות,1,3,1,9,44977,37977,19218,3047,727,7170,1649,222,447,814,1524,2363,1256,37.3,19.6
2023,3,333.904,6,3,3,יהודים,יהודי,דתי,,3,3,5,בבעלות,1,3,1,9,71483,64483,51754,6062,1212,7000,2239,1214,14660,4990,8912,2987,2479,13.5,14.1
2023,3,2647.656,4,3,1,יהודים,יהודי,אחר,,3,3,5,,2,4,1,2,11874,11874,26998,4906,2167,6954,2796,364,744,2254,1215,5054,543,25.8,26.2
2023,3,676.307,4,3,1,יהודים,יהודי,חילוני,אחר,5,4,4,,1,4,1,9,46331,44532,34188,1522,655,5429,1577,3374,238,633,1021,2967,16772,15.9,6.4
2023,3,900.288,5,2,3,יהודים,יהודי,חילוני,אחר,5,4,5,בבעלות,1,2,2,7,38936,31566,29144,3123,0,7453,3293,1630,99,1042,8567,3834,103,25.6,10.7
2023,3,1151.167,3,2,,יהודים,יהודי,מסורתי,כפרי,3,4,3,בבעלות,,2,1,3,15159,11757,7800,2027,0,3402,777,75,0,715,199,433,172,43.6,26.0
2023,3,454.717,3,2,,יהודים,יהודי,חילוני,,5,2,6,בבעלות,2,4,1,10,50574,44022,54447,7625,648,9696,4142,2680,1687,4614,3918,18585,851,17.8,15.2
2023,3,764.620,6,2,4,יהודים,יהודי,חילוני,,5,2,6,בבעלות,2,4,1,4,25773,18373,42309,8186,1903,6702,3602,93,3097,818,8080,8958,870,15.8,23.8
2023,3,858.957,1,1,,יהודים,יהודי,מסורתי,,5,2,5,בבעלות,2,2,1,10,34862,28310,26825,668,0,7296,1500,952,2928,431,3376,6759,2916,27.2,2.5
2023,3,1477.529,5,3,2,יהודים,יהודי,דתי,,4,3,6,בבעלות,2,1,1,6,36532,28971,22911,4169,1506,7680,2927,86,1001,1101,1638,2753,50,33.5,24.8
2023,3,947.659,5,4,,ערבים,נוצרי,מסורתי,,2,2,4,בבעלות,2,1,1,7,40565,37865,65618,215,3446,2700,1437,0,5955,6605,36003,6609,2647,4.1,5.6
2023,3,447.928,1,0,,ערבים,מוסלמי,מסורתי,,3,2,3,בבעלות,,1,2,2,4753,2253,6541,907,431,2500,2047,0,0,0,25,324,307,38.2,20.5
2023,3,800.640,4,3,,ערבים,דרוזי,דתי,,3,2,3,בבעלות,1,1,2,6,29822,26822,12554,2961,194,3000,2772,482,0,105,1010,2030,0,23.9,25.1
2023,3,684.992,2,2,,ערבים,דרוזי,דתי,,3,2,4,בבעלות,2,1,1,8,27772,24224,12191,1307,259,3548,1233,0,0,1336,1092,3417,0,29.1,12.8
2023,3,474.237,2,1,,יהודים,יהודי,דתי,אחר,3,3,3,בבעלות,,0,2,3,10548,8322,4909,475,565,2226,591,165,0,717,0,170,0,45.3,21.2
2023,3,727.729,5,2,3,אחר,אחר,חילוני,אחר,3,3,5,בבעלות,1,2,1,3,19882,15907,12892,2029,845,3975,1018,0,794,2185,522,1007,517,30.8,22.3
2023,3,1065.511,4,2,2,אחר,אחר,חילוני,,4,4,3,,2,4,1,6,28885,24733,22439,4610,0,5417,1712,212,844,698,209,8571,166,24.1,20.5
2023,3,827.161,1,1,,יהודים,יהודי,חילוני,אחר,4,4,3,בבעלות,,1,1,5,10581,7682,5571,449,308,2934,721,264,0,230,99,419,146,52.7,13.6
2023,3,789.672,2,1,,יהודים,יהודי,מסורתי,,3,3,3,,,0,1,2,7785,7785,4557,519,0,1985,462,40,387,211,249,510,193,43.6,11.4
2023,3,987.613,2,1,1,יהודים,יהודי,אחר,,3,1,3,,,1,1,2,9311,9311,8329,1225,409,199,357,232,3067,110,1291,568,872,2.4,19.6
2023,3,548.662,4,2,2,יהודים,יהודי,חילוני,עירוני קטן,4,4,6,בבעלות,1,3,1,10,65525,59284,28443,5770,392,5337,3976,447,496,1204,7974,1725,1120,18.8,21.7
2023,3,687.334,9,2,6,יהודים,יהודי,חרדי,כפרי,4,5,9,בבעלות,1,1,1,1,19361,13501,15681,1647,108,8860,1756,262,80,335,1035,1271,326,56.5,11.2
2023,3,368.046,2,2,,יהודים,יהודי,מסורתי,עירוני קטן,4,4,3,בבעלות,1,1,2,5,17252,15432,13194,1710,486,1820,788,172,179,1877,349,5150,663,13.8,16.6
2023,3,562.222,2,0,,יהודים,יהודי,חילוני,אחר,3,3,8,בבעלות,1,1,1,7,20327,16352,10176,65,1886,3975,484,0,1290,749,1027,701,0,39.1,19.2
2023,3,337.741,2,1,,יהודים,יהודי,חילוני,אחר,3,2,5,בבעלות,2,2,1,9,33878,29408,27734,3157,506,4677,1730,109,0,1746,2930,12700,179,16.9,13.2
2023,3,409.887,2,2,,אחר,מוסלמי,חילוני,אחר,3,2,4,,1,0,1,7,20137,19233,8993,1664,416,2980,600,0,0,2221,0,1102,10,33.1,23.1
2023,3,925.188,3,2,1,יהודים,יהודי,חרדי,אחר,3,2,4.5,בבעלות,1,1,1,4,18659,14189,18694,2297,1146,4470,2570,2224,352,1384,1225,2015,1012,23.9,18.4
2023,3,336.473,2,2,,יהודים,יהודי,אחר,,5,2,5,בבעלות,1,1,1,9,32165,24256,14507,1901,1866,6552,1393,50,0,657,404,1614,71,45.2,26.0
2023,3,652.781,4,2,2,יהודים,יהודי,מסורתי,,4,3,4,בבעלות,2,1,1,7,35224,29992,20116,2001,495,5332,2536,70,1251,222,3029,4370,810,26.5,12.4
2023,3,496.390,8,2,5,יהודים,יהודי,חרדי,,3,4,3,בבעלות,,0,2,1,12844,9238,13885,2502,593,4102,1291,712,784,145,2743,600,411,29.5,22.3
2023,3,302.684,2,2,,יהודים,יהודי,חילוני,אחר,3,3,7,בבעלות,2,2,1,10,161485,153366,26791,5884,1626,4145,5388,971,720,3106,2416,2017,520,15.5,28.0
2023,3,473.949,2,1,,יהודים,יהודי,אחר,כפרי,4,5,3.5,בבעלות,1,2,1,9,33818,27925,21120,2907,1223,5976,1519,1894,50,1496,330,5494,232,28.3,19.6
2023,3,435.083,7,1,5,ערבים,נוצרי,מסורתי,עירוני גדול,1,5,3,בבעלות,1,0,1,1,4188,1513,20921,2619,355,2675,1252,410,4268,182,4091,3866,1201,12.8,14.2
2023,3,667.841,3,2,,יהודים,יהודי,דתי,,3,3,5.5,בבעלות,1,0,2,8,36498,29498,18183,2741,583,7000,1444,1124,298,911,130,1404,2548,38.5,18.3
2023,3,821.823,4,4,,יהודים,יהודי,דתי,,3,3,6,בבעלות,1,0,1,8,39327,31356,31147,6758,1997,7097,2567,960,1737,1128,2933,4677,1293,22.8,28.1
2023,3,2180.136,1,1,,יהודים,יהודי,מסורתי,,3,3,4,בבעלות,1,0,2,9,19398,12998,18882,3360,883,6400,718,211,596,1357,1126,2635,1596,33.9,22.5
2023,3,867.390,1,0,,יהודים,יהודי,מסורתי,,3,3,5,בבעלות,,0,2,6,11767,4767,10895,1070,108,7000,1483,40,417,0,229,548,0,64.2,10.8
2023,3,633.801,2,0,,יהודים,יהודי,חילוני,,3,3,2,,,0,2,2,8018,8018,8856,2240,517,686,153,3062,535,1373,126,145,20,7.7,31.1
2023,3,999.981,1,1,,יהודים,יהודי,חילוני,עירוני קטן,4,4,3,,1,1,1,1,3424,3424,9343,1865,80,3672,792,182,121,573,1146,909,0,39.3,20.8
2023,3,249.831,3,2,1,יהודים,יהודי,חילוני,עירוני קטן,4,4,4,,1,1,2,5,21639,21639,18294,6814,1087,2980,1736,52,129,953,1361,722,2459,16.3,43.2
2023,3,455.313,2,2,,יהודים,יהודי,חילוני,,4,2,6,בבעלות,2,1,1,10,47916,40916,28317,704,862,7389,2176,58,199,1815,1194,10587,3334,26.1,5.5
2023,3,1429.873,2,2,,ערבים,נוצרי,מסורתי,,2,2,5,בבעלות,2,1,2,10,39577,34777,49576,1706,646,4800,1279,0,1390,2587,463,34767,1938,9.7,4.7
2023,3,653.321,4,4,,יהודים,יהודי,דתי,,4,3,6,בבעלות,2,1,1,8,39674,32113,25228,2830,1361,7703,3075,123,1806,385,2859,2251,2836,30.5,16.6
2023,3,1863.012,2,0,,יהודים,יהודי,חילוני,,3,3,4,בבעלות,,4,1,3,10756,7965,10990,2542,590,2938,562,1677,614,929,155,452,530,26.7,28.5
2023,3,1169.827,5,2,3,יהודים,יהודי,מסורתי,,5,4,5,בבעלות,2,2,1,8,50623,40626,23937,2682,0,9183,2652,867,596,475,5481,1948,55,38.4,11.2
2023,3,2146.715,1,0,,יהודים,יהודי,מסורתי,כפרי,4,5,2,בבעלות,1,0,1,2,5718,2296,8302,2038,793,3422,319,0,0,263,970,498,0,41.2,34.1
2023,3,533.069,5,3,1,ערבים,נוצרי,מסורתי,,2,2,4,בבעלות,1,2,1,2,18040,15861,32761,8852,1863,2179,2894,716,1290,997,5405,2360,6205,6.7,32.7
2023,3,426.197,4,1,,ערבים,נוצרי,מסורתי,,2,2,3,בבעלות,1,0,1,4,21078,18906,31365,8143,3881,2172,11251,83,0,2275,299,3045,216,6.9,38.3
2023,3,467.750,2,0,,ערבים,נוצרי,מסורתי,,2,2,3,בבעלות,,0,2,2,8422,6250,11718,4907,1531,2172,1565,116,0,792,0,140,496,18.5,54.9
2023,3,862.678,3,2,1,ערבים,נוצרי,מסורתי,,2,2,3,בבעלות,1,1,1,2,9852,7680,4617,375,65,2172,712,0,0,0,529,765,0,47.0,9.5
2023,3,333.915,12,2,8,יהודים,יהודי,חרדי,אחר,1,4,5,בבעלות,,1,1,1,14663,9816,18393,2628,1090,4847,1598,252,342,2058,4035,897,645,26.4,20.2
2023,3,594.817,5,2,3,יהודים,יהודי,חרדי,,3,4,4,בבעלות,1,2,1,9,54693,50155,20394,938,107,4539,1693,2438,1763,394,4597,1151,2773,22.3,5.1
2023,3,417.521,2,0,,ערבים,מוסלמי,מסורתי,,3,2,4,בבעלות,1,1,1,6,18485,15485,15135,2862,284,3000,792,1621,0,1853,0,4254,468,19.8,20.8
2023,3,869.924,4,2,2,יהודים,יהודי,חילוני,אחר,4,5,4,,1,1,1,5,24290,24290,15163,1292,255,4963,1700,1033,1191,323,789,3553,64,32.7,10.2
2023,3,1386.836,2,0,,יהודים,יהודי,דתי,אחר,4,5,4,בבעלות,1,2,1,3,11647,6084,13423,1154,215,5563,1025,0,271,1675,971,1487,1061,41.4,10.2
2023,3,1736.761,2,2,,יהודים,יהודי,חילוני,כפרי,4,5,4,,,2,1,6,19068,19068,11474,2051,417,2484,1303,493,854,184,2990,267,431,21.6,21.5
2023,3,938.581,2,2,,יהודים,יהודי,חילוני,כפרי,4,5,5,בבעלות,2,3,1,10,37048,28701,25649,4420,1043,5936,2093,343,228,3259,624,7378,326,23.1,21.3
2023,3,604.302,4,2,2,ערבים,מוסלמי,חילוני,,3,2,4,בבעלות,1,2,1,8,40967,38075,41846,5384,1356,2892,3665,859,5012,559,7762,13940,417,6.9,16.1
2023,3,1967.774,1,0,,יהודים,יהודי,מסורתי,כפרי,4,5,5,בבעלות,,0,1,5,10516,4919,9071,1064,465,5597,1022,70,0,308,167,171,206,61.7,16.9
2023,3,491.427,2,1,,יהודים,יהודי,חילוני,,3,1,3,בבעלות,1,1,1,6,18661,16050,18737,2893,1858,2666,597,60,119,3863,4620,486,1576,14.2,25.4
2023,3,740.429,5,3,1,יהודים,יהודי,מסורתי,,3,1,4,בבעלות,,3,1,4,24253,21423,20002,3112,1472,2911,1148,606,1066,777,7123,1325,460,14.6,22.9
2023,3,835.736,2,0,,יהודים,יהודי,דתי,כפרי,4,5,4.5,בבעלות,1,2,1,7,22347,16487,22784,0,0,10083,3086,1032,496,2318,2409,1337,2024,44.3,0.0
2023,3,107.617,1,0,,יהודים,יהודי,חילוני,,3,3,4.5,בבעלות,,1,1,10,22971,18901,14565,3359,0,4179,1602,0,0,1063,1545,899,1917,28.7,23.1
2023,3,361.183,2,1,,יהודים,יהודי,חילוני,,3,3,5,בבעלות,2,1,1,10,47941,43871,36234,6945,943,4197,2517,0,0,126,10345,11044,116,11.6,21.8
2023,3,457.130,3,2,,יהודים,יהודי,מסורתי,,3,3,3,בבעלות,,0,1,7,29375,27208,29966,2447,762,2167,833,283,249,0,579,519,22128,7.2,10.7
2023,3,905.089,3,3,,אחר,אחר,חילוני,,3,4,3,,,1,1,7,28934,28934,28113,2852,293,3577,1146,0,1438,1032,3211,13729,835,12.7,11.2
2023,3,1040.761,3,3,,יהודים,יהודי,דתי,אחר,3,2,4,,1,1,2,5,22941,22941,22721,5049,380,2980,1855,455,576,380,129,10651,265,13.1,23.9
2023,3,575.717,4,2,2,יהודים,יהודי,חילוני,,5,2,5,,2,2,1,9,46175,46175,30503,6293,1583,5696,2732,733,79,1497,7221,4260,408,18.7,25.8
2023,3,903.416,2,1,,יהודים,יהודי,חרדי,,3,3,2,,1,1,2,2,7387,7387,8924,2626,229,1788,95,642,0,233,431,1892,988,20.0,32.0
2023,3,978.313,2,2,,יהודים,יהודי,חילוני,,3,3,3,,1,0,1,6,17911,17911,14677,3059,295,2533,919,112,149,203,237,6638,531,17.3,22.9
2023,3,803.423,5,3,2,יהודים,יהודי,חילוני,,3,3,7,בבעלות,2,2,1,6,35211,31141,26419,8404,47,4219,2287,60,1296,658,2972,3866,2609,16.0,32.0
2023,3,553.690,2,1,,יהודים,יהודי,מסורתי,,3,3,6,בבעלות,2,1,1,8,28008,23938,18386,840,993,4070,2268,1394,0,2528,4729,1237,327,22.1,10.0
2023,3,1078.104,2,1,,יהודים,יהודי,חילוני,,5,4,6,בבעלות,2,1,1,9,30218,21035,45438,15522,2156,9559,2168,298,2084,3944,986,8605,116,21.0,38.9
2023,3,1220.173,1,1,,יהודים,יהודי,חילוני,,3,3,2,,1,2,1,4,7916,7916,11998,813,81,1489,1092,1254,1935,373,2090,2197,675,12.4,7.5
2023,3,362.286,6,2,4,יהודים,יהודי,מסורתי,,3,3,6,בבעלות,1,4,1,3,25335,21265,33120,7539,1178,4198,2063,355,0,186,1064,16432,104,12.7,26.3
2023,3,594.800,5,2,2,יהודים,יהודי,חרדי,עירוני גדול,1,5,4,בבעלות,1,2,1,3,18571,13441,47712,2298,0,5395,1519,0,22989,954,674,13484,399,11.3,4.8
2023,3,429.358,2,2,,יהודים,יהודי,חילוני,,3,2,3,בבעלות,1,0,1,8,27487,25298,16998,1816,865,2189,1101,159,1390,4089,66,4918,405,12.9,15.8
2023,3,942.474,10,3,7,יהודים,יהודי,חרדי,,1,5,4,,,0,2,1,19219,19219,21187,2794,1215,4963,1428,458,3060,1635,4158,516,960,23.4,18.9
2023,3,1065.024,5,1,3,יהודים,יהודי,חרדי,,1,5,4,בבעלות,,0,2,3,19059,14362,11467,1098,358,4697,636,378,1384,320,1925,153,518,41.0,12.7
2023,3,1086.423,2,1,,יהודים,יהודי,חרדי,,1,5,2,,,1,2,1,2495,2495,6056,870,203,3226,729,357,0,167,72,382,50,53.3,17.7
2023,3,388.743,5,2,3,יהודים,יהודי,חילוני,,4,4,4,בבעלות,2,8,1,7,38031,33433,26099,2611,1076,4640,2168,80,298,1378,6781,7067,0,17.8,14.1
2023,3,683.576,4,4,,יהודים,יהודי,חילוני,אחר,4,5,4,בבעלות,1,3,1,10,62284,55025,37800,4502,1832,5604,1799,0,4116,1120,1489,13126,4213,14.8,16.8
2023,3,719.294,1,0,,יהודים,יהודי,מסורתי,עירוני גדול,1,5,4,בבעלות,,0,2,5,10525,5395,8601,727,43,5130,350,0,0,2094,209,31,18,59.6,9.0
2023,3,1190.337,1,0,,יהודים,יהודי,לא ידוע,עירוני גדול,1,5,3,,,0,1,3,6127,2226,6024,569,152,3901,416,0,50,195,249,459,34,64.8,12.0
2023,3,535.246,1,1,,יהודים,יהודי,חרדי,עירוני גדול,1,5,5,בבעלות,,1,2,8,16663,9212,15876,4316,1266,7451,2009,43,129,69,160,400,33,46.9,35.2
2023,3,128.684,1,1,,אחר,אחר,חילוני,,4,3,4,בבעלות,2,1,1,10,56350,52661,18195,1508,545,3774,1342,580,984,1427,2923,5111,0,20.7,11.3
2023,3,770.456,1,0,,יהודים,יהודי,מסורתי,,3,1,3,,,0,2,1,3938,3938,4836,2116,437,149,332,85,218,973,172,354,0,3.1,52.8
2023,3,381.045,4,3,1,ערבים,נוצרי,מסורתי,,2,2,4,בבעלות,2,2,1,2,14817,12056,21696,3506,1236,7724,1183,151,0,478,2262,3784,1371,35.6,21.9
2023,3,300.026,6,3,3,ערבים,נוצרי,מסורתי,,2,2,7,בבעלות,2,3,1,5,32673,28673,72517,8522,2036,4051,1719,2231,2200,865,4892,40165,5836,5.6,14.6
2023,3,372.068,2,1,,יהודים,יהודי,חילוני,,4,1,4,בבעלות,1,0,1,8,24562,20562,16370,1935,893,4000,1950,50,0,6401,339,802,0,24.4,17.3
2023,3,1063.622,3,1,,יהודים,יהודי,חילוני,,4,1,3.5,בבעלות,,1,1,6,23492,20492,16065,4120,698,3000,6071,86,278,1279,167,156,210,18.7,30.0
2023,3,593.072,8,1,6,יהודים,יהודי,דתי,,4,1,3.5,,1,1,1,1,10238,10238,15205,3640,2575,2980,1433,140,650,133,1290,2106,258,19.6,40.9
2023,3,460.560,2,2,,יהודים,יהודי,מסורתי,,4,1,5,בבעלות,2,1,1,10,58311,52406,16824,3664,502,5255,2397,0,1092,1460,688,1627,139,31.2,24.8
2023,3,693.562,1,0,,יהודים,יהודי,חילוני,,4,1,4,בבעלות,1,1,1,8,15990,12490,16896,236,432,3500,1060,172,159,2315,597,8281,144,20.7,4.0
2023,3,693.618,5,3,2,יהודים,יהודי,חילוני,,4,1,6,בבעלות,1,3,1,5,27880,22053,23765,2455,879,6019,3520,765,347,629,2392,5336,1422,25.3,14.0
2023,3,1586.502,4,4,,יהודים,יהודי,חילוני,,4,1,5,בבעלות,2,3,1,10,78553,74053,27796,1078,1566,4914,2327,0,993,4619,995,7096,4209,17.7,9.5
2023,3,508.325,3,3,,יהודים,יהודי,דתי,,3,3,6,בבעלות,1,3,1,9,39279,33142,25547,2375,427,6145,3873,1315,0,1356,4120,5621,315,24.1,11.0
2023,3,825.897,5,2,3,ערבים,נוצרי,מסורתי,,2,2,3,בבעלות,2,1,1,2,15125,12659,28566,3446,1508,2466,2704,1317,2653,422,4075,8876,1100,8.6,17.3
2023,3,552.318,4,4,,יהודים,יהודי,מסורתי,עירוני גדול,1,5,4,בבעלות,1,0,2,7,35273,30143,20312,3449,0,7171,1242,0,0,592,479,7311,66,35.3,17.0
2023,3,373.658,4,3,1,יהודים,יהודי,מסורתי,עירוני גדול,1,5,6,בבעלות,2,2,1,9,50135,41893,32554,2518,0,7451,1448,87,218,1509,1361,17462,499,22.9,7.7
2023,3,164.296,3,1,2,ערבים,דרוזי,מסורתי,,2,1,4,,,1,1,1,6872,6872,14905,1578,733,1242,4401,60,2581,751,750,627,2182,8.3,15.5
2023,3,885.277,7,5,3,יהודים,יהודי,מסורתי,כפרי,4,5,5,בבעלות,2,1,1,2,21428,15831,26590,1169,593,15803,1339,390,1899,935,1170,1984,1309,59.4,6.6
2023,3,1671.629,5,1,3,ערבים,נוצרי,מסורתי,,2,2,4,בבעלות,1,1,1,1,6191,4012,22175,8490,843,2179,2045,2232,3731,852,0,1454,349,9.8,42.1
2023,3,332.326,2,0,,ערבים,נוצרי,מסורתי,,1,3,2,בבעלות,1,0,2,1,6394,4650,10760,1798,733,1744,1768,0,794,1782,100,1941,100,16.2,23.5
2023,2,663.585,1,0,,יהודים,יהודי,מסורתי,אחר,4,4,1.5,,,1,2,1,4028,4028,6192,238,89,509,390,37,271,4481,91,85,0,8.2,5.3
2023,3,254.709,6,3,2,יהודים,יהודי,חרדי,עירוני גדול,1,5,5,,,1,1,2,20617,20617,27246,3577,2518,6981,2597,229,480,2510,4216,1379,2760,25.6,22.4
2023,3,409.487,2,2,,יהודים,יהודי,מסורתי,כפרי,4,5,3.5,בבעלות,1,2,1,9,32640,26747,15055,830,686,5943,2437,1466,1305,669,428,1141,150,39.5,10.1
2023,3,1163.411,4,1,,אחר,אחר,חילוני,כפרי,4,5,3,,1,1,1,8,38380,38380,13347,3189,477,4967,743,372,99,1313,56,2097,35,37.2,27.5
2023,3,525.200,4,2,2,יהודים,יהודי,חילוני,,3,3,4,בבעלות,2,2,1,7,34639,31848,19439,2325,867,3142,1584,0,764,576,5596,4336,249,16.2,16.4
2023,3,1445.872,3,2,,יהודים,יהודי,חילוני,כפרי,4,5,4,,2,3,1,3,14840,14840,18974,1719,328,5464,2083,1361,1241,844,2956,1574,1404,28.8,10.8
2023,3,2630.388,2,0,,יהודים,יהודי,מסורתי,כפרי,4,5,3,בבעלות,,1,1,3,9973,6306,7007,1451,208,3667,740,0,0,554,30,357,0,52.3,23.7
2023,3,584.079,5,4,,יהודים,יהודי,דתי,,3,4,6,בבעלות,2,2,1,5,29638,24637,22627,924,165,5001,1286,479,367,871,5482,7798,255,22.1,4.8
2023,3,517.104,5,2,3,ערבים,מוסלמי,חילוני,,3,2,3,בבעלות,2,1,1,6,36149,33960,22024,1854,1345,2189,1343,330,2432,297,3499,7246,1489,9.9,14.5
2023,3,388.184,3,3,,יהודים,יהודי,מסורתי,אחר,4,4,5,בבעלות,1,1,1,9,40257,35682,25216,2141,1045,4575,1745,9695,1390,584,1987,1581,474,18.1,12.6
2023,3,463.852,2,2,,יהודים,יהודי,חילוני,אחר,4,4,5,בבעלות,2,1,1,10,48415,43840,22660,2217,58,6107,1558,2608,437,307,1627,7740,0,27.0,10.0
2023,3,1023.517,5,3,,יהודים,יהודי,מסורתי,כפרי,4,5,5,בבעלות,2,5,1,9,59619,51874,22771,2876,1851,5796,2339,39,0,1820,392,7202,457,25.5,20.8
2023,3,376.358,1,1,,יהודים,יהודי,חילוני,,3,2,3,,,0,2,1,4272,4272,1606,152,14,745,476,10,40,0,0,168,0,46.4,10.3
2023,3,518.239,5,1,3,יהודים,יהודי,חרדי,עירוני גדול,1,5,4,,1,2,1,2,16320,16320,16337,302,0,5961,1223,182,1568,307,1206,5190,399,36.5,1.8
2023,3,413.803,3,3,,יהודים,יהודי,מסורתי,עירוני גדול,1,5,5,בבעלות,2,0,1,10,50848,43397,21241,725,1451,7865,2633,0,1072,212,927,6186,171,37.0,10.2
2023,3,312.731,2,2,,יהודים,יהודי,דתי,כפרי,3,4,7,בבעלות,2,2,1,8,26601,21619,29621,8129,2219,5081,2182,2142,0,1629,6022,2156,62,17.2,34.9
2023,3,357.160,2,0,,יהודים,יהודי,חילוני,,5,4,5,בבעלות,2,1,1,7,20329,12440,34706,4081,276,8144,2565,400,500,3957,1970,11335,1479,23.5,12.6
2023,3,513.624,2,0,,יהודים,יהודי,מסורתי,,5,4,4,בבעלות,2,0,1,9,28485,22452,33494,1162,720,6585,4169,3931,216,7537,888,8287,0,19.7,5.6
2023,3,180.657,1,0,,יהודים,יהודי,חילוני,,3,2,4,בבעלות,1,2,1,5,10659,7859,7343,0,0,2899,1474,0,0,1170,249,454,1097,39.5,0.0
2023,3,1529.578,5,5,,יהודים,יהודי,חילוני,,4,1,5,בבעלות,2,3,1,9,57309,52342,27536,2885,1468,5217,3103,686,546,1534,726,10983,389,18.9,15.8
2023,3,596.444,2,0,,יהודים,יהודי,חילוני,עירוני קטן,4,4,5,בבעלות,1,2,1,7,21808,16471,18617,240,883,5337,1828,96,0,2726,267,7210,30,28.7,6.0
2023,3,1809.297,3,1,1,אחר,מוסלמי,מסורתי,אחר,2,5,3,,1,0,1,2,10991,10991,6974,1019,504,3474,718,0,199,129,239,693,0,49.8,21.8
2023,3,1967.774,1,0,,יהודים,יהודי,חילוני,אחר,2,5,2,,,0,2,2,5997,5997,12132,7120,575,2184,1008,43,0,0,0,1,1201,18.0,63.4
2023,3,1328.295,4,3,1,יהודים,יהודי,חילוני,אחר,2,5,5,בבעלות,2,3,1,9,54447,49150,39891,2831,1725,5543,1922,1636,1707,3213,4267,13382,3664,13.9,11.4
2023,3,746.145,7,2,5,יהודים,יהודי,חרדי,אחר,1,4,5,בבעלות,1,1,1,8,58991,54144,16426,3215,891,4847,1028,496,226,1268,2457,1631,368,29.5,25.0
2023,3,515.065,2,0,,יהודים,יהודי,חילוני,,4,4,3,,1,1,1,6,18454,15062,11933,679,274,3444,1734,215,0,1519,184,3866,17,28.9,8.0
2023,3,778.688,1,0,,יהודים,יהודי,חילוני,,3,3,1.5,,,0,2,2,5331,3544,3447,0,0,1787,554,0,0,0,0,50,1056,51.8,0.0
2023,3,470.185,5,2,3,יהודים,יהודי,אחר,עירוני גדול,1,5,3,,1,1,1,4,27316,27316,19416,2801,1275,4769,2074,3445,159,214,2148,1450,1080,24.6,21.0
2023,3,725.112,3,1,2,יהודים,יהודי,מסורתי,עירוני גדול,1,5,3,,1,2,1,1,8929,8929,20541,3570,0,4620,1163,642,1439,201,4734,3201,971,22.5,17.4
2023,3,480.509,1,0,,יהודים,יהודי,דתי,עירוני גדול,1,5,4,בבעלות,1,1,1,6,11073,5943,23573,1039,465,5130,726,1366,0,1507,219,12324,797,21.8,6.4
2023,3,1142.869,4,2,1,יהודים,יהודי,דתי,עירוני גדול,1,5,4,,1,0,1,2,15076,15076,17285,844,0,6954,1435,0,734,594,1430,5193,100,40.2,4.9
2023,3,729.984,3,1,,יהודים,יהודי,מסורתי,אחר,3,2,4,בבעלות,,0,1,5,20398,16729,10518,424,182,3669,4139,100,496,764,194,319,231,34.9,5.8
2023,3,517.353,4,0,2,יהודים,יהודי,אחר,אחר,3,2,5,,1,3,1,6,30795,30795,28970,5538,1316,6128,2768,488,0,2912,6477,2804,540,21.2,23.7
2023,3,1353.811,2,0,,ערבים,נוצרי,חילוני,,4,3,3,,,2,1,1,2720,2720,6779,524,0,2978,488,0,199,184,1470,849,86,43.9,7.7
2023,3,664.664,6,2,4,יהודים,יהודי,דתי,,4,3,4,,2,1,1,2,16818,16818,20844,2963,251,5464,1344,3177,766,747,4668,1284,182,26.2,15.4
2023,3,1780.207,3,3,,יהודים,יהודי,דתי,אחר,2,5,3,בבעלות,1,2,2,7,30525,27404,8967,2340,143,3121,1311,0,0,0,1160,598,294,34.8,27.7
2023,3,1203.333,4,2,2,יהודים,יהודי,חילוני,כפרי,4,5,4,,1,3,1,5,23362,23362,31434,2254,891,6325,2086,63,199,1842,3122,13637,1016,20.1,10.0
2023,3,509.221,5,2,3,יהודים,יהודי,מסורתי,,3,3,4,בבעלות,2,3,1,6,35164,32373,13718,3415,0,2862,1308,544,218,231,2550,1813,776,20.9,24.9
2023,3,563.433,6,2,4,יהודים,יהודי,חילוני,,3,3,5,בבעלות,1,4,1,6,40211,36141,24539,2388,120,4080,2412,416,1443,329,5422,4772,3158,16.6,10.2
2023,3,448.865,1,1,,יהודים,יהודי,חילוני,כפרי,4,5,2.5,בבעלות,1,0,2,6,11398,7686,12147,3268,711,3712,552,180,546,586,1543,704,345,30.6,32.8
2023,3,1052.420,1,0,,יהודים,יהודי,מסורתי,,3,3,4,,,1,1,3,7190,7190,7429,29,0,3676,287,0,0,762,179,149,2346,49.5,0.4
2023,3,692.614,3,1,,יהודים,יהודי,מסורתי,עירוני קטן,4,4,3,בבעלות,1,0,2,2,11637,9817,7704,2385,151,1853,1146,0,0,1432,199,538,0,24.1,32.9
2023,3,835.429,1,1,,יהודים,יהודי,חילוני,עירוני קטן,4,4,1,,,1,1,1,4209,3821,4922,388,0,1985,337,20,82,28,1263,818,0,40.3,7.9
2023,3,1160.034,5,3,1,ערבים,נוצרי,דתי,,1,3,4,בבעלות,1,1,1,2,13947,12242,27980,9352,2014,1705,1720,839,596,183,4843,3928,2801,6.1,40.6
2023,3,315.965,2,0,,יהודים,יהודי,אחר,עירוני קטן,4,4,5,בבעלות,1,1,1,9,28951,23614,25573,5050,522,5506,1450,789,552,3283,1184,6903,334,21.5,21.8
2023,3,456.310,4,1,2,יהודים,יהודי,חרדי,עירוני קטן,4,4,4,בבעלות,1,2,1,4,19510,16344,13311,733,275,3201,802,23,298,1921,3333,1923,804,24.0,7.6
2023,3,467.435,1,0,,יהודים,יהודי,חילוני,עירוני קטן,4,4,3,בבעלות,,1,1,3,6490,4670,5944,2113,275,1820,192,0,79,972,194,264,34,30.6,40.2
2023,2,937.610,6,1,4,יהודים,יהודי,חילוני,,3,4,5,בבעלות,1,1,1,1,14942,8367,23727,1431,852,6575,2426,197,251,104,426,11263,204,27.7,9.6
2023,3,510.598,1,0,,יהודים,יהודי,חילוני,,3,4,5,,1,1,1,4,8748,8748,12544,3018,0,4963,1959,0,0,944,583,1077,0,39.6,24.1
2023,3,274.251,2,2,,יהודים,יהודי,חילוני,,3,4,4,בבעלות,,0,1,8,23708,19695,6795,292,0,4060,1088,0,0,167,248,474,466,59.7,4.3
2023,3,663.550,4,1,2,יהודים,יהודי,חילוני,,3,2,5,בבעלות,2,3,1,6,31344,27148,32434,4260,368,4196,988,232,1092,1380,4969,14935,15,12.9,14.3
2023,3,220.633,5,1,3,ערבים,נוצרי,מסורתי,עירוני גדול,1,5,3,בבעלות,1,1,1,2,13951,11276,7578,1173,260,2675,810,80,350,134,346,842,909,35.3,18.9
2023,3,2039.826,5,1,3,ערבים,נוצרי,מסורתי,עירוני גדול,1,5,3,,2,2,1,2,15586,12911,19747,2948,1143,2675,1339,10,1965,1762,3003,4382,519,13.5,20.7
2023,3,1466.082,1,1,,יהודים,יהודי,חילוני,,4,4,3,,1,1,1,1,2360,2360,3866,194,0,1987,429,0,347,103,53,568,184,51.4,5.0
2023,3,629.257,3,1,2,יהודים,יהודי,חילוני,,3,4,5,בבעלות,1,1,1,5,21241,15020,16850,2054,307,6360,1083,0,377,1210,1198,4168,94,37.7,14.0
2023,3,523.242,3,1,,ערבים,מוסלמי,מסורתי,,2,3,4,,,1,1,3,15338,12905,8504,3530,767,2433,873,130,0,0,100,670,0,28.6,50.5
2023,3,216.526,2,0,,ערבים,נוצרי,מסורתי,,2,3,3,בבעלות,1,0,2,1,5139,2988,12622,4006,1274,2151,560,133,496,899,0,2007,1095,17.0,41.8
2023,3,501.165,4,1,2,יהודים,יהודי,חילוני,עירוני גדול,1,5,3.5,בבעלות,1,3,1,7,35092,29962,18582,819,457,5130,1628,346,698,3329,3275,2828,73,27.6,6.9
2023,3,393.524,5,2,3,יהודים,יהודי,חרדי,עירוני גדול,1,5,4,,2,2,1,2,17590,17590,17838,2902,1699,5558,754,210,107,818,3232,1750,807,31.2,25.8
2023,3,990.375,2,1,,יהודים,יהודי,מסורתי,כפרי,3,4,3,בבעלות,1,2,1,7,23153,19751,11460,631,347,3402,855,2939,228,418,159,2310,172,29.7,8.5
2023,3,606.163,3,3,,יהודים,יהודי,חילוני,כפרי,3,4,4,,1,1,1,2,11835,11835,5738,587,22,3179,907,0,0,0,0,676,367,55.4,10.6
2023,4,623.530,2,1,1,יהודים,יהודי,דתי,עירוני קטן,4,4,3,בבעלות,1,3,2,7,21860,20040,21739,469,0,4165,1086,6325,1798,600,1206,4129,1963,19.2,2.2
2023,3,594.969,6,2,4,יהודים,יהודי,מסורתי,,4,2,5,בבעלות,2,1,2,5,33423,27846,37600,4269,507,5543,3488,457,4142,1074,1159,9508,7454,14.7,12.7
2023,3,515.187,2,1,,ערבים,דרוזי,מסורתי,,2,1,2,בבעלות,1,0,2,7,20346,18539,18351,5782,1111,1807,765,1743,318,3734,179,2763,149,9.8,37.6
2023,4,1201.334,3,1,,ערבים,דרוזי,דתי,,2,1,4,בבעלות,1,1,1,3,15455,13595,22208,3475,1677,1860,2016,2614,596,6315,0,3001,653,8.4,23.2
2023,3,482.350,4,2,2,ערבים,דרוזי,מסורתי,,2,1,4,בבעלות,1,1,1,3,16415,14555,24600,3915,1421,1860,1679,100,3075,1427,2905,6924,1294,7.6,21.7
2023,3,695.562,5,1,3,יהודים,יהודי,חרדי,,3,4,3.5,בבעלות,,1,2,2,17260,12722,17655,1713,460,4538,926,0,3507,360,4045,610,1496,25.7,12.3
2023,3,661.091,5,2,3,יהודים,יהודי,דתי,אחר,2,3,4,,1,0,1,3,20903,20903,23285,2607,1275,4035,2520,102,734,610,2347,8425,630,17.3,16.7
2023,3,336.733,6,4,1,ערבים,נוצרי,דתי,,2,3,4,בבעלות,2,5,1,6,39765,37332,22195,3480,1188,2433,1529,65,7310,1721,1226,1652,1593,11.0,21.0
2023,3,539.307,2,1,,ערבים,מוסלמי,מסורתי,,2,3,3,בבעלות,1,1,1,1,6934,4783,14097,7140,453,2151,1341,159,0,474,0,2379,0,15.3,53.9
2023,3,711.562,1,0,,ערבים,נוצרי,מסורתי,,2,3,2,בבעלות,,0,2,3,6300,3875,12007,4626,1268,2425,1273,1176,695,0,0,449,95,20.2,49.1
2023,3,216.526,2,0,,ערבים,נוצרי,דתי,,2,3,2,בבעלות,,0,2,2,8906,6481,10113,2975,65,2425,964,215,1151,946,0,70,1302,24.0,30.1
2023,3,2357.131,1,1,,יהודים,יהודי,חילוני,עירוני קטן,4,4,4,בבעלות,,1,1,9,21467,18301,10931,0,0,3166,1366,136,3191,110,1704,1235,25,29.0,0.0
2023,3,454.862,3,0,2,יהודים,יהודי,חילוני,עירוני קטן,4,4,3,,1,2,1,1,7631,7631,12701,4658,482,2617,610,86,397,667,2387,658,138,20.6,40.5
2023,3,485.538,2,1,,אחר,אחר,חילוני,עירוני קטן,4,4,4,,,3,1,6,17689,17366,17601,2826,1136,2481,400,83,99,110,3968,516,5982,14.1,22.5
2023,3,1410.034,2,2,,אחר,אחר,חילוני,עירוני קטן,4,4,1,,,2,1,7,22565,22565,7863,3319,791,2186,387,33,149,186,253,316,243,27.8,52.3
2023,3,1626.198,5,2,3,ערבים,נוצרי,מסורתי,,1,3,3,בבעלות,1,2,1,3,19124,17294,20246,5312,1121,1830,1653,165,1886,145,4439,1752,1943,9.0,31.8
2023,3,2066.977,3,1,1,ערבים,נוצרי,מסורתי,,1,3,2,בבעלות,1,0,1,2,9345,8145,15071,5603,1091,1200,1368,3490,604,0,0,656,1060,8.0,44.4
2023,2,534.159,8,5,4,יהודים,יהודי,מסורתי,,3,4,5,,,6,1,4,31796,31796,15383,1512,553,5612,1704,174,0,2593,670,1114,1453,36.5,13.4
2023,2,1206.459,2,1,,יהודים,יהודי,חילוני,,3,4,5,בבעלות,1,1,1,4,13903,7328,16477,2607,717,6789,2269,2234,0,847,416,514,87,41.2,20.2
2023,3,878.729,6,1,4,יהודים,יהודי,דתי,,3,4,5,בבעלות,2,2,1,7,46070,39495,25249,3554,470,6575,4602,0,0,471,3792,5695,91,26.0,15.9
2023,3,772.711,6,2,4,יהודים,יהודי,חילוני,,3,4,3.5,,1,2,1,3,23921,23882,12189,1476,278,3772,519,200,556,372,3934,1083,0,30.9,14.4
2023,3,1490.766,2,1,,יהודים,יהודי,חילוני,,3,4,2,,1,0,2,3,10946,10946,6366,1101,476,2992,453,0,180,0,0,1164,0,47.0,24.8
2023,3,604.397,4,2,2,ערבים,נוצרי,חילוני,,3,2,4,בבעלות,2,1,1,8,40510,37618,16728,1983,78,2892,1498,1500,1309,837,921,4680,1030,17.3,12.3
2023,3,302.751,6,2,4,יהודים,יהודי,מסורתי,עירוני גדול,1,5,4,,1,2,1,2,16617,16617,12238,2095,323,4566,367,117,0,523,2659,1042,548,37.3,19.8
2023,3,677.676,3,1,2,אחר,מוסלמי,חילוני,עירוני גדול,1,5,3,,,1,1,1,9229,9229,16798,1683,357,3775,1522,897,1687,1758,511,3023,1584,22.5,12.1
2023,3,550.388,4,2,2,יהודים,יהודי,דתי,עירוני גדול,1,5,4,,1,2,1,2,15661,15661,20350,1245,191,4513,1127,235,499,996,4829,5831,882,22.2,7.1
2023,2,1817.614,2,2,,יהודים,יהודי,חילוני,,3,4,4,בבעלות,1,1,1,5,17000,12107,13853,3307,665,4979,561,232,50,391,1039,1769,859,35.9,28.7
2023,3,973.509,2,1,,יהודים,יהודי,מסורתי,,3,2,3,בבעלות,,0,2,6,18034,15563,11174,431,0,2471,7053,0,667,363,0,190,0,22.1,3.9
2023,3,3065.752,1,1,,יהודים,יהודי,מסורתי,,3,2,1,,1,1,1,5,9877,9877,6427,2065,469,577,423,0,0,191,123,1767,812,9.0,39.4
2023,3,546.082,5,2,3,יהודים,יהודי,מסורתי,,3,2,4,,2,3,1,4,23069,23069,26042,3745,387,3391,1816,351,1300,1981,2963,9348,759,13.0,15.9
2023,3,175.478,1,0,,יהודים,יהודי,מסורתי,,3,2,4,,1,1,1,10,27115,27115,11399,385,1148,3917,550,1234,0,557,870,1618,1120,34.4,13.4
2023,3,640.781,1,1,,יהודים,יהודי,מסורתי,,3,2,4,,1,2,1,10,24601,23844,16581,1768,912,3474,1109,2299,0,1613,401,1335,3669,21.0,16.2
2023,3,1048.359,1,1,,יהודים,יהודי,חילוני,,3,2,4,,1,1,1,10,36123,36123,33744,7631,0,5440,998,1445,570,638,2969,3423,10631,16.1,22.6
2023,3,617.092,4,3,2,יהודים,יהודי,חילוני,,4,3,5,,2,5,1,4,22277,22277,27723,3472,893,5931,4620,154,243,1957,2729,6661,1062,21.4,15.7
2023,3,481.815,1,1,,יהודים,יהודי,מסורתי,,4,3,5,בבעלות,1,2,1,7,14216,8309,9200,296,86,5907,1667,0,0,900,0,344,0,64.2,4.2
2023,3,554.055,2,2,,יהודים,יהודי,חילוני,,4,2,5,בבעלות,2,1,1,10,47973,41515,49033,3322,1414,6570,1973,67,39,14238,2302,16961,2148,13.4,9.7
2023,3,909.441,2,2,,יהודים,יהודי,חילוני,כפרי,3,4,2,,1,2,1,3,11545,11545,9383,1379,554,2878,539,0,99,143,0,3532,259,30.7,20.6
2023,3,845.648,2,2,,יהודים,יהודי,חילוני,כפרי,3,4,2,בבעלות,2,0,1,6,19477,16401,16646,1450,140,2824,4137,1752,0,593,1505,4244,0,17.0,9.6
2023,4,679.277,4,0,3,אחר,מוסלמי,חילוני,,3,4,2,,,0,1,1,5124,5124,4974,862,647,248,378,0,0,0,2341,368,129,5.0,30.3
2023,3,528.883,6,2,4,יהודים,יהודי,חרדי,עירוני גדול,1,5,6,בבעלות,1,2,1,7,43574,36123,53674,7133,611,7536,3936,12388,949,3209,3345,11107,3462,14.0,14.4
2023,3,448.679,2,0,,יהודים,יהודי,דתי,עירוני גדול,1,5,5,בבעלות,1,1,1,7,20591,13140,21123,983,805,7791,2735,50,597,4829,2084,597,651,36.9,8.5
2023,3,404.829,9,2,4,יהודים,יהודי,חרדי,,3,4,4,בבעלות,,2,2,1,18473,13935,23404,5464,492,4538,1242,694,744,2467,7107,324,331,19.4,25.4
2023,3,1002.466,4,3,,יהודים,יהודי,מסורתי,אחר,2,3,5,בבעלות,2,1,1,10,61317,56975,13604,1514,280,4404,1975,444,762,775,1506,1653,292,32.4,13.2
2023,3,792.597,5,2,3,יהודים,יהודי,חילוני,אחר,2,3,5,בבעלות,2,1,1,7,41456,37028,24216,4479,1168,4401,2669,781,1439,423,6156,1229,1470,18.2,23.3
2023,3,1079.094,6,2,4,ערבים,נוצרי,דתי,,1,3,6,בבעלות,1,1,1,2,15548,13350,19062,3248,1607,2198,1996,698,2084,1121,698,5412,0,11.5,25.5
2023,3,467.209,7,1,5,ערבים,נוצרי,דתי,,1,3,4,בבעלות,1,1,2,1,12198,10493,17865,7073,909,1705,2221,209,289,1605,1491,2296,67,9.5,44.7
2023,4,724.964,1,0,,יהודים,יהודי,חילוני,אחר,3,3,2,,,1,1,2,4795,4795,2217,614,501,156,143,665,0,0,83,55,0,7.0,50.3
2023,3,279.304,2,2,,יהודים,יהודי,מסורתי,,3,4,4,בבעלות,2,2,1,10,40013,36000,25946,2093,787,4013,1044,1476,0,145,162,14267,1959,15.5,11.1
2023,4,1619.191,5,2,3,יהודים,יהודי,מסורתי,,3,4,4,בבעלות,2,1,1,6,36286,31393,15391,2243,661,4893,2129,356,894,443,2457,1080,235,31.8,18.9
2023,4,1298.897,5,4,,יהודים,יהודי,מסורתי,,3,4,5,בבעלות,2,2,1,8,50117,43542,22534,3127,294,6575,2737,1196,1460,3579,233,2936,397,29.2,15.2
2023,3,647.369,4,2,,יהודים,יהודי,דתי,,2,4,5,,1,0,2,3,17241,17241,12655,3347,314,5399,1809,0,79,128,0,1478,100,42.7,28.9
2023,4,715.020,5,4,1,יהודים,יהודי,חילוני,כפרי,3,4,5,בבעלות,1,2,1,7,40032,33468,20132,3462,1922,4982,1964,529,1023,802,2798,2247,402,24.7,26.7
2023,3,749.019,2,1,,יהודים,יהודי,מסורתי,,5,4,7,בבעלות,2,2,1,10,44786,36897,31015,2879,1440,7889,1424,83,0,983,1037,15215,64,25.4,13.9
2023,3,553.568,2,2,,יהודים,יהודי,חילוני,,5,4,5,בבעלות,1,0,1,8,23499,15610,16798,1339,422,8060,1355,2047,200,703,468,2185,20,48.0,10.5
2023,3,440.550,3,3,,יהודים,יהודי,מסורתי,,3,1,4,בבעלות,2,2,1,10,50424,47594,26635,2894,765,2932,1408,733,3051,926,515,13101,311,11.0,13.7
2023,3,507.262,2,1,,יהודים,יהודי,חילוני,,5,4,5,בבעלות,,1,1,10,35391,27164,12896,1866,6,8329,1950,0,0,306,240,200,0,64.6,14.5
2023,4,213.646,1,1,,יהודים,יהודי,דתי,עירוני קטן,4,4,4,,1,1,2,8,14975,14975,7576,1204,468,3179,1354,0,99,575,169,526,0,42.0,22.1
2023,3,1048.922,5,2,,יהודים,יהודי,חילוני,,5,2,6,בבעלות,2,5,1,8,45737,36924,51230,1915,241,6662,2927,2461,844,737,8388,26418,637,13.0,4.2
2023,4,1371.871,1,0,,יהודים,יהודי,מסורתי,כפרי,4,5,3.5,בבעלות,,1,1,8,15463,9570,10815,1700,599,5970,1047,47,0,557,298,464,133,55.2,21.3
2023,4,915.850,2,2,,אחר,אחר,חילוני,עירוני קטן,4,4,2,,,1,1,4,13688,13688,9944,1565,205,2472,636,604,894,0,1051,620,1897,24.9,17.8
2023,3,667.149,1,0,,יהודים,יהודי,מסורתי,עירוני קטן,4,4,4,בבעלות,1,1,1,8,15479,12313,16934,4787,1653,3166,2766,2265,0,496,223,1349,229,18.7,38.0
2023,3,212.999,2,2,,אחר,אחר,חילוני,עירוני קטן,4,4,3,,1,3,1,6,17596,17596,18534,2443,701,1788,911,100,0,1012,2218,9163,199,9.6,17.0
2023,3,1904.529,6,2,4,ערבים,נוצרי,מסורתי,,1,3,5,בבעלות,1,1,1,1,14777,12579,21552,2575,3379,2323,1259,906,4913,248,2811,2811,328,10.8,27.6
2023,3,1542.611,3,2,,ערבים,נוצרי,מסורתי,,1,3,3,בבעלות,1,0,1,2,12760,10930,7783,1031,479,1830,1449,0,496,150,0,2220,129,23.5,19.4
2023,4,779.526,3,2,1,יהודים,יהודי,אחר,,3,4,5,בבעלות,2,2,1,6,23888,18887,22112,3437,0,5001,3054,0,805,704,5630,3308,173,22.6,15.5
2023,3,893.296,4,2,2,יהודים,יהודי,חילוני,,3,4,5,בבעלות,2,4,1,10,70192,63448,99796,8883,1629,6575,4544,4094,119,6009,5815,61857,271,6.6,10.5
2023,3,407.059,1,0,,יהודים,יהודי,חרדי,עירוני גדול,1,5,3.5,בבעלות,,0,2,4,8974,3844,26577,1938,0,5130,982,0,0,838,70,566,17052,19.3,7.3
2023,3,332.151,9,2,5,יהודים,יהודי,חרדי,עירוני גדול,1,5,4,בבעלות,,1,2,1,15418,10288,16501,2466,498,5130,600,200,850,546,5416,796,0,31.1,18.0
2023,4,368.244,6,2,4,יהודים,יהודי,חילוני,כפרי,3,4,6,בבעלות,2,2,1,7,44174,39192,19828,2999,303,5058,2487,80,0,1792,5966,988,154,25.5,16.7
2023,3,477.473,2,2,,אחר,אחר,חילוני,,3,3,5,בבעלות,1,2,1,5,17347,12681,19192,0,673,3717,743,2705,238,483,1140,6611,2881,19.4,3.5
2023,3,734.311,2,1,,יהודים,יהודי,חילוני,,5,4,8,בבעלות,2,2,1,10,38799,30572,35454,1992,721,8533,2913,43,0,4594,1984,14476,197,24.1,7.7
2023,3,212.909,1,0,,יהודים,יהודי,מסורתי,עירוני גדול,1,5,4,בבעלות,1,1,1,9,18639,13509,17432,2195,57,5130,1962,30,0,4224,329,3505,0,29.4,12.9
2023,3,459.263,2,1,,יהודים,יהודי,מסורתי,עירוני גדול,1,5,6,בבעלות,2,1,1,9,33848,26397,29441,8953,2447,7451,3545,143,447,705,1207,3742,801,25.3,38.7
2023,3,185.129,1,1,,יהודים,יהודי,דתי,עירוני גדול,1,5,5,בבעלות,1,2,1,10,29514,22063,35971,930,967,11144,6506,146,0,2877,904,5258,7238,31.0,5.3
2023,3,1037.945,6,2,4,ערבים,נוצרי,מסורתי,,1,3,5,בבעלות,2,2,1,3,23056,20858,41109,8016,608,2198,2415,1018,2812,2558,5889,13618,1976,5.3,21.0
2023,2,1104.191,3,3,,יהודים,יהודי,דתי,,3,4,5,בבעלות,1,4,1,10,57562,50726,14241,1389,0,6745,2145,59,89,1396,612,1654,151,47.4,9.8
2023,3,1359.357,4,2,2,אחר,נוצרי,דתי,אחר,3,5,3,,,1,2,1,9995,9995,8200,2251,349,3006,739,67,35,239,680,834,0,36.7,31.7
2023,3,721.973,6,1,4,יהודים,יהודי,דתי,עירוני גדול,1,5,5,בבעלות,,1,1,4,26178,18727,14095,2988,431,7502,1441,17,149,239,582,747,0,53.2,24.3
2023,3,535.752,1,0,,יהודים,יהודי,דתי,עירוני גדול,1,5,5,בבעלות,,0,1,9,18117,10666,14540,1238,1867,7451,1680,33,279,453,863,210,467,51.2,21.4
2023,3,431.739,1,1,,יהודים,יהודי,חילוני,עירוני קטן,4,4,4.5,בבעלות,1,2,1,9,18984,13647,11220,1313,226,5337,2085,0,0,1267,404,589,0,47.6,13.7
2023,3,459.298,2,1,,יהודים,יהודי,מסורתי,עירוני קטן,4,4,4,,,1,2,9,30047,30047,14870,1059,930,3722,7342,47,0,776,796,168,30,25.0,13.4
2023,3,982.341,5,2,3,יהודים,יהודי,דתי,,4,5,4,בבעלות,1,3,1,7,40131,35185,20495,1903,1371,4946,2806,270,598,419,3273,2730,2178,24.1,16.0
2023,4,384.307,3,0,,ערבים,דרוזי,מסורתי,,2,1,3,בבעלות,1,1,1,1,4425,2225,15795,1721,551,2200,2089,0,2583,1591,199,4418,443,13.9,14.4
2023,3,706.503,3,2,1,ערבים,דרוזי,חילוני,,2,1,2,,1,1,2,2,11277,11277,17740,5842,1048,2382,685,127,1588,700,2009,2648,711,13.4,38.8
2023,3,765.779,6,2,4,יהודים,יהודי,חרדי,,3,4,3,,1,1,2,2,15254,15254,9392,1565,634,3491,934,119,482,333,232,1362,241,37.2,23.4
2023,3,649.168,4,1,2,יהודים,יהודי,מסורתי,,3,1,2,,1,1,1,1,7151,5522,19058,3497,1285,1828,1084,651,344,877,2831,4663,1997,9.6,25.1
2023,3,512.144,2,0,,יהודים,יהודי,מסורתי,,3,1,3,בבעלות,,1,1,4,13220,11367,9445,3061,877,1853,401,679,0,1821,0,599,154,19.6,41.7
2023,3,732.522,1,1,,יהודים,יהודי,חילוני,,3,4,5,בבעלות,1,2,1,10,35290,28624,32461,2435,1000,6754,3147,14814,993,394,2606,318,0,20.8,10.6
2023,3,781.883,5,2,3,יהודים,יהודי,דתי,,2,4,4,,2,2,1,2,17168,17168,20444,1906,914,5820,3433,616,60,726,2769,3980,219,28.5,13.8
2023,3,982.832,3,1,,יהודים,יהודי,מסורתי,,5,4,6,בבעלות,1,3,1,9,38603,30376,35680,2849,1177,8295,2359,458,0,1228,4559,13821,935,23.2,11.3
2023,3,422.501,3,1,2,יהודים,יהודי,חילוני,עירוני גדול,1,5,3,,1,2,1,4,18820,18820,16785,414,69,5103,998,146,648,990,5762,1306,1350,30.4,2.9
2023,3,342.902,2,1,,יהודים,יהודי,חילוני,עירוני קטן,4,4,4,בבעלות,1,2,1,10,37557,34391,23114,3266,166,3375,2046,1748,0,6757,389,5367,0,14.6,14.8
2023,4,350.934,2,0,,ערבים,נוצרי,מסורתי,,1,2,3,בבעלות,,0,2,3,10144,8514,20269,4120,1682,1630,2391,1462,779,4317,1493,414,1981,8.0,28.6
2023,4,423.098,1,0,,ערבים,נוצרי,מסורתי,,1,2,2,,,0,2,1,4248,2248,4784,668,582,2000,793,151,99,132,0,104,254,41.8,26.1
2023,4,455.141,4,3,,ערבים,נוצרי,מסורתי,,1,2,4,בבעלות,1,1,1,4,20249,17749,23176,8192,910,2500,1809,408,1067,360,769,1925,5236,10.8,39.3
2023,2,865.601,10,3,6,יהודים,יהודי,מסורתי,,3,4,6,בבעלות,,0,2,3,32588,25623,16400,3785,397,6575,3460,151,0,724,252,839,217,40.1,25.5
2023,2,629.353,2,2,,יהודים,יהודי,דתי,,3,4,5,בבעלות,2,1,1,7,22403,15828,23692,3292,1078,6575,3064,301,0,1439,2736,3937,1272,27.8,18.4
2023,3,1434.774,5,2,3,יהודים,יהודי,חילוני,,3,4,5,,1,2,1,2,13729,13729,38457,9014,301,6954,2235,1489,4813,112,12791,748,0,18.1,24.2
2023,3,233.197,6,3,2,יהודים,יהודי,דתי,,2,4,7,בבעלות,1,1,2,4,30021,24077,32907,4723,1677,6037,2679,2469,997,3285,6944,1791,2305,18.3,19.4
2023,3,534.914,5,1,3,יהודים,יהודי,אחר,,3,1,5,בבעלות,2,3,1,5,30076,25188,36733,5584,667,4093,1947,3476,779,1624,6895,10060,1609,11.1,17.0
2023,3,808.150,1,0,,יהודים,יהודי,מסורתי,עירוני קטן,4,4,4,בבעלות,1,2,1,3,6531,3365,11158,629,297,3391,641,30,0,2556,1872,1742,0,30.4,8.3
2023,3,1110.433,5,2,3,יהודים,יהודי,מסורתי,אחר,2,5,4,בבעלות,2,1,1,5,32198,28417,26820,246,0,3781,1377,67,0,2290,4134,7992,6933,14.1,0.9
2023,3,1042.525,4,2,2,יהודים,יהודי,דתי,אחר,2,5,4,בבעלות,2,4,1,9,47223,43270,28986,4943,617,4234,2489,1269,3077,619,8378,3101,259,14.6,19.2
2023,3,1592.066,1,0,,יהודים,יהודי,חילוני,אחר,2,5,3,בבעלות,,0,2,3,7014,3893,4951,721,128,3175,428,0,199,147,0,154,0,64.1,17.1
2023,3,315.228,4,3,1,יהודים,יהודי,חילוני,,5,4,5,בבעלות,1,4,1,10,59340,51451,41277,7436,621,8313,5539,68,5494,1557,5182,5665,1403,20.1,19.5
2023,3,522.746,2,0,,יהודים,יהודי,חילוני,,5,4,4,בבעלות,1,1,1,9,32467,26434,15398,968,534,6169,959,2503,0,2573,577,1011,104,40.1,9.8
2023,3,1149.137,4,1,2,יהודים,יהודי,חילוני,כפרי,4,5,4,,2,1,2,3,17657,17657,18108,2614,1347,4967,983,298,199,730,4556,1271,1143,27.4,21.9
2023,3,165.404,2,2,,יהודים,יהודי,חילוני,,4,4,3,,2,2,1,9,29077,28648,17517,3070,555,3577,1321,2982,1661,1525,996,959,870,20.4,20.7
2023,3,630.290,1,1,,יהודים,יהודי,חילוני,,4,4,3,,,0,1,8,16487,13095,10908,1211,299,3444,1467,0,0,417,3904,80,86,31.6,13.8
2023,3,256.492,2,1,,יהודים,יהודי,חילוני,עירוני גדול,1,5,4,בבעלות,1,2,1,10,35910,30780,16557,6139,504,5215,1227,47,0,1050,1272,953,149,31.5,40.1
2023,3,1084.106,6,3,3,יהודים,יהודי,דתי,אחר,2,5,5,בבעלות,2,2,1,6,38854,33557,30300,3424,2197,5407,2374,226,0,1158,8086,6034,1393,17.8,18.6
2023,3,879.194,1,1,,יהודים,יהודי,מסורתי,,4,4,3,,1,0,2,5,9163,9163,10152,1201,359,4466,675,60,68,63,1664,822,775,44.0,15.4
2023,3,838.130,5,2,3,יהודים,יהודי,חילוני,,3,3,6,בבעלות,2,4,1,8,47802,41258,28238,3130,465,6137,1433,1241,308,809,5004,9511,200,21.7,12.7
2023,3,587.983,6,2,4,יהודים,יהודי,דתי,,3,3,4,בבעלות,1,1,1,3,20890,16070,11990,831,0,4820,1266,120,1263,416,2349,876,50,40.2,6.9
2023,3,1192.623,5,3,1,יהודים,יהודי,מסורתי,,3,3,5,בבעלות,2,4,1,5,28081,21944,27056,3767,1066,6137,2431,13,258,1314,4860,6651,559,22.7,17.9
2023,3,843.963,2,2,,יהודים,יהודי,חילוני,,3,3,5,בבעלות,2,1,1,9,34294,28157,17528,3164,803,6237,1747,1277,99,463,974,2332,430,35.6,22.6
2023,3,527.136,2,0,,יהודים,יהודי,חרדי,עירוני גדול,1,5,3,בבעלות,,1,2,5,15828,11927,14189,611,121,3901,1342,874,45,1969,200,3166,1960,27.5,5.2
2023,3,1436.209,2,1,,יהודים,יהודי,חילוני,כפרי,4,5,2,,1,2,1,8,25822,25822,12852,2062,424,5457,932,53,99,558,1414,1787,66,42.5,19.3
2023,3,881.887,5,2,3,יהודים,יהודי,דתי,כפרי,4,5,4,,1,4,1,4,25089,25089,18065,1302,0,5218,1556,335,146,2101,4308,2905,194,28.9,7.2
2023,3,231.037,5,2,3,יהודים,יהודי,מסורתי,עירוני גדול,1,5,5,בבעלות,1,3,1,7,42216,34765,34429,12243,1919,7531,1777,225,536,1694,3979,4353,172,21.9,41.1
2023,3,1593.603,1,0,,יהודים,יהודי,חילוני,עירוני בינוני,4,5,2.5,בבעלות,,0,1,4,7669,2439,8950,2285,397,5230,615,0,0,0,249,174,0,58.4,30.0
2023,3,791.889,2,0,,יהודים,יהודי,חילוני,עירוני בינוני,4,5,3,בבעלות,1,1,1,6,19207,13977,13729,1253,994,5355,1320,585,0,1141,1282,1540,259,39.0,16.4
2023,4,209.108,4,2,2,יהודים,יהודי,מסורתי,עירוני גדול,1,5,3.5,בבעלות,2,2,1,9,53370,48240,52098,7809,0,6123,1084,4133,183,127,24740,7452,447,11.8,15.0
2023,4,701.960,5,3,1,יהודים,יהודי,מסורתי,עירוני גדול,1,5,6,בבעלות,2,3,1,10,72340,64663,48464,10797,0,7516,2782,970,0,621,1228,24353,199,15.5,22.3
2023,4,697.497,3,2,1,ערבים,דרוזי,מסורתי,,3,2,4,בבעלות,2,2,1,4,17829,14329,21613,3143,483,3500,2238,0,0,3917,4108,3434,789,16.2,16.8
2023,3,766.360,6,5,1,ערבים,דרוזי,מסורתי,,3,2,5,בבעלות,2,1,1,6,37988,33988,28888,6062,0,4000,2169,0,0,3952,1511,10038,1156,13.8,21.0
2023,4,772.003,2,0,,ערבים,נוצרי,דתי,אחר,2,2,3,בבעלות,,0,2,2,8751,6236,6712,2030,300,2515,298,0,199,594,0,80,697,37.5,34.7
2023,4,835.871,5,2,,ערבים,נוצרי,מסורתי,אחר,2,2,3,בבעלות,2,2,1,7,42125,39610,12232,2588,858,2515,1313,1985,0,1330,0,957,685,20.6,28.2
2023,3,465.572,4,4,,יהודים,יהודי,מסורתי,,4,3,5,בבעלות,2,3,1,9,50171,44264,24723,2384,1521,5958,2153,563,794,3132,1988,5865,365,24.1,15.8
2023,3,846.005,2,0,,יהודים,יהודי,מסורתי,כפרי,3,4,2,,1,0,1,4,13793,13793,12027,2018,523,3179,1652,1451,0,1629,357,1014,204,26.4,21.1
2023,4,711.562,1,0,,ערבים,נוצרי,מסורתי,,2,3,6,בבעלות,,1,2,3,6306,3453,6721,1373,757,2853,65,662,626,335,0,50,0,42.4,31.7
2023,3,589.270,6,4,2,יהודים,יהודי,אחר,,4,3,5,בבעלות,2,3,1,6,37309,31896,17195,2077,0,5061,990,49,79,755,2626,4090,1468,29.4,12.1
2023,3,961.232,1,1,,יהודים,יהודי,חילוני,כפרי,4,5,2,בבעלות,1,1,1,10,27195,23531,8909,766,1390,3700,1198,90,278,152,207,690,439,41.5,24.2
2023,3,1081.715,3,1,2,יהודים,יהודי,חילוני,כפרי,4,5,2.5,,1,1,1,3,14941,13584,12056,724,0,3974,1058,20,99,302,279,5021,579,33.0,6.0
2023,3,1315.431,2,2,,אחר,מוסלמי,חילוני,כפרי,4,5,3,,1,0,1,9,28244,28244,11655,534,314,4471,1082,0,0,2272,0,1467,1516,38.4,7.3
2023,3,132.272,2,1,,ערבים,נוצרי,מסורתי,,2,2,3,בבעלות,1,0,2,8,26407,24307,13142,3585,1176,2100,1238,0,0,134,200,2550,2159,16.0,36.2
2023,3,235.323,3,0,,ערבים,נוצרי,דתי,,2,2,3,בבעלות,,0,1,3,15668,13818,20583,5947,1645,1850,1008,1334,240,2985,0,713,4862,9.0,36.9
2023,3,675.227,4,2,2,ערבים,נוצרי,מסורתי,,2,2,4,בבעלות,1,1,1,2,14517,11817,27132,1926,1125,2700,1045,3666,1197,392,13252,1829,0,10.0,11.2
2023,4,1089.640,2,1,,יהודים,יהודי,חילוני,,3,4,2,,,0,1,3,11164,11164,5867,1244,215,894,468,67,0,2365,298,315,0,15.2,24.9
2023,4,1134.892,2,1,,יהודים,יהודי,חרדי,עירוני קטן,4,4,3,,,2,2,2,7482,7482,6582,1970,662,1888,636,46,91,223,30,569,466,28.7,40.0
2023,3,836.757,7,1,5,אחר,נוצרי,חילוני,עירוני קטן,4,4,4,בבעלות,1,0,1,1,16638,13472,24298,2515,2312,3166,1303,1902,2809,650,3014,4260,2366,13.0,19.9
2023,3,923.959,2,1,,יהודים,יהודי,מסורתי,עירוני בינוני,4,5,3,בבעלות,,1,1,8,24013,18783,23376,2147,1871,5230,1813,456,3970,2528,1068,369,3924,22.4,17.2
2023,3,285.413,2,1,1,יהודים,יהודי,מסורתי,אחר,3,1,3,,1,2,1,5,15192,15192,13314,3747,915,2978,309,0,1356,116,2616,602,676,22.4,35.0
2023,3,955.113,4,4,1,יהודים,יהודי,חילוני,אחר,3,1,4,בבעלות,2,2,1,9,53058,46903,14813,3320,104,4613,879,55,100,2575,374,2629,165,31.1,23.1
2023,3,794.752,2,2,,יהודים,יהודי,מסורתי,כפרי,3,4,3,בבעלות,2,0,1,6,18576,15174,15634,1385,348,3574,692,585,0,220,274,8556,0,22.9,11.1
2023,3,384.072,4,1,2,יהודים,יהודי,מסורתי,כפרי,3,4,3,בבעלות,1,1,1,5,26162,22760,20201,4577,761,3477,1316,451,1396,601,5378,681,1563,17.2,26.4
2023,3,525.801,5,2,3,יהודים,יהודי,אחר,כפרי,3,4,3,בבעלות,1,1,2,3,18718,15316,14793,714,593,3402,848,2212,789,299,944,2778,2214,23.0,8.8
2023,3,1167.547,1,0,,יהודים,יהודי,מסורתי,כפרי,4,5,2.5,בבעלות,,0,1,6,11742,6867,8043,1126,114,4941,839,70,100,434,305,114,0,61.4,15.4
2023,3,799.761,4,3,,יהודים,יהודי,חילוני,כפרי,4,5,4,בבעלות,2,4,1,8,41514,35621,18533,1526,241,6079,1930,127,993,1937,2336,2035,1328,32.8,9.5
2023,4,288.217,5,2,2,ערבים,נוצרי,מסורתי,,2,3,4,בבעלות,2,1,1,2,18037,15604,25324,5849,1549,2433,1801,3977,2702,431,2108,2659,1816,9.6,29.2
2023,3,388.743,5,2,3,יהודים,יהודי,מסורתי,כפרי,3,4,6,בבעלות,2,4,1,6,33258,28276,20102,1570,597,4982,2243,380,90,1657,5564,2586,433,24.8,10.8
2023,3,408.234,5,2,3,יהודים,יהודי,חילוני,כפרי,3,4,4,בבעלות,2,2,1,4,25547,21631,30603,2018,0,3967,1820,2380,201,718,4857,4468,10174,13.0,6.6
2023,3,718.514,2,1,1,יהודים,יהודי,חילוני,כפרי,3,4,4,,,0,2,2,8118,8118,8644,1654,662,3375,1367,563,0,144,448,110,322,39.0,26.8
2023,3,449.824,5,4,1,יהודים,יהודי,מסורתי,כפרי,3,4,8,בבעלות,1,5,1,7,43665,38683,37848,5639,987,5056,3105,3804,1201,3002,497,14487,69,13.4,17.5
2023,3,554.281,2,0,,יהודים,יהודי,מסורתי,כפרי,3,4,4,בבעלות,1,1,2,5,16586,12670,13165,1310,725,4039,1034,373,0,1296,2597,1457,335,30.7,15.5
2023,3,447.006,5,2,3,יהודים,יהודי,חילוני,כפרי,3,4,6,בבעלות,1,3,1,6,36651,31669,24113,1374,777,5190,1614,311,8089,1061,4319,1110,268,21.5,8.9
2023,3,406.973,4,2,2,יהודים,יהודי,חילוני,כפרי,3,4,5,בבעלות,1,1,1,5,26125,21143,17642,1039,337,5048,1888,0,0,696,7706,779,149,28.6,7.8
2023,3,511.087,3,2,,יהודים,יהודי,חילוני,כפרי,3,4,3,בבעלות,2,3,1,3,15956,12554,12499,489,0,3402,842,40,1292,266,3171,1339,1657,27.2,3.9
2023,3,793.975,4,3,,יהודים,יהודי,דתי,כפרי,3,4,4,בבעלות,1,1,1,6,28348,24432,10736,2156,862,3916,743,70,0,375,693,1489,432,36.5,28.1
2023,3,874.252,1,0,,יהודים,יהודי,חילוני,כפרי,3,4,1,,1,0,2,1,2289,2289,5053,192,196,1093,394,216,15,519,699,902,828,21.6,7.7
2023,4,752.979,4,1,2,ערבים,נוצרי,מסורתי,עירוני גדול,1,5,4,,,0,1,1,6456,6456,12816,2952,943,1540,775,1623,2553,665,880,248,636,12.0,30.4
2023,3,357.587,5,3,3,יהודים,יהודי,חילוני,,3,3,4,,,3,1,2,16903,16903,20527,8064,0,3179,1062,33,1916,312,2614,2779,568,15.5,39.3
2023,3,529.088,6,3,,ערבים,נוצרי,מסורתי,,1,2,3,בבעלות,2,0,1,6,37194,35694,12937,2524,1249,1500,1558,0,1340,237,0,3292,1236,11.6,29.2
2023,3,527.034,2,2,,יהודים,יהודי,חרדי,עירוני גדול,1,5,4,בבעלות,1,0,1,4,13620,8490,10160,717,0,5130,2037,146,238,257,0,1635,0,50.5,7.1
2023,3,300.390,5,3,,ערבים,נוצרי,מסורתי,,2,2,4,בבעלות,1,1,1,3,18610,16410,25508,9261,0,2412,1025,83,986,1167,2247,7478,849,9.5,36.3
2023,3,1804.272,3,1,1,ערבים,נוצרי,מסורתי,,2,2,3,בבעלות,1,0,2,2,9668,7668,6226,1375,194,2000,830,0,0,70,323,918,517,32.1,25.2
2023,3,928.414,5,2,3,ערבים,נוצרי,מסורתי,,2,2,4,בבעלות,1,1,1,1,12397,10218,18347,7683,1302,2179,1685,33,1290,450,2421,921,382,11.9,49.0
2023,4,1064.535,5,4,,ערבים,נוצרי,מסורתי,אחר,2,2,3.5,בבעלות,2,1,1,8,44678,41258,26976,2621,1457,6761,1620,1269,894,2612,1211,8530,0,25.1,15.1
2023,3,442.545,2,0,,יהודים,יהודי,חילוני,,4,4,5,בבעלות,1,1,1,10,40136,32528,25715,1679,888,7744,1399,167,0,627,379,12320,513,30.1,10.0
2023,2,773.234,2,0,,יהודים,יהודי,אחר,,2,1,4,בבעלות,1,2,1,1,3496,696,9029,512,852,2800,1289,0,0,249,2772,555,0,31.0,15.1
2023,4,1344.925,2,2,,יהודים,יהודי,חילוני,עירוני בינוני,4,5,3,,1,2,1,10,53366,53366,130887,1444,0,13458,3396,764,397,657,93689,8342,8740,10.3,1.1
2023,3,1160.685,2,2,,יהודים,יהודי,אחר,,3,1,4,בבעלות,1,1,1,5,16637,14179,6336,776,0,2547,754,86,0,200,1112,790,70,40.2,12.2
2023,3,524.608,2,2,,יהודים,יהודי,מסורתי,,3,1,4,,1,1,1,6,19764,19764,9878,2407,0,695,727,575,0,1789,561,3094,30,7.0,24.4
2023,3,422.253,2,1,1,יהודים,יהודי,חילוני,,3,1,3,בבעלות,,1,1,2,9740,7887,6509,2116,289,1869,573,0,299,115,300,202,746,28.7,36.9
2023,3,658.447,5,3,2,יהודים,יהודי,מסורתי,כפרי,4,5,5,בבעלות,2,2,1,5,29634,24037,26028,5563,2146,5597,2368,317,1340,490,2746,4079,1382,21.5,29.6
2023,3,466.934,4,2,2,יהודים,יהודי,מסורתי,,4,4,5,,1,3,1,4,21731,16540,15648,2825,678,5191,3131,0,0,120,2132,930,641,33.2,22.4
2023,3,646.703,6,5,1,יהודים,יהודי,דתי,,4,4,4,בבעלות,1,1,1,8,55756,50707,18205,1202,0,5148,1586,3317,1439,209,2055,3249,0,28.3,6.6
2023,4,1032.188,4,2,,ערבים,נוצרי,דתי,,2,3,4,בבעלות,2,1,1,3,16003,13570,20363,2845,940,2433,4624,287,1654,32,318,7031,199,11.9,18.6
2023,4,612.795,4,3,,ערבים,נוצרי,חילוני,,2,3,5,בבעלות,2,1,1,6,28489,25636,16607,3583,760,2853,1207,142,2285,1650,827,2549,751,17.2,26.2
2023,3,1371.871,1,1,,יהודים,יהודי,חילוני,עירוני בינוני,4,5,3,,1,1,1,10,23574,18344,22252,711,354,5313,2295,796,0,1784,467,9333,1197,23.9,4.8
2023,3,1483.118,2,2,,יהודים,יהודי,חילוני,עירוני בינוני,4,5,3,,1,2,1,8,25178,23218,17473,4849,1060,5360,943,0,0,2846,1873,543,0,30.7,33.8
2023,3,747.719,2,1,,יהודים,יהודי,חילוני,עירוני בינוני,4,5,3,,1,1,1,5,15265,15265,16259,45,78,5434,1273,332,926,4020,1303,2776,72,33.4,0.8
2023,3,485.009,6,2,4,יהודים,יהודי,מסורתי,,3,1,4,,2,3,2,5,31107,31107,30807,11123,901,1886,1173,7757,379,418,1446,2601,3123,6.1,39.0
2023,3,328.738,2,1,,יהודים,יהודי,מסורתי,,3,1,3,,1,0,1,2,7965,7210,10413,2892,285,1639,540,0,993,811,724,2491,39,15.7,30.5
2023,3,664.147,4,1,2,יהודים,יהודי,חילוני,,3,1,3,בבעלות,,0,2,4,20367,18514,18735,6279,936,1912,1790,165,1047,2235,1826,98,2447,10.2,38.5
2023,3,1027.263,2,2,,אחר,אחר,חילוני,,3,1,4,בבעלות,1,1,1,8,24525,21808,12675,5027,835,2507,1300,308,0,399,285,655,1359,19.8,46.2
2023,3,521.727,2,2,,יהודים,יהודי,חילוני,,3,1,4,בבעלות,2,3,1,10,54995,51802,23776,1404,132,2559,1125,60,645,1021,588,16055,186,10.8,6.5
2023,4,374.645,1,0,,יהודים,יהודי,מסורתי,עירוני קטן,4,4,3,בבעלות,,0,1,7,13009,11189,7481,1591,489,1820,2212,59,188,71,456,477,119,24.3,27.8
2023,4,562.996,1,1,,יהודים,יהודי,חילוני,עירוני קטן,4,4,4,בבעלות,1,1,1,9,18716,15550,17255,937,0,3229,4927,513,40,46,507,6538,517,18.7,5.4
2023,4,457.007,2,0,,יהודים,יהודי,חילוני,,4,4,3,,1,1,1,3,11992,8600,14865,3497,851,3516,1964,215,0,2854,774,489,705,23.7,29.2
2023,3,214.107,2,0,,ערבים,נוצרי,מסורתי,,2,2,2,בבעלות,1,0,2,1,6230,4330,12464,5458,1387,1900,1434,0,100,701,0,1484,0,15.2,54.9
2023,4,417.778,3,2,,יהודים,יהודי,דתי,עירוני גדול,1,5,6,בבעלות,1,3,1,10,52501,44598,21498,862,0,7535,3506,5860,0,271,1131,742,1590,35.0,4.0
2023,4,579.706,6,2,4,יהודים,יהודי,דתי,,2,4,4.5,בבעלות,2,1,1,4,26036,21705,25889,6283,1859,4331,2645,944,497,1031,3888,3065,1346,16.7,31.4
2023,3,955.253,6,1,4,ערבים,נוצרי,דתי,,1,2,4,בבעלות,1,0,1,2,15904,13404,17173,646,474,2500,1756,1301,744,859,4238,2977,1676,14.6,6.5
2023,4,566.040,1,1,,אחר,אחר,חילוני,,3,3,2,,1,1,1,3,7015,7015,3026,1078,764,155,159,0,15,76,138,582,60,5.1,60.9
2023,4,481.511,2,1,,יהודים,יהודי,חילוני,,3,3,4,בבעלות,1,1,1,8,24064,21130,18224,407,206,4379,935,120,149,2581,2917,1507,5022,24.0,3.4
2023,4,457.486,4,2,2,יהודים,יהודי,מסורתי,,3,3,4,בבעלות,2,2,1,6,30668,27877,46948,12951,1896,2893,2808,388,1190,339,6653,14870,2959,6.2,31.6
2023,3,492.412,2,1,,יהודים,יהודי,מסורתי,כפרי,4,5,3,בבעלות,1,1,1,10,40268,35393,26557,5042,341,10059,1256,60,239,1096,453,5427,2582,37.9,20.3
2023,3,417.521,2,1,,ערבים,נוצרי,מסורתי,,2,2,3,בבעלות,1,0,2,7,22345,20173,6417,509,410,2172,556,0,0,2156,0,571,43,33.8,14.3
2023,4,744.526,4,2,2,יהודים,יהודי,חרדי,אחר,3,3,3,בבעלות,,1,2,3,17911,15685,6769,428,51,2226,665,466,268,118,1083,298,1165,32.9,7.1
2023,4,884.190,4,2,1,יהודים,יהודי,אחר,,3,4,4,בבעלות,1,1,1,5,24935,20397,13063,2151,534,4538,1449,34,0,0,210,4049,98,34.7,20.6
2023,3,574.249,1,1,,יהודים,יהודי,חילוני,כפרי,4,5,4,בבעלות,1,2,1,10,33929,27333,23722,2375,172,4685,2496,1780,891,882,2118,5530,2794,19.7,10.7
2023,4,1310.121,2,1,,יהודים,יהודי,מסורתי,כפרי,4,5,4,בבעלות,,0,1,6,19455,14894,14308,1123,608,4561,7505,66,0,157,198,89,0,31.9,12.1
2023,4,992.313,5,2,3,יהודים,יהודי,מסורתי,,4,4,6,בבעלות,2,2,1,5,32527,24711,35027,862,0,7816,1804,0,596,840,2190,19260,1659,22.3,2.5
2023,2,484.206,6,4,2,ערבים,מוסלמי,מסורתי,,4,2,4,בבעלות,2,1,1,4,26237,23747,10682,3407,217,2273,1526,0,400,679,201,1149,829,21.3,33.9
2023,2,134.449,2,1,,ערבים,מוסלמי,מסורתי,,4,2,4,בבעלות,2,0,2,4,13131,10858,7861,1029,837,2453,1742,135,0,607,0,884,173,31.2,23.7
2023,3,712.211,6,3,3,יהודים,יהודי,חילוני,כפרי,4,5,4,בבעלות,2,4,1,5,32009,27448,39628,5133,1739,4561,2015,119,3275,2125,6607,11152,2900,11.5,17.3
2023,4,917.832,4,4,1,יהודים,יהודי,דתי,עירוני גדול,1,5,5,בבעלות,2,2,1,8,39577,32126,23591,3274,1126,7451,2998,1561,521,550,596,4929,587,31.6,18.7
2023,3,459.341,3,2,1,יהודים,יהודי,מסורתי,עירוני גדול,1,5,3,,2,1,1,7,30323,30323,21355,3708,1047,5564,1315,220,0,396,4114,4827,165,26.1,22.3
2023,3,657.875,3,1,2,אחר,מוסלמי,חילוני,עירוני גדול,1,5,2,,,1,1,1,6543,6543,10320,1063,331,3970,547,21,299,129,2806,480,673,38.5,13.5
2023,4,220.532,3,1,,ערבים,נוצרי,דתי,,2,3,5,בבעלות,1,0,2,4,16114,13261,17124,4578,1899,2853,1600,295,612,30,126,2007,3124,16.7,37.8
2023,4,735.125,5,3,2,יהודים,יהודי,חילוני,,4,4,5,בבעלות,2,3,1,9,55656,47038,23605,3799,152,7636,2657,0,248,772,1578,6762,0,32.3,16.7
2023,3,343.840,5,2,3,ערבים,נוצרי,חילוני,,2,2,4,בבעלות,2,1,1,6,34119,31519,26139,6196,0,2600,912,0,1232,130,10408,4661,0,9.9,23.7
2023,3,242.841,3,1,1,ערבים,נוצרי,מסורתי,,2,2,4,בבעלות,1,1,1,2,12645,10045,12390,3851,1298,2600,373,0,399,0,0,3868,0,21.0,41.6
2023,3,1124.499,5,3,,ערבים,דרוזי,מסורתי,,3,2,5,בבעלות,2,1,1,4,24715,21215,14074,1813,1389,3500,1158,1600,0,450,1195,2850,120,24.9,22.8
2023,4,408.435,2,2,,ערבים,דרוזי,דתי,,3,2,4,בבעלות,1,1,1,7,23196,20296,12024,1638,0,2900,955,597,993,1787,331,2823,0,24.1,13.6
2023,3,1593.603,1,0,,יהודים,יהודי,חילוני,כפרי,4,5,2,בבעלות,,1,1,8,14682,11018,13705,1192,525,3764,3130,0,0,382,289,279,4145,27.5,12.5
2023,3,868.626,1,1,,יהודים,יהודי,חילוני,כפרי,4,5,4,בבעלות,1,1,1,10,70164,64271,55480,3702,808,22176,2222,222,893,2815,803,12177,9662,40.0,8.1
2023,2,909.756,5,5,,יהודים,יהודי,חילוני,אחר,5,5,4,בבעלות,2,4,1,9,58685,52726,23906,3845,1559,6084,1649,461,1700,3665,1153,3686,103,25.4,22.6
2023,3,1189.217,2,1,1,יהודים,יהודי,מסורתי,,4,4,3,,1,1,1,2,9443,9443,13452,831,0,5067,1196,90,99,684,1344,3716,426,37.7,6.2
2023,2,239.018,6,4,,ערבים,נוצרי,מסורתי,,2,2,4,בבעלות,2,1,1,5,31510,29510,28842,4514,877,2000,1115,57,0,7595,402,10559,1722,6.9,18.7
2023,4,2025.646,2,2,,יהודים,יהודי,אחר,כפרי,4,5,2,,1,4,1,7,22611,22611,12813,1406,403,3955,551,0,131,299,5050,1017,0,30.9,14.1
2023,3,594.339,4,1,3,יהודים,יהודי,חילוני,אחר,5,5,3.5,,1,3,1,3,18410,18410,42485,4771,0,5104,1365,1480,1000,828,4372,13562,10002,12.0,11.2
2023,4,3106.777,1,1,,ערבים,דרוזי,חילוני,עירוני בינוני,4,5,2,,,1,1,4,8249,8249,8015,464,248,2966,947,0,119,448,0,2822,0,37.0,8.9
2023,2,803.874,2,1,,יהודים,יהודי,דתי,,3,4,4,בבעלות,2,0,1,10,43987,39094,15136,1922,331,5061,3250,59,0,2514,130,1472,397,33.4,14.9
2023,2,363.293,4,2,2,ערבים,מוסלמי,חילוני,,4,2,4,,2,1,1,6,28692,28662,21331,2982,1580,2000,1336,1085,1433,1177,3292,3832,2613,9.4,21.4
2023,2,177.008,3,1,,ערבים,מוסלמי,מסורתי,,4,2,5,בבעלות,,0,1,4,18879,15879,12112,3198,347,3000,5185,0,0,13,87,282,0,24.8,29.3
2023,2,434.129,1,0,,ערבים,מוסלמי,מסורתי,,4,2,2,בבעלות,,0,1,4,7779,5698,6389,868,1150,2081,1197,65,0,810,0,217,0,32.6,31.6
2023,2,368.007,5,1,1,ערבים,מוסלמי,מסורתי,,4,2,4,בבעלות,1,1,1,1,8015,5742,18796,7553,1302,2273,1083,0,0,872,1277,4436,0,12.1,47.1
2023,2,162.068,2,1,,ערבים,מוסלמי,מסורתי,,4,2,4,בבעלות,2,3,1,8,27466,25193,20828,2046,874,2273,1281,307,512,5815,510,4113,3097,10.9,14.0
2023,2,1089.579,4,2,2,ערבים,מוסלמי,מסורתי,,4,2,5,בבעלות,1,1,1,5,26780,24280,20515,7522,0,2500,2169,0,0,758,1109,2155,4301,12.2,36.7
2023,3,621.093,2,2,,יהודים,יהודי,מסורתי,כפרי,4,5,5,בבעלות,2,2,1,9,30432,24482,26523,60,0,5860,3438,2597,1787,1445,6262,4776,299,22.1,0.2
2023,4,1354.625,3,2,,יהודים,יהודי,דתי,,3,1,3,בבעלות,1,0,1,8,32989,30100,9628,158,929,2889,1149,76,139,941,397,1699,1250,30.0,11.3
2023,4,1391.551,4,3,,יהודים,יהודי,דתי,,3,1,4,בבעלות,1,1,1,4,20552,16267,10628,1809,455,4285,2247,190,447,514,60,621,0,40.3,21.3
2023,3,1013.901,4,2,2,יהודים,יהודי,חילוני,,5,4,6,בבעלות,2,1,1,10,62098,53871,59577,2164,0,38033,1333,8942,645,470,6306,1483,199,63.8,3.6
2023,3,287.058,4,2,2,יהודים,יהודי,לא ידוע,עירוני גדול,1,5,5,בבעלות,1,4,1,10,59357,51906,21200,5673,1316,7451,2171,83,0,128,1864,2169,345,35.1,33.0
2023,4,771.183,4,2,2,יהודים,יהודי,חילוני,עירוני קטן,4,4,5,,,3,1,4,22177,22177,13987,3391,283,6368,1316,289,298,267,921,712,141,45.5,26.3
2023,3,768.554,1,0,,יהודים,יהודי,דתי,,3,3,4,בבעלות,,0,1,7,14572,9752,7850,280,68,4947,1607,0,0,558,237,103,50,63.0,4.4
2023,4,322.025,1,0,,יהודים,יהודי,חילוני,עירוני גדול,1,5,4,בבעלות,1,1,1,10,26904,21774,21418,10245,95,5198,1110,0,0,960,2542,1176,93,24.3,48.3
2023,4,992.392,4,1,2,יהודים,יהודי,חרדי,אחר,3,3,4,,2,0,2,3,18442,15845,10238,198,0,2597,1065,0,2471,115,1989,1803,0,25.4,1.9
2023,4,1315.780,4,4,,ערבים,מוסלמי,מסורתי,אחר,3,5,4,בבעלות,2,2,1,8,44166,39824,18637,3431,453,4342,1546,2715,154,633,2594,2341,428,23.3,20.8
2023,4,482.984,1,0,,יהודים,יהודי,מסורתי,,3,3,3,,,0,1,1,3454,3454,3880,1124,90,497,993,381,0,106,390,253,47,12.8,31.3
2023,3,619.509,7,4,2,ערבים,נוצרי,דתי,,1,2,3,בבעלות,1,1,1,2,17536,16036,16676,3977,582,1500,1895,2227,1092,751,0,2146,2506,9.0,27.3
2023,4,697.185,4,2,2,יהודים,יהודי,חילוני,כפרי,4,5,3,,1,3,1,9,52106,52106,24903,5867,270,5183,1733,154,1518,1732,6765,1662,20,20.8,24.6
2023,3,1350.993,7,1,5,יהודים,יהודי,חרדי,כפרי,4,5,3,בבעלות,,0,2,1,13461,9749,9850,919,157,3763,806,15,0,539,2542,77,1032,38.2,10.9
2023,4,287.388,6,3,2,ערבים,נוצרי,דתי,,2,3,5,בבעלות,1,1,1,1,10197,7344,52948,3742,2375,2853,434,6351,2643,598,30150,3540,262,5.4,11.6
2023,4,314.156,2,0,,יהודים,יהודי,מסורתי,אחר,3,3,6,בבעלות,1,1,1,9,33289,29314,22312,6640,1049,3975,2888,457,0,5364,487,945,505,17.8,34.5
2023,4,645.793,6,2,4,ערבים,נוצרי,מסורתי,,1,2,4,בבעלות,1,2,1,3,21616,19116,33119,2091,1121,2500,1188,659,2186,2273,4125,11500,5476,7.5,9.7
2023,4,671.337,7,2,5,יהודים,יהודי,חרדי,,3,4,5,בבעלות,1,1,1,3,28393,22172,18800,1180,243,6221,3076,781,64,282,2887,2815,1251,33.1,7.6
2023,2,339.184,5,5,,ערבים,מוסלמי,מסורתי,,4,2,4,בבעלות,2,1,1,7,42926,40653,33233,8652,1307,2273,2920,8446,0,2540,2852,2430,1812,6.8,30.0
2023,4,1106.553,1,1,,יהודים,יהודי,דתי,,4,4,3,,,1,1,4,8437,8437,7621,1104,255,1730,245,625,0,94,716,1827,1025,22.7,17.8
2023,4,1575.955,4,0,,יהודים,יהודי,דתי,,3,4,4,בבעלות,1,2,1,4,22909,18016,10217,357,1223,4893,1528,0,0,578,506,1132,0,47.9,15.5
2023,4,424.089,1,1,,יהודים,יהודי,חילוני,,4,3,4,בבעלות,1,2,1,10,23336,17852,32377,1295,762,5484,5540,2569,417,3053,1744,9131,2381,16.9,6.4
2023,4,218.184,5,2,2,יהודים,יהודי,דתי,עירוני גדול,1,5,5,בבעלות,2,3,1,9,56225,48774,35057,7132,0,7616,1698,4021,993,972,6260,6066,298,21.7,20.3
2023,4,269.086,8,4,6,יהודים,יהודי,דתי,עירוני גדול,1,5,6,בבעלות,1,4,1,7,53743,46292,42710,13085,2051,8440,2812,874,2533,2328,7558,2420,608,19.8,35.4
2023,4,2023.979,7,1,5,ערבים,נוצרי,מסורתי,עירוני גדול,1,5,3,בבעלות,1,0,2,2,18699,16024,16292,3710,976,2675,820,1196,1818,646,887,2939,625,16.4,28.8
2023,4,721.546,5,4,1,יהודים,יהודי,דתי,אחר,5,4,6.5,בבעלות,2,3,1,9,57750,50380,29910,6432,2911,7608,2271,530,149,1204,4498,2231,2076,25.4,31.2
2023,4,1386.836,2,0,,יהודים,יהודי,חילוני,,5,5,6,בבעלות,2,1,1,10,41870,27338,27574,1121,1130,15519,3463,0,0,1923,1313,2707,399,56.3,8.2
2023,4,1355.799,2,1,,יהודים,יהודי,מסורתי,,3,3,7,בבעלות,2,3,1,9,32475,28405,28883,3352,2097,4251,3054,1910,964,4794,1148,1666,5645,14.7,18.9
2023,3,944.132,6,5,1,יהודים,יהודי,מסורתי,כפרי,4,5,4,בבעלות,2,2,1,9,68082,63310,27931,3629,1115,4772,1274,1293,298,618,4665,10110,158,17.1,17.0
2023,4,1304.086,3,2,,יהודים,יהודי,מסורתי,עירוני בינוני,4,5,4,בבעלות,1,1,1,10,46537,39235,11570,961,380,7302,897,83,0,840,373,734,0,63.1,11.6
2023,3,701.847,2,2,,יהודים,יהודי,מסורתי,עירוני קטן,4,4,4,,1,2,1,8,26819,26819,12672,1500,1195,3020,964,70,376,886,1693,2384,585,23.8,21.3
2023,3,438.829,2,2,,יהודים,יהודי,מסורתי,,3,4,3,בבעלות,,0,1,8,24395,22086,7725,1718,284,2394,672,79,0,1679,448,377,74,31.0,25.9
2023,3,223.452,2,1,,יהודים,יהודי,חילוני,,3,4,3,בבעלות,1,1,1,5,17365,15056,14713,1756,56,2309,1349,0,411,1116,236,7479,0,15.7,12.3
2023,3,528.926,2,1,,אחר,אחר,חילוני,אחר,3,1,3,,1,1,2,4,14337,14337,11299,1082,118,3477,717,894,84,1618,176,2651,481,30.8,10.6
2023,2,258.349,2,0,,ערבים,מוסלמי,מסורתי,,4,2,4,בבעלות,2,1,1,3,11571,9298,19472,6185,954,2273,1874,166,1463,4144,0,1106,1307,11.7,36.7
2023,3,568.324,1,0,,יהודים,יהודי,מסורתי,,3,2,2,,,0,2,2,6087,6087,6272,740,0,199,324,2112,519,433,835,1111,0,3.2,11.8
2023,3,104.756,1,1,,ערבים,נוצרי,דתי,,3,2,5,בבעלות,1,1,1,8,16088,13849,7966,1874,820,2239,713,121,563,205,0,1431,0,28.1,33.8
2023,3,662.958,4,2,1,יהודים,יהודי,חילוני,,4,4,5,,1,3,1,7,33305,26805,28958,5596,1009,6500,4592,633,2069,573,2505,4422,1057,22.4,22.8
2023,3,563.219,6,2,4,יהודים,יהודי,חרדי,,3,2,4,בבעלות,1,1,2,3,25065,21486,21160,1297,825,3579,1745,143,844,343,4121,5979,2285,16.9,10.0
2023,3,464.740,1,1,,יהודים,יהודי,חילוני,,3,2,3,בבעלות,,0,1,6,11019,8363,7155,1549,441,2656,655,0,1218,207,60,368,0,37.1,27.8
2023,4,1008.863,2,0,,יהודים,יהודי,מסורתי,אחר,5,4,6,בבעלות,1,2,1,7,22911,15541,27832,5319,1095,7782,2139,750,298,1912,5409,1737,1391,28.0,23.0
2023,4,244.163,2,2,,יהודים,יהודי,חילוני,,5,2,6,בבעלות,2,2,1,10,101864,95312,57422,4236,1923,11218,2138,5256,1987,1154,7503,20918,1089,19.5,10.7
2023,4,552.718,5,4,,יהודים,יהודי,חילוני,אחר,3,3,5,בבעלות,2,3,1,8,50522,45380,17768,6872,1099,4455,1418,0,0,812,180,1412,1519,25.1,44.9
2023,4,870.273,5,2,3,יהודים,יהודי,חרדי,,4,4,4,,1,1,2,5,31563,31563,10977,2345,313,4570,590,296,0,717,1408,643,94,41.6,24.2
2023,4,717.802,3,3,,יהודים,יהודי,חילוני,,4,4,5.5,בבעלות,2,3,1,10,55390,47112,26799,51,0,9631,2935,1364,889,3945,1745,5956,283,35.9,0.2
2023,4,652.700,3,2,,יהודים,יהודי,מסורתי,,4,4,5,בבעלות,2,5,1,7,29631,22524,25934,1662,230,7192,1785,1279,387,6774,1483,5022,119,27.7,7.3
2023,4,734.018,5,0,3,יהודים,יהודי,מסורתי,כפרי,4,5,5,בבעלות,2,2,1,7,43962,38365,63426,4941,1915,5597,1894,86,1788,6058,664,38242,2241,8.8,10.8
2023,4,891.784,1,1,,יהודים,יהודי,חילוני,,3,4,3,בבעלות,,1,1,3,7514,3908,9464,589,166,3606,964,3324,0,294,168,308,45,38.1,8.0
2023,2,109.389,2,0,,ערבים,נוצרי,דתי,,2,2,4,בבעלות,1,1,2,3,9885,7841,8905,1372,880,2044,1109,308,88,423,65,1634,982,23.0,25.3
2023,1,714.329,3,1,1,ערבים,נוצרי,חילוני,,2,2,3.5,בבעלות,,1,1,2,12398,10998,29432,9379,4164,1400,1654,1472,406,796,8397,1764,0,4.8,46.0
2023,4,1638.854,1,1,,יהודים,יהודי,מסורתי,כפרי,4,5,2,,,1,1,6,11166,11166,6037,325,176,3510,364,0,149,685,311,452,65,58.1,8.3
2023,4,368.244,6,2,4,יהודים,יהודי,מסורתי,,3,4,4,בבעלות,2,3,1,7,45298,41917,30879,5139,1203,3406,2072,162,621,369,5832,10881,1195,11.0,20.5
2023,4,665.391,1,0,,יהודים,יהודי,חילוני,,3,4,3.5,בבעלות,,1,1,9,19516,16135,15313,2263,2116,3585,2747,71,0,1745,279,271,2236,23.4,28.6
2023,4,786.626,4,2,1,יהודים,יהודי,חילוני,,3,4,4,בבעלות,1,4,1,6,30021,26640,22382,3028,722,3465,1464,92,0,481,704,12328,97,15.5,16.8
2023,4,592.309,3,3,,יהודים,יהודי,מסורתי,,4,3,3,,2,0,1,5,20506,20506,18344,4129,1804,1187,1260,351,695,1635,418,6473,393,6.5,32.3
2023,2,238.454,2,0,,ערבים,נוצרי,מסורתי,,3,2,2,בבעלות,1,1,2,4,12810,11310,13513,3980,3019,1500,1770,0,0,640,0,2029,575,11.1,51.8
2023,3,565.307,4,2,2,יהודים,יהודי,חילוני,,4,4,5,בבעלות,2,4,1,8,38279,31779,54295,2975,418,6682,4031,29028,0,2272,2614,2125,4149,12.3,6.2
2023,4,530.476,8,2,6,יהודים,יהודי,חרדי,עירוני גדול,1,5,5,בבעלות,1,2,1,3,27110,19659,24317,2271,288,7451,1514,266,0,387,7049,4792,298,30.6,10.5
2023,4,1592.236,4,3,,יהודים,יהודי,חילוני,אחר,5,4,6,בבעלות,2,4,1,10,66226,58404,45899,3973,1755,7536,3808,1292,0,2754,2193,22273,315,16.4,12.5
2023,4,605.005,6,2,3,ערבים,דרוזי,מסורתי,,2,1,5,בבעלות,2,3,1,3,20981,18481,40775,4876,1363,2500,3273,1583,4351,412,5027,17084,305,6.1,15.3
2023,3,366.594,5,2,3,יהודים,יהודי,דתי,עירוני גדול,1,5,4,,1,1,1,6,34596,34596,23695,2314,541,5812,3617,199,536,347,2917,2333,5079,24.5,12.0
2023,4,651.744,4,2,,יהודים,יהודי,דתי,,5,4,6,בבעלות,2,5,1,9,53344,44161,38865,3885,0,9311,2457,50,0,1670,4079,13804,3609,24.0,10.0
2023,4,334.086,4,3,1,יהודים,יהודי,מסורתי,,3,3,4,בבעלות,1,1,1,6,29182,26391,15638,899,447,2791,1358,0,0,1399,841,7817,85,17.8,8.6
2023,4,612.713,5,2,3,יהודים,יהודי,מסורתי,,3,3,4,בבעלות,1,2,1,4,25674,22883,20300,1545,770,2791,1715,922,1143,721,984,9582,127,13.7,11.4
2023,4,375.890,6,2,3,ערבים,נוצרי,מסורתי,,1,2,4,בבעלות,2,3,1,6,39841,37341,32638,6594,1823,2500,2705,6299,711,1840,2364,6920,883,7.7,25.8
2023,4,1246.037,2,2,,יהודים,יהודי,חילוני,,3,3,4,,2,1,1,9,28713,28713,14151,372,0,2980,928,33,497,1019,418,7194,710,21.1,2.6
2023,4,1203.578,3,3,,יהודים,יהודי,מסורתי,,3,4,4,בבעלות,2,1,1,9,40331,35341,19237,1154,31,4538,1296,66,0,2360,3510,5602,680,23.6,6.2
2023,4,473.764,2,1,,יהודים,יהודי,חילוני,,3,4,6,בבעלות,2,2,1,10,39038,32365,31067,2540,365,6331,1435,17,0,2239,812,16995,333,20.4,9.4
2023,2,468.112,5,2,3,ערבים,נוצרי,אחר,,2,2,4,בבעלות,1,1,1,3,19087,17318,13182,3379,570,1769,1012,92,808,761,3433,1314,44,13.4,30.0
2023,4,1170.978,2,2,,יהודים,יהודי,חילוני,עירוני בינוני,4,5,4,,1,1,1,5,14980,14980,12572,1294,0,5438,1534,224,0,345,1781,1957,0,43.3,10.3
2023,3,809.357,2,0,,יהודים,יהודי,חילוני,,3,2,3,,,1,1,2,8022,8022,5935,4342,653,159,221,153,0,0,98,310,0,2.7,84.2
2023,4,483.723,2,0,,יהודים,יהודי,חילוני,,4,3,4,בבעלות,1,1,1,8,25241,19757,12271,1245,0,5484,2144,85,447,1771,285,402,407,44.7,10.1
2023,2,554.754,5,5,,ערבים,נוצרי,מסורתי,,3,2,6,בבעלות,2,1,2,9,55722,52422,17927,2565,2198,3522,1684,2323,0,442,813,2437,1944,19.6,26.6
2023,3,893.130,4,4,,ערבים,נוצרי,מסורתי,,3,2,6,בבעלות,2,5,1,8,39293,36593,72271,1424,998,3387,25251,3841,11102,942,3405,19950,1971,4.7,3.4
2023,4,325.033,4,1,1,יהודים,יהודי,חרדי,,3,1,7,בבעלות,2,1,1,4,20246,13246,22156,4276,716,7331,2892,0,1192,1123,3058,1568,0,33.1,22.5
2023,4,758.963,4,2,1,אחר,מוסלמי,מסורתי,,3,3,4,,1,1,1,4,21128,16308,18813,5230,452,4820,1441,1229,497,393,1451,3244,56,25.6,30.2
2023,4,616.647,6,3,2,ערבים,נוצרי,מסורתי,,2,2,5,בבעלות,1,1,1,3,24073,19873,36801,9042,2735,4200,3686,0,1520,2164,9439,4015,0,11.4,32.0
2023,3,605.665,1,0,,יהודים,יהודי,חילוני,,3,2,4,בבעלות,,0,1,5,10426,6847,8847,1143,184,3682,838,0,0,1337,152,983,527,41.6,15.0
2023,4,270.267,1,1,,יהודים,יהודי,חילוני,כפרי,3,4,3,בבעלות,1,1,1,10,30252,26850,26697,1114,161,3402,1368,699,0,525,80,19053,296,12.7,4.8
2023,3,1047.072,1,1,,יהודים,יהודי,חילוני,כפרי,4,5,4,בבעלות,1,1,1,10,25141,19248,17534,3598,156,5893,1476,93,0,1052,986,4260,20,33.6,21.4
2023,4,828.549,3,3,,יהודים,יהודי,חילוני,כפרי,4,5,4,בבעלות,2,3,1,8,34707,28814,24456,4786,0,5940,1559,256,219,988,1688,8514,507,24.3,19.6
2023,4,1981.272,2,0,,יהודים,יהודי,מסורתי,,4,4,3,,2,1,1,8,23507,23507,26162,292,236,4944,1323,377,374,699,3345,11183,3389,18.9,2.0
2023,4,728.063,4,1,2,ערבים,נוצרי,מסורתי,,1,2,3,בבעלות,,0,2,2,11906,10276,15516,6008,1459,1630,1200,0,300,1332,435,2638,515,10.5,48.1
2023,4,320.865,2,1,,יהודים,יהודי,מסורתי,,3,3,5,בבעלות,1,1,1,9,31516,23250,18206,1896,562,5083,717,176,1490,4094,274,3764,150,27.9,13.5
2023,4,3179.286,1,1,,אחר,אחר,חילוני,עירוני קטן,4,4,1.5,,,2,1,2,4465,4465,5069,1287,0,1396,590,0,0,1231,219,346,0,27.5,25.4
2023,4,529.741,2,0,,יהודים,יהודי,חרדי,עירוני קטן,4,4,4,בבעלות,1,1,2,5,15017,11851,9355,553,306,3166,979,262,0,777,1494,1587,232,33.8,9.2
2023,2,153.409,2,2,,ערבים,נוצרי,מסורתי,,2,2,6,בבעלות,1,0,2,9,32213,30213,13041,3516,2138,2108,1952,0,0,499,0,2828,0,16.2,43.4
2023,2,295.242,5,3,2,ערבים,נוצרי,מסורתי,,2,2,8,בבעלות,2,3,1,9,64064,59564,17554,1710,880,4500,1874,346,1030,402,4729,2084,0,25.6,14.8
2023,4,1084.803,6,4,3,יהודים,יהודי,מסורתי,כפרי,4,5,5,,1,4,1,6,39129,39129,36117,7324,919,9246,3565,728,43,832,1136,10901,1424,25.6,22.8
2023,2,781.864,1,1,,ערבים,מוסלמי,מסורתי,,4,2,2,,1,0,2,10,25483,23402,11741,1671,0,2173,382,0,0,857,1985,4334,339,18.5,14.2
2023,4,1197.683,2,0,,יהודים,יהודי,חילוני,,5,4,6,בבעלות,2,2,1,9,33779,25552,24929,1662,595,8400,2253,325,646,1351,2682,6683,331,33.7,9.1
2023,4,1039.312,5,2,3,יהודים,יהודי,חילוני,,5,4,5,בבעלות,1,1,1,9,52675,44448,34369,3673,1033,8284,3301,585,1490,1088,6695,7691,529,24.1,13.7
2023,4,385.744,3,2,,יהודים,יהודי,מסורתי,אחר,2,5,4,בבעלות,2,7,1,10,54169,50388,31348,4925,1110,5660,4076,878,0,3265,4378,6433,624,18.1,19.3
2023,4,539.598,6,0,4,יהודים,יהודי,דתי,עירוני גדול,1,5,5,בבעלות,1,4,1,1,11840,4389,38413,2558,916,7604,3772,17,0,1411,6295,11719,4121,19.8,9.0
2023,4,908.688,2,1,,יהודים,יהודי,חילוני,עירוני גדול,1,5,4,בבעלות,,1,1,5,15874,10744,10792,1136,834,5130,1086,0,0,1926,173,323,184,47.5,18.3
2023,4,677.322,5,2,3,יהודים,יהודי,דתי,עירוני גדול,1,5,4,,1,2,1,3,22103,22103,16378,3335,585,6387,1344,689,248,254,2233,821,482,39.0,23.9
2023,4,1104.502,4,2,1,יהודים,יהודי,חילוני,אחר,5,4,6,בבעלות,2,4,2,9,55713,46761,23285,4316,1867,7462,2507,453,980,1378,2272,1950,99,32.0,26.6
2023,4,408.342,2,2,,יהודים,יהודי,חילוני,עירוני קטן,4,4,4,,1,2,1,6,19769,19769,12811,1289,1587,4944,1789,42,1335,142,297,811,575,38.6,22.4
2023,4,670.180,5,1,3,ערבים,דרוזי,מסורתי,,2,1,4,בבעלות,2,2,1,2,14814,12954,43251,3004,2403,1860,5105,7001,2620,7009,8275,5107,867,4.3,12.5
2023,3,488.180,4,1,,ערבים,נוצרי,מסורתי,,2,2,3,,,1,1,1,7670,5870,11735,1930,732,1800,2649,0,0,2416,0,398,1809,15.3,22.7
2023,4,631.083,4,2,1,יהודים,יהודי,מסורתי,כפרי,4,5,7,בבעלות,2,1,1,8,40098,34501,40145,2260,370,5597,1807,0,0,2071,1288,25759,994,13.9,6.6
2023,4,867.390,1,0,,יהודים,יהודי,דתי,,4,4,4,בבעלות,1,0,1,7,12996,7263,12481,73,858,5733,1443,0,397,533,724,2669,50,45.9,7.5
2023,4,1139.382,3,2,,ערבים,נוצרי,מסורתי,אחר,2,2,4,בבעלות,2,1,1,5,19576,16156,15983,1236,1066,3420,2759,331,0,459,1152,5220,340,21.4,14.4
2023,4,520.721,1,1,,יהודים,יהודי,מסורתי,,3,3,3,,,1,1,6,11218,11218,9624,2635,815,2633,638,371,0,357,1364,164,648,27.4,35.8
2023,4,1684.838,1,1,,יהודים,יהודי,חילוני,עירוני בינוני,4,5,2.5,בבעלות,,0,1,8,15337,9914,6470,223,86,5247,326,103,0,172,89,224,0,81.1,4.8
2023,4,386.644,1,1,,יהודים,יהודי,חילוני,עירוני בינוני,4,5,4,בבעלות,1,1,1,10,27457,20155,21785,1430,390,7589,809,0,0,6651,155,4760,0,34.8,8.4
2023,2,601.516,5,2,3,יהודים,יהודי,אחר,אחר,5,4,4,בבעלות,2,2,1,6,36100,29471,18728,1969,376,5725,2222,509,86,1314,4355,1589,583,30.6,12.5
2023,4,408.102,4,2,2,יהודים,יהודי,מסורתי,כפרי,3,4,5,בבעלות,1,2,1,7,32321,27339,16950,1397,329,4982,1294,1521,993,1835,1696,2731,171,29.4,10.2
2023,4,262.858,6,2,3,יהודים,יהודי,חרדי,עירוני גדול,1,5,7,בבעלות,2,1,1,5,33842,26391,66472,8572,6450,7451,5606,5475,1808,9013,19146,1138,1812,11.2,22.6
2023,4,564.353,2,0,,יהודים,יהודי,חילוני,,5,4,5,בבעלות,2,1,1,10,36520,27337,49629,3790,0,9444,3625,170,0,6887,3953,21650,109,19.0,7.6
2023,3,1063.433,2,0,,יהודים,יהודי,דתי,כפרי,4,5,4,בבעלות,,0,2,5,15882,11110,17911,4598,1613,4772,1602,260,0,3946,498,268,354,26.6,34.7
2023,4,1450.695,1,1,,יהודים,יהודי,חילוני,,3,3,3,בבעלות,,1,1,1,3159,992,6691,241,475,2167,387,0,297,2481,435,80,128,32.4,10.7
2023,4,2043.404,2,1,,יהודים,יהודי,מסורתי,כפרי,4,5,3,,,1,1,2,9649,9649,7864,277,221,4005,1193,0,0,1135,268,765,0,50.9,6.3
2023,4,1174.387,3,2,1,יהודים,יהודי,מסורתי,כפרי,4,5,4,,1,2,1,8,34741,34741,14357,804,114,4986,1790,199,0,423,3049,2892,99,34.7,6.4
2023,3,284.114,6,4,1,ערבים,נוצרי,מסורתי,,2,2,5,בבעלות,2,1,1,6,38912,34412,18769,3756,1538,4500,2101,0,758,133,2328,3139,517,24.0,28.2
2023,3,3443.102,1,1,,יהודים,יהודי,חילוני,,3,3,2,,,1,1,5,10343,10343,8647,646,0,2200,626,75,208,171,0,221,4500,25.4,7.5
2023,3,658.337,6,1,4,ערבים,נוצרי,מסורתי,,1,2,3,,,0,1,1,11015,11015,24604,8486,926,1496,2671,83,0,1250,4560,2460,2671,6.1,38.3
2023,4,321.083,1,0,,יהודים,יהודי,מסורתי,,3,3,3,בבעלות,1,1,1,8,16146,13945,28835,1000,116,2201,939,676,524,3385,14028,3209,2758,7.6,3.9
2023,4,440.601,2,2,,יהודים,יהודי,חילוני,,5,4,5,בבעלות,1,1,1,10,60169,50986,36661,7369,0,9430,4821,672,117,3846,1763,8114,529,25.7,20.1
2023,4,608.492,7,2,5,יהודים,יהודי,חרדי,אחר,1,3,3,בבעלות,2,2,1,3,27298,23935,30299,5713,0,3363,1953,3318,1434,695,4498,6029,3296,11.1,18.9
2023,4,1554.780,2,2,,יהודים,יהודי,חילוני,כפרי,4,5,4,בבעלות,1,4,1,10,38677,33905,19559,2754,853,4772,3237,832,1450,1565,1148,2535,413,24.4,18.4
2023,3,462.515,6,2,4,יהודים,יהודי,חרדי,,3,3,4,בבעלות,2,1,2,4,26732,21912,15857,2150,761,4820,828,84,798,33,2836,3445,100,30.4,18.4
2023,3,275.008,2,0,,יהודים,יהודי,מסורתי,,3,3,4,בבעלות,1,1,1,10,38001,33181,11798,1750,1029,4956,338,250,1246,840,563,787,40,42.0,23.6
2023,3,1065.249,3,2,1,יהודים,יהודי,חילוני,עירוני בינוני,4,5,5.5,בבעלות,2,2,1,10,50373,39336,31561,8336,974,10462,2097,290,724,505,1210,6513,451,33.1,29.5
2023,4,431.734,2,1,,יהודים,יהודי,מסורתי,,3,1,5,בבעלות,1,0,1,9,29502,23934,20221,1856,742,5568,1814,850,248,3004,428,2043,3669,27.5,12.8
2023,4,944.353,2,0,,יהודים,יהודי,דתי,,4,4,4.5,בבעלות,1,1,1,6,19681,14327,26832,4720,0,6467,2787,216,99,10009,1111,926,496,24.1,17.6
2023,4,835.639,3,1,1,ערבים,נוצרי,מסורתי,,3,3,4,בבעלות,1,1,1,3,14941,11329,9549,1296,0,3000,1902,602,396,397,330,1626,0,31.4,13.6
2023,4,505.202,4,2,2,יהודים,יהודי,חילוני,,3,3,5,בבעלות,1,3,1,7,35001,30931,16105,4125,609,4151,888,517,566,462,3313,1374,99,25.8,29.4
2023,4,328.847,2,0,,יהודים,יהודי,חילוני,,4,2,6,בבעלות,2,2,1,10,35876,29756,23112,3488,846,6271,2429,2398,65,2440,1899,2946,330,27.1,18.8
2023,4,432.890,2,1,,יהודים,יהודי,חילוני,,4,2,4,בבעלות,2,1,1,7,20766,16084,16612,1415,295,4895,2482,58,0,1248,919,4516,784,29.5,10.3
2023,4,586.479,8,2,6,יהודים,יהודי,חרדי,אחר,1,3,5,בבעלות,,1,1,3,29060,23614,18583,6337,0,5446,1215,0,438,512,2886,862,888,29.3,34.1
2023,4,735.791,9,2,7,יהודים,יהודי,חרדי,אחר,1,3,5,בבעלות,,0,2,1,17953,12507,15266,3099,0,5446,767,17,593,775,3431,526,612,35.7,20.3
2023,4,301.710,3,1,,יהודים,יהודי,חרדי,אחר,1,3,4,בבעלות,1,0,1,3,15787,11392,19254,3120,0,4988,1878,824,0,1522,2380,3599,942,25.9,16.2
2023,4,707.162,5,2,3,יהודים,יהודי,חרדי,אחר,1,3,3,,,1,1,1,11767,11767,7938,1858,0,2966,658,105,396,179,1015,413,347,37.4,23.4
2023,4,3341.138,1,1,,אחר,אחר,חילוני,כפרי,4,5,2,,,1,1,3,6872,6872,8173,2502,262,2484,512,56,0,77,2050,196,35,30.4,33.8
2023,3,1325.183,1,1,,יהודים,יהודי,מסורתי,כפרי,4,5,2,,1,1,1,10,23157,23157,12520,4327,380,4214,827,56,0,397,1608,638,73,33.7,37.6
2023,4,786.292,5,4,,ערבים,נוצרי,מסורתי,אחר,2,2,3,בבעלות,1,1,1,5,29164,26649,9579,1640,163,2515,2529,1223,0,70,0,1439,0,26.3,18.8
2023,3,554.001,4,2,2,יהודים,יהודי,חרדי,כפרי,1,4,3,בבעלות,1,1,1,2,14515,11217,21119,2959,338,3298,1509,472,342,635,1469,9030,1067,15.6,15.6
2023,3,173.256,1,1,,אחר,אחר,חילוני,עירוני קטן,4,4,3,,,2,1,4,8426,8426,5053,211,25,3179,616,0,0,203,133,302,384,62.9,4.7
2023,4,885.313,2,0,,יהודים,יהודי,חילוני,אחר,3,5,3,בבעלות,1,2,2,6,19821,16523,26048,647,0,3379,1341,50,0,787,619,19027,198,13.0,2.5
2023,4,1967.774,1,0,,יהודים,יהודי,חילוני,אחר,3,5,3,בבעלות,,0,1,3,7392,4094,5095,858,0,3298,244,0,49,364,117,164,0,64.7,16.8
2023,4,552.808,2,2,,יהודים,יהודי,חילוני,עירוני קטן,4,4,3,בבעלות,,4,1,7,20608,18788,11034,2081,412,2009,1535,31,0,2073,2224,670,0,18.2,22.6
2023,4,325.466,2,0,,יהודים,יהודי,דתי,,3,4,5,בבעלות,2,1,1,10,46204,39983,25325,3099,775,6221,3238,86,1187,3042,2309,2603,2767,24.6,15.3
2023,3,535.179,9,3,5,יהודים,יהודי,חרדי,כפרי,1,4,5,בבעלות,1,3,1,2,23055,17435,26650,2097,426,5620,820,5418,1499,117,6876,3594,183,21.1,9.5
2023,4,388.283,2,0,,יהודים,יהודי,דתי,,4,4,6,בבעלות,2,1,1,10,48955,43601,25092,2718,107,5695,3531,484,494,1570,3015,3104,4374,22.7,11.3
2023,4,477.941,6,1,3,יהודים,יהודי,דתי,,4,4,7,בבעלות,2,2,1,4,25847,20493,43920,5044,0,5453,4758,852,285,2384,9801,13623,1720,12.4,11.5
2023,4,864.298,4,2,2,יהודים,יהודי,דתי,אחר,2,5,4,בבעלות,2,2,1,8,38145,34138,72151,3654,698,12249,11713,38084,268,500,3052,1932,0,17.0,6.0
2023,4,744.563,2,1,1,יהודים,יהודי,חילוני,אחר,3,3,3,בבעלות,1,1,1,8,26755,23993,20391,2738,639,2666,2121,47,1518,756,3027,2205,4673,13.1,16.6
2023,4,410.190,4,2,2,יהודים,יהודי,מסורתי,אחר,3,3,4,בבעלות,1,2,1,7,31979,28783,25240,4211,892,3346,1845,1694,1879,983,5976,1798,2616,13.3,20.2
2023,4,1946.308,2,2,,יהודים,יהודי,חילוני,,4,4,5,בבעלות,1,3,1,9,34666,23788,31859,3166,815,7632,2703,174,802,1471,1024,13943,130,24.0,12.5
2023,4,408.273,1,0,,יהודים,יהודי,דתי,,3,1,5,בבעלות,1,0,1,9,17869,13885,12182,3478,764,4127,1473,0,771,402,180,850,135,33.9,34.8
2023,4,479.582,2,2,,יהודים,יהודי,חרדי,אחר,1,3,4,בבעלות,1,2,1,8,23740,19345,16302,1549,194,4494,1219,0,0,2703,59,733,5351,27.6,10.7
2023,4,561.938,3,3,,יהודים,יהודי,חילוני,כפרי,3,4,6,בבעלות,2,1,1,9,38833,34410,15232,2513,839,4547,2285,0,0,1214,453,3380,0,29.9,22.0
2023,4,1742.155,2,2,,יהודים,יהודי,מסורתי,,3,3,4,,1,1,2,8,24311,24311,21436,579,97,2076,704,1925,849,685,1299,11486,1736,9.7,3.2
2023,4,899.860,1,0,,יהודים,יהודי,מסורתי,אחר,4,5,4,בבעלות,1,0,1,9,17745,12182,21989,2704,1051,5671,1194,85,1378,1318,859,7028,700,25.8,17.1
2023,4,827.668,1,0,,יהודים,יהודי,חילוני,אחר,3,3,3,,1,1,1,1,2285,2285,10800,619,548,2670,709,26,158,3843,149,2077,0,24.7,10.8
2023,4,757.718,3,2,,יהודים,יהודי,חילוני,,4,5,6,בבעלות,2,3,1,10,71033,65025,38701,2491,958,6101,3162,1543,44,3413,4441,16006,543,15.8,8.9
2023,3,362.329,5,3,3,יהודים,יהודי,מסורתי,,4,4,6,בבעלות,2,5,1,8,45781,38173,27143,2132,344,7806,3357,141,0,2414,6886,3912,150,28.8,9.1
2023,2,373.049,2,1,,ערבים,נוצרי,מסורתי,,2,2,4,בבעלות,1,1,1,3,10460,8660,11928,1885,1253,1800,1278,1478,252,636,1451,1842,53,15.1,26.3
2023,3,307.302,6,1,4,יהודים,יהודי,חילוני,עירוני גדול,1,5,7,בבעלות,2,3,1,7,47707,40256,30176,1374,222,7519,2640,131,0,560,3891,13175,664,24.9,5.3
2023,3,465.032,2,1,,יהודים,יהודי,חילוני,,3,1,5,בבעלות,1,1,1,8,27721,23737,18174,3550,1762,3984,722,69,437,4020,388,2894,348,21.9,29.2
2023,3,408.814,3,2,1,יהודים,יהודי,דתי,,3,2,4,בבעלות,1,1,1,6,25395,22169,22670,3477,1069,3316,1247,481,0,562,2820,9538,159,14.6,20.1
2023,4,1289.335,1,0,,יהודים,יהודי,חילוני,כפרי,4,5,4,,,1,2,4,8447,8447,8826,773,245,4215,1623,0,173,1667,20,109,0,47.8,11.5
2023,4,789.872,2,2,,אחר,אחר,חילוני,כפרי,4,5,4,,1,3,1,10,56011,56011,29252,4102,487,5961,1513,173,166,2966,4306,8608,970,20.4,15.7
2023,4,602.989,2,2,,יהודים,יהודי,חילוני,כפרי,4,5,3.5,בבעלות,1,2,1,8,23664,19103,30239,2142,342,4662,1500,0,0,656,182,20639,116,15.4,8.2
2023,4,439.138,4,2,2,יהודים,יהודי,מסורתי,כפרי,3,4,4,בבעלות,2,1,1,7,36366,32450,20479,1536,69,3978,1139,232,554,1074,3837,7454,607,19.4,7.8
2023,4,402.173,2,0,,יהודים,יהודי,מסורתי,כפרי,3,4,5,בבעלות,1,1,1,8,26425,21443,19436,1705,624,5114,1712,229,647,4180,2212,2793,219,26.3,12.0
2023,3,601.529,2,1,,יהודים,יהודי,מסורתי,,3,1,5,בבעלות,1,1,1,7,22275,18291,27328,2907,1654,4163,1087,100,1270,10898,336,3922,991,15.2,16.7
2023,4,480.509,1,0,,יהודים,יהודי,מסורתי,עירוני גדול,1,5,4,בבעלות,,2,1,2,4937,-193,12124,1779,1174,5130,1703,47,0,1500,254,263,274,42.3,24.4
2023,4,311.044,9,4,4,יהודים,יהודי,חרדי,עירוני גדול,1,5,4.5,בבעלות,1,0,2,7,59928,52477,15003,2888,866,7451,750,69,148,575,1015,873,368,49.7,25.0
2023,4,362.594,2,2,,יהודים,יהודי,חילוני,עירוני קטן,4,4,3,בבעלות,2,2,1,10,56226,54406,20286,1287,0,1820,1838,0,993,1371,278,12698,0,9.0,6.3
2023,4,439.539,6,4,2,יהודים,יהודי,חרדי,,2,4,7,בבעלות,2,5,1,8,54059,49276,104109,6402,1955,7311,11812,4986,30922,4786,26164,6852,2919,7.0,8.0
2023,4,639.957,4,2,2,יהודים,יהודי,חילוני,,2,4,4,בבעלות,1,1,1,3,17019,13528,23144,7231,970,3639,1644,1136,958,252,3649,1882,1784,15.7,35.4
2023,3,483.392,5,3,1,יהודים,יהודי,חרדי,כפרי,1,4,5,בבעלות,,0,2,1,11826,6206,31672,1757,342,5620,1263,1100,5211,7174,7980,722,503,17.7,6.6
2023,4,1704.556,1,1,,יהודים,יהודי,דתי,עירוני גדול,1,5,2,,1,1,1,2,5198,5198,10687,553,0,1978,242,265,0,64,1086,6238,263,18.5,5.2
2023,4,932.146,4,2,2,יהודים,יהודי,חילוני,עירוני בינוני,4,5,4.5,,1,4,1,9,53033,52173,46271,6187,873,8982,3165,987,989,3352,12441,7358,1937,19.4,15.3
2023,4,460.140,3,2,1,יהודים,יהודי,חילוני,כפרי,3,4,3,בבעלות,1,0,1,7,28865,25463,12510,1996,0,3402,1130,69,0,425,901,4587,0,27.2,16.0
2023,4,768.500,6,3,4,יהודים,יהודי,אחר,,5,4,6,בבעלות,2,3,1,8,54885,45702,40566,6072,858,9406,3997,7634,791,714,5337,5227,530,23.2,17.1
2023,4,969.606,4,1,2,יהודים,יהודי,לא ידוע,אחר,1,3,3,בבעלות,,0,2,1,6964,3601,6539,835,602,3363,371,0,0,237,615,159,357,51.4,22.0
2023,4,237.093,9,2,6,יהודים,יהודי,חרדי,אחר,1,3,6,בבעלות,1,1,2,5,41975,36529,35691,7875,3314,5446,6002,956,2769,982,3547,4337,464,15.3,31.3
2023,4,765.470,1,0,,יהודים,יהודי,מסורתי,,3,3,3,בבעלות,,0,2,2,4531,2364,7832,677,439,2167,2386,966,40,112,253,89,703,27.7,14.2
2023,4,783.817,2,0,,יהודים,יהודי,חילוני,,3,3,4,בבעלות,,2,1,2,7532,4598,10014,2283,268,2934,2642,791,0,125,663,307,0,29.3,25.5
2023,4,2717.427,1,1,,יהודים,יהודי,מסורתי,,4,5,2.5,בבעלות,1,1,2,7,13086,9492,5345,0,200,3594,311,0,0,87,215,938,0,67.2,3.7
2023,4,784.644,5,4,2,יהודים,יהודי,חילוני,,4,5,5,בבעלות,1,3,1,5,32043,26035,27835,3030,750,6055,3176,2003,0,996,3918,7486,419,21.8,13.6
2023,4,1043.621,4,4,,יהודים,יהודי,מסורתי,כפרי,4,5,4.5,בבעלות,1,2,1,8,41170,35573,9554,1046,43,5597,1540,0,0,147,244,938,0,58.6,11.4
2023,4,1905.122,3,3,,יהודים,יהודי,חילוני,כפרי,4,5,4,בבעלות,1,1,1,4,17972,13411,24362,1287,0,4728,2230,3874,343,2372,4130,5100,298,19.4,5.3
2023,4,935.575,1,1,,יהודים,יהודי,חילוני,עירוני בינוני,4,5,3,בבעלות,,2,2,6,11659,6429,11511,1655,580,5230,1112,0,0,0,0,2093,841,45.4,19.4
2023,4,551.478,4,1,,יהודים,יהודי,חרדי,עירוני גדול,1,5,3,,,2,2,8,39172,35621,11610,2412,744,3898,502,0,890,626,0,2241,296,33.6,27.2
2023,4,581.227,2,2,,יהודים,יהודי,חילוני,עירוני קטן,4,4,6,בבעלות,2,2,1,10,46198,40861,41524,109,472,5507,3917,83,1978,5493,3225,20741,0,13.3,1.4
2023,4,544.134,6,1,4,יהודים,יהודי,דתי,,4,4,5,בבעלות,2,4,1,4,28158,22804,54694,8306,0,5489,1432,562,0,375,2445,35789,297,10.0,15.2
2023,4,740.945,6,2,3,יהודים,יהודי,חילוני,עירוני בינוני,4,5,3,,1,1,1,10,74444,74100,27338,3669,1573,1587,2121,3995,1374,1225,2865,8080,849,5.8,19.2
2023,4,1071.050,1,0,,יהודים,יהודי,דתי,,4,4,3,,1,0,2,6,11834,7263,9625,0,0,4571,256,0,0,182,0,2622,1995,47.5,0.0
2023,4,581.717,6,2,4,יהודים,יהודי,חרדי,אחר,1,3,3,,1,5,1,2,15125,15125,22715,2152,0,3955,1797,762,4993,464,2659,4743,1190,17.4,9.5
2023,4,677.534,1,0,,יהודים,יהודי,חילוני,,3,3,3,בבעלות,,1,1,4,8451,6250,5247,148,240,2201,503,0,0,1104,883,168,0,41.9,7.4
2023,4,337.701,2,1,,יהודים,יהודי,מסורתי,,3,4,6,בבעלות,2,2,1,10,49274,42601,53734,3703,588,6408,4646,14888,298,1446,4547,16580,630,11.9,8.0
2023,4,2221.579,3,1,1,יהודים,יהודי,אחר,כפרי,4,5,3,בבעלות,2,1,1,8,32745,26914,19358,2907,325,5648,987,280,0,78,7452,499,1184,29.2,16.7
2023,4,1339.810,2,1,,אחר,אחר,חילוני,כפרי,3,5,1.5,,,1,1,4,13389,11532,7063,1833,673,3215,155,198,0,329,308,288,65,45.5,35.5
2023,4,871.181,2,1,,יהודים,יהודי,חרדי,,1,5,3,,,0,2,4,13024,13024,7698,2242,1596,149,1179,182,0,1340,613,188,209,1.9,49.9
2023,4,655.977,4,2,2,יהודים,יהודי,מסורתי,עירוני גדול,1,5,4,בבעלות,1,2,1,4,20785,15655,13898,3657,0,5130,1563,50,0,230,1113,1547,609,36.9,26.3
2023,4,503.878,6,1,4,יהודים,יהודי,חרדי,עירוני גדול,1,5,2,,,0,2,1,11858,11858,10643,1184,532,4363,865,0,709,412,2071,438,69,41.0,16.1
2023,4,1988.126,2,0,,ערבים,נוצרי,דתי,עירוני גדול,1,5,3,,1,0,1,1,4604,4604,10826,2221,1201,2975,479,381,0,562,0,2573,435,27.5,31.6
2023,4,264.410,5,0,2,יהודים,יהודי,חרדי,אחר,1,3,4,בבעלות,,0,2,2,15943,11548,11963,2711,344,4395,775,109,198,470,1811,694,456,36.7,25.5
2023,4,647.683,2,1,,אחר,מוסלמי,חילוני,,3,3,3,בבעלות,1,2,1,2,8859,6658,9384,3806,288,2201,510,0,692,168,0,1169,551,23.5,43.6
2023,4,399.278,1,0,,יהודים,יהודי,מסורתי,,3,3,4,בבעלות,,0,2,4,8017,5083,7779,1673,347,2934,1455,47,396,568,198,51,111,37.7,26.0
2023,4,625.800,4,1,2,יהודים,יהודי,חילוני,,3,3,4,,1,1,1,2,13108,13108,12137,1903,187,2472,1552,744,407,319,1565,2399,589,20.4,17.2
2023,4,1318.606,7,2,5,ערבים,נוצרי,דתי,,1,3,3,בבעלות,1,0,1,2,18504,16674,9131,2864,797,1830,1687,0,660,0,0,660,633,20.0,40.1
2023,4,263.005,2,0,,ערבים,נוצרי,חרדי,,1,3,3,בבעלות,1,0,2,1,6353,4523,15177,1759,1019,1830,1314,0,0,8477,0,606,172,12.1,18.3
2023,4,2167.541,2,0,,יהודים,יהודי,מסורתי,,3,5,4,,1,0,1,1,3564,3564,13265,3451,694,5240,1481,0,0,625,173,1601,0,39.5,31.2
2023,4,1237.164,2,1,,יהודים,יהודי,חילוני,,4,5,3,בבעלות,1,0,1,7,21050,17578,5975,223,47,3472,601,0,0,640,87,906,0,58.1,4.5
2023,4,373.186,2,2,,יהודים,יהודי,חילוני,,4,4,7,בבעלות,2,2,1,10,44948,33391,51927,3768,437,7652,3414,152,0,1312,2186,19413,13595,14.7,8.1
2023,4,789.483,2,1,,יהודים,יהודי,חילוני,אחר,3,3,4,בבעלות,1,1,1,7,20428,17831,8820,113,60,2597,1466,311,148,576,456,1834,1259,29.4,2.0
2023,3,697.386,4,1,2,יהודים,יהודי,חרדי,כפרי,1,4,3,,,0,2,3,16439,16439,9032,775,51,3573,1088,117,558,196,1832,205,637,39.6,9.1
2023,3,441.309,3,2,1,יהודים,יהודי,דתי,כפרי,1,4,5,בבעלות,1,1,1,9,41787,36167,52231,617,407,5727,1089,2667,160,840,1645,34085,4996,11.0,2.0
2023,3,456.515,6,2,4,יהודים,יהודי,חרדי,כפרי,1,4,4,,1,2,2,3,21748,21748,13701,506,200,4466,1000,1164,519,119,3952,661,1114,32.6,5.2
2023,3,314.397,4,1,1,יהודים,יהודי,חרדי,כפרי,1,4,4,בבעלות,,1,1,3,18991,14864,10958,1914,1180,4127,1933,381,43,339,442,498,101,37.7,28.2
2023,3,327.598,6,1,3,יהודים,יהודי,חרדי,כפרי,1,4,5,בבעלות,,2,1,4,29709,24089,25576,4819,1709,5706,1281,1449,307,1950,4566,878,2911,22.3,25.5
2023,3,273.046,10,2,7,יהודים,יהודי,חרדי,כפרי,1,4,5,בבעלות,,1,1,3,33655,28035,22406,618,432,5620,7651,64,1657,363,3187,589,2222,25.1,4.7
2023,3,374.078,4,2,1,יהודים,יהודי,חרדי,,3,3,5,בבעלות,1,1,2,4,20992,14855,14872,1989,526,6137,1249,339,0,325,2191,1917,199,41.3,16.9
2023,4,518.850,12,1,8,יהודים,יהודי,חרדי,כפרי,1,4,5,בבעלות,,1,2,2,27613,21993,21584,4447,87,5620,1745,117,396,1848,3643,2089,1591,26.0,21.0
2023,4,1036.046,2,2,,יהודים,יהודי,מסורתי,,4,5,4,בבעלות,2,0,1,7,20987,16080,17459,1444,298,5081,1394,5955,653,660,647,1328,0,29.1,10.0
2023,4,1890.503,3,2,,יהודים,יהודי,חילוני,,4,4,6,בבעלות,2,1,1,9,38152,32961,16088,1344,291,5381,1376,1963,0,2178,330,3224,0,33.4,10.2
2023,4,2279.972,2,0,,יהודים,יהודי,מסורתי,,4,5,4,בבעלות,1,0,1,3,11125,6218,7334,0,387,4907,853,0,0,565,117,505,0,66.9,5.3
2023,4,1325.183,1,1,,יהודים,יהודי,חילוני,עירוני בינוני,4,5,4,בבעלות,1,1,1,10,29411,22109,17134,3261,109,7302,1225,0,0,2119,199,2858,60,42.6,19.7
2023,4,1343.325,3,2,1,יהודים,יהודי,חילוני,עירוני בינוני,4,5,3,,1,2,1,3,14395,14395,18228,1187,256,6823,1325,1,0,2002,999,5092,543,37.4,7.9
2023,4,3078.783,4,4,,יהודים,יהודי,חילוני,,4,2,5,בבעלות,2,4,1,10,61920,51921,54191,5702,1483,8915,2616,283,2284,1024,1018,29453,1412,16.5,13.3
2023,4,863.705,2,1,,יהודים,יהודי,מסורתי,,3,3,4,בבעלות,2,1,1,6,18778,13958,17118,1473,337,5971,1466,402,0,1565,1431,3963,509,34.9,10.6
2023,4,792.182,2,0,,יהודים,יהודי,מסורתי,,2,1,4,בבעלות,,0,1,4,12805,10005,14349,1991,954,2902,1209,239,1679,3481,573,337,984,20.2,20.5
2023,4,642.173,7,2,5,יהודים,יהודי,חרדי,,2,1,3,בבעלות,,0,2,2,19130,15809,12912,1206,1545,2291,1209,0,2277,672,3182,190,340,17.7,21.3
2023,4,532.530,5,0,3,יהודים,יהודי,חרדי,,2,1,3,בבעלות,,0,2,2,17856,15565,13952,3260,1028,2291,1150,1625,1601,927,893,151,1028,16.4,30.7
2023,4,787.545,2,2,,יהודים,יהודי,חילוני,,2,1,4,בבעלות,1,2,1,6,19253,15294,17596,3458,651,2859,1065,43,99,1964,90,7230,138,16.2,23.4
2023,4,734.511,1,0,,יהודים,יהודי,חילוני,,2,1,3,בבעלות,1,1,1,7,13039,10748,13034,531,628,2398,1054,899,238,784,23,6240,240,18.4,8.9
2023,4,1305.216,3,3,,יהודים,יהודי,מסורתי,,4,5,4,בבעלות,2,2,1,10,49380,46070,11509,597,85,3310,2313,2542,0,351,200,2056,55,28.8,5.9
2023,4,805.144,2,2,,יהודים,יהודי,חילוני,,4,5,4,בבעלות,1,1,1,9,31470,27708,13626,6447,544,3310,938,0,0,1289,432,666,0,24.3,51.3
2023,4,273.570,6,4,2,ערבים,נוצרי,דתי,,2,3,5,בבעלות,2,3,1,5,35775,32694,20976,4304,1894,2853,1511,207,1187,280,4185,4496,60,13.6,29.5
2023,4,620.166,1,1,,יהודים,יהודי,מסורתי,עירוני קטן,4,4,3,,1,1,2,4,8074,8074,12605,1386,467,2670,473,574,326,2094,244,3907,464,21.2,14.7
2023,4,1245.355,2,1,,יהודים,יהודי,חילוני,,4,5,7,בבעלות,2,3,1,9,31780,25772,37545,929,1043,6315,3347,995,0,909,1399,22504,105,16.8,5.3
2023,4,711.833,1,1,,יהודים,יהודי,חילוני,עירוני בינוני,4,5,4,,1,1,1,10,30524,30524,36203,1994,1575,8924,2109,1213,0,665,1276,9612,8834,24.6,9.9
2023,4,930.476,2,2,,יהודים,יהודי,חילוני,עירוני בינוני,4,5,7,בבעלות,1,1,1,10,47731,37440,42113,7847,1569,10667,4889,47,51,5920,2845,7081,1197,25.3,22.4
2023,4,275.359,2,1,,יהודים,יהודי,מסורתי,כפרי,3,4,4,בבעלות,1,0,1,4,12594,8678,10721,706,539,4031,1378,324,0,2887,39,750,66,37.6,11.6
2023,4,223.814,2,0,,יהודים,יהודי,חילוני,,3,4,5,בבעלות,1,1,1,7,21625,17163,12288,1497,409,4546,2864,149,0,1560,297,966,0,37.0,15.5
2023,4,515.109,1,1,,יהודים,יהודי,חילוני,,3,4,3,,,2,1,7,14346,14346,8888,1330,711,2925,741,1470,315,83,591,260,461,32.9,23.0
2023,4,457.147,2,0,,יהודים,יהודי,חילוני,,3,4,6,בבעלות,1,1,1,8,26521,22059,18609,2500,403,4462,2401,1312,301,3180,1057,2982,12,24.0,15.6
2023,4,195.327,1,1,,יהודים,יהודי,חילוני,,3,4,4,בבעלות,1,2,1,6,10935,7554,8605,277,684,3464,953,0,0,510,453,2096,168,40.3,11.2
2023,4,961.999,3,3,,יהודים,יהודי,מסורתי,כפרי,4,5,4,בבעלות,2,2,1,8,35560,30109,21278,901,260,4772,2305,1191,148,1993,3100,5070,1538,22.4,5.5
2023,4,884.542,3,3,,יהודים,יהודי,מסורתי,כפרי,4,5,4,בבעלות,2,0,1,7,30175,25403,15521,3911,1028,4865,1459,201,0,2144,485,1003,424,31.3,31.8
2023,4,1253.467,1,0,,יהודים,יהודי,מסורתי,,3,4,4,בבעלות,,1,2,9,18955,14417,8356,0,0,4631,695,1235,396,831,345,104,119,55.4,0.0
2023,4,1303.445,1,1,,יהודים,יהודי,חילוני,,3,4,4,בבעלות,1,3,1,7,13588,9050,11087,1046,0,4538,1763,626,0,642,495,1260,718,40.9,9.4
2023,4,1005.279,2,0,,יהודים,יהודי,דתי,,4,4,5,בבעלות,,0,2,7,20498,12890,12358,301,216,7608,1586,99,0,1162,178,50,1158,61.6,4.2
2023,4,302.986,3,3,,ערבים,נוצרי,דתי,,1,2,4,בבעלות,1,1,1,8,31712,29104,23491,8298,2109,2608,1229,1399,3036,169,728,2675,1241,11.1,44.3
2023,4,710.349,8,3,5,יהודים,יהודי,חרדי,כפרי,4,5,4.5,בבעלות,1,1,2,2,23830,18233,29359,5122,1579,5769,2482,7119,198,1029,622,5132,308,19.6,22.8
2023,4,690.148,2,0,,יהודים,יהודי,חרדי,עירוני גדול,1,5,3,בבעלות,,0,2,2,8964,5063,6859,728,263,3901,914,25,0,761,0,199,68,56.9,14.4
2023,4,1196.414,2,2,,יהודים,יהודי,חילוני,,4,4,2,,2,3,1,5,16772,16772,9348,278,264,2013,1177,2169,99,675,1678,994,0,21.5,5.8
2023,4,1392.877,1,0,,יהודים,יהודי,חילוני,,4,5,2,,1,0,1,3,7255,7255,6800,2063,279,3263,102,0,0,409,1,448,236,48.0,34.4
2023,4,2545.753,4,1,2,ערבים,נוצרי,מסורתי,עירוני גדול,1,5,3,,1,0,1,2,11517,8842,17314,4316,495,2675,1474,1459,2511,132,861,1198,2192,15.4,27.8
2023,4,455.499,1,1,,יהודים,יהודי,מסורתי,,4,5,5,בבעלות,1,2,1,9,21141,14861,12663,336,0,6101,1123,0,0,879,3785,275,165,48.2,2.7
2023,4,2109.364,1,1,,יהודים,יהודי,מסורתי,עירוני בינוני,4,5,4,,1,2,1,7,13525,13525,22296,1650,623,6088,1975,43,0,532,1206,10179,0,27.3,10.2
2023,4,949.957,5,1,3,יהודים,יהודי,חילוני,עירוני בינוני,4,5,5,בבעלות,2,3,1,6,35548,25257,47874,6140,644,10339,2705,1124,766,3260,3901,18325,670,21.6,14.2
2023,4,655.475,4,3,2,יהודים,יהודי,מסורתי,,4,5,4,,1,0,1,5,27578,27578,28076,3553,1066,3272,1293,365,0,453,5857,11780,436,11.7,16.5
2023,4,256.057,2,1,,יהודים,יהודי,חרדי,עירוני גדול,1,5,7,בבעלות,1,1,2,10,59526,51397,24265,336,0,7757,5898,758,0,316,2483,1935,4783,32.0,1.4
2023,4,641.265,2,2,,יהודים,יהודי,מסורתי,כפרי,3,4,4,בבעלות,1,1,1,6,19150,15645,16558,861,0,3547,930,1821,0,113,148,9138,0,21.4,5.2
2023,4,1366.885,4,3,,יהודים,יהודי,מסורתי,,4,5,5,בבעלות,2,4,1,6,30374,24366,24020,1277,1676,6008,7301,954,0,3172,2350,1113,168,25.0,12.3
2023,4,1289.335,1,0,,יהודים,יהודי,לא ידוע,עירוני בינוני,4,5,3,,,1,1,9,19335,19335,20481,2468,275,8247,763,0,0,3407,582,4620,119,40.3,13.4
2023,4,862.479,4,1,2,ערבים,נוצרי,דתי,,1,2,4,בבעלות,,0,1,5,24547,21939,6870,1683,0,2608,1362,0,722,0,0,495,0,38.0,24.5
2023,4,470.108,4,3,1,ערבים,נוצרי,דתי,,1,2,5,בבעלות,1,1,1,5,26588,24428,16280,6537,151,2215,1372,741,0,0,922,3149,1192,13.6,41.1
2023,4,1542.274,3,2,,יהודים,יהודי,מסורתי,כפרי,3,5,3,בבעלות,1,2,1,7,27997,24337,19965,1041,1348,3732,1568,402,198,336,2958,8271,111,18.7,12.0
2023,4,2187.735,1,1,,יהודים,יהודי,מסורתי,כפרי,3,5,2.5,בבעלות,,0,1,8,16798,13138,8228,2173,223,3660,671,166,99,209,198,722,108,44.5,29.1
2023,3,430.427,4,3,,יהודים,יהודי,חילוני,אחר,4,4,5,בבעלות,1,2,1,8,41909,37334,18693,1925,445,4800,2439,2651,397,1687,353,3652,345,25.7,12.7
2023,4,1351.526,2,1,,יהודים,יהודי,חילוני,,4,5,4,בבעלות,1,0,1,6,18228,13321,15183,4417,1366,5017,1308,0,0,697,1237,829,313,33.0,38.1
2023,4,575.934,5,3,,יהודים,יהודי,חילוני,כפרי,3,4,5,בבעלות,1,1,1,5,29635,24653,11205,1294,0,4982,1822,60,0,1372,298,1377,0,44.5,11.5
2023,4,485.973,5,1,1,ערבים,נוצרי,מסורתי,,2,3,3,בבעלות,,2,1,1,10763,8612,24539,4838,1891,2151,2301,0,900,307,5749,1717,4685,8.8,27.4
2023,4,253.844,6,1,4,יהודים,יהודי,חרדי,עירוני גדול,1,5,3,בבעלות,,0,2,2,19264,15363,10038,1283,342,3901,1170,155,39,309,1834,286,719,38.9,16.2
2023,4,1738.229,3,3,,יהודים,יהודי,חילוני,,5,2,6,בבעלות,1,1,1,10,50417,44938,17508,830,228,5652,3207,59,0,739,1293,4697,804,32.3,6.0
2023,4,1578.110,1,1,,יהודים,יהודי,חילוני,כפרי,4,5,3.5,,1,1,1,2,5014,5014,11890,2112,376,1983,690,148,405,183,3945,1843,204,16.7,20.9
2023,4,2565.961,1,1,,יהודים,יהודי,חילוני,כפרי,4,5,3.5,,1,1,1,2,5270,5270,5742,1561,38,1587,489,115,129,531,381,894,17,27.6,27.8
2023,4,425.341,4,2,2,יהודים,יהודי,מסורתי,,3,1,6,בבעלות,1,2,1,8,41044,37060,18181,2142,696,4150,1646,154,0,2173,1080,6001,139,22.8,15.6
2023,4,733.468,4,2,2,יהודים,יהודי,דתי,,3,1,6,בבעלות,1,3,1,7,36818,32834,25211,4000,627,4251,3738,1093,2343,454,2899,1017,4791,16.9,18.4
2023,4,419.453,3,1,,יהודים,יהודי,מסורתי,,3,3,5,בבעלות,,1,1,6,25772,21702,16052,339,1674,4070,1514,1009,993,1132,976,566,3779,25.4,12.5
2023,4,848.533,3,1,1,יהודים,יהודי,חילוני,,4,4,4,,1,1,1,5,22736,22736,26595,3165,508,4252,2132,238,2620,860,939,11744,137,16.0,13.8
2023,4,335.748,11,3,6,יהודים,יהודי,חרדי,אחר,1,3,5,בבעלות,1,1,1,4,38736,33290,27745,2582,0,5446,786,494,2175,3819,6350,5645,446,19.6,9.3
2023,4,1052.420,1,0,,יהודים,יהודי,מסורתי,אחר,3,1,2,,,0,2,1,4094,4094,4586,1267,281,2182,156,0,0,331,0,69,301,47.6,33.8
2023,4,594.844,1,0,,יהודים,יהודי,חילוני,אחר,3,1,3,בבעלות,1,1,1,8,15865,12150,10940,3164,461,3816,781,103,0,504,155,1898,58,34.9,33.1
2023,4,881.644,6,1,4,יהודים,יהודי,חרדי,אחר,2,5,4,,1,2,1,2,16046,16046,14286,2391,290,2975,1611,730,376,1649,2718,798,748,20.8,18.8
2023,4,841.061,2,1,,יהודים,יהודי,מסורתי,אחר,2,5,4,בבעלות,1,1,1,9,29299,25518,27334,488,650,3924,4044,196,462,3327,286,13944,12,14.4,4.2
2023,4,690.138,2,2,,יהודים,יהודי,חילוני,עירוני קטן,4,4,4,בבעלות,1,2,1,10,61298,58132,11059,2047,527,3305,800,70,0,1622,357,2198,133,29.9,23.3
2023,4,610.702,6,3,2,ערבים,נוצרי,מסורתי,,1,2,7,בבעלות,1,2,1,5,33292,29292,62784,13354,1050,4000,3465,5258,12290,3997,6023,8118,5229,6.4,22.9
2023,4,352.073,5,5,,ערבים,נוצרי,דתי,,1,2,4,בבעלות,2,1,1,6,34778,31309,18907,8035,1997,2608,1370,106,0,13,2900,1879,0,13.8,53.1
2023,4,1269.140,4,2,2,ערבים,נוצרי,מסורתי,,1,2,3,בבעלות,2,2,1,4,19451,16851,35555,8268,1591,2600,1974,5970,0,392,2887,10540,1334,7.3,27.7
2023,4,502.850,4,0,2,ערבים,נוצרי,דתי,,1,2,5,בבעלות,2,1,1,1,7393,4793,24731,3966,952,2600,1331,115,1834,119,1953,10409,1450,10.5,19.9
2023,4,1210.566,5,2,3,יהודים,יהודי,מסורתי,,4,5,4,,1,4,1,3,21979,21979,24878,1859,468,4363,1766,1132,0,3893,9020,1845,534,17.5,9.4
2023,4,554.339,5,2,2,יהודים,יהודי,דתי,,4,2,5,,2,6,1,6,36994,28270,48117,9555,582,8724,3015,3680,1187,548,2665,16321,1839,18.1,21.1
2023,4,331.036,2,1,,יהודים,יהודי,חילוני,עירוני קטן,4,4,5,בבעלות,1,2,1,9,30815,25478,16171,2883,1493,5337,1458,859,227,2499,655,655,106,33.0,27.1
2023,4,271.821,2,0,,ערבים,נוצרי,מסורתי,,2,3,3,בבעלות,,0,2,2,7605,5050,11480,2752,2155,2555,938,33,643,1761,0,149,495,22.3,42.7
2023,4,463.576,5,2,3,יהודים,יהודי,חילוני,,5,2,6,בבעלות,2,7,1,9,57828,52349,73681,4204,502,5479,3311,111,593,1998,7040,49856,587,7.4,6.4
2023,4,510.598,1,0,,יהודים,יהודי,חילוני,כפרי,3,4,4,בבעלות,1,1,1,8,14726,10810,11296,1400,464,4086,2395,79,0,863,897,635,478,36.2,16.5
2023,4,1284.043,1,1,,יהודים,יהודי,חילוני,,4,1,2,,1,1,2,4,8848,8848,9013,826,0,1775,476,0,890,216,1762,2638,430,19.7,9.2
2023,4,391.144,1,0,,יהודים,יהודי,חילוני,,2,1,3,,,0,2,2,4983,4983,2980,1313,252,78,118,175,44,670,178,151,0,2.6,52.5
2023,4,280.863,2,1,,יהודים,יהודי,מסורתי,,2,1,3,,,0,1,4,12559,12559,5898,1192,426,1785,1797,66,168,194,95,175,0,30.3,27.4
2023,4,410.070,2,1,,יהודים,יהודי,חילוני,,2,1,6,בבעלות,1,1,1,7,22392,18239,15530,3071,1096,4336,1517,222,0,2552,913,895,929,27.9,26.8
2023,4,489.737,2,0,,יהודים,יהודי,מסורתי,,2,1,5.5,בבעלות,1,0,1,6,18055,13902,17504,1521,1573,4384,808,3935,0,1151,1390,1239,1502,25.0,17.7
2023,4,1014.936,3,3,,יהודים,יהודי,חילוני,,2,1,3,בבעלות,1,1,1,6,24157,21767,11948,2422,584,2390,950,282,754,709,1038,2751,68,20.0,25.2
2023,4,738.783,6,2,4,ערבים,נוצרי,מסורתי,,1,2,4,בבעלות,2,2,1,7,45262,43102,23635,4960,653,2160,575,0,0,1746,3091,7310,3142,9.1,23.7
2023,4,436.768,4,2,2,אחר,אחר,חילוני,,3,3,4,בבעלות,1,3,1,8,43564,40773,15620,2688,0,2791,1238,1898,593,174,2825,910,2504,17.9,17.2
2023,4,952.680,6,2,4,יהודים,יהודי,חרדי,אחר,2,5,3,בבעלות,1,1,1,4,29119,25998,11049,516,185,3121,1210,66,455,531,3335,1283,347,28.2,6.3
2023,4,885.313,2,1,,יהודים,יהודי,מסורתי,כפרי,4,5,4,בבעלות,2,0,1,9,31948,27176,10253,867,268,5029,1537,50,0,680,225,1597,0,49.0,11.1
2023,4,1151.662,3,2,1,יהודים,יהודי,אחר,כפרי,4,5,3,,1,3,1,8,31161,31161,17367,2993,173,5454,1102,372,396,635,537,3988,1717,31.4,18.2
2023,4,631.034,2,0,,יהודים,יהודי,חילוני,,4,5,4,בבעלות,1,1,1,9,30795,25888,29473,3992,663,5168,2064,491,623,1202,488,14722,59,17.5,15.8
2023,4,3258.222,1,1,,יהודים,יהודי,דתי,כפרי,4,5,4,בבעלות,,0,2,7,14226,8333,10457,964,188,5893,1333,781,346,404,178,28,342,56.4,11.0
2023,4,1047.977,1,1,,יהודים,יהודי,חילוני,כפרי,4,5,3,,1,2,1,9,19963,19963,14298,1228,245,5751,532,517,1329,1516,40,765,2374,40.2,10.3
2023,4,1124.922,3,3,,יהודים,יהודי,דתי,אחר,5,4,6,בבעלות,2,2,1,10,54061,46691,18574,2735,1086,7535,2146,283,494,1678,357,1831,428,40.6,20.6
2023,4,448.865,1,1,,יהודים,יהודי,חילוני,כפרי,4,5,2.5,בבעלות,,1,1,5,9771,4896,10781,611,100,5104,952,305,0,3186,139,385,0,47.3,6.6
2023,4,1489.343,1,0,,יהודים,יהודי,חילוני,,4,5,4,בבעלות,1,1,1,9,21545,16818,14891,1680,1466,4852,2594,0,99,736,138,2957,369,32.6,21.1
2023,4,1059.086,3,1,2,יהודים,יהודי,מסורתי,,4,4,4,,,2,1,2,12176,12176,8767,549,233,4066,1230,69,794,214,1219,333,63,46.4,8.9
2023,4,560.571,2,2,,יהודים,יהודי,מסורתי,,4,4,4,בבעלות,1,1,1,10,36157,31834,29888,5451,1407,4323,2119,1077,0,2686,642,10577,1607,14.5,22.9
2023,4,860.881,2,0,,אחר,אחר,חילוני,עירוני קטן,4,4,3,,1,1,2,2,8705,8705,11218,1241,81,2670,583,694,494,912,528,4015,0,23.8,11.8
2023,4,2717.427,1,1,,יהודים,יהודי,חילוני,עירוני בינוני,4,5,3,בבעלות,1,4,1,10,31557,25055,47640,8872,0,22509,1490,11345,450,47,116,2094,717,47.2,18.6
2023,4,1638.854,1,1,,יהודים,יהודי,חילוני,כפרי,4,5,2,,1,1,1,7,13559,12711,9837,2096,121,3421,898,0,168,742,528,1106,757,34.8,22.5
2023,4,732.522,1,1,,יהודים,יהודי,חילוני,כפרי,4,5,4,בבעלות,1,1,1,10,21988,17216,28952,3385,955,4848,2462,828,0,1075,3174,11831,394,16.7,15.0
2023,4,1466.786,2,1,,יהודים,יהודי,מסורתי,כפרי,3,5,2.5,בבעלות,,0,2,6,17484,13824,9818,1295,671,3714,2828,132,0,825,228,64,60,37.8,20.0
2023,4,1124.417,4,3,,יהודים,יהודי,חילוני,,4,5,3.5,בבעלות,2,2,1,10,58652,50806,26891,3579,1285,5025,2223,428,0,1834,3632,8562,321,18.7,18.1
2023,4,605.665,1,0,,יהודים,יהודי,מסורתי,,3,2,4,,,2,2,3,7240,7240,11081,830,679,2776,1139,284,0,558,1877,360,2577,25.1,13.6
2023,3,707.793,6,1,4,ערבים,נוצרי,מסורתי,עירוני גדול,1,5,3,בבעלות,,0,2,1,11970,9295,15414,1173,2034,2675,821,167,2932,132,2472,3009,0,17.4,20.8
2023,4,621.668,4,2,2,יהודים,יהודי,חילוני,,3,4,4,בבעלות,1,2,1,5,23965,20584,9024,756,129,3381,1064,92,0,69,2507,943,82,37.5,9.8
2023,4,675.005,8,2,5,יהודים,יהודי,חרדי,,1,5,4.5,בבעלות,1,1,2,2,23688,17546,14662,207,236,6013,1088,0,821,948,1527,3423,398,41.0,3.0
2023,4,499.254,4,1,2,יהודים,יהודי,מסורתי,,4,3,4,,1,1,1,2,14515,14515,10318,908,316,3955,2072,125,133,176,1327,1276,30,38.3,11.9
2023,4,1454.606,4,3,2,יהודים,יהודי,חילוני,,5,4,4,בבעלות,1,4,1,5,27053,20582,27028,2998,670,7023,3474,102,0,1880,3550,4465,2867,26.0,13.6
2023,4,711.562,1,0,,ערבים,נוצרי,דתי,,2,2,6,בבעלות,,0,2,4,8836,5836,8399,1412,525,3000,1209,0,501,1509,0,51,194,35.7,23.1
2023,4,1105.974,3,2,,יהודים,יהודי,חילוני,עירוני קטן,4,4,4,בבעלות,1,3,1,8,33472,30306,20094,4335,363,3166,1097,4863,1164,1045,363,3585,112,15.8,23.4
2023,4,1052.820,2,1,,יהודים,יהודי,מסורתי,עירוני קטן,4,4,3,,,3,1,7,20990,20990,8052,2684,0,2578,1049,45,0,712,543,377,64,32.0,33.3
2023,4,576.633,11,3,8,יהודים,יהודי,חרדי,,1,1,4,בבעלות,1,0,2,2,23577,20474,26774,5808,2083,3196,1344,397,582,1093,6031,4164,2077,11.9,29.5
2023,4,570.873,6,5,1,יהודים,יהודי,דתי,,1,1,5,בבעלות,2,1,1,10,78019,71774,22322,1152,213,7549,734,2320,396,942,2610,3389,3017,33.8,6.1
2023,4,670.287,1,0,,יהודים,יהודי,דתי,,1,1,2.5,,,0,2,3,6172,6172,6043,1643,112,2200,210,0,0,465,1088,183,140,36.4,29.0
2023,4,1483.155,2,2,,אחר,מוסלמי,חילוני,כפרי,3,5,2.5,,,1,1,8,27492,27299,20657,3475,484,3560,1663,310,137,407,2173,6629,1820,17.2,19.2
2023,4,424.332,1,0,,יהודים,יהודי,מסורתי,,3,2,3.5,בבעלות,1,2,1,1,3387,-192,11249,1434,86,3579,795,46,297,834,2376,1471,330,31.8,13.5
2023,4,653.977,4,4,1,יהודים,יהודי,דתי,עירוני גדול,1,5,3,,1,1,1,4,22338,22338,12422,2387,750,3966,1061,118,0,2229,594,948,369,31.9,25.3
2023,4,601.093,5,2,3,יהודים,יהודי,דתי,עירוני גדול,1,5,3,,1,3,1,6,32890,32890,28696,6094,821,4697,1494,257,735,3215,4559,5500,1324,16.4,24.1
2023,4,521.550,3,0,1,יהודים,יהודי,חרדי,עירוני גדול,1,5,3,,,1,2,2,11671,11671,13032,1475,303,9674,499,0,0,85,677,153,167,74.2,13.6
2023,4,2811.443,5,1,3,ערבים,נוצרי,מסורתי,עירוני גדול,1,5,3,,,0,1,1,11330,8655,26969,7200,1924,2675,1121,0,5529,0,1214,7306,0,9.9,33.8
2023,4,335.754,1,1,,יהודים,יהודי,מסורתי,עירוני קטן,4,4,2,בבעלות,,1,1,3,7286,5615,3562,601,56,1798,204,89,0,340,186,280,8,50.5,18.4
2023,4,886.541,4,3,,יהודים,יהודי,מסורתי,,2,1,4,בבעלות,,0,1,6,28978,25866,6866,924,95,3112,879,34,0,244,1176,403,0,45.3,14.8
2023,4,457.615,2,1,,ערבים,נוצרי,מסורתי,,2,3,2,בבעלות,1,0,1,2,9561,7561,15485,5336,1721,2000,1146,512,1384,1314,0,1640,430,12.9,45.6
2023,4,697.961,5,3,,ערבים,מוסלמי,מסורתי,,2,3,5,בבעלות,1,1,1,6,33684,30884,23829,5431,86,2800,1502,529,475,2327,225,10023,430,11.8,23.2
2023,4,1462.747,2,1,,יהודים,יהודי,חילוני,,5,5,5,בבעלות,2,3,1,10,65218,50686,86278,2331,821,17284,6664,2692,0,7751,8390,36096,4248,20.0,3.7
2023,4,581.562,2,0,,יהודים,יהודי,מסורתי,,4,3,4,בבעלות,1,0,2,7,20523,15570,10571,700,804,5038,1418,989,0,658,0,636,327,47.7,14.2
2023,4,892.684,2,1,,יהודים,יהודי,מסורתי,,4,5,3,בבעלות,1,1,1,8,23805,20211,14957,1255,516,3694,1388,4500,0,1111,129,2300,66,24.7,11.8
2023,4,890.610,5,3,,יהודים,יהודי,מסורתי,,4,5,8,בבעלות,2,5,1,8,51664,43395,49851,1806,599,6008,4986,605,0,12093,5215,18459,81,12.1,4.8
2023,4,1330.511,2,2,,יהודים,יהודי,חילוני,,4,5,4,,1,4,1,7,22509,22509,13958,1262,148,5537,1588,0,0,539,292,4424,169,39.7,10.1
2023,4,577.973,2,2,,יהודים,יהודי,חילוני,כפרי,4,5,3,,1,1,1,9,34092,34092,14149,1395,43,4351,1118,530,1263,550,0,4402,497,30.8,10.2
2023,4,1514.188,2,2,,יהודים,יהודי,חילוני,,4,2,6,,2,2,2,7,21195,21195,19512,258,0,6247,2350,4680,0,639,2246,2221,870,32.0,1.3
2023,4,905.575,1,1,,ערבים,מוסלמי,חילוני,עירוני גדול,1,5,3,,,1,1,6,11421,11421,8588,2778,232,3966,489,425,0,203,0,297,198,46.2,35.0
2023,4,976.847,1,1,,יהודים,יהודי,חילוני,כפרי,3,4,1,,,1,1,3,6651,6651,5095,2425,528,922,201,43,0,372,297,275,33,18.1,58.0
2023,4,181.965,1,1,,יהודים,יהודי,חילוני,,4,1,2,,1,1,1,9,20582,20582,14451,2780,0,3967,1656,1955,69,708,709,1922,684,27.5,19.2
2023,4,542.882,2,1,,יהודים,יהודי,חילוני,,4,1,5,בבעלות,1,1,1,8,27956,22956,16091,646,0,5137,1994,99,148,1478,1519,4993,77,31.9,4.0
2023,4,297.084,1,0,,יהודים,יהודי,מסורתי,אחר,4,4,4,בבעלות,1,1,1,10,27258,23735,12079,672,178,3822,2094,166,0,3194,455,1234,265,31.6,7.0
2023,4,599.176,1,0,,יהודים,יהודי,חילוני,אחר,4,4,4,בבעלות,1,1,1,8,14919,11396,13274,759,716,3774,2760,1555,0,1322,1030,1304,55,28.4,11.1
2023,4,832.193,2,2,,יהודים,יהודי,חילוני,כפרי,4,5,3.5,בבעלות,2,2,1,9,29312,23419,29400,4780,1914,5965,1634,776,386,4887,1015,6069,1974,20.3,22.8
2023,4,691.867,4,4,,ערבים,נוצרי,דתי,,2,2,4.5,בבעלות,2,1,1,8,38518,36518,13476,3365,697,2000,2006,1801,396,188,258,2552,215,14.8,30.1
2023,4,379.658,1,0,,יהודים,יהודי,מסורתי,,3,1,3,בבעלות,,0,2,6,11682,9829,7272,1225,498,1986,704,90,494,523,1281,94,377,27.3,23.7
2023,4,596.399,4,1,2,יהודים,יהודי,חרדי,,3,1,4,בבעלות,,0,2,1,8714,6256,7762,1923,304,2509,886,119,277,275,889,240,341,32.3,28.7
2023,4,1637.661,4,3,,יהודים,יהודי,מסורתי,,3,1,6,בבעלות,2,2,1,9,51686,47702,35669,1833,323,4069,1734,615,1839,4745,374,17316,2822,11.4,6.0
2023,4,703.675,1,0,,יהודים,יהודי,מסורתי,,4,2,5,בבעלות,1,0,2,10,22500,16380,9701,458,752,6332,1160,0,0,293,0,539,167,65.3,12.5
2023,4,391.028,1,0,,יהודים,יהודי,חילוני,,4,2,5,בבעלות,1,1,1,7,14235,8115,27601,1516,99,6616,2421,0,0,1754,1460,13405,330,24.0,5.9
2023,4,895.183,1,0,,יהודים,יהודי,חילוני,,4,2,5,בבעלות,1,1,1,7,13583,7463,11682,784,515,6336,2554,43,0,447,173,830,0,54.2,11.1
2023,4,895.183,1,0,,יהודים,יהודי,חילוני,,4,2,6,בבעלות,1,0,1,9,19497,13377,18385,1970,339,6120,2303,215,0,4736,844,683,1175,33.3,12.6
2023,4,247.770,2,2,,יהודים,יהודי,חילוני,,4,2,6,בבעלות,2,2,1,10,53974,45311,35759,3417,1200,6328,2142,4198,2294,1279,2966,9714,2221,17.7,12.9
2023,4,677.534,1,0,,יהודים,יהודי,מסורתי,,4,2,4,בבעלות,,1,1,9,18540,13858,14845,2043,1267,4849,1377,430,0,539,956,2954,430,32.7,22.3
2023,4,305.495,7,1,4,יהודים,יהודי,חרדי,עירוני גדול,1,5,5,בבעלות,2,5,1,8,56865,49414,31631,6501,1170,7748,3822,89,420,1382,4831,4725,943,24.5,24.3
2023,4,1240.407,4,3,,יהודים,יהודי,מסורתי,,4,4,5,בבעלות,1,1,1,9,50762,45191,16716,665,0,5714,1515,0,0,2828,1638,1398,2959,34.2,4.0
2023,4,680.655,2,0,,יהודים,יהודי,חילוני,,3,4,6,בבעלות,2,4,1,7,20665,16203,29664,6185,1068,4654,1649,2382,297,1723,1458,9095,1154,15.7,24.5
2023,4,601.222,3,1,2,יהודים,יהודי,מסורתי,,3,4,5,בבעלות,1,2,1,3,13345,8883,12936,2605,347,4522,1684,199,1285,245,699,866,485,35.0,22.8
2023,4,434.063,4,2,2,יהודים,יהודי,מסורתי,,3,4,5,בבעלות,2,1,1,7,32523,27383,13531,148,0,4462,2015,377,108,1517,2620,1655,630,33.0,1.1
2023,4,391.144,1,0,,יהודים,יהודי,מסורתי,,2,1,4,בבעלות,,0,2,4,8025,5061,6025,916,396,2964,528,417,158,360,184,102,0,49.2,21.8
2023,4,514.841,2,0,1,יהודים,יהודי,מסורתי,,2,1,3,,,1,2,1,3569,3569,5630,1583,541,147,778,255,800,761,270,407,89,2.6,37.7
2023,4,678.420,4,2,2,יהודים,יהודי,מסורתי,,2,1,3,,1,1,2,3,15780,15780,13953,2241,1965,1983,813,330,0,277,1120,4987,238,14.2,30.1
2023,4,605.334,4,2,1,יהודים,יהודי,מסורתי,אחר,3,1,5,בבעלות,1,1,1,3,17615,10726,14358,1804,782,6889,1251,40,0,980,439,1734,439,48.0,18.0
2023,4,1204.701,4,3,,יהודים,יהודי,מסורתי,כפרי,3,4,8,בבעלות,2,3,1,8,41905,37482,36879,5952,504,4522,4543,247,0,2071,744,18247,50,12.3,17.5
2023,4,413.531,3,3,,יהודים,יהודי,דתי,עירוני גדול,1,5,5,,1,3,2,5,20262,20262,14366,2476,184,5454,920,99,148,1599,287,2481,718,38.0,18.5
2023,4,647.296,3,1,1,יהודים,יהודי,אחר,אחר,2,5,4,בבעלות,1,0,1,4,18535,14754,21697,5827,2468,3781,3539,1033,0,780,848,3068,353,17.4,38.2
2023,4,1593.603,1,0,,ערבים,מוסלמי,אחר,אחר,3,5,4,בבעלות,,0,1,6,11180,6838,6088,0,0,4342,1072,0,0,327,193,154,0,71.3,0.0
2023,4,677.758,4,1,,יהודים,יהודי,חילוני,,4,3,6,בבעלות,2,3,1,7,36039,30070,27491,3508,193,4956,1212,1058,643,1765,3237,10590,330,18.0,13.5
2023,4,779.381,3,1,,אחר,אחר,חילוני,,4,3,4,בבעלות,1,3,1,7,27336,23388,13841,3821,1140,4087,1126,0,0,1802,31,1835,0,29.5,35.8
2023,4,428.714,1,0,,יהודים,יהודי,דתי,עירוני גדול,1,5,3,,,1,1,10,22701,22701,13117,3102,329,5260,985,331,0,303,1655,337,816,40.1,26.2
2023,4,405.027,1,0,,יהודים,יהודי,חילוני,עירוני גדול,1,5,4,בבעלות,1,1,1,10,25711,20581,16073,1088,915,5750,1854,51,0,1874,1342,2854,344,35.8,12.5
2023,4,607.854,8,3,5,יהודים,יהודי,דתי,,3,3,4,בבעלות,2,3,1,4,32834,30043,21911,6261,859,2791,1259,579,0,1766,4000,3449,948,12.7,32.5
2023,4,980.293,4,2,2,יהודים,יהודי,חילוני,,4,5,3.5,בבעלות,2,2,1,7,34146,29239,27321,2512,751,4907,1652,8433,890,2057,1849,4269,0,18.0,11.9
2023,4,594.661,2,1,,יהודים,יהודי,חילוני,עירוני קטן,4,4,5,בבעלות,,1,1,10,35193,29856,18235,2008,529,5422,3739,99,0,2444,295,336,3362,29.7,13.9
2023,4,490.397,5,3,,ערבים,נוצרי,מסורתי,,2,3,3,בבעלות,1,0,1,4,22864,20364,16763,2621,1145,2500,1952,482,445,86,0,2001,5532,14.9,22.5
2023,4,1149.808,7,5,1,ערבים,נוצרי,מסורתי,,2,3,3,בבעלות,1,1,2,6,43638,41238,9131,1407,594,2400,1097,728,86,232,793,1453,341,26.3,21.9
2023,4,633.665,1,0,,יהודים,יהודי,מסורתי,,4,5,4,בבעלות,1,0,2,10,28448,23541,9799,382,512,4907,1063,0,172,716,134,1729,184,50.1,9.1
2023,3,405.027,1,0,,יהודים,יהודי,דתי,עירוני גדול,1,5,5,בבעלות,,0,1,10,24308,16857,19393,2254,751,7451,1660,100,0,5662,781,143,590,38.4,15.5
2023,4,667.585,6,3,1,יהודים,יהודי,חרדי,,3,2,4,בבעלות,1,1,1,5,33836,30907,13987,2676,304,2929,1614,383,0,961,1765,2685,669,20.9,21.3
2023,4,395.157,1,0,,יהודים,יהודי,חילוני,,3,2,3,,,0,1,3,6759,6759,6626,1078,171,3456,1177,0,0,496,129,119,0,52.2,18.8
2023,4,1897.763,11,3,7,יהודים,יהודי,דתי,עירוני גדול,1,5,5,,1,0,2,3,33272,33272,20495,4304,0,5255,1669,50,159,504,6644,1673,237,25.6,21.0
2023,4,1675.978,2,1,1,יהודים,יהודי,חילוני,כפרי,4,5,4,בבעלות,,1,1,8,23635,19074,20805,4161,1491,4561,1581,40,676,560,4164,2945,627,21.9,27.2
2023,4,295.915,2,2,,יהודים,יהודי,מסורתי,עירוני גדול,1,5,3,בבעלות,1,1,1,10,36829,32928,25548,2156,2156,4148,954,0,0,2249,2991,9660,1233,16.2,16.9
2023,4,624.087,8,4,4,יהודים,יהודי,דתי,כפרי,1,4,5,בבעלות,,6,1,3,28365,22745,32099,4463,1849,5752,2120,43,6816,2073,5674,2888,422,17.9,19.7
2023,4,205.865,3,3,,יהודים,יהודי,דתי,,3,3,6,בבעלות,2,1,1,9,42241,36104,18365,2445,296,6137,3261,1786,0,842,853,2349,395,33.4,14.9
2023,4,1392.877,1,0,,יהודים,יהודי,חילוני,עירוני בינוני,4,5,3,,1,1,1,6,10971,10971,13352,1421,1124,2336,846,0,0,1016,2545,3326,738,17.5,19.1
2023,4,934.272,4,3,1,יהודים,יהודי,חילוני,עירוני בינוני,4,5,4,בבעלות,2,5,1,9,55734,48432,47715,11447,990,7302,2107,463,0,711,3676,20273,745,15.3,26.1
2023,4,694.469,2,0,,יהודים,יהודי,לא ידוע,עירוני בינוני,4,5,2.5,,1,1,1,9,31183,31183,28166,2551,18,10908,87,3308,99,1545,416,7220,2014,38.7,9.1
2023,4,1684.838,1,1,,יהודים,יהודי,חילוני,עירוני בינוני,4,5,1,,,1,1,6,11392,11108,7374,1266,0,3377,535,149,0,329,511,969,239,45.8,17.2
2023,3,499.418,3,1,,יהודים,יהודי,מסורתי,,3,1,3,בבעלות,1,1,1,7,27952,23486,16545,4056,220,1922,448,267,698,3178,970,3472,1313,11.6,25.8
2023,4,1282.449,3,0,,יהודים,יהודי,חילוני,,4,5,4,בבעלות,2,1,1,8,31978,27071,18598,5682,1015,5065,1065,507,404,924,1257,2528,151,27.2,36.0
2023,4,337.898,1,1,,יהודים,יהודי,חילוני,,2,1,3,,1,0,1,4,8341,8341,6028,799,428,2670,451,0,69,470,531,580,30,44.3,20.4
2023,4,2208.189,4,1,2,ערבים,נוצרי,מסורתי,עירוני גדול,1,5,2.5,,1,1,1,2,12023,9348,21002,6378,1661,2675,1420,115,2502,17,1812,3725,697,12.7,38.3
2023,4,879.015,3,1,2,יהודים,יהודי,חילוני,אחר,5,4,5,,1,0,1,5,19900,19900,18506,778,129,6214,1637,2790,1047,2030,2521,1030,330,33.6,4.9
2023,4,542.051,2,2,,יהודים,יהודי,מסורתי,,4,3,5,בבעלות,2,1,1,9,30872,23963,26626,1408,254,6909,4654,0,0,254,1595,11298,254,25.9,6.2
2023,4,535.409,6,2,4,יהודים,יהודי,דתי,,4,3,7,בבעלות,2,2,1,5,35091,27530,24437,3846,592,7561,2634,591,198,179,6721,1215,900,30.9,18.2
2023,4,563.936,1,0,,ערבים,נוצרי,מסורתי,,2,2,3,בבעלות,,0,2,2,4406,2325,4698,1041,200,2081,1331,0,0,0,0,45,0,44.3,26.4
2023,4,316.018,2,2,,ערבים,נוצרי,חילוני,,2,2,4,בבעלות,1,0,1,7,21190,19190,9219,1400,357,2000,2593,59,0,230,0,2581,0,21.7,19.1
2023,4,932.642,3,2,1,יהודים,יהודי,דתי,,2,1,4,,1,2,2,2,12159,12159,9515,1141,258,1983,773,138,1067,381,1190,1878,707,20.8,14.7
2023,4,628.712,2,0,,יהודים,יהודי,חילוני,,5,2,5,בבעלות,2,2,1,9,28232,22612,25312,1076,183,8899,2822,86,0,2476,1026,3472,5272,35.2,5.0
2023,4,223.915,2,1,,יהודים,יהודי,דתי,,5,2,6.5,בבעלות,2,2,1,10,72297,66677,28236,117,1016,5807,2170,2340,0,4317,248,11471,749,20.6,4.0
2023,4,621.093,2,2,,יהודים,יהודי,חילוני,אחר,4,4,4,בבעלות,1,4,1,9,32921,28055,26355,1516,1758,8410,3251,573,40,1070,1249,8488,0,31.9,12.4
2023,4,1112.123,3,1,,יהודים,יהודי,חילוני,אחר,4,4,4,בבעלות,2,1,1,8,35856,30990,30215,6532,778,4891,2730,2192,0,1670,1690,9510,221,16.2,24.2
2023,4,885.313,2,0,,יהודים,יהודי,מסורתי,אחר,4,4,4,בבעלות,1,1,1,7,22338,17472,19140,2369,769,4942,3994,1362,0,1898,2066,1580,161,25.8,16.4
2023,4,1433.360,1,1,,יהודים,יהודי,מסורתי,אחר,4,4,1,,,0,1,3,7435,7435,5104,614,117,2776,769,0,0,397,99,331,0,54.4,14.3
2023,4,990.215,5,1,3,יהודים,יהודי,חרדי,אחר,2,5,4,בבעלות,,1,1,1,7705,3924,8873,1463,197,3781,894,100,129,138,1138,455,578,42.6,18.7
2023,4,1593.603,1,0,,יהודים,יהודי,חילוני,אחר,2,5,4,בבעלות,,1,1,4,7875,4094,5846,935,206,3781,237,0,0,439,0,247,0,64.7,19.5
2023,4,723.917,6,4,2,ערבים,נוצרי,דתי,,1,2,5,בבעלות,2,1,1,3,24478,21478,30259,3447,413,3000,3029,307,1483,496,7024,10479,581,9.9,12.8
2023,4,711.974,6,3,2,ערבים,נוצרי,מסורתי,,1,2,5,בבעלות,2,2,1,5,33266,30266,20816,4465,250,3000,4117,0,593,186,3772,3936,496,14.4,22.7
2023,4,1848.079,2,2,,יהודים,יהודי,אחר,כפרי,3,5,3,בבעלות,,1,1,4,13337,9677,7759,1265,865,3660,899,289,346,0,0,434,0,47.2,27.5
2023,4,587.241,2,2,,יהודים,יהודי,חילוני,כפרי,3,5,2.5,,,0,1,6,18529,18529,14874,3784,682,4165,981,204,396,3198,0,964,501,28.0,30.0
2023,4,1386.628,4,1,2,אחר,מוסלמי,חילוני,עירוני בינוני,4,5,2,בבעלות,,2,1,4,21970,18731,7093,1112,305,3291,630,0,0,393,578,663,120,46.4,20.0
2023,4,790.113,6,2,4,יהודים,יהודי,חרדי,,1,5,5,,1,0,2,2,19875,19875,14275,2086,825,4958,1811,0,1212,682,1631,626,443,34.7,20.4
2023,4,1065.223,4,2,2,יהודים,יהודי,מסורתי,,4,5,3,,1,3,1,4,21868,20964,13702,1259,0,4268,1311,247,1314,281,2840,1362,820,31.1,9.2
2023,4,1106.740,1,1,,יהודים,יהודי,חילוני,,4,5,3,בבעלות,1,1,1,10,31704,28110,10971,1282,455,3594,805,0,0,113,168,4542,12,32.8,15.8
2023,4,316.003,4,3,2,ערבים,נוצרי,דתי,,2,2,3,בבעלות,1,1,1,6,30710,28210,19661,4678,1084,2500,2420,0,1785,132,2280,2273,2509,12.7,29.3
2023,4,775.345,4,2,2,יהודים,יהודי,חרדי,כפרי,4,5,3,בבעלות,1,1,1,4,22680,19013,7489,73,45,3667,947,0,0,304,1342,1112,0,49.0,1.6
2023,4,899.123,6,2,4,יהודים,יהודי,דתי,כפרי,4,5,3,,1,3,2,4,30345,30345,18494,5388,1519,3263,1026,106,0,3968,1295,1588,341,17.6,37.3
2023,4,282.097,1,1,,יהודים,יהודי,חרדי,עירוני גדול,1,5,3,,,1,1,9,17761,17761,19010,828,239,5751,1369,1819,2927,287,714,352,4724,30.3,5.6
2023,4,485.072,7,5,2,יהודים,יהודי,דתי,,3,3,3,בבעלות,,1,1,6,42920,39116,8726,2015,252,3804,815,92,149,203,758,596,41,43.6,26.0
2023,4,743.564,6,0,3,יהודים,יהודי,חרדי,,1,1,3.5,בבעלות,1,1,2,1,6891,3788,13040,2156,592,3103,669,600,2097,297,473,2523,528,23.8,21.1
2023,4,1175.381,4,2,2,יהודים,יהודי,מסורתי,,4,5,4,,2,0,1,7,35616,35276,17950,1469,286,6348,139,910,1473,988,3897,1633,807,35.4,9.8
2023,4,2219.834,2,2,,יהודים,יהודי,חילוני,,4,5,3,,1,2,1,6,18435,18435,7872,603,83,2484,918,304,825,87,1539,929,100,31.6,8.7
2023,4,698.458,2,1,,יהודים,יהודי,חילוני,,4,5,2,בבעלות,1,1,1,9,28349,26137,9261,201,999,2212,1219,85,0,2128,470,1766,180,23.9,13.0
2023,4,1339.810,2,1,,יהודים,יהודי,מסורתי,כפרי,3,5,4,בבעלות,1,0,1,10,36420,31320,18146,3563,525,5175,1099,1754,297,2502,193,2736,301,28.5,22.5
2023,4,785.552,5,2,1,ערבים,נוצרי,אחר,,2,3,5,בבעלות,2,2,1,6,36500,33647,29991,13903,2258,3001,4447,145,0,2167,1622,2449,0,10.0,53.9
2023,4,1295.004,5,3,1,יהודים,יהודי,חילוני,אחר,5,4,6,בבעלות,2,1,1,6,32700,25330,26556,4223,1572,7370,3661,1044,1187,1249,2869,2638,745,27.8,21.8
2023,4,999.796,5,2,1,יהודים,יהודי,דתי,אחר,5,4,6,בבעלות,2,6,2,9,55914,48544,41310,11928,3736,7866,3175,184,223,561,1884,10392,1361,19.0,37.9
2023,4,767.822,2,2,,יהודים,יהודי,מסורתי,,2,1,3,בבעלות,2,0,1,9,30007,27291,9434,1534,169,2716,600,109,962,863,317,1001,1162,28.8,18.1
2023,4,542.332,5,2,3,יהודים,יהודי,מסורתי,,2,1,5.5,בבעלות,2,3,1,7,42147,37485,23184,2306,804,4396,1823,1082,3401,816,4467,3598,490,19.0,13.4
2023,4,595.519,5,4,1,יהודים,יהודי,דתי,,4,3,4,בבעלות,1,0,1,7,39944,34417,12599,2603,616,5527,2072,49,0,286,360,1015,73,43.9,25.5
2023,4,1039.082,5,2,3,יהודים,יהודי,מסורתי,,5,5,5,,2,2,1,5,30959,30959,33830,818,196,7933,3593,86,1590,1853,4256,941,12564,23.4,3.0
2023,4,945.816,3,1,,יהודים,יהודי,חרדי,כפרי,1,4,3,בבעלות,,0,2,2,10049,6751,8439,1129,1037,3298,713,100,494,43,912,618,94,39.1,25.7
2023,4,1092.952,3,2,1,יהודים,יהודי,חילוני,כפרי,4,5,2,,1,2,1,6,25553,25327,18824,4036,726,2182,1155,569,921,365,3009,5854,7,11.6,25.3
2023,4,868.626,1,1,,יהודים,יהודי,מסורתי,כפרי,4,5,5,בבעלות,,0,2,9,20847,14987,15938,2651,1664,5860,1042,215,1187,2099,178,741,301,36.8,27.1
2023,4,868.050,3,0,,יהודים,יהודי,דתי,כפרי,4,5,7,בבעלות,2,2,1,8,32731,26871,14370,132,0,5968,1973,202,465,2311,860,1598,861,41.5,0.9
2023,4,1413.113,1,0,,יהודים,יהודי,חילוני,,4,2,1,,,1,2,2,5794,4094,7893,2925,1339,1700,138,26,0,193,509,780,283,21.5,54.0
2023,4,306.630,5,2,3,יהודים,יהודי,מסורתי,עירוני קטן,4,4,6,בבעלות,2,3,1,8,50423,44679,27268,3988,795,5337,2520,643,3443,1248,6206,2632,458,19.6,17.5
2023,4,334.390,2,0,,יהודים,יהודי,חילוני,עירוני קטן,4,4,5,בבעלות,1,1,1,6,19654,14317,19992,1227,0,5503,2386,86,0,1101,1209,8480,0,27.5,6.1
2023,4,569.440,2,2,,יהודים,יהודי,חילוני,כפרי,3,4,4,,1,3,1,9,32865,32865,19018,1979,472,3791,2311,628,0,297,232,9240,66,19.9,12.9
2023,4,1549.112,1,1,,אחר,אחר,חילוני,כפרי,4,5,2,,,2,2,2,5694,5694,8117,1200,801,4566,697,0,0,242,0,511,99,56.3,24.7
2023,4,178.366,2,2,,יהודים,יהודי,חילוני,,4,1,3,בבעלות,2,0,1,10,40982,36482,16755,254,280,4500,2382,66,0,649,288,8336,0,26.9,3.2
2023,4,2941.845,1,1,,יהודים,יהודי,חילוני,,4,1,2.5,,1,2,1,4,8065,8065,7740,1291,0,2082,823,0,0,66,0,3477,0,26.9,16.7
2023,4,626.269,5,1,2,יהודים,יהודי,חילוני,כפרי,3,4,5,,2,5,1,4,24740,24740,40224,1689,215,4351,2163,2172,2472,1761,4193,20918,290,10.8,4.7
2023,4,944.292,4,2,2,יהודים,יהודי,חילוני,,4,5,5,בבעלות,1,2,1,10,56607,47690,32381,2358,394,9066,2123,69,308,2627,4420,10879,137,28.0,8.5
2023,4,918.871,3,3,,אחר,אחר,חילוני,,4,4,3,,1,2,1,4,16274,16274,14654,1632,598,4462,223,877,198,1371,2121,2551,621,30.4,15.2
2023,4,978.205,3,2,1,יהודים,יהודי,חילוני,,4,4,4,בבעלות,2,2,1,10,49819,43642,16035,714,0,4600,2161,315,791,1979,2140,2050,1285,28.7,4.5
2023,4,521.124,5,5,,יהודים,יהודי,חילוני,,4,4,6,בבעלות,1,1,1,8,51895,46324,18282,2145,1730,5645,2642,210,692,2881,349,1050,938,30.9,21.2
2023,4,724.964,1,0,,יהודים,יהודי,מסורתי,,3,2,3,בבעלות,,0,2,4,8388,5752,3912,482,428,2636,120,43,0,0,168,36,0,67.4,23.3
2023,4,645.619,9,2,7,יהודים,יהודי,חרדי,אחר,1,3,4,בבעלות,1,0,2,2,21679,17284,25086,4140,646,4484,799,1533,215,850,6385,4976,1058,17.9,19.1
2023,4,978.555,2,2,,יהודים,יהודי,חילוני,,5,2,5,בבעלות,2,1,1,9,31296,25676,15198,1172,637,5620,1534,96,0,1470,2284,2335,50,37.0,11.9
2023,4,349.897,2,0,,יהודים,יהודי,מסורתי,,5,2,4,בבעלות,2,2,1,10,42078,37473,45456,1011,428,4843,3213,96,0,6223,2763,23210,3669,10.7,3.2
2023,4,359.203,3,2,2,יהודים,יהודי,חילוני,אחר,3,1,4,,,4,2,6,26104,26104,15041,3639,0,3768,768,40,178,700,216,5381,351,25.1,24.2
2023,4,1350.669,2,1,,אחר,אחר,חילוני,אחר,3,1,3,,,0,1,10,35036,34881,13695,1465,0,3272,1037,0,892,3219,578,1518,1715,23.9,10.7
2023,4,1423.706,1,0,,יהודים,יהודי,חילוני,עירוני גדול,1,5,2,,,2,1,1,1791,1791,3771,814,331,1,167,0,247,50,1395,149,617,0.0,30.4
2023,4,542.519,1,0,,יהודים,יהודי,חילוני,כפרי,3,4,2,,,1,1,1,4266,4266,6922,847,52,2373,561,0,277,803,1517,129,363,34.3,13.0
2023,4,950.967,5,1,3,יהודים,יהודי,מסורתי,אחר,3,5,4.5,בבעלות,1,1,1,6,34414,28781,25846,1782,362,5718,1648,1060,2160,812,1476,10401,427,22.1,8.3
2023,4,578.460,2,1,,יהודים,יהודי,חילוני,,4,1,3,בבעלות,1,0,1,5,15472,12672,18727,2663,1067,2918,1824,23,0,1407,1155,7273,398,15.6,19.9
2023,4,450.677,1,1,,אחר,אחר,חילוני,,4,3,4,בבעלות,1,3,1,10,38656,34579,22971,2280,290,4097,1338,330,297,1466,2275,10526,73,17.8,11.2
2023,4,735.048,3,1,,ערבים,נוצרי,מסורתי,,1,3,3,בבעלות,1,1,1,3,14774,12944,11600,2948,667,1830,969,171,0,2552,0,2420,43,15.8,31.2
2023,4,355.822,3,0,,ערבים,נוצרי,דתי,,1,3,2,בבעלות,,0,2,4,17508,16508,14182,8305,1974,1000,1591,69,0,869,0,283,92,7.1,72.5
2023,4,874.252,1,0,,יהודים,יהודי,דתי,אחר,4,4,2,,,0,2,1,3917,3917,2144,993,279,143,356,0,0,69,197,109,0,6.7,59.3
2023,4,400.901,6,4,1,יהודים,יהודי,מסורתי,,3,4,7,,2,4,1,3,21441,21441,19634,1917,1108,3959,4588,532,0,693,2355,2812,1670,20.2,15.4
2023,4,796.349,2,0,,יהודים,יהודי,חילוני,,5,5,4,בבעלות,1,1,1,8,26250,19546,23922,3111,251,6704,1406,764,892,7165,2214,1333,81,28.0,14.1
2023,4,332.677,4,2,1,ערבים,נוצרי,דתי,,2,3,4,,2,1,1,1,9105,9105,12601,3955,1489,2472,1112,0,0,258,321,1702,1291,19.6,43.2
2023,4,1326.786,1,1,,יהודים,יהודי,מסורתי,,2,1,2,,,1,1,3,6741,6741,3859,991,221,593,312,0,0,58,411,369,904,15.4,31.4
2023,4,948.143,5,5,,יהודים,יהודי,דתי,,2,1,5,בבעלות,2,2,1,8,50171,45916,13024,2748,1145,4255,1292,358,40,730,182,1921,353,32.7,29.9
2023,4,2292.827,1,1,,יהודים,יהודי,חילוני,,5,2,5,בבעלות,1,2,1,10,32210,24810,17890,1413,599,5612,2868,0,0,495,3926,2599,379,31.4,11.2
2023,4,242.533,2,0,,יהודים,יהודי,חילוני,אחר,4,4,5,בבעלות,2,2,1,9,31314,26739,31503,2609,395,4575,2148,2257,0,1160,6240,11618,502,14.5,9.5
2023,4,658.670,2,0,,יהודים,יהודי,מסורתי,אחר,4,4,3,בבעלות,1,2,1,9,28133,25234,23553,5542,2677,3117,2223,250,773,5187,631,2097,1055,13.2,34.9
2023,4,975.332,4,2,2,יהודים,יהודי,חילוני,,3,2,4,בבעלות,2,1,1,9,46248,42189,14357,1545,624,3227,1016,383,128,126,3090,2846,1372,22.5,15.1
2023,4,428.676,6,3,2,ערבים,מוסלמי,מסורתי,,1,2,4,בבעלות,1,1,1,5,32492,29992,14514,1425,709,2500,1594,271,0,711,3774,3531,0,17.2,14.7
2023,4,274.509,4,1,3,יהודים,יהודי,חילוני,כפרי,3,4,5,,1,3,1,5,23703,22799,24475,3205,406,4165,2195,396,3028,1260,6527,1443,1850,17.0,14.8
2023,4,439.283,2,2,,יהודים,יהודי,מסורתי,,4,1,4,בבעלות,1,1,1,5,15617,11617,24344,1997,307,4000,1587,430,56,839,76,14630,423,16.4,9.5
2023,4,853.435,10,1,7,יהודים,יהודי,חרדי,כפרי,4,5,4,בבעלות,,1,1,1,11105,6333,11272,729,373,4772,1874,224,103,349,2174,575,99,42.3,9.8
2023,4,979.297,6,1,4,ערבים,נוצרי,מסורתי,,1,2,5,בבעלות,1,2,1,9,60750,57750,20975,6924,1353,3000,1855,1695,1175,235,2939,732,1067,14.3,39.5
2023,4,657.928,4,2,2,יהודים,יהודי,חילוני,,3,2,4,בבעלות,2,1,1,5,27282,23477,30637,5666,1220,3579,2068,1114,3477,864,4245,7972,431,11.7,22.5
2023,4,1199.289,3,1,1,יהודים,יהודי,חילוני,,4,5,3.5,בבעלות,2,3,1,5,20335,15428,21569,2149,257,4907,1342,2233,732,2634,1998,4779,537,22.8,11.2
2023,4,868.906,2,2,,אחר,אחר,חילוני,,4,5,2,,1,3,1,6,18951,18951,9341,1734,451,4069,815,128,0,811,478,722,132,43.6,23.4
2023,4,557.171,2,1,,יהודים,יהודי,חילוני,,4,5,6,בבעלות,2,3,1,10,63212,56639,29149,5905,3460,6206,2819,242,545,1709,752,6664,847,21.3,32.1
2023,4,2187.735,1,1,,יהודים,יהודי,חילוני,,5,5,4,בבעלות,1,1,1,9,20781,12382,21491,2918,1284,9381,2279,1857,0,194,430,3075,73,43.7,19.6
2023,4,769.077,2,1,,יהודים,יהודי,מסורתי,,5,5,4,בבעלות,,1,1,9,34235,27531,18627,5167,1291,6837,1336,0,0,1270,743,1804,178,36.7,34.7
2023,4,811.838,6,2,4,יהודים,יהודי,מסורתי,,5,5,4,בבעלות,1,4,1,8,56245,49541,31094,6113,770,6787,3309,747,634,850,8910,2876,99,21.8,22.1
2023,4,1042.211,6,1,4,יהודים,יהודי,מסורתי,,3,1,4,,1,1,1,1,14180,14180,9766,1540,91,3471,860,0,593,1240,650,884,437,35.5,16.7
2023,4,275.801,1,1,,יהודים,יהודי,מסורתי,,3,1,4,,1,0,2,8,16650,12365,10061,1280,215,4285,1176,53,0,514,0,2439,99,42.6,14.9
2023,4,412.026,10,2,7,יהודים,יהודי,חרדי,עירוני קטן,4,4,5,בבעלות,1,1,2,5,47819,42482,43206,2071,1354,5464,4054,3106,1233,705,10570,7445,7204,12.6,7.9
2023,4,446.846,2,1,,יהודים,יהודי,חילוני,עירוני קטן,4,4,4,,2,4,1,6,19078,19078,15532,1590,784,3214,1152,0,603,2254,3255,2627,51,20.7,15.3
2023,4,695.639,4,1,2,יהודים,יהודי,חרדי,אחר,2,2,3,,,0,2,1,2754,2754,5643,62,30,1785,774,40,238,534,1433,196,552,31.6,1.6
2023,4,785.930,6,3,2,יהודים,יהודי,דתי,אחר,5,4,6,בבעלות,2,4,1,8,57106,49736,40261,9669,2233,7520,2017,136,0,2254,8001,5831,2601,18.7,29.6
2023,4,404.778,2,2,,יהודים,יהודי,חילוני,אחר,5,4,6,בבעלות,2,3,1,10,43446,34719,27277,4324,2096,7519,4611,3288,172,1424,972,2375,496,27.6,23.5
2023,4,866.014,6,2,4,ערבים,נוצרי,מסורתי,,2,3,3,בבעלות,1,1,1,1,14465,11965,15688,2302,947,2500,1868,746,1046,1274,2720,2284,0,15.9,20.7
2023,4,1045.355,4,2,2,יהודים,יהודי,חילוני,,4,5,4,,2,2,2,9,47922,44757,25993,1781,342,8933,922,0,514,944,7321,4820,416,34.4,8.2
2023,4,408.291,3,1,1,יהודים,יהודי,חילוני,עירוני קטן,4,4,4,,,3,1,4,16641,16641,15938,4448,2274,4165,1072,0,0,1098,1878,404,601,26.1,42.2
2023,4,672.108,2,1,,ערבים,מוסלמי,מסורתי,,2,3,3,בבעלות,1,0,1,7,20525,18374,15393,6660,1820,2151,1216,295,265,125,0,1958,903,14.0,55.1
2023,4,728.794,2,2,,ערבים,מוסלמי,מסורתי,,4,2,4,בבעלות,2,1,1,8,26546,21864,17443,1606,374,4682,1296,2181,1388,1517,1153,2422,824,26.8,11.4
2023,4,895.183,1,0,,אחר,אחר,חילוני,,3,2,1,,,1,1,2,4931,4931,2638,999,191,937,119,0,20,62,79,227,3,35.5,45.1
2023,4,890.871,1,1,,ערבים,נוצרי,מסורתי,,3,3,5,,1,1,1,6,11670,11670,18508,263,154,2479,1158,180,1569,2315,5247,3141,2003,13.4,2.3
2023,4,903.804,1,0,,יהודים,יהודי,חילוני,אחר,2,2,3,בבעלות,1,1,1,9,17965,15576,11191,1209,780,2601,1866,127,0,360,339,3859,50,23.2,17.8
2023,4,921.788,3,1,1,יהודים,יהודי,מסורתי,אחר,2,2,4,בבעלות,1,1,1,7,28215,25176,16953,3232,842,3039,1390,3080,1394,1380,317,1138,1142,17.9,24.0
2023,4,713.337,4,1,2,יהודים,יהודי,חילוני,,4,5,3.5,בבעלות,2,2,1,9,45846,40939,41097,2006,0,9722,1294,6614,3229,2061,12349,1573,2249,23.7,4.9
2023,3,422.840,4,4,,יהודים,יהודי,חילוני,עירוני קטן,4,4,6,בבעלות,2,3,1,10,63040,56347,31795,3858,1049,5660,2202,890,496,3620,2441,8683,2895,17.8,15.4
2023,3,258.597,4,0,,ערבים,נוצרי,מסורתי,,1,3,4,בבעלות,1,0,1,6,27980,26275,24626,5485,2256,1705,1473,0,0,9586,151,2154,1817,6.9,31.4
2023,4,2189.252,1,1,,יהודים,יהודי,חילוני,עירוני בינוני,4,5,2,בבעלות,,1,1,10,26549,23310,12881,1874,848,3239,483,195,688,1127,561,1534,2333,25.1,21.1
2023,4,1473.239,2,2,,יהודים,יהודי,חילוני,כפרי,4,5,3,,1,2,1,8,25099,25099,18384,1562,879,4513,885,89,0,966,3179,6244,66,24.5,13.3
2023,4,1593.603,1,0,,יהודים,יהודי,מסורתי,כפרי,4,5,3.5,בבעלות,,0,2,6,10975,5082,10656,895,380,5995,1744,0,0,657,496,119,369,56.3,12.0
2023,4,2454.770,1,1,,יהודים,יהודי,חילוני,,4,5,2,בבעלות,1,1,1,7,12720,9385,10420,1727,511,3412,862,149,598,100,338,2722,0,32.7,21.5
2023,4,892.262,5,2,3,יהודים,יהודי,דתי,,5,5,5,בבעלות,2,2,1,10,98116,89477,40310,3017,0,27164,2233,0,526,232,3744,2981,412,67.4,7.5
2023,4,528.784,5,2,3,יהודים,יהודי,דתי,,3,3,4,,2,1,1,2,17860,17860,22656,1084,350,3334,1665,390,1879,311,6343,5858,1442,14.7,6.3
2023,4,546.610,4,2,2,יהודים,יהודי,חילוני,,3,3,4,בבעלות,1,2,1,4,20928,17801,14097,3034,151,3145,1588,664,0,709,1785,2694,327,22.3,22.6
2023,4,370.771,2,1,,יהודים,יהודי,מסורתי,,2,1,5,בבעלות,1,1,1,10,39185,34930,25926,3203,472,4491,2484,2114,3321,2696,2658,1497,2990,17.3,14.2
2023,4,734.178,7,1,5,יהודים,יהודי,חרדי,,2,1,5,בבעלות,1,1,1,2,19213,14280,21079,2118,1052,4292,1665,1191,2591,730,4832,1405,1204,20.4,15.0
2023,4,367.992,4,4,,יהודים,יהודי,דתי,,3,3,5,בבעלות,2,4,1,8,39935,36319,12682,1042,471,3666,2292,69,337,285,1424,2599,496,28.9,11.9
2023,4,1061.601,2,1,1,יהודים,יהודי,חילוני,,3,3,4,,1,0,2,2,9195,8825,9764,447,191,3074,985,172,94,565,606,2890,740,31.5,6.5
2023,4,567.142,3,3,,אחר,אחר,חילוני,,3,3,3,,1,5,1,6,24926,24926,18655,383,0,3723,1116,1217,0,6995,232,3871,1119,20.0,2.1
2023,4,1071.606,2,0,,יהודים,יהודי,מסורתי,כפרי,4,5,4,בבעלות,,0,1,6,17969,12076,14015,334,320,5893,1025,947,0,1756,1738,1285,717,42.0,4.7
2023,4,659.093,3,2,1,יהודים,יהודי,אחר,,3,2,5,,1,1,1,7,29263,29263,19632,1473,85,5579,1758,409,595,729,2215,6264,524,28.4,7.9
2023,4,436.370,2,2,,יהודים,יהודי,חילוני,,3,2,5,בבעלות,2,3,1,10,41373,36448,39923,8372,1079,11934,1637,539,1566,3903,3425,7136,333,29.9,23.7
2023,4,250.738,2,0,,יהודים,יהודי,חרדי,עירוני גדול,1,5,4,בבעלות,1,1,1,9,30168,25038,11594,162,172,5130,931,215,15,304,1985,1157,1522,44.2,2.9
2023,4,1739.141,3,2,,יהודים,יהודי,חילוני,כפרי,4,5,4,בבעלות,1,2,1,10,52306,46413,27918,8365,1801,6043,3717,923,0,2797,234,3798,240,21.6,36.4
2023,4,702.581,3,1,,ערבים,נוצרי,מסורתי,,3,4,4,בבעלות,1,2,1,8,37084,34710,24287,1350,530,2374,4901,3353,0,5802,1160,4316,500,9.8,7.7
2023,3,1790.050,5,2,3,ערבים,נוצרי,חרדי,,3,4,5,,1,2,1,5,30053,27553,24257,1341,168,2500,1353,1787,3256,443,2277,6312,4820,10.3,6.2
2023,4,257.078,1,0,,יהודים,יהודי,חילוני,כפרי,3,4,3,בבעלות,1,1,1,6,11878,8476,10111,1641,558,3503,1106,114,0,1057,207,1497,426,34.6,21.7
2023,4,486.407,5,2,3,יהודים,יהודי,דתי,כפרי,3,4,4,,,0,1,3,19787,19787,19059,2218,330,2867,1188,783,326,823,1555,1517,7451,15.0,13.4
2023,4,848.741,1,0,,יהודים,יהודי,חילוני,,3,2,3,,,0,1,1,2241,2241,1025,184,0,248,356,0,0,0,0,237,0,24.2,18.0
2023,3,1057.916,5,3,2,יהודים,יהודי,חילוני,,3,4,4,,2,1,1,6,36328,36328,27028,5278,1244,4173,1848,221,457,555,3917,8033,1302,15.4,24.1
2023,4,877.685,1,0,,יהודים,יהודי,מסורתי,,5,5,3,בבעלות,,0,2,6,11007,6337,11698,2733,86,4670,1964,66,0,1673,337,159,10,39.9,24.1
2023,4,736.545,7,1,5,יהודים,יהודי,חרדי,אחר,1,4,4,בבעלות,,0,2,1,13404,9525,14580,5908,312,3879,699,1184,153,161,1537,119,628,26.6,42.7
2023,4,716.441,11,1,9,יהודים,יהודי,חרדי,,1,1,4,בבעלות,,1,2,2,22728,19625,22376,3797,744,3420,1542,430,138,149,4171,674,7310,15.3,20.3
2023,4,543.740,3,3,,יהודים,יהודי,אחר,,2,2,3,בבעלות,2,1,1,8,36991,34439,19062,2197,672,2552,1117,3996,0,523,2315,4303,1388,13.4,15.1
2023,4,447.067,5,2,3,יהודים,יהודי,דתי,,3,3,5,בבעלות,2,2,1,5,30682,27066,32861,2493,873,3846,1613,1478,326,1507,1111,19242,371,11.7,10.2
2023,4,542.519,1,1,,יהודים,יהודי,דתי,,3,3,3,בבעלות,1,2,1,7,14280,11247,8063,1145,674,3033,344,0,0,62,0,2209,596,37.6,22.6
2023,4,635.456,2,2,,יהודים,יהודי,חילוני,,4,2,4.5,,2,2,1,8,25838,19790,21229,1110,0,10227,1263,633,0,1049,43,6279,624,48.2,5.2
2023,4,196.326,2,1,,יהודים,יהודי,חילוני,עירוני קטן,4,4,4,בבעלות,2,1,1,10,35371,32205,14448,3346,348,3414,2917,147,0,1050,373,985,1868,23.6,25.6
2023,4,423.464,3,3,,יהודים,יהודי,חילוני,עירוני קטן,4,4,2,בבעלות,2,2,1,8,31860,30189,13797,1347,368,1756,1165,268,0,4332,1733,2493,334,12.7,12.4
2023,4,455.397,5,3,1,יהודים,יהודי,מסורתי,,2,1,4,בבעלות,1,3,1,4,23875,20911,12247,2720,911,2964,854,460,694,1273,325,1899,147,24.2,29.6
2023,4,1587.884,5,3,,ערבים,נוצרי,מסורתי,,3,4,14,בבעלות,2,4,1,6,35487,30487,62057,15815,0,5000,1948,0,0,506,3475,32730,2582,8.1,25.5
2023,4,366.288,2,1,,ערבים,נוצרי,דתי,,3,4,4,בבעלות,1,0,1,1,5499,3125,6604,1511,275,2374,1044,331,0,0,0,1070,0,35.9,27.0
2023,4,535.907,5,2,3,יהודים,יהודי,חילוני,,4,1,5,בבעלות,2,4,1,8,49675,38749,39420,5404,1322,5663,4167,2032,1740,1914,4562,11825,793,14.4,17.1
2023,4,1754.149,6,4,2,ערבים,נוצרי,מסורתי,,1,3,4,בבעלות,2,1,1,3,21258,19553,24044,952,1336,1705,1502,248,694,10178,1685,5400,344,7.1,9.5
2023,4,890.738,3,2,1,יהודים,יהודי,חילוני,כפרי,4,5,4,בבעלות,1,2,1,10,58748,51929,14021,1651,35,5954,1539,86,0,1337,2507,882,30,42.5,12.0
2023,4,449.149,5,1,1,ערבים,נוצרי,דתי,,2,2,5,בבעלות,1,1,1,1,9629,7129,8517,2455,655,2500,1123,23,129,176,132,1194,129,29.4,36.5
2023,4,670.333,5,3,,ערבים,נוצרי,מסורתי,,2,2,7,בבעלות,2,2,1,5,27707,23707,18719,4398,1902,4000,1390,0,647,768,2281,2480,852,21.4,33.7
2023,4,2243.742,2,1,1,ערבים,נוצרי,דתי,,2,2,2,,,0,2,2,9559,9559,9327,788,862,1985,990,0,1190,419,1289,965,840,21.3,17.7
2023,4,804.598,5,3,3,יהודים,יהודי,מסורתי,,5,5,5,בבעלות,2,2,1,6,33539,24900,22923,6031,0,8639,2602,122,0,1400,866,3263,0,37.7,26.3
2023,3,828.211,2,0,,יהודים,יהודי,מסורתי,,3,2,5,בבעלות,1,1,1,10,42571,37646,16843,3621,2055,4993,1813,1119,328,1240,710,733,232,29.6,33.7
2023,4,308.324,4,3,,ערבים,נוצרי,מסורתי,,2,3,3,בבעלות,2,1,1,6,30037,27537,12002,3004,344,2500,1291,129,0,54,2417,2264,0,20.8,27.9
2023,4,184.047,2,0,,ערבים,מוסלמי,מסורתי,,2,3,4,בבעלות,1,1,1,7,23214,20636,17332,2087,1111,2578,4249,0,0,1109,397,5409,392,14.9,18.5
2023,4,563.667,5,3,2,יהודים,יהודי,חילוני,,4,2,6,,2,1,1,3,20322,20322,16529,3699,454,3471,1390,0,707,928,3125,2638,117,21.0,25.1
2023,4,778.279,1,0,,יהודים,יהודי,חילוני,,4,2,1,,,0,1,5,10039,8239,6470,856,640,1800,530,99,0,162,591,1633,159,27.8,23.1
2023,4,687.855,5,2,3,יהודים,יהודי,חילוני,,4,2,4,בבעלות,2,1,1,5,30399,23946,28932,3342,1101,5069,2825,1724,0,1509,10365,2302,696,17.5,15.4
2023,4,700.788,2,2,,יהודים,יהודי,דתי,,5,4,5,בבעלות,2,2,1,9,28431,19248,27835,5515,0,9266,3167,682,0,5409,913,2075,808,33.3,19.8
2023,4,691.052,1,0,,יהודים,יהודי,חילוני,כפרי,3,4,4,בבעלות,1,0,1,9,20973,17468,14733,2345,411,3505,2210,650,36,2437,1106,1714,319,23.8,18.7
2023,4,405.389,2,2,,ערבים,נוצרי,מסורתי,,2,3,4,בבעלות,1,1,1,10,40168,37735,13620,4019,1120,2433,1548,0,1036,416,0,2983,65,17.9,37.7
2023,4,569.633,3,1,1,יהודים,יהודי,חרדי,עירוני גדול,1,5,2,,,0,2,1,3958,3958,15430,702,333,5950,551,5180,300,1409,595,334,75,38.6,6.7
2023,4,297.170,1,0,,יהודים,יהודי,חרדי,עירוני גדול,1,5,7,בבעלות,1,1,1,10,76725,69274,45984,1812,976,7451,6968,4405,1248,760,10633,1057,10675,16.2,6.1
2023,4,695.775,1,1,,אחר,אחר,חילוני,עירוני קטן,4,4,2,,1,0,2,7,14187,13542,9420,1281,173,2082,380,251,119,290,159,4511,175,22.1,15.4
2023,4,609.691,5,2,3,יהודים,יהודי,חילוני,,4,3,5,בבעלות,1,2,1,6,34362,28852,20282,1495,290,4923,2216,1727,525,1604,5947,1049,507,24.3,8.8
2023,4,589.491,5,2,,ערבים,נוצרי,מסורתי,,2,3,4,בבעלות,2,1,1,2,17583,15005,14788,4579,573,2578,1207,129,198,1490,0,3701,332,17.4,34.8
2023,4,1592.299,5,1,3,ערבים,נוצרי,מסורתי,,2,3,5,בבעלות,2,1,1,3,19379,16379,26771,3790,517,3000,1927,0,892,728,463,11302,4153,11.2,16.1
2023,4,533.696,4,2,2,יהודים,יהודי,חילוני,,3,4,5,בבעלות,1,3,1,9,55915,49694,23153,2215,1799,6519,2238,1312,566,2142,4303,1029,1030,28.2,17.3
2023,4,844.373,6,2,2,אחר,אחר,חילוני,,3,4,3.5,,1,4,1,3,23521,23521,33085,3340,967,6078,1542,38,1844,1720,1140,15004,1412,18.4,13.0
2023,4,925.348,4,3,,יהודים,יהודי,חילוני,כפרי,4,5,7,בבעלות,2,3,1,10,161485,153366,50589,9681,135,8638,8180,1249,0,6449,3146,10057,3053,17.1,19.4
2023,4,1386.836,2,0,,יהודים,יהודי,חילוני,,4,5,4.5,בבעלות,1,1,1,10,63150,57142,14666,2658,538,6165,2082,69,349,1842,322,642,0,42.0,21.8
2023,4,386.644,1,1,,יהודים,יהודי,חילוני,,4,5,3,בבעלות,2,2,2,9,20656,17062,8756,827,396,3594,1115,0,0,536,175,2112,0,41.0,14.0
2023,4,574.121,8,1,6,יהודים,יהודי,חרדי,אחר,1,4,5,בבעלות,1,1,1,3,28001,23154,18427,3991,1715,4847,691,872,1399,1754,1320,786,1051,26.3,31.0
2023,4,783.560,2,0,,יהודים,יהודי,חרדי,עירוני גדול,1,5,6,בבעלות,,1,2,7,20311,12860,26676,8516,1876,7451,3614,1189,330,2256,83,537,823,27.9,39.0
2023,4,1357.997,2,2,,יהודים,יהודי,דתי,,2,4,4,,1,2,1,5,17256,17256,12841,2265,419,2876,1146,0,0,2251,2983,887,15,22.4,20.9
2023,4,1046.489,2,0,,יהודים,יהודי,מסורתי,,4,5,4,בבעלות,1,1,1,6,18918,14011,9779,534,302,5034,1289,96,0,905,178,562,879,51.5,8.5
2023,4,1758.654,3,3,,יהודים,יהודי,חילוני,כפרי,3,4,4.5,בבעלות,1,1,1,6,26099,21676,12259,1422,428,4423,1307,1352,793,1516,117,485,416,36.1,15.1
2023,4,917.544,1,0,,יהודים,יהודי,חילוני,עירוני גדול,1,5,1,,,0,1,4,8328,8328,5450,1465,545,1279,27,72,334,698,1,645,384,23.5,36.9
2023,4,602.705,2,2,,אחר,אחר,חילוני,,3,2,3.5,בבעלות,1,2,1,5,17232,14303,34203,1782,1056,2929,613,560,248,21584,1502,2926,1003,8.6,8.3
2023,4,895.183,1,0,,יהודים,יהודי,חילוני,,3,2,3,בבעלות,,0,2,3,6928,4292,6419,2411,566,2727,358,0,0,84,128,145,0,42.5,46.4
2023,4,533.771,2,1,,יהודים,יהודי,חילוני,,3,2,2,,1,1,1,3,10698,10698,10095,2659,0,993,291,0,0,696,2041,2900,516,9.8,26.3
2023,4,450.814,2,1,,יהודים,יהודי,חילוני,,5,2,6,בבעלות,2,6,1,10,54950,49330,53987,1668,813,6133,2855,1099,843,8840,29110,2118,508,11.4,4.6
2023,4,461.891,6,5,1,יהודים,יהודי,חילוני,,5,2,5,בבעלות,2,2,1,9,63329,57031,22132,8184,116,5620,1511,1800,545,1802,802,1752,0,25.4,37.5
2023,4,1008.863,2,0,,יהודים,יהודי,מסורתי,אחר,4,4,6,בבעלות,1,0,1,5,15248,9016,15866,994,420,6232,1478,128,174,1593,2655,2025,167,39.3,8.9
2023,4,1344.896,5,2,2,יהודים,יהודי,מסורתי,אחר,4,4,5,בבעלות,2,4,1,3,19072,12840,53943,5909,2192,6359,2517,395,3213,2757,3840,24741,2019,11.8,15.0
2023,4,2454.770,1,0,,אחר,נוצרי,דתי,אחר,4,4,2,,,0,2,4,8367,8367,6506,1310,765,2481,249,188,327,287,248,302,348,38.1,31.9
2023,4,813.133,5,2,3,יהודים,יהודי,חילוני,,4,1,5.5,בבעלות,2,3,1,6,32779,27295,31917,5047,2629,6813,4905,43,992,2563,3120,5011,796,21.3,24.0
2023,4,599.613,1,1,,יהודים,יהודי,חילוני,כפרי,4,5,4,,1,1,1,10,26517,26517,18615,2197,775,4781,1909,0,193,759,1721,3246,3033,25.7,16.0
2023,4,711.562,1,0,,ערבים,נוצרי,מסורתי,,2,2,2,,,0,1,3,7044,5044,5681,1809,86,2000,1094,65,431,0,66,41,90,35.2,33.4
2023,4,2031.282,5,1,3,ערבים,נוצרי,חילוני,עירוני גדול,1,5,4,,2,0,1,1,7766,7766,16893,3335,1270,2484,1433,2713,1402,318,516,3337,86,14.7,27.3
2023,4,453.297,3,1,,ערבים,מוסלמי,מסורתי,,2,3,3,בבעלות,2,1,1,8,35299,32799,8618,714,86,2500,2141,53,0,2040,0,1084,0,29.0,9.3
2023,4,795.662,1,1,,יהודים,יהודי,מסורתי,כפרי,3,4,2,,1,0,1,4,7586,7586,5977,304,517,2330,1171,0,0,0,1247,408,0,39.0,13.7
2023,4,666.716,5,2,3,יהודים,יהודי,דתי,,4,4,5,בבעלות,1,1,1,5,30445,22837,21463,3349,1561,7608,2064,661,496,582,3606,1008,529,35.4,22.9
2023,4,894.498,3,2,,ערבים,נוצרי,דתי,,1,3,5,בבעלות,2,1,1,9,44596,42398,16829,6257,813,2198,1356,240,149,1547,364,3085,822,13.1,42.0
2023,4,221.263,4,1,1,יהודים,יהודי,דתי,עירוני גדול,1,5,4,,1,0,1,3,18364,18364,16338,3743,902,4462,1479,568,0,415,2268,1707,793,27.3,28.4
2023,4,639.071,3,1,,יהודים,יהודי,חרדי,עירוני גדול,1,5,4,בבעלות,,2,1,9,44450,39320,30278,2739,1297,5342,1473,0,0,2978,1771,1409,13268,17.6,13.3
2023,4,711.191,4,3,,יהודים,יהודי,חילוני,,4,5,4,בבעלות,1,1,1,9,49828,44198,22507,3872,1132,4907,2384,1088,0,778,217,7838,290,21.8,22.2
2023,4,573.285,2,1,,ערבים,נוצרי,דתי,,2,2,3,בבעלות,1,1,1,2,7698,5698,17632,4722,1830,2000,1836,726,2826,221,496,1509,1466,11.3,37.2
2023,4,668.440,7,2,5,ערבים,נוצרי,מסורתי,,2,2,4,,2,1,1,4,30014,27314,20701,7047,862,2700,1379,0,2578,137,4500,1498,0,13.0,38.2
2023,4,778.454,1,0,,יהודים,יהודי,חילוני,,5,5,3,בבעלות,,0,2,8,15408,10738,7809,1119,0,4670,555,59,0,62,278,74,991,59.8,14.3
2023,4,2008.634,3,0,,יהודים,יהודי,חילוני,,4,5,7,בבעלות,2,1,1,8,32634,26626,21843,2542,395,6618,4172,813,994,3380,527,2156,248,30.3,13.4
2023,4,1628.003,3,0,2,יהודים,יהודי,חילוני,,4,5,3.5,,,1,1,1,8214,8214,10555,707,22,4764,961,26,297,352,1387,2022,17,45.1,6.9
2023,4,1209.762,4,2,2,יהודים,יהודי,מסורתי,אחר,4,5,3.5,,2,2,1,7,32674,32674,20228,1856,365,7444,1009,4219,0,340,2889,2106,0,36.8,11.0
2023,4,552.635,11,1,9,יהודים,יהודי,חרדי,עירוני גדול,1,5,3,בבעלות,,0,2,1,13787,9886,18039,404,0,3901,1075,814,0,793,10269,595,188,21.6,2.2
2023,4,745.524,5,1,3,יהודים,יהודי,חרדי,אחר,1,4,3,בבעלות,1,1,2,2,17963,14805,15082,1665,650,3158,606,2190,1780,527,2687,1068,752,20.9,15.3
2023,4,1147.699,9,1,7,יהודים,יהודי,חרדי,,1,5,4,,1,2,1,3,30324,30324,20152,2610,575,4932,1115,193,561,650,5733,886,2895,24.5,15.8
2023,4,622.710,9,3,4,יהודים,יהודי,חרדי,,1,5,4,בבעלות,1,1,1,3,32541,27844,20401,4391,482,4796,2624,458,992,923,2324,2349,1062,23.5,23.9
2023,4,989.179,7,2,5,יהודים,יהודי,חרדי,,1,5,4,בבעלות,1,2,1,4,33529,28832,29086,8074,1965,4992,3443,2347,625,1812,2737,1061,2031,17.2,34.5
2023,4,861.165,4,2,2,יהודים,יהודי,דתי,,3,3,2,,1,6,1,2,12583,12583,22741,4613,1120,4447,2481,908,1236,251,3218,3950,517,19.6,25.2
2023,4,213.023,2,2,,יהודים,יהודי,דתי,עירוני גדול,1,5,7,בבעלות,1,2,1,10,47292,39841,19344,1634,614,7561,2025,547,517,786,1109,4055,496,39.1,11.6
2023,4,186.129,1,1,,יהודים,יהודי,חילוני,עירוני קטן,4,4,3.5,בבעלות,1,1,1,8,17292,14126,6026,0,0,3251,1373,96,0,406,334,500,66,53.9,0.0
2023,4,388.516,2,2,,יהודים,יהודי,מסורתי,אחר,2,2,3,בבעלות,1,0,1,7,22737,20348,11769,884,236,2389,940,2871,515,2200,326,659,750,20.3,9.5
2023,4,833.722,4,2,2,יהודים,יהודי,חילוני,,4,4,6,בבעלות,1,2,1,9,52178,44970,25046,148,84,7307,1154,296,108,3749,2051,9407,741,29.2,0.9
2023,4,1052.567,3,1,1,יהודים,יהודי,מסורתי,,4,4,4,בבעלות,1,2,1,6,23983,18575,14728,2216,545,5520,1033,0,0,1214,479,1844,1877,37.5,18.7
2023,4,885.971,2,1,,יהודים,יהודי,חילוני,,4,4,6,בבעלות,2,2,1,6,17852,10644,28559,2952,567,7459,1234,604,0,13452,196,1791,303,26.1,12.3
2023,4,1090.080,2,0,,יהודים,יהודי,חילוני,,4,4,3,בבעלות,1,0,1,5,15778,11216,10030,775,163,4653,1230,0,0,111,630,1315,1154,46.4,9.4
2023,4,773.167,2,2,,יהודים,יהודי,חילוני,,5,5,8,בבעלות,2,2,1,9,32647,21583,19894,1029,957,11183,2586,0,0,1216,238,2586,99,56.2,10.0
2023,4,427.089,7,3,4,יהודים,יהודי,דתי,כפרי,1,4,7,בבעלות,1,3,1,6,41423,35803,32341,3353,1633,5804,3056,892,323,1397,7610,6605,1669,17.9,15.4
2023,4,485.596,9,0,6,יהודים,יהודי,חרדי,כפרי,1,4,4,בבעלות,,1,2,3,28531,24404,11508,1762,151,4127,2068,0,0,465,2295,266,374,35.9,16.6
2023,4,372.824,2,2,,יהודים,יהודי,דתי,,4,4,7,בבעלות,2,2,1,10,52734,47380,18123,1723,2154,5507,2124,0,0,2195,593,2672,1155,30.4,21.4
2023,4,1149.912,3,2,1,יהודים,יהודי,דתי,,4,4,3,,1,2,1,8,33836,33836,19948,3012,0,4599,1292,102,198,3634,4120,1813,1179,23.1,15.1
2023,4,590.813,3,2,1,יהודים,יהודי,חילוני,,4,2,3,בבעלות,2,2,1,8,33759,30107,32969,4419,621,9735,1663,835,1057,3885,4211,4507,2035,29.5,15.3
2023,4,738.890,1,1,,יהודים,יהודי,חילוני,,4,2,1,,1,0,2,5,10229,10057,4992,218,0,793,368,185,594,95,144,1421,1175,15.9,4.4
2023,4,2151.139,5,2,3,יהודים,יהודי,דתי,,3,3,3,,1,1,2,2,14948,14948,14023,1153,0,2479,1075,142,2231,232,4301,2017,393,17.7,8.2
2023,4,748.191,4,0,2,יהודים,יהודי,חילוני,עירוני קטן,4,4,3,,,4,2,1,3867,3867,19145,3479,832,3867,1960,1124,99,2783,4087,517,397,20.2,22.5
2023,4,540.291,1,0,,יהודים,יהודי,חילוני,עירוני קטן,4,4,3.5,בבעלות,1,1,1,7,12689,9523,14643,167,740,6839,1032,1819,1032,355,269,1226,1163,46.7,6.2
2023,4,426.594,2,0,,יהודים,יהודי,חילוני,עירוני קטן,4,4,3.5,בבעלות,2,1,1,9,30163,26997,24819,3979,692,3337,3107,632,119,2086,1084,9094,691,13.4,18.8
2023,4,782.426,5,3,2,יהודים,יהודי,חילוני,,3,4,5,בבעלות,2,3,1,7,38307,31186,17610,2473,651,6575,1991,137,515,418,3043,1527,281,37.3,17.7
2023,4,1675.978,2,1,1,יהודים,יהודי,חילוני,,3,4,4,בבעלות,1,1,1,10,44529,39636,16219,667,851,4893,3609,242,1335,438,2022,1418,744,30.2,9.4
2023,4,543.273,4,1,2,יהודים,יהודי,חרדי,עירוני גדול,1,5,4,,,1,2,2,11402,11402,14696,1077,0,5435,1325,953,1051,236,3828,196,595,37.0,7.3
2023,4,1002.424,2,2,,יהודים,יהודי,אחר,,3,2,3,בבעלות,1,3,1,9,28429,25793,10927,1629,408,2729,1169,1988,0,703,570,820,911,25.0,18.6
2023,4,496.644,3,2,,יהודים,יהודי,אחר,עירוני קטן,4,4,4,בבעלות,,1,1,2,12191,9025,6196,1643,68,3166,713,111,34,0,0,396,64,51.1,27.6
2023,4,779.369,5,3,1,יהודים,יהודי,חילוני,,5,2,5.5,בבעלות,2,3,1,10,70683,63029,33272,8399,3028,5790,4949,1622,992,707,3255,2961,1569,17.4,34.3
2023,4,363.879,3,2,,ערבים,נוצרי,מסורתי,,2,2,3,בבעלות,1,0,1,3,13913,11887,18588,4433,3271,2026,2150,65,496,1093,861,4194,0,10.9,41.4
2023,4,433.545,4,2,2,ערבים,נוצרי,מסורתי,,2,2,4,בבעלות,2,2,1,4,22635,20135,17108,7448,1163,2500,1392,645,853,65,1200,1843,0,14.6,50.3
2023,4,1511.673,3,2,1,אחר,אחר,חילוני,,3,4,3,,1,1,1,4,16161,16161,14444,1702,580,3875,429,137,362,419,995,5756,188,26.8,15.8
2023,4,734.825,3,2,,יהודים,יהודי,דתי,,3,5,3,בבעלות,,0,1,7,27543,23214,12835,2032,959,4409,1118,517,221,657,0,1691,1232,34.4,23.3
2023,4,721.284,5,1,3,יהודים,יהודי,חרדי,כפרי,1,4,3,בבעלות,1,0,2,2,17184,13886,9121,585,0,3298,1681,0,0,374,1983,771,430,36.2,6.4
2023,4,1325.782,1,1,,ערבים,מוסלמי,חילוני,,3,3,3,,1,0,1,4,8673,8673,21023,181,181,2366,382,9279,991,248,1060,3277,3058,11.3,1.7
2023,4,437.300,1,0,,יהודים,יהודי,מסורתי,,3,3,4,בבעלות,,1,1,7,14594,11660,5753,449,72,2934,753,446,258,530,178,132,0,51.0,9.1
2023,4,979.294,3,1,1,יהודים,יהודי,אחר,עירוני גדול,1,5,3,בבעלות,1,1,1,8,33396,29495,18443,2439,194,4003,1649,983,0,783,4842,2164,1387,21.7,14.3
2023,4,470.067,2,1,,יהודים,יהודי,דתי,אחר,2,2,3,,,0,2,3,9906,9906,5705,1017,110,2481,708,124,0,851,0,235,180,43.5,19.8
2023,4,2030.885,2,2,,יהודים,יהודי,דתי,עירוני גדול,1,5,3,,1,1,1,8,24257,24257,20039,3748,1023,4710,1110,0,445,418,3055,5194,338,23.5,23.8
2023,4,541.135,6,2,4,יהודים,יהודי,דתי,עירוני גדול,1,5,4,בבעלות,2,5,1,8,57665,52535,43532,7772,1750,5130,3538,7858,5047,1374,6746,731,3585,11.8,21.9
2023,4,576.508,4,2,1,יהודים,יהודי,חילוני,עירוני גדול,1,5,5,בבעלות,1,4,1,7,36554,29103,22264,2490,911,7502,2321,458,853,711,923,5328,767,33.7,15.3
2023,4,572.342,2,0,,יהודים,יהודי,דתי,עירוני גדול,1,5,5,בבעלות,2,1,1,10,46809,39358,34236,3206,2036,7930,2947,298,0,4668,2253,9738,1159,23.2,15.3
2023,4,881.755,3,2,1,יהודים,יהודי,חילוני,,3,4,3.5,בבעלות,1,2,1,6,25506,20968,18605,1894,211,4645,1268,202,992,398,2403,6094,500,25.0,11.3
2023,4,1205.508,3,2,,יהודים,יהודי,חילוני,,4,5,4,בבעלות,2,0,1,7,29784,24425,15681,1352,308,4907,1231,0,128,2459,3265,2033,0,31.3,10.6
2023,3,1079.724,2,1,1,ערבים,נוצרי,מסורתי,,1,3,3,,1,1,1,1,6866,6866,10678,431,332,1818,477,0,288,280,0,3173,3879,17.0,7.1
2023,4,767.840,3,3,,יהודים,יהודי,חילוני,,4,5,5,בבעלות,2,2,1,9,42801,36251,14899,433,767,6101,2043,0,0,1065,811,3679,0,40.9,8.1
2023,4,538.986,4,2,2,יהודים,יהודי,מסורתי,,2,2,4,בבעלות,1,1,1,5,26740,23738,7433,1148,0,3002,994,0,99,616,506,576,491,40.4,15.4
2023,4,1742.800,2,1,,יהודים,יהודי,חרדי,עירוני גדול,1,5,2,,,0,2,6,19186,19186,9527,1829,466,3970,809,38,397,303,904,505,306,41.7,24.1
2023,4,1209.357,2,1,,יהודים,יהודי,מסורתי,,5,5,7,בבעלות,2,0,1,8,27870,13338,28599,3060,450,14713,2564,622,119,945,258,5868,0,51.4,12.3
2023,4,522.493,6,2,4,יהודים,יהודי,דתי,,3,3,4,,2,2,1,3,24823,24823,20435,721,331,2826,1377,66,414,532,11513,2007,647,13.8,5.1
2023,4,406.208,4,2,2,יהודים,יהודי,חילוני,,4,3,4,,2,3,1,7,33611,32820,24801,5014,934,8990,1212,776,357,976,3290,2542,710,36.2,24.0
2023,4,508.954,2,0,,יהודים,יהודי,חילוני,,4,3,5,בבעלות,1,0,1,8,24563,17267,15753,838,332,7395,835,63,1339,2595,267,1706,383,46.9,7.4
2023,4,335.133,4,1,3,יהודים,יהודי,חילוני,,4,3,4,,1,3,2,4,21088,15772,26183,722,30,5316,136,843,436,650,4207,12229,1615,20.3,2.9
2023,4,461.575,2,0,,יהודים,יהודי,מסורתי,אחר,3,1,10,בבעלות,1,1,1,8,27520,20631,28288,6504,1189,7016,3047,124,0,766,690,8035,915,24.8,27.2
2023,4,568.581,2,1,,אחר,נוצרי,חילוני,כפרי,3,4,4,,1,1,1,6,18371,18371,8412,1167,140,3669,911,501,486,208,747,411,172,43.6,15.5
2023,4,1115.587,4,2,2,יהודים,יהודי,מסורתי,,3,5,4,,2,1,1,5,23957,23957,19617,2539,373,4890,1443,302,1290,3217,3172,1762,629,24.9,14.8
2023,4,527.106,2,0,,יהודים,יהודי,חילוני,,4,5,8,בבעלות,2,1,1,10,59353,50436,23453,1804,522,9433,5508,180,208,1372,2251,2010,165,40.2,9.9
2023,4,250.168,3,2,,ערבים,נוצרי,דתי,,2,2,4,בבעלות,1,1,1,5,20778,18978,43815,6731,2333,2265,986,119,2492,2498,3773,17616,5002,5.2,20.7
2023,4,977.436,4,2,2,ערבים,נוצרי,אחר,,2,2,4,בבעלות,2,1,1,10,56873,54265,22425,1555,513,2608,1028,396,694,397,1450,13441,345,11.6,9.2
2023,4,1255.361,5,4,,יהודים,יהודי,דתי,אחר,4,5,4,בבעלות,2,3,1,7,42248,35647,17929,3428,1793,6650,1569,272,264,1715,297,1748,193,37.1,29.1
2023,4,1350.467,1,0,,יהודים,יהודי,חרדי,,1,5,3,בבעלות,,0,2,4,8320,4829,9296,263,335,3491,489,0,516,3844,159,94,105,37.6,6.4
2023,4,368.910,8,5,3,יהודים,יהודי,מסורתי,,3,3,6,,2,3,1,7,58229,58229,21263,1785,773,3471,2359,2005,0,688,5821,4020,340,16.3,12.0
2023,4,1289.335,1,0,,יהודים,יהודי,חילוני,,5,5,5,בבעלות,1,1,1,10,43746,32682,16705,667,157,11147,1138,0,0,474,206,1727,1190,66.7,4.9
2023,4,447.111,2,2,,יהודים,יהודי,חילוני,,5,5,9,בבעלות,1,2,1,10,60429,49139,27060,1895,958,11064,1342,0,0,2558,1211,8032,0,40.9,10.5
2023,4,2189.252,1,1,,יהודים,יהודי,חילוני,,5,5,2,,1,2,1,9,20407,20407,10575,1162,0,4363,403,0,445,1318,258,2586,40,41.3,11.0
2023,4,1289.335,1,0,,יהודים,יהודי,חילוני,,5,5,7,בבעלות,2,2,1,10,43549,32485,17217,680,444,11396,2718,109,0,426,227,1217,0,66.2,6.5
2023,4,1283.401,5,1,3,ערבים,נוצרי,מסורתי,,1,2,3,בבעלות,1,0,1,1,11174,9374,15246,3213,517,1800,917,169,992,579,1646,3303,2111,11.8,24.5
2023,4,721.902,7,3,2,ערבים,נוצרי,מסורתי,,1,2,5,בבעלות,2,1,1,2,21973,18973,23824,3429,0,3000,3666,825,0,3294,595,9014,0,12.6,14.4
2023,4,825.867,3,2,1,יהודים,יהודי,דתי,,3,3,4,בבעלות,1,1,1,5,19806,16679,9699,1291,0,3177,1091,198,1091,374,506,844,1128,32.8,13.3
2023,4,580.508,5,3,2,יהודים,יהודי,חילוני,,3,3,5,בבעלות,1,3,1,6,34931,31315,14846,1915,148,3616,1810,98,0,1246,2085,3863,66,24.4,13.9
2023,4,465.215,3,1,1,יהודים,יהודי,חילוני,,3,3,5,בבעלות,1,3,1,5,21487,17871,22867,3115,853,3682,1797,149,595,617,3556,1830,6674,16.1,17.4
2023,4,414.304,3,1,2,יהודים,יהודי,חילוני,כפרי,3,4,4,בבעלות,1,0,1,3,15015,11099,9246,1291,0,3916,907,0,161,389,2027,408,148,42.4,14.0
2023,4,1050.381,5,2,3,יהודים,יהודי,דתי,,4,4,3,,1,2,1,8,50423,50423,39095,594,0,8398,1821,0,498,233,5958,21355,240,21.5,1.5
2023,4,668.590,2,0,,יהודים,יהודי,מסורתי,אחר,3,2,5,בבעלות,1,1,1,4,12992,8522,11063,1049,571,4470,1080,161,68,2552,329,781,0,40.4,14.6
2023,4,693.562,1,0,,יהודים,יהודי,חילוני,,5,4,6,בבעלות,1,1,1,7,13624,7240,15641,2037,585,6384,4290,576,0,476,497,711,86,40.8,16.8
2023,4,436.819,2,2,,יהודים,יהודי,חילוני,,5,4,7,בבעלות,2,1,1,10,57526,51142,29692,1096,255,6603,5360,1154,297,3488,1105,5977,4356,22.2,4.6
2023,4,530.316,5,2,3,יהודים,יהודי,חילוני,,5,4,5,,2,2,1,8,44858,44632,24393,1898,910,3474,2141,0,694,849,2477,11463,486,14.2,11.5
2023,4,378.898,2,0,,יהודים,יהודי,חילוני,,5,4,7,בבעלות,2,3,1,4,14141,7757,22953,3584,347,6384,2937,976,887,5011,783,1912,132,27.8,17.1
2023,4,593.123,8,4,3,יהודים,יהודי,דתי,,3,3,8,בבעלות,1,2,1,3,26586,20586,17487,3032,1105,6000,3246,119,98,265,1289,1037,1296,34.3,23.7
2023,4,772.580,8,5,3,יהודים,יהודי,חילוני,,4,5,8,בבעלות,2,3,1,5,39536,31133,23645,3597,416,8403,2477,69,0,633,2716,5334,0,35.5,17.0
2023,4,1087.105,5,2,3,ערבים,נוצרי,דתי,,2,2,2,,1,2,1,5,27763,25778,12873,2865,1447,1985,1196,542,1289,138,790,1259,1361,15.4,33.5
2023,4,965.892,5,2,3,יהודים,יהודי,חילוני,אחר,4,5,6,בבעלות,2,5,1,10,83139,74765,25702,3609,647,8374,2383,293,169,1930,4016,4080,202,32.6,16.6
2023,4,2195.255,1,1,,יהודים,יהודי,מסורתי,כפרי,3,4,2,,1,1,1,1,3455,3229,8044,429,51,2382,526,1351,545,60,151,2448,99,29.6,6.0
2023,4,466.424,4,4,,יהודים,יהודי,מסורתי,כפרי,3,4,7,בבעלות,1,1,1,7,37170,32188,18459,1495,35,5081,2765,1489,0,1651,3130,1255,1559,27.5,8.3
2023,4,542.519,1,0,,יהודים,יהודי,מסורתי,,3,4,2,,,2,1,4,7837,7837,3828,644,604,1588,179,727,0,0,0,86,0,41.5,32.6
2023,4,846.480,1,0,,יהודים,יהודי,חילוני,,3,4,4,בבעלות,,0,2,4,8980,5599,7053,525,100,3462,438,99,0,77,257,2061,33,49.1,8.9
2023,4,821.622,1,0,,יהודים,יהודי,חילוני,,3,4,3,בבעלות,,0,2,9,19059,16280,7207,1131,377,2829,1431,99,0,958,312,69,0,39.3,20.9
2023,4,408.234,5,2,3,יהודים,יהודי,חילוני,,3,4,5,בבעלות,2,4,1,5,29707,25245,23402,1344,225,4504,1458,1797,0,669,2173,11234,0,19.2,6.7
2023,4,658.670,2,0,,יהודים,יהודי,חילוני,,3,4,4,בבעלות,1,2,1,5,17218,13837,14234,937,165,3691,1155,10,0,2346,3836,1764,331,25.9,7.7
2023,4,472.734,4,2,2,יהודים,יהודי,מסורתי,,3,4,4,,1,1,1,4,20617,20617,15149,2813,142,3312,1141,176,0,547,3393,722,2904,21.9,19.5
2023,4,1097.071,12,1,10,יהודים,יהודי,חרדי,,1,5,5,בבעלות,,2,2,1,17336,11323,13789,969,0,6013,1100,0,356,287,4104,282,679,43.6,7.0
2023,4,2602.722,1,1,,יהודים,יהודי,דתי,,4,5,3,,1,1,1,6,11708,11143,15037,2757,0,5095,1135,0,2479,259,1234,907,1172,33.9,18.3
2023,4,890.116,2,0,,יהודים,יהודי,מסורתי,כפרי,3,5,3,בבעלות,1,1,1,7,20854,17194,13906,2386,505,3761,1844,218,317,2959,314,1550,51,27.0,20.8
2023,4,871.528,3,2,1,יהודים,יהודי,חילוני,,3,3,4,בבעלות,2,1,1,6,23435,20308,21506,2406,447,3497,6961,47,0,601,3852,3597,99,16.3,13.3
2023,4,1072.826,3,2,1,אחר,אחר,מסורתי,,3,3,4,,1,2,1,5,20086,20086,6828,819,0,2184,1038,1035,0,194,331,897,331,32.0,12.0
2023,4,645.998,2,0,,יהודים,יהודי,דתי,עירוני גדול,1,5,4,,,1,1,4,13227,13227,20632,6538,1550,7444,1891,0,0,539,469,327,1874,36.1,39.2
2023,4,786.404,8,2,6,יהודים,יהודי,חרדי,עירוני גדול,1,5,4,,,1,2,2,18964,18964,27314,2400,791,6048,3305,40,0,350,4775,9403,201,22.1,11.7
2023,4,1926.616,4,3,,יהודים,יהודי,מסורתי,אחר,5,4,6,בבעלות,2,4,1,9,52537,44715,41368,3604,973,7577,1724,619,2608,1119,11410,11665,68,18.3,11.1
2023,4,1351.169,4,2,2,יהודים,יהודי,מסורתי,אחר,5,4,4,,1,3,1,2,15277,15277,15232,2192,450,5955,1340,152,783,191,3333,785,52,39.1,17.3
2023,4,284.877,4,3,,ערבים,נוצרי,מסורתי,,2,3,5,בבעלות,2,1,1,3,19043,16043,28198,12282,2496,3000,1540,2178,645,1418,1609,3029,0,10.6,52.4
2023,4,746.476,4,1,2,יהודים,יהודי,חילוני,,4,2,2.5,,2,2,1,2,15200,15200,13093,2621,272,2330,752,50,149,719,4266,1916,16,17.8,22.1
2023,4,640.291,6,4,4,יהודים,יהודי,חילוני,,4,2,6,,2,5,1,5,33556,26539,52322,4992,614,13617,2477,579,297,1423,8486,16919,2917,26.0,10.7
2023,4,664.723,3,2,1,יהודים,יהודי,מסורתי,,3,3,4,בבעלות,1,2,1,6,24255,19998,14613,3947,959,3177,1608,593,0,676,673,1588,1392,21.7,33.6
2023,4,306.831,1,1,,יהודים,יהודי,מסורתי,,3,3,4,,1,2,1,7,14534,14534,10281,1292,0,3176,1321,0,0,649,180,2671,992,30.9,12.6
2023,4,438.149,5,2,3,יהודים,יהודי,חילוני,,3,3,5,בבעלות,2,4,1,5,31006,22585,24095,4732,1303,3666,1966,189,276,1187,1632,7241,1902,15.2,25.0
2023,4,416.772,3,2,1,יהודים,יהודי,מסורתי,אחר,4,4,3.5,בבעלות,,1,1,6,23985,20462,18920,5199,1410,3655,1405,1470,0,492,1061,744,3484,19.3,34.9
2023,4,758.679,1,1,,יהודים,יהודי,חילוני,אחר,4,4,3,,,0,1,4,8995,8995,8794,1395,0,3970,1190,0,198,95,198,1649,99,45.1,15.9
2023,4,1592.066,1,1,,יהודים,יהודי,חילוני,כפרי,3,5,4,בבעלות,,0,2,5,9902,4802,6747,129,0,5100,385,0,0,0,965,59,108,75.6,1.9
2023,4,778.454,1,0,,יהודים,יהודי,חילוני,כפרי,3,5,5,בבעלות,,0,2,7,13975,6813,12225,767,215,7212,1146,60,178,2267,125,168,86,59.0,8.0
2023,4,1981.304,2,2,,יהודים,יהודי,מסורתי,כפרי,3,5,4,בבעלות,1,1,1,9,32175,26945,13108,1082,779,5100,1359,286,942,474,59,1850,1178,38.9,14.2
2023,4,1892.485,1,1,,אחר,מוסלמי,חילוני,כפרי,3,5,2,,,0,1,5,10044,10044,9129,120,345,3474,672,0,530,1391,2204,393,0,38.1,5.1
2023,4,1393.033,3,1,,יהודים,יהודי,חילוני,כפרי,3,5,2.5,בבעלות,,0,1,5,19620,15443,9224,2154,965,3660,787,73,0,430,142,225,788,39.7,33.8
2023,4,899.860,1,0,,יהודים,יהודי,אחר,,4,5,4,בבעלות,1,1,1,10,26483,21756,17583,3891,131,4893,1097,43,0,1164,98,6038,228,27.8,22.9
2023,4,944.210,5,2,3,יהודים,יהודי,חילוני,,4,5,5,בבעלות,2,3,1,7,43872,34277,32734,2833,1219,9099,3202,0,0,1422,3892,10983,83,27.8,12.4
2023,4,485.268,2,1,,יהודים,יהודי,חרדי,עירוני גדול,1,5,4,,,0,2,2,9015,9015,11084,2555,745,4169,631,763,169,251,1341,280,180,37.6,29.8
2023,4,485.335,5,4,1,יהודים,יהודי,חילוני,,4,4,5,בבעלות,2,1,1,9,54611,49040,16648,4074,538,5681,1963,171,172,1279,1259,1125,385,34.1,27.7
2023,4,970.200,4,4,,יהודים,יהודי,דתי,אחר,3,2,6,בבעלות,1,2,1,7,33192,28722,11358,1764,491,4470,2403,107,0,584,0,1088,451,39.4,19.9
2023,4,590.401,2,1,,יהודים,יהודי,מסורתי,עירוני קטן,4,4,3,,,3,1,6,18032,17377,14177,3486,103,1985,852,99,0,2247,2665,768,1972,14.0,25.3
2023,4,669.900,1,0,,יהודים,יהודי,חילוני,,3,4,1,,,0,2,2,5439,5439,3425,181,77,2547,446,0,0,0,149,25,0,74.4,7.5
2023,4,1418.819,6,3,2,ערבים,נוצרי,מסורתי,,3,4,6,בבעלות,1,2,1,4,26279,22779,17958,3279,775,3500,2375,167,658,37,3297,1817,2053,19.5,22.6
2023,4,539.244,6,2,4,יהודים,יהודי,דתי,,5,2,5,בבעלות,2,2,1,7,48366,42538,21725,5459,0,5620,1944,1467,215,417,4450,1221,933,25.9,25.1
2023,4,467.750,2,0,,ערבים,נוצרי,חרדי,,2,2,3,בבעלות,1,0,2,3,10142,8116,6492,2007,612,2026,706,0,0,215,0,926,0,31.2,40.3
2023,4,168.582,2,2,,יהודים,יהודי,מסורתי,כפרי,3,4,5,בבעלות,2,1,1,10,51474,46492,29847,3982,987,5172,1799,1635,912,3414,557,10501,887,17.3,16.6
2023,4,170.496,6,1,5,יהודים,יהודי,מסורתי,,3,3,4,בבעלות,1,1,1,2,16240,12463,28956,5631,553,3777,1644,492,347,318,998,9958,5238,13.0,21.4
2023,4,291.427,1,0,,ערבים,נוצרי,מסורתי,,2,3,4,בבעלות,,0,2,3,6799,4055,10464,2972,1378,2744,1306,1318,198,26,0,25,495,26.2,41.6
2023,4,609.536,6,2,4,ערבים,נוצרי,דתי,,2,3,3,,1,1,1,1,13280,13280,12159,3577,1172,1587,915,66,466,0,151,4117,108,13.1,39.1
2023,4,467.236,5,2,1,יהודים,יהודי,חרדי,עירוני גדול,1,5,4,בבעלות,1,1,2,3,19273,14143,21323,292,37,5130,1022,1296,1289,718,10907,513,119,24.1,1.5
2023,4,319.618,5,2,2,יהודים,יהודי,חרדי,עירוני גדול,1,5,7,בבעלות,,1,1,8,47536,40085,37534,1799,1305,9327,5508,323,0,1385,4163,7077,6646,24.8,8.3
2023,4,306.587,7,0,5,יהודים,יהודי,חרדי,עירוני גדול,1,5,4,בבעלות,,0,2,1,10366,5236,15676,696,1383,5130,1974,497,356,2203,1672,337,1428,32.7,13.3
2023,4,1429.500,2,1,,יהודים,יהודי,חילוני,,4,5,2,,,1,1,2,9124,9124,9762,1058,674,1257,205,152,0,169,68,2834,3345,12.9,17.7
2023,4,1593.603,1,0,,יהודים,יהודי,מסורתי,,4,5,4,,,0,2,4,9000,4093,7193,666,95,4907,290,0,0,686,197,99,253,68.2,10.6
2023,4,1068.978,4,2,2,יהודים,יהודי,חילוני,אחר,5,4,5,בבעלות,2,2,1,10,56323,48953,27425,6166,514,7474,1685,69,248,2400,5124,3495,250,27.3,24.4
2023,4,1961.871,2,1,,יהודים,יהודי,דתי,אחר,5,4,4,,,2,1,1,2357,2357,10758,1225,681,5955,1083,95,474,728,68,248,202,55.4,17.7
2023,4,846.480,1,1,,יהודים,יהודי,חילוני,,3,4,2,,,1,1,4,8733,8733,7272,1917,68,2382,415,55,392,514,445,258,828,32.8,27.3
2023,4,548.359,1,1,,יהודים,יהודי,חילוני,,3,5,2,,1,1,1,7,13784,13784,8175,2333,710,406,1411,120,0,748,158,2290,0,5.0,37.2
2023,4,1738.518,1,0,,יהודים,יהודי,דתי,כפרי,3,5,2,בבעלות,,0,2,4,8032,4805,4838,862,0,3227,188,0,0,346,0,50,165,66.7,17.8
2023,4,589.923,5,5,,יהודים,יהודי,חרדי,,3,4,5,בבעלות,2,1,1,9,63489,56860,15635,2686,922,6575,2346,0,345,533,917,764,547,42.1,23.1
2023,4,1071.606,2,0,,יהודים,יהודי,חילוני,,4,5,5,בבעלות,1,2,1,7,21315,12912,26494,6150,0,8554,1916,4280,758,1919,1614,1061,243,32.3,23.2
2023,4,1167.044,2,2,,יהודים,יהודי,חילוני,,5,4,3,בבעלות,1,1,1,10,44397,40038,20472,1242,293,4359,3380,0,0,4447,2387,4365,0,21.3,7.5
2023,4,976.468,4,2,2,יהודים,יהודי,חילוני,אחר,4,5,4,,2,2,1,6,31417,31417,23379,2025,1844,6948,2981,88,1230,2709,4239,1065,252,29.7,16.5
2023,4,1613.821,2,0,1,יהודים,יהודי,חילוני,אחר,4,5,4.5,,1,3,1,5,15676,15676,16130,874,214,7389,1563,0,504,772,3934,781,99,45.8,6.7
2023,4,999.840,1,1,,יהודים,יהודי,חילוני,,4,5,2,בבעלות,1,2,1,9,17779,14444,7607,345,86,3466,865,153,0,766,1154,757,15,45.6,5.7
2023,4,858.208,3,3,,יהודים,יהודי,חרדי,,3,4,3,,,0,2,3,13717,13717,8726,1733,183,3966,1423,0,0,726,50,575,69,45.5,22.0
2023,4,994.170,3,2,1,יהודים,יהודי,דתי,,3,2,3.5,בבעלות,1,2,1,10,53516,50290,12244,1877,392,3226,831,1265,1287,299,1925,654,490,26.3,18.5
2023,4,837.815,3,2,1,יהודים,יהודי,חילוני,,3,2,4,,2,3,1,7,29001,29001,22569,1403,0,3173,1109,2390,744,593,1171,11987,0,14.1,6.2
2023,4,624.379,3,2,1,יהודים,יהודי,מסורתי,,3,2,4,בבעלות,1,1,1,5,21189,17963,12698,1237,563,3226,957,247,1458,1336,871,1815,987,25.4,14.2
2023,4,334.780,2,2,,יהודים,יהודי,מסורתי,,4,2,4,,2,1,1,9,31895,25995,18765,2791,2080,5971,2010,289,377,1354,2753,1010,129,31.8,26.0
2023,4,886.875,4,3,1,יהודים,יהודי,חילוני,,4,2,4,בבעלות,2,2,1,5,26739,21539,20468,5621,1199,5271,1332,196,813,491,1575,2913,1057,25.8,33.3
2023,4,507.987,2,0,,יהודים,יהודי,מסורתי,עירוני גדול,1,5,3,בבעלות,,0,1,2,9709,5808,10323,2605,730,3901,951,403,622,223,515,297,75,37.8,32.3
2023,4,505.387,4,2,2,יהודים,יהודי,חילוני,עירוני קטן,4,4,3.5,,2,3,1,5,25615,25615,10815,1476,433,2966,1215,0,868,220,2569,999,68,27.4,17.7
2023,4,779.406,1,1,,יהודים,יהודי,חרדי,עירוני גדול,1,5,3,בבעלות,,1,1,7,13842,9941,13850,2690,1203,3969,2013,212,248,2128,741,545,102,28.7,28.1
2023,4,1084.428,2,0,,יהודים,יהודי,חילוני,עירוני קטן,4,4,2.5,בבעלות,,1,1,2,9253,7433,4900,490,0,1905,562,0,0,735,178,1023,7,38.9,10.0
2023,4,468.638,4,0,2,ערבים,נוצרי,דתי,עירוני קטן,4,4,4,בבעלות,,3,1,1,7166,4000,8954,1130,0,3166,1137,0,1487,201,238,664,930,35.4,12.6
2023,4,323.594,3,2,1,יהודים,יהודי,חילוני,,3,3,4,בבעלות,2,3,1,8,35312,31214,17552,4047,928,4239,1158,69,268,1515,694,4514,121,24.2,28.3
2023,4,856.407,1,1,,יהודים,יהודי,חילוני,,5,4,2,,1,0,1,4,8220,4543,17235,1116,810,4895,2031,2503,377,1651,1290,1798,766,28.4,11.2
2023,4,1378.949,8,4,2,ערבים,נוצרי,מסורתי,,2,3,4,בבעלות,2,0,1,2,20253,17509,19704,362,370,2744,4900,59,0,1488,257,6581,2942,13.9,3.7
2023,4,271.821,2,0,,ערבים,נוצרי,מסורתי,,2,3,3,,,0,2,1,4217,4217,10806,3584,689,1339,1695,431,1111,165,593,144,1055,12.4,39.5
2023,4,353.783,3,2,,ערבים,מוסלמי,מסורתי,,2,3,4,בבעלות,2,1,1,3,14372,11939,13662,2732,981,2433,808,43,242,862,2397,2355,809,17.8,27.2
2023,3,5386.569,3,1,1,ערבים,נוצרי,דתי,,1,1,3,בבעלות,,0,2,1,3574,1928,10811,3390,2167,1646,394,0,848,1705,0,425,237,15.2,51.4
2023,3,136.511,1,0,,ערבים,נוצרי,דתי,,1,1,2,בבעלות,,0,2,1,1601,-194,8843,2576,151,1795,2010,0,0,2281,0,30,0,20.3,30.8
2023,4,1967.774,1,0,,יהודים,יהודי,חילוני,כפרי,4,5,5,בבעלות,1,0,1,10,22703,14189,22571,2311,116,8514,1120,0,611,1627,305,6967,1001,37.7,10.8
2023,4,2853.848,1,1,,יהודים,יהודי,חילוני,כפרי,4,5,3,,,2,1,6,11764,11764,8240,1229,345,4963,924,0,169,265,32,281,33,60.2,19.1
2023,4,273.719,1,1,,יהודים,יהודי,מסורתי,,3,4,3,בבעלות,,2,1,5,10451,8142,5403,498,62,2309,649,157,124,226,152,265,960,42.7,10.4
2023,4,557.552,3,1,,יהודים,יהודי,חרדי,,3,4,4,בבעלות,1,0,1,5,21550,18320,16021,3434,825,3370,2076,50,0,1099,762,3937,468,21.0,26.6
2023,4,336.423,1,0,,יהודים,יהודי,חילוני,,3,4,3,,,1,1,10,24137,21828,9808,1066,107,2309,750,26,0,766,446,4288,50,23.5,12.0
2023,4,158.180,1,0,,יהודים,יהודי,חילוני,,3,4,4,בבעלות,,1,1,5,10585,7355,7616,129,223,3331,646,1012,215,943,571,546,0,43.7,4.6
2023,4,560.078,6,4,2,יהודים,יהודי,חילוני,,4,5,4,,2,2,1,7,44368,44368,30661,4585,1656,5290,1656,222,731,1106,7776,7222,417,17.3,20.4
2023,4,320.312,1,1,,יהודים,יהודי,מסורתי,,4,5,4,בבעלות,1,1,1,10,23494,18767,22055,3192,414,4875,1533,154,0,474,392,10756,266,22.1,16.4
2023,3,136.511,1,0,,ערבים,נוצרי,מסורתי,,1,1,1,בבעלות,,0,2,1,1306,-194,5875,1740,770,1500,869,0,100,715,0,0,182,25.5,42.7
2023,3,1243.334,11,5,4,ערבים,נוצרי,מסורתי,,1,1,1,בבעלות,,0,1,3,36140,34140,21065,5705,2134,2000,2199,1298,0,1998,5116,325,290,9.5,37.2
2023,3,317.053,2,1,,יהודים,יהודי,חילוני,כפרי,3,4,3,בבעלות,,0,2,6,17817,14415,13121,1291,662,3402,5314,83,0,523,339,1310,198,25.9,14.9
2023,4,427.980,4,2,2,יהודים,יהודי,חילוני,,4,3,4,,2,3,1,9,52041,52041,19295,763,353,5706,1146,824,347,2495,3218,4442,0,29.6,5.8
2024,4,531.254,2,2,,יהודים,יהודי,חילוני,,5,5,3,בבעלות,1,2,1,8,25668,20998,20767,646,0,4907,1619,4930,496,5026,768,2292,83,23.6,3.1
2023,3,10.000,1,0,,ערבים,נוצרי,מסורתי,,1,2,2,בבעלות,,0,2,1,1307,-193,12009,4230,1363,1500,1536,0,0,3320,0,0,60,12.5,46.6
2023,3,1057.544,2,0,,ערבים,נוצרי,דתי,,1,2,4,בבעלות,,0,2,1,2655,-387,7115,2091,888,3042,892,0,0,52,0,149,0,42.8,41.9
2023,3,10.000,2,0,,ערבים,נוצרי,מסורתי,,1,2,3,בבעלות,,0,2,1,1613,-387,8480,3471,655,2000,1811,43,0,86,0,60,354,23.6,48.7
2023,4,441.553,10,1,6,יהודים,יהודי,חרדי,כפרי,1,4,5,בבעלות,1,1,1,3,30270,24650,21522,2402,470,5620,1633,51,0,2081,3978,1480,3807,26.1,13.3
2023,4,1454.552,4,2,2,יהודים,יהודי,מסורתי,,3,3,3.5,בבעלות,2,1,1,5,24929,20109,23290,4972,753,4947,2349,155,412,1101,5849,2752,0,21.2,24.6
2023,4,767.619,7,2,5,יהודים,יהודי,חרדי,אחר,1,4,3,,,0,2,2,18097,18097,7993,1419,798,3176,745,99,482,0,694,382,198,39.7,27.7
2023,4,394.428,3,3,,יהודים,יהודי,דתי,,2,2,3,בבעלות,2,2,1,10,81910,79358,23772,2105,525,3990,1516,5415,1983,1591,1217,3305,2123,16.8,11.1
2023,4,1629.625,5,1,,יהודים,יהודי,מסורתי,כפרי,3,5,3.5,בבעלות,,0,2,2,14697,9597,13983,4956,1064,5169,1252,82,85,601,258,476,40,37.0,43.1
2023,4,1593.603,1,0,,יהודים,יהודי,מסורתי,אחר,3,5,4,בבעלות,,0,2,4,8715,4373,6821,306,235,4342,635,0,0,380,861,30,33,63.7,7.9
2023,4,805.234,4,2,2,יהודים,יהודי,מסורתי,,2,1,5,,1,1,1,4,22930,22930,16712,1120,410,4963,1607,149,397,359,1425,4772,1511,29.7,9.2
2023,4,477.640,12,3,5,יהודים,יהודי,חרדי,,4,3,5,בבעלות,,0,2,2,31172,24263,58055,6144,1112,8694,1428,328,5200,776,22994,1096,10284,15.0,12.5
2023,4,1593.603,1,0,,יהודים,יהודי,חילוני,,4,4,5,בבעלות,,0,1,8,16351,9143,12108,75,0,7274,822,0,0,239,226,3472,0,60.1,0.6
2023,4,1164.147,3,2,1,יהודים,יהודי,חילוני,,4,4,4,,1,1,1,9,37445,37445,16587,3363,470,5454,925,225,476,1205,2043,2031,395,32.9,23.1
2023,4,679.601,2,0,,יהודים,יהודי,חילוני,,4,4,5,בבעלות,1,2,1,9,30167,22959,20927,2494,1034,7277,1221,175,247,5018,2141,651,669,34.8,16.9
2023,4,1249.454,5,2,1,יהודים,יהודי,דתי,,4,4,5,בבעלות,1,2,1,8,44010,36802,20178,2625,661,7419,1903,260,1239,1267,1532,2778,496,36.8,16.3
2024,4,467.267,5,2,2,יהודים,יהודי,חילוני,,5,2,7,בבעלות,2,5,1,9,65400,56421,30874,7292,1317,5479,2948,1377,0,4461,3772,3885,344,17.7,27.9
2023,4,795.456,6,3,3,יהודים,יהודי,דתי,כפרי,1,4,6,בבעלות,2,1,1,4,28159,22539,18985,3558,1018,5747,1434,152,119,1100,3969,1808,82,30.3,24.1
2023,4,593.330,1,0,,יהודים,יהודי,חילוני,עירוני גדול,1,5,3.5,בבעלות,,0,2,5,9223,4093,10477,1931,574,5221,552,169,332,443,145,296,814,49.8,23.9
2024,4,385.917,1,1,,יהודים,יהודי,מסורתי,כפרי,3,4,5,בבעלות,1,0,1,7,14100,9118,9595,600,456,5081,1243,165,199,697,129,1025,0,53.0,11.0
2023,4,414.427,4,2,2,יהודים,יהודי,חילוני,,4,3,6,,2,3,1,8,42622,42622,17288,1298,47,5950,1120,203,570,301,4570,2857,373,34.4,7.8
2023,4,885.461,4,2,2,ערבים,נוצרי,מסורתי,,3,4,4,בבעלות,2,1,1,7,36859,34485,34017,5552,1604,2374,2246,604,522,1656,4649,11802,3010,7.0,21.0
2023,4,1063.433,2,0,,יהודים,יהודי,מסורתי,אחר,4,4,3,בבעלות,,0,2,4,14088,10330,13495,2174,1662,3769,988,1008,0,1798,169,124,1803,27.9,28.4
2023,4,778.442,4,1,2,יהודים,יהודי,חרדי,כפרי,1,4,4,בבעלות,,1,2,2,13035,8908,12784,1414,274,4127,1096,2578,355,833,808,560,739,32.3,13.2
2023,4,867.593,3,1,2,יהודים,יהודי,חילוני,אחר,5,4,4,בבעלות,1,2,1,3,14739,9014,23875,4497,347,5758,937,1238,0,5073,4814,750,461,24.1,20.3
2023,4,183.068,2,1,,ערבים,נוצרי,מסורתי,,2,3,4,בבעלות,,0,1,4,12926,10182,12039,1646,142,2744,1405,1590,0,3474,494,415,129,22.8,14.9
2023,4,739.717,4,2,,ערבים,נוצרי,מסורתי,,2,3,4,בבעלות,2,0,1,6,29110,26366,33214,12990,1490,2744,2195,1650,215,2660,496,6703,2071,8.3,43.6
2024,4,675.316,7,3,2,יהודים,יהודי,דתי,,4,5,5,בבעלות,1,2,1,7,48456,41996,13028,1422,0,6534,1908,155,526,206,1199,1045,33,50.2,10.9
2024,4,834.069,2,0,,יהודים,יהודי,דתי,,4,5,5,בבעלות,2,1,1,9,28199,21739,19309,2481,0,6585,2556,319,2336,911,1002,1376,1743,34.1,12.8
2024,4,1379.343,5,2,3,יהודים,יהודי,חילוני,,4,5,4,בבעלות,1,3,1,5,28934,23988,18731,6891,0,4946,1784,33,1439,283,1445,1573,336,26.4,36.8
2023,4,1718.137,3,1,,יהודים,יהודי,חילוני,,4,5,3,בבעלות,1,0,1,5,19655,16061,9562,897,436,3641,1812,55,72,1243,158,716,533,38.1,13.9
2023,4,833.477,4,2,2,יהודים,יהודי,חילוני,,5,4,7,בבעלות,2,2,1,10,161485,153366,28823,1742,212,11292,9176,36,0,598,4800,967,0,39.2,6.8
2023,4,591.567,5,4,2,יהודים,יהודי,חילוני,,5,4,7,בבעלות,2,4,1,10,66211,54919,25115,2297,38,11705,2338,231,1483,482,2372,4126,43,46.6,9.3
2024,4,709.629,3,2,1,יהודים,יהודי,חילוני,אחר,4,5,5,בבעלות,2,3,1,10,77380,68615,21433,560,0,8813,4205,856,2221,406,2964,1408,0,41.1,2.6
2024,4,847.780,2,1,1,יהודים,יהודי,חילוני,אחר,4,5,3,,1,1,1,5,14829,14829,14224,416,104,3474,512,0,913,169,1152,4553,2931,24.4,3.7
2023,4,605.295,6,4,3,יהודים,יהודי,חילוני,,4,4,5.5,בבעלות,2,3,1,8,49945,42737,28624,4956,444,7335,1517,2089,352,1470,5614,3216,1631,25.6,18.9
2023,4,777.462,4,2,2,יהודים,יהודי,חילוני,,3,4,3.5,,1,5,1,7,32345,32345,33480,4580,1198,4462,1684,653,771,748,1690,17694,0,13.3,17.3
2024,4,436.165,2,1,,יהודים,יהודי,מסורתי,עירוני קטן,4,4,3,בבעלות,1,1,1,9,30688,28868,7823,1244,192,1913,1996,117,391,249,427,620,676,24.5,18.4
2024,4,542.875,2,0,,יהודים,יהודי,מסורתי,עירוני קטן,4,4,4,בבעלות,1,0,2,6,19161,15995,14048,2410,590,3253,1516,630,0,4240,667,609,133,23.2,21.4
2023,4,821.054,4,1,,יהודים,יהודי,מסורתי,כפרי,4,5,4,בבעלות,1,2,1,8,41200,36639,27954,6987,836,4561,9423,185,0,2078,741,1913,1229,16.3,28.0
2023,4,828.396,2,0,,יהודים,יהודי,חילוני,אחר,5,4,5,בבעלות,1,1,2,9,28546,21176,21709,2495,1359,7496,1742,0,0,2179,432,5787,220,34.5,17.8
2023,4,873.797,7,5,1,יהודים,יהודי,מסורתי,אחר,5,4,6,בבעלות,2,4,1,9,80895,72621,43037,2604,4589,7478,11866,733,1487,2466,7844,3769,200,17.4,16.7
2024,4,1101.663,3,3,,יהודים,יהודי,מסורתי,,4,5,5,בבעלות,2,3,1,9,38572,32112,23708,4006,302,6460,1449,1648,698,173,756,7986,231,27.2,18.2
2024,4,862.014,2,1,,יהודים,יהודי,דתי,,4,5,6,בבעלות,2,2,1,10,52186,45726,27880,10933,0,6460,1674,0,0,1764,909,3782,2359,23.2,39.2
2024,4,887.488,4,1,2,יהודים,יהודי,חרדי,,4,5,3,,2,2,1,3,17407,16842,17441,7461,0,3126,918,69,265,569,2500,1299,1234,17.9,42.8
2024,4,946.697,5,2,2,יהודים,יהודי,חילוני,,4,5,6.5,בבעלות,1,4,1,9,54581,44850,42028,5847,1131,8917,1027,1236,695,1786,3111,17631,646,21.2,16.6
2023,4,1076.396,4,2,2,יהודים,יהודי,חילוני,,4,5,4,בבעלות,2,2,1,7,33258,28531,26102,5904,591,4727,1382,185,4326,1126,2388,2166,3308,18.1,24.9
2024,4,400.970,4,2,2,יהודים,יהודי,חילוני,,4,3,6,בבעלות,2,3,1,7,37458,31551,29320,3272,1114,5990,3689,375,199,4319,3114,7078,172,20.4,15.0
2023,4,611.359,3,2,1,יהודים,יהודי,חילוני,,4,3,3,,1,0,1,8,32020,28144,28091,5565,277,4466,757,912,10610,1569,2855,585,496,15.9,20.8
2024,4,1650.382,4,3,1,יהודים,יהודי,חילוני,כפרי,4,5,3.5,בבעלות,,3,1,6,31892,27120,11381,1308,332,4831,1292,0,1092,587,1181,638,120,42.4,14.4
2023,4,574.824,4,2,2,יהודים,יהודי,חילוני,,4,3,4,בבעלות,2,1,1,8,42689,37162,27884,4035,1741,5632,2365,604,476,2043,6630,3670,689,20.2,20.7
2023,4,295.087,2,1,,יהודים,יהודי,חילוני,,4,4,5,בבעלות,2,2,1,10,51176,43968,16844,2193,243,7487,1575,468,0,950,899,2750,279,44.4,14.5
2023,4,1345.585,3,3,,יהודים,יהודי,חרדי,,3,4,4,בבעלות,2,1,1,7,28823,23543,19318,2340,632,4893,1977,58,0,4502,1984,2299,635,25.3,15.4
2023,4,961.918,6,2,4,יהודים,יהודי,מסורתי,,3,4,5,,1,4,1,6,37349,37349,19503,3774,374,6445,3537,637,0,1289,1920,1321,206,33.0,21.3
2024,4,589.277,2,1,,יהודים,יהודי,חילוני,,5,5,8,בבעלות,2,2,1,10,80000,65468,69683,3923,737,18196,2249,3256,508,6699,3981,28876,1257,26.1,6.7
2023,4,1076.862,2,0,,יהודים,יהודי,דתי,,3,2,3,,,1,1,4,12570,12570,8110,1900,480,179,1124,687,1368,1278,328,172,593,2.2,29.3
2023,4,630.124,5,2,3,יהודים,יהודי,חרדי,,3,2,4,בבעלות,1,2,1,2,13877,10651,17866,4296,1133,3277,965,318,1476,1062,2732,1638,969,18.3,30.4
2023,4,1120.097,2,2,,יהודים,יהודי,מסורתי,כפרי,4,5,3,בבעלות,1,0,1,7,21248,17581,20536,2190,1064,3667,1100,262,299,890,161,10860,43,17.9,15.8
2023,4,436.144,5,2,3,יהודים,יהודי,חילוני,,4,2,6,בבעלות,2,2,1,7,41681,33308,31622,2907,194,6124,4432,6211,1507,646,5384,3709,506,19.4,9.8
2024,4,712.266,2,1,,יהודים,יהודי,חילוני,עירוני גדול,1,5,2,בבעלות,,1,1,7,19971,17217,6538,423,517,2854,1013,0,0,143,781,575,232,43.7,14.4
2023,4,1715.323,2,1,,יהודים,יהודי,חרדי,,4,5,3,בבעלות,1,1,1,6,19460,15223,14094,1168,726,4237,1427,95,986,621,387,2569,1879,30.1,13.4
2023,4,1025.018,4,4,,יהודים,יהודי,חילוני,,3,4,5,בבעלות,2,4,1,9,53682,47107,28973,2025,685,6575,2327,0,0,1636,2111,13078,536,22.7,9.4
2024,4,504.202,8,1,4,יהודים,יהודי,חרדי,אחר,1,3,4,בבעלות,,1,2,2,22332,17937,24813,5224,215,4395,744,0,1022,492,12298,387,36,17.7,21.9
2023,4,630.570,3,1,1,יהודים,יהודי,חילוני,עירוני קטן,4,4,6,בבעלות,1,2,1,5,22951,17614,19723,3024,1532,5438,1978,227,496,447,3003,3448,128,27.6,23.1
2023,4,385.003,5,2,3,יהודים,יהודי,חרדי,עירוני קטן,4,4,4,בבעלות,2,1,1,9,54674,49248,19557,966,387,3234,809,816,2229,580,5306,2973,2256,16.5,6.9
2023,4,463.672,5,0,4,יהודים,יהודי,דתי,עירוני קטן,4,4,3,בבעלות,,2,1,1,8268,6448,7198,1425,823,1871,850,86,783,77,298,900,86,26.0,31.2
2023,4,358.681,5,2,3,יהודים,יהודי,חרדי,עירוני קטן,4,4,5,בבעלות,1,2,1,3,19123,13786,9987,1548,369,5384,819,25,0,179,276,1128,260,53.9,19.2
2023,4,822.117,5,2,3,יהודים,יהודי,חרדי,אחר,2,5,4,בבעלות,1,2,1,6,35033,31252,14524,1587,264,3781,1296,0,496,1257,1824,2037,1983,26.0,12.7
2023,4,1474.688,3,2,1,יהודים,יהודי,חילוני,אחר,5,4,4,בבעלות,2,2,1,10,54125,48400,37657,5278,417,5725,1806,77,0,967,3387,19649,351,15.2,15.1
2024,4,909.331,6,2,4,יהודים,יהודי,דתי,אחר,5,4,5,בבעלות,1,2,1,6,39263,31893,22879,4369,962,7377,1824,327,129,293,4352,2306,939,32.2,23.3
2023,4,1042.525,4,2,2,יהודים,יהודי,מסורתי,אחר,5,4,4,בבעלות,2,1,1,8,37853,32128,17688,2147,1027,5725,1229,600,704,521,3593,2141,0,32.4,17.9
2024,4,456.334,5,2,3,יהודים,יהודי,חילוני,,5,4,5,בבעלות,2,3,1,9,54346,47962,34915,2582,0,6384,7838,30,0,739,6260,9613,1469,18.3,7.4
2024,4,333.317,5,2,3,יהודים,יהודי,חילוני,,5,4,6,בבעלות,2,3,1,10,70519,64135,23955,5457,0,6384,6566,546,838,1338,1744,1083,0,26.6,22.8
2023,4,804.827,4,1,2,יהודים,יהודי,חילוני,,3,4,4,,1,3,1,4,22109,22109,13403,1608,465,5260,1977,89,496,535,674,2233,66,39.2,15.5
2024,4,1069.754,2,1,1,יהודים,יהודי,חילוני,כפרי,4,5,3,בבעלות,1,1,1,4,12098,8386,11145,3160,332,3712,972,1322,0,507,581,492,66,33.3,31.3
2024,4,1310.121,2,1,,יהודים,יהודי,חילוני,כפרי,4,5,4,בבעלות,,0,1,8,23498,18726,13493,668,370,4884,6780,115,0,52,355,183,86,36.2,7.7
2023,4,1295.563,2,2,,יהודים,יהודי,דתי,כפרי,4,5,3.5,בבעלות,2,2,1,8,26484,21923,13912,1754,839,4561,2012,386,1190,924,1034,1057,155,32.8,18.6
2023,4,971.793,5,1,3,יהודים,יהודי,חרדי,כפרי,4,5,3,בבעלות,1,1,1,3,19312,15645,12350,1708,85,3667,1212,19,1190,1151,1057,756,1505,29.7,14.5
2023,4,1015.844,4,1,2,יהודים,יהודי,חרדי,כפרי,4,5,4.5,בבעלות,1,2,1,5,26203,20343,16407,1680,417,5967,1896,596,0,867,1331,1646,2006,36.4,12.8
2024,4,1555.687,4,1,2,ערבים,נוצרי,מסורתי,עירוני גדול,1,5,4,,1,0,1,1,8157,8157,10280,2912,349,2368,669,215,516,52,1040,1742,417,23.0,31.7
2024,4,1205.274,4,1,2,יהודים,יהודי,דתי,,4,5,4,בבעלות,2,2,1,10,57216,52270,19982,4293,0,4983,1269,883,0,241,5713,1996,604,24.9,21.5
2024,4,1967.774,1,0,,יהודים,יהודי,מסורתי,,4,5,4.5,בבעלות,,0,2,8,14800,8340,9757,1852,0,6460,720,132,99,67,0,328,99,66.2,19.0
2024,4,1434.139,4,2,1,יהודים,יהודי,חילוני,,4,5,4,בבעלות,2,2,1,7,33670,28724,17204,4308,0,4946,685,993,298,1722,413,3839,0,28.7,25.0
2024,4,1861.044,8,1,5,ערבים,נוצרי,מסורתי,עירוני גדול,1,5,3,בבעלות,1,0,1,1,12467,9792,15203,3519,345,2675,1230,453,2366,474,1219,1749,1172,17.6,25.4
2023,4,866.380,5,2,3,יהודים,יהודי,חילוני,,5,4,6,בבעלות,2,3,1,8,45195,33903,39820,5149,1421,11547,2932,40,0,346,3608,14778,0,29.0,16.5
2024,4,868.481,6,2,4,יהודים,יהודי,מסורתי,אחר,5,4,5,,2,2,1,8,53461,53461,23301,1409,1130,7970,1900,390,1578,976,5713,1684,551,34.2,10.9
2023,4,447.262,2,2,,יהודים,יהודי,חילוני,,4,3,6,בבעלות,2,2,1,10,83968,77059,49125,6987,2060,7119,4188,157,0,3948,2095,20862,1710,14.5,18.4
2023,4,884.155,2,1,,יהודים,יהודי,חרדי,עירוני גדול,1,5,4,,,0,2,4,12290,7310,7733,459,216,5129,905,0,0,419,18,352,236,66.3,8.7
2024,4,587.055,2,2,,יהודים,יהודי,חילוני,עירוני קטן,4,4,6,,1,4,1,5,15595,10064,14106,1671,0,5337,964,198,675,631,1450,3151,30,37.8,11.8
2023,4,1156.882,6,2,4,ערבים,נוצרי,מסורתי,,2,2,4,בבעלות,1,1,1,1,12465,8765,13993,4372,233,3700,1010,0,1339,70,0,3268,0,26.4,32.9
2023,4,945.698,3,2,,יהודים,יהודי,מסורתי,,3,4,6,בבעלות,2,2,1,9,43813,37238,42828,4543,1097,6711,2534,200,298,2574,3523,21309,40,15.7,13.2
2024,4,2099.849,2,0,,ערבים,נוצרי,מסורתי,עירוני גדול,1,5,4,,,0,1,1,5576,5576,5863,1103,500,2184,331,430,0,33,50,838,396,37.3,27.3
2024,4,1115.587,4,2,2,יהודים,יהודי,דתי,,4,5,4,,2,1,2,7,32141,32141,23809,1291,157,4963,1872,0,1006,210,3523,9476,1312,20.8,6.1
2024,4,378.293,2,2,,אחר,אחר,חילוני,,3,4,3,בבעלות,1,2,1,4,13432,11123,18009,507,192,2309,1464,149,0,1907,139,11344,0,12.8,3.9
2024,4,976.847,1,0,,יהודים,יהודי,חילוני,,3,4,4,בבעלות,1,0,2,7,13249,10019,12868,838,332,7343,761,152,159,1120,277,640,1245,57.1,9.1
2024,4,920.837,2,1,1,יהודים,יהודי,מסורתי,,3,4,3,,1,1,2,3,11602,11602,9955,2050,501,2382,453,264,169,680,2026,1034,396,23.9,25.6
2023,3,1104.240,4,2,2,יהודים,יהודי,מסורתי,אחר,5,4,4,בבעלות,2,1,1,7,37194,31469,20046,1945,343,5824,1698,156,394,564,5251,3135,736,29.1,11.4
2023,4,815.763,3,3,,יהודים,יהודי,חילוני,,4,5,5,בבעלות,2,2,1,10,58168,52160,29370,7525,725,6099,2750,0,1211,2481,2918,3523,2138,20.8,28.1
2024,4,1387.184,2,2,,יהודים,יהודי,מסורתי,כפרי,3,5,2.5,בבעלות,1,1,1,6,18622,14962,23429,1452,155,3710,876,33,2978,373,3953,8808,1090,15.8,6.9
2023,3,612.316,4,1,3,יהודים,יהודי,חרדי,,2,4,3.5,,,0,2,1,8581,8581,9678,827,560,3584,553,116,598,218,1882,1339,0,37.0,14.3
2023,4,1283.401,5,1,3,ערבים,נוצרי,דתי,,2,2,3,בבעלות,1,0,2,1,4730,2930,11042,4721,1908,1800,2059,101,0,0,132,320,0,16.3,60.0
2024,4,458.757,6,2,1,יהודים,יהודי,מסורתי,אחר,3,3,6,בבעלות,2,3,1,8,52293,47838,32361,4258,1255,4565,1765,1535,1806,1318,2696,12284,877,14.1,17.0
2024,4,582.774,2,0,,יהודים,יהודי,חילוני,אחר,3,3,5,בבעלות,2,2,1,9,30632,26177,26919,1241,430,4467,1292,169,164,1623,1230,16303,0,16.6,6.2
2024,4,560.425,3,2,1,יהודים,יהודי,חילוני,אחר,3,3,4,בבעלות,2,1,1,8,32362,29166,20268,3864,748,3246,1290,238,149,256,3073,6932,474,16.0,22.8
2023,4,1083.761,1,0,,יהודים,יהודי,מסורתי,כפרי,4,5,3,בבעלות,,0,1,4,9009,5297,9672,1898,469,3780,545,79,363,422,1529,207,379,39.1,24.5
2023,4,1272.735,3,3,,אחר,אחר,חילוני,,4,5,3,,1,2,1,5,19856,19856,14871,3417,2068,5241,1048,1516,0,401,319,699,161,35.2,36.9
2023,4,376.995,3,2,1,יהודים,יהודי,חילוני,,4,3,6,בבעלות,2,3,1,10,83563,76654,47442,6906,623,6909,2306,6294,636,1378,1513,18858,2018,14.6,15.9
2023,4,467.750,2,0,,ערבים,דרוזי,דתי,,2,1,3,בבעלות,,0,2,2,9087,7087,12424,2646,365,2000,1631,2488,775,1938,0,60,522,16.1,24.2
2023,4,369.174,3,0,1,ערבים,דרוזי,חילוני,,2,1,3,בבעלות,,1,1,2,10998,9098,28897,5966,1175,1900,4436,951,1788,6349,1235,4906,192,6.6,24.7
2023,4,901.341,4,2,2,ערבים,דרוזי,חילוני,,2,1,3,בבעלות,1,1,1,2,13211,11211,23485,4448,785,2000,4827,335,1172,198,1780,1446,6493,8.5,22.3
2024,4,456.069,2,1,,יהודים,יהודי,חילוני,,4,1,4,,1,0,1,9,32275,28120,11917,3627,946,4155,502,275,0,530,204,1381,297,34.9,38.4
2023,4,369.856,1,0,,יהודים,יהודי,מסורתי,,4,1,2,בבעלות,1,1,2,5,9526,7204,7017,0,0,2335,765,0,0,125,1247,2545,0,33.3,0.0
2024,4,1031.957,5,3,2,יהודים,יהודי,חילוני,,4,5,5,בבעלות,2,4,1,7,41448,35440,19841,2682,1488,6046,1792,135,695,127,2973,3771,133,30.5,21.0
2023,4,482.350,4,1,2,ערבים,דרוזי,מסורתי,,2,1,3,בבעלות,2,2,1,4,21790,19990,28315,7737,858,1800,3608,2088,2285,2862,2143,3648,1286,6.4,30.4
2024,4,1076.606,2,1,,יהודים,יהודי,חילוני,כפרי,3,4,4,בבעלות,1,0,1,5,17099,13594,7972,1546,546,3505,866,23,0,140,144,1019,183,44.0,26.2
2024,4,1398.724,7,2,5,יהודים,יהודי,דתי,,4,5,5,בבעלות,2,3,1,5,36514,30054,24938,2823,1140,6460,3502,282,1540,776,3821,3367,1227,25.9,15.9
2024,4,910.457,3,2,1,יהודים,יהודי,דתי,,4,5,3,,1,2,2,2,10422,10422,10593,1654,228,3789,724,761,695,142,182,1467,952,35.8,17.8
2024,4,489.816,5,2,2,יהודים,יהודי,חרדי,,4,5,6,בבעלות,2,2,1,9,57741,51281,43852,2961,159,6629,3694,241,3053,5205,5629,13352,2929,15.1,7.1
2024,4,1050.085,2,1,,יהודים,יהודי,מסורתי,,4,5,5.5,בבעלות,2,1,1,9,32742,26282,34156,3877,0,6708,3225,139,1092,844,1444,15232,1596,19.6,11.4
2024,4,1593.603,1,0,,יהודים,יהודי,חילוני,,4,5,1,,,0,2,3,7494,4626,5374,453,229,2965,187,32,0,699,139,60,609,55.2,12.7
2024,4,779.549,4,2,2,ערבים,נוצרי,חרדי,,1,2,5,בבעלות,1,1,1,3,18862,15862,26023,4945,461,3000,1554,611,2969,2982,3378,5386,739,11.5,20.8
2024,4,1277.109,5,1,3,אחר,אחר,חילוני,,4,5,3.5,,1,3,1,5,29231,28908,27698,8674,1213,6452,1252,1170,0,578,1753,6434,172,23.3,35.7
2024,4,869.924,4,2,2,יהודים,יהודי,חילוני,,5,5,4,בבעלות,1,1,1,9,48306,41602,24885,638,0,6704,1346,1714,695,1311,5034,2254,5190,26.9,2.6
2024,4,1105.673,3,3,,יהודים,יהודי,חילוני,אחר,4,5,6,בבעלות,2,4,1,10,76761,68387,21345,1272,223,8467,1331,0,1588,1350,595,5176,1343,39.7,7.0
2023,4,621.131,2,0,,יהודים,יהודי,חילוני,עירוני קטן,4,4,3,בבעלות,,1,1,2,8893,7073,7342,3158,615,1820,254,862,0,0,297,217,118,24.8,51.4
2023,4,544.612,9,2,7,יהודים,יהודי,דתי,,2,2,3,בבעלות,1,7,1,7,56013,53396,21533,1802,587,2552,949,842,372,1215,9257,1999,1959,11.9,11.1
2024,4,1657.556,1,0,,יהודים,יהודי,חילוני,,4,5,4,בבעלות,1,1,1,8,17008,12101,18712,1143,1459,5024,1990,805,1838,1398,143,1200,3710,26.8,13.9
2023,4,827.161,1,1,,יהודים,יהודי,דתי,,4,3,4,בבעלות,1,2,1,6,11299,5772,15348,1225,760,5527,1268,2926,1039,284,574,635,1109,36.0,12.9
2023,4,1017.300,7,6,1,ערבים,נוצרי,מסורתי,,2,2,4,בבעלות,1,1,1,4,32019,30319,33244,11329,849,1700,2233,516,0,3314,1694,11178,431,5.1,36.6
2023,4,630.112,4,0,2,ערבים,נוצרי,דתי,,2,2,4,בבעלות,1,0,2,1,7724,6224,9536,2675,685,1500,1218,43,0,32,0,1251,2133,15.7,35.2
2023,4,267.356,1,0,,יהודים,יהודי,מסורתי,אחר,3,2,4,,1,2,1,7,14133,14133,11763,1058,566,4409,1773,887,0,211,1710,867,281,37.5,13.8
2023,4,490.129,3,2,1,יהודים,יהודי,אחר,אחר,3,2,4,,1,3,1,8,31126,31126,19128,1891,307,5055,2020,190,1747,1647,2763,588,2919,26.4,11.5
2023,4,429.846,4,2,2,אחר,מוסלמי,חילוני,עירוני קטן,4,4,4,בבעלות,1,2,1,5,25596,22430,20939,2993,267,6000,1964,266,1299,640,3063,851,3597,28.7,15.6
2023,4,418.339,4,1,2,יהודים,יהודי,חרדי,כפרי,3,4,4,בבעלות,1,0,2,2,11259,7343,11670,403,0,3916,639,427,198,229,2161,2713,983,33.6,3.5
2024,4,3014.047,2,2,,אחר,אחר,חילוני,,4,5,2,,,1,1,1,5694,5694,9322,902,400,3970,896,515,1588,202,107,326,416,42.6,14.0
2024,4,1435.049,1,1,,יהודים,יהודי,חילוני,כפרי,3,4,4,,,0,1,5,10001,10001,10575,949,385,3077,946,3513,0,441,830,307,125,29.1,12.6
2024,4,796.277,3,2,1,יהודים,יהודי,חילוני,,3,2,4,,1,2,1,3,15727,15727,10873,585,154,4169,1266,246,645,978,1814,779,237,38.3,6.8
2024,4,1344.348,10,1,8,ערבים,נוצרי,דתי,עירוני גדול,1,5,4,,,0,2,1,11162,11162,19207,6401,1030,2978,968,1252,1316,146,2990,446,1679,15.5,38.7
2024,4,1286.120,6,1,3,ערבים,נוצרי,אחר,עירוני גדול,1,5,4,בבעלות,,0,1,1,10596,8149,7616,2063,159,2447,690,0,179,0,1358,476,243,32.1,29.2
2023,4,1605.445,2,1,,יהודים,יהודי,מסורתי,כפרי,4,5,2.5,בבעלות,1,0,2,4,13349,8474,11517,1574,629,4875,668,284,1354,675,571,887,0,42.3,19.1
2023,4,846.480,1,0,,יהודים,יהודי,חילוני,,3,4,4,בבעלות,,1,1,4,8173,4943,9753,1503,226,3230,824,676,0,1600,92,186,1416,33.1,17.7
2024,4,286.386,2,0,,יהודים,יהודי,חילוני,,3,4,4,בבעלות,1,2,1,8,26365,23135,13717,1667,2889,3430,880,1944,529,580,268,1482,48,25.0,33.2
2023,4,720.538,3,1,,יהודים,יהודי,מסורתי,,3,4,4,בבעלות,,1,1,9,41447,38217,8200,1810,768,3340,615,86,79,840,59,601,0,40.7,31.4
2024,4,912.015,5,2,2,יהודים,יהודי,מסורתי,,4,5,6,,2,2,1,6,34624,34624,31317,5697,785,10918,4053,343,447,591,1014,3804,3665,34.9,20.7
2024,4,1073.602,4,4,,יהודים,יהודי,חילוני,,4,5,6,בבעלות,2,4,1,10,60678,51761,28636,4501,866,9167,2995,80,1687,684,5434,2284,938,32.0,18.7
2024,4,307.044,6,3,2,יהודים,יהודי,דתי,כפרי,3,4,5,בבעלות,2,2,1,10,77040,72058,24369,2933,863,5106,1745,761,1985,516,2156,8195,108,21.0,15.6
2024,4,794.736,2,0,,ערבים,נוצרי,דתי,עירוני גדול,1,5,2,בבעלות,,0,2,1,5945,3587,6604,1766,323,2358,74,43,248,0,0,60,1732,35.7,31.6
2023,4,1248.992,2,1,,יהודים,יהודי,מסורתי,,3,4,4,בבעלות,1,0,1,5,16983,12090,9295,514,209,4893,1628,98,0,515,155,1283,0,52.6,7.8
2023,4,992.895,4,2,2,יהודים,יהודי,חילוני,כפרי,4,5,3,,1,2,1,6,29947,29947,16834,3238,105,2481,1259,0,248,623,3800,4884,196,14.7,19.9
2024,4,440.601,2,2,,יהודים,יהודי,חילוני,כפרי,4,5,6,בבעלות,2,2,1,9,34545,26031,48543,6863,982,8848,4203,147,993,948,940,23629,991,18.2,16.2
2023,4,1887.556,1,1,,יהודים,יהודי,חילוני,כפרי,4,5,2,,,2,1,9,20884,20125,8798,2828,0,4367,453,293,0,1,632,223,0,49.6,32.1
2023,4,1149.510,5,3,2,יהודים,יהודי,חילוני,,5,4,7,בבעלות,2,5,1,9,53524,41780,35898,2353,1089,11466,2861,1042,593,1100,3823,11571,0,31.9,9.6
2023,4,1101.501,5,2,3,יהודים,יהודי,חילוני,,5,4,7,בבעלות,2,5,1,8,52302,39880,28274,4199,1423,11292,2952,59,0,1240,4507,2087,515,39.9,19.9
2024,4,575.256,6,2,2,ערבים,נוצרי,מסורתי,,2,2,5,בבעלות,2,2,1,5,31273,28273,37834,9339,896,3000,1440,169,2432,5822,6751,6434,1551,7.9,27.1
2024,4,1485.249,3,1,1,יהודים,יהודי,חרדי,,1,5,3,בבעלות,1,3,1,5,20719,17228,16358,783,260,3520,595,1141,336,133,694,7836,1061,21.5,6.4
2023,4,1643.345,2,1,1,יהודים,יהודי,מסורתי,,4,5,4,בבעלות,,2,1,5,16231,11324,17502,2401,1338,4907,2088,134,2182,2398,575,565,915,28.0,21.4
2023,4,1109.896,5,4,1,יהודים,יהודי,חילוני,אחר,4,5,6,בבעלות,2,5,1,9,58755,50143,39404,2045,0,8374,2622,169,198,2653,4186,19078,79,21.3,5.2
2023,4,701.845,1,1,,יהודים,יהודי,חרדי,עירוני גדול,1,5,2.5,,,1,2,5,9770,9770,9781,2141,524,4665,618,340,0,176,291,18,1009,47.7,27.2
2023,4,429.690,8,1,6,יהודים,יהודי,חרדי,עירוני גדול,1,5,3,בבעלות,,0,2,1,13588,9687,10667,2771,1452,3901,848,56,410,0,1090,139,0,36.6,39.6
2024,4,492.764,2,0,,אחר,אחר,חילוני,אחר,3,3,3,בבעלות,1,2,1,4,13953,11346,7272,1844,465,2607,444,342,0,143,1,456,969,35.8,31.8
2023,4,606.121,1,1,,יהודים,יהודי,חילוני,עירוני קטן,4,4,2,,,1,1,4,8076,8076,6935,691,25,2878,455,0,86,373,1316,207,904,41.5,10.3
2023,4,1063.433,2,0,,יהודים,יהודי,מסורתי,כפרי,4,5,3,בבעלות,1,1,1,4,12926,9214,11277,934,434,3890,1335,71,99,2427,241,1300,544,34.5,12.1
2024,4,1434.466,2,1,,יהודים,יהודי,דתי,כפרי,4,5,3,בבעלות,1,0,2,5,14784,11072,56394,265,144,3712,601,0,993,383,49627,670,0,6.6,0.7
2024,4,1491.935,3,3,,יהודים,יהודי,מסורתי,כפרי,4,5,3.5,בבעלות,,0,1,5,23011,18239,7493,267,237,4865,826,0,0,684,241,373,0,64.9,6.7
2023,4,604.435,2,1,,ערבים,נוצרי,דתי,,2,3,3,בבעלות,1,0,1,5,15116,12965,19671,5281,1758,2151,843,551,516,548,227,7797,0,10.9,35.8
2023,3,530.593,2,2,,יהודים,יהודי,מסורתי,,3,2,4,בבעלות,,1,1,9,29203,25624,13102,2160,1170,3579,643,28,0,143,564,3983,833,27.3,25.4
2023,4,827.291,7,1,5,יהודים,יהודי,דתי,עירוני גדול,1,5,4,בבעלות,2,2,1,3,24891,19761,17071,651,0,5130,1333,0,278,1373,4276,2968,1061,30.1,3.8
2024,4,348.704,2,1,,אחר,מוסלמי,חילוני,עירוני גדול,1,5,3,בבעלות,1,2,1,10,58026,54125,28070,4364,0,4037,1595,358,0,2037,1430,7375,6875,14.4,15.5
2024,4,339.055,4,1,2,יהודים,יהודי,חילוני,עירוני גדול,1,5,4.5,בבעלות,1,5,1,9,45529,38078,49849,5217,0,7501,3113,165,0,1846,6865,24632,510,15.0,10.5
2024,4,852.341,1,1,,יהודים,יהודי,חילוני,עירוני גדול,1,5,2,,,1,1,1,3717,3717,2703,95,0,1191,246,152,520,0,195,255,49,44.1,3.5
2024,4,852.341,1,1,,יהודים,יהודי,חילוני,עירוני גדול,1,5,2,,,1,1,1,3266,3266,6372,52,0,2382,309,69,0,156,1143,990,1272,37.4,0.8
2024,4,1374.593,1,0,,יהודים,יהודי,חילוני,עירוני גדול,1,5,2,,,1,1,1,4123,4123,3781,211,0,2382,392,0,0,2,83,280,431,63.0,5.6
2023,4,605.763,6,4,2,יהודים,יהודי,מסורתי,אחר,5,4,5,בבעלות,2,3,1,7,48198,40828,22326,4217,1328,7486,2076,318,334,1582,1841,2846,297,33.5,24.8
2024,4,676.872,5,2,3,יהודים,יהודי,דתי,,2,1,5,בבעלות,1,2,1,8,50771,46516,29949,3273,240,4503,1664,301,2035,1528,2357,13294,753,15.0,11.7
2023,4,574.129,8,1,6,יהודים,יהודי,חרדי,,4,3,4,בבעלות,1,1,2,2,20843,15316,20484,6286,724,5527,1561,708,1785,733,1703,908,549,27.0,34.2
2023,4,889.378,2,1,,יהודים,יהודי,חרדי,,4,3,3,,1,0,2,1,4158,4158,7102,787,342,3474,1061,77,0,153,0,691,516,48.9,15.9
2023,4,513.841,3,1,,יהודים,יהודי,חילוני,,3,4,4,בבעלות,1,2,1,6,26023,22793,11299,1602,0,3230,1388,116,0,2352,132,2479,0,28.6,14.2
2024,4,378.638,1,0,,יהודים,יהודי,חילוני,,3,4,3,בבעלות,1,1,1,7,14447,12138,36233,1292,0,2309,1007,517,218,8405,1629,4297,16560,6.4,3.6
2023,4,542.519,1,0,,יהודים,יהודי,חילוני,,3,4,3,בבעלות,1,0,2,2,4822,2513,12957,873,705,2436,175,3395,0,322,99,4952,0,18.8,12.2
2024,4,558.694,3,1,1,יהודים,יהודי,חילוני,,3,4,3,בבעלות,1,1,1,3,15487,13178,8732,1357,277,2309,606,114,283,344,53,2097,1291,26.4,18.7
2023,4,1066.172,4,2,2,יהודים,יהודי,חילוני,,5,5,6,,1,3,1,10,74593,63400,32270,8104,138,11064,2901,1681,79,276,5850,2005,172,34.3,25.5
2024,4,660.473,2,0,,ערבים,מוסלמי,אחר,,3,2,2,בבעלות,1,1,1,5,15221,12907,12173,818,431,2314,2096,399,0,2532,0,3583,0,19.0,10.3
2023,4,420.000,3,0,,ערבים,נוצרי,מסורתי,,1,2,4,בבעלות,,0,1,2,12379,9413,10876,1477,2261,2966,1200,73,198,1719,0,982,0,27.3,34.4
2024,4,712.727,4,2,1,ערבים,נוצרי,חילוני,,1,2,6,בבעלות,2,2,1,4,20342,16842,12777,883,0,3542,2179,231,0,2624,380,2635,302,27.7,6.9
2024,4,747.892,6,2,4,יהודים,יהודי,חרדי,,3,4,5,בבעלות,1,2,1,5,31006,24431,80746,3623,539,6575,2219,2894,18163,6430,36472,2113,1718,8.1,5.2
2024,4,275.019,2,2,,יהודים,יהודי,חילוני,עירוני גדול,1,5,4,בבעלות,1,2,1,10,43544,38414,12049,1938,1508,5130,1265,0,0,250,0,1958,0,42.6,28.6
2023,4,469.100,5,3,2,יהודים,יהודי,חילוני,עירוני קטן,4,4,5,,2,5,1,7,40279,40279,92450,7557,2577,9999,2010,15799,1728,1774,5733,33562,11712,10.8,11.0
2024,4,678.619,5,1,4,אחר,מוסלמי,חילוני,עירוני קטן,4,4,3,,1,3,1,1,9627,9627,11148,5808,1313,546,854,813,199,108,524,828,155,4.9,63.9
2024,4,687.334,1,0,,אחר,מוסלמי,חילוני,עירוני קטן,4,4,1,,,0,2,2,5185,3964,7149,1791,151,1668,420,615,715,1072,382,30,308,23.3,27.2
2024,4,508.626,5,3,1,יהודים,יהודי,חילוני,עירוני קטן,4,4,6,בבעלות,2,6,1,9,54351,49014,21502,4323,972,5337,2275,314,0,1055,4272,2611,343,24.8,24.6
2024,4,386.575,3,2,1,יהודים,יהודי,חילוני,עירוני קטן,4,4,4,בבעלות,2,0,1,8,32043,28877,22919,4980,472,3206,2719,149,0,1361,1865,5216,2951,14.0,23.8
2023,4,1429.500,2,0,,יהודים,יהודי,חילוני,כפרי,4,5,4,בבעלות,1,1,1,5,16701,10808,22415,1852,50,10851,1682,758,416,4536,639,807,824,48.4,8.5
2024,4,675.149,5,1,3,ערבים,נוצרי,מסורתי,,2,2,5,,1,0,1,1,4344,1144,24075,11398,172,3200,1177,0,0,2289,3068,2770,0,13.3,48.1
2023,4,809.590,5,4,1,ערבים,נוצרי,דתי,,2,2,4,בבעלות,1,2,1,5,27338,24138,15206,3962,491,3200,979,990,0,198,2957,2430,0,21.0,29.3
2024,4,707.766,4,4,,יהודים,יהודי,חילוני,,5,4,6,בבעלות,2,2,1,10,78569,68030,33436,9296,0,9418,4807,508,1416,2207,1896,3644,244,28.2,27.8
2024,4,1131.834,5,1,3,יהודים,יהודי,חילוני,,5,4,6,בבעלות,2,1,1,8,49917,40734,82376,4048,890,9306,1637,654,1821,2833,3892,56101,1195,11.3,6.0
2023,4,869.145,3,2,1,יהודים,יהודי,חילוני,,3,4,4,,2,1,1,6,25166,25098,16486,1900,564,5933,1776,13,0,574,4564,713,448,36.0,14.9
2024,4,1286.316,2,1,,יהודים,יהודי,מסורתי,כפרי,4,5,4,,,2,1,4,13137,13137,8983,2995,157,3474,965,0,288,247,500,357,0,38.7,35.1
2024,4,1603.731,1,1,,יהודים,יהודי,מסורתי,כפרי,4,5,3,בבעלות,,0,1,8,15544,11877,11112,655,127,3667,1791,359,298,387,248,560,3019,33.0,7.0
2024,4,1998.947,3,1,1,יהודים,יהודי,חילוני,כפרי,4,5,3,,,4,1,3,14097,14097,9013,1360,106,4466,483,51,99,461,1668,318,0,49.6,16.3
2023,4,474.616,2,1,,יהודים,יהודי,מסורתי,,4,4,3,בבעלות,1,0,1,7,21571,17000,8859,0,0,4681,2334,66,0,745,200,782,50,52.8,0.0
2024,4,464.392,2,2,,אחר,אחר,מסורתי,,3,4,3,בבעלות,2,1,1,7,20176,16792,8786,2312,363,3384,672,110,0,220,159,1392,174,38.5,30.4
2024,4,762.566,3,3,,יהודים,יהודי,חילוני,,3,2,4,בבעלות,1,2,1,5,21097,17518,25353,2218,475,3711,927,188,149,809,3065,13295,516,14.6,10.6
2024,4,290.754,9,0,7,יהודים,יהודי,חרדי,עירוני גדול,1,5,5,בבעלות,,0,2,2,21566,14115,22546,4937,537,7691,1639,158,248,735,4253,664,1684,34.1,24.3
2023,4,478.225,2,1,,יהודים,יהודי,חילוני,עירוני קטן,4,4,3,בבעלות,,2,1,3,11707,9887,11405,2527,640,1820,397,152,0,981,181,4481,226,16.0,27.8
2024,4,604.306,5,2,2,יהודים,יהודי,מסורתי,,4,4,4,בבעלות,2,0,1,7,41109,35381,25333,3869,597,4598,806,496,534,1029,3194,8476,1734,18.2,17.6
2023,4,1261.890,6,3,,יהודים,יהודי,מסורתי,,4,5,4,בבעלות,1,2,1,8,58790,53883,22029,2137,0,5077,3444,1157,992,5175,2319,1324,406,23.0,9.7
2024,4,1687.829,2,1,,יהודים,יהודי,חילוני,,4,5,3,,1,1,1,3,11987,11987,11749,711,663,5419,1373,110,0,365,2366,497,245,46.1,11.7
2023,4,1568.506,5,3,,ערבים,נוצרי,מסורתי,עירוני גדול,1,5,1,בבעלות,,0,2,1,12903,10545,8792,1447,164,2358,1097,0,917,379,0,694,1736,26.8,18.3
2023,4,3399.907,1,0,,ערבים,נוצרי,דתי,עירוני גדול,1,5,3,,,0,2,5,10525,7850,13300,2623,689,2675,4150,142,1723,862,0,1,435,20.1,24.9
2023,4,599.347,1,0,,יהודים,יהודי,חילוני,עירוני קטן,4,4,2,בבעלות,1,1,1,4,8761,7090,27904,563,353,22530,1049,0,267,92,0,3001,50,80.7,3.3
2023,4,687.334,1,0,,יהודים,יהודי,חילוני,עירוני קטן,4,4,2,בבעלות,,1,2,1,4007,2336,5562,591,140,1671,2,66,0,2857,151,1,83,30.0,13.1
2023,4,414.587,1,1,,יהודים,יהודי,חילוני,עירוני קטן,4,4,2,,,2,1,5,9506,9506,15336,2126,951,2184,1271,731,268,278,2251,4329,948,14.2,20.1
2023,4,443.184,2,1,,יהודים,יהודי,חילוני,עירוני קטן,4,4,2,,1,2,1,2,9454,9454,6268,957,43,278,636,155,149,1697,479,1658,215,4.4,16.0
2023,4,407.680,1,1,,יהודים,יהודי,חילוני,,4,3,4,,1,1,1,8,16827,16569,11258,656,286,4466,2007,35,0,757,1763,1288,0,39.7,8.4
2024,4,645.981,4,0,,יהודים,יהודי,מסורתי,,3,3,5,בבעלות,1,1,1,4,20510,15635,10840,2065,183,5007,1412,77,149,745,182,878,140,46.2,20.7
2024,4,508.754,6,1,4,יהודים,יהודי,דתי,עירוני גדול,1,5,5,בבעלות,2,2,1,3,22311,14860,26667,2294,1376,8203,3337,83,1439,912,6344,2680,0,30.8,13.8
2024,4,676.180,2,1,,יהודים,יהודי,חילוני,כפרי,4,5,5,בבעלות,1,1,1,10,40996,32482,23862,2673,1211,8680,1923,441,111,4145,460,717,3502,36.4,16.3
2023,4,243.170,3,1,2,ערבים,נוצרי,מסורתי,,2,3,4,,,0,1,1,6317,6317,3531,159,116,2578,297,0,0,59,66,117,138,73.0,7.8
2024,4,425.457,1,1,,ערבים,נוצרי,מסורתי,,2,3,2,בבעלות,1,0,2,6,11565,10065,12348,1702,138,1500,1306,79,2581,363,494,4026,159,12.1,14.9
2023,4,924.578,5,2,,ערבים,נוצרי,מסורתי,,2,3,5,בבעלות,1,1,2,6,37268,34149,10282,1327,478,3119,1542,0,149,62,0,3467,138,30.3,17.6
2024,4,296.060,3,2,,ערבים,מוסלמי,מסורתי,,2,3,4,,1,0,1,3,15560,15560,12418,3678,1602,1489,1030,833,784,177,786,1568,470,12.0,42.5
2024,4,470.406,2,0,,ערבים,מוסלמי,מסורתי,,2,3,4,בבעלות,,0,2,2,8236,5803,5679,1826,758,2433,289,0,0,143,0,58,172,42.8,45.5
2024,4,1125.593,7,1,5,ערבים,נוצרי,מסורתי,עירוני גדול,1,5,4,בבעלות,1,1,1,2,17052,14605,17492,2780,439,2447,1198,637,1335,929,4558,2753,415,14.0,18.4
2024,4,503.440,3,3,,יהודים,יהודי,חילוני,אחר,3,3,3,בבעלות,1,1,1,8,31241,28440,10282,4373,159,2607,657,298,119,0,78,1908,84,25.4,44.1
2024,4,846.480,1,0,,אחר,מוסלמי,חילוני,אחר,3,3,2,בבעלות,,1,1,3,7044,4627,10505,3859,60,2417,137,2049,0,1311,99,573,0,23.0,37.3
2024,4,1124.454,4,1,2,יהודים,יהודי,חילוני,,4,5,5,בבעלות,1,3,1,9,51995,45535,20746,2326,0,6857,1788,0,671,766,1231,3478,3630,33.1,11.2
2023,4,1086.335,5,2,3,יהודים,יהודי,דתי,,3,5,4,בבעלות,2,2,1,5,31459,26670,13305,258,0,4563,1502,207,1650,887,2308,1350,579,34.3,1.9
2023,4,1003.572,7,4,3,אחר,אחר,חילוני,,3,5,5,,1,7,1,4,31110,30884,11098,2152,0,5562,1289,0,0,494,413,1072,116,50.1,19.4
2024,4,608.045,2,2,,יהודים,יהודי,מסורתי,,4,5,4,,,4,1,9,29289,29289,18042,3262,951,5161,1293,2291,1369,484,330,2241,662,28.6,23.4
2024,4,652.942,3,3,,יהודים,יהודי,חילוני,,4,5,5,בבעלות,2,4,1,9,46139,37222,27365,3183,474,9018,1638,970,1856,1147,1252,2986,4841,33.0,13.4
2024,4,577.903,2,1,1,יהודים,יהודי,חילוני,אחר,4,4,7,בבעלות,1,2,1,5,15229,10654,16689,1222,503,4782,958,134,2693,1185,4144,823,247,28.7,10.3
2024,4,574.292,4,2,2,יהודים,יהודי,אחר,אחר,4,4,5,בבעלות,2,2,1,7,34422,29847,20432,1364,666,4998,2110,911,1121,1913,819,5766,764,24.5,9.9
2024,4,356.699,1,1,,אחר,מוסלמי,חילוני,אחר,4,4,4,בבעלות,,0,1,6,12129,8606,7547,1207,80,3523,1701,87,99,330,36,385,99,46.7,17.1
2024,4,532.163,5,3,2,יהודים,יהודי,מסורתי,אחר,4,4,5,בבעלות,1,2,1,5,29993,25418,15766,1801,870,4716,2059,1351,792,797,736,2319,325,29.9,16.9
2024,4,117.139,1,0,,יהודים,יהודי,חילוני,אחר,4,4,3,בבעלות,1,1,1,7,14558,11659,10207,736,357,3007,1663,81,139,896,1770,1097,461,29.5,10.7
2024,4,542.519,1,0,,יהודים,יהודי,מסורתי,,3,4,4,בבעלות,1,0,1,5,9208,5827,7428,838,47,3381,1415,152,278,125,79,991,122,45.5,11.9
2024,4,768.104,1,0,,יהודים,יהודי,חרדי,כפרי,4,5,3,בבעלות,,0,2,8,15576,11864,4771,0,0,3712,819,0,0,112,0,29,99,77.8,0.0
2024,4,838.046,5,2,3,אחר,אחר,חילוני,כפרי,4,5,4,בבעלות,2,4,1,8,51938,46262,14652,1985,724,4921,1693,149,837,1695,1013,1433,202,33.6,18.5
2024,4,741.615,1,0,,יהודים,יהודי,חילוני,עירוני קטן,4,4,2,,1,1,1,3,6941,6941,8232,257,123,1638,696,218,645,0,2819,1835,0,19.9,4.6
2024,4,999.531,2,2,,יהודים,יהודי,דתי,כפרי,4,5,2,,,1,2,3,11988,11988,9133,1580,29,4276,709,219,437,181,762,940,0,46.8,17.6
2024,4,168.582,2,1,,יהודים,יהודי,מסורתי,אחר,3,3,5,בבעלות,2,2,1,10,72821,67688,24687,4129,1156,4894,3176,200,1136,1731,1202,2815,4247,19.8,21.4
2024,4,765.468,2,0,,יהודים,יהודי,מסורתי,אחר,3,3,5,בבעלות,1,0,1,3,11990,7535,9258,0,9,4703,1181,231,0,1413,579,1123,18,50.8,0.1
2024,4,465.939,2,0,,יהודים,יהודי,מסורתי,אחר,3,3,3,,,0,2,2,8789,8789,4915,326,47,794,303,66,0,1872,197,207,1103,16.2,7.6
2024,4,687.334,1,0,,יהודים,יהודי,מסורתי,עירוני קטן,4,4,3,בבעלות,,0,2,3,7435,5615,4081,224,0,1820,324,70,119,1166,1,89,267,44.6,5.5
2023,4,349.437,2,1,,יהודים,יהודי,מסורתי,עירוני קטן,4,4,3,,,0,1,4,14089,14089,10536,4672,1029,248,2097,257,288,426,1,19,1500,2.4,54.1
2024,4,540.291,1,0,,יהודים,יהודי,מסורתי,עירוני קטן,4,4,4,בבעלות,1,1,1,7,12931,9765,15100,1404,460,3284,1195,1047,645,1891,4011,585,577,21.7,12.3
2024,4,1833.556,1,0,,יהודים,יהודי,חילוני,,3,4,2,,,1,1,3,6270,6270,2562,0,0,1886,313,0,0,86,168,109,0,73.6,0.0
2024,4,496.442,5,2,3,יהודים,יהודי,חילוני,,3,4,5,בבעלות,1,1,1,7,43961,39499,17035,844,12,4630,2482,1985,1787,135,4397,762,0,27.2,5.0
2024,4,493.506,4,2,2,יהודים,יהודי,מסורתי,,3,4,5,,2,2,1,7,33550,32532,20877,2810,618,4301,3126,0,1266,952,2782,3555,1468,20.6,16.4
2024,4,898.539,3,1,2,יהודים,יהודי,חילוני,,3,4,5,,1,2,1,7,26516,25838,20817,3586,325,3742,3601,3188,1321,472,2600,792,1190,18.0,18.8
2023,4,1408.587,4,2,2,יהודים,יהודי,דתי,,1,5,3,,1,2,1,4,22836,22836,12353,2088,348,4169,1032,84,397,1039,1490,976,730,33.7,19.7
2023,4,671.534,6,3,,יהודים,יהודי,חרדי,,1,5,4,,,2,2,3,21772,21772,8857,1093,289,3970,2036,43,43,697,278,330,79,44.8,15.6
2023,4,986.744,4,1,2,יהודים,יהודי,חרדי,,1,5,2.5,בבעלות,,2,1,5,24319,20828,13654,204,0,3582,2037,83,0,282,1708,363,5396,26.2,1.5
2024,4,164.938,2,1,,יהודים,יהודי,חילוני,עירוני גדול,1,5,4,בבעלות,1,2,1,10,53841,48711,29908,1607,693,5412,3039,150,893,1626,1693,14007,788,18.1,7.7
2024,4,543.773,4,2,2,יהודים,יהודי,מסורתי,עירוני גדול,1,5,4,,2,1,1,9,45504,45504,17596,3460,0,4516,2437,1547,0,669,3602,1274,89,25.7,19.7
2023,4,360.495,2,1,,יהודים,יהודי,חילוני,עירוני קטן,4,4,5.5,בבעלות,2,2,1,10,51787,46450,55883,13504,1205,5747,4318,1156,1697,2825,3088,20856,1488,10.3,26.3
2023,4,997.887,4,1,2,יהודים,יהודי,חילוני,אחר,2,2,4,בבעלות,2,2,1,2,13144,10105,23269,3648,645,3138,1804,2183,0,1178,4485,5551,637,13.5,18.4
2023,4,645.837,5,1,3,יהודים,יהודי,מסורתי,אחר,2,2,4,,,0,2,2,15942,15942,8630,1256,0,3176,1066,176,297,531,1883,244,0,36.8,14.6
2024,4,725.624,2,2,,יהודים,יהודי,חילוני,אחר,2,2,3,בבעלות,1,1,1,6,19246,16857,12335,4855,884,2389,769,0,1290,727,238,819,364,19.4,46.5
2024,4,481.815,1,1,,יהודים,יהודי,חילוני,,3,4,2,בבעלות,,0,2,8,16038,13533,10302,1511,375,2117,785,1289,0,115,420,280,3409,20.5,18.3
2024,4,727.620,2,1,,יהודים,יהודי,חילוני,,3,4,3,בבעלות,,0,1,5,14579,12270,11107,3886,2380,2320,763,308,0,359,620,340,132,20.9,56.4
2024,4,421.326,5,2,3,יהודים,יהודי,חילוני,,3,4,5,,2,3,1,7,38803,37827,19193,962,0,4466,1067,514,1221,688,5642,4304,329,23.3,5.0
2024,4,316.491,1,0,,יהודים,יהודי,מסורתי,,3,4,2,בבעלות,,0,1,9,21289,19172,7745,732,1206,2117,1089,495,476,1114,218,297,0,27.3,25.0
2024,4,606.808,3,3,,יהודים,יהודי,חילוני,,5,5,7,בבעלות,1,2,1,10,95412,80473,70337,22713,4327,15138,2496,5495,0,6996,6174,4117,2880,21.5,38.4
2024,4,789.089,1,1,,אחר,אחר,לא ידוע,עירוני קטן,4,4,1,,,2,1,1,3766,2095,5208,862,0,1671,167,0,0,63,46,427,1972,32.1,16.6
2024,4,472.420,4,4,,יהודים,יהודי,מסורתי,עירוני קטן,4,4,5,בבעלות,2,2,1,8,43013,35415,21692,3983,822,5382,2175,3954,0,968,728,3681,0,24.8,22.2
2024,4,293.911,3,2,,יהודים,יהודי,מסורתי,עירוני קטן,4,4,5,בבעלות,2,0,1,8,34920,29130,18280,3726,2487,6754,1711,0,0,352,411,2367,472,36.9,34.0
2024,4,557.233,3,1,2,יהודים,יהודי,חילוני,עירוני קטן,4,4,3.5,,,0,2,2,11329,11329,5177,725,867,199,1263,69,0,135,529,287,1102,3.8,30.8
2024,4,1178.346,1,1,,יהודים,יהודי,חילוני,עירוני קטן,4,4,3,,,1,1,3,6498,6498,12165,2057,358,1886,554,575,0,693,5155,304,582,15.5,19.9
2024,4,349.644,1,0,,יהודים,יהודי,חילוני,עירוני קטן,4,4,4,בבעלות,1,0,1,7,13258,10092,10336,2265,246,3332,1490,86,0,1428,117,1343,30,32.2,24.3
2024,4,331.660,2,0,,יהודים,יהודי,חילוני,עירוני קטן,4,4,4,בבעלות,1,1,1,10,35074,31908,19424,2972,2494,3265,2703,620,1943,1730,738,2830,129,16.8,28.1
2023,4,1182.616,5,2,3,יהודים,יהודי,חילוני,כפרי,4,5,4,,2,3,1,5,27470,27470,49690,2473,246,33948,3184,1656,526,1319,3400,1000,1940,68.3,5.5
2024,4,797.245,5,2,3,יהודים,יהודי,חילוני,,4,3,6,בבעלות,1,2,1,9,63946,54841,28083,2980,355,7435,2814,2851,1350,685,4024,4407,1182,26.5,11.9
2024,4,879.405,5,2,3,יהודים,יהודי,חרדי,,1,5,5,בבעלות,1,2,2,6,33873,27860,16958,2791,523,6079,1556,881,966,664,741,652,2104,35.8,19.5
2024,4,1270.286,4,1,2,יהודים,יהודי,חרדי,,1,5,3,בבעלות,,1,2,3,19081,15590,8761,829,749,3491,702,86,496,268,776,149,1215,39.8,18.0
2024,4,1065.024,5,1,3,יהודים,יהודי,חרדי,,1,5,3,בבעלות,,2,2,2,17038,13547,15121,3525,2478,3491,1315,255,725,232,1085,590,1425,23.1,39.7
2024,4,1087.705,5,1,3,יהודים,יהודי,חרדי,,1,5,3,בבעלות,,2,1,1,13105,9614,15034,2102,279,3523,947,3768,64,376,2663,276,1036,23.4,15.8
2024,4,1352.424,4,0,2,יהודים,יהודי,חרדי,,1,5,5,בבעלות,1,2,1,4,21972,15959,22805,924,245,6110,2120,43,437,2930,873,8151,972,26.8,5.1
2024,4,1308.851,2,1,,יהודים,יהודי,חרדי,,1,5,4,בבעלות,,0,2,7,21421,16724,16236,882,405,4697,8772,372,0,578,0,272,258,28.9,7.9
2024,4,748.595,3,2,,יהודים,יהודי,חרדי,,1,5,4,בבעלות,2,1,1,8,36990,32293,25154,2585,683,4742,2132,492,814,2304,1451,7579,2373,18.9,13.0
2024,4,743.156,3,2,2,יהודים,יהודי,חרדי,,1,5,2.5,,1,1,1,3,15336,15336,8441,1121,0,2114,525,0,695,646,1132,1885,323,25.0,13.3
2024,4,912.907,1,1,,יהודים,יהודי,חילוני,כפרי,3,5,1.5,בבעלות,,0,2,5,9552,6325,7794,1809,746,3227,479,74,0,522,317,163,457,41.4,32.8
2023,4,2132.345,1,1,,יהודים,יהודי,מסורתי,כפרי,3,5,2,,1,1,1,6,11693,11241,14189,984,274,4115,645,380,169,410,200,6764,249,29.0,8.9
2024,4,1371.871,1,1,,יהודים,יהודי,חילוני,כפרי,3,5,2,בבעלות,,0,2,5,10588,7361,6466,1594,0,3227,451,40,0,515,582,57,0,49.9,24.7
2024,4,1486.075,2,2,,יהודים,יהודי,חילוני,כפרי,3,5,2.5,,,2,1,4,13589,13589,13827,2329,852,3772,844,77,483,861,3217,780,612,27.3,23.0
2024,4,1413.488,2,2,,יהודים,יהודי,חילוני,כפרי,3,5,4,בבעלות,2,1,1,7,21330,15552,15173,2644,1169,5161,1411,407,298,541,129,2048,1365,34.0,25.1
2024,4,841.118,7,0,5,יהודים,יהודי,חרדי,אחר,3,2,4,,,0,2,1,7102,7102,6855,598,706,3474,988,0,30,592,99,186,181,50.7,19.0
2024,4,724.964,1,0,,יהודים,יהודי,מסורתי,אחר,3,2,4,,,1,1,4,7800,4131,8598,1534,780,3669,510,161,676,403,277,588,0,42.7,26.9
2024,4,550.047,3,1,,אחר,מוסלמי,חילוני,עירוני קטן,4,4,2,,1,1,1,2,12370,11918,17622,2708,75,1787,467,857,2648,730,1379,4638,2335,10.1,15.8
2024,4,441.514,6,2,3,יהודים,יהודי,מסורתי,עירוני קטן,4,4,3,בבעלות,,1,1,3,23589,21446,9336,2996,491,1850,764,94,953,241,139,1053,756,19.8,37.4
2024,4,463.811,5,2,3,יהודים,יהודי,חילוני,עירוני קטן,4,4,4,בבעלות,1,4,1,6,33455,28183,32860,5111,666,3266,8610,1572,2040,1564,6298,2530,1202,9.9,17.6
2024,4,765.585,2,0,,אחר,אחר,חילוני,עירוני קטן,4,4,2,,,2,1,1,2056,2056,6291,2192,142,2481,572,152,50,162,0,507,33,39.4,37.1
2024,4,1395.423,1,1,,יהודים,יהודי,חילוני,,3,4,4,בבעלות,1,1,1,10,30028,26195,9764,862,862,3505,1885,0,0,106,188,769,1588,35.9,17.7
2024,4,649.680,2,2,,אחר,מוסלמי,חילוני,כפרי,3,4,2,,,1,1,2,7795,7795,7022,411,332,3474,1006,92,397,63,0,213,1034,49.5,10.6
2023,4,643.515,2,1,,יהודים,יהודי,דתי,,4,5,3,בבעלות,1,0,1,9,34408,30814,12506,1416,1129,3643,1011,135,526,645,1989,704,1308,29.1,20.4
2023,4,506.477,6,2,4,ערבים,נוצרי,מסורתי,,2,2,5,בבעלות,1,2,1,2,18859,14659,19919,6133,1994,4200,1219,0,732,132,506,4348,655,21.1,40.8
2023,4,407.171,3,2,,ערבים,נוצרי,מסורתי,,2,2,4,בבעלות,,0,2,2,12128,9209,11059,3503,132,2919,1660,200,0,1637,0,50,959,26.4,32.9
2023,4,473.069,4,2,1,ערבים,נוצרי,מסורתי,,2,2,4,בבעלות,2,2,2,7,36459,33698,13655,2132,979,2761,1448,659,0,0,0,4755,922,20.2,22.8
2023,4,1109.979,6,1,4,ערבים,נוצרי,מסורתי,,2,2,4,בבעלות,1,1,1,2,19388,16588,29679,9386,2031,2800,1101,1010,2310,77,2542,4798,3624,9.4,38.5
2023,4,729.695,9,1,7,יהודים,יהודי,חרדי,כפרי,1,4,3,,,0,2,1,11660,11660,11374,2850,305,3173,1336,0,0,493,1547,471,1200,27.9,27.7
2023,4,798.562,6,3,3,יהודים,יהודי,מסורתי,כפרי,1,4,4,בבעלות,,1,1,6,38730,34603,11513,2514,99,4326,1775,0,154,1153,805,536,152,37.6,22.7
2024,4,1856.964,2,1,,יהודים,יהודי,חילוני,כפרי,3,5,2,,,1,1,4,12096,12096,7904,1911,1088,3203,621,69,99,268,215,317,112,40.5,37.9
2024,4,1857.346,2,0,,יהודים,יהודי,דתי,כפרי,3,5,1,בבעלות,,0,1,3,11917,8626,9938,2697,112,3227,316,629,361,165,238,377,1817,32.5,28.3
2024,4,1967.774,1,0,,אחר,מוסלמי,חילוני,כפרי,3,5,2.5,,,0,1,3,6233,6233,6247,552,172,4268,271,236,0,226,0,204,318,68.3,11.6
2024,4,1128.022,1,0,,יהודים,יהודי,חילוני,כפרי,3,5,3.5,בבעלות,1,1,1,9,18185,13085,12920,659,297,5251,1830,631,291,1884,611,1465,0,40.6,7.4
2024,4,669.714,3,2,,יהודים,יהודי,מסורתי,עירוני קטן,4,4,3,בבעלות,,1,1,5,20276,18456,8895,4089,770,1820,482,0,199,86,508,917,25,20.5,54.6
2023,4,480.854,2,1,,יהודים,יהודי,חילוני,עירוני קטן,4,4,4,בבעלות,2,4,1,5,16339,13173,22788,1469,617,3357,1739,424,218,1532,2146,8440,2845,14.7,9.2
2023,4,345.861,2,1,,יהודים,יהודי,מסורתי,עירוני קטן,4,4,3,,,0,1,7,21881,21881,13055,1034,517,3970,7173,0,0,0,89,99,172,30.4,11.9
2024,4,527.769,2,1,,יהודים,יהודי,חילוני,עירוני קטן,4,4,3,,,2,1,2,7911,7911,10020,2590,416,2878,597,269,454,323,1663,730,99,28.7,30.0
2023,4,439.117,2,1,,יהודים,יהודי,חילוני,כפרי,3,4,4,,1,2,1,9,29071,29071,27973,2099,21,4264,1156,241,366,611,875,17461,880,15.2,7.6
2024,4,975.332,4,0,2,יהודים,יהודי,מסורתי,אחר,2,2,4,,1,4,1,1,3441,3441,16362,2150,987,3772,1373,186,566,1048,5218,830,233,23.1,19.2
2024,4,960.434,3,1,1,יהודים,יהודי,מסורתי,אחר,2,2,3.5,,1,1,1,5,22123,22123,8610,613,289,2283,354,182,149,1281,670,2789,0,26.5,10.5
2023,4,1827.221,4,3,,יהודים,יהודי,דתי,כפרי,4,5,3.5,בבעלות,2,2,1,4,22237,16344,19025,1919,1368,6001,1487,475,0,1573,1328,4116,758,31.5,17.3
2024,4,653.372,5,2,3,ערבים,נוצרי,מסורתי,,1,2,4,בבעלות,1,1,2,2,16754,14654,19591,5036,1650,2100,2938,959,3126,0,1308,2280,194,10.7,34.1
2024,4,758.571,2,1,,יהודים,יהודי,חילוני,כפרי,3,4,5,,1,2,1,5,15312,15312,12805,1606,450,4741,1152,205,0,2993,125,1107,426,37.0,16.1
2024,4,774.621,3,1,1,יהודים,יהודי,חילוני,כפרי,3,4,4,בבעלות,2,1,1,5,20631,17126,16606,2684,865,6039,1827,1312,207,1029,62,1481,1100,36.4,21.4
2024,4,171.701,1,1,,ערבים,נוצרי,מסורתי,,2,3,3,,1,0,1,6,11942,11942,10673,4170,271,2481,833,0,397,0,0,2488,33,23.2,41.6
2024,4,2853.848,1,0,,יהודים,יהודי,חילוני,כפרי,4,5,4,בבעלות,,0,2,5,9808,3915,7522,929,88,5893,124,0,119,0,58,310,0,78.3,13.5
2024,4,327.121,4,2,2,ערבים,דרוזי,מסורתי,,3,2,5,בבעלות,1,1,1,7,36105,32705,31009,2089,0,3400,6846,1650,794,969,1338,9264,4659,11.0,6.7
2024,4,867.679,4,4,,אחר,מוסלמי,אחר,כפרי,4,5,4,,,2,1,4,21564,21370,14807,3353,258,5950,1257,0,357,288,2524,496,323,40.2,24.4
2024,4,1181.753,3,3,,יהודים,יהודי,מסורתי,כפרי,4,5,4.5,בבעלות,1,3,1,9,45414,36900,17045,3600,189,8692,2096,340,0,1217,155,455,301,51.0,22.2
2024,4,1364.742,2,1,,ערבים,נוצרי,מסורתי,עירוני גדול,1,5,4,בבעלות,1,0,1,4,12374,9927,10904,1667,948,2447,1228,116,859,353,0,2382,905,22.4,24.0
2024,4,1203.181,4,2,2,ערבים,נוצרי,דתי,עירוני גדול,1,5,3,,1,1,1,2,13349,13349,10966,2705,0,1489,428,93,1985,0,462,3222,583,13.6,24.7
2024,4,919.368,5,2,3,יהודים,יהודי,חילוני,,4,5,4,,1,0,1,9,53026,53026,24398,2893,1112,5509,1833,1056,2108,2437,3419,3466,563,22.6,16.4
2024,4,1279.078,4,2,2,יהודים,יהודי,מסורתי,כפרי,3,5,3,בבעלות,1,1,1,3,16208,12548,10832,2885,417,3660,983,357,516,228,1143,528,114,33.8,30.5
2024,4,523.901,3,2,1,יהודים,יהודי,חילוני,,4,3,3,,1,1,1,2,12110,12110,15348,5127,0,2581,868,66,586,2321,604,2333,861,16.8,33.4
2024,4,672.268,4,2,2,ערבים,נוצרי,מסורתי,,2,2,6,בבעלות,2,1,1,8,38917,35717,46678,6591,388,3448,2212,465,367,879,1503,30239,586,7.4,15.0
2023,4,494.838,10,1,7,יהודים,יהודי,דתי,,2,1,4,,,0,1,1,11249,11249,12159,5870,1147,347,991,1240,112,775,59,1249,369,2.9,57.7
2023,4,467.750,2,0,,ערבים,דרוזי,חילוני,,2,2,2,בבעלות,,0,2,1,1889,-192,6636,870,1034,2081,1787,0,0,0,0,89,775,31.4,28.7
2023,4,901.770,4,1,2,ערבים,דרוזי,מסורתי,,2,2,5,בבעלות,1,1,1,2,11545,8045,12618,3226,840,3500,1145,0,793,67,1525,1522,0,27.7,32.2
2024,4,741.627,1,0,,ערבים,נוצרי,דתי,,2,3,2,בבעלות,,0,2,2,5949,3949,4244,489,857,2000,802,0,0,56,0,40,0,47.1,31.7
2024,4,880.327,2,1,,ערבים,נוצרי,מסורתי,,2,3,4,בבעלות,1,0,1,5,15593,12793,9056,2255,0,2800,1927,213,0,993,0,868,0,30.9,24.9
2024,4,1161.090,4,3,,ערבים,נוצרי,מסורתי,,2,3,4,בבעלות,,0,1,3,18012,15512,7131,1353,431,2500,809,0,0,487,956,595,0,35.1,25.0
2024,4,947.066,6,2,4,ערבים,נוצרי,מסורתי,,2,3,4,בבעלות,1,0,1,2,17701,15301,14772,2465,682,2400,1031,185,2121,792,330,2732,2036,16.2,21.3
2024,4,1793.690,4,4,,ערבים,נוצרי,דתי,,2,3,5,בבעלות,2,1,1,6,28608,26002,21794,3303,1357,2606,1524,659,0,3312,4083,4949,0,12.0,21.4
2024,4,620.380,6,2,4,ערבים,נוצרי,מסורתי,,2,3,4,בבעלות,1,1,1,2,18538,16038,10361,2236,0,2500,571,0,0,914,862,3279,0,24.1,21.6
2024,4,116.232,1,1,,ערבים,נוצרי,מסורתי,,2,3,7,,,1,1,9,21775,17775,16341,1723,0,4000,3811,0,993,501,5075,238,0,24.5,10.5
2024,4,271.009,4,2,2,ערבים,נוצרי,מסורתי,,2,3,3,בבעלות,1,0,2,1,8871,6866,14531,2572,1094,2005,889,0,0,12,297,357,7305,13.8,25.2
2024,4,605.456,2,1,,יהודים,יהודי,חרדי,עירוני גדול,1,5,1,,,0,2,3,9832,9100,5035,696,328,2581,255,0,367,24,0,301,483,51.3,20.3
2023,4,1593.603,1,0,,ערבים,נוצרי,מסורתי,אחר,3,5,4,בבעלות,,0,1,7,13611,9269,7837,1287,0,4342,1431,0,148,381,142,106,0,55.4,16.4
2024,4,305.155,2,1,,יהודים,יהודי,מסורתי,,5,2,7,בבעלות,2,2,1,10,35669,30190,17620,1110,890,5479,3385,608,397,768,1056,1267,2662,31.1,11.4
2024,4,586.660,5,2,3,יהודים,יהודי,חילוני,,5,2,4,בבעלות,2,4,1,5,29248,23668,29366,2050,0,5848,1866,1827,3252,966,5763,1397,6397,19.9,7.0
2024,4,673.707,3,3,,ערבים,נוצרי,מסורתי,,1,2,5,בבעלות,2,0,1,8,33148,30348,18425,5130,1008,2800,3656,55,0,896,0,1973,2908,15.2,33.3
2023,4,539.371,4,2,1,ערבים,נוצרי,מסורתי,,1,2,4,בבעלות,2,0,1,1,11241,9241,21538,6565,745,2000,1796,990,1259,752,552,5178,1702,9.3,33.9
2024,4,556.906,6,1,4,יהודים,יהודי,דתי,,2,4,4,,1,0,1,4,30110,30110,20595,5559,1729,3176,1211,305,703,1726,4550,728,907,15.4,35.4
2024,4,474.059,5,2,3,יהודים,יהודי,חילוני,,4,2,6,בבעלות,2,4,1,10,95409,87326,23944,1760,391,6469,8152,185,28,460,3956,2415,129,27.0,9.0
2024,4,309.676,1,0,,יהודים,יהודי,חילוני,,4,2,2,בבעלות,1,1,1,7,13992,11392,7754,297,828,2600,1214,132,0,775,69,1838,0,33.5,14.5
2024,4,417.380,6,2,4,יהודים,יהודי,חילוני,עירוני קטן,4,4,5,בבעלות,2,3,1,7,47874,42537,30717,4828,164,5337,1847,109,0,1716,5028,11128,561,17.4,16.3
2024,4,558.559,7,2,5,יהודים,יהודי,דתי,,4,3,5,בבעלות,2,2,1,6,46504,39208,36213,6867,1877,7511,3945,209,1179,5640,3154,2703,3129,20.7,24.1
2024,4,441.253,6,1,3,יהודים,יהודי,דתי,אחר,2,2,5,,1,2,1,3,21209,21209,20863,2475,734,3573,1639,393,3238,1236,1365,5090,1119,17.1,15.4
2023,4,510.783,3,1,,ערבים,מוסלמי,דתי,,2,2,5,בבעלות,2,1,1,8,33322,29522,17745,3419,344,3800,1839,0,0,624,0,6428,1291,21.4,21.2
2023,4,1559.140,3,1,,ערבים,דרוזי,דתי,,2,2,5,בבעלות,1,1,1,6,25837,22637,11085,1317,0,3200,2225,0,0,1291,0,2149,904,28.9,11.9
2023,4,357.162,3,2,1,ערבים,דרוזי,מסורתי,,2,2,4,בבעלות,1,1,1,4,18475,15610,9338,1463,430,3035,1940,74,714,428,473,780,0,32.5,20.3
2023,4,467.750,2,0,,ערבים,נוצרי,חילוני,,2,2,4,בבעלות,,0,2,1,5992,3127,9335,3692,861,2865,1235,0,0,453,0,99,129,30.7,48.8
2023,4,1286.078,4,2,2,ערבים,נוצרי,מסורתי,,2,2,4,בבעלות,,1,1,1,8239,5939,12115,1309,0,2300,906,214,0,270,3677,1774,1665,19.0,10.8
2024,4,681.930,4,1,2,ערבים,דרוזי,מסורתי,,3,2,4,בבעלות,1,1,1,1,7713,4813,10316,918,172,2900,986,1952,0,0,265,3124,0,28.1,10.6
2024,4,1924.603,1,0,,ערבים,דרוזי,דתי,,3,2,2,בבעלות,,0,2,2,5575,3275,5110,86,215,2300,1525,0,0,828,0,0,155,45.0,5.9
2023,4,657.756,1,1,,יהודים,יהודי,חילוני,כפרי,3,4,4,בבעלות,1,0,1,9,19670,16165,7607,0,0,3505,926,0,178,584,30,2383,0,46.1,0.0
2024,4,812.103,3,2,1,יהודים,יהודי,חילוני,כפרי,4,5,4.5,,,0,1,10,67423,67423,22063,4928,346,5005,3449,182,0,4222,2319,1426,185,22.7,23.9
2024,4,1289.335,1,0,,יהודים,יהודי,חילוני,כפרי,4,5,3,,,1,1,3,6715,6715,4840,729,75,2928,420,0,0,314,40,248,86,60.5,16.6
2024,4,323.233,2,2,,יהודים,יהודי,חילוני,,4,4,3,,2,0,1,4,14292,10865,9422,1749,591,3427,628,99,744,332,307,1367,178,36.4,24.8
2024,4,664.103,2,1,,יהודים,יהודי,חילוני,,4,4,4,,1,2,1,8,24770,21872,25210,2495,482,4585,1016,74,148,1466,971,12954,1017,18.2,11.8
2023,4,922.820,3,2,,יהודים,יהודי,חילוני,אחר,4,4,4,בבעלות,2,2,1,9,40152,35286,26723,4425,915,4968,1689,111,0,1153,679,12753,30,18.6,20.0
2023,4,1189.062,2,2,,יהודים,יהודי,חילוני,,4,5,2.5,,,1,1,8,27421,27421,17612,4434,854,3757,849,774,297,398,0,207,6042,21.3,30.0
2024,4,1306.754,3,3,,יהודים,יהודי,חילוני,,4,5,5,בבעלות,2,3,1,9,38153,31467,28319,3300,1402,6074,2135,2021,3589,1315,1443,6601,440,21.4,16.6
2023,4,2238.290,1,0,,ערבים,נוצרי,מסורתי,אחר,2,2,4,,1,1,1,7,13250,13250,11611,1499,51,308,3252,610,0,2363,1157,1933,439,2.7,13.3
2023,4,462.063,3,2,,ערבים,נוצרי,מסורתי,אחר,2,2,4,בבעלות,,1,1,5,19701,16281,10712,2489,1083,3420,2296,101,0,435,0,725,163,31.9,33.3
2023,4,1011.069,2,1,1,ערבים,נוצרי,חילוני,אחר,2,2,4,,1,1,1,6,17781,17781,15359,1859,429,2479,892,50,643,1544,1423,5051,991,16.1,14.9
2023,4,2195.093,3,2,,אחר,נוצרי,חילוני,אחר,3,5,3,בבעלות,1,0,2,4,16321,13023,6303,1506,0,3298,521,0,0,615,0,363,0,52.3,23.9
2023,4,1245.380,2,1,,ערבים,נוצרי,חילוני,אחר,3,5,2,בבעלות,,1,1,6,19922,16953,7449,422,694,2969,917,79,0,2097,0,135,135,39.9,15.0
2024,4,711.065,4,3,1,יהודים,יהודי,מסורתי,,3,3,5,,1,1,1,6,29258,29258,18658,5134,1009,4963,1923,159,397,1185,0,3685,204,26.6,32.9
2024,4,280.967,1,1,,יהודים,יהודי,חילוני,,3,3,4,,1,1,1,10,32784,32784,14785,3877,862,4615,1834,69,0,1435,89,1835,168,31.2,32.1
2024,4,1400.914,2,2,,יהודים,יהודי,חילוני,,3,3,4,בבעלות,1,1,1,6,18998,14900,8522,504,0,4187,854,66,0,683,129,1716,383,49.1,5.9
2024,4,266.630,1,0,,יהודים,יהודי,מסורתי,,3,3,3,בבעלות,1,1,1,10,28295,25606,9787,2586,996,2689,622,162,397,1021,438,762,115,27.5,36.6
2024,4,687.832,2,2,,ערבים,נוצרי,מסורתי,,1,2,3,בבעלות,1,0,1,7,20437,18519,6164,1559,431,1918,1230,0,0,36,0,990,0,31.1,32.3
2024,4,271.821,2,0,,ערבים,נוצרי,דתי,,1,2,3,בבעלות,1,0,2,3,9856,7938,13773,3618,2515,1918,1256,2751,199,384,0,661,471,13.9,44.5
2024,4,300.696,4,3,,ערבים,נוצרי,מסורתי,,1,2,4,בבעלות,1,1,2,4,19878,17878,10457,4045,728,2000,1543,99,298,47,495,1202,0,19.1,45.6
2024,4,593.602,4,3,,ערבים,נוצרי,מסורתי,,1,2,3,בבעלות,2,1,1,2,13826,11908,36877,3414,787,1918,2665,0,3275,4833,0,18274,1710,5.2,11.4
2024,4,419.844,3,0,,ערבים,נוצרי,מסורתי,,1,2,5,בבעלות,,0,1,4,17441,14441,14022,4439,873,3000,2164,646,496,733,215,1387,68,21.4,37.9
2024,4,794.600,2,2,,ערבים,מוסלמי,מסורתי,,2,3,4,בבעלות,2,2,1,8,26604,24171,44585,5858,43,2433,1861,463,3178,1155,1672,26957,964,5.5,13.2
2024,4,563.594,3,3,,ערבים,מוסלמי,מסורתי,,2,3,4,בבעלות,2,1,1,6,23127,20694,12640,1624,345,2433,1171,266,496,127,1646,4373,159,19.2,15.6
2024,4,1182.839,1,0,,יהודים,יהודי,חילוני,,4,5,3,,,0,1,2,5282,5282,6755,1313,71,3970,705,0,48,224,198,203,22,58.8,20.5
2024,4,2853.848,1,0,,יהודים,יהודי,חילוני,,4,5,4,בבעלות,,0,2,6,11686,6779,8522,1523,24,5016,855,0,0,148,198,139,619,58.9,18.2
2024,4,1080.248,2,2,,אחר,אחר,חילוני,,4,5,3.5,בבעלות,2,2,1,10,39325,34418,14281,0,1434,4988,834,457,1908,1380,144,3137,0,34.9,10.0
2024,4,1168.634,2,1,,ערבים,נוצרי,מסורתי,עירוני גדול,1,5,3,בבעלות,1,0,1,1,3938,1263,8719,358,495,2675,465,82,0,243,0,4251,151,30.7,9.8
2023,4,632.900,5,1,3,ערבים,נוצרי,דתי,אחר,2,2,3,בבעלות,2,1,1,2,13863,11348,12246,2728,225,2515,1635,293,168,377,1452,1225,1627,20.5,24.1
2023,4,2343.623,4,1,,ערבים,נוצרי,מסורתי,עירוני גדול,1,5,4,בבעלות,,0,1,1,7723,5276,12286,2610,1012,2447,359,1284,0,0,3015,714,844,19.9,29.5
2023,3,277.351,5,2,3,יהודים,יהודי,חילוני,,5,4,5,בבעלות,2,4,1,8,46751,38862,29918,2164,0,8398,2443,3746,997,1528,6760,3748,133,28.1,7.2
2024,4,1389.651,5,1,3,יהודים,יהודי,חילוני,,4,5,6,בבעלות,1,2,1,6,36797,28394,17038,813,196,8486,1780,367,43,2275,2142,936,0,49.8,5.9
2024,4,656.560,5,1,3,ערבים,נוצרי,דתי,,2,3,4,בבעלות,1,1,2,2,14066,11866,20361,3870,381,2200,5770,3669,301,446,198,2842,683,10.8,20.9
2024,4,305.059,2,2,,יהודים,יהודי,חילוני,,3,3,4,,2,2,1,10,48791,48791,15649,1605,739,3672,2014,179,79,2307,439,3550,1065,23.5,15.0
2024,4,600.719,2,0,,יהודים,יהודי,מסורתי,עירוני גדול,1,5,3,בבעלות,2,1,1,8,26687,22786,15350,1166,876,4025,1128,239,298,3269,424,3792,132,26.2,13.3
2024,4,231.653,6,2,4,יהודים,יהודי,אחר,עירוני גדול,1,5,5,,2,4,1,5,36654,36654,36258,4079,0,11516,4381,59,367,511,5854,9232,258,31.8,11.2
2024,4,692.170,2,2,,יהודים,יהודי,מסורתי,,4,3,6,,1,2,1,4,14073,14073,18193,3025,142,5955,1009,1620,199,635,1398,3458,752,32.7,17.4
2024,4,469.717,5,2,3,יהודים,יהודי,חרדי,עירוני גדול,1,5,4,בבעלות,1,1,1,4,26560,21430,13520,2524,797,5130,1958,273,103,283,1288,741,423,37.9,24.6
2023,4,877.582,7,3,2,ערבים,דרוזי,מסורתי,,2,2,5,בבעלות,2,2,2,2,17782,14282,28985,1104,1244,3500,3160,3590,227,3270,1126,6539,5224,12.1,8.1
2023,4,566.764,6,2,4,ערבים,נוצרי,מסורתי,,2,2,4,בבעלות,1,1,1,2,17032,14167,16799,4349,1273,2865,1948,0,215,739,2083,2333,995,17.1,33.5
2024,4,1000.964,1,0,,יהודים,יהודי,חרדי,עירוני גדול,1,5,2,,1,1,1,4,7795,7795,5472,2130,399,170,433,66,0,286,413,583,991,3.1,46.2
2024,4,523.762,4,1,2,יהודים,יהודי,חרדי,עירוני גדול,1,5,3,בבעלות,1,2,1,3,16775,12874,10029,1392,106,3901,1010,122,674,175,1787,664,198,38.9,14.9
2024,4,632.627,5,3,,יהודים,יהודי,דתי,עירוני גדול,1,5,4,בבעלות,1,1,1,8,50915,45785,15907,2165,975,5130,3397,412,645,1583,424,980,195,32.2,19.7
2024,4,652.792,2,2,,יהודים,יהודי,דתי,,4,4,5,בבעלות,1,2,1,10,44047,37303,23234,849,304,6835,1194,115,268,644,1145,10258,1624,29.4,5.0
2024,4,560.720,3,2,1,יהודים,יהודי,חילוני,,4,4,4,,2,1,1,3,15004,12743,15055,0,0,4963,1310,165,447,252,4285,2881,752,33.0,0.0
2024,4,874.473,1,1,,יהודים,יהודי,חילוני,,4,5,3,בבעלות,1,2,1,10,33827,30233,12930,923,0,3594,1067,942,695,900,358,4451,0,27.8,7.1
2024,4,582.389,4,2,2,יהודים,יהודי,חרדי,עירוני גדול,1,5,3,,1,1,1,4,19983,19983,18012,1451,0,2878,784,3471,199,707,4352,2915,1255,16.0,8.1
2023,4,740.644,6,4,2,ערבים,נוצרי,מסורתי,עירוני גדול,1,5,4,,,1,1,2,18376,18376,23008,4984,1107,2978,1796,1602,1596,456,5591,2047,852,12.9,26.5
2023,4,3300.864,3,1,1,ערבים,נוצרי,מסורתי,עירוני גדול,1,5,3,בבעלות,1,0,2,1,5200,2525,3831,306,116,2696,306,0,104,0,0,303,0,70.4,11.0
2023,4,1142.091,3,0,,יהודים,יהודי,חרדי,אחר,3,5,4,בבעלות,1,0,1,8,37021,32679,17360,2105,680,4427,1954,79,989,4803,984,1191,149,25.5,16.0
2023,4,701.703,5,1,3,יהודים,יהודי,דתי,אחר,3,5,4,,1,2,1,3,19632,19632,12372,254,17,4075,1235,622,1557,1079,2178,953,401,32.9,2.2
2024,4,771.505,2,1,,יהודים,יהודי,דתי,,4,5,9,בבעלות,2,2,1,10,70494,64034,20271,3952,1489,6460,2322,199,347,482,1522,3374,125,31.9,26.8
2024,4,707.827,6,4,1,יהודים,יהודי,דתי,,4,5,5,בבעלות,2,4,1,9,67698,61238,34112,7268,1705,6460,3137,228,782,1521,2803,5095,5111,18.9,26.3
2024,4,1082.710,9,3,2,ערבים,נוצרי,מסורתי,עירוני גדול,1,5,5,,2,1,1,3,32524,32524,33550,14723,3399,2948,1169,215,0,772,1446,8577,302,8.8,54.0
2023,4,1837.518,3,1,1,יהודים,יהודי,מסורתי,,4,5,4.5,,1,1,1,2,9904,9904,16912,2690,800,4363,1382,138,1873,689,269,4384,325,25.8,20.6
2024,4,1005.439,4,2,2,יהודים,יהודי,חילוני,כפרי,4,5,4,,1,3,1,8,39675,39675,39068,7818,345,8437,3511,602,1519,1870,6182,6121,2663,21.6,20.9
2024,4,710.690,1,1,,יהודים,יהודי,חילוני,כפרי,4,5,2,בבעלות,1,1,1,9,20101,15575,7897,2077,64,3731,469,0,119,304,157,680,297,47.2,27.1
2023,4,619.173,3,2,1,יהודים,יהודי,דתי,,3,1,4,בבעלות,1,1,1,7,27169,22884,10370,913,670,4285,2107,0,0,330,516,957,593,41.3,15.3
2023,4,821.613,2,2,,יהודים,יהודי,דתי,,5,4,3,בבעלות,1,0,1,7,22285,17182,31659,51,138,22388,1475,2407,744,1267,284,962,1945,70.7,0.6
2024,4,810.015,5,5,1,יהודים,יהודי,אחר,,2,2,5,בבעלות,1,1,1,8,47246,42884,16207,4061,942,4362,1228,1933,1191,247,1297,946,0,26.9,30.9
2024,4,1116.373,4,4,,יהודים,יהודי,דתי,,4,5,8,בבעלות,2,1,1,9,48766,40363,23948,4051,1833,8941,3711,49,0,2135,168,3059,0,37.3,24.6
2023,4,445.792,10,0,8,יהודים,יהודי,חרדי,עירוני גדול,1,5,3,,,0,2,1,15748,12140,29686,4004,1378,3899,1517,152,1988,1810,13782,588,569,13.1,18.1
2024,4,504.007,6,2,4,יהודים,יהודי,דתי,,3,4,5,בבעלות,2,4,1,2,16511,10719,18554,3488,906,5163,1296,49,386,565,3550,1546,1606,27.8,23.7
2024,4,369.364,2,2,,אחר,מוסלמי,חילוני,,3,4,3,בבעלות,1,3,1,7,23046,19662,12390,2419,13,3384,4032,165,298,132,0,1109,839,27.3,19.6
2024,4,1724.091,2,1,,יהודים,יהודי,חילוני,,4,5,4,בבעלות,1,2,1,9,32692,27785,21579,6912,0,4907,1909,33,1638,789,1747,3220,424,22.7,32.0
2023,4,701.015,2,2,,ערבים,מוסלמי,חילוני,עירוני גדול,1,5,3,,,3,1,6,18953,18953,13334,1396,400,5438,653,0,0,283,920,4186,58,40.8,13.5
2024,4,916.067,2,1,,יהודים,יהודי,חילוני,כפרי,3,4,4,,,2,1,1,4787,4787,8584,1546,49,3474,997,40,0,345,1613,422,99,40.5,18.6
2023,4,1843.654,5,1,,ערבים,נוצרי,חילוני,אחר,3,5,4,בבעלות,,1,2,2,16706,12364,9186,1712,255,4342,1317,43,496,431,0,248,343,47.3,21.4
2024,4,846.480,1,0,,יהודים,יהודי,דתי,,3,3,5,בבעלות,,0,2,6,11569,6694,5600,0,0,4875,670,0,0,0,0,56,0,87.1,0.0
2024,4,1325.183,1,1,,יהודים,יהודי,חילוני,כפרי,4,5,3.5,,1,5,1,10,29501,29501,12754,2007,480,5500,1448,0,0,20,2147,821,331,43.1,19.5
2024,4,640.266,5,3,,ערבים,נוצרי,מסורתי,,2,3,4,בבעלות,2,1,1,5,30187,27687,9892,375,121,2500,1620,65,0,1120,347,3573,172,25.3,5.0
2023,3,581.377,1,0,,יהודים,יהודי,חילוני,עירוני קטן,4,4,3.5,,,1,1,1,-139,-139,3781,457,0,1596,937,30,0,283,328,151,0,42.2,12.1
2023,4,589.514,4,1,2,יהודים,יהודי,חילוני,אחר,4,4,3,בבעלות,1,2,1,5,27190,24291,13326,4566,370,2899,1010,270,30,1069,1525,1085,502,21.8,37.0
2023,4,912.119,5,4,1,יהודים,יהודי,חילוני,,5,4,7,בבעלות,1,1,1,9,57532,49305,60669,848,545,8439,4397,4804,0,3366,4658,33441,171,13.9,2.3
2024,4,578.953,6,2,4,יהודים,יהודי,חרדי,אחר,1,4,4,בבעלות,1,0,2,1,13712,9833,15599,3298,1455,3879,941,865,40,233,1670,492,2726,24.9,30.5
2024,4,1004.865,5,2,3,יהודים,יהודי,חילוני,אחר,5,4,4,,2,1,1,5,27782,27782,21720,2820,1924,6253,2430,72,43,2488,4093,1122,475,28.8,21.8
2024,4,518.005,5,1,3,יהודים,יהודי,דתי,,4,4,4,,1,1,1,3,19524,18733,12926,2185,1099,3439,1590,249,844,493,1310,1082,634,26.6,25.4
2024,4,530.977,4,2,2,יהודים,יהודי,חילוני,,4,4,6,בבעלות,2,3,1,9,45240,35331,36048,3742,156,6926,1465,411,447,3645,4587,13643,1025,19.2,10.8
2023,4,1095.330,4,1,2,יהודים,יהודי,חילוני,,4,5,3,,2,4,1,3,18930,18930,26570,3914,197,6682,1409,563,0,494,2667,9412,1232,25.1,15.5
2024,4,962.423,3,1,2,יהודים,יהודי,חילוני,אחר,5,4,4,,1,1,1,6,24409,24183,17926,322,601,5319,2139,68,0,1690,6952,494,341,29.7,5.1
2024,4,1119.119,4,3,1,יהודים,יהודי,חילוני,אחר,5,4,4,בבעלות,2,4,1,8,41578,33818,21121,2516,856,5859,1924,20,397,2441,2985,2865,1257,27.7,16.0
2024,4,1773.068,4,2,1,יהודים,יהודי,מסורתי,אחר,5,4,5,בבעלות,2,1,1,7,33440,26070,32411,1523,377,7428,2117,0,698,1527,2697,12868,3176,22.9,5.9
2024,4,969.361,4,3,1,יהודים,יהודי,חילוני,אחר,5,4,4.5,בבעלות,1,4,1,10,57772,50402,23764,1557,371,7420,1262,152,159,760,1085,10017,980,31.2,8.1
2024,4,596.407,2,2,,יהודים,יהודי,מסורתי,אחר,5,4,3,,2,1,1,9,31437,30352,22350,2745,685,5261,1621,7665,375,374,410,2450,765,23.5,15.3
2024,4,401.741,2,1,,יהודים,יהודי,חילוני,כפרי,4,5,3,,1,2,1,6,18633,18633,19147,5296,1194,5619,1637,112,794,1150,1013,1559,773,29.3,33.9
2024,4,1539.234,3,2,1,יהודים,יהודי,חילוני,כפרי,4,5,4,בבעלות,2,1,1,7,30224,24331,17423,352,464,5993,2605,1048,149,172,3984,2656,0,34.4,4.7
2024,4,939.956,3,1,1,יהודים,יהודי,דתי,כפרי,4,5,4,,1,0,1,7,28957,28957,18911,1723,586,7047,1988,2948,1092,688,700,1119,1021,37.3,12.2
2024,4,886.029,2,1,1,אחר,מוסלמי,חילוני,,3,2,2.5,,,1,1,3,11851,11851,12124,1624,730,2779,762,221,397,323,1073,577,3637,22.9,19.4
2024,4,674.459,2,0,,יהודים,יהודי,חילוני,,3,2,3,,,1,1,3,11676,11676,2931,1032,64,512,393,165,199,188,166,112,99,17.5,37.4
2024,4,750.376,2,1,,יהודים,יהודי,חילוני,,4,5,4.5,בבעלות,2,1,1,9,28477,22469,20350,1120,707,6117,1103,0,650,3312,1236,5808,297,30.1,9.0
2024,4,1700.987,2,0,,יהודים,יהודי,חרדי,אחר,1,4,3,בבעלות,,1,2,3,11980,8822,6993,1151,691,3158,943,158,0,228,0,273,391,45.2,26.3
2024,4,1239.889,6,1,4,יהודים,יהודי,חרדי,כפרי,4,5,5,,1,2,1,1,13441,13441,27335,6090,1108,8456,2305,471,625,2989,2197,2734,361,30.9,26.3
2024,4,1010.982,11,1,9,יהודים,יהודי,חרדי,כפרי,4,5,4.5,בבעלות,,0,2,1,21963,16366,14509,2671,539,5746,926,260,447,1451,1505,610,354,39.6,22.1
2024,4,730.390,3,2,1,יהודים,יהודי,חילוני,,3,3,4,,1,1,2,3,15866,15866,16112,2301,552,3355,947,866,347,1049,3105,2785,805,20.8,17.7
2024,4,463.135,2,0,,יהודים,יהודי,חילוני,,4,3,4,בבעלות,1,1,1,7,22606,17079,14270,146,98,5627,5790,0,0,258,334,773,1243,39.4,1.7
2024,4,658.670,2,0,,יהודים,יהודי,חילוני,,3,4,2,בבעלות,1,1,1,4,12233,9665,5380,458,250,2568,184,63,69,125,287,559,817,47.7,13.2
2024,4,753.597,4,2,2,יהודים,יהודי,חילוני,,3,2,4,,2,2,1,7,36054,36054,31347,8561,795,4764,1541,247,1241,603,2142,11149,305,15.2,29.8
2024,4,539.976,1,1,,יהודים,יהודי,חילוני,,3,2,3,בבעלות,,1,1,4,9096,6440,7160,222,164,2755,812,0,0,734,341,174,1957,38.5,5.4
2024,4,588.992,2,1,1,יהודים,יהודי,חילוני,,4,4,4,,1,3,1,9,34939,34939,17090,1553,724,5062,1338,196,744,1015,2741,2591,1126,29.6,13.3
2024,4,868.587,1,0,,יהודים,יהודי,חרדי,עירוני גדול,1,5,3,,,0,2,2,5903,5903,4991,147,36,3970,174,0,179,278,0,190,17,79.5,3.7
2024,4,438.702,2,1,,יהודים,יהודי,דתי,עירוני גדול,1,5,4.5,בבעלות,1,0,1,7,22955,15504,11963,503,371,7451,1821,30,0,951,139,465,232,62.3,7.3
2023,4,1039.082,5,2,3,יהודים,יהודי,מסורתי,אחר,3,5,4,בבעלות,2,1,1,7,40944,36602,34193,4416,710,4384,1072,150,613,939,19139,2346,423,12.8,15.0
2023,4,715.199,3,2,1,אחר,אחר,חילוני,עירוני גדול,1,5,3,,,2,1,8,32367,32367,23697,2195,1792,5196,1575,486,430,103,3880,7875,165,21.9,16.8
2023,4,460.377,2,2,,יהודים,יהודי,חילוני,עירוני גדול,1,5,4,,1,3,1,10,41356,41356,26263,1074,560,5856,1428,309,0,2768,1615,11201,1450,22.3,6.2
2024,4,147.169,2,2,1,יהודים,יהודי,דתי,עירוני גדול,1,5,4,,1,1,1,3,11315,11315,12903,1176,276,5360,1499,0,0,748,0,3393,453,41.5,11.3
2024,4,86.321,1,1,,יהודים,יהודי,דתי,עירוני גדול,1,5,4,בבעלות,1,1,1,10,48871,43741,10262,1013,608,5221,1029,106,0,1035,15,687,548,50.9,15.8
2024,4,293.027,2,0,,יהודים,יהודי,דתי,אחר,3,3,6,בבעלות,1,1,1,8,25298,20843,13958,679,166,4662,1571,1088,0,562,3109,2121,0,33.4,6.1
2024,4,363.394,6,3,2,יהודים,יהודי,חרדי,אחר,3,3,5,בבעלות,1,1,2,3,23958,19503,17056,1010,246,4455,1428,0,0,649,4574,4693,0,26.1,7.4
2023,4,866.427,6,2,4,יהודים,יהודי,חרדי,,4,5,4,,1,3,1,4,29531,24624,21676,3115,778,4907,2509,38,487,139,3492,2217,3993,22.6,18.0
2023,4,678.574,2,1,,יהודים,יהודי,חילוני,,4,5,5,בבעלות,1,2,1,7,20915,14907,16164,1378,627,6048,1813,258,0,1144,2941,1955,0,37.4,12.4
2023,4,558.414,2,1,1,יהודים,יהודי,חילוני,,4,5,3.5,בבעלות,1,1,1,7,21243,15632,14897,3658,740,5650,1637,48,0,1074,881,585,625,37.9,29.5
2023,4,990.585,4,2,2,יהודים,יהודי,חילוני,,4,5,4,,2,2,1,9,47460,47460,12308,388,0,6445,2009,68,198,256,2055,888,0,52.4,3.2
2023,4,540.896,2,2,,יהודים,יהודי,חילוני,,4,5,6,בבעלות,1,3,1,6,19876,13868,20631,630,276,7892,1910,77,50,2639,2029,5030,99,38.3,4.4
2024,4,649.478,1,0,,יהודים,יהודי,חילוני,עירוני גדול,1,5,3,בבעלות,,1,1,7,13820,9919,9441,572,668,4009,1098,53,283,1819,709,108,122,42.5,13.1
2024,4,501.298,4,2,2,יהודים,יהודי,חילוני,עירוני גדול,1,5,4,,1,1,1,8,39992,39992,23697,2813,1125,6650,1943,725,2928,1259,3601,2511,141,28.1,16.6
2023,4,741.266,12,3,8,יהודים,יהודי,חרדי,אחר,3,5,6,בבעלות,2,3,1,4,46630,40997,34362,2194,1749,5888,3340,1482,1043,1488,11517,2875,2788,17.1,11.5
2024,4,378.638,1,1,,יהודים,יהודי,מסורתי,,4,3,1,בבעלות,2,1,1,6,12385,9348,16865,156,198,3099,705,993,172,1520,456,9417,149,18.4,2.1
2023,4,1106.740,1,1,,יהודים,יהודי,חילוני,,4,5,8,בבעלות,1,4,1,10,52129,46121,22731,1585,195,6118,1477,2552,833,4610,4457,904,0,26.9,7.8
2023,4,885.600,4,1,2,יהודים,יהודי,מסורתי,,4,5,3,,2,1,1,4,21414,18023,21095,1466,0,4216,1391,189,1779,785,4946,3946,2377,20.0,6.9
2024,4,1262.583,5,2,3,יהודים,יהודי,חילוני,,5,5,5,,2,4,1,8,47153,47153,89135,8400,6520,25879,14132,390,761,1446,7674,21181,2750,29.0,16.7
2023,4,1370.741,5,4,1,יהודים,יהודי,חילוני,,4,5,5,בבעלות,2,3,1,7,41252,35244,18630,5726,611,6008,2249,691,0,704,598,1808,235,32.2,34.0
2023,4,638.308,1,1,,יהודים,יהודי,חילוני,,4,5,2,,1,2,1,10,29002,29002,25740,407,194,7240,525,311,0,596,4950,11121,396,28.1,2.3
2023,4,789.132,2,2,,אחר,אחר,חילוני,,4,5,3,,1,2,1,10,37562,35301,15579,548,387,5927,2872,182,0,646,0,5016,0,38.0,6.0
2024,4,708.254,1,0,,אחר,אחר,לא ידוע,עירוני גדול,1,5,2,,1,2,1,4,7964,7964,9576,1348,103,3375,293,0,470,133,721,3133,0,35.2,15.2
2024,4,889.694,1,1,,יהודים,יהודי,דתי,עירוני גדול,1,5,1,,,1,1,3,7012,7012,11392,752,319,3077,831,3904,993,71,194,154,1099,27.0,9.4
2024,4,485.730,5,1,3,יהודים,יהודי,דתי,עירוני גדול,1,5,4,בבעלות,1,1,1,7,39778,34648,14570,447,25,5130,1022,1343,943,143,4370,1137,10,35.2,3.2
2024,4,321.203,1,1,,יהודים,יהודי,חילוני,,4,4,5,בבעלות,1,1,1,7,13321,6577,15373,1409,1317,6901,1391,764,943,249,1153,1063,183,44.9,17.7
2024,4,534.248,1,1,,יהודים,יהודי,חילוני,,4,4,2,,1,1,1,6,11360,11360,15024,2823,143,3375,581,66,159,2429,1541,692,3216,22.5,19.7
2023,4,517.071,2,1,,יהודים,יהודי,מסורתי,,4,5,4,בבעלות,2,1,1,10,83721,78814,22188,2146,1005,5009,1870,2068,2624,2777,728,3156,807,22.6,14.2
2024,4,1926.309,3,1,1,יהודים,יהודי,מסורתי,,4,5,3,בבעלות,,1,1,4,18245,14651,9007,2513,1068,3594,531,64,0,593,476,169,0,39.9,39.8
2024,4,821.786,2,1,,יהודים,יהודי,חילוני,,4,5,5,בבעלות,1,3,1,10,35808,29800,24769,4488,681,6058,1373,1523,0,8840,622,743,442,24.5,20.9
2024,4,1351.526,2,0,,יהודים,יהודי,מסורתי,,4,5,4,בבעלות,1,1,1,8,27646,22739,12862,675,515,4991,735,36,0,4745,464,703,0,38.8,9.3
2024,4,1303.619,4,3,2,יהודים,יהודי,חילוני,,4,5,3.5,בבעלות,2,1,1,4,23111,18204,17868,1947,229,4907,1180,2017,427,901,2344,3377,541,27.5,12.2
2023,4,271.591,1,0,,יהודים,יהודי,חילוני,עירוני גדול,1,5,3,בבעלות,,0,2,10,24485,20584,13211,289,139,3901,7447,0,0,1289,0,0,145,29.5,3.2
2024,4,1071.606,2,0,,יהודים,יהודי,חילוני,,4,5,5,בבעלות,1,1,1,6,19555,13547,16803,267,645,6140,2004,2872,0,442,3544,888,0,36.5,5.4
2024,4,1766.880,4,2,,אחר,אחר,חילוני,,4,5,4,בבעלות,1,4,1,9,45791,40884,15815,4402,1202,4973,786,0,1443,165,1659,1115,70,31.4,35.4
2024,4,844.821,5,2,3,יהודים,יהודי,דתי,,4,5,5,בבעלות,1,2,1,7,42334,35874,21513,3131,417,6460,2180,811,178,886,4243,2285,923,30.0,16.5
2024,4,885.624,4,2,2,יהודים,יהודי,מסורתי,,5,5,5,בבעלות,1,3,1,9,48764,39447,21058,1611,0,8797,2029,108,1538,404,2216,852,3502,41.8,7.7
2024,4,533.091,5,1,3,יהודים,יהודי,אחר,עירוני גדול,1,5,3,,1,1,2,2,13304,13304,11361,1802,347,5955,873,64,117,215,1090,570,328,52.4,18.9
2024,4,817.966,2,1,,יהודים,יהודי,חילוני,,4,5,6,בבעלות,2,3,1,9,34725,26322,36403,1555,1058,8527,2559,7806,390,8648,3338,2073,450,23.4,7.2
2024,4,1423.706,1,1,,יהודים,יהודי,דתי,עירוני גדול,1,5,3,,,1,1,6,12192,12192,4170,1034,0,1787,366,13,397,0,0,441,132,42.9,24.8
2024,4,832.538,6,5,1,יהודים,יהודי,חילוני,אחר,5,4,5,בבעלות,2,4,1,8,56187,48817,23181,892,766,7370,2803,149,3672,1822,1322,4107,278,31.8,7.2
2024,4,1967.774,1,0,,יהודים,יהודי,מסורתי,,4,5,3.5,בבעלות,,1,2,7,13396,8489,13198,194,0,5023,1771,2314,0,2317,198,60,1322,38.1,1.5
2024,4,656.142,3,0,1,יהודים,יהודי,חרדי,עירוני גדול,1,5,3,,1,2,1,2,9682,9682,19447,3072,493,5260,1939,474,169,848,1799,4208,1184,27.0,18.3
2023,4,610.789,3,1,1,יהודים,יהודי,דתי,עירוני גדול,1,5,2.5,,1,2,1,4,16043,12142,16463,3189,52,3901,1178,1163,0,72,4898,1393,616,23.7,19.7
2024,4,638.051,8,1,6,יהודים,יהודי,חרדי,עירוני גדול,1,5,3.5,,,0,2,2,23110,23110,16619,1084,757,1,2654,33,4218,860,6181,317,514,0.0,11.1
2023,4,710.024,4,4,,יהודים,יהודי,דתי,אחר,4,4,5,בבעלות,2,3,1,9,50164,43932,29292,1541,531,6232,1084,20,816,495,4433,12298,1842,21.3,7.1
2023,4,962.423,3,1,2,יהודים,יהודי,דתי,אחר,4,4,3,בבעלות,1,2,1,7,31011,27027,22797,4208,1593,3788,3007,994,2630,217,5488,306,565,16.6,25.4
2024,4,236.154,1,1,,יהודים,יהודי,חילוני,עירוני גדול,1,5,2,בבעלות,1,1,1,9,20998,18244,8742,2225,69,2754,747,262,268,75,366,1143,834,31.5,26.2
2024,4,448.747,2,0,,יהודים,יהודי,דתי,,4,5,5,בבעלות,2,2,1,10,53681,46065,22442,6897,710,7715,3175,717,0,250,1322,1440,215,34.4,33.9
2024,4,1689.261,2,1,,יהודים,יהודי,חילוני,,4,5,5,,1,1,1,6,17440,17440,16373,2037,906,7609,3885,0,0,696,187,1053,0,46.5,18.0
2024,4,1128.022,1,0,,יהודים,יהודי,דתי,,4,5,4,,1,1,1,5,10401,10401,15669,355,360,7022,1671,1714,2,1160,1482,1771,132,44.8,4.6
2024,4,547.475,4,2,2,יהודים,יהודי,אחר,עירוני גדול,1,5,3,,1,3,1,5,26384,22483,9953,1521,132,3901,890,17,0,762,980,1174,576,39.2,16.6
2024,4,820.510,7,1,5,יהודים,יהודי,דתי,,3,2,5.5,בבעלות,2,2,1,3,28224,22847,25776,2816,1589,4925,1475,3153,248,3005,4428,3472,665,19.1,17.1
2023,4,382.388,2,2,,יהודים,יהודי,מסורתי,כפרי,4,5,3,בבעלות,1,2,1,7,20815,15940,12566,1445,194,4926,988,540,0,1785,641,1800,247,39.2,13.0
2023,3,508.825,4,3,1,יהודים,יהודי,מסורתי,כפרי,3,4,5,בבעלות,1,3,1,9,47598,43175,13812,1299,651,4511,1798,110,868,1799,958,1194,626,32.7,14.1
2023,4,1429.500,2,0,,יהודים,יהודי,חילוני,,3,4,4,בבעלות,,1,1,3,11353,6460,10587,1315,410,4893,945,0,0,704,0,2320,0,46.2,16.3
2024,4,912.878,5,2,3,יהודים,יהודי,חילוני,,4,5,5,בבעלות,2,3,1,9,53336,46876,24110,2905,452,6116,2329,4967,993,748,3951,1081,569,25.4,13.9
2023,4,476.022,2,1,,יהודים,יהודי,חרדי,,2,1,3,,,0,2,1,5137,5137,7158,448,190,1687,598,237,89,567,69,2776,496,23.6,8.9
2023,4,752.058,3,1,1,יהודים,יהודי,חילוני,,2,1,3,,2,2,1,2,11697,11471,8705,0,0,3474,539,1324,0,233,2130,1005,0,39.9,0.0
2024,4,622.889,4,3,1,יהודים,יהודי,דתי,אחר,5,4,4,בבעלות,1,2,1,7,31904,26179,16480,5136,977,5893,1874,133,0,357,743,1001,365,35.8,37.1
2024,4,737.488,6,2,4,יהודים,יהודי,דתי,אחר,5,4,6,בבעלות,2,5,1,7,45050,37680,25306,3385,311,7370,2002,132,0,1385,3840,4092,2790,29.1,14.6
2024,4,804.178,5,2,3,יהודים,יהודי,דתי,אחר,5,4,5,,2,2,1,7,37885,37885,22527,2469,774,5459,2600,635,596,1062,6017,2181,735,24.2,14.4
2024,4,1350.818,5,5,,יהודים,יהודי,מסורתי,אחר,5,4,5,בבעלות,2,2,1,10,72855,65485,16864,3803,872,7370,2006,404,0,368,379,1387,275,43.7,27.7
2023,4,391.144,1,0,,יהודים,יהודי,חילוני,,3,3,4,בבעלות,,0,1,7,13146,10355,6847,403,72,2935,807,0,0,2169,129,119,211,42.9,6.9
2024,4,425.341,4,2,2,יהודים,יהודי,דתי,אחר,2,2,4,בבעלות,2,2,1,8,37747,34620,19017,4557,2568,2917,2364,1330,1092,649,1444,1696,400,15.3,37.5
2024,4,511.813,6,2,4,יהודים,יהודי,דתי,אחר,2,2,4,,,0,2,1,10068,10068,11826,3153,535,2620,1221,542,447,346,1874,525,564,22.2,31.2
2024,4,465.865,10,3,6,יהודים,יהודי,חרדי,אחר,2,2,4,בבעלות,1,0,2,1,20257,17357,22377,5093,1169,2969,2483,595,1021,1707,4790,1627,923,13.3,28.0
2024,4,520.970,4,1,2,יהודים,יהודי,מסורתי,אחר,2,2,5,,,0,1,1,10275,10275,11283,2935,651,3375,1207,365,547,968,565,317,354,29.9,31.8
2024,4,649.929,2,1,,אחר,אחר,מסורתי,אחר,2,2,4,בבעלות,1,2,1,7,22219,19319,12739,2342,1124,2945,1996,874,496,1234,775,726,228,23.1,27.2
2024,4,1250.209,2,1,,יהודים,יהודי,חרדי,אחר,2,2,5,בבעלות,,0,2,5,16776,13209,12366,4134,660,3567,2131,30,0,643,149,149,905,28.8,38.8
2024,4,606.658,6,2,4,יהודים,יהודי,מסורתי,אחר,2,2,5,בבעלות,2,3,1,7,45440,41647,18883,4345,711,3567,1517,242,0,1359,2353,3045,1745,18.9,26.8
2024,4,910.594,2,1,,יהודים,יהודי,אחר,אחר,2,2,4,,2,1,1,6,18255,18255,34231,2416,697,2779,1819,627,983,535,1215,20312,2850,8.1,9.1
2023,4,642.329,9,2,7,יהודים,יהודי,חרדי,עירוני גדול,1,5,5,בבעלות,1,1,2,3,31756,24305,26285,1789,85,15913,2760,25,1396,366,1639,1131,1182,60.5,7.1
2023,4,513.186,2,2,,יהודים,יהודי,חילוני,עירוני גדול,1,5,5,בבעלות,2,3,1,9,29827,22376,22368,1986,1045,7534,1459,436,1041,534,3004,5031,298,33.7,13.6
2023,4,974.069,5,2,3,יהודים,יהודי,חילוני,אחר,4,4,7,בבעלות,2,6,1,8,49904,43672,34119,8109,621,6232,2456,1869,1093,994,6357,4481,1907,18.3,25.6
2023,4,1441.007,3,3,,יהודים,יהודי,מסורתי,אחר,4,4,3.5,בבעלות,1,1,1,7,27599,22733,16153,4317,2003,4866,1919,105,0,728,214,850,1150,30.1,39.1
2024,4,675.935,4,2,2,יהודים,יהודי,חילוני,אחר,4,4,5,,2,3,1,7,34016,27557,40891,4332,894,6356,2754,221,310,6875,1757,16732,661,15.5,12.8
2024,4,1655.198,2,1,,יהודים,יהודי,מסורתי,,4,5,7.5,בבעלות,2,0,1,8,25907,19899,21290,1757,141,6008,2416,489,695,2180,3077,4526,0,28.2,8.9
2024,4,1461.048,3,2,1,יהודים,יהודי,חילוני,,4,5,4,בבעלות,1,2,1,9,37251,31497,29105,6834,521,5111,2140,1058,496,691,7546,4201,507,17.6,25.3
2024,4,1447.343,3,0,,יהודים,יהודי,חרדי,עירוני גדול,1,5,4,בבעלות,1,0,2,2,10095,4965,9614,1491,1092,5130,770,0,0,622,69,390,50,53.4,26.9
2023,4,1046.761,3,2,,יהודים,יהודי,חילוני,,4,5,4.5,בבעלות,2,4,1,8,37029,31021,28204,345,252,6214,2812,471,0,1627,7028,9388,66,22.0,2.1
2023,4,1042.555,4,2,2,יהודים,יהודי,חילוני,,4,5,4.5,בבעלות,2,3,1,9,45773,37370,22635,4413,129,8403,1953,306,0,779,5005,1054,593,37.1,20.1
2024,4,774.783,4,2,2,יהודים,יהודי,חילוני,,4,5,5,בבעלות,2,5,1,10,90286,81714,48569,4257,118,8522,4784,1718,362,379,8176,19984,270,17.5,9.0
2024,4,548.359,1,1,,יהודים,יהודי,חילוני,,4,5,5,בבעלות,1,1,1,10,32664,26656,18294,2644,70,6418,2873,149,169,1367,377,2399,1828,35.1,14.8
2023,4,910.603,2,1,,יהודים,יהודי,חילוני,,4,5,4,בבעלות,1,2,1,10,41867,36960,27152,1313,469,4966,1253,727,0,1355,1040,15383,646,18.3,6.6
2024,4,895.454,5,2,3,יהודים,יהודי,מסורתי,,4,5,5,בבעלות,2,1,1,3,18657,10254,17795,276,463,8403,929,169,109,281,4383,2488,293,47.2,4.2
2024,4,1454.218,3,2,1,יהודים,יהודי,חילוני,,4,5,4,בבעלות,1,2,1,8,32297,26686,18758,1643,748,5694,1539,141,129,1344,4853,2478,189,30.4,12.7
2023,4,3308.839,5,5,,ערבים,נוצרי,מסורתי,עירוני גדול,1,5,4,,,1,1,6,34803,34803,16411,2367,1506,2975,2258,39,0,1057,2500,2524,1183,18.1,23.6
2024,4,721.470,2,2,,יהודים,יהודי,חילוני,כפרי,3,5,5,בבעלות,2,2,1,8,27847,20685,17837,1435,588,7162,1171,0,248,2004,403,2453,2373,40.2,11.3
2023,4,1213.833,7,2,5,יהודים,יהודי,דתי,,4,5,5.5,בבעלות,2,4,1,4,34564,28556,21560,2856,893,6008,2647,208,327,1626,5960,936,99,27.9,17.4
2024,4,329.100,8,2,2,יהודים,יהודי,חרדי,עירוני גדול,1,5,4,בבעלות,2,3,1,6,47152,42022,18540,1296,852,5130,1421,257,2084,945,3693,1353,1508,27.7,11.6
2024,4,96.495,3,0,2,יהודים,יהודי,דתי,עירוני גדול,1,5,5,,2,2,1,5,19967,19967,30470,3867,584,8585,2201,208,1042,793,2237,10551,402,28.2,14.6
2024,4,220.314,7,1,6,יהודים,יהודי,חרדי,עירוני גדול,1,5,5,,1,1,1,1,9088,9088,40591,2504,383,9164,3642,808,6352,4514,5054,1788,6380,22.6,7.1
2023,4,1378.457,1,1,,יהודים,יהודי,חילוני,עירוני גדול,1,5,3,,,1,1,1,1728,1728,5633,595,226,4075,315,69,69,1,0,282,0,72.3,14.6
2024,4,1514.369,3,1,,יהודים,יהודי,מסורתי,עירוני גדול,1,5,3,,,3,1,3,13733,13733,2386,300,129,993,397,49,0,265,0,253,0,41.6,18.0
2024,4,1306.098,4,1,1,ערבים,נוצרי,מסורתי,עירוני גדול,1,5,3,,1,0,1,1,10558,7883,11551,2727,1185,2675,743,21,129,33,0,1695,2343,23.2,33.9
2023,4,462.474,6,1,4,ערבים,נוצרי,מסורתי,עירוני גדול,1,5,4,בבעלות,,1,2,1,10970,8523,7316,1783,586,2447,546,125,496,121,116,476,620,33.4,32.4
2024,4,1649.017,2,2,,יהודים,יהודי,מסורתי,,4,5,4,בבעלות,1,1,1,3,11597,5660,13625,1825,340,6045,1452,0,298,434,99,2983,149,44.4,15.9
2024,4,1092.025,2,2,,יהודים,יהודי,מסורתי,כפרי,4,5,4.5,,1,1,2,8,28092,28092,19924,662,298,6476,2420,132,993,1001,604,6413,925,32.5,4.8
2023,3,1334.264,8,4,4,ערבים,נוצרי,דתי,,1,1,3,בבעלות,,0,2,5,38403,36757,27478,4140,616,1646,1794,0,3291,7662,3781,3715,833,6.0,17.3
2023,4,221.113,3,0,1,ערבים,נוצרי,דתי,,1,2,3,בבעלות,,0,2,1,2556,504,15259,2497,300,2052,3566,0,0,1752,1118,2155,1820,13.4,18.3
2024,4,308.709,5,3,,ערבים,נוצרי,דתי,,1,2,3,בבעלות,1,0,2,4,23949,21949,12331,5673,1210,2000,2140,0,0,0,620,454,233,16.2,55.8
2024,4,452.681,7,3,3,יהודים,יהודי,דתי,כפרי,1,4,4,בבעלות,2,2,1,9,78425,74298,18114,3263,1246,4210,1507,163,844,930,2725,2026,1201,23.2,24.9
2023,4,982.919,2,1,,יהודים,יהודי,מסורתי,כפרי,1,4,5,בבעלות,,0,1,8,28065,22445,18884,3407,433,5620,6023,881,0,454,678,260,1128,29.8,20.3
2023,4,460.876,6,1,2,יהודים,יהודי,חרדי,כפרי,1,4,3,,,1,1,1,14320,14320,19759,4971,1470,2978,979,506,0,1681,3324,2676,1175,15.1,32.6
2023,4,562.739,9,2,6,יהודים,יהודי,חרדי,כפרי,1,4,4,בבעלות,,0,2,1,18753,14626,10294,793,932,4127,1300,197,317,73,1935,456,165,40.1,16.8
2024,4,1021.400,4,2,1,יהודים,יהודי,דתי,כפרי,1,4,4,בבעלות,1,1,1,5,23984,19857,18599,1506,1022,4127,1671,305,943,1149,1308,6036,530,22.2,13.6
2024,4,880.375,6,4,,יהודים,יהודי,דתי,כפרי,1,4,5,בבעלות,1,2,1,8,56628,51008,31906,8859,818,5719,2284,166,0,1189,11272,653,945,17.9,30.3
2024,4,549.567,4,1,3,יהודים,יהודי,חילוני,כפרי,1,4,5,,1,2,1,4,19955,19955,21676,555,0,5757,1356,557,1270,300,674,9590,1616,26.6,2.6
2024,4,413.811,2,2,,יהודים,יהודי,חרדי,כפרי,1,4,3,,1,0,2,3,12025,12025,12916,818,24,3672,1011,297,0,741,0,4817,1536,28.4,6.5
2024,4,576.481,6,1,4,יהודים,יהודי,חרדי,כפרי,1,4,3,,1,1,1,1,8864,8864,11124,1790,431,3474,871,117,149,250,2051,631,1360,31.2,20.0
2024,4,695.562,5,2,3,יהודים,יהודי,חרדי,כפרי,1,4,4,בבעלות,1,1,1,3,21177,17050,17988,1186,177,6037,2645,47,1264,249,3600,641,2142,33.6,7.6
2024,4,589.112,6,1,4,יהודים,יהודי,חרדי,כפרי,1,4,4,בבעלות,1,2,1,3,22587,18460,15568,815,442,4187,2185,273,993,861,2940,942,1931,26.9,8.1
2024,4,533.725,4,2,2,יהודים,יהודי,חרדי,כפרי,1,4,3,,,0,2,1,6540,6540,14492,1462,191,3474,1003,0,1450,1016,2055,3050,790,24.0,11.4
2024,4,516.323,6,1,4,יהודים,יהודי,חרדי,כפרי,1,4,5,בבעלות,2,1,1,3,24706,19086,17246,3682,559,5620,1064,425,187,255,2991,1110,1354,32.6,24.6
2023,4,646.679,4,2,,יהודים,יהודי,דתי,עירוני גדול,1,5,4,בבעלות,1,1,1,9,48801,43671,17191,5230,1212,5249,960,202,69,1535,1057,1217,461,30.5,37.5
2024,4,801.972,1,1,,יהודים,יהודי,חילוני,עירוני גדול,1,5,3,בבעלות,1,1,1,10,26526,22625,13412,1768,69,3955,789,3296,0,1731,159,1315,330,29.5,13.7
2024,4,558.839,5,5,,יהודים,יהודי,דתי,עירוני גדול,1,5,4,בבעלות,1,3,1,7,37383,32253,14454,956,400,5130,1465,0,647,281,3620,1075,880,35.5,9.4
2024,4,759.204,2,2,,יהודים,יהודי,חילוני,כפרי,4,5,3.5,בבעלות,2,1,1,10,42755,36862,15119,2154,244,5937,901,97,99,1688,1323,2438,238,39.3,15.9
2024,4,1083.975,5,2,3,יהודים,יהודי,מסורתי,כפרי,4,5,4,,1,3,1,5,27908,27138,22958,4474,1469,6452,1821,871,0,1120,4188,1432,1132,28.1,25.9
2024,4,367.578,2,1,,יהודים,יהודי,דתי,עירוני גדול,1,5,3.5,בבעלות,1,2,1,10,107666,102536,28862,5738,2372,5312,2996,939,2084,686,5270,714,2752,18.4,28.1
2023,3,398.986,2,0,,יהודים,יהודי,חילוני,,4,3,5,בבעלות,1,0,2,7,21923,16962,15097,3241,686,5171,897,0,0,4099,204,799,0,34.3,26.0
2023,4,1233.691,2,1,,יהודים,יהודי,מסורתי,,5,5,4,בבעלות,1,1,1,9,34450,27746,19322,4322,0,6830,1986,121,526,2090,878,2021,549,35.3,22.4
2024,4,1046.489,2,0,,יהודים,יהודי,חילוני,כפרי,4,5,4,בבעלות,1,0,1,9,30273,24380,26937,1439,78,5934,14644,65,139,1957,624,1140,917,22.0,5.6
2023,4,718.633,5,3,2,יהודים,יהודי,חילוני,אחר,4,5,9,בבעלות,2,4,1,10,114090,106713,74190,6034,884,7530,5523,2080,99,1554,5276,44280,931,10.1,9.3
2023,4,527.291,2,1,,יהודים,יהודי,מסורתי,,4,3,4,בבעלות,1,1,1,9,32804,27851,25341,3369,1699,5011,3173,525,346,6827,1253,1616,1521,19.8,20.0
2023,4,839.691,3,3,,יהודים,יהודי,אחר,,4,3,4,,2,2,1,6,26383,26383,26345,771,353,4165,2030,1440,783,2875,2551,5797,5582,15.8,4.3
2023,4,806.039,2,0,,יהודים,יהודי,חילוני,,4,3,5,בבעלות,1,1,1,4,14444,5946,17046,1420,1325,8580,2589,52,0,1719,413,947,0,50.3,16.1
2023,4,569.540,2,1,,יהודים,יהודי,מסורתי,,4,4,6,בבעלות,1,1,1,9,34335,28131,24628,484,1326,6204,1675,467,0,664,1741,11025,1040,25.2,7.3
2023,4,900.288,5,2,3,יהודים,יהודי,מסורתי,אחר,4,5,5,בבעלות,2,3,1,7,42206,34671,30485,4209,0,7456,1856,396,0,536,7801,4926,3305,24.5,13.8
2023,4,919.368,5,2,3,יהודים,יהודי,מסורתי,אחר,4,5,6,בבעלות,2,2,1,9,57555,50178,65258,4065,669,7494,1901,0,1978,4561,9530,30955,4105,11.5,7.3
2023,4,925.332,4,2,1,יהודים,יהודי,אחר,אחר,4,5,6,בבעלות,2,3,1,7,33074,25697,23052,5279,696,7408,2369,879,602,1153,1473,3014,178,32.1,25.9
2023,4,386.427,2,2,,יהודים,יהודי,חילוני,אחר,4,5,3,בבעלות,2,3,1,10,56381,49657,35032,3600,364,4463,2554,298,1483,2179,443,19499,148,12.7,11.3
2023,4,885.624,4,2,2,יהודים,יהודי,חילוני,אחר,4,5,4,בבעלות,1,2,2,10,58648,53085,21100,3012,0,5614,1474,0,411,676,6267,2319,1326,26.6,14.3
2024,4,1461.889,5,2,2,יהודים,יהודי,חילוני,כפרי,4,5,3.5,,1,2,1,4,26146,26146,22109,2477,371,4169,924,408,247,806,3645,7699,1364,18.9,12.9
2023,4,1183.228,5,2,3,יהודים,יהודי,חילוני,,4,5,3,,1,2,1,4,24898,24898,8694,0,0,3821,985,69,297,556,83,1392,1490,43.9,0.0
2024,4,941.919,2,1,,יהודים,יהודי,מסורתי,,4,5,5,בבעלות,1,2,1,8,25394,18934,15258,1593,305,6559,2202,0,119,1253,918,2063,245,43.0,12.4
2024,4,1046.833,3,1,,יהודים,יהודי,חילוני,,4,5,6,בבעלות,1,0,1,7,29934,23474,17937,1235,482,6574,7671,0,0,892,491,592,0,36.7,9.6
2024,4,1419.633,3,2,1,יהודים,יהודי,חילוני,,4,5,3,,1,2,1,5,19957,16443,14226,1369,960,3640,1409,132,0,406,4119,1771,420,25.6,16.4
2024,4,866.217,5,3,1,יהודים,יהודי,חילוני,,4,5,5,בבעלות,2,4,1,7,44004,34289,22213,6017,327,6536,1688,1025,63,638,1629,3829,462,29.4,28.6
2024,4,843.848,5,2,3,יהודים,יהודי,דתי,,4,5,4,,2,5,1,6,37355,36450,21905,1874,337,5202,1639,0,2332,655,5753,2949,1164,23.7,10.1
2024,4,778.454,1,1,,יהודים,יהודי,מסורתי,,4,5,4,בבעלות,,0,1,7,14303,9357,9009,1377,298,4946,1250,89,0,590,258,201,0,54.9,18.6
2024,4,1064.798,2,2,,יהודים,יהודי,חילוני,,4,5,4,,2,3,1,10,52345,52345,13264,1355,215,6749,1151,1884,99,204,129,1396,81,50.9,11.8
2023,3,104.040,8,1,5,ערבים,נוצרי,דתי,,1,1,3,בבעלות,1,0,2,1,14344,12698,14282,2781,90,1646,984,0,4524,359,1269,1767,862,11.5,20.1
2023,4,903.418,5,4,1,יהודים,יהודי,אחר,כפרי,4,5,5,בבעלות,2,1,1,8,50530,41451,38237,6038,1564,8646,2994,966,397,1868,10311,5248,205,22.6,19.9
2024,4,1075.058,3,3,,יהודים,יהודי,חילוני,אחר,5,4,6,בבעלות,2,2,1,10,56950,46189,27323,2876,325,7519,2151,410,1270,1387,4497,5663,1225,27.5,11.7
2024,4,1046.489,2,0,,יהודים,יהודי,מסורתי,אחר,5,4,4,בבעלות,1,1,1,6,18893,13168,20975,5069,1889,5808,1633,107,40,4030,875,856,667,27.7,33.2
2024,4,815.777,7,2,3,יהודים,יהודי,חרדי,,1,5,6,בבעלות,1,1,1,3,28495,22482,26478,6665,1269,6102,1715,406,199,925,2839,4518,1842,23.0,30.0
2023,4,1164.744,4,2,2,יהודים,יהודי,מסורתי,,3,4,4,,2,1,1,6,28799,28781,17314,1206,0,5409,1772,0,0,391,6311,1859,366,31.2,7.0
2024,4,532.868,7,1,3,יהודים,יהודי,חרדי,עירוני גדול,1,5,4,בבעלות,1,3,1,2,19037,13907,14397,3193,894,5130,1771,0,0,444,1437,1528,0,35.6,28.4
2023,3,502.264,5,4,2,יהודים,יהודי,חילוני,,5,5,7,בבעלות,2,4,1,10,106118,79009,56804,6461,0,25918,5032,133,1886,4057,5894,7290,132,45.6,11.4
2024,4,582.561,3,1,1,ערבים,נוצרי,מסורתי,,1,2,4,בבעלות,1,0,2,3,15233,12233,11021,2585,0,3000,1677,165,0,95,1355,2144,0,27.2,23.5
2023,4,702.265,3,2,1,יהודים,יהודי,מסורתי,כפרי,3,4,4,בבעלות,1,1,1,5,22926,19010,8550,516,235,3916,1723,0,692,115,238,1086,30,45.8,8.8
2023,4,343.492,8,2,3,יהודים,יהודי,חרדי,אחר,1,4,4,בבעלות,1,1,2,2,23368,19489,24494,3299,1103,3879,2674,380,1937,921,5539,2869,1893,15.8,18.0
