מדינה,שנה,סיבת מוות,מגדר,פטירות ל-100 אלף (מתוקנן גיל)
אוסטריה,2000,גידולים,גברים,341
אוסטריה,2001,גידולים,גברים,334.9
אוסטריה,2002,גידולים,גברים,334.7
אוסטריה,2003,גידולים,גברים,340.3
אוסטריה,2004,גידולים,גברים,333.4
אוסטריה,2005,גידולים,גברים,323.5
אוסטריה,2006,גידולים,גברים,319.4
אוסטריה,2007,גידולים,גברים,305.2
אוסטריה,2008,גידולים,גברים,318
אוסטריה,2009,גידולים,גברים,306.9
אוסטריה,2010,גידולים,גברים,298.5
אוסטריה,2011,גידולים,גברים,296.8
אוסטריה,2012,גידולים,גברים,291.3
אוסטריה,2013,גידולים,גברים,288.4
אוסטריה,2014,גידולים,גברים,279.8
אוסטריה,2015,גידולים,גברים,274.9
אוסטריה,2016,גידולים,גברים,265.5
אוסטריה,2017,גידולים,גברים,265.3
אוסטריה,2018,גידולים,גברים,262.4
אוסטריה,2019,גידולים,גברים,255
אוסטריה,2020,גידולים,גברים,257
אוסטריה,2021,גידולים,גברים,249.9
אוסטריה,2022,גידולים,גברים,244.6
אוסטריה,2023,גידולים,גברים,240.6
אוסטריה,2024,גידולים,גברים,242.4
אוסטריה,2000,גידולים,נשים,204.1
אוסטריה,2001,גידולים,נשים,196.9
אוסטריה,2002,גידולים,נשים,193.8
אוסטריה,2003,גידולים,נשים,198.8
אוסטריה,2004,גידולים,נשים,198.1
אוסטריה,2005,גידולים,נשים,193.5
אוסטריה,2006,גידולים,נשים,186.6
אוסטריה,2007,גידולים,נשים,184.5
אוסטריה,2008,גידולים,נשים,187.3
אוסטריה,2009,גידולים,נשים,183.4
אוסטריה,2010,גידולים,נשים,183
אוסטריה,2011,גידולים,נשים,183.3
אוסטריה,2012,גידולים,נשים,185.6
אוסטריה,2013,גידולים,נשים,177
אוסטריה,2014,גידולים,נשים,181.2
אוסטריה,2015,גידולים,נשים,173.6
אוסטריה,2016,גידולים,נשים,172.6
אוסטריה,2017,גידולים,נשים,167.7
אוסטריה,2018,גידולים,נשים,168.4
אוסטריה,2019,גידולים,נשים,167.7
אוסטריה,2020,גידולים,נשים,166.1
אוסטריה,2021,גידולים,נשים,162.7
אוסטריה,2022,גידולים,נשים,162.5
אוסטריה,2023,גידולים,נשים,156.1
אוסטריה,2024,גידולים,נשים,162.2
אוסטריה,2000,גידולים,סך הכול,254.1
אוסטריה,2001,גידולים,סך הכול,247.5
אוסטריה,2002,גידולים,סך הכול,246.1
אוסטריה,2003,גידולים,סך הכול,251
אוסטריה,2004,גידולים,סך הכול,248.9
אוסטריה,2005,גידולים,סך הכול,242.4
אוסטריה,2006,גידולים,סך הכול,237.1
אוסטריה,2007,גידולים,סך הכול,231.4
אוסטריה,2008,גידולים,סך הכול,237.8
אוסטריה,2009,גידולים,סך הכול,231.9
אוסטריה,2010,גידולים,סך הכול,228.4
אוסטריה,2011,גידולים,סך הכול,228.1
אוסטריה,2012,גידולים,סך הכול,227.6
אוסטריה,2013,גידולים,סך הכול,221.4
אוסטריה,2014,גידולים,סך הכול,221.1
אוסטריה,2015,גידולים,סך הכול,215.2
אוסטריה,2016,גידולים,סך הכול,210.9
אוסטריה,2017,גידולים,סך הכול,208
אוסטריה,2018,גידולים,סך הכול,207.8
אוסטריה,2019,גידולים,סך הכול,203.7
אוסטריה,2020,גידולים,סך הכול,204.2
אוסטריה,2021,גידולים,סך הכול,199.3
אוסטריה,2022,גידולים,סך הכול,197.1
אוסטריה,2023,גידולים,סך הכול,191.7
אוסטריה,2024,גידולים,סך הכול,196.2
אוסטריה,2000,מחלות זיהומיות,גברים,5.2
אוסטריה,2001,מחלות זיהומיות,גברים,4.9
אוסטריה,2002,מחלות זיהומיות,גברים,8.3
אוסטריה,2003,מחלות זיהומיות,גברים,8.7
אוסטריה,2004,מחלות זיהומיות,גברים,7.3
אוסטריה,2005,מחלות זיהומיות,גברים,9.9
אוסטריה,2006,מחלות זיהומיות,גברים,7.7
אוסטריה,2007,מחלות זיהומיות,גברים,7.7
אוסטריה,2008,מחלות זיהומיות,גברים,8.6
אוסטריה,2009,מחלות זיהומיות,גברים,9.4
אוסטריה,2010,מחלות זיהומיות,גברים,8.1
אוסטריה,2011,מחלות זיהומיות,גברים,8.6
אוסטריה,2012,מחלות זיהומיות,גברים,8.9
אוסטריה,2013,מחלות זיהומיות,גברים,9.6
אוסטריה,2014,מחלות זיהומיות,גברים,9.2
אוסטריה,2015,מחלות זיהומיות,גברים,10.3
אוסטריה,2016,מחלות זיהומיות,גברים,9.9
אוסטריה,2017,מחלות זיהומיות,גברים,10
אוסטריה,2018,מחלות זיהומיות,גברים,10.4
אוסטריה,2019,מחלות זיהומיות,גברים,11.2
אוסטריה,2020,מחלות זיהומיות,גברים,10
אוסטריה,2021,מחלות זיהומיות,גברים,10.6
אוסטריה,2022,מחלות זיהומיות,גברים,10.4
אוסטריה,2023,מחלות זיהומיות,גברים,11.3
אוסטריה,2024,מחלות זיהומיות,גברים,11.3
אוסטריה,2000,מחלות זיהומיות,נשים,3.1
אוסטריה,2001,מחלות זיהומיות,נשים,3
אוסטריה,2002,מחלות זיהומיות,נשים,4.6
אוסטריה,2003,מחלות זיהומיות,נשים,6
אוסטריה,2004,מחלות זיהומיות,נשים,5.6
אוסטריה,2005,מחלות זיהומיות,נשים,5.9
אוסטריה,2006,מחלות זיהומיות,נשים,5.5
אוסטריה,2007,מחלות זיהומיות,נשים,5.5
אוסטריה,2008,מחלות זיהומיות,נשים,6.3
אוסטריה,2009,מחלות זיהומיות,נשים,6.2
אוסטריה,2010,מחלות זיהומיות,נשים,6.2
אוסטריה,2011,מחלות זיהומיות,נשים,6.3
אוסטריה,2012,מחלות זיהומיות,נשים,5.7
אוסטריה,2013,מחלות זיהומיות,נשים,6.2
אוסטריה,2014,מחלות זיהומיות,נשים,5.8
אוסטריה,2015,מחלות זיהומיות,נשים,7
אוסטריה,2016,מחלות זיהומיות,נשים,7.6
אוסטריה,2017,מחלות זיהומיות,נשים,7.6
אוסטריה,2018,מחלות זיהומיות,נשים,8.4
אוסטריה,2019,מחלות זיהומיות,נשים,8.4
אוסטריה,2020,מחלות זיהומיות,נשים,7.3
אוסטריה,2021,מחלות זיהומיות,נשים,8
אוסטריה,2022,מחלות זיהומיות,נשים,6.7
אוסטריה,2023,מחלות זיהומיות,נשים,8.8
אוסטריה,2024,מחלות זיהומיות,נשים,9.4
אוסטריה,2000,מחלות זיהומיות,סך הכול,4
אוסטריה,2001,מחלות זיהומיות,סך הכול,3.8
אוסטריה,2002,מחלות זיהומיות,סך הכול,6.2
אוסטריה,2003,מחלות זיהומיות,סך הכול,7.3
אוסטריה,2004,מחלות זיהומיות,סך הכול,6.6
אוסטריה,2005,מחלות זיהומיות,סך הכול,7.8
אוסטריה,2006,מחלות זיהומיות,סך הכול,6.5
אוסטריה,2007,מחלות זיהומיות,סך הכול,6.6
אוסטריה,2008,מחלות זיהומיות,סך הכול,7.5
אוסטריה,2009,מחלות זיהומיות,סך הכול,7.6
אוסטריה,2010,מחלות זיהומיות,סך הכול,7.2
אוסטריה,2011,מחלות זיהומיות,סך הכול,7.4
אוסטריה,2012,מחלות זיהומיות,סך הכול,7.1
אוסטריה,2013,מחלות זיהומיות,סך הכול,7.8
אוסטריה,2014,מחלות זיהומיות,סך הכול,7.4
אוסטריה,2015,מחלות זיהומיות,סך הכול,8.5
אוסטריה,2016,מחלות זיהומיות,סך הכול,8.6
אוסטריה,2017,מחלות זיהומיות,סך הכול,8.7
אוסטריה,2018,מחלות זיהומיות,סך הכול,9.4
אוסטריה,2019,מחלות זיהומיות,סך הכול,9.7
אוסטריה,2020,מחלות זיהומיות,סך הכול,8.5
אוסטריה,2021,מחלות זיהומיות,סך הכול,9.2
אוסטריה,2022,מחלות זיהומיות,סך הכול,8.3
אוסטריה,2023,מחלות זיהומיות,סך הכול,10
אוסטריה,2024,מחלות זיהומיות,סך הכול,10.3
אוסטריה,2000,מחלות כלי דם במוח,גברים,131.8
אוסטריה,2001,מחלות כלי דם במוח,גברים,120.4
אוסטריה,2002,מחלות כלי דם במוח,גברים,122.6
אוסטריה,2003,מחלות כלי דם במוח,גברים,105.9
אוסטריה,2004,מחלות כלי דם במוח,גברים,81.7
אוסטריה,2005,מחלות כלי דם במוח,גברים,80
אוסטריה,2006,מחלות כלי דם במוח,גברים,77.1
אוסטריה,2007,מחלות כלי דם במוח,גברים,70.4
אוסטריה,2008,מחלות כלי דם במוח,גברים,68.6
אוסטריה,2009,מחלות כלי דם במוח,גברים,65
אוסטריה,2010,מחלות כלי דם במוח,גברים,58.1
אוסטריה,2011,מחלות כלי דם במוח,גברים,57.8
אוסטריה,2012,מחלות כלי דם במוח,גברים,58.3
אוסטריה,2013,מחלות כלי דם במוח,גברים,56.1
אוסטריה,2014,מחלות כלי דם במוח,גברים,52
אוסטריה,2015,מחלות כלי דם במוח,גברים,53.9
אוסטריה,2016,מחלות כלי דם במוח,גברים,47.7
אוסטריה,2017,מחלות כלי דם במוח,גברים,46.2
אוסטריה,2018,מחלות כלי דם במוח,גברים,44.3
אוסטריה,2019,מחלות כלי דם במוח,גברים,46.9
אוסטריה,2020,מחלות כלי דם במוח,גברים,47.5
אוסטריה,2021,מחלות כלי דם במוח,גברים,43.9
אוסטריה,2022,מחלות כלי דם במוח,גברים,41.8
אוסטריה,2023,מחלות כלי דם במוח,גברים,40.1
אוסטריה,2024,מחלות כלי דם במוח,גברים,39.5
אוסטריה,2000,מחלות כלי דם במוח,נשים,114.2
אוסטריה,2001,מחלות כלי דם במוח,נשים,102.8
אוסטריה,2002,מחלות כלי דם במוח,נשים,101.8
אוסטריה,2003,מחלות כלי דם במוח,נשים,96.2
אוסטריה,2004,מחלות כלי דם במוח,נשים,70.7
אוסטריה,2005,מחלות כלי דם במוח,נשים,65.9
אוסטריה,2006,מחלות כלי דם במוח,נשים,64.8
אוסטריה,2007,מחלות כלי דם במוח,נשים,60.3
אוסטריה,2008,מחלות כלי דם במוח,נשים,57.3
אוסטריה,2009,מחלות כלי דם במוח,נשים,53.7
אוסטריה,2010,מחלות כלי דם במוח,נשים,54
אוסטריה,2011,מחלות כלי דם במוח,נשים,48.7
אוסטריה,2012,מחלות כלי דם במוח,נשים,51.4
אוסטריה,2013,מחלות כלי דם במוח,נשים,49.9
אוסטריה,2014,מחלות כלי דם במוח,נשים,47.1
אוסטריה,2015,מחלות כלי דם במוח,נשים,48.2
אוסטריה,2016,מחלות כלי דם במוח,נשים,41.8
אוסטריה,2017,מחלות כלי דם במוח,נשים,43.5
אוסטריה,2018,מחלות כלי דם במוח,נשים,41.1
אוסטריה,2019,מחלות כלי דם במוח,נשים,41
אוסטריה,2020,מחלות כלי דם במוח,נשים,39.2
אוסטריה,2021,מחלות כלי דם במוח,נשים,38.1
אוסטריה,2022,מחלות כלי דם במוח,נשים,35.9
אוסטריה,2023,מחלות כלי דם במוח,נשים,33.3
אוסטריה,2024,מחלות כלי דם במוח,נשים,33
אוסטריה,2000,מחלות כלי דם במוח,סך הכול,121.5
אוסטריה,2001,מחלות כלי דם במוח,סך הכול,110.2
אוסטריה,2002,מחלות כלי דם במוח,סך הכול,109.6
אוסטריה,2003,מחלות כלי דם במוח,סך הכול,100.8
אוסטריה,2004,מחלות כלי דם במוח,סך הכול,75.8
אוסטריה,2005,מחלות כלי דם במוח,סך הכול,71.5
אוסטריה,2006,מחלות כלי דם במוח,סך הכול,69.4
אוסטריה,2007,מחלות כלי דם במוח,סך הכול,64.8
אוסטריה,2008,מחלות כלי דם במוח,סך הכול,62
אוסטריה,2009,מחלות כלי דם במוח,סך הכול,58.4
אוסטריה,2010,מחלות כלי דם במוח,סך הכול,56.2
אוסטריה,2011,מחלות כלי דם במוח,סך הכול,52.7
אוסטריה,2012,מחלות כלי דם במוח,סך הכול,54.7
אוסטריה,2013,מחלות כלי דם במוח,סך הכול,53.1
אוסטריה,2014,מחלות כלי דם במוח,סך הכול,49.7
אוסטריה,2015,מחלות כלי דם במוח,סך הכול,51
אוסטריה,2016,מחלות כלי דם במוח,סך הכול,44.6
אוסטריה,2017,מחלות כלי דם במוח,סך הכול,45.2
אוסטריה,2018,מחלות כלי דם במוח,סך הכול,43
אוסטריה,2019,מחלות כלי דם במוח,סך הכול,43.7
אוסטריה,2020,מחלות כלי דם במוח,סך הכול,42.9
אוסטריה,2021,מחלות כלי דם במוח,סך הכול,40.8
אוסטריה,2022,מחלות כלי דם במוח,סך הכול,38.6
אוסטריה,2023,מחלות כלי דם במוח,סך הכול,36.4
אוסטריה,2024,מחלות כלי דם במוח,סך הכול,36
אוסטריה,2000,מחלות לב איסכמיות,גברים,297.7
אוסטריה,2001,מחלות לב איסכמיות,גברים,280.6
אוסטריה,2002,מחלות לב איסכמיות,גברים,284.6
אוסטריה,2003,מחלות לב איסכמיות,גברים,268.5
אוסטריה,2004,מחלות לב איסכמיות,גברים,254.6
אוסטריה,2005,מחלות לב איסכמיות,גברים,244.7
אוסטריה,2006,מחלות לב איסכמיות,גברים,242.9
אוסטריה,2007,מחלות לב איסכמיות,גברים,235.2
אוסטריה,2008,מחלות לב איסכמיות,גברים,218.2
אוסטריה,2009,מחלות לב איסכמיות,גברים,218.5
אוסטריה,2010,מחלות לב איסכמיות,גברים,220.3
אוסטריה,2011,מחלות לב איסכמיות,גברים,207.7
אוסטריה,2012,מחלות לב איסכמיות,גברים,203.5
אוסטריה,2013,מחלות לב איסכמיות,גברים,203.4
אוסטריה,2014,מחלות לב איסכמיות,גברים,190.6
אוסטריה,2015,מחלות לב איסכמיות,גברים,193.8
אוסטריה,2016,מחלות לב איסכמיות,גברים,179.8
אוסטריה,2017,מחלות לב איסכמיות,גברים,174.7
אוסטריה,2018,מחלות לב איסכמיות,גברים,173.2
אוסטריה,2019,מחלות לב איסכמיות,גברים,165.9
אוסטריה,2020,מחלות לב איסכמיות,גברים,165.3
אוסטריה,2021,מחלות לב איסכמיות,גברים,153.8
אוסטריה,2022,מחלות לב איסכמיות,גברים,150.4
אוסטריה,2023,מחלות לב איסכמיות,גברים,143.2
אוסטריה,2024,מחלות לב איסכמיות,גברים,137.8
אוסטריה,2000,מחלות לב איסכמיות,נשים,169.7
אוסטריה,2001,מחלות לב איסכמיות,נשים,164
אוסטריה,2002,מחלות לב איסכמיות,נשים,176.5
אוסטריה,2003,מחלות לב איסכמיות,נשים,175.2
אוסטריה,2004,מחלות לב איסכמיות,נשים,164.1
אוסטריה,2005,מחלות לב איסכמיות,נשים,157.2
אוסטריה,2006,מחלות לב איסכמיות,נשים,147.9
אוסטריה,2007,מחלות לב איסכמיות,נשים,142.3
אוסטריה,2008,מחלות לב איסכמיות,נשים,133.8
אוסטריה,2009,מחלות לב איסכמיות,נשים,132.6
אוסטריה,2010,מחלות לב איסכמיות,נשים,125.7
אוסטריה,2011,מחלות לב איסכמיות,נשים,118.8
אוסטריה,2012,מחלות לב איסכמיות,נשים,124.5
אוסטריה,2013,מחלות לב איסכמיות,נשים,117
אוסטריה,2014,מחלות לב איסכמיות,נשים,110
אוסטריה,2015,מחלות לב איסכמיות,נשים,113.3
אוסטריה,2016,מחלות לב איסכמיות,נשים,104.8
אוסטריה,2017,מחלות לב איסכמיות,נשים,102.7
אוסטריה,2018,מחלות לב איסכמיות,נשים,97.6
אוסטריה,2019,מחלות לב איסכמיות,נשים,91.4
אוסטריה,2020,מחלות לב איסכמיות,נשים,89.9
אוסטריה,2021,מחלות לב איסכמיות,נשים,81.3
אוסטריה,2022,מחלות לב איסכמיות,נשים,80.9
אוסטריה,2023,מחלות לב איסכמיות,נשים,73
אוסטריה,2024,מחלות לב איסכמיות,נשים,70.2
אוסטריה,2000,מחלות לב איסכמיות,סך הכול,220.2
אוסטריה,2001,מחלות לב איסכמיות,סך הכול,209.7
אוסטריה,2002,מחלות לב איסכמיות,סך הכול,218.8
אוסטריה,2003,מחלות לב איסכמיות,סך הכול,212.9
אוסטריה,2004,מחלות לב איסכמיות,סך הכול,200.1
אוסטריה,2005,מחלות לב איסכמיות,סך הכול,192.7
אוסטריה,2006,מחלות לב איסכמיות,סך הכול,185.7
אוסטריה,2007,מחלות לב איסכמיות,סך הכול,180.5
אוסטריה,2008,מחלות לב איסכמיות,סך הכול,167.7
אוסטריה,2009,מחלות לב איסכמיות,סך הכול,167.8
אוסטריה,2010,מחלות לב איסכמיות,סך הכול,163.9
אוסטריה,2011,מחלות לב איסכמיות,סך הכול,155.5
אוסטריה,2012,מחלות לב איסכמיות,סך הכול,157.4
אוסטריה,2013,מחלות לב איסכמיות,סך הכול,152.9
אוסטריה,2014,מחלות לב איסכמיות,סך הכול,143.7
אוסטריה,2015,מחלות לב איסכמיות,סך הכול,147.2
אוסטריה,2016,מחלות לב איסכמיות,סך הכול,136.4
אוסטריה,2017,מחלות לב איסכמיות,סך הכול,133.7
אוסטריה,2018,מחלות לב איסכמיות,סך הכול,130
אוסטריה,2019,מחלות לב איסכמיות,סך הכול,123.5
אוסטריה,2020,מחלות לב איסכמיות,סך הכול,122.4
אוסטריה,2021,מחלות לב איסכמיות,סך הכול,112.6
אוסטריה,2022,מחלות לב איסכמיות,סך הכול,111
אוסטריה,2023,מחלות לב איסכמיות,סך הכול,103.1
אוסטריה,2024,מחלות לב איסכמיות,סך הכול,99.4
אוסטריה,2000,מחלות מערכת הדם,גברים,657.2
אוסטריה,2001,מחלות מערכת הדם,גברים,618.5
אוסטריה,2002,מחלות מערכת הדם,גברים,591.6
אוסטריה,2003,מחלות מערכת הדם,גברים,548.6
אוסטריה,2004,מחלות מערכת הדם,גברים,511.7
אוסטריה,2005,מחלות מערכת הדם,גברים,490.7
אוסטריה,2006,מחלות מערכת הדם,גברים,477
אוסטריה,2007,מחלות מערכת הדם,גברים,463.1
אוסטריה,2008,מחלות מערכת הדם,גברים,442.3
אוסטריה,2009,מחלות מערכת הדם,גברים,440.9
אוסטריה,2010,מחלות מערכת הדם,גברים,429.9
אוסטריה,2011,מחלות מערכת הדם,גברים,410.4
אוסטריה,2012,מחלות מערכת הדם,גברים,407.4
אוסטריה,2013,מחלות מערכת הדם,גברים,405.9
אוסטריה,2014,מחלות מערכת הדם,גברים,384
אוסטריה,2015,מחלות מערכת הדם,גברים,401.8
אוסטריה,2016,מחלות מערכת הדם,גברים,370.9
אוסטריה,2017,מחלות מערכת הדם,גברים,356.9
אוסטריה,2018,מחלות מערכת הדם,גברים,353.5
אוסטריה,2019,מחלות מערכת הדם,גברים,341.9
אוסטריה,2020,מחלות מערכת הדם,גברים,341.6
אוסטריה,2021,מחלות מערכת הדם,גברים,325.2
אוסטריה,2022,מחלות מערכת הדם,גברים,318.2
אוסטריה,2023,מחלות מערכת הדם,גברים,309
אוסטריה,2024,מחלות מערכת הדם,גברים,295.9
אוסטריה,2000,מחלות מערכת הדם,נשים,474.4
אוסטריה,2001,מחלות מערכת הדם,נשים,451.1
אוסטריה,2002,מחלות מערכת הדם,נשים,436.7
אוסטריה,2003,מחלות מערכת הדם,נשים,425.6
אוסטריה,2004,מחלות מערכת הדם,נשים,388.8
אוסטריה,2005,מחלות מערכת הדם,נשים,374.5
אוסטריה,2006,מחלות מערכת הדם,נשים,354.7
אוסטריה,2007,מחלות מערכת הדם,נשים,342.8
אוסטריה,2008,מחלות מערכת הדם,נשים,326.7
אוסטריה,2009,מחלות מערכת הדם,נשים,326
אוסטריה,2010,מחלות מערכת הדם,נשים,313.8
אוסטריה,2011,מחלות מערכת הדם,נשים,295.9
אוסטריה,2012,מחלות מערכת הדם,נשים,311
אוסטריה,2013,מחלות מערכת הדם,נשים,304.5
אוסטריה,2014,מחלות מערכת הדם,נשים,289
אוסטריה,2015,מחלות מערכת הדם,נשים,305.5
אוסטריה,2016,מחלות מערכת הדם,נשים,279.2
אוסטריה,2017,מחלות מערכת הדם,נשים,278.1
אוסטריה,2018,מחלות מערכת הדם,נשים,267.5
אוסטריה,2019,מחלות מערכת הדם,נשים,257.8
אוסטריה,2020,מחלות מערכת הדם,נשים,255.4
אוסטריה,2021,מחלות מערכת הדם,נשים,245
אוסטריה,2022,מחלות מערכת הדם,נשים,234.8
אוסטריה,2023,מחלות מערכת הדם,נשים,221.9
אוסטריה,2024,מחלות מערכת הדם,נשים,222.3
אוסטריה,2000,מחלות מערכת הדם,סך הכול,547.8
אוסטריה,2001,מחלות מערכת הדם,סך הכול,518.7
אוסטריה,2002,מחלות מערכת הדם,סך הכול,498.4
אוסטריה,2003,מחלות מערכת הדם,סך הכול,477.3
אוסטריה,2004,מחלות מערכת הדם,סך הכול,440
אוסטריה,2005,מחלות מערכת הדם,סך הכול,423.8
אוסטריה,2006,מחלות מערכת הדם,סך הכול,405.3
אוסטריה,2007,מחלות מערכת הדם,סך הכול,394.2
אוסטריה,2008,מחלות מערכת הדם,סך הכול,374.9
אוסטריה,2009,מחלות מערכת הדם,סך הכול,374.8
אוסטריה,2010,מחלות מערכת הדם,סך הכול,363
אוסטריה,2011,מחלות מערכת הדם,סך הכול,345.2
אוסטריה,2012,מחלות מערכת הדם,סך הכול,353.6
אוסטריה,2013,מחלות מערכת הדם,סך הכול,349.6
אוסטריה,2014,מחלות מערכת הדם,סך הכול,331.7
אוסטריה,2015,מחלות מערכת הדם,סך הכול,348.7
אוסטריה,2016,מחלות מערכת הדם,סך הכול,320.3
אוסטריה,2017,מחלות מערכת הדם,סך הכול,314.6
אוסטריה,2018,מחלות מערכת הדם,סך הכול,306.5
אוסטריה,2019,מחלות מערכת הדם,סך הכול,296.3
אוסטריה,2020,מחלות מערכת הדם,סך הכול,294.6
אוסטריה,2021,מחלות מערכת הדם,סך הכול,281.7
אוסטריה,2022,מחלות מערכת הדם,סך הכול,272.7
אוסטריה,2023,מחלות מערכת הדם,סך הכול,260.7
אוסטריה,2024,מחלות מערכת הדם,סך הכול,255.9
אוסטריה,2000,מחלות מערכת הנשימה,גברים,81.4
אוסטריה,2001,מחלות מערכת הנשימה,גברים,79
אוסטריה,2002,מחלות מערכת הנשימה,גברים,82.6
אוסטריה,2003,מחלות מערכת הנשימה,גברים,102.2
אוסטריה,2004,מחלות מערכת הנשימה,גברים,90
אוסטריה,2005,מחלות מערכת הנשימה,גברים,88.5
אוסטריה,2006,מחלות מערכת הנשימה,גברים,80.1
אוסטריה,2007,מחלות מערכת הנשימה,גברים,80.6
אוסטריה,2008,מחלות מערכת הנשימה,גברים,69.5
אוסטריה,2009,מחלות מערכת הנשימה,גברים,68.8
אוסטריה,2010,מחלות מערכת הנשימה,גברים,66.5
אוסטריה,2011,מחלות מערכת הנשימה,גברים,63.5
אוסטריה,2012,מחלות מערכת הנשימה,גברים,60.3
אוסטריה,2013,מחלות מערכת הנשימה,גברים,58.8
אוסטריה,2014,מחלות מערכת הנשימה,גברים,55
אוסטריה,2015,מחלות מערכת הנשימה,גברים,62.5
אוסטריה,2016,מחלות מערכת הנשימה,גברים,58.4
אוסטריה,2017,מחלות מערכת הנשימה,גברים,66.4
אוסטריה,2018,מחלות מערכת הנשימה,גברים,68.7
אוסטריה,2019,מחלות מערכת הנשימה,גברים,63.8
אוסטריה,2020,מחלות מערכת הנשימה,גברים,58.4
אוסטריה,2021,מחלות מערכת הנשימה,גברים,46.9
אוסטריה,2022,מחלות מערכת הנשימה,גברים,53.5
אוסטריה,2023,מחלות מערכת הנשימה,גברים,57.5
אוסטריה,2024,מחלות מערכת הנשימה,גברים,58.2
אוסטריה,2000,מחלות מערכת הנשימה,נשים,41.7
אוסטריה,2001,מחלות מערכת הנשימה,נשים,38.6
אוסטריה,2002,מחלות מערכת הנשימה,נשים,40.1
אוסטריה,2003,מחלות מערכת הנשימה,נשים,51.7
אוסטריה,2004,מחלות מערכת הנשימה,נשים,43.1
אוסטריה,2005,מחלות מערכת הנשימה,נשים,44.3
אוסטריה,2006,מחלות מערכת הנשימה,נשים,40.7
אוסטריה,2007,מחלות מערכת הנשימה,נשים,39.5
אוסטריה,2008,מחלות מערכת הנשימה,נשים,35.3
אוסטריה,2009,מחלות מערכת הנשימה,נשים,35.7
אוסטריה,2010,מחלות מערכת הנשימה,נשים,34.4
אוסטריה,2011,מחלות מערכת הנשימה,נשים,31.7
אוסטריה,2012,מחלות מערכת הנשימה,נשים,31
אוסטריה,2013,מחלות מערכת הנשימה,נשים,30.2
אוסטריה,2014,מחלות מערכת הנשימה,נשים,27.4
אוסטריה,2015,מחלות מערכת הנשימה,נשים,33.1
אוסטריה,2016,מחלות מערכת הנשימה,נשים,32.4
אוסטריה,2017,מחלות מערכת הנשימה,נשים,40.9
אוסטריה,2018,מחלות מערכת הנשימה,נשים,42.1
אוסטריה,2019,מחלות מערכת הנשימה,נשים,39.6
אוסטריה,2020,מחלות מערכת הנשימה,נשים,34.8
אוסטריה,2021,מחלות מערכת הנשימה,נשים,29.2
אוסטריה,2022,מחלות מערכת הנשימה,נשים,34
אוסטריה,2023,מחלות מערכת הנשימה,נשים,37.9
אוסטריה,2024,מחלות מערכת הנשימה,נשים,39.2
אוסטריה,2000,מחלות מערכת הנשימה,סך הכול,55.6
אוסטריה,2001,מחלות מערכת הנשימה,סך הכול,52.3
אוסטריה,2002,מחלות מערכת הנשימה,סך הכול,54.6
אוסטריה,2003,מחלות מערכת הנשימה,סך הכול,68.9
אוסטריה,2004,מחלות מערכת הנשימה,סך הכול,59.2
אוסטריה,2005,מחלות מערכת הנשימה,סך הכול,59.6
אוסטריה,2006,מחלות מערכת הנשימה,סך הכול,54.5
אוסטריה,2007,מחלות מערכת הנשימה,סך הכול,54.3
אוסטריה,2008,מחלות מערכת הנשימה,סך הכול,47.8
אוסטריה,2009,מחלות מערכת הנשימה,סך הכול,47.6
אוסטריה,2010,מחלות מערכת הנשימה,סך הכול,46.4
אוסטריה,2011,מחלות מערכת הנשימה,סך הכול,43.7
אוסטריה,2012,מחלות מערכת הנשימה,סך הכול,42
אוסטריה,2013,מחלות מערכת הנשימה,סך הכול,41.3
אוסטריה,2014,מחלות מערכת הנשימה,סך הכול,38
אוסטריה,2015,מחלות מערכת הנשימה,סך הכול,44.7
אוסטריה,2016,מחלות מערכת הנשימה,סך הכול,42.7
אוסטריה,2017,מחלות מערכת הנשימה,סך הכול,51.2
אוסטריה,2018,מחלות מערכת הנשימה,סך הכול,52.9
אוסטריה,2019,מחלות מערכת הנשימה,סך הכול,49.4
אוסטריה,2020,מחלות מערכת הנשימה,סך הכול,44.4
אוסטריה,2021,מחלות מערכת הנשימה,סך הכול,36.6
אוסטריה,2022,מחלות מערכת הנשימה,סך הכול,42.1
אוסטריה,2023,מחלות מערכת הנשימה,סך הכול,46
אוסטריה,2024,מחלות מערכת הנשימה,סך הכול,47.1
אוסטריה,2000,נפילות,גברים,18.3
אוסטריה,2001,נפילות,גברים,18.5
אוסטריה,2002,נפילות,גברים,17.3
אוסטריה,2003,נפילות,גברים,18.2
אוסטריה,2004,נפילות,גברים,18.2
אוסטריה,2005,נפילות,גברים,20.7
אוסטריה,2006,נפילות,גברים,17
אוסטריה,2007,נפילות,גברים,14.1
אוסטריה,2008,נפילות,גברים,15.1
אוסטריה,2009,נפילות,גברים,14.5
אוסטריה,2010,נפילות,גברים,13.8
אוסטריה,2011,נפילות,גברים,13.2
אוסטריה,2012,נפילות,גברים,13.1
אוסטריה,2013,נפילות,גברים,12.7
אוסטריה,2014,נפילות,גברים,12.7
אוסטריה,2015,נפילות,גברים,12.2
אוסטריה,2016,נפילות,גברים,11.1
אוסטריה,2017,נפילות,גברים,11.4
אוסטריה,2018,נפילות,גברים,10.5
אוסטריה,2019,נפילות,גברים,11.4
אוסטריה,2020,נפילות,גברים,12.2
אוסטריה,2021,נפילות,גברים,11.1
אוסטריה,2022,נפילות,גברים,11.9
אוסטריה,2023,נפילות,גברים,12
אוסטריה,2024,נפילות,גברים,12.9
אוסטריה,2000,נפילות,נשים,9.8
אוסטריה,2001,נפילות,נשים,9.2
אוסטריה,2002,נפילות,נשים,9.5
אוסטריה,2003,נפילות,נשים,11.7
אוסטריה,2004,נפילות,נשים,9.8
אוסטריה,2005,נפילות,נשים,11.2
אוסטריה,2006,נפילות,נשים,8.3
אוסטריה,2007,נפילות,נשים,6.5
אוסטריה,2008,נפילות,נשים,6.7
אוסטריה,2009,נפילות,נשים,6.6
אוסטריה,2010,נפילות,נשים,6.7
אוסטריה,2011,נפילות,נשים,6.6
אוסטריה,2012,נפילות,נשים,6.5
אוסטריה,2013,נפילות,נשים,6.2
אוסטריה,2014,נפילות,נשים,6.5
אוסטריה,2015,נפילות,נשים,6.5
אוסטריה,2016,נפילות,נשים,6.2
אוסטריה,2017,נפילות,נשים,5.9
אוסטריה,2018,נפילות,נשים,6.5
אוסטריה,2019,נפילות,נשים,6.4
אוסטריה,2020,נפילות,נשים,6.7
אוסטריה,2021,נפילות,נשים,6.2
אוסטריה,2022,נפילות,נשים,6.3
אוסטריה,2023,נפילות,נשים,6
אוסטריה,2024,נפילות,נשים,6.6
אוסטריה,2000,נפילות,סך הכול,13.3
אוסטריה,2001,נפילות,סך הכול,13
אוסטריה,2002,נפילות,סך הכול,13
אוסטריה,2003,נפילות,סך הכול,14.8
אוסטריה,2004,נפילות,סך הכול,13.3
אוסטריה,2005,נפילות,סך הכול,15
אוסטריה,2006,נפילות,סך הכול,11.7
אוסטריה,2007,נפילות,סך הכול,9.8
אוסטריה,2008,נפילות,סך הכול,10.1
אוסטריה,2009,נפילות,סך הכול,9.8
אוסטריה,2010,נפילות,סך הכול,9.7
אוסטריה,2011,נפילות,סך הכול,9.4
אוסטריה,2012,נפילות,סך הכול,9.3
אוסטריה,2013,נפילות,סך הכול,8.9
אוסטריה,2014,נפילות,סך הכול,9.1
אוסטריה,2015,נפילות,סך הכול,8.9
אוסטריה,2016,נפילות,סך הכול,8.3
אוסטריה,2017,נפילות,סך הכול,8.3
אוסטריה,2018,נפילות,סך הכול,8.3
אוסטריה,2019,נפילות,סך הכול,8.5
אוסטריה,2020,נפילות,סך הכול,9.1
אוסטריה,2021,נפילות,סך הכול,8.2
אוסטריה,2022,נפילות,סך הכול,8.7
אוסטריה,2023,נפילות,סך הכול,8.6
אוסטריה,2024,נפילות,סך הכול,9.3
אוסטריה,2000,סוכרת,גברים,20.9
אוסטריה,2001,סוכרת,גברים,21.2
אוסטריה,2002,סוכרת,גברים,30.7
אוסטריה,2003,סוכרת,גברים,45.5
אוסטריה,2004,סוכרת,גברים,55.7
אוסטריה,2005,סוכרת,גברים,53.1
אוסטריה,2006,סוכרת,גברים,49.4
אוסטריה,2007,סוכרת,גברים,41.8
אוסטריה,2008,סוכרת,גברים,43.4
אוסטריה,2009,סוכרת,גברים,43.1
אוסטריה,2010,סוכרת,גברים,38.7
אוסטריה,2011,סוכרת,גברים,37.4
אוסטריה,2012,סוכרת,גברים,35.7
אוסטריה,2013,סוכרת,גברים,33.7
אוסטריה,2014,סוכרת,גברים,37.3
אוסטריה,2015,סוכרת,גברים,40.7
אוסטריה,2016,סוכרת,גברים,38.3
אוסטריה,2017,סוכרת,גברים,34.9
אוסטריה,2018,סוכרת,גברים,34.5
אוסטריה,2019,סוכרת,גברים,29.9
אוסטריה,2020,סוכרת,גברים,31.8
אוסטריה,2021,סוכרת,גברים,35.4
אוסטריה,2022,סוכרת,גברים,36.3
אוסטריה,2023,סוכרת,גברים,35.9
אוסטריה,2024,סוכרת,גברים,32.8
אוסטריה,2000,סוכרת,נשים,17
אוסטריה,2001,סוכרת,נשים,17.7
אוסטריה,2002,סוכרת,נשים,23
אוסטריה,2003,סוכרת,נשים,34.1
אוסטריה,2004,סוכרת,נשים,41.3
אוסטריה,2005,סוכרת,נשים,40.7
אוסטריה,2006,סוכרת,נשים,39.3
אוסטריה,2007,סוכרת,נשים,32.8
אוסטריה,2008,סוכרת,נשים,35.3
אוסטריה,2009,סוכרת,נשים,32.2
אוסטריה,2010,סוכרת,נשים,28.2
אוסטריה,2011,סוכרת,נשים,26.5
אוסטריה,2012,סוכרת,נשים,27.2
אוסטריה,2013,סוכרת,נשים,26.1
אוסטריה,2014,סוכרת,נשים,27
אוסטריה,2015,סוכרת,נשים,29.3
אוסטריה,2016,סוכרת,נשים,27.4
אוסטריה,2017,סוכרת,נשים,26.5
אוסטריה,2018,סוכרת,נשים,24.9
אוסטריה,2019,סוכרת,נשים,20.6
אוסטריה,2020,סוכרת,נשים,21.2
אוסטריה,2021,סוכרת,נשים,24.8
אוסטריה,2022,סוכרת,נשים,24.8
אוסטריה,2023,סוכרת,נשים,22.3
אוסטריה,2024,סוכרת,נשים,23.1
אוסטריה,2000,סוכרת,סך הכול,18.7
אוסטריה,2001,סוכרת,סך הכול,19.3
אוסטריה,2002,סוכרת,סך הכול,26.4
אוסטריה,2003,סוכרת,סך הכול,39.4
אוסטריה,2004,סוכרת,סך הכול,48.1
אוסטריה,2005,סוכרת,סך הכול,46.3
אוסטריה,2006,סוכרת,סך הכול,44.4
אוסטריה,2007,סוכרת,סך הכול,36.9
אוסטריה,2008,סוכרת,סך הכול,39.2
אוסטריה,2009,סוכרת,סך הכול,37.2
אוסטריה,2010,סוכרת,סך הכול,33.1
אוסטריה,2011,סוכרת,סך הכול,31.3
אוסטריה,2012,סוכרת,סך הכול,31.3
אוסטריה,2013,סוכרת,סך הכול,29.7
אוסטריה,2014,סוכרת,סך הכול,31.7
אוסטריה,2015,סוכרת,סך הכול,34.4
אוסטריה,2016,סוכרת,סך הכול,32.3
אוסטריה,2017,סוכרת,סך הכול,30.4
אוסטריה,2018,סוכרת,סך הכול,29.2
אוסטריה,2019,סוכרת,סך הכול,24.7
אוסטריה,2020,סוכרת,סך הכול,25.9
אוסטריה,2021,סוכרת,סך הכול,29.6
אוסטריה,2022,סוכרת,סך הכול,30.1
אוסטריה,2023,סוכרת,סך הכול,28.4
אוסטריה,2024,סוכרת,סך הכול,27.5
אוסטריה,2020,קורונה,גברים,78.1
אוסטריה,2021,קורונה,גברים,94.7
אוסטריה,2022,קורונה,גברים,70.4
אוסטריה,2023,קורונה,גברים,30.6
אוסטריה,2024,קורונה,גברים,14.1
אוסטריה,2020,קורונה,נשים,44.9
אוסטריה,2021,קורונה,נשים,53.9
אוסטריה,2022,קורונה,נשים,42.8
אוסטריה,2023,קורונה,נשים,17.5
אוסטריה,2024,קורונה,נשים,7.5
אוסטריה,2020,קורונה,סך הכול,58.7
אוסטריה,2021,קורונה,סך הכול,71.4
אוסטריה,2022,קורונה,סך הכול,54.1
אוסטריה,2023,קורונה,סך הכול,22.7
אוסטריה,2024,קורונה,סך הכול,10.1
אוסטריה,2000,שפעת,גברים,2.1
אוסטריה,2001,שפעת,גברים,0.9
אוסטריה,2002,שפעת,גברים,0.2
אוסטריה,2003,שפעת,גברים,0.3
אוסטריה,2004,שפעת,גברים,0
אוסטריה,2005,שפעת,גברים,0.5
אוסטריה,2006,שפעת,גברים,0.1
אוסטריה,2007,שפעת,גברים,0
אוסטריה,2009,שפעת,גברים,0.2
אוסטריה,2010,שפעת,גברים,0
אוסטריה,2011,שפעת,גברים,0.2
אוסטריה,2012,שפעת,גברים,0.4
אוסטריה,2013,שפעת,גברים,0.5
אוסטריה,2014,שפעת,גברים,0.1
אוסטריה,2015,שפעת,גברים,0.9
אוסטריה,2016,שפעת,גברים,0.5
אוסטריה,2017,שפעת,גברים,1.2
אוסטריה,2018,שפעת,גברים,4.3
אוסטריה,2019,שפעת,גברים,1.9
אוסטריה,2020,שפעת,גברים,1.3
אוסטריה,2021,שפעת,גברים,0
אוסטריה,2022,שפעת,גברים,1
אוסטריה,2023,שפעת,גברים,2.1
אוסטריה,2024,שפעת,גברים,2.4
אוסטריה,2000,שפעת,נשים,1.9
אוסטריה,2001,שפעת,נשים,0.7
אוסטריה,2002,שפעת,נשים,0.3
אוסטריה,2003,שפעת,נשים,0.2
אוסטריה,2004,שפעת,נשים,0.1
אוסטריה,2005,שפעת,נשים,0.3
אוסטריה,2006,שפעת,נשים,0.1
אוסטריה,2007,שפעת,נשים,0.1
אוסטריה,2008,שפעת,נשים,0
אוסטריה,2009,שפעת,נשים,0.3
אוסטריה,2011,שפעת,נשים,0.1
אוסטריה,2012,שפעת,נשים,0.2
אוסטריה,2013,שפעת,נשים,0.3
אוסטריה,2014,שפעת,נשים,0.1
אוסטריה,2015,שפעת,נשים,0.4
אוסטריה,2016,שפעת,נשים,0.3
אוסטריה,2017,שפעת,נשים,1
אוסטריה,2018,שפעת,נשים,3.2
אוסטריה,2019,שפעת,נשים,0.9
אוסטריה,2020,שפעת,נשים,1
אוסטריה,2021,שפעת,נשים,0
אוסטריה,2022,שפעת,נשים,0.8
אוסטריה,2023,שפעת,נשים,1.1
אוסטריה,2024,שפעת,נשים,1.5
אוסטריה,2000,שפעת,סך הכול,2
אוסטריה,2001,שפעת,סך הכול,0.8
אוסטריה,2002,שפעת,סך הכול,0.2
אוסטריה,2003,שפעת,סך הכול,0.3
אוסטריה,2004,שפעת,סך הכול,0.1
אוסטריה,2005,שפעת,סך הכול,0.4
אוסטריה,2006,שפעת,סך הכול,0.1
אוסטריה,2007,שפעת,סך הכול,0.1
אוסטריה,2008,שפעת,סך הכול,0
אוסטריה,2009,שפעת,סך הכול,0.3
אוסטריה,2010,שפעת,סך הכול,0
אוסטריה,2011,שפעת,סך הכול,0.1
אוסטריה,2012,שפעת,סך הכול,0.3
אוסטריה,2013,שפעת,סך הכול,0.4
אוסטריה,2014,שפעת,סך הכול,0.1
אוסטריה,2015,שפעת,סך הכול,0.6
אוסטריה,2016,שפעת,סך הכול,0.4
אוסטריה,2017,שפעת,סך הכול,1.1
אוסטריה,2018,שפעת,סך הכול,3.7
אוסטריה,2019,שפעת,סך הכול,1.3
אוסטריה,2020,שפעת,סך הכול,1.2
אוסטריה,2021,שפעת,סך הכול,0
אוסטריה,2022,שפעת,סך הכול,0.9
אוסטריה,2023,שפעת,סך הכול,1.5
אוסטריה,2024,שפעת,סך הכול,1.8
אוסטריה,2000,תאונות דרכים,גברים,18.6
אוסטריה,2001,תאונות דרכים,גברים,17.9
אוסטריה,2002,תאונות דרכים,גברים,18.4
אוסטריה,2003,תאונות דרכים,גברים,18.2
אוסטריה,2004,תאונות דרכים,גברים,17.3
אוסטריה,2005,תאונות דרכים,גברים,15.4
אוסטריה,2006,תאונות דרכים,גברים,13.6
אוסטריה,2007,תאונות דרכים,גברים,13.4
אוסטריה,2008,תאונות דרכים,גברים,12.6
אוסטריה,2009,תאונות דרכים,גברים,12.2
אוסטריה,2010,תאונות דרכים,גברים,10.7
אוסטריה,2011,תאונות דרכים,גברים,9.7
אוסטריה,2012,תאונות דרכים,גברים,10.2
אוסטריה,2013,תאונות דרכים,גברים,8.6
אוסטריה,2014,תאונות דרכים,גברים,8
אוסטריה,2015,תאונות דרכים,גברים,8.5
אוסטריה,2016,תאונות דרכים,גברים,7.3
אוסטריה,2017,תאונות דרכים,גברים,7.2
אוסטריה,2018,תאונות דרכים,גברים,7
אוסטריה,2019,תאונות דרכים,גברים,7.4
אוסטריה,2020,תאונות דרכים,גברים,6.2
אוסטריה,2021,תאונות דרכים,גברים,6.6
אוסטריה,2022,תאונות דרכים,גברים,5.7
אוסטריה,2023,תאונות דרכים,גברים,6.9
אוסטריה,2024,תאונות דרכים,גברים,6.2
אוסטריה,2000,תאונות דרכים,נשים,5.4
אוסטריה,2001,תאונות דרכים,נשים,5.7
אוסטריה,2002,תאונות דרכים,נשים,5.9
אוסטריה,2003,תאונות דרכים,נשים,6.1
אוסטריה,2004,תאונות דרכים,נשים,4.7
אוסטריה,2005,תאונות דרכים,נשים,4.4
אוסטריה,2006,תאונות דרכים,נשים,4.3
אוסטריה,2007,תאונות דרכים,נשים,3.9
אוסטריה,2008,תאונות דרכים,נשים,3.8
אוסטריה,2009,תאונות דרכים,נשים,3.2
אוסטריה,2010,תאונות דרכים,נשים,3.1
אוסטריה,2011,תאונות דרכים,נשים,3.2
אוסטריה,2012,תאונות דרכים,נשים,3
אוסטריה,2013,תאונות דרכים,נשים,2.2
אוסטריה,2014,תאונות דרכים,נשים,2.4
אוסטריה,2015,תאונות דרכים,נשים,2.5
אוסטריה,2016,תאונות דרכים,נשים,2.5
אוסטריה,2017,תאונות דרכים,נשים,2.1
אוסטריה,2018,תאונות דרכים,נשים,1.9
אוסטריה,2019,תאונות דרכים,נשים,2
אוסטריה,2020,תאונות דרכים,נשים,1.7
אוסטריה,2021,תאונות דרכים,נשים,1.7
אוסטריה,2022,תאונות דרכים,נשים,2
אוסטריה,2023,תאונות דרכים,נשים,2.2
אוסטריה,2024,תאונות דרכים,נשים,1.5
אוסטריה,2000,תאונות דרכים,סך הכול,11.6
אוסטריה,2001,תאונות דרכים,סך הכול,11.5
אוסטריה,2002,תאונות דרכים,סך הכול,11.7
אוסטריה,2003,תאונות דרכים,סך הכול,11.7
אוסטריה,2004,תאונות דרכים,סך הכול,10.6
אוסטריה,2005,תאונות דרכים,סך הכול,9.5
אוסטריה,2006,תאונות דרכים,סך הכול,8.8
אוסטריה,2007,תאונות דרכים,סך הכול,8.4
אוסטריה,2008,תאונות דרכים,סך הכול,8
אוסטריה,2009,תאונות דרכים,סך הכול,7.5
אוסטריה,2010,תאונות דרכים,סך הכול,6.7
אוסטריה,2011,תאונות דרכים,סך הכול,6.3
אוסטריה,2012,תאונות דרכים,סך הכול,6.4
אוסטריה,2013,תאונות דרכים,סך הכול,5.3
אוסטריה,2014,תאונות דרכים,סך הכול,5.1
אוסטריה,2015,תאונות דרכים,סך הכול,5.4
אוסטריה,2016,תאונות דרכים,סך הכול,4.8
אוסטריה,2017,תאונות דרכים,סך הכול,4.6
אוסטריה,2018,תאונות דרכים,סך הכול,4.3
אוסטריה,2019,תאונות דרכים,סך הכול,4.6
אוסטריה,2020,תאונות דרכים,סך הכול,3.9
אוסטריה,2021,תאונות דרכים,סך הכול,4.1
אוסטריה,2022,תאונות דרכים,סך הכול,3.8
אוסטריה,2023,תאונות דרכים,סך הכול,4.5
אוסטריה,2024,תאונות דרכים,סך הכול,3.8
אוסטריה,2000,תקיפה,גברים,0.7
אוסטריה,2001,תקיפה,גברים,0.8
אוסטריה,2002,תקיפה,גברים,0.8
אוסטריה,2003,תקיפה,גברים,0.7
אוסטריה,2004,תקיפה,גברים,0.7
אוסטריה,2005,תקיפה,גברים,0.9
אוסטריה,2006,תקיפה,גברים,0.9
אוסטריה,2007,תקיפה,גברים,0.6
אוסטריה,2008,תקיפה,גברים,0.6
אוסטריה,2009,תקיפה,גברים,0.6
אוסטריה,2010,תקיפה,גברים,0.4
אוסטריה,2011,תקיפה,גברים,0.6
אוסטריה,2012,תקיפה,גברים,0.4
אוסטריה,2013,תקיפה,גברים,0.4
אוסטריה,2014,תקיפה,גברים,0.5
אוסטריה,2015,תקיפה,גברים,0.5
אוסטריה,2016,תקיפה,גברים,0.4
אוסטריה,2017,תקיפה,גברים,0.4
אוסטריה,2018,תקיפה,גברים,0.5
אוסטריה,2019,תקיפה,גברים,0.5
אוסטריה,2020,תקיפה,גברים,0.4
אוסטריה,2021,תקיפה,גברים,0.1
אוסטריה,2022,תקיפה,גברים,0.3
אוסטריה,2023,תקיפה,גברים,0.6
אוסטריה,2024,תקיפה,גברים,0.5
אוסטריה,2000,תקיפה,נשים,1.1
אוסטריה,2001,תקיפה,נשים,1.1
אוסטריה,2002,תקיפה,נשים,1
אוסטריה,2003,תקיפה,נשים,0.5
אוסטריה,2004,תקיפה,נשים,0.8
אוסטריה,2005,תקיפה,נשים,0.7
אוסטריה,2006,תקיפה,נשים,0.8
אוסטריה,2007,תקיפה,נשים,0.6
אוסטריה,2008,תקיפה,נשים,0.6
אוסטריה,2009,תקיפה,נשים,0.7
אוסטריה,2010,תקיפה,נשים,0.6
אוסטריה,2011,תקיפה,נשים,0.4
אוסטריה,2012,תקיפה,נשים,0.4
אוסטריה,2013,תקיפה,נשים,0.4
אוסטריה,2014,תקיפה,נשים,0.4
אוסטריה,2015,תקיפה,נשים,0.7
אוסטריה,2016,תקיפה,נשים,0.5
אוסטריה,2017,תקיפה,נשים,0.6
אוסטריה,2018,תקיפה,נשים,0.6
אוסטריה,2019,תקיפה,נשים,0.5
אוסטריה,2020,תקיפה,נשים,0.5
אוסטריה,2021,תקיפה,נשים,0.6
אוסטריה,2022,תקיפה,נשים,0.4
אוסטריה,2023,תקיפה,נשים,0.6
אוסטריה,2024,תקיפה,נשים,0.5
אוסטריה,2000,תקיפה,סך הכול,0.9
אוסטריה,2001,תקיפה,סך הכול,1
אוסטריה,2002,תקיפה,סך הכול,0.9
אוסטריה,2003,תקיפה,סך הכול,0.6
אוסטריה,2004,תקיפה,סך הכול,0.8
אוסטריה,2005,תקיפה,סך הכול,0.8
אוסטריה,2006,תקיפה,סך הכול,0.8
אוסטריה,2007,תקיפה,סך הכול,0.6
אוסטריה,2008,תקיפה,סך הכול,0.6
אוסטריה,2009,תקיפה,סך הכול,0.7
אוסטריה,2010,תקיפה,סך הכול,0.5
אוסטריה,2011,תקיפה,סך הכול,0.5
אוסטריה,2012,תקיפה,סך הכול,0.4
אוסטריה,2013,תקיפה,סך הכול,0.4
אוסטריה,2014,תקיפה,סך הכול,0.4
אוסטריה,2015,תקיפה,סך הכול,0.6
אוסטריה,2016,תקיפה,סך הכול,0.5
אוסטריה,2017,תקיפה,סך הכול,0.5
אוסטריה,2018,תקיפה,סך הכול,0.6
אוסטריה,2019,תקיפה,סך הכול,0.5
אוסטריה,2020,תקיפה,סך הכול,0.4
אוסטריה,2021,תקיפה,סך הכול,0.4
אוסטריה,2022,תקיפה,סך הכול,0.4
אוסטריה,2023,תקיפה,סך הכול,0.6
אוסטריה,2024,תקיפה,סך הכול,0.5
איטליה,2000,גידולים,גברים,371.2
איטליה,2001,גידולים,גברים,373.2
איטליה,2002,גידולים,גברים,359.9
איטליה,2003,גידולים,גברים,363.7
איטליה,2004,גידולים,גברים,355.8
איטליה,2005,גידולים,גברים,347.4
איטליה,2006,גידולים,גברים,342.3
איטליה,2007,גידולים,גברים,337.5
איטליה,2008,גידולים,גברים,331.6
איטליה,2009,גידולים,גברים,326.9
איטליה,2010,גידולים,גברים,320.9
איטליה,2011,גידולים,גברים,319.7
איטליה,2012,גידולים,גברים,315.6
איטליה,2013,גידולים,גברים,304.3
איטליה,2014,גידולים,גברים,298
איטליה,2015,גידולים,גברים,292.6
איטליה,2016,גידולים,גברים,288.7
איטליה,2017,גידולים,גברים,283.5
איטליה,2018,גידולים,גברים,279.9
איטליה,2019,גידולים,גברים,269.5
איטליה,2020,גידולים,גברים,265
איטליה,2021,גידולים,גברים,255.7
איטליה,2022,גידולים,גברים,249.2
איטליה,2023,גידולים,גברים,249.2
איטליה,2000,גידולים,נשים,194.1
איטליה,2001,גידולים,נשים,195.1
איטליה,2002,גידולים,נשים,188.5
איטליה,2003,גידולים,נשים,188.8
איטליה,2004,גידולים,נשים,187.3
איטליה,2005,גידולים,נשים,185
איטליה,2006,גידולים,נשים,180.8
איטליה,2007,גידולים,נשים,182
איטליה,2008,גידולים,נשים,180.2
איטליה,2009,גידולים,נשים,179.8
איטליה,2010,גידולים,נשים,176.6
איטליה,2011,גידולים,נשים,177.9
איטליה,2012,גידולים,נשים,176.8
איטליה,2013,גידולים,נשים,172.5
איטליה,2014,גידולים,נשים,169.9
איטליה,2015,גידולים,נשים,171
איטליה,2016,גידולים,נשים,168.8
איטליה,2017,גידולים,נשים,168.1
איטליה,2018,גידולים,נשים,168.1
איטליה,2019,גידולים,נשים,164
איטליה,2020,גידולים,נשים,163.9
איטליה,2021,גידולים,נשים,161.5
איטליה,2022,גידולים,נשים,157.9
איטליה,2023,גידולים,נשים,158.5
איטליה,2000,גידולים,סך הכול,265.5
איטליה,2001,גידולים,סך הכול,267.2
איטליה,2002,גידולים,סך הכול,257.4
איטליה,2003,גידולים,סך הכול,258.7
איטליה,2004,גידולים,סך הכול,255
איטליה,2005,גידולים,סך הכול,250.3
איטליה,2006,גידולים,סך הכול,245.7
איטליה,2007,גידולים,סך הכול,244.6
איטליה,2008,גידולים,סך הכול,241.2
איטליה,2009,גידולים,סך הכול,239.2
איטליה,2010,גידולים,סך הכול,235
איטליה,2011,גידולים,סך הכול,235.6
איטליה,2012,גידולים,סך הכול,233.4
איטליה,2013,גידולים,סך הכול,226.3
איטליה,2014,גידולים,סך הכול,222.6
איטליה,2015,גידולים,סך הכול,221.1
איטליה,2016,גידולים,סך הכול,218.5
איטליה,2017,גידולים,סך הכול,215.9
איטליה,2018,גידולים,סך הכול,214.6
איטליה,2019,גידולים,סך הכול,208.2
איטליה,2020,גידולים,סך הכול,206.2
איטליה,2021,גידולים,סך הכול,200.8
איטליה,2022,גידולים,סך הכול,196.3
איטליה,2023,גידולים,סך הכול,196.8
איטליה,2000,מחלות זיהומיות,גברים,9.8
איטליה,2001,מחלות זיהומיות,גברים,9.9
איטליה,2002,מחלות זיהומיות,גברים,10.7
איטליה,2003,מחלות זיהומיות,גברים,14.5
איטליה,2004,מחלות זיהומיות,גברים,13.1
איטליה,2005,מחלות זיהומיות,גברים,13.5
איטליה,2006,מחלות זיהומיות,גברים,13.7
איטליה,2007,מחלות זיהומיות,גברים,14.7
איטליה,2008,מחלות זיהומיות,גברים,14.9
איטליה,2009,מחלות זיהומיות,גברים,15.5
איטליה,2010,מחלות זיהומיות,גברים,15.7
איטליה,2011,מחלות זיהומיות,גברים,17.6
איטליה,2012,מחלות זיהומיות,גברים,19.8
איטליה,2013,מחלות זיהומיות,גברים,19.4
איטליה,2014,מחלות זיהומיות,גברים,19.5
איטליה,2015,מחלות זיהומיות,גברים,22.1
איטליה,2016,מחלות זיהומיות,גברים,17.3
איטליה,2017,מחלות זיהומיות,גברים,17.8
איטליה,2018,מחלות זיהומיות,גברים,17.8
איטליה,2019,מחלות זיהומיות,גברים,18
איטליה,2020,מחלות זיהומיות,גברים,17.5
איטליה,2021,מחלות זיהומיות,גברים,18.4
איטליה,2022,מחלות זיהומיות,גברים,20.3
איטליה,2023,מחלות זיהומיות,גברים,21
איטליה,2000,מחלות זיהומיות,נשים,5.7
איטליה,2001,מחלות זיהומיות,נשים,5.7
איטליה,2002,מחלות זיהומיות,נשים,6.3
איטליה,2003,מחלות זיהומיות,נשים,9
איטליה,2004,מחלות זיהומיות,נשים,7.9
איטליה,2005,מחלות זיהומיות,נשים,8.4
איטליה,2006,מחלות זיהומיות,נשים,8.3
איטליה,2007,מחלות זיהומיות,נשים,8.8
איטליה,2008,מחלות זיהומיות,נשים,9.2
איטליה,2009,מחלות זיהומיות,נשים,9.7
איטליה,2010,מחלות זיהומיות,נשים,10.4
איטליה,2011,מחלות זיהומיות,נשים,12.1
איטליה,2012,מחלות זיהומיות,נשים,13.1
איטליה,2013,מחלות זיהומיות,נשים,13.1
איטליה,2014,מחלות זיהומיות,נשים,13.3
איטליה,2015,מחלות זיהומיות,נשים,15.8
איטליה,2016,מחלות זיהומיות,נשים,12.7
איטליה,2017,מחלות זיהומיות,נשים,14
איטליה,2018,מחלות זיהומיות,נשים,13.4
איטליה,2019,מחלות זיהומיות,נשים,13.9
איטליה,2020,מחלות זיהומיות,נשים,12.7
איטליה,2021,מחלות זיהומיות,נשים,13.3
איטליה,2022,מחלות זיהומיות,נשים,15.1
איטליה,2023,מחלות זיהומיות,נשים,16.1
איטליה,2000,מחלות זיהומיות,סך הכול,7.6
איטליה,2001,מחלות זיהומיות,סך הכול,7.6
איטליה,2002,מחלות זיהומיות,סך הכול,8.3
איטליה,2003,מחלות זיהומיות,סך הכול,11.6
איטליה,2004,מחלות זיהומיות,סך הכול,10.2
איטליה,2005,מחלות זיהומיות,סך הכול,10.7
איטליה,2006,מחלות זיהומיות,סך הכול,10.8
איטליה,2007,מחלות זיהומיות,סך הכול,11.4
איטליה,2008,מחלות זיהומיות,סך הכול,11.7
איטליה,2009,מחלות זיהומיות,סך הכול,12.3
איטליה,2010,מחלות זיהומיות,סך הכול,12.7
איטליה,2011,מחלות זיהומיות,סך הכול,14.5
איטליה,2012,מחלות זיהומיות,סך הכול,16.1
איטליה,2013,מחלות זיהומיות,סך הכול,15.9
איטליה,2014,מחלות זיהומיות,סך הכול,15.9
איטליה,2015,מחלות זיהומיות,סך הכול,18.6
איטליה,2016,מחלות זיהומיות,סך הכול,14.7
איטליה,2017,מחלות זיהומיות,סך הכול,15.7
איטליה,2018,מחלות זיהומיות,סך הכול,15.4
איטליה,2019,מחלות זיהומיות,סך הכול,15.7
איטליה,2020,מחלות זיהומיות,סך הכול,14.8
איטליה,2021,מחלות זיהומיות,סך הכול,15.6
איטליה,2022,מחלות זיהומיות,סך הכול,17.4
איטליה,2023,מחלות זיהומיות,סך הכול,18.3
איטליה,2000,מחלות כלי דם במוח,גברים,129.1
איטליה,2001,מחלות כלי דם במוח,גברים,120.5
איטליה,2002,מחלות כלי דם במוח,גברים,118.8
איטליה,2003,מחלות כלי דם במוח,גברים,121
איטליה,2004,מחלות כלי דם במוח,גברים,105.8
איטליה,2005,מחלות כלי דם במוח,גברים,107.5
איטליה,2006,מחלות כלי דם במוח,גברים,97.8
איטליה,2007,מחלות כלי דם במוח,גברים,93.8
איטליה,2008,מחלות כלי דם במוח,גברים,94.5
איטליה,2009,מחלות כלי דם במוח,גברים,89.9
איטליה,2010,מחלות כלי דם במוח,גברים,83.8
איטליה,2011,מחלות כלי דם במוח,גברים,82.2
איטליה,2012,מחלות כלי דם במוח,גברים,79.8
איטליה,2013,מחלות כלי דם במוח,גברים,74.4
איטליה,2014,מחלות כלי דם במוח,גברים,70.2
איטליה,2015,מחלות כלי דם במוח,גברים,73.5
איטליה,2016,מחלות כלי דם במוח,גברים,65.9
איטליה,2017,מחלות כלי דם במוח,גברים,67.9
איטליה,2018,מחלות כלי דם במוח,גברים,62.1
איטליה,2019,מחלות כלי דם במוח,גברים,59.7
איטליה,2020,מחלות כלי דם במוח,גברים,62.2
איטליה,2021,מחלות כלי דם במוח,גברים,57.6
איטליה,2022,מחלות כלי דם במוח,גברים,57.1
איטליה,2023,מחלות כלי דם במוח,גברים,52.8
איטליה,2000,מחלות כלי דם במוח,נשים,105.6
איטליה,2001,מחלות כלי דם במוח,נשים,98.9
איטליה,2002,מחלות כלי דם במוח,נשים,96.5
איטליה,2003,מחלות כלי דם במוח,נשים,100.8
איטליה,2004,מחלות כלי דם במוח,נשים,88.5
איטליה,2005,מחלות כלי דם במוח,נשים,89.5
איטליה,2006,מחלות כלי דם במוח,נשים,81.6
איטליה,2007,מחלות כלי דם במוח,נשים,79.7
איטליה,2008,מחלות כלי דם במוח,נשים,78.6
איטליה,2009,מחלות כלי דם במוח,נשים,76
איטליה,2010,מחלות כלי דם במוח,נשים,70.4
איטליה,2011,מחלות כלי דם במוח,נשים,69.6
איטליה,2012,מחלות כלי דם במוח,נשים,68.8
איטליה,2013,מחלות כלי דם במוח,נשים,63.1
איטליה,2014,מחלות כלי דם במוח,נשים,60.5
איטליה,2015,מחלות כלי דם במוח,נשים,63.7
איטליה,2016,מחלות כלי דם במוח,נשים,57.6
איטליה,2017,מחלות כלי דם במוח,נשים,59.8
איטליה,2018,מחלות כלי דם במוח,נשים,54.4
איטליה,2019,מחלות כלי דם במוח,נשים,52.4
איטליה,2020,מחלות כלי דם במוח,נשים,55.2
איטליה,2021,מחלות כלי דם במוח,נשים,51.1
איטליה,2022,מחלות כלי דם במוח,נשים,50.5
איטליה,2023,מחלות כלי דם במוח,נשים,46.4
איטליה,2000,מחלות כלי דם במוח,סך הכול,115.1
איטליה,2001,מחלות כלי דם במוח,סך הכול,107.8
איטליה,2002,מחלות כלי דם במוח,סך הכול,105.4
איטליה,2003,מחלות כלי דם במוח,סך הכול,109.2
איטליה,2004,מחלות כלי דם במוח,סך הכול,95.8
איטליה,2005,מחלות כלי דם במוח,סך הכול,96.9
איטליה,2006,מחלות כלי דם במוח,סך הכול,88.4
איטליה,2007,מחלות כלי דם במוח,סך הכול,85.7
איטליה,2008,מחלות כלי דם במוח,סך הכול,85.3
איטליה,2009,מחלות כלי דם במוח,סך הכול,82.1
איטליה,2010,מחלות כלי דם במוח,סך הכול,76.2
איטליה,2011,מחלות כלי דם במוח,סך הכול,75.1
איטליה,2012,מחלות כלי דם במוח,סך הכול,73.7
איטליה,2013,מחלות כלי דם במוח,סך הכול,68
איטליה,2014,מחלות כלי דם במוח,סך הכול,64.8
איטליה,2015,מחלות כלי דם במוח,סך הכול,68.2
איטליה,2016,מחלות כלי דם במוח,סך הכול,61.4
איטליה,2017,מחלות כלי דם במוח,סך הכול,63.6
איטליה,2018,מחלות כלי דם במוח,סך הכול,58
איטליה,2019,מחלות כלי דם במוח,סך הכול,55.9
איטליה,2020,מחלות כלי דם במוח,סך הכול,58.6
איטליה,2021,מחלות כלי דם במוח,סך הכול,54.3
איטליה,2022,מחלות כלי דם במוח,סך הכול,53.8
איטליה,2023,מחלות כלי דם במוח,סך הכול,49.6
איטליה,2000,מחלות לב איסכמיות,גברים,168.1
איטליה,2001,מחלות לב איסכמיות,גברים,162.3
איטליה,2002,מחלות לב איסכמיות,גברים,164
איטליה,2003,מחלות לב איסכמיות,גברים,171.9
איטליה,2004,מחלות לב איסכמיות,גברים,159.8
איטליה,2005,מחלות לב איסכמיות,גברים,160.8
איטליה,2006,מחלות לב איסכמיות,גברים,145.5
איטליה,2007,מחלות לב איסכמיות,גברים,140.7
איטליה,2008,מחלות לב איסכמיות,גברים,138
איטליה,2009,מחלות לב איסכמיות,גברים,131.9
איטליה,2010,מחלות לב איסכמיות,גברים,126.6
איטליה,2011,מחלות לב איסכמיות,גברים,127.5
איטליה,2012,מחלות לב איסכמיות,גברים,124.8
איטליה,2013,מחלות לב איסכמיות,גברים,116.7
איטליה,2014,מחלות לב איסכמיות,גברים,110.2
איטליה,2015,מחלות לב איסכמיות,גברים,112.4
איטליה,2016,מחלות לב איסכמיות,גברים,102.2
איטליה,2017,מחלות לב איסכמיות,גברים,100.8
איטליה,2018,מחלות לב איסכמיות,גברים,92.4
איטליה,2019,מחלות לב איסכמיות,גברים,88.9
איטליה,2020,מחלות לב איסכמיות,גברים,92.2
איטליה,2021,מחלות לב איסכמיות,גברים,85.6
איטליה,2022,מחלות לב איסכמיות,גברים,82.6
איטליה,2023,מחלות לב איסכמיות,גברים,75.7
איטליה,2000,מחלות לב איסכמיות,נשים,92.6
איטליה,2001,מחלות לב איסכמיות,נשים,88.1
איטליה,2002,מחלות לב איסכמיות,נשים,88.7
איטליה,2003,מחלות לב איסכמיות,נשים,98.8
איטליה,2004,מחלות לב איסכמיות,נשים,90.4
איטליה,2005,מחלות לב איסכמיות,נשים,92.3
איטליה,2006,מחלות לב איסכמיות,נשים,81.8
איטליה,2007,מחלות לב איסכמיות,נשים,80.1
איטליה,2008,מחלות לב איסכמיות,נשים,77
איטליה,2009,מחלות לב איסכמיות,נשים,72.9
איטליה,2010,מחלות לב איסכמיות,נשים,68.5
איטליה,2011,מחלות לב איסכמיות,נשים,70.7
איטליה,2012,מחלות לב איסכמיות,נשים,68.8
איטליה,2013,מחלות לב איסכמיות,נשים,62.7
איטליה,2014,מחלות לב איסכמיות,נשים,59.5
איטליה,2015,מחלות לב איסכמיות,נשים,61.2
איטליה,2016,מחלות לב איסכמיות,נשים,53.9
איטליה,2017,מחלות לב איסכמיות,נשים,53.9
איטליה,2018,מחלות לב איסכמיות,נשים,48.7
איטליה,2019,מחלות לב איסכמיות,נשים,46.7
איטליה,2020,מחלות לב איסכמיות,נשים,47.7
איטליה,2021,מחלות לב איסכמיות,נשים,43.7
איטליה,2022,מחלות לב איסכמיות,נשים,42.1
איטליה,2023,מחלות לב איסכמיות,נשים,37.2
איטליה,2000,מחלות לב איסכמיות,סך הכול,124
איטליה,2001,מחלות לב איסכמיות,סך הכול,118.8
איטליה,2002,מחלות לב איסכמיות,סך הכול,119.7
איטליה,2003,מחלות לב איסכמיות,סך הכול,129.1
איטליה,2004,מחלות לב איסכמיות,סך הכול,119.2
איטליה,2005,מחלות לב איסכמיות,סך הכול,120.6
איטליה,2006,מחלות לב איסכמיות,סך הכול,108.2
איטליה,2007,מחלות לב איסכמיות,סך הכול,105.2
איטליה,2008,מחלות לב איסכמיות,סך הכול,102.3
איטליה,2009,מחלות לב איסכמיות,סך הכול,97.4
איטליה,2010,מחלות לב איסכמיות,סך הכול,92.6
איטליה,2011,מחלות לב איסכמיות,סך הכול,94.4
איטליה,2012,מחלות לב איסכמיות,סך הכול,92.1
איטליה,2013,מחלות לב איסכמיות,סך הכול,85.3
איטליה,2014,מחלות לב איסכמיות,סך הכול,80.6
איטליה,2015,מחלות לב איסכמיות,סך הכול,82.9
איטליה,2016,מחלות לב איסכמיות,סך הכול,74.3
איטליה,2017,מחלות לב איסכמיות,סך הכול,73.7
איטליה,2018,מחלות לב איסכמיות,סך הכול,67.4
איטליה,2019,מחלות לב איסכמיות,סך הכול,64.9
איטליה,2020,מחלות לב איסכמיות,סך הכול,66.8
איטליה,2021,מחלות לב איסכמיות,סך הכול,61.8
איטליה,2022,מחלות לב איסכמיות,סך הכול,59.7
איטליה,2023,מחלות לב איסכמיות,סך הכול,53.9
איטליה,2000,מחלות מערכת הדם,גברים,489.7
איטליה,2001,מחלות מערכת הדם,גברים,466.1
איטליה,2002,מחלות מערכת הדם,גברים,459.1
איטליה,2003,מחלות מערכת הדם,גברים,455.8
איטליה,2004,מחלות מערכת הדם,גברים,415.8
איטליה,2005,מחלות מערכת הדם,גברים,420.9
איטליה,2006,מחלות מערכת הדם,גברים,382.4
איטליה,2007,מחלות מערכת הדם,גברים,372.3
איטליה,2008,מחלות מערכת הדם,גברים,364.1
איטליה,2009,מחלות מערכת הדם,גברים,349.1
איטליה,2010,מחלות מערכת הדם,גברים,334.7
איטליה,2011,מחלות מערכת הדם,גברים,332.6
איטליה,2012,מחלות מערכת הדם,גברים,330.8
איטליה,2013,מחלות מערכת הדם,גברים,311.9
איטליה,2014,מחלות מערכת הדם,גברים,298.4
איטליה,2015,מחלות מערכת הדם,גברים,312.3
איטליה,2016,מחלות מערכת הדם,גברים,285
איטליה,2017,מחלות מערכת הדם,גברים,290.2
איטליה,2018,מחלות מערכת הדם,גברים,271.8
איטליה,2019,מחלות מערכת הדם,גברים,254.6
איטליה,2020,מחלות מערכת הדם,גברים,267.2
איטליה,2021,מחלות מערכת הדם,גברים,253.7
איטליה,2022,מחלות מערכת הדם,גברים,250.9
איטליה,2023,מחלות מערכת הדם,גברים,235
איטליה,2000,מחלות מערכת הדם,נשים,350.6
איטליה,2001,מחלות מערכת הדם,נשים,330.2
איטליה,2002,מחלות מערכת הדם,נשים,322.9
איטליה,2003,מחלות מערכת הדם,נשים,330.5
איטליה,2004,מחלות מערכת הדם,נשים,299.1
איטליה,2005,מחלות מערכת הדם,נשים,305.5
איטליה,2006,מחלות מערכת הדם,נשים,275.6
איטליה,2007,מחלות מערכת הדם,נשים,271
איטליה,2008,מחלות מערכת הדם,נשים,260.9
איטליה,2009,מחלות מערכת הדם,נשים,252.5
איטליה,2010,מחלות מערכת הדם,נשים,240.3
איטליה,2011,מחלות מערכת הדם,נשים,239.6
איטליה,2012,מחלות מערכת הדם,נשים,240.8
איטליה,2013,מחלות מערכת הדם,נשים,223.9
איטליה,2014,מחלות מערכת הדם,נשים,216.4
איטליה,2015,מחלות מערכת הדם,נשים,231.6
איטליה,2016,מחלות מערכת הדם,נשים,208.9
איטליה,2017,מחלות מערכת הדם,נשים,216
איטליה,2018,מחלות מערכת הדם,נשים,202.2
איטליה,2019,מחלות מערכת הדם,נשים,192.8
איטליה,2020,מחלות מערכת הדם,נשים,202.4
איטליה,2021,מחלות מערכת הדם,נשים,192.6
איטליה,2022,מחלות מערכת הדם,נשים,192.1
איטליה,2023,מחלות מערכת הדם,נשים,178.1
איטליה,2000,מחלות מערכת הדם,סך הכול,408.8
איטליה,2001,מחלות מערכת הדם,סך הכול,386.9
איטליה,2002,מחלות מערכת הדם,סך הכול,379.1
איטליה,2003,מחלות מערכת הדם,סך הכול,383.2
איטליה,2004,מחלות מערכת הדם,סך הכול,348.1
איטליה,2005,מחלות מערכת הדם,סך הכול,353.8
איטליה,2006,מחלות מערכת הדם,סך הכול,320.5
איטליה,2007,מחלות מערכת הדם,סך הכול,313.9
איטליה,2008,מחלות מערכת הדם,סך הכול,304.5
איטליה,2009,מחלות מערכת הדם,סך הכול,293.8
איטליה,2010,מחלות מערכת הדם,סך הכול,280.5
איטליה,2011,מחלות מערכת הדם,סך הכול,279.3
איטליה,2012,מחלות מערכת הדם,סך הכול,279.4
איטליה,2013,מחלות מערכת הדם,סך הכול,261.7
איטליה,2014,מחלות מערכת הדם,סך הכול,251.8
איטליה,2015,מחלות מערכת הדם,סך הכול,267.2
איטליה,2016,מחלות מערכת הדם,סך הכול,242.2
איטליה,2017,מחלות מערכת הדם,סך הכול,249
איטליה,2018,מחלות מערכת הדם,סך הכול,233.5
איטליה,2019,מחלות מערכת הדם,סך הכול,220.9
איטליה,2020,מחלות מערכת הדם,סך הכול,231.9
איטליה,2021,מחלות מערכת הדם,סך הכול,220.6
איטליה,2022,מחלות מערכת הדם,סך הכול,219.3
איטליה,2023,מחלות מערכת הדם,סך הכול,204.4
איטליה,2000,מחלות מערכת הנשימה,גברים,102.7
איטליה,2001,מחלות מערכת הנשימה,גברים,90.7
איטליה,2002,מחלות מערכת הנשימה,גברים,91.7
איטליה,2003,מחלות מערכת הנשימה,גברים,101.6
איטליה,2004,מחלות מערכת הנשימה,גברים,87.2
איטליה,2005,מחלות מערכת הנשימה,גברים,96.6
איטליה,2006,מחלות מערכת הנשימה,גברים,82.5
איטליה,2007,מחלות מערכת הנשימה,גברים,83
איטליה,2008,מחלות מערכת הנשימה,גברים,79.1
איטליה,2009,מחלות מערכת הנשימה,גברים,80.7
איטליה,2010,מחלות מערכת הנשימה,גברים,76.1
איטליה,2011,מחלות מערכת הנשימה,גברים,77.6
איטליה,2012,מחלות מערכת הנשימה,גברים,78.9
איטליה,2013,מחלות מערכת הנשימה,גברים,72.5
איטליה,2014,מחלות מערכת הנשימה,גברים,70.2
איטליה,2015,מחלות מערכת הנשימה,גברים,77.3
איטליה,2016,מחלות מערכת הנשימה,גברים,73.5
איטליה,2017,מחלות מערכת הנשימה,גברים,80.1
איטליה,2018,מחלות מערכת הנשימה,גברים,76.2
איטליה,2019,מחלות מערכת הנשימה,גברים,75.6
איטליה,2020,מחלות מערכת הנשימה,גברים,82.3
איטליה,2021,מחלות מערכת הנשימה,גברים,65.2
איטליה,2022,מחלות מערכת הנשימה,גברים,68.8
איטליה,2023,מחלות מערכת הנשימה,גברים,70.5
איטליה,2000,מחלות מערכת הנשימה,נשים,41.9
איטליה,2001,מחלות מערכת הנשימה,נשים,35.4
איטליה,2002,מחלות מערכת הנשימה,נשים,37.8
איטליה,2003,מחלות מערכת הנשימה,נשים,43.6
איטליה,2004,מחלות מערכת הנשימה,נשים,35.7
איטליה,2005,מחלות מערכת הנשימה,נשים,42.6
איטליה,2006,מחלות מערכת הנשימה,נשים,34.3
איטליה,2007,מחלות מערכת הנשימה,נשים,35.3
איטליה,2008,מחלות מערכת הנשימה,נשים,34.5
איטליה,2009,מחלות מערכת הנשימה,נשים,35.4
איטליה,2010,מחלות מערכת הנשימה,נשים,33.3
איטליה,2011,מחלות מערכת הנשימה,נשים,35
איטליה,2012,מחלות מערכת הנשימה,נשים,37
איטליה,2013,מחלות מערכת הנשימה,נשים,34.9
איטליה,2014,מחלות מערכת הנשימה,נשים,33.6
איטליה,2015,מחלות מערכת הנשימה,נשים,39.9
איטליה,2016,מחלות מערכת הנשימה,נשים,36.4
איטליה,2017,מחלות מערכת הנשימה,נשים,42.3
איטליה,2018,מחלות מערכת הנשימה,נשים,41.1
איטליה,2019,מחלות מערכת הנשימה,נשים,41.3
איטליה,2020,מחלות מערכת הנשימה,נשים,43
איטליה,2021,מחלות מערכת הנשימה,נשים,33.7
איטליה,2022,מחלות מערכת הנשימה,נשים,37.6
איטליה,2023,מחלות מערכת הנשימה,נשים,40.3
איטליה,2000,מחלות מערכת הנשימה,סך הכול,64.1
איטליה,2001,מחלות מערכת הנשימה,סך הכול,55.5
איטליה,2002,מחלות מערכת הנשימה,סך הכול,57.2
איטליה,2003,מחלות מערכת הנשימה,סך הכול,64.3
איטליה,2004,מחלות מערכת הנשימה,סך הכול,54
איטליה,2005,מחלות מערכת הנשימה,סך הכול,62
איטליה,2006,מחלות מערכת הנשימה,סך הכול,51.5
איטליה,2007,מחלות מערכת הנשימה,סך הכול,52.5
איטליה,2008,מחלות מערכת הנשימה,סך הכול,50.7
איטליה,2009,מחלות מערכת הנשימה,סך הכול,51.9
איטליה,2010,מחלות מערכת הנשימה,סך הכול,48.9
איטליה,2011,מחלות מערכת הנשימה,סך הכול,50.6
איטליה,2012,מחלות מערכת הנשימה,סך הכול,52.5
איטליה,2013,מחלות מערכת הנשימה,סך הכול,48.9
איטליה,2014,מחלות מערכת הנשימה,סך הכול,47.3
איטליה,2015,מחלות מערכת הנשימה,סך הכול,54
איטליה,2016,מחלות מערכת הנשימה,סך הכול,50.6
איטליה,2017,מחלות מערכת הנשימה,סך הכול,56.8
איטליה,2018,מחלות מערכת הנשימה,סך הכול,54.7
איטליה,2019,מחלות מערכת הנשימה,סך הכול,54.9
איטליה,2020,מחלות מערכת הנשימה,סך הכול,58.7
איטליה,2021,מחלות מערכת הנשימה,סך הכול,46.1
איטליה,2022,מחלות מערכת הנשימה,סך הכול,50.1
איטליה,2023,מחלות מערכת הנשימה,סך הכול,52.6
איטליה,2000,נפילות,גברים,18.1
איטליה,2001,נפילות,גברים,18.3
איטליה,2002,נפילות,גברים,18.4
איטליה,2003,נפילות,גברים,6.3
איטליה,2004,נפילות,גברים,6
איטליה,2005,נפילות,גברים,6.4
איטליה,2006,נפילות,גברים,6.1
איטליה,2007,נפילות,גברים,5.9
איטליה,2008,נפילות,גברים,5.9
איטליה,2009,נפילות,גברים,6.3
איטליה,2010,נפילות,גברים,5.9
איטליה,2011,נפילות,גברים,7.3
איטליה,2012,נפילות,גברים,7.2
איטליה,2013,נפילות,גברים,6.5
איטליה,2014,נפילות,גברים,6
איטליה,2015,נפילות,גברים,6.4
איטליה,2016,נפילות,גברים,6.1
איטליה,2017,נפילות,גברים,6.3
איטליה,2018,נפילות,גברים,6.2
איטליה,2019,נפילות,גברים,6.2
איטליה,2020,נפילות,גברים,6.9
איטליה,2021,נפילות,גברים,7
איטליה,2022,נפילות,גברים,7.6
איטליה,2023,נפילות,גברים,7.3
איטליה,2000,נפילות,נשים,15.6
איטליה,2001,נפילות,נשים,16.2
איטליה,2002,נפילות,נשים,15.8
איטליה,2003,נפילות,נשים,3
איטליה,2004,נפילות,נשים,3.2
איטליה,2005,נפילות,נשים,3.1
איטליה,2006,נפילות,נשים,3
איטליה,2007,נפילות,נשים,3
איטליה,2008,נפילות,נשים,2.9
איטליה,2009,נפילות,נשים,3
איטליה,2010,נפילות,נשים,2.9
איטליה,2011,נפילות,נשים,3.5
איטליה,2012,נפילות,נשים,3.9
איטליה,2013,נפילות,נשים,3.4
איטליה,2014,נפילות,נשים,3.2
איטליה,2015,נפילות,נשים,3.3
איטליה,2016,נפילות,נשים,3.1
איטליה,2017,נפילות,נשים,3.3
איטליה,2018,נפילות,נשים,3.3
איטליה,2019,נפילות,נשים,3.2
איטליה,2020,נפילות,נשים,3.8
איטליה,2021,נפילות,נשים,3.9
איטליה,2022,נפילות,נשים,4.2
איטליה,2023,נפילות,נשים,4
איטליה,2000,נפילות,סך הכול,16.8
איטליה,2001,נפילות,סך הכול,17.3
איטליה,2002,נפילות,סך הכול,17.1
איטליה,2003,נפילות,סך הכול,4.4
איטליה,2004,נפילות,סך הכול,4.4
איטליה,2005,נפילות,סך הכול,4.6
איטליה,2006,נפילות,סך הכול,4.4
איטליה,2007,נפילות,סך הכול,4.3
איטליה,2008,נפילות,סך הכול,4.2
איטליה,2009,נפילות,סך הכול,4.4
איטליה,2010,נפילות,סך הכול,4.2
איטליה,2011,נפילות,סך הכול,5.1
איטליה,2012,נפילות,סך הכול,5.2
איטליה,2013,נפילות,סך הכול,4.7
איטליה,2014,נפילות,סך הכול,4.4
איטליה,2015,נפילות,סך הכול,4.6
איטליה,2016,נפילות,סך הכול,4.4
איטליה,2017,נפילות,סך הכול,4.6
איטליה,2018,נפילות,סך הכול,4.5
איטליה,2019,נפילות,סך הכול,4.5
איטליה,2020,נפילות,סך הכול,5.1
איטליה,2021,נפילות,סך הכול,5.2
איטליה,2022,נפילות,סך הכול,5.7
איטליה,2023,נפילות,סך הכול,5.4
איטליה,2000,סוכרת,גברים,30
איטליה,2001,סוכרת,גברים,29
איטליה,2002,סוכרת,גברים,28.9
איטליה,2003,סוכרת,גברים,31.4
איטליה,2004,סוכרת,גברים,29.9
איטליה,2005,סוכרת,גברים,30.8
איטליה,2006,סוכרת,גברים,29.6
איטליה,2007,סוכרת,גברים,30
איטליה,2008,סוכרת,גברים,29.7
איטליה,2009,סוכרת,גברים,30
איטליה,2010,סוכרת,גברים,29.4
איטליה,2011,סוכרת,גברים,30
איטליה,2012,סוכרת,גברים,29.9
איטליה,2013,סוכרת,גברים,29
איטליה,2014,סוכרת,גברים,26.9
איטליה,2015,סוכרת,גברים,29.3
איטליה,2016,סוכרת,גברים,27.9
איטליה,2017,סוכרת,גברים,29
איטליה,2018,סוכרת,גברים,27.6
איטליה,2019,סוכרת,גברים,26.9
איטליה,2020,סוכרת,גברים,31.9
איטליה,2021,סוכרת,גברים,30.3
איטליה,2022,סוכרת,גברים,29.7
איטליה,2023,סוכרת,גברים,28
איטליה,2000,סוכרת,נשים,28.7
איטליה,2001,סוכרת,נשים,28.4
איטליה,2002,סוכרת,נשים,26.2
איטליה,2003,סוכרת,נשים,29.4
איטליה,2004,סוכרת,נשים,26
איטליה,2005,סוכרת,נשים,27.7
איטליה,2006,סוכרת,נשים,25.6
איטליה,2007,סוכרת,נשים,25.4
איטליה,2008,סוכרת,נשים,25
איטליה,2009,סוכרת,נשים,24.9
איטליה,2010,סוכרת,נשים,23.7
איטליה,2011,סוכרת,נשים,24.1
איטליה,2012,סוכרת,נשים,23.8
איטליה,2013,סוכרת,נשים,22
איטליה,2014,סוכרת,נשים,20.7
איטליה,2015,סוכרת,נשים,22.3
איטליה,2016,סוכרת,נשים,20.7
איטליה,2017,סוכרת,נשים,21.2
איטליה,2018,סוכרת,נשים,19.9
איטליה,2019,סוכרת,נשים,19.5
איטליה,2020,סוכרת,נשים,23
איטליה,2021,סוכרת,נשים,22.1
איטליה,2022,סוכרת,נשים,21.5
איטליה,2023,סוכרת,נשים,19.9
איטליה,2000,סוכרת,סך הכול,29.6
איטליה,2001,סוכרת,סך הכול,29.1
איטליה,2002,סוכרת,סך הכול,27.7
איטליה,2003,סוכרת,סך הכול,30.6
איטליה,2004,סוכרת,סך הכול,27.9
איטליה,2005,סוכרת,סך הכול,29.4
איטליה,2006,סוכרת,סך הכול,27.6
איטליה,2007,סוכרת,סך הכול,27.7
איטליה,2008,סוכרת,סך הכול,27.3
איטליה,2009,סוכרת,סך הכול,27.3
איטליה,2010,סוכרת,סך הכול,26.3
איטליה,2011,סוכרת,סך הכול,26.8
איטליה,2012,סוכרת,סך הכול,26.6
איטליה,2013,סוכרת,סך הכול,25.1
איטליה,2014,סוכרת,סך הכול,23.6
איטליה,2015,סוכרת,סך הכול,25.5
איטליה,2016,סוכרת,סך הכול,23.9
איטליה,2017,סוכרת,סך הכול,24.7
איטליה,2018,סוכרת,סך הכול,23.3
איטליה,2019,סוכרת,סך הכול,22.9
איטליה,2020,סוכרת,סך הכול,27.1
איטליה,2021,סוכרת,סך הכול,25.8
איטליה,2022,סוכרת,סך הכול,25.2
איטליה,2023,סוכרת,סך הכול,23.6
איטליה,2020,קורונה,גברים,118.3
איטליה,2021,קורונה,גברים,96.1
איטליה,2022,קורונה,גברים,70.4
איטליה,2023,קורונה,גברים,21.9
איטליה,2020,קורונה,נשים,58.3
איטליה,2021,קורונה,נשים,49.2
איטליה,2022,קורונה,נשים,39.7
איטליה,2023,קורונה,נשים,11.7
איטליה,2020,קורונה,סך הכול,84.3
איטליה,2021,קורונה,סך הכול,69.5
איטליה,2022,קורונה,סך הכול,52.4
איטליה,2023,קורונה,סך הכול,15.8
איטליה,2000,שפעת,גברים,2.7
איטליה,2001,שפעת,גברים,0.6
איטליה,2002,שפעת,גברים,0.9
איטליה,2003,שפעת,גברים,1.6
איטליה,2004,שפעת,גברים,0.8
איטליה,2005,שפעת,גברים,2.3
איטליה,2006,שפעת,גברים,0.4
איטליה,2007,שפעת,גברים,0.6
איטליה,2008,שפעת,גברים,0.6
איטליה,2009,שפעת,גברים,0.7
איטליה,2010,שפעת,גברים,0.3
איטליה,2011,שפעת,גברים,0.6
איטליה,2012,שפעת,גברים,0.5
איטליה,2013,שפעת,גברים,0.5
איטליה,2014,שפעת,גברים,0.3
איטליה,2015,שפעת,גברים,0.6
איטליה,2016,שפעת,גברים,0.4
איטליה,2017,שפעת,גברים,0.7
איטליה,2018,שפעת,גברים,0.7
איטליה,2019,שפעת,גברים,0.7
איטליה,2020,שפעת,גברים,0.7
איטליה,2021,שפעת,גברים,0
איטליה,2022,שפעת,גברים,0.3
איטליה,2023,שפעת,גברים,0.4
איטליה,2000,שפעת,נשים,2.5
איטליה,2001,שפעת,נשים,0.5
איטליה,2002,שפעת,נשים,0.7
איטליה,2003,שפעת,נשים,1.5
איטליה,2004,שפעת,נשים,0.7
איטליה,2005,שפעת,נשים,2.1
איטליה,2006,שפעת,נשים,0.4
איטליה,2007,שפעת,נשים,0.6
איטליה,2008,שפעת,נשים,0.6
איטליה,2009,שפעת,נשים,0.6
איטליה,2010,שפעת,נשים,0.3
איטליה,2011,שפעת,נשים,0.5
איטליה,2012,שפעת,נשים,0.5
איטליה,2013,שפעת,נשים,0.5
איטליה,2014,שפעת,נשים,0.3
איטליה,2015,שפעת,נשים,0.7
איטליה,2016,שפעת,נשים,0.3
איטליה,2017,שפעת,נשים,0.6
איטליה,2018,שפעת,נשים,0.7
איטליה,2019,שפעת,נשים,0.5
איטליה,2020,שפעת,נשים,0.5
איטליה,2021,שפעת,נשים,0
איטליה,2022,שפעת,נשים,0.2
איטליה,2023,שפעת,נשים,0.4
איטליה,2000,שפעת,סך הכול,2.6
איטליה,2001,שפעת,סך הכול,0.6
איטליה,2002,שפעת,סך הכול,0.8
איטליה,2003,שפעת,סך הכול,1.6
איטליה,2004,שפעת,סך הכול,0.8
איטליה,2005,שפעת,סך הכול,2.2
איטליה,2006,שפעת,סך הכול,0.4
איטליה,2007,שפעת,סך הכול,0.6
איטליה,2008,שפעת,סך הכול,0.6
איטליה,2009,שפעת,סך הכול,0.7
איטליה,2010,שפעת,סך הכול,0.3
איטליה,2011,שפעת,סך הכול,0.5
איטליה,2012,שפעת,סך הכול,0.5
איטליה,2013,שפעת,סך הכול,0.5
איטליה,2014,שפעת,סך הכול,0.3
איטליה,2015,שפעת,סך הכול,0.6
איטליה,2016,שפעת,סך הכול,0.3
איטליה,2017,שפעת,סך הכול,0.7
איטליה,2018,שפעת,סך הכול,0.7
איטליה,2019,שפעת,סך הכול,0.6
איטליה,2020,שפעת,סך הכול,0.6
איטליה,2021,שפעת,סך הכול,0
איטליה,2022,שפעת,סך הכול,0.2
איטליה,2023,שפעת,סך הכול,0.4
איטליה,2000,תאונות דרכים,גברים,20.6
איטליה,2001,תאונות דרכים,גברים,21.2
איטליה,2002,תאונות דרכים,גברים,20.4
איטליה,2003,תאונות דרכים,גברים,19.1
איטליה,2004,תאונות דרכים,גברים,18
איטליה,2005,תאונות דרכים,גברים,17.5
איטליה,2006,תאונות דרכים,גברים,16.8
איטליה,2007,תאונות דרכים,גברים,16.1
איטליה,2008,תאונות דרכים,גברים,14.6
איטליה,2009,תאונות דרכים,גברים,13.1
איטליה,2010,תאונות דרכים,גברים,12.1
איטליה,2011,תאונות דרכים,גברים,12.1
איטליה,2012,תאונות דרכים,גברים,11.2
איטליה,2013,תאונות דרכים,גברים,9.7
איטליה,2014,תאונות דרכים,גברים,9.5
איטליה,2015,תאונות דרכים,גברים,9.8
איטליה,2016,תאונות דרכים,גברים,9.3
איטליה,2017,תאונות דרכים,גברים,9.6
איטליה,2018,תאונות דרכים,גברים,9.3
איטליה,2019,תאונות דרכים,גברים,9
איטליה,2020,תאונות דרכים,גברים,6.9
איטליה,2021,תאונות דרכים,גברים,8.5
איטליה,2022,תאונות דרכים,גברים,8.9
איטליה,2023,תאונות דרכים,גברים,8.7
איטליה,2000,תאונות דרכים,נשים,5.7
איטליה,2001,תאונות דרכים,נשים,5.6
איטליה,2002,תאונות דרכים,נשים,5.1
איטליה,2003,תאונות דרכים,נשים,4.6
איטליה,2004,תאונות דרכים,נשים,4.1
איטליה,2005,תאונות דרכים,נשים,3.9
איטליה,2006,תאונות דרכים,נשים,4
איטליה,2007,תאונות דרכים,נשים,3.6
איטליה,2008,תאונות דרכים,נשים,3.3
איטליה,2009,תאונות דרכים,נשים,3.2
איטליה,2010,תאונות דרכים,נשים,2.9
איטליה,2011,תאונות דרכים,נשים,3
איטליה,2012,תאונות דרכים,נשים,2.6
איטליה,2013,תאונות דרכים,נשים,2.5
איטליה,2014,תאונות דרכים,נשים,2.4
איטליה,2015,תאונות דרכים,נשים,2.2
איטליה,2016,תאונות דרכים,נשים,2.3
איטליה,2017,תאונות דרכים,נשים,2.4
איטליה,2018,תאונות דרכים,נשים,2.2
איטליה,2019,תאונות דרכים,נשים,2.1
איטליה,2020,תאונות דרכים,נשים,1.5
איטליה,2021,תאונות דרכים,נשים,1.8
איטליה,2022,תאונות דרכים,נשים,2.1
איטליה,2023,תאונות דרכים,נשים,2.1
איטליה,2000,תאונות דרכים,סך הכול,12.8
איטליה,2001,תאונות דרכים,סך הכול,13
איטליה,2002,תאונות דרכים,סך הכול,12.4
איטליה,2003,תאונות דרכים,סך הכול,11.5
איטליה,2004,תאונות דרכים,סך הכול,10.7
איטליה,2005,תאונות דרכים,סך הכול,10.4
איטליה,2006,תאונות דרכים,סך הכול,10.2
איטליה,2007,תאונות דרכים,סך הכול,9.6
איטליה,2008,תאונות דרכים,סך הכול,8.7
איטליה,2009,תאונות דרכים,סך הכול,7.9
איטליה,2010,תאונות דרכים,סך הכול,7.3
איטליה,2011,תאונות דרכים,סך הכול,7.3
איטליה,2012,תאונות דרכים,סך הכול,6.7
איטליה,2013,תאונות דרכים,סך הכול,5.9
איטליה,2014,תאונות דרכים,סך הכול,5.8
איטליה,2015,תאונות דרכים,סך הכול,5.8
איטליה,2016,תאונות דרכים,סך הכול,5.7
איטליה,2017,תאונות דרכים,סך הכול,5.8
איטליה,2018,תאונות דרכים,סך הכול,5.6
איטליה,2019,תאונות דרכים,סך הכול,5.4
איטליה,2020,תאונות דרכים,סך הכול,4.1
איטליה,2021,תאונות דרכים,סך הכול,5
איטליה,2022,תאונות דרכים,סך הכול,5.4
איטליה,2023,תאונות דרכים,סך הכול,5.3
איטליה,2000,תקיפה,גברים,1.6
איטליה,2001,תקיפה,גברים,1.4
איטליה,2002,תקיפה,גברים,1.4
איטליה,2003,תקיפה,גברים,1.6
איטליה,2004,תקיפה,גברים,1.6
איטליה,2005,תקיפה,גברים,1.4
איטליה,2006,תקיפה,גברים,1.3
איטליה,2007,תקיפה,גברים,1.4
איטליה,2008,תקיפה,גברים,1.3
איטליה,2009,תקיפה,גברים,1.2
איטליה,2010,תקיפה,גברים,1.1
איטליה,2011,תקיפה,גברים,1.1
איטליה,2012,תקיפה,גברים,1.1
איטליה,2013,תקיפה,גברים,0.9
איטליה,2014,תקיפה,גברים,0.9
איטליה,2015,תקיפה,גברים,0.9
איטליה,2016,תקיפה,גברים,0.8
איטליה,2017,תקיפה,גברים,0.7
איטליה,2018,תקיפה,גברים,0.7
איטליה,2019,תקיפה,גברים,0.6
איטליה,2020,תקיפה,גברים,0.5
איטליה,2021,תקיפה,גברים,0.5
איטליה,2022,תקיפה,גברים,0.5
איטליה,2023,תקיפה,גברים,0.6
איטליה,2000,תקיפה,נשים,0.5
איטליה,2001,תקיפה,נשים,0.4
איטליה,2002,תקיפה,נשים,0.5
איטליה,2003,תקיפה,נשים,0.6
איטליה,2004,תקיפה,נשים,0.5
איטליה,2005,תקיפה,נשים,0.4
איטליה,2006,תקיפה,נשים,0.5
איטליה,2007,תקיפה,נשים,0.4
איטליה,2008,תקיפה,נשים,0.4
איטליה,2009,תקיפה,נשים,0.5
איטליה,2010,תקיפה,נשים,0.4
איטליה,2011,תקיפה,נשים,0.4
איטליה,2012,תקיפה,נשים,0.4
איטליה,2013,תקיפה,נשים,0.4
איטליה,2014,תקיפה,נשים,0.4
איטליה,2015,תקיפה,נשים,0.3
איטליה,2016,תקיפה,נשים,0.4
איטליה,2017,תקיפה,נשים,0.3
איטליה,2018,תקיפה,נשים,0.3
איטליה,2019,תקיפה,נשים,0.3
איטליה,2020,תקיפה,נשים,0.3
איטליה,2021,תקיפה,נשים,0.3
איטליה,2022,תקיפה,נשים,0.3
איטליה,2023,תקיפה,נשים,0.3
איטליה,2000,תקיפה,סך הכול,1
איטליה,2001,תקיפה,סך הכול,0.9
איטליה,2002,תקיפה,סך הכול,1
איטליה,2003,תקיפה,סך הכול,1.1
איטליה,2004,תקיפה,סך הכול,1
איטליה,2005,תקיפה,סך הכול,0.9
איטליה,2006,תקיפה,סך הכול,0.9
איטליה,2007,תקיפה,סך הכול,0.9
איטליה,2008,תקיפה,סך הכול,0.8
איטליה,2009,תקיפה,סך הכול,0.8
איטליה,2010,תקיפה,סך הכול,0.7
איטליה,2011,תקיפה,סך הכול,0.8
איטליה,2012,תקיפה,סך הכול,0.8
איטליה,2013,תקיפה,סך הכול,0.7
איטליה,2014,תקיפה,סך הכול,0.6
איטליה,2015,תקיפה,סך הכול,0.6
איטליה,2016,תקיפה,סך הכול,0.6
איטליה,2017,תקיפה,סך הכול,0.5
איטליה,2018,תקיפה,סך הכול,0.5
איטליה,2019,תקיפה,סך הכול,0.4
איטליה,2020,תקיפה,סך הכול,0.4
איטליה,2021,תקיפה,סך הכול,0.4
איטליה,2022,תקיפה,סך הכול,0.4
איטליה,2023,תקיפה,סך הכול,0.4
ארצות הברית,2000,גידולים,גברים,323
ארצות הברית,2001,גידולים,גברים,316
ארצות הברית,2002,גידולים,גברים,309.3
ארצות הברית,2003,גידולים,גברים,302.4
ארצות הברית,2004,גידולים,גברים,295.2
ארצות הברית,2005,גידולים,גברים,291.9
ארצות הברית,2006,גידולים,גברים,285.8
ארצות הברית,2007,גידולים,גברים,284.4
ארצות הברית,2008,גידולים,גברים,280.1
ארצות הברית,2009,גידולים,גברים,274.1
ארצות הברית,2010,גידולים,גברים,271.1
ארצות הברית,2011,גידולים,גברים,265.4
ארצות הברית,2012,גידולים,גברים,261.5
ארצות הברית,2013,גידולים,גברים,256.7
ארצות הברית,2014,גידולים,גברים,253.5
ארצות הברית,2015,גידולים,גברים,249.3
ארצות הברית,2016,גידולים,גברים,243.6
ארצות הברית,2017,גידולים,גברים,237.9
ארצות הברית,2018,גידולים,גברים,231.8
ארצות הברית,2019,גידולים,גברים,225.9
ארצות הברית,2020,גידולים,גברים,222.3
ארצות הברית,2021,גידולים,גברים,218.7
ארצות הברית,2022,גידולים,גברים,213.4
ארצות הברית,2023,גידולים,גברים,215.1
ארצות הברית,2000,גידולים,נשים,214.4
ארצות הברית,2001,גידולים,נשים,210.3
ארצות הברית,2002,גידולים,נשים,208.1
ארצות הברית,2003,גידולים,נשים,205.5
ארצות הברית,2004,גידולים,נשים,201.1
ארצות הברית,2005,גידולים,נשים,198.7
ארצות הברית,2006,גידולים,נשים,196.6
ארצות הברית,2007,גידולים,נשים,193.5
ארצות הברית,2008,גידולים,נשים,195.3
ארצות הברית,2009,גידולים,נשים,192.1
ארצות הברית,2010,גידולים,נשים,190.4
ארצות הברית,2011,גידולים,נשים,187.4
ארצות הברית,2012,גידולים,נשים,185.9
ארצות הברית,2013,גידולים,נשים,182.9
ארצות הברית,2014,גידולים,נשים,181.8
ארצות הברית,2015,גידולים,נשים,179.6
ארצות הברית,2016,גידולים,נשים,177
ארצות הברית,2017,גידולים,נשים,173.8
ארצות הברית,2018,גידולים,נשים,170.2
ארצות הברית,2019,גידולים,נשים,166.7
ארצות הברית,2020,גידולים,נשים,164.5
ארצות הברית,2021,גידולים,נשים,162.9
ארצות הברית,2022,גידולים,נשים,160.9
ארצות הברית,2023,גידולים,נשים,158.7
ארצות הברית,2000,גידולים,סך הכול,257
ארצות הברית,2001,גידולים,סך הכול,252.1
ארצות הברית,2002,גידולים,סך הכול,248.7
ארצות הברית,2003,גידולים,סך הכול,244.5
ארצות הברית,2004,גידולים,סך הכול,239.2
ארצות הברית,2005,גידולים,סך הכול,236.6
ארצות הברית,2006,גידולים,סך הכול,233
ארצות הברית,2007,גידולים,סך הכול,230.2
ארצות הברית,2008,גידולים,סך הכול,230.2
ארצות הברית,2009,גידולים,סך הכול,225.9
ארצות הברית,2010,גידולים,סך הכול,223.9
ארצות הברית,2011,גידולים,סך הכול,219.9
ארצות הברית,2012,גידולים,סך הכול,217.6
ארצות הברית,2013,גידולים,סך הכול,213.9
ארצות הברית,2014,גידולים,סך הכול,212
ארצות הברית,2015,גידולים,סך הכול,209.1
ארצות הברית,2016,גידולים,סך הכול,205.2
ארצות הברית,2017,גידולים,סך הכול,201
ארצות הברית,2018,גידולים,סך הכול,196.4
ארצות הברית,2019,גידולים,סך הכול,192
ארצות הברית,2020,גידולים,סך הכול,189.3
ארצות הברית,2021,גידולים,סך הכול,186.8
ארצות הברית,2022,גידולים,סך הכול,183.4
ארצות הברית,2023,גידולים,סך הכול,182.8
ארצות הברית,2000,מחלות זיהומיות,גברים,30.5
ארצות הברית,2001,מחלות זיהומיות,גברים,30.5
ארצות הברית,2002,מחלות זיהומיות,גברים,31.6
ארצות הברית,2003,מחלות זיהומיות,גברים,31.2
ארצות הברית,2004,מחלות זיהומיות,גברים,30.8
ארצות הברית,2005,מחלות זיהומיות,גברים,31
ארצות הברית,2006,מחלות זיהומיות,גברים,30.6
ארצות הברית,2007,מחלות זיהומיות,גברים,30.3
ארצות הברית,2008,מחלות זיהומיות,גברים,30.3
ארצות הברית,2009,מחלות זיהומיות,גברים,30.2
ארצות הברית,2010,מחלות זיהומיות,גברים,28.8
ארצות הברית,2011,מחלות זיהומיות,גברים,28.5
ארצות הברית,2012,מחלות זיהומיות,גברים,28.1
ארצות הברית,2013,מחלות זיהומיות,גברים,28.5
ארצות הברית,2014,מחלות זיהומיות,גברים,27.7
ארצות הברית,2015,מחלות זיהומיות,גברים,28.1
ארצות הברית,2016,מחלות זיהומיות,גברים,26.8
ארצות הברית,2017,מחלות זיהומיות,גברים,25.8
ארצות הברית,2018,מחלות זיהומיות,גברים,24.9
ארצות הברית,2019,מחלות זיהומיות,גברים,23.2
ארצות הברית,2020,מחלות זיהומיות,גברים,24
ארצות הברית,2021,מחלות זיהומיות,גברים,23.9
ארצות הברית,2022,מחלות זיהומיות,גברים,23.7
ארצות הברית,2023,מחלות זיהומיות,גברים,23.8
ארצות הברית,2000,מחלות זיהומיות,נשים,20.1
ארצות הברית,2001,מחלות זיהומיות,נשים,20.2
ארצות הברית,2002,מחלות זיהומיות,נשים,21.2
ארצות הברית,2003,מחלות זיהומיות,נשים,21.4
ארצות הברית,2004,מחלות זיהומיות,נשים,21.1
ארצות הברית,2005,מחלות זיהומיות,נשים,21.4
ארצות הברית,2006,מחלות זיהומיות,נשים,21.4
ארצות הברית,2007,מחלות זיהומיות,נשים,21.3
ארצות הברית,2008,מחלות זיהומיות,נשים,22.5
ארצות הברית,2009,מחלות זיהומיות,נשים,22.5
ארצות הברית,2010,מחלות זיהומיות,נשים,21.5
ארצות הברית,2011,מחלות זיהומיות,נשים,21.8
ארצות הברית,2012,מחלות זיהומיות,נשים,21.2
ארצות הברית,2013,מחלות זיהומיות,נשים,21.6
ארצות הברית,2014,מחלות זיהומיות,נשים,21.2
ארצות הברית,2015,מחלות זיהומיות,נשים,21.3
ארצות הברית,2016,מחלות זיהומיות,נשים,20.4
ארצות הברית,2017,מחלות זיהומיות,נשים,20.1
ארצות הברית,2018,מחלות זיהומיות,נשים,19.2
ארצות הברית,2019,מחלות זיהומיות,נשים,17.9
ארצות הברית,2020,מחלות זיהומיות,נשים,18.5
ארצות הברית,2021,מחלות זיהומיות,נשים,18.1
ארצות הברית,2022,מחלות זיהומיות,נשים,18.3
ארצות הברית,2023,מחלות זיהומיות,נשים,17.7
ארצות הברית,2000,מחלות זיהומיות,סך הכול,24.9
ארצות הברית,2001,מחלות זיהומיות,סך הכול,25
ארצות הברית,2002,מחלות זיהומיות,סך הכול,26
ארצות הברית,2003,מחלות זיהומיות,סך הכול,26
ארצות הברית,2004,מחלות זיהומיות,סך הכול,25.6
ארצות הברית,2005,מחלות זיהומיות,סך הכול,25.9
ארצות הברית,2006,מחלות זיהומיות,סך הכול,25.7
ארצות הברית,2007,מחלות זיהומיות,סך הכול,25.4
ארצות הברית,2008,מחלות זיהומיות,סך הכול,26.1
ארצות הברית,2009,מחלות זיהומיות,סך הכול,26.1
ארצות הברית,2010,מחלות זיהומיות,סך הכול,24.9
ארצות הברית,2011,מחלות זיהומיות,סך הכול,24.9
ארצות הברית,2012,מחלות זיהומיות,סך הכול,24.4
ארצות הברית,2013,מחלות זיהומיות,סך הכול,24.8
ארצות הברית,2014,מחלות זיהומיות,סך הכול,24.3
ארצות הברית,2015,מחלות זיהומיות,סך הכול,24.5
ארצות הברית,2016,מחלות זיהומיות,סך הכול,23.3
ארצות הברית,2017,מחלות זיהומיות,סך הכול,22.7
ארצות הברית,2018,מחלות זיהומיות,סך הכול,21.8
ארצות הברית,2019,מחלות זיהומיות,סך הכול,20.3
ארצות הברית,2020,מחלות זיהומיות,סך הכול,21.1
ארצות הברית,2021,מחלות זיהומיות,סך הכול,20.8
ארצות הברית,2022,מחלות זיהומיות,סך הכול,20.8
ארצות הברית,2023,מחלות זיהומיות,סך הכול,20.4
ארצות הברית,2000,מחלות כלי דם במוח,גברים,79.3
ארצות הברית,2001,מחלות כלי דם במוח,גברים,74.7
ארצות הברית,2002,מחלות כלי דם במוח,גברים,71.6
ארצות הברית,2003,מחלות כלי דם במוח,גברים,68.4
ארצות הברית,2004,מחלות כלי דם במוח,גברים,63.6
ארצות הברית,2005,מחלות כלי דם במוח,גברים,59.2
ארצות הברית,2006,מחלות כלי דם במוח,גברים,55.4
ארצות הברית,2007,מחלות כלי דם במוח,גברים,54.7
ארצות הברית,2008,מחלות כלי דם במוח,גברים,53.5
ארצות הברית,2009,מחלות כלי דם במוח,גברים,50.4
ארצות הברית,2010,מחלות כלי דם במוח,גברים,49.4
ארצות הברית,2011,מחלות כלי דם במוח,גברים,48.2
ארצות הברית,2012,מחלות כלי דם במוח,גברים,47.3
ארצות הברית,2013,מחלות כלי דם במוח,גברים,47.1
ארצות הברית,2014,מחלות כלי דם במוח,גברים,47.6
ארצות הברית,2015,מחלות כלי דם במוח,גברים,49
ארצות הברית,2016,מחלות כלי דם במוח,גברים,48.6
ארצות הברית,2017,מחלות כלי דם במוח,גברים,49.3
ארצות הברית,2018,מחלות כלי דם במוח,גברים,48.9
ארצות הברית,2019,מחלות כלי דם במוח,גברים,48.8
ארצות הברית,2020,מחלות כלי דם במוח,גברים,51.5
ארצות הברית,2021,מחלות כלי דם במוח,גברים,51.2
ארצות הברית,2022,מחלות כלי דם במוח,גברים,50.6
ארצות הברית,2023,מחלות כלי דם במוח,גברים,49.9
ארצות הברית,2000,מחלות כלי דם במוח,נשים,74.3
ארצות הברית,2001,מחלות כלי דם במוח,נשים,70.8
ארצות הברית,2002,מחלות כלי דם במוח,נשים,69.1
ארצות הברית,2003,מחלות כלי דם במוח,נשים,65.5
ארצות הברית,2004,מחלות כלי דם במוח,נשים,61.2
ארצות הברית,2005,מחלות כלי דם במוח,נשים,56.9
ארצות הברית,2006,מחלות כלי דם במוח,נשים,53.2
ארצות הברית,2007,מחלות כלי דם במוח,נשים,52.1
ארצות הברית,2008,מחלות כלי דם במוח,נשים,52.8
ארצות הברית,2009,מחלות כלי דם במוח,נשים,49.4
ארצות הברית,2010,מחלות כלי דם במוח,נשים,48.7
ארצות הברית,2011,מחלות כלי דם במוח,נשים,47.8
ארצות הברית,2012,מחלות כלי דם במוח,נשים,46.8
ארצות הברית,2013,מחלות כלי דם במוח,נשים,45.9
ארצות הברית,2014,מחלות כלי דם במוח,נשים,46.8
ארצות הברית,2015,מחלות כלי דם במוח,נשים,48.8
ארצות הברית,2016,מחלות כלי דם במוח,נשים,48.6
ארצות הברית,2017,מחלות כלי דם במוח,נשים,49.1
ארצות הברית,2018,מחלות כלי דם במוח,נשים,48.5
ארצות הברית,2019,מחלות כלי דם במוח,נשים,48.1
ארצות הברית,2020,מחלות כלי דם במוח,נשים,50.2
ארצות הברית,2021,מחלות כלי דם במוח,נשים,50.4
ארצות הברית,2022,מחלות כלי דם במוח,נשים,50.2
ארצות הברית,2023,מחלות כלי דם במוח,נשים,48.3
ארצות הברית,2000,מחלות כלי דם במוח,סך הכול,76.9
ארצות הברית,2001,מחלות כלי דם במוח,סך הכול,73
ארצות הברית,2002,מחלות כלי דם במוח,סך הכול,70.8
ארצות הברית,2003,מחלות כלי דם במוח,סך הכול,67.3
ארצות הברית,2004,מחלות כלי דם במוח,סך הכול,62.7
ארצות הברית,2005,מחלות כלי דם במוח,סך הכול,58.4
ארצות הברית,2006,מחלות כלי דם במוח,סך הכול,54.6
ארצות הברית,2007,מחלות כלי דם במוח,סך הכול,53.7
ארצות הברית,2008,מחלות כלי דם במוח,סך הכול,53.6
ארצות הברית,2009,מחלות כלי דם במוח,סך הכול,50.4
ארצות הברית,2010,מחלות כלי דם במוח,סך הכול,49.5
ארצות הברית,2011,מחלות כלי דם במוח,סך הכול,48.5
ארצות הברית,2012,מחלות כלי דם במוח,סך הכול,47.5
ארצות הברית,2013,מחלות כלי דם במוח,סך הכול,46.9
ארצות הברית,2014,מחלות כלי דם במוח,סך הכול,47.6
ארצות הברית,2015,מחלות כלי דם במוח,סך הכול,49.4
ארצות הברית,2016,מחלות כלי דם במוח,סך הכול,49.2
ארצות הברית,2017,מחלות כלי דם במוח,סך הכול,49.7
ארצות הברית,2018,מחלות כלי דם במוח,סך הכול,49.2
ארצות הברית,2019,מחלות כלי דם במוח,סך הכול,48.9
ארצות הברית,2020,מחלות כלי דם במוח,סך הכול,51.3
ארצות הברית,2021,מחלות כלי דם במוח,סך הכול,51.3
ארצות הברית,2022,מחלות כלי דם במוח,סך הכול,50.8
ארצות הברית,2023,מחלות כלי דם במוח,סך הכול,49.4
ארצות הברית,2000,מחלות לב איסכמיות,גברים,307
ארצות הברית,2001,מחלות לב איסכמיות,גברים,290
ארצות הברית,2002,מחלות לב איסכמיות,גברים,279.2
ארצות הברית,2003,מחלות לב איסכמיות,גברים,265.8
ארצות הברית,2004,מחלות לב איסכמיות,גברים,245.6
ארצות הברית,2005,מחלות לב איסכמיות,גברים,237
ארצות הברית,2006,מחלות לב איסכמיות,גברים,223.1
ארצות הברית,2007,מחלות לב איסכמיות,גברים,212.9
ארצות הברית,2008,מחלות לב איסכמיות,גברים,209.8
ארצות הברית,2009,מחלות לב איסכמיות,גברים,198.1
ארצות הברית,2010,מחלות לב איסכמיות,גברים,190.3
ארצות הברית,2011,מחלות לב איסכמיות,גברים,184.9
ארצות הברית,2012,מחלות לב איסכמיות,גברים,180.2
ארצות הברית,2013,מחלות לב איסכמיות,גברים,177.4
ארצות הברית,2014,מחלות לב איסכמיות,גברים,172
ארצות הברית,2015,מחלות לב איסכמיות,גברים,169.5
ארצות הברית,2016,מחלות לב איסכמיות,גברים,165.6
ארצות הברית,2017,מחלות לב איסכמיות,גברים,163.9
ארצות הברית,2018,מחלות לב איסכמיות,גברים,160.8
ארצות הברית,2019,מחלות לב איסכמיות,גברים,155.6
ארצות הברית,2020,מחלות לב איסכמיות,גברים,161.9
ארצות הברית,2021,מחלות לב איסכמיות,גברים,157.3
ארצות הברית,2022,מחלות לב איסכמיות,גברים,151.9
ארצות הברית,2023,מחלות לב איסכמיות,גברים,144.2
ארצות הברית,2000,מחלות לב איסכמיות,נשים,185.9
ארצות הברית,2001,מחלות לב איסכמיות,נשים,177.1
ארצות הברית,2002,מחלות לב איסכמיות,נשים,168.8
ארצות הברית,2003,מחלות לב איסכמיות,נשים,160.7
ארצות הברית,2004,מחלות לב איסכמיות,נשים,147.2
ארצות הברית,2005,מחלות לב איסכמיות,נשים,140.8
ארצות הברית,2006,מחלות לב איסכמיות,נשים,130
ארצות הברית,2007,מחלות לב איסכמיות,נשים,121.6
ארצות הברית,2008,מחלות לב איסכמיות,נשים,124
ארצות הברית,2009,מחלות לב איסכמיות,נשים,113.7
ארצות הברית,2010,מחלות לב איסכמיות,נשים,108.7
ארצות הברית,2011,מחלות לב איסכמיות,נשים,104.9
ארצות הברית,2012,מחלות לב איסכמיות,נשים,101.5
ארצות הברית,2013,מחלות לב איסכמיות,נשים,98.5
ארצות הברית,2014,מחלות לב איסכמיות,נשים,94.7
ארצות הברית,2015,מחלות לב איסכמיות,נשים,93.8
ארצות הברית,2016,מחלות לב איסכמיות,נשים,90.1
ארצות הברית,2017,מחלות לב איסכמיות,נשים,88.4
ארצות הברית,2018,מחלות לב איסכמיות,נשים,86
ארצות הברית,2019,מחלות לב איסכמיות,נשים,82.9
ארצות הברית,2020,מחלות לב איסכמיות,נשים,85.8
ארצות הברית,2021,מחלות לב איסכמיות,נשים,81.6
ארצות הברית,2022,מחלות לב איסכמיות,נשים,79
ארצות הברית,2023,מחלות לב איסכמיות,נשים,72.2
ארצות הברית,2000,מחלות לב איסכמיות,סך הכול,236.9
ארצות הברית,2001,מחלות לב איסכמיות,סך הכול,225.1
ארצות הברית,2002,מחלות לב איסכמיות,סך הכול,216
ארצות הברית,2003,מחלות לב איסכמיות,סך הכול,205.8
ארצות הברית,2004,מחלות לב איסכמיות,סך הכול,189.5
ארצות הברית,2005,מחלות לב איסכמיות,סך הכול,182.2
ארצות הברית,2006,מחלות לב איסכמיות,סך הכול,170.2
ארצות הברית,2007,מחלות לב איסכמיות,סך הכול,160.6
ארצות הברית,2008,מחלות לב איסכמיות,סך הכול,161.3
ארצות הברית,2009,מחלות לב איסכמיות,סך הכול,150.4
ארצות הברית,2010,מחלות לב איסכמיות,סך הכול,144.3
ארצות הברית,2011,מחלות לב איסכמיות,סך הכול,139.9
ארצות הברית,2012,מחלות לב איסכמיות,סך הכול,136.1
ארצות הברית,2013,מחלות לב איסכמיות,סך הכול,133.2
ארצות הברית,2014,מחלות לב איסכמיות,סך הכול,128.8
ארצות הברית,2015,מחלות לב איסכמיות,סך הכול,127.3
ארצות הברית,2016,מחלות לב איסכמיות,סך הכול,123.7
ארצות הברית,2017,מחלות לב איסכמיות,סך הכול,122
ארצות הברית,2018,מחלות לב איסכמיות,סך הכול,119.5
ארצות הברית,2019,מחלות לב איסכמיות,סך הכול,115.5
ארצות הברית,2020,מחלות לב איסכמיות,סך הכול,120.2
ארצות הברית,2021,מחלות לב איסכמיות,סך הכול,115.7
ארצות הברית,2022,מחלות לב איסכמיות,סך הכול,111.9
ארצות הברית,2023,מחלות לב איסכמיות,סך הכול,104.3
ארצות הברית,2000,מחלות מערכת הדם,גברים,519.1
ארצות הברית,2001,מחלות מערכת הדם,גברים,493.4
ארצות הברית,2002,מחלות מערכת הדם,גברים,478.5
ארצות הברית,2003,מחלות מערכת הדם,גברים,460.8
ארצות הברית,2004,מחלות מערכת הדם,גברים,430.9
ארצות הברית,2005,מחלות מערכת הדם,גברים,417.3
ארצות הברית,2006,מחלות מערכת הדם,גברים,394.8
ארצות הברית,2007,מחלות מערכת הדם,גברים,385.8
ארצות הברית,2008,מחלות מערכת הדם,גברים,380.3
ארצות הברית,2009,מחלות מערכת הדם,גברים,363.9
ארצות הברית,2010,מחלות מערכת הדם,גברים,355.2
ארצות הברית,2011,מחלות מערכת הדם,גברים,347.6
ארצות הברית,2012,מחלות מערכת הדם,גברים,344
ארצות הברית,2013,מחלות מערכת הדם,גברים,345.4
ארצות הברית,2014,מחלות מערכת הדם,גברים,342
ארצות הברית,2015,מחלות מערכת הדם,גברים,345.6
ארצות הברית,2016,מחלות מערכת הדם,גברים,341.3
ארצות הברית,2017,מחלות מערכת הדם,גברים,342.6
ארצות הברית,2018,מחלות מערכת הדם,גברים,339.6
ארצות הברית,2019,מחלות מערכת הדם,גברים,329.3
ארצות הברית,2020,מחלות מערכת הדם,גברים,344.5
ארצות הברית,2021,מחלות מערכת הדם,גברים,345.9
ארצות הברית,2022,מחלות מערכת הדם,גברים,334.7
ארצות הברית,2023,מחלות מערכת הדם,גברים,327.7
ארצות הברית,2000,מחלות מערכת הדם,נשים,366.4
ארצות הברית,2001,מחלות מערכת הדם,נשים,353.4
ארצות הברית,2002,מחלות מערכת הדם,נשים,342.3
ארצות הברית,2003,מחלות מערכת הדם,נשים,329.8
ארצות הברית,2004,מחלות מערכת הדם,נשים,307.9
ארצות הברית,2005,מחלות מערכת הדם,נשים,297.4
ארצות הברית,2006,מחלות מערכת הדם,נשים,278
ארצות הברית,2007,מחלות מערכת הדם,נשים,267.6
ארצות הברית,2008,מחלות מערכת הדם,נשים,273.4
ארצות הברית,2009,מחלות מערכת הדם,נשים,257.2
ארצות הברית,2010,מחלות מערכת הדם,נשים,251.3
ארצות הברית,2011,מחלות מערכת הדם,נשים,246.3
ארצות הברית,2012,מחלות מערכת הדם,נשים,243.1
ארצות הברית,2013,מחלות מערכת הדם,נשים,241.8
ארצות הברית,2014,מחלות מערכת הדם,נשים,239.7
ארצות הברית,2015,מחלות מערכת הדם,נשים,245.8
ארצות הברית,2016,מחלות מערכת הדם,נשים,241.7
ארצות הברית,2017,מחלות מערכת הדם,נשים,242.1
ארצות הברית,2018,מחלות מערכת הדם,נשים,239.6
ארצות הברית,2019,מחלות מערכת הדם,נשים,232.2
ארצות הברית,2020,מחלות מערכת הדם,נשים,240.6
ארצות הברית,2021,מחלות מערכת הדם,נשים,241
ארצות הברית,2022,מחלות מערכת הדם,נשים,235.7
ארצות הברית,2023,מחלות מערכת הדם,נשים,224.7
ארצות הברית,2000,מחלות מערכת הדם,סך הכול,431.8
ארצות הברית,2001,מחלות מערכת הדם,סך הכול,414.2
ארצות הברית,2002,מחלות מערכת הדם,סך הכול,401.8
ארצות הברית,2003,מחלות מערכת הדם,סך הכול,387.4
ארצות הברית,2004,מחלות מערכת הדם,סך הכול,362.1
ארצות הברית,2005,מחלות מערכת הדם,סך הכול,350.4
ארצות הברית,2006,מחלות מערכת הדם,סך הכול,329.6
ארצות הברית,2007,מחלות מערכת הדם,סך הכול,319.2
ארצות הברית,2008,מחלות מערכת הדם,סך הכול,321.2
ארצות הברית,2009,מחלות מערכת הדם,סך הכול,304.9
ארצות הברית,2010,מחלות מערכת הדם,סך הכול,297.9
ארצות הברית,2011,מחלות מערכת הדם,סך הכול,291.9
ארצות הברית,2012,מחלות מערכת הדם,סך הכול,288.6
ארצות הברית,2013,מחלות מערכת הדם,סך הכול,288.6
ארצות הברית,2014,מחלות מערכת הדם,סך הכול,286.1
ארצות הברית,2015,מחלות מערכת הדם,סך הכול,291.3
ארצות הברית,2016,מחלות מערכת הדם,סך הכול,287.3
ארצות הברית,2017,מחלות מערכת הדם,סך הכול,288.2
ארצות הברית,2018,מחלות מערכת הדם,סך הכול,285.7
ארצות הברית,2019,מחלות מערכת הדם,סך הכול,277
ארצות הברית,2020,מחלות מערכת הדם,סך הכול,288.8
ארצות הברית,2021,מחלות מערכת הדם,סך הכול,289.8
ארצות הברית,2022,מחלות מערכת הדם,סך הכול,281.8
ארצות הברית,2023,מחלות מערכת הדם,סך הכול,271.8
ארצות הברית,2000,מחלות מערכת הנשימה,גברים,134.7
ארצות הברית,2001,מחלות מערכת הנשימה,גברים,128.5
ארצות הברית,2002,מחלות מערכת הנשימה,גברים,127.3
ארצות הברית,2003,מחלות מערכת הנשימה,גברים,124.3
ארצות הברית,2004,מחלות מערכת הנשימה,גברים,117.9
ארצות הברית,2005,מחלות מערכת הנשימה,גברים,119.5
ארצות הברית,2006,מחלות מערכת הנשימה,גברים,111.5
ארצות הברית,2007,מחלות מערכת הנשימה,גברים,111.7
ארצות הברית,2008,מחלות מערכת הנשימה,גברים,117.9
ארצות הברית,2009,מחלות מערכת הנשימה,גברים,111.4
ארצות הברית,2010,מחלות מערכת הנשימה,גברים,109.5
ארצות הברית,2011,מחלות מערכת הנשימה,גברים,111.2
ארצות הברית,2012,מחלות מערכת הנשימה,גברים,107.8
ארצות הברית,2013,מחלות מערכת הנשימה,גברים,111.1
ארצות הברית,2014,מחלות מערכת הנשימה,גברים,107.5
ארצות הברית,2015,מחלות מערכת הנשימה,גברים,109.5
ארצות הברית,2016,מחלות מערכת הנשימה,גברים,105.3
ארצות הברית,2017,מחלות מערכת הנשימה,גברים,106.8
ארצות הברית,2018,מחלות מערכת הנשימה,גברים,105.6
ארצות הברית,2019,מחלות מערכת הנשימה,גברים,98.5
ארצות הברית,2020,מחלות מערכת הנשימה,גברים,97.6
ארצות הברית,2021,מחלות מערכת הנשימה,גברים,88.9
ארצות הברית,2022,מחלות מערכת הנשימה,גברים,89.3
ארצות הברית,2023,מחלות מערכת הנשימה,גברים,87.7
ארצות הברית,2000,מחלות מערכת הנשימה,נשים,89.3
ארצות הברית,2001,מחלות מערכת הנשימה,נשים,87.9
ארצות הברית,2002,מחלות מערכת הנשימה,נשים,87.7
ארצות הברית,2003,מחלות מערכת הנשימה,נשים,87.4
ארצות הברית,2004,מחלות מערכת הנשימה,נשים,82.3
ארצות הברית,2005,מחלות מערכת הנשימה,נשים,85.7
ארצות הברית,2006,מחלות מערכת הנשימה,נשים,79.3
ארצות הברית,2007,מחלות מערכת הנשימה,נשים,78
ארצות הברית,2008,מחלות מערכת הנשימה,נשים,86.7
ארצות הברית,2009,מחלות מערכת הנשימה,נשים,82.9
ארצות הברית,2010,מחלות מערכת הנשימה,נשים,80.3
ארצות הברית,2011,מחלות מערכת הנשימה,נשים,83.1
ארצות הברית,2012,מחלות מערכת הנשימה,נשים,81.2
ארצות הברית,2013,מחלות מערכת הנשימה,נשים,84.7
ארצות הברית,2014,מחלות מערכת הנשימה,נשים,82.1
ארצות הברית,2015,מחלות מערכת הנשימה,נשים,85.6
ארצות הברית,2016,מחלות מערכת הנשימה,נשים,81.8
ארצות הברית,2017,מחלות מערכת הנשימה,נשים,84.7
ארצות הברית,2018,מחלות מערכת הנשימה,נשים,83.7
ארצות הברית,2019,מחלות מערכת הנשימה,נשים,78.5
ארצות הברית,2020,מחלות מערכת הנשימה,נשים,75.4
ארצות הברית,2021,מחלות מערכת הנשימה,נשים,68.4
ארצות הברית,2022,מחלות מערכת הנשימה,נשים,71.4
ארצות הברית,2023,מחלות מערכת הנשימה,נשים,69.6
ארצות הברית,2000,מחלות מערכת הנשימה,סך הכול,105.9
ארצות הברית,2001,מחלות מערכת הנשימה,סך הכול,103
ארצות הברית,2002,מחלות מערכת הנשימה,סך הכול,102.6
ארצות הברית,2003,מחלות מערכת הנשימה,סך הכול,101.5
ארצות הברית,2004,מחלות מערכת הנשימה,סך הכול,96
ארצות הברית,2005,מחלות מערכת הנשימה,סך הכול,98.9
ארצות הברית,2006,מחלות מערכת הנשימה,סך הכול,91.8
ארצות הברית,2007,מחלות מערכת הנשימה,סך הכול,91
ארצות הברית,2008,מחלות מערכת הנשימה,סך הכול,99
ארצות הברית,2009,מחלות מערכת הנשימה,סך הכול,94
ארצות הברית,2010,מחלות מערכת הנשימה,סך הכול,91.9
ארצות הברית,2011,מחלות מערכת הנשימה,סך הכול,94.3
ארצות הברית,2012,מחלות מערכת הנשימה,סך הכול,91.8
ארצות הברית,2013,מחלות מערכת הנשימה,סך הכול,95.3
ארצות הברית,2014,מחלות מערכת הנשימה,סך הכול,92.4
ארצות הברית,2015,מחלות מערכת הנשימה,סך הכול,95.4
ארצות הברית,2016,מחלות מערכת הנשימה,סך הכול,91.5
ארצות הברית,2017,מחלות מערכת הנשימה,סך הכול,93.8
ארצות הברית,2018,מחלות מערכת הנשימה,סך הכול,92.9
ארצות הברית,2019,מחלות מערכת הנשימה,סך הכול,86.9
ארצות הברית,2020,מחלות מערכת הנשימה,סך הכול,84.9
ארצות הברית,2021,מחלות מערכת הנשימה,סך הכול,77.2
ארצות הברית,2022,מחלות מערכת הנשימה,סך הכול,79.1
ארצות הברית,2023,מחלות מערכת הנשימה,סך הכול,77.3
ארצות הברית,2000,נפילות,גברים,8.1
ארצות הברית,2001,נפילות,גברים,8.9
ארצות הברית,2002,נפילות,גברים,9.1
ארצות הברית,2003,נפילות,גברים,9.4
ארצות הברית,2004,נפילות,גברים,10.1
ארצות הברית,2005,נפילות,גברים,10.2
ארצות הברית,2006,נפילות,גברים,10.6
ארצות הברית,2007,נפילות,גברים,11.4
ארצות הברית,2008,נפילות,גברים,12.1
ארצות הברית,2009,נפילות,גברים,12.2
ארצות הברית,2010,נפילות,גברים,12.2
ארצות הברית,2011,נפילות,גברים,12.7
ארצות הברית,2012,נפילות,גברים,12.9
ארצות הברית,2013,נפילות,גברים,13.4
ארצות הברית,2014,נפילות,גברים,13.9
ארצות הברית,2015,נפילות,גברים,14.3
ארצות הברית,2016,נפילות,גברים,14.4
ארצות הברית,2017,נפילות,גברים,14.9
ארצות הברית,2018,נפילות,גברים,14.9
ארצות הברית,2019,נפילות,גברים,15.5
ארצות הברית,2020,נפילות,גברים,16.2
ארצות הברית,2021,נפילות,גברים,17
ארצות הברית,2022,נפילות,גברים,17.2
ארצות הברית,2023,נפילות,גברים,17.2
ארצות הברית,2000,נפילות,נשים,4.5
ארצות הברית,2001,נפילות,נשים,4.9
ארצות הברית,2002,נפילות,נשים,5.4
ארצות הברית,2003,נפילות,נשים,5.7
ארצות הברית,2004,נפילות,נשים,6
ארצות הברית,2005,נפילות,נשים,6.2
ארצות הברית,2006,נפילות,נשים,6.4
ארצות הברית,2007,נפילות,נשים,7
ארצות הברית,2008,נפילות,נשים,7.6
ארצות הברית,2009,נפילות,נשים,7.7
ארצות הברית,2010,נפילות,נשים,8.1
ארצות הברית,2011,נפילות,נשים,8.4
ארצות הברית,2012,נפילות,נשים,8.8
ארצות הברית,2013,נפילות,נשים,9
ארצות הברית,2014,נפילות,נשים,9.5
ארצות הברית,2015,נפילות,נשים,9.7
ארצות הברית,2016,נפילות,נשים,10.1
ארצות הברית,2017,נפילות,נשים,10.3
ארצות הברית,2018,נפילות,נשים,10.6
ארצות הברית,2019,נפילות,נשים,10.8
ארצות הברית,2020,נפילות,נשים,11.4
ארצות הברית,2021,נפילות,נשים,11.9
ארצות הברית,2022,נפילות,נשים,12.2
ארצות הברית,2023,נפילות,נשים,12.2
ארצות הברית,2000,נפילות,סך הכול,6
ארצות הברית,2001,נפילות,סך הכול,6.5
ארצות הברית,2002,נפילות,סך הכול,6.9
ארצות הברית,2003,נפילות,סך הכול,7.2
ארצות הברית,2004,נפילות,סך הכול,7.7
ארצות הברית,2005,נפילות,סך הכול,7.9
ארצות הברית,2006,נפילות,סך הכול,8.2
ארצות הברית,2007,נפילות,סך הכול,8.8
ארצות הברית,2008,נפילות,סך הכול,9.5
ארצות הברית,2009,נפילות,סך הכול,9.6
ארצות הברית,2010,נפילות,סך הכול,9.9
ארצות הברית,2011,נפילות,סך הכול,10.2
ארצות הברית,2012,נפילות,סך הכול,10.6
ארצות הברית,2013,נפילות,סך הכול,11
ארצות הברית,2014,נפילות,סך הכול,11.4
ארצות הברית,2015,נפילות,סך הכול,11.8
ארצות הברית,2016,נפילות,סך הכול,12
ארצות הברית,2017,נפילות,סך הכול,12.4
ארצות הברית,2018,נפילות,סך הכול,12.5
ארצות הברית,2019,נפילות,סך הכול,12.9
ארצות הברית,2020,נפילות,סך הכול,13.6
ארצות הברית,2021,נפילות,סך הכול,14.2
ארצות הברית,2022,נפילות,סך הכול,14.5
ארצות הברית,2023,נפילות,סך הכול,14.4
ארצות הברית,2000,סוכרת,גברים,35
ארצות הברית,2001,סוכרת,גברים,35.4
ארצות הברית,2002,סוכרת,גברים,35.9
ארצות הברית,2003,סוכרת,גברים,36.3
ארצות הברית,2004,סוכרת,גברים,35.4
ארצות הברית,2005,סוכרת,גברים,35.8
ארצות הברית,2006,סוכרת,גברים,34.4
ארצות הברית,2007,סוכרת,גברים,33.4
ארצות הברית,2008,סוכרת,גברים,32.6
ארצות הברית,2009,סוכרת,גברים,31.4
ארצות הברית,2010,סוכרת,גברים,31
ארצות הברית,2011,סוכרת,גברים,32.7
ארצות הברית,2012,סוכרת,גברים,32.1
ארצות הברית,2013,סוכרת,גברים,32.3
ארצות הברית,2014,סוכרת,גברים,32.4
ארצות הברית,2015,סוכרת,גברים,33.1
ארצות הברית,2016,סוכרת,גברים,32.7
ארצות הברית,2017,סוכרת,גברים,33.7
ארצות הברית,2018,סוכרת,גברים,33.7
ארצות הברית,2019,סוכרת,גברים,34.1
ארצות הברית,2020,סוכרת,גברים,38.8
ארצות הברית,2021,סוכרת,גברים,38.6
ארצות הברית,2022,סוכרת,גברים,37.2
ארצות הברית,2023,סוכרת,גברים,35.5
ארצות הברית,2000,סוכרת,נשים,28.9
ארצות הברית,2001,סוכרת,נשים,29
ארצות הברית,2002,סוכרת,נשים,28.8
ארצות הברית,2003,סוכרת,נשים,28.2
ארצות הברית,2004,סוכרת,נשים,27.1
ארצות הברית,2005,סוכרת,נשים,27.1
ארצות הברית,2006,סוכרת,נשים,25.2
ארצות הברית,2007,סוכרת,נשים,24.4
ארצות הברית,2008,סוכרת,נשים,24.3
ארצות הברית,2009,סוכרת,נשים,22.8
ארצות הברית,2010,סוכרת,נשים,22.3
ארצות הברית,2011,סוכרת,נשים,23.2
ארצות הברית,2012,סוכרת,נשים,22.8
ארצות הברית,2013,סוכרת,נשים,22.7
ארצות הברית,2014,סוכרת,נשים,22.1
ארצות הברית,2015,סוכרת,נשים,22.4
ארצות הברית,2016,סוכרת,נשים,21.9
ארצות הברית,2017,סוכרת,נשים,22.1
ארצות הברית,2018,סוכרת,נשים,21.8
ארצות הברית,2019,סוכרת,נשים,21.8
ארצות הברית,2020,סוכרת,נשים,25.1
ארצות הברית,2021,סוכרת,נשים,24.8
ארצות הברית,2022,סוכרת,נשים,23.7
ארצות הברית,2023,סוכרת,נשים,21.6
ארצות הברית,2000,סוכרת,סך הכול,31.5
ארצות הברית,2001,סוכרת,סך הכול,31.8
ארצות הברית,2002,סוכרת,סך הכול,31.9
ארצות הברית,2003,סוכרת,סך הכול,31.8
ארצות הברית,2004,סוכרת,סך הכול,30.7
ארצות הברית,2005,סוכרת,סך הכול,30.9
ארצות הברית,2006,סוכרת,סך הכול,29.2
ארצות הברית,2007,סוכרת,סך הכול,28.3
ארצות הברית,2008,סוכרת,סך הכול,28
ארצות הברית,2009,סוכרת,סך הכול,26.6
ארצות הברית,2010,סוכרת,סך הכול,26.2
ארצות הברית,2011,סוכרת,סך הכול,27.4
ארצות הברית,2012,סוכרת,סך הכול,26.9
ארצות הברית,2013,סוכרת,סך הכול,27
ארצות הברית,2014,סוכרת,סך הכול,26.7
ארצות הברית,2015,סוכרת,סך הכול,27.2
ארצות הברית,2016,סוכרת,סך הכול,26.8
ארצות הברית,2017,סוכרת,סך הכול,27.4
ארצות הברית,2018,סוכרת,סך הכול,27.2
ארצות הברית,2019,סוכרת,סך הכול,27.4
ארצות הברית,2020,סוכרת,סך הכול,31.4
ארצות הברית,2021,סוכרת,סך הכול,31.2
ארצות הברית,2022,סוכרת,סך הכול,29.9
ארצות הברית,2023,סוכרת,סך הכול,27.9
ארצות הברית,2020,קורונה,גברים,137.3
ארצות הברית,2021,קורונה,גברים,157.8
ארצות הברית,2022,קורונה,גברים,70.1
ארצות הברית,2023,קורונה,גברים,18.8
ארצות הברית,2020,קורונה,נשים,88.2
ארצות הברית,2021,קורונה,נשים,100.4
ארצות הברית,2022,קורונה,נשים,45.3
ארצות הברית,2023,קורונה,נשים,12.6
ארצות הברית,2020,קורונה,סך הכול,110.4
ארצות הברית,2021,קורונה,סך הכול,126.5
ארצות הברית,2022,קורונה,סך הכול,56.1
ארצות הברית,2023,קורונה,סך הכול,15.1
ארצות הברית,2000,שפעת,גברים,0.8
ארצות הברית,2001,שפעת,גברים,0.1
ארצות הברית,2002,שפעת,גברים,0.3
ארצות הברית,2003,שפעת,גברים,0.8
ארצות הברית,2004,שפעת,גברים,0.5
ארצות הברית,2005,שפעת,גברים,0.7
ארצות הברית,2006,שפעת,גברים,0.4
ארצות הברית,2007,שפעת,גברים,0.2
ארצות הברית,2008,שפעת,גברים,0.7
ארצות הברית,2009,שפעת,גברים,0.5
ארצות הברית,2010,שפעת,גברים,0.1
ארצות הברית,2011,שפעת,גברים,0.5
ארצות הברית,2012,שפעת,גברים,0.4
ארצות הברית,2013,שפעת,גברים,1.4
ארצות הברית,2014,שפעת,גברים,1.5
ארצות הברית,2015,שפעת,גברים,1.9
ארצות הברית,2016,שפעת,גברים,0.9
ארצות הברית,2017,שפעת,גברים,2.3
ארצות הברית,2018,שפעת,גברים,3.9
ארצות הברית,2019,שפעת,גברים,1.9
ארצות הברית,2020,שפעת,גברים,1.9
ארצות הברית,2021,שפעת,גברים,0.2
ארצות הברית,2022,שפעת,גברים,1.8
ארצות הברית,2023,שפעת,גברים,1.2
ארצות הברית,2000,שפעת,נשים,0.8
ארצות הברית,2001,שפעת,נשים,0.1
ארצות הברית,2002,שפעת,נשים,0.3
ארצות הברית,2003,שפעת,נשים,0.7
ארצות הברית,2004,שפעת,נשים,0.4
ארצות הברית,2005,שפעת,נשים,0.7
ארצות הברית,2006,שפעת,נשים,0.3
ארצות הברית,2007,שפעת,נשים,0.1
ארצות הברית,2008,שפעת,נשים,0.7
ארצות הברית,2009,שפעת,נשים,0.4
ארצות הברית,2010,שפעת,נשים,0.1
ארצות הברית,2011,שפעת,נשים,0.5
ארצות הברית,2012,שפעת,נשים,0.4
ארצות הברית,2013,שפעת,נשים,1.2
ארצות הברית,2014,שפעת,נשים,1.2
ארצות הברית,2015,שפעת,נשים,1.8
ארצות הברית,2016,שפעת,נשים,0.8
ארצות הברית,2017,שפעת,נשים,2.1
ארצות הברית,2018,שפעת,נשים,3.5
ארצות הברית,2019,שפעת,נשים,1.7
ארצות הברית,2020,שפעת,נשים,1.7
ארצות הברית,2021,שפעת,נשים,0.2
ארצות הברית,2022,שפעת,נשים,1.7
ארצות הברית,2023,שפעת,נשים,1.2
ארצות הברית,2000,שפעת,סך הכול,0.8
ארצות הברית,2001,שפעת,סך הכול,0.1
ארצות הברית,2002,שפעת,סך הכול,0.3
ארצות הברית,2003,שפעת,סך הכול,0.7
ארצות הברית,2004,שפעת,סך הכול,0.5
ארצות הברית,2005,שפעת,סך הכול,0.7
ארצות הברית,2006,שפעת,סך הכול,0.3
ארצות הברית,2007,שפעת,סך הכול,0.2
ארצות הברית,2008,שפעת,סך הכול,0.7
ארצות הברית,2009,שפעת,סך הכול,0.5
ארצות הברית,2010,שפעת,סך הכול,0.1
ארצות הברית,2011,שפעת,סך הכול,0.5
ארצות הברית,2012,שפעת,סך הכול,0.4
ארצות הברית,2013,שפעת,סך הכול,1.3
ארצות הברית,2014,שפעת,סך הכול,1.3
ארצות הברית,2015,שפעת,סך הכול,1.8
ארצות הברית,2016,שפעת,סך הכול,0.9
ארצות הברית,2017,שפעת,סך הכול,2.2
ארצות הברית,2018,שפעת,סך הכול,3.6
ארצות הברית,2019,שפעת,סך הכול,1.8
ארצות הברית,2020,שפעת,סך הכול,1.8
ארצות הברית,2021,שפעת,סך הכול,0.2
ארצות הברית,2022,שפעת,סך הכול,1.8
ארצות הברית,2023,שפעת,סך הכול,1.2
ארצות הברית,2000,תאונות דרכים,גברים,24.5
ארצות הברית,2001,תאונות דרכים,גברים,24.5
ארצות הברית,2002,תאונות דרכים,גברים,24.7
ארצות הברית,2003,תאונות דרכים,גברים,24.2
ארצות הברית,2004,תאונות דרכים,גברים,23.9
ארצות הברית,2005,תאונות דרכים,גברים,24.2
ארצות הברית,2006,תאונות דרכים,גברים,23.8
ארצות הברית,2007,תאונות דרכים,גברים,23.3
ארצות הברית,2008,תאונות דרכים,גברים,20.9
ארצות הברית,2009,תאונות דרכים,גברים,18.8
ארצות הברית,2010,תאונות דרכים,גברים,18
ארצות הברית,2011,תאונות דרכים,גברים,18
ארצות הברית,2012,תאונות דרכים,גברים,18.2
ארצות הברית,2013,תאונות דרכים,גברים,17.5
ארצות הברית,2014,תאונות דרכים,גברים,17.4
ארצות הברית,2015,תאונות דרכים,גברים,18.4
ארצות הברית,2016,תאונות דרכים,גברים,19.3
ארצות הברית,2017,תאונות דרכים,גברים,19.1
ארצות הברית,2018,תאונות דרכים,גברים,18.3
ארצות הברית,2019,תאונות דרכים,גברים,18.2
ארצות הברית,2020,תאונות דרכים,גברים,19.6
ארצות הברית,2021,תאונות דרכים,גברים,21.4
ארצות הברית,2022,תאונות דרכים,גברים,21.1
ארצות הברית,2023,תאונות דרכים,גברים,21.3
ארצות הברית,2000,תאונות דרכים,נשים,10.3
ארצות הברית,2001,תאונות דרכים,נשים,10.1
ארצות הברית,2002,תאונות דרכים,נשים,10.2
ארצות הברית,2003,תאונות דרכים,נשים,10.1
ארצות הברית,2004,תאונות דרכים,נשים,10
ארצות הברית,2005,תאונות דרכים,נשים,9.7
ארצות הברית,2006,תאונות דרכים,נשים,9.5
ארצות הברית,2007,תאונות דרכים,נשים,8.8
ארצות הברית,2008,תאונות דרכים,נשים,8
ארצות הברית,2009,תאונות דרכים,נשים,7.5
ארצות הברית,2010,תאונות דרכים,נשים,7.3
ארצות הברית,2011,תאונות דרכים,נשים,7
ארצות הברית,2012,תאונות דרכים,נשים,7.2
ארצות הברית,2013,תאונות דרכים,נשים,6.8
ארצות הברית,2014,תאונות דרכים,נשים,6.7
ארצות הברית,2015,תאונות דרכים,נשים,7
ארצות הברית,2016,תאונות דרכים,נשים,7.5
ארצות הברית,2017,תאונות דרכים,נשים,7.4
ארצות הברית,2018,תאונות דרכים,נשים,7.2
ארצות הברית,2019,תאונות דרכים,נשים,7.1
ארצות הברית,2020,תאונות דרכים,נשים,7.3
ארצות הברית,2021,תאונות דרכים,נשים,8.1
ארצות הברית,2022,תאונות דרכים,נשים,7.9
ארצות הברית,2023,תאונות דרכים,נשים,7.6
ארצות הברית,2000,תאונות דרכים,סך הכול,17.1
ארצות הברית,2001,תאונות דרכים,סך הכול,17
ארצות הברית,2002,תאונות דרכים,סך הכול,17.2
ארצות הברית,2003,תאונות דרכים,סך הכול,16.9
ארצות הברית,2004,תאונות דרכים,סך הכול,16.7
ארצות הברית,2005,תאונות דרכים,סך הכול,16.7
ארצות הברית,2006,תאונות דרכים,סך הכול,16.4
ארצות הברית,2007,תאונות דרכים,סך הכול,15.8
ארצות הברית,2008,תאונות דרכים,סך הכול,14.3
ארצות הברית,2009,תאונות דרכים,סך הכול,13
ארצות הברית,2010,תאונות דרכים,סך הכול,12.5
ארצות הברית,2011,תאונות דרכים,סך הכול,12.4
ארצות הברית,2012,תאונות דרכים,סך הכול,12.6
ארצות הברית,2013,תאונות דרכים,סך הכול,12.1
ארצות הברית,2014,תאונות דרכים,סך הכול,12
ארצות הברית,2015,תאונות דרכים,סך הכול,12.6
ארצות הברית,2016,תאונות דרכים,סך הכול,13.3
ארצות הברית,2017,תאונות דרכים,סך הכול,13.2
ארצות הברית,2018,תאונות דרכים,סך הכול,12.7
ארצות הברית,2019,תאונות דרכים,סך הכול,12.6
ארצות הברית,2020,תאונות דרכים,סך הכול,13.4
ארצות הברית,2021,תאונות דרכים,סך הכול,14.8
ארצות הברית,2022,תאונות דרכים,סך הכול,14.5
ארצות הברית,2023,תאונות דרכים,סך הכול,14.4
ארצות הברית,2000,תקיפה,גברים,8.7
ארצות הברית,2001,תקיפה,גברים,10.5
ארצות הברית,2002,תקיפה,גברים,9.1
ארצות הברית,2003,תקיפה,גברים,9.1
ארצות הברית,2004,תקיפה,גברים,8.9
ארצות הברית,2005,תקיפה,גברים,9.2
ארצות הברית,2006,תקיפה,גברים,9.3
ארצות הברית,2007,תקיפה,גברים,9.2
ארצות הברית,2008,תקיפה,גברים,8.7
ארצות הברית,2009,תקיפה,גברים,8.1
ארצות הברית,2010,תקיפה,גברים,7.8
ארצות הברית,2011,תקיפה,גברים,7.7
ארצות הברית,2012,תקיפה,גברים,7.9
ארצות הברית,2013,תקיפה,גברים,7.6
ארצות הברית,2014,תקיפה,גברים,7.4
ארצות הברית,2015,תקיפה,גברים,8.3
ארצות הברית,2016,תקיפה,גברים,9
ארצות הברית,2017,תקיפה,גברים,9
ארצות הברית,2018,תקיפה,גברים,8.5
ארצות הברית,2019,תקיפה,גברים,8.7
ארצות הברית,2020,תקיפה,גברים,11.4
ארצות הברית,2021,תקיפה,גברים,12
ארצות הברית,2022,תקיפה,גברים,11.3
ארצות הברית,2023,תקיפה,גברים,10.8
ארצות הברית,2000,תקיפה,נשים,2.7
ארצות הברית,2001,תקיפה,נשים,3.2
ארצות הברית,2002,תקיפה,נשים,2.7
ארצות הברית,2003,תקיפה,נשים,2.5
ארצות הברית,2004,תקיפה,נשים,2.5
ארצות הברית,2005,תקיפה,נשים,2.4
ארצות הברית,2006,תקיפה,נשים,2.5
ארצות הברית,2007,תקיפה,נשים,2.5
ארצות הברית,2008,תקיפה,נשים,2.4
ארצות הברית,2009,תקיפה,נשים,2.4
ארצות הברית,2010,תקיפה,נשים,2.2
ארצות הברית,2011,תקיפה,נשים,2.2
ארצות הברית,2012,תקיפה,נשים,2.2
ארצות הברית,2013,תקיפה,נשים,2.1
ארצות הברית,2014,תקיפה,נשים,2.1
ארצות הברית,2015,תקיפה,נשים,2.2
ארצות הברית,2016,תקיפה,נשים,2.4
ארצות הברית,2017,תקיפה,נשים,2.4
ארצות הברית,2018,תקיפה,נשים,2.4
ארצות הברית,2019,תקיפה,נשים,2.3
ארצות הברית,2020,תקיפה,נשים,2.8
ארצות הברית,2021,תקיפה,נשים,3
ארצות הברית,2022,תקיפה,נשים,2.9
ארצות הברית,2023,תקיפה,נשים,2.7
ארצות הברית,2000,תקיפה,סך הכול,5.7
ארצות הברית,2001,תקיפה,סך הכול,6.9
ארצות הברית,2002,תקיפה,סך הכול,5.9
ארצות הברית,2003,תקיפה,סך הכול,5.8
ארצות הברית,2004,תקיפה,סך הכול,5.7
ארצות הברית,2005,תקיפה,סך הכול,5.9
ארצות הברית,2006,תקיפה,סך הכול,5.9
ארצות הברית,2007,תקיפה,סך הכול,5.9
ארצות הברית,2008,תקיפה,סך הכול,5.6
ארצות הברית,2009,תקיפה,סך הכול,5.3
ארצות הברית,2010,תקיפה,סך הכול,5.1
ארצות הברית,2011,תקיפה,סך הכול,5
ארצות הברית,2012,תקיפה,סך הכול,5.1
ארצות הברית,2013,תקיפה,סך הכול,4.9
ארצות הברית,2014,תקיפה,סך הכול,4.8
ארצות הברית,2015,תקיפה,סך הכול,5.3
ארצות הברית,2016,תקיפה,סך הכול,5.8
ארצות הברית,2017,תקיפה,סך הכול,5.8
ארצות הברית,2018,תקיפה,סך הכול,5.5
ארצות הברית,2019,תקיפה,סך הכול,5.6
ארצות הברית,2020,תקיפה,סך הכול,7.2
ארצות הברית,2021,תקיפה,סך הכול,7.6
ארצות הברית,2022,תקיפה,סך הכול,7.2
ארצות הברית,2023,תקיפה,סך הכול,6.8
בלגיה,2000,גידולים,גברים,387.5
בלגיה,2001,גידולים,גברים,378.4
בלגיה,2002,גידולים,גברים,376.9
בלגיה,2003,גידולים,גברים,363
בלגיה,2004,גידולים,גברים,352.5
בלגיה,2005,גידולים,גברים,354.8
בלגיה,2006,גידולים,גברים,340.9
בלגיה,2007,גידולים,גברים,334.9
בלגיה,2008,גידולים,גברים,336.7
בלגיה,2009,גידולים,גברים,325.8
בלגיה,2010,גידולים,גברים,328
בלגיה,2011,גידולים,גברים,318.3
בלגיה,2012,גידולים,גברים,315.5
בלגיה,2013,גידולים,גברים,308.8
בלגיה,2014,גידולים,גברים,298.3
בלגיה,2015,גידולים,גברים,294.2
בלגיה,2016,גידולים,גברים,289.5
בלגיה,2017,גידולים,גברים,277.3
בלגיה,2018,גידולים,גברים,268.3
בלגיה,2019,גידולים,גברים,261.1
בלגיה,2020,גידולים,גברים,252
בלגיה,2021,גידולים,גברים,250.2
בלגיה,2022,גידולים,גברים,243.9
בלגיה,2023,גידולים,גברים,241
בלגיה,2000,גידולים,נשים,197.3
בלגיה,2001,גידולים,נשים,195.8
בלגיה,2002,גידולים,נשים,197.7
בלגיה,2003,גידולים,נשים,193.3
בלגיה,2004,גידולים,נשים,189.6
בלגיה,2005,גידולים,נשים,188.4
בלגיה,2006,גידולים,נשים,186.5
בלגיה,2007,גידולים,נשים,189.6
בלגיה,2008,גידולים,נשים,188.4
בלגיה,2009,גידולים,נשים,187.3
בלגיה,2010,גידולים,נשים,186.1
בלגיה,2011,גידולים,נשים,186.3
בלגיה,2012,גידולים,נשים,180.7
בלגיה,2013,גידולים,נשים,181.6
בלגיה,2014,גידולים,נשים,178.2
בלגיה,2015,גידולים,נשים,176.7
בלגיה,2016,גידולים,נשים,172.3
בלגיה,2017,גידולים,נשים,171.8
בלגיה,2018,גידולים,נשים,165.3
בלגיה,2019,גידולים,נשים,164.6
בלגיה,2020,גידולים,נשים,160.4
בלגיה,2021,גידולים,נשים,158.3
בלגיה,2022,גידולים,נשים,158.1
בלגיה,2023,גידולים,נשים,159.9
בלגיה,2000,גידולים,סך הכול,270.8
בלגיה,2001,גידולים,סך הכול,267.1
בלגיה,2002,גידולים,סך הכול,267.7
בלגיה,2003,גידולים,סך הכול,259.8
בלגיה,2004,גידולים,סך הכול,253.7
בלגיה,2005,גידולים,סך הכול,254.2
בלגיה,2006,גידולים,סך הכול,248
בלגיה,2007,גידולים,סך הכול,247.9
בלגיה,2008,גידולים,סך הכול,248.5
בלגיה,2009,גידולים,סך הכול,243.3
בלגיה,2010,גידולים,סך הכול,243.8
בלגיה,2011,גידולים,סך הכול,239.9
בלגיה,2012,גידולים,סך הכול,236
בלגיה,2013,גידולים,סך הכול,234
בלגיה,2014,גידולים,סך הכול,228.2
בלגיה,2015,גידולים,סך הכול,225.5
בלגיה,2016,גידולים,סך הכול,221.5
בלגיה,2017,גידולים,סך הכול,215.9
בלגיה,2018,גידולים,סך הכול,208.5
בלגיה,2019,גידולים,סך הכול,205
בלגיה,2020,גידולים,סך הכול,199
בלגיה,2021,גידולים,סך הכול,196.9
בלגיה,2022,גידולים,סך הכול,194.5
בלגיה,2023,גידולים,סך הכול,194.3
בלגיה,2000,מחלות זיהומיות,גברים,25.6
בלגיה,2001,מחלות זיהומיות,גברים,26
בלגיה,2002,מחלות זיהומיות,גברים,28.8
בלגיה,2003,מחלות זיהומיות,גברים,31.4
בלגיה,2004,מחלות זיהומיות,גברים,30.1
בלגיה,2005,מחלות זיהומיות,גברים,29
בלגיה,2006,מחלות זיהומיות,גברים,24
בלגיה,2007,מחלות זיהומיות,גברים,22.9
בלגיה,2008,מחלות זיהומיות,גברים,22.7
בלגיה,2009,מחלות זיהומיות,גברים,23.1
בלגיה,2010,מחלות זיהומיות,גברים,23.4
בלגיה,2011,מחלות זיהומיות,גברים,23
בלגיה,2012,מחלות זיהומיות,גברים,25.9
בלגיה,2013,מחלות זיהומיות,גברים,26.6
בלגיה,2014,מחלות זיהומיות,גברים,23
בלגיה,2015,מחלות זיהומיות,גברים,19.3
בלגיה,2016,מחלות זיהומיות,גברים,17.6
בלגיה,2017,מחלות זיהומיות,גברים,19.4
בלגיה,2018,מחלות זיהומיות,גברים,20
בלגיה,2019,מחלות זיהומיות,גברים,18.4
בלגיה,2020,מחלות זיהומיות,גברים,14.2
בלגיה,2021,מחלות זיהומיות,גברים,13.9
בלגיה,2022,מחלות זיהומיות,גברים,18.9
בלגיה,2023,מחלות זיהומיות,גברים,19.1
בלגיה,2000,מחלות זיהומיות,נשים,18
בלגיה,2001,מחלות זיהומיות,נשים,19.8
בלגיה,2002,מחלות זיהומיות,נשים,20.8
בלגיה,2003,מחלות זיהומיות,נשים,24.1
בלגיה,2004,מחלות זיהומיות,נשים,23
בלגיה,2005,מחלות זיהומיות,נשים,21.5
בלגיה,2006,מחלות זיהומיות,נשים,19.1
בלגיה,2007,מחלות זיהומיות,נשים,17.6
בלגיה,2008,מחלות זיהומיות,נשים,18
בלגיה,2009,מחלות זיהומיות,נשים,19.4
בלגיה,2010,מחלות זיהומיות,נשים,19.2
בלגיה,2011,מחלות זיהומיות,נשים,17.2
בלגיה,2012,מחלות זיהומיות,נשים,17.1
בלגיה,2013,מחלות זיהומיות,נשים,19.5
בלגיה,2014,מחלות זיהומיות,נשים,16.5
בלגיה,2015,מחלות זיהומיות,נשים,15.9
בלגיה,2016,מחלות זיהומיות,נשים,13.9
בלגיה,2017,מחלות זיהומיות,נשים,14.7
בלגיה,2018,מחלות זיהומיות,נשים,15
בלגיה,2019,מחלות זיהומיות,נשים,14.4
בלגיה,2020,מחלות זיהומיות,נשים,11.9
בלגיה,2021,מחלות זיהומיות,נשים,10.7
בלגיה,2022,מחלות זיהומיות,נשים,14.4
בלגיה,2023,מחלות זיהומיות,נשים,15.3
בלגיה,2000,מחלות זיהומיות,סך הכול,21
בלגיה,2001,מחלות זיהומיות,סך הכול,22.4
בלגיה,2002,מחלות זיהומיות,סך הכול,24.1
בלגיה,2003,מחלות זיהומיות,סך הכול,27.1
בלגיה,2004,מחלות זיהומיות,סך הכול,25.9
בלגיה,2005,מחלות זיהומיות,סך הכול,24.5
בלגיה,2006,מחלות זיהומיות,סך הכול,21.3
בלגיה,2007,מחלות זיהומיות,סך הכול,19.9
בלגיה,2008,מחלות זיהומיות,סך הכול,20.1
בלגיה,2009,מחלות זיהומיות,סך הכול,21
בלגיה,2010,מחלות זיהומיות,סך הכול,21.1
בלגיה,2011,מחלות זיהומיות,סך הכול,19.7
בלגיה,2012,מחלות זיהומיות,סך הכול,20.8
בלגיה,2013,מחלות זיהומיות,סך הכול,22.5
בלגיה,2014,מחלות זיהומיות,סך הכול,19.2
בלגיה,2015,מחלות זיהומיות,סך הכול,17.4
בלגיה,2016,מחלות זיהומיות,סך הכול,15.5
בלגיה,2017,מחלות זיהומיות,סך הכול,16.9
בלגיה,2018,מחלות זיהומיות,סך הכול,17.2
בלגיה,2019,מחלות זיהומיות,סך הכול,16.3
בלגיה,2020,מחלות זיהומיות,סך הכול,13.1
בלגיה,2021,מחלות זיהומיות,סך הכול,12.3
בלגיה,2022,מחלות זיהומיות,סך הכול,16.4
בלגיה,2023,מחלות זיהומיות,סך הכול,17
בלגיה,2000,מחלות כלי דם במוח,גברים,101.5
בלגיה,2001,מחלות כלי דם במוח,גברים,95
בלגיה,2002,מחלות כלי דם במוח,גברים,94.2
בלגיה,2003,מחלות כלי דם במוח,גברים,93.5
בלגיה,2004,מחלות כלי דם במוח,גברים,84.3
בלגיה,2005,מחלות כלי דם במוח,גברים,79.7
בלגיה,2006,מחלות כלי דם במוח,גברים,74.8
בלגיה,2007,מחלות כלי דם במוח,גברים,71.5
בלגיה,2008,מחלות כלי דם במוח,גברים,72.1
בלגיה,2009,מחלות כלי דם במוח,גברים,67.8
בלגיה,2010,מחלות כלי דם במוח,גברים,64.5
בלגיה,2011,מחלות כלי דם במוח,גברים,60.6
בלגיה,2012,מחלות כלי דם במוח,גברים,59.5
בלגיה,2013,מחלות כלי דם במוח,גברים,58
בלגיה,2014,מחלות כלי דם במוח,גברים,55.4
בלגיה,2015,מחלות כלי דם במוח,גברים,53
בלגיה,2016,מחלות כלי דם במוח,גברים,52.3
בלגיה,2017,מחלות כלי דם במוח,גברים,51.4
בלגיה,2018,מחלות כלי דם במוח,גברים,49.2
בלגיה,2019,מחלות כלי דם במוח,גברים,45.9
בלגיה,2020,מחלות כלי דם במוח,גברים,41.8
בלגיה,2021,מחלות כלי דם במוח,גברים,43
בלגיה,2022,מחלות כלי דם במוח,גברים,42.8
בלגיה,2023,מחלות כלי דם במוח,גברים,40
בלגיה,2000,מחלות כלי דם במוח,נשים,83
בלגיה,2001,מחלות כלי דם במוח,נשים,80.7
בלגיה,2002,מחלות כלי דם במוח,נשים,80.8
בלגיה,2003,מחלות כלי דם במוח,נשים,78.3
בלגיה,2004,מחלות כלי דם במוח,נשים,76.1
בלגיה,2005,מחלות כלי דם במוח,נשים,71.1
בלגיה,2006,מחלות כלי דם במוח,נשים,65.1
בלגיה,2007,מחלות כלי דם במוח,נשים,62.2
בלגיה,2008,מחלות כלי דם במוח,נשים,60.6
בלגיה,2009,מחלות כלי דם במוח,נשים,58
בלגיה,2010,מחלות כלי דם במוח,נשים,55.5
בלגיה,2011,מחלות כלי דם במוח,נשים,52.8
בלגיה,2012,מחלות כלי דם במוח,נשים,52
בלגיה,2013,מחלות כלי דם במוח,נשים,50.2
בלגיה,2014,מחלות כלי דם במוח,נשים,47.6
בלגיה,2015,מחלות כלי דם במוח,נשים,48
בלגיה,2016,מחלות כלי דם במוח,נשים,46
בלגיה,2017,מחלות כלי דם במוח,נשים,43.5
בלגיה,2018,מחלות כלי דם במוח,נשים,42.7
בלגיה,2019,מחלות כלי דם במוח,נשים,39.6
בלגיה,2020,מחלות כלי דם במוח,נשים,37.9
בלגיה,2021,מחלות כלי דם במוח,נשים,36.7
בלגיה,2022,מחלות כלי דם במוח,נשים,37.2
בלגיה,2023,מחלות כלי דם במוח,נשים,35.5
בלגיה,2000,מחלות כלי דם במוח,סך הכול,90.4
בלגיה,2001,מחלות כלי דם במוח,סך הכול,86.8
בלגיה,2002,מחלות כלי דם במוח,סך הכול,86.6
בלגיה,2003,מחלות כלי דם במוח,סך הכול,84.4
בלגיה,2004,מחלות כלי דם במוח,סך הכול,80.1
בלגיה,2005,מחלות כלי דם במוח,סך הכול,75.3
בלגיה,2006,מחלות כלי דם במוח,סך הכול,69.6
בלגיה,2007,מחלות כלי דם במוח,סך הכול,66.5
בלגיה,2008,מחלות כלי דם במוח,סך הכול,65.6
בלגיה,2009,מחלות כלי דם במוח,סך הכול,62.4
בלגיה,2010,מחלות כלי דם במוח,סך הכול,59.5
בלגיה,2011,מחלות כלי דם במוח,סך הכול,56.6
בלגיה,2012,מחלות כלי דם במוח,סך הכול,55.5
בלגיה,2013,מחלות כלי דם במוח,סך הכול,53.8
בלגיה,2014,מחלות כלי דם במוח,סך הכול,51.2
בלגיה,2015,מחלות כלי דם במוח,סך הכול,50.7
בלגיה,2016,מחלות כלי דם במוח,סך הכול,49
בלגיה,2017,מחלות כלי דם במוח,סך הכול,47.1
בלגיה,2018,מחלות כלי דם במוח,סך הכול,45.8
בלגיה,2019,מחלות כלי דם במוח,סך הכול,42.5
בלגיה,2020,מחלות כלי דם במוח,סך הכול,40
בלגיה,2021,מחלות כלי דם במוח,סך הכול,39.7
בלגיה,2022,מחלות כלי דם במוח,סך הכול,39.9
בלגיה,2023,מחלות כלי דם במוח,סך הכול,37.8
בלגיה,2000,מחלות לב איסכמיות,גברים,190.2
בלגיה,2001,מחלות לב איסכמיות,גברים,181.1
בלגיה,2002,מחלות לב איסכמיות,גברים,177.4
בלגיה,2003,מחלות לב איסכמיות,גברים,171.2
בלגיה,2004,מחלות לב איסכמיות,גברים,165
בלגיה,2005,מחלות לב איסכמיות,גברים,157.7
בלגיה,2006,מחלות לב איסכמיות,גברים,137.2
בלגיה,2007,מחלות לב איסכמיות,גברים,133.5
בלגיה,2008,מחלות לב איסכמיות,גברים,125.9
בלגיה,2009,מחלות לב איסכמיות,גברים,120.2
בלגיה,2010,מחלות לב איסכמיות,גברים,116.3
בלגיה,2011,מחלות לב איסכמיות,גברים,101.7
בלגיה,2012,מחלות לב איסכמיות,גברים,101.6
בלגיה,2013,מחלות לב איסכמיות,גברים,95.6
בלגיה,2014,מחלות לב איסכמיות,גברים,87.4
בלגיה,2015,מחלות לב איסכמיות,גברים,86.1
בלגיה,2016,מחלות לב איסכמיות,גברים,79.9
בלגיה,2017,מחלות לב איסכמיות,גברים,78.7
בלגיה,2018,מחלות לב איסכמיות,גברים,73.1
בלגיה,2019,מחלות לב איסכמיות,גברים,67.9
בלגיה,2020,מחלות לב איסכמיות,גברים,64.1
בלגיה,2021,מחלות לב איסכמיות,גברים,64.2
בלגיה,2022,מחלות לב איסכמיות,גברים,62.9
בלגיה,2023,מחלות לב איסכמיות,גברים,60.5
בלגיה,2000,מחלות לב איסכמיות,נשים,93.3
בלגיה,2001,מחלות לב איסכמיות,נשים,87.3
בלגיה,2002,מחלות לב איסכמיות,נשים,88.2
בלגיה,2003,מחלות לב איסכמיות,נשים,87.5
בלגיה,2004,מחלות לב איסכמיות,נשים,81.2
בלגיה,2005,מחלות לב איסכמיות,נשים,76.8
בלגיה,2006,מחלות לב איסכמיות,נשים,66.3
בלגיה,2007,מחלות לב איסכמיות,נשים,63.9
בלגיה,2008,מחלות לב איסכמיות,נשים,59.5
בלגיה,2009,מחלות לב איסכמיות,נשים,54.9
בלגיה,2010,מחלות לב איסכמיות,נשים,52.9
בלגיה,2011,מחלות לב איסכמיות,נשים,48.6
בלגיה,2012,מחלות לב איסכמיות,נשים,44.9
בלגיה,2013,מחלות לב איסכמיות,נשים,42.6
בלגיה,2014,מחלות לב איסכמיות,נשים,39
בלגיה,2015,מחלות לב איסכמיות,נשים,39.7
בלגיה,2016,מחלות לב איסכמיות,נשים,36.1
בלגיה,2017,מחלות לב איסכמיות,נשים,34.9
בלגיה,2018,מחלות לב איסכמיות,נשים,33
בלגיה,2019,מחלות לב איסכמיות,נשים,30.6
בלגיה,2020,מחלות לב איסכמיות,נשים,27.1
בלגיה,2021,מחלות לב איסכמיות,נשים,27
בלגיה,2022,מחלות לב איסכמיות,נשים,26.7
בלגיה,2023,מחלות לב איסכמיות,נשים,25.2
בלגיה,2000,מחלות לב איסכמיות,סך הכול,132.3
בלגיה,2001,מחלות לב איסכמיות,סך הכול,124.8
בלגיה,2002,מחלות לב איסכמיות,סך הכול,124.2
בלגיה,2003,מחלות לב איסכמיות,סך הכול,121.5
בלגיה,2004,מחלות לב איסכמיות,סך הכול,115.1
בלגיה,2005,מחלות לב איסכמיות,סך הכול,109.2
בלגיה,2006,מחלות לב איסכמיות,סך הכול,95.5
בלגיה,2007,מחלות לב איסכמיות,סך הכול,92.4
בלגיה,2008,מחלות לב איסכמיות,סך הכול,86.9
בלגיה,2009,מחלות לב איסכמיות,סך הכול,81.8
בלגיה,2010,מחלות לב איסכמיות,סך הכול,78.6
בלגיה,2011,מחלות לב איסכמיות,סך הכול,70.9
בלגיה,2012,מחלות לב איסכמיות,סך הכול,68.4
בלגיה,2013,מחלות לב איסכמיות,סך הכול,64.6
בלגיה,2014,מחלות לב איסכמיות,סך הכול,59.4
בלגיה,2015,מחלות לב איסכמיות,סך הכול,59.4
בלגיה,2016,מחלות לב איסכמיות,סך הכול,54.7
בלגיה,2017,מחלות לב איסכמיות,סך הכול,53.4
בלגיה,2018,מחלות לב איסכמיות,סך הכול,50.3
בלגיה,2019,מחלות לב איסכמיות,סך הכול,46.6
בלגיה,2020,מחלות לב איסכמיות,סך הכול,43.3
בלגיה,2021,מחלות לב איסכמיות,סך הכול,43.2
בלגיה,2022,מחלות לב איסכמיות,סך הכול,42.6
בלגיה,2023,מחלות לב איסכמיות,סך הכול,40.6
בלגיה,2000,מחלות מערכת הדם,גברים,480.4
בלגיה,2001,מחלות מערכת הדם,גברים,455.3
בלגיה,2002,מחלות מערכת הדם,גברים,458.2
בלגיה,2003,מחלות מערכת הדם,גברים,450.4
בלגיה,2004,מחלות מערכת הדם,גברים,424.7
בלגיה,2005,מחלות מערכת הדם,גברים,402.7
בלגיה,2006,מחלות מערכת הדם,גברים,367.2
בלגיה,2007,מחלות מערכת הדם,גברים,359.9
בלגיה,2008,מחלות מערכת הדם,גברים,351.3
בלגיה,2009,מחלות מערכת הדם,גברים,338
בלגיה,2010,מחלות מערכת הדם,גברים,327.6
בלגיה,2011,מחלות מערכת הדם,גברים,303.2
בלגיה,2012,מחלות מערכת הדם,גברים,301.1
בלגיה,2013,מחלות מערכת הדם,גברים,294
בלגיה,2014,מחלות מערכת הדם,גברים,271.1
בלגיה,2015,מחלות מערכת הדם,גברים,274.3
בלגיה,2016,מחלות מערכת הדם,גברים,258.5
בלגיה,2017,מחלות מערכת הדם,גברים,254.7
בלגיה,2018,מחלות מערכת הדם,גברים,229.7
בלגיה,2019,מחלות מערכת הדם,גברים,219.2
בלגיה,2020,מחלות מערכת הדם,גברים,210.8
בלגיה,2021,מחלות מערכת הדם,גברים,213.1
בלגיה,2022,מחלות מערכת הדם,גברים,211.4
בלגיה,2023,מחלות מערכת הדם,גברים,205.8
בלגיה,2000,מחלות מערכת הדם,נשים,330.2
בלגיה,2001,מחלות מערכת הדם,נשים,317.1
בלגיה,2002,מחלות מערכת הדם,נשים,320.6
בלגיה,2003,מחלות מערכת הדם,נשים,321.3
בלגיה,2004,מחלות מערכת הדם,נשים,299.7
בלגיה,2005,מחלות מערכת הדם,נשים,287.4
בלגיה,2006,מחלות מערכת הדם,נשים,263.7
בלגיה,2007,מחלות מערכת הדם,נשים,254.8
בלגיה,2008,מחלות מערכת הדם,נשים,245.4
בלגיה,2009,מחלות מערכת הדם,נשים,233
בלגיה,2010,מחלות מערכת הדם,נשים,228.9
בלגיה,2011,מחלות מערכת הדם,נשים,215.1
בלגיה,2012,מחלות מערכת הדם,נשים,211.1
בלגיה,2013,מחלות מערכת הדם,נשים,202.9
בלגיה,2014,מחלות מערכת הדם,נשים,191.3
בלגיה,2015,מחלות מערכת הדם,נשים,197.9
בלגיה,2016,מחלות מערכת הדם,נשים,183.4
בלגיה,2017,מחלות מערכת הדם,נשים,177.1
בלגיה,2018,מחלות מערכת הדם,נשים,164
בלגיה,2019,מחלות מערכת הדם,נשים,159.8
בלגיה,2020,מחלות מערכת הדם,נשים,151.1
בלגיה,2021,מחלות מערכת הדם,נשים,150.6
בלגיה,2022,מחלות מערכת הדם,נשים,155.6
בלגיה,2023,מחלות מערכת הדם,נשים,147.9
בלגיה,2000,מחלות מערכת הדם,סך הכול,392.6
בלגיה,2001,מחלות מערכת הדם,סך הכול,374.7
בלגיה,2002,מחלות מערכת הדם,סך הכול,378
בלגיה,2003,מחלות מערכת הדם,סך הכול,375.3
בלגיה,2004,מחלות מערכת הדם,סך הכול,352.4
בלגיה,2005,מחלות מערכת הדם,סך הכול,336.3
בלגיה,2006,מחלות מערכת הדם,סך הכול,308.7
בלגיה,2007,מחלות מערכת הדם,סך הכול,299.9
בלגיה,2008,מחלות מערכת הדם,סך הכול,290.9
בלגיה,2009,מחלות מערכת הדם,סך הכול,277.9
בלגיה,2010,מחלות מערכת הדם,סך הכול,270.7
בלגיה,2011,מחלות מערכת הדם,סך הכול,253.4
בלגיה,2012,מחלות מערכת הדם,סך הכול,250
בלגיה,2013,מחלות מערכת הדם,סך הכול,242.2
בלגיה,2014,מחלות מערכת הדם,סך הכול,226
בלגיה,2015,מחלות מערכת הדם,סך הכול,232
בלגיה,2016,מחלות מערכת הדם,סך הכול,216.7
בלגיה,2017,מחלות מערכת הדם,סך הכול,211
בלגיה,2018,מחלות מערכת הדם,סך הכול,193.2
בלגיה,2019,מחלות מערכת הדם,סך הכול,186.5
בלגיה,2020,מחלות מערכת הדם,סך הכול,178.4
בלגיה,2021,מחלות מערכת הדם,סך הכול,178.7
בלגיה,2022,מחלות מערכת הדם,סך הכול,181.2
בלגיה,2023,מחלות מערכת הדם,סך הכול,174.2
בלגיה,2000,מחלות מערכת הנשימה,גברים,194.9
בלגיה,2001,מחלות מערכת הנשימה,גברים,179.8
בלגיה,2002,מחלות מערכת הנשימה,גברים,190.3
בלגיה,2003,מחלות מערכת הנשימה,גברים,196.5
בלגיה,2004,מחלות מערכת הנשימה,גברים,172.3
בלגיה,2005,מחלות מערכת הנשימה,גברים,172.9
בלגיה,2006,מחלות מערכת הנשימה,גברים,151.1
בלגיה,2007,מחלות מערכת הנשימה,גברים,151.6
בלגיה,2008,מחלות מערכת הנשימה,גברים,145.4
בלגיה,2009,מחלות מערכת הנשימה,גברים,139
בלגיה,2010,מחלות מערכת הנשימה,גברים,135
בלגיה,2011,מחלות מערכת הנשימה,גברים,125.2
בלגיה,2012,מחלות מערכת הנשימה,גברים,126.3
בלגיה,2013,מחלות מערכת הנשימה,גברים,123.7
בלגיה,2014,מחלות מערכת הנשימה,גברים,107.6
בלגיה,2015,מחלות מערכת הנשימה,גברים,119.8
בלגיה,2016,מחלות מערכת הנשימה,גברים,113
בלגיה,2017,מחלות מערכת הנשימה,גברים,118.9
בלגיה,2018,מחלות מערכת הנשימה,גברים,119.4
בלגיה,2019,מחלות מערכת הנשימה,גברים,113
בלגיה,2020,מחלות מערכת הנשימה,גברים,96.1
בלגיה,2021,מחלות מערכת הנשימה,גברים,85.8
בלגיה,2022,מחלות מערכת הנשימה,גברים,98.5
בלגיה,2023,מחלות מערכת הנשימה,גברים,101.8
בלגיה,2000,מחלות מערכת הנשימה,נשים,83.7
בלגיה,2001,מחלות מערכת הנשימה,נשים,77.9
בלגיה,2002,מחלות מערכת הנשימה,נשים,84.4
בלגיה,2003,מחלות מערכת הנשימה,נשים,92
בלגיה,2004,מחלות מערכת הנשימה,נשים,78.3
בלגיה,2005,מחלות מערכת הנשימה,נשים,85.9
בלגיה,2006,מחלות מערכת הנשימה,נשים,75.1
בלגיה,2007,מחלות מערכת הנשימה,נשים,73.2
בלגיה,2008,מחלות מערכת הנשימה,נשים,72.8
בלגיה,2009,מחלות מערכת הנשימה,נשים,69.5
בלגיה,2010,מחלות מערכת הנשימה,נשים,64.9
בלגיה,2011,מחלות מערכת הנשימה,נשים,61.7
בלגיה,2012,מחלות מערכת הנשימה,נשים,67.9
בלגיה,2013,מחלות מערכת הנשימה,נשים,65.9
בלגיה,2014,מחלות מערכת הנשימה,נשים,57.5
בלגיה,2015,מחלות מערכת הנשימה,נשים,68
בלגיה,2016,מחלות מערכת הנשימה,נשים,61.4
בלגיה,2017,מחלות מערכת הנשימה,נשים,66.5
בלגיה,2018,מחלות מערכת הנשימה,נשים,72.5
בלגיה,2019,מחלות מערכת הנשימה,נשים,65.3
בלגיה,2020,מחלות מערכת הנשימה,נשים,55
בלגיה,2021,מחלות מערכת הנשימה,נשים,47.5
בלגיה,2022,מחלות מערכת הנשימה,נשים,63.3
בלגיה,2023,מחלות מערכת הנשימה,נשים,66.1
בלגיה,2000,מחלות מערכת הנשימה,סך הכול,123.2
בלגיה,2001,מחלות מערכת הנשימה,סך הכול,113.8
בלגיה,2002,מחלות מערכת הנשימה,סך הכול,122.4
בלגיה,2003,מחלות מערכת הנשימה,סך הכול,129.1
בלגיה,2004,מחלות מערכת הנשימה,סך הכול,111.7
בלגיה,2005,מחלות מערכת הנשימה,סך הכול,117.9
בלגיה,2006,מחלות מערכת הנשימה,סך הכול,103.3
בלגיה,2007,מחלות מערכת הנשימה,סך הכול,102.1
בלגיה,2008,מחלות מערכת הנשימה,סך הכול,99.9
בלגיה,2009,מחלות מערכת הנשימה,סך הכול,95.8
בלגיה,2010,מחלות מערכת הנשימה,סך הכול,91.3
בלגיה,2011,מחלות מערכת הנשימה,סך הכול,85.8
בלגיה,2012,מחלות מערכת הנשימה,סך הכול,90.2
בלגיה,2013,מחלות מערכת הנשימה,סך הכול,88.3
בלגיה,2014,מחלות מערכת הנשימה,סך הכול,77
בלגיה,2015,מחלות מערכת הנשימה,סך הכול,88.1
בלגיה,2016,מחלות מערכת הנשימה,סך הכול,81.8
בלגיה,2017,מחלות מערכת הנשימה,סך הכול,87.2
בלגיה,2018,מחלות מערכת הנשימה,סך הכול,91.2
בלגיה,2019,מחלות מערכת הנשימה,סך הכול,84.2
בלגיה,2020,מחלות מערכת הנשימה,סך הכול,71.6
בלגיה,2021,מחלות מערכת הנשימה,סך הכול,63
בלגיה,2022,מחלות מערכת הנשימה,סך הכול,77.5
בלגיה,2023,מחלות מערכת הנשימה,סך הכול,80.6
בלגיה,2000,נפילות,גברים,14
בלגיה,2001,נפילות,גברים,13.2
בלגיה,2002,נפילות,גברים,12.6
בלגיה,2003,נפילות,גברים,13.2
בלגיה,2004,נפילות,גברים,14.5
בלגיה,2005,נפילות,גברים,13.1
בלגיה,2006,נפילות,גברים,12.5
בלגיה,2007,נפילות,גברים,12.9
בלגיה,2008,נפילות,גברים,14.5
בלגיה,2009,נפילות,גברים,12.6
בלגיה,2010,נפילות,גברים,15.1
בלגיה,2011,נפילות,גברים,13.2
בלגיה,2012,נפילות,גברים,14.7
בלגיה,2013,נפילות,גברים,14.4
בלגיה,2014,נפילות,גברים,13.9
בלגיה,2015,נפילות,גברים,14
בלגיה,2016,נפילות,גברים,14.4
בלגיה,2017,נפילות,גברים,13
בלגיה,2018,נפילות,גברים,13.8
בלגיה,2019,נפילות,גברים,14.1
בלגיה,2020,נפילות,גברים,14.4
בלגיה,2021,נפילות,גברים,15.8
בלגיה,2022,נפילות,גברים,17
בלגיה,2000,נפילות,נשים,8.9
בלגיה,2001,נפילות,נשים,8.9
בלגיה,2002,נפילות,נשים,9
בלגיה,2003,נפילות,נשים,10.1
בלגיה,2004,נפילות,נשים,10.6
בלגיה,2005,נפילות,נשים,9.1
בלגיה,2006,נפילות,נשים,8
בלגיה,2007,נפילות,נשים,9.3
בלגיה,2008,נפילות,נשים,9.8
בלגיה,2009,נפילות,נשים,9.4
בלגיה,2010,נפילות,נשים,11.3
בלגיה,2011,נפילות,נשים,9.3
בלגיה,2012,נפילות,נשים,9.9
בלגיה,2013,נפילות,נשים,9.6
בלגיה,2014,נפילות,נשים,9.7
בלגיה,2015,נפילות,נשים,10.8
בלגיה,2016,נפילות,נשים,9.1
בלגיה,2017,נפילות,נשים,9.5
בלגיה,2018,נפילות,נשים,9.2
בלגיה,2019,נפילות,נשים,9.7
בלגיה,2020,נפילות,נשים,10.4
בלגיה,2021,נפילות,נשים,10.5
בלגיה,2022,נפילות,נשים,11.7
בלגיה,2000,נפילות,סך הכול,11.1
בלגיה,2001,נפילות,סך הכול,10.7
בלגיה,2002,נפילות,סך הכול,10.6
בלגיה,2003,נפילות,סך הכול,11.6
בלגיה,2004,נפילות,סך הכול,12.4
בלגיה,2005,נפילות,סך הכול,11
בלגיה,2006,נפילות,סך הכול,10
בלגיה,2007,נפילות,סך הכול,11
בלגיה,2008,נפילות,סך הכול,11.8
בלגיה,2009,נפילות,סך הכול,10.8
בלגיה,2010,נפילות,סך הכול,13
בלגיה,2011,נפילות,סך הכול,11
בלגיה,2012,נפילות,סך הכול,11.9
בלגיה,2013,נפילות,סך הכול,11.7
בלגיה,2014,נפילות,סך הכול,11.5
בלגיה,2015,נפילות,סך הכול,12.2
בלגיה,2016,נפילות,סך הכול,11.3
בלגיה,2017,נפילות,סך הכול,11.1
בלגיה,2018,נפילות,סך הכול,11.2
בלגיה,2019,נפילות,סך הכול,11.7
בלגיה,2020,נפילות,סך הכול,12.2
בלגיה,2021,נפילות,סך הכול,12.8
בלגיה,2022,נפילות,סך הכול,14.1
בלגיה,2000,סוכרת,גברים,15.1
בלגיה,2001,סוכרת,גברים,15.7
בלגיה,2002,סוכרת,גברים,16.4
בלגיה,2003,סוכרת,גברים,16.5
בלגיה,2004,סוכרת,גברים,15.3
בלגיה,2005,סוכרת,גברים,17.5
בלגיה,2006,סוכרת,גברים,16.1
בלגיה,2007,סוכרת,גברים,15.2
בלגיה,2008,סוכרת,גברים,16.4
בלגיה,2009,סוכרת,גברים,15.6
בלגיה,2010,סוכרת,גברים,14.5
בלגיה,2011,סוכרת,גברים,14.3
בלגיה,2012,סוכרת,גברים,15
בלגיה,2013,סוכרת,גברים,14.2
בלגיה,2014,סוכרת,גברים,13
בלגיה,2015,סוכרת,גברים,12.7
בלגיה,2016,סוכרת,גברים,12.6
בלגיה,2017,סוכרת,גברים,13.5
בלגיה,2018,סוכרת,גברים,12.9
בלגיה,2019,סוכרת,גברים,11.8
בלגיה,2020,סוכרת,גברים,12.2
בלגיה,2021,סוכרת,גברים,11.4
בלגיה,2022,סוכרת,גברים,10.8
בלגיה,2023,סוכרת,גברים,10.7
בלגיה,2000,סוכרת,נשים,15.8
בלגיה,2001,סוכרת,נשים,14.8
בלגיה,2002,סוכרת,נשים,15.9
בלגיה,2003,סוכרת,נשים,16
בלגיה,2004,סוכרת,נשים,16.1
בלגיה,2005,סוכרת,נשים,15.2
בלגיה,2006,סוכרת,נשים,13.7
בלגיה,2007,סוכרת,נשים,13.6
בלגיה,2008,סוכרת,נשים,14
בלגיה,2009,סוכרת,נשים,14.3
בלגיה,2010,סוכרת,נשים,12.7
בלגיה,2011,סוכרת,נשים,11.6
בלגיה,2012,סוכרת,נשים,12.4
בלגיה,2013,סוכרת,נשים,11.1
בלגיה,2014,סוכרת,נשים,10.4
בלגיה,2015,סוכרת,נשים,10
בלגיה,2016,סוכרת,נשים,8.9
בלגיה,2017,סוכרת,נשים,9.1
בלגיה,2018,סוכרת,נשים,8.8
בלגיה,2019,סוכרת,נשים,8.7
בלגיה,2020,סוכרת,נשים,9
בלגיה,2021,סוכרת,נשים,7.7
בלגיה,2022,סוכרת,נשים,7.6
בלגיה,2023,סוכרת,נשים,7.3
בלגיה,2000,סוכרת,סך הכול,15.9
בלגיה,2001,סוכרת,סך הכול,15.5
בלגיה,2002,סוכרת,סך הכול,16.4
בלגיה,2003,סוכרת,סך הכול,16.6
בלגיה,2004,סוכרת,סך הכול,16.3
בלגיה,2005,סוכרת,סך הכול,16.4
בלגיה,2006,סוכרת,סך הכול,14.9
בלגיה,2007,סוכרת,סך הכול,14.6
בלגיה,2008,סוכרת,סך הכול,15.3
בלגיה,2009,סוכרת,סך הכול,15.1
בלגיה,2010,סוכרת,סך הכול,13.7
בלגיה,2011,סוכרת,סך הכול,13
בלגיה,2012,סוכרת,סך הכול,13.7
בלגיה,2013,סוכרת,סך הכול,12.6
בלגיה,2014,סוכרת,סך הכול,11.8
בלגיה,2015,סוכרת,סך הכול,11.3
בלגיה,2016,סוכרת,סך הכול,10.7
בלגיה,2017,סוכרת,סך הכול,11
בלגיה,2018,סוכרת,סך הכול,10.7
בלגיה,2019,סוכרת,סך הכול,10.3
בלגיה,2020,סוכרת,סך הכול,10.5
בלגיה,2021,סוכרת,סך הכול,9.4
בלגיה,2022,סוכרת,סך הכול,9.1
בלגיה,2023,סוכרת,סך הכול,8.9
בלגיה,2020,קורונה,גברים,186.8
בלגיה,2021,קורונה,גברים,96.5
בלגיה,2022,קורונה,גברים,58.7
בלגיה,2023,קורונה,גברים,19.4
בלגיה,2020,קורונה,נשים,122
בלגיה,2021,קורונה,נשים,50.3
בלגיה,2022,קורונה,נשים,32.6
בלגיה,2023,קורונה,נשים,10.2
בלגיה,2020,קורונה,סך הכול,149
בלגיה,2021,קורונה,סך הכול,69.9
בלגיה,2022,קורונה,סך הכול,43
בלגיה,2023,קורונה,סך הכול,13.8
בלגיה,2000,שפעת,גברים,4.7
בלגיה,2001,שפעת,גברים,0.7
בלגיה,2002,שפעת,גברים,1.9
בלגיה,2003,שפעת,גברים,1.3
בלגיה,2004,שפעת,גברים,0.7
בלגיה,2005,שפעת,גברים,1.7
בלגיה,2006,שפעת,גברים,0.3
בלגיה,2007,שפעת,גברים,1
בלגיה,2008,שפעת,גברים,0.4
בלגיה,2009,שפעת,גברים,1
בלגיה,2010,שפעת,גברים,0.2
בלגיה,2011,שפעת,גברים,0.5
בלגיה,2012,שפעת,גברים,0.8
בלגיה,2013,שפעת,גברים,1.3
בלגיה,2014,שפעת,גברים,0.4
בלגיה,2015,שפעת,גברים,1.8
בלגיה,2016,שפעת,גברים,0.9
בלגיה,2017,שפעת,גברים,2
בלגיה,2018,שפעת,גברים,4.4
בלגיה,2019,שפעת,גברים,3.1
בלגיה,2020,שפעת,גברים,2
בלגיה,2021,שפעת,גברים,0.1
בלגיה,2022,שפעת,גברים,2.1
בלגיה,2000,שפעת,נשים,3.8
בלגיה,2001,שפעת,נשים,0.5
בלגיה,2002,שפעת,נשים,1.6
בלגיה,2003,שפעת,נשים,1.7
בלגיה,2004,שפעת,נשים,0.6
בלגיה,2005,שפעת,נשים,1.6
בלגיה,2006,שפעת,נשים,0.4
בלגיה,2007,שפעת,נשים,0.9
בלגיה,2008,שפעת,נשים,0.3
בלגיה,2009,שפעת,נשים,1
בלגיה,2010,שפעת,נשים,0.2
בלגיה,2011,שפעת,נשים,0.3
בלגיה,2012,שפעת,נשים,0.9
בלגיה,2013,שפעת,נשים,1
בלגיה,2014,שפעת,נשים,0.3
בלגיה,2015,שפעת,נשים,2.4
בלגיה,2016,שפעת,נשים,0.9
בלגיה,2017,שפעת,נשים,1.8
בלגיה,2018,שפעת,נשים,3.3
בלגיה,2019,שפעת,נשים,2.5
בלגיה,2020,שפעת,נשים,1.3
בלגיה,2021,שפעת,נשים,0
בלגיה,2022,שפעת,נשים,2.1
בלגיה,2000,שפעת,סך הכול,4.2
בלגיה,2001,שפעת,סך הכול,0.6
בלגיה,2002,שפעת,סך הכול,1.7
בלגיה,2003,שפעת,סך הכול,1.6
בלגיה,2004,שפעת,סך הכול,0.7
בלגיה,2005,שפעת,סך הכול,1.7
בלגיה,2006,שפעת,סך הכול,0.3
בלגיה,2007,שפעת,סך הכול,0.9
בלגיה,2008,שפעת,סך הכול,0.3
בלגיה,2009,שפעת,סך הכול,1
בלגיה,2010,שפעת,סך הכול,0.2
בלגיה,2011,שפעת,סך הכול,0.4
בלגיה,2012,שפעת,סך הכול,0.8
בלגיה,2013,שפעת,סך הכול,1.1
בלגיה,2014,שפעת,סך הכול,0.4
בלגיה,2015,שפעת,סך הכול,2.2
בלגיה,2016,שפעת,סך הכול,0.9
בלגיה,2017,שפעת,סך הכול,1.9
בלגיה,2018,שפעת,סך הכול,3.7
בלגיה,2019,שפעת,סך הכול,2.7
בלגיה,2020,שפעת,סך הכול,1.6
בלגיה,2021,שפעת,סך הכול,0.1
בלגיה,2022,שפעת,סך הכול,2.1
בלגיה,2000,תאונות דרכים,גברים,25.4
בלגיה,2001,תאונות דרכים,גברים,24.7
בלגיה,2002,תאונות דרכים,גברים,21.6
בלגיה,2003,תאונות דרכים,גברים,18.5
בלגיה,2004,תאונות דרכים,גברים,18.3
בלגיה,2005,תאונות דרכים,גברים,16.9
בלגיה,2006,תאונות דרכים,גברים,16.2
בלגיה,2007,תאונות דרכים,גברים,17.5
בלגיה,2008,תאונות דרכים,גברים,15
בלגיה,2009,תאונות דרכים,גברים,14.9
בלגיה,2010,תאונות דרכים,גברים,13.1
בלגיה,2011,תאונות דרכים,גברים,12.8
בלגיה,2012,תאונות דרכים,גברים,10.9
בלגיה,2013,תאונות דרכים,גברים,10.6
בלגיה,2014,תאונות דרכים,גברים,9.9
בלגיה,2015,תאונות דרכים,גברים,9.3
בלגיה,2016,תאונות דרכים,גברים,8.8
בלגיה,2017,תאונות דרכים,גברים,7.9
בלגיה,2018,תאונות דרכים,גברים,6.9
בלגיה,2019,תאונות דרכים,גברים,7.8
בלגיה,2020,תאונות דרכים,גברים,6.6
בלגיה,2021,תאונות דרכים,גברים,6.2
בלגיה,2022,תאונות דרכים,גברים,6.8
בלגיה,2000,תאונות דרכים,נשים,8.7
בלגיה,2001,תאונות דרכים,נשים,8
בלגיה,2002,תאונות דרכים,נשים,7.2
בלגיה,2003,תאונות דרכים,נשים,6
בלגיה,2004,תאונות דרכים,נשים,5.1
בלגיה,2005,תאונות דרכים,נשים,5.4
בלגיה,2006,תאונות דרכים,נשים,5
בלגיה,2007,תאונות דרכים,נשים,4.5
בלגיה,2008,תאונות דרכים,נשים,4.2
בלגיה,2009,תאונות דרכים,נשים,4.3
בלגיה,2010,תאונות דרכים,נשים,4
בלגיה,2011,תאונות דרכים,נשים,3.7
בלגיה,2012,תאונות דרכים,נשים,3.1
בלגיה,2013,תאונות דרכים,נשים,3.3
בלגיה,2014,תאונות דרכים,נשים,2.7
בלגיה,2015,תאונות דרכים,נשים,3.3
בלגיה,2016,תאונות דרכים,נשים,2.5
בלגיה,2017,תאונות דרכים,נשים,2.5
בלגיה,2018,תאונות דרכים,נשים,2.4
בלגיה,2019,תאונות דרכים,נשים,2.4
בלגיה,2020,תאונות דרכים,נשים,1.8
בלגיה,2021,תאונות דרכים,נשים,2
בלגיה,2022,תאונות דרכים,נשים,1.8
בלגיה,2000,תאונות דרכים,סך הכול,16.7
בלגיה,2001,תאונות דרכים,סך הכול,16
בלגיה,2002,תאונות דרכים,סך הכול,14.1
בלגיה,2003,תאונות דרכים,סך הכול,12
בלגיה,2004,תאונות דרכים,סך הכול,11.5
בלגיה,2005,תאונות דרכים,סך הכול,11
בלגיה,2006,תאונות דרכים,סך הכול,10.5
בלגיה,2007,תאונות דרכים,סך הכול,10.8
בלגיה,2008,תאונות דרכים,סך הכול,9.5
בלגיה,2009,תאונות דרכים,סך הכול,9.4
בלגיה,2010,תאונות דרכים,סך הכול,8.4
בלגיה,2011,תאונות דרכים,סך הכול,8.2
בלגיה,2012,תאונות דרכים,סך הכול,6.9
בלגיה,2013,תאונות דרכים,סך הכול,6.8
בלגיה,2014,תאונות דרכים,סך הכול,6.2
בלגיה,2015,תאונות דרכים,סך הכול,6.1
בלגיה,2016,תאונות דרכים,סך הכול,5.6
בלגיה,2017,תאונות דרכים,סך הכול,5.1
בלגיה,2018,תאונות דרכים,סך הכול,4.6
בלגיה,2019,תאונות דרכים,סך הכול,5.1
בלגיה,2020,תאונות דרכים,סך הכול,4.1
בלגיה,2021,תאונות דרכים,סך הכול,4.1
בלגיה,2022,תאונות דרכים,סך הכול,4.2
בלגיה,2000,תקיפה,גברים,2
בלגיה,2001,תקיפה,גברים,2.3
בלגיה,2002,תקיפה,גברים,2.3
בלגיה,2003,תקיפה,גברים,1.7
בלגיה,2004,תקיפה,גברים,1.8
בלגיה,2005,תקיפה,גברים,1.8
בלגיה,2006,תקיפה,גברים,1.7
בלגיה,2007,תקיפה,גברים,1.8
בלגיה,2008,תקיפה,גברים,1.6
בלגיה,2009,תקיפה,גברים,1.5
בלגיה,2010,תקיפה,גברים,1.4
בלגיה,2011,תקיפה,גברים,1.5
בלגיה,2012,תקיפה,גברים,1.5
בלגיה,2013,תקיפה,גברים,1
בלגיה,2014,תקיפה,גברים,1.3
בלגיה,2015,תקיפה,גברים,1.2
בלגיה,2016,תקיפה,גברים,1.4
בלגיה,2017,תקיפה,גברים,1.1
בלגיה,2018,תקיפה,גברים,1.2
בלגיה,2019,תקיפה,גברים,1
בלגיה,2020,תקיפה,גברים,0.9
בלגיה,2021,תקיפה,גברים,0.7
בלגיה,2022,תקיפה,גברים,1.1
בלגיה,2000,תקיפה,נשים,1.3
בלגיה,2001,תקיפה,נשים,1.3
בלגיה,2002,תקיפה,נשים,1.5
בלגיה,2003,תקיפה,נשים,1.1
בלגיה,2004,תקיפה,נשים,1.6
בלגיה,2005,תקיפה,נשים,1.3
בלגיה,2006,תקיפה,נשים,1.1
בלגיה,2007,תקיפה,נשים,1.2
בלגיה,2008,תקיפה,נשים,0.8
בלגיה,2009,תקיפה,נשים,1
בלגיה,2010,תקיפה,נשים,0.7
בלגיה,2011,תקיפה,נשים,1.1
בלגיה,2012,תקיפה,נשים,0.8
בלגיה,2013,תקיפה,נשים,0.9
בלגיה,2014,תקיפה,נשים,0.8
בלגיה,2015,תקיפה,נשים,0.9
בלגיה,2016,תקיפה,נשים,0.8
בלגיה,2017,תקיפה,נשים,0.9
בלגיה,2018,תקיפה,נשים,0.8
בלגיה,2019,תקיפה,נשים,0.6
בלגיה,2020,תקיפה,נשים,0.5
בלגיה,2021,תקיפה,נשים,0.6
בלגיה,2022,תקיפה,נשים,0.6
בלגיה,2000,תקיפה,סך הכול,1.7
בלגיה,2001,תקיפה,סך הכול,1.8
בלגיה,2002,תקיפה,סך הכול,1.9
בלגיה,2003,תקיפה,סך הכול,1.4
בלגיה,2004,תקיפה,סך הכול,1.7
בלגיה,2005,תקיפה,סך הכול,1.5
בלגיה,2006,תקיפה,סך הכול,1.4
בלגיה,2007,תקיפה,סך הכול,1.5
בלגיה,2008,תקיפה,סך הכול,1.2
בלגיה,2009,תקיפה,סך הכול,1.2
בלגיה,2010,תקיפה,סך הכול,1.1
בלגיה,2011,תקיפה,סך הכול,1.3
בלגיה,2012,תקיפה,סך הכול,1.2
בלגיה,2013,תקיפה,סך הכול,1
בלגיה,2014,תקיפה,סך הכול,1
בלגיה,2015,תקיפה,סך הכול,1.1
בלגיה,2016,תקיפה,סך הכול,1.1
בלגיה,2017,תקיפה,סך הכול,1
בלגיה,2018,תקיפה,סך הכול,1
בלגיה,2019,תקיפה,סך הכול,0.8
בלגיה,2020,תקיפה,סך הכול,0.7
בלגיה,2021,תקיפה,סך הכול,0.7
בלגיה,2022,תקיפה,סך הכול,0.9
בריטניה,2001,גידולים,גברים,351
בריטניה,2002,גידולים,גברים,347.9
בריטניה,2003,גידולים,גברים,342
בריטניה,2004,גידולים,גברים,335
בריטניה,2005,גידולים,גברים,327.3
בריטניה,2006,גידולים,גברים,325
בריטניה,2007,גידולים,גברים,320.5
בריטניה,2008,גידולים,גברים,316.8
בריטניה,2009,גידולים,גברים,311.3
בריטניה,2010,גידולים,גברים,306.2
בריטניה,2011,גידולים,גברים,304.3
בריטניה,2012,גידולים,גברים,304.7
בריטניה,2013,גידולים,גברים,299.5
בריטניה,2014,גידולים,גברים,295.9
בריטניה,2015,גידולים,גברים,293.3
בריטניה,2016,גידולים,גברים,289.3
בריטניה,2017,גידולים,גברים,284.3
בריטניה,2018,גידולים,גברים,286.1
בריטניה,2019,גידולים,גברים,273.8
בריטניה,2020,גידולים,גברים,270.9
בריטניה,2021,גידולים,גברים,263.5
בריטניה,2022,גידולים,גברים,264.7
בריטניה,2023,גידולים,גברים,261.7
בריטניה,2024,גידולים,גברים,256.5
בריטניה,2001,גידולים,נשים,232.6
בריטניה,2002,גידולים,נשים,230.9
בריטניה,2003,גידולים,נשים,228.4
בריטניה,2004,גידולים,נשים,224
בריטניה,2005,גידולים,נשים,223.6
בריטניה,2006,גידולים,נשים,220.7
בריטניה,2007,גידולים,נשים,220.9
בריטניה,2008,גידולים,נשים,219.4
בריטניה,2009,גידולים,נשים,214
בריטניה,2010,גידולים,נשים,213.1
בריטניה,2011,גידולים,נשים,211.9
בריטניה,2012,גידולים,נשים,213.5
בריטניה,2013,גידולים,נשים,209.5
בריטניה,2014,גידולים,נשים,207.3
בריטניה,2015,גידולים,נשים,204.9
בריטניה,2016,גידולים,נשים,204.9
בריטניה,2017,גידולים,נשים,200.5
בריטניה,2018,גידולים,נשים,203.4
בריטניה,2019,גידולים,נשים,195.8
בריטניה,2020,גידולים,נשים,194.3
בריטניה,2021,גידולים,נשים,189.6
בריטניה,2022,גידולים,נשים,190.2
בריטניה,2023,גידולים,נשים,189.2
בריטניה,2024,גידולים,נשים,185.2
בריטניה,2001,גידולים,סך הכול,278.1
בריטניה,2002,גידולים,סך הכול,276.5
בריטניה,2003,גידולים,סך הכול,272.6
בריטניה,2004,גידולים,סך הכול,267.6
בריטניה,2005,גידולים,סך הכול,264.5
בריטניה,2006,גידולים,סך הכול,262.5
בריטניה,2007,גידולים,סך הכול,261.1
בריטניה,2008,גידולים,סך הכול,259
בריטניה,2009,גידולים,סך הכול,253.9
בריטניה,2010,גידולים,סך הכול,251.5
בריטניה,2011,גידולים,סך הכול,250.2
בריטניה,2012,גידולים,סך הכול,251
בריטניה,2013,גידולים,סך הכול,246.9
בריטניה,2014,גידולים,סך הכול,244.3
בריטניה,2015,גידולים,סך הכול,242.2
בריטניה,2016,גידולים,סך הכול,240.6
בריטניה,2017,גידולים,סך הכול,236.2
בריטניה,2018,גידולים,סך הכול,238.7
בריטניה,2019,גידולים,סך הכול,229.3
בריטניה,2020,גידולים,סך הכול,227.2
בריטניה,2021,גידולים,סך הכול,221.6
בריטניה,2022,גידולים,סך הכול,222.5
בריטניה,2023,גידולים,סך הכול,220.7
בריטניה,2024,גידולים,סך הכול,216.2
בריטניה,2001,מחלות זיהומיות,גברים,10
בריטניה,2002,מחלות זיהומיות,גברים,10.3
בריטניה,2003,מחלות זיהומיות,גברים,10.9
בריטניה,2004,מחלות זיהומיות,גברים,10.9
בריטניה,2005,מחלות זיהומיות,גברים,12.7
בריטניה,2006,מחלות זיהומיות,גברים,15.3
בריטניה,2007,מחלות זיהומיות,גברים,15.8
בריטניה,2008,מחלות זיהומיות,גברים,13.1
בריטניה,2009,מחלות זיהומיות,גברים,11.4
בריטניה,2010,מחלות זיהומיות,גברים,9.9
בריטניה,2011,מחלות זיהומיות,גברים,10.2
בריטניה,2012,מחלות זיהומיות,גברים,9.4
בריטניה,2013,מחלות זיהומיות,גברים,9.9
בריטניה,2014,מחלות זיהומיות,גברים,9.4
בריטניה,2015,מחלות זיהומיות,גברים,10.3
בריטניה,2016,מחלות זיהומיות,גברים,10
בריטניה,2017,מחלות זיהומיות,גברים,9.3
בריטניה,2018,מחלות זיהומיות,גברים,9.6
בריטניה,2019,מחלות זיהומיות,גברים,8.6
בריטניה,2020,מחלות זיהומיות,גברים,7.4
בריטניה,2021,מחלות זיהומיות,גברים,8.7
בריטניה,2022,מחלות זיהומיות,גברים,10.4
בריטניה,2023,מחלות זיהומיות,גברים,11.4
בריטניה,2024,מחלות זיהומיות,גברים,12.1
בריטניה,2001,מחלות זיהומיות,נשים,7.5
בריטניה,2002,מחלות זיהומיות,נשים,7.7
בריטניה,2003,מחלות זיהומיות,נשים,8.5
בריטניה,2004,מחלות זיהומיות,נשים,9.2
בריטניה,2005,מחלות זיהומיות,נשים,10.8
בריטניה,2006,מחלות זיהומיות,נשים,13
בריטניה,2007,מחלות זיהומיות,נשים,14
בריטניה,2008,מחלות זיהומיות,נשים,11.1
בריטניה,2009,מחלות זיהומיות,נשים,9.7
בריטניה,2010,מחלות זיהומיות,נשים,8.4
בריטניה,2011,מחלות זיהומיות,נשים,9
בריטניה,2012,מחלות זיהומיות,נשים,8.4
בריטניה,2013,מחלות זיהומיות,נשים,8.6
בריטניה,2014,מחלות זיהומיות,נשים,8.1
בריטניה,2015,מחלות זיהומיות,נשים,8.9
בריטניה,2016,מחלות זיהומיות,נשים,8.7
בריטניה,2017,מחלות זיהומיות,נשים,7.9
בריטניה,2018,מחלות זיהומיות,נשים,8.1
בריטניה,2019,מחלות זיהומיות,נשים,7.3
בריטניה,2020,מחלות זיהומיות,נשים,6.4
בריטניה,2021,מחלות זיהומיות,נשים,7.8
בריטניה,2022,מחלות זיהומיות,נשים,9.5
בריטניה,2023,מחלות זיהומיות,נשים,10.3
בריטניה,2024,מחלות זיהומיות,נשים,10.4
בריטניה,2001,מחלות זיהומיות,סך הכול,8.5
בריטניה,2002,מחלות זיהומיות,סך הכול,8.8
בריטניה,2003,מחלות זיהומיות,סך הכול,9.5
בריטניה,2004,מחלות זיהומיות,סך הכול,9.9
בריטניה,2005,מחלות זיהומיות,סך הכול,11.7
בריטניה,2006,מחלות זיהומיות,סך הכול,14
בריטניה,2007,מחלות זיהומיות,סך הכול,14.8
בריטניה,2008,מחלות זיהומיות,סך הכול,12
בריטניה,2009,מחלות זיהומיות,סך הכול,10.5
בריטניה,2010,מחלות זיהומיות,סך הכול,9.1
בריטניה,2011,מחלות זיהומיות,סך הכול,9.6
בריטניה,2012,מחלות זיהומיות,סך הכול,8.9
בריטניה,2013,מחלות זיהומיות,סך הכול,9.2
בריטניה,2014,מחלות זיהומיות,סך הכול,8.7
בריטניה,2015,מחלות זיהומיות,סך הכול,9.5
בריטניה,2016,מחלות זיהומיות,סך הכול,9.3
בריטניה,2017,מחלות זיהומיות,סך הכול,8.6
בריטניה,2018,מחלות זיהומיות,סך הכול,8.8
בריטניה,2019,מחלות זיהומיות,סך הכול,7.9
בריטניה,2020,מחלות זיהומיות,סך הכול,6.9
בריטניה,2021,מחלות זיהומיות,סך הכול,8.2
בריטניה,2022,מחלות זיהומיות,סך הכול,9.9
בריטניה,2023,מחלות זיהומיות,סך הכול,10.9
בריטניה,2024,מחלות זיהומיות,סך הכול,11.2
בריטניה,2001,מחלות כלי דם במוח,גברים,120.7
בריטניה,2002,מחלות כלי דם במוח,גברים,120.5
בריטניה,2003,מחלות כלי דם במוח,גברים,116.3
בריטניה,2004,מחלות כלי דם במוח,גברים,104.9
בריטניה,2005,מחלות כלי דם במוח,גברים,96.9
בריטניה,2006,מחלות כלי דם במוח,גברים,91.6
בריטניה,2007,מחלות כלי דם במוח,גברים,85.1
בריטניה,2008,מחלות כלי דם במוח,גברים,82.9
בריטניה,2009,מחלות כלי דם במוח,גברים,76.2
בריטניה,2010,מחלות כלי דם במוח,גברים,74.5
בריטניה,2011,מחלות כלי דם במוח,גברים,61.7
בריטניה,2012,מחלות כלי דם במוח,גברים,60.2
בריטניה,2013,מחלות כלי דם במוח,גברים,58.8
בריטניה,2014,מחלות כלי דם במוח,גברים,56.9
בריטניה,2015,מחלות כלי דם במוח,גברים,56.8
בריטניה,2016,מחלות כלי דם במוח,גברים,53.4
בריטניה,2017,מחלות כלי דם במוח,גברים,50.2
בריטניה,2018,מחלות כלי דם במוח,גברים,50.1
בריטניה,2019,מחלות כלי דם במוח,גברים,45.9
בריטניה,2020,מחלות כלי דם במוח,גברים,45.6
בריטניה,2021,מחלות כלי דם במוח,גברים,44.6
בריטניה,2022,מחלות כלי דם במוח,גברים,43.7
בריטניה,2023,מחלות כלי דם במוח,גברים,44.2
בריטניה,2024,מחלות כלי דם במוח,גברים,42.8
בריטניה,2001,מחלות כלי דם במוח,נשים,111.9
בריטניה,2002,מחלות כלי דם במוח,נשים,111.9
בריטניה,2003,מחלות כלי דם במוח,נשים,109.6
בריטניה,2004,מחלות כלי דם במוח,נשים,100.3
בריטניה,2005,מחלות כלי דם במוח,נשים,94
בריטניה,2006,מחלות כלי דם במוח,נשים,86.9
בריטניה,2007,מחלות כלי דם במוח,נשים,82.8
בריטניה,2008,מחלות כלי דם במוח,נשים,81.3
בריטניה,2009,מחלות כלי דם במוח,נשים,74.7
בריטניה,2010,מחלות כלי דם במוח,נשים,72.3
בריטניה,2011,מחלות כלי דם במוח,נשים,60
בריטניה,2012,מחלות כלי דם במוח,נשים,60
בריטניה,2013,מחלות כלי דם במוח,נשים,56.7
בריטניה,2014,מחלות כלי דם במוח,נשים,53.5
בריטניה,2015,מחלות כלי דם במוח,נשים,54.4
בריטניה,2016,מחלות כלי דם במוח,נשים,49.7
בריטניה,2017,מחלות כלי דם במוח,נשים,47.4
בריטניה,2018,מחלות כלי דם במוח,נשים,47
בריטניה,2019,מחלות כלי דם במוח,נשים,42.6
בריטניה,2020,מחלות כלי דם במוח,נשים,42.5
בריטניה,2021,מחלות כלי דם במוח,נשים,40.7
בריטניה,2022,מחלות כלי דם במוח,נשים,40.3
בריטניה,2023,מחלות כלי דם במוח,נשים,40
בריטניה,2024,מחלות כלי דם במוח,נשים,38.6
בריטניה,2001,מחלות כלי דם במוח,סך הכול,116.4
בריטניה,2002,מחלות כלי דם במוח,סך הכול,116.4
בריטניה,2003,מחלות כלי דם במוח,סך הכול,113.4
בריטניה,2004,מחלות כלי דם במוח,סך הכול,103.2
בריטניה,2005,מחלות כלי דם במוח,סך הכול,96.2
בריטניה,2006,מחלות כלי דם במוח,סך הכול,89.7
בריטניה,2007,מחלות כלי דם במוח,סך הכול,84.6
בריטניה,2008,מחלות כלי דם במוח,סך הכול,82.9
בריטניה,2009,מחלות כלי דם במוח,סך הכול,76.1
בריטניה,2010,מחלות כלי דם במוח,סך הכול,74
בריטניה,2011,מחלות כלי דם במוח,סך הכול,61.4
בריטניה,2012,מחלות כלי דם במוח,סך הכול,60.6
בריטניה,2013,מחלות כלי דם במוח,סך הכול,58.2
בריטניה,2014,מחלות כלי דם במוח,סך הכול,55.4
בריטניה,2015,מחלות כלי דם במוח,סך הכול,55.8
בריטניה,2016,מחלות כלי דם במוח,סך הכול,51.6
בריטניה,2017,מחלות כלי דם במוח,סך הכול,49
בריטניה,2018,מחלות כלי דם במוח,סך הכול,48.7
בריטניה,2019,מחלות כלי דם במוח,סך הכול,44.3
בריטניה,2020,מחלות כלי דם במוח,סך הכול,44.2
בריטניה,2021,מחלות כלי דם במוח,סך הכול,42.7
בריטניה,2022,מחלות כלי דם במוח,סך הכול,42.1
בריטניה,2023,מחלות כלי דם במוח,סך הכול,42.1
בריטניה,2024,מחלות כלי דם במוח,סך הכול,40.7
בריטניה,2001,מחלות לב איסכמיות,גברים,294.2
בריטניה,2002,מחלות לב איסכמיות,גברים,282.1
בריטניה,2003,מחלות לב איסכמיות,גברים,270.1
בריטניה,2004,מחלות לב איסכמיות,גברים,249.8
בריטניה,2005,מחלות לב איסכמיות,גברים,234.1
בריטניה,2006,מחלות לב איסכמיות,גברים,214.5
בריטניה,2007,מחלות לב איסכמיות,גברים,204.8
בריטניה,2008,מחלות לב איסכמיות,גברים,193
בריטניה,2009,מחלות לב איסכמיות,גברים,180
בריטניה,2010,מחלות לב איסכמיות,גברים,173.1
בריטניה,2011,מחלות לב איסכמיות,גברים,156.5
בריטניה,2012,מחלות לב איסכמיות,גברים,153.5
בריטניה,2013,מחלות לב איסכמיות,גברים,150.6
בריטניה,2014,מחלות לב איסכמיות,גברים,140.7
בריטניה,2015,מחלות לב איסכמיות,גברים,139.7
בריטניה,2016,מחלות לב איסכמיות,גברים,130.8
בריטניה,2017,מחלות לב איסכמיות,גברים,129.4
בריטניה,2018,מחלות לב איסכמיות,גברים,127.8
בריטניה,2019,מחלות לב איסכמיות,גברים,119.8
בריטניה,2020,מחלות לב איסכמיות,גברים,122.2
בריטניה,2021,מחלות לב איסכמיות,גברים,124.9
בריטניה,2022,מחלות לב איסכמיות,גברים,126.7
בריטניה,2023,מחלות לב איסכמיות,גברים,123.7
בריטניה,2024,מחלות לב איסכמיות,גברים,114.6
בריטניה,2001,מחלות לב איסכמיות,נשים,151.2
בריטניה,2002,מחלות לב איסכמיות,נשים,146
בריטניה,2003,מחלות לב איסכמיות,נשים,141.2
בריטניה,2004,מחלות לב איסכמיות,נשים,129.1
בריטניה,2005,מחלות לב איסכמיות,נשים,120.5
בריטניה,2006,מחלות לב איסכמיות,נשים,110.6
בריטניה,2007,מחלות לב איסכמיות,נשים,104.1
בריטניה,2008,מחלות לב איסכמיות,נשים,98.8
בריטניה,2009,מחלות לב איסכמיות,נשים,89.4
בריטניה,2010,מחלות לב איסכמיות,נשים,84.4
בריטניה,2011,מחלות לב איסכמיות,נשים,75.7
בריטניה,2012,מחלות לב איסכמיות,נשים,75.4
בריטניה,2013,מחלות לב איסכמיות,נשים,72.5
בריטניה,2014,מחלות לב איסכמיות,נשים,66.2
בריטניה,2015,מחלות לב איסכמיות,נשים,65.7
בריטניה,2016,מחלות לב איסכמיות,נשים,60.3
בריטניה,2017,מחלות לב איסכמיות,נשים,58.5
בריטניה,2018,מחלות לב איסכמיות,נשים,55.7
בריטניה,2019,מחלות לב איסכמיות,נשים,52.6
בריטניה,2020,מחלות לב איסכמיות,נשים,51.8
בריטניה,2021,מחלות לב איסכמיות,נשים,51.8
בריטניה,2022,מחלות לב איסכמיות,נשים,52.5
בריטניה,2023,מחלות לב איסכמיות,נשים,49.7
בריטניה,2024,מחלות לב איסכמיות,נשים,45.6
בריטניה,2001,מחלות לב איסכמיות,סך הכול,211.3
בריטניה,2002,מחלות לב איסכמיות,סך הכול,203.2
בריטניה,2003,מחלות לב איסכמיות,סך הכול,195.9
בריטניה,2004,מחלות לב איסכמיות,סך הכול,180.5
בריטניה,2005,מחלות לב איסכמיות,סך הכול,169.2
בריטניה,2006,מחלות לב איסכמיות,סך הכול,155.4
בריטניה,2007,מחלות לב איסכמיות,סך הכול,147.8
בריטניה,2008,מחלות לב איסכמיות,סך הכול,139.8
בריטניה,2009,מחלות לב איסכמיות,סך הכול,128.9
בריטניה,2010,מחלות לב איסכמיות,סך הכול,123.2
בריטניה,2011,מחלות לב איסכמיות,סך הכול,111.2
בריטניה,2012,מחלות לב איסכמיות,סך הכול,109.6
בריטניה,2013,מחלות לב איסכמיות,סך הכול,107
בריטניה,2014,מחלות לב איסכמיות,סך הכול,99.2
בריטניה,2015,מחלות לב איסכמיות,סך הכול,98.6
בריטניה,2016,מחלות לב איסכמיות,סך הכול,91.9
בריטניה,2017,מחלות לב איסכמיות,סך הכול,90.3
בריטניה,2018,מחלות לב איסכמיות,סך הכול,88.2
בריטניה,2019,מחלות לב איסכמיות,סך הכול,82.9
בריטניה,2020,מחלות לב איסכמיות,סך הכול,83.8
בריטניה,2021,מחלות לב איסכמיות,סך הכול,84.9
בריטניה,2022,מחלות לב איסכמיות,סך הכול,86.1
בריטניה,2023,מחלות לב איסכמיות,סך הכול,83.4
בריטניה,2024,מחלות לב איסכמיות,סך הכול,77.1
בריטניה,2001,מחלות מערכת הדם,גברים,520.1
בריטניה,2002,מחלות מערכת הדם,גברים,506.7
בריטניה,2003,מחלות מערכת הדם,גברים,489.3
בריטניה,2004,מחלות מערכת הדם,גברים,450.5
בריטניה,2005,מחלות מערכת הדם,גברים,424.2
בריטניה,2006,מחלות מערכת הדם,גברים,394.3
בריטניה,2007,מחלות מערכת הדם,גברים,376.8
בריטניה,2008,מחלות מערכת הדם,גברים,361.9
בריטניה,2009,מחלות מערכת הדם,גברים,339.1
בריטניה,2010,מחלות מערכת הדם,גברים,329.4
בריטניה,2011,מחלות מערכת הדם,גברים,290.1
בריטניה,2012,מחלות מערכת הדם,גברים,286.9
בריטניה,2013,מחלות מערכת הדם,גברים,283.1
בריטניה,2014,מחלות מערכת הדם,גברים,269.2
בריטניה,2015,מחלות מערכת הדם,גברים,269.7
בריטניה,2016,מחלות מערכת הדם,גברים,256.9
בריטניה,2017,מחלות מערכת הדם,גברים,252
בריטניה,2018,מחלות מערכת הדם,גברים,253.4
בריטניה,2019,מחלות מערכת הדם,גברים,237.3
בריטניה,2020,מחלות מערכת הדם,גברים,243.3
בריטניה,2021,מחלות מערכת הדם,גברים,245.5
בריטניה,2022,מחלות מערכת הדם,גברים,251
בריטניה,2023,מחלות מערכת הדם,גברים,250
בריטניה,2024,מחלות מערכת הדם,גברים,237.4
בריטניה,2001,מחלות מערכת הדם,נשים,345
בריטניה,2002,מחלות מערכת הדם,נשים,339.7
בריטניה,2003,מחלות מערכת הדם,נשים,333.3
בריטניה,2004,מחלות מערכת הדם,נשים,306.3
בריטניה,2005,מחלות מערכת הדם,נשים,289.3
בריטניה,2006,מחלות מערכת הדם,נשים,268.7
בריטניה,2007,מחלות מערכת הדם,נשים,257.1
בריטניה,2008,מחלות מערכת הדם,נשים,250.4
בריטניה,2009,מחלות מערכת הדם,נשים,232.2
בריטניה,2010,מחלות מערכת הדם,נשים,224.1
בריטניה,2011,מחלות מערכת הדם,נשים,194.6
בריטניה,2012,מחלות מערכת הדם,נשים,198.3
בריטניה,2013,מחלות מערכת הדם,נשים,190.8
בריטניה,2014,מחלות מערכת הדם,נשים,179.4
בריטניה,2015,מחלות מערכת הדם,נשים,181.8
בריטניה,2016,מחלות מערכת הדם,נשים,170.9
בריטניה,2017,מחלות מערכת הדם,נשים,166.7
בריטניה,2018,מחלות מערכת הדם,נשים,164.8
בריטניה,2019,מחלות מערכת הדם,נשים,154
בריטניה,2020,מחלות מערכת הדם,נשים,156
בריטניה,2021,מחלות מערכת הדם,נשים,155.4
בריטניה,2022,מחלות מערכת הדם,נשים,158.2
בריטניה,2023,מחלות מערכת הדם,נשים,155.9
בריטניה,2024,מחלות מערכת הדם,נשים,146.5
בריטניה,2001,מחלות מערכת הדם,סך הכול,419.7
בריטניה,2002,מחלות מערכת הדם,סך הכול,411.1
בריטניה,2003,מחלות מערכת הדם,סך הכול,400.8
בריטניה,2004,מחלות מערכת הדם,סך הכול,369.3
בריטניה,2005,מחלות מערכת הדם,סך הכול,348.5
בריטניה,2006,מחלות מערכת הדם,סך הכול,324.2
בריטניה,2007,מחלות מערכת הדם,סך הכול,310.4
בריטניה,2008,מחלות מערכת הדם,סך הכול,300.4
בריטניה,2009,מחלות מערכת הדם,סך הכול,280.1
בריטניה,2010,מחלות מערכת הדם,סך הכול,271.6
בריטניה,2011,מחלות מערכת הדם,סך הכול,237.7
בריטניה,2012,מחלות מערכת הדם,סך הכול,238.2
בריטניה,2013,מחלות מערכת הדם,סך הכול,232.6
בריטניה,2014,מחלות מערכת הדם,סך הכול,220.1
בריטניה,2015,מחלות מערכת הדם,סך הכול,221.9
בריטניה,2016,מחלות מערכת הדם,סך הכול,210.2
בריטניה,2017,מחלות מערכת הדם,סך הכול,205.7
בריטניה,2018,מחלות מערכת הדם,סך הכול,205.4
בריטניה,2019,מחלות מערכת הדם,סך הכול,192.2
בריטניה,2020,מחלות מערכת הדם,סך הכול,196.3
בריטניה,2021,מחלות מערכת הדם,סך הכול,196.9
בריטניה,2022,מחלות מערכת הדם,סך הכול,200.8
בריטניה,2023,מחלות מערכת הדם,סך הכול,199.2
בריטניה,2024,מחלות מערכת הדם,סך הכול,188.4
בריטניה,2001,מחלות מערכת הנשימה,גברים,168.5
בריטניה,2002,מחלות מערכת הנשימה,גברים,169.8
בריטניה,2003,מחלות מערכת הנשימה,גברים,179.2
בריטניה,2004,מחלות מערכת הנשימה,גברים,164.1
בריטניה,2005,מחלות מערכת הנשימה,גברים,163.6
בריטניה,2006,מחלות מערכת הנשימה,גברים,152.6
בריטניה,2007,מחלות מערכת הנשימה,גברים,149.2
בריטניה,2008,מחלות מערכת הנשימה,גברים,150.7
בריטניה,2009,מחלות מערכת הנשימה,גברים,142.5
בריטניה,2010,מחלות מערכת הנשימה,גברים,136.6
בריטניה,2011,מחלות מערכת הנשימה,גברים,134.7
בריטניה,2012,מחלות מערכת הנשימה,גברים,140.1
בריטניה,2013,מחלות מערכת הנשימה,גברים,142.8
בריטניה,2014,מחלות מערכת הנשימה,גברים,127.1
בריטניה,2015,מחלות מערכת הנשימה,גברים,139.4
בריטניה,2016,מחלות מערכת הנשימה,גברים,131.9
בריטניה,2017,מחלות מערכת הנשימה,גברים,129.6
בריטניה,2018,מחלות מערכת הנשימה,גברים,134.9
בריטניה,2019,מחלות מערכת הנשימה,גברים,121.9
בריטניה,2020,מחלות מערכת הנשימה,גברים,105.8
בריטניה,2021,מחלות מערכת הנשימה,גברים,93.4
בריטניה,2022,מחלות מערכת הנשימה,גברים,105
בריטניה,2023,מחלות מערכת הנשימה,גברים,116
בריטניה,2024,מחלות מערכת הנשימה,גברים,110.9
בריטניה,2001,מחלות מערכת הנשימה,נשים,111.8
בריטניה,2002,מחלות מערכת הנשימה,נשים,116.6
בריטניה,2003,מחלות מערכת הנשימה,נשים,126.3
בריטניה,2004,מחלות מערכת הנשימה,נשים,115.1
בריטניה,2005,מחלות מערכת הנשימה,נשים,118.6
בריטניה,2006,מחלות מערכת הנשימה,נשים,110.4
בריטניה,2007,מחלות מערכת הנשימה,נשים,109.5
בריטניה,2008,מחלות מערכת הנשימה,נשים,112.2
בריטניה,2009,מחלות מערכת הנשימה,נשים,102.1
בריטניה,2010,מחלות מערכת הנשימה,נשים,100.2
בריטניה,2011,מחלות מערכת הנשימה,נשים,98.3
בריטניה,2012,מחלות מערכת הנשימה,נשים,102.1
בריטניה,2013,מחלות מערכת הנשימה,נשים,105.4
בריטניה,2014,מחלות מערכת הנשימה,נשים,92.4
בריטניה,2015,מחלות מערכת הנשימה,נשים,104.7
בריטניה,2016,מחלות מערכת הנשימה,נשים,97.4
בריטניה,2017,מחלות מערכת הנשימה,נשים,96.8
בריטניה,2018,מחלות מערכת הנשימה,נשים,103.1
בריטניה,2019,מחלות מערכת הנשימה,נשים,91.9
בריטניה,2020,מחלות מערכת הנשימה,נשים,75.8
בריטניה,2021,מחלות מערכת הנשימה,נשים,67.1
בריטניה,2022,מחלות מערכת הנשימה,נשים,77.5
בריטניה,2023,מחלות מערכת הנשימה,נשים,86
בריטניה,2024,מחלות מערכת הנשימה,נשים,81.6
בריטניה,2001,מחלות מערכת הנשימה,סך הכול,132.4
בריטניה,2002,מחלות מערכת הנשימה,סך הכול,136.2
בריטניה,2003,מחלות מערכת הנשימה,סך הכול,145.9
בריטניה,2004,מחלות מערכת הנשימה,סך הכול,133.5
בריטניה,2005,מחלות מערכת הנשימה,סך הכול,136
בריטניה,2006,מחלות מערכת הנשימה,סך הכול,126.9
בריטניה,2007,מחלות מערכת הנשימה,סך הכול,125.1
בריטניה,2008,מחלות מערכת הנשימה,סך הכול,127.5
בריטניה,2009,מחלות מערכת הנשימה,סך הכול,118.2
בריטניה,2010,מחלות מערכת הנשימה,סך הכול,114.8
בריטניה,2011,מחלות מערכת הנשימה,סך הכול,113.1
בריטניה,2012,מחלות מערכת הנשימה,סך הכול,117.4
בריטניה,2013,מחלות מערכת הנשימה,סך הכול,120.6
בריטניה,2014,מחלות מערכת הנשימה,סך הכול,106.6
בריטניה,2015,מחלות מערכת הנשימה,סך הכול,119
בריטניה,2016,מחלות מערכת הנשימה,סך הכול,111.8
בריטניה,2017,מחלות מערכת הנשימה,סך הכול,110.6
בריטניה,2018,מחלות מערכת הנשימה,סך הכול,116.6
בריטניה,2019,מחלות מערכת הנשימה,סך הכול,104.7
בריטניה,2020,מחלות מערכת הנשימה,סך הכול,88.6
בריטניה,2021,מחלות מערכת הנשימה,סך הכול,78.4
בריטניה,2022,מחלות מערכת הנשימה,סך הכול,89.3
בריטניה,2023,מחלות מערכת הנשימה,סך הכול,98.9
בריטניה,2024,מחלות מערכת הנשימה,סך הכול,94.2
בריטניה,2001,נפילות,גברים,7
בריטניה,2002,נפילות,גברים,6.9
בריטניה,2003,נפילות,גברים,7.2
בריטניה,2004,נפילות,גברים,7.7
בריטניה,2005,נפילות,גברים,7.8
בריטניה,2006,נפילות,גברים,7.9
בריטניה,2007,נפילות,גברים,7.8
בריטניה,2008,נפילות,גברים,7.8
בריטניה,2009,נפילות,גברים,8.4
בריטניה,2010,נפילות,גברים,8.4
בריטניה,2011,נפילות,גברים,8.6
בריטניה,2012,נפילות,גברים,8.5
בריטניה,2013,נפילות,גברים,9.2
בריטניה,2014,נפילות,גברים,9.2
בריטניה,2015,נפילות,גברים,10.6
בריטניה,2016,נפילות,גברים,11.2
בריטניה,2017,נפילות,גברים,11
בריטניה,2018,נפילות,גברים,11.8
בריטניה,2019,נפילות,גברים,11.4
בריטניה,2020,נפילות,גברים,11.6
בריטניה,2021,נפילות,גברים,12.1
בריטניה,2022,נפילות,גברים,14.4
בריטניה,2023,נפילות,גברים,16.4
בריטניה,2024,נפילות,גברים,16.2
בריטניה,2001,נפילות,נשים,4.9
בריטניה,2002,נפילות,נשים,4.6
בריטניה,2003,נפילות,נשים,4.9
בריטניה,2004,נפילות,נשים,5.4
בריטניה,2005,נפילות,נשים,5.3
בריטניה,2006,נפילות,נשים,5.4
בריטניה,2007,נפילות,נשים,5.4
בריטניה,2008,נפילות,נשים,5.6
בריטניה,2009,נפילות,נשים,5.6
בריטניה,2010,נפילות,נשים,5.6
בריטניה,2011,נפילות,נשים,5.9
בריטניה,2012,נפילות,נשים,5.7
בריטניה,2013,נפילות,נשים,6.2
בריטניה,2014,נפילות,נשים,6.7
בריטניה,2015,נפילות,נשים,7.5
בריטניה,2016,נפילות,נשים,7.6
בריטניה,2017,נפילות,נשים,7.9
בריטניה,2018,נפילות,נשים,8.5
בריטניה,2019,נפילות,נשים,8.4
בריטניה,2020,נפילות,נשים,8.3
בריטניה,2021,נפילות,נשים,8.8
בריטניה,2022,נפילות,נשים,10.2
בריטניה,2023,נפילות,נשים,11.5
בריטניה,2024,נפילות,נשים,11.5
בריטניה,2001,נפילות,סך הכול,5.9
בריטניה,2002,נפילות,סך הכול,5.6
בריטניה,2003,נפילות,סך הכול,6
בריטניה,2004,נפילות,סך הכול,6.4
בריטניה,2005,נפילות,סך הכול,6.4
בריטניה,2006,נפילות,סך הכול,6.5
בריטניה,2007,נפילות,סך הכול,6.5
בריטניה,2008,נפילות,סך הכול,6.7
בריטניה,2009,נפילות,סך הכול,6.9
בריטניה,2010,נפילות,סך הכול,6.8
בריטניה,2011,נפילות,סך הכול,7.1
בריטניה,2012,נפילות,סך הכול,6.9
בריטניה,2013,נפילות,סך הכול,7.5
בריטניה,2014,נפילות,סך הכול,7.8
בריטניה,2015,נפילות,סך הכול,8.9
בריטניה,2016,נפילות,סך הכול,9.2
בריטניה,2017,נפילות,סך הכול,9.3
בריטניה,2018,נפילות,סך הכול,10
בריטניה,2019,נפילות,סך הכול,9.7
בריטניה,2020,נפילות,סך הכול,9.8
בריטניה,2021,נפילות,סך הכול,10.3
בריטניה,2022,נפילות,סך הכול,12.1
בריטניה,2023,נפילות,סך הכול,13.6
בריטניה,2024,נפילות,סך הכול,13.6
בריטניה,2001,סוכרת,גברים,14.9
בריטניה,2002,סוכרת,גברים,14.6
בריטניה,2003,סוכרת,גברים,14.7
בריטניה,2004,סוכרת,גברים,13.7
בריטניה,2005,סוכרת,גברים,12.9
בריטניה,2006,סוכרת,גברים,12.5
בריטניה,2007,סוכרת,גברים,11.9
בריטניה,2008,סוכרת,גברים,12.1
בריטניה,2009,סוכרת,גברים,11
בריטניה,2010,סוכרת,גברים,10.8
בריטניה,2011,סוכרת,גברים,10.2
בריטניה,2012,סוכרת,גברים,10.2
בריטניה,2013,סוכרת,גברים,9.8
בריטניה,2014,סוכרת,גברים,10.3
בריטניה,2015,סוכרת,גברים,10.9
בריטניה,2016,סוכרת,גברים,11.3
בריטניה,2017,סוכרת,גברים,11.8
בריטניה,2018,סוכרת,גברים,12.7
בריטניה,2019,סוכרת,גברים,12.3
בריטניה,2020,סוכרת,גברים,13.9
בריטניה,2021,סוכרת,גברים,13.5
בריטניה,2022,סוכרת,גברים,14.6
בריטניה,2023,סוכרת,גברים,15.1
בריטניה,2024,סוכרת,גברים,14.6
בריטניה,2001,סוכרת,נשים,10.3
בריטניה,2002,סוכרת,נשים,10.4
בריטניה,2003,סוכרת,נשים,10.7
בריטניה,2004,סוכרת,נשים,9.9
בריטניה,2005,סוכרת,נשים,9.7
בריטניה,2006,סוכרת,נשים,9.2
בריטניה,2007,סוכרת,נשים,8.9
בריטניה,2008,סוכרת,נשים,8.7
בריטניה,2009,סוכרת,נשים,8.4
בריטניה,2010,סוכרת,נשים,8.3
בריטניה,2011,סוכרת,נשים,7.6
בריטניה,2012,סוכרת,נשים,7.5
בריטניה,2013,סוכרת,נשים,7.5
בריטניה,2014,סוכרת,נשים,7.9
בריטניה,2015,סוכרת,נשים,7.9
בריטניה,2016,סוכרת,נשים,7.9
בריטניה,2017,סוכרת,נשים,8.4
בריטניה,2018,סוכרת,נשים,8.6
בריטניה,2019,סוכרת,נשים,8.6
בריטניה,2020,סוכרת,נשים,9.6
בריטניה,2021,סוכרת,נשים,9.5
בריטניה,2022,סוכרת,נשים,9.6
בריטניה,2023,סוכרת,נשים,9.7
בריטניה,2024,סוכרת,נשים,9.5
בריטניה,2001,סוכרת,סך הכול,12.2
בריטניה,2002,סוכרת,סך הכול,12.1
בריטניה,2003,סוכרת,סך הכול,12.4
בריטניה,2004,סוכרת,סך הכול,11.6
בריטניה,2005,סוכרת,סך הכול,11.1
בריטניה,2006,סוכרת,סך הכול,10.6
בריטניה,2007,סוכרת,סך הכול,10.2
בריטניה,2008,סוכרת,סך הכול,10.2
בריטניה,2009,סוכרת,סך הכול,9.5
בריטניה,2010,סוכרת,סך הכול,9.4
בריטניה,2011,סוכרת,סך הכול,8.7
בריטניה,2012,סוכרת,סך הכול,8.7
בריטניה,2013,סוכרת,סך הכול,8.6
בריטניה,2014,סוכרת,סך הכול,9
בריטניה,2015,סוכרת,סך הכול,9.2
בריטניה,2016,סוכרת,סך הכול,9.4
בריטניה,2017,סוכרת,סך הכול,9.9
בריטניה,2018,סוכרת,סך הכול,10.5
בריטניה,2019,סוכרת,סך הכול,10.3
בריטניה,2020,סוכרת,סך הכול,11.6
בריטניה,2021,סוכרת,סך הכול,11.3
בריטניה,2022,סוכרת,סך הכול,11.9
בריטניה,2023,סוכרת,סך הכול,12.2
בריטניה,2024,סוכרת,סך הכול,11.8
בריטניה,2020,קורונה,גברים,135.2
בריטניה,2021,קורונה,גברים,119.9
בריטניה,2022,קורונה,גברים,40.2
בריטניה,2023,קורונה,גברים,21.3
בריטניה,2024,קורונה,גברים,11.8
בריטניה,2020,קורונה,נשים,80.7
בריטניה,2021,קורונה,נשים,75.5
בריטניה,2022,קורונה,נשים,25
בריטניה,2023,קורונה,נשים,13.1
בריטניה,2024,קורונה,נשים,7.1
בריטניה,2020,קורונה,סך הכול,104.6
בריטניה,2021,קורונה,סך הכול,95.2
בריטניה,2022,קורונה,סך הכול,31.5
בריטניה,2023,קורונה,סך הכול,16.5
בריטניה,2024,קורונה,סך הכול,9.1
בריטניה,2001,שפעת,גברים,0.1
בריטניה,2002,שפעת,גברים,0.1
בריטניה,2003,שפעת,גברים,0.1
בריטניה,2004,שפעת,גברים,0.1
בריטניה,2005,שפעת,גברים,0.1
בריטניה,2006,שפעת,גברים,0
בריטניה,2007,שפעת,גברים,0.1
בריטניה,2008,שפעת,גברים,0.1
בריטניה,2009,שפעת,גברים,0.2
בריטניה,2010,שפעת,גברים,0.1
בריטניה,2011,שפעת,גברים,0.2
בריטניה,2012,שפעת,גברים,0.1
בריטניה,2013,שפעת,גברים,0.3
בריטניה,2014,שפעת,גברים,0.2
בריטניה,2015,שפעת,גברים,0.6
בריטניה,2016,שפעת,גברים,0.7
בריטניה,2017,שפעת,גברים,0.9
בריטניה,2018,שפעת,גברים,2.9
בריטניה,2019,שפעת,גברים,1.9
בריטניה,2020,שפעת,גברים,0.8
בריטניה,2021,שפעת,גברים,0.1
בריטניה,2022,שפעת,גברים,1.5
בריטניה,2023,שפעת,גברים,3.3
בריטניה,2024,שפעת,גברים,3.3
בריטניה,2001,שפעת,נשים,0.1
בריטניה,2002,שפעת,נשים,0.1
בריטניה,2003,שפעת,נשים,0.2
בריטניה,2004,שפעת,נשים,0.1
בריטניה,2005,שפעת,נשים,0.1
בריטניה,2006,שפעת,נשים,0
בריטניה,2007,שפעת,נשים,0
בריטניה,2008,שפעת,נשים,0.1
בריטניה,2009,שפעת,נשים,0.2
בריטניה,2010,שפעת,נשים,0.1
בריטניה,2011,שפעת,נשים,0.2
בריטניה,2012,שפעת,נשים,0.1
בריטניה,2013,שפעת,נשים,0.3
בריטניה,2014,שפעת,נשים,0.1
בריטניה,2015,שפעת,נשים,0.5
בריטניה,2016,שפעת,נשים,0.5
בריטניה,2017,שפעת,נשים,0.8
בריטניה,2018,שפעת,נשים,2.6
בריטניה,2019,שפעת,נשים,1.7
בריטניה,2020,שפעת,נשים,0.7
בריטניה,2021,שפעת,נשים,0
בריטניה,2022,שפעת,נשים,1.4
בריטניה,2023,שפעת,נשים,3
בריטניה,2024,שפעת,נשים,3
בריטניה,2001,שפעת,סך הכול,0.1
בריטניה,2002,שפעת,סך הכול,0.1
בריטניה,2003,שפעת,סך הכול,0.1
בריטניה,2004,שפעת,סך הכול,0.1
בריטניה,2005,שפעת,סך הכול,0.1
בריטניה,2006,שפעת,סך הכול,0
בריטניה,2007,שפעת,סך הכול,0.1
בריטניה,2008,שפעת,סך הכול,0.1
בריטניה,2009,שפעת,סך הכול,0.2
בריטניה,2010,שפעת,סך הכול,0.1
בריטניה,2011,שפעת,סך הכול,0.2
בריטניה,2012,שפעת,סך הכול,0.1
בריטניה,2013,שפעת,סך הכול,0.3
בריטניה,2014,שפעת,סך הכול,0.2
בריטניה,2015,שפעת,סך הכול,0.5
בריטניה,2016,שפעת,סך הכול,0.6
בריטניה,2017,שפעת,סך הכול,0.8
בריטניה,2018,שפעת,סך הכול,2.8
בריטניה,2019,שפעת,סך הכול,1.8
בריטניה,2020,שפעת,סך הכול,0.8
בריטניה,2021,שפעת,סך הכול,0
בריטניה,2022,שפעת,סך הכול,1.4
בריטניה,2023,שפעת,סך הכול,3.2
בריטניה,2024,שפעת,סך הכול,3.1
בריטניה,2001,תאונות דרכים,גברים,9.6
בריטניה,2002,תאונות דרכים,גברים,9.8
בריטניה,2003,תאונות דרכים,גברים,9.8
בריטניה,2004,תאונות דרכים,גברים,9.3
בריטניה,2005,תאונות דרכים,גברים,9.2
בריטניה,2006,תאונות דרכים,גברים,9.1
בריטניה,2007,תאונות דרכים,גברים,8.6
בריטניה,2008,תאונות דרכים,גברים,7.7
בריטניה,2009,תאונות דרכים,גברים,6.8
בריטניה,2010,תאונות דרכים,גברים,5.5
בריטניה,2011,תאונות דרכים,גברים,5.1
בריטניה,2012,תאונות דרכים,גברים,4.7
בריטניה,2013,תאונות דרכים,גברים,4.4
בריטניה,2014,תאונות דרכים,גברים,5
בריטניה,2015,תאונות דרכים,גברים,4.6
בריטניה,2016,תאונות דרכים,גברים,4.5
בריטניה,2017,תאונות דרכים,גברים,4.3
בריטניה,2018,תאונות דרכים,גברים,4.4
בריטניה,2019,תאונות דרכים,גברים,4
בריטניה,2020,תאונות דרכים,גברים,3.3
בריטניה,2021,תאונות דרכים,גברים,3.6
בריטניה,2022,תאונות דרכים,גברים,3.8
בריטניה,2023,תאונות דרכים,גברים,3.7
בריטניה,2024,תאונות דרכים,גברים,4
בריטניה,2001,תאונות דרכים,נשים,2.9
בריטניה,2002,תאונות דרכים,נשים,2.9
בריטניה,2003,תאונות דרכים,נשים,3.1
בריטניה,2004,תאונות דרכים,נשים,2.8
בריטניה,2005,תאונות דרכים,נשים,2.6
בריטניה,2006,תאונות דרכים,נשים,2.7
בריטניה,2007,תאונות דרכים,נשים,2.6
בריטניה,2008,תאונות דרכים,נשים,2.4
בריטניה,2009,תאונות דרכים,נשים,1.8
בריטניה,2010,תאונות דרכים,נשים,1.8
בריטניה,2011,תאונות דרכים,נשים,1.4
בריטניה,2012,תאונות דרכים,נשים,1.4
בריטניה,2013,תאונות דרכים,נשים,1.4
בריטניה,2014,תאונות דרכים,נשים,1.4
בריטניה,2015,תאונות דרכים,נשים,1.3
בריטניה,2016,תאונות דרכים,נשים,1.3
בריטניה,2017,תאונות דרכים,נשים,1.4
בריטניה,2018,תאונות דרכים,נשים,1.3
בריטניה,2019,תאונות דרכים,נשים,1.4
בריטניה,2020,תאונות דרכים,נשים,0.9
בריטניה,2021,תאונות דרכים,נשים,1
בריטניה,2022,תאונות דרכים,נשים,0.9
בריטניה,2023,תאונות דרכים,נשים,1
בריטניה,2024,תאונות דרכים,נשים,1.1
בריטניה,2001,תאונות דרכים,סך הכול,6.1
בריטניה,2002,תאונות דרכים,סך הכול,6.2
בריטניה,2003,תאונות דרכים,סך הכול,6.3
בריטניה,2004,תאונות דרכים,סך הכול,6
בריטניה,2005,תאונות דרכים,סך הכול,5.8
בריטניה,2006,תאונות דרכים,סך הכול,5.8
בריטניה,2007,תאונות דרכים,סך הכול,5.6
בריטניה,2008,תאונות דרכים,סך הכול,5
בריטניה,2009,תאונות דרכים,סך הכול,4.3
בריטניה,2010,תאונות דרכים,סך הכול,3.6
בריטניה,2011,תאונות דרכים,סך הכול,3.2
בריטניה,2012,תאונות דרכים,סך הכול,3
בריטניה,2013,תאונות דרכים,סך הכול,2.8
בריטניה,2014,תאונות דרכים,סך הכול,3.2
בריטניה,2015,תאונות דרכים,סך הכול,2.9
בריטניה,2016,תאונות דרכים,סך הכול,2.9
בריטניה,2017,תאונות דרכים,סך הכול,2.8
בריטניה,2018,תאונות דרכים,סך הכול,2.8
בריטניה,2019,תאונות דרכים,סך הכול,2.7
בריטניה,2020,תאונות דרכים,סך הכול,2.1
בריטניה,2021,תאונות דרכים,סך הכול,2.3
בריטניה,2022,תאונות דרכים,סך הכול,2.3
בריטניה,2023,תאונות דרכים,סך הכול,2.3
בריטניה,2024,תאונות דרכים,סך הכול,2.5
בריטניה,2001,תקיפה,גברים,0.6
בריטניה,2002,תקיפה,גברים,0.7
בריטניה,2003,תקיפה,גברים,0.7
בריטניה,2004,תקיפה,גברים,0.8
בריטניה,2005,תקיפה,גברים,0.6
בריטניה,2006,תקיפה,גברים,0.7
בריטניה,2007,תקיפה,גברים,0.5
בריטניה,2008,תקיפה,גברים,0.5
בריטניה,2009,תקיפה,גברים,0.4
בריטניה,2010,תקיפה,גברים,0.4
בריטניה,2011,תקיפה,גברים,0.4
בריטניה,2012,תקיפה,גברים,0.3
בריטניה,2013,תקיפה,גברים,0.4
בריטניה,2014,תקיפה,גברים,0.3
בריטניה,2015,תקיפה,גברים,0.2
בריטניה,2016,תקיפה,גברים,0.2
בריטניה,2017,תקיפה,גברים,0.7
בריטניה,2018,תקיפה,גברים,0.8
בריטניה,2019,תקיפה,גברים,0.6
בריטניה,2020,תקיפה,גברים,0.4
בריטניה,2021,תקיפה,גברים,0.5
בריטניה,2022,תקיפה,גברים,0.5
בריטניה,2023,תקיפה,גברים,0.5
בריטניה,2024,תקיפה,גברים,0.7
בריטניה,2001,תקיפה,נשים,0.2
בריטניה,2002,תקיפה,נשים,0.2
בריטניה,2003,תקיפה,נשים,0.2
בריטניה,2004,תקיפה,נשים,0.2
בריטניה,2005,תקיפה,נשים,0.2
בריטניה,2006,תקיפה,נשים,0.2
בריטניה,2007,תקיפה,נשים,0.3
בריטניה,2008,תקיפה,נשים,0.2
בריטניה,2009,תקיפה,נשים,0.2
בריטניה,2010,תקיפה,נשים,0.2
בריטניה,2011,תקיפה,נשים,0.2
בריטניה,2012,תקיפה,נשים,0.1
בריטניה,2013,תקיפה,נשים,0.1
בריטניה,2014,תקיפה,נשים,0.1
בריטניה,2015,תקיפה,נשים,0.1
בריטניה,2016,תקיפה,נשים,0.1
בריטניה,2017,תקיפה,נשים,0.3
בריטניה,2018,תקיפה,נשים,0.3
בריטניה,2019,תקיפה,נשים,0.3
בריטניה,2020,תקיפה,נשים,0.2
בריטניה,2021,תקיפה,נשים,0.2
בריטניה,2022,תקיפה,נשים,0.2
בריטניה,2023,תקיפה,נשים,0.2
בריטניה,2024,תקיפה,נשים,0.2
בריטניה,2001,תקיפה,סך הכול,0.4
בריטניה,2002,תקיפה,סך הכול,0.4
בריטניה,2003,תקיפה,סך הכול,0.5
בריטניה,2004,תקיפה,סך הכול,0.5
בריטניה,2005,תקיפה,סך הכול,0.4
בריטניה,2006,תקיפה,סך הכול,0.4
בריטניה,2007,תקיפה,סך הכול,0.4
בריטניה,2008,תקיפה,סך הכול,0.3
בריטניה,2009,תקיפה,סך הכול,0.3
בריטניה,2010,תקיפה,סך הכול,0.3
בריטניה,2011,תקיפה,סך הכול,0.3
בריטניה,2012,תקיפה,סך הכול,0.2
בריטניה,2013,תקיפה,סך הכול,0.2
בריטניה,2014,תקיפה,סך הכול,0.2
בריטניה,2015,תקיפה,סך הכול,0.2
בריטניה,2016,תקיפה,סך הכול,0.2
בריטניה,2017,תקיפה,סך הכול,0.5
בריטניה,2018,תקיפה,סך הכול,0.6
בריטניה,2019,תקיפה,סך הכול,0.5
בריטניה,2020,תקיפה,סך הכול,0.3
בריטניה,2021,תקיפה,סך הכול,0.4
בריטניה,2022,תקיפה,סך הכול,0.4
בריטניה,2023,תקיפה,סך הכול,0.3
בריטניה,2024,תקיפה,סך הכול,0.4
גרמניה,2000,גידולים,גברים,352.3
גרמניה,2001,גידולים,גברים,339
גרמניה,2002,גידולים,גברים,335.9
גרמניה,2003,גידולים,גברים,331.4
גרמניה,2004,גידולים,גברים,322.5
גרמניה,2005,גידולים,גברים,317.6
גרמניה,2006,גידולים,גברים,309.7
גרמניה,2007,גידולים,גברים,304.4
גרמניה,2008,גידולים,גברים,303.9
גרמניה,2009,גידולים,גברים,298.1
גרמניה,2010,גידולים,גברים,294.6
גרמניה,2011,גידולים,גברים,292
גרמניה,2012,גידולים,גברים,286
גרמניה,2013,גידולים,גברים,295.1
גרמניה,2014,גידולים,גברים,288.3
גרמניה,2015,גידולים,גברים,284.1
גרמניה,2016,גידולים,גברים,283.9
גרמניה,2017,גידולים,גברים,274.2
גרמניה,2018,גידולים,גברים,273.4
גרמניה,2019,גידולים,גברים,269.3
גרמניה,2020,גידולים,גברים,265.8
גרמניה,2021,גידולים,גברים,250.7
גרמניה,2022,גידולים,גברים,247.4
גרמניה,2023,גידולים,גברים,255.6
גרמניה,2000,גידולים,נשים,208.1
גרמניה,2001,גידולים,נשים,202.1
גרמניה,2002,גידולים,נשים,202
גרמניה,2003,גידולים,נשים,197.9
גרמניה,2004,גידולים,נשים,195.4
גרמניה,2005,גידולים,נשים,194.2
גרמניה,2006,גידולים,נשים,190.3
גרמניה,2007,גידולים,נשים,186.9
גרמניה,2008,גידולים,נשים,187.9
גרמניה,2009,גידולים,נשים,185.2
גרמניה,2010,גידולים,נשים,184.8
גרמניה,2011,גידולים,נשים,185.2
גרמניה,2012,גידולים,נשים,182
גרמניה,2013,גידולים,נשים,183.9
גרמניה,2014,גידולים,נשים,180.7
גרמניה,2015,גידולים,נשים,180.9
גרמניה,2016,גידולים,נשים,182.5
גרמניה,2017,גידולים,נשים,179.3
גרמניה,2018,גידולים,נשים,178.9
גרמניה,2019,גידולים,נשים,177.6
גרמניה,2020,גידולים,נשים,174.3
גרמניה,2021,גידולים,נשים,167.5
גרמניה,2022,גידולים,נשים,167.3
גרמניה,2023,גידולים,נשים,172.5
גרמניה,2000,גידולים,סך הכול,261.9
גרמניה,2001,גידולים,סך הכול,253.4
גרמניה,2002,גידולים,סך הכול,252.9
גרמניה,2003,גידולים,סך הכול,248.9
גרמניה,2004,גידולים,סך הכול,244.7
גרמניה,2005,גידולים,סך הכול,242.4
גרמניה,2006,גידולים,סך הכול,237.9
גרמניה,2007,גידולים,סך הכול,233.8
גרמניה,2008,גידולים,סך הכול,234.8
גרמניה,2009,גידולים,סך הכול,231.1
גרמניה,2010,גידולים,סך הכול,230
גרמניה,2011,גידולים,סך הכול,229.3
גרמניה,2012,גידולים,סך הכול,225.4
גרמניה,2013,גידולים,סך הכול,229.4
גרמניה,2014,גידולים,סך הכול,225
גרמניה,2015,גידולים,סך הכול,223.8
גרמניה,2016,גידולים,סך הכול,224.7
גרמניה,2017,גידולים,סך הכול,219
גרמניה,2018,גידולים,סך הכול,218.7
גרמניה,2019,גידולים,סך הכול,216.4
גרמניה,2020,גידולים,סך הכול,213.2
גרמניה,2021,גידולים,סך הכול,203.3
גרמניה,2022,גידולים,סך הכול,201.8
גרמניה,2023,גידולים,סך הכול,208
גרמניה,2000,מחלות זיהומיות,גברים,16
גרמניה,2001,מחלות זיהומיות,גברים,15.6
גרמניה,2002,מחלות זיהומיות,גברים,15.4
גרמניה,2003,מחלות זיהומיות,גברים,15.7
גרמניה,2004,מחלות זיהומיות,גברים,15.6
גרמניה,2005,מחלות זיהומיות,גברים,16.8
גרמניה,2006,מחלות זיהומיות,גברים,16.2
גרמניה,2007,מחלות זיהומיות,גברים,17.6
גרמניה,2008,מחלות זיהומיות,גברים,18.2
גרמניה,2009,מחלות זיהומיות,גברים,18.9
גרמניה,2010,מחלות זיהומיות,גברים,18.7
גרמניה,2011,מחלות זיהומיות,גברים,19.2
גרמניה,2012,מחלות זיהומיות,גברים,20.1
גרמניה,2013,מחלות זיהומיות,גברים,21.2
גרמניה,2014,מחלות זיהומיות,גברים,20.3
גרמניה,2015,מחלות זיהומיות,גברים,21.9
גרמניה,2016,מחלות זיהומיות,גברים,18.5
גרמניה,2017,מחלות זיהומיות,גברים,18.6
גרמניה,2018,מחלות זיהומיות,גברים,18.8
גרמניה,2019,מחלות זיהומיות,גברים,16.9
גרמניה,2020,מחלות זיהומיות,גברים,15.4
גרמניה,2021,מחלות זיהומיות,גברים,13.6
גרמניה,2022,מחלות זיהומיות,גברים,15.8
גרמניה,2023,מחלות זיהומיות,גברים,18.4
גרמניה,2000,מחלות זיהומיות,נשים,9.8
גרמניה,2001,מחלות זיהומיות,נשים,10.2
גרמניה,2002,מחלות זיהומיות,נשים,10.3
גרמניה,2003,מחלות זיהומיות,נשים,10.9
גרמניה,2004,מחלות זיהומיות,נשים,10.9
גרמניה,2005,מחלות זיהומיות,נשים,11.5
גרמניה,2006,מחלות זיהומיות,נשים,11.9
גרמניה,2007,מחלות זיהומיות,נשים,13.2
גרמניה,2008,מחלות זיהומיות,נשים,13.7
גרמניה,2009,מחלות זיהומיות,נשים,14.1
גרמניה,2010,מחלות זיהומיות,נשים,13.4
גרמניה,2011,מחלות זיהומיות,נשים,14.5
גרמניה,2012,מחלות זיהומיות,נשים,16
גרמניה,2013,מחלות זיהומיות,נשים,15.9
גרמניה,2014,מחלות זיהומיות,נשים,15
גרמניה,2015,מחלות זיהומיות,נשים,16.2
גרמניה,2016,מחלות זיהומיות,נשים,13.4
גרמניה,2017,מחלות זיהומיות,נשים,13.3
גרמניה,2018,מחלות זיהומיות,נשים,13.5
גרמניה,2019,מחלות זיהומיות,נשים,11.9
גרמניה,2020,מחלות זיהומיות,נשים,10.8
גרמניה,2021,מחלות זיהומיות,נשים,9.5
גרמניה,2022,מחלות זיהומיות,נשים,10.7
גרמניה,2023,מחלות זיהומיות,נשים,12.7
גרמניה,2000,מחלות זיהומיות,סך הכול,12.3
גרמניה,2001,מחלות זיהומיות,סך הכול,12.5
גרמניה,2002,מחלות זיהומיות,סך הכול,12.5
גרמניה,2003,מחלות זיהומיות,סך הכול,12.9
גרמניה,2004,מחלות זיהומיות,סך הכול,12.9
גרמניה,2005,מחלות זיהומיות,סך הכול,13.8
גרמניה,2006,מחלות זיהומיות,סך הכול,13.8
גרמניה,2007,מחלות זיהומיות,סך הכול,15.1
גרמניה,2008,מחלות זיהומיות,סך הכול,15.7
גרמניה,2009,מחלות זיהומיות,סך הכול,16.2
גרמניה,2010,מחלות זיהומיות,סך הכול,15.8
גרמניה,2011,מחלות זיהומיות,סך הכול,16.7
גרמניה,2012,מחלות זיהומיות,סך הכול,17.9
גרמניה,2013,מחלות זיהומיות,סך הכול,18.2
גרמניה,2014,מחלות זיהומיות,סך הכול,17.3
גרמניה,2015,מחלות זיהומיות,סך הכול,18.7
גרמניה,2016,מחלות זיהומיות,סך הכול,15.7
גרמניה,2017,מחלות זיהומיות,סך הכול,15.6
גרמניה,2018,מחלות זיהומיות,סך הכול,15.9
גרמניה,2019,מחלות זיהומיות,סך הכול,14.1
גרמניה,2020,מחלות זיהומיות,סך הכול,12.8
גרמניה,2021,מחלות זיהומיות,סך הכול,11.3
גרמניה,2022,מחלות זיהומיות,סך הכול,13
גרמניה,2023,מחלות זיהומיות,סך הכול,15.3
גרמניה,2000,מחלות כלי דם במוח,גברים,113.1
גרמניה,2001,מחלות כלי דם במוח,גברים,108.8
גרמניה,2002,מחלות כלי דם במוח,גברים,105.1
גרמניה,2003,מחלות כלי דם במוח,גברים,99.8
גרמניה,2004,מחלות כלי דם במוח,גברים,88
גרמניה,2005,מחלות כלי דם במוח,גברים,83.6
גרמניה,2006,מחלות כלי דם במוח,גברים,77.8
גרמניה,2007,מחלות כלי דם במוח,גברים,72.2
גרמניה,2008,מחלות כלי דם במוח,גברים,70.5
גרמניה,2009,מחלות כלי דם במוח,גברים,67.8
גרמניה,2010,מחלות כלי דם במוח,גברים,64.5
גרמניה,2011,מחלות כלי דם במוח,גברים,60.6
גרמניה,2012,מחלות כלי דם במוח,גברים,59
גרמניה,2013,מחלות כלי דם במוח,גברים,60.3
גרמניה,2014,מחלות כלי דם במוח,גברים,55
גרמניה,2015,מחלות כלי דם במוח,גברים,56.2
גרמניה,2016,מחלות כלי דם במוח,גברים,54.2
גרמניה,2017,מחלות כלי דם במוח,גברים,53.8
גרמניה,2018,מחלות כלי דם במוח,גברים,52.5
גרמניה,2019,מחלות כלי דם במוח,גברים,49.2
גרמניה,2020,מחלות כלי דם במוח,גברים,48.6
גרמניה,2021,מחלות כלי דם במוח,גברים,46.4
גרמניה,2022,מחלות כלי דם במוח,גברים,47.1
גרמניה,2023,מחלות כלי דם במוח,גברים,47.7
גרמניה,2000,מחלות כלי דם במוח,נשים,94
גרמניה,2001,מחלות כלי דם במוח,נשים,90.4
גרמניה,2002,מחלות כלי דם במוח,נשים,89.2
גרמניה,2003,מחלות כלי דם במוח,נשים,87.1
גרמניה,2004,מחלות כלי דם במוח,נשים,78.8
גרמניה,2005,מחלות כלי דם במוח,נשים,74.9
גרמניה,2006,מחלות כלי דם במוח,נשים,69.7
גרמניה,2007,מחלות כלי דם במוח,נשים,64.1
גרמניה,2008,מחלות כלי דם במוח,נשים,64
גרמניה,2009,מחלות כלי דם במוח,נשים,62
גרמניה,2010,מחלות כלי דם במוח,נשים,59.2
גרמניה,2011,מחלות כלי דם במוח,נשים,55
גרמניה,2012,מחלות כלי דם במוח,נשים,53.5
גרמניה,2013,מחלות כלי דם במוח,נשים,53.4
גרמניה,2014,מחלות כלי דם במוח,נשים,49.3
גרמניה,2015,מחלות כלי דם במוח,נשים,48.8
גרמניה,2016,מחלות כלי דם במוח,נשים,46.8
גרמניה,2017,מחלות כלי דם במוח,נשים,44.8
גרמניה,2018,מחלות כלי דם במוח,נשים,44.3
גרמניה,2019,מחלות כלי דם במוח,נשים,41.7
גרמניה,2020,מחלות כלי דם במוח,נשים,40.7
גרמניה,2021,מחלות כלי דם במוח,נשים,38.6
גרמניה,2022,מחלות כלי דם במוח,נשים,39
גרמניה,2023,מחלות כלי דם במוח,נשים,38.6
גרמניה,2000,מחלות כלי דם במוח,סך הכול,101.8
גרמניה,2001,מחלות כלי דם במוח,סך הכול,97.9
גרמניה,2002,מחלות כלי דם במוח,סך הכול,96.1
גרמניה,2003,מחלות כלי דם במוח,סך הכול,93.1
גרמניה,2004,מחלות כלי דם במוח,סך הכול,83.6
גרמניה,2005,מחלות כלי דם במוח,סך הכול,79.5
גרמניה,2006,מחלות כלי דם במוח,סך הכול,74.2
גרמניה,2007,מחלות כלי דם במוח,סך הכול,68.5
גרמניה,2008,מחלות כלי דם במוח,סך הכול,67.8
גרמניה,2009,מחלות כלי דם במוח,סך הכול,65.6
גרמניה,2010,מחלות כלי דם במוח,סך הכול,62.5
גרמניה,2011,מחלות כלי דם במוח,סך הכול,58.4
גרמניה,2012,מחלות כלי דם במוח,סך הכול,56.7
גרמניה,2013,מחלות כלי דם במוח,סך הכול,57.1
גרמניה,2014,מחלות כלי דם במוח,סך הכול,52.4
גרמניה,2015,מחלות כלי דם במוח,סך הכול,52.5
גרמניה,2016,מחלות כלי דם במוח,סך הכול,50.5
גרמניה,2017,מחלות כלי דם במוח,סך הכול,49
גרמניה,2018,מחלות כלי דם במוח,סך הכול,48.3
גרמניה,2019,מחלות כלי דם במוח,סך הכול,45.4
גרמניה,2020,מחלות כלי דם במוח,סך הכול,44.5
גרמניה,2021,מחלות כלי דם במוח,סך הכול,42.4
גרמניה,2022,מחלות כלי דם במוח,סך הכול,42.9
גרמניה,2023,מחלות כלי דם במוח,סך הכול,42.9
גרמניה,2000,מחלות לב איסכמיות,גברים,282.5
גרמניה,2001,מחלות לב איסכמיות,גברים,272.3
גרמניה,2002,מחלות לב איסכמיות,גברים,267.3
גרמניה,2003,מחלות לב איסכמיות,גברים,261.6
גרמניה,2004,מחלות לב איסכמיות,גברים,240.8
גרמניה,2005,מחלות לב איסכמיות,גברים,228.5
גרמניה,2006,מחלות לב איסכמיות,גברים,214.5
גרמניה,2007,מחלות לב איסכמיות,גברים,203.3
גרמניה,2008,מחלות לב איסכמיות,גברים,189.5
גרמניה,2009,מחלות לב איסכמיות,גברים,187.9
גרמניה,2010,מחלות לב איסכמיות,גברים,179.7
גרמניה,2011,מחלות לב איסכמיות,גברים,167.3
גרמניה,2012,מחלות לב איסכמיות,גברים,165.4
גרמניה,2013,מחלות לב איסכמיות,גברים,172.5
גרמניה,2014,מחלות לב איסכמיות,גברים,159.6
גרמניה,2015,מחלות לב איסכמיות,גברים,163.7
גרמניה,2016,מחלות לב איסכמיות,גברים,155.1
גרמניה,2017,מחלות לב איסכמיות,גברים,156.1
גרמניה,2018,מחלות לב איסכמיות,גברים,151.2
גרמניה,2019,מחלות לב איסכמיות,גברים,143.4
גרמניה,2020,מחלות לב איסכמיות,גברים,143.7
גרמניה,2021,מחלות לב איסכמיות,גברים,138.2
גרמניה,2022,מחלות לב איסכמיות,גברים,138.8
גרמניה,2023,מחלות לב איסכמיות,גברים,138.5
גרמניה,2000,מחלות לב איסכמיות,נשים,162.3
גרמניה,2001,מחלות לב איסכמיות,נשים,157.7
גרמניה,2002,מחלות לב איסכמיות,נשים,158.6
גרמניה,2003,מחלות לב איסכמיות,נשים,157.8
גרמניה,2004,מחלות לב איסכמיות,נשים,144.3
גרמניה,2005,מחלות לב איסכמיות,נשים,135.7
גרמניה,2006,מחלות לב איסכמיות,נשים,126.4
גרמניה,2007,מחלות לב איסכמיות,נשים,118.6
גרמניה,2008,מחלות לב איסכמיות,נשים,110.9
גרמניה,2009,מחלות לב איסכמיות,נשים,107.2
גרמניה,2010,מחלות לב איסכמיות,נשים,102.2
גרמניה,2011,מחלות לב איסכמיות,נשים,94.7
גרמניה,2012,מחלות לב איסכמיות,נשים,92.5
גרמניה,2013,מחלות לב איסכמיות,נשים,92.7
גרמניה,2014,מחלות לב איסכמיות,נשים,83.8
גרמניה,2015,מחלות לב איסכמיות,נשים,86.2
גרמניה,2016,מחלות לב איסכמיות,נשים,79
גרמניה,2017,מחלות לב איסכמיות,נשים,79.8
גרמניה,2018,מחלות לב איסכמיות,נשים,77.8
גרמניה,2019,מחלות לב איסכמיות,נשים,72.1
גרמניה,2020,מחלות לב איסכמיות,נשים,70.8
גרמניה,2021,מחלות לב איסכמיות,נשים,67.6
גרמניה,2022,מחלות לב איסכמיות,נשים,68.3
גרמניה,2023,מחלות לב איסכמיות,נשים,65.7
גרמניה,2000,מחלות לב איסכמיות,סך הכול,208.8
גרמניה,2001,מחלות לב איסכמיות,סך הכול,202.6
גרמניה,2002,מחלות לב איסכמיות,סך הכול,201.6
גרמניה,2003,מחלות לב איסכמיות,סך הכול,199.7
גרמניה,2004,מחלות לב איסכמיות,סך הכול,183.8
גרמניה,2005,מחלות לב איסכמיות,סך הכול,174.1
גרמניה,2006,מחלות לב איסכמיות,סך הכול,163.1
גרמניה,2007,מחלות לב איסכמיות,סך הכול,154.1
גרמניה,2008,מחלות לב איסכמיות,סך הכול,144.3
גרמניה,2009,מחלות לב איסכמיות,סך הכול,141.5
גרמניה,2010,מחלות לב איסכמיות,סך הכול,135.4
גרמניה,2011,מחלות לב איסכמיות,סך הכול,126
גרמניה,2012,מחלות לב איסכמיות,סך הכול,124.1
גרמניה,2013,מחלות לב איסכמיות,סך הכול,126
גרמניה,2014,מחלות לב איסכמיות,סך הכול,115.7
גרמניה,2015,מחלות לב איסכמיות,סך הכול,119.1
גרמניה,2016,מחלות לב איסכמיות,סך הכול,111.3
גרמניה,2017,מחלות לב איסכמיות,סך הכול,112.3
גרמניה,2018,מחלות לב איסכמיות,סך הכול,109.4
גרמניה,2019,מחלות לב איסכמיות,סך הכול,102.8
גרמניה,2020,מחלות לב איסכמיות,סך הכול,102.4
גרמניה,2021,מחלות לב איסכמיות,סך הכול,98.5
גרמניה,2022,מחלות לב איסכמיות,סך הכול,99.2
גרמניה,2023,מחלות לב איסכמיות,סך הכול,97.2
גרמניה,2000,מחלות מערכת הדם,גברים,598.5
גרמניה,2001,מחלות מערכת הדם,גברים,581.4
גרמניה,2002,מחלות מערכת הדם,גברים,574.4
גרמניה,2003,מחלות מערכת הדם,גברים,571.3
גרמניה,2004,מחלות מערכת הדם,גברים,520.2
גרמניה,2005,מחלות מערכת הדם,גברים,501.3
גרמניה,2006,מחלות מערכת הדם,גברים,471.2
גרמניה,2007,מחלות מערכת הדם,גברים,456
גרמניה,2008,מחלות מערכת הדם,גברים,435.8
גרמניה,2009,מחלות מערכת הדם,גברים,426.2
גרמניה,2010,מחלות מערכת הדם,גברים,407.8
גרמניה,2011,מחלות מערכת הדם,גברים,383.6
גרמניה,2012,מחלות מערכת הדם,גברים,381.8
גרמניה,2013,מחלות מערכת הדם,גברים,401.4
גרמניה,2014,מחלות מערכת הדם,גברים,374.1
גרמניה,2015,מחלות מערכת הדם,גברים,383
גרמניה,2016,מחלות מערכת הדם,גברים,359.5
גרמניה,2017,מחלות מערכת הדם,גברים,358.4
גרמניה,2018,מחלות מערכת הדם,גברים,352.7
גרמניה,2019,מחלות מערכת הדם,גברים,332.1
גרמניה,2020,מחלות מערכת הדם,גברים,332.5
גרמניה,2021,מחלות מערכת הדם,גברים,319.8
גרמניה,2022,מחלות מערכת הדם,גברים,323.6
גרמניה,2023,מחלות מערכת הדם,גברים,330.8
גרמניה,2000,מחלות מערכת הדם,נשים,424.7
גרמניה,2001,מחלות מערכת הדם,נשים,417.3
גרמניה,2002,מחלות מערכת הדם,נשים,423
גרמניה,2003,מחלות מערכת הדם,נשים,429.7
גרמניה,2004,מחלות מערכת הדם,נשים,393.9
גרמניה,2005,מחלות מערכת הדם,נשים,381.6
גרמניה,2006,מחלות מערכת הדם,נשים,358.3
גרמניה,2007,מחלות מערכת הדם,נשים,345.7
גרמניה,2008,מחלות מערכת הדם,נשים,337.3
גרמניה,2009,מחלות מערכת הדם,נשים,326.7
גרמניה,2010,מחלות מערכת הדם,נשים,314.5
גרמניה,2011,מחלות מערכת הדם,נשים,297.7
גרמניה,2012,מחלות מערכת הדם,נשים,295.7
גרמניה,2013,מחלות מערכת הדם,נשים,300.9
גרמניה,2014,מחלות מערכת הדם,נשים,278.6
גרמניה,2015,מחלות מערכת הדם,נשים,285.1
גרמניה,2016,מחלות מערכת הדם,נשים,263
גרמניה,2017,מחלות מערכת הדם,נשים,262.9
גרמניה,2018,מחלות מערכת הדם,נשים,260.8
גרמניה,2019,מחלות מערכת הדם,נשים,243.3
גרמניה,2020,מחלות מערכת הדם,נשים,239.7
גרמניה,2021,מחלות מערכת הדם,נשים,230
גרמניה,2022,מחלות מערכת הדם,נשים,234.7
גרמניה,2023,מחלות מערכת הדם,נשים,233.5
גרמניה,2000,מחלות מערכת הדם,סך הכול,494.5
גרמניה,2001,מחלות מערכת הדם,סך הכול,484.6
גרמניה,2002,מחלות מערכת הדם,סך הכול,486.8
גרמניה,2003,מחלות מערכת הדם,סך הכול,491.4
גרמניה,2004,מחלות מערכת הדם,סך הכול,450.3
גרמניה,2005,מחלות מערכת הדם,סך הכול,436.1
גרמניה,2006,מחלות מערכת הדם,סך הכול,410.2
גרמניה,2007,מחלות מערכת הדם,סך הכול,396.8
גרמניה,2008,מחלות מערכת הדם,סך הכול,384.1
גרמניה,2009,מחלות מערכת הדם,סך הכול,374
גרמניה,2010,מחלות מערכת הדם,סך הכול,359.8
גרמניה,2011,מחלות מערכת הדם,סך הכול,339.6
גרמניה,2012,מחלות מערכת הדם,סך הכול,337.8
גרמניה,2013,מחלות מערכת הדם,סך הכול,347
גרמניה,2014,מחלות מערכת הדם,סך הכול,322.5
גרמניה,2015,מחלות מערכת הדם,סך הכול,330.6
גרמניה,2016,מחלות מערכת הדם,סך הכול,307.3
גרמניה,2017,מחלות מערכת הדם,סך הכול,306.9
גרמניה,2018,מחלות מערכת הדם,סך הכול,303.3
גרמניה,2019,מחלות מערכת הדם,סך הכול,284.4
גרמניה,2020,מחלות מערכת הדם,סך הכול,282.4
גרמניה,2021,מחלות מערכת הדם,סך הכול,271.7
גרמניה,2022,מחלות מערכת הדם,סך הכול,276.1
גרמניה,2023,מחלות מערכת הדם,סך הכול,277.8
גרמניה,2000,מחלות מערכת הנשימה,גברים,102.4
גרמניה,2001,מחלות מערכת הנשימה,גברים,93.3
גרמניה,2002,מחלות מערכת הנשימה,גברים,99.3
גרמניה,2003,מחלות מערכת הנשימה,גברים,105.2
גרמניה,2004,מחלות מערכת הנשימה,גברים,93.8
גרמניה,2005,מחלות מערכת הנשימה,גברים,97.4
גרמניה,2006,מחלות מערכת הנשימה,גברים,89.8
גרמניה,2007,מחלות מערכת הנשימה,גברים,91.6
גרמניה,2008,מחלות מערכת הנשימה,גברים,89.8
גרמניה,2009,מחלות מערכת הנשימה,גברים,92.8
גרמניה,2010,מחלות מערכת הנשימה,גברים,86.2
גרמניה,2011,מחלות מערכת הנשימה,גברים,82.9
גרמניה,2012,מחלות מערכת הנשימה,גברים,80.8
גרמניה,2013,מחלות מערכת הנשימה,גברים,88.2
גרמניה,2014,מחלות מערכת הנשימה,גברים,78.1
גרמניה,2015,מחלות מערכת הנשימה,גברים,87.2
גרמניה,2016,מחלות מערכת הנשימה,גברים,80.4
גרמניה,2017,מחלות מערכת הנשימה,גברים,81.6
גרמניה,2018,מחלות מערכת הנשימה,גברים,84.1
גרמניה,2019,מחלות מערכת הנשימה,גברים,77
גרמניה,2020,מחלות מערכת הנשימה,גברים,70.3
גרמניה,2021,מחלות מערכת הנשימה,גברים,62.3
גרמניה,2022,מחלות מערכת הנשימה,גברים,70
גרמניה,2023,מחלות מערכת הנשימה,גברים,79
גרמניה,2000,מחלות מערכת הנשימה,נשים,45.6
גרמניה,2001,מחלות מערכת הנשימה,נשים,42.3
גרמניה,2002,מחלות מערכת הנשימה,נשים,48
גרמניה,2003,מחלות מערכת הנשימה,נשים,52.5
גרמניה,2004,מחלות מערכת הנשימה,נשים,46.6
גרמניה,2005,מחלות מערכת הנשימה,נשים,50.9
גרמניה,2006,מחלות מערכת הנשימה,נשים,46.1
גרמניה,2007,מחלות מערכת הנשימה,נשים,47
גרמניה,2008,מחלות מערכת הנשימה,נשים,47.1
גרמניה,2009,מחלות מערכת הנשימה,נשים,49.6
גרמניה,2010,מחלות מערכת הנשימה,נשים,45.8
גרמניה,2011,מחלות מערכת הנשימה,נשים,44.4
גרמניה,2012,מחלות מערכת הנשימה,נשים,43.8
גרמניה,2013,מחלות מערכת הנשימה,נשים,47.9
גרמניה,2014,מחלות מערכת הנשימה,נשים,41.6
גרמניה,2015,מחלות מערכת הנשימה,נשים,48.1
גרמניה,2016,מחלות מערכת הנשימה,נשים,44.5
גרמניה,2017,מחלות מערכת הנשימה,נשים,47.8
גרמניה,2018,מחלות מערכת הנשימה,נשים,49.6
גרמניה,2019,מחלות מערכת הנשימה,נשים,45.4
גרמניה,2020,מחלות מערכת הנשימה,נשים,39.8
גרמניה,2021,מחלות מערכת הנשימה,נשים,35.5
גרמניה,2022,מחלות מערכת הנשימה,נשים,41.9
גרמניה,2023,מחלות מערכת הנשימה,נשים,48.5
גרמניה,2000,מחלות מערכת הנשימה,סך הכול,64.5
גרמניה,2001,מחלות מערכת הנשימה,סך הכול,59.5
גרמניה,2002,מחלות מערכת הנשימה,סך הכול,65.5
גרמניה,2003,מחלות מערכת הנשימה,סך הכול,70.8
גרמניה,2004,מחלות מערכת הנשימה,סך הכול,63
גרמניה,2005,מחלות מערכת הנשימה,סך הכול,67.4
גרמניה,2006,מחלות מערכת הנשימה,סך הכול,61.9
גרמניה,2007,מחלות מערכת הנשימה,סך הכול,63.3
גרמניה,2008,מחלות מערכת הנשימה,סך הכול,62.9
גרמניה,2009,מחלות מערכת הנשימה,סך הכול,65.9
גרמניה,2010,מחלות מערכת הנשימה,סך הכול,61.3
גרמניה,2011,מחלות מערכת הנשימה,סך הכול,59.4
גרמניה,2012,מחלות מערכת הנשימה,סך הכול,58.4
גרמניה,2013,מחלות מערכת הנשימה,סך הכול,63.4
גרמניה,2014,מחלות מערכת הנשימה,סך הכול,55.9
גרמניה,2015,מחלות מערכת הנשימה,סך הכול,63.5
גרמניה,2016,מחלות מערכת הנשימה,סך הכול,58.8
גרמניה,2017,מחלות מערכת הנשימה,סך הכול,61.4
גרמניה,2018,מחלות מערכת הנשימה,סך הכול,63.7
גרמניה,2019,מחלות מערכת הנשימה,סך הכול,58.4
גרמניה,2020,מחלות מערכת הנשימה,סך הכול,52.4
גרמניה,2021,מחלות מערכת הנשימה,סך הכול,46.8
גרמניה,2022,מחלות מערכת הנשימה,סך הכול,53.8
גרמניה,2023,מחלות מערכת הנשימה,סך הכול,61.3
גרמניה,2000,נפילות,גברים,11.2
גרמניה,2001,נפילות,גברים,10.8
גרמניה,2002,נפילות,גברים,10.9
גרמניה,2003,נפילות,גברים,12.2
גרמניה,2004,נפילות,גברים,11.9
גרמניה,2005,נפילות,גברים,12.6
גרמניה,2006,נפילות,גברים,12
גרמניה,2007,נפילות,גברים,10.5
גרמניה,2008,נפילות,גברים,11.1
גרמניה,2009,נפילות,גברים,10.9
גרמניה,2010,נפילות,גברים,12
גרמניה,2011,נפילות,גברים,11.9
גרמניה,2012,נפילות,גברים,12.1
גרמניה,2013,נפילות,גברים,13.2
גרמניה,2014,נפילות,גברים,13.8
גרמניה,2015,נפילות,גברים,14.9
גרמניה,2016,נפילות,גברים,16.2
גרמניה,2017,נפילות,גברים,16.4
גרמניה,2018,נפילות,גברים,17.8
גרמניה,2019,נפילות,גברים,17.7
גרמניה,2020,נפילות,גברים,18
גרמניה,2021,נפילות,גברים,17.6
גרמניה,2022,נפילות,גברים,19.2
גרמניה,2000,נפילות,נשים,7.8
גרמניה,2001,נפילות,נשים,7.3
גרמניה,2002,נפילות,נשים,7.5
גרמניה,2003,נפילות,נשים,8.1
גרמניה,2004,נפילות,נשים,8.2
גרמניה,2005,נפילות,נשים,8.5
גרמניה,2006,נפילות,נשים,7.9
גרמניה,2007,נפילות,נשים,7.1
גרמניה,2008,נפילות,נשים,7.4
גרמניה,2009,נפילות,נשים,7.4
גרמניה,2010,נפילות,נשים,8
גרמניה,2011,נפילות,נשים,8.1
גרמניה,2012,נפילות,נשים,8.4
גרמניה,2013,נפילות,נשים,8.8
גרמניה,2014,נפילות,נשים,9.1
גרמניה,2015,נפילות,נשים,9.9
גרמניה,2016,נפילות,נשים,10.9
גרמניה,2017,נפילות,נשים,10.8
גרמניה,2018,נפילות,נשים,11.7
גרמניה,2019,נפילות,נשים,11.8
גרמניה,2020,נפילות,נשים,11.7
גרמניה,2021,נפילות,נשים,11.3
גרמניה,2022,נפילות,נשים,12.7
גרמניה,2000,נפילות,סך הכול,9.2
גרמניה,2001,נפילות,סך הכול,8.8
גרמניה,2002,נפילות,סך הכול,8.9
גרמניה,2003,נפילות,סך הכול,9.8
גרמניה,2004,נפילות,סך הכול,9.8
גרמניה,2005,נפילות,סך הכול,10.2
גרמניה,2006,נפילות,סך הכול,9.6
גרמניה,2007,נפילות,סך הכול,8.6
גרמניה,2008,נפילות,סך הכול,9
גרמניה,2009,נפילות,סך הכול,9
גרמניה,2010,נפילות,סך הכול,9.8
גרמניה,2011,נפילות,סך הכול,9.7
גרמניה,2012,נפילות,סך הכול,10
גרמניה,2013,נפילות,סך הכול,10.7
גרמניה,2014,נפילות,סך הכול,11.1
גרמניה,2015,נפילות,סך הכול,12
גרמניה,2016,נפילות,סך הכול,13.1
גרמניה,2017,נפילות,סך הכול,13.1
גרמניה,2018,נפילות,סך הכול,14.2
גרמניה,2019,נפילות,סך הכול,14.3
גרמניה,2020,נפילות,סך הכול,14.3
גרמניה,2021,נפילות,סך הכול,14
גרמניה,2022,נפילות,סך הכול,15.5
גרמניה,2000,סוכרת,גברים,26.9
גרמניה,2001,סוכרת,גברים,27.5
גרמניה,2002,סוכרת,גברים,29.1
גרמניה,2003,סוכרת,גברים,29.2
גרמניה,2004,סוכרת,גברים,29.1
גרמניה,2005,סוכרת,גברים,29
גרמניה,2006,סוכרת,גברים,26.2
גרמניה,2007,סוכרת,גברים,25.1
גרמניה,2008,סוכרת,גברים,25
גרמניה,2009,סוכרת,גברים,24.6
גרמניה,2010,סוכרת,גברים,25.1
גרמניה,2011,סוכרת,גברים,25.1
גרמניה,2012,סוכרת,גברים,24.9
גרמניה,2013,סוכרת,גברים,26.2
גרמניה,2014,סוכרת,גברים,24.2
גרמניה,2015,סוכרת,גברים,25.7
גרמניה,2016,סוכרת,גברים,23.9
גרמניה,2017,סוכרת,גברים,25.6
גרמניה,2018,סוכרת,גברים,25.5
גרמניה,2019,סוכרת,גברים,24.3
גרמניה,2020,סוכרת,גברים,25.4
גרמניה,2021,סוכרת,גברים,24.6
גרמניה,2022,סוכרת,גברים,25.2
גרמניה,2023,סוכרת,גברים,25.6
גרמניה,2000,סוכרת,נשים,25.1
גרמניה,2001,סוכרת,נשים,25.4
גרמניה,2002,סוכרת,נשים,27.3
גרמניה,2003,סוכרת,נשים,27.5
גרמניה,2004,סוכרת,נשים,26.4
גרמניה,2005,סוכרת,נשים,26.4
גרמניה,2006,סוכרת,נשים,23.2
גרמניה,2007,סוכרת,נשים,22
גרמניה,2008,סוכרת,נשים,21.9
גרמניה,2009,סוכרת,נשים,22
גרמניה,2010,סוכרת,נשים,21.3
גרמניה,2011,סוכרת,נשים,21
גרמניה,2012,סוכרת,נשים,21.1
גרמניה,2013,סוכרת,נשים,21
גרמניה,2014,סוכרת,נשים,19
גרמניה,2015,סוכרת,נשים,19.8
גרמניה,2016,סוכרת,נשים,18.1
גרמניה,2017,סוכרת,נשים,19.1
גרמניה,2018,סוכרת,נשים,18.7
גרמניה,2019,סוכרת,נשים,17.4
גרמניה,2020,סוכרת,נשים,18.5
גרמניה,2021,סוכרת,נשים,17.5
גרמניה,2022,סוכרת,נשים,17.3
גרמניה,2023,סוכרת,נשים,16.8
גרמניה,2000,סוכרת,סך הכול,26.5
גרמניה,2001,סוכרת,סך הכול,26.9
גרמניה,2002,סוכרת,סך הכול,28.8
גרמניה,2003,סוכרת,סך הכול,29
גרמניה,2004,סוכרת,סך הכול,28.3
גרמניה,2005,סוכרת,סך הכול,28.3
גרמניה,2006,סוכרת,סך הכול,25.1
גרמניה,2007,סוכרת,סך הכול,23.9
גרמניה,2008,סוכרת,סך הכול,23.8
גרמניה,2009,סוכרת,סך הכול,23.7
גרמניה,2010,סוכרת,סך הכול,23.5
גרמניה,2011,סוכרת,סך הכול,23.3
גרמניה,2012,סוכרת,סך הכול,23.3
גרמניה,2013,סוכרת,סך הכול,23.7
גרמניה,2014,סוכרת,סך הכול,21.6
גרמניה,2015,סוכרת,סך הכול,22.7
גרמניה,2016,סוכרת,סך הכול,21
גרמניה,2017,סוכרת,סך הכול,22.2
גרמניה,2018,סוכרת,סך הכול,21.9
גרמניה,2019,סוכרת,סך הכול,20.6
גרמניה,2020,סוכרת,סך הכול,21.7
גרמניה,2021,סוכרת,סך הכול,20.9
גרמניה,2022,סוכרת,סך הכול,21
גרמניה,2023,סוכרת,סך הכול,20.8
גרמניה,2020,קורונה,גברים,43.6
גרמניה,2021,קורונה,גברים,79.3
גרמניה,2022,קורונה,גברים,55.2
גרמניה,2023,קורונה,גברים,29.6
גרמניה,2020,קורונה,נשים,25.1
גרמניה,2021,קורונה,נשים,44.2
גרמניה,2022,קורונה,נשים,31.4
גרמניה,2023,קורונה,נשים,14.7
גרמניה,2020,קורונה,סך הכול,32.9
גרמניה,2021,קורונה,סך הכול,59.6
גרמניה,2022,קורונה,סך הכול,41.3
גרמניה,2023,קורונה,סך הכול,20.7
גרמניה,2000,שפעת,גברים,0.3
גרמניה,2001,שפעת,גברים,0.1
גרמניה,2002,שפעת,גברים,0.1
גרמניה,2003,שפעת,גברים,0.4
גרמניה,2004,שפעת,גברים,0.2
גרמניה,2005,שפעת,גברים,0.4
גרמניה,2006,שפעת,גברים,0.1
גרמניה,2007,שפעת,גברים,0.1
גרמניה,2008,שפעת,גברים,0.1
גרמניה,2009,שפעת,גברים,0.2
גרמניה,2010,שפעת,גברים,0.1
גרמניה,2011,שפעת,גברים,0.1
גרמניה,2012,שפעת,גברים,0.1
גרמניה,2013,שפעת,גברים,0.3
גרמניה,2014,שפעת,גברים,0.1
גרמניה,2015,שפעת,גברים,0.7
גרמניה,2016,שפעת,גברים,0.3
גרמניה,2017,שפעת,גברים,1.4
גרמניה,2018,שפעת,גברים,3.3
גרמניה,2019,שפעת,גברים,1.9
גרמניה,2020,שפעת,גברים,1.5
גרמניה,2021,שפעת,גברים,0
גרמניה,2022,שפעת,גברים,1.5
גרמניה,2000,שפעת,נשים,0.3
גרמניה,2001,שפעת,נשים,0.1
גרמניה,2002,שפעת,נשים,0.1
גרמניה,2003,שפעת,נשים,0.4
גרמניה,2004,שפעת,נשים,0.1
גרמניה,2005,שפעת,נשים,0.4
גרמניה,2006,שפעת,נשים,0.1
גרמניה,2007,שפעת,נשים,0.1
גרמניה,2008,שפעת,נשים,0.1
גרמניה,2009,שפעת,נשים,0.2
גרמניה,2010,שפעת,נשים,0
גרמניה,2011,שפעת,נשים,0.1
גרמניה,2012,שפעת,נשים,0.1
גרמניה,2013,שפעת,נשים,0.3
גרמניה,2014,שפעת,נשים,0.1
גרמניה,2015,שפעת,נשים,0.5
גרמניה,2016,שפעת,נשים,0.2
גרמניה,2017,שפעת,נשים,0.8
גרמניה,2018,שפעת,נשים,2.3
גרמניה,2019,שפעת,נשים,1.1
גרמניה,2020,שפעת,נשים,0.9
גרמניה,2021,שפעת,נשים,0
גרמניה,2022,שפעת,נשים,1.1
גרמניה,2000,שפעת,סך הכול,0.3
גרמניה,2001,שפעת,סך הכול,0.1
גרמניה,2002,שפעת,סך הכול,0.1
גרמניה,2003,שפעת,סך הכול,0.4
גרמניה,2004,שפעת,סך הכול,0.2
גרמניה,2005,שפעת,סך הכול,0.4
גרמניה,2006,שפעת,סך הכול,0.1
גרמניה,2007,שפעת,סך הכול,0.1
גרמניה,2008,שפעת,סך הכול,0.1
גרמניה,2009,שפעת,סך הכול,0.2
גרמניה,2010,שפעת,סך הכול,0.1
גרמניה,2011,שפעת,סך הכול,0.1
גרמניה,2012,שפעת,סך הכול,0.1
גרמניה,2013,שפעת,סך הכול,0.3
גרמניה,2014,שפעת,סך הכול,0.1
גרמניה,2015,שפעת,סך הכול,0.6
גרמניה,2016,שפעת,סך הכול,0.3
גרמניה,2017,שפעת,סך הכול,1
גרמניה,2018,שפעת,סך הכול,2.7
גרמניה,2019,שפעת,סך הכול,1.5
גרמניה,2020,שפעת,סך הכול,1.1
גרמניה,2021,שפעת,סך הכול,0
גרמניה,2022,שפעת,סך הכול,1.3
גרמניה,2000,תאונות דרכים,גברים,14.5
גרמניה,2001,תאונות דרכים,גברים,13.3
גרמניה,2002,תאונות דרכים,גברים,12.9
גרמניה,2003,תאונות דרכים,גברים,12.6
גרמניה,2004,תאונות דרכים,גברים,11.1
גרמניה,2005,תאונות דרכים,גברים,10.3
גרמניה,2006,תאונות דרכים,גברים,9.9
גרמניה,2007,תאונות דרכים,גברים,9.4
גרמניה,2008,תאונות דרכים,גברים,8.6
גרמניה,2009,תאונות דרכים,גברים,8.2
גרמניה,2010,תאונות דרכים,גברים,7.1
גרמניה,2011,תאונות דרכים,גברים,8
גרמניה,2012,תאונות דרכים,גברים,7.1
גרמניה,2013,תאונות דרכים,גברים,6.9
גרמניה,2014,תאונות דרכים,גברים,6.9
גרמניה,2015,תאונות דרכים,גברים,6.7
גרמניה,2016,תאונות דרכים,גברים,6.2
גרמניה,2017,תאונות דרכים,גברים,6
גרמניה,2018,תאונות דרכים,גברים,6.4
גרמניה,2019,תאונות דרכים,גברים,6
גרמניה,2020,תאונות דרכים,גברים,5.5
גרמניה,2021,תאונות דרכים,גברים,3.8
גרמניה,2022,תאונות דרכים,גברים,4
גרמניה,2000,תאונות דרכים,נשים,5
גרמניה,2001,תאונות דרכים,נשים,4.6
גרמניה,2002,תאונות דרכים,נשים,4.6
גרמניה,2003,תאונות דרכים,נשים,4.2
גרמניה,2004,תאונות דרכים,נשים,3.7
גרמניה,2005,תאונות דרכים,נשים,3.4
גרמניה,2006,תאונות דרכים,נשים,3.2
גרמניה,2007,תאונות דרכים,נשים,3.1
גרמניה,2008,תאונות דרכים,נשים,2.9
גרמניה,2009,תאונות דרכים,נשים,2.6
גרמניה,2010,תאונות דרכים,נשים,2.4
גרמניה,2011,תאונות דרכים,נשים,2.4
גרמניה,2012,תאונות דרכים,נשים,2.3
גרמניה,2013,תאונות דרכים,נשים,2.2
גרמניה,2014,תאונות דרכים,נשים,2
גרמניה,2015,תאונות דרכים,נשים,2
גרמניה,2016,תאונות דרכים,נשים,1.9
גרמניה,2017,תאונות דרכים,נשים,1.9
גרמניה,2018,תאונות דרכים,נשים,1.9
גרמניה,2019,תאונות דרכים,נשים,1.7
גרמניה,2020,תאונות דרכים,נשים,1.5
גרמניה,2021,תאונות דרכים,נשים,0.6
גרמניה,2022,תאונות דרכים,נשים,0.7
גרמניה,2000,תאונות דרכים,סך הכול,9.6
גרמניה,2001,תאונות דרכים,סך הכול,8.8
גרמניה,2002,תאונות דרכים,סך הכול,8.7
גרמניה,2003,תאונות דרכים,סך הכול,8.3
גרמניה,2004,תאונות דרכים,סך הכול,7.3
גרמניה,2005,תאונות דרכים,סך הכול,6.8
גרמניה,2006,תאונות דרכים,סך הכול,6.4
גרמניה,2007,תאונות דרכים,סך הכול,6.2
גרמניה,2008,תאונות דרכים,סך הכול,5.7
גרמניה,2009,תאונות דרכים,סך הכול,5.3
גרמניה,2010,תאונות דרכים,סך הכול,4.7
גרמניה,2011,תאונות דרכים,סך הכול,5.1
גרמניה,2012,תאונות דרכים,סך הכול,4.6
גרמניה,2013,תאונות דרכים,סך הכול,4.4
גרמניה,2014,תאונות דרכים,סך הכול,4.4
גרמניה,2015,תאונות דרכים,סך הכול,4.3
גרמניה,2016,תאונות דרכים,סך הכול,4
גרמניה,2017,תאונות דרכים,סך הכול,3.9
גרמניה,2018,תאונות דרכים,סך הכול,4.1
גרמניה,2019,תאונות דרכים,סך הכול,3.8
גרמניה,2020,תאונות דרכים,סך הכול,3.4
גרמניה,2021,תאונות דרכים,סך הכול,2.2
גרמניה,2022,תאונות דרכים,סך הכול,2.3
גרמניה,2000,תקיפה,גברים,0.8
גרמניה,2001,תקיפה,גברים,0.8
גרמניה,2002,תקיפה,גברים,0.8
גרמניה,2003,תקיפה,גברים,0.8
גרמניה,2004,תקיפה,גברים,0.7
גרמניה,2005,תקיפה,גברים,0.6
גרמניה,2006,תקיפה,גברים,0.6
גרמניה,2007,תקיפה,גברים,0.6
גרמניה,2008,תקיפה,גברים,0.6
גרמניה,2009,תקיפה,גברים,0.5
גרמניה,2010,תקיפה,גברים,0.6
גרמניה,2011,תקיפה,גברים,0.6
גרמניה,2012,תקיפה,גברים,0.5
גרמניה,2013,תקיפה,גברים,0.5
גרמניה,2014,תקיפה,גברים,0.4
גרמניה,2015,תקיפה,גברים,0.5
גרמניה,2016,תקיפה,גברים,0.5
גרמניה,2017,תקיפה,גברים,0.4
גרמניה,2018,תקיפה,גברים,0.4
גרמניה,2019,תקיפה,גברים,0.4
גרמניה,2020,תקיפה,גברים,0.5
גרמניה,2021,תקיפה,גברים,0.1
גרמניה,2022,תקיפה,גברים,0.2
גרמניה,2000,תקיפה,נשים,0.7
גרמניה,2001,תקיפה,נשים,0.6
גרמניה,2002,תקיפה,נשים,0.7
גרמניה,2003,תקיפה,נשים,0.6
גרמניה,2004,תקיפה,נשים,0.6
גרמניה,2005,תקיפה,נשים,0.5
גרמניה,2006,תקיפה,נשים,0.5
גרמניה,2007,תקיפה,נשים,0.5
גרמניה,2008,תקיפה,נשים,0.5
גרמניה,2009,תקיפה,נשים,0.5
גרמניה,2010,תקיפה,נשים,0.6
גרמניה,2011,תקיפה,נשים,0.5
גרמניה,2012,תקיפה,נשים,0.5
גרמניה,2013,תקיפה,נשים,0.5
גרמניה,2014,תקיפה,נשים,0.5
גרמניה,2015,תקיפה,נשים,0.5
גרמניה,2016,תקיפה,נשים,0.4
גרמניה,2017,תקיפה,נשים,0.4
גרמניה,2018,תקיפה,נשים,0.4
גרמניה,2019,תקיפה,נשים,0.3
גרמניה,2020,תקיפה,נשים,0.4
גרמניה,2021,תקיפה,נשים,0.1
גרמניה,2022,תקיפה,נשים,0.2
גרמניה,2000,תקיפה,סך הכול,0.7
גרמניה,2001,תקיפה,סך הכול,0.7
גרמניה,2002,תקיפה,סך הכול,0.7
גרמניה,2003,תקיפה,סך הכול,0.7
גרמניה,2004,תקיפה,סך הכול,0.6
גרמניה,2005,תקיפה,סך הכול,0.5
גרמניה,2006,תקיפה,סך הכול,0.6
גרמניה,2007,תקיפה,סך הכול,0.6
גרמניה,2008,תקיפה,סך הכול,0.5
גרמניה,2009,תקיפה,סך הכול,0.5
גרמניה,2010,תקיפה,סך הכול,0.6
גרמניה,2011,תקיפה,סך הכול,0.5
גרמניה,2012,תקיפה,סך הכול,0.5
גרמניה,2013,תקיפה,סך הכול,0.5
גרמניה,2014,תקיפה,סך הכול,0.4
גרמניה,2015,תקיפה,סך הכול,0.5
גרמניה,2016,תקיפה,סך הכול,0.4
גרמניה,2017,תקיפה,סך הכול,0.4
גרמניה,2018,תקיפה,סך הכול,0.4
גרמניה,2019,תקיפה,סך הכול,0.4
גרמניה,2020,תקיפה,סך הכול,0.4
גרמניה,2021,תקיפה,סך הכול,0.1
גרמניה,2022,תקיפה,סך הכול,0.2
דנמרק,2000,גידולים,גברים,387.9
דנמרק,2001,גידולים,גברים,380.7
דנמרק,2002,גידולים,גברים,365
דנמרק,2003,גידולים,גברים,362.4
דנמרק,2004,גידולים,גברים,373.5
דנמרק,2005,גידולים,גברים,363.3
דנמרק,2006,גידולים,גברים,369.2
דנמרק,2007,גידולים,גברים,339.4
דנמרק,2008,גידולים,גברים,339.5
דנמרק,2009,גידולים,גברים,331.8
דנמרק,2010,גידולים,גברים,334.6
דנמרק,2011,גידולים,גברים,330.8
דנמרק,2012,גידולים,גברים,326.8
דנמרק,2013,גידולים,גברים,316.9
דנמרק,2014,גידולים,גברים,310.2
דנמרק,2015,גידולים,גברים,307.4
דנמרק,2016,גידולים,גברים,304.6
דנמרק,2017,גידולים,גברים,298
דנמרק,2018,גידולים,גברים,286.2
דנמרק,2019,גידולים,גברים,292.5
דנמרק,2020,גידולים,גברים,282.2
דנמרק,2021,גידולים,גברים,276.4
דנמרק,2022,גידולים,גברים,267.4
דנמרק,2023,גידולים,גברים,272.6
דנמרק,2000,גידולים,נשים,278.4
דנמרק,2001,גידולים,נשים,278.6
דנמרק,2002,גידולים,נשים,266.4
דנמרק,2003,גידולים,נשים,262.5
דנמרק,2004,גידולים,נשים,258.5
דנמרק,2005,גידולים,נשים,263.3
דנמרק,2006,גידולים,נשים,260.9
דנמרק,2007,גידולים,נשים,254.4
דנמרק,2008,גידולים,נשים,251.5
דנמרק,2009,גידולים,נשים,240.5
דנמרק,2010,גידולים,נשים,242.4
דנמרק,2011,גידולים,נשים,233.8
דנמרק,2012,גידולים,נשים,237.9
דנמרק,2013,גידולים,נשים,226.9
דנמרק,2014,גידולים,נשים,223.4
דנמרק,2015,גידולים,נשים,220.4
דנמרק,2016,גידולים,נשים,227
דנמרק,2017,גידולים,נשים,213.2
דנמרק,2018,גידולים,נשים,207.1
דנמרק,2019,גידולים,נשים,212.2
דנמרק,2020,גידולים,נשים,203.7
דנמרק,2021,גידולים,נשים,199.6
דנמרק,2022,גידולים,נשים,195.2
דנמרק,2023,גידולים,נשים,194.2
דנמרק,2000,גידולים,סך הכול,320.1
דנמרק,2001,גידולים,סך הכול,317.2
דנמרק,2002,גידולים,סך הכול,304.1
דנמרק,2003,גידולים,סך הכול,301.4
דנמרק,2004,גידולים,סך הכול,303
דנמרק,2005,גידולים,סך הכול,301.9
דנמרק,2006,גידולים,סך הכול,303.4
דנמרק,2007,גידולים,סך הכול,288.3
דנמרק,2008,גידולים,סך הכול,286
דנמרק,2009,גידולים,סך הכול,276.5
דנמרק,2010,גידולים,סך הכול,279.4
דנמרק,2011,גידולים,סך הכול,272.9
דנמרק,2012,גידולים,סך הכול,273.6
דנמרק,2013,גידולים,סך הכול,263.6
דנמרק,2014,גידולים,סך הכול,259.2
דנמרק,2015,גידולים,סך הכול,255.9
דנמרק,2016,גידולים,סך הכול,259.1
דנמרק,2017,גידולים,סך הכול,248.8
דנמרק,2018,גידולים,סך הכול,240.3
דנמרק,2019,גידולים,סך הכול,246.3
דנמרק,2020,גידולים,סך הכול,236.7
דנמרק,2021,גידולים,סך הכול,232.2
דנמרק,2022,גידולים,סך הכול,225.9
דנמרק,2023,גידולים,סך הכול,228.3
דנמרק,2000,מחלות זיהומיות,גברים,8.3
דנמרק,2001,מחלות זיהומיות,גברים,8.5
דנמרק,2002,מחלות זיהומיות,גברים,17.5
דנמרק,2003,מחלות זיהומיות,גברים,19.8
דנמרק,2004,מחלות זיהומיות,גברים,17.7
דנמרק,2005,מחלות זיהומיות,גברים,16
דנמרק,2006,מחלות זיהומיות,גברים,17.6
דנמרק,2007,מחלות זיהומיות,גברים,19.6
דנמרק,2008,מחלות זיהומיות,גברים,15.2
דנמרק,2009,מחלות זיהומיות,גברים,18.2
דנמרק,2010,מחלות זיהומיות,גברים,18.5
דנמרק,2011,מחלות זיהומיות,גברים,16.6
דנמרק,2012,מחלות זיהומיות,גברים,18.7
דנמרק,2013,מחלות זיהומיות,גברים,18.9
דנמרק,2014,מחלות זיהומיות,גברים,16.4
דנמרק,2015,מחלות זיהומיות,גברים,16.9
דנמרק,2016,מחלות זיהומיות,גברים,17.9
דנמרק,2017,מחלות זיהומיות,גברים,19.7
דנמרק,2018,מחלות זיהומיות,גברים,20.7
דנמרק,2019,מחלות זיהומיות,גברים,24.1
דנמרק,2020,מחלות זיהומיות,גברים,25
דנמרק,2021,מחלות זיהומיות,גברים,27.9
דנמרק,2022,מחלות זיהומיות,גברים,32.5
דנמרק,2023,מחלות זיהומיות,גברים,33.1
דנמרק,2000,מחלות זיהומיות,נשים,6.6
דנמרק,2001,מחלות זיהומיות,נשים,6.7
דנמרק,2002,מחלות זיהומיות,נשים,12.1
דנמרק,2003,מחלות זיהומיות,נשים,14.3
דנמרק,2004,מחלות זיהומיות,נשים,14.2
דנמרק,2005,מחלות זיהומיות,נשים,12.2
דנמרק,2006,מחלות זיהומיות,נשים,13.4
דנמרק,2007,מחלות זיהומיות,נשים,14.2
דנמרק,2008,מחלות זיהומיות,נשים,12.2
דנמרק,2009,מחלות זיהומיות,נשים,13.1
דנמרק,2010,מחלות זיהומיות,נשים,15.3
דנמרק,2011,מחלות זיהומיות,נשים,12
דנמרק,2012,מחלות זיהומיות,נשים,13.6
דנמרק,2013,מחלות זיהומיות,נשים,15.8
דנמרק,2014,מחלות זיהומיות,נשים,14.2
דנמרק,2015,מחלות זיהומיות,נשים,14.7
דנמרק,2016,מחלות זיהומיות,נשים,13.1
דנמרק,2017,מחלות זיהומיות,נשים,13.6
דנמרק,2018,מחלות זיהומיות,נשים,14.5
דנמרק,2019,מחלות זיהומיות,נשים,16.5
דנמרק,2020,מחלות זיהומיות,נשים,17.5
דנמרק,2021,מחלות זיהומיות,נשים,19.5
דנמרק,2022,מחלות זיהומיות,נשים,21.5
דנמרק,2023,מחלות זיהומיות,נשים,23.3
דנמרק,2000,מחלות זיהומיות,סך הכול,7.4
דנמרק,2001,מחלות זיהומיות,סך הכול,7.6
דנמרק,2002,מחלות זיהומיות,סך הכול,14.4
דנמרק,2003,מחלות זיהומיות,סך הכול,16.6
דנמרק,2004,מחלות זיהומיות,סך הכול,15.9
דנמרק,2005,מחלות זיהומיות,סך הכול,13.9
דנמרק,2006,מחלות זיהומיות,סך הכול,15.3
דנמרק,2007,מחלות זיהומיות,סך הכול,16.4
דנמרק,2008,מחלות זיהומיות,סך הכול,13.6
דנמרק,2009,מחלות זיהומיות,סך הכול,15.2
דנמרק,2010,מחלות זיהומיות,סך הכול,16.7
דנמרק,2011,מחלות זיהומיות,סך הכול,14
דנמרק,2012,מחלות זיהומיות,סך הכול,15.6
דנמרק,2013,מחלות זיהומיות,סך הכול,17.2
דנמרק,2014,מחלות זיהומיות,סך הכול,15.1
דנמרק,2015,מחלות זיהומיות,סך הכול,15.7
דנמרק,2016,מחלות זיהומיות,סך הכול,15.2
דנמרק,2017,מחלות זיהומיות,סך הכול,16.2
דנמרק,2018,מחלות זיהומיות,סך הכול,17.1
דנמרק,2019,מחלות זיהומיות,סך הכול,19.6
דנמרק,2020,מחלות זיהומיות,סך הכול,20.8
דנמרק,2021,מחלות זיהומיות,סך הכול,23
דנמרק,2022,מחלות זיהומיות,סך הכול,26.1
דנמרק,2023,מחלות זיהומיות,סך הכול,27.6
דנמרק,2000,מחלות כלי דם במוח,גברים,108.3
דנמרק,2001,מחלות כלי דם במוח,גברים,113.5
דנמרק,2002,מחלות כלי דם במוח,גברים,122.2
דנמרק,2003,מחלות כלי דם במוח,גברים,120
דנמרק,2004,מחלות כלי דם במוח,גברים,111.7
דנמרק,2005,מחלות כלי דם במוח,גברים,104.4
דנמרק,2006,מחלות כלי דם במוח,גברים,98.2
דנמרק,2007,מחלות כלי דם במוח,גברים,90.1
דנמרק,2008,מחלות כלי דם במוח,גברים,80.7
דנמרק,2009,מחלות כלי דם במוח,גברים,79.2
דנמרק,2010,מחלות כלי דם במוח,גברים,78.4
דנמרק,2011,מחלות כלי דם במוח,גברים,66.1
דנמרק,2012,מחלות כלי דם במוח,גברים,66.5
דנמרק,2013,מחלות כלי דם במוח,גברים,65.9
דנמרק,2014,מחלות כלי דם במוח,גברים,60.9
דנמרק,2015,מחלות כלי דם במוח,גברים,61.6
דנמרק,2016,מחלות כלי דם במוח,גברים,60.2
דנמרק,2017,מחלות כלי דם במוח,גברים,56.2
דנמרק,2018,מחלות כלי דם במוח,גברים,57
דנמרק,2019,מחלות כלי דם במוח,גברים,50.7
דנמרק,2020,מחלות כלי דם במוח,גברים,48.2
דנמרק,2021,מחלות כלי דם במוח,גברים,46.3
דנמרק,2022,מחלות כלי דם במוח,גברים,47.7
דנמרק,2023,מחלות כלי דם במוח,גברים,46.8
דנמרק,2000,מחלות כלי דם במוח,נשים,94
דנמרק,2001,מחלות כלי דם במוח,נשים,92.5
דנמרק,2002,מחלות כלי דם במוח,נשים,96.4
דנמרק,2003,מחלות כלי דם במוח,נשים,93.4
דנמרק,2004,מחלות כלי דם במוח,נשים,90
דנמרק,2005,מחלות כלי דם במוח,נשים,84.6
דנמרק,2006,מחלות כלי דם במוח,נשים,81.8
דנמרק,2007,מחלות כלי דם במוח,נשים,71.1
דנמרק,2008,מחלות כלי דם במוח,נשים,68
דנמרק,2009,מחלות כלי דם במוח,נשים,64.4
דנמרק,2010,מחלות כלי דם במוח,נשים,63.8
דנמרק,2011,מחלות כלי דם במוח,נשים,57.4
דנמרק,2012,מחלות כלי דם במוח,נשים,53.6
דנמרק,2013,מחלות כלי דם במוח,נשים,52.2
דנמרק,2014,מחלות כלי דם במוח,נשים,51.9
דנמרק,2015,מחלות כלי דם במוח,נשים,52.6
דנמרק,2016,מחלות כלי דם במוח,נשים,49.9
דנמרק,2017,מחלות כלי דם במוח,נשים,47.7
דנמרק,2018,מחלות כלי דם במוח,נשים,45.1
דנמרק,2019,מחלות כלי דם במוח,נשים,42.6
דנמרק,2020,מחלות כלי דם במוח,נשים,41.5
דנמרק,2021,מחלות כלי דם במוח,נשים,40.8
דנמרק,2022,מחלות כלי דם במוח,נשים,39.6
דנמרק,2023,מחלות כלי דם במוח,נשים,40.1
דנמרק,2000,מחלות כלי דם במוח,סך הכול,100.6
דנמרק,2001,מחלות כלי דם במוח,סך הכול,101.4
דנמרק,2002,מחלות כלי דם במוח,סך הכול,107.2
דנמרק,2003,מחלות כלי דם במוח,סך הכול,104.4
דנמרק,2004,מחלות כלי דם במוח,סך הכול,98.9
דנמרק,2005,מחלות כלי דם במוח,סך הכול,92.8
דנמרק,2006,מחלות כלי דם במוח,סך הכול,88.9
דנמרק,2007,מחלות כלי דם במוח,סך הכול,79.6
דנמרק,2008,מחלות כלי דם במוח,סך הכול,73.4
דנמרק,2009,מחלות כלי דם במוח,סך הכול,70.7
דנמרק,2010,מחלות כלי דם במוח,סך הכול,70.4
דנמרק,2011,מחלות כלי דם במוח,סך הכול,61.4
דנמרק,2012,מחלות כלי דם במוח,סך הכול,59.4
דנמרק,2013,מחלות כלי דם במוח,סך הכול,58.4
דנמרק,2014,מחלות כלי דם במוח,סך הכול,56
דנמרק,2015,מחלות כלי דם במוח,סך הכול,57
דנמרק,2016,מחלות כלי דם במוח,סך הכול,54.3
דנמרק,2017,מחלות כלי דם במוח,סך הכול,51.7
דנמרק,2018,מחלות כלי דם במוח,סך הכול,50.4
דנמרק,2019,מחלות כלי דם במוח,סך הכול,46.4
דנמרק,2020,מחלות כלי דם במוח,סך הכול,44.9
דנמרק,2021,מחלות כלי דם במוח,סך הכול,43.6
דנמרק,2022,מחלות כלי דם במוח,סך הכול,43.4
דנמרק,2023,מחלות כלי דם במוח,סך הכול,43.4
דנמרק,2000,מחלות לב איסכמיות,גברים,249.5
דנמרק,2001,מחלות לב איסכמיות,גברים,253.2
דנמרק,2002,מחלות לב איסכמיות,גברים,220.4
דנמרק,2003,מחלות לב איסכמיות,גברים,207.9
דנמרק,2004,מחלות לב איסכמיות,גברים,194.1
דנמרק,2005,מחלות לב איסכמיות,גברים,177.6
דנמרק,2006,מחלות לב איסכמיות,גברים,160.4
דנמרק,2007,מחלות לב איסכמיות,גברים,151.8
דנמרק,2008,מחלות לב איסכמיות,גברים,140.5
דנמרק,2009,מחלות לב איסכמיות,גברים,138.1
דנמרק,2010,מחלות לב איסכמיות,גברים,123.8
דנמרק,2011,מחלות לב איסכמיות,גברים,108.8
דנמרק,2012,מחלות לב איסכמיות,גברים,104.8
דנמרק,2013,מחלות לב איסכמיות,גברים,99.1
דנמרק,2014,מחלות לב איסכמיות,גברים,90.3
דנמרק,2015,מחלות לב איסכמיות,גברים,86.9
דנמרק,2016,מחלות לב איסכמיות,גברים,86.7
דנמרק,2017,מחלות לב איסכמיות,גברים,82.3
דנמרק,2018,מחלות לב איסכמיות,גברים,75
דנמרק,2019,מחלות לב איסכמיות,גברים,71.1
דנמרק,2020,מחלות לב איסכמיות,גברים,72.8
דנמרק,2021,מחלות לב איסכמיות,גברים,68.9
דנמרק,2022,מחלות לב איסכמיות,גברים,67
דנמרק,2023,מחלות לב איסכמיות,גברים,65.8
דנמרק,2000,מחלות לב איסכמיות,נשים,137.9
דנמרק,2001,מחלות לב איסכמיות,נשים,139.1
דנמרק,2002,מחלות לב איסכמיות,נשים,124.9
דנמרק,2003,מחלות לב איסכמיות,נשים,117.2
דנמרק,2004,מחלות לב איסכמיות,נשים,104
דנמרק,2005,מחלות לב איסכמיות,נשים,97
דנמרק,2006,מחלות לב איסכמיות,נשים,90.8
דנמרק,2007,מחלות לב איסכמיות,נשים,84.4
דנמרק,2008,מחלות לב איסכמיות,נשים,77.5
דנמרק,2009,מחלות לב איסכמיות,נשים,73.6
דנמרק,2010,מחלות לב איסכמיות,נשים,69.7
דנמרק,2011,מחלות לב איסכמיות,נשים,58.1
דנמרק,2012,מחלות לב איסכמיות,נשים,56.1
דנמרק,2013,מחלות לב איסכמיות,נשים,51.6
דנמרק,2014,מחלות לב איסכמיות,נשים,45.6
דנמרק,2015,מחלות לב איסכמיות,נשים,44.7
דנמרק,2016,מחלות לב איסכמיות,נשים,42.1
דנמרק,2017,מחלות לב איסכמיות,נשים,38.4
דנמרק,2018,מחלות לב איסכמיות,נשים,34.2
דנמרק,2019,מחלות לב איסכמיות,נשים,34.5
דנמרק,2020,מחלות לב איסכמיות,נשים,32.2
דנמרק,2021,מחלות לב איסכמיות,נשים,31.7
דנמרק,2022,מחלות לב איסכמיות,נשים,30.7
דנמרק,2023,מחלות לב איסכמיות,נשים,28.5
דנמרק,2000,מחלות לב איסכמיות,סך הכול,183.9
דנמרק,2001,מחלות לב איסכמיות,סך הכול,185.5
דנמרק,2002,מחלות לב איסכמיות,סך הכול,164.4
דנמרק,2003,מחלות לב איסכמיות,סך הכול,154.7
דנמרק,2004,מחלות לב איסכמיות,סך הכול,141.2
דנמרק,2005,מחלות לב איסכמיות,סך הכול,130.5
דנמרק,2006,מחלות לב איסכמיות,סך הכול,119.5
דנמרק,2007,מחלות לב איסכמיות,סך הכול,112.4
דנמרק,2008,מחלות לב איסכמיות,סך הכול,104.3
דנמרק,2009,מחלות לב איסכמיות,סך הכול,100.6
דנמרק,2010,מחלות לב איסכמיות,סך הכול,92.8
דנמרק,2011,מחלות לב איסכמיות,סך הכול,80.1
דנמרק,2012,מחלות לב איסכמיות,סך הכול,77.2
דנמרק,2013,מחלות לב איסכמיות,סך הכול,71.9
דנמרק,2014,מחלות לב איסכמיות,סך הכול,65.2
דנמרק,2015,מחלות לב איסכמיות,סך הכול,63.1
דנמרק,2016,מחלות לב איסכמיות,סך הכול,61.5
דנמרק,2017,מחלות לב איסכמיות,סך הכול,57.7
דנמרק,2018,מחלות לב איסכמיות,סך הכול,52
דנמרק,2019,מחלות לב איסכמיות,סך הכול,51.1
דנמרק,2020,מחלות לב איסכמיות,סך הכול,50
דנמרק,2021,מחלות לב איסכמיות,סך הכול,48.2
דנמרק,2022,מחלות לב איסכמיות,סך הכול,46.8
דנמרק,2023,מחלות לב איסכמיות,סך הכול,45.2
דנמרק,2000,מחלות מערכת הדם,גברים,517.4
דנמרק,2001,מחלות מערכת הדם,גברים,527.8
דנמרק,2002,מחלות מערכת הדם,גברים,506.5
דנמרק,2003,מחלות מערכת הדם,גברים,494.3
דנמרק,2004,מחלות מערכת הדם,גברים,460.1
דנמרק,2005,מחלות מערכת הדם,גברים,431.2
דנמרק,2006,מחלות מערכת הדם,גברים,402.8
דנמרק,2007,מחלות מערכת הדם,גברים,376.4
דנמרק,2008,מחלות מערכת הדם,גברים,350.2
דנמרק,2009,מחלות מערכת הדם,גברים,334.6
דנמרק,2010,מחלות מערכת הדם,גברים,324.3
דנמרק,2011,מחלות מערכת הדם,גברים,286.9
דנמרק,2012,מחלות מערכת הדם,גברים,284.1
דנמרק,2013,מחלות מערכת הדם,גברים,275.3
דנמרק,2014,מחלות מערכת הדם,גברים,255.6
דנמרק,2015,מחלות מערכת הדם,גברים,255.7
דנמרק,2016,מחלות מערכת הדם,גברים,259.9
דנמרק,2017,מחלות מערכת הדם,גברים,246.8
דנמרק,2018,מחלות מערכת הדם,גברים,237.4
דנמרק,2019,מחלות מערכת הדם,גברים,219.7
דנמרק,2020,מחלות מערכת הדם,גברים,213.9
דנמרק,2021,מחלות מערכת הדם,גברים,212
דנמרק,2022,מחלות מערכת הדם,גברים,214.4
דנמרק,2023,מחלות מערכת הדם,גברים,210.3
דנמרק,2000,מחלות מערכת הדם,נשים,340.7
דנמרק,2001,מחלות מערכת הדם,נשים,339.7
דנמרק,2002,מחלות מערכת הדם,נשים,336.4
דנמרק,2003,מחלות מערכת הדם,נשים,322.2
דנמרק,2004,מחלות מערכת הדם,נשים,298.8
דנמרק,2005,מחלות מערכת הדם,נשים,280.6
דנמרק,2006,מחלות מערכת הדם,נשים,269.4
דנמרק,2007,מחלות מערכת הדם,נשים,250.6
דנמרק,2008,מחלות מערכת הדם,נשים,231.3
דנמרק,2009,מחלות מערכת הדם,נשים,224.4
דנמרק,2010,מחלות מערכת הדם,נשים,217.6
דנמרק,2011,מחלות מערכת הדם,נשים,195.8
דנמרק,2012,מחלות מערכת הדם,נשים,191.8
דנמרק,2013,מחלות מערכת הדם,נשים,179.4
דנמרק,2014,מחלות מערכת הדם,נשים,168.6
דנמרק,2015,מחלות מערכת הדם,נשים,173
דנמרק,2016,מחלות מערכת הדם,נשים,168.6
דנמרק,2017,מחלות מערכת הדם,נשים,160.8
דנמרק,2018,מחלות מערכת הדם,נשים,153.6
דנמרק,2019,מחלות מערכת הדם,נשים,143.8
דנמרק,2020,מחלות מערכת הדם,נשים,136.9
דנמרק,2021,מחלות מערכת הדם,נשים,138.1
דנמרק,2022,מחלות מערכת הדם,נשים,138.2
דנמרק,2023,מחלות מערכת הדם,נשים,135.2
דנמרק,2000,מחלות מערכת הדם,סך הכול,414.2
דנמרק,2001,מחלות מערכת הדם,סך הכול,417.8
דנמרק,2002,מחלות מערכת הדם,סך הכול,407.3
דנמרק,2003,מחלות מערכת הדם,סך הכול,393.7
דנמרק,2004,מחלות מערכת הדם,סך הכול,365.5
דנמרק,2005,מחלות מערכת הדם,סך הכול,343.3
דנמרק,2006,מחלות מערכת הדם,סך הכול,325.3
דנמרק,2007,מחלות מערכת הדם,סך הכול,304.1
דנמרק,2008,מחלות מערכת הדם,סך הכול,281.8
דנמרק,2009,מחלות מערכת הדם,סך הכול,271.4
דנמרק,2010,מחלות מערכת הדם,סך הכול,263.2
דנמרק,2011,מחלות מערכת הדם,סך הכול,235.7
דנמרק,2012,מחלות מערכת הדם,סך הכול,232.2
דנמרק,2013,מחלות מערכת הדם,סך הכול,221.2
דנמרק,2014,מחלות מערכת הדם,סך הכול,206.8
דנמרק,2015,מחלות מערכת הדם,סך הכול,209.8
דנמרק,2016,מחלות מערכת הדם,סך הכול,208.8
דנמרק,2017,מחלות מערכת הדם,סך הכול,199.4
דנמרק,2018,מחלות מערכת הדם,סך הכול,190.8
דנמרק,2019,מחלות מערכת הדם,סך הכול,178.4
דנמרק,2020,מחלות מערכת הדם,סך הכול,171.5
דנמרק,2021,מחלות מערכת הדם,סך הכול,171.4
דנמרק,2022,מחלות מערכת הדם,סך הכול,172.8
דנמרק,2023,מחלות מערכת הדם,סך הכול,169.8
דנמרק,2000,מחלות מערכת הנשימה,גברים,130.2
דנמרק,2001,מחלות מערכת הנשימה,גברים,134.4
דנמרק,2002,מחלות מערכת הנשימה,גברים,144.1
דנמרק,2003,מחלות מערכת הנשימה,גברים,146.9
דנמרק,2004,מחלות מערכת הנשימה,גברים,132.1
דנמרק,2005,מחלות מערכת הנשימה,גברים,126.9
דנמרק,2006,מחלות מערכת הנשימה,גברים,120.4
דנמרק,2007,מחלות מערכת הנשימה,גברים,125.9
דנמרק,2008,מחלות מערכת הנשימה,גברים,130.7
דנמרק,2009,מחלות מערכת הנשימה,גברים,135.7
דנמרק,2010,מחלות מערכת הנשימה,גברים,126.4
דנמרק,2011,מחלות מערכת הנשימה,גברים,123
דנמרק,2012,מחלות מערכת הנשימה,גברים,118.8
דנמרק,2013,מחלות מערכת הנשימה,גברים,126
דנמרק,2014,מחלות מערכת הנשימה,גברים,112.5
דנמרק,2015,מחלות מערכת הנשימה,גברים,116.6
דנמרק,2016,מחלות מערכת הנשימה,גברים,113.4
דנמרק,2017,מחלות מערכת הנשימה,גברים,118.3
דנמרק,2018,מחלות מערכת הנשימה,גברים,124.3
דנמרק,2019,מחלות מערכת הנשימה,גברים,111.4
דנמרק,2020,מחלות מערכת הנשימה,גברים,100.2
דנמרק,2021,מחלות מערכת הנשימה,גברים,100.1
דנמרק,2022,מחלות מערכת הנשימה,גברים,102.9
דנמרק,2023,מחלות מערכת הנשימה,גברים,109.3
דנמרק,2000,מחלות מערכת הנשימה,נשים,93.8
דנמרק,2001,מחלות מערכת הנשימה,נשים,92.7
דנמרק,2002,מחלות מערכת הנשימה,נשים,101.3
דנמרק,2003,מחלות מערכת הנשימה,נשים,99.6
דנמרק,2004,מחלות מערכת הנשימה,נשים,93.6
דנמרק,2005,מחלות מערכת הנשימה,נשים,89
דנמרק,2006,מחלות מערכת הנשימה,נשים,90.7
דנמרק,2007,מחלות מערכת הנשימה,נשים,98.4
דנמרק,2008,מחלות מערכת הנשימה,נשים,91.9
דנמרק,2009,מחלות מערכת הנשימה,נשים,99.1
דנמרק,2010,מחלות מערכת הנשימה,נשים,95.7
דנמרק,2011,מחלות מערכת הנשימה,נשים,91.9
דנמרק,2012,מחלות מערכת הנשימה,נשים,91.2
דנמרק,2013,מחלות מערכת הנשימה,נשים,94
דנמרק,2014,מחלות מערכת הנשימה,נשים,83
דנמרק,2015,מחלות מערכת הנשימה,נשים,85.9
דנמרק,2016,מחלות מערכת הנשימה,נשים,89.6
דנמרק,2017,מחלות מערכת הנשימה,נשים,90.8
דנמרק,2018,מחלות מערכת הנשימה,נשים,91.1
דנמרק,2019,מחלות מערכת הנשימה,נשים,81
דנמרק,2020,מחלות מערכת הנשימה,נשים,72.9
דנמרק,2021,מחלות מערכת הנשימה,נשים,73.5
דנמרק,2022,מחלות מערכת הנשימה,נשים,78.5
דנמרק,2023,מחלות מערכת הנשימה,נשים,84
דנמרק,2000,מחלות מערכת הנשימה,סך הכול,105.4
דנמרק,2001,מחלות מערכת הנשימה,סך הכול,106.8
דנמרק,2002,מחלות מערכת הנשימה,סך הכול,116.1
דנמרק,2003,מחלות מערכת הנשימה,סך הכול,116.2
דנמרק,2004,מחלות מערכת הנשימה,סך הכול,106.9
דנמרק,2005,מחלות מערכת הנשימה,סך הכול,101.8
דנמרק,2006,מחלות מערכת הנשימה,סך הכול,101
דנמרק,2007,מחלות מערכת הנשימה,סך הכול,107.6
דנמרק,2008,מחלות מערכת הנשימה,סך הכול,105.9
דנמרק,2009,מחלות מערכת הנשימה,סך הכול,112.4
דנמרק,2010,מחלות מערכת הנשימה,סך הכול,106.8
דנמרק,2011,מחלות מערכת הנשימה,סך הכול,103.5
דנמרק,2012,מחלות מערכת הנשימה,סך הכול,101.2
דנמרק,2013,מחלות מערכת הנשימה,סך הכול,105.9
דנמרק,2014,מחלות מערכת הנשימה,סך הכול,94.2
דנמרק,2015,מחלות מערכת הנשימה,סך הכול,97.9
דנמרק,2016,מחלות מערכת הנשימה,סך הכול,98.9
דנמרק,2017,מחלות מערכת הנשימה,סך הכול,101.7
דנמרק,2018,מחלות מערכת הנשימה,סך הכול,104.3
דנמרק,2019,מחלות מערכת הנשימה,סך הכול,93.5
דנמרק,2020,מחלות מערכת הנשימה,סך הכול,84
דנמרק,2021,מחלות מערכת הנשימה,סך הכול,84.6
דנמרק,2022,מחלות מערכת הנשימה,סך הכול,88.6
דנמרק,2023,מחלות מערכת הנשימה,סך הכול,95.1
דנמרק,2000,נפילות,גברים,13.9
דנמרק,2001,נפילות,גברים,8.6
דנמרק,2002,נפילות,גברים,7.3
דנמרק,2003,נפילות,גברים,9.7
דנמרק,2004,נפילות,גברים,7.9
דנמרק,2005,נפילות,גברים,7.7
דנמרק,2006,נפילות,גברים,7.2
דנמרק,2007,נפילות,גברים,6.8
דנמרק,2008,נפילות,גברים,6.9
דנמרק,2009,נפילות,גברים,7.3
דנמרק,2010,נפילות,גברים,9.7
דנמרק,2011,נפילות,גברים,11.2
דנמרק,2012,נפילות,גברים,10.4
דנמרק,2013,נפילות,גברים,11.1
דנמרק,2014,נפילות,גברים,10.1
דנמרק,2015,נפילות,גברים,8.6
דנמרק,2016,נפילות,גברים,10
דנמרק,2017,נפילות,גברים,10.5
דנמרק,2018,נפילות,גברים,10
דנמרק,2019,נפילות,גברים,12.3
דנמרק,2020,נפילות,גברים,12.2
דנמרק,2021,נפילות,גברים,10.5
דנמרק,2022,נפילות,גברים,12.4
דנמרק,2000,נפילות,נשים,10.3
דנמרק,2001,נפילות,נשים,4.7
דנמרק,2002,נפילות,נשים,4.1
דנמרק,2003,נפילות,נשים,6
דנמרק,2004,נפילות,נשים,6.6
דנמרק,2005,נפילות,נשים,4
דנמרק,2006,נפילות,נשים,4.8
דנמרק,2007,נפילות,נשים,3.5
דנמרק,2008,נפילות,נשים,5.2
דנמרק,2009,נפילות,נשים,6.1
דנמרק,2010,נפילות,נשים,7.5
דנמרק,2011,נפילות,נשים,7.9
דנמרק,2012,נפילות,נשים,8.2
דנמרק,2013,נפילות,נשים,8.2
דנמרק,2014,נפילות,נשים,7.5
דנמרק,2015,נפילות,נשים,7.1
דנמרק,2016,נפילות,נשים,7.6
דנמרק,2017,נפילות,נשים,7.3
דנמרק,2018,נפילות,נשים,7.5
דנמרק,2019,נפילות,נשים,8.8
דנמרק,2020,נפילות,נשים,9.5
דנמרק,2021,נפילות,נשים,8.8
דנמרק,2022,נפילות,נשים,10.1
דנמרק,2000,נפילות,סך הכול,11.7
דנמרק,2001,נפילות,סך הכול,6.3
דנמרק,2002,נפילות,סך הכול,5.4
דנמרק,2003,נפילות,סך הכול,7.6
דנמרק,2004,נפילות,סך הכול,7.4
דנמרק,2005,נפילות,סך הכול,5.5
דנמרק,2006,נפילות,סך הכול,5.9
דנמרק,2007,נפילות,סך הכול,5.1
דנמרק,2008,נפילות,סך הכול,6
דנמרק,2009,נפילות,סך הכול,6.7
דנמרק,2010,נפילות,סך הכול,8.6
דנמרק,2011,נפילות,סך הכול,9.4
דנמרק,2012,נפילות,סך הכול,9.1
דנמרק,2013,נפילות,סך הכול,9.5
דנמרק,2014,נפילות,סך הכול,8.5
דנמרק,2015,נפילות,סך הכול,7.8
דנמרק,2016,נפילות,סך הכול,8.7
דנמרק,2017,נפילות,סך הכול,8.7
דנמרק,2018,נפילות,סך הכול,8.7
דנמרק,2019,נפילות,סך הכול,10.5
דנמרק,2020,נפילות,סך הכול,10.7
דנמרק,2021,נפילות,סך הכול,9.6
דנמרק,2022,נפילות,סך הכול,11.3
דנמרק,2000,סוכרת,גברים,37
דנמרק,2001,סוכרת,גברים,31.9
דנמרק,2002,סוכרת,גברים,37.3
דנמרק,2003,סוכרת,גברים,36.4
דנמרק,2004,סוכרת,גברים,33.1
דנמרק,2005,סוכרת,גברים,33.3
דנמרק,2006,סוכרת,גברים,32.3
דנמרק,2007,סוכרת,גברים,32.2
דנמרק,2008,סוכרת,גברים,31.2
דנמרק,2009,סוכרת,גברים,30.9
דנמרק,2010,סוכרת,גברים,30.3
דנמרק,2011,סוכרת,גברים,32.6
דנמרק,2012,סוכרת,גברים,30.8
דנמרק,2013,סוכרת,גברים,29.8
דנמרק,2014,סוכרת,גברים,29.4
דנמרק,2015,סוכרת,גברים,28.7
דנמרק,2016,סוכרת,גברים,31.6
דנמרק,2017,סוכרת,גברים,28.6
דנמרק,2018,סוכרת,גברים,28.1
דנמרק,2019,סוכרת,גברים,26.4
דנמרק,2020,סוכרת,גברים,24.6
דנמרק,2021,סוכרת,גברים,24.6
דנמרק,2022,סוכרת,גברים,25.7
דנמרק,2023,סוכרת,גברים,25.8
דנמרק,2000,סוכרת,נשים,22.4
דנמרק,2001,סוכרת,נשים,23.8
דנמרק,2002,סוכרת,נשים,22.6
דנמרק,2003,סוכרת,נשים,20
דנמרק,2004,סוכרת,נשים,19.1
דנמרק,2005,סוכרת,נשים,20
דנמרק,2006,סוכרת,נשים,18.5
דנמרק,2007,סוכרת,נשים,18.3
דנמרק,2008,סוכרת,נשים,18.2
דנמרק,2009,סוכרת,נשים,19
דנמרק,2010,סוכרת,נשים,16.4
דנמרק,2011,סוכרת,נשים,17.5
דנמרק,2012,סוכרת,נשים,16.9
דנמרק,2013,סוכרת,נשים,17.2
דנמרק,2014,סוכרת,נשים,15.8
דנמרק,2015,סוכרת,נשים,17.4
דנמרק,2016,סוכרת,נשים,16.2
דנמרק,2017,סוכרת,נשים,15.6
דנמרק,2018,סוכרת,נשים,16
דנמרק,2019,סוכרת,נשים,15.3
דנמרק,2020,סוכרת,נשים,13.8
דנמרק,2021,סוכרת,נשים,14.6
דנמרק,2022,סוכרת,נשים,13.5
דנמרק,2023,סוכרת,נשים,14
דנמרק,2000,סוכרת,סך הכול,28.8
דנמרק,2001,סוכרת,סך הכול,27.3
דנמרק,2002,סוכרת,סך הכול,28.9
דנמרק,2003,סוכרת,סך הכול,26.8
דנמרק,2004,סוכרת,סך הכול,25.2
דנמרק,2005,סוכרת,סך הכול,25.8
דנמרק,2006,סוכרת,סך הכול,24.7
דנמרק,2007,סוכרת,סך הכול,24.5
דנמרק,2008,סוכרת,סך הכול,23.8
דנמרק,2009,סוכרת,סך הכול,24.3
דנמרק,2010,סוכרת,סך הכול,22.5
דנמרק,2011,סוכרת,סך הכול,24.3
דנמרק,2012,סוכרת,סך הכול,23
דנמרק,2013,סוכרת,סך הכול,22.9
דנמרק,2014,סוכרת,סך הכול,21.8
דנמרק,2015,סוכרת,סך הכול,22.4
דנמרק,2016,סוכרת,סך הכול,23
דנמרק,2017,סוכרת,סך הכול,21.4
דנמרק,2018,סוכרת,סך הכול,21.3
דנמרק,2019,סוכרת,סך הכול,20.3
דנמרק,2020,סוכרת,סך הכול,18.7
דנמרק,2021,סוכרת,סך הכול,19.1
דנמרק,2022,סוכרת,סך הכול,19
דנמרק,2023,סוכרת,סך הכול,19.3
דנמרק,2020,קורונה,גברים,21.7
דנמרק,2021,קורונה,גברים,28.3
דנמרק,2022,קורונה,גברים,29.8
דנמרק,2023,קורונה,גברים,13.6
דנמרק,2020,קורונה,נשים,11.5
דנמרק,2021,קורונה,נשים,15.9
דנמרק,2022,קורונה,נשים,17.2
דנמרק,2023,קורונה,נשים,7.7
דנמרק,2020,קורונה,סך הכול,15.8
דנמרק,2021,קורונה,סך הכול,21.2
דנמרק,2022,קורונה,סך הכול,22.6
דנמרק,2023,קורונה,סך הכול,10.2
דנמרק,2000,שפעת,גברים,0.9
דנמרק,2001,שפעת,גברים,0.4
דנמרק,2002,שפעת,גברים,1
דנמרק,2003,שפעת,גברים,0.8
דנמרק,2004,שפעת,גברים,1.2
דנמרק,2005,שפעת,גברים,0.7
דנמרק,2006,שפעת,גברים,0.5
דנמרק,2007,שפעת,גברים,0.2
דנמרק,2008,שפעת,גברים,0.2
דנמרק,2009,שפעת,גברים,0.2
דנמרק,2011,שפעת,גברים,0.2
דנמרק,2012,שפעת,גברים,0.2
דנמרק,2013,שפעת,גברים,0.8
דנמרק,2014,שפעת,גברים,0.2
דנמרק,2015,שפעת,גברים,0.5
דנמרק,2016,שפעת,גברים,1.1
דנמרק,2017,שפעת,גברים,1.2
דנמרק,2018,שפעת,גברים,3.5
דנמרק,2019,שפעת,גברים,1.7
דנמרק,2020,שפעת,גברים,0.9
דנמרק,2022,שפעת,גברים,1.8
דנמרק,2000,שפעת,נשים,1.2
דנמרק,2001,שפעת,נשים,0.7
דנמרק,2002,שפעת,נשים,0.7
דנמרק,2003,שפעת,נשים,1.5
דנמרק,2004,שפעת,נשים,0.8
דנמרק,2005,שפעת,נשים,0.9
דנמרק,2006,שפעת,נשים,0.4
דנמרק,2007,שפעת,נשים,0.6
דנמרק,2008,שפעת,נשים,0.1
דנמרק,2009,שפעת,נשים,0.6
דנמרק,2010,שפעת,נשים,0.1
דנמרק,2011,שפעת,נשים,0.2
דנמרק,2012,שפעת,נשים,0.3
דנמרק,2013,שפעת,נשים,0.3
דנמרק,2014,שפעת,נשים,0.2
דנמרק,2015,שפעת,נשים,0.2
דנמרק,2016,שפעת,נשים,0.9
דנמרק,2017,שפעת,נשים,0.9
דנמרק,2018,שפעת,נשים,2.3
דנמרק,2019,שפעת,נשים,1.5
דנמרק,2020,שפעת,נשים,0.5
דנמרק,2021,שפעת,נשים,0.1
דנמרק,2022,שפעת,נשים,1.6
דנמרק,2000,שפעת,סך הכול,1.1
דנמרק,2001,שפעת,סך הכול,0.6
דנמרק,2002,שפעת,סך הכול,0.8
דנמרק,2003,שפעת,סך הכול,1.3
דנמרק,2004,שפעת,סך הכול,1
דנמרק,2005,שפעת,סך הכול,0.8
דנמרק,2006,שפעת,סך הכול,0.5
דנמרק,2007,שפעת,סך הכול,0.4
דנמרק,2008,שפעת,סך הכול,0.1
דנמרק,2009,שפעת,סך הכול,0.5
דנמרק,2010,שפעת,סך הכול,0.1
דנמרק,2011,שפעת,סך הכול,0.2
דנמרק,2012,שפעת,סך הכול,0.2
דנמרק,2013,שפעת,סך הכול,0.5
דנמרק,2014,שפעת,סך הכול,0.2
דנמרק,2015,שפעת,סך הכול,0.4
דנמרק,2016,שפעת,סך הכול,1
דנמרק,2017,שפעת,סך הכול,1
דנמרק,2018,שפעת,סך הכול,2.8
דנמרק,2019,שפעת,סך הכול,1.6
דנמרק,2020,שפעת,סך הכול,0.7
דנמרק,2021,שפעת,סך הכול,0.1
דנמרק,2022,שפעת,סך הכול,1.7
דנמרק,2000,תאונות דרכים,גברים,14.3
דנמרק,2001,תאונות דרכים,גברים,14.1
דנמרק,2002,תאונות דרכים,גברים,13.5
דנמרק,2003,תאונות דרכים,גברים,13.3
דנמרק,2004,תאונות דרכים,גברים,11.3
דנמרק,2005,תאונות דרכים,גברים,11.2
דנמרק,2006,תאונות דרכים,גברים,9.3
דנמרק,2007,תאונות דרכים,גברים,11.1
דנמרק,2008,תאונות דרכים,גברים,11.4
דנמרק,2009,תאונות דרכים,גברים,8.3
דנמרק,2010,תאונות דרכים,גברים,7.4
דנמרק,2011,תאונות דרכים,גברים,6.6
דנמרק,2012,תאונות דרכים,גברים,5.2
דנמרק,2013,תאונות דרכים,גברים,5.3
דנמרק,2014,תאונות דרכים,גברים,6.1
דנמרק,2015,תאונות דרכים,גברים,5.6
דנמרק,2016,תאונות דרכים,גברים,5.8
דנמרק,2017,תאונות דרכים,גברים,5.3
דנמרק,2018,תאונות דרכים,גברים,4.6
דנמרק,2019,תאונות דרכים,גברים,6.5
דנמרק,2020,תאונות דרכים,גברים,5.3
דנמרק,2021,תאונות דרכים,גברים,4.5
דנמרק,2022,תאונות דרכים,גברים,5.1
דנמרק,2000,תאונות דרכים,נשים,5.9
דנמרק,2001,תאונות דרכים,נשים,4.7
דנמרק,2002,תאונות דרכים,נשים,4.6
דנמרק,2003,תאונות דרכים,נשים,4.6
דנמרק,2004,תאונות דרכים,נשים,3.7
דנמרק,2005,תאונות דרכים,נשים,3.1
דנמרק,2006,תאונות דרכים,נשים,3.4
דנמרק,2007,תאונות דרכים,נשים,3.7
דנמרק,2008,תאונות דרכים,נשים,3.6
דנמרק,2009,תאונות דרכים,נשים,3.4
דנמרק,2010,תאונות דרכים,נשים,3.3
דנמרק,2011,תאונות דרכים,נשים,1.9
דנמרק,2012,תאונות דרכים,נשים,1.7
דנמרק,2013,תאונות דרכים,נשים,2.4
דנמרק,2014,תאונות דרכים,נשים,1.5
דנמרק,2015,תאונות דרכים,נשים,1.8
דנמרק,2016,תאונות דרכים,נשים,1.9
דנמרק,2017,תאונות דרכים,נשים,1.5
דנמרק,2018,תאונות דרכים,נשים,1.9
דנמרק,2019,תאונות דרכים,נשים,1.7
דנמרק,2020,תאונות דרכים,נשים,1.5
דנמרק,2021,תאונות דרכים,נשים,1.6
דנמרק,2022,תאונות דרכים,נשים,1.4
דנמרק,2000,תאונות דרכים,סך הכול,10
דנמרק,2001,תאונות דרכים,סך הכול,9.2
דנמרק,2002,תאונות דרכים,סך הכול,8.9
דנמרק,2003,תאונות דרכים,סך הכול,8.7
דנמרק,2004,תאונות דרכים,סך הכול,7.3
דנמרק,2005,תאונות דרכים,סך הכול,7
דנמרק,2006,תאונות דרכים,סך הכול,6.2
דנמרק,2007,תאונות דרכים,סך הכול,7.3
דנמרק,2008,תאונות דרכים,סך הכול,7.4
דנמרק,2009,תאונות דרכים,סך הכול,5.9
דנמרק,2010,תאונות דרכים,סך הכול,5.3
דנמרק,2011,תאונות דרכים,סך הכול,4.1
דנמרק,2012,תאונות דרכים,סך הכול,3.4
דנמרק,2013,תאונות דרכים,סך הכול,3.8
דנמרק,2014,תאונות דרכים,סך הכול,3.7
דנמרק,2015,תאונות דרכים,סך הכול,3.6
דנמרק,2016,תאונות דרכים,סך הכול,3.8
דנמרק,2017,תאונות דרכים,סך הכול,3.3
דנמרק,2018,תאונות דרכים,סך הכול,3.2
דנמרק,2019,תאונות דרכים,סך הכול,4
דנמרק,2020,תאונות דרכים,סך הכול,3.3
דנמרק,2021,תאונות דרכים,סך הכול,2.9
דנמרק,2022,תאונות דרכים,סך הכול,3.2
דנמרק,2000,תקיפה,גברים,1.3
דנמרק,2001,תקיפה,גברים,1.1
דנמרק,2002,תקיפה,גברים,1.5
דנמרק,2003,תקיפה,גברים,1.2
דנמרק,2004,תקיפה,גברים,0.8
דנמרק,2005,תקיפה,גברים,1.4
דנמרק,2006,תקיפה,גברים,0.9
דנמרק,2007,תקיפה,גברים,1
דנמרק,2008,תקיפה,גברים,1.1
דנמרק,2009,תקיפה,גברים,1.1
דנמרק,2010,תקיפה,גברים,0.8
דנמרק,2011,תקיפה,גברים,1.1
דנמרק,2012,תקיפה,גברים,0.4
דנמרק,2013,תקיפה,גברים,0.5
דנמרק,2014,תקיפה,גברים,0.7
דנמרק,2015,תקיפה,גברים,0.7
דנמרק,2016,תקיפה,גברים,0.9
דנמרק,2017,תקיפה,גברים,1.3
דנמרק,2018,תקיפה,גברים,0.7
דנמרק,2019,תקיפה,גברים,0.8
דנמרק,2020,תקיפה,גברים,1
דנמרק,2021,תקיפה,גברים,0.8
דנמרק,2022,תקיפה,גברים,0.8
דנמרק,2000,תקיפה,נשים,1.2
דנמרק,2001,תקיפה,נשים,0.6
דנמרק,2002,תקיפה,נשים,0.4
דנמרק,2003,תקיפה,נשים,1
דנמרק,2004,תקיפה,נשים,0.5
דנמרק,2005,תקיפה,נשים,0.6
דנמרק,2006,תקיפה,נשים,0.5
דנמרק,2007,תקיפה,נשים,0.6
דנמרק,2008,תקיפה,נשים,0.5
דנמרק,2009,תקיפה,נשים,0.5
דנמרק,2010,תקיפה,נשים,0.7
דנמרק,2011,תקיפה,נשים,0.4
דנמרק,2012,תקיפה,נשים,0.2
דנמרק,2013,תקיפה,נשים,0.2
דנמרק,2014,תקיפה,נשים,0.7
דנמרק,2015,תקיפה,נשים,0.4
דנמרק,2016,תקיפה,נשים,0.5
דנמרק,2017,תקיפה,נשים,0.4
דנמרק,2018,תקיפה,נשים,0.4
דנמרק,2019,תקיפה,נשים,0.4
דנמרק,2020,תקיפה,נשים,0.3
דנמרק,2021,תקיפה,נשים,0.3
דנמרק,2022,תקיפה,נשים,0.5
דנמרק,2000,תקיפה,סך הכול,1.2
דנמרק,2001,תקיפה,סך הכול,0.9
דנמרק,2002,תקיפה,סך הכול,0.9
דנמרק,2003,תקיפה,סך הכול,1.1
דנמרק,2004,תקיפה,סך הכול,0.7
דנמרק,2005,תקיפה,סך הכול,1
דנמרק,2006,תקיפה,סך הכול,0.7
דנמרק,2007,תקיפה,סך הכול,0.8
דנמרק,2008,תקיפה,סך הכול,0.8
דנמרק,2009,תקיפה,סך הכול,0.8
דנמרק,2010,תקיפה,סך הכול,0.8
דנמרק,2011,תקיפה,סך הכול,0.8
דנמרק,2012,תקיפה,סך הכול,0.3
דנמרק,2013,תקיפה,סך הכול,0.4
דנמרק,2014,תקיפה,סך הכול,0.7
דנמרק,2015,תקיפה,סך הכול,0.6
דנמרק,2016,תקיפה,סך הכול,0.7
דנמרק,2017,תקיפה,סך הכול,0.8
דנמרק,2018,תקיפה,סך הכול,0.5
דנמרק,2019,תקיפה,סך הכול,0.6
דנמרק,2020,תקיפה,סך הכול,0.7
דנמרק,2021,תקיפה,סך הכול,0.6
דנמרק,2022,תקיפה,סך הכול,0.7
דרום קוריאה,2000,גידולים,גברים,386.2
דרום קוריאה,2001,גידולים,גברים,381.3
דרום קוריאה,2002,גידולים,גברים,398.2
דרום קוריאה,2003,גידולים,גברים,386.7
דרום קוריאה,2004,גידולים,גברים,378
דרום קוריאה,2005,גידולים,גברים,368.3
דרום קוריאה,2006,גידולים,גברים,360.4
דרום קוריאה,2007,גידולים,גברים,357.2
דרום קוריאה,2008,גידולים,גברים,351.9
דרום קוריאה,2009,גידולים,גברים,334.6
דרום קוריאה,2010,גידולים,גברים,334.7
דרום קוריאה,2011,גידולים,גברים,319.6
דרום קוריאה,2012,גידולים,גברים,318.4
דרום קוריאה,2013,גידולים,גברים,308.9
דרום קוריאה,2014,גידולים,גברים,300.7
דרום קוריאה,2015,גידולים,גברים,286.6
דרום קוריאה,2016,גידולים,גברים,278.3
דרום קוריאה,2017,גידולים,גברים,270.1
דרום קוריאה,2018,גידולים,גברים,259.4
דרום קוריאה,2019,גידולים,גברים,254
דרום קוריאה,2020,גידולים,גברים,245.6
דרום קוריאה,2021,גידולים,גברים,235
דרום קוריאה,2022,גידולים,גברים,226.1
דרום קוריאה,2023,גידולים,גברים,221.2
דרום קוריאה,2000,גידולים,נשים,151.5
דרום קוריאה,2001,גידולים,נשים,151.3
דרום קוריאה,2002,גידולים,נשים,156
דרום קוריאה,2003,גידולים,נשים,154.5
דרום קוריאה,2004,גידולים,נשים,148.9
דרום קוריאה,2005,גידולים,נשים,148.3
דרום קוריאה,2006,גידולים,נשים,142.3
דרום קוריאה,2007,גידולים,נשים,143.2
דרום קוריאה,2008,גידולים,נשים,138.8
דרום קוריאה,2009,גידולים,נשים,138
דרום קוריאה,2010,גידולים,נשים,138.4
דרום קוריאה,2011,גידולים,נשים,132.4
דרום קוריאה,2012,גידולים,נשים,130.2
דרום קוריאה,2013,גידולים,נשים,128.5
דרום קוריאה,2014,גידולים,נשים,125.8
דרום קוריאה,2015,גידולים,נשים,123
דרום קוריאה,2016,גידולים,נשים,122
דרום קוריאה,2017,גידולים,נשים,117.3
דרום קוריאה,2018,גידולים,נשים,113.7
דרום קוריאה,2019,גידולים,נשים,111.9
דרום קוריאה,2020,גידולים,נשים,109
דרום קוריאה,2021,גידולים,נשים,106.5
דרום קוריאה,2022,גידולים,נשים,104
דרום קוריאה,2023,גידולים,נשים,103.7
דרום קוריאה,2000,גידולים,סך הכול,241
דרום קוריאה,2001,גידולים,סך הכול,239
דרום קוריאה,2002,גידולים,סך הכול,247.7
דרום קוריאה,2003,גידולים,סך הכול,242.1
דרום קוריאה,2004,גידולים,סך הכול,236.1
דרום קוריאה,2005,גידולים,סך הכול,231.8
דרום קוריאה,2006,גידולים,סך הכול,225.6
דרום קוריאה,2007,גידולים,סך הכול,224.5
דרום קוריאה,2008,גידולים,סך הכול,219.6
דרום קוריאה,2009,גידולים,סך הכול,213.4
דרום קוריאה,2010,גידולים,סך הכול,213.7
דרום קוריאה,2011,גידולים,סך הכול,204.1
דרום קוריאה,2012,גידולים,סך הכול,202.5
דרום קוריאה,2013,גידולים,סך הכול,197.6
דרום קוריאה,2014,גידולים,סך הכול,193.2
דרום קוריאה,2015,גידולים,סך הכול,186.4
דרום קוריאה,2016,גידולים,סך הכול,183
דרום קוריאה,2017,גידולים,סך הכול,177.2
דרום קוריאה,2018,גידולים,סך הכול,171.1
דרום קוריאה,2019,גידולים,סך הכול,168.3
דרום קוריאה,2020,גידולים,סך הכול,163.4
דרום קוריאה,2021,גידולים,סך הכול,158.3
דרום קוריאה,2022,גידולים,סך הכול,153.6
דרום קוריאה,2023,גידולים,סך הכול,151.6
דרום קוריאה,2000,מחלות זיהומיות,גברים,46.6
דרום קוריאה,2001,מחלות זיהומיות,גברים,41.2
דרום קוריאה,2002,מחלות זיהומיות,גברים,41.9
דרום קוריאה,2003,מחלות זיהומיות,גברים,36.5
דרום קוריאה,2004,מחלות זיהומיות,גברים,33
דרום קוריאה,2005,מחלות זיהומיות,גברים,32.5
דרום קוריאה,2006,מחלות זיהומיות,גברים,30.8
דרום קוריאה,2007,מחלות זיהומיות,גברים,28.5
דרום קוריאה,2008,מחלות זיהומיות,גברים,29.2
דרום קוריאה,2009,מחלות זיהומיות,גברים,28.1
דרום קוריאה,2010,מחלות זיהומיות,גברים,31.4
דרום קוריאה,2011,מחלות זיהומיות,גברים,30.3
דרום קוריאה,2012,מחלות זיהומיות,גברים,31
דרום קוריאה,2013,מחלות זיהומיות,גברים,26.8
דרום קוריאה,2014,מחלות זיהומיות,גברים,26.5
דרום קוריאה,2015,מחלות זיהומיות,גברים,26.9
דרום קוריאה,2016,מחלות זיהומיות,גברים,27.1
דרום קוריאה,2017,מחלות זיהומיות,גברים,24.4
דרום קוריאה,2018,מחלות זיהומיות,גברים,25.9
דרום קוריאה,2019,מחלות זיהומיות,גברים,23.6
דרום קוריאה,2020,מחלות זיהומיות,גברים,24.5
דרום קוריאה,2021,מחלות זיהומיות,גברים,24.2
דרום קוריאה,2022,מחלות זיהומיות,גברים,24.1
דרום קוריאה,2023,מחלות זיהומיות,גברים,25.1
דרום קוריאה,2000,מחלות זיהומיות,נשים,18.7
דרום קוריאה,2001,מחלות זיהומיות,נשים,16.6
דרום קוריאה,2002,מחלות זיהומיות,נשים,15.4
דרום קוריאה,2003,מחלות זיהומיות,נשים,13.3
דרום קוריאה,2004,מחלות זיהומיות,נשים,13
דרום קוריאה,2005,מחלות זיהומיות,נשים,14.9
דרום קוריאה,2006,מחלות זיהומיות,נשים,14
דרום קוריאה,2007,מחלות זיהומיות,נשים,13.4
דרום קוריאה,2008,מחלות זיהומיות,נשים,14
דרום קוריאה,2009,מחלות זיהומיות,נשים,15.3
דרום קוריאה,2010,מחלות זיהומיות,נשים,16.7
דרום קוריאה,2011,מחלות זיהומיות,נשים,16.6
דרום קוריאה,2012,מחלות זיהומיות,נשים,17
דרום קוריאה,2013,מחלות זיהומיות,נשים,15.7
דרום קוריאה,2014,מחלות זיהומיות,נשים,15.2
דרום קוריאה,2015,מחלות זיהומיות,נשים,15.9
דרום קוריאה,2016,מחלות זיהומיות,נשים,16.9
דרום קוריאה,2017,מחלות זיהומיות,נשים,16.9
דרום קוריאה,2018,מחלות זיהומיות,נשים,17.5
דרום קוריאה,2019,מחלות זיהומיות,נשים,16.7
דרום קוריאה,2020,מחלות זיהומיות,נשים,17.5
דרום קוריאה,2021,מחלות זיהומיות,נשים,17.3
דרום קוריאה,2022,מחלות זיהומיות,נשים,17.6
דרום קוריאה,2023,מחלות זיהומיות,נשים,18.6
דרום קוריאה,2000,מחלות זיהומיות,סך הכול,28.9
דרום קוריאה,2001,מחלות זיהומיות,סך הכול,25.7
דרום קוריאה,2002,מחלות זיהומיות,סך הכול,24.9
דרום קוריאה,2003,מחלות זיהומיות,סך הכול,21.8
דרום קוריאה,2004,מחלות זיהומיות,סך הכול,20.4
דרום קוריאה,2005,מחלות זיהומיות,סך הכול,21.5
דרום קוריאה,2006,מחלות זיהומיות,סך הכול,20.3
דרום קוריאה,2007,מחלות זיהומיות,סך הכול,19.2
דרום קוריאה,2008,מחלות זיהומיות,סך הכול,19.6
דרום קוריאה,2009,מחלות זיהומיות,סך הכול,20.3
דרום קוריאה,2010,מחלות זיהומיות,סך הכול,22.2
דרום קוריאה,2011,מחלות זיהומיות,סך הכול,21.7
דרום קוריאה,2012,מחלות זיהומיות,סך הכול,22.2
דרום קוריאה,2013,מחלות זיהומיות,סך הכול,20
דרום קוריאה,2014,מחלות זיהומיות,סך הכול,19.5
דרום קוריאה,2015,מחלות זיהומיות,סך הכול,20
דרום קוריאה,2016,מחלות זיהומיות,סך הכול,20.8
דרום קוריאה,2017,מחלות זיהומיות,סך הכול,20
דרום קוריאה,2018,מחלות זיהומיות,סך הכול,20.9
דרום קוריאה,2019,מחלות זיהומיות,סך הכול,19.6
דרום קוריאה,2020,מחלות זיהומיות,סך הכול,20.4
דרום קוריאה,2021,מחלות זיהומיות,סך הכול,20.2
דרום קוריאה,2022,מחלות זיהומיות,סך הכול,20.4
דרום קוריאה,2023,מחלות זיהומיות,סך הכול,21.4
דרום קוריאה,2000,מחלות כלי דם במוח,גברים,221.1
דרום קוריאה,2001,מחלות כלי דם במוח,גברים,222.1
דרום קוריאה,2002,מחלות כלי דם במוח,גברים,224.5
דרום קוריאה,2003,מחלות כלי דם במוח,גברים,210.2
דרום קוריאה,2004,מחלות כלי דם במוח,גברים,190.3
דרום קוריאה,2005,מחלות כלי דם במוח,גברים,167.4
דרום קוריאה,2006,מחלות כלי דם במוח,גברים,157.9
דרום קוריאה,2007,מחלות כלי דם במוח,גברים,147.6
דרום קוריאה,2008,מחלות כלי דם במוח,גברים,137.1
דרום קוריאה,2009,מחלות כלי דם במוח,גברים,121.9
דרום קוריאה,2010,מחלות כלי דם במוח,גברים,118.9
דרום קוריאה,2011,מחלות כלי דם במוח,גברים,109.3
דרום קוריאה,2012,מחלות כלי דם במוח,גברים,105
דרום קוריאה,2013,מחלות כלי דם במוח,גברים,95.5
דרום קוריאה,2014,מחלות כלי דם במוח,גברים,87.9
דרום קוריאה,2015,מחלות כלי דם במוח,גברים,83.6
דרום קוריאה,2016,מחלות כלי דם במוח,גברים,75.3
דרום קוריאה,2017,מחלות כלי דם במוח,גברים,69.3
דרום קוריאה,2018,מחלות כלי דם במוח,גברים,63.9
דרום קוריאה,2019,מחלות כלי דם במוח,גברים,59.4
דרום קוריאה,2020,מחלות כלי דם במוח,גברים,56.6
דרום קוריאה,2021,מחלות כלי דם במוח,גברים,55.5
דרום קוריאה,2022,מחלות כלי דם במוח,גברים,59.1
דרום קוריאה,2023,מחלות כלי דם במוח,גברים,54.1
דרום קוריאה,2000,מחלות כלי דם במוח,נשים,157.9
דרום קוריאה,2001,מחלות כלי דם במוח,נשים,154.9
דרום קוריאה,2002,מחלות כלי דם במוח,נשים,161.5
דרום קוריאה,2003,מחלות כלי דם במוח,נשים,151.9
דרום קוריאה,2004,מחלות כלי דם במוח,נשים,135.3
דרום קוריאה,2005,מחלות כלי דם במוח,נשים,119.3
דרום קוריאה,2006,מחלות כלי דם במוח,נשים,109.2
דרום קוריאה,2007,מחלות כלי דם במוח,נשים,103.6
דרום קוריאה,2008,מחלות כלי דם במוח,נשים,91.9
דרום קוריאה,2009,מחלות כלי דם במוח,נשים,80.1
דרום קוריאה,2010,מחלות כלי דם במוח,נשים,78.9
דרום קוריאה,2011,מחלות כלי דם במוח,נשים,73.6
דרום קוריאה,2012,מחלות כלי דם במוח,נשים,70.4
דרום קוריאה,2013,מחלות כלי דם במוח,נשים,66.6
דרום קוריאה,2014,מחלות כלי דם במוח,נשים,59.6
דרום קוריאה,2015,מחלות כלי דם במוח,נשים,56.6
דרום קוריאה,2016,מחלות כלי דם במוח,נשים,51.5
דרום קוריאה,2017,מחלות כלי דם במוח,נשים,47.5
דרום קוריאה,2018,מחלות כלי דם במוח,נשים,45.8
דרום קוריאה,2019,מחלות כלי דם במוח,נשים,39.7
דרום קוריאה,2020,מחלות כלי דם במוח,נשים,38.6
דרום קוריאה,2021,מחלות כלי דם במוח,נשים,37.6
דרום קוריאה,2022,מחלות כלי דם במוח,נשים,40.8
דרום קוריאה,2023,מחלות כלי דם במוח,נשים,36.5
דרום קוריאה,2000,מחלות כלי דם במוח,סך הכול,181.4
דרום קוריאה,2001,מחלות כלי דם במוח,סך הכול,180.1
דרום קוריאה,2002,מחלות כלי דם במוח,סך הכול,185
דרום קוריאה,2003,מחלות כלי דם במוח,סך הכול,173.9
דרום קוריאה,2004,מחלות כלי דם במוח,סך הכול,156
דרום קוריאה,2005,מחלות כלי דם במוח,סך הכול,137.7
דרום קוריאה,2006,מחלות כלי דם במוח,סך הכול,127.7
דרום קוריאה,2007,מחלות כלי דם במוח,סך הכול,120.2
דרום קוריאה,2008,מחלות כלי דם במוח,סך הכול,108.7
דרום קוריאה,2009,מחלות כלי דם במוח,סך הכול,95.7
דרום קוריאה,2010,מחלות כלי דם במוח,סך הכול,93.8
דרום קוריאה,2011,מחלות כלי דם במוח,סך הכול,87
דרום קוריאה,2012,מחלות כלי דם במוח,סך הכול,83.4
דרום קוריאה,2013,מחלות כלי דם במוח,סך הכול,78
דרום קוריאה,2014,מחלות כלי דם במוח,סך הכול,70.7
דרום קוריאה,2015,מחלות כלי דם במוח,סך הכול,67.2
דרום קוריאה,2016,מחלות כלי דם במוח,סך הכול,61.2
דרום קוריאה,2017,מחלות כלי דם במוח,סך הכול,56.3
דרום קוריאה,2018,מחלות כלי דם במוח,סך הכול,53.7
דרום קוריאה,2019,מחלות כלי דם במוח,סך הכול,47.9
דרום קוריאה,2020,מחלות כלי דם במוח,סך הכול,46.2
דרום קוריאה,2021,מחלות כלי דם במוח,סך הכול,45.3
דרום קוריאה,2022,מחלות כלי דם במוח,סך הכול,48.6
דרום קוריאה,2023,מחלות כלי דם במוח,סך הכול,44.1
דרום קוריאה,2000,מחלות לב איסכמיות,גברים,65.2
דרום קוריאה,2001,מחלות לב איסכמיות,גברים,66.8
דרום קוריאה,2002,מחלות לב איסכמיות,גברים,74.8
דרום קוריאה,2003,מחלות לב איסכמיות,גברים,68.2
דרום קוריאה,2004,מחלות לב איסכמיות,גברים,72.5
דרום קוריאה,2005,מחלות לב איסכמיות,גברים,74.2
דרום קוריאה,2006,מחלות לב איסכמיות,גברים,75.3
דרום קוריאה,2007,מחלות לב איסכמיות,גברים,75.2
דרום קוריאה,2008,מחלות לב איסכמיות,גברים,62.5
דרום קוריאה,2009,מחלות לב איסכמיות,גברים,61.1
דרום קוריאה,2010,מחלות לב איסכמיות,גברים,60
דרום קוריאה,2011,מחלות לב איסכמיות,גברים,58.8
דרום קוריאה,2012,מחלות לב איסכמיות,גברים,61.3
דרום קוריאה,2013,מחלות לב איסכמיות,גברים,53
דרום קוריאה,2014,מחלות לב איסכמיות,גברים,53
דרום קוריאה,2015,מחלות לב איסכמיות,גברים,52.5
דרום קוריאה,2016,מחלות לב איסכמיות,גברים,50
דרום קוריאה,2017,מחלות לב איסכמיות,גברים,46.2
דרום קוריאה,2018,מחלות לב איסכמיות,גברים,44.6
דרום קוריאה,2019,מחלות לב איסכמיות,גברים,40.9
דרום קוריאה,2020,מחלות לב איסכמיות,גברים,40
דרום קוריאה,2021,מחלות לב איסכמיות,גברים,37.9
דרום קוריאה,2022,מחלות לב איסכמיות,גברים,38.5
דרום קוריאה,2023,מחלות לב איסכמיות,גברים,35.4
דרום קוריאה,2000,מחלות לב איסכמיות,נשים,39.5
דרום קוריאה,2001,מחלות לב איסכמיות,נשים,40.3
דרום קוריאה,2002,מחלות לב איסכמיות,נשים,45.9
דרום קוריאה,2003,מחלות לב איסכמיות,נשים,44
דרום קוריאה,2004,מחלות לב איסכמיות,נשים,46.5
דרום קוריאה,2005,מחלות לב איסכמיות,נשים,48.3
דרום קוריאה,2006,מחלות לב איסכמיות,נשים,49.6
דרום קוריאה,2007,מחלות לב איסכמיות,נשים,47.7
דרום קוריאה,2008,מחלות לב איסכמיות,נשים,38.3
דרום קוריאה,2009,מחלות לב איסכמיות,נשים,36.6
דרום קוריאה,2010,מחלות לב איסכמיות,נשים,37.3
דרום קוריאה,2011,מחלות לב איסכמיות,נשים,37.2
דרום קוריאה,2012,מחלות לב איסכמיות,נשים,37.3
דרום קוריאה,2013,מחלות לב איסכמיות,נשים,32.9
דרום קוריאה,2014,מחלות לב איסכמיות,נשים,32.4
דרום קוריאה,2015,מחלות לב איסכמיות,נשים,31.5
דרום קוריאה,2016,מחלות לב איסכמיות,נשים,29.1
דרום קוריאה,2017,מחלות לב איסכמיות,נשים,26.2
דרום קוריאה,2018,מחלות לב איסכמיות,נשים,25.4
דרום קוריאה,2019,מחלות לב איסכמיות,נשים,21.9
דרום קוריאה,2020,מחלות לב איסכמיות,נשים,21
דרום קוריאה,2021,מחלות לב איסכמיות,נשים,20.3
דרום קוריאה,2022,מחלות לב איסכמיות,נשים,19.4
דרום קוריאה,2023,מחלות לב איסכמיות,נשים,17.2
דרום קוריאה,2000,מחלות לב איסכמיות,סך הכול,50
דרום קוריאה,2001,מחלות לב איסכמיות,סך הכול,50.8
דרום קוריאה,2002,מחלות לב איסכמיות,סך הכול,57.3
דרום קוריאה,2003,מחלות לב איסכמיות,סך הכול,54
דרום קוריאה,2004,מחלות לב איסכמיות,סך הכול,57.1
דרום קוריאה,2005,מחלות לב איסכמיות,סך הכול,58.8
דרום קוריאה,2006,מחלות לב איסכמיות,סך הכול,60.2
דרום קוריאה,2007,מחלות לב איסכמיות,סך הכול,58.9
דרום קוריאה,2008,מחלות לב איסכמיות,סך הכול,48.2
דרום קוריאה,2009,מחלות לב איסכמיות,סך הכול,46.6
דרום קוריאה,2010,מחלות לב איסכמיות,סך הכול,46.6
דרום קוריאה,2011,מחלות לב איסכמיות,סך הכול,46.1
דרום קוריאה,2012,מחלות לב איסכמיות,סך הכול,47.1
דרום קוריאה,2013,מחלות לב איסכמיות,סך הכול,41.4
דרום קוריאה,2014,מחלות לב איסכמיות,סך הכול,41.1
דרום קוריאה,2015,מחלות לב איסכמיות,סך הכול,40.4
דרום קוריאה,2016,מחלות לב איסכמיות,סך הכול,38
דרום קוריאה,2017,מחלות לב איסכמיות,סך הכול,34.9
דרום קוריאה,2018,מחלות לב איסכמיות,סך הכול,33.8
דרום קוריאה,2019,מחלות לב איסכמיות,סך הכול,30.1
דרום קוריאה,2020,מחלות לב איסכמיות,סך הכול,29.3
דרום קוריאה,2021,מחלות לב איסכמיות,סך הכול,28.1
דרום קוריאה,2022,מחלות לב איסכמיות,סך הכול,27.8
דרום קוריאה,2023,מחלות לב איסכמיות,סך הכול,25.3
דרום קוריאה,2000,מחלות מערכת הדם,גברים,368.9
דרום קוריאה,2001,מחלות מערכת הדם,גברים,360
דרום קוריאה,2002,מחלות מערכת הדם,גברים,368.2
דרום קוריאה,2003,מחלות מערכת הדם,גברים,342.4
דרום קוריאה,2004,מחלות מערכת הדם,גברים,320.3
דרום קוריאה,2005,מחלות מערכת הדם,גברים,300.4
דרום קוריאה,2006,מחלות מערכת הדם,גברים,289.3
דרום קוריאה,2007,מחלות מערכת הדם,גברים,287.4
דרום קוריאה,2008,מחלות מערכת הדם,גברים,265.7
דרום קוריאה,2009,מחלות מערכת הדם,גברים,247.1
דרום קוריאה,2010,מחלות מערכת הדם,גברים,244.1
דרום קוריאה,2011,מחלות מערכת הדם,גברים,236.7
דרום קוריאה,2012,מחלות מערכת הדם,גברים,234
דרום קוריאה,2013,מחלות מערכת הדם,גברים,212.4
דרום קוריאה,2014,מחלות מערכת הדם,גברים,203.8
דרום קוריאה,2015,מחלות מערכת הדם,גברים,199.1
דרום קוריאה,2016,מחלות מערכת הדם,גברים,190.3
דרום קוריאה,2017,מחלות מערכת הדם,גברים,181.9
דרום קוריאה,2018,מחלות מערכת הדם,גברים,175.1
דרום קוריאה,2019,מחלות מערכת הדם,גברים,162
דרום קוריאה,2020,מחלות מערכת הדם,גברים,152.9
דרום קוריאה,2021,מחלות מערכת הדם,גברים,150.6
דרום קוריאה,2022,מחלות מערכת הדם,גברים,158.9
דרום קוריאה,2023,מחלות מערכת הדם,גברים,148.7
דרום קוריאה,2000,מחלות מערכת הדם,נשים,266.3
דרום קוריאה,2001,מחלות מערכת הדם,נשים,255.8
דרום קוריאה,2002,מחלות מערכת הדם,נשים,270.6
דרום קוריאה,2003,מחלות מערכת הדם,נשים,254.2
דרום קוריאה,2004,מחלות מערכת הדם,נשים,233.9
דרום קוריאה,2005,מחלות מערכת הדם,נשים,218.2
דרום קוריאה,2006,מחלות מערכת הדם,נשים,210.2
דרום קוריאה,2007,מחלות מערכת הדם,נשים,209.7
דרום קוריאה,2008,מחלות מערכת הדם,נשים,189.4
דרום קוריאה,2009,מחלות מערכת הדם,נשים,175.5
דרום קוריאה,2010,מחלות מערכת הדם,נשים,174.6
דרום קוריאה,2011,מחלות מערכת הדם,נשים,172.4
דרום קוריאה,2012,מחלות מערכת הדם,נשים,168.6
דרום קוריאה,2013,מחלות מערכת הדם,נשים,153.5
דרום קוריאה,2014,מחלות מערכת הדם,נשים,146
דרום קוריאה,2015,מחלות מערכת הדם,נשים,142.8
דרום קוריאה,2016,מחלות מערכת הדם,נשים,138
דרום קוריאה,2017,מחלות מערכת הדם,נשים,133.3
דרום קוריאה,2018,מחלות מערכת הדם,נשים,129.9
דרום קוריאה,2019,מחלות מערכת הדם,נשים,115.5
דרום קוריאה,2020,מחלות מערכת הדם,נשים,108.9
דרום קוריאה,2021,מחלות מערכת הדם,נשים,106.8
דרום קוריאה,2022,מחלות מערכת הדם,נשים,112.4
דרום קוריאה,2023,מחלות מערכת הדם,נשים,103.9
דרום קוריאה,2000,מחלות מערכת הדם,סך הכול,306.1
דרום קוריאה,2001,מחלות מערכת הדם,סך הכול,296.2
דרום קוריאה,2002,מחלות מערכת הדם,סך הכול,308.7
דרום קוריאה,2003,מחלות מערכת הדם,סך הכול,289.2
דרום קוריאה,2004,מחלות מערכת הדם,סך הכול,268.3
דרום קוריאה,2005,מחלות מערכת הדם,סך הכול,251.2
דרום קוריאה,2006,מחלות מערכת הדם,סך הכול,242
דרום קוריאה,2007,מחלות מערכת הדם,סך הכול,240.9
דרום קוריאה,2008,מחלות מערכת הדם,סך הכול,219.7
דרום קוריאה,2009,מחלות מערכת הדם,סך הכול,204.3
דרום קוריאה,2010,מחלות מערכת הדם,סך הכול,202.7
דרום קוריאה,2011,מחלות מערכת הדם,סך הכול,198.9
דרום קוריאה,2012,מחלות מערכת הדם,סך הכול,195.5
דרום קוריאה,2013,מחלות מערכת הדם,סך הכול,178.5
דרום קוריאה,2014,מחלות מערכת הדם,סך הכול,170.6
דרום קוריאה,2015,מחלות מערכת הדם,סך הכול,167.1
דרום קוריאה,2016,מחלות מערכת הדם,סך הכול,160.9
דרום קוריאה,2017,מחלות מערכת הדם,סך הכול,155.1
דרום קוריאה,2018,מחלות מערכת הדם,סך הכול,150.8
דרום קוריאה,2019,מחלות מערכת הדם,סך הכול,136.5
דרום קוריאה,2020,מחלות מערכת הדם,סך הכול,128.8
דרום קוריאה,2021,מחלות מערכת הדם,סך הכול,126.7
דרום קוריאה,2022,מחלות מערכת הדם,סך הכול,133.6
דרום קוריאה,2023,מחלות מערכת הדם,סך הכול,124.5
דרום קוריאה,2000,מחלות מערכת הנשימה,גברים,154.8
דרום קוריאה,2001,מחלות מערכת הנשימה,גברים,150.4
דרום קוריאה,2002,מחלות מערכת הנשימה,גברים,156.3
דרום קוריאה,2003,מחלות מערכת הנשימה,גברים,132.8
דרום קוריאה,2004,מחלות מערכת הנשימה,גברים,127.5
דרום קוריאה,2005,מחלות מערכת הנשימה,גברים,119.2
דרום קוריאה,2006,מחלות מערכת הנשימה,גברים,115.6
דרום קוריאה,2007,מחלות מערכת הנשימה,גברים,117.1
דרום קוריאה,2008,מחלות מערכת הנשימה,גברים,116.2
דרום קוריאה,2009,מחלות מערכת הנשימה,גברים,117.6
דרום קוריאה,2010,מחלות מערכת הנשימה,גברים,122.9
דרום קוריאה,2011,מחלות מערכת הנשימה,גברים,123.7
דרום קוריאה,2012,מחלות מערכת הנשימה,גברים,133.7
דרום קוריאה,2013,מחלות מערכת הנשימה,גברים,122.6
דרום קוריאה,2014,מחלות מערכת הנשימה,גברים,124.6
דרום קוריאה,2015,מחלות מערכת הנשימה,גברים,134.7
דרום קוריאה,2016,מחלות מערכת הנשימה,גברים,132.8
דרום קוריאה,2017,מחלות מערכת הנשימה,גברים,139.2
דרום קוריאה,2018,מחלות מערכת הנשימה,גברים,148.9
דרום קוריאה,2019,מחלות מערכת הנשימה,גברים,137.3
דרום קוריאה,2020,מחלות מערכת הנשימה,גברים,127.9
דרום קוריאה,2021,מחלות מערכת הנשימה,גברים,123.3
דרום קוריאה,2022,מחלות מערכת הנשימה,גברים,128.4
דרום קוריאה,2023,מחלות מערכת הנשימה,גברים,133.2
דרום קוריאה,2000,מחלות מערכת הנשימה,נשים,68.2
דרום קוריאה,2001,מחלות מערכת הנשימה,נשים,64
דרום קוריאה,2002,מחלות מערכת הנשימה,נשים,68.6
דרום קוריאה,2003,מחלות מערכת הנשימה,נשים,56.4
דרום קוריאה,2004,מחלות מערכת הנשימה,נשים,47.8
דרום קוריאה,2005,מחלות מערכת הנשימה,נשים,47.5
דרום קוריאה,2006,מחלות מערכת הנשימה,נשים,46
דרום קוריאה,2007,מחלות מערכת הנשימה,נשים,46.6
דרום קוריאה,2008,מחלות מערכת הנשימה,נשים,47.6
דרום קוריאה,2009,מחלות מערכת הנשימה,נשים,48.2
דרום קוריאה,2010,מחלות מערכת הנשימה,נשים,50
דרום קוריאה,2011,מחלות מערכת הנשימה,נשים,51.9
דרום קוריאה,2012,מחלות מערכת הנשימה,נשים,57.5
דרום קוריאה,2013,מחלות מערכת הנשימה,נשים,53.6
דרום קוריאה,2014,מחלות מערכת הנשימה,נשים,53.1
דרום קוריאה,2015,מחלות מערכת הנשימה,נשים,57.7
דרום קוריאה,2016,מחלות מערכת הנשימה,נשים,57.6
דרום קוריאה,2017,מחלות מערכת הנשימה,נשים,60.5
דרום קוריאה,2018,מחלות מערכת הנשימה,נשים,66.6
דרום קוריאה,2019,מחלות מערכת הנשימה,נשים,59.6
דרום קוריאה,2020,מחלות מערכת הנשימה,נשים,54.4
דרום קוריאה,2021,מחלות מערכת הנשימה,נשים,50.7
דרום קוריאה,2022,מחלות מערכת הנשימה,נשים,56.6
דרום קוריאה,2023,מחלות מערכת הנשימה,נשים,58.2
דרום קוריאה,2000,מחלות מערכת הנשימה,סך הכול,96.8
דרום קוריאה,2001,מחלות מערכת הנשימה,סך הכול,92.4
דרום קוריאה,2002,מחלות מערכת הנשימה,סך הכול,96.9
דרום קוריאה,2003,מחלות מערכת הנשימה,סך הכול,81.2
דרום קוריאה,2004,מחלות מערכת הנשימה,סך הכול,74.2
דרום קוריאה,2005,מחלות מערכת הנשימה,סך הכול,71.2
דרום קוריאה,2006,מחלות מערכת הנשימה,סך הכול,69.1
דרום קוריאה,2007,מחלות מערכת הנשימה,סך הכול,69.6
דרום קוריאה,2008,מחלות מערכת הנשימה,סך הכול,70.2
דרום קוריאה,2009,מחלות מערכת הנשימה,סך הכול,71.2
דרום קוריאה,2010,מחלות מערכת הנשימה,סך הכול,73.9
דרום קוריאה,2011,מחלות מערכת הנשימה,סך הכול,75.5
דרום קוריאה,2012,מחלות מערכת הנשימה,סך הכול,82.5
דרום קוריאה,2013,מחלות מערכת הנשימה,סך הכול,76.6
דרום קוריאה,2014,מחלות מערכת הנשימה,סך הכול,77
דרום קוריאה,2015,מחלות מערכת הנשימה,סך הכול,83.5
דרום קוריאה,2016,מחלות מערכת הנשימה,סך הכול,83.2
דרום קוריאה,2017,מחלות מערכת הנשימה,סך הכול,87.4
דרום קוריאה,2018,מחלות מערכת הנשימה,סך הכול,95.1
דרום קוריאה,2019,מחלות מערכת הנשימה,סך הכול,86.9
דרום קוריאה,2020,מחלות מערכת הנשימה,סך הכול,80.7
דרום קוריאה,2021,מחלות מערכת הנשימה,סך הכול,76.9
דרום קוריאה,2022,מחלות מערכת הנשימה,סך הכול,83.1
דרום קוריאה,2023,מחלות מערכת הנשימה,סך הכול,85.9
דרום קוריאה,2000,נפילות,גברים,14.8
דרום קוריאה,2001,נפילות,גברים,14.4
דרום קוריאה,2002,נפילות,גברים,16.9
דרום קוריאה,2003,נפילות,גברים,18.2
דרום קוריאה,2004,נפילות,גברים,17.4
דרום קוריאה,2005,נפילות,גברים,16.7
דרום קוריאה,2006,נפילות,גברים,17.7
דרום קוריאה,2007,נפילות,גברים,15
דרום קוריאה,2008,נפילות,גברים,11.6
דרום קוריאה,2009,נפילות,גברים,10.5
דרום קוריאה,2010,נפילות,גברים,8.9
דרום קוריאה,2011,נפילות,גברים,9.1
דרום קוריאה,2012,נפילות,גברים,8.5
דרום קוריאה,2013,נפילות,גברים,9.6
דרום קוריאה,2014,נפילות,גברים,8.9
דרום קוריאה,2015,נפילות,גברים,8.5
דרום קוריאה,2016,נפילות,גברים,9.3
דרום קוריאה,2017,נפילות,גברים,9.5
דרום קוריאה,2018,נפילות,גברים,9.1
דרום קוריאה,2019,נפילות,גברים,8.9
דרום קוריאה,2020,נפילות,גברים,8.7
דרום קוריאה,2021,נפילות,גברים,8.3
דרום קוריאה,2022,נפילות,גברים,8.2
דרום קוריאה,2023,נפילות,גברים,7.3
דרום קוריאה,2000,נפילות,נשים,7.5
דרום קוריאה,2001,נפילות,נשים,7.6
דרום קוריאה,2002,נפילות,נשים,11.1
דרום קוריאה,2003,נפילות,נשים,12.4
דרום קוריאה,2004,נפילות,נשים,10.9
דרום קוריאה,2005,נפילות,נשים,10
דרום קוריאה,2006,נפילות,נשים,10.6
דרום קוריאה,2007,נפילות,נשים,7.7
דרום קוריאה,2008,נפילות,נשים,5.5
דרום קוריאה,2009,נפילות,נשים,3.5
דרום קוריאה,2010,נפילות,נשים,2.7
דרום קוריאה,2011,נפילות,נשים,2.7
דרום קוריאה,2012,נפילות,נשים,2.6
דרום קוריאה,2013,נפילות,נשים,2.7
דרום קוריאה,2014,נפילות,נשים,2.7
דרום קוריאה,2015,נפילות,נשים,2.6
דרום קוריאה,2016,נפילות,נשים,2.9
דרום קוריאה,2017,נפילות,נשים,3
דרום קוריאה,2018,נפילות,נשים,2.8
דרום קוריאה,2019,נפילות,נשים,2.7
דרום קוריאה,2020,נפילות,נשים,2.6
דרום קוריאה,2021,נפילות,נשים,2.7
דרום קוריאה,2022,נפילות,נשים,2.4
דרום קוריאה,2023,נפילות,נשים,2.1
דרום קוריאה,2000,נפילות,סך הכול,10.9
דרום קוריאה,2001,נפילות,סך הכול,10.8
דרום קוריאה,2002,נפילות,סך הכול,14
דרום קוריאה,2003,נפילות,סך הכול,15.4
דרום קוריאה,2004,נפילות,סך הכול,14.1
דרום קוריאה,2005,נפילות,סך הכול,13.1
דרום קוריאה,2006,נפילות,סך הכול,13.8
דרום קוריאה,2007,נפילות,סך הכול,11
דרום קוריאה,2008,נפילות,סך הכול,8.2
דרום קוריאה,2009,נפילות,סך הכול,6.5
דרום קוריאה,2010,נפילות,סך הכול,5.5
דרום קוריאה,2011,נפילות,סך הכול,5.5
דרום קוריאה,2012,נפילות,סך הכול,5.3
דרום קוריאה,2013,נפילות,סך הכול,5.7
דרום קוריאה,2014,נפילות,סך הכול,5.4
דרום קוריאה,2015,נפילות,סך הכול,5.2
דרום קוריאה,2016,נפילות,סך הכול,5.7
דרום קוריאה,2017,נפילות,סך הכול,5.8
דרום קוריאה,2018,נפילות,סך הכול,5.5
דרום קוריאה,2019,נפילות,סך הכול,5.4
דרום קוריאה,2020,נפילות,סך הכול,5.2
דרום קוריאה,2021,נפילות,סך הכול,5.1
דרום קוריאה,2022,נפילות,סך הכול,4.9
דרום קוריאה,2023,נפילות,סך הכול,4.4
דרום קוריאה,2000,סוכרת,גברים,59.4
דרום קוריאה,2001,סוכרת,גברים,62.7
דרום קוריאה,2002,סוכרת,גברים,61.3
דרום קוריאה,2003,סוכרת,גברים,60.2
דרום קוריאה,2004,סוכרת,גברים,56
דרום קוריאה,2005,סוכרת,גברים,54.8
דרום קוריאה,2006,סוכרת,גברים,53.1
דרום קוריאה,2007,סוכרת,גברים,50.3
דרום קוריאה,2008,סוכרת,גברים,45
דרום קוריאה,2009,סוכרת,גברים,40.9
דרום קוריאה,2010,סוכרת,גברים,42.2
דרום קוריאה,2011,סוכרת,גברים,43.3
דרום קוריאה,2012,סוכרת,גברים,44.2
דרום קוריאה,2013,סוכרת,גברים,38.5
דרום קוריאה,2014,סוכרת,גברים,35.7
דרום קוריאה,2015,סוכרת,גברים,34.1
דרום קוריאה,2016,סוכרת,גברים,30.2
דרום קוריאה,2017,סוכרת,גברים,26.8
דרום קוריאה,2018,סוכרת,גברים,24.8
דרום קוריאה,2019,סוכרת,גברים,21.8
דרום קוריאה,2020,סוכרת,גברים,21.9
דרום קוריאה,2021,סוכרת,גברים,22.2
דרום קוריאה,2022,סוכרת,גברים,26
דרום קוריאה,2023,סוכרת,גברים,25.7
דרום קוריאה,2000,סוכרת,נשים,43.2
דרום קוריאה,2001,סוכרת,נשים,44.9
דרום קוריאה,2002,סוכרת,נשים,47.1
דרום קוריאה,2003,סוכרת,נשים,44.5
דרום קוריאה,2004,סוכרת,נשים,41.1
דרום קוריאה,2005,סוכרת,נשים,39
דרום קוריאה,2006,סוכרת,נשים,37.4
דרום קוריאה,2007,סוכרת,נשים,35.5
דרום קוריאה,2008,סוכרת,נשים,30.5
דרום קוריאה,2009,סוכרת,נשים,27.6
דרום קוריאה,2010,סוכרת,נשים,28.3
דרום קוריאה,2011,סוכרת,נשים,27.7
דרום קוריאה,2012,סוכרת,נשים,29.1
דרום קוריאה,2013,סוכרת,נשים,26.6
דרום קוריאה,2014,סוכרת,נשים,24.2
דרום קוריאה,2015,סוכרת,נשים,23.3
דרום קוריאה,2016,סוכרת,נשים,20.7
דרום קוריאה,2017,סוכרת,נשים,18.7
דרום קוריאה,2018,סוכרת,נשים,16.6
דרום קוריאה,2019,סוכרת,נשים,14.4
דרום קוריאה,2020,סוכרת,נשים,14.2
דרום קוריאה,2021,סוכרת,נשים,14
דרום קוריאה,2022,סוכרת,נשים,17.1
דרום קוריאה,2023,סוכרת,נשים,15.5
דרום קוריאה,2000,סוכרת,סך הכול,49.9
דרום קוריאה,2001,סוכרת,סך הכול,52
דרום קוריאה,2002,סוכרת,סך הכול,53.2
דרום קוריאה,2003,סוכרת,סך הכול,51.2
דרום קוריאה,2004,סוכרת,סך הכול,47.4
דרום קוריאה,2005,סוכרת,סך הכול,45.7
דרום קוריאה,2006,סוכרת,סך הכול,43.8
דרום קוריאה,2007,סוכרת,סך הכול,41.7
דרום קוריאה,2008,סוכרת,סך הכול,36.3
דרום קוריאה,2009,סוכרת,סך הכול,33.1
דרום קוריאה,2010,סוכרת,סך הכול,33.9
דרום קוריאה,2011,סוכרת,סך הכול,34
דרום קוריאה,2012,סוכרת,סך הכול,35.2
דרום קוריאה,2013,סוכרת,סך הכול,31.5
דרום קוריאה,2014,סוכרת,סך הכול,29.1
דרום קוריאה,2015,סוכרת,סך הכול,27.9
דרום קוריאה,2016,סוכרת,סך הכול,24.8
דרום קוריאה,2017,סוכרת,סך הכול,22.2
דרום קוריאה,2018,סוכרת,סך הכול,20.1
דרום קוריאה,2019,סוכרת,סך הכול,17.7
דרום קוריאה,2020,סוכרת,סך הכול,17.6
דרום קוריאה,2021,סוכרת,סך הכול,17.7
דרום קוריאה,2022,סוכרת,סך הכול,21.1
דרום קוריאה,2023,סוכרת,סך הכול,20
דרום קוריאה,2020,קורונה,גברים,2.7
דרום קוריאה,2021,קורונה,גברים,13.2
דרום קוריאה,2022,קורונה,גברים,77.1
דרום קוריאה,2023,קורונה,גברים,19.7
דרום קוריאה,2020,קורונה,נשים,1.6
דרום קוריאה,2021,קורונה,נשים,7.8
דרום קוריאה,2022,קורונה,נשים,51.2
דרום קוריאה,2023,קורונה,נשים,10.6
דרום קוריאה,2020,קורונה,סך הכול,2
דרום קוריאה,2021,קורונה,סך הכול,10
דרום קוריאה,2022,קורונה,סך הכול,61.6
דרום קוריאה,2023,קורונה,סך הכול,14
דרום קוריאה,2000,שפעת,גברים,1.7
דרום קוריאה,2001,שפעת,גברים,1.3
דרום קוריאה,2002,שפעת,גברים,0.6
דרום קוריאה,2003,שפעת,גברים,0.3
דרום קוריאה,2004,שפעת,גברים,0.1
דרום קוריאה,2005,שפעת,גברים,0
דרום קוריאה,2007,שפעת,גברים,0.1
דרום קוריאה,2008,שפעת,גברים,0
דרום קוריאה,2009,שפעת,גברים,0.1
דרום קוריאה,2010,שפעת,גברים,0
דרום קוריאה,2011,שפעת,גברים,0.1
דרום קוריאה,2012,שפעת,גברים,0.4
דרום קוריאה,2013,שפעת,גברים,0.1
דרום קוריאה,2014,שפעת,גברים,0.3
דרום קוריאה,2015,שפעת,גברים,0.8
דרום קוריאה,2016,שפעת,גברים,0.6
דרום קוריאה,2017,שפעת,גברים,0.8
דרום קוריאה,2018,שפעת,גברים,2.2
דרום קוריאה,2019,שפעת,גברים,0.7
דרום קוריאה,2020,שפעת,גברים,0.7
דרום קוריאה,2021,שפעת,גברים,0
דרום קוריאה,2022,שפעת,גברים,0.1
דרום קוריאה,2023,שפעת,גברים,0.8
דרום קוריאה,2000,שפעת,נשים,1.1
דרום קוריאה,2001,שפעת,נשים,0.8
דרום קוריאה,2002,שפעת,נשים,0.5
דרום קוריאה,2003,שפעת,נשים,0.1
דרום קוריאה,2004,שפעת,נשים,0.1
דרום קוריאה,2005,שפעת,נשים,0
דרום קוריאה,2007,שפעת,נשים,0
דרום קוריאה,2008,שפעת,נשים,0
דרום קוריאה,2009,שפעת,נשים,0.1
דרום קוריאה,2010,שפעת,נשים,0.1
דרום קוריאה,2011,שפעת,נשים,0.1
דרום קוריאה,2012,שפעת,נשים,0.2
דרום קוריאה,2013,שפעת,נשים,0.1
דרום קוריאה,2014,שפעת,נשים,0.3
דרום קוריאה,2015,שפעת,נשים,0.4
דרום קוריאה,2016,שפעת,נשים,0.5
דרום קוריאה,2017,שפעת,נשים,0.7
דרום קוריאה,2018,שפעת,נשים,1.6
דרום קוריאה,2019,שפעת,נשים,0.5
דרום קוריאה,2020,שפעת,נשים,0.4
דרום קוריאה,2021,שפעת,נשים,0
דרום קוריאה,2022,שפעת,נשים,0
דרום קוריאה,2023,שפעת,נשים,0.5
דרום קוריאה,2000,שפעת,סך הכול,1.2
דרום קוריאה,2001,שפעת,סך הכול,0.9
דרום קוריאה,2002,שפעת,סך הכול,0.5
דרום קוריאה,2003,שפעת,סך הכול,0.2
דרום קוריאה,2004,שפעת,סך הכול,0.1
דרום קוריאה,2005,שפעת,סך הכול,0
דרום קוריאה,2007,שפעת,סך הכול,0
דרום קוריאה,2008,שפעת,סך הכול,0
דרום קוריאה,2009,שפעת,סך הכול,0.1
דרום קוריאה,2010,שפעת,סך הכול,0.1
דרום קוריאה,2011,שפעת,סך הכול,0.1
דרום קוריאה,2012,שפעת,סך הכול,0.3
דרום קוריאה,2013,שפעת,סך הכול,0.1
דרום קוריאה,2014,שפעת,סך הכול,0.3
דרום קוריאה,2015,שפעת,סך הכול,0.6
דרום קוריאה,2016,שפעת,סך הכול,0.6
דרום קוריאה,2017,שפעת,סך הכול,0.7
דרום קוריאה,2018,שפעת,סך הכול,1.8
דרום קוריאה,2019,שפעת,סך הכול,0.6
דרום קוריאה,2020,שפעת,סך הכול,0.5
דרום קוריאה,2021,שפעת,סך הכול,0
דרום קוריאה,2022,שפעת,סך הכול,0.1
דרום קוריאה,2023,שפעת,סך הכול,0.6
דרום קוריאה,2000,תאונות דרכים,גברים,52.3
דרום קוריאה,2001,תאונות דרכים,גברים,45.3
דרום קוריאה,2002,תאונות דרכים,גברים,41.1
דרום קוריאה,2003,תאונות דרכים,גברים,40.6
דרום קוריאה,2004,תאונות דרכים,גברים,37.1
דרום קוריאה,2005,תאונות דרכים,גברים,34.8
דרום קוריאה,2006,תאונות דרכים,גברים,33.4
דרום קוריאה,2007,תאונות דרכים,גברים,31.5
דרום קוריאה,2008,תאונות דרכים,גברים,29
דרום קוריאה,2009,תאונות דרכים,גברים,27.9
דרום קוריאה,2010,תאונות דרכים,גברים,25.6
דרום קוריאה,2011,תאונות דרכים,גברים,23.4
דרום קוריאה,2012,תאונות דרכים,גברים,23.2
דרום קוריאה,2013,תאונות דרכים,גברים,21
דרום קוריאה,2014,תאונות דרכים,גברים,19.6
דרום קוריאה,2015,תאונות דרכים,גברים,18.9
דרום קוריאה,2016,תאונות דרכים,גברים,17
דרום קוריאה,2017,תאונות דרכים,גברים,16.6
דרום קוריאה,2018,תאונות דרכים,גברים,14.7
דרום קוריאה,2019,תאונות דרכים,גברים,13.6
דרום קוריאה,2020,תאונות דרכים,גברים,12.2
דרום קוריאה,2021,תאונות דרכים,גברים,11.1
דרום קוריאה,2022,תאונות דרכים,גברים,10.3
דרום קוריאה,2023,תאונות דרכים,גברים,9.5
דרום קוריאה,2000,תאונות דרכים,נשים,19.3
דרום קוריאה,2001,תאונות דרכים,נשים,15.6
דרום קוריאה,2002,תאונות דרכים,נשים,15.1
דרום קוריאה,2003,תאונות דרכים,נשים,14.2
דרום קוריאה,2004,תאונות דרכים,נשים,12.5
דרום קוריאה,2005,תאונות דרכים,נשים,11.5
דרום קוריאה,2006,תאונות דרכים,נשים,11.2
דרום קוריאה,2007,תאונות דרכים,נשים,10.1
דרום קוריאה,2008,תאונות דרכים,נשים,9.3
דרום קוריאה,2009,תאונות דרכים,נשים,8.9
דרום קוריאה,2010,תאונות דרכים,נשים,8.4
דרום קוריאה,2011,תאונות דרכים,נשים,7.3
דרום קוריאה,2012,תאונות דרכים,נשים,7.5
דרום קוריאה,2013,תאונות דרכים,נשים,7
דרום קוריאה,2014,תאונות דרכים,נשים,6.3
דרום קוריאה,2015,תאונות דרכים,נשים,6
דרום קוריאה,2016,תאונות דרכים,נשים,5.4
דרום קוריאה,2017,תאונות דרכים,נשים,5
דרום קוריאה,2018,תאונות דרכים,נשים,4.8
דרום קוריאה,2019,תאונות דרכים,נשים,3.8
דרום קוריאה,2020,תאונות דרכים,נשים,3.5
דרום קוריאה,2021,תאונות דרכים,נשים,3
דרום קוריאה,2022,תאונות דרכים,נשים,2.9
דרום קוריאה,2023,תאונות דרכים,נשים,2.6
דרום קוריאה,2000,תאונות דרכים,סך הכול,34.2
דרום קוריאה,2001,תאונות דרכים,סך הכול,28.8
דרום קוריאה,2002,תאונות דרכים,סך הכול,26.5
דרום קוריאה,2003,תאונות דרכים,סך הכול,25.8
דרום קוריאה,2004,תאונות דרכים,סך הכול,23.4
דרום קוריאה,2005,תאונות דרכים,סך הכול,21.8
דרום קוריאה,2006,תאונות דרכים,סך הכול,21
דרום קוריאה,2007,תאונות דרכים,סך הכול,19.7
דרום קוריאה,2008,תאונות דרכים,סך הכול,18.1
דרום קוריאה,2009,תאונות דרכים,סך הכול,17.4
דרום קוריאה,2010,תאונות דרכים,סך הכול,16.1
דרום קוריאה,2011,תאונות דרכים,סך הכול,14.5
דרום קוריאה,2012,תאונות דרכים,סך הכול,14.6
דרום קוריאה,2013,תאונות דרכים,סך הכול,13.3
דרום קוריאה,2014,תאונות דרכים,סך הכול,12.3
דרום קוריאה,2015,תאונות דרכים,סך הכול,11.8
דרום קוריאה,2016,תאונות דרכים,סך הכול,10.7
דרום קוריאה,2017,תאונות דרכים,סך הכול,10.2
דרום קוריאה,2018,תאונות דרכים,סך הכול,9.2
דרום קוריאה,2019,תאונות דרכים,סך הכול,8.2
דרום קוריאה,2020,תאונות דרכים,סך הכול,7.5
דרום קוריאה,2021,תאונות דרכים,סך הכול,6.7
דרום קוריאה,2022,תאונות דרכים,סך הכול,6.3
דרום קוריאה,2023,תאונות דרכים,סך הכול,5.8
דרום קוריאה,2000,תקיפה,גברים,2.3
דרום קוריאה,2001,תקיפה,גברים,2
דרום קוריאה,2002,תקיפה,גברים,1.9
דרום קוריאה,2003,תקיפה,גברים,2.1
דרום קוריאה,2004,תקיפה,גברים,2.1
דרום קוריאה,2005,תקיפה,גברים,1.9
דרום קוריאה,2006,תקיפה,גברים,1.8
דרום קוריאה,2007,תקיפה,גברים,1.6
דרום קוריאה,2008,תקיפה,גברים,1.6
דרום קוריאה,2009,תקיפה,גברים,1.6
דרום קוריאה,2010,תקיפה,גברים,1.4
דרום קוריאה,2011,תקיפה,גברים,1.3
דרום קוריאה,2012,תקיפה,גברים,1.2
דרום קוריאה,2013,תקיפה,גברים,1.2
דרום קוריאה,2014,תקיפה,גברים,1.1
דרום קוריאה,2015,תקיפה,גברים,1.1
דרום קוריאה,2016,תקיפה,גברים,0.9
דרום קוריאה,2017,תקיפה,גברים,0.9
דרום קוריאה,2018,תקיפה,גברים,0.8
דרום קוריאה,2019,תקיפה,גברים,0.9
דרום קוריאה,2020,תקיפה,גברים,0.9
דרום קוריאה,2021,תקיפה,גברים,0.7
דרום קוריאה,2022,תקיפה,גברים,0.7
דרום קוריאה,2023,תקיפה,גברים,0.6
דרום קוריאה,2000,תקיפה,נשים,1.7
דרום קוריאה,2001,תקיפה,נשים,1.5
דרום קוריאה,2002,תקיפה,נשים,1.6
דרום קוריאה,2003,תקיפה,נשים,1.7
דרום קוריאה,2004,תקיפה,נשים,1.8
דרום קוריאה,2005,תקיפה,נשים,1.9
דרום קוריאה,2006,תקיפה,נשים,1.6
דרום קוריאה,2007,תקיפה,נשים,1.4
דרום קוריאה,2008,תקיפה,נשים,1.3
דרום קוריאה,2009,תקיפה,נשים,1.3
דרום קוריאה,2010,תקיפה,נשים,1.1
דרום קוריאה,2011,תקיפה,נשים,1
דרום קוריאה,2012,תקיפה,נשים,1
דרום קוריאה,2013,תקיפה,נשים,1
דרום קוריאה,2014,תקיפה,נשים,1
דרום קוריאה,2015,תקיפה,נשים,1
דרום קוריאה,2016,תקיפה,נשים,0.9
דרום קוריאה,2017,תקיפה,נשים,0.8
דרום קוריאה,2018,תקיפה,נשים,0.7
דרום קוריאה,2019,תקיפה,נשים,0.7
דרום קוריאה,2020,תקיפה,נשים,0.6
דרום קוריאה,2021,תקיפה,נשים,0.7
דרום קוריאה,2022,תקיפה,נשים,0.6
דרום קוריאה,2023,תקיפה,נשים,0.7
דרום קוריאה,2000,תקיפה,סך הכול,1.9
דרום קוריאה,2001,תקיפה,סך הכול,1.7
דרום קוריאה,2002,תקיפה,סך הכול,1.7
דרום קוריאה,2003,תקיפה,סך הכול,1.9
דרום קוריאה,2004,תקיפה,סך הכול,1.9
דרום קוריאה,2005,תקיפה,סך הכול,1.9
דרום קוריאה,2006,תקיפה,סך הכול,1.7
דרום קוריאה,2007,תקיפה,סך הכול,1.5
דרום קוריאה,2008,תקיפה,סך הכול,1.4
דרום קוריאה,2009,תקיפה,סך הכול,1.4
דרום קוריאה,2010,תקיפה,סך הכול,1.2
דרום קוריאה,2011,תקיפה,סך הכול,1.1
דרום קוריאה,2012,תקיפה,סך הכול,1.1
דרום קוריאה,2013,תקיפה,סך הכול,1.1
דרום קוריאה,2014,תקיפה,סך הכול,1
דרום קוריאה,2015,תקיפה,סך הכול,1
דרום קוריאה,2016,תקיפה,סך הכול,0.9
דרום קוריאה,2017,תקיפה,סך הכול,0.8
דרום קוריאה,2018,תקיפה,סך הכול,0.8
דרום קוריאה,2019,תקיפה,סך הכול,0.8
דרום קוריאה,2020,תקיפה,סך הכול,0.7
דרום קוריאה,2021,תקיפה,סך הכול,0.7
דרום קוריאה,2022,תקיפה,סך הכול,0.6
דרום קוריאה,2023,תקיפה,סך הכול,0.6
הולנד,2000,גידולים,גברים,394.4
הולנד,2001,גידולים,גברים,386.6
הולנד,2002,גידולים,גברים,383.4
הולנד,2003,גידולים,גברים,378.7
הולנד,2004,גידולים,גברים,370.7
הולנד,2005,גידולים,גברים,365.5
הולנד,2006,גידולים,גברים,355.2
הולנד,2007,גידולים,גברים,353.5
הולנד,2008,גידולים,גברים,346.1
הולנד,2009,גידולים,גברים,344.9
הולנד,2010,גידולים,גברים,346.1
הולנד,2011,גידולים,גברים,333.6
הולנד,2012,גידולים,גברים,333.5
הולנד,2013,גידולים,גברים,319
הולנד,2014,גידולים,גברים,314.2
הולנד,2015,גידולים,גברים,313
הולנד,2016,גידולים,גברים,313.8
הולנד,2017,גידולים,גברים,304.3
הולנד,2018,גידולים,גברים,281.7
הולנד,2019,גידולים,גברים,272.2
הולנד,2020,גידולים,גברים,270.7
הולנד,2021,גידולים,גברים,274.6
הולנד,2022,גידולים,גברים,270.5
הולנד,2023,גידולים,גברים,263.1
הולנד,2024,גידולים,גברים,256.9
הולנד,2000,גידולים,נשים,225
הולנד,2001,גידולים,נשים,223.4
הולנד,2002,גידולים,נשים,226.3
הולנד,2003,גידולים,נשים,224
הולנד,2004,גידולים,נשים,224.3
הולנד,2005,גידולים,נשים,222.3
הולנד,2006,גידולים,נשים,220.5
הולנד,2007,גידולים,נשים,215.7
הולנד,2008,גידולים,נשים,220.8
הולנד,2009,גידולים,נשים,215.7
הולנד,2010,גידולים,נשים,216.9
הולנד,2011,גידולים,נשים,220.8
הולנד,2012,גידולים,נשים,216.2
הולנד,2013,גידולים,נשים,211.1
הולנד,2014,גידולים,נשים,210.5
הולנד,2015,גידולים,נשים,210.3
הולנד,2016,גידולים,נשים,212.4
הולנד,2017,גידולים,נשים,204.4
הולנד,2018,גידולים,נשים,196.7
הולנד,2019,גידולים,נשים,192.7
הולנד,2020,גידולים,נשים,194.5
הולנד,2021,גידולים,נשים,195.8
הולנד,2022,גידולים,נשים,193.6
הולנד,2023,גידולים,נשים,188.6
הולנד,2024,גידולים,נשים,187.1
הולנד,2000,גידולים,סך הכול,288.7
הולנד,2001,גידולים,סך הכול,285.2
הולנד,2002,גידולים,סך הכול,285.7
הולנד,2003,גידולים,סך הכול,282.5
הולנד,2004,גידולים,סך הכול,280.5
הולנד,2005,גידולים,סך הכול,276.6
הולנד,2006,גידולים,סך הכול,272.3
הולנד,2007,גידולים,סך הכול,268.9
הולנד,2008,גידולים,סך הכול,269.4
הולנד,2009,גידולים,סך הכול,267
הולנד,2010,גידולים,סך הכול,268.3
הולנד,2011,גידולים,סך הכול,265.4
הולנד,2012,גידולים,סך הכול,263.1
הולנד,2013,גידולים,סך הכול,254.4
הולנד,2014,גידולים,סך הכול,252.5
הולנד,2015,גידולים,סך הכול,252.1
הולנד,2016,גידולים,סך הכול,253.7
הולנד,2017,גידולים,סך הכול,245.5
הולנד,2018,גידולים,סך הכול,232.6
הולנד,2019,גידולים,סך הכול,226
הולנד,2020,גידולים,סך הכול,226.9
הולנד,2021,גידולים,סך הכול,228.9
הולנד,2022,גידולים,סך הכול,226.2
הולנד,2023,גידולים,סך הכול,220.3
הולנד,2024,גידולים,סך הכול,217.1
הולנד,2000,מחלות זיהומיות,גברים,14.8
הולנד,2001,מחלות זיהומיות,גברים,14
הולנד,2002,מחלות זיהומיות,גברים,15.5
הולנד,2003,מחלות זיהומיות,גברים,16.1
הולנד,2004,מחלות זיהומיות,גברים,15.5
הולנד,2005,מחלות זיהומיות,גברים,15.1
הולנד,2006,מחלות זיהומיות,גברים,16
הולנד,2007,מחלות זיהומיות,גברים,15
הולנד,2008,מחלות זיהומיות,גברים,16
הולנד,2009,מחלות זיהומיות,גברים,15.8
הולנד,2010,מחלות זיהומיות,גברים,16.1
הולנד,2011,מחלות זיהומיות,גברים,14.7
הולנד,2012,מחלות זיהומיות,גברים,16.4
הולנד,2013,מחלות זיהומיות,גברים,23
הולנד,2014,מחלות זיהומיות,גברים,21.3
הולנד,2015,מחלות זיהומיות,גברים,23.7
הולנד,2016,מחלות זיהומיות,גברים,19.8
הולנד,2017,מחלות זיהומיות,גברים,19
הולנד,2018,מחלות זיהומיות,גברים,18.6
הולנד,2019,מחלות זיהומיות,גברים,18.4
הולנד,2020,מחלות זיהומיות,גברים,16.1
הולנד,2021,מחלות זיהומיות,גברים,16.3
הולנד,2022,מחלות זיהומיות,גברים,16.7
הולנד,2023,מחלות זיהומיות,גברים,19.9
הולנד,2024,מחלות זיהומיות,גברים,21.3
הולנד,2000,מחלות זיהומיות,נשים,10.4
הולנד,2001,מחלות זיהומיות,נשים,10.7
הולנד,2002,מחלות זיהומיות,נשים,10.9
הולנד,2003,מחלות זיהומיות,נשים,12.2
הולנד,2004,מחלות זיהומיות,נשים,11.7
הולנד,2005,מחלות זיהומיות,נשים,11.4
הולנד,2006,מחלות זיהומיות,נשים,11.7
הולנד,2007,מחלות זיהומיות,נשים,10.8
הולנד,2008,מחלות זיהומיות,נשים,11.7
הולנד,2009,מחלות זיהומיות,נשים,11.1
הולנד,2010,מחלות זיהומיות,נשים,11.4
הולנד,2011,מחלות זיהומיות,נשים,11.7
הולנד,2012,מחלות זיהומיות,נשים,11.4
הולנד,2013,מחלות זיהומיות,נשים,16.1
הולנד,2014,מחלות זיהומיות,נשים,15.6
הולנד,2015,מחלות זיהומיות,נשים,17
הולנד,2016,מחלות זיהומיות,נשים,14.8
הולנד,2017,מחלות זיהומיות,נשים,15.2
הולנד,2018,מחלות זיהומיות,נשים,14.9
הולנד,2019,מחלות זיהומיות,נשים,13.6
הולנד,2020,מחלות זיהומיות,נשים,13
הולנד,2021,מחלות זיהומיות,נשים,13.6
הולנד,2022,מחלות זיהומיות,נשים,13.8
הולנד,2023,מחלות זיהומיות,נשים,17.3
הולנד,2024,מחלות זיהומיות,נשים,17.7
הולנד,2000,מחלות זיהומיות,סך הכול,12.2
הולנד,2001,מחלות זיהומיות,סך הכול,12.1
הולנד,2002,מחלות זיהומיות,סך הכול,12.8
הולנד,2003,מחלות זיהומיות,סך הכול,13.8
הולנד,2004,מחלות זיהומיות,סך הכול,13.4
הולנד,2005,מחלות זיהומיות,סך הכול,12.9
הולנד,2006,מחלות זיהומיות,סך הכול,13.4
הולנד,2007,מחלות זיהומיות,סך הכול,12.6
הולנד,2008,מחלות זיהומיות,סך הכול,13.4
הולנד,2009,מחלות זיהומיות,סך הכול,13.1
הולנד,2010,מחלות זיהומיות,סך הכול,13.3
הולנד,2011,מחלות זיהומיות,סך הכול,13
הולנד,2012,מחלות זיהומיות,סך הכול,13.5
הולנד,2013,מחלות זיהומיות,סך הכול,18.9
הולנד,2014,מחלות זיהומיות,סך הכול,18
הולנד,2015,מחלות זיהומיות,סך הכול,19.7
הולנד,2016,מחלות זיהומיות,סך הכול,16.9
הולנד,2017,מחלות זיהומיות,סך הכול,16.9
הולנד,2018,מחלות זיהומיות,סך הכול,16.6
הולנד,2019,מחלות זיהומיות,סך הכול,15.6
הולנד,2020,מחלות זיהומיות,סך הכול,14.5
הולנד,2021,מחלות זיהומיות,סך הכול,14.8
הולנד,2022,מחלות זיהומיות,סך הכול,15.2
הולנד,2023,מחלות זיהומיות,סך הכול,18.5
הולנד,2024,מחלות זיהומיות,סך הכול,19.4
הולנד,2000,מחלות כלי דם במוח,גברים,102.7
הולנד,2001,מחלות כלי דם במוח,גברים,98.8
הולנד,2002,מחלות כלי דם במוח,גברים,101.4
הולנד,2003,מחלות כלי דם במוח,גברים,92.8
הולנד,2004,מחלות כלי דם במוח,גברים,87.7
הולנד,2005,מחלות כלי דם במוח,גברים,79.8
הולנד,2006,מחלות כלי דם במוח,גברים,74.5
הולנד,2007,מחלות כלי דם במוח,גברים,68.5
הולנד,2008,מחלות כלי דם במוח,גברים,64.3
הולנד,2009,מחלות כלי דם במוח,גברים,59.6
הולנד,2010,מחלות כלי דם במוח,גברים,57.7
הולנד,2011,מחלות כלי דם במוח,גברים,53.7
הולנד,2012,מחלות כלי דם במוח,גברים,51.7
הולנד,2013,מחלות כלי דם במוח,גברים,56.9
הולנד,2014,מחלות כלי דם במוח,גברים,54.8
הולנד,2015,מחלות כלי דם במוח,גברים,56.8
הולנד,2016,מחלות כלי דם במוח,גברים,54.4
הולנד,2017,מחלות כלי דם במוח,גברים,50.5
הולנד,2018,מחלות כלי דם במוח,גברים,46.4
הולנד,2019,מחלות כלי דם במוח,גברים,46.1
הולנד,2020,מחלות כלי דם במוח,גברים,43.9
הולנד,2021,מחלות כלי דם במוח,גברים,45.4
הולנד,2022,מחלות כלי דם במוח,גברים,45
הולנד,2023,מחלות כלי דם במוח,גברים,44.8
הולנד,2024,מחלות כלי דם במוח,גברים,43.1
הולנד,2000,מחלות כלי דם במוח,נשים,91.3
הולנד,2001,מחלות כלי דם במוח,נשים,87.5
הולנד,2002,מחלות כלי דם במוח,נשים,87.9
הולנד,2003,מחלות כלי דם במוח,נשים,82
הולנד,2004,מחלות כלי דם במוח,נשים,77.4
הולנד,2005,מחלות כלי דם במוח,נשים,71.6
הולנד,2006,מחלות כלי דם במוח,נשים,66.6
הולנד,2007,מחלות כלי דם במוח,נשים,62.3
הולנד,2008,מחלות כלי דם במוח,נשים,59.4
הולנד,2009,מחלות כלי דם במוח,נשים,57.7
הולנד,2010,מחלות כלי דם במוח,נשים,54.7
הולנד,2011,מחלות כלי דם במוח,נשים,51
הולנד,2012,מחלות כלי דם במוח,נשים,50.6
הולנד,2013,מחלות כלי דם במוח,נשים,54.1
הולנד,2014,מחלות כלי דם במוח,נשים,52.8
הולנד,2015,מחלות כלי דם במוח,נשים,52
הולנד,2016,מחלות כלי דם במוח,נשים,50.5
הולנד,2017,מחלות כלי דם במוח,נשים,48.3
הולנד,2018,מחלות כלי דם במוח,נשים,44.8
הולנד,2019,מחלות כלי דם במוח,נשים,41.4
הולנד,2020,מחלות כלי דם במוח,נשים,41.4
הולנד,2021,מחלות כלי דם במוח,נשים,43.2
הולנד,2022,מחלות כלי דם במוח,נשים,43.6
הולנד,2023,מחלות כלי דם במוח,נשים,42.2
הולנד,2024,מחלות כלי דם במוח,נשים,42.8
הולנד,2000,מחלות כלי דם במוח,סך הכול,96.6
הולנד,2001,מחלות כלי דם במוח,סך הכול,92.8
הולנד,2002,מחלות כלי דם במוח,סך הכול,93.9
הולנד,2003,מחלות כלי דם במוח,סך הכול,87.2
הולנד,2004,מחלות כלי דם במוח,סך הכול,82.1
הולנד,2005,מחלות כלי דם במוח,סך הכול,75.5
הולנד,2006,מחלות כלי דם במוח,סך הכול,70.4
הולנד,2007,מחלות כלי דם במוח,סך הכול,65.3
הולנד,2008,מחלות כלי דם במוח,סך הכול,62.2
הולנד,2009,מחלות כלי דם במוח,סך הכול,59.1
הולנד,2010,מחלות כלי דם במוח,סך הכול,56.7
הולנד,2011,מחלות כלי דם במוח,סך הכול,52.8
הולנד,2012,מחלות כלי דם במוח,סך הכול,51.7
הולנד,2013,מחלות כלי דם במוח,סך הכול,56
הולנד,2014,מחלות כלי דם במוח,סך הכול,54.3
הולנד,2015,מחלות כלי דם במוח,סך הכול,54.5
הולנד,2016,מחלות כלי דם במוח,סך הכול,52.7
הולנד,2017,מחלות כלי דם במוח,סך הכול,49.7
הולנד,2018,מחלות כלי דם במוח,סך הכול,45.9
הולנד,2019,מחלות כלי דם במוח,סך הכול,43.8
הולנד,2020,מחלות כלי דם במוח,סך הכול,42.9
הולנד,2021,מחלות כלי דם במוח,סך הכול,44.5
הולנד,2022,מחלות כלי דם במוח,סך הכול,44.6
הולנד,2023,מחלות כלי דם במוח,סך הכול,43.8
הולנד,2024,מחלות כלי דם במוח,סך הכול,43.3
הולנד,2000,מחלות לב איסכמיות,גברים,192.9
הולנד,2001,מחלות לב איסכמיות,גברים,183.1
הולנד,2002,מחלות לב איסכמיות,גברים,171.1
הולנד,2003,מחלות לב איסכמיות,גברים,165.6
הולנד,2004,מחלות לב איסכמיות,גברים,146.8
הולנד,2005,מחלות לב איסכמיות,גברים,136.6
הולנד,2006,מחלות לב איסכמיות,גברים,126
הולנד,2007,מחלות לב איסכמיות,גברים,116.2
הולנד,2008,מחלות לב איסכמיות,גברים,108.1
הולנד,2009,מחלות לב איסכמיות,גברים,99.6
הולנד,2010,מחלות לב איסכמיות,גברים,94.8
הולנד,2011,מחלות לב איסכמיות,גברים,87.4
הולנד,2012,מחלות לב איסכמיות,גברים,84.1
הולנד,2013,מחלות לב איסכמיות,גברים,76.5
הולנד,2014,מחלות לב איסכמיות,גברים,72.2
הולנד,2015,מחלות לב איסכמיות,גברים,71.6
הולנד,2016,מחלות לב איסכמיות,גברים,67.1
הולנד,2017,מחלות לב איסכמיות,גברים,63.3
הולנד,2018,מחלות לב איסכמיות,גברים,59.9
הולנד,2019,מחלות לב איסכמיות,גברים,55.5
הולנד,2020,מחלות לב איסכמיות,גברים,55.1
הולנד,2021,מחלות לב איסכמיות,גברים,57.1
הולנד,2022,מחלות לב איסכמיות,גברים,56.1
הולנד,2023,מחלות לב איסכמיות,גברים,53.7
הולנד,2024,מחלות לב איסכמיות,גברים,51.3
הולנד,2000,מחלות לב איסכמיות,נשים,92.7
הולנד,2001,מחלות לב איסכמיות,נשים,87.4
הולנד,2002,מחלות לב איסכמיות,נשים,84.2
הולנד,2003,מחלות לב איסכמיות,נשים,78.8
הולנד,2004,מחלות לב איסכמיות,נשים,71.6
הולנד,2005,מחלות לב איסכמיות,נשים,65.6
הולנד,2006,מחלות לב איסכמיות,נשים,59.6
הולנד,2007,מחלות לב איסכמיות,נשים,56.4
הולנד,2008,מחלות לב איסכמיות,נשים,52.8
הולנד,2009,מחלות לב איסכמיות,נשים,47.1
הולנד,2010,מחלות לב איסכמיות,נשים,45.1
הולנד,2011,מחלות לב איסכמיות,נשים,41.9
הולנד,2012,מחלות לב איסכמיות,נשים,39.8
הולנד,2013,מחלות לב איסכמיות,נשים,37.9
הולנד,2014,מחלות לב איסכמיות,נשים,35.4
הולנד,2015,מחלות לב איסכמיות,נשים,34.5
הולנד,2016,מחלות לב איסכמיות,נשים,32.7
הולנד,2017,מחלות לב איסכמיות,נשים,30.1
הולנד,2018,מחלות לב איסכמיות,נשים,27.9
הולנד,2019,מחלות לב איסכמיות,נשים,26.2
הולנד,2020,מחלות לב איסכמיות,נשים,25.6
הולנד,2021,מחלות לב איסכמיות,נשים,25.7
הולנד,2022,מחלות לב איסכמיות,נשים,27
הולנד,2023,מחלות לב איסכמיות,נשים,25.6
הולנד,2024,מחלות לב איסכמיות,נשים,24.3
הולנד,2000,מחלות לב איסכמיות,סך הכול,133.6
הולנד,2001,מחלות לב איסכמיות,סך הכול,125.7
הולנד,2002,מחלות לב איסכמיות,סך הכול,119.1
הולנד,2003,מחלות לב איסכמיות,סך הכול,114.2
הולנד,2004,מחלות לב איסכמיות,סך הכול,102
הולנד,2005,מחלות לב איסכמיות,סך הכול,94.6
הולנד,2006,מחלות לב איסכמיות,סך הכול,86.8
הולנד,2007,מחלות לב איסכמיות,סך הכול,80.7
הולנד,2008,מחלות לב איסכמיות,סך הכול,75.5
הולנד,2009,מחלות לב איסכמיות,סך הכול,68.9
הולנד,2010,מחלות לב איסכמיות,סך הכול,65.6
הולנד,2011,מחלות לב איסכמיות,סך הכול,60.9
הולנד,2012,מחלות לב איסכמיות,סך הכול,58.5
הולנד,2013,מחלות לב איסכמיות,סך הכול,54.5
הולנד,2014,מחלות לב איסכמיות,סך הכול,51
הולנד,2015,מחלות לב איסכמיות,סך הכול,50.4
הולנד,2016,מחלות לב איסכמיות,סך הכול,47.4
הולנד,2017,מחלות לב איסכמיות,סך הכול,44.6
הולנד,2018,מחלות לב איסכמיות,סך הכול,42.1
הולנד,2019,מחלות לב איסכמיות,סך הכול,39.2
הולנד,2020,מחלות לב איסכמיות,סך הכול,38.8
הולנד,2021,מחלות לב איסכמיות,סך הכול,39.6
הולנד,2022,מחלות לב איסכמיות,סך הכול,40
הולנד,2023,מחלות לב איסכמיות,סך הכול,38.2
הולנד,2024,מחלות לב איסכמיות,סך הכול,36.5
הולנד,2000,מחלות מערכת הדם,גברים,488
הולנד,2001,מחלות מערכת הדם,גברים,466.1
הולנד,2002,מחלות מערכת הדם,גברים,460.3
הולנד,2003,מחלות מערכת הדם,גברים,446.3
הולנד,2004,מחלות מערכת הדם,גברים,415.2
הולנד,2005,מחלות מערכת הדם,גברים,393.4
הולנד,2006,מחלות מערכת הדם,גברים,365.8
הולנד,2007,מחלות מערכת הדם,גברים,347.5
הולנד,2008,מחלות מערכת הדם,גברים,327.1
הולנד,2009,מחלות מערכת הדם,גברים,310.5
הולנד,2010,מחלות מערכת הדם,גברים,301.1
הולנד,2011,מחלות מערכת הדם,גברים,285.6
הולנד,2012,מחלות מערכת הדם,גברים,279.2
הולנד,2013,מחלות מערכת הדם,גברים,270.9
הולנד,2014,מחלות מערכת הדם,גברים,258.4
הולנד,2015,מחלות מערכת הדם,גברים,261.9
הולנד,2016,מחלות מערכת הדם,גברים,249.3
הולנד,2017,מחלות מערכת הדם,גברים,240
הולנד,2018,מחלות מערכת הדם,גברים,220.3
הולנד,2019,מחלות מערכת הדם,גברים,200.9
הולנד,2020,מחלות מערכת הדם,גברים,199.6
הולנד,2021,מחלות מערכת הדם,גברים,208.5
הולנד,2022,מחלות מערכת הדם,גברים,209.1
הולנד,2023,מחלות מערכת הדם,גברים,207.7
הולנד,2024,מחלות מערכת הדם,גברים,198
הולנד,2000,מחלות מערכת הדם,נשים,313.1
הולנד,2001,מחלות מערכת הדם,נשים,299.9
הולנד,2002,מחלות מערכת הדם,נשים,298.7
הולנד,2003,מחלות מערכת הדם,נשים,286.9
הולנד,2004,מחלות מערכת הדם,נשים,271
הולנד,2005,מחלות מערכת הדם,נשים,257.6
הולנד,2006,מחלות מערכת הדם,נשים,243.6
הולנד,2007,מחלות מערכת הדם,נשים,234.6
הולנד,2008,מחלות מערכת הדם,נשים,226.9
הולנד,2009,מחלות מערכת הדם,נשים,213.7
הולנד,2010,מחלות מערכת הדם,נשים,210.4
הולנד,2011,מחלות מערכת הדם,נשים,200.9
הולנד,2012,מחלות מערכת הדם,נשים,197.9
הולנד,2013,מחלות מערכת הדם,נשים,194.8
הולנד,2014,מחלות מערכת הדם,נשים,188.9
הולנד,2015,מחלות מערכת הדם,נשים,190.6
הולנד,2016,מחלות מערכת הדם,נשים,184.8
הולנד,2017,מחלות מערכת הדם,נשים,177.5
הולנד,2018,מחלות מערכת הדם,נשים,161.7
הולנד,2019,מחלות מערכת הדם,נשים,145.1
הולנד,2020,מחלות מערכת הדם,נשים,146.5
הולנד,2021,מחלות מערכת הדם,נשים,152.9
הולנד,2022,מחלות מערכת הדם,נשים,158.1
הולנד,2023,מחלות מערכת הדם,נשים,152
הולנד,2024,מחלות מערכת הדם,נשים,147.8
הולנד,2000,מחלות מערכת הדם,סך הכול,384.8
הולנד,2001,מחלות מערכת הדם,סך הכול,367.6
הולנד,2002,מחלות מערכת הדם,סך הכול,364.7
הולנד,2003,מחלות מערכת הדם,סך הכול,352.4
הולנד,2004,מחלות מערכת הדם,סך הכול,330
הולנד,2005,מחלות מערכת הדם,סך הכול,313.7
הולנד,2006,מחלות מערכת הדם,סך הכול,295.1
הולנד,2007,מחלות מערכת הדם,סך הכול,281.7
הולנד,2008,מחלות מערכת הדם,סך הכול,270
הולנד,2009,מחלות מערכת הדם,סך הכול,254.9
הולנד,2010,מחלות מערכת הדם,סך הכול,249.4
הולנד,2011,מחלות מערכת הדם,סך הכול,237.6
הולנד,2012,מחלות מערכת הדם,סך הכול,233.3
הולנד,2013,מחלות מערכת הדם,סך הכול,228.6
הולנד,2014,מחלות מערכת הדם,סך הכול,219.7
הולנד,2015,מחלות מערכת הדם,סך הכול,222.5
הולנד,2016,מחלות מערכת הדם,סך הכול,213.9
הולנד,2017,מחלות מערכת הדם,סך הכול,205.6
הולנד,2018,מחלות מערכת הדם,סך הכול,188.7
הולנד,2019,מחלות מערכת הדם,סך הכול,170.4
הולנד,2020,מחלות מערכת הדם,סך הכול,171.2
הולנד,2021,מחלות מערכת הדם,סך הכול,178.2
הולנד,2022,מחלות מערכת הדם,סך הכול,181.8
הולנד,2023,מחלות מערכת הדם,סך הכול,177.5
הולנד,2024,מחלות מערכת הדם,סך הכול,171
הולנד,2000,מחלות מערכת הנשימה,גברים,178.4
הולנד,2001,מחלות מערכת הנשימה,גברים,159.3
הולנד,2002,מחלות מערכת הנשימה,גברים,158.7
הולנד,2003,מחלות מערכת הנשימה,גברים,162
הולנד,2004,מחלות מערכת הנשימה,גברים,141.4
הולנד,2005,מחלות מערכת הנשימה,גברים,151.9
הולנד,2006,מחלות מערכת הנשימה,גברים,142.2
הולנד,2007,מחלות מערכת הנשימה,גברים,138.3
הולנד,2008,מחלות מערכת הנשימה,גברים,132.9
הולנד,2009,מחלות מערכת הנשימה,גברים,130.2
הולנד,2010,מחלות מערכת הנשימה,גברים,116
הולנד,2011,מחלות מערכת הנשימה,גברים,113
הולנד,2012,מחלות מערכת הנשימה,גברים,120.7
הולנד,2013,מחלות מערכת הנשימה,גברים,99.1
הולנד,2014,מחלות מערכת הנשימה,גברים,81.2
הולנד,2015,מחלות מערכת הנשימה,גברים,91.7
הולנד,2016,מחלות מערכת הנשימה,גברים,84.1
הולנד,2017,מחלות מערכת הנשימה,גברים,85.2
הולנד,2018,מחלות מערכת הנשימה,גברים,82.3
הולנד,2019,מחלות מערכת הנשימה,גברים,71.9
הולנד,2020,מחלות מערכת הנשימה,גברים,62.1
הולנד,2021,מחלות מערכת הנשימה,גברים,61
הולנד,2022,מחלות מערכת הנשימה,גברים,70.9
הולנד,2023,מחלות מערכת הנשימה,גברים,74.7
הולנד,2024,מחלות מערכת הנשימה,גברים,78.4
הולנד,2000,מחלות מערכת הנשימה,נשים,85.4
הולנד,2001,מחלות מערכת הנשימה,נשים,76.1
הולנד,2002,מחלות מערכת הנשימה,נשים,76.2
הולנד,2003,מחלות מערכת הנשימה,נשים,81.5
הולנד,2004,מחלות מערכת הנשימה,נשים,71.7
הולנד,2005,מחלות מערכת הנשימה,נשים,80.4
הולנד,2006,מחלות מערכת הנשימה,נשים,75.1
הולנד,2007,מחלות מערכת הנשימה,נשים,70.6
הולנד,2008,מחלות מערכת הנשימה,נשים,72
הולנד,2009,מחלות מערכת הנשימה,נשים,71
הולנד,2010,מחלות מערכת הנשימה,נשים,65.2
הולנד,2011,מחלות מערכת הנשימה,נשים,66.4
הולנד,2012,מחלות מערכת הנשימה,נשים,70.1
הולנד,2013,מחלות מערכת הנשימה,נשים,57.9
הולנד,2014,מחלות מערכת הנשימה,נשים,48.6
הולנד,2015,מחלות מערכת הנשימה,נשים,59.8
הולנד,2016,מחלות מערכת הנשימה,נשים,55.1
הולנד,2017,מחלות מערכת הנשימה,נשים,59.9
הולנד,2018,מחלות מערכת הנשימה,נשים,61.8
הולנד,2019,מחלות מערכת הנשימה,נשים,51.3
הולנד,2020,מחלות מערכת הנשימה,נשים,42.6
הולנד,2021,מחלות מערכת הנשימה,נשים,41.9
הולנד,2022,מחלות מערכת הנשימה,נשים,56.4
הולנד,2023,מחלות מערכת הנשימה,נשים,59.5
הולנד,2024,מחלות מערכת הנשימה,נשים,63.7
הולנד,2000,מחלות מערכת הנשימה,סך הכול,116.9
הולנד,2001,מחלות מערכת הנשימה,סך הכול,104.6
הולנד,2002,מחלות מערכת הנשימה,סך הכול,104.3
הולנד,2003,מחלות מערכת הנשימה,סך הכול,108.6
הולנד,2004,מחלות מערכת הנשימה,סך הכול,95.6
הולנד,2005,מחלות מערכת הנשימה,סך הכול,105
הולנד,2006,מחלות מערכת הנשימה,סך הכול,98.1
הולנד,2007,מחלות מערכת הנשימה,סך הכול,94
הולנד,2008,מחלות מערכת הנשימה,סך הכול,93.3
הולנד,2009,מחלות מערכת הנשימה,סך הכול,92
הולנד,2010,מחלות מערכת הנשימה,סך הכול,83.5
הולנד,2011,מחלות מערכת הנשימה,סך הכול,83.1
הולנד,2012,מחלות מערכת הנשימה,סך הכול,88.2
הולנד,2013,מחלות מערכת הנשימה,סך הכול,72.9
הולנד,2014,מחלות מערכת הנשימה,סך הכול,60.5
הולנד,2015,מחלות מערכת הנשימה,סך הכול,71.6
הולנד,2016,מחלות מערכת הנשימה,סך הכול,65.9
הולנד,2017,מחלות מערכת הנשימה,סך הכול,69.6
הולנד,2018,מחלות מערכת הנשימה,סך הכול,69.8
הולנד,2019,מחלות מערכת הנשימה,סך הכול,59.3
הולנד,2020,מחלות מערכת הנשימה,סך הכול,50.5
הולנד,2021,מחלות מערכת הנשימה,סך הכול,49.4
הולנד,2022,מחלות מערכת הנשימה,סך הכול,62
הולנד,2023,מחלות מערכת הנשימה,סך הכול,65.7
הולנד,2024,מחלות מערכת הנשימה,סך הכול,69.7
הולנד,2000,נפילות,גברים,6.6
הולנד,2001,נפילות,גברים,8.3
הולנד,2002,נפילות,גברים,8
הולנד,2003,נפילות,גברים,9.1
הולנד,2004,נפילות,גברים,10.3
הולנד,2005,נפילות,גברים,10
הולנד,2006,נפילות,גברים,11
הולנד,2007,נפילות,גברים,11.3
הולנד,2008,נפילות,גברים,11
הולנד,2009,נפילות,גברים,12
הולנד,2010,נפילות,גברים,12.5
הולנד,2011,נפילות,גברים,12.3
הולנד,2012,נפילות,גברים,13.8
הולנד,2013,נפילות,גברים,15.4
הולנד,2014,נפילות,גברים,15.8
הולנד,2015,נפילות,גברים,18.1
הולנד,2016,נפילות,גברים,20.2
הולנד,2017,נפילות,גברים,20.1
הולנד,2018,נפילות,גברים,21.5
הולנד,2019,נפילות,גברים,19.9
הולנד,2020,נפילות,גברים,21.7
הולנד,2021,נפילות,גברים,22.2
הולנד,2022,נפילות,גברים,25.4
הולנד,2023,נפילות,גברים,27.4
הולנד,2024,נפילות,גברים,28
הולנד,2000,נפילות,נשים,5.1
הולנד,2001,נפילות,נשים,6
הולנד,2002,נפילות,נשים,6.1
הולנד,2003,נפילות,נשים,7.2
הולנד,2004,נפילות,נשים,6.9
הולנד,2005,נפילות,נשים,7.7
הולנד,2006,נפילות,נשים,7.7
הולנד,2007,נפילות,נשים,7.9
הולנד,2008,נפילות,נשים,8.3
הולנד,2009,נפילות,נשים,8.9
הולנד,2010,נפילות,נשים,9
הולנד,2011,נפילות,נשים,9.4
הולנד,2012,נפילות,נשים,11.5
הולנד,2013,נפילות,נשים,11.5
הולנד,2014,נפילות,נשים,12.8
הולנד,2015,נפילות,נשים,14.8
הולנד,2016,נפילות,נשים,17
הולנד,2017,נפילות,נשים,17.7
הולנד,2018,נפילות,נשים,19.1
הולנד,2019,נפילות,נשים,18.7
הולנד,2020,נפילות,נשים,22.5
הולנד,2021,נפילות,נשים,24.2
הולנד,2022,נפילות,נשים,26.9
הולנד,2023,נפילות,נשים,30.5
הולנד,2024,נפילות,נשים,31.9
הולנד,2000,נפילות,סך הכול,5.7
הולנד,2001,נפילות,סך הכול,7
הולנד,2002,נפילות,סך הכול,6.9
הולנד,2003,נפילות,סך הכול,8.1
הולנד,2004,נפילות,סך הכול,8.2
הולנד,2005,נפילות,סך הכול,8.6
הולנד,2006,נפילות,סך הכול,9
הולנד,2007,נפילות,סך הכול,9.3
הולנד,2008,נפילות,סך הכול,9.3
הולנד,2009,נפילות,סך הכול,10.2
הולנד,2010,נפילות,סך הכול,10.5
הולנד,2011,נפילות,סך הכול,10.6
הולנד,2012,נפילות,סך הכול,12.5
הולנד,2013,נפילות,סך הכול,13.1
הולנד,2014,נפילות,סך הכול,14.1
הולנד,2015,נפילות,סך הכול,16.2
הולנד,2016,נפילות,סך הכול,18.4
הולנד,2017,נפילות,סך הכול,18.8
הולנד,2018,נפילות,סך הכול,20.3
הולנד,2019,נפילות,סך הכול,19.4
הולנד,2020,נפילות,סך הכול,22.5
הולנד,2021,נפילות,סך הכול,23.7
הולנד,2022,נפילות,סך הכול,26.6
הולנד,2023,נפילות,סך הכול,29.6
הולנד,2024,נפילות,סך הכול,30.6
הולנד,2000,סוכרת,גברים,26.3
הולנד,2001,סוכרת,גברים,34.5
הולנד,2002,סוכרת,גברים,32.1
הולנד,2003,סוכרת,גברים,29.1
הולנד,2004,סוכרת,גברים,29.4
הולנד,2005,סוכרת,גברים,28.7
הולנד,2006,סוכרת,גברים,26.8
הולנד,2007,סוכרת,גברים,24.7
הולנד,2008,סוכרת,גברים,23.6
הולנד,2009,סוכרת,גברים,21.4
הולנד,2010,סוכרת,גברים,21.8
הולנד,2011,סוכרת,גברים,18.5
הולנד,2012,סוכרת,גברים,19.6
הולנד,2013,סוכרת,גברים,19.1
הולנד,2014,סוכרת,גברים,17.3
הולנד,2015,סוכרת,גברים,17.8
הולנד,2016,סוכרת,גברים,18.2
הולנד,2017,סוכרת,גברים,16.7
הולנד,2018,סוכרת,גברים,15.7
הולנד,2019,סוכרת,גברים,15.1
הולנד,2020,סוכרת,גברים,16.2
הולנד,2021,סוכרת,גברים,17.4
הולנד,2022,סוכרת,גברים,16.8
הולנד,2023,סוכרת,גברים,16.1
הולנד,2024,סוכרת,גברים,14.7
הולנד,2000,סוכרת,נשים,25
הולנד,2001,סוכרת,נשים,30.6
הולנד,2002,סוכרת,נשים,29.2
הולנד,2003,סוכרת,נשים,26.9
הולנד,2004,סוכרת,נשים,25.6
הולנד,2005,סוכרת,נשים,24.8
הולנד,2006,סוכרת,נשים,22.4
הולנד,2007,סוכרת,נשים,20.1
הולנד,2008,סוכרת,נשים,19
הולנד,2009,סוכרת,נשים,17.9
הולנד,2010,סוכרת,נשים,16.7
הולנד,2011,סוכרת,נשים,15.5
הולנד,2012,סוכרת,נשים,14.7
הולנד,2013,סוכרת,נשים,15.3
הולנד,2014,סוכרת,נשים,14.5
הולנד,2015,סוכרת,נשים,14.1
הולנד,2016,סוכרת,נשים,13.8
הולנד,2017,סוכרת,נשים,13.1
הולנד,2018,סוכרת,נשים,11.2
הולנד,2019,סוכרת,נשים,11.1
הולנד,2020,סוכרת,נשים,11.3
הולנד,2021,סוכרת,נשים,10.9
הולנד,2022,סוכרת,נשים,11.7
הולנד,2023,סוכרת,נשים,10.7
הולנד,2024,סוכרת,נשים,9.9
הולנד,2000,סוכרת,סך הכול,26.1
הולנד,2001,סוכרת,סך הכול,32.8
הולנד,2002,סוכרת,סך הכול,30.9
הולנד,2003,סוכרת,סך הכול,28.3
הולנד,2004,סוכרת,סך הכול,27.6
הולנד,2005,סוכרת,סך הכול,27
הולנד,2006,סוכרת,סך הכול,24.6
הולנד,2007,סוכרת,סך הכול,22.4
הולנד,2008,סוכרת,סך הכול,21.3
הולנד,2009,סוכרת,סך הכול,19.8
הולנד,2010,סוכרת,סך הכול,19
הולנד,2011,סוכרת,סך הכול,17
הולנד,2012,סוכרת,סך הכול,17
הולנד,2013,סוכרת,סך הכול,17.1
הולנד,2014,סוכרת,סך הכול,15.9
הולנד,2015,סוכרת,סך הכול,15.9
הולנד,2016,סוכרת,סך הכול,15.9
הולנד,2017,סוכרת,סך הכול,14.9
הולנד,2018,סוכרת,סך הכול,13.4
הולנד,2019,סוכרת,סך הכול,13
הולנד,2020,סוכרת,סך הכול,13.6
הולנד,2021,סוכרת,סך הכול,13.9
הולנד,2022,סוכרת,סך הכול,14.1
הולנד,2023,סוכרת,סך הכול,13.3
הולנד,2024,סוכרת,סך הכול,12.2
הולנד,2020,קורונה,גברים,125
הולנד,2021,קורונה,גברים,126.2
הולנד,2022,קורונה,גברים,52.7
הולנד,2023,קורונה,גברים,19.4
הולנד,2024,קורונה,גברים,7.7
הולנד,2020,קורונה,נשים,77
הולנד,2021,קורונה,נשים,74.4
הולנד,2022,קורונה,נשים,31
הולנד,2023,קורונה,נשים,11
הולנד,2024,קורונה,נשים,4
הולנד,2020,קורונה,סך הכול,97.5
הולנד,2021,קורונה,סך הכול,96.4
הולנד,2022,קורונה,סך הכול,40
הולנד,2023,קורונה,סך הכול,14.5
הולנד,2024,קורונה,סך הכול,5.6
הולנד,2000,שפעת,גברים,3.1
הולנד,2001,שפעת,גברים,0.5
הולנד,2002,שפעת,גברים,1.2
הולנד,2003,שפעת,גברים,1.2
הולנד,2004,שפעת,גברים,1.2
הולנד,2005,שפעת,גברים,2.5
הולנד,2006,שפעת,גברים,0.7
הולנד,2007,שפעת,גברים,0.4
הולנד,2008,שפעת,גברים,0.4
הולנד,2009,שפעת,גברים,0.8
הולנד,2010,שפעת,גברים,0.2
הולנד,2011,שפעת,גברים,0.3
הולנד,2012,שפעת,גברים,0.9
הולנד,2013,שפעת,גברים,1.4
הולנד,2014,שפעת,גברים,0.3
הולנד,2015,שפעת,גברים,2.1
הולנד,2016,שפעת,גברים,2
הולנד,2017,שפעת,גברים,2.8
הולנד,2018,שפעת,גברים,6.3
הולנד,2019,שפעת,גברים,2.6
הולנד,2020,שפעת,גברים,1.5
הולנד,2021,שפעת,גברים,0.1
הולנד,2022,שפעת,גברים,2.8
הולנד,2023,שפעת,גברים,3.1
הולנד,2024,שפעת,גברים,4.2
הולנד,2000,שפעת,נשים,3
הולנד,2001,שפעת,נשים,0.6
הולנד,2002,שפעת,נשים,1.1
הולנד,2003,שפעת,נשים,1.3
הולנד,2004,שפעת,נשים,0.9
הולנד,2005,שפעת,נשים,2.4
הולנד,2006,שפעת,נשים,0.6
הולנד,2007,שפעת,נשים,0.6
הולנד,2008,שפעת,נשים,0.3
הולנד,2009,שפעת,נשים,0.8
הולנד,2010,שפעת,נשים,0.1
הולנד,2011,שפעת,נשים,0.3
הולנד,2012,שפעת,נשים,0.9
הולנד,2013,שפעת,נשים,1.6
הולנד,2014,שפעת,נשים,0.4
הולנד,2015,שפעת,נשים,2.1
הולנד,2016,שפעת,נשים,1.8
הולנד,2017,שפעת,נשים,2.6
הולנד,2018,שפעת,נשים,5.8
הולנד,2019,שפעת,נשים,2.5
הולנד,2020,שפעת,נשים,1.3
הולנד,2021,שפעת,נשים,0.1
הולנד,2022,שפעת,נשים,3
הולנד,2023,שפעת,נשים,2.8
הולנד,2024,שפעת,נשים,3.8
הולנד,2000,שפעת,סך הכול,3
הולנד,2001,שפעת,סך הכול,0.5
הולנד,2002,שפעת,סך הכול,1.2
הולנד,2003,שפעת,סך הכול,1.3
הולנד,2004,שפעת,סך הכול,1
הולנד,2005,שפעת,סך הכול,2.4
הולנד,2006,שפעת,סך הכול,0.6
הולנד,2007,שפעת,סך הכול,0.6
הולנד,2008,שפעת,סך הכול,0.3
הולנד,2009,שפעת,סך הכול,0.8
הולנד,2010,שפעת,סך הכול,0.2
הולנד,2011,שפעת,סך הכול,0.3
הולנד,2012,שפעת,סך הכול,0.9
הולנד,2013,שפעת,סך הכול,1.6
הולנד,2014,שפעת,סך הכול,0.4
הולנד,2015,שפעת,סך הכול,2.1
הולנד,2016,שפעת,סך הכול,1.9
הולנד,2017,שפעת,סך הכול,2.7
הולנד,2018,שפעת,סך הכול,6
הולנד,2019,שפעת,סך הכול,2.5
הולנד,2020,שפעת,סך הכול,1.4
הולנד,2021,שפעת,סך הכול,0.1
הולנד,2022,שפעת,סך הכול,2.9
הולנד,2023,שפעת,סך הכול,2.9
הולנד,2024,שפעת,סך הכול,4
הולנד,2000,תאונות דרכים,גברים,11.7
הולנד,2001,תאונות דרכים,גברים,10.9
הולנד,2002,תאונות דרכים,גברים,11.2
הולנד,2003,תאונות דרכים,גברים,11.4
הולנד,2004,תאונות דרכים,גברים,9.1
הולנד,2005,תאונות דרכים,גברים,8.4
הולנד,2006,תאונות דרכים,גברים,8.1
הולנד,2007,תאונות דרכים,גברים,8.1
הולנד,2008,תאונות דרכים,גברים,7.5
הולנד,2009,תאונות דרכים,גברים,7.3
הולנד,2010,תאונות דרכים,גברים,6.9
הולנד,2011,תאונות דרכים,גברים,6.8
הולנד,2012,תאונות דרכים,גברים,6.7
הולנד,2013,תאונות דרכים,גברים,5.9
הולנד,2014,תאונות דרכים,גברים,5.7
הולנד,2015,תאונות דרכים,גברים,6.5
הולנד,2016,תאונות דרכים,גברים,6.2
הולנד,2017,תאונות דרכים,גברים,6.1
הולנד,2018,תאונות דרכים,גברים,6.1
הולנד,2019,תאונות דרכים,גברים,5.7
הולנד,2020,תאונות דרכים,גברים,5.5
הולנד,2021,תאונות דרכים,גברים,5.1
הולנד,2022,תאונות דרכים,גברים,6.6
הולנד,2023,תאונות דרכים,גברים,5.7
הולנד,2024,תאונות דרכים,גברים,5.8
הולנד,2000,תאונות דרכים,נשים,3.7
הולנד,2001,תאונות דרכים,נשים,3.4
הולנד,2002,תאונות דרכים,נשים,3.4
הולנד,2003,תאונות דרכים,נשים,3.6
הולנד,2004,תאונות דרכים,נשים,3.1
הולנד,2005,תאונות דרכים,נשים,2.6
הולנד,2006,תאונות דרכים,נשים,2.8
הולנד,2007,תאונות דרכים,נשים,2.8
הולנד,2008,תאונות דרכים,נשים,2.4
הולנד,2009,תאונות דרכים,נשים,2.4
הולנד,2010,תאונות דרכים,נשים,2.4
הולנד,2011,תאונות דרכים,נשים,2.4
הולנד,2012,תאונות דרכים,נשים,2.2
הולנד,2013,תאונות דרכים,נשים,1.7
הולנד,2014,תאונות דרכים,נשים,1.8
הולנד,2015,תאונות דרכים,נשים,1.7
הולנד,2016,תאונות דרכים,נשים,2
הולנד,2017,תאונות דרכים,נשים,1.8
הולנד,2018,תאונות דרכים,נשים,2.1
הולנד,2019,תאונות דרכים,נשים,2.1
הולנד,2020,תאונות דרכים,נשים,1.7
הולנד,2021,תאונות דרכים,נשים,1.8
הולנד,2022,תאונות דרכים,נשים,2.3
הולנד,2023,תאונות דרכים,נשים,2
הולנד,2024,תאונות דרכים,נשים,2.1
הולנד,2000,תאונות דרכים,סך הכול,7.4
הולנד,2001,תאונות דרכים,סך הכול,6.8
הולנד,2002,תאונות דרכים,סך הכול,6.9
הולנד,2003,תאונות דרכים,סך הכול,7.2
הולנד,2004,תאונות דרכים,סך הכול,5.8
הולנד,2005,תאונות דרכים,סך הכול,5.3
הולנד,2006,תאונות דרכים,סך הכול,5.2
הולנד,2007,תאונות דרכים,סך הכול,5.2
הולנד,2008,תאונות דרכים,סך הכול,4.8
הולנד,2009,תאונות דרכים,סך הכול,4.6
הולנד,2010,תאונות דרכים,סך הכול,4.5
הולנד,2011,תאונות דרכים,סך הכול,4.4
הולנד,2012,תאונות דרכים,סך הכול,4.3
הולנד,2013,תאונות דרכים,סך הכול,3.6
הולנד,2014,תאונות דרכים,סך הכול,3.6
הולנד,2015,תאונות דרכים,סך הכול,3.9
הולנד,2016,תאונות דרכים,סך הכול,3.9
הולנד,2017,תאונות דרכים,סך הכול,3.8
הולנד,2018,תאונות דרכים,סך הכול,3.9
הולנד,2019,תאונות דרכים,סך הכול,3.8
הולנד,2020,תאונות דרכים,סך הכול,3.5
הולנד,2021,תאונות דרכים,סך הכול,3.4
הולנד,2022,תאונות דרכים,סך הכול,4.3
הולנד,2023,תאונות דרכים,סך הכול,3.8
הולנד,2024,תאונות דרכים,סך הכול,3.8
הולנד,2000,תקיפה,גברים,1.4
הולנד,2001,תקיפה,גברים,1.6
הולנד,2002,תקיפה,גברים,1.6
הולנד,2003,תקיפה,גברים,1.6
הולנד,2004,תקיפה,גברים,1.7
הולנד,2005,תקיפה,גברים,1.5
הולנד,2006,תקיפה,גברים,1
הולנד,2007,תקיפה,גברים,1.2
הולנד,2008,תקיפה,גברים,1.3
הולנד,2009,תקיפה,גברים,1.3
הולנד,2010,תקיפה,גברים,1.1
הולנד,2011,תקיפה,גברים,1.1
הולנד,2012,תקיפה,גברים,1.2
הולנד,2013,תקיפה,גברים,0.8
הולנד,2014,תקיפה,גברים,1.1
הולנד,2015,תקיפה,גברים,0.8
הולנד,2016,תקיפה,גברים,0.8
הולנד,2017,תקיפה,גברים,1.1
הולנד,2018,תקיפה,גברים,0.8
הולנד,2019,תקיפה,גברים,0.8
הולנד,2020,תקיפה,גברים,0.7
הולנד,2021,תקיפה,גברים,0.9
הולנד,2022,תקיפה,גברים,0.9
הולנד,2023,תקיפה,גברים,0.7
הולנד,2024,תקיפה,גברים,0.8
הולנד,2000,תקיפה,נשים,0.8
הולנד,2001,תקיפה,נשים,0.8
הולנד,2002,תקיפה,נשים,0.7
הולנד,2003,תקיפה,נשים,0.9
הולנד,2004,תקיפה,נשים,0.6
הולנד,2005,תקיפה,נשים,0.7
הולנד,2006,תקיפה,נשים,0.6
הולנד,2007,תקיפה,נשים,0.6
הולנד,2008,תקיפה,נשים,0.6
הולנד,2009,תקיפה,נשים,0.6
הולנד,2010,תקיפה,נשים,0.6
הולנד,2011,תקיפה,נשים,0.6
הולנד,2012,תקיפה,נשים,0.6
הולנד,2013,תקיפה,נשים,0.7
הולנד,2014,תקיפה,נשים,0.3
הולנד,2015,תקיפה,נשים,0.5
הולנד,2016,תקיפה,נשים,0.4
הולנד,2017,תקיפה,נשים,0.5
הולנד,2018,תקיפה,נשים,0.4
הולנד,2019,תקיפה,נשים,0.5
הולנד,2020,תקיפה,נשים,0.5
הולנד,2021,תקיפה,נשים,0.4
הולנד,2022,תקיפה,נשים,0.5
הולנד,2023,תקיפה,נשים,0.4
הולנד,2024,תקיפה,נשים,0.4
הולנד,2000,תקיפה,סך הכול,1.1
הולנד,2001,תקיפה,סך הכול,1.2
הולנד,2002,תקיפה,סך הכול,1.2
הולנד,2003,תקיפה,סך הכול,1.2
הולנד,2004,תקיפה,סך הכול,1.2
הולנד,2005,תקיפה,סך הכול,1.1
הולנד,2006,תקיפה,סך הכול,0.8
הולנד,2007,תקיפה,סך הכול,0.9
הולנד,2008,תקיפה,סך הכול,0.9
הולנד,2009,תקיפה,סך הכול,0.9
הולנד,2010,תקיפה,סך הכול,0.9
הולנד,2011,תקיפה,סך הכול,0.9
הולנד,2012,תקיפה,סך הכול,0.9
הולנד,2013,תקיפה,סך הכול,0.8
הולנד,2014,תקיפה,סך הכול,0.7
הולנד,2015,תקיפה,סך הכול,0.6
הולנד,2016,תקיפה,סך הכול,0.6
הולנד,2017,תקיפה,סך הכול,0.8
הולנד,2018,תקיפה,סך הכול,0.6
הולנד,2019,תקיפה,סך הכול,0.6
הולנד,2020,תקיפה,סך הכול,0.6
הולנד,2021,תקיפה,סך הכול,0.7
הולנד,2022,תקיפה,סך הכול,0.7
הולנד,2023,תקיפה,סך הכול,0.6
הולנד,2024,תקיפה,סך הכול,0.6
הונגריה,2000,גידולים,גברים,537.9
הונגריה,2001,גידולים,גברים,509
הונגריה,2002,גידולים,גברים,502.6
הונגריה,2003,גידולים,גברים,503.8
הונגריה,2004,גידולים,גברים,497.4
הונגריה,2005,גידולים,גברים,458.2
הונגריה,2006,גידולים,גברים,462.7
הונגריה,2007,גידולים,גברים,463.1
הונגריה,2008,גידולים,גברים,456.8
הונגריה,2009,גידולים,גברים,461.5
הונגריה,2010,גידולים,גברים,453.6
הונגריה,2011,גידולים,גברים,447.1
הונגריה,2012,גידולים,גברים,449.6
הונגריה,2013,גידולים,גברים,434.4
הונגריה,2014,גידולים,גברים,425.4
הונגריה,2015,גידולים,גברים,418.5
הונגריה,2016,גידולים,גברים,425.5
הונגריה,2017,גידולים,גברים,415.6
הונגריה,2018,גידולים,גברים,408.3
הונגריה,2019,גידולים,גברים,395.8
הונגריה,2020,גידולים,גברים,385.9
הונגריה,2021,גידולים,גברים,369.5
הונגריה,2022,גידולים,גברים,364.4
הונגריה,2023,גידולים,גברים,374.9
הונגריה,2024,גידולים,גברים,369.5
הונגריה,2000,גידולים,נשים,276.8
הונגריה,2001,גידולים,נשים,262.5
הונגריה,2002,גידולים,נשים,257.6
הונגריה,2003,גידולים,נשים,262.2
הונגריה,2004,גידולים,נשים,258.3
הונגריה,2005,גידולים,נשים,240.8
הונגריה,2006,גידולים,נשים,238.5
הונגריה,2007,גידולים,נשים,240.4
הונגריה,2008,גידולים,נשים,240.1
הונגריה,2009,גידולים,נשים,239.6
הונגריה,2010,גידולים,נשים,238
הונגריה,2011,גידולים,נשים,240.7
הונגריה,2012,גידולים,נשים,242.9
הונגריה,2013,גידולים,נשים,240.1
הונגריה,2014,גידולים,נשים,239.2
הונגריה,2015,גידולים,נשים,238.8
הונגריה,2016,גידולים,נשים,234.2
הונגריה,2017,גידולים,נשים,236.4
הונגריה,2018,גידולים,נשים,231.3
הונגריה,2019,גידולים,נשים,225.6
הונגריה,2020,גידולים,נשים,226.7
הונגריה,2021,גידולים,נשים,220.9
הונגריה,2022,גידולים,נשים,219.1
הונגריה,2023,גידולים,נשים,224.9
הונגריה,2024,גידולים,נשים,226.9
הונגריה,2000,גידולים,סך הכול,377.7
הונגריה,2001,גידולים,סך הכול,358.6
הונגריה,2002,גידולים,סך הכול,353.1
הונגריה,2003,גידולים,סך הכול,356.1
הונגריה,2004,גידולים,סך הכול,352
הונגריה,2005,גידולים,סך הכול,326.5
הונגריה,2006,גידולים,סך הכול,326.6
הונגריה,2007,גידולים,סך הכול,327.1
הונגריה,2008,גידולים,סך הכול,324.9
הונגריה,2009,גידולים,סך הכול,325.6
הונגריה,2010,גידולים,סך הכול,321.9
הונגריה,2011,גידולים,סך הכול,320.9
הונגריה,2012,גידולים,סך הכול,323.1
הונגריה,2013,גידולים,סך הכול,315.1
הונגריה,2014,גידולים,סך הכול,311.5
הונגריה,2015,גידולים,סך הכול,308.5
הונגריה,2016,גידולים,סך הכול,308.2
הונגריה,2017,גידולים,סך הכול,305.4
הונגריה,2018,גידולים,סך הכול,300.4
הונגריה,2019,גידולים,סך הכול,292.1
הונגריה,2020,גידולים,סך הכול,287.8
הונגריה,2021,גידולים,סך הכול,277.9
הונגריה,2022,גידולים,סך הכול,275.5
הונגריה,2023,גידולים,סך הכול,282.1
הונגריה,2024,גידולים,סך הכול,281
הונגריה,2000,מחלות זיהומיות,גברים,11.2
הונגריה,2001,מחלות זיהומיות,גברים,10.5
הונגריה,2002,מחלות זיהומיות,גברים,9.8
הונגריה,2003,מחלות זיהומיות,גברים,8.1
הונגריה,2004,מחלות זיהומיות,גברים,7.9
הונגריה,2005,מחלות זיהומיות,גברים,7.9
הונגריה,2006,מחלות זיהומיות,גברים,6.9
הונגריה,2007,מחלות זיהומיות,גברים,7.2
הונגריה,2008,מחלות זיהומיות,גברים,6.4
הונגריה,2009,מחלות זיהומיות,גברים,6.2
הונגריה,2010,מחלות זיהומיות,גברים,7.2
הונגריה,2011,מחלות זיהומיות,גברים,7.2
הונגריה,2012,מחלות זיהומיות,גברים,10.9
הונגריה,2013,מחלות זיהומיות,גברים,10
הונגריה,2014,מחלות זיהומיות,גברים,9.1
הונגריה,2015,מחלות זיהומיות,גברים,9.5
הונגריה,2016,מחלות זיהומיות,גברים,8.4
הונגריה,2017,מחלות זיהומיות,גברים,7.9
הונגריה,2018,מחלות זיהומיות,גברים,8
הונגריה,2019,מחלות זיהומיות,גברים,7.7
הונגריה,2020,מחלות זיהומיות,גברים,8.1
הונגריה,2021,מחלות זיהומיות,גברים,9.4
הונגריה,2022,מחלות זיהומיות,גברים,8.6
הונגריה,2023,מחלות זיהומיות,גברים,9.3
הונגריה,2024,מחלות זיהומיות,גברים,9.6
הונגריה,2000,מחלות זיהומיות,נשים,4.8
הונגריה,2001,מחלות זיהומיות,נשים,3.9
הונגריה,2002,מחלות זיהומיות,נשים,3.6
הונגריה,2003,מחלות זיהומיות,נשים,3.2
הונגריה,2004,מחלות זיהומיות,נשים,3.1
הונגריה,2005,מחלות זיהומיות,נשים,3.4
הונגריה,2006,מחלות זיהומיות,נשים,2.7
הונגריה,2007,מחלות זיהומיות,נשים,3.3
הונגריה,2008,מחלות זיהומיות,נשים,2.7
הונגריה,2009,מחלות זיהומיות,נשים,4.1
הונגריה,2010,מחלות זיהומיות,נשים,3.6
הונגריה,2011,מחלות זיהומיות,נשים,5.1
הונגריה,2012,מחלות זיהומיות,נשים,7.9
הונגריה,2013,מחלות זיהומיות,נשים,8
הונגריה,2014,מחלות זיהומיות,נשים,6.9
הונגריה,2015,מחלות זיהומיות,נשים,7.4
הונגריה,2016,מחלות זיהומיות,נשים,6.3
הונגריה,2017,מחלות זיהומיות,נשים,6
הונגריה,2018,מחלות זיהומיות,נשים,5.8
הונגריה,2019,מחלות זיהומיות,נשים,5.3
הונגריה,2020,מחלות זיהומיות,נשים,6.1
הונגריה,2021,מחלות זיהומיות,נשים,7.4
הונגריה,2022,מחלות זיהומיות,נשים,6.5
הונגריה,2023,מחלות זיהומיות,נשים,6.8
הונגריה,2024,מחלות זיהומיות,נשים,6.9
הונגריה,2000,מחלות זיהומיות,סך הכול,7.4
הונגריה,2001,מחלות זיהומיות,סך הכול,6.7
הונגריה,2002,מחלות זיהומיות,סך הכול,6.1
הונגריה,2003,מחלות זיהומיות,סך הכול,5.2
הונגריה,2004,מחלות זיהומיות,סך הכול,5.1
הונגריה,2005,מחלות זיהומיות,סך הכול,5.2
הונגריה,2006,מחלות זיהומיות,סך הכול,4.5
הונגריה,2007,מחלות זיהומיות,סך הכול,5
הונגריה,2008,מחלות זיהומיות,סך הכול,4.3
הונגריה,2009,מחלות זיהומיות,סך הכול,5
הונגריה,2010,מחלות זיהומיות,סך הכול,5.2
הונגריה,2011,מחלות זיהומיות,סך הכול,6.1
הונגריה,2012,מחלות זיהומיות,סך הכול,9.2
הונגריה,2013,מחלות זיהומיות,סך הכול,8.8
הונגריה,2014,מחלות זיהומיות,סך הכול,7.9
הונגריה,2015,מחלות זיהומיות,סך הכול,8.5
הונגריה,2016,מחלות זיהומיות,סך הכול,7.3
הונגריה,2017,מחלות זיהומיות,סך הכול,6.9
הונגריה,2018,מחלות זיהומיות,סך הכול,6.8
הונגריה,2019,מחלות זיהומיות,סך הכול,6.4
הונגריה,2020,מחלות זיהומיות,סך הכול,7
הונגריה,2021,מחלות זיהומיות,סך הכול,8.3
הונגריה,2022,מחלות זיהומיות,סך הכול,7.5
הונגריה,2023,מחלות זיהומיות,סך הכול,7.9
הונגריה,2024,מחלות זיהומיות,סך הכול,8.1
הונגריה,2000,מחלות כלי דם במוח,גברים,288.5
הונגריה,2001,מחלות כלי דם במוח,גברים,262.2
הונגריה,2002,מחלות כלי דם במוח,גברים,262
הונגריה,2003,מחלות כלי דם במוח,גברים,260.3
הונגריה,2004,מחלות כלי דם במוח,גברים,238.1
הונגריה,2005,מחלות כלי דם במוח,גברים,209.6
הונגריה,2006,מחלות כלי דם במוח,גברים,192.7
הונגריה,2007,מחלות כלי דם במוח,גברים,192.1
הונגריה,2008,מחלות כלי דם במוח,גברים,179.1
הונגריה,2009,מחלות כלי דם במוח,גברים,180.2
הונגריה,2010,מחלות כלי דם במוח,גברים,172.1
הונגריה,2011,מחלות כלי דם במוח,גברים,163.4
הונגריה,2012,מחלות כלי דם במוח,גברים,158.7
הונגריה,2013,מחלות כלי דם במוח,גברים,153
הונגריה,2014,מחלות כלי דם במוח,גברים,146.3
הונגריה,2015,מחלות כלי דם במוח,גברים,148.4
הונגריה,2016,מחלות כלי דם במוח,גברים,125.5
הונגריה,2017,מחלות כלי דם במוח,גברים,131.3
הונגריה,2018,מחלות כלי דם במוח,גברים,126.2
הונגריה,2019,מחלות כלי דם במוח,גברים,128.1
הונגריה,2020,מחלות כלי דם במוח,גברים,130.1
הונגריה,2021,מחלות כלי דם במוח,גברים,121.5
הונגריה,2022,מחלות כלי דם במוח,גברים,112.1
הונגריה,2023,מחלות כלי דם במוח,גברים,112.5
הונגריה,2024,מחלות כלי דם במוח,גברים,106.3
הונגריה,2000,מחלות כלי דם במוח,נשים,206.3
הונגריה,2001,מחלות כלי דם במוח,נשים,194.6
הונגריה,2002,מחלות כלי דם במוח,נשים,188.7
הונגריה,2003,מחלות כלי דם במוח,נשים,188.7
הונגריה,2004,מחלות כלי דם במוח,נשים,175
הונגריה,2005,מחלות כלי דם במוח,נשים,154.6
הונגריה,2006,מחלות כלי דם במוח,נשים,138.9
הונגריה,2007,מחלות כלי דם במוח,נשים,134.3
הונגריה,2008,מחלות כלי דם במוח,נשים,127.7
הונגריה,2009,מחלות כלי דם במוח,נשים,126.1
הונגריה,2010,מחלות כלי דם במוח,נשים,124.1
הונגריה,2011,מחלות כלי דם במוח,נשים,116.6
הונגריה,2012,מחלות כלי דם במוח,נשים,116.7
הונגריה,2013,מחלות כלי דם במוח,נשים,113
הונגריה,2014,מחלות כלי דם במוח,נשים,107.2
הונגריה,2015,מחלות כלי דם במוח,נשים,104.7
הונגריה,2016,מחלות כלי דם במוח,נשים,87.8
הונגריה,2017,מחלות כלי דם במוח,נשים,93
הונגריה,2018,מחלות כלי דם במוח,נשים,91.9
הונגריה,2019,מחלות כלי דם במוח,נשים,91.8
הונגריה,2020,מחלות כלי דם במוח,נשים,91.9
הונגריה,2021,מחלות כלי דם במוח,נשים,82.5
הונגריה,2022,מחלות כלי דם במוח,נשים,81.1
הונגריה,2023,מחלות כלי דם במוח,נשים,78.7
הונגריה,2024,מחלות כלי דם במוח,נשים,75.7
הונגריה,2000,מחלות כלי דם במוח,סך הכול,238.5
הונגריה,2001,מחלות כלי דם במוח,סך הכול,221.9
הונגריה,2002,מחלות כלי דם במוח,סך הכול,217.7
הונגריה,2003,מחלות כלי דם במוח,סך הכול,216.9
הונגריה,2004,מחלות כלי דם במוח,סך הכול,200.2
הונגריה,2005,מחלות כלי דם במוח,סך הכול,176.7
הונגריה,2006,מחלות כלי דם במוח,סך הכול,160.3
הונגריה,2007,מחלות כלי דם במוח,סך הכול,157
הונגריה,2008,מחלות כלי דם במוח,סך הכול,148.2
הונגריה,2009,מחלות כלי דם במוח,סך הכול,147.5
הונגריה,2010,מחלות כלי דם במוח,סך הכול,143.8
הונגריה,2011,מחלות כלי דם במוח,סך הכול,135.1
הונגריה,2012,מחלות כלי דם במוח,סך הכול,133.5
הונגריה,2013,מחלות כלי דם במוח,סך הכול,129.2
הונגריה,2014,מחלות כלי דם במוח,סך הכול,122.7
הונגריה,2015,מחלות כלי דם במוח,סך הכול,122
הונגריה,2016,מחלות כלי דם במוח,סך הכול,103.1
הונגריה,2017,מחלות כלי דם במוח,סך הכול,108.4
הונגריה,2018,מחלות כלי דם במוח,סך הכול,106.1
הונגריה,2019,מחלות כלי דם במוח,סך הכול,106.8
הונגריה,2020,מחלות כלי דם במוח,סך הכול,107.6
הונגריה,2021,מחלות כלי דם במוח,סך הכול,98.3
הונגריה,2022,מחלות כלי דם במוח,סך הכול,94.5
הונגריה,2023,מחלות כלי דם במוח,סך הכול,92.7
הונגריה,2024,מחלות כלי דם במוח,סך הכול,88.7
הונגריה,2000,מחלות לב איסכמיות,גברים,477.3
הונגריה,2001,מחלות לב איסכמיות,גברים,450
הונגריה,2002,מחלות לב איסכמיות,גברים,443.5
הונגריה,2003,מחלות לב איסכמיות,גברים,472.2
הונגריה,2004,מחלות לב איסכמיות,גברים,473.6
הונגריה,2005,מחלות לב איסכמיות,גברים,537.2
הונגריה,2006,מחלות לב איסכמיות,גברים,492.1
הונגריה,2007,מחלות לב איסכמיות,גברים,464.6
הונגריה,2008,מחלות לב איסכמיות,גברים,445.7
הונגריה,2009,מחלות לב איסכמיות,גברים,447.1
הונגריה,2010,מחלות לב איסכמיות,גברים,437.2
הונגריה,2011,מחלות לב איסכמיות,גברים,426.4
הונגריה,2012,מחלות לב איסכמיות,גברים,425.5
הונגריה,2013,מחלות לב איסכמיות,גברים,414.6
הונגריה,2014,מחלות לב איסכמיות,גברים,406.6
הונגריה,2015,מחלות לב איסכמיות,גברים,402.2
הונגריה,2016,מחלות לב איסכמיות,גברים,390.4
הונגריה,2017,מחלות לב איסכמיות,גברים,396.3
הונגריה,2018,מחלות לב איסכמיות,גברים,386.1
הונגריה,2019,מחלות לב איסכמיות,גברים,376.7
הונגריה,2020,מחלות לב איסכמיות,גברים,373.9
הונגריה,2021,מחלות לב איסכמיות,גברים,375.8
הונגריה,2022,מחלות לב איסכמיות,גברים,363
הונגריה,2023,מחלות לב איסכמיות,גברים,358.8
הונגריה,2024,מחלות לב איסכמיות,גברים,343.4
הונגריה,2000,מחלות לב איסכמיות,נשים,303.4
הונגריה,2001,מחלות לב איסכמיות,נשים,290.6
הונגריה,2002,מחלות לב איסכמיות,נשים,288.4
הונגריה,2003,מחלות לב איסכמיות,נשים,305.1
הונגריה,2004,מחלות לב איסכמיות,נשים,307.6
הונגריה,2005,מחלות לב איסכמיות,נשים,346.4
הונגריה,2006,מחלות לב איסכמיות,נשים,320.1
הונגריה,2007,מחלות לב איסכמיות,נשים,297.7
הונגריה,2008,מחלות לב איסכמיות,נשים,287.5
הונגריה,2009,מחלות לב איסכמיות,נשים,282
הונגריה,2010,מחלות לב איסכמיות,נשים,290
הונגריה,2011,מחלות לב איסכמיות,נשים,277.1
הונגריה,2012,מחלות לב איסכמיות,נשים,280.7
הונגריה,2013,מחלות לב איסכמיות,נשים,266.9
הונגריה,2014,מחלות לב איסכמיות,נשים,263.8
הונגריה,2015,מחלות לב איסכמיות,נשים,272.5
הונגריה,2016,מחלות לב איסכמיות,נשים,245.6
הונגריה,2017,מחלות לב איסכמיות,נשים,256.8
הונגריה,2018,מחלות לב איסכמיות,נשים,248.3
הונגריה,2019,מחלות לב איסכמיות,נשים,240.6
הונגריה,2020,מחלות לב איסכמיות,נשים,242.7
הונגריה,2021,מחלות לב איסכמיות,נשים,239.9
הונגריה,2022,מחלות לב איסכמיות,נשים,231.7
הונגריה,2023,מחלות לב איסכמיות,נשים,223.1
הונגריה,2024,מחלות לב איסכמיות,נשים,213.3
הונגריה,2000,מחלות לב איסכמיות,סך הכול,373.5
הונגריה,2001,מחלות לב איסכמיות,סך הכול,355
הונגריה,2002,מחלות לב איסכמיות,סך הכול,350.8
הונגריה,2003,מחלות לב איסכמיות,סך הכול,372.3
הונגריה,2004,מחלות לב איסכמיות,סך הכול,373.9
הונגריה,2005,מחלות לב איסכמיות,סך הכול,422
הונגריה,2006,מחלות לב איסכמיות,סך הכול,389.3
הונגריה,2007,מחלות לב איסכמיות,סך הכול,365
הונגריה,2008,מחלות לב איסכמיות,סך הכול,350.9
הונגריה,2009,מחלות לב איסכמיות,סך הכול,347.6
הונגריה,2010,מחלות לב איסכמיות,סך הכול,349.5
הונגריה,2011,מחלות לב איסכמיות,סך הכול,337.5
הונגריה,2012,מחלות לב איסכמיות,סך הכול,338.2
הונגריה,2013,מחלות לב איסכמיות,סך הכול,325.1
הונגריה,2014,מחלות לב איסכמיות,סך הכול,320.4
הונגריה,2015,מחלות לב איסכמיות,סך הכול,324.6
הונגריה,2016,מחלות לב איסכמיות,סך הכול,303.2
הונגריה,2017,מחלות לב איסכמיות,סך הכול,312.9
הונגריה,2018,מחלות לב איסכמיות,סך הכול,303.8
הונגריה,2019,מחלות לב איסכמיות,סך הכול,295.6
הונגריה,2020,מחלות לב איסכמיות,סך הכול,295.8
הונגריה,2021,מחלות לב איסכמיות,סך הכול,295.6
הונגריה,2022,מחלות לב איסכמיות,סך הכול,285
הונגריה,2023,מחלות לב איסכמיות,סך הכול,277.4
הונגריה,2024,מחלות לב איסכמיות,סך הכול,265.6
הונגריה,2000,מחלות מערכת הדם,גברים,1071.5
הונגריה,2001,מחלות מערכת הדם,גברים,973.6
הונגריה,2002,מחלות מערכת הדם,גברים,984.7
הונגריה,2003,מחלות מערכת הדם,גברים,1002.8
הונגריה,2004,מחלות מערכת הדם,גברים,956.1
הונגריה,2005,מחלות מערכת הדם,גברים,996
הונגריה,2006,מחלות מערכת הדם,גברים,909.3
הונגריה,2007,מחלות מערכת הדם,גברים,899.7
הונגריה,2008,מחלות מערכת הדם,גברים,854.7
הונגריה,2009,מחלות מערכת הדם,גברים,847.6
הונגריה,2010,מחלות מערכת הדם,גברים,828.4
הונגריה,2011,מחלות מערכת הדם,גברים,799
הונגריה,2012,מחלות מערכת הדם,גברים,803.6
הונגריה,2013,מחלות מערכת הדם,גברים,782.5
הונגריה,2014,מחלות מערכת הדם,גברים,768.5
הונגריה,2015,מחלות מערכת הדם,גברים,776.2
הונגריה,2016,מחלות מערכת הדם,גברים,751.1
הונגריה,2017,מחלות מערכת הדם,גברים,768.5
הונגריה,2018,מחלות מערכת הדם,גברים,747.3
הונגריה,2019,מחלות מערכת הדם,גברים,725
הונגריה,2020,מחלות מערכת הדם,גברים,743.1
הונגריה,2021,מחלות מערכת הדם,גברים,748.9
הונגריה,2022,מחלות מערכת הדם,גברים,716.6
הונגריה,2023,מחלות מערכת הדם,גברים,713.6
הונגריה,2024,מחלות מערכת הדם,גברים,689.5
הונגריה,2000,מחלות מערכת הדם,נשים,746.3
הונגריה,2001,מחלות מערכת הדם,נשים,689.8
הונגריה,2002,מחלות מערכת הדם,נשים,691.6
הונגריה,2003,מחלות מערכת הדם,נשים,699.3
הונגריה,2004,מחלות מערכת הדם,נשים,669.6
הונגריה,2005,מחלות מערכת הדם,נשים,687.2
הונגריה,2006,מחלות מערכת הדם,נשים,625.5
הונגריה,2007,מחלות מערכת הדם,נשים,605.2
הונגריה,2008,מחלות מערכת הדם,נשים,580.1
הונגריה,2009,מחלות מערכת הדם,נשים,567.4
הונגריה,2010,מחלות מערכת הדם,נשים,576.1
הונגריה,2011,מחלות מערכת הדם,נשים,550.4
הונגריה,2012,מחלות מערכת הדם,נשים,561.4
הונגריה,2013,מחלות מערכת הדם,נשים,541.2
הונגריה,2014,מחלות מערכת הדם,נשים,528.8
הונגריה,2015,מחלות מערכת הדם,נשים,551.5
הונגריה,2016,מחלות מערכת הדם,נשים,511.1
הונגריה,2017,מחלות מערכת הדם,נשים,530.4
הונגריה,2018,מחלות מערכת הדם,נשים,516.5
הונגריה,2019,מחלות מערכת הדם,נשים,500.3
הונגריה,2020,מחלות מערכת הדם,נשים,514.4
הונגריה,2021,מחלות מערכת הדם,נשים,506.2
הונגריה,2022,מחלות מערכת הדם,נשים,493.3
הונגריה,2023,מחלות מערכת הדם,נשים,484.5
הונגריה,2024,מחלות מערכת הדם,נשים,465.4
הונגריה,2000,מחלות מערכת הדם,סך הכול,876.9
הונגריה,2001,מחלות מערכת הדם,סך הכול,805.6
הונגריה,2002,מחלות מערכת הדם,סך הכול,810.1
הונגריה,2003,מחלות מערכת הדם,סך הכול,821.8
הונגריה,2004,מחלות מערכת הדם,סך הכול,785.3
הונגריה,2005,מחלות מערכת הדם,סך הכול,812.2
הונגריה,2006,מחלות מערכת הדם,סך הכול,740.9
הונגריה,2007,מחלות מערכת הדם,סך הכול,724.2
הונגריה,2008,מחלות מערכת הדם,סך הכול,691
הונגריה,2009,מחלות מערכת הדם,סך הכול,680.2
הונגריה,2010,מחלות מערכת הדם,סך הכול,679.5
הונגריה,2011,מחלות מערכת הדם,סך הכול,652.3
הונגריה,2012,מחלות מערכת הדם,סך הכול,658.9
הונגריה,2013,מחלות מערכת הדם,סך הכול,638.1
הונגריה,2014,מחלות מערכת הדם,סך הכול,625.5
הונגריה,2015,מחלות מערכת הדם,סך הכול,643.5
הונגריה,2016,מחלות מערכת הדם,סך הכול,609
הונגריה,2017,מחלות מערכת הדם,סך הכול,628.4
הונגריה,2018,מחלות מערכת הדם,סך הכול,612.5
הונגריה,2019,מחלות מערכת הדם,סך הכול,594.2
הונגריה,2020,מחלות מערכת הדם,סך הכול,610.1
הונגריה,2021,מחלות מערכת הדם,סך הכול,608.1
הונגריה,2022,מחלות מערכת הדם,סך הכול,587.3
הונגריה,2023,מחלות מערכת הדם,סך הכול,579.7
הונגריה,2024,מחלות מערכת הדם,סך הכול,558.7
הונגריה,2000,מחלות מערכת הנשימה,גברים,99.2
הונגריה,2001,מחלות מערכת הנשימה,גברים,78.7
הונגריה,2002,מחלות מערכת הנשימה,גברים,85.3
הונגריה,2003,מחלות מערכת הנשימה,גברים,96.3
הונגריה,2004,מחלות מערכת הנשימה,גברים,86.6
הונגריה,2005,מחלות מערכת הנשימה,גברים,108.5
הונגריה,2006,מחלות מערכת הנשימה,גברים,106.1
הונגריה,2007,מחלות מערכת הנשימה,גברים,109.2
הונגריה,2008,מחלות מערכת הנשימה,גברים,101.8
הונגריה,2009,מחלות מערכת הנשימה,גברים,102.7
הונגריה,2010,מחלות מערכת הנשימה,גברים,97.1
הונגריה,2011,מחלות מערכת הנשימה,גברים,98.8
הונגריה,2012,מחלות מערכת הנשימה,גברים,103.3
הונגריה,2013,מחלות מערכת הנשימה,גברים,104
הונגריה,2014,מחלות מערכת הנשימה,גברים,100.6
הונגריה,2015,מחלות מערכת הנשימה,גברים,119.5
הונגריה,2016,מחלות מערכת הנשימה,גברים,100.8
הונגריה,2017,מחלות מערכת הנשימה,גברים,108.4
הונגריה,2018,מחלות מערכת הנשימה,גברים,106.9
הונגריה,2019,מחלות מערכת הנשימה,גברים,106.2
הונגריה,2020,מחלות מערכת הנשימה,גברים,91.3
הונגריה,2021,מחלות מערכת הנשימה,גברים,87.7
הונגריה,2022,מחלות מערכת הנשימה,גברים,88
הונגריה,2023,מחלות מערכת הנשימה,גברים,99.3
הונגריה,2024,מחלות מערכת הנשימה,גברים,102.2
הונגריה,2000,מחלות מערכת הנשימה,נשים,42.6
הונגריה,2001,מחלות מערכת הנשימה,נשים,33.6
הונגריה,2002,מחלות מערכת הנשימה,נשים,35.5
הונגריה,2003,מחלות מערכת הנשימה,נשים,41.1
הונגריה,2004,מחלות מערכת הנשימה,נשים,40.7
הונגריה,2005,מחלות מערכת הנשימה,נשים,49.1
הונגריה,2006,מחלות מערכת הנשימה,נשים,44.7
הונגריה,2007,מחלות מערכת הנשימה,נשים,49.1
הונגריה,2008,מחלות מערכת הנשימה,נשים,42.9
הונגריה,2009,מחלות מערכת הנשימה,נשים,45.3
הונגריה,2010,מחלות מערכת הנשימה,נשים,42.9
הונגריה,2011,מחלות מערכת הנשימה,נשים,45.9
הונגריה,2012,מחלות מערכת הנשימה,נשים,47.8
הונגריה,2013,מחלות מערכת הנשימה,נשים,49.4
הונגריה,2014,מחלות מערכת הנשימה,נשים,47.7
הונגריה,2015,מחלות מערכת הנשימה,נשים,59.8
הונגריה,2016,מחלות מערכת הנשימה,נשים,49.1
הונגריה,2017,מחלות מערכת הנשימה,נשים,56.8
הונגריה,2018,מחלות מערכת הנשימה,נשים,56.4
הונגריה,2019,מחלות מערכת הנשימה,נשים,57.7
הונגריה,2020,מחלות מערכת הנשימה,נשים,48.2
הונגריה,2021,מחלות מערכת הנשימה,נשים,44.5
הונגריה,2022,מחלות מערכת הנשימה,נשים,45
הונגריה,2023,מחלות מערכת הנשימה,נשים,53.3
הונגריה,2024,מחלות מערכת הנשימה,נשים,57.8
הונגריה,2000,מחלות מערכת הנשימה,סך הכול,63.2
הונגריה,2001,מחלות מערכת הנשימה,סך הכול,50
הונגריה,2002,מחלות מערכת הנשימה,סך הכול,53.7
הונגריה,2003,מחלות מערכת הנשימה,סך הכול,61.2
הונגריה,2004,מחלות מערכת הנשימה,סך הכול,57.9
הונגריה,2005,מחלות מערכת הנשימה,סך הכול,70.9
הונגריה,2006,מחלות מערכת הנשימה,סך הכול,67.2
הונגריה,2007,מחלות מערכת הנשימה,סך הכול,71.1
הונגריה,2008,מחלות מערכת הנשימה,סך הכול,64.4
הונגריה,2009,מחלות מערכת הנשימה,סך הכול,66
הונגריה,2010,מחלות מערכת הנשימה,סך הכול,62.6
הונגריה,2011,מחלות מערכת הנשימה,סך הכול,65.2
הונגריה,2012,מחלות מערכת הנשימה,סך הכול,67.4
הונגריה,2013,מחלות מערכת הנשימה,סך הכול,68.7
הונגריה,2014,מחלות מערכת הנשימה,סך הכול,66.7
הונגריה,2015,מחלות מערכת הנשימה,סך הכול,81.3
הונגריה,2016,מחלות מערכת הנשימה,סך הכול,67.8
הונגריה,2017,מחלות מערכת הנשימה,סך הכול,76
הונגריה,2018,מחלות מערכת הנשימה,סך הכול,75
הונגריה,2019,מחלות מערכת הנשימה,סך הכול,76
הונגריה,2020,מחלות מערכת הנשימה,סך הכול,64.4
הונגריה,2021,מחלות מערכת הנשימה,סך הכול,60.7
הונגריה,2022,מחלות מערכת הנשימה,סך הכול,61.3
הונגריה,2023,מחלות מערכת הנשימה,סך הכול,70.3
הונגריה,2024,מחלות מערכת הנשימה,סך הכול,74.4
הונגריה,2000,נפילות,גברים,45.8
הונגריה,2001,נפילות,גברים,43.2
הונגריה,2002,נפילות,גברים,44.7
הונגריה,2003,נפילות,גברים,44.1
הונגריה,2004,נפילות,גברים,42.6
הונגריה,2005,נפילות,גברים,30.6
הונגריה,2006,נפילות,גברים,27.9
הונגריה,2007,נפילות,גברים,27.2
הונגריה,2008,נפילות,גברים,28.3
הונגריה,2009,נפילות,גברים,28.9
הונגריה,2010,נפילות,גברים,25.4
הונגריה,2011,נפילות,גברים,25.6
הונגריה,2012,נפילות,גברים,24
הונגריה,2013,נפילות,גברים,23.3
הונגריה,2014,נפילות,גברים,27.3
הונגריה,2015,נפילות,גברים,24.7
הונגריה,2016,נפילות,גברים,23.7
הונגריה,2017,נפילות,גברים,23.5
הונגריה,2018,נפילות,גברים,22.6
הונגריה,2019,נפילות,גברים,22.2
הונגריה,2020,נפילות,גברים,22
הונגריה,2021,נפילות,גברים,22.7
הונגריה,2022,נפילות,גברים,19.7
הונגריה,2023,נפילות,גברים,19
הונגריה,2024,נפילות,גברים,19.4
הונגריה,2000,נפילות,נשים,35.8
הונגריה,2001,נפילות,נשים,34.2
הונגריה,2002,נפילות,נשים,35.6
הונגריה,2003,נפילות,נשים,34.2
הונגריה,2004,נפילות,נשים,31.7
הונגריה,2005,נפילות,נשים,19.5
הונגריה,2006,נפילות,נשים,15.5
הונגריה,2007,נפילות,נשים,16.4
הונגריה,2008,נפילות,נשים,16
הונגריה,2009,נפילות,נשים,15.9
הונגריה,2010,נפילות,נשים,16
הונגריה,2011,נפילות,נשים,14.6
הונגריה,2012,נפילות,נשים,14.9
הונגריה,2013,נפילות,נשים,14.6
הונגריה,2014,נפילות,נשים,12.6
הונגריה,2015,נפילות,נשים,13.8
הונגריה,2016,נפילות,נשים,11.8
הונגריה,2017,נפילות,נשים,11.9
הונגריה,2018,נפילות,נשים,11.3
הונגריה,2019,נפילות,נשים,12.3
הונגריה,2020,נפילות,נשים,10.9
הונגריה,2021,נפילות,נשים,9.9
הונגריה,2022,נפילות,נשים,10.5
הונגריה,2023,נפילות,נשים,10.3
הונגריה,2024,נפילות,נשים,9
הונגריה,2000,נפילות,סך הכול,40.7
הונגריה,2001,נפילות,סך הכול,38.6
הונגריה,2002,נפילות,סך הכול,40.2
הונגריה,2003,נפילות,סך הכול,39
הונגריה,2004,נפילות,סך הכול,36.9
הונגריה,2005,נפילות,סך הכול,24.4
הונגריה,2006,נפילות,סך הכול,20.8
הונגריה,2007,נפילות,סך הכול,21.1
הונגריה,2008,נפילות,סך הכול,21.2
הונגריה,2009,נפילות,סך הכול,21.3
הונגריה,2010,נפילות,סך הכול,20.2
הונגריה,2011,נפילות,סך הכול,19
הונגריה,2012,נפילות,סך הכול,18.7
הונגריה,2013,נפילות,סך הכול,18.2
הונגריה,2014,נפילות,סך הכול,18.2
הונגריה,2015,נפילות,סך הכול,18.2
הונגריה,2016,נפילות,סך הכול,16.5
הונגריה,2017,נפילות,סך הכול,16.6
הונגריה,2018,נפילות,סך הכול,15.8
הונגריה,2019,נפילות,סך הכול,16.3
הונגריה,2020,נפילות,סך הכול,15.1
הונגריה,2021,נפילות,סך הכול,14.8
הונגריה,2022,נפילות,סך הכול,14.3
הונגריה,2023,נפילות,סך הכול,13.7
הונגריה,2024,נפילות,סך הכול,13
הונגריה,2000,סוכרת,גברים,26
הונגריה,2001,סוכרת,גברים,20.3
הונגריה,2002,סוכרת,גברים,27.1
הונגריה,2003,סוכרת,גברים,29.3
הונגריה,2004,סוכרת,גברים,26.8
הונגריה,2005,סוכרת,גברים,41.6
הונגריה,2006,סוכרת,גברים,37.3
הונגריה,2007,סוכרת,גברים,34.1
הונגריה,2008,סוכרת,גברים,32.3
הונגריה,2009,סוכרת,גברים,30
הונגריה,2010,סוכרת,גברים,29.2
הונגריה,2011,סוכרת,גברים,29.7
הונגריה,2012,סוכרת,גברים,31.7
הונגריה,2013,סוכרת,גברים,28.7
הונגריה,2014,סוכרת,גברים,28.4
הונגריה,2015,סוכרת,גברים,30.9
הונגריה,2016,סוכרת,גברים,31.5
הונגריה,2017,סוכרת,גברים,34.1
הונגריה,2018,סוכרת,גברים,34.6
הונגריה,2019,סוכרת,גברים,33.3
הונגריה,2020,סוכרת,גברים,40.4
הונגריה,2021,סוכרת,גברים,44.9
הונגריה,2022,סוכרת,גברים,39.2
הונגריה,2023,סוכרת,גברים,33.2
הונגריה,2024,סוכרת,גברים,37.6
הונגריה,2000,סוכרת,נשים,26.5
הונגריה,2001,סוכרת,נשים,19.1
הונגריה,2002,סוכרת,נשים,23.9
הונגריה,2003,סוכרת,נשים,26.6
הונגריה,2004,סוכרת,נשים,23.4
הונגריה,2005,סוכרת,נשים,35.2
הונגריה,2006,סוכרת,נשים,29.3
הונגריה,2007,סוכרת,נשים,28.5
הונגריה,2008,סוכרת,נשים,26.2
הונגריה,2009,סוכרת,נשים,24
הונגריה,2010,סוכרת,נשים,22.4
הונגריה,2011,סוכרת,נשים,25.3
הונגריה,2012,סוכרת,נשים,24.9
הונגריה,2013,סוכרת,נשים,22.2
הונגריה,2014,סוכרת,נשים,21.7
הונגריה,2015,סוכרת,נשים,23
הונגריה,2016,סוכרת,נשים,22.4
הונגריה,2017,סוכרת,נשים,25.1
הונגריה,2018,סוכרת,נשים,24.3
הונגריה,2019,סוכרת,נשים,24.3
הונגריה,2020,סוכרת,נשים,29
הונגריה,2021,סוכרת,נשים,30.3
הונגריה,2022,סוכרת,נשים,27
הונגריה,2023,סוכרת,נשים,24.1
הונגריה,2024,סוכרת,נשים,26.7
הונגריה,2000,סוכרת,סך הכול,26.6
הונגריה,2001,סוכרת,סך הכול,19.8
הונגריה,2002,סוכרת,סך הכול,25.5
הונגריה,2003,סוכרת,סך הכול,28.1
הונגריה,2004,סוכרת,סך הכול,25.1
הונגריה,2005,סוכרת,סך הכול,38.1
הונגריה,2006,סוכרת,סך הכול,32.8
הונגריה,2007,סוכרת,סך הכול,31.1
הונגריה,2008,סוכרת,סך הכול,29
הונגריה,2009,סוכרת,סך הכול,26.6
הונגריה,2010,סוכרת,סך הכול,25.4
הונגריה,2011,סוכרת,סך הכול,27.4
הונגריה,2012,סוכרת,סך הכול,27.9
הונגריה,2013,סוכרת,סך הכול,25.2
הונגריה,2014,סוכרת,סך הכול,24.7
הונגריה,2015,סוכרת,סך הכול,26.3
הונגריה,2016,סוכרת,סך הכול,26.2
הונגריה,2017,סוכרת,סך הכול,28.9
הונגריה,2018,סוכרת,סך הכול,28.6
הונגריה,2019,סוכרת,סך הכול,28
הונגריה,2020,סוכרת,סך הכול,34
הונגריה,2021,סוכרת,סך הכול,36.5
הונגריה,2022,סוכרת,סך הכול,32.2
הונגריה,2023,סוכרת,סך הכול,28
הונגריה,2024,סוכרת,סך הכול,31.1
הונגריה,2020,קורונה,גברים,112.5
הונגריה,2021,קורונה,גברים,296.6
הונגריה,2022,קורונה,גברים,95.8
הונגריה,2023,קורונה,גברים,27
הונגריה,2024,קורונה,גברים,10.9
הונגריה,2020,קורונה,נשים,61.8
הונגריה,2021,קורונה,נשים,175
הונגריה,2022,קורונה,נשים,55
הונגריה,2023,קורונה,נשים,11.6
הונגריה,2024,קורונה,נשים,5
הונגריה,2020,קורונה,סך הכול,81.4
הונגריה,2021,קורונה,סך הכול,224.2
הונגריה,2022,קורונה,סך הכול,70.2
הונגריה,2023,קורונה,סך הכול,16.8
הונגריה,2024,קורונה,סך הכול,6.9
הונגריה,2000,שפעת,גברים,0.7
הונגריה,2001,שפעת,גברים,0.3
הונגריה,2002,שפעת,גברים,0.1
הונגריה,2003,שפעת,גברים,0.5
הונגריה,2004,שפעת,גברים,0.1
הונגריה,2005,שפעת,גברים,0.2
הונגריה,2006,שפעת,גברים,0
הונגריה,2007,שפעת,גברים,0.1
הונגריה,2008,שפעת,גברים,0.2
הונגריה,2009,שפעת,גברים,0.3
הונגריה,2010,שפעת,גברים,0.1
הונגריה,2011,שפעת,גברים,0.3
הונגריה,2012,שפעת,גברים,0
הונגריה,2013,שפעת,גברים,0.1
הונגריה,2014,שפעת,גברים,0
הונגריה,2015,שפעת,גברים,0.4
הונגריה,2016,שפעת,גברים,0.2
הונגריה,2017,שפעת,גברים,0.5
הונגריה,2018,שפעת,גברים,0.8
הונגריה,2019,שפעת,גברים,0.3
הונגריה,2020,שפעת,גברים,0.2
הונגריה,2022,שפעת,גברים,0.1
הונגריה,2023,שפעת,גברים,0.4
הונגריה,2024,שפעת,גברים,0.5
הונגריה,2000,שפעת,נשים,0.5
הונגריה,2001,שפעת,נשים,0.2
הונגריה,2002,שפעת,נשים,0.1
הונגריה,2003,שפעת,נשים,0.4
הונגריה,2004,שפעת,נשים,0.1
הונגריה,2005,שפעת,נשים,0.3
הונגריה,2006,שפעת,נשים,0
הונגריה,2007,שפעת,נשים,0.1
הונגריה,2008,שפעת,נשים,0.1
הונגריה,2009,שפעת,נשים,0.2
הונגריה,2010,שפעת,נשים,0.1
הונגריה,2011,שפעת,נשים,0.3
הונגריה,2012,שפעת,נשים,0.1
הונגריה,2013,שפעת,נשים,0
הונגריה,2014,שפעת,נשים,0
הונגריה,2015,שפעת,נשים,0.2
הונגריה,2017,שפעת,נשים,0.4
הונגריה,2018,שפעת,נשים,0.4
הונגריה,2019,שפעת,נשים,0.4
הונגריה,2020,שפעת,נשים,0.2
הונגריה,2021,שפעת,נשים,0
הונגריה,2022,שפעת,נשים,0.1
הונגריה,2023,שפעת,נשים,0.2
הונגריה,2024,שפעת,נשים,0.3
הונגריה,2000,שפעת,סך הכול,0.6
הונגריה,2001,שפעת,סך הכול,0.2
הונגריה,2002,שפעת,סך הכול,0.1
הונגריה,2003,שפעת,סך הכול,0.4
הונגריה,2004,שפעת,סך הכול,0.1
הונגריה,2005,שפעת,סך הכול,0.3
הונגריה,2006,שפעת,סך הכול,0
הונגריה,2007,שפעת,סך הכול,0.1
הונגריה,2008,שפעת,סך הכול,0.1
הונגריה,2009,שפעת,סך הכול,0.2
הונגריה,2010,שפעת,סך הכול,0.1
הונגריה,2011,שפעת,סך הכול,0.3
הונגריה,2012,שפעת,סך הכול,0.1
הונגריה,2013,שפעת,סך הכול,0.1
הונגריה,2014,שפעת,סך הכול,0
הונגריה,2015,שפעת,סך הכול,0.3
הונגריה,2016,שפעת,סך הכול,0.1
הונגריה,2017,שפעת,סך הכול,0.4
הונגריה,2018,שפעת,סך הכול,0.6
הונגריה,2019,שפעת,סך הכול,0.3
הונגריה,2020,שפעת,סך הכול,0.2
הונגריה,2021,שפעת,סך הכול,0
הונגריה,2022,שפעת,סך הכול,0.1
הונגריה,2023,שפעת,סך הכול,0.3
הונגריה,2024,שפעת,סך הכול,0.4
הונגריה,2000,תאונות דרכים,גברים,24.7
הונגריה,2001,תאונות דרכים,גברים,24.8
הונגריה,2002,תאונות דרכים,גברים,27.8
הונגריה,2003,תאונות דרכים,גברים,26.3
הונגריה,2004,תאונות דרכים,גברים,26.2
הונגריה,2005,תאונות דרכים,גברים,25.4
הונגריה,2006,תאונות דרכים,גברים,26.3
הונגריה,2007,תאונות דרכים,גברים,24.5
הונגריה,2008,תאונות דרכים,גברים,21.1
הונגריה,2009,תאונות דרכים,גברים,17.9
הונגריה,2010,תאונות דרכים,גברים,15.7
הונגריה,2011,תאונות דרכים,גברים,14.6
הונגריה,2012,תאונות דרכים,גברים,13.4
הונגריה,2013,תאונות דרכים,גברים,12.5
הונגריה,2014,תאונות דרכים,גברים,13
הונגריה,2015,תאונות דרכים,גברים,14.1
הונגריה,2016,תאונות דרכים,גברים,14.5
הונגריה,2017,תאונות דרכים,גברים,14.1
הונגריה,2018,תאונות דרכים,גברים,13.9
הונגריה,2019,תאונות דרכים,גברים,13.1
הונגריה,2020,תאונות דרכים,גברים,10.5
הונגריה,2021,תאונות דרכים,גברים,12.1
הונגריה,2022,תאונות דרכים,גברים,11.5
הונגריה,2023,תאונות דרכים,גברים,10.8
הונגריה,2024,תאונות דרכים,גברים,11.3
הונגריה,2000,תאונות דרכים,נשים,7.1
הונגריה,2001,תאונות דרכים,נשים,7.1
הונגריה,2002,תאונות דרכים,נשים,8
הונגריה,2003,תאונות דרכים,נשים,6.7
הונגריה,2004,תאונות דרכים,נשים,7
הונגריה,2005,תאונות דרכים,נשים,6.9
הונגריה,2006,תאונות דרכים,נשים,6.3
הונגריה,2007,תאונות דרכים,נשים,6.7
הונגריה,2008,תאונות דרכים,נשים,5.5
הונגריה,2009,תאונות דרכים,נשים,4.9
הונגריה,2010,תאונות דרכים,נשים,4.3
הונגריה,2011,תאונות דרכים,נשים,4.4
הונגריה,2012,תאונות דרכים,נשים,4
הונגריה,2013,תאונות דרכים,נשים,3.8
הונגריה,2014,תאונות דרכים,נשים,3.8
הונגריה,2015,תאונות דרכים,נשים,3.8
הונגריה,2016,תאונות דרכים,נשים,3.4
הונגריה,2017,תאונות דרכים,נשים,3.8
הונגריה,2018,תאונות דרכים,נשים,4.2
הונגריה,2019,תאונות דרכים,נשים,4.5
הונגריה,2020,תאונות דרכים,נשים,3
הונגריה,2021,תאונות דרכים,נשים,3.1
הונגריה,2022,תאונות דרכים,נשים,3.3
הונגריה,2023,תאונות דרכים,נשים,3.2
הונגריה,2024,תאונות דרכים,נשים,3.1
הונגריה,2000,תאונות דרכים,סך הכול,15.2
הונגריה,2001,תאונות דרכים,סך הכול,15.2
הונגריה,2002,תאונות דרכים,סך הכול,17.1
הונגריה,2003,תאונות דרכים,סך הכול,15.6
הונגריה,2004,תאונות דרכים,סך הכול,15.9
הונגריה,2005,תאונות דרכים,סך הכול,15.3
הונגריה,2006,תאונות דרכים,סך הכול,15.6
הונגריה,2007,תאונות דרכים,סך הכול,15
הונגריה,2008,תאונות דרכים,סך הכול,12.7
הונגריה,2009,תאונות דרכים,סך הכול,10.9
הונגריה,2010,תאונות דרכים,סך הכול,9.6
הונגריה,2011,תאונות דרכים,סך הכול,8.9
הונגריה,2012,תאונות דרכים,סך הכול,8.3
הונגריה,2013,תאונות דרכים,סך הכול,7.7
הונגריה,2014,תאונות דרכים,סך הכול,8
הונגריה,2015,תאונות דרכים,סך הכול,8.5
הונגריה,2016,תאונות דרכים,סך הכול,8.4
הונגריה,2017,תאונות דרכים,סך הכול,8.4
הונגריה,2018,תאונות דרכים,סך הכול,8.6
הונגריה,2019,תאונות דרכים,סך הכול,8.4
הונגריה,2020,תאונות דרכים,סך הכול,6.5
הונגריה,2021,תאונות דרכים,סך הכול,7.4
הונגריה,2022,תאונות דרכים,סך הכול,7.1
הונגריה,2023,תאונות דרכים,סך הכול,6.7
הונגריה,2024,תאונות דרכים,סך הכול,6.9
הונגריה,2000,תקיפה,גברים,3.3
הונגריה,2001,תקיפה,גברים,3.6
הונגריה,2002,תקיפה,גברים,3
הונגריה,2003,תקיפה,גברים,2.6
הונגריה,2004,תקיפה,גברים,2.8
הונגריה,2005,תקיפה,גברים,2.3
הונגריה,2006,תקיפה,גברים,2.3
הונגריה,2007,תקיפה,גברים,2.1
הונגריה,2008,תקיפה,גברים,2.6
הונגריה,2009,תקיפה,גברים,1.8
הונגריה,2010,תקיפה,גברים,2
הונגריה,2011,תקיפה,גברים,2
הונגריה,2012,תקיפה,גברים,1.8
הונגריה,2013,תקיפה,גברים,1.6
הונגריה,2014,תקיפה,גברים,1.1
הונגריה,2015,תקיפה,גברים,1.5
הונגריה,2016,תקיפה,גברים,1.3
הונגריה,2017,תקיפה,גברים,1
הונגריה,2018,תקיפה,גברים,1.5
הונגריה,2019,תקיפה,גברים,0.9
הונגריה,2020,תקיפה,גברים,1.3
הונגריה,2021,תקיפה,גברים,1
הונגריה,2022,תקיפה,גברים,1.3
הונגריה,2023,תקיפה,גברים,1
הונגריה,2024,תקיפה,גברים,1.1
הונגריה,2000,תקיפה,נשים,2.2
הונגריה,2001,תקיפה,נשים,1.5
הונגריה,2002,תקיפה,נשים,2
הונגריה,2003,תקיפה,נשים,1.5
הונגריה,2004,תקיפה,נשים,1.6
הונגריה,2005,תקיפה,נשים,1.6
הונגריה,2006,תקיפה,נשים,1.6
הונגריה,2007,תקיפה,נשים,1.4
הונגריה,2008,תקיפה,נשים,1.6
הונגריה,2009,תקיפה,נשים,1.1
הונגריה,2010,תקיפה,נשים,1
הונגריה,2011,תקיפה,נשים,1.3
הונגריה,2012,תקיפה,נשים,1.1
הונגריה,2013,תקיפה,נשים,0.9
הונגריה,2014,תקיפה,נשים,0.7
הונגריה,2015,תקיפה,נשים,1
הונגריה,2016,תקיפה,נשים,0.7
הונגריה,2017,תקיפה,נשים,0.7
הונגריה,2018,תקיפה,נשים,0.7
הונגריה,2019,תקיפה,נשים,0.7
הונגריה,2020,תקיפה,נשים,0.6
הונגריה,2021,תקיפה,נשים,0.4
הונגריה,2022,תקיפה,נשים,0.6
הונגריה,2023,תקיפה,נשים,0.5
הונגריה,2024,תקיפה,נשים,0.8
הונגריה,2000,תקיפה,סך הכול,2.7
הונגריה,2001,תקיפה,סך הכול,2.5
הונגריה,2002,תקיפה,סך הכול,2.5
הונגריה,2003,תקיפה,סך הכול,2
הונגריה,2004,תקיפה,סך הכול,2.2
הונגריה,2005,תקיפה,סך הכול,1.9
הונגריה,2006,תקיפה,סך הכול,1.9
הונגריה,2007,תקיפה,סך הכול,1.7
הונגריה,2008,תקיפה,סך הכול,2
הונגריה,2009,תקיפה,סך הכול,1.5
הונגריה,2010,תקיפה,סך הכול,1.5
הונגריה,2011,תקיפה,סך הכול,1.6
הונגריה,2012,תקיפה,סך הכול,1.4
הונגריה,2013,תקיפה,סך הכול,1.2
הונגריה,2014,תקיפה,סך הכול,0.9
הונגריה,2015,תקיפה,סך הכול,1.2
הונגריה,2016,תקיפה,סך הכול,1
הונגריה,2017,תקיפה,סך הכול,0.9
הונגריה,2018,תקיפה,סך הכול,1.1
הונגריה,2019,תקיפה,סך הכול,0.8
הונגריה,2020,תקיפה,סך הכול,1
הונגריה,2021,תקיפה,סך הכול,0.7
הונגריה,2022,תקיפה,סך הכול,0.9
הונגריה,2023,תקיפה,סך הכול,0.7
הונגריה,2024,תקיפה,סך הכול,0.9
יוון,2000,גידולים,גברים,318.9
יוון,2001,גידולים,גברים,322.7
יוון,2002,גידולים,גברים,310.6
יוון,2003,גידולים,גברים,314.8
יוון,2004,גידולים,גברים,316.3
יוון,2005,גידולים,גברים,315.2
יוון,2006,גידולים,גברים,299.5
יוון,2007,גידולים,גברים,304.7
יוון,2008,גידולים,גברים,303.4
יוון,2009,גידולים,גברים,298.6
יוון,2010,גידולים,גברים,283.9
יוון,2011,גידולים,גברים,282.5
יוון,2012,גידולים,גברים,296.4
יוון,2013,גידולים,גברים,298.6
יוון,2014,גידולים,גברים,301.6
יוון,2015,גידולים,גברים,303.2
יוון,2016,גידולים,גברים,297.4
יוון,2017,גידולים,גברים,297.2
יוון,2018,גידולים,גברים,289.7
יוון,2019,גידולים,גברים,287
יוון,2020,גידולים,גברים,284.3
יוון,2021,גידולים,גברים,289.1
יוון,2022,גידולים,גברים,278.1
יוון,2023,גידולים,גברים,276.7
יוון,2000,גידולים,נשים,162.9
יוון,2001,גידולים,נשים,166.9
יוון,2002,גידולים,נשים,167
יוון,2003,גידולים,נשים,163.4
יוון,2004,גידולים,נשים,166.3
יוון,2005,גידולים,נשים,163.5
יוון,2006,גידולים,נשים,160.3
יוון,2007,גידולים,נשים,164.5
יוון,2008,גידולים,נשים,164.3
יוון,2009,גידולים,נשים,157.3
יוון,2010,גידולים,נשים,155.8
יוון,2011,גידולים,נשים,150.8
יוון,2012,גידולים,נשים,150
יוון,2013,גידולים,נשים,153
יוון,2014,גידולים,נשים,153
יוון,2015,גידולים,נשים,154.3
יוון,2016,גידולים,נשים,158.8
יוון,2017,גידולים,נשים,152.8
יוון,2018,גידולים,נשים,151.8
יוון,2019,גידולים,נשים,152.6
יוון,2020,גידולים,נשים,153.6
יוון,2021,גידולים,נשים,146.9
יוון,2022,גידולים,נשים,141.7
יוון,2023,גידולים,נשים,147.4
יוון,2000,גידולים,סך הכול,232
יוון,2001,גידולים,סך הכול,235.9
יוון,2002,גידולים,סך הכול,230.8
יוון,2003,גידולים,סך הכול,231
יוון,2004,גידולים,סך הכול,233.5
יוון,2005,גידולים,סך הכול,231.4
יוון,2006,גידולים,סך הכול,222.7
יוון,2007,גידולים,סך הכול,227.5
יוון,2008,גידולים,סך הכול,226.8
יוון,2009,גידולים,סך הכול,220.7
יוון,2010,גידולים,סך הכול,213.2
יוון,2011,גידולים,סך הכול,210
יוון,2012,גידולים,סך הכול,215
יוון,2013,גידולים,סך הכול,217.6
יוון,2014,גידולים,סך הכול,219
יוון,2015,גידולים,סך הכול,220.5
יוון,2016,גידולים,סך הכול,220.3
יוון,2017,גידולים,סך הכול,216.9
יוון,2018,גידולים,סך הכול,213.1
יוון,2019,גידולים,סך הכול,212.4
יוון,2020,גידולים,סך הכול,211.7
יוון,2021,גידולים,סך הכול,207.9
יוון,2022,גידולים,סך הכול,200.4
יוון,2023,גידולים,סך הכול,204.2
יוון,2000,מחלות זיהומיות,גברים,6.3
יוון,2001,מחלות זיהומיות,גברים,7.6
יוון,2002,מחלות זיהומיות,גברים,8.7
יוון,2003,מחלות זיהומיות,גברים,8.6
יוון,2004,מחלות זיהומיות,גברים,7.8
יוון,2005,מחלות זיהומיות,גברים,7.5
יוון,2006,מחלות זיהומיות,גברים,7.9
יוון,2007,מחלות זיהומיות,גברים,9
יוון,2008,מחלות זיהומיות,גברים,10.3
יוון,2009,מחלות זיהומיות,גברים,10.9
יוון,2010,מחלות זיהומיות,גברים,9.3
יוון,2011,מחלות זיהומיות,גברים,8.1
יוון,2012,מחלות זיהומיות,גברים,9.6
יוון,2013,מחלות זיהומיות,גברים,9.6
יוון,2014,מחלות זיהומיות,גברים,24.9
יוון,2015,מחלות זיהומיות,גברים,25.3
יוון,2016,מחלות זיהומיות,גברים,25.7
יוון,2017,מחלות זיהומיות,גברים,26.2
יוון,2018,מחלות זיהומיות,גברים,23.7
יוון,2019,מחלות זיהומיות,גברים,25.4
יוון,2020,מחלות זיהומיות,גברים,23
יוון,2021,מחלות זיהומיות,גברים,19.9
יוון,2022,מחלות זיהומיות,גברים,20.3
יוון,2023,מחלות זיהומיות,גברים,22.3
יוון,2000,מחלות זיהומיות,נשים,4.6
יוון,2001,מחלות זיהומיות,נשים,6
יוון,2002,מחלות זיהומיות,נשים,7.4
יוון,2003,מחלות זיהומיות,נשים,6.8
יוון,2004,מחלות זיהומיות,נשים,5.8
יוון,2005,מחלות זיהומיות,נשים,7.4
יוון,2006,מחלות זיהומיות,נשים,7.1
יוון,2007,מחלות זיהומיות,נשים,8.9
יוון,2008,מחלות זיהומיות,נשים,9.2
יוון,2009,מחלות זיהומיות,נשים,9.6
יוון,2010,מחלות זיהומיות,נשים,8.3
יוון,2011,מחלות זיהומיות,נשים,7.1
יוון,2012,מחלות זיהומיות,נשים,7.3
יוון,2013,מחלות זיהומיות,נשים,7.2
יוון,2014,מחלות זיהומיות,נשים,23.4
יוון,2015,מחלות זיהומיות,נשים,26.4
יוון,2016,מחלות זיהומיות,נשים,26
יוון,2017,מחלות זיהומיות,נשים,26.3
יוון,2018,מחלות זיהומיות,נשים,25.3
יוון,2019,מחלות זיהומיות,נשים,25.2
יוון,2020,מחלות זיהומיות,נשים,23.1
יוון,2021,מחלות זיהומיות,נשים,18.2
יוון,2022,מחלות זיהומיות,נשים,19.4
יוון,2023,מחלות זיהומיות,נשים,20
יוון,2000,מחלות זיהומיות,סך הכול,5.4
יוון,2001,מחלות זיהומיות,סך הכול,6.8
יוון,2002,מחלות זיהומיות,סך הכול,8
יוון,2003,מחלות זיהומיות,סך הכול,7.7
יוון,2004,מחלות זיהומיות,סך הכול,6.7
יוון,2005,מחלות זיהומיות,סך הכול,7.5
יוון,2006,מחלות זיהומיות,סך הכול,7.5
יוון,2007,מחלות זיהומיות,סך הכול,9
יוון,2008,מחלות זיהומיות,סך הכול,9.8
יוון,2009,מחלות זיהומיות,סך הכול,10.2
יוון,2010,מחלות זיהומיות,סך הכול,8.8
יוון,2011,מחלות זיהומיות,סך הכול,7.6
יוון,2012,מחלות זיהומיות,סך הכול,8.4
יוון,2013,מחלות זיהומיות,סך הכול,8.4
יוון,2014,מחלות זיהומיות,סך הכול,24.3
יוון,2015,מחלות זיהומיות,סך הכול,26.2
יוון,2016,מחלות זיהומיות,סך הכול,26.1
יוון,2017,מחלות זיהומיות,סך הכול,26.5
יוון,2018,מחלות זיהומיות,סך הכול,24.9
יוון,2019,מחלות זיהומיות,סך הכול,25.5
יוון,2020,מחלות זיהומיות,סך הכול,23.3
יוון,2021,מחלות זיהומיות,סך הכול,19.1
יוון,2022,מחלות זיהומיות,סך הכול,20
יוון,2023,מחלות זיהומיות,סך הכול,21.2
יוון,2000,מחלות כלי דם במוח,גברים,205.3
יוון,2001,מחלות כלי דם במוח,גברים,196.3
יוון,2002,מחלות כלי דם במוח,גברים,195.6
יוון,2003,מחלות כלי דם במוח,גברים,184
יוון,2004,מחלות כלי דם במוח,גברים,176.2
יוון,2005,מחלות כלי דם במוח,גברים,163.4
יוון,2006,מחלות כלי דם במוח,גברים,157
יוון,2007,מחלות כלי דם במוח,גברים,138.7
יוון,2008,מחלות כלי דם במוח,גברים,134
יוון,2009,מחלות כלי דם במוח,גברים,127.4
יוון,2010,מחלות כלי דם במוח,גברים,112.7
יוון,2011,מחלות כלי דם במוח,גברים,109.6
יוון,2012,מחלות כלי דם במוח,גברים,116.9
יוון,2013,מחלות כלי דם במוח,גברים,105.6
יוון,2014,מחלות כלי דם במוח,גברים,96.7
יוון,2015,מחלות כלי דם במוח,גברים,97.2
יוון,2016,מחלות כלי דם במוח,גברים,89.6
יוון,2017,מחלות כלי דם במוח,גברים,87.9
יוון,2018,מחלות כלי דם במוח,גברים,79.9
יוון,2019,מחלות כלי דם במוח,גברים,80.1
יוון,2020,מחלות כלי דם במוח,גברים,80.3
יוון,2021,מחלות כלי דם במוח,גברים,79.5
יוון,2022,מחלות כלי דם במוח,גברים,72.3
יוון,2023,מחלות כלי דם במוח,גברים,63.2
יוון,2000,מחלות כלי דם במוח,נשים,216.7
יוון,2001,מחלות כלי דם במוח,נשים,216.2
יוון,2002,מחלות כלי דם במוח,נשים,212.3
יוון,2003,מחלות כלי דם במוח,נשים,212.4
יוון,2004,מחלות כלי דם במוח,נשים,199.5
יוון,2005,מחלות כלי דם במוח,נשים,187.8
יוון,2006,מחלות כלי דם במוח,נשים,177
יוון,2007,מחלות כלי דם במוח,נשים,167
יוון,2008,מחלות כלי דם במוח,נשים,155.2
יוון,2009,מחלות כלי דם במוח,נשים,139.9
יוון,2010,מחלות כלי דם במוח,נשים,129.1
יוון,2011,מחלות כלי דם במוח,נשים,123.5
יוון,2012,מחלות כלי דם במוח,נשים,113.4
יוון,2013,מחלות כלי דם במוח,נשים,104.9
יוון,2014,מחלות כלי דם במוח,נשים,96.5
יוון,2015,מחלות כלי דם במוח,נשים,93.2
יוון,2016,מחלות כלי דם במוח,נשים,87.4
יוון,2017,מחלות כלי דם במוח,נשים,85.5
יוון,2018,מחלות כלי דם במוח,נשים,75.1
יוון,2019,מחלות כלי דם במוח,נשים,76.3
יוון,2020,מחלות כלי דם במוח,נשים,74.5
יוון,2021,מחלות כלי דם במוח,נשים,66.7
יוון,2022,מחלות כלי דם במוח,נשים,61.4
יוון,2023,מחלות כלי דם במוח,נשים,55.1
יוון,2000,מחלות כלי דם במוח,סך הכול,213.2
יוון,2001,מחלות כלי דם במוח,סך הכול,209
יוון,2002,מחלות כלי דם במוח,סך הכול,206.4
יוון,2003,מחלות כלי דם במוח,סך הכול,201.4
יוון,2004,מחלות כלי דם במוח,סך הכול,190.4
יוון,2005,מחלות כלי דם במוח,סך הכול,178.1
יוון,2006,מחלות כלי דם במוח,סך הכול,168.8
יוון,2007,מחלות כלי דם במוח,סך הכול,155
יוון,2008,מחלות כלי דם במוח,סך הכול,146.3
יוון,2009,מחלות כלי דם במוח,סך הכול,134.7
יוון,2010,מחלות כלי דם במוח,סך הכול,122.2
יוון,2011,מחלות כלי דם במוח,סך הכול,117.4
יוון,2012,מחלות כלי דם במוח,סך הכול,115.9
יוון,2013,מחלות כלי דם במוח,סך הכול,106.2
יוון,2014,מחלות כלי דם במוח,סך הכול,97.6
יוון,2015,מחלות כלי דם במוח,סך הכול,95.9
יוון,2016,מחלות כלי דם במוח,סך הכול,89.1
יוון,2017,מחלות כלי דם במוח,סך הכול,87.2
יוון,2018,מחלות כלי דם במוח,סך הכול,77.9
יוון,2019,מחלות כלי דם במוח,סך הכול,78.5
יוון,2020,מחלות כלי דם במוח,סך הכול,77.6
יוון,2021,מחלות כלי דם במוח,סך הכול,72.7
יוון,2022,מחלות כלי דם במוח,סך הכול,66.5
יוון,2023,מחלות כלי דם במוח,סך הכול,59
יוון,2000,מחלות לב איסכמיות,גברים,177
יוון,2001,מחלות לב איסכמיות,גברים,179
יוון,2002,מחלות לב איסכמיות,גברים,175.1
יוון,2003,מחלות לב איסכמיות,גברים,182.9
יוון,2004,מחלות לב איסכמיות,גברים,177.6
יוון,2005,מחלות לב איסכמיות,גברים,159.5
יוון,2006,מחלות לב איסכמיות,גברים,153.1
יוון,2007,מחלות לב איסכמיות,גברים,147.8
יוון,2008,מחלות לב איסכמיות,גברים,135.6
יוון,2009,מחלות לב איסכמיות,גברים,134.8
יוון,2010,מחלות לב איסכמיות,גברים,124.1
יוון,2011,מחלות לב איסכמיות,גברים,123.4
יוון,2012,מחלות לב איסכמיות,גברים,127.5
יוון,2013,מחלות לב איסכמיות,גברים,120.9
יוון,2014,מחלות לב איסכמיות,גברים,125.5
יוון,2015,מחלות לב איסכמיות,גברים,125
יוון,2016,מחלות לב איסכמיות,גברים,118.8
יוון,2017,מחלות לב איסכמיות,גברים,128.3
יוון,2018,מחלות לב איסכמיות,גברים,122.3
יוון,2019,מחלות לב איסכמיות,גברים,129.5
יוון,2020,מחלות לב איסכמיות,גברים,126.2
יוון,2021,מחלות לב איסכמיות,גברים,136.5
יוון,2022,מחלות לב איסכמיות,גברים,120.4
יוון,2023,מחלות לב איסכמיות,גברים,106.6
יוון,2000,מחלות לב איסכמיות,נשים,92.7
יוון,2001,מחלות לב איסכמיות,נשים,93.6
יוון,2002,מחלות לב איסכמיות,נשים,93.2
יוון,2003,מחלות לב איסכמיות,נשים,98.9
יוון,2004,מחלות לב איסכמיות,נשים,95.8
יוון,2005,מחלות לב איסכמיות,נשים,83.3
יוון,2006,מחלות לב איסכמיות,נשים,81.5
יוון,2007,מחלות לב איסכמיות,נשים,78.1
יוון,2008,מחלות לב איסכמיות,נשים,68.9
יוון,2009,מחלות לב איסכמיות,נשים,68.7
יוון,2010,מחלות לב איסכמיות,נשים,62.5
יוון,2011,מחלות לב איסכמיות,נשים,60.6
יוון,2012,מחלות לב איסכמיות,נשים,57.5
יוון,2013,מחלות לב איסכמיות,נשים,55.2
יוון,2014,מחלות לב איסכמיות,נשים,57.5
יוון,2015,מחלות לב איסכמיות,נשים,56.2
יוון,2016,מחלות לב איסכמיות,נשים,52.7
יוון,2017,מחלות לב איסכמיות,נשים,58.7
יוון,2018,מחלות לב איסכמיות,נשים,56.4
יוון,2019,מחלות לב איסכמיות,נשים,59.2
יוון,2020,מחלות לב איסכמיות,נשים,60.5
יוון,2021,מחלות לב איסכמיות,נשים,60.9
יוון,2022,מחלות לב איסכמיות,נשים,54.2
יוון,2023,מחלות לב איסכמיות,נשים,48.4
יוון,2000,מחלות לב איסכמיות,סך הכול,131.7
יוון,2001,מחלות לב איסכמיות,סך הכול,133
יוון,2002,מחלות לב איסכמיות,סך הכול,131.1
יוון,2003,מחלות לב איסכמיות,סך הכול,137.8
יוון,2004,מחלות לב איסכמיות,סך הכול,134
יוון,2005,מחלות לב איסכמיות,סך הכול,118.9
יוון,2006,מחלות לב איסכמיות,סך הכול,114.9
יוון,2007,מחלות לב איסכמיות,סך הכול,110.8
יוון,2008,מחלות לב איסכמיות,סך הכול,100.1
יוון,2009,מחלות לב איסכמיות,סך הכול,99.7
יוון,2010,מחלות לב איסכמיות,סך הכול,91.4
יוון,2011,מחלות לב איסכמיות,סך הכול,90
יוון,2012,מחלות לב איסכמיות,סך הכול,90
יוון,2013,מחלות לב איסכמיות,סך הכול,85.6
יוון,2014,מחלות לב איסכמיות,סך הכול,88.9
יוון,2015,מחלות לב איסכמיות,סך הכול,88
יוון,2016,מחלות לב איסכמיות,סך הכול,83.2
יוון,2017,מחלות לב איסכמיות,סך הכול,90.8
יוון,2018,מחלות לב איסכמיות,סך הכול,86.7
יוון,2019,מחלות לב איסכמיות,סך הכול,91.6
יוון,2020,מחלות לב איסכמיות,סך הכול,90.7
יוון,2021,מחלות לב איסכמיות,סך הכול,94.7
יוון,2022,מחלות לב איסכמיות,סך הכול,84
יוון,2023,מחלות לב איסכמיות,סך הכול,75
יוון,2000,מחלות מערכת הדם,גברים,623.7
יוון,2001,מחלות מערכת הדם,גברים,598.3
יוון,2002,מחלות מערכת הדם,גברים,594.8
יוון,2003,מחלות מערכת הדם,גברים,583.1
יוון,2004,מחלות מערכת הדם,גברים,561.2
יוון,2005,מחלות מערכת הדם,גברים,523.5
יוון,2006,מחלות מערכת הדם,גברים,506.3
יוון,2007,מחלות מערכת הדם,גברים,482.3
יוון,2008,מחלות מערכת הדם,גברים,458.2
יוון,2009,מחלות מערכת הדם,גברים,439.2
יוון,2010,מחלות מערכת הדם,גברים,405.3
יוון,2011,מחלות מערכת הדם,גברים,394.3
יוון,2012,מחלות מערכת הדם,גברים,412.3
יוון,2013,מחלות מערכת הדם,גברים,374.3
יוון,2014,מחלות מערכת הדם,גברים,356.6
יוון,2015,מחלות מערכת הדם,גברים,359.6
יוון,2016,מחלות מערכת הדם,גברים,334.3
יוון,2017,מחלות מערכת הדם,גברים,348
יוון,2018,מחלות מערכת הדם,גברים,325.9
יוון,2019,מחלות מערכת הדם,גברים,319.9
יוון,2020,מחלות מערכת הדם,גברים,321.8
יוון,2021,מחלות מערכת הדם,גברים,343.2
יוון,2022,מחלות מערכת הדם,גברים,321.6
יוון,2023,מחלות מערכת הדם,גברים,290
יוון,2000,מחלות מערכת הדם,נשים,542.6
יוון,2001,מחלות מערכת הדם,נשים,537.2
יוון,2002,מחלות מערכת הדם,נשים,529.6
יוון,2003,מחלות מערכת הדם,נשים,542.8
יוון,2004,מחלות מערכת הדם,נשים,521.5
יוון,2005,מחלות מערכת הדם,נשים,489.4
יוון,2006,מחלות מערכת הדם,נשים,476.8
יוון,2007,מחלות מערכת הדם,נשים,463
יוון,2008,מחלות מערכת הדם,נשים,435.2
יוון,2009,מחלות מערכת הדם,נשים,403.7
יוון,2010,מחלות מערכת הדם,נשים,380.5
יוון,2011,מחלות מערכת הדם,נשים,357.9
יוון,2012,מחלות מערכת הדם,נשים,326.8
יוון,2013,מחלות מערכת הדם,נשים,295.6
יוון,2014,מחלות מערכת הדם,נשים,275.6
יוון,2015,מחלות מערכת הדם,נשים,273.3
יוון,2016,מחלות מערכת הדם,נשים,254.2
יוון,2017,מחלות מערכת הדם,נשים,263
יוון,2018,מחלות מערכת הדם,נשים,242.5
יוון,2019,מחלות מערכת הדם,נשים,234.6
יוון,2020,מחלות מערכת הדם,נשים,240.1
יוון,2021,מחלות מערכת הדם,נשים,226.4
יוון,2022,מחלות מערכת הדם,נשים,216.5
יוון,2023,מחלות מערכת הדם,נשים,205.2
יוון,2000,מחלות מערכת הדם,סך הכול,582.9
יוון,2001,מחלות מערכת הדם,סך הכול,569
יוון,2002,מחלות מערכת הדם,סך הכול,562.8
יוון,2003,מחלות מערכת הדם,סך הכול,565.6
יוון,2004,מחלות מערכת הדם,סך הכול,543.6
יוון,2005,מחלות מערכת הדם,סך הכול,508.6
יוון,2006,מחלות מערכת הדם,סך הכול,493.2
יוון,2007,מחלות מערכת הדם,סך הכול,474.5
יוון,2008,מחלות מערכת הדם,סך הכול,448
יוון,2009,מחלות מערכת הדם,סך הכול,421.9
יוון,2010,מחלות מערכת הדם,סך הכול,393.8
יוון,2011,מחלות מערכת הדם,סך הכול,375.7
יוון,2012,מחלות מערכת הדם,סך הכול,368.5
יוון,2013,מחלות מערכת הדם,סך הכול,333.9
יוון,2014,מחלות מערכת הדם,סך הכול,315.2
יוון,2015,מחלות מערכת הדם,סך הכול,315.1
יוון,2016,מחלות מערכת הדם,סך הכול,292.9
יוון,2017,מחלות מערכת הדם,סך הכול,303.6
יוון,2018,מחלות מערכת הדם,סך הכול,282.3
יוון,2019,מחלות מערכת הדם,סך הכול,275.2
יוון,2020,מחלות מערכת הדם,סך הכול,278.9
יוון,2021,מחלות מערכת הדם,סך הכול,279.3
יוון,2022,מחלות מערכת הדם,סך הכול,264.5
יוון,2023,מחלות מערכת הדם,סך הכול,245.1
יוון,2000,מחלות מערכת הנשימה,גברים,109.8
יוון,2001,מחלות מערכת הנשימה,גברים,97
יוון,2002,מחלות מערכת הנשימה,גברים,98
יוון,2003,מחלות מערכת הנשימה,גברים,93.5
יוון,2004,מחלות מערכת הנשימה,גברים,94.8
יוון,2005,מחלות מערכת הנשימה,גברים,99.4
יוון,2006,מחלות מערכת הנשימה,גברים,99.5
יוון,2007,מחלות מערכת הנשימה,גברים,108.9
יוון,2008,מחלות מערכת הנשימה,גברים,106.6
יוון,2009,מחלות מערכת הנשימה,גברים,107.7
יוון,2010,מחלות מערכת הנשימה,גברים,97.4
יוון,2011,מחלות מערכת הנשימה,גברים,92.8
יוון,2012,מחלות מערכת הנשימה,גברים,100.9
יוון,2013,מחלות מערכת הנשימה,גברים,96.4
יוון,2014,מחלות מערכת הנשימה,גברים,106.5
יוון,2015,מחלות מערכת הנשימה,גברים,115.7
יוון,2016,מחלות מערכת הנשימה,גברים,104.7
יוון,2017,מחלות מערכת הנשימה,גברים,100.5
יוון,2018,מחלות מערכת הנשימה,גברים,91.7
יוון,2019,מחלות מערכת הנשימה,גברים,94
יוון,2020,מחלות מערכת הנשימה,גברים,88.4
יוון,2021,מחלות מערכת הנשימה,גברים,96.9
יוון,2022,מחלות מערכת הנשימה,גברים,96.9
יוון,2023,מחלות מערכת הנשימה,גברים,93.2
יוון,2000,מחלות מערכת הנשימה,נשים,73.1
יוון,2001,מחלות מערכת הנשימה,נשים,63.1
יוון,2002,מחלות מערכת הנשימה,נשים,71.7
יוון,2003,מחלות מערכת הנשימה,נשים,71
יוון,2004,מחלות מערכת הנשימה,נשים,71.6
יוון,2005,מחלות מערכת הנשימה,נשים,73.3
יוון,2006,מחלות מערכת הנשימה,נשים,78
יוון,2007,מחלות מערכת הנשימה,נשים,87.9
יוון,2008,מחלות מערכת הנשימה,נשים,83.6
יוון,2009,מחלות מערכת הנשימה,נשים,82.5
יוון,2010,מחלות מערכת הנשימה,נשים,76.2
יוון,2011,מחלות מערכת הנשימה,נשים,72
יוון,2012,מחלות מערכת הנשימה,נשים,70.2
יוון,2013,מחלות מערכת הנשימה,נשים,63.9
יוון,2014,מחלות מערכת הנשימה,נשים,72.9
יוון,2015,מחלות מערכת הנשימה,נשים,84.7
יוון,2016,מחלות מערכת הנשימה,נשים,76.4
יוון,2017,מחלות מערכת הנשימה,נשים,75
יוון,2018,מחלות מערכת הנשימה,נשים,65.5
יוון,2019,מחלות מערכת הנשימה,נשים,70.4
יוון,2020,מחלות מערכת הנשימה,נשים,62.1
יוון,2021,מחלות מערכת הנשימה,נשים,60.6
יוון,2022,מחלות מערכת הנשימה,נשים,60
יוון,2023,מחלות מערכת הנשימה,נשים,62.1
יוון,2000,מחלות מערכת הנשימה,סך הכול,89.1
יוון,2001,מחלות מערכת הנשימה,סך הכול,77.7
יוון,2002,מחלות מערכת הנשימה,סך הכול,83.4
יוון,2003,מחלות מערכת הנשימה,סך הכול,81
יוון,2004,מחלות מערכת הנשימה,סך הכול,81.9
יוון,2005,מחלות מערכת הנשימה,סך הכול,85
יוון,2006,מחלות מערכת הנשימה,סך הכול,87.7
יוון,2007,מחלות מערכת הנשימה,סך הכול,97.3
יוון,2008,מחלות מערכת הנשימה,סך הכול,94
יוון,2009,מחלות מערכת הנשימה,סך הכול,93.8
יוון,2010,מחלות מערכת הנשימה,סך הכול,85.7
יוון,2011,מחלות מערכת הנשימה,סך הכול,81.2
יוון,2012,מחלות מערכת הנשימה,סך הכול,83.3
יוון,2013,מחלות מערכת הנשימה,סך הכול,77.8
יוון,2014,מחלות מערכת הנשימה,סך הכול,87.4
יוון,2015,מחלות מערכת הנשימה,סך הכול,98.3
יוון,2016,מחלות מערכת הנשימה,סך הכול,88.8
יוון,2017,מחלות מערכת הנשימה,סך הכול,86.2
יוון,2018,מחלות מערכת הנשימה,סך הכול,76.9
יוון,2019,מחלות מערכת הנשימה,סך הכול,80.8
יוון,2020,מחלות מערכת הנשימה,סך הכול,73.7
יוון,2021,מחלות מערכת הנשימה,סך הכול,75.5
יוון,2022,מחלות מערכת הנשימה,סך הכול,75
יוון,2023,מחלות מערכת הנשימה,סך הכול,75.3
יוון,2000,נפילות,גברים,6.4
יוון,2001,נפילות,גברים,7.9
יוון,2002,נפילות,גברים,7
יוון,2003,נפילות,גברים,6.4
יוון,2004,נפילות,גברים,7
יוון,2005,נפילות,גברים,6.8
יוון,2006,נפילות,גברים,6.2
יוון,2007,נפילות,גברים,7.5
יוון,2008,נפילות,גברים,6.9
יוון,2009,נפילות,גברים,6.8
יוון,2010,נפילות,גברים,5.3
יוון,2011,נפילות,גברים,4.2
יוון,2012,נפילות,גברים,4.8
יוון,2013,נפילות,גברים,5.6
יוון,2014,נפילות,גברים,4.2
יוון,2015,נפילות,גברים,5.1
יוון,2016,נפילות,גברים,5.2
יוון,2017,נפילות,גברים,7.2
יוון,2018,נפילות,גברים,7.1
יוון,2019,נפילות,גברים,7.8
יוון,2020,נפילות,גברים,9.3
יוון,2021,נפילות,גברים,9.7
יוון,2022,נפילות,גברים,8.8
יוון,2000,נפילות,נשים,3.4
יוון,2001,נפילות,נשים,3.6
יוון,2002,נפילות,נשים,2.8
יוון,2003,נפילות,נשים,2.7
יוון,2004,נפילות,נשים,2.9
יוון,2005,נפילות,נשים,3
יוון,2006,נפילות,נשים,2.5
יוון,2007,נפילות,נשים,2.6
יוון,2008,נפילות,נשים,2.4
יוון,2009,נפילות,נשים,2.3
יוון,2010,נפילות,נשים,2.1
יוון,2011,נפילות,נשים,2
יוון,2012,נפילות,נשים,1.9
יוון,2013,נפילות,נשים,2
יוון,2014,נפילות,נשים,2.1
יוון,2015,נפילות,נשים,3.1
יוון,2016,נפילות,נשים,3.6
יוון,2017,נפילות,נשים,4.6
יוון,2018,נפילות,נשים,4.6
יוון,2019,נפילות,נשים,5.4
יוון,2020,נפילות,נשים,7.3
יוון,2021,נפילות,נשים,7.1
יוון,2022,נפילות,נשים,6.5
יוון,2000,נפילות,סך הכול,4.8
יוון,2001,נפילות,סך הכול,5.6
יוון,2002,נפילות,סך הכול,4.8
יוון,2003,נפילות,סך הכול,4.5
יוון,2004,נפילות,סך הכול,4.8
יוון,2005,נפילות,סך הכול,4.8
יוון,2006,נפילות,סך הכול,4.3
יוון,2007,נפילות,סך הכול,5
יוון,2008,נפילות,סך הכול,4.5
יוון,2009,נפילות,סך הכול,4.4
יוון,2010,נפילות,סך הכול,3.6
יוון,2011,נפילות,סך הכול,3
יוון,2012,נפילות,סך הכול,3.2
יוון,2013,נפילות,סך הכול,3.6
יוון,2014,נפילות,סך הכול,3.1
יוון,2015,נפילות,סך הכול,4
יוון,2016,נפילות,סך הכול,4.3
יוון,2017,נפילות,סך הכול,5.8
יוון,2018,נפילות,סך הכול,5.8
יוון,2019,נפילות,סך הכול,6.5
יוון,2020,נפילות,סך הכול,8.3
יוון,2021,נפילות,סך הכול,8.2
יוון,2022,נפילות,סך הכול,7.6
יוון,2000,סוכרת,גברים,7.7
יוון,2001,סוכרת,גברים,7.1
יוון,2002,סוכרת,גברים,7.8
יוון,2003,סוכרת,גברים,8
יוון,2004,סוכרת,גברים,9.9
יוון,2005,סוכרת,גברים,10.5
יוון,2006,סוכרת,גברים,11.8
יוון,2007,סוכרת,גברים,12.3
יוון,2008,סוכרת,גברים,10.2
יוון,2009,סוכרת,גברים,9.3
יוון,2010,סוכרת,גברים,9.2
יוון,2011,סוכרת,גברים,10.6
יוון,2012,סוכרת,גברים,10.3
יוון,2013,סוכרת,גברים,11.8
יוון,2014,סוכרת,גברים,14.2
יוון,2015,סוכרת,גברים,14.8
יוון,2016,סוכרת,גברים,14.3
יוון,2017,סוכרת,גברים,16
יוון,2018,סוכרת,גברים,17.5
יוון,2019,סוכרת,גברים,18.1
יוון,2020,סוכרת,גברים,18.6
יוון,2021,סוכרת,גברים,19.3
יוון,2022,סוכרת,גברים,20.3
יוון,2023,סוכרת,גברים,19.6
יוון,2000,סוכרת,נשים,8.9
יוון,2001,סוכרת,נשים,6.7
יוון,2002,סוכרת,נשים,7.9
יוון,2003,סוכרת,נשים,8.4
יוון,2004,סוכרת,נשים,9.2
יוון,2005,סוכרת,נשים,9
יוון,2006,סוכרת,נשים,11.3
יוון,2007,סוכרת,נשים,10.9
יוון,2008,סוכרת,נשים,10.4
יוון,2009,סוכרת,נשים,7.9
יוון,2010,סוכרת,נשים,7.6
יוון,2011,סוכרת,נשים,7.1
יוון,2012,סוכרת,נשים,7
יוון,2013,סוכרת,נשים,8.7
יוון,2014,סוכרת,נשים,9.9
יוון,2015,סוכרת,נשים,10.6
יוון,2016,סוכרת,נשים,10.4
יוון,2017,סוכרת,נשים,12.7
יוון,2018,סוכרת,נשים,12.4
יוון,2019,סוכרת,נשים,13.5
יוון,2020,סוכרת,נשים,13.2
יוון,2021,סוכרת,נשים,13.8
יוון,2022,סוכרת,נשים,14.3
יוון,2023,סוכרת,נשים,14.9
יוון,2000,סוכרת,סך הכול,8.4
יוון,2001,סוכרת,סך הכול,6.9
יוון,2002,סוכרת,סך הכול,7.9
יוון,2003,סוכרת,סך הכול,8.3
יוון,2004,סוכרת,סך הכול,9.5
יוון,2005,סוכרת,סך הכול,9.7
יוון,2006,סוכרת,סך הכול,11.6
יוון,2007,סוכרת,סך הכול,11.6
יוון,2008,סוכרת,סך הכול,10.4
יוון,2009,סוכרת,סך הכול,8.5
יוון,2010,סוכרת,סך הכול,8.4
יוון,2011,סוכרת,סך הכול,8.7
יוון,2012,סוכרת,סך הכול,8.5
יוון,2013,סוכרת,סך הכול,10.2
יוון,2014,סוכרת,סך הכול,11.9
יוון,2015,סוכרת,סך הכול,12.5
יוון,2016,סוכרת,סך הכול,12.2
יוון,2017,סוכרת,סך הכול,14.2
יוון,2018,סוכרת,סך הכול,14.7
יוון,2019,סוכרת,סך הכול,15.6
יוון,2020,סוכרת,סך הכול,15.7
יוון,2021,סוכרת,סך הכול,16.3
יוון,2022,סוכרת,סך הכול,17
יוון,2023,סוכרת,סך הכול,17.1
יוון,2020,קורונה,גברים,45
יוון,2021,קורונה,גברים,139.1
יוון,2022,קורונה,גברים,126.8
יוון,2023,קורונה,גברים,46.2
יוון,2020,קורונה,נשים,23.2
יוון,2021,קורונה,נשים,82.7
יוון,2022,קורונה,נשים,79
יוון,2023,קורונה,נשים,29.3
יוון,2020,קורונה,סך הכול,33.1
יוון,2021,קורונה,סך הכול,107.8
יוון,2022,קורונה,סך הכול,99.4
יוון,2023,קורונה,סך הכול,36.5
יוון,2000,שפעת,גברים,0.2
יוון,2001,שפעת,גברים,0
יוון,2002,שפעת,גברים,0
יוון,2003,שפעת,גברים,0
יוון,2004,שפעת,גברים,0
יוון,2005,שפעת,גברים,0
יוון,2006,שפעת,גברים,0
יוון,2007,שפעת,גברים,0
יוון,2008,שפעת,גברים,0
יוון,2009,שפעת,גברים,0.4
יוון,2010,שפעת,גברים,0.5
יוון,2011,שפעת,גברים,1.1
יוון,2012,שפעת,גברים,0.1
יוון,2013,שפעת,גברים,0.2
יוון,2014,שפעת,גברים,0.8
יוון,2015,שפעת,גברים,0.4
יוון,2016,שפעת,גברים,1.3
יוון,2017,שפעת,גברים,0.9
יוון,2018,שפעת,גברים,0.4
יוון,2019,שפעת,גברים,1.4
יוון,2020,שפעת,גברים,1
יוון,2022,שפעת,גברים,0.3
יוון,2000,שפעת,נשים,0.2
יוון,2001,שפעת,נשים,0
יוון,2002,שפעת,נשים,0
יוון,2003,שפעת,נשים,0
יוון,2004,שפעת,נשים,0
יוון,2005,שפעת,נשים,0
יוון,2006,שפעת,נשים,0
יוון,2007,שפעת,נשים,0
יוון,2008,שפעת,נשים,0
יוון,2009,שפעת,נשים,0.2
יוון,2010,שפעת,נשים,0.4
יוון,2011,שפעת,נשים,0.8
יוון,2012,שפעת,נשים,0.1
יוון,2013,שפעת,נשים,0.1
יוון,2014,שפעת,נשים,0.6
יוון,2015,שפעת,נשים,0.3
יוון,2016,שפעת,נשים,1
יוון,2017,שפעת,נשים,0.5
יוון,2018,שפעת,נשים,0.1
יוון,2019,שפעת,נשים,0.7
יוון,2020,שפעת,נשים,0.8
יוון,2022,שפעת,נשים,0.2
יוון,2000,שפעת,סך הכול,0.2
יוון,2001,שפעת,סך הכול,0
יוון,2002,שפעת,סך הכול,0
יוון,2003,שפעת,סך הכול,0
יוון,2004,שפעת,סך הכול,0
יוון,2005,שפעת,סך הכול,0
יוון,2006,שפעת,סך הכול,0
יוון,2007,שפעת,סך הכול,0
יוון,2008,שפעת,סך הכול,0
יוון,2009,שפעת,סך הכול,0.3
יוון,2010,שפעת,סך הכול,0.5
יוון,2011,שפעת,סך הכול,0.9
יוון,2012,שפעת,סך הכול,0.1
יוון,2013,שפעת,סך הכול,0.1
יוון,2014,שפעת,סך הכול,0.7
יוון,2015,שפעת,סך הכול,0.3
יוון,2016,שפעת,סך הכול,1.1
יוון,2017,שפעת,סך הכול,0.6
יוון,2018,שפעת,סך הכול,0.3
יוון,2019,שפעת,סך הכול,1
יוון,2020,שפעת,סך הכול,0.9
יוון,2022,שפעת,סך הכול,0.2
יוון,2000,תאונות דרכים,גברים,32.1
יוון,2001,תאונות דרכים,גברים,27.9
יוון,2002,תאונות דרכים,גברים,25.7
יוון,2003,תאונות דרכים,גברים,25.6
יוון,2004,תאונות דרכים,גברים,27.1
יוון,2005,תאונות דרכים,גברים,26.6
יוון,2006,תאונות דרכים,גברים,25.5
יוון,2007,תאונות דרכים,גברים,24.7
יוון,2008,תאונות דרכים,גברים,24
יוון,2009,תאונות דרכים,גברים,23.3
יוון,2010,תאונות דרכים,גברים,20
יוון,2011,תאונות דרכים,גברים,18.6
יוון,2012,תאונות דרכים,גברים,17.4
יוון,2013,תאונות דרכים,גברים,15.5
יוון,2014,תאונות דרכים,גברים,15.2
יוון,2015,תאונות דרכים,גברים,17.8
יוון,2016,תאונות דרכים,גברים,16.6
יוון,2017,תאונות דרכים,גברים,14.7
יוון,2018,תאונות דרכים,גברים,13.9
יוון,2019,תאונות דרכים,גברים,13.9
יוון,2020,תאונות דרכים,גברים,11.4
יוון,2021,תאונות דרכים,גברים,12.2
יוון,2022,תאונות דרכים,גברים,13.5
יוון,2000,תאונות דרכים,נשים,9.1
יוון,2001,תאונות דרכים,נשים,8.1
יוון,2002,תאונות דרכים,נשים,7.3
יוון,2003,תאונות דרכים,נשים,6.1
יוון,2004,תאונות דרכים,נשים,7.8
יוון,2005,תאונות דרכים,נשים,7.9
יוון,2006,תאונות דרכים,נשים,5.6
יוון,2007,תאונות דרכים,נשים,6.5
יוון,2008,תאונות דרכים,נשים,5.7
יוון,2009,תאונות דרכים,נשים,5.2
יוון,2010,תאונות דרכים,נשים,4.9
יוון,2011,תאונות דרכים,נשים,4.6
יוון,2012,תאונות דרכים,נשים,3.5
יוון,2013,תאונות דרכים,נשים,4.1
יוון,2014,תאונות דרכים,נשים,3.6
יוון,2015,תאונות דרכים,נשים,5.9
יוון,2016,תאונות דרכים,נשים,4.8
יוון,2017,תאונות דרכים,נשים,2.6
יוון,2018,תאונות דרכים,נשים,2.9
יוון,2019,תאונות דרכים,נשים,2.5
יוון,2020,תאונות דרכים,נשים,1.8
יוון,2021,תאונות דרכים,נשים,2.3
יוון,2022,תאונות דרכים,נשים,2.7
יוון,2000,תאונות דרכים,סך הכול,20.4
יוון,2001,תאונות דרכים,סך הכול,17.8
יוון,2002,תאונות דרכים,סך הכול,16.4
יוון,2003,תאונות דרכים,סך הכול,15.7
יוון,2004,תאונות דרכים,סך הכול,17.3
יוון,2005,תאונות דרכים,סך הכול,17.1
יוון,2006,תאונות דרכים,סך הכול,15.5
יוון,2007,תאונות דרכים,סך הכול,15.5
יוון,2008,תאונות דרכים,סך הכול,14.8
יוון,2009,תאונות דרכים,סך הכול,14.2
יוון,2010,תאונות דרכים,סך הכול,12.4
יוון,2011,תאונות דרכים,סך הכול,11.5
יוון,2012,תאונות דרכים,סך הכול,10.4
יוון,2013,תאונות דרכים,סך הכול,9.6
יוון,2014,תאונות דרכים,סך הכול,9.2
יוון,2015,תאונות דרכים,סך הכול,11.7
יוון,2016,תאונות דרכים,סך הכול,10.5
יוון,2017,תאונות דרכים,סך הכול,8.5
יוון,2018,תאונות דרכים,סך הכול,8.3
יוון,2019,תאונות דרכים,סך הכול,8.1
יוון,2020,תאונות דרכים,סך הכול,6.5
יוון,2021,תאונות דרכים,סך הכול,7.2
יוון,2022,תאונות דרכים,סך הכול,7.9
יוון,2000,תקיפה,גברים,1.5
יוון,2001,תקיפה,גברים,1.5
יוון,2002,תקיפה,גברים,1.1
יוון,2003,תקיפה,גברים,1.6
יוון,2004,תקיפה,גברים,1.3
יוון,2005,תקיפה,גברים,1.4
יוון,2006,תקיפה,גברים,1.4
יוון,2007,תקיפה,גברים,1.8
יוון,2008,תקיפה,גברים,1.9
יוון,2009,תקיפה,גברים,2.1
יוון,2010,תקיפה,גברים,2.3
יוון,2011,תקיפה,גברים,2.7
יוון,2012,תקיפה,גברים,2.4
יוון,2013,תקיפה,גברים,2
יוון,2014,תקיפה,גברים,1.7
יוון,2015,תקיפה,גברים,1.3
יוון,2016,תקיפה,גברים,1.2
יוון,2017,תקיפה,גברים,1.2
יוון,2018,תקיפה,גברים,1.6
יוון,2019,תקיפה,גברים,1.3
יוון,2020,תקיפה,גברים,1.2
יוון,2021,תקיפה,גברים,1.2
יוון,2022,תקיפה,גברים,1.1
יוון,2000,תקיפה,נשים,0.7
יוון,2001,תקיפה,נשים,0.6
יוון,2002,תקיפה,נשים,0.4
יוון,2003,תקיפה,נשים,0.6
יוון,2004,תקיפה,נשים,0.5
יוון,2005,תקיפה,נשים,0.7
יוון,2006,תקיפה,נשים,0.3
יוון,2007,תקיפה,נשים,0.5
יוון,2008,תקיפה,נשים,0.6
יוון,2009,תקיפה,נשים,0.8
יוון,2010,תקיפה,נשים,0.5
יוון,2011,תקיפה,נשים,0.5
יוון,2012,תקיפה,נשים,0.6
יוון,2013,תקיפה,נשים,0.7
יוון,2014,תקיפה,נשים,0.5
יוון,2015,תקיפה,נשים,0.5
יוון,2016,תקיפה,נשים,0.4
יוון,2017,תקיפה,נשים,0.4
יוון,2018,תקיפה,נשים,0.5
יוון,2019,תקיפה,נשים,0.4
יוון,2020,תקיפה,נשים,0.4
יוון,2021,תקיפה,נשים,0.5
יוון,2022,תקיפה,נשים,0.5
יוון,2000,תקיפה,סך הכול,1.1
יוון,2001,תקיפה,סך הכול,1
יוון,2002,תקיפה,סך הכול,0.7
יוון,2003,תקיפה,סך הכול,1.1
יוון,2004,תקיפה,סך הכול,0.9
יוון,2005,תקיפה,סך הכול,1
יוון,2006,תקיפה,סך הכול,0.8
יוון,2007,תקיפה,סך הכול,1.1
יוון,2008,תקיפה,סך הכול,1.3
יוון,2009,תקיפה,סך הכול,1.4
יוון,2010,תקיפה,סך הכול,1.4
יוון,2011,תקיפה,סך הכול,1.6
יוון,2012,תקיפה,סך הכול,1.5
יוון,2013,תקיפה,סך הכול,1.4
יוון,2014,תקיפה,סך הכול,1
יוון,2015,תקיפה,סך הכול,0.9
יוון,2016,תקיפה,סך הכול,0.8
יוון,2017,תקיפה,סך הכול,0.8
יוון,2018,תקיפה,סך הכול,1
יוון,2019,תקיפה,סך הכול,0.9
יוון,2020,תקיפה,סך הכול,0.8
יוון,2021,תקיפה,סך הכול,0.8
יוון,2022,תקיפה,סך הכול,0.8
יפן,2000,גידולים,גברים,339.8
יפן,2001,גידולים,גברים,333.8
יפן,2002,גידולים,גברים,328.5
יפן,2003,גידולים,גברים,324.1
יפן,2004,גידולים,גברים,324.9
יפן,2005,גידולים,גברים,319.9
יפן,2006,גידולים,גברים,312.9
יפן,2007,גידולים,גברים,310.6
יפן,2008,גידולים,גברים,306.9
יפן,2009,גידולים,גברים,298.7
יפן,2010,גידולים,גברים,299.7
יפן,2011,גידולים,גברים,294.5
יפן,2012,גידולים,גברים,289.2
יפן,2013,גידולים,גברים,284.3
יפן,2014,גידולים,גברים,279
יפן,2015,גידולים,גברים,274.6
יפן,2016,גידולים,גברים,268.9
יפן,2017,גידולים,גברים,263.6
יפן,2018,גידולים,גברים,255.4
יפן,2019,גידולים,גברים,252.1
יפן,2020,גידולים,גברים,249.3
יפן,2021,גידולים,גברים,246.9
יפן,2022,גידולים,גברים,243.1
יפן,2023,גידולים,גברים,237.9
יפן,2000,גידולים,נשים,160.3
יפן,2001,גידולים,נשים,159
יפן,2002,גידולים,נשים,155.6
יפן,2003,גידולים,נשים,153.6
יפן,2004,גידולים,נשים,155.1
יפן,2005,גידולים,נשים,152.2
יפן,2006,גידולים,נשים,150.3
יפן,2007,גידולים,נשים,148.4
יפן,2008,גידולים,נשים,147.6
יפן,2009,גידולים,נשים,144.7
יפן,2010,גידולים,נשים,145.1
יפן,2011,גידולים,נשים,144.3
יפן,2012,גידולים,נשים,142.3
יפן,2013,גידולים,נשים,141.3
יפן,2014,גידולים,נשים,140.3
יפן,2015,גידולים,נשים,138.3
יפן,2016,גידולים,נשים,137.6
יפן,2017,גידולים,נשים,134.7
יפן,2018,גידולים,נשים,133.9
יפן,2019,גידולים,נשים,132.7
יפן,2020,גידולים,נשים,131.3
יפן,2021,גידולים,נשים,130.8
יפן,2022,גידולים,נשים,132.3
יפן,2023,גידולים,נשים,129.5
יפן,2000,גידולים,סך הכול,233
יפן,2001,גידולים,סך הכול,229.8
יפן,2002,גידולים,סך הכול,225.6
יפן,2003,גידולים,סך הכול,222.8
יפן,2004,גידולים,סך הכול,224.1
יפן,2005,גידולים,סך הכול,220.2
יפן,2006,גידולים,סך הכול,216.6
יפן,2007,גידולים,סך הכול,214.6
יפן,2008,גידולים,סך הכול,212.8
יפן,2009,גידולים,סך הכול,207.9
יפן,2010,גידולים,סך הכול,208
יפן,2011,גידולים,סך הכול,205.7
יפן,2012,גידולים,סך הכול,202.7
יפן,2013,גידולים,סך הכול,200.2
יפן,2014,גידולים,סך הכול,197.5
יפן,2015,גידולים,סך הכול,194.6
יפן,2016,גידולים,סך הכול,192
יפן,2017,גידולים,סך הכול,188.3
יפן,2018,גידולים,סך הכול,184.5
יפן,2019,גידולים,סך הכול,182.4
יפן,2020,גידולים,סך הכול,180.4
יפן,2021,גידולים,סך הכול,179.3
יפן,2022,גידולים,סך הכול,178.5
יפן,2023,גידולים,סך הכול,174.8
יפן,2000,מחלות זיהומיות,גברים,21.3
יפן,2001,מחלות זיהומיות,גברים,20.6
יפן,2002,מחלות זיהומיות,גברים,19.5
יפן,2003,מחלות זיהומיות,גברים,19.9
יפן,2004,מחלות זיהומיות,גברים,19.8
יפן,2005,מחלות זיהומיות,גברים,20.3
יפן,2006,מחלות זיהומיות,גברים,19.8
יפן,2007,מחלות זיהומיות,גברים,19.4
יפן,2008,מחלות זיהומיות,גברים,19.1
יפן,2009,מחלות זיהומיות,גברים,18.6
יפן,2010,מחלות זיהומיות,גברים,18.6
יפן,2011,מחלות זיהומיות,גברים,18.2
יפן,2012,מחלות זיהומיות,גברים,17.6
יפן,2013,מחלות זיהומיות,גברים,16.4
יפן,2014,מחלות זיהומיות,גברים,15.8
יפן,2015,מחלות זיהומיות,גברים,15.4
יפן,2016,מחלות זיהומיות,גברים,14.8
יפן,2017,מחלות זיהומיות,גברים,14.1
יפן,2018,מחלות זיהומיות,גברים,13.4
יפן,2019,מחלות זיהומיות,גברים,12.9
יפן,2020,מחלות זיהומיות,גברים,11.9
יפן,2021,מחלות זיהומיות,גברים,11.6
יפן,2022,מחלות זיהומיות,גברים,12.2
יפן,2023,מחלות זיהומיות,גברים,12.2
יפן,2000,מחלות זיהומיות,נשים,11.8
יפן,2001,מחלות זיהומיות,נשים,11.6
יפן,2002,מחלות זיהומיות,נשים,11.1
יפן,2003,מחלות זיהומיות,נשים,11.4
יפן,2004,מחלות זיהומיות,נשים,11.4
יפן,2005,מחלות זיהומיות,נשים,12.2
יפן,2006,מחלות זיהומיות,נשים,12.3
יפן,2007,מחלות זיהומיות,נשים,12
יפן,2008,מחלות זיהומיות,נשים,12
יפן,2009,מחלות זיהומיות,נשים,11.6
יפן,2010,מחלות זיהומיות,נשים,11.7
יפן,2011,מחלות זיהומיות,נשים,11.6
יפן,2012,מחלות זיהומיות,נשים,11.5
יפן,2013,מחלות זיהומיות,נשים,10.7
יפן,2014,מחלות זיהומיות,נשים,10.4
יפן,2015,מחלות זיהומיות,נשים,9.9
יפן,2016,מחלות זיהומיות,נשים,9.7
יפן,2017,מחלות זיהומיות,נשים,9
יפן,2018,מחלות זיהומיות,נשים,8.5
יפן,2019,מחלות זיהומיות,נשים,8.1
יפן,2020,מחלות זיהומיות,נשים,7.3
יפן,2021,מחלות זיהומיות,נשים,7.3
יפן,2022,מחלות זיהומיות,נשים,7.6
יפן,2023,מחלות זיהומיות,נשים,7.7
יפן,2000,מחלות זיהומיות,סך הכול,15.6
יפן,2001,מחלות זיהומיות,סך הכול,15.2
יפן,2002,מחלות זיהומיות,סך הכול,14.5
יפן,2003,מחלות זיהומיות,סך הכול,14.9
יפן,2004,מחלות זיהומיות,סך הכול,14.8
יפן,2005,מחלות זיהומיות,סך הכול,15.5
יפן,2006,מחלות זיהומיות,סך הכול,15.4
יפן,2007,מחלות זיהומיות,סך הכול,15.1
יפן,2008,מחלות זיהומיות,סך הכול,14.8
יפן,2009,מחלות זיהומיות,סך הכול,14.5
יפן,2010,מחלות זיהומיות,סך הכול,14.5
יפן,2011,מחלות זיהומיות,סך הכול,14.3
יפן,2012,מחלות זיהומיות,סך הכול,14
יפן,2013,מחלות זיהומיות,סך הכול,13.1
יפן,2014,מחלות זיהומיות,סך הכול,12.7
יפן,2015,מחלות זיהומיות,סך הכול,12.2
יפן,2016,מחלות זיהומיות,סך הכול,11.8
יפן,2017,מחלות זיהומיות,סך הכול,11.1
יפן,2018,מחלות זיהומיות,סך הכול,10.6
יפן,2019,מחלות זיהומיות,סך הכול,10.1
יפן,2020,מחלות זיהומיות,סך הכול,9.3
יפן,2021,מחלות זיהומיות,סך הכול,9.1
יפן,2022,מחלות זיהומיות,סך הכול,9.6
יפן,2023,מחלות זיהומיות,סך הכול,9.6
יפן,2000,מחלות כלי דם במוח,גברים,135.2
יפן,2001,מחלות כלי דם במוח,גברים,130
יפן,2002,מחלות כלי דם במוח,גברים,123.1
יפן,2003,מחלות כלי דם במוח,גברים,120.8
יפן,2004,מחלות כלי דם במוח,גברים,113.5
יפן,2005,מחלות כלי דם במוח,גברים,112.5
יפן,2006,מחלות כלי דם במוח,גברים,104.3
יפן,2007,מחלות כלי דם במוח,גברים,99.5
יפן,2008,מחלות כלי דם במוח,גברים,96.1
יפן,2009,מחלות כלי דם במוח,גברים,89.8
יפן,2010,מחלות כלי דם במוח,גברים,88.9
יפן,2011,מחלות כלי דם במוח,גברים,84.8
יפן,2012,מחלות כלי דם במוח,גברים,80.3
יפן,2013,מחלות כלי דם במוח,גברים,75.1
יפן,2014,מחלות כלי דם במוח,גברים,70.6
יפן,2015,מחלות כלי דם במוח,גברים,67.1
יפן,2016,מחלות כלי דם במוח,גברים,64
יפן,2017,מחלות כלי דם במוח,גברים,62.6
יפן,2018,מחלות כלי דם במוח,גברים,60
יפן,2019,מחלות כלי דם במוח,גברים,57.9
יפן,2020,מחלות כלי דם במוח,גברים,55.5
יפן,2021,מחלות כלי דם במוח,גברים,55.5
יפן,2022,מחלות כלי דם במוח,גברים,56
יפן,2023,מחלות כלי דם במוח,גברים,53.8
יפן,2000,מחלות כלי דם במוח,נשים,90.2
יפן,2001,מחלות כלי דם במוח,נשים,85
יפן,2002,מחלות כלי דם במוח,נשים,80.5
יפן,2003,מחלות כלי דם במוח,נשים,78.1
יפן,2004,מחלות כלי דם במוח,נשים,73.7
יפן,2005,מחלות כלי דם במוח,נשים,71.7
יפן,2006,מחלות כלי דם במוח,נשים,66.4
יפן,2007,מחלות כלי דם במוח,נשים,62.8
יפן,2008,מחלות כלי דם במוח,נשים,60.2
יפן,2009,מחלות כלי דם במוח,נשים,55.6
יפן,2010,מחלות כלי דם במוח,נשים,53.6
יפן,2011,מחלות כלי דם במוח,נשים,52.4
יפן,2012,מחלות כלי דם במוח,נשים,49.4
יפן,2013,מחלות כלי דם במוח,נשים,46.8
יפן,2014,מחלות כלי דם במוח,נשים,43.6
יפן,2015,מחלות כלי דם במוח,נשים,42
יפן,2016,מחלות כלי דם במוח,נשים,39.6
יפן,2017,מחלות כלי דם במוח,נשים,38.4
יפן,2018,מחלות כלי דם במוח,נשים,36.9
יפן,2019,מחלות כלי דם במוח,נשים,35.4
יפן,2020,מחלות כלי דם במוח,נשים,33.6
יפן,2021,מחלות כלי דם במוח,נשים,32.8
יפן,2022,מחלות כלי דם במוח,נשים,33
יפן,2023,מחלות כלי דם במוח,נשים,32
יפן,2000,מחלות כלי דם במוח,סך הכול,108.2
יפן,2001,מחלות כלי דם במוח,סך הכול,103.2
יפן,2002,מחלות כלי דם במוח,סך הכול,97.7
יפן,2003,מחלות כלי דם במוח,סך הכול,95.4
יפן,2004,מחלות כלי דם במוח,סך הכול,90
יפן,2005,מחלות כלי דם במוח,סך הכול,88.3
יפן,2006,מחלות כלי דם במוח,סך הכול,82.1
יפן,2007,מחלות כלי דם במוח,סך הכול,78.2
יפן,2008,מחלות כלי דם במוח,סך הכול,75.3
יפן,2009,מחלות כלי דם במוח,סך הכול,70
יפן,2010,מחלות כלי דם במוח,סך הכול,68.4
יפן,2011,מחלות כלי דם במוח,סך הכול,66.2
יפן,2012,מחלות כלי דם במוח,סך הכול,62.6
יפן,2013,מחלות כלי דם במוח,סך הכול,59
יפן,2014,מחלות כלי דם במוח,סך הכול,55.4
יפן,2015,מחלות כלי דם במוח,סך הכול,53
יפן,2016,מחלות כלי דם במוח,סך הכול,50.3
יפן,2017,מחלות כלי דם במוח,סך הכול,49.1
יפן,2018,מחלות כלי דם במוח,סך הכול,47.1
יפן,2019,מחלות כלי דם במוח,סך הכול,45.4
יפן,2020,מחלות כלי דם במוח,סך הכול,43.3
יפן,2021,מחלות כלי דם במוח,סך הכול,42.9
יפן,2022,מחלות כלי דם במוח,סך הכול,43.3
יפן,2023,מחלות כלי דם במוח,סך הכול,41.8
יפן,2000,מחלות לב איסכמיות,גברים,76
יפן,2001,מחלות לב איסכמיות,גברים,74.2
יפן,2002,מחלות לב איסכמיות,גברים,72.9
יפן,2003,מחלות לב איסכמיות,גברים,72.4
יפן,2004,מחלות לב איסכמיות,גברים,68
יפן,2005,מחלות לב איסכמיות,גברים,70.6
יפן,2006,מחלות לב איסכמיות,גברים,67.2
יפן,2007,מחלות לב איסכמיות,גברים,64.6
יפן,2008,מחלות לב איסכמיות,גברים,64.3
יפן,2009,מחלות לב איסכמיות,גברים,61.7
יפן,2010,מחלות לב איסכמיות,גברים,61.5
יפן,2011,מחלות לב איסכמיות,גברים,61
יפן,2012,מחלות לב איסכמיות,גברים,58.9
יפן,2013,מחלות לב איסכמיות,גברים,55.4
יפן,2014,מחלות לב איסכמיות,גברים,53.7
יפן,2015,מחלות לב איסכמיות,גברים,51.4
יפן,2016,מחלות לב איסכמיות,גברים,49.3
יפן,2017,מחלות לב איסכמיות,גברים,48.1
יפן,2018,מחלות לב איסכמיות,גברים,47.3
יפן,2019,מחלות לב איסכמיות,גברים,45
יפן,2020,מחלות לב איסכמיות,גברים,45.2
יפן,2021,מחלות לב איסכמיות,גברים,45
יפן,2022,מחלות לב איסכמיות,גברים,47.7
יפן,2023,מחלות לב איסכמיות,גברים,46.2
יפן,2000,מחלות לב איסכמיות,נשים,41.9
יפן,2001,מחלות לב איסכמיות,נשים,40.2
יפן,2002,מחלות לב איסכמיות,נשים,38.4
יפן,2003,מחלות לב איסכמיות,נשים,37.8
יפן,2004,מחלות לב איסכמיות,נשים,35.3
יפן,2005,מחלות לב איסכמיות,נשים,35.9
יפן,2006,מחלות לב איסכמיות,נשים,34.1
יפן,2007,מחלות לב איסכמיות,נשים,32.7
יפן,2008,מחלות לב איסכמיות,נשים,31.7
יפן,2009,מחלות לב איסכמיות,נשים,29.9
יפן,2010,מחלות לב איסכמיות,נשים,29.6
יפן,2011,מחלות לב איסכמיות,נשים,28.4
יפן,2012,מחלות לב איסכמיות,נשים,27.3
יפן,2013,מחלות לב איסכמיות,נשים,25.5
יפן,2014,מחלות לב איסכמיות,נשים,24.3
יפן,2015,מחלות לב איסכמיות,נשים,22.6
יפן,2016,מחלות לב איסכמיות,נשים,21.6
יפן,2017,מחלות לב איסכמיות,נשים,20.5
יפן,2018,מחלות לב איסכמיות,נשים,20
יפן,2019,מחלות לב איסכמיות,נשים,18.6
יפן,2020,מחלות לב איסכמיות,נשים,17.8
יפן,2021,מחלות לב איסכמיות,נשים,17.5
יפן,2022,מחלות לב איסכמיות,נשים,18.2
יפן,2023,מחלות לב איסכמיות,נשים,17.5
יפן,2000,מחלות לב איסכמיות,סך הכול,56.2
יפן,2001,מחלות לב איסכמיות,סך הכול,54.5
יפן,2002,מחלות לב איסכמיות,סך הכול,52.9
יפן,2003,מחלות לב איסכמיות,סך הכול,52.4
יפן,2004,מחלות לב איסכמיות,סך הכול,49.2
יפן,2005,מחלות לב איסכמיות,סך הכול,50.6
יפן,2006,מחלות לב איסכמיות,סך הכול,48.2
יפן,2007,מחלות לב איסכמיות,סך הכול,46.3
יפן,2008,מחלות לב איסכמיות,סך הכול,45.7
יפן,2009,מחלות לב איסכמיות,סך הכול,43.6
יפן,2010,מחלות לב איסכמיות,סך הכול,43.3
יפן,2011,מחלות לב איסכמיות,סך הכול,42.4
יפן,2012,מחלות לב איסכמיות,סך הכול,41
יפן,2013,מחלות לב איסכמיות,סך הכול,38.5
יפן,2014,מחלות לב איסכמיות,סך הכול,37.1
יפן,2015,מחלות לב איסכמיות,סך הכול,35.2
יפן,2016,מחלות לב איסכמיות,סך הכול,33.8
יפן,2017,מחלות לב איסכמיות,סך הכול,32.7
יפן,2018,מחלות לב איסכמיות,סך הכול,32
יפן,2019,מחלות לב איסכמיות,סך הכול,30.4
יפן,2020,מחלות לב איסכמיות,סך הכול,30
יפן,2021,מחלות לב איסכמיות,סך הכול,29.8
יפן,2022,מחלות לב איסכמיות,סך הכול,31.3
יפן,2023,מחלות לב איסכמיות,סך הכול,30.4
יפן,2000,מחלות מערכת הדם,גברים,304.7
יפן,2001,מחלות מערכת הדם,גברים,294.9
יפן,2002,מחלות מערכת הדם,גברים,287.4
יפן,2003,מחלות מערכת הדם,גברים,285.8
יפן,2004,מחלות מערכת הדם,גברים,273.4
יפן,2005,מחלות מערכת הדם,גברים,279
יפן,2006,מחלות מערכת הדם,גברים,263.7
יפן,2007,מחלות מערכת הדם,גברים,254.7
יפן,2008,מחלות מערכת הדם,גברים,251.8
יפן,2009,מחלות מערכת הדם,גברים,239.5
יפן,2010,מחלות מערכת הדם,גברים,241.3
יפן,2011,מחלות מערכת הדם,גברים,235.9
יפן,2012,מחלות מערכת הדם,גברים,228.6
יפן,2013,מחלות מערכת הדם,גברים,216.4
יפן,2014,מחלות מערכת הדם,גברים,208.7
יפן,2015,מחלות מערכת הדם,גברים,201.7
יפן,2016,מחלות מערכת הדם,גברים,197.2
יפן,2017,מחלות מערכת הדם,גברים,196.8
יפן,2018,מחלות מערכת הדם,גברים,192.5
יפן,2019,מחלות מערכת הדם,גברים,186.9
יפן,2020,מחלות מערכת הדם,גברים,184.5
יפן,2021,מחלות מערכת הדם,גברים,186.6
יפן,2022,מחלות מערכת הדם,גברים,195.2
יפן,2023,מחלות מערכת הדם,גברים,191.2
יפן,2000,מחלות מערכת הדם,נשים,199.6
יפן,2001,מחלות מערכת הדם,נשים,191
יפן,2002,מחלות מערכת הדם,נשים,184.2
יפן,2003,מחלות מערכת הדם,נשים,182.3
יפן,2004,מחלות מערכת הדם,נשים,175.4
יפן,2005,מחלות מערכת הדם,נשים,175.8
יפן,2006,מחלות מערכת הדם,נשים,166.9
יפן,2007,מחלות מערכת הדם,נשים,161.8
יפן,2008,מחלות מערכת הדם,נשים,158.5
יפן,2009,מחלות מערכת הדם,נשים,149.7
יפן,2010,מחלות מערכת הדם,נשים,149.6
יפן,2011,מחלות מערכת הדם,נשים,147.9
יפן,2012,מחלות מערכת הדם,נשים,143.2
יפן,2013,מחלות מערכת הדם,נשים,137
יפן,2014,מחלות מערכת הדם,נשים,130.3
יפן,2015,מחלות מערכת הדם,נשים,126
יפן,2016,מחלות מערכת הדם,נשים,121.6
יפן,2017,מחלות מערכת הדם,נשים,121.3
יפן,2018,מחלות מערכת הדם,נשים,118.4
יפן,2019,מחלות מערכת הדם,נשים,114.5
יפן,2020,מחלות מערכת הדם,נשים,108.9
יפן,2021,מחלות מערכת הדם,נשים,109.3
יפן,2022,מחלות מערכת הדם,נשים,113.5
יפן,2023,מחלות מערכת הדם,נשים,110.3
יפן,2000,מחלות מערכת הדם,סך הכול,243.2
יפן,2001,מחלות מערכת הדם,סך הכול,234.3
יפן,2002,מחלות מערכת הדם,סך הכול,227.2
יפן,2003,מחלות מערכת הדם,סך הכול,225.7
יפן,2004,מחלות מערכת הדם,סך הכול,216.9
יפן,2005,מחלות מערכת הדם,סך הכול,219.2
יפן,2006,מחלות מערכת הדם,סך הכול,208.1
יפן,2007,מחלות מערכת הדם,סך הכול,201.8
יפן,2008,מחלות מערכת הדם,סך הכול,198.8
יפן,2009,מחלות מערכת הדם,סך הכול,188.9
יפן,2010,מחלות מערכת הדם,סך הכול,189.2
יפן,2011,מחלות מערכת הדם,סך הכול,186.3
יפן,2012,מחלות מערכת הדם,סך הכול,180.7
יפן,2013,מחלות מערכת הדם,סך הכול,172.3
יפן,2014,מחלות מערכת הדם,סך הכול,165.3
יפן,2015,מחלות מערכת הדם,סך הכול,159.8
יפן,2016,מחלות מערכת הדם,סך הכול,155.5
יפן,2017,מחלות מערכת הדם,סך הכול,155.2
יפן,2018,מחלות מערכת הדם,סך הכול,151.8
יפן,2019,מחלות מערכת הדם,סך הכול,147.4
יפן,2020,מחלות מערכת הדם,סך הכול,142.9
יפן,2021,מחלות מערכת הדם,סך הכול,144.1
יפן,2022,מחלות מערכת הדם,סך הכול,150.3
יפן,2023,מחלות מערכת הדם,סך הכול,146.9
יפן,2000,מחלות מערכת הנשימה,גברים,177.1
יפן,2001,מחלות מערכת הנשימה,גברים,168.7
יפן,2002,מחלות מערכת הנשימה,גברים,165.3
יפן,2003,מחלות מערכת הנשימה,גברים,171.3
יפן,2004,מחלות מערכת הנשימה,גברים,167
יפן,2005,מחלות מערכת הנשימה,גברים,176.2
יפן,2006,מחלות מערכת הנשימה,גברים,165
יפן,2007,מחלות מערכת הנשימה,גברים,163.5
יפן,2008,מחלות מערכת הנשימה,גברים,163.8
יפן,2009,מחלות מערכת הנשימה,גברים,156.2
יפן,2010,מחלות מערכת הנשימה,גברים,163.1
יפן,2011,מחלות מערכת הנשימה,גברים,163.9
יפן,2012,מחלות מערכת הנשימה,גברים,159.4
יפן,2013,מחלות מערכת הנשימה,גברים,154.8
יפן,2014,מחלות מערכת הנשימה,גברים,148.8
יפן,2015,מחלות מערכת הנשימה,גברים,148.3
יפן,2016,מחלות מערכת הנשימה,גברים,144.4
יפן,2017,מחלות מערכת הנשימה,גברים,127.7
יפן,2018,מחלות מערכת הנשימה,גברים,124.8
יפן,2019,מחלות מערכת הנשימה,גברים,122.7
יפן,2020,מחלות מערכת הנשימה,גברים,110.3
יפן,2021,מחלות מערכת הנשימה,גברים,109.6
יפן,2022,מחלות מערכת הנשימה,גברים,113.2
יפן,2023,מחלות מערכת הנשימה,גברים,115.5
יפן,2000,מחלות מערכת הנשימה,נשים,76.4
יפן,2001,מחלות מערכת הנשימה,נשים,72.6
יפן,2002,מחלות מערכת הנשימה,נשים,70.5
יפן,2003,מחלות מערכת הנשימה,נשים,73.1
יפן,2004,מחלות מערכת הנשימה,נשים,70.6
יפן,2005,מחלות מערכת הנשימה,נשים,74.5
יפן,2006,מחלות מערכת הנשימה,נשים,70
יפן,2007,מחלות מערכת הנשימה,נשים,68.3
יפן,2008,מחלות מערכת הנשימה,נשים,68.2
יפן,2009,מחלות מערכת הנשימה,נשים,64.3
יפן,2010,מחלות מערכת הנשימה,נשים,66.2
יפן,2011,מחלות מערכת הנשימה,נשים,67.3
יפן,2012,מחלות מערכת הנשימה,נשים,65.4
יפן,2013,מחלות מערכת הנשימה,נשים,63.3
יפן,2014,מחלות מערכת הנשימה,נשים,60.5
יפן,2015,מחלות מערכת הנשימה,נשים,60.4
יפן,2016,מחלות מערכת הנשימה,נשים,57.5
יפן,2017,מחלות מערכת הנשימה,נשים,49
יפן,2018,מחלות מערכת הנשימה,נשים,47.7
יפן,2019,מחלות מערכת הנשימה,נשים,46.7
יפן,2020,מחלות מערכת הנשימה,נשים,39.3
יפן,2021,מחלות מערכת הנשימה,נשים,38.1
יפן,2022,מחלות מערכת הנשימה,נשים,39.6
יפן,2023,מחלות מערכת הנשימה,נשים,41.2
יפן,2000,מחלות מערכת הנשימה,סך הכול,112.2
יפן,2001,מחלות מערכת הנשימה,סך הכול,106.6
יפן,2002,מחלות מערכת הנשימה,סך הכול,104
יפן,2003,מחלות מערכת הנשימה,סך הכול,107.8
יפן,2004,מחלות מערכת הנשימה,סך הכול,104.7
יפן,2005,מחלות מערכת הנשימה,סך הכול,110.4
יפן,2006,מחלות מערכת הנשימה,סך הכול,103.6
יפן,2007,מחלות מערכת הנשימה,סך הכול,102.2
יפן,2008,מחלות מערכת הנשימה,סך הכול,102.5
יפן,2009,מחלות מערכת הנשימה,סך הכול,97.7
יפן,2010,מחלות מערכת הנשימה,סך הכול,101
יפן,2011,מחלות מערכת הנשימה,סך הכול,102.5
יפן,2012,מחלות מערכת הנשימה,סך הכול,99.9
יפן,2013,מחלות מערכת הנשימה,סך הכול,97.2
יפן,2014,מחלות מערכת הנשימה,סך הכול,93.5
יפן,2015,מחלות מערכת הנשימה,סך הכול,93.3
יפן,2016,מחלות מערכת הנשימה,סך הכול,90.3
יפן,2017,מחלות מערכת הנשימה,סך הכול,78.8
יפן,2018,מחלות מערכת הנשימה,סך הכול,77.1
יפן,2019,מחלות מערכת הנשימה,סך הכול,75.9
יפן,2020,מחלות מערכת הנשימה,סך הכול,66.7
יפן,2021,מחלות מערכת הנשימה,סך הכול,65.8
יפן,2022,מחלות מערכת הנשימה,סך הכול,68.2
יפן,2023,מחלות מערכת הנשימה,סך הכול,70.3
יפן,2000,נפילות,גברים,7.3
יפן,2001,נפילות,גברים,7.2
יפן,2002,נפילות,גברים,7.1
יפן,2003,נפילות,גברים,7.2
יפן,2004,נפילות,גברים,6.6
יפן,2005,נפילות,גברים,6.8
יפן,2006,נפילות,גברים,6.4
יפן,2007,נפילות,גברים,6.4
יפן,2008,נפילות,גברים,6.5
יפן,2009,נפילות,גברים,6.4
יפן,2010,נפילות,גברים,6.4
יפן,2011,נפילות,גברים,6.4
יפן,2012,נפילות,גברים,6.2
יפן,2013,נפילות,גברים,6.1
יפן,2014,נפילות,גברים,5.9
יפן,2015,נפילות,גברים,5.7
יפן,2016,נפילות,גברים,5.6
יפן,2017,נפילות,גברים,6.4
יפן,2018,נפילות,גברים,6.1
יפן,2019,נפילות,גברים,5.8
יפן,2020,נפילות,גברים,5.6
יפן,2021,נפילות,גברים,5.7
יפן,2022,נפילות,גברים,6.2
יפן,2023,נפילות,גברים,6.2
יפן,2000,נפילות,נשים,3.2
יפן,2001,נפילות,נשים,3.2
יפן,2002,נפילות,נשים,2.9
יפן,2003,נפילות,נשים,3.1
יפן,2004,נפילות,נשים,2.8
יפן,2005,נפילות,נשים,2.9
יפן,2006,נפילות,נשים,2.7
יפן,2007,נפילות,נשים,2.9
יפן,2008,נפילות,נשים,2.8
יפן,2009,נפילות,נשים,2.8
יפן,2010,נפילות,נשים,2.8
יפן,2011,נפילות,נשים,2.6
יפן,2012,נפילות,נשים,2.6
יפן,2013,נפילות,נשים,2.5
יפן,2014,נפילות,נשים,2.5
יפן,2015,נפילות,נשים,2.5
יפן,2016,נפילות,נשים,2.4
יפן,2017,נפילות,נשים,2.8
יפן,2018,נפילות,נשים,2.8
יפן,2019,נפילות,נשים,2.7
יפן,2020,נפילות,נשים,2.6
יפן,2021,נפילות,נשים,2.7
יפן,2022,נפילות,נשים,3.1
יפן,2023,נפילות,נשים,3.1
יפן,2000,נפילות,סך הכול,5
יפן,2001,נפילות,סך הכול,5
יפן,2002,נפילות,סך הכול,4.7
יפן,2003,נפילות,סך הכול,4.9
יפן,2004,נפילות,סך הכול,4.5
יפן,2005,נפילות,סך הכול,4.5
יפן,2006,נפילות,סך הכול,4.3
יפן,2007,נפילות,סך הכול,4.4
יפן,2008,נפילות,סך הכול,4.4
יפן,2009,נפילות,סך הכול,4.3
יפן,2010,נפילות,סך הכול,4.3
יפן,2011,נפילות,סך הכול,4.3
יפן,2012,נפילות,סך הכול,4.1
יפן,2013,נפילות,סך הכול,4
יפן,2014,נפילות,סך הכול,4
יפן,2015,נפילות,סך הכול,3.9
יפן,2016,נפילות,סך הכול,3.8
יפן,2017,נפילות,סך הכול,4.3
יפן,2018,נפילות,סך הכול,4.2
יפן,2019,נפילות,סך הכול,4
יפן,2020,נפילות,סך הכול,3.9
יפן,2021,נפילות,סך הכול,4
יפן,2022,נפילות,סך הכול,4.4
יפן,2023,נפילות,סך הכול,4.4
יפן,2000,סוכרת,גברים,12.1
יפן,2001,סוכרת,גברים,11.5
יפן,2002,סוכרת,גברים,11.6
יפן,2003,סוכרת,גברים,11.3
יפן,2004,סוכרת,גברים,11
יפן,2005,סוכרת,גברים,11.3
יפן,2006,סוכרת,גברים,11.2
יפן,2007,סוכרת,גברים,11.1
יפן,2008,סוכרת,גברים,11.1
יפן,2009,סוכרת,גברים,10.5
יפן,2010,סוכרת,גברים,10.6
יפן,2011,סוכרת,גברים,10.6
יפן,2012,סוכרת,גברים,10.1
יפן,2013,סוכרת,גברים,9.4
יפן,2014,סוכרת,גברים,9.2
יפן,2015,סוכרת,גברים,8.8
יפן,2016,סוכרת,גברים,8.7
יפן,2017,סוכרת,גברים,9.1
יפן,2018,סוכרת,גברים,9.1
יפן,2019,סוכרת,גברים,8.6
יפן,2020,סוכרת,גברים,8.7
יפן,2021,סוכרת,גברים,8.7
יפן,2022,סוכרת,גברים,9.7
יפן,2023,סוכרת,גברים,9.3
יפן,2000,סוכרת,נשים,7.6
יפן,2001,סוכרת,נשים,7.2
יפן,2002,סוכרת,נשים,7.2
יפן,2003,סוכרת,נשים,7.1
יפן,2004,סוכרת,נשים,6.6
יפן,2005,סוכרת,נשים,6.9
יפן,2006,סוכרת,נשים,6.6
יפן,2007,סוכרת,נשים,6.5
יפן,2008,סוכרת,נשים,6.5
יפן,2009,סוכרת,נשים,6
יפן,2010,סוכרת,נשים,6
יפן,2011,סוכרת,נשים,5.9
יפן,2012,סוכרת,נשים,5.6
יפן,2013,סוכרת,נשים,5.2
יפן,2014,סוכרת,נשים,5
יפן,2015,סוכרת,נשים,4.6
יפן,2016,סוכרת,נשים,4.6
יפן,2017,סוכרת,נשים,4.5
יפן,2018,סוכרת,נשים,4.4
יפן,2019,סוכרת,נשים,4.2
יפן,2020,סוכרת,נשים,4.1
יפן,2021,סוכרת,נשים,4.2
יפן,2022,סוכרת,נשים,4.4
יפן,2023,סוכרת,נשים,4.3
יפן,2000,סוכרת,סך הכול,9.6
יפן,2001,סוכרת,סך הכול,9.2
יפן,2002,סוכרת,סך הכול,9.2
יפן,2003,סוכרת,סך הכול,9.1
יפן,2004,סוכרת,סך הכול,8.6
יפן,2005,סוכרת,סך הכול,8.9
יפן,2006,סוכרת,סך הכול,8.7
יפן,2007,סוכרת,סך הכול,8.6
יפן,2008,סוכרת,סך הכול,8.6
יפן,2009,סוכרת,סך הכול,8.1
יפן,2010,סוכרת,סך הכול,8.1
יפן,2011,סוכרת,סך הכול,8
יפן,2012,סוכרת,סך הכול,7.7
יפן,2013,סוכרת,סך הכול,7.1
יפן,2014,סוכרת,סך הכול,6.9
יפן,2015,סוכרת,סך הכול,6.5
יפן,2016,סוכרת,סך הכול,6.5
יפן,2017,סוכרת,סך הכול,6.6
יפן,2018,סוכרת,סך הכול,6.5
יפן,2019,סוכרת,סך הכול,6.2
יפן,2020,סוכרת,סך הכול,6.2
יפן,2021,סוכרת,סך הכול,6.2
יפן,2022,סוכרת,סך הכול,6.8
יפן,2023,סוכרת,סך הכול,6.5
יפן,2020,קורונה,גברים,2.3
יפן,2021,קורונה,גברים,10.7
יפן,2022,קורונה,גברים,25.2
יפן,2023,קורונה,גברים,19.9
יפן,2020,קורונה,נשים,0.9
יפן,2021,קורונה,נשים,4.6
יפן,2022,קורונה,נשים,12.3
יפן,2023,קורונה,נשים,9.7
יפן,2020,קורונה,סך הכול,1.5
יפן,2021,קורונה,סך הכול,7.3
יפן,2022,קורונה,סך הכול,17.5
יפן,2023,קורונה,סך הכול,13.7
יפן,2000,שפעת,גברים,0.7
יפן,2001,שפעת,גברים,0.2
יפן,2002,שפעת,גברים,0.4
יפן,2003,שפעת,גברים,1.2
יפן,2004,שפעת,גברים,0.6
יפן,2005,שפעת,גברים,1.7
יפן,2006,שפעת,גברים,0.8
יפן,2007,שפעת,גברים,0.6
יפן,2008,שפעת,גברים,0.3
יפן,2009,שפעת,גברים,0.5
יפן,2010,שפעת,גברים,0.1
יפן,2011,שפעת,גברים,0.4
יפן,2012,שפעת,גברים,0.8
יפן,2013,שפעת,גברים,1
יפן,2014,שפעת,גברים,0.8
יפן,2015,שפעת,גברים,1.4
יפן,2016,שפעת,גברים,0.9
יפן,2017,שפעת,גברים,1.4
יפן,2018,שפעת,גברים,1.9
יפן,2019,שפעת,גברים,2.2
יפן,2020,שפעת,גברים,0.6
יפן,2021,שפעת,גברים,0
יפן,2022,שפעת,גברים,0
יפן,2023,שפעת,גברים,0.7
יפן,2000,שפעת,נשים,0.4
יפן,2001,שפעת,נשים,0.1
יפן,2002,שפעת,נשים,0.2
יפן,2003,שפעת,נשים,0.7
יפן,2004,שפעת,נשים,0.4
יפן,2005,שפעת,נשים,1
יפן,2006,שפעת,נשים,0.4
יפן,2007,שפעת,נשים,0.4
יפן,2008,שפעת,נשים,0.1
יפן,2009,שפעת,נשים,0.3
יפן,2010,שפעת,נשים,0.1
יפן,2011,שפעת,נשים,0.3
יפן,2012,שפעת,נשים,0.5
יפן,2013,שפעת,נשים,0.6
יפן,2014,שפעת,נשים,0.5
יפן,2015,שפעת,נשים,0.8
יפן,2016,שפעת,נשים,0.6
יפן,2017,שפעת,נשים,0.9
יפן,2018,שפעת,נשים,1.1
יפן,2019,שפעת,נשים,1.1
יפן,2020,שפעת,נשים,0.3
יפן,2021,שפעת,נשים,0
יפן,2022,שפעת,נשים,0
יפן,2023,שפעת,נשים,0.5
יפן,2000,שפעת,סך הכול,0.5
יפן,2001,שפעת,סך הכול,0.2
יפן,2002,שפעת,סך הכול,0.3
יפן,2003,שפעת,סך הכול,0.9
יפן,2004,שפעת,סך הכול,0.5
יפן,2005,שפעת,סך הכול,1.2
יפן,2006,שפעת,סך הכול,0.6
יפן,2007,שפעת,סך הכול,0.4
יפן,2008,שפעת,סך הכול,0.2
יפן,2009,שפעת,סך הכול,0.4
יפן,2010,שפעת,סך הכול,0.1
יפן,2011,שפעת,סך הכול,0.3
יפן,2012,שפעת,סך הכול,0.7
יפן,2013,שפעת,סך הכול,0.7
יפן,2014,שפעת,סך הכול,0.6
יפן,2015,שפעת,סך הכול,1
יפן,2016,שפעת,סך הכול,0.7
יפן,2017,שפעת,סך הכול,1.1
יפן,2018,שפעת,סך הכול,1.4
יפן,2019,שפעת,סך הכול,1.5
יפן,2020,שפעת,סך הכול,0.5
יפן,2021,שפעת,סך הכול,0
יפן,2022,שפעת,סך הכול,0
יפן,2023,שפעת,סך הכול,0.6
יפן,2000,תאונות דרכים,גברים,15.1
יפן,2001,תאונות דרכים,גברים,14.4
יפן,2002,תאונות דרכים,גברים,13.5
יפן,2003,תאונות דרכים,גברים,12.4
יפן,2004,תאונות דרכים,גברים,11.8
יפן,2005,תאונות דרכים,גברים,11.2
יפן,2006,תאונות דרכים,גברים,9.9
יפן,2007,תאונות דרכים,גברים,8.7
יפן,2008,תאונות דרכים,גברים,8.1
יפן,2009,תאונות דרכים,גברים,7.7
יפן,2010,תאונות דרכים,גברים,7.5
יפן,2011,תאונות דרכים,גברים,7
יפן,2012,תאונות דרכים,גברים,6.5
יפן,2013,תאונות דרכים,גברים,6.1
יפן,2014,תאונות דרכים,גברים,5.8
יפן,2015,תאונות דרכים,גברים,5.7
יפן,2016,תאונות דרכים,גברים,5.3
יפן,2017,תאונות דרכים,גברים,4.9
יפן,2018,תאונות דרכים,גברים,4.6
יפן,2019,תאונות דרכים,גברים,4.2
יפן,2020,תאונות דרכים,גברים,3.7
יפן,2021,תאונות דרכים,גברים,3.4
יפן,2022,תאונות דרכים,גברים,3.4
יפן,2023,תאונות דרכים,גברים,3.5
יפן,2000,תאונות דרכים,נשים,5.3
יפן,2001,תאונות דרכים,נשים,5.1
יפן,2002,תאונות דרכים,נשים,4.9
יפן,2003,תאונות דרכים,נשים,4.5
יפן,2004,תאונות דרכים,נשים,4.2
יפן,2005,תאונות דרכים,נשים,3.9
יפן,2006,תאונות דרכים,נשים,3.5
יפן,2007,תאונות דרכים,נשים,3.3
יפן,2008,תאונות דרכים,נשים,2.8
יפן,2009,תאונות דרכים,נשים,2.7
יפן,2010,תאונות דרכים,נשים,2.7
יפן,2011,תאונות דרכים,נשים,2.5
יפן,2012,תאונות דרכים,נשים,2.4
יפן,2013,תאונות דרכים,נשים,2.2
יפן,2014,תאונות דרכים,נשים,2
יפן,2015,תאונות דרכים,נשים,1.9
יפן,2016,תאונות דרכים,נשים,1.8
יפן,2017,תאונות דרכים,נשים,1.7
יפן,2018,תאונות דרכים,נשים,1.5
יפן,2019,תאונות דרכים,נשים,1.4
יפן,2020,תאונות דרכים,נשים,1.1
יפן,2021,תאונות דרכים,נשים,1.1
יפן,2022,תאונות דרכים,נשים,1.2
יפן,2023,תאונות דרכים,נשים,1.1
יפן,2000,תאונות דרכים,סך הכול,9.9
יפן,2001,תאונות דרכים,סך הכול,9.5
יפן,2002,תאונות דרכים,סך הכול,8.9
יפן,2003,תאונות דרכים,סך הכול,8.2
יפן,2004,תאונות דרכים,סך הכול,7.8
יפן,2005,תאונות דרכים,סך הכול,7.3
יפן,2006,תאונות דרכים,סך הכול,6.5
יפן,2007,תאונות דרכים,סך הכול,5.9
יפן,2008,תאונות דרכים,סך הכול,5.3
יפן,2009,תאונות דרכים,סך הכול,5.1
יפן,2010,תאונות דרכים,סך הכול,5
יפן,2011,תאונות דרכים,סך הכול,4.6
יפן,2012,תאונות דרכים,סך הכול,4.3
יפן,2013,תאונות דרכים,סך הכול,4.1
יפן,2014,תאונות דרכים,סך הכול,3.8
יפן,2015,תאונות דרכים,סך הכול,3.7
יפן,2016,תאונות דרכים,סך הכול,3.5
יפן,2017,תאונות דרכים,סך הכול,3.2
יפן,2018,תאונות דרכים,סך הכול,3
יפן,2019,תאונות דרכים,סך הכול,2.8
יפן,2020,תאונות דרכים,סך הכול,2.4
יפן,2021,תאונות דרכים,סך הכול,2.2
יפן,2022,תאונות דרכים,סך הכול,2.2
יפן,2023,תאונות דרכים,סך הכול,2.3
יפן,2000,תקיפה,גברים,0.7
יפן,2001,תקיפה,גברים,0.7
יפן,2002,תקיפה,גברים,0.7
יפן,2003,תקיפה,גברים,0.7
יפן,2004,תקיפה,גברים,0.6
יפן,2005,תקיפה,גברים,0.5
יפן,2006,תקיפה,גברים,0.5
יפן,2007,תקיפה,גברים,0.4
יפן,2008,תקיפה,גברים,0.5
יפן,2009,תקיפה,גברים,0.4
יפן,2010,תקיפה,גברים,0.4
יפן,2011,תקיפה,גברים,0.3
יפן,2012,תקיפה,גברים,0.3
יפן,2013,תקיפה,גברים,0.3
יפן,2014,תקיפה,גברים,0.3
יפן,2015,תקיפה,גברים,0.2
יפן,2016,תקיפה,גברים,0.2
יפן,2017,תקיפה,גברים,0.2
יפן,2018,תקיפה,גברים,0.2
יפן,2019,תקיפה,גברים,0.2
יפן,2020,תקיפה,גברים,0.2
יפן,2021,תקיפה,גברים,0.2
יפן,2022,תקיפה,גברים,0.1
יפן,2023,תקיפה,גברים,0.2
יפן,2000,תקיפה,נשים,0.5
יפן,2001,תקיפה,נשים,0.5
יפן,2002,תקיפה,נשים,0.4
יפן,2003,תקיפה,נשים,0.4
יפן,2004,תקיפה,נשים,0.5
יפן,2005,תקיפה,נשים,0.4
יפן,2006,תקיפה,נשים,0.4
יפן,2007,תקיפה,נשים,0.3
יפן,2008,תקיפה,נשים,0.4
יפן,2009,תקיפה,נשים,0.3
יפן,2010,תקיפה,נשים,0.3
יפן,2011,תקיפה,נשים,0.3
יפן,2012,תקיפה,נשים,0.3
יפן,2013,תקיפה,נשים,0.2
יפן,2014,תקיפה,נשים,0.2
יפן,2015,תקיפה,נשים,0.2
יפן,2016,תקיפה,נשים,0.2
יפן,2017,תקיפה,נשים,0.2
יפן,2018,תקיפה,נשים,0.2
יפן,2019,תקיפה,נשים,0.2
יפן,2020,תקיפה,נשים,0.2
יפן,2021,תקיפה,נשים,0.2
יפן,2022,תקיפה,נשים,0.1
יפן,2023,תקיפה,נשים,0.1
יפן,2000,תקיפה,סך הכול,0.6
יפן,2001,תקיפה,סך הכול,0.6
יפן,2002,תקיפה,סך הכול,0.6
יפן,2003,תקיפה,סך הכול,0.6
יפן,2004,תקיפה,סך הכול,0.5
יפן,2005,תקיפה,סך הכול,0.5
יפן,2006,תקיפה,סך הכול,0.5
יפן,2007,תקיפה,סך הכול,0.4
יפן,2008,תקיפה,סך הכול,0.4
יפן,2009,תקיפה,סך הכול,0.4
יפן,2010,תקיפה,סך הכול,0.3
יפן,2011,תקיפה,סך הכול,0.3
יפן,2012,תקיפה,סך הכול,0.3
יפן,2013,תקיפה,סך הכול,0.3
יפן,2014,תקיפה,סך הכול,0.3
יפן,2015,תקיפה,סך הכול,0.2
יפן,2016,תקיפה,סך הכול,0.2
יפן,2017,תקיפה,סך הכול,0.2
יפן,2018,תקיפה,סך הכול,0.2
יפן,2019,תקיפה,סך הכול,0.2
יפן,2020,תקיפה,סך הכול,0.2
יפן,2021,תקיפה,סך הכול,0.2
יפן,2022,תקיפה,סך הכול,0.1
יפן,2023,תקיפה,סך הכול,0.2
ישראל,2000,גידולים,גברים,279.5
ישראל,2001,גידולים,גברים,281.2
ישראל,2002,גידולים,גברים,279.7
ישראל,2003,גידולים,גברים,280.3
ישראל,2004,גידולים,גברים,267.2
ישראל,2005,גידולים,גברים,267.7
ישראל,2006,גידולים,גברים,256.1
ישראל,2007,גידולים,גברים,258.3
ישראל,2008,גידולים,גברים,252.5
ישראל,2009,גידולים,גברים,243.8
ישראל,2010,גידולים,גברים,245.6
ישראל,2011,גידולים,גברים,236.1
ישראל,2012,גידולים,גברים,239.3
ישראל,2013,גידולים,גברים,229.3
ישראל,2014,גידולים,גברים,230.4
ישראל,2015,גידולים,גברים,234
ישראל,2016,גידולים,גברים,221.7
ישראל,2017,גידולים,גברים,222.3
ישראל,2018,גידולים,גברים,221.1
ישראל,2019,גידולים,גברים,218
ישראל,2020,גידולים,גברים,218.3
ישראל,2021,גידולים,גברים,204.4
ישראל,2022,גידולים,גברים,201
ישראל,2023,גידולים,גברים,189.3
ישראל,2000,גידולים,נשים,211.2
ישראל,2001,גידולים,נשים,209.4
ישראל,2002,גידולים,נשים,207
ישראל,2003,גידולים,נשים,209.7
ישראל,2004,גידולים,נשים,197
ישראל,2005,גידולים,נשים,200
ישראל,2006,גידולים,נשים,197.9
ישראל,2007,גידולים,נשים,195.5
ישראל,2008,גידולים,נשים,195
ישראל,2009,גידולים,נשים,183.3
ישראל,2010,גידולים,נשים,187.1
ישראל,2011,גידולים,נשים,176.6
ישראל,2012,גידולים,נשים,178.8
ישראל,2013,גידולים,נשים,178.2
ישראל,2014,גידולים,נשים,175.5
ישראל,2015,גידולים,נשים,170.2
ישראל,2016,גידולים,נשים,169
ישראל,2017,גידולים,נשים,167.5
ישראל,2018,גידולים,נשים,165.3
ישראל,2019,גידולים,נשים,166.4
ישראל,2020,גידולים,נשים,156.9
ישראל,2021,גידולים,נשים,152.8
ישראל,2022,גידולים,נשים,148.4
ישראל,2023,גידולים,נשים,142
ישראל,2000,גידולים,סך הכול,239.7
ישראל,2001,גידולים,סך הכול,239
ישראל,2002,גידולים,סך הכול,237.3
ישראל,2003,גידולים,סך הכול,238.8
ישראל,2004,גידולים,סך הכול,226.2
ישראל,2005,גידולים,סך הכול,227.9
ישראל,2006,גידולים,סך הכול,222.4
ישראל,2007,גידולים,סך הכול,221.7
ישראל,2008,גידולים,סך הכול,219.1
ישראל,2009,גידולים,סך הכול,208.6
ישראל,2010,גידולים,סך הכול,211.8
ישראל,2011,גידולים,סך הכול,201.7
ישראל,2012,גידולים,סך הכול,204.6
ישראל,2013,גידולים,סך הכול,200.3
ישראל,2014,גידולים,סך הכול,198.9
ישראל,2015,גידולים,סך הכול,197.3
ישראל,2016,גידולים,סך הכול,191.5
ישראל,2017,גידולים,סך הכול,190.6
ישראל,2018,גידולים,סך הכול,189.2
ישראל,2019,גידולים,סך הכול,188.4
ישראל,2020,גידולים,סך הכול,183.2
ישראל,2021,גידולים,סך הכול,175.2
ישראל,2022,גידולים,סך הכול,171
ישראל,2023,גידולים,סך הכול,162.3
ישראל,2000,מחלות זיהומיות,גברים,36.8
ישראל,2001,מחלות זיהומיות,גברים,29.3
ישראל,2002,מחלות זיהומיות,גברים,28.4
ישראל,2003,מחלות זיהומיות,גברים,30.1
ישראל,2004,מחלות זיהומיות,גברים,28
ישראל,2005,מחלות זיהומיות,גברים,32.6
ישראל,2006,מחלות זיהומיות,גברים,34
ישראל,2007,מחלות זיהומיות,גברים,33.1
ישראל,2008,מחלות זיהומיות,גברים,37.3
ישראל,2009,מחלות זיהומיות,גברים,33.9
ישראל,2010,מחלות זיהומיות,גברים,36.8
ישראל,2011,מחלות זיהומיות,גברים,43.8
ישראל,2012,מחלות זיהומיות,גברים,47.8
ישראל,2013,מחלות זיהומיות,גברים,44.7
ישראל,2014,מחלות זיהומיות,גברים,48.6
ישראל,2015,מחלות זיהומיות,גברים,51
ישראל,2016,מחלות זיהומיות,גברים,50.4
ישראל,2017,מחלות זיהומיות,גברים,49
ישראל,2018,מחלות זיהומיות,גברים,43.7
ישראל,2019,מחלות זיהומיות,גברים,43.6
ישראל,2020,מחלות זיהומיות,גברים,38.1
ישראל,2021,מחלות זיהומיות,גברים,40.6
ישראל,2022,מחלות זיהומיות,גברים,43.9
ישראל,2023,מחלות זיהומיות,גברים,43.3
ישראל,2000,מחלות זיהומיות,נשים,28.6
ישראל,2001,מחלות זיהומיות,נשים,24.3
ישראל,2002,מחלות זיהומיות,נשים,26.6
ישראל,2003,מחלות זיהומיות,נשים,24.2
ישראל,2004,מחלות זיהומיות,נשים,24.3
ישראל,2005,מחלות זיהומיות,נשים,27.9
ישראל,2006,מחלות זיהומיות,נשים,28.8
ישראל,2007,מחלות זיהומיות,נשים,29.7
ישראל,2008,מחלות זיהומיות,נשים,30.4
ישראל,2009,מחלות זיהומיות,נשים,27.7
ישראל,2010,מחלות זיהומיות,נשים,29.5
ישראל,2011,מחלות זיהומיות,נשים,34
ישראל,2012,מחלות זיהומיות,נשים,37.6
ישראל,2013,מחלות זיהומיות,נשים,35.2
ישראל,2014,מחלות זיהומיות,נשים,36.8
ישראל,2015,מחלות זיהומיות,נשים,39.1
ישראל,2016,מחלות זיהומיות,נשים,38.1
ישראל,2017,מחלות זיהומיות,נשים,35.9
ישראל,2018,מחלות זיהומיות,נשים,32.2
ישראל,2019,מחלות זיהומיות,נשים,33.4
ישראל,2020,מחלות זיהומיות,נשים,29.1
ישראל,2021,מחלות זיהומיות,נשים,29.4
ישראל,2022,מחלות זיהומיות,נשים,30.9
ישראל,2023,מחלות זיהומיות,נשים,30.5
ישראל,2000,מחלות זיהומיות,סך הכול,32.2
ישראל,2001,מחלות זיהומיות,סך הכול,26.6
ישראל,2002,מחלות זיהומיות,סך הכול,27.5
ישראל,2003,מחלות זיהומיות,סך הכול,26.8
ישראל,2004,מחלות זיהומיות,סך הכול,26
ישראל,2005,מחלות זיהומיות,סך הכול,30.2
ישראל,2006,מחלות זיהומיות,סך הכול,31.2
ישראל,2007,מחלות זיהומיות,סך הכול,31.3
ישראל,2008,מחלות זיהומיות,סך הכול,33.4
ישראל,2009,מחלות זיהומיות,סך הכול,30.4
ישראל,2010,מחלות זיהומיות,סך הכול,32.7
ישראל,2011,מחלות זיהומיות,סך הכול,38.3
ישראל,2012,מחלות זיהומיות,סך הכול,42.1
ישראל,2013,מחלות זיהומיות,סך הכול,39.4
ישראל,2014,מחלות זיהומיות,סך הכול,41.9
ישראל,2015,מחלות זיהומיות,סך הכול,44.4
ישראל,2016,מחלות זיהומיות,סך הכול,43.4
ישראל,2017,מחלות זיהומיות,סך הכול,41.6
ישראל,2018,מחלות זיהומיות,סך הכול,37.3
ישראל,2019,מחלות זיהומיות,סך הכול,38
ישראל,2020,מחלות זיהומיות,סך הכול,33.1
ישראל,2021,מחלות זיהומיות,סך הכול,34.4
ישראל,2022,מחלות זיהומיות,סך הכול,36.5
ישראל,2023,מחלות זיהומיות,סך הכול,36.1
ישראל,2000,מחלות כלי דם במוח,גברים,79.9
ישראל,2001,מחלות כלי דם במוח,גברים,87.9
ישראל,2002,מחלות כלי דם במוח,גברים,77.8
ישראל,2003,מחלות כלי דם במוח,גברים,70.8
ישראל,2004,מחלות כלי דם במוח,גברים,71.9
ישראל,2005,מחלות כלי דם במוח,גברים,68.8
ישראל,2006,מחלות כלי דם במוח,גברים,63.3
ישראל,2007,מחלות כלי דם במוח,גברים,61.1
ישראל,2008,מחלות כלי דם במוח,גברים,49
ישראל,2009,מחלות כלי דם במוח,גברים,46.7
ישראל,2010,מחלות כלי דם במוח,גברים,49.2
ישראל,2011,מחלות כלי דם במוח,גברים,51.2
ישראל,2012,מחלות כלי דם במוח,גברים,52.9
ישראל,2013,מחלות כלי דם במוח,גברים,47.8
ישראל,2014,מחלות כלי דם במוח,גברים,45.9
ישראל,2015,מחלות כלי דם במוח,גברים,47
ישראל,2016,מחלות כלי דם במוח,גברים,42.2
ישראל,2017,מחלות כלי דם במוח,גברים,40.3
ישראל,2018,מחלות כלי דם במוח,גברים,39.3
ישראל,2019,מחלות כלי דם במוח,גברים,39.2
ישראל,2020,מחלות כלי דם במוח,גברים,37.8
ישראל,2021,מחלות כלי דם במוח,גברים,35.7
ישראל,2022,מחלות כלי דם במוח,גברים,33.7
ישראל,2023,מחלות כלי דם במוח,גברים,34.7
ישראל,2000,מחלות כלי דם במוח,נשים,69.7
ישראל,2001,מחלות כלי דם במוח,נשים,68.6
ישראל,2002,מחלות כלי דם במוח,נשים,69.3
ישראל,2003,מחלות כלי דם במוח,נשים,60.5
ישראל,2004,מחלות כלי דם במוח,נשים,63.9
ישראל,2005,מחלות כלי דם במוח,נשים,62.3
ישראל,2006,מחלות כלי דם במוח,נשים,57.2
ישראל,2007,מחלות כלי דם במוח,נשים,55.9
ישראל,2008,מחלות כלי דם במוח,נשים,43.1
ישראל,2009,מחלות כלי דם במוח,נשים,42.8
ישראל,2010,מחלות כלי דם במוח,נשים,43.5
ישראל,2011,מחלות כלי דם במוח,נשים,44.1
ישראל,2012,מחלות כלי דם במוח,נשים,43.4
ישראל,2013,מחלות כלי דם במוח,נשים,39.8
ישראל,2014,מחלות כלי דם במוח,נשים,40.1
ישראל,2015,מחלות כלי דם במוח,נשים,40.2
ישראל,2016,מחלות כלי דם במוח,נשים,36.1
ישראל,2017,מחלות כלי דם במוח,נשים,30.2
ישראל,2018,מחלות כלי דם במוח,נשים,29.9
ישראל,2019,מחלות כלי דם במוח,נשים,31.2
ישראל,2020,מחלות כלי דם במוח,נשים,29.5
ישראל,2021,מחלות כלי דם במוח,נשים,28.1
ישראל,2022,מחלות כלי דם במוח,נשים,26.3
ישראל,2023,מחלות כלי דם במוח,נשים,23.7
ישראל,2000,מחלות כלי דם במוח,סך הכול,74.3
ישראל,2001,מחלות כלי דם במוח,סך הכול,76.9
ישראל,2002,מחלות כלי דם במוח,סך הכול,73.2
ישראל,2003,מחלות כלי דם במוח,סך הכול,65.2
ישראל,2004,מחלות כלי דם במוח,סך הכול,67.8
ישראל,2005,מחלות כלי דם במוח,סך הכול,65.5
ישראל,2006,מחלות כלי דם במוח,סך הכול,60.1
ישראל,2007,מחלות כלי דם במוח,סך הכול,58.6
ישראל,2008,מחלות כלי דם במוח,סך הכול,45.8
ישראל,2009,מחלות כלי דם במוח,סך הכול,44.9
ישראל,2010,מחלות כלי דם במוח,סך הכול,46.3
ישראל,2011,מחלות כלי דם במוח,סך הכול,47.5
ישראל,2012,מחלות כלי דם במוח,סך הכול,47.8
ישראל,2013,מחלות כלי דם במוח,סך הכול,43.4
ישראל,2014,מחלות כלי דם במוח,סך הכול,42.9
ישראל,2015,מחלות כלי דם במוח,סך הכול,43.4
ישראל,2016,מחלות כלי דם במוח,סך הכול,39
ישראל,2017,מחלות כלי דם במוח,סך הכול,34.8
ישראל,2018,מחלות כלי דם במוח,סך הכול,34.2
ישראל,2019,מחלות כלי דם במוח,סך הכול,34.9
ישראל,2020,מחלות כלי דם במוח,סך הכול,33.4
ישראל,2021,מחלות כלי דם במוח,סך הכול,31.6
ישראל,2022,מחלות כלי דם במוח,סך הכול,29.8
ישראל,2023,מחלות כלי דם במוח,סך הכול,28.7
ישראל,2000,מחלות לב איסכמיות,גברים,205.4
ישראל,2001,מחלות לב איסכמיות,גברים,186.3
ישראל,2002,מחלות לב איסכמיות,גברים,176.5
ישראל,2003,מחלות לב איסכמיות,גברים,180.8
ישראל,2004,מחלות לב איסכמיות,גברים,154.5
ישראל,2005,מחלות לב איסכמיות,גברים,151.4
ישראל,2006,מחלות לב איסכמיות,גברים,145
ישראל,2007,מחלות לב איסכמיות,גברים,158
ישראל,2008,מחלות לב איסכמיות,גברים,135.4
ישראל,2009,מחלות לב איסכמיות,גברים,123.6
ישראל,2010,מחלות לב איסכמיות,גברים,116.6
ישראל,2011,מחלות לב איסכמיות,גברים,111.9
ישראל,2012,מחלות לב איסכמיות,גברים,101.1
ישראל,2013,מחלות לב איסכמיות,גברים,97.2
ישראל,2014,מחלות לב איסכמיות,גברים,91.6
ישראל,2015,מחלות לב איסכמיות,גברים,93.8
ישראל,2016,מחלות לב איסכמיות,גברים,88.5
ישראל,2017,מחלות לב איסכמיות,גברים,89.3
ישראל,2018,מחלות לב איסכמיות,גברים,80.5
ישראל,2019,מחלות לב איסכמיות,גברים,77.2
ישראל,2020,מחלות לב איסכמיות,גברים,79.5
ישראל,2021,מחלות לב איסכמיות,גברים,71.3
ישראל,2022,מחלות לב איסכמיות,גברים,68.7
ישראל,2023,מחלות לב איסכמיות,גברים,58.8
ישראל,2000,מחלות לב איסכמיות,נשים,125.3
ישראל,2001,מחלות לב איסכמיות,נשים,118.1
ישראל,2002,מחלות לב איסכמיות,נשים,111.7
ישראל,2003,מחלות לב איסכמיות,נשים,111.6
ישראל,2004,מחלות לב איסכמיות,נשים,96.9
ישראל,2005,מחלות לב איסכמיות,נשים,99.2
ישראל,2006,מחלות לב איסכמיות,נשים,94.2
ישראל,2007,מחלות לב איסכמיות,נשים,93.3
ישראל,2008,מחלות לב איסכמיות,נשים,83
ישראל,2009,מחלות לב איסכמיות,נשים,69.7
ישראל,2010,מחלות לב איסכמיות,נשים,64.6
ישראל,2011,מחלות לב איסכמיות,נשים,63.9
ישראל,2012,מחלות לב איסכמיות,נשים,58.6
ישראל,2013,מחלות לב איסכמיות,נשים,55.2
ישראל,2014,מחלות לב איסכמיות,נשים,53.1
ישראל,2015,מחלות לב איסכמיות,נשים,49.8
ישראל,2016,מחלות לב איסכמיות,נשים,47.3
ישראל,2017,מחלות לב איסכמיות,נשים,42.6
ישראל,2018,מחלות לב איסכמיות,נשים,41.5
ישראל,2019,מחלות לב איסכמיות,נשים,41.5
ישראל,2020,מחלות לב איסכמיות,נשים,39.6
ישראל,2021,מחלות לב איסכמיות,נשים,37
ישראל,2022,מחלות לב איסכמיות,נשים,34.5
ישראל,2023,מחלות לב איסכמיות,נשים,28.1
ישראל,2000,מחלות לב איסכמיות,סך הכול,160
ישראל,2001,מחלות לב איסכמיות,סך הכול,147.7
ישראל,2002,מחלות לב איסכמיות,סך הכול,139.9
ישראל,2003,מחלות לב איסכמיות,סך הכול,141.3
ישראל,2004,מחלות לב איסכמיות,סך הכול,121.9
ישראל,2005,מחלות לב איסכמיות,סך הכול,121.9
ישראל,2006,מחלות לב איסכמיות,סך הכול,116.4
ישראל,2007,מחלות לב איסכמיות,סך הכול,121.3
ישראל,2008,מחלות לב איסכמיות,סך הכול,105.6
ישראל,2009,מחלות לב איסכמיות,סך הכול,92.8
ישראל,2010,מחלות לב איסכמיות,סך הכול,87
ישראל,2011,מחלות לב איסכמיות,סך הכול,84.7
ישראל,2012,מחלות לב איסכמיות,סך הכול,77.1
ישראל,2013,מחלות לב איסכמיות,סך הכול,73.5
ישראל,2014,מחלות לב איסכמיות,סך הכול,69.8
ישראל,2015,מחלות לב איסכמיות,סך הכול,68.7
ישראל,2016,מחלות לב איסכמיות,סך הכול,65.1
ישראל,2017,מחלות לב איסכמיות,סך הכול,62.5
ישראל,2018,מחלות לב איסכמיות,סך הכול,58.3
ישראל,2019,מחלות לב איסכמיות,סך הכול,57.1
ישראל,2020,מחלות לב איסכמיות,סך הכול,56.8
ישראל,2021,מחלות לב איסכמיות,סך הכול,51.8
ישראל,2022,מחלות לב איסכמיות,סך הכול,49.4
ישראל,2023,מחלות לב איסכמיות,סך הכול,41.5
ישראל,2000,מחלות מערכת הדם,גברים,383.4
ישראל,2001,מחלות מערכת הדם,גברים,368.1
ישראל,2002,מחלות מערכת הדם,גברים,352.8
ישראל,2003,מחלות מערכת הדם,גברים,344.3
ישראל,2004,מחלות מערכת הדם,גברים,324.8
ישראל,2005,מחלות מערכת הדם,גברים,310.5
ישראל,2006,מחלות מערכת הדם,גברים,289.2
ישראל,2007,מחלות מערכת הדם,גברים,301
ישראל,2008,מחלות מערכת הדם,גברים,261.7
ישראל,2009,מחלות מערכת הדם,גברים,239.1
ישראל,2010,מחלות מערכת הדם,גברים,240.8
ישראל,2011,מחלות מערכת הדם,גברים,233.6
ישראל,2012,מחלות מערכת הדם,גברים,224.5
ישראל,2013,מחלות מערכת הדם,גברים,214.8
ישראל,2014,מחלות מערכת הדם,גברים,210.2
ישראל,2015,מחלות מערכת הדם,גברים,216.8
ישראל,2016,מחלות מערכת הדם,גברים,202.7
ישראל,2017,מחלות מערכת הדם,גברים,206.9
ישראל,2018,מחלות מערכת הדם,גברים,188.9
ישראל,2019,מחלות מערכת הדם,גברים,189.9
ישראל,2020,מחלות מערכת הדם,גברים,188.6
ישראל,2021,מחלות מערכת הדם,גברים,177.2
ישראל,2022,מחלות מערכת הדם,גברים,175.6
ישראל,2023,מחלות מערכת הדם,גברים,158.2
ישראל,2000,מחלות מערכת הדם,נשים,286.4
ישראל,2001,מחלות מערכת הדם,נשים,273.9
ישראל,2002,מחלות מערכת הדם,נשים,271.4
ישראל,2003,מחלות מערכת הדם,נשים,259.3
ישראל,2004,מחלות מערכת הדם,נשים,249.4
ישראל,2005,מחלות מערכת הדם,נשים,248.9
ישראל,2006,מחלות מערכת הדם,נשים,231.8
ישראל,2007,מחלות מערכת הדם,נשים,231.2
ישראל,2008,מחלות מערכת הדם,נשים,203.3
ישראל,2009,מחלות מערכת הדם,נשים,183.6
ישראל,2010,מחלות מערכת הדם,נשים,176.2
ישראל,2011,מחלות מערכת הדם,נשים,177.7
ישראל,2012,מחלות מערכת הדם,נשים,167.8
ישראל,2013,מחלות מערכת הדם,נשים,162.3
ישראל,2014,מחלות מערכת הדם,נשים,159.2
ישראל,2015,מחלות מערכת הדם,נשים,155.6
ישראל,2016,מחלות מערכת הדם,נשים,153.5
ישראל,2017,מחלות מערכת הדם,נשים,139.1
ישראל,2018,מחלות מערכת הדם,נשים,132.7
ישראל,2019,מחלות מערכת הדם,נשים,137.3
ישראל,2020,מחלות מערכת הדם,נשים,134
ישראל,2021,מחלות מערכת הדם,נשים,132.4
ישראל,2022,מחלות מערכת הדם,נשים,128.2
ישראל,2023,מחלות מערכת הדם,נשים,109
ישראל,2000,מחלות מערכת הדם,סך הכול,329.1
ישראל,2001,מחלות מערכת הדם,סך הכול,315.3
ישראל,2002,מחלות מערכת הדם,סך הכול,307.5
ישראל,2003,מחלות מערכת הדם,סך הכול,296.6
ישראל,2004,מחלות מערכת הדם,סך הכול,283.3
ישראל,2005,מחלות מערכת הדם,סך הכול,276.8
ישראל,2006,מחלות מערכת הדם,סך הכול,257.7
ישראל,2007,מחלות מערכת הדם,סך הכול,262.4
ישראל,2008,מחלות מערכת הדם,סך הכול,229.4
ישראל,2009,מחלות מערכת הדם,סך הכול,208.4
ישראל,2010,מחלות מערכת הדם,סך הכול,204.9
ישראל,2011,מחלות מערכת הדם,סך הכול,202.9
ישראל,2012,מחלות מערכת הדם,סך הכול,193.4
ישראל,2013,מחלות מערכת הדם,סך הכול,185.9
ישראל,2014,מחלות מערכת הדם,סך הכול,182.1
ישראל,2015,מחלות מערכת הדם,סך הכול,182.6
ישראל,2016,מחלות מערכת הדם,סך הכול,175.9
ישראל,2017,מחלות מערכת הדם,סך הכול,168.9
ישראל,2018,מחלות מערכת הדם,סך הכול,157.8
ישראל,2019,מחלות מערכת הדם,סך הכול,161
ישראל,2020,מחלות מערכת הדם,סך הכול,158.6
ישראל,2021,מחלות מערכת הדם,סך הכול,152.8
ישראל,2022,מחלות מערכת הדם,סך הכול,149.8
ישראל,2023,מחלות מערכת הדם,סך הכול,131.3
ישראל,2000,מחלות מערכת הנשימה,גברים,98
ישראל,2001,מחלות מערכת הנשימה,גברים,81.4
ישראל,2002,מחלות מערכת הנשימה,גברים,87.4
ישראל,2003,מחלות מערכת הנשימה,גברים,81.2
ישראל,2004,מחלות מערכת הנשימה,גברים,81.2
ישראל,2005,מחלות מערכת הנשימה,גברים,85.1
ישראל,2006,מחלות מערכת הנשימה,גברים,81.1
ישראל,2007,מחלות מערכת הנשימה,גברים,90.1
ישראל,2008,מחלות מערכת הנשימה,גברים,84.9
ישראל,2009,מחלות מערכת הנשימה,גברים,75
ישראל,2010,מחלות מערכת הנשימה,גברים,70.4
ישראל,2011,מחלות מערכת הנשימה,גברים,74.6
ישראל,2012,מחלות מערכת הנשימה,גברים,78.3
ישראל,2013,מחלות מערכת הנשימה,גברים,72.2
ישראל,2014,מחלות מערכת הנשימה,גברים,77.1
ישראל,2015,מחלות מערכת הנשימה,גברים,79.1
ישראל,2016,מחלות מערכת הנשימה,גברים,73
ישראל,2017,מחלות מערכת הנשימה,גברים,78.3
ישראל,2018,מחלות מערכת הנשימה,גברים,78.9
ישראל,2019,מחלות מערכת הנשימה,גברים,85.8
ישראל,2020,מחלות מערכת הנשימה,גברים,78.8
ישראל,2021,מחלות מערכת הנשימה,גברים,79.8
ישראל,2022,מחלות מערכת הנשימה,גברים,83.7
ישראל,2023,מחלות מערכת הנשימה,גברים,78
ישראל,2000,מחלות מערכת הנשימה,נשים,68.9
ישראל,2001,מחלות מערכת הנשימה,נשים,55.4
ישראל,2002,מחלות מערכת הנשימה,נשים,60.4
ישראל,2003,מחלות מערכת הנשימה,נשים,57.6
ישראל,2004,מחלות מערכת הנשימה,נשים,57.3
ישראל,2005,מחלות מערכת הנשימה,נשים,65.6
ישראל,2006,מחלות מערכת הנשימה,נשים,63.4
ישראל,2007,מחלות מערכת הנשימה,נשים,65.9
ישראל,2008,מחלות מערכת הנשימה,נשים,61.6
ישראל,2009,מחלות מערכת הנשימה,נשים,51.5
ישראל,2010,מחלות מערכת הנשימה,נשים,49.9
ישראל,2011,מחלות מערכת הנשימה,נשים,51.8
ישראל,2012,מחלות מערכת הנשימה,נשים,53
ישראל,2013,מחלות מערכת הנשימה,נשים,48.8
ישראל,2014,מחלות מערכת הנשימה,נשים,50.1
ישראל,2015,מחלות מערכת הנשימה,נשים,53.3
ישראל,2016,מחלות מערכת הנשימה,נשים,50
ישראל,2017,מחלות מערכת הנשימה,נשים,50.2
ישראל,2018,מחלות מערכת הנשימה,נשים,54.5
ישראל,2019,מחלות מערכת הנשימה,נשים,59.3
ישראל,2020,מחלות מערכת הנשימה,נשים,54.2
ישראל,2021,מחלות מערכת הנשימה,נשים,54
ישראל,2022,מחלות מערכת הנשימה,נשים,53.9
ישראל,2023,מחלות מערכת הנשימה,נשים,50
ישראל,2000,מחלות מערכת הנשימה,סך הכול,81.3
ישראל,2001,מחלות מערכת הנשימה,סך הכול,66.2
ישראל,2002,מחלות מערכת הנשימה,סך הכול,71.6
ישראל,2003,מחלות מערכת הנשימה,סך הכול,67.5
ישראל,2004,מחלות מערכת הנשימה,סך הכול,67.5
ישראל,2005,מחלות מערכת הנשימה,סך הכול,74
ישראל,2006,מחלות מערכת הנשימה,סך הכול,71.2
ישראל,2007,מחלות מערכת הנשימה,סך הכול,76.3
ישראל,2008,מחלות מערכת הנשימה,סך הכול,71.7
ישראל,2009,מחלות מערכת הנשימה,סך הכול,61.5
ישראל,2010,מחלות מערכת הנשימה,סך הכול,58.7
ישראל,2011,מחלות מערכת הנשימה,סך הכול,61.4
ישראל,2012,מחלות מערכת הנשימה,סך הכול,63.8
ישראל,2013,מחלות מערכת הנשימה,סך הכול,58.8
ישראל,2014,מחלות מערכת הנשימה,סך הכול,61.7
ישראל,2015,מחלות מערכת הנשימה,סך הכול,64.4
ישראל,2016,מחלות מערכת הנשימה,סך הכול,60
ישראל,2017,מחלות מערכת הנשימה,סך הכול,62.2
ישראל,2018,מחלות מערכת הנשימה,סך הכול,65.3
ישראל,2019,מחלות מערכת הנשימה,סך הכול,70.7
ישראל,2020,מחלות מערכת הנשימה,סך הכול,65
ישראל,2021,מחלות מערכת הנשימה,סך הכול,65.2
ישראל,2022,מחלות מערכת הנשימה,סך הכול,66.7
ישראל,2023,מחלות מערכת הנשימה,סך הכול,62.2
ישראל,2000,נפילות,גברים,3
ישראל,2001,נפילות,גברים,2.9
ישראל,2002,נפילות,גברים,2.8
ישראל,2003,נפילות,גברים,3.5
ישראל,2004,נפילות,גברים,2
ישראל,2005,נפילות,גברים,2.9
ישראל,2006,נפילות,גברים,2.3
ישראל,2007,נפילות,גברים,2.3
ישראל,2008,נפילות,גברים,2.6
ישראל,2009,נפילות,גברים,2.5
ישראל,2010,נפילות,גברים,3
ישראל,2011,נפילות,גברים,3.4
ישראל,2012,נפילות,גברים,2.5
ישראל,2013,נפילות,גברים,3
ישראל,2014,נפילות,גברים,3.3
ישראל,2015,נפילות,גברים,3.1
ישראל,2016,נפילות,גברים,3.1
ישראל,2017,נפילות,גברים,2.2
ישראל,2018,נפילות,גברים,2.4
ישראל,2019,נפילות,גברים,2.1
ישראל,2020,נפילות,גברים,2
ישראל,2021,נפילות,גברים,2.3
ישראל,2022,נפילות,גברים,2.9
ישראל,2023,נפילות,גברים,2.6
ישראל,2000,נפילות,נשים,1.3
ישראל,2001,נפילות,נשים,1
ישראל,2002,נפילות,נשים,1.3
ישראל,2003,נפילות,נשים,1.3
ישראל,2004,נפילות,נשים,1.7
ישראל,2005,נפילות,נשים,1.5
ישראל,2006,נפילות,נשים,1.4
ישראל,2007,נפילות,נשים,1.8
ישראל,2008,נפילות,נשים,1.7
ישראל,2009,נפילות,נשים,1.9
ישראל,2010,נפילות,נשים,2.2
ישראל,2011,נפילות,נשים,1.6
ישראל,2012,נפילות,נשים,1.9
ישראל,2013,נפילות,נשים,1.5
ישראל,2014,נפילות,נשים,1.3
ישראל,2015,נפילות,נשים,1.7
ישראל,2016,נפילות,נשים,1.4
ישראל,2017,נפילות,נשים,1.3
ישראל,2018,נפילות,נשים,1.2
ישראל,2019,נפילות,נשים,1.1
ישראל,2020,נפילות,נשים,1.6
ישראל,2021,נפילות,נשים,1.5
ישראל,2022,נפילות,נשים,1.3
ישראל,2023,נפילות,נשים,1.3
ישראל,2000,נפילות,סך הכול,2.1
ישראל,2001,נפילות,סך הכול,1.8
ישראל,2002,נפילות,סך הכול,2
ישראל,2003,נפילות,סך הכול,2.3
ישראל,2004,נפילות,סך הכול,1.9
ישראל,2005,נפילות,סך הכול,2.1
ישראל,2006,נפילות,סך הכול,1.8
ישראל,2007,נפילות,סך הכול,2
ישראל,2008,נפילות,סך הכול,2.1
ישראל,2009,נפילות,סך הכול,2.2
ישראל,2010,נפילות,סך הכול,2.6
ישראל,2011,נפילות,סך הכול,2.4
ישראל,2012,נפילות,סך הכול,2.1
ישראל,2013,נפילות,סך הכול,2.2
ישראל,2014,נפילות,סך הכול,2.2
ישראל,2015,נפילות,סך הכול,2.3
ישראל,2016,נפילות,סך הכול,2.1
ישראל,2017,נפילות,סך הכול,1.7
ישראל,2018,נפילות,סך הכול,1.7
ישראל,2019,נפילות,סך הכול,1.5
ישראל,2020,נפילות,סך הכול,1.8
ישראל,2021,נפילות,סך הכול,1.9
ישראל,2022,נפילות,סך הכול,2
ישראל,2023,נפילות,סך הכול,1.9
ישראל,2000,סוכרת,גברים,67.9
ישראל,2001,סוכרת,גברים,71.9
ישראל,2002,סוכרת,גברים,67.5
ישראל,2003,סוכרת,גברים,76.3
ישראל,2004,סוכרת,גברים,67.2
ישראל,2005,סוכרת,גברים,65.2
ישראל,2006,סוכרת,גברים,60.3
ישראל,2007,סוכרת,גברים,60.8
ישראל,2008,סוכרת,גברים,57.2
ישראל,2009,סוכרת,גברים,53.8
ישראל,2010,סוכרת,גברים,51.4
ישראל,2011,סוכרת,גברים,47.3
ישראל,2012,סוכרת,גברים,46.9
ישראל,2013,סוכרת,גברים,47.2
ישראל,2014,סוכרת,גברים,46.8
ישראל,2015,סוכרת,גברים,50.9
ישראל,2016,סוכרת,גברים,43.9
ישראל,2017,סוכרת,גברים,43.7
ישראל,2018,סוכרת,גברים,41.1
ישראל,2019,סוכרת,גברים,42.7
ישראל,2020,סוכרת,גברים,45.8
ישראל,2021,סוכרת,גברים,43.4
ישראל,2022,סוכרת,גברים,40.9
ישראל,2023,סוכרת,גברים,35.9
ישראל,2000,סוכרת,נשים,62.9
ישראל,2001,סוכרת,נשים,62.8
ישראל,2002,סוכרת,נשים,58.7
ישראל,2003,סוכרת,נשים,66.6
ישראל,2004,סוכרת,נשים,59.3
ישראל,2005,סוכרת,נשים,54.2
ישראל,2006,סוכרת,נשים,52.8
ישראל,2007,סוכרת,נשים,51.2
ישראל,2008,סוכרת,נשים,52
ישראל,2009,סוכרת,נשים,46.4
ישראל,2010,סוכרת,נשים,42.1
ישראל,2011,סוכרת,נשים,39.1
ישראל,2012,סוכרת,נשים,41.2
ישראל,2013,סוכרת,נשים,39.9
ישראל,2014,סוכרת,נשים,39.7
ישראל,2015,סוכרת,נשים,39.1
ישראל,2016,סוכרת,נשים,35.2
ישראל,2017,סוכרת,נשים,34.9
ישראל,2018,סוכרת,נשים,34
ישראל,2019,סוכרת,נשים,34.8
ישראל,2020,סוכרת,נשים,34.8
ישראל,2021,סוכרת,נשים,32.1
ישראל,2022,סוכרת,נשים,31.3
ישראל,2023,סוכרת,נשים,29.3
ישראל,2000,סוכרת,סך הכול,65.3
ישראל,2001,סוכרת,סך הכול,66.9
ישראל,2002,סוכרת,סך הכול,62.5
ישראל,2003,סוכרת,סך הכול,71
ישראל,2004,סוכרת,סך הכול,63
ישראל,2005,סוכרת,סך הכול,59.1
ישראל,2006,סוכרת,סך הכול,56.2
ישראל,2007,סוכרת,סך הכול,55.7
ישראל,2008,סוכרת,סך הכול,54.5
ישראל,2009,סוכרת,סך הכול,49.8
ישראל,2010,סוכרת,סך הכול,46.4
ישראל,2011,סוכרת,סך הכול,43
ישראל,2012,סוכרת,סך הכול,43.9
ישראל,2013,סוכרת,סך הכול,43.3
ישראל,2014,סוכרת,סך הכול,43.1
ישראל,2015,סוכרת,סך הכול,44.4
ישראל,2016,סוכרת,סך הכול,39.4
ישראל,2017,סוכרת,סך הכול,38.9
ישראל,2018,סוכרת,סך הכול,37.2
ישראל,2019,סוכרת,סך הכול,38.5
ישראל,2020,סוכרת,סך הכול,39.9
ישראל,2021,סוכרת,סך הכול,37.3
ישראל,2022,סוכרת,סך הכול,35.7
ישראל,2023,סוכרת,סך הכול,32.4
ישראל,2020,קורונה,גברים,65.3
ישראל,2021,קורונה,גברים,89.7
ישראל,2022,קורונה,גברים,79.6
ישראל,2023,קורונה,גברים,17.3
ישראל,2020,קורונה,נשים,35.3
ישראל,2021,קורונה,נשים,55.9
ישראל,2022,קורונה,נשים,50.4
ישראל,2023,קורונה,נשים,11.1
ישראל,2020,קורונה,סך הכול,48.5
ישראל,2021,קורונה,סך הכול,70.8
ישראל,2022,קורונה,סך הכול,62.8
ישראל,2023,קורונה,סך הכול,13.7
ישראל,2000,שפעת,גברים,0.2
ישראל,2003,שפעת,גברים,0.1
ישראל,2005,שפעת,גברים,0
ישראל,2007,שפעת,גברים,0.1
ישראל,2009,שפעת,גברים,0
ישראל,2010,שפעת,גברים,0.1
ישראל,2011,שפעת,גברים,0.3
ישראל,2012,שפעת,גברים,0.2
ישראל,2013,שפעת,גברים,0.3
ישראל,2014,שפעת,גברים,0.3
ישראל,2015,שפעת,גברים,0.8
ישראל,2016,שפעת,גברים,1
ישראל,2017,שפעת,גברים,1.3
ישראל,2018,שפעת,גברים,1.6
ישראל,2019,שפעת,גברים,1.7
ישראל,2020,שפעת,גברים,1.2
ישראל,2021,שפעת,גברים,0.3
ישראל,2022,שפעת,גברים,0.7
ישראל,2023,שפעת,גברים,1
ישראל,2000,שפעת,נשים,0.2
ישראל,2001,שפעת,נשים,0.1
ישראל,2003,שפעת,נשים,0.1
ישראל,2005,שפעת,נשים,0
ישראל,2006,שפעת,נשים,0
ישראל,2007,שפעת,נשים,0.1
ישראל,2010,שפעת,נשים,0.1
ישראל,2011,שפעת,נשים,0.2
ישראל,2012,שפעת,נשים,0.1
ישראל,2013,שפעת,נשים,0.3
ישראל,2014,שפעת,נשים,0.2
ישראל,2015,שפעת,נשים,0.3
ישראל,2016,שפעת,נשים,1
ישראל,2017,שפעת,נשים,1.1
ישראל,2018,שפעת,נשים,1.8
ישראל,2019,שפעת,נשים,1.1
ישראל,2020,שפעת,נשים,0.6
ישראל,2021,שפעת,נשים,0.4
ישראל,2022,שפעת,נשים,0.7
ישראל,2023,שפעת,נשים,0.6
ישראל,2000,שפעת,סך הכול,0.2
ישראל,2001,שפעת,סך הכול,0
ישראל,2003,שפעת,סך הכול,0.1
ישראל,2005,שפעת,סך הכול,0
ישראל,2006,שפעת,סך הכול,0
ישראל,2007,שפעת,סך הכול,0.1
ישראל,2009,שפעת,סך הכול,0
ישראל,2010,שפעת,סך הכול,0.1
ישראל,2011,שפעת,סך הכול,0.2
ישראל,2012,שפעת,סך הכול,0.1
ישראל,2013,שפעת,סך הכול,0.3
ישראל,2014,שפעת,סך הכול,0.3
ישראל,2015,שפעת,סך הכול,0.5
ישראל,2016,שפעת,סך הכול,1.1
ישראל,2017,שפעת,סך הכול,1.2
ישראל,2018,שפעת,סך הכול,1.7
ישראל,2019,שפעת,סך הכול,1.4
ישראל,2020,שפעת,סך הכול,0.9
ישראל,2021,שפעת,סך הכול,0.3
ישראל,2022,שפעת,סך הכול,0.7
ישראל,2023,שפעת,סך הכול,0.8
ישראל,2000,תאונות דרכים,גברים,15.5
ישראל,2001,תאונות דרכים,גברים,15.6
ישראל,2002,תאונות דרכים,גברים,14.5
ישראל,2003,תאונות דרכים,גברים,12.9
ישראל,2004,תאונות דרכים,גברים,13.3
ישראל,2005,תאונות דרכים,גברים,12.3
ישראל,2006,תאונות דרכים,גברים,11.4
ישראל,2007,תאונות דרכים,גברים,10.9
ישראל,2008,תאונות דרכים,גברים,10.7
ישראל,2009,תאונות דרכים,גברים,9.4
ישראל,2010,תאונות דרכים,גברים,9.2
ישראל,2011,תאונות דרכים,גברים,8.8
ישראל,2012,תאונות דרכים,גברים,6.9
ישראל,2013,תאונות דרכים,גברים,8
ישראל,2014,תאונות דרכים,גברים,7.2
ישראל,2015,תאונות דרכים,גברים,8.2
ישראל,2016,תאונות דרכים,גברים,8.2
ישראל,2017,תאונות דרכים,גברים,8.2
ישראל,2018,תאונות דרכים,גברים,7.2
ישראל,2019,תאונות דרכים,גברים,6.8
ישראל,2020,תאונות דרכים,גברים,6.6
ישראל,2021,תאונות דרכים,גברים,7.2
ישראל,2022,תאונות דרכים,גברים,7.1
ישראל,2023,תאונות דרכים,גברים,7.9
ישראל,2000,תאונות דרכים,נשים,4.4
ישראל,2001,תאונות דרכים,נשים,5
ישראל,2002,תאונות דרכים,נשים,5.1
ישראל,2003,תאונות דרכים,נשים,4.4
ישראל,2004,תאונות דרכים,נשים,5.2
ישראל,2005,תאונות דרכים,נשים,4.6
ישראל,2006,תאונות דרכים,נשים,4
ישראל,2007,תאונות דרכים,נשים,3.6
ישראל,2008,תאונות דרכים,נשים,3.1
ישראל,2009,תאונות דרכים,נשים,2.9
ישראל,2010,תאונות דרכים,נשים,3.1
ישראל,2011,תאונות דרכים,נשים,3
ישראל,2012,תאונות דרכים,נשים,2.8
ישראל,2013,תאונות דרכים,נשים,2.2
ישראל,2014,תאונות דרכים,נשים,2.2
ישראל,2015,תאונות דרכים,נשים,2.9
ישראל,2016,תאונות דרכים,נשים,2.6
ישראל,2017,תאונות דרכים,נשים,2.4
ישראל,2018,תאונות דרכים,נשים,1.9
ישראל,2019,תאונות דרכים,נשים,2.3
ישראל,2020,תאונות דרכים,נשים,2.2
ישראל,2021,תאונות דרכים,נשים,1.9
ישראל,2022,תאונות דרכים,נשים,2.1
ישראל,2023,תאונות דרכים,נשים,1.9
ישראל,2000,תאונות דרכים,סך הכול,9.6
ישראל,2001,תאונות דרכים,סך הכול,10.1
ישראל,2002,תאונות דרכים,סך הכול,9.6
ישראל,2003,תאונות דרכים,סך הכול,8.4
ישראל,2004,תאונות דרכים,סך הכול,9.1
ישראל,2005,תאונות דרכים,סך הכול,8.2
ישראל,2006,תאונות דרכים,סך הכול,7.4
ישראל,2007,תאונות דרכים,סך הכול,7.1
ישראל,2008,תאונות דרכים,סך הכול,6.8
ישראל,2009,תאונות דרכים,סך הכול,6
ישראל,2010,תאונות דרכים,סך הכול,6
ישראל,2011,תאונות דרכים,סך הכול,5.8
ישראל,2012,תאונות דרכים,סך הכול,4.8
ישראל,2013,תאונות דרכים,סך הכול,5
ישראל,2014,תאונות דרכים,סך הכול,4.6
ישראל,2015,תאונות דרכים,סך הכול,5.4
ישראל,2016,תאונות דרכים,סך הכול,5.3
ישראל,2017,תאונות דרכים,סך הכול,5.1
ישראל,2018,תאונות דרכים,סך הכול,4.4
ישראל,2019,תאונות דרכים,סך הכול,4.5
ישראל,2020,תאונות דרכים,סך הכול,4.3
ישראל,2021,תאונות דרכים,סך הכול,4.5
ישראל,2022,תאונות דרכים,סך הכול,4.5
ישראל,2023,תאונות דרכים,סך הכול,4.8
ישראל,2000,תקיפה,גברים,4.4
ישראל,2001,תקיפה,גברים,8.8
ישראל,2002,תקיפה,גברים,11.3
ישראל,2003,תקיפה,גברים,7.7
ישראל,2004,תקיפה,גברים,5.3
ישראל,2005,תקיפה,גברים,4.7
ישראל,2006,תקיפה,גברים,5.2
ישראל,2007,תקיפה,גברים,3.6
ישראל,2008,תקיפה,גברים,3.3
ישראל,2009,תקיפה,גברים,3.5
ישראל,2010,תקיפה,גברים,3.3
ישראל,2011,תקיפה,גברים,3.5
ישראל,2012,תקיפה,גברים,2.9
ישראל,2013,תקיפה,גברים,2.6
ישראל,2014,תקיפה,גברים,2.7
ישראל,2015,תקיפה,גברים,3.1
ישראל,2016,תקיפה,גברים,2.2
ישראל,2017,תקיפה,גברים,2.6
ישראל,2018,תקיפה,גברים,2.4
ישראל,2019,תקיפה,גברים,2.9
ישראל,2020,תקיפה,גברים,2.5
ישראל,2021,תקיפה,גברים,3
ישראל,2022,תקיפה,גברים,2.7
ישראל,2023,תקיפה,גברים,6.2
ישראל,2000,תקיפה,נשים,1.6
ישראל,2001,תקיפה,נשים,3.2
ישראל,2002,תקיפה,נשים,5.5
ישראל,2003,תקיפה,נשים,2.8
ישראל,2004,תקיפה,נשים,2
ישראל,2005,תקיפה,נשים,2
ישראל,2006,תקיפה,נשים,1.6
ישראל,2007,תקיפה,נשים,0.8
ישראל,2008,תקיפה,נשים,1
ישראל,2009,תקיפה,נשים,0.8
ישראל,2010,תקיפה,נשים,1
ישראל,2011,תקיפה,נשים,1.1
ישראל,2012,תקיפה,נשים,0.7
ישראל,2013,תקיפה,נשים,1
ישראל,2014,תקיפה,נשים,0.7
ישראל,2015,תקיפה,נשים,0.7
ישראל,2016,תקיפה,נשים,0.7
ישראל,2017,תקיפה,נשים,0.6
ישראל,2018,תקיפה,נשים,0.7
ישראל,2019,תקיפה,נשים,0.5
ישראל,2020,תקיפה,נשים,0.6
ישראל,2021,תקיפה,נשים,0.6
ישראל,2022,תקיפה,נשים,0.6
ישראל,2023,תקיפה,נשים,0.8
ישראל,2000,תקיפה,סך הכול,3
ישראל,2001,תקיפה,סך הכול,5.9
ישראל,2002,תקיפה,סך הכול,8.3
ישראל,2003,תקיפה,סך הכול,5.2
ישראל,2004,תקיפה,סך הכול,3.7
ישראל,2005,תקיפה,סך הכול,3.3
ישראל,2006,תקיפה,סך הכול,3.4
ישראל,2007,תקיפה,סך הכול,2.2
ישראל,2008,תקיפה,סך הכול,2.1
ישראל,2009,תקיפה,סך הכול,2.1
ישראל,2010,תקיפה,סך הכול,2.1
ישראל,2011,תקיפה,סך הכול,2.3
ישראל,2012,תקיפה,סך הכול,1.8
ישראל,2013,תקיפה,סך הכול,1.8
ישראל,2014,תקיפה,סך הכול,1.7
ישראל,2015,תקיפה,סך הכול,1.8
ישראל,2016,תקיפה,סך הכול,1.5
ישראל,2017,תקיפה,סך הכול,1.6
ישראל,2018,תקיפה,סך הכול,1.5
ישראל,2019,תקיפה,סך הכול,1.7
ישראל,2020,תקיפה,סך הכול,1.6
ישראל,2021,תקיפה,סך הכול,1.8
ישראל,2022,תקיפה,סך הכול,1.6
ישראל,2023,תקיפה,סך הכול,3.5
נורווגיה,2000,גידולים,גברים,323.5
נורווגיה,2001,גידולים,גברים,325.1
נורווגיה,2002,גידולים,גברים,329.5
נורווגיה,2003,גידולים,גברים,320.8
נורווגיה,2004,גידולים,גברים,315.7
נורווגיה,2005,גידולים,גברים,311.8
נורווגיה,2006,גידולים,גברים,301.1
נורווגיה,2007,גידולים,גברים,305.8
נורווגיה,2008,גידולים,גברים,302.4
נורווגיה,2009,גידולים,גברים,293.6
נורווגיה,2010,גידולים,גברים,297
נורווגיה,2011,גידולים,גברים,292.1
נורווגיה,2012,גידולים,גברים,284.3
נורווגיה,2013,גידולים,גברים,272.5
נורווגיה,2014,גידולים,גברים,271.7
נורווגיה,2015,גידולים,גברים,268.5
נורווגיה,2016,גידולים,גברים,257.8
נורווגיה,2017,גידולים,גברים,253.4
נורווגיה,2018,גידולים,גברים,244.8
נורווגיה,2019,גידולים,גברים,239.3
נורווגיה,2020,גידולים,גברים,236.2
נורווגיה,2021,גידולים,גברים,224.8
נורווגיה,2022,גידולים,גברים,231.4
נורווגיה,2023,גידולים,גברים,216
נורווגיה,2000,גידולים,נשים,209.4
נורווגיה,2001,גידולים,נשים,210.3
נורווגיה,2002,גידולים,נשים,209.2
נורווגיה,2003,גידולים,נשים,203.8
נורווגיה,2004,גידולים,נשים,202.3
נורווגיה,2005,גידולים,נשים,202.3
נורווגיה,2006,גידולים,נשים,198.8
נורווגיה,2007,גידולים,נשים,199
נורווגיה,2008,גידולים,נשים,196.8
נורווגיה,2009,גידולים,נשים,192.4
נורווגיה,2010,גידולים,נשים,196.9
נורווגיה,2011,גידולים,נשים,190.7
נורווגיה,2012,גידולים,נשים,190.1
נורווגיה,2013,גידולים,נשים,183.2
נורווגיה,2014,גידולים,נשים,186.4
נורווגיה,2015,גידולים,נשים,179.6
נורווגיה,2016,גידולים,נשים,182.1
נורווגיה,2017,גידולים,נשים,178.5
נורווגיה,2018,גידולים,נשים,177.6
נורווגיה,2019,גידולים,נשים,172.8
נורווגיה,2020,גידולים,נשים,166.8
נורווגיה,2021,גידולים,נשים,168.4
נורווגיה,2022,גידולים,נשים,166
נורווגיה,2023,גידולים,נשים,163.1
נורווגיה,2000,גידולים,סך הכול,254
נורווגיה,2001,גידולים,סך הכול,254
נורווגיה,2002,גידולים,סך הכול,255
נורווגיה,2003,גידולים,סך הכול,248.3
נורווגיה,2004,גידולים,סך הכול,246
נורווגיה,2005,גידולים,סך הכול,244.5
נורווגיה,2006,גידולים,סך הכול,238.6
נורווגיה,2007,גידולים,סך הכול,240.3
נורווגיה,2008,גידולים,סך הכול,237.3
נורווגיה,2009,גידולים,סך הכול,232.4
נורווגיה,2010,גידולים,סך הכול,236.4
נורווגיה,2011,גידולים,סך הכול,231.6
נורווגיה,2012,גידולים,סך הכול,227.4
נורווגיה,2013,גידולים,סך הכול,219.1
נורווגיה,2014,גידולים,סך הכול,220.5
נורווגיה,2015,גידולים,סך הכול,215.7
נורווגיה,2016,גידולים,סך הכול,212.7
נורווגיה,2017,גידולים,סך הכול,208.7
נורווגיה,2018,גידולים,סך הכול,205
נורווגיה,2019,גידולים,סך הכול,199.9
נורווגיה,2020,גידולים,סך הכול,195.3
נורווגיה,2021,גידולים,סך הכול,191.5
נורווגיה,2022,גידולים,סך הכול,193.5
נורווגיה,2023,גידולים,סך הכול,185.4
נורווגיה,2000,מחלות זיהומיות,גברים,14.7
נורווגיה,2001,מחלות זיהומיות,גברים,14
נורווגיה,2002,מחלות זיהומיות,גברים,15.7
נורווגיה,2003,מחלות זיהומיות,גברים,16.3
נורווגיה,2004,מחלות זיהומיות,גברים,15.7
נורווגיה,2005,מחלות זיהומיות,גברים,21.9
נורווגיה,2006,מחלות זיהומיות,גברים,18.9
נורווגיה,2007,מחלות זיהומיות,גברים,19.4
נורווגיה,2008,מחלות זיהומיות,גברים,22.8
נורווגיה,2009,מחלות זיהומיות,גברים,23.5
נורווגיה,2010,מחלות זיהומיות,גברים,21.2
נורווגיה,2011,מחלות זיהומיות,גברים,23
נורווגיה,2012,מחלות זיהומיות,גברים,23.3
נורווגיה,2013,מחלות זיהומיות,גברים,21.6
נורווגיה,2014,מחלות זיהומיות,גברים,20.4
נורווגיה,2015,מחלות זיהומיות,גברים,20.9
נורווגיה,2016,מחלות זיהומיות,גברים,18.3
נורווגיה,2017,מחלות זיהומיות,גברים,17.3
נורווגיה,2018,מחלות זיהומיות,גברים,18.5
נורווגיה,2019,מחלות זיהומיות,גברים,20.1
נורווגיה,2020,מחלות זיהומיות,גברים,17.5
נורווגיה,2021,מחלות זיהומיות,גברים,17.6
נורווגיה,2022,מחלות זיהומיות,גברים,20.6
נורווגיה,2023,מחלות זיהומיות,גברים,18.9
נורווגיה,2000,מחלות זיהומיות,נשים,11
נורווגיה,2001,מחלות זיהומיות,נשים,10.1
נורווגיה,2002,מחלות זיהומיות,נשים,11.6
נורווגיה,2003,מחלות זיהומיות,נשים,11.5
נורווגיה,2004,מחלות זיהומיות,נשים,11.2
נורווגיה,2005,מחלות זיהומיות,נשים,13.8
נורווגיה,2006,מחלות זיהומיות,נשים,13.4
נורווגיה,2007,מחלות זיהומיות,נשים,15.9
נורווגיה,2008,מחלות זיהומיות,נשים,16
נורווגיה,2009,מחלות זיהומיות,נשים,16.4
נורווגיה,2010,מחלות זיהומיות,נשים,17.2
נורווגיה,2011,מחלות זיהומיות,נשים,16.2
נורווגיה,2012,מחלות זיהומיות,נשים,17.6
נורווגיה,2013,מחלות זיהומיות,נשים,16.9
נורווגיה,2014,מחלות זיהומיות,נשים,15.5
נורווגיה,2015,מחלות זיהומיות,נשים,15.7
נורווגיה,2016,מחלות זיהומיות,נשים,14.2
נורווגיה,2017,מחלות זיהומיות,נשים,16.5
נורווגיה,2018,מחלות זיהומיות,נשים,15.7
נורווגיה,2019,מחלות זיהומיות,נשים,14.4
נורווגיה,2020,מחלות זיהומיות,נשים,14.4
נורווגיה,2021,מחלות זיהומיות,נשים,14.6
נורווגיה,2022,מחלות זיהומיות,נשים,15.4
נורווגיה,2023,מחלות זיהומיות,נשים,14.8
נורווגיה,2000,מחלות זיהומיות,סך הכול,12.4
נורווגיה,2001,מחלות זיהומיות,סך הכול,11.8
נורווגיה,2002,מחלות זיהומיות,סך הכול,13.1
נורווגיה,2003,מחלות זיהומיות,סך הכול,13.5
נורווגיה,2004,מחלות זיהומיות,סך הכול,12.8
נורווגיה,2005,מחלות זיהומיות,סך הכול,17
נורווגיה,2006,מחלות זיהומיות,סך הכול,15.6
נורווגיה,2007,מחלות זיהומיות,סך הכול,17.3
נורווגיה,2008,מחלות זיהומיות,סך הכול,18.7
נורווגיה,2009,מחלות זיהומיות,סך הכול,19.2
נורווגיה,2010,מחלות זיהומיות,סך הכול,18.8
נורווגיה,2011,מחלות זיהומיות,סך הכול,18.9
נורווגיה,2012,מחלות זיהומיות,סך הכול,20
נורווגיה,2013,מחלות זיהומיות,סך הכול,19
נורווגיה,2014,מחלות זיהומיות,סך הכול,17.5
נורווגיה,2015,מחלות זיהומיות,סך הכול,17.8
נורווגיה,2016,מחלות זיהומיות,סך הכול,16
נורווגיה,2017,מחלות זיהומיות,סך הכול,16.8
נורווגיה,2018,מחלות זיהומיות,סך הכול,16.9
נורווגיה,2019,מחלות זיהומיות,סך הכול,16.7
נורווגיה,2020,מחלות זיהומיות,סך הכול,15.7
נורווגיה,2021,מחלות זיהומיות,סך הכול,15.9
נורווגיה,2022,מחלות זיהומיות,סך הכול,17.6
נורווגיה,2023,מחלות זיהומיות,סך הכול,16.6
נורווגיה,2000,מחלות כלי דם במוח,גברים,115.5
נורווגיה,2001,מחלות כלי דם במוח,גברים,108.3
נורווגיה,2002,מחלות כלי דם במוח,גברים,105.5
נורווגיה,2003,מחלות כלי דם במוח,גברים,94.5
נורווגיה,2004,מחלות כלי דם במוח,גברים,91.2
נורווגיה,2005,מחלות כלי דם במוח,גברים,88.2
נורווגיה,2006,מחלות כלי דם במוח,גברים,79.4
נורווגיה,2007,מחלות כלי דם במוח,גברים,76.4
נורווגיה,2008,מחלות כלי דם במוח,גברים,79
נורווגיה,2009,מחלות כלי דם במוח,גברים,75
נורווגיה,2010,מחלות כלי דם במוח,גברים,68.3
נורווגיה,2011,מחלות כלי דם במוח,גברים,70.5
נורווגיה,2012,מחלות כלי דם במוח,גברים,64.4
נורווגיה,2013,מחלות כלי דם במוח,גברים,57.1
נורווגיה,2014,מחלות כלי דם במוח,גברים,55.5
נורווגיה,2015,מחלות כלי דם במוח,גברים,54.1
נורווגיה,2016,מחלות כלי דם במוח,גברים,47.7
נורווגיה,2017,מחלות כלי דם במוח,גברים,44.7
נורווגיה,2018,מחלות כלי דם במוח,גברים,42.4
נורווגיה,2019,מחלות כלי דם במוח,גברים,41.7
נורווגיה,2020,מחלות כלי דם במוח,גברים,42.4
נורווגיה,2021,מחלות כלי דם במוח,גברים,38.8
נורווגיה,2022,מחלות כלי דם במוח,גברים,34.3
נורווגיה,2023,מחלות כלי דם במוח,גברים,34.4
נורווגיה,2000,מחלות כלי דם במוח,נשים,92.4
נורווגיה,2001,מחלות כלי דם במוח,נשים,87.1
נורווגיה,2002,מחלות כלי דם במוח,נשים,88.8
נורווגיה,2003,מחלות כלי דם במוח,נשים,83.9
נורווגיה,2004,מחלות כלי דם במוח,נשים,77.5
נורווגיה,2005,מחלות כלי דם במוח,נשים,72
נורווגיה,2006,מחלות כלי דם במוח,נשים,71
נורווגיה,2007,מחלות כלי דם במוח,נשים,66.2
נורווגיה,2008,מחלות כלי דם במוח,נשים,67.2
נורווגיה,2009,מחלות כלי דם במוח,נשים,60.9
נורווגיה,2010,מחלות כלי דם במוח,נשים,59
נורווגיה,2011,מחלות כלי דם במוח,נשים,58.1
נורווגיה,2012,מחלות כלי דם במוח,נשים,57.4
נורווגיה,2013,מחלות כלי דם במוח,נשים,50.3
נורווגיה,2014,מחלות כלי דם במוח,נשים,48.9
נורווגיה,2015,מחלות כלי דם במוח,נשים,45.6
נורווגיה,2016,מחלות כלי דם במוח,נשים,42.9
נורווגיה,2017,מחלות כלי דם במוח,נשים,41.5
נורווגיה,2018,מחלות כלי דם במוח,נשים,38
נורווגיה,2019,מחלות כלי דם במוח,נשים,35.7
נורווגיה,2020,מחלות כלי דם במוח,נשים,34.1
נורווגיה,2021,מחלות כלי דם במוח,נשים,33.3
נורווגיה,2022,מחלות כלי דם במוח,נשים,34.3
נורווגיה,2023,מחלות כלי דם במוח,נשים,32.2
נורווגיה,2000,מחלות כלי דם במוח,סך הכול,102.3
נורווגיה,2001,מחלות כלי דם במוח,סך הכול,96
נורווגיה,2002,מחלות כלי דם במוח,סך הכול,96
נורווגיה,2003,מחלות כלי דם במוח,סך הכול,88.8
נורווגיה,2004,מחלות כלי דם במוח,סך הכול,83.4
נורווגיה,2005,מחלות כלי דם במוח,סך הכול,79.1
נורווגיה,2006,מחלות כלי דם במוח,סך הכול,75
נורווגיה,2007,מחלות כלי דם במוח,סך הכול,71
נורווגיה,2008,מחלות כלי דם במוח,סך הכול,72.8
נורווגיה,2009,מחלות כלי דם במוח,סך הכול,67.3
נורווגיה,2010,מחלות כלי דם במוח,סך הכול,63.5
נורווגיה,2011,מחלות כלי דם במוח,סך הכול,63.5
נורווגיה,2012,מחלות כלי דם במוח,סך הכול,61
נורווגיה,2013,מחלות כלי דם במוח,סך הכול,53.7
נורווגיה,2014,מחלות כלי דם במוח,סך הכול,52
נורווגיה,2015,מחלות כלי דם במוח,סך הכול,49.6
נורווגיה,2016,מחלות כלי דם במוח,סך הכול,45.3
נורווגיה,2017,מחלות כלי דם במוח,סך הכול,43.4
נורווגיה,2018,מחלות כלי דם במוח,סך הכול,40.3
נורווגיה,2019,מחלות כלי דם במוח,סך הכול,38.6
נורווגיה,2020,מחלות כלי דם במוח,סך הכול,37.9
נורווגיה,2021,מחלות כלי דם במוח,סך הכול,36.2
נורווגיה,2022,מחלות כלי דם במוח,סך הכול,34.7
נורווגיה,2023,מחלות כלי דם במוח,סך הכול,33.6
נורווגיה,2000,מחלות לב איסכמיות,גברים,265.3
נורווגיה,2001,מחלות לב איסכמיות,גברים,258.1
נורווגיה,2002,מחלות לב איסכמיות,גברים,250.1
נורווגיה,2003,מחלות לב איסכמיות,גברים,226.3
נורווגיה,2004,מחלות לב איסכמיות,גברים,206
נורווגיה,2005,מחלות לב איסכמיות,גברים,187.4
נורווגיה,2006,מחלות לב איסכמיות,גברים,167.8
נורווגיה,2007,מחלות לב איסכמיות,גברים,168.6
נורווגיה,2008,מחלות לב איסכמיות,גברים,162.2
נורווגיה,2009,מחלות לב איסכמיות,גברים,150.6
נורווגיה,2010,מחלות לב איסכמיות,גברים,144.1
נורווגיה,2011,מחלות לב איסכמיות,גברים,134
נורווגיה,2012,מחלות לב איסכמיות,גברים,125.8
נורווגיה,2013,מחלות לב איסכמיות,גברים,116
נורווגיה,2014,מחלות לב איסכמיות,גברים,106.1
נורווגיה,2015,מחלות לב איסכמיות,גברים,108
נורווגיה,2016,מחלות לב איסכמיות,גברים,99.3
נורווגיה,2017,מחלות לב איסכמיות,גברים,90.4
נורווגיה,2018,מחלות לב איסכמיות,גברים,86
נורווגיה,2019,מחלות לב איסכמיות,גברים,79.1
נורווגיה,2020,מחלות לב איסכמיות,גברים,73.7
נורווגיה,2021,מחלות לב איסכמיות,גברים,81.5
נורווגיה,2022,מחלות לב איסכמיות,גברים,83.8
נורווגיה,2023,מחלות לב איסכמיות,גברים,74.4
נורווגיה,2000,מחלות לב איסכמיות,נשים,136.6
נורווגיה,2001,מחלות לב איסכמיות,נשים,127.7
נורווגיה,2002,מחלות לב איסכמיות,נשים,126.1
נורווגיה,2003,מחלות לב איסכמיות,נשים,118.3
נורווגיה,2004,מחלות לב איסכמיות,נשים,108
נורווגיה,2005,מחלות לב איסכמיות,נשים,92.2
נורווגיה,2006,מחלות לב איסכמיות,נשים,93.2
נורווגיה,2007,מחלות לב איסכמיות,נשים,89
נורווגיה,2008,מחלות לב איסכמיות,נשים,83.5
נורווגיה,2009,מחלות לב איסכמיות,נשים,80
נורווגיה,2010,מחלות לב איסכמיות,נשים,74.9
נורווגיה,2011,מחלות לב איסכמיות,נשים,71.6
נורווגיה,2012,מחלות לב איסכמיות,נשים,71.3
נורווגיה,2013,מחלות לב איסכמיות,נשים,61.2
נורווגיה,2014,מחלות לב איסכמיות,נשים,56.7
נורווגיה,2015,מחלות לב איסכמיות,נשים,57.8
נורווגיה,2016,מחלות לב איסכמיות,נשים,50.4
נורווגיה,2017,מחלות לב איסכמיות,נשים,46.8
נורווגיה,2018,מחלות לב איסכמיות,נשים,44.7
נורווגיה,2019,מחלות לב איסכמיות,נשים,40.4
נורווגיה,2020,מחלות לב איסכמיות,נשים,39.4
נורווגיה,2021,מחלות לב איסכמיות,נשים,41.9
נורווגיה,2022,מחלות לב איסכמיות,נשים,39.8
נורווגיה,2023,מחלות לב איסכמיות,נשים,37
נורווגיה,2000,מחלות לב איסכמיות,סך הכול,189.3
נורווגיה,2001,מחלות לב איסכמיות,סך הכול,181.5
נורווגיה,2002,מחלות לב איסכמיות,סך הכול,177.3
נורווגיה,2003,מחלות לב איסכמיות,סך הכול,163.1
נורווגיה,2004,מחלות לב איסכמיות,סך הכול,149.1
נורווגיה,2005,מחלות לב איסכמיות,סך הכול,131.6
נורווגיה,2006,מחלות לב איסכמיות,סך הכול,124.9
נורווגיה,2007,מחלות לב איסכמיות,סך הכול,122.6
נורווגיה,2008,מחלות לב איסכמיות,סך הכול,116.8
נורווגיה,2009,מחלות לב איסכמיות,סך הכול,110
נורווגיה,2010,מחלות לב איסכמיות,סך הכול,104.8
נורווגיה,2011,מחלות לב איסכמיות,סך הכול,98.9
נורווגיה,2012,מחלות לב איסכמיות,סך הכול,95.4
נורווגיה,2013,מחלות לב איסכמיות,סך הכול,85.8
נורווגיה,2014,מחלות לב איסכמיות,סך הכול,78.8
נורווגיה,2015,מחלות לב איסכמיות,סך הכול,80.2
נורווגיה,2016,מחלות לב איסכמיות,סך הכול,71.8
נורווגיה,2017,מחלות לב איסכמיות,סך הכול,66.5
נורווגיה,2018,מחלות לב איסכמיות,סך הכול,63.4
נורווגיה,2019,מחלות לב איסכמיות,סך הכול,57.9
נורווגיה,2020,מחלות לב איסכמיות,סך הכול,55.3
נורווגיה,2021,מחלות לב איסכמיות,סך הכול,59.9
נורווגיה,2022,מחלות לב איסכמיות,סך הכול,60.1
נורווגיה,2023,מחלות לב איסכמיות,סך הכול,54.5
נורווגיה,2000,מחלות מערכת הדם,גברים,533.4
נורווגיה,2001,מחלות מערכת הדם,גברים,517.9
נורווגיה,2002,מחלות מערכת הדם,גברים,503.3
נורווגיה,2003,מחלות מערכת הדם,גברים,460.1
נורווגיה,2004,מחלות מערכת הדם,גברים,428.3
נורווגיה,2005,מחלות מערכת הדם,גברים,397.5
נורווגיה,2006,מחלות מערכת הדם,גברים,372.1
נורווגיה,2007,מחלות מערכת הדם,גברים,375.4
נורווגיה,2008,מחלות מערכת הדם,גברים,361.1
נורווגיה,2009,מחלות מערכת הדם,גברים,333.4
נורווגיה,2010,מחלות מערכת הדם,גברים,320.9
נורווגיה,2011,מחלות מערכת הדם,גברים,311
נורווגיה,2012,מחלות מערכת הדם,גברים,302.9
נורווגיה,2013,מחלות מערכת הדם,גברים,280.8
נורווגיה,2014,מחלות מערכת הדם,גברים,268.3
נורווגיה,2015,מחלות מערכת הדם,גברים,260.6
נורווגיה,2016,מחלות מערכת הדם,גברים,240.8
נורווגיה,2017,מחלות מערכת הדם,גברים,227.4
נורווגיה,2018,מחלות מערכת הדם,גברים,217.9
נורווגיה,2019,מחלות מערכת הדם,גברים,204.3
נורווגיה,2020,מחלות מערכת הדם,גברים,197.6
נורווגיה,2021,מחלות מערכת הדם,גברים,204.4
נורווגיה,2022,מחלות מערכת הדם,גברים,207.1
נורווגיה,2023,מחלות מערכת הדם,גברים,193.6
נורווגיה,2000,מחלות מערכת הדם,נשים,338.8
נורווגיה,2001,מחלות מערכת הדם,נשים,325.6
נורווגיה,2002,מחלות מערכת הדם,נשים,321.2
נורווגיה,2003,מחלות מערכת הדם,נשים,304.7
נורווגיה,2004,מחלות מערכת הדם,נשים,287.4
נורווגיה,2005,מחלות מערכת הדם,נשים,252.6
נורווגיה,2006,מחלות מערכת הדם,נשים,260.1
נורווגיה,2007,מחלות מערכת הדם,נשים,250.1
נורווגיה,2008,מחלות מערכת הדם,נשים,235.8
נורווגיה,2009,מחלות מערכת הדם,נשים,225.7
נורווגיה,2010,מחלות מערכת הדם,נשים,216.3
נורווגיה,2011,מחלות מערכת הדם,נשים,212
נורווגיה,2012,מחלות מערכת הדם,נשים,213.9
נורווגיה,2013,מחלות מערכת הדם,נשים,195.4
נורווגיה,2014,מחלות מערכת הדם,נשים,187.6
נורווגיה,2015,מחלות מערכת הדם,נשים,184.8
נורווגיה,2016,מחלות מערכת הדם,נשים,173.3
נורווגיה,2017,מחלות מערכת הדם,נשים,162.1
נורווגיה,2018,מחלות מערכת הדם,נשים,154.8
נורווגיה,2019,מחלות מערכת הדם,נשים,148
נורווגיה,2020,מחלות מערכת הדם,נשים,140.7
נורווגיה,2021,מחלות מערכת הדם,נשים,148.7
נורווגיה,2022,מחלות מערכת הדם,נשים,150
נורווגיה,2023,מחלות מערכת הדם,נשים,140
נורווגיה,2000,מחלות מערכת הדם,סך הכול,418.9
נורווגיה,2001,מחלות מערכת הדם,סך הכול,405.8
נורווגיה,2002,מחלות מערכת הדם,סך הכול,397.1
נורווגיה,2003,מחלות מערכת הדם,סך הכול,369.7
נורווגיה,2004,מחלות מערכת הדם,סך הכול,347.3
נורווגיה,2005,מחלות מערכת הדם,סך הכול,313.2
נורווגיה,2006,מחלות מערכת הדם,סך הכול,308.9
נורווגיה,2007,מחלות מערכת הדם,סך הכול,303.6
נורווגיה,2008,מחלות מערכת הדם,סך הכול,289.5
נורווגיה,2009,מחלות מערכת הדם,סך הכול,272.8
נורווגיה,2010,מחלות מערכת הדם,סך הכול,262.4
נורווגיה,2011,מחלות מערכת הדם,סך הכול,255.5
נורווגיה,2012,מחלות מערכת הדם,סך הכול,254.2
נורווגיה,2013,מחלות מערכת הדם,סך הכול,234
נורווגיה,2014,מחלות מערכת הדם,סך הכול,223.9
נורווגיה,2015,מחלות מערכת הדם,סך הכול,219.4
נורווגיה,2016,מחלות מערכת הדם,סך הכול,204
נורווגיה,2017,מחלות מערכת הדם,סך הכול,192.6
נורווגיה,2018,מחלות מערכת הדם,סך הכול,184.2
נורווגיה,2019,מחלות מערכת הדם,סך הכול,174.2
נורווגיה,2020,מחלות מערכת הדם,סך הכול,167.7
נורווגיה,2021,מחלות מערכת הדם,סך הכול,175.2
נורווגיה,2022,מחלות מערכת הדם,סך הכול,177.2
נורווגיה,2023,מחלות מערכת הדם,סך הכול,165.6
נורווגיה,2000,מחלות מערכת הנשימה,גברים,131.5
נורווגיה,2001,מחלות מערכת הנשימה,גברים,132.3
נורווגיה,2002,מחלות מערכת הנשימה,גברים,134.6
נורווגיה,2003,מחלות מערכת הנשימה,גברים,117.6
נורווגיה,2004,מחלות מערכת הנשימה,גברים,103.6
נורווגיה,2005,מחלות מערכת הנשימה,גברים,120
נורווגיה,2006,מחלות מערכת הנשימה,גברים,111.5
נורווגיה,2007,מחלות מערכת הנשימה,גברים,116.4
נורווגיה,2008,מחלות מערכת הנשימה,גברים,115.9
נורווגיה,2009,מחלות מערכת הנשימה,גברים,108
נורווגיה,2010,מחלות מערכת הנשימה,גברים,100.8
נורווגיה,2011,מחלות מערכת הנשימה,גברים,103
נורווגיה,2012,מחלות מערכת הנשימה,גברים,105.2
נורווגיה,2013,מחלות מערכת הנשימה,גברים,97.1
נורווגיה,2014,מחלות מערכת הנשימה,גברים,92.5
נורווגיה,2015,מחלות מערכת הנשימה,גברים,100.5
נורווגיה,2016,מחלות מערכת הנשימה,גברים,98.2
נורווגיה,2017,מחלות מערכת הנשימה,גברים,100.7
נורווגיה,2018,מחלות מערכת הנשימה,גברים,98.3
נורווגיה,2019,מחלות מערכת הנשימה,גברים,93.4
נורווגיה,2020,מחלות מערכת הנשימה,גברים,79.2
נורווגיה,2021,מחלות מערכת הנשימה,גברים,72.7
נורווגיה,2022,מחלות מערכת הנשימה,גברים,85.3
נורווגיה,2023,מחלות מערכת הנשימה,גברים,85.5
נורווגיה,2000,מחלות מערכת הנשימה,נשים,84.3
נורווגיה,2001,מחלות מערכת הנשימה,נשים,80.1
נורווגיה,2002,מחלות מערכת הנשימה,נשים,88.1
נורווגיה,2003,מחלות מערכת הנשימה,נשים,71.7
נורווגיה,2004,מחלות מערכת הנשימה,נשים,62
נורווגיה,2005,מחלות מערכת הנשימה,נשים,70.3
נורווגיה,2006,מחלות מערכת הנשימה,נשים,68.7
נורווגיה,2007,מחלות מערכת הנשימה,נשים,72.3
נורווגיה,2008,מחלות מערכת הנשימה,נשים,68.4
נורווגיה,2009,מחלות מערכת הנשימה,נשים,70.7
נורווגיה,2010,מחלות מערכת הנשימה,נשים,65.1
נורווגיה,2011,מחלות מערכת הנשימה,נשים,67
נורווגיה,2012,מחלות מערכת הנשימה,נשים,72.2
נורווגיה,2013,מחלות מערכת הנשימה,נשים,68.4
נורווגיה,2014,מחלות מערכת הנשימה,נשים,60.6
נורווגיה,2015,מחלות מערכת הנשימה,נשים,68.1
נורווגיה,2016,מחלות מערכת הנשימה,נשים,71.3
נורווגיה,2017,מחלות מערכת הנשימה,נשים,79.1
נורווגיה,2018,מחלות מערכת הנשימה,נשים,74.1
נורווגיה,2019,מחלות מערכת הנשימה,נשים,71.2
נורווגיה,2020,מחלות מערכת הנשימה,נשים,59.9
נורווגיה,2021,מחלות מערכת הנשימה,נשים,58.2
נורווגיה,2022,מחלות מערכת הנשימה,נשים,68.4
נורווגיה,2023,מחלות מערכת הנשימה,נשים,69.1
נורווגיה,2000,מחלות מערכת הנשימה,סך הכול,101.2
נורווגיה,2001,מחלות מערכת הנשימה,סך הכול,98.5
נורווגיה,2002,מחלות מערכת הנשימה,סך הכול,104.8
נורווגיה,2003,מחלות מערכת הנשימה,סך הכול,87.8
נורווגיה,2004,מחלות מערכת הנשימה,סך הכול,76.8
נורווגיה,2005,מחלות מערכת הנשימה,סך הכול,88.2
נורווגיה,2006,מחלות מערכת הנשימה,סך הכול,84.2
נורווגיה,2007,מחלות מערכת הנשימה,סך הכול,88.6
נורווגיה,2008,מחלות מערכת הנשימה,סך הכול,85.6
נורווגיה,2009,מחלות מערכת הנשימה,סך הכול,84.5
נורווגיה,2010,מחלות מערכת הנשימה,סך הכול,78.5
נורווגיה,2011,מחלות מערכת הנשימה,סך הכול,80.7
נורווגיה,2012,מחלות מערכת הנשימה,סך הכול,84.6
נורווגיה,2013,מחלות מערכת הנשימה,סך הכול,79.2
נורווגיה,2014,מחלות מערכת הנשימה,סך הכול,73
נורווגיה,2015,מחלות מערכת הנשימה,סך הכול,80.7
נורווגיה,2016,מחלות מערכת הנשימה,סך הכול,81.8
נורווגיה,2017,מחלות מערכת הנשימה,סך הכול,87.6
נורווגיה,2018,מחלות מערכת הנשימה,סך הכול,83.3
נורווגיה,2019,מחלות מערכת הנשימה,סך הכול,79.7
נורווגיה,2020,מחלות מערכת הנשימה,סך הכול,67.4
נורווגיה,2021,מחלות מערכת הנשימה,סך הכול,63.8
נורווגיה,2022,מחלות מערכת הנשימה,סך הכול,75
נורווגיה,2023,מחלות מערכת הנשימה,סך הכול,75.7
נורווגיה,2000,נפילות,גברים,24.3
נורווגיה,2001,נפילות,גברים,24.3
נורווגיה,2002,נפילות,גברים,24.3
נורווגיה,2003,נפילות,גברים,23.1
נורווגיה,2004,נפילות,גברים,21.3
נורווגיה,2005,נפילות,גברים,10
נורווגיה,2006,נפילות,גברים,10.3
נורווגיה,2007,נפילות,גברים,10.2
נורווגיה,2008,נפילות,גברים,10.6
נורווגיה,2009,נפילות,גברים,11.1
נורווגיה,2010,נפילות,גברים,10.5
נורווגיה,2011,נפילות,גברים,10.6
נורווגיה,2012,נפילות,גברים,12.1
נורווגיה,2013,נפילות,גברים,12
נורווגיה,2014,נפילות,גברים,13.3
נורווגיה,2015,נפילות,גברים,18.6
נורווגיה,2016,נפילות,גברים,20.3
נורווגיה,2000,נפילות,נשים,17.6
נורווגיה,2001,נפילות,נשים,17.3
נורווגיה,2002,נפילות,נשים,15.6
נורווגיה,2003,נפילות,נשים,15.4
נורווגיה,2004,נפילות,נשים,14.3
נורווגיה,2005,נפילות,נשים,5.7
נורווגיה,2006,נפילות,נשים,4.9
נורווגיה,2007,נפילות,נשים,5.1
נורווגיה,2008,נפילות,נשים,6.1
נורווגיה,2009,נפילות,נשים,6
נורווגיה,2010,נפילות,נשים,7.3
נורווגיה,2011,נפילות,נשים,6.3
נורווגיה,2012,נפילות,נשים,7.3
נורווגיה,2013,נפילות,נשים,7.9
נורווגיה,2014,נפילות,נשים,7.5
נורווגיה,2015,נפילות,נשים,12.9
נורווגיה,2016,נפילות,נשים,13.7
נורווגיה,2000,נפילות,סך הכול,20.3
נורווגיה,2001,נפילות,סך הכול,20
נורווגיה,2002,נפילות,סך הכול,19.1
נורווגיה,2003,נפילות,סך הכול,18.5
נורווגיה,2004,נפילות,סך הכול,17
נורווגיה,2005,נפילות,סך הכול,7.5
נורווגיה,2006,נפילות,סך הכול,7.2
נורווגיה,2007,נפילות,סך הכול,7.2
נורווגיה,2008,נפילות,סך הכול,7.9
נורווגיה,2009,נפילות,סך הכול,8.1
נורווגיה,2010,נפילות,סך הכול,8.7
נורווגיה,2011,נפילות,סך הכול,8.3
נורווגיה,2012,נפילות,סך הכול,9.3
נורווגיה,2013,נפילות,סך הכול,9.6
נורווגיה,2014,נפילות,סך הכול,10
נורווגיה,2015,נפילות,סך הכול,15.2
נורווגיה,2016,נפילות,סך הכול,16.4
נורווגיה,2000,סוכרת,גברים,18.2
נורווגיה,2001,סוכרת,גברים,19
נורווגיה,2002,סוכרת,גברים,18.9
נורווגיה,2003,סוכרת,גברים,18.3
נורווגיה,2004,סוכרת,גברים,16.8
נורווגיה,2005,סוכרת,גברים,21.7
נורווגיה,2006,סוכרת,גברים,21.8
נורווגיה,2007,סוכרת,גברים,21
נורווגיה,2008,סוכרת,גברים,17.9
נורווגיה,2009,סוכרת,גברים,16.4
נורווגיה,2010,סוכרת,גברים,17.9
נורווגיה,2011,סוכרת,גברים,17.1
נורווגיה,2012,סוכרת,גברים,17.9
נורווגיה,2013,סוכרת,גברים,15.7
נורווגיה,2014,סוכרת,גברים,14.4
נורווגיה,2015,סוכרת,גברים,14.7
נורווגיה,2016,סוכרת,גברים,14.6
נורווגיה,2017,סוכרת,גברים,13.1
נורווגיה,2018,סוכרת,גברים,13.4
נורווגיה,2019,סוכרת,גברים,13.8
נורווגיה,2020,סוכרת,גברים,16.2
נורווגיה,2021,סוכרת,גברים,17.7
נורווגיה,2022,סוכרת,גברים,18.9
נורווגיה,2023,סוכרת,גברים,16.7
נורווגיה,2000,סוכרת,נשים,12.5
נורווגיה,2001,סוכרת,נשים,14.3
נורווגיה,2002,סוכרת,נשים,12.5
נורווגיה,2003,סוכרת,נשים,13.5
נורווגיה,2004,סוכרת,נשים,11.3
נורווגיה,2005,סוכרת,נשים,14.1
נורווגיה,2006,סוכרת,נשים,14.3
נורווגיה,2007,סוכרת,נשים,14.2
נורווגיה,2008,סוכרת,נשים,12.5
נורווגיה,2009,סוכרת,נשים,12.5
נורווגיה,2010,סוכרת,נשים,11.1
נורווגיה,2011,סוכרת,נשים,11.8
נורווגיה,2012,סוכרת,נשים,11.8
נורווגיה,2013,סוכרת,נשים,10.4
נורווגיה,2014,סוכרת,נשים,9.8
נורווגיה,2015,סוכרת,נשים,9
נורווגיה,2016,סוכרת,נשים,9.6
נורווגיה,2017,סוכרת,נשים,9.8
נורווגיה,2018,סוכרת,נשים,7.8
נורווגיה,2019,סוכרת,נשים,8.1
נורווגיה,2020,סוכרת,נשים,10.9
נורווגיה,2021,סוכרת,נשים,10.1
נורווגיה,2022,סוכרת,נשים,10.5
נורווגיה,2023,סוכרת,נשים,9.9
נורווגיה,2000,סוכרת,סך הכול,15.1
נורווגיה,2001,סוכרת,סך הכול,16.5
נורווגיה,2002,סוכרת,סך הכול,15.4
נורווגיה,2003,סוכרת,סך הכול,15.7
נורווגיה,2004,סוכרת,סך הכול,13.7
נורווגיה,2005,סוכרת,סך הכול,17.3
נורווגיה,2006,סוכרת,סך הכול,17.5
נורווגיה,2007,סוכרת,סך הכול,17.3
נורווגיה,2008,סוכרת,סך הכול,14.8
נורווגיה,2009,סוכרת,סך הכול,14.4
נורווגיה,2010,סוכרת,סך הכול,14.3
נורווגיה,2011,סוכרת,סך הכול,14.2
נורווגיה,2012,סוכרת,סך הכול,14.6
נורווגיה,2013,סוכרת,סך הכול,12.9
נורווגיה,2014,סוכרת,סך הכול,11.9
נורווגיה,2015,סוכרת,סך הכול,11.6
נורווגיה,2016,סוכרת,סך הכול,11.9
נורווגיה,2017,סוכרת,סך הכול,11.4
נורווגיה,2018,סוכרת,סך הכול,10.3
נורווגיה,2019,סוכרת,סך הכול,10.7
נורווגיה,2020,סוכרת,סך הכול,13.4
נורווגיה,2021,סוכרת,סך הכול,13.5
נורווגיה,2022,סוכרת,סך הכול,14.2
נורווגיה,2023,סוכרת,סך הכול,13.1
נורווגיה,2020,קורונה,גברים,9.1
נורווגיה,2021,קורונה,גברים,20.1
נורווגיה,2022,קורונה,גברים,61.5
נורווגיה,2023,קורונה,גברים,27.4
נורווגיה,2020,קורונה,נשים,5.8
נורווגיה,2021,קורונה,נשים,11
נורווגיה,2022,קורונה,נשים,38.7
נורווגיה,2023,קורונה,נשים,16.9
נורווגיה,2020,קורונה,סך הכול,7.3
נורווגיה,2021,קורונה,סך הכול,14.9
נורווגיה,2022,קורונה,סך הכול,48.3
נורווגיה,2023,קורונה,סך הכול,21.1
נורווגיה,2000,שפעת,גברים,6.2
נורווגיה,2001,שפעת,גברים,0.3
נורווגיה,2002,שפעת,גברים,0.6
נורווגיה,2003,שפעת,גברים,1.3
נורווגיה,2004,שפעת,גברים,0.5
נורווגיה,2005,שפעת,גברים,1.2
נורווגיה,2006,שפעת,גברים,0.4
נורווגיה,2007,שפעת,גברים,0.8
נורווגיה,2008,שפעת,גברים,0.3
נורווגיה,2009,שפעת,גברים,0.6
נורווגיה,2010,שפעת,גברים,0.2
נורווגיה,2011,שפעת,גברים,0.7
נורווגיה,2012,שפעת,גברים,1.6
נורווגיה,2013,שפעת,גברים,1.7
נורווגיה,2014,שפעת,גברים,1
נורווגיה,2015,שפעת,גברים,2.9
נורווגיה,2016,שפעת,גברים,1.1
נורווגיה,2000,שפעת,נשים,5.1
נורווגיה,2001,שפעת,נשים,0.6
נורווגיה,2002,שפעת,נשים,0.9
נורווגיה,2003,שפעת,נשים,1
נורווגיה,2004,שפעת,נשים,0.4
נורווגיה,2005,שפעת,נשים,1
נורווגיה,2006,שפעת,נשים,0.4
נורווגיה,2007,שפעת,נשים,0.8
נורווגיה,2008,שפעת,נשים,0.3
נורווגיה,2009,שפעת,נשים,0.2
נורווגיה,2010,שפעת,נשים,0.1
נורווגיה,2011,שפעת,נשים,0.5
נורווגיה,2012,שפעת,נשים,1.6
נורווגיה,2013,שפעת,נשים,1.4
נורווגיה,2014,שפעת,נשים,0.7
נורווגיה,2015,שפעת,נשים,2
נורווגיה,2016,שפעת,נשים,1.4
נורווגיה,2000,שפעת,סך הכול,5.4
נורווגיה,2001,שפעת,סך הכול,0.5
נורווגיה,2002,שפעת,סך הכול,0.8
נורווגיה,2003,שפעת,סך הכול,1.1
נורווגיה,2004,שפעת,סך הכול,0.5
נורווגיה,2005,שפעת,סך הכול,1.1
נורווגיה,2006,שפעת,סך הכול,0.4
נורווגיה,2007,שפעת,סך הכול,0.8
נורווגיה,2008,שפעת,סך הכול,0.3
נורווגיה,2009,שפעת,סך הכול,0.4
נורווגיה,2010,שפעת,סך הכול,0.1
נורווגיה,2011,שפעת,סך הכול,0.6
נורווגיה,2012,שפעת,סך הכול,1.6
נורווגיה,2013,שפעת,סך הכול,1.5
נורווגיה,2014,שפעת,סך הכול,0.8
נורווגיה,2015,שפעת,סך הכול,2.3
נורווגיה,2016,שפעת,סך הכול,1.3
נורווגיה,2000,תאונות דרכים,גברים,15.1
נורווגיה,2001,תאונות דרכים,גברים,11.4
נורווגיה,2002,תאונות דרכים,גברים,14.1
נורווגיה,2003,תאונות דרכים,גברים,12.6
נורווגיה,2004,תאונות דרכים,גברים,12.5
נורווגיה,2005,תאונות דרכים,גברים,9.6
נורווגיה,2006,תאונות דרכים,גברים,9.2
נורווגיה,2007,תאונות דרכים,גברים,9.1
נורווגיה,2008,תאונות דרכים,גברים,10.7
נורווגיה,2009,תאונות דרכים,גברים,9
נורווגיה,2010,תאונות דרכים,גברים,8.7
נורווגיה,2011,תאונות דרכים,גברים,7.1
נורווגיה,2012,תאונות דרכים,גברים,5.7
נורווגיה,2013,תאונות דרכים,גברים,7.3
נורווגיה,2014,תאונות דרכים,גברים,6.2
נורווגיה,2015,תאונות דרכים,גברים,5.1
נורווגיה,2016,תאונות דרכים,גברים,6.3
נורווגיה,2000,תאונות דרכים,נשים,4.8
נורווגיה,2001,תאונות דרכים,נשים,4
נורווגיה,2002,תאונות דרכים,נשים,3.5
נורווגיה,2003,תאונות דרכים,נשים,3.7
נורווגיה,2004,תאונות דרכים,נשים,3.7
נורווגיה,2005,תאונות דרכים,נשים,3.5
נורווגיה,2006,תאונות דרכים,נשים,3.1
נורווגיה,2007,תאונות דרכים,נשים,2.9
נורווגיה,2008,תאונות דרכים,נשים,2.5
נורווגיה,2009,תאונות דרכים,נשים,2.2
נורווגיה,2010,תאונות דרכים,נשים,2.4
נורווגיה,2011,תאונות דרכים,נשים,2.6
נורווגיה,2012,תאונות דרכים,נשים,1.8
נורווגיה,2013,תאונות דרכים,נשים,2.1
נורווגיה,2014,תאונות דרכים,נשים,1.6
נורווגיה,2015,תאונות דרכים,נשים,1.4
נורווגיה,2016,תאונות דרכים,נשים,1
נורווגיה,2000,תאונות דרכים,סך הכול,9.8
נורווגיה,2001,תאונות דרכים,סך הכול,7.5
נורווגיה,2002,תאונות דרכים,סך הכול,8.7
נורווגיה,2003,תאונות דרכים,סך הכול,8
נורווגיה,2004,תאונות דרכים,סך הכול,8
נורווגיה,2005,תאונות דרכים,סך הכול,6.4
נורווגיה,2006,תאונות דרכים,סך הכול,6.1
נורווגיה,2007,תאונות דרכים,סך הכול,5.9
נורווגיה,2008,תאונות דרכים,סך הכול,6.4
נורווגיה,2009,תאונות דרכים,סך הכול,5.5
נורווגיה,2010,תאונות דרכים,סך הכול,5.5
נורווגיה,2011,תאונות דרכים,סך הכול,4.7
נורווגיה,2012,תאונות דרכים,סך הכול,3.8
נורווגיה,2013,תאונות דרכים,סך הכול,4.7
נורווגיה,2014,תאונות דרכים,סך הכול,3.8
נורווגיה,2015,תאונות דרכים,סך הכול,3.3
נורווגיה,2016,תאונות דרכים,סך הכול,3.6
נורווגיה,2000,תקיפה,גברים,1.4
נורווגיה,2001,תקיפה,גברים,0.8
נורווגיה,2002,תקיפה,גברים,1.2
נורווגיה,2003,תקיפה,גברים,1.1
נורווגיה,2004,תקיפה,גברים,1.1
נורווגיה,2005,תקיפה,גברים,0.8
נורווגיה,2006,תקיפה,גברים,0.9
נורווגיה,2007,תקיפה,גברים,0.7
נורווגיה,2008,תקיפה,גברים,0.8
נורווגיה,2009,תקיפה,גברים,0.8
נורווגיה,2010,תקיפה,גברים,0.7
נורווגיה,2011,תקיפה,גברים,2.4
נורווגיה,2012,תקיפה,גברים,0.8
נורווגיה,2013,תקיפה,גברים,1.3
נורווגיה,2014,תקיפה,גברים,0.8
נורווגיה,2015,תקיפה,גברים,0.3
נורווגיה,2016,תקיפה,גברים,0.7
נורווגיה,2000,תקיפה,נשים,1.1
נורווגיה,2001,תקיפה,נשים,0.6
נורווגיה,2002,תקיפה,נשים,0.6
נורווגיה,2003,תקיפה,נשים,0.9
נורווגיה,2004,תקיפה,נשים,0.6
נורווגיה,2005,תקיפה,נשים,0.5
נורווגיה,2006,תקיפה,נשים,1.1
נורווגיה,2007,תקיפה,נשים,0.7
נורווגיה,2008,תקיפה,נשים,0.3
נורווגיה,2009,תקיפה,נשים,0.5
נורווגיה,2010,תקיפה,נשים,0.7
נורווגיה,2011,תקיפה,נשים,2
נורווגיה,2012,תקיפה,נשים,0.4
נורווגיה,2013,תקיפה,נשים,0.7
נורווגיה,2014,תקיפה,נשים,0.4
נורווגיה,2015,תקיפה,נשים,0.5
נורווגיה,2016,תקיפה,נשים,0.5
נורווגיה,2000,תקיפה,סך הכול,1.2
נורווגיה,2001,תקיפה,סך הכול,0.7
נורווגיה,2002,תקיפה,סך הכול,0.9
נורווגיה,2003,תקיפה,סך הכול,1
נורווגיה,2004,תקיפה,סך הכול,0.9
נורווגיה,2005,תקיפה,סך הכול,0.7
נורווגיה,2006,תקיפה,סך הכול,1
נורווגיה,2007,תקיפה,סך הכול,0.7
נורווגיה,2008,תקיפה,סך הכול,0.6
נורווגיה,2009,תקיפה,סך הכול,0.7
נורווגיה,2010,תקיפה,סך הכול,0.7
נורווגיה,2011,תקיפה,סך הכול,2.2
נורווגיה,2012,תקיפה,סך הכול,0.6
נורווגיה,2013,תקיפה,סך הכול,1
נורווגיה,2014,תקיפה,סך הכול,0.6
נורווגיה,2015,תקיפה,סך הכול,0.4
נורווגיה,2016,תקיפה,סך הכול,0.6
ספרד,2000,גידולים,גברים,362.1
ספרד,2001,גידולים,גברים,367.4
ספרד,2002,גידולים,גברים,358.4
ספרד,2003,גידולים,גברים,357.2
ספרד,2004,גידולים,גברים,351.3
ספרד,2005,גידולים,גברים,341.4
ספרד,2006,גידולים,גברים,335.3
ספרד,2007,גידולים,גברים,333.4
ספרד,2008,גידולים,גברים,326.2
ספרד,2009,גידולים,גברים,323.1
ספרד,2010,גידולים,גברים,322.8
ספרד,2011,גידולים,גברים,320.9
ספרד,2012,גידולים,גברים,316.4
ספרד,2013,גידולים,גברים,307
ספרד,2014,גידולים,גברים,298.9
ספרד,2015,גידולים,גברים,295.2
ספרד,2016,גידולים,גברים,293
ספרד,2017,גידולים,גברים,287.1
ספרד,2018,גידולים,גברים,280.9
ספרד,2019,גידולים,גברים,273.9
ספרד,2020,גידולים,גברים,266.9
ספרד,2021,גידולים,גברים,264.9
ספרד,2022,גידולים,גברים,259.1
ספרד,2023,גידולים,גברים,258.1
ספרד,2024,גידולים,גברים,250.3
ספרד,2000,גידולים,נשים,160.2
ספרד,2001,גידולים,נשים,160.2
ספרד,2002,גידולים,נשים,157.1
ספרד,2003,גידולים,נשים,157
ספרד,2004,גידולים,נשים,153.6
ספרד,2005,גידולים,נשים,150.1
ספרד,2006,גידולים,נשים,150.3
ספרד,2007,גידולים,נשים,148.7
ספרד,2008,גידולים,נשים,148.2
ספרד,2009,גידולים,נשים,147.1
ספרד,2010,גידולים,נשים,147.6
ספרד,2011,גידולים,נשים,148.9
ספרד,2012,גידולים,נשים,145.7
ספרד,2013,גידולים,נשים,145.4
ספרד,2014,גידולים,נשים,141.6
ספרד,2015,גידולים,נשים,141.4
ספרד,2016,גידולים,נשים,141.2
ספרד,2017,גידולים,נשים,140.7
ספרד,2018,גידולים,נשים,137.7
ספרד,2019,גידולים,נשים,137.1
ספרד,2020,גידולים,נשים,136.6
ספרד,2021,גידולים,נשים,135.6
ספרד,2022,גידולים,נשים,135.9
ספרד,2023,גידולים,נשים,135.1
ספרד,2024,גידולים,נשים,133.5
ספרד,2000,גידולים,סך הכול,244.7
ספרד,2001,גידולים,סך הכול,246.7
ספרד,2002,גידולים,סך הכול,241.3
ספרד,2003,גידולים,סך הכול,241
ספרד,2004,גידולים,סך הכול,236.9
ספרד,2005,גידולים,סך הכול,230.6
ספרד,2006,גידולים,סך הכול,228.6
ספרד,2007,גידולים,סך הכול,226.9
ספרד,2008,גידולים,סך הכול,223.6
ספרד,2009,גידולים,סך הכול,221.9
ספרד,2010,גידולים,סך הכול,222
ספרד,2011,גידולים,סך הכול,222
ספרד,2012,גידולים,סך הכול,218.2
ספרד,2013,גידולים,סך הכול,214.2
ספרד,2014,גידולים,סך הכול,208.8
ספרד,2015,גידולים,סך הכול,207.3
ספרד,2016,גידולים,סך הכול,206.4
ספרד,2017,גידולים,סך הכול,203.5
ספרד,2018,גידולים,סך הכול,199.4
ספרד,2019,גידולים,סך הכול,195.8
ספרד,2020,גידולים,סך הכול,192.5
ספרד,2021,גידולים,סך הכול,191.1
ספרד,2022,גידולים,סך הכול,188.5
ספרד,2023,גידולים,סך הכול,187.4
ספרד,2024,גידולים,סך הכול,183.1
ספרד,2000,מחלות זיהומיות,גברים,21.2
ספרד,2001,מחלות זיהומיות,גברים,21.2
ספרד,2002,מחלות זיהומיות,גברים,21.5
ספרד,2003,מחלות זיהומיות,גברים,21.9
ספרד,2004,מחלות זיהומיות,גברים,21.6
ספרד,2005,מחלות זיהומיות,גברים,22.1
ספרד,2006,מחלות זיהומיות,גברים,20.2
ספרד,2007,מחלות זיהומיות,גברים,20.9
ספרד,2008,מחלות זיהומיות,גברים,19.8
ספרד,2009,מחלות זיהומיות,גברים,17.4
ספרד,2010,מחלות זיהומיות,גברים,16.4
ספרד,2011,מחלות זיהומיות,גברים,15.4
ספרד,2012,מחלות זיהומיות,גברים,15
ספרד,2013,מחלות זיהומיות,גברים,14.1
ספרד,2014,מחלות זיהומיות,גברים,14.3
ספרד,2015,מחלות זיהומיות,גברים,16.2
ספרד,2016,מחלות זיהומיות,גברים,14.1
ספרד,2017,מחלות זיהומיות,גברים,13.6
ספרד,2018,מחלות זיהומיות,גברים,13.1
ספרד,2019,מחלות זיהומיות,גברים,12.2
ספרד,2020,מחלות זיהומיות,גברים,11.5
ספרד,2021,מחלות זיהומיות,גברים,11.4
ספרד,2022,מחלות זיהומיות,גברים,12.7
ספרד,2023,מחלות זיהומיות,גברים,12.8
ספרד,2024,מחלות זיהומיות,גברים,12.4
ספרד,2000,מחלות זיהומיות,נשים,11.2
ספרד,2001,מחלות זיהומיות,נשים,11.8
ספרד,2002,מחלות זיהומיות,נשים,11.9
ספרד,2003,מחלות זיהומיות,נשים,13.2
ספרד,2004,מחלות זיהומיות,נשים,12.3
ספרד,2005,מחלות זיהומיות,נשים,12.3
ספרד,2006,מחלות זיהומיות,נשים,12
ספרד,2007,מחלות זיהומיות,נשים,12.9
ספרד,2008,מחלות זיהומיות,נשים,12.8
ספרד,2009,מחלות זיהומיות,נשים,11
ספרד,2010,מחלות זיהומיות,נשים,9.9
ספרד,2011,מחלות זיהומיות,נשים,10.1
ספרד,2012,מחלות זיהומיות,נשים,10
ספרד,2013,מחלות זיהומיות,נשים,9.1
ספרד,2014,מחלות זיהומיות,נשים,9.6
ספרד,2015,מחלות זיהומיות,נשים,10.8
ספרד,2016,מחלות זיהומיות,נשים,10.2
ספרד,2017,מחלות זיהומיות,נשים,9.5
ספרד,2018,מחלות זיהומיות,נשים,8.4
ספרד,2019,מחלות זיהומיות,נשים,7.9
ספרד,2020,מחלות זיהומיות,נשים,7.8
ספרד,2021,מחלות זיהומיות,נשים,7.5
ספרד,2022,מחלות זיהומיות,נשים,8.6
ספרד,2023,מחלות זיהומיות,נשים,8.8
ספרד,2024,מחלות זיהומיות,נשים,8.8
ספרד,2000,מחלות זיהומיות,סך הכול,15.8
ספרד,2001,מחלות זיהומיות,סך הכול,16.2
ספרד,2002,מחלות זיהומיות,סך הכול,16.3
ספרד,2003,מחלות זיהומיות,סך הכול,17.3
ספרד,2004,מחלות זיהומיות,סך הכול,16.6
ספרד,2005,מחלות זיהומיות,סך הכול,16.8
ספרד,2006,מחלות זיהומיות,סך הכול,15.8
ספרד,2007,מחלות זיהומיות,סך הכול,16.6
ספרד,2008,מחלות זיהומיות,סך הכול,16.1
ספרד,2009,מחלות זיהומיות,סך הכול,14
ספרד,2010,מחלות זיהומיות,סך הכול,12.9
ספרד,2011,מחלות זיהומיות,סך הכול,12.6
ספרד,2012,מחלות זיהומיות,סך הכול,12.3
ספרד,2013,מחלות זיהומיות,סך הכול,11.5
ספרד,2014,מחלות זיהומיות,סך הכול,11.8
ספרד,2015,מחלות זיהומיות,סך הכול,13.3
ספרד,2016,מחלות זיהומיות,סך הכול,12
ספרד,2017,מחלות זיהומיות,סך הכול,11.4
ספרד,2018,מחלות זיהומיות,סך הכול,10.5
ספרד,2019,מחלות זיהומיות,סך הכול,9.8
ספרד,2020,מחלות זיהומיות,סך הכול,9.5
ספרד,2021,מחלות זיהומיות,סך הכול,9.2
ספרד,2022,מחלות זיהומיות,סך הכול,10.5
ספרד,2023,מחלות זיהומיות,סך הכול,10.6
ספרד,2024,מחלות זיהומיות,סך הכול,10.4
ספרד,2000,מחלות כלי דם במוח,גברים,104.8
ספרד,2001,מחלות כלי דם במוח,גברים,102
ספרד,2002,מחלות כלי דם במוח,גברים,98.7
ספרד,2003,מחלות כלי דם במוח,גברים,98.2
ספרד,2004,מחלות כלי דם במוח,גברים,87.7
ספרד,2005,מחלות כלי דם במוח,גברים,87.1
ספרד,2006,מחלות כלי דם במוח,גברים,79.9
ספרד,2007,מחלות כלי דם במוח,גברים,78.2
ספרד,2008,מחלות כלי דם במוח,גברים,72.4
ספרד,2009,מחלות כלי דם במוח,גברים,69.2
ספרד,2010,מחלות כלי דם במוח,גברים,64.4
ספרד,2011,מחלות כלי דם במוח,גברים,60.2
ספרד,2012,מחלות כלי דם במוח,גברים,59.5
ספרד,2013,מחלות כלי דם במוח,גברים,53.7
ספרד,2014,מחלות כלי דם במוח,גברים,52.1
ספרד,2015,מחלות כלי דם במוח,גברים,53
ספרד,2016,מחלות כלי דם במוח,גברים,49.3
ספרד,2017,מחלות כלי דם במוח,גברים,48.3
ספרד,2018,מחלות כלי דם במוח,גברים,46.8
ספרד,2019,מחלות כלי דם במוח,גברים,44.4
ספרד,2020,מחלות כלי דם במוח,גברים,44.4
ספרד,2021,מחלות כלי דם במוח,גברים,42.7
ספרד,2022,מחלות כלי דם במוח,גברים,41.3
ספרד,2023,מחלות כלי דם במוח,גברים,39.8
ספרד,2024,מחלות כלי דם במוח,גברים,37.6
ספרד,2000,מחלות כלי דם במוח,נשים,90.8
ספרד,2001,מחלות כלי דם במוח,נשים,88.7
ספרד,2002,מחלות כלי דם במוח,נשים,83.9
ספרד,2003,מחלות כלי דם במוח,נשים,84.9
ספרד,2004,מחלות כלי דם במוח,נשים,75.2
ספרד,2005,מחלות כלי דם במוח,נשים,73.1
ספרד,2006,מחלות כלי דם במוח,נשים,66.9
ספרד,2007,מחלות כלי דם במוח,נשים,64.6
ספרד,2008,מחלות כלי דם במוח,נשים,60.7
ספרד,2009,מחלות כלי דם במוח,נשים,57.4
ספרד,2010,מחלות כלי דם במוח,נשים,54.2
ספרד,2011,מחלות כלי דם במוח,נשים,50.2
ספרד,2012,מחלות כלי דם במוח,נשים,48.7
ספרד,2013,מחלות כלי דם במוח,נשים,45
ספרד,2014,מחלות כלי דם במוח,נשים,43.1
ספרד,2015,מחלות כלי דם במוח,נשים,43.1
ספרד,2016,מחלות כלי דם במוח,נשים,40
ספרד,2017,מחלות כלי דם במוח,נשים,39
ספרד,2018,מחלות כלי דם במוח,נשים,37.2
ספרד,2019,מחלות כלי דם במוח,נשים,35.7
ספרד,2020,מחלות כלי דם במוח,נשים,35.3
ספרד,2021,מחלות כלי דם במוח,נשים,33.1
ספרד,2022,מחלות כלי דם במוח,נשים,32.5
ספרד,2023,מחלות כלי דם במוח,נשים,30.6
ספרד,2024,מחלות כלי דם במוח,נשים,29.4
ספרד,2000,מחלות כלי דם במוח,סך הכול,97.4
ספרד,2001,מחלות כלי דם במוח,סך הכול,95.1
ספרד,2002,מחלות כלי דם במוח,סך הכול,90.9
ספרד,2003,מחלות כלי דם במוח,סך הכול,91.3
ספרד,2004,מחלות כלי דם במוח,סך הכול,81.3
ספרד,2005,מחלות כלי דם במוח,סך הכול,79.7
ספרד,2006,מחלות כלי דם במוח,סך הכול,73.1
ספרד,2007,מחלות כלי דם במוח,סך הכול,70.9
ספרד,2008,מחלות כלי דם במוח,סך הכול,66.3
ספרד,2009,מחלות כלי דם במוח,סך הכול,62.9
ספרד,2010,מחלות כלי דם במוח,סך הכול,59.1
ספרד,2011,מחלות כלי דם במוח,סך הכול,54.9
ספרד,2012,מחלות כלי דם במוח,סך הכול,53.7
ספרד,2013,מחלות כלי דם במוח,סך הכול,49.1
ספרד,2014,מחלות כלי דם במוח,סך הכול,47.3
ספרד,2015,מחלות כלי דם במוח,סך הכול,47.7
ספרד,2016,מחלות כלי דם במוח,סך הכול,44.4
ספרד,2017,מחלות כלי דם במוח,סך הכול,43.2
ספרד,2018,מחלות כלי דם במוח,סך הכול,41.6
ספרד,2019,מחלות כלי דם במוח,סך הכול,39.7
ספרד,2020,מחלות כלי דם במוח,סך הכול,39.5
ספרד,2021,מחלות כלי דם במוח,סך הכול,37.5
ספרד,2022,מחלות כלי דם במוח,סך הכול,36.6
ספרד,2023,מחלות כלי דם במוח,סך הכול,34.8
ספרד,2024,מחלות כלי דם במוח,סך הכול,33.2
ספרד,2000,מחלות לב איסכמיות,גברים,144.3
ספרד,2001,מחלות לב איסכמיות,גברים,139.9
ספרד,2002,מחלות לב איסכמיות,גברים,137
ספרד,2003,מחלות לב איסכמיות,גברים,138.1
ספרד,2004,מחלות לב איסכמיות,גברים,128.1
ספרד,2005,מחלות לב איסכמיות,גברים,125.9
ספרד,2006,מחלות לב איסכמיות,גברים,116.7
ספרד,2007,מחלות לב איסכמיות,גברים,114.1
ספרד,2008,מחלות לב איסכמיות,גברים,106.8
ספרד,2009,מחלות לב איסכמיות,גברים,103.7
ספרד,2010,מחלות לב איסכמיות,גברים,101
ספרד,2011,מחלות לב איסכמיות,גברים,97.1
ספרד,2012,מחלות לב איסכמיות,גברים,94.1
ספרד,2013,מחלות לב איסכמיות,גברים,88.7
ספרד,2014,מחלות לב איסכמיות,גברים,85.3
ספרד,2015,מחלות לב איסכמיות,גברים,85.5
ספרד,2016,מחלות לב איסכמיות,גברים,81.3
ספרד,2017,מחלות לב איסכמיות,גברים,79.8
ספרד,2018,מחלות לב איסכמיות,גברים,75.4
ספרד,2019,מחלות לב איסכמיות,גברים,70.8
ספרד,2020,מחלות לב איסכמיות,גברים,71.4
ספרד,2021,מחלות לב איסכמיות,גברים,68.7
ספרד,2022,מחלות לב איסכמיות,גברים,68.1
ספרד,2023,מחלות לב איסכמיות,גברים,65.8
ספרד,2024,מחלות לב איסכמיות,גברים,62.1
ספרד,2000,מחלות לב איסכמיות,נשים,70.7
ספרד,2001,מחלות לב איסכמיות,נשים,68.4
ספרד,2002,מחלות לב איסכמיות,נשים,68.6
ספרד,2003,מחלות לב איסכמיות,נשים,68
ספרד,2004,מחלות לב איסכמיות,נשים,64
ספרד,2005,מחלות לב איסכמיות,נשים,62.7
ספרד,2006,מחלות לב איסכמיות,נשים,56.3
ספרד,2007,מחלות לב איסכמיות,נשים,55
ספרד,2008,מחלות לב איסכמיות,נשים,51.8
ספרד,2009,מחלות לב איסכמיות,נשים,49.3
ספרד,2010,מחלות לב איסכמיות,נשים,47.2
ספרד,2011,מחלות לב איסכמיות,נשים,45.5
ספרד,2012,מחלות לב איסכמיות,נשים,43
ספרד,2013,מחלות לב איסכמיות,נשים,39.5
ספרד,2014,מחלות לב איסכמיות,נשים,37
ספרד,2015,מחלות לב איסכמיות,נשים,38.1
ספרד,2016,מחלות לב איסכמיות,נשים,34.1
ספרד,2017,מחלות לב איסכמיות,נשים,34
ספרד,2018,מחלות לב איסכמיות,נשים,32.3
ספרד,2019,מחלות לב איסכמיות,נשים,28.8
ספרד,2020,מחלות לב איסכמיות,נשים,28.4
ספרד,2021,מחלות לב איסכמיות,נשים,27.2
ספרד,2022,מחלות לב איסכמיות,נשים,26.8
ספרד,2023,מחלות לב איסכמיות,נשים,24.8
ספרד,2024,מחלות לב איסכמיות,נשים,23.6
ספרד,2000,מחלות לב איסכמיות,סך הכול,102.5
ספרד,2001,מחלות לב איסכמיות,סך הכול,99.1
ספרד,2002,מחלות לב איסכמיות,סך הכול,98.2
ספרד,2003,מחלות לב איסכמיות,סך הכול,98.1
ספרד,2004,מחלות לב איסכמיות,סך הכול,91.7
ספרד,2005,מחלות לב איסכמיות,סך הכול,90.2
ספרד,2006,מחלות לב איסכמיות,סך הכול,82.7
ספרד,2007,מחלות לב איסכמיות,סך הכול,80.6
ספרד,2008,מחלות לב איסכמיות,סך הכול,75.7
ספרד,2009,מחלות לב איסכמיות,סך הכול,73
ספרד,2010,מחלות לב איסכמיות,סך הכול,70.5
ספרד,2011,מחלות לב איסכמיות,סך הכול,67.8
ספרד,2012,מחלות לב איסכמיות,סך הכול,64.9
ספרד,2013,מחלות לב איסכמיות,סך הכול,60.9
ספרד,2014,מחלות לב איסכמיות,סך הכול,58
ספרד,2015,מחלות לב איסכמיות,סך הכול,58.8
ספרד,2016,מחלות לב איסכמיות,סך הכול,54.7
ספרד,2017,מחלות לב איסכמיות,סך הכול,53.9
ספרד,2018,מחלות לב איסכמיות,סך הכול,51.2
ספרד,2019,מחלות לב איסכמיות,סך הכול,47.2
ספרד,2020,מחלות לב איסכמיות,סך הכול,47.3
ספרד,2021,מחלות לב איסכמיות,סך הכול,45.5
ספרד,2022,מחלות לב איסכמיות,סך הכול,45
ספרד,2023,מחלות לב איסכמיות,סך הכול,42.9
ספרד,2024,מחלות לב איסכמיות,סך הכול,40.5
ספרד,2000,מחלות מערכת הדם,גברים,385.8
ספרד,2001,מחלות מערכת הדם,גברים,374.7
ספרד,2002,מחלות מערכת הדם,גברים,367.7
ספרד,2003,מחלות מערכת הדם,גברים,369.6
ספרד,2004,מחלות מערכת הדם,גברים,342.7
ספרד,2005,מחלות מערכת הדם,גברים,339.9
ספרד,2006,מחלות מערכת הדם,גברים,315.5
ספרד,2007,מחלות מערכת הדם,גברים,314.5
ספרד,2008,מחלות מערכת הדם,גברים,298.5
ספרד,2009,מחלות מערכת הדם,גברים,285.3
ספרד,2010,מחלות מערכת הדם,גברים,276.2
ספרד,2011,מחלות מערכת הדם,גברים,265.8
ספרד,2012,מחלות מערכת הדם,גברים,263.3
ספרד,2013,מחלות מערכת הדם,גברים,247.1
ספרד,2014,מחלות מערכת הדם,גברים,241
ספרד,2015,מחלות מערכת הדם,גברים,247.8
ספרד,2016,מחלות מערכת הדם,גברים,236.1
ספרד,2017,מחלות מערכת הדם,גברים,234.4
ספרד,2018,מחלות מערכת הדם,גברים,228.6
ספרד,2019,מחלות מערכת הדם,גברים,217.6
ספרד,2020,מחלות מערכת הדם,גברים,220
ספרד,2021,מחלות מערכת הדם,גברים,216.1
ספרד,2022,מחלות מערכת הדם,גברים,216.8
ספרד,2023,מחלות מערכת הדם,גברים,209.7
ספרד,2024,מחלות מערכת הדם,גברים,199.5
ספרד,2000,מחלות מערכת הדם,נשים,289.3
ספרד,2001,מחלות מערכת הדם,נשים,279.5
ספרד,2002,מחלות מערכת הדם,נשים,274.8
ספרד,2003,מחלות מערכת הדם,נשים,275.9
ספרד,2004,מחלות מערכת הדם,נשים,253.8
ספרד,2005,מחלות מערכת הדם,נשים,251.7
ספרד,2006,מחלות מערכת הדם,נשים,229.9
ספרד,2007,מחלות מערכת הדם,נשים,228.6
ספרד,2008,מחלות מערכת הדם,נשים,221.1
ספרד,2009,מחלות מערכת הדם,נשים,208.2
ספרד,2010,מחלות מערכת הדם,נשים,200
ספרד,2011,מחלות מערכת הדם,נשים,193.3
ספרד,2012,מחלות מערכת הדם,נשים,190.1
ספרד,2013,מחלות מערכת הדם,נשים,176.2
ספרד,2014,מחלות מערכת הדם,נשים,170.7
ספרד,2015,מחלות מערכת הדם,נשים,176.4
ספרד,2016,מחלות מערכת הדם,נשים,163.8
ספרד,2017,מחלות מערכת הדם,נשים,164.7
ספרד,2018,מחלות מערכת הדם,נשים,158.1
ספרד,2019,מחלות מערכת הדם,נשים,148.4
ספרד,2020,מחלות מערכת הדם,נשים,150.7
ספרד,2021,מחלות מערכת הדם,נשים,146.8
ספרד,2022,מחלות מערכת הדם,נשים,145.8
ספרד,2023,מחלות מערכת הדם,נשים,138
ספרד,2024,מחלות מערכת הדם,נשים,133.2
ספרד,2000,מחלות מערכת הדם,סך הכול,333.9
ספרד,2001,מחלות מערכת הדם,סך הכול,323.2
ספרד,2002,מחלות מערכת הדם,סך הכול,317.9
ספרד,2003,מחלות מערכת הדם,סך הכול,319.1
ספרד,2004,מחלות מערכת הדם,סך הכול,294.9
ספרד,2005,מחלות מערכת הדם,סך הכול,292.5
ספרד,2006,מחלות מערכת הדם,סך הכול,269.5
ספרד,2007,מחלות מערכת הדם,סך הכול,268.1
ספרד,2008,מחלות מערכת הדם,סך הכול,257.3
ספרד,2009,מחלות מערכת הדם,סך הכול,243.9
ספרד,2010,מחלות מערכת הדם,סך הכול,235.1
ספרד,2011,מחלות מערכת הדם,סך הכול,226.7
ספרד,2012,מחלות מערכת הדם,סך הכול,223.6
ספרד,2013,מחלות מערכת הדם,סך הכול,208.8
ספרד,2014,מחלות מערכת הדם,סך הכול,202.9
ספרד,2015,מחלות מערכת הדם,סך הכול,209.3
ספרד,2016,מחלות מערכת הדם,סך הכול,197
ספרד,2017,מחלות מערכת הדם,סך הכול,196.6
ספרד,2018,מחלות מערכת הדם,סך הכול,190.4
ספרד,2019,מחלות מערכת הדם,סך הכול,179.9
ספרד,2020,מחלות מערכת הדם,סך הכול,182.5
ספרד,2021,מחלות מערכת הדם,סך הכול,178.6
ספרד,2022,מחלות מערכת הדם,סך הכול,178.3
ספרד,2023,מחלות מערכת הדם,סך הכול,170.6
ספרד,2024,מחלות מערכת הדם,סך הכול,163.4
ספרד,2000,מחלות מערכת הנשימה,גברים,169.5
ספרד,2001,מחלות מערכת הנשימה,גברים,154
ספרד,2002,מחלות מערכת הנשימה,גברים,164
ספרד,2003,מחלות מערכת הנשימה,גברים,165.6
ספרד,2004,מחלות מערכת הנשימה,גברים,146
ספרד,2005,מחלות מערכת הנשימה,גברים,165
ספרד,2006,מחלות מערכת הנשימה,גברים,134.7
ספרד,2007,מחלות מערכת הנשימה,גברים,144
ספרד,2008,מחלות מערכת הנשימה,גברים,139.5
ספרד,2009,מחלות מערכת הנשימה,גברים,131.9
ספרד,2010,מחלות מערכת הנשימה,גברים,120.6
ספרד,2011,מחלות מערכת הנשימה,גברים,122.6
ספרד,2012,מחלות מערכת הנשימה,גברים,128.4
ספרד,2013,מחלות מערכת הנשימה,גברים,113.4
ספרד,2014,מחלות מערכת הנשימה,גברים,112.7
ספרד,2015,מחלות מערכת הנשימה,גברים,127.7
ספרד,2016,מחלות מערכת הנשימה,גברים,112.1
ספרד,2017,מחלות מערכת הנשימה,גברים,118.1
ספרד,2018,מחלות מערכת הנשימה,גברים,119.2
ספרד,2019,מחלות מערכת הנשימה,גברים,105
ספרד,2020,מחלות מערכת הנשימה,גברים,93.8
ספרד,2021,מחלות מערכת הנשימה,גברים,80.3
ספרד,2022,מחלות מערכת הנשימה,גברים,91.2
ספרד,2023,מחלות מערכת הנשימה,גברים,97.7
ספרד,2024,מחלות מערכת הנשימה,גברים,99.7
ספרד,2000,מחלות מערכת הנשימה,נשים,71
ספרד,2001,מחלות מערכת הנשימה,נשים,61.5
ספרד,2002,מחלות מערכת הנשימה,נשים,67.1
ספרד,2003,מחלות מערכת הנשימה,נשים,71.2
ספרד,2004,מחלות מערכת הנשימה,נשים,60
ספרד,2005,מחלות מערכת הנשימה,נשים,72.3
ספרד,2006,מחלות מערכת הנשימה,נשים,58
ספרד,2007,מחלות מערכת הנשימה,נשים,62.8
ספרד,2008,מחלות מערכת הנשימה,נשים,61.7
ספרד,2009,מחלות מערכת הנשימה,נשים,58.4
ספרד,2010,מחלות מערכת הנשימה,נשים,51.8
ספרד,2011,מחלות מערכת הנשימה,נשים,53.1
ספרד,2012,מחלות מערכת הנשימה,נשים,58.3
ספרד,2013,מחלות מערכת הנשימה,נשים,50.2
ספרד,2014,מחלות מערכת הנשימה,נשים,50.5
ספרד,2015,מחלות מערכת הנשימה,נשים,59.2
ספרד,2016,מחלות מערכת הנשימה,נשים,52.4
ספרד,2017,מחלות מערכת הנשימה,נשים,57.4
ספרד,2018,מחלות מערכת הנשימה,נשים,59.4
ספרד,2019,מחלות מערכת הנשימה,נשים,51.1
ספרד,2020,מחלות מערכת הנשימה,נשים,44.5
ספרד,2021,מחלות מערכת הנשימה,נשים,35
ספרד,2022,מחלות מערכת הנשימה,נשים,43.8
ספרד,2023,מחלות מערכת הנשימה,נשים,48.7
ספרד,2024,מחלות מערכת הנשימה,נשים,52.5
ספרד,2000,מחלות מערכת הנשימה,סך הכול,108.5
ספרד,2001,מחלות מערכת הנשימה,סך הכול,96.7
ספרד,2002,מחלות מערכת הנשימה,סך הכול,104.3
ספרד,2003,מחלות מערכת הנשימה,סך הכול,107.4
ספרד,2004,מחלות מערכת הנשימה,סך הכול,92.9
ספרד,2005,מחלות מערכת הנשימה,סך הכול,108.1
ספרד,2006,מחלות מערכת הנשימה,סך הכול,87.8
ספרד,2007,מחלות מערכת הנשימה,סך הכול,94.6
ספרד,2008,מחלות מערכת הנשימה,סך הכול,92.1
ספרד,2009,מחלות מערכת הנשימה,סך הכול,87.4
ספרד,2010,מחלות מערכת הנשימה,סך הכול,78.9
ספרד,2011,מחלות מערכת הנשימה,סך הכול,80.4
ספרד,2012,מחלות מערכת הנשימה,סך הכול,85.9
ספרד,2013,מחלות מערכת הנשימה,סך הכול,75
ספרד,2014,מחלות מערכת הנשימה,סך הכול,75.2
ספרד,2015,מחלות מערכת הנשימה,סך הכול,86.5
ספרד,2016,מחלות מערכת הנשימה,סך הכול,76.2
ספרד,2017,מחלות מערכת הנשימה,סך הכול,81.8
ספרד,2018,מחלות מערכת הנשימה,סך הכול,83.5
ספרד,2019,מחלות מערכת הנשימה,סך הכול,73
ספרד,2020,מחלות מערכת הנשימה,סך הכול,64.4
ספרד,2021,מחלות מערכת הנשימה,סך הכול,53.3
ספרד,2022,מחלות מערכת הנשימה,סך הכול,63
ספרד,2023,מחלות מערכת הנשימה,סך הכול,68.5
ספרד,2024,מחלות מערכת הנשימה,סך הכול,71.6
ספרד,2000,נפילות,גברים,5.4
ספרד,2001,נפילות,גברים,5.1
ספרד,2002,נפילות,גברים,5.3
ספרד,2003,נפילות,גברים,5.4
ספרד,2004,נפילות,גברים,5.3
ספרד,2005,נפילות,גברים,5.4
ספרד,2006,נפילות,גברים,4.8
ספרד,2007,נפילות,גברים,5.2
ספרד,2008,נפילות,גברים,5.2
ספרד,2009,נפילות,גברים,5.1
ספרד,2010,נפילות,גברים,5.2
ספרד,2011,נפילות,גברים,5.1
ספרד,2012,נפילות,גברים,5.7
ספרד,2013,נפילות,גברים,6.1
ספרד,2014,נפילות,גברים,6.4
ספרד,2015,נפילות,גברים,6.2
ספרד,2016,נפילות,גברים,6.8
ספרד,2017,נפילות,גברים,6.7
ספרד,2018,נפילות,גברים,7
ספרד,2019,נפילות,גברים,7.1
ספרד,2020,נפילות,גברים,7.5
ספרד,2021,נפילות,גברים,7.6
ספרד,2022,נפילות,גברים,8.1
ספרד,2023,נפילות,גברים,8.6
ספרד,2024,נפילות,גברים,8.8
ספרד,2000,נפילות,נשים,2.7
ספרד,2001,נפילות,נשים,2.6
ספרד,2002,נפילות,נשים,2.7
ספרד,2003,נפילות,נשים,2.8
ספרד,2004,נפילות,נשים,2.7
ספרד,2005,נפילות,נשים,2.7
ספרד,2006,נפילות,נשים,2.7
ספרד,2007,נפילות,נשים,2.6
ספרד,2008,נפילות,נשים,2.7
ספרד,2009,נפילות,נשים,3
ספרד,2010,נפילות,נשים,2.9
ספרד,2011,נפילות,נשים,3.2
ספרד,2012,נפילות,נשים,3.5
ספרד,2013,נפילות,נשים,3.8
ספרד,2014,נפילות,נשים,3.7
ספרד,2015,נפילות,נשים,3.7
ספרד,2016,נפילות,נשים,3.7
ספרד,2017,נפילות,נשים,3.8
ספרד,2018,נפילות,נשים,3.7
ספרד,2019,נפילות,נשים,3.8
ספרד,2020,נפילות,נשים,4.2
ספרד,2021,נפילות,נשים,4.2
ספרד,2022,נפילות,נשים,4.1
ספרד,2023,נפילות,נשים,4.6
ספרד,2024,נפילות,נשים,4.7
ספרד,2000,נפילות,סך הכול,3.9
ספרד,2001,נפילות,סך הכול,3.8
ספרד,2002,נפילות,סך הכול,4
ספרד,2003,נפילות,סך הכול,4
ספרד,2004,נפילות,סך הכול,3.9
ספרד,2005,נפילות,סך הכול,4
ספרד,2006,נפילות,סך הכול,3.7
ספרד,2007,נפילות,סך הכול,3.8
ספרד,2008,נפילות,סך הכול,3.9
ספרד,2009,נפילות,סך הכול,3.9
ספרד,2010,נפילות,סך הכול,4
ספרד,2011,נפילות,סך הכול,4.1
ספרד,2012,נפילות,סך הכול,4.5
ספרד,2013,נפילות,סך הכול,4.8
ספרד,2014,נפילות,סך הכול,4.9
ספרד,2015,נפילות,סך הכול,4.8
ספרד,2016,נפילות,סך הכול,5.1
ספרד,2017,נפילות,סך הכול,5.1
ספרד,2018,נפילות,סך הכול,5.1
ספרד,2019,נפילות,סך הכול,5.3
ספרד,2020,נפילות,סך הכול,5.7
ספרד,2021,נפילות,סך הכול,5.7
ספרד,2022,נפילות,סך הכול,5.9
ספרד,2023,נפילות,סך הכול,6.4
ספרד,2024,נפילות,סך הכול,6.5
ספרד,2000,סוכרת,גברים,23.8
ספרד,2001,סוכרת,גברים,24.5
ספרד,2002,סוכרת,גברים,24
ספרד,2003,סוכרת,גברים,25
ספרד,2004,סוכרת,גברים,23.6
ספרד,2005,סוכרת,גברים,23.9
ספרד,2006,סוכרת,גברים,21.5
ספרד,2007,סוכרת,גברים,23
ספרד,2008,סוכרת,גברים,22.4
ספרד,2009,סוכרת,גברים,21.7
ספרד,2010,סוכרת,גברים,20.7
ספרד,2011,סוכרת,גברים,20.5
ספרד,2012,סוכרת,גברים,20.1
ספרד,2013,סוכרת,גברים,18.4
ספרד,2014,סוכרת,גברים,18.5
ספרד,2015,סוכרת,גברים,19.4
ספרד,2016,סוכרת,גברים,17.5
ספרד,2017,סוכרת,גברים,17.9
ספרד,2018,סוכרת,גברים,18
ספרד,2019,סוכרת,גברים,17.3
ספרד,2020,סוכרת,גברים,20
ספרד,2021,סוכרת,גברים,18.8
ספרד,2022,סוכרת,גברים,19.1
ספרד,2023,סוכרת,גברים,19.1
ספרד,2024,סוכרת,גברים,17.8
ספרד,2000,סוכרת,נשים,23.9
ספרד,2001,סוכרת,נשים,24
ספרד,2002,סוכרת,נשים,23.9
ספרד,2003,סוכרת,נשים,23.6
ספרד,2004,סוכרת,נשים,22.7
ספרד,2005,סוכרת,נשים,22.7
ספרד,2006,סוכרת,נשים,20.6
ספרד,2007,סוכרת,נשים,20.4
ספרד,2008,סוכרת,נשים,19.8
ספרד,2009,סוכרת,נשים,18.8
ספרד,2010,סוכרת,נשים,17.8
ספרד,2011,סוכרת,נשים,17.7
ספרד,2012,סוכרת,נשים,16.5
ספרד,2013,סוכרת,נשים,15
ספרד,2014,סוכרת,נשים,15
ספרד,2015,סוכרת,נשים,15.2
ספרד,2016,סוכרת,נשים,13.5
ספרד,2017,סוכרת,נשים,13.7
ספרד,2018,סוכרת,נשים,13.5
ספרד,2019,סוכרת,נשים,12.7
ספרד,2020,סוכרת,נשים,14.7
ספרד,2021,סוכרת,נשים,13.7
ספרד,2022,סוכרת,נשים,13.7
ספרד,2023,סוכרת,נשים,12.9
ספרד,2024,סוכרת,נשים,12.4
ספרד,2000,סוכרת,סך הכול,24.2
ספרד,2001,סוכרת,סך הכול,24.5
ספרד,2002,סוכרת,סך הכול,24.3
ספרד,2003,סוכרת,סך הכול,24.5
ספרד,2004,סוכרת,סך הכול,23.5
ספרד,2005,סוכרת,סך הכול,23.6
ספרד,2006,סוכרת,סך הכול,21.4
ספרד,2007,סוכרת,סך הכול,21.8
ספרד,2008,סוכרת,סך הכול,21.1
ספרד,2009,סוכרת,סך הכול,20.2
ספרד,2010,סוכרת,סך הכול,19.3
ספרד,2011,סוכרת,סך הכול,19.1
ספרד,2012,סוכרת,סך הכול,18.2
ספרד,2013,סוכרת,סך הכול,16.6
ספרד,2014,סוכרת,סך הכול,16.6
ספרד,2015,סוכרת,סך הכול,17.1
ספרד,2016,סוכרת,סך הכול,15.3
ספרד,2017,סוכרת,סך הכול,15.7
ספרד,2018,סוכרת,סך הכול,15.6
ספרד,2019,סוכרת,סך הכול,14.8
ספרד,2020,סוכרת,סך הכול,17.1
ספרד,2021,סוכרת,סך הכול,16
ספרד,2022,סוכרת,סך הכול,16.2
ספרד,2023,סוכרת,סך הכול,15.6
ספרד,2024,סוכרת,סך הכול,14.8
ספרד,2020,קורונה,גברים,153.7
ספרד,2021,קורונה,גברים,88.7
ספרד,2022,קורונה,גברים,63.7
ספרד,2023,קורונה,גברים,15.8
ספרד,2024,קורונה,גברים,10.3
ספרד,2020,קורונה,נשים,86.9
ספרד,2021,קורונה,נשים,43.7
ספרד,2022,קורונה,נשים,34.8
ספרד,2023,קורונה,נשים,8.7
ספרד,2024,קורונה,נשים,5.5
ספרד,2020,קורונה,סך הכול,115.2
ספרד,2021,קורונה,סך הכול,62.9
ספרד,2022,קורונה,סך הכול,46.6
ספרד,2023,קורונה,סך הכול,11.5
ספרד,2024,קורונה,סך הכול,7.4
ספרד,2000,שפעת,גברים,2
ספרד,2001,שפעת,גברים,0.2
ספרד,2002,שפעת,גברים,0.7
ספרד,2003,שפעת,גברים,0.5
ספרד,2004,שפעת,גברים,0.2
ספרד,2005,שפעת,גברים,1.2
ספרד,2006,שפעת,גברים,0.1
ספרד,2007,שפעת,גברים,0.2
ספרד,2008,שפעת,גברים,0.2
ספרד,2009,שפעת,גברים,0.2
ספרד,2010,שפעת,גברים,0
ספרד,2011,שפעת,גברים,0.2
ספרד,2012,שפעת,גברים,0.3
ספרד,2013,שפעת,גברים,0.2
ספרד,2014,שפעת,גברים,0.9
ספרד,2015,שפעת,גברים,0.9
ספרד,2016,שפעת,גברים,1.4
ספרד,2017,שפעת,גברים,2.1
ספרד,2018,שפעת,גברים,3.4
ספרד,2019,שפעת,גברים,2.7
ספרד,2020,שפעת,גברים,1.8
ספרד,2021,שפעת,גברים,0.1
ספרד,2022,שפעת,גברים,1.8
ספרד,2023,שפעת,גברים,2.5
ספרד,2024,שפעת,גברים,4.2
ספרד,2000,שפעת,נשים,2
ספרד,2001,שפעת,נשים,0.2
ספרד,2002,שפעת,נשים,1
ספרד,2003,שפעת,נשים,0.5
ספרד,2004,שפעת,נשים,0.2
ספרד,2005,שפעת,נשים,1.3
ספרד,2006,שפעת,נשים,0.1
ספרד,2007,שפעת,נשים,0.2
ספרד,2008,שפעת,נשים,0.2
ספרד,2009,שפעת,נשים,0.2
ספרד,2010,שפעת,נשים,0
ספרד,2011,שפעת,נשים,0.2
ספרד,2012,שפעת,נשים,0.3
ספרד,2013,שפעת,נשים,0.1
ספרד,2014,שפעת,נשים,0.6
ספרד,2015,שפעת,נשים,0.7
ספרד,2016,שפעת,נשים,1
ספרד,2017,שפעת,נשים,1.7
ספרד,2018,שפעת,נשים,2.6
ספרד,2019,שפעת,נשים,2
ספרד,2020,שפעת,נשים,1.2
ספרד,2021,שפעת,נשים,0
ספרד,2022,שפעת,נשים,1.3
ספרד,2023,שפעת,נשים,2.1
ספרד,2024,שפעת,נשים,3.5
ספרד,2000,שפעת,סך הכול,2
ספרד,2001,שפעת,סך הכול,0.2
ספרד,2002,שפעת,סך הכול,0.9
ספרד,2003,שפעת,סך הכול,0.5
ספרד,2004,שפעת,סך הכול,0.2
ספרד,2005,שפעת,סך הכול,1.3
ספרד,2006,שפעת,סך הכול,0.1
ספרד,2007,שפעת,סך הכול,0.2
ספרד,2008,שפעת,סך הכול,0.2
ספרד,2009,שפעת,סך הכול,0.2
ספרד,2010,שפעת,סך הכול,0
ספרד,2011,שפעת,סך הכול,0.2
ספרד,2012,שפעת,סך הכול,0.3
ספרד,2013,שפעת,סך הכול,0.2
ספרד,2014,שפעת,סך הכול,0.7
ספרד,2015,שפעת,סך הכול,0.8
ספרד,2016,שפעת,סך הכול,1.2
ספרד,2017,שפעת,סך הכול,1.9
ספרד,2018,שפעת,סך הכול,2.9
ספרד,2019,שפעת,סך הכול,2.3
ספרד,2020,שפעת,סך הכול,1.4
ספרד,2021,שפעת,סך הכול,0
ספרד,2022,שפעת,סך הכול,1.5
ספרד,2023,שפעת,סך הכול,2.3
ספרד,2024,שפעת,סך הכול,3.8
ספרד,2000,תאונות דרכים,גברים,24.5
ספרד,2001,תאונות דרכים,גברים,22.8
ספרד,2002,תאונות דרכים,גברים,21.9
ספרד,2003,תאונות דרכים,גברים,21.5
ספרד,2004,תאונות דרכים,גברים,19
ספרד,2005,תאונות דרכים,גברים,17.7
ספרד,2006,תאונות דרכים,גברים,15.9
ספרד,2007,תאונות דרכים,גברים,14.7
ספרד,2008,תאונות דרכים,גברים,11.9
ספרד,2009,תאונות דרכים,גברים,9.8
ספרד,2010,תאונות דרכים,גברים,8.9
ספרד,2011,תאונות דרכים,גברים,8.1
ספרד,2012,תאונות דרכים,גברים,7.2
ספרד,2013,תאונות דרכים,גברים,7
ספרד,2014,תאונות דרכים,גברים,7
ספרד,2015,תאונות דרכים,גברים,7
ספרד,2016,תאונות דרכים,גברים,6.9
ספרד,2017,תאונות דרכים,גברים,7.3
ספרד,2018,תאונות דרכים,גברים,7.1
ספרד,2019,תאונות דרכים,גברים,7
ספרד,2020,תאונות דרכים,גברים,5.9
ספרד,2021,תאונות דרכים,גברים,6.5
ספרד,2022,תאונות דרכים,גברים,6.7
ספרד,2023,תאונות דרכים,גברים,6.6
ספרד,2024,תאונות דרכים,גברים,6.5
ספרד,2000,תאונות דרכים,נשים,7
ספרד,2001,תאונות דרכים,נשים,6.5
ספרד,2002,תאונות דרכים,נשים,6.2
ספרד,2003,תאונות דרכים,נשים,6
ספרד,2004,תאונות דרכים,נשים,5.3
ספרד,2005,תאונות דרכים,נשים,4.5
ספרד,2006,תאונות דרכים,נשים,4.3
ספרד,2007,תאונות דרכים,נשים,3.7
ספרד,2008,תאונות דרכים,נשים,3.3
ספרד,2009,תאונות דרכים,נשים,2.6
ספרד,2010,תאונות דרכים,נשים,2.2
ספרד,2011,תאונות דרכים,נשים,2.1
ספרד,2012,תאונות דרכים,נשים,1.9
ספרד,2013,תאונות דרכים,נשים,2
ספרד,2014,תאונות דרכים,נשים,1.8
ספרד,2015,תאונות דרכים,נשים,1.9
ספרד,2016,תאונות דרכים,נשים,1.9
ספרד,2017,תאונות דרכים,נשים,1.9
ספרד,2018,תאונות דרכים,נשים,1.8
ספרד,2019,תאונות דרכים,נשים,1.6
ספרד,2020,תאונות דרכים,נשים,1.3
ספרד,2021,תאונות דרכים,נשים,1.5
ספרד,2022,תאונות דרכים,נשים,1.7
ספרד,2023,תאונות דרכים,נשים,1.7
ספרד,2024,תאונות דרכים,נשים,1.4
ספרד,2000,תאונות דרכים,סך הכול,15.5
ספרד,2001,תאונות דרכים,סך הכול,14.4
ספרד,2002,תאונות דרכים,סך הכול,13.8
ספרד,2003,תאונות דרכים,סך הכול,13.6
ספרד,2004,תאונות דרכים,סך הכול,12
ספרד,2005,תאונות דרכים,סך הכול,11
ספרד,2006,תאונות דרכים,סך הכול,10
ספרד,2007,תאונות דרכים,סך הכול,9.1
ספרד,2008,תאונות דרכים,סך הכול,7.5
ספרד,2009,תאונות דרכים,סך הכול,6.1
ספרד,2010,תאונות דרכים,סך הכול,5.5
ספרד,2011,תאונות דרכים,סך הכול,5
ספרד,2012,תאונות דרכים,סך הכול,4.5
ספרד,2013,תאונות דרכים,סך הכול,4.4
ספרד,2014,תאונות דרכים,סך הכול,4.3
ספרד,2015,תאונות דרכים,סך הכול,4.4
ספרד,2016,תאונות דרכים,סך הכול,4.3
ספרד,2017,תאונות דרכים,סך הכול,4.5
ספרד,2018,תאונות דרכים,סך הכול,4.4
ספרד,2019,תאונות דרכים,סך הכול,4.2
ספרד,2020,תאונות דרכים,סך הכול,3.5
ספרד,2021,תאונות דרכים,סך הכול,3.9
ספרד,2022,תאונות דרכים,סך הכול,4.1
ספרד,2023,תאונות דרכים,סך הכול,4.1
ספרד,2024,תאונות דרכים,סך הכול,3.9
ספרד,2000,תקיפה,גברים,1.4
ספרד,2001,תקיפה,גברים,1.5
ספרד,2002,תקיפה,גברים,1.5
ספרד,2003,תקיפה,גברים,1.4
ספרד,2004,תקיפה,גברים,1.7
ספרד,2005,תקיפה,גברים,1.3
ספרד,2006,תקיפה,גברים,1.1
ספרד,2007,תקיפה,גברים,1
ספרד,2008,תקיפה,גברים,1.1
ספרד,2009,תקיפה,גברים,1
ספרד,2010,תקיפה,גברים,0.9
ספרד,2011,תקיפה,גברים,1
ספרד,2012,תקיפה,גברים,0.9
ספרד,2013,תקיפה,גברים,0.9
ספרד,2014,תקיפה,גברים,0.9
ספרד,2015,תקיפה,גברים,0.7
ספרד,2016,תקיפה,גברים,0.7
ספרד,2017,תקיפה,גברים,0.9
ספרד,2018,תקיפה,גברים,0.8
ספרד,2019,תקיפה,גברים,0.8
ספרד,2020,תקיפה,גברים,0.8
ספרד,2021,תקיפה,גברים,0.8
ספרד,2022,תקיפה,גברים,0.8
ספרד,2023,תקיפה,גברים,0.9
ספרד,2024,תקיפה,גברים,0.9
ספרד,2000,תקיפה,נשים,0.5
ספרד,2001,תקיפה,נשים,0.4
ספרד,2002,תקיפה,נשים,0.5
ספרד,2003,תקיפה,נשים,0.6
ספרד,2004,תקיפה,נשים,0.9
ספרד,2005,תקיפה,נשים,0.4
ספרד,2006,תקיפה,נשים,0.5
ספרד,2007,תקיפה,נשים,0.5
ספרד,2008,תקיפה,נשים,0.5
ספרד,2009,תקיפה,נשים,0.4
ספרד,2010,תקיפה,נשים,0.5
ספרד,2011,תקיפה,נשים,0.4
ספרד,2012,תקיפה,נשים,0.4
ספרד,2013,תקיפה,נשים,0.4
ספרד,2014,תקיפה,נשים,0.5
ספרד,2015,תקיפה,נשים,0.5
ספרד,2016,תקיפה,נשים,0.4
ספרד,2017,תקיפה,נשים,0.5
ספרד,2018,תקיפה,נשים,0.4
ספרד,2019,תקיפה,נשים,0.4
ספרד,2020,תקיפה,נשים,0.4
ספרד,2021,תקיפה,נשים,0.3
ספרד,2022,תקיפה,נשים,0.4
ספרד,2023,תקיפה,נשים,0.4
ספרד,2024,תקיפה,נשים,0.4
ספרד,2000,תקיפה,סך הכול,1
ספרד,2001,תקיפה,סך הכול,1
ספרד,2002,תקיפה,סך הכול,1
ספרד,2003,תקיפה,סך הכול,1
ספרד,2004,תקיפה,סך הכול,1.3
ספרד,2005,תקיפה,סך הכול,0.9
ספרד,2006,תקיפה,סך הכול,0.8
ספרד,2007,תקיפה,סך הכול,0.7
ספרד,2008,תקיפה,סך הכול,0.8
ספרד,2009,תקיפה,סך הכול,0.7
ספרד,2010,תקיפה,סך הכול,0.7
ספרד,2011,תקיפה,סך הכול,0.7
ספרד,2012,תקיפה,סך הכול,0.6
ספרד,2013,תקיפה,סך הכול,0.6
ספרד,2014,תקיפה,סך הכול,0.7
ספרד,2015,תקיפה,סך הכול,0.6
ספרד,2016,תקיפה,סך הכול,0.6
ספרד,2017,תקיפה,סך הכול,0.7
ספרד,2018,תקיפה,סך הכול,0.6
ספרד,2019,תקיפה,סך הכול,0.6
ספרד,2020,תקיפה,סך הכול,0.6
ספרד,2021,תקיפה,סך הכול,0.6
ספרד,2022,תקיפה,סך הכול,0.6
ספרד,2023,תקיפה,סך הכול,0.6
ספרד,2024,תקיפה,סך הכול,0.6
פולין,2000,גידולים,גברים,419.8
פולין,2001,גידולים,גברים,426.1
פולין,2002,גידולים,גברים,429.1
פולין,2003,גידולים,גברים,423.5
פולין,2004,גידולים,גברים,424.5
פולין,2005,גידולים,גברים,415.7
פולין,2006,גידולים,גברים,414.6
פולין,2007,גידולים,גברים,414.4
פולין,2008,גידולים,גברים,405
פולין,2009,גידולים,גברים,400.1
פולין,2010,גידולים,גברים,387.8
פולין,2011,גידולים,גברים,380.7
פולין,2012,גידולים,גברים,381.3
פולין,2013,גידולים,גברים,373.7
פולין,2014,גידולים,גברים,368.6
פולין,2015,גידולים,גברים,386.2
פולין,2016,גידולים,גברים,378.7
פולין,2017,גידולים,גברים,371.3
פולין,2018,גידולים,גברים,363.4
פולין,2019,גידולים,גברים,358.3
פולין,2020,גידולים,גברים,359.5
פולין,2021,גידולים,גברים,328.8
פולין,2022,גידולים,גברים,344
פולין,2023,גידולים,גברים,345.8
פולין,2024,גידולים,גברים,342.4
פולין,2000,גידולים,נשים,217.1
פולין,2001,גידולים,נשים,216.8
פולין,2002,גידולים,נשים,215.1
פולין,2003,גידולים,נשים,217.9
פולין,2004,גידולים,נשים,213.5
פולין,2005,גידולים,נשים,214.5
פולין,2006,גידולים,נשים,213.9
פולין,2007,גידולים,נשים,214.6
פולין,2008,גידולים,נשים,210.6
פולין,2009,גידולים,נשים,208.6
פולין,2010,גידולים,נשים,205
פולין,2011,גידולים,נשים,201.9
פולין,2012,גידולים,נשים,205
פולין,2013,גידולים,נשים,202.9
פולין,2014,גידולים,נשים,203.6
פולין,2015,גידולים,נשים,209.1
פולין,2016,גידולים,נשים,207.3
פולין,2017,גידולים,נשים,208.2
פולין,2018,גידולים,נשים,207.4
פולין,2019,גידולים,נשים,207.7
פולין,2020,גידולים,נשים,205.6
פולין,2021,גידולים,נשים,191.8
פולין,2022,גידולים,נשים,200.3
פולין,2023,גידולים,נשים,204.8
פולין,2024,גידולים,נשים,202.7
פולין,2000,גידולים,סך הכול,295.4
פולין,2001,גידולים,סך הכול,297.4
פולין,2002,גידולים,סך הכול,297.3
פולין,2003,גידולים,סך הכול,296.5
פולין,2004,גידולים,סך הכול,294.4
פולין,2005,גידולים,סך הכול,291.6
פולין,2006,גידולים,סך הכול,290.9
פולין,2007,גידולים,סך הכול,291
פולין,2008,גידולים,סך הכול,284.9
פולין,2009,גידולים,סך הכול,281.8
פולין,2010,גידולים,סך הכול,275.2
פולין,2011,גידולים,סך הכול,270.3
פולין,2012,גידולים,סך הכול,272.5
פולין,2013,גידולים,סך הכול,268.4
פולין,2014,גידולים,סך הכול,267.1
פולין,2015,גידולים,סך הכול,276.9
פולין,2016,גידולים,סך הכול,273.1
פולין,2017,גידולים,סך הכול,270.7
פולין,2018,גידולים,סך הכול,267.7
פולין,2019,גידולים,סך הכול,265.9
פולין,2020,גידולים,סך הכול,264.9
פולין,2021,גידולים,סך הכול,244.4
פולין,2022,גידולים,סך הכול,255.4
פולין,2023,גידולים,סך הכול,259.1
פולין,2024,גידולים,סך הכול,256.7
פולין,2000,מחלות זיהומיות,גברים,12
פולין,2001,מחלות זיהומיות,גברים,11.2
פולין,2002,מחלות זיהומיות,גברים,11.1
פולין,2003,מחלות זיהומיות,גברים,11.6
פולין,2004,מחלות זיהומיות,גברים,10.7
פולין,2005,מחלות זיהומיות,גברים,10.7
פולין,2006,מחלות זיהומיות,גברים,10.2
פולין,2007,מחלות זיהומיות,גברים,9.7
פולין,2008,מחלות זיהומיות,גברים,11.1
פולין,2009,מחלות זיהומיות,גברים,11.4
פולין,2010,מחלות זיהומיות,גברים,11.3
פולין,2011,מחלות זיהומיות,גברים,12
פולין,2012,מחלות זיהומיות,גברים,9.3
פולין,2013,מחלות זיהומיות,גברים,7.5
פולין,2014,מחלות זיהומיות,גברים,7.1
פולין,2015,מחלות זיהומיות,גברים,6.8
פולין,2016,מחלות זיהומיות,גברים,6.7
פולין,2017,מחלות זיהומיות,גברים,6.6
פולין,2018,מחלות זיהומיות,גברים,6.2
פולין,2019,מחלות זיהומיות,גברים,5.5
פולין,2020,מחלות זיהומיות,גברים,5.6
פולין,2021,מחלות זיהומיות,גברים,6.9
פולין,2022,מחלות זיהומיות,גברים,8.3
פולין,2023,מחלות זיהומיות,גברים,8.3
פולין,2024,מחלות זיהומיות,גברים,6.8
פולין,2000,מחלות זיהומיות,נשים,5
פולין,2001,מחלות זיהומיות,נשים,4.9
פולין,2002,מחלות זיהומיות,נשים,5
פולין,2003,מחלות זיהומיות,נשים,4.6
פולין,2004,מחלות זיהומיות,נשים,4.2
פולין,2005,מחלות זיהומיות,נשים,4.5
פולין,2006,מחלות זיהומיות,נשים,4.7
פולין,2007,מחלות זיהומיות,נשים,4.5
פולין,2008,מחלות זיהומיות,נשים,5.4
פולין,2009,מחלות זיהומיות,נשים,5.6
פולין,2010,מחלות זיהומיות,נשים,5.5
פולין,2011,מחלות זיהומיות,נשים,6.3
פולין,2012,מחלות זיהומיות,נשים,5.3
פולין,2013,מחלות זיהומיות,נשים,3.7
פולין,2014,מחלות זיהומיות,נשים,3.7
פולין,2015,מחלות זיהומיות,נשים,3.6
פולין,2016,מחלות זיהומיות,נשים,3.6
פולין,2017,מחלות זיהומיות,נשים,3.7
פולין,2018,מחלות זיהומיות,נשים,3.3
פולין,2019,מחלות זיהומיות,נשים,3
פולין,2020,מחלות זיהומיות,נשים,3
פולין,2021,מחלות זיהומיות,נשים,4.1
פולין,2022,מחלות זיהומיות,נשים,4.8
פולין,2023,מחלות זיהומיות,נשים,4.7
פולין,2024,מחלות זיהומיות,נשים,4
פולין,2000,מחלות זיהומיות,סך הכול,8
פולין,2001,מחלות זיהומיות,סך הכול,7.5
פולין,2002,מחלות זיהומיות,סך הכול,7.6
פולין,2003,מחלות זיהומיות,סך הכול,7.5
פולין,2004,מחלות זיהומיות,סך הכול,6.9
פולין,2005,מחלות זיהומיות,סך הכול,7.1
פולין,2006,מחלות זיהומיות,סך הכול,7
פולין,2007,מחלות זיהומיות,סך הכול,6.7
פולין,2008,מחלות זיהומיות,סך הכול,7.8
פולין,2009,מחלות זיהומיות,סך הכול,8.1
פולין,2010,מחלות זיהומיות,סך הכול,8
פולין,2011,מחלות זיהומיות,סך הכול,8.7
פולין,2012,מחלות זיהומיות,סך הכול,7.1
פולין,2013,מחלות זיהומיות,סך הכול,5.4
פולין,2014,מחלות זיהומיות,סך הכול,5.2
פולין,2015,מחלות זיהומיות,סך הכול,5
פולין,2016,מחלות זיהומיות,סך הכול,5
פולין,2017,מחלות זיהומיות,סך הכול,5
פולין,2018,מחלות זיהומיות,סך הכול,4.6
פולין,2019,מחלות זיהומיות,סך הכול,4.2
פולין,2020,מחלות זיהומיות,סך הכול,4.2
פולין,2021,מחלות זיהומיות,סך הכול,5.4
פולין,2022,מחלות זיהומיות,סך הכול,6.3
פולין,2023,מחלות זיהומיות,סך הכול,6.3
פולין,2024,מחלות זיהומיות,סך הכול,5.3
פולין,2000,מחלות כלי דם במוח,גברים,188.3
פולין,2001,מחלות כלי דם במוח,גברים,186.9
פולין,2002,מחלות כלי דם במוח,גברים,177.8
פולין,2003,מחלות כלי דם במוח,גברים,175.3
פולין,2004,מחלות כלי דם במוח,גברים,165.7
פולין,2005,מחלות כלי דם במוח,גברים,158
פולין,2006,מחלות כלי דם במוח,גברים,152.8
פולין,2007,מחלות כלי דם במוח,גברים,148
פולין,2008,מחלות כלי דם במוח,גברים,141.1
פולין,2009,מחלות כלי דם במוח,גברים,135.4
פולין,2010,מחלות כלי דם במוח,גברים,126.6
פולין,2011,מחלות כלי דם במוח,גברים,122.3
פולין,2012,מחלות כלי דם במוח,גברים,117.1
פולין,2013,מחלות כלי דם במוח,גברים,107.7
פולין,2014,מחלות כלי דם במוח,גברים,99.3
פולין,2015,מחלות כלי דם במוח,גברים,96.1
פולין,2016,מחלות כלי דם במוח,גברים,91.2
פולין,2017,מחלות כלי דם במוח,גברים,94.6
פולין,2018,מחלות כלי דם במוח,גברים,88.1
פולין,2019,מחלות כלי דם במוח,גברים,85.1
פולין,2020,מחלות כלי דם במוח,גברים,96.4
פולין,2021,מחלות כלי דם במוח,גברים,91.7
פולין,2022,מחלות כלי דם במוח,גברים,93
פולין,2023,מחלות כלי דם במוח,גברים,88.8
פולין,2024,מחלות כלי דם במוח,גברים,79
פולין,2000,מחלות כלי דם במוח,נשים,150.2
פולין,2001,מחלות כלי דם במוח,נשים,151.6
פולין,2002,מחלות כלי דם במוח,נשים,144.8
פולין,2003,מחלות כלי דם במוח,נשים,139.3
פולין,2004,מחלות כלי דם במוח,נשים,133.3
פולין,2005,מחלות כלי דם במוח,נשים,127.5
פולין,2006,מחלות כלי דם במוח,נשים,120.4
פולין,2007,מחלות כלי דם במוח,נשים,114
פולין,2008,מחלות כלי דם במוח,נשים,107.8
פולין,2009,מחלות כלי דם במוח,נשים,102.5
פולין,2010,מחלות כלי דם במוח,נשים,97.9
פולין,2011,מחלות כלי דם במוח,נשים,95.4
פולין,2012,מחלות כלי דם במוח,נשים,89.4
פולין,2013,מחלות כלי דם במוח,נשים,83.4
פולין,2014,מחלות כלי דם במוח,נשים,76.5
פולין,2015,מחלות כלי דם במוח,נשים,73.2
פולין,2016,מחלות כלי דם במוח,נשים,66.8
פולין,2017,מחלות כלי דם במוח,נשים,68.5
פולין,2018,מחלות כלי דם במוח,נשים,64.9
פולין,2019,מחלות כלי דם במוח,נשים,62
פולין,2020,מחלות כלי דם במוח,נשים,68.7
פולין,2021,מחלות כלי דם במוח,נשים,66.5
פולין,2022,מחלות כלי דם במוח,נשים,68.5
פולין,2023,מחלות כלי דם במוח,נשים,63.4
פולין,2024,מחלות כלי דם במוח,נשים,58
פולין,2000,מחלות כלי דם במוח,סך הכול,166.1
פולין,2001,מחלות כלי דם במוח,סך הכול,166.5
פולין,2002,מחלות כלי דם במוח,סך הכול,158.8
פולין,2003,מחלות כלי דם במוח,סך הכול,154.3
פולין,2004,מחלות כלי דם במוח,סך הכול,147.4
פולין,2005,מחלות כלי דם במוח,סך הכול,141
פולין,2006,מחלות כלי דם במוח,סך הכול,134.4
פולין,2007,מחלות כלי דם במוח,סך הכול,128.6
פולין,2008,מחלות כלי דם במוח,סך הכול,122.3
פולין,2009,מחלות כלי דם במוח,סך הכול,116.5
פולין,2010,מחלות כלי דם במוח,סך הכול,110.4
פולין,2011,מחלות כלי דם במוח,סך הכול,107.4
פולין,2012,מחלות כלי דם במוח,סך הכול,101.6
פולין,2013,מחלות כלי דם במוח,סך הכול,94.3
פולין,2014,מחלות כלי דם במוח,סך הכול,86.8
פולין,2015,מחלות כלי דם במוח,סך הכול,83.5
פולין,2016,מחלות כלי דם במוח,סך הכול,77.5
פולין,2017,מחלות כלי דם במוח,סך הכול,79.9
פולין,2018,מחלות כלי דם במוח,סך הכול,75.3
פולין,2019,מחלות כלי דם במוח,סך הכול,72.4
פולין,2020,מחלות כלי דם במוח,סך הכול,81.1
פולין,2021,מחלות כלי דם במוח,סך הכול,77.7
פולין,2022,מחלות כלי דם במוח,סך הכול,79.7
פולין,2023,מחלות כלי דם במוח,סך הכול,74.9
פולין,2024,מחלות כלי דם במוח,סך הכול,67.8
פולין,2000,מחלות לב איסכמיות,גברים,296.8
פולין,2001,מחלות לב איסכמיות,גברים,282.8
פולין,2002,מחלות לב איסכמיות,גברים,267.4
פולין,2003,מחלות לב איסכמיות,גברים,267.8
פולין,2004,מחלות לב איסכמיות,גברים,250.9
פולין,2005,מחלות לב איסכמיות,גברים,243.8
פולין,2006,מחלות לב איסכמיות,גברים,238.7
פולין,2007,מחלות לב איסכמיות,גברים,223.8
פולין,2008,מחלות לב איסכמיות,גברים,221.2
פולין,2009,מחלות לב איסכמיות,גברים,211.6
פולין,2010,מחלות לב איסכמיות,גברים,198
פולין,2011,מחלות לב איסכמיות,גברים,194.3
פולין,2012,מחלות לב איסכמיות,גברים,183.1
פולין,2013,מחלות לב איסכמיות,גברים,163.5
פולין,2014,מחלות לב איסכמיות,גברים,150.8
פולין,2015,מחלות לב איסכמיות,גברים,149.6
פולין,2016,מחלות לב איסכמיות,גברים,145.3
פולין,2017,מחלות לב איסכמיות,גברים,159.5
פולין,2018,מחלות לב איסכמיות,גברים,149.2
פולין,2019,מחלות לב איסכמיות,גברים,154.9
פולין,2020,מחלות לב איסכמיות,גברים,186
פולין,2021,מחלות לב איסכמיות,גברים,233.7
פולין,2022,מחלות לב איסכמיות,גברים,205.4
פולין,2023,מחלות לב איסכמיות,גברים,193.7
פולין,2024,מחלות לב איסכמיות,גברים,202
פולין,2000,מחלות לב איסכמיות,נשים,157.7
פולין,2001,מחלות לב איסכמיות,נשים,150.3
פולין,2002,מחלות לב איסכמיות,נשים,141.9
פולין,2003,מחלות לב איסכמיות,נשים,142.4
פולין,2004,מחלות לב איסכמיות,נשים,133.7
פולין,2005,מחלות לב איסכמיות,נשים,133.4
פולין,2006,מחלות לב איסכמיות,נשים,128.5
פולין,2007,מחלות לב איסכמיות,נשים,118
פולין,2008,מחלות לב איסכמיות,נשים,118.5
פולין,2009,מחלות לב איסכמיות,נשים,113.6
פולין,2010,מחלות לב איסכמיות,נשים,102.1
פולין,2011,מחלות לב איסכמיות,נשים,102.1
פולין,2012,מחלות לב איסכמיות,נשים,93.5
פולין,2013,מחלות לב איסכמיות,נשים,83
פולין,2014,מחלות לב איסכמיות,נשים,75.7
פולין,2015,מחלות לב איסכמיות,נשים,76.2
פולין,2016,מחלות לב איסכמיות,נשים,74.3
פולין,2017,מחלות לב איסכמיות,נשים,85.8
פולין,2018,מחלות לב איסכמיות,נשים,79.8
פולין,2019,מחלות לב איסכמיות,נשים,83.8
פולין,2020,מחלות לב איסכמיות,נשים,99.1
פולין,2021,מחלות לב איסכמיות,נשים,141.2
פולין,2022,מחלות לב איסכמיות,נשים,125.6
פולין,2023,מחלות לב איסכמיות,נשים,121.3
פולין,2024,מחלות לב איסכמיות,נשים,130.6
פולין,2000,מחלות לב איסכמיות,סך הכול,214.5
פולין,2001,מחלות לב איסכמיות,סך הכול,204
פולין,2002,מחלות לב איסכמיות,סך הכול,192.8
פולין,2003,מחלות לב איסכמיות,סך הכול,192.9
פולין,2004,מחלות לב איסכמיות,סך הכול,181.2
פולין,2005,מחלות לב איסכמיות,סך הכול,178.4
פולין,2006,מחלות לב איסכמיות,סך הכול,173.4
פולין,2007,מחלות לב איסכמיות,סך הכול,161.2
פולין,2008,מחלות לב איסכמיות,סך הכול,160.2
פולין,2009,מחלות לב איסכמיות,סך הכול,153.1
פולין,2010,מחלות לב איסכמיות,סך הכול,141.2
פולין,2011,מחלות לב איסכמיות,סך הכול,139.4
פולין,2012,מחלות לב איסכמיות,סך הכול,130.1
פולין,2013,מחלות לב איסכמיות,סך הכול,116.1
פולין,2014,מחלות לב איסכמיות,סך הכול,106.6
פולין,2015,מחלות לב איסכמיות,סך הכול,106.6
פולין,2016,מחלות לב איסכמיות,סך הכול,103.5
פולין,2017,מחלות לב איסכמיות,סך הכול,116.1
פולין,2018,מחלות לב איסכמיות,סך הכול,108.5
פולין,2019,מחלות לב איסכמיות,סך הכול,113.3
פולין,2020,מחלות לב איסכמיות,סך הכול,135
פולין,2021,מחלות לב איסכמיות,סך הכול,179.9
פולין,2022,מחלות לב איסכמיות,סך הכול,159.2
פולין,2023,מחלות לב איסכמיות,סך הכול,151.7
פולין,2024,מחלות לב איסכמיות,סך הכול,160.7
פולין,2000,מחלות מערכת הדם,גברים,891.5
פולין,2001,מחלות מערכת הדם,גברים,871
פולין,2002,מחלות מערכת הדם,גברים,830.5
פולין,2003,מחלות מערכת הדם,גברים,843.3
פולין,2004,מחלות מערכת הדם,גברים,798.7
פולין,2005,מחלות מערכת הדם,גברים,771
פולין,2006,מחלות מערכת הדם,גברים,749.4
פולין,2007,מחלות מערכת הדם,גברים,737.3
פולין,2008,מחלות מערכת הדם,גברים,723.4
פולין,2009,מחלות מערכת הדם,גברים,727.7
פולין,2010,מחלות מערכת הדם,גברים,685.8
פולין,2011,מחלות מערכת הדם,גברים,649.4
פולין,2012,מחלות מערכת הדם,גברים,662.9
פולין,2013,מחלות מערכת הדם,גברים,642.9
פולין,2014,מחלות מערכת הדם,גברים,597
פולין,2015,מחלות מערכת הדם,גברים,615.1
פולין,2016,מחלות מערכת הדם,גברים,557.2
פולין,2017,מחלות מערכת הדם,גברים,538.8
פולין,2018,מחלות מערכת הדם,גברים,517.9
פולין,2019,מחלות מערכת הדם,גברים,503.9
פולין,2020,מחלות מערכת הדם,גברים,545.3
פולין,2021,מחלות מערכת הדם,גברים,550.3
פולין,2022,מחלות מערכת הדם,גברים,494.8
פולין,2023,מחלות מערכת הדם,גברים,457.7
פולין,2024,מחלות מערכת הדם,גברים,440.3
פולין,2000,מחלות מערכת הדם,נשים,602.7
פולין,2001,מחלות מערכת הדם,נשים,588.5
פולין,2002,מחלות מערכת הדם,נשים,566.8
פולין,2003,מחלות מערכת הדם,נשים,575
פולין,2004,מחלות מערכת הדם,נשים,544.8
פולין,2005,מחלות מערכת הדם,נשים,528.6
פולין,2006,מחלות מערכת הדם,נשים,507.6
פולין,2007,מחלות מערכת הדם,נשים,497.7
פולין,2008,מחלות מערכת הדם,נשים,483.1
פולין,2009,מחלות מערכת הדם,נשים,481.8
פולין,2010,מחלות מערכת הדם,נשים,451.8
פולין,2011,מחלות מערכת הדם,נשים,427.1
פולין,2012,מחלות מערכת הדם,נשים,432
פולין,2013,מחלות מערכת הדם,נשים,423.2
פולין,2014,מחלות מערכת הדם,נשים,392.2
פולין,2015,מחלות מערכת הדם,נשים,407.4
פולין,2016,מחלות מערכת הדם,נשים,368.8
פולין,2017,מחלות מערכת הדם,נשים,362.2
פולין,2018,מחלות מערכת הדם,נשים,349.8
פולין,2019,מחלות מערכת הדם,נשים,330.1
פולין,2020,מחלות מערכת הדם,נשים,353.6
פולין,2021,מחלות מערכת הדם,נשים,367.2
פולין,2022,מחלות מערכת הדם,נשים,330.5
פולין,2023,מחלות מערכת הדם,נשים,305.1
פולין,2024,מחלות מערכת הדם,נשים,299.9
פולין,2000,מחלות מערכת הדם,סך הכול,719.1
פולין,2001,מחלות מערכת הדם,סך הכול,702
פולין,2002,מחלות מערכת הדם,סך הכול,673.7
פולין,2003,מחלות מערכת הדם,סך הכול,683.1
פולין,2004,מחלות מערכת הדם,סך הכול,648.4
פולין,2005,מחלות מערכת הדם,סך הכול,628.3
פולין,2006,מחלות מערכת הדם,סך הכול,607.4
פולין,2007,מחלות מערכת הדם,סך הכול,597
פולין,2008,מחלות מערכת הדם,סך הכול,582.4
פולין,2009,מחלות מערכת הדם,סך הכול,582.8
פולין,2010,מחלות מערכת הדם,סך הכול,548.4
פולין,2011,מחלות מערכת הדם,סך הכול,519.2
פולין,2012,מחלות מערכת הדם,סך הכול,527.7
פולין,2013,מחלות מערכת הדם,סך הכול,515.1
פולין,2014,מחלות מערכת הדם,סך הכול,478.1
פולין,2015,מחלות מערכת הדם,סך הכול,495.6
פולין,2016,מחלות מערכת הדם,סך הכול,448.7
פולין,2017,מחלות מערכת הדם,סך הכול,437
פולין,2018,מחלות מערכת הדם,סך הכול,422.4
פולין,2019,מחלות מערכת הדם,סך הכול,404.8
פולין,2020,מחלות מערכת הדם,סך הכול,434.4
פולין,2021,מחלות מערכת הדם,סך הכול,445.7
פולין,2022,מחלות מערכת הדם,סך הכול,401.8
פולין,2023,מחלות מערכת הדם,סך הכול,370.8
פולין,2024,מחלות מערכת הדם,סך הכול,361.3
פולין,2000,מחלות מערכת הנשימה,גברים,115.4
פולין,2001,מחלות מערכת הנשימה,גברים,99.8
פולין,2002,מחלות מערכת הנשימה,גברים,98.5
פולין,2003,מחלות מערכת הנשימה,גברים,106.8
פולין,2004,מחלות מערכת הנשימה,גברים,104.1
פולין,2005,מחלות מערכת הנשימה,גברים,110.3
פולין,2006,מחלות מערכת הנשימה,גברים,106.7
פולין,2007,מחלות מערכת הנשימה,גברים,108
פולין,2008,מחלות מערכת הנשימה,גברים,104.1
פולין,2009,מחלות מערכת הנשימה,גברים,106.9
פולין,2010,מחלות מערכת הנשימה,גברים,98
פולין,2011,מחלות מערכת הנשימה,גברים,98
פולין,2012,מחלות מערכת הנשימה,גברים,95.6
פולין,2013,מחלות מערכת הנשימה,גברים,103.6
פולין,2014,מחלות מערכת הנשימה,גברים,90
פולין,2015,מחלות מערכת הנשימה,גברים,101.4
פולין,2016,מחלות מערכת הנשימה,גברים,94.7
פולין,2017,מחלות מערכת הנשימה,גברים,103.2
פולין,2018,מחלות מערכת הנשימה,גברים,104
פולין,2019,מחלות מערכת הנשימה,גברים,102.3
פולין,2020,מחלות מערכת הנשימה,גברים,109.5
פולין,2021,מחלות מערכת הנשימה,גברים,101.6
פולין,2022,מחלות מערכת הנשימה,גברים,107.7
פולין,2023,מחלות מערכת הנשימה,גברים,105.5
פולין,2024,מחלות מערכת הנשימה,גברים,108.1
פולין,2000,מחלות מערכת הנשימה,נשים,51.1
פולין,2001,מחלות מערכת הנשימה,נשים,41.3
פולין,2002,מחלות מערכת הנשימה,נשים,39
פולין,2003,מחלות מערכת הנשימה,נשים,44.4
פולין,2004,מחלות מערכת הנשימה,נשים,40.6
פולין,2005,מחלות מערכת הנשימה,נשים,44.3
פולין,2006,מחלות מערכת הנשימה,נשים,41.5
פולין,2007,מחלות מערכת הנשימה,נשים,41.4
פולין,2008,מחלות מערכת הנשימה,נשים,40.7
פולין,2009,מחלות מערכת הנשימה,נשים,43
פולין,2010,מחלות מערכת הנשימה,נשים,38.4
פולין,2011,מחלות מערכת הנשימה,נשים,38.6
פולין,2012,מחלות מערכת הנשימה,נשים,38.8
פולין,2013,מחלות מערכת הנשימה,נשים,44.4
פולין,2014,מחלות מערכת הנשימה,נשים,38.2
פולין,2015,מחלות מערכת הנשימה,נשים,46.4
פולין,2016,מחלות מערכת הנשימה,נשים,41.5
פולין,2017,מחלות מערכת הנשימה,נשים,48.6
פולין,2018,מחלות מערכת הנשימה,נשים,48.6
פולין,2019,מחלות מערכת הנשימה,נשים,47.9
פולין,2020,מחלות מערכת הנשימה,נשים,49
פולין,2021,מחלות מערכת הנשימה,נשים,49.2
פולין,2022,מחלות מערכת הנשימה,נשים,53.7
פולין,2023,מחלות מערכת הנשימה,נשים,55.1
פולין,2024,מחלות מערכת הנשימה,נשים,55.7
פולין,2000,מחלות מערכת הנשימה,סך הכול,73.8
פולין,2001,מחלות מערכת הנשימה,סך הכול,62
פולין,2002,מחלות מערכת הנשימה,סך הכול,59.9
פולין,2003,מחלות מערכת הנשימה,סך הכול,66.3
פולין,2004,מחלות מערכת הנשימה,סך הכול,62.9
פולין,2005,מחלות מערכת הנשימה,סך הכול,67.6
פולין,2006,מחלות מערכת הנשימה,סך הכול,64.6
פולין,2007,מחלות מערכת הנשימה,סך הכול,65.3
פולין,2008,מחלות מערכת הנשימה,סך הכול,63.3
פולין,2009,מחלות מערכת הנשימה,סך הכול,65.9
פולין,2010,מחלות מערכת הנשימה,סך הכול,59.7
פולין,2011,מחלות מערכת הנשימה,סך הכול,59.9
פולין,2012,מחלות מערכת הנשימה,סך הכול,59
פולין,2013,מחלות מערכת הנשימה,סך הכול,65.8
פולין,2014,מחלות מערכת הנשימה,סך הכול,56.9
פולין,2015,מחלות מערכת הנשימה,סך הכול,66.4
פולין,2016,מחלות מערכת הנשימה,סך הכול,61.1
פולין,2017,מחלות מערכת הנשימה,סך הכול,68.6
פולין,2018,מחלות מערכת הנשימה,סך הכול,69.3
פולין,2019,מחלות מערכת הנשימה,סך הכול,68.2
פולין,2020,מחלות מערכת הנשימה,סך הכול,71.5
פולין,2021,מחלות מערכת הנשימה,סך הכול,69.1
פולין,2022,מחלות מערכת הנשימה,סך הכול,74.4
פולין,2023,מחלות מערכת הנשימה,סך הכול,74.2
פולין,2024,מחלות מערכת הנשימה,סך הכול,75.9
פולין,2000,נפילות,גברים,18.4
פולין,2001,נפילות,גברים,18.4
פולין,2002,נפילות,גברים,17.6
פולין,2003,נפילות,גברים,17.2
פולין,2004,נפילות,גברים,16.6
פולין,2005,נפילות,גברים,16.8
פולין,2006,נפילות,גברים,16.7
פולין,2007,נפילות,גברים,17.3
פולין,2008,נפילות,גברים,18
פולין,2009,נפילות,גברים,15.5
פולין,2010,נפילות,גברים,15.9
פולין,2011,נפילות,גברים,16.5
פולין,2012,נפילות,גברים,17.9
פולין,2013,נפילות,גברים,18.4
פולין,2014,נפילות,גברים,18.4
פולין,2015,נפילות,גברים,16.6
פולין,2016,נפילות,גברים,15.8
פולין,2017,נפילות,גברים,16.5
פולין,2018,נפילות,גברים,15.6
פולין,2019,נפילות,גברים,15.9
פולין,2020,נפילות,גברים,16.3
פולין,2021,נפילות,גברים,17.9
פולין,2022,נפילות,גברים,18.5
פולין,2023,נפילות,גברים,16.6
פולין,2024,נפילות,גברים,16
פולין,2000,נפילות,נשים,15.6
פולין,2001,נפילות,נשים,14.7
פולין,2002,נפילות,נשים,13.2
פולין,2003,נפילות,נשים,12.7
פולין,2004,נפילות,נשים,12.2
פולין,2005,נפילות,נשים,11.2
פולין,2006,נפילות,נשים,10.3
פולין,2007,נפילות,נשים,9.5
פולין,2008,נפילות,נשים,9.7
פולין,2009,נפילות,נשים,8.2
פולין,2010,נפילות,נשים,8.4
פולין,2011,נפילות,נשים,8.6
פולין,2012,נפילות,נשים,9.1
פולין,2013,נפילות,נשים,9.3
פולין,2014,נפילות,נשים,8.9
פולין,2015,נפילות,נשים,8.7
פולין,2016,נפילות,נשים,8.4
פולין,2017,נפילות,נשים,8.2
פולין,2018,נפילות,נשים,7.9
פולין,2019,נפילות,נשים,8.3
פולין,2020,נפילות,נשים,9
פולין,2021,נפילות,נשים,10.3
פולין,2022,נפילות,נשים,9.4
פולין,2023,נפילות,נשים,9.3
פולין,2024,נפילות,נשים,8.2
פולין,2000,נפילות,סך הכול,17.4
פולין,2001,נפילות,סך הכול,16.7
פולין,2002,נפילות,סך הכול,15.4
פולין,2003,נפילות,סך הכול,14.9
פולין,2004,נפילות,סך הכול,14.6
פולין,2005,נפילות,סך הכול,13.9
פולין,2006,נפילות,סך הכול,13.2
פולין,2007,נפילות,סך הכול,13.1
פולין,2008,נפילות,סך הכול,13.5
פולין,2009,נפילות,סך הכול,11.4
פולין,2010,נפילות,סך הכול,11.7
פולין,2011,נפילות,סך הכול,12.1
פולין,2012,נפילות,סך הכול,13
פולין,2013,נפילות,סך הכול,13.3
פולין,2014,נפילות,סך הכול,13.1
פולין,2015,נפילות,סך הכול,12.3
פולין,2016,נפילות,סך הכול,11.8
פולין,2017,נפילות,סך הכול,11.9
פולין,2018,נפילות,סך הכול,11.5
פולין,2019,נפילות,סך הכול,11.8
פולין,2020,נפילות,סך הכול,12.4
פולין,2021,נפילות,סך הכול,13.8
פולין,2022,נפילות,סך הכול,13.4
פולין,2023,נפילות,סך הכול,12.6
פולין,2024,נפילות,סך הכול,11.6
פולין,2000,סוכרת,גברים,18.3
פולין,2001,סוכרת,גברים,17.7
פולין,2002,סוכרת,גברים,18.1
פולין,2003,סוכרת,גברים,18.6
פולין,2004,סוכרת,גברים,17.4
פולין,2005,סוכרת,גברים,19.9
פולין,2006,סוכרת,גברים,21
פולין,2007,סוכרת,גברים,22.1
פולין,2008,סוכרת,גברים,22.1
פולין,2009,סוכרת,גברים,22.3
פולין,2010,סוכרת,גברים,20.7
פולין,2011,סוכרת,גברים,21.2
פולין,2012,סוכרת,גברים,22.2
פולין,2013,סוכרת,גברים,23.1
פולין,2014,סוכרת,גברים,21
פולין,2015,סוכרת,גברים,24.5
פולין,2016,סוכרת,גברים,24.8
פולין,2017,סוכרת,גברים,25.9
פולין,2018,סוכרת,גברים,25.8
פולין,2019,סוכרת,גברים,26.6
פולין,2020,סוכרת,גברים,35.5
פולין,2021,סוכרת,גברים,30.3
פולין,2022,סוכרת,גברים,31.4
פולין,2023,סוכרת,גברים,27
פולין,2024,סוכרת,גברים,25.8
פולין,2000,סוכרת,נשים,18.8
פולין,2001,סוכרת,נשים,18.1
פולין,2002,סוכרת,נשים,17.8
פולין,2003,סוכרת,נשים,17.5
פולין,2004,סוכרת,נשים,16.7
פולין,2005,סוכרת,נשים,16.9
פולין,2006,סוכרת,נשים,18.4
פולין,2007,סוכרת,נשים,18.6
פולין,2008,סוכרת,נשים,19.3
פולין,2009,סוכרת,נשים,19.3
פולין,2010,סוכרת,נשים,18.1
פולין,2011,סוכרת,נשים,18.5
פולין,2012,סוכרת,נשים,18.8
פולין,2013,סוכרת,נשים,19
פולין,2014,סוכרת,נשים,16.7
פולין,2015,סוכרת,נשים,20.2
פולין,2016,סוכרת,נשים,19.4
פולין,2017,סוכרת,נשים,20
פולין,2018,סוכרת,נשים,19.6
פולין,2019,סוכרת,נשים,20.1
פולין,2020,סוכרת,נשים,25.8
פולין,2021,סוכרת,נשים,23.1
פולין,2022,סוכרת,נשים,23.1
פולין,2023,סוכרת,נשים,20.5
פולין,2024,סוכרת,נשים,18.6
פולין,2000,סוכרת,סך הכול,18.9
פולין,2001,סוכרת,סך הכול,18.2
פולין,2002,סוכרת,סך הכול,18.2
פולין,2003,סוכרת,סך הכול,18.3
פולין,2004,סוכרת,סך הכול,17.3
פולין,2005,סוכרת,סך הכול,18.4
פולין,2006,סוכרת,סך הכול,19.8
פולין,2007,סוכרת,סך הכול,20.5
פולין,2008,סוכרת,סך הכול,20.8
פולין,2009,סוכרת,סך הכול,20.9
פולין,2010,סוכרת,סך הכול,19.6
פולין,2011,סוכרת,סך הכול,19.9
פולין,2012,סוכרת,סך הכול,20.6
פולין,2013,סוכרת,סך הכול,21.1
פולין,2014,סוכרת,סך הכול,18.8
פולין,2015,סוכרת,סך הכול,22.4
פולין,2016,סוכרת,סך הכול,22
פולין,2017,סוכרת,סך הכול,22.8
פולין,2018,סוכרת,סך הכול,22.5
פולין,2019,סוכרת,סך הכול,23.2
פולין,2020,סוכרת,סך הכול,30.3
פולין,2021,סוכרת,סך הכול,26.6
פולין,2022,סוכרת,סך הכול,27
פולין,2023,סוכרת,סך הכול,23.6
פולין,2024,סוכרת,סך הכול,21.9
פולין,2020,קורונה,גברים,156.9
פולין,2021,קורונה,גברים,315.3
פולין,2022,קורונה,גברים,103.7
פולין,2023,קורונה,גברים,16.4
פולין,2024,קורונה,גברים,6.8
פולין,2020,קורונה,נשים,69.5
פולין,2021,קורונה,נשים,169.4
פולין,2022,קורונה,נשים,58.6
פולין,2023,קורונה,נשים,8.5
פולין,2024,קורונה,נשים,3.2
פולין,2020,קורונה,סך הכול,102.9
פולין,2021,קורונה,סך הכול,226.2
פולין,2022,קורונה,סך הכול,75.1
פולין,2023,קורונה,סך הכול,11.2
פולין,2024,קורונה,סך הכול,4.5
פולין,2000,שפעת,גברים,1.8
פולין,2001,שפעת,גברים,0.2
פולין,2002,שפעת,גברים,0.1
פולין,2003,שפעת,גברים,0.8
פולין,2004,שפעת,גברים,0.2
פולין,2005,שפעת,גברים,0.2
פולין,2006,שפעת,גברים,0.1
פולין,2007,שפעת,גברים,0.1
פולין,2008,שפעת,גברים,0.1
פולין,2009,שפעת,גברים,0.3
פולין,2010,שפעת,גברים,0.1
פולין,2011,שפעת,גברים,0.3
פולין,2012,שפעת,גברים,0
פולין,2013,שפעת,גברים,0.3
פולין,2014,שפעת,גברים,0
פולין,2015,שפעת,גברים,0.1
פולין,2016,שפעת,גברים,0.4
פולין,2017,שפעת,גברים,0.3
פולין,2018,שפעת,גברים,0.4
פולין,2019,שפעת,גברים,0.8
פולין,2020,שפעת,גברים,0.5
פולין,2021,שפעת,גברים,0
פולין,2022,שפעת,גברים,0.2
פולין,2023,שפעת,גברים,1.2
פולין,2024,שפעת,גברים,1.7
פולין,2000,שפעת,נשים,1.5
פולין,2001,שפעת,נשים,0.1
פולין,2002,שפעת,נשים,0.2
פולין,2003,שפעת,נשים,0.6
פולין,2004,שפעת,נשים,0.1
פולין,2005,שפעת,נשים,0.3
פולין,2006,שפעת,נשים,0
פולין,2007,שפעת,נשים,0.1
פולין,2008,שפעת,נשים,0
פולין,2009,שפעת,נשים,0.2
פולין,2010,שפעת,נשים,0
פולין,2011,שפעת,נשים,0.2
פולין,2012,שפעת,נשים,0
פולין,2013,שפעת,נשים,0.3
פולין,2014,שפעת,נשים,0
פולין,2015,שפעת,נשים,0
פולין,2016,שפעת,נשים,0.2
פולין,2017,שפעת,נשים,0.2
פולין,2018,שפעת,נשים,0.2
פולין,2019,שפעת,נשים,0.4
פולין,2020,שפעת,נשים,0.3
פולין,2021,שפעת,נשים,0
פולין,2022,שפעת,נשים,0.2
פולין,2023,שפעת,נשים,1
פולין,2024,שפעת,נשים,1.1
פולין,2000,שפעת,סך הכול,1.6
פולין,2001,שפעת,סך הכול,0.1
פולין,2002,שפעת,סך הכול,0.2
פולין,2003,שפעת,סך הכול,0.6
פולין,2004,שפעת,סך הכול,0.1
פולין,2005,שפעת,סך הכול,0.2
פולין,2006,שפעת,סך הכול,0.1
פולין,2007,שפעת,סך הכול,0.1
פולין,2008,שפעת,סך הכול,0
פולין,2009,שפעת,סך הכול,0.2
פולין,2010,שפעת,סך הכול,0.1
פולין,2011,שפעת,סך הכול,0.3
פולין,2012,שפעת,סך הכול,0
פולין,2013,שפעת,סך הכול,0.3
פולין,2014,שפעת,סך הכול,0
פולין,2015,שפעת,סך הכול,0
פולין,2016,שפעת,סך הכול,0.3
פולין,2017,שפעת,סך הכול,0.2
פולין,2018,שפעת,סך הכול,0.3
פולין,2019,שפעת,סך הכול,0.6
פולין,2020,שפעת,סך הכול,0.4
פולין,2021,שפעת,סך הכול,0
פולין,2022,שפעת,סך הכול,0.2
פולין,2023,שפעת,סך הכול,1.1
פולין,2024,שפעת,סך הכול,1.4
פולין,2000,תאונות דרכים,גברים,32.4
פולין,2001,תאונות דרכים,גברים,27.3
פולין,2002,תאונות דרכים,גברים,28.3
פולין,2003,תאונות דרכים,גברים,27
פולין,2004,תאונות דרכים,גברים,28
פולין,2005,תאונות דרכים,גברים,25.4
פולין,2006,תאונות דרכים,גברים,23.5
פולין,2007,תאונות דרכים,גברים,25.5
פולין,2008,תאונות דרכים,גברים,25
פולין,2009,תאונות דרכים,גברים,21.1
פולין,2010,תאונות דרכים,גברים,19
פולין,2011,תאונות דרכים,גברים,20.4
פולין,2012,תאונות דרכים,גברים,17.6
פולין,2013,תאונות דרכים,גברים,16.8
פולין,2014,תאונות דרכים,גברים,16.1
פולין,2015,תאונות דרכים,גברים,14.8
פולין,2016,תאונות דרכים,גברים,15.1
פולין,2017,תאונות דרכים,גברים,14.3
פולין,2018,תאונות דרכים,גברים,15.3
פולין,2019,תאונות דרכים,גברים,16
פולין,2020,תאונות דרכים,גברים,15.9
פולין,2021,תאונות דרכים,גברים,11.6
פולין,2022,תאונות דרכים,גברים,10.7
פולין,2023,תאונות דרכים,גברים,10.8
פולין,2024,תאונות דרכים,גברים,10.6
פולין,2000,תאונות דרכים,נשים,8.1
פולין,2001,תאונות דרכים,נשים,7.8
פולין,2002,תאונות דרכים,נשים,7.6
פולין,2003,תאונות דרכים,נשים,7.3
פולין,2004,תאונות דרכים,נשים,7.1
פולין,2005,תאונות דרכים,נשים,6.8
פולין,2006,תאונות דרכים,נשים,6.4
פולין,2007,תאונות דרכים,נשים,7
פולין,2008,תאונות דרכים,נשים,7.1
פולין,2009,תאונות דרכים,נשים,5.8
פולין,2010,תאונות דרכים,נשים,4.9
פולין,2011,תאונות דרכים,נשים,5.1
פולין,2012,תאונות דרכים,נשים,4.8
פולין,2013,תאונות דרכים,נשים,4.3
פולין,2014,תאונות דרכים,נשים,4.3
פולין,2015,תאונות דרכים,נשים,3.9
פולין,2016,תאונות דרכים,נשים,4.3
פולין,2017,תאונות דרכים,נשים,4.1
פולין,2018,תאונות דרכים,נשים,4.2
פולין,2019,תאונות דרכים,נשים,4.1
פולין,2020,תאונות דרכים,נשים,3.8
פולין,2021,תאונות דרכים,נשים,3.2
פולין,2022,תאונות דרכים,נשים,2.8
פולין,2023,תאונות דרכים,נשים,2.8
פולין,2024,תאונות דרכים,נשים,2.9
פולין,2000,תאונות דרכים,סך הכול,19.4
פולין,2001,תאונות דרכים,סך הכול,16.9
פולין,2002,תאונות דרכים,סך הכול,17.3
פולין,2003,תאונות דרכים,סך הכול,16.5
פולין,2004,תאונות דרכים,סך הכול,16.9
פולין,2005,תאונות דרכים,סך הכול,15.5
פולין,2006,תאונות דרכים,סך הכול,14.5
פולין,2007,תאונות דרכים,סך הכול,15.7
פולין,2008,תאונות דרכים,סך הכול,15.5
פולין,2009,תאונות דרכים,סך הכול,13
פולין,2010,תאונות דרכים,סך הכול,11.7
פולין,2011,תאונות דרכים,סך הכול,12.4
פולין,2012,תאונות דרכים,סך הכול,10.9
פולין,2013,תאונות דרכים,סך הכול,10.3
פולין,2014,תאונות דרכים,סך הכול,9.9
פולין,2015,תאונות דרכים,סך הכול,9.1
פולין,2016,תאונות דרכים,סך הכול,9.5
פולין,2017,תאונות דרכים,סך הכול,9
פולין,2018,תאונות דרכים,סך הכול,9.5
פולין,2019,תאונות דרכים,סך הכול,9.8
פולין,2020,תאונות דרכים,סך הכול,9.7
פולין,2021,תאונות דרכים,סך הכול,7.2
פולין,2022,תאונות דרכים,סך הכול,6.6
פולין,2023,תאונות דרכים,סך הכול,6.6
פולין,2024,תאונות דרכים,סך הכול,6.6
פולין,2000,תקיפה,גברים,3.4
פולין,2001,תקיפה,גברים,2.7
פולין,2002,תקיפה,גברים,2.7
פולין,2003,תקיפה,גברים,2.3
פולין,2004,תקיפה,גברים,2.4
פולין,2005,תקיפה,גברים,2.3
פולין,2006,תקיפה,גברים,2.2
פולין,2007,תקיפה,גברים,2.3
פולין,2008,תקיפה,גברים,1.9
פולין,2009,תקיפה,גברים,1.6
פולין,2010,תקיפה,גברים,1.3
פולין,2011,תקיפה,גברים,1.5
פולין,2012,תקיפה,גברים,1.4
פולין,2013,תקיפה,גברים,1.6
פולין,2014,תקיפה,גברים,1.3
פולין,2015,תקיפה,גברים,1.1
פולין,2016,תקיפה,גברים,1.1
פולין,2017,תקיפה,גברים,1
פולין,2018,תקיפה,גברים,0.8
פולין,2019,תקיפה,גברים,1
פולין,2020,תקיפה,גברים,0.8
פולין,2021,תקיפה,גברים,0.9
פולין,2022,תקיפה,גברים,0.7
פולין,2023,תקיפה,גברים,0.7
פולין,2024,תקיפה,גברים,0.8
פולין,2000,תקיפה,נשים,1.1
פולין,2001,תקיפה,נשים,1
פולין,2002,תקיפה,נשים,1
פולין,2003,תקיפה,נשים,0.9
פולין,2004,תקיפה,נשים,0.7
פולין,2005,תקיפה,נשים,0.7
פולין,2006,תקיפה,נשים,0.8
פולין,2007,תקיפה,נשים,0.6
פולין,2008,תקיפה,נשים,0.6
פולין,2009,תקיפה,נשים,0.6
פולין,2010,תקיפה,נשים,0.5
פולין,2011,תקיפה,נשים,0.6
פולין,2012,תקיפה,נשים,0.5
פולין,2013,תקיפה,נשים,0.6
פולין,2014,תקיפה,נשים,0.4
פולין,2015,תקיפה,נשים,0.4
פולין,2016,תקיפה,נשים,0.4
פולין,2017,תקיפה,נשים,0.4
פולין,2018,תקיפה,נשים,0.3
פולין,2019,תקיפה,נשים,0.3
פולין,2020,תקיפה,נשים,0.3
פולין,2021,תקיפה,נשים,0.3
פולין,2022,תקיפה,נשים,0.3
פולין,2023,תקיפה,נשים,0.3
פולין,2024,תקיפה,נשים,0.2
פולין,2000,תקיפה,סך הכול,2.2
פולין,2001,תקיפה,סך הכול,1.8
פולין,2002,תקיפה,סך הכול,1.8
פולין,2003,תקיפה,סך הכול,1.6
פולין,2004,תקיפה,סך הכול,1.5
פולין,2005,תקיפה,סך הכול,1.5
פולין,2006,תקיפה,סך הכול,1.5
פולין,2007,תקיפה,סך הכול,1.4
פולין,2008,תקיפה,סך הכול,1.3
פולין,2009,תקיפה,סך הכול,1.1
פולין,2010,תקיפה,סך הכול,0.9
פולין,2011,תקיפה,סך הכול,1
פולין,2012,תקיפה,סך הכול,1
פולין,2013,תקיפה,סך הכול,1.1
פולין,2014,תקיפה,סך הכול,0.9
פולין,2015,תקיפה,סך הכול,0.7
פולין,2016,תקיפה,סך הכול,0.7
פולין,2017,תקיפה,סך הכול,0.7
פולין,2018,תקיפה,סך הכול,0.5
פולין,2019,תקיפה,סך הכול,0.6
פולין,2020,תקיפה,סך הכול,0.6
פולין,2021,תקיפה,סך הכול,0.6
פולין,2022,תקיפה,סך הכול,0.5
פולין,2023,תקיפה,סך הכול,0.5
פולין,2024,תקיפה,סך הכול,0.5
פורטוגל,2000,גידולים,גברים,321
פורטוגל,2001,גידולים,גברים,317.3
פורטוגל,2002,גידולים,גברים,318.9
פורטוגל,2003,גידולים,גברים,322.2
פורטוגל,2007,גידולים,גברים,310.4
פורטוגל,2008,גידולים,גברים,313.7
פורטוגל,2009,גידולים,גברים,310.1
פורטוגל,2010,גידולים,גברים,314.8
פורטוגל,2011,גידולים,גברים,311.2
פורטוגל,2012,גידולים,גברים,312.5
פורטוגל,2013,גידולים,גברים,309.2
פורטוגל,2014,גידולים,גברים,308.6
פורטוגל,2015,גידולים,גברים,308.7
פורטוגל,2016,גידולים,גברים,311.7
פורטוגל,2017,גידולים,גברים,309.5
פורטוגל,2018,גידולים,גברים,307.9
פורטוגל,2019,גידולים,גברים,295.4
פורטוגל,2022,גידולים,גברים,268.2
פורטוגל,2023,גידולים,גברים,266.3
פורטוגל,2000,גידולים,נשים,161.8
פורטוגל,2001,גידולים,נשים,162.7
פורטוגל,2002,גידולים,נשים,160.9
פורטוגל,2003,גידולים,נשים,160.5
פורטוגל,2007,גידולים,נשים,154.4
פורטוגל,2008,גידולים,נשים,153.8
פורטוגל,2009,גידולים,נשים,155
פורטוגל,2010,גידולים,נשים,151.6
פורטוגל,2011,גידולים,נשים,153.7
פורטוגל,2012,גידולים,נשים,150.5
פורטוגל,2013,גידולים,נשים,148
פורטוגל,2014,גידולים,נשים,147.9
פורטוגל,2015,גידולים,נשים,148.1
פורטוגל,2016,גידולים,נשים,149.7
פורטוגל,2017,גידולים,נשים,148.3
פורטוגל,2018,גידולים,נשים,147.8
פורטוגל,2019,גידולים,נשים,148.8
פורטוגל,2022,גידולים,נשים,141.2
פורטוגל,2023,גידולים,נשים,139.6
פורטוגל,2000,גידולים,סך הכול,226.6
פורטוגל,2001,גידולים,סך הכול,225.9
פורטוגל,2002,גידולים,סך הכול,225.8
פורטוגל,2003,גידולים,סך הכול,227.2
פורטוגל,2007,גידולים,סך הכול,218.9
פורטוגל,2008,גידולים,סך הכול,220
פורטוגל,2009,גידולים,סך הכול,219
פורטוגל,2010,גידולים,סך הכול,219.1
פורטוגל,2011,גידולים,סך הכול,218.9
פורטוגל,2012,גידולים,סך הכול,217.3
פורטוגל,2013,גידולים,סך הכול,215
פורטוגל,2014,גידולים,סך הכול,214.4
פורטוגל,2015,גידולים,סך הכול,214.9
פורטוגל,2016,גידולים,סך הכול,217.1
פורטוגל,2017,גידולים,סך הכול,215.3
פורטוגל,2018,גידולים,סך הכול,214.6
פורטוגל,2019,גידולים,סך הכול,210.4
פורטוגל,2022,גידולים,סך הכול,195.5
פורטוגל,2023,גידולים,סך הכול,193.9
פורטוגל,2000,מחלות זיהומיות,גברים,34.5
פורטוגל,2001,מחלות זיהומיות,גברים,31.3
פורטוגל,2002,מחלות זיהומיות,גברים,30.7
פורטוגל,2003,מחלות זיהומיות,גברים,33
פורטוגל,2007,מחלות זיהומיות,גברים,30.8
פורטוגל,2008,מחלות זיהומיות,גברים,32.4
פורטוגל,2009,מחלות זיהומיות,גברים,30.8
פורטוגל,2010,מחלות זיהומיות,גברים,31.2
פורטוגל,2011,מחלות זיהומיות,גברים,25.7
פורטוגל,2012,מחלות זיהומיות,גברים,25.9
פורטוגל,2013,מחלות זיהומיות,גברים,25.9
פורטוגל,2014,מחלות זיהומיות,גברים,24
פורטוגל,2015,מחלות זיהומיות,גברים,21.4
פורטוגל,2016,מחלות זיהומיות,גברים,20.1
פורטוגל,2017,מחלות זיהומיות,גברים,19.4
פורטוגל,2018,מחלות זיהומיות,גברים,20.4
פורטוגל,2019,מחלות זיהומיות,גברים,17.3
פורטוגל,2022,מחלות זיהומיות,גברים,20.8
פורטוגל,2023,מחלות זיהומיות,גברים,18.4
פורטוגל,2000,מחלות זיהומיות,נשים,13.4
פורטוגל,2001,מחלות זיהומיות,נשים,9.9
פורטוגל,2002,מחלות זיהומיות,נשים,10.1
פורטוגל,2003,מחלות זיהומיות,נשים,13.9
פורטוגל,2007,מחלות זיהומיות,נשים,15.5
פורטוגל,2008,מחלות זיהומיות,נשים,17.2
פורטוגל,2009,מחלות זיהומיות,נשים,17.1
פורטוגל,2010,מחלות זיהומיות,נשים,16.4
פורטוגל,2011,מחלות זיהומיות,נשים,14
פורטוגל,2012,מחלות זיהומיות,נשים,14.1
פורטוגל,2013,מחלות זיהומיות,נשים,15
פורטוגל,2014,מחלות זיהומיות,נשים,13
פורטוגל,2015,מחלות זיהומיות,נשים,11.2
פורטוגל,2016,מחלות זיהומיות,נשים,11.8
פורטוגל,2017,מחלות זיהומיות,נשים,11.8
פורטוגל,2018,מחלות זיהומיות,נשים,11.2
פורטוגל,2019,מחלות זיהומיות,נשים,9.9
פורטוגל,2022,מחלות זיהומיות,נשים,13.6
פורטוגל,2023,מחלות זיהומיות,נשים,12
פורטוגל,2000,מחלות זיהומיות,סך הכול,23.1
פורטוגל,2001,מחלות זיהומיות,סך הכול,19.9
פורטוגל,2002,מחלות זיהומיות,סך הכול,19.7
פורטוגל,2003,מחלות זיהומיות,סך הכול,22.7
פורטוגל,2007,מחלות זיהומיות,סך הכול,22.7
פורטוגל,2008,מחלות זיהומיות,סך הכול,24
פורטוגל,2009,מחלות זיהומיות,סך הכול,23.3
פורטוגל,2010,מחלות זיהומיות,סך הכול,23.1
פורטוגל,2011,מחלות זיהומיות,סך הכול,19.3
פורטוגל,2012,מחלות זיהומיות,סך הכול,19.5
פורטוגל,2013,מחלות זיהומיות,סך הכול,19.9
פורטוגל,2014,מחלות זיהומיות,סך הכול,17.9
פורטוגל,2015,מחלות זיהומיות,סך הכול,15.9
פורטוגל,2016,מחלות זיהומיות,סך הכול,15.5
פורטוגל,2017,מחלות זיהומיות,סך הכול,15.2
פורטוגל,2018,מחלות זיהומיות,סך הכול,15.3
פורטוגל,2019,מחלות זיהומיות,סך הכול,13.1
פורטוגל,2022,מחלות זיהומיות,סך הכול,16.8
פורטוגל,2023,מחלות זיהומיות,סך הכול,14.9
פורטוגל,2000,מחלות כלי דם במוח,גברים,260.8
פורטוגל,2001,מחלות כלי דם במוח,גברים,245.8
פורטוגל,2002,מחלות כלי דם במוח,גברים,229.7
פורטוגל,2003,מחלות כלי דם במוח,גברים,221.1
פורטוגל,2007,מחלות כלי דם במוח,גברים,157.5
פורטוגל,2008,מחלות כלי דם במוח,גברים,149.2
פורטוגל,2009,מחלות כלי דם במוח,גברים,142.3
פורטוגל,2010,מחלות כלי דם במוח,גברים,139
פורטוגל,2011,מחלות כלי דם במוח,גברים,122.4
פורטוגל,2012,מחלות כלי דם במוח,גברים,124.8
פורטוגל,2013,מחלות כלי דם במוח,גברים,112.1
פורטוגל,2014,מחלות כלי דם במוח,גברים,104.4
פורטוגל,2015,מחלות כלי דם במוח,גברים,100.9
פורטוגל,2016,מחלות כלי דם במוח,גברים,98.9
פורטוגל,2017,מחלות כלי דם במוח,גברים,93.7
פורטוגל,2018,מחלות כלי דם במוח,גברים,91
פורטוגל,2019,מחלות כלי דם במוח,גברים,82.8
פורטוגל,2022,מחלות כלי דם במוח,גברים,66.1
פורטוגל,2023,מחלות כלי דם במוח,גברים,63
פורטוגל,2000,מחלות כלי דם במוח,נשים,214
פורטוגל,2001,מחלות כלי דם במוח,נשים,201.2
פורטוגל,2002,מחלות כלי דם במוח,נשים,189.2
פורטוגל,2003,מחלות כלי דם במוח,נשים,182.7
פורטוגל,2007,מחלות כלי דם במוח,נשים,128.2
פורטוגל,2008,מחלות כלי דם במוח,נשים,121.8
פורטוגל,2009,מחלות כלי דם במוח,נשים,116
פורטוגל,2010,מחלות כלי דם במוח,נשים,112.3
פורטוגל,2011,מחלות כלי דם במוח,נשים,99.3
פורטוגל,2012,מחלות כלי דם במוח,נשים,97
פורטוגל,2013,מחלות כלי דם במוח,נשים,85.3
פורטוגל,2014,מחלות כלי דם במוח,נשים,80.6
פורטוגל,2015,מחלות כלי דם במוח,נשים,78.6
פורטוגל,2016,מחלות כלי דם במוח,נשים,75.8
פורטוגל,2017,מחלות כלי דם במוח,נשים,70.6
פורטוגל,2018,מחלות כלי דם במוח,נשים,68.8
פורטוגל,2019,מחלות כלי דם במוח,נשים,62.8
פורטוגל,2022,מחלות כלי דם במוח,נשים,53.2
פורטוגל,2023,מחלות כלי דם במוח,נשים,49
פורטוגל,2000,מחלות כלי דם במוח,סך הכול,234.4
פורטוגל,2001,מחלות כלי דם במוח,סך הכול,220.2
פורטוגל,2002,מחלות כלי דם במוח,סך הכול,206.8
פורטוגל,2003,מחלות כלי דם במוח,סך הכול,199.3
פורטוגל,2007,מחלות כלי דם במוח,סך הכול,141.1
פורטוגל,2008,מחלות כלי דם במוח,סך הכול,134
פורטוגל,2009,מחלות כלי דם במוח,סך הכול,127.4
פורטוגל,2010,מחלות כלי דם במוח,סך הכול,123.8
פורטוגל,2011,מחלות כלי דם במוח,סך הכול,109.4
פורטוגל,2012,מחלות כלי דם במוח,סך הכול,108.8
פורטוגל,2013,מחלות כלי דם במוח,סך הכול,96.4
פורטוגל,2014,מחלות כלי דם במוח,סך הכול,90.7
פורטוגל,2015,מחלות כלי דם במוח,סך הכול,88.1
פורטוגל,2016,מחלות כלי דם במוח,סך הכול,85.6
פורטוגל,2017,מחלות כלי דם במוח,סך הכול,80.2
פורטוגל,2018,מחלות כלי דם במוח,סך הכול,78.2
פורטוגל,2019,מחלות כלי דם במוח,סך הכול,71.5
פורטוגל,2022,מחלות כלי דם במוח,סך הכול,59.1
פורטוגל,2023,מחלות כלי דם במוח,סך הכול,55.3
פורטוגל,2000,מחלות לב איסכמיות,גברים,128.9
פורטוגל,2001,מחלות לב איסכמיות,גברים,125.8
פורטוגל,2002,מחלות לב איסכמיות,גברים,131.2
פורטוגל,2003,מחלות לב איסכמיות,גברים,125.6
פורטוגל,2007,מחלות לב איסכמיות,גברים,98.6
פורטוגל,2008,מחלות לב איסכמיות,גברים,93.9
פורטוגל,2009,מחלות לב איסכמיות,גברים,87.7
פורטוגל,2010,מחלות לב איסכמיות,גברים,86
פורטוגל,2011,מחלות לב איסכמיות,גברים,78.6
פורטוגל,2012,מחלות לב איסכמיות,גברים,76.1
פורטוגל,2013,מחלות לב איסכמיות,גברים,75.6
פורטוגל,2014,מחלות לב איסכמיות,גברים,82.9
פורטוגל,2015,מחלות לב איסכמיות,גברים,79.1
פורטוגל,2016,מחלות לב איסכמיות,גברים,79.8
פורטוגל,2017,מחלות לב איסכמיות,גברים,78.6
פורטוגל,2018,מחלות לב איסכמיות,גברים,76.2
פורטוגל,2019,מחלות לב איסכמיות,גברים,72.3
פורטוגל,2022,מחלות לב איסכמיות,גברים,66.7
פורטוגל,2023,מחלות לב איסכמיות,גברים,60.7
פורטוגל,2000,מחלות לב איסכמיות,נשים,73
פורטוגל,2001,מחלות לב איסכמיות,נשים,71.1
פורטוגל,2002,מחלות לב איסכמיות,נשים,72.4
פורטוגל,2003,מחלות לב איסכמיות,נשים,75.8
פורטוגל,2007,מחלות לב איסכמיות,נשים,57.7
פורטוגל,2008,מחלות לב איסכמיות,נשים,53.6
פורטוגל,2009,מחלות לב איסכמיות,נשים,51.6
פורטוגל,2010,מחלות לב איסכמיות,נשים,48.3
פורטוגל,2011,מחלות לב איסכמיות,נשים,42.5
פורטוגל,2012,מחלות לב איסכמיות,נשים,42.1
פורטוגל,2013,מחלות לב איסכמיות,נשים,40.2
פורטוגל,2014,מחלות לב איסכמיות,נשים,40.3
פורטוגל,2015,מחלות לב איסכמיות,נשים,39.1
פורטוגל,2016,מחלות לב איסכמיות,נשים,37.3
פורטוגל,2017,מחלות לב איסכמיות,נשים,35.9
פורטוגל,2018,מחלות לב איסכמיות,נשים,34.6
פורטוגל,2019,מחלות לב איסכמיות,נשים,31.9
פורטוגל,2022,מחלות לב איסכמיות,נשים,28.5
פורטוגל,2023,מחלות לב איסכמיות,נשים,26.1
פורטוגל,2000,מחלות לב איסכמיות,סך הכול,96.7
פורטוגל,2001,מחלות לב איסכמיות,סך הכול,94.4
פורטוגל,2002,מחלות לב איסכמיות,סך הכול,97.7
פורטוגל,2003,מחלות לב איסכמיות,סך הכול,97.5
פורטוגל,2007,מחלות לב איסכמיות,סך הכול,75.2
פורטוגל,2008,מחלות לב איסכמיות,סך הכול,70.7
פורטוגל,2009,מחלות לב איסכמיות,סך הכול,67.1
פורטוגל,2010,מחלות לב איסכמיות,סך הכול,64.3
פורטוגל,2011,מחלות לב איסכמיות,סך הכול,57.7
פורטוגל,2012,מחלות לב איסכמיות,סך הכול,56.5
פורטוגל,2013,מחלות לב איסכמיות,סך הכול,55.1
פורטוגל,2014,מחלות לב איסכמיות,סך הכול,58.7
פורטוגל,2015,מחלות לב איסכמיות,סך הכול,56.4
פורטוגל,2016,מחלות לב איסכמיות,סך הכול,55.6
פורטוגל,2017,מחלות לב איסכמיות,סך הכול,54.3
פורטוגל,2018,מחלות לב איסכמיות,סך הכול,52.5
פורטוגל,2019,מחלות לב איסכמיות,סך הכול,49.5
פורטוגל,2022,מחלות לב איסכמיות,סך הכול,45.4
פורטוגל,2023,מחלות לב איסכמיות,סך הכול,41.6
פורטוגל,2000,מחלות מערכת הדם,גברים,526.9
פורטוגל,2001,מחלות מערכת הדם,גברים,504.8
פורטוגל,2002,מחלות מערכת הדם,גברים,500
פורטוגל,2003,מחלות מערכת הדם,גברים,488.8
פורטוגל,2007,מחלות מערכת הדם,גברים,369
פורטוגל,2008,מחלות מערכת הדם,גברים,356.1
פורטוגל,2009,מחלות מערכת הדם,גברים,344.2
פורטוגל,2010,מחלות מערכת הדם,גברים,337.3
פורטוגל,2011,מחלות מערכת הדם,גברים,301.8
פורטוגל,2012,מחלות מערכת הדם,גברים,306.3
פורטוגל,2013,מחלות מערכת הדם,גברים,292.2
פורטוגל,2014,מחלות מערכת הדם,גברים,297.4
פורטוגל,2015,מחלות מערכת הדם,גברים,288.3
פורטוגל,2016,מחלות מערכת הדם,גברים,286.4
פורטוגל,2017,מחלות מערכת הדם,גברים,278.3
פורטוגל,2018,מחלות מערכת הדם,גברים,277.8
פורטוגל,2019,מחלות מערכת הדם,גברים,256.3
פורטוגל,2022,מחלות מערכת הדם,גברים,229.2
פורטוגל,2023,מחלות מערכת הדם,גברים,214.4
פורטוגל,2000,מחלות מערכת הדם,נשים,401.9
פורטוגל,2001,מחלות מערכת הדם,נשים,386.6
פורטוגל,2002,מחלות מערכת הדם,נשים,380.1
פורטוגל,2003,מחלות מערכת הדם,נשים,379.9
פורטוגל,2007,מחלות מערכת הדם,נשים,287.4
פורטוגל,2008,מחלות מערכת הדם,נשים,276.8
פורטוגל,2009,מחלות מערכת הדם,נשים,265.3
פורטוגל,2010,מחלות מערכת הדם,נשים,256.4
פורטוגל,2011,מחלות מערכת הדם,נשים,231.8
פורטוגל,2012,מחלות מערכת הדם,נשים,233.2
פורטוגל,2013,מחלות מערכת הדם,נשים,216.3
פורטוגל,2014,מחלות מערכת הדם,נשים,213.5
פורטוגל,2015,מחלות מערכת הדם,נשים,210.8
פורטוגל,2016,מחלות מערכת הדם,נשים,206.2
פורטוגל,2017,מחלות מערכת הדם,נשים,197.8
פורטוגל,2018,מחלות מערכת הדם,נשים,195.2
פורטוגל,2019,מחלות מערכת הדם,נשים,180.7
פורטוגל,2022,מחלות מערכת הדם,נשים,170.1
פורטוגל,2023,מחלות מערכת הדם,נשים,155.6
פורטוגל,2000,מחלות מערכת הדם,סך הכול,455.7
פורטוגל,2001,מחלות מערכת הדם,סך הכול,437.3
פורטוגל,2002,מחלות מערכת הדם,סך הכול,432.2
פורטוגל,2003,מחלות מערכת הדם,סך הכול,427.4
פורטוגל,2007,מחלות מערכת הדם,סך הכול,323.4
פורטוגל,2008,מחלות מערכת הדם,סך הכול,311.6
פורטוגל,2009,מחלות מערכת הדם,סך הכול,299.7
פורטוגל,2010,מחלות מערכת הדם,סך הכול,291.2
פורטוגל,2011,מחלות מערכת הדם,סך הכול,262.4
פורטוגל,2012,מחלות מערכת הדם,סך הכול,265
פורטוגל,2013,מחלות מערכת הדם,סך הכול,248.7
פורטוגל,2014,מחלות מערכת הדם,סך הכול,249.7
פורטוגל,2015,מחלות מערכת הדם,סך הכול,244.7
פורטוגל,2016,מחלות מערכת הדם,סך הכול,241.3
פורטוגל,2017,מחלות מערכת הדם,סך הכול,232.7
פורטוגל,2018,מחלות מערכת הדם,סך הכול,230.9
פורטוגל,2019,מחלות מערכת הדם,סך הכול,214.3
פורטוגל,2022,מחלות מערכת הדם,סך הכול,197.4
פורטוגל,2023,מחלות מערכת הדם,סך הכול,182.4
פורטוגל,2000,מחלות מערכת הנשימה,גברים,162.5
פורטוגל,2001,מחלות מערכת הנשימה,גברים,141.3
פורטוגל,2002,מחלות מערכת הנשימה,גברים,145.7
פורטוגל,2003,מחלות מערכת הנשימה,גברים,147.2
פורטוגל,2007,מחלות מערכת הנשימה,גברים,149.6
פורטוגל,2008,מחלות מערכת הנשימה,גברים,151.5
פורטוגל,2009,מחלות מערכת הנשימה,גברים,152.6
פורטוגל,2010,מחלות מערכת הנשימה,גברים,143.8
פורטוגל,2011,מחלות מערכת הנשימה,גברים,140
פורטוגל,2012,מחלות מערכת הנשימה,גברים,153.6
פורטוגל,2013,מחלות מערכת הנשימה,גברים,140.9
פורטוגל,2014,מחלות מערכת הנשימה,גברים,132.8
פורטוגל,2015,מחלות מערכת הנשימה,גברים,138.2
פורטוגל,2016,מחלות מערכת הנשימה,גברים,139.8
פורטוגל,2017,מחלות מערכת הנשימה,גברים,126.8
פורטוגל,2018,מחלות מערכת הנשימה,גברים,129.8
פורטוגל,2019,מחלות מערכת הנשימה,גברים,108.6
פורטוגל,2022,מחלות מערכת הנשימה,גברים,99.7
פורטוגל,2023,מחלות מערכת הנשימה,גברים,106.2
פורטוגל,2000,מחלות מערכת הנשימה,נשים,84.8
פורטוגל,2001,מחלות מערכת הנשימה,נשים,68.6
פורטוגל,2002,מחלות מערכת הנשימה,נשים,68.7
פורטוגל,2003,מחלות מערכת הנשימה,נשים,71.7
פורטוגל,2007,מחלות מערכת הנשימה,נשים,76.8
פורטוגל,2008,מחלות מערכת הנשימה,נשים,80.4
פורטוגל,2009,מחלות מערכת הנשימה,נשים,83.1
פורטוגל,2010,מחלות מערכת הנשימה,נשים,76.2
פורטוגל,2011,מחלות מערכת הנשימה,נשים,73.7
פורטוגל,2012,מחלות מערכת הנשימה,נשים,86.5
פורטוגל,2013,מחלות מערכת הנשימה,נשים,74.2
פורטוגל,2014,מחלות מערכת הנשימה,נשים,69.7
פורטוגל,2015,מחלות מערכת הנשימה,נשים,77.5
פורטוגל,2016,מחלות מערכת הנשימה,נשים,72.6
פורטוגל,2017,מחלות מערכת הנשימה,נשים,68.8
פורטוגל,2018,מחלות מערכת הנשימה,נשים,68.2
פורטוגל,2019,מחלות מערכת הנשימה,נשים,59.2
פורטוגל,2022,מחלות מערכת הנשימה,נשים,56
פורטוגל,2023,מחלות מערכת הנשימה,נשים,60.1
פורטוגל,2000,מחלות מערכת הנשימה,סך הכול,114.7
פורטוגל,2001,מחלות מערכת הנשימה,סך הכול,96.7
פורטוגל,2002,מחלות מערכת הנשימה,סך הכול,98.1
פורטוגל,2003,מחלות מערכת הנשימה,סך הכול,100.6
פורטוגל,2007,מחלות מערכת הנשימה,סך הכול,104.5
פורטוגל,2008,מחלות מערכת הנשימה,סך הכול,107.5
פורטוגל,2009,מחלות מערכת הנשימה,סך הכול,109.7
פורטוגל,2010,מחלות מערכת הנשימה,סך הכול,102
פורטוגל,2011,מחלות מערכת הנשימה,סך הכול,99
פורטוגל,2012,מחלות מערכת הנשימה,סך הכול,112
פורטוגל,2013,מחלות מערכת הנשימה,סך הכול,99.4
פורטוגל,2014,מחלות מערכת הנשימה,סך הכול,93.5
פורטוגל,2015,מחלות מערכת הנשימה,סך הכול,100.6
פורטוגל,2016,מחלות מערכת הנשימה,סך הכול,98.3
פורטוגל,2017,מחלות מערכת הנשימה,סך הכול,90.8
פורטוגל,2018,מחלות מערכת הנשימה,סך הכול,91.9
פורטוגל,2019,מחלות מערכת הנשימה,סך הכול,78.8
פורטוגל,2022,מחלות מערכת הנשימה,סך הכול,73.8
פורטוגל,2023,מחלות מערכת הנשימה,סך הכול,79
פורטוגל,2000,נפילות,גברים,7.3
פורטוגל,2001,נפילות,גברים,8.9
פורטוגל,2002,נפילות,גברים,9.5
פורטוגל,2003,נפילות,גברים,11.1
פורטוגל,2007,נפילות,גברים,5.2
פורטוגל,2008,נפילות,גברים,4.7
פורטוגל,2009,נפילות,גברים,4.9
פורטוגל,2010,נפילות,גברים,4.5
פורטוגל,2011,נפילות,גברים,4
פורטוגל,2012,נפילות,גברים,4
פורטוגל,2013,נפילות,גברים,6.6
פורטוגל,2014,נפילות,גברים,7.6
פורטוגל,2015,נפילות,גברים,8.5
פורטוגל,2016,נפילות,גברים,8.9
פורטוגל,2017,נפילות,גברים,8.7
פורטוגל,2018,נפילות,גברים,9.1
פורטוגל,2019,נפילות,גברים,8.3
פורטוגל,2022,נפילות,גברים,10.1
פורטוגל,2000,נפילות,נשים,3.7
פורטוגל,2001,נפילות,נשים,5
פורטוגל,2002,נפילות,נשים,3.8
פורטוגל,2003,נפילות,נשים,6.9
פורטוגל,2007,נפילות,נשים,1.9
פורטוגל,2008,נפילות,נשים,2
פורטוגל,2009,נפילות,נשים,1.9
פורטוגל,2010,נפילות,נשים,1.8
פורטוגל,2011,נפילות,נשים,1.8
פורטוגל,2012,נפילות,נשים,1.7
פורטוגל,2013,נפילות,נשים,2.7
פורטוגל,2014,נפילות,נשים,3.1
פורטוגל,2015,נפילות,נשים,3.7
פורטוגל,2016,נפילות,נשים,4
פורטוגל,2017,נפילות,נשים,4.1
פורטוגל,2018,נפילות,נשים,3.6
פורטוגל,2019,נפילות,נשים,4.2
פורטוגל,2022,נפילות,נשים,4.7
פורטוגל,2000,נפילות,סך הכול,5.4
פורטוגל,2001,נפילות,סך הכול,6.9
פורטוגל,2002,נפילות,סך הכול,6.3
פורטוגל,2003,נפילות,סך הכול,8.9
פורטוגל,2007,נפילות,סך הכול,3.4
פורטוגל,2008,נפילות,סך הכול,3.2
פורטוגל,2009,נפילות,סך הכול,3.2
פורטוגל,2010,נפילות,סך הכול,3
פורטוגל,2011,נפילות,סך הכול,2.8
פורטוגל,2012,נפילות,סך הכול,2.7
פורטוגל,2013,נפילות,סך הכול,4.3
פורטוגל,2014,נפילות,סך הכול,4.9
פורטוגל,2015,נפילות,סך הכול,5.7
פורטוגל,2016,נפילות,סך הכול,6.1
פורטוגל,2017,נפילות,סך הכול,6.1
פורטוגל,2018,נפילות,סך הכול,5.9
פורטוגל,2019,נפילות,סך הכול,6
פורטוגל,2022,נפילות,סך הכול,7
פורטוגל,2000,סוכרת,גברים,33.5
פורטוגל,2001,סוכרת,גברים,41.8
פורטוגל,2002,סוכרת,גברים,45
פורטוגל,2003,סוכרת,גברים,48
פורטוגל,2007,סוכרת,גברים,44.5
פורטוגל,2008,סוכרת,גברים,41.6
פורטוגל,2009,סוכרת,גברים,44
פורטוגל,2010,סוכרת,גברים,43.5
פורטוגל,2011,סוכרת,גברים,40.1
פורטוגל,2012,סוכרת,גברים,44
פורטוגל,2013,סוכרת,גברים,38.8
פורטוגל,2014,סוכרת,גברים,36.9
פורטוגל,2015,סוכרת,גברים,37.1
פורטוגל,2016,סוכרת,גברים,35.9
פורטוגל,2017,סוכרת,גברים,32.3
פורטוגל,2018,סוכרת,גברים,33.5
פורטוגל,2019,סוכרת,גברים,28.4
פורטוגל,2022,סוכרת,גברים,25.2
פורטוגל,2023,סוכרת,גברים,21.2
פורטוגל,2000,סוכרת,נשים,32.2
פורטוגל,2001,סוכרת,נשים,39.2
פורטוגל,2002,סוכרת,נשים,43.4
פורטוגל,2003,סוכרת,נשים,42.8
פורטוגל,2007,סוכרת,נשים,36.2
פורטוגל,2008,סוכרת,נשים,35.1
פורטוגל,2009,סוכרת,נשים,37
פורטוגל,2010,סוכרת,נשים,37.1
פורטוגל,2011,סוכרת,נשים,34.4
פורטוגל,2012,סוכרת,נשים,35.3
פורטוגל,2013,סוכרת,נשים,32.9
פורטוגל,2014,סוכרת,נשים,29.4
פורטוגל,2015,סוכרת,נשים,29.7
פורטוגל,2016,סוכרת,נשים,28.9
פורטוגל,2017,סוכרת,נשים,27.4
פורטוגל,2018,סוכרת,נשים,27.3
פורטוגל,2019,סוכרת,נשים,22.8
פורטוגל,2022,סוכרת,נשים,21
פורטוגל,2023,סוכרת,נשים,18
פורטוגל,2000,סוכרת,סך הכול,32.9
פורטוגל,2001,סוכרת,סך הכול,40.6
פורטוגל,2002,סוכרת,סך הכול,44.7
פורטוגל,2003,סוכרת,סך הכול,45.1
פורטוגל,2007,סוכרת,סך הכול,39.8
פורטוגל,2008,סוכרת,סך הכול,38.1
פורטוגל,2009,סוכרת,סך הכול,40.1
פורטוגל,2010,סוכרת,סך הכול,40
פורטוגל,2011,סוכרת,סך הכול,37.1
פורטוגל,2012,סוכרת,סך הכול,38.9
פורטוגל,2013,סוכרת,סך הכול,35.5
פורטוגל,2014,סוכרת,סך הכול,32.7
פורטוגל,2015,סוכרת,סך הכול,33
פורטוגל,2016,סוכרת,סך הכול,31.9
פורטוגל,2017,סוכרת,סך הכול,29.6
פורטוגל,2018,סוכרת,סך הכול,30.1
פורטוגל,2019,סוכרת,סך הכול,25.3
פורטוגל,2022,סוכרת,סך הכול,22.9
פורטוגל,2023,סוכרת,סך הכול,19.5
פורטוגל,2022,קורונה,גברים,65
פורטוגל,2023,קורונה,גברים,21.1
פורטוגל,2022,קורונה,נשים,36.7
פורטוגל,2023,קורונה,נשים,11.2
פורטוגל,2022,קורונה,סך הכול,48.3
פורטוגל,2023,קורונה,סך הכול,15.2
פורטוגל,2000,שפעת,גברים,1
פורטוגל,2001,שפעת,גברים,0.2
פורטוגל,2002,שפעת,גברים,1
פורטוגל,2003,שפעת,גברים,0.3
פורטוגל,2007,שפעת,גברים,0.1
פורטוגל,2008,שפעת,גברים,0.2
פורטוגל,2009,שפעת,גברים,0.3
פורטוגל,2010,שפעת,גברים,0
פורטוגל,2011,שפעת,גברים,0.2
פורטוגל,2012,שפעת,גברים,0.4
פורטוגל,2013,שפעת,גברים,0.2
פורטוגל,2014,שפעת,גברים,0.2
פורטוגל,2015,שפעת,גברים,0.6
פורטוגל,2016,שפעת,גברים,1.2
פורטוגל,2017,שפעת,גברים,1.1
פורטוגל,2018,שפעת,גברים,1.7
פורטוגל,2019,שפעת,גברים,2.6
פורטוגל,2022,שפעת,גברים,1.8
פורטוגל,2000,שפעת,נשים,0.5
פורטוגל,2001,שפעת,נשים,0.1
פורטוגל,2002,שפעת,נשים,0.5
פורטוגל,2003,שפעת,נשים,0.1
פורטוגל,2007,שפעת,נשים,0.2
פורטוגל,2008,שפעת,נשים,0.1
פורטוגל,2009,שפעת,נשים,0.3
פורטוגל,2010,שפעת,נשים,0.1
פורטוגל,2011,שפעת,נשים,0.1
פורטוגל,2012,שפעת,נשים,0.3
פורטוגל,2013,שפעת,נשים,0.2
פורטוגל,2014,שפעת,נשים,0.2
פורטוגל,2015,שפעת,נשים,0.5
פורטוגל,2016,שפעת,נשים,0.8
פורטוגל,2017,שפעת,נשים,0.6
פורטוגל,2018,שפעת,נשים,1.4
פורטוגל,2019,שפעת,נשים,1.9
פורטוגל,2022,שפעת,נשים,1.5
פורטוגל,2000,שפעת,סך הכול,0.7
פורטוגל,2001,שפעת,סך הכול,0.2
פורטוגל,2002,שפעת,סך הכול,0.7
פורטוגל,2003,שפעת,סך הכול,0.2
פורטוגל,2007,שפעת,סך הכול,0.2
פורטוגל,2008,שפעת,סך הכול,0.2
פורטוגל,2009,שפעת,סך הכול,0.3
פורטוגל,2010,שפעת,סך הכול,0.1
פורטוגל,2011,שפעת,סך הכול,0.1
פורטוגל,2012,שפעת,סך הכול,0.4
פורטוגל,2013,שפעת,סך הכול,0.2
פורטוגל,2014,שפעת,סך הכול,0.2
פורטוגל,2015,שפעת,סך הכול,0.6
פורטוגל,2016,שפעת,סך הכול,1
פורטוגל,2017,שפעת,סך הכול,0.8
פורטוגל,2018,שפעת,סך הכול,1.5
פורטוגל,2019,שפעת,סך הכול,2.2
פורטוגל,2022,שפעת,סך הכול,1.6
פורטוגל,2000,תאונות דרכים,גברים,23.2
פורטוגל,2001,תאונות דרכים,גברים,29.2
פורטוגל,2002,תאונות דרכים,גברים,34.4
פורטוגל,2003,תאונות דרכים,גברים,31
פורטוגל,2007,תאונות דרכים,גברים,18.4
פורטוגל,2008,תאונות דרכים,גברים,16.1
פורטוגל,2009,תאונות דרכים,גברים,16.6
פורטוגל,2010,תאונות דרכים,גברים,15.2
פורטוגל,2011,תאונות דרכים,גברים,14.6
פורטוגל,2012,תאונות דרכים,גברים,11
פורטוגל,2013,תאונות דרכים,גברים,12
פורטוגל,2014,תאונות דרכים,גברים,13
פורטוגל,2015,תאונות דרכים,גברים,13
פורטוגל,2016,תאונות דרכים,גברים,11.2
פורטוגל,2017,תאונות דרכים,גברים,12.8
פורטוגל,2018,תאונות דרכים,גברים,12.8
פורטוגל,2019,תאונות דרכים,גברים,12.3
פורטוגל,2022,תאונות דרכים,גברים,11.6
פורטוגל,2000,תאונות דרכים,נשים,5.5
פורטוגל,2001,תאונות דרכים,נשים,8.5
פורטוגל,2002,תאונות דרכים,נשים,8.6
פורטוגל,2003,תאונות דרכים,נשים,7.8
פורטוגל,2007,תאונות דרכים,נשים,4.4
פורטוגל,2008,תאונות דרכים,נשים,4.4
פורטוגל,2009,תאונות דרכים,נשים,3.9
פורטוגל,2010,תאונות דרכים,נשים,4
פורטוגל,2011,תאונות דרכים,נשים,3.9
פורטוגל,2012,תאונות דרכים,נשים,2.7
פורטוגל,2013,תאונות דרכים,נשים,2.8
פורטוגל,2014,תאונות דרכים,נשים,2.6
פורטוגל,2015,תאונות דרכים,נשים,2.6
פורטוגל,2016,תאונות דרכים,נשים,2.7
פורטוגל,2017,תאונות דרכים,נשים,3
פורטוגל,2018,תאונות דרכים,נשים,2.6
פורטוגל,2019,תאונות דרכים,נשים,3.3
פורטוגל,2022,תאונות דרכים,נשים,2.7
פורטוגל,2000,תאונות דרכים,סך הכול,13.8
פורטוגל,2001,תאונות דרכים,סך הכול,18.4
פורטוגל,2002,תאונות דרכים,סך הכול,20.9
פורטוגל,2003,תאונות דרכים,סך הכול,18.7
פורטוגל,2007,תאונות דרכים,סך הכול,11.1
פורטוגל,2008,תאונות דרכים,סך הכול,9.9
פורטוגל,2009,תאונות דרכים,סך הכול,9.8
פורטוגל,2010,תאונות דרכים,סך הכול,9.2
פורטוגל,2011,תאונות דרכים,סך הכול,8.9
פורטוגל,2012,תאונות דרכים,סך הכול,6.6
פורטוגל,2013,תאונות דרכים,סך הכול,7
פורטוגל,2014,תאונות דרכים,סך הכול,7.4
פורטוגל,2015,תאונות דרכים,סך הכול,7.4
פורטוגל,2016,תאונות דרכים,סך הכול,6.7
פורטוגל,2017,תאונות דרכים,סך הכול,7.5
פורטוגל,2018,תאונות דרכים,סך הכול,7.3
פורטוגל,2019,תאונות דרכים,סך הכול,7.5
פורטוגל,2022,תאונות דרכים,סך הכול,6.9
פורטוגל,2000,תקיפה,גברים,1.3
פורטוגל,2001,תקיפה,גברים,1.9
פורטוגל,2002,תקיפה,גברים,2.4
פורטוגל,2003,תקיפה,גברים,2.6
פורטוגל,2007,תקיפה,גברים,1.6
פורטוגל,2008,תקיפה,גברים,2
פורטוגל,2009,תקיפה,גברים,1.4
פורטוגל,2010,תקיפה,גברים,1.7
פורטוגל,2011,תקיפה,גברים,1.3
פורטוגל,2012,תקיפה,גברים,1.6
פורטוגל,2013,תקיפה,גברים,1.2
פורטוגל,2014,תקיפה,גברים,1.1
פורטוגל,2015,תקיפה,גברים,1.4
פורטוגל,2016,תקיפה,גברים,1.2
פורטוגל,2017,תקיפה,גברים,1
פורטוגל,2018,תקיפה,גברים,1.1
פורטוגל,2019,תקיפה,גברים,1
פורטוגל,2022,תקיפה,גברים,1.4
פורטוגל,2000,תקיפה,נשים,0.6
פורטוגל,2001,תקיפה,נשים,0.6
פורטוגל,2002,תקיפה,נשים,1
פורטוגל,2003,תקיפה,נשים,0.7
פורטוגל,2007,תקיפה,נשים,0.6
פורטוגל,2008,תקיפה,נשים,0.8
פורטוגל,2009,תקיפה,נשים,0.5
פורטוגל,2010,תקיפה,נשים,0.8
פורטוגל,2011,תקיפה,נשים,0.6
פורטוגל,2012,תקיפה,נשים,0.7
פורטוגל,2013,תקיפה,נשים,0.6
פורטוגל,2014,תקיפה,נשים,1
פורטוגל,2015,תקיפה,נשים,0.6
פורטוגל,2016,תקיפה,נשים,0.4
פורטוגל,2017,תקיפה,נשים,0.4
פורטוגל,2018,תקיפה,נשים,0.5
פורטוגל,2019,תקיפה,נשים,0.7
פורטוגל,2022,תקיפה,נשים,0.5
פורטוגל,2000,תקיפה,סך הכול,0.9
פורטוגל,2001,תקיפה,סך הכול,1.3
פורטוגל,2002,תקיפה,סך הכול,1.7
פורטוגל,2003,תקיפה,סך הכול,1.6
פורטוגל,2007,תקיפה,סך הכול,1
פורטוגל,2008,תקיפה,סך הכול,1.4
פורטוגל,2009,תקיפה,סך הכול,1
פורטוגל,2010,תקיפה,סך הכול,1.2
פורטוגל,2011,תקיפה,סך הכול,0.9
פורטוגל,2012,תקיפה,סך הכול,1.1
פורטוגל,2013,תקיפה,סך הכול,0.9
פורטוגל,2014,תקיפה,סך הכול,1
פורטוגל,2015,תקיפה,סך הכול,1
פורטוגל,2016,תקיפה,סך הכול,0.8
פורטוגל,2017,תקיפה,סך הכול,0.7
פורטוגל,2018,תקיפה,סך הכול,0.7
פורטוגל,2019,תקיפה,סך הכול,0.8
פורטוגל,2022,תקיפה,סך הכול,0.9
פינלנד,2000,גידולים,גברים,300.4
פינלנד,2001,גידולים,גברים,304.4
פינלנד,2002,גידולים,גברים,292.5
פינלנד,2003,גידולים,גברים,287.1
פינלנד,2004,גידולים,גברים,286.4
פינלנד,2005,גידולים,גברים,275.8
פינלנד,2006,גידולים,גברים,280.3
פינלנד,2007,גידולים,גברים,268.7
פינלנד,2008,גידולים,גברים,258.9
פינלנד,2009,גידולים,גברים,260.1
פינלנד,2010,גידולים,גברים,263.8
פינלנד,2011,גידולים,גברים,257.1
פינלנד,2012,גידולים,גברים,253
פינלנד,2013,גידולים,גברים,250.1
פינלנד,2014,גידולים,גברים,247
פינלנד,2015,גידולים,גברים,245.4
פינלנד,2016,גידולים,גברים,245.4
פינלנד,2017,גידולים,גברים,242.2
פינלנד,2018,גידולים,גברים,234.3
פינלנד,2019,גידולים,גברים,236.6
פינלנד,2020,גידולים,גברים,232.5
פינלנד,2021,גידולים,גברים,232.1
פינלנד,2022,גידולים,גברים,220
פינלנד,2023,גידולים,גברים,228.6
פינלנד,2024,גידולים,גברים,220.5
פינלנד,2000,גידולים,נשים,180.2
פינלנד,2001,גידולים,נשים,176.1
פינלנד,2002,גידולים,נשים,170.9
פינלנד,2003,גידולים,נשים,173.7
פינלנד,2004,גידולים,נשים,169.2
פינלנד,2005,גידולים,נשים,168.8
פינלנד,2006,גידולים,נשים,164.1
פינלנד,2007,גידולים,נשים,163.9
פינלנד,2008,גידולים,נשים,165.1
פינלנד,2009,גידולים,נשים,160.2
פינלנד,2010,גידולים,נשים,165.7
פינלנד,2011,גידולים,נשים,163.5
פינלנד,2012,גידולים,נשים,163.1
פינלנד,2013,גידולים,נשים,162.3
פינלנד,2014,גידולים,נשים,158.4
פינלנד,2015,גידולים,נשים,157.4
פינלנד,2016,גידולים,נשים,159.6
פינלנד,2017,גידולים,נשים,157.4
פינלנד,2018,גידולים,נשים,154.2
פינלנד,2019,גידולים,נשים,155
פינלנד,2020,גידולים,נשים,154.2
פינלנד,2021,גידולים,נשים,150.7
פינלנד,2022,גידולים,נשים,153.1
פינלנד,2023,גידולים,נשים,150.8
פינלנד,2024,גידולים,נשים,146.3
פינלנד,2000,גידולים,סך הכול,221.8
פינלנד,2001,גידולים,סך הכול,220.1
פינלנד,2002,גידולים,סך הכול,214.2
פינלנד,2003,גידולים,סך הכול,214.6
פינלנד,2004,גידולים,סך הכול,211.6
פינלנד,2005,גידולים,סך הכול,207.8
פינלנד,2006,גידולים,סך הכול,206.7
פינלנד,2007,גידולים,סך הכול,202.9
פינלנד,2008,גידולים,סך הכול,200.7
פינלנד,2009,גידולים,סך הכול,197.9
פינלנד,2010,גידולים,סך הכול,203.6
פינלנד,2011,גידולים,סך הכול,199.5
פינלנד,2012,גידולים,סך הכול,198.1
פינלנד,2013,גידולים,סך הכול,196.6
פינלנד,2014,גידולים,סך הכול,193
פינלנד,2015,גידולים,סך הכול,192.2
פינלנד,2016,גידולים,סך הכול,193.8
פינלנד,2017,גידולים,סך הכול,191.4
פינלנד,2018,גידולים,סך הכול,187.1
פינלנד,2019,גידולים,סך הכול,188.4
פינלנד,2020,גידולים,סך הכול,186.7
פינלנד,2021,גידולים,סך הכול,184.7
פינלנד,2022,גידולים,סך הכול,180.8
פינלנד,2023,גידולים,סך הכול,183
פינלנד,2024,גידולים,סך הכול,177.7
פינלנד,2000,מחלות זיהומיות,גברים,10.5
פינלנד,2001,מחלות זיהומיות,גברים,10.1
פינלנד,2002,מחלות זיהומיות,גברים,10.4
פינלנד,2003,מחלות זיהומיות,גברים,9.2
פינלנד,2004,מחלות זיהומיות,גברים,8.5
פינלנד,2005,מחלות זיהומיות,גברים,9
פינלנד,2006,מחלות זיהומיות,גברים,8.1
פינלנד,2007,מחלות זיהומיות,גברים,11.1
פינלנד,2008,מחלות זיהומיות,גברים,9.1
פינלנד,2009,מחלות זיהומיות,גברים,9.5
פינלנד,2010,מחלות זיהומיות,גברים,9.7
פינלנד,2011,מחלות זיהומיות,גברים,8.6
פינלנד,2012,מחלות זיהומיות,גברים,7.3
פינלנד,2013,מחלות זיהומיות,גברים,6.4
פינלנד,2014,מחלות זיהומיות,גברים,5.7
פינלנד,2015,מחלות זיהומיות,גברים,5.3
פינלנד,2016,מחלות זיהומיות,גברים,5.8
פינלנד,2017,מחלות זיהומיות,גברים,5.4
פינלנד,2018,מחלות זיהומיות,גברים,4.4
פינלנד,2019,מחלות זיהומיות,גברים,3.6
פינלנד,2020,מחלות זיהומיות,גברים,3.3
פינלנד,2021,מחלות זיהומיות,גברים,3.3
פינלנד,2022,מחלות זיהומיות,גברים,3.8
פינלנד,2023,מחלות זיהומיות,גברים,3.1
פינלנד,2024,מחלות זיהומיות,גברים,3.1
פינלנד,2000,מחלות זיהומיות,נשים,7.6
פינלנד,2001,מחלות זיהומיות,נשים,6.2
פינלנד,2002,מחלות זיהומיות,נשים,6.6
פינלנד,2003,מחלות זיהומיות,נשים,6.9
פינלנד,2004,מחלות זיהומיות,נשים,6.1
פינלנד,2005,מחלות זיהומיות,נשים,6
פינלנד,2006,מחלות זיהומיות,נשים,5.5
פינלנד,2007,מחלות זיהומיות,נשים,7.2
פינלנד,2008,מחלות זיהומיות,נשים,7.2
פינלנד,2009,מחלות זיהומיות,נשים,6.5
פינלנד,2010,מחלות זיהומיות,נשים,6.5
פינלנד,2011,מחלות זיהומיות,נשים,5.8
פינלנד,2012,מחלות זיהומיות,נשים,3.9
פינלנד,2013,מחלות זיהומיות,נשים,4
פינלנד,2014,מחלות זיהומיות,נשים,4.5
פינלנד,2015,מחלות זיהומיות,נשים,3.1
פינלנד,2016,מחלות זיהומיות,נשים,2.6
פינלנד,2017,מחלות זיהומיות,נשים,3.6
פינלנד,2018,מחלות זיהומיות,נשים,3
פינלנד,2019,מחלות זיהומיות,נשים,2.7
פינלנד,2020,מחלות זיהומיות,נשים,2.6
פינלנד,2021,מחלות זיהומיות,נשים,2.6
פינלנד,2022,מחלות זיהומיות,נשים,2.7
פינלנד,2023,מחלות זיהומיות,נשים,2.3
פינלנד,2024,מחלות זיהומיות,נשים,2
פינלנד,2000,מחלות זיהומיות,סך הכול,8.6
פינלנד,2001,מחלות זיהומיות,סך הכול,7.8
פינלנד,2002,מחלות זיהומיות,סך הכול,8
פינלנד,2003,מחלות זיהומיות,סך הכול,7.9
פינלנד,2004,מחלות זיהומיות,סך הכול,7
פינלנד,2005,מחלות זיהומיות,סך הכול,7.4
פינלנד,2006,מחלות זיהומיות,סך הכול,6.4
פינלנד,2007,מחלות זיהומיות,סך הכול,8.6
פינלנד,2008,מחלות זיהומיות,סך הכול,8
פינלנד,2009,מחלות זיהומיות,סך הכול,7.7
פינלנד,2010,מחלות זיהומיות,סך הכול,7.6
פינלנד,2011,מחלות זיהומיות,סך הכול,6.9
פינלנד,2012,מחלות זיהומיות,סך הכול,5.1
פינלנד,2013,מחלות זיהומיות,סך הכול,5.1
פינלנד,2014,מחלות זיהומיות,סך הכול,5
פינלנד,2015,מחלות זיהומיות,סך הכול,4
פינלנד,2016,מחלות זיהומיות,סך הכול,3.9
פינלנד,2017,מחלות זיהומיות,סך הכול,4.3
פינלנד,2018,מחלות זיהומיות,סך הכול,3.6
פינלנד,2019,מחלות זיהומיות,סך הכול,3.1
פינלנד,2020,מחלות זיהומיות,סך הכול,2.9
פינלנד,2021,מחלות זיהומיות,סך הכול,2.9
פינלנד,2022,מחלות זיהומיות,סך הכול,3.2
פינלנד,2023,מחלות זיהומיות,סך הכול,2.6
פינלנד,2024,מחלות זיהומיות,סך הכול,2.4
פינלנד,2000,מחלות כלי דם במוח,גברים,122.7
פינלנד,2001,מחלות כלי דם במוח,גברים,120.7
פינלנד,2002,מחלות כלי דם במוח,גברים,110.3
פינלנד,2003,מחלות כלי דם במוח,גברים,114.5
פינלנד,2004,מחלות כלי דם במוח,גברים,105.9
פינלנד,2005,מחלות כלי דם במוח,גברים,101.4
פינלנד,2006,מחלות כלי דם במוח,גברים,97.5
פינלנד,2007,מחלות כלי דם במוח,גברים,95.6
פינלנד,2008,מחלות כלי דם במוח,גברים,87.3
פינלנד,2009,מחלות כלי דם במוח,גברים,86.5
פינלנד,2010,מחלות כלי דם במוח,גברים,81.3
פינלנד,2011,מחלות כלי דם במוח,גברים,82.8
פינלנד,2012,מחלות כלי דם במוח,גברים,82
פינלנד,2013,מחלות כלי דם במוח,גברים,79.6
פינלנד,2014,מחלות כלי דם במוח,גברים,74.7
פינלנד,2015,מחלות כלי דם במוח,גברים,72.5
פינלנד,2016,מחלות כלי דם במוח,גברים,70.9
פינלנד,2017,מחלות כלי דם במוח,גברים,64.9
פינלנד,2018,מחלות כלי דם במוח,גברים,65.7
פינלנד,2019,מחלות כלי דם במוח,גברים,63.5
פינלנד,2020,מחלות כלי דם במוח,גברים,63
פינלנד,2021,מחלות כלי דם במוח,גברים,57.2
פינלנד,2022,מחלות כלי דם במוח,גברים,59.3
פינלנד,2023,מחלות כלי דם במוח,גברים,57.7
פינלנד,2024,מחלות כלי דם במוח,גברים,53.6
פינלנד,2000,מחלות כלי דם במוח,נשים,106.8
פינלנד,2001,מחלות כלי דם במוח,נשים,98.6
פינלנד,2002,מחלות כלי דם במוח,נשים,99.5
פינלנד,2003,מחלות כלי דם במוח,נשים,94.9
פינלנד,2004,מחלות כלי דם במוח,נשים,88.3
פינלנד,2005,מחלות כלי דם במוח,נשים,81.8
פינלנד,2006,מחלות כלי דם במוח,נשים,81.6
פינלנד,2007,מחלות כלי דם במוח,נשים,73.7
פינלנד,2008,מחלות כלי דם במוח,נשים,70.7
פינלנד,2009,מחלות כלי דם במוח,נשים,71.3
פינלנד,2010,מחלות כלי דם במוח,נשים,67
פינלנד,2011,מחלות כלי דם במוח,נשים,65.4
פינלנד,2012,מחלות כלי דם במוח,נשים,68.1
פינלנד,2013,מחלות כלי דם במוח,נשים,63.5
פינלנד,2014,מחלות כלי דם במוח,נשים,63.8
פינלנד,2015,מחלות כלי דם במוח,נשים,59.2
פינלנד,2016,מחלות כלי דם במוח,נשים,59.6
פינלנד,2017,מחלות כלי דם במוח,נשים,53.2
פינלנד,2018,מחלות כלי דם במוח,נשים,51.4
פינלנד,2019,מחלות כלי דם במוח,נשים,49.1
פינלנד,2020,מחלות כלי דם במוח,נשים,48.2
פינלנד,2021,מחלות כלי דם במוח,נשים,48.4
פינלנד,2022,מחלות כלי דם במוח,נשים,46.1
פינלנד,2023,מחלות כלי דם במוח,נשים,44.3
פינלנד,2024,מחלות כלי דם במוח,נשים,41.7
פינלנד,2000,מחלות כלי דם במוח,סך הכול,113.9
פינלנד,2001,מחלות כלי דם במוח,סך הכול,108.1
פינלנד,2002,מחלות כלי דם במוח,סך הכול,105.4
פינלנד,2003,מחלות כלי דם במוח,סך הכול,103.7
פינלנד,2004,מחלות כלי דם במוח,סך הכול,96.2
פינלנד,2005,מחלות כלי דם במוח,סך הכול,90.6
פינלנד,2006,מחלות כלי דם במוח,סך הכול,89.1
פינלנד,2007,מחלות כלי דם במוח,סך הכול,83
פינלנד,2008,מחלות כלי דם במוח,סך הכול,78.4
פינלנד,2009,מחלות כלי דם במוח,סך הכול,78.5
פינלנד,2010,מחלות כלי דם במוח,סך הכול,73.7
פינלנד,2011,מחלות כלי דם במוח,סך הכול,73.4
פינלנד,2012,מחלות כלי דם במוח,סך הכול,74
פינלנד,2013,מחלות כלי דם במוח,סך הכול,70.9
פינלנד,2014,מחלות כלי דם במוח,סך הכול,69.2
פינלנד,2015,מחלות כלי דם במוח,סך הכול,65.5
פינלנד,2016,מחלות כלי דם במוח,סך הכול,65.2
פינלנד,2017,מחלות כלי דם במוח,סך הכול,58.8
פינלנד,2018,מחלות כלי דם במוח,סך הכול,57.7
פינלנד,2019,מחלות כלי דם במוח,סך הכול,55.6
פינלנד,2020,מחלות כלי דם במוח,סך הכול,55
פינלנד,2021,מחלות כלי דם במוח,סך הכול,52.5
פינלנד,2022,מחלות כלי דם במוח,סך הכול,52.1
פינלנד,2023,מחלות כלי דם במוח,סך הכול,50.2
פינלנד,2024,מחלות כלי דם במוח,סך הכול,46.9
פינלנד,2000,מחלות לב איסכמיות,גברים,402
פינלנד,2001,מחלות לב איסכמיות,גברים,377.9
פינלנד,2002,מחלות לב איסכמיות,גברים,375.9
פינלנד,2003,מחלות לב איסכמיות,גברים,354.1
פינלנד,2004,מחלות לב איסכמיות,גברים,337.2
פינלנד,2005,מחלות לב איסכמיות,גברים,328.4
פינלנד,2006,מחלות לב איסכמיות,גברים,325.2
פינלנד,2007,מחלות לב איסכמיות,גברים,314.4
פינלנד,2008,מחלות לב איסכמיות,גברים,295.5
פינלנד,2009,מחלות לב איסכמיות,גברים,291.7
פינלנד,2010,מחלות לב איסכמיות,גברים,290
פינלנד,2011,מחלות לב איסכמיות,גברים,270.1
פינלנד,2012,מחלות לב איסכמיות,גברים,256.1
פינלנד,2013,מחלות לב איסכמיות,גברים,236.8
פינלנד,2014,מחלות לב איסכמיות,גברים,226.9
פינלנד,2015,מחלות לב איסכמיות,גברים,221.3
פינלנד,2016,מחלות לב איסכמיות,גברים,219.8
פינלנד,2017,מחלות לב איסכמיות,גברים,205.9
פינלנד,2018,מחלות לב איסכמיות,גברים,198.1
פינלנד,2019,מחלות לב איסכמיות,גברים,176
פינלנד,2020,מחלות לב איסכמיות,גברים,173.9
פינלנד,2021,מחלות לב איסכמיות,גברים,173.4
פינלנד,2022,מחלות לב איסכמיות,גברים,172.4
פינלנד,2023,מחלות לב איסכמיות,גברים,167
פינלנד,2024,מחלות לב איסכמיות,גברים,147.7
פינלנד,2000,מחלות לב איסכמיות,נשים,215.3
פינלנד,2001,מחלות לב איסכמיות,נשים,205.4
פינלנד,2002,מחלות לב איסכמיות,נשים,209.2
פינלנד,2003,מחלות לב איסכמיות,נשים,197.2
פינלנד,2004,מחלות לב איסכמיות,נשים,176.3
פינלנד,2005,מחלות לב איסכמיות,נשים,177.2
פינלנד,2006,מחלות לב איסכמיות,נשים,166.3
פינלנד,2007,מחלות לב איסכמיות,נשים,165.9
פינלנד,2008,מחלות לב איסכמיות,נשים,161.5
פינלנד,2009,מחלות לב איסכמיות,נשים,147.5
פינלנד,2010,מחלות לב איסכמיות,נשים,145.8
פינלנד,2011,מחלות לב איסכמיות,נשים,132
פינלנד,2012,מחלות לב איסכמיות,נשים,130.6
פינלנד,2013,מחלות לב איסכמיות,נשים,120.5
פינלנד,2014,מחלות לב איסכמיות,נשים,113.4
פינלנד,2015,מחלות לב איסכמיות,נשים,107.8
פינלנד,2016,מחלות לב איסכמיות,נשים,101.6
פינלנד,2017,מחלות לב איסכמיות,נשים,97.3
פינלנד,2018,מחלות לב איסכמיות,נשים,89.1
פינלנד,2019,מחלות לב איסכמיות,נשים,79.9
פינלנד,2020,מחלות לב איסכמיות,נשים,75.4
פינלנד,2021,מחלות לב איסכמיות,נשים,74.8
פינלנד,2022,מחלות לב איסכמיות,נשים,72.6
פינלנד,2023,מחלות לב איסכמיות,נשים,67.4
פינלנד,2024,מחלות לב איסכמיות,נשים,60.1
פינלנד,2000,מחלות לב איסכמיות,סך הכול,289.3
פינלנד,2001,מחלות לב איסכמיות,סך הכול,273.6
פינלנד,2002,מחלות לב איסכמיות,סך הכול,275.8
פינלנד,2003,מחלות לב איסכמיות,סך הכול,261
פינלנד,2004,מחלות לב איסכמיות,סך הכול,241.2
פינלנד,2005,מחלות לב איסכמיות,סך הכול,238.1
פינלנד,2006,מחלות לב איסכמיות,סך הכול,229.7
פינלנד,2007,מחלות לב איסכמיות,סך הכול,225.9
פינלנד,2008,מחלות לב איסכמיות,סך הכול,217
פינלנד,2009,מחלות לב איסכמיות,סך הכול,206.5
פינלנד,2010,מחלות לב איסכמיות,סך הכול,204.3
פינלנד,2011,מחלות לב איסכמיות,סך הכול,188.3
פינלנד,2012,מחלות לב איסכמיות,סך הכול,182.2
פינלנד,2013,מחלות לב איסכמיות,סך הכול,168.7
פינלנד,2014,מחלות לב איסכמיות,סך הכול,161.1
פינלנד,2015,מחלות לב איסכמיות,סך הכול,154.9
פינלנד,2016,מחלות לב איסכמיות,סך הכול,150.9
פינלנד,2017,מחלות לב איסכמיות,סך הכול,142.8
פינלנד,2018,מחלות לב איסכמיות,סך הכול,134.5
פינלנד,2019,מחלות לב איסכמיות,סך הכול,120
פינלנד,2020,מחלות לב איסכמיות,סך הכול,117.2
פינלנד,2021,מחלות לב איסכמיות,סך הכול,116.6
פינלנד,2022,מחלות לב איסכמיות,סך הכול,114.9
פינלנד,2023,מחלות לב איסכמיות,סך הכול,109.1
פינלנד,2024,מחלות לב איסכמיות,סך הכול,97.4
פינלנד,2000,מחלות מערכת הדם,גברים,618.1
פינלנד,2001,מחלות מערכת הדם,גברים,589.4
פינלנד,2002,מחלות מערכת הדם,גברים,577.8
פינלנד,2003,מחלות מערכת הדם,גברים,561.9
פינלנד,2004,מחלות מערכת הדם,גברים,533.3
פינלנד,2005,מחלות מערכת הדם,גברים,514.5
פינלנד,2006,מחלות מערכת הדם,גברים,512.2
פינלנד,2007,מחלות מערכת הדם,גברים,503.3
פינלנד,2008,מחלות מערכת הדם,גברים,478.6
פינלנד,2009,מחלות מערכת הדם,גברים,475.4
פינלנד,2010,מחלות מערכת הדם,גברים,466.2
פינלנד,2011,מחלות מערכת הדם,גברים,445.9
פינלנד,2012,מחלות מערכת הדם,גברים,430
פינלנד,2013,מחלות מערכת הדם,גברים,406
פינלנד,2014,מחלות מערכת הדם,גברים,390.7
פינלנד,2015,מחלות מערכת הדם,גברים,379.7
פינלנד,2016,מחלות מערכת הדם,גברים,380.2
פינלנד,2017,מחלות מערכת הדם,גברים,360.7
פינלנד,2018,מחלות מערכת הדם,גברים,353.8
פינלנד,2019,מחלות מערכת הדם,גברים,332.8
פינלנד,2020,מחלות מערכת הדם,גברים,332.7
פינלנד,2021,מחלות מערכת הדם,גברים,326.1
פינלנד,2022,מחלות מערכת הדם,גברים,334.4
פינלנד,2023,מחלות מערכת הדם,גברים,330.8
פינלנד,2024,מחלות מערכת הדם,גברים,304.1
פינלנד,2000,מחלות מערכת הדם,נשים,387.5
פינלנד,2001,מחלות מערכת הדם,נשים,368.9
פינלנד,2002,מחלות מערכת הדם,נשים,372.6
פינלנד,2003,מחלות מערכת הדם,נשים,353.9
פינלנד,2004,מחלות מערכת הדם,נשים,323.8
פינלנד,2005,מחלות מערכת הדם,נשים,318.8
פינלנד,2006,מחלות מערכת הדם,נשים,307.1
פינלנד,2007,מחלות מערכת הדם,נשים,302.1
פינלנד,2008,מחלות מערכת הדם,נשים,295.9
פינלנד,2009,מחלות מערכת הדם,נשים,283.8
פינלנד,2010,מחלות מערכת הדם,נשים,277.9
פינלנד,2011,מחלות מערכת הדם,נשים,264.5
פינלנד,2012,מחלות מערכת הדם,נשים,263.6
פינלנד,2013,מחלות מערכת הדם,נשים,246.2
פינלנד,2014,מחלות מערכת הדם,נשים,242.3
פינלנד,2015,מחלות מערכת הדם,נשים,231.7
פינלנד,2016,מחלות מערכת הדם,נשים,227.3
פינלנד,2017,מחלות מערכת הדם,נשים,215.3
פינלנד,2018,מחלות מערכת הדם,נשים,206.7
פינלנד,2019,מחלות מערכת הדם,נשים,197.8
פינלנד,2020,מחלות מערכת הדם,נשים,192.8
פינלנד,2021,מחלות מערכת הדם,נשים,194.2
פינלנד,2022,מחלות מערכת הדם,נשים,197.1
פינלנד,2023,מחלות מערכת הדם,נשים,191.5
פינלנד,2024,מחלות מערכת הדם,נשים,177.3
פינלנד,2000,מחלות מערכת הדם,סך הכול,480.8
פינלנד,2001,מחלות מערכת הדם,סך הכול,458.4
פינלנד,2002,מחלות מערכת הדם,סך הכול,457.9
פינלנד,2003,מחלות מערכת הדם,סך הכול,440.5
פינלנד,2004,מחלות מערכת הדם,סך הכול,410.2
פינלנד,2005,מחלות מערכת הדם,סך הכול,400.7
פינלנד,2006,מחלות מערכת הדם,סך הכול,391.4
פינלנד,2007,מחלות מערכת הדם,סך הכול,386.2
פינלנד,2008,מחלות מערכת הדם,סך הכול,374.3
פינלנד,2009,מחלות מערכת הדם,סך הכול,364.7
פינלנד,2010,מחלות מערכת הדם,סך הכול,357.9
פינלנד,2011,מחלות מערכת הדם,סך הכול,342
פינלנד,2012,מחלות מערכת הדם,סך הכול,334.4
פינלנד,2013,מחלות מערכת הדם,סך הכול,315.1
פינלנד,2014,מחלות מערכת הדם,סך הכול,307
פינלנד,2015,מחלות מערכת הדם,סך הכול,296
פינלנד,2016,מחלות מערכת הדם,סך הכול,293.5
פינלנד,2017,מחלות מערכת הדם,סך הכול,278.6
פינלנד,2018,מחלות מערכת הדם,סך הכול,270.3
פינלנד,2019,מחלות מערכת הדם,סך הכול,256.4
פינלנד,2020,מחלות מערכת הדם,סך הכול,254.3
פינלנד,2021,מחלות מערכת הדם,סך הכול,252.1
פינלנד,2022,מחלות מערכת הדם,סך הכול,257.5
פינלנד,2023,מחלות מערכת הדם,סך הכול,251.7
פינלנד,2024,מחלות מערכת הדם,סך הכול,233
פינלנד,2000,מחלות מערכת הנשימה,גברים,161.9
פינלנד,2001,מחלות מערכת הנשימה,גברים,137.2
פינלנד,2002,מחלות מערכת הנשימה,גברים,136.9
פינלנד,2003,מחלות מערכת הנשימה,גברים,126.2
פינלנד,2004,מחלות מערכת הנשימה,גברים,102.9
פינלנד,2005,מחלות מערכת הנשימה,גברים,84.1
פינלנד,2006,מחלות מערכת הנשימה,גברים,74.9
פינלנד,2007,מחלות מערכת הנשימה,גברים,71.7
פינלנד,2008,מחלות מערכת הנשימה,גברים,61.9
פינלנד,2009,מחלות מערכת הנשימה,גברים,65.7
פינלנד,2010,מחלות מערכת הנשימה,גברים,57.5
פינלנד,2011,מחלות מערכת הנשימה,גברים,57.1
פינלנד,2012,מחלות מערכת הנשימה,גברים,54
פינלנד,2013,מחלות מערכת הנשימה,גברים,49.6
פינלנד,2014,מחלות מערכת הנשימה,גברים,46.4
פינלנד,2015,מחלות מערכת הנשימה,גברים,45.6
פינלנד,2016,מחלות מערכת הנשימה,גברים,48.2
פינלנד,2017,מחלות מערכת הנשימה,גברים,46.4
פינלנד,2018,מחלות מערכת הנשימה,גברים,46.5
פינלנד,2019,מחלות מערכת הנשימה,גברים,41.5
פינלנד,2020,מחלות מערכת הנשימה,גברים,37.5
פינלנד,2021,מחלות מערכת הנשימה,גברים,35.2
פינלנד,2022,מחלות מערכת הנשימה,גברים,38.4
פינלנד,2023,מחלות מערכת הנשימה,גברים,39.5
פינלנד,2024,מחלות מערכת הנשימה,גברים,36.4
פינלנד,2000,מחלות מערכת הנשימה,נשים,67.5
פינלנד,2001,מחלות מערכת הנשימה,נשים,60.2
פינלנד,2002,מחלות מערכת הנשימה,נשים,58.1
פינלנד,2003,מחלות מערכת הנשימה,נשים,54.9
פינלנד,2004,מחלות מערכת הנשימה,נשים,42.4
פינלנד,2005,מחלות מערכת הנשימה,נשים,31.8
פינלנד,2006,מחלות מערכת הנשימה,נשים,23.5
פינלנד,2007,מחלות מערכת הנשימה,נשים,25.4
פינלנד,2008,מחלות מערכת הנשימה,נשים,22.5
פינלנד,2009,מחלות מערכת הנשימה,נשים,24.9
פינלנד,2010,מחלות מערכת הנשימה,נשים,21.3
פינלנד,2011,מחלות מערכת הנשימה,נשים,21.1
פינלנד,2012,מחלות מערכת הנשימה,נשים,20.8
פינלנד,2013,מחלות מערכת הנשימה,נשים,18.5
פינלנד,2014,מחלות מערכת הנשימה,נשים,17.7
פינלנד,2015,מחלות מערכת הנשימה,נשים,19.6
פינלנד,2016,מחלות מערכת הנשימה,נשים,21.5
פינלנד,2017,מחלות מערכת הנשימה,נשים,19.9
פינלנד,2018,מחלות מערכת הנשימה,נשים,22.1
פינלנד,2019,מחלות מערכת הנשימה,נשים,18.1
פינלנד,2020,מחלות מערכת הנשימה,נשים,14.5
פינלנד,2021,מחלות מערכת הנשימה,נשים,15.1
פינלנד,2022,מחלות מערכת הנשימה,נשים,15.8
פינלנד,2023,מחלות מערכת הנשימה,נשים,18.4
פינלנד,2024,מחלות מערכת הנשימה,נשים,16.7
פינלנד,2000,מחלות מערכת הנשימה,סך הכול,98
פינלנד,2001,מחלות מערכת הנשימה,סך הכול,85.4
פינלנד,2002,מחלות מערכת הנשימה,סך הכול,84.4
פינלנד,2003,מחלות מערכת הנשימה,סך הכול,78.7
פינלנד,2004,מחלות מערכת הנשימה,סך הכול,62.4
פינלנד,2005,מחלות מערכת הנשימה,סך הכול,49.6
פינלנד,2006,מחלות מערכת הנשימה,סך הכול,41.1
פינלנד,2007,מחלות מערכת הנשימה,סך הכול,42
פינלנד,2008,מחלות מערכת הנשימה,סך הכול,36.1
פינלנד,2009,מחלות מערכת הנשימה,סך הכול,39.2
פינלנד,2010,מחלות מערכת הנשימה,סך הכול,34.3
פינלנד,2011,מחלות מערכת הנשימה,סך הכול,34.2
פינלנד,2012,מחלות מערכת הנשימה,סך הכול,33.1
פינלנד,2013,מחלות מערכת הנשימה,סך הכול,30.2
פינלנד,2014,מחלות מערכת הנשימה,סך הכול,28.7
פינלנד,2015,מחלות מערכת הנשימה,סך הכול,29.6
פינלנד,2016,מחלות מערכת הנשימה,סך הכול,31.9
פינלנד,2017,מחלות מערכת הנשימה,סך הכול,30.3
פינלנד,2018,מחלות מערכת הנשימה,סך הכול,31.9
פינלנד,2019,מחלות מערכת הנשימה,סך הכול,27.5
פינלנד,2020,מחלות מערכת הנשימה,סך הכול,23.8
פינלנד,2021,מחלות מערכת הנשימה,סך הכול,23.2
פינלנד,2022,מחלות מערכת הנשימה,סך הכול,25.1
פינלנד,2023,מחלות מערכת הנשימה,סך הכול,26.9
פינלנד,2024,מחלות מערכת הנשימה,סך הכול,25
פינלנד,2000,נפילות,גברים,32.9
פינלנד,2001,נפילות,גברים,32
פינלנד,2002,נפילות,גברים,32.5
פינלנד,2003,נפילות,גברים,37.3
פינלנד,2004,נפילות,גברים,32.8
פינלנד,2005,נפילות,גברים,37
פינלנד,2006,נפילות,גברים,32
פינלנד,2007,נפילות,גברים,30.6
פינלנד,2008,נפילות,גברים,31
פינלנד,2009,נפילות,גברים,32.8
פינלנד,2010,נפילות,גברים,28.9
פינלנד,2011,נפילות,גברים,30.9
פינלנד,2012,נפילות,גברים,26.5
פינלנד,2013,נפילות,גברים,25.3
פינלנד,2014,נפילות,גברים,24.6
פינלנד,2015,נפילות,גברים,24.1
פינלנד,2016,נפילות,גברים,25.3
פינלנד,2017,נפילות,גברים,27.7
פינלנד,2018,נפילות,גברים,25.1
פינלנד,2019,נפילות,גברים,22.6
פינלנד,2020,נפילות,גברים,23.4
פינלנד,2021,נפילות,גברים,22.8
פינלנד,2022,נפילות,גברים,23.5
פינלנד,2023,נפילות,גברים,25
פינלנד,2024,נפילות,גברים,24.5
פינלנד,2000,נפילות,נשים,17.6
פינלנד,2001,נפילות,נשים,16.8
פינלנד,2002,נפילות,נשים,18.3
פינלנד,2003,נפילות,נשים,17.7
פינלנד,2004,נפילות,נשים,16.8
פינלנד,2005,נפילות,נשים,16.7
פינלנד,2006,נפילות,נשים,15.9
פינלנד,2007,נפילות,נשים,14.7
פינלנד,2008,נפילות,נשים,14.8
פינלנד,2009,נפילות,נשים,13.8
פינלנד,2010,נפילות,נשים,14.8
פינלנד,2011,נפילות,נשים,13.9
פינלנד,2012,נפילות,נשים,13.6
פינלנד,2013,נפילות,נשים,12.6
פינלנד,2014,נפילות,נשים,13.4
פינלנד,2015,נפילות,נשים,12.6
פינלנד,2016,נפילות,נשים,12.5
פינלנד,2017,נפילות,נשים,11.8
פינלנד,2018,נפילות,נשים,12.5
פינלנד,2019,נפילות,נשים,12.4
פינלנד,2020,נפילות,נשים,10.7
פינלנד,2021,נפילות,נשים,11.8
פינלנד,2022,נפילות,נשים,12
פינלנד,2023,נפילות,נשים,11.9
פינלנד,2024,נפילות,נשים,11.4
פינלנד,2000,נפילות,סך הכול,23.6
פינלנד,2001,נפילות,סך הכול,22.8
פינלנד,2002,נפילות,סך הכול,24.3
פינלנד,2003,נפילות,סך הכול,25.2
פינלנד,2004,נפילות,סך הכול,23.3
פינלנד,2005,נפילות,סך הכול,24.8
פינלנד,2006,נפילות,סך הכול,22.9
פינלנד,2007,נפילות,סך הכול,21.1
פינלנד,2008,נפילות,סך הכול,21.3
פינלנד,2009,נפילות,סך הכול,21.2
פינלנד,2010,נפילות,סך הכול,20.7
פינלנד,2011,נפילות,סך הכול,20.5
פינלנד,2012,נפילות,סך הכול,19.1
פינלנד,2013,נפילות,סך הכול,18
פינלנד,2014,נפילות,סך הכול,17.9
פינלנד,2015,נפילות,סך הכול,17.5
פינלנד,2016,נפילות,סך הכול,17.9
פינלנד,2017,נפילות,סך הכול,18.1
פינלנד,2018,נפילות,סך הכול,17.7
פינלנד,2019,נפילות,סך הכול,16.7
פינלנד,2020,נפילות,סך הכול,15.8
פינלנד,2021,נפילות,סך הכול,16.5
פינלנד,2022,נפילות,סך הכול,16.7
פינלנד,2023,נפילות,סך הכול,17.2
פינלנד,2024,נפילות,סך הכול,17
פינלנד,2000,סוכרת,גברים,12.2
פינלנד,2001,סוכרת,גברים,13.9
פינלנד,2002,סוכרת,גברים,14.3
פינלנד,2003,סוכרת,גברים,11.4
פינלנד,2004,סוכרת,גברים,12.7
פינלנד,2005,סוכרת,גברים,14
פינלנד,2006,סוכרת,גברים,11
פינלנד,2007,סוכרת,גברים,12.6
פינלנד,2008,סוכרת,גברים,12.1
פינלנד,2009,סוכרת,גברים,9.9
פינלנד,2010,סוכרת,גברים,9.8
פינלנד,2011,סוכרת,גברים,11.3
פינלנד,2012,סוכרת,גברים,11
פינלנד,2013,סוכרת,גברים,10.2
פינלנד,2014,סוכרת,גברים,10.5
פינלנד,2015,סוכרת,גברים,9.6
פינלנד,2016,סוכרת,גברים,11.2
פינלנד,2017,סוכרת,גברים,11.7
פינלנד,2018,סוכרת,גברים,10.9
פינלנד,2019,סוכרת,גברים,10.9
פינלנד,2020,סוכרת,גברים,12.7
פינלנד,2021,סוכרת,גברים,12.8
פינלנד,2022,סוכרת,גברים,14
פינלנד,2023,סוכרת,גברים,12.8
פינלנד,2024,סוכרת,גברים,12.5
פינלנד,2000,סוכרת,נשים,11.8
פינלנד,2001,סוכרת,נשים,9.4
פינלנד,2002,סוכרת,נשים,9.1
פינלנד,2003,סוכרת,נשים,9.8
פינלנד,2004,סוכרת,נשים,9.1
פינלנד,2005,סוכרת,נשים,7.2
פינלנד,2006,סוכרת,נשים,7.2
פינלנד,2007,סוכרת,נשים,7.8
פינלנד,2008,סוכרת,נשים,8.1
פינלנד,2009,סוכרת,נשים,6.2
פינלנד,2010,סוכרת,נשים,6.1
פינלנד,2011,סוכרת,נשים,5.9
פינלנד,2012,סוכרת,נשים,5.8
פינלנד,2013,סוכרת,נשים,6.1
פינלנד,2014,סוכרת,נשים,6
פינלנד,2015,סוכרת,נשים,6.1
פינלנד,2016,סוכרת,נשים,6.1
פינלנד,2017,סוכרת,נשים,6
פינלנד,2018,סוכרת,נשים,5.8
פינלנד,2019,סוכרת,נשים,6.9
פינלנד,2020,סוכרת,נשים,6.8
פינלנד,2021,סוכרת,נשים,6.6
פינלנד,2022,סוכרת,נשים,6.5
פינלנד,2023,סוכרת,נשים,6.7
פינלנד,2024,סוכרת,נשים,6.5
פינלנד,2000,סוכרת,סך הכול,12.4
פינלנד,2001,סוכרת,סך הכול,11.2
פינלנד,2002,סוכרת,סך הכול,11.3
פינלנד,2003,סוכרת,סך הכול,10.7
פינלנד,2004,סוכרת,סך הכול,10.9
פינלנד,2005,סוכרת,סך הכול,10.1
פינלנד,2006,סוכרת,סך הכול,9
פינלנד,2007,סוכרת,סך הכול,9.9
פינלנד,2008,סוכרת,סך הכול,9.9
פינלנד,2009,סוכרת,סך הכול,7.8
פינלנד,2010,סוכרת,סך הכול,7.9
פינלנד,2011,סוכרת,סך הכול,8.1
פינלנד,2012,סוכרת,סך הכול,8.2
פינלנד,2013,סוכרת,סך הכול,8
פינלנד,2014,סוכרת,סך הכול,7.9
פינלנד,2015,סוכרת,סך הכול,7.6
פינלנד,2016,סוכרת,סך הכול,8.3
פינלנד,2017,סוכרת,סך הכול,8.5
פינלנד,2018,סוכרת,סך הכול,8.1
פינלנד,2019,סוכרת,סך הכול,8.6
פינלנד,2020,סוכרת,סך הכול,9.6
פינלנד,2021,סוכרת,סך הכול,9.4
פינלנד,2022,סוכרת,סך הכול,9.9
פינלנד,2023,סוכרת,סך הכול,9.4
פינלנד,2024,סוכרת,סך הכול,9.1
פינלנד,2020,קורונה,גברים,9.9
פינלנד,2021,קורונה,גברים,17.8
פינלנד,2022,קורונה,גברים,76.5
פינלנד,2023,קורונה,גברים,42.1
פינלנד,2024,קורונה,גברים,12.4
פינלנד,2020,קורונה,נשים,5.9
פינלנד,2021,קורונה,נשים,9.3
פינלנד,2022,קורונה,נשים,43.1
פינלנד,2023,קורונה,נשים,19.6
פינלנד,2024,קורונה,נשים,5.6
פינלנד,2020,קורונה,סך הכול,7.7
פינלנד,2021,קורונה,סך הכול,13
פינלנד,2022,קורונה,סך הכול,56.4
פינלנד,2023,קורונה,סך הכול,28.2
פינלנד,2024,קורונה,סך הכול,8.3
פינלנד,2000,שפעת,גברים,4.5
פינלנד,2001,שפעת,גברים,1
פינלנד,2002,שפעת,גברים,0.9
פינלנד,2003,שפעת,גברים,1.3
פינלנד,2004,שפעת,גברים,0.6
פינלנד,2005,שפעת,גברים,0.8
פינלנד,2006,שפעת,גברים,0.2
פינלנד,2007,שפעת,גברים,0.2
פינלנד,2008,שפעת,גברים,0.2
פינלנד,2009,שפעת,גברים,0.4
פינלנד,2010,שפעת,גברים,0.1
פינלנד,2011,שפעת,גברים,0.7
פינלנד,2012,שפעת,גברים,0.6
פינלנד,2013,שפעת,גברים,0.4
פינלנד,2014,שפעת,גברים,0.3
פינלנד,2015,שפעת,גברים,2.2
פינלנד,2016,שפעת,גברים,3.2
פינלנד,2017,שפעת,גברים,3.3
פינלנד,2018,שפעת,גברים,4.7
פינלנד,2019,שפעת,גברים,1.8
פינלנד,2020,שפעת,גברים,0.8
פינלנד,2022,שפעת,גברים,0.4
פינלנד,2023,שפעת,גברים,1
פינלנד,2024,שפעת,גברים,0.8
פינלנד,2000,שפעת,נשים,3.4
פינלנד,2001,שפעת,נשים,0.4
פינלנד,2002,שפעת,נשים,0.6
פינלנד,2003,שפעת,נשים,1.6
פינלנד,2004,שפעת,נשים,1.1
פינלנד,2005,שפעת,נשים,0.5
פינלנד,2006,שפעת,נשים,0.3
פינלנד,2007,שפעת,נשים,0.4
פינלנד,2008,שפעת,נשים,0.2
פינלנד,2009,שפעת,נשים,0.2
פינלנד,2010,שפעת,נשים,0.1
פינלנד,2011,שפעת,נשים,0.4
פינלנד,2012,שפעת,נשים,0.6
פינלנד,2013,שפעת,נשים,0.4
פינלנד,2014,שפעת,נשים,0.4
פינלנד,2015,שפעת,נשים,1.5
פינלנד,2016,שפעת,נשים,2.2
פינלנד,2017,שפעת,נשים,2.3
פינלנד,2018,שפעת,נשים,4.2
פינלנד,2019,שפעת,נשים,1.4
פינלנד,2020,שפעת,נשים,0.3
פינלנד,2021,שפעת,נשים,0
פינלנד,2022,שפעת,נשים,0.4
פינלנד,2023,שפעת,נשים,0.9
פינלנד,2024,שפעת,נשים,0.6
פינלנד,2000,שפעת,סך הכול,3.7
פינלנד,2001,שפעת,סך הכול,0.6
פינלנד,2002,שפעת,סך הכול,0.7
פינלנד,2003,שפעת,סך הכול,1.5
פינלנד,2004,שפעת,סך הכול,0.9
פינלנד,2005,שפעת,סך הכול,0.6
פינלנד,2006,שפעת,סך הכול,0.3
פינלנד,2007,שפעת,סך הכול,0.3
פינלנד,2008,שפעת,סך הכול,0.2
פינלנד,2009,שפעת,סך הכול,0.3
פינלנד,2010,שפעת,סך הכול,0.1
פינלנד,2011,שפעת,סך הכול,0.5
פינלנד,2012,שפעת,סך הכול,0.6
פינלנד,2013,שפעת,סך הכול,0.5
פינלנד,2014,שפעת,סך הכול,0.4
פינלנד,2015,שפעת,סך הכול,1.8
פינלנד,2016,שפעת,סך הכול,2.6
פינלנד,2017,שפעת,סך הכול,2.6
פינלנד,2018,שפעת,סך הכול,4.4
פינלנד,2019,שפעת,סך הכול,1.5
פינלנד,2020,שפעת,סך הכול,0.5
פינלנד,2021,שפעת,סך הכול,0
פינלנד,2022,שפעת,סך הכול,0.4
פינלנד,2023,שפעת,סך הכול,0.9
פינלנד,2024,שפעת,סך הכול,0.7
פינלנד,2000,תאונות דרכים,גברים,16.3
פינלנד,2001,תאונות דרכים,גברים,17.4
פינלנד,2002,תאונות דרכים,גברים,17.4
פינלנד,2003,תאונות דרכים,גברים,15.8
פינלנד,2004,תאונות דרכים,גברים,14.5
פינלנד,2005,תאונות דרכים,גברים,16
פינלנד,2006,תאונות דרכים,גברים,14.2
פינלנד,2007,תאונות דרכים,גברים,14.8
פינלנד,2008,תאונות דרכים,גברים,13.9
פינלנד,2009,תאונות דרכים,גברים,11.6
פינלנד,2010,תאונות דרכים,גברים,10.6
פינלנד,2011,תאונות דרכים,גברים,10.3
פינלנד,2012,תאונות דרכים,גברים,8.3
פינלנד,2013,תאונות דרכים,גברים,9.5
פינלנד,2014,תאונות דרכים,גברים,9.2
פינלנד,2015,תאונות דרכים,גברים,8.5
פינלנד,2016,תאונות דרכים,גברים,8.7
פינלנד,2017,תאונות דרכים,גברים,8.5
פינלנד,2018,תאונות דרכים,גברים,8.3
פינלנד,2019,תאונות דרכים,גברים,7.9
פינלנד,2020,תאונות דרכים,גברים,7.7
פינלנד,2021,תאונות דרכים,גברים,7.9
פינלנד,2022,תאונות דרכים,גברים,6.1
פינלנד,2023,תאונות דרכים,גברים,5.4
פינלנד,2024,תאונות דרכים,גברים,6.2
פינלנד,2000,תאונות דרכים,נשים,5.3
פינלנד,2001,תאונות דרכים,נשים,5.6
פינלנד,2002,תאונות דרכים,נשים,4.8
פינלנד,2003,תאונות דרכים,נשים,5
פינלנד,2004,תאונות דרכים,נשים,5
פינלנד,2005,תאונות דרכים,נשים,3.8
פינלנד,2006,תאונות דרכים,נשים,3.7
פינלנד,2007,תאונות דרכים,נשים,4.3
פינלנד,2008,תאונות דרכים,נשים,3.2
פינלנד,2009,תאונות דרכים,נשים,3
פינלנד,2010,תאונות דרכים,נשים,2.7
פינלנד,2011,תאונות דרכים,נשים,2.7
פינלנד,2012,תאונות דרכים,נשים,2.6
פינלנד,2013,תאונות דרכים,נשים,2.6
פינלנד,2014,תאונות דרכים,נשים,2.5
פינלנד,2015,תאונות דרכים,נשים,2.6
פינלנד,2016,תאונות דרכים,נשים,1.7
פינלנד,2017,תאונות דרכים,נשים,1.9
פינלנד,2018,תאונות דרכים,נשים,2.1
פינלנד,2019,תאונות דרכים,נשים,1.7
פינלנד,2020,תאונות דרכים,נשים,1.6
פינלנד,2021,תאונות דרכים,נשים,1.6
פינלנד,2022,תאונות דרכים,נשים,1.9
פינלנד,2023,תאונות דרכים,נשים,1.4
פינלנד,2024,תאונות דרכים,נשים,1.3
פינלנד,2000,תאונות דרכים,סך הכול,10.2
פינלנד,2001,תאונות דרכים,סך הכול,11
פינלנד,2002,תאונות דרכים,סך הכול,10.6
פינלנד,2003,תאונות דרכים,סך הכול,10.1
פינלנד,2004,תאונות דרכים,סך הכול,9.5
פינלנד,2005,תאונות דרכים,סך הכול,9.4
פינלנד,2006,תאונות דרכים,סך הכול,8.6
פינלנד,2007,תאונות דרכים,סך הכול,9.2
פינלנד,2008,תאונות דרכים,סך הכול,8.1
פינלנד,2009,תאונות דרכים,סך הכול,7
פינלנד,2010,תאונות דרכים,סך הכול,6.5
פינלנד,2011,תאונות דרכים,סך הכול,6.4
פינלנד,2012,תאונות דרכים,סך הכול,5.3
פינלנד,2013,תאונות דרכים,סך הכול,5.9
פינלנד,2014,תאונות דרכים,סך הכול,5.7
פינלנד,2015,תאונות דרכים,סך הכול,5.4
פינלנד,2016,תאונות דרכים,סך הכול,5.1
פינלנד,2017,תאונות דרכים,סך הכול,5
פינלנד,2018,תאונות דרכים,סך הכול,5.1
פינלנד,2019,תאונות דרכים,סך הכול,4.7
פינלנד,2020,תאונות דרכים,סך הכול,4.6
פינלנד,2021,תאונות דרכים,סך הכול,4.6
פינלנד,2022,תאונות דרכים,סך הכול,4
פינלנד,2023,תאונות דרכים,סך הכול,3.3
פינלנד,2024,תאונות דרכים,סך הכול,3.6
פינלנד,2000,תקיפה,גברים,3.7
פינלנד,2001,תקיפה,גברים,4
פינלנד,2002,תקיפה,גברים,3.4
פינלנד,2003,תקיפה,גברים,2.6
פינלנד,2004,תקיפה,גברים,3.7
פינלנד,2005,תקיפה,גברים,2.7
פינלנד,2006,תקיפה,גברים,2.8
פינלנד,2007,תקיפה,גברים,2.7
פינלנד,2008,תקיפה,גברים,2.9
פינלנד,2009,תקיפה,גברים,2.9
פינלנד,2010,תקיפה,גברים,3
פינלנד,2011,תקיפה,גברים,2.4
פינלנד,2012,תקיפה,גברים,1.4
פינלנד,2013,תקיפה,גברים,2.2
פינלנד,2014,תקיפה,גברים,1.8
פינלנד,2015,תקיפה,גברים,2
פינלנד,2016,תקיפה,גברים,1.7
פינלנד,2017,תקיפה,גברים,1.2
פינלנד,2018,תקיפה,גברים,1.8
פינלנד,2019,תקיפה,גברים,1.5
פינלנד,2020,תקיפה,גברים,2.1
פינלנד,2021,תקיפה,גברים,1.5
פינלנד,2022,תקיפה,גברים,1.5
פינלנד,2023,תקיפה,גברים,1.1
פינלנד,2024,תקיפה,גברים,1.5
פינלנד,2000,תקיפה,נשים,1.6
פינלנד,2001,תקיפה,נשים,1.8
פינלנד,2002,תקיפה,נשים,1.7
פינלנד,2003,תקיפה,נשים,1.1
פינלנד,2004,תקיפה,נשים,1.1
פינלנד,2005,תקיפה,נשים,1.1
פינלנד,2006,תקיפה,נשים,1.1
פינלנד,2007,תקיפה,נשים,1.6
פינלנד,2008,תקיפה,נשים,1.5
פינלנד,2009,תקיפה,נשים,1
פינלנד,2010,תקיפה,נשים,0.9
פינלנד,2011,תקיפה,נשים,1.3
פינלנד,2012,תקיפה,נשים,1.3
פינלנד,2013,תקיפה,נשים,0.7
פינלנד,2014,תקיפה,נשים,1
פינלנד,2015,תקיפה,נשים,0.6
פינלנד,2016,תקיפה,נשים,0.6
פינלנד,2017,תקיפה,נשים,0.9
פינלנד,2018,תקיפה,נשים,0.6
פינלנד,2019,תקיפה,נשים,0.8
פינלנד,2020,תקיפה,נשים,0.6
פינלנד,2021,תקיפה,נשים,0.8
פינלנד,2022,תקיפה,נשים,0.7
פינלנד,2023,תקיפה,נשים,0.7
פינלנד,2024,תקיפה,נשים,0.8
פינלנד,2000,תקיפה,סך הכול,2.6
פינלנד,2001,תקיפה,סך הכול,2.9
פינלנד,2002,תקיפה,סך הכול,2.6
פינלנד,2003,תקיפה,סך הכול,1.8
פינלנד,2004,תקיפה,סך הכול,2.4
פינלנד,2005,תקיפה,סך הכול,1.9
פינלנד,2006,תקיפה,סך הכול,2
פינלנד,2007,תקיפה,סך הכול,2.2
פינלנד,2008,תקיפה,סך הכול,2.2
פינלנד,2009,תקיפה,סך הכול,1.9
פינלנד,2010,תקיפה,סך הכול,1.9
פינלנד,2011,תקיפה,סך הכול,1.8
פינלנד,2012,תקיפה,סך הכול,1.4
פינלנד,2013,תקיפה,סך הכול,1.5
פינלנד,2014,תקיפה,סך הכול,1.4
פינלנד,2015,תקיפה,סך הכול,1.3
פינלנד,2016,תקיפה,סך הכול,1.1
פינלנד,2017,תקיפה,סך הכול,1.1
פינלנד,2018,תקיפה,סך הכול,1.2
פינלנד,2019,תקיפה,סך הכול,1.2
פינלנד,2020,תקיפה,סך הכול,1.3
פינלנד,2021,תקיפה,סך הכול,1.2
פינלנד,2022,תקיפה,סך הכול,1.1
פינלנד,2023,תקיפה,סך הכול,0.9
פינלנד,2024,תקיפה,סך הכול,1.2
צרפת,2000,גידולים,גברים,392.3
צרפת,2001,גידולים,גברים,388.6
צרפת,2002,גידולים,גברים,384
צרפת,2003,גידולים,גברים,378.7
צרפת,2004,גידולים,גברים,368.1
צרפת,2005,גידולים,גברים,365.6
צרפת,2006,גידולים,גברים,355.1
צרפת,2007,גידולים,גברים,349.9
צרפת,2008,גידולים,גברים,341.8
צרפת,2009,גידולים,גברים,338
צרפת,2010,גידולים,גברים,329
צרפת,2011,גידולים,גברים,320.5
צרפת,2012,גידולים,גברים,314.8
צרפת,2013,גידולים,גברים,306.5
צרפת,2014,גידולים,גברים,304.8
צרפת,2015,גידולים,גברים,300.8
צרפת,2016,גידולים,גברים,296
צרפת,2017,גידולים,גברים,289.8
צרפת,2018,גידולים,גברים,283
צרפת,2019,גידולים,גברים,274.3
צרפת,2020,גידולים,גברים,268.6
צרפת,2021,גידולים,גברים,262.4
צרפת,2022,גידולים,גברים,262.1
צרפת,2023,גידולים,גברים,250.6
צרפת,2000,גידולים,נשים,180.3
צרפת,2001,גידולים,נשים,179.9
צרפת,2002,גידולים,נשים,180.8
צרפת,2003,גידולים,נשים,179.8
צרפת,2004,גידולים,נשים,176.6
צרפת,2005,גידולים,נשים,176.4
צרפת,2006,גידולים,נשים,172.1
צרפת,2007,גידולים,נשים,168.2
צרפת,2008,גידולים,נשים,170.7
צרפת,2009,גידולים,נשים,169.1
צרפת,2010,גידולים,נשים,166.7
צרפת,2011,גידולים,נשים,164.3
צרפת,2012,גידולים,נשים,164
צרפת,2013,גידולים,נשים,160.6
צרפת,2014,גידולים,נשים,162.5
צרפת,2015,גידולים,נשים,161.4
צרפת,2016,גידולים,נשים,162.1
צרפת,2017,גידולים,נשים,163.6
צרפת,2018,גידולים,נשים,159.5
צרפת,2019,גידולים,נשים,157.7
צרפת,2020,גידולים,נשים,155.3
צרפת,2021,גידולים,נשים,153.3
צרפת,2022,גידולים,נשים,155.4
צרפת,2023,גידולים,נשים,150.8
צרפת,2000,גידולים,סך הכול,267.3
צרפת,2001,גידולים,סך הכול,265.5
צרפת,2002,גידולים,סך הכול,264.2
צרפת,2003,גידולים,סך הכול,261.2
צרפת,2004,גידולים,סך הכול,255
צרפת,2005,גידולים,סך הכול,254.3
צרפת,2006,גידולים,סך הכול,247.3
צרפת,2007,גידולים,סך הכול,243
צרפת,2008,גידולים,סך הכול,241.3
צרפת,2009,גידולים,סך הכול,239.2
צרפת,2010,גידולים,סך הכול,234.4
צרפת,2011,גידולים,סך הכול,229.6
צרפת,2012,גידולים,סך הכול,227.1
צרפת,2013,גידולים,סך הכול,221.9
צרפת,2014,גידולים,סך הכול,222.3
צרפת,2015,גידולים,סך הכול,220
צרפת,2016,גידולים,סך הכול,218.4
צרפת,2017,גידולים,סך הכול,216.8
צרפת,2018,גידולים,סך הכול,211.4
צרפת,2019,גידולים,סך הכול,206.8
צרפת,2020,גידולים,סך הכול,203.1
צרפת,2021,גידולים,סך הכול,199.5
צרפת,2022,גידולים,סך הכול,200.5
צרפת,2023,גידולים,סך הכול,193.1
צרפת,2000,מחלות זיהומיות,גברים,24.3
צרפת,2001,מחלות זיהומיות,גברים,22.5
צרפת,2002,מחלות זיהומיות,גברים,23.2
צרפת,2003,מחלות זיהומיות,גברים,23.6
צרפת,2004,מחלות זיהומיות,גברים,20.6
צרפת,2005,מחלות זיהומיות,גברים,20.7
צרפת,2006,מחלות זיהומיות,גברים,20.4
צרפת,2007,מחלות זיהומיות,גברים,19.8
צרפת,2008,מחלות זיהומיות,גברים,20
צרפת,2009,מחלות זיהומיות,גברים,19.7
צרפת,2010,מחלות זיהומיות,גברים,19.4
צרפת,2011,מחלות זיהומיות,גברים,19.8
צרפת,2012,מחלות זיהומיות,גברים,19.2
צרפת,2013,מחלות זיהומיות,גברים,17.2
צרפת,2014,מחלות זיהומיות,גברים,16.3
צרפת,2015,מחלות זיהומיות,גברים,16.7
צרפת,2016,מחלות זיהומיות,גברים,15.1
צרפת,2017,מחלות זיהומיות,גברים,16.5
צרפת,2018,מחלות זיהומיות,גברים,15.6
צרפת,2019,מחלות זיהומיות,גברים,16
צרפת,2020,מחלות זיהומיות,גברים,14.8
צרפת,2021,מחלות זיהומיות,גברים,14.7
צרפת,2022,מחלות זיהומיות,גברים,16.3
צרפת,2023,מחלות זיהומיות,גברים,16.6
צרפת,2000,מחלות זיהומיות,נשים,14.2
צרפת,2001,מחלות זיהומיות,נשים,13.6
צרפת,2002,מחלות זיהומיות,נשים,13.7
צרפת,2003,מחלות זיהומיות,נשים,15.1
צרפת,2004,מחלות זיהומיות,נשים,12.5
צרפת,2005,מחלות זיהומיות,נשים,12.7
צרפת,2006,מחלות זיהומיות,נשים,11.8
צרפת,2007,מחלות זיהומיות,נשים,11.4
צרפת,2008,מחלות זיהומיות,נשים,12.4
צרפת,2009,מחלות זיהומיות,נשים,12.4
צרפת,2010,מחלות זיהומיות,נשים,11.9
צרפת,2011,מחלות זיהומיות,נשים,12.3
צרפת,2012,מחלות זיהומיות,נשים,12.4
צרפת,2013,מחלות זיהומיות,נשים,11.2
צרפת,2014,מחלות זיהומיות,נשים,10.4
צרפת,2015,מחלות זיהומיות,נשים,10.6
צרפת,2016,מחלות זיהומיות,נשים,9.7
צרפת,2017,מחלות זיהומיות,נשים,10.7
צרפת,2018,מחלות זיהומיות,נשים,10.3
צרפת,2019,מחלות זיהומיות,נשים,10.5
צרפת,2020,מחלות זיהומיות,נשים,9.4
צרפת,2021,מחלות זיהומיות,נשים,9.3
צרפת,2022,מחלות זיהומיות,נשים,10.7
צרפת,2023,מחלות זיהומיות,נשים,10.4
צרפת,2000,מחלות זיהומיות,סך הכול,18.5
צרפת,2001,מחלות זיהומיות,סך הכול,17.4
צרפת,2002,מחלות זיהומיות,סך הכול,17.7
צרפת,2003,מחלות זיהומיות,סך הכול,18.7
צרפת,2004,מחלות זיהומיות,סך הכול,15.9
צרפת,2005,מחלות זיהומיות,סך הכול,16
צרפת,2006,מחלות זיהומיות,סך הכול,15.3
צרפת,2007,מחלות זיהומיות,סך הכול,14.9
צרפת,2008,מחלות זיהומיות,סך הכול,15.6
צרפת,2009,מחלות זיהומיות,סך הכול,15.5
צרפת,2010,מחלות זיהומיות,סך הכול,15
צרפת,2011,מחלות זיהומיות,סך הכול,15.4
צרפת,2012,מחלות זיהומיות,סך הכול,15.2
צרפת,2013,מחלות זיהומיות,סך הכול,13.7
צרפת,2014,מחלות זיהומיות,סך הכול,12.8
צרפת,2015,מחלות זיהומיות,סך הכול,13.1
צרפת,2016,מחלות זיהומיות,סך הכול,12
צרפת,2017,מחלות זיהומיות,סך הכול,13.2
צרפת,2018,מחלות זיהומיות,סך הכול,12.5
צרפת,2019,מחלות זיהומיות,סך הכול,12.7
צרפת,2020,מחלות זיהומיות,סך הכול,11.7
צרפת,2021,מחלות זיהומיות,סך הכול,11.6
צרפת,2022,מחלות זיהומיות,סך הכול,13
צרפת,2023,מחלות זיהומיות,סך הכול,13
צרפת,2000,מחלות כלי דם במוח,גברים,77.7
צרפת,2001,מחלות כלי דם במוח,גברים,75.6
צרפת,2002,מחלות כלי דם במוח,גברים,72.9
צרפת,2003,מחלות כלי דם במוח,גברים,72.5
צרפת,2004,מחלות כלי דם במוח,גברים,63.5
צרפת,2005,מחלות כלי דם במוח,גברים,63
צרפת,2006,מחלות כלי דם במוח,גברים,58
צרפת,2007,מחלות כלי דם במוח,גברים,55.5
צרפת,2008,מחלות כלי דם במוח,גברים,52.9
צרפת,2009,מחלות כלי דם במוח,גברים,50.8
צרפת,2010,מחלות כלי דם במוח,גברים,49.3
צרפת,2011,מחלות כלי דם במוח,גברים,48.1
צרפת,2012,מחלות כלי דם במוח,גברים,46.7
צרפת,2013,מחלות כלי דם במוח,גברים,44.6
צרפת,2014,מחלות כלי דם במוח,גברים,41.6
צרפת,2015,מחלות כלי דם במוח,גברים,41.3
צרפת,2016,מחלות כלי דם במוח,גברים,40.5
צרפת,2017,מחלות כלי דם במוח,גברים,38.9
צרפת,2018,מחלות כלי דם במוח,גברים,38.4
צרפת,2019,מחלות כלי דם במוח,גברים,37.9
צרפת,2020,מחלות כלי דם במוח,גברים,36.3
צרפת,2021,מחלות כלי דם במוח,גברים,36.2
צרפת,2022,מחלות כלי דם במוח,גברים,36.3
צרפת,2023,מחלות כלי דם במוח,גברים,34.2
צרפת,2000,מחלות כלי דם במוח,נשים,59.1
צרפת,2001,מחלות כלי דם במוח,נשים,57.7
צרפת,2002,מחלות כלי דם במוח,נשים,55.6
צרפת,2003,מחלות כלי דם במוח,נשים,56.1
צרפת,2004,מחלות כלי דם במוח,נשים,50
צרפת,2005,מחלות כלי דם במוח,נשים,48.6
צרפת,2006,מחלות כלי דם במוח,נשים,44.7
צרפת,2007,מחלות כלי דם במוח,נשים,41.4
צרפת,2008,מחלות כלי דם במוח,נשים,41.3
צרפת,2009,מחלות כלי דם במוח,נשים,40
צרפת,2010,מחלות כלי דם במוח,נשים,38.2
צרפת,2011,מחלות כלי דם במוח,נשים,36.7
צרפת,2012,מחלות כלי דם במוח,נשים,36.9
צרפת,2013,מחלות כלי דם במוח,נשים,35.3
צרפת,2014,מחלות כלי דם במוח,נשים,33.9
צרפת,2015,מחלות כלי דם במוח,נשים,32.8
צרפת,2016,מחלות כלי דם במוח,נשים,31.9
צרפת,2017,מחלות כלי דם במוח,נשים,32
צרפת,2018,מחלות כלי דם במוח,נשים,31
צרפת,2019,מחלות כלי דם במוח,נשים,30
צרפת,2020,מחלות כלי דם במוח,נשים,29
צרפת,2021,מחלות כלי דם במוח,נשים,28.7
צרפת,2022,מחלות כלי דם במוח,נשים,29.5
צרפת,2023,מחלות כלי דם במוח,נשים,27.8
צרפת,2000,מחלות כלי דם במוח,סך הכול,66.8
צרפת,2001,מחלות כלי דם במוח,סך הכול,65.2
צרפת,2002,מחלות כלי דם במוח,סך הכול,62.9
צרפת,2003,מחלות כלי דם במוח,סך הכול,63.1
צרפת,2004,מחלות כלי דם במוח,סך הכול,55.9
צרפת,2005,מחלות כלי דם במוח,סך הכול,54.7
צרפת,2006,מחלות כלי דם במוח,סך הכול,50.3
צרפת,2007,מחלות כלי דם במוח,סך הכול,47.3
צרפת,2008,מחלות כלי דם במוח,סך הכול,46.3
צרפת,2009,מחלות כלי דם במוח,סך הכול,44.7
צרפת,2010,מחלות כלי דם במוח,סך הכול,43
צרפת,2011,מחלות כלי דם במוח,סך הכול,41.6
צרפת,2012,מחלות כלי דם במוח,סך הכול,41.1
צרפת,2013,מחלות כלי דם במוח,סך הכול,39.5
צרפת,2014,מחלות כלי דם במוח,סך הכול,37.4
צרפת,2015,מחלות כלי דם במוח,סך הכול,36.6
צרפת,2016,מחלות כלי דם במוח,סך הכול,35.7
צרפת,2017,מחלות כלי דם במוח,סך הכול,35.2
צרפת,2018,מחלות כלי דם במוח,סך הכול,34.4
צרפת,2019,מחלות כלי דם במוח,סך הכול,33.6
צרפת,2020,מחלות כלי דם במוח,סך הכול,32.4
צרפת,2021,מחלות כלי דם במוח,סך הכול,32.2
צרפת,2022,מחלות כלי דם במוח,סך הכול,32.7
צרפת,2023,מחלות כלי דם במוח,סך הכול,30.8
צרפת,2000,מחלות לב איסכמיות,גברים,118
צרפת,2001,מחלות לב איסכמיות,גברים,113.2
צרפת,2002,מחלות לב איסכמיות,גברים,109.9
צרפת,2003,מחלות לב איסכמיות,גברים,106.9
צרפת,2004,מחלות לב איסכמיות,גברים,101.3
צרפת,2005,מחלות לב איסכמיות,גברים,97.5
צרפת,2006,מחלות לב איסכמיות,גברים,90.3
צרפת,2007,מחלות לב איסכמיות,גברים,86.3
צרפת,2008,מחלות לב איסכמיות,גברים,83.1
צרפת,2009,מחלות לב איסכמיות,גברים,78.5
צרפת,2010,מחלות לב איסכמיות,גברים,74.7
צרפת,2011,מחלות לב איסכמיות,גברים,71.1
צרפת,2012,מחלות לב איסכמיות,גברים,69.5
צרפת,2013,מחלות לב איסכמיות,גברים,65.8
צרפת,2014,מחלות לב איסכמיות,גברים,62.9
צרפת,2015,מחלות לב איסכמיות,גברים,63.2
צרפת,2016,מחלות לב איסכמיות,גברים,60.4
צרפת,2017,מחלות לב איסכמיות,גברים,59.4
צרפת,2018,מחלות לב איסכמיות,גברים,57.3
צרפת,2019,מחלות לב איסכמיות,גברים,54.7
צרפת,2020,מחלות לב איסכמיות,גברים,53.9
צרפת,2021,מחלות לב איסכמיות,גברים,53.6
צרפת,2022,מחלות לב איסכמיות,גברים,53.1
צרפת,2023,מחלות לב איסכמיות,גברים,49.8
צרפת,2000,מחלות לב איסכמיות,נשים,52.6
צרפת,2001,מחלות לב איסכמיות,נשים,52.1
צרפת,2002,מחלות לב איסכמיות,נשים,50.4
צרפת,2003,מחלות לב איסכמיות,נשים,50.7
צרפת,2004,מחלות לב איסכמיות,נשים,45.1
צרפת,2005,מחלות לב איסכמיות,נשים,43.7
צרפת,2006,מחלות לב איסכמיות,נשים,39.7
צרפת,2007,מחלות לב איסכמיות,נשים,37.2
צרפת,2008,מחלות לב איסכמיות,נשים,35.5
צרפת,2009,מחלות לב איסכמיות,נשים,33.4
צרפת,2010,מחלות לב איסכמיות,נשים,31
צרפת,2011,מחלות לב איסכמיות,נשים,28.9
צרפת,2012,מחלות לב איסכמיות,נשים,28.5
צרפת,2013,מחלות לב איסכמיות,נשים,26.7
צרפת,2014,מחלות לב איסכמיות,נשים,25.5
צרפת,2015,מחלות לב איסכמיות,נשים,24.2
צרפת,2016,מחלות לב איסכמיות,נשים,23
צרפת,2017,מחלות לב איסכמיות,נשים,23
צרפת,2018,מחלות לב איסכמיות,נשים,22.3
צרפת,2019,מחלות לב איסכמיות,נשים,20.9
צרפת,2020,מחלות לב איסכמיות,נשים,19.8
צרפת,2021,מחלות לב איסכמיות,נשים,19.7
צרפת,2022,מחלות לב איסכמיות,נשים,19.9
צרפת,2023,מחלות לב איסכמיות,נשים,18.5
צרפת,2000,מחלות לב איסכמיות,סך הכול,79.4
צרפת,2001,מחלות לב איסכמיות,סך הכול,77.1
צרפת,2002,מחלות לב איסכמיות,סך הכול,74.8
צרפת,2003,מחלות לב איסכמיות,סך הכול,73.9
צרפת,2004,מחלות לב איסכמיות,סך הכול,67.9
צרפת,2005,מחלות לב איסכמיות,סך הכול,65.8
צרפת,2006,מחלות לב איסכמיות,סך הכול,60.4
צרפת,2007,מחלות לב איסכמיות,סך הכול,57.3
צרפת,2008,מחלות לב איסכמיות,סך הכול,55
צרפת,2009,מחלות לב איסכמיות,סך הכול,52
צרפת,2010,מחלות לב איסכמיות,סך הכול,49
צרפת,2011,מחלות לב איסכמיות,סך הכול,46.3
צרפת,2012,מחלות לב איסכמיות,סך הכול,45.4
צרפת,2013,מחלות לב איסכמיות,סך הכול,43
צרפת,2014,מחלות לב איסכמיות,סך הכול,41.1
צרפת,2015,מחלות לב איסכמיות,סך הכול,40.4
צרפת,2016,מחלות לב איסכמיות,סך הכול,38.6
צרפת,2017,מחלות לב איסכמיות,סך הכול,38.3
צרפת,2018,מחלות לב איסכמיות,סך הכול,37
צרפת,2019,מחלות לב איסכמיות,סך הכול,35.2
צרפת,2020,מחלות לב איסכמיות,סך הכול,34.2
צרפת,2021,מחלות לב איסכמיות,סך הכול,34.2
צרפת,2022,מחלות לב איסכמיות,סך הכול,34
צרפת,2023,מחלות לב איסכמיות,סך הכול,31.9
צרפת,2000,מחלות מערכת הדם,גברים,361.5
צרפת,2001,מחלות מערכת הדם,גברים,352
צרפת,2002,מחלות מערכת הדם,גברים,345.1
צרפת,2003,מחלות מערכת הדם,גברים,342.4
צרפת,2004,מחלות מערכת הדם,גברים,315.2
צרפת,2005,מחלות מערכת הדם,גברים,307.5
צרפת,2006,מחלות מערכת הדם,גברים,287.9
צרפת,2007,מחלות מערכת הדם,גברים,278.1
צרפת,2008,מחלות מערכת הדם,גברים,269.1
צרפת,2009,מחלות מערכת הדם,גברים,256.7
צרפת,2010,מחלות מערכת הדם,גברים,247.3
צרפת,2011,מחלות מערכת הדם,גברים,232.5
צרפת,2012,מחלות מערכת הדם,גברים,228.9
צרפת,2013,מחלות מערכת הדם,גברים,219.3
צרפת,2014,מחלות מערכת הדם,גברים,208.8
צרפת,2015,מחלות מערכת הדם,גברים,210.7
צרפת,2016,מחלות מערכת הדם,גברים,203.3
צרפת,2017,מחלות מערכת הדם,גברים,199.8
צרפת,2018,מחלות מערכת הדם,גברים,196
צרפת,2019,מחלות מערכת הדם,גברים,182.7
צרפת,2020,מחלות מערכת הדם,גברים,178.1
צרפת,2021,מחלות מערכת הדם,גברים,179.6
צרפת,2022,מחלות מערכת הדם,גברים,181
צרפת,2023,מחלות מערכת הדם,גברים,169.7
צרפת,2000,מחלות מערכת הדם,נשים,225.6
צרפת,2001,מחלות מערכת הדם,נשים,223.8
צרפת,2002,מחלות מערכת הדם,נשים,220.4
צרפת,2003,מחלות מערכת הדם,נשים,224
צרפת,2004,מחלות מערכת הדם,נשים,200.2
צרפת,2005,מחלות מערכת הדם,נשים,197.8
צרפת,2006,מחלות מערכת הדם,נשים,182
צרפת,2007,מחלות מערכת הדם,נשים,173.3
צרפת,2008,מחלות מערכת הדם,נשים,170.2
צרפת,2009,מחלות מערכת הדם,נשים,162.8
צרפת,2010,מחלות מערכת הדם,נשים,155.3
צרפת,2011,מחלות מערכת הדם,נשים,145.2
צרפת,2012,מחלות מערכת הדם,נשים,144.5
צרפת,2013,מחלות מערכת הדם,נשים,139.3
צרפת,2014,מחלות מערכת הדם,נשים,133.5
צרפת,2015,מחלות מערכת הדם,נשים,132.1
צרפת,2016,מחלות מערכת הדם,נשים,128
צרפת,2017,מחלות מערכת הדם,נשים,129.1
צרפת,2018,מחלות מערכת הדם,נשים,125.7
צרפת,2019,מחלות מערכת הדם,נשים,117.6
צרפת,2020,מחלות מערכת הדם,נשים,111.8
צרפת,2021,מחלות מערכת הדם,נשים,113.6
צרפת,2022,מחלות מערכת הדם,נשים,117.1
צרפת,2023,מחלות מערכת הדם,נשים,111.3
צרפת,2000,מחלות מערכת הדם,סך הכול,281.7
צרפת,2001,מחלות מערכת הדם,סך הכול,276.6
צרפת,2002,מחלות מערכת הדם,סך הכול,271.9
צרפת,2003,מחלות מערכת הדם,סך הכול,273.4
צרפת,2004,מחלות מערכת הדם,סך הכול,247.6
צרפת,2005,מחלות מערכת הדם,סך הכול,243.6
צרפת,2006,מחלות מערכת הדם,סך הכול,225.8
צרפת,2007,מחלות מערכת הדם,סך הכול,216.6
צרפת,2008,מחלות מערכת הדם,סך הכול,211.2
צרפת,2009,מחלות מערכת הדם,סך הכול,202
צרפת,2010,מחלות מערכת הדם,סך הכול,193.5
צרפת,2011,מחלות מערכת הדם,סך הכול,181.8
צרפת,2012,מחלות מערכת הדם,סך הכול,179.9
צרפת,2013,מחלות מערכת הדם,סך הכול,173.1
צרפת,2014,מחלות מערכת הדם,סך הכול,165.4
צרפת,2015,מחלות מערכת הדם,סך הכול,165.4
צרפת,2016,מחלות מערכת הדם,סך הכול,160
צרפת,2017,מחלות מערכת הדם,סך הכול,159.6
צרפת,2018,מחלות מערכת הדם,סך הכול,156
צרפת,2019,מחלות מערכת הדם,סך הכול,145.8
צרפת,2020,מחלות מערכת הדם,סך הכול,140.5
צרפת,2021,מחלות מערכת הדם,סך הכול,142.5
צרפת,2022,מחלות מערכת הדם,סך הכול,145.1
צרפת,2023,מחלות מערכת הדם,סך הכול,137.2
צרפת,2000,מחלות מערכת הנשימה,גברים,91.3
צרפת,2001,מחלות מערכת הנשימה,גברים,83.3
צרפת,2002,מחלות מערכת הנשימה,גברים,85.6
צרפת,2003,מחלות מערכת הנשימה,גברים,90.9
צרפת,2004,מחלות מערכת הנשימה,גברים,75.5
צרפת,2005,מחלות מערכת הנשימה,גברים,82.2
צרפת,2006,מחלות מערכת הנשימה,גברים,70.4
צרפת,2007,מחלות מערכת הנשימה,גברים,70.1
צרפת,2008,מחלות מערכת הנשימה,גברים,68.6
צרפת,2009,מחלות מערכת הנשימה,גברים,68.5
צרפת,2010,מחלות מערכת הנשימה,גברים,64.2
צרפת,2011,מחלות מערכת הנשימה,גברים,64.9
צרפת,2012,מחלות מערכת הנשימה,גברים,67.8
צרפת,2013,מחלות מערכת הנשימה,גברים,65.2
צרפת,2014,מחלות מערכת הנשימה,גברים,59.8
צרפת,2015,מחלות מערכת הנשימה,גברים,67.2
צרפת,2016,מחלות מערכת הנשימה,גברים,63.7
צרפת,2017,מחלות מערכת הנשימה,גברים,67.4
צרפת,2018,מחלות מערכת הנשימה,גברים,67.3
צרפת,2019,מחלות מערכת הנשימה,גברים,64.4
צרפת,2020,מחלות מערכת הנשימה,גברים,56.6
צרפת,2021,מחלות מערכת הנשימה,גברים,53.1
צרפת,2022,מחלות מערכת הנשימה,גברים,62.9
צרפת,2023,מחלות מערכת הנשימה,גברים,62.1
צרפת,2000,מחלות מערכת הנשימה,נשים,44.7
צרפת,2001,מחלות מערכת הנשימה,נשים,38.9
צרפת,2002,מחלות מערכת הנשימה,נשים,41.8
צרפת,2003,מחלות מערכת הנשימה,נשים,45.1
צרפת,2004,מחלות מערכת הנשימה,נשים,37
צרפת,2005,מחלות מערכת הנשימה,נשים,42.3
צרפת,2006,מחלות מערכת הנשימה,נשים,33.9
צרפת,2007,מחלות מערכת הנשימה,נשים,34.1
צרפת,2008,מחלות מערכת הנשימה,נשים,33.7
צרפת,2009,מחלות מערכת הנשימה,נשים,34.3
צרפת,2010,מחלות מערכת הנשימה,נשים,30.5
צרפת,2011,מחלות מערכת הנשימה,נשים,32.1
צרפת,2012,מחלות מערכת הנשימה,נשים,36
צרפת,2013,מחלות מערכת הנשימה,נשים,33.7
צרפת,2014,מחלות מערכת הנשימה,נשים,31.1
צרפת,2015,מחלות מערכת הנשימה,נשים,36.9
צרפת,2016,מחלות מערכת הנשימה,נשים,34.9
צרפת,2017,מחלות מערכת הנשימה,נשים,38.1
צרפת,2018,מחלות מערכת הנשימה,נשים,37.4
צרפת,2019,מחלות מערכת הנשימה,נשים,37.1
צרפת,2020,מחלות מערכת הנשימה,נשים,30.1
צרפת,2021,מחלות מערכת הנשימה,נשים,27.9
צרפת,2022,מחלות מערכת הנשימה,נשים,36.3
צרפת,2023,מחלות מערכת הנשימה,נשים,37.3
צרפת,2000,מחלות מערכת הנשימה,סך הכול,61.8
צרפת,2001,מחלות מערכת הנשימה,סך הכול,55.3
צרפת,2002,מחלות מערכת הנשימה,סך הכול,57.8
צרפת,2003,מחלות מערכת הנשימה,סך הכול,61.7
צרפת,2004,מחלות מערכת הנשימה,סך הכול,51.1
צרפת,2005,מחלות מערכת הנשימה,סך הכול,57.2
צרפת,2006,מחלות מערכת הנשימה,סך הכול,47.5
צרפת,2007,מחלות מערכת הנשימה,סך הכול,47.6
צרפת,2008,מחלות מערכת הנשימה,סך הכול,46.9
צרפת,2009,מחלות מערכת הנשימה,סך הכול,47.2
צרפת,2010,מחלות מערכת הנשימה,סך הכול,43.3
צרפת,2011,מחלות מערכת הנשימה,סך הכול,44.7
צרפת,2012,מחלות מערכת הנשימה,סך הכול,48.3
צרפת,2013,מחלות מערכת הנשימה,סך הכול,45.8
צרפת,2014,מחלות מערכת הנשימה,סך הכול,42.3
צרפת,2015,מחלות מערכת הנשימה,סך הכול,48.8
צרפת,2016,מחלות מערכת הנשימה,סך הכול,46.3
צרפת,2017,מחלות מערכת הנשימה,סך הכול,49.7
צרפת,2018,מחלות מערכת הנשימה,סך הכול,49.3
צרפת,2019,מחלות מערכת הנשימה,סך הכול,48
צרפת,2020,מחלות מערכת הנשימה,סך הכול,40.7
צרפת,2021,מחלות מערכת הנשימה,סך הכול,38.1
צרפת,2022,מחלות מערכת הנשימה,סך הכול,47.1
צרפת,2023,מחלות מערכת הנשימה,סך הכול,47.5
צרפת,2000,נפילות,גברים,11.3
צרפת,2001,נפילות,גברים,11.4
צרפת,2002,נפילות,גברים,12
צרפת,2003,נפילות,גברים,12.4
צרפת,2004,נפילות,גברים,11.5
צרפת,2005,נפילות,גברים,11
צרפת,2006,נפילות,גברים,10.6
צרפת,2007,נפילות,גברים,10.4
צרפת,2008,נפילות,גברים,10.8
צרפת,2009,נפילות,גברים,10.8
צרפת,2010,נפילות,גברים,10.6
צרפת,2011,נפילות,גברים,10.4
צרפת,2012,נפילות,גברים,9.9
צרפת,2013,נפילות,גברים,10.8
צרפת,2014,נפילות,גברים,10.5
צרפת,2015,נפילות,גברים,11.4
צרפת,2016,נפילות,גברים,11.4
צרפת,2017,נפילות,גברים,11.7
צרפת,2018,נפילות,גברים,12.1
צרפת,2019,נפילות,גברים,12.1
צרפת,2020,נפילות,גברים,12
צרפת,2021,נפילות,גברים,12.4
צרפת,2022,נפילות,גברים,14.1
צרפת,2023,נפילות,גברים,14.4
צרפת,2000,נפילות,נשים,7.4
צרפת,2001,נפילות,נשים,7.4
צרפת,2002,נפילות,נשים,7.3
צרפת,2003,נפילות,נשים,8.2
צרפת,2004,נפילות,נשים,7.2
צרפת,2005,נפילות,נשים,7
צרפת,2006,נפילות,נשים,6.5
צרפת,2007,נפילות,נשים,6.5
צרפת,2008,נפילות,נשים,6.2
צרפת,2009,נפילות,נשים,6.5
צרפת,2010,נפילות,נשים,6.4
צרפת,2011,נפילות,נשים,6.5
צרפת,2012,נפילות,נשים,6.3
צרפת,2013,נפילות,נשים,6.4
צרפת,2014,נפילות,נשים,6.4
צרפת,2015,נפילות,נשים,7
צרפת,2016,נפילות,נשים,6.9
צרפת,2017,נפילות,נשים,7.5
צרפת,2018,נפילות,נשים,7.9
צרפת,2019,נפילות,נשים,7.6
צרפת,2020,נפילות,נשים,7.5
צרפת,2021,נפילות,נשים,8.2
צרפת,2022,נפילות,נשים,9.4
צרפת,2023,נפילות,נשים,9.4
צרפת,2000,נפילות,סך הכול,9.2
צרפת,2001,נפילות,סך הכול,9.1
צרפת,2002,נפילות,סך הכול,9.3
צרפת,2003,נפילות,סך הכול,10
צרפת,2004,נפילות,סך הכול,9.1
צרפת,2005,נפילות,סך הכול,8.7
צרפת,2006,נפילות,סך הכול,8.2
צרפת,2007,נפילות,סך הכול,8.2
צרפת,2008,נפילות,סך הכול,8.1
צרפת,2009,נפילות,סך הכול,8.3
צרפת,2010,נפילות,סך הכול,8.1
צרפת,2011,נפילות,סך הכול,8.2
צרפת,2012,נפילות,סך הכול,7.8
צרפת,2013,נפילות,סך הכול,8.2
צרפת,2014,נפילות,סך הכול,8.1
צרפת,2015,נפילות,סך הכול,8.9
צרפת,2016,נפילות,סך הכול,8.8
צרפת,2017,נפילות,סך הכול,9.3
צרפת,2018,נפילות,סך הכול,9.7
צרפת,2019,נפילות,סך הכול,9.5
צרפת,2020,נפילות,סך הכול,9.4
צרפת,2021,נפילות,סך הכול,10
צרפת,2022,נפילות,סך הכול,11.4
צרפת,2023,נפילות,סך הכול,11.5
צרפת,2000,סוכרת,גברים,23
צרפת,2001,סוכרת,גברים,23.2
צרפת,2002,סוכרת,גברים,22.4
צרפת,2003,סוכרת,גברים,23.8
צרפת,2004,סוכרת,גברים,22.1
צרפת,2005,סוכרת,גברים,22.4
צרפת,2006,סוכרת,גברים,21.2
צרפת,2007,סוכרת,גברים,20.4
צרפת,2008,סוכרת,גברים,20.6
צרפת,2009,סוכרת,גברים,19.7
צרפת,2010,סוכרת,גברים,18.7
צרפת,2011,סוכרת,גברים,19.2
צרפת,2012,סוכרת,גברים,19
צרפת,2013,סוכרת,גברים,18.4
צרפת,2014,סוכרת,גברים,17.7
צרפת,2015,סוכרת,גברים,18.5
צרפת,2016,סוכרת,גברים,17.4
צרפת,2017,סוכרת,גברים,17.3
צרפת,2018,סוכרת,גברים,16
צרפת,2019,סוכרת,גברים,15.6
צרפת,2020,סוכרת,גברים,16.5
צרפת,2021,סוכרת,גברים,16.6
צרפת,2022,סוכרת,גברים,16.8
צרפת,2023,סוכרת,גברים,16.1
צרפת,2000,סוכרת,נשים,16.1
צרפת,2001,סוכרת,נשים,16.1
צרפת,2002,סוכרת,נשים,16.6
צרפת,2003,סוכרת,נשים,17.1
צרפת,2004,סוכרת,נשים,15.1
צרפת,2005,סוכרת,נשים,15
צרפת,2006,סוכרת,נשים,14
צרפת,2007,סוכרת,נשים,13.7
צרפת,2008,סוכרת,נשים,13.3
צרפת,2009,סוכרת,נשים,13.1
צרפת,2010,סוכרת,נשים,12.1
צרפת,2011,סוכרת,נשים,11.5
צרפת,2012,סוכרת,נשים,11.7
צרפת,2013,סוכרת,נשים,11.5
צרפת,2014,סוכרת,נשים,10.8
צרפת,2015,סוכרת,נשים,11
צרפת,2016,סוכרת,נשים,10.5
צרפת,2017,סוכרת,נשים,10.5
צרפת,2018,סוכרת,נשים,9.9
צרפת,2019,סוכרת,נשים,9.5
צרפת,2020,סוכרת,נשים,10.1
צרפת,2021,סוכרת,נשים,9.9
צרפת,2022,סוכרת,נשים,10
צרפת,2023,סוכרת,נשים,9.3
צרפת,2000,סוכרת,סך הכול,19
צרפת,2001,סוכרת,סך הכול,19.2
צרפת,2002,סוכרת,סך הכול,19.1
צרפת,2003,סוכרת,סך הכול,19.9
צרפת,2004,סוכרת,סך הכול,18
צרפת,2005,סוכרת,סך הכול,18.2
צרפת,2006,סוכרת,סך הכול,17
צרפת,2007,סוכרת,סך הכול,16.5
צרפת,2008,סוכרת,סך הכול,16.3
צרפת,2009,סוכרת,סך הכול,15.9
צרפת,2010,סוכרת,סך הכול,14.8
צרפת,2011,סוכרת,סך הכול,14.7
צרפת,2012,סוכרת,סך הכול,14.8
צרפת,2013,סוכרת,סך הכול,14.4
צרפת,2014,סוכרת,סך הכול,13.7
צרפת,2015,סוכרת,סך הכול,14.2
צרפת,2016,סוכרת,סך הכול,13.4
צרפת,2017,סוכרת,סך הכול,13.4
צרפת,2018,סוכרת,סך הכול,12.5
צרפת,2019,סוכרת,סך הכול,12.1
צרפת,2020,סוכרת,סך הכול,12.8
צרפת,2021,סוכרת,סך הכול,12.8
צרפת,2022,סוכרת,סך הכול,12.9
צרפת,2023,סוכרת,סך הכול,12.2
צרפת,2020,קורונה,גברים,99.7
צרפת,2021,קורונה,גברים,86.9
צרפת,2022,קורונה,גברים,58
צרפת,2023,קורונה,גברים,19.4
צרפת,2020,קורונה,נשים,55.4
צרפת,2021,קורונה,נשים,46.5
צרפת,2022,קורונה,נשים,31.2
צרפת,2023,קורונה,נשים,10.4
צרפת,2020,קורונה,סך הכול,73.5
צרפת,2021,קורונה,סך הכול,63
צרפת,2022,קורונה,סך הכול,41.8
צרפת,2023,קורונה,סך הכול,13.9
צרפת,2000,שפעת,גברים,3
צרפת,2001,שפעת,גברים,0.3
צרפת,2002,שפעת,גברים,0.9
צרפת,2003,שפעת,גברים,0.9
צרפת,2004,שפעת,גברים,0.2
צרפת,2005,שפעת,גברים,1.8
צרפת,2006,שפעת,גברים,0.2
צרפת,2007,שפעת,גברים,0.4
צרפת,2008,שפעת,גברים,0.3
צרפת,2009,שפעת,גברים,0.5
צרפת,2010,שפעת,גברים,0.1
צרפת,2011,שפעת,גברים,0.4
צרפת,2012,שפעת,גברים,0.8
צרפת,2013,שפעת,גברים,0.8
צרפת,2014,שפעת,גברים,0.4
צרפת,2015,שפעת,גברים,2
צרפת,2016,שפעת,גברים,1.1
צרפת,2017,שפעת,גברים,2.5
צרפת,2018,שפעת,גברים,2.7
צרפת,2019,שפעת,גברים,2.5
צרפת,2020,שפעת,גברים,0.8
צרפת,2021,שפעת,גברים,0.1
צרפת,2022,שפעת,גברים,1.6
צרפת,2023,שפעת,גברים,1.5
צרפת,2000,שפעת,נשים,2.5
צרפת,2001,שפעת,נשים,0.2
צרפת,2002,שפעת,נשים,0.8
צרפת,2003,שפעת,נשים,0.7
צרפת,2004,שפעת,נשים,0.3
צרפת,2005,שפעת,נשים,1.5
צרפת,2006,שפעת,נשים,0.2
צרפת,2007,שפעת,נשים,0.3
צרפת,2008,שפעת,נשים,0.3
צרפת,2009,שפעת,נשים,0.5
צרפת,2010,שפעת,נשים,0.1
צרפת,2011,שפעת,נשים,0.3
צרפת,2012,שפעת,נשים,0.8
צרפת,2013,שפעת,נשים,0.7
צרפת,2014,שפעת,נשים,0.2
צרפת,2015,שפעת,נשים,1.8
צרפת,2016,שפעת,נשים,0.8
צרפת,2017,שפעת,נשים,1.9
צרפת,2018,שפעת,נשים,1.9
צרפת,2019,שפעת,נשים,1.7
צרפת,2020,שפעת,נשים,0.5
צרפת,2021,שפעת,נשים,0.1
צרפת,2022,שפעת,נשים,1.3
צרפת,2023,שפעת,נשים,1.2
צרפת,2000,שפעת,סך הכול,2.7
צרפת,2001,שפעת,סך הכול,0.3
צרפת,2002,שפעת,סך הכול,0.9
צרפת,2003,שפעת,סך הכול,0.8
צרפת,2004,שפעת,סך הכול,0.3
צרפת,2005,שפעת,סך הכול,1.6
צרפת,2006,שפעת,סך הכול,0.2
צרפת,2007,שפעת,סך הכול,0.3
צרפת,2008,שפעת,סך הכול,0.3
צרפת,2009,שפעת,סך הכול,0.5
צרפת,2010,שפעת,סך הכול,0.1
צרפת,2011,שפעת,סך הכול,0.3
צרפת,2012,שפעת,סך הכול,0.8
צרפת,2013,שפעת,סך הכול,0.8
צרפת,2014,שפעת,סך הכול,0.3
צרפת,2015,שפעת,סך הכול,1.9
צרפת,2016,שפעת,סך הכול,0.9
צרפת,2017,שפעת,סך הכול,2.2
צרפת,2018,שפעת,סך הכול,2.2
צרפת,2019,שפעת,סך הכול,2
צרפת,2020,שפעת,סך הכול,0.6
צרפת,2021,שפעת,סך הכול,0.1
צרפת,2022,שפעת,סך הכול,1.4
צרפת,2023,שפעת,סך הכול,1.4
צרפת,2000,תאונות דרכים,גברים,20.3
צרפת,2001,תאונות דרכים,גברים,19.8
צרפת,2002,תאונות דרכים,גברים,19.1
צרפת,2003,תאונות דרכים,גברים,16
צרפת,2004,תאונות דרכים,גברים,14
צרפת,2005,תאונות דרכים,גברים,13.8
צרפת,2006,תאונות דרכים,גברים,12.5
צרפת,2007,תאונות דרכים,גברים,12
צרפת,2008,תאונות דרכים,גברים,11.5
צרפת,2009,תאונות דרכים,גברים,11.4
צרפת,2010,תאונות דרכים,גברים,10.4
צרפת,2011,תאונות דרכים,גברים,10
צרפת,2012,תאונות דרכים,גברים,8.7
צרפת,2013,תאונות דרכים,גברים,7.8
צרפת,2014,תאונות דרכים,גברים,7.8
צרפת,2015,תאונות דרכים,גברים,7.5
צרפת,2016,תאונות דרכים,גברים,7.4
צרפת,2017,תאונות דרכים,גברים,7.2
צרפת,2018,תאונות דרכים,גברים,6.3
צרפת,2019,תאונות דרכים,גברים,6
צרפת,2020,תאונות דרכים,גברים,4.9
צרפת,2021,תאונות דרכים,גברים,5.5
צרפת,2022,תאונות דרכים,גברים,5.9
צרפת,2023,תאונות דרכים,גברים,5.4
צרפת,2000,תאונות דרכים,נשים,6.5
צרפת,2001,תאונות דרכים,נשים,6.7
צרפת,2002,תאונות דרכים,נשים,6.1
צרפת,2003,תאונות דרכים,נשים,4.8
צרפת,2004,תאונות דרכים,נשים,4.3
צרפת,2005,תאונות דרכים,נשים,4.2
צרפת,2006,תאונות דרכים,נשים,3.6
צרפת,2007,תאונות דרכים,נשים,3.4
צרפת,2008,תאונות דרכים,נשים,3.1
צרפת,2009,תאונות דרכים,נשים,3.2
צרפת,2010,תאונות דרכים,נשים,2.8
צרפת,2011,תאונות דרכים,נשים,2.7
צרפת,2012,תאונות דרכים,נשים,2.5
צרפת,2013,תאונות דרכים,נשים,2.1
צרפת,2014,תאונות דרכים,נשים,2.2
צרפת,2015,תאונות דרכים,נשים,2.2
צרפת,2016,תאונות דרכים,נשים,2.2
צרפת,2017,תאונות דרכים,נשים,2
צרפת,2018,תאונות דרכים,נשים,1.8
צרפת,2019,תאונות דרכים,נשים,1.6
צרפת,2020,תאונות דרכים,נשים,1.3
צרפת,2021,תאונות דרכים,נשים,1.4
צרפת,2022,תאונות דרכים,נשים,1.6
צרפת,2023,תאונות דרכים,נשים,1.5
צרפת,2000,תאונות דרכים,סך הכול,13.1
צרפת,2001,תאונות דרכים,סך הכול,13
צרפת,2002,תאונות דרכים,סך הכול,12.4
צרפת,2003,תאונות דרכים,סך הכול,10.2
צרפת,2004,תאונות דרכים,סך הכול,9
צרפת,2005,תאונות דרכים,סך הכול,8.9
צרפת,2006,תאונות דרכים,סך הכול,7.8
צרפת,2007,תאונות דרכים,סך הכול,7.6
צרפת,2008,תאונות דרכים,סך הכול,7.1
צרפת,2009,תאונות דרכים,סך הכול,7.2
צרפת,2010,תאונות דרכים,סך הכול,6.5
צרפת,2011,תאונות דרכים,סך הכול,6.2
צרפת,2012,תאונות דרכים,סך הכול,5.5
צרפת,2013,תאונות דרכים,סך הכול,4.9
צרפת,2014,תאונות דרכים,סך הכול,4.9
צרפת,2015,תאונות דרכים,סך הכול,4.7
צרפת,2016,תאונות דרכים,סך הכול,4.7
צרפת,2017,תאונות דרכים,סך הכול,4.5
צרפת,2018,תאונות דרכים,סך הכול,4
צרפת,2019,תאונות דרכים,סך הכול,3.7
צרפת,2020,תאונות דרכים,סך הכול,3.1
צרפת,2021,תאונות דרכים,סך הכול,3.4
צרפת,2022,תאונות דרכים,סך הכול,3.7
צרפת,2023,תאונות דרכים,סך הכול,3.4
צרפת,2000,תקיפה,גברים,1.1
צרפת,2001,תקיפה,גברים,1
צרפת,2002,תקיפה,גברים,1
צרפת,2003,תקיפה,גברים,0.9
צרפת,2004,תקיפה,גברים,0.9
צרפת,2005,תקיפה,גברים,1
צרפת,2006,תקיפה,גברים,0.9
צרפת,2007,תקיפה,גברים,0.8
צרפת,2008,תקיפה,גברים,1
צרפת,2009,תקיפה,גברים,1
צרפת,2010,תקיפה,גברים,0.8
צרפת,2011,תקיפה,גברים,0.8
צרפת,2012,תקיפה,גברים,0.8
צרפת,2013,תקיפה,גברים,0.8
צרפת,2014,תקיפה,גברים,0.6
צרפת,2015,תקיפה,גברים,0.6
צרפת,2016,תקיפה,גברים,0.6
צרפת,2017,תקיפה,גברים,0.5
צרפת,2018,תקיפה,גברים,0.9
צרפת,2019,תקיפה,גברים,0.9
צרפת,2020,תקיפה,גברים,1
צרפת,2021,תקיפה,גברים,1.1
צרפת,2022,תקיפה,גברים,1.2
צרפת,2023,תקיפה,גברים,1
צרפת,2000,תקיפה,נשים,0.6
צרפת,2001,תקיפה,נשים,0.6
צרפת,2002,תקיפה,נשים,0.7
צרפת,2003,תקיפה,נשים,0.6
צרפת,2004,תקיפה,נשים,0.6
צרפת,2005,תקיפה,נשים,0.5
צרפת,2006,תקיפה,נשים,0.4
צרפת,2007,תקיפה,נשים,0.5
צרפת,2008,תקיפה,נשים,0.5
צרפת,2009,תקיפה,נשים,0.6
צרפת,2010,תקיפה,נשים,0.5
צרפת,2011,תקיפה,נשים,0.4
צרפת,2012,תקיפה,נשים,0.5
צרפת,2013,תקיפה,נשים,0.4
צרפת,2014,תקיפה,נשים,0.3
צרפת,2015,תקיפה,נשים,0.3
צרפת,2016,תקיפה,נשים,0.3
צרפת,2017,תקיפה,נשים,0.3
צרפת,2018,תקיפה,נשים,0.3
צרפת,2019,תקיפה,נשים,0.4
צרפת,2020,תקיפה,נשים,0.4
צרפת,2021,תקיפה,נשים,0.4
צרפת,2022,תקיפה,נשים,0.3
צרפת,2023,תקיפה,נשים,0.4
צרפת,2000,תקיפה,סך הכול,0.9
צרפת,2001,תקיפה,סך הכול,0.8
צרפת,2002,תקיפה,סך הכול,0.8
צרפת,2003,תקיפה,סך הכול,0.7
צרפת,2004,תקיפה,סך הכול,0.8
צרפת,2005,תקיפה,סך הכול,0.7
צרפת,2006,תקיפה,סך הכול,0.7
צרפת,2007,תקיפה,סך הכול,0.6
צרפת,2008,תקיפה,סך הכול,0.7
צרפת,2009,תקיפה,סך הכול,0.8
צרפת,2010,תקיפה,סך הכול,0.7
צרפת,2011,תקיפה,סך הכול,0.6
צרפת,2012,תקיפה,סך הכול,0.6
צרפת,2013,תקיפה,סך הכול,0.6
צרפת,2014,תקיפה,סך הכול,0.5
צרפת,2015,תקיפה,סך הכול,0.5
צרפת,2016,תקיפה,סך הכול,0.4
צרפת,2017,תקיפה,סך הכול,0.4
צרפת,2018,תקיפה,סך הכול,0.6
צרפת,2019,תקיפה,סך הכול,0.6
צרפת,2020,תקיפה,סך הכול,0.7
צרפת,2021,תקיפה,סך הכול,0.8
צרפת,2022,תקיפה,סך הכול,0.8
צרפת,2023,תקיפה,סך הכול,0.7
צ׳כיה,2000,גידולים,גברים,454.1
צ׳כיה,2001,גידולים,גברים,441.5
צ׳כיה,2002,גידולים,גברים,455.8
צ׳כיה,2003,גידולים,גברים,453.1
צ׳כיה,2004,גידולים,גברים,445.7
צ׳כיה,2005,גידולים,גברים,420.2
צ׳כיה,2006,גידולים,גברים,405.5
צ׳כיה,2007,גידולים,גברים,391.1
צ׳כיה,2008,גידולים,גברים,385.7
צ׳כיה,2009,גידולים,גברים,380.5
צ׳כיה,2010,גידולים,גברים,378.5
צ׳כיה,2011,גידולים,גברים,354.4
צ׳כיה,2012,גידולים,גברים,346.2
צ׳כיה,2013,גידולים,גברים,339.2
צ׳כיה,2014,גידולים,גברים,334.6
צ׳כיה,2015,גידולים,גברים,325.8
צ׳כיה,2016,גידולים,גברים,324.5
צ׳כיה,2017,גידולים,גברים,319.2
צ׳כיה,2018,גידולים,גברים,313.6
צ׳כיה,2019,גידולים,גברים,316.7
צ׳כיה,2020,גידולים,גברים,310.1
צ׳כיה,2021,גידולים,גברים,294.6
צ׳כיה,2022,גידולים,גברים,296
צ׳כיה,2023,גידולים,גברים,286.7
צ׳כיה,2024,גידולים,גברים,280.6
צ׳כיה,2000,גידולים,נשים,246.4
צ׳כיה,2001,גידולים,נשים,247.1
צ׳כיה,2002,גידולים,נשים,245.3
צ׳כיה,2003,גידולים,נשים,247.5
צ׳כיה,2004,גידולים,נשים,243.6
צ׳כיה,2005,גידולים,נשים,230.8
צ׳כיה,2006,גידולים,נשים,229.3
צ׳כיה,2007,גידולים,נשים,219.4
צ׳כיה,2008,גידולים,נשים,216
צ׳כיה,2009,גידולים,נשים,211.3
צ׳כיה,2010,גידולים,נשים,208.2
צ׳כיה,2011,גידולים,נשים,204.6
צ׳כיה,2012,גידולים,נשים,203.2
צ׳כיה,2013,גידולים,נשים,196.2
צ׳כיה,2014,גידולים,נשים,194.6
צ׳כיה,2015,גידולים,נשים,191.1
צ׳כיה,2016,גידולים,נשים,190
צ׳כיה,2017,גידולים,נשים,185.3
צ׳כיה,2018,גידולים,נשים,187.8
צ׳כיה,2019,גידולים,נשים,187.8
צ׳כיה,2020,גידולים,נשים,183.8
צ׳כיה,2021,גידולים,נשים,180.5
צ׳כיה,2022,גידולים,נשים,178.6
צ׳כיה,2023,גידולים,נשים,174.4
צ׳כיה,2024,גידולים,נשים,172
צ׳כיה,2000,גידולים,סך הכול,327.8
צ׳כיה,2001,גידולים,סך הכול,322.6
צ׳כיה,2002,גידולים,סך הכול,326.6
צ׳כיה,2003,גידולים,סך הכול,327
צ׳כיה,2004,גידולים,סך הכול,322.6
צ׳כיה,2005,גידולים,סך הכול,304.1
צ׳כיה,2006,גידולים,סך הכול,298.1
צ׳כיה,2007,גידולים,סך הכול,287.4
צ׳כיה,2008,גידולים,סך הכול,283.2
צ׳כיה,2009,גידולים,סך הכול,279.1
צ׳כיה,2010,גידולים,סך הכול,276.1
צ׳כיה,2011,גידולים,סך הכול,264.4
צ׳כיה,2012,גידולים,סך הכול,260.7
צ׳כיה,2013,גידולים,סך הכול,253.6
צ׳כיה,2014,גידולים,סך הכול,251
צ׳כיה,2015,גידולים,סך הכול,245.1
צ׳כיה,2016,גידולים,סך הכול,244.1
צ׳כיה,2017,גידולים,סך הכול,239.5
צ׳כיה,2018,גידולים,סך הכול,239.2
צ׳כיה,2019,גידולים,סך הכול,240.1
צ׳כיה,2020,גידולים,סך הכול,235
צ׳כיה,2021,גידולים,סך הכול,226.5
צ׳כיה,2022,גידולים,סך הכול,225.7
צ׳כיה,2023,גידולים,סך הכול,219.3
צ׳כיה,2024,גידולים,סך הכול,216.1
צ׳כיה,2000,מחלות זיהומיות,גברים,4.1
צ׳כיה,2001,מחלות זיהומיות,גברים,4.2
צ׳כיה,2002,מחלות זיהומיות,גברים,4.3
צ׳כיה,2003,מחלות זיהומיות,גברים,5
צ׳כיה,2004,מחלות זיהומיות,גברים,4.9
צ׳כיה,2005,מחלות זיהומיות,גברים,5.1
צ׳כיה,2006,מחלות זיהומיות,גברים,6.2
צ׳כיה,2007,מחלות זיהומיות,גברים,8.6
צ׳כיה,2008,מחלות זיהומיות,גברים,12.2
צ׳כיה,2009,מחלות זיהומיות,גברים,13.8
צ׳כיה,2010,מחלות זיהומיות,גברים,12
צ׳כיה,2011,מחלות זיהומיות,גברים,16.2
צ׳כיה,2012,מחלות זיהומיות,גברים,19.7
צ׳כיה,2013,מחלות זיהומיות,גברים,18.3
צ׳כיה,2014,מחלות זיהומיות,גברים,20.9
צ׳כיה,2015,מחלות זיהומיות,גברים,22.7
צ׳כיה,2016,מחלות זיהומיות,גברים,23.3
צ׳כיה,2017,מחלות זיהומיות,גברים,21.7
צ׳כיה,2018,מחלות זיהומיות,גברים,19.3
צ׳כיה,2019,מחלות זיהומיות,גברים,19.3
צ׳כיה,2020,מחלות זיהומיות,גברים,21.7
צ׳כיה,2021,מחלות זיהומיות,גברים,23.5
צ׳כיה,2022,מחלות זיהומיות,גברים,24.8
צ׳כיה,2023,מחלות זיהומיות,גברים,24.7
צ׳כיה,2024,מחלות זיהומיות,גברים,23.7
צ׳כיה,2000,מחלות זיהומיות,נשים,2.2
צ׳כיה,2001,מחלות זיהומיות,נשים,3
צ׳כיה,2002,מחלות זיהומיות,נשים,3.3
צ׳כיה,2003,מחלות זיהומיות,נשים,2.8
צ׳כיה,2004,מחלות זיהומיות,נשים,2.8
צ׳כיה,2005,מחלות זיהומיות,נשים,4
צ׳כיה,2006,מחלות זיהומיות,נשים,4.2
צ׳כיה,2007,מחלות זיהומיות,נשים,6.8
צ׳כיה,2008,מחלות זיהומיות,נשים,8.4
צ׳כיה,2009,מחלות זיהומיות,נשים,10.4
צ׳כיה,2010,מחלות זיהומיות,נשים,9.8
צ׳כיה,2011,מחלות זיהומיות,נשים,11.9
צ׳כיה,2012,מחלות זיהומיות,נשים,13.7
צ׳כיה,2013,מחלות זיהומיות,נשים,13.5
צ׳כיה,2014,מחלות זיהומיות,נשים,14
צ׳כיה,2015,מחלות זיהומיות,נשים,16.2
צ׳כיה,2016,מחלות זיהומיות,נשים,16
צ׳כיה,2017,מחלות זיהומיות,נשים,16.6
צ׳כיה,2018,מחלות זיהומיות,נשים,13.5
צ׳כיה,2019,מחלות זיהומיות,נשים,14.2
צ׳כיה,2020,מחלות זיהומיות,נשים,14.2
צ׳כיה,2021,מחלות זיהומיות,נשים,15.6
צ׳כיה,2022,מחלות זיהומיות,נשים,16.9
צ׳כיה,2023,מחלות זיהומיות,נשים,16.2
צ׳כיה,2024,מחלות זיהומיות,נשים,17.3
צ׳כיה,2000,מחלות זיהומיות,סך הכול,3
צ׳כיה,2001,מחלות זיהומיות,סך הכול,3.5
צ׳כיה,2002,מחלות זיהומיות,סך הכול,3.8
צ׳כיה,2003,מחלות זיהומיות,סך הכול,3.6
צ׳כיה,2004,מחלות זיהומיות,סך הכול,3.7
צ׳כיה,2005,מחלות זיהומיות,סך הכול,4.5
צ׳כיה,2006,מחלות זיהומיות,סך הכול,5.1
צ׳כיה,2007,מחלות זיהומיות,סך הכול,7.6
צ׳כיה,2008,מחלות זיהומיות,סך הכול,9.9
צ׳כיה,2009,מחלות זיהומיות,סך הכול,11.9
צ׳כיה,2010,מחלות זיהומיות,סך הכול,10.8
צ׳כיה,2011,מחלות זיהומיות,סך הכול,13.8
צ׳כיה,2012,מחלות זיהומיות,סך הכול,16.2
צ׳כיה,2013,מחלות זיהומיות,סך הכול,15.4
צ׳כיה,2014,מחלות זיהומיות,סך הכול,16.8
צ׳כיה,2015,מחלות זיהומיות,סך הכול,18.8
צ׳כיה,2016,מחלות זיהומיות,סך הכול,19
צ׳כיה,2017,מחלות זיהומיות,סך הכול,18.9
צ׳כיה,2018,מחלות זיהומיות,סך הכול,16
צ׳כיה,2019,מחלות זיהומיות,סך הכול,16.4
צ׳כיה,2020,מחלות זיהומיות,סך הכול,17.3
צ׳כיה,2021,מחלות זיהומיות,סך הכול,19
צ׳כיה,2022,מחלות זיהומיות,סך הכול,20.1
צ׳כיה,2023,מחלות זיהומיות,סך הכול,19.6
צ׳כיה,2024,מחלות זיהומיות,סך הכול,20
צ׳כיה,2000,מחלות כלי דם במוח,גברים,265.4
צ׳כיה,2001,מחלות כלי דם במוח,גברים,252
צ׳כיה,2002,מחלות כלי דם במוח,גברים,245.9
צ׳כיה,2003,מחלות כלי דם במוח,גברים,254.1
צ׳כיה,2004,מחלות כלי דם במוח,גברים,217.5
צ׳כיה,2005,מחלות כלי דם במוח,גברים,211.1
צ׳כיה,2006,מחלות כלי דם במוח,גברים,194.7
צ׳כיה,2007,מחלות כלי דם במוח,גברים,155.7
צ׳כיה,2008,מחלות כלי דם במוח,גברים,147.3
צ׳כיה,2009,מחלות כלי דם במוח,גברים,151.4
צ׳כיה,2010,מחלות כלי דם במוח,גברים,135.8
צ׳כיה,2011,מחלות כלי דם במוח,גברים,125.7
צ׳כיה,2012,מחלות כלי דם במוח,גברים,123.4
צ׳כיה,2013,מחלות כלי דם במוח,גברים,116.9
צ׳כיה,2014,מחלות כלי דם במוח,גברים,104
צ׳כיה,2015,מחלות כלי דם במוח,גברים,101.2
צ׳כיה,2016,מחלות כלי דם במוח,גברים,92.8
צ׳כיה,2017,מחלות כלי דם במוח,גברים,88.4
צ׳כיה,2018,מחלות כלי דם במוח,גברים,81.1
צ׳כיה,2019,מחלות כלי דם במוח,גברים,74.2
צ׳כיה,2020,מחלות כלי דם במוח,גברים,75.7
צ׳כיה,2021,מחלות כלי דם במוח,גברים,69.3
צ׳כיה,2022,מחלות כלי דם במוח,גברים,66.3
צ׳כיה,2023,מחלות כלי דם במוח,גברים,62.7
צ׳כיה,2024,מחלות כלי דם במוח,גברים,53.7
צ׳כיה,2000,מחלות כלי דם במוח,נשים,217.5
צ׳כיה,2001,מחלות כלי דם במוח,נשים,217
צ׳כיה,2002,מחלות כלי דם במוח,נשים,213.8
צ׳כיה,2003,מחלות כלי דם במוח,נשים,217.9
צ׳כיה,2004,מחלות כלי דם במוח,נשים,182
צ׳כיה,2005,מחלות כלי דם במוח,נשים,179.8
צ׳כיה,2006,מחלות כלי דם במוח,נשים,164.4
צ׳כיה,2007,מחלות כלי דם במוח,נשים,131.4
צ׳כיה,2008,מחלות כלי דם במוח,נשים,128.2
צ׳כיה,2009,מחלות כלי דם במוח,נשים,129.6
צ׳כיה,2010,מחלות כלי דם במוח,נשים,120.7
צ׳כיה,2011,מחלות כלי דם במוח,נשים,108.6
צ׳כיה,2012,מחלות כלי דם במוח,נשים,103.5
צ׳כיה,2013,מחלות כלי דם במוח,נשים,97.2
צ׳כיה,2014,מחלות כלי דם במוח,נשים,86.7
צ׳כיה,2015,מחלות כלי דם במוח,נשים,86.9
צ׳כיה,2016,מחלות כלי דם במוח,נשים,76.5
צ׳כיה,2017,מחלות כלי דם במוח,נשים,71.9
צ׳כיה,2018,מחלות כלי דם במוח,נשים,65.8
צ׳כיה,2019,מחלות כלי דם במוח,נשים,60
צ׳כיה,2020,מחלות כלי דם במוח,נשים,59.1
צ׳כיה,2021,מחלות כלי דם במוח,נשים,56.5
צ׳כיה,2022,מחלות כלי דם במוח,נשים,53.4
צ׳כיה,2023,מחלות כלי דם במוח,נשים,48.1
צ׳כיה,2024,מחלות כלי דם במוח,נשים,43.1
צ׳כיה,2000,מחלות כלי דם במוח,סך הכול,236.5
צ׳כיה,2001,מחלות כלי דם במוח,סך הכול,231.2
צ׳כיה,2002,מחלות כלי דם במוח,סך הכול,227.7
צ׳כיה,2003,מחלות כלי דם במוח,סך הכול,233.1
צ׳כיה,2004,מחלות כלי דם במוח,סך הכול,196.5
צ׳כיה,2005,מחלות כלי דם במוח,סך הכול,193
צ׳כיה,2006,מחלות כלי דם במוח,סך הכול,176.9
צ׳כיה,2007,מחלות כלי דם במוח,סך הכול,141.7
צ׳כיה,2008,מחלות כלי דם במוח,סך הכול,137
צ׳כיה,2009,מחלות כלי דם במוח,סך הכול,139
צ׳כיה,2010,מחלות כלי דם במוח,סך הכול,128
צ׳כיה,2011,מחלות כלי דם במוח,סך הכול,116.5
צ׳כיה,2012,מחלות כלי דם במוח,סך הכול,112.3
צ׳כיה,2013,מחלות כלי דם במוח,סך הכול,105.9
צ׳כיה,2014,מחלות כלי דם במוח,סך הכול,94.5
צ׳כיה,2015,מחלות כלי דם במוח,סך הכול,93.9
צ׳כיה,2016,מחלות כלי דם במוח,סך הכול,84.2
צ׳כיה,2017,מחלות כלי דם במוח,סך הכול,79.4
צ׳כיה,2018,מחלות כלי דם במוח,סך הכול,72.9
צ׳כיה,2019,מחלות כלי דם במוח,סך הכול,66.4
צ׳כיה,2020,מחלות כלי דם במוח,סך הכול,66.5
צ׳כיה,2021,מחלות כלי דם במוח,סך הכול,62.6
צ׳כיה,2022,מחלות כלי דם במוח,סך הכול,59.4
צ׳כיה,2023,מחלות כלי דם במוח,סך הכול,54.6
צ׳כיה,2024,מחלות כלי דם במוח,סך הכול,48.2
צ׳כיה,2000,מחלות לב איסכמיות,גברים,391.8
צ׳כיה,2001,מחלות לב איסכמיות,גברים,388.2
צ׳כיה,2002,מחלות לב איסכמיות,גברים,379.1
צ׳כיה,2003,מחלות לב איסכמיות,גברים,375.7
צ׳כיה,2004,מחלות לב איסכמיות,גברים,347.1
צ׳כיה,2005,מחלות לב איסכמיות,גברים,371.2
צ׳כיה,2006,מחלות לב איסכמיות,גברים,359.8
צ׳כיה,2007,מחלות לב איסכמיות,גברים,389.1
צ׳כיה,2008,מחלות לב איסכמיות,גברים,369.7
צ׳כיה,2009,מחלות לב איסכמיות,גברים,356.2
צ׳כיה,2010,מחלות לב איסכמיות,גברים,348
צ׳כיה,2011,מחלות לב איסכמיות,גברים,359.3
צ׳כיה,2012,מחלות לב איסכמיות,גברים,352.8
צ׳כיה,2013,מחלות לב איסכמיות,גברים,358.4
צ׳כיה,2014,מחלות לב איסכמיות,גברים,327.6
צ׳כיה,2015,מחלות לב איסכמיות,גברים,325.8
צ׳כיה,2016,מחלות לב איסכמיות,גברים,292.6
צ׳כיה,2017,מחלות לב איסכמיות,גברים,286.9
צ׳כיה,2018,מחלות לב איסכמיות,גברים,273.8
צ׳כיה,2019,מחלות לב איסכמיות,גברים,256.5
צ׳כיה,2020,מחלות לב איסכמיות,גברים,269.2
צ׳כיה,2021,מחלות לב איסכמיות,גברים,256.3
צ׳כיה,2022,מחלות לב איסכמיות,גברים,225.6
צ׳כיה,2023,מחלות לב איסכמיות,גברים,205.2
צ׳כיה,2024,מחלות לב איסכמיות,גברים,190
צ׳כיה,2000,מחלות לב איסכמיות,נשים,232.3
צ׳כיה,2001,מחלות לב איסכמיות,נשים,230
צ׳כיה,2002,מחלות לב איסכמיות,נשים,230.7
צ׳כיה,2003,מחלות לב איסכמיות,נשים,230.2
צ׳כיה,2004,מחלות לב איסכמיות,נשים,213.8
צ׳כיה,2005,מחלות לב איסכמיות,נשים,244.5
צ׳כיה,2006,מחלות לב איסכמיות,נשים,230.7
צ׳כיה,2007,מחלות לב איסכמיות,נשים,262
צ׳כיה,2008,מחלות לב איסכמיות,נשים,248.2
צ׳כיה,2009,מחלות לב איסכמיות,נשים,241.1
צ׳כיה,2010,מחלות לב איסכמיות,נשים,223.3
צ׳כיה,2011,מחלות לב איסכמיות,נשים,232.9
צ׳כיה,2012,מחלות לב איסכמיות,נשים,229.4
צ׳כיה,2013,מחלות לב איסכמיות,נשים,232.6
צ׳כיה,2014,מחלות לב איסכמיות,נשים,210.6
צ׳כיה,2015,מחלות לב איסכמיות,נשים,213
צ׳כיה,2016,מחלות לב איסכמיות,נשים,179.6
צ׳כיה,2017,מחלות לב איסכמיות,נשים,183.8
צ׳כיה,2018,מחלות לב איסכמיות,נשים,167.8
צ׳כיה,2019,מחלות לב איסכמיות,נשים,158.5
צ׳כיה,2020,מחלות לב איסכמיות,נשים,162.2
צ׳כיה,2021,מחלות לב איסכמיות,נשים,148.7
צ׳כיה,2022,מחלות לב איסכמיות,נשים,136.1
צ׳כיה,2023,מחלות לב איסכמיות,נשים,117.4
צ׳כיה,2024,מחלות לב איסכמיות,נשים,106.2
צ׳כיה,2000,מחלות לב איסכמיות,סך הכול,296.9
צ׳כיה,2001,מחלות לב איסכמיות,סך הכול,292.9
צ׳כיה,2002,מחלות לב איסכמיות,סך הכול,289.9
צ׳כיה,2003,מחלות לב איסכמיות,סך הכול,288
צ׳כיה,2004,מחלות לב איסכמיות,סך הכול,267.4
צ׳כיה,2005,מחלות לב איסכמיות,סך הכול,296.1
צ׳כיה,2006,מחלות לב איסכמיות,סך הכול,282.9
צ׳כיה,2007,מחלות לב איסכמיות,סך הכול,314.2
צ׳כיה,2008,מחלות לב איסכמיות,סך הכול,298.8
צ׳כיה,2009,מחלות לב איסכמיות,סך הכול,288.9
צ׳כיה,2010,מחלות לב איסכמיות,סך הכול,274.7
צ׳כיה,2011,מחלות לב איסכמיות,סך הכול,285.2
צ׳כיה,2012,מחלות לב איסכמיות,סך הכול,280.6
צ׳כיה,2013,מחלות לב איסכמיות,סך הכול,284.9
צ׳כיה,2014,מחלות לב איסכמיות,סך הכול,259.9
צ׳כיה,2015,מחלות לב איסכמיות,סך הכול,260.4
צ׳כיה,2016,מחלות לב איסכמיות,סך הכול,226.6
צ׳כיה,2017,מחלות לב איסכמיות,סך הכול,227.4
צ׳כיה,2018,מחלות לב איסכמיות,סך הכול,212.6
צ׳כיה,2019,מחלות לב איסכמיות,סך הכול,200
צ׳כיה,2020,מחלות לב איסכמיות,סך הכול,207.3
צ׳כיה,2021,מחלות לב איסכמיות,סך הכול,193.6
צ׳כיה,2022,מחלות לב איסכמיות,סך הכול,173.7
צ׳כיה,2023,מחלות לב איסכמיות,סך הכול,154.4
צ׳כיה,2024,מחלות לב איסכמיות,סך הכול,141.8
צ׳כיה,2000,מחלות מערכת הדם,גברים,924.9
צ׳כיה,2001,מחלות מערכת הדם,גברים,911.1
צ׳כיה,2002,מחלות מערכת הדם,גברים,911
צ׳כיה,2003,מחלות מערכת הדם,גברים,931.8
צ׳כיה,2004,מחלות מערכת הדם,גברים,867.8
צ׳כיה,2005,מחלות מערכת הדם,גברים,832.1
צ׳כיה,2006,מחלות מערכת הדם,גברים,781.1
צ׳כיה,2007,מחלות מערכת הדם,גברים,740.3
צ׳כיה,2008,מחלות מערכת הדם,גברים,712.9
צ׳כיה,2009,מחלות מערכת הדם,גברים,715.9
צ׳כיה,2010,מחלות מערכת הדם,גברים,697.2
צ׳כיה,2011,מחלות מערכת הדם,גברים,673.3
צ׳כיה,2012,מחלות מערכת הדם,גברים,660.8
צ׳כיה,2013,מחלות מערכת הדם,גברים,630.6
צ׳כיה,2014,מחלות מערכת הדם,גברים,582.5
צ׳כיה,2015,מחלות מערכת הדם,גברים,591.8
צ׳כיה,2016,מחלות מערכת הדם,גברים,548.3
צ׳כיה,2017,מחלות מערכת הדם,גברים,548.2
צ׳כיה,2018,מחלות מערכת הדם,גברים,533.9
צ׳כיה,2019,מחלות מערכת הדם,גברים,509.7
צ׳כיה,2020,מחלות מערכת הדם,גברים,538.4
צ׳כיה,2021,מחלות מערכת הדם,גברים,516.2
צ׳כיה,2022,מחלות מערכת הדם,גברים,485.7
צ׳כיה,2023,מחלות מערכת הדם,גברים,455.6
צ׳כיה,2024,מחלות מערכת הדם,גברים,430.2
צ׳כיה,2000,מחלות מערכת הדם,נשים,660.8
צ׳כיה,2001,מחלות מערכת הדם,נשים,663.3
צ׳כיה,2002,מחלות מערכת הדם,נשים,667.3
צ׳כיה,2003,מחלות מערכת הדם,נשים,681.8
צ׳כיה,2004,מחלות מערכת הדם,נשים,632.5
צ׳כיה,2005,מחלות מערכת הדם,נשים,625.4
צ׳כיה,2006,מחלות מערכת הדם,נשים,565.6
צ׳כיה,2007,מחלות מערכת הדם,נשים,545.5
צ׳כיה,2008,מחלות מערכת הדם,נשים,522.1
צ׳כיה,2009,מחלות מערכת הדם,נשים,529.1
צ׳כיה,2010,מחלות מערכת הדם,נשים,504.8
צ׳כיה,2011,מחלות מערכת הדם,נשים,478.6
צ׳כיה,2012,מחלות מערכת הדם,נשים,472.6
צ׳כיה,2013,מחלות מערכת הדם,נשים,448.9
צ׳כיה,2014,מחלות מערכת הדם,נשים,410
צ׳כיה,2015,מחלות מערכת הדם,נשים,423.1
צ׳כיה,2016,מחלות מערכת הדם,נשים,381.5
צ׳כיה,2017,מחלות מערכת הדם,נשים,390.8
צ׳כיה,2018,מחלות מערכת הדם,נשים,374.5
צ׳כיה,2019,מחלות מערכת הדם,נשים,357.5
צ׳כיה,2020,מחלות מערכת הדם,נשים,374.1
צ׳כיה,2021,מחלות מערכת הדם,נשים,351.3
צ׳כיה,2022,מחלות מערכת הדם,נשים,341.9
צ׳כיה,2023,מחלות מערכת הדם,נשים,308.1
צ׳כיה,2024,מחלות מערכת הדם,נשים,292.2
צ׳כיה,2000,מחלות מערכת הדם,סך הכול,768.4
צ׳כיה,2001,מחלות מערכת הדם,סך הכול,763.4
צ׳כיה,2002,מחלות מערכת הדם,סך הכול,766.3
צ׳כיה,2003,מחלות מערכת הדם,סך הכול,782.8
צ׳כיה,2004,מחלות מערכת הדם,סך הכול,728.1
צ׳כיה,2005,מחלות מערכת הדם,סך הכול,712
צ׳כיה,2006,מחלות מערכת הדם,סך הכול,654
צ׳כיה,2007,מחלות מערכת הדם,סך הכול,627.4
צ׳כיה,2008,מחלות מערכת הדם,סך הכול,603.1
צ׳כיה,2009,מחלות מערכת הדם,סך הכול,607.6
צ׳כיה,2010,מחלות מערכת הדם,סך הכול,585.5
צ׳כיה,2011,מחלות מערכת הדם,סך הכול,561
צ׳כיה,2012,מחלות מערכת הדם,סך הכול,552.5
צ׳כיה,2013,מחלות מערכת הדם,סך הכול,526.3
צ׳כיה,2014,מחלות מערכת הדם,סך הכול,484.1
צ׳כיה,2015,מחלות מערכת הדם,סך הכול,496.2
צ׳כיה,2016,מחלות מערכת הדם,סך הכול,453
צ׳כיה,2017,מחלות מערכת הדם,סך הכול,459.3
צ׳כיה,2018,מחלות מערכת הדם,סך הכול,444.5
צ׳כיה,2019,מחלות מערכת הדם,סך הכול,424.1
צ׳כיה,2020,מחלות מערכת הדם,סך הכול,445.8
צ׳כיה,2021,מחלות מערכת הדם,סך הכול,422.7
צ׳כיה,2022,מחלות מערכת הדם,סך הכול,404.6
צ׳כיה,2023,מחלות מערכת הדם,סך הכול,372.1
צ׳כיה,2024,מחלות מערכת הדם,סך הכול,352.8
צ׳כיה,2000,מחלות מערכת הנשימה,גברים,88.5
צ׳כיה,2001,מחלות מערכת הנשימה,גברים,86.5
צ׳כיה,2002,מחלות מערכת הנשימה,גברים,87.2
צ׳כיה,2003,מחלות מערכת הנשימה,גברים,94.2
צ׳כיה,2004,מחלות מערכת הנשימה,גברים,87.5
צ׳כיה,2005,מחלות מערכת הנשימה,גברים,105.3
צ׳כיה,2006,מחלות מערכת הנשימה,גברים,97.3
צ׳כיה,2007,מחלות מערכת הנשימה,גברים,94.4
צ׳כיה,2008,מחלות מערכת הנשימה,גברים,92.7
צ׳כיה,2009,מחלות מערכת הנשימה,גברים,99.3
צ׳כיה,2010,מחלות מערכת הנשימה,גברים,93.2
צ׳כיה,2011,מחלות מערכת הנשימה,גברים,87.4
צ׳כיה,2012,מחלות מערכת הנשימה,גברים,85.3
צ׳כיה,2013,מחלות מערכת הנשימה,גברים,97.9
צ׳כיה,2014,מחלות מערכת הנשימה,גברים,88.2
צ׳כיה,2015,מחלות מערכת הנשימה,גברים,99.5
צ׳כיה,2016,מחלות מערכת הנשימה,גברים,93.5
צ׳כיה,2017,מחלות מערכת הנשימה,גברים,102.3
צ׳כיה,2018,מחלות מערכת הנשימה,גברים,100.8
צ׳כיה,2019,מחלות מערכת הנשימה,גברים,98.6
צ׳כיה,2020,מחלות מערכת הנשימה,גברים,101.5
צ׳כיה,2021,מחלות מערכת הנשימה,גברים,92.7
צ׳כיה,2022,מחלות מערכת הנשימה,גברים,99.2
צ׳כיה,2023,מחלות מערכת הנשימה,גברים,95.4
צ׳כיה,2024,מחלות מערכת הנשימה,גברים,94
צ׳כיה,2000,מחלות מערכת הנשימה,נשים,48.1
צ׳כיה,2001,מחלות מערכת הנשימה,נשים,43.5
צ׳כיה,2002,מחלות מערכת הנשימה,נשים,44.6
צ׳כיה,2003,מחלות מערכת הנשימה,נשים,51.7
צ׳כיה,2004,מחלות מערכת הנשימה,נשים,42.5
צ׳כיה,2005,מחלות מערכת הנשימה,נשים,56.5
צ׳כיה,2006,מחלות מערכת הנשימה,נשים,51.6
צ׳כיה,2007,מחלות מערכת הנשימה,נשים,48.4
צ׳כיה,2008,מחלות מערכת הנשימה,נשים,46.9
צ׳כיה,2009,מחלות מערכת הנשימה,נשים,50.6
צ׳כיה,2010,מחלות מערכת הנשימה,נשים,47.6
צ׳כיה,2011,מחלות מערכת הנשימה,נשים,40.7
צ׳כיה,2012,מחלות מערכת הנשימה,נשים,43.3
צ׳כיה,2013,מחלות מערכת הנשימה,נשים,47.6
צ׳כיה,2014,מחלות מערכת הנשימה,נשים,42.2
צ׳כיה,2015,מחלות מערכת הנשימה,נשים,51.6
צ׳כיה,2016,מחלות מערכת הנשימה,נשים,47.4
צ׳כיה,2017,מחלות מערכת הנשימה,נשים,54.3
צ׳כיה,2018,מחלות מערכת הנשימה,נשים,55.6
צ׳כיה,2019,מחלות מערכת הנשימה,נשים,53.4
צ׳כיה,2020,מחלות מערכת הנשימה,נשים,50.8
צ׳כיה,2021,מחלות מערכת הנשימה,נשים,47.2
צ׳כיה,2022,מחלות מערכת הנשימה,נשים,52.7
צ׳כיה,2023,מחלות מערכת הנשימה,נשים,54.1
צ׳כיה,2024,מחלות מערכת הנשימה,נשים,52.5
צ׳כיה,2000,מחלות מערכת הנשימה,סך הכול,63.5
צ׳כיה,2001,מחלות מערכת הנשימה,סך הכול,59.5
צ׳כיה,2002,מחלות מערכת הנשימה,סך הכול,60.2
צ׳כיה,2003,מחלות מערכת הנשימה,סך הכול,67.7
צ׳כיה,2004,מחלות מערכת הנשימה,סך הכול,59.3
צ׳כיה,2005,מחלות מערכת הנשימה,סך הכול,74.8
צ׳כיה,2006,מחלות מערכת הנשימה,סך הכול,68.5
צ׳כיה,2007,מחלות מערכת הנשימה,סך הכול,65.6
צ׳כיה,2008,מחלות מערכת הנשימה,סך הכול,63.9
צ׳כיה,2009,מחלות מערכת הנשימה,סך הכול,69
צ׳כיה,2010,מחלות מערכת הנשימה,סך הכול,64.8
צ׳כיה,2011,מחלות מערכת הנשימה,סך הכול,58.4
צ׳כיה,2012,מחלות מערכת הנשימה,סך הכול,59.3
צ׳כיה,2013,מחלות מערכת הנשימה,סך הכול,67
צ׳כיה,2014,מחלות מערכת הנשימה,סך הכול,59.9
צ׳כיה,2015,מחלות מערכת הנשימה,סך הכול,70.5
צ׳כיה,2016,מחלות מערכת הנשימה,סך הכול,65.7
צ׳כיה,2017,מחלות מערכת הנשימה,סך הכול,73.3
צ׳כיה,2018,מחלות מערכת הנשימה,סך הכול,73.6
צ׳כיה,2019,מחלות מערכת הנשימה,סך הכול,71.4
צ׳כיה,2020,מחלות מערכת הנשימה,סך הכול,70.9
צ׳כיה,2021,מחלות מערכת הנשימה,סך הכול,65.5
צ׳כיה,2022,מחלות מערכת הנשימה,סך הכול,71.3
צ׳כיה,2023,מחלות מערכת הנשימה,סך הכול,70.6
צ׳כיה,2024,מחלות מערכת הנשימה,סך הכול,69
צ׳כיה,2000,נפילות,גברים,28.9
צ׳כיה,2001,נפילות,גברים,27.8
צ׳כיה,2002,נפילות,גברים,29.8
צ׳כיה,2003,נפילות,גברים,33.7
צ׳כיה,2004,נפילות,גברים,29.5
צ׳כיה,2005,נפילות,גברים,21.8
צ׳כיה,2006,נפילות,גברים,19.9
צ׳כיה,2007,נפילות,גברים,15
צ׳כיה,2008,נפילות,גברים,15.2
צ׳כיה,2009,נפילות,גברים,23
צ׳כיה,2010,נפילות,גברים,19.6
צ׳כיה,2011,נפילות,גברים,12.5
צ׳כיה,2012,נפילות,גברים,10.9
צ׳כיה,2013,נפילות,גברים,9.9
צ׳כיה,2014,נפילות,גברים,8.3
צ׳כיה,2015,נפילות,גברים,8.6
צ׳כיה,2016,נפילות,גברים,7.8
צ׳כיה,2017,נפילות,גברים,8.6
צ׳כיה,2018,נפילות,גברים,8.8
צ׳כיה,2019,נפילות,גברים,9.4
צ׳כיה,2020,נפילות,גברים,8.5
צ׳כיה,2021,נפילות,גברים,6.7
צ׳כיה,2022,נפילות,גברים,6.9
צ׳כיה,2023,נפילות,גברים,8.1
צ׳כיה,2024,נפילות,גברים,7.3
צ׳כיה,2000,נפילות,נשים,24.2
צ׳כיה,2001,נפילות,נשים,24.6
צ׳כיה,2002,נפילות,נשים,23
צ׳כיה,2003,נפילות,נשים,26.6
צ׳כיה,2004,נפילות,נשים,26.9
צ׳כיה,2005,נפילות,נשים,17.4
צ׳כיה,2006,נפילות,נשים,12.5
צ׳כיה,2007,נפילות,נשים,9.8
צ׳כיה,2008,נפילות,נשים,9
צ׳כיה,2009,נפילות,נשים,11.7
צ׳כיה,2010,נפילות,נשים,11.3
צ׳כיה,2011,נפילות,נשים,5.5
צ׳כיה,2012,נפילות,נשים,5.3
צ׳כיה,2013,נפילות,נשים,4
צ׳כיה,2014,נפילות,נשים,3.2
צ׳כיה,2015,נפילות,נשים,3.4
צ׳כיה,2016,נפילות,נשים,3.2
צ׳כיה,2017,נפילות,נשים,3
צ׳כיה,2018,נפילות,נשים,2.9
צ׳כיה,2019,נפילות,נשים,3.4
צ׳כיה,2020,נפילות,נשים,3.4
צ׳כיה,2021,נפילות,נשים,3.2
צ׳כיה,2022,נפילות,נשים,2.5
צ׳כיה,2023,נפילות,נשים,2.4
צ׳כיה,2024,נפילות,נשים,2.3
צ׳כיה,2000,נפילות,סך הכול,26.7
צ׳כיה,2001,נפילות,סך הכול,26.5
צ׳כיה,2002,נפילות,סך הכול,26
צ׳כיה,2003,נפילות,סך הכול,29.8
צ׳כיה,2004,נפילות,סך הכול,28.7
צ׳כיה,2005,נפילות,סך הכול,19.5
צ׳כיה,2006,נפילות,סך הכול,15.5
צ׳כיה,2007,נפילות,סך הכול,12
צ׳כיה,2008,נפילות,סך הכול,11.7
צ׳כיה,2009,נפילות,סך הכול,16.3
צ׳כיה,2010,נפילות,סך הכול,14.8
צ׳כיה,2011,נפילות,סך הכול,8.3
צ׳כיה,2012,נפילות,סך הכול,7.7
צ׳כיה,2013,נפילות,סך הכול,6.5
צ׳כיה,2014,נפילות,סך הכול,5.4
צ׳כיה,2015,נפילות,סך הכול,5.6
צ׳כיה,2016,נפילות,סך הכול,5.2
צ׳כיה,2017,נפילות,סך הכול,5.4
צ׳כיה,2018,נפילות,סך הכול,5.5
צ׳כיה,2019,נפילות,סך הכול,6
צ׳כיה,2020,נפילות,סך הכול,5.7
צ׳כיה,2021,נפילות,סך הכול,4.8
צ׳כיה,2022,נפילות,סך הכול,4.5
צ׳כיה,2023,נפילות,סך הכול,4.8
צ׳כיה,2024,נפילות,סך הכול,4.4
צ׳כיה,2000,סוכרת,גברים,18.4
צ׳כיה,2001,סוכרת,גברים,14.9
צ׳כיה,2002,סוכרת,גברים,16.7
צ׳כיה,2003,סוכרת,גברים,18.8
צ׳כיה,2004,סוכרת,גברים,16.8
צ׳כיה,2005,סוכרת,גברים,17.8
צ׳כיה,2006,סוכרת,גברים,18.6
צ׳כיה,2007,סוכרת,גברים,30.2
צ׳כיה,2008,סוכרת,גברים,24.4
צ׳כיה,2009,סוכרת,גברים,24.1
צ׳כיה,2010,סוכרת,גברים,22.5
צ׳כיה,2011,סוכרת,גברים,26.7
צ׳כיה,2012,סוכרת,גברים,25.6
צ׳כיה,2013,סוכרת,גברים,42.7
צ׳כיה,2014,סוכרת,גברים,39.6
צ׳כיה,2015,סוכרת,גברים,41.6
צ׳כיה,2016,סוכרת,גברים,40.4
צ׳כיה,2017,סוכרת,גברים,40
צ׳כיה,2018,סוכרת,גברים,44
צ׳כיה,2019,סוכרת,גברים,44.1
צ׳כיה,2020,סוכרת,גברים,50.2
צ׳כיה,2021,סוכרת,גברים,53.2
צ׳כיה,2022,סוכרת,גברים,48.7
צ׳כיה,2023,סוכרת,גברים,48.9
צ׳כיה,2024,סוכרת,גברים,46.1
צ׳כיה,2000,סוכרת,נשים,15.9
צ׳כיה,2001,סוכרת,נשים,14
צ׳כיה,2002,סוכרת,נשים,14.2
צ׳כיה,2003,סוכרת,נשים,16.2
צ׳כיה,2004,סוכרת,נשים,15.2
צ׳כיה,2005,סוכרת,נשים,15.3
צ׳כיה,2006,סוכרת,נשים,15.3
צ׳כיה,2007,סוכרת,נשים,25.4
צ׳כיה,2008,סוכרת,נשים,19.3
צ׳כיה,2009,סוכרת,נשים,18.5
צ׳כיה,2010,סוכרת,נשים,18.3
צ׳כיה,2011,סוכרת,נשים,22.2
צ׳כיה,2012,סוכרת,נשים,19.5
צ׳כיה,2013,סוכרת,נשים,32.8
צ׳כיה,2014,סוכרת,נשים,29.8
צ׳כיה,2015,סוכרת,נשים,31.2
צ׳כיה,2016,סוכרת,נשים,31
צ׳כיה,2017,סוכרת,נשים,29.5
צ׳כיה,2018,סוכרת,נשים,33.7
צ׳כיה,2019,סוכרת,נשים,32.1
צ׳כיה,2020,סוכרת,נשים,37.5
צ׳כיה,2021,סוכרת,נשים,35.9
צ׳כיה,2022,סוכרת,נשים,34.9
צ׳כיה,2023,סוכרת,נשים,34
צ׳כיה,2024,סוכרת,נשים,33.9
צ׳כיה,2000,סוכרת,סך הכול,17.1
צ׳כיה,2001,סוכרת,סך הכול,14.5
צ׳כיה,2002,סוכרת,סך הכול,15.3
צ׳כיה,2003,סוכרת,סך הכול,17.4
צ׳כיה,2004,סוכרת,סך הכול,16
צ׳כיה,2005,סוכרת,סך הכול,16.5
צ׳כיה,2006,סוכרת,סך הכול,16.9
צ׳כיה,2007,סוכרת,סך הכול,27.7
צ׳כיה,2008,סוכרת,סך הכול,21.5
צ׳כיה,2009,סוכרת,סך הכול,20.9
צ׳כיה,2010,סוכרת,סך הכול,20.2
צ׳כיה,2011,סוכרת,סך הכול,24.4
צ׳כיה,2012,סוכרת,סך הכול,22.3
צ׳כיה,2013,סוכרת,סך הכול,37.1
צ׳כיה,2014,סוכרת,סך הכול,34.1
צ׳כיה,2015,סוכרת,סך הכול,35.6
צ׳כיה,2016,סוכרת,סך הכול,35.1
צ׳כיה,2017,סוכרת,סך הכול,34.1
צ׳כיה,2018,סוכרת,סך הכול,38.1
צ׳כיה,2019,סוכרת,סך הכול,37.3
צ׳כיה,2020,סוכרת,סך הכול,43.1
צ׳כיה,2021,סוכרת,סך הכול,43.4
צ׳כיה,2022,סוכרת,סך הכול,40.8
צ׳כיה,2023,סוכרת,סך הכול,40.3
צ׳כיה,2024,סוכרת,סך הכול,39.2
צ׳כיה,2020,קורונה,גברים,131.4
צ׳כיה,2021,קורונה,גברים,303.9
צ׳כיה,2022,קורונה,גברים,73.3
צ׳כיה,2023,קורונה,גברים,20.4
צ׳כיה,2024,קורונה,גברים,8.9
צ׳כיה,2020,קורונה,נשים,64.4
צ׳כיה,2021,קורונה,נשים,150.9
צ׳כיה,2022,קורונה,נשים,38.3
צ׳כיה,2023,קורונה,נשים,10.7
צ׳כיה,2024,קורונה,נשים,4.4
צ׳כיה,2020,קורונה,סך הכול,90.4
צ׳כיה,2021,קורונה,סך הכול,212.5
צ׳כיה,2022,קורונה,סך הכול,51.4
צ׳כיה,2023,קורונה,סך הכול,14.2
צ׳כיה,2024,קורונה,סך הכול,6.1
צ׳כיה,2000,שפעת,גברים,1.7
צ׳כיה,2001,שפעת,גברים,0.4
צ׳כיה,2002,שפעת,גברים,0.4
צ׳כיה,2003,שפעת,גברים,0.4
צ׳כיה,2004,שפעת,גברים,0.3
צ׳כיה,2005,שפעת,גברים,1.1
צ׳כיה,2006,שפעת,גברים,0.1
צ׳כיה,2007,שפעת,גברים,0.6
צ׳כיה,2008,שפעת,גברים,0.7
צ׳כיה,2009,שפעת,גברים,0.8
צ׳כיה,2010,שפעת,גברים,0.9
צ׳כיה,2011,שפעת,גברים,1.1
צ׳כיה,2012,שפעת,גברים,0.8
צ׳כיה,2013,שפעת,גברים,2.4
צ׳כיה,2014,שפעת,גברים,0.4
צ׳כיה,2015,שפעת,גברים,1.1
צ׳כיה,2016,שפעת,גברים,1.4
צ׳כיה,2017,שפעת,גברים,2
צ׳כיה,2018,שפעת,גברים,3.1
צ׳כיה,2019,שפעת,גברים,2.4
צ׳כיה,2020,שפעת,גברים,1.5
צ׳כיה,2021,שפעת,גברים,0.1
צ׳כיה,2022,שפעת,גברים,1.1
צ׳כיה,2023,שפעת,גברים,2.3
צ׳כיה,2024,שפעת,גברים,3.3
צ׳כיה,2000,שפעת,נשים,1.7
צ׳כיה,2001,שפעת,נשים,0.4
צ׳כיה,2002,שפעת,נשים,0.4
צ׳כיה,2003,שפעת,נשים,0.9
צ׳כיה,2004,שפעת,נשים,0.3
צ׳כיה,2005,שפעת,נשים,0.6
צ׳כיה,2006,שפעת,נשים,0.2
צ׳כיה,2007,שפעת,נשים,0.7
צ׳כיה,2008,שפעת,נשים,0.6
צ׳כיה,2009,שפעת,נשים,0.9
צ׳כיה,2010,שפעת,נשים,0.7
צ׳כיה,2011,שפעת,נשים,0.6
צ׳כיה,2012,שפעת,נשים,0.5
צ׳כיה,2013,שפעת,נשים,1.3
צ׳כיה,2014,שפעת,נשים,0.4
צ׳כיה,2015,שפעת,נשים,1.2
צ׳כיה,2016,שפעת,נשים,0.7
צ׳כיה,2017,שפעת,נשים,1.1
צ׳כיה,2018,שפעת,נשים,2.5
צ׳כיה,2019,שפעת,נשים,1.4
צ׳כיה,2020,שפעת,נשים,0.9
צ׳כיה,2021,שפעת,נשים,0.1
צ׳כיה,2022,שפעת,נשים,1.3
צ׳כיה,2023,שפעת,נשים,1.9
צ׳כיה,2024,שפעת,נשים,2.3
צ׳כיה,2000,שפעת,סך הכול,1.7
צ׳כיה,2001,שפעת,סך הכול,0.4
צ׳כיה,2002,שפעת,סך הכול,0.4
צ׳כיה,2003,שפעת,סך הכול,0.8
צ׳כיה,2004,שפעת,סך הכול,0.3
צ׳כיה,2005,שפעת,סך הכול,0.8
צ׳כיה,2006,שפעת,סך הכול,0.2
צ׳כיה,2007,שפעת,סך הכול,0.7
צ׳כיה,2008,שפעת,סך הכול,0.6
צ׳כיה,2009,שפעת,סך הכול,0.9
צ׳כיה,2010,שפעת,סך הכול,0.8
צ׳כיה,2011,שפעת,סך הכול,0.8
צ׳כיה,2012,שפעת,סך הכול,0.6
צ׳כיה,2013,שפעת,סך הכול,1.8
צ׳כיה,2014,שפעת,סך הכול,0.4
צ׳כיה,2015,שפעת,סך הכול,1.2
צ׳כיה,2016,שפעת,סך הכול,1
צ׳כיה,2017,שפעת,סך הכול,1.4
צ׳כיה,2018,שפעת,סך הכול,2.7
צ׳כיה,2019,שפעת,סך הכול,1.8
צ׳כיה,2020,שפעת,סך הכול,1.1
צ׳כיה,2021,שפעת,סך הכול,0.1
צ׳כיה,2022,שפעת,סך הכול,1.3
צ׳כיה,2023,שפעת,סך הכול,2
צ׳כיה,2024,שפעת,סך הכול,2.8
צ׳כיה,2000,תאונות דרכים,גברים,23.6
צ׳כיה,2001,תאונות דרכים,גברים,22.2
צ׳כיה,2002,תאונות דרכים,גברים,22.1
צ׳כיה,2003,תאונות דרכים,גברים,21.9
צ׳כיה,2004,תאונות דרכים,גברים,19.4
צ׳כיה,2005,תאונות דרכים,גברים,18.8
צ׳כיה,2006,תאונות דרכים,גברים,16.4
צ׳כיה,2007,תאונות דרכים,גברים,18.3
צ׳כיה,2008,תאונות דרכים,גברים,16.6
צ׳כיה,2009,תאונות דרכים,גברים,14.6
צ׳כיה,2010,תאונות דרכים,גברים,13.6
צ׳כיה,2011,תאונות דרכים,גברים,12.5
צ׳כיה,2012,תאונות דרכים,גברים,12.2
צ׳כיה,2013,תאונות דרכים,גברים,11.8
צ׳כיה,2014,תאונות דרכים,גברים,11.7
צ׳כיה,2015,תאונות דרכים,גברים,12.3
צ׳כיה,2016,תאונות דרכים,גברים,10.4
צ׳כיה,2017,תאונות דרכים,גברים,10.1
צ׳כיה,2018,תאונות דרכים,גברים,10.7
צ׳כיה,2019,תאונות דרכים,גברים,10.8
צ׳כיה,2020,תאונות דרכים,גברים,9.7
צ׳כיה,2021,תאונות דרכים,גברים,8.9
צ׳כיה,2022,תאונות דרכים,גברים,8.8
צ׳כיה,2023,תאונות דרכים,גברים,8.6
צ׳כיה,2024,תאונות דרכים,גברים,7.6
צ׳כיה,2000,תאונות דרכים,נשים,7.4
צ׳כיה,2001,תאונות דרכים,נשים,7.2
צ׳כיה,2002,תאונות דרכים,נשים,7.3
צ׳כיה,2003,תאונות דרכים,נשים,6.7
צ׳כיה,2004,תאונות דרכים,נשים,6.3
צ׳כיה,2005,תאונות דרכים,נשים,5.8
צ׳כיה,2006,תאונות דרכים,נשים,4.8
צ׳כיה,2007,תאונות דרכים,נשים,5.5
צ׳כיה,2008,תאונות דרכים,נשים,5.4
צ׳כיה,2009,תאונות דרכים,נשים,4.9
צ׳כיה,2010,תאונות דרכים,נשים,3.6
צ׳כיה,2011,תאונות דרכים,נשים,4.1
צ׳כיה,2012,תאונות דרכים,נשים,3.5
צ׳כיה,2013,תאונות דרכים,נשים,3.1
צ׳כיה,2014,תאונות דרכים,נשים,3.5
צ׳כיה,2015,תאונות דרכים,נשים,3.3
צ׳כיה,2016,תאונות דרכים,נשים,3.2
צ׳כיה,2017,תאונות דרכים,נשים,3
צ׳כיה,2018,תאונות דרכים,נשים,3.2
צ׳כיה,2019,תאונות דרכים,נשים,3
צ׳כיה,2020,תאונות דרכים,נשים,2.8
צ׳כיה,2021,תאונות דרכים,נשים,2.5
צ׳כיה,2022,תאונות דרכים,נשים,2.4
צ׳כיה,2023,תאונות דרכים,נשים,2.4
צ׳כיה,2024,תאונות דרכים,נשים,2.1
צ׳כיה,2000,תאונות דרכים,סך הכול,15.1
צ׳כיה,2001,תאונות דרכים,סך הכול,14.3
צ׳כיה,2002,תאונות דרכים,סך הכול,14.2
צ׳כיה,2003,תאונות דרכים,סך הכול,14
צ׳כיה,2004,תאונות דרכים,סך הכול,12.5
צ׳כיה,2005,תאונות דרכים,סך הכול,12.1
צ׳כיה,2006,תאונות דרכים,סך הכול,10.4
צ׳כיה,2007,תאונות דרכים,סך הכול,11.8
צ׳כיה,2008,תאונות דרכים,סך הכול,10.9
צ׳כיה,2009,תאונות דרכים,סך הכול,9.6
צ׳כיה,2010,תאונות דרכים,סך הכול,8.5
צ׳כיה,2011,תאונות דרכים,סך הכול,8.2
צ׳כיה,2012,תאונות דרכים,סך הכול,7.7
צ׳כיה,2013,תאונות דרכים,סך הכול,7.3
צ׳כיה,2014,תאונות דרכים,סך הכול,7.5
צ׳כיה,2015,תאונות דרכים,סך הכול,7.7
צ׳כיה,2016,תאונות דרכים,סך הכול,6.8
צ׳כיה,2017,תאונות דרכים,סך הכול,6.5
צ׳כיה,2018,תאונות דרכים,סך הכול,6.9
צ׳כיה,2019,תאונות דרכים,סך הכול,6.8
צ׳כיה,2020,תאונות דרכים,סך הכול,6.2
צ׳כיה,2021,תאונות דרכים,סך הכול,5.6
צ׳כיה,2022,תאונות דרכים,סך הכול,5.5
צ׳כיה,2023,תאונות דרכים,סך הכול,5.4
צ׳כיה,2024,תאונות דרכים,סך הכול,4.7
צ׳כיה,2000,תקיפה,גברים,2.1
צ׳כיה,2001,תקיפה,גברים,1.6
צ׳כיה,2002,תקיפה,גברים,1.6
צ׳כיה,2003,תקיפה,גברים,1.8
צ׳כיה,2004,תקיפה,גברים,1.8
צ׳כיה,2005,תקיפה,גברים,1.1
צ׳כיה,2006,תקיפה,גברים,1.2
צ׳כיה,2007,תקיפה,גברים,1.1
צ׳כיה,2008,תקיפה,גברים,1
צ׳כיה,2009,תקיפה,גברים,1
צ׳כיה,2010,תקיפה,גברים,0.8
צ׳כיה,2011,תקיפה,גברים,1.1
צ׳כיה,2012,תקיפה,גברים,1
צ׳כיה,2013,תקיפה,גברים,0.9
צ׳כיה,2014,תקיפה,גברים,0.9
צ׳כיה,2015,תקיפה,גברים,1
צ׳כיה,2016,תקיפה,גברים,0.5
צ׳כיה,2017,תקיפה,גברים,0.7
צ׳כיה,2018,תקיפה,גברים,0.6
צ׳כיה,2019,תקיפה,גברים,0.8
צ׳כיה,2020,תקיפה,גברים,0.6
צ׳כיה,2021,תקיפה,גברים,0.4
צ׳כיה,2022,תקיפה,גברים,0.8
צ׳כיה,2023,תקיפה,גברים,0.6
צ׳כיה,2024,תקיפה,גברים,0.5
צ׳כיה,2000,תקיפה,נשים,1
צ׳כיה,2001,תקיפה,נשים,1
צ׳כיה,2002,תקיפה,נשים,1
צ׳כיה,2003,תקיפה,נשים,0.9
צ׳כיה,2004,תקיפה,נשים,0.8
צ׳כיה,2005,תקיפה,נשים,0.7
צ׳כיה,2006,תקיפה,נשים,0.8
צ׳כיה,2007,תקיפה,נשים,0.9
צ׳כיה,2008,תקיפה,נשים,0.5
צ׳כיה,2009,תקיפה,נשים,0.7
צ׳כיה,2010,תקיפה,נשים,0.8
צ׳כיה,2011,תקיפה,נשים,0.6
צ׳כיה,2012,תקיפה,נשים,0.7
צ׳כיה,2013,תקיפה,נשים,0.8
צ׳כיה,2014,תקיפה,נשים,0.6
צ׳כיה,2015,תקיפה,נשים,0.6
צ׳כיה,2016,תקיפה,נשים,0.5
צ׳כיה,2017,תקיפה,נשים,0.5
צ׳כיה,2018,תקיפה,נשים,0.5
צ׳כיה,2019,תקיפה,נשים,0.6
צ׳כיה,2020,תקיפה,נשים,0.5
צ׳כיה,2021,תקיפה,נשים,0.5
צ׳כיה,2022,תקיפה,נשים,0.6
צ׳כיה,2023,תקיפה,נשים,0.5
צ׳כיה,2024,תקיפה,נשים,0.6
צ׳כיה,2000,תקיפה,סך הכול,1.5
צ׳כיה,2001,תקיפה,סך הכול,1.3
צ׳כיה,2002,תקיפה,סך הכול,1.3
צ׳כיה,2003,תקיפה,סך הכול,1.3
צ׳כיה,2004,תקיפה,סך הכול,1.2
צ׳כיה,2005,תקיפה,סך הכול,0.9
צ׳כיה,2006,תקיפה,סך הכול,1
צ׳כיה,2007,תקיפה,סך הכול,1
צ׳כיה,2008,תקיפה,סך הכול,0.7
צ׳כיה,2009,תקיפה,סך הכול,0.8
צ׳כיה,2010,תקיפה,סך הכול,0.8
צ׳כיה,2011,תקיפה,סך הכול,0.8
צ׳כיה,2012,תקיפה,סך הכול,0.9
צ׳כיה,2013,תקיפה,סך הכול,0.9
צ׳כיה,2014,תקיפה,סך הכול,0.7
צ׳כיה,2015,תקיפה,סך הכול,0.8
צ׳כיה,2016,תקיפה,סך הכול,0.5
צ׳כיה,2017,תקיפה,סך הכול,0.6
צ׳כיה,2018,תקיפה,סך הכול,0.5
צ׳כיה,2019,תקיפה,סך הכול,0.7
צ׳כיה,2020,תקיפה,סך הכול,0.6
צ׳כיה,2021,תקיפה,סך הכול,0.5
צ׳כיה,2022,תקיפה,סך הכול,0.7
צ׳כיה,2023,תקיפה,סך הכול,0.6
צ׳כיה,2024,תקיפה,סך הכול,0.5
שוודיה,2000,גידולים,גברים,286.2
שוודיה,2001,גידולים,גברים,285.9
שוודיה,2002,גידולים,גברים,281.1
שוודיה,2003,גידולים,גברים,288.5
שוודיה,2004,גידולים,גברים,280.7
שוודיה,2005,גידולים,גברים,281.1
שוודיה,2006,גידולים,גברים,276.8
שוודיה,2007,גידולים,גברים,266.7
שוודיה,2008,גידולים,גברים,264.9
שוודיה,2009,גידולים,גברים,261.2
שוודיה,2010,גידולים,גברים,256.7
שוודיה,2011,גידולים,גברים,256
שוודיה,2012,גידולים,גברים,255.3
שוודיה,2013,גידולים,גברים,248.4
שוודיה,2014,גידולים,גברים,249.4
שוודיה,2015,גידולים,גברים,250.6
שוודיה,2016,גידולים,גברים,241.8
שוודיה,2017,גידולים,גברים,237.7
שוודיה,2018,גידולים,גברים,231.8
שוודיה,2019,גידולים,גברים,224.2
שוודיה,2020,גידולים,גברים,222.6
שוודיה,2021,גידולים,גברים,208.8
שוודיה,2022,גידולים,גברים,207.3
שוודיה,2023,גידולים,גברים,204.6
שוודיה,2024,גידולים,גברים,197
שוודיה,2000,גידולים,נשים,198
שוודיה,2001,גידולים,נשים,202.8
שוודיה,2002,גידולים,נשים,197.6
שוודיה,2003,גידולים,נשים,195.7
שוודיה,2004,גידולים,נשים,198.8
שוודיה,2005,גידולים,נשים,196.2
שוודיה,2006,גידולים,נשים,195.6
שוודיה,2007,גידולים,נשים,195
שוודיה,2008,גידולים,נשים,190.6
שוודיה,2009,גידולים,נשים,187.1
שוודיה,2010,גידולים,נשים,184.5
שוודיה,2011,גידולים,נשים,184.4
שוודיה,2012,גידולים,נשים,186.4
שוודיה,2013,גידולים,נשים,186.6
שוודיה,2014,גידולים,נשים,182.8
שוודיה,2015,גידולים,נשים,182.8
שוודיה,2016,גידולים,נשים,178.1
שוודיה,2017,גידולים,נשים,180.4
שוודיה,2018,גידולים,נשים,172.9
שוודיה,2019,גידולים,נשים,172.1
שוודיה,2020,גידולים,נשים,167
שוודיה,2021,גידולים,נשים,164.6
שוודיה,2022,גידולים,נשים,163.6
שוודיה,2023,גידולים,נשים,161.9
שוודיה,2024,גידולים,נשים,158.6
שוודיה,2000,גידולים,סך הכול,231.5
שוודיה,2001,גידולים,סך הכול,234.5
שוודיה,2002,גידולים,סך הכול,229.7
שוודיה,2003,גידולים,סך הכול,231.7
שוודיה,2004,גידולים,סך הכול,230.2
שוודיה,2005,גידולים,סך הכול,229.1
שוודיה,2006,גידולים,סך הכול,227.2
שוודיה,2007,גידולים,סך הכול,223
שוודיה,2008,גידולים,סך הכול,219.7
שוודיה,2009,גידולים,סך הכול,216.2
שוודיה,2010,גידולים,סך הכול,213
שוודיה,2011,גידולים,סך הכול,213.1
שוודיה,2012,גידולים,סך הכול,213.8
שוודיה,2013,גידולים,סך הכול,211.1
שוודיה,2014,גידולים,סך הכול,209.7
שוודיה,2015,גידולים,סך הכול,210.1
שוודיה,2016,גידולים,סך הכול,203.9
שוודיה,2017,גידולים,סך הכול,203.6
שוודיה,2018,גידולים,סך הכול,196.8
שוודיה,2019,גידולים,סך הכול,193.4
שוודיה,2020,גידולים,סך הכול,190
שוודיה,2021,גידולים,סך הכול,182.9
שוודיה,2022,גידולים,סך הכול,181.8
שוודיה,2023,גידולים,סך הכול,179.7
שוודיה,2024,גידולים,סך הכול,174.6
שוודיה,2000,מחלות זיהומיות,גברים,12.7
שוודיה,2001,מחלות זיהומיות,גברים,12.9
שוודיה,2002,מחלות זיהומיות,גברים,14.1
שוודיה,2003,מחלות זיהומיות,גברים,14.7
שוודיה,2004,מחלות זיהומיות,גברים,13.7
שוודיה,2005,מחלות זיהומיות,גברים,16.4
שוודיה,2006,מחלות זיהומיות,גברים,15.4
שוודיה,2007,מחלות זיהומיות,גברים,18.4
שוודיה,2008,מחלות זיהומיות,גברים,19
שוודיה,2009,מחלות זיהומיות,גברים,20.7
שוודיה,2010,מחלות זיהומיות,גברים,21.4
שוודיה,2011,מחלות זיהומיות,גברים,21.6
שוודיה,2012,מחלות זיהומיות,גברים,24.5
שוודיה,2013,מחלות זיהומיות,גברים,23.3
שוודיה,2014,מחלות זיהומיות,גברים,22.5
שוודיה,2015,מחלות זיהומיות,גברים,24.5
שוודיה,2016,מחלות זיהומיות,גברים,20.2
שוודיה,2017,מחלות זיהומיות,גברים,20.8
שוודיה,2018,מחלות זיהומיות,גברים,21.5
שוודיה,2019,מחלות זיהומיות,גברים,20.5
שוודיה,2020,מחלות זיהומיות,גברים,21.3
שוודיה,2021,מחלות זיהומיות,גברים,22.5
שוודיה,2022,מחלות זיהומיות,גברים,23.2
שוודיה,2023,מחלות זיהומיות,גברים,22.4
שוודיה,2024,מחלות זיהומיות,גברים,21.5
שוודיה,2000,מחלות זיהומיות,נשים,8.5
שוודיה,2001,מחלות זיהומיות,נשים,9.7
שוודיה,2002,מחלות זיהומיות,נשים,11.4
שוודיה,2003,מחלות זיהומיות,נשים,10.7
שוודיה,2004,מחלות זיהומיות,נשים,9.5
שוודיה,2005,מחלות זיהומיות,נשים,11.1
שוודיה,2006,מחלות זיהומיות,נשים,11.3
שוודיה,2007,מחלות זיהומיות,נשים,12.9
שוודיה,2008,מחלות זיהומיות,נשים,13.4
שוודיה,2009,מחלות זיהומיות,נשים,15.4
שוודיה,2010,מחלות זיהומיות,נשים,15
שוודיה,2011,מחלות זיהומיות,נשים,15.5
שוודיה,2012,מחלות זיהומיות,נשים,15.9
שוודיה,2013,מחלות זיהומיות,נשים,17.4
שוודיה,2014,מחלות זיהומיות,נשים,15.1
שוודיה,2015,מחלות זיהומיות,נשים,16.4
שוודיה,2016,מחלות זיהומיות,נשים,14.7
שוודיה,2017,מחלות זיהומיות,נשים,15
שוודיה,2018,מחלות זיהומיות,נשים,16
שוודיה,2019,מחלות זיהומיות,נשים,14.4
שוודיה,2020,מחלות זיהומיות,נשים,15.1
שוודיה,2021,מחלות זיהומיות,נשים,15.3
שוודיה,2022,מחלות זיהומיות,נשים,16.7
שוודיה,2023,מחלות זיהומיות,נשים,16.8
שוודיה,2024,מחלות זיהומיות,נשים,16.2
שוודיה,2000,מחלות זיהומיות,סך הכול,10.2
שוודיה,2001,מחלות זיהומיות,סך הכול,11.1
שוודיה,2002,מחלות זיהומיות,סך הכול,12.5
שוודיה,2003,מחלות זיהומיות,סך הכול,12.2
שוודיה,2004,מחלות זיהומיות,סך הכול,11.2
שוודיה,2005,מחלות זיהומיות,סך הכול,13.3
שוודיה,2006,מחלות זיהומיות,סך הכול,13
שוודיה,2007,מחלות זיהומיות,סך הכול,15.2
שוודיה,2008,מחלות זיהומיות,סך הכול,15.6
שוודיה,2009,מחלות זיהומיות,סך הכול,17.5
שוודיה,2010,מחלות זיהומיות,סך הכול,17.6
שוודיה,2011,מחלות זיהומיות,סך הכול,18
שוודיה,2012,מחלות זיהומיות,סך הכול,19.5
שוודיה,2013,מחלות זיהומיות,סך הכול,19.9
שוודיה,2014,מחלות זיהומיות,סך הכול,18.1
שוודיה,2015,מחלות זיהומיות,סך הכול,19.8
שוודיה,2016,מחלות זיהומיות,סך הכול,16.9
שוודיה,2017,מחלות זיהומיות,סך הכול,17.5
שוודיה,2018,מחלות זיהומיות,סך הכול,18.3
שוודיה,2019,מחלות זיהומיות,סך הכול,16.9
שוודיה,2020,מחלות זיהומיות,סך הכול,17.8
שוודיה,2021,מחלות זיהומיות,סך הכול,18.3
שוודיה,2022,מחלות זיהומיות,סך הכול,19.4
שוודיה,2023,מחלות זיהומיות,סך הכול,19.3
שוודיה,2024,מחלות זיהומיות,סך הכול,18.5
שוודיה,2000,מחלות כלי דם במוח,גברים,111.1
שוודיה,2001,מחלות כלי דם במוח,גברים,106
שוודיה,2002,מחלות כלי דם במוח,גברים,104
שוודיה,2003,מחלות כלי דם במוח,גברים,100.1
שוודיה,2004,מחלות כלי דם במוח,גברים,92.7
שוודיה,2005,מחלות כלי דם במוח,גברים,88
שוודיה,2006,מחלות כלי דם במוח,גברים,81.7
שוודיה,2007,מחלות כלי דם במוח,גברים,78.7
שוודיה,2008,מחלות כלי דם במוח,גברים,81.7
שוודיה,2009,מחלות כלי דם במוח,גברים,77.9
שוודיה,2010,מחלות כלי דם במוח,גברים,71.3
שוודיה,2011,מחלות כלי דם במוח,גברים,71.3
שוודיה,2012,מחלות כלי דם במוח,גברים,68.5
שוודיה,2013,מחלות כלי דם במוח,גברים,63.1
שוודיה,2014,מחלות כלי דם במוח,גברים,61.2
שוודיה,2015,מחלות כלי דם במוח,גברים,58.4
שוודיה,2016,מחלות כלי דם במוח,גברים,55.8
שוודיה,2017,מחלות כלי דם במוח,גברים,51.4
שוודיה,2018,מחלות כלי דם במוח,גברים,51.3
שוודיה,2019,מחלות כלי דם במוח,גברים,47.3
שוודיה,2020,מחלות כלי דם במוח,גברים,44.6
שוודיה,2021,מחלות כלי דם במוח,גברים,42.9
שוודיה,2022,מחלות כלי דם במוח,גברים,39.2
שוודיה,2023,מחלות כלי דם במוח,גברים,37.5
שוודיה,2024,מחלות כלי דם במוח,גברים,36.3
שוודיה,2000,מחלות כלי דם במוח,נשים,93.9
שוודיה,2001,מחלות כלי דם במוח,נשים,91.7
שוודיה,2002,מחלות כלי דם במוח,נשים,92.2
שוודיה,2003,מחלות כלי דם במוח,נשים,86.8
שוודיה,2004,מחלות כלי דם במוח,נשים,81.5
שוודיה,2005,מחלות כלי דם במוח,נשים,72.3
שוודיה,2006,מחלות כלי דם במוח,נשים,71.8
שוודיה,2007,מחלות כלי דם במוח,נשים,67.5
שוודיה,2008,מחלות כלי דם במוח,נשים,70.2
שוודיה,2009,מחלות כלי דם במוח,נשים,66.1
שוודיה,2010,מחלות כלי דם במוח,נשים,63.4
שוודיה,2011,מחלות כלי דם במוח,נשים,60.9
שוודיה,2012,מחלות כלי דם במוח,נשים,59.2
שוודיה,2013,מחלות כלי דם במוח,נשים,56.7
שוודיה,2014,מחלות כלי דם במוח,נשים,51.6
שוודיה,2015,מחלות כלי דם במוח,נשים,48.1
שוודיה,2016,מחלות כלי דם במוח,נשים,46.5
שוודיה,2017,מחלות כלי דם במוח,נשים,43.4
שוודיה,2018,מחלות כלי דם במוח,נשים,41.5
שוודיה,2019,מחלות כלי דם במוח,נשים,37.8
שוודיה,2020,מחלות כלי דם במוח,נשים,37
שוודיה,2021,מחלות כלי דם במוח,נשים,36.1
שוודיה,2022,מחלות כלי דם במוח,נשים,34.6
שוודיה,2023,מחלות כלי דם במוח,נשים,32.7
שוודיה,2024,מחלות כלי דם במוח,נשים,30.9
שוודיה,2000,מחלות כלי דם במוח,סך הכול,101.7
שוודיה,2001,מחלות כלי דם במוח,סך הכול,98.4
שוודיה,2002,מחלות כלי דם במוח,סך הכול,97.9
שוודיה,2003,מחלות כלי דם במוח,סך הכול,93
שוודיה,2004,מחלות כלי דם במוח,סך הכול,87
שוודיה,2005,מחלות כלי דם במוח,סך הכול,79.3
שוודיה,2006,מחלות כלי דם במוח,סך הכול,76.6
שוודיה,2007,מחלות כלי דם במוח,סך הכול,72.8
שוודיה,2008,מחלות כלי דם במוח,סך הכול,75.7
שוודיה,2009,מחלות כלי דם במוח,סך הכול,71.5
שוודיה,2010,מחלות כלי דם במוח,סך הכול,67.3
שוודיה,2011,מחלות כלי דם במוח,סך הכול,65.7
שוודיה,2012,מחלות כלי דם במוח,סך הכול,63.6
שוודיה,2013,מחלות כלי דם במוח,סך הכול,59.8
שוודיה,2014,מחלות כלי דם במוח,סך הכול,56.2
שוודיה,2015,מחלות כלי דם במוח,סך הכול,52.7
שוודיה,2016,מחלות כלי דם במוח,סך הכול,50.9
שוודיה,2017,מחלות כלי דם במוח,סך הכול,47.2
שוודיה,2018,מחלות כלי דם במוח,סך הכול,46.1
שוודיה,2019,מחלות כלי דם במוח,סך הכול,42.2
שוודיה,2020,מחלות כלי דם במוח,סך הכול,40.6
שוודיה,2021,מחלות כלי דם במוח,סך הכול,39.4
שוודיה,2022,מחלות כלי דם במוח,סך הכול,36.9
שוודיה,2023,מחלות כלי דם במוח,סך הכול,35.1
שוודיה,2024,מחלות כלי דם במוח,סך הכול,33.4
שוודיה,2000,מחלות לב איסכמיות,גברים,285
שוודיה,2001,מחלות לב איסכמיות,גברים,276.7
שוודיה,2002,מחלות לב איסכמיות,גברים,272.9
שוודיה,2003,מחלות לב איסכמיות,גברים,263.6
שוודיה,2004,מחלות לב איסכמיות,גברים,240.5
שוודיה,2005,מחלות לב איסכמיות,גברים,237.1
שוודיה,2006,מחלות לב איסכמיות,גברים,226.5
שוודיה,2007,מחלות לב איסכמיות,גברים,212.9
שוודיה,2008,מחלות לב איסכמיות,גברים,206
שוודיה,2009,מחלות לב איסכמיות,גברים,193.1
שוודיה,2010,מחלות לב איסכמיות,גברים,185.6
שוודיה,2011,מחלות לב איסכמיות,גברים,170.5
שוודיה,2012,מחלות לב איסכמיות,גברים,169
שוודיה,2013,מחלות לב איסכמיות,גברים,156.4
שוודיה,2014,מחלות לב איסכמיות,גברים,146.7
שוודיה,2015,מחלות לב איסכמיות,גברים,143.6
שוודיה,2016,מחלות לב איסכמיות,גברים,133.1
שוודיה,2017,מחלות לב איסכמיות,גברים,129.9
שוודיה,2018,מחלות לב איסכמיות,גברים,120.8
שוודיה,2019,מחלות לב איסכמיות,גברים,109.9
שוודיה,2020,מחלות לב איסכמיות,גברים,106.6
שוודיה,2021,מחלות לב איסכמיות,גברים,102.6
שוודיה,2022,מחלות לב איסכמיות,גברים,99
שוודיה,2023,מחלות לב איסכמיות,גברים,93.7
שוודיה,2024,מחלות לב איסכמיות,גברים,82.5
שוודיה,2000,מחלות לב איסכמיות,נשים,146
שוודיה,2001,מחלות לב איסכמיות,נשים,144.4
שוודיה,2002,מחלות לב איסכמיות,נשים,141.5
שוודיה,2003,מחלות לב איסכמיות,נשים,135.1
שוודיה,2004,מחלות לב איסכמיות,נשים,127
שוודיה,2005,מחלות לב איסכמיות,נשים,120.4
שוודיה,2006,מחלות לב איסכמיות,נשים,121.7
שוודיה,2007,מחלות לב איסכמיות,נשים,113.7
שוודיה,2008,מחלות לב איסכמיות,נשים,110.6
שוודיה,2009,מחלות לב איסכמיות,נשים,102.4
שוודיה,2010,מחלות לב איסכמיות,נשים,96.9
שוודיה,2011,מחלות לב איסכמיות,נשים,93
שוודיה,2012,מחלות לב איסכמיות,נשים,89.1
שוודיה,2013,מחלות לב איסכמיות,נשים,82.6
שוודיה,2014,מחלות לב איסכמיות,נשים,78.2
שוודיה,2015,מחלות לב איסכמיות,נשים,73.6
שוודיה,2016,מחלות לב איסכמיות,נשים,69.3
שוודיה,2017,מחלות לב איסכמיות,נשים,63.7
שוודיה,2018,מחלות לב איסכמיות,נשים,62.4
שוודיה,2019,מחלות לב איסכמיות,נשים,56.4
שוודיה,2020,מחלות לב איסכמיות,נשים,53.8
שוודיה,2021,מחלות לב איסכמיות,נשים,49.6
שוודיה,2022,מחלות לב איסכמיות,נשים,47.7
שוודיה,2023,מחלות לב איסכמיות,נשים,45.1
שוודיה,2024,מחלות לב איסכמיות,נשים,39.6
שוודיה,2000,מחלות לב איסכמיות,סך הכול,204.2
שוודיה,2001,מחלות לב איסכמיות,סך הכול,199.9
שוודיה,2002,מחלות לב איסכמיות,סך הכול,196.4
שוודיה,2003,מחלות לב איסכמיות,סך הכול,189
שוודיה,2004,מחלות לב איסכמיות,סך הכול,175.1
שוודיה,2005,מחלות לב איסכמיות,סך הכול,169.7
שוודיה,2006,מחלות לב איסכמיות,סך הכול,166.2
שוודיה,2007,מחלות לב איסכמיות,סך הכול,156.3
שוודיה,2008,מחלות לב איסכמיות,סך הכול,151.5
שוודיה,2009,מחלות לב איסכמיות,סך הכול,141.2
שוודיה,2010,מחלות לב איסכמיות,סך הכול,134.7
שוודיה,2011,מחלות לב איסכמיות,סך הכול,126.8
שוודיה,2012,מחלות לב איסכמיות,סך הכול,123.6
שוודיה,2013,מחלות לב איסכמיות,סך הכול,114.8
שוודיה,2014,מחלות לב איסכמיות,סך הכול,108.3
שוודיה,2015,מחלות לב איסכמיות,סך הכול,104.4
שוודיה,2016,מחלות לב איסכמיות,סך הכול,97.6
שוודיה,2017,מחלות לב איסכמיות,סך הכול,92.8
שוודיה,2018,מחלות לב איסכמיות,סך הכול,88.3
שוודיה,2019,מחלות לב איסכמיות,סך הכול,80.4
שוודיה,2020,מחלות לב איסכמיות,סך הכול,77.5
שוודיה,2021,מחלות לב איסכמיות,סך הכול,73.6
שוודיה,2022,מחלות לב איסכמיות,סך הכול,70.8
שוודיה,2023,מחלות לב איסכמיות,סך הכול,67.1
שוודיה,2024,מחלות לב איסכמיות,סך הכול,59.2
שוודיה,2000,מחלות מערכת הדם,גברים,549.3
שוודיה,2001,מחלות מערכת הדם,גברים,531.3
שוודיה,2002,מחלות מערכת הדם,גברים,517
שוודיה,2003,מחלות מערכת הדם,גברים,502.2
שוודיה,2004,מחלות מערכת הדם,גברים,467.1
שוודיה,2005,מחלות מערכת הדם,גברים,463
שוודיה,2006,מחלות מערכת הדם,גברים,443.4
שוודיה,2007,מחלות מערכת הדם,גברים,427.1
שוודיה,2008,מחלות מערכת הדם,גברים,416.2
שוודיה,2009,מחלות מערכת הדם,גברים,400.7
שוודיה,2010,מחלות מערכת הדם,גברים,389.1
שוודיה,2011,מחלות מערכת הדם,גברים,372.8
שוודיה,2012,מחלות מערכת הדם,גברים,368.1
שוודיה,2013,מחלות מערכת הדם,גברים,348.1
שוודיה,2014,מחלות מערכת הדם,גברים,334.9
שוודיה,2015,מחלות מערכת הדם,גברים,332.9
שוודיה,2016,מחלות מערכת הדם,גברים,313.4
שוודיה,2017,מחלות מערכת הדם,גברים,306.6
שוודיה,2018,מחלות מערכת הדם,גברים,294.3
שוודיה,2019,מחלות מערכת הדם,גברים,273.4
שוודיה,2020,מחלות מערכת הדם,גברים,267.3
שוודיה,2021,מחלות מערכת הדם,גברים,255.9
שוודיה,2022,מחלות מערכת הדם,גברים,253.7
שוודיה,2023,מחלות מערכת הדם,גברים,242.1
שוודיה,2024,מחלות מערכת הדם,גברים,223.6
שוודיה,2000,מחלות מערכת הדם,נשים,352.2
שוודיה,2001,מחלות מערכת הדם,נשים,345.8
שוודיה,2002,מחלות מערכת הדם,נשים,343.4
שוודיה,2003,מחלות מערכת הדם,נשים,328.5
שוודיה,2004,מחלות מערכת הדם,נשים,309.3
שוודיה,2005,מחלות מערכת הדם,נשים,295.3
שוודיה,2006,מחלות מערכת הדם,נשים,294
שוודיה,2007,מחלות מערכת הדם,נשים,287.7
שוודיה,2008,מחלות מערכת הדם,נשים,280.6
שוודיה,2009,מחלות מערכת הדם,נשים,266.8
שוודיה,2010,מחלות מערכת הדם,נשים,264.1
שוודיה,2011,מחלות מערכת הדם,נשים,253.9
שוודיה,2012,מחלות מערכת הדם,נשים,253.4
שוודיה,2013,מחלות מערכת הדם,נשים,243.2
שוודיה,2014,מחלות מערכת הדם,נשים,231.3
שוודיה,2015,מחלות מערכת הדם,נשים,225.2
שוודיה,2016,מחלות מערכת הדם,נשים,221.1
שוודיה,2017,מחלות מערכת הדם,נשים,213.2
שוודיה,2018,מחלות מערכת הדם,נשים,205.5
שוודיה,2019,מחלות מערכת הדם,נשים,188.3
שוודיה,2020,מחלות מערכת הדם,נשים,184.1
שוודיה,2021,מחלות מערכת הדם,נשים,176.3
שוודיה,2022,מחלות מערכת הדם,נשים,179
שוודיה,2023,מחלות מערכת הדם,נשים,169.8
שוודיה,2024,מחלות מערכת הדם,נשים,161.5
שוודיה,2000,מחלות מערכת הדם,סך הכול,435.4
שוודיה,2001,מחלות מערכת הדם,סך הכול,424.5
שוודיה,2002,מחלות מערכת הדם,סך הכול,417.3
שוודיה,2003,מחלות מערכת הדם,סך הכול,402.6
שוודיה,2004,מחלות מערכת הדם,סך הכול,377.1
שוודיה,2005,מחלות מערכת הדם,סך הכול,366.7
שוודיה,2006,מחלות מערכת הדם,סך הכול,358.2
שוודיה,2007,מחלות מערכת הדם,סך הכול,348.7
שוודיה,2008,מחלות מערכת הדם,סך הכול,340.1
שוודיה,2009,מחלות מערכת הדם,סך הכול,324.6
שוודיה,2010,מחלות מערכת הדם,סך הכול,318.7
שוודיה,2011,מחלות מערכת הדם,סך הכול,306.4
שוודיה,2012,מחלות מערכת הדם,סך הכול,303.9
שוודיה,2013,מחלות מערכת הדם,סך הכול,290
שוודיה,2014,מחלות מערכת הדם,סך הכול,277.7
שוודיה,2015,מחלות מערכת הדם,סך הכול,272.9
שוודיה,2016,מחלות מערכת הדם,סך הכול,263.3
שוודיה,2017,מחלות מערכת הדם,סך הכול,255.2
שוודיה,2018,מחלות מערכת הדם,סך הכול,246
שוודיה,2019,מחלות מערכת הדם,סך הכול,226.9
שוודיה,2020,מחלות מערכת הדם,סך הכול,222.1
שוודיה,2021,מחלות מערכת הדם,סך הכול,213
שוודיה,2022,מחלות מערכת הדם,סך הכול,213.6
שוודיה,2023,מחלות מערכת הדם,סך הכול,203.1
שוודיה,2024,מחלות מערכת הדם,סך הכול,190.7
שוודיה,2000,מחלות מערכת הנשימה,גברים,89.1
שוודיה,2001,מחלות מערכת הנשימה,גברים,80.4
שוודיה,2002,מחלות מערכת הנשימה,גברים,85.5
שוודיה,2003,מחלות מערכת הנשימה,גברים,80.6
שוודיה,2004,מחלות מערכת הנשימה,גברים,72
שוודיה,2005,מחלות מערכת הנשימה,גברים,75.4
שוודיה,2006,מחלות מערכת הנשימה,גברים,67.9
שוודיה,2007,מחלות מערכת הנשימה,גברים,65.8
שוודיה,2008,מחלות מערכת הנשימה,גברים,68.3
שוודיה,2009,מחלות מערכת הנשימה,גברים,64.4
שוודיה,2010,מחלות מערכת הנשימה,גברים,58.2
שוודיה,2011,מחלות מערכת הנשימה,גברים,63.1
שוודיה,2012,מחלות מערכת הנשימה,גברים,65.7
שוודיה,2013,מחלות מערכת הנשימה,גברים,65.4
שוודיה,2014,מחלות מערכת הנשימה,גברים,59.2
שוודיה,2015,מחלות מערכת הנשימה,גברים,65.6
שוודיה,2016,מחלות מערכת הנשימה,גברים,61.2
שוודיה,2017,מחלות מערכת הנשימה,גברים,63.9
שוודיה,2018,מחלות מערכת הנשימה,גברים,65.1
שוודיה,2019,מחלות מערכת הנשימה,גברים,57.3
שוודיה,2020,מחלות מערכת הנשימה,גברים,51.3
שוודיה,2021,מחלות מערכת הנשימה,גברים,46
שוודיה,2022,מחלות מערכת הנשימה,גברים,53.3
שוודיה,2023,מחלות מערכת הנשימה,גברים,54.5
שוודיה,2024,מחלות מערכת הנשימה,גברים,50.8
שוודיה,2000,מחלות מערכת הנשימה,נשים,55
שוודיה,2001,מחלות מערכת הנשימה,נשים,48.8
שוודיה,2002,מחלות מערכת הנשימה,נשים,52.9
שוודיה,2003,מחלות מערכת הנשימה,נשים,49.8
שוודיה,2004,מחלות מערכת הנשימה,נשים,45.8
שוודיה,2005,מחלות מערכת הנשימה,נשים,49.5
שוודיה,2006,מחלות מערכת הנשימה,נשים,43.8
שוודיה,2007,מחלות מערכת הנשימה,נשים,45
שוודיה,2008,מחלות מערכת הנשימה,נשים,44.7
שוודיה,2009,מחלות מערכת הנשימה,נשים,44.7
שוודיה,2010,מחלות מערכת הנשימה,נשים,38.1
שוודיה,2011,מחלות מערכת הנשימה,נשים,43.4
שוודיה,2012,מחלות מערכת הנשימה,נשים,47.4
שוודיה,2013,מחלות מערכת הנשימה,נשים,45.5
שוודיה,2014,מחלות מערכת הנשימה,נשים,40.7
שוודיה,2015,מחלות מערכת הנשימה,נשים,48.8
שוודיה,2016,מחלות מערכת הנשימה,נשים,46.8
שוודיה,2017,מחלות מערכת הנשימה,נשים,50.2
שוודיה,2018,מחלות מערכת הנשימה,נשים,51.5
שוודיה,2019,מחלות מערכת הנשימה,נשים,43.9
שוודיה,2020,מחלות מערכת הנשימה,נשים,38.2
שוודיה,2021,מחלות מערכת הנשימה,נשים,33.8
שוודיה,2022,מחלות מערכת הנשימה,נשים,41.5
שוודיה,2023,מחלות מערכת הנשימה,נשים,43.5
שוודיה,2024,מחלות מערכת הנשימה,נשים,40.7
שוודיה,2000,מחלות מערכת הנשימה,סך הכול,67.5
שוודיה,2001,מחלות מערכת הנשימה,סך הכול,60.5
שוודיה,2002,מחלות מערכת הנשימה,סך הכול,64.9
שוודיה,2003,מחלות מערכת הנשימה,סך הכול,61.2
שוודיה,2004,מחלות מערכת הנשימה,סך הכול,55.7
שוודיה,2005,מחלות מערכת הנשימה,סך הכול,59.1
שוודיה,2006,מחלות מערכת הנשימה,סך הכול,52.9
שוודיה,2007,מחלות מערכת הנשימה,סך הכול,52.8
שוודיה,2008,מחלות מערכת הנשימה,סך הכול,53.7
שוודיה,2009,מחלות מערכת הנשימה,סך הכול,52.3
שוודיה,2010,מחלות מערכת הנשימה,סך הכול,45.8
שוודיה,2011,מחלות מערכת הנשימה,סך הכול,50.9
שוודיה,2012,מחלות מערכת הנשימה,סך הכול,54.3
שוודיה,2013,מחלות מערכת הנשימה,סך הכול,53.2
שוודיה,2014,מחלות מערכת הנשימה,סך הכול,47.9
שוודיה,2015,מחלות מערכת הנשימה,סך הכול,55.2
שוודיה,2016,מחלות מערכת הנשימה,סך הכול,52.4
שוודיה,2017,מחלות מערכת הנשימה,סך הכול,55.3
שוודיה,2018,מחלות מערכת הנשימה,סך הכול,56.7
שוודיה,2019,מחלות מערכת הנשימה,סך הכול,49.3
שוודיה,2020,מחלות מערכת הנשימה,סך הכול,43.5
שוודיה,2021,מחלות מערכת הנשימה,סך הכול,38.6
שוודיה,2022,מחלות מערכת הנשימה,סך הכול,46.3
שוודיה,2023,מחלות מערכת הנשימה,סך הכול,48
שוודיה,2024,מחלות מערכת הנשימה,סך הכול,45
שוודיה,2000,נפילות,גברים,7.4
שוודיה,2001,נפילות,גברים,7.1
שוודיה,2002,נפילות,גברים,8.6
שוודיה,2003,נפילות,גברים,9.3
שוודיה,2004,נפילות,גברים,10.3
שוודיה,2005,נפילות,גברים,9.9
שוודיה,2006,נפילות,גברים,10.7
שוודיה,2007,נפילות,גברים,10.3
שוודיה,2008,נפילות,גברים,11.4
שוודיה,2009,נפילות,גברים,10.3
שוודיה,2010,נפילות,גברים,11
שוודיה,2011,נפילות,גברים,10.3
שוודיה,2012,נפילות,גברים,11.1
שוודיה,2013,נפילות,גברים,11.7
שוודיה,2014,נפילות,גברים,11.8
שוודיה,2015,נפילות,גברים,12.6
שוודיה,2016,נפילות,גברים,11.1
שוודיה,2017,נפילות,גברים,11.3
שוודיה,2018,נפילות,גברים,11.2
שוודיה,2019,נפילות,גברים,10.6
שוודיה,2020,נפילות,גברים,10.9
שוודיה,2021,נפילות,גברים,10.8
שוודיה,2022,נפילות,גברים,11.5
שוודיה,2023,נפילות,גברים,10.9
שוודיה,2024,נפילות,גברים,9
שוודיה,2000,נפילות,נשים,3.3
שוודיה,2001,נפילות,נשים,4.3
שוודיה,2002,נפילות,נשים,4.1
שוודיה,2003,נפילות,נשים,4.9
שוודיה,2004,נפילות,נשים,5.2
שוודיה,2005,נפילות,נשים,6
שוודיה,2006,נפילות,נשים,5.2
שוודיה,2007,נפילות,נשים,5.2
שוודיה,2008,נפילות,נשים,6
שוודיה,2009,נפילות,נשים,5.5
שוודיה,2010,נפילות,נשים,5.6
שוודיה,2011,נפילות,נשים,6
שוודיה,2012,נפילות,נשים,6.1
שוודיה,2013,נפילות,נשים,5.9
שוודיה,2014,נפילות,נשים,6.2
שוודיה,2015,נפילות,נשים,6.6
שוודיה,2016,נפילות,נשים,6.5
שוודיה,2017,נפילות,נשים,6.8
שוודיה,2018,נפילות,נשים,6.5
שוודיה,2019,נפילות,נשים,6.2
שוודיה,2020,נפילות,נשים,6.6
שוודיה,2021,נפילות,נשים,6.4
שוודיה,2022,נפילות,נשים,6
שוודיה,2023,נפילות,נשים,6.2
שוודיה,2024,נפילות,נשים,5.2
שוודיה,2000,נפילות,סך הכול,5
שוודיה,2001,נפילות,סך הכול,5.5
שוודיה,2002,נפילות,סך הכול,5.9
שוודיה,2003,נפילות,סך הכול,6.8
שוודיה,2004,נפילות,סך הכול,7.4
שוודיה,2005,נפילות,סך הכול,7.7
שוודיה,2006,נפילות,סך הכול,7.5
שוודיה,2007,נפילות,סך הכול,7.5
שוודיה,2008,נפילות,סך הכול,8.3
שוודיה,2009,נפילות,סך הכול,7.5
שוודיה,2010,נפילות,סך הכול,7.9
שוודיה,2011,נפילות,סך הכול,7.8
שוודיה,2012,נפילות,סך הכול,8.2
שוודיה,2013,נפילות,סך הכול,8.4
שוודיה,2014,נפילות,סך הכול,8.6
שוודיה,2015,נפילות,סך הכול,9.1
שוודיה,2016,נפילות,סך הכול,8.5
שוודיה,2017,נפילות,סך הכול,8.8
שוודיה,2018,נפילות,סך הכול,8.6
שוודיה,2019,נפילות,סך הכול,8.1
שוודיה,2020,נפילות,סך הכול,8.5
שוודיה,2021,נפילות,סך הכול,8.3
שוודיה,2022,נפילות,סך הכול,8.4
שוודיה,2023,נפילות,סך הכול,8.3
שוודיה,2024,נפילות,סך הכול,6.9
שוודיה,2000,סוכרת,גברים,21.8
שוודיה,2001,סוכרת,גברים,22.7
שוודיה,2002,סוכרת,גברים,23.5
שוודיה,2003,סוכרת,גברים,23.3
שוודיה,2004,סוכרת,גברים,24.6
שוודיה,2005,סוכרת,גברים,23.1
שוודיה,2006,סוכרת,גברים,24.4
שוודיה,2007,סוכרת,גברים,23.5
שוודיה,2008,סוכרת,גברים,23.5
שוודיה,2009,סוכרת,גברים,22.4
שוודיה,2010,סוכרת,גברים,22.4
שוודיה,2011,סוכרת,גברים,22.5
שוודיה,2012,סוכרת,גברים,21.7
שוודיה,2013,סוכרת,גברים,23.2
שוודיה,2014,סוכרת,גברים,21.6
שוודיה,2015,סוכרת,גברים,22.3
שוודיה,2016,סוכרת,גברים,22.5
שוודיה,2017,סוכרת,גברים,23.5
שוודיה,2018,סוכרת,גברים,22.3
שוודיה,2019,סוכרת,גברים,20.9
שוודיה,2020,סוכרת,גברים,22.6
שוודיה,2021,סוכרת,גברים,21.7
שוודיה,2022,סוכרת,גברים,22.1
שוודיה,2023,סוכרת,גברים,21.9
שוודיה,2024,סוכרת,גברים,21.6
שוודיה,2000,סוכרת,נשים,15.2
שוודיה,2001,סוכרת,נשים,15.8
שוודיה,2002,סוכרת,נשים,15.6
שוודיה,2003,סוכרת,נשים,15.9
שוודיה,2004,סוכרת,נשים,15.2
שוודיה,2005,סוכרת,נשים,15.8
שוודיה,2006,סוכרת,נשים,15.1
שוודיה,2007,סוכרת,נשים,14.8
שוודיה,2008,סוכרת,נשים,15
שוודיה,2009,סוכרת,נשים,14.2
שוודיה,2010,סוכרת,נשים,13.8
שוודיה,2011,סוכרת,נשים,13.7
שוודיה,2012,סוכרת,נשים,14.3
שוודיה,2013,סוכרת,נשים,13
שוודיה,2014,סוכרת,נשים,12.4
שוודיה,2015,סוכרת,נשים,14
שוודיה,2016,סוכרת,נשים,13.2
שוודיה,2017,סוכרת,נשים,15
שוודיה,2018,סוכרת,נשים,14.1
שוודיה,2019,סוכרת,נשים,13.3
שוודיה,2020,סוכרת,נשים,15
שוודיה,2021,סוכרת,נשים,13.7
שוודיה,2022,סוכרת,נשים,13.8
שוודיה,2023,סוכרת,נשים,13.7
שוודיה,2024,סוכרת,נשים,12.6
שוודיה,2000,סוכרת,סך הכול,18
שוודיה,2001,סוכרת,סך הכול,18.8
שוודיה,2002,סוכרת,סך הכול,19.2
שוודיה,2003,סוכרת,סך הכול,19
שוודיה,2004,סוכרת,סך הכול,19.3
שוודיה,2005,סוכרת,סך הכול,19.2
שוודיה,2006,סוכרת,סך הכול,19.1
שוודיה,2007,סוכרת,סך הכול,18.5
שוודיה,2008,סוכרת,סך הכול,18.7
שוודיה,2009,סוכרת,סך הכול,17.9
שוודיה,2010,סוכרת,סך הכול,17.6
שוודיה,2011,סוכרת,סך הכול,17.6
שוודיה,2012,סוכרת,סך הכול,17.6
שוודיה,2013,סוכרת,סך הכול,17.5
שוודיה,2014,סוכרת,סך הכול,16.5
שוודיה,2015,סוכרת,סך הכול,17.7
שוודיה,2016,סוכרת,סך הכול,17.4
שוודיה,2017,סוכרת,סך הכול,18.8
שוודיה,2018,סוכרת,סך הכול,17.8
שוודיה,2019,סוכרת,סך הכול,16.7
שוודיה,2020,סוכרת,סך הכול,18.4
שוודיה,2021,סוכרת,סך הכול,17.4
שוודיה,2022,סוכרת,סך הכול,17.7
שוודיה,2023,סוכרת,סך הכול,17.5
שוודיה,2024,סוכרת,סך הכול,16.8
שוודיה,2020,קורונה,גברים,96.6
שוודיה,2021,קורונה,גברים,56.1
שוודיה,2022,קורונה,גברים,36.7
שוודיה,2023,קורונה,גברים,21.5
שוודיה,2024,קורונה,גברים,7.3
שוודיה,2020,קורונה,נשים,58
שוודיה,2021,קורונה,נשים,30
שוודיה,2022,קורונה,נשים,19.2
שוודיה,2023,קורונה,נשים,11.1
שוודיה,2024,קורונה,נשים,3.8
שוודיה,2020,קורונה,סך הכול,74.8
שוודיה,2021,קורונה,סך הכול,41.6
שוודיה,2022,קורונה,סך הכול,26.6
שוודיה,2023,קורונה,סך הכול,15.5
שוודיה,2024,קורונה,סך הכול,5.2
שוודיה,2000,שפעת,גברים,5.6
שוודיה,2001,שפעת,גברים,0.6
שוודיה,2002,שפעת,גברים,2.2
שוודיה,2003,שפעת,גברים,0.9
שוודיה,2004,שפעת,גברים,1.4
שוודיה,2005,שפעת,גברים,1.8
שוודיה,2006,שפעת,גברים,0.4
שוודיה,2007,שפעת,גברים,0.6
שוודיה,2008,שפעת,גברים,0.3
שוודיה,2009,שפעת,גברים,0.7
שוודיה,2010,שפעת,גברים,0.1
שוודיה,2011,שפעת,גברים,0.4
שוודיה,2012,שפעת,גברים,1.4
שוודיה,2013,שפעת,גברים,1.4
שוודיה,2014,שפעת,גברים,0.4
שוודיה,2015,שפעת,גברים,3.1
שוודיה,2016,שפעת,גברים,2.3
שוודיה,2017,שפעת,גברים,4.1
שוודיה,2018,שפעת,גברים,5.8
שוודיה,2019,שפעת,גברים,2.9
שוודיה,2020,שפעת,גברים,1.2
שוודיה,2021,שפעת,גברים,0.3
שוודיה,2022,שפעת,גברים,1.6
שוודיה,2023,שפעת,גברים,2.4
שוודיה,2024,שפעת,גברים,2.1
שוודיה,2000,שפעת,נשים,4.5
שוודיה,2001,שפעת,נשים,0.7
שוודיה,2002,שפעת,נשים,1.7
שוודיה,2003,שפעת,נשים,0.7
שוודיה,2004,שפעת,נשים,0.9
שוודיה,2005,שפעת,נשים,1.7
שוודיה,2006,שפעת,נשים,0.3
שוודיה,2007,שפעת,נשים,0.5
שוודיה,2008,שפעת,נשים,0.3
שוודיה,2009,שפעת,נשים,0.7
שוודיה,2010,שפעת,נשים,0.1
שוודיה,2011,שפעת,נשים,0.4
שוודיה,2012,שפעת,נשים,1.3
שוודיה,2013,שפעת,נשים,1.2
שוודיה,2014,שפעת,נשים,0.2
שוודיה,2015,שפעת,נשים,2.4
שוודיה,2016,שפעת,נשים,1.6
שוודיה,2017,שפעת,נשים,3.1
שוודיה,2018,שפעת,נשים,5
שוודיה,2019,שפעת,נשים,2
שוודיה,2020,שפעת,נשים,0.8
שוודיה,2021,שפעת,נשים,0.4
שוודיה,2022,שפעת,נשים,1.4
שוודיה,2023,שפעת,נשים,1.9
שוודיה,2024,שפעת,נשים,1.4
שוודיה,2000,שפעת,סך הכול,4.9
שוודיה,2001,שפעת,סך הכול,0.7
שוודיה,2002,שפעת,סך הכול,1.9
שוודיה,2003,שפעת,סך הכול,0.8
שוודיה,2004,שפעת,סך הכול,1
שוודיה,2005,שפעת,סך הכול,1.8
שוודיה,2006,שפעת,סך הכול,0.4
שוודיה,2007,שפעת,סך הכול,0.5
שוודיה,2008,שפעת,סך הכול,0.3
שוודיה,2009,שפעת,סך הכול,0.7
שוודיה,2010,שפעת,סך הכול,0.1
שוודיה,2011,שפעת,סך הכול,0.4
שוודיה,2012,שפעת,סך הכול,1.3
שוודיה,2013,שפעת,סך הכול,1.3
שוודיה,2014,שפעת,סך הכול,0.3
שוודיה,2015,שפעת,סך הכול,2.7
שוודיה,2016,שפעת,סך הכול,1.9
שוודיה,2017,שפעת,סך הכול,3.5
שוודיה,2018,שפעת,סך הכול,5.3
שוודיה,2019,שפעת,סך הכול,2.4
שוודיה,2020,שפעת,סך הכול,1
שוודיה,2021,שפעת,סך הכול,0.4
שוודיה,2022,שפעת,סך הכול,1.5
שוודיה,2023,שפעת,סך הכול,2.1
שוודיה,2024,שפעת,סך הכול,1.7
שוודיה,2000,תאונות דרכים,גברים,11.3
שוודיה,2001,תאונות דרכים,גברים,11.2
שוודיה,2002,תאונות דרכים,גברים,10
שוודיה,2003,תאונות דרכים,גברים,10
שוודיה,2004,תאונות דרכים,גברים,9.5
שוודיה,2005,תאונות דרכים,גברים,8.6
שוודיה,2006,תאונות דרכים,גברים,8.8
שוודיה,2007,תאונות דרכים,גברים,8.3
שוודיה,2008,תאונות דרכים,גברים,7.7
שוודיה,2009,תאונות דרכים,גברים,6.5
שוודיה,2010,תאונות דרכים,גברים,4.9
שוודיה,2011,תאונות דרכים,גברים,5.5
שוודיה,2012,תאונות דרכים,גברים,5.5
שוודיה,2013,תאונות דרכים,גברים,4.9
שוודיה,2014,תאונות דרכים,גברים,5
שוודיה,2015,תאונות דרכים,גברים,5.1
שוודיה,2016,תאונות דרכים,גברים,4.7
שוודיה,2017,תאונות דרכים,גברים,4.5
שוודיה,2018,תאונות דרכים,גברים,5.7
שוודיה,2019,תאונות דרכים,גברים,4.7
שוודיה,2020,תאונות דרכים,גברים,4.1
שוודיה,2021,תאונות דרכים,גברים,3.5
שוודיה,2022,תאונות דרכים,גברים,4.1
שוודיה,2023,תאונות דרכים,גברים,3.7
שוודיה,2024,תאונות דרכים,גברים,3.5
שוודיה,2000,תאונות דרכים,נשים,3
שוודיה,2001,תאונות דרכים,נשים,3.5
שוודיה,2002,תאונות דרכים,נשים,3
שוודיה,2003,תאונות דרכים,נשים,2.9
שוודיה,2004,תאונות דרכים,נשים,2.7
שוודיה,2005,תאונות דרכים,נשים,2.7
שוודיה,2006,תאונות דרכים,נשים,2.8
שוודיה,2007,תאונות דרכים,נשים,2.8
שוודיה,2008,תאונות דרכים,נשים,2.4
שוודיה,2009,תאונות דרכים,נשים,1.9
שוודיה,2010,תאונות דרכים,נשים,1.6
שוודיה,2011,תאונות דרכים,נשים,1.5
שוודיה,2012,תאונות דרכים,נשים,1.6
שוודיה,2013,תאונות דרכים,נשים,1.5
שוודיה,2014,תאונות דרכים,נשים,1.7
שוודיה,2015,תאונות דרכים,נשים,1.4
שוודיה,2016,תאונות דרכים,נשים,1.3
שוודיה,2017,תאונות דרכים,נשים,1.2
שוודיה,2018,תאונות דרכים,נשים,1.7
שוודיה,2019,תאונות דרכים,נשים,1.2
שוודיה,2020,תאונות דרכים,נשים,1
שוודיה,2021,תאונות דרכים,נשים,1
שוודיה,2022,תאונות דרכים,נשים,1.2
שוודיה,2023,תאונות דרכים,נשים,1.1
שוודיה,2024,תאונות דרכים,נשים,1.1
שוודיה,2000,תאונות דרכים,סך הכול,7
שוודיה,2001,תאונות דרכים,סך הכול,7.3
שוודיה,2002,תאונות דרכים,סך הכול,6.4
שוודיה,2003,תאונות דרכים,סך הכול,6.3
שוודיה,2004,תאונות דרכים,סך הכול,6
שוודיה,2005,תאונות דרכים,סך הכול,5.6
שוודיה,2006,תאונות דרכים,סך הכול,5.7
שוודיה,2007,תאונות דרכים,סך הכול,5.5
שוודיה,2008,תאונות דרכים,סך הכול,5
שוודיה,2009,תאונות דרכים,סך הכול,4.1
שוודיה,2010,תאונות דרכים,סך הכול,3.3
שוודיה,2011,תאונות דרכים,סך הכול,3.5
שוודיה,2012,תאונות דרכים,סך הכול,3.5
שוודיה,2013,תאונות דרכים,סך הכול,3.2
שוודיה,2014,תאונות דרכים,סך הכול,3.3
שוודיה,2015,תאונות דרכים,סך הכול,3.2
שוודיה,2016,תאונות דרכים,סך הכול,3
שוודיה,2017,תאונות דרכים,סך הכול,2.9
שוודיה,2018,תאונות דרכים,סך הכול,3.7
שוודיה,2019,תאונות דרכים,סך הכול,2.9
שוודיה,2020,תאונות דרכים,סך הכול,2.5
שוודיה,2021,תאונות דרכים,סך הכול,2.2
שוודיה,2022,תאונות דרכים,סך הכול,2.6
שוודיה,2023,תאונות דרכים,סך הכול,2.4
שוודיה,2024,תאונות דרכים,סך הכול,2.3
שוודיה,2000,תקיפה,גברים,1.3
שוודיה,2001,תקיפה,גברים,1.3
שוודיה,2002,תקיפה,גברים,1.5
שוודיה,2003,תקיפה,גברים,1.3
שוודיה,2004,תקיפה,גברים,1.4
שוודיה,2005,תקיפה,גברים,1.2
שוודיה,2006,תקיפה,גברים,1.1
שוודיה,2007,תקיפה,גברים,1.7
שוודיה,2008,תקיפה,גברים,1
שוודיה,2009,תקיפה,גברים,1.1
שוודיה,2010,תקיפה,גברים,1.3
שוודיה,2011,תקיפה,גברים,1.1
שוודיה,2012,תקיפה,גברים,0.9
שוודיה,2013,תקיפה,גברים,1.1
שוודיה,2014,תקיפה,גברים,1.1
שוודיה,2015,תקיפה,גברים,1.5
שוודיה,2016,תקיפה,גברים,1.3
שוודיה,2017,תקיפה,גברים,1.6
שוודיה,2018,תקיפה,גברים,1.5
שוודיה,2019,תקיפה,גברים,1.7
שוודיה,2020,תקיפה,גברים,2
שוודיה,2021,תקיפה,גברים,1.5
שוודיה,2022,תקיפה,גברים,1.8
שוודיה,2023,תקיפה,גברים,1.6
שוודיה,2024,תקיפה,גברים,1.2
שוודיה,2000,תקיפה,נשים,0.8
שוודיה,2001,תקיפה,נשים,0.6
שוודיה,2002,תקיפה,נשים,0.8
שוודיה,2003,תקיפה,נשים,0.6
שוודיה,2004,תקיפה,נשים,0.8
שוודיה,2005,תקיפה,נשים,0.7
שוודיה,2006,תקיפה,נשים,0.7
שוודיה,2007,תקיפה,נשים,0.7
שוודיה,2008,תקיפה,נשים,0.5
שוודיה,2009,תקיפה,נשים,0.8
שוודיה,2010,תקיפה,נשים,0.6
שוודיה,2011,תקיפה,נשים,0.4
שוודיה,2012,תקיפה,נשים,0.5
שוודיה,2013,תקיפה,נשים,0.5
שוודיה,2014,תקיפה,נשים,0.5
שוודיה,2015,תקיפה,נשים,0.5
שוודיה,2016,תקיפה,נשים,0.5
שוודיה,2017,תקיפה,נשים,0.5
שוודיה,2018,תקיפה,נשים,0.5
שוודיה,2019,תקיפה,נשים,0.5
שוודיה,2020,תקיפה,נשים,0.5
שוודיה,2021,תקיפה,נשים,0.4
שוודיה,2022,תקיפה,נשים,0.5
שוודיה,2023,תקיפה,נשים,0.6
שוודיה,2024,תקיפה,נשים,0.4
שוודיה,2000,תקיפה,סך הכול,1
שוודיה,2001,תקיפה,סך הכול,1
שוודיה,2002,תקיפה,סך הכול,1.2
שוודיה,2003,תקיפה,סך הכול,0.9
שוודיה,2004,תקיפה,סך הכול,1.1
שוודיה,2005,תקיפה,סך הכול,0.9
שוודיה,2006,תקיפה,סך הכול,0.9
שוודיה,2007,תקיפה,סך הכול,1.2
שוודיה,2008,תקיפה,סך הכול,0.8
שוודיה,2009,תקיפה,סך הכול,0.9
שוודיה,2010,תקיפה,סך הכול,1
שוודיה,2011,תקיפה,סך הכול,0.8
שוודיה,2012,תקיפה,סך הכול,0.7
שוודיה,2013,תקיפה,סך הכול,0.8
שוודיה,2014,תקיפה,סך הכול,0.8
שוודיה,2015,תקיפה,סך הכול,1
שוודיה,2016,תקיפה,סך הכול,0.9
שוודיה,2017,תקיפה,סך הכול,1.1
שוודיה,2018,תקיפה,סך הכול,1
שוודיה,2019,תקיפה,סך הכול,1.1
שוודיה,2020,תקיפה,סך הכול,1.3
שוודיה,2021,תקיפה,סך הכול,1
שוודיה,2022,תקיפה,סך הכול,1.2
שוודיה,2023,תקיפה,סך הכול,1.1
שוודיה,2024,תקיפה,סך הכול,0.8
שווייץ,2000,גידולים,גברים,319
שווייץ,2001,גידולים,גברים,317.2
שווייץ,2002,גידולים,גברים,295.2
שווייץ,2003,גידולים,גברים,299.6
שווייץ,2004,גידולים,גברים,291.1
שווייץ,2005,גידולים,גברים,289.4
שווייץ,2006,גידולים,גברים,283.5
שווייץ,2007,גידולים,גברים,282.4
שווייץ,2008,גידולים,גברים,277.7
שווייץ,2009,גידולים,גברים,267.2
שווייץ,2010,גידולים,גברים,269.5
שווייץ,2011,גידולים,גברים,270.6
שווייץ,2012,גידולים,גברים,258.5
שווייץ,2013,גידולים,גברים,255.9
שווייץ,2014,גידולים,גברים,251.7
שווייץ,2015,גידולים,גברים,252.6
שווייץ,2016,גידולים,גברים,240.9
שווייץ,2017,גידולים,גברים,239.7
שווייץ,2018,גידולים,גברים,233.9
שווייץ,2019,גידולים,גברים,222.7
שווייץ,2020,גידולים,גברים,214.9
שווייץ,2021,גידולים,גברים,210.3
שווייץ,2022,גידולים,גברים,206.9
שווייץ,2023,גידולים,גברים,206.1
שווייץ,2000,גידולים,נשים,180.4
שווייץ,2001,גידולים,נשים,172.9
שווייץ,2002,גידולים,נשים,171.9
שווייץ,2003,גידולים,נשים,171.8
שווייץ,2004,גידולים,נשים,170.5
שווייץ,2005,גידולים,נשים,163.6
שווייץ,2006,גידולים,נשים,167.4
שווייץ,2007,גידולים,נשים,168
שווייץ,2008,גידולים,נשים,161.2
שווייץ,2009,גידולים,נשים,162.9
שווייץ,2010,גידולים,נשים,160.1
שווייץ,2011,גידולים,נשים,158.8
שווייץ,2012,גידולים,נשים,160.2
שווייץ,2013,גידולים,נשים,157.8
שווייץ,2014,גידולים,נשים,154.3
שווייץ,2015,גידולים,נשים,155.8
שווייץ,2016,גידולים,נשים,156.2
שווייץ,2017,גידולים,נשים,152.1
שווייץ,2018,גידולים,נשים,149.7
שווייץ,2019,גידולים,נשים,147.8
שווייץ,2020,גידולים,נשים,142.4
שווייץ,2021,גידולים,נשים,138.4
שווייץ,2022,גידולים,נשים,141
שווייץ,2023,גידולים,נשים,133.6
שווייץ,2000,גידולים,סך הכול,234.5
שווייץ,2001,גידולים,סך הכול,229.5
שווייץ,2002,גידולים,סך הכול,220.2
שווייץ,2003,גידולים,סך הכול,221.6
שווייץ,2004,גידולים,סך הכול,218.2
שווייץ,2005,גידולים,סך הכול,213.4
שווייץ,2006,גידולים,סך הכול,212.9
שווייץ,2007,גידולים,סך הכול,213.2
שווייץ,2008,גידולים,סך הכול,207.8
שווייץ,2009,גידולים,סך הכול,204.5
שווייץ,2010,גידולים,סך הכול,203.8
שווייץ,2011,גידולים,סך הכול,203.6
שווייץ,2012,גידולים,סך הכול,199.8
שווייץ,2013,גידולים,סך הכול,197.8
שווייץ,2014,גידולים,סך הכול,194.2
שווייץ,2015,גידולים,סך הכול,195.5
שווייץ,2016,גידולים,סך הכול,191
שווייץ,2017,גידולים,סך הכול,188.4
שווייץ,2018,גידולים,סך הכול,184.8
שווייץ,2019,גידולים,סך הכול,179.1
שווייץ,2020,גידולים,סך הכול,172.6
שווייץ,2021,גידולים,סך הכול,169.1
שווייץ,2022,גידולים,סך הכול,168.8
שווייץ,2023,גידולים,סך הכול,164.4
שווייץ,2000,מחלות זיהומיות,גברים,11.5
שווייץ,2001,מחלות זיהומיות,גברים,12.5
שווייץ,2002,מחלות זיהומיות,גברים,10.6
שווייץ,2003,מחלות זיהומיות,גברים,11.2
שווייץ,2004,מחלות זיהומיות,גברים,9.7
שווייץ,2005,מחלות זיהומיות,גברים,9.2
שווייץ,2006,מחלות זיהומיות,גברים,9.8
שווייץ,2007,מחלות זיהומיות,גברים,9.9
שווייץ,2008,מחלות זיהומיות,גברים,10.6
שווייץ,2009,מחלות זיהומיות,גברים,10
שווייץ,2010,מחלות זיהומיות,גברים,10.6
שווייץ,2011,מחלות זיהומיות,גברים,11
שווייץ,2012,מחלות זיהומיות,גברים,9.4
שווייץ,2013,מחלות זיהומיות,גברים,9.7
שווייץ,2014,מחלות זיהומיות,גברים,10.6
שווייץ,2015,מחלות זיהומיות,גברים,10.5
שווייץ,2016,מחלות זיהומיות,גברים,9.3
שווייץ,2017,מחלות זיהומיות,גברים,9.2
שווייץ,2018,מחלות זיהומיות,גברים,9.2
שווייץ,2019,מחלות זיהומיות,גברים,8.7
שווייץ,2020,מחלות זיהומיות,גברים,9.8
שווייץ,2021,מחלות זיהומיות,גברים,10.1
שווייץ,2022,מחלות זיהומיות,גברים,10.9
שווייץ,2023,מחלות זיהומיות,גברים,10.5
שווייץ,2000,מחלות זיהומיות,נשים,8.9
שווייץ,2001,מחלות זיהומיות,נשים,6.6
שווייץ,2002,מחלות זיהומיות,נשים,6.9
שווייץ,2003,מחלות זיהומיות,נשים,7.5
שווייץ,2004,מחלות זיהומיות,נשים,6.6
שווייץ,2005,מחלות זיהומיות,נשים,6.3
שווייץ,2006,מחלות זיהומיות,נשים,6.7
שווייץ,2007,מחלות זיהומיות,נשים,6.7
שווייץ,2008,מחלות זיהומיות,נשים,6.8
שווייץ,2009,מחלות זיהומיות,נשים,6.9
שווייץ,2010,מחלות זיהומיות,נשים,6.8
שווייץ,2011,מחלות זיהומיות,נשים,7.7
שווייץ,2012,מחלות זיהומיות,נשים,7.8
שווייץ,2013,מחלות זיהומיות,נשים,7.7
שווייץ,2014,מחלות זיהומיות,נשים,6.3
שווייץ,2015,מחלות זיהומיות,נשים,7.4
שווייץ,2016,מחלות זיהומיות,נשים,6.8
שווייץ,2017,מחלות זיהומיות,נשים,7.4
שווייץ,2018,מחלות זיהומיות,נשים,6.9
שווייץ,2019,מחלות זיהומיות,נשים,7
שווייץ,2020,מחלות זיהומיות,נשים,6.6
שווייץ,2021,מחלות זיהומיות,נשים,6.9
שווייץ,2022,מחלות זיהומיות,נשים,7.3
שווייץ,2023,מחלות זיהומיות,נשים,8.2
שווייץ,2000,מחלות זיהומיות,סך הכול,10.1
שווייץ,2001,מחלות זיהומיות,סך הכול,9.1
שווייץ,2002,מחלות זיהומיות,סך הכול,8.6
שווייץ,2003,מחלות זיהומיות,סך הכול,9.2
שווייץ,2004,מחלות זיהומיות,סך הכול,8
שווייץ,2005,מחלות זיהומיות,סך הכול,7.6
שווייץ,2006,מחלות זיהומיות,סך הכול,8
שווייץ,2007,מחלות זיהומיות,סך הכול,8.1
שווייץ,2008,מחלות זיהומיות,סך הכול,8.4
שווייץ,2009,מחלות זיהומיות,סך הכול,8.2
שווייץ,2010,מחלות זיהומיות,סך הכול,8.5
שווייץ,2011,מחלות זיהומיות,סך הכול,9.1
שווייץ,2012,מחלות זיהומיות,סך הכול,8.6
שווייץ,2013,מחלות זיהומיות,סך הכול,8.6
שווייץ,2014,מחלות זיהומיות,סך הכול,8.2
שווייץ,2015,מחלות זיהומיות,סך הכול,8.8
שווייץ,2016,מחלות זיהומיות,סך הכול,7.9
שווייץ,2017,מחלות זיהומיות,סך הכול,8.2
שווייץ,2018,מחלות זיהומיות,סך הכול,8
שווייץ,2019,מחלות זיהומיות,סך הכול,7.9
שווייץ,2020,מחלות זיהומיות,סך הכול,8
שווייץ,2021,מחלות זיהומיות,סך הכול,8.3
שווייץ,2022,מחלות זיהומיות,סך הכול,9
שווייץ,2023,מחלות זיהומיות,סך הכול,9.3
שווייץ,2000,מחלות כלי דם במוח,גברים,72.6
שווייץ,2001,מחלות כלי דם במוח,גברים,71.1
שווייץ,2002,מחלות כלי דם במוח,גברים,66.5
שווייץ,2003,מחלות כלי דם במוח,גברים,68.2
שווייץ,2004,מחלות כלי דם במוח,גברים,60.7
שווייץ,2005,מחלות כלי דם במוח,גברים,60.3
שווייץ,2006,מחלות כלי דם במוח,גברים,55.8
שווייץ,2007,מחלות כלי דם במוח,גברים,55.1
שווייץ,2008,מחלות כלי דם במוח,גברים,51.7
שווייץ,2009,מחלות כלי דם במוח,גברים,49.2
שווייץ,2010,מחלות כלי דם במוח,גברים,50
שווייץ,2011,מחלות כלי דם במוח,גברים,44.5
שווייץ,2012,מחלות כלי דם במוח,גברים,44.2
שווייץ,2013,מחלות כלי דם במוח,גברים,43
שווייץ,2014,מחלות כלי דם במוח,גברים,37.4
שווייץ,2015,מחלות כלי דם במוח,גברים,40.3
שווייץ,2016,מחלות כלי דם במוח,גברים,36.9
שווייץ,2017,מחלות כלי דם במוח,גברים,37.8
שווייץ,2018,מחלות כלי דם במוח,גברים,36.2
שווייץ,2019,מחלות כלי דם במוח,גברים,33.7
שווייץ,2020,מחלות כלי דם במוח,גברים,33.7
שווייץ,2021,מחלות כלי דם במוח,גברים,32.3
שווייץ,2022,מחלות כלי דם במוח,גברים,29.4
שווייץ,2023,מחלות כלי דם במוח,גברים,29.9
שווייץ,2000,מחלות כלי דם במוח,נשים,62.4
שווייץ,2001,מחלות כלי דם במוח,נשים,57.6
שווייץ,2002,מחלות כלי דם במוח,נשים,55.3
שווייץ,2003,מחלות כלי דם במוח,נשים,59.4
שווייץ,2004,מחלות כלי דם במוח,נשים,51
שווייץ,2005,מחלות כלי דם במוח,נשים,50.4
שווייץ,2006,מחלות כלי דם במוח,נשים,49
שווייץ,2007,מחלות כלי דם במוח,נשים,49
שווייץ,2008,מחלות כלי דם במוח,נשים,48
שווייץ,2009,מחלות כלי דם במוח,נשים,44.3
שווייץ,2010,מחלות כלי דם במוח,נשים,40.5
שווייץ,2011,מחלות כלי דם במוח,נשים,39.9
שווייץ,2012,מחלות כלי דם במוח,נשים,38
שווייץ,2013,מחלות כלי דם במוח,נשים,39
שווייץ,2014,מחלות כלי דם במוח,נשים,36.1
שווייץ,2015,מחלות כלי דם במוח,נשים,35.2
שווייץ,2016,מחלות כלי דם במוח,נשים,34.2
שווייץ,2017,מחלות כלי דם במוח,נשים,33
שווייץ,2018,מחלות כלי דם במוח,נשים,31.9
שווייץ,2019,מחלות כלי דם במוח,נשים,30.8
שווייץ,2020,מחלות כלי דם במוח,נשים,31.8
שווייץ,2021,מחלות כלי דם במוח,נשים,28.6
שווייץ,2022,מחלות כלי דם במוח,נשים,27.1
שווייץ,2023,מחלות כלי דם במוח,נשים,28.6
שווייץ,2000,מחלות כלי דם במוח,סך הכול,66.8
שווייץ,2001,מחלות כלי דם במוח,סך הכול,63.1
שווייץ,2002,מחלות כלי דם במוח,סך הכול,60
שווייץ,2003,מחלות כלי דם במוח,סך הכול,63
שווייץ,2004,מחלות כלי דם במוח,סך הכול,55.3
שווייץ,2005,מחלות כלי דם במוח,סך הכול,54.5
שווייץ,2006,מחלות כלי דם במוח,סך הכול,51.9
שווייץ,2007,מחלות כלי דם במוח,סך הכול,51.6
שווייץ,2008,מחלות כלי דם במוח,סך הכול,49.6
שווייץ,2009,מחלות כלי דם במוח,סך הכול,46.5
שווייץ,2010,מחלות כלי דם במוח,סך הכול,44.5
שווייץ,2011,מחלות כלי דם במוח,סך הכול,41.9
שווייץ,2012,מחלות כלי דם במוח,סך הכול,40.7
שווייץ,2013,מחלות כלי דם במוח,סך הכול,40.8
שווייץ,2014,מחלות כלי דם במוח,סך הכול,36.9
שווייץ,2015,מחלות כלי דם במוח,סך הכול,37.4
שווייץ,2016,מחלות כלי דם במוח,סך הכול,35.6
שווייץ,2017,מחלות כלי דם במוח,סך הכול,35.3
שווייץ,2018,מחלות כלי דם במוח,סך הכול,33.9
שווייץ,2019,מחלות כלי דם במוח,סך הכול,32.3
שווייץ,2020,מחלות כלי דם במוח,סך הכול,32.8
שווייץ,2021,מחלות כלי דם במוח,סך הכול,30.3
שווייץ,2022,מחלות כלי דם במוח,סך הכול,28.4
שווייץ,2023,מחלות כלי דם במוח,סך הכול,29.4
שווייץ,2000,מחלות לב איסכמיות,גברים,211.8
שווייץ,2001,מחלות לב איסכמיות,גברים,197.8
שווייץ,2002,מחלות לב איסכמיות,גברים,185.1
שווייץ,2003,מחלות לב איסכמיות,גברים,186.5
שווייץ,2004,מחלות לב איסכמיות,גברים,169
שווייץ,2005,מחלות לב איסכמיות,גברים,171.8
שווייץ,2006,מחלות לב איסכמיות,גברים,163.1
שווייץ,2007,מחלות לב איסכמיות,גברים,155.4
שווייץ,2008,מחלות לב איסכמיות,גברים,149
שווייץ,2009,מחלות לב איסכמיות,גברים,141.6
שווייץ,2010,מחלות לב איסכמיות,גברים,133.7
שווייץ,2011,מחלות לב איסכמיות,גברים,126.4
שווייץ,2012,מחלות לב איסכמיות,גברים,125.5
שווייץ,2013,מחלות לב איסכמיות,גברים,118.6
שווייץ,2014,מחלות לב איסכמיות,גברים,109.9
שווייץ,2015,מחלות לב איסכמיות,גברים,108.9
שווייץ,2016,מחלות לב איסכמיות,גברים,101.8
שווייץ,2017,מחלות לב איסכמיות,גברים,100
שווייץ,2018,מחלות לב איסכמיות,גברים,94.3
שווייץ,2019,מחלות לב איסכמיות,גברים,91.1
שווייץ,2020,מחלות לב איסכמיות,גברים,91.7
שווייץ,2021,מחלות לב איסכמיות,גברים,82.2
שווייץ,2022,מחלות לב איסכמיות,גברים,82.3
שווייץ,2023,מחלות לב איסכמיות,גברים,79.8
שווייץ,2000,מחלות לב איסכמיות,נשים,118.3
שווייץ,2001,מחלות לב איסכמיות,נשים,111.3
שווייץ,2002,מחלות לב איסכמיות,נשים,107.1
שווייץ,2003,מחלות לב איסכמיות,נשים,104.3
שווייץ,2004,מחלות לב איסכמיות,נשים,94.8
שווייץ,2005,מחלות לב איסכמיות,נשים,91.9
שווייץ,2006,מחלות לב איסכמיות,נשים,87.4
שווייץ,2007,מחלות לב איסכמיות,נשים,84
שווייץ,2008,מחלות לב איסכמיות,נשים,80.3
שווייץ,2009,מחלות לב איסכמיות,נשים,74.6
שווייץ,2010,מחלות לב איסכמיות,נשים,70.5
שווייץ,2011,מחלות לב איסכמיות,נשים,63.3
שווייץ,2012,מחלות לב איסכמיות,נשים,65.4
שווייץ,2013,מחלות לב איסכמיות,נשים,61.7
שווייץ,2014,מחלות לב איסכמיות,נשים,56.1
שווייץ,2015,מחלות לב איסכמיות,נשים,54.8
שווייץ,2016,מחלות לב איסכמיות,נשים,50.3
שווייץ,2017,מחלות לב איסכמיות,נשים,50.5
שווייץ,2018,מחלות לב איסכמיות,נשים,47.2
שווייץ,2019,מחלות לב איסכמיות,נשים,45.7
שווייץ,2020,מחלות לב איסכמיות,נשים,43
שווייץ,2021,מחלות לב איסכמיות,נשים,39.4
שווייץ,2022,מחלות לב איסכמיות,נשים,39.4
שווייץ,2023,מחלות לב איסכמיות,נשים,38.4
שווייץ,2000,מחלות לב איסכמיות,סך הכול,156.5
שווייץ,2001,מחלות לב איסכמיות,סך הכול,146.5
שווייץ,2002,מחלות לב איסכמיות,סך הכול,139.4
שווייץ,2003,מחלות לב איסכמיות,סך הכול,137.6
שווייץ,2004,מחלות לב איסכמיות,סך הכול,124.9
שווייץ,2005,מחלות לב איסכמיות,סך הכול,124.4
שווייץ,2006,מחלות לב איסכמיות,סך הכול,118.6
שווייץ,2007,מחלות לב איסכמיות,סך הכול,113.6
שווייץ,2008,מחלות לב איסכמיות,סך הכול,108.6
שווייץ,2009,מחלות לב איסכמיות,סך הכול,102.4
שווייץ,2010,מחלות לב איסכמיות,סך הכול,96.9
שווייץ,2011,מחלות לב איסכמיות,סך הכול,89.3
שווייץ,2012,מחלות לב איסכמיות,סך הכול,90.3
שווייץ,2013,מחלות לב איסכמיות,סך הכול,85.3
שווייץ,2014,מחלות לב איסכמיות,סך הכול,78.7
שווייץ,2015,מחלות לב איסכמיות,סך הכול,77.6
שווייץ,2016,מחלות לב איסכמיות,סך הכול,71.9
שווייץ,2017,מחלות לב איסכמיות,סך הכול,71.5
שווייץ,2018,מחלות לב איסכמיות,סך הכול,67.2
שווייץ,2019,מחלות לב איסכמיות,סך הכול,65.2
שווייץ,2020,מחלות לב איסכמיות,סך הכול,64
שווייץ,2021,מחלות לב איסכמיות,סך הכול,58.1
שווייץ,2022,מחלות לב איסכמיות,סך הכול,58
שווייץ,2023,מחלות לב איסכמיות,סך הכול,56.2
שווייץ,2000,מחלות מערכת הדם,גברים,443.7
שווייץ,2001,מחלות מערכת הדם,גברים,428.6
שווייץ,2002,מחלות מערכת הדם,גברים,397
שווייץ,2003,מחלות מערכת הדם,גברים,401.5
שווייץ,2004,מחלות מערכת הדם,גברים,367.7
שווייץ,2005,מחלות מערכת הדם,גברים,373.9
שווייץ,2006,מחלות מערכת הדם,גברים,354.6
שווייץ,2007,מחלות מערכת הדם,גברים,344.3
שווייץ,2008,מחלות מערכת הדם,גברים,326.9
שווייץ,2009,מחלות מערכת הדם,גברים,316.5
שווייץ,2010,מחלות מערכת הדם,גברים,309.3
שווייץ,2011,מחלות מערכת הדם,גברים,292.2
שווייץ,2012,מחלות מערכת הדם,גברים,292.6
שווייץ,2013,מחלות מערכת הדם,גברים,284.3
שווייץ,2014,מחלות מערכת הדם,גברים,267
שווייץ,2015,מחלות מערכת הדם,גברים,267.3
שווייץ,2016,מחלות מערכת הדם,גברים,250
שווייץ,2017,מחלות מערכת הדם,גברים,247.6
שווייץ,2018,מחלות מערכת הדם,גברים,236.1
שווייץ,2019,מחלות מערכת הדם,גברים,221.1
שווייץ,2020,מחלות מערכת הדם,גברים,224.8
שווייץ,2021,מחלות מערכת הדם,גברים,208.9
שווייץ,2022,מחלות מערכת הדם,גברים,211.2
שווייץ,2023,מחלות מערכת הדם,גברים,204.5
שווייץ,2000,מחלות מערכת הדם,נשים,305.8
שווייץ,2001,מחלות מערכת הדם,נשים,289.4
שווייץ,2002,מחלות מערכת הדם,נשים,278.8
שווייץ,2003,מחלות מערכת הדם,נשים,278.2
שווייץ,2004,מחלות מערכת הדם,נשים,259.3
שווייץ,2005,מחלות מערכת הדם,נשים,253.3
שווייץ,2006,מחלות מערכת הדם,נשים,241.2
שווייץ,2007,מחלות מערכת הדם,נשים,238.6
שווייץ,2008,מחלות מערכת הדם,נשים,232.1
שווייץ,2009,מחלות מערכת הדם,נשים,224.7
שווייץ,2010,מחלות מערכת הדם,נשים,213.4
שווייץ,2011,מחלות מערכת הדם,נשים,203.9
שווייץ,2012,מחלות מערכת הדם,נשים,206.8
שווייץ,2013,מחלות מערכת הדם,נשים,200.9
שווייץ,2014,מחלות מערכת הדם,נשים,190.3
שווייץ,2015,מחלות מערכת הדם,נשים,193
שווייץ,2016,מחלות מערכת הדם,נשים,181.7
שווייץ,2017,מחלות מערכת הדם,נשים,179.3
שווייץ,2018,מחלות מערכת הדם,נשים,171.6
שווייץ,2019,מחלות מערכת הדם,נשים,162.6
שווייץ,2020,מחלות מערכת הדם,נשים,161.7
שווייץ,2021,מחלות מערכת הדם,נשים,153.9
שווייץ,2022,מחלות מערכת הדם,נשים,155.6
שווייץ,2023,מחלות מערכת הדם,נשים,155.7
שווייץ,2000,מחלות מערכת הדם,סך הכול,363.5
שווייץ,2001,מחלות מערכת הדם,סך הכול,346.8
שווייץ,2002,מחלות מערכת הדם,סך הכול,328.9
שווייץ,2003,מחלות מערכת הדם,סך הכול,329.4
שווייץ,2004,מחלות מערכת הדם,סך הכול,304.8
שווייץ,2005,מחלות מערכת הדם,סך הכול,303.4
שווייץ,2006,מחלות מערכת הדם,סך הכול,288.8
שווייץ,2007,מחלות מערכת הדם,סך הכול,283.5
שווייץ,2008,מחלות מערכת הדם,סך הכול,272.5
שווייץ,2009,מחלות מערכת הדם,סך הכול,264.2
שווייץ,2010,מחלות מערכת הדם,סך הכול,254.6
שווייץ,2011,מחלות מערכת הדם,סך הכול,241.8
שווייץ,2012,מחלות מערכת הדם,סך הכול,243.9
שווייץ,2013,מחלות מערכת הדם,סך הכול,236.6
שווייץ,2014,מחלות מערכת הדם,סך הכול,224.1
שווייץ,2015,מחלות מערכת הדם,סך הכול,226
שווייץ,2016,מחלות מערכת הדם,סך הכול,211.7
שווייץ,2017,מחלות מערכת הדם,סך הכול,209.8
שווייץ,2018,מחלות מערכת הדם,סך הכול,200.5
שווייץ,2019,מחלות מערכת הדם,סך הכול,189.1
שווייץ,2020,מחלות מערכת הדם,סך הכול,190.3
שווייץ,2021,מחלות מערכת הדם,סך הכול,179.1
שווייץ,2022,מחלות מערכת הדם,סך הכול,181
שווייץ,2023,מחלות מערכת הדם,סך הכול,178.2
שווייץ,2000,מחלות מערכת הנשימה,גברים,99.6
שווייץ,2001,מחלות מערכת הנשימה,גברים,80.7
שווייץ,2002,מחלות מערכת הנשימה,גברים,82.4
שווייץ,2003,מחלות מערכת הנשימה,גברים,84
שווייץ,2004,מחלות מערכת הנשימה,גברים,77.4
שווייץ,2005,מחלות מערכת הנשימה,גברים,81.9
שווייץ,2006,מחלות מערכת הנשימה,גברים,70.6
שווייץ,2007,מחלות מערכת הנשימה,גברים,69
שווייץ,2008,מחלות מערכת הנשימה,גברים,64
שווייץ,2009,מחלות מערכת הנשימה,גברים,68.5
שווייץ,2010,מחלות מערכת הנשימה,גברים,63
שווייץ,2011,מחלות מערכת הנשימה,גברים,60.8
שווייץ,2012,מחלות מערכת הנשימה,גברים,62
שווייץ,2013,מחלות מערכת הנשימה,גברים,62.9
שווייץ,2014,מחלות מערכת הנשימה,גברים,55.3
שווייץ,2015,מחלות מערכת הנשימה,גברים,63.4
שווייץ,2016,מחלות מערכת הנשימה,גברים,57.8
שווייץ,2017,מחלות מערכת הנשימה,גברים,59.9
שווייץ,2018,מחלות מערכת הנשימה,גברים,59.7
שווייץ,2019,מחלות מערכת הנשימה,גברים,56.9
שווייץ,2020,מחלות מערכת הנשימה,גברים,46.1
שווייץ,2021,מחלות מערכת הנשימה,גברים,44
שווייץ,2022,מחלות מערכת הנשימה,גברים,51.5
שווייץ,2023,מחלות מערכת הנשימה,גברים,52.6
שווייץ,2000,מחלות מערכת הנשימה,נשים,49.3
שווייץ,2001,מחלות מערכת הנשימה,נשים,38.5
שווייץ,2002,מחלות מערכת הנשימה,נשים,40.8
שווייץ,2003,מחלות מערכת הנשימה,נשים,41.7
שווייץ,2004,מחלות מערכת הנשימה,נשים,37.5
שווייץ,2005,מחלות מערכת הנשימה,נשים,41.9
שווייץ,2006,מחלות מערכת הנשימה,נשים,34.6
שווייץ,2007,מחלות מערכת הנשימה,נשים,33.8
שווייץ,2008,מחלות מערכת הנשימה,נשים,33.2
שווייץ,2009,מחלות מערכת הנשימה,נשים,37.2
שווייץ,2010,מחלות מערכת הנשימה,נשים,32
שווייץ,2011,מחלות מערכת הנשימה,נשים,32.7
שווייץ,2012,מחלות מערכת הנשימה,נשים,33.7
שווייץ,2013,מחלות מערכת הנשימה,נשים,34.9
שווייץ,2014,מחלות מערכת הנשימה,נשים,32.8
שווייץ,2015,מחלות מערכת הנשימה,נשים,39.3
שווייץ,2016,מחלות מערכת הנשימה,נשים,32.6
שווייץ,2017,מחלות מערכת הנשימה,נשים,38.4
שווייץ,2018,מחלות מערכת הנשימה,נשים,36.4
שווייץ,2019,מחלות מערכת הנשימה,נשים,35.4
שווייץ,2020,מחלות מערכת הנשימה,נשים,28.1
שווייץ,2021,מחלות מערכת הנשימה,נשים,26.5
שווייץ,2022,מחלות מערכת הנשימה,נשים,33.1
שווייץ,2023,מחלות מערכת הנשימה,נשים,34.9
שווייץ,2000,מחלות מערכת הנשימה,סך הכול,67.5
שווייץ,2001,מחלות מערכת הנשימה,סך הכול,53.7
שווייץ,2002,מחלות מערכת הנשימה,סך הכול,56.2
שווייץ,2003,מחלות מערכת הנשימה,סך הכול,57.2
שווייץ,2004,מחלות מערכת הנשימה,סך הכול,52.2
שווייץ,2005,מחלות מערכת הנשימה,סך הכול,56.8
שווייץ,2006,מחלות מערכת הנשימה,סך הכול,47.6
שווייץ,2007,מחלות מערכת הנשימה,סך הכול,47
שווייץ,2008,מחלות מערכת הנשימה,סך הכול,44.8
שווייץ,2009,מחלות מערכת הנשימה,סך הכול,49
שווייץ,2010,מחלות מערכת הנשימה,סך הכול,43.7
שווייץ,2011,מחלות מערכת הנשימה,סך הכול,43.4
שווייץ,2012,מחלות מערכת הנשימה,סך הכול,44.4
שווייץ,2013,מחלות מערכת הנשימה,סך הכול,45.8
שווייץ,2014,מחלות מערכת הנשימה,סך הכול,41.5
שווייץ,2015,מחלות מערכת הנשימה,סך הכול,48.8
שווייץ,2016,מחלות מערכת הנשימה,סך הכול,42.6
שווייץ,2017,מחלות מערכת הנשימה,סך הכול,46.9
שווייץ,2018,מחלות מערכת הנשימה,סך הכול,45.7
שווייץ,2019,מחלות מערכת הנשימה,סך הכול,44.1
שווייץ,2020,מחלות מערכת הנשימה,סך הכול,35.5
שווייץ,2021,מחלות מערכת הנשימה,סך הכול,33.6
שווייץ,2022,מחלות מערכת הנשימה,סך הכול,40.8
שווייץ,2023,מחלות מערכת הנשימה,סך הכול,42.2
שווייץ,2000,נפילות,גברים,20.8
שווייץ,2001,נפילות,גברים,19.8
שווייץ,2002,נפילות,גברים,17.3
שווייץ,2003,נפילות,גברים,19.4
שווייץ,2004,נפילות,גברים,18.7
שווייץ,2005,נפילות,גברים,18.1
שווייץ,2006,נפילות,גברים,20.5
שווייץ,2007,נפילות,גברים,20.3
שווייץ,2008,נפילות,גברים,19.2
שווייץ,2009,נפילות,גברים,19.5
שווייץ,2010,נפילות,גברים,20.5
שווייץ,2011,נפילות,גברים,21.7
שווייץ,2012,נפילות,גברים,21.4
שווייץ,2013,נפילות,גברים,22
שווייץ,2014,נפילות,גברים,21.6
שווייץ,2015,נפילות,גברים,22.3
שווייץ,2016,נפילות,גברים,21.8
שווייץ,2017,נפילות,גברים,20
שווייץ,2018,נפילות,גברים,20.8
שווייץ,2019,נפילות,גברים,18.7
שווייץ,2020,נפילות,גברים,18.2
שווייץ,2021,נפילות,גברים,18.7
שווייץ,2022,נפילות,גברים,19.6
שווייץ,2023,נפילות,גברים,21.4
שווייץ,2000,נפילות,נשים,12.5
שווייץ,2001,נפילות,נשים,12.3
שווייץ,2002,נפילות,נשים,13
שווייץ,2003,נפילות,נשים,14.4
שווייץ,2004,נפילות,נשים,13
שווייץ,2005,נפילות,נשים,11.9
שווייץ,2006,נפילות,נשים,13.6
שווייץ,2007,נפילות,נשים,13.6
שווייץ,2008,נפילות,נשים,13.9
שווייץ,2009,נפילות,נשים,13.9
שווייץ,2010,נפילות,נשים,15.1
שווייץ,2011,נפילות,נשים,15.7
שווייץ,2012,נפילות,נשים,15.5
שווייץ,2013,נפילות,נשים,17.2
שווייץ,2014,נפילות,נשים,16.2
שווייץ,2015,נפילות,נשים,15.2
שווייץ,2016,נפילות,נשים,15.4
שווייץ,2017,נפילות,נשים,14.8
שווייץ,2018,נפילות,נשים,15.6
שווייץ,2019,נפילות,נשים,15.1
שווייץ,2020,נפילות,נשים,14.6
שווייץ,2021,נפילות,נשים,14.5
שווייץ,2022,נפילות,נשים,16.2
שווייץ,2023,נפילות,נשים,16.4
שווייץ,2000,נפילות,סך הכול,15.9
שווייץ,2001,נפילות,סך הכול,15.3
שווייץ,2002,נפילות,סך הכול,15
שווייץ,2003,נפילות,סך הכול,16.5
שווייץ,2004,נפילות,סך הכול,15.5
שווייץ,2005,נפילות,סך הכול,14.6
שווייץ,2006,נפילות,סך הכול,16.4
שווייץ,2007,נפילות,סך הכול,16.4
שווייץ,2008,נפילות,סך הכול,16.2
שווייץ,2009,נפילות,סך הכול,16.4
שווייץ,2010,נפילות,סך הכול,17.4
שווייץ,2011,נפילות,סך הכול,18.2
שווייץ,2012,נפילות,סך הכול,17.9
שווייץ,2013,נפילות,סך הכול,19.4
שווייץ,2014,נפילות,סך הכול,18.7
שווייץ,2015,נפילות,סך הכול,18.1
שווייץ,2016,נפילות,סך הכול,18.2
שווייץ,2017,נפילות,סך הכול,17.1
שווייץ,2018,נפילות,סך הכול,17.8
שווייץ,2019,נפילות,סך הכול,16.8
שווייץ,2020,נפילות,סך הכול,16.3
שווייץ,2021,נפילות,סך הכול,16.5
שווייץ,2022,נפילות,סך הכול,17.8
שווייץ,2023,נפילות,סך הכול,18.6
שווייץ,2000,סוכרת,גברים,23.9
שווייץ,2001,סוכרת,גברים,24.6
שווייץ,2002,סוכרת,גברים,25.8
שווייץ,2003,סוכרת,גברים,28.4
שווייץ,2004,סוכרת,גברים,23.6
שווייץ,2005,סוכרת,גברים,21.5
שווייץ,2006,סוכרת,גברים,20.6
שווייץ,2007,סוכרת,גברים,21.1
שווייץ,2008,סוכרת,גברים,21.8
שווייץ,2009,סוכרת,גברים,21
שווייץ,2010,סוכרת,גברים,17.1
שווייץ,2011,סוכרת,גברים,16.7
שווייץ,2012,סוכרת,גברים,17.4
שווייץ,2013,סוכרת,גברים,17.4
שווייץ,2014,סוכרת,גברים,16.2
שווייץ,2015,סוכרת,גברים,17.1
שווייץ,2016,סוכרת,גברים,14.9
שווייץ,2017,סוכרת,גברים,16.8
שווייץ,2018,סוכרת,גברים,14.2
שווייץ,2019,סוכרת,גברים,14.7
שווייץ,2020,סוכרת,גברים,12.4
שווייץ,2021,סוכרת,גברים,12.9
שווייץ,2022,סוכרת,גברים,12.8
שווייץ,2023,סוכרת,גברים,13.8
שווייץ,2000,סוכרת,נשים,21.1
שווייץ,2001,סוכרת,נשים,21.2
שווייץ,2002,סוכרת,נשים,19.9
שווייץ,2003,סוכרת,נשים,22.7
שווייץ,2004,סוכרת,נשים,19.1
שווייץ,2005,סוכרת,נשים,16.9
שווייץ,2006,סוכרת,נשים,15.7
שווייץ,2007,סוכרת,נשים,15.6
שווייץ,2008,סוכרת,נשים,16.7
שווייץ,2009,סוכרת,נשים,14.1
שווייץ,2010,סוכרת,נשים,12.6
שווייץ,2011,סוכרת,נשים,11.9
שווייץ,2012,סוכרת,נשים,11.6
שווייץ,2013,סוכרת,נשים,12.2
שווייץ,2014,סוכרת,נשים,10.9
שווייץ,2015,סוכרת,נשים,11.6
שווייץ,2016,סוכרת,נשים,11.7
שווייץ,2017,סוכרת,נשים,9.7
שווייץ,2018,סוכרת,נשים,9.2
שווייץ,2019,סוכרת,נשים,8.5
שווייץ,2020,סוכרת,נשים,7.3
שווייץ,2021,סוכרת,נשים,8
שווייץ,2022,סוכרת,נשים,8.4
שווייץ,2023,סוכרת,נשים,8.2
שווייץ,2000,סוכרת,סך הכול,22.8
שווייץ,2001,סוכרת,סך הכול,23
שווייץ,2002,סוכרת,סך הכול,22.4
שווייץ,2003,סוכרת,סך הכול,25.3
שווייץ,2004,סוכרת,סך הכול,21.2
שווייץ,2005,סוכרת,סך הכול,19
שווייץ,2006,סוכרת,סך הכול,17.9
שווייץ,2007,סוכרת,סך הכול,18
שווייץ,2008,סוכרת,סך הכול,18.8
שווייץ,2009,סוכרת,סך הכול,17
שווייץ,2010,סוכרת,סך הכול,14.7
שווייץ,2011,סוכרת,סך הכול,14
שווייץ,2012,סוכרת,סך הכול,14.1
שווייץ,2013,סוכרת,סך הכול,14.6
שווייץ,2014,סוכרת,סך הכול,13.1
שווייץ,2015,סוכרת,סך הכול,13.9
שווייץ,2016,סוכרת,סך הכול,13.2
שווייץ,2017,סוכרת,סך הכול,12.7
שווייץ,2018,סוכרת,סך הכול,11.4
שווייץ,2019,סוכרת,סך הכול,11.2
שווייץ,2020,סוכרת,סך הכול,9.5
שווייץ,2021,סוכרת,סך הכול,10.1
שווייץ,2022,סוכרת,סך הכול,10.4
שווייץ,2023,סוכרת,סך הכול,10.6
שווייץ,2020,קורונה,גברים,115.4
שווייץ,2021,קורונה,גברים,71.7
שווייץ,2022,קורונה,גברים,48.9
שווייץ,2023,קורונה,גברים,16.2
שווייץ,2020,קורונה,נשים,65.9
שווייץ,2021,קורונה,נשים,42.6
שווייץ,2022,קורונה,נשים,28.1
שווייץ,2023,קורונה,נשים,8.9
שווייץ,2020,קורונה,סך הכול,86.4
שווייץ,2021,קורונה,סך הכול,55.1
שווייץ,2022,קורונה,סך הכול,36.6
שווייץ,2023,קורונה,סך הכול,11.9
שווייץ,2000,שפעת,גברים,5
שווייץ,2001,שפעת,גברים,0.4
שווייץ,2002,שפעת,גברים,0.9
שווייץ,2003,שפעת,גברים,0.8
שווייץ,2004,שפעת,גברים,0.8
שווייץ,2005,שפעת,גברים,1.5
שווייץ,2006,שפעת,גברים,0.1
שווייץ,2007,שפעת,גברים,0.4
שווייץ,2008,שפעת,גברים,0.3
שווייץ,2009,שפעת,גברים,0.7
שווייץ,2010,שפעת,גברים,0
שווייץ,2011,שפעת,גברים,0.1
שווייץ,2012,שפעת,גברים,0.3
שווייץ,2013,שפעת,גברים,0.6
שווייץ,2014,שפעת,גברים,0.5
שווייץ,2015,שפעת,גברים,2
שווייץ,2016,שפעת,גברים,1
שווייץ,2017,שפעת,גברים,2.7
שווייץ,2018,שפעת,גברים,3.4
שווייץ,2019,שפעת,גברים,2.4
שווייץ,2020,שפעת,גברים,1.4
שווייץ,2021,שפעת,גברים,0
שווייץ,2022,שפעת,גברים,1.2
שווייץ,2023,שפעת,גברים,2.1
שווייץ,2000,שפעת,נשים,3.8
שווייץ,2001,שפעת,נשים,0.5
שווייץ,2002,שפעת,נשים,1.2
שווייץ,2003,שפעת,נשים,1
שווייץ,2004,שפעת,נשים,1
שווייץ,2005,שפעת,נשים,1.8
שווייץ,2006,שפעת,נשים,0.1
שווייץ,2007,שפעת,נשים,0.5
שווייץ,2008,שפעת,נשים,0.1
שווייץ,2009,שפעת,נשים,0.9
שווייץ,2010,שפעת,נשים,0
שווייץ,2011,שפעת,נשים,0.2
שווייץ,2012,שפעת,נשים,0.4
שווייץ,2013,שפעת,נשים,0.6
שווייץ,2014,שפעת,נשים,0.4
שווייץ,2015,שפעת,נשים,2.3
שווייץ,2016,שפעת,נשים,0.8
שווייץ,2017,שפעת,נשים,1.9
שווייץ,2018,שפעת,נשים,2.8
שווייץ,2019,שפעת,נשים,2.1
שווייץ,2020,שפעת,נשים,1.3
שווייץ,2021,שפעת,נשים,0
שווייץ,2022,שפעת,נשים,1
שווייץ,2023,שפעת,נשים,1.9
שווייץ,2000,שפעת,סך הכול,4.2
שווייץ,2001,שפעת,סך הכול,0.5
שווייץ,2002,שפעת,סך הכול,1.1
שווייץ,2003,שפעת,סך הכול,0.9
שווייץ,2004,שפעת,סך הכול,0.9
שווייץ,2005,שפעת,סך הכול,1.7
שווייץ,2006,שפעת,סך הכול,0.1
שווייץ,2007,שפעת,סך הכול,0.5
שווייץ,2008,שפעת,סך הכול,0.2
שווייץ,2009,שפעת,סך הכול,0.8
שווייץ,2010,שפעת,סך הכול,0
שווייץ,2011,שפעת,סך הכול,0.2
שווייץ,2012,שפעת,סך הכול,0.4
שווייץ,2013,שפעת,סך הכול,0.6
שווייץ,2014,שפעת,סך הכול,0.4
שווייץ,2015,שפעת,סך הכול,2.3
שווייץ,2016,שפעת,סך הכול,0.9
שווייץ,2017,שפעת,סך הכול,2.2
שווייץ,2018,שפעת,סך הכול,3
שווייץ,2019,שפעת,סך הכול,2.2
שווייץ,2020,שפעת,סך הכול,1.3
שווייץ,2021,שפעת,סך הכול,0
שווייץ,2022,שפעת,סך הכול,1.1
שווייץ,2023,שפעת,סך הכול,2
שווייץ,2000,תאונות דרכים,גברים,14.1
שווייץ,2001,תאונות דרכים,גברים,12.5
שווייץ,2002,תאונות דרכים,גברים,10.7
שווייץ,2003,תאונות דרכים,גברים,12.2
שווייץ,2004,תאונות דרכים,גברים,11.6
שווייץ,2005,תאונות דרכים,גברים,8.6
שווייץ,2006,תאונות דרכים,גברים,8.6
שווייץ,2007,תאונות דרכים,גברים,9.1
שווייץ,2008,תאונות דרכים,גברים,8.5
שווייץ,2009,תאונות דרכים,גברים,8.3
שווייץ,2010,תאונות דרכים,גברים,7.3
שווייץ,2011,תאונות דרכים,גברים,6.9
שווייץ,2012,תאונות דרכים,גברים,6.6
שווייץ,2013,תאונות דרכים,גברים,6
שווייץ,2014,תאונות דרכים,גברים,5.3
שווייץ,2015,תאונות דרכים,גברים,5.7
שווייץ,2016,תאונות דרכים,גברים,4.8
שווייץ,2017,תאונות דרכים,גברים,5.3
שווייץ,2018,תאונות דרכים,גברים,5.4
שווייץ,2019,תאונות דרכים,גברים,4.2
שווייץ,2020,תאונות דרכים,גברים,4.4
שווייץ,2021,תאונות דרכים,גברים,4.2
שווייץ,2022,תאונות דרכים,גברים,4.5
שווייץ,2023,תאונות דרכים,גברים,4.2
שווייץ,2000,תאונות דרכים,נשים,4.3
שווייץ,2001,תאונות דרכים,נשים,3.5
שווייץ,2002,תאונות דרכים,נשים,3.3
שווייץ,2003,תאונות דרכים,נשים,3.8
שווייץ,2004,תאונות דרכים,נשים,3
שווייץ,2005,תאונות דרכים,נשים,2.4
שווייץ,2006,תאונות דרכים,נשים,2.5
שווייץ,2007,תאונות דרכים,נשים,2.2
שווייץ,2008,תאונות דרכים,נשים,2.1
שווייץ,2009,תאונות דרכים,נשים,2.1
שווייץ,2010,תאונות דרכים,נשים,1.9
שווייץ,2011,תאונות דרכים,נשים,1.9
שווייץ,2012,תאונות דרכים,נשים,2
שווייץ,2013,תאונות דרכים,נשים,2
שווייץ,2014,תאונות דרכים,נשים,1.7
שווייץ,2015,תאונות דרכים,נשים,1.5
שווייץ,2016,תאונות דרכים,נשים,1.5
שווייץ,2017,תאונות דרכים,נשים,1.5
שווייץ,2018,תאונות דרכים,נשים,1.8
שווייץ,2019,תאונות דרכים,נשים,0.9
שווייץ,2020,תאונות דרכים,נשים,1
שווייץ,2021,תאונות דרכים,נשים,1
שווייץ,2022,תאונות דרכים,נשים,1.3
שווייץ,2023,תאונות דרכים,נשים,1.3
שווייץ,2000,תאונות דרכים,סך הכול,8.9
שווייץ,2001,תאונות דרכים,סך הכול,7.7
שווייץ,2002,תאונות דרכים,סך הכול,6.9
שווייץ,2003,תאונות דרכים,סך הכול,7.9
שווייץ,2004,תאונות דרכים,סך הכול,7.1
שווייץ,2005,תאונות דרכים,סך הכול,5.4
שווייץ,2006,תאונות דרכים,סך הכול,5.4
שווייץ,2007,תאונות דרכים,סך הכול,5.5
שווייץ,2008,תאונות דרכים,סך הכול,5.2
שווייץ,2009,תאונות דרכים,סך הכול,5
שווייץ,2010,תאונות דרכים,סך הכול,4.5
שווייץ,2011,תאונות דרכים,סך הכול,4.2
שווייץ,2012,תאונות דרכים,סך הכול,4.2
שווייץ,2013,תאונות דרכים,סך הכול,3.9
שווייץ,2014,תאונות דרכים,סך הכול,3.4
שווייץ,2015,תאונות דרכים,סך הכול,3.5
שווייץ,2016,תאונות דרכים,סך הכול,3.1
שווייץ,2017,תאונות דרכים,סך הכול,3.4
שווייץ,2018,תאונות דרכים,סך הכול,3.5
שווייץ,2019,תאונות דרכים,סך הכול,2.5
שווייץ,2020,תאונות דרכים,סך הכול,2.6
שווייץ,2021,תאונות דרכים,סך הכול,2.5
שווייץ,2022,תאונות דרכים,סך הכול,2.9
שווייץ,2023,תאונות דרכים,סך הכול,2.7
שווייץ,2000,תקיפה,גברים,0.7
שווייץ,2001,תקיפה,גברים,1.4
שווייץ,2002,תקיפה,גברים,0.9
שווייץ,2003,תקיפה,גברים,0.6
שווייץ,2004,תקיפה,גברים,0.9
שווייץ,2005,תקיפה,גברים,0.9
שווייץ,2006,תקיפה,גברים,0.4
שווייץ,2007,תקיפה,גברים,0.6
שווייץ,2008,תקיפה,גברים,0.6
שווייץ,2009,תקיפה,גברים,0.7
שווייץ,2010,תקיפה,גברים,0.5
שווייץ,2011,תקיפה,גברים,0.5
שווייץ,2012,תקיפה,גברים,0.6
שווייץ,2013,תקיפה,גברים,0.4
שווייץ,2014,תקיפה,גברים,0.3
שווייץ,2015,תקיפה,גברים,0.6
שווייץ,2016,תקיפה,גברים,0.3
שווייץ,2017,תקיפה,גברים,0.4
שווייץ,2018,תקיפה,גברים,0.4
שווייץ,2019,תקיפה,גברים,0.4
שווייץ,2020,תקיפה,גברים,0.4
שווייץ,2021,תקיפה,גברים,0.3
שווייץ,2022,תקיפה,גברים,0.4
שווייץ,2023,תקיפה,גברים,0.5
שווייץ,2000,תקיפה,נשים,0.9
שווייץ,2001,תקיפה,נשים,0.9
שווייץ,2002,תקיפה,נשים,1.1
שווייץ,2003,תקיפה,נשים,0.7
שווייץ,2004,תקיפה,נשים,0.9
שווייץ,2005,תקיפה,נשים,0.9
שווייץ,2006,תקיפה,נשים,0.7
שווייץ,2007,תקיפה,נשים,0.6
שווייץ,2008,תקיפה,נשים,0.5
שווייץ,2009,תקיפה,נשים,0.7
שווייץ,2010,תקיפה,נשים,0.5
שווייץ,2011,תקיפה,נשים,0.6
שווייץ,2012,תקיפה,נשים,0.4
שווייץ,2013,תקיפה,נשים,0.6
שווייץ,2014,תקיפה,נשים,0.5
שווייץ,2015,תקיפה,נשים,0.5
שווייץ,2016,תקיפה,נשים,0.4
שווייץ,2017,תקיפה,נשים,0.3
שווייץ,2018,תקיפה,נשים,0.4
שווייץ,2019,תקיפה,נשים,0.4
שווייץ,2020,תקיפה,נשים,0.6
שווייץ,2021,תקיפה,נשים,0.4
שווייץ,2022,תקיפה,נשים,0.3
שווייץ,2023,תקיפה,נשים,0.4
שווייץ,2000,תקיפה,סך הכול,0.8
שווייץ,2001,תקיפה,סך הכול,1.1
שווייץ,2002,תקיפה,סך הכול,1
שווייץ,2003,תקיפה,סך הכול,0.7
שווייץ,2004,תקיפה,סך הכול,0.9
שווייץ,2005,תקיפה,סך הכול,0.9
שווייץ,2006,תקיפה,סך הכול,0.6
שווייץ,2007,תקיפה,סך הכול,0.6
שווייץ,2008,תקיפה,סך הכול,0.6
שווייץ,2009,תקיפה,סך הכול,0.7
שווייץ,2010,תקיפה,סך הכול,0.5
שווייץ,2011,תקיפה,סך הכול,0.5
שווייץ,2012,תקיפה,סך הכול,0.5
שווייץ,2013,תקיפה,סך הכול,0.5
שווייץ,2014,תקיפה,סך הכול,0.4
שווייץ,2015,תקיפה,סך הכול,0.6
שווייץ,2016,תקיפה,סך הכול,0.4
שווייץ,2017,תקיפה,סך הכול,0.3
שווייץ,2018,תקיפה,סך הכול,0.4
שווייץ,2019,תקיפה,סך הכול,0.4
שווייץ,2020,תקיפה,סך הכול,0.5
שווייץ,2021,תקיפה,סך הכול,0.4
שווייץ,2022,תקיפה,סך הכול,0.4
שווייץ,2023,תקיפה,סך הכול,0.5
